{"E1_agent0_norm": 2.5241241455078125, "E1_agent1_norm": 2.7691357135772705, "E1_agent2_norm": 2.9445648193359375, "E1_agent3_norm": 2.892091751098633, "E2_agent0_norm": 1.2074717283248901, "E2_agent1_norm": 2.6348955631256104, "E2_agent2_norm": 2.3140687942504883, "E2_agent3_norm": 2.559983491897583, "E3_agent0_norm": 1.2509973049163818, "E3_agent1_norm": 1.9981316328048706, "E3_agent2_norm": 2.3263099193573, "E3_agent3_norm": 2.556142568588257, "E4_agent0_norm": 1.103139877319336, "E4_agent1_norm": 1.9466354846954346, "E4_agent2_norm": 1.9690072536468506, "E4_agent3_norm": 2.2583372592926025, "E5_agent0_norm": 0.8363651633262634, "E5_agent1_norm": 1.5256738662719727, "E5_agent2_norm": 1.6213003396987915, "E5_agent3_norm": 1.8823779821395874, "E6_agent0_norm": 0.6767963171005249, "E6_agent1_norm": 1.2161059379577637, "E6_agent2_norm": 1.366007685661316, "E6_agent3_norm": 1.52439546585083, "E7_agent0_norm": 0.5534621477127075, "E7_agent1_norm": 1.0612397193908691, "E7_agent2_norm": 1.1189378499984741, "E7_agent3_norm": 1.1766034364700317, "E8_agent0_norm": 0.4462529718875885, "E8_agent1_norm": 0.8853178024291992, "E8_agent2_norm": 0.9059004187583923, "E8_agent3_norm": 0.9293279051780701, "E9_agent0_norm": 0.3695123493671417, "E9_agent1_norm": 0.7411789894104004, "E9_agent2_norm": 0.727786123752594, "E9_agent3_norm": 0.7719677686691284, "E10_agent0_norm": 0.3154219388961792, "E10_agent1_norm": 0.6374679803848267, "E10_agent2_norm": 0.6161385774612427, "E10_agent3_norm": 0.6489302515983582, "E11_agent0_norm": 0.25407591462135315, "E11_agent1_norm": 0.5257474780082703, "E11_agent2_norm": 0.5120573043823242, "E11_agent3_norm": 0.5713343620300293, "E12_agent0_norm": 0.22664275765419006, "E12_agent1_norm": 0.48284536600112915, "E12_agent2_norm": 0.4488539695739746, "E12_agent3_norm": 0.4520244300365448, "E13_agent0_norm": 0.1910693496465683, "E13_agent1_norm": 0.4093417227268219, "E13_agent2_norm": 0.39532312750816345, "E13_agent3_norm": 0.3870125710964203, "E14_agent0_norm": 0.16482269763946533, "E14_agent1_norm": 0.37573108077049255, "E14_agent2_norm": 0.35817012190818787, "E14_agent3_norm": 0.328965961933136, "E15_agent0_norm": 0.1406574696302414, "E15_agent1_norm": 0.3301696181297302, "E15_agent2_norm": 0.31484007835388184, "E15_agent3_norm": 0.2819812595844269, "E16_agent0_norm": 0.11761416494846344, "E16_agent1_norm": 0.27460020780563354, "E16_agent2_norm": 0.28476107120513916, "E16_agent3_norm": 0.2407291829586029, "E17_agent0_norm": 0.100672647356987, "E17_agent1_norm": 0.24204021692276, "E17_agent2_norm": 0.26913774013519287, "E17_agent3_norm": 0.21059735119342804, "E18_agent0_norm": 0.08009689301252365, "E18_agent1_norm": 0.1976788192987442, "E18_agent2_norm": 0.22712600231170654, "E18_agent3_norm": 0.17774611711502075, "E19_agent0_norm": 0.06040295213460922, "E19_agent1_norm": 0.14775224030017853, "E19_agent2_norm": 0.18861784040927887, "E19_agent3_norm": 0.15563838183879852, "E20_agent0_norm": 0.04594004154205322, "E20_agent1_norm": 0.11983596533536911, "E20_agent2_norm": 0.15229402482509613, "E20_agent3_norm": 0.10681021213531494, "E21_agent0_norm": 0.035067975521087646, "E21_agent1_norm": 0.09156109392642975, "E21_agent2_norm": 0.11557232588529587, "E21_agent3_norm": 0.0842999741435051, "E22_agent0_norm": 0.026841124519705772, "E22_agent1_norm": 0.07134385406970978, "E22_agent2_norm": 0.09163963794708252, "E22_agent3_norm": 0.0601029098033905, "E23_agent0_norm": 0.02057034522294998, "E23_agent1_norm": 0.054189931601285934, "E23_agent2_norm": 0.0673430785536766, "E23_agent3_norm": 0.046371299773454666, "E24_agent0_norm": 0.013949884101748466, "E24_agent1_norm": 0.03708919137716293, "E24_agent2_norm": 0.046293992549180984, "E24_agent3_norm": 0.03153402358293533, "E25_agent0_norm": 0.010208296589553356, "E25_agent1_norm": 0.027355937287211418, "E25_agent2_norm": 0.03536519780755043, "E25_agent3_norm": 0.021881015971302986, "E26_agent0_norm": 0.0069959284737706184, "E26_agent1_norm": 0.01913309097290039, "E26_agent2_norm": 0.025126729160547256, "E26_agent3_norm": 0.014749349094927311, "E27_agent0_norm": 0.005274331662803888, "E27_agent1_norm": 0.014026700519025326, "E27_agent2_norm": 0.01715364120900631, "E27_agent3_norm": 0.011770810931921005, "E28_agent0_norm": 0.0035748553927987814, "E28_agent1_norm": 0.009807365946471691, "E28_agent2_norm": 0.011918526142835617, "E28_agent3_norm": 0.007558806333690882, "E29_agent0_norm": 0.0024958092253655195, "E29_agent1_norm": 0.006952302064746618, "E29_agent2_norm": 0.008564363233745098, "E29_agent3_norm": 0.00537068210542202, "E30_agent0_norm": 0.0018158525926992297, "E30_agent1_norm": 0.004970523528754711, "E30_agent2_norm": 0.005745832808315754, "E30_agent3_norm": 0.004038392100483179, "E31_agent0_norm": 0.0012215620372444391, "E31_agent1_norm": 0.0033553591929376125, "E31_agent2_norm": 0.0041707358323037624, "E31_agent3_norm": 0.0027461103163659573, "E32_agent0_norm": 0.0008727117092348635, "E32_agent1_norm": 0.0023270922247320414, "E32_agent2_norm": 0.0030173812992870808, "E32_agent3_norm": 0.0019208757439628243, "E33_agent0_norm": 0.0006283537368290126, "E33_agent1_norm": 0.0016302821459248662, "E33_agent2_norm": 0.001992866164073348, "E33_agent3_norm": 0.0014136041281744838, "E34_agent0_norm": 0.00043307579471729696, "E34_agent1_norm": 0.0012197805335745215, "E34_agent2_norm": 0.0014233628753572702, "E34_agent3_norm": 0.0008974547381512821, "E35_agent0_norm": 0.0002998467243742198, "E35_agent1_norm": 0.0008052160264924169, "E35_agent2_norm": 0.0009812761563807726, "E35_agent3_norm": 0.0006661193328909576, "E36_agent0_norm": 0.00021000675042159855, "E36_agent1_norm": 0.0005857765208929777, "E36_agent2_norm": 0.0006995884468778968, "E36_agent3_norm": 0.00040765071753412485, "E37_agent0_norm": 0.00014103433932177722, "E37_agent1_norm": 0.0004014155128970742, "E37_agent2_norm": 0.0004993924521841109, "E37_agent3_norm": 0.00028800920699723065, "E38_agent0_norm": 9.968594531528652e-05, "E38_agent1_norm": 0.0002711247652769089, "E38_agent2_norm": 0.0003176796599291265, "E38_agent3_norm": 0.00021924554312136024, "E39_agent0_norm": 7.12517648935318e-05, "E39_agent1_norm": 0.00019937934121116996, "E39_agent2_norm": 0.00023696637072134763, "E39_agent3_norm": 0.00014833307068329304, "E40_agent0_norm": 4.996027928427793e-05, "E40_agent1_norm": 0.00013588029833044857, "E40_agent2_norm": 0.00016355034313164651, "E40_agent3_norm": 0.00010492865112610161, "E41_agent0_norm": 3.304140409454703e-05, "E41_agent1_norm": 9.251568553736433e-05, "E41_agent2_norm": 0.00011224573972867802, "E41_agent3_norm": 6.8973473389633e-05, "E42_agent0_norm": 2.530896927055437e-05, "E42_agent1_norm": 6.818451220169663e-05, "E42_agent2_norm": 8.174565300578251e-05, "E42_agent3_norm": 5.393181345425546e-05, "E43_agent0_norm": 1.7886886780615896e-05, "E43_agent1_norm": 4.9210397264687344e-05, "E43_agent2_norm": 5.759769192081876e-05, "E43_agent3_norm": 3.9058209949871525e-05, "E44_agent0_norm": 1.1761179848690517e-05, "E44_agent1_norm": 3.3046355383703485e-05, "E44_agent2_norm": 4.1193285142071545e-05, "E44_agent3_norm": 2.5538671252434142e-05, "E45_agent0_norm": 8.561047252442222e-06, "E45_agent1_norm": 2.33487462537596e-05, "E45_agent2_norm": 2.9510743843275122e-05, "E45_agent3_norm": 1.7850039512268268e-05, "E46_agent0_norm": 6.048299837857485e-06, "E46_agent1_norm": 1.6310959836118855e-05, "E46_agent2_norm": 2.0799414414796047e-05, "E46_agent3_norm": 1.3032821698288899e-05, "E47_agent0_norm": 3.862700850731926e-06, "E47_agent1_norm": 1.0414854841656052e-05, "E47_agent2_norm": 1.2886540389445145e-05, "E47_agent3_norm": 8.692149094713386e-06, "E48_agent0_norm": 2.8020933768857503e-06, "E48_agent1_norm": 7.129261121008312e-06, "E48_agent2_norm": 9.126785698754247e-06, "E48_agent3_norm": 6.283888524194481e-06, "E49_agent0_norm": 1.7373052969560376e-06, "E49_agent1_norm": 4.4371818148647435e-06, "E49_agent2_norm": 5.803569365525618e-06, "E49_agent3_norm": 4.267614713171497e-06, "E50_agent0_norm": 1.0806156751641538e-06,