{"E1_agent0_norm": 2.391667366027832, "E1_agent1_norm": 2.4208269119262695, "E1_agent2_norm": 2.52555251121521, "E2_agent0_norm": 4.65351676940918, "E2_agent1_norm": 1.8234676122665405, "E2_agent2_norm": 0.7997669577598572, "E3_agent0_norm": 0.6180945634841919, "E3_agent1_norm": 0.7684856653213501, "E3_agent2_norm": 0.725229024887085, "E4_agent0_norm": 0.6576956510543823, "E4_agent1_norm": 0.7868894934654236, "E4_agent2_norm": 0.612829864025116, "E5_agent0_norm": 0.6255794167518616, "E5_agent1_norm": 0.6111820340156555, "E5_agent2_norm": 0.7115656733512878, "E6_agent0_norm": 0.3923853933811188, "E6_agent1_norm": 0.35023069381713867, "E6_agent2_norm": 0.37658554315567017, "E7_agent0_norm": 0.5574496984481812, "E7_agent1_norm": 0.6088331937789917, "E7_agent2_norm": 0.5207568407058716, "E8_agent0_norm": 0.5552040338516235, "E8_agent1_norm": 0.5873626470565796, "E8_agent2_norm": 0.2651723623275757, "E9_agent0_norm": 0.6437459588050842, "E9_agent1_norm": 0.2116554081439972, "E9_agent2_norm": 0.214044451713562, "E10_agent0_norm": 0.3249896466732025, "E10_agent1_norm": 0.44450050592422485, "E10_agent2_norm": 0.5552008152008057, "E11_agent0_norm": 0.5205787420272827, "E11_agent1_norm": 0.43382954597473145, "E11_agent2_norm": 0.5475513935089111, "E12_agent0_norm": 0.2524169385433197, "E12_agent1_norm": 0.5418646335601807, "E12_agent2_norm": 0.12620115280151367, "E13_agent0_norm": 0.47390761971473694, "E13_agent1_norm": 0.5419402122497559, "E13_agent2_norm": 0.422779381275177, "E14_agent0_norm": 0.4564617872238159, "E14_agent1_norm": 0.5448552370071411, "E14_agent2_norm": 0.06202356517314911, "E15_agent0_norm": 0.4476392865180969, "E15_agent1_norm": 0.42443162202835083, "E15_agent2_norm": 0.5482425093650818, "E16_agent0_norm": 0.4427352845668793, "E16_agent1_norm": 0.5515367984771729, "E16_agent2_norm": 0.42657652497291565, "E17_agent0_norm": 0.4400714635848999, "E17_agent1_norm": 0.554756224155426, "E17_agent2_norm": 0.019745580852031708, "E18_agent0_norm": 0.43860846757888794, "E18_agent1_norm": 0.5566141605377197, "E18_agent2_norm": 0.4314238727092743, "E19_agent0_norm": 0.4380597174167633, "E19_agent1_norm": 0.5583850741386414, "E19_agent2_norm": 0.009900498203933239, "E20_agent0_norm": 0.4376264214515686, "E20_agent1_norm": 0.43382102251052856, "E20_agent2_norm": 0.5596575736999512, "E21_agent0_norm": 0.01512921042740345, "E21_agent1_norm": 0.4348582923412323, "E21_agent2_norm": 0.43484029173851013, "E22_agent0_norm": 0.563136637210846, "E22_agent1_norm": 0.0035145783331245184, "E22_agent2_norm": 0.003521503647789359, "E23_agent0_norm": 0.007566365879029036, "E23_agent1_norm": 0.4360000789165497, "E23_agent2_norm": 0.0024963163305073977, "E24_agent0_norm": 0.1094200387597084, "E24_agent1_norm": 0.4363580346107483, "E24_agent2_norm": 0.10912147909402847, "E25_agent0_norm": 0.003842503298074007, "E25_agent1_norm": 0.4366065263748169, "E25_agent2_norm": 0.0012847261969000101, "E26_agent0_norm": 0.4372433125972748, "E26_agent1_norm": 0.1093658059835434, "E26_agent2_norm": 0.0008750883280299604, "E27_agent0_norm": 0.10940294712781906, "E27_agent1_norm": 0.4369235932826996, "E27_agent2_norm": 0.4369255006313324, "E28_agent0_norm": 0.0013409112580120564, "E28_agent1_norm": 0.10937531292438507, "E28_agent2_norm": 0.00043973594438284636, "E29_agent0_norm": 0.437242716550827, "E29_agent1_norm": 0.43708285689353943, "E29_agent2_norm": 0.0003082567418459803, "E30_agent0_norm": 0.001972965896129608, "E30_agent1_norm": 0.0002203226467827335, "E30_agent2_norm": 0.00021578249288722873, "E31_agent0_norm": 0.43724218010902405, "E31_agent1_norm": 0.43716099858283997, "E31_agent2_norm": 0.0018699845531955361, "E32_agent0_norm": 0.00033402745611965656, "E32_agent1_norm": 0.437188982963562, "E32_agent2_norm": 0.4371834099292755, "E33_agent0_norm": 0.0018779551610350609, "E33_agent1_norm": 0.0006273353938013315, "E33_agent2_norm": 7.432861457346007e-05, "E34_agent0_norm": 0.0006449811044149101, "E34_agent1_norm": 0.10938982665538788, "E34_agent2_norm": 0.0018647067481651902, "E35_agent0_norm": 0.00012872242950834334, "E35_agent1_norm": 0.4372229278087616, "E35_agent2_norm": 0.43721887469291687, "E36_agent0_norm": 9.98706673271954e-05, "E36_agent1_norm": 0.10939104855060577, "E36_agent2_norm": 6.380993727361783e-05, "E37_agent0_norm": 0.10939233005046844, "E37_agent1_norm": 0.001863975659944117, "E37_agent2_norm": 1.8112483303411864e-05, "E38_agent0_norm": 0.0018644026713445783, "E38_agent1_norm": 1.2812153727281839e-05, "E38_agent2_norm": 0.0018640123307704926, "E39_agent0_norm": 0.10939232259988785, "E39_agent1_norm": 0.0018639429472386837, "E39_agent2_norm": 9.10416929400526e-06, "E40_agent0_norm": 0.10939232259988785, "E40_agent1_norm": 6.2783587964077014e-06, "E40_agent2_norm": 0.0021224927622824907, "E41_agent0_norm": 0.10939232259988785, "E41_agent1_norm": 0.00186396692879498, "E41_agent2_norm": 0.4372398555278778, "E42_agent0_norm": 0.43723759055137634, "E42_agent1_norm": 0.0018639761256054044, "E42_agent2_norm": 0.0021224268712103367, "E43_agent0_norm": 0.10939232259988785, "E43_agent1_norm": 0.0018639861373230815, "E43_agent2_norm": 2.5246454242733307e-06, "E44_agent0_norm": 0.11717657744884491, "E44_agent1_norm": 0.10939224809408188, "E44_agent2_norm": 0.11717643588781357, "E45_agent0_norm": 0.10939232259988785, "E45_agent1_norm": 0.0018639906775206327, "E45_agent2_norm": 1.7724223653203808e-06, "E46_agent0_norm": 0.11717657744884491, "E46_agent1_norm": 0.10939229279756546, "E46_agent2_norm": 0.0018639989430084825, "E47_agent0_norm": 0.11717657744884491, "E47_agent1_norm": 0.001863995217718184, "E47_agent2_norm": 1.4986713949838304e-06, "E48_agent0_norm": 0.11717657744884491, "E48_agent1_norm": 0.10939230769872665, "E48_agent2_norm": 0.11717656254768372, "E49_agent0_norm": 0.10939232259988785, "E49_agent1_norm": 0.11717657744884491, "E49_agent2_norm": 0.10939230769872665, "E50_agent0_norm": 0.11717657744884491, "E50_agent1_norm": 0.10939231514930725, "E50_agent2_norm": 0.0018639995250850916}