{"E1_agent0_norm": 2.339509963989258, "E1_agent1_norm": 2.3823349475860596, "E1_agent2_norm": 2.1825435161590576, "E2_agent0_norm": 1.3427069187164307, "E2_agent1_norm": Infinity, "E2_agent2_norm": 0.9138597249984741, "E3_agent0_norm": 0.9071173071861267, "E3_agent1_norm": 0.866989016532898, "E3_agent2_norm": 0.6536917090415955, "E4_agent0_norm": 0.8737305998802185, "E4_agent1_norm": Infinity, "E4_agent2_norm": 0.5550211071968079, "E5_agent0_norm": 0.6888259053230286, "E5_agent1_norm": 0.6551275253295898, "E5_agent2_norm": 0.4176158905029297, "E6_agent0_norm": 0.6600289940834045, "E6_agent1_norm": 0.5822679400444031, "E6_agent2_norm": 0.34015953540802, "E7_agent0_norm": 0.6371407508850098, "E7_agent1_norm": 0.5722092986106873, "E7_agent2_norm": 0.5459975004196167, "E8_agent0_norm": 0.6393201947212219, "E8_agent1_norm": 0.5341955423355103, "E8_agent2_norm": 0.24425028264522552, "E9_agent0_norm": 0.6280208826065063, "E9_agent1_norm": 0.5356490015983582, "E9_agent2_norm": 0.5128679871559143, "E10_agent0_norm": 0.32822495698928833, "E10_agent1_norm": 0.5272620320320129, "E10_agent2_norm": 0.5238713622093201, "E11_agent0_norm": 0.5814376473426819, "E11_agent1_norm": 0.14319896697998047, "E11_agent2_norm": 0.1461293250322342, "E12_agent0_norm": 0.582126259803772, "E12_agent1_norm": 0.5113615393638611, "E12_agent2_norm": 0.4893999397754669, "E13_agent0_norm": 0.1843908578157425, "E13_agent1_norm": 0.07814222574234009, "E13_agent2_norm": 0.07461339980363846, "E14_agent0_norm": 0.5526337623596191, "E14_agent1_norm": 0.5139080882072449, "E14_agent2_norm": 0.49111202359199524, "E15_agent0_norm": 0.10356958210468292, "E15_agent1_norm": 0.518774688243866, "E15_agent2_norm": 0.03402041643857956, "E16_agent0_norm": 0.5436334013938904, "E16_agent1_norm": 0.49916836619377136, "E16_agent2_norm": 0.5235258340835571, "E17_agent0_norm": 0.5418440103530884, "E17_agent1_norm": 0.5030799508094788, "E17_agent2_norm": 0.016611818224191666, "E18_agent0_norm": 0.5409030318260193, "E18_agent1_norm": 0.5308887958526611, "E18_agent2_norm": 0.5059677958488464, "E19_agent0_norm": 0.028976058587431908, "E19_agent1_norm": 0.5332999229431152, "E19_agent2_norm": 0.008526944555342197, "E20_agent0_norm": 0.5401791930198669, "E20_agent1_norm": 0.5091219544410706, "E20_agent2_norm": 0.005699355620890856, "E21_agent0_norm": 0.5400515198707581, "E21_agent1_norm": 0.5109277367591858, "E21_agent2_norm": 0.00410038186237216, "E22_agent0_norm": 0.5144846439361572, "E22_agent1_norm": 0.003087481716647744, "E22_agent2_norm": 0.0030849375762045383, "E23_agent0_norm": 0.5399413704872131, "E23_agent1_norm": 0.5379757881164551, "E23_agent2_norm": 0.5126392245292664, "E24_agent0_norm": 0.5399255752563477, "E24_agent1_norm": 0.5131142139434814, "E24_agent2_norm": 0.0015098432777449489, "E25_agent0_norm": 0.5399150848388672, "E25_agent1_norm": 0.5134978294372559, "E25_agent2_norm": 0.0010460695484653115, "E26_agent0_norm": 0.5399109721183777, "E26_agent1_norm": 0.5137646794319153, "E26_agent2_norm": 0.0007478338084183633, "E27_agent0_norm": 0.5399089455604553, "E27_agent1_norm": 0.513961672782898, "E27_agent2_norm": 0.0005139122949913144, "E28_agent0_norm": 0.5399077534675598, "E28_agent1_norm": 0.5140870809555054, "E28_agent2_norm": 0.00036431921762414277, "E29_agent0_norm": 0.0009306998690590262, "E29_agent1_norm": 0.5396761894226074, "E29_agent2_norm": 0.5141879320144653, "E30_agent0_norm": 0.0006635145400650799, "E30_agent1_norm": 0.5142462849617004, "E30_agent2_norm": 0.0001838110329117626, "E31_agent0_norm": 0.5399067997932434, "E31_agent1_norm": 0.539788544178009, "E31_agent2_norm": 0.5142989754676819, "E32_agent0_norm": 0.0003248446446377784, "E32_agent1_norm": 0.5398245453834534, "E32_agent2_norm": 0.5143300294876099, "E33_agent0_norm": 0.5399067401885986, "E33_agent1_norm": 0.5398491621017456, "E33_agent2_norm": 0.5143519043922424, "E34_agent0_norm": 0.5399067401885986, "E34_agent1_norm": 0.539867639541626, "E34_agent2_norm": 0.5143688917160034, "E35_agent0_norm": 0.000111552988528274, "E35_agent1_norm": 0.5143804550170898, "E35_agent2_norm": 3.0126393539831042e-05, "E36_agent0_norm": 0.5399066805839539, "E36_agent1_norm": 0.5143890976905823, "E36_agent2_norm": 2.1260308130877092e-05, "E37_agent0_norm": 5.490970579558052e-05, "E37_agent1_norm": 1.5327594155678526e-05, "E37_agent2_norm": 1.5249082025547978e-05, "E38_agent0_norm": 0.5399066805839539, "E38_agent1_norm": 0.5398973226547241, "E38_agent2_norm": 0.5143985748291016, "E39_agent0_norm": 0.00246798456646502, "E39_agent1_norm": 0.5399002432823181, "E39_agent2_norm": 0.0024678141344338655, "E40_agent0_norm": 1.887713369796984e-05, "E40_agent1_norm": 0.5399020314216614, "E40_agent2_norm": 0.5399020910263062, "E41_agent0_norm": 0.5144072771072388, "E41_agent1_norm": 0.0024677629116922617, "E41_agent2_norm": 0.539903461933136, "E42_agent0_norm": 0.5399066805839539, "E42_agent1_norm": 0.5144051313400269, "E42_agent2_norm": 0.002467828569933772, "E43_agent0_norm": 0.5399066805839539, "E43_agent1_norm": 0.0024678180925548077, "E43_agent2_norm": 0.5399050712585449, "E44_agent0_norm": 0.5399066805839539, "E44_agent1_norm": 0.5399056077003479, "E44_agent2_norm": 0.5144062042236328, "E45_agent0_norm": 0.002467833459377289, "E45_agent1_norm": 0.5399059653282166, "E45_agent2_norm": 0.0024678269401192665, "E46_agent0_norm": 0.5399066805839539, "E46_agent1_norm": 0.5399061441421509, "E46_agent2_norm": 0.5144067406654358, "E47_agent0_norm": 1.633946681067755e-06, "E47_agent1_norm": 0.5144069194793701, "E47_agent2_norm": 0.0006212616572156549, "E48_agent0_norm": 1.0588854593152064e-06, "E48_agent1_norm": 0.5144070386886597, "E48_agent2_norm": 0.5399064421653748, "E49_agent0_norm": 0.5399066805839539, "E49_agent1_norm": 0.5144071578979492, "E49_agent2_norm": 4.145821037582209e-07, "E50_agent0_norm": 0.5399066805839539, "E50_agent1_norm": 0.5399069786071777, "E50_agent2_norm": 0.514407217502594}