{"Agent0_Epoch1": 0.2942938208580017, "Agent1_Epoch1": 0.29209089279174805, "Agent2_Epoch1": 0.9854313135147095, "Agent0_Epoch2": 0.06082278490066528, "Agent1_Epoch2": 0.18452143669128418, "Agent2_Epoch2": 0.1903284788131714, "Agent0_Epoch3": 0.024366021156311035, "Agent1_Epoch3": 0.057992756366729736, "Agent2_Epoch3": 0.06128805875778198, "Agent0_Epoch4": 0.012016475200653076, "Agent1_Epoch4": 0.02180880308151245, "Agent2_Epoch4": 0.02272927761077881, "Agent0_Epoch5": 0.006723165512084961, "Agent1_Epoch5": 0.010061502456665039, "Agent2_Epoch5": 0.011203169822692871, "Agent0_Epoch6": 0.004616379737854004, "Agent1_Epoch6": 0.006068408489227295, "Agent2_Epoch6": 0.006142854690551758, "Agent0_Epoch7": 0.0034242868423461914, "Agent1_Epoch7": 0.004135727882385254, "Agent2_Epoch7": 0.004205882549285889, "Agent0_Epoch8": 0.002787768840789795, "Agent1_Epoch8": 0.0031839609146118164, "Agent2_Epoch8": 0.0031295418739318848, "Agent0_Epoch9": 0.0023617148399353027, "Agent1_Epoch9": 0.002599656581878662, "Agent2_Epoch9": 0.0025936365127563477, "Agent0_Epoch10": 0.0020537376403808594, "Agent1_Epoch10": 0.0022053122520446777, "Agent2_Epoch10": 0.002095818519592285, "Agent0_Epoch11": 0.0017303228378295898, "Agent1_Epoch11": 0.0018267035484313965, "Agent2_Epoch11": 0.0017942190170288086, "Agent0_Epoch12": 0.0013692378997802734, "Agent1_Epoch12": 0.0014284849166870117, "Agent2_Epoch12": 0.0014553070068359375, "Agent0_Epoch13": 0.001034557819366455, "Agent1_Epoch13": 0.0010699629783630371, "Agent2_Epoch13": 0.001054227352142334, "Agent0_Epoch14": 0.0007173418998718262, "Agent1_Epoch14": 0.0007369518280029297, "Agent2_Epoch14": 0.0007331371307373047, "Agent0_Epoch15": 0.0004742741584777832, "Agent1_Epoch15": 0.0004845261573791504, "Agent2_Epoch15": 0.0004902482032775879, "Agent0_Epoch16": 0.0003058910369873047, "Agent1_Epoch16": 0.00031119585037231445, "Agent2_Epoch16": 0.00031244754791259766, "Agent0_Epoch17": 0.0001900196075439453, "Agent1_Epoch17": 0.0001927018165588379, "Agent2_Epoch17": 0.00019592046737670898, "Agent0_Epoch18": 0.00011557340621948242, "Agent1_Epoch18": 0.0001169443130493164, "Agent2_Epoch18": 0.00011670589447021484, "Agent0_Epoch19": 6.884336471557617e-05, "Agent1_Epoch19": 6.949901580810547e-05, "Agent2_Epoch19": 6.842613220214844e-05, "Agent0_Epoch20": 4.011392593383789e-05, "Agent1_Epoch20": 4.0411949157714844e-05, "Agent2_Epoch20": 3.999471664428711e-05, "Agent0_Epoch21": 2.3126602172851562e-05, "Agent1_Epoch21": 2.3305416107177734e-05, "Agent2_Epoch21": 2.288818359375e-05, "Agent0_Epoch22": 1.3172626495361328e-05, "Agent1_Epoch22": 1.3113021850585938e-05, "Agent2_Epoch22": 1.2993812561035156e-05, "Agent0_Epoch23": 7.212162017822266e-06, "Agent1_Epoch23": 7.331371307373047e-06, "Agent2_Epoch23": 7.450580596923828e-06, "Agent0_Epoch24": 4.0531158447265625e-06, "Agent1_Epoch24": 4.112720489501953e-06, "Agent2_Epoch24": 4.0531158447265625e-06, "Agent0_Epoch25": 2.2649765014648438e-06, "Agent1_Epoch25": 2.1457672119140625e-06, "Agent2_Epoch25": 2.1457672119140625e-06, "Agent0_Epoch26": 1.1920928955078125e-06, "Agent1_Epoch26": 1.3113021850585938e-06, "Agent2_Epoch26": 1.3113021850585938e-06, "Agent0_Epoch27": 6.556510925292969e-07, "Agent1_Epoch27": 7.748603820800781e-07, "Agent2_Epoch27": 6.556510925292969e-07, "Agent0_Epoch28": 3.5762786865234375e-07, "Agent1_Epoch28": 4.76837158203125e-07, "Agent2_Epoch28": 2.980232238769531e-07, "Agent0_Epoch29": 1.7881393432617188e-07, "Agent1_Epoch29": 1.7881393432617188e-07, "Agent2_Epoch29": 1.7881393432617188e-07, "Agent0_Epoch30": 1.1920928955078125e-07, "Agent1_Epoch30": 1.1920928955078125e-07, "Agent2_Epoch30": 1.1920928955078125e-07, "Agent0_Epoch31": 1.1920928955078125e-07, "Agent1_Epoch31": 0.0, "Agent2_Epoch31": 0.0, "Agent0_Epoch32": 0.0, "Agent1_Epoch32": 0.0, "Agent2_Epoch32": 0.0, "Agent0_Epoch33": 0.0, "Agent1_Epoch33": -1.1920928955078125e-07, "Agent2_Epoch33": -1.1920928955078125e-07, "Agent0_Epoch34": -1.1920928955078125e-07, "Agent1_Epoch34": 0.0, "Agent2_Epoch34": 0.0, "Agent0_Epoch35": -1.1920928955078125e-07, "Agent1_Epoch35": 0.0, "Agent2_Epoch35": 0.0, "Agent0_Epoch36": 0.0, "Agent1_Epoch36": 0.0, "Agent2_Epoch36": 0.0, "Agent0_Epoch37": -1.1920928955078125e-07, "Agent1_Epoch37": -2.384185791015625e-07, "Agent2_Epoch37": -2.384185791015625e-07, "Agent0_Epoch38": -1.1920928955078125e-07, "Agent1_Epoch38": 0.0, "Agent2_Epoch38": 0.0, "Agent0_Epoch39": 0.0, "Agent1_Epoch39": -1.1920928955078125e-07, "Agent2_Epoch39": -1.1920928955078125e-07, "Agent0_Epoch40": -1.1920928955078125e-07, "Agent1_Epoch40": 0.0, "Agent2_Epoch40": -1.1920928955078125e-07, "Agent0_Epoch41": -1.1920928955078125e-07, "Agent1_Epoch41": 0.0, "Agent2_Epoch41": 0.0, "Agent0_Epoch42": 0.0, "Agent1_Epoch42": 0.0, "Agent2_Epoch42": 0.0, "Agent0_Epoch43": 0.0, "Agent1_Epoch43": 1.1920928955078125e-07, "Agent2_Epoch43": 1.1920928955078125e-07, "Agent0_Epoch44": -1.1920928955078125e-07, "Agent1_Epoch44": -1.1920928955078125e-07, "Agent2_Epoch44": -1.1920928955078125e-07, "Agent0_Epoch45": 0.0, "Agent1_Epoch45": 0.0, "Agent2_Epoch45": 0.0, "Agent0_Epoch46": -1.1920928955078125e-07, "Agent1_Epoch46": -1.1920928955078125e-07, "Agent2_Epoch46": -1.1920928955078125e-07, "Agent0_Epoch47": 0.0, "Agent1_Epoch47": -1.1920928955078125e-07, "Agent2_Epoch47": -1.1920928955078125e-07, "Agent0_Epoch48": 0.0, "Agent1_Epoch48": 1.1920928955078125e-07, "Agent2_Epoch48": 1.1920928955078125e-07, "Agent0_Epoch49": -1.1920928955078125e-07, "Agent1_Epoch49": 0.0, "Agent2_Epoch49": 0.0, "Agent0_Epoch50": 0.0, "Agent1_Epoch50": 0.0, "Agent2_Epoch50": 0.0}