{"Agent0_Epoch1": 0.29162847995758057, "Agent1_Epoch1": 0.2900170683860779, "Agent2_Epoch1": 0.9968170523643494, "Agent0_Epoch2": 0.06038856506347656, "Agent1_Epoch2": 0.1835915446281433, "Agent2_Epoch2": 0.1889030933380127, "Agent0_Epoch3": 0.023827731609344482, "Agent1_Epoch3": 0.0574679970741272, "Agent2_Epoch3": 0.059142351150512695, "Agent0_Epoch4": 0.01128607988357544, "Agent1_Epoch4": 0.020724952220916748, "Agent2_Epoch4": 0.02233731746673584, "Agent0_Epoch5": 0.006607174873352051, "Agent1_Epoch5": 0.009948968887329102, "Agent2_Epoch5": 0.01034611463546753, "Agent0_Epoch6": 0.004374563694000244, "Agent1_Epoch6": 0.0057700276374816895, "Agent2_Epoch6": 0.005807340145111084, "Agent0_Epoch7": 0.0033118724822998047, "Agent1_Epoch7": 0.004006624221801758, "Agent2_Epoch7": 0.004200935363769531, "Agent0_Epoch8": 0.0026918649673461914, "Agent1_Epoch8": 0.003076314926147461, "Agent2_Epoch8": 0.003106236457824707, "Agent0_Epoch9": 0.0022907257080078125, "Agent1_Epoch9": 0.002519845962524414, "Agent2_Epoch9": 0.0025052428245544434, "Agent0_Epoch10": 0.002003967761993408, "Agent1_Epoch10": 0.002148866653442383, "Agent2_Epoch10": 0.0021329522132873535, "Agent0_Epoch11": 0.001737058162689209, "Agent1_Epoch11": 0.0018308758735656738, "Agent2_Epoch11": 0.0018082261085510254, "Agent0_Epoch12": 0.0014737844467163086, "Agent1_Epoch12": 0.0015350580215454102, "Agent2_Epoch12": 0.0014696121215820312, "Agent0_Epoch13": 0.001128554344177246, "Agent1_Epoch13": 0.001165628433227539, "Agent2_Epoch13": 0.0011329054832458496, "Agent0_Epoch14": 0.0007994174957275391, "Agent1_Epoch14": 0.0008203983306884766, "Agent2_Epoch14": 0.0008159279823303223, "Agent0_Epoch15": 0.0005328059196472168, "Agent1_Epoch15": 0.0005439519882202148, "Agent2_Epoch15": 0.0005502700805664062, "Agent0_Epoch16": 0.0003382563591003418, "Agent1_Epoch16": 0.00034415721893310547, "Agent2_Epoch16": 0.00034624338150024414, "Agent0_Epoch17": 0.00020831823348999023, "Agent1_Epoch17": 0.00021082162857055664, "Agent2_Epoch17": 0.00020891427993774414, "Agent0_Epoch18": 0.0001251697540283203, "Agent1_Epoch18": 0.00012630224227905273, "Agent2_Epoch18": 0.0001264810562133789, "Agent0_Epoch19": 7.396936416625977e-05, "Agent1_Epoch19": 7.444620132446289e-05, "Agent2_Epoch19": 7.37905502319336e-05, "Agent0_Epoch20": 4.273653030395508e-05, "Agent1_Epoch20": 4.309415817260742e-05, "Agent2_Epoch20": 4.363059997558594e-05, "Agent0_Epoch21": 2.467632293701172e-05, "Agent1_Epoch21": 2.473592758178711e-05, "Agent2_Epoch21": 2.4557113647460938e-05, "Agent0_Epoch22": 1.3887882232666016e-05, "Agent1_Epoch22": 1.3947486877441406e-05, "Agent2_Epoch22": 1.4126300811767578e-05, "Agent0_Epoch23": 7.68899917602539e-06, "Agent1_Epoch23": 7.68899917602539e-06, "Agent2_Epoch23": 7.808208465576172e-06, "Agent0_Epoch24": 4.112720489501953e-06, "Agent1_Epoch24": 4.291534423828125e-06, "Agent2_Epoch24": 4.291534423828125e-06, "Agent0_Epoch25": 2.3245811462402344e-06, "Agent1_Epoch25": 2.3245811462402344e-06, "Agent2_Epoch25": 2.2649765014648438e-06, "Agent0_Epoch26": 1.3113021850585938e-06, "Agent1_Epoch26": 1.430511474609375e-06, "Agent2_Epoch26": 1.3113021850585938e-06, "Agent0_Epoch27": 5.364418029785156e-07, "Agent1_Epoch27": 5.364418029785156e-07, "Agent2_Epoch27": 6.556510925292969e-07, "Agent0_Epoch28": 3.5762786865234375e-07, "Agent1_Epoch28": 3.5762786865234375e-07, "Agent2_Epoch28": 3.5762786865234375e-07, "Agent0_Epoch29": 1.1920928955078125e-07, "Agent1_Epoch29": 1.7881393432617188e-07, "Agent2_Epoch29": 1.7881393432617188e-07, "Agent0_Epoch30": 0.0, "Agent1_Epoch30": 0.0, "Agent2_Epoch30": 1.7881393432617188e-07, "Agent0_Epoch31": 0.0, "Agent1_Epoch31": 0.0, "Agent2_Epoch31": 1.1920928955078125e-07, "Agent0_Epoch32": 0.0, "Agent1_Epoch32": 0.0, "Agent2_Epoch32": 0.0, "Agent0_Epoch33": -1.1920928955078125e-07, "Agent1_Epoch33": 0.0, "Agent2_Epoch33": 0.0, "Agent0_Epoch34": 0.0, "Agent1_Epoch34": 1.1920928955078125e-07, "Agent2_Epoch34": 0.0, "Agent0_Epoch35": -1.1920928955078125e-07, "Agent1_Epoch35": 0.0, "Agent2_Epoch35": 0.0, "Agent0_Epoch36": -1.1920928955078125e-07, "Agent1_Epoch36": 0.0, "Agent2_Epoch36": 0.0, "Agent0_Epoch37": -1.1920928955078125e-07, "Agent1_Epoch37": -1.1920928955078125e-07, "Agent2_Epoch37": -1.1920928955078125e-07, "Agent0_Epoch38": -1.1920928955078125e-07, "Agent1_Epoch38": 0.0, "Agent2_Epoch38": 0.0, "Agent0_Epoch39": 0.0, "Agent1_Epoch39": 0.0, "Agent2_Epoch39": 0.0, "Agent0_Epoch40": 1.1920928955078125e-07, "Agent1_Epoch40": 0.0, "Agent2_Epoch40": 0.0, "Agent0_Epoch41": -1.1920928955078125e-07, "Agent1_Epoch41": 0.0, "Agent2_Epoch41": 0.0, "Agent0_Epoch42": 0.0, "Agent1_Epoch42": 0.0, "Agent2_Epoch42": -1.1920928955078125e-07, "Agent0_Epoch43": 1.1920928955078125e-07, "Agent1_Epoch43": 0.0, "Agent2_Epoch43": -1.1920928955078125e-07, "Agent0_Epoch44": -1.1920928955078125e-07, "Agent1_Epoch44": 0.0, "Agent2_Epoch44": 0.0, "Agent0_Epoch45": -1.1920928955078125e-07, "Agent1_Epoch45": 0.0, "Agent2_Epoch45": 0.0, "Agent0_Epoch46": 0.0, "Agent1_Epoch46": 1.1920928955078125e-07, "Agent2_Epoch46": 1.1920928955078125e-07, "Agent0_Epoch47": -1.1920928955078125e-07, "Agent1_Epoch47": 0.0, "Agent2_Epoch47": 0.0, "Agent0_Epoch48": -1.1920928955078125e-07, "Agent1_Epoch48": 0.0, "Agent2_Epoch48": 0.0, "Agent0_Epoch49": 0.0, "Agent1_Epoch49": 0.0, "Agent2_Epoch49": 0.0, "Agent0_Epoch50": 0.0, "Agent1_Epoch50": 1.1920928955078125e-07, "Agent2_Epoch50": 1.1920928955078125e-07}