{"Agent0_Epoch1": 0.291750967502594, "Agent1_Epoch1": 0.2898138165473938, "Agent2_Epoch1": 0.9917750358581543, "Agent0_Epoch2": 0.05915570259094238, "Agent1_Epoch2": 0.1868332028388977, "Agent2_Epoch2": 0.19144946336746216, "Agent0_Epoch3": 0.023431599140167236, "Agent1_Epoch3": 0.057440340518951416, "Agent2_Epoch3": 0.057843923568725586, "Agent0_Epoch4": 0.011021256446838379, "Agent1_Epoch4": 0.020389974117279053, "Agent2_Epoch4": 0.021695494651794434, "Agent0_Epoch5": 0.006428837776184082, "Agent1_Epoch5": 0.009712576866149902, "Agent2_Epoch5": 0.010138988494873047, "Agent0_Epoch6": 0.004303276538848877, "Agent1_Epoch6": 0.005688071250915527, "Agent2_Epoch6": 0.005828440189361572, "Agent0_Epoch7": 0.0032173991203308105, "Agent1_Epoch7": 0.0038983821868896484, "Agent2_Epoch7": 0.0038295984268188477, "Agent0_Epoch8": 0.002602100372314453, "Agent1_Epoch8": 0.0029772520065307617, "Agent2_Epoch8": 0.002943098545074463, "Agent0_Epoch9": 0.002162158489227295, "Agent1_Epoch9": 0.00238192081451416, "Agent2_Epoch9": 0.0023952722549438477, "Agent0_Epoch10": 0.001878499984741211, "Agent1_Epoch10": 0.0020175576210021973, "Agent2_Epoch10": 0.0019104480743408203, "Agent0_Epoch11": 0.0016006231307983398, "Agent1_Epoch11": 0.0016895532608032227, "Agent2_Epoch11": 0.001635909080505371, "Agent0_Epoch12": 0.0012763738632202148, "Agent1_Epoch12": 0.0013310909271240234, "Agent2_Epoch12": 0.0013390183448791504, "Agent0_Epoch13": 0.0009496808052062988, "Agent1_Epoch13": 0.0009819865226745605, "Agent2_Epoch13": 0.0009628534317016602, "Agent0_Epoch14": 0.000662386417388916, "Agent1_Epoch14": 0.0006802678108215332, "Agent2_Epoch14": 0.0006695985794067383, "Agent0_Epoch15": 0.00043708086013793945, "Agent1_Epoch15": 0.0004463791847229004, "Agent2_Epoch15": 0.000444948673248291, "Agent0_Epoch16": 0.0002796649932861328, "Agent1_Epoch16": 0.00028449296951293945, "Agent2_Epoch16": 0.00027889013290405273, "Agent0_Epoch17": 0.00017249584197998047, "Agent1_Epoch17": 0.0001748800277709961, "Agent2_Epoch17": 0.0001760721206665039, "Agent0_Epoch18": 0.00010520219802856445, "Agent1_Epoch18": 0.00010633468627929688, "Agent2_Epoch18": 0.00010466575622558594, "Agent0_Epoch19": 6.264448165893555e-05, "Agent1_Epoch19": 6.29425048828125e-05, "Agent2_Epoch19": 6.145238876342773e-05, "Agent0_Epoch20": 3.647804260253906e-05, "Agent1_Epoch20": 3.6656856536865234e-05, "Agent2_Epoch20": 3.594160079956055e-05, "Agent0_Epoch21": 2.104043960571289e-05, "Agent1_Epoch21": 2.09808349609375e-05, "Agent2_Epoch21": 2.086162567138672e-05, "Agent0_Epoch22": 1.1920928955078125e-05, "Agent1_Epoch22": 1.1920928955078125e-05, "Agent2_Epoch22": 1.1801719665527344e-05, "Agent0_Epoch23": 6.67572021484375e-06, "Agent1_Epoch23": 6.794929504394531e-06, "Agent2_Epoch23": 6.616115570068359e-06, "Agent0_Epoch24": 3.874301910400391e-06, "Agent1_Epoch24": 3.814697265625e-06, "Agent2_Epoch24": 3.814697265625e-06, "Agent0_Epoch25": 2.0265579223632812e-06, "Agent1_Epoch25": 2.0265579223632812e-06, "Agent2_Epoch25": 1.9669532775878906e-06, "Agent0_Epoch26": 1.1324882507324219e-06, "Agent1_Epoch26": 1.1324882507324219e-06, "Agent2_Epoch26": 1.0132789611816406e-06, "Agent0_Epoch27": 6.556510925292969e-07, "Agent1_Epoch27": 6.556510925292969e-07, "Agent2_Epoch27": 6.556510925292969e-07, "Agent0_Epoch28": 3.5762786865234375e-07, "Agent1_Epoch28": 2.980232238769531e-07, "Agent2_Epoch28": 1.7881393432617188e-07, "Agent0_Epoch29": 1.1920928955078125e-07, "Agent1_Epoch29": 1.1920928955078125e-07, "Agent2_Epoch29": 1.7881393432617188e-07, "Agent0_Epoch30": 1.1920928955078125e-07, "Agent1_Epoch30": 1.1920928955078125e-07, "Agent2_Epoch30": 1.7881393432617188e-07, "Agent0_Epoch31": 0.0, "Agent1_Epoch31": -1.1920928955078125e-07, "Agent2_Epoch31": 0.0, "Agent0_Epoch32": 0.0, "Agent1_Epoch32": 1.1920928955078125e-07, "Agent2_Epoch32": 1.1920928955078125e-07, "Agent0_Epoch33": 1.1920928955078125e-07, "Agent1_Epoch33": 0.0, "Agent2_Epoch33": -1.1920928955078125e-07, "Agent0_Epoch34": -1.1920928955078125e-07, "Agent1_Epoch34": 0.0, "Agent2_Epoch34": 0.0, "Agent0_Epoch35": -1.1920928955078125e-07, "Agent1_Epoch35": 0.0, "Agent2_Epoch35": 0.0, "Agent0_Epoch36": 0.0, "Agent1_Epoch36": 0.0, "Agent2_Epoch36": 1.1920928955078125e-07, "Agent0_Epoch37": 0.0, "Agent1_Epoch37": 0.0, "Agent2_Epoch37": 1.1920928955078125e-07, "Agent0_Epoch38": 0.0, "Agent1_Epoch38": 0.0, "Agent2_Epoch38": 0.0, "Agent0_Epoch39": 0.0, "Agent1_Epoch39": -1.1920928955078125e-07, "Agent2_Epoch39": -1.1920928955078125e-07, "Agent0_Epoch40": 0.0, "Agent1_Epoch40": 0.0, "Agent2_Epoch40": 0.0, "Agent0_Epoch41": 0.0, "Agent1_Epoch41": 0.0, "Agent2_Epoch41": 0.0, "Agent0_Epoch42": -1.1920928955078125e-07, "Agent1_Epoch42": 0.0, "Agent2_Epoch42": 0.0, "Agent0_Epoch43": 1.1920928955078125e-07, "Agent1_Epoch43": 1.1920928955078125e-07, "Agent2_Epoch43": 1.1920928955078125e-07, "Agent0_Epoch44": -1.1920928955078125e-07, "Agent1_Epoch44": 0.0, "Agent2_Epoch44": 1.1920928955078125e-07, "Agent0_Epoch45": 0.0, "Agent1_Epoch45": -1.1920928955078125e-07, "Agent2_Epoch45": -1.1920928955078125e-07, "Agent0_Epoch46": 0.0, "Agent1_Epoch46": -1.1920928955078125e-07, "Agent2_Epoch46": -1.1920928955078125e-07, "Agent0_Epoch47": 0.0, "Agent1_Epoch47": 0.0, "Agent2_Epoch47": -1.1920928955078125e-07, "Agent0_Epoch48": 0.0, "Agent1_Epoch48": -1.1920928955078125e-07, "Agent2_Epoch48": -1.1920928955078125e-07, "Agent0_Epoch49": 1.1920928955078125e-07, "Agent1_Epoch49": 1.1920928955078125e-07, "Agent2_Epoch49": 1.1920928955078125e-07, "Agent0_Epoch50": 0.0, "Agent1_Epoch50": 1.1920928955078125e-07, "Agent2_Epoch50": 1.1920928955078125e-07}