{"E1_agent0_norm": 2.2405312061309814, "E1_agent1_norm": 5.170953273773193, "E1_agent2_norm": 2.2840614318847656, "E2_agent0_norm": 0.6994298100471497, "E2_agent1_norm": 1.1648163795471191, "E2_agent2_norm": 1.10207200050354, "E3_agent0_norm": 0.8104009628295898, "E3_agent1_norm": 0.774367094039917, "E3_agent2_norm": 0.7662777900695801, "E4_agent0_norm": 0.5797321200370789, "E4_agent1_norm": 4.55936336517334, "E4_agent2_norm": 0.6484933495521545, "E5_agent0_norm": 4.6074137687683105, "E5_agent1_norm": 0.49410367012023926, "E5_agent2_norm": 0.46329885721206665, "E6_agent0_norm": 0.43954581022262573, "E6_agent1_norm": 4.511863708496094, "E6_agent2_norm": 0.34207218885421753, "E7_agent0_norm": 0.3773903548717499, "E7_agent1_norm": Infinity, "E7_agent2_norm": 0.2804858684539795, "E8_agent0_norm": 0.3851050138473511, "E8_agent1_norm": Infinity, "E8_agent2_norm": 0.24443617463111877, "E9_agent0_norm": 0.36931613087654114, "E9_agent1_norm": 0.21709010004997253, "E9_agent2_norm": 0.2091647833585739, "E10_agent0_norm": 0.3504127562046051, "E10_agent1_norm": Infinity, "E10_agent2_norm": 0.18160592019557953, "E11_agent0_norm": 0.32132312655448914, "E11_agent1_norm": 0.15197768807411194, "E11_agent2_norm": Infinity, "E12_agent0_norm": 0.26217129826545715, "E12_agent1_norm": 0.11865196377038956, "E12_agent2_norm": 0.1187598779797554, "E13_agent0_norm": Infinity, "E13_agent1_norm": Infinity, "E13_agent2_norm": 0.07954751700162888, "E14_agent0_norm": Infinity, "E14_agent1_norm": 0.05559893324971199, "E14_agent2_norm": 0.05692971497774124, "E15_agent0_norm": 0.1058117151260376, "E15_agent1_norm": 0.038630302995443344, "E15_agent2_norm": 0.03892778977751732, "E16_agent0_norm": 0.07639700919389725, "E16_agent1_norm": Infinity, "E16_agent2_norm": 0.028179960325360298, "E17_agent0_norm": Infinity, "E17_agent1_norm": 0.019242897629737854, "E17_agent2_norm": 0.01987701654434204, "E18_agent0_norm": 0.04053177312016487, "E18_agent1_norm": 4.5712056159973145, "E18_agent2_norm": 0.013799781911075115, "E19_agent0_norm": 0.02859089896082878, "E19_agent1_norm": 0.009301587007939816, "E19_agent2_norm": 0.009294979274272919, "E20_agent0_norm": 0.020804336294531822, "E20_agent1_norm": 0.007505031768232584, "E20_agent2_norm": 4.5774970054626465, "E21_agent0_norm": 0.015124162659049034, "E21_agent1_norm": 0.0044487640261650085, "E21_agent2_norm": 0.004485160578042269, "E22_agent0_norm": 4.584996223449707, "E22_agent1_norm": 0.01235143095254898, "E22_agent2_norm": 0.012146903201937675, "E23_agent0_norm": 0.00782153569161892, "E23_agent1_norm": 0.012498151510953903, "E23_agent2_norm": 0.0022944475058466196, "E24_agent0_norm": 0.01465819776058197, "E24_agent1_norm": 0.0063814581371843815, "E24_agent2_norm": 0.006090765818953514, "E25_agent0_norm": 0.014302151277661324, "E25_agent1_norm": Infinity, "E25_agent2_norm": 0.0062118335627019405, "E26_agent0_norm": Infinity, "E26_agent1_norm": 4.584042549133301, "E26_agent2_norm": 0.006370981689542532, "E27_agent0_norm": 4.584989547729492, "E27_agent1_norm": 0.006689392030239105, "E27_agent2_norm": 0.006526116747409105, "E28_agent0_norm": 0.013976274989545345, "E28_agent1_norm": 0.006670057307928801, "E28_agent2_norm": 0.013548295944929123, "E29_agent0_norm": 4.584989070892334, "E29_agent1_norm": 0.013668197207152843, "E29_agent2_norm": 0.006760249380022287, "E30_agent0_norm": 4.584989070892334, "E30_agent1_norm": 0.013754325918853283, "E30_agent2_norm": 0.013742264360189438, "E31_agent0_norm": 0.007048807106912136, "E31_agent1_norm": 0.0001376033469568938, "E31_agent2_norm": 0.00013768520148005337, "E32_agent0_norm": 0.01393754780292511, "E32_agent1_norm": 0.013845250010490417, "E32_agent2_norm": 0.007099613081663847, "E33_agent0_norm": 0.0070414007641375065, "E33_agent1_norm": 0.0071323225274682045, "E33_agent2_norm": 0.006965647917240858, "E34_agent0_norm": 0.00719810975715518, "E34_agent1_norm": 4.584933280944824, "E34_agent2_norm": 0.007148273754864931, "E35_agent0_norm": 0.01393553800880909, "E35_agent1_norm": 0.01389859989285469, "E35_agent2_norm": 0.007002263329923153, "E36_agent0_norm": 4.584989070892334, "E36_agent1_norm": 0.013912404887378216, "E36_agent2_norm": 0.013910936191678047, "E37_agent0_norm": 0.007197181694209576, "E37_agent1_norm": 0.0070219519548118114, "E37_agent2_norm": 0.007179622072726488, "E38_agent0_norm": 4.584989070892334, "E38_agent1_norm": 1.1773028745665215e-05, "E38_agent2_norm": 1.1806510883616284e-05, "E39_agent0_norm": 4.584989070892334, "E39_agent1_norm": 0.01392729114741087, "E39_agent2_norm": 8.043366506171878e-06, "E40_agent0_norm": 4.584989070892334, "E40_agent1_norm": 0.013929732143878937, "E40_agent2_norm": 5.738586878578644e-06, "E41_agent0_norm": 0.013935262337327003, "E41_agent1_norm": 4.10605525758001e-06, "E41_agent2_norm": 4.096523298358079e-06, "E42_agent0_norm": 0.013935260474681854, "E42_agent1_norm": 2.953832563434844e-06, "E42_agent2_norm": 2.9533614451793255e-06, "E43_agent0_norm": 4.584989070892334, "E43_agent1_norm": 2.119440750902868e-06, "E43_agent2_norm": 2.1149687654542504e-06, "E44_agent0_norm": 4.584989070892334, "E44_agent1_norm": 0.013933928683400154, "E44_agent2_norm": 1.5332403791035176e-06, "E45_agent0_norm": 3.3624776278884383e-06, "E45_agent1_norm": 1.2077638302798732e-06, "E45_agent2_norm": 0.01393427699804306, "E46_agent0_norm": 2.4262815259135095e-06, "E46_agent1_norm": 9.574728210282046e-07, "E46_agent2_norm": 9.650572110331268e-07, "E47_agent0_norm": 4.584989070892334, "E47_agent1_norm": 7.250096700772701e-07, "E47_agent2_norm": 7.250573048622755e-07, "E48_agent0_norm": 4.584989070892334, "E48_agent1_norm": 4.934114485877217e-07, "E48_agent2_norm": 4.936188702231448e-07, "E49_agent0_norm": 4.584989070892334, "E49_agent1_norm": 3.44351491321504e-07, "E49_agent2_norm": 3.4454421893315157e-07, "E50_agent0_norm": 4.584989070892334, "E50_agent1_norm": 2.0634334418900835e-07, "E50_agent2_norm": 2.0625363106319128e-07}