{"E1_agent0_norm": 2.2460238933563232, "E1_agent1_norm": 2.418973445892334, "E1_agent2_norm": 2.254621744155884, "E2_agent0_norm": 0.7401211857795715, "E2_agent1_norm": 1.1673346757888794, "E2_agent2_norm": 1.1111046075820923, "E3_agent0_norm": 0.7531040906906128, "E3_agent1_norm": 0.7230987548828125, "E3_agent2_norm": 0.8189482688903809, "E4_agent0_norm": 0.5590739846229553, "E4_agent1_norm": 0.6367779970169067, "E4_agent2_norm": 0.6719182133674622, "E5_agent0_norm": 0.44613754749298096, "E5_agent1_norm": 0.46769019961357117, "E5_agent2_norm": 0.4765591621398926, "E6_agent0_norm": 0.34884148836135864, "E6_agent1_norm": 0.3543950021266937, "E6_agent2_norm": 0.36250653862953186, "E7_agent0_norm": 0.32327136397361755, "E7_agent1_norm": 0.2936854958534241, "E7_agent2_norm": 0.29797279834747314, "E8_agent0_norm": 0.31409144401550293, "E8_agent1_norm": 0.2556857466697693, "E8_agent2_norm": 0.25590023398399353, "E9_agent0_norm": 0.29971837997436523, "E9_agent1_norm": 0.21547828614711761, "E9_agent2_norm": 0.20552943646907806, "E10_agent0_norm": 0.28800535202026367, "E10_agent1_norm": 0.19838394224643707, "E10_agent2_norm": 0.1836540848016739, "E11_agent0_norm": 0.26466262340545654, "E11_agent1_norm": 0.16598574817180634, "E11_agent2_norm": 0.15620064735412598, "E12_agent0_norm": 0.22330884635448456, "E12_agent1_norm": 0.12577608227729797, "E12_agent2_norm": 0.12998948991298676, "E13_agent0_norm": 0.16868488490581512, "E13_agent1_norm": 0.09045334160327911, "E13_agent2_norm": 0.09628384560346603, "E14_agent0_norm": 0.1303429901599884, "E14_agent1_norm": 0.06085260584950447, "E14_agent2_norm": 0.061872974038124084, "E15_agent0_norm": 0.1051231324672699, "E15_agent1_norm": 0.044436775147914886, "E15_agent2_norm": 0.043759383261203766, "E16_agent0_norm": 0.07292518019676208, "E16_agent1_norm": 0.053155649453401566, "E16_agent2_norm": 0.031119046732783318, "E17_agent0_norm": 0.05344902724027634, "E17_agent1_norm": 0.04894613102078438, "E17_agent2_norm": 0.021425336599349976, "E18_agent0_norm": 0.05913284048438072, "E18_agent1_norm": 0.015439511276781559, "E18_agent2_norm": 0.046815838664770126, "E19_agent0_norm": 0.026925282552838326, "E19_agent1_norm": 0.016569070518016815, "E19_agent2_norm": 0.010830944404006004, "E20_agent0_norm": 0.023432496935129166, "E20_agent1_norm": 0.045455995947122574, "E20_agent2_norm": 0.0076370518654584885, "E21_agent0_norm": 0.019337154924869537, "E21_agent1_norm": 0.005463371053338051, "E21_agent2_norm": 0.005454475991427898, "E22_agent0_norm": 0.016544034704566002, "E22_agent1_norm": 0.04546307399868965, "E22_agent2_norm": 0.003937880042940378, "E23_agent0_norm": 0.015100998803973198, "E23_agent1_norm": 0.002732276450842619, "E23_agent2_norm": 0.013376794755458832, "E24_agent0_norm": 0.005066944286227226, "E24_agent1_norm": 0.013287976384162903, "E24_agent2_norm": 0.0019155837362632155, "E25_agent0_norm": 0.013793067075312138, "E25_agent1_norm": 0.045589372515678406, "E25_agent2_norm": 0.0013498816406354308, "E26_agent0_norm": 0.013556159101426601, "E26_agent1_norm": 0.0009704356198199093, "E26_agent2_norm": 0.013274654746055603, "E27_agent0_norm": 0.0017467434518039227, "E27_agent1_norm": 0.01327542308717966, "E27_agent2_norm": 0.0006691775633953512, "E28_agent0_norm": 0.013377990573644638, "E28_agent1_norm": 0.045672524720430374, "E28_agent2_norm": 0.000476983783300966, "E29_agent0_norm": 0.013349656946957111, "E29_agent1_norm": 0.0003526149084791541, "E29_agent2_norm": 0.013296232558786869, "E30_agent0_norm": 0.04572867229580879, "E30_agent1_norm": 0.0002599795407149941, "E30_agent2_norm": 0.00023580359993502498, "E31_agent0_norm": 0.003928092308342457, "E31_agent1_norm": 0.0008291021804325283, "E31_agent2_norm": Infinity, "E32_agent0_norm": 0.003838327480480075, "E32_agent1_norm": Infinity, "E32_agent2_norm": 0.003825769294053316, "E33_agent0_norm": 0.0002083088766084984, "E33_agent1_norm": 0.003825868247076869, "E33_agent2_norm": 7.821613689884543e-05, "E34_agent0_norm": 0.0038316247519105673, "E34_agent1_norm": 0.0008487722952850163, "E34_agent2_norm": 0.0038265609182417393, "E35_agent0_norm": 0.0001600898540345952, "E35_agent1_norm": 0.00023455954215023667, "E35_agent2_norm": 0.00017155532259494066, "E36_agent0_norm": 0.003830081783235073, "E36_agent1_norm": 0.00011696432193275541, "E36_agent2_norm": 0.00024016307725105435, "E37_agent0_norm": 0.0038298480212688446, "E37_agent1_norm": 0.00024428311735391617, "E37_agent2_norm": 0.003828352317214012, "E38_agent0_norm": 0.000259336520684883, "E38_agent1_norm": 0.00382863637059927, "E38_agent2_norm": 0.0002481112605892122, "E39_agent0_norm": 0.0038297087885439396, "E39_agent1_norm": 0.00025058878236450255, "E39_agent2_norm": 0.0038289339281618595, "E40_agent0_norm": 0.00013179310190025717, "E40_agent1_norm": 0.00025261082919314504, "E40_agent2_norm": 0.00018705622642301023, "E41_agent0_norm": 0.0038296720013022423, "E41_agent1_norm": 0.00012754662020597607, "E41_agent2_norm": 0.0002542583679314703, "E42_agent0_norm": 0.0038296664133667946, "E42_agent1_norm": 0.0002552331716287881, "E42_agent2_norm": 0.003829415887594223, "E43_agent0_norm": 0.00013119423238094896, "E43_agent1_norm": 0.00025599764194339514, "E43_agent2_norm": 0.00019033033458981663, "E44_agent0_norm": 0.003829662688076496, "E44_agent1_norm": 0.00012976027210243046, "E44_agent2_norm": 0.0001909321144921705, "E45_agent0_norm": 0.003829661989584565, "E45_agent1_norm": 0.0001302324963035062, "E45_agent2_norm": 0.0002570559154264629, "E46_agent0_norm": 0.003829661989584565, "E46_agent1_norm": 0.0002572831872384995, "E46_agent2_norm": 0.003829600289463997, "E47_agent0_norm": 0.00025790417566895485, "E47_agent1_norm": 0.0038296214770525694, "E47_agent2_norm": 0.0002575106336735189, "E48_agent0_norm": 0.0038296617567539215, "E48_agent1_norm": 0.00013087868865113705, "E48_agent2_norm": 0.0002576740807853639, "E49_agent0_norm": 0.0038296617567539215, "E49_agent1_norm": 0.00025776890106499195, "E49_agent2_norm": 0.003829649416729808, "E50_agent0_norm": 0.00013111814041621983, "E50_agent1_norm": 0.0002578409621492028, "E50_agent2_norm": 0.00019219869864173234}