{"E1_agent0_norm": 2.64394211769104, "E1_agent1_norm": 2.4798741340637207, "E1_agent2_norm": 2.6905574798583984, "E2_agent0_norm": 1.63516104221344, "E2_agent1_norm": 1.7528932094573975, "E2_agent2_norm": 0.837182343006134, "E3_agent0_norm": 1.6603710651397705, "E3_agent1_norm": 1.698401927947998, "E3_agent2_norm": 0.8610331416130066, "E4_agent0_norm": 1.6287696361541748, "E4_agent1_norm": 0.7789425253868103, "E4_agent2_norm": 1.5951907634735107, "E5_agent0_norm": 1.609442949295044, "E5_agent1_norm": 0.6741244196891785, "E5_agent2_norm": 0.4204390347003937, "E6_agent0_norm": 1.590937852859497, "E6_agent1_norm": 1.5324958562850952, "E6_agent2_norm": 0.32200565934181213, "E7_agent0_norm": 1.5853526592254639, "E7_agent1_norm": 1.5199482440948486, "E7_agent2_norm": 0.2534466087818146, "E8_agent0_norm": 1.5822036266326904, "E8_agent1_norm": 1.510925531387329, "E8_agent2_norm": 0.5555898547172546, "E9_agent0_norm": 0.3412860333919525, "E9_agent1_norm": 0.18318812549114227, "E9_agent2_norm": 0.17789483070373535, "E10_agent0_norm": 1.5744861364364624, "E10_agent1_norm": 0.5385150909423828, "E10_agent2_norm": 0.15040437877178192, "E11_agent0_norm": 1.5701344013214111, "E11_agent1_norm": 0.12604489922523499, "E11_agent2_norm": 0.1249198466539383, "E12_agent0_norm": 1.5645781755447388, "E12_agent1_norm": 0.1037444993853569, "E12_agent2_norm": 1.5055410861968994, "E13_agent0_norm": 0.18007835745811462, "E13_agent1_norm": 1.515170931816101, "E13_agent2_norm": 0.07338397204875946, "E14_agent0_norm": 1.5573830604553223, "E14_agent1_norm": 0.052966684103012085, "E14_agent2_norm": 0.053171951323747635, "E15_agent0_norm": 1.555849552154541, "E15_agent1_norm": 0.03818872570991516, "E15_agent2_norm": 1.5299181938171387, "E16_agent0_norm": 0.07519786059856415, "E16_agent1_norm": 0.027672341093420982, "E16_agent2_norm": 0.027509938925504684, "E17_agent0_norm": 1.5545459985733032, "E17_agent1_norm": 0.019612101837992668, "E17_agent2_norm": 0.01992947980761528, "E18_agent0_norm": 1.5542763471603394, "E18_agent1_norm": 0.013692018575966358, "E18_agent2_norm": 0.013805350288748741, "E19_agent0_norm": 0.028562530875205994, "E19_agent1_norm": 0.010135066695511341, "E19_agent2_norm": 0.010116423480212688, "E20_agent0_norm": 0.02088453248143196, "E20_agent1_norm": 0.007151660975068808, "E20_agent2_norm": 0.007181157823652029, "E21_agent0_norm": 0.014551632106304169, "E21_agent1_norm": 0.004955823998898268, "E21_agent2_norm": 0.005006467457860708, "E22_agent0_norm": 1.554054617881775, "E22_agent1_norm": 0.0035114476922899485, "E22_agent2_norm": 0.003513603238388896, "E23_agent0_norm": 1.5540471076965332, "E23_agent1_norm": 0.002513509476557374, "E23_agent2_norm": 0.0025143970269709826, "E24_agent0_norm": 1.5540423393249512, "E24_agent1_norm": 0.001741801737807691, "E24_agent2_norm": 0.0017512900521978736, "E25_agent0_norm": 0.0036955017130821943, "E25_agent1_norm": 0.001224165316671133, "E25_agent2_norm": 0.0012241506483405828, "E26_agent0_norm": 0.0026902619283646345, "E26_agent1_norm": 0.0008829451398923993, "E26_agent2_norm": 0.00088271196000278, "E27_agent0_norm": 0.0018630311824381351, "E27_agent1_norm": 0.0006040000589564443, "E27_agent2_norm": 0.0006142564816400409, "E28_agent0_norm": 0.0012853369116783142, "E28_agent1_norm": 0.0004540100635495037, "E28_agent2_norm": 0.00042761568329297006, "E29_agent0_norm": 0.0009277437347918749, "E29_agent1_norm": 0.00030289433198049664, "E29_agent2_norm": 0.00031353114172816277, "E30_agent0_norm": 1.5540380477905273, "E30_agent1_norm": 0.00022686782176606357, "E30_agent2_norm": 0.00020940994727425277, "E31_agent0_norm": 0.00046923919580876827, "E31_agent1_norm": 0.00017496060172561556, "E31_agent2_norm": 0.00015153962885960937, "E32_agent0_norm": 0.0003292242472525686, "E32_agent1_norm": 0.00010343161557102576, "E32_agent2_norm": 0.00013518599735107273, "E33_agent0_norm": 0.00022216947400011122, "E33_agent1_norm": 0.00011409145372454077, "E33_agent2_norm": 7.246388850035146e-05, "E34_agent0_norm": 1.5540379285812378, "E34_agent1_norm": 5.1884548156522214e-05, "E34_agent2_norm": 0.00010253011714667082, "E35_agent0_norm": 0.0001095370389521122, "E35_agent1_norm": 9.582015627529472e-05, "E35_agent2_norm": 3.6064502637600526e-05, "E36_agent0_norm": 0.00011723607894964516, "E36_agent1_norm": 2.513715844543185e-05, "E36_agent2_norm": 2.453291745041497e-05, "E37_agent0_norm": 5.4712134442524984e-05, "E37_agent1_norm": 1.7466269127908163e-05, "E37_agent2_norm": 1.8200747945229523e-05, "E38_agent0_norm": 3.7888192309765145e-05, "E38_agent1_norm": 1.2685636647802312e-05, "E38_agent2_norm": 1.2654440070036799e-05, "E39_agent0_norm": 2.7173666239832528e-05, "E39_agent1_norm": 8.609597898612265e-06, "E39_agent2_norm": 1.0160825695493259e-05, "E40_agent0_norm": 1.870036248874385e-05, "E40_agent1_norm": 8.1470016084495e-06, "E40_agent2_norm": 6.023064997862093e-06, "E41_agent0_norm": 1.4522814126394223e-05, "E41_agent1_norm": 4.289488060749136e-06, "E41_agent2_norm": 7.048665793263353e-06, "E42_agent0_norm": 9.389431397721637e-06, "E42_agent1_norm": 6.567796390299918e-06, "E42_agent2_norm": 3.1528431918559363e-06, "E43_agent0_norm": 9.216654689225834e-06, "E43_agent1_norm": 2.180050614697393e-06, "E43_agent2_norm": 6.400198799383361e-06, "E44_agent0_norm": 4.4655917008640245e-06, "E44_agent1_norm": 6.477850092778681e-06, "E44_agent2_norm": 1.5791342775628436e-06, "E45_agent0_norm": 7.787588401697576e-06, "E45_agent1_norm": 1.3252570170152467e-06, "E45_agent2_norm": 6.64138588035712e-06, "E46_agent0_norm": 2.2225362954486627e-06, "E46_agent1_norm": 6.7759069679595996e-06, "E46_agent2_norm": 9.537014875604655e-07, "E47_agent0_norm": 1.5641109030184452e-06, "E47_agent1_norm": 6.918312010384398e-06, "E47_agent2_norm": 7.377121278295817e-07, "E48_agent0_norm": 7.308613930945285e-06, "E48_agent1_norm": 5.205374691286124e-07, "E48_agent2_norm": 7.063677003316116e-06, "E49_agent0_norm": 6.715042673022253e-07, "E49_agent1_norm": 3.370748231645848e-07, "E49_agent2_norm": 3.369878811554372e-07, "E50_agent0_norm": 7.271365575434174e-06, "E50_agent1_norm": 2.0540507250643714e-07, "E50_agent2_norm": 7.20505431672791e-06}