{"Agent0_Epoch1": 0.2935985326766968, "Agent1_Epoch1": 0.2954356074333191, "Agent2_Epoch1": 0.9967978000640869, "Agent0_Epoch2": 0.06288909912109375, "Agent1_Epoch2": 0.19102388620376587, "Agent2_Epoch2": 0.19617754220962524, "Agent0_Epoch3": 0.025600194931030273, "Agent1_Epoch3": 0.06148797273635864, "Agent2_Epoch3": 0.06376367807388306, "Agent0_Epoch4": 0.012712836265563965, "Agent1_Epoch4": 0.023196756839752197, "Agent2_Epoch4": 0.024299979209899902, "Agent0_Epoch5": 0.007396578788757324, "Agent1_Epoch5": 0.011110424995422363, "Agent2_Epoch5": 0.012013554573059082, "Agent0_Epoch6": 0.004899322986602783, "Agent1_Epoch6": 0.0064577460289001465, "Agent2_Epoch6": 0.006901383399963379, "Agent0_Epoch7": 0.0035712718963623047, "Agent1_Epoch7": 0.004321694374084473, "Agent2_Epoch7": 0.00437849760055542, "Agent0_Epoch8": 0.0028043389320373535, "Agent1_Epoch8": 0.003208458423614502, "Agent2_Epoch8": 0.0032581090927124023, "Agent0_Epoch9": 0.0023403167724609375, "Agent1_Epoch9": 0.00258028507232666, "Agent2_Epoch9": 0.002660214900970459, "Agent0_Epoch10": 0.001955568790435791, "Agent1_Epoch10": 0.0021024346351623535, "Agent2_Epoch10": 0.0021892189979553223, "Agent0_Epoch11": 0.0016523003578186035, "Agent1_Epoch11": 0.0017461180686950684, "Agent2_Epoch11": 0.0018018484115600586, "Agent0_Epoch12": 0.0013076066970825195, "Agent1_Epoch12": 0.001365065574645996, "Agent2_Epoch12": 0.001363992691040039, "Agent0_Epoch13": 0.000947415828704834, "Agent1_Epoch13": 0.0009801387786865234, "Agent2_Epoch13": 0.0009664297103881836, "Agent0_Epoch14": 0.0006390810012817383, "Agent1_Epoch14": 0.0006566643714904785, "Agent2_Epoch14": 0.0006685256958007812, "Agent0_Epoch15": 0.0004220008850097656, "Agent1_Epoch15": 0.0004311203956604004, "Agent2_Epoch15": 0.00043892860412597656, "Agent0_Epoch16": 0.00027102231979370117, "Agent1_Epoch16": 0.00027561187744140625, "Agent2_Epoch16": 0.0002716183662414551, "Agent0_Epoch17": 0.00016820430755615234, "Agent1_Epoch17": 0.00017052888870239258, "Agent2_Epoch17": 0.00016939640045166016, "Agent0_Epoch18": 0.00010269880294799805, "Agent1_Epoch18": 0.00010377168655395508, "Agent2_Epoch18": 0.0001043081283569336, "Agent0_Epoch19": 6.0677528381347656e-05, "Agent1_Epoch19": 6.109476089477539e-05, "Agent2_Epoch19": 6.270408630371094e-05, "Agent0_Epoch20": 3.5762786865234375e-05, "Agent1_Epoch20": 3.594160079956055e-05, "Agent2_Epoch20": 3.594160079956055e-05, "Agent0_Epoch21": 2.0623207092285156e-05, "Agent1_Epoch21": 2.0682811737060547e-05, "Agent2_Epoch21": 2.092123031616211e-05, "Agent0_Epoch22": 1.1801719665527344e-05, "Agent1_Epoch22": 1.1920928955078125e-05, "Agent2_Epoch22": 1.1920928955078125e-05, "Agent0_Epoch23": 6.67572021484375e-06, "Agent1_Epoch23": 6.67572021484375e-06, "Agent2_Epoch23": 6.67572021484375e-06, "Agent0_Epoch24": 3.814697265625e-06, "Agent1_Epoch24": 3.6954879760742188e-06, "Agent2_Epoch24": 3.814697265625e-06, "Agent0_Epoch25": 2.0265579223632812e-06, "Agent1_Epoch25": 1.9669532775878906e-06, "Agent2_Epoch25": 2.0265579223632812e-06, "Agent0_Epoch26": 1.1324882507324219e-06, "Agent1_Epoch26": 1.1324882507324219e-06, "Agent2_Epoch26": 1.1324882507324219e-06, "Agent0_Epoch27": 6.556510925292969e-07, "Agent1_Epoch27": 6.556510925292969e-07, "Agent2_Epoch27": 5.364418029785156e-07, "Agent0_Epoch28": 3.5762786865234375e-07, "Agent1_Epoch28": 4.76837158203125e-07, "Agent2_Epoch28": 2.980232238769531e-07, "Agent0_Epoch29": 1.1920928955078125e-07, "Agent1_Epoch29": 1.7881393432617188e-07, "Agent2_Epoch29": 1.7881393432617188e-07, "Agent0_Epoch30": 1.1920928955078125e-07, "Agent1_Epoch30": 1.7881393432617188e-07, "Agent2_Epoch30": 1.7881393432617188e-07, "Agent0_Epoch31": 1.1920928955078125e-07, "Agent1_Epoch31": 0.0, "Agent2_Epoch31": 0.0, "Agent0_Epoch32": 1.1920928955078125e-07, "Agent1_Epoch32": 0.0, "Agent2_Epoch32": 0.0, "Agent0_Epoch33": 1.1920928955078125e-07, "Agent1_Epoch33": 1.1920928955078125e-07, "Agent2_Epoch33": -1.1920928955078125e-07, "Agent0_Epoch34": 0.0, "Agent1_Epoch34": 0.0, "Agent2_Epoch34": 0.0, "Agent0_Epoch35": 1.1920928955078125e-07, "Agent1_Epoch35": 0.0, "Agent2_Epoch35": 1.1920928955078125e-07, "Agent0_Epoch36": 0.0, "Agent1_Epoch36": 1.1920928955078125e-07, "Agent2_Epoch36": 1.1920928955078125e-07, "Agent0_Epoch37": 0.0, "Agent1_Epoch37": -1.1920928955078125e-07, "Agent2_Epoch37": -1.1920928955078125e-07, "Agent0_Epoch38": 0.0, "Agent1_Epoch38": -1.1920928955078125e-07, "Agent2_Epoch38": 0.0, "Agent0_Epoch39": 1.1920928955078125e-07, "Agent1_Epoch39": 1.1920928955078125e-07, "Agent2_Epoch39": 1.1920928955078125e-07, "Agent0_Epoch40": 0.0, "Agent1_Epoch40": -1.1920928955078125e-07, "Agent2_Epoch40": -1.1920928955078125e-07, "Agent0_Epoch41": 0.0, "Agent1_Epoch41": 1.1920928955078125e-07, "Agent2_Epoch41": 1.1920928955078125e-07, "Agent0_Epoch42": 0.0, "Agent1_Epoch42": 0.0, "Agent2_Epoch42": 0.0, "Agent0_Epoch43": 0.0, "Agent1_Epoch43": 0.0, "Agent2_Epoch43": 0.0, "Agent0_Epoch44": 0.0, "Agent1_Epoch44": -1.1920928955078125e-07, "Agent2_Epoch44": -1.1920928955078125e-07, "Agent0_Epoch45": 0.0, "Agent1_Epoch45": 0.0, "Agent2_Epoch45": 0.0, "Agent0_Epoch46": 0.0, "Agent1_Epoch46": 0.0, "Agent2_Epoch46": 0.0, "Agent0_Epoch47": 1.1920928955078125e-07, "Agent1_Epoch47": 0.0, "Agent2_Epoch47": 0.0, "Agent0_Epoch48": 1.1920928955078125e-07, "Agent1_Epoch48": 0.0, "Agent2_Epoch48": 1.1920928955078125e-07, "Agent0_Epoch49": 0.0, "Agent1_Epoch49": -1.1920928955078125e-07, "Agent2_Epoch49": -1.1920928955078125e-07, "Agent0_Epoch50": 1.1920928955078125e-07, "Agent1_Epoch50": 1.1920928955078125e-07, "Agent2_Epoch50": 1.1920928955078125e-07}