{"E1_agent0_norm": 2.6182422637939453, "E1_agent1_norm": 2.429168462753296, "E1_agent2_norm": 2.5236330032348633, "E2_agent0_norm": 0.5652546882629395, "E2_agent1_norm": 1.043027639389038, "E2_agent2_norm": 1.020121455192566, "E3_agent0_norm": 0.6802526712417603, "E3_agent1_norm": 1.7405312061309814, "E3_agent2_norm": 0.7277964949607849, "E4_agent0_norm": 0.812879204750061, "E4_agent1_norm": 0.8687167167663574, "E4_agent2_norm": 0.8474938869476318, "E5_agent0_norm": 0.7070073485374451, "E5_agent1_norm": 0.5106275677680969, "E5_agent2_norm": 0.916019082069397, "E6_agent0_norm": 0.6718233823776245, "E6_agent1_norm": 0.8654209971427917, "E6_agent2_norm": 0.6326733231544495, "E7_agent0_norm": 0.7144526243209839, "E7_agent1_norm": 0.4789719879627228, "E7_agent2_norm": 0.5257372856140137, "E8_agent0_norm": 0.7804183959960938, "E8_agent1_norm": 0.5053961873054504, "E8_agent2_norm": 0.7385656833648682, "E9_agent0_norm": 0.5043357610702515, "E9_agent1_norm": 0.4873976707458496, "E9_agent2_norm": 0.620983898639679, "E10_agent0_norm": 0.4388462007045746, "E10_agent1_norm": 0.34617123007774353, "E10_agent2_norm": 0.6118979454040527, "E11_agent0_norm": 0.7323606610298157, "E11_agent1_norm": 4.805813789367676, "E11_agent2_norm": 0.45965880155563354, "E12_agent0_norm": 0.7167229652404785, "E12_agent1_norm": 0.45162835717201233, "E12_agent2_norm": 0.6619651317596436, "E13_agent0_norm": 0.7939255833625793, "E13_agent1_norm": 0.6417223215103149, "E13_agent2_norm": 0.752511203289032, "E14_agent0_norm": 0.3456294536590576, "E14_agent1_norm": 0.7551462650299072, "E14_agent2_norm": 0.3051288425922394, "E15_agent0_norm": 0.6117385625839233, "E15_agent1_norm": 0.7547472715377808, "E15_agent2_norm": 0.14244404435157776, "E16_agent0_norm": 0.6074203848838806, "E16_agent1_norm": 0.140865296125412, "E16_agent2_norm": 0.5910320281982422, "E17_agent0_norm": 0.7415059804916382, "E17_agent1_norm": 0.6069645285606384, "E17_agent2_norm": 0.7285035848617554, "E18_agent0_norm": 0.6045739054679871, "E18_agent1_norm": 0.7381396889686584, "E18_agent2_norm": 0.1432773917913437, "E19_agent0_norm": 0.6039557456970215, "E19_agent1_norm": 0.14478376507759094, "E19_agent2_norm": 0.5971801280975342, "E20_agent0_norm": 0.15107762813568115, "E20_agent1_norm": 0.6033973097801208, "E20_agent2_norm": 0.007507015950977802, "E21_agent0_norm": 0.6040071249008179, "E21_agent1_norm": 0.0053003886714577675, "E21_agent2_norm": 0.6038448810577393, "E22_agent0_norm": 0.605670154094696, "E22_agent1_norm": 0.6038354635238647, "E22_agent2_norm": 0.6043714284896851, "E23_agent0_norm": 0.6039041876792908, "E23_agent1_norm": 0.0028303521685302258, "E23_agent2_norm": 0.6047078967094421, "E24_agent0_norm": 0.6038850545883179, "E24_agent1_norm": 0.002126981969922781, "E24_agent2_norm": 0.6049702167510986, "E25_agent0_norm": 0.603347659111023, "E25_agent1_norm": 0.738166093826294, "E25_agent2_norm": 0.14922629296779633, "E26_agent0_norm": 0.6033288240432739, "E26_agent1_norm": 0.14948365092277527, "E26_agent2_norm": 0.6033345460891724, "E27_agent0_norm": 0.15009112656116486, "E27_agent1_norm": 0.6033309698104858, "E27_agent2_norm": 0.1496438980102539, "E28_agent0_norm": 0.6033252477645874, "E28_agent1_norm": 0.7361804842948914, "E28_agent2_norm": 0.07508911192417145, "E29_agent0_norm": 0.603338897228241, "E29_agent1_norm": 0.7364968061447144, "E29_agent2_norm": 0.07508453726768494, "E30_agent0_norm": 0.6033386588096619, "E30_agent1_norm": 0.0750846415758133, "E30_agent2_norm": 0.6031848192214966, "E31_agent0_norm": 0.7364919185638428, "E31_agent1_norm": 0.07522401958703995, "E31_agent2_norm": 0.05211922526359558, "E32_agent0_norm": 0.6033384799957275, "E32_agent1_norm": 0.7364931702613831, "E32_agent2_norm": 0.07507821917533875, "E33_agent0_norm": 0.6033384203910828, "E33_agent1_norm": 0.07507824897766113, "E33_agent2_norm": 0.6032851934432983, "E34_agent0_norm": 0.7364916205406189, "E34_agent1_norm": 0.6033146977424622, "E34_agent2_norm": 0.7364522218704224, "E35_agent0_norm": 0.6033387184143066, "E35_agent1_norm": 0.7364920973777771, "E35_agent2_norm": 0.0750783160328865, "E36_agent0_norm": 0.6033387184143066, "E36_agent1_norm": 0.07507836073637009, "E36_agent2_norm": 0.6033197641372681, "E37_agent0_norm": 0.07507846504449844, "E37_agent1_norm": 0.6033142805099487, "E37_agent2_norm": 0.05003393068909645, "E38_agent0_norm": 0.6033387184143066, "E38_agent1_norm": 0.7364917993545532, "E38_agent2_norm": 0.07507839798927307, "E39_agent0_norm": 0.6033387184143066, "E39_agent1_norm": 0.07507842034101486, "E39_agent2_norm": 0.6033322215080261, "E40_agent0_norm": 0.07507845759391785, "E40_agent1_norm": 0.6033141016960144, "E40_agent2_norm": 0.050033994019031525, "E41_agent0_norm": 0.6033140420913696, "E41_agent1_norm": 4.794054985046387, "E41_agent2_norm": 0.07507549226284027, "E42_agent0_norm": 0.6033143401145935, "E42_agent1_norm": 0.07507618516683578, "E42_agent2_norm": 0.6033121943473816, "E43_agent0_norm": 0.7364915609359741, "E43_agent1_norm": 0.6033140420913696, "E43_agent2_norm": 0.7364899516105652, "E44_agent0_norm": 0.603314995765686, "E44_agent1_norm": 0.7364916205406189, "E44_agent2_norm": 0.07507728785276413, "E45_agent0_norm": 0.603314995765686, "E45_agent1_norm": 0.07507728785276413, "E45_agent2_norm": 0.6033142805099487, "E46_agent0_norm": 0.7364915609359741, "E46_agent1_norm": 0.6033140420913696, "E46_agent2_norm": 0.7364912033081055, "E47_agent0_norm": 0.6033146977424622, "E47_agent1_norm": 0.07439742237329483, "E47_agent2_norm": 0.6033144593238831, "E48_agent0_norm": 0.074397511780262, "E48_agent1_norm": 0.05219431594014168, "E48_agent2_norm": 5.263628963803058e-07, "E49_agent0_norm": 2.302613211213611e-06, "E49_agent1_norm": 0.6033140420913696, "E49_agent2_norm": 2.1558075786742847e-06, "E50_agent0_norm": 0.6033140420913696, "E50_agent1_norm": 0.0008787557017058134, "E50_agent2_norm": 2.0270569223157509e-07}