{"Agent0_Epoch1": 0.29560548067092896, "Agent1_Epoch1": 0.29038089513778687, "Agent2_Epoch1": 0.9938456416130066, "Agent0_Epoch2": 0.06341302394866943, "Agent1_Epoch2": 0.18786895275115967, "Agent2_Epoch2": 0.19499534368515015, "Agent0_Epoch3": 0.026126444339752197, "Agent1_Epoch3": 0.0616459846496582, "Agent2_Epoch3": 0.06578141450881958, "Agent0_Epoch4": 0.0130842924118042, "Agent1_Epoch4": 0.023540198802947998, "Agent2_Epoch4": 0.02562481164932251, "Agent0_Epoch5": 0.007932007312774658, "Agent1_Epoch5": 0.0117722749710083, "Agent2_Epoch5": 0.012249410152435303, "Agent0_Epoch6": 0.0051615238189697266, "Agent1_Epoch6": 0.006747722625732422, "Agent2_Epoch6": 0.0070441365242004395, "Agent0_Epoch7": 0.003587961196899414, "Agent1_Epoch7": 0.004315018653869629, "Agent2_Epoch7": 0.004575073719024658, "Agent0_Epoch8": 0.0028189420700073242, "Agent1_Epoch8": 0.0032089948654174805, "Agent2_Epoch8": 0.0034319162368774414, "Agent0_Epoch9": 0.0024269819259643555, "Agent1_Epoch9": 0.002663731575012207, "Agent2_Epoch9": 0.0027312636375427246, "Agent0_Epoch10": 0.0021293163299560547, "Agent1_Epoch10": 0.0022808313369750977, "Agent2_Epoch10": 0.002310514450073242, "Agent0_Epoch11": 0.0018079280853271484, "Agent1_Epoch11": 0.0019044876098632812, "Agent2_Epoch11": 0.002002894878387451, "Agent0_Epoch12": 0.001473844051361084, "Agent1_Epoch12": 0.0015350580215454102, "Agent2_Epoch12": 0.0015646815299987793, "Agent0_Epoch13": 0.0010773539543151855, "Agent1_Epoch13": 0.0011128783226013184, "Agent2_Epoch13": 0.0011287331581115723, "Agent0_Epoch14": 0.0007358789443969727, "Agent1_Epoch14": 0.0007552504539489746, "Agent2_Epoch14": 0.0007830262184143066, "Agent0_Epoch15": 0.00048172473907470703, "Agent1_Epoch15": 0.0004917383193969727, "Agent2_Epoch15": 0.0005050301551818848, "Agent0_Epoch16": 0.00030606985092163086, "Agent1_Epoch16": 0.0003110170364379883, "Agent2_Epoch16": 0.00031244754791259766, "Agent0_Epoch17": 0.00018733739852905273, "Agent1_Epoch17": 0.00018966197967529297, "Agent2_Epoch17": 0.0001927018165588379, "Agent0_Epoch18": 0.0001131296157836914, "Agent1_Epoch18": 0.00011414289474487305, "Agent2_Epoch18": 0.00011450052261352539, "Agent0_Epoch19": 6.681680679321289e-05, "Agent1_Epoch19": 6.73532485961914e-05, "Agent2_Epoch19": 6.663799285888672e-05, "Agent0_Epoch20": 3.8743019104003906e-05, "Agent1_Epoch20": 3.892183303833008e-05, "Agent2_Epoch20": 3.8623809814453125e-05, "Agent0_Epoch21": 2.2113323211669922e-05, "Agent1_Epoch21": 2.2232532501220703e-05, "Agent2_Epoch21": 2.2351741790771484e-05, "Agent0_Epoch22": 1.2576580047607422e-05, "Agent1_Epoch22": 1.2516975402832031e-05, "Agent2_Epoch22": 1.2695789337158203e-05, "Agent0_Epoch23": 6.973743438720703e-06, "Agent1_Epoch23": 7.092952728271484e-06, "Agent2_Epoch23": 7.092952728271484e-06, "Agent0_Epoch24": 3.993511199951172e-06, "Agent1_Epoch24": 3.933906555175781e-06, "Agent2_Epoch24": 3.993511199951172e-06, "Agent0_Epoch25": 2.1457672119140625e-06, "Agent1_Epoch25": 2.1457672119140625e-06, "Agent2_Epoch25": 2.0265579223632812e-06, "Agent0_Epoch26": 1.1324882507324219e-06, "Agent1_Epoch26": 1.1324882507324219e-06, "Agent2_Epoch26": 1.1324882507324219e-06, "Agent0_Epoch27": 7.748603820800781e-07, "Agent1_Epoch27": 5.364418029785156e-07, "Agent2_Epoch27": 5.364418029785156e-07, "Agent0_Epoch28": 3.5762786865234375e-07, "Agent1_Epoch28": 3.5762786865234375e-07, "Agent2_Epoch28": 2.980232238769531e-07, "Agent0_Epoch29": 3.5762786865234375e-07, "Agent1_Epoch29": 2.980232238769531e-07, "Agent2_Epoch29": 1.7881393432617188e-07, "Agent0_Epoch30": 1.1920928955078125e-07, "Agent1_Epoch30": 1.1920928955078125e-07, "Agent2_Epoch30": 1.1920928955078125e-07, "Agent0_Epoch31": 1.1920928955078125e-07, "Agent1_Epoch31": 0.0, "Agent2_Epoch31": 0.0, "Agent0_Epoch32": 1.7881393432617188e-07, "Agent1_Epoch32": 0.0, "Agent2_Epoch32": -1.1920928955078125e-07, "Agent0_Epoch33": 1.1920928955078125e-07, "Agent1_Epoch33": 0.0, "Agent2_Epoch33": 1.1920928955078125e-07, "Agent0_Epoch34": 1.1920928955078125e-07, "Agent1_Epoch34": 1.1920928955078125e-07, "Agent2_Epoch34": 0.0, "Agent0_Epoch35": 0.0, "Agent1_Epoch35": 0.0, "Agent2_Epoch35": -1.1920928955078125e-07, "Agent0_Epoch36": 1.1920928955078125e-07, "Agent1_Epoch36": 0.0, "Agent2_Epoch36": 1.1920928955078125e-07, "Agent0_Epoch37": 0.0, "Agent1_Epoch37": 0.0, "Agent2_Epoch37": 0.0, "Agent0_Epoch38": 1.1920928955078125e-07, "Agent1_Epoch38": 0.0, "Agent2_Epoch38": 1.1920928955078125e-07, "Agent0_Epoch39": 1.1920928955078125e-07, "Agent1_Epoch39": 0.0, "Agent2_Epoch39": 0.0, "Agent0_Epoch40": 0.0, "Agent1_Epoch40": 0.0, "Agent2_Epoch40": 0.0, "Agent0_Epoch41": 1.1920928955078125e-07, "Agent1_Epoch41": 0.0, "Agent2_Epoch41": 0.0, "Agent0_Epoch42": 1.1920928955078125e-07, "Agent1_Epoch42": 0.0, "Agent2_Epoch42": 0.0, "Agent0_Epoch43": 0.0, "Agent1_Epoch43": -1.1920928955078125e-07, "Agent2_Epoch43": -1.1920928955078125e-07, "Agent0_Epoch44": 1.1920928955078125e-07, "Agent1_Epoch44": 1.1920928955078125e-07, "Agent2_Epoch44": 1.1920928955078125e-07, "Agent0_Epoch45": 1.1920928955078125e-07, "Agent1_Epoch45": 0.0, "Agent2_Epoch45": 0.0, "Agent0_Epoch46": 1.1920928955078125e-07, "Agent1_Epoch46": 0.0, "Agent2_Epoch46": 0.0, "Agent0_Epoch47": 1.1920928955078125e-07, "Agent1_Epoch47": 0.0, "Agent2_Epoch47": 0.0, "Agent0_Epoch48": 1.1920928955078125e-07, "Agent1_Epoch48": -1.1920928955078125e-07, "Agent2_Epoch48": -1.1920928955078125e-07, "Agent0_Epoch49": 1.1920928955078125e-07, "Agent1_Epoch49": 0.0, "Agent2_Epoch49": 0.0, "Agent0_Epoch50": 0.0, "Agent1_Epoch50": 0.0, "Agent2_Epoch50": 0.0}