{"Agent0_Epoch1": 0.2933741807937622, "Agent1_Epoch1": 0.2887150049209595, "Agent2_Epoch1": 0.9900484085083008, "Agent0_Epoch2": 0.06418740749359131, "Agent1_Epoch2": 0.18799519538879395, "Agent2_Epoch2": 0.19384145736694336, "Agent0_Epoch3": 0.027073323726654053, "Agent1_Epoch3": 0.062074244022369385, "Agent2_Epoch3": 0.0666649341583252, "Agent0_Epoch4": 0.013311922550201416, "Agent1_Epoch4": 0.023758649826049805, "Agent2_Epoch4": 0.02418607473373413, "Agent0_Epoch5": 0.00738757848739624, "Agent1_Epoch5": 0.010963261127471924, "Agent2_Epoch5": 0.010980486869812012, "Agent0_Epoch6": 0.004547297954559326, "Agent1_Epoch6": 0.005948007106781006, "Agent2_Epoch6": 0.005984604358673096, "Agent0_Epoch7": 0.0030974745750427246, "Agent1_Epoch7": 0.0037268400192260742, "Agent2_Epoch7": 0.0035106539726257324, "Agent0_Epoch8": 0.0023349523544311523, "Agent1_Epoch8": 0.0026603341102600098, "Agent2_Epoch8": 0.0024752020835876465, "Agent0_Epoch9": 0.0019259452819824219, "Agent1_Epoch9": 0.002115190029144287, "Agent2_Epoch9": 0.00179290771484375, "Agent0_Epoch10": 0.001612842082977295, "Agent1_Epoch10": 0.0017278790473937988, "Agent2_Epoch10": 0.0014492273330688477, "Agent0_Epoch11": 0.0013380646705627441, "Agent1_Epoch11": 0.0014094114303588867, "Agent2_Epoch11": 0.0011842846870422363, "Agent0_Epoch12": 0.0010668039321899414, "Agent1_Epoch12": 0.001110374927520752, "Agent2_Epoch12": 0.00098419189453125, "Agent0_Epoch13": 0.0007960200309753418, "Agent1_Epoch13": 0.000821530818939209, "Agent2_Epoch13": 0.0007717013359069824, "Agent0_Epoch14": 0.0005686283111572266, "Agent1_Epoch14": 0.0005831122398376465, "Agent2_Epoch14": 0.0005496740341186523, "Agent0_Epoch15": 0.0003848075866699219, "Agent1_Epoch15": 0.00039255619049072266, "Agent2_Epoch15": 0.0003756880760192871, "Agent0_Epoch16": 0.0002505779266357422, "Agent1_Epoch16": 0.00025463104248046875, "Agent2_Epoch16": 0.0002446174621582031, "Agent0_Epoch17": 0.00015735626220703125, "Agent1_Epoch17": 0.00015926361083984375, "Agent2_Epoch17": 0.00015801191329956055, "Agent0_Epoch18": 9.79304313659668e-05, "Agent1_Epoch18": 9.876489639282227e-05, "Agent2_Epoch18": 9.715557098388672e-05, "Agent0_Epoch19": 5.924701690673828e-05, "Agent1_Epoch19": 5.97834587097168e-05, "Agent2_Epoch19": 5.882978439331055e-05, "Agent0_Epoch20": 3.540515899658203e-05, "Agent1_Epoch20": 3.5762786865234375e-05, "Agent2_Epoch20": 3.4868717193603516e-05, "Agent0_Epoch21": 2.0682811737060547e-05, "Agent1_Epoch21": 2.0742416381835938e-05, "Agent2_Epoch21": 2.0682811737060547e-05, "Agent0_Epoch22": 1.1742115020751953e-05, "Agent1_Epoch22": 1.1980533599853516e-05, "Agent2_Epoch22": 1.1861324310302734e-05, "Agent0_Epoch23": 6.67572021484375e-06, "Agent1_Epoch23": 6.794929504394531e-06, "Agent2_Epoch23": 6.794929504394531e-06, "Agent0_Epoch24": 3.6954879760742188e-06, "Agent1_Epoch24": 3.874301910400391e-06, "Agent2_Epoch24": 3.874301910400391e-06, "Agent0_Epoch25": 2.1457672119140625e-06, "Agent1_Epoch25": 2.1457672119140625e-06, "Agent2_Epoch25": 2.2649765014648438e-06, "Agent0_Epoch26": 1.0132789611816406e-06, "Agent1_Epoch26": 1.1324882507324219e-06, "Agent2_Epoch26": 1.1324882507324219e-06, "Agent0_Epoch27": 6.556510925292969e-07, "Agent1_Epoch27": 6.556510925292969e-07, "Agent2_Epoch27": 5.364418029785156e-07, "Agent0_Epoch28": 1.7881393432617188e-07, "Agent1_Epoch28": 2.980232238769531e-07, "Agent2_Epoch28": 2.980232238769531e-07, "Agent0_Epoch29": 1.1920928955078125e-07, "Agent1_Epoch29": 1.7881393432617188e-07, "Agent2_Epoch29": 1.1920928955078125e-07, "Agent0_Epoch30": 0.0, "Agent1_Epoch30": 1.7881393432617188e-07, "Agent2_Epoch30": 1.1920928955078125e-07, "Agent0_Epoch31": 0.0, "Agent1_Epoch31": 1.1920928955078125e-07, "Agent2_Epoch31": 1.1920928955078125e-07, "Agent0_Epoch32": -1.1920928955078125e-07, "Agent1_Epoch32": 0.0, "Agent2_Epoch32": 1.1920928955078125e-07, "Agent0_Epoch33": 0.0, "Agent1_Epoch33": 1.1920928955078125e-07, "Agent2_Epoch33": 1.1920928955078125e-07, "Agent0_Epoch34": -1.1920928955078125e-07, "Agent1_Epoch34": 1.1920928955078125e-07, "Agent2_Epoch34": 1.1920928955078125e-07, "Agent0_Epoch35": -1.1920928955078125e-07, "Agent1_Epoch35": 1.1920928955078125e-07, "Agent2_Epoch35": 0.0, "Agent0_Epoch36": -1.1920928955078125e-07, "Agent1_Epoch36": -1.1920928955078125e-07, "Agent2_Epoch36": 0.0, "Agent0_Epoch37": -1.1920928955078125e-07, "Agent1_Epoch37": 0.0, "Agent2_Epoch37": 0.0, "Agent0_Epoch38": -1.1920928955078125e-07, "Agent1_Epoch38": 1.1920928955078125e-07, "Agent2_Epoch38": 0.0, "Agent0_Epoch39": 0.0, "Agent1_Epoch39": 1.7881393432617188e-07, "Agent2_Epoch39": 0.0, "Agent0_Epoch40": 0.0, "Agent1_Epoch40": 1.1920928955078125e-07, "Agent2_Epoch40": -1.1920928955078125e-07, "Agent0_Epoch41": -2.384185791015625e-07, "Agent1_Epoch41": -1.1920928955078125e-07, "Agent2_Epoch41": -1.1920928955078125e-07, "Agent0_Epoch42": 0.0, "Agent1_Epoch42": 1.1920928955078125e-07, "Agent2_Epoch42": 1.1920928955078125e-07, "Agent0_Epoch43": -1.1920928955078125e-07, "Agent1_Epoch43": 0.0, "Agent2_Epoch43": 0.0, "Agent0_Epoch44": -1.1920928955078125e-07, "Agent1_Epoch44": -1.1920928955078125e-07, "Agent2_Epoch44": -1.1920928955078125e-07, "Agent0_Epoch45": 0.0, "Agent1_Epoch45": 0.0, "Agent2_Epoch45": 1.1920928955078125e-07, "Agent0_Epoch46": 0.0, "Agent1_Epoch46": 1.1920928955078125e-07, "Agent2_Epoch46": 1.1920928955078125e-07, "Agent0_Epoch47": -1.1920928955078125e-07, "Agent1_Epoch47": -1.1920928955078125e-07, "Agent2_Epoch47": -1.1920928955078125e-07, "Agent0_Epoch48": -1.1920928955078125e-07, "Agent1_Epoch48": 0.0, "Agent2_Epoch48": 0.0, "Agent0_Epoch49": -1.1920928955078125e-07, "Agent1_Epoch49": 0.0, "Agent2_Epoch49": -1.1920928955078125e-07, "Agent0_Epoch50": -1.1920928955078125e-07, "Agent1_Epoch50": -1.1920928955078125e-07, "Agent2_Epoch50": -1.1920928955078125e-07}