{"E1_agent0_norm": 5.127118110656738, "E1_agent1_norm": 2.353945732116699, "E1_agent2_norm": 2.3415770530700684, "E2_agent0_norm": 0.5408326983451843, "E2_agent1_norm": 1.0468168258666992, "E2_agent2_norm": 0.8474158048629761, "E3_agent0_norm": 0.6958920955657959, "E3_agent1_norm": 0.6643873453140259, "E3_agent2_norm": 0.7076010704040527, "E4_agent0_norm": 0.5121616721153259, "E4_agent1_norm": 0.5997005105018616, "E4_agent2_norm": 0.5819442272186279, "E5_agent0_norm": 0.45220109820365906, "E5_agent1_norm": 0.4433407783508301, "E5_agent2_norm": 0.4522058963775635, "E6_agent0_norm": 0.3915891945362091, "E6_agent1_norm": 0.3694455623626709, "E6_agent2_norm": 0.361752986907959, "E7_agent0_norm": 0.35583731532096863, "E7_agent1_norm": 0.2953258156776428, "E7_agent2_norm": 0.2873314619064331, "E8_agent0_norm": 0.3549826443195343, "E8_agent1_norm": 0.24682694673538208, "E8_agent2_norm": 0.23921193182468414, "E9_agent0_norm": 0.35633349418640137, "E9_agent1_norm": 0.22476114332675934, "E9_agent2_norm": 0.21429577469825745, "E10_agent0_norm": 0.3310610055923462, "E10_agent1_norm": 0.1878499835729599, "E10_agent2_norm": 0.1863972246646881, "E11_agent0_norm": 0.2933795750141144, "E11_agent1_norm": 0.1609075367450714, "E11_agent2_norm": 0.15746141970157623, "E12_agent0_norm": 0.25336554646492004, "E12_agent1_norm": 0.11494331061840057, "E12_agent2_norm": 0.11701866239309311, "E13_agent0_norm": 0.18903453648090363, "E13_agent1_norm": 0.07940910011529922, "E13_agent2_norm": 0.08262057602405548, "E14_agent0_norm": 0.13999754190444946, "E14_agent1_norm": 0.056961845606565475, "E14_agent2_norm": 0.056535013020038605, "E15_agent0_norm": 0.1006738618016243, "E15_agent1_norm": 0.03914060443639755, "E15_agent2_norm": 0.03896627947688103, "E16_agent0_norm": 0.07339401543140411, "E16_agent1_norm": 0.025751734152436256, "E16_agent2_norm": 0.026092294603586197, "E17_agent0_norm": 0.052753135561943054, "E17_agent1_norm": 0.018101606518030167, "E17_agent2_norm": 0.018254699185490608, "E18_agent0_norm": 0.03867170214653015, "E18_agent1_norm": 0.012125995941460133, "E18_agent2_norm": 0.01205519586801529, "E19_agent0_norm": 0.028607502579689026, "E19_agent1_norm": 0.008864463306963444, "E19_agent2_norm": 0.008898246102035046, "E20_agent0_norm": 4.578080654144287, "E20_agent1_norm": 0.006234964821487665, "E20_agent2_norm": 0.008561830967664719, "E21_agent0_norm": Infinity, "E21_agent1_norm": 0.004559856839478016, "E21_agent2_norm": Infinity, "E22_agent0_norm": 0.012247505597770214, "E22_agent1_norm": 0.011775003746151924, "E22_agent2_norm": 0.007158372551202774, "E23_agent0_norm": 0.014618836343288422, "E23_agent1_norm": 0.006833040155470371, "E23_agent2_norm": 0.0023698844015598297, "E24_agent0_norm": 0.013981371186673641, "E24_agent1_norm": 0.0031696418300271034, "E24_agent2_norm": 0.0017067999579012394, "E25_agent0_norm": 0.013642143458127975, "E25_agent1_norm": 0.003049116814509034, "E25_agent2_norm": 0.006355694495141506, "E26_agent0_norm": 0.013484211638569832, "E26_agent1_norm": 0.001011466607451439, "E26_agent2_norm": 0.0008077987586148083, "E27_agent0_norm": 0.01340773981064558, "E27_agent1_norm": 0.002975746989250183, "E27_agent2_norm": 0.006296915002167225, "E28_agent0_norm": 0.013364880345761776, "E28_agent1_norm": 0.0004080180369783193, "E28_agent2_norm": 0.00040768514736555517, "E29_agent0_norm": 0.0009157824679277837, "E29_agent1_norm": 0.00028255616780370474, "E29_agent2_norm": 0.0002826305862981826, "E30_agent0_norm": 0.0006326018483377993, "E30_agent1_norm": 0.003004058264195919, "E30_agent2_norm": 0.00020631254301406443, "E31_agent0_norm": 0.0030747042037546635, "E31_agent1_norm": 0.00014266546349972486, "E31_agent2_norm": 0.00014268279483076185, "E32_agent0_norm": 0.00031321687856689095, "E32_agent1_norm": 9.738658263813704e-05, "E32_agent2_norm": 9.795086953090504e-05, "E33_agent0_norm": 0.013329649344086647, "E33_agent1_norm": 6.87540668877773e-05, "E33_agent2_norm": 6.862592999823391e-05, "E34_agent0_norm": 0.00015668431296944618, "E34_agent1_norm": 0.013283924199640751, "E34_agent2_norm": 0.0030309699941426516, "E35_agent0_norm": 0.00010778228897834197, "E35_agent1_norm": 3.582463978091255e-05, "E35_agent2_norm": 3.428160562179983e-05, "E36_agent0_norm": 7.601647666888312e-05, "E36_agent1_norm": 0.013306603766977787, "E36_agent2_norm": 0.0030361306853592396, "E37_agent0_norm": 5.3912233852315694e-05, "E37_agent1_norm": 1.9993500245618634e-05, "E37_agent2_norm": 1.6723917724448256e-05, "E38_agent0_norm": 3.8523423427250236e-05, "E38_agent1_norm": 0.013317552395164967, "E38_agent2_norm": 0.0030385812278836966, "E39_agent0_norm": 2.646780740178656e-05, "E39_agent1_norm": 1.2574928405229002e-05, "E39_agent2_norm": 8.458831871394068e-06, "E40_agent0_norm": 2.155843685613945e-05, "E40_agent1_norm": 0.0030401041731238365, "E40_agent2_norm": 6.156467406981392e-06, "E41_agent0_norm": 0.01332863885909319, "E41_agent1_norm": 4.372662260720972e-06, "E41_agent2_norm": 0.013324829749763012, "E42_agent0_norm": 0.0030414252541959286, "E42_agent1_norm": 3.3536928185640136e-06, "E42_agent2_norm": 1.155521022155881e-05, "E43_agent0_norm": 0.01332863699644804, "E43_agent1_norm": 0.0030409705359488726, "E43_agent2_norm": 2.6497029921301873e-06, "E44_agent0_norm": 0.013328636065125465, "E44_agent1_norm": 2.244820734631503e-06, "E44_agent2_norm": 0.013327304273843765, "E45_agent0_norm": 3.5807504445983795e-06, "E45_agent1_norm": 0.013327747583389282, "E45_agent2_norm": 2.073478526654071e-06, "E46_agent0_norm": 1.1422386705817189e-05, "E46_agent1_norm": 1.8876734202422085e-06, "E46_agent2_norm": 1.1244162124057766e-05, "E47_agent0_norm": 0.003041408257558942, "E47_agent1_norm": 0.0006212653825059533, "E47_agent2_norm": 1.1228161383769475e-05, "E48_agent0_norm": 0.003041408024728298, "E48_agent1_norm": 1.1220134183531627e-05, "E48_agent2_norm": 4.799289285983832e-07, "E49_agent0_norm": 1.122687626775587e-05, "E49_agent1_norm": 0.0030413800850510597, "E49_agent2_norm": 0.0006212650914676487, "E50_agent0_norm": 5.461391765493318e-07, "E50_agent1_norm": 1.1211807759536896e-05, "E50_agent2_norm": 4.5739733423033613e-07}