{"Agent0_Epoch1": 0.2994729280471802, "Agent1_Epoch1": 0.28934019804000854, "Agent2_Epoch1": 0.9879327416419983, "Agent0_Epoch2": 0.062816321849823, "Agent1_Epoch2": 0.18609076738357544, "Agent2_Epoch2": 0.19039952754974365, "Agent0_Epoch3": 0.025632798671722412, "Agent1_Epoch3": 0.060599565505981445, "Agent2_Epoch3": 0.06266307830810547, "Agent0_Epoch4": 0.012615442276000977, "Agent1_Epoch4": 0.022825658321380615, "Agent2_Epoch4": 0.02380549907684326, "Agent0_Epoch5": 0.007222175598144531, "Agent1_Epoch5": 0.010782897472381592, "Agent2_Epoch5": 0.01114952564239502, "Agent0_Epoch6": 0.004574835300445557, "Agent1_Epoch6": 0.006006300449371338, "Agent2_Epoch6": 0.006044745445251465, "Agent0_Epoch7": 0.003206908702850342, "Agent1_Epoch7": 0.0038669705390930176, "Agent2_Epoch7": 0.003769218921661377, "Agent0_Epoch8": 0.0024669766426086426, "Agent1_Epoch8": 0.002812683582305908, "Agent2_Epoch8": 0.0027904510498046875, "Agent0_Epoch9": 0.002013862133026123, "Agent1_Epoch9": 0.0022113919258117676, "Agent2_Epoch9": 0.0022138357162475586, "Agent0_Epoch10": 0.0017446279525756836, "Agent1_Epoch10": 0.0018677711486816406, "Agent2_Epoch10": 0.0017747282981872559, "Agent0_Epoch11": 0.0014867782592773438, "Agent1_Epoch11": 0.001564621925354004, "Agent2_Epoch11": 0.0015295743942260742, "Agent0_Epoch12": 0.0012343525886535645, "Agent1_Epoch12": 0.001283407211303711, "Agent2_Epoch12": 0.0012555122375488281, "Agent0_Epoch13": 0.0009510517120361328, "Agent1_Epoch13": 0.0009807348251342773, "Agent2_Epoch13": 0.000934600830078125, "Agent0_Epoch14": 0.0006720423698425293, "Agent1_Epoch14": 0.0006888508796691895, "Agent2_Epoch14": 0.0006746649742126465, "Agent0_Epoch15": 0.00045037269592285156, "Agent1_Epoch15": 0.00045937299728393555, "Agent2_Epoch15": 0.00044536590576171875, "Agent0_Epoch16": 0.00028777122497558594, "Agent1_Epoch16": 0.0002923011779785156, "Agent2_Epoch16": 0.0002894401550292969, "Agent0_Epoch17": 0.0001786351203918457, "Agent1_Epoch17": 0.00018084049224853516, "Agent2_Epoch17": 0.0001761317253112793, "Agent0_Epoch18": 0.00010722875595092773, "Agent1_Epoch18": 0.00010830163955688477, "Agent2_Epoch18": 0.00010639429092407227, "Agent0_Epoch19": 6.35981559753418e-05, "Agent1_Epoch19": 6.413459777832031e-05, "Agent2_Epoch19": 6.270408630371094e-05, "Agent0_Epoch20": 3.707408905029297e-05, "Agent1_Epoch20": 3.713369369506836e-05, "Agent2_Epoch20": 3.6656856536865234e-05, "Agent0_Epoch21": 2.1278858184814453e-05, "Agent1_Epoch21": 2.1338462829589844e-05, "Agent2_Epoch21": 2.09808349609375e-05, "Agent0_Epoch22": 1.2099742889404297e-05, "Agent1_Epoch22": 1.2099742889404297e-05, "Agent2_Epoch22": 1.1801719665527344e-05, "Agent0_Epoch23": 6.67572021484375e-06, "Agent1_Epoch23": 6.556510925292969e-06, "Agent2_Epoch23": 6.556510925292969e-06, "Agent0_Epoch24": 3.7550926208496094e-06, "Agent1_Epoch24": 3.7550926208496094e-06, "Agent2_Epoch24": 3.635883331298828e-06, "Agent0_Epoch25": 1.9669532775878906e-06, "Agent1_Epoch25": 1.9669532775878906e-06, "Agent2_Epoch25": 1.8477439880371094e-06, "Agent0_Epoch26": 1.1324882507324219e-06, "Agent1_Epoch26": 1.0132789611816406e-06, "Agent2_Epoch26": 1.1324882507324219e-06, "Agent0_Epoch27": 6.556510925292969e-07, "Agent1_Epoch27": 5.364418029785156e-07, "Agent2_Epoch27": 6.556510925292969e-07, "Agent0_Epoch28": 3.5762786865234375e-07, "Agent1_Epoch28": 2.980232238769531e-07, "Agent2_Epoch28": 1.1920928955078125e-07, "Agent0_Epoch29": 2.980232238769531e-07, "Agent1_Epoch29": 1.7881393432617188e-07, "Agent2_Epoch29": 2.980232238769531e-07, "Agent0_Epoch30": 1.1920928955078125e-07, "Agent1_Epoch30": 1.1920928955078125e-07, "Agent2_Epoch30": 1.7881393432617188e-07, "Agent0_Epoch31": 0.0, "Agent1_Epoch31": 1.1920928955078125e-07, "Agent2_Epoch31": 1.1920928955078125e-07, "Agent0_Epoch32": 0.0, "Agent1_Epoch32": -2.384185791015625e-07, "Agent2_Epoch32": 0.0, "Agent0_Epoch33": 0.0, "Agent1_Epoch33": 0.0, "Agent2_Epoch33": 0.0, "Agent0_Epoch34": -1.1920928955078125e-07, "Agent1_Epoch34": -2.384185791015625e-07, "Agent2_Epoch34": -1.1920928955078125e-07, "Agent0_Epoch35": 1.1920928955078125e-07, "Agent1_Epoch35": 1.1920928955078125e-07, "Agent2_Epoch35": 1.1920928955078125e-07, "Agent0_Epoch36": 0.0, "Agent1_Epoch36": 0.0, "Agent2_Epoch36": 0.0, "Agent0_Epoch37": 1.1920928955078125e-07, "Agent1_Epoch37": 1.1920928955078125e-07, "Agent2_Epoch37": 1.1920928955078125e-07, "Agent0_Epoch38": 0.0, "Agent1_Epoch38": 1.1920928955078125e-07, "Agent2_Epoch38": 0.0, "Agent0_Epoch39": -2.384185791015625e-07, "Agent1_Epoch39": 1.1920928955078125e-07, "Agent2_Epoch39": 0.0, "Agent0_Epoch40": 1.1920928955078125e-07, "Agent1_Epoch40": 0.0, "Agent2_Epoch40": 0.0, "Agent0_Epoch41": 1.7881393432617188e-07, "Agent1_Epoch41": 1.1920928955078125e-07, "Agent2_Epoch41": 1.1920928955078125e-07, "Agent0_Epoch42": 0.0, "Agent1_Epoch42": -1.1920928955078125e-07, "Agent2_Epoch42": 1.1920928955078125e-07, "Agent0_Epoch43": 1.1920928955078125e-07, "Agent1_Epoch43": 1.1920928955078125e-07, "Agent2_Epoch43": 1.1920928955078125e-07, "Agent0_Epoch44": 0.0, "Agent1_Epoch44": -2.384185791015625e-07, "Agent2_Epoch44": -1.1920928955078125e-07, "Agent0_Epoch45": 0.0, "Agent1_Epoch45": 0.0, "Agent2_Epoch45": 0.0, "Agent0_Epoch46": 1.1920928955078125e-07, "Agent1_Epoch46": 1.1920928955078125e-07, "Agent2_Epoch46": 1.1920928955078125e-07, "Agent0_Epoch47": 0.0, "Agent1_Epoch47": 0.0, "Agent2_Epoch47": 0.0, "Agent0_Epoch48": 0.0, "Agent1_Epoch48": 0.0, "Agent2_Epoch48": 0.0, "Agent0_Epoch49": -1.1920928955078125e-07, "Agent1_Epoch49": -1.1920928955078125e-07, "Agent2_Epoch49": -1.1920928955078125e-07, "Agent0_Epoch50": 1.1920928955078125e-07, "Agent1_Epoch50": -1.1920928955078125e-07, "Agent2_Epoch50": -1.1920928955078125e-07}