{"Agent0_Epoch1": 0.29860490560531616, "Agent1_Epoch1": 0.29419785737991333, "Agent2_Epoch1": 0.9998399615287781, "Agent0_Epoch2": 0.06282669305801392, "Agent1_Epoch2": 0.18826794624328613, "Agent2_Epoch2": 0.1914871335029602, "Agent0_Epoch3": 0.024901747703552246, "Agent1_Epoch3": 0.060140252113342285, "Agent2_Epoch3": 0.06302589178085327, "Agent0_Epoch4": 0.012317061424255371, "Agent1_Epoch4": 0.022465646266937256, "Agent2_Epoch4": 0.023500025272369385, "Agent0_Epoch5": 0.007201850414276123, "Agent1_Epoch5": 0.010792911052703857, "Agent2_Epoch5": 0.011204361915588379, "Agent0_Epoch6": 0.004776716232299805, "Agent1_Epoch6": 0.0062767863273620605, "Agent2_Epoch6": 0.006427645683288574, "Agent0_Epoch7": 0.0034595727920532227, "Agent1_Epoch7": 0.004172384738922119, "Agent2_Epoch7": 0.004207193851470947, "Agent0_Epoch8": 0.0027685165405273438, "Agent1_Epoch8": 0.003156125545501709, "Agent2_Epoch8": 0.003123342990875244, "Agent0_Epoch9": 0.0023874640464782715, "Agent1_Epoch9": 0.0026212334632873535, "Agent2_Epoch9": 0.002621471881866455, "Agent0_Epoch10": 0.0020664334297180176, "Agent1_Epoch10": 0.002212226390838623, "Agent2_Epoch10": 0.0022606849670410156, "Agent0_Epoch11": 0.0018020868301391602, "Agent1_Epoch11": 0.001896500587463379, "Agent2_Epoch11": 0.0018373727798461914, "Agent0_Epoch12": 0.001421213150024414, "Agent1_Epoch12": 0.0014784932136535645, "Agent2_Epoch12": 0.0015474557876586914, "Agent0_Epoch13": 0.0010429024696350098, "Agent1_Epoch13": 0.0010759830474853516, "Agent2_Epoch13": 0.0011094212532043457, "Agent0_Epoch14": 0.0007240176200866699, "Agent1_Epoch14": 0.0007420778274536133, "Agent2_Epoch14": 0.000743865966796875, "Agent0_Epoch15": 0.000470578670501709, "Agent1_Epoch15": 0.0004799962043762207, "Agent2_Epoch15": 0.00048297643661499023, "Agent0_Epoch16": 0.0002923011779785156, "Agent1_Epoch16": 0.0002968907356262207, "Agent2_Epoch16": 0.0003027915954589844, "Agent0_Epoch17": 0.00018006563186645508, "Agent1_Epoch17": 0.00018233060836791992, "Agent2_Epoch17": 0.00017917156219482422, "Agent0_Epoch18": 0.00010645389556884766, "Agent1_Epoch18": 0.00010752677917480469, "Agent2_Epoch18": 0.00010865926742553711, "Agent0_Epoch19": 6.258487701416016e-05, "Agent1_Epoch19": 6.306171417236328e-05, "Agent2_Epoch19": 6.41942024230957e-05, "Agent0_Epoch20": 3.629922866821289e-05, "Agent1_Epoch20": 3.635883331298828e-05, "Agent2_Epoch20": 3.653764724731445e-05, "Agent0_Epoch21": 2.0802021026611328e-05, "Agent1_Epoch21": 2.092123031616211e-05, "Agent2_Epoch21": 2.092123031616211e-05, "Agent0_Epoch22": 1.1682510375976562e-05, "Agent1_Epoch22": 1.1622905731201172e-05, "Agent2_Epoch22": 1.1742115020751953e-05, "Agent0_Epoch23": 6.496906280517578e-06, "Agent1_Epoch23": 6.496906280517578e-06, "Agent2_Epoch23": 6.4373016357421875e-06, "Agent0_Epoch24": 3.6954879760742188e-06, "Agent1_Epoch24": 3.5762786865234375e-06, "Agent2_Epoch24": 3.5762786865234375e-06, "Agent0_Epoch25": 1.9669532775878906e-06, "Agent1_Epoch25": 1.9073486328125e-06, "Agent2_Epoch25": 1.9669532775878906e-06, "Agent0_Epoch26": 1.1324882507324219e-06, "Agent1_Epoch26": 1.0132789611816406e-06, "Agent2_Epoch26": 1.1324882507324219e-06, "Agent0_Epoch27": 6.556510925292969e-07, "Agent1_Epoch27": 5.364418029785156e-07, "Agent2_Epoch27": 5.364418029785156e-07, "Agent0_Epoch28": 2.980232238769531e-07, "Agent1_Epoch28": 1.7881393432617188e-07, "Agent2_Epoch28": 1.1920928955078125e-07, "Agent0_Epoch29": 2.980232238769531e-07, "Agent1_Epoch29": 2.980232238769531e-07, "Agent2_Epoch29": 2.980232238769531e-07, "Agent0_Epoch30": 1.1920928955078125e-07, "Agent1_Epoch30": 1.1920928955078125e-07, "Agent2_Epoch30": 1.1920928955078125e-07, "Agent0_Epoch31": 1.1920928955078125e-07, "Agent1_Epoch31": 0.0, "Agent2_Epoch31": 1.1920928955078125e-07, "Agent0_Epoch32": 0.0, "Agent1_Epoch32": 1.1920928955078125e-07, "Agent2_Epoch32": 0.0, "Agent0_Epoch33": 1.1920928955078125e-07, "Agent1_Epoch33": 1.1920928955078125e-07, "Agent2_Epoch33": 0.0, "Agent0_Epoch34": 1.1920928955078125e-07, "Agent1_Epoch34": -1.1920928955078125e-07, "Agent2_Epoch34": 0.0, "Agent0_Epoch35": 0.0, "Agent1_Epoch35": 0.0, "Agent2_Epoch35": -1.1920928955078125e-07, "Agent0_Epoch36": 1.1920928955078125e-07, "Agent1_Epoch36": 1.1920928955078125e-07, "Agent2_Epoch36": 0.0, "Agent0_Epoch37": 1.1920928955078125e-07, "Agent1_Epoch37": -1.1920928955078125e-07, "Agent2_Epoch37": -1.1920928955078125e-07, "Agent0_Epoch38": 0.0, "Agent1_Epoch38": 0.0, "Agent2_Epoch38": 0.0, "Agent0_Epoch39": 0.0, "Agent1_Epoch39": 1.1920928955078125e-07, "Agent2_Epoch39": 0.0, "Agent0_Epoch40": 0.0, "Agent1_Epoch40": -1.1920928955078125e-07, "Agent2_Epoch40": -1.1920928955078125e-07, "Agent0_Epoch41": 0.0, "Agent1_Epoch41": 0.0, "Agent2_Epoch41": -2.384185791015625e-07, "Agent0_Epoch42": 1.1920928955078125e-07, "Agent1_Epoch42": -1.1920928955078125e-07, "Agent2_Epoch42": 0.0, "Agent0_Epoch43": 0.0, "Agent1_Epoch43": -1.1920928955078125e-07, "Agent2_Epoch43": -1.1920928955078125e-07, "Agent0_Epoch44": 1.1920928955078125e-07, "Agent1_Epoch44": 0.0, "Agent2_Epoch44": 0.0, "Agent0_Epoch45": 1.1920928955078125e-07, "Agent1_Epoch45": -1.1920928955078125e-07, "Agent2_Epoch45": -1.1920928955078125e-07, "Agent0_Epoch46": 0.0, "Agent1_Epoch46": 0.0, "Agent2_Epoch46": 0.0, "Agent0_Epoch47": 1.1920928955078125e-07, "Agent1_Epoch47": 1.1920928955078125e-07, "Agent2_Epoch47": 0.0, "Agent0_Epoch48": 1.1920928955078125e-07, "Agent1_Epoch48": 1.1920928955078125e-07, "Agent2_Epoch48": 1.1920928955078125e-07, "Agent0_Epoch49": 0.0, "Agent1_Epoch49": 0.0, "Agent2_Epoch49": 0.0, "Agent0_Epoch50": 1.1920928955078125e-07, "Agent1_Epoch50": 1.1920928955078125e-07, "Agent2_Epoch50": 1.1920928955078125e-07}