{"Agent0_Epoch1": 0.2865496277809143, "Agent1_Epoch1": 0.288274884223938, "Agent2_Epoch1": 0.992965042591095, "Agent0_Epoch2": 0.059706270694732666, "Agent1_Epoch2": 0.18429476022720337, "Agent2_Epoch2": 0.19185125827789307, "Agent0_Epoch3": 0.024034500122070312, "Agent1_Epoch3": 0.05776572227478027, "Agent2_Epoch3": 0.06002134084701538, "Agent0_Epoch4": 0.011619389057159424, "Agent1_Epoch4": 0.021173059940338135, "Agent2_Epoch4": 0.022202014923095703, "Agent0_Epoch5": 0.006597936153411865, "Agent1_Epoch5": 0.00986480712890625, "Agent2_Epoch5": 0.010434329509735107, "Agent0_Epoch6": 0.004171609878540039, "Agent1_Epoch6": 0.0054762959480285645, "Agent2_Epoch6": 0.005981504917144775, "Agent0_Epoch7": 0.0030313730239868164, "Agent1_Epoch7": 0.003652513027191162, "Agent2_Epoch7": 0.003778219223022461, "Agent0_Epoch8": 0.0023796558380126953, "Agent1_Epoch8": 0.002709031105041504, "Agent2_Epoch8": 0.0028859972953796387, "Agent0_Epoch9": 0.0020069479942321777, "Agent1_Epoch9": 0.0022002458572387695, "Agent2_Epoch9": 0.0022436976432800293, "Agent0_Epoch10": 0.001731276512145996, "Agent1_Epoch10": 0.0018507838249206543, "Agent2_Epoch10": 0.0019051432609558105, "Agent0_Epoch11": 0.0014650821685791016, "Agent1_Epoch11": 0.0015396475791931152, "Agent2_Epoch11": 0.0016183257102966309, "Agent0_Epoch12": 0.0012164115905761719, "Agent1_Epoch12": 0.001263439655303955, "Agent2_Epoch12": 0.0012739300727844238, "Agent0_Epoch13": 0.0009264945983886719, "Agent1_Epoch13": 0.0009545087814331055, "Agent2_Epoch13": 0.0009776949882507324, "Agent0_Epoch14": 0.0006574392318725586, "Agent1_Epoch14": 0.0006731152534484863, "Agent2_Epoch14": 0.0006831884384155273, "Agent0_Epoch15": 0.0004419088363647461, "Agent1_Epoch15": 0.0004502534866333008, "Agent2_Epoch15": 0.00045174360275268555, "Agent0_Epoch16": 0.00028055906295776367, "Agent1_Epoch16": 0.00028461217880249023, "Agent2_Epoch16": 0.0002910494804382324, "Agent0_Epoch17": 0.0001723766326904297, "Agent1_Epoch17": 0.00017434358596801758, "Agent2_Epoch17": 0.00018149614334106445, "Agent0_Epoch18": 0.00010442733764648438, "Agent1_Epoch18": 0.00010532140731811523, "Agent2_Epoch18": 0.00010591745376586914, "Agent0_Epoch19": 6.181001663208008e-05, "Agent1_Epoch19": 6.210803985595703e-05, "Agent2_Epoch19": 6.324052810668945e-05, "Agent0_Epoch20": 3.606081008911133e-05, "Agent1_Epoch20": 3.606081008911133e-05, "Agent2_Epoch20": 3.653764724731445e-05, "Agent0_Epoch21": 2.0623207092285156e-05, "Agent1_Epoch21": 2.0623207092285156e-05, "Agent2_Epoch21": 2.104043960571289e-05, "Agent0_Epoch22": 1.1622905731201172e-05, "Agent1_Epoch22": 1.1801719665527344e-05, "Agent2_Epoch22": 1.1742115020751953e-05, "Agent0_Epoch23": 6.556510925292969e-06, "Agent1_Epoch23": 6.556510925292969e-06, "Agent2_Epoch23": 6.854534149169922e-06, "Agent0_Epoch24": 3.5762786865234375e-06, "Agent1_Epoch24": 3.6954879760742188e-06, "Agent2_Epoch24": 3.7550926208496094e-06, "Agent0_Epoch25": 1.9073486328125e-06, "Agent1_Epoch25": 2.0265579223632812e-06, "Agent2_Epoch25": 2.0265579223632812e-06, "Agent0_Epoch26": 1.1324882507324219e-06, "Agent1_Epoch26": 1.1324882507324219e-06, "Agent2_Epoch26": 1.1324882507324219e-06, "Agent0_Epoch27": 5.364418029785156e-07, "Agent1_Epoch27": 5.364418029785156e-07, "Agent2_Epoch27": 6.556510925292969e-07, "Agent0_Epoch28": 1.7881393432617188e-07, "Agent1_Epoch28": 2.980232238769531e-07, "Agent2_Epoch28": 3.5762786865234375e-07, "Agent0_Epoch29": 1.1920928955078125e-07, "Agent1_Epoch29": 2.980232238769531e-07, "Agent2_Epoch29": 1.1920928955078125e-07, "Agent0_Epoch30": 1.1920928955078125e-07, "Agent1_Epoch30": 1.1920928955078125e-07, "Agent2_Epoch30": 1.1920928955078125e-07, "Agent0_Epoch31": -2.384185791015625e-07, "Agent1_Epoch31": 0.0, "Agent2_Epoch31": 1.1920928955078125e-07, "Agent0_Epoch32": 0.0, "Agent1_Epoch32": 0.0, "Agent2_Epoch32": 0.0, "Agent0_Epoch33": -1.1920928955078125e-07, "Agent1_Epoch33": 1.7881393432617188e-07, "Agent2_Epoch33": 0.0, "Agent0_Epoch34": -1.1920928955078125e-07, "Agent1_Epoch34": -1.1920928955078125e-07, "Agent2_Epoch34": -1.1920928955078125e-07, "Agent0_Epoch35": -1.1920928955078125e-07, "Agent1_Epoch35": 0.0, "Agent2_Epoch35": 0.0, "Agent0_Epoch36": -1.1920928955078125e-07, "Agent1_Epoch36": 0.0, "Agent2_Epoch36": 0.0, "Agent0_Epoch37": -1.1920928955078125e-07, "Agent1_Epoch37": 1.1920928955078125e-07, "Agent2_Epoch37": 1.1920928955078125e-07, "Agent0_Epoch38": 0.0, "Agent1_Epoch38": 0.0, "Agent2_Epoch38": -1.1920928955078125e-07, "Agent0_Epoch39": -1.1920928955078125e-07, "Agent1_Epoch39": -1.1920928955078125e-07, "Agent2_Epoch39": -1.1920928955078125e-07, "Agent0_Epoch40": -1.1920928955078125e-07, "Agent1_Epoch40": 0.0, "Agent2_Epoch40": 0.0, "Agent0_Epoch41": -1.1920928955078125e-07, "Agent1_Epoch41": -2.384185791015625e-07, "Agent2_Epoch41": -2.384185791015625e-07, "Agent0_Epoch42": -2.384185791015625e-07, "Agent1_Epoch42": -1.1920928955078125e-07, "Agent2_Epoch42": -1.1920928955078125e-07, "Agent0_Epoch43": 0.0, "Agent1_Epoch43": 0.0, "Agent2_Epoch43": 0.0, "Agent0_Epoch44": 0.0, "Agent1_Epoch44": 1.7881393432617188e-07, "Agent2_Epoch44": 1.7881393432617188e-07, "Agent0_Epoch45": -1.1920928955078125e-07, "Agent1_Epoch45": 0.0, "Agent2_Epoch45": 0.0, "Agent0_Epoch46": -1.1920928955078125e-07, "Agent1_Epoch46": 0.0, "Agent2_Epoch46": 0.0, "Agent0_Epoch47": -1.1920928955078125e-07, "Agent1_Epoch47": -1.1920928955078125e-07, "Agent2_Epoch47": -1.1920928955078125e-07, "Agent0_Epoch48": 0.0, "Agent1_Epoch48": -1.1920928955078125e-07, "Agent2_Epoch48": -1.1920928955078125e-07, "Agent0_Epoch49": 0.0, "Agent1_Epoch49": -1.1920928955078125e-07, "Agent2_Epoch49": -1.1920928955078125e-07, "Agent0_Epoch50": 0.0, "Agent1_Epoch50": 0.0, "Agent2_Epoch50": 0.0}