{"Agent0_Epoch1": 0.2863795757293701, "Agent1_Epoch1": 0.2861896753311157, "Agent2_Epoch1": 0.998288094997406, "Agent0_Epoch2": 0.06368809938430786, "Agent1_Epoch2": 0.18364673852920532, "Agent2_Epoch2": 0.19347912073135376, "Agent0_Epoch3": 0.02761441469192505, "Agent1_Epoch3": 0.06328827142715454, "Agent2_Epoch3": 0.06621789932250977, "Agent0_Epoch4": 0.013855338096618652, "Agent1_Epoch4": 0.02465122938156128, "Agent2_Epoch4": 0.02659463882446289, "Agent0_Epoch5": 0.00825488567352295, "Agent1_Epoch5": 0.012179791927337646, "Agent2_Epoch5": 0.012910664081573486, "Agent0_Epoch6": 0.005318760871887207, "Agent1_Epoch6": 0.006938040256500244, "Agent2_Epoch6": 0.007651567459106445, "Agent0_Epoch7": 0.0038030147552490234, "Agent1_Epoch7": 0.00457233190536499, "Agent2_Epoch7": 0.004789888858795166, "Agent0_Epoch8": 0.002819061279296875, "Agent1_Epoch8": 0.0032108426094055176, "Agent2_Epoch8": 0.003581821918487549, "Agent0_Epoch9": 0.0023148059844970703, "Agent1_Epoch9": 0.0025426149368286133, "Agent2_Epoch9": 0.002683103084564209, "Agent0_Epoch10": 0.0019491910934448242, "Agent1_Epoch10": 0.0020883679389953613, "Agent2_Epoch10": 0.0021361112594604492, "Agent0_Epoch11": 0.00165557861328125, "Agent1_Epoch11": 0.0017440319061279297, "Agent2_Epoch11": 0.0017519593238830566, "Agent0_Epoch12": 0.0013686418533325195, "Agent1_Epoch12": 0.0014248490333557129, "Agent2_Epoch12": 0.0013663172721862793, "Agent0_Epoch13": 0.00099945068359375, "Agent1_Epoch13": 0.0010319352149963379, "Agent2_Epoch13": 0.0010717511177062988, "Agent0_Epoch14": 0.0007085800170898438, "Agent1_Epoch14": 0.0007268190383911133, "Agent2_Epoch14": 0.0007319450378417969, "Agent0_Epoch15": 0.00046563148498535156, "Agent1_Epoch15": 0.0004754066467285156, "Agent2_Epoch15": 0.0004838705062866211, "Agent0_Epoch16": 0.00029528141021728516, "Agent1_Epoch16": 0.0003001689910888672, "Agent2_Epoch16": 0.0003064870834350586, "Agent0_Epoch17": 0.00018334388732910156, "Agent1_Epoch17": 0.0001857280731201172, "Agent2_Epoch17": 0.0001888871192932129, "Agent0_Epoch18": 0.00011098384857177734, "Agent1_Epoch18": 0.00011223554611206055, "Agent2_Epoch18": 0.00011175870895385742, "Agent0_Epoch19": 6.598234176635742e-05, "Agent1_Epoch19": 6.651878356933594e-05, "Agent2_Epoch19": 6.723403930664062e-05, "Agent0_Epoch20": 3.8743019104003906e-05, "Agent1_Epoch20": 3.898143768310547e-05, "Agent2_Epoch20": 3.933906555175781e-05, "Agent0_Epoch21": 2.2292137145996094e-05, "Agent1_Epoch21": 2.2351741790771484e-05, "Agent2_Epoch21": 2.2530555725097656e-05, "Agent0_Epoch22": 1.2755393981933594e-05, "Agent1_Epoch22": 1.2814998626708984e-05, "Agent2_Epoch22": 1.2636184692382812e-05, "Agent0_Epoch23": 7.092952728271484e-06, "Agent1_Epoch23": 6.9141387939453125e-06, "Agent2_Epoch23": 7.092952728271484e-06, "Agent0_Epoch24": 3.933906555175781e-06, "Agent1_Epoch24": 3.933906555175781e-06, "Agent2_Epoch24": 4.0531158447265625e-06, "Agent0_Epoch25": 2.1457672119140625e-06, "Agent1_Epoch25": 2.2649765014648438e-06, "Agent2_Epoch25": 2.1457672119140625e-06, "Agent0_Epoch26": 1.1920928955078125e-06, "Agent1_Epoch26": 1.1920928955078125e-06, "Agent2_Epoch26": 1.1920928955078125e-06, "Agent0_Epoch27": 7.748603820800781e-07, "Agent1_Epoch27": 6.556510925292969e-07, "Agent2_Epoch27": 5.364418029785156e-07, "Agent0_Epoch28": 2.980232238769531e-07, "Agent1_Epoch28": 2.980232238769531e-07, "Agent2_Epoch28": 2.980232238769531e-07, "Agent0_Epoch29": 1.7881393432617188e-07, "Agent1_Epoch29": 0.0, "Agent2_Epoch29": 1.1920928955078125e-07, "Agent0_Epoch30": 0.0, "Agent1_Epoch30": 1.1920928955078125e-07, "Agent2_Epoch30": 1.7881393432617188e-07, "Agent0_Epoch31": 1.1920928955078125e-07, "Agent1_Epoch31": 1.7881393432617188e-07, "Agent2_Epoch31": 1.7881393432617188e-07, "Agent0_Epoch32": 1.1920928955078125e-07, "Agent1_Epoch32": 1.1920928955078125e-07, "Agent2_Epoch32": 1.1920928955078125e-07, "Agent0_Epoch33": 0.0, "Agent1_Epoch33": 0.0, "Agent2_Epoch33": 0.0, "Agent0_Epoch34": 1.1920928955078125e-07, "Agent1_Epoch34": 1.1920928955078125e-07, "Agent2_Epoch34": 0.0, "Agent0_Epoch35": 0.0, "Agent1_Epoch35": -1.1920928955078125e-07, "Agent2_Epoch35": -1.1920928955078125e-07, "Agent0_Epoch36": -1.1920928955078125e-07, "Agent1_Epoch36": 0.0, "Agent2_Epoch36": -1.1920928955078125e-07, "Agent0_Epoch37": 0.0, "Agent1_Epoch37": 1.1920928955078125e-07, "Agent2_Epoch37": 1.1920928955078125e-07, "Agent0_Epoch38": -1.1920928955078125e-07, "Agent1_Epoch38": 0.0, "Agent2_Epoch38": 0.0, "Agent0_Epoch39": -1.1920928955078125e-07, "Agent1_Epoch39": -1.1920928955078125e-07, "Agent2_Epoch39": -1.1920928955078125e-07, "Agent0_Epoch40": 0.0, "Agent1_Epoch40": -1.1920928955078125e-07, "Agent2_Epoch40": -1.1920928955078125e-07, "Agent0_Epoch41": 0.0, "Agent1_Epoch41": -1.1920928955078125e-07, "Agent2_Epoch41": -1.1920928955078125e-07, "Agent0_Epoch42": 0.0, "Agent1_Epoch42": 0.0, "Agent2_Epoch42": 0.0, "Agent0_Epoch43": -2.384185791015625e-07, "Agent1_Epoch43": -1.1920928955078125e-07, "Agent2_Epoch43": -1.1920928955078125e-07, "Agent0_Epoch44": 0.0, "Agent1_Epoch44": -1.1920928955078125e-07, "Agent2_Epoch44": -1.1920928955078125e-07, "Agent0_Epoch45": -1.1920928955078125e-07, "Agent1_Epoch45": 0.0, "Agent2_Epoch45": 0.0, "Agent0_Epoch46": -1.1920928955078125e-07, "Agent1_Epoch46": 0.0, "Agent2_Epoch46": -2.384185791015625e-07, "Agent0_Epoch47": -1.1920928955078125e-07, "Agent1_Epoch47": 0.0, "Agent2_Epoch47": -1.1920928955078125e-07, "Agent0_Epoch48": -1.1920928955078125e-07, "Agent1_Epoch48": -1.1920928955078125e-07, "Agent2_Epoch48": -1.1920928955078125e-07, "Agent0_Epoch49": 1.1920928955078125e-07, "Agent1_Epoch49": 0.0, "Agent2_Epoch49": 0.0, "Agent0_Epoch50": 0.0, "Agent1_Epoch50": 1.1920928955078125e-07, "Agent2_Epoch50": 1.1920928955078125e-07}