{"E1_agent0_norm": 4.139479160308838, "E1_agent1_norm": 2.0702223777770996, "E1_agent2_norm": 2.027888536453247, "E1_agent3_norm": 2.0520200729370117, "E1_agent4_norm": 2.3661177158355713, "E2_agent0_norm": 1.3086997270584106, "E2_agent1_norm": 1.0450856685638428, "E2_agent2_norm": 1.0003845691680908, "E2_agent3_norm": 0.9111270308494568, "E2_agent4_norm": 1.0413446426391602, "E3_agent0_norm": 0.9138649702072144, "E3_agent1_norm": 0.6208195686340332, "E3_agent2_norm": 0.6812013387680054, "E3_agent3_norm": 0.5268356800079346, "E3_agent4_norm": 0.7673522233963013, "E4_agent0_norm": 0.5399545431137085, "E4_agent1_norm": 0.3995317220687866, "E4_agent2_norm": 0.3606034219264984, "E4_agent3_norm": 0.3686460852622986, "E4_agent4_norm": 0.45734891295433044, "E5_agent0_norm": 0.4283720552921295, "E5_agent1_norm": 0.32445019483566284, "E5_agent2_norm": 0.28443291783332825, "E5_agent3_norm": 0.2780227065086365, "E5_agent4_norm": 0.4009395241737366, "E6_agent0_norm": 0.28860414028167725, "E6_agent1_norm": 0.24507452547550201, "E6_agent2_norm": 0.21698927879333496, "E6_agent3_norm": 0.19051922857761383, "E6_agent4_norm": 0.27952396869659424, "E7_agent0_norm": 0.25601673126220703, "E7_agent1_norm": 0.1731506884098053, "E7_agent2_norm": 0.16267548501491547, "E7_agent3_norm": 0.19772469997406006, "E7_agent4_norm": 0.20916149020195007, "E8_agent0_norm": 0.218225359916687, "E8_agent1_norm": 0.1348334699869156, "E8_agent2_norm": 0.13461655378341675, "E8_agent3_norm": 0.13859206438064575, "E8_agent4_norm": 0.16765505075454712, "E9_agent0_norm": 0.18628749251365662, "E9_agent1_norm": 0.10671954602003098, "E9_agent2_norm": 0.0937768816947937, "E9_agent3_norm": 0.1364612877368927, "E9_agent4_norm": 0.14309827983379364, "E10_agent0_norm": 0.16551019251346588, "E10_agent1_norm": 0.08571580797433853, "E10_agent2_norm": 0.07909182459115982, "E10_agent3_norm": 0.10447634011507034, "E10_agent4_norm": 0.11008500307798386, "E11_agent0_norm": 0.15299275517463684, "E11_agent1_norm": 0.07215195894241333, "E11_agent2_norm": 0.06375918537378311, "E11_agent3_norm": 0.08881682902574539, "E11_agent4_norm": 0.08434514701366425, "E12_agent0_norm": 0.13522839546203613, "E12_agent1_norm": 0.05576583370566368, "E12_agent2_norm": 0.05033455044031143, "E12_agent3_norm": 0.06936804205179214, "E12_agent4_norm": 0.07763545960187912, "E13_agent0_norm": 0.1256655603647232, "E13_agent1_norm": 0.04681951925158501, "E13_agent2_norm": 0.04518948867917061, "E13_agent3_norm": 0.053224943578243256, "E13_agent4_norm": 0.11382288485765457, "E14_agent0_norm": 0.04044545069336891, "E14_agent1_norm": 0.023835407570004463, "E14_agent2_norm": 0.022721299901604652, "E14_agent3_norm": 0.024495644494891167, "E14_agent4_norm": 0.039525534957647324, "E15_agent0_norm": 0.026484506204724312, "E15_agent1_norm": 0.016869010403752327, "E15_agent2_norm": 0.020286839455366135, "E15_agent3_norm": 0.01934712938964367, "E15_agent4_norm": 0.03410430625081062, "E16_agent0_norm": 0.015808099880814552, "E16_agent1_norm": 0.011225039139389992, "E16_agent2_norm": 0.010425220243632793, "E16_agent3_norm": 0.013773624785244465, "E16_agent4_norm": 0.018152570351958275, "E17_agent0_norm": 0.010722313076257706, "E17_agent1_norm": 0.007440214045345783, "E17_agent2_norm": 0.006200389936566353, "E17_agent3_norm": 0.008373597636818886, "E17_agent4_norm": 0.00896809808909893, "E18_agent0_norm": 0.007585546933114529, "E18_agent1_norm": 0.005034233909100294, "E18_agent2_norm": 0.0043574729934334755, "E18_agent3_norm": 0.005193693563342094, "E18_agent4_norm": 0.01065810676664114, "E19_agent0_norm": 0.004946697503328323, "E19_agent1_norm": 0.003966488875448704, "E19_agent2_norm": 0.003153987228870392, "E19_agent3_norm": 0.004111120011657476, "E19_agent4_norm": 0.007696839515119791, "E20_agent0_norm": 0.0036968972999602556, "E20_agent1_norm": 0.002681676298379898, "E20_agent2_norm": 0.0024863004218786955, "E20_agent3_norm": 0.0027868652250617743, "E20_agent4_norm": 0.004091479815542698, "E21_agent0_norm": 0.0025523321237415075, "E21_agent1_norm": 0.001797133358195424, "E21_agent2_norm": 0.0016767056658864021, "E21_agent3_norm": 0.002034261357039213, "E21_agent4_norm": 0.0028168773278594017, "E22_agent0_norm": 0.0015831901691854, "E22_agent1_norm": 0.0014499074313789606, "E22_agent2_norm": 0.0013139934744685888, "E22_agent3_norm": 0.0012742356630042195, "E22_agent4_norm": 0.0014504389837384224, "E23_agent0_norm": 0.0012574756983667612, "E23_agent1_norm": 0.0009991721017286181, "E23_agent2_norm": 0.00082604173803702, "E23_agent3_norm": 0.0008822570671327412, "E23_agent4_norm": 0.0015623521758243442, "E24_agent0_norm": 0.0008865651325322688, "E24_agent1_norm": 0.0007192448247224092, "E24_agent2_norm": 0.0006397300749085844, "E24_agent3_norm": 0.0008784059900790453, "E24_agent4_norm": 0.0010065290844067931, "E25_agent0_norm": 0.0005708461394533515, "E25_agent1_norm": 0.00039554282557219267, "E25_agent2_norm": 0.0004229860787745565, "E25_agent3_norm": 0.0005103758885525167, "E25_agent4_norm": 0.0006663404637947679}