{"Agent0_Epoch1": 0.2688429355621338, "Agent1_Epoch1": 0.3215430974960327, "Agent2_Epoch1": 0.997531533241272, "Agent3_Epoch1": 0.9978930354118347, "Agent4_Epoch1": 0.9982737898826599, "Agent0_Epoch2": 0.05071538686752319, "Agent1_Epoch2": 0.2963823080062866, "Agent2_Epoch2": 0.30871689319610596, "Agent3_Epoch2": 0.29736220836639404, "Agent4_Epoch2": 0.31455838680267334, "Agent0_Epoch3": 0.028976738452911377, "Agent1_Epoch3": 0.12796235084533691, "Agent2_Epoch3": 0.13017046451568604, "Agent3_Epoch3": 0.12659424543380737, "Agent4_Epoch3": 0.13809454441070557, "Agent0_Epoch4": 0.017763853073120117, "Agent1_Epoch4": 0.05725473165512085, "Agent2_Epoch4": 0.05822235345840454, "Agent3_Epoch4": 0.056213200092315674, "Agent4_Epoch4": 0.05824732780456543, "Agent0_Epoch5": 0.011328399181365967, "Agent1_Epoch5": 0.028442084789276123, "Agent2_Epoch5": 0.028961896896362305, "Agent3_Epoch5": 0.028213858604431152, "Agent4_Epoch5": 0.03131908178329468, "Agent0_Epoch6": 0.007652461528778076, "Agent1_Epoch6": 0.01579040288925171, "Agent2_Epoch6": 0.0158766508102417, "Agent3_Epoch6": 0.015945374965667725, "Agent4_Epoch6": 0.016249239444732666, "Agent0_Epoch7": 0.005448102951049805, "Agent1_Epoch7": 0.009636342525482178, "Agent2_Epoch7": 0.009621083736419678, "Agent3_Epoch7": 0.009445369243621826, "Agent4_Epoch7": 0.010052859783172607, "Agent0_Epoch8": 0.004104197025299072, "Agent1_Epoch8": 0.006444692611694336, "Agent2_Epoch8": 0.006446778774261475, "Agent3_Epoch8": 0.006147027015686035, "Agent4_Epoch8": 0.006583690643310547, "Agent0_Epoch9": 0.0031325221061706543, "Agent1_Epoch9": 0.004485785961151123, "Agent2_Epoch9": 0.004555940628051758, "Agent3_Epoch9": 0.004461526870727539, "Agent4_Epoch9": 0.004743337631225586, "Agent0_Epoch10": 0.0024956464767456055, "Agent1_Epoch10": 0.003323793411254883, "Agent2_Epoch10": 0.003509819507598877, "Agent3_Epoch10": 0.0030855536460876465, "Agent4_Epoch10": 0.003410935401916504, "Agent0_Epoch11": 0.0020186901092529297, "Agent1_Epoch11": 0.0025402307510375977, "Agent2_Epoch11": 0.0027196407318115234, "Agent3_Epoch11": 0.0023626089096069336, "Agent4_Epoch11": 0.002707362174987793, "Agent0_Epoch12": 0.002169787883758545, "Agent1_Epoch12": 0.0027288198471069336, "Agent2_Epoch12": 0.002781808376312256, "Agent3_Epoch12": 0.002622663974761963, "Agent4_Epoch12": 0.002712845802307129, "Agent0_Epoch13": 0.0022394657135009766, "Agent1_Epoch13": 0.0028159022331237793, "Agent2_Epoch13": 0.0028003454208374023, "Agent3_Epoch13": 0.002699732780456543, "Agent4_Epoch13": 0.0029172897338867188, "Agent0_Epoch14": 0.002297043800354004, "Agent1_Epoch14": 0.0028876066207885742, "Agent2_Epoch14": 0.002880096435546875, "Agent3_Epoch14": 0.002848207950592041, "Agent4_Epoch14": 0.002893388271331787, "Agent0_Epoch15": 0.002324044704437256, "Agent1_Epoch15": 0.0029210448265075684, "Agent2_Epoch15": 0.0029219985008239746, "Agent3_Epoch15": 0.0028876066207885742, "Agent4_Epoch15": 0.002926945686340332, "Agent0_Epoch16": 0.002337932586669922, "Agent1_Epoch16": 0.002938389778137207, "Agent2_Epoch16": 0.0029578208923339844, "Agent3_Epoch16": 0.0029165148735046387, "Agent4_Epoch16": 0.0029729604721069336, "Agent0_Epoch17": 0.0023573637008666992, "Agent1_Epoch17": 0.0029627084732055664, "Agent2_Epoch17": 0.0029549002647399902, "Agent3_Epoch17": 0.0029425621032714844, "Agent4_Epoch17": 0.0029773712158203125, "Agent0_Epoch18": 0.002363264560699463, "Agent1_Epoch18": 0.0029699206352233887, "Agent2_Epoch18": 0.002971351146697998, "Agent3_Epoch18": 0.0029682517051696777, "Agent4_Epoch18": 0.0029826760292053223, "Agent0_Epoch19": 0.002370595932006836, "Agent1_Epoch19": 0.002978980541229248, "Agent2_Epoch19": 0.0029778480529785156, "Agent3_Epoch19": 0.002968132495880127, "Agent4_Epoch19": 0.002982795238494873, "Agent0_Epoch20": 0.0023737549781799316, "Agent1_Epoch20": 0.00298309326171875, "Agent2_Epoch20": 0.0029845833778381348, "Agent3_Epoch20": 0.0029772520065307617, "Agent4_Epoch20": 0.002986609935760498, "Agent0_Epoch21": 0.0023767948150634766, "Agent1_Epoch21": 0.002986609935760498, "Agent2_Epoch21": 0.002991914749145508, "Agent3_Epoch21": 0.0029882192611694336, "Agent4_Epoch21": 0.0029911398887634277, "Agent0_Epoch22": 0.002379477024078369, "Agent1_Epoch22": 0.0029900074005126953, "Agent2_Epoch22": 0.002990901470184326, "Agent3_Epoch22": 0.002991795539855957, "Agent4_Epoch22": 0.0029959678649902344, "Agent0_Epoch23": 0.002382218837738037, "Agent1_Epoch23": 0.0029934048652648926, "Agent2_Epoch23": 0.002993643283843994, "Agent3_Epoch23": 0.002992093563079834, "Agent4_Epoch23": 0.0029934048652648926, "Agent0_Epoch24": 0.0023839473724365234, "Agent1_Epoch24": 0.0029956698417663574, "Agent2_Epoch24": 0.0029938817024230957, "Agent3_Epoch24": 0.002993762493133545, "Agent4_Epoch24": 0.0029935240745544434, "Agent0_Epoch25": 0.0023843050003051758, "Agent1_Epoch25": 0.0029959678649902344, "Agent2_Epoch25": 0.00299680233001709, "Agent3_Epoch25": 0.002995312213897705, "Agent4_Epoch25": 0.0029950737953186035}