{"Agent0_Epoch1": 0.2619916796684265, "Agent1_Epoch1": 0.319599986076355, "Agent2_Epoch1": 0.9942346215248108, "Agent3_Epoch1": 0.995024561882019, "Agent4_Epoch1": 0.9959527254104614, "Agent0_Epoch2": 0.04993700981140137, "Agent1_Epoch2": 0.2839522361755371, "Agent2_Epoch2": 0.28712064027786255, "Agent3_Epoch2": 0.28653717041015625, "Agent4_Epoch2": 0.2916554808616638, "Agent0_Epoch3": 0.02816784381866455, "Agent1_Epoch3": 0.12120413780212402, "Agent2_Epoch3": 0.12023836374282837, "Agent3_Epoch3": 0.11882662773132324, "Agent4_Epoch3": 0.1228068470954895, "Agent0_Epoch4": 0.016804635524749756, "Agent1_Epoch4": 0.05356210470199585, "Agent2_Epoch4": 0.05402439832687378, "Agent3_Epoch4": 0.05461162328720093, "Agent4_Epoch4": 0.05632662773132324, "Agent0_Epoch5": 0.010501384735107422, "Agent1_Epoch5": 0.026090025901794434, "Agent2_Epoch5": 0.027312278747558594, "Agent3_Epoch5": 0.026219546794891357, "Agent4_Epoch5": 0.02953249216079712, "Agent0_Epoch6": 0.007072567939758301, "Agent1_Epoch6": 0.014447987079620361, "Agent2_Epoch6": 0.014426767826080322, "Agent3_Epoch6": 0.013898670673370361, "Agent4_Epoch6": 0.01591581106185913, "Agent0_Epoch7": 0.004890263080596924, "Agent1_Epoch7": 0.008581697940826416, "Agent2_Epoch7": 0.008851945400238037, "Agent3_Epoch7": 0.008746862411499023, "Agent4_Epoch7": 0.009759843349456787, "Agent0_Epoch8": 0.0036373138427734375, "Agent1_Epoch8": 0.005674481391906738, "Agent2_Epoch8": 0.005792677402496338, "Agent3_Epoch8": 0.0059059858322143555, "Agent4_Epoch8": 0.006508469581604004, "Agent0_Epoch9": 0.0027493834495544434, "Agent1_Epoch9": 0.003913223743438721, "Agent2_Epoch9": 0.003992140293121338, "Agent3_Epoch9": 0.003838837146759033, "Agent4_Epoch9": 0.00460660457611084, "Agent0_Epoch10": 0.002110898494720459, "Agent1_Epoch10": 0.002795875072479248, "Agent2_Epoch10": 0.0030629634857177734, "Agent3_Epoch10": 0.0029274821281433105, "Agent4_Epoch10": 0.003350496292114258, "Agent0_Epoch11": 0.0016748905181884766, "Agent1_Epoch11": 0.0020970702171325684, "Agent2_Epoch11": 0.0024451017379760742, "Agent3_Epoch11": 0.002404510974884033, "Agent4_Epoch11": 0.00249326229095459, "Agent0_Epoch12": 0.0014078617095947266, "Agent1_Epoch12": 0.0016863346099853516, "Agent2_Epoch12": 0.0017976760864257812, "Agent3_Epoch12": 0.0017788410186767578, "Agent4_Epoch12": 0.002004563808441162, "Agent0_Epoch13": 0.0015700459480285645, "Agent1_Epoch13": 0.001880049705505371, "Agent2_Epoch13": 0.0018970370292663574, "Agent3_Epoch13": 0.0019487738609313965, "Agent4_Epoch13": 0.0020791292190551758, "Agent0_Epoch14": 0.0016335248947143555, "Agent1_Epoch14": 0.001956045627593994, "Agent2_Epoch14": 0.0020080208778381348, "Agent3_Epoch14": 0.0019748806953430176, "Agent4_Epoch14": 0.0021410584449768066, "Agent0_Epoch15": 0.0016900300979614258, "Agent1_Epoch15": 0.002023458480834961, "Agent2_Epoch15": 0.0020383596420288086, "Agent3_Epoch15": 0.0020418167114257812, "Agent4_Epoch15": 0.00212782621383667, "Agent0_Epoch16": 0.0017178058624267578, "Agent1_Epoch16": 0.0020563602447509766, "Agent2_Epoch16": 0.0020605921745300293, "Agent3_Epoch16": 0.0020943284034729004, "Agent4_Epoch16": 0.0021346211433410645, "Agent0_Epoch17": 0.0017421245574951172, "Agent1_Epoch17": 0.002085268497467041, "Agent2_Epoch17": 0.002089262008666992, "Agent3_Epoch17": 0.002105414867401123, "Agent4_Epoch17": 0.002128303050994873, "Agent0_Epoch18": 0.0017556548118591309, "Agent1_Epoch18": 0.002101421356201172, "Agent2_Epoch18": 0.002113044261932373, "Agent3_Epoch18": 0.00211411714553833, "Agent4_Epoch18": 0.002145051956176758, "Agent0_Epoch19": 0.00177001953125, "Agent1_Epoch19": 0.002118527889251709, "Agent2_Epoch19": 0.002119123935699463, "Agent3_Epoch19": 0.002120375633239746, "Agent4_Epoch19": 0.0021366477012634277, "Agent0_Epoch20": 0.0017769336700439453, "Agent1_Epoch20": 0.002126753330230713, "Agent2_Epoch20": 0.0021255016326904297, "Agent3_Epoch20": 0.002123892307281494, "Agent4_Epoch20": 0.0021433234214782715, "Agent0_Epoch21": 0.0017815232276916504, "Agent1_Epoch21": 0.002132236957550049, "Agent2_Epoch21": 0.0021294355392456055, "Agent3_Epoch21": 0.0021350979804992676, "Agent4_Epoch21": 0.002144336700439453, "Agent0_Epoch22": 0.0017838478088378906, "Agent1_Epoch22": 0.002135038375854492, "Agent2_Epoch22": 0.002138972282409668, "Agent3_Epoch22": 0.002140223979949951, "Agent4_Epoch22": 0.00214463472366333, "Agent0_Epoch23": 0.0017867684364318848, "Agent1_Epoch23": 0.0021384358406066895, "Agent2_Epoch23": 0.002139866352081299, "Agent3_Epoch23": 0.0021422505378723145, "Agent4_Epoch23": 0.0021445751190185547, "Agent0_Epoch24": 0.001788496971130371, "Agent1_Epoch24": 0.002140641212463379, "Agent2_Epoch24": 0.0021429061889648438, "Agent3_Epoch24": 0.00214385986328125, "Agent4_Epoch24": 0.002146422863006592, "Agent0_Epoch25": 0.0017905831336975098, "Agent1_Epoch25": 0.0021430253982543945, "Agent2_Epoch25": 0.0021435022354125977, "Agent3_Epoch25": 0.002143263816833496, "Agent4_Epoch25": 0.0021462440490722656}