{"E1_agent0_norm": 4.016284465789795, "E1_agent1_norm": 2.168128252029419, "E1_agent2_norm": 2.06219744682312, "E1_agent3_norm": 2.1413142681121826, "E1_agent4_norm": 2.2037158012390137, "E2_agent0_norm": 1.195297360420227, "E2_agent1_norm": 1.015574336051941, "E2_agent2_norm": 0.9356501698493958, "E2_agent3_norm": 1.0513746738433838, "E2_agent4_norm": 1.218778133392334, "E3_agent0_norm": 1.0404069423675537, "E3_agent1_norm": 0.6066915392875671, "E3_agent2_norm": 0.7219847440719604, "E3_agent3_norm": 0.6616807579994202, "E3_agent4_norm": 0.8209636211395264, "E4_agent0_norm": 0.5341976284980774, "E4_agent1_norm": 0.32972005009651184, "E4_agent2_norm": 0.3499372601509094, "E4_agent3_norm": 0.3150918185710907, "E4_agent4_norm": 0.4525280296802521, "E5_agent0_norm": 0.3846448063850403, "E5_agent1_norm": 0.25228017568588257, "E5_agent2_norm": 0.2816079258918762, "E5_agent3_norm": 0.26418536901474, "E5_agent4_norm": 0.32260337471961975, "E6_agent0_norm": 0.34863442182540894, "E6_agent1_norm": 0.18839658796787262, "E6_agent2_norm": 0.19846504926681519, "E6_agent3_norm": 0.1815030425786972, "E6_agent4_norm": 0.25022247433662415, "E7_agent0_norm": 0.26978906989097595, "E7_agent1_norm": 0.15528084337711334, "E7_agent2_norm": 0.16969077289104462, "E7_agent3_norm": 0.15626020729541779, "E7_agent4_norm": 0.21870481967926025, "E8_agent0_norm": 0.22702617943286896, "E8_agent1_norm": 0.11823918670415878, "E8_agent2_norm": 0.1341780424118042, "E8_agent3_norm": 0.11224900931119919, "E8_agent4_norm": 0.24320495128631592, "E9_agent0_norm": 0.21892434358596802, "E9_agent1_norm": 0.1053447276353836, "E9_agent2_norm": 0.11458202451467514, "E9_agent3_norm": 0.09653109312057495, "E9_agent4_norm": 0.17203275859355927, "E10_agent0_norm": 0.21859970688819885, "E10_agent1_norm": 0.0877605751156807, "E10_agent2_norm": 0.0938359722495079, "E10_agent3_norm": 0.09461827576160431, "E10_agent4_norm": 0.17519141733646393, "E11_agent0_norm": 0.04842159152030945, "E11_agent1_norm": 0.04631656035780907, "E11_agent2_norm": 0.055727001279592514, "E11_agent3_norm": 0.03551897034049034, "E11_agent4_norm": 0.11030324548482895, "E12_agent0_norm": 0.031165776774287224, "E12_agent1_norm": 0.029853714630007744, "E12_agent2_norm": 0.03191152960062027, "E12_agent3_norm": 0.02402215078473091, "E12_agent4_norm": 0.06007753312587738, "E13_agent0_norm": 0.02123946137726307, "E13_agent1_norm": 0.02244274877011776, "E13_agent2_norm": 0.023676421493291855, "E13_agent3_norm": 0.014532498084008694, "E13_agent4_norm": 0.038617998361587524, "E14_agent0_norm": 0.016511095687747, "E14_agent1_norm": 0.01654413901269436, "E14_agent2_norm": 0.027491029351949692, "E14_agent3_norm": 0.012480742298066616, "E14_agent4_norm": 0.03267080709338188, "E15_agent0_norm": 0.013547702692449093, "E15_agent1_norm": 0.015202893875539303, "E15_agent2_norm": 0.015189635567367077, "E15_agent3_norm": 0.011836091056466103, "E15_agent4_norm": 0.027376040816307068, "E16_agent0_norm": 0.008093728683888912, "E16_agent1_norm": 0.008416438475251198, "E16_agent2_norm": 0.012560471892356873, "E16_agent3_norm": 0.008214938454329967, "E16_agent4_norm": 0.01353889424353838, "E17_agent0_norm": 0.0053538731299340725, "E17_agent1_norm": 0.006697018630802631, "E17_agent2_norm": 0.005650373641401529, "E17_agent3_norm": 0.004348671063780785, "E17_agent4_norm": 0.01412062905728817, "E18_agent0_norm": 0.004130912479013205, "E18_agent1_norm": 0.0038068906869739294, "E18_agent2_norm": 0.004026417620480061, "E18_agent3_norm": 0.0033349746372550726, "E18_agent4_norm": 0.008655654266476631, "E19_agent0_norm": 0.002002138877287507, "E19_agent1_norm": 0.002976212417706847, "E19_agent2_norm": 0.002932488452643156, "E19_agent3_norm": 0.001797476434148848, "E19_agent4_norm": 0.006201653275638819, "E20_agent0_norm": 0.001482369494624436, "E20_agent1_norm": 0.0019262810237705708, "E20_agent2_norm": 0.00215731980279088, "E20_agent3_norm": 0.001108771306462586, "E20_agent4_norm": 0.004991837311536074, "E21_agent0_norm": 0.0015622377395629883, "E21_agent1_norm": 0.001949769794009626, "E21_agent2_norm": 0.001939685782417655, "E21_agent3_norm": 0.0013705124147236347, "E21_agent4_norm": 0.00417658407241106, "E22_agent0_norm": 0.0008440205710940063, "E22_agent1_norm": 0.0016527477419003844, "E22_agent2_norm": 0.0009591445559635758, "E22_agent3_norm": 0.000832154240924865, "E22_agent4_norm": 0.0015580386389046907, "E23_agent0_norm": 0.0006291283061727881, "E23_agent1_norm": 0.0007538002682849765, "E23_agent2_norm": 0.0009230930008925498, "E23_agent3_norm": 0.00046543331700377166, "E23_agent4_norm": 0.0010572751052677631, "E24_agent0_norm": 0.0004064493114128709, "E24_agent1_norm": 0.0006984556093811989, "E24_agent2_norm": 0.0004602468106895685, "E24_agent3_norm": 0.00033756394986994565, "E24_agent4_norm": 0.001196023658849299, "E25_agent0_norm": 0.00034053827403113246, "E25_agent1_norm": 0.0005028554005548358, "E25_agent2_norm": 0.0003433923120610416, "E25_agent3_norm": 0.000304309738567099, "E25_agent4_norm": 0.0008441968238912523}