{"E1_agent0_norm": 4.2537689208984375, "E1_agent1_norm": 2.132486343383789, "E1_agent2_norm": 2.1441731452941895, "E1_agent3_norm": 1.8576884269714355, "E1_agent4_norm": 2.2278032302856445, "E2_agent0_norm": 1.2627201080322266, "E2_agent1_norm": 0.9506930112838745, "E2_agent2_norm": 0.8717013001441956, "E2_agent3_norm": 0.9931718707084656, "E2_agent4_norm": 1.3532143831253052, "E3_agent0_norm": 0.834802508354187, "E3_agent1_norm": 0.49057531356811523, "E3_agent2_norm": 0.5453364849090576, "E3_agent3_norm": 0.5319404602050781, "E3_agent4_norm": 0.6217641234397888, "E4_agent0_norm": 0.5763424038887024, "E4_agent1_norm": 0.37833812832832336, "E4_agent2_norm": 0.40996724367141724, "E4_agent3_norm": 0.3608291745185852, "E4_agent4_norm": 0.44385337829589844, "E5_agent0_norm": 0.433530330657959, "E5_agent1_norm": 0.32576268911361694, "E5_agent2_norm": 0.2684653103351593, "E5_agent3_norm": 0.356951504945755, "E5_agent4_norm": 0.34044644236564636, "E6_agent0_norm": 0.3131953179836273, "E6_agent1_norm": 0.26128727197647095, "E6_agent2_norm": 0.2129065990447998, "E6_agent3_norm": 0.17460228502750397, "E6_agent4_norm": 0.26429638266563416, "E7_agent0_norm": 0.2988502085208893, "E7_agent1_norm": 0.22370895743370056, "E7_agent2_norm": 0.1768122911453247, "E7_agent3_norm": 0.15129868686199188, "E7_agent4_norm": 0.1642286777496338, "E8_agent0_norm": 0.24957764148712158, "E8_agent1_norm": 0.1682971715927124, "E8_agent2_norm": 0.13566972315311432, "E8_agent3_norm": 0.11065487563610077, "E8_agent4_norm": 0.13332979381084442, "E9_agent0_norm": 0.23681165277957916, "E9_agent1_norm": 0.15715138614177704, "E9_agent2_norm": 0.10913507640361786, "E9_agent3_norm": 0.09858290106058121, "E9_agent4_norm": 0.12962257862091064, "E10_agent0_norm": 0.22312025725841522, "E10_agent1_norm": 0.14151203632354736, "E10_agent2_norm": 0.08703724294900894, "E10_agent3_norm": 0.08555296063423157, "E10_agent4_norm": 0.11690528690814972, "E11_agent0_norm": 0.1910228580236435, "E11_agent1_norm": 0.10462664067745209, "E11_agent2_norm": 0.08127070218324661, "E11_agent3_norm": 0.07380200922489166, "E11_agent4_norm": 0.10353916883468628, "E12_agent0_norm": 0.17390133440494537, "E12_agent1_norm": 0.09232708811759949, "E12_agent2_norm": 0.06545746326446533, "E12_agent3_norm": 0.06806257367134094, "E12_agent4_norm": 0.09724413603544235, "E13_agent0_norm": 0.13805072009563446, "E13_agent1_norm": 0.07366383075714111, "E13_agent2_norm": 0.05284155160188675, "E13_agent3_norm": 0.06177955120801926, "E13_agent4_norm": 0.08835124224424362, "E14_agent0_norm": 0.11598711460828781, "E14_agent1_norm": 0.0523935966193676, "E14_agent2_norm": 0.03797917068004608, "E14_agent3_norm": 0.04098649322986603, "E14_agent4_norm": 0.050536371767520905, "E15_agent0_norm": 0.06410577893257141, "E15_agent1_norm": 0.034690771251916885, "E15_agent2_norm": 0.026239557191729546, "E15_agent3_norm": 0.03114304691553116, "E15_agent4_norm": 0.04986708238720894, "E16_agent0_norm": 0.03596022352576256, "E16_agent1_norm": 0.019747288897633553, "E16_agent2_norm": 0.015498501248657703, "E16_agent3_norm": 0.013678797520697117, "E16_agent4_norm": 0.017725951969623566, "E17_agent0_norm": 0.02040698379278183, "E17_agent1_norm": 0.012296336703002453, "E17_agent2_norm": 0.010693018324673176, "E17_agent3_norm": 0.00841076672077179, "E17_agent4_norm": 0.009764004498720169, "E18_agent0_norm": 0.013352524489164352, "E18_agent1_norm": 0.007696161512285471, "E18_agent2_norm": 0.006680899765342474, "E18_agent3_norm": 0.006108962930738926, "E18_agent4_norm": 0.0063431779853999615, "E19_agent0_norm": 0.009736498817801476, "E19_agent1_norm": 0.006558237597346306, "E19_agent2_norm": 0.004131630063056946, "E19_agent3_norm": 0.004329537972807884, "E19_agent4_norm": 0.007437525782734156, "E20_agent0_norm": 0.0057800812646746635, "E20_agent1_norm": 0.004389295354485512, "E20_agent2_norm": 0.0028561209328472614, "E20_agent3_norm": 0.0025533793959766626, "E20_agent4_norm": 0.0030617285519838333, "E21_agent0_norm": 0.004356494639068842, "E21_agent1_norm": 0.00282626086845994, "E21_agent2_norm": 0.002058345591649413, "E21_agent3_norm": 0.0019668620079755783, "E21_agent4_norm": 0.003257225500419736, "E22_agent0_norm": 0.0026402876246720552, "E22_agent1_norm": 0.0018257999327033758, "E22_agent2_norm": 0.0012516746064648032, "E22_agent3_norm": 0.001254715258255601, "E22_agent4_norm": 0.0020439454820007086, "E23_agent0_norm": 0.002055152552202344, "E23_agent1_norm": 0.0014779472257941961, "E23_agent2_norm": 0.0010068896226584911, "E23_agent3_norm": 0.000998599804006517, "E23_agent4_norm": 0.001751890406012535, "E24_agent0_norm": 0.001293287263251841, "E24_agent1_norm": 0.0011882849503308535, "E24_agent2_norm": 0.000672630500048399, "E24_agent3_norm": 0.0006748836603946984, "E24_agent4_norm": 0.0008903876296244562, "E25_agent0_norm": 0.001022634212858975, "E25_agent1_norm": 0.0007016375311650336, "E25_agent2_norm": 0.00046918311272747815, "E25_agent3_norm": 0.0004988767323084176, "E25_agent4_norm": 0.0006629700656048954}