{"E1_agent0_norm": 4.236593723297119, "E1_agent1_norm": 2.070610761642456, "E1_agent2_norm": 2.0907063484191895, "E1_agent3_norm": 2.006126880645752, "E1_agent4_norm": 2.45481538772583, "E2_agent0_norm": 1.3152297735214233, "E2_agent1_norm": 1.1070321798324585, "E2_agent2_norm": 0.9206967353820801, "E2_agent3_norm": 0.9145241975784302, "E2_agent4_norm": 1.1415491104125977, "E3_agent0_norm": 0.9252439737319946, "E3_agent1_norm": 0.5501604676246643, "E3_agent2_norm": 0.5624457597732544, "E3_agent3_norm": 0.527999222278595, "E3_agent4_norm": 0.8528739809989929, "E4_agent0_norm": 0.5437051653862, "E4_agent1_norm": 0.31551066040992737, "E4_agent2_norm": 0.340700626373291, "E4_agent3_norm": 0.3166743218898773, "E4_agent4_norm": 0.431774377822876, "E5_agent0_norm": 0.4607298970222473, "E5_agent1_norm": 0.25344595313072205, "E5_agent2_norm": 0.2514882981777191, "E5_agent3_norm": 0.2635594606399536, "E5_agent4_norm": 0.3549875319004059, "E6_agent0_norm": 0.3359661102294922, "E6_agent1_norm": 0.19539064168930054, "E6_agent2_norm": 0.20197254419326782, "E6_agent3_norm": 0.15779663622379303, "E6_agent4_norm": 0.28323209285736084, "E7_agent0_norm": 0.30161935091018677, "E7_agent1_norm": 0.1552421748638153, "E7_agent2_norm": 0.15231028199195862, "E7_agent3_norm": 0.1445382684469223, "E7_agent4_norm": 0.23451726138591766, "E8_agent0_norm": 0.2784956991672516, "E8_agent1_norm": 0.11584267020225525, "E8_agent2_norm": 0.13808637857437134, "E8_agent3_norm": 0.11228256672620773, "E8_agent4_norm": 0.2253882884979248, "E9_agent0_norm": 0.2220408171415329, "E9_agent1_norm": 0.12340617179870605, "E9_agent2_norm": 0.1307339370250702, "E9_agent3_norm": 0.1231682300567627, "E9_agent4_norm": 0.18952958285808563, "E10_agent0_norm": 0.23016253113746643, "E10_agent1_norm": 0.08470775932073593, "E10_agent2_norm": 0.09797056019306183, "E10_agent3_norm": 0.09135850518941879, "E10_agent4_norm": 0.1894512176513672, "E11_agent0_norm": 0.06718655675649643, "E11_agent1_norm": 0.04873261600732803, "E11_agent2_norm": 0.05177534744143486, "E11_agent3_norm": 0.043056901544332504, "E11_agent4_norm": 0.1290493756532669, "E12_agent0_norm": 0.0318845771253109, "E12_agent1_norm": 0.03099803254008293, "E12_agent2_norm": 0.03096357174217701, "E12_agent3_norm": 0.029722589999437332, "E12_agent4_norm": 0.06120593845844269, "E13_agent0_norm": 0.02139422856271267, "E13_agent1_norm": 0.01682770438492298, "E13_agent2_norm": 0.019322702661156654, "E13_agent3_norm": 0.014583507552742958, "E13_agent4_norm": 0.03810960054397583, "E14_agent0_norm": 0.015581196174025536, "E14_agent1_norm": 0.013828707858920097, "E14_agent2_norm": 0.018208567053079605, "E14_agent3_norm": 0.012063371017575264, "E14_agent4_norm": 0.030532391741871834, "E15_agent0_norm": 0.011227310635149479, "E15_agent1_norm": 0.009977202862501144, "E15_agent2_norm": 0.011417272500693798, "E15_agent3_norm": 0.011373172514140606, "E15_agent4_norm": 0.023649277165532112, "E16_agent0_norm": 0.009093263186514378, "E16_agent1_norm": 0.008388983085751534, "E16_agent2_norm": 0.007935850881040096, "E16_agent3_norm": 0.008379321545362473, "E16_agent4_norm": 0.02141735516488552, "E17_agent0_norm": 0.005687593948096037, "E17_agent1_norm": 0.005163505673408508, "E17_agent2_norm": 0.004883881192654371, "E17_agent3_norm": 0.007121176924556494, "E17_agent4_norm": 0.016850043088197708, "E18_agent0_norm": 0.0038579024840146303, "E18_agent1_norm": 0.0038715163245797157, "E18_agent2_norm": 0.0036634281277656555, "E18_agent3_norm": 0.004706315230578184, "E18_agent4_norm": 0.007958871312439442, "E19_agent0_norm": 0.0033327490091323853, "E19_agent1_norm": 0.002962970407679677, "E19_agent2_norm": 0.0028714577201753855, "E19_agent3_norm": 0.0038162057753652334, "E19_agent4_norm": 0.007264516316354275, "E20_agent0_norm": 0.0017903054831549525, "E20_agent1_norm": 0.0021627352107316256, "E20_agent2_norm": 0.0018393967766314745, "E20_agent3_norm": 0.0018317518988624215, "E20_agent4_norm": 0.0057130311615765095, "E21_agent0_norm": 0.0013981112278997898, "E21_agent1_norm": 0.0012145360233262181, "E21_agent2_norm": 0.001445108326151967, "E21_agent3_norm": 0.001454105251468718, "E21_agent4_norm": 0.0036721816286444664, "E22_agent0_norm": 0.0008657861617393792, "E22_agent1_norm": 0.0008512934437021613, "E22_agent2_norm": 0.0007504976238124073, "E22_agent3_norm": 0.0006523281917907298, "E22_agent4_norm": 0.0015236464096233249, "E23_agent0_norm": 0.0006344806170091033, "E23_agent1_norm": 0.0006213398301042616, "E23_agent2_norm": 0.0009510223171673715, "E23_agent3_norm": 0.0006313722115010023, "E23_agent4_norm": 0.001712289871647954, "E24_agent0_norm": 0.000487130309920758, "E24_agent1_norm": 0.0004364602791611105, "E24_agent2_norm": 0.0004980075755156577, "E24_agent3_norm": 0.0004846448136959225, "E24_agent4_norm": 0.0010308853816241026, "E25_agent0_norm": 0.000349688867572695, "E25_agent1_norm": 0.0003277900395914912, "E25_agent2_norm": 0.0003778133832383901, "E25_agent3_norm": 0.0002584328467492014, "E25_agent4_norm": 0.0006825185846537352}