{"E1_agent0_norm": 4.081256866455078, "E1_agent1_norm": 2.1684746742248535, "E1_agent2_norm": 2.0256869792938232, "E1_agent3_norm": 1.985680103302002, "E1_agent4_norm": 2.4114909172058105, "E2_agent0_norm": 1.3227368593215942, "E2_agent1_norm": 0.995059072971344, "E2_agent2_norm": 0.9689188599586487, "E2_agent3_norm": 0.9396063089370728, "E2_agent4_norm": 0.9815373420715332, "E3_agent0_norm": 0.8504543900489807, "E3_agent1_norm": 0.5443665385246277, "E3_agent2_norm": 0.5259224772453308, "E3_agent3_norm": 0.6166099309921265, "E3_agent4_norm": 0.7331971526145935, "E4_agent0_norm": 0.6263558268547058, "E4_agent1_norm": 0.33768776059150696, "E4_agent2_norm": 0.3596310615539551, "E4_agent3_norm": 0.34077978134155273, "E4_agent4_norm": 0.4388623535633087, "E5_agent0_norm": 0.39625084400177, "E5_agent1_norm": 0.24809394776821136, "E5_agent2_norm": 0.25001150369644165, "E5_agent3_norm": 0.2267310470342636, "E5_agent4_norm": 0.3504376709461212, "E6_agent0_norm": 0.3264943063259125, "E6_agent1_norm": 0.21539300680160522, "E6_agent2_norm": 0.22431467473506927, "E6_agent3_norm": 0.16989409923553467, "E6_agent4_norm": 0.2535058557987213, "E7_agent0_norm": 0.27542874217033386, "E7_agent1_norm": 0.17963582277297974, "E7_agent2_norm": 0.15332865715026855, "E7_agent3_norm": 0.15599454939365387, "E7_agent4_norm": 0.194357231259346, "E8_agent0_norm": 0.2622537910938263, "E8_agent1_norm": 0.15331792831420898, "E8_agent2_norm": 0.1428256779909134, "E8_agent3_norm": 0.12754930555820465, "E8_agent4_norm": 0.14435982704162598, "E9_agent0_norm": 0.22476422786712646, "E9_agent1_norm": 0.12775379419326782, "E9_agent2_norm": 0.1104418933391571, "E9_agent3_norm": 0.10046117007732391, "E9_agent4_norm": 0.14309045672416687, "E10_agent0_norm": 0.21304047107696533, "E10_agent1_norm": 0.10452704131603241, "E10_agent2_norm": 0.09675348550081253, "E10_agent3_norm": 0.09538905322551727, "E10_agent4_norm": 0.14688214659690857, "E11_agent0_norm": 0.18930840492248535, "E11_agent1_norm": 0.0930543839931488, "E11_agent2_norm": 0.07975807785987854, "E11_agent3_norm": 0.07983279973268509, "E11_agent4_norm": 0.10807189345359802, "E12_agent0_norm": 0.16997598111629486, "E12_agent1_norm": 0.0719483345746994, "E12_agent2_norm": 0.06538952887058258, "E12_agent3_norm": 0.068242147564888, "E12_agent4_norm": 0.1121528372168541, "E13_agent0_norm": 0.05871635302901268, "E13_agent1_norm": 0.036529023200273514, "E13_agent2_norm": 0.03162451088428497, "E13_agent3_norm": 0.03364674746990204, "E13_agent4_norm": 0.039409007877111435, "E14_agent0_norm": 0.027498994022607803, "E14_agent1_norm": 0.02303405851125717, "E14_agent2_norm": 0.021129321306943893, "E14_agent3_norm": 0.01758384332060814, "E14_agent4_norm": 0.03053699992597103, "E15_agent0_norm": 0.019439948722720146, "E15_agent1_norm": 0.018102295696735382, "E15_agent2_norm": 0.015375942923128605, "E15_agent3_norm": 0.012273353524506092, "E15_agent4_norm": 0.023596489802002907, "E16_agent0_norm": 0.01081173401325941, "E16_agent1_norm": 0.011095329187810421, "E16_agent2_norm": 0.009421990253031254, "E16_agent3_norm": 0.006637709680944681, "E16_agent4_norm": 0.010080474428832531, "E17_agent0_norm": 0.00783190131187439, "E17_agent1_norm": 0.007141756359487772, "E17_agent2_norm": 0.0061614722944796085, "E17_agent3_norm": 0.006838344037532806, "E17_agent4_norm": 0.005608688108623028, "E18_agent0_norm": 0.006137363612651825, "E18_agent1_norm": 0.005148507654666901, "E18_agent2_norm": 0.004081594757735729, "E18_agent3_norm": 0.003670969046652317, "E18_agent4_norm": 0.005910104140639305, "E19_agent0_norm": 0.004247581120580435, "E19_agent1_norm": 0.004195408429950476, "E19_agent2_norm": 0.003013819456100464, "E19_agent3_norm": 0.0029469842556864023, "E19_agent4_norm": 0.0030283003579825163, "E20_agent0_norm": 0.002658173209056258, "E20_agent1_norm": 0.0022963890805840492, "E20_agent2_norm": 0.0019848488736897707, "E20_agent3_norm": 0.0018264497630298138, "E20_agent4_norm": 0.002379028359428048, "E21_agent0_norm": 0.001937452587299049, "E21_agent1_norm": 0.0016873739659786224, "E21_agent2_norm": 0.0016000973992049694, "E21_agent3_norm": 0.0012821222189813852, "E21_agent4_norm": 0.002782379975542426, "E22_agent0_norm": 0.001427095732651651, "E22_agent1_norm": 0.0014183471212163568, "E22_agent2_norm": 0.001129082520492375, "E22_agent3_norm": 0.0009898887947201729, "E22_agent4_norm": 0.0016901582712307572, "E23_agent0_norm": 0.00105840724427253, "E23_agent1_norm": 0.0009180724737234414, "E23_agent2_norm": 0.0007293702801689506, "E23_agent3_norm": 0.0006371130584739149, "E23_agent4_norm": 0.0008940626285038888, "E24_agent0_norm": 0.0007139836088754237, "E24_agent1_norm": 0.0006115732830949128, "E24_agent2_norm": 0.000524353701621294, "E24_agent3_norm": 0.0004427104431670159, "E24_agent4_norm": 0.0011996885295957327, "E25_agent0_norm": 0.0005094294901937246, "E25_agent1_norm": 0.0004305017937440425, "E25_agent2_norm": 0.0003867838531732559, "E25_agent3_norm": 0.00037694789352826774, "E25_agent4_norm": 0.0004975791089236736}