{"E1_agent0_norm": 4.081445693969727, "E1_agent1_norm": 2.126934051513672, "E1_agent2_norm": 2.1635475158691406, "E1_agent3_norm": 1.798911213874817, "E1_agent4_norm": 2.22772479057312, "E2_agent0_norm": 1.3419634103775024, "E2_agent1_norm": 0.8953787684440613, "E2_agent2_norm": 0.9374669790267944, "E2_agent3_norm": 1.1485849618911743, "E2_agent4_norm": 0.9691761136054993, "E3_agent0_norm": 0.852196991443634, "E3_agent1_norm": 0.5441935062408447, "E3_agent2_norm": 0.6232428550720215, "E3_agent3_norm": 0.5034683346748352, "E3_agent4_norm": 0.756055474281311, "E4_agent0_norm": 0.6090669631958008, "E4_agent1_norm": 0.35815325379371643, "E4_agent2_norm": 0.3409267067909241, "E4_agent3_norm": 0.37833040952682495, "E4_agent4_norm": 0.4741199314594269, "E5_agent0_norm": 0.44990894198417664, "E5_agent1_norm": 0.26238012313842773, "E5_agent2_norm": 0.30550137162208557, "E5_agent3_norm": 0.28519976139068604, "E5_agent4_norm": 0.3092014193534851, "E6_agent0_norm": 0.32057496905326843, "E6_agent1_norm": 0.18755805492401123, "E6_agent2_norm": 0.21862778067588806, "E6_agent3_norm": 0.1809653639793396, "E6_agent4_norm": 0.20175673067569733, "E7_agent0_norm": 0.26274123787879944, "E7_agent1_norm": 0.16295957565307617, "E7_agent2_norm": 0.178202822804451, "E7_agent3_norm": 0.15147341787815094, "E7_agent4_norm": 0.2188316434621811, "E8_agent0_norm": 0.253580778837204, "E8_agent1_norm": 0.1339627206325531, "E8_agent2_norm": 0.16157574951648712, "E8_agent3_norm": 0.1464851200580597, "E8_agent4_norm": 0.14290645718574524, "E9_agent0_norm": 0.20250406861305237, "E9_agent1_norm": 0.10372301191091537, "E9_agent2_norm": 0.1552421599626541, "E9_agent3_norm": 0.11099593341350555, "E9_agent4_norm": 0.11450314521789551, "E10_agent0_norm": 0.17920005321502686, "E10_agent1_norm": 0.09178835153579712, "E10_agent2_norm": 0.13638457655906677, "E10_agent3_norm": 0.091728076338768, "E10_agent4_norm": 0.09337209165096283, "E11_agent0_norm": 0.16378608345985413, "E11_agent1_norm": 0.08256442844867706, "E11_agent2_norm": 0.10933760553598404, "E11_agent3_norm": 0.0784664899110794, "E11_agent4_norm": 0.07875175029039383, "E12_agent0_norm": 0.15427517890930176, "E12_agent1_norm": 0.06665410101413727, "E12_agent2_norm": 0.08501268923282623, "E12_agent3_norm": 0.06270275264978409, "E12_agent4_norm": 0.06263763457536697, "E13_agent0_norm": 0.054414667189121246, "E13_agent1_norm": 0.03827854245901108, "E13_agent2_norm": 0.060080382972955704, "E13_agent3_norm": 0.038806188851594925, "E13_agent4_norm": 0.040858473628759384, "E14_agent0_norm": 0.030794264748692513, "E14_agent1_norm": 0.021300209686160088, "E14_agent2_norm": 0.032501623034477234, "E14_agent3_norm": 0.023821666836738586, "E14_agent4_norm": 0.028323933482170105, "E15_agent0_norm": 0.020279765129089355, "E15_agent1_norm": 0.013704134151339531, "E15_agent2_norm": 0.023836711421608925, "E15_agent3_norm": 0.013281739316880703, "E15_agent4_norm": 0.016730284318327904, "E16_agent0_norm": 0.013334380462765694, "E16_agent1_norm": 0.00805650558322668, "E16_agent2_norm": 0.015048735775053501, "E16_agent3_norm": 0.009463288821280003, "E16_agent4_norm": 0.011706146411597729, "E17_agent0_norm": 0.00854933075606823, "E17_agent1_norm": 0.0059607429429888725, "E17_agent2_norm": 0.011525223031640053, "E17_agent3_norm": 0.005676367320120335, "E17_agent4_norm": 0.008160819299519062, "E18_agent0_norm": 0.006783781573176384, "E18_agent1_norm": 0.004299169406294823, "E18_agent2_norm": 0.00606010714545846, "E18_agent3_norm": 0.004703789949417114, "E18_agent4_norm": 0.006955679506063461, "E19_agent0_norm": 0.004362966865301132, "E19_agent1_norm": 0.0029599268455058336, "E19_agent2_norm": 0.004362188279628754, "E19_agent3_norm": 0.0030153493862599134, "E19_agent4_norm": 0.004275151528418064, "E20_agent0_norm": 0.0032990502659231424, "E20_agent1_norm": 0.002082479652017355, "E20_agent2_norm": 0.0030725032556802034, "E20_agent3_norm": 0.002118069212883711, "E20_agent4_norm": 0.003322744043543935, "E21_agent0_norm": 0.0019973390735685825, "E21_agent1_norm": 0.0014000021619722247, "E21_agent2_norm": 0.002811446087434888, "E21_agent3_norm": 0.0015489987563341856, "E21_agent4_norm": 0.0027354091871529818, "E22_agent0_norm": 0.0015124514466151595, "E22_agent1_norm": 0.0009861605940386653, "E22_agent2_norm": 0.0015775179490447044, "E22_agent3_norm": 0.0010708986083045602, "E22_agent4_norm": 0.002092425711452961, "E23_agent0_norm": 0.001032732310704887, "E23_agent1_norm": 0.0006682476378045976, "E23_agent2_norm": 0.0013693480286747217, "E23_agent3_norm": 0.0008099277620203793, "E23_agent4_norm": 0.0011336390161886811, "E24_agent0_norm": 0.0007846963708288968, "E24_agent1_norm": 0.0005373996682465076, "E24_agent2_norm": 0.0009287239518016577, "E24_agent3_norm": 0.0005483187851496041, "E24_agent4_norm": 0.000598639773670584, "E25_agent0_norm": 0.0005126793403178453, "E25_agent1_norm": 0.00037154616438783705, "E25_agent2_norm": 0.0007208617753349245, "E25_agent3_norm": 0.0004023528890684247, "E25_agent4_norm": 0.0007395725697278976}