{"Agent0_Epoch1": 0.2891225218772888, "Agent1_Epoch1": 0.29170548915863037, "Agent2_Epoch1": 0.9919231534004211, "Agent3_Epoch1": 0.9990254640579224, "Agent4_Epoch1": 0.9967092871665955, "Agent0_Epoch2": 0.056990861892700195, "Agent1_Epoch2": 0.2868829369544983, "Agent2_Epoch2": 0.2964567542076111, "Agent3_Epoch2": 0.2911558151245117, "Agent4_Epoch2": 0.2976601719856262, "Agent0_Epoch3": 0.03258073329925537, "Agent1_Epoch3": 0.1334032416343689, "Agent2_Epoch3": 0.13690608739852905, "Agent3_Epoch3": 0.13098323345184326, "Agent4_Epoch3": 0.13656795024871826, "Agent0_Epoch4": 0.020430445671081543, "Agent1_Epoch4": 0.0632634162902832, "Agent2_Epoch4": 0.06396245956420898, "Agent3_Epoch4": 0.06388068199157715, "Agent4_Epoch4": 0.0679323673248291, "Agent0_Epoch5": 0.01326000690460205, "Agent1_Epoch5": 0.03256392478942871, "Agent2_Epoch5": 0.03330814838409424, "Agent3_Epoch5": 0.03344219923019409, "Agent4_Epoch5": 0.03675192594528198, "Agent0_Epoch6": 0.009278297424316406, "Agent1_Epoch6": 0.018845319747924805, "Agent2_Epoch6": 0.01901918649673462, "Agent3_Epoch6": 0.01832592487335205, "Agent4_Epoch6": 0.019790351390838623, "Agent0_Epoch7": 0.006497383117675781, "Agent1_Epoch7": 0.011392951011657715, "Agent2_Epoch7": 0.011618614196777344, "Agent3_Epoch7": 0.011503517627716064, "Agent4_Epoch7": 0.013149023056030273, "Agent0_Epoch8": 0.005018293857574463, "Agent1_Epoch8": 0.007860183715820312, "Agent2_Epoch8": 0.007541775703430176, "Agent3_Epoch8": 0.0076446533203125, "Agent4_Epoch8": 0.008257508277893066, "Agent0_Epoch9": 0.003866732120513916, "Agent1_Epoch9": 0.005538046360015869, "Agent2_Epoch9": 0.005739808082580566, "Agent3_Epoch9": 0.005376100540161133, "Agent4_Epoch9": 0.006232142448425293, "Agent0_Epoch10": 0.0031933188438415527, "Agent1_Epoch10": 0.004262983798980713, "Agent2_Epoch10": 0.0042501091957092285, "Agent3_Epoch10": 0.004184126853942871, "Agent4_Epoch10": 0.004608571529388428, "Agent0_Epoch11": 0.002703249454498291, "Agent1_Epoch11": 0.0034139156341552734, "Agent2_Epoch11": 0.0031371712684631348, "Agent3_Epoch11": 0.0031443238258361816, "Agent4_Epoch11": 0.0034473538398742676, "Agent0_Epoch12": 0.0022446513175964355, "Agent1_Epoch12": 0.002713799476623535, "Agent2_Epoch12": 0.0025933384895324707, "Agent3_Epoch12": 0.002593398094177246, "Agent4_Epoch12": 0.0028949975967407227, "Agent0_Epoch13": 0.0018554329872131348, "Agent1_Epoch13": 0.002166271209716797, "Agent2_Epoch13": 0.002137601375579834, "Agent3_Epoch13": 0.0017418265342712402, "Agent4_Epoch13": 0.0021153688430786133, "Agent0_Epoch14": 0.0014581084251403809, "Agent1_Epoch14": 0.0016553401947021484, "Agent2_Epoch14": 0.0015866756439208984, "Agent3_Epoch14": 0.0016642212867736816, "Agent4_Epoch14": 0.0018975138664245605, "Agent0_Epoch15": 0.001137375831604004, "Agent1_Epoch15": 0.0012626051902770996, "Agent2_Epoch15": 0.0012488365173339844, "Agent3_Epoch15": 0.001154780387878418, "Agent4_Epoch15": 0.0012533068656921387, "Agent0_Epoch16": 0.0008314847946166992, "Agent1_Epoch16": 0.0009059309959411621, "Agent2_Epoch16": 0.0009052753448486328, "Agent3_Epoch16": 0.0008376836776733398, "Agent4_Epoch16": 0.0010510683059692383, "Agent0_Epoch17": 0.0005974173545837402, "Agent1_Epoch17": 0.0006409287452697754, "Agent2_Epoch17": 0.0006650686264038086, "Agent3_Epoch17": 0.0006516575813293457, "Agent4_Epoch17": 0.0007128715515136719, "Agent0_Epoch18": 0.0004283785820007324, "Agent1_Epoch18": 0.000453948974609375, "Agent2_Epoch18": 0.00043773651123046875, "Agent3_Epoch18": 0.0004406571388244629, "Agent4_Epoch18": 0.00045996904373168945, "Agent0_Epoch19": 0.0002945065498352051, "Agent1_Epoch19": 0.00030863285064697266, "Agent2_Epoch19": 0.0003101825714111328, "Agent3_Epoch19": 0.00028014183044433594, "Agent4_Epoch19": 0.00032454729080200195, "Agent0_Epoch20": 0.00019997358322143555, "Agent1_Epoch20": 0.0002078413963317871, "Agent2_Epoch20": 0.00021010637283325195, "Agent3_Epoch20": 0.0002009272575378418, "Agent4_Epoch20": 0.0002301335334777832, "Agent0_Epoch21": 0.00013697147369384766, "Agent1_Epoch21": 0.00014144182205200195, "Agent2_Epoch21": 0.00014191865921020508, "Agent3_Epoch21": 0.00013458728790283203, "Agent4_Epoch21": 0.00014549493789672852, "Agent0_Epoch22": 9.161233901977539e-05, "Agent1_Epoch22": 9.40561294555664e-05, "Agent2_Epoch22": 9.518861770629883e-05, "Agent3_Epoch22": 9.053945541381836e-05, "Agent4_Epoch22": 9.924173355102539e-05, "Agent0_Epoch23": 6.139278411865234e-05, "Agent1_Epoch23": 6.270408630371094e-05, "Agent2_Epoch23": 6.324052810668945e-05, "Agent3_Epoch23": 5.733966827392578e-05, "Agent4_Epoch23": 6.705522537231445e-05, "Agent0_Epoch24": 4.07099723815918e-05, "Agent1_Epoch24": 4.1365623474121094e-05, "Agent2_Epoch24": 4.1425228118896484e-05, "Agent3_Epoch24": 4.0590763092041016e-05, "Agent4_Epoch24": 4.303455352783203e-05, "Agent0_Epoch25": 2.6941299438476562e-05, "Agent1_Epoch25": 2.7358531951904297e-05, "Agent2_Epoch25": 2.7358531951904297e-05, "Agent3_Epoch25": 2.6345252990722656e-05, "Agent4_Epoch25": 2.8252601623535156e-05, "Agent0_Epoch26": 1.7702579498291016e-05, "Agent1_Epoch26": 1.7762184143066406e-05, "Agent2_Epoch26": 1.7940998077392578e-05, "Agent3_Epoch26": 1.7523765563964844e-05, "Agent4_Epoch26": 1.8417835235595703e-05, "Agent0_Epoch27": 1.1742115020751953e-05, "Agent1_Epoch27": 1.1682510375976562e-05, "Agent2_Epoch27": 1.1861324310302734e-05, "Agent3_Epoch27": 1.138448715209961e-05, "Agent4_Epoch27": 1.1861324310302734e-05, "Agent0_Epoch28": 7.68899917602539e-06, "Agent1_Epoch28": 7.748603820800781e-06, "Agent2_Epoch28": 7.62939453125e-06, "Agent3_Epoch28": 7.62939453125e-06, "Agent4_Epoch28": 7.748603820800781e-06, "Agent0_Epoch29": 4.947185516357422e-06, "Agent1_Epoch29": 4.947185516357422e-06, "Agent2_Epoch29": 4.947185516357422e-06, "Agent3_Epoch29": 4.947185516357422e-06, "Agent4_Epoch29": 5.245208740234375e-06, "Agent0_Epoch30": 3.159046173095703e-06, "Agent1_Epoch30": 3.159046173095703e-06, "Agent2_Epoch30": 3.2782554626464844e-06, "Agent3_Epoch30": 3.0994415283203125e-06, "Agent4_Epoch30": 3.337860107421875e-06, "Agent0_Epoch31": 2.1457672119140625e-06, "Agent1_Epoch31": 2.1457672119140625e-06, "Agent2_Epoch31": 2.205371856689453e-06, "Agent3_Epoch31": 2.0265579223632812e-06, "Agent4_Epoch31": 2.1457672119140625e-06, "Agent0_Epoch32": 1.3113021850585938e-06, "Agent1_Epoch32": 1.3113021850585938e-06, "Agent2_Epoch32": 1.3709068298339844e-06, "Agent3_Epoch32": 1.3113021850585938e-06, "Agent4_Epoch32": 1.3113021850585938e-06, "Agent0_Epoch33": 8.344650268554688e-07, "Agent1_Epoch33": 9.5367431640625e-07, "Agent2_Epoch33": 9.5367431640625e-07, "Agent3_Epoch33": 8.344650268554688e-07, "Agent4_Epoch33": 9.5367431640625e-07, "Agent0_Epoch34": 4.76837158203125e-07, "Agent1_Epoch34": 4.76837158203125e-07, "Agent2_Epoch34": 5.364418029785156e-07, "Agent3_Epoch34": 3.5762786865234375e-07, "Agent4_Epoch34": 4.76837158203125e-07, "Agent0_Epoch35": 2.980232238769531e-07, "Agent1_Epoch35": 3.5762786865234375e-07, "Agent2_Epoch35": 3.5762786865234375e-07, "Agent3_Epoch35": 2.980232238769531e-07, "Agent4_Epoch35": 5.364418029785156e-07, "Agent0_Epoch36": 2.980232238769531e-07, "Agent1_Epoch36": 3.5762786865234375e-07, "Agent2_Epoch36": 3.5762786865234375e-07, "Agent3_Epoch36": 1.7881393432617188e-07, "Agent4_Epoch36": 3.5762786865234375e-07, "Agent0_Epoch37": 1.1920928955078125e-07, "Agent1_Epoch37": 1.1920928955078125e-07, "Agent2_Epoch37": 1.1920928955078125e-07, "Agent3_Epoch37": 1.7881393432617188e-07, "Agent4_Epoch37": 1.1920928955078125e-07, "Agent0_Epoch38": 1.1920928955078125e-07, "Agent1_Epoch38": 1.7881393432617188e-07, "Agent2_Epoch38": 1.1920928955078125e-07, "Agent3_Epoch38": 1.1920928955078125e-07, "Agent4_Epoch38": 1.7881393432617188e-07, "Agent0_Epoch39": 0.0, "Agent1_Epoch39": 1.1920928955078125e-07, "Agent2_Epoch39": 1.1920928955078125e-07, "Agent3_Epoch39": 0.0, "Agent4_Epoch39": 1.1920928955078125e-07, "Agent0_Epoch40": 1.1920928955078125e-07, "Agent1_Epoch40": 1.1920928955078125e-07, "Agent2_Epoch40": 1.1920928955078125e-07,