{"E1_agent0_norm": 2.2877206802368164, "E1_agent1_norm": 1.9650003910064697, "E1_agent2_norm": 1.9189532995224, "E1_agent3_norm": 1.831863284111023, "E1_agent4_norm": 2.336972713470459, "E2_agent0_norm": 0.7438750863075256, "E2_agent1_norm": 0.9792903065681458, "E2_agent2_norm": 0.9316221475601196, "E2_agent3_norm": 0.848847508430481, "E2_agent4_norm": 1.0343852043151855, "E3_agent0_norm": 0.6432138085365295, "E3_agent1_norm": 0.47763335704803467, "E3_agent2_norm": 0.5024017691612244, "E3_agent3_norm": 0.427263468503952, "E3_agent4_norm": 0.6148185729980469, "E4_agent0_norm": 0.4753563404083252, "E4_agent1_norm": 0.38516509532928467, "E4_agent2_norm": 0.37138113379478455, "E4_agent3_norm": 0.3033078908920288, "E4_agent4_norm": 0.5303536057472229, "E5_agent0_norm": 0.4287852942943573, "E5_agent1_norm": 0.2792089283466339, "E5_agent2_norm": 0.2636764645576477, "E5_agent3_norm": 0.25410836935043335, "E5_agent4_norm": 0.2832781970500946, "E6_agent0_norm": 0.34617164731025696, "E6_agent1_norm": 0.1971091628074646, "E6_agent2_norm": 0.22353939712047577, "E6_agent3_norm": 0.19412696361541748, "E6_agent4_norm": 0.2404050976037979, "E7_agent0_norm": 0.26082944869995117, "E7_agent1_norm": 0.1485881358385086, "E7_agent2_norm": 0.17152781784534454, "E7_agent3_norm": 0.14276976883411407, "E7_agent4_norm": 0.1919548362493515, "E8_agent0_norm": 0.29723116755485535, "E8_agent1_norm": 0.1272464394569397, "E8_agent2_norm": 0.14313451945781708, "E8_agent3_norm": 0.1281948834657669, "E8_agent4_norm": 0.13085240125656128, "E9_agent0_norm": 0.24547696113586426, "E9_agent1_norm": 0.1009184867143631, "E9_agent2_norm": 0.10085487365722656, "E9_agent3_norm": 0.10762248188257217, "E9_agent4_norm": 0.09758790582418442, "E10_agent0_norm": 0.22451676428318024, "E10_agent1_norm": 0.08793669939041138, "E10_agent2_norm": 0.08670211583375931, "E10_agent3_norm": 0.07869654148817062, "E10_agent4_norm": 0.10138688236474991, "E11_agent0_norm": 0.18741081655025482, "E11_agent1_norm": 0.08309605717658997, "E11_agent2_norm": 0.06518855690956116, "E11_agent3_norm": 0.061415184289216995, "E11_agent4_norm": 0.07288630306720734, "E12_agent0_norm": 0.18050631880760193, "E12_agent1_norm": 0.07798653841018677, "E12_agent2_norm": 0.07291651517152786, "E12_agent3_norm": 0.09708523005247116, "E12_agent4_norm": 0.1026528850197792, "E13_agent0_norm": 0.14301106333732605, "E13_agent1_norm": 0.0653020590543747, "E13_agent2_norm": 0.059642255306243896, "E13_agent3_norm": 0.08353698253631592, "E13_agent4_norm": 0.08158199489116669, "E14_agent0_norm": 0.11183241754770279, "E14_agent1_norm": 0.040058478713035583, "E14_agent2_norm": 0.04002006724476814, "E14_agent3_norm": 0.03740957751870155, "E14_agent4_norm": 0.051959212869405746, "E15_agent0_norm": 0.08009332418441772, "E15_agent1_norm": 0.02841412089765072, "E15_agent2_norm": 0.028757376596331596, "E15_agent3_norm": 0.02763993665575981, "E15_agent4_norm": 0.03801467642188072, "E16_agent0_norm": 0.058693867176771164, "E16_agent1_norm": 0.020582282915711403, "E16_agent2_norm": 0.021267423406243324, "E16_agent3_norm": 0.019886719062924385, "E16_agent4_norm": 0.028703905642032623, "E17_agent0_norm": 0.04069904983043671, "E17_agent1_norm": 0.0169896949082613, "E17_agent2_norm": 0.01580420881509781, "E17_agent3_norm": 0.017094731330871582, "E17_agent4_norm": 0.0163108017295599, "E18_agent0_norm": 0.03066449612379074, "E18_agent1_norm": 0.011659112758934498, "E18_agent2_norm": 0.011773641221225262, "E18_agent3_norm": 0.014449603855609894, "E18_agent4_norm": 0.019531413912773132, "E19_agent0_norm": 0.022236738353967667, "E19_agent1_norm": 0.008487226441502571, "E19_agent2_norm": 0.008422396145761013, "E19_agent3_norm": 0.010768183507025242, "E19_agent4_norm": 0.010526725091040134, "E20_agent0_norm": 0.015552064403891563, "E20_agent1_norm": 0.005675998516380787, "E20_agent2_norm": 0.006224924698472023, "E20_agent3_norm": 0.007531480863690376, "E20_agent4_norm": 0.0077810888178646564, "E21_agent0_norm": 0.012069059535861015, "E21_agent1_norm": 0.003957931883633137, "E21_agent2_norm": 0.004223298747092485, "E21_agent3_norm": 0.004067339468747377, "E21_agent4_norm": 0.00628409069031477, "E22_agent0_norm": 0.008614066988229752, "E22_agent1_norm": 0.003066723234951496, "E22_agent2_norm": 0.0030502001754939556, "E22_agent3_norm": 0.004113926086574793, "E22_agent4_norm": 0.006523055490106344, "E23_agent0_norm": 0.005857869982719421, "E23_agent1_norm": 0.002126196399331093, "E23_agent2_norm": 0.0021779080852866173, "E23_agent3_norm": 0.002884706249460578, "E23_agent4_norm": 0.0037567312829196453, "E24_agent0_norm": 0.004235409665852785, "E24_agent1_norm": 0.0013947967672720551, "E24_agent2_norm": 0.0014612346421927214, "E24_agent3_norm": 0.0014455239288508892, "E24_agent4_norm": 0.0031836729031056166, "E25_agent0_norm": 0.0032271225936710835, "E25_agent1_norm": 0.001000268035568297, "E25_agent2_norm": 0.0011032235343009233, "E25_agent3_norm": 0.0010460418416187167, "E25_agent4_norm": 0.0015823299763724208, "E26_agent0_norm": 0.002157671609893441, "E26_agent1_norm": 0.0008238136069849133, "E26_agent2_norm": 0.0007667642785236239, "E26_agent3_norm": 0.001428078394383192, "E26_agent4_norm": 0.0010664782021194696, "E27_agent0_norm": 0.0015510540688410401, "E27_agent1_norm": 0.0005891781765967607, "E27_agent2_norm": 0.0005910774925723672, "E27_agent3_norm": 0.001551029272377491, "E27_agent4_norm": 0.0010209399042651057, "E28_agent0_norm": 0.0010304284514859319, "E28_agent1_norm": 0.0003375089436303824, "E28_agent2_norm": 0.0003544894279912114, "E28_agent3_norm": 0.00038042530650272965, "E28_agent4_norm": 0.0006460953736677766, "E29_agent0_norm": 0.0007647344027645886, "E29_agent1_norm": 0.0002958612167276442, "E29_agent2_norm": 0.000266825343715027, "E29_agent3_norm": 0.0005123864393681288, "E29_agent4_norm": 0.00044124090345576406, "E30_agent0_norm": 0.0005250789108686149, "E30_agent1_norm": 0.00017535494407638907, "E30_agent2_norm": 0.00018659551278688014, "E30_agent3_norm": 0.00020913712796755135, "E30_agent4_norm": 0.0005135988467372954, "E31_agent0_norm": 0.00036811389145441353, "E31_agent1_norm": 0.00013753493840340525, "E31_agent2_norm": 0.00014014051703270525, "E31_agent3_norm": 0.0002961714053526521, "E31_agent4_norm": 0.00017328944522887468, "E32_agent0_norm": 0.0002539391862228513, "E32_agent1_norm": 8.236562280217186e-05, "E32_agent2_norm": 9.063327161129564e-05, "E32_agent3_norm": 8.31819124869071e-05, "E32_agent4_norm": 9.002819570014253e-05, "E33_agent0_norm": 0.00018001005810219795, "E33_agent1_norm": 6.455666152760386e-05, "E33_agent2_norm": 6.197214679559693e-05, "E33_agent3_norm": 8.639447332825512e-05, "E33_agent4_norm": 9.588332613930106e-05, "E34_agent0_norm": 0.0001306757185375318, "E34_agent1_norm": 4.244268711772747e-05, "E34_agent2_norm": 4.5004617277299985e-05, "E34_agent3_norm": 4.879795960732736e-05, "E34_agent4_norm": 7.717405969742686e-05, "E35_agent0_norm": 8.651761163491756e-05, "E35_agent1_norm": 3.2149586331797764e-05, "E35_agent2_norm": 3.0353510737768374e-05, "E35_agent3_norm": 3.928056321456097e-05, "E35_agent4_norm": 3.255528645240702e-05, "E36_agent0_norm": 6.255874177441001e-05, "E36_agent1_norm": 2.3163460355135612e-05, "E36_agent2_norm": 2.1708494386984967e-05, "E36_agent3_norm": 3.867069972329773e-05, "E36_agent4_norm": 3.188850314472802e-05, "E37_agent0_norm": 4.668330439017154e-05, "E37_agent1_norm": 1.4549707884725649e-05, "E37_agent2_norm": 1.5713902030256577e-05, "E37_agent3_norm": 1.638005778659135e-05, "E37_agent4_norm": 2.7440408302936703e-05, "E38_agent0_norm": 3.101120455539785e-05, "E38_agent1_norm": 1.0735217983892653e-05, "E38_agent2_norm": 1.101279576687375e-05, "E38_agent3_norm": 1.526044070487842e-05, "E38_agent4_norm": 1.5567216905765235e-05, "E39_agent0_norm": 2.1875255697523244e-05, "E39_agent1_norm": 7.882982572482433e-06, "E39_agent2_norm": 8.159679964592215e-06, "E39_agent3_norm": 1.3467096323438454e-05, "E39_agent4_norm": 9.583961400494445e-06, "E40_agent0_norm": 1.4846213161945343e-05,