{"Agent0_Epoch1": 0.2887718081474304, "Agent1_Epoch1": 0.2964024543762207, "Agent2_Epoch1": 0.998554527759552, "Agent3_Epoch1": 0.9921786785125732, "Agent4_Epoch1": 0.9950827360153198, "Agent0_Epoch2": 0.054780662059783936, "Agent1_Epoch2": 0.28609442710876465, "Agent2_Epoch2": 0.2928817868232727, "Agent3_Epoch2": 0.289126455783844, "Agent4_Epoch2": 0.29444974660873413, "Agent0_Epoch3": 0.030598998069763184, "Agent1_Epoch3": 0.1258212924003601, "Agent2_Epoch3": 0.13101047277450562, "Agent3_Epoch3": 0.12807190418243408, "Agent4_Epoch3": 0.13299429416656494, "Agent0_Epoch4": 0.019096195697784424, "Agent1_Epoch4": 0.0595056414604187, "Agent2_Epoch4": 0.06029844284057617, "Agent3_Epoch4": 0.057624876499176025, "Agent4_Epoch4": 0.059955716133117676, "Agent0_Epoch5": 0.012271642684936523, "Agent1_Epoch5": 0.030265748500823975, "Agent2_Epoch5": 0.03192126750946045, "Agent3_Epoch5": 0.02991461753845215, "Agent4_Epoch5": 0.032033324241638184, "Agent0_Epoch6": 0.008168935775756836, "Agent1_Epoch6": 0.016726195812225342, "Agent2_Epoch6": 0.017870843410491943, "Agent3_Epoch6": 0.016621112823486328, "Agent4_Epoch6": 0.018496334552764893, "Agent0_Epoch7": 0.005810976028442383, "Agent1_Epoch7": 0.010236561298370361, "Agent2_Epoch7": 0.011011302471160889, "Agent3_Epoch7": 0.010667264461517334, "Agent4_Epoch7": 0.0111275315284729, "Agent0_Epoch8": 0.004469156265258789, "Agent1_Epoch8": 0.007020473480224609, "Agent2_Epoch8": 0.007348120212554932, "Agent3_Epoch8": 0.007113814353942871, "Agent4_Epoch8": 0.00781548023223877, "Agent0_Epoch9": 0.0035668611526489258, "Agent1_Epoch9": 0.005119919776916504, "Agent2_Epoch9": 0.005137145519256592, "Agent3_Epoch9": 0.005281269550323486, "Agent4_Epoch9": 0.005317628383636475, "Agent0_Epoch10": 0.002837061882019043, "Agent1_Epoch10": 0.0037949681282043457, "Agent2_Epoch10": 0.00404202938079834, "Agent3_Epoch10": 0.0034002065658569336, "Agent4_Epoch10": 0.004361093044281006, "Agent0_Epoch11": 0.0024160146713256836, "Agent1_Epoch11": 0.0030570030212402344, "Agent2_Epoch11": 0.002946794033050537, "Agent3_Epoch11": 0.0030441880226135254, "Agent4_Epoch11": 0.003293633460998535, "Agent0_Epoch12": 0.0020485520362854004, "Agent1_Epoch12": 0.0024796128273010254, "Agent2_Epoch12": 0.0025315284729003906, "Agent3_Epoch12": 0.002141416072845459, "Agent4_Epoch12": 0.002816617488861084, "Agent0_Epoch13": 0.0016915202140808105, "Agent1_Epoch13": 0.0019767284393310547, "Agent2_Epoch13": 0.0020049214363098145, "Agent3_Epoch13": 0.0015015006065368652, "Agent4_Epoch13": 0.0022372007369995117, "Agent0_Epoch14": 0.00133591890335083, "Agent1_Epoch14": 0.00151824951171875, "Agent2_Epoch14": 0.0014610886573791504, "Agent3_Epoch14": 0.0011913776397705078, "Agent4_Epoch14": 0.0016521811485290527, "Agent0_Epoch15": 0.0010154247283935547, "Agent1_Epoch15": 0.0011275410652160645, "Agent2_Epoch15": 0.001122117042541504, "Agent3_Epoch15": 0.001164078712463379, "Agent4_Epoch15": 0.0011052489280700684, "Agent0_Epoch16": 0.0007625818252563477, "Agent1_Epoch16": 0.0008311867713928223, "Agent2_Epoch16": 0.0008144378662109375, "Agent3_Epoch16": 0.0007562637329101562, "Agent4_Epoch16": 0.0008976459503173828, "Agent0_Epoch17": 0.0005477666854858398, "Agent1_Epoch17": 0.0005879402160644531, "Agent2_Epoch17": 0.0005931258201599121, "Agent3_Epoch17": 0.0005619525909423828, "Agent4_Epoch17": 0.0006603002548217773, "Agent0_Epoch18": 0.000390470027923584, "Agent1_Epoch18": 0.0004138350486755371, "Agent2_Epoch18": 0.0004157423973083496, "Agent3_Epoch18": 0.0004087090492248535, "Agent4_Epoch18": 0.0004630088806152344, "Agent0_Epoch19": 0.00027507543563842773, "Agent1_Epoch19": 0.00028836727142333984, "Agent2_Epoch19": 0.00029027462005615234, "Agent3_Epoch19": 0.00028258562088012695, "Agent4_Epoch19": 0.00030428171157836914, "Agent0_Epoch20": 0.0001900196075439453, "Agent1_Epoch20": 0.00019752979278564453, "Agent2_Epoch20": 0.00019860267639160156, "Agent3_Epoch20": 0.0001927018165588379, "Agent4_Epoch20": 0.00019991397857666016, "Agent0_Epoch21": 0.0001290440559387207, "Agent1_Epoch21": 0.00013339519500732422, "Agent2_Epoch21": 0.00013494491577148438, "Agent3_Epoch21": 0.0001208186149597168, "Agent4_Epoch21": 0.00014209747314453125, "Agent0_Epoch22": 8.702278137207031e-05, "Agent1_Epoch22": 8.934736251831055e-05, "Agent2_Epoch22": 8.946657180786133e-05, "Agent3_Epoch22": 8.618831634521484e-05, "Agent4_Epoch22": 9.59634780883789e-05, "Agent0_Epoch23": 5.888938903808594e-05, "Agent1_Epoch23": 6.008148193359375e-05, "Agent2_Epoch23": 6.014108657836914e-05, "Agent3_Epoch23": 5.793571472167969e-05, "Agent4_Epoch23": 6.097555160522461e-05, "Agent0_Epoch24": 3.927946090698242e-05, "Agent1_Epoch24": 3.987550735473633e-05, "Agent2_Epoch24": 3.981590270996094e-05, "Agent3_Epoch24": 3.8623809814453125e-05, "Agent4_Epoch24": 4.1365623474121094e-05, "Agent0_Epoch25": 2.5928020477294922e-05, "Agent1_Epoch25": 2.6345252990722656e-05, "Agent2_Epoch25": 2.6106834411621094e-05, "Agent3_Epoch25": 2.568960189819336e-05, "Agent4_Epoch25": 2.676248550415039e-05, "Agent0_Epoch26": 1.71661376953125e-05, "Agent1_Epoch26": 1.7404556274414062e-05, "Agent2_Epoch26": 1.7344951629638672e-05, "Agent3_Epoch26": 1.6748905181884766e-05, "Agent4_Epoch26": 1.8417835235595703e-05, "Agent0_Epoch27": 1.1444091796875e-05, "Agent1_Epoch27": 1.150369644165039e-05, "Agent2_Epoch27": 1.138448715209961e-05, "Agent3_Epoch27": 1.1563301086425781e-05, "Agent4_Epoch27": 1.1563301086425781e-05, "Agent0_Epoch28": 7.510185241699219e-06, "Agent1_Epoch28": 7.62939453125e-06, "Agent2_Epoch28": 7.510185241699219e-06, "Agent3_Epoch28": 7.510185241699219e-06, "Agent4_Epoch28": 7.68899917602539e-06, "Agent0_Epoch29": 4.76837158203125e-06, "Agent1_Epoch29": 4.947185516357422e-06, "Agent2_Epoch29": 4.887580871582031e-06, "Agent3_Epoch29": 4.708766937255859e-06, "Agent4_Epoch29": 4.887580871582031e-06, "Agent0_Epoch30": 3.0994415283203125e-06, "Agent1_Epoch30": 3.2186508178710938e-06, "Agent2_Epoch30": 3.2186508178710938e-06, "Agent3_Epoch30": 3.0994415283203125e-06, "Agent4_Epoch30": 3.2782554626464844e-06, "Agent0_Epoch31": 2.0265579223632812e-06, "Agent1_Epoch31": 1.9073486328125e-06, "Agent2_Epoch31": 2.0265579223632812e-06, "Agent3_Epoch31": 2.0265579223632812e-06, "Agent4_Epoch31": 2.0265579223632812e-06, "Agent0_Epoch32": 1.1920928955078125e-06, "Agent1_Epoch32": 1.3113021850585938e-06, "Agent2_Epoch32": 1.1920928955078125e-06, "Agent3_Epoch32": 1.3113021850585938e-06, "Agent4_Epoch32": 1.3113021850585938e-06, "Agent0_Epoch33": 8.344650268554688e-07, "Agent1_Epoch33": 8.940696716308594e-07, "Agent2_Epoch33": 8.940696716308594e-07, "Agent3_Epoch33": 8.940696716308594e-07, "Agent4_Epoch33": 8.940696716308594e-07, "Agent0_Epoch34": 4.76837158203125e-07, "Agent1_Epoch34": 5.364418029785156e-07, "Agent2_Epoch34": 4.76837158203125e-07, "Agent3_Epoch34": 4.76837158203125e-07, "Agent4_Epoch34": 5.364418029785156e-07, "Agent0_Epoch35": 2.980232238769531e-07, "Agent1_Epoch35": 2.980232238769531e-07, "Agent2_Epoch35": 3.5762786865234375e-07, "Agent3_Epoch35": 2.980232238769531e-07, "Agent4_Epoch35": 3.5762786865234375e-07, "Agent0_Epoch36": 2.980232238769531e-07, "Agent1_Epoch36": 2.980232238769531e-07, "Agent2_Epoch36": 3.5762786865234375e-07, "Agent3_Epoch36": 2.980232238769531e-07, "Agent4_Epoch36": 2.980232238769531e-07, "Agent0_Epoch37": 1.7881393432617188e-07, "Agent1_Epoch37": 1.7881393432617188e-07, "Agent2_Epoch37": 1.7881393432617188e-07, "Agent3_Epoch37": 1.7881393432617188e-07, "Agent4_Epoch37": 1.1920928955078125e-07, "Agent0_Epoch38": 1.1920928955078125e-07, "Agent1_Epoch38": 0.0, "Agent2_Epoch38": 1.7881393432617188e-07, "Agent3_Epoch38": 1.7881393432617188e-07, "Agent4_Epoch38": 1.1920928955078125e-07, "Agent0_Epoch39": 1.1920928955078125e-07, "Agent1_Epoch39": 0.0, "Agent2_Epoch39": 0.0, "Agent3_Epoch39": 1.1920928955078125e-07, "Agent4_Epoch39": 1.1920928955078125e-07, "Agent0_Epoch40": 0.0, "Agent1_Epoch40": 0.0, "Agent2_Epoch40": 0.0, "Agent3_Epoch40": -1.1920928955078125e-07, "Agent4_Epoch40": 0.0,