{"Agent0_Epoch1": 0.29221731424331665, "Agent1_Epoch1": 0.2963041067123413, "Agent2_Epoch1": 0.9954319000244141, "Agent3_Epoch1": 0.9957212805747986, "Agent4_Epoch1": 0.9975739121437073, "Agent0_Epoch2": 0.05737835168838501, "Agent1_Epoch2": 0.29020029306411743, "Agent2_Epoch2": 0.29291725158691406, "Agent3_Epoch2": 0.29680073261260986, "Agent4_Epoch2": 0.3007490634918213, "Agent0_Epoch3": 0.032792508602142334, "Agent1_Epoch3": 0.1320090889930725, "Agent2_Epoch3": 0.1349647045135498, "Agent3_Epoch3": 0.1297217607498169, "Agent4_Epoch3": 0.13869494199752808, "Agent0_Epoch4": 0.0206567645072937, "Agent1_Epoch4": 0.06385946273803711, "Agent2_Epoch4": 0.06171625852584839, "Agent3_Epoch4": 0.05776488780975342, "Agent4_Epoch4": 0.06724756956100464, "Agent0_Epoch5": 0.013410627841949463, "Agent1_Epoch5": 0.03299528360366821, "Agent2_Epoch5": 0.031961679458618164, "Agent3_Epoch5": 0.031056761741638184, "Agent4_Epoch5": 0.03291511535644531, "Agent0_Epoch6": 0.008953988552093506, "Agent1_Epoch6": 0.01824820041656494, "Agent2_Epoch6": 0.01865154504776001, "Agent3_Epoch6": 0.017032980918884277, "Agent4_Epoch6": 0.020787477493286133, "Agent0_Epoch7": 0.006554543972015381, "Agent1_Epoch7": 0.011560678482055664, "Agent2_Epoch7": 0.011542677879333496, "Agent3_Epoch7": 0.010675311088562012, "Agent4_Epoch7": 0.012768566608428955, "Agent0_Epoch8": 0.0048882365226745605, "Agent1_Epoch8": 0.007685065269470215, "Agent2_Epoch8": 0.008115291595458984, "Agent3_Epoch8": 0.0076642632484436035, "Agent4_Epoch8": 0.008609235286712646, "Agent0_Epoch9": 0.0039864182472229, "Agent1_Epoch9": 0.005733132362365723, "Agent2_Epoch9": 0.005888521671295166, "Agent3_Epoch9": 0.005665898323059082, "Agent4_Epoch9": 0.0061833858489990234, "Agent0_Epoch10": 0.003310859203338623, "Agent1_Epoch10": 0.0044408440589904785, "Agent2_Epoch10": 0.0044863224029541016, "Agent3_Epoch10": 0.004471123218536377, "Agent4_Epoch10": 0.004785299301147461, "Agent0_Epoch11": 0.0027886629104614258, "Agent1_Epoch11": 0.0035370588302612305, "Agent2_Epoch11": 0.0038777589797973633, "Agent3_Epoch11": 0.003525853157043457, "Agent4_Epoch11": 0.004356324672698975, "Agent0_Epoch12": 0.002404153347015381, "Agent1_Epoch12": 0.0029175877571105957, "Agent2_Epoch12": 0.0031301379203796387, "Agent3_Epoch12": 0.0022461414337158203, "Agent4_Epoch12": 0.0031824707984924316, "Agent0_Epoch13": 0.0019760727882385254, "Agent1_Epoch13": 0.002315521240234375, "Agent2_Epoch13": 0.002394437789916992, "Agent3_Epoch13": 0.0020750761032104492, "Agent4_Epoch13": 0.002762317657470703, "Agent0_Epoch14": 0.0015739202499389648, "Agent1_Epoch14": 0.00179290771484375, "Agent2_Epoch14": 0.0018695592880249023, "Agent3_Epoch14": 0.0016824603080749512, "Agent4_Epoch14": 0.0018238425254821777, "Agent0_Epoch15": 0.0011965632438659668, "Agent1_Epoch15": 0.0013322830200195312, "Agent2_Epoch15": 0.001360774040222168, "Agent3_Epoch15": 0.0010702013969421387, "Agent4_Epoch15": 0.0012968778610229492, "Agent0_Epoch16": 0.0008620023727416992, "Agent1_Epoch16": 0.0009416937828063965, "Agent2_Epoch16": 0.000935673713684082, "Agent3_Epoch16": 0.0008640289306640625, "Agent4_Epoch16": 0.0010387897491455078, "Agent0_Epoch17": 0.0006205439567565918, "Agent1_Epoch17": 0.0006673336029052734, "Agent2_Epoch17": 0.0006788969039916992, "Agent3_Epoch17": 0.000603795051574707, "Agent4_Epoch17": 0.0007305145263671875, "Agent0_Epoch18": 0.00043970346450805664, "Agent1_Epoch18": 0.000466763973236084, "Agent2_Epoch18": 0.000461578369140625, "Agent3_Epoch18": 0.00043010711669921875, "Agent4_Epoch18": 0.0005094408988952637, "Agent0_Epoch19": 0.0003044605255126953, "Agent1_Epoch19": 0.0003197789192199707, "Agent2_Epoch19": 0.0003229379653930664, "Agent3_Epoch19": 0.00028830766677856445, "Agent4_Epoch19": 0.0003274679183959961, "Agent0_Epoch20": 0.00020700693130493164, "Agent1_Epoch20": 0.00021535158157348633, "Agent2_Epoch20": 0.00021469593048095703, "Agent3_Epoch20": 0.00020438432693481445, "Agent4_Epoch20": 0.00023055076599121094, "Agent0_Epoch21": 0.00014156103134155273, "Agent1_Epoch21": 0.0001462697982788086, "Agent2_Epoch21": 0.0001462697982788086, "Agent3_Epoch21": 0.00014144182205200195, "Agent4_Epoch21": 0.0001475214958190918, "Agent0_Epoch22": 9.483098983764648e-05, "Agent1_Epoch22": 9.745359420776367e-05, "Agent2_Epoch22": 9.78708267211914e-05, "Agent3_Epoch22": 9.363889694213867e-05, "Agent4_Epoch22": 0.00010764598846435547, "Agent0_Epoch23": 6.389617919921875e-05, "Agent1_Epoch23": 6.514787673950195e-05, "Agent2_Epoch23": 6.55055046081543e-05, "Agent3_Epoch23": 6.347894668579102e-05, "Agent4_Epoch23": 6.628036499023438e-05, "Agent0_Epoch24": 4.2438507080078125e-05, "Agent1_Epoch24": 4.309415817260742e-05, "Agent2_Epoch24": 4.3451786041259766e-05, "Agent3_Epoch24": 4.184246063232422e-05, "Agent4_Epoch24": 4.291534423828125e-05, "Agent0_Epoch25": 2.8192996978759766e-05, "Agent1_Epoch25": 2.8431415557861328e-05, "Agent2_Epoch25": 2.8371810913085938e-05, "Agent3_Epoch25": 2.753734588623047e-05, "Agent4_Epoch25": 2.866983413696289e-05, "Agent0_Epoch26": 1.8417835235595703e-05, "Agent1_Epoch26": 1.8656253814697266e-05, "Agent2_Epoch26": 1.8596649169921875e-05, "Agent3_Epoch26": 1.8417835235595703e-05, "Agent4_Epoch26": 1.9311904907226562e-05, "Agent0_Epoch27": 1.2159347534179688e-05, "Agent1_Epoch27": 1.233816146850586e-05, "Agent2_Epoch27": 1.233816146850586e-05, "Agent3_Epoch27": 1.1742115020751953e-05, "Agent4_Epoch27": 1.2874603271484375e-05, "Agent0_Epoch28": 7.987022399902344e-06, "Agent1_Epoch28": 7.927417755126953e-06, "Agent2_Epoch28": 8.106231689453125e-06, "Agent3_Epoch28": 7.927417755126953e-06, "Agent4_Epoch28": 8.106231689453125e-06, "Agent0_Epoch29": 5.304813385009766e-06, "Agent1_Epoch29": 5.185604095458984e-06, "Agent2_Epoch29": 5.304813385009766e-06, "Agent3_Epoch29": 5.125999450683594e-06, "Agent4_Epoch29": 5.424022674560547e-06, "Agent0_Epoch30": 3.4570693969726562e-06, "Agent1_Epoch30": 3.4570693969726562e-06, "Agent2_Epoch30": 3.337860107421875e-06, "Agent3_Epoch30": 3.4570693969726562e-06, "Agent4_Epoch30": 3.4570693969726562e-06, "Agent0_Epoch31": 2.3245811462402344e-06, "Agent1_Epoch31": 2.205371856689453e-06, "Agent2_Epoch31": 2.205371856689453e-06, "Agent3_Epoch31": 2.205371856689453e-06, "Agent4_Epoch31": 2.205371856689453e-06, "Agent0_Epoch32": 1.5497207641601562e-06, "Agent1_Epoch32": 1.3709068298339844e-06, "Agent2_Epoch32": 1.4901161193847656e-06, "Agent3_Epoch32": 1.3709068298339844e-06, "Agent4_Epoch32": 1.3709068298339844e-06, "Agent0_Epoch33": 9.5367431640625e-07, "Agent1_Epoch33": 8.344650268554688e-07, "Agent2_Epoch33": 9.5367431640625e-07, "Agent3_Epoch33": 9.5367431640625e-07, "Agent4_Epoch33": 9.5367431640625e-07, "Agent0_Epoch34": 6.556510925292969e-07, "Agent1_Epoch34": 5.364418029785156e-07, "Agent2_Epoch34": 6.556510925292969e-07, "Agent3_Epoch34": 4.76837158203125e-07, "Agent4_Epoch34": 6.556510925292969e-07, "Agent0_Epoch35": 3.5762786865234375e-07, "Agent1_Epoch35": 3.5762786865234375e-07, "Agent2_Epoch35": 2.980232238769531e-07, "Agent3_Epoch35": 2.980232238769531e-07, "Agent4_Epoch35": 4.76837158203125e-07, "Agent0_Epoch36": 2.980232238769531e-07, "Agent1_Epoch36": 2.980232238769531e-07, "Agent2_Epoch36": 2.980232238769531e-07, "Agent3_Epoch36": 2.980232238769531e-07, "Agent4_Epoch36": 2.980232238769531e-07, "Agent0_Epoch37": 2.980232238769531e-07, "Agent1_Epoch37": 2.980232238769531e-07, "Agent2_Epoch37": 1.7881393432617188e-07, "Agent3_Epoch37": 2.980232238769531e-07, "Agent4_Epoch37": 1.1920928955078125e-07, "Agent0_Epoch38": 1.7881393432617188e-07, "Agent1_Epoch38": 1.1920928955078125e-07, "Agent2_Epoch38": 0.0, "Agent3_Epoch38": 1.1920928955078125e-07, "Agent4_Epoch38": 1.7881393432617188e-07, "Agent0_Epoch39": 1.1920928955078125e-07, "Agent1_Epoch39": 0.0, "Agent2_Epoch39": 0.0, "Agent3_Epoch39": 0.0, "Agent4_Epoch39": 0.0, "Agent0_Epoch40": 1.7881393432617188e-07, "Agent1_Epoch40": -1.1920928955078125e-07, "Agent2_Epoch40": 0.0, "Agent3_Epoch40": 1.1920928955078125e-07, "Agent4_Epoch40": 0.0, "Agent0_Epoch41": 0.0,