{"Agent0_Epoch1": 0.28953832387924194, "Agent1_Epoch1": 0.29561346769332886, "Agent2_Epoch1": 0.995959460735321, "Agent3_Epoch1": 0.9923996925354004, "Agent4_Epoch1": 0.9941121935844421, "Agent0_Epoch2": 0.057129740715026855, "Agent1_Epoch2": 0.28858888149261475, "Agent2_Epoch2": 0.2962954640388489, "Agent3_Epoch2": 0.28894829750061035, "Agent4_Epoch2": 0.31150007247924805, "Agent0_Epoch3": 0.03411954641342163, "Agent1_Epoch3": 0.13495230674743652, "Agent2_Epoch3": 0.13837099075317383, "Agent3_Epoch3": 0.13267964124679565, "Agent4_Epoch3": 0.14106792211532593, "Agent0_Epoch4": 0.02106475830078125, "Agent1_Epoch4": 0.06466078758239746, "Agent2_Epoch4": 0.06566739082336426, "Agent3_Epoch4": 0.06514602899551392, "Agent4_Epoch4": 0.06636792421340942, "Agent0_Epoch5": 0.01425546407699585, "Agent1_Epoch5": 0.034551918506622314, "Agent2_Epoch5": 0.03309786319732666, "Agent3_Epoch5": 0.03157913684844971, "Agent4_Epoch5": 0.03589600324630737, "Agent0_Epoch6": 0.009138762950897217, "Agent1_Epoch6": 0.018435239791870117, "Agent2_Epoch6": 0.019273221492767334, "Agent3_Epoch6": 0.01789313554763794, "Agent4_Epoch6": 0.01992356777191162, "Agent0_Epoch7": 0.006718754768371582, "Agent1_Epoch7": 0.01176387071609497, "Agent2_Epoch7": 0.011665165424346924, "Agent3_Epoch7": 0.011006057262420654, "Agent4_Epoch7": 0.012504398822784424, "Agent0_Epoch8": 0.004976868629455566, "Agent1_Epoch8": 0.007778048515319824, "Agent2_Epoch8": 0.007432043552398682, "Agent3_Epoch8": 0.0075803399085998535, "Agent4_Epoch8": 0.007698357105255127, "Agent0_Epoch9": 0.003829777240753174, "Agent1_Epoch9": 0.005475521087646484, "Agent2_Epoch9": 0.005481243133544922, "Agent3_Epoch9": 0.0051004886627197266, "Agent4_Epoch9": 0.00558924674987793, "Agent0_Epoch10": 0.002996087074279785, "Agent1_Epoch10": 0.003994584083557129, "Agent2_Epoch10": 0.004042863845825195, "Agent3_Epoch10": 0.00424426794052124, "Agent4_Epoch10": 0.00462651252746582, "Agent0_Epoch11": 0.0024752020835876465, "Agent1_Epoch11": 0.0031223297119140625, "Agent2_Epoch11": 0.0032725930213928223, "Agent3_Epoch11": 0.0032635927200317383, "Agent4_Epoch11": 0.003524184226989746, "Agent0_Epoch12": 0.0021042823791503906, "Agent1_Epoch12": 0.0025420784950256348, "Agent2_Epoch12": 0.0025535225868225098, "Agent3_Epoch12": 0.0022329092025756836, "Agent4_Epoch12": 0.0028024911880493164, "Agent0_Epoch13": 0.0016995072364807129, "Agent1_Epoch13": 0.0019829869270324707, "Agent2_Epoch13": 0.0020896196365356445, "Agent3_Epoch13": 0.0019407272338867188, "Agent4_Epoch13": 0.0024040937423706055, "Agent0_Epoch14": 0.0013886094093322754, "Agent1_Epoch14": 0.0015761256217956543, "Agent2_Epoch14": 0.0016092658042907715, "Agent3_Epoch14": 0.001698911190032959, "Agent4_Epoch14": 0.0017672181129455566, "Agent0_Epoch15": 0.0010903477668762207, "Agent1_Epoch15": 0.001209855079650879, "Agent2_Epoch15": 0.00121384859085083, "Agent3_Epoch15": 0.0008202195167541504, "Agent4_Epoch15": 0.001446366310119629, "Agent0_Epoch16": 0.0007903575897216797, "Agent1_Epoch16": 0.0008609294891357422, "Agent2_Epoch16": 0.000873565673828125, "Agent3_Epoch16": 0.0008513331413269043, "Agent4_Epoch16": 0.0009461045265197754, "Agent0_Epoch17": 0.0005740523338317871, "Agent1_Epoch17": 0.0006158947944641113, "Agent2_Epoch17": 0.0006349086761474609, "Agent3_Epoch17": 0.0005611777305603027, "Agent4_Epoch17": 0.0006333589553833008, "Agent0_Epoch18": 0.00040286779403686523, "Agent1_Epoch18": 0.0004266500473022461, "Agent2_Epoch18": 0.0004271268844604492, "Agent3_Epoch18": 0.0003986954689025879, "Agent4_Epoch18": 0.00048804283142089844, "Agent0_Epoch19": 0.0002830624580383301, "Agent1_Epoch19": 0.00029671192169189453, "Agent2_Epoch19": 0.0002949833869934082, "Agent3_Epoch19": 0.0002899765968322754, "Agent4_Epoch19": 0.0003330111503601074, "Agent0_Epoch20": 0.0001958012580871582, "Agent1_Epoch20": 0.00020360946655273438, "Agent2_Epoch20": 0.00020265579223632812, "Agent3_Epoch20": 0.00019377470016479492, "Agent4_Epoch20": 0.00021213293075561523, "Agent0_Epoch21": 0.0001329183578491211, "Agent1_Epoch21": 0.0001372694969177246, "Agent2_Epoch21": 0.00013840198516845703, "Agent3_Epoch21": 0.00012725591659545898, "Agent4_Epoch21": 0.00014358758926391602, "Agent0_Epoch22": 8.928775787353516e-05, "Agent1_Epoch22": 9.167194366455078e-05, "Agent2_Epoch22": 9.143352508544922e-05, "Agent3_Epoch22": 8.881092071533203e-05, "Agent4_Epoch22": 9.638071060180664e-05, "Agent0_Epoch23": 5.984306335449219e-05, "Agent1_Epoch23": 6.127357482910156e-05, "Agent2_Epoch23": 6.115436553955078e-05, "Agent3_Epoch23": 5.918741226196289e-05, "Agent4_Epoch23": 6.401538848876953e-05, "Agent0_Epoch24": 4.011392593383789e-05, "Agent1_Epoch24": 4.082918167114258e-05, "Agent2_Epoch24": 4.035234451293945e-05, "Agent3_Epoch24": 3.933906555175781e-05, "Agent4_Epoch24": 4.202127456665039e-05, "Agent0_Epoch25": 2.6404857635498047e-05, "Agent1_Epoch25": 2.6881694793701172e-05, "Agent2_Epoch25": 2.682209014892578e-05, "Agent3_Epoch25": 2.6166439056396484e-05, "Agent4_Epoch25": 2.8014183044433594e-05, "Agent0_Epoch26": 1.7583370208740234e-05, "Agent1_Epoch26": 1.7702579498291016e-05, "Agent2_Epoch26": 1.7762184143066406e-05, "Agent3_Epoch26": 1.7404556274414062e-05, "Agent4_Epoch26": 1.811981201171875e-05, "Agent0_Epoch27": 1.1563301086425781e-05, "Agent1_Epoch27": 1.1622905731201172e-05, "Agent2_Epoch27": 1.1563301086425781e-05, "Agent3_Epoch27": 1.1444091796875e-05, "Agent4_Epoch27": 1.1980533599853516e-05, "Agent0_Epoch28": 7.62939453125e-06, "Agent1_Epoch28": 7.62939453125e-06, "Agent2_Epoch28": 7.748603820800781e-06, "Agent3_Epoch28": 7.450580596923828e-06, "Agent4_Epoch28": 7.927417755126953e-06, "Agent0_Epoch29": 4.947185516357422e-06, "Agent1_Epoch29": 4.887580871582031e-06, "Agent2_Epoch29": 4.887580871582031e-06, "Agent3_Epoch29": 4.76837158203125e-06, "Agent4_Epoch29": 5.066394805908203e-06, "Agent0_Epoch30": 3.2782554626464844e-06, "Agent1_Epoch30": 3.2186508178710938e-06, "Agent2_Epoch30": 3.2186508178710938e-06, "Agent3_Epoch30": 3.2186508178710938e-06, "Agent4_Epoch30": 3.2186508178710938e-06, "Agent0_Epoch31": 2.205371856689453e-06, "Agent1_Epoch31": 2.1457672119140625e-06, "Agent2_Epoch31": 2.1457672119140625e-06, "Agent3_Epoch31": 2.1457672119140625e-06, "Agent4_Epoch31": 2.0265579223632812e-06, "Agent0_Epoch32": 1.3709068298339844e-06, "Agent1_Epoch32": 1.3709068298339844e-06, "Agent2_Epoch32": 1.3113021850585938e-06, "Agent3_Epoch32": 1.3709068298339844e-06, "Agent4_Epoch32": 1.3709068298339844e-06, "Agent0_Epoch33": 7.152557373046875e-07, "Agent1_Epoch33": 8.344650268554688e-07, "Agent2_Epoch33": 8.940696716308594e-07, "Agent3_Epoch33": 7.152557373046875e-07, "Agent4_Epoch33": 8.344650268554688e-07, "Agent0_Epoch34": 5.364418029785156e-07, "Agent1_Epoch34": 6.556510925292969e-07, "Agent2_Epoch34": 5.364418029785156e-07, "Agent3_Epoch34": 5.364418029785156e-07, "Agent4_Epoch34": 5.364418029785156e-07, "Agent0_Epoch35": 4.76837158203125e-07, "Agent1_Epoch35": 2.980232238769531e-07, "Agent2_Epoch35": 3.5762786865234375e-07, "Agent3_Epoch35": 3.5762786865234375e-07, "Agent4_Epoch35": 3.5762786865234375e-07, "Agent0_Epoch36": 3.5762786865234375e-07, "Agent1_Epoch36": 1.7881393432617188e-07, "Agent2_Epoch36": 2.980232238769531e-07, "Agent3_Epoch36": 2.980232238769531e-07, "Agent4_Epoch36": 2.980232238769531e-07, "Agent0_Epoch37": 1.7881393432617188e-07, "Agent1_Epoch37": 1.7881393432617188e-07, "Agent2_Epoch37": 1.1920928955078125e-07, "Agent3_Epoch37": 1.1920928955078125e-07, "Agent4_Epoch37": 1.7881393432617188e-07, "Agent0_Epoch38": 1.1920928955078125e-07, "Agent1_Epoch38": 1.1920928955078125e-07, "Agent2_Epoch38": 0.0, "Agent3_Epoch38": 0.0, "Agent4_Epoch38": 1.7881393432617188e-07, "Agent0_Epoch39": 1.1920928955078125e-07, "Agent1_Epoch39": 0.0, "Agent2_Epoch39": 0.0, "Agent3_Epoch39": 0.0, "Agent4_Epoch39": 1.1920928955078125e-07, "Agent0_Epoch40": 1.7881393432617188e-07, "Agent1_Epoch40": 1.1920928955078125e-07, "Agent2_Epoch40": 1.1920928955078125e-07, "Agent3_Epoch40": 1.1920928955078125e-07,