{"E1_agent0_norm": 2.223442554473877, "E1_agent1_norm": 1.960856318473816, "E1_agent2_norm": 1.9750419855117798, "E1_agent3_norm": 1.8575273752212524, "E1_agent4_norm": 2.0276918411254883, "E2_agent0_norm": 0.7916867136955261, "E2_agent1_norm": 0.8460791707038879, "E2_agent2_norm": 0.7503913640975952, "E2_agent3_norm": 0.8750473260879517, "E2_agent4_norm": 0.9759370684623718, "E3_agent0_norm": 0.7123619914054871, "E3_agent1_norm": 0.5458558797836304, "E3_agent2_norm": 0.554010272026062, "E3_agent3_norm": 0.5659630298614502, "E3_agent4_norm": 0.6433687210083008, "E4_agent0_norm": 0.46308451890945435, "E4_agent1_norm": 0.3585382401943207, "E4_agent2_norm": 0.36057379841804504, "E4_agent3_norm": 0.38082244992256165, "E4_agent4_norm": 0.36417484283447266, "E5_agent0_norm": 0.43508288264274597, "E5_agent1_norm": 0.28871601819992065, "E5_agent2_norm": 0.29315420985221863, "E5_agent3_norm": 0.294382780790329, "E5_agent4_norm": 0.40805676579475403, "E6_agent0_norm": 0.34859755635261536, "E6_agent1_norm": 0.23917590081691742, "E6_agent2_norm": 0.22366559505462646, "E6_agent3_norm": 0.2468205988407135, "E6_agent4_norm": 0.37935128808021545, "E7_agent0_norm": 0.28211331367492676, "E7_agent1_norm": 0.17353230714797974, "E7_agent2_norm": 0.17821864783763885, "E7_agent3_norm": 0.15524764358997345, "E7_agent4_norm": 0.2192411571741104, "E8_agent0_norm": 0.26344138383865356, "E8_agent1_norm": 0.14278128743171692, "E8_agent2_norm": 0.1235949918627739, "E8_agent3_norm": 0.12892277538776398, "E8_agent4_norm": 0.1847556084394455, "E9_agent0_norm": 0.2614549696445465, "E9_agent1_norm": 0.09960053116083145, "E9_agent2_norm": 0.10233214497566223, "E9_agent3_norm": 0.11920507252216339, "E9_agent4_norm": 0.15087080001831055, "E10_agent0_norm": 0.22531820833683014, "E10_agent1_norm": 0.08665984869003296, "E10_agent2_norm": 0.08115139603614807, "E10_agent3_norm": 0.09413035213947296, "E10_agent4_norm": 0.140944242477417, "E11_agent0_norm": 0.2263282686471939, "E11_agent1_norm": 0.07514379173517227, "E11_agent2_norm": 0.06918499618768692, "E11_agent3_norm": 0.07940664887428284, "E11_agent4_norm": 0.1131056398153305, "E12_agent0_norm": 0.18113014101982117, "E12_agent1_norm": 0.08805600553750992, "E12_agent2_norm": 0.08631864190101624, "E12_agent3_norm": 0.13754844665527344, "E12_agent4_norm": 0.15452075004577637, "E13_agent0_norm": 0.1686324030160904, "E13_agent1_norm": 0.06055953726172447, "E13_agent2_norm": 0.05995514616370201, "E13_agent3_norm": 0.07423539459705353, "E13_agent4_norm": 0.10000979900360107, "E14_agent0_norm": 0.14399413764476776, "E14_agent1_norm": 0.04858952760696411, "E14_agent2_norm": 0.0494229719042778, "E14_agent3_norm": 0.05330479145050049, "E14_agent4_norm": 0.09266107529401779, "E15_agent0_norm": 0.10072797536849976, "E15_agent1_norm": 0.042478375136852264, "E15_agent2_norm": 0.04236791655421257, "E15_agent3_norm": 0.06031937152147293, "E15_agent4_norm": 0.07694495469331741, "E16_agent0_norm": 0.06673303991556168, "E16_agent1_norm": 0.02811848185956478, "E16_agent2_norm": 0.022415854036808014, "E16_agent3_norm": 0.029370445758104324, "E16_agent4_norm": 0.03994292393326759, "E17_agent0_norm": 0.05290515348315239, "E17_agent1_norm": 0.01860414631664753, "E17_agent2_norm": 0.01872353069484234, "E17_agent3_norm": 0.024329474195837975, "E17_agent4_norm": 0.024087684229016304, "E18_agent0_norm": 0.038806650787591934, "E18_agent1_norm": 0.012800808064639568, "E18_agent2_norm": 0.011912388727068901, "E18_agent3_norm": 0.014090390875935555, "E18_agent4_norm": 0.0349578820168972, "E19_agent0_norm": 0.026894139125943184, "E19_agent1_norm": 0.009399517439305782, "E19_agent2_norm": 0.008572829887270927, "E19_agent3_norm": 0.012192941270768642, "E19_agent4_norm": 0.012138276360929012, "E20_agent0_norm": 0.019366087391972542, "E20_agent1_norm": 0.006917411461472511, "E20_agent2_norm": 0.006713793613016605, "E20_agent3_norm": 0.009859280660748482, "E20_agent4_norm": 0.012007414363324642, "E21_agent0_norm": 0.014706124551594257, "E21_agent1_norm": 0.005344576667994261, "E21_agent2_norm": 0.005228529684245586, "E21_agent3_norm": 0.012254135683178902, "E21_agent4_norm": 0.014708776026964188, "E22_agent0_norm": 0.010207287035882473, "E22_agent1_norm": 0.00320408190600574, "E22_agent2_norm": 0.003139983396977186, "E22_agent3_norm": 0.004821386653929949, "E22_agent4_norm": 0.0058858441188931465, "E23_agent0_norm": 0.007064767647534609, "E23_agent1_norm": 0.0026071234606206417, "E23_agent2_norm": 0.002461916534230113, "E23_agent3_norm": 0.0058179679326713085, "E23_agent4_norm": 0.0036169320810586214, "E24_agent0_norm": 0.004897622857242823, "E24_agent1_norm": 0.001491756527684629, "E24_agent2_norm": 0.0015142664778977633, "E24_agent3_norm": 0.0016046238597482443, "E24_agent4_norm": 0.0015011067735031247, "E25_agent0_norm": 0.0036826825235038996, "E25_agent1_norm": 0.001191713847219944, "E25_agent2_norm": 0.0011993316002190113, "E25_agent3_norm": 0.002376279328018427, "E25_agent4_norm": 0.0016654011560603976, "E26_agent0_norm": 0.002555273938924074, "E26_agent1_norm": 0.0008245476055890322, "E26_agent2_norm": 0.0007619051611982286, "E26_agent3_norm": 0.0012258886126801372, "E26_agent4_norm": 0.0020510682370513678, "E27_agent0_norm": 0.0018237186595797539, "E27_agent1_norm": 0.0005631638923659921, "E27_agent2_norm": 0.0005242826882749796, "E27_agent3_norm": 0.0005410021985881031, "E27_agent4_norm": 0.0005111309001222253, "E28_agent0_norm": 0.0013182576512917876, "E28_agent1_norm": 0.00039341734373010695, "E28_agent2_norm": 0.0003767289163079113, "E28_agent3_norm": 0.00047642647405155003, "E28_agent4_norm": 0.0007510157884098589, "E29_agent0_norm": 0.0008473661728203297, "E29_agent1_norm": 0.000275604659691453, "E29_agent2_norm": 0.0002850349119398743, "E29_agent3_norm": 0.00044309432269074023, "E29_agent4_norm": 0.0002669920213520527, "E30_agent0_norm": 0.0006198695627972484, "E30_agent1_norm": 0.00019615759083535522, "E30_agent2_norm": 0.00019696357776410878, "E30_agent3_norm": 0.00041011071880348027, "E30_agent4_norm": 0.0002600878069642931, "E31_agent0_norm": 0.0004745897022075951, "E31_agent1_norm": 0.00013462571951095015, "E31_agent2_norm": 0.00013215179205872118, "E31_agent3_norm": 0.0001434580044588074, "E31_agent4_norm": 0.00015793151396792382, "E32_agent0_norm": 0.00032260571606457233, "E32_agent1_norm": 9.800184488995001e-05, "E32_agent2_norm": 9.103288903133944e-05, "E32_agent3_norm": 0.0001290622603846714, "E32_agent4_norm": 0.0001915156899485737, "E33_agent0_norm": 0.00020854877948295325, "E33_agent1_norm": 6.597708124900237e-05, "E33_agent2_norm": 6.108632078394294e-05, "E33_agent3_norm": 6.496725836768746e-05, "E33_agent4_norm": 6.356652738759294e-05, "E34_agent0_norm": 0.00014360701607074589, "E34_agent1_norm": 4.569381053443067e-05, "E34_agent2_norm": 4.603127672453411e-05, "E34_agent3_norm": 6.487893551820889e-05, "E34_agent4_norm": 4.90319580421783e-05, "E35_agent0_norm": 0.0001181369589176029, "E35_agent1_norm": 3.674595063785091e-05, "E35_agent2_norm": 3.486285640974529e-05, "E35_agent3_norm": 7.29028251953423e-05, "E35_agent4_norm": 8.631718083051965e-05, "E36_agent0_norm": 8.064264693530276e-05, "E36_agent1_norm": 2.527228389226366e-05, "E36_agent2_norm": 2.228232187917456e-05, "E36_agent3_norm": 2.3459237127099186e-05, "E36_agent4_norm": 4.174438799964264e-05, "E37_agent0_norm": 5.382971721701324e-05, "E37_agent1_norm": 1.618990791030228e-05, "E37_agent2_norm": 1.5475154214072973e-05, "E37_agent3_norm": 1.5698677088948898e-05, "E37_agent4_norm": 1.533925751573406e-05, "E38_agent0_norm": 3.8861904613440856e-05, "E38_agent1_norm": 1.1580852515180595e-05, "E38_agent2_norm": 1.0640322216204368e-05, "E38_agent3_norm": 1.3368711734074168e-05, "E38_agent4_norm": 3.301642937003635e-05, "E39_agent0_norm": 2.7951240554102696e-05, "E39_agent1_norm": 8.391713890887331e-06, "E39_agent2_norm": 8.139792953443248e-06, "E39_agent3_norm": 8.871766112861224e-06, "E39_agent4_norm": 1.9218525267206132e-05, "E40_agent0_norm": 1.766965215210803e-05,