{"E1_agent0_norm": 2.099172592163086, "E1_agent1_norm": 1.9437726736068726, "E1_agent2_norm": 1.9066931009292603, "E1_agent3_norm": 1.9770511388778687, "E1_agent4_norm": 2.0837481021881104, "E2_agent0_norm": 0.6827353239059448, "E2_agent1_norm": 0.996318519115448, "E2_agent2_norm": 0.9391834139823914, "E2_agent3_norm": 0.7862722873687744, "E2_agent4_norm": 1.010183334350586, "E3_agent0_norm": 0.6324076652526855, "E3_agent1_norm": 0.4988269805908203, "E3_agent2_norm": 0.5599772334098816, "E3_agent3_norm": 0.5433219075202942, "E3_agent4_norm": 0.6262750029563904, "E4_agent0_norm": 0.48968014121055603, "E4_agent1_norm": 0.3231131434440613, "E4_agent2_norm": 0.3816829025745392, "E4_agent3_norm": 0.31985270977020264, "E4_agent4_norm": 0.374660849571228, "E5_agent0_norm": 0.3237106204032898, "E5_agent1_norm": 0.2904359996318817, "E5_agent2_norm": 0.24669422209262848, "E5_agent3_norm": 0.2211594432592392, "E5_agent4_norm": 0.2999550402164459, "E6_agent0_norm": 0.3277316391468048, "E6_agent1_norm": 0.21278813481330872, "E6_agent2_norm": 0.21628357470035553, "E6_agent3_norm": 0.186445415019989, "E6_agent4_norm": 0.25533583760261536, "E7_agent0_norm": 0.3131277561187744, "E7_agent1_norm": 0.17136920988559723, "E7_agent2_norm": 0.19595012068748474, "E7_agent3_norm": 0.1725034862756729, "E7_agent4_norm": 0.22143851220607758, "E8_agent0_norm": 0.2646559774875641, "E8_agent1_norm": 0.12822280824184418, "E8_agent2_norm": 0.14534629881381989, "E8_agent3_norm": 0.11727708578109741, "E8_agent4_norm": 0.16642175614833832, "E9_agent0_norm": 0.24941730499267578, "E9_agent1_norm": 0.09977267682552338, "E9_agent2_norm": 0.12378870695829391, "E9_agent3_norm": 0.09043431282043457, "E9_agent4_norm": 0.12943951785564423, "E10_agent0_norm": 0.2428385466337204, "E10_agent1_norm": 0.0895400196313858, "E10_agent2_norm": 0.09311231970787048, "E10_agent3_norm": 0.08398087322711945, "E10_agent4_norm": 0.12378016859292984, "E11_agent0_norm": 0.1994527280330658, "E11_agent1_norm": 0.0819706991314888, "E11_agent2_norm": 0.07983244955539703, "E11_agent3_norm": 0.079744353890419, "E11_agent4_norm": 0.11100740730762482, "E12_agent0_norm": 0.1881450116634369, "E12_agent1_norm": 0.08573547005653381, "E12_agent2_norm": 0.07597732543945312, "E12_agent3_norm": 0.10153692960739136, "E12_agent4_norm": 0.15308108925819397, "E13_agent0_norm": 0.1507696658372879, "E13_agent1_norm": 0.059407979249954224, "E13_agent2_norm": 0.05321801081299782, "E13_agent3_norm": 0.05875951424241066, "E13_agent4_norm": 0.07622454315423965, "E14_agent0_norm": 0.12915578484535217, "E14_agent1_norm": 0.044488243758678436, "E14_agent2_norm": 0.04514552652835846, "E14_agent3_norm": 0.044349052011966705, "E14_agent4_norm": 0.07245566695928574, "E15_agent0_norm": 0.08488224446773529, "E15_agent1_norm": 0.03278561308979988, "E15_agent2_norm": 0.030658075585961342, "E15_agent3_norm": 0.036088600754737854, "E15_agent4_norm": 0.056913889944553375, "E16_agent0_norm": 0.059344612061977386, "E16_agent1_norm": 0.023907369002699852, "E16_agent2_norm": 0.021920349448919296, "E16_agent3_norm": 0.02568810246884823, "E16_agent4_norm": 0.03336561471223831, "E17_agent0_norm": 0.04297482967376709, "E17_agent1_norm": 0.020695088431239128, "E17_agent2_norm": 0.017314793542027473, "E17_agent3_norm": 0.024431735277175903, "E17_agent4_norm": 0.020406614989042282, "E18_agent0_norm": 0.03346410393714905, "E18_agent1_norm": 0.014474719762802124, "E18_agent2_norm": 0.012678582221269608, "E18_agent3_norm": 0.021405603736639023, "E18_agent4_norm": 0.027078988030552864, "E19_agent0_norm": 0.023635637015104294, "E19_agent1_norm": 0.010237859562039375, "E19_agent2_norm": 0.008294601924717426, "E19_agent3_norm": 0.01105034165084362, "E19_agent4_norm": 0.011375145986676216, "E20_agent0_norm": 0.017038891091942787, "E20_agent1_norm": 0.006200921721756458, "E20_agent2_norm": 0.005785656627267599, "E20_agent3_norm": 0.006009181495755911, "E20_agent4_norm": 0.006297510117292404, "E21_agent0_norm": 0.012235992588102818, "E21_agent1_norm": 0.005149967037141323, "E21_agent2_norm": 0.004512224346399307, "E21_agent3_norm": 0.008163660764694214, "E21_agent4_norm": 0.007918371818959713, "E22_agent0_norm": 0.00951180700212717, "E22_agent1_norm": 0.003364733885973692, "E22_agent2_norm": 0.0029398889746516943, "E22_agent3_norm": 0.003714805468916893, "E22_agent4_norm": 0.005618004128336906, "E23_agent0_norm": 0.006230670493096113, "E23_agent1_norm": 0.002346150577068329, "E23_agent2_norm": 0.0021656823810189962, "E23_agent3_norm": 0.003920248243957758, "E23_agent4_norm": 0.0037471388932317495, "E24_agent0_norm": 0.004669830668717623, "E24_agent1_norm": 0.0016475843731313944, "E24_agent2_norm": 0.0015203387010842562, "E24_agent3_norm": 0.0024100022856146097, "E24_agent4_norm": 0.002593803219497204, "E25_agent0_norm": 0.0032766915392130613, "E25_agent1_norm": 0.0011695054126903415, "E25_agent2_norm": 0.0010598092339932919, "E25_agent3_norm": 0.00201239762827754, "E25_agent4_norm": 0.0025334772653877735, "E26_agent0_norm": 0.002458893461152911, "E26_agent1_norm": 0.0008588284836150706, "E26_agent2_norm": 0.0008031648467294872, "E26_agent3_norm": 0.0007935570902191103, "E26_agent4_norm": 0.0015677660703659058, "E27_agent0_norm": 0.0015985149657353759, "E27_agent1_norm": 0.0005551219801418483, "E27_agent2_norm": 0.0005144854076206684, "E27_agent3_norm": 0.001048472011461854, "E27_agent4_norm": 0.0015120090683922172, "E28_agent0_norm": 0.0011648529907688498, "E28_agent1_norm": 0.00041289368527941406, "E28_agent2_norm": 0.0003630262508522719, "E28_agent3_norm": 0.0005676710279658437, "E28_agent4_norm": 0.0008373491000384092, "E29_agent0_norm": 0.0007980269729159772, "E29_agent1_norm": 0.00027430878253653646, "E29_agent2_norm": 0.00024431763449683785, "E29_agent3_norm": 0.00039736268809065223, "E29_agent4_norm": 0.0004488961712922901, "E30_agent0_norm": 0.0005649270606227219, "E30_agent1_norm": 0.0002084897132590413, "E30_agent2_norm": 0.00017650346853770316, "E30_agent3_norm": 0.00019021678599528968, "E30_agent4_norm": 0.00020486992434598505, "E31_agent0_norm": 0.00041084541589953005, "E31_agent1_norm": 0.00013811096141580492, "E31_agent2_norm": 0.0001270686334464699, "E31_agent3_norm": 0.00013379330630414188, "E31_agent4_norm": 0.00016195049101952463, "E32_agent0_norm": 0.000279080995824188, "E32_agent1_norm": 9.879381104838103e-05, "E32_agent2_norm": 8.509943290846422e-05, "E32_agent3_norm": 0.00010098634083988145, "E32_agent4_norm": 0.00011170723882969469, "E33_agent0_norm": 0.00019154838810209185, "E33_agent1_norm": 7.022481440799311e-05, "E33_agent2_norm": 5.964723095530644e-05, "E33_agent3_norm": 0.00012399996921885759, "E33_agent4_norm": 8.822404925012961e-05, "E34_agent0_norm": 0.00013512356963474303, "E34_agent1_norm": 4.6599139750469476e-05, "E34_agent2_norm": 4.187210652162321e-05, "E34_agent3_norm": 4.791744868271053e-05, "E34_agent4_norm": 5.54920407012105e-05, "E35_agent0_norm": 9.918452269630507e-05, "E35_agent1_norm": 3.4010099625447765e-05, "E35_agent2_norm": 2.85618552879896e-05, "E35_agent3_norm": 5.1962466386612505e-05, "E35_agent4_norm": 6.366892921505496e-05, "E36_agent0_norm": 6.640273932134733e-05, "E36_agent1_norm": 2.4115150154102594e-05, "E36_agent2_norm": 2.1580406610155478e-05, "E36_agent3_norm": 2.3163887817645445e-05, "E36_agent4_norm": 2.2397907741833478e-05, "E37_agent0_norm": 4.780773087986745e-05, "E37_agent1_norm": 1.738695937092416e-05, "E37_agent2_norm": 1.512099515821319e-05, "E37_agent3_norm": 2.3025189875625074e-05, "E37_agent4_norm": 2.8253720302018337e-05, "E38_agent0_norm": 3.437270424910821e-05, "E38_agent1_norm": 1.1923015335923992e-05, "E38_agent2_norm": 1.0664894034562167e-05, "E38_agent3_norm": 2.0047169527970254e-05, "E38_agent4_norm": 1.9411845642025582e-05, "E39_agent0_norm": 2.2379366782843135e-05, "E39_agent1_norm": 7.687438483117148e-06, "E39_agent2_norm": 7.121296675904887e-06, "E39_agent3_norm": 7.6146770879859105e-06, "E39_agent4_norm": 7.923390512587503e-06, "E40_agent0_norm": 1.636716660868842e-05,