{"E1_agent0_norm": 2.4821064472198486, "E1_agent1_norm": 3.220781087875366, "E1_agent2_norm": 3.481018304824829, "E1_agent3_norm": 3.4554731845855713, "E1_agent4_norm": 2.874706983566284, "E1_agent5_norm": 2.9036476612091064, "E2_agent0_norm": 0.8653955459594727, "E2_agent1_norm": 2.261583089828491, "E2_agent2_norm": 2.470871686935425, "E2_agent3_norm": 2.327451467514038, "E2_agent4_norm": 2.294273853302002, "E2_agent5_norm": 2.190408229827881, "E3_agent0_norm": 0.9299949407577515, "E3_agent1_norm": 2.185271978378296, "E3_agent2_norm": 2.270331382751465, "E3_agent3_norm": 2.3281664848327637, "E3_agent4_norm": 2.137110471725464, "E3_agent5_norm": 2.3462748527526855, "E4_agent0_norm": 0.8663119673728943, "E4_agent1_norm": 2.0644259452819824, "E4_agent2_norm": 1.9348031282424927, "E4_agent3_norm": 1.8909108638763428, "E4_agent4_norm": 1.9025609493255615, "E4_agent5_norm": 1.94551682472229, "E5_agent0_norm": 0.8744362592697144, "E5_agent1_norm": 1.9802769422531128, "E5_agent2_norm": 1.688485026359558, "E5_agent3_norm": 1.6250478029251099, "E5_agent4_norm": 1.4921324253082275, "E5_agent5_norm": 1.576076626777649, "E6_agent0_norm": 0.7658093571662903, "E6_agent1_norm": 1.8182059526443481, "E6_agent2_norm": 1.3804247379302979, "E6_agent3_norm": 1.2300893068313599, "E6_agent4_norm": 1.1296173334121704, "E6_agent5_norm": 1.304972529411316, "E7_agent0_norm": 0.6100711822509766, "E7_agent1_norm": 1.4943997859954834, "E7_agent2_norm": 1.2103744745254517, "E7_agent3_norm": 0.8844757676124573, "E7_agent4_norm": 0.8040383458137512, "E7_agent5_norm": 1.0426305532455444, "E8_agent0_norm": 0.5009934306144714, "E8_agent1_norm": 1.21243155002594, "E8_agent2_norm": 0.9366465210914612, "E8_agent3_norm": 0.6635097861289978, "E8_agent4_norm": 0.5943595767021179, "E8_agent5_norm": 0.8608080744743347, "E9_agent0_norm": 0.4073898494243622, "E9_agent1_norm": 0.9237524271011353, "E9_agent2_norm": 0.742489218711853, "E9_agent3_norm": 0.5163255333900452, "E9_agent4_norm": 0.4668419361114502, "E9_agent5_norm": 0.681398332118988, "E10_agent0_norm": 0.3173075318336487, "E10_agent1_norm": 0.7394213080406189, "E10_agent2_norm": 0.591214120388031, "E10_agent3_norm": 0.3725109398365021, "E10_agent4_norm": 0.37629616260528564, "E10_agent5_norm": 0.6179822683334351, "E11_agent0_norm": 0.30594876408576965, "E11_agent1_norm": 0.5962104201316833, "E11_agent2_norm": 0.5057199001312256, "E11_agent3_norm": 0.33067262172698975, "E11_agent4_norm": 0.31755125522613525, "E11_agent5_norm": 0.5713604688644409, "E12_agent0_norm": 0.24535846710205078, "E12_agent1_norm": 0.48818546533584595, "E12_agent2_norm": 0.39404296875, "E12_agent3_norm": 0.23912978172302246, "E12_agent4_norm": 0.2610445022583008, "E12_agent5_norm": 0.4420613944530487, "E13_agent0_norm": 0.2456192523241043, "E13_agent1_norm": 0.45406466722488403, "E13_agent2_norm": 0.3316640555858612, "E13_agent3_norm": 0.2113381177186966, "E13_agent4_norm": 0.22007983922958374, "E13_agent5_norm": 0.4075908064842224, "E14_agent0_norm": 0.25231561064720154, "E14_agent1_norm": 0.3287995755672455, "E14_agent2_norm": 0.25494900345802307, "E14_agent3_norm": 0.1973484605550766, "E14_agent4_norm": 0.19500334560871124, "E14_agent5_norm": 0.38006874918937683, "E15_agent0_norm": 0.2258903980255127, "E15_agent1_norm": 0.25162020325660706, "E15_agent2_norm": 0.1990010291337967, "E15_agent3_norm": 0.1514909863471985, "E15_agent4_norm": 0.16013549268245697, "E15_agent5_norm": 0.3125726282596588, "E16_agent0_norm": 0.19692806899547577, "E16_agent1_norm": 0.2064136117696762, "E16_agent2_norm": 0.1799052357673645, "E16_agent3_norm": 0.12121248990297318, "E16_agent4_norm": 0.1213885247707367, "E16_agent5_norm": 0.2506782114505768, "E17_agent0_norm": 0.20225901901721954, "E17_agent1_norm": 0.1728491187095642, "E17_agent2_norm": 0.14988616108894348, "E17_agent3_norm": 0.10524911433458328, "E17_agent4_norm": 0.11118177324533463, "E17_agent5_norm": 0.22718428075313568, "E18_agent0_norm": 0.18826919794082642, "E18_agent1_norm": 0.12375196814537048, "E18_agent2_norm": 0.11935503035783768, "E18_agent3_norm": 0.093451589345932, "E18_agent4_norm": 0.09893646091222763, "E18_agent5_norm": 0.19066527485847473, "E19_agent0_norm": 0.1606951504945755, "E19_agent1_norm": 0.10150395333766937, "E19_agent2_norm": 0.10446839034557343, "E19_agent3_norm": 0.07572862505912781, "E19_agent4_norm": 0.07960586994886398, "E19_agent5_norm": 0.14924359321594238, "E20_agent0_norm": 0.14467929303646088, "E20_agent1_norm": 0.08404151350259781, "E20_agent2_norm": 0.0739297941327095, "E20_agent3_norm": 0.06977322697639465, "E20_agent4_norm": 0.07217144966125488, "E20_agent5_norm": 0.1384757161140442, "E21_agent0_norm": 0.11120004206895828, "E21_agent1_norm": 0.06113078445196152, "E21_agent2_norm": 0.055256437510252, "E21_agent3_norm": 0.05011364817619324, "E21_agent4_norm": 0.05966969579458237, "E21_agent5_norm": 0.10217394679784775, "E22_agent0_norm": 0.0807131677865982, "E22_agent1_norm": 0.04274574667215347, "E22_agent2_norm": 0.042191166430711746, "E22_agent3_norm": 0.03331702947616577, "E22_agent4_norm": 0.043943487107753754, "E22_agent5_norm": 0.0851329043507576, "E23_agent0_norm": 0.05623440071940422, "E23_agent1_norm": 0.03328631818294525, "E23_agent2_norm": 0.02970247156918049, "E23_agent3_norm": 0.022358018904924393, "E23_agent4_norm": 0.03265396133065224, "E23_agent5_norm": 0.0589248426258564, "E24_agent0_norm": 0.03933119773864746, "E24_agent1_norm": 0.02370150201022625, "E24_agent2_norm": 0.022969907149672508, "E24_agent3_norm": 0.015790680423378944, "E24_agent4_norm": 0.019899645820260048, "E24_agent5_norm": 0.040143050253391266, "E25_agent0_norm": 0.027921324595808983, "E25_agent1_norm": 0.01686987839639187, "E25_agent2_norm": 0.016460368409752846, "E25_agent3_norm": 0.01106172427535057, "E25_agent4_norm": 0.014700198546051979, "E25_agent5_norm": 0.028230352327227592, "E26_agent0_norm": 0.019506758078932762, "E26_agent1_norm": 0.01196126826107502, "E26_agent2_norm": 0.01251221913844347, "E26_agent3_norm": 0.007443576585501432, "E26_agent4_norm": 0.009808321483433247, "E26_agent5_norm": 0.01896663010120392, "E27_agent0_norm": 0.014020969159901142, "E27_agent1_norm": 0.008594945073127747, "E27_agent2_norm": 0.009207399562001228, "E27_agent3_norm": 0.0054329377599060535, "E27_agent4_norm": 0.007464219816029072, "E27_agent5_norm": 0.01338868960738182, "E28_agent0_norm": 0.009827055968344212, "E28_agent1_norm": 0.006447361316531897, "E28_agent2_norm": 0.007028921041637659, "E28_agent3_norm": 0.003766486421227455, "E28_agent4_norm": 0.004812383558601141, "E28_agent5_norm": 0.00871035736054182, "E29_agent0_norm": 0.006847593933343887, "E29_agent1_norm": 0.004736526403576136, "E29_agent2_norm": 0.0053075444884598255, "E29_agent3_norm": 0.0027229490224272013, "E29_agent4_norm": 0.0037756720557808876, "E29_agent5_norm": 0.005864141974598169, "E30_agent0_norm": 0.0048457602970302105, "E30_agent1_norm": 0.0033914344385266304, "E30_agent2_norm": 0.0038698003627359867, "E30_agent3_norm": 0.0018754699267446995, "E30_agent4_norm": 0.0028404586482793093, "E30_agent5_norm": 0.0044974880293011665, "E31_agent0_norm": 0.003320897463709116, "E31_agent1_norm": 0.0025075445882976055, "E31_agent2_norm": 0.002846876159310341, "E31_agent3_norm": 0.0012791302287951112, "E31_agent4_norm": 0.0020961505360901356, "E31_agent5_norm": 0.003100280649960041, "E32_agent0_norm": 0.0023200225550681353, "E32_agent1_norm": 0.0017743546050041914, "E32_agent2_norm": 0.002094399183988571, "E32_agent3_norm": 0.0008986477623693645, "E32_agent4_norm": 0.0011673911940306425, "E32_agent5_norm": 0.001991827506572008, "E33_agent0_norm": 0.0016493903240188956, "E33_agent1_norm": 0.0012457562843337655, "E33_agent2_norm": 0.0014755239244550467, "E33_agent3_norm": 0.0006617588805966079, "E33_agent4_norm": 0.0008943072170950472, "E33_agent5_norm": 0.0013723033480346203, "E34_agent0_norm": 0.0011225997004657984, "E34_agent1_norm": 0.0009052099194377661, "E34_agent2_norm": 0.0010698692640289664, "E34_agent3_norm": 0.00042404039413668215,