{"E1_agent0_norm": 2.4680521488189697, "E1_agent1_norm": 3.110976457595825, "E1_agent2_norm": 3.380354881286621, "E1_agent3_norm": 3.251133680343628, "E1_agent4_norm": 2.6132876873016357, "E1_agent5_norm": 3.03127384185791, "E2_agent0_norm": 0.909250795841217, "E2_agent1_norm": 2.4679415225982666, "E2_agent2_norm": 2.233924150466919, "E2_agent3_norm": 2.706447124481201, "E2_agent4_norm": 2.245879650115967, "E2_agent5_norm": 2.5536580085754395, "E3_agent0_norm": 0.8472093343734741, "E3_agent1_norm": 2.2192752361297607, "E3_agent2_norm": 2.334538459777832, "E3_agent3_norm": 2.1214773654937744, "E3_agent4_norm": 2.1270928382873535, "E3_agent5_norm": 2.544827461242676, "E4_agent0_norm": 0.8890131115913391, "E4_agent1_norm": 2.068817377090454, "E4_agent2_norm": 2.1541147232055664, "E4_agent3_norm": 1.788452386856079, "E4_agent4_norm": 1.7587597370147705, "E4_agent5_norm": 2.1722309589385986, "E5_agent0_norm": 0.9177866578102112, "E5_agent1_norm": 1.8502216339111328, "E5_agent2_norm": 1.864638328552246, "E5_agent3_norm": 1.6090837717056274, "E5_agent4_norm": 1.4356049299240112, "E5_agent5_norm": 1.7000566720962524, "E6_agent0_norm": 0.7686230540275574, "E6_agent1_norm": 1.5335363149642944, "E6_agent2_norm": 1.4654881954193115, "E6_agent3_norm": 1.1294286251068115, "E6_agent4_norm": 1.0658502578735352, "E6_agent5_norm": 1.3383482694625854, "E7_agent0_norm": 0.6447001099586487, "E7_agent1_norm": 1.3744332790374756, "E7_agent2_norm": 1.216131329536438, "E7_agent3_norm": 0.8677557706832886, "E7_agent4_norm": 0.7903499603271484, "E7_agent5_norm": 1.1147863864898682, "E8_agent0_norm": 0.5392255187034607, "E8_agent1_norm": 1.0776082277297974, "E8_agent2_norm": 0.9564298391342163, "E8_agent3_norm": 0.6634425520896912, "E8_agent4_norm": 0.620391309261322, "E8_agent5_norm": 0.9980568289756775, "E9_agent0_norm": 0.4434269368648529, "E9_agent1_norm": 0.8888476490974426, "E9_agent2_norm": 0.8193456530570984, "E9_agent3_norm": 0.5441506505012512, "E9_agent4_norm": 0.4917692542076111, "E9_agent5_norm": 0.8599225282669067, "E10_agent0_norm": 0.34285932779312134, "E10_agent1_norm": 0.6908368468284607, "E10_agent2_norm": 0.6491270065307617, "E10_agent3_norm": 0.392929345369339, "E10_agent4_norm": 0.3760460317134857, "E10_agent5_norm": 0.6979408264160156, "E11_agent0_norm": 0.2828752398490906, "E11_agent1_norm": 0.5922850966453552, "E11_agent2_norm": 0.5449597239494324, "E11_agent3_norm": 0.30852416157722473, "E11_agent4_norm": 0.2798428237438202, "E11_agent5_norm": 0.5972875952720642, "E12_agent0_norm": 0.24949906766414642, "E12_agent1_norm": 0.49146175384521484, "E12_agent2_norm": 0.45037442445755005, "E12_agent3_norm": 0.2614498734474182, "E12_agent4_norm": 0.24292682111263275, "E12_agent5_norm": 0.507927656173706, "E13_agent0_norm": 0.24792170524597168, "E13_agent1_norm": 0.38596880435943604, "E13_agent2_norm": 0.3631741404533386, "E13_agent3_norm": 0.19116516411304474, "E13_agent4_norm": 0.21602900326251984, "E13_agent5_norm": 0.4475102722644806, "E14_agent0_norm": 0.23966558277606964, "E14_agent1_norm": 0.3072476089000702, "E14_agent2_norm": 0.27800309658050537, "E14_agent3_norm": 0.17819249629974365, "E14_agent4_norm": 0.23398999869823456, "E14_agent5_norm": 0.4209870398044586, "E15_agent0_norm": 0.23059092462062836, "E15_agent1_norm": 0.2571084201335907, "E15_agent2_norm": 0.23700812458992004, "E15_agent3_norm": 0.17043206095695496, "E15_agent4_norm": 0.17042236030101776, "E15_agent5_norm": 0.34650617837905884, "E16_agent0_norm": 0.1961437612771988, "E16_agent1_norm": 0.21028681099414825, "E16_agent2_norm": 0.20668382942676544, "E16_agent3_norm": 0.12580615282058716, "E16_agent4_norm": 0.15488454699516296, "E16_agent5_norm": 0.2977311313152313, "E17_agent0_norm": 0.20782886445522308, "E17_agent1_norm": 0.1671985238790512, "E17_agent2_norm": 0.1596055030822754, "E17_agent3_norm": 0.11008657515048981, "E17_agent4_norm": 0.12843787670135498, "E17_agent5_norm": 0.25000491738319397, "E18_agent0_norm": 0.18299706280231476, "E18_agent1_norm": 0.1362559050321579, "E18_agent2_norm": 0.13184337317943573, "E18_agent3_norm": 0.09128839522600174, "E18_agent4_norm": 0.10458235442638397, "E18_agent5_norm": 0.20657490193843842, "E19_agent0_norm": 0.16679571568965912, "E19_agent1_norm": 0.10410304367542267, "E19_agent2_norm": 0.10116785764694214, "E19_agent3_norm": 0.07648270577192307, "E19_agent4_norm": 0.08957945555448532, "E19_agent5_norm": 0.170755535364151, "E20_agent0_norm": 0.14466576278209686, "E20_agent1_norm": 0.07667452096939087, "E20_agent2_norm": 0.07817674428224564, "E20_agent3_norm": 0.06357007473707199, "E20_agent4_norm": 0.07569095492362976, "E20_agent5_norm": 0.13684892654418945, "E21_agent0_norm": 0.11141914874315262, "E21_agent1_norm": 0.058038920164108276, "E21_agent2_norm": 0.05884020775556564, "E21_agent3_norm": 0.058004382997751236, "E21_agent4_norm": 0.07004623115062714, "E21_agent5_norm": 0.10039275139570236, "E22_agent0_norm": 0.0828232541680336, "E22_agent1_norm": 0.04370972886681557, "E22_agent2_norm": 0.045456960797309875, "E22_agent3_norm": 0.03575858473777771, "E22_agent4_norm": 0.046076204627752304, "E22_agent5_norm": 0.07621757686138153, "E23_agent0_norm": 0.059600166976451874, "E23_agent1_norm": 0.031449779868125916, "E23_agent2_norm": 0.030980797484517097, "E23_agent3_norm": 0.02382039837539196, "E23_agent4_norm": 0.031137794256210327, "E23_agent5_norm": 0.0529862605035305, "E24_agent0_norm": 0.04173911735415459, "E24_agent1_norm": 0.021986234933137894, "E24_agent2_norm": 0.022998789325356483, "E24_agent3_norm": 0.019001133739948273, "E24_agent4_norm": 0.025887776166200638, "E24_agent5_norm": 0.03707544505596161, "E25_agent0_norm": 0.029830196872353554, "E25_agent1_norm": 0.0164022333920002, "E25_agent2_norm": 0.016139453276991844, "E25_agent3_norm": 0.012926565483212471, "E25_agent4_norm": 0.016955982893705368, "E25_agent5_norm": 0.027962936088442802, "E26_agent0_norm": 0.021024590358138084, "E26_agent1_norm": 0.012447431683540344, "E26_agent2_norm": 0.013006111606955528, "E26_agent3_norm": 0.008658215403556824, "E26_agent4_norm": 0.012053639627993107, "E26_agent5_norm": 0.019069379195570946, "E27_agent0_norm": 0.014446254819631577, "E27_agent1_norm": 0.009152947925031185, "E27_agent2_norm": 0.009717599488794804, "E27_agent3_norm": 0.006068288814276457, "E27_agent4_norm": 0.008952549658715725, "E27_agent5_norm": 0.013255497440695763, "E28_agent0_norm": 0.010632463730871677, "E28_agent1_norm": 0.006163714919239283, "E28_agent2_norm": 0.006677612662315369, "E28_agent3_norm": 0.004276718944311142, "E28_agent4_norm": 0.0058730593882501125, "E28_agent5_norm": 0.009828547015786171, "E29_agent0_norm": 0.007452961523085833, "E29_agent1_norm": 0.004463105462491512, "E29_agent2_norm": 0.004992920905351639, "E29_agent3_norm": 0.0030773242469877005, "E29_agent4_norm": 0.0045066094025969505, "E29_agent5_norm": 0.006875187158584595, "E30_agent0_norm": 0.005096655339002609, "E30_agent1_norm": 0.0034697249066084623, "E30_agent2_norm": 0.0037973213475197554, "E30_agent3_norm": 0.0021176247391849756, "E30_agent4_norm": 0.003034302033483982, "E30_agent5_norm": 0.005116387270390987, "E31_agent0_norm": 0.003637919668108225, "E31_agent1_norm": 0.002422184217721224, "E31_agent2_norm": 0.0027995281852781773, "E31_agent3_norm": 0.0015111523680388927, "E31_agent4_norm": 0.00232758279889822, "E31_agent5_norm": 0.003684294642880559, "E32_agent0_norm": 0.0024979703593999147, "E32_agent1_norm": 0.0017260306049138308, "E32_agent2_norm": 0.0020658103749156, "E32_agent3_norm": 0.0010383008047938347, "E32_agent4_norm": 0.0013769372599199414, "E32_agent5_norm": 0.0021765970159322023, "E33_agent0_norm": 0.0017372885486111045, "E33_agent1_norm": 0.0012738832738250494, "E33_agent2_norm": 0.001497491030022502, "E33_agent3_norm": 0.0007349969819188118, "E33_agent4_norm": 0.0010322494199499488, "E33_agent5_norm": 0.0015837877290323377, "E34_agent0_norm": 0.0012297221692278981, "E34_agent1_norm": 0.0009025731706060469, "E34_agent2_norm": 0.0010625411523506045,