{"E1_agent0_norm": 2.563839912414551, "E1_agent1_norm": 3.22552227973938, "E1_agent2_norm": 3.1732163429260254, "E1_agent3_norm": 3.2774598598480225, "E1_agent4_norm": 2.8160510063171387, "E1_agent5_norm": 2.7623097896575928, "E2_agent0_norm": 0.8262000679969788, "E2_agent1_norm": 2.4180409908294678, "E2_agent2_norm": 2.3741605281829834, "E2_agent3_norm": 2.7381768226623535, "E2_agent4_norm": 2.6207010746002197, "E2_agent5_norm": 2.5160720348358154, "E3_agent0_norm": 0.8968585729598999, "E3_agent1_norm": 2.5159823894500732, "E3_agent2_norm": 2.508527994155884, "E3_agent3_norm": 2.3674545288085938, "E3_agent4_norm": 2.2511534690856934, "E3_agent5_norm": 2.2703640460968018, "E4_agent0_norm": 0.967475414276123, "E4_agent1_norm": 2.139742612838745, "E4_agent2_norm": 2.1700439453125, "E4_agent3_norm": 2.0715878009796143, "E4_agent4_norm": 1.9359874725341797, "E4_agent5_norm": 2.0103533267974854, "E5_agent0_norm": 0.9469819068908691, "E5_agent1_norm": 2.028082847595215, "E5_agent2_norm": 1.7530843019485474, "E5_agent3_norm": 1.6109120845794678, "E5_agent4_norm": 1.5541518926620483, "E5_agent5_norm": 1.6733664274215698, "E6_agent0_norm": 0.8765965700149536, "E6_agent1_norm": 1.7694072723388672, "E6_agent2_norm": 1.5173884630203247, "E6_agent3_norm": 1.2899856567382812, "E6_agent4_norm": 1.124839425086975, "E6_agent5_norm": 1.2274754047393799, "E7_agent0_norm": 0.6438769698143005, "E7_agent1_norm": 1.4476169347763062, "E7_agent2_norm": 1.2124638557434082, "E7_agent3_norm": 0.8747491240501404, "E7_agent4_norm": 0.8380325436592102, "E7_agent5_norm": 1.0212996006011963, "E8_agent0_norm": 0.5245116949081421, "E8_agent1_norm": 1.1895397901535034, "E8_agent2_norm": 0.9835711717605591, "E8_agent3_norm": 0.6565142273902893, "E8_agent4_norm": 0.6138285994529724, "E8_agent5_norm": 0.8276593089103699, "E9_agent0_norm": 0.41417887806892395, "E9_agent1_norm": 0.9799336194992065, "E9_agent2_norm": 0.7997194528579712, "E9_agent3_norm": 0.5401142239570618, "E9_agent4_norm": 0.5250986218452454, "E9_agent5_norm": 0.7357160449028015, "E10_agent0_norm": 0.33526545763015747, "E10_agent1_norm": 0.8084133267402649, "E10_agent2_norm": 0.6626452803611755, "E10_agent3_norm": 0.4224189519882202, "E10_agent4_norm": 0.38711631298065186, "E10_agent5_norm": 0.6339429020881653, "E11_agent0_norm": 0.31048354506492615, "E11_agent1_norm": 0.6428900957107544, "E11_agent2_norm": 0.529142439365387, "E11_agent3_norm": 0.34535616636276245, "E11_agent4_norm": 0.3522343933582306, "E11_agent5_norm": 0.5423105955123901, "E12_agent0_norm": 0.28150632977485657, "E12_agent1_norm": 0.5332198143005371, "E12_agent2_norm": 0.43991073966026306, "E12_agent3_norm": 0.2910849153995514, "E12_agent4_norm": 0.30587613582611084, "E12_agent5_norm": 0.4669857323169708, "E13_agent0_norm": 0.2524358928203583, "E13_agent1_norm": 0.4308708608150482, "E13_agent2_norm": 0.33557406067848206, "E13_agent3_norm": 0.22151625156402588, "E13_agent4_norm": 0.2518162727355957, "E13_agent5_norm": 0.41530776023864746, "E14_agent0_norm": 0.23497797548770905, "E14_agent1_norm": 0.35126277804374695, "E14_agent2_norm": 0.293462336063385, "E14_agent3_norm": 0.18583275377750397, "E14_agent4_norm": 0.2267322987318039, "E14_agent5_norm": 0.3614441454410553, "E15_agent0_norm": 0.2264983057975769, "E15_agent1_norm": 0.29369881749153137, "E15_agent2_norm": 0.21780173480510712, "E15_agent3_norm": 0.15248054265975952, "E15_agent4_norm": 0.19278620183467865, "E15_agent5_norm": 0.3259986937046051, "E16_agent0_norm": 0.21282505989074707, "E16_agent1_norm": 0.2312019020318985, "E16_agent2_norm": 0.18529094755649567, "E16_agent3_norm": 0.13913142681121826, "E16_agent4_norm": 0.17993435263633728, "E16_agent5_norm": 0.28483450412750244, "E17_agent0_norm": 0.20428329706192017, "E17_agent1_norm": 0.19310057163238525, "E17_agent2_norm": 0.15497060120105743, "E17_agent3_norm": 0.11885674297809601, "E17_agent4_norm": 0.13369980454444885, "E17_agent5_norm": 0.23449277877807617, "E18_agent0_norm": 0.19328922033309937, "E18_agent1_norm": 0.14743566513061523, "E18_agent2_norm": 0.13386069238185883, "E18_agent3_norm": 0.11145268380641937, "E18_agent4_norm": 0.11750586330890656, "E18_agent5_norm": 0.1935722678899765, "E19_agent0_norm": 0.17377741634845734, "E19_agent1_norm": 0.11201339960098267, "E19_agent2_norm": 0.0929524302482605, "E19_agent3_norm": 0.0807809978723526, "E19_agent4_norm": 0.09091106057167053, "E19_agent5_norm": 0.15002690255641937, "E20_agent0_norm": 0.14217175543308258, "E20_agent1_norm": 0.08482030034065247, "E20_agent2_norm": 0.07841839641332626, "E20_agent3_norm": 0.06729717552661896, "E20_agent4_norm": 0.08152830600738525, "E20_agent5_norm": 0.1222955510020256, "E21_agent0_norm": 0.11272560805082321, "E21_agent1_norm": 0.06285136938095093, "E21_agent2_norm": 0.061630867421627045, "E21_agent3_norm": 0.0487324483692646, "E21_agent4_norm": 0.06595232337713242, "E21_agent5_norm": 0.10003413259983063, "E22_agent0_norm": 0.08084234595298767, "E22_agent1_norm": 0.04657915234565735, "E22_agent2_norm": 0.045616816729307175, "E22_agent3_norm": 0.03270566835999489, "E22_agent4_norm": 0.044866763055324554, "E22_agent5_norm": 0.0769515410065651, "E23_agent0_norm": 0.05876597762107849, "E23_agent1_norm": 0.03413365036249161, "E23_agent2_norm": 0.033784154802560806, "E23_agent3_norm": 0.023844383656978607, "E23_agent4_norm": 0.03386035934090614, "E23_agent5_norm": 0.052965909242630005, "E24_agent0_norm": 0.0419628843665123, "E24_agent1_norm": 0.025268085300922394, "E24_agent2_norm": 0.023762518540024757, "E24_agent3_norm": 0.01654054783284664, "E24_agent4_norm": 0.025134820491075516, "E24_agent5_norm": 0.03899110481142998, "E25_agent0_norm": 0.029172515496611595, "E25_agent1_norm": 0.01827912963926792, "E25_agent2_norm": 0.01788504421710968, "E25_agent3_norm": 0.012046245858073235, "E25_agent4_norm": 0.0162693839520216, "E25_agent5_norm": 0.02761371247470379, "E26_agent0_norm": 0.02064022235572338, "E26_agent1_norm": 0.013707089237868786, "E26_agent2_norm": 0.013249841518700123, "E26_agent3_norm": 0.00841912068426609, "E26_agent4_norm": 0.011314701288938522, "E26_agent5_norm": 0.01916366256773472, "E27_agent0_norm": 0.014187413267791271, "E27_agent1_norm": 0.010250667110085487, "E27_agent2_norm": 0.009606625884771347, "E27_agent3_norm": 0.005938857328146696, "E27_agent4_norm": 0.007698528002947569, "E27_agent5_norm": 0.012853539548814297, "E28_agent0_norm": 0.009929635562002659, "E28_agent1_norm": 0.007418904919177294, "E28_agent2_norm": 0.007228998467326164, "E28_agent3_norm": 0.004229242913424969, "E28_agent4_norm": 0.005868393927812576, "E28_agent5_norm": 0.008840060792863369, "E29_agent0_norm": 0.007134160492569208, "E29_agent1_norm": 0.0052812425419688225, "E29_agent2_norm": 0.005209677387028933, "E29_agent3_norm": 0.002913113683462143, "E29_agent4_norm": 0.00392471207305789, "E29_agent5_norm": 0.006308691576123238, "E30_agent0_norm": 0.004904237575829029, "E30_agent1_norm": 0.0037824588362127542, "E30_agent2_norm": 0.003795891534537077, "E30_agent3_norm": 0.002034307224676013, "E30_agent4_norm": 0.0030099020805209875, "E30_agent5_norm": 0.004145435523241758, "E31_agent0_norm": 0.0035095028579235077, "E31_agent1_norm": 0.0027126683853566647, "E31_agent2_norm": 0.0027299763169139624, "E31_agent3_norm": 0.001457979902625084, "E31_agent4_norm": 0.0021853407379239798, "E31_agent5_norm": 0.0030137861613184214, "E32_agent0_norm": 0.0024860172998160124, "E32_agent1_norm": 0.0019495143787935376, "E32_agent2_norm": 0.0018971450626850128, "E32_agent3_norm": 0.001008825609460473, "E32_agent4_norm": 0.0015164967626333237, "E32_agent5_norm": 0.002125195227563381, "E33_agent0_norm": 0.0017226559575647116, "E33_agent1_norm": 0.0014107231982052326, "E33_agent2_norm": 0.0014262002659961581, "E33_agent3_norm": 0.0006921739550307393, "E33_agent4_norm": 0.0010216602822765708, "E33_agent5_norm": 0.0015467347111552954, "E34_agent0_norm": 0.0012054938124492764, "E34_agent1_norm": 0.0010126142296940088, "E34_agent2_norm": 0.0010451213456690311,