{"E1_agent0_norm": 2.352102756500244, "E1_agent1_norm": 3.2268900871276855, "E1_agent2_norm": 3.4292991161346436, "E1_agent3_norm": 3.085841417312622, "E1_agent4_norm": 2.641695499420166, "E1_agent5_norm": 2.829552173614502, "E2_agent0_norm": 0.9818161129951477, "E2_agent1_norm": 2.5439069271087646, "E2_agent2_norm": 2.6271324157714844, "E2_agent3_norm": 2.589696168899536, "E2_agent4_norm": 2.679637908935547, "E2_agent5_norm": 2.4722349643707275, "E3_agent0_norm": 0.9236959218978882, "E3_agent1_norm": 2.2436399459838867, "E3_agent2_norm": 2.3227407932281494, "E3_agent3_norm": 2.1045799255371094, "E3_agent4_norm": 2.0952506065368652, "E3_agent5_norm": 2.287281036376953, "E4_agent0_norm": 0.9905565977096558, "E4_agent1_norm": 2.1479015350341797, "E4_agent2_norm": 2.1753480434417725, "E4_agent3_norm": 1.919547200202942, "E4_agent4_norm": 1.6787331104278564, "E4_agent5_norm": 1.9623677730560303, "E5_agent0_norm": 0.8879227638244629, "E5_agent1_norm": 2.0012166500091553, "E5_agent2_norm": 1.7254232168197632, "E5_agent3_norm": 1.3234325647354126, "E5_agent4_norm": 1.2349646091461182, "E5_agent5_norm": 1.525254487991333, "E6_agent0_norm": 0.7066312432289124, "E6_agent1_norm": 1.6598409414291382, "E6_agent2_norm": 1.3718699216842651, "E6_agent3_norm": 1.093943476676941, "E6_agent4_norm": 0.9348750114440918, "E6_agent5_norm": 1.235560655593872, "E7_agent0_norm": 0.6082804799079895, "E7_agent1_norm": 1.38506281375885, "E7_agent2_norm": 1.0979899168014526, "E7_agent3_norm": 0.9014031887054443, "E7_agent4_norm": 0.802899181842804, "E7_agent5_norm": 1.0965452194213867, "E8_agent0_norm": 0.4868128299713135, "E8_agent1_norm": 1.083479881286621, "E8_agent2_norm": 0.9119067192077637, "E8_agent3_norm": 0.6571505069732666, "E8_agent4_norm": 0.6064289808273315, "E8_agent5_norm": 0.8610010147094727, "E9_agent0_norm": 0.3883563280105591, "E9_agent1_norm": 0.8772768378257751, "E9_agent2_norm": 0.7081521153450012, "E9_agent3_norm": 0.48273128271102905, "E9_agent4_norm": 0.4364209473133087, "E9_agent5_norm": 0.7191334962844849, "E10_agent0_norm": 0.3445151746273041, "E10_agent1_norm": 0.7104175090789795, "E10_agent2_norm": 0.5975255370140076, "E10_agent3_norm": 0.3746182322502136, "E10_agent4_norm": 0.36922720074653625, "E10_agent5_norm": 0.6024627089500427, "E11_agent0_norm": 0.29685476422309875, "E11_agent1_norm": 0.5624983906745911, "E11_agent2_norm": 0.45367631316185, "E11_agent3_norm": 0.29446831345558167, "E11_agent4_norm": 0.2838713824748993, "E11_agent5_norm": 0.49399706721305847, "E12_agent0_norm": 0.248435840010643, "E12_agent1_norm": 0.4520474076271057, "E12_agent2_norm": 0.37643057107925415, "E12_agent3_norm": 0.24830247461795807, "E12_agent4_norm": 0.250882625579834, "E12_agent5_norm": 0.40976303815841675, "E13_agent0_norm": 0.23895390331745148, "E13_agent1_norm": 0.36442360281944275, "E13_agent2_norm": 0.30248546600341797, "E13_agent3_norm": 0.20194704830646515, "E13_agent4_norm": 0.19771362841129303, "E13_agent5_norm": 0.35521847009658813, "E14_agent0_norm": 0.21113221347332, "E14_agent1_norm": 0.3101823031902313, "E14_agent2_norm": 0.2485983967781067, "E14_agent3_norm": 0.15846005082130432, "E14_agent4_norm": 0.1744956374168396, "E14_agent5_norm": 0.29865238070487976, "E15_agent0_norm": 0.22680345177650452, "E15_agent1_norm": 0.2635638415813446, "E15_agent2_norm": 0.212005615234375, "E15_agent3_norm": 0.13958707451820374, "E15_agent4_norm": 0.16417787969112396, "E15_agent5_norm": 0.264873206615448, "E16_agent0_norm": 0.21881526708602905, "E16_agent1_norm": 0.20114833116531372, "E16_agent2_norm": 0.1678881049156189, "E16_agent3_norm": 0.12013394385576248, "E16_agent4_norm": 0.13445213437080383, "E16_agent5_norm": 0.2257574498653412, "E17_agent0_norm": 0.19860512018203735, "E17_agent1_norm": 0.16854950785636902, "E17_agent2_norm": 0.13101814687252045, "E17_agent3_norm": 0.10828375816345215, "E17_agent4_norm": 0.1197219043970108, "E17_agent5_norm": 0.2058914452791214, "E18_agent0_norm": 0.19623680412769318, "E18_agent1_norm": 0.13426156342029572, "E18_agent2_norm": 0.11490516364574432, "E18_agent3_norm": 0.08942706137895584, "E18_agent4_norm": 0.10648044943809509, "E18_agent5_norm": 0.1751112937927246, "E19_agent0_norm": 0.17274604737758636, "E19_agent1_norm": 0.10460907965898514, "E19_agent2_norm": 0.08919589966535568, "E19_agent3_norm": 0.08547263592481613, "E19_agent4_norm": 0.09093543142080307, "E19_agent5_norm": 0.1410551369190216, "E20_agent0_norm": 0.1420869529247284, "E20_agent1_norm": 0.07949003577232361, "E20_agent2_norm": 0.06926698982715607, "E20_agent3_norm": 0.063972607254982, "E20_agent4_norm": 0.07347308099269867, "E20_agent5_norm": 0.12266207486391068, "E21_agent0_norm": 0.11170577257871628, "E21_agent1_norm": 0.05900963768362999, "E21_agent2_norm": 0.04829450696706772, "E21_agent3_norm": 0.04627099633216858, "E21_agent4_norm": 0.05346536263823509, "E21_agent5_norm": 0.09721013903617859, "E22_agent0_norm": 0.07787299901247025, "E22_agent1_norm": 0.044176049530506134, "E22_agent2_norm": 0.03857922926545143, "E22_agent3_norm": 0.03164146468043327, "E22_agent4_norm": 0.04135923087596893, "E22_agent5_norm": 0.06887444853782654, "E23_agent0_norm": 0.056213997304439545, "E23_agent1_norm": 0.031151682138442993, "E23_agent2_norm": 0.02786588855087757, "E23_agent3_norm": 0.023758796975016594, "E23_agent4_norm": 0.031997304409742355, "E23_agent5_norm": 0.051490675657987595, "E24_agent0_norm": 0.0393061563372612, "E24_agent1_norm": 0.021243106573820114, "E24_agent2_norm": 0.01911090686917305, "E24_agent3_norm": 0.015662647783756256, "E24_agent4_norm": 0.021740199998021126, "E24_agent5_norm": 0.034272562712430954, "E25_agent0_norm": 0.02664620615541935, "E25_agent1_norm": 0.016026215627789497, "E25_agent2_norm": 0.013421582989394665, "E25_agent3_norm": 0.010156026110053062, "E25_agent4_norm": 0.014547673985362053, "E25_agent5_norm": 0.025435393676161766, "E26_agent0_norm": 0.0192756075412035, "E26_agent1_norm": 0.010927421040832996, "E26_agent2_norm": 0.010182788595557213, "E26_agent3_norm": 0.008045794442296028, "E26_agent4_norm": 0.0118729742243886, "E26_agent5_norm": 0.017363475635647774, "E27_agent0_norm": 0.01331201009452343, "E27_agent1_norm": 0.008241909556090832, "E27_agent2_norm": 0.007651270367205143, "E27_agent3_norm": 0.005088804755359888, "E27_agent4_norm": 0.006983855739235878, "E27_agent5_norm": 0.012323865666985512, "E28_agent0_norm": 0.009429196827113628, "E28_agent1_norm": 0.00631727697327733, "E28_agent2_norm": 0.0055044409818947315, "E28_agent3_norm": 0.003574847709387541, "E28_agent4_norm": 0.0045865606516599655, "E28_agent5_norm": 0.009046092629432678, "E29_agent0_norm": 0.006599267013370991, "E29_agent1_norm": 0.004386356566101313, "E29_agent2_norm": 0.004293372388929129, "E29_agent3_norm": 0.002660286147147417, "E29_agent4_norm": 0.0035485608968883753, "E29_agent5_norm": 0.0057454584166407585, "E30_agent0_norm": 0.004544258117675781, "E30_agent1_norm": 0.003107613418251276, "E30_agent2_norm": 0.0030184919014573097, "E30_agent3_norm": 0.001659800298511982, "E30_agent4_norm": 0.0022950333077460527, "E30_agent5_norm": 0.004064752720296383, "E31_agent0_norm": 0.003199694911018014, "E31_agent1_norm": 0.0022828811779618263, "E31_agent2_norm": 0.002170783234760165, "E31_agent3_norm": 0.00122717279009521, "E31_agent4_norm": 0.001706475391983986, "E31_agent5_norm": 0.002844239352270961, "E32_agent0_norm": 0.002218207810074091, "E32_agent1_norm": 0.0016371525125578046, "E32_agent2_norm": 0.0015905050095170736, "E32_agent3_norm": 0.0008228400256484747, "E32_agent4_norm": 0.0010869507677853107, "E32_agent5_norm": 0.002088116016238928, "E33_agent0_norm": 0.0015868375776335597, "E33_agent1_norm": 0.0011382513912394643, "E33_agent2_norm": 0.0011990609345957637, "E33_agent3_norm": 0.0006050218362361193, "E33_agent4_norm": 0.0007994048646651208, "E33_agent5_norm": 0.0014504254795610905, "E34_agent0_norm": 0.0010954953031614423, "E34_agent1_norm": 0.0008231787360273302, "E34_agent2_norm": 0.0008550634956918657,