{"E1_agent0_norm": 2.6470963954925537, "E1_agent1_norm": 3.3530449867248535, "E1_agent2_norm": 3.428818464279175, "E1_agent3_norm": 3.2521088123321533, "E1_agent4_norm": 2.8321666717529297, "E1_agent5_norm": 2.8911685943603516, "E2_agent0_norm": 0.8123669028282166, "E2_agent1_norm": 2.0633230209350586, "E2_agent2_norm": 2.0883610248565674, "E2_agent3_norm": 2.4459166526794434, "E2_agent4_norm": 2.3919992446899414, "E2_agent5_norm": 2.4452054500579834, "E3_agent0_norm": 0.8537372946739197, "E3_agent1_norm": 2.16365647315979, "E3_agent2_norm": 2.4806759357452393, "E3_agent3_norm": 2.3252675533294678, "E3_agent4_norm": 2.2902324199676514, "E3_agent5_norm": 2.1316077709198, "E4_agent0_norm": 0.9642735123634338, "E4_agent1_norm": 2.213388442993164, "E4_agent2_norm": 2.2353217601776123, "E4_agent3_norm": 2.0839860439300537, "E4_agent4_norm": 1.9370477199554443, "E4_agent5_norm": 2.0318753719329834, "E5_agent0_norm": 0.8427701592445374, "E5_agent1_norm": 1.842193603515625, "E5_agent2_norm": 1.6291548013687134, "E5_agent3_norm": 1.4992518424987793, "E5_agent4_norm": 1.3965191841125488, "E5_agent5_norm": 1.5475685596466064, "E6_agent0_norm": 0.7511202692985535, "E6_agent1_norm": 1.65701425075531, "E6_agent2_norm": 1.462868094444275, "E6_agent3_norm": 1.097983479499817, "E6_agent4_norm": 1.0633209943771362, "E6_agent5_norm": 1.322175145149231, "E7_agent0_norm": 0.6206603050231934, "E7_agent1_norm": 1.3813691139221191, "E7_agent2_norm": 1.116128921508789, "E7_agent3_norm": 0.8545235991477966, "E7_agent4_norm": 0.8229146003723145, "E7_agent5_norm": 1.0572431087493896, "E8_agent0_norm": 0.5023077726364136, "E8_agent1_norm": 1.1629732847213745, "E8_agent2_norm": 0.9462159872055054, "E8_agent3_norm": 0.6889041066169739, "E8_agent4_norm": 0.6272466778755188, "E8_agent5_norm": 0.9482541084289551, "E9_agent0_norm": 0.43304726481437683, "E9_agent1_norm": 0.8852533102035522, "E9_agent2_norm": 0.7115324139595032, "E9_agent3_norm": 0.5512994527816772, "E9_agent4_norm": 0.5274417996406555, "E9_agent5_norm": 0.7074679136276245, "E10_agent0_norm": 0.3450600504875183, "E10_agent1_norm": 0.7284958958625793, "E10_agent2_norm": 0.5609064698219299, "E10_agent3_norm": 0.42508465051651, "E10_agent4_norm": 0.4216083884239197, "E10_agent5_norm": 0.5940635204315186, "E11_agent0_norm": 0.28529685735702515, "E11_agent1_norm": 0.6192486882209778, "E11_agent2_norm": 0.463840514421463, "E11_agent3_norm": 0.3351799249649048, "E11_agent4_norm": 0.3372020423412323, "E11_agent5_norm": 0.5147609114646912, "E12_agent0_norm": 0.24964797496795654, "E12_agent1_norm": 0.4961085021495819, "E12_agent2_norm": 0.37512829899787903, "E12_agent3_norm": 0.2585073709487915, "E12_agent4_norm": 0.25203314423561096, "E12_agent5_norm": 0.4215012192726135, "E13_agent0_norm": 0.2523276209831238, "E13_agent1_norm": 0.415291965007782, "E13_agent2_norm": 0.3212898075580597, "E13_agent3_norm": 0.2196139097213745, "E13_agent4_norm": 0.24064774811267853, "E13_agent5_norm": 0.3687689006328583, "E14_agent0_norm": 0.23351924121379852, "E14_agent1_norm": 0.339618444442749, "E14_agent2_norm": 0.26561272144317627, "E14_agent3_norm": 0.17391297221183777, "E14_agent4_norm": 0.2075129896402359, "E14_agent5_norm": 0.322527676820755, "E15_agent0_norm": 0.2335408478975296, "E15_agent1_norm": 0.2847294509410858, "E15_agent2_norm": 0.2197972536087036, "E15_agent3_norm": 0.16449245810508728, "E15_agent4_norm": 0.18520893156528473, "E15_agent5_norm": 0.27753034234046936, "E16_agent0_norm": 0.21403557062149048, "E16_agent1_norm": 0.2256135791540146, "E16_agent2_norm": 0.16994033753871918, "E16_agent3_norm": 0.13853983581066132, "E16_agent4_norm": 0.16392368078231812, "E16_agent5_norm": 0.26253804564476013, "E17_agent0_norm": 0.19409747421741486, "E17_agent1_norm": 0.18230900168418884, "E17_agent2_norm": 0.13454782962799072, "E17_agent3_norm": 0.10748420655727386, "E17_agent4_norm": 0.11918904632329941, "E17_agent5_norm": 0.21641887724399567, "E18_agent0_norm": 0.18050162494182587, "E18_agent1_norm": 0.1366356611251831, "E18_agent2_norm": 0.11755113303661346, "E18_agent3_norm": 0.10157092660665512, "E18_agent4_norm": 0.11022056639194489, "E18_agent5_norm": 0.191127210855484, "E19_agent0_norm": 0.15472954511642456, "E19_agent1_norm": 0.10946430265903473, "E19_agent2_norm": 0.0922418087720871, "E19_agent3_norm": 0.079435333609581, "E19_agent4_norm": 0.07787704467773438, "E19_agent5_norm": 0.15176250040531158, "E20_agent0_norm": 0.13415642082691193, "E20_agent1_norm": 0.08172886073589325, "E20_agent2_norm": 0.07282869517803192, "E20_agent3_norm": 0.06289125978946686, "E20_agent4_norm": 0.06748669594526291, "E20_agent5_norm": 0.13464300334453583, "E21_agent0_norm": 0.10654763132333755, "E21_agent1_norm": 0.05717672407627106, "E21_agent2_norm": 0.05243741348385811, "E21_agent3_norm": 0.04773865267634392, "E21_agent4_norm": 0.053590189665555954, "E21_agent5_norm": 0.10586725920438766, "E22_agent0_norm": 0.0750957578420639, "E22_agent1_norm": 0.04265175387263298, "E22_agent2_norm": 0.04078212007880211, "E22_agent3_norm": 0.033335886895656586, "E22_agent4_norm": 0.0383467860519886, "E22_agent5_norm": 0.07476596534252167, "E23_agent0_norm": 0.053959429264068604, "E23_agent1_norm": 0.030911758542060852, "E23_agent2_norm": 0.029627038165926933, "E23_agent3_norm": 0.022468550130724907, "E23_agent4_norm": 0.02716655097901821, "E23_agent5_norm": 0.05289232358336449, "E24_agent0_norm": 0.03807865083217621, "E24_agent1_norm": 0.02231712080538273, "E24_agent2_norm": 0.02241423912346363, "E24_agent3_norm": 0.015859996899962425, "E24_agent4_norm": 0.019946757704019547, "E24_agent5_norm": 0.03587120398879051, "E25_agent0_norm": 0.026987213641405106, "E25_agent1_norm": 0.01567814126610756, "E25_agent2_norm": 0.016141297295689583, "E25_agent3_norm": 0.010948835872113705, "E25_agent4_norm": 0.014351408928632736, "E25_agent5_norm": 0.02610672079026699, "E26_agent0_norm": 0.01909015141427517, "E26_agent1_norm": 0.011507544666528702, "E26_agent2_norm": 0.012058055028319359, "E26_agent3_norm": 0.007975604385137558, "E26_agent4_norm": 0.01063199806958437, "E26_agent5_norm": 0.01714826561510563, "E27_agent0_norm": 0.013869901187717915, "E27_agent1_norm": 0.008295071311295033, "E27_agent2_norm": 0.008726725354790688, "E27_agent3_norm": 0.005393637344241142, "E27_agent4_norm": 0.007211062125861645, "E27_agent5_norm": 0.01336318626999855, "E28_agent0_norm": 0.009496985003352165, "E28_agent1_norm": 0.0060250423848629, "E28_agent2_norm": 0.006472419016063213, "E28_agent3_norm": 0.0036017242819070816, "E28_agent4_norm": 0.004899635910987854, "E28_agent5_norm": 0.008457287214696407, "E29_agent0_norm": 0.006605170201510191, "E29_agent1_norm": 0.004572530742734671, "E29_agent2_norm": 0.004895810969173908, "E29_agent3_norm": 0.002731302287429571, "E29_agent4_norm": 0.004049466457217932, "E29_agent5_norm": 0.005912010557949543, "E30_agent0_norm": 0.004654299467802048, "E30_agent1_norm": 0.003286842256784439, "E30_agent2_norm": 0.0037461360916495323, "E30_agent3_norm": 0.0019618661608546972, "E30_agent4_norm": 0.0032551256008446217, "E30_agent5_norm": 0.003986543044447899, "E31_agent0_norm": 0.0032742901239544153, "E31_agent1_norm": 0.0022875473368912935, "E31_agent2_norm": 0.00268235569819808, "E31_agent3_norm": 0.001301873940974474, "E31_agent4_norm": 0.00173298513982445, "E31_agent5_norm": 0.002638930920511484, "E32_agent0_norm": 0.0023475538473576307, "E32_agent1_norm": 0.001587029080837965, "E32_agent2_norm": 0.0018475772812962532, "E32_agent3_norm": 0.0009075862471945584, "E32_agent4_norm": 0.0012331199832260609, "E32_agent5_norm": 0.001926202210597694, "E33_agent0_norm": 0.001670889905653894, "E33_agent1_norm": 0.0011289514368399978, "E33_agent2_norm": 0.0013449410907924175, "E33_agent3_norm": 0.0006605531671084464, "E33_agent4_norm": 0.0008225186611525714, "E33_agent5_norm": 0.0014396593905985355, "E34_agent0_norm": 0.0011169026838615537, "E34_agent1_norm": 0.000827355426736176, "E34_agent2_norm": 0.0010048183612525463, "E34_agent3_norm": 0.0004243188595864922,