{"Agent0_Epoch1": 0.3080304265022278, "Agent1_Epoch1": 0.2812459468841553, "Agent2_Epoch1": 0.9925995469093323, "Agent3_Epoch1": 0.9817186594009399, "Agent4_Epoch1": 0.9805351495742798, "Agent5_Epoch1": 0.9950336813926697, "Agent0_Epoch2": 0.07569533586502075, "Agent1_Epoch2": 0.3294082283973694, "Agent2_Epoch2": 0.4377071261405945, "Agent3_Epoch2": 0.4446859359741211, "Agent4_Epoch2": 0.4460766315460205, "Agent5_Epoch2": 0.4313095808029175, "Agent0_Epoch3": 0.05172497034072876, "Agent1_Epoch3": 0.19135022163391113, "Agent2_Epoch3": 0.266811728477478, "Agent3_Epoch3": 0.2548179030418396, "Agent4_Epoch3": 0.2563648819923401, "Agent5_Epoch3": 0.2714684009552002, "Agent0_Epoch4": 0.037267088890075684, "Agent1_Epoch4": 0.11374849081039429, "Agent2_Epoch4": 0.16920208930969238, "Agent3_Epoch4": 0.16693878173828125, "Agent4_Epoch4": 0.1516234278678894, "Agent5_Epoch4": 0.16191023588180542, "Agent0_Epoch5": 0.027893543243408203, "Agent1_Epoch5": 0.07022929191589355, "Agent2_Epoch5": 0.09673333168029785, "Agent3_Epoch5": 0.09783577919006348, "Agent4_Epoch5": 0.09308910369873047, "Agent5_Epoch5": 0.09611552953720093, "Agent0_Epoch6": 0.021321773529052734, "Agent1_Epoch6": 0.045787811279296875, "Agent2_Epoch6": 0.060637474060058594, "Agent3_Epoch6": 0.06250184774398804, "Agent4_Epoch6": 0.05688852071762085, "Agent5_Epoch6": 0.05874228477478027, "Agent0_Epoch7": 0.016413986682891846, "Agent1_Epoch7": 0.031026601791381836, "Agent2_Epoch7": 0.038026273250579834, "Agent3_Epoch7": 0.04183626174926758, "Agent4_Epoch7": 0.03827887773513794, "Agent5_Epoch7": 0.039753258228302, "Agent0_Epoch8": 0.012650787830352783, "Agent1_Epoch8": 0.02157771587371826, "Agent2_Epoch8": 0.02654200792312622, "Agent3_Epoch8": 0.027291178703308105, "Agent4_Epoch8": 0.02564096450805664, "Agent5_Epoch8": 0.02649545669555664, "Agent0_Epoch9": 0.010283350944519043, "Agent1_Epoch9": 0.016014575958251953, "Agent2_Epoch9": 0.018766403198242188, "Agent3_Epoch9": 0.018415749073028564, "Agent4_Epoch9": 0.01728755235671997, "Agent5_Epoch9": 0.018395304679870605, "Agent0_Epoch10": 0.008308827877044678, "Agent1_Epoch10": 0.012030243873596191, "Agent2_Epoch10": 0.01384049654006958, "Agent3_Epoch10": 0.01297295093536377, "Agent4_Epoch10": 0.012620866298675537, "Agent5_Epoch10": 0.013612747192382812, "Agent0_Epoch11": 0.006845653057098389, "Agent1_Epoch11": 0.009329378604888916, "Agent2_Epoch11": 0.010243833065032959, "Agent3_Epoch11": 0.00977247953414917, "Agent4_Epoch11": 0.009225666522979736, "Agent5_Epoch11": 0.010201811790466309, "Agent0_Epoch12": 0.005705118179321289, "Agent1_Epoch12": 0.007399499416351318, "Agent2_Epoch12": 0.007922589778900146, "Agent3_Epoch12": 0.00747603178024292, "Agent4_Epoch12": 0.007082164287567139, "Agent5_Epoch12": 0.007451415061950684, "Agent0_Epoch13": 0.004861414432525635, "Agent1_Epoch13": 0.006053745746612549, "Agent2_Epoch13": 0.006287634372711182, "Agent3_Epoch13": 0.00585627555847168, "Agent4_Epoch13": 0.0054871439933776855, "Agent5_Epoch13": 0.005863785743713379, "Agent0_Epoch14": 0.004176676273345947, "Agent1_Epoch14": 0.005027055740356445, "Agent2_Epoch14": 0.005133867263793945, "Agent3_Epoch14": 0.004548192024230957, "Agent4_Epoch14": 0.004406630992889404, "Agent5_Epoch14": 0.004890382289886475, "Agent0_Epoch15": 0.003690958023071289, "Agent1_Epoch15": 0.004319727420806885, "Agent2_Epoch15": 0.0043444037437438965, "Agent3_Epoch15": 0.003733336925506592, "Agent4_Epoch15": 0.003949165344238281, "Agent5_Epoch15": 0.004190266132354736, "Agent0_Epoch16": 0.0033254623413085938, "Agent1_Epoch16": 0.003802478313446045, "Agent2_Epoch16": 0.0037322044372558594, "Agent3_Epoch16": 0.0033987760543823242, "Agent4_Epoch16": 0.0032029151916503906, "Agent5_Epoch16": 0.003644227981567383, "Agent0_Epoch17": 0.002980530261993408, "Agent1_Epoch17": 0.003341972827911377, "Agent2_Epoch17": 0.0032473206520080566, "Agent3_Epoch17": 0.003107726573944092, "Agent4_Epoch17": 0.002644360065460205, "Agent5_Epoch17": 0.0032266974449157715, "Agent0_Epoch18": 0.002675771713256836, "Agent1_Epoch18": 0.0029515624046325684, "Agent2_Epoch18": 0.002942383289337158, "Agent3_Epoch18": 0.0027145743370056152, "Agent4_Epoch18": 0.0025677084922790527, "Agent5_Epoch18": 0.0030615925788879395, "Agent0_Epoch19": 0.002395927906036377, "Agent1_Epoch19": 0.002607107162475586, "Agent2_Epoch19": 0.0025476813316345215, "Agent3_Epoch19": 0.002551138401031494, "Agent4_Epoch19": 0.0021416544914245605, "Agent5_Epoch19": 0.0027565956115722656, "Agent0_Epoch20": 0.0020812153816223145, "Agent1_Epoch20": 0.0022388100624084473, "Agent2_Epoch20": 0.0022156834602355957, "Agent3_Epoch20": 0.0021817684173583984, "Agent4_Epoch20": 0.001819312572479248, "Agent5_Epoch20": 0.0024979114532470703, "Agent0_Epoch21": 0.0017576813697814941, "Agent1_Epoch21": 0.0018726587295532227, "Agent2_Epoch21": 0.0018399953842163086, "Agent3_Epoch21": 0.0018233656883239746, "Agent4_Epoch21": 0.0016054511070251465, "Agent5_Epoch21": 0.0020852088928222656, "Agent0_Epoch22": 0.001431882381439209, "Agent1_Epoch22": 0.001513063907623291, "Agent2_Epoch22": 0.0014996528625488281, "Agent3_Epoch22": 0.0014271140098571777, "Agent4_Epoch22": 0.001275777816772461, "Agent5_Epoch22": 0.0015866756439208984, "Agent0_Epoch23": 0.0011134743690490723, "Agent1_Epoch23": 0.0011681318283081055, "Agent2_Epoch23": 0.0011610984802246094, "Agent3_Epoch23": 0.0011313557624816895, "Agent4_Epoch23": 0.0010079145431518555, "Agent5_Epoch23": 0.0012502670288085938, "Agent0_Epoch24": 0.000848233699798584, "Agent1_Epoch24": 0.0008844137191772461, "Agent2_Epoch24": 0.0008813142776489258, "Agent3_Epoch24": 0.0008600354194641113, "Agent4_Epoch24": 0.000789642333984375, "Agent5_Epoch24": 0.0009271502494812012, "Agent0_Epoch25": 0.0006332993507385254, "Agent1_Epoch25": 0.000656425952911377, "Agent2_Epoch25": 0.0006529092788696289, "Agent3_Epoch25": 0.0006352066993713379, "Agent4_Epoch25": 0.0005988478660583496, "Agent5_Epoch25": 0.0006859302520751953, "Agent0_Epoch26": 0.00046515464782714844, "Agent1_Epoch26": 0.0004799365997314453, "Agent2_Epoch26": 0.00048041343688964844, "Agent3_Epoch26": 0.0004724264144897461, "Agent4_Epoch26": 0.00044226646423339844, "Agent5_Epoch26": 0.0004985928535461426, "Agent0_Epoch27": 0.0003387928009033203, "Agent1_Epoch27": 0.0003479123115539551, "Agent2_Epoch27": 0.0003479123115539551, "Agent3_Epoch27": 0.00033932924270629883, "Agent4_Epoch27": 0.0003293752670288086, "Agent5_Epoch27": 0.00035762786865234375, "Agent0_Epoch28": 0.0002446770668029785, "Agent1_Epoch28": 0.0002505183219909668, "Agent2_Epoch28": 0.00024968385696411133, "Agent3_Epoch28": 0.0002447366714477539, "Agent4_Epoch28": 0.0002396106719970703, "Agent5_Epoch28": 0.00025665760040283203, "Agent0_Epoch29": 0.00017535686492919922, "Agent1_Epoch29": 0.00017887353897094727, "Agent2_Epoch29": 0.00017917156219482422, "Agent3_Epoch29": 0.00017589330673217773, "Agent4_Epoch29": 0.00017201900482177734, "Agent5_Epoch29": 0.00018101930618286133, "Agent0_Epoch30": 0.00012481212615966797, "Agent1_Epoch30": 0.00012689828872680664, "Agent2_Epoch30": 0.0001271963119506836, "Agent3_Epoch30": 0.00012511014938354492, "Agent4_Epoch30": 0.00012350082397460938, "Agent5_Epoch30": 0.00012868642807006836, "Agent0_Epoch31": 8.863210678100586e-05, "Agent1_Epoch31": 8.988380432128906e-05, "Agent2_Epoch31": 8.988380432128906e-05, "Agent3_Epoch31": 8.90493392944336e-05, "Agent4_Epoch31": 8.738040924072266e-05, "Agent5_Epoch31": 9.077787399291992e-05, "Agent0_Epoch32": 6.252527236938477e-05, "Agent1_Epoch32": 6.335973739624023e-05, "Agent2_Epoch32": 6.324052810668945e-05, "Agent3_Epoch32": 6.258487701416016e-05, "Agent4_Epoch32": 6.204843521118164e-05, "Agent5_Epoch32": 6.383657455444336e-05, "Agent0_Epoch33": 4.404783248901367e-05, "Agent1_Epoch33": 4.45246696472168e-05, "Agent2_Epoch33": 4.45246696472168e-05, "Agent3_Epoch33": 4.416704177856445e-05, "Agent4_Epoch33": 4.380941390991211e-05, "Agent5_Epoch33": 4.470348358154297e-05, "Agent0_Epoch34": 3.1113624572753906e-05, "Agent1_Epoch34": 3.141164779663086e-05,