{"E1_agent0_norm": 2.576699733734131, "E1_agent1_norm": 3.0316836833953857, "E1_agent2_norm": 3.384010076522827, "E1_agent3_norm": 3.4262404441833496, "E1_agent4_norm": 2.7372512817382812, "E1_agent5_norm": 2.788804054260254, "E2_agent0_norm": 0.9824808239936829, "E2_agent1_norm": 2.536285638809204, "E2_agent2_norm": 2.5804033279418945, "E2_agent3_norm": 2.3883817195892334, "E2_agent4_norm": 2.274184226989746, "E2_agent5_norm": 2.5264644622802734, "E3_agent0_norm": 0.9421069025993347, "E3_agent1_norm": 2.1014328002929688, "E3_agent2_norm": 1.8672841787338257, "E3_agent3_norm": 2.2377519607543945, "E3_agent4_norm": 2.048732042312622, "E3_agent5_norm": 2.4788167476654053, "E4_agent0_norm": 0.9292007684707642, "E4_agent1_norm": 2.189669370651245, "E4_agent2_norm": 2.194265604019165, "E4_agent3_norm": 1.7680540084838867, "E4_agent4_norm": 1.9000568389892578, "E4_agent5_norm": 2.1022212505340576, "E5_agent0_norm": 0.8774650692939758, "E5_agent1_norm": 1.8910400867462158, "E5_agent2_norm": 1.6938687562942505, "E5_agent3_norm": 1.6917692422866821, "E5_agent4_norm": 1.3284220695495605, "E5_agent5_norm": 1.6208605766296387, "E6_agent0_norm": 0.8219376802444458, "E6_agent1_norm": 1.7263144254684448, "E6_agent2_norm": 1.5624433755874634, "E6_agent3_norm": 1.2760926485061646, "E6_agent4_norm": 1.0550048351287842, "E6_agent5_norm": 1.367233395576477, "E7_agent0_norm": 0.6646001935005188, "E7_agent1_norm": 1.4899665117263794, "E7_agent2_norm": 1.2616604566574097, "E7_agent3_norm": 0.9206557869911194, "E7_agent4_norm": 0.7753218412399292, "E7_agent5_norm": 1.1096490621566772, "E8_agent0_norm": 0.5508809685707092, "E8_agent1_norm": 1.2545549869537354, "E8_agent2_norm": 0.9558202028274536, "E8_agent3_norm": 0.6904823184013367, "E8_agent4_norm": 0.6040093302726746, "E8_agent5_norm": 0.9752464890480042, "E9_agent0_norm": 0.45741361379623413, "E9_agent1_norm": 0.995306670665741, "E9_agent2_norm": 0.7254511713981628, "E9_agent3_norm": 0.5551036596298218, "E9_agent4_norm": 0.48773613572120667, "E9_agent5_norm": 0.7861528992652893, "E10_agent0_norm": 0.3430563509464264, "E10_agent1_norm": 0.7891661524772644, "E10_agent2_norm": 0.5688619613647461, "E10_agent3_norm": 0.4034212827682495, "E10_agent4_norm": 0.3906961679458618, "E10_agent5_norm": 0.6406984329223633, "E11_agent0_norm": 0.29317328333854675, "E11_agent1_norm": 0.6494948267936707, "E11_agent2_norm": 0.48461440205574036, "E11_agent3_norm": 0.32797184586524963, "E11_agent4_norm": 0.3219316601753235, "E11_agent5_norm": 0.5570564270019531, "E12_agent0_norm": 0.27861976623535156, "E12_agent1_norm": 0.5172966122627258, "E12_agent2_norm": 0.37309467792510986, "E12_agent3_norm": 0.2872196435928345, "E12_agent4_norm": 0.2773853838443756, "E12_agent5_norm": 0.4799130856990814, "E13_agent0_norm": 0.2248028814792633, "E13_agent1_norm": 0.42528966069221497, "E13_agent2_norm": 0.31029272079467773, "E13_agent3_norm": 0.23626670241355896, "E13_agent4_norm": 0.2249194234609604, "E13_agent5_norm": 0.42015525698661804, "E14_agent0_norm": 0.244562029838562, "E14_agent1_norm": 0.33920854330062866, "E14_agent2_norm": 0.26977166533470154, "E14_agent3_norm": 0.22530889511108398, "E14_agent4_norm": 0.20680488646030426, "E14_agent5_norm": 0.3718658983707428, "E15_agent0_norm": 0.2145140916109085, "E15_agent1_norm": 0.2716626822948456, "E15_agent2_norm": 0.19957980513572693, "E15_agent3_norm": 0.14869293570518494, "E15_agent4_norm": 0.16172532737255096, "E15_agent5_norm": 0.3179398775100708, "E16_agent0_norm": 0.20732642710208893, "E16_agent1_norm": 0.20247389376163483, "E16_agent2_norm": 0.17456041276454926, "E16_agent3_norm": 0.1311854124069214, "E16_agent4_norm": 0.1495770364999771, "E16_agent5_norm": 0.2759438753128052, "E17_agent0_norm": 0.1920148879289627, "E17_agent1_norm": 0.1685531586408615, "E17_agent2_norm": 0.14691461622714996, "E17_agent3_norm": 0.11015995591878891, "E17_agent4_norm": 0.12371209263801575, "E17_agent5_norm": 0.2268643081188202, "E18_agent0_norm": 0.17605429887771606, "E18_agent1_norm": 0.12946216762065887, "E18_agent2_norm": 0.12419478595256805, "E18_agent3_norm": 0.08838684111833572, "E18_agent4_norm": 0.0916023850440979, "E18_agent5_norm": 0.1817905157804489, "E19_agent0_norm": 0.15373335778713226, "E19_agent1_norm": 0.09170956164598465, "E19_agent2_norm": 0.10300636291503906, "E19_agent3_norm": 0.08433686941862106, "E19_agent4_norm": 0.08049683272838593, "E19_agent5_norm": 0.1491580605506897, "E20_agent0_norm": 0.1283988356590271, "E20_agent1_norm": 0.07402967661619186, "E20_agent2_norm": 0.07718956470489502, "E20_agent3_norm": 0.06338489800691605, "E20_agent4_norm": 0.067738376557827, "E20_agent5_norm": 0.12005632370710373, "E21_agent0_norm": 0.10049045085906982, "E21_agent1_norm": 0.05667441338300705, "E21_agent2_norm": 0.05496246740221977, "E21_agent3_norm": 0.04304118826985359, "E21_agent4_norm": 0.047613080590963364, "E21_agent5_norm": 0.09364745765924454, "E22_agent0_norm": 0.07255715876817703, "E22_agent1_norm": 0.039923299103975296, "E22_agent2_norm": 0.04120980203151703, "E22_agent3_norm": 0.029434500262141228, "E22_agent4_norm": 0.03579757735133171, "E22_agent5_norm": 0.07657502591609955, "E23_agent0_norm": 0.05247758328914642, "E23_agent1_norm": 0.029661035165190697, "E23_agent2_norm": 0.030782582238316536, "E23_agent3_norm": 0.02092217467725277, "E23_agent4_norm": 0.02566959150135517, "E23_agent5_norm": 0.05394388362765312, "E24_agent0_norm": 0.037106167525053024, "E24_agent1_norm": 0.021601660177111626, "E24_agent2_norm": 0.022903164848685265, "E24_agent3_norm": 0.014448441565036774, "E24_agent4_norm": 0.01949191465973854, "E24_agent5_norm": 0.034722279757261276, "E25_agent0_norm": 0.026710255071520805, "E25_agent1_norm": 0.015227530151605606, "E25_agent2_norm": 0.016913721337914467, "E25_agent3_norm": 0.010926243849098682, "E25_agent4_norm": 0.015261759981513023, "E25_agent5_norm": 0.023744355887174606, "E26_agent0_norm": 0.018874935805797577, "E26_agent1_norm": 0.01152321882545948, "E26_agent2_norm": 0.011873573996126652, "E26_agent3_norm": 0.007392688188701868, "E26_agent4_norm": 0.008977677673101425, "E26_agent5_norm": 0.01565074361860752, "E27_agent0_norm": 0.013455701991915703, "E27_agent1_norm": 0.008247336372733116, "E27_agent2_norm": 0.009149228222668171, "E27_agent3_norm": 0.005392886698246002, "E27_agent4_norm": 0.007468325551599264, "E27_agent5_norm": 0.011486510746181011, "E28_agent0_norm": 0.009395399130880833, "E28_agent1_norm": 0.00618095463141799, "E28_agent2_norm": 0.006960518658161163, "E28_agent3_norm": 0.003785082371905446, "E28_agent4_norm": 0.005047230515629053, "E28_agent5_norm": 0.00796266458928585, "E29_agent0_norm": 0.006702221930027008, "E29_agent1_norm": 0.004295993130654097, "E29_agent2_norm": 0.0049933502450585365, "E29_agent3_norm": 0.00264525692909956, "E29_agent4_norm": 0.0037095064762979746, "E29_agent5_norm": 0.00564754381775856, "E30_agent0_norm": 0.004592087585479021, "E30_agent1_norm": 0.003292288165539503, "E30_agent2_norm": 0.0037877121940255165, "E30_agent3_norm": 0.001867969403974712, "E30_agent4_norm": 0.0026718880981206894, "E30_agent5_norm": 0.003941209055483341, "E31_agent0_norm": 0.0033282225485891104, "E31_agent1_norm": 0.002264641923829913, "E31_agent2_norm": 0.0026617618277668953, "E31_agent3_norm": 0.0013371383538469672, "E31_agent4_norm": 0.0018784222193062305, "E31_agent5_norm": 0.0026593287475407124, "E32_agent0_norm": 0.002398968441411853, "E32_agent1_norm": 0.0015538609586656094, "E32_agent2_norm": 0.0018461532890796661, "E32_agent3_norm": 0.000964662991464138, "E32_agent4_norm": 0.0012895034160465002, "E32_agent5_norm": 0.001907669473439455, "E33_agent0_norm": 0.0016438830643892288, "E33_agent1_norm": 0.0011357885086908937, "E33_agent2_norm": 0.0013085313839837909, "E33_agent3_norm": 0.0006477569695562124, "E33_agent4_norm": 0.0009411164792254567, "E33_agent5_norm": 0.0013491741847246885, "E34_agent0_norm": 0.001130201038904488, "E34_agent1_norm": 0.0008031229954212904, "E34_agent2_norm": 0.0009974283166229725,