{"Agent0_Epoch1": 0.30368220806121826, "Agent1_Epoch1": 0.28562963008880615, "Agent2_Epoch1": 0.994148313999176, "Agent3_Epoch1": 0.9934434294700623, "Agent4_Epoch1": 0.9880868792533875, "Agent5_Epoch1": 0.9930170178413391, "Agent0_Epoch2": 0.07960724830627441, "Agent1_Epoch2": 0.3387552499771118, "Agent2_Epoch2": 0.43712812662124634, "Agent3_Epoch2": 0.4386875033378601, "Agent4_Epoch2": 0.41949403285980225, "Agent5_Epoch2": 0.4353817105293274, "Agent0_Epoch3": 0.052784740924835205, "Agent1_Epoch3": 0.1985020637512207, "Agent2_Epoch3": 0.2732570171356201, "Agent3_Epoch3": 0.2768852114677429, "Agent4_Epoch3": 0.2991265654563904, "Agent5_Epoch3": 0.2775074243545532, "Agent0_Epoch4": 0.03958785533905029, "Agent1_Epoch4": 0.11985284090042114, "Agent2_Epoch4": 0.16790151596069336, "Agent3_Epoch4": 0.16013896465301514, "Agent4_Epoch4": 0.14354723691940308, "Agent5_Epoch4": 0.1587897539138794, "Agent0_Epoch5": 0.031098902225494385, "Agent1_Epoch5": 0.07721251249313354, "Agent2_Epoch5": 0.09675192832946777, "Agent3_Epoch5": 0.09668684005737305, "Agent4_Epoch5": 0.09405297040939331, "Agent5_Epoch5": 0.09249192476272583, "Agent0_Epoch6": 0.02198082208633423, "Agent1_Epoch6": 0.04806327819824219, "Agent2_Epoch6": 0.05986708402633667, "Agent3_Epoch6": 0.06314855813980103, "Agent4_Epoch6": 0.05561041831970215, "Agent5_Epoch6": 0.05563855171203613, "Agent0_Epoch7": 0.01783275604248047, "Agent1_Epoch7": 0.03394061326980591, "Agent2_Epoch7": 0.04062521457672119, "Agent3_Epoch7": 0.03871101140975952, "Agent4_Epoch7": 0.035790324211120605, "Agent5_Epoch7": 0.036445021629333496, "Agent0_Epoch8": 0.014554619789123535, "Agent1_Epoch8": 0.02480536699295044, "Agent2_Epoch8": 0.027552485466003418, "Agent3_Epoch8": 0.024651288986206055, "Agent4_Epoch8": 0.022851109504699707, "Agent5_Epoch8": 0.0255202054977417, "Agent0_Epoch9": 0.011821985244750977, "Agent1_Epoch9": 0.01845872402191162, "Agent2_Epoch9": 0.01961076259613037, "Agent3_Epoch9": 0.017590045928955078, "Agent4_Epoch9": 0.016326963901519775, "Agent5_Epoch9": 0.01845484972000122, "Agent0_Epoch10": 0.009581446647644043, "Agent1_Epoch10": 0.01393216848373413, "Agent2_Epoch10": 0.015571177005767822, "Agent3_Epoch10": 0.013195514678955078, "Agent4_Epoch10": 0.012280404567718506, "Agent5_Epoch10": 0.014147460460662842, "Agent0_Epoch11": 0.008042573928833008, "Agent1_Epoch11": 0.011011958122253418, "Agent2_Epoch11": 0.011521100997924805, "Agent3_Epoch11": 0.009971261024475098, "Agent4_Epoch11": 0.009359180927276611, "Agent5_Epoch11": 0.010909199714660645, "Agent0_Epoch12": 0.006754398345947266, "Agent1_Epoch12": 0.008802831172943115, "Agent2_Epoch12": 0.00900876522064209, "Agent3_Epoch12": 0.008299529552459717, "Agent4_Epoch12": 0.007443368434906006, "Agent5_Epoch12": 0.008704304695129395, "Agent0_Epoch13": 0.005738317966461182, "Agent1_Epoch13": 0.00718313455581665, "Agent2_Epoch13": 0.007185220718383789, "Agent3_Epoch13": 0.006392300128936768, "Agent4_Epoch13": 0.005973517894744873, "Agent5_Epoch13": 0.006836891174316406, "Agent0_Epoch14": 0.0049135684967041016, "Agent1_Epoch14": 0.005945384502410889, "Agent2_Epoch14": 0.00595933198928833, "Agent3_Epoch14": 0.0052245259284973145, "Agent4_Epoch14": 0.005218505859375, "Agent5_Epoch14": 0.005647540092468262, "Agent0_Epoch15": 0.004315197467803955, "Agent1_Epoch15": 0.00507885217666626, "Agent2_Epoch15": 0.0049588680267333984, "Agent3_Epoch15": 0.004412591457366943, "Agent4_Epoch15": 0.00417172908782959, "Agent5_Epoch15": 0.00493311882019043, "Agent0_Epoch16": 0.0037145614624023438, "Agent1_Epoch16": 0.004270970821380615, "Agent2_Epoch16": 0.004276931285858154, "Agent3_Epoch16": 0.0038881301879882812, "Agent4_Epoch16": 0.003469407558441162, "Agent5_Epoch16": 0.004190266132354736, "Agent0_Epoch17": 0.003306865692138672, "Agent1_Epoch17": 0.003729581832885742, "Agent2_Epoch17": 0.003634810447692871, "Agent3_Epoch17": 0.003319859504699707, "Agent4_Epoch17": 0.0030408501625061035, "Agent5_Epoch17": 0.0037949681282043457, "Agent0_Epoch18": 0.002905726432800293, "Agent1_Epoch18": 0.0032241344451904297, "Agent2_Epoch18": 0.0031924843788146973, "Agent3_Epoch18": 0.002855837345123291, "Agent4_Epoch18": 0.002469003200531006, "Agent5_Epoch18": 0.0033202767372131348, "Agent0_Epoch19": 0.002528071403503418, "Agent1_Epoch19": 0.002766728401184082, "Agent2_Epoch19": 0.0027233362197875977, "Agent3_Epoch19": 0.0026350021362304688, "Agent4_Epoch19": 0.002260923385620117, "Agent5_Epoch19": 0.0029494166374206543, "Agent0_Epoch20": 0.0021834373474121094, "Agent1_Epoch20": 0.0023619532585144043, "Agent2_Epoch20": 0.002331376075744629, "Agent3_Epoch20": 0.0021899938583374023, "Agent4_Epoch20": 0.0017873644828796387, "Agent5_Epoch20": 0.0026625394821166992, "Agent0_Epoch21": 0.0018101930618286133, "Agent1_Epoch21": 0.0019388794898986816, "Agent2_Epoch21": 0.0019164681434631348, "Agent3_Epoch21": 0.0018520355224609375, "Agent4_Epoch21": 0.0016018152236938477, "Agent5_Epoch21": 0.002196073532104492, "Agent0_Epoch22": 0.001468658447265625, "Agent1_Epoch22": 0.0015595555305480957, "Agent2_Epoch22": 0.001528918743133545, "Agent3_Epoch22": 0.0014306902885437012, "Agent4_Epoch22": 0.0013118386268615723, "Agent5_Epoch22": 0.0017406940460205078, "Agent0_Epoch23": 0.0011414289474487305, "Agent1_Epoch23": 0.0012026429176330566, "Agent2_Epoch23": 0.0011960268020629883, "Agent3_Epoch23": 0.0011425614356994629, "Agent4_Epoch23": 0.001031339168548584, "Agent5_Epoch23": 0.0012658238410949707, "Agent0_Epoch24": 0.000867307186126709, "Agent1_Epoch24": 0.0009075403213500977, "Agent2_Epoch24": 0.0009057521820068359, "Agent3_Epoch24": 0.0008672475814819336, "Agent4_Epoch24": 0.0007984638214111328, "Agent5_Epoch24": 0.0009465217590332031, "Agent0_Epoch25": 0.0006465315818786621, "Agent1_Epoch25": 0.0006723403930664062, "Agent2_Epoch25": 0.0006745457649230957, "Agent3_Epoch25": 0.0006489753723144531, "Agent4_Epoch25": 0.0006112456321716309, "Agent5_Epoch25": 0.0007160305976867676, "Agent0_Epoch26": 0.00047910213470458984, "Agent1_Epoch26": 0.000495612621307373, "Agent2_Epoch26": 0.0004952549934387207, "Agent3_Epoch26": 0.0004723668098449707, "Agent4_Epoch26": 0.0004582405090332031, "Agent5_Epoch26": 0.0005161762237548828, "Agent0_Epoch27": 0.0003497004508972168, "Agent1_Epoch27": 0.000359952449798584, "Agent2_Epoch27": 0.0003592967987060547, "Agent3_Epoch27": 0.00034683942794799805, "Agent4_Epoch27": 0.0003376603126525879, "Agent5_Epoch27": 0.00037169456481933594, "Agent0_Epoch28": 0.0002529025077819824, "Agent1_Epoch28": 0.0002592802047729492, "Agent2_Epoch28": 0.0002599358558654785, "Agent3_Epoch28": 0.0002524256706237793, "Agent4_Epoch28": 0.00024521350860595703, "Agent5_Epoch28": 0.0002644658088684082, "Agent0_Epoch29": 0.0001817941665649414, "Agent1_Epoch29": 0.0001856684684753418, "Agent2_Epoch29": 0.00018531084060668945, "Agent3_Epoch29": 0.00018095970153808594, "Agent4_Epoch29": 0.00017714500427246094, "Agent5_Epoch29": 0.00018846988677978516, "Agent0_Epoch30": 0.00012969970703125, "Agent1_Epoch30": 0.00013202428817749023, "Agent2_Epoch30": 0.0001322627067565918, "Agent3_Epoch30": 0.00012993812561035156, "Agent4_Epoch30": 0.0001270771026611328, "Agent5_Epoch30": 0.00013458728790283203, "Agent0_Epoch31": 9.238719940185547e-05, "Agent1_Epoch31": 9.381771087646484e-05, "Agent2_Epoch31": 9.381771087646484e-05, "Agent3_Epoch31": 9.232759475708008e-05, "Agent4_Epoch31": 9.119510650634766e-05, "Agent5_Epoch31": 9.483098983764648e-05, "Agent0_Epoch32": 6.54458999633789e-05, "Agent1_Epoch32": 6.633996963500977e-05, "Agent2_Epoch32": 6.628036499023438e-05, "Agent3_Epoch32": 6.526708602905273e-05, "Agent4_Epoch32": 6.431341171264648e-05, "Agent5_Epoch32": 6.687641143798828e-05, "Agent0_Epoch33": 4.6253204345703125e-05, "Agent1_Epoch33": 4.667043685913086e-05, "Agent2_Epoch33": 4.673004150390625e-05, "Agent3_Epoch33": 4.6193599700927734e-05, "Agent4_Epoch33": 4.547834396362305e-05, "Agent5_Epoch33": 4.70280647277832e-05, "Agent0_Epoch34": 3.24249267578125e-05, "Agent1_Epoch34": 3.2782554626464844e-05,