{"E1_agent0_norm": 2.5196115970611572, "E1_agent1_norm": 3.2504143714904785, "E1_agent2_norm": 3.338146686553955, "E1_agent3_norm": 3.37174129486084, "E1_agent4_norm": 2.791332960128784, "E1_agent5_norm": 2.8364346027374268, "E2_agent0_norm": 0.8009167313575745, "E2_agent1_norm": 2.9408786296844482, "E2_agent2_norm": 2.5845584869384766, "E2_agent3_norm": 2.2233386039733887, "E2_agent4_norm": 2.4819788932800293, "E2_agent5_norm": 2.29146146774292, "E3_agent0_norm": 0.7923277616500854, "E3_agent1_norm": 2.093238353729248, "E3_agent2_norm": 2.2042362689971924, "E3_agent3_norm": 2.023576021194458, "E3_agent4_norm": 2.2711524963378906, "E3_agent5_norm": 2.407463550567627, "E4_agent0_norm": 0.8873702883720398, "E4_agent1_norm": 1.7749656438827515, "E4_agent2_norm": 2.202310800552368, "E4_agent3_norm": 2.206070899963379, "E4_agent4_norm": 1.852976679801941, "E4_agent5_norm": 2.049431800842285, "E5_agent0_norm": 0.9537233710289001, "E5_agent1_norm": 1.8832041025161743, "E5_agent2_norm": 1.790492296218872, "E5_agent3_norm": 1.7052626609802246, "E5_agent4_norm": 1.4571565389633179, "E5_agent5_norm": 1.7069330215454102, "E6_agent0_norm": 0.7955825924873352, "E6_agent1_norm": 1.5744982957839966, "E6_agent2_norm": 1.3661710023880005, "E6_agent3_norm": 1.0301886796951294, "E6_agent4_norm": 1.0065102577209473, "E6_agent5_norm": 1.2274320125579834, "E7_agent0_norm": 0.6180515289306641, "E7_agent1_norm": 1.3813934326171875, "E7_agent2_norm": 1.1110221147537231, "E7_agent3_norm": 0.8034341335296631, "E7_agent4_norm": 0.6908710598945618, "E7_agent5_norm": 1.1368498802185059, "E8_agent0_norm": 0.47694966197013855, "E8_agent1_norm": 1.1251859664916992, "E8_agent2_norm": 0.8946940898895264, "E8_agent3_norm": 0.5775598883628845, "E8_agent4_norm": 0.5963642001152039, "E8_agent5_norm": 0.8490753173828125, "E9_agent0_norm": 0.4015517234802246, "E9_agent1_norm": 0.8929916620254517, "E9_agent2_norm": 0.7120696902275085, "E9_agent3_norm": 0.4859482944011688, "E9_agent4_norm": 0.4723626971244812, "E9_agent5_norm": 0.7254591584205627, "E10_agent0_norm": 0.3649786114692688, "E10_agent1_norm": 0.7472822666168213, "E10_agent2_norm": 0.561323344707489, "E10_agent3_norm": 0.3849431574344635, "E10_agent4_norm": 0.4287295639514923, "E10_agent5_norm": 0.6304011940956116, "E11_agent0_norm": 0.3033379018306732, "E11_agent1_norm": 0.6202661991119385, "E11_agent2_norm": 0.46747705340385437, "E11_agent3_norm": 0.3300071358680725, "E11_agent4_norm": 0.3308658003807068, "E11_agent5_norm": 0.5161014199256897, "E12_agent0_norm": 0.25898775458335876, "E12_agent1_norm": 0.5106517672538757, "E12_agent2_norm": 0.3824341595172882, "E12_agent3_norm": 0.2738902270793915, "E12_agent4_norm": 0.26558080315589905, "E12_agent5_norm": 0.45670971274375916, "E13_agent0_norm": 0.266243040561676, "E13_agent1_norm": 0.4152813255786896, "E13_agent2_norm": 0.31705233454704285, "E13_agent3_norm": 0.24210232496261597, "E13_agent4_norm": 0.2491276115179062, "E13_agent5_norm": 0.37161746621131897, "E14_agent0_norm": 0.21294739842414856, "E14_agent1_norm": 0.35285958647727966, "E14_agent2_norm": 0.2734277546405792, "E14_agent3_norm": 0.19723375141620636, "E14_agent4_norm": 0.18351557850837708, "E14_agent5_norm": 0.3279839754104614, "E15_agent0_norm": 0.24916495382785797, "E15_agent1_norm": 0.27390334010124207, "E15_agent2_norm": 0.20564979314804077, "E15_agent3_norm": 0.15906931459903717, "E15_agent4_norm": 0.17376133799552917, "E15_agent5_norm": 0.2866605520248413, "E16_agent0_norm": 0.20657624304294586, "E16_agent1_norm": 0.21449171006679535, "E16_agent2_norm": 0.16918013989925385, "E16_agent3_norm": 0.13707411289215088, "E16_agent4_norm": 0.1472465544939041, "E16_agent5_norm": 0.24901679158210754, "E17_agent0_norm": 0.19338959455490112, "E17_agent1_norm": 0.17373889684677124, "E17_agent2_norm": 0.14214639365673065, "E17_agent3_norm": 0.10624393820762634, "E17_agent4_norm": 0.12462788820266724, "E17_agent5_norm": 0.2011716216802597, "E18_agent0_norm": 0.17853522300720215, "E18_agent1_norm": 0.13946938514709473, "E18_agent2_norm": 0.11867523938417435, "E18_agent3_norm": 0.09626306593418121, "E18_agent4_norm": 0.10084404051303864, "E18_agent5_norm": 0.17145447432994843, "E19_agent0_norm": 0.1602725237607956, "E19_agent1_norm": 0.10433308780193329, "E19_agent2_norm": 0.09451908618211746, "E19_agent3_norm": 0.07702628523111343, "E19_agent4_norm": 0.08832000941038132, "E19_agent5_norm": 0.14350689947605133, "E20_agent0_norm": 0.13424143195152283, "E20_agent1_norm": 0.08091849088668823, "E20_agent2_norm": 0.07236140966415405, "E20_agent3_norm": 0.05836121365427971, "E20_agent4_norm": 0.06613513827323914, "E20_agent5_norm": 0.11824758350849152, "E21_agent0_norm": 0.10164883732795715, "E21_agent1_norm": 0.0624026320874691, "E21_agent2_norm": 0.056266073137521744, "E21_agent3_norm": 0.04807931184768677, "E21_agent4_norm": 0.05673302710056305, "E21_agent5_norm": 0.09000108391046524, "E22_agent0_norm": 0.07635025680065155, "E22_agent1_norm": 0.04843730852007866, "E22_agent2_norm": 0.04321390762925148, "E22_agent3_norm": 0.03390225023031235, "E22_agent4_norm": 0.042091403156518936, "E22_agent5_norm": 0.06839053332805634, "E23_agent0_norm": 0.05508144572377205, "E23_agent1_norm": 0.033908698707818985, "E23_agent2_norm": 0.030498918145895004, "E23_agent3_norm": 0.021629299968481064, "E23_agent4_norm": 0.028039654716849327, "E23_agent5_norm": 0.04836880788207054, "E24_agent0_norm": 0.038766808807849884, "E24_agent1_norm": 0.02489180862903595, "E24_agent2_norm": 0.02175893448293209, "E24_agent3_norm": 0.014994082041084766, "E24_agent4_norm": 0.021135540679097176, "E24_agent5_norm": 0.033339258283376694, "E25_agent0_norm": 0.027401354163885117, "E25_agent1_norm": 0.018046807497739792, "E25_agent2_norm": 0.01729673147201538, "E25_agent3_norm": 0.010768658481538296, "E25_agent4_norm": 0.014968978241086006, "E25_agent5_norm": 0.02569543942809105, "E26_agent0_norm": 0.019041655585169792, "E26_agent1_norm": 0.012780049815773964, "E26_agent2_norm": 0.012195106595754623, "E26_agent3_norm": 0.007456860039383173, "E26_agent4_norm": 0.011003810912370682, "E26_agent5_norm": 0.016925040632486343, "E27_agent0_norm": 0.013448999263346195, "E27_agent1_norm": 0.009076698683202267, "E27_agent2_norm": 0.009199017658829689, "E27_agent3_norm": 0.0051566525362432, "E27_agent4_norm": 0.007087602745741606, "E27_agent5_norm": 0.011417016386985779, "E28_agent0_norm": 0.009680097922682762, "E28_agent1_norm": 0.006550925783813, "E28_agent2_norm": 0.006590796168893576, "E28_agent3_norm": 0.0035234224051237106, "E28_agent4_norm": 0.004589619114995003, "E28_agent5_norm": 0.008761556819081306, "E29_agent0_norm": 0.0065287756733596325, "E29_agent1_norm": 0.004818349611014128, "E29_agent2_norm": 0.004850598517805338, "E29_agent3_norm": 0.002364994492381811, "E29_agent4_norm": 0.003411943791434169, "E29_agent5_norm": 0.005599766504019499, "E30_agent0_norm": 0.0047980137169361115, "E30_agent1_norm": 0.003352689789608121, "E30_agent2_norm": 0.00366493733599782, "E30_agent3_norm": 0.001746797701343894, "E30_agent4_norm": 0.0024303183890879154, "E30_agent5_norm": 0.004201589152216911, "E31_agent0_norm": 0.003323257900774479, "E31_agent1_norm": 0.002453438937664032, "E31_agent2_norm": 0.002660938771441579, "E31_agent3_norm": 0.0012330776080489159, "E31_agent4_norm": 0.0019208036828786135, "E31_agent5_norm": 0.0028218193911015987, "E32_agent0_norm": 0.0023036589846014977, "E32_agent1_norm": 0.001826486550271511, "E32_agent2_norm": 0.0019250118639320135, "E32_agent3_norm": 0.000871317635755986, "E32_agent4_norm": 0.0012329141609370708, "E32_agent5_norm": 0.0020830146968364716, "E33_agent0_norm": 0.001631734543479979, "E33_agent1_norm": 0.001252472517080605, "E33_agent2_norm": 0.0014094555517658591, "E33_agent3_norm": 0.0006426475010812283, "E33_agent4_norm": 0.0009929293300956488, "E33_agent5_norm": 0.0013848679373040795, "E34_agent0_norm": 0.0011506442679092288, "E34_agent1_norm": 0.0008905008435249329, "E34_agent2_norm": 0.0009860710706561804,