{"Agent0_Epoch1": 0.30107420682907104, "Agent1_Epoch1": 0.2833184003829956, "Agent2_Epoch1": 0.9939322471618652, "Agent3_Epoch1": 0.9843828678131104, "Agent4_Epoch1": 0.9823184013366699, "Agent5_Epoch1": 0.9896911382675171, "Agent0_Epoch2": 0.07396358251571655, "Agent1_Epoch2": 0.34020137786865234, "Agent2_Epoch2": 0.44695907831192017, "Agent3_Epoch2": 0.45265746116638184, "Agent4_Epoch2": 0.4633127450942993, "Agent5_Epoch2": 0.443156361579895, "Agent0_Epoch3": 0.05120515823364258, "Agent1_Epoch3": 0.19599294662475586, "Agent2_Epoch3": 0.2709648013114929, "Agent3_Epoch3": 0.27273720502853394, "Agent4_Epoch3": 0.26730358600616455, "Agent5_Epoch3": 0.2764752507209778, "Agent0_Epoch4": 0.040113866329193115, "Agent1_Epoch4": 0.12046688795089722, "Agent2_Epoch4": 0.16917765140533447, "Agent3_Epoch4": 0.17142963409423828, "Agent4_Epoch4": 0.1674250364303589, "Agent5_Epoch4": 0.15875297784805298, "Agent0_Epoch5": 0.030099987983703613, "Agent1_Epoch5": 0.07509952783584595, "Agent2_Epoch5": 0.10299253463745117, "Agent3_Epoch5": 0.11463147401809692, "Agent4_Epoch5": 0.09530884027481079, "Agent5_Epoch5": 0.09584099054336548, "Agent0_Epoch6": 0.02269381284713745, "Agent1_Epoch6": 0.04885375499725342, "Agent2_Epoch6": 0.06556856632232666, "Agent3_Epoch6": 0.06522148847579956, "Agent4_Epoch6": 0.05887860059738159, "Agent5_Epoch6": 0.059533894062042236, "Agent0_Epoch7": 0.018499553203582764, "Agent1_Epoch7": 0.03465753793716431, "Agent2_Epoch7": 0.04308050870895386, "Agent3_Epoch7": 0.04122966527938843, "Agent4_Epoch7": 0.037173330783843994, "Agent5_Epoch7": 0.03966718912124634, "Agent0_Epoch8": 0.01486051082611084, "Agent1_Epoch8": 0.02507263422012329, "Agent2_Epoch8": 0.029962778091430664, "Agent3_Epoch8": 0.027678728103637695, "Agent4_Epoch8": 0.026192903518676758, "Agent5_Epoch8": 0.02709871530532837, "Agent0_Epoch9": 0.011845231056213379, "Agent1_Epoch9": 0.018390417098999023, "Agent2_Epoch9": 0.021663248538970947, "Agent3_Epoch9": 0.018922865390777588, "Agent4_Epoch9": 0.01815420389175415, "Agent5_Epoch9": 0.019926369190216064, "Agent0_Epoch10": 0.009730756282806396, "Agent1_Epoch10": 0.014050900936126709, "Agent2_Epoch10": 0.01575833559036255, "Agent3_Epoch10": 0.014290094375610352, "Agent4_Epoch10": 0.013794302940368652, "Agent5_Epoch10": 0.014607608318328857, "Agent0_Epoch11": 0.00803828239440918, "Agent1_Epoch11": 0.010947585105895996, "Agent2_Epoch11": 0.012173891067504883, "Agent3_Epoch11": 0.01048123836517334, "Agent4_Epoch11": 0.010280907154083252, "Agent5_Epoch11": 0.011028051376342773, "Agent0_Epoch12": 0.0067059993743896484, "Agent1_Epoch12": 0.008703172206878662, "Agent2_Epoch12": 0.009476900100708008, "Agent3_Epoch12": 0.008010149002075195, "Agent4_Epoch12": 0.007803618907928467, "Agent5_Epoch12": 0.00847405195236206, "Agent0_Epoch13": 0.005667269229888916, "Agent1_Epoch13": 0.007070004940032959, "Agent2_Epoch13": 0.007869243621826172, "Agent3_Epoch13": 0.006569981575012207, "Agent4_Epoch13": 0.006399393081665039, "Agent5_Epoch13": 0.006926774978637695, "Agent0_Epoch14": 0.004873394966125488, "Agent1_Epoch14": 0.0058827996253967285, "Agent2_Epoch14": 0.006450057029724121, "Agent3_Epoch14": 0.00529634952545166, "Agent4_Epoch14": 0.005319535732269287, "Agent5_Epoch14": 0.005826592445373535, "Agent0_Epoch15": 0.004253268241882324, "Agent1_Epoch15": 0.004995167255401611, "Agent2_Epoch15": 0.005400538444519043, "Agent3_Epoch15": 0.004648268222808838, "Agent4_Epoch15": 0.004229366779327393, "Agent5_Epoch15": 0.004956722259521484, "Agent0_Epoch16": 0.0037462711334228516, "Agent1_Epoch16": 0.004301190376281738, "Agent2_Epoch16": 0.004570603370666504, "Agent3_Epoch16": 0.003898441791534424, "Agent4_Epoch16": 0.0035892724990844727, "Agent5_Epoch16": 0.004098355770111084, "Agent0_Epoch17": 0.003296077251434326, "Agent1_Epoch17": 0.003713071346282959, "Agent2_Epoch17": 0.0039466023445129395, "Agent3_Epoch17": 0.0035966038703918457, "Agent4_Epoch17": 0.0028751492500305176, "Agent5_Epoch17": 0.0036316514015197754, "Agent0_Epoch18": 0.0028883814811706543, "Agent1_Epoch18": 0.003202080726623535, "Agent2_Epoch18": 0.0033546090126037598, "Agent3_Epoch18": 0.0029692649841308594, "Agent4_Epoch18": 0.002762436866760254, "Agent5_Epoch18": 0.0034584999084472656, "Agent0_Epoch19": 0.0025112032890319824, "Agent1_Epoch19": 0.0027466416358947754, "Agent2_Epoch19": 0.0028870105743408203, "Agent3_Epoch19": 0.0026665925979614258, "Agent4_Epoch19": 0.002224564552307129, "Agent5_Epoch19": 0.0030665993690490723, "Agent0_Epoch20": 0.0021622776985168457, "Agent1_Epoch20": 0.0023378729820251465, "Agent2_Epoch20": 0.0024253129959106445, "Agent3_Epoch20": 0.0022363662719726562, "Agent4_Epoch20": 0.0018118023872375488, "Agent5_Epoch20": 0.0026789307594299316, "Agent0_Epoch21": 0.0018100142478942871, "Agent1_Epoch21": 0.0019379854202270508, "Agent2_Epoch21": 0.0019741058349609375, "Agent3_Epoch21": 0.0018464326858520508, "Agent4_Epoch21": 0.0015726089477539062, "Agent5_Epoch21": 0.002262294292449951, "Agent0_Epoch22": 0.0014691352844238281, "Agent1_Epoch22": 0.0015595555305480957, "Agent2_Epoch22": 0.001568138599395752, "Agent3_Epoch22": 0.0014848113059997559, "Agent4_Epoch22": 0.0012726783752441406, "Agent5_Epoch22": 0.0017802119255065918, "Agent0_Epoch23": 0.001148998737335205, "Agent1_Epoch23": 0.0012104511260986328, "Agent2_Epoch23": 0.0012180209159851074, "Agent3_Epoch23": 0.0011587142944335938, "Agent4_Epoch23": 0.0010456442832946777, "Agent5_Epoch23": 0.0013379454612731934, "Agent0_Epoch24": 0.000878453254699707, "Agent1_Epoch24": 0.0009192228317260742, "Agent2_Epoch24": 0.0009198188781738281, "Agent3_Epoch24": 0.0008789896965026855, "Agent4_Epoch24": 0.0008230805397033691, "Agent5_Epoch24": 0.0009968280792236328, "Agent0_Epoch25": 0.0006594657897949219, "Agent1_Epoch25": 0.0006858110427856445, "Agent2_Epoch25": 0.0006865859031677246, "Agent3_Epoch25": 0.0006566047668457031, "Agent4_Epoch25": 0.0006328821182250977, "Agent5_Epoch25": 0.0007349848747253418, "Agent0_Epoch26": 0.0004877448081970215, "Agent1_Epoch26": 0.000504612922668457, "Agent2_Epoch26": 0.0005042552947998047, "Agent3_Epoch26": 0.0004910826683044434, "Agent4_Epoch26": 0.0004673004150390625, "Agent5_Epoch26": 0.0005266666412353516, "Agent0_Epoch27": 0.0003559589385986328, "Agent1_Epoch27": 0.00036650896072387695, "Agent2_Epoch27": 0.00036650896072387695, "Agent3_Epoch27": 0.0003581047058105469, "Agent4_Epoch27": 0.00034040212631225586, "Agent5_Epoch27": 0.00037807226181030273, "Agent0_Epoch28": 0.00025719404220581055, "Agent1_Epoch28": 0.00026351213455200195, "Agent2_Epoch28": 0.00026345252990722656, "Agent3_Epoch28": 0.00025856494903564453, "Agent4_Epoch28": 0.00024950504302978516, "Agent5_Epoch28": 0.0002689361572265625, "Agent0_Epoch29": 0.00018453598022460938, "Agent1_Epoch29": 0.00018852949142456055, "Agent2_Epoch29": 0.00018858909606933594, "Agent3_Epoch29": 0.00018519163131713867, "Agent4_Epoch29": 0.00017964839935302734, "Agent5_Epoch29": 0.00019174814224243164, "Agent0_Epoch30": 0.0001316666603088379, "Agent1_Epoch30": 0.0001341104507446289, "Agent2_Epoch30": 0.00013399124145507812, "Agent3_Epoch30": 0.00013142824172973633, "Agent4_Epoch30": 0.00012868642807006836, "Agent5_Epoch30": 0.0001360177993774414, "Agent0_Epoch31": 9.334087371826172e-05, "Agent1_Epoch31": 9.483098983764648e-05, "Agent2_Epoch31": 9.489059448242188e-05, "Agent3_Epoch31": 9.328126907348633e-05, "Agent4_Epoch31": 9.196996688842773e-05, "Agent5_Epoch31": 9.614229202270508e-05, "Agent0_Epoch32": 6.604194641113281e-05, "Agent1_Epoch32": 6.693601608276367e-05, "Agent2_Epoch32": 6.705522537231445e-05, "Agent3_Epoch32": 6.61015510559082e-05, "Agent4_Epoch32": 6.4849853515625e-05, "Agent5_Epoch32": 6.777048110961914e-05, "Agent0_Epoch33": 4.661083221435547e-05, "Agent1_Epoch33": 4.7147274017333984e-05, "Agent2_Epoch33": 4.7087669372558594e-05, "Agent3_Epoch33": 4.661083221435547e-05, "Agent4_Epoch33": 4.6193599700927734e-05, "Agent5_Epoch33": 4.750490188598633e-05, "Agent0_Epoch34": 3.272294998168945e-05,