{"E1_agent0_norm": 2.484499454498291, "E1_agent1_norm": 3.169787883758545, "E1_agent2_norm": 3.412752151489258, "E1_agent3_norm": 3.1739561557769775, "E1_agent4_norm": 2.572699546813965, "E1_agent5_norm": 2.638439178466797, "E2_agent0_norm": 0.9498373866081238, "E2_agent1_norm": 2.4432177543640137, "E2_agent2_norm": 2.693868398666382, "E2_agent3_norm": 2.387166976928711, "E2_agent4_norm": 2.5804662704467773, "E2_agent5_norm": 2.6780614852905273, "E3_agent0_norm": 0.8498671054840088, "E3_agent1_norm": 2.264256477355957, "E3_agent2_norm": 2.4341394901275635, "E3_agent3_norm": 2.1066770553588867, "E3_agent4_norm": 2.1985559463500977, "E3_agent5_norm": 2.19294810295105, "E4_agent0_norm": 0.9120341539382935, "E4_agent1_norm": 2.1323659420013428, "E4_agent2_norm": 2.094102144241333, "E4_agent3_norm": 2.1129374504089355, "E4_agent4_norm": 1.8524527549743652, "E4_agent5_norm": 2.028928279876709, "E5_agent0_norm": 0.82105553150177, "E5_agent1_norm": 1.8441473245620728, "E5_agent2_norm": 1.8353718519210815, "E5_agent3_norm": 1.5715004205703735, "E5_agent4_norm": 1.4443848133087158, "E5_agent5_norm": 1.6428532600402832, "E6_agent0_norm": 0.7920481562614441, "E6_agent1_norm": 1.7731537818908691, "E6_agent2_norm": 1.5053386688232422, "E6_agent3_norm": 1.2878224849700928, "E6_agent4_norm": 1.1998692750930786, "E6_agent5_norm": 1.3408451080322266, "E7_agent0_norm": 0.6514717936515808, "E7_agent1_norm": 1.4364300966262817, "E7_agent2_norm": 1.2388885021209717, "E7_agent3_norm": 1.0067776441574097, "E7_agent4_norm": 0.8872913122177124, "E7_agent5_norm": 1.1352331638336182, "E8_agent0_norm": 0.5608030557632446, "E8_agent1_norm": 1.2205866575241089, "E8_agent2_norm": 1.0197880268096924, "E8_agent3_norm": 0.7672080993652344, "E8_agent4_norm": 0.6911524534225464, "E8_agent5_norm": 0.9576767086982727, "E9_agent0_norm": 0.4403490722179413, "E9_agent1_norm": 0.9939676523208618, "E9_agent2_norm": 0.8399782776832581, "E9_agent3_norm": 0.600061297416687, "E9_agent4_norm": 0.5744320750236511, "E9_agent5_norm": 0.8037051558494568, "E10_agent0_norm": 0.38171622157096863, "E10_agent1_norm": 0.8099348545074463, "E10_agent2_norm": 0.6295466423034668, "E10_agent3_norm": 0.45306575298309326, "E10_agent4_norm": 0.4688732922077179, "E10_agent5_norm": 0.6833727359771729, "E11_agent0_norm": 0.31712618470191956, "E11_agent1_norm": 0.6758937239646912, "E11_agent2_norm": 0.5291734337806702, "E11_agent3_norm": 0.34964433312416077, "E11_agent4_norm": 0.33753782510757446, "E11_agent5_norm": 0.5869688391685486, "E12_agent0_norm": 0.27287980914115906, "E12_agent1_norm": 0.5485568046569824, "E12_agent2_norm": 0.41893357038497925, "E12_agent3_norm": 0.2819424271583557, "E12_agent4_norm": 0.31008467078208923, "E12_agent5_norm": 0.5183142423629761, "E13_agent0_norm": 0.26392921805381775, "E13_agent1_norm": 0.45207807421684265, "E13_agent2_norm": 0.3586941063404083, "E13_agent3_norm": 0.24480673670768738, "E13_agent4_norm": 0.2763056457042694, "E13_agent5_norm": 0.4697265625, "E14_agent0_norm": 0.23112182319164276, "E14_agent1_norm": 0.374719500541687, "E14_agent2_norm": 0.3043973743915558, "E14_agent3_norm": 0.1991446614265442, "E14_agent4_norm": 0.20980305969715118, "E14_agent5_norm": 0.37868425250053406, "E15_agent0_norm": 0.22530429065227509, "E15_agent1_norm": 0.30728766322135925, "E15_agent2_norm": 0.25023379921913147, "E15_agent3_norm": 0.17009836435317993, "E15_agent4_norm": 0.19094742834568024, "E15_agent5_norm": 0.34117671847343445, "E16_agent0_norm": 0.21085284650325775, "E16_agent1_norm": 0.22946852445602417, "E16_agent2_norm": 0.20260995626449585, "E16_agent3_norm": 0.14340922236442566, "E16_agent4_norm": 0.15907196700572968, "E16_agent5_norm": 0.2807508707046509, "E17_agent0_norm": 0.1871803253889084, "E17_agent1_norm": 0.17828594148159027, "E17_agent2_norm": 0.1695639044046402, "E17_agent3_norm": 0.11899549514055252, "E17_agent4_norm": 0.10974737256765366, "E17_agent5_norm": 0.24182383716106415, "E18_agent0_norm": 0.17944350838661194, "E18_agent1_norm": 0.13339343667030334, "E18_agent2_norm": 0.12545262277126312, "E18_agent3_norm": 0.1069728285074234, "E18_agent4_norm": 0.0928044319152832, "E18_agent5_norm": 0.20241358876228333, "E19_agent0_norm": 0.17019183933734894, "E19_agent1_norm": 0.09724333882331848, "E19_agent2_norm": 0.09416183829307556, "E19_agent3_norm": 0.09485592693090439, "E19_agent4_norm": 0.0807836502790451, "E19_agent5_norm": 0.16788367927074432, "E20_agent0_norm": 0.13714081048965454, "E20_agent1_norm": 0.07408523559570312, "E20_agent2_norm": 0.07641663402318954, "E20_agent3_norm": 0.06724666059017181, "E20_agent4_norm": 0.06757396459579468, "E20_agent5_norm": 0.1330728828907013, "E21_agent0_norm": 0.11200803518295288, "E21_agent1_norm": 0.05605566129088402, "E21_agent2_norm": 0.057398755103349686, "E21_agent3_norm": 0.05790150910615921, "E21_agent4_norm": 0.053484875708818436, "E21_agent5_norm": 0.10501493513584137, "E22_agent0_norm": 0.08267343044281006, "E22_agent1_norm": 0.04309951141476631, "E22_agent2_norm": 0.04417526721954346, "E22_agent3_norm": 0.039976537227630615, "E22_agent4_norm": 0.04589793086051941, "E22_agent5_norm": 0.07541351020336151, "E23_agent0_norm": 0.060069289058446884, "E23_agent1_norm": 0.0301677118986845, "E23_agent2_norm": 0.0327601283788681, "E23_agent3_norm": 0.028850402683019638, "E23_agent4_norm": 0.03070724755525589, "E23_agent5_norm": 0.05175923556089401, "E24_agent0_norm": 0.04118172079324722, "E24_agent1_norm": 0.022838015109300613, "E24_agent2_norm": 0.024577461183071136, "E24_agent3_norm": 0.017030498012900352, "E24_agent4_norm": 0.020729027688503265, "E24_agent5_norm": 0.039286669343709946, "E25_agent0_norm": 0.029202692210674286, "E25_agent1_norm": 0.017356649041175842, "E25_agent2_norm": 0.018447978422045708, "E25_agent3_norm": 0.011897934600710869, "E25_agent4_norm": 0.01531227771192789, "E25_agent5_norm": 0.027047468349337578, "E26_agent0_norm": 0.020958850160241127, "E26_agent1_norm": 0.01234572846442461, "E26_agent2_norm": 0.013310078531503677, "E26_agent3_norm": 0.009418655186891556, "E26_agent4_norm": 0.012500155717134476, "E26_agent5_norm": 0.018655482679605484, "E27_agent0_norm": 0.014496692456305027, "E27_agent1_norm": 0.008982066996395588, "E27_agent2_norm": 0.00998605601489544, "E27_agent3_norm": 0.006119428668171167, "E27_agent4_norm": 0.007616845425218344, "E27_agent5_norm": 0.011680594645440578, "E28_agent0_norm": 0.010186241008341312, "E28_agent1_norm": 0.0067047071643173695, "E28_agent2_norm": 0.007521795108914375, "E28_agent3_norm": 0.004319093190133572, "E28_agent4_norm": 0.005672391038388014, "E28_agent5_norm": 0.008893700316548347, "E29_agent0_norm": 0.007180416025221348, "E29_agent1_norm": 0.0047278511337935925, "E29_agent2_norm": 0.005281450692564249, "E29_agent3_norm": 0.0029315724968910217, "E29_agent4_norm": 0.003468276234343648, "E29_agent5_norm": 0.0061059738509356976, "E30_agent0_norm": 0.0051462724804878235, "E30_agent1_norm": 0.0032806219533085823, "E30_agent2_norm": 0.0038946461863815784, "E30_agent3_norm": 0.0021284506656229496, "E30_agent4_norm": 0.002532395301386714, "E30_agent5_norm": 0.00406403373926878, "E31_agent0_norm": 0.0034429554361850023, "E31_agent1_norm": 0.002511812373995781, "E31_agent2_norm": 0.0029578329995274544, "E31_agent3_norm": 0.0013873385032638907, "E31_agent4_norm": 0.0017797998152673244, "E31_agent5_norm": 0.0029544620774686337, "E32_agent0_norm": 0.002444010227918625, "E32_agent1_norm": 0.0017520361579954624, "E32_agent2_norm": 0.0020958019886165857, "E32_agent3_norm": 0.0009541253093630075, "E32_agent4_norm": 0.0012281958479434252, "E32_agent5_norm": 0.0018770431634038687, "E33_agent0_norm": 0.001698780688457191, "E33_agent1_norm": 0.0012722222600132227, "E33_agent2_norm": 0.0014621390728279948, "E33_agent3_norm": 0.0006946648354642093, "E33_agent4_norm": 0.0009844130836427212, "E33_agent5_norm": 0.0013634365750476718, "E34_agent0_norm": 0.00121209432836622, "E34_agent1_norm": 0.0008724001236259937, "E34_agent2_norm": 0.0010344614274799824,