{"E1_agent0_norm": 2.4073126316070557, "E1_agent1_norm": 3.362786054611206, "E1_agent2_norm": 3.530189037322998, "E1_agent3_norm": 3.394681215286255, "E1_agent4_norm": 2.9549429416656494, "E1_agent5_norm": 2.9355287551879883, "E2_agent0_norm": 0.9587970972061157, "E2_agent1_norm": 2.6239306926727295, "E2_agent2_norm": 2.479576826095581, "E2_agent3_norm": 2.295485496520996, "E2_agent4_norm": 2.2297022342681885, "E2_agent5_norm": 2.7942590713500977, "E3_agent0_norm": 0.9934393763542175, "E3_agent1_norm": 2.441322088241577, "E3_agent2_norm": 2.5530858039855957, "E3_agent3_norm": 2.2589707374572754, "E3_agent4_norm": 2.2230801582336426, "E3_agent5_norm": 2.363508701324463, "E4_agent0_norm": 1.0206800699234009, "E4_agent1_norm": 2.288100004196167, "E4_agent2_norm": 2.2006747722625732, "E4_agent3_norm": 2.262815237045288, "E4_agent4_norm": 1.869642734527588, "E4_agent5_norm": 2.1229751110076904, "E5_agent0_norm": 0.8655425906181335, "E5_agent1_norm": 2.005007266998291, "E5_agent2_norm": 1.837988257408142, "E5_agent3_norm": 1.6503989696502686, "E5_agent4_norm": 1.362748146057129, "E5_agent5_norm": 1.6287415027618408, "E6_agent0_norm": 0.7396955490112305, "E6_agent1_norm": 1.6416070461273193, "E6_agent2_norm": 1.4631426334381104, "E6_agent3_norm": 1.204993486404419, "E6_agent4_norm": 0.9471267461776733, "E6_agent5_norm": 1.2981009483337402, "E7_agent0_norm": 0.5861800312995911, "E7_agent1_norm": 1.3975591659545898, "E7_agent2_norm": 1.1932986974716187, "E7_agent3_norm": 0.8557261824607849, "E7_agent4_norm": 0.7108880877494812, "E7_agent5_norm": 1.0595457553863525, "E8_agent0_norm": 0.4959680438041687, "E8_agent1_norm": 1.097678303718567, "E8_agent2_norm": 0.9568827748298645, "E8_agent3_norm": 0.6883519887924194, "E8_agent4_norm": 0.6412063837051392, "E8_agent5_norm": 0.8971297740936279, "E9_agent0_norm": 0.41832873225212097, "E9_agent1_norm": 0.8929399251937866, "E9_agent2_norm": 0.7752506136894226, "E9_agent3_norm": 0.5097761750221252, "E9_agent4_norm": 0.48393192887306213, "E9_agent5_norm": 0.7360571622848511, "E10_agent0_norm": 0.3477133512496948, "E10_agent1_norm": 0.7309496402740479, "E10_agent2_norm": 0.6188783049583435, "E10_agent3_norm": 0.43338075280189514, "E10_agent4_norm": 0.41059422492980957, "E10_agent5_norm": 0.637942373752594, "E11_agent0_norm": 0.2968323230743408, "E11_agent1_norm": 0.5937932729721069, "E11_agent2_norm": 0.5240628123283386, "E11_agent3_norm": 0.3385046422481537, "E11_agent4_norm": 0.3276839554309845, "E11_agent5_norm": 0.5370543003082275, "E12_agent0_norm": 0.2538898289203644, "E12_agent1_norm": 0.4851797819137573, "E12_agent2_norm": 0.43670663237571716, "E12_agent3_norm": 0.27255699038505554, "E12_agent4_norm": 0.26764950156211853, "E12_agent5_norm": 0.46836981177330017, "E13_agent0_norm": 0.2598375380039215, "E13_agent1_norm": 0.3914954662322998, "E13_agent2_norm": 0.3428442180156708, "E13_agent3_norm": 0.23199830949306488, "E13_agent4_norm": 0.24406054615974426, "E13_agent5_norm": 0.40889886021614075, "E14_agent0_norm": 0.23216308653354645, "E14_agent1_norm": 0.3337372839450836, "E14_agent2_norm": 0.30503204464912415, "E14_agent3_norm": 0.20893888175487518, "E14_agent4_norm": 0.1948271244764328, "E14_agent5_norm": 0.3643993139266968, "E15_agent0_norm": 0.22674660384655, "E15_agent1_norm": 0.2547013461589813, "E15_agent2_norm": 0.2421898990869522, "E15_agent3_norm": 0.15476304292678833, "E15_agent4_norm": 0.18074598908424377, "E15_agent5_norm": 0.30712050199508667, "E16_agent0_norm": 0.21646898984909058, "E16_agent1_norm": 0.20812228322029114, "E16_agent2_norm": 0.21466298401355743, "E16_agent3_norm": 0.13926424086093903, "E16_agent4_norm": 0.14962612092494965, "E16_agent5_norm": 0.26501843333244324, "E17_agent0_norm": 0.2116462141275406, "E17_agent1_norm": 0.16718141734600067, "E17_agent2_norm": 0.1655588150024414, "E17_agent3_norm": 0.1364833116531372, "E17_agent4_norm": 0.13229867815971375, "E17_agent5_norm": 0.23886962234973907, "E18_agent0_norm": 0.1766442209482193, "E18_agent1_norm": 0.1257627010345459, "E18_agent2_norm": 0.1250140219926834, "E18_agent3_norm": 0.0860808789730072, "E18_agent4_norm": 0.10206093639135361, "E18_agent5_norm": 0.19040749967098236, "E19_agent0_norm": 0.16037586331367493, "E19_agent1_norm": 0.10782981663942337, "E19_agent2_norm": 0.10246118903160095, "E19_agent3_norm": 0.08067680150270462, "E19_agent4_norm": 0.08088701218366623, "E19_agent5_norm": 0.1552886962890625, "E20_agent0_norm": 0.14088498055934906, "E20_agent1_norm": 0.07906275987625122, "E20_agent2_norm": 0.08310972899198532, "E20_agent3_norm": 0.06786371767520905, "E20_agent4_norm": 0.07285498827695847, "E20_agent5_norm": 0.119930699467659, "E21_agent0_norm": 0.11418554186820984, "E21_agent1_norm": 0.05951822176575661, "E21_agent2_norm": 0.05766250193119049, "E21_agent3_norm": 0.050949323922395706, "E21_agent4_norm": 0.06697086244821548, "E21_agent5_norm": 0.10035163164138794, "E22_agent0_norm": 0.08282969146966934, "E22_agent1_norm": 0.04854792356491089, "E22_agent2_norm": 0.046252161264419556, "E22_agent3_norm": 0.03250289335846901, "E22_agent4_norm": 0.045069046318531036, "E22_agent5_norm": 0.08166302740573883, "E23_agent0_norm": 0.05983014032244682, "E23_agent1_norm": 0.036035146564245224, "E23_agent2_norm": 0.032664328813552856, "E23_agent3_norm": 0.022919267416000366, "E23_agent4_norm": 0.03222621604800224, "E23_agent5_norm": 0.054081980139017105, "E24_agent0_norm": 0.04302414134144783, "E24_agent1_norm": 0.026441190391778946, "E24_agent2_norm": 0.024896174669265747, "E24_agent3_norm": 0.0168025903403759, "E24_agent4_norm": 0.025247827172279358, "E24_agent5_norm": 0.0420745387673378, "E25_agent0_norm": 0.031130313873291016, "E25_agent1_norm": 0.0179897490888834, "E25_agent2_norm": 0.016907239332795143, "E25_agent3_norm": 0.011268761940300465, "E25_agent4_norm": 0.01851850561797619, "E25_agent5_norm": 0.02726886048913002, "E26_agent0_norm": 0.02182324044406414, "E26_agent1_norm": 0.013316396623849869, "E26_agent2_norm": 0.011837157420814037, "E26_agent3_norm": 0.008091793395578861, "E26_agent4_norm": 0.012315432541072369, "E26_agent5_norm": 0.018213169649243355, "E27_agent0_norm": 0.015431440435349941, "E27_agent1_norm": 0.009453714825212955, "E27_agent2_norm": 0.008814861066639423, "E27_agent3_norm": 0.005787041503936052, "E27_agent4_norm": 0.008469467051327229, "E27_agent5_norm": 0.01370326243340969, "E28_agent0_norm": 0.01075389888137579, "E28_agent1_norm": 0.0071069709956645966, "E28_agent2_norm": 0.006848569959402084, "E28_agent3_norm": 0.004186925943940878, "E28_agent4_norm": 0.0064306715503335, "E28_agent5_norm": 0.0092142503708601, "E29_agent0_norm": 0.007576885167509317, "E29_agent1_norm": 0.0052283271215856075, "E29_agent2_norm": 0.004998007323592901, "E29_agent3_norm": 0.0028592143207788467, "E29_agent4_norm": 0.004647769499570131, "E29_agent5_norm": 0.00700421305373311, "E30_agent0_norm": 0.005156605504453182, "E30_agent1_norm": 0.0037909261882305145, "E30_agent2_norm": 0.003783187596127391, "E30_agent3_norm": 0.0020145131275057793, "E30_agent4_norm": 0.0029965220019221306, "E30_agent5_norm": 0.004328101873397827, "E31_agent0_norm": 0.0036574804689735174, "E31_agent1_norm": 0.0027093866374343634, "E31_agent2_norm": 0.0027093717362731695, "E31_agent3_norm": 0.0014481140533462167, "E31_agent4_norm": 0.002222714014351368, "E31_agent5_norm": 0.003112939652055502, "E32_agent0_norm": 0.0025323652662336826, "E32_agent1_norm": 0.0019496530294418335, "E32_agent2_norm": 0.0018246922409161925, "E32_agent3_norm": 0.0009083853801712394, "E32_agent4_norm": 0.0013684774748981, "E32_agent5_norm": 0.001992501551285386, "E33_agent0_norm": 0.0017951367190107703, "E33_agent1_norm": 0.0013578872894868255, "E33_agent2_norm": 0.0013151594903320074, "E33_agent3_norm": 0.0006516002467833459, "E33_agent4_norm": 0.00100271578412503, "E33_agent5_norm": 0.001547114341519773, "E34_agent0_norm": 0.0012924206675961614, "E34_agent1_norm": 0.0009431163780391216, "E34_agent2_norm": 0.0009505943162366748, "E34_agent3_norm": 0.00048483023419976234,