{"E1_agent0_norm": 2.5884358882904053, "E1_agent1_norm": 3.3583014011383057, "E1_agent2_norm": 3.517469882965088, "E1_agent3_norm": 3.474668502807617, "E1_agent4_norm": 2.8678205013275146, "E1_agent5_norm": 2.913750171661377, "E2_agent0_norm": 0.8603855967521667, "E2_agent1_norm": 2.2964839935302734, "E2_agent2_norm": 2.5636537075042725, "E2_agent3_norm": 2.559997797012329, "E2_agent4_norm": 2.3321003913879395, "E2_agent5_norm": 2.597971200942993, "E3_agent0_norm": 0.9503931403160095, "E3_agent1_norm": 2.6205332279205322, "E3_agent2_norm": 2.5716536045074463, "E3_agent3_norm": 2.467966318130493, "E3_agent4_norm": 1.9858661890029907, "E3_agent5_norm": 2.084475040435791, "E4_agent0_norm": 0.8851132988929749, "E4_agent1_norm": 1.9979008436203003, "E4_agent2_norm": 1.866308331489563, "E4_agent3_norm": 1.9163837432861328, "E4_agent4_norm": 1.6944698095321655, "E4_agent5_norm": 2.098381280899048, "E5_agent0_norm": 0.895829975605011, "E5_agent1_norm": 1.8975414037704468, "E5_agent2_norm": 1.8112967014312744, "E5_agent3_norm": 1.5952684879302979, "E5_agent4_norm": 1.416463851928711, "E5_agent5_norm": 1.5764609575271606, "E6_agent0_norm": 0.7346884608268738, "E6_agent1_norm": 1.6144657135009766, "E6_agent2_norm": 1.4302254915237427, "E6_agent3_norm": 1.123879313468933, "E6_agent4_norm": 1.0078036785125732, "E6_agent5_norm": 1.2235040664672852, "E7_agent0_norm": 0.6314755082130432, "E7_agent1_norm": 1.3714216947555542, "E7_agent2_norm": 1.1652989387512207, "E7_agent3_norm": 0.8400679230690002, "E7_agent4_norm": 0.7866805195808411, "E7_agent5_norm": 1.0705207586288452, "E8_agent0_norm": 0.5138903260231018, "E8_agent1_norm": 1.1068633794784546, "E8_agent2_norm": 0.9220150113105774, "E8_agent3_norm": 0.6386203765869141, "E8_agent4_norm": 0.6216278672218323, "E8_agent5_norm": 0.9596266746520996, "E9_agent0_norm": 0.4108133018016815, "E9_agent1_norm": 0.8934016823768616, "E9_agent2_norm": 0.6965095400810242, "E9_agent3_norm": 0.49307870864868164, "E9_agent4_norm": 0.46895724534988403, "E9_agent5_norm": 0.7708529829978943, "E10_agent0_norm": 0.36446183919906616, "E10_agent1_norm": 0.7353042364120483, "E10_agent2_norm": 0.5675621032714844, "E10_agent3_norm": 0.38569924235343933, "E10_agent4_norm": 0.40655869245529175, "E10_agent5_norm": 0.648844838142395, "E11_agent0_norm": 0.30106690526008606, "E11_agent1_norm": 0.6148055791854858, "E11_agent2_norm": 0.4759293496608734, "E11_agent3_norm": 0.3269667327404022, "E11_agent4_norm": 0.3355835974216461, "E11_agent5_norm": 0.5596651434898376, "E12_agent0_norm": 0.26949605345726013, "E12_agent1_norm": 0.5113053321838379, "E12_agent2_norm": 0.3806416988372803, "E12_agent3_norm": 0.2703208923339844, "E12_agent4_norm": 0.31284481287002563, "E12_agent5_norm": 0.47758540511131287, "E13_agent0_norm": 0.2712987959384918, "E13_agent1_norm": 0.42945414781570435, "E13_agent2_norm": 0.32638445496559143, "E13_agent3_norm": 0.23337553441524506, "E13_agent4_norm": 0.24922960996627808, "E13_agent5_norm": 0.4318895637989044, "E14_agent0_norm": 0.23428067564964294, "E14_agent1_norm": 0.35493749380111694, "E14_agent2_norm": 0.2751961946487427, "E14_agent3_norm": 0.19698572158813477, "E14_agent4_norm": 0.20504862070083618, "E14_agent5_norm": 0.3707835376262665, "E15_agent0_norm": 0.2466149479150772, "E15_agent1_norm": 0.28516438603401184, "E15_agent2_norm": 0.22517690062522888, "E15_agent3_norm": 0.1787276715040207, "E15_agent4_norm": 0.20194174349308014, "E15_agent5_norm": 0.3247069716453552, "E16_agent0_norm": 0.2098490595817566, "E16_agent1_norm": 0.21846126019954681, "E16_agent2_norm": 0.18834295868873596, "E16_agent3_norm": 0.1412646472454071, "E16_agent4_norm": 0.1534378081560135, "E16_agent5_norm": 0.2833728492259979, "E17_agent0_norm": 0.21411141753196716, "E17_agent1_norm": 0.17294174432754517, "E17_agent2_norm": 0.15367206931114197, "E17_agent3_norm": 0.12420319765806198, "E17_agent4_norm": 0.1342245191335678, "E17_agent5_norm": 0.23045651614665985, "E18_agent0_norm": 0.18222080171108246, "E18_agent1_norm": 0.14788252115249634, "E18_agent2_norm": 0.1303427368402481, "E18_agent3_norm": 0.09709258377552032, "E18_agent4_norm": 0.09694772213697433, "E18_agent5_norm": 0.18677018582820892, "E19_agent0_norm": 0.16895177960395813, "E19_agent1_norm": 0.10647336393594742, "E19_agent2_norm": 0.10391149669885635, "E19_agent3_norm": 0.08113785833120346, "E19_agent4_norm": 0.08577191829681396, "E19_agent5_norm": 0.157674178481102, "E20_agent0_norm": 0.1382582187652588, "E20_agent1_norm": 0.08253244310617447, "E20_agent2_norm": 0.0767800584435463, "E20_agent3_norm": 0.0680483728647232, "E20_agent4_norm": 0.0714472159743309, "E20_agent5_norm": 0.130080446600914, "E21_agent0_norm": 0.10510356724262238, "E21_agent1_norm": 0.05984312668442726, "E21_agent2_norm": 0.05918750911951065, "E21_agent3_norm": 0.046514324843883514, "E21_agent4_norm": 0.05893490090966225, "E21_agent5_norm": 0.10622803866863251, "E22_agent0_norm": 0.0751093402504921, "E22_agent1_norm": 0.04225269705057144, "E22_agent2_norm": 0.041585616767406464, "E22_agent3_norm": 0.029936837032437325, "E22_agent4_norm": 0.03806290403008461, "E22_agent5_norm": 0.07679944485425949, "E23_agent0_norm": 0.05335194990038872, "E23_agent1_norm": 0.03090141899883747, "E23_agent2_norm": 0.03325790911912918, "E23_agent3_norm": 0.02156677097082138, "E23_agent4_norm": 0.030281508341431618, "E23_agent5_norm": 0.05560284107923508, "E24_agent0_norm": 0.037829138338565826, "E24_agent1_norm": 0.022587455809116364, "E24_agent2_norm": 0.023897023871541023, "E24_agent3_norm": 0.015503022819757462, "E24_agent4_norm": 0.019334711134433746, "E24_agent5_norm": 0.03868018090724945, "E25_agent0_norm": 0.026179442182183266, "E25_agent1_norm": 0.01607665792107582, "E25_agent2_norm": 0.017173945903778076, "E25_agent3_norm": 0.010128067806363106, "E25_agent4_norm": 0.013263311237096786, "E25_agent5_norm": 0.0231919065117836, "E26_agent0_norm": 0.018713679164648056, "E26_agent1_norm": 0.01165017206221819, "E26_agent2_norm": 0.01314603816717863, "E26_agent3_norm": 0.007588979322463274, "E26_agent4_norm": 0.010272111743688583, "E26_agent5_norm": 0.018372047692537308, "E27_agent0_norm": 0.013105202466249466, "E27_agent1_norm": 0.008287426084280014, "E27_agent2_norm": 0.008907700888812542, "E27_agent3_norm": 0.005186739377677441, "E27_agent4_norm": 0.00696903932839632, "E27_agent5_norm": 0.012302694842219353, "E28_agent0_norm": 0.009308909997344017, "E28_agent1_norm": 0.005815219599753618, "E28_agent2_norm": 0.006894866935908794, "E28_agent3_norm": 0.0038979053497314453, "E28_agent4_norm": 0.005510841030627489, "E28_agent5_norm": 0.008308499120175838, "E29_agent0_norm": 0.0064735934138298035, "E29_agent1_norm": 0.0042611388489604, "E29_agent2_norm": 0.004905256442725658, "E29_agent3_norm": 0.002609656425192952, "E29_agent4_norm": 0.003440732369199395, "E29_agent5_norm": 0.0055646756663918495, "E30_agent0_norm": 0.00464788731187582, "E30_agent1_norm": 0.0029584309086203575, "E30_agent2_norm": 0.003458151128143072, "E30_agent3_norm": 0.001801560982130468, "E30_agent4_norm": 0.002383024664595723, "E30_agent5_norm": 0.004080632701516151, "E31_agent0_norm": 0.0031363714952021837, "E31_agent1_norm": 0.0021837770473212004, "E31_agent2_norm": 0.0026364910881966352, "E31_agent3_norm": 0.0012275077169761062, "E31_agent4_norm": 0.0017449773149564862, "E31_agent5_norm": 0.0030838153325021267, "E32_agent0_norm": 0.0021790615282952785, "E32_agent1_norm": 0.0016371801029890776, "E32_agent2_norm": 0.0019617530051618814, "E32_agent3_norm": 0.0009263136889785528, "E32_agent4_norm": 0.0012718416983261704, "E32_agent5_norm": 0.002262438414618373, "E33_agent0_norm": 0.0015315595082938671, "E33_agent1_norm": 0.0010891705751419067, "E33_agent2_norm": 0.0013463221257552505, "E33_agent3_norm": 0.0006496812566183507, "E33_agent4_norm": 0.0009511159150861204, "E33_agent5_norm": 0.0014536562375724316, "E34_agent0_norm": 0.0010799648007377982, "E34_agent1_norm": 0.0007482384680770338, "E34_agent2_norm": 0.0009152009151875973,