{"E1_agent0_norm": 2.5453906059265137, "E1_agent1_norm": 3.09555983543396, "E1_agent2_norm": 3.2330002784729004, "E1_agent3_norm": 3.4476187229156494, "E1_agent4_norm": 2.5663821697235107, "E1_agent5_norm": 2.9154253005981445, "E2_agent0_norm": 0.8744866847991943, "E2_agent1_norm": 2.338681697845459, "E2_agent2_norm": 2.6130802631378174, "E2_agent3_norm": 2.67862606048584, "E2_agent4_norm": 2.84501576423645, "E2_agent5_norm": 2.6471078395843506, "E3_agent0_norm": 0.8103259205818176, "E3_agent1_norm": 2.2530858516693115, "E3_agent2_norm": 2.2206287384033203, "E3_agent3_norm": 2.214827060699463, "E3_agent4_norm": 2.1003434658050537, "E3_agent5_norm": 2.2666521072387695, "E4_agent0_norm": 1.0329346656799316, "E4_agent1_norm": 2.164013385772705, "E4_agent2_norm": 2.1706252098083496, "E4_agent3_norm": 2.0849080085754395, "E4_agent4_norm": 2.0846941471099854, "E4_agent5_norm": 2.07340407371521, "E5_agent0_norm": 0.9141848087310791, "E5_agent1_norm": 2.029836893081665, "E5_agent2_norm": 1.8138302564620972, "E5_agent3_norm": 1.757529854774475, "E5_agent4_norm": 1.4706977605819702, "E5_agent5_norm": 1.5660549402236938, "E6_agent0_norm": 0.7519397139549255, "E6_agent1_norm": 1.6778315305709839, "E6_agent2_norm": 1.5232136249542236, "E6_agent3_norm": 1.130152702331543, "E6_agent4_norm": 1.0580992698669434, "E6_agent5_norm": 1.238604187965393, "E7_agent0_norm": 0.6105794310569763, "E7_agent1_norm": 1.4007309675216675, "E7_agent2_norm": 1.1766812801361084, "E7_agent3_norm": 0.8291544914245605, "E7_agent4_norm": 0.7423977255821228, "E7_agent5_norm": 1.02810537815094, "E8_agent0_norm": 0.4992060959339142, "E8_agent1_norm": 1.109686017036438, "E8_agent2_norm": 0.9471965432167053, "E8_agent3_norm": 0.6280507445335388, "E8_agent4_norm": 0.6059670448303223, "E8_agent5_norm": 0.8622428178787231, "E9_agent0_norm": 0.3882206678390503, "E9_agent1_norm": 0.8648720979690552, "E9_agent2_norm": 0.7728424668312073, "E9_agent3_norm": 0.4787196218967438, "E9_agent4_norm": 0.4716309905052185, "E9_agent5_norm": 0.7178196310997009, "E10_agent0_norm": 0.3542075753211975, "E10_agent1_norm": 0.7072728872299194, "E10_agent2_norm": 0.6007201671600342, "E10_agent3_norm": 0.4022820293903351, "E10_agent4_norm": 0.40083053708076477, "E10_agent5_norm": 0.6013633608818054, "E11_agent0_norm": 0.2935357391834259, "E11_agent1_norm": 0.5815751552581787, "E11_agent2_norm": 0.5149351954460144, "E11_agent3_norm": 0.33593565225601196, "E11_agent4_norm": 0.34570443630218506, "E11_agent5_norm": 0.5264290571212769, "E12_agent0_norm": 0.26576027274131775, "E12_agent1_norm": 0.48821568489074707, "E12_agent2_norm": 0.4339931905269623, "E12_agent3_norm": 0.27674949169158936, "E12_agent4_norm": 0.29896748065948486, "E12_agent5_norm": 0.4486136734485626, "E13_agent0_norm": 0.25632911920547485, "E13_agent1_norm": 0.4122912883758545, "E13_agent2_norm": 0.37127164006233215, "E13_agent3_norm": 0.2527710795402527, "E13_agent4_norm": 0.2561551332473755, "E13_agent5_norm": 0.39572492241859436, "E14_agent0_norm": 0.23833684623241425, "E14_agent1_norm": 0.34649035334587097, "E14_agent2_norm": 0.307399183511734, "E14_agent3_norm": 0.18761922419071198, "E14_agent4_norm": 0.23166385293006897, "E14_agent5_norm": 0.3409888744354248, "E15_agent0_norm": 0.23167164623737335, "E15_agent1_norm": 0.2867767810821533, "E15_agent2_norm": 0.2534472644329071, "E15_agent3_norm": 0.1674615442752838, "E15_agent4_norm": 0.19729389250278473, "E15_agent5_norm": 0.3118176758289337, "E16_agent0_norm": 0.21000076830387115, "E16_agent1_norm": 0.22782909870147705, "E16_agent2_norm": 0.21094219386577606, "E16_agent3_norm": 0.13726916909217834, "E16_agent4_norm": 0.15755347907543182, "E16_agent5_norm": 0.2724262773990631, "E17_agent0_norm": 0.2016167789697647, "E17_agent1_norm": 0.1884690821170807, "E17_agent2_norm": 0.17020927369594574, "E17_agent3_norm": 0.13122372329235077, "E17_agent4_norm": 0.12892253696918488, "E17_agent5_norm": 0.22798243165016174, "E18_agent0_norm": 0.18989647924900055, "E18_agent1_norm": 0.13594408333301544, "E18_agent2_norm": 0.12986184656620026, "E18_agent3_norm": 0.09127583354711533, "E18_agent4_norm": 0.11178410053253174, "E18_agent5_norm": 0.19310685992240906, "E19_agent0_norm": 0.1639227420091629, "E19_agent1_norm": 0.10351794958114624, "E19_agent2_norm": 0.10620690882205963, "E19_agent3_norm": 0.08606811612844467, "E19_agent4_norm": 0.0943291038274765, "E19_agent5_norm": 0.1611613929271698, "E20_agent0_norm": 0.13911215960979462, "E20_agent1_norm": 0.0851372703909874, "E20_agent2_norm": 0.08188007026910782, "E20_agent3_norm": 0.06461461633443832, "E20_agent4_norm": 0.0841866210103035, "E20_agent5_norm": 0.1362645924091339, "E21_agent0_norm": 0.11303785443305969, "E21_agent1_norm": 0.0588192492723465, "E21_agent2_norm": 0.06007935479283333, "E21_agent3_norm": 0.04916337877511978, "E21_agent4_norm": 0.06416831165552139, "E21_agent5_norm": 0.1127379834651947, "E22_agent0_norm": 0.08229940384626389, "E22_agent1_norm": 0.043854910880327225, "E22_agent2_norm": 0.04127217084169388, "E22_agent3_norm": 0.03365281969308853, "E22_agent4_norm": 0.050290826708078384, "E22_agent5_norm": 0.08413106948137283, "E23_agent0_norm": 0.05876054987311363, "E23_agent1_norm": 0.032660551369190216, "E23_agent2_norm": 0.03037482127547264, "E23_agent3_norm": 0.023944085463881493, "E23_agent4_norm": 0.03333047404885292, "E23_agent5_norm": 0.05750250071287155, "E24_agent0_norm": 0.04144548997282982, "E24_agent1_norm": 0.022412052378058434, "E24_agent2_norm": 0.021455511450767517, "E24_agent3_norm": 0.01570129580795765, "E24_agent4_norm": 0.02213168330490589, "E24_agent5_norm": 0.041007861495018005, "E25_agent0_norm": 0.02979358099400997, "E25_agent1_norm": 0.01664162054657936, "E25_agent2_norm": 0.015754319727420807, "E25_agent3_norm": 0.011220347136259079, "E25_agent4_norm": 0.014735322445631027, "E25_agent5_norm": 0.029506096616387367, "E26_agent0_norm": 0.020718228071928024, "E26_agent1_norm": 0.011447245255112648, "E26_agent2_norm": 0.011139985173940659, "E26_agent3_norm": 0.008091690950095654, "E26_agent4_norm": 0.011232156306505203, "E26_agent5_norm": 0.018838627263903618, "E27_agent0_norm": 0.014427796006202698, "E27_agent1_norm": 0.008442340418696404, "E27_agent2_norm": 0.008486665785312653, "E27_agent3_norm": 0.005654529668390751, "E27_agent4_norm": 0.008928582072257996, "E27_agent5_norm": 0.013005654327571392, "E28_agent0_norm": 0.01016868557780981, "E28_agent1_norm": 0.006056823302060366, "E28_agent2_norm": 0.006200164556503296, "E28_agent3_norm": 0.0041146366856992245, "E28_agent4_norm": 0.005729932803660631, "E28_agent5_norm": 0.008615626953542233, "E29_agent0_norm": 0.007246756460517645, "E29_agent1_norm": 0.0043775057420134544, "E29_agent2_norm": 0.004588596522808075, "E29_agent3_norm": 0.002879627514630556, "E29_agent4_norm": 0.004339905455708504, "E29_agent5_norm": 0.006196141708642244, "E30_agent0_norm": 0.004941508639603853, "E30_agent1_norm": 0.0033022670540958643, "E30_agent2_norm": 0.0034202963579446077, "E30_agent3_norm": 0.0019048580434173346, "E30_agent4_norm": 0.0028935547452419996, "E30_agent5_norm": 0.0045122429728507996, "E31_agent0_norm": 0.003516582539305091, "E31_agent1_norm": 0.0023708248045295477, "E31_agent2_norm": 0.0025406607892364264, "E31_agent3_norm": 0.0013993072789162397, "E31_agent4_norm": 0.001920197973959148, "E31_agent5_norm": 0.003234625793993473, "E32_agent0_norm": 0.0024900087155401707, "E32_agent1_norm": 0.0016865726793184876, "E32_agent2_norm": 0.0017934301868081093, "E32_agent3_norm": 0.0009681520168669522, "E32_agent4_norm": 0.0015678360359743237, "E32_agent5_norm": 0.002392308320850134, "E33_agent0_norm": 0.0017186403274536133, "E33_agent1_norm": 0.0011833594180643559, "E33_agent2_norm": 0.001288512023165822, "E33_agent3_norm": 0.000655967858619988, "E33_agent4_norm": 0.0009071603999473155, "E33_agent5_norm": 0.0015054818941280246, "E34_agent0_norm": 0.001193655771203339, "E34_agent1_norm": 0.00086248479783535, "E34_agent2_norm": 0.0009658958297222853,