{"E1_agent0_norm": 2.7220914363861084, "E1_agent1_norm": 3.233163595199585, "E1_agent2_norm": 3.490004777908325, "E1_agent3_norm": 3.4986650943756104, "E1_agent4_norm": 2.9136478900909424, "E1_agent5_norm": 2.82914662361145, "E2_agent0_norm": 1.0083662271499634, "E2_agent1_norm": 2.48221492767334, "E2_agent2_norm": 2.386260986328125, "E2_agent3_norm": 2.4647016525268555, "E2_agent4_norm": 2.613463878631592, "E2_agent5_norm": 2.6153435707092285, "E3_agent0_norm": 0.8751323223114014, "E3_agent1_norm": 2.2180211544036865, "E3_agent2_norm": 2.2694857120513916, "E3_agent3_norm": 2.3029658794403076, "E3_agent4_norm": 2.0227792263031006, "E3_agent5_norm": 2.286888599395752, "E4_agent0_norm": 0.8721793293952942, "E4_agent1_norm": 2.2473368644714355, "E4_agent2_norm": 1.807145118713379, "E4_agent3_norm": 1.9193167686462402, "E4_agent4_norm": 1.5350228548049927, "E4_agent5_norm": 2.1975653171539307, "E5_agent0_norm": 0.8395629525184631, "E5_agent1_norm": 2.01893949508667, "E5_agent2_norm": 1.8224034309387207, "E5_agent3_norm": 1.7522872686386108, "E5_agent4_norm": 1.6343251466751099, "E5_agent5_norm": 1.7025529146194458, "E6_agent0_norm": 0.7812526226043701, "E6_agent1_norm": 1.6677700281143188, "E6_agent2_norm": 1.5855649709701538, "E6_agent3_norm": 1.2359387874603271, "E6_agent4_norm": 1.0032320022583008, "E6_agent5_norm": 1.214524269104004, "E7_agent0_norm": 0.605640172958374, "E7_agent1_norm": 1.4228254556655884, "E7_agent2_norm": 1.2040550708770752, "E7_agent3_norm": 0.8843548893928528, "E7_agent4_norm": 0.7929857969284058, "E7_agent5_norm": 1.1009148359298706, "E8_agent0_norm": 0.48793041706085205, "E8_agent1_norm": 1.1398775577545166, "E8_agent2_norm": 1.0039106607437134, "E8_agent3_norm": 0.7001309990882874, "E8_agent4_norm": 0.6766327619552612, "E8_agent5_norm": 0.9408381581306458, "E9_agent0_norm": 0.41549888253211975, "E9_agent1_norm": 0.9460792541503906, "E9_agent2_norm": 0.8071061372756958, "E9_agent3_norm": 0.5178486108779907, "E9_agent4_norm": 0.5278424024581909, "E9_agent5_norm": 0.8377946019172668, "E10_agent0_norm": 0.35880935192108154, "E10_agent1_norm": 0.7762892842292786, "E10_agent2_norm": 0.6625024676322937, "E10_agent3_norm": 0.44092637300491333, "E10_agent4_norm": 0.42364242672920227, "E10_agent5_norm": 0.6763485670089722, "E11_agent0_norm": 0.2909926772117615, "E11_agent1_norm": 0.6385869383811951, "E11_agent2_norm": 0.5448329448699951, "E11_agent3_norm": 0.32459983229637146, "E11_agent4_norm": 0.35336393117904663, "E11_agent5_norm": 0.578212320804596, "E12_agent0_norm": 0.2771141231060028, "E12_agent1_norm": 0.5334989428520203, "E12_agent2_norm": 0.442324161529541, "E12_agent3_norm": 0.26267939805984497, "E12_agent4_norm": 0.26853635907173157, "E12_agent5_norm": 0.5173981189727783, "E13_agent0_norm": 0.23392657935619354, "E13_agent1_norm": 0.4429383873939514, "E13_agent2_norm": 0.37082454562187195, "E13_agent3_norm": 0.2318635731935501, "E13_agent4_norm": 0.23780888319015503, "E13_agent5_norm": 0.43080732226371765, "E14_agent0_norm": 0.23905473947525024, "E14_agent1_norm": 0.36514171957969666, "E14_agent2_norm": 0.3017837703227997, "E14_agent3_norm": 0.18295273184776306, "E14_agent4_norm": 0.2038196623325348, "E14_agent5_norm": 0.3645467460155487, "E15_agent0_norm": 0.21761159598827362, "E15_agent1_norm": 0.28502073884010315, "E15_agent2_norm": 0.24624459445476532, "E15_agent3_norm": 0.15459765493869781, "E15_agent4_norm": 0.18742820620536804, "E15_agent5_norm": 0.33932945132255554, "E16_agent0_norm": 0.20572085678577423, "E16_agent1_norm": 0.24028556048870087, "E16_agent2_norm": 0.2157740443944931, "E16_agent3_norm": 0.14493605494499207, "E16_agent4_norm": 0.15020497143268585, "E16_agent5_norm": 0.27133020758628845, "E17_agent0_norm": 0.20390652120113373, "E17_agent1_norm": 0.18915610015392303, "E17_agent2_norm": 0.16620784997940063, "E17_agent3_norm": 0.12357797473669052, "E17_agent4_norm": 0.14740505814552307, "E17_agent5_norm": 0.2515592873096466, "E18_agent0_norm": 0.19566380977630615, "E18_agent1_norm": 0.14486141502857208, "E18_agent2_norm": 0.13280832767486572, "E18_agent3_norm": 0.10695265233516693, "E18_agent4_norm": 0.1218206137418747, "E18_agent5_norm": 0.2028416395187378, "E19_agent0_norm": 0.16235584020614624, "E19_agent1_norm": 0.10552170872688293, "E19_agent2_norm": 0.10180697590112686, "E19_agent3_norm": 0.09745350480079651, "E19_agent4_norm": 0.08938769996166229, "E19_agent5_norm": 0.16007354855537415, "E20_agent0_norm": 0.1343473494052887, "E20_agent1_norm": 0.07859661430120468, "E20_agent2_norm": 0.08347828686237335, "E20_agent3_norm": 0.06441245228052139, "E20_agent4_norm": 0.06979332119226456, "E20_agent5_norm": 0.12837372720241547, "E21_agent0_norm": 0.10811873525381088, "E21_agent1_norm": 0.05823203921318054, "E21_agent2_norm": 0.06134698539972305, "E21_agent3_norm": 0.04941611737012863, "E21_agent4_norm": 0.061008572578430176, "E21_agent5_norm": 0.10234353691339493, "E22_agent0_norm": 0.07924308627843857, "E22_agent1_norm": 0.04253115504980087, "E22_agent2_norm": 0.04441933333873749, "E22_agent3_norm": 0.03471854701638222, "E22_agent4_norm": 0.04330515116453171, "E22_agent5_norm": 0.07459892332553864, "E23_agent0_norm": 0.05693032965064049, "E23_agent1_norm": 0.03063620626926422, "E23_agent2_norm": 0.032348889857530594, "E23_agent3_norm": 0.023850129917263985, "E23_agent4_norm": 0.03385699912905693, "E23_agent5_norm": 0.05007436126470566, "E24_agent0_norm": 0.04085927456617355, "E24_agent1_norm": 0.023326734080910683, "E24_agent2_norm": 0.02377401292324066, "E24_agent3_norm": 0.016875332221388817, "E24_agent4_norm": 0.023942770436406136, "E24_agent5_norm": 0.035458728671073914, "E25_agent0_norm": 0.02942529134452343, "E25_agent1_norm": 0.017420746386051178, "E25_agent2_norm": 0.016661986708641052, "E25_agent3_norm": 0.011396901682019234, "E25_agent4_norm": 0.01562710851430893, "E25_agent5_norm": 0.025803200900554657, "E26_agent0_norm": 0.021221719682216644, "E26_agent1_norm": 0.012083328329026699, "E26_agent2_norm": 0.012030981481075287, "E26_agent3_norm": 0.00833309255540371, "E26_agent4_norm": 0.012143938802182674, "E26_agent5_norm": 0.018001025542616844, "E27_agent0_norm": 0.014783301390707493, "E27_agent1_norm": 0.008975324220955372, "E27_agent2_norm": 0.009379376657307148, "E27_agent3_norm": 0.0058391583152115345, "E27_agent4_norm": 0.008509460836648941, "E27_agent5_norm": 0.012792355380952358, "E28_agent0_norm": 0.010506208054721355, "E28_agent1_norm": 0.0065284050069749355, "E28_agent2_norm": 0.006818534340709448, "E28_agent3_norm": 0.004050999414175749, "E28_agent4_norm": 0.005968836601823568, "E28_agent5_norm": 0.008792044594883919, "E29_agent0_norm": 0.00724802678450942, "E29_agent1_norm": 0.00485646678134799, "E29_agent2_norm": 0.005163021385669708, "E29_agent3_norm": 0.002902316628023982, "E29_agent4_norm": 0.004238422494381666, "E29_agent5_norm": 0.005777019541710615, "E30_agent0_norm": 0.00518167857080698, "E30_agent1_norm": 0.0035482372622936964, "E30_agent2_norm": 0.003580220742151141, "E30_agent3_norm": 0.002127457642927766, "E30_agent4_norm": 0.0030100306030362844, "E30_agent5_norm": 0.004291983786970377, "E31_agent0_norm": 0.0035745520144701004, "E31_agent1_norm": 0.00257155136205256, "E31_agent2_norm": 0.0027754611801356077, "E31_agent3_norm": 0.001429277122952044, "E31_agent4_norm": 0.0020300939213484526, "E31_agent5_norm": 0.002910601207986474, "E32_agent0_norm": 0.0025398393627256155, "E32_agent1_norm": 0.0018217416945844889, "E32_agent2_norm": 0.001959348563104868, "E32_agent3_norm": 0.001011838554404676, "E32_agent4_norm": 0.001400141860358417, "E32_agent5_norm": 0.0021630472037941217, "E33_agent0_norm": 0.0017258572624996305, "E33_agent1_norm": 0.0013186992146074772, "E33_agent2_norm": 0.0014219189761206508, "E33_agent3_norm": 0.0007107333512976766, "E33_agent4_norm": 0.0009651524014770985, "E33_agent5_norm": 0.0014022940304130316, "E34_agent0_norm": 0.0011918324744328856, "E34_agent1_norm": 0.0009581766789779067, "E34_agent2_norm": 0.0010376431746408343,