{"Agent0_Epoch1": 0.30864858627319336, "Agent1_Epoch1": 0.27295178174972534, "Agent2_Epoch1": 0.994830846786499, "Agent3_Epoch1": 0.9936931133270264, "Agent4_Epoch1": 0.9929545521736145, "Agent0_Epoch2": 0.09303730726242065, "Agent1_Epoch2": 0.2881729006767273, "Agent2_Epoch2": 0.33331865072250366, "Agent3_Epoch2": 0.32037997245788574, "Agent4_Epoch2": 0.3425478935241699, "Agent0_Epoch3": 0.0643608570098877, "Agent1_Epoch3": 0.17014926671981812, "Agent2_Epoch3": 0.17973387241363525, "Agent3_Epoch3": 0.17030119895935059, "Agent4_Epoch3": 0.19370949268341064, "Agent0_Epoch4": 0.04509127140045166, "Agent1_Epoch4": 0.10227644443511963, "Agent2_Epoch4": 0.10433828830718994, "Agent3_Epoch4": 0.10029536485671997, "Agent4_Epoch4": 0.11022639274597168, "Agent0_Epoch5": 0.03189891576766968, "Agent1_Epoch5": 0.06250947713851929, "Agent2_Epoch5": 0.06541663408279419, "Agent3_Epoch5": 0.06124138832092285, "Agent4_Epoch5": 0.06869614124298096, "Agent0_Epoch6": 0.02328401803970337, "Agent1_Epoch6": 0.040312767028808594, "Agent2_Epoch6": 0.04177659749984741, "Agent3_Epoch6": 0.03876620531082153, "Agent4_Epoch6": 0.04344397783279419, "Agent0_Epoch7": 0.017567098140716553, "Agent1_Epoch7": 0.02729940414428711, "Agent2_Epoch7": 0.028075039386749268, "Agent3_Epoch7": 0.02527916431427002, "Agent4_Epoch7": 0.029416024684906006, "Agent0_Epoch8": 0.01339942216873169, "Agent1_Epoch8": 0.019128620624542236, "Agent2_Epoch8": 0.01956552267074585, "Agent3_Epoch8": 0.018172740936279297, "Agent4_Epoch8": 0.020566105842590332, "Agent0_Epoch9": 0.010383844375610352, "Agent1_Epoch9": 0.013856709003448486, "Agent2_Epoch9": 0.014210879802703857, "Agent3_Epoch9": 0.013704419136047363, "Agent4_Epoch9": 0.015053212642669678, "Agent0_Epoch10": 0.008376479148864746, "Agent1_Epoch10": 0.010583281517028809, "Agent2_Epoch10": 0.01079857349395752, "Agent3_Epoch10": 0.010080516338348389, "Agent4_Epoch10": 0.011076688766479492, "Agent0_Epoch11": 0.00678330659866333, "Agent1_Epoch11": 0.008214116096496582, "Agent2_Epoch11": 0.008583784103393555, "Agent3_Epoch11": 0.007930099964141846, "Agent4_Epoch11": 0.008783161640167236, "Agent0_Epoch12": 0.0056923627853393555, "Agent1_Epoch12": 0.006658315658569336, "Agent2_Epoch12": 0.006733417510986328, "Agent3_Epoch12": 0.00641244649887085, "Agent4_Epoch12": 0.006972134113311768, "Agent0_Epoch13": 0.004814743995666504, "Agent1_Epoch13": 0.005480408668518066, "Agent2_Epoch13": 0.005557358264923096, "Agent3_Epoch13": 0.005230426788330078, "Agent4_Epoch13": 0.0056400299072265625, "Agent0_Epoch14": 0.0051659345626831055, "Agent1_Epoch14": 0.005861937999725342, "Agent2_Epoch14": 0.0059067606925964355, "Agent3_Epoch14": 0.005706191062927246, "Agent4_Epoch14": 0.006055176258087158, "Agent0_Epoch15": 0.005385339260101318, "Agent1_Epoch15": 0.0060977935791015625, "Agent2_Epoch15": 0.006073951721191406, "Agent3_Epoch15": 0.006045222282409668, "Agent4_Epoch15": 0.006189942359924316, "Agent0_Epoch16": 0.0055214762687683105, "Agent1_Epoch16": 0.006242692470550537, "Agent2_Epoch16": 0.0062462687492370605, "Agent3_Epoch16": 0.006303727626800537, "Agent4_Epoch16": 0.006321370601654053, "Agent0_Epoch17": 0.005625724792480469, "Agent1_Epoch17": 0.006354570388793945, "Agent2_Epoch17": 0.006353139877319336, "Agent3_Epoch17": 0.006447315216064453, "Agent4_Epoch17": 0.006387472152709961, "Agent0_Epoch18": 0.005679607391357422, "Agent1_Epoch18": 0.006410539150238037, "Agent2_Epoch18": 0.006447792053222656, "Agent3_Epoch18": 0.006486833095550537, "Agent4_Epoch18": 0.0064882636070251465, "Agent0_Epoch19": 0.005729258060455322, "Agent1_Epoch19": 0.006463944911956787, "Agent2_Epoch19": 0.006512284278869629, "Agent3_Epoch19": 0.006525754928588867, "Agent4_Epoch19": 0.006506085395812988, "Agent0_Epoch20": 0.00576704740524292, "Agent1_Epoch20": 0.006504535675048828, "Agent2_Epoch20": 0.006529271602630615, "Agent3_Epoch20": 0.006545901298522949, "Agent4_Epoch20": 0.006529331207275391, "Agent0_Epoch21": 0.005789697170257568, "Agent1_Epoch21": 0.0065285563468933105, "Agent2_Epoch21": 0.006548166275024414, "Agent3_Epoch21": 0.006577610969543457, "Agent4_Epoch21": 0.006556987762451172, "Agent0_Epoch22": 0.0058065056800842285, "Agent1_Epoch22": 0.006546378135681152, "Agent2_Epoch22": 0.006555676460266113, "Agent3_Epoch22": 0.006594240665435791, "Agent4_Epoch22": 0.0065653324127197266, "Agent0_Epoch23": 0.005815386772155762, "Agent1_Epoch23": 0.0065558552742004395, "Agent2_Epoch23": 0.0065808892250061035, "Agent3_Epoch23": 0.006591737270355225, "Agent4_Epoch23": 0.006572365760803223, "Agent0_Epoch24": 0.005822360515594482, "Agent1_Epoch24": 0.0065631866455078125, "Agent2_Epoch24": 0.006578505039215088, "Agent3_Epoch24": 0.006584465503692627, "Agent4_Epoch24": 0.006579458713531494, "Agent0_Epoch25": 0.005829572677612305, "Agent1_Epoch25": 0.006571054458618164, "Agent2_Epoch25": 0.006582498550415039, "Agent3_Epoch25": 0.006584882736206055, "Agent4_Epoch25": 0.006580829620361328, "Agent0_Epoch26": 0.005835771560668945, "Agent1_Epoch26": 0.006577670574188232, "Agent2_Epoch26": 0.006580531597137451, "Agent3_Epoch26": 0.00658947229385376, "Agent4_Epoch26": 0.0065808892250061035, "Agent0_Epoch27": 0.005837380886077881, "Agent1_Epoch27": 0.006579458713531494, "Agent2_Epoch27": 0.006584823131561279, "Agent3_Epoch27": 0.006591975688934326, "Agent4_Epoch27": 0.006584882736206055, "Agent0_Epoch28": 0.005839884281158447, "Agent1_Epoch28": 0.0065822601318359375, "Agent2_Epoch28": 0.006587505340576172, "Agent3_Epoch28": 0.00658947229385376, "Agent4_Epoch28": 0.006587386131286621, "Agent0_Epoch29": 0.0058411359786987305, "Agent1_Epoch29": 0.006583452224731445, "Agent2_Epoch29": 0.006588339805603027, "Agent3_Epoch29": 0.006590723991394043, "Agent4_Epoch29": 0.006588160991668701, "Agent0_Epoch30": 0.00584334135055542, "Agent1_Epoch30": 0.006585896015167236, "Agent2_Epoch30": 0.006587088108062744, "Agent3_Epoch30": 0.006588339805603027, "Agent4_Epoch30": 0.006587684154510498, "Agent0_Epoch31": 0.0058441162109375, "Agent1_Epoch31": 0.006586790084838867, "Agent2_Epoch31": 0.006587982177734375, "Agent3_Epoch31": 0.006589353084564209, "Agent4_Epoch31": 0.0065871477127075195, "Agent0_Epoch32": 0.0058449506759643555, "Agent1_Epoch32": 0.0065874457359313965, "Agent2_Epoch32": 0.006588101387023926, "Agent3_Epoch32": 0.006589293479919434, "Agent4_Epoch32": 0.006587386131286621, "Agent0_Epoch33": 0.005845189094543457, "Agent1_Epoch33": 0.006587862968444824, "Agent2_Epoch33": 0.006588280200958252, "Agent3_Epoch33": 0.006588876247406006, "Agent4_Epoch33": 0.00658804178237915, "Agent0_Epoch34": 0.005845487117767334, "Agent1_Epoch34": 0.006588160991668701, "Agent2_Epoch34": 0.006588459014892578, "Agent3_Epoch34": 0.006588995456695557, "Agent4_Epoch34": 0.00658869743347168, "Agent0_Epoch35": 0.00584566593170166, "Agent1_Epoch35": 0.006588459014892578, "Agent2_Epoch35": 0.006588757038116455, "Agent3_Epoch35": 0.006589055061340332, "Agent4_Epoch35": 0.006588578224182129, "Agent0_Epoch36": 0.0058457255363464355, "Agent1_Epoch36": 0.006588459014892578, "Agent2_Epoch36": 0.006588459014892578, "Agent3_Epoch36": 0.00658869743347168, "Agent4_Epoch36": 0.006588459014892578, "Agent0_Epoch37": 0.005845844745635986, "Agent1_Epoch37": 0.006588578224182129, "Agent2_Epoch37": 0.006588578224182129, "Agent3_Epoch37": 0.006588757038116455, "Agent4_Epoch37": 0.006588757038116455, "Agent0_Epoch38": 0.005845963954925537, "Agent1_Epoch38": 0.006588637828826904, "Agent2_Epoch38": 0.006588757038116455, "Agent3_Epoch38": 0.006588876247406006, "Agent4_Epoch38": 0.006588757038116455, "Agent0_Epoch39": 0.005845963954925537, "Agent1_Epoch39": 0.006588637828826904, "Agent2_Epoch39": 0.006588757038116455, "Agent3_Epoch39": 0.006588757038116455, "Agent4_Epoch39": 0.006588757038116455, "Agent0_Epoch40": 0.005845963954925537, "Agent1_Epoch40": 0.006588637828826904, "Agent2_Epoch40": 0.006588637828826904, "Agent3_Epoch40": 0.006588876247406006, "Agent4_Epoch40": 0.006588637828826904, "Agent0_Epoch41": 0.005845963954925537,