{"Agent0_Epoch1": 0.3145279884338379, "Agent1_Epoch1": 0.2677273154258728, "Agent2_Epoch1": 0.9963385462760925, "Agent3_Epoch1": 0.9971051812171936, "Agent4_Epoch1": 0.999466598033905, "Agent0_Epoch2": 0.09475618600845337, "Agent1_Epoch2": 0.2859036326408386, "Agent2_Epoch2": 0.3272092342376709, "Agent3_Epoch2": 0.3158213496208191, "Agent4_Epoch2": 0.3551371097564697, "Agent0_Epoch3": 0.06554943323135376, "Agent1_Epoch3": 0.17166799306869507, "Agent2_Epoch3": 0.17982912063598633, "Agent3_Epoch3": 0.16820162534713745, "Agent4_Epoch3": 0.18934381008148193, "Agent0_Epoch4": 0.04615175724029541, "Agent1_Epoch4": 0.10312694311141968, "Agent2_Epoch4": 0.10701632499694824, "Agent3_Epoch4": 0.10276663303375244, "Agent4_Epoch4": 0.11218374967575073, "Agent0_Epoch5": 0.032875657081604004, "Agent1_Epoch5": 0.0640304684638977, "Agent2_Epoch5": 0.06593739986419678, "Agent3_Epoch5": 0.06333935260772705, "Agent4_Epoch5": 0.06983363628387451, "Agent0_Epoch6": 0.024048686027526855, "Agent1_Epoch6": 0.04140961170196533, "Agent2_Epoch6": 0.042241454124450684, "Agent3_Epoch6": 0.04018014669418335, "Agent4_Epoch6": 0.04475212097167969, "Agent0_Epoch7": 0.017892181873321533, "Agent1_Epoch7": 0.02782917022705078, "Agent2_Epoch7": 0.027879655361175537, "Agent3_Epoch7": 0.02626270055770874, "Agent4_Epoch7": 0.029736757278442383, "Agent0_Epoch8": 0.013512611389160156, "Agent1_Epoch8": 0.01933896541595459, "Agent2_Epoch8": 0.019747138023376465, "Agent3_Epoch8": 0.018229186534881592, "Agent4_Epoch8": 0.021537423133850098, "Agent0_Epoch9": 0.010558605194091797, "Agent1_Epoch9": 0.014150798320770264, "Agent2_Epoch9": 0.014394402503967285, "Agent3_Epoch9": 0.013574481010437012, "Agent4_Epoch9": 0.015439867973327637, "Agent0_Epoch10": 0.00844120979309082, "Agent1_Epoch10": 0.010722339153289795, "Agent2_Epoch10": 0.011060595512390137, "Agent3_Epoch10": 0.010614514350891113, "Agent4_Epoch10": 0.01193934679031372, "Agent0_Epoch11": 0.009043514728546143, "Agent1_Epoch11": 0.01141291856765747, "Agent2_Epoch11": 0.011464238166809082, "Agent3_Epoch11": 0.011276662349700928, "Agent4_Epoch11": 0.012200117111206055, "Agent0_Epoch12": 0.009386837482452393, "Agent1_Epoch12": 0.011802911758422852, "Agent2_Epoch12": 0.012101948261260986, "Agent3_Epoch12": 0.011938154697418213, "Agent4_Epoch12": 0.012563943862915039, "Agent0_Epoch13": 0.009649336338043213, "Agent1_Epoch13": 0.01209867000579834, "Agent2_Epoch13": 0.012226760387420654, "Agent3_Epoch13": 0.012203812599182129, "Agent4_Epoch13": 0.012757062911987305, "Agent0_Epoch14": 0.009842872619628906, "Agent1_Epoch14": 0.012316882610321045, "Agent2_Epoch14": 0.012461662292480469, "Agent3_Epoch14": 0.012417316436767578, "Agent4_Epoch14": 0.012808442115783691, "Agent0_Epoch15": 0.009981215000152588, "Agent1_Epoch15": 0.012473702430725098, "Agent2_Epoch15": 0.012577533721923828, "Agent3_Epoch15": 0.01256340742111206, "Agent4_Epoch15": 0.012922704219818115, "Agent0_Epoch16": 0.010046720504760742, "Agent1_Epoch16": 0.012545168399810791, "Agent2_Epoch16": 0.012718915939331055, "Agent3_Epoch16": 0.012682914733886719, "Agent4_Epoch16": 0.013006865978240967, "Agent0_Epoch17": 0.01011347770690918, "Agent1_Epoch17": 0.012621819972991943, "Agent2_Epoch17": 0.012757480144500732, "Agent3_Epoch17": 0.01273345947265625, "Agent4_Epoch17": 0.013028919696807861, "Agent0_Epoch18": 0.010154128074645996, "Agent1_Epoch18": 0.012666940689086914, "Agent2_Epoch18": 0.01280587911605835, "Agent3_Epoch18": 0.012821316719055176, "Agent4_Epoch18": 0.013034224510192871, "Agent0_Epoch19": 0.0101889967918396, "Agent1_Epoch19": 0.012706756591796875, "Agent2_Epoch19": 0.012842178344726562, "Agent3_Epoch19": 0.012823820114135742, "Agent4_Epoch19": 0.013013899326324463, "Agent0_Epoch20": 0.010217607021331787, "Agent1_Epoch20": 0.012739777565002441, "Agent2_Epoch20": 0.012851536273956299, "Agent3_Epoch20": 0.012835025787353516, "Agent4_Epoch20": 0.013005077838897705, "Agent0_Epoch21": 0.010246634483337402, "Agent1_Epoch21": 0.012774169445037842, "Agent2_Epoch21": 0.012836337089538574, "Agent3_Epoch21": 0.012851536273956299, "Agent4_Epoch21": 0.012948453426361084, "Agent0_Epoch22": 0.010259866714477539, "Agent1_Epoch22": 0.01278918981552124, "Agent2_Epoch22": 0.012843072414398193, "Agent3_Epoch22": 0.012853026390075684, "Agent4_Epoch22": 0.01295459270477295, "Agent0_Epoch23": 0.010272562503814697, "Agent1_Epoch23": 0.012804210186004639, "Agent2_Epoch23": 0.012858092784881592, "Agent3_Epoch23": 0.012859761714935303, "Agent4_Epoch23": 0.012926757335662842, "Agent0_Epoch24": 0.01028430461883545, "Agent1_Epoch24": 0.01281827688217163, "Agent2_Epoch24": 0.01285010576248169, "Agent3_Epoch24": 0.012858390808105469, "Agent4_Epoch24": 0.012903571128845215, "Agent0_Epoch25": 0.010291755199432373, "Agent1_Epoch25": 0.012827277183532715, "Agent2_Epoch25": 0.01285320520401001, "Agent3_Epoch25": 0.012859523296356201, "Agent4_Epoch25": 0.01289600133895874, "Agent0_Epoch26": 0.010298430919647217, "Agent1_Epoch26": 0.012835025787353516, "Agent2_Epoch26": 0.012856543064117432, "Agent3_Epoch26": 0.012858092784881592, "Agent4_Epoch26": 0.012878954410552979, "Agent0_Epoch27": 0.010303020477294922, "Agent1_Epoch27": 0.012840569019317627, "Agent2_Epoch27": 0.012853741645812988, "Agent3_Epoch27": 0.01285463571548462, "Agent4_Epoch27": 0.012875199317932129, "Agent0_Epoch28": 0.010306775569915771, "Agent1_Epoch28": 0.012845039367675781, "Agent2_Epoch28": 0.012852251529693604, "Agent3_Epoch28": 0.012854278087615967, "Agent4_Epoch28": 0.012865185737609863, "Agent0_Epoch29": 0.010308265686035156, "Agent1_Epoch29": 0.012846887111663818, "Agent2_Epoch29": 0.012853384017944336, "Agent3_Epoch29": 0.012853503227233887, "Agent4_Epoch29": 0.01286393404006958, "Agent0_Epoch30": 0.010309994220733643, "Agent1_Epoch30": 0.012849032878875732, "Agent2_Epoch30": 0.012853264808654785, "Agent3_Epoch30": 0.012853741645812988, "Agent4_Epoch30": 0.012860357761383057, "Agent0_Epoch31": 0.010311007499694824, "Agent1_Epoch31": 0.012850344181060791, "Agent2_Epoch31": 0.012853443622589111, "Agent3_Epoch31": 0.012853384017944336, "Agent4_Epoch31": 0.012858211994171143, "Agent0_Epoch32": 0.010311663150787354, "Agent1_Epoch32": 0.01285099983215332, "Agent2_Epoch32": 0.01285320520401001, "Agent3_Epoch32": 0.012853801250457764, "Agent4_Epoch32": 0.012857317924499512, "Agent0_Epoch33": 0.010312378406524658, "Agent1_Epoch33": 0.0128517746925354, "Agent2_Epoch33": 0.012853443622589111, "Agent3_Epoch33": 0.012853443622589111, "Agent4_Epoch33": 0.012855768203735352, "Agent0_Epoch34": 0.010312795639038086, "Agent1_Epoch34": 0.012852191925048828, "Agent2_Epoch34": 0.01285332441329956, "Agent3_Epoch34": 0.012853682041168213, "Agent4_Epoch34": 0.012855112552642822, "Agent0_Epoch35": 0.010312974452972412, "Agent1_Epoch35": 0.012852668762207031, "Agent2_Epoch35": 0.01285332441329956, "Agent3_Epoch35": 0.01285332441329956, "Agent4_Epoch35": 0.01285463571548462, "Agent0_Epoch36": 0.010313153266906738, "Agent1_Epoch36": 0.012852787971496582, "Agent2_Epoch36": 0.012853085994720459, "Agent3_Epoch36": 0.01285320520401001, "Agent4_Epoch36": 0.01285409927368164, "Agent0_Epoch37": 0.010313272476196289, "Agent1_Epoch37": 0.012852847576141357, "Agent2_Epoch37": 0.01285332441329956, "Agent3_Epoch37": 0.01285332441329956, "Agent4_Epoch37": 0.012853741645812988, "Agent0_Epoch38": 0.01031339168548584, "Agent1_Epoch38": 0.012853085994720459, "Agent2_Epoch38": 0.01285332441329956, "Agent3_Epoch38": 0.01285332441329956, "Agent4_Epoch38": 0.012853622436523438, "Agent0_Epoch39": 0.010313570499420166, "Agent1_Epoch39": 0.012853085994720459, "Agent2_Epoch39": 0.01285320520401001, "Agent3_Epoch39": 0.01285320520401001, "Agent4_Epoch39": 0.012853503227233887, "Agent0_Epoch40": 0.010313570499420166, "Agent1_Epoch40": 0.01285320520401001, "Agent2_Epoch40": 0.01285332441329956, "Agent3_Epoch40": 0.01285332441329956, "Agent4_Epoch40": 0.012853503227233887, "Agent0_Epoch41": 0.010313570499420166, "Agent1_Epoch41": 0.01285332441329956, "Agent2_Epoch41": 0.01285332441329956,