{"E1_agent0_norm": 2.6257803440093994, "E1_agent1_norm": 3.9886724948883057, "E1_agent2_norm": 4.041449546813965, "E1_agent3_norm": 3.609762668609619, "E1_agent4_norm": 4.383934497833252, "E2_agent0_norm": 2.4233245849609375, "E2_agent1_norm": 2.199610948562622, "E2_agent2_norm": 2.1353204250335693, "E2_agent3_norm": 2.0017454624176025, "E2_agent4_norm": 2.590031385421753, "E3_agent0_norm": 1.3625074625015259, "E3_agent1_norm": 1.0142697095870972, "E3_agent2_norm": 1.0309914350509644, "E3_agent3_norm": 1.0642825365066528, "E3_agent4_norm": 1.2265934944152832, "E4_agent0_norm": 0.8775972723960876, "E4_agent1_norm": 0.7279868125915527, "E4_agent2_norm": 0.7212809920310974, "E4_agent3_norm": 0.6776539087295532, "E4_agent4_norm": 0.7840348482131958, "E5_agent0_norm": 0.6527915000915527, "E5_agent1_norm": 0.5249250531196594, "E5_agent2_norm": 0.5125950574874878, "E5_agent3_norm": 0.4742399752140045, "E5_agent4_norm": 0.5602948665618896, "E6_agent0_norm": 0.5231544375419617, "E6_agent1_norm": 0.38336336612701416, "E6_agent2_norm": 0.38657858967781067, "E6_agent3_norm": 0.37150153517723083, "E6_agent4_norm": 0.44489586353302, "E7_agent0_norm": 0.4420352280139923, "E7_agent1_norm": 0.3050590455532074, "E7_agent2_norm": 0.2949926257133484, "E7_agent3_norm": 0.30829140543937683, "E7_agent4_norm": 0.3734009861946106, "E8_agent0_norm": 0.41942915320396423, "E8_agent1_norm": 0.24845406413078308, "E8_agent2_norm": 0.2455303817987442, "E8_agent3_norm": 0.2259887009859085, "E8_agent4_norm": 0.29801318049430847, "E9_agent0_norm": 0.39276501536369324, "E9_agent1_norm": 0.19137300550937653, "E9_agent2_norm": 0.19226673245429993, "E9_agent3_norm": 0.19517135620117188, "E9_agent4_norm": 0.24583135545253754, "E10_agent0_norm": 0.3771166205406189, "E10_agent1_norm": 0.1604633331298828, "E10_agent2_norm": 0.1648181974887848, "E10_agent3_norm": 0.15673978626728058, "E10_agent4_norm": 0.1967558115720749, "E11_agent0_norm": 0.13201071321964264, "E11_agent1_norm": 0.11851199716329575, "E11_agent2_norm": 0.11028940975666046, "E11_agent3_norm": 0.09984505921602249, "E11_agent4_norm": 0.12923353910446167, "E12_agent0_norm": 0.08841884881258011, "E12_agent1_norm": 0.08806630969047546, "E12_agent2_norm": 0.07364115864038467, "E12_agent3_norm": 0.06954452395439148, "E12_agent4_norm": 0.08770439028739929, "E13_agent0_norm": 0.05834418907761574, "E13_agent1_norm": 0.06476278603076935, "E13_agent2_norm": 0.05020499601960182, "E13_agent3_norm": 0.055687665939331055, "E13_agent4_norm": 0.06910993903875351, "E14_agent0_norm": 0.04129766300320625, "E14_agent1_norm": 0.048322644084692, "E14_agent2_norm": 0.03966555371880531, "E14_agent3_norm": 0.03929142281413078, "E14_agent4_norm": 0.04974208027124405, "E15_agent0_norm": 0.026293279603123665, "E15_agent1_norm": 0.03732294961810112, "E15_agent2_norm": 0.02597494050860405, "E15_agent3_norm": 0.02458946220576763, "E15_agent4_norm": 0.039636172354221344, "E16_agent0_norm": 0.019393790513277054, "E16_agent1_norm": 0.03596410155296326, "E16_agent2_norm": 0.01897078938782215, "E16_agent3_norm": 0.018447428941726685, "E16_agent4_norm": 0.03387868404388428, "E17_agent0_norm": 0.01351186167448759, "E17_agent1_norm": 0.02859414741396904, "E17_agent2_norm": 0.014554128050804138, "E17_agent3_norm": 0.01434022281318903, "E17_agent4_norm": 0.030748093500733376, "E18_agent0_norm": 0.011021929793059826, "E18_agent1_norm": 0.02588772214949131, "E18_agent2_norm": 0.012744496576488018, "E18_agent3_norm": 0.012198979035019875, "E18_agent4_norm": 0.027401475235819817, "E19_agent0_norm": 0.007492206525057554, "E19_agent1_norm": 0.02165038324892521, "E19_agent2_norm": 0.00779696274548769, "E19_agent3_norm": 0.00867700669914484, "E19_agent4_norm": 0.021330179646611214, "E20_agent0_norm": 0.004954744596034288, "E20_agent1_norm": 0.01746373437345028, "E20_agent2_norm": 0.005107082426548004, "E20_agent3_norm": 0.00554686551913619, "E20_agent4_norm": 0.018568936735391617, "E21_agent0_norm": 0.0037358489353209734, "E21_agent1_norm": 0.011823072098195553, "E21_agent2_norm": 0.0048013608902692795, "E21_agent3_norm": 0.004144816193729639, "E21_agent4_norm": 0.012470025569200516, "E22_agent0_norm": 0.002896576188504696, "E22_agent1_norm": 0.010126817040145397, "E22_agent2_norm": 0.003838183591142297, "E22_agent3_norm": 0.0030691316351294518, "E22_agent4_norm": 0.012857591733336449, "E23_agent0_norm": 0.0020323609933257103, "E23_agent1_norm": 0.008281725458800793, "E23_agent2_norm": 0.0023841557558625937, "E23_agent3_norm": 0.00243780086748302, "E23_agent4_norm": 0.008428813889622688, "E24_agent0_norm": 0.001457579550333321, "E24_agent1_norm": 0.005805100779980421, "E24_agent2_norm": 0.0019897669553756714, "E24_agent3_norm": 0.001668308163061738, "E24_agent4_norm": 0.006374080665409565, "E25_agent0_norm": 0.0011239501181989908, "E25_agent1_norm": 0.004399038385599852, "E25_agent2_norm": 0.0014022623654454947, "E25_agent3_norm": 0.0014258779119700193, "E25_agent4_norm": 0.005112810526043177, "E26_agent0_norm": 0.0006892042001709342, "E26_agent1_norm": 0.003275845432654023, "E26_agent2_norm": 0.0006414562230929732, "E26_agent3_norm": 0.0007015376468189061, "E26_agent4_norm": 0.0028793460223823786, "E27_agent0_norm": 0.0004991301102563739, "E27_agent1_norm": 0.0021416370291262865, "E27_agent2_norm": 0.0006356556550599635, "E27_agent3_norm": 0.0005811841692775488, "E27_agent4_norm": 0.0025801563169807196, "E28_agent0_norm": 0.00038106777356006205, "E28_agent1_norm": 0.001422818168066442, "E28_agent2_norm": 0.0005415650084614754, "E28_agent3_norm": 0.0004738826828543097, "E28_agent4_norm": 0.0014879279769957066, "E29_agent0_norm": 0.0002437241782899946, "E29_agent1_norm": 0.0010288279736414552, "E29_agent2_norm": 0.00033305538818240166, "E29_agent3_norm": 0.000303653854643926, "E29_agent4_norm": 0.0013272950891405344, "E30_agent0_norm": 0.00018793674826156348, "E30_agent1_norm": 0.0006984598003327847, "E30_agent2_norm": 0.000260050903307274, "E30_agent3_norm": 0.00023160772980190814, "E30_agent4_norm": 0.0008571519865654409, "E31_agent0_norm": 9.8718490335159e-05, "E31_agent1_norm": 0.0004902439541183412, "E31_agent2_norm": 0.0001125227427110076, "E31_agent3_norm": 0.00011586659820750356, "E31_agent4_norm": 0.0006253844476304948, "E32_agent0_norm": 9.482597670285031e-05, "E32_agent1_norm": 0.0003887595084961504, "E32_agent2_norm": 0.00012265918485354632, "E32_agent3_norm": 0.00011466897558420897, "E32_agent4_norm": 0.000495171349029988, "E33_agent0_norm": 5.842981408932246e-05, "E33_agent1_norm": 0.0002477526431903243, "E33_agent2_norm": 6.722538819303736e-05, "E33_agent3_norm": 5.964248703094199e-05, "E33_agent4_norm": 0.00030403240816667676, "E34_agent0_norm": 4.2916202801279724e-05, "E34_agent1_norm": 0.00018501646991353482, "E34_agent2_norm": 6.310801836661994e-05, "E34_agent3_norm": 5.189374496694654e-05, "E34_agent4_norm": 0.00020412889716681093, "E35_agent0_norm": 2.7985395718133077e-05, "E35_agent1_norm": 0.00011779803753597662, "E35_agent2_norm": 4.116125637665391e-05, "E35_agent3_norm": 3.270042361691594e-05, "E35_agent4_norm": 0.00015145805082283914, "E36_agent0_norm": 2.463094460836146e-05, "E36_agent1_norm": 8.060720574576408e-05, "E36_agent2_norm": 3.8235029933275655e-05, "E36_agent3_norm": 2.9330778488656506e-05, "E36_agent4_norm": 0.00011284315405646339, "E37_agent0_norm": 1.2786975275957957e-05, "E37_agent1_norm": 5.658397640218027e-05, "E37_agent2_norm": 1.6743770174798556e-05, "E37_agent3_norm": 1.3695566849492025e-05, "E37_agent4_norm": 7.048222323646769e-05, "E38_agent0_norm": 9.310651876148768e-06, "E38_agent1_norm": 4.384692874737084e-05, "E38_agent2_norm": 1.2269796570762992e-05, "E38_agent3_norm": 1.052494189934805e-05, "E38_agent4_norm": 3.957297303713858e-05, "E39_agent0_norm": 8.084096407401375e-06, "E39_agent1_norm": 2.8611231755348854e-05, "E39_agent2_norm": 1.0958080565615091e-05, "E39_agent3_norm": 9.73113037616713e-06, "E39_agent4_norm": 3.433415258768946e-05, "E40_agent0_norm": 5.09108349433518e-06, "E40_agent1_norm": 2.339782986382488e-05,