{"Agent0_Epoch1": 0.31610506772994995, "Agent1_Epoch1": 0.27161717414855957, "Agent2_Epoch1": 0.9924343228340149, "Agent3_Epoch1": 0.9918714761734009, "Agent4_Epoch1": 0.9906680583953857, "Agent0_Epoch2": 0.09695577621459961, "Agent1_Epoch2": 0.28893113136291504, "Agent2_Epoch2": 0.32294726371765137, "Agent3_Epoch2": 0.311321496963501, "Agent4_Epoch2": 0.34164172410964966, "Agent0_Epoch3": 0.06537598371505737, "Agent1_Epoch3": 0.17213934659957886, "Agent2_Epoch3": 0.17895376682281494, "Agent3_Epoch3": 0.1703784465789795, "Agent4_Epoch3": 0.18415194749832153, "Agent0_Epoch4": 0.045530736446380615, "Agent1_Epoch4": 0.10274606943130493, "Agent2_Epoch4": 0.10490906238555908, "Agent3_Epoch4": 0.09825253486633301, "Agent4_Epoch4": 0.11146116256713867, "Agent0_Epoch5": 0.03218883275985718, "Agent1_Epoch5": 0.06292247772216797, "Agent2_Epoch5": 0.06470537185668945, "Agent3_Epoch5": 0.0616837739944458, "Agent4_Epoch5": 0.06799912452697754, "Agent0_Epoch6": 0.023453176021575928, "Agent1_Epoch6": 0.04036158323287964, "Agent2_Epoch6": 0.0415768027305603, "Agent3_Epoch6": 0.03817492723464966, "Agent4_Epoch6": 0.04259312152862549, "Agent0_Epoch7": 0.01767551898956299, "Agent1_Epoch7": 0.027428805828094482, "Agent2_Epoch7": 0.027396738529205322, "Agent3_Epoch7": 0.025736570358276367, "Agent4_Epoch7": 0.030108928680419922, "Agent0_Epoch8": 0.013459086418151855, "Agent1_Epoch8": 0.01918661594390869, "Agent2_Epoch8": 0.01971226930618286, "Agent3_Epoch8": 0.018034636974334717, "Agent4_Epoch8": 0.02144908905029297, "Agent0_Epoch9": 0.010583281517028809, "Agent1_Epoch9": 0.014086604118347168, "Agent2_Epoch9": 0.014002501964569092, "Agent3_Epoch9": 0.013177573680877686, "Agent4_Epoch9": 0.015064001083374023, "Agent0_Epoch10": 0.008437633514404297, "Agent1_Epoch10": 0.010641098022460938, "Agent2_Epoch10": 0.010431170463562012, "Agent3_Epoch10": 0.010046958923339844, "Agent4_Epoch10": 0.011390328407287598, "Agent0_Epoch11": 0.006963193416595459, "Agent1_Epoch11": 0.00840848684310913, "Agent2_Epoch11": 0.008115708827972412, "Agent3_Epoch11": 0.007516622543334961, "Agent4_Epoch11": 0.008803129196166992, "Agent0_Epoch12": 0.005791902542114258, "Agent1_Epoch12": 0.006761074066162109, "Agent2_Epoch12": 0.00653839111328125, "Agent3_Epoch12": 0.006191611289978027, "Agent4_Epoch12": 0.006931602954864502, "Agent0_Epoch13": 0.006190359592437744, "Agent1_Epoch13": 0.007197260856628418, "Agent2_Epoch13": 0.007020473480224609, "Agent3_Epoch13": 0.006614089012145996, "Agent4_Epoch13": 0.007408618927001953, "Agent0_Epoch14": 0.006436347961425781, "Agent1_Epoch14": 0.007464170455932617, "Agent2_Epoch14": 0.0073394775390625, "Agent3_Epoch14": 0.007039487361907959, "Agent4_Epoch14": 0.007731914520263672, "Agent0_Epoch15": 0.0065724849700927734, "Agent1_Epoch15": 0.007610023021697998, "Agent2_Epoch15": 0.007434189319610596, "Agent3_Epoch15": 0.007323741912841797, "Agent4_Epoch15": 0.0077893733978271484, "Agent0_Epoch16": 0.006703495979309082, "Agent1_Epoch16": 0.007752418518066406, "Agent2_Epoch16": 0.007562816143035889, "Agent3_Epoch16": 0.007483482360839844, "Agent4_Epoch16": 0.007840752601623535, "Agent0_Epoch17": 0.006756126880645752, "Agent1_Epoch17": 0.007807374000549316, "Agent2_Epoch17": 0.0076754093170166016, "Agent3_Epoch17": 0.007679283618927002, "Agent4_Epoch17": 0.007899880409240723, "Agent0_Epoch18": 0.006827294826507568, "Agent1_Epoch18": 0.007885336875915527, "Agent2_Epoch18": 0.007704019546508789, "Agent3_Epoch18": 0.007679164409637451, "Agent4_Epoch18": 0.007894515991210938, "Agent0_Epoch19": 0.006852209568023682, "Agent1_Epoch19": 0.007911145687103271, "Agent2_Epoch19": 0.007748305797576904, "Agent3_Epoch19": 0.007767081260681152, "Agent4_Epoch19": 0.007951021194458008, "Agent0_Epoch20": 0.006880640983581543, "Agent1_Epoch20": 0.007941901683807373, "Agent2_Epoch20": 0.007803678512573242, "Agent3_Epoch20": 0.007820963859558105, "Agent4_Epoch20": 0.007936358451843262, "Agent0_Epoch21": 0.006884872913360596, "Agent1_Epoch21": 0.007945656776428223, "Agent2_Epoch21": 0.007850110530853271, "Agent3_Epoch21": 0.007874369621276855, "Agent4_Epoch21": 0.00797492265701294, "Agent0_Epoch22": 0.0068888068199157715, "Agent1_Epoch22": 0.00794917345046997, "Agent2_Epoch22": 0.007883906364440918, "Agent3_Epoch22": 0.007910370826721191, "Agent4_Epoch22": 0.007988929748535156, "Agent0_Epoch23": 0.006902933120727539, "Agent1_Epoch23": 0.007964551448822021, "Agent2_Epoch23": 0.007899284362792969, "Agent3_Epoch23": 0.007920026779174805, "Agent4_Epoch23": 0.007971405982971191, "Agent0_Epoch24": 0.0069037675857543945, "Agent1_Epoch24": 0.007965028285980225, "Agent2_Epoch24": 0.007918715476989746, "Agent3_Epoch24": 0.007935702800750732, "Agent4_Epoch24": 0.007978439331054688, "Agent0_Epoch25": 0.00690537691116333, "Agent1_Epoch25": 0.00796651840209961, "Agent2_Epoch25": 0.007931828498840332, "Agent3_Epoch25": 0.007945895195007324, "Agent4_Epoch25": 0.007984459400177002, "Agent0_Epoch26": 0.006907165050506592, "Agent1_Epoch26": 0.007968425750732422, "Agent2_Epoch26": 0.007946908473968506, "Agent3_Epoch26": 0.007950246334075928, "Agent4_Epoch26": 0.00797492265701294, "Agent0_Epoch27": 0.006907761096954346, "Agent1_Epoch27": 0.007969141006469727, "Agent2_Epoch27": 0.007953822612762451, "Agent3_Epoch27": 0.0079573392868042, "Agent4_Epoch27": 0.007976055145263672, "Agent0_Epoch28": 0.006908237934112549, "Agent1_Epoch28": 0.00796961784362793, "Agent2_Epoch28": 0.007959485054016113, "Agent3_Epoch28": 0.007962822914123535, "Agent4_Epoch28": 0.00797504186630249, "Agent0_Epoch29": 0.006909489631652832, "Agent1_Epoch29": 0.007970690727233887, "Agent2_Epoch29": 0.00796210765838623, "Agent3_Epoch29": 0.007964491844177246, "Agent4_Epoch29": 0.0079728364944458, "Agent0_Epoch30": 0.006909787654876709, "Agent1_Epoch30": 0.007970929145812988, "Agent2_Epoch30": 0.007965564727783203, "Agent3_Epoch30": 0.007967054843902588, "Agent4_Epoch30": 0.007972419261932373, "Agent0_Epoch31": 0.0069100260734558105, "Agent1_Epoch31": 0.007971346378326416, "Agent2_Epoch31": 0.007967233657836914, "Agent3_Epoch31": 0.007967710494995117, "Agent4_Epoch31": 0.00797194242477417, "Agent0_Epoch32": 0.006909966468811035, "Agent1_Epoch32": 0.007971107959747314, "Agent2_Epoch32": 0.007968544960021973, "Agent3_Epoch32": 0.007969379425048828, "Agent4_Epoch32": 0.007972776889801025, "Agent0_Epoch33": 0.0069103240966796875, "Agent1_Epoch33": 0.007971525192260742, "Agent2_Epoch33": 0.007969141006469727, "Agent3_Epoch33": 0.007969856262207031, "Agent4_Epoch33": 0.00797194242477417, "Agent0_Epoch34": 0.006910204887390137, "Agent1_Epoch34": 0.00797128677368164, "Agent2_Epoch34": 0.007970035076141357, "Agent3_Epoch34": 0.007970452308654785, "Agent4_Epoch34": 0.00797182321548462, "Agent0_Epoch35": 0.006910204887390137, "Agent1_Epoch35": 0.007971584796905518, "Agent2_Epoch35": 0.00797039270401001, "Agent3_Epoch35": 0.007970690727233887, "Agent4_Epoch35": 0.007971882820129395, "Agent0_Epoch36": 0.0069103240966796875, "Agent1_Epoch36": 0.007971405982971191, "Agent2_Epoch36": 0.007970690727233887, "Agent3_Epoch36": 0.007971107959747314, "Agent4_Epoch36": 0.007971704006195068, "Agent0_Epoch37": 0.006910204887390137, "Agent1_Epoch37": 0.007971584796905518, "Agent2_Epoch37": 0.007970869541168213, "Agent3_Epoch37": 0.00797116756439209, "Agent4_Epoch37": 0.00797182321548462, "Agent0_Epoch38": 0.0069103240966796875, "Agent1_Epoch38": 0.007971465587615967, "Agent2_Epoch38": 0.007971107959747314, "Agent3_Epoch38": 0.007971405982971191, "Agent4_Epoch38": 0.007971584796905518, "Agent0_Epoch39": 0.0069103240966796875, "Agent1_Epoch39": 0.007971584796905518, "Agent2_Epoch39": 0.00797128677368164, "Agent3_Epoch39": 0.007971465587615967, "Agent4_Epoch39": 0.00797182321548462, "Agent0_Epoch40": 0.0069103240966796875, "Agent1_Epoch40": 0.007971584796905518, "Agent2_Epoch40": 0.007971405982971191, "Agent3_Epoch40": 0.007971584796905518, "Agent4_Epoch40": 0.007971584796905518, "Agent0_Epoch41": 0.0069103240966796875, "Agent1_Epoch41": 0.007971704006195068,