{"E1_agent0_norm": 2.558668851852417, "E1_agent1_norm": 4.002180099487305, "E1_agent2_norm": 3.894852876663208, "E1_agent3_norm": 3.742035150527954, "E1_agent4_norm": 4.2796735763549805, "E2_agent0_norm": 2.404984474182129, "E2_agent1_norm": 2.093611478805542, "E2_agent2_norm": 1.918463110923767, "E2_agent3_norm": 1.803372859954834, "E2_agent4_norm": 2.274808168411255, "E3_agent0_norm": 1.2681447267532349, "E3_agent1_norm": 0.99616539478302, "E3_agent2_norm": 0.9874587655067444, "E3_agent3_norm": 0.9852297306060791, "E3_agent4_norm": 1.0825047492980957, "E4_agent0_norm": 0.8427634239196777, "E4_agent1_norm": 0.6923980712890625, "E4_agent2_norm": 0.7084667086601257, "E4_agent3_norm": 0.6728231906890869, "E4_agent4_norm": 0.8481316566467285, "E5_agent0_norm": 0.636773407459259, "E5_agent1_norm": 0.5112072229385376, "E5_agent2_norm": 0.49860522150993347, "E5_agent3_norm": 0.49864593148231506, "E5_agent4_norm": 0.5891981720924377, "E6_agent0_norm": 0.502036988735199, "E6_agent1_norm": 0.4012289345264435, "E6_agent2_norm": 0.37570080161094666, "E6_agent3_norm": 0.34491682052612305, "E6_agent4_norm": 0.39455297589302063, "E7_agent0_norm": 0.48063138127326965, "E7_agent1_norm": 0.3077022433280945, "E7_agent2_norm": 0.2886927127838135, "E7_agent3_norm": 0.28694838285446167, "E7_agent4_norm": 0.3499636650085449, "E8_agent0_norm": 0.4164994955062866, "E8_agent1_norm": 0.24393951892852783, "E8_agent2_norm": 0.23026277124881744, "E8_agent3_norm": 0.22309942543506622, "E8_agent4_norm": 0.28911861777305603, "E9_agent0_norm": 0.36581775546073914, "E9_agent1_norm": 0.20027288794517517, "E9_agent2_norm": 0.18488268554210663, "E9_agent3_norm": 0.18066814541816711, "E9_agent4_norm": 0.21973739564418793, "E10_agent0_norm": 0.3503687381744385, "E10_agent1_norm": 0.17108988761901855, "E10_agent2_norm": 0.160278782248497, "E10_agent3_norm": 0.16184671223163605, "E10_agent4_norm": 0.18466228246688843, "E11_agent0_norm": 0.3409464359283447, "E11_agent1_norm": 0.1593836396932602, "E11_agent2_norm": 0.13096275925636292, "E11_agent3_norm": 0.13916178047657013, "E11_agent4_norm": 0.16183234751224518, "E12_agent0_norm": 0.3218423128128052, "E12_agent1_norm": 0.12248975783586502, "E12_agent2_norm": 0.10890214145183563, "E12_agent3_norm": 0.1075616180896759, "E12_agent4_norm": 0.11914699524641037, "E13_agent0_norm": 0.10914770513772964, "E13_agent1_norm": 0.07331990450620651, "E13_agent2_norm": 0.07164429873228073, "E13_agent3_norm": 0.07338564842939377, "E13_agent4_norm": 0.08515878766775131, "E14_agent0_norm": 0.07119675725698471, "E14_agent1_norm": 0.05252867937088013, "E14_agent2_norm": 0.05163280665874481, "E14_agent3_norm": 0.053852781653404236, "E14_agent4_norm": 0.06526785343885422, "E15_agent0_norm": 0.04566477984189987, "E15_agent1_norm": 0.035673025995492935, "E15_agent2_norm": 0.04112589359283447, "E15_agent3_norm": 0.040482934564352036, "E15_agent4_norm": 0.0459318608045578, "E16_agent0_norm": 0.03024386242032051, "E16_agent1_norm": 0.028086664155125618, "E16_agent2_norm": 0.03049318864941597, "E16_agent3_norm": 0.028893105685710907, "E16_agent4_norm": 0.03521363437175751, "E17_agent0_norm": 0.020600542426109314, "E17_agent1_norm": 0.018709611147642136, "E17_agent2_norm": 0.02520599775016308, "E17_agent3_norm": 0.018030598759651184, "E17_agent4_norm": 0.023624897003173828, "E18_agent0_norm": 0.015614691190421581, "E18_agent1_norm": 0.018405377864837646, "E18_agent2_norm": 0.022286901250481606, "E18_agent3_norm": 0.01926347427070141, "E18_agent4_norm": 0.017788724973797798, "E19_agent0_norm": 0.011305434629321098, "E19_agent1_norm": 0.014444995671510696, "E19_agent2_norm": 0.019076505675911903, "E19_agent3_norm": 0.013140896335244179, "E19_agent4_norm": 0.015892086550593376, "E20_agent0_norm": 0.008688519708812237, "E20_agent1_norm": 0.013004160486161709, "E20_agent2_norm": 0.015064231120049953, "E20_agent3_norm": 0.01048584096133709, "E20_agent4_norm": 0.0110823018476367, "E21_agent0_norm": 0.005963080562651157, "E21_agent1_norm": 0.00730890454724431, "E21_agent2_norm": 0.011597562581300735, "E21_agent3_norm": 0.007284310646355152, "E21_agent4_norm": 0.009593851864337921, "E22_agent0_norm": 0.003744008019566536, "E22_agent1_norm": 0.004215436987578869, "E22_agent2_norm": 0.008822069503366947, "E22_agent3_norm": 0.004454668611288071, "E22_agent4_norm": 0.008154180832207203, "E23_agent0_norm": 0.00337078794836998, "E23_agent1_norm": 0.004706492181867361, "E23_agent2_norm": 0.007450285833328962, "E23_agent3_norm": 0.004322658758610487, "E23_agent4_norm": 0.0050565265119075775, "E24_agent0_norm": 0.002127456944435835, "E24_agent1_norm": 0.0028583002276718616, "E24_agent2_norm": 0.005678639281541109, "E24_agent3_norm": 0.002896514954045415, "E24_agent4_norm": 0.004233184736222029, "E25_agent0_norm": 0.001590860541909933, "E25_agent1_norm": 0.002009099116548896, "E25_agent2_norm": 0.0043144552037119865, "E25_agent3_norm": 0.0021202131174504757, "E25_agent4_norm": 0.003932097926735878, "E26_agent0_norm": 0.0012040840229019523, "E26_agent1_norm": 0.001621191157028079, "E26_agent2_norm": 0.0026094831991940737, "E26_agent3_norm": 0.0019484355580061674, "E26_agent4_norm": 0.002196323126554489, "E27_agent0_norm": 0.0008399984799325466, "E27_agent1_norm": 0.0011098337126895785, "E27_agent2_norm": 0.0019194984342902899, "E27_agent3_norm": 0.0012432975927367806, "E27_agent4_norm": 0.001772556803189218, "E28_agent0_norm": 0.0005133101367391646, "E28_agent1_norm": 0.0005936857778578997, "E28_agent2_norm": 0.0012692752061411738, "E28_agent3_norm": 0.0006830858765169978, "E28_agent4_norm": 0.0012175521114841104, "E29_agent0_norm": 0.00043412423110567033, "E29_agent1_norm": 0.0005986772594042122, "E29_agent2_norm": 0.0010264456504955888, "E29_agent3_norm": 0.0006273913895711303, "E29_agent4_norm": 0.0007806259673088789, "E30_agent0_norm": 0.00028175313491374254, "E30_agent1_norm": 0.0003683605173137039, "E30_agent2_norm": 0.0006357672973535955, "E30_agent3_norm": 0.0004007541574537754, "E30_agent4_norm": 0.0005195953999646008, "E31_agent0_norm": 0.00024116413260344416, "E31_agent1_norm": 0.0003414977982174605, "E31_agent2_norm": 0.00046937327715568244, "E31_agent3_norm": 0.0003892207460012287, "E31_agent4_norm": 0.00040619424544274807, "E32_agent0_norm": 0.0001300840958720073, "E32_agent1_norm": 0.00016137977945618331, "E32_agent2_norm": 0.00033755938056856394, "E32_agent3_norm": 0.00019648812303785235, "E32_agent4_norm": 0.0003375278029125184, "E33_agent0_norm": 0.0001224478182848543, "E33_agent1_norm": 0.00017412837769370526, "E33_agent2_norm": 0.0002798952627927065, "E33_agent3_norm": 0.0001852814748417586, "E33_agent4_norm": 0.000211889753700234, "E34_agent0_norm": 6.675830081803724e-05, "E34_agent1_norm": 9.24977139220573e-05, "E34_agent2_norm": 0.00017114965885411948, "E34_agent3_norm": 9.66258958214894e-05, "E34_agent4_norm": 0.0001293056848226115, "E35_agent0_norm": 5.282368147163652e-05, "E35_agent1_norm": 7.03047844581306e-05, "E35_agent2_norm": 0.0001375829306198284, "E35_agent3_norm": 8.227064972743392e-05, "E35_agent4_norm": 0.00011464927956694737, "E36_agent0_norm": 3.6346933484310284e-05, "E36_agent1_norm": 4.69597835035529e-05, "E36_agent2_norm": 8.77425482030958e-05, "E36_agent3_norm": 4.635970981325954e-05, "E36_agent4_norm": 7.433057180605829e-05, "E37_agent0_norm": 2.3868298740126193e-05, "E37_agent1_norm": 3.123324495390989e-05, "E37_agent2_norm": 6.362111162161455e-05, "E37_agent3_norm": 3.338418900966644e-05, "E37_agent4_norm": 5.2120543841738254e-05, "E38_agent0_norm": 2.105207386193797e-05, "E38_agent1_norm": 2.9147829991416074e-05, "E38_agent2_norm": 4.751040250994265e-05, "E38_agent3_norm": 2.7440139092504978e-05, "E38_agent4_norm": 3.661298978840932e-05, "E39_agent0_norm": 1.0749546163424384e-05, "E39_agent1_norm": 1.3866993867850397e-05, "E39_agent2_norm": 2.9769102184218355e-05, "E39_agent3_norm": 1.5468667697859928e-05, "E39_agent4_norm": 2.448117629683111e-05, "E40_agent0_norm": 7.661291419935878e-06, "E40_agent1_norm": 1.0025310984929092e-05,