{"E1_agent0_norm": 2.597322940826416, "E1_agent1_norm": 4.034134864807129, "E1_agent2_norm": 3.9534549713134766, "E1_agent3_norm": 3.4375131130218506, "E1_agent4_norm": 4.158565998077393, "E2_agent0_norm": 2.4028947353363037, "E2_agent1_norm": 2.1428675651550293, "E2_agent2_norm": 2.0786733627319336, "E2_agent3_norm": 1.941084384918213, "E2_agent4_norm": 2.357863664627075, "E3_agent0_norm": 1.2568936347961426, "E3_agent1_norm": 1.0448927879333496, "E3_agent2_norm": 1.0551670789718628, "E3_agent3_norm": 0.972589910030365, "E3_agent4_norm": 1.1694265604019165, "E4_agent0_norm": 0.854489803314209, "E4_agent1_norm": 0.7503859996795654, "E4_agent2_norm": 0.7089568972587585, "E4_agent3_norm": 0.7301043272018433, "E4_agent4_norm": 0.8341771960258484, "E5_agent0_norm": 0.6269970536231995, "E5_agent1_norm": 0.5248735547065735, "E5_agent2_norm": 0.5370308756828308, "E5_agent3_norm": 0.4962817430496216, "E5_agent4_norm": 0.6328449249267578, "E6_agent0_norm": 0.5358628034591675, "E6_agent1_norm": 0.3927488327026367, "E6_agent2_norm": 0.38673827052116394, "E6_agent3_norm": 0.39026716351509094, "E6_agent4_norm": 0.5140109658241272, "E7_agent0_norm": 0.44299352169036865, "E7_agent1_norm": 0.31226465106010437, "E7_agent2_norm": 0.3233853876590729, "E7_agent3_norm": 0.29359549283981323, "E7_agent4_norm": 0.36894863843917847, "E8_agent0_norm": 0.4056656062602997, "E8_agent1_norm": 0.2501557171344757, "E8_agent2_norm": 0.2491535246372223, "E8_agent3_norm": 0.23598584532737732, "E8_agent4_norm": 0.300483763217926, "E9_agent0_norm": 0.4064272344112396, "E9_agent1_norm": 0.20870624482631683, "E9_agent2_norm": 0.21747352182865143, "E9_agent3_norm": 0.20636917650699615, "E9_agent4_norm": 0.24022193253040314, "E10_agent0_norm": 0.38126131892204285, "E10_agent1_norm": 0.17082051932811737, "E10_agent2_norm": 0.18068736791610718, "E10_agent3_norm": 0.17995864152908325, "E10_agent4_norm": 0.20472019910812378, "E11_agent0_norm": 0.35661712288856506, "E11_agent1_norm": 0.14155633747577667, "E11_agent2_norm": 0.14744772017002106, "E11_agent3_norm": 0.13664844632148743, "E11_agent4_norm": 0.15830962359905243, "E12_agent0_norm": 0.12294462323188782, "E12_agent1_norm": 0.09594011306762695, "E12_agent2_norm": 0.08866824209690094, "E12_agent3_norm": 0.08358767628669739, "E12_agent4_norm": 0.11358021944761276, "E13_agent0_norm": 0.07992183417081833, "E13_agent1_norm": 0.06557628512382507, "E13_agent2_norm": 0.06835142523050308, "E13_agent3_norm": 0.060120340436697006, "E13_agent4_norm": 0.07935993373394012, "E14_agent0_norm": 0.054826632142066956, "E14_agent1_norm": 0.04970948025584221, "E14_agent2_norm": 0.049509670585393906, "E14_agent3_norm": 0.04633823037147522, "E14_agent4_norm": 0.051633886992931366, "E15_agent0_norm": 0.036795683205127716, "E15_agent1_norm": 0.034069426357746124, "E15_agent2_norm": 0.030660994350910187, "E15_agent3_norm": 0.030205119401216507, "E15_agent4_norm": 0.037416137754917145, "E16_agent0_norm": 0.024793973192572594, "E16_agent1_norm": 0.02419229969382286, "E16_agent2_norm": 0.022701187059283257, "E16_agent3_norm": 0.025189856067299843, "E16_agent4_norm": 0.028136009350419044, "E17_agent0_norm": 0.01737997867166996, "E17_agent1_norm": 0.018728559836745262, "E17_agent2_norm": 0.016439344733953476, "E17_agent3_norm": 0.01583212800323963, "E17_agent4_norm": 0.020790642127394676, "E18_agent0_norm": 0.012036435306072235, "E18_agent1_norm": 0.012327163480222225, "E18_agent2_norm": 0.011228163726627827, "E18_agent3_norm": 0.011641702614724636, "E18_agent4_norm": 0.013967554084956646, "E19_agent0_norm": 0.008179577067494392, "E19_agent1_norm": 0.008711923845112324, "E19_agent2_norm": 0.007639000657945871, "E19_agent3_norm": 0.007210013922303915, "E19_agent4_norm": 0.009872530587017536, "E20_agent0_norm": 0.005648333579301834, "E20_agent1_norm": 0.00613632844761014, "E20_agent2_norm": 0.005243860185146332, "E20_agent3_norm": 0.006203009281307459, "E20_agent4_norm": 0.00837892759591341, "E21_agent0_norm": 0.004106423351913691, "E21_agent1_norm": 0.005908723920583725, "E21_agent2_norm": 0.004586271476000547, "E21_agent3_norm": 0.004210646729916334, "E21_agent4_norm": 0.00660202419385314, "E22_agent0_norm": 0.0029191572684794664, "E22_agent1_norm": 0.004125271458178759, "E22_agent2_norm": 0.003124290145933628, "E22_agent3_norm": 0.0034418327268213034, "E22_agent4_norm": 0.004428707528859377, "E23_agent0_norm": 0.0020846782717853785, "E23_agent1_norm": 0.0026930980384349823, "E23_agent2_norm": 0.00224385061301291, "E23_agent3_norm": 0.002301446394994855, "E23_agent4_norm": 0.0031093477737158537, "E24_agent0_norm": 0.0014441715320572257, "E24_agent1_norm": 0.0017388886772096157, "E24_agent2_norm": 0.001975220162421465, "E24_agent3_norm": 0.0016544853569939733, "E24_agent4_norm": 0.0023095975629985332, "E25_agent0_norm": 0.0009398704278282821, "E25_agent1_norm": 0.001310785417445004, "E25_agent2_norm": 0.00105770502705127, "E25_agent3_norm": 0.001032041385769844, "E25_agent4_norm": 0.0018835471710190177, "E26_agent0_norm": 0.0006614340236410499, "E26_agent1_norm": 0.001056566834449768, "E26_agent2_norm": 0.0007378502050414681, "E26_agent3_norm": 0.0007158324006013572, "E26_agent4_norm": 0.0010291424114257097, "E27_agent0_norm": 0.00051312823779881, "E27_agent1_norm": 0.0006152140558697283, "E27_agent2_norm": 0.0005186175694689155, "E27_agent3_norm": 0.000550342898350209, "E27_agent4_norm": 0.000759412010665983, "E28_agent0_norm": 0.00034105675877071917, "E28_agent1_norm": 0.0004708243359345943, "E28_agent2_norm": 0.00031576663604937494, "E28_agent3_norm": 0.0003550033725332469, "E28_agent4_norm": 0.0004695102106779814, "E29_agent0_norm": 0.00023260028683580458, "E29_agent1_norm": 0.0003112500417046249, "E29_agent2_norm": 0.00024639040930196643, "E29_agent3_norm": 0.00031391813536174595, "E29_agent4_norm": 0.0004473558801691979, "E30_agent0_norm": 0.00016774755204096437, "E30_agent1_norm": 0.00027941499138250947, "E30_agent2_norm": 0.00018266546248923987, "E30_agent3_norm": 0.00019038455502595752, "E30_agent4_norm": 0.0002890353207476437, "E31_agent0_norm": 0.00011412463209126145, "E31_agent1_norm": 0.00017836756887845695, "E31_agent2_norm": 0.00013613376358989626, "E31_agent3_norm": 0.00012999892351217568, "E31_agent4_norm": 0.00016441506159026176, "E32_agent0_norm": 8.160444122040644e-05, "E32_agent1_norm": 0.00011861808161484078, "E32_agent2_norm": 8.039605017984286e-05, "E32_agent3_norm": 8.089877519523725e-05, "E32_agent4_norm": 0.00012611706915777177, "E33_agent0_norm": 5.3199306421447545e-05, "E33_agent1_norm": 8.524680742993951e-05, "E33_agent2_norm": 7.180527609307319e-05, "E33_agent3_norm": 4.994797200197354e-05, "E33_agent4_norm": 0.00014774079318158329, "E34_agent0_norm": 4.505563265411183e-05, "E34_agent1_norm": 6.679236685158685e-05, "E34_agent2_norm": 4.913104567094706e-05, "E34_agent3_norm": 5.2703249821206555e-05, "E34_agent4_norm": 6.146910891402513e-05, "E35_agent0_norm": 2.7796697395388037e-05, "E35_agent1_norm": 4.1475177567917854e-05, "E35_agent2_norm": 2.6778881874633953e-05, "E35_agent3_norm": 2.7043966838391498e-05, "E35_agent4_norm": 4.316354898037389e-05, "E36_agent0_norm": 1.9222683476982638e-05, "E36_agent1_norm": 2.213091829617042e-05, "E36_agent2_norm": 2.1856671082787216e-05, "E36_agent3_norm": 1.777986290107947e-05, "E36_agent4_norm": 2.2646752768196166e-05, "E37_agent0_norm": 1.5969251762726344e-05, "E37_agent1_norm": 3.1687803129898384e-05, "E37_agent2_norm": 2.8953376386198215e-05, "E37_agent3_norm": 1.618956412130501e-05, "E37_agent4_norm": 2.016542202909477e-05, "E38_agent0_norm": 8.968976544565521e-06, "E38_agent1_norm": 1.1200561857549474e-05, "E38_agent2_norm": 1.0619847671478055e-05, "E38_agent3_norm": 1.0352795470680576e-05, "E38_agent4_norm": 1.7112328350776806e-05, "E39_agent0_norm": 6.444724022003356e-06, "E39_agent1_norm": 8.130431524477899e-06, "E39_agent2_norm": 9.808261893340386e-06, "E39_agent3_norm": 8.160917786881328e-06, "E39_agent4_norm": 7.070294941513566e-06, "E40_agent0_norm": 4.624896064342465e-06,