{"E1_agent0_norm": 2.558837413787842, "E1_agent1_norm": 3.95754337310791, "E1_agent2_norm": 3.9302477836608887, "E1_agent3_norm": 3.419391393661499, "E1_agent4_norm": 4.252869606018066, "E2_agent0_norm": 2.5780341625213623, "E2_agent1_norm": 2.218181848526001, "E2_agent2_norm": 2.114706039428711, "E2_agent3_norm": 1.9314650297164917, "E2_agent4_norm": 2.263702630996704, "E3_agent0_norm": 1.2425768375396729, "E3_agent1_norm": 1.077866792678833, "E3_agent2_norm": 1.0352070331573486, "E3_agent3_norm": 0.9352144598960876, "E3_agent4_norm": 1.2556138038635254, "E4_agent0_norm": 0.8439316749572754, "E4_agent1_norm": 0.7076830863952637, "E4_agent2_norm": 0.7313929796218872, "E4_agent3_norm": 0.6697409749031067, "E4_agent4_norm": 0.834179699420929, "E5_agent0_norm": 0.6266135573387146, "E5_agent1_norm": 0.5121628642082214, "E5_agent2_norm": 0.5414820313453674, "E5_agent3_norm": 0.49339476227760315, "E5_agent4_norm": 0.571026086807251, "E6_agent0_norm": 0.5390653014183044, "E6_agent1_norm": 0.40511825680732727, "E6_agent2_norm": 0.42522186040878296, "E6_agent3_norm": 0.39074453711509705, "E6_agent4_norm": 0.49241694808006287, "E7_agent0_norm": 0.4386428892612457, "E7_agent1_norm": 0.30925700068473816, "E7_agent2_norm": 0.32875192165374756, "E7_agent3_norm": 0.285670667886734, "E7_agent4_norm": 0.3585638701915741, "E8_agent0_norm": 0.41688358783721924, "E8_agent1_norm": 0.26537245512008667, "E8_agent2_norm": 0.2562764883041382, "E8_agent3_norm": 0.24110612273216248, "E8_agent4_norm": 0.3067674934864044, "E9_agent0_norm": 0.4084867238998413, "E9_agent1_norm": 0.21181346476078033, "E9_agent2_norm": 0.21959839761257172, "E9_agent3_norm": 0.1883409470319748, "E9_agent4_norm": 0.23520365357398987, "E10_agent0_norm": 0.3743612766265869, "E10_agent1_norm": 0.1657443344593048, "E10_agent2_norm": 0.1753709316253662, "E10_agent3_norm": 0.15317411720752716, "E10_agent4_norm": 0.19570036232471466, "E11_agent0_norm": 0.35785990953445435, "E11_agent1_norm": 0.1393672376871109, "E11_agent2_norm": 0.15744028985500336, "E11_agent3_norm": 0.13771656155586243, "E11_agent4_norm": 0.1672331541776657, "E12_agent0_norm": 0.1275378316640854, "E12_agent1_norm": 0.09303680807352066, "E12_agent2_norm": 0.09329136461019516, "E12_agent3_norm": 0.08676335960626602, "E12_agent4_norm": 0.12252341955900192, "E13_agent0_norm": 0.0811881348490715, "E13_agent1_norm": 0.06604598462581635, "E13_agent2_norm": 0.06953534483909607, "E13_agent3_norm": 0.061500802636146545, "E13_agent4_norm": 0.08150896430015564, "E14_agent0_norm": 0.05646665766835213, "E14_agent1_norm": 0.0508619099855423, "E14_agent2_norm": 0.04840675741434097, "E14_agent3_norm": 0.042901985347270966, "E14_agent4_norm": 0.05743139982223511, "E15_agent0_norm": 0.036642879247665405, "E15_agent1_norm": 0.03385695070028305, "E15_agent2_norm": 0.03494895249605179, "E15_agent3_norm": 0.034033581614494324, "E15_agent4_norm": 0.041299883276224136, "E16_agent0_norm": 0.026661694049835205, "E16_agent1_norm": 0.025276171043515205, "E16_agent2_norm": 0.025896580889821053, "E16_agent3_norm": 0.02880786918103695, "E16_agent4_norm": 0.028987165540456772, "E17_agent0_norm": 0.017508763819932938, "E17_agent1_norm": 0.01645851507782936, "E17_agent2_norm": 0.019408944994211197, "E17_agent3_norm": 0.016995348036289215, "E17_agent4_norm": 0.020105065777897835, "E18_agent0_norm": 0.012782870791852474, "E18_agent1_norm": 0.012187015265226364, "E18_agent2_norm": 0.016715919598937035, "E18_agent3_norm": 0.01686108484864235, "E18_agent4_norm": 0.01422457117587328, "E19_agent0_norm": 0.008943160995841026, "E19_agent1_norm": 0.009564699605107307, "E19_agent2_norm": 0.010681676678359509, "E19_agent3_norm": 0.011800968088209629, "E19_agent4_norm": 0.010997695848345757, "E20_agent0_norm": 0.006512365769594908, "E20_agent1_norm": 0.006224266719073057, "E20_agent2_norm": 0.007348443381488323, "E20_agent3_norm": 0.008066711947321892, "E20_agent4_norm": 0.007523637264966965, "E21_agent0_norm": 0.004245998337864876, "E21_agent1_norm": 0.004481950309127569, "E21_agent2_norm": 0.006377907935529947, "E21_agent3_norm": 0.005448002368211746, "E21_agent4_norm": 0.006294639781117439, "E22_agent0_norm": 0.002927652560174465, "E22_agent1_norm": 0.0030317658092826605, "E22_agent2_norm": 0.0035510885063558817, "E22_agent3_norm": 0.003009492764249444, "E22_agent4_norm": 0.00349181960336864, "E23_agent0_norm": 0.001994403777644038, "E23_agent1_norm": 0.0021717639174312353, "E23_agent2_norm": 0.0025233065243810415, "E23_agent3_norm": 0.0029400817584246397, "E23_agent4_norm": 0.002293485915288329, "E24_agent0_norm": 0.0014161084545776248, "E24_agent1_norm": 0.0015007684705778956, "E24_agent2_norm": 0.0024912848602980375, "E24_agent3_norm": 0.0016653399216011167, "E24_agent4_norm": 0.001985701499506831, "E25_agent0_norm": 0.001017819857224822, "E25_agent1_norm": 0.0011356753529980779, "E25_agent2_norm": 0.001665585907176137, "E25_agent3_norm": 0.0012883307645097375, "E25_agent4_norm": 0.0013449287507683039, "E26_agent0_norm": 0.0007737017003819346, "E26_agent1_norm": 0.0007866132073104382, "E26_agent2_norm": 0.0014306240482255816, "E26_agent3_norm": 0.0012704225955531001, "E26_agent4_norm": 0.0009287564898841083, "E27_agent0_norm": 0.0005412346217781305, "E27_agent1_norm": 0.000562658126000315, "E27_agent2_norm": 0.0010841337498277426, "E27_agent3_norm": 0.0006751589826308191, "E27_agent4_norm": 0.000831608020234853, "E28_agent0_norm": 0.0003763988788705319, "E28_agent1_norm": 0.00038110368768684566, "E28_agent2_norm": 0.000581307802349329, "E28_agent3_norm": 0.0005766858230344951, "E28_agent4_norm": 0.0004410943656694144, "E29_agent0_norm": 0.00025989062851294875, "E29_agent1_norm": 0.00028993585146963596, "E29_agent2_norm": 0.0005848810542374849, "E29_agent3_norm": 0.0003203827072866261, "E29_agent4_norm": 0.0003503974003251642, "E30_agent0_norm": 0.0001755530247464776, "E30_agent1_norm": 0.00018571701366454363, "E30_agent2_norm": 0.00028696097433567047, "E30_agent3_norm": 0.00020186242181807756, "E30_agent4_norm": 0.0002395922492723912, "E31_agent0_norm": 0.0001396366860717535, "E31_agent1_norm": 0.00017305670189671218, "E31_agent2_norm": 0.00022881917539052665, "E31_agent3_norm": 0.00017671666864771396, "E31_agent4_norm": 0.0001820469624362886, "E32_agent0_norm": 9.324718848802149e-05, "E32_agent1_norm": 0.00013625195424538106, "E32_agent2_norm": 0.00016885579680092633, "E32_agent3_norm": 0.00011276566510787234, "E32_agent4_norm": 0.00010415022552479059, "E33_agent0_norm": 7.236124656628817e-05, "E33_agent1_norm": 7.74814179749228e-05, "E33_agent2_norm": 0.0001552671892568469, "E33_agent3_norm": 0.00010611737525323406, "E33_agent4_norm": 0.0001106756244553253, "E34_agent0_norm": 4.477519541978836e-05, "E34_agent1_norm": 5.6270731874974445e-05, "E34_agent2_norm": 0.00010754090908449143, "E34_agent3_norm": 4.6075074351392686e-05, "E34_agent4_norm": 7.992024620762095e-05, "E35_agent0_norm": 3.227934939786792e-05, "E35_agent1_norm": 3.505479980958626e-05, "E35_agent2_norm": 5.4508986067958176e-05, "E35_agent3_norm": 5.659181988448836e-05, "E35_agent4_norm": 4.095021722605452e-05, "E36_agent0_norm": 2.3467828214052133e-05, "E36_agent1_norm": 2.695380499062594e-05, "E36_agent2_norm": 3.127658419543877e-05, "E36_agent3_norm": 3.934518463211134e-05, "E36_agent4_norm": 2.9685372282983735e-05, "E37_agent0_norm": 1.3987169950269163e-05, "E37_agent1_norm": 1.5108935258467682e-05, "E37_agent2_norm": 2.5863118935376406e-05, "E37_agent3_norm": 1.6008953025448136e-05, "E37_agent4_norm": 2.6647465347195975e-05, "E38_agent0_norm": 1.1125254786747973e-05, "E38_agent1_norm": 1.0566672244749498e-05, "E38_agent2_norm": 2.1564746930380352e-05, "E38_agent3_norm": 1.0249138540530112e-05, "E38_agent4_norm": 1.3381515600485727e-05, "E39_agent0_norm": 6.966747605474666e-06, "E39_agent1_norm": 7.3916285145969596e-06, "E39_agent2_norm": 9.202975888911169e-06, "E39_agent3_norm": 1.2034438441332895e-05, "E39_agent4_norm": 7.898323929111939e-06, "E40_agent0_norm": 5.6053727348626126e-06,