2025-05-12 13:08:36,660 - INFO - util_sys - get_available_device - no preferred device is specified, using the available device for pythorch
2025-05-12 13:08:36,697 - INFO - util_sys - get_available_device - using cuda device for pythorch
2025-05-12 13:08:36,698 - INFO - util_sys - create_folder_if_not_exists - Folder './data/mnist/' already exists.
2025-05-12 13:08:36,751 - INFO - util_data - get_client_data - partitioning the data into non-IID setting
2025-05-12 13:08:37,692 - INFO - util_data - record_data_statistic - Client 0 - total training samples: 5687
2025-05-12 13:08:37,692 - INFO - util_data - record_data_statistic - Client 0 - training label distribution: defaultdict(<class 'int'>, {0: 248, 1: 203, 2: 1529, 4: 1366, 6: 2274, 8: 67})
2025-05-12 13:08:39,376 - INFO - util_data - record_data_statistic - Client 1 - total training samples: 13428
2025-05-12 13:08:39,376 - INFO - util_data - record_data_statistic - Client 1 - training label distribution: defaultdict(<class 'int'>, {0: 438, 2: 4, 4: 282, 5: 3514, 6: 865, 7: 5305, 8: 2103, 9: 917})
2025-05-12 13:08:39,901 - INFO - util_data - record_data_statistic - Client 2 - total training samples: 4236
2025-05-12 13:08:39,901 - INFO - util_data - record_data_statistic - Client 2 - training label distribution: defaultdict(<class 'int'>, {0: 936, 1: 1432, 2: 438, 3: 683, 4: 551, 6: 53, 7: 1, 8: 108, 9: 34})
2025-05-12 13:08:41,397 - INFO - util_data - record_data_statistic - Client 3 - total training samples: 11838
2025-05-12 13:08:41,397 - INFO - util_data - record_data_statistic - Client 3 - training label distribution: defaultdict(<class 'int'>, {0: 430, 1: 2228, 2: 2407, 3: 2641, 4: 4, 5: 751, 6: 2149, 8: 855, 9: 373})
2025-05-12 13:08:41,869 - INFO - util_data - record_data_statistic - Client 4 - total training samples: 3824
2025-05-12 13:08:41,869 - INFO - util_data - record_data_statistic - Client 4 - training label distribution: defaultdict(<class 'int'>, {0: 33, 1: 1320, 3: 1590, 4: 14, 5: 474, 6: 3, 7: 130, 8: 77, 9: 183})
2025-05-12 13:08:42,360 - INFO - util_data - record_data_statistic - Client 5 - total training samples: 3974
2025-05-12 13:08:42,360 - INFO - util_data - record_data_statistic - Client 5 - training label distribution: defaultdict(<class 'int'>, {1: 63, 2: 472, 3: 25, 4: 206, 5: 92, 6: 4, 7: 41, 8: 221, 9: 2850})
2025-05-12 13:08:42,972 - INFO - util_data - record_data_statistic - Client 6 - total training samples: 4927
2025-05-12 13:08:42,972 - INFO - util_data - record_data_statistic - Client 6 - training label distribution: defaultdict(<class 'int'>, {0: 17, 1: 8, 2: 13, 3: 1, 4: 3109, 5: 267, 7: 51, 9: 1461})
2025-05-12 13:08:43,567 - INFO - util_data - record_data_statistic - Client 7 - total training samples: 4847
2025-05-12 13:08:43,567 - INFO - util_data - record_data_statistic - Client 7 - training label distribution: defaultdict(<class 'int'>, {0: 2672, 1: 1350, 2: 608, 4: 106, 5: 20, 6: 1, 7: 67, 8: 17, 9: 6})
2025-05-12 13:08:44,180 - INFO - util_data - record_data_statistic - Client 8 - total training samples: 5003
2025-05-12 13:08:44,180 - INFO - util_data - record_data_statistic - Client 8 - training label distribution: defaultdict(<class 'int'>, {0: 1148, 1: 74, 2: 430, 3: 100, 4: 147, 5: 43, 6: 20, 7: 558, 8: 2402, 9: 81})
2025-05-12 13:08:44,455 - INFO - util_data - record_data_statistic - Client 9 - total training samples: 2236
2025-05-12 13:08:44,455 - INFO - util_data - record_data_statistic - Client 9 - training label distribution: defaultdict(<class 'int'>, {0: 1, 1: 64, 2: 57, 3: 1091, 4: 57, 5: 260, 6: 549, 7: 112, 8: 1, 9: 44})
2025-05-12 13:08:44,639 - INFO - fl - start - start the FL simulation
2025-05-12 13:08:44,639 - INFO - fl - start - start training round 0
2025-05-12 13:08:44,640 - INFO - fl - start - no attack at the round 0
2025-05-12 13:08:44,640 - INFO - fl - start - start client 0 training
2025-05-12 13:08:44,640 - INFO - fl - client_local_train - client 0 start local training ...
2025-05-12 13:08:49,864 - INFO - fl - start - end client 0 training
2025-05-12 13:08:49,865 - INFO - fl - start - client 0 evaluation metrics: {'train_loss': 0.04751743220336986, 'test_acc': 55.75}
2025-05-12 13:08:49,865 - INFO - fl - start - start client 1 training
2025-05-12 13:08:49,865 - INFO - fl - client_local_train - client 1 start local training ...
2025-05-12 13:08:59,729 - INFO - fl - start - end client 1 training
2025-05-12 13:08:59,729 - INFO - fl - start - client 1 evaluation metrics: {'train_loss': 0.0398139567702033, 'test_acc': 66.27}
2025-05-12 13:08:59,729 - INFO - fl - start - start client 2 training
2025-05-12 13:08:59,729 - INFO - fl - client_local_train - client 2 start local training ...
2025-05-12 13:09:03,768 - INFO - fl - start - end client 2 training
2025-05-12 13:09:03,768 - INFO - fl - start - client 2 evaluation metrics: {'train_loss': 0.12157070146067374, 'test_acc': 61.41}
2025-05-12 13:09:03,768 - INFO - fl - start - start client 3 training
2025-05-12 13:09:03,768 - INFO - fl - client_local_train - client 3 start local training ...
2025-05-12 13:09:12,585 - INFO - fl - start - end client 3 training
2025-05-12 13:09:12,585 - INFO - fl - start - client 3 evaluation metrics: {'train_loss': 0.057681685615632985, 'test_acc': 78.0}
2025-05-12 13:09:12,585 - INFO - fl - start - start client 4 training
2025-05-12 13:09:12,585 - INFO - fl - client_local_train - client 4 start local training ...
2025-05-12 13:09:16,359 - INFO - fl - start - end client 4 training
2025-05-12 13:09:16,359 - INFO - fl - start - client 4 evaluation metrics: {'train_loss': 0.1466892261678974, 'test_acc': 52.89}
2025-05-12 13:09:16,359 - INFO - fl - start - start client 5 training
2025-05-12 13:09:16,359 - INFO - fl - client_local_train - client 5 start local training ...
2025-05-12 13:09:20,251 - INFO - fl - start - end client 5 training
2025-05-12 13:09:20,251 - INFO - fl - start - client 5 evaluation metrics: {'train_loss': 0.24265956677614697, 'test_acc': 45.96}
2025-05-12 13:09:20,251 - INFO - fl - start - start client 6 training
2025-05-12 13:09:20,251 - INFO - fl - client_local_train - client 6 start local training ...
2025-05-12 13:09:24,723 - INFO - fl - start - end client 6 training
2025-05-12 13:09:24,724 - INFO - fl - start - client 6 evaluation metrics: {'train_loss': 0.09590292608292846, 'test_acc': 29.01}
2025-05-12 13:09:24,724 - INFO - fl - start - start client 7 training
2025-05-12 13:09:24,724 - INFO - fl - client_local_train - client 7 start local training ...
2025-05-12 13:09:29,136 - INFO - fl - start - end client 7 training
2025-05-12 13:09:29,136 - INFO - fl - start - client 7 evaluation metrics: {'train_loss': 0.07650043607052219, 'test_acc': 48.7}
2025-05-12 13:09:29,136 - INFO - fl - start - start client 8 training
2025-05-12 13:09:29,137 - INFO - fl - client_local_train - client 8 start local training ...
2025-05-12 13:09:33,658 - INFO - fl - start - end client 8 training
2025-05-12 13:09:33,658 - INFO - fl - start - client 8 evaluation metrics: {'train_loss': 0.11971482075161383, 'test_acc': 67.57}
2025-05-12 13:09:33,658 - INFO - fl - start - start client 9 training
2025-05-12 13:09:33,658 - INFO - fl - client_local_train - client 9 start local training ...
2025-05-12 13:09:36,434 - INFO - fl - start - end client 9 training
2025-05-12 13:09:36,434 - INFO - fl - start - client 9 evaluation metrics: {'train_loss': 0.18982590373073305, 'test_acc': 59.26}
2025-05-12 13:09:36,434 - INFO - fl - aggregate_model - start model aggregation...fusion method: dual_defense
2025-05-12 13:09:36,435 - INFO - fl - aggregate_model - start hyper-guard fusion with epsilon 0.01
2025-05-12 13:09:36,435 - INFO - fl - aggregate_model - round 0 attackers: []
2025-05-12 13:09:47,228 - DEBUG - util_fusion - fusion_dual_defense - client 0 scores: {0: array([232.52571522]), 1: array([195.86181014]), 2: array([236.83955005]), 3: array([189.2813188]), 4: array([250.63747438]), 5: array([259.13916357]), 6: array([253.93891306]), 7: array([259.96213953]), 8: array([228.75482336]), 9: array([263.13625973])}
2025-05-12 13:09:47,229 - DEBUG - util_fusion - fusion_dual_defense - client 0 norm scores: {0: array([0.58553153]), 1: array([0.08910022]), 2: array([0.64394109]), 3: array([0.]), 4: array([0.83076575]), 5: array([0.9458791]), 6: array([0.87546742]), 7: array([0.95702224]), 8: array([0.53447344]), 9: array([1.])}
2025-05-12 13:09:47,229 - DEBUG - util_fusion - fusion_dual_defense - client 0 similarity threshold: 0.6462180780728233
2025-05-12 13:09:47,229 - INFO - util_fusion - fusion_dual_defense - client 0 selected fusion benigns: [4, 5, 6, 7, 9]
2025-05-12 13:09:47,237 - DEBUG - util_fusion - fusion_dual_defense - client 1 scores: {0: array([232.52571522]), 1: array([195.86181014]), 2: array([236.83955005]), 3: array([189.2813188]), 4: array([250.63747438]), 5: array([259.13916357]), 6: array([253.93891306]), 7: array([259.96213953]), 8: array([228.75482336]), 9: array([263.13625973])}
2025-05-12 13:09:47,238 - DEBUG - util_fusion - fusion_dual_defense - client 1 norm scores: {0: array([0.58553153]), 1: array([0.08910022]), 2: array([0.64394109]), 3: array([0.]), 4: array([0.83076575]), 5: array([0.9458791]), 6: array([0.87546742]), 7: array([0.95702224]), 8: array([0.53447344]), 9: array([1.])}
2025-05-12 13:09:47,238 - DEBUG - util_fusion - fusion_dual_defense - client 1 similarity threshold: 0.6462180780728233
2025-05-12 13:09:47,238 - INFO - util_fusion - fusion_dual_defense - client 1 selected fusion benigns: [4, 5, 6, 7, 9]
2025-05-12 13:09:47,246 - DEBUG - util_fusion - fusion_dual_defense - client 2 scores: {0: array([232.52571522]), 1: array([195.86181014]), 2: array([236.83955005]), 3: array([189.2813188]), 4: array([250.63747438]), 5: array([259.13916357]), 6: array([253.93891306]), 7: array([259.96213953]), 8: array([228.75482336]), 9: array([263.13625973])}
2025-05-12 13:09:47,247 - DEBUG - util_fusion - fusion_dual_defense - client 2 norm scores: {0: array([0.58553153]), 1: array([0.08910022]), 2: array([0.64394109]), 3: array([0.]), 4: array([0.83076575]), 5: array([0.9458791]), 6: array([0.87546742]), 7: array([0.95702224]), 8: array([0.53447344]), 9: array([1.])}
2025-05-12 13:09:47,247 - DEBUG - util_fusion - fusion_dual_defense - client 2 similarity threshold: 0.6462180780728233
2025-05-12 13:09:47,247 - INFO - util_fusion - fusion_dual_defense - client 2 selected fusion benigns: [4, 5, 6, 7, 9]
2025-05-12 13:09:47,256 - DEBUG - util_fusion - fusion_dual_defense - client 3 scores: {0: array([232.52571522]), 1: array([195.86181014]), 2: array([236.83955005]), 3: array([189.2813188]), 4: array([250.63747438]), 5: array([259.13916357]), 6: array([253.93891306]), 7: array([259.96213953]), 8: array([228.75482336]), 9: array([263.13625973])}
2025-05-12 13:09:47,256 - DEBUG - util_fusion - fusion_dual_defense - client 3 norm scores: {0: array([0.58553153]), 1: array([0.08910022]), 2: array([0.64394109]), 3: array([0.]), 4: array([0.83076575]), 5: array([0.9458791]), 6: array([0.87546742]), 7: array([0.95702224]), 8: array([0.53447344]), 9: array([1.])}
2025-05-12 13:09:47,256 - DEBUG - util_fusion - fusion_dual_defense - client 3 similarity threshold: 0.6462180780728233
2025-05-12 13:09:47,256 - INFO - util_fusion - fusion_dual_defense - client 3 selected fusion benigns: [4, 5, 6, 7, 9]
2025-05-12 13:09:47,265 - DEBUG - util_fusion - fusion_dual_defense - client 4 scores: {0: array([232.52571522]), 1: array([195.86181014]), 2: array([236.83955005]), 3: array([189.2813188]), 4: array([250.63747438]), 5: array([259.13916357]), 6: array([253.93891306]), 7: array([259.96213953]), 8: array([228.75482336]), 9: array([263.13625973])}
2025-05-12 13:09:47,265 - DEBUG - util_fusion - fusion_dual_defense - client 4 norm scores: {0: array([0.58553153]), 1: array([0.08910022]), 2: array([0.64394109]), 3: array([0.]), 4: array([0.83076575]), 5: array([0.9458791]), 6: array([0.87546742]), 7: array([0.95702224]), 8: array([0.53447344]), 9: array([1.])}
2025-05-12 13:09:47,265 - DEBUG - util_fusion - fusion_dual_defense - client 4 similarity threshold: 0.6462180780728233
2025-05-12 13:09:47,265 - INFO - util_fusion - fusion_dual_defense - client 4 selected fusion benigns: [4, 5, 6, 7, 9]
2025-05-12 13:09:47,274 - DEBUG - util_fusion - fusion_dual_defense - client 5 scores: {0: array([232.52571522]), 1: array([195.86181014]), 2: array([236.83955005]), 3: array([189.2813188]), 4: array([250.63747438]), 5: array([259.13916357]), 6: array([253.93891306]), 7: array([259.96213953]), 8: array([228.75482336]), 9: array([263.13625973])}
2025-05-12 13:09:47,274 - DEBUG - util_fusion - fusion_dual_defense - client 5 norm scores: {0: array([0.58553153]), 1: array([0.08910022]), 2: array([0.64394109]), 3: array([0.]), 4: array([0.83076575]), 5: array([0.9458791]), 6: array([0.87546742]), 7: array([0.95702224]), 8: array([0.53447344]), 9: array([1.])}
2025-05-12 13:09:47,274 - DEBUG - util_fusion - fusion_dual_defense - client 5 similarity threshold: 0.6462180780728233
2025-05-12 13:09:47,274 - INFO - util_fusion - fusion_dual_defense - client 5 selected fusion benigns: [4, 5, 6, 7, 9]
2025-05-12 13:09:47,283 - DEBUG - util_fusion - fusion_dual_defense - client 6 scores: {0: array([232.52571522]), 1: array([195.86181014]), 2: array([236.83955005]), 3: array([189.2813188]), 4: array([250.63747438]), 5: array([259.13916357]), 6: array([253.93891306]), 7: array([259.96213953]), 8: array([228.75482336]), 9: array([263.13625973])}
2025-05-12 13:09:47,283 - DEBUG - util_fusion - fusion_dual_defense - client 6 norm scores: {0: array([0.58553153]), 1: array([0.08910022]), 2: array([0.64394109]), 3: array([0.]), 4: array([0.83076575]), 5: array([0.9458791]), 6: array([0.87546742]), 7: array([0.95702224]), 8: array([0.53447344]), 9: array([1.])}
2025-05-12 13:09:47,284 - DEBUG - util_fusion - fusion_dual_defense - client 6 similarity threshold: 0.6462180780728233
2025-05-12 13:09:47,284 - INFO - util_fusion - fusion_dual_defense - client 6 selected fusion benigns: [4, 5, 6, 7, 9]
2025-05-12 13:09:47,294 - DEBUG - util_fusion - fusion_dual_defense - client 7 scores: {0: array([232.52571522]), 1: array([195.86181014]), 2: array([236.83955005]), 3: array([189.2813188]), 4: array([250.63747438]), 5: array([259.13916357]), 6: array([253.93891306]), 7: array([259.96213953]), 8: array([228.75482336]), 9: array([263.13625973])}
2025-05-12 13:09:47,294 - DEBUG - util_fusion - fusion_dual_defense - client 7 norm scores: {0: array([0.58553153]), 1: array([0.08910022]), 2: array([0.64394109]), 3: array([0.]), 4: array([0.83076575]), 5: array([0.9458791]), 6: array([0.87546742]), 7: array([0.95702224]), 8: array([0.53447344]), 9: array([1.])}
2025-05-12 13:09:47,294 - DEBUG - util_fusion - fusion_dual_defense - client 7 similarity threshold: 0.6462180780728233
2025-05-12 13:09:47,294 - INFO - util_fusion - fusion_dual_defense - client 7 selected fusion benigns: [4, 5, 6, 7, 9]
2025-05-12 13:09:47,303 - DEBUG - util_fusion - fusion_dual_defense - client 8 scores: {0: array([232.52571522]), 1: array([195.86181014]), 2: array([236.83955005]), 3: array([189.2813188]), 4: array([250.63747438]), 5: array([259.13916357]), 6: array([253.93891306]), 7: array([259.96213953]), 8: array([228.75482336]), 9: array([263.13625973])}
2025-05-12 13:09:47,303 - DEBUG - util_fusion - fusion_dual_defense - client 8 norm scores: {0: array([0.58553153]), 1: array([0.08910022]), 2: array([0.64394109]), 3: array([0.]), 4: array([0.83076575]), 5: array([0.9458791]), 6: array([0.87546742]), 7: array([0.95702224]), 8: array([0.53447344]), 9: array([1.])}
2025-05-12 13:09:47,303 - DEBUG - util_fusion - fusion_dual_defense - client 8 similarity threshold: 0.6462180780728233
2025-05-12 13:09:47,303 - INFO - util_fusion - fusion_dual_defense - client 8 selected fusion benigns: [4, 5, 6, 7, 9]
2025-05-12 13:09:47,312 - DEBUG - util_fusion - fusion_dual_defense - client 9 scores: {0: array([232.52571522]), 1: array([195.86181014]), 2: array([236.83955005]), 3: array([189.2813188]), 4: array([250.63747438]), 5: array([259.13916357]), 6: array([253.93891306]), 7: array([259.96213953]), 8: array([228.75482336]), 9: array([263.13625973])}
2025-05-12 13:09:47,312 - DEBUG - util_fusion - fusion_dual_defense - client 9 norm scores: {0: array([0.58553153]), 1: array([0.08910022]), 2: array([0.64394109]), 3: array([0.]), 4: array([0.83076575]), 5: array([0.9458791]), 6: array([0.87546742]), 7: array([0.95702224]), 8: array([0.53447344]), 9: array([1.])}
2025-05-12 13:09:47,312 - DEBUG - util_fusion - fusion_dual_defense - client 9 similarity threshold: 0.6462180780728233
2025-05-12 13:09:47,312 - INFO - util_fusion - fusion_dual_defense - client 9 selected fusion benigns: [4, 5, 6, 7, 9]
2025-05-12 13:09:47,313 - DEBUG - util_fusion - fusion_dual_defense - final fusion benigns: (4, 5, 6, 7, 9)
2025-05-12 13:09:49,016 - INFO - fl - start - global side -  test accuracy: 56.66
2025-05-12 13:09:49,016 - INFO - fl - start - global side iteration 0 -  test accuracy: 56.66
2025-05-12 13:09:49,016 - INFO - fl - start - start training round 1
2025-05-12 13:09:49,018 - INFO - fl - start - round 1 attackers: [4, 1]
2025-05-12 13:09:49,018 - INFO - fl - start - start client 0 training
2025-05-12 13:09:49,018 - INFO - fl - client_local_train - client 0 start local training ...
2025-05-12 13:09:54,013 - INFO - fl - start - end client 0 training
2025-05-12 13:09:54,013 - INFO - fl - start - client 0 evaluation metrics: {'train_loss': 0.03196664451454044, 'test_acc': 57.9}
2025-05-12 13:09:54,013 - INFO - fl - start - start client 1 training
2025-05-12 13:09:54,013 - INFO - fl - client_local_train - client 1 start local training ...
2025-05-12 13:10:00,739 - INFO - fl - client_local_train - client 1 is attacker, start poisoning model
2025-05-12 13:10:06,959 - INFO - fl - start - end client 1 training
2025-05-12 13:10:06,959 - INFO - fl - start - client 1 evaluation metrics: {'train_loss': 78.01944558279855, 'test_acc': 66.53}
2025-05-12 13:10:06,960 - INFO - fl - start - start client 2 training
2025-05-12 13:10:06,960 - INFO - fl - client_local_train - client 2 start local training ...
2025-05-12 13:10:10,970 - INFO - fl - start - end client 2 training
2025-05-12 13:10:10,970 - INFO - fl - start - client 2 evaluation metrics: {'train_loss': 0.06374011844841403, 'test_acc': 72.64}
2025-05-12 13:10:10,970 - INFO - fl - start - start client 3 training
2025-05-12 13:10:10,970 - INFO - fl - client_local_train - client 3 start local training ...
2025-05-12 13:10:19,806 - INFO - fl - start - end client 3 training
2025-05-12 13:10:19,806 - INFO - fl - start - client 3 evaluation metrics: {'train_loss': 0.04107760223937598, 'test_acc': 78.4}
2025-05-12 13:10:19,806 - INFO - fl - start - start client 4 training
2025-05-12 13:10:19,806 - INFO - fl - client_local_train - client 4 start local training ...
2025-05-12 13:10:21,730 - INFO - fl - client_local_train - client 4 is attacker, start poisoning model
2025-05-12 13:10:25,414 - INFO - fl - start - end client 4 training
2025-05-12 13:10:25,414 - INFO - fl - start - client 4 evaluation metrics: {'train_loss': 174.54327824910482, 'test_acc': 65.99}
2025-05-12 13:10:25,414 - INFO - fl - start - start client 5 training
2025-05-12 13:10:25,414 - INFO - fl - client_local_train - client 5 start local training ...
2025-05-12 13:10:29,260 - INFO - fl - start - end client 5 training
2025-05-12 13:10:29,260 - INFO - fl - start - client 5 evaluation metrics: {'train_loss': 0.08751663505025799, 'test_acc': 65.27}
2025-05-12 13:10:29,260 - INFO - fl - start - start client 6 training
2025-05-12 13:10:29,260 - INFO - fl - client_local_train - client 6 start local training ...
2025-05-12 13:10:33,726 - INFO - fl - start - end client 6 training
2025-05-12 13:10:33,727 - INFO - fl - start - client 6 evaluation metrics: {'train_loss': 0.05744282615842757, 'test_acc': 49.92}
2025-05-12 13:10:33,727 - INFO - fl - start - start client 7 training
2025-05-12 13:10:33,727 - INFO - fl - client_local_train - client 7 start local training ...
2025-05-12 13:10:38,138 - INFO - fl - start - end client 7 training
2025-05-12 13:10:38,138 - INFO - fl - start - client 7 evaluation metrics: {'train_loss': 0.0310997199895179, 'test_acc': 57.94}
2025-05-12 13:10:38,138 - INFO - fl - start - start client 8 training
2025-05-12 13:10:38,138 - INFO - fl - client_local_train - client 8 start local training ...
2025-05-12 13:10:42,653 - INFO - fl - start - end client 8 training
2025-05-12 13:10:42,653 - INFO - fl - start - client 8 evaluation metrics: {'train_loss': 0.07132633863889341, 'test_acc': 84.1}
2025-05-12 13:10:42,653 - INFO - fl - start - start client 9 training
2025-05-12 13:10:42,653 - INFO - fl - client_local_train - client 9 start local training ...
2025-05-12 13:10:45,414 - INFO - fl - start - end client 9 training
2025-05-12 13:10:45,414 - INFO - fl - start - client 9 evaluation metrics: {'train_loss': 0.0661201251404626, 'test_acc': 70.45}
2025-05-12 13:10:45,414 - INFO - fl - aggregate_model - start model aggregation...fusion method: dual_defense
2025-05-12 13:10:45,414 - INFO - fl - aggregate_model - start hyper-guard fusion with epsilon 0.01
2025-05-12 13:10:45,414 - INFO - fl - aggregate_model - round 1 attackers: [1, 4]
2025-05-12 13:10:56,166 - DEBUG - util_fusion - fusion_dual_defense - client 0 scores: {0: array([266.23445576]), 1: array([231.28902073]), 2: array([265.81374734]), 3: array([224.13227621]), 4: array([271.63687869]), 5: array([272.31909065]), 6: array([285.03343405]), 7: array([283.35998584]), 8: array([254.53038402]), 9: array([276.87227241])}
2025-05-12 13:10:56,167 - DEBUG - util_fusion - fusion_dual_defense - client 0 norm scores: {0: array([0.69131985]), 1: array([0.1175141]), 2: array([0.6844118]), 3: array([0.]), 4: array([0.7800279]), 5: array([0.79122986]), 6: array([1.]), 7: array([0.9725219]), 8: array([0.49913842]), 9: array([0.86599333])}
2025-05-12 13:10:56,167 - DEBUG - util_fusion - fusion_dual_defense - client 0 similarity threshold: 0.6402157157740389
2025-05-12 13:10:56,167 - INFO - util_fusion - fusion_dual_defense - client 0 selected fusion benigns: [0, 2, 4, 5, 6, 7, 9]
2025-05-12 13:10:56,176 - DEBUG - util_fusion - fusion_dual_defense - client 1 scores: {0: array([266.23445576]), 1: array([231.28902073]), 2: array([265.81374734]), 3: array([224.13227621]), 4: array([271.63687869]), 5: array([272.31909065]), 6: array([285.03343405]), 7: array([283.35998584]), 8: array([254.53038402]), 9: array([276.87227241])}
2025-05-12 13:10:56,176 - DEBUG - util_fusion - fusion_dual_defense - client 1 norm scores: {0: array([0.69131985]), 1: array([0.1175141]), 2: array([0.6844118]), 3: array([0.]), 4: array([0.7800279]), 5: array([0.79122986]), 6: array([1.]), 7: array([0.9725219]), 8: array([0.49913842]), 9: array([0.86599333])}
2025-05-12 13:10:56,177 - DEBUG - util_fusion - fusion_dual_defense - client 1 similarity threshold: 0.6402157157740389
2025-05-12 13:10:56,177 - INFO - util_fusion - fusion_dual_defense - client 1 selected fusion benigns: [0, 2, 4, 5, 6, 7, 9]
2025-05-12 13:10:56,185 - DEBUG - util_fusion - fusion_dual_defense - client 2 scores: {0: array([266.23445576]), 1: array([231.28902073]), 2: array([265.81374734]), 3: array([224.13227621]), 4: array([271.63687869]), 5: array([272.31909065]), 6: array([285.03343405]), 7: array([283.35998584]), 8: array([254.53038402]), 9: array([276.87227241])}
2025-05-12 13:10:56,186 - DEBUG - util_fusion - fusion_dual_defense - client 2 norm scores: {0: array([0.69131985]), 1: array([0.1175141]), 2: array([0.6844118]), 3: array([0.]), 4: array([0.7800279]), 5: array([0.79122986]), 6: array([1.]), 7: array([0.9725219]), 8: array([0.49913842]), 9: array([0.86599333])}
2025-05-12 13:10:56,186 - DEBUG - util_fusion - fusion_dual_defense - client 2 similarity threshold: 0.6402157157740389
2025-05-12 13:10:56,186 - INFO - util_fusion - fusion_dual_defense - client 2 selected fusion benigns: [0, 2, 4, 5, 6, 7, 9]
2025-05-12 13:10:56,194 - DEBUG - util_fusion - fusion_dual_defense - client 3 scores: {0: array([266.23445576]), 1: array([231.28902073]), 2: array([265.81374734]), 3: array([224.13227621]), 4: array([271.63687869]), 5: array([272.31909065]), 6: array([285.03343405]), 7: array([283.35998584]), 8: array([254.53038402]), 9: array([276.87227241])}
2025-05-12 13:10:56,195 - DEBUG - util_fusion - fusion_dual_defense - client 3 norm scores: {0: array([0.69131985]), 1: array([0.1175141]), 2: array([0.6844118]), 3: array([0.]), 4: array([0.7800279]), 5: array([0.79122986]), 6: array([1.]), 7: array([0.9725219]), 8: array([0.49913842]), 9: array([0.86599333])}
2025-05-12 13:10:56,195 - DEBUG - util_fusion - fusion_dual_defense - client 3 similarity threshold: 0.6402157157740389
2025-05-12 13:10:56,195 - INFO - util_fusion - fusion_dual_defense - client 3 selected fusion benigns: [0, 2, 4, 5, 6, 7, 9]
2025-05-12 13:10:56,203 - DEBUG - util_fusion - fusion_dual_defense - client 4 scores: {0: array([266.23445576]), 1: array([231.28902073]), 2: array([265.81374734]), 3: array([224.13227621]), 4: array([271.63687869]), 5: array([272.31909065]), 6: array([285.03343405]), 7: array([283.35998584]), 8: array([254.53038402]), 9: array([276.87227241])}
2025-05-12 13:10:56,204 - DEBUG - util_fusion - fusion_dual_defense - client 4 norm scores: {0: array([0.69131985]), 1: array([0.1175141]), 2: array([0.6844118]), 3: array([0.]), 4: array([0.7800279]), 5: array([0.79122986]), 6: array([1.]), 7: array([0.9725219]), 8: array([0.49913842]), 9: array([0.86599333])}
2025-05-12 13:10:56,204 - DEBUG - util_fusion - fusion_dual_defense - client 4 similarity threshold: 0.6402157157740389
2025-05-12 13:10:56,204 - INFO - util_fusion - fusion_dual_defense - client 4 selected fusion benigns: [0, 2, 4, 5, 6, 7, 9]
2025-05-12 13:10:56,212 - DEBUG - util_fusion - fusion_dual_defense - client 5 scores: {0: array([266.23445576]), 1: array([231.28902073]), 2: array([265.81374734]), 3: array([224.13227621]), 4: array([271.63687869]), 5: array([272.31909065]), 6: array([285.03343405]), 7: array([283.35998584]), 8: array([254.53038402]), 9: array([276.87227241])}
2025-05-12 13:10:56,213 - DEBUG - util_fusion - fusion_dual_defense - client 5 norm scores: {0: array([0.69131985]), 1: array([0.1175141]), 2: array([0.6844118]), 3: array([0.]), 4: array([0.7800279]), 5: array([0.79122986]), 6: array([1.]), 7: array([0.9725219]), 8: array([0.49913842]), 9: array([0.86599333])}
2025-05-12 13:10:56,213 - DEBUG - util_fusion - fusion_dual_defense - client 5 similarity threshold: 0.6402157157740389
2025-05-12 13:10:56,213 - INFO - util_fusion - fusion_dual_defense - client 5 selected fusion benigns: [0, 2, 4, 5, 6, 7, 9]
2025-05-12 13:10:56,221 - DEBUG - util_fusion - fusion_dual_defense - client 6 scores: {0: array([266.23445576]), 1: array([231.28902073]), 2: array([265.81374734]), 3: array([224.13227621]), 4: array([271.63687869]), 5: array([272.31909065]), 6: array([285.03343405]), 7: array([283.35998584]), 8: array([254.53038402]), 9: array([276.87227241])}
2025-05-12 13:10:56,222 - DEBUG - util_fusion - fusion_dual_defense - client 6 norm scores: {0: array([0.69131985]), 1: array([0.1175141]), 2: array([0.6844118]), 3: array([0.]), 4: array([0.7800279]), 5: array([0.79122986]), 6: array([1.]), 7: array([0.9725219]), 8: array([0.49913842]), 9: array([0.86599333])}
2025-05-12 13:10:56,222 - DEBUG - util_fusion - fusion_dual_defense - client 6 similarity threshold: 0.6402157157740389
2025-05-12 13:10:56,222 - INFO - util_fusion - fusion_dual_defense - client 6 selected fusion benigns: [0, 2, 4, 5, 6, 7, 9]
2025-05-12 13:10:56,230 - DEBUG - util_fusion - fusion_dual_defense - client 7 scores: {0: array([266.23445576]), 1: array([231.28902073]), 2: array([265.81374734]), 3: array([224.13227621]), 4: array([271.63687869]), 5: array([272.31909065]), 6: array([285.03343405]), 7: array([283.35998584]), 8: array([254.53038402]), 9: array([276.87227241])}
2025-05-12 13:10:56,231 - DEBUG - util_fusion - fusion_dual_defense - client 7 norm scores: {0: array([0.69131985]), 1: array([0.1175141]), 2: array([0.6844118]), 3: array([0.]), 4: array([0.7800279]), 5: array([0.79122986]), 6: array([1.]), 7: array([0.9725219]), 8: array([0.49913842]), 9: array([0.86599333])}
2025-05-12 13:10:56,231 - DEBUG - util_fusion - fusion_dual_defense - client 7 similarity threshold: 0.6402157157740389
2025-05-12 13:10:56,231 - INFO - util_fusion - fusion_dual_defense - client 7 selected fusion benigns: [0, 2, 4, 5, 6, 7, 9]
2025-05-12 13:10:56,240 - DEBUG - util_fusion - fusion_dual_defense - client 8 scores: {0: array([266.23445576]), 1: array([231.28902073]), 2: array([265.81374734]), 3: array([224.13227621]), 4: array([271.63687869]), 5: array([272.31909065]), 6: array([285.03343405]), 7: array([283.35998584]), 8: array([254.53038402]), 9: array([276.87227241])}
2025-05-12 13:10:56,240 - DEBUG - util_fusion - fusion_dual_defense - client 8 norm scores: {0: array([0.69131985]), 1: array([0.1175141]), 2: array([0.6844118]), 3: array([0.]), 4: array([0.7800279]), 5: array([0.79122986]), 6: array([1.]), 7: array([0.9725219]), 8: array([0.49913842]), 9: array([0.86599333])}
2025-05-12 13:10:56,240 - DEBUG - util_fusion - fusion_dual_defense - client 8 similarity threshold: 0.6402157157740389
2025-05-12 13:10:56,240 - INFO - util_fusion - fusion_dual_defense - client 8 selected fusion benigns: [0, 2, 4, 5, 6, 7, 9]
2025-05-12 13:10:56,249 - DEBUG - util_fusion - fusion_dual_defense - client 9 scores: {0: array([266.23445576]), 1: array([231.28902073]), 2: array([265.81374734]), 3: array([224.13227621]), 4: array([271.63687869]), 5: array([272.31909065]), 6: array([285.03343405]), 7: array([283.35998584]), 8: array([254.53038402]), 9: array([276.87227241])}
2025-05-12 13:10:56,249 - DEBUG - util_fusion - fusion_dual_defense - client 9 norm scores: {0: array([0.69131985]), 1: array([0.1175141]), 2: array([0.6844118]), 3: array([0.]), 4: array([0.7800279]), 5: array([0.79122986]), 6: array([1.]), 7: array([0.9725219]), 8: array([0.49913842]), 9: array([0.86599333])}
2025-05-12 13:10:56,249 - DEBUG - util_fusion - fusion_dual_defense - client 9 similarity threshold: 0.6402157157740389
2025-05-12 13:10:56,249 - INFO - util_fusion - fusion_dual_defense - client 9 selected fusion benigns: [0, 2, 4, 5, 6, 7, 9]
2025-05-12 13:10:56,249 - DEBUG - util_fusion - fusion_dual_defense - final fusion benigns: (0, 2, 4, 5, 6, 7, 9)
2025-05-12 13:10:58,046 - INFO - fl - start - global side -  test accuracy: 77.1
2025-05-12 13:10:58,047 - INFO - fl - start - global side iteration 1 -  test accuracy: 77.1
2025-05-12 13:10:58,047 - INFO - fl - start - start training round 2
2025-05-12 13:10:58,049 - INFO - fl - start - round 2 attackers: [9, 2]
2025-05-12 13:10:58,049 - INFO - fl - start - start client 0 training
2025-05-12 13:10:58,049 - INFO - fl - client_local_train - client 0 start local training ...
2025-05-12 13:11:03,014 - INFO - fl - start - end client 0 training
2025-05-12 13:11:03,014 - INFO - fl - start - client 0 evaluation metrics: {'train_loss': 0.020979636414839856, 'test_acc': 61.85}
2025-05-12 13:11:03,014 - INFO - fl - start - start client 1 training
2025-05-12 13:11:03,014 - INFO - fl - client_local_train - client 1 start local training ...
2025-05-12 13:11:12,867 - INFO - fl - start - end client 1 training
2025-05-12 13:11:12,867 - INFO - fl - start - client 1 evaluation metrics: {'train_loss': 0.028441670836348618, 'test_acc': 67.82}
2025-05-12 13:11:12,867 - INFO - fl - start - start client 2 training
2025-05-12 13:11:12,867 - INFO - fl - client_local_train - client 2 start local training ...
2025-05-12 13:11:15,013 - INFO - fl - client_local_train - client 2 is attacker, start poisoning model
2025-05-12 13:11:18,801 - INFO - fl - start - end client 2 training
2025-05-12 13:11:18,801 - INFO - fl - start - client 2 evaluation metrics: {'train_loss': 48.75049625248162, 'test_acc': 78.31}
2025-05-12 13:11:18,801 - INFO - fl - start - start client 3 training
2025-05-12 13:11:18,801 - INFO - fl - client_local_train - client 3 start local training ...
2025-05-12 13:11:27,696 - INFO - fl - start - end client 3 training
2025-05-12 13:11:27,697 - INFO - fl - start - client 3 evaluation metrics: {'train_loss': 0.025851058501221644, 'test_acc': 79.63}
2025-05-12 13:11:27,697 - INFO - fl - start - start client 4 training
2025-05-12 13:11:27,697 - INFO - fl - client_local_train - client 4 start local training ...
2025-05-12 13:11:31,441 - INFO - fl - start - end client 4 training
2025-05-12 13:11:31,441 - INFO - fl - start - client 4 evaluation metrics: {'train_loss': 0.033536080142948774, 'test_acc': 75.98}
2025-05-12 13:11:31,441 - INFO - fl - start - start client 5 training
2025-05-12 13:11:31,441 - INFO - fl - client_local_train - client 5 start local training ...
2025-05-12 13:11:35,326 - INFO - fl - start - end client 5 training
2025-05-12 13:11:35,326 - INFO - fl - start - client 5 evaluation metrics: {'train_loss': 0.04390248868777047, 'test_acc': 76.37}
2025-05-12 13:11:35,326 - INFO - fl - start - start client 6 training
2025-05-12 13:11:35,326 - INFO - fl - client_local_train - client 6 start local training ...
2025-05-12 13:11:39,785 - INFO - fl - start - end client 6 training
2025-05-12 13:11:39,785 - INFO - fl - start - client 6 evaluation metrics: {'train_loss': 0.028323088314493077, 'test_acc': 68.16}
2025-05-12 13:11:39,785 - INFO - fl - start - start client 7 training
2025-05-12 13:11:39,785 - INFO - fl - client_local_train - client 7 start local training ...
2025-05-12 13:11:44,185 - INFO - fl - start - end client 7 training
2025-05-12 13:11:44,185 - INFO - fl - start - client 7 evaluation metrics: {'train_loss': 0.014268372297022469, 'test_acc': 71.39}
2025-05-12 13:11:44,185 - INFO - fl - start - start client 8 training
2025-05-12 13:11:44,185 - INFO - fl - client_local_train - client 8 start local training ...
2025-05-12 13:11:48,727 - INFO - fl - start - end client 8 training
2025-05-12 13:11:48,727 - INFO - fl - start - client 8 evaluation metrics: {'train_loss': 0.031140416777321385, 'test_acc': 87.42}
2025-05-12 13:11:48,727 - INFO - fl - start - start client 9 training
2025-05-12 13:11:48,727 - INFO - fl - client_local_train - client 9 start local training ...
2025-05-12 13:11:49,842 - INFO - fl - client_local_train - client 9 is attacker, start poisoning model
2025-05-12 13:11:53,097 - INFO - fl - start - end client 9 training
2025-05-12 13:11:53,097 - INFO - fl - start - client 9 evaluation metrics: {'train_loss': 54.626760428292414, 'test_acc': 79.64}
2025-05-12 13:11:53,097 - INFO - fl - aggregate_model - start model aggregation...fusion method: dual_defense
2025-05-12 13:11:53,097 - INFO - fl - aggregate_model - start hyper-guard fusion with epsilon 0.01
2025-05-12 13:11:53,097 - INFO - fl - aggregate_model - round 2 attackers: [9, 2]
2025-05-12 13:12:03,822 - DEBUG - util_fusion - fusion_dual_defense - client 0 scores: {0: array([43.25346739]), 1: array([45.27547448]), 2: array([45.38535191]), 3: array([44.5705847]), 4: array([46.92745041]), 5: array([45.90351196]), 6: array([46.38003589]), 7: array([46.40672025]), 8: array([44.86870668]), 9: array([45.88770373])}
2025-05-12 13:12:03,823 - DEBUG - util_fusion - fusion_dual_defense - client 0 norm scores: {0: array([0.]), 1: array([0.55035831]), 2: array([0.58026521]), 3: array([0.35849848]), 4: array([1.]), 5: array([0.72130017]), 6: array([0.85100244]), 7: array([0.8582655]), 8: array([0.43964256]), 9: array([0.71699742])}
2025-05-12 13:12:03,823 - DEBUG - util_fusion - fusion_dual_defense - client 0 similarity threshold: 0.6076330068544239
2025-05-12 13:12:03,823 - INFO - util_fusion - fusion_dual_defense - client 0 selected fusion benigns: [4, 5, 6, 7, 9]
2025-05-12 13:12:03,832 - DEBUG - util_fusion - fusion_dual_defense - client 1 scores: {0: array([43.25346739]), 1: array([45.27547448]), 2: array([45.38535191]), 3: array([44.5705847]), 4: array([46.92745041]), 5: array([45.90351196]), 6: array([46.38003589]), 7: array([46.40672025]), 8: array([44.86870668]), 9: array([45.88770373])}
2025-05-12 13:12:03,832 - DEBUG - util_fusion - fusion_dual_defense - client 1 norm scores: {0: array([0.]), 1: array([0.55035831]), 2: array([0.58026521]), 3: array([0.35849848]), 4: array([1.]), 5: array([0.72130017]), 6: array([0.85100244]), 7: array([0.8582655]), 8: array([0.43964256]), 9: array([0.71699742])}
2025-05-12 13:12:03,832 - DEBUG - util_fusion - fusion_dual_defense - client 1 similarity threshold: 0.6076330068544239
2025-05-12 13:12:03,832 - INFO - util_fusion - fusion_dual_defense - client 1 selected fusion benigns: [4, 5, 6, 7, 9]
2025-05-12 13:12:03,841 - DEBUG - util_fusion - fusion_dual_defense - client 2 scores: {0: array([43.25346739]), 1: array([45.27547448]), 2: array([45.38535191]), 3: array([44.5705847]), 4: array([46.92745041]), 5: array([45.90351196]), 6: array([46.38003589]), 7: array([46.40672025]), 8: array([44.86870668]), 9: array([45.88770373])}
2025-05-12 13:12:03,841 - DEBUG - util_fusion - fusion_dual_defense - client 2 norm scores: {0: array([0.]), 1: array([0.55035831]), 2: array([0.58026521]), 3: array([0.35849848]), 4: array([1.]), 5: array([0.72130017]), 6: array([0.85100244]), 7: array([0.8582655]), 8: array([0.43964256]), 9: array([0.71699742])}
2025-05-12 13:12:03,841 - DEBUG - util_fusion - fusion_dual_defense - client 2 similarity threshold: 0.6076330068544239
2025-05-12 13:12:03,842 - INFO - util_fusion - fusion_dual_defense - client 2 selected fusion benigns: [4, 5, 6, 7, 9]
2025-05-12 13:12:03,850 - DEBUG - util_fusion - fusion_dual_defense - client 3 scores: {0: array([43.25346739]), 1: array([45.27547448]), 2: array([45.38535191]), 3: array([44.5705847]), 4: array([46.92745041]), 5: array([45.90351196]), 6: array([46.38003589]), 7: array([46.40672025]), 8: array([44.86870668]), 9: array([45.88770373])}
2025-05-12 13:12:03,850 - DEBUG - util_fusion - fusion_dual_defense - client 3 norm scores: {0: array([0.]), 1: array([0.55035831]), 2: array([0.58026521]), 3: array([0.35849848]), 4: array([1.]), 5: array([0.72130017]), 6: array([0.85100244]), 7: array([0.8582655]), 8: array([0.43964256]), 9: array([0.71699742])}
2025-05-12 13:12:03,851 - DEBUG - util_fusion - fusion_dual_defense - client 3 similarity threshold: 0.6076330068544239
2025-05-12 13:12:03,851 - INFO - util_fusion - fusion_dual_defense - client 3 selected fusion benigns: [4, 5, 6, 7, 9]
2025-05-12 13:12:03,859 - DEBUG - util_fusion - fusion_dual_defense - client 4 scores: {0: array([43.25346739]), 1: array([45.27547448]), 2: array([45.38535191]), 3: array([44.5705847]), 4: array([46.92745041]), 5: array([45.90351196]), 6: array([46.38003589]), 7: array([46.40672025]), 8: array([44.86870668]), 9: array([45.88770373])}
2025-05-12 13:12:03,860 - DEBUG - util_fusion - fusion_dual_defense - client 4 norm scores: {0: array([0.]), 1: array([0.55035831]), 2: array([0.58026521]), 3: array([0.35849848]), 4: array([1.]), 5: array([0.72130017]), 6: array([0.85100244]), 7: array([0.8582655]), 8: array([0.43964256]), 9: array([0.71699742])}
2025-05-12 13:12:03,860 - DEBUG - util_fusion - fusion_dual_defense - client 4 similarity threshold: 0.6076330068544239
2025-05-12 13:12:03,860 - INFO - util_fusion - fusion_dual_defense - client 4 selected fusion benigns: [4, 5, 6, 7, 9]
2025-05-12 13:12:03,868 - DEBUG - util_fusion - fusion_dual_defense - client 5 scores: {0: array([43.25346739]), 1: array([45.27547448]), 2: array([45.38535191]), 3: array([44.5705847]), 4: array([46.92745041]), 5: array([45.90351196]), 6: array([46.38003589]), 7: array([46.40672025]), 8: array([44.86870668]), 9: array([45.88770373])}
2025-05-12 13:12:03,869 - DEBUG - util_fusion - fusion_dual_defense - client 5 norm scores: {0: array([0.]), 1: array([0.55035831]), 2: array([0.58026521]), 3: array([0.35849848]), 4: array([1.]), 5: array([0.72130017]), 6: array([0.85100244]), 7: array([0.8582655]), 8: array([0.43964256]), 9: array([0.71699742])}
2025-05-12 13:12:03,869 - DEBUG - util_fusion - fusion_dual_defense - client 5 similarity threshold: 0.6076330068544239
2025-05-12 13:12:03,869 - INFO - util_fusion - fusion_dual_defense - client 5 selected fusion benigns: [4, 5, 6, 7, 9]
2025-05-12 13:12:03,877 - DEBUG - util_fusion - fusion_dual_defense - client 6 scores: {0: array([43.25346739]), 1: array([45.27547448]), 2: array([45.38535191]), 3: array([44.5705847]), 4: array([46.92745041]), 5: array([45.90351196]), 6: array([46.38003589]), 7: array([46.40672025]), 8: array([44.86870668]), 9: array([45.88770373])}
2025-05-12 13:12:03,878 - DEBUG - util_fusion - fusion_dual_defense - client 6 norm scores: {0: array([0.]), 1: array([0.55035831]), 2: array([0.58026521]), 3: array([0.35849848]), 4: array([1.]), 5: array([0.72130017]), 6: array([0.85100244]), 7: array([0.8582655]), 8: array([0.43964256]), 9: array([0.71699742])}
2025-05-12 13:12:03,878 - DEBUG - util_fusion - fusion_dual_defense - client 6 similarity threshold: 0.6076330068544239
2025-05-12 13:12:03,878 - INFO - util_fusion - fusion_dual_defense - client 6 selected fusion benigns: [4, 5, 6, 7, 9]
2025-05-12 13:12:03,886 - DEBUG - util_fusion - fusion_dual_defense - client 7 scores: {0: array([43.25346739]), 1: array([45.27547448]), 2: array([45.38535191]), 3: array([44.5705847]), 4: array([46.92745041]), 5: array([45.90351196]), 6: array([46.38003589]), 7: array([46.40672025]), 8: array([44.86870668]), 9: array([45.88770373])}
2025-05-12 13:12:03,887 - DEBUG - util_fusion - fusion_dual_defense - client 7 norm scores: {0: array([0.]), 1: array([0.55035831]), 2: array([0.58026521]), 3: array([0.35849848]), 4: array([1.]), 5: array([0.72130017]), 6: array([0.85100244]), 7: array([0.8582655]), 8: array([0.43964256]), 9: array([0.71699742])}
2025-05-12 13:12:03,887 - DEBUG - util_fusion - fusion_dual_defense - client 7 similarity threshold: 0.6076330068544239
2025-05-12 13:12:03,887 - INFO - util_fusion - fusion_dual_defense - client 7 selected fusion benigns: [4, 5, 6, 7, 9]
2025-05-12 13:12:03,895 - DEBUG - util_fusion - fusion_dual_defense - client 8 scores: {0: array([43.25346739]), 1: array([45.27547448]), 2: array([45.38535191]), 3: array([44.5705847]), 4: array([46.92745041]), 5: array([45.90351196]), 6: array([46.38003589]), 7: array([46.40672025]), 8: array([44.86870668]), 9: array([45.88770373])}
2025-05-12 13:12:03,898 - DEBUG - util_fusion - fusion_dual_defense - client 8 norm scores: {0: array([0.]), 1: array([0.55035831]), 2: array([0.58026521]), 3: array([0.35849848]), 4: array([1.]), 5: array([0.72130017]), 6: array([0.85100244]), 7: array([0.8582655]), 8: array([0.43964256]), 9: array([0.71699742])}
2025-05-12 13:12:03,898 - DEBUG - util_fusion - fusion_dual_defense - client 8 similarity threshold: 0.6076330068544239
2025-05-12 13:12:03,898 - INFO - util_fusion - fusion_dual_defense - client 8 selected fusion benigns: [4, 5, 6, 7, 9]
2025-05-12 13:12:03,906 - DEBUG - util_fusion - fusion_dual_defense - client 9 scores: {0: array([43.25346739]), 1: array([45.27547448]), 2: array([45.38535191]), 3: array([44.5705847]), 4: array([46.92745041]), 5: array([45.90351196]), 6: array([46.38003589]), 7: array([46.40672025]), 8: array([44.86870668]), 9: array([45.88770373])}
2025-05-12 13:12:03,907 - DEBUG - util_fusion - fusion_dual_defense - client 9 norm scores: {0: array([0.]), 1: array([0.55035831]), 2: array([0.58026521]), 3: array([0.35849848]), 4: array([1.]), 5: array([0.72130017]), 6: array([0.85100244]), 7: array([0.8582655]), 8: array([0.43964256]), 9: array([0.71699742])}
2025-05-12 13:12:03,907 - DEBUG - util_fusion - fusion_dual_defense - client 9 similarity threshold: 0.6076330068544239
2025-05-12 13:12:03,907 - INFO - util_fusion - fusion_dual_defense - client 9 selected fusion benigns: [4, 5, 6, 7, 9]
2025-05-12 13:12:03,907 - DEBUG - util_fusion - fusion_dual_defense - final fusion benigns: (4, 5, 6, 7, 9)
2025-05-12 13:12:05,597 - INFO - fl - start - global side -  test accuracy: 91.63
2025-05-12 13:12:05,598 - INFO - fl - start - global side iteration 2 -  test accuracy: 91.63
2025-05-12 13:12:05,598 - INFO - fl - start - start training round 3
2025-05-12 13:12:05,600 - INFO - fl - start - round 3 attackers: [8, 5]
2025-05-12 13:12:05,600 - INFO - fl - start - start client 0 training
2025-05-12 13:12:05,600 - INFO - fl - client_local_train - client 0 start local training ...
2025-05-12 13:12:10,553 - INFO - fl - start - end client 0 training
2025-05-12 13:12:10,553 - INFO - fl - start - client 0 evaluation metrics: {'train_loss': 0.017187871385584495, 'test_acc': 65.48}
2025-05-12 13:12:10,553 - INFO - fl - start - start client 1 training
2025-05-12 13:12:10,553 - INFO - fl - client_local_train - client 1 start local training ...
2025-05-12 13:12:20,439 - INFO - fl - start - end client 1 training
2025-05-12 13:12:20,439 - INFO - fl - start - client 1 evaluation metrics: {'train_loss': 0.033870686016078774, 'test_acc': 68.27}
2025-05-12 13:12:20,439 - INFO - fl - start - start client 2 training
2025-05-12 13:12:20,439 - INFO - fl - client_local_train - client 2 start local training ...
2025-05-12 13:12:24,472 - INFO - fl - start - end client 2 training
2025-05-12 13:12:24,472 - INFO - fl - start - client 2 evaluation metrics: {'train_loss': 0.049889502605534534, 'test_acc': 80.36}
2025-05-12 13:12:24,472 - INFO - fl - start - start client 3 training
2025-05-12 13:12:24,472 - INFO - fl - client_local_train - client 3 start local training ...
2025-05-12 13:12:33,326 - INFO - fl - start - end client 3 training
2025-05-12 13:12:33,326 - INFO - fl - start - client 3 evaluation metrics: {'train_loss': 0.03992643610171571, 'test_acc': 83.0}
2025-05-12 13:12:33,326 - INFO - fl - start - start client 4 training
2025-05-12 13:12:33,326 - INFO - fl - client_local_train - client 4 start local training ...
2025-05-12 13:12:37,102 - INFO - fl - start - end client 4 training
2025-05-12 13:12:37,102 - INFO - fl - start - client 4 evaluation metrics: {'train_loss': 0.029508965538843766, 'test_acc': 76.26}
2025-05-12 13:12:37,102 - INFO - fl - start - start client 5 training
2025-05-12 13:12:37,102 - INFO - fl - client_local_train - client 5 start local training ...
2025-05-12 13:12:39,115 - INFO - fl - client_local_train - client 5 is attacker, start poisoning model
2025-05-12 13:12:42,839 - INFO - fl - start - end client 5 training
2025-05-12 13:12:42,839 - INFO - fl - start - client 5 evaluation metrics: {'train_loss': 105.6373305547805, 'test_acc': 85.27}
2025-05-12 13:12:42,839 - INFO - fl - start - start client 6 training
2025-05-12 13:12:42,839 - INFO - fl - client_local_train - client 6 start local training ...
2025-05-12 13:12:47,307 - INFO - fl - start - end client 6 training
2025-05-12 13:12:47,307 - INFO - fl - start - client 6 evaluation metrics: {'train_loss': 0.038346741160275054, 'test_acc': 66.67}
2025-05-12 13:12:47,307 - INFO - fl - start - start client 7 training
2025-05-12 13:12:47,307 - INFO - fl - client_local_train - client 7 start local training ...
2025-05-12 13:12:51,715 - INFO - fl - start - end client 7 training
2025-05-12 13:12:51,715 - INFO - fl - start - client 7 evaluation metrics: {'train_loss': 0.010378554917858645, 'test_acc': 75.83}
2025-05-12 13:12:51,715 - INFO - fl - start - start client 8 training
2025-05-12 13:12:51,715 - INFO - fl - client_local_train - client 8 start local training ...
2025-05-12 13:12:54,249 - INFO - fl - client_local_train - client 8 is attacker, start poisoning model
2025-05-12 13:12:58,266 - INFO - fl - start - end client 8 training
2025-05-12 13:12:58,266 - INFO - fl - start - client 8 evaluation metrics: {'train_loss': 85.83446068099782, 'test_acc': 86.3}
2025-05-12 13:12:58,266 - INFO - fl - start - start client 9 training
2025-05-12 13:12:58,266 - INFO - fl - client_local_train - client 9 start local training ...
2025-05-12 13:13:01,016 - INFO - fl - start - end client 9 training
2025-05-12 13:13:01,016 - INFO - fl - start - client 9 evaluation metrics: {'train_loss': 0.03178767655543717, 'test_acc': 80.53}
2025-05-12 13:13:01,016 - INFO - fl - aggregate_model - start model aggregation...fusion method: dual_defense
2025-05-12 13:13:01,016 - INFO - fl - aggregate_model - start hyper-guard fusion with epsilon 0.01
2025-05-12 13:13:01,016 - INFO - fl - aggregate_model - round 3 attackers: [8, 5]
2025-05-12 13:13:11,763 - DEBUG - util_fusion - fusion_dual_defense - client 0 scores: {0: array([120.32664607]), 1: array([122.97725518]), 2: array([121.0665185]), 3: array([123.13428729]), 4: array([119.85833093]), 5: array([120.19707043]), 6: array([119.25907483]), 7: array([119.22501124]), 8: array([121.22493893]), 9: array([117.96641857])}
2025-05-12 13:13:11,764 - DEBUG - util_fusion - fusion_dual_defense - client 0 norm scores: {0: array([0.45671197]), 1: array([0.96961376]), 2: array([0.59987978]), 3: array([1.]), 4: array([0.36609141]), 5: array([0.43163865]), 6: array([0.25013334]), 7: array([0.24354192]), 8: array([0.63053466]), 9: array([0.])}
2025-05-12 13:13:11,764 - DEBUG - util_fusion - fusion_dual_defense - client 0 similarity threshold: 0.494814548365574
2025-05-12 13:13:11,764 - INFO - util_fusion - fusion_dual_defense - client 0 selected fusion benigns: [1, 2, 3, 8]
2025-05-12 13:13:11,773 - DEBUG - util_fusion - fusion_dual_defense - client 1 scores: {0: array([120.32664607]), 1: array([122.97725518]), 2: array([121.0665185]), 3: array([123.13428729]), 4: array([119.85833093]), 5: array([120.19707043]), 6: array([119.25907483]), 7: array([119.22501124]), 8: array([121.22493893]), 9: array([117.96641857])}
2025-05-12 13:13:11,773 - DEBUG - util_fusion - fusion_dual_defense - client 1 norm scores: {0: array([0.45671197]), 1: array([0.96961376]), 2: array([0.59987978]), 3: array([1.]), 4: array([0.36609141]), 5: array([0.43163865]), 6: array([0.25013334]), 7: array([0.24354192]), 8: array([0.63053466]), 9: array([0.])}
2025-05-12 13:13:11,773 - DEBUG - util_fusion - fusion_dual_defense - client 1 similarity threshold: 0.494814548365574
2025-05-12 13:13:11,774 - INFO - util_fusion - fusion_dual_defense - client 1 selected fusion benigns: [1, 2, 3, 8]
2025-05-12 13:13:11,782 - DEBUG - util_fusion - fusion_dual_defense - client 2 scores: {0: array([120.32664607]), 1: array([122.97725518]), 2: array([121.0665185]), 3: array([123.13428729]), 4: array([119.85833093]), 5: array([120.19707043]), 6: array([119.25907483]), 7: array([119.22501124]), 8: array([121.22493893]), 9: array([117.96641857])}
2025-05-12 13:13:11,782 - DEBUG - util_fusion - fusion_dual_defense - client 2 norm scores: {0: array([0.45671197]), 1: array([0.96961376]), 2: array([0.59987978]), 3: array([1.]), 4: array([0.36609141]), 5: array([0.43163865]), 6: array([0.25013334]), 7: array([0.24354192]), 8: array([0.63053466]), 9: array([0.])}
2025-05-12 13:13:11,783 - DEBUG - util_fusion - fusion_dual_defense - client 2 similarity threshold: 0.494814548365574
2025-05-12 13:13:11,783 - INFO - util_fusion - fusion_dual_defense - client 2 selected fusion benigns: [1, 2, 3, 8]
2025-05-12 13:13:11,791 - DEBUG - util_fusion - fusion_dual_defense - client 3 scores: {0: array([120.32664607]), 1: array([122.97725518]), 2: array([121.0665185]), 3: array([123.13428729]), 4: array([119.85833093]), 5: array([120.19707043]), 6: array([119.25907483]), 7: array([119.22501124]), 8: array([121.22493893]), 9: array([117.96641857])}
2025-05-12 13:13:11,792 - DEBUG - util_fusion - fusion_dual_defense - client 3 norm scores: {0: array([0.45671197]), 1: array([0.96961376]), 2: array([0.59987978]), 3: array([1.]), 4: array([0.36609141]), 5: array([0.43163865]), 6: array([0.25013334]), 7: array([0.24354192]), 8: array([0.63053466]), 9: array([0.])}
2025-05-12 13:13:11,792 - DEBUG - util_fusion - fusion_dual_defense - client 3 similarity threshold: 0.494814548365574
2025-05-12 13:13:11,792 - INFO - util_fusion - fusion_dual_defense - client 3 selected fusion benigns: [1, 2, 3, 8]
2025-05-12 13:13:11,800 - DEBUG - util_fusion - fusion_dual_defense - client 4 scores: {0: array([120.32664607]), 1: array([122.97725518]), 2: array([121.0665185]), 3: array([123.13428729]), 4: array([119.85833093]), 5: array([120.19707043]), 6: array([119.25907483]), 7: array([119.22501124]), 8: array([121.22493893]), 9: array([117.96641857])}
2025-05-12 13:13:11,801 - DEBUG - util_fusion - fusion_dual_defense - client 4 norm scores: {0: array([0.45671197]), 1: array([0.96961376]), 2: array([0.59987978]), 3: array([1.]), 4: array([0.36609141]), 5: array([0.43163865]), 6: array([0.25013334]), 7: array([0.24354192]), 8: array([0.63053466]), 9: array([0.])}
2025-05-12 13:13:11,801 - DEBUG - util_fusion - fusion_dual_defense - client 4 similarity threshold: 0.494814548365574
2025-05-12 13:13:11,801 - INFO - util_fusion - fusion_dual_defense - client 4 selected fusion benigns: [1, 2, 3, 8]
2025-05-12 13:13:11,809 - DEBUG - util_fusion - fusion_dual_defense - client 5 scores: {0: array([120.32664607]), 1: array([122.97725518]), 2: array([121.0665185]), 3: array([123.13428729]), 4: array([119.85833093]), 5: array([120.19707043]), 6: array([119.25907483]), 7: array([119.22501124]), 8: array([121.22493893]), 9: array([117.96641857])}
2025-05-12 13:13:11,810 - DEBUG - util_fusion - fusion_dual_defense - client 5 norm scores: {0: array([0.45671197]), 1: array([0.96961376]), 2: array([0.59987978]), 3: array([1.]), 4: array([0.36609141]), 5: array([0.43163865]), 6: array([0.25013334]), 7: array([0.24354192]), 8: array([0.63053466]), 9: array([0.])}
2025-05-12 13:13:11,810 - DEBUG - util_fusion - fusion_dual_defense - client 5 similarity threshold: 0.494814548365574
2025-05-12 13:13:11,810 - INFO - util_fusion - fusion_dual_defense - client 5 selected fusion benigns: [1, 2, 3, 8]
2025-05-12 13:13:11,818 - DEBUG - util_fusion - fusion_dual_defense - client 6 scores: {0: array([120.32664607]), 1: array([122.97725518]), 2: array([121.0665185]), 3: array([123.13428729]), 4: array([119.85833093]), 5: array([120.19707043]), 6: array([119.25907483]), 7: array([119.22501124]), 8: array([121.22493893]), 9: array([117.96641857])}
2025-05-12 13:13:11,819 - DEBUG - util_fusion - fusion_dual_defense - client 6 norm scores: {0: array([0.45671197]), 1: array([0.96961376]), 2: array([0.59987978]), 3: array([1.]), 4: array([0.36609141]), 5: array([0.43163865]), 6: array([0.25013334]), 7: array([0.24354192]), 8: array([0.63053466]), 9: array([0.])}
2025-05-12 13:13:11,819 - DEBUG - util_fusion - fusion_dual_defense - client 6 similarity threshold: 0.494814548365574
2025-05-12 13:13:11,819 - INFO - util_fusion - fusion_dual_defense - client 6 selected fusion benigns: [1, 2, 3, 8]
2025-05-12 13:13:11,827 - DEBUG - util_fusion - fusion_dual_defense - client 7 scores: {0: array([120.32664607]), 1: array([122.97725518]), 2: array([121.0665185]), 3: array([123.13428729]), 4: array([119.85833093]), 5: array([120.19707043]), 6: array([119.25907483]), 7: array([119.22501124]), 8: array([121.22493893]), 9: array([117.96641857])}
2025-05-12 13:13:11,828 - DEBUG - util_fusion - fusion_dual_defense - client 7 norm scores: {0: array([0.45671197]), 1: array([0.96961376]), 2: array([0.59987978]), 3: array([1.]), 4: array([0.36609141]), 5: array([0.43163865]), 6: array([0.25013334]), 7: array([0.24354192]), 8: array([0.63053466]), 9: array([0.])}
2025-05-12 13:13:11,828 - DEBUG - util_fusion - fusion_dual_defense - client 7 similarity threshold: 0.494814548365574
2025-05-12 13:13:11,828 - INFO - util_fusion - fusion_dual_defense - client 7 selected fusion benigns: [1, 2, 3, 8]
2025-05-12 13:13:11,836 - DEBUG - util_fusion - fusion_dual_defense - client 8 scores: {0: array([120.32664607]), 1: array([122.97725518]), 2: array([121.0665185]), 3: array([123.13428729]), 4: array([119.85833093]), 5: array([120.19707043]), 6: array([119.25907483]), 7: array([119.22501124]), 8: array([121.22493893]), 9: array([117.96641857])}
2025-05-12 13:13:11,837 - DEBUG - util_fusion - fusion_dual_defense - client 8 norm scores: {0: array([0.45671197]), 1: array([0.96961376]), 2: array([0.59987978]), 3: array([1.]), 4: array([0.36609141]), 5: array([0.43163865]), 6: array([0.25013334]), 7: array([0.24354192]), 8: array([0.63053466]), 9: array([0.])}
2025-05-12 13:13:11,837 - DEBUG - util_fusion - fusion_dual_defense - client 8 similarity threshold: 0.494814548365574
2025-05-12 13:13:11,837 - INFO - util_fusion - fusion_dual_defense - client 8 selected fusion benigns: [1, 2, 3, 8]
2025-05-12 13:13:11,845 - DEBUG - util_fusion - fusion_dual_defense - client 9 scores: {0: array([120.32664607]), 1: array([122.97725518]), 2: array([121.0665185]), 3: array([123.13428729]), 4: array([119.85833093]), 5: array([120.19707043]), 6: array([119.25907483]), 7: array([119.22501124]), 8: array([121.22493893]), 9: array([117.96641857])}
2025-05-12 13:13:11,846 - DEBUG - util_fusion - fusion_dual_defense - client 9 norm scores: {0: array([0.45671197]), 1: array([0.96961376]), 2: array([0.59987978]), 3: array([1.]), 4: array([0.36609141]), 5: array([0.43163865]), 6: array([0.25013334]), 7: array([0.24354192]), 8: array([0.63053466]), 9: array([0.])}
2025-05-12 13:13:11,846 - DEBUG - util_fusion - fusion_dual_defense - client 9 similarity threshold: 0.494814548365574
2025-05-12 13:13:11,846 - INFO - util_fusion - fusion_dual_defense - client 9 selected fusion benigns: [1, 2, 3, 8]
2025-05-12 13:13:11,846 - DEBUG - util_fusion - fusion_dual_defense - final fusion benigns: (1, 2, 3, 8)
2025-05-12 13:13:13,478 - INFO - fl - start - global side -  test accuracy: 92.21
2025-05-12 13:13:13,478 - INFO - fl - start - global side iteration 3 -  test accuracy: 92.21
2025-05-12 13:13:13,479 - INFO - fl - start - start training round 4
2025-05-12 13:13:13,480 - INFO - fl - start - round 4 attackers: [6, 2]
2025-05-12 13:13:13,480 - INFO - fl - start - start client 0 training
2025-05-12 13:13:13,480 - INFO - fl - client_local_train - client 0 start local training ...
2025-05-12 13:13:18,451 - INFO - fl - start - end client 0 training
2025-05-12 13:13:18,451 - INFO - fl - start - client 0 evaluation metrics: {'train_loss': 0.16885933734080394, 'test_acc': 49.79}
2025-05-12 13:13:18,451 - INFO - fl - start - start client 1 training
2025-05-12 13:13:18,451 - INFO - fl - client_local_train - client 1 start local training ...
2025-05-12 13:13:28,333 - INFO - fl - start - end client 1 training
2025-05-12 13:13:28,333 - INFO - fl - start - client 1 evaluation metrics: {'train_loss': 0.22293970763151136, 'test_acc': 60.14}
2025-05-12 13:13:28,333 - INFO - fl - start - start client 2 training
2025-05-12 13:13:28,333 - INFO - fl - client_local_train - client 2 start local training ...
2025-05-12 13:13:30,467 - INFO - fl - client_local_train - client 2 is attacker, start poisoning model
2025-05-12 13:13:34,254 - INFO - fl - start - end client 2 training
2025-05-12 13:13:34,254 - INFO - fl - start - client 2 evaluation metrics: {'train_loss': 3.5384687025155594, 'test_acc': 11.47}
2025-05-12 13:13:34,254 - INFO - fl - start - start client 3 training
2025-05-12 13:13:34,254 - INFO - fl - client_local_train - client 3 start local training ...
2025-05-12 13:13:43,114 - INFO - fl - start - end client 3 training
2025-05-12 13:13:43,114 - INFO - fl - start - client 3 evaluation metrics: {'train_loss': 0.18757184238449948, 'test_acc': 74.2}
2025-05-12 13:13:43,114 - INFO - fl - start - start client 4 training
2025-05-12 13:13:43,114 - INFO - fl - client_local_train - client 4 start local training ...
2025-05-12 13:13:46,875 - INFO - fl - start - end client 4 training
2025-05-12 13:13:46,875 - INFO - fl - start - client 4 evaluation metrics: {'train_loss': 0.910946074128151, 'test_acc': 25.62}
2025-05-12 13:13:46,875 - INFO - fl - start - start client 5 training
2025-05-12 13:13:46,875 - INFO - fl - client_local_train - client 5 start local training ...
2025-05-12 13:13:50,731 - INFO - fl - start - end client 5 training
2025-05-12 13:13:50,731 - INFO - fl - start - client 5 evaluation metrics: {'train_loss': 1.137686520341843, 'test_acc': 10.09}
2025-05-12 13:13:50,731 - INFO - fl - start - start client 6 training
2025-05-12 13:13:50,731 - INFO - fl - client_local_train - client 6 start local training ...
2025-05-12 13:13:53,210 - INFO - fl - client_local_train - client 6 is attacker, start poisoning model
2025-05-12 13:13:57,196 - INFO - fl - start - end client 6 training
2025-05-12 13:13:57,196 - INFO - fl - start - client 6 evaluation metrics: {'train_loss': 110.29547585140575, 'test_acc': 21.65}
2025-05-12 13:13:57,196 - INFO - fl - start - start client 7 training
2025-05-12 13:13:57,196 - INFO - fl - client_local_train - client 7 start local training ...
2025-05-12 13:14:01,619 - INFO - fl - start - end client 7 training
2025-05-12 13:14:01,619 - INFO - fl - start - client 7 evaluation metrics: {'train_loss': 1.163217137518682, 'test_acc': 9.84}
2025-05-12 13:14:01,620 - INFO - fl - start - start client 8 training
2025-05-12 13:14:01,620 - INFO - fl - client_local_train - client 8 start local training ...
2025-05-12 13:14:06,142 - INFO - fl - start - end client 8 training
2025-05-12 13:14:06,142 - INFO - fl - start - client 8 evaluation metrics: {'train_loss': 1.311156430576421, 'test_acc': 15.1}
2025-05-12 13:14:06,142 - INFO - fl - start - start client 9 training
2025-05-12 13:14:06,142 - INFO - fl - client_local_train - client 9 start local training ...
2025-05-12 13:14:08,904 - INFO - fl - start - end client 9 training
2025-05-12 13:14:08,904 - INFO - fl - start - client 9 evaluation metrics: {'train_loss': 3.4000222049121347, 'test_acc': 62.88}
2025-05-12 13:14:08,904 - INFO - fl - aggregate_model - start model aggregation...fusion method: dual_defense
2025-05-12 13:14:08,904 - INFO - fl - aggregate_model - start hyper-guard fusion with epsilon 0.01
2025-05-12 13:14:08,904 - INFO - fl - aggregate_model - round 4 attackers: [2, 6]
2025-05-12 13:14:19,641 - DEBUG - util_fusion - fusion_dual_defense - client 0 scores: {0: array([23.08706285]), 1: array([22.94809626]), 2: array([21.19825966]), 3: array([23.19501118]), 4: array([22.38099592]), 5: array([21.53935989]), 6: array([18.82084405]), 7: array([18.69507903]), 8: array([21.04315364]), 9: array([22.04202448])}
2025-05-12 13:14:19,641 - DEBUG - util_fusion - fusion_dual_defense - client 0 norm scores: {0: array([0.97601112]), 1: array([0.94512919]), 2: array([0.55627075]), 3: array([1.]), 4: array([0.81910499]), 5: array([0.63207194]), 6: array([0.0279482]), 7: array([0.]), 8: array([0.52180223]), 9: array([0.74377687])}
2025-05-12 13:14:19,642 - DEBUG - util_fusion - fusion_dual_defense - client 0 similarity threshold: 0.6222115289433409
2025-05-12 13:14:19,642 - INFO - util_fusion - fusion_dual_defense - client 0 selected fusion benigns: [0, 1, 3, 4, 5, 9]
2025-05-12 13:14:19,650 - DEBUG - util_fusion - fusion_dual_defense - client 1 scores: {0: array([23.08706285]), 1: array([22.94809626]), 2: array([21.19825966]), 3: array([23.19501118]), 4: array([22.38099592]), 5: array([21.53935989]), 6: array([18.82084405]), 7: array([18.69507903]), 8: array([21.04315364]), 9: array([22.04202448])}
2025-05-12 13:14:19,651 - DEBUG - util_fusion - fusion_dual_defense - client 1 norm scores: {0: array([0.97601112]), 1: array([0.94512919]), 2: array([0.55627075]), 3: array([1.]), 4: array([0.81910499]), 5: array([0.63207194]), 6: array([0.0279482]), 7: array([0.]), 8: array([0.52180223]), 9: array([0.74377687])}
2025-05-12 13:14:19,651 - DEBUG - util_fusion - fusion_dual_defense - client 1 similarity threshold: 0.6222115289433409
2025-05-12 13:14:19,651 - INFO - util_fusion - fusion_dual_defense - client 1 selected fusion benigns: [0, 1, 3, 4, 5, 9]
2025-05-12 13:14:19,659 - DEBUG - util_fusion - fusion_dual_defense - client 2 scores: {0: array([23.08706285]), 1: array([22.94809626]), 2: array([21.19825966]), 3: array([23.19501118]), 4: array([22.38099592]), 5: array([21.53935989]), 6: array([18.82084405]), 7: array([18.69507903]), 8: array([21.04315364]), 9: array([22.04202448])}
2025-05-12 13:14:19,660 - DEBUG - util_fusion - fusion_dual_defense - client 2 norm scores: {0: array([0.97601112]), 1: array([0.94512919]), 2: array([0.55627075]), 3: array([1.]), 4: array([0.81910499]), 5: array([0.63207194]), 6: array([0.0279482]), 7: array([0.]), 8: array([0.52180223]), 9: array([0.74377687])}
2025-05-12 13:14:19,660 - DEBUG - util_fusion - fusion_dual_defense - client 2 similarity threshold: 0.6222115289433409
2025-05-12 13:14:19,660 - INFO - util_fusion - fusion_dual_defense - client 2 selected fusion benigns: [0, 1, 3, 4, 5, 9]
2025-05-12 13:14:19,668 - DEBUG - util_fusion - fusion_dual_defense - client 3 scores: {0: array([23.08706285]), 1: array([22.94809626]), 2: array([21.19825966]), 3: array([23.19501118]), 4: array([22.38099592]), 5: array([21.53935989]), 6: array([18.82084405]), 7: array([18.69507903]), 8: array([21.04315364]), 9: array([22.04202448])}
2025-05-12 13:14:19,669 - DEBUG - util_fusion - fusion_dual_defense - client 3 norm scores: {0: array([0.97601112]), 1: array([0.94512919]), 2: array([0.55627075]), 3: array([1.]), 4: array([0.81910499]), 5: array([0.63207194]), 6: array([0.0279482]), 7: array([0.]), 8: array([0.52180223]), 9: array([0.74377687])}
2025-05-12 13:14:19,669 - DEBUG - util_fusion - fusion_dual_defense - client 3 similarity threshold: 0.6222115289433409
2025-05-12 13:14:19,669 - INFO - util_fusion - fusion_dual_defense - client 3 selected fusion benigns: [0, 1, 3, 4, 5, 9]
2025-05-12 13:14:19,677 - DEBUG - util_fusion - fusion_dual_defense - client 4 scores: {0: array([23.08706285]), 1: array([22.94809626]), 2: array([21.19825966]), 3: array([23.19501118]), 4: array([22.38099592]), 5: array([21.53935989]), 6: array([18.82084405]), 7: array([18.69507903]), 8: array([21.04315364]), 9: array([22.04202448])}
2025-05-12 13:14:19,678 - DEBUG - util_fusion - fusion_dual_defense - client 4 norm scores: {0: array([0.97601112]), 1: array([0.94512919]), 2: array([0.55627075]), 3: array([1.]), 4: array([0.81910499]), 5: array([0.63207194]), 6: array([0.0279482]), 7: array([0.]), 8: array([0.52180223]), 9: array([0.74377687])}
2025-05-12 13:14:19,678 - DEBUG - util_fusion - fusion_dual_defense - client 4 similarity threshold: 0.6222115289433409
2025-05-12 13:14:19,678 - INFO - util_fusion - fusion_dual_defense - client 4 selected fusion benigns: [0, 1, 3, 4, 5, 9]
2025-05-12 13:14:19,686 - DEBUG - util_fusion - fusion_dual_defense - client 5 scores: {0: array([23.08706285]), 1: array([22.94809626]), 2: array([21.19825966]), 3: array([23.19501118]), 4: array([22.38099592]), 5: array([21.53935989]), 6: array([18.82084405]), 7: array([18.69507903]), 8: array([21.04315364]), 9: array([22.04202448])}
2025-05-12 13:14:19,687 - DEBUG - util_fusion - fusion_dual_defense - client 5 norm scores: {0: array([0.97601112]), 1: array([0.94512919]), 2: array([0.55627075]), 3: array([1.]), 4: array([0.81910499]), 5: array([0.63207194]), 6: array([0.0279482]), 7: array([0.]), 8: array([0.52180223]), 9: array([0.74377687])}
2025-05-12 13:14:19,687 - DEBUG - util_fusion - fusion_dual_defense - client 5 similarity threshold: 0.6222115289433409
2025-05-12 13:14:19,687 - INFO - util_fusion - fusion_dual_defense - client 5 selected fusion benigns: [0, 1, 3, 4, 5, 9]
2025-05-12 13:14:19,695 - DEBUG - util_fusion - fusion_dual_defense - client 6 scores: {0: array([23.08706285]), 1: array([22.94809626]), 2: array([21.19825966]), 3: array([23.19501118]), 4: array([22.38099592]), 5: array([21.53935989]), 6: array([18.82084405]), 7: array([18.69507903]), 8: array([21.04315364]), 9: array([22.04202448])}
2025-05-12 13:14:19,696 - DEBUG - util_fusion - fusion_dual_defense - client 6 norm scores: {0: array([0.97601112]), 1: array([0.94512919]), 2: array([0.55627075]), 3: array([1.]), 4: array([0.81910499]), 5: array([0.63207194]), 6: array([0.0279482]), 7: array([0.]), 8: array([0.52180223]), 9: array([0.74377687])}
2025-05-12 13:14:19,696 - DEBUG - util_fusion - fusion_dual_defense - client 6 similarity threshold: 0.6222115289433409
2025-05-12 13:14:19,696 - INFO - util_fusion - fusion_dual_defense - client 6 selected fusion benigns: [0, 1, 3, 4, 5, 9]
2025-05-12 13:14:19,704 - DEBUG - util_fusion - fusion_dual_defense - client 7 scores: {0: array([23.08706285]), 1: array([22.94809626]), 2: array([21.19825966]), 3: array([23.19501118]), 4: array([22.38099592]), 5: array([21.53935989]), 6: array([18.82084405]), 7: array([18.69507903]), 8: array([21.04315364]), 9: array([22.04202448])}
2025-05-12 13:14:19,705 - DEBUG - util_fusion - fusion_dual_defense - client 7 norm scores: {0: array([0.97601112]), 1: array([0.94512919]), 2: array([0.55627075]), 3: array([1.]), 4: array([0.81910499]), 5: array([0.63207194]), 6: array([0.0279482]), 7: array([0.]), 8: array([0.52180223]), 9: array([0.74377687])}
2025-05-12 13:14:19,705 - DEBUG - util_fusion - fusion_dual_defense - client 7 similarity threshold: 0.6222115289433409
2025-05-12 13:14:19,705 - INFO - util_fusion - fusion_dual_defense - client 7 selected fusion benigns: [0, 1, 3, 4, 5, 9]
2025-05-12 13:14:19,713 - DEBUG - util_fusion - fusion_dual_defense - client 8 scores: {0: array([23.08706285]), 1: array([22.94809626]), 2: array([21.19825966]), 3: array([23.19501118]), 4: array([22.38099592]), 5: array([21.53935989]), 6: array([18.82084405]), 7: array([18.69507903]), 8: array([21.04315364]), 9: array([22.04202448])}
2025-05-12 13:14:19,714 - DEBUG - util_fusion - fusion_dual_defense - client 8 norm scores: {0: array([0.97601112]), 1: array([0.94512919]), 2: array([0.55627075]), 3: array([1.]), 4: array([0.81910499]), 5: array([0.63207194]), 6: array([0.0279482]), 7: array([0.]), 8: array([0.52180223]), 9: array([0.74377687])}
2025-05-12 13:14:19,714 - DEBUG - util_fusion - fusion_dual_defense - client 8 similarity threshold: 0.6222115289433409
2025-05-12 13:14:19,714 - INFO - util_fusion - fusion_dual_defense - client 8 selected fusion benigns: [0, 1, 3, 4, 5, 9]
2025-05-12 13:14:19,723 - DEBUG - util_fusion - fusion_dual_defense - client 9 scores: {0: array([23.08706285]), 1: array([22.94809626]), 2: array([21.19825966]), 3: array([23.19501118]), 4: array([22.38099592]), 5: array([21.53935989]), 6: array([18.82084405]), 7: array([18.69507903]), 8: array([21.04315364]), 9: array([22.04202448])}
2025-05-12 13:14:19,723 - DEBUG - util_fusion - fusion_dual_defense - client 9 norm scores: {0: array([0.97601112]), 1: array([0.94512919]), 2: array([0.55627075]), 3: array([1.]), 4: array([0.81910499]), 5: array([0.63207194]), 6: array([0.0279482]), 7: array([0.]), 8: array([0.52180223]), 9: array([0.74377687])}
2025-05-12 13:14:19,723 - DEBUG - util_fusion - fusion_dual_defense - client 9 similarity threshold: 0.6222115289433409
2025-05-12 13:14:19,723 - INFO - util_fusion - fusion_dual_defense - client 9 selected fusion benigns: [0, 1, 3, 4, 5, 9]
2025-05-12 13:14:19,723 - DEBUG - util_fusion - fusion_dual_defense - final fusion benigns: (0, 1, 3, 4, 5, 9)
2025-05-12 13:14:21,470 - INFO - fl - start - global side -  test accuracy: 76.99
2025-05-12 13:14:21,470 - INFO - fl - start - global side iteration 4 -  test accuracy: 76.99
2025-05-12 13:14:21,470 - INFO - fl - start - start training round 5
2025-05-12 13:14:21,472 - INFO - fl - start - round 5 attackers: [7, 8]
2025-05-12 13:14:21,472 - INFO - fl - start - start client 0 training
2025-05-12 13:14:21,472 - INFO - fl - client_local_train - client 0 start local training ...
2025-05-12 13:14:26,455 - INFO - fl - start - end client 0 training
2025-05-12 13:14:26,455 - INFO - fl - start - client 0 evaluation metrics: {'train_loss': 0.0700997128321402, 'test_acc': 59.18}
2025-05-12 13:14:26,455 - INFO - fl - start - start client 1 training
2025-05-12 13:14:26,455 - INFO - fl - client_local_train - client 1 start local training ...
2025-05-12 13:14:36,399 - INFO - fl - start - end client 1 training
2025-05-12 13:14:36,399 - INFO - fl - start - client 1 evaluation metrics: {'train_loss': 0.06875839956240573, 'test_acc': 74.6}
2025-05-12 13:14:36,399 - INFO - fl - start - start client 2 training
2025-05-12 13:14:36,399 - INFO - fl - client_local_train - client 2 start local training ...
2025-05-12 13:14:40,431 - INFO - fl - start - end client 2 training
2025-05-12 13:14:40,431 - INFO - fl - start - client 2 evaluation metrics: {'train_loss': 0.09797467957702535, 'test_acc': 72.06}
2025-05-12 13:14:40,431 - INFO - fl - start - start client 3 training
2025-05-12 13:14:40,431 - INFO - fl - client_local_train - client 3 start local training ...
2025-05-12 13:14:49,314 - INFO - fl - start - end client 3 training
2025-05-12 13:14:49,314 - INFO - fl - start - client 3 evaluation metrics: {'train_loss': 0.10684654278731023, 'test_acc': 78.22}
2025-05-12 13:14:49,314 - INFO - fl - start - start client 4 training
2025-05-12 13:14:49,314 - INFO - fl - client_local_train - client 4 start local training ...
2025-05-12 13:14:53,092 - INFO - fl - start - end client 4 training
2025-05-12 13:14:53,092 - INFO - fl - start - client 4 evaluation metrics: {'train_loss': 0.10164318613242358, 'test_acc': 71.02}
2025-05-12 13:14:53,092 - INFO - fl - start - start client 5 training
2025-05-12 13:14:53,092 - INFO - fl - client_local_train - client 5 start local training ...
2025-05-12 13:14:57,007 - INFO - fl - start - end client 5 training
2025-05-12 13:14:57,008 - INFO - fl - start - client 5 evaluation metrics: {'train_loss': 0.1647274252914247, 'test_acc': 68.78}
2025-05-12 13:14:57,008 - INFO - fl - start - start client 6 training
2025-05-12 13:14:57,008 - INFO - fl - client_local_train - client 6 start local training ...
2025-05-12 13:15:01,506 - INFO - fl - start - end client 6 training
2025-05-12 13:15:01,506 - INFO - fl - start - client 6 evaluation metrics: {'train_loss': 0.06680325173482589, 'test_acc': 58.47}
2025-05-12 13:15:01,506 - INFO - fl - start - start client 7 training
2025-05-12 13:15:01,506 - INFO - fl - client_local_train - client 7 start local training ...
2025-05-12 13:15:03,939 - INFO - fl - client_local_train - client 7 is attacker, start poisoning model
2025-05-12 13:15:07,913 - INFO - fl - start - end client 7 training
2025-05-12 13:15:07,913 - INFO - fl - start - client 7 evaluation metrics: {'train_loss': 152.5757841581577, 'test_acc': 68.22}
2025-05-12 13:15:07,913 - INFO - fl - start - start client 8 training
2025-05-12 13:15:07,913 - INFO - fl - client_local_train - client 8 start local training ...
2025-05-12 13:15:10,475 - INFO - fl - client_local_train - client 8 is attacker, start poisoning model
2025-05-12 13:15:14,483 - INFO - fl - start - end client 8 training
2025-05-12 13:15:14,484 - INFO - fl - start - client 8 evaluation metrics: {'train_loss': 148.14942209139656, 'test_acc': 86.0}
2025-05-12 13:15:14,484 - INFO - fl - start - start client 9 training
2025-05-12 13:15:14,484 - INFO - fl - client_local_train - client 9 start local training ...
2025-05-12 13:15:17,250 - INFO - fl - start - end client 9 training
2025-05-12 13:15:17,250 - INFO - fl - start - client 9 evaluation metrics: {'train_loss': 0.07612149499847354, 'test_acc': 77.16}
2025-05-12 13:15:17,250 - INFO - fl - aggregate_model - start model aggregation...fusion method: dual_defense
2025-05-12 13:15:17,250 - INFO - fl - aggregate_model - start hyper-guard fusion with epsilon 0.01
2025-05-12 13:15:17,250 - INFO - fl - aggregate_model - round 5 attackers: [8, 7]
2025-05-12 13:15:28,002 - DEBUG - util_fusion - fusion_dual_defense - client 0 scores: {0: array([88.84366667]), 1: array([90.10893349]), 2: array([88.8616215]), 3: array([90.24840153]), 4: array([88.93386789]), 5: array([88.92457924]), 6: array([88.81939103]), 7: array([88.95009088]), 8: array([88.95120049]), 9: array([88.41511063])}
2025-05-12 13:15:28,003 - DEBUG - util_fusion - fusion_dual_defense - client 0 norm scores: {0: array([0.23376325]), 1: array([0.92392476]), 2: array([0.24355702]), 3: array([1.]), 4: array([0.28296505]), 5: array([0.2778984]), 6: array([0.22052168]), 7: array([0.29181416]), 8: array([0.29241942]), 9: array([0.])}
2025-05-12 13:15:28,003 - DEBUG - util_fusion - fusion_dual_defense - client 0 similarity threshold: 0.37668637383182185
2025-05-12 13:15:28,003 - INFO - util_fusion - fusion_dual_defense - client 0 selected fusion benigns: [1, 3]
2025-05-12 13:15:28,011 - DEBUG - util_fusion - fusion_dual_defense - client 1 scores: {0: array([88.84366667]), 1: array([90.10893349]), 2: array([88.8616215]), 3: array([90.24840153]), 4: array([88.93386789]), 5: array([88.92457924]), 6: array([88.81939103]), 7: array([88.95009088]), 8: array([88.95120049]), 9: array([88.41511063])}
2025-05-12 13:15:28,012 - DEBUG - util_fusion - fusion_dual_defense - client 1 norm scores: {0: array([0.23376325]), 1: array([0.92392476]), 2: array([0.24355702]), 3: array([1.]), 4: array([0.28296505]), 5: array([0.2778984]), 6: array([0.22052168]), 7: array([0.29181416]), 8: array([0.29241942]), 9: array([0.])}
2025-05-12 13:15:28,012 - DEBUG - util_fusion - fusion_dual_defense - client 1 similarity threshold: 0.37668637383182185
2025-05-12 13:15:28,012 - INFO - util_fusion - fusion_dual_defense - client 1 selected fusion benigns: [1, 3]
2025-05-12 13:15:28,022 - DEBUG - util_fusion - fusion_dual_defense - client 2 scores: {0: array([88.84366667]), 1: array([90.10893349]), 2: array([88.8616215]), 3: array([90.24840153]), 4: array([88.93386789]), 5: array([88.92457924]), 6: array([88.81939103]), 7: array([88.95009088]), 8: array([88.95120049]), 9: array([88.41511063])}
2025-05-12 13:15:28,023 - DEBUG - util_fusion - fusion_dual_defense - client 2 norm scores: {0: array([0.23376325]), 1: array([0.92392476]), 2: array([0.24355702]), 3: array([1.]), 4: array([0.28296505]), 5: array([0.2778984]), 6: array([0.22052168]), 7: array([0.29181416]), 8: array([0.29241942]), 9: array([0.])}
2025-05-12 13:15:28,023 - DEBUG - util_fusion - fusion_dual_defense - client 2 similarity threshold: 0.37668637383182185
2025-05-12 13:15:28,023 - INFO - util_fusion - fusion_dual_defense - client 2 selected fusion benigns: [1, 3]
2025-05-12 13:15:28,031 - DEBUG - util_fusion - fusion_dual_defense - client 3 scores: {0: array([88.84366667]), 1: array([90.10893349]), 2: array([88.8616215]), 3: array([90.24840153]), 4: array([88.93386789]), 5: array([88.92457924]), 6: array([88.81939103]), 7: array([88.95009088]), 8: array([88.95120049]), 9: array([88.41511063])}
2025-05-12 13:15:28,032 - DEBUG - util_fusion - fusion_dual_defense - client 3 norm scores: {0: array([0.23376325]), 1: array([0.92392476]), 2: array([0.24355702]), 3: array([1.]), 4: array([0.28296505]), 5: array([0.2778984]), 6: array([0.22052168]), 7: array([0.29181416]), 8: array([0.29241942]), 9: array([0.])}
2025-05-12 13:15:28,032 - DEBUG - util_fusion - fusion_dual_defense - client 3 similarity threshold: 0.37668637383182185
2025-05-12 13:15:28,032 - INFO - util_fusion - fusion_dual_defense - client 3 selected fusion benigns: [1, 3]
2025-05-12 13:15:28,040 - DEBUG - util_fusion - fusion_dual_defense - client 4 scores: {0: array([88.84366667]), 1: array([90.10893349]), 2: array([88.8616215]), 3: array([90.24840153]), 4: array([88.93386789]), 5: array([88.92457924]), 6: array([88.81939103]), 7: array([88.95009088]), 8: array([88.95120049]), 9: array([88.41511063])}
2025-05-12 13:15:28,041 - DEBUG - util_fusion - fusion_dual_defense - client 4 norm scores: {0: array([0.23376325]), 1: array([0.92392476]), 2: array([0.24355702]), 3: array([1.]), 4: array([0.28296505]), 5: array([0.2778984]), 6: array([0.22052168]), 7: array([0.29181416]), 8: array([0.29241942]), 9: array([0.])}
2025-05-12 13:15:28,041 - DEBUG - util_fusion - fusion_dual_defense - client 4 similarity threshold: 0.37668637383182185
2025-05-12 13:15:28,041 - INFO - util_fusion - fusion_dual_defense - client 4 selected fusion benigns: [1, 3]
2025-05-12 13:15:28,049 - DEBUG - util_fusion - fusion_dual_defense - client 5 scores: {0: array([88.84366667]), 1: array([90.10893349]), 2: array([88.8616215]), 3: array([90.24840153]), 4: array([88.93386789]), 5: array([88.92457924]), 6: array([88.81939103]), 7: array([88.95009088]), 8: array([88.95120049]), 9: array([88.41511063])}
2025-05-12 13:15:28,050 - DEBUG - util_fusion - fusion_dual_defense - client 5 norm scores: {0: array([0.23376325]), 1: array([0.92392476]), 2: array([0.24355702]), 3: array([1.]), 4: array([0.28296505]), 5: array([0.2778984]), 6: array([0.22052168]), 7: array([0.29181416]), 8: array([0.29241942]), 9: array([0.])}
2025-05-12 13:15:28,050 - DEBUG - util_fusion - fusion_dual_defense - client 5 similarity threshold: 0.37668637383182185
2025-05-12 13:15:28,050 - INFO - util_fusion - fusion_dual_defense - client 5 selected fusion benigns: [1, 3]
2025-05-12 13:15:28,058 - DEBUG - util_fusion - fusion_dual_defense - client 6 scores: {0: array([88.84366667]), 1: array([90.10893349]), 2: array([88.8616215]), 3: array([90.24840153]), 4: array([88.93386789]), 5: array([88.92457924]), 6: array([88.81939103]), 7: array([88.95009088]), 8: array([88.95120049]), 9: array([88.41511063])}
2025-05-12 13:15:28,059 - DEBUG - util_fusion - fusion_dual_defense - client 6 norm scores: {0: array([0.23376325]), 1: array([0.92392476]), 2: array([0.24355702]), 3: array([1.]), 4: array([0.28296505]), 5: array([0.2778984]), 6: array([0.22052168]), 7: array([0.29181416]), 8: array([0.29241942]), 9: array([0.])}
2025-05-12 13:15:28,059 - DEBUG - util_fusion - fusion_dual_defense - client 6 similarity threshold: 0.37668637383182185
2025-05-12 13:15:28,059 - INFO - util_fusion - fusion_dual_defense - client 6 selected fusion benigns: [1, 3]
2025-05-12 13:15:28,067 - DEBUG - util_fusion - fusion_dual_defense - client 7 scores: {0: array([88.84366667]), 1: array([90.10893349]), 2: array([88.8616215]), 3: array([90.24840153]), 4: array([88.93386789]), 5: array([88.92457924]), 6: array([88.81939103]), 7: array([88.95009088]), 8: array([88.95120049]), 9: array([88.41511063])}
2025-05-12 13:15:28,068 - DEBUG - util_fusion - fusion_dual_defense - client 7 norm scores: {0: array([0.23376325]), 1: array([0.92392476]), 2: array([0.24355702]), 3: array([1.]), 4: array([0.28296505]), 5: array([0.2778984]), 6: array([0.22052168]), 7: array([0.29181416]), 8: array([0.29241942]), 9: array([0.])}
2025-05-12 13:15:28,068 - DEBUG - util_fusion - fusion_dual_defense - client 7 similarity threshold: 0.37668637383182185
2025-05-12 13:15:28,068 - INFO - util_fusion - fusion_dual_defense - client 7 selected fusion benigns: [1, 3]
2025-05-12 13:15:28,077 - DEBUG - util_fusion - fusion_dual_defense - client 8 scores: {0: array([88.84366667]), 1: array([90.10893349]), 2: array([88.8616215]), 3: array([90.24840153]), 4: array([88.93386789]), 5: array([88.92457924]), 6: array([88.81939103]), 7: array([88.95009088]), 8: array([88.95120049]), 9: array([88.41511063])}
2025-05-12 13:15:28,077 - DEBUG - util_fusion - fusion_dual_defense - client 8 norm scores: {0: array([0.23376325]), 1: array([0.92392476]), 2: array([0.24355702]), 3: array([1.]), 4: array([0.28296505]), 5: array([0.2778984]), 6: array([0.22052168]), 7: array([0.29181416]), 8: array([0.29241942]), 9: array([0.])}
2025-05-12 13:15:28,077 - DEBUG - util_fusion - fusion_dual_defense - client 8 similarity threshold: 0.37668637383182185
2025-05-12 13:15:28,077 - INFO - util_fusion - fusion_dual_defense - client 8 selected fusion benigns: [1, 3]
2025-05-12 13:15:28,086 - DEBUG - util_fusion - fusion_dual_defense - client 9 scores: {0: array([88.84366667]), 1: array([90.10893349]), 2: array([88.8616215]), 3: array([90.24840153]), 4: array([88.93386789]), 5: array([88.92457924]), 6: array([88.81939103]), 7: array([88.95009088]), 8: array([88.95120049]), 9: array([88.41511063])}
2025-05-12 13:15:28,086 - DEBUG - util_fusion - fusion_dual_defense - client 9 norm scores: {0: array([0.23376325]), 1: array([0.92392476]), 2: array([0.24355702]), 3: array([1.]), 4: array([0.28296505]), 5: array([0.2778984]), 6: array([0.22052168]), 7: array([0.29181416]), 8: array([0.29241942]), 9: array([0.])}
2025-05-12 13:15:28,086 - DEBUG - util_fusion - fusion_dual_defense - client 9 similarity threshold: 0.37668637383182185
2025-05-12 13:15:28,086 - INFO - util_fusion - fusion_dual_defense - client 9 selected fusion benigns: [1, 3]
2025-05-12 13:15:28,086 - DEBUG - util_fusion - fusion_dual_defense - final fusion benigns: (1, 3)
2025-05-12 13:15:29,614 - INFO - fl - start - global side -  test accuracy: 85.14
2025-05-12 13:15:29,614 - INFO - fl - start - global side iteration 5 -  test accuracy: 85.14
2025-05-12 13:15:29,614 - INFO - fl - start - start training round 6
2025-05-12 13:15:29,616 - INFO - fl - start - round 6 attackers: [3, 4]
2025-05-12 13:15:29,616 - INFO - fl - start - start client 0 training
2025-05-12 13:15:29,616 - INFO - fl - client_local_train - client 0 start local training ...
2025-05-12 13:15:34,565 - INFO - fl - start - end client 0 training
2025-05-12 13:15:34,565 - INFO - fl - start - client 0 evaluation metrics: {'train_loss': 0.05065409857351359, 'test_acc': 70.35}
2025-05-12 13:15:34,565 - INFO - fl - start - start client 1 training
2025-05-12 13:15:34,565 - INFO - fl - client_local_train - client 1 start local training ...
2025-05-12 13:15:44,485 - INFO - fl - start - end client 1 training
2025-05-12 13:15:44,485 - INFO - fl - start - client 1 evaluation metrics: {'train_loss': 0.0478477277930194, 'test_acc': 73.6}
2025-05-12 13:15:44,485 - INFO - fl - start - start client 2 training
2025-05-12 13:15:44,485 - INFO - fl - client_local_train - client 2 start local training ...
2025-05-12 13:15:48,528 - INFO - fl - start - end client 2 training
2025-05-12 13:15:48,528 - INFO - fl - start - client 2 evaluation metrics: {'train_loss': 0.10429403074473402, 'test_acc': 85.74}
2025-05-12 13:15:48,528 - INFO - fl - start - start client 3 training
2025-05-12 13:15:48,528 - INFO - fl - client_local_train - client 3 start local training ...
2025-05-12 13:15:54,519 - INFO - fl - client_local_train - client 3 is attacker, start poisoning model
2025-05-12 13:16:00,367 - INFO - fl - start - end client 3 training
2025-05-12 13:16:00,367 - INFO - fl - start - client 3 evaluation metrics: {'train_loss': 121.0005240030637, 'test_acc': 81.93}
2025-05-12 13:16:00,367 - INFO - fl - start - start client 4 training
2025-05-12 13:16:00,367 - INFO - fl - client_local_train - client 4 start local training ...
2025-05-12 13:16:02,285 - INFO - fl - client_local_train - client 4 is attacker, start poisoning model
2025-05-12 13:16:05,977 - INFO - fl - start - end client 4 training
2025-05-12 13:16:05,977 - INFO - fl - start - client 4 evaluation metrics: {'train_loss': 57.469044880972554, 'test_acc': 82.03}
2025-05-12 13:16:05,977 - INFO - fl - start - start client 5 training
2025-05-12 13:16:05,977 - INFO - fl - client_local_train - client 5 start local training ...
2025-05-12 13:16:09,857 - INFO - fl - start - end client 5 training
2025-05-12 13:16:09,857 - INFO - fl - start - client 5 evaluation metrics: {'train_loss': 0.09834477040798419, 'test_acc': 84.08}
2025-05-12 13:16:09,857 - INFO - fl - start - start client 6 training
2025-05-12 13:16:09,857 - INFO - fl - client_local_train - client 6 start local training ...
2025-05-12 13:16:14,348 - INFO - fl - start - end client 6 training
2025-05-12 13:16:14,348 - INFO - fl - start - client 6 evaluation metrics: {'train_loss': 0.05769899517733168, 'test_acc': 72.97}
2025-05-12 13:16:14,348 - INFO - fl - start - start client 7 training
2025-05-12 13:16:14,348 - INFO - fl - client_local_train - client 7 start local training ...
2025-05-12 13:16:18,771 - INFO - fl - start - end client 7 training
2025-05-12 13:16:18,771 - INFO - fl - start - client 7 evaluation metrics: {'train_loss': 0.04630691308354634, 'test_acc': 77.52}
2025-05-12 13:16:18,772 - INFO - fl - start - start client 8 training
2025-05-12 13:16:18,772 - INFO - fl - client_local_train - client 8 start local training ...
2025-05-12 13:16:23,309 - INFO - fl - start - end client 8 training
2025-05-12 13:16:23,309 - INFO - fl - start - client 8 evaluation metrics: {'train_loss': 0.04629173474239642, 'test_acc': 91.88}
2025-05-12 13:16:23,309 - INFO - fl - start - start client 9 training
2025-05-12 13:16:23,309 - INFO - fl - client_local_train - client 9 start local training ...
2025-05-12 13:16:26,073 - INFO - fl - start - end client 9 training
2025-05-12 13:16:26,073 - INFO - fl - start - client 9 evaluation metrics: {'train_loss': 0.034353180923166554, 'test_acc': 92.22}
2025-05-12 13:16:26,073 - INFO - fl - aggregate_model - start model aggregation...fusion method: dual_defense
2025-05-12 13:16:26,073 - INFO - fl - aggregate_model - start hyper-guard fusion with epsilon 0.01
2025-05-12 13:16:26,073 - INFO - fl - aggregate_model - round 6 attackers: [3, 4]
2025-05-12 13:16:36,813 - DEBUG - util_fusion - fusion_dual_defense - client 0 scores: {0: array([106.56319029]), 1: array([107.1008164]), 2: array([106.70331901]), 3: array([107.20133379]), 4: array([106.5619123]), 5: array([106.56472886]), 6: array([106.56777251]), 7: array([106.36104529]), 8: array([106.35116802]), 9: array([106.1058813])}
2025-05-12 13:16:36,813 - DEBUG - util_fusion - fusion_dual_defense - client 0 norm scores: {0: array([0.41746127]), 1: array([0.90824121]), 2: array([0.54537985]), 3: array([1.]), 4: array([0.41629464]), 5: array([0.41886578]), 6: array([0.42164422]), 7: array([0.23293022]), 8: array([0.22391361]), 9: array([0.])}
2025-05-12 13:16:36,813 - DEBUG - util_fusion - fusion_dual_defense - client 0 similarity threshold: 0.4584730797269496
2025-05-12 13:16:36,814 - INFO - util_fusion - fusion_dual_defense - client 0 selected fusion benigns: [1, 2, 3]
2025-05-12 13:16:36,822 - DEBUG - util_fusion - fusion_dual_defense - client 1 scores: {0: array([106.56319029]), 1: array([107.1008164]), 2: array([106.70331901]), 3: array([107.20133379]), 4: array([106.5619123]), 5: array([106.56472886]), 6: array([106.56777251]), 7: array([106.36104529]), 8: array([106.35116802]), 9: array([106.1058813])}
2025-05-12 13:16:36,823 - DEBUG - util_fusion - fusion_dual_defense - client 1 norm scores: {0: array([0.41746127]), 1: array([0.90824121]), 2: array([0.54537985]), 3: array([1.]), 4: array([0.41629464]), 5: array([0.41886578]), 6: array([0.42164422]), 7: array([0.23293022]), 8: array([0.22391361]), 9: array([0.])}
2025-05-12 13:16:36,823 - DEBUG - util_fusion - fusion_dual_defense - client 1 similarity threshold: 0.4584730797269496
2025-05-12 13:16:36,823 - INFO - util_fusion - fusion_dual_defense - client 1 selected fusion benigns: [1, 2, 3]
2025-05-12 13:16:36,831 - DEBUG - util_fusion - fusion_dual_defense - client 2 scores: {0: array([106.56319029]), 1: array([107.1008164]), 2: array([106.70331901]), 3: array([107.20133379]), 4: array([106.5619123]), 5: array([106.56472886]), 6: array([106.56777251]), 7: array([106.36104529]), 8: array([106.35116802]), 9: array([106.1058813])}
2025-05-12 13:16:36,832 - DEBUG - util_fusion - fusion_dual_defense - client 2 norm scores: {0: array([0.41746127]), 1: array([0.90824121]), 2: array([0.54537985]), 3: array([1.]), 4: array([0.41629464]), 5: array([0.41886578]), 6: array([0.42164422]), 7: array([0.23293022]), 8: array([0.22391361]), 9: array([0.])}
2025-05-12 13:16:36,832 - DEBUG - util_fusion - fusion_dual_defense - client 2 similarity threshold: 0.4584730797269496
2025-05-12 13:16:36,832 - INFO - util_fusion - fusion_dual_defense - client 2 selected fusion benigns: [1, 2, 3]
2025-05-12 13:16:36,840 - DEBUG - util_fusion - fusion_dual_defense - client 3 scores: {0: array([106.56319029]), 1: array([107.1008164]), 2: array([106.70331901]), 3: array([107.20133379]), 4: array([106.5619123]), 5: array([106.56472886]), 6: array([106.56777251]), 7: array([106.36104529]), 8: array([106.35116802]), 9: array([106.1058813])}
2025-05-12 13:16:36,841 - DEBUG - util_fusion - fusion_dual_defense - client 3 norm scores: {0: array([0.41746127]), 1: array([0.90824121]), 2: array([0.54537985]), 3: array([1.]), 4: array([0.41629464]), 5: array([0.41886578]), 6: array([0.42164422]), 7: array([0.23293022]), 8: array([0.22391361]), 9: array([0.])}
2025-05-12 13:16:36,841 - DEBUG - util_fusion - fusion_dual_defense - client 3 similarity threshold: 0.4584730797269496
2025-05-12 13:16:36,841 - INFO - util_fusion - fusion_dual_defense - client 3 selected fusion benigns: [1, 2, 3]
2025-05-12 13:16:36,849 - DEBUG - util_fusion - fusion_dual_defense - client 4 scores: {0: array([106.56319029]), 1: array([107.1008164]), 2: array([106.70331901]), 3: array([107.20133379]), 4: array([106.5619123]), 5: array([106.56472886]), 6: array([106.56777251]), 7: array([106.36104529]), 8: array([106.35116802]), 9: array([106.1058813])}
2025-05-12 13:16:36,850 - DEBUG - util_fusion - fusion_dual_defense - client 4 norm scores: {0: array([0.41746127]), 1: array([0.90824121]), 2: array([0.54537985]), 3: array([1.]), 4: array([0.41629464]), 5: array([0.41886578]), 6: array([0.42164422]), 7: array([0.23293022]), 8: array([0.22391361]), 9: array([0.])}
2025-05-12 13:16:36,850 - DEBUG - util_fusion - fusion_dual_defense - client 4 similarity threshold: 0.4584730797269496
2025-05-12 13:16:36,850 - INFO - util_fusion - fusion_dual_defense - client 4 selected fusion benigns: [1, 2, 3]
2025-05-12 13:16:36,858 - DEBUG - util_fusion - fusion_dual_defense - client 5 scores: {0: array([106.56319029]), 1: array([107.1008164]), 2: array([106.70331901]), 3: array([107.20133379]), 4: array([106.5619123]), 5: array([106.56472886]), 6: array([106.56777251]), 7: array([106.36104529]), 8: array([106.35116802]), 9: array([106.1058813])}
2025-05-12 13:16:36,859 - DEBUG - util_fusion - fusion_dual_defense - client 5 norm scores: {0: array([0.41746127]), 1: array([0.90824121]), 2: array([0.54537985]), 3: array([1.]), 4: array([0.41629464]), 5: array([0.41886578]), 6: array([0.42164422]), 7: array([0.23293022]), 8: array([0.22391361]), 9: array([0.])}
2025-05-12 13:16:36,859 - DEBUG - util_fusion - fusion_dual_defense - client 5 similarity threshold: 0.4584730797269496
2025-05-12 13:16:36,859 - INFO - util_fusion - fusion_dual_defense - client 5 selected fusion benigns: [1, 2, 3]
2025-05-12 13:16:36,867 - DEBUG - util_fusion - fusion_dual_defense - client 6 scores: {0: array([106.56319029]), 1: array([107.1008164]), 2: array([106.70331901]), 3: array([107.20133379]), 4: array([106.5619123]), 5: array([106.56472886]), 6: array([106.56777251]), 7: array([106.36104529]), 8: array([106.35116802]), 9: array([106.1058813])}
2025-05-12 13:16:36,868 - DEBUG - util_fusion - fusion_dual_defense - client 6 norm scores: {0: array([0.41746127]), 1: array([0.90824121]), 2: array([0.54537985]), 3: array([1.]), 4: array([0.41629464]), 5: array([0.41886578]), 6: array([0.42164422]), 7: array([0.23293022]), 8: array([0.22391361]), 9: array([0.])}
2025-05-12 13:16:36,868 - DEBUG - util_fusion - fusion_dual_defense - client 6 similarity threshold: 0.4584730797269496
2025-05-12 13:16:36,868 - INFO - util_fusion - fusion_dual_defense - client 6 selected fusion benigns: [1, 2, 3]
2025-05-12 13:16:36,876 - DEBUG - util_fusion - fusion_dual_defense - client 7 scores: {0: array([106.56319029]), 1: array([107.1008164]), 2: array([106.70331901]), 3: array([107.20133379]), 4: array([106.5619123]), 5: array([106.56472886]), 6: array([106.56777251]), 7: array([106.36104529]), 8: array([106.35116802]), 9: array([106.1058813])}
2025-05-12 13:16:36,877 - DEBUG - util_fusion - fusion_dual_defense - client 7 norm scores: {0: array([0.41746127]), 1: array([0.90824121]), 2: array([0.54537985]), 3: array([1.]), 4: array([0.41629464]), 5: array([0.41886578]), 6: array([0.42164422]), 7: array([0.23293022]), 8: array([0.22391361]), 9: array([0.])}
2025-05-12 13:16:36,877 - DEBUG - util_fusion - fusion_dual_defense - client 7 similarity threshold: 0.4584730797269496
2025-05-12 13:16:36,877 - INFO - util_fusion - fusion_dual_defense - client 7 selected fusion benigns: [1, 2, 3]
2025-05-12 13:16:36,885 - DEBUG - util_fusion - fusion_dual_defense - client 8 scores: {0: array([106.56319029]), 1: array([107.1008164]), 2: array([106.70331901]), 3: array([107.20133379]), 4: array([106.5619123]), 5: array([106.56472886]), 6: array([106.56777251]), 7: array([106.36104529]), 8: array([106.35116802]), 9: array([106.1058813])}
2025-05-12 13:16:36,886 - DEBUG - util_fusion - fusion_dual_defense - client 8 norm scores: {0: array([0.41746127]), 1: array([0.90824121]), 2: array([0.54537985]), 3: array([1.]), 4: array([0.41629464]), 5: array([0.41886578]), 6: array([0.42164422]), 7: array([0.23293022]), 8: array([0.22391361]), 9: array([0.])}
2025-05-12 13:16:36,886 - DEBUG - util_fusion - fusion_dual_defense - client 8 similarity threshold: 0.4584730797269496
2025-05-12 13:16:36,886 - INFO - util_fusion - fusion_dual_defense - client 8 selected fusion benigns: [1, 2, 3]
2025-05-12 13:16:36,894 - DEBUG - util_fusion - fusion_dual_defense - client 9 scores: {0: array([106.56319029]), 1: array([107.1008164]), 2: array([106.70331901]), 3: array([107.20133379]), 4: array([106.5619123]), 5: array([106.56472886]), 6: array([106.56777251]), 7: array([106.36104529]), 8: array([106.35116802]), 9: array([106.1058813])}
2025-05-12 13:16:36,895 - DEBUG - util_fusion - fusion_dual_defense - client 9 norm scores: {0: array([0.41746127]), 1: array([0.90824121]), 2: array([0.54537985]), 3: array([1.]), 4: array([0.41629464]), 5: array([0.41886578]), 6: array([0.42164422]), 7: array([0.23293022]), 8: array([0.22391361]), 9: array([0.])}
2025-05-12 13:16:36,895 - DEBUG - util_fusion - fusion_dual_defense - client 9 similarity threshold: 0.4584730797269496
2025-05-12 13:16:36,895 - INFO - util_fusion - fusion_dual_defense - client 9 selected fusion benigns: [1, 2, 3]
2025-05-12 13:16:36,895 - DEBUG - util_fusion - fusion_dual_defense - final fusion benigns: (1, 2, 3)
2025-05-12 13:16:38,479 - INFO - fl - start - global side -  test accuracy: 85.6
2025-05-12 13:16:38,479 - INFO - fl - start - global side iteration 6 -  test accuracy: 85.6
2025-05-12 13:16:38,480 - INFO - fl - start - start training round 7
2025-05-12 13:16:38,481 - INFO - fl - start - round 7 attackers: [5, 9]
2025-05-12 13:16:38,481 - INFO - fl - start - start client 0 training
2025-05-12 13:16:38,481 - INFO - fl - client_local_train - client 0 start local training ...
2025-05-12 13:16:43,467 - INFO - fl - start - end client 0 training
2025-05-12 13:16:43,468 - INFO - fl - start - client 0 evaluation metrics: {'train_loss': 1.4631569586443098, 'test_acc': 9.58}
2025-05-12 13:16:43,468 - INFO - fl - start - start client 1 training
2025-05-12 13:16:43,468 - INFO - fl - client_local_train - client 1 start local training ...
2025-05-12 13:16:53,371 - INFO - fl - start - end client 1 training
2025-05-12 13:16:53,372 - INFO - fl - start - client 1 evaluation metrics: {'train_loss': nan, 'test_acc': 9.8}
2025-05-12 13:16:53,372 - INFO - fl - start - start client 2 training
2025-05-12 13:16:53,372 - INFO - fl - client_local_train - client 2 start local training ...
2025-05-12 13:16:57,416 - INFO - fl - start - end client 2 training
2025-05-12 13:16:57,417 - INFO - fl - start - client 2 evaluation metrics: {'train_loss': nan, 'test_acc': 9.8}
2025-05-12 13:16:57,417 - INFO - fl - start - start client 3 training
2025-05-12 13:16:57,417 - INFO - fl - client_local_train - client 3 start local training ...
2025-05-12 13:17:06,303 - INFO - fl - start - end client 3 training
2025-05-12 13:17:06,303 - INFO - fl - start - client 3 evaluation metrics: {'train_loss': 1.8979499024313848, 'test_acc': 10.1}
2025-05-12 13:17:06,303 - INFO - fl - start - start client 4 training
2025-05-12 13:17:06,303 - INFO - fl - client_local_train - client 4 start local training ...
2025-05-12 13:17:10,088 - INFO - fl - start - end client 4 training
2025-05-12 13:17:10,088 - INFO - fl - start - client 4 evaluation metrics: {'train_loss': 1.4563775916894277, 'test_acc': 10.1}
2025-05-12 13:17:10,088 - INFO - fl - start - start client 5 training
2025-05-12 13:17:10,088 - INFO - fl - client_local_train - client 5 start local training ...
2025-05-12 13:17:12,100 - INFO - fl - client_local_train - client 5 is attacker, start poisoning model
2025-05-12 13:17:15,836 - INFO - fl - start - end client 5 training
2025-05-12 13:17:15,836 - INFO - fl - start - client 5 evaluation metrics: {'train_loss': 6.03256859098162, 'test_acc': 10.09}
2025-05-12 13:17:15,836 - INFO - fl - start - start client 6 training
2025-05-12 13:17:15,836 - INFO - fl - client_local_train - client 6 start local training ...
2025-05-12 13:17:20,328 - INFO - fl - start - end client 6 training
2025-05-12 13:17:20,328 - INFO - fl - start - client 6 evaluation metrics: {'train_loss': 0.9706179933114485, 'test_acc': 9.82}
2025-05-12 13:17:20,329 - INFO - fl - start - start client 7 training
2025-05-12 13:17:20,329 - INFO - fl - client_local_train - client 7 start local training ...
2025-05-12 13:17:24,754 - INFO - fl - start - end client 7 training
2025-05-12 13:17:24,754 - INFO - fl - start - client 7 evaluation metrics: {'train_loss': nan, 'test_acc': 9.8}
2025-05-12 13:17:24,754 - INFO - fl - start - start client 8 training
2025-05-12 13:17:24,754 - INFO - fl - client_local_train - client 8 start local training ...
2025-05-12 13:17:29,312 - INFO - fl - start - end client 8 training
2025-05-12 13:17:29,312 - INFO - fl - start - client 8 evaluation metrics: {'train_loss': nan, 'test_acc': 9.8}
2025-05-12 13:17:29,312 - INFO - fl - start - start client 9 training
2025-05-12 13:17:29,312 - INFO - fl - client_local_train - client 9 start local training ...
2025-05-12 13:17:30,445 - INFO - fl - client_local_train - client 9 is attacker, start poisoning model
2025-05-12 13:17:33,707 - INFO - fl - start - end client 9 training
2025-05-12 13:17:33,707 - INFO - fl - start - client 9 evaluation metrics: {'train_loss': 7.501522868020194, 'test_acc': 10.1}
2025-05-12 13:17:33,707 - INFO - fl - aggregate_model - start model aggregation...fusion method: dual_defense
2025-05-12 13:17:33,707 - INFO - fl - aggregate_model - start hyper-guard fusion with epsilon 0.01
2025-05-12 13:17:33,707 - INFO - fl - aggregate_model - round 7 attackers: [9, 5]
2025-05-12 13:17:44,519 - DEBUG - util_fusion - fusion_dual_defense - client 0 scores: {0: array([22.74739026]), 1: array([1.41036282e+12]), 2: array([1.41036282e+12]), 3: array([102.21247313]), 4: array([97.14584412]), 5: array([69.08221528]), 6: array([108.03446075]), 7: array([1.41036282e+12]), 8: array([1.41036282e+12]), 9: array([47.41680825])}
2025-05-12 13:17:44,520 - DEBUG - util_fusion - fusion_dual_defense - client 0 norm scores: {0: array([0.]), 1: array([1.]), 2: array([1.]), 3: array([5.63437164e-11]), 4: array([5.27512869e-11]), 5: array([3.28531242e-11]), 6: array([6.04717234e-11]), 7: array([1.]), 8: array([1.]), 9: array([1.74915402e-11])}
2025-05-12 13:17:44,520 - DEBUG - util_fusion - fusion_dual_defense - client 0 similarity threshold: 0.4000000000219911
2025-05-12 13:17:44,520 - INFO - util_fusion - fusion_dual_defense - client 0 selected fusion benigns: [1, 2, 7, 8]
2025-05-12 13:17:44,528 - DEBUG - util_fusion - fusion_dual_defense - client 1 scores: {0: array([22.74739026]), 1: array([1.41036282e+12]), 2: array([1.41036282e+12]), 3: array([102.21247313]), 4: array([97.14584412]), 5: array([69.08221528]), 6: array([108.03446075]), 7: array([1.41036282e+12]), 8: array([1.41036282e+12]), 9: array([47.41680825])}
2025-05-12 13:17:44,529 - DEBUG - util_fusion - fusion_dual_defense - client 1 norm scores: {0: array([0.]), 1: array([1.]), 2: array([1.]), 3: array([5.63437164e-11]), 4: array([5.27512869e-11]), 5: array([3.28531242e-11]), 6: array([6.04717234e-11]), 7: array([1.]), 8: array([1.]), 9: array([1.74915402e-11])}
2025-05-12 13:17:44,529 - DEBUG - util_fusion - fusion_dual_defense - client 1 similarity threshold: 0.4000000000219911
2025-05-12 13:17:44,529 - INFO - util_fusion - fusion_dual_defense - client 1 selected fusion benigns: [1, 2, 7, 8]
2025-05-12 13:17:44,538 - DEBUG - util_fusion - fusion_dual_defense - client 2 scores: {0: array([22.74739026]), 1: array([1.41036282e+12]), 2: array([1.41036282e+12]), 3: array([102.21247313]), 4: array([97.14584412]), 5: array([69.08221528]), 6: array([108.03446075]), 7: array([1.41036282e+12]), 8: array([1.41036282e+12]), 9: array([47.41680825])}
2025-05-12 13:17:44,538 - DEBUG - util_fusion - fusion_dual_defense - client 2 norm scores: {0: array([0.]), 1: array([1.]), 2: array([1.]), 3: array([5.63437164e-11]), 4: array([5.27512869e-11]), 5: array([3.28531242e-11]), 6: array([6.04717234e-11]), 7: array([1.]), 8: array([1.]), 9: array([1.74915402e-11])}
2025-05-12 13:17:44,538 - DEBUG - util_fusion - fusion_dual_defense - client 2 similarity threshold: 0.4000000000219911
2025-05-12 13:17:44,538 - INFO - util_fusion - fusion_dual_defense - client 2 selected fusion benigns: [1, 2, 7, 8]
2025-05-12 13:17:44,547 - DEBUG - util_fusion - fusion_dual_defense - client 3 scores: {0: array([22.74739026]), 1: array([1.41036282e+12]), 2: array([1.41036282e+12]), 3: array([102.21247313]), 4: array([97.14584412]), 5: array([69.08221528]), 6: array([108.03446075]), 7: array([1.41036282e+12]), 8: array([1.41036282e+12]), 9: array([47.41680825])}
2025-05-12 13:17:44,547 - DEBUG - util_fusion - fusion_dual_defense - client 3 norm scores: {0: array([0.]), 1: array([1.]), 2: array([1.]), 3: array([5.63437164e-11]), 4: array([5.27512869e-11]), 5: array([3.28531242e-11]), 6: array([6.04717234e-11]), 7: array([1.]), 8: array([1.]), 9: array([1.74915402e-11])}
2025-05-12 13:17:44,547 - DEBUG - util_fusion - fusion_dual_defense - client 3 similarity threshold: 0.4000000000219911
2025-05-12 13:17:44,548 - INFO - util_fusion - fusion_dual_defense - client 3 selected fusion benigns: [1, 2, 7, 8]
2025-05-12 13:17:44,556 - DEBUG - util_fusion - fusion_dual_defense - client 4 scores: {0: array([22.74739026]), 1: array([1.41036282e+12]), 2: array([1.41036282e+12]), 3: array([102.21247313]), 4: array([97.14584412]), 5: array([69.08221528]), 6: array([108.03446075]), 7: array([1.41036282e+12]), 8: array([1.41036282e+12]), 9: array([47.41680825])}
2025-05-12 13:17:44,557 - DEBUG - util_fusion - fusion_dual_defense - client 4 norm scores: {0: array([0.]), 1: array([1.]), 2: array([1.]), 3: array([5.63437164e-11]), 4: array([5.27512869e-11]), 5: array([3.28531242e-11]), 6: array([6.04717234e-11]), 7: array([1.]), 8: array([1.]), 9: array([1.74915402e-11])}
2025-05-12 13:17:44,557 - DEBUG - util_fusion - fusion_dual_defense - client 4 similarity threshold: 0.4000000000219911
2025-05-12 13:17:44,557 - INFO - util_fusion - fusion_dual_defense - client 4 selected fusion benigns: [1, 2, 7, 8]
2025-05-12 13:17:44,565 - DEBUG - util_fusion - fusion_dual_defense - client 5 scores: {0: array([22.74739026]), 1: array([1.41036282e+12]), 2: array([1.41036282e+12]), 3: array([102.21247313]), 4: array([97.14584412]), 5: array([69.08221528]), 6: array([108.03446075]), 7: array([1.41036282e+12]), 8: array([1.41036282e+12]), 9: array([47.41680825])}
2025-05-12 13:17:44,566 - DEBUG - util_fusion - fusion_dual_defense - client 5 norm scores: {0: array([0.]), 1: array([1.]), 2: array([1.]), 3: array([5.63437164e-11]), 4: array([5.27512869e-11]), 5: array([3.28531242e-11]), 6: array([6.04717234e-11]), 7: array([1.]), 8: array([1.]), 9: array([1.74915402e-11])}
2025-05-12 13:17:44,566 - DEBUG - util_fusion - fusion_dual_defense - client 5 similarity threshold: 0.4000000000219911
2025-05-12 13:17:44,566 - INFO - util_fusion - fusion_dual_defense - client 5 selected fusion benigns: [1, 2, 7, 8]
2025-05-12 13:17:44,574 - DEBUG - util_fusion - fusion_dual_defense - client 6 scores: {0: array([22.74739026]), 1: array([1.41036282e+12]), 2: array([1.41036282e+12]), 3: array([102.21247313]), 4: array([97.14584412]), 5: array([69.08221528]), 6: array([108.03446075]), 7: array([1.41036282e+12]), 8: array([1.41036282e+12]), 9: array([47.41680825])}
2025-05-12 13:17:44,575 - DEBUG - util_fusion - fusion_dual_defense - client 6 norm scores: {0: array([0.]), 1: array([1.]), 2: array([1.]), 3: array([5.63437164e-11]), 4: array([5.27512869e-11]), 5: array([3.28531242e-11]), 6: array([6.04717234e-11]), 7: array([1.]), 8: array([1.]), 9: array([1.74915402e-11])}
2025-05-12 13:17:44,575 - DEBUG - util_fusion - fusion_dual_defense - client 6 similarity threshold: 0.4000000000219911
2025-05-12 13:17:44,575 - INFO - util_fusion - fusion_dual_defense - client 6 selected fusion benigns: [1, 2, 7, 8]
2025-05-12 13:17:44,584 - DEBUG - util_fusion - fusion_dual_defense - client 7 scores: {0: array([22.74739026]), 1: array([1.41036282e+12]), 2: array([1.41036282e+12]), 3: array([102.21247313]), 4: array([97.14584412]), 5: array([69.08221528]), 6: array([108.03446075]), 7: array([1.41036282e+12]), 8: array([1.41036282e+12]), 9: array([47.41680825])}
2025-05-12 13:17:44,584 - DEBUG - util_fusion - fusion_dual_defense - client 7 norm scores: {0: array([0.]), 1: array([1.]), 2: array([1.]), 3: array([5.63437164e-11]), 4: array([5.27512869e-11]), 5: array([3.28531242e-11]), 6: array([6.04717234e-11]), 7: array([1.]), 8: array([1.]), 9: array([1.74915402e-11])}
2025-05-12 13:17:44,584 - DEBUG - util_fusion - fusion_dual_defense - client 7 similarity threshold: 0.4000000000219911
2025-05-12 13:17:44,584 - INFO - util_fusion - fusion_dual_defense - client 7 selected fusion benigns: [1, 2, 7, 8]
2025-05-12 13:17:44,594 - DEBUG - util_fusion - fusion_dual_defense - client 8 scores: {0: array([22.74739026]), 1: array([1.41036282e+12]), 2: array([1.41036282e+12]), 3: array([102.21247313]), 4: array([97.14584412]), 5: array([69.08221528]), 6: array([108.03446075]), 7: array([1.41036282e+12]), 8: array([1.41036282e+12]), 9: array([47.41680825])}
2025-05-12 13:17:44,595 - DEBUG - util_fusion - fusion_dual_defense - client 8 norm scores: {0: array([0.]), 1: array([1.]), 2: array([1.]), 3: array([5.63437164e-11]), 4: array([5.27512869e-11]), 5: array([3.28531242e-11]), 6: array([6.04717234e-11]), 7: array([1.]), 8: array([1.]), 9: array([1.74915402e-11])}
2025-05-12 13:17:44,595 - DEBUG - util_fusion - fusion_dual_defense - client 8 similarity threshold: 0.4000000000219911
2025-05-12 13:17:44,595 - INFO - util_fusion - fusion_dual_defense - client 8 selected fusion benigns: [1, 2, 7, 8]
2025-05-12 13:17:44,604 - DEBUG - util_fusion - fusion_dual_defense - client 9 scores: {0: array([22.74739026]), 1: array([1.41036282e+12]), 2: array([1.41036282e+12]), 3: array([102.21247313]), 4: array([97.14584412]), 5: array([69.08221528]), 6: array([108.03446075]), 7: array([1.41036282e+12]), 8: array([1.41036282e+12]), 9: array([47.41680825])}
2025-05-12 13:17:44,604 - DEBUG - util_fusion - fusion_dual_defense - client 9 norm scores: {0: array([0.]), 1: array([1.]), 2: array([1.]), 3: array([5.63437164e-11]), 4: array([5.27512869e-11]), 5: array([3.28531242e-11]), 6: array([6.04717234e-11]), 7: array([1.]), 8: array([1.]), 9: array([1.74915402e-11])}
2025-05-12 13:17:44,604 - DEBUG - util_fusion - fusion_dual_defense - client 9 similarity threshold: 0.4000000000219911
2025-05-12 13:17:44,604 - INFO - util_fusion - fusion_dual_defense - client 9 selected fusion benigns: [1, 2, 7, 8]
2025-05-12 13:17:44,604 - DEBUG - util_fusion - fusion_dual_defense - final fusion benigns: (1, 2, 7, 8)
2025-05-12 13:17:46,235 - INFO - fl - start - global side -  test accuracy: 9.8
2025-05-12 13:17:46,235 - INFO - fl - start - global side iteration 7 -  test accuracy: 9.8
2025-05-12 13:17:46,235 - INFO - fl - start - start training round 8
2025-05-12 13:17:46,237 - INFO - fl - start - round 8 attackers: [2, 3]
2025-05-12 13:17:46,237 - INFO - fl - start - start client 0 training
2025-05-12 13:17:46,237 - INFO - fl - client_local_train - client 0 start local training ...
2025-05-12 13:17:51,187 - INFO - fl - start - end client 0 training
2025-05-12 13:17:51,187 - INFO - fl - start - client 0 evaluation metrics: {'train_loss': nan, 'test_acc': 9.8}
2025-05-12 13:17:51,187 - INFO - fl - start - start client 1 training
2025-05-12 13:17:51,187 - INFO - fl - client_local_train - client 1 start local training ...
2025-05-12 13:18:01,091 - INFO - fl - start - end client 1 training
2025-05-12 13:18:01,091 - INFO - fl - start - client 1 evaluation metrics: {'train_loss': nan, 'test_acc': 9.8}
2025-05-12 13:18:01,091 - INFO - fl - start - start client 2 training
2025-05-12 13:18:01,091 - INFO - fl - client_local_train - client 2 start local training ...
2025-05-12 13:18:03,232 - INFO - fl - client_local_train - client 2 is attacker, start poisoning model
2025-05-12 13:18:07,024 - INFO - fl - start - end client 2 training
2025-05-12 13:18:07,024 - INFO - fl - start - client 2 evaluation metrics: {'train_loss': nan, 'test_acc': 9.8}
2025-05-12 13:18:07,024 - INFO - fl - start - start client 3 training
2025-05-12 13:18:07,024 - INFO - fl - client_local_train - client 3 start local training ...
2025-05-12 13:18:12,969 - INFO - fl - client_local_train - client 3 is attacker, start poisoning model
2025-05-12 13:18:18,800 - INFO - fl - start - end client 3 training
2025-05-12 13:18:18,800 - INFO - fl - start - client 3 evaluation metrics: {'train_loss': nan, 'test_acc': 9.8}
2025-05-12 13:18:18,800 - INFO - fl - start - start client 4 training
2025-05-12 13:18:18,800 - INFO - fl - client_local_train - client 4 start local training ...
2025-05-12 13:18:22,572 - INFO - fl - start - end client 4 training
2025-05-12 13:18:22,572 - INFO - fl - start - client 4 evaluation metrics: {'train_loss': nan, 'test_acc': 9.8}
2025-05-12 13:18:22,572 - INFO - fl - start - start client 5 training
2025-05-12 13:18:22,572 - INFO - fl - client_local_train - client 5 start local training ...
2025-05-12 13:18:26,449 - INFO - fl - start - end client 5 training
2025-05-12 13:18:26,449 - INFO - fl - start - client 5 evaluation metrics: {'train_loss': 1.1760712597105238, 'test_acc': 10.09}
2025-05-12 13:18:26,449 - INFO - fl - start - start client 6 training
2025-05-12 13:18:26,449 - INFO - fl - client_local_train - client 6 start local training ...
2025-05-12 13:18:30,934 - INFO - fl - start - end client 6 training
2025-05-12 13:18:30,934 - INFO - fl - start - client 6 evaluation metrics: {'train_loss': nan, 'test_acc': 9.8}
2025-05-12 13:18:30,934 - INFO - fl - start - start client 7 training
2025-05-12 13:18:30,934 - INFO - fl - client_local_train - client 7 start local training ...
2025-05-12 13:18:35,354 - INFO - fl - start - end client 7 training
2025-05-12 13:18:35,354 - INFO - fl - start - client 7 evaluation metrics: {'train_loss': 1.31365389259238, 'test_acc': 9.8}
2025-05-12 13:18:35,354 - INFO - fl - start - start client 8 training
2025-05-12 13:18:35,354 - INFO - fl - client_local_train - client 8 start local training ...
2025-05-12 13:18:39,869 - INFO - fl - start - end client 8 training
2025-05-12 13:18:39,869 - INFO - fl - start - client 8 evaluation metrics: {'train_loss': 1.6072827019268954, 'test_acc': 9.74}
2025-05-12 13:18:39,870 - INFO - fl - start - start client 9 training
2025-05-12 13:18:39,870 - INFO - fl - client_local_train - client 9 start local training ...
2025-05-12 13:18:42,635 - INFO - fl - start - end client 9 training
2025-05-12 13:18:42,635 - INFO - fl - start - client 9 evaluation metrics: {'train_loss': nan, 'test_acc': 9.8}
2025-05-12 13:18:42,635 - INFO - fl - aggregate_model - start model aggregation...fusion method: dual_defense
2025-05-12 13:18:42,635 - INFO - fl - aggregate_model - start hyper-guard fusion with epsilon 0.01
2025-05-12 13:18:42,635 - INFO - fl - aggregate_model - round 8 attackers: [2, 3]
2025-05-12 13:18:53,637 - DEBUG - util_fusion - fusion_dual_defense - client 0 scores: {0: array([3.76897293e+11]), 1: array([3.76897293e+11]), 2: array([3.76897293e+11]), 3: array([3.76897293e+11]), 4: array([3.76897293e+11]), 5: array([4.10778594e-06]), 6: array([3.76897293e+11]), 7: array([4.40548127e-06]), 8: array([2.28460517e-06]), 9: array([3.76897293e+11])}
2025-05-12 13:18:53,638 - DEBUG - util_fusion - fusion_dual_defense - client 0 norm scores: {0: array([1.]), 1: array([1.]), 2: array([1.]), 3: array([1.]), 4: array([1.]), 5: array([4.83734111e-18]), 6: array([1.]), 7: array([5.62719908e-18]), 8: array([0.]), 9: array([1.])}
2025-05-12 13:18:53,638 - DEBUG - util_fusion - fusion_dual_defense - client 0 similarity threshold: 0.7
2025-05-12 13:18:53,638 - INFO - util_fusion - fusion_dual_defense - client 0 selected fusion benigns: [0, 1, 2, 3, 4, 6, 9]
2025-05-12 13:18:53,646 - DEBUG - util_fusion - fusion_dual_defense - client 1 scores: {0: array([3.76897293e+11]), 1: array([3.76897293e+11]), 2: array([3.76897293e+11]), 3: array([3.76897293e+11]), 4: array([3.76897293e+11]), 5: array([4.10778594e-06]), 6: array([3.76897293e+11]), 7: array([4.40548127e-06]), 8: array([2.28460517e-06]), 9: array([3.76897293e+11])}
2025-05-12 13:18:53,647 - DEBUG - util_fusion - fusion_dual_defense - client 1 norm scores: {0: array([1.]), 1: array([1.]), 2: array([1.]), 3: array([1.]), 4: array([1.]), 5: array([4.83734111e-18]), 6: array([1.]), 7: array([5.62719908e-18]), 8: array([0.]), 9: array([1.])}
2025-05-12 13:18:53,647 - DEBUG - util_fusion - fusion_dual_defense - client 1 similarity threshold: 0.7
2025-05-12 13:18:53,647 - INFO - util_fusion - fusion_dual_defense - client 1 selected fusion benigns: [0, 1, 2, 3, 4, 6, 9]
2025-05-12 13:18:53,656 - DEBUG - util_fusion - fusion_dual_defense - client 2 scores: {0: array([3.76897293e+11]), 1: array([3.76897293e+11]), 2: array([3.76897293e+11]), 3: array([3.76897293e+11]), 4: array([3.76897293e+11]), 5: array([4.10778594e-06]), 6: array([3.76897293e+11]), 7: array([4.40548127e-06]), 8: array([2.28460517e-06]), 9: array([3.76897293e+11])}
2025-05-12 13:18:53,656 - DEBUG - util_fusion - fusion_dual_defense - client 2 norm scores: {0: array([1.]), 1: array([1.]), 2: array([1.]), 3: array([1.]), 4: array([1.]), 5: array([4.83734111e-18]), 6: array([1.]), 7: array([5.62719908e-18]), 8: array([0.]), 9: array([1.])}
2025-05-12 13:18:53,656 - DEBUG - util_fusion - fusion_dual_defense - client 2 similarity threshold: 0.7
2025-05-12 13:18:53,656 - INFO - util_fusion - fusion_dual_defense - client 2 selected fusion benigns: [0, 1, 2, 3, 4, 6, 9]
2025-05-12 13:18:53,665 - DEBUG - util_fusion - fusion_dual_defense - client 3 scores: {0: array([3.76897293e+11]), 1: array([3.76897293e+11]), 2: array([3.76897293e+11]), 3: array([3.76897293e+11]), 4: array([3.76897293e+11]), 5: array([4.10778594e-06]), 6: array([3.76897293e+11]), 7: array([4.40548127e-06]), 8: array([2.28460517e-06]), 9: array([3.76897293e+11])}
2025-05-12 13:18:53,666 - DEBUG - util_fusion - fusion_dual_defense - client 3 norm scores: {0: array([1.]), 1: array([1.]), 2: array([1.]), 3: array([1.]), 4: array([1.]), 5: array([4.83734111e-18]), 6: array([1.]), 7: array([5.62719908e-18]), 8: array([0.]), 9: array([1.])}
2025-05-12 13:18:53,666 - DEBUG - util_fusion - fusion_dual_defense - client 3 similarity threshold: 0.7
2025-05-12 13:18:53,666 - INFO - util_fusion - fusion_dual_defense - client 3 selected fusion benigns: [0, 1, 2, 3, 4, 6, 9]
2025-05-12 13:18:53,674 - DEBUG - util_fusion - fusion_dual_defense - client 4 scores: {0: array([3.76897293e+11]), 1: array([3.76897293e+11]), 2: array([3.76897293e+11]), 3: array([3.76897293e+11]), 4: array([3.76897293e+11]), 5: array([4.10778594e-06]), 6: array([3.76897293e+11]), 7: array([4.40548127e-06]), 8: array([2.28460517e-06]), 9: array([3.76897293e+11])}
2025-05-12 13:18:53,675 - DEBUG - util_fusion - fusion_dual_defense - client 4 norm scores: {0: array([1.]), 1: array([1.]), 2: array([1.]), 3: array([1.]), 4: array([1.]), 5: array([4.83734111e-18]), 6: array([1.]), 7: array([5.62719908e-18]), 8: array([0.]), 9: array([1.])}
2025-05-12 13:18:53,675 - DEBUG - util_fusion - fusion_dual_defense - client 4 similarity threshold: 0.7
2025-05-12 13:18:53,675 - INFO - util_fusion - fusion_dual_defense - client 4 selected fusion benigns: [0, 1, 2, 3, 4, 6, 9]
2025-05-12 13:18:53,684 - DEBUG - util_fusion - fusion_dual_defense - client 5 scores: {0: array([3.76897293e+11]), 1: array([3.76897293e+11]), 2: array([3.76897293e+11]), 3: array([3.76897293e+11]), 4: array([3.76897293e+11]), 5: array([4.10778594e-06]), 6: array([3.76897293e+11]), 7: array([4.40548127e-06]), 8: array([2.28460517e-06]), 9: array([3.76897293e+11])}
2025-05-12 13:18:53,684 - DEBUG - util_fusion - fusion_dual_defense - client 5 norm scores: {0: array([1.]), 1: array([1.]), 2: array([1.]), 3: array([1.]), 4: array([1.]), 5: array([4.83734111e-18]), 6: array([1.]), 7: array([5.62719908e-18]), 8: array([0.]), 9: array([1.])}
2025-05-12 13:18:53,684 - DEBUG - util_fusion - fusion_dual_defense - client 5 similarity threshold: 0.7
2025-05-12 13:18:53,685 - INFO - util_fusion - fusion_dual_defense - client 5 selected fusion benigns: [0, 1, 2, 3, 4, 6, 9]
2025-05-12 13:18:53,693 - DEBUG - util_fusion - fusion_dual_defense - client 6 scores: {0: array([3.76897293e+11]), 1: array([3.76897293e+11]), 2: array([3.76897293e+11]), 3: array([3.76897293e+11]), 4: array([3.76897293e+11]), 5: array([4.10778594e-06]), 6: array([3.76897293e+11]), 7: array([4.40548127e-06]), 8: array([2.28460517e-06]), 9: array([3.76897293e+11])}
2025-05-12 13:18:53,694 - DEBUG - util_fusion - fusion_dual_defense - client 6 norm scores: {0: array([1.]), 1: array([1.]), 2: array([1.]), 3: array([1.]), 4: array([1.]), 5: array([4.83734111e-18]), 6: array([1.]), 7: array([5.62719908e-18]), 8: array([0.]), 9: array([1.])}
2025-05-12 13:18:53,694 - DEBUG - util_fusion - fusion_dual_defense - client 6 similarity threshold: 0.7
2025-05-12 13:18:53,694 - INFO - util_fusion - fusion_dual_defense - client 6 selected fusion benigns: [0, 1, 2, 3, 4, 6, 9]
2025-05-12 13:18:53,702 - DEBUG - util_fusion - fusion_dual_defense - client 7 scores: {0: array([3.76897293e+11]), 1: array([3.76897293e+11]), 2: array([3.76897293e+11]), 3: array([3.76897293e+11]), 4: array([3.76897293e+11]), 5: array([4.10778594e-06]), 6: array([3.76897293e+11]), 7: array([4.40548127e-06]), 8: array([2.28460517e-06]), 9: array([3.76897293e+11])}
2025-05-12 13:18:53,703 - DEBUG - util_fusion - fusion_dual_defense - client 7 norm scores: {0: array([1.]), 1: array([1.]), 2: array([1.]), 3: array([1.]), 4: array([1.]), 5: array([4.83734111e-18]), 6: array([1.]), 7: array([5.62719908e-18]), 8: array([0.]), 9: array([1.])}
2025-05-12 13:18:53,703 - DEBUG - util_fusion - fusion_dual_defense - client 7 similarity threshold: 0.7
2025-05-12 13:18:53,703 - INFO - util_fusion - fusion_dual_defense - client 7 selected fusion benigns: [0, 1, 2, 3, 4, 6, 9]
2025-05-12 13:18:53,712 - DEBUG - util_fusion - fusion_dual_defense - client 8 scores: {0: array([3.76897293e+11]), 1: array([3.76897293e+11]), 2: array([3.76897293e+11]), 3: array([3.76897293e+11]), 4: array([3.76897293e+11]), 5: array([4.10778594e-06]), 6: array([3.76897293e+11]), 7: array([4.40548127e-06]), 8: array([2.28460517e-06]), 9: array([3.76897293e+11])}
2025-05-12 13:18:53,712 - DEBUG - util_fusion - fusion_dual_defense - client 8 norm scores: {0: array([1.]), 1: array([1.]), 2: array([1.]), 3: array([1.]), 4: array([1.]), 5: array([4.83734111e-18]), 6: array([1.]), 7: array([5.62719908e-18]), 8: array([0.]), 9: array([1.])}
2025-05-12 13:18:53,712 - DEBUG - util_fusion - fusion_dual_defense - client 8 similarity threshold: 0.7
2025-05-12 13:18:53,712 - INFO - util_fusion - fusion_dual_defense - client 8 selected fusion benigns: [0, 1, 2, 3, 4, 6, 9]
2025-05-12 13:18:53,721 - DEBUG - util_fusion - fusion_dual_defense - client 9 scores: {0: array([3.76897293e+11]), 1: array([3.76897293e+11]), 2: array([3.76897293e+11]), 3: array([3.76897293e+11]), 4: array([3.76897293e+11]), 5: array([4.10778594e-06]), 6: array([3.76897293e+11]), 7: array([4.40548127e-06]), 8: array([2.28460517e-06]), 9: array([3.76897293e+11])}
2025-05-12 13:18:53,722 - DEBUG - util_fusion - fusion_dual_defense - client 9 norm scores: {0: array([1.]), 1: array([1.]), 2: array([1.]), 3: array([1.]), 4: array([1.]), 5: array([4.83734111e-18]), 6: array([1.]), 7: array([5.62719908e-18]), 8: array([0.]), 9: array([1.])}
2025-05-12 13:18:53,722 - DEBUG - util_fusion - fusion_dual_defense - client 9 similarity threshold: 0.7
2025-05-12 13:18:53,722 - INFO - util_fusion - fusion_dual_defense - client 9 selected fusion benigns: [0, 1, 2, 3, 4, 6, 9]
2025-05-12 13:18:53,722 - DEBUG - util_fusion - fusion_dual_defense - final fusion benigns: (0, 1, 2, 3, 4, 6, 9)
2025-05-12 13:18:55,525 - INFO - fl - start - global side -  test accuracy: 9.8
2025-05-12 13:18:55,525 - INFO - fl - start - global side iteration 8 -  test accuracy: 9.8
2025-05-12 13:18:55,525 - INFO - fl - start - start training round 9
2025-05-12 13:18:55,527 - INFO - fl - start - round 9 attackers: [0, 9]
2025-05-12 13:18:55,527 - INFO - fl - start - start client 0 training
2025-05-12 13:18:55,527 - INFO - fl - client_local_train - client 0 start local training ...
2025-05-12 13:18:58,376 - INFO - fl - client_local_train - client 0 is attacker, start poisoning model
2025-05-12 13:19:02,578 - INFO - fl - start - end client 0 training
2025-05-12 13:19:02,578 - INFO - fl - start - client 0 evaluation metrics: {'train_loss': 2224330726005035.2, 'test_acc': 9.82}
2025-05-12 13:19:02,578 - INFO - fl - start - start client 1 training
2025-05-12 13:19:02,578 - INFO - fl - client_local_train - client 1 start local training ...
2025-05-12 13:19:12,484 - INFO - fl - start - end client 1 training
2025-05-12 13:19:12,484 - INFO - fl - start - client 1 evaluation metrics: {'train_loss': 12726164808070.096, 'test_acc': 8.92}
2025-05-12 13:19:12,484 - INFO - fl - start - start client 2 training
2025-05-12 13:19:12,484 - INFO - fl - client_local_train - client 2 start local training ...
2025-05-12 13:19:16,520 - INFO - fl - start - end client 2 training
2025-05-12 13:19:16,521 - INFO - fl - start - client 2 evaluation metrics: {'train_loss': 12295756598378.984, 'test_acc': 11.35}
2025-05-12 13:19:16,521 - INFO - fl - start - start client 3 training
2025-05-12 13:19:16,521 - INFO - fl - client_local_train - client 3 start local training ...
2025-05-12 13:19:25,390 - INFO - fl - start - end client 3 training
2025-05-12 13:19:25,390 - INFO - fl - start - client 3 evaluation metrics: {'train_loss': 18734299285935.742, 'test_acc': 9.58}
2025-05-12 13:19:25,390 - INFO - fl - start - start client 4 training
2025-05-12 13:19:25,390 - INFO - fl - client_local_train - client 4 start local training ...
2025-05-12 13:19:29,165 - INFO - fl - start - end client 4 training
2025-05-12 13:19:29,165 - INFO - fl - start - client 4 evaluation metrics: {'train_loss': 19659279931801.6, 'test_acc': 10.1}
2025-05-12 13:19:29,166 - INFO - fl - start - start client 5 training
2025-05-12 13:19:29,166 - INFO - fl - client_local_train - client 5 start local training ...
2025-05-12 13:19:33,062 - INFO - fl - start - end client 5 training
2025-05-12 13:19:33,062 - INFO - fl - start - client 5 evaluation metrics: {'train_loss': 14647130541364.826, 'test_acc': 10.09}
2025-05-12 13:19:33,062 - INFO - fl - start - start client 6 training
2025-05-12 13:19:33,062 - INFO - fl - client_local_train - client 6 start local training ...
2025-05-12 13:19:37,523 - INFO - fl - start - end client 6 training
2025-05-12 13:19:37,523 - INFO - fl - start - client 6 evaluation metrics: {'train_loss': 26555725977413.816, 'test_acc': 10.09}
2025-05-12 13:19:37,523 - INFO - fl - start - start client 7 training
2025-05-12 13:19:37,523 - INFO - fl - client_local_train - client 7 start local training ...
2025-05-12 13:19:41,950 - INFO - fl - start - end client 7 training
2025-05-12 13:19:41,950 - INFO - fl - start - client 7 evaluation metrics: {'train_loss': 19690731601920.0, 'test_acc': 11.35}
2025-05-12 13:19:41,950 - INFO - fl - start - start client 8 training
2025-05-12 13:19:41,950 - INFO - fl - client_local_train - client 8 start local training ...
2025-05-12 13:19:46,493 - INFO - fl - start - end client 8 training
2025-05-12 13:19:46,493 - INFO - fl - start - client 8 evaluation metrics: {'train_loss': 47852051397411.65, 'test_acc': 11.35}
2025-05-12 13:19:46,493 - INFO - fl - start - start client 9 training
2025-05-12 13:19:46,493 - INFO - fl - client_local_train - client 9 start local training ...
2025-05-12 13:19:47,610 - INFO - fl - client_local_train - client 9 is attacker, start poisoning model
2025-05-12 13:19:50,867 - INFO - fl - start - end client 9 training
2025-05-12 13:19:50,867 - INFO - fl - start - client 9 evaluation metrics: {'train_loss': 896500819955360.9, 'test_acc': 10.1}
2025-05-12 13:19:50,867 - INFO - fl - aggregate_model - start model aggregation...fusion method: dual_defense
2025-05-12 13:19:50,867 - INFO - fl - aggregate_model - start hyper-guard fusion with epsilon 0.01
2025-05-12 13:19:50,867 - INFO - fl - aggregate_model - round 9 attackers: [0, 9]
2025-05-12 13:20:01,957 - DEBUG - util_fusion - fusion_dual_defense - client 0 scores: {0: array([5432.49824994]), 1: array([5433.16807705]), 2: array([5432.88635202]), 3: array([5433.04298111]), 4: array([5432.96106495]), 5: array([5433.05641486]), 6: array([5433.09701399]), 7: array([5432.9936958]), 8: array([5432.76645662]), 9: array([5432.9725856])}
2025-05-12 13:20:01,957 - DEBUG - util_fusion - fusion_dual_defense - client 0 norm scores: {0: array([0.]), 1: array([1.]), 2: array([0.57940636]), 3: array([0.81324146]), 4: array([0.69094697]), 5: array([0.833297]), 6: array([0.89390835]), 7: array([0.7396623]), 8: array([0.4004118]), 9: array([0.7081464])}
2025-05-12 13:20:01,957 - DEBUG - util_fusion - fusion_dual_defense - client 0 similarity threshold: 0.6659020623021747
2025-05-12 13:20:01,958 - INFO - util_fusion - fusion_dual_defense - client 0 selected fusion benigns: [1, 3, 4, 5, 6, 7, 9]
2025-05-12 13:20:01,966 - DEBUG - util_fusion - fusion_dual_defense - client 1 scores: {0: array([5432.49824994]), 1: array([5433.16807705]), 2: array([5432.88635202]), 3: array([5433.04298111]), 4: array([5432.96106495]), 5: array([5433.05641486]), 6: array([5433.09701399]), 7: array([5432.9936958]), 8: array([5432.76645662]), 9: array([5432.9725856])}
2025-05-12 13:20:01,967 - DEBUG - util_fusion - fusion_dual_defense - client 1 norm scores: {0: array([0.]), 1: array([1.]), 2: array([0.57940636]), 3: array([0.81324146]), 4: array([0.69094697]), 5: array([0.833297]), 6: array([0.89390835]), 7: array([0.7396623]), 8: array([0.4004118]), 9: array([0.7081464])}
2025-05-12 13:20:01,967 - DEBUG - util_fusion - fusion_dual_defense - client 1 similarity threshold: 0.6659020623021747
2025-05-12 13:20:01,967 - INFO - util_fusion - fusion_dual_defense - client 1 selected fusion benigns: [1, 3, 4, 5, 6, 7, 9]
2025-05-12 13:20:01,975 - DEBUG - util_fusion - fusion_dual_defense - client 2 scores: {0: array([5432.49824994]), 1: array([5433.16807705]), 2: array([5432.88635202]), 3: array([5433.04298111]), 4: array([5432.96106495]), 5: array([5433.05641486]), 6: array([5433.09701399]), 7: array([5432.9936958]), 8: array([5432.76645662]), 9: array([5432.9725856])}
2025-05-12 13:20:01,976 - DEBUG - util_fusion - fusion_dual_defense - client 2 norm scores: {0: array([0.]), 1: array([1.]), 2: array([0.57940636]), 3: array([0.81324146]), 4: array([0.69094697]), 5: array([0.833297]), 6: array([0.89390835]), 7: array([0.7396623]), 8: array([0.4004118]), 9: array([0.7081464])}
2025-05-12 13:20:01,976 - DEBUG - util_fusion - fusion_dual_defense - client 2 similarity threshold: 0.6659020623021747
2025-05-12 13:20:01,976 - INFO - util_fusion - fusion_dual_defense - client 2 selected fusion benigns: [1, 3, 4, 5, 6, 7, 9]
2025-05-12 13:20:01,984 - DEBUG - util_fusion - fusion_dual_defense - client 3 scores: {0: array([5432.49824994]), 1: array([5433.16807705]), 2: array([5432.88635202]), 3: array([5433.04298111]), 4: array([5432.96106495]), 5: array([5433.05641486]), 6: array([5433.09701399]), 7: array([5432.9936958]), 8: array([5432.76645662]), 9: array([5432.9725856])}
2025-05-12 13:20:01,985 - DEBUG - util_fusion - fusion_dual_defense - client 3 norm scores: {0: array([0.]), 1: array([1.]), 2: array([0.57940636]), 3: array([0.81324146]), 4: array([0.69094697]), 5: array([0.833297]), 6: array([0.89390835]), 7: array([0.7396623]), 8: array([0.4004118]), 9: array([0.7081464])}
2025-05-12 13:20:01,985 - DEBUG - util_fusion - fusion_dual_defense - client 3 similarity threshold: 0.6659020623021747
2025-05-12 13:20:01,985 - INFO - util_fusion - fusion_dual_defense - client 3 selected fusion benigns: [1, 3, 4, 5, 6, 7, 9]
2025-05-12 13:20:01,993 - DEBUG - util_fusion - fusion_dual_defense - client 4 scores: {0: array([5432.49824994]), 1: array([5433.16807705]), 2: array([5432.88635202]), 3: array([5433.04298111]), 4: array([5432.96106495]), 5: array([5433.05641486]), 6: array([5433.09701399]), 7: array([5432.9936958]), 8: array([5432.76645662]), 9: array([5432.9725856])}
2025-05-12 13:20:01,994 - DEBUG - util_fusion - fusion_dual_defense - client 4 norm scores: {0: array([0.]), 1: array([1.]), 2: array([0.57940636]), 3: array([0.81324146]), 4: array([0.69094697]), 5: array([0.833297]), 6: array([0.89390835]), 7: array([0.7396623]), 8: array([0.4004118]), 9: array([0.7081464])}
2025-05-12 13:20:01,994 - DEBUG - util_fusion - fusion_dual_defense - client 4 similarity threshold: 0.6659020623021747
2025-05-12 13:20:01,994 - INFO - util_fusion - fusion_dual_defense - client 4 selected fusion benigns: [1, 3, 4, 5, 6, 7, 9]
2025-05-12 13:20:02,002 - DEBUG - util_fusion - fusion_dual_defense - client 5 scores: {0: array([5432.49824994]), 1: array([5433.16807705]), 2: array([5432.88635202]), 3: array([5433.04298111]), 4: array([5432.96106495]), 5: array([5433.05641486]), 6: array([5433.09701399]), 7: array([5432.9936958]), 8: array([5432.76645662]), 9: array([5432.9725856])}
2025-05-12 13:20:02,003 - DEBUG - util_fusion - fusion_dual_defense - client 5 norm scores: {0: array([0.]), 1: array([1.]), 2: array([0.57940636]), 3: array([0.81324146]), 4: array([0.69094697]), 5: array([0.833297]), 6: array([0.89390835]), 7: array([0.7396623]), 8: array([0.4004118]), 9: array([0.7081464])}
2025-05-12 13:20:02,003 - DEBUG - util_fusion - fusion_dual_defense - client 5 similarity threshold: 0.6659020623021747
2025-05-12 13:20:02,003 - INFO - util_fusion - fusion_dual_defense - client 5 selected fusion benigns: [1, 3, 4, 5, 6, 7, 9]
2025-05-12 13:20:02,011 - DEBUG - util_fusion - fusion_dual_defense - client 6 scores: {0: array([5432.49824994]), 1: array([5433.16807705]), 2: array([5432.88635202]), 3: array([5433.04298111]), 4: array([5432.96106495]), 5: array([5433.05641486]), 6: array([5433.09701399]), 7: array([5432.9936958]), 8: array([5432.76645662]), 9: array([5432.9725856])}
2025-05-12 13:20:02,012 - DEBUG - util_fusion - fusion_dual_defense - client 6 norm scores: {0: array([0.]), 1: array([1.]), 2: array([0.57940636]), 3: array([0.81324146]), 4: array([0.69094697]), 5: array([0.833297]), 6: array([0.89390835]), 7: array([0.7396623]), 8: array([0.4004118]), 9: array([0.7081464])}
2025-05-12 13:20:02,012 - DEBUG - util_fusion - fusion_dual_defense - client 6 similarity threshold: 0.6659020623021747
2025-05-12 13:20:02,012 - INFO - util_fusion - fusion_dual_defense - client 6 selected fusion benigns: [1, 3, 4, 5, 6, 7, 9]
2025-05-12 13:20:02,020 - DEBUG - util_fusion - fusion_dual_defense - client 7 scores: {0: array([5432.49824994]), 1: array([5433.16807705]), 2: array([5432.88635202]), 3: array([5433.04298111]), 4: array([5432.96106495]), 5: array([5433.05641486]), 6: array([5433.09701399]), 7: array([5432.9936958]), 8: array([5432.76645662]), 9: array([5432.9725856])}
2025-05-12 13:20:02,021 - DEBUG - util_fusion - fusion_dual_defense - client 7 norm scores: {0: array([0.]), 1: array([1.]), 2: array([0.57940636]), 3: array([0.81324146]), 4: array([0.69094697]), 5: array([0.833297]), 6: array([0.89390835]), 7: array([0.7396623]), 8: array([0.4004118]), 9: array([0.7081464])}
2025-05-12 13:20:02,021 - DEBUG - util_fusion - fusion_dual_defense - client 7 similarity threshold: 0.6659020623021747
2025-05-12 13:20:02,021 - INFO - util_fusion - fusion_dual_defense - client 7 selected fusion benigns: [1, 3, 4, 5, 6, 7, 9]
2025-05-12 13:20:02,029 - DEBUG - util_fusion - fusion_dual_defense - client 8 scores: {0: array([5432.49824994]), 1: array([5433.16807705]), 2: array([5432.88635202]), 3: array([5433.04298111]), 4: array([5432.96106495]), 5: array([5433.05641486]), 6: array([5433.09701399]), 7: array([5432.9936958]), 8: array([5432.76645662]), 9: array([5432.9725856])}
2025-05-12 13:20:02,030 - DEBUG - util_fusion - fusion_dual_defense - client 8 norm scores: {0: array([0.]), 1: array([1.]), 2: array([0.57940636]), 3: array([0.81324146]), 4: array([0.69094697]), 5: array([0.833297]), 6: array([0.89390835]), 7: array([0.7396623]), 8: array([0.4004118]), 9: array([0.7081464])}
2025-05-12 13:20:02,030 - DEBUG - util_fusion - fusion_dual_defense - client 8 similarity threshold: 0.6659020623021747
2025-05-12 13:20:02,030 - INFO - util_fusion - fusion_dual_defense - client 8 selected fusion benigns: [1, 3, 4, 5, 6, 7, 9]
2025-05-12 13:20:02,039 - DEBUG - util_fusion - fusion_dual_defense - client 9 scores: {0: array([5432.49824994]), 1: array([5433.16807705]), 2: array([5432.88635202]), 3: array([5433.04298111]), 4: array([5432.96106495]), 5: array([5433.05641486]), 6: array([5433.09701399]), 7: array([5432.9936958]), 8: array([5432.76645662]), 9: array([5432.9725856])}
2025-05-12 13:20:02,039 - DEBUG - util_fusion - fusion_dual_defense - client 9 norm scores: {0: array([0.]), 1: array([1.]), 2: array([0.57940636]), 3: array([0.81324146]), 4: array([0.69094697]), 5: array([0.833297]), 6: array([0.89390835]), 7: array([0.7396623]), 8: array([0.4004118]), 9: array([0.7081464])}
2025-05-12 13:20:02,039 - DEBUG - util_fusion - fusion_dual_defense - client 9 similarity threshold: 0.6659020623021747
2025-05-12 13:20:02,039 - INFO - util_fusion - fusion_dual_defense - client 9 selected fusion benigns: [1, 3, 4, 5, 6, 7, 9]
2025-05-12 13:20:02,039 - DEBUG - util_fusion - fusion_dual_defense - final fusion benigns: (1, 3, 4, 5, 6, 7, 9)
2025-05-12 13:20:03,842 - INFO - fl - start - global side -  test accuracy: 10.09
2025-05-12 13:20:03,842 - INFO - fl - start - global side iteration 9 -  test accuracy: 10.09
2025-05-12 13:20:03,843 - INFO - fl - start - start training round 10
2025-05-12 13:20:03,844 - INFO - fl - start - round 10 attackers: [9, 1]
2025-05-12 13:20:03,845 - INFO - fl - start - start client 0 training
2025-05-12 13:20:03,845 - INFO - fl - client_local_train - client 0 start local training ...
2025-05-12 13:20:08,798 - INFO - fl - start - end client 0 training
2025-05-12 13:20:08,798 - INFO - fl - start - client 0 evaluation metrics: {'train_loss': 39968911931783.19, 'test_acc': 10.32}
2025-05-12 13:20:08,798 - INFO - fl - start - start client 1 training
2025-05-12 13:20:08,798 - INFO - fl - client_local_train - client 1 start local training ...
2025-05-12 13:20:15,559 - INFO - fl - client_local_train - client 1 is attacker, start poisoning model
2025-05-12 13:20:21,828 - INFO - fl - start - end client 1 training
2025-05-12 13:20:21,828 - INFO - fl - start - client 1 evaluation metrics: {'train_loss': 1120081038493364.4, 'test_acc': 10.28}
2025-05-12 13:20:21,828 - INFO - fl - start - start client 2 training
2025-05-12 13:20:21,828 - INFO - fl - client_local_train - client 2 start local training ...
2025-05-12 13:20:25,869 - INFO - fl - start - end client 2 training
2025-05-12 13:20:25,869 - INFO - fl - start - client 2 evaluation metrics: {'train_loss': 40524020629259.46, 'test_acc': 11.35}
2025-05-12 13:20:25,869 - INFO - fl - start - start client 3 training
2025-05-12 13:20:25,869 - INFO - fl - client_local_train - client 3 start local training ...
2025-05-12 13:20:34,762 - INFO - fl - start - end client 3 training
2025-05-12 13:20:34,763 - INFO - fl - start - client 3 evaluation metrics: {'train_loss': 30888222905980.54, 'test_acc': 11.35}
2025-05-12 13:20:34,763 - INFO - fl - start - start client 4 training
2025-05-12 13:20:34,763 - INFO - fl - client_local_train - client 4 start local training ...
2025-05-12 13:20:38,538 - INFO - fl - start - end client 4 training
2025-05-12 13:20:38,538 - INFO - fl - start - client 4 evaluation metrics: {'train_loss': 44751872764586.664, 'test_acc': 11.35}
2025-05-12 13:20:38,538 - INFO - fl - start - start client 5 training
2025-05-12 13:20:38,538 - INFO - fl - client_local_train - client 5 start local training ...
2025-05-12 13:20:42,436 - INFO - fl - start - end client 5 training
2025-05-12 13:20:42,436 - INFO - fl - start - client 5 evaluation metrics: {'train_loss': 20478369281235.3, 'test_acc': 10.09}
2025-05-12 13:20:42,436 - INFO - fl - start - start client 6 training
2025-05-12 13:20:42,436 - INFO - fl - client_local_train - client 6 start local training ...
2025-05-12 13:20:46,910 - INFO - fl - start - end client 6 training
2025-05-12 13:20:46,910 - INFO - fl - start - client 6 evaluation metrics: {'train_loss': 31022290529718.855, 'test_acc': 9.82}
2025-05-12 13:20:46,910 - INFO - fl - start - start client 7 training
2025-05-12 13:20:46,911 - INFO - fl - client_local_train - client 7 start local training ...
2025-05-12 13:20:51,345 - INFO - fl - start - end client 7 training
2025-05-12 13:20:51,345 - INFO - fl - start - client 7 evaluation metrics: {'train_loss': 29602621934106.95, 'test_acc': 9.8}
2025-05-12 13:20:51,345 - INFO - fl - start - start client 8 training
2025-05-12 13:20:51,345 - INFO - fl - client_local_train - client 8 start local training ...
2025-05-12 13:20:55,902 - INFO - fl - start - end client 8 training
2025-05-12 13:20:55,902 - INFO - fl - start - client 8 evaluation metrics: {'train_loss': 34534059774418.633, 'test_acc': 9.74}
2025-05-12 13:20:55,902 - INFO - fl - start - start client 9 training
2025-05-12 13:20:55,902 - INFO - fl - client_local_train - client 9 start local training ...
2025-05-12 13:20:57,036 - INFO - fl - client_local_train - client 9 is attacker, start poisoning model
2025-05-12 13:21:00,309 - INFO - fl - start - end client 9 training
2025-05-12 13:21:00,309 - INFO - fl - start - client 9 evaluation metrics: {'train_loss': 4169290309877292.0, 'test_acc': 9.58}
2025-05-12 13:21:00,309 - INFO - fl - aggregate_model - start model aggregation...fusion method: dual_defense
2025-05-12 13:21:00,309 - INFO - fl - aggregate_model - start hyper-guard fusion with epsilon 0.01
2025-05-12 13:21:00,309 - INFO - fl - aggregate_model - round 10 attackers: [9, 1]
2025-05-12 13:21:11,405 - DEBUG - util_fusion - fusion_dual_defense - client 0 scores: {0: array([16559.27849478]), 1: array([16567.19390408]), 2: array([16566.47559248]), 3: array([16567.07563286]), 4: array([16566.42841448]), 5: array([16566.5900599]), 6: array([16566.19156155]), 7: array([16562.60569944]), 8: array([16565.77843684]), 9: array([16566.27680862])}
2025-05-12 13:21:11,406 - DEBUG - util_fusion - fusion_dual_defense - client 0 norm scores: {0: array([0.]), 1: array([1.]), 2: array([0.90925149]), 3: array([0.9850581]), 4: array([0.90329122]), 5: array([0.92371283]), 6: array([0.8733682]), 7: array([0.42034524]), 8: array([0.82117574]), 9: array([0.88413796])}
2025-05-12 13:21:11,406 - DEBUG - util_fusion - fusion_dual_defense - client 0 similarity threshold: 0.7720340778837882
2025-05-12 13:21:11,406 - INFO - util_fusion - fusion_dual_defense - client 0 selected fusion benigns: [1, 2, 3, 4, 5, 6, 8, 9]
2025-05-12 13:21:11,414 - DEBUG - util_fusion - fusion_dual_defense - client 1 scores: {0: array([16559.27849478]), 1: array([16567.19390408]), 2: array([16566.47559248]), 3: array([16567.07563286]), 4: array([16566.42841448]), 5: array([16566.5900599]), 6: array([16566.19156155]), 7: array([16562.60569944]), 8: array([16565.77843684]), 9: array([16566.27680862])}
2025-05-12 13:21:11,415 - DEBUG - util_fusion - fusion_dual_defense - client 1 norm scores: {0: array([0.]), 1: array([1.]), 2: array([0.90925149]), 3: array([0.9850581]), 4: array([0.90329122]), 5: array([0.92371283]), 6: array([0.8733682]), 7: array([0.42034524]), 8: array([0.82117574]), 9: array([0.88413796])}
2025-05-12 13:21:11,415 - DEBUG - util_fusion - fusion_dual_defense - client 1 similarity threshold: 0.7720340778837882
2025-05-12 13:21:11,415 - INFO - util_fusion - fusion_dual_defense - client 1 selected fusion benigns: [1, 2, 3, 4, 5, 6, 8, 9]
2025-05-12 13:21:11,424 - DEBUG - util_fusion - fusion_dual_defense - client 2 scores: {0: array([16559.27849478]), 1: array([16567.19390408]), 2: array([16566.47559248]), 3: array([16567.07563286]), 4: array([16566.42841448]), 5: array([16566.5900599]), 6: array([16566.19156155]), 7: array([16562.60569944]), 8: array([16565.77843684]), 9: array([16566.27680862])}
2025-05-12 13:21:11,424 - DEBUG - util_fusion - fusion_dual_defense - client 2 norm scores: {0: array([0.]), 1: array([1.]), 2: array([0.90925149]), 3: array([0.9850581]), 4: array([0.90329122]), 5: array([0.92371283]), 6: array([0.8733682]), 7: array([0.42034524]), 8: array([0.82117574]), 9: array([0.88413796])}
2025-05-12 13:21:11,424 - DEBUG - util_fusion - fusion_dual_defense - client 2 similarity threshold: 0.7720340778837882
2025-05-12 13:21:11,424 - INFO - util_fusion - fusion_dual_defense - client 2 selected fusion benigns: [1, 2, 3, 4, 5, 6, 8, 9]
2025-05-12 13:21:11,433 - DEBUG - util_fusion - fusion_dual_defense - client 3 scores: {0: array([16559.27849478]), 1: array([16567.19390408]), 2: array([16566.47559248]), 3: array([16567.07563286]), 4: array([16566.42841448]), 5: array([16566.5900599]), 6: array([16566.19156155]), 7: array([16562.60569944]), 8: array([16565.77843684]), 9: array([16566.27680862])}
2025-05-12 13:21:11,433 - DEBUG - util_fusion - fusion_dual_defense - client 3 norm scores: {0: array([0.]), 1: array([1.]), 2: array([0.90925149]), 3: array([0.9850581]), 4: array([0.90329122]), 5: array([0.92371283]), 6: array([0.8733682]), 7: array([0.42034524]), 8: array([0.82117574]), 9: array([0.88413796])}
2025-05-12 13:21:11,433 - DEBUG - util_fusion - fusion_dual_defense - client 3 similarity threshold: 0.7720340778837882
2025-05-12 13:21:11,433 - INFO - util_fusion - fusion_dual_defense - client 3 selected fusion benigns: [1, 2, 3, 4, 5, 6, 8, 9]
2025-05-12 13:21:11,442 - DEBUG - util_fusion - fusion_dual_defense - client 4 scores: {0: array([16559.27849478]), 1: array([16567.19390408]), 2: array([16566.47559248]), 3: array([16567.07563286]), 4: array([16566.42841448]), 5: array([16566.5900599]), 6: array([16566.19156155]), 7: array([16562.60569944]), 8: array([16565.77843684]), 9: array([16566.27680862])}
2025-05-12 13:21:11,442 - DEBUG - util_fusion - fusion_dual_defense - client 4 norm scores: {0: array([0.]), 1: array([1.]), 2: array([0.90925149]), 3: array([0.9850581]), 4: array([0.90329122]), 5: array([0.92371283]), 6: array([0.8733682]), 7: array([0.42034524]), 8: array([0.82117574]), 9: array([0.88413796])}
2025-05-12 13:21:11,442 - DEBUG - util_fusion - fusion_dual_defense - client 4 similarity threshold: 0.7720340778837882
2025-05-12 13:21:11,442 - INFO - util_fusion - fusion_dual_defense - client 4 selected fusion benigns: [1, 2, 3, 4, 5, 6, 8, 9]
2025-05-12 13:21:11,451 - DEBUG - util_fusion - fusion_dual_defense - client 5 scores: {0: array([16559.27849478]), 1: array([16567.19390408]), 2: array([16566.47559248]), 3: array([16567.07563286]), 4: array([16566.42841448]), 5: array([16566.5900599]), 6: array([16566.19156155]), 7: array([16562.60569944]), 8: array([16565.77843684]), 9: array([16566.27680862])}
2025-05-12 13:21:11,451 - DEBUG - util_fusion - fusion_dual_defense - client 5 norm scores: {0: array([0.]), 1: array([1.]), 2: array([0.90925149]), 3: array([0.9850581]), 4: array([0.90329122]), 5: array([0.92371283]), 6: array([0.8733682]), 7: array([0.42034524]), 8: array([0.82117574]), 9: array([0.88413796])}
2025-05-12 13:21:11,451 - DEBUG - util_fusion - fusion_dual_defense - client 5 similarity threshold: 0.7720340778837882
2025-05-12 13:21:11,451 - INFO - util_fusion - fusion_dual_defense - client 5 selected fusion benigns: [1, 2, 3, 4, 5, 6, 8, 9]
2025-05-12 13:21:11,460 - DEBUG - util_fusion - fusion_dual_defense - client 6 scores: {0: array([16559.27849478]), 1: array([16567.19390408]), 2: array([16566.47559248]), 3: array([16567.07563286]), 4: array([16566.42841448]), 5: array([16566.5900599]), 6: array([16566.19156155]), 7: array([16562.60569944]), 8: array([16565.77843684]), 9: array([16566.27680862])}
2025-05-12 13:21:11,460 - DEBUG - util_fusion - fusion_dual_defense - client 6 norm scores: {0: array([0.]), 1: array([1.]), 2: array([0.90925149]), 3: array([0.9850581]), 4: array([0.90329122]), 5: array([0.92371283]), 6: array([0.8733682]), 7: array([0.42034524]), 8: array([0.82117574]), 9: array([0.88413796])}
2025-05-12 13:21:11,460 - DEBUG - util_fusion - fusion_dual_defense - client 6 similarity threshold: 0.7720340778837882
2025-05-12 13:21:11,460 - INFO - util_fusion - fusion_dual_defense - client 6 selected fusion benigns: [1, 2, 3, 4, 5, 6, 8, 9]
2025-05-12 13:21:11,469 - DEBUG - util_fusion - fusion_dual_defense - client 7 scores: {0: array([16559.27849478]), 1: array([16567.19390408]), 2: array([16566.47559248]), 3: array([16567.07563286]), 4: array([16566.42841448]), 5: array([16566.5900599]), 6: array([16566.19156155]), 7: array([16562.60569944]), 8: array([16565.77843684]), 9: array([16566.27680862])}
2025-05-12 13:21:11,469 - DEBUG - util_fusion - fusion_dual_defense - client 7 norm scores: {0: array([0.]), 1: array([1.]), 2: array([0.90925149]), 3: array([0.9850581]), 4: array([0.90329122]), 5: array([0.92371283]), 6: array([0.8733682]), 7: array([0.42034524]), 8: array([0.82117574]), 9: array([0.88413796])}
2025-05-12 13:21:11,469 - DEBUG - util_fusion - fusion_dual_defense - client 7 similarity threshold: 0.7720340778837882
2025-05-12 13:21:11,469 - INFO - util_fusion - fusion_dual_defense - client 7 selected fusion benigns: [1, 2, 3, 4, 5, 6, 8, 9]
2025-05-12 13:21:11,478 - DEBUG - util_fusion - fusion_dual_defense - client 8 scores: {0: array([16559.27849478]), 1: array([16567.19390408]), 2: array([16566.47559248]), 3: array([16567.07563286]), 4: array([16566.42841448]), 5: array([16566.5900599]), 6: array([16566.19156155]), 7: array([16562.60569944]), 8: array([16565.77843684]), 9: array([16566.27680862])}
2025-05-12 13:21:11,478 - DEBUG - util_fusion - fusion_dual_defense - client 8 norm scores: {0: array([0.]), 1: array([1.]), 2: array([0.90925149]), 3: array([0.9850581]), 4: array([0.90329122]), 5: array([0.92371283]), 6: array([0.8733682]), 7: array([0.42034524]), 8: array([0.82117574]), 9: array([0.88413796])}
2025-05-12 13:21:11,478 - DEBUG - util_fusion - fusion_dual_defense - client 8 similarity threshold: 0.7720340778837882
2025-05-12 13:21:11,479 - INFO - util_fusion - fusion_dual_defense - client 8 selected fusion benigns: [1, 2, 3, 4, 5, 6, 8, 9]
2025-05-12 13:21:11,487 - DEBUG - util_fusion - fusion_dual_defense - client 9 scores: {0: array([16559.27849478]), 1: array([16567.19390408]), 2: array([16566.47559248]), 3: array([16567.07563286]), 4: array([16566.42841448]), 5: array([16566.5900599]), 6: array([16566.19156155]), 7: array([16562.60569944]), 8: array([16565.77843684]), 9: array([16566.27680862])}
2025-05-12 13:21:11,487 - DEBUG - util_fusion - fusion_dual_defense - client 9 norm scores: {0: array([0.]), 1: array([1.]), 2: array([0.90925149]), 3: array([0.9850581]), 4: array([0.90329122]), 5: array([0.92371283]), 6: array([0.8733682]), 7: array([0.42034524]), 8: array([0.82117574]), 9: array([0.88413796])}
2025-05-12 13:21:11,488 - DEBUG - util_fusion - fusion_dual_defense - client 9 similarity threshold: 0.7720340778837882
2025-05-12 13:21:11,488 - INFO - util_fusion - fusion_dual_defense - client 9 selected fusion benigns: [1, 2, 3, 4, 5, 6, 8, 9]
2025-05-12 13:21:11,488 - DEBUG - util_fusion - fusion_dual_defense - final fusion benigns: (1, 2, 3, 4, 5, 6, 8, 9)
2025-05-12 13:21:13,350 - INFO - fl - start - global side -  test accuracy: 9.74
2025-05-12 13:21:13,350 - INFO - fl - start - global side iteration 10 -  test accuracy: 9.74
2025-05-12 13:21:13,350 - INFO - fl - start - start training round 11
2025-05-12 13:21:13,352 - INFO - fl - start - round 11 attackers: [6, 7]
2025-05-12 13:21:13,352 - INFO - fl - start - start client 0 training
2025-05-12 13:21:13,352 - INFO - fl - client_local_train - client 0 start local training ...
2025-05-12 13:21:18,325 - INFO - fl - start - end client 0 training
2025-05-12 13:21:18,325 - INFO - fl - start - client 0 evaluation metrics: {'train_loss': 141386403925049.53, 'test_acc': 10.32}
2025-05-12 13:21:18,325 - INFO - fl - start - start client 1 training
2025-05-12 13:21:18,325 - INFO - fl - client_local_train - client 1 start local training ...
2025-05-12 13:21:28,229 - INFO - fl - start - end client 1 training
2025-05-12 13:21:28,230 - INFO - fl - start - client 1 evaluation metrics: {'train_loss': 186924613950317.72, 'test_acc': 9.74}
2025-05-12 13:21:28,230 - INFO - fl - start - start client 2 training
2025-05-12 13:21:28,230 - INFO - fl - client_local_train - client 2 start local training ...
2025-05-12 13:21:32,270 - INFO - fl - start - end client 2 training
2025-05-12 13:21:32,270 - INFO - fl - start - client 2 evaluation metrics: {'train_loss': 214351169720136.6, 'test_acc': 10.32}
2025-05-12 13:21:32,270 - INFO - fl - start - start client 3 training
2025-05-12 13:21:32,270 - INFO - fl - client_local_train - client 3 start local training ...
2025-05-12 13:21:41,188 - INFO - fl - start - end client 3 training
2025-05-12 13:21:41,188 - INFO - fl - start - client 3 evaluation metrics: {'train_loss': 191074223116531.53, 'test_acc': 11.35}
2025-05-12 13:21:41,188 - INFO - fl - start - start client 4 training
2025-05-12 13:21:41,188 - INFO - fl - client_local_train - client 4 start local training ...
2025-05-12 13:21:44,972 - INFO - fl - start - end client 4 training
2025-05-12 13:21:44,972 - INFO - fl - start - client 4 evaluation metrics: {'train_loss': 95983288660787.2, 'test_acc': 10.09}
2025-05-12 13:21:44,972 - INFO - fl - start - start client 5 training
2025-05-12 13:21:44,972 - INFO - fl - client_local_train - client 5 start local training ...
2025-05-12 13:21:48,840 - INFO - fl - start - end client 5 training
2025-05-12 13:21:48,840 - INFO - fl - start - client 5 evaluation metrics: {'train_loss': 76995463279567.23, 'test_acc': 9.74}
2025-05-12 13:21:48,840 - INFO - fl - start - start client 6 training
2025-05-12 13:21:48,840 - INFO - fl - client_local_train - client 6 start local training ...
2025-05-12 13:21:51,335 - INFO - fl - client_local_train - client 6 is attacker, start poisoning model
2025-05-12 13:21:55,336 - INFO - fl - start - end client 6 training
2025-05-12 13:21:55,336 - INFO - fl - start - client 6 evaluation metrics: {'train_loss': 6598124780749226.0, 'test_acc': 9.82}
2025-05-12 13:21:55,336 - INFO - fl - start - start client 7 training
2025-05-12 13:21:55,336 - INFO - fl - client_local_train - client 7 start local training ...
2025-05-12 13:21:57,775 - INFO - fl - client_local_train - client 7 is attacker, start poisoning model
2025-05-12 13:22:01,747 - INFO - fl - start - end client 7 training
2025-05-12 13:22:01,747 - INFO - fl - start - client 7 evaluation metrics: {'train_loss': 1.6457453791636426e+16, 'test_acc': 9.8}
2025-05-12 13:22:01,747 - INFO - fl - start - start client 8 training
2025-05-12 13:22:01,747 - INFO - fl - client_local_train - client 8 start local training ...
2025-05-12 13:22:06,284 - INFO - fl - start - end client 8 training
2025-05-12 13:22:06,284 - INFO - fl - start - client 8 evaluation metrics: {'train_loss': 321041168132433.0, 'test_acc': 10.32}
2025-05-12 13:22:06,284 - INFO - fl - start - start client 9 training
2025-05-12 13:22:06,284 - INFO - fl - client_local_train - client 9 start local training ...
2025-05-12 13:22:09,048 - INFO - fl - start - end client 9 training
2025-05-12 13:22:09,048 - INFO - fl - start - client 9 evaluation metrics: {'train_loss': 192987176235359.1, 'test_acc': 11.35}
2025-05-12 13:22:09,048 - INFO - fl - aggregate_model - start model aggregation...fusion method: dual_defense
2025-05-12 13:22:09,048 - INFO - fl - aggregate_model - start hyper-guard fusion with epsilon 0.01
2025-05-12 13:22:09,048 - INFO - fl - aggregate_model - round 11 attackers: [6, 7]
2025-05-12 13:22:20,174 - DEBUG - util_fusion - fusion_dual_defense - client 0 scores: {0: array([9361.71991634]), 1: array([9361.78775322]), 2: array([9361.65207911]), 3: array([9361.68312725]), 4: array([9361.76805624]), 5: array([9361.55402586]), 6: array([9360.16279427]), 7: array([9361.73435365]), 8: array([9361.677356]), 9: array([9360.7800646])}
2025-05-12 13:22:20,175 - DEBUG - util_fusion - fusion_dual_defense - client 0 norm scores: {0: array([0.95825317]), 1: array([1.]), 2: array([0.91650613]), 3: array([0.93561316]), 4: array([0.98787847]), 5: array([0.85616414]), 6: array([0.]), 7: array([0.96713789]), 8: array([0.93206153]), 9: array([0.37986826])}
2025-05-12 13:22:20,175 - DEBUG - util_fusion - fusion_dual_defense - client 0 similarity threshold: 0.7933482757111376
2025-05-12 13:22:20,175 - INFO - util_fusion - fusion_dual_defense - client 0 selected fusion benigns: [0, 1, 2, 3, 4, 5, 7, 8]
2025-05-12 13:22:20,184 - DEBUG - util_fusion - fusion_dual_defense - client 1 scores: {0: array([9361.71991634]), 1: array([9361.78775322]), 2: array([9361.65207911]), 3: array([9361.68312725]), 4: array([9361.76805624]), 5: array([9361.55402586]), 6: array([9360.16279427]), 7: array([9361.73435365]), 8: array([9361.677356]), 9: array([9360.7800646])}
2025-05-12 13:22:20,184 - DEBUG - util_fusion - fusion_dual_defense - client 1 norm scores: {0: array([0.95825317]), 1: array([1.]), 2: array([0.91650613]), 3: array([0.93561316]), 4: array([0.98787847]), 5: array([0.85616414]), 6: array([0.]), 7: array([0.96713789]), 8: array([0.93206153]), 9: array([0.37986826])}
2025-05-12 13:22:20,184 - DEBUG - util_fusion - fusion_dual_defense - client 1 similarity threshold: 0.7933482757111376
2025-05-12 13:22:20,185 - INFO - util_fusion - fusion_dual_defense - client 1 selected fusion benigns: [0, 1, 2, 3, 4, 5, 7, 8]
2025-05-12 13:22:20,193 - DEBUG - util_fusion - fusion_dual_defense - client 2 scores: {0: array([9361.71991634]), 1: array([9361.78775322]), 2: array([9361.65207911]), 3: array([9361.68312725]), 4: array([9361.76805624]), 5: array([9361.55402586]), 6: array([9360.16279427]), 7: array([9361.73435365]), 8: array([9361.677356]), 9: array([9360.7800646])}
2025-05-12 13:22:20,194 - DEBUG - util_fusion - fusion_dual_defense - client 2 norm scores: {0: array([0.95825317]), 1: array([1.]), 2: array([0.91650613]), 3: array([0.93561316]), 4: array([0.98787847]), 5: array([0.85616414]), 6: array([0.]), 7: array([0.96713789]), 8: array([0.93206153]), 9: array([0.37986826])}
2025-05-12 13:22:20,194 - DEBUG - util_fusion - fusion_dual_defense - client 2 similarity threshold: 0.7933482757111376
2025-05-12 13:22:20,194 - INFO - util_fusion - fusion_dual_defense - client 2 selected fusion benigns: [0, 1, 2, 3, 4, 5, 7, 8]
2025-05-12 13:22:20,202 - DEBUG - util_fusion - fusion_dual_defense - client 3 scores: {0: array([9361.71991634]), 1: array([9361.78775322]), 2: array([9361.65207911]), 3: array([9361.68312725]), 4: array([9361.76805624]), 5: array([9361.55402586]), 6: array([9360.16279427]), 7: array([9361.73435365]), 8: array([9361.677356]), 9: array([9360.7800646])}
2025-05-12 13:22:20,203 - DEBUG - util_fusion - fusion_dual_defense - client 3 norm scores: {0: array([0.95825317]), 1: array([1.]), 2: array([0.91650613]), 3: array([0.93561316]), 4: array([0.98787847]), 5: array([0.85616414]), 6: array([0.]), 7: array([0.96713789]), 8: array([0.93206153]), 9: array([0.37986826])}
2025-05-12 13:22:20,203 - DEBUG - util_fusion - fusion_dual_defense - client 3 similarity threshold: 0.7933482757111376
2025-05-12 13:22:20,203 - INFO - util_fusion - fusion_dual_defense - client 3 selected fusion benigns: [0, 1, 2, 3, 4, 5, 7, 8]
2025-05-12 13:22:20,211 - DEBUG - util_fusion - fusion_dual_defense - client 4 scores: {0: array([9361.71991634]), 1: array([9361.78775322]), 2: array([9361.65207911]), 3: array([9361.68312725]), 4: array([9361.76805624]), 5: array([9361.55402586]), 6: array([9360.16279427]), 7: array([9361.73435365]), 8: array([9361.677356]), 9: array([9360.7800646])}
2025-05-12 13:22:20,212 - DEBUG - util_fusion - fusion_dual_defense - client 4 norm scores: {0: array([0.95825317]), 1: array([1.]), 2: array([0.91650613]), 3: array([0.93561316]), 4: array([0.98787847]), 5: array([0.85616414]), 6: array([0.]), 7: array([0.96713789]), 8: array([0.93206153]), 9: array([0.37986826])}
2025-05-12 13:22:20,212 - DEBUG - util_fusion - fusion_dual_defense - client 4 similarity threshold: 0.7933482757111376
2025-05-12 13:22:20,212 - INFO - util_fusion - fusion_dual_defense - client 4 selected fusion benigns: [0, 1, 2, 3, 4, 5, 7, 8]
2025-05-12 13:22:20,220 - DEBUG - util_fusion - fusion_dual_defense - client 5 scores: {0: array([9361.71991634]), 1: array([9361.78775322]), 2: array([9361.65207911]), 3: array([9361.68312725]), 4: array([9361.76805624]), 5: array([9361.55402586]), 6: array([9360.16279427]), 7: array([9361.73435365]), 8: array([9361.677356]), 9: array([9360.7800646])}
2025-05-12 13:22:20,221 - DEBUG - util_fusion - fusion_dual_defense - client 5 norm scores: {0: array([0.95825317]), 1: array([1.]), 2: array([0.91650613]), 3: array([0.93561316]), 4: array([0.98787847]), 5: array([0.85616414]), 6: array([0.]), 7: array([0.96713789]), 8: array([0.93206153]), 9: array([0.37986826])}
2025-05-12 13:22:20,221 - DEBUG - util_fusion - fusion_dual_defense - client 5 similarity threshold: 0.7933482757111376
2025-05-12 13:22:20,221 - INFO - util_fusion - fusion_dual_defense - client 5 selected fusion benigns: [0, 1, 2, 3, 4, 5, 7, 8]
2025-05-12 13:22:20,229 - DEBUG - util_fusion - fusion_dual_defense - client 6 scores: {0: array([9361.71991634]), 1: array([9361.78775322]), 2: array([9361.65207911]), 3: array([9361.68312725]), 4: array([9361.76805624]), 5: array([9361.55402586]), 6: array([9360.16279427]), 7: array([9361.73435365]), 8: array([9361.677356]), 9: array([9360.7800646])}
2025-05-12 13:22:20,230 - DEBUG - util_fusion - fusion_dual_defense - client 6 norm scores: {0: array([0.95825317]), 1: array([1.]), 2: array([0.91650613]), 3: array([0.93561316]), 4: array([0.98787847]), 5: array([0.85616414]), 6: array([0.]), 7: array([0.96713789]), 8: array([0.93206153]), 9: array([0.37986826])}
2025-05-12 13:22:20,230 - DEBUG - util_fusion - fusion_dual_defense - client 6 similarity threshold: 0.7933482757111376
2025-05-12 13:22:20,230 - INFO - util_fusion - fusion_dual_defense - client 6 selected fusion benigns: [0, 1, 2, 3, 4, 5, 7, 8]
2025-05-12 13:22:20,238 - DEBUG - util_fusion - fusion_dual_defense - client 7 scores: {0: array([9361.71991634]), 1: array([9361.78775322]), 2: array([9361.65207911]), 3: array([9361.68312725]), 4: array([9361.76805624]), 5: array([9361.55402586]), 6: array([9360.16279427]), 7: array([9361.73435365]), 8: array([9361.677356]), 9: array([9360.7800646])}
2025-05-12 13:22:20,239 - DEBUG - util_fusion - fusion_dual_defense - client 7 norm scores: {0: array([0.95825317]), 1: array([1.]), 2: array([0.91650613]), 3: array([0.93561316]), 4: array([0.98787847]), 5: array([0.85616414]), 6: array([0.]), 7: array([0.96713789]), 8: array([0.93206153]), 9: array([0.37986826])}
2025-05-12 13:22:20,239 - DEBUG - util_fusion - fusion_dual_defense - client 7 similarity threshold: 0.7933482757111376
2025-05-12 13:22:20,239 - INFO - util_fusion - fusion_dual_defense - client 7 selected fusion benigns: [0, 1, 2, 3, 4, 5, 7, 8]
2025-05-12 13:22:20,247 - DEBUG - util_fusion - fusion_dual_defense - client 8 scores: {0: array([9361.71991634]), 1: array([9361.78775322]), 2: array([9361.65207911]), 3: array([9361.68312725]), 4: array([9361.76805624]), 5: array([9361.55402586]), 6: array([9360.16279427]), 7: array([9361.73435365]), 8: array([9361.677356]), 9: array([9360.7800646])}
2025-05-12 13:22:20,248 - DEBUG - util_fusion - fusion_dual_defense - client 8 norm scores: {0: array([0.95825317]), 1: array([1.]), 2: array([0.91650613]), 3: array([0.93561316]), 4: array([0.98787847]), 5: array([0.85616414]), 6: array([0.]), 7: array([0.96713789]), 8: array([0.93206153]), 9: array([0.37986826])}
2025-05-12 13:22:20,248 - DEBUG - util_fusion - fusion_dual_defense - client 8 similarity threshold: 0.7933482757111376
2025-05-12 13:22:20,248 - INFO - util_fusion - fusion_dual_defense - client 8 selected fusion benigns: [0, 1, 2, 3, 4, 5, 7, 8]
2025-05-12 13:22:20,256 - DEBUG - util_fusion - fusion_dual_defense - client 9 scores: {0: array([9361.71991634]), 1: array([9361.78775322]), 2: array([9361.65207911]), 3: array([9361.68312725]), 4: array([9361.76805624]), 5: array([9361.55402586]), 6: array([9360.16279427]), 7: array([9361.73435365]), 8: array([9361.677356]), 9: array([9360.7800646])}
2025-05-12 13:22:20,257 - DEBUG - util_fusion - fusion_dual_defense - client 9 norm scores: {0: array([0.95825317]), 1: array([1.]), 2: array([0.91650613]), 3: array([0.93561316]), 4: array([0.98787847]), 5: array([0.85616414]), 6: array([0.]), 7: array([0.96713789]), 8: array([0.93206153]), 9: array([0.37986826])}
2025-05-12 13:22:20,257 - DEBUG - util_fusion - fusion_dual_defense - client 9 similarity threshold: 0.7933482757111376
2025-05-12 13:22:20,257 - INFO - util_fusion - fusion_dual_defense - client 9 selected fusion benigns: [0, 1, 2, 3, 4, 5, 7, 8]
2025-05-12 13:22:20,257 - DEBUG - util_fusion - fusion_dual_defense - final fusion benigns: (0, 1, 2, 3, 4, 5, 7, 8)
2025-05-12 13:22:22,115 - INFO - fl - start - global side -  test accuracy: 9.8
2025-05-12 13:22:22,116 - INFO - fl - start - global side iteration 11 -  test accuracy: 9.8
2025-05-12 13:22:22,116 - INFO - fl - start - start training round 12
2025-05-12 13:22:22,118 - INFO - fl - start - round 12 attackers: [4, 9]
2025-05-12 13:22:22,118 - INFO - fl - start - start client 0 training
2025-05-12 13:22:22,118 - INFO - fl - client_local_train - client 0 start local training ...
2025-05-12 13:22:27,086 - INFO - fl - start - end client 0 training
2025-05-12 13:22:27,086 - INFO - fl - start - client 0 evaluation metrics: {'train_loss': 594233435790163.4, 'test_acc': 9.82}
2025-05-12 13:22:27,086 - INFO - fl - start - start client 1 training
2025-05-12 13:22:27,086 - INFO - fl - client_local_train - client 1 start local training ...
2025-05-12 13:22:36,965 - INFO - fl - start - end client 1 training
2025-05-12 13:22:36,966 - INFO - fl - start - client 1 evaluation metrics: {'train_loss': 348162977216843.56, 'test_acc': 9.74}
2025-05-12 13:22:36,966 - INFO - fl - start - start client 2 training
2025-05-12 13:22:36,966 - INFO - fl - client_local_train - client 2 start local training ...
2025-05-12 13:22:40,998 - INFO - fl - start - end client 2 training
2025-05-12 13:22:40,998 - INFO - fl - start - client 2 evaluation metrics: {'train_loss': 455645867231384.8, 'test_acc': 9.82}
2025-05-12 13:22:40,998 - INFO - fl - start - start client 3 training
2025-05-12 13:22:40,998 - INFO - fl - client_local_train - client 3 start local training ...
2025-05-12 13:22:49,882 - INFO - fl - start - end client 3 training
2025-05-12 13:22:49,882 - INFO - fl - start - client 3 evaluation metrics: {'train_loss': 503773365852126.8, 'test_acc': 9.58}
2025-05-12 13:22:49,882 - INFO - fl - start - start client 4 training
2025-05-12 13:22:49,882 - INFO - fl - client_local_train - client 4 start local training ...
2025-05-12 13:22:51,797 - INFO - fl - client_local_train - client 4 is attacker, start poisoning model
2025-05-12 13:22:55,505 - INFO - fl - start - end client 4 training
2025-05-12 13:22:55,505 - INFO - fl - start - client 4 evaluation metrics: {'train_loss': 1.8972619349740748e+16, 'test_acc': 10.1}
2025-05-12 13:22:55,505 - INFO - fl - start - start client 5 training
2025-05-12 13:22:55,505 - INFO - fl - client_local_train - client 5 start local training ...
2025-05-12 13:22:59,377 - INFO - fl - start - end client 5 training
2025-05-12 13:22:59,377 - INFO - fl - start - client 5 evaluation metrics: {'train_loss': 576120713504670.5, 'test_acc': 10.09}
2025-05-12 13:22:59,377 - INFO - fl - start - start client 6 training
2025-05-12 13:22:59,377 - INFO - fl - client_local_train - client 6 start local training ...
2025-05-12 13:23:03,859 - INFO - fl - start - end client 6 training
2025-05-12 13:23:03,859 - INFO - fl - start - client 6 evaluation metrics: {'train_loss': 895898020598132.4, 'test_acc': 10.09}
2025-05-12 13:23:03,859 - INFO - fl - start - start client 7 training
2025-05-12 13:23:03,859 - INFO - fl - client_local_train - client 7 start local training ...
2025-05-12 13:23:08,277 - INFO - fl - start - end client 7 training
2025-05-12 13:23:08,277 - INFO - fl - start - client 7 evaluation metrics: {'train_loss': 202175840766490.94, 'test_acc': 10.32}
2025-05-12 13:23:08,277 - INFO - fl - start - start client 8 training
2025-05-12 13:23:08,277 - INFO - fl - client_local_train - client 8 start local training ...
2025-05-12 13:23:12,825 - INFO - fl - start - end client 8 training
2025-05-12 13:23:12,825 - INFO - fl - start - client 8 evaluation metrics: {'train_loss': 929019724758210.4, 'test_acc': 9.74}
2025-05-12 13:23:12,825 - INFO - fl - start - start client 9 training
2025-05-12 13:23:12,825 - INFO - fl - client_local_train - client 9 start local training ...
2025-05-12 13:23:13,945 - INFO - fl - client_local_train - client 9 is attacker, start poisoning model
2025-05-12 13:23:17,215 - INFO - fl - start - end client 9 training
2025-05-12 13:23:17,215 - INFO - fl - start - client 9 evaluation metrics: {'train_loss': 1.5573328506493338e+16, 'test_acc': 9.82}
2025-05-12 13:23:17,215 - INFO - fl - aggregate_model - start model aggregation...fusion method: dual_defense
2025-05-12 13:23:17,215 - INFO - fl - aggregate_model - start hyper-guard fusion with epsilon 0.01
2025-05-12 13:23:17,215 - INFO - fl - aggregate_model - round 12 attackers: [9, 4]
2025-05-12 13:23:28,369 - DEBUG - util_fusion - fusion_dual_defense - client 0 scores: {0: array([18752.50181845]), 1: array([18752.5871705]), 2: array([18752.28304147]), 3: array([18752.45707186]), 4: array([18752.39967054]), 5: array([18749.01296109]), 6: array([18752.2132217]), 7: array([18752.57129084]), 8: array([18752.22331178]), 9: array([18749.07932034])}
2025-05-12 13:23:28,370 - DEBUG - util_fusion - fusion_dual_defense - client 0 norm scores: {0: array([0.97612002]), 1: array([1.]), 2: array([0.91491013]), 3: array([0.96360072]), 4: array([0.94754086]), 5: array([0.]), 6: array([0.8953758]), 7: array([0.99555715]), 8: array([0.89819883]), 9: array([0.01856613])}
2025-05-12 13:23:28,370 - DEBUG - util_fusion - fusion_dual_defense - client 0 similarity threshold: 0.760986964328559
2025-05-12 13:23:28,370 - INFO - util_fusion - fusion_dual_defense - client 0 selected fusion benigns: [0, 1, 2, 3, 4, 6, 7, 8]
2025-05-12 13:23:28,378 - DEBUG - util_fusion - fusion_dual_defense - client 1 scores: {0: array([18752.50181845]), 1: array([18752.5871705]), 2: array([18752.28304147]), 3: array([18752.45707186]), 4: array([18752.39967054]), 5: array([18749.01296109]), 6: array([18752.2132217]), 7: array([18752.57129084]), 8: array([18752.22331178]), 9: array([18749.07932034])}
2025-05-12 13:23:28,379 - DEBUG - util_fusion - fusion_dual_defense - client 1 norm scores: {0: array([0.97612002]), 1: array([1.]), 2: array([0.91491013]), 3: array([0.96360072]), 4: array([0.94754086]), 5: array([0.]), 6: array([0.8953758]), 7: array([0.99555715]), 8: array([0.89819883]), 9: array([0.01856613])}
2025-05-12 13:23:28,379 - DEBUG - util_fusion - fusion_dual_defense - client 1 similarity threshold: 0.760986964328559
2025-05-12 13:23:28,379 - INFO - util_fusion - fusion_dual_defense - client 1 selected fusion benigns: [0, 1, 2, 3, 4, 6, 7, 8]
2025-05-12 13:23:28,387 - DEBUG - util_fusion - fusion_dual_defense - client 2 scores: {0: array([18752.50181845]), 1: array([18752.5871705]), 2: array([18752.28304147]), 3: array([18752.45707186]), 4: array([18752.39967054]), 5: array([18749.01296109]), 6: array([18752.2132217]), 7: array([18752.57129084]), 8: array([18752.22331178]), 9: array([18749.07932034])}
2025-05-12 13:23:28,388 - DEBUG - util_fusion - fusion_dual_defense - client 2 norm scores: {0: array([0.97612002]), 1: array([1.]), 2: array([0.91491013]), 3: array([0.96360072]), 4: array([0.94754086]), 5: array([0.]), 6: array([0.8953758]), 7: array([0.99555715]), 8: array([0.89819883]), 9: array([0.01856613])}
2025-05-12 13:23:28,388 - DEBUG - util_fusion - fusion_dual_defense - client 2 similarity threshold: 0.760986964328559
2025-05-12 13:23:28,388 - INFO - util_fusion - fusion_dual_defense - client 2 selected fusion benigns: [0, 1, 2, 3, 4, 6, 7, 8]
2025-05-12 13:23:28,396 - DEBUG - util_fusion - fusion_dual_defense - client 3 scores: {0: array([18752.50181845]), 1: array([18752.5871705]), 2: array([18752.28304147]), 3: array([18752.45707186]), 4: array([18752.39967054]), 5: array([18749.01296109]), 6: array([18752.2132217]), 7: array([18752.57129084]), 8: array([18752.22331178]), 9: array([18749.07932034])}
2025-05-12 13:23:28,397 - DEBUG - util_fusion - fusion_dual_defense - client 3 norm scores: {0: array([0.97612002]), 1: array([1.]), 2: array([0.91491013]), 3: array([0.96360072]), 4: array([0.94754086]), 5: array([0.]), 6: array([0.8953758]), 7: array([0.99555715]), 8: array([0.89819883]), 9: array([0.01856613])}
2025-05-12 13:23:28,397 - DEBUG - util_fusion - fusion_dual_defense - client 3 similarity threshold: 0.760986964328559
2025-05-12 13:23:28,397 - INFO - util_fusion - fusion_dual_defense - client 3 selected fusion benigns: [0, 1, 2, 3, 4, 6, 7, 8]
2025-05-12 13:23:28,405 - DEBUG - util_fusion - fusion_dual_defense - client 4 scores: {0: array([18752.50181845]), 1: array([18752.5871705]), 2: array([18752.28304147]), 3: array([18752.45707186]), 4: array([18752.39967054]), 5: array([18749.01296109]), 6: array([18752.2132217]), 7: array([18752.57129084]), 8: array([18752.22331178]), 9: array([18749.07932034])}
2025-05-12 13:23:28,406 - DEBUG - util_fusion - fusion_dual_defense - client 4 norm scores: {0: array([0.97612002]), 1: array([1.]), 2: array([0.91491013]), 3: array([0.96360072]), 4: array([0.94754086]), 5: array([0.]), 6: array([0.8953758]), 7: array([0.99555715]), 8: array([0.89819883]), 9: array([0.01856613])}
2025-05-12 13:23:28,406 - DEBUG - util_fusion - fusion_dual_defense - client 4 similarity threshold: 0.760986964328559
2025-05-12 13:23:28,406 - INFO - util_fusion - fusion_dual_defense - client 4 selected fusion benigns: [0, 1, 2, 3, 4, 6, 7, 8]
2025-05-12 13:23:28,415 - DEBUG - util_fusion - fusion_dual_defense - client 5 scores: {0: array([18752.50181845]), 1: array([18752.5871705]), 2: array([18752.28304147]), 3: array([18752.45707186]), 4: array([18752.39967054]), 5: array([18749.01296109]), 6: array([18752.2132217]), 7: array([18752.57129084]), 8: array([18752.22331178]), 9: array([18749.07932034])}
2025-05-12 13:23:28,415 - DEBUG - util_fusion - fusion_dual_defense - client 5 norm scores: {0: array([0.97612002]), 1: array([1.]), 2: array([0.91491013]), 3: array([0.96360072]), 4: array([0.94754086]), 5: array([0.]), 6: array([0.8953758]), 7: array([0.99555715]), 8: array([0.89819883]), 9: array([0.01856613])}
2025-05-12 13:23:28,415 - DEBUG - util_fusion - fusion_dual_defense - client 5 similarity threshold: 0.760986964328559
2025-05-12 13:23:28,415 - INFO - util_fusion - fusion_dual_defense - client 5 selected fusion benigns: [0, 1, 2, 3, 4, 6, 7, 8]
2025-05-12 13:23:28,424 - DEBUG - util_fusion - fusion_dual_defense - client 6 scores: {0: array([18752.50181845]), 1: array([18752.5871705]), 2: array([18752.28304147]), 3: array([18752.45707186]), 4: array([18752.39967054]), 5: array([18749.01296109]), 6: array([18752.2132217]), 7: array([18752.57129084]), 8: array([18752.22331178]), 9: array([18749.07932034])}
2025-05-12 13:23:28,424 - DEBUG - util_fusion - fusion_dual_defense - client 6 norm scores: {0: array([0.97612002]), 1: array([1.]), 2: array([0.91491013]), 3: array([0.96360072]), 4: array([0.94754086]), 5: array([0.]), 6: array([0.8953758]), 7: array([0.99555715]), 8: array([0.89819883]), 9: array([0.01856613])}
2025-05-12 13:23:28,424 - DEBUG - util_fusion - fusion_dual_defense - client 6 similarity threshold: 0.760986964328559
2025-05-12 13:23:28,424 - INFO - util_fusion - fusion_dual_defense - client 6 selected fusion benigns: [0, 1, 2, 3, 4, 6, 7, 8]
2025-05-12 13:23:28,433 - DEBUG - util_fusion - fusion_dual_defense - client 7 scores: {0: array([18752.50181845]), 1: array([18752.5871705]), 2: array([18752.28304147]), 3: array([18752.45707186]), 4: array([18752.39967054]), 5: array([18749.01296109]), 6: array([18752.2132217]), 7: array([18752.57129084]), 8: array([18752.22331178]), 9: array([18749.07932034])}
2025-05-12 13:23:28,433 - DEBUG - util_fusion - fusion_dual_defense - client 7 norm scores: {0: array([0.97612002]), 1: array([1.]), 2: array([0.91491013]), 3: array([0.96360072]), 4: array([0.94754086]), 5: array([0.]), 6: array([0.8953758]), 7: array([0.99555715]), 8: array([0.89819883]), 9: array([0.01856613])}
2025-05-12 13:23:28,433 - DEBUG - util_fusion - fusion_dual_defense - client 7 similarity threshold: 0.760986964328559
2025-05-12 13:23:28,433 - INFO - util_fusion - fusion_dual_defense - client 7 selected fusion benigns: [0, 1, 2, 3, 4, 6, 7, 8]
2025-05-12 13:23:28,442 - DEBUG - util_fusion - fusion_dual_defense - client 8 scores: {0: array([18752.50181845]), 1: array([18752.5871705]), 2: array([18752.28304147]), 3: array([18752.45707186]), 4: array([18752.39967054]), 5: array([18749.01296109]), 6: array([18752.2132217]), 7: array([18752.57129084]), 8: array([18752.22331178]), 9: array([18749.07932034])}
2025-05-12 13:23:28,442 - DEBUG - util_fusion - fusion_dual_defense - client 8 norm scores: {0: array([0.97612002]), 1: array([1.]), 2: array([0.91491013]), 3: array([0.96360072]), 4: array([0.94754086]), 5: array([0.]), 6: array([0.8953758]), 7: array([0.99555715]), 8: array([0.89819883]), 9: array([0.01856613])}
2025-05-12 13:23:28,442 - DEBUG - util_fusion - fusion_dual_defense - client 8 similarity threshold: 0.760986964328559
2025-05-12 13:23:28,442 - INFO - util_fusion - fusion_dual_defense - client 8 selected fusion benigns: [0, 1, 2, 3, 4, 6, 7, 8]
2025-05-12 13:23:28,451 - DEBUG - util_fusion - fusion_dual_defense - client 9 scores: {0: array([18752.50181845]), 1: array([18752.5871705]), 2: array([18752.28304147]), 3: array([18752.45707186]), 4: array([18752.39967054]), 5: array([18749.01296109]), 6: array([18752.2132217]), 7: array([18752.57129084]), 8: array([18752.22331178]), 9: array([18749.07932034])}
2025-05-12 13:23:28,451 - DEBUG - util_fusion - fusion_dual_defense - client 9 norm scores: {0: array([0.97612002]), 1: array([1.]), 2: array([0.91491013]), 3: array([0.96360072]), 4: array([0.94754086]), 5: array([0.]), 6: array([0.8953758]), 7: array([0.99555715]), 8: array([0.89819883]), 9: array([0.01856613])}
2025-05-12 13:23:28,451 - DEBUG - util_fusion - fusion_dual_defense - client 9 similarity threshold: 0.760986964328559
2025-05-12 13:23:28,451 - INFO - util_fusion - fusion_dual_defense - client 9 selected fusion benigns: [0, 1, 2, 3, 4, 6, 7, 8]
2025-05-12 13:23:28,451 - DEBUG - util_fusion - fusion_dual_defense - final fusion benigns: (0, 1, 2, 3, 4, 6, 7, 8)
2025-05-12 13:23:30,313 - INFO - fl - start - global side -  test accuracy: 9.74
2025-05-12 13:23:30,314 - INFO - fl - start - global side iteration 12 -  test accuracy: 9.74
2025-05-12 13:23:30,314 - INFO - fl - start - start training round 13
2025-05-12 13:23:30,316 - INFO - fl - start - round 13 attackers: [6, 3]
2025-05-12 13:23:30,316 - INFO - fl - start - start client 0 training
2025-05-12 13:23:30,316 - INFO - fl - client_local_train - client 0 start local training ...
2025-05-12 13:23:35,288 - INFO - fl - start - end client 0 training
2025-05-12 13:23:35,288 - INFO - fl - start - client 0 evaluation metrics: {'train_loss': 667037185888394.1, 'test_acc': 9.58}
2025-05-12 13:23:35,288 - INFO - fl - start - start client 1 training
2025-05-12 13:23:35,288 - INFO - fl - client_local_train - client 1 start local training ...
2025-05-12 13:23:45,180 - INFO - fl - start - end client 1 training
2025-05-12 13:23:45,180 - INFO - fl - start - client 1 evaluation metrics: {'train_loss': 672028570264410.2, 'test_acc': 9.58}
2025-05-12 13:23:45,180 - INFO - fl - start - start client 2 training
2025-05-12 13:23:45,180 - INFO - fl - client_local_train - client 2 start local training ...
2025-05-12 13:23:49,217 - INFO - fl - start - end client 2 training
2025-05-12 13:23:49,217 - INFO - fl - start - client 2 evaluation metrics: {'train_loss': 909964771864025.8, 'test_acc': 9.82}
2025-05-12 13:23:49,217 - INFO - fl - start - start client 3 training
2025-05-12 13:23:49,217 - INFO - fl - client_local_train - client 3 start local training ...
2025-05-12 13:23:55,162 - INFO - fl - client_local_train - client 3 is attacker, start poisoning model
2025-05-12 13:24:01,005 - INFO - fl - start - end client 3 training
2025-05-12 13:24:01,005 - INFO - fl - start - client 3 evaluation metrics: {'train_loss': 5.335214620205809e+16, 'test_acc': 11.34}
2025-05-12 13:24:01,005 - INFO - fl - start - start client 4 training
2025-05-12 13:24:01,005 - INFO - fl - client_local_train - client 4 start local training ...
2025-05-12 13:24:04,787 - INFO - fl - start - end client 4 training
2025-05-12 13:24:04,788 - INFO - fl - start - client 4 evaluation metrics: {'train_loss': 1263551883981619.2, 'test_acc': 8.92}
2025-05-12 13:24:04,788 - INFO - fl - start - start client 5 training
2025-05-12 13:24:04,788 - INFO - fl - client_local_train - client 5 start local training ...
2025-05-12 13:24:08,654 - INFO - fl - start - end client 5 training
2025-05-12 13:24:08,654 - INFO - fl - start - client 5 evaluation metrics: {'train_loss': 689246338593483.1, 'test_acc': 10.09}
2025-05-12 13:24:08,654 - INFO - fl - start - start client 6 training
2025-05-12 13:24:08,654 - INFO - fl - client_local_train - client 6 start local training ...
2025-05-12 13:24:11,132 - INFO - fl - client_local_train - client 6 is attacker, start poisoning model
2025-05-12 13:24:15,127 - INFO - fl - start - end client 6 training
2025-05-12 13:24:15,127 - INFO - fl - start - client 6 evaluation metrics: {'train_loss': 3.005861471050095e+16, 'test_acc': 9.84}
2025-05-12 13:24:15,127 - INFO - fl - start - start client 7 training
2025-05-12 13:24:15,128 - INFO - fl - client_local_train - client 7 start local training ...
2025-05-12 13:24:19,542 - INFO - fl - start - end client 7 training
2025-05-12 13:24:19,542 - INFO - fl - start - client 7 evaluation metrics: {'train_loss': 540079818580399.2, 'test_acc': 11.35}
2025-05-12 13:24:19,542 - INFO - fl - start - start client 8 training
2025-05-12 13:24:19,542 - INFO - fl - client_local_train - client 8 start local training ...
2025-05-12 13:24:24,067 - INFO - fl - start - end client 8 training
2025-05-12 13:24:24,067 - INFO - fl - start - client 8 evaluation metrics: {'train_loss': 903834134224584.9, 'test_acc': 9.8}
2025-05-12 13:24:24,067 - INFO - fl - start - start client 9 training
2025-05-12 13:24:24,067 - INFO - fl - client_local_train - client 9 start local training ...
2025-05-12 13:24:26,836 - INFO - fl - start - end client 9 training
2025-05-12 13:24:26,836 - INFO - fl - start - client 9 evaluation metrics: {'train_loss': 617827011328175.5, 'test_acc': 10.1}
2025-05-12 13:24:26,836 - INFO - fl - aggregate_model - start model aggregation...fusion method: dual_defense
2025-05-12 13:24:26,836 - INFO - fl - aggregate_model - start hyper-guard fusion with epsilon 0.01
2025-05-12 13:24:26,836 - INFO - fl - aggregate_model - round 13 attackers: [3, 6]
2025-05-12 13:24:37,976 - DEBUG - util_fusion - fusion_dual_defense - client 0 scores: {0: array([7170.52609868]), 1: array([7170.59295934]), 2: array([7170.57632011]), 3: array([7170.53010444]), 4: array([7170.63044921]), 5: array([7170.48732594]), 6: array([7169.95483537]), 7: array([7170.54734945]), 8: array([7170.58625983]), 9: array([7169.91363385])}
2025-05-12 13:24:37,976 - DEBUG - util_fusion - fusion_dual_defense - client 0 norm scores: {0: array([0.85442481]), 1: array([0.9476994]), 2: array([0.92448669]), 3: array([0.86001308]), 4: array([1.]), 5: array([0.80033453]), 6: array([0.05747856]), 7: array([0.88407089]), 8: array([0.93835319]), 9: array([0.])}
2025-05-12 13:24:37,977 - DEBUG - util_fusion - fusion_dual_defense - client 0 similarity threshold: 0.7266861151168255
2025-05-12 13:24:37,977 - INFO - util_fusion - fusion_dual_defense - client 0 selected fusion benigns: [0, 1, 2, 3, 4, 5, 7, 8]
2025-05-12 13:24:37,985 - DEBUG - util_fusion - fusion_dual_defense - client 1 scores: {0: array([7170.52609868]), 1: array([7170.59295934]), 2: array([7170.57632011]), 3: array([7170.53010444]), 4: array([7170.63044921]), 5: array([7170.48732594]), 6: array([7169.95483537]), 7: array([7170.54734945]), 8: array([7170.58625983]), 9: array([7169.91363385])}
2025-05-12 13:24:37,986 - DEBUG - util_fusion - fusion_dual_defense - client 1 norm scores: {0: array([0.85442481]), 1: array([0.9476994]), 2: array([0.92448669]), 3: array([0.86001308]), 4: array([1.]), 5: array([0.80033453]), 6: array([0.05747856]), 7: array([0.88407089]), 8: array([0.93835319]), 9: array([0.])}
2025-05-12 13:24:37,986 - DEBUG - util_fusion - fusion_dual_defense - client 1 similarity threshold: 0.7266861151168255
2025-05-12 13:24:37,986 - INFO - util_fusion - fusion_dual_defense - client 1 selected fusion benigns: [0, 1, 2, 3, 4, 5, 7, 8]
2025-05-12 13:24:37,994 - DEBUG - util_fusion - fusion_dual_defense - client 2 scores: {0: array([7170.52609868]), 1: array([7170.59295934]), 2: array([7170.57632011]), 3: array([7170.53010444]), 4: array([7170.63044921]), 5: array([7170.48732594]), 6: array([7169.95483537]), 7: array([7170.54734945]), 8: array([7170.58625983]), 9: array([7169.91363385])}
2025-05-12 13:24:37,995 - DEBUG - util_fusion - fusion_dual_defense - client 2 norm scores: {0: array([0.85442481]), 1: array([0.9476994]), 2: array([0.92448669]), 3: array([0.86001308]), 4: array([1.]), 5: array([0.80033453]), 6: array([0.05747856]), 7: array([0.88407089]), 8: array([0.93835319]), 9: array([0.])}
2025-05-12 13:24:37,995 - DEBUG - util_fusion - fusion_dual_defense - client 2 similarity threshold: 0.7266861151168255
2025-05-12 13:24:37,995 - INFO - util_fusion - fusion_dual_defense - client 2 selected fusion benigns: [0, 1, 2, 3, 4, 5, 7, 8]
2025-05-12 13:24:38,003 - DEBUG - util_fusion - fusion_dual_defense - client 3 scores: {0: array([7170.52609868]), 1: array([7170.59295934]), 2: array([7170.57632011]), 3: array([7170.53010444]), 4: array([7170.63044921]), 5: array([7170.48732594]), 6: array([7169.95483537]), 7: array([7170.54734945]), 8: array([7170.58625983]), 9: array([7169.91363385])}
2025-05-12 13:24:38,004 - DEBUG - util_fusion - fusion_dual_defense - client 3 norm scores: {0: array([0.85442481]), 1: array([0.9476994]), 2: array([0.92448669]), 3: array([0.86001308]), 4: array([1.]), 5: array([0.80033453]), 6: array([0.05747856]), 7: array([0.88407089]), 8: array([0.93835319]), 9: array([0.])}
2025-05-12 13:24:38,004 - DEBUG - util_fusion - fusion_dual_defense - client 3 similarity threshold: 0.7266861151168255
2025-05-12 13:24:38,004 - INFO - util_fusion - fusion_dual_defense - client 3 selected fusion benigns: [0, 1, 2, 3, 4, 5, 7, 8]
2025-05-12 13:24:38,012 - DEBUG - util_fusion - fusion_dual_defense - client 4 scores: {0: array([7170.52609868]), 1: array([7170.59295934]), 2: array([7170.57632011]), 3: array([7170.53010444]), 4: array([7170.63044921]), 5: array([7170.48732594]), 6: array([7169.95483537]), 7: array([7170.54734945]), 8: array([7170.58625983]), 9: array([7169.91363385])}
2025-05-12 13:24:38,013 - DEBUG - util_fusion - fusion_dual_defense - client 4 norm scores: {0: array([0.85442481]), 1: array([0.9476994]), 2: array([0.92448669]), 3: array([0.86001308]), 4: array([1.]), 5: array([0.80033453]), 6: array([0.05747856]), 7: array([0.88407089]), 8: array([0.93835319]), 9: array([0.])}
2025-05-12 13:24:38,013 - DEBUG - util_fusion - fusion_dual_defense - client 4 similarity threshold: 0.7266861151168255
2025-05-12 13:24:38,013 - INFO - util_fusion - fusion_dual_defense - client 4 selected fusion benigns: [0, 1, 2, 3, 4, 5, 7, 8]
2025-05-12 13:24:38,021 - DEBUG - util_fusion - fusion_dual_defense - client 5 scores: {0: array([7170.52609868]), 1: array([7170.59295934]), 2: array([7170.57632011]), 3: array([7170.53010444]), 4: array([7170.63044921]), 5: array([7170.48732594]), 6: array([7169.95483537]), 7: array([7170.54734945]), 8: array([7170.58625983]), 9: array([7169.91363385])}
2025-05-12 13:24:38,022 - DEBUG - util_fusion - fusion_dual_defense - client 5 norm scores: {0: array([0.85442481]), 1: array([0.9476994]), 2: array([0.92448669]), 3: array([0.86001308]), 4: array([1.]), 5: array([0.80033453]), 6: array([0.05747856]), 7: array([0.88407089]), 8: array([0.93835319]), 9: array([0.])}
2025-05-12 13:24:38,022 - DEBUG - util_fusion - fusion_dual_defense - client 5 similarity threshold: 0.7266861151168255
2025-05-12 13:24:38,022 - INFO - util_fusion - fusion_dual_defense - client 5 selected fusion benigns: [0, 1, 2, 3, 4, 5, 7, 8]
2025-05-12 13:24:38,030 - DEBUG - util_fusion - fusion_dual_defense - client 6 scores: {0: array([7170.52609868]), 1: array([7170.59295934]), 2: array([7170.57632011]), 3: array([7170.53010444]), 4: array([7170.63044921]), 5: array([7170.48732594]), 6: array([7169.95483537]), 7: array([7170.54734945]), 8: array([7170.58625983]), 9: array([7169.91363385])}
2025-05-12 13:24:38,031 - DEBUG - util_fusion - fusion_dual_defense - client 6 norm scores: {0: array([0.85442481]), 1: array([0.9476994]), 2: array([0.92448669]), 3: array([0.86001308]), 4: array([1.]), 5: array([0.80033453]), 6: array([0.05747856]), 7: array([0.88407089]), 8: array([0.93835319]), 9: array([0.])}
2025-05-12 13:24:38,031 - DEBUG - util_fusion - fusion_dual_defense - client 6 similarity threshold: 0.7266861151168255
2025-05-12 13:24:38,031 - INFO - util_fusion - fusion_dual_defense - client 6 selected fusion benigns: [0, 1, 2, 3, 4, 5, 7, 8]
2025-05-12 13:24:38,039 - DEBUG - util_fusion - fusion_dual_defense - client 7 scores: {0: array([7170.52609868]), 1: array([7170.59295934]), 2: array([7170.57632011]), 3: array([7170.53010444]), 4: array([7170.63044921]), 5: array([7170.48732594]), 6: array([7169.95483537]), 7: array([7170.54734945]), 8: array([7170.58625983]), 9: array([7169.91363385])}
2025-05-12 13:24:38,040 - DEBUG - util_fusion - fusion_dual_defense - client 7 norm scores: {0: array([0.85442481]), 1: array([0.9476994]), 2: array([0.92448669]), 3: array([0.86001308]), 4: array([1.]), 5: array([0.80033453]), 6: array([0.05747856]), 7: array([0.88407089]), 8: array([0.93835319]), 9: array([0.])}
2025-05-12 13:24:38,040 - DEBUG - util_fusion - fusion_dual_defense - client 7 similarity threshold: 0.7266861151168255
2025-05-12 13:24:38,040 - INFO - util_fusion - fusion_dual_defense - client 7 selected fusion benigns: [0, 1, 2, 3, 4, 5, 7, 8]
2025-05-12 13:24:38,048 - DEBUG - util_fusion - fusion_dual_defense - client 8 scores: {0: array([7170.52609868]), 1: array([7170.59295934]), 2: array([7170.57632011]), 3: array([7170.53010444]), 4: array([7170.63044921]), 5: array([7170.48732594]), 6: array([7169.95483537]), 7: array([7170.54734945]), 8: array([7170.58625983]), 9: array([7169.91363385])}
2025-05-12 13:24:38,049 - DEBUG - util_fusion - fusion_dual_defense - client 8 norm scores: {0: array([0.85442481]), 1: array([0.9476994]), 2: array([0.92448669]), 3: array([0.86001308]), 4: array([1.]), 5: array([0.80033453]), 6: array([0.05747856]), 7: array([0.88407089]), 8: array([0.93835319]), 9: array([0.])}
2025-05-12 13:24:38,049 - DEBUG - util_fusion - fusion_dual_defense - client 8 similarity threshold: 0.7266861151168255
2025-05-12 13:24:38,049 - INFO - util_fusion - fusion_dual_defense - client 8 selected fusion benigns: [0, 1, 2, 3, 4, 5, 7, 8]
2025-05-12 13:24:38,057 - DEBUG - util_fusion - fusion_dual_defense - client 9 scores: {0: array([7170.52609868]), 1: array([7170.59295934]), 2: array([7170.57632011]), 3: array([7170.53010444]), 4: array([7170.63044921]), 5: array([7170.48732594]), 6: array([7169.95483537]), 7: array([7170.54734945]), 8: array([7170.58625983]), 9: array([7169.91363385])}
2025-05-12 13:24:38,058 - DEBUG - util_fusion - fusion_dual_defense - client 9 norm scores: {0: array([0.85442481]), 1: array([0.9476994]), 2: array([0.92448669]), 3: array([0.86001308]), 4: array([1.]), 5: array([0.80033453]), 6: array([0.05747856]), 7: array([0.88407089]), 8: array([0.93835319]), 9: array([0.])}
2025-05-12 13:24:38,058 - DEBUG - util_fusion - fusion_dual_defense - client 9 similarity threshold: 0.7266861151168255
2025-05-12 13:24:38,058 - INFO - util_fusion - fusion_dual_defense - client 9 selected fusion benigns: [0, 1, 2, 3, 4, 5, 7, 8]
2025-05-12 13:24:38,058 - DEBUG - util_fusion - fusion_dual_defense - final fusion benigns: (0, 1, 2, 3, 4, 5, 7, 8)
2025-05-12 13:24:39,916 - INFO - fl - start - global side -  test accuracy: 9.58
2025-05-12 13:24:39,916 - INFO - fl - start - global side iteration 13 -  test accuracy: 9.58
2025-05-12 13:24:39,916 - INFO - fl - start - start training round 14
2025-05-12 13:24:39,918 - INFO - fl - start - round 14 attackers: [1, 0]
2025-05-12 13:24:39,918 - INFO - fl - start - start client 0 training
2025-05-12 13:24:39,918 - INFO - fl - client_local_train - client 0 start local training ...
2025-05-12 13:24:42,767 - INFO - fl - client_local_train - client 0 is attacker, start poisoning model
2025-05-12 13:24:46,958 - INFO - fl - start - end client 0 training
2025-05-12 13:24:46,958 - INFO - fl - start - client 0 evaluation metrics: {'train_loss': 1.8782253322454355e+17, 'test_acc': 9.83}
2025-05-12 13:24:46,959 - INFO - fl - start - start client 1 training
2025-05-12 13:24:46,959 - INFO - fl - client_local_train - client 1 start local training ...
2025-05-12 13:24:53,735 - INFO - fl - client_local_train - client 1 is attacker, start poisoning model
2025-05-12 13:25:00,021 - INFO - fl - start - end client 1 training
2025-05-12 13:25:00,021 - INFO - fl - start - client 1 evaluation metrics: {'train_loss': 1.5768926123426106e+17, 'test_acc': 8.92}
2025-05-12 13:25:00,021 - INFO - fl - start - start client 2 training
2025-05-12 13:25:00,021 - INFO - fl - client_local_train - client 2 start local training ...
2025-05-12 13:25:04,064 - INFO - fl - start - end client 2 training
2025-05-12 13:25:04,064 - INFO - fl - start - client 2 evaluation metrics: {'train_loss': 7517018511521150.0, 'test_acc': 11.35}
2025-05-12 13:25:04,064 - INFO - fl - start - start client 3 training
2025-05-12 13:25:04,064 - INFO - fl - client_local_train - client 3 start local training ...
2025-05-12 13:25:12,931 - INFO - fl - start - end client 3 training
2025-05-12 13:25:12,931 - INFO - fl - start - client 3 evaluation metrics: {'train_loss': 4495933180395254.5, 'test_acc': 10.1}
2025-05-12 13:25:12,931 - INFO - fl - start - start client 4 training
2025-05-12 13:25:12,931 - INFO - fl - client_local_train - client 4 start local training ...
2025-05-12 13:25:16,716 - INFO - fl - start - end client 4 training
2025-05-12 13:25:16,716 - INFO - fl - start - client 4 evaluation metrics: {'train_loss': 5964143315893180.0, 'test_acc': 10.1}
2025-05-12 13:25:16,716 - INFO - fl - start - start client 5 training
2025-05-12 13:25:16,717 - INFO - fl - client_local_train - client 5 start local training ...
2025-05-12 13:25:20,579 - INFO - fl - start - end client 5 training
2025-05-12 13:25:20,579 - INFO - fl - start - client 5 evaluation metrics: {'train_loss': 7595185806508032.0, 'test_acc': 11.35}
2025-05-12 13:25:20,579 - INFO - fl - start - start client 6 training
2025-05-12 13:25:20,579 - INFO - fl - client_local_train - client 6 start local training ...
2025-05-12 13:25:25,063 - INFO - fl - start - end client 6 training
2025-05-12 13:25:25,063 - INFO - fl - start - client 6 evaluation metrics: {'train_loss': 3787827768694172.5, 'test_acc': 9.82}
2025-05-12 13:25:25,063 - INFO - fl - start - start client 7 training
2025-05-12 13:25:25,064 - INFO - fl - client_local_train - client 7 start local training ...
2025-05-12 13:25:29,499 - INFO - fl - start - end client 7 training
2025-05-12 13:25:29,499 - INFO - fl - start - client 7 evaluation metrics: {'train_loss': 2802146348050540.0, 'test_acc': 11.35}
2025-05-12 13:25:29,499 - INFO - fl - start - start client 8 training
2025-05-12 13:25:29,499 - INFO - fl - client_local_train - client 8 start local training ...
2025-05-12 13:25:34,032 - INFO - fl - start - end client 8 training
2025-05-12 13:25:34,032 - INFO - fl - start - client 8 evaluation metrics: {'train_loss': 8842341481497198.0, 'test_acc': 9.8}
2025-05-12 13:25:34,032 - INFO - fl - start - start client 9 training
2025-05-12 13:25:34,032 - INFO - fl - client_local_train - client 9 start local training ...
2025-05-12 13:25:36,787 - INFO - fl - start - end client 9 training
2025-05-12 13:25:36,787 - INFO - fl - start - client 9 evaluation metrics: {'train_loss': 4514751862755445.0, 'test_acc': 10.1}
2025-05-12 13:25:36,787 - INFO - fl - aggregate_model - start model aggregation...fusion method: dual_defense
2025-05-12 13:25:36,787 - INFO - fl - aggregate_model - start hyper-guard fusion with epsilon 0.01
2025-05-12 13:25:36,788 - INFO - fl - aggregate_model - round 14 attackers: [0, 1]
2025-05-12 13:25:47,954 - DEBUG - util_fusion - fusion_dual_defense - client 0 scores: {0: array([21315.35099635]), 1: array([21315.29568757]), 2: array([21315.26130785]), 3: array([21315.48479528]), 4: array([21314.81739805]), 5: array([21315.0475878]), 6: array([21314.23671439]), 7: array([21314.77902086]), 8: array([21315.16469978]), 9: array([21315.12989248])}
2025-05-12 13:25:47,955 - DEBUG - util_fusion - fusion_dual_defense - client 0 norm scores: {0: array([0.89279626]), 1: array([0.8484812]), 2: array([0.82093514]), 3: array([1.]), 4: array([0.46526124]), 5: array([0.6496962]), 6: array([0.]), 7: array([0.43451228]), 8: array([0.74352984]), 9: array([0.71564118])}
2025-05-12 13:25:47,955 - DEBUG - util_fusion - fusion_dual_defense - client 0 similarity threshold: 0.6570853340412977
2025-05-12 13:25:47,955 - INFO - util_fusion - fusion_dual_defense - client 0 selected fusion benigns: [0, 1, 2, 3, 8, 9]
2025-05-12 13:25:47,963 - DEBUG - util_fusion - fusion_dual_defense - client 1 scores: {0: array([21315.35099635]), 1: array([21315.29568757]), 2: array([21315.26130785]), 3: array([21315.48479528]), 4: array([21314.81739805]), 5: array([21315.0475878]), 6: array([21314.23671439]), 7: array([21314.77902086]), 8: array([21315.16469978]), 9: array([21315.12989248])}
2025-05-12 13:25:47,964 - DEBUG - util_fusion - fusion_dual_defense - client 1 norm scores: {0: array([0.89279626]), 1: array([0.8484812]), 2: array([0.82093514]), 3: array([1.]), 4: array([0.46526124]), 5: array([0.6496962]), 6: array([0.]), 7: array([0.43451228]), 8: array([0.74352984]), 9: array([0.71564118])}
2025-05-12 13:25:47,964 - DEBUG - util_fusion - fusion_dual_defense - client 1 similarity threshold: 0.6570853340412977
2025-05-12 13:25:47,964 - INFO - util_fusion - fusion_dual_defense - client 1 selected fusion benigns: [0, 1, 2, 3, 8, 9]
2025-05-12 13:25:47,972 - DEBUG - util_fusion - fusion_dual_defense - client 2 scores: {0: array([21315.35099635]), 1: array([21315.29568757]), 2: array([21315.26130785]), 3: array([21315.48479528]), 4: array([21314.81739805]), 5: array([21315.0475878]), 6: array([21314.23671439]), 7: array([21314.77902086]), 8: array([21315.16469978]), 9: array([21315.12989248])}
2025-05-12 13:25:47,973 - DEBUG - util_fusion - fusion_dual_defense - client 2 norm scores: {0: array([0.89279626]), 1: array([0.8484812]), 2: array([0.82093514]), 3: array([1.]), 4: array([0.46526124]), 5: array([0.6496962]), 6: array([0.]), 7: array([0.43451228]), 8: array([0.74352984]), 9: array([0.71564118])}
2025-05-12 13:25:47,973 - DEBUG - util_fusion - fusion_dual_defense - client 2 similarity threshold: 0.6570853340412977
2025-05-12 13:25:47,973 - INFO - util_fusion - fusion_dual_defense - client 2 selected fusion benigns: [0, 1, 2, 3, 8, 9]
2025-05-12 13:25:47,981 - DEBUG - util_fusion - fusion_dual_defense - client 3 scores: {0: array([21315.35099635]), 1: array([21315.29568757]), 2: array([21315.26130785]), 3: array([21315.48479528]), 4: array([21314.81739805]), 5: array([21315.0475878]), 6: array([21314.23671439]), 7: array([21314.77902086]), 8: array([21315.16469978]), 9: array([21315.12989248])}
2025-05-12 13:25:47,982 - DEBUG - util_fusion - fusion_dual_defense - client 3 norm scores: {0: array([0.89279626]), 1: array([0.8484812]), 2: array([0.82093514]), 3: array([1.]), 4: array([0.46526124]), 5: array([0.6496962]), 6: array([0.]), 7: array([0.43451228]), 8: array([0.74352984]), 9: array([0.71564118])}
2025-05-12 13:25:47,982 - DEBUG - util_fusion - fusion_dual_defense - client 3 similarity threshold: 0.6570853340412977
2025-05-12 13:25:47,982 - INFO - util_fusion - fusion_dual_defense - client 3 selected fusion benigns: [0, 1, 2, 3, 8, 9]
2025-05-12 13:25:47,990 - DEBUG - util_fusion - fusion_dual_defense - client 4 scores: {0: array([21315.35099635]), 1: array([21315.29568757]), 2: array([21315.26130785]), 3: array([21315.48479528]), 4: array([21314.81739805]), 5: array([21315.0475878]), 6: array([21314.23671439]), 7: array([21314.77902086]), 8: array([21315.16469978]), 9: array([21315.12989248])}
2025-05-12 13:25:47,991 - DEBUG - util_fusion - fusion_dual_defense - client 4 norm scores: {0: array([0.89279626]), 1: array([0.8484812]), 2: array([0.82093514]), 3: array([1.]), 4: array([0.46526124]), 5: array([0.6496962]), 6: array([0.]), 7: array([0.43451228]), 8: array([0.74352984]), 9: array([0.71564118])}
2025-05-12 13:25:47,991 - DEBUG - util_fusion - fusion_dual_defense - client 4 similarity threshold: 0.6570853340412977
2025-05-12 13:25:47,991 - INFO - util_fusion - fusion_dual_defense - client 4 selected fusion benigns: [0, 1, 2, 3, 8, 9]
2025-05-12 13:25:47,999 - DEBUG - util_fusion - fusion_dual_defense - client 5 scores: {0: array([21315.35099635]), 1: array([21315.29568757]), 2: array([21315.26130785]), 3: array([21315.48479528]), 4: array([21314.81739805]), 5: array([21315.0475878]), 6: array([21314.23671439]), 7: array([21314.77902086]), 8: array([21315.16469978]), 9: array([21315.12989248])}
2025-05-12 13:25:48,000 - DEBUG - util_fusion - fusion_dual_defense - client 5 norm scores: {0: array([0.89279626]), 1: array([0.8484812]), 2: array([0.82093514]), 3: array([1.]), 4: array([0.46526124]), 5: array([0.6496962]), 6: array([0.]), 7: array([0.43451228]), 8: array([0.74352984]), 9: array([0.71564118])}
2025-05-12 13:25:48,000 - DEBUG - util_fusion - fusion_dual_defense - client 5 similarity threshold: 0.6570853340412977
2025-05-12 13:25:48,000 - INFO - util_fusion - fusion_dual_defense - client 5 selected fusion benigns: [0, 1, 2, 3, 8, 9]
2025-05-12 13:25:48,008 - DEBUG - util_fusion - fusion_dual_defense - client 6 scores: {0: array([21315.35099635]), 1: array([21315.29568757]), 2: array([21315.26130785]), 3: array([21315.48479528]), 4: array([21314.81739805]), 5: array([21315.0475878]), 6: array([21314.23671439]), 7: array([21314.77902086]), 8: array([21315.16469978]), 9: array([21315.12989248])}
2025-05-12 13:25:48,009 - DEBUG - util_fusion - fusion_dual_defense - client 6 norm scores: {0: array([0.89279626]), 1: array([0.8484812]), 2: array([0.82093514]), 3: array([1.]), 4: array([0.46526124]), 5: array([0.6496962]), 6: array([0.]), 7: array([0.43451228]), 8: array([0.74352984]), 9: array([0.71564118])}
2025-05-12 13:25:48,009 - DEBUG - util_fusion - fusion_dual_defense - client 6 similarity threshold: 0.6570853340412977
2025-05-12 13:25:48,009 - INFO - util_fusion - fusion_dual_defense - client 6 selected fusion benigns: [0, 1, 2, 3, 8, 9]
2025-05-12 13:25:48,017 - DEBUG - util_fusion - fusion_dual_defense - client 7 scores: {0: array([21315.35099635]), 1: array([21315.29568757]), 2: array([21315.26130785]), 3: array([21315.48479528]), 4: array([21314.81739805]), 5: array([21315.0475878]), 6: array([21314.23671439]), 7: array([21314.77902086]), 8: array([21315.16469978]), 9: array([21315.12989248])}
2025-05-12 13:25:48,018 - DEBUG - util_fusion - fusion_dual_defense - client 7 norm scores: {0: array([0.89279626]), 1: array([0.8484812]), 2: array([0.82093514]), 3: array([1.]), 4: array([0.46526124]), 5: array([0.6496962]), 6: array([0.]), 7: array([0.43451228]), 8: array([0.74352984]), 9: array([0.71564118])}
2025-05-12 13:25:48,018 - DEBUG - util_fusion - fusion_dual_defense - client 7 similarity threshold: 0.6570853340412977
2025-05-12 13:25:48,018 - INFO - util_fusion - fusion_dual_defense - client 7 selected fusion benigns: [0, 1, 2, 3, 8, 9]
2025-05-12 13:25:48,026 - DEBUG - util_fusion - fusion_dual_defense - client 8 scores: {0: array([21315.35099635]), 1: array([21315.29568757]), 2: array([21315.26130785]), 3: array([21315.48479528]), 4: array([21314.81739805]), 5: array([21315.0475878]), 6: array([21314.23671439]), 7: array([21314.77902086]), 8: array([21315.16469978]), 9: array([21315.12989248])}
2025-05-12 13:25:48,027 - DEBUG - util_fusion - fusion_dual_defense - client 8 norm scores: {0: array([0.89279626]), 1: array([0.8484812]), 2: array([0.82093514]), 3: array([1.]), 4: array([0.46526124]), 5: array([0.6496962]), 6: array([0.]), 7: array([0.43451228]), 8: array([0.74352984]), 9: array([0.71564118])}
2025-05-12 13:25:48,027 - DEBUG - util_fusion - fusion_dual_defense - client 8 similarity threshold: 0.6570853340412977
2025-05-12 13:25:48,027 - INFO - util_fusion - fusion_dual_defense - client 8 selected fusion benigns: [0, 1, 2, 3, 8, 9]
2025-05-12 13:25:48,035 - DEBUG - util_fusion - fusion_dual_defense - client 9 scores: {0: array([21315.35099635]), 1: array([21315.29568757]), 2: array([21315.26130785]), 3: array([21315.48479528]), 4: array([21314.81739805]), 5: array([21315.0475878]), 6: array([21314.23671439]), 7: array([21314.77902086]), 8: array([21315.16469978]), 9: array([21315.12989248])}
2025-05-12 13:25:48,036 - DEBUG - util_fusion - fusion_dual_defense - client 9 norm scores: {0: array([0.89279626]), 1: array([0.8484812]), 2: array([0.82093514]), 3: array([1.]), 4: array([0.46526124]), 5: array([0.6496962]), 6: array([0.]), 7: array([0.43451228]), 8: array([0.74352984]), 9: array([0.71564118])}
2025-05-12 13:25:48,036 - DEBUG - util_fusion - fusion_dual_defense - client 9 similarity threshold: 0.6570853340412977
2025-05-12 13:25:48,036 - INFO - util_fusion - fusion_dual_defense - client 9 selected fusion benigns: [0, 1, 2, 3, 8, 9]
2025-05-12 13:25:48,036 - DEBUG - util_fusion - fusion_dual_defense - final fusion benigns: (0, 1, 2, 3, 8, 9)
2025-05-12 13:25:49,784 - INFO - fl - start - global side -  test accuracy: 9.8
2025-05-12 13:25:49,784 - INFO - fl - start - global side iteration 14 -  test accuracy: 9.8
2025-05-12 13:25:49,785 - INFO - fl - start - start training round 15
2025-05-12 13:25:49,786 - INFO - fl - start - round 15 attackers: [4, 9]
2025-05-12 13:25:49,786 - INFO - fl - start - start client 0 training
2025-05-12 13:25:49,786 - INFO - fl - client_local_train - client 0 start local training ...
2025-05-12 13:25:54,751 - INFO - fl - start - end client 0 training
2025-05-12 13:25:54,751 - INFO - fl - start - client 0 evaluation metrics: {'train_loss': nan, 'test_acc': 9.8}
2025-05-12 13:25:54,751 - INFO - fl - start - start client 1 training
2025-05-12 13:25:54,751 - INFO - fl - client_local_train - client 1 start local training ...
2025-05-12 13:26:04,701 - INFO - fl - start - end client 1 training
2025-05-12 13:26:04,701 - INFO - fl - start - client 1 evaluation metrics: {'train_loss': nan, 'test_acc': 9.8}
2025-05-12 13:26:04,701 - INFO - fl - start - start client 2 training
2025-05-12 13:26:04,701 - INFO - fl - client_local_train - client 2 start local training ...
2025-05-12 13:26:08,738 - INFO - fl - start - end client 2 training
2025-05-12 13:26:08,738 - INFO - fl - start - client 2 evaluation metrics: {'train_loss': nan, 'test_acc': 9.8}
2025-05-12 13:26:08,738 - INFO - fl - start - start client 3 training
2025-05-12 13:26:08,738 - INFO - fl - client_local_train - client 3 start local training ...
2025-05-12 13:26:17,700 - INFO - fl - start - end client 3 training
2025-05-12 13:26:17,700 - INFO - fl - start - client 3 evaluation metrics: {'train_loss': nan, 'test_acc': 9.8}
2025-05-12 13:26:17,700 - INFO - fl - start - start client 4 training
2025-05-12 13:26:17,700 - INFO - fl - client_local_train - client 4 start local training ...
2025-05-12 13:26:19,641 - INFO - fl - client_local_train - client 4 is attacker, start poisoning model
2025-05-12 13:26:23,335 - INFO - fl - start - end client 4 training
2025-05-12 13:26:23,335 - INFO - fl - start - client 4 evaluation metrics: {'train_loss': nan, 'test_acc': 9.8}
2025-05-12 13:26:23,335 - INFO - fl - start - start client 5 training
2025-05-12 13:26:23,335 - INFO - fl - client_local_train - client 5 start local training ...
2025-05-12 13:26:27,231 - INFO - fl - start - end client 5 training
2025-05-12 13:26:27,231 - INFO - fl - start - client 5 evaluation metrics: {'train_loss': nan, 'test_acc': 9.8}
2025-05-12 13:26:27,231 - INFO - fl - start - start client 6 training
2025-05-12 13:26:27,231 - INFO - fl - client_local_train - client 6 start local training ...
2025-05-12 13:26:31,711 - INFO - fl - start - end client 6 training
2025-05-12 13:26:31,711 - INFO - fl - start - client 6 evaluation metrics: {'train_loss': nan, 'test_acc': 9.8}
2025-05-12 13:26:31,711 - INFO - fl - start - start client 7 training
2025-05-12 13:26:31,711 - INFO - fl - client_local_train - client 7 start local training ...
2025-05-12 13:26:36,162 - INFO - fl - start - end client 7 training
2025-05-12 13:26:36,162 - INFO - fl - start - client 7 evaluation metrics: {'train_loss': nan, 'test_acc': 9.8}
2025-05-12 13:26:36,162 - INFO - fl - start - start client 8 training
2025-05-12 13:26:36,162 - INFO - fl - client_local_train - client 8 start local training ...
2025-05-12 13:26:40,702 - INFO - fl - start - end client 8 training
2025-05-12 13:26:40,702 - INFO - fl - start - client 8 evaluation metrics: {'train_loss': nan, 'test_acc': 9.8}
2025-05-12 13:26:40,702 - INFO - fl - start - start client 9 training
2025-05-12 13:26:40,702 - INFO - fl - client_local_train - client 9 start local training ...
2025-05-12 13:26:41,822 - INFO - fl - client_local_train - client 9 is attacker, start poisoning model
2025-05-12 13:26:45,091 - INFO - fl - start - end client 9 training
2025-05-12 13:26:45,091 - INFO - fl - start - client 9 evaluation metrics: {'train_loss': nan, 'test_acc': 9.8}
2025-05-12 13:26:45,091 - INFO - fl - aggregate_model - start model aggregation...fusion method: dual_defense
2025-05-12 13:26:45,091 - INFO - fl - aggregate_model - start hyper-guard fusion with epsilon 0.01
2025-05-12 13:26:45,091 - INFO - fl - aggregate_model - round 15 attackers: [9, 4]
2025-05-12 13:26:56,009 - DEBUG - util_fusion - fusion_dual_defense - client 0 scores: {0: array([5.28906965e+11]), 1: array([5.28906965e+11]), 2: array([5.28906965e+11]), 3: array([5.28906965e+11]), 4: array([5.28906965e+11]), 5: array([5.28906965e+11]), 6: array([5.28906965e+11]), 7: array([5.28906965e+11]), 8: array([5.28906965e+11]), 9: array([5.28906965e+11])}
2025-05-12 13:26:56,010 - DEBUG - util_fusion - fusion_dual_defense - client 0 norm scores: {0: array([0.75]), 1: array([1.]), 2: array([1.]), 3: array([0.5]), 4: array([0.25]), 5: array([1.]), 6: array([1.]), 7: array([0.]), 8: array([1.]), 9: array([0.5])}
2025-05-12 13:26:56,010 - DEBUG - util_fusion - fusion_dual_defense - client 0 similarity threshold: 0.7
2025-05-12 13:26:56,010 - INFO - util_fusion - fusion_dual_defense - client 0 selected fusion benigns: [0, 1, 2, 5, 6, 8]
2025-05-12 13:26:56,019 - DEBUG - util_fusion - fusion_dual_defense - client 1 scores: {0: array([5.28906965e+11]), 1: array([5.28906965e+11]), 2: array([5.28906965e+11]), 3: array([5.28906965e+11]), 4: array([5.28906965e+11]), 5: array([5.28906965e+11]), 6: array([5.28906965e+11]), 7: array([5.28906965e+11]), 8: array([5.28906965e+11]), 9: array([5.28906965e+11])}
2025-05-12 13:26:56,019 - DEBUG - util_fusion - fusion_dual_defense - client 1 norm scores: {0: array([0.75]), 1: array([1.]), 2: array([1.]), 3: array([0.5]), 4: array([0.25]), 5: array([1.]), 6: array([1.]), 7: array([0.]), 8: array([1.]), 9: array([0.5])}
2025-05-12 13:26:56,019 - DEBUG - util_fusion - fusion_dual_defense - client 1 similarity threshold: 0.7
2025-05-12 13:26:56,019 - INFO - util_fusion - fusion_dual_defense - client 1 selected fusion benigns: [0, 1, 2, 5, 6, 8]
2025-05-12 13:26:56,028 - DEBUG - util_fusion - fusion_dual_defense - client 2 scores: {0: array([5.28906965e+11]), 1: array([5.28906965e+11]), 2: array([5.28906965e+11]), 3: array([5.28906965e+11]), 4: array([5.28906965e+11]), 5: array([5.28906965e+11]), 6: array([5.28906965e+11]), 7: array([5.28906965e+11]), 8: array([5.28906965e+11]), 9: array([5.28906965e+11])}
2025-05-12 13:26:56,029 - DEBUG - util_fusion - fusion_dual_defense - client 2 norm scores: {0: array([0.75]), 1: array([1.]), 2: array([1.]), 3: array([0.5]), 4: array([0.25]), 5: array([1.]), 6: array([1.]), 7: array([0.]), 8: array([1.]), 9: array([0.5])}
2025-05-12 13:26:56,029 - DEBUG - util_fusion - fusion_dual_defense - client 2 similarity threshold: 0.7
2025-05-12 13:26:56,029 - INFO - util_fusion - fusion_dual_defense - client 2 selected fusion benigns: [0, 1, 2, 5, 6, 8]
2025-05-12 13:26:56,037 - DEBUG - util_fusion - fusion_dual_defense - client 3 scores: {0: array([5.28906965e+11]), 1: array([5.28906965e+11]), 2: array([5.28906965e+11]), 3: array([5.28906965e+11]), 4: array([5.28906965e+11]), 5: array([5.28906965e+11]), 6: array([5.28906965e+11]), 7: array([5.28906965e+11]), 8: array([5.28906965e+11]), 9: array([5.28906965e+11])}
2025-05-12 13:26:56,038 - DEBUG - util_fusion - fusion_dual_defense - client 3 norm scores: {0: array([0.75]), 1: array([1.]), 2: array([1.]), 3: array([0.5]), 4: array([0.25]), 5: array([1.]), 6: array([1.]), 7: array([0.]), 8: array([1.]), 9: array([0.5])}
2025-05-12 13:26:56,038 - DEBUG - util_fusion - fusion_dual_defense - client 3 similarity threshold: 0.7
2025-05-12 13:26:56,038 - INFO - util_fusion - fusion_dual_defense - client 3 selected fusion benigns: [0, 1, 2, 5, 6, 8]
2025-05-12 13:26:56,047 - DEBUG - util_fusion - fusion_dual_defense - client 4 scores: {0: array([5.28906965e+11]), 1: array([5.28906965e+11]), 2: array([5.28906965e+11]), 3: array([5.28906965e+11]), 4: array([5.28906965e+11]), 5: array([5.28906965e+11]), 6: array([5.28906965e+11]), 7: array([5.28906965e+11]), 8: array([5.28906965e+11]), 9: array([5.28906965e+11])}
2025-05-12 13:26:56,047 - DEBUG - util_fusion - fusion_dual_defense - client 4 norm scores: {0: array([0.75]), 1: array([1.]), 2: array([1.]), 3: array([0.5]), 4: array([0.25]), 5: array([1.]), 6: array([1.]), 7: array([0.]), 8: array([1.]), 9: array([0.5])}
2025-05-12 13:26:56,047 - DEBUG - util_fusion - fusion_dual_defense - client 4 similarity threshold: 0.7
2025-05-12 13:26:56,047 - INFO - util_fusion - fusion_dual_defense - client 4 selected fusion benigns: [0, 1, 2, 5, 6, 8]
2025-05-12 13:26:56,056 - DEBUG - util_fusion - fusion_dual_defense - client 5 scores: {0: array([5.28906965e+11]), 1: array([5.28906965e+11]), 2: array([5.28906965e+11]), 3: array([5.28906965e+11]), 4: array([5.28906965e+11]), 5: array([5.28906965e+11]), 6: array([5.28906965e+11]), 7: array([5.28906965e+11]), 8: array([5.28906965e+11]), 9: array([5.28906965e+11])}
2025-05-12 13:26:56,057 - DEBUG - util_fusion - fusion_dual_defense - client 5 norm scores: {0: array([0.75]), 1: array([1.]), 2: array([1.]), 3: array([0.5]), 4: array([0.25]), 5: array([1.]), 6: array([1.]), 7: array([0.]), 8: array([1.]), 9: array([0.5])}
2025-05-12 13:26:56,057 - DEBUG - util_fusion - fusion_dual_defense - client 5 similarity threshold: 0.7
2025-05-12 13:26:56,057 - INFO - util_fusion - fusion_dual_defense - client 5 selected fusion benigns: [0, 1, 2, 5, 6, 8]
2025-05-12 13:26:56,065 - DEBUG - util_fusion - fusion_dual_defense - client 6 scores: {0: array([5.28906965e+11]), 1: array([5.28906965e+11]), 2: array([5.28906965e+11]), 3: array([5.28906965e+11]), 4: array([5.28906965e+11]), 5: array([5.28906965e+11]), 6: array([5.28906965e+11]), 7: array([5.28906965e+11]), 8: array([5.28906965e+11]), 9: array([5.28906965e+11])}
2025-05-12 13:26:56,066 - DEBUG - util_fusion - fusion_dual_defense - client 6 norm scores: {0: array([0.75]), 1: array([1.]), 2: array([1.]), 3: array([0.5]), 4: array([0.25]), 5: array([1.]), 6: array([1.]), 7: array([0.]), 8: array([1.]), 9: array([0.5])}
2025-05-12 13:26:56,066 - DEBUG - util_fusion - fusion_dual_defense - client 6 similarity threshold: 0.7
2025-05-12 13:26:56,066 - INFO - util_fusion - fusion_dual_defense - client 6 selected fusion benigns: [0, 1, 2, 5, 6, 8]
2025-05-12 13:26:56,075 - DEBUG - util_fusion - fusion_dual_defense - client 7 scores: {0: array([5.28906965e+11]), 1: array([5.28906965e+11]), 2: array([5.28906965e+11]), 3: array([5.28906965e+11]), 4: array([5.28906965e+11]), 5: array([5.28906965e+11]), 6: array([5.28906965e+11]), 7: array([5.28906965e+11]), 8: array([5.28906965e+11]), 9: array([5.28906965e+11])}
2025-05-12 13:26:56,075 - DEBUG - util_fusion - fusion_dual_defense - client 7 norm scores: {0: array([0.75]), 1: array([1.]), 2: array([1.]), 3: array([0.5]), 4: array([0.25]), 5: array([1.]), 6: array([1.]), 7: array([0.]), 8: array([1.]), 9: array([0.5])}
2025-05-12 13:26:56,075 - DEBUG - util_fusion - fusion_dual_defense - client 7 similarity threshold: 0.7
2025-05-12 13:26:56,075 - INFO - util_fusion - fusion_dual_defense - client 7 selected fusion benigns: [0, 1, 2, 5, 6, 8]
2025-05-12 13:26:56,084 - DEBUG - util_fusion - fusion_dual_defense - client 8 scores: {0: array([5.28906965e+11]), 1: array([5.28906965e+11]), 2: array([5.28906965e+11]), 3: array([5.28906965e+11]), 4: array([5.28906965e+11]), 5: array([5.28906965e+11]), 6: array([5.28906965e+11]), 7: array([5.28906965e+11]), 8: array([5.28906965e+11]), 9: array([5.28906965e+11])}
2025-05-12 13:26:56,085 - DEBUG - util_fusion - fusion_dual_defense - client 8 norm scores: {0: array([0.75]), 1: array([1.]), 2: array([1.]), 3: array([0.5]), 4: array([0.25]), 5: array([1.]), 6: array([1.]), 7: array([0.]), 8: array([1.]), 9: array([0.5])}
2025-05-12 13:26:56,085 - DEBUG - util_fusion - fusion_dual_defense - client 8 similarity threshold: 0.7
2025-05-12 13:26:56,085 - INFO - util_fusion - fusion_dual_defense - client 8 selected fusion benigns: [0, 1, 2, 5, 6, 8]
2025-05-12 13:26:56,093 - DEBUG - util_fusion - fusion_dual_defense - client 9 scores: {0: array([5.28906965e+11]), 1: array([5.28906965e+11]), 2: array([5.28906965e+11]), 3: array([5.28906965e+11]), 4: array([5.28906965e+11]), 5: array([5.28906965e+11]), 6: array([5.28906965e+11]), 7: array([5.28906965e+11]), 8: array([5.28906965e+11]), 9: array([5.28906965e+11])}
2025-05-12 13:26:56,094 - DEBUG - util_fusion - fusion_dual_defense - client 9 norm scores: {0: array([0.75]), 1: array([1.]), 2: array([1.]), 3: array([0.5]), 4: array([0.25]), 5: array([1.]), 6: array([1.]), 7: array([0.]), 8: array([1.]), 9: array([0.5])}
2025-05-12 13:26:56,094 - DEBUG - util_fusion - fusion_dual_defense - client 9 similarity threshold: 0.7
2025-05-12 13:26:56,094 - INFO - util_fusion - fusion_dual_defense - client 9 selected fusion benigns: [0, 1, 2, 5, 6, 8]
2025-05-12 13:26:56,094 - DEBUG - util_fusion - fusion_dual_defense - final fusion benigns: (0, 1, 2, 5, 6, 8)
2025-05-12 13:26:57,842 - INFO - fl - start - global side -  test accuracy: 9.8
2025-05-12 13:26:57,842 - INFO - fl - start - global side iteration 15 -  test accuracy: 9.8
2025-05-12 13:26:57,843 - INFO - fl - start - start training round 16
2025-05-12 13:26:57,844 - INFO - fl - start - round 16 attackers: [3, 6]
2025-05-12 13:26:57,844 - INFO - fl - start - start client 0 training
2025-05-12 13:26:57,844 - INFO - fl - client_local_train - client 0 start local training ...
2025-05-12 13:27:02,817 - INFO - fl - start - end client 0 training
2025-05-12 13:27:02,817 - INFO - fl - start - client 0 evaluation metrics: {'train_loss': nan, 'test_acc': 9.8}
2025-05-12 13:27:02,817 - INFO - fl - start - start client 1 training
2025-05-12 13:27:02,817 - INFO - fl - client_local_train - client 1 start local training ...
2025-05-12 13:27:12,741 - INFO - fl - start - end client 1 training
2025-05-12 13:27:12,741 - INFO - fl - start - client 1 evaluation metrics: {'train_loss': nan, 'test_acc': 9.8}
2025-05-12 13:27:12,741 - INFO - fl - start - start client 2 training
2025-05-12 13:27:12,741 - INFO - fl - client_local_train - client 2 start local training ...
2025-05-12 13:27:16,799 - INFO - fl - start - end client 2 training
2025-05-12 13:27:16,799 - INFO - fl - start - client 2 evaluation metrics: {'train_loss': nan, 'test_acc': 9.8}
2025-05-12 13:27:16,799 - INFO - fl - start - start client 3 training
2025-05-12 13:27:16,799 - INFO - fl - client_local_train - client 3 start local training ...
2025-05-12 13:27:22,740 - INFO - fl - client_local_train - client 3 is attacker, start poisoning model
2025-05-12 13:27:28,588 - INFO - fl - start - end client 3 training
2025-05-12 13:27:28,588 - INFO - fl - start - client 3 evaluation metrics: {'train_loss': nan, 'test_acc': 9.8}
2025-05-12 13:27:28,588 - INFO - fl - start - start client 4 training
2025-05-12 13:27:28,588 - INFO - fl - client_local_train - client 4 start local training ...
2025-05-12 13:27:32,371 - INFO - fl - start - end client 4 training
2025-05-12 13:27:32,371 - INFO - fl - start - client 4 evaluation metrics: {'train_loss': nan, 'test_acc': 9.8}
2025-05-12 13:27:32,371 - INFO - fl - start - start client 5 training
2025-05-12 13:27:32,371 - INFO - fl - client_local_train - client 5 start local training ...
2025-05-12 13:27:36,243 - INFO - fl - start - end client 5 training
2025-05-12 13:27:36,244 - INFO - fl - start - client 5 evaluation metrics: {'train_loss': 1.1728633429322923, 'test_acc': 10.09}
2025-05-12 13:27:36,244 - INFO - fl - start - start client 6 training
2025-05-12 13:27:36,244 - INFO - fl - client_local_train - client 6 start local training ...
2025-05-12 13:27:38,735 - INFO - fl - client_local_train - client 6 is attacker, start poisoning model
2025-05-12 13:27:42,723 - INFO - fl - start - end client 6 training
2025-05-12 13:27:42,723 - INFO - fl - start - client 6 evaluation metrics: {'train_loss': 4.111369501460683, 'test_acc': 9.83}
2025-05-12 13:27:42,723 - INFO - fl - start - start client 7 training
2025-05-12 13:27:42,723 - INFO - fl - client_local_train - client 7 start local training ...
2025-05-12 13:27:47,139 - INFO - fl - start - end client 7 training
2025-05-12 13:27:47,139 - INFO - fl - start - client 7 evaluation metrics: {'train_loss': 1.3133564371811717, 'test_acc': 9.8}
2025-05-12 13:27:47,139 - INFO - fl - start - start client 8 training
2025-05-12 13:27:47,139 - INFO - fl - client_local_train - client 8 start local training ...
2025-05-12 13:27:51,661 - INFO - fl - start - end client 8 training
2025-05-12 13:27:51,661 - INFO - fl - start - client 8 evaluation metrics: {'train_loss': nan, 'test_acc': 9.8}
2025-05-12 13:27:51,661 - INFO - fl - start - start client 9 training
2025-05-12 13:27:51,661 - INFO - fl - client_local_train - client 9 start local training ...
2025-05-12 13:27:54,419 - INFO - fl - start - end client 9 training
2025-05-12 13:27:54,419 - INFO - fl - start - client 9 evaluation metrics: {'train_loss': nan, 'test_acc': 9.8}
2025-05-12 13:27:54,419 - INFO - fl - aggregate_model - start model aggregation...fusion method: dual_defense
2025-05-12 13:27:54,419 - INFO - fl - aggregate_model - start hyper-guard fusion with epsilon 0.01
2025-05-12 13:27:54,419 - INFO - fl - aggregate_model - round 16 attackers: [3, 6]
2025-05-12 13:28:05,431 - DEBUG - util_fusion - fusion_dual_defense - client 0 scores: {0: array([2.47921675e+12]), 1: array([2.47921675e+12]), 2: array([2.47921675e+12]), 3: array([2.47921675e+12]), 4: array([2.47921675e+12]), 5: array([5.80890879e-06]), 6: array([5.81922895e-06]), 7: array([5.18763704e-06]), 8: array([2.47921675e+12]), 9: array([2.47921675e+12])}
2025-05-12 13:28:05,432 - DEBUG - util_fusion - fusion_dual_defense - client 0 norm scores: {0: array([1.]), 1: array([1.]), 2: array([1.]), 3: array([1.]), 4: array([1.]), 5: array([2.50591948e-19]), 6: array([2.54754617e-19]), 7: array([0.]), 8: array([1.]), 9: array([1.])}
2025-05-12 13:28:05,432 - DEBUG - util_fusion - fusion_dual_defense - client 0 similarity threshold: 0.7
2025-05-12 13:28:05,432 - INFO - util_fusion - fusion_dual_defense - client 0 selected fusion benigns: [0, 1, 2, 3, 4, 8, 9]
2025-05-12 13:28:05,441 - DEBUG - util_fusion - fusion_dual_defense - client 1 scores: {0: array([2.47921675e+12]), 1: array([2.47921675e+12]), 2: array([2.47921675e+12]), 3: array([2.47921675e+12]), 4: array([2.47921675e+12]), 5: array([5.80890879e-06]), 6: array([5.81922895e-06]), 7: array([5.18763704e-06]), 8: array([2.47921675e+12]), 9: array([2.47921675e+12])}
2025-05-12 13:28:05,442 - DEBUG - util_fusion - fusion_dual_defense - client 1 norm scores: {0: array([1.]), 1: array([1.]), 2: array([1.]), 3: array([1.]), 4: array([1.]), 5: array([2.50591948e-19]), 6: array([2.54754617e-19]), 7: array([0.]), 8: array([1.]), 9: array([1.])}
2025-05-12 13:28:05,442 - DEBUG - util_fusion - fusion_dual_defense - client 1 similarity threshold: 0.7
2025-05-12 13:28:05,442 - INFO - util_fusion - fusion_dual_defense - client 1 selected fusion benigns: [0, 1, 2, 3, 4, 8, 9]
2025-05-12 13:28:05,450 - DEBUG - util_fusion - fusion_dual_defense - client 2 scores: {0: array([2.47921675e+12]), 1: array([2.47921675e+12]), 2: array([2.47921675e+12]), 3: array([2.47921675e+12]), 4: array([2.47921675e+12]), 5: array([5.80890879e-06]), 6: array([5.81922895e-06]), 7: array([5.18763704e-06]), 8: array([2.47921675e+12]), 9: array([2.47921675e+12])}
2025-05-12 13:28:05,451 - DEBUG - util_fusion - fusion_dual_defense - client 2 norm scores: {0: array([1.]), 1: array([1.]), 2: array([1.]), 3: array([1.]), 4: array([1.]), 5: array([2.50591948e-19]), 6: array([2.54754617e-19]), 7: array([0.]), 8: array([1.]), 9: array([1.])}
2025-05-12 13:28:05,451 - DEBUG - util_fusion - fusion_dual_defense - client 2 similarity threshold: 0.7
2025-05-12 13:28:05,451 - INFO - util_fusion - fusion_dual_defense - client 2 selected fusion benigns: [0, 1, 2, 3, 4, 8, 9]
2025-05-12 13:28:05,460 - DEBUG - util_fusion - fusion_dual_defense - client 3 scores: {0: array([2.47921675e+12]), 1: array([2.47921675e+12]), 2: array([2.47921675e+12]), 3: array([2.47921675e+12]), 4: array([2.47921675e+12]), 5: array([5.80890879e-06]), 6: array([5.81922895e-06]), 7: array([5.18763704e-06]), 8: array([2.47921675e+12]), 9: array([2.47921675e+12])}
2025-05-12 13:28:05,460 - DEBUG - util_fusion - fusion_dual_defense - client 3 norm scores: {0: array([1.]), 1: array([1.]), 2: array([1.]), 3: array([1.]), 4: array([1.]), 5: array([2.50591948e-19]), 6: array([2.54754617e-19]), 7: array([0.]), 8: array([1.]), 9: array([1.])}
2025-05-12 13:28:05,460 - DEBUG - util_fusion - fusion_dual_defense - client 3 similarity threshold: 0.7
2025-05-12 13:28:05,460 - INFO - util_fusion - fusion_dual_defense - client 3 selected fusion benigns: [0, 1, 2, 3, 4, 8, 9]
2025-05-12 13:28:05,469 - DEBUG - util_fusion - fusion_dual_defense - client 4 scores: {0: array([2.47921675e+12]), 1: array([2.47921675e+12]), 2: array([2.47921675e+12]), 3: array([2.47921675e+12]), 4: array([2.47921675e+12]), 5: array([5.80890879e-06]), 6: array([5.81922895e-06]), 7: array([5.18763704e-06]), 8: array([2.47921675e+12]), 9: array([2.47921675e+12])}
2025-05-12 13:28:05,470 - DEBUG - util_fusion - fusion_dual_defense - client 4 norm scores: {0: array([1.]), 1: array([1.]), 2: array([1.]), 3: array([1.]), 4: array([1.]), 5: array([2.50591948e-19]), 6: array([2.54754617e-19]), 7: array([0.]), 8: array([1.]), 9: array([1.])}
2025-05-12 13:28:05,470 - DEBUG - util_fusion - fusion_dual_defense - client 4 similarity threshold: 0.7
2025-05-12 13:28:05,470 - INFO - util_fusion - fusion_dual_defense - client 4 selected fusion benigns: [0, 1, 2, 3, 4, 8, 9]
2025-05-12 13:28:05,478 - DEBUG - util_fusion - fusion_dual_defense - client 5 scores: {0: array([2.47921675e+12]), 1: array([2.47921675e+12]), 2: array([2.47921675e+12]), 3: array([2.47921675e+12]), 4: array([2.47921675e+12]), 5: array([5.80890879e-06]), 6: array([5.81922895e-06]), 7: array([5.18763704e-06]), 8: array([2.47921675e+12]), 9: array([2.47921675e+12])}
2025-05-12 13:28:05,479 - DEBUG - util_fusion - fusion_dual_defense - client 5 norm scores: {0: array([1.]), 1: array([1.]), 2: array([1.]), 3: array([1.]), 4: array([1.]), 5: array([2.50591948e-19]), 6: array([2.54754617e-19]), 7: array([0.]), 8: array([1.]), 9: array([1.])}
2025-05-12 13:28:05,479 - DEBUG - util_fusion - fusion_dual_defense - client 5 similarity threshold: 0.7
2025-05-12 13:28:05,479 - INFO - util_fusion - fusion_dual_defense - client 5 selected fusion benigns: [0, 1, 2, 3, 4, 8, 9]
2025-05-12 13:28:05,488 - DEBUG - util_fusion - fusion_dual_defense - client 6 scores: {0: array([2.47921675e+12]), 1: array([2.47921675e+12]), 2: array([2.47921675e+12]), 3: array([2.47921675e+12]), 4: array([2.47921675e+12]), 5: array([5.80890879e-06]), 6: array([5.81922895e-06]), 7: array([5.18763704e-06]), 8: array([2.47921675e+12]), 9: array([2.47921675e+12])}
2025-05-12 13:28:05,488 - DEBUG - util_fusion - fusion_dual_defense - client 6 norm scores: {0: array([1.]), 1: array([1.]), 2: array([1.]), 3: array([1.]), 4: array([1.]), 5: array([2.50591948e-19]), 6: array([2.54754617e-19]), 7: array([0.]), 8: array([1.]), 9: array([1.])}
2025-05-12 13:28:05,488 - DEBUG - util_fusion - fusion_dual_defense - client 6 similarity threshold: 0.7
2025-05-12 13:28:05,488 - INFO - util_fusion - fusion_dual_defense - client 6 selected fusion benigns: [0, 1, 2, 3, 4, 8, 9]
2025-05-12 13:28:05,497 - DEBUG - util_fusion - fusion_dual_defense - client 7 scores: {0: array([2.47921675e+12]), 1: array([2.47921675e+12]), 2: array([2.47921675e+12]), 3: array([2.47921675e+12]), 4: array([2.47921675e+12]), 5: array([5.80890879e-06]), 6: array([5.81922895e-06]), 7: array([5.18763704e-06]), 8: array([2.47921675e+12]), 9: array([2.47921675e+12])}
2025-05-12 13:28:05,498 - DEBUG - util_fusion - fusion_dual_defense - client 7 norm scores: {0: array([1.]), 1: array([1.]), 2: array([1.]), 3: array([1.]), 4: array([1.]), 5: array([2.50591948e-19]), 6: array([2.54754617e-19]), 7: array([0.]), 8: array([1.]), 9: array([1.])}
2025-05-12 13:28:05,498 - DEBUG - util_fusion - fusion_dual_defense - client 7 similarity threshold: 0.7
2025-05-12 13:28:05,498 - INFO - util_fusion - fusion_dual_defense - client 7 selected fusion benigns: [0, 1, 2, 3, 4, 8, 9]
2025-05-12 13:28:05,506 - DEBUG - util_fusion - fusion_dual_defense - client 8 scores: {0: array([2.47921675e+12]), 1: array([2.47921675e+12]), 2: array([2.47921675e+12]), 3: array([2.47921675e+12]), 4: array([2.47921675e+12]), 5: array([5.80890879e-06]), 6: array([5.81922895e-06]), 7: array([5.18763704e-06]), 8: array([2.47921675e+12]), 9: array([2.47921675e+12])}
2025-05-12 13:28:05,507 - DEBUG - util_fusion - fusion_dual_defense - client 8 norm scores: {0: array([1.]), 1: array([1.]), 2: array([1.]), 3: array([1.]), 4: array([1.]), 5: array([2.50591948e-19]), 6: array([2.54754617e-19]), 7: array([0.]), 8: array([1.]), 9: array([1.])}
2025-05-12 13:28:05,507 - DEBUG - util_fusion - fusion_dual_defense - client 8 similarity threshold: 0.7
2025-05-12 13:28:05,507 - INFO - util_fusion - fusion_dual_defense - client 8 selected fusion benigns: [0, 1, 2, 3, 4, 8, 9]
2025-05-12 13:28:05,515 - DEBUG - util_fusion - fusion_dual_defense - client 9 scores: {0: array([2.47921675e+12]), 1: array([2.47921675e+12]), 2: array([2.47921675e+12]), 3: array([2.47921675e+12]), 4: array([2.47921675e+12]), 5: array([5.80890879e-06]), 6: array([5.81922895e-06]), 7: array([5.18763704e-06]), 8: array([2.47921675e+12]), 9: array([2.47921675e+12])}
2025-05-12 13:28:05,516 - DEBUG - util_fusion - fusion_dual_defense - client 9 norm scores: {0: array([1.]), 1: array([1.]), 2: array([1.]), 3: array([1.]), 4: array([1.]), 5: array([2.50591948e-19]), 6: array([2.54754617e-19]), 7: array([0.]), 8: array([1.]), 9: array([1.])}
2025-05-12 13:28:05,516 - DEBUG - util_fusion - fusion_dual_defense - client 9 similarity threshold: 0.7
2025-05-12 13:28:05,516 - INFO - util_fusion - fusion_dual_defense - client 9 selected fusion benigns: [0, 1, 2, 3, 4, 8, 9]
2025-05-12 13:28:05,516 - DEBUG - util_fusion - fusion_dual_defense - final fusion benigns: (0, 1, 2, 3, 4, 8, 9)
2025-05-12 13:28:07,320 - INFO - fl - start - global side -  test accuracy: 9.8
2025-05-12 13:28:07,320 - INFO - fl - start - global side iteration 16 -  test accuracy: 9.8
2025-05-12 13:28:07,320 - INFO - fl - start - start training round 17
2025-05-12 13:28:07,322 - INFO - fl - start - round 17 attackers: [4, 2]
2025-05-12 13:28:07,322 - INFO - fl - start - start client 0 training
2025-05-12 13:28:07,322 - INFO - fl - client_local_train - client 0 start local training ...
2025-05-12 13:28:12,298 - INFO - fl - start - end client 0 training
2025-05-12 13:28:12,298 - INFO - fl - start - client 0 evaluation metrics: {'train_loss': 22470155705539.594, 'test_acc': 9.58}
2025-05-12 13:28:12,298 - INFO - fl - start - start client 1 training
2025-05-12 13:28:12,298 - INFO - fl - client_local_train - client 1 start local training ...
2025-05-12 13:28:22,184 - INFO - fl - start - end client 1 training
2025-05-12 13:28:22,184 - INFO - fl - start - client 1 evaluation metrics: {'train_loss': 11655970067017.143, 'test_acc': 9.74}
2025-05-12 13:28:22,184 - INFO - fl - start - start client 2 training
2025-05-12 13:28:22,184 - INFO - fl - client_local_train - client 2 start local training ...
2025-05-12 13:28:24,322 - INFO - fl - client_local_train - client 2 is attacker, start poisoning model
2025-05-12 13:28:28,128 - INFO - fl - start - end client 2 training
2025-05-12 13:28:28,128 - INFO - fl - start - client 2 evaluation metrics: {'train_loss': 2699150361749779.0, 'test_acc': 10.1}
2025-05-12 13:28:28,128 - INFO - fl - start - start client 3 training
2025-05-12 13:28:28,128 - INFO - fl - client_local_train - client 3 start local training ...
2025-05-12 13:28:37,026 - INFO - fl - start - end client 3 training
2025-05-12 13:28:37,026 - INFO - fl - start - client 3 evaluation metrics: {'train_loss': 9155677698413.318, 'test_acc': 9.58}
2025-05-12 13:28:37,026 - INFO - fl - start - start client 4 training
2025-05-12 13:28:37,026 - INFO - fl - client_local_train - client 4 start local training ...
2025-05-12 13:28:38,961 - INFO - fl - client_local_train - client 4 is attacker, start poisoning model
2025-05-12 13:28:42,659 - INFO - fl - start - end client 4 training
2025-05-12 13:28:42,659 - INFO - fl - start - client 4 evaluation metrics: {'train_loss': 1901790654522982.5, 'test_acc': 11.35}
2025-05-12 13:28:42,659 - INFO - fl - start - start client 5 training
2025-05-12 13:28:42,659 - INFO - fl - client_local_train - client 5 start local training ...
2025-05-12 13:28:46,531 - INFO - fl - start - end client 5 training
2025-05-12 13:28:46,531 - INFO - fl - start - client 5 evaluation metrics: {'train_loss': 8443060451815.619, 'test_acc': 10.09}
2025-05-12 13:28:46,531 - INFO - fl - start - start client 6 training
2025-05-12 13:28:46,531 - INFO - fl - client_local_train - client 6 start local training ...
2025-05-12 13:28:51,010 - INFO - fl - start - end client 6 training
2025-05-12 13:28:51,010 - INFO - fl - start - client 6 evaluation metrics: {'train_loss': 18979707073416.312, 'test_acc': 9.82}
2025-05-12 13:28:51,010 - INFO - fl - start - start client 7 training
2025-05-12 13:28:51,010 - INFO - fl - client_local_train - client 7 start local training ...
2025-05-12 13:28:55,451 - INFO - fl - start - end client 7 training
2025-05-12 13:28:55,451 - INFO - fl - start - client 7 evaluation metrics: {'train_loss': 10997738945697.684, 'test_acc': 11.35}
2025-05-12 13:28:55,451 - INFO - fl - start - start client 8 training
2025-05-12 13:28:55,451 - INFO - fl - client_local_train - client 8 start local training ...
2025-05-12 13:28:59,995 - INFO - fl - start - end client 8 training
2025-05-12 13:28:59,995 - INFO - fl - start - client 8 evaluation metrics: {'train_loss': 14491284057852.76, 'test_acc': 9.8}
2025-05-12 13:28:59,995 - INFO - fl - start - start client 9 training
2025-05-12 13:28:59,995 - INFO - fl - client_local_train - client 9 start local training ...
2025-05-12 13:29:02,750 - INFO - fl - start - end client 9 training
2025-05-12 13:29:02,750 - INFO - fl - start - client 9 evaluation metrics: {'train_loss': 9270019010442.97, 'test_acc': 10.1}
2025-05-12 13:29:02,750 - INFO - fl - aggregate_model - start model aggregation...fusion method: dual_defense
2025-05-12 13:29:02,750 - INFO - fl - aggregate_model - start hyper-guard fusion with epsilon 0.01
2025-05-12 13:29:02,750 - INFO - fl - aggregate_model - round 17 attackers: [2, 4]
2025-05-12 13:29:13,776 - DEBUG - util_fusion - fusion_dual_defense - client 0 scores: {0: array([20891.53943598]), 1: array([20891.69109962]), 2: array([20890.54138022]), 3: array([20892.17252558]), 4: array([20890.93486963]), 5: array([20891.89406356]), 6: array([20891.71230757]), 7: array([20892.3850897]), 8: array([20891.56525666]), 9: array([20891.33802767])}
2025-05-12 13:29:13,777 - DEBUG - util_fusion - fusion_dual_defense - client 0 norm scores: {0: array([0.54133027]), 1: array([0.62359033]), 2: array([0.]), 3: array([0.88470845]), 4: array([0.21342267]), 5: array([0.73367488]), 6: array([0.6350932]), 7: array([1.]), 8: array([0.55533502]), 9: array([0.43208947])}
2025-05-12 13:29:13,777 - DEBUG - util_fusion - fusion_dual_defense - client 0 similarity threshold: 0.5619244291373775
2025-05-12 13:29:13,777 - INFO - util_fusion - fusion_dual_defense - client 0 selected fusion benigns: [1, 3, 5, 6, 7]
2025-05-12 13:29:13,785 - DEBUG - util_fusion - fusion_dual_defense - client 1 scores: {0: array([20891.53943598]), 1: array([20891.69109962]), 2: array([20890.54138022]), 3: array([20892.17252558]), 4: array([20890.93486963]), 5: array([20891.89406356]), 6: array([20891.71230757]), 7: array([20892.3850897]), 8: array([20891.56525666]), 9: array([20891.33802767])}
2025-05-12 13:29:13,786 - DEBUG - util_fusion - fusion_dual_defense - client 1 norm scores: {0: array([0.54133027]), 1: array([0.62359033]), 2: array([0.]), 3: array([0.88470845]), 4: array([0.21342267]), 5: array([0.73367488]), 6: array([0.6350932]), 7: array([1.]), 8: array([0.55533502]), 9: array([0.43208947])}
2025-05-12 13:29:13,786 - DEBUG - util_fusion - fusion_dual_defense - client 1 similarity threshold: 0.5619244291373775
2025-05-12 13:29:13,786 - INFO - util_fusion - fusion_dual_defense - client 1 selected fusion benigns: [1, 3, 5, 6, 7]
2025-05-12 13:29:13,794 - DEBUG - util_fusion - fusion_dual_defense - client 2 scores: {0: array([20891.53943598]), 1: array([20891.69109962]), 2: array([20890.54138022]), 3: array([20892.17252558]), 4: array([20890.93486963]), 5: array([20891.89406356]), 6: array([20891.71230757]), 7: array([20892.3850897]), 8: array([20891.56525666]), 9: array([20891.33802767])}
2025-05-12 13:29:13,795 - DEBUG - util_fusion - fusion_dual_defense - client 2 norm scores: {0: array([0.54133027]), 1: array([0.62359033]), 2: array([0.]), 3: array([0.88470845]), 4: array([0.21342267]), 5: array([0.73367488]), 6: array([0.6350932]), 7: array([1.]), 8: array([0.55533502]), 9: array([0.43208947])}
2025-05-12 13:29:13,795 - DEBUG - util_fusion - fusion_dual_defense - client 2 similarity threshold: 0.5619244291373775
2025-05-12 13:29:13,795 - INFO - util_fusion - fusion_dual_defense - client 2 selected fusion benigns: [1, 3, 5, 6, 7]
2025-05-12 13:29:13,803 - DEBUG - util_fusion - fusion_dual_defense - client 3 scores: {0: array([20891.53943598]), 1: array([20891.69109962]), 2: array([20890.54138022]), 3: array([20892.17252558]), 4: array([20890.93486963]), 5: array([20891.89406356]), 6: array([20891.71230757]), 7: array([20892.3850897]), 8: array([20891.56525666]), 9: array([20891.33802767])}
2025-05-12 13:29:13,804 - DEBUG - util_fusion - fusion_dual_defense - client 3 norm scores: {0: array([0.54133027]), 1: array([0.62359033]), 2: array([0.]), 3: array([0.88470845]), 4: array([0.21342267]), 5: array([0.73367488]), 6: array([0.6350932]), 7: array([1.]), 8: array([0.55533502]), 9: array([0.43208947])}
2025-05-12 13:29:13,804 - DEBUG - util_fusion - fusion_dual_defense - client 3 similarity threshold: 0.5619244291373775
2025-05-12 13:29:13,804 - INFO - util_fusion - fusion_dual_defense - client 3 selected fusion benigns: [1, 3, 5, 6, 7]
2025-05-12 13:29:13,812 - DEBUG - util_fusion - fusion_dual_defense - client 4 scores: {0: array([20891.53943598]), 1: array([20891.69109962]), 2: array([20890.54138022]), 3: array([20892.17252558]), 4: array([20890.93486963]), 5: array([20891.89406356]), 6: array([20891.71230757]), 7: array([20892.3850897]), 8: array([20891.56525666]), 9: array([20891.33802767])}
2025-05-12 13:29:13,813 - DEBUG - util_fusion - fusion_dual_defense - client 4 norm scores: {0: array([0.54133027]), 1: array([0.62359033]), 2: array([0.]), 3: array([0.88470845]), 4: array([0.21342267]), 5: array([0.73367488]), 6: array([0.6350932]), 7: array([1.]), 8: array([0.55533502]), 9: array([0.43208947])}
2025-05-12 13:29:13,813 - DEBUG - util_fusion - fusion_dual_defense - client 4 similarity threshold: 0.5619244291373775
2025-05-12 13:29:13,813 - INFO - util_fusion - fusion_dual_defense - client 4 selected fusion benigns: [1, 3, 5, 6, 7]
2025-05-12 13:29:13,822 - DEBUG - util_fusion - fusion_dual_defense - client 5 scores: {0: array([20891.53943598]), 1: array([20891.69109962]), 2: array([20890.54138022]), 3: array([20892.17252558]), 4: array([20890.93486963]), 5: array([20891.89406356]), 6: array([20891.71230757]), 7: array([20892.3850897]), 8: array([20891.56525666]), 9: array([20891.33802767])}
2025-05-12 13:29:13,822 - DEBUG - util_fusion - fusion_dual_defense - client 5 norm scores: {0: array([0.54133027]), 1: array([0.62359033]), 2: array([0.]), 3: array([0.88470845]), 4: array([0.21342267]), 5: array([0.73367488]), 6: array([0.6350932]), 7: array([1.]), 8: array([0.55533502]), 9: array([0.43208947])}
2025-05-12 13:29:13,822 - DEBUG - util_fusion - fusion_dual_defense - client 5 similarity threshold: 0.5619244291373775
2025-05-12 13:29:13,822 - INFO - util_fusion - fusion_dual_defense - client 5 selected fusion benigns: [1, 3, 5, 6, 7]
2025-05-12 13:29:13,831 - DEBUG - util_fusion - fusion_dual_defense - client 6 scores: {0: array([20891.53943598]), 1: array([20891.69109962]), 2: array([20890.54138022]), 3: array([20892.17252558]), 4: array([20890.93486963]), 5: array([20891.89406356]), 6: array([20891.71230757]), 7: array([20892.3850897]), 8: array([20891.56525666]), 9: array([20891.33802767])}
2025-05-12 13:29:13,831 - DEBUG - util_fusion - fusion_dual_defense - client 6 norm scores: {0: array([0.54133027]), 1: array([0.62359033]), 2: array([0.]), 3: array([0.88470845]), 4: array([0.21342267]), 5: array([0.73367488]), 6: array([0.6350932]), 7: array([1.]), 8: array([0.55533502]), 9: array([0.43208947])}
2025-05-12 13:29:13,831 - DEBUG - util_fusion - fusion_dual_defense - client 6 similarity threshold: 0.5619244291373775
2025-05-12 13:29:13,831 - INFO - util_fusion - fusion_dual_defense - client 6 selected fusion benigns: [1, 3, 5, 6, 7]
2025-05-12 13:29:13,840 - DEBUG - util_fusion - fusion_dual_defense - client 7 scores: {0: array([20891.53943598]), 1: array([20891.69109962]), 2: array([20890.54138022]), 3: array([20892.17252558]), 4: array([20890.93486963]), 5: array([20891.89406356]), 6: array([20891.71230757]), 7: array([20892.3850897]), 8: array([20891.56525666]), 9: array([20891.33802767])}
2025-05-12 13:29:13,840 - DEBUG - util_fusion - fusion_dual_defense - client 7 norm scores: {0: array([0.54133027]), 1: array([0.62359033]), 2: array([0.]), 3: array([0.88470845]), 4: array([0.21342267]), 5: array([0.73367488]), 6: array([0.6350932]), 7: array([1.]), 8: array([0.55533502]), 9: array([0.43208947])}
2025-05-12 13:29:13,840 - DEBUG - util_fusion - fusion_dual_defense - client 7 similarity threshold: 0.5619244291373775
2025-05-12 13:29:13,840 - INFO - util_fusion - fusion_dual_defense - client 7 selected fusion benigns: [1, 3, 5, 6, 7]
2025-05-12 13:29:13,849 - DEBUG - util_fusion - fusion_dual_defense - client 8 scores: {0: array([20891.53943598]), 1: array([20891.69109962]), 2: array([20890.54138022]), 3: array([20892.17252558]), 4: array([20890.93486963]), 5: array([20891.89406356]), 6: array([20891.71230757]), 7: array([20892.3850897]), 8: array([20891.56525666]), 9: array([20891.33802767])}
2025-05-12 13:29:13,849 - DEBUG - util_fusion - fusion_dual_defense - client 8 norm scores: {0: array([0.54133027]), 1: array([0.62359033]), 2: array([0.]), 3: array([0.88470845]), 4: array([0.21342267]), 5: array([0.73367488]), 6: array([0.6350932]), 7: array([1.]), 8: array([0.55533502]), 9: array([0.43208947])}
2025-05-12 13:29:13,849 - DEBUG - util_fusion - fusion_dual_defense - client 8 similarity threshold: 0.5619244291373775
2025-05-12 13:29:13,849 - INFO - util_fusion - fusion_dual_defense - client 8 selected fusion benigns: [1, 3, 5, 6, 7]
2025-05-12 13:29:13,858 - DEBUG - util_fusion - fusion_dual_defense - client 9 scores: {0: array([20891.53943598]), 1: array([20891.69109962]), 2: array([20890.54138022]), 3: array([20892.17252558]), 4: array([20890.93486963]), 5: array([20891.89406356]), 6: array([20891.71230757]), 7: array([20892.3850897]), 8: array([20891.56525666]), 9: array([20891.33802767])}
2025-05-12 13:29:13,858 - DEBUG - util_fusion - fusion_dual_defense - client 9 norm scores: {0: array([0.54133027]), 1: array([0.62359033]), 2: array([0.]), 3: array([0.88470845]), 4: array([0.21342267]), 5: array([0.73367488]), 6: array([0.6350932]), 7: array([1.]), 8: array([0.55533502]), 9: array([0.43208947])}
2025-05-12 13:29:13,859 - DEBUG - util_fusion - fusion_dual_defense - client 9 similarity threshold: 0.5619244291373775
2025-05-12 13:29:13,859 - INFO - util_fusion - fusion_dual_defense - client 9 selected fusion benigns: [1, 3, 5, 6, 7]
2025-05-12 13:29:13,859 - DEBUG - util_fusion - fusion_dual_defense - final fusion benigns: (1, 3, 5, 6, 7)
2025-05-12 13:29:15,550 - INFO - fl - start - global side -  test accuracy: 8.92
2025-05-12 13:29:15,551 - INFO - fl - start - global side iteration 17 -  test accuracy: 8.92
2025-05-12 13:29:15,551 - INFO - fl - start - start training round 18
2025-05-12 13:29:15,553 - INFO - fl - start - round 18 attackers: [2, 3]
2025-05-12 13:29:15,553 - INFO - fl - start - start client 0 training
2025-05-12 13:29:15,553 - INFO - fl - client_local_train - client 0 start local training ...
2025-05-12 13:29:20,504 - INFO - fl - start - end client 0 training
2025-05-12 13:29:20,504 - INFO - fl - start - client 0 evaluation metrics: {'train_loss': 6472231827847.191, 'test_acc': 11.35}
2025-05-12 13:29:20,504 - INFO - fl - start - start client 1 training
2025-05-12 13:29:20,504 - INFO - fl - client_local_train - client 1 start local training ...
2025-05-12 13:29:30,431 - INFO - fl - start - end client 1 training
2025-05-12 13:29:30,432 - INFO - fl - start - client 1 evaluation metrics: {'train_loss': 9754236207884.191, 'test_acc': 9.74}
2025-05-12 13:29:30,432 - INFO - fl - start - start client 2 training
2025-05-12 13:29:30,432 - INFO - fl - client_local_train - client 2 start local training ...
2025-05-12 13:29:32,562 - INFO - fl - client_local_train - client 2 is attacker, start poisoning model
2025-05-12 13:29:36,367 - INFO - fl - start - end client 2 training
2025-05-12 13:29:36,368 - INFO - fl - start - client 2 evaluation metrics: {'train_loss': 1361725436018932.5, 'test_acc': 9.8}
2025-05-12 13:29:36,368 - INFO - fl - start - start client 3 training
2025-05-12 13:29:36,368 - INFO - fl - client_local_train - client 3 start local training ...
2025-05-12 13:29:42,357 - INFO - fl - client_local_train - client 3 is attacker, start poisoning model
2025-05-12 13:29:48,196 - INFO - fl - start - end client 3 training
2025-05-12 13:29:48,196 - INFO - fl - start - client 3 evaluation metrics: {'train_loss': 748493780127367.6, 'test_acc': 8.92}
2025-05-12 13:29:48,196 - INFO - fl - start - start client 4 training
2025-05-12 13:29:48,196 - INFO - fl - client_local_train - client 4 start local training ...
2025-05-12 13:29:51,988 - INFO - fl - start - end client 4 training
2025-05-12 13:29:51,988 - INFO - fl - start - client 4 evaluation metrics: {'train_loss': 11866800949384.533, 'test_acc': 11.35}
2025-05-12 13:29:51,988 - INFO - fl - start - start client 5 training
2025-05-12 13:29:51,988 - INFO - fl - client_local_train - client 5 start local training ...
2025-05-12 13:29:55,868 - INFO - fl - start - end client 5 training
2025-05-12 13:29:55,869 - INFO - fl - start - client 5 evaluation metrics: {'train_loss': 13198952509635.047, 'test_acc': 10.09}
2025-05-12 13:29:55,869 - INFO - fl - start - start client 6 training
2025-05-12 13:29:55,869 - INFO - fl - client_local_train - client 6 start local training ...
2025-05-12 13:30:00,360 - INFO - fl - start - end client 6 training
2025-05-12 13:30:00,360 - INFO - fl - start - client 6 evaluation metrics: {'train_loss': 3097597701133.299, 'test_acc': 9.82}
2025-05-12 13:30:00,360 - INFO - fl - start - start client 7 training
2025-05-12 13:30:00,361 - INFO - fl - client_local_train - client 7 start local training ...
2025-05-12 13:30:04,785 - INFO - fl - start - end client 7 training
2025-05-12 13:30:04,785 - INFO - fl - start - client 7 evaluation metrics: {'train_loss': 13545513901648.842, 'test_acc': 11.35}
2025-05-12 13:30:04,785 - INFO - fl - start - start client 8 training
2025-05-12 13:30:04,785 - INFO - fl - client_local_train - client 8 start local training ...
2025-05-12 13:30:09,341 - INFO - fl - start - end client 8 training
2025-05-12 13:30:09,341 - INFO - fl - start - client 8 evaluation metrics: {'train_loss': 13164771434807.088, 'test_acc': 9.8}
2025-05-12 13:30:09,341 - INFO - fl - start - start client 9 training
2025-05-12 13:30:09,341 - INFO - fl - client_local_train - client 9 start local training ...
2025-05-12 13:30:12,100 - INFO - fl - start - end client 9 training
2025-05-12 13:30:12,101 - INFO - fl - start - client 9 evaluation metrics: {'train_loss': 17382366885595.428, 'test_acc': 10.1}
2025-05-12 13:30:12,101 - INFO - fl - aggregate_model - start model aggregation...fusion method: dual_defense
2025-05-12 13:30:12,101 - INFO - fl - aggregate_model - start hyper-guard fusion with epsilon 0.01
2025-05-12 13:30:12,101 - INFO - fl - aggregate_model - round 18 attackers: [2, 3]
2025-05-12 13:30:23,138 - DEBUG - util_fusion - fusion_dual_defense - client 0 scores: {0: array([16704.39969006]), 1: array([16710.75542975]), 2: array([16704.84704358]), 3: array([16710.68765195]), 4: array([16710.02784843]), 5: array([16710.23714889]), 6: array([16710.80458746]), 7: array([16709.80490173]), 8: array([16710.36806584]), 9: array([16710.34564127])}
2025-05-12 13:30:23,138 - DEBUG - util_fusion - fusion_dual_defense - client 0 norm scores: {0: array([0.]), 1: array([0.99232498]), 2: array([0.06984554]), 3: array([0.9817428]), 4: array([0.87872733]), 5: array([0.91140552]), 6: array([1.]), 7: array([0.84391854]), 8: array([0.93184565]), 9: array([0.92834449])}
2025-05-12 13:30:23,138 - DEBUG - util_fusion - fusion_dual_defense - client 0 similarity threshold: 0.7538154848511475
2025-05-12 13:30:23,139 - INFO - util_fusion - fusion_dual_defense - client 0 selected fusion benigns: [1, 3, 4, 5, 6, 7, 8, 9]
2025-05-12 13:30:23,147 - DEBUG - util_fusion - fusion_dual_defense - client 1 scores: {0: array([16704.39969006]), 1: array([16710.75542975]), 2: array([16704.84704358]), 3: array([16710.68765195]), 4: array([16710.02784843]), 5: array([16710.23714889]), 6: array([16710.80458746]), 7: array([16709.80490173]), 8: array([16710.36806584]), 9: array([16710.34564127])}
2025-05-12 13:30:23,148 - DEBUG - util_fusion - fusion_dual_defense - client 1 norm scores: {0: array([0.]), 1: array([0.99232498]), 2: array([0.06984554]), 3: array([0.9817428]), 4: array([0.87872733]), 5: array([0.91140552]), 6: array([1.]), 7: array([0.84391854]), 8: array([0.93184565]), 9: array([0.92834449])}
2025-05-12 13:30:23,148 - DEBUG - util_fusion - fusion_dual_defense - client 1 similarity threshold: 0.7538154848511475
2025-05-12 13:30:23,148 - INFO - util_fusion - fusion_dual_defense - client 1 selected fusion benigns: [1, 3, 4, 5, 6, 7, 8, 9]
2025-05-12 13:30:23,156 - DEBUG - util_fusion - fusion_dual_defense - client 2 scores: {0: array([16704.39969006]), 1: array([16710.75542975]), 2: array([16704.84704358]), 3: array([16710.68765195]), 4: array([16710.02784843]), 5: array([16710.23714889]), 6: array([16710.80458746]), 7: array([16709.80490173]), 8: array([16710.36806584]), 9: array([16710.34564127])}
2025-05-12 13:30:23,157 - DEBUG - util_fusion - fusion_dual_defense - client 2 norm scores: {0: array([0.]), 1: array([0.99232498]), 2: array([0.06984554]), 3: array([0.9817428]), 4: array([0.87872733]), 5: array([0.91140552]), 6: array([1.]), 7: array([0.84391854]), 8: array([0.93184565]), 9: array([0.92834449])}
2025-05-12 13:30:23,157 - DEBUG - util_fusion - fusion_dual_defense - client 2 similarity threshold: 0.7538154848511475
2025-05-12 13:30:23,157 - INFO - util_fusion - fusion_dual_defense - client 2 selected fusion benigns: [1, 3, 4, 5, 6, 7, 8, 9]
2025-05-12 13:30:23,165 - DEBUG - util_fusion - fusion_dual_defense - client 3 scores: {0: array([16704.39969006]), 1: array([16710.75542975]), 2: array([16704.84704358]), 3: array([16710.68765195]), 4: array([16710.02784843]), 5: array([16710.23714889]), 6: array([16710.80458746]), 7: array([16709.80490173]), 8: array([16710.36806584]), 9: array([16710.34564127])}
2025-05-12 13:30:23,166 - DEBUG - util_fusion - fusion_dual_defense - client 3 norm scores: {0: array([0.]), 1: array([0.99232498]), 2: array([0.06984554]), 3: array([0.9817428]), 4: array([0.87872733]), 5: array([0.91140552]), 6: array([1.]), 7: array([0.84391854]), 8: array([0.93184565]), 9: array([0.92834449])}
2025-05-12 13:30:23,166 - DEBUG - util_fusion - fusion_dual_defense - client 3 similarity threshold: 0.7538154848511475
2025-05-12 13:30:23,166 - INFO - util_fusion - fusion_dual_defense - client 3 selected fusion benigns: [1, 3, 4, 5, 6, 7, 8, 9]
2025-05-12 13:30:23,174 - DEBUG - util_fusion - fusion_dual_defense - client 4 scores: {0: array([16704.39969006]), 1: array([16710.75542975]), 2: array([16704.84704358]), 3: array([16710.68765195]), 4: array([16710.02784843]), 5: array([16710.23714889]), 6: array([16710.80458746]), 7: array([16709.80490173]), 8: array([16710.36806584]), 9: array([16710.34564127])}
2025-05-12 13:30:23,175 - DEBUG - util_fusion - fusion_dual_defense - client 4 norm scores: {0: array([0.]), 1: array([0.99232498]), 2: array([0.06984554]), 3: array([0.9817428]), 4: array([0.87872733]), 5: array([0.91140552]), 6: array([1.]), 7: array([0.84391854]), 8: array([0.93184565]), 9: array([0.92834449])}
2025-05-12 13:30:23,175 - DEBUG - util_fusion - fusion_dual_defense - client 4 similarity threshold: 0.7538154848511475
2025-05-12 13:30:23,175 - INFO - util_fusion - fusion_dual_defense - client 4 selected fusion benigns: [1, 3, 4, 5, 6, 7, 8, 9]
2025-05-12 13:30:23,183 - DEBUG - util_fusion - fusion_dual_defense - client 5 scores: {0: array([16704.39969006]), 1: array([16710.75542975]), 2: array([16704.84704358]), 3: array([16710.68765195]), 4: array([16710.02784843]), 5: array([16710.23714889]), 6: array([16710.80458746]), 7: array([16709.80490173]), 8: array([16710.36806584]), 9: array([16710.34564127])}
2025-05-12 13:30:23,184 - DEBUG - util_fusion - fusion_dual_defense - client 5 norm scores: {0: array([0.]), 1: array([0.99232498]), 2: array([0.06984554]), 3: array([0.9817428]), 4: array([0.87872733]), 5: array([0.91140552]), 6: array([1.]), 7: array([0.84391854]), 8: array([0.93184565]), 9: array([0.92834449])}
2025-05-12 13:30:23,184 - DEBUG - util_fusion - fusion_dual_defense - client 5 similarity threshold: 0.7538154848511475
2025-05-12 13:30:23,184 - INFO - util_fusion - fusion_dual_defense - client 5 selected fusion benigns: [1, 3, 4, 5, 6, 7, 8, 9]
2025-05-12 13:30:23,192 - DEBUG - util_fusion - fusion_dual_defense - client 6 scores: {0: array([16704.39969006]), 1: array([16710.75542975]), 2: array([16704.84704358]), 3: array([16710.68765195]), 4: array([16710.02784843]), 5: array([16710.23714889]), 6: array([16710.80458746]), 7: array([16709.80490173]), 8: array([16710.36806584]), 9: array([16710.34564127])}
2025-05-12 13:30:23,193 - DEBUG - util_fusion - fusion_dual_defense - client 6 norm scores: {0: array([0.]), 1: array([0.99232498]), 2: array([0.06984554]), 3: array([0.9817428]), 4: array([0.87872733]), 5: array([0.91140552]), 6: array([1.]), 7: array([0.84391854]), 8: array([0.93184565]), 9: array([0.92834449])}
2025-05-12 13:30:23,193 - DEBUG - util_fusion - fusion_dual_defense - client 6 similarity threshold: 0.7538154848511475
2025-05-12 13:30:23,193 - INFO - util_fusion - fusion_dual_defense - client 6 selected fusion benigns: [1, 3, 4, 5, 6, 7, 8, 9]
2025-05-12 13:30:23,201 - DEBUG - util_fusion - fusion_dual_defense - client 7 scores: {0: array([16704.39969006]), 1: array([16710.75542975]), 2: array([16704.84704358]), 3: array([16710.68765195]), 4: array([16710.02784843]), 5: array([16710.23714889]), 6: array([16710.80458746]), 7: array([16709.80490173]), 8: array([16710.36806584]), 9: array([16710.34564127])}
2025-05-12 13:30:23,202 - DEBUG - util_fusion - fusion_dual_defense - client 7 norm scores: {0: array([0.]), 1: array([0.99232498]), 2: array([0.06984554]), 3: array([0.9817428]), 4: array([0.87872733]), 5: array([0.91140552]), 6: array([1.]), 7: array([0.84391854]), 8: array([0.93184565]), 9: array([0.92834449])}
2025-05-12 13:30:23,202 - DEBUG - util_fusion - fusion_dual_defense - client 7 similarity threshold: 0.7538154848511475
2025-05-12 13:30:23,202 - INFO - util_fusion - fusion_dual_defense - client 7 selected fusion benigns: [1, 3, 4, 5, 6, 7, 8, 9]
2025-05-12 13:30:23,210 - DEBUG - util_fusion - fusion_dual_defense - client 8 scores: {0: array([16704.39969006]), 1: array([16710.75542975]), 2: array([16704.84704358]), 3: array([16710.68765195]), 4: array([16710.02784843]), 5: array([16710.23714889]), 6: array([16710.80458746]), 7: array([16709.80490173]), 8: array([16710.36806584]), 9: array([16710.34564127])}
2025-05-12 13:30:23,211 - DEBUG - util_fusion - fusion_dual_defense - client 8 norm scores: {0: array([0.]), 1: array([0.99232498]), 2: array([0.06984554]), 3: array([0.9817428]), 4: array([0.87872733]), 5: array([0.91140552]), 6: array([1.]), 7: array([0.84391854]), 8: array([0.93184565]), 9: array([0.92834449])}
2025-05-12 13:30:23,211 - DEBUG - util_fusion - fusion_dual_defense - client 8 similarity threshold: 0.7538154848511475
2025-05-12 13:30:23,211 - INFO - util_fusion - fusion_dual_defense - client 8 selected fusion benigns: [1, 3, 4, 5, 6, 7, 8, 9]
2025-05-12 13:30:23,219 - DEBUG - util_fusion - fusion_dual_defense - client 9 scores: {0: array([16704.39969006]), 1: array([16710.75542975]), 2: array([16704.84704358]), 3: array([16710.68765195]), 4: array([16710.02784843]), 5: array([16710.23714889]), 6: array([16710.80458746]), 7: array([16709.80490173]), 8: array([16710.36806584]), 9: array([16710.34564127])}
2025-05-12 13:30:23,220 - DEBUG - util_fusion - fusion_dual_defense - client 9 norm scores: {0: array([0.]), 1: array([0.99232498]), 2: array([0.06984554]), 3: array([0.9817428]), 4: array([0.87872733]), 5: array([0.91140552]), 6: array([1.]), 7: array([0.84391854]), 8: array([0.93184565]), 9: array([0.92834449])}
2025-05-12 13:30:23,220 - DEBUG - util_fusion - fusion_dual_defense - client 9 similarity threshold: 0.7538154848511475
2025-05-12 13:30:23,220 - INFO - util_fusion - fusion_dual_defense - client 9 selected fusion benigns: [1, 3, 4, 5, 6, 7, 8, 9]
2025-05-12 13:30:23,220 - DEBUG - util_fusion - fusion_dual_defense - final fusion benigns: (1, 3, 4, 5, 6, 7, 8, 9)
2025-05-12 13:30:25,084 - INFO - fl - start - global side -  test accuracy: 8.92
2025-05-12 13:30:25,084 - INFO - fl - start - global side iteration 18 -  test accuracy: 8.92
2025-05-12 13:30:25,084 - INFO - fl - start - start training round 19
2025-05-12 13:30:25,086 - INFO - fl - start - round 19 attackers: [3, 4]
2025-05-12 13:30:25,086 - INFO - fl - start - start client 0 training
2025-05-12 13:30:25,086 - INFO - fl - client_local_train - client 0 start local training ...
2025-05-12 13:30:30,054 - INFO - fl - start - end client 0 training
2025-05-12 13:30:30,054 - INFO - fl - start - client 0 evaluation metrics: {'train_loss': 139708725304883.78, 'test_acc': 10.32}
2025-05-12 13:30:30,054 - INFO - fl - start - start client 1 training
2025-05-12 13:30:30,054 - INFO - fl - client_local_train - client 1 start local training ...
2025-05-12 13:30:39,965 - INFO - fl - start - end client 1 training
2025-05-12 13:30:39,965 - INFO - fl - start - client 1 evaluation metrics: {'train_loss': 42818675578665.445, 'test_acc': 9.82}
2025-05-12 13:30:39,965 - INFO - fl - start - start client 2 training
2025-05-12 13:30:39,965 - INFO - fl - client_local_train - client 2 start local training ...
2025-05-12 13:30:44,004 - INFO - fl - start - end client 2 training
2025-05-12 13:30:44,004 - INFO - fl - start - client 2 evaluation metrics: {'train_loss': 77629429148412.17, 'test_acc': 11.35}
2025-05-12 13:30:44,004 - INFO - fl - start - start client 3 training
2025-05-12 13:30:44,004 - INFO - fl - client_local_train - client 3 start local training ...
2025-05-12 13:30:49,956 - INFO - fl - client_local_train - client 3 is attacker, start poisoning model
2025-05-12 13:30:55,816 - INFO - fl - start - end client 3 training
2025-05-12 13:30:55,816 - INFO - fl - start - client 3 evaluation metrics: {'train_loss': 3139972559546047.0, 'test_acc': 11.35}
2025-05-12 13:30:55,816 - INFO - fl - start - start client 4 training
2025-05-12 13:30:55,816 - INFO - fl - client_local_train - client 4 start local training ...
2025-05-12 13:30:57,760 - INFO - fl - client_local_train - client 4 is attacker, start poisoning model
2025-05-12 13:31:01,459 - INFO - fl - start - end client 4 training
2025-05-12 13:31:01,459 - INFO - fl - start - client 4 evaluation metrics: {'train_loss': 4803850653121468.0, 'test_acc': 11.35}
2025-05-12 13:31:01,460 - INFO - fl - start - start client 5 training
2025-05-12 13:31:01,460 - INFO - fl - client_local_train - client 5 start local training ...
2025-05-12 13:31:05,339 - INFO - fl - start - end client 5 training
2025-05-12 13:31:05,339 - INFO - fl - start - client 5 evaluation metrics: {'train_loss': 20981849788481.016, 'test_acc': 10.09}
2025-05-12 13:31:05,339 - INFO - fl - start - start client 6 training
2025-05-12 13:31:05,339 - INFO - fl - client_local_train - client 6 start local training ...
2025-05-12 13:31:09,832 - INFO - fl - start - end client 6 training
2025-05-12 13:31:09,832 - INFO - fl - start - client 6 evaluation metrics: {'train_loss': 145568307401927.47, 'test_acc': 9.82}
2025-05-12 13:31:09,832 - INFO - fl - start - start client 7 training
2025-05-12 13:31:09,832 - INFO - fl - client_local_train - client 7 start local training ...
2025-05-12 13:31:14,280 - INFO - fl - start - end client 7 training
2025-05-12 13:31:14,280 - INFO - fl - start - client 7 evaluation metrics: {'train_loss': 76743751927484.62, 'test_acc': 11.35}
2025-05-12 13:31:14,280 - INFO - fl - start - start client 8 training
2025-05-12 13:31:14,280 - INFO - fl - client_local_train - client 8 start local training ...
2025-05-12 13:31:18,809 - INFO - fl - start - end client 8 training
2025-05-12 13:31:18,809 - INFO - fl - start - client 8 evaluation metrics: {'train_loss': 143183998482820.88, 'test_acc': 9.74}
2025-05-12 13:31:18,809 - INFO - fl - start - start client 9 training
2025-05-12 13:31:18,809 - INFO - fl - client_local_train - client 9 start local training ...
2025-05-12 13:31:21,582 - INFO - fl - start - end client 9 training
2025-05-12 13:31:21,582 - INFO - fl - start - client 9 evaluation metrics: {'train_loss': 72136045325750.86, 'test_acc': 10.1}
2025-05-12 13:31:21,582 - INFO - fl - aggregate_model - start model aggregation...fusion method: dual_defense
2025-05-12 13:31:21,582 - INFO - fl - aggregate_model - start hyper-guard fusion with epsilon 0.01
2025-05-12 13:31:21,582 - INFO - fl - aggregate_model - round 19 attackers: [3, 4]
2025-05-12 13:31:32,651 - DEBUG - util_fusion - fusion_dual_defense - client 0 scores: {0: array([3266.4390991]), 1: array([3266.79520845]), 2: array([3266.40825909]), 3: array([3266.76412335]), 4: array([3266.68638321]), 5: array([3266.74325572]), 6: array([3266.72472507]), 7: array([3266.76090052]), 8: array([3266.73859719]), 9: array([3266.75509739])}
2025-05-12 13:31:32,652 - DEBUG - util_fusion - fusion_dual_defense - client 0 norm scores: {0: array([0.07970038]), 1: array([1.]), 2: array([0.]), 3: array([0.91966623]), 4: array([0.71876103]), 5: array([0.86573763]), 6: array([0.81784857]), 7: array([0.9113374]), 8: array([0.85369852]), 9: array([0.89634028])}
2025-05-12 13:31:32,652 - DEBUG - util_fusion - fusion_dual_defense - client 0 similarity threshold: 0.7063090026889622
2025-05-12 13:31:32,652 - INFO - util_fusion - fusion_dual_defense - client 0 selected fusion benigns: [1, 3, 4, 5, 6, 7, 8, 9]
2025-05-12 13:31:32,660 - DEBUG - util_fusion - fusion_dual_defense - client 1 scores: {0: array([3266.4390991]), 1: array([3266.79520845]), 2: array([3266.40825909]), 3: array([3266.76412335]), 4: array([3266.68638321]), 5: array([3266.74325572]), 6: array([3266.72472507]), 7: array([3266.76090052]), 8: array([3266.73859719]), 9: array([3266.75509739])}
2025-05-12 13:31:32,661 - DEBUG - util_fusion - fusion_dual_defense - client 1 norm scores: {0: array([0.07970038]), 1: array([1.]), 2: array([0.]), 3: array([0.91966623]), 4: array([0.71876103]), 5: array([0.86573763]), 6: array([0.81784857]), 7: array([0.9113374]), 8: array([0.85369852]), 9: array([0.89634028])}
2025-05-12 13:31:32,661 - DEBUG - util_fusion - fusion_dual_defense - client 1 similarity threshold: 0.7063090026889622
2025-05-12 13:31:32,661 - INFO - util_fusion - fusion_dual_defense - client 1 selected fusion benigns: [1, 3, 4, 5, 6, 7, 8, 9]
2025-05-12 13:31:32,669 - DEBUG - util_fusion - fusion_dual_defense - client 2 scores: {0: array([3266.4390991]), 1: array([3266.79520845]), 2: array([3266.40825909]), 3: array([3266.76412335]), 4: array([3266.68638321]), 5: array([3266.74325572]), 6: array([3266.72472507]), 7: array([3266.76090052]), 8: array([3266.73859719]), 9: array([3266.75509739])}
2025-05-12 13:31:32,670 - DEBUG - util_fusion - fusion_dual_defense - client 2 norm scores: {0: array([0.07970038]), 1: array([1.]), 2: array([0.]), 3: array([0.91966623]), 4: array([0.71876103]), 5: array([0.86573763]), 6: array([0.81784857]), 7: array([0.9113374]), 8: array([0.85369852]), 9: array([0.89634028])}
2025-05-12 13:31:32,670 - DEBUG - util_fusion - fusion_dual_defense - client 2 similarity threshold: 0.7063090026889622
2025-05-12 13:31:32,670 - INFO - util_fusion - fusion_dual_defense - client 2 selected fusion benigns: [1, 3, 4, 5, 6, 7, 8, 9]
2025-05-12 13:31:32,678 - DEBUG - util_fusion - fusion_dual_defense - client 3 scores: {0: array([3266.4390991]), 1: array([3266.79520845]), 2: array([3266.40825909]), 3: array([3266.76412335]), 4: array([3266.68638321]), 5: array([3266.74325572]), 6: array([3266.72472507]), 7: array([3266.76090052]), 8: array([3266.73859719]), 9: array([3266.75509739])}
2025-05-12 13:31:32,679 - DEBUG - util_fusion - fusion_dual_defense - client 3 norm scores: {0: array([0.07970038]), 1: array([1.]), 2: array([0.]), 3: array([0.91966623]), 4: array([0.71876103]), 5: array([0.86573763]), 6: array([0.81784857]), 7: array([0.9113374]), 8: array([0.85369852]), 9: array([0.89634028])}
2025-05-12 13:31:32,679 - DEBUG - util_fusion - fusion_dual_defense - client 3 similarity threshold: 0.7063090026889622
2025-05-12 13:31:32,679 - INFO - util_fusion - fusion_dual_defense - client 3 selected fusion benigns: [1, 3, 4, 5, 6, 7, 8, 9]
2025-05-12 13:31:32,687 - DEBUG - util_fusion - fusion_dual_defense - client 4 scores: {0: array([3266.4390991]), 1: array([3266.79520845]), 2: array([3266.40825909]), 3: array([3266.76412335]), 4: array([3266.68638321]), 5: array([3266.74325572]), 6: array([3266.72472507]), 7: array([3266.76090052]), 8: array([3266.73859719]), 9: array([3266.75509739])}
2025-05-12 13:31:32,688 - DEBUG - util_fusion - fusion_dual_defense - client 4 norm scores: {0: array([0.07970038]), 1: array([1.]), 2: array([0.]), 3: array([0.91966623]), 4: array([0.71876103]), 5: array([0.86573763]), 6: array([0.81784857]), 7: array([0.9113374]), 8: array([0.85369852]), 9: array([0.89634028])}
2025-05-12 13:31:32,688 - DEBUG - util_fusion - fusion_dual_defense - client 4 similarity threshold: 0.7063090026889622
2025-05-12 13:31:32,688 - INFO - util_fusion - fusion_dual_defense - client 4 selected fusion benigns: [1, 3, 4, 5, 6, 7, 8, 9]
2025-05-12 13:31:32,697 - DEBUG - util_fusion - fusion_dual_defense - client 5 scores: {0: array([3266.4390991]), 1: array([3266.79520845]), 2: array([3266.40825909]), 3: array([3266.76412335]), 4: array([3266.68638321]), 5: array([3266.74325572]), 6: array([3266.72472507]), 7: array([3266.76090052]), 8: array([3266.73859719]), 9: array([3266.75509739])}
2025-05-12 13:31:32,697 - DEBUG - util_fusion - fusion_dual_defense - client 5 norm scores: {0: array([0.07970038]), 1: array([1.]), 2: array([0.]), 3: array([0.91966623]), 4: array([0.71876103]), 5: array([0.86573763]), 6: array([0.81784857]), 7: array([0.9113374]), 8: array([0.85369852]), 9: array([0.89634028])}
2025-05-12 13:31:32,697 - DEBUG - util_fusion - fusion_dual_defense - client 5 similarity threshold: 0.7063090026889622
2025-05-12 13:31:32,697 - INFO - util_fusion - fusion_dual_defense - client 5 selected fusion benigns: [1, 3, 4, 5, 6, 7, 8, 9]
2025-05-12 13:31:32,706 - DEBUG - util_fusion - fusion_dual_defense - client 6 scores: {0: array([3266.4390991]), 1: array([3266.79520845]), 2: array([3266.40825909]), 3: array([3266.76412335]), 4: array([3266.68638321]), 5: array([3266.74325572]), 6: array([3266.72472507]), 7: array([3266.76090052]), 8: array([3266.73859719]), 9: array([3266.75509739])}
2025-05-12 13:31:32,706 - DEBUG - util_fusion - fusion_dual_defense - client 6 norm scores: {0: array([0.07970038]), 1: array([1.]), 2: array([0.]), 3: array([0.91966623]), 4: array([0.71876103]), 5: array([0.86573763]), 6: array([0.81784857]), 7: array([0.9113374]), 8: array([0.85369852]), 9: array([0.89634028])}
2025-05-12 13:31:32,706 - DEBUG - util_fusion - fusion_dual_defense - client 6 similarity threshold: 0.7063090026889622
2025-05-12 13:31:32,706 - INFO - util_fusion - fusion_dual_defense - client 6 selected fusion benigns: [1, 3, 4, 5, 6, 7, 8, 9]
2025-05-12 13:31:32,715 - DEBUG - util_fusion - fusion_dual_defense - client 7 scores: {0: array([3266.4390991]), 1: array([3266.79520845]), 2: array([3266.40825909]), 3: array([3266.76412335]), 4: array([3266.68638321]), 5: array([3266.74325572]), 6: array([3266.72472507]), 7: array([3266.76090052]), 8: array([3266.73859719]), 9: array([3266.75509739])}
2025-05-12 13:31:32,715 - DEBUG - util_fusion - fusion_dual_defense - client 7 norm scores: {0: array([0.07970038]), 1: array([1.]), 2: array([0.]), 3: array([0.91966623]), 4: array([0.71876103]), 5: array([0.86573763]), 6: array([0.81784857]), 7: array([0.9113374]), 8: array([0.85369852]), 9: array([0.89634028])}
2025-05-12 13:31:32,715 - DEBUG - util_fusion - fusion_dual_defense - client 7 similarity threshold: 0.7063090026889622
2025-05-12 13:31:32,715 - INFO - util_fusion - fusion_dual_defense - client 7 selected fusion benigns: [1, 3, 4, 5, 6, 7, 8, 9]
2025-05-12 13:31:32,724 - DEBUG - util_fusion - fusion_dual_defense - client 8 scores: {0: array([3266.4390991]), 1: array([3266.79520845]), 2: array([3266.40825909]), 3: array([3266.76412335]), 4: array([3266.68638321]), 5: array([3266.74325572]), 6: array([3266.72472507]), 7: array([3266.76090052]), 8: array([3266.73859719]), 9: array([3266.75509739])}
2025-05-12 13:31:32,724 - DEBUG - util_fusion - fusion_dual_defense - client 8 norm scores: {0: array([0.07970038]), 1: array([1.]), 2: array([0.]), 3: array([0.91966623]), 4: array([0.71876103]), 5: array([0.86573763]), 6: array([0.81784857]), 7: array([0.9113374]), 8: array([0.85369852]), 9: array([0.89634028])}
2025-05-12 13:31:32,724 - DEBUG - util_fusion - fusion_dual_defense - client 8 similarity threshold: 0.7063090026889622
2025-05-12 13:31:32,724 - INFO - util_fusion - fusion_dual_defense - client 8 selected fusion benigns: [1, 3, 4, 5, 6, 7, 8, 9]
2025-05-12 13:31:32,733 - DEBUG - util_fusion - fusion_dual_defense - client 9 scores: {0: array([3266.4390991]), 1: array([3266.79520845]), 2: array([3266.40825909]), 3: array([3266.76412335]), 4: array([3266.68638321]), 5: array([3266.74325572]), 6: array([3266.72472507]), 7: array([3266.76090052]), 8: array([3266.73859719]), 9: array([3266.75509739])}
2025-05-12 13:31:32,733 - DEBUG - util_fusion - fusion_dual_defense - client 9 norm scores: {0: array([0.07970038]), 1: array([1.]), 2: array([0.]), 3: array([0.91966623]), 4: array([0.71876103]), 5: array([0.86573763]), 6: array([0.81784857]), 7: array([0.9113374]), 8: array([0.85369852]), 9: array([0.89634028])}
2025-05-12 13:31:32,733 - DEBUG - util_fusion - fusion_dual_defense - client 9 similarity threshold: 0.7063090026889622
2025-05-12 13:31:32,733 - INFO - util_fusion - fusion_dual_defense - client 9 selected fusion benigns: [1, 3, 4, 5, 6, 7, 8, 9]
2025-05-12 13:31:32,733 - DEBUG - util_fusion - fusion_dual_defense - final fusion benigns: (1, 3, 4, 5, 6, 7, 8, 9)
2025-05-12 13:31:34,594 - INFO - fl - start - global side -  test accuracy: 11.35
2025-05-12 13:31:34,594 - INFO - fl - start - global side iteration 19 -  test accuracy: 11.35
2025-05-12 13:31:34,594 - INFO - fl - start - start training round 20
2025-05-12 13:31:34,596 - INFO - fl - start - round 20 attackers: [6, 0]
2025-05-12 13:31:34,596 - INFO - fl - start - start client 0 training
2025-05-12 13:31:34,596 - INFO - fl - client_local_train - client 0 start local training ...
2025-05-12 13:31:37,448 - INFO - fl - client_local_train - client 0 is attacker, start poisoning model
2025-05-12 13:31:41,654 - INFO - fl - start - end client 0 training
2025-05-12 13:31:41,655 - INFO - fl - start - client 0 evaluation metrics: {'train_loss': 1.5021542022416176e+16, 'test_acc': 9.82}
2025-05-12 13:31:41,655 - INFO - fl - start - start client 1 training
2025-05-12 13:31:41,655 - INFO - fl - client_local_train - client 1 start local training ...
2025-05-12 13:31:51,532 - INFO - fl - start - end client 1 training
2025-05-12 13:31:51,532 - INFO - fl - start - client 1 evaluation metrics: {'train_loss': 642026047776826.5, 'test_acc': 10.28}
2025-05-12 13:31:51,532 - INFO - fl - start - start client 2 training
2025-05-12 13:31:51,532 - INFO - fl - client_local_train - client 2 start local training ...
2025-05-12 13:31:55,591 - INFO - fl - start - end client 2 training
2025-05-12 13:31:55,591 - INFO - fl - start - client 2 evaluation metrics: {'train_loss': 698310086631057.2, 'test_acc': 9.8}
2025-05-12 13:31:55,591 - INFO - fl - start - start client 3 training
2025-05-12 13:31:55,591 - INFO - fl - client_local_train - client 3 start local training ...
2025-05-12 13:32:04,527 - INFO - fl - start - end client 3 training
2025-05-12 13:32:04,528 - INFO - fl - start - client 3 evaluation metrics: {'train_loss': 738492518193650.1, 'test_acc': 9.74}
2025-05-12 13:32:04,528 - INFO - fl - start - start client 4 training
2025-05-12 13:32:04,528 - INFO - fl - client_local_train - client 4 start local training ...
2025-05-12 13:32:08,298 - INFO - fl - start - end client 4 training
2025-05-12 13:32:08,298 - INFO - fl - start - client 4 evaluation metrics: {'train_loss': 958685904686284.8, 'test_acc': 11.35}
2025-05-12 13:32:08,298 - INFO - fl - start - start client 5 training
2025-05-12 13:32:08,298 - INFO - fl - client_local_train - client 5 start local training ...
2025-05-12 13:32:12,198 - INFO - fl - start - end client 5 training
2025-05-12 13:32:12,198 - INFO - fl - start - client 5 evaluation metrics: {'train_loss': 414243496781726.5, 'test_acc': 10.09}
2025-05-12 13:32:12,198 - INFO - fl - start - start client 6 training
2025-05-12 13:32:12,198 - INFO - fl - client_local_train - client 6 start local training ...
2025-05-12 13:32:14,691 - INFO - fl - client_local_train - client 6 is attacker, start poisoning model
2025-05-12 13:32:18,680 - INFO - fl - start - end client 6 training
2025-05-12 13:32:18,680 - INFO - fl - start - client 6 evaluation metrics: {'train_loss': 1.3763565209729156e+16, 'test_acc': 9.82}
2025-05-12 13:32:18,680 - INFO - fl - start - start client 7 training
2025-05-12 13:32:18,680 - INFO - fl - client_local_train - client 7 start local training ...
2025-05-12 13:32:23,122 - INFO - fl - start - end client 7 training
2025-05-12 13:32:23,122 - INFO - fl - start - client 7 evaluation metrics: {'train_loss': 553140285203725.5, 'test_acc': 9.8}
2025-05-12 13:32:23,122 - INFO - fl - start - start client 8 training
2025-05-12 13:32:23,122 - INFO - fl - client_local_train - client 8 start local training ...
2025-05-12 13:32:27,707 - INFO - fl - start - end client 8 training
2025-05-12 13:32:27,707 - INFO - fl - start - client 8 evaluation metrics: {'train_loss': 437438740852269.4, 'test_acc': 11.35}
2025-05-12 13:32:27,707 - INFO - fl - start - start client 9 training
2025-05-12 13:32:27,707 - INFO - fl - client_local_train - client 9 start local training ...
2025-05-12 13:32:30,480 - INFO - fl - start - end client 9 training
2025-05-12 13:32:30,480 - INFO - fl - start - client 9 evaluation metrics: {'train_loss': 650429297013555.2, 'test_acc': 10.1}
2025-05-12 13:32:30,480 - INFO - fl - aggregate_model - start model aggregation...fusion method: dual_defense
2025-05-12 13:32:30,480 - INFO - fl - aggregate_model - start hyper-guard fusion with epsilon 0.01
2025-05-12 13:32:30,480 - INFO - fl - aggregate_model - round 20 attackers: [0, 6]
2025-05-12 13:32:41,561 - DEBUG - util_fusion - fusion_dual_defense - client 0 scores: {0: array([16545.94433892]), 1: array([16544.40591519]), 2: array([16545.70650718]), 3: array([16546.06695887]), 4: array([16545.56693551]), 5: array([16545.81372199]), 6: array([16545.32728894]), 7: array([16545.88413761]), 8: array([16546.02325058]), 9: array([16545.96894562])}
2025-05-12 13:32:41,562 - DEBUG - util_fusion - fusion_dual_defense - client 0 norm scores: {0: array([0.92617897]), 1: array([0.]), 2: array([0.78299686]), 3: array([1.]), 4: array([0.69897037]), 5: array([0.84754352]), 6: array([0.55469568]), 7: array([0.88993591]), 8: array([0.97368625]), 9: array([0.94099298])}
2025-05-12 13:32:41,562 - DEBUG - util_fusion - fusion_dual_defense - client 0 similarity threshold: 0.7615000547975708
2025-05-12 13:32:41,562 - INFO - util_fusion - fusion_dual_defense - client 0 selected fusion benigns: [0, 2, 3, 5, 7, 8, 9]
2025-05-12 13:32:41,570 - DEBUG - util_fusion - fusion_dual_defense - client 1 scores: {0: array([16545.94433892]), 1: array([16544.40591519]), 2: array([16545.70650718]), 3: array([16546.06695887]), 4: array([16545.56693551]), 5: array([16545.81372199]), 6: array([16545.32728894]), 7: array([16545.88413761]), 8: array([16546.02325058]), 9: array([16545.96894562])}
2025-05-12 13:32:41,571 - DEBUG - util_fusion - fusion_dual_defense - client 1 norm scores: {0: array([0.92617897]), 1: array([0.]), 2: array([0.78299686]), 3: array([1.]), 4: array([0.69897037]), 5: array([0.84754352]), 6: array([0.55469568]), 7: array([0.88993591]), 8: array([0.97368625]), 9: array([0.94099298])}
2025-05-12 13:32:41,571 - DEBUG - util_fusion - fusion_dual_defense - client 1 similarity threshold: 0.7615000547975708
2025-05-12 13:32:41,571 - INFO - util_fusion - fusion_dual_defense - client 1 selected fusion benigns: [0, 2, 3, 5, 7, 8, 9]
2025-05-12 13:32:41,579 - DEBUG - util_fusion - fusion_dual_defense - client 2 scores: {0: array([16545.94433892]), 1: array([16544.40591519]), 2: array([16545.70650718]), 3: array([16546.06695887]), 4: array([16545.56693551]), 5: array([16545.81372199]), 6: array([16545.32728894]), 7: array([16545.88413761]), 8: array([16546.02325058]), 9: array([16545.96894562])}
2025-05-12 13:32:41,580 - DEBUG - util_fusion - fusion_dual_defense - client 2 norm scores: {0: array([0.92617897]), 1: array([0.]), 2: array([0.78299686]), 3: array([1.]), 4: array([0.69897037]), 5: array([0.84754352]), 6: array([0.55469568]), 7: array([0.88993591]), 8: array([0.97368625]), 9: array([0.94099298])}
2025-05-12 13:32:41,580 - DEBUG - util_fusion - fusion_dual_defense - client 2 similarity threshold: 0.7615000547975708
2025-05-12 13:32:41,580 - INFO - util_fusion - fusion_dual_defense - client 2 selected fusion benigns: [0, 2, 3, 5, 7, 8, 9]
2025-05-12 13:32:41,588 - DEBUG - util_fusion - fusion_dual_defense - client 3 scores: {0: array([16545.94433892]), 1: array([16544.40591519]), 2: array([16545.70650718]), 3: array([16546.06695887]), 4: array([16545.56693551]), 5: array([16545.81372199]), 6: array([16545.32728894]), 7: array([16545.88413761]), 8: array([16546.02325058]), 9: array([16545.96894562])}
2025-05-12 13:32:41,589 - DEBUG - util_fusion - fusion_dual_defense - client 3 norm scores: {0: array([0.92617897]), 1: array([0.]), 2: array([0.78299686]), 3: array([1.]), 4: array([0.69897037]), 5: array([0.84754352]), 6: array([0.55469568]), 7: array([0.88993591]), 8: array([0.97368625]), 9: array([0.94099298])}
2025-05-12 13:32:41,589 - DEBUG - util_fusion - fusion_dual_defense - client 3 similarity threshold: 0.7615000547975708
2025-05-12 13:32:41,589 - INFO - util_fusion - fusion_dual_defense - client 3 selected fusion benigns: [0, 2, 3, 5, 7, 8, 9]
2025-05-12 13:32:41,597 - DEBUG - util_fusion - fusion_dual_defense - client 4 scores: {0: array([16545.94433892]), 1: array([16544.40591519]), 2: array([16545.70650718]), 3: array([16546.06695887]), 4: array([16545.56693551]), 5: array([16545.81372199]), 6: array([16545.32728894]), 7: array([16545.88413761]), 8: array([16546.02325058]), 9: array([16545.96894562])}
2025-05-12 13:32:41,598 - DEBUG - util_fusion - fusion_dual_defense - client 4 norm scores: {0: array([0.92617897]), 1: array([0.]), 2: array([0.78299686]), 3: array([1.]), 4: array([0.69897037]), 5: array([0.84754352]), 6: array([0.55469568]), 7: array([0.88993591]), 8: array([0.97368625]), 9: array([0.94099298])}
2025-05-12 13:32:41,598 - DEBUG - util_fusion - fusion_dual_defense - client 4 similarity threshold: 0.7615000547975708
2025-05-12 13:32:41,598 - INFO - util_fusion - fusion_dual_defense - client 4 selected fusion benigns: [0, 2, 3, 5, 7, 8, 9]
2025-05-12 13:32:41,606 - DEBUG - util_fusion - fusion_dual_defense - client 5 scores: {0: array([16545.94433892]), 1: array([16544.40591519]), 2: array([16545.70650718]), 3: array([16546.06695887]), 4: array([16545.56693551]), 5: array([16545.81372199]), 6: array([16545.32728894]), 7: array([16545.88413761]), 8: array([16546.02325058]), 9: array([16545.96894562])}
2025-05-12 13:32:41,607 - DEBUG - util_fusion - fusion_dual_defense - client 5 norm scores: {0: array([0.92617897]), 1: array([0.]), 2: array([0.78299686]), 3: array([1.]), 4: array([0.69897037]), 5: array([0.84754352]), 6: array([0.55469568]), 7: array([0.88993591]), 8: array([0.97368625]), 9: array([0.94099298])}
2025-05-12 13:32:41,607 - DEBUG - util_fusion - fusion_dual_defense - client 5 similarity threshold: 0.7615000547975708
2025-05-12 13:32:41,607 - INFO - util_fusion - fusion_dual_defense - client 5 selected fusion benigns: [0, 2, 3, 5, 7, 8, 9]
2025-05-12 13:32:41,616 - DEBUG - util_fusion - fusion_dual_defense - client 6 scores: {0: array([16545.94433892]), 1: array([16544.40591519]), 2: array([16545.70650718]), 3: array([16546.06695887]), 4: array([16545.56693551]), 5: array([16545.81372199]), 6: array([16545.32728894]), 7: array([16545.88413761]), 8: array([16546.02325058]), 9: array([16545.96894562])}
2025-05-12 13:32:41,616 - DEBUG - util_fusion - fusion_dual_defense - client 6 norm scores: {0: array([0.92617897]), 1: array([0.]), 2: array([0.78299686]), 3: array([1.]), 4: array([0.69897037]), 5: array([0.84754352]), 6: array([0.55469568]), 7: array([0.88993591]), 8: array([0.97368625]), 9: array([0.94099298])}
2025-05-12 13:32:41,616 - DEBUG - util_fusion - fusion_dual_defense - client 6 similarity threshold: 0.7615000547975708
2025-05-12 13:32:41,616 - INFO - util_fusion - fusion_dual_defense - client 6 selected fusion benigns: [0, 2, 3, 5, 7, 8, 9]
2025-05-12 13:32:41,625 - DEBUG - util_fusion - fusion_dual_defense - client 7 scores: {0: array([16545.94433892]), 1: array([16544.40591519]), 2: array([16545.70650718]), 3: array([16546.06695887]), 4: array([16545.56693551]), 5: array([16545.81372199]), 6: array([16545.32728894]), 7: array([16545.88413761]), 8: array([16546.02325058]), 9: array([16545.96894562])}
2025-05-12 13:32:41,625 - DEBUG - util_fusion - fusion_dual_defense - client 7 norm scores: {0: array([0.92617897]), 1: array([0.]), 2: array([0.78299686]), 3: array([1.]), 4: array([0.69897037]), 5: array([0.84754352]), 6: array([0.55469568]), 7: array([0.88993591]), 8: array([0.97368625]), 9: array([0.94099298])}
2025-05-12 13:32:41,625 - DEBUG - util_fusion - fusion_dual_defense - client 7 similarity threshold: 0.7615000547975708
2025-05-12 13:32:41,625 - INFO - util_fusion - fusion_dual_defense - client 7 selected fusion benigns: [0, 2, 3, 5, 7, 8, 9]
2025-05-12 13:32:41,634 - DEBUG - util_fusion - fusion_dual_defense - client 8 scores: {0: array([16545.94433892]), 1: array([16544.40591519]), 2: array([16545.70650718]), 3: array([16546.06695887]), 4: array([16545.56693551]), 5: array([16545.81372199]), 6: array([16545.32728894]), 7: array([16545.88413761]), 8: array([16546.02325058]), 9: array([16545.96894562])}
2025-05-12 13:32:41,634 - DEBUG - util_fusion - fusion_dual_defense - client 8 norm scores: {0: array([0.92617897]), 1: array([0.]), 2: array([0.78299686]), 3: array([1.]), 4: array([0.69897037]), 5: array([0.84754352]), 6: array([0.55469568]), 7: array([0.88993591]), 8: array([0.97368625]), 9: array([0.94099298])}
2025-05-12 13:32:41,634 - DEBUG - util_fusion - fusion_dual_defense - client 8 similarity threshold: 0.7615000547975708
2025-05-12 13:32:41,634 - INFO - util_fusion - fusion_dual_defense - client 8 selected fusion benigns: [0, 2, 3, 5, 7, 8, 9]
2025-05-12 13:32:41,643 - DEBUG - util_fusion - fusion_dual_defense - client 9 scores: {0: array([16545.94433892]), 1: array([16544.40591519]), 2: array([16545.70650718]), 3: array([16546.06695887]), 4: array([16545.56693551]), 5: array([16545.81372199]), 6: array([16545.32728894]), 7: array([16545.88413761]), 8: array([16546.02325058]), 9: array([16545.96894562])}
2025-05-12 13:32:41,643 - DEBUG - util_fusion - fusion_dual_defense - client 9 norm scores: {0: array([0.92617897]), 1: array([0.]), 2: array([0.78299686]), 3: array([1.]), 4: array([0.69897037]), 5: array([0.84754352]), 6: array([0.55469568]), 7: array([0.88993591]), 8: array([0.97368625]), 9: array([0.94099298])}
2025-05-12 13:32:41,643 - DEBUG - util_fusion - fusion_dual_defense - client 9 similarity threshold: 0.7615000547975708
2025-05-12 13:32:41,643 - INFO - util_fusion - fusion_dual_defense - client 9 selected fusion benigns: [0, 2, 3, 5, 7, 8, 9]
2025-05-12 13:32:41,643 - DEBUG - util_fusion - fusion_dual_defense - final fusion benigns: (0, 2, 3, 5, 7, 8, 9)
2025-05-12 13:32:43,455 - INFO - fl - start - global side -  test accuracy: 9.82
2025-05-12 13:32:43,455 - INFO - fl - start - global side iteration 20 -  test accuracy: 9.82
2025-05-12 13:32:43,455 - INFO - fl - start - start training round 21
2025-05-12 13:32:43,457 - INFO - fl - start - round 21 attackers: [0, 7]
2025-05-12 13:32:43,457 - INFO - fl - start - start client 0 training
2025-05-12 13:32:43,457 - INFO - fl - client_local_train - client 0 start local training ...
2025-05-12 13:32:46,307 - INFO - fl - client_local_train - client 0 is attacker, start poisoning model
2025-05-12 13:32:50,513 - INFO - fl - start - end client 0 training
2025-05-12 13:32:50,513 - INFO - fl - start - client 0 evaluation metrics: {'train_loss': 1.4729051492139562e+17, 'test_acc': 10.32}
2025-05-12 13:32:50,513 - INFO - fl - start - start client 1 training
2025-05-12 13:32:50,513 - INFO - fl - client_local_train - client 1 start local training ...
2025-05-12 13:33:00,444 - INFO - fl - start - end client 1 training
2025-05-12 13:33:00,445 - INFO - fl - start - client 1 evaluation metrics: {'train_loss': 894842662187047.0, 'test_acc': 9.74}
2025-05-12 13:33:00,445 - INFO - fl - start - start client 2 training
2025-05-12 13:33:00,445 - INFO - fl - client_local_train - client 2 start local training ...
2025-05-12 13:33:04,508 - INFO - fl - start - end client 2 training
2025-05-12 13:33:04,508 - INFO - fl - start - client 2 evaluation metrics: {'train_loss': 3208389012695559.5, 'test_acc': 10.1}
2025-05-12 13:33:04,508 - INFO - fl - start - start client 3 training
2025-05-12 13:33:04,508 - INFO - fl - client_local_train - client 3 start local training ...
2025-05-12 13:33:13,400 - INFO - fl - start - end client 3 training
2025-05-12 13:33:13,400 - INFO - fl - start - client 3 evaluation metrics: {'train_loss': 2509084820691619.5, 'test_acc': 11.35}
2025-05-12 13:33:13,400 - INFO - fl - start - start client 4 training
2025-05-12 13:33:13,400 - INFO - fl - client_local_train - client 4 start local training ...
2025-05-12 13:33:17,192 - INFO - fl - start - end client 4 training
2025-05-12 13:33:17,192 - INFO - fl - start - client 4 evaluation metrics: {'train_loss': 3396596059969945.5, 'test_acc': 10.1}
2025-05-12 13:33:17,192 - INFO - fl - start - start client 5 training
2025-05-12 13:33:17,192 - INFO - fl - client_local_train - client 5 start local training ...
2025-05-12 13:33:21,071 - INFO - fl - start - end client 5 training
2025-05-12 13:33:21,071 - INFO - fl - start - client 5 evaluation metrics: {'train_loss': 1446987264663162.0, 'test_acc': 10.09}
2025-05-12 13:33:21,071 - INFO - fl - start - start client 6 training
2025-05-12 13:33:21,071 - INFO - fl - client_local_train - client 6 start local training ...
2025-05-12 13:33:25,543 - INFO - fl - start - end client 6 training
2025-05-12 13:33:25,543 - INFO - fl - start - client 6 evaluation metrics: {'train_loss': 1613547580059914.0, 'test_acc': 9.82}
2025-05-12 13:33:25,543 - INFO - fl - start - start client 7 training
2025-05-12 13:33:25,543 - INFO - fl - client_local_train - client 7 start local training ...
2025-05-12 13:33:27,981 - INFO - fl - client_local_train - client 7 is attacker, start poisoning model
2025-05-12 13:33:31,963 - INFO - fl - start - end client 7 training
2025-05-12 13:33:31,963 - INFO - fl - start - client 7 evaluation metrics: {'train_loss': 4.1128884417013864e+16, 'test_acc': 10.32}
2025-05-12 13:33:31,963 - INFO - fl - start - start client 8 training
2025-05-12 13:33:31,963 - INFO - fl - client_local_train - client 8 start local training ...
2025-05-12 13:33:36,507 - INFO - fl - start - end client 8 training
2025-05-12 13:33:36,507 - INFO - fl - start - client 8 evaluation metrics: {'train_loss': 3200491678779625.5, 'test_acc': 9.74}
2025-05-12 13:33:36,507 - INFO - fl - start - start client 9 training
2025-05-12 13:33:36,507 - INFO - fl - client_local_train - client 9 start local training ...
2025-05-12 13:33:39,287 - INFO - fl - start - end client 9 training
2025-05-12 13:33:39,287 - INFO - fl - start - client 9 evaluation metrics: {'train_loss': 3203400452710634.0, 'test_acc': 10.1}
2025-05-12 13:33:39,287 - INFO - fl - aggregate_model - start model aggregation...fusion method: dual_defense
2025-05-12 13:33:39,287 - INFO - fl - aggregate_model - start hyper-guard fusion with epsilon 0.01
2025-05-12 13:33:39,287 - INFO - fl - aggregate_model - round 21 attackers: [0, 7]
2025-05-12 13:33:50,394 - DEBUG - util_fusion - fusion_dual_defense - client 0 scores: {0: array([2169.05559223]), 1: array([2169.04439341]), 2: array([2169.03056443]), 3: array([2169.03432208]), 4: array([2168.98878432]), 5: array([2169.03889659]), 6: array([2169.03867]), 7: array([2169.063876]), 8: array([2169.03777655]), 9: array([2169.04727862])}
2025-05-12 13:33:50,395 - DEBUG - util_fusion - fusion_dual_defense - client 0 norm scores: {0: array([0.88968464]), 1: array([0.74054932]), 2: array([0.55638799]), 3: array([0.6064289]), 4: array([0.]), 5: array([0.66734786]), 6: array([0.66433039]), 7: array([1.]), 8: array([0.65243222]), 9: array([0.77897181])}
2025-05-12 13:33:50,395 - DEBUG - util_fusion - fusion_dual_defense - client 0 similarity threshold: 0.6556133119245704
2025-05-12 13:33:50,395 - INFO - util_fusion - fusion_dual_defense - client 0 selected fusion benigns: [0, 1, 5, 6, 7, 9]
2025-05-12 13:33:50,403 - DEBUG - util_fusion - fusion_dual_defense - client 1 scores: {0: array([2169.05559223]), 1: array([2169.04439341]), 2: array([2169.03056443]), 3: array([2169.03432208]), 4: array([2168.98878432]), 5: array([2169.03889659]), 6: array([2169.03867]), 7: array([2169.063876]), 8: array([2169.03777655]), 9: array([2169.04727862])}
2025-05-12 13:33:50,404 - DEBUG - util_fusion - fusion_dual_defense - client 1 norm scores: {0: array([0.88968464]), 1: array([0.74054932]), 2: array([0.55638799]), 3: array([0.6064289]), 4: array([0.]), 5: array([0.66734786]), 6: array([0.66433039]), 7: array([1.]), 8: array([0.65243222]), 9: array([0.77897181])}
2025-05-12 13:33:50,404 - DEBUG - util_fusion - fusion_dual_defense - client 1 similarity threshold: 0.6556133119245704
2025-05-12 13:33:50,404 - INFO - util_fusion - fusion_dual_defense - client 1 selected fusion benigns: [0, 1, 5, 6, 7, 9]
2025-05-12 13:33:50,413 - DEBUG - util_fusion - fusion_dual_defense - client 2 scores: {0: array([2169.05559223]), 1: array([2169.04439341]), 2: array([2169.03056443]), 3: array([2169.03432208]), 4: array([2168.98878432]), 5: array([2169.03889659]), 6: array([2169.03867]), 7: array([2169.063876]), 8: array([2169.03777655]), 9: array([2169.04727862])}
2025-05-12 13:33:50,413 - DEBUG - util_fusion - fusion_dual_defense - client 2 norm scores: {0: array([0.88968464]), 1: array([0.74054932]), 2: array([0.55638799]), 3: array([0.6064289]), 4: array([0.]), 5: array([0.66734786]), 6: array([0.66433039]), 7: array([1.]), 8: array([0.65243222]), 9: array([0.77897181])}
2025-05-12 13:33:50,413 - DEBUG - util_fusion - fusion_dual_defense - client 2 similarity threshold: 0.6556133119245704
2025-05-12 13:33:50,413 - INFO - util_fusion - fusion_dual_defense - client 2 selected fusion benigns: [0, 1, 5, 6, 7, 9]
2025-05-12 13:33:50,422 - DEBUG - util_fusion - fusion_dual_defense - client 3 scores: {0: array([2169.05559223]), 1: array([2169.04439341]), 2: array([2169.03056443]), 3: array([2169.03432208]), 4: array([2168.98878432]), 5: array([2169.03889659]), 6: array([2169.03867]), 7: array([2169.063876]), 8: array([2169.03777655]), 9: array([2169.04727862])}
2025-05-12 13:33:50,422 - DEBUG - util_fusion - fusion_dual_defense - client 3 norm scores: {0: array([0.88968464]), 1: array([0.74054932]), 2: array([0.55638799]), 3: array([0.6064289]), 4: array([0.]), 5: array([0.66734786]), 6: array([0.66433039]), 7: array([1.]), 8: array([0.65243222]), 9: array([0.77897181])}
2025-05-12 13:33:50,422 - DEBUG - util_fusion - fusion_dual_defense - client 3 similarity threshold: 0.6556133119245704
2025-05-12 13:33:50,422 - INFO - util_fusion - fusion_dual_defense - client 3 selected fusion benigns: [0, 1, 5, 6, 7, 9]
2025-05-12 13:33:50,431 - DEBUG - util_fusion - fusion_dual_defense - client 4 scores: {0: array([2169.05559223]), 1: array([2169.04439341]), 2: array([2169.03056443]), 3: array([2169.03432208]), 4: array([2168.98878432]), 5: array([2169.03889659]), 6: array([2169.03867]), 7: array([2169.063876]), 8: array([2169.03777655]), 9: array([2169.04727862])}
2025-05-12 13:33:50,431 - DEBUG - util_fusion - fusion_dual_defense - client 4 norm scores: {0: array([0.88968464]), 1: array([0.74054932]), 2: array([0.55638799]), 3: array([0.6064289]), 4: array([0.]), 5: array([0.66734786]), 6: array([0.66433039]), 7: array([1.]), 8: array([0.65243222]), 9: array([0.77897181])}
2025-05-12 13:33:50,431 - DEBUG - util_fusion - fusion_dual_defense - client 4 similarity threshold: 0.6556133119245704
2025-05-12 13:33:50,431 - INFO - util_fusion - fusion_dual_defense - client 4 selected fusion benigns: [0, 1, 5, 6, 7, 9]
2025-05-12 13:33:50,440 - DEBUG - util_fusion - fusion_dual_defense - client 5 scores: {0: array([2169.05559223]), 1: array([2169.04439341]), 2: array([2169.03056443]), 3: array([2169.03432208]), 4: array([2168.98878432]), 5: array([2169.03889659]), 6: array([2169.03867]), 7: array([2169.063876]), 8: array([2169.03777655]), 9: array([2169.04727862])}
2025-05-12 13:33:50,440 - DEBUG - util_fusion - fusion_dual_defense - client 5 norm scores: {0: array([0.88968464]), 1: array([0.74054932]), 2: array([0.55638799]), 3: array([0.6064289]), 4: array([0.]), 5: array([0.66734786]), 6: array([0.66433039]), 7: array([1.]), 8: array([0.65243222]), 9: array([0.77897181])}
2025-05-12 13:33:50,440 - DEBUG - util_fusion - fusion_dual_defense - client 5 similarity threshold: 0.6556133119245704
2025-05-12 13:33:50,440 - INFO - util_fusion - fusion_dual_defense - client 5 selected fusion benigns: [0, 1, 5, 6, 7, 9]
2025-05-12 13:33:50,449 - DEBUG - util_fusion - fusion_dual_defense - client 6 scores: {0: array([2169.05559223]), 1: array([2169.04439341]), 2: array([2169.03056443]), 3: array([2169.03432208]), 4: array([2168.98878432]), 5: array([2169.03889659]), 6: array([2169.03867]), 7: array([2169.063876]), 8: array([2169.03777655]), 9: array([2169.04727862])}
2025-05-12 13:33:50,449 - DEBUG - util_fusion - fusion_dual_defense - client 6 norm scores: {0: array([0.88968464]), 1: array([0.74054932]), 2: array([0.55638799]), 3: array([0.6064289]), 4: array([0.]), 5: array([0.66734786]), 6: array([0.66433039]), 7: array([1.]), 8: array([0.65243222]), 9: array([0.77897181])}
2025-05-12 13:33:50,449 - DEBUG - util_fusion - fusion_dual_defense - client 6 similarity threshold: 0.6556133119245704
2025-05-12 13:33:50,449 - INFO - util_fusion - fusion_dual_defense - client 6 selected fusion benigns: [0, 1, 5, 6, 7, 9]
2025-05-12 13:33:50,458 - DEBUG - util_fusion - fusion_dual_defense - client 7 scores: {0: array([2169.05559223]), 1: array([2169.04439341]), 2: array([2169.03056443]), 3: array([2169.03432208]), 4: array([2168.98878432]), 5: array([2169.03889659]), 6: array([2169.03867]), 7: array([2169.063876]), 8: array([2169.03777655]), 9: array([2169.04727862])}
2025-05-12 13:33:50,458 - DEBUG - util_fusion - fusion_dual_defense - client 7 norm scores: {0: array([0.88968464]), 1: array([0.74054932]), 2: array([0.55638799]), 3: array([0.6064289]), 4: array([0.]), 5: array([0.66734786]), 6: array([0.66433039]), 7: array([1.]), 8: array([0.65243222]), 9: array([0.77897181])}
2025-05-12 13:33:50,458 - DEBUG - util_fusion - fusion_dual_defense - client 7 similarity threshold: 0.6556133119245704
2025-05-12 13:33:50,459 - INFO - util_fusion - fusion_dual_defense - client 7 selected fusion benigns: [0, 1, 5, 6, 7, 9]
2025-05-12 13:33:50,467 - DEBUG - util_fusion - fusion_dual_defense - client 8 scores: {0: array([2169.05559223]), 1: array([2169.04439341]), 2: array([2169.03056443]), 3: array([2169.03432208]), 4: array([2168.98878432]), 5: array([2169.03889659]), 6: array([2169.03867]), 7: array([2169.063876]), 8: array([2169.03777655]), 9: array([2169.04727862])}
2025-05-12 13:33:50,467 - DEBUG - util_fusion - fusion_dual_defense - client 8 norm scores: {0: array([0.88968464]), 1: array([0.74054932]), 2: array([0.55638799]), 3: array([0.6064289]), 4: array([0.]), 5: array([0.66734786]), 6: array([0.66433039]), 7: array([1.]), 8: array([0.65243222]), 9: array([0.77897181])}
2025-05-12 13:33:50,467 - DEBUG - util_fusion - fusion_dual_defense - client 8 similarity threshold: 0.6556133119245704
2025-05-12 13:33:50,468 - INFO - util_fusion - fusion_dual_defense - client 8 selected fusion benigns: [0, 1, 5, 6, 7, 9]
2025-05-12 13:33:50,476 - DEBUG - util_fusion - fusion_dual_defense - client 9 scores: {0: array([2169.05559223]), 1: array([2169.04439341]), 2: array([2169.03056443]), 3: array([2169.03432208]), 4: array([2168.98878432]), 5: array([2169.03889659]), 6: array([2169.03867]), 7: array([2169.063876]), 8: array([2169.03777655]), 9: array([2169.04727862])}
2025-05-12 13:33:50,476 - DEBUG - util_fusion - fusion_dual_defense - client 9 norm scores: {0: array([0.88968464]), 1: array([0.74054932]), 2: array([0.55638799]), 3: array([0.6064289]), 4: array([0.]), 5: array([0.66734786]), 6: array([0.66433039]), 7: array([1.]), 8: array([0.65243222]), 9: array([0.77897181])}
2025-05-12 13:33:50,477 - DEBUG - util_fusion - fusion_dual_defense - client 9 similarity threshold: 0.6556133119245704
2025-05-12 13:33:50,477 - INFO - util_fusion - fusion_dual_defense - client 9 selected fusion benigns: [0, 1, 5, 6, 7, 9]
2025-05-12 13:33:50,477 - DEBUG - util_fusion - fusion_dual_defense - final fusion benigns: (0, 1, 5, 6, 7, 9)
2025-05-12 13:33:52,223 - INFO - fl - start - global side -  test accuracy: 9.82
2025-05-12 13:33:52,223 - INFO - fl - start - global side iteration 21 -  test accuracy: 9.82
2025-05-12 13:33:52,223 - INFO - fl - start - start training round 22
2025-05-12 13:33:52,225 - INFO - fl - start - round 22 attackers: [7, 6]
2025-05-12 13:33:52,225 - INFO - fl - start - start client 0 training
2025-05-12 13:33:52,225 - INFO - fl - client_local_train - client 0 start local training ...
2025-05-12 13:33:57,198 - INFO - fl - start - end client 0 training
2025-05-12 13:33:57,198 - INFO - fl - start - client 0 evaluation metrics: {'train_loss': 1.0535217284348848e+16, 'test_acc': 9.58}
2025-05-12 13:33:57,198 - INFO - fl - start - start client 1 training
2025-05-12 13:33:57,198 - INFO - fl - client_local_train - client 1 start local training ...
2025-05-12 13:34:07,140 - INFO - fl - start - end client 1 training
2025-05-12 13:34:07,140 - INFO - fl - start - client 1 evaluation metrics: {'train_loss': 1.2091042584437594e+16, 'test_acc': 8.92}
2025-05-12 13:34:07,140 - INFO - fl - start - start client 2 training
2025-05-12 13:34:07,141 - INFO - fl - client_local_train - client 2 start local training ...
2025-05-12 13:34:11,198 - INFO - fl - start - end client 2 training
2025-05-12 13:34:11,198 - INFO - fl - start - client 2 evaluation metrics: {'train_loss': 1.329074621667493e+16, 'test_acc': 9.8}
2025-05-12 13:34:11,198 - INFO - fl - start - start client 3 training
2025-05-12 13:34:11,198 - INFO - fl - client_local_train - client 3 start local training ...
2025-05-12 13:34:20,138 - INFO - fl - start - end client 3 training
2025-05-12 13:34:20,138 - INFO - fl - start - client 3 evaluation metrics: {'train_loss': 1.3917151663880114e+16, 'test_acc': 8.92}
2025-05-12 13:34:20,138 - INFO - fl - start - start client 4 training
2025-05-12 13:34:20,138 - INFO - fl - client_local_train - client 4 start local training ...
2025-05-12 13:34:23,924 - INFO - fl - start - end client 4 training
2025-05-12 13:34:23,924 - INFO - fl - start - client 4 evaluation metrics: {'train_loss': 1.0878432127396522e+16, 'test_acc': 10.1}
2025-05-12 13:34:23,924 - INFO - fl - start - start client 5 training
2025-05-12 13:34:23,925 - INFO - fl - client_local_train - client 5 start local training ...
2025-05-12 13:34:27,819 - INFO - fl - start - end client 5 training
2025-05-12 13:34:27,819 - INFO - fl - start - client 5 evaluation metrics: {'train_loss': 9740408699619360.0, 'test_acc': 10.09}
2025-05-12 13:34:27,820 - INFO - fl - start - start client 6 training
2025-05-12 13:34:27,820 - INFO - fl - client_local_train - client 6 start local training ...
2025-05-12 13:34:30,321 - INFO - fl - client_local_train - client 6 is attacker, start poisoning model
2025-05-12 13:34:34,321 - INFO - fl - start - end client 6 training
2025-05-12 13:34:34,321 - INFO - fl - start - client 6 evaluation metrics: {'train_loss': 9.591110513809724e+17, 'test_acc': 8.91}
2025-05-12 13:34:34,321 - INFO - fl - start - start client 7 training
2025-05-12 13:34:34,321 - INFO - fl - client_local_train - client 7 start local training ...
2025-05-12 13:34:36,774 - INFO - fl - client_local_train - client 7 is attacker, start poisoning model
2025-05-12 13:34:40,746 - INFO - fl - start - end client 7 training
2025-05-12 13:34:40,746 - INFO - fl - start - client 7 evaluation metrics: {'train_loss': 9.458999098482499e+17, 'test_acc': 9.8}
2025-05-12 13:34:40,747 - INFO - fl - start - start client 8 training
2025-05-12 13:34:40,747 - INFO - fl - client_local_train - client 8 start local training ...
2025-05-12 13:34:45,325 - INFO - fl - start - end client 8 training
2025-05-12 13:34:45,325 - INFO - fl - start - client 8 evaluation metrics: {'train_loss': 1.6975863320724078e+16, 'test_acc': 9.74}
2025-05-12 13:34:45,325 - INFO - fl - start - start client 9 training
2025-05-12 13:34:45,325 - INFO - fl - client_local_train - client 9 start local training ...
2025-05-12 13:34:48,103 - INFO - fl - start - end client 9 training
2025-05-12 13:34:48,103 - INFO - fl - start - client 9 evaluation metrics: {'train_loss': 7302462954694246.0, 'test_acc': 9.58}
2025-05-12 13:34:48,103 - INFO - fl - aggregate_model - start model aggregation...fusion method: dual_defense
2025-05-12 13:34:48,103 - INFO - fl - aggregate_model - start hyper-guard fusion with epsilon 0.01
2025-05-12 13:34:48,103 - INFO - fl - aggregate_model - round 22 attackers: [6, 7]
2025-05-12 13:34:59,233 - DEBUG - util_fusion - fusion_dual_defense - client 0 scores: {0: array([980.96036516]), 1: array([980.95807716]), 2: array([980.95636942]), 3: array([980.94192467]), 4: array([980.92695362]), 5: array([980.9558657]), 6: array([980.95274462]), 7: array([980.95471646]), 8: array([980.95112534]), 9: array([980.95594541])}
2025-05-12 13:34:59,234 - DEBUG - util_fusion - fusion_dual_defense - client 0 norm scores: {0: array([1.]), 1: array([0.93152075]), 2: array([0.88040849]), 3: array([0.44808024]), 4: array([0.]), 5: array([0.86533223]), 6: array([0.77191905]), 7: array([0.83093562]), 8: array([0.72345422]), 9: array([0.8677178])}
2025-05-12 13:34:59,234 - DEBUG - util_fusion - fusion_dual_defense - client 0 similarity threshold: 0.7319368395276522
2025-05-12 13:34:59,234 - INFO - util_fusion - fusion_dual_defense - client 0 selected fusion benigns: [0, 1, 2, 5, 6, 7, 9]
2025-05-12 13:34:59,243 - DEBUG - util_fusion - fusion_dual_defense - client 1 scores: {0: array([980.96036516]), 1: array([980.95807716]), 2: array([980.95636942]), 3: array([980.94192467]), 4: array([980.92695362]), 5: array([980.9558657]), 6: array([980.95274462]), 7: array([980.95471646]), 8: array([980.95112534]), 9: array([980.95594541])}
2025-05-12 13:34:59,243 - DEBUG - util_fusion - fusion_dual_defense - client 1 norm scores: {0: array([1.]), 1: array([0.93152075]), 2: array([0.88040849]), 3: array([0.44808024]), 4: array([0.]), 5: array([0.86533223]), 6: array([0.77191905]), 7: array([0.83093562]), 8: array([0.72345422]), 9: array([0.8677178])}
2025-05-12 13:34:59,243 - DEBUG - util_fusion - fusion_dual_defense - client 1 similarity threshold: 0.7319368395276522
2025-05-12 13:34:59,243 - INFO - util_fusion - fusion_dual_defense - client 1 selected fusion benigns: [0, 1, 2, 5, 6, 7, 9]
2025-05-12 13:34:59,252 - DEBUG - util_fusion - fusion_dual_defense - client 2 scores: {0: array([980.96036516]), 1: array([980.95807716]), 2: array([980.95636942]), 3: array([980.94192467]), 4: array([980.92695362]), 5: array([980.9558657]), 6: array([980.95274462]), 7: array([980.95471646]), 8: array([980.95112534]), 9: array([980.95594541])}
2025-05-12 13:34:59,252 - DEBUG - util_fusion - fusion_dual_defense - client 2 norm scores: {0: array([1.]), 1: array([0.93152075]), 2: array([0.88040849]), 3: array([0.44808024]), 4: array([0.]), 5: array([0.86533223]), 6: array([0.77191905]), 7: array([0.83093562]), 8: array([0.72345422]), 9: array([0.8677178])}
2025-05-12 13:34:59,252 - DEBUG - util_fusion - fusion_dual_defense - client 2 similarity threshold: 0.7319368395276522
2025-05-12 13:34:59,252 - INFO - util_fusion - fusion_dual_defense - client 2 selected fusion benigns: [0, 1, 2, 5, 6, 7, 9]
2025-05-12 13:34:59,261 - DEBUG - util_fusion - fusion_dual_defense - client 3 scores: {0: array([980.96036516]), 1: array([980.95807716]), 2: array([980.95636942]), 3: array([980.94192467]), 4: array([980.92695362]), 5: array([980.9558657]), 6: array([980.95274462]), 7: array([980.95471646]), 8: array([980.95112534]), 9: array([980.95594541])}
2025-05-12 13:34:59,261 - DEBUG - util_fusion - fusion_dual_defense - client 3 norm scores: {0: array([1.]), 1: array([0.93152075]), 2: array([0.88040849]), 3: array([0.44808024]), 4: array([0.]), 5: array([0.86533223]), 6: array([0.77191905]), 7: array([0.83093562]), 8: array([0.72345422]), 9: array([0.8677178])}
2025-05-12 13:34:59,261 - DEBUG - util_fusion - fusion_dual_defense - client 3 similarity threshold: 0.7319368395276522
2025-05-12 13:34:59,262 - INFO - util_fusion - fusion_dual_defense - client 3 selected fusion benigns: [0, 1, 2, 5, 6, 7, 9]
2025-05-12 13:34:59,270 - DEBUG - util_fusion - fusion_dual_defense - client 4 scores: {0: array([980.96036516]), 1: array([980.95807716]), 2: array([980.95636942]), 3: array([980.94192467]), 4: array([980.92695362]), 5: array([980.9558657]), 6: array([980.95274462]), 7: array([980.95471646]), 8: array([980.95112534]), 9: array([980.95594541])}
2025-05-12 13:34:59,270 - DEBUG - util_fusion - fusion_dual_defense - client 4 norm scores: {0: array([1.]), 1: array([0.93152075]), 2: array([0.88040849]), 3: array([0.44808024]), 4: array([0.]), 5: array([0.86533223]), 6: array([0.77191905]), 7: array([0.83093562]), 8: array([0.72345422]), 9: array([0.8677178])}
2025-05-12 13:34:59,270 - DEBUG - util_fusion - fusion_dual_defense - client 4 similarity threshold: 0.7319368395276522
2025-05-12 13:34:59,271 - INFO - util_fusion - fusion_dual_defense - client 4 selected fusion benigns: [0, 1, 2, 5, 6, 7, 9]
2025-05-12 13:34:59,279 - DEBUG - util_fusion - fusion_dual_defense - client 5 scores: {0: array([980.96036516]), 1: array([980.95807716]), 2: array([980.95636942]), 3: array([980.94192467]), 4: array([980.92695362]), 5: array([980.9558657]), 6: array([980.95274462]), 7: array([980.95471646]), 8: array([980.95112534]), 9: array([980.95594541])}
2025-05-12 13:34:59,279 - DEBUG - util_fusion - fusion_dual_defense - client 5 norm scores: {0: array([1.]), 1: array([0.93152075]), 2: array([0.88040849]), 3: array([0.44808024]), 4: array([0.]), 5: array([0.86533223]), 6: array([0.77191905]), 7: array([0.83093562]), 8: array([0.72345422]), 9: array([0.8677178])}
2025-05-12 13:34:59,280 - DEBUG - util_fusion - fusion_dual_defense - client 5 similarity threshold: 0.7319368395276522
2025-05-12 13:34:59,280 - INFO - util_fusion - fusion_dual_defense - client 5 selected fusion benigns: [0, 1, 2, 5, 6, 7, 9]
2025-05-12 13:34:59,288 - DEBUG - util_fusion - fusion_dual_defense - client 6 scores: {0: array([980.96036516]), 1: array([980.95807716]), 2: array([980.95636942]), 3: array([980.94192467]), 4: array([980.92695362]), 5: array([980.9558657]), 6: array([980.95274462]), 7: array([980.95471646]), 8: array([980.95112534]), 9: array([980.95594541])}
2025-05-12 13:34:59,288 - DEBUG - util_fusion - fusion_dual_defense - client 6 norm scores: {0: array([1.]), 1: array([0.93152075]), 2: array([0.88040849]), 3: array([0.44808024]), 4: array([0.]), 5: array([0.86533223]), 6: array([0.77191905]), 7: array([0.83093562]), 8: array([0.72345422]), 9: array([0.8677178])}
2025-05-12 13:34:59,289 - DEBUG - util_fusion - fusion_dual_defense - client 6 similarity threshold: 0.7319368395276522
2025-05-12 13:34:59,289 - INFO - util_fusion - fusion_dual_defense - client 6 selected fusion benigns: [0, 1, 2, 5, 6, 7, 9]
2025-05-12 13:34:59,297 - DEBUG - util_fusion - fusion_dual_defense - client 7 scores: {0: array([980.96036516]), 1: array([980.95807716]), 2: array([980.95636942]), 3: array([980.94192467]), 4: array([980.92695362]), 5: array([980.9558657]), 6: array([980.95274462]), 7: array([980.95471646]), 8: array([980.95112534]), 9: array([980.95594541])}
2025-05-12 13:34:59,298 - DEBUG - util_fusion - fusion_dual_defense - client 7 norm scores: {0: array([1.]), 1: array([0.93152075]), 2: array([0.88040849]), 3: array([0.44808024]), 4: array([0.]), 5: array([0.86533223]), 6: array([0.77191905]), 7: array([0.83093562]), 8: array([0.72345422]), 9: array([0.8677178])}
2025-05-12 13:34:59,298 - DEBUG - util_fusion - fusion_dual_defense - client 7 similarity threshold: 0.7319368395276522
2025-05-12 13:34:59,298 - INFO - util_fusion - fusion_dual_defense - client 7 selected fusion benigns: [0, 1, 2, 5, 6, 7, 9]
2025-05-12 13:34:59,306 - DEBUG - util_fusion - fusion_dual_defense - client 8 scores: {0: array([980.96036516]), 1: array([980.95807716]), 2: array([980.95636942]), 3: array([980.94192467]), 4: array([980.92695362]), 5: array([980.9558657]), 6: array([980.95274462]), 7: array([980.95471646]), 8: array([980.95112534]), 9: array([980.95594541])}
2025-05-12 13:34:59,307 - DEBUG - util_fusion - fusion_dual_defense - client 8 norm scores: {0: array([1.]), 1: array([0.93152075]), 2: array([0.88040849]), 3: array([0.44808024]), 4: array([0.]), 5: array([0.86533223]), 6: array([0.77191905]), 7: array([0.83093562]), 8: array([0.72345422]), 9: array([0.8677178])}
2025-05-12 13:34:59,307 - DEBUG - util_fusion - fusion_dual_defense - client 8 similarity threshold: 0.7319368395276522
2025-05-12 13:34:59,307 - INFO - util_fusion - fusion_dual_defense - client 8 selected fusion benigns: [0, 1, 2, 5, 6, 7, 9]
2025-05-12 13:34:59,315 - DEBUG - util_fusion - fusion_dual_defense - client 9 scores: {0: array([980.96036516]), 1: array([980.95807716]), 2: array([980.95636942]), 3: array([980.94192467]), 4: array([980.92695362]), 5: array([980.9558657]), 6: array([980.95274462]), 7: array([980.95471646]), 8: array([980.95112534]), 9: array([980.95594541])}
2025-05-12 13:34:59,316 - DEBUG - util_fusion - fusion_dual_defense - client 9 norm scores: {0: array([1.]), 1: array([0.93152075]), 2: array([0.88040849]), 3: array([0.44808024]), 4: array([0.]), 5: array([0.86533223]), 6: array([0.77191905]), 7: array([0.83093562]), 8: array([0.72345422]), 9: array([0.8677178])}
2025-05-12 13:34:59,316 - DEBUG - util_fusion - fusion_dual_defense - client 9 similarity threshold: 0.7319368395276522
2025-05-12 13:34:59,316 - INFO - util_fusion - fusion_dual_defense - client 9 selected fusion benigns: [0, 1, 2, 5, 6, 7, 9]
2025-05-12 13:34:59,316 - DEBUG - util_fusion - fusion_dual_defense - final fusion benigns: (0, 1, 2, 5, 6, 7, 9)
2025-05-12 13:35:01,120 - INFO - fl - start - global side -  test accuracy: 9.8
2025-05-12 13:35:01,120 - INFO - fl - start - global side iteration 22 -  test accuracy: 9.8
2025-05-12 13:35:01,120 - INFO - fl - start - start training round 23
2025-05-12 13:35:01,122 - INFO - fl - start - round 23 attackers: [8, 4]
2025-05-12 13:35:01,122 - INFO - fl - start - start client 0 training
2025-05-12 13:35:01,122 - INFO - fl - client_local_train - client 0 start local training ...
2025-05-12 13:35:06,076 - INFO - fl - start - end client 0 training
2025-05-12 13:35:06,076 - INFO - fl - start - client 0 evaluation metrics: {'train_loss': 7.87170919746183e+16, 'test_acc': 10.32}
2025-05-12 13:35:06,076 - INFO - fl - start - start client 1 training
2025-05-12 13:35:06,076 - INFO - fl - client_local_train - client 1 start local training ...
2025-05-12 13:35:15,991 - INFO - fl - start - end client 1 training
2025-05-12 13:35:15,991 - INFO - fl - start - client 1 evaluation metrics: {'train_loss': 4.2099530814830296e+16, 'test_acc': 8.92}
2025-05-12 13:35:15,991 - INFO - fl - start - start client 2 training
2025-05-12 13:35:15,992 - INFO - fl - client_local_train - client 2 start local training ...
2025-05-12 13:35:20,013 - INFO - fl - start - end client 2 training
2025-05-12 13:35:20,013 - INFO - fl - start - client 2 evaluation metrics: {'train_loss': 1.358784558246975e+17, 'test_acc': 11.35}
2025-05-12 13:35:20,013 - INFO - fl - start - start client 3 training
2025-05-12 13:35:20,014 - INFO - fl - client_local_train - client 3 start local training ...
2025-05-12 13:35:28,893 - INFO - fl - start - end client 3 training
2025-05-12 13:35:28,893 - INFO - fl - start - client 3 evaluation metrics: {'train_loss': 3.0117585240117136e+16, 'test_acc': 9.58}
2025-05-12 13:35:28,893 - INFO - fl - start - start client 4 training
2025-05-12 13:35:28,893 - INFO - fl - client_local_train - client 4 start local training ...
2025-05-12 13:35:30,807 - INFO - fl - client_local_train - client 4 is attacker, start poisoning model
2025-05-12 13:35:34,494 - INFO - fl - start - end client 4 training
2025-05-12 13:35:34,494 - INFO - fl - start - client 4 evaluation metrics: {'train_loss': 7.853308805512167e+18, 'test_acc': 10.07}
2025-05-12 13:35:34,494 - INFO - fl - start - start client 5 training
2025-05-12 13:35:34,494 - INFO - fl - client_local_train - client 5 start local training ...
2025-05-12 13:35:38,381 - INFO - fl - start - end client 5 training
2025-05-12 13:35:38,381 - INFO - fl - start - client 5 evaluation metrics: {'train_loss': 4.168159354657594e+16, 'test_acc': 10.09}
2025-05-12 13:35:38,381 - INFO - fl - start - start client 6 training
2025-05-12 13:35:38,381 - INFO - fl - client_local_train - client 6 start local training ...
2025-05-12 13:35:42,854 - INFO - fl - start - end client 6 training
2025-05-12 13:35:42,854 - INFO - fl - start - client 6 evaluation metrics: {'train_loss': 5.788792999274086e+16, 'test_acc': 10.09}
2025-05-12 13:35:42,854 - INFO - fl - start - start client 7 training
2025-05-12 13:35:42,854 - INFO - fl - client_local_train - client 7 start local training ...
2025-05-12 13:35:47,277 - INFO - fl - start - end client 7 training
2025-05-12 13:35:47,277 - INFO - fl - start - client 7 evaluation metrics: {'train_loss': 2.6794528296761668e+16, 'test_acc': 9.8}
2025-05-12 13:35:47,277 - INFO - fl - start - start client 8 training
2025-05-12 13:35:47,277 - INFO - fl - client_local_train - client 8 start local training ...
2025-05-12 13:35:49,818 - INFO - fl - client_local_train - client 8 is attacker, start poisoning model
2025-05-12 13:35:53,821 - INFO - fl - start - end client 8 training
2025-05-12 13:35:53,821 - INFO - fl - start - client 8 evaluation metrics: {'train_loss': 5.466197060996188e+18, 'test_acc': 9.72}
2025-05-12 13:35:53,821 - INFO - fl - start - start client 9 training
2025-05-12 13:35:53,821 - INFO - fl - client_local_train - client 9 start local training ...
2025-05-12 13:35:56,579 - INFO - fl - start - end client 9 training
2025-05-12 13:35:56,579 - INFO - fl - start - client 9 evaluation metrics: {'train_loss': 5.716950553646484e+16, 'test_acc': 10.28}
2025-05-12 13:35:56,579 - INFO - fl - aggregate_model - start model aggregation...fusion method: dual_defense
2025-05-12 13:35:56,579 - INFO - fl - aggregate_model - start hyper-guard fusion with epsilon 0.01
2025-05-12 13:35:56,579 - INFO - fl - aggregate_model - round 23 attackers: [8, 4]
2025-05-12 13:36:07,696 - DEBUG - util_fusion - fusion_dual_defense - client 0 scores: {0: array([21601.7449444]), 1: array([21602.22038556]), 2: array([21601.71421214]), 3: array([21602.16820663]), 4: array([21602.08951775]), 5: array([21601.48708688]), 6: array([21602.20954266]), 7: array([21602.19100986]), 8: array([21602.00362705]), 9: array([21601.66171516])}
2025-05-12 13:36:07,696 - DEBUG - util_fusion - fusion_dual_defense - client 0 norm scores: {0: array([0.35164052]), 1: array([1.]), 2: array([0.30973091]), 3: array([0.92884355]), 4: array([0.82153546]), 5: array([0.]), 6: array([0.98521353]), 7: array([0.95994033]), 8: array([0.70440625]), 9: array([0.23814073])}
2025-05-12 13:36:07,696 - DEBUG - util_fusion - fusion_dual_defense - client 0 similarity threshold: 0.6299451277273563
2025-05-12 13:36:07,697 - INFO - util_fusion - fusion_dual_defense - client 0 selected fusion benigns: [1, 3, 4, 6, 7, 8]
2025-05-12 13:36:07,705 - DEBUG - util_fusion - fusion_dual_defense - client 1 scores: {0: array([21601.7449444]), 1: array([21602.22038556]), 2: array([21601.71421214]), 3: array([21602.16820663]), 4: array([21602.08951775]), 5: array([21601.48708688]), 6: array([21602.20954266]), 7: array([21602.19100986]), 8: array([21602.00362705]), 9: array([21601.66171516])}
2025-05-12 13:36:07,706 - DEBUG - util_fusion - fusion_dual_defense - client 1 norm scores: {0: array([0.35164052]), 1: array([1.]), 2: array([0.30973091]), 3: array([0.92884355]), 4: array([0.82153546]), 5: array([0.]), 6: array([0.98521353]), 7: array([0.95994033]), 8: array([0.70440625]), 9: array([0.23814073])}
2025-05-12 13:36:07,706 - DEBUG - util_fusion - fusion_dual_defense - client 1 similarity threshold: 0.6299451277273563
2025-05-12 13:36:07,706 - INFO - util_fusion - fusion_dual_defense - client 1 selected fusion benigns: [1, 3, 4, 6, 7, 8]
2025-05-12 13:36:07,714 - DEBUG - util_fusion - fusion_dual_defense - client 2 scores: {0: array([21601.7449444]), 1: array([21602.22038556]), 2: array([21601.71421214]), 3: array([21602.16820663]), 4: array([21602.08951775]), 5: array([21601.48708688]), 6: array([21602.20954266]), 7: array([21602.19100986]), 8: array([21602.00362705]), 9: array([21601.66171516])}
2025-05-12 13:36:07,715 - DEBUG - util_fusion - fusion_dual_defense - client 2 norm scores: {0: array([0.35164052]), 1: array([1.]), 2: array([0.30973091]), 3: array([0.92884355]), 4: array([0.82153546]), 5: array([0.]), 6: array([0.98521353]), 7: array([0.95994033]), 8: array([0.70440625]), 9: array([0.23814073])}
2025-05-12 13:36:07,715 - DEBUG - util_fusion - fusion_dual_defense - client 2 similarity threshold: 0.6299451277273563
2025-05-12 13:36:07,715 - INFO - util_fusion - fusion_dual_defense - client 2 selected fusion benigns: [1, 3, 4, 6, 7, 8]
2025-05-12 13:36:07,723 - DEBUG - util_fusion - fusion_dual_defense - client 3 scores: {0: array([21601.7449444]), 1: array([21602.22038556]), 2: array([21601.71421214]), 3: array([21602.16820663]), 4: array([21602.08951775]), 5: array([21601.48708688]), 6: array([21602.20954266]), 7: array([21602.19100986]), 8: array([21602.00362705]), 9: array([21601.66171516])}
2025-05-12 13:36:07,724 - DEBUG - util_fusion - fusion_dual_defense - client 3 norm scores: {0: array([0.35164052]), 1: array([1.]), 2: array([0.30973091]), 3: array([0.92884355]), 4: array([0.82153546]), 5: array([0.]), 6: array([0.98521353]), 7: array([0.95994033]), 8: array([0.70440625]), 9: array([0.23814073])}
2025-05-12 13:36:07,724 - DEBUG - util_fusion - fusion_dual_defense - client 3 similarity threshold: 0.6299451277273563
2025-05-12 13:36:07,724 - INFO - util_fusion - fusion_dual_defense - client 3 selected fusion benigns: [1, 3, 4, 6, 7, 8]
2025-05-12 13:36:07,732 - DEBUG - util_fusion - fusion_dual_defense - client 4 scores: {0: array([21601.7449444]), 1: array([21602.22038556]), 2: array([21601.71421214]), 3: array([21602.16820663]), 4: array([21602.08951775]), 5: array([21601.48708688]), 6: array([21602.20954266]), 7: array([21602.19100986]), 8: array([21602.00362705]), 9: array([21601.66171516])}
2025-05-12 13:36:07,733 - DEBUG - util_fusion - fusion_dual_defense - client 4 norm scores: {0: array([0.35164052]), 1: array([1.]), 2: array([0.30973091]), 3: array([0.92884355]), 4: array([0.82153546]), 5: array([0.]), 6: array([0.98521353]), 7: array([0.95994033]), 8: array([0.70440625]), 9: array([0.23814073])}
2025-05-12 13:36:07,733 - DEBUG - util_fusion - fusion_dual_defense - client 4 similarity threshold: 0.6299451277273563
2025-05-12 13:36:07,733 - INFO - util_fusion - fusion_dual_defense - client 4 selected fusion benigns: [1, 3, 4, 6, 7, 8]
2025-05-12 13:36:07,741 - DEBUG - util_fusion - fusion_dual_defense - client 5 scores: {0: array([21601.7449444]), 1: array([21602.22038556]), 2: array([21601.71421214]), 3: array([21602.16820663]), 4: array([21602.08951775]), 5: array([21601.48708688]), 6: array([21602.20954266]), 7: array([21602.19100986]), 8: array([21602.00362705]), 9: array([21601.66171516])}
2025-05-12 13:36:07,742 - DEBUG - util_fusion - fusion_dual_defense - client 5 norm scores: {0: array([0.35164052]), 1: array([1.]), 2: array([0.30973091]), 3: array([0.92884355]), 4: array([0.82153546]), 5: array([0.]), 6: array([0.98521353]), 7: array([0.95994033]), 8: array([0.70440625]), 9: array([0.23814073])}
2025-05-12 13:36:07,742 - DEBUG - util_fusion - fusion_dual_defense - client 5 similarity threshold: 0.6299451277273563
2025-05-12 13:36:07,742 - INFO - util_fusion - fusion_dual_defense - client 5 selected fusion benigns: [1, 3, 4, 6, 7, 8]
2025-05-12 13:36:07,750 - DEBUG - util_fusion - fusion_dual_defense - client 6 scores: {0: array([21601.7449444]), 1: array([21602.22038556]), 2: array([21601.71421214]), 3: array([21602.16820663]), 4: array([21602.08951775]), 5: array([21601.48708688]), 6: array([21602.20954266]), 7: array([21602.19100986]), 8: array([21602.00362705]), 9: array([21601.66171516])}
2025-05-12 13:36:07,751 - DEBUG - util_fusion - fusion_dual_defense - client 6 norm scores: {0: array([0.35164052]), 1: array([1.]), 2: array([0.30973091]), 3: array([0.92884355]), 4: array([0.82153546]), 5: array([0.]), 6: array([0.98521353]), 7: array([0.95994033]), 8: array([0.70440625]), 9: array([0.23814073])}
2025-05-12 13:36:07,751 - DEBUG - util_fusion - fusion_dual_defense - client 6 similarity threshold: 0.6299451277273563
2025-05-12 13:36:07,751 - INFO - util_fusion - fusion_dual_defense - client 6 selected fusion benigns: [1, 3, 4, 6, 7, 8]
2025-05-12 13:36:07,759 - DEBUG - util_fusion - fusion_dual_defense - client 7 scores: {0: array([21601.7449444]), 1: array([21602.22038556]), 2: array([21601.71421214]), 3: array([21602.16820663]), 4: array([21602.08951775]), 5: array([21601.48708688]), 6: array([21602.20954266]), 7: array([21602.19100986]), 8: array([21602.00362705]), 9: array([21601.66171516])}
2025-05-12 13:36:07,760 - DEBUG - util_fusion - fusion_dual_defense - client 7 norm scores: {0: array([0.35164052]), 1: array([1.]), 2: array([0.30973091]), 3: array([0.92884355]), 4: array([0.82153546]), 5: array([0.]), 6: array([0.98521353]), 7: array([0.95994033]), 8: array([0.70440625]), 9: array([0.23814073])}
2025-05-12 13:36:07,760 - DEBUG - util_fusion - fusion_dual_defense - client 7 similarity threshold: 0.6299451277273563
2025-05-12 13:36:07,760 - INFO - util_fusion - fusion_dual_defense - client 7 selected fusion benigns: [1, 3, 4, 6, 7, 8]
2025-05-12 13:36:07,768 - DEBUG - util_fusion - fusion_dual_defense - client 8 scores: {0: array([21601.7449444]), 1: array([21602.22038556]), 2: array([21601.71421214]), 3: array([21602.16820663]), 4: array([21602.08951775]), 5: array([21601.48708688]), 6: array([21602.20954266]), 7: array([21602.19100986]), 8: array([21602.00362705]), 9: array([21601.66171516])}
2025-05-12 13:36:07,769 - DEBUG - util_fusion - fusion_dual_defense - client 8 norm scores: {0: array([0.35164052]), 1: array([1.]), 2: array([0.30973091]), 3: array([0.92884355]), 4: array([0.82153546]), 5: array([0.]), 6: array([0.98521353]), 7: array([0.95994033]), 8: array([0.70440625]), 9: array([0.23814073])}
2025-05-12 13:36:07,769 - DEBUG - util_fusion - fusion_dual_defense - client 8 similarity threshold: 0.6299451277273563
2025-05-12 13:36:07,769 - INFO - util_fusion - fusion_dual_defense - client 8 selected fusion benigns: [1, 3, 4, 6, 7, 8]
2025-05-12 13:36:07,777 - DEBUG - util_fusion - fusion_dual_defense - client 9 scores: {0: array([21601.7449444]), 1: array([21602.22038556]), 2: array([21601.71421214]), 3: array([21602.16820663]), 4: array([21602.08951775]), 5: array([21601.48708688]), 6: array([21602.20954266]), 7: array([21602.19100986]), 8: array([21602.00362705]), 9: array([21601.66171516])}
2025-05-12 13:36:07,778 - DEBUG - util_fusion - fusion_dual_defense - client 9 norm scores: {0: array([0.35164052]), 1: array([1.]), 2: array([0.30973091]), 3: array([0.92884355]), 4: array([0.82153546]), 5: array([0.]), 6: array([0.98521353]), 7: array([0.95994033]), 8: array([0.70440625]), 9: array([0.23814073])}
2025-05-12 13:36:07,778 - DEBUG - util_fusion - fusion_dual_defense - client 9 similarity threshold: 0.6299451277273563
2025-05-12 13:36:07,778 - INFO - util_fusion - fusion_dual_defense - client 9 selected fusion benigns: [1, 3, 4, 6, 7, 8]
2025-05-12 13:36:07,778 - DEBUG - util_fusion - fusion_dual_defense - final fusion benigns: (1, 3, 4, 6, 7, 8)
2025-05-12 13:36:09,527 - INFO - fl - start - global side -  test accuracy: 9.74
2025-05-12 13:36:09,527 - INFO - fl - start - global side iteration 23 -  test accuracy: 9.74
2025-05-12 13:36:09,527 - INFO - fl - start - start training round 24
2025-05-12 13:36:09,529 - INFO - fl - start - round 24 attackers: [8, 3]
2025-05-12 13:36:09,529 - INFO - fl - start - start client 0 training
2025-05-12 13:36:09,529 - INFO - fl - client_local_train - client 0 start local training ...
2025-05-12 13:36:14,506 - INFO - fl - start - end client 0 training
2025-05-12 13:36:14,506 - INFO - fl - start - client 0 evaluation metrics: {'train_loss': 3.1114518120168736e+17, 'test_acc': 9.86}
2025-05-12 13:36:14,506 - INFO - fl - start - start client 1 training
2025-05-12 13:36:14,506 - INFO - fl - client_local_train - client 1 start local training ...
2025-05-12 13:36:24,425 - INFO - fl - start - end client 1 training
2025-05-12 13:36:24,425 - INFO - fl - start - client 1 evaluation metrics: {'train_loss': 2.5196603838131888e+17, 'test_acc': 10.32}
2025-05-12 13:36:24,425 - INFO - fl - start - start client 2 training
2025-05-12 13:36:24,425 - INFO - fl - client_local_train - client 2 start local training ...
2025-05-12 13:36:28,455 - INFO - fl - start - end client 2 training
2025-05-12 13:36:28,455 - INFO - fl - start - client 2 evaluation metrics: {'train_loss': 6.579705770300901e+17, 'test_acc': 9.8}
2025-05-12 13:36:28,455 - INFO - fl - start - start client 3 training
2025-05-12 13:36:28,455 - INFO - fl - client_local_train - client 3 start local training ...
2025-05-12 13:36:34,434 - INFO - fl - client_local_train - client 3 is attacker, start poisoning model
2025-05-12 13:36:40,290 - INFO - fl - start - end client 3 training
2025-05-12 13:36:40,290 - INFO - fl - start - client 3 evaluation metrics: {'train_loss': 9.61242224166657e+18, 'test_acc': 10.09}
2025-05-12 13:36:40,290 - INFO - fl - start - start client 4 training
2025-05-12 13:36:40,290 - INFO - fl - client_local_train - client 4 start local training ...
2025-05-12 13:36:44,083 - INFO - fl - start - end client 4 training
2025-05-12 13:36:44,084 - INFO - fl - start - client 4 evaluation metrics: {'train_loss': 5.901596867876443e+17, 'test_acc': 11.35}
2025-05-12 13:36:44,084 - INFO - fl - start - start client 5 training
2025-05-12 13:36:44,084 - INFO - fl - client_local_train - client 5 start local training ...
2025-05-12 13:36:47,951 - INFO - fl - start - end client 5 training
2025-05-12 13:36:47,951 - INFO - fl - start - client 5 evaluation metrics: {'train_loss': 5.78870527013575e+17, 'test_acc': 10.11}
2025-05-12 13:36:47,951 - INFO - fl - start - start client 6 training
2025-05-12 13:36:47,951 - INFO - fl - client_local_train - client 6 start local training ...
2025-05-12 13:36:52,428 - INFO - fl - start - end client 6 training
2025-05-12 13:36:52,428 - INFO - fl - start - client 6 evaluation metrics: {'train_loss': 1.0405736385204869e+18, 'test_acc': 9.82}
2025-05-12 13:36:52,428 - INFO - fl - start - start client 7 training
2025-05-12 13:36:52,428 - INFO - fl - client_local_train - client 7 start local training ...
2025-05-12 13:36:56,858 - INFO - fl - start - end client 7 training
2025-05-12 13:36:56,858 - INFO - fl - start - client 7 evaluation metrics: {'train_loss': 3.9993553349721594e+17, 'test_acc': 11.33}
2025-05-12 13:36:56,858 - INFO - fl - start - start client 8 training
2025-05-12 13:36:56,858 - INFO - fl - client_local_train - client 8 start local training ...
2025-05-12 13:36:59,373 - INFO - fl - client_local_train - client 8 is attacker, start poisoning model
2025-05-12 13:37:03,380 - INFO - fl - start - end client 8 training
2025-05-12 13:37:03,380 - INFO - fl - start - client 8 evaluation metrics: {'train_loss': 2.1670406293121536e+19, 'test_acc': 9.8}
2025-05-12 13:37:03,380 - INFO - fl - start - start client 9 training
2025-05-12 13:37:03,380 - INFO - fl - client_local_train - client 9 start local training ...
2025-05-12 13:37:06,165 - INFO - fl - start - end client 9 training
2025-05-12 13:37:06,165 - INFO - fl - start - client 9 evaluation metrics: {'train_loss': 1.671635425183138e+17, 'test_acc': 10.1}
2025-05-12 13:37:06,165 - INFO - fl - aggregate_model - start model aggregation...fusion method: dual_defense
2025-05-12 13:37:06,165 - INFO - fl - aggregate_model - start hyper-guard fusion with epsilon 0.01
2025-05-12 13:37:06,165 - INFO - fl - aggregate_model - round 24 attackers: [8, 3]
2025-05-12 13:37:17,308 - DEBUG - util_fusion - fusion_dual_defense - client 0 scores: {0: array([11066.9673376]), 1: array([11066.99806534]), 2: array([11066.95420097]), 3: array([11067.04010986]), 4: array([11066.92355367]), 5: array([11066.96083599]), 6: array([11066.13244381]), 7: array([11066.91747553]), 8: array([11066.86658172]), 9: array([11066.18864812])}
2025-05-12 13:37:17,309 - DEBUG - util_fusion - fusion_dual_defense - client 0 norm scores: {0: array([0.91982485]), 1: array([0.95367843]), 2: array([0.90535187]), 3: array([1.]), 4: array([0.87158693]), 5: array([0.91266185]), 6: array([0.]), 7: array([0.86489047]), 8: array([0.8088194]), 9: array([0.06192179])}
2025-05-12 13:37:17,309 - DEBUG - util_fusion - fusion_dual_defense - client 0 similarity threshold: 0.7298735595505402
2025-05-12 13:37:17,309 - INFO - util_fusion - fusion_dual_defense - client 0 selected fusion benigns: [0, 1, 2, 3, 4, 5, 7, 8]
2025-05-12 13:37:17,317 - DEBUG - util_fusion - fusion_dual_defense - client 1 scores: {0: array([11066.9673376]), 1: array([11066.99806534]), 2: array([11066.95420097]), 3: array([11067.04010986]), 4: array([11066.92355367]), 5: array([11066.96083599]), 6: array([11066.13244381]), 7: array([11066.91747553]), 8: array([11066.86658172]), 9: array([11066.18864812])}
2025-05-12 13:37:17,318 - DEBUG - util_fusion - fusion_dual_defense - client 1 norm scores: {0: array([0.91982485]), 1: array([0.95367843]), 2: array([0.90535187]), 3: array([1.]), 4: array([0.87158693]), 5: array([0.91266185]), 6: array([0.]), 7: array([0.86489047]), 8: array([0.8088194]), 9: array([0.06192179])}
2025-05-12 13:37:17,318 - DEBUG - util_fusion - fusion_dual_defense - client 1 similarity threshold: 0.7298735595505402
2025-05-12 13:37:17,318 - INFO - util_fusion - fusion_dual_defense - client 1 selected fusion benigns: [0, 1, 2, 3, 4, 5, 7, 8]
2025-05-12 13:37:17,326 - DEBUG - util_fusion - fusion_dual_defense - client 2 scores: {0: array([11066.9673376]), 1: array([11066.99806534]), 2: array([11066.95420097]), 3: array([11067.04010986]), 4: array([11066.92355367]), 5: array([11066.96083599]), 6: array([11066.13244381]), 7: array([11066.91747553]), 8: array([11066.86658172]), 9: array([11066.18864812])}
2025-05-12 13:37:17,327 - DEBUG - util_fusion - fusion_dual_defense - client 2 norm scores: {0: array([0.91982485]), 1: array([0.95367843]), 2: array([0.90535187]), 3: array([1.]), 4: array([0.87158693]), 5: array([0.91266185]), 6: array([0.]), 7: array([0.86489047]), 8: array([0.8088194]), 9: array([0.06192179])}
2025-05-12 13:37:17,327 - DEBUG - util_fusion - fusion_dual_defense - client 2 similarity threshold: 0.7298735595505402
2025-05-12 13:37:17,327 - INFO - util_fusion - fusion_dual_defense - client 2 selected fusion benigns: [0, 1, 2, 3, 4, 5, 7, 8]
2025-05-12 13:37:17,335 - DEBUG - util_fusion - fusion_dual_defense - client 3 scores: {0: array([11066.9673376]), 1: array([11066.99806534]), 2: array([11066.95420097]), 3: array([11067.04010986]), 4: array([11066.92355367]), 5: array([11066.96083599]), 6: array([11066.13244381]), 7: array([11066.91747553]), 8: array([11066.86658172]), 9: array([11066.18864812])}
2025-05-12 13:37:17,336 - DEBUG - util_fusion - fusion_dual_defense - client 3 norm scores: {0: array([0.91982485]), 1: array([0.95367843]), 2: array([0.90535187]), 3: array([1.]), 4: array([0.87158693]), 5: array([0.91266185]), 6: array([0.]), 7: array([0.86489047]), 8: array([0.8088194]), 9: array([0.06192179])}
2025-05-12 13:37:17,336 - DEBUG - util_fusion - fusion_dual_defense - client 3 similarity threshold: 0.7298735595505402
2025-05-12 13:37:17,336 - INFO - util_fusion - fusion_dual_defense - client 3 selected fusion benigns: [0, 1, 2, 3, 4, 5, 7, 8]
2025-05-12 13:37:17,344 - DEBUG - util_fusion - fusion_dual_defense - client 4 scores: {0: array([11066.9673376]), 1: array([11066.99806534]), 2: array([11066.95420097]), 3: array([11067.04010986]), 4: array([11066.92355367]), 5: array([11066.96083599]), 6: array([11066.13244381]), 7: array([11066.91747553]), 8: array([11066.86658172]), 9: array([11066.18864812])}
2025-05-12 13:37:17,345 - DEBUG - util_fusion - fusion_dual_defense - client 4 norm scores: {0: array([0.91982485]), 1: array([0.95367843]), 2: array([0.90535187]), 3: array([1.]), 4: array([0.87158693]), 5: array([0.91266185]), 6: array([0.]), 7: array([0.86489047]), 8: array([0.8088194]), 9: array([0.06192179])}
2025-05-12 13:37:17,345 - DEBUG - util_fusion - fusion_dual_defense - client 4 similarity threshold: 0.7298735595505402
2025-05-12 13:37:17,345 - INFO - util_fusion - fusion_dual_defense - client 4 selected fusion benigns: [0, 1, 2, 3, 4, 5, 7, 8]
2025-05-12 13:37:17,353 - DEBUG - util_fusion - fusion_dual_defense - client 5 scores: {0: array([11066.9673376]), 1: array([11066.99806534]), 2: array([11066.95420097]), 3: array([11067.04010986]), 4: array([11066.92355367]), 5: array([11066.96083599]), 6: array([11066.13244381]), 7: array([11066.91747553]), 8: array([11066.86658172]), 9: array([11066.18864812])}
2025-05-12 13:37:17,354 - DEBUG - util_fusion - fusion_dual_defense - client 5 norm scores: {0: array([0.91982485]), 1: array([0.95367843]), 2: array([0.90535187]), 3: array([1.]), 4: array([0.87158693]), 5: array([0.91266185]), 6: array([0.]), 7: array([0.86489047]), 8: array([0.8088194]), 9: array([0.06192179])}
2025-05-12 13:37:17,354 - DEBUG - util_fusion - fusion_dual_defense - client 5 similarity threshold: 0.7298735595505402
2025-05-12 13:37:17,354 - INFO - util_fusion - fusion_dual_defense - client 5 selected fusion benigns: [0, 1, 2, 3, 4, 5, 7, 8]
2025-05-12 13:37:17,362 - DEBUG - util_fusion - fusion_dual_defense - client 6 scores: {0: array([11066.9673376]), 1: array([11066.99806534]), 2: array([11066.95420097]), 3: array([11067.04010986]), 4: array([11066.92355367]), 5: array([11066.96083599]), 6: array([11066.13244381]), 7: array([11066.91747553]), 8: array([11066.86658172]), 9: array([11066.18864812])}
2025-05-12 13:37:17,363 - DEBUG - util_fusion - fusion_dual_defense - client 6 norm scores: {0: array([0.91982485]), 1: array([0.95367843]), 2: array([0.90535187]), 3: array([1.]), 4: array([0.87158693]), 5: array([0.91266185]), 6: array([0.]), 7: array([0.86489047]), 8: array([0.8088194]), 9: array([0.06192179])}
2025-05-12 13:37:17,363 - DEBUG - util_fusion - fusion_dual_defense - client 6 similarity threshold: 0.7298735595505402
2025-05-12 13:37:17,363 - INFO - util_fusion - fusion_dual_defense - client 6 selected fusion benigns: [0, 1, 2, 3, 4, 5, 7, 8]
2025-05-12 13:37:17,371 - DEBUG - util_fusion - fusion_dual_defense - client 7 scores: {0: array([11066.9673376]), 1: array([11066.99806534]), 2: array([11066.95420097]), 3: array([11067.04010986]), 4: array([11066.92355367]), 5: array([11066.96083599]), 6: array([11066.13244381]), 7: array([11066.91747553]), 8: array([11066.86658172]), 9: array([11066.18864812])}
2025-05-12 13:37:17,372 - DEBUG - util_fusion - fusion_dual_defense - client 7 norm scores: {0: array([0.91982485]), 1: array([0.95367843]), 2: array([0.90535187]), 3: array([1.]), 4: array([0.87158693]), 5: array([0.91266185]), 6: array([0.]), 7: array([0.86489047]), 8: array([0.8088194]), 9: array([0.06192179])}
2025-05-12 13:37:17,372 - DEBUG - util_fusion - fusion_dual_defense - client 7 similarity threshold: 0.7298735595505402
2025-05-12 13:37:17,372 - INFO - util_fusion - fusion_dual_defense - client 7 selected fusion benigns: [0, 1, 2, 3, 4, 5, 7, 8]
2025-05-12 13:37:17,380 - DEBUG - util_fusion - fusion_dual_defense - client 8 scores: {0: array([11066.9673376]), 1: array([11066.99806534]), 2: array([11066.95420097]), 3: array([11067.04010986]), 4: array([11066.92355367]), 5: array([11066.96083599]), 6: array([11066.13244381]), 7: array([11066.91747553]), 8: array([11066.86658172]), 9: array([11066.18864812])}
2025-05-12 13:37:17,381 - DEBUG - util_fusion - fusion_dual_defense - client 8 norm scores: {0: array([0.91982485]), 1: array([0.95367843]), 2: array([0.90535187]), 3: array([1.]), 4: array([0.87158693]), 5: array([0.91266185]), 6: array([0.]), 7: array([0.86489047]), 8: array([0.8088194]), 9: array([0.06192179])}
2025-05-12 13:37:17,381 - DEBUG - util_fusion - fusion_dual_defense - client 8 similarity threshold: 0.7298735595505402
2025-05-12 13:37:17,381 - INFO - util_fusion - fusion_dual_defense - client 8 selected fusion benigns: [0, 1, 2, 3, 4, 5, 7, 8]
2025-05-12 13:37:17,389 - DEBUG - util_fusion - fusion_dual_defense - client 9 scores: {0: array([11066.9673376]), 1: array([11066.99806534]), 2: array([11066.95420097]), 3: array([11067.04010986]), 4: array([11066.92355367]), 5: array([11066.96083599]), 6: array([11066.13244381]), 7: array([11066.91747553]), 8: array([11066.86658172]), 9: array([11066.18864812])}
2025-05-12 13:37:17,390 - DEBUG - util_fusion - fusion_dual_defense - client 9 norm scores: {0: array([0.91982485]), 1: array([0.95367843]), 2: array([0.90535187]), 3: array([1.]), 4: array([0.87158693]), 5: array([0.91266185]), 6: array([0.]), 7: array([0.86489047]), 8: array([0.8088194]), 9: array([0.06192179])}
2025-05-12 13:37:17,390 - DEBUG - util_fusion - fusion_dual_defense - client 9 similarity threshold: 0.7298735595505402
2025-05-12 13:37:17,390 - INFO - util_fusion - fusion_dual_defense - client 9 selected fusion benigns: [0, 1, 2, 3, 4, 5, 7, 8]
2025-05-12 13:37:17,390 - DEBUG - util_fusion - fusion_dual_defense - final fusion benigns: (0, 1, 2, 3, 4, 5, 7, 8)
2025-05-12 13:37:19,244 - INFO - fl - start - global side -  test accuracy: 9.8
2025-05-12 13:37:19,244 - INFO - fl - start - global side iteration 24 -  test accuracy: 9.8
2025-05-12 13:37:19,245 - INFO - fl - start - start training round 25
2025-05-12 13:37:19,246 - INFO - fl - start - round 25 attackers: [5, 3]
2025-05-12 13:37:19,246 - INFO - fl - start - start client 0 training
2025-05-12 13:37:19,247 - INFO - fl - client_local_train - client 0 start local training ...
2025-05-12 13:37:24,209 - INFO - fl - start - end client 0 training
2025-05-12 13:37:24,210 - INFO - fl - start - client 0 evaluation metrics: {'train_loss': nan, 'test_acc': 9.8}
2025-05-12 13:37:24,210 - INFO - fl - start - start client 1 training
2025-05-12 13:37:24,210 - INFO - fl - client_local_train - client 1 start local training ...
2025-05-12 13:37:34,125 - INFO - fl - start - end client 1 training
2025-05-12 13:37:34,126 - INFO - fl - start - client 1 evaluation metrics: {'train_loss': nan, 'test_acc': 9.8}
2025-05-12 13:37:34,126 - INFO - fl - start - start client 2 training
2025-05-12 13:37:34,126 - INFO - fl - client_local_train - client 2 start local training ...
2025-05-12 13:37:38,175 - INFO - fl - start - end client 2 training
2025-05-12 13:37:38,175 - INFO - fl - start - client 2 evaluation metrics: {'train_loss': nan, 'test_acc': 9.8}
2025-05-12 13:37:38,175 - INFO - fl - start - start client 3 training
2025-05-12 13:37:38,175 - INFO - fl - client_local_train - client 3 start local training ...
2025-05-12 13:37:44,133 - INFO - fl - client_local_train - client 3 is attacker, start poisoning model
2025-05-12 13:37:49,977 - INFO - fl - start - end client 3 training
2025-05-12 13:37:49,977 - INFO - fl - start - client 3 evaluation metrics: {'train_loss': nan, 'test_acc': 9.8}
2025-05-12 13:37:49,977 - INFO - fl - start - start client 4 training
2025-05-12 13:37:49,977 - INFO - fl - client_local_train - client 4 start local training ...
2025-05-12 13:37:53,756 - INFO - fl - start - end client 4 training
2025-05-12 13:37:53,756 - INFO - fl - start - client 4 evaluation metrics: {'train_loss': nan, 'test_acc': 9.8}
2025-05-12 13:37:53,756 - INFO - fl - start - start client 5 training
2025-05-12 13:37:53,756 - INFO - fl - client_local_train - client 5 start local training ...
2025-05-12 13:37:55,764 - INFO - fl - client_local_train - client 5 is attacker, start poisoning model
2025-05-12 13:37:59,503 - INFO - fl - start - end client 5 training
2025-05-12 13:37:59,503 - INFO - fl - start - client 5 evaluation metrics: {'train_loss': nan, 'test_acc': 9.8}
2025-05-12 13:37:59,503 - INFO - fl - start - start client 6 training
2025-05-12 13:37:59,504 - INFO - fl - client_local_train - client 6 start local training ...
2025-05-12 13:38:03,970 - INFO - fl - start - end client 6 training
2025-05-12 13:38:03,970 - INFO - fl - start - client 6 evaluation metrics: {'train_loss': nan, 'test_acc': 9.8}
2025-05-12 13:38:03,970 - INFO - fl - start - start client 7 training
2025-05-12 13:38:03,970 - INFO - fl - client_local_train - client 7 start local training ...
2025-05-12 13:38:08,392 - INFO - fl - start - end client 7 training
2025-05-12 13:38:08,392 - INFO - fl - start - client 7 evaluation metrics: {'train_loss': nan, 'test_acc': 9.8}
2025-05-12 13:38:08,392 - INFO - fl - start - start client 8 training
2025-05-12 13:38:08,392 - INFO - fl - client_local_train - client 8 start local training ...
2025-05-12 13:38:12,922 - INFO - fl - start - end client 8 training
2025-05-12 13:38:12,922 - INFO - fl - start - client 8 evaluation metrics: {'train_loss': nan, 'test_acc': 9.8}
2025-05-12 13:38:12,922 - INFO - fl - start - start client 9 training
2025-05-12 13:38:12,922 - INFO - fl - client_local_train - client 9 start local training ...
2025-05-12 13:38:15,674 - INFO - fl - start - end client 9 training
2025-05-12 13:38:15,675 - INFO - fl - start - client 9 evaluation metrics: {'train_loss': nan, 'test_acc': 9.8}
2025-05-12 13:38:15,675 - INFO - fl - aggregate_model - start model aggregation...fusion method: dual_defense
2025-05-12 13:38:15,675 - INFO - fl - aggregate_model - start hyper-guard fusion with epsilon 0.01
2025-05-12 13:38:15,675 - INFO - fl - aggregate_model - round 25 attackers: [3, 5]
2025-05-12 13:38:26,589 - DEBUG - util_fusion - fusion_dual_defense - client 0 scores: {0: array([4.79354016e+12]), 1: array([4.79354016e+12]), 2: array([4.79354016e+12]), 3: array([4.79354016e+12]), 4: array([4.79354016e+12]), 5: array([4.79354016e+12]), 6: array([4.79354016e+12]), 7: array([4.79354016e+12]), 8: array([4.79354016e+12]), 9: array([4.79354016e+12])}
2025-05-12 13:38:26,590 - DEBUG - util_fusion - fusion_dual_defense - client 0 norm scores: {0: array([0.]), 1: array([0.33333333]), 2: array([0.33333333]), 3: array([0.33333333]), 4: array([0.]), 5: array([0.33333333]), 6: array([0.]), 7: array([1.]), 8: array([0.]), 9: array([0.])}
2025-05-12 13:38:26,590 - DEBUG - util_fusion - fusion_dual_defense - client 0 similarity threshold: 0.2333333333333333
2025-05-12 13:38:26,590 - INFO - util_fusion - fusion_dual_defense - client 0 selected fusion benigns: [1, 2, 3, 5, 7]
2025-05-12 13:38:26,599 - DEBUG - util_fusion - fusion_dual_defense - client 1 scores: {0: array([4.79354016e+12]), 1: array([4.79354016e+12]), 2: array([4.79354016e+12]), 3: array([4.79354016e+12]), 4: array([4.79354016e+12]), 5: array([4.79354016e+12]), 6: array([4.79354016e+12]), 7: array([4.79354016e+12]), 8: array([4.79354016e+12]), 9: array([4.79354016e+12])}
2025-05-12 13:38:26,599 - DEBUG - util_fusion - fusion_dual_defense - client 1 norm scores: {0: array([0.]), 1: array([0.33333333]), 2: array([0.33333333]), 3: array([0.33333333]), 4: array([0.]), 5: array([0.33333333]), 6: array([0.]), 7: array([1.]), 8: array([0.]), 9: array([0.])}
2025-05-12 13:38:26,599 - DEBUG - util_fusion - fusion_dual_defense - client 1 similarity threshold: 0.2333333333333333
2025-05-12 13:38:26,600 - INFO - util_fusion - fusion_dual_defense - client 1 selected fusion benigns: [1, 2, 3, 5, 7]
2025-05-12 13:38:26,608 - DEBUG - util_fusion - fusion_dual_defense - client 2 scores: {0: array([4.79354016e+12]), 1: array([4.79354016e+12]), 2: array([4.79354016e+12]), 3: array([4.79354016e+12]), 4: array([4.79354016e+12]), 5: array([4.79354016e+12]), 6: array([4.79354016e+12]), 7: array([4.79354016e+12]), 8: array([4.79354016e+12]), 9: array([4.79354016e+12])}
2025-05-12 13:38:26,609 - DEBUG - util_fusion - fusion_dual_defense - client 2 norm scores: {0: array([0.]), 1: array([0.33333333]), 2: array([0.33333333]), 3: array([0.33333333]), 4: array([0.]), 5: array([0.33333333]), 6: array([0.]), 7: array([1.]), 8: array([0.]), 9: array([0.])}
2025-05-12 13:38:26,609 - DEBUG - util_fusion - fusion_dual_defense - client 2 similarity threshold: 0.2333333333333333
2025-05-12 13:38:26,609 - INFO - util_fusion - fusion_dual_defense - client 2 selected fusion benigns: [1, 2, 3, 5, 7]
2025-05-12 13:38:26,617 - DEBUG - util_fusion - fusion_dual_defense - client 3 scores: {0: array([4.79354016e+12]), 1: array([4.79354016e+12]), 2: array([4.79354016e+12]), 3: array([4.79354016e+12]), 4: array([4.79354016e+12]), 5: array([4.79354016e+12]), 6: array([4.79354016e+12]), 7: array([4.79354016e+12]), 8: array([4.79354016e+12]), 9: array([4.79354016e+12])}
2025-05-12 13:38:26,618 - DEBUG - util_fusion - fusion_dual_defense - client 3 norm scores: {0: array([0.]), 1: array([0.33333333]), 2: array([0.33333333]), 3: array([0.33333333]), 4: array([0.]), 5: array([0.33333333]), 6: array([0.]), 7: array([1.]), 8: array([0.]), 9: array([0.])}
2025-05-12 13:38:26,618 - DEBUG - util_fusion - fusion_dual_defense - client 3 similarity threshold: 0.2333333333333333
2025-05-12 13:38:26,618 - INFO - util_fusion - fusion_dual_defense - client 3 selected fusion benigns: [1, 2, 3, 5, 7]
2025-05-12 13:38:26,626 - DEBUG - util_fusion - fusion_dual_defense - client 4 scores: {0: array([4.79354016e+12]), 1: array([4.79354016e+12]), 2: array([4.79354016e+12]), 3: array([4.79354016e+12]), 4: array([4.79354016e+12]), 5: array([4.79354016e+12]), 6: array([4.79354016e+12]), 7: array([4.79354016e+12]), 8: array([4.79354016e+12]), 9: array([4.79354016e+12])}
2025-05-12 13:38:26,627 - DEBUG - util_fusion - fusion_dual_defense - client 4 norm scores: {0: array([0.]), 1: array([0.33333333]), 2: array([0.33333333]), 3: array([0.33333333]), 4: array([0.]), 5: array([0.33333333]), 6: array([0.]), 7: array([1.]), 8: array([0.]), 9: array([0.])}
2025-05-12 13:38:26,627 - DEBUG - util_fusion - fusion_dual_defense - client 4 similarity threshold: 0.2333333333333333
2025-05-12 13:38:26,627 - INFO - util_fusion - fusion_dual_defense - client 4 selected fusion benigns: [1, 2, 3, 5, 7]
2025-05-12 13:38:26,636 - DEBUG - util_fusion - fusion_dual_defense - client 5 scores: {0: array([4.79354016e+12]), 1: array([4.79354016e+12]), 2: array([4.79354016e+12]), 3: array([4.79354016e+12]), 4: array([4.79354016e+12]), 5: array([4.79354016e+12]), 6: array([4.79354016e+12]), 7: array([4.79354016e+12]), 8: array([4.79354016e+12]), 9: array([4.79354016e+12])}
2025-05-12 13:38:26,636 - DEBUG - util_fusion - fusion_dual_defense - client 5 norm scores: {0: array([0.]), 1: array([0.33333333]), 2: array([0.33333333]), 3: array([0.33333333]), 4: array([0.]), 5: array([0.33333333]), 6: array([0.]), 7: array([1.]), 8: array([0.]), 9: array([0.])}
2025-05-12 13:38:26,636 - DEBUG - util_fusion - fusion_dual_defense - client 5 similarity threshold: 0.2333333333333333
2025-05-12 13:38:26,636 - INFO - util_fusion - fusion_dual_defense - client 5 selected fusion benigns: [1, 2, 3, 5, 7]
2025-05-12 13:38:26,645 - DEBUG - util_fusion - fusion_dual_defense - client 6 scores: {0: array([4.79354016e+12]), 1: array([4.79354016e+12]), 2: array([4.79354016e+12]), 3: array([4.79354016e+12]), 4: array([4.79354016e+12]), 5: array([4.79354016e+12]), 6: array([4.79354016e+12]), 7: array([4.79354016e+12]), 8: array([4.79354016e+12]), 9: array([4.79354016e+12])}
2025-05-12 13:38:26,645 - DEBUG - util_fusion - fusion_dual_defense - client 6 norm scores: {0: array([0.]), 1: array([0.33333333]), 2: array([0.33333333]), 3: array([0.33333333]), 4: array([0.]), 5: array([0.33333333]), 6: array([0.]), 7: array([1.]), 8: array([0.]), 9: array([0.])}
2025-05-12 13:38:26,645 - DEBUG - util_fusion - fusion_dual_defense - client 6 similarity threshold: 0.2333333333333333
2025-05-12 13:38:26,646 - INFO - util_fusion - fusion_dual_defense - client 6 selected fusion benigns: [1, 2, 3, 5, 7]
2025-05-12 13:38:26,654 - DEBUG - util_fusion - fusion_dual_defense - client 7 scores: {0: array([4.79354016e+12]), 1: array([4.79354016e+12]), 2: array([4.79354016e+12]), 3: array([4.79354016e+12]), 4: array([4.79354016e+12]), 5: array([4.79354016e+12]), 6: array([4.79354016e+12]), 7: array([4.79354016e+12]), 8: array([4.79354016e+12]), 9: array([4.79354016e+12])}
2025-05-12 13:38:26,655 - DEBUG - util_fusion - fusion_dual_defense - client 7 norm scores: {0: array([0.]), 1: array([0.33333333]), 2: array([0.33333333]), 3: array([0.33333333]), 4: array([0.]), 5: array([0.33333333]), 6: array([0.]), 7: array([1.]), 8: array([0.]), 9: array([0.])}
2025-05-12 13:38:26,655 - DEBUG - util_fusion - fusion_dual_defense - client 7 similarity threshold: 0.2333333333333333
2025-05-12 13:38:26,655 - INFO - util_fusion - fusion_dual_defense - client 7 selected fusion benigns: [1, 2, 3, 5, 7]
2025-05-12 13:38:26,663 - DEBUG - util_fusion - fusion_dual_defense - client 8 scores: {0: array([4.79354016e+12]), 1: array([4.79354016e+12]), 2: array([4.79354016e+12]), 3: array([4.79354016e+12]), 4: array([4.79354016e+12]), 5: array([4.79354016e+12]), 6: array([4.79354016e+12]), 7: array([4.79354016e+12]), 8: array([4.79354016e+12]), 9: array([4.79354016e+12])}
2025-05-12 13:38:26,664 - DEBUG - util_fusion - fusion_dual_defense - client 8 norm scores: {0: array([0.]), 1: array([0.33333333]), 2: array([0.33333333]), 3: array([0.33333333]), 4: array([0.]), 5: array([0.33333333]), 6: array([0.]), 7: array([1.]), 8: array([0.]), 9: array([0.])}
2025-05-12 13:38:26,664 - DEBUG - util_fusion - fusion_dual_defense - client 8 similarity threshold: 0.2333333333333333
2025-05-12 13:38:26,664 - INFO - util_fusion - fusion_dual_defense - client 8 selected fusion benigns: [1, 2, 3, 5, 7]
2025-05-12 13:38:26,673 - DEBUG - util_fusion - fusion_dual_defense - client 9 scores: {0: array([4.79354016e+12]), 1: array([4.79354016e+12]), 2: array([4.79354016e+12]), 3: array([4.79354016e+12]), 4: array([4.79354016e+12]), 5: array([4.79354016e+12]), 6: array([4.79354016e+12]), 7: array([4.79354016e+12]), 8: array([4.79354016e+12]), 9: array([4.79354016e+12])}
2025-05-12 13:38:26,673 - DEBUG - util_fusion - fusion_dual_defense - client 9 norm scores: {0: array([0.]), 1: array([0.33333333]), 2: array([0.33333333]), 3: array([0.33333333]), 4: array([0.]), 5: array([0.33333333]), 6: array([0.]), 7: array([1.]), 8: array([0.]), 9: array([0.])}
2025-05-12 13:38:26,673 - DEBUG - util_fusion - fusion_dual_defense - client 9 similarity threshold: 0.2333333333333333
2025-05-12 13:38:26,673 - INFO - util_fusion - fusion_dual_defense - client 9 selected fusion benigns: [1, 2, 3, 5, 7]
2025-05-12 13:38:26,673 - DEBUG - util_fusion - fusion_dual_defense - final fusion benigns: (1, 2, 3, 5, 7)
2025-05-12 13:38:28,364 - INFO - fl - start - global side -  test accuracy: 9.8
2025-05-12 13:38:28,364 - INFO - fl - start - global side iteration 25 -  test accuracy: 9.8
2025-05-12 13:38:28,365 - INFO - fl - start - start training round 26
2025-05-12 13:38:28,367 - INFO - fl - start - round 26 attackers: [5, 2]
2025-05-12 13:38:28,367 - INFO - fl - start - start client 0 training
2025-05-12 13:38:28,367 - INFO - fl - client_local_train - client 0 start local training ...
2025-05-12 13:38:33,329 - INFO - fl - start - end client 0 training
2025-05-12 13:38:33,329 - INFO - fl - start - client 0 evaluation metrics: {'train_loss': nan, 'test_acc': 9.8}
2025-05-12 13:38:33,329 - INFO - fl - start - start client 1 training
2025-05-12 13:38:33,329 - INFO - fl - client_local_train - client 1 start local training ...
2025-05-12 13:38:43,259 - INFO - fl - start - end client 1 training
2025-05-12 13:38:43,260 - INFO - fl - start - client 1 evaluation metrics: {'train_loss': nan, 'test_acc': 9.8}
2025-05-12 13:38:43,260 - INFO - fl - start - start client 2 training
2025-05-12 13:38:43,260 - INFO - fl - client_local_train - client 2 start local training ...
2025-05-12 13:38:45,395 - INFO - fl - client_local_train - client 2 is attacker, start poisoning model
2025-05-12 13:38:49,198 - INFO - fl - start - end client 2 training
2025-05-12 13:38:49,198 - INFO - fl - start - client 2 evaluation metrics: {'train_loss': nan, 'test_acc': 9.8}
2025-05-12 13:38:49,198 - INFO - fl - start - start client 3 training
2025-05-12 13:38:49,198 - INFO - fl - client_local_train - client 3 start local training ...
2025-05-12 13:38:58,075 - INFO - fl - start - end client 3 training
2025-05-12 13:38:58,075 - INFO - fl - start - client 3 evaluation metrics: {'train_loss': nan, 'test_acc': 9.8}
2025-05-12 13:38:58,075 - INFO - fl - start - start client 4 training
2025-05-12 13:38:58,075 - INFO - fl - client_local_train - client 4 start local training ...
2025-05-12 13:39:01,840 - INFO - fl - start - end client 4 training
2025-05-12 13:39:01,840 - INFO - fl - start - client 4 evaluation metrics: {'train_loss': nan, 'test_acc': 9.8}
2025-05-12 13:39:01,840 - INFO - fl - start - start client 5 training
2025-05-12 13:39:01,841 - INFO - fl - client_local_train - client 5 start local training ...
2025-05-12 13:39:03,859 - INFO - fl - client_local_train - client 5 is attacker, start poisoning model
2025-05-12 13:39:07,596 - INFO - fl - start - end client 5 training
2025-05-12 13:39:07,596 - INFO - fl - start - client 5 evaluation metrics: {'train_loss': 6.327711642734588, 'test_acc': 10.09}
2025-05-12 13:39:07,596 - INFO - fl - start - start client 6 training
2025-05-12 13:39:07,596 - INFO - fl - client_local_train - client 6 start local training ...
2025-05-12 13:39:12,062 - INFO - fl - start - end client 6 training
2025-05-12 13:39:12,062 - INFO - fl - start - client 6 evaluation metrics: {'train_loss': 1.0800548768662788, 'test_acc': 9.82}
2025-05-12 13:39:12,062 - INFO - fl - start - start client 7 training
2025-05-12 13:39:12,062 - INFO - fl - client_local_train - client 7 start local training ...
2025-05-12 13:39:16,490 - INFO - fl - start - end client 7 training
2025-05-12 13:39:16,490 - INFO - fl - start - client 7 evaluation metrics: {'train_loss': 1.3422082693953263, 'test_acc': 9.8}
2025-05-12 13:39:16,490 - INFO - fl - start - start client 8 training
2025-05-12 13:39:16,490 - INFO - fl - client_local_train - client 8 start local training ...
2025-05-12 13:39:21,041 - INFO - fl - start - end client 8 training
2025-05-12 13:39:21,041 - INFO - fl - start - client 8 evaluation metrics: {'train_loss': nan, 'test_acc': 9.8}
2025-05-12 13:39:21,041 - INFO - fl - start - start client 9 training
2025-05-12 13:39:21,041 - INFO - fl - client_local_train - client 9 start local training ...
2025-05-12 13:39:23,788 - INFO - fl - start - end client 9 training
2025-05-12 13:39:23,788 - INFO - fl - start - client 9 evaluation metrics: {'train_loss': nan, 'test_acc': 9.8}
2025-05-12 13:39:23,788 - INFO - fl - aggregate_model - start model aggregation...fusion method: dual_defense
2025-05-12 13:39:23,788 - INFO - fl - aggregate_model - start hyper-guard fusion with epsilon 0.01
2025-05-12 13:39:23,788 - INFO - fl - aggregate_model - round 26 attackers: [2, 5]
2025-05-12 13:39:34,769 - DEBUG - util_fusion - fusion_dual_defense - client 0 scores: {0: array([1.65877752e+12]), 1: array([1.65877752e+12]), 2: array([1.65877752e+12]), 3: array([1.65877752e+12]), 4: array([1.65877752e+12]), 5: array([1.42098815e-07]), 6: array([4.09305504e-06]), 7: array([6.46764817e-06]), 8: array([1.65877752e+12]), 9: array([1.65877752e+12])}
2025-05-12 13:39:34,770 - DEBUG - util_fusion - fusion_dual_defense - client 0 norm scores: {0: array([1.]), 1: array([1.]), 2: array([1.]), 3: array([1.]), 4: array([1.]), 5: array([0.]), 6: array([2.38184819e-18]), 7: array([3.81338021e-18]), 8: array([1.]), 9: array([1.])}
2025-05-12 13:39:34,770 - DEBUG - util_fusion - fusion_dual_defense - client 0 similarity threshold: 0.7
2025-05-12 13:39:34,770 - INFO - util_fusion - fusion_dual_defense - client 0 selected fusion benigns: [0, 1, 2, 3, 4, 8, 9]
2025-05-12 13:39:34,779 - DEBUG - util_fusion - fusion_dual_defense - client 1 scores: {0: array([1.65877752e+12]), 1: array([1.65877752e+12]), 2: array([1.65877752e+12]), 3: array([1.65877752e+12]), 4: array([1.65877752e+12]), 5: array([1.42098815e-07]), 6: array([4.09305504e-06]), 7: array([6.46764817e-06]), 8: array([1.65877752e+12]), 9: array([1.65877752e+12])}
2025-05-12 13:39:34,779 - DEBUG - util_fusion - fusion_dual_defense - client 1 norm scores: {0: array([1.]), 1: array([1.]), 2: array([1.]), 3: array([1.]), 4: array([1.]), 5: array([0.]), 6: array([2.38184819e-18]), 7: array([3.81338021e-18]), 8: array([1.]), 9: array([1.])}
2025-05-12 13:39:34,779 - DEBUG - util_fusion - fusion_dual_defense - client 1 similarity threshold: 0.7
2025-05-12 13:39:34,779 - INFO - util_fusion - fusion_dual_defense - client 1 selected fusion benigns: [0, 1, 2, 3, 4, 8, 9]
2025-05-12 13:39:34,788 - DEBUG - util_fusion - fusion_dual_defense - client 2 scores: {0: array([1.65877752e+12]), 1: array([1.65877752e+12]), 2: array([1.65877752e+12]), 3: array([1.65877752e+12]), 4: array([1.65877752e+12]), 5: array([1.42098815e-07]), 6: array([4.09305504e-06]), 7: array([6.46764817e-06]), 8: array([1.65877752e+12]), 9: array([1.65877752e+12])}
2025-05-12 13:39:34,789 - DEBUG - util_fusion - fusion_dual_defense - client 2 norm scores: {0: array([1.]), 1: array([1.]), 2: array([1.]), 3: array([1.]), 4: array([1.]), 5: array([0.]), 6: array([2.38184819e-18]), 7: array([3.81338021e-18]), 8: array([1.]), 9: array([1.])}
2025-05-12 13:39:34,789 - DEBUG - util_fusion - fusion_dual_defense - client 2 similarity threshold: 0.7
2025-05-12 13:39:34,789 - INFO - util_fusion - fusion_dual_defense - client 2 selected fusion benigns: [0, 1, 2, 3, 4, 8, 9]
2025-05-12 13:39:34,797 - DEBUG - util_fusion - fusion_dual_defense - client 3 scores: {0: array([1.65877752e+12]), 1: array([1.65877752e+12]), 2: array([1.65877752e+12]), 3: array([1.65877752e+12]), 4: array([1.65877752e+12]), 5: array([1.42098815e-07]), 6: array([4.09305504e-06]), 7: array([6.46764817e-06]), 8: array([1.65877752e+12]), 9: array([1.65877752e+12])}
2025-05-12 13:39:34,798 - DEBUG - util_fusion - fusion_dual_defense - client 3 norm scores: {0: array([1.]), 1: array([1.]), 2: array([1.]), 3: array([1.]), 4: array([1.]), 5: array([0.]), 6: array([2.38184819e-18]), 7: array([3.81338021e-18]), 8: array([1.]), 9: array([1.])}
2025-05-12 13:39:34,798 - DEBUG - util_fusion - fusion_dual_defense - client 3 similarity threshold: 0.7
2025-05-12 13:39:34,798 - INFO - util_fusion - fusion_dual_defense - client 3 selected fusion benigns: [0, 1, 2, 3, 4, 8, 9]
2025-05-12 13:39:34,806 - DEBUG - util_fusion - fusion_dual_defense - client 4 scores: {0: array([1.65877752e+12]), 1: array([1.65877752e+12]), 2: array([1.65877752e+12]), 3: array([1.65877752e+12]), 4: array([1.65877752e+12]), 5: array([1.42098815e-07]), 6: array([4.09305504e-06]), 7: array([6.46764817e-06]), 8: array([1.65877752e+12]), 9: array([1.65877752e+12])}
2025-05-12 13:39:34,807 - DEBUG - util_fusion - fusion_dual_defense - client 4 norm scores: {0: array([1.]), 1: array([1.]), 2: array([1.]), 3: array([1.]), 4: array([1.]), 5: array([0.]), 6: array([2.38184819e-18]), 7: array([3.81338021e-18]), 8: array([1.]), 9: array([1.])}
2025-05-12 13:39:34,807 - DEBUG - util_fusion - fusion_dual_defense - client 4 similarity threshold: 0.7
2025-05-12 13:39:34,807 - INFO - util_fusion - fusion_dual_defense - client 4 selected fusion benigns: [0, 1, 2, 3, 4, 8, 9]
2025-05-12 13:39:34,816 - DEBUG - util_fusion - fusion_dual_defense - client 5 scores: {0: array([1.65877752e+12]), 1: array([1.65877752e+12]), 2: array([1.65877752e+12]), 3: array([1.65877752e+12]), 4: array([1.65877752e+12]), 5: array([1.42098815e-07]), 6: array([4.09305504e-06]), 7: array([6.46764817e-06]), 8: array([1.65877752e+12]), 9: array([1.65877752e+12])}
2025-05-12 13:39:34,816 - DEBUG - util_fusion - fusion_dual_defense - client 5 norm scores: {0: array([1.]), 1: array([1.]), 2: array([1.]), 3: array([1.]), 4: array([1.]), 5: array([0.]), 6: array([2.38184819e-18]), 7: array([3.81338021e-18]), 8: array([1.]), 9: array([1.])}
2025-05-12 13:39:34,816 - DEBUG - util_fusion - fusion_dual_defense - client 5 similarity threshold: 0.7
2025-05-12 13:39:34,816 - INFO - util_fusion - fusion_dual_defense - client 5 selected fusion benigns: [0, 1, 2, 3, 4, 8, 9]
2025-05-12 13:39:34,825 - DEBUG - util_fusion - fusion_dual_defense - client 6 scores: {0: array([1.65877752e+12]), 1: array([1.65877752e+12]), 2: array([1.65877752e+12]), 3: array([1.65877752e+12]), 4: array([1.65877752e+12]), 5: array([1.42098815e-07]), 6: array([4.09305504e-06]), 7: array([6.46764817e-06]), 8: array([1.65877752e+12]), 9: array([1.65877752e+12])}
2025-05-12 13:39:34,826 - DEBUG - util_fusion - fusion_dual_defense - client 6 norm scores: {0: array([1.]), 1: array([1.]), 2: array([1.]), 3: array([1.]), 4: array([1.]), 5: array([0.]), 6: array([2.38184819e-18]), 7: array([3.81338021e-18]), 8: array([1.]), 9: array([1.])}
2025-05-12 13:39:34,826 - DEBUG - util_fusion - fusion_dual_defense - client 6 similarity threshold: 0.7
2025-05-12 13:39:34,826 - INFO - util_fusion - fusion_dual_defense - client 6 selected fusion benigns: [0, 1, 2, 3, 4, 8, 9]
2025-05-12 13:39:34,834 - DEBUG - util_fusion - fusion_dual_defense - client 7 scores: {0: array([1.65877752e+12]), 1: array([1.65877752e+12]), 2: array([1.65877752e+12]), 3: array([1.65877752e+12]), 4: array([1.65877752e+12]), 5: array([1.42098815e-07]), 6: array([4.09305504e-06]), 7: array([6.46764817e-06]), 8: array([1.65877752e+12]), 9: array([1.65877752e+12])}
2025-05-12 13:39:34,835 - DEBUG - util_fusion - fusion_dual_defense - client 7 norm scores: {0: array([1.]), 1: array([1.]), 2: array([1.]), 3: array([1.]), 4: array([1.]), 5: array([0.]), 6: array([2.38184819e-18]), 7: array([3.81338021e-18]), 8: array([1.]), 9: array([1.])}
2025-05-12 13:39:34,835 - DEBUG - util_fusion - fusion_dual_defense - client 7 similarity threshold: 0.7
2025-05-12 13:39:34,835 - INFO - util_fusion - fusion_dual_defense - client 7 selected fusion benigns: [0, 1, 2, 3, 4, 8, 9]
2025-05-12 13:39:34,844 - DEBUG - util_fusion - fusion_dual_defense - client 8 scores: {0: array([1.65877752e+12]), 1: array([1.65877752e+12]), 2: array([1.65877752e+12]), 3: array([1.65877752e+12]), 4: array([1.65877752e+12]), 5: array([1.42098815e-07]), 6: array([4.09305504e-06]), 7: array([6.46764817e-06]), 8: array([1.65877752e+12]), 9: array([1.65877752e+12])}
2025-05-12 13:39:34,844 - DEBUG - util_fusion - fusion_dual_defense - client 8 norm scores: {0: array([1.]), 1: array([1.]), 2: array([1.]), 3: array([1.]), 4: array([1.]), 5: array([0.]), 6: array([2.38184819e-18]), 7: array([3.81338021e-18]), 8: array([1.]), 9: array([1.])}
2025-05-12 13:39:34,844 - DEBUG - util_fusion - fusion_dual_defense - client 8 similarity threshold: 0.7
2025-05-12 13:39:34,844 - INFO - util_fusion - fusion_dual_defense - client 8 selected fusion benigns: [0, 1, 2, 3, 4, 8, 9]
2025-05-12 13:39:34,853 - DEBUG - util_fusion - fusion_dual_defense - client 9 scores: {0: array([1.65877752e+12]), 1: array([1.65877752e+12]), 2: array([1.65877752e+12]), 3: array([1.65877752e+12]), 4: array([1.65877752e+12]), 5: array([1.42098815e-07]), 6: array([4.09305504e-06]), 7: array([6.46764817e-06]), 8: array([1.65877752e+12]), 9: array([1.65877752e+12])}
2025-05-12 13:39:34,853 - DEBUG - util_fusion - fusion_dual_defense - client 9 norm scores: {0: array([1.]), 1: array([1.]), 2: array([1.]), 3: array([1.]), 4: array([1.]), 5: array([0.]), 6: array([2.38184819e-18]), 7: array([3.81338021e-18]), 8: array([1.]), 9: array([1.])}
2025-05-12 13:39:34,854 - DEBUG - util_fusion - fusion_dual_defense - client 9 similarity threshold: 0.7
2025-05-12 13:39:34,854 - INFO - util_fusion - fusion_dual_defense - client 9 selected fusion benigns: [0, 1, 2, 3, 4, 8, 9]
2025-05-12 13:39:34,854 - DEBUG - util_fusion - fusion_dual_defense - final fusion benigns: (0, 1, 2, 3, 4, 8, 9)
2025-05-12 13:39:36,658 - INFO - fl - start - global side -  test accuracy: 9.8
2025-05-12 13:39:36,658 - INFO - fl - start - global side iteration 26 -  test accuracy: 9.8
2025-05-12 13:39:36,659 - INFO - fl - start - start training round 27
2025-05-12 13:39:36,660 - INFO - fl - start - round 27 attackers: [4, 9]
2025-05-12 13:39:36,660 - INFO - fl - start - start client 0 training
2025-05-12 13:39:36,660 - INFO - fl - client_local_train - client 0 start local training ...
2025-05-12 13:39:41,622 - INFO - fl - start - end client 0 training
2025-05-12 13:39:41,622 - INFO - fl - start - client 0 evaluation metrics: {'train_loss': 24595179538961.258, 'test_acc': 9.58}
2025-05-12 13:39:41,622 - INFO - fl - start - start client 1 training
2025-05-12 13:39:41,623 - INFO - fl - client_local_train - client 1 start local training ...
2025-05-12 13:39:51,539 - INFO - fl - start - end client 1 training
2025-05-12 13:39:51,539 - INFO - fl - start - client 1 evaluation metrics: {'train_loss': 31804934244332.496, 'test_acc': 10.28}
2025-05-12 13:39:51,539 - INFO - fl - start - start client 2 training
2025-05-12 13:39:51,539 - INFO - fl - client_local_train - client 2 start local training ...
2025-05-12 13:39:55,585 - INFO - fl - start - end client 2 training
2025-05-12 13:39:55,585 - INFO - fl - start - client 2 evaluation metrics: {'train_loss': 14665507683618.389, 'test_acc': 10.1}
2025-05-12 13:39:55,585 - INFO - fl - start - start client 3 training
2025-05-12 13:39:55,585 - INFO - fl - client_local_train - client 3 start local training ...
2025-05-12 13:40:04,465 - INFO - fl - start - end client 3 training
2025-05-12 13:40:04,465 - INFO - fl - start - client 3 evaluation metrics: {'train_loss': 19415015202594.594, 'test_acc': 11.35}
2025-05-12 13:40:04,465 - INFO - fl - start - start client 4 training
2025-05-12 13:40:04,466 - INFO - fl - client_local_train - client 4 start local training ...
2025-05-12 13:40:06,388 - INFO - fl - client_local_train - client 4 is attacker, start poisoning model
2025-05-12 13:40:10,077 - INFO - fl - start - end client 4 training
2025-05-12 13:40:10,077 - INFO - fl - start - client 4 evaluation metrics: {'train_loss': 1234770062143215.0, 'test_acc': 10.09}
2025-05-12 13:40:10,077 - INFO - fl - start - start client 5 training
2025-05-12 13:40:10,077 - INFO - fl - client_local_train - client 5 start local training ...
2025-05-12 13:40:13,960 - INFO - fl - start - end client 5 training
2025-05-12 13:40:13,960 - INFO - fl - start - client 5 evaluation metrics: {'train_loss': 9070235211613.46, 'test_acc': 10.09}
2025-05-12 13:40:13,960 - INFO - fl - start - start client 6 training
2025-05-12 13:40:13,960 - INFO - fl - client_local_train - client 6 start local training ...
2025-05-12 13:40:18,461 - INFO - fl - start - end client 6 training
2025-05-12 13:40:18,461 - INFO - fl - start - client 6 evaluation metrics: {'train_loss': 29907675839660.883, 'test_acc': 9.82}
2025-05-12 13:40:18,461 - INFO - fl - start - start client 7 training
2025-05-12 13:40:18,461 - INFO - fl - client_local_train - client 7 start local training ...
2025-05-12 13:40:22,897 - INFO - fl - start - end client 7 training
2025-05-12 13:40:22,897 - INFO - fl - start - client 7 evaluation metrics: {'train_loss': 11766044012328.422, 'test_acc': 9.8}
2025-05-12 13:40:22,897 - INFO - fl - start - start client 8 training
2025-05-12 13:40:22,897 - INFO - fl - client_local_train - client 8 start local training ...
2025-05-12 13:40:27,447 - INFO - fl - start - end client 8 training
2025-05-12 13:40:27,448 - INFO - fl - start - client 8 evaluation metrics: {'train_loss': 19469063591184.203, 'test_acc': 10.28}
2025-05-12 13:40:27,448 - INFO - fl - start - start client 9 training
2025-05-12 13:40:27,448 - INFO - fl - client_local_train - client 9 start local training ...
2025-05-12 13:40:28,578 - INFO - fl - client_local_train - client 9 is attacker, start poisoning model
2025-05-12 13:40:31,851 - INFO - fl - start - end client 9 training
2025-05-12 13:40:31,851 - INFO - fl - start - client 9 evaluation metrics: {'train_loss': 1262881787594108.2, 'test_acc': 10.1}
2025-05-12 13:40:31,851 - INFO - fl - aggregate_model - start model aggregation...fusion method: dual_defense
2025-05-12 13:40:31,851 - INFO - fl - aggregate_model - start hyper-guard fusion with epsilon 0.01
2025-05-12 13:40:31,851 - INFO - fl - aggregate_model - round 27 attackers: [9, 4]
2025-05-12 13:40:42,936 - DEBUG - util_fusion - fusion_dual_defense - client 0 scores: {0: array([10451.89481651]), 1: array([10452.08414178]), 2: array([10452.12558205]), 3: array([10452.30018342]), 4: array([10451.95596379]), 5: array([10451.92623499]), 6: array([10452.12229094]), 7: array([10452.31277283]), 8: array([10451.58582101]), 9: array([10452.06292242])}
2025-05-12 13:40:42,937 - DEBUG - util_fusion - fusion_dual_defense - client 0 norm scores: {0: array([0.42505636]), 1: array([0.68549353]), 2: array([0.74249906]), 3: array([0.98268192]), 4: array([0.50917099]), 5: array([0.46827585]), 6: array([0.73797178]), 7: array([1.]), 8: array([0.]), 9: array([0.65630404])}
2025-05-12 13:40:42,937 - DEBUG - util_fusion - fusion_dual_defense - client 0 similarity threshold: 0.6207453523598365
2025-05-12 13:40:42,937 - INFO - util_fusion - fusion_dual_defense - client 0 selected fusion benigns: [1, 2, 3, 6, 7, 9]
2025-05-12 13:40:42,945 - DEBUG - util_fusion - fusion_dual_defense - client 1 scores: {0: array([10451.89481651]), 1: array([10452.08414178]), 2: array([10452.12558205]), 3: array([10452.30018342]), 4: array([10451.95596379]), 5: array([10451.92623499]), 6: array([10452.12229094]), 7: array([10452.31277283]), 8: array([10451.58582101]), 9: array([10452.06292242])}
2025-05-12 13:40:42,946 - DEBUG - util_fusion - fusion_dual_defense - client 1 norm scores: {0: array([0.42505636]), 1: array([0.68549353]), 2: array([0.74249906]), 3: array([0.98268192]), 4: array([0.50917099]), 5: array([0.46827585]), 6: array([0.73797178]), 7: array([1.]), 8: array([0.]), 9: array([0.65630404])}
2025-05-12 13:40:42,946 - DEBUG - util_fusion - fusion_dual_defense - client 1 similarity threshold: 0.6207453523598365
2025-05-12 13:40:42,946 - INFO - util_fusion - fusion_dual_defense - client 1 selected fusion benigns: [1, 2, 3, 6, 7, 9]
2025-05-12 13:40:42,954 - DEBUG - util_fusion - fusion_dual_defense - client 2 scores: {0: array([10451.89481651]), 1: array([10452.08414178]), 2: array([10452.12558205]), 3: array([10452.30018342]), 4: array([10451.95596379]), 5: array([10451.92623499]), 6: array([10452.12229094]), 7: array([10452.31277283]), 8: array([10451.58582101]), 9: array([10452.06292242])}
2025-05-12 13:40:42,955 - DEBUG - util_fusion - fusion_dual_defense - client 2 norm scores: {0: array([0.42505636]), 1: array([0.68549353]), 2: array([0.74249906]), 3: array([0.98268192]), 4: array([0.50917099]), 5: array([0.46827585]), 6: array([0.73797178]), 7: array([1.]), 8: array([0.]), 9: array([0.65630404])}
2025-05-12 13:40:42,955 - DEBUG - util_fusion - fusion_dual_defense - client 2 similarity threshold: 0.6207453523598365
2025-05-12 13:40:42,955 - INFO - util_fusion - fusion_dual_defense - client 2 selected fusion benigns: [1, 2, 3, 6, 7, 9]
2025-05-12 13:40:42,963 - DEBUG - util_fusion - fusion_dual_defense - client 3 scores: {0: array([10451.89481651]), 1: array([10452.08414178]), 2: array([10452.12558205]), 3: array([10452.30018342]), 4: array([10451.95596379]), 5: array([10451.92623499]), 6: array([10452.12229094]), 7: array([10452.31277283]), 8: array([10451.58582101]), 9: array([10452.06292242])}
2025-05-12 13:40:42,964 - DEBUG - util_fusion - fusion_dual_defense - client 3 norm scores: {0: array([0.42505636]), 1: array([0.68549353]), 2: array([0.74249906]), 3: array([0.98268192]), 4: array([0.50917099]), 5: array([0.46827585]), 6: array([0.73797178]), 7: array([1.]), 8: array([0.]), 9: array([0.65630404])}
2025-05-12 13:40:42,964 - DEBUG - util_fusion - fusion_dual_defense - client 3 similarity threshold: 0.6207453523598365
2025-05-12 13:40:42,964 - INFO - util_fusion - fusion_dual_defense - client 3 selected fusion benigns: [1, 2, 3, 6, 7, 9]
2025-05-12 13:40:42,972 - DEBUG - util_fusion - fusion_dual_defense - client 4 scores: {0: array([10451.89481651]), 1: array([10452.08414178]), 2: array([10452.12558205]), 3: array([10452.30018342]), 4: array([10451.95596379]), 5: array([10451.92623499]), 6: array([10452.12229094]), 7: array([10452.31277283]), 8: array([10451.58582101]), 9: array([10452.06292242])}
2025-05-12 13:40:42,973 - DEBUG - util_fusion - fusion_dual_defense - client 4 norm scores: {0: array([0.42505636]), 1: array([0.68549353]), 2: array([0.74249906]), 3: array([0.98268192]), 4: array([0.50917099]), 5: array([0.46827585]), 6: array([0.73797178]), 7: array([1.]), 8: array([0.]), 9: array([0.65630404])}
2025-05-12 13:40:42,973 - DEBUG - util_fusion - fusion_dual_defense - client 4 similarity threshold: 0.6207453523598365
2025-05-12 13:40:42,973 - INFO - util_fusion - fusion_dual_defense - client 4 selected fusion benigns: [1, 2, 3, 6, 7, 9]
2025-05-12 13:40:42,981 - DEBUG - util_fusion - fusion_dual_defense - client 5 scores: {0: array([10451.89481651]), 1: array([10452.08414178]), 2: array([10452.12558205]), 3: array([10452.30018342]), 4: array([10451.95596379]), 5: array([10451.92623499]), 6: array([10452.12229094]), 7: array([10452.31277283]), 8: array([10451.58582101]), 9: array([10452.06292242])}
2025-05-12 13:40:42,982 - DEBUG - util_fusion - fusion_dual_defense - client 5 norm scores: {0: array([0.42505636]), 1: array([0.68549353]), 2: array([0.74249906]), 3: array([0.98268192]), 4: array([0.50917099]), 5: array([0.46827585]), 6: array([0.73797178]), 7: array([1.]), 8: array([0.]), 9: array([0.65630404])}
2025-05-12 13:40:42,982 - DEBUG - util_fusion - fusion_dual_defense - client 5 similarity threshold: 0.6207453523598365
2025-05-12 13:40:42,982 - INFO - util_fusion - fusion_dual_defense - client 5 selected fusion benigns: [1, 2, 3, 6, 7, 9]
2025-05-12 13:40:42,990 - DEBUG - util_fusion - fusion_dual_defense - client 6 scores: {0: array([10451.89481651]), 1: array([10452.08414178]), 2: array([10452.12558205]), 3: array([10452.30018342]), 4: array([10451.95596379]), 5: array([10451.92623499]), 6: array([10452.12229094]), 7: array([10452.31277283]), 8: array([10451.58582101]), 9: array([10452.06292242])}
2025-05-12 13:40:42,991 - DEBUG - util_fusion - fusion_dual_defense - client 6 norm scores: {0: array([0.42505636]), 1: array([0.68549353]), 2: array([0.74249906]), 3: array([0.98268192]), 4: array([0.50917099]), 5: array([0.46827585]), 6: array([0.73797178]), 7: array([1.]), 8: array([0.]), 9: array([0.65630404])}
2025-05-12 13:40:42,991 - DEBUG - util_fusion - fusion_dual_defense - client 6 similarity threshold: 0.6207453523598365
2025-05-12 13:40:42,991 - INFO - util_fusion - fusion_dual_defense - client 6 selected fusion benigns: [1, 2, 3, 6, 7, 9]
2025-05-12 13:40:42,999 - DEBUG - util_fusion - fusion_dual_defense - client 7 scores: {0: array([10451.89481651]), 1: array([10452.08414178]), 2: array([10452.12558205]), 3: array([10452.30018342]), 4: array([10451.95596379]), 5: array([10451.92623499]), 6: array([10452.12229094]), 7: array([10452.31277283]), 8: array([10451.58582101]), 9: array([10452.06292242])}
2025-05-12 13:40:43,000 - DEBUG - util_fusion - fusion_dual_defense - client 7 norm scores: {0: array([0.42505636]), 1: array([0.68549353]), 2: array([0.74249906]), 3: array([0.98268192]), 4: array([0.50917099]), 5: array([0.46827585]), 6: array([0.73797178]), 7: array([1.]), 8: array([0.]), 9: array([0.65630404])}
2025-05-12 13:40:43,000 - DEBUG - util_fusion - fusion_dual_defense - client 7 similarity threshold: 0.6207453523598365
2025-05-12 13:40:43,000 - INFO - util_fusion - fusion_dual_defense - client 7 selected fusion benigns: [1, 2, 3, 6, 7, 9]
2025-05-12 13:40:43,008 - DEBUG - util_fusion - fusion_dual_defense - client 8 scores: {0: array([10451.89481651]), 1: array([10452.08414178]), 2: array([10452.12558205]), 3: array([10452.30018342]), 4: array([10451.95596379]), 5: array([10451.92623499]), 6: array([10452.12229094]), 7: array([10452.31277283]), 8: array([10451.58582101]), 9: array([10452.06292242])}
2025-05-12 13:40:43,009 - DEBUG - util_fusion - fusion_dual_defense - client 8 norm scores: {0: array([0.42505636]), 1: array([0.68549353]), 2: array([0.74249906]), 3: array([0.98268192]), 4: array([0.50917099]), 5: array([0.46827585]), 6: array([0.73797178]), 7: array([1.]), 8: array([0.]), 9: array([0.65630404])}
2025-05-12 13:40:43,009 - DEBUG - util_fusion - fusion_dual_defense - client 8 similarity threshold: 0.6207453523598365
2025-05-12 13:40:43,009 - INFO - util_fusion - fusion_dual_defense - client 8 selected fusion benigns: [1, 2, 3, 6, 7, 9]
2025-05-12 13:40:43,017 - DEBUG - util_fusion - fusion_dual_defense - client 9 scores: {0: array([10451.89481651]), 1: array([10452.08414178]), 2: array([10452.12558205]), 3: array([10452.30018342]), 4: array([10451.95596379]), 5: array([10451.92623499]), 6: array([10452.12229094]), 7: array([10452.31277283]), 8: array([10451.58582101]), 9: array([10452.06292242])}
2025-05-12 13:40:43,018 - DEBUG - util_fusion - fusion_dual_defense - client 9 norm scores: {0: array([0.42505636]), 1: array([0.68549353]), 2: array([0.74249906]), 3: array([0.98268192]), 4: array([0.50917099]), 5: array([0.46827585]), 6: array([0.73797178]), 7: array([1.]), 8: array([0.]), 9: array([0.65630404])}
2025-05-12 13:40:43,018 - DEBUG - util_fusion - fusion_dual_defense - client 9 similarity threshold: 0.6207453523598365
2025-05-12 13:40:43,018 - INFO - util_fusion - fusion_dual_defense - client 9 selected fusion benigns: [1, 2, 3, 6, 7, 9]
2025-05-12 13:40:43,018 - DEBUG - util_fusion - fusion_dual_defense - final fusion benigns: (1, 2, 3, 6, 7, 9)
2025-05-12 13:40:44,767 - INFO - fl - start - global side -  test accuracy: 10.32
2025-05-12 13:40:44,768 - INFO - fl - start - global side iteration 27 -  test accuracy: 10.32
2025-05-12 13:40:44,768 - INFO - fl - start - start training round 28
2025-05-12 13:40:44,770 - INFO - fl - start - round 28 attackers: [5, 4]
2025-05-12 13:40:44,770 - INFO - fl - start - start client 0 training
2025-05-12 13:40:44,770 - INFO - fl - client_local_train - client 0 start local training ...
2025-05-12 13:40:49,747 - INFO - fl - start - end client 0 training
2025-05-12 13:40:49,747 - INFO - fl - start - client 0 evaluation metrics: {'train_loss': 34567397251555.234, 'test_acc': 9.82}
2025-05-12 13:40:49,747 - INFO - fl - start - start client 1 training
2025-05-12 13:40:49,747 - INFO - fl - client_local_train - client 1 start local training ...
2025-05-12 13:40:59,655 - INFO - fl - start - end client 1 training
2025-05-12 13:40:59,656 - INFO - fl - start - client 1 evaluation metrics: {'train_loss': 43815525554273.52, 'test_acc': 10.28}
2025-05-12 13:40:59,656 - INFO - fl - start - start client 2 training
2025-05-12 13:40:59,656 - INFO - fl - client_local_train - client 2 start local training ...
2025-05-12 13:41:03,706 - INFO - fl - start - end client 2 training
2025-05-12 13:41:03,706 - INFO - fl - start - client 2 evaluation metrics: {'train_loss': 10115605453258.508, 'test_acc': 11.35}
2025-05-12 13:41:03,706 - INFO - fl - start - start client 3 training
2025-05-12 13:41:03,706 - INFO - fl - client_local_train - client 3 start local training ...
2025-05-12 13:41:12,600 - INFO - fl - start - end client 3 training
2025-05-12 13:41:12,601 - INFO - fl - start - client 3 evaluation metrics: {'train_loss': 27578752803303.094, 'test_acc': 10.1}
2025-05-12 13:41:12,601 - INFO - fl - start - start client 4 training
2025-05-12 13:41:12,601 - INFO - fl - client_local_train - client 4 start local training ...
2025-05-12 13:41:14,540 - INFO - fl - client_local_train - client 4 is attacker, start poisoning model
2025-05-12 13:41:18,232 - INFO - fl - start - end client 4 training
2025-05-12 13:41:18,232 - INFO - fl - start - client 4 evaluation metrics: {'train_loss': 2189717683219114.8, 'test_acc': 10.1}
2025-05-12 13:41:18,232 - INFO - fl - start - start client 5 training
2025-05-12 13:41:18,232 - INFO - fl - client_local_train - client 5 start local training ...
2025-05-12 13:41:20,252 - INFO - fl - client_local_train - client 5 is attacker, start poisoning model
2025-05-12 13:41:23,988 - INFO - fl - start - end client 5 training
2025-05-12 13:41:23,989 - INFO - fl - start - client 5 evaluation metrics: {'train_loss': 3171425142985029.0, 'test_acc': 10.32}
2025-05-12 13:41:23,989 - INFO - fl - start - start client 6 training
2025-05-12 13:41:23,989 - INFO - fl - client_local_train - client 6 start local training ...
2025-05-12 13:41:28,481 - INFO - fl - start - end client 6 training
2025-05-12 13:41:28,481 - INFO - fl - start - client 6 evaluation metrics: {'train_loss': 15799139727280.207, 'test_acc': 10.09}
2025-05-12 13:41:28,482 - INFO - fl - start - start client 7 training
2025-05-12 13:41:28,482 - INFO - fl - client_local_train - client 7 start local training ...
2025-05-12 13:41:32,928 - INFO - fl - start - end client 7 training
2025-05-12 13:41:32,928 - INFO - fl - start - client 7 evaluation metrics: {'train_loss': 24253451427408.844, 'test_acc': 9.8}
2025-05-12 13:41:32,928 - INFO - fl - start - start client 8 training
2025-05-12 13:41:32,928 - INFO - fl - client_local_train - client 8 start local training ...
2025-05-12 13:41:37,463 - INFO - fl - start - end client 8 training
2025-05-12 13:41:37,463 - INFO - fl - start - client 8 evaluation metrics: {'train_loss': 23057168563809.215, 'test_acc': 9.8}
2025-05-12 13:41:37,463 - INFO - fl - start - start client 9 training
2025-05-12 13:41:37,463 - INFO - fl - client_local_train - client 9 start local training ...
2025-05-12 13:41:40,222 - INFO - fl - start - end client 9 training
2025-05-12 13:41:40,222 - INFO - fl - start - client 9 evaluation metrics: {'train_loss': 65278865077511.31, 'test_acc': 8.92}
2025-05-12 13:41:40,222 - INFO - fl - aggregate_model - start model aggregation...fusion method: dual_defense
2025-05-12 13:41:40,222 - INFO - fl - aggregate_model - start hyper-guard fusion with epsilon 0.01
2025-05-12 13:41:40,222 - INFO - fl - aggregate_model - round 28 attackers: [4, 5]
2025-05-12 13:41:51,321 - DEBUG - util_fusion - fusion_dual_defense - client 0 scores: {0: array([2010.1847808]), 1: array([2009.67144371]), 2: array([2010.14827288]), 3: array([2010.17939994]), 4: array([2009.30277408]), 5: array([2010.1335743]), 6: array([2010.04524697]), 7: array([2010.16367385]), 8: array([2010.15850337]), 9: array([2010.16342648])}
2025-05-12 13:41:51,322 - DEBUG - util_fusion - fusion_dual_defense - client 0 norm scores: {0: array([1.]), 1: array([0.4179896]), 2: array([0.95860812]), 3: array([0.99389929]), 4: array([0.]), 5: array([0.94194319]), 6: array([0.84179959]), 7: array([0.9760694]), 8: array([0.97020722]), 9: array([0.97578894])}
2025-05-12 13:41:51,322 - DEBUG - util_fusion - fusion_dual_defense - client 0 similarity threshold: 0.8076305341194121
2025-05-12 13:41:51,322 - INFO - util_fusion - fusion_dual_defense - client 0 selected fusion benigns: [0, 2, 3, 5, 6, 7, 8, 9]
2025-05-12 13:41:51,331 - DEBUG - util_fusion - fusion_dual_defense - client 1 scores: {0: array([2010.1847808]), 1: array([2009.67144371]), 2: array([2010.14827288]), 3: array([2010.17939994]), 4: array([2009.30277408]), 5: array([2010.1335743]), 6: array([2010.04524697]), 7: array([2010.16367385]), 8: array([2010.15850337]), 9: array([2010.16342648])}
2025-05-12 13:41:51,331 - DEBUG - util_fusion - fusion_dual_defense - client 1 norm scores: {0: array([1.]), 1: array([0.4179896]), 2: array([0.95860812]), 3: array([0.99389929]), 4: array([0.]), 5: array([0.94194319]), 6: array([0.84179959]), 7: array([0.9760694]), 8: array([0.97020722]), 9: array([0.97578894])}
2025-05-12 13:41:51,331 - DEBUG - util_fusion - fusion_dual_defense - client 1 similarity threshold: 0.8076305341194121
2025-05-12 13:41:51,331 - INFO - util_fusion - fusion_dual_defense - client 1 selected fusion benigns: [0, 2, 3, 5, 6, 7, 8, 9]
2025-05-12 13:41:51,340 - DEBUG - util_fusion - fusion_dual_defense - client 2 scores: {0: array([2010.1847808]), 1: array([2009.67144371]), 2: array([2010.14827288]), 3: array([2010.17939994]), 4: array([2009.30277408]), 5: array([2010.1335743]), 6: array([2010.04524697]), 7: array([2010.16367385]), 8: array([2010.15850337]), 9: array([2010.16342648])}
2025-05-12 13:41:51,340 - DEBUG - util_fusion - fusion_dual_defense - client 2 norm scores: {0: array([1.]), 1: array([0.4179896]), 2: array([0.95860812]), 3: array([0.99389929]), 4: array([0.]), 5: array([0.94194319]), 6: array([0.84179959]), 7: array([0.9760694]), 8: array([0.97020722]), 9: array([0.97578894])}
2025-05-12 13:41:51,340 - DEBUG - util_fusion - fusion_dual_defense - client 2 similarity threshold: 0.8076305341194121
2025-05-12 13:41:51,340 - INFO - util_fusion - fusion_dual_defense - client 2 selected fusion benigns: [0, 2, 3, 5, 6, 7, 8, 9]
2025-05-12 13:41:51,349 - DEBUG - util_fusion - fusion_dual_defense - client 3 scores: {0: array([2010.1847808]), 1: array([2009.67144371]), 2: array([2010.14827288]), 3: array([2010.17939994]), 4: array([2009.30277408]), 5: array([2010.1335743]), 6: array([2010.04524697]), 7: array([2010.16367385]), 8: array([2010.15850337]), 9: array([2010.16342648])}
2025-05-12 13:41:51,349 - DEBUG - util_fusion - fusion_dual_defense - client 3 norm scores: {0: array([1.]), 1: array([0.4179896]), 2: array([0.95860812]), 3: array([0.99389929]), 4: array([0.]), 5: array([0.94194319]), 6: array([0.84179959]), 7: array([0.9760694]), 8: array([0.97020722]), 9: array([0.97578894])}
2025-05-12 13:41:51,349 - DEBUG - util_fusion - fusion_dual_defense - client 3 similarity threshold: 0.8076305341194121
2025-05-12 13:41:51,350 - INFO - util_fusion - fusion_dual_defense - client 3 selected fusion benigns: [0, 2, 3, 5, 6, 7, 8, 9]
2025-05-12 13:41:51,358 - DEBUG - util_fusion - fusion_dual_defense - client 4 scores: {0: array([2010.1847808]), 1: array([2009.67144371]), 2: array([2010.14827288]), 3: array([2010.17939994]), 4: array([2009.30277408]), 5: array([2010.1335743]), 6: array([2010.04524697]), 7: array([2010.16367385]), 8: array([2010.15850337]), 9: array([2010.16342648])}
2025-05-12 13:41:51,358 - DEBUG - util_fusion - fusion_dual_defense - client 4 norm scores: {0: array([1.]), 1: array([0.4179896]), 2: array([0.95860812]), 3: array([0.99389929]), 4: array([0.]), 5: array([0.94194319]), 6: array([0.84179959]), 7: array([0.9760694]), 8: array([0.97020722]), 9: array([0.97578894])}
2025-05-12 13:41:51,359 - DEBUG - util_fusion - fusion_dual_defense - client 4 similarity threshold: 0.8076305341194121
2025-05-12 13:41:51,359 - INFO - util_fusion - fusion_dual_defense - client 4 selected fusion benigns: [0, 2, 3, 5, 6, 7, 8, 9]
2025-05-12 13:41:51,367 - DEBUG - util_fusion - fusion_dual_defense - client 5 scores: {0: array([2010.1847808]), 1: array([2009.67144371]), 2: array([2010.14827288]), 3: array([2010.17939994]), 4: array([2009.30277408]), 5: array([2010.1335743]), 6: array([2010.04524697]), 7: array([2010.16367385]), 8: array([2010.15850337]), 9: array([2010.16342648])}
2025-05-12 13:41:51,367 - DEBUG - util_fusion - fusion_dual_defense - client 5 norm scores: {0: array([1.]), 1: array([0.4179896]), 2: array([0.95860812]), 3: array([0.99389929]), 4: array([0.]), 5: array([0.94194319]), 6: array([0.84179959]), 7: array([0.9760694]), 8: array([0.97020722]), 9: array([0.97578894])}
2025-05-12 13:41:51,368 - DEBUG - util_fusion - fusion_dual_defense - client 5 similarity threshold: 0.8076305341194121
2025-05-12 13:41:51,368 - INFO - util_fusion - fusion_dual_defense - client 5 selected fusion benigns: [0, 2, 3, 5, 6, 7, 8, 9]
2025-05-12 13:41:51,376 - DEBUG - util_fusion - fusion_dual_defense - client 6 scores: {0: array([2010.1847808]), 1: array([2009.67144371]), 2: array([2010.14827288]), 3: array([2010.17939994]), 4: array([2009.30277408]), 5: array([2010.1335743]), 6: array([2010.04524697]), 7: array([2010.16367385]), 8: array([2010.15850337]), 9: array([2010.16342648])}
2025-05-12 13:41:51,377 - DEBUG - util_fusion - fusion_dual_defense - client 6 norm scores: {0: array([1.]), 1: array([0.4179896]), 2: array([0.95860812]), 3: array([0.99389929]), 4: array([0.]), 5: array([0.94194319]), 6: array([0.84179959]), 7: array([0.9760694]), 8: array([0.97020722]), 9: array([0.97578894])}
2025-05-12 13:41:51,377 - DEBUG - util_fusion - fusion_dual_defense - client 6 similarity threshold: 0.8076305341194121
2025-05-12 13:41:51,377 - INFO - util_fusion - fusion_dual_defense - client 6 selected fusion benigns: [0, 2, 3, 5, 6, 7, 8, 9]
2025-05-12 13:41:51,385 - DEBUG - util_fusion - fusion_dual_defense - client 7 scores: {0: array([2010.1847808]), 1: array([2009.67144371]), 2: array([2010.14827288]), 3: array([2010.17939994]), 4: array([2009.30277408]), 5: array([2010.1335743]), 6: array([2010.04524697]), 7: array([2010.16367385]), 8: array([2010.15850337]), 9: array([2010.16342648])}
2025-05-12 13:41:51,386 - DEBUG - util_fusion - fusion_dual_defense - client 7 norm scores: {0: array([1.]), 1: array([0.4179896]), 2: array([0.95860812]), 3: array([0.99389929]), 4: array([0.]), 5: array([0.94194319]), 6: array([0.84179959]), 7: array([0.9760694]), 8: array([0.97020722]), 9: array([0.97578894])}
2025-05-12 13:41:51,386 - DEBUG - util_fusion - fusion_dual_defense - client 7 similarity threshold: 0.8076305341194121
2025-05-12 13:41:51,386 - INFO - util_fusion - fusion_dual_defense - client 7 selected fusion benigns: [0, 2, 3, 5, 6, 7, 8, 9]
2025-05-12 13:41:51,394 - DEBUG - util_fusion - fusion_dual_defense - client 8 scores: {0: array([2010.1847808]), 1: array([2009.67144371]), 2: array([2010.14827288]), 3: array([2010.17939994]), 4: array([2009.30277408]), 5: array([2010.1335743]), 6: array([2010.04524697]), 7: array([2010.16367385]), 8: array([2010.15850337]), 9: array([2010.16342648])}
2025-05-12 13:41:51,395 - DEBUG - util_fusion - fusion_dual_defense - client 8 norm scores: {0: array([1.]), 1: array([0.4179896]), 2: array([0.95860812]), 3: array([0.99389929]), 4: array([0.]), 5: array([0.94194319]), 6: array([0.84179959]), 7: array([0.9760694]), 8: array([0.97020722]), 9: array([0.97578894])}
2025-05-12 13:41:51,395 - DEBUG - util_fusion - fusion_dual_defense - client 8 similarity threshold: 0.8076305341194121
2025-05-12 13:41:51,395 - INFO - util_fusion - fusion_dual_defense - client 8 selected fusion benigns: [0, 2, 3, 5, 6, 7, 8, 9]
2025-05-12 13:41:51,403 - DEBUG - util_fusion - fusion_dual_defense - client 9 scores: {0: array([2010.1847808]), 1: array([2009.67144371]), 2: array([2010.14827288]), 3: array([2010.17939994]), 4: array([2009.30277408]), 5: array([2010.1335743]), 6: array([2010.04524697]), 7: array([2010.16367385]), 8: array([2010.15850337]), 9: array([2010.16342648])}
2025-05-12 13:41:51,404 - DEBUG - util_fusion - fusion_dual_defense - client 9 norm scores: {0: array([1.]), 1: array([0.4179896]), 2: array([0.95860812]), 3: array([0.99389929]), 4: array([0.]), 5: array([0.94194319]), 6: array([0.84179959]), 7: array([0.9760694]), 8: array([0.97020722]), 9: array([0.97578894])}
2025-05-12 13:41:51,404 - DEBUG - util_fusion - fusion_dual_defense - client 9 similarity threshold: 0.8076305341194121
2025-05-12 13:41:51,404 - INFO - util_fusion - fusion_dual_defense - client 9 selected fusion benigns: [0, 2, 3, 5, 6, 7, 8, 9]
2025-05-12 13:41:51,404 - DEBUG - util_fusion - fusion_dual_defense - final fusion benigns: (0, 2, 3, 5, 6, 7, 8, 9)
2025-05-12 13:41:53,259 - INFO - fl - start - global side -  test accuracy: 9.82
2025-05-12 13:41:53,259 - INFO - fl - start - global side iteration 28 -  test accuracy: 9.82
2025-05-12 13:41:53,259 - INFO - fl - start - start training round 29
2025-05-12 13:41:53,261 - INFO - fl - start - round 29 attackers: [9, 0]
2025-05-12 13:41:53,261 - INFO - fl - start - start client 0 training
2025-05-12 13:41:53,261 - INFO - fl - client_local_train - client 0 start local training ...
2025-05-12 13:41:56,148 - INFO - fl - client_local_train - client 0 is attacker, start poisoning model
2025-05-12 13:42:00,351 - INFO - fl - start - end client 0 training
2025-05-12 13:42:00,352 - INFO - fl - start - client 0 evaluation metrics: {'train_loss': 6394795307947963.0, 'test_acc': 9.58}
2025-05-12 13:42:00,352 - INFO - fl - start - start client 1 training
2025-05-12 13:42:00,352 - INFO - fl - client_local_train - client 1 start local training ...
2025-05-12 13:42:10,286 - INFO - fl - start - end client 1 training
2025-05-12 13:42:10,286 - INFO - fl - start - client 1 evaluation metrics: {'train_loss': 119405838103815.31, 'test_acc': 9.74}
2025-05-12 13:42:10,286 - INFO - fl - start - start client 2 training
2025-05-12 13:42:10,286 - INFO - fl - client_local_train - client 2 start local training ...
2025-05-12 13:42:14,338 - INFO - fl - start - end client 2 training
2025-05-12 13:42:14,338 - INFO - fl - start - client 2 evaluation metrics: {'train_loss': 89718471305246.56, 'test_acc': 9.82}
2025-05-12 13:42:14,338 - INFO - fl - start - start client 3 training
2025-05-12 13:42:14,338 - INFO - fl - client_local_train - client 3 start local training ...
2025-05-12 13:42:23,190 - INFO - fl - start - end client 3 training
2025-05-12 13:42:23,190 - INFO - fl - start - client 3 evaluation metrics: {'train_loss': 36629412146513.64, 'test_acc': 11.35}
2025-05-12 13:42:23,190 - INFO - fl - start - start client 4 training
2025-05-12 13:42:23,190 - INFO - fl - client_local_train - client 4 start local training ...
2025-05-12 13:42:26,946 - INFO - fl - start - end client 4 training
2025-05-12 13:42:26,946 - INFO - fl - start - client 4 evaluation metrics: {'train_loss': 94902470906129.06, 'test_acc': 8.92}
2025-05-12 13:42:26,946 - INFO - fl - start - start client 5 training
2025-05-12 13:42:26,946 - INFO - fl - client_local_train - client 5 start local training ...
2025-05-12 13:42:30,807 - INFO - fl - start - end client 5 training
2025-05-12 13:42:30,807 - INFO - fl - start - client 5 evaluation metrics: {'train_loss': 63996250851880.63, 'test_acc': 10.09}
2025-05-12 13:42:30,807 - INFO - fl - start - start client 6 training
2025-05-12 13:42:30,807 - INFO - fl - client_local_train - client 6 start local training ...
2025-05-12 13:42:35,271 - INFO - fl - start - end client 6 training
2025-05-12 13:42:35,271 - INFO - fl - start - client 6 evaluation metrics: {'train_loss': 24610387655001.766, 'test_acc': 9.82}
2025-05-12 13:42:35,271 - INFO - fl - start - start client 7 training
2025-05-12 13:42:35,271 - INFO - fl - client_local_train - client 7 start local training ...
2025-05-12 13:42:39,675 - INFO - fl - start - end client 7 training
2025-05-12 13:42:39,675 - INFO - fl - start - client 7 evaluation metrics: {'train_loss': 20793777372321.684, 'test_acc': 11.35}
2025-05-12 13:42:39,675 - INFO - fl - start - start client 8 training
2025-05-12 13:42:39,675 - INFO - fl - client_local_train - client 8 start local training ...
2025-05-12 13:42:44,234 - INFO - fl - start - end client 8 training
2025-05-12 13:42:44,234 - INFO - fl - start - client 8 evaluation metrics: {'train_loss': 70766972317851.55, 'test_acc': 9.74}
2025-05-12 13:42:44,234 - INFO - fl - start - start client 9 training
2025-05-12 13:42:44,234 - INFO - fl - client_local_train - client 9 start local training ...
2025-05-12 13:42:45,359 - INFO - fl - client_local_train - client 9 is attacker, start poisoning model
2025-05-12 13:42:48,603 - INFO - fl - start - end client 9 training
2025-05-12 13:42:48,603 - INFO - fl - start - client 9 evaluation metrics: {'train_loss': 3600058038765860.5, 'test_acc': 10.1}
2025-05-12 13:42:48,604 - INFO - fl - aggregate_model - start model aggregation...fusion method: dual_defense
2025-05-12 13:42:48,604 - INFO - fl - aggregate_model - start hyper-guard fusion with epsilon 0.01
2025-05-12 13:42:48,604 - INFO - fl - aggregate_model - round 29 attackers: [0, 9]
2025-05-12 13:42:59,647 - DEBUG - util_fusion - fusion_dual_defense - client 0 scores: {0: array([17070.71010632]), 1: array([17070.5168314]), 2: array([17070.67252639]), 3: array([17069.39475866]), 4: array([17070.55551641]), 5: array([17070.32384728]), 6: array([17070.66783729]), 7: array([17070.69347474]), 8: array([17070.45584235]), 9: array([17070.53274337])}
2025-05-12 13:42:59,647 - DEBUG - util_fusion - fusion_dual_defense - client 0 norm scores: {0: array([1.]), 1: array([0.85306172]), 2: array([0.97142966]), 3: array([0.]), 4: array([0.8824722]), 5: array([0.70634453]), 6: array([0.96786475]), 7: array([0.98735575]), 8: array([0.80669447]), 9: array([0.86515888])}
2025-05-12 13:42:59,647 - DEBUG - util_fusion - fusion_dual_defense - client 0 similarity threshold: 0.804038195076135
2025-05-12 13:42:59,647 - INFO - util_fusion - fusion_dual_defense - client 0 selected fusion benigns: [0, 1, 2, 4, 6, 7, 8, 9]
2025-05-12 13:42:59,656 - DEBUG - util_fusion - fusion_dual_defense - client 1 scores: {0: array([17070.71010632]), 1: array([17070.5168314]), 2: array([17070.67252639]), 3: array([17069.39475866]), 4: array([17070.55551641]), 5: array([17070.32384728]), 6: array([17070.66783729]), 7: array([17070.69347474]), 8: array([17070.45584235]), 9: array([17070.53274337])}
2025-05-12 13:42:59,657 - DEBUG - util_fusion - fusion_dual_defense - client 1 norm scores: {0: array([1.]), 1: array([0.85306172]), 2: array([0.97142966]), 3: array([0.]), 4: array([0.8824722]), 5: array([0.70634453]), 6: array([0.96786475]), 7: array([0.98735575]), 8: array([0.80669447]), 9: array([0.86515888])}
2025-05-12 13:42:59,657 - DEBUG - util_fusion - fusion_dual_defense - client 1 similarity threshold: 0.804038195076135
2025-05-12 13:42:59,657 - INFO - util_fusion - fusion_dual_defense - client 1 selected fusion benigns: [0, 1, 2, 4, 6, 7, 8, 9]
2025-05-12 13:42:59,665 - DEBUG - util_fusion - fusion_dual_defense - client 2 scores: {0: array([17070.71010632]), 1: array([17070.5168314]), 2: array([17070.67252639]), 3: array([17069.39475866]), 4: array([17070.55551641]), 5: array([17070.32384728]), 6: array([17070.66783729]), 7: array([17070.69347474]), 8: array([17070.45584235]), 9: array([17070.53274337])}
2025-05-12 13:42:59,666 - DEBUG - util_fusion - fusion_dual_defense - client 2 norm scores: {0: array([1.]), 1: array([0.85306172]), 2: array([0.97142966]), 3: array([0.]), 4: array([0.8824722]), 5: array([0.70634453]), 6: array([0.96786475]), 7: array([0.98735575]), 8: array([0.80669447]), 9: array([0.86515888])}
2025-05-12 13:42:59,666 - DEBUG - util_fusion - fusion_dual_defense - client 2 similarity threshold: 0.804038195076135
2025-05-12 13:42:59,666 - INFO - util_fusion - fusion_dual_defense - client 2 selected fusion benigns: [0, 1, 2, 4, 6, 7, 8, 9]
2025-05-12 13:42:59,674 - DEBUG - util_fusion - fusion_dual_defense - client 3 scores: {0: array([17070.71010632]), 1: array([17070.5168314]), 2: array([17070.67252639]), 3: array([17069.39475866]), 4: array([17070.55551641]), 5: array([17070.32384728]), 6: array([17070.66783729]), 7: array([17070.69347474]), 8: array([17070.45584235]), 9: array([17070.53274337])}
2025-05-12 13:42:59,675 - DEBUG - util_fusion - fusion_dual_defense - client 3 norm scores: {0: array([1.]), 1: array([0.85306172]), 2: array([0.97142966]), 3: array([0.]), 4: array([0.8824722]), 5: array([0.70634453]), 6: array([0.96786475]), 7: array([0.98735575]), 8: array([0.80669447]), 9: array([0.86515888])}
2025-05-12 13:42:59,675 - DEBUG - util_fusion - fusion_dual_defense - client 3 similarity threshold: 0.804038195076135
2025-05-12 13:42:59,675 - INFO - util_fusion - fusion_dual_defense - client 3 selected fusion benigns: [0, 1, 2, 4, 6, 7, 8, 9]
2025-05-12 13:42:59,683 - DEBUG - util_fusion - fusion_dual_defense - client 4 scores: {0: array([17070.71010632]), 1: array([17070.5168314]), 2: array([17070.67252639]), 3: array([17069.39475866]), 4: array([17070.55551641]), 5: array([17070.32384728]), 6: array([17070.66783729]), 7: array([17070.69347474]), 8: array([17070.45584235]), 9: array([17070.53274337])}
2025-05-12 13:42:59,684 - DEBUG - util_fusion - fusion_dual_defense - client 4 norm scores: {0: array([1.]), 1: array([0.85306172]), 2: array([0.97142966]), 3: array([0.]), 4: array([0.8824722]), 5: array([0.70634453]), 6: array([0.96786475]), 7: array([0.98735575]), 8: array([0.80669447]), 9: array([0.86515888])}
2025-05-12 13:42:59,684 - DEBUG - util_fusion - fusion_dual_defense - client 4 similarity threshold: 0.804038195076135
2025-05-12 13:42:59,684 - INFO - util_fusion - fusion_dual_defense - client 4 selected fusion benigns: [0, 1, 2, 4, 6, 7, 8, 9]
2025-05-12 13:42:59,692 - DEBUG - util_fusion - fusion_dual_defense - client 5 scores: {0: array([17070.71010632]), 1: array([17070.5168314]), 2: array([17070.67252639]), 3: array([17069.39475866]), 4: array([17070.55551641]), 5: array([17070.32384728]), 6: array([17070.66783729]), 7: array([17070.69347474]), 8: array([17070.45584235]), 9: array([17070.53274337])}
2025-05-12 13:42:59,693 - DEBUG - util_fusion - fusion_dual_defense - client 5 norm scores: {0: array([1.]), 1: array([0.85306172]), 2: array([0.97142966]), 3: array([0.]), 4: array([0.8824722]), 5: array([0.70634453]), 6: array([0.96786475]), 7: array([0.98735575]), 8: array([0.80669447]), 9: array([0.86515888])}
2025-05-12 13:42:59,693 - DEBUG - util_fusion - fusion_dual_defense - client 5 similarity threshold: 0.804038195076135
2025-05-12 13:42:59,693 - INFO - util_fusion - fusion_dual_defense - client 5 selected fusion benigns: [0, 1, 2, 4, 6, 7, 8, 9]
2025-05-12 13:42:59,701 - DEBUG - util_fusion - fusion_dual_defense - client 6 scores: {0: array([17070.71010632]), 1: array([17070.5168314]), 2: array([17070.67252639]), 3: array([17069.39475866]), 4: array([17070.55551641]), 5: array([17070.32384728]), 6: array([17070.66783729]), 7: array([17070.69347474]), 8: array([17070.45584235]), 9: array([17070.53274337])}
2025-05-12 13:42:59,702 - DEBUG - util_fusion - fusion_dual_defense - client 6 norm scores: {0: array([1.]), 1: array([0.85306172]), 2: array([0.97142966]), 3: array([0.]), 4: array([0.8824722]), 5: array([0.70634453]), 6: array([0.96786475]), 7: array([0.98735575]), 8: array([0.80669447]), 9: array([0.86515888])}
2025-05-12 13:42:59,702 - DEBUG - util_fusion - fusion_dual_defense - client 6 similarity threshold: 0.804038195076135
2025-05-12 13:42:59,702 - INFO - util_fusion - fusion_dual_defense - client 6 selected fusion benigns: [0, 1, 2, 4, 6, 7, 8, 9]
2025-05-12 13:42:59,710 - DEBUG - util_fusion - fusion_dual_defense - client 7 scores: {0: array([17070.71010632]), 1: array([17070.5168314]), 2: array([17070.67252639]), 3: array([17069.39475866]), 4: array([17070.55551641]), 5: array([17070.32384728]), 6: array([17070.66783729]), 7: array([17070.69347474]), 8: array([17070.45584235]), 9: array([17070.53274337])}
2025-05-12 13:42:59,711 - DEBUG - util_fusion - fusion_dual_defense - client 7 norm scores: {0: array([1.]), 1: array([0.85306172]), 2: array([0.97142966]), 3: array([0.]), 4: array([0.8824722]), 5: array([0.70634453]), 6: array([0.96786475]), 7: array([0.98735575]), 8: array([0.80669447]), 9: array([0.86515888])}
2025-05-12 13:42:59,711 - DEBUG - util_fusion - fusion_dual_defense - client 7 similarity threshold: 0.804038195076135
2025-05-12 13:42:59,711 - INFO - util_fusion - fusion_dual_defense - client 7 selected fusion benigns: [0, 1, 2, 4, 6, 7, 8, 9]
2025-05-12 13:42:59,719 - DEBUG - util_fusion - fusion_dual_defense - client 8 scores: {0: array([17070.71010632]), 1: array([17070.5168314]), 2: array([17070.67252639]), 3: array([17069.39475866]), 4: array([17070.55551641]), 5: array([17070.32384728]), 6: array([17070.66783729]), 7: array([17070.69347474]), 8: array([17070.45584235]), 9: array([17070.53274337])}
2025-05-12 13:42:59,720 - DEBUG - util_fusion - fusion_dual_defense - client 8 norm scores: {0: array([1.]), 1: array([0.85306172]), 2: array([0.97142966]), 3: array([0.]), 4: array([0.8824722]), 5: array([0.70634453]), 6: array([0.96786475]), 7: array([0.98735575]), 8: array([0.80669447]), 9: array([0.86515888])}
2025-05-12 13:42:59,720 - DEBUG - util_fusion - fusion_dual_defense - client 8 similarity threshold: 0.804038195076135
2025-05-12 13:42:59,720 - INFO - util_fusion - fusion_dual_defense - client 8 selected fusion benigns: [0, 1, 2, 4, 6, 7, 8, 9]
2025-05-12 13:42:59,728 - DEBUG - util_fusion - fusion_dual_defense - client 9 scores: {0: array([17070.71010632]), 1: array([17070.5168314]), 2: array([17070.67252639]), 3: array([17069.39475866]), 4: array([17070.55551641]), 5: array([17070.32384728]), 6: array([17070.66783729]), 7: array([17070.69347474]), 8: array([17070.45584235]), 9: array([17070.53274337])}
2025-05-12 13:42:59,729 - DEBUG - util_fusion - fusion_dual_defense - client 9 norm scores: {0: array([1.]), 1: array([0.85306172]), 2: array([0.97142966]), 3: array([0.]), 4: array([0.8824722]), 5: array([0.70634453]), 6: array([0.96786475]), 7: array([0.98735575]), 8: array([0.80669447]), 9: array([0.86515888])}
2025-05-12 13:42:59,729 - DEBUG - util_fusion - fusion_dual_defense - client 9 similarity threshold: 0.804038195076135
2025-05-12 13:42:59,729 - INFO - util_fusion - fusion_dual_defense - client 9 selected fusion benigns: [0, 1, 2, 4, 6, 7, 8, 9]
2025-05-12 13:42:59,729 - DEBUG - util_fusion - fusion_dual_defense - final fusion benigns: (0, 1, 2, 4, 6, 7, 8, 9)
2025-05-12 13:43:01,581 - INFO - fl - start - global side -  test accuracy: 9.58
2025-05-12 13:43:01,581 - INFO - fl - start - global side iteration 29 -  test accuracy: 9.58
2025-05-12 13:43:01,581 - INFO - fl - start - end the FL simulation
2025-05-12 13:43:01,582 - INFO - fl - start - summarization - simulation metrics: {0: {'time': 64.3774930599975, 'parties': {0: {'train_loss': 0.04751743220336986, 'test_acc': 55.75}, 1: {'train_loss': 0.0398139567702033, 'test_acc': 66.27}, 2: {'train_loss': 0.12157070146067374, 'test_acc': 61.41}, 3: {'train_loss': 0.057681685615632985, 'test_acc': 78.0}, 4: {'train_loss': 0.1466892261678974, 'test_acc': 52.89}, 5: {'train_loss': 0.24265956677614697, 'test_acc': 45.96}, 6: {'train_loss': 0.09590292608292846, 'test_acc': 29.01}, 7: {'train_loss': 0.07650043607052219, 'test_acc': 48.7}, 8: {'train_loss': 0.11971482075161383, 'test_acc': 67.57}, 9: {'train_loss': 0.18982590373073305, 'test_acc': 59.26}}, 'server': {'test_acc': 56.66}}, 1: {'time': 133.4082215610033, 'parties': {0: {'train_loss': 0.03196664451454044, 'test_acc': 57.9}, 1: {'train_loss': 78.01944558279855, 'test_acc': 66.53}, 2: {'train_loss': 0.06374011844841403, 'test_acc': 72.64}, 3: {'train_loss': 0.04107760223937598, 'test_acc': 78.4}, 4: {'train_loss': 174.54327824910482, 'test_acc': 65.99}, 5: {'train_loss': 0.08751663505025799, 'test_acc': 65.27}, 6: {'train_loss': 0.05744282615842757, 'test_acc': 49.92}, 7: {'train_loss': 0.0310997199895179, 'test_acc': 57.94}, 8: {'train_loss': 0.07132633863889341, 'test_acc': 84.1}, 9: {'train_loss': 0.0661201251404626, 'test_acc': 70.45}}, 'server': {'test_acc': 77.1}}, 2: {'time': 200.95931632800057, 'parties': {0: {'train_loss': 0.020979636414839856, 'test_acc': 61.85}, 1: {'train_loss': 0.028441670836348618, 'test_acc': 67.82}, 2: {'train_loss': 48.75049625248162, 'test_acc': 78.31}, 3: {'train_loss': 0.025851058501221644, 'test_acc': 79.63}, 4: {'train_loss': 0.033536080142948774, 'test_acc': 75.98}, 5: {'train_loss': 0.04390248868777047, 'test_acc': 76.37}, 6: {'train_loss': 0.028323088314493077, 'test_acc': 68.16}, 7: {'train_loss': 0.014268372297022469, 'test_acc': 71.39}, 8: {'train_loss': 0.031140416777321385, 'test_acc': 87.42}, 9: {'train_loss': 54.626760428292414, 'test_acc': 79.64}}, 'server': {'test_acc': 91.63}}, 3: {'time': 268.83990063799865, 'parties': {0: {'train_loss': 0.017187871385584495, 'test_acc': 65.48}, 1: {'train_loss': 0.033870686016078774, 'test_acc': 68.27}, 2: {'train_loss': 0.049889502605534534, 'test_acc': 80.36}, 3: {'train_loss': 0.03992643610171571, 'test_acc': 83.0}, 4: {'train_loss': 0.029508965538843766, 'test_acc': 76.26}, 5: {'train_loss': 105.6373305547805, 'test_acc': 85.27}, 6: {'train_loss': 0.038346741160275054, 'test_acc': 66.67}, 7: {'train_loss': 0.010378554917858645, 'test_acc': 75.83}, 8: {'train_loss': 85.83446068099782, 'test_acc': 86.3}, 9: {'train_loss': 0.03178767655543717, 'test_acc': 80.53}}, 'server': {'test_acc': 92.21}}, 4: {'time': 336.83152119199804, 'parties': {0: {'train_loss': 0.16885933734080394, 'test_acc': 49.79}, 1: {'train_loss': 0.22293970763151136, 'test_acc': 60.14}, 2: {'train_loss': 3.5384687025155594, 'test_acc': 11.47}, 3: {'train_loss': 0.18757184238449948, 'test_acc': 74.2}, 4: {'train_loss': 0.910946074128151, 'test_acc': 25.62}, 5: {'train_loss': 1.137686520341843, 'test_acc': 10.09}, 6: {'train_loss': 110.29547585140575, 'test_acc': 21.65}, 7: {'train_loss': 1.163217137518682, 'test_acc': 9.84}, 8: {'train_loss': 1.311156430576421, 'test_acc': 15.1}, 9: {'train_loss': 3.4000222049121347, 'test_acc': 62.88}}, 'server': {'test_acc': 76.99}}, 5: {'time': 404.9753917679991, 'parties': {0: {'train_loss': 0.0700997128321402, 'test_acc': 59.18}, 1: {'train_loss': 0.06875839956240573, 'test_acc': 74.6}, 2: {'train_loss': 0.09797467957702535, 'test_acc': 72.06}, 3: {'train_loss': 0.10684654278731023, 'test_acc': 78.22}, 4: {'train_loss': 0.10164318613242358, 'test_acc': 71.02}, 5: {'train_loss': 0.1647274252914247, 'test_acc': 68.78}, 6: {'train_loss': 0.06680325173482589, 'test_acc': 58.47}, 7: {'train_loss': 152.5757841581577, 'test_acc': 68.22}, 8: {'train_loss': 148.14942209139656, 'test_acc': 86.0}, 9: {'train_loss': 0.07612149499847354, 'test_acc': 77.16}}, 'server': {'test_acc': 85.14}}, 6: {'time': 473.84081959899777, 'parties': {0: {'train_loss': 0.05065409857351359, 'test_acc': 70.35}, 1: {'train_loss': 0.0478477277930194, 'test_acc': 73.6}, 2: {'train_loss': 0.10429403074473402, 'test_acc': 85.74}, 3: {'train_loss': 121.0005240030637, 'test_acc': 81.93}, 4: {'train_loss': 57.469044880972554, 'test_acc': 82.03}, 5: {'train_loss': 0.09834477040798419, 'test_acc': 84.08}, 6: {'train_loss': 0.05769899517733168, 'test_acc': 72.97}, 7: {'train_loss': 0.04630691308354634, 'test_acc': 77.52}, 8: {'train_loss': 0.04629173474239642, 'test_acc': 91.88}, 9: {'train_loss': 0.034353180923166554, 'test_acc': 92.22}}, 'server': {'test_acc': 85.6}}, 7: {'time': 541.5966672360009, 'parties': {0: {'train_loss': 1.4631569586443098, 'test_acc': 9.58}, 1: {'train_loss': nan, 'test_acc': 9.8}, 2: {'train_loss': nan, 'test_acc': 9.8}, 3: {'train_loss': 1.8979499024313848, 'test_acc': 10.1}, 4: {'train_loss': 1.4563775916894277, 'test_acc': 10.1}, 5: {'train_loss': 6.03256859098162, 'test_acc': 10.09}, 6: {'train_loss': 0.9706179933114485, 'test_acc': 9.82}, 7: {'train_loss': nan, 'test_acc': 9.8}, 8: {'train_loss': nan, 'test_acc': 9.8}, 9: {'train_loss': 7.501522868020194, 'test_acc': 10.1}}, 'server': {'test_acc': 9.8}}, 8: {'time': 610.8861457730018, 'parties': {0: {'train_loss': nan, 'test_acc': 9.8}, 1: {'train_loss': nan, 'test_acc': 9.8}, 2: {'train_loss': nan, 'test_acc': 9.8}, 3: {'train_loss': nan, 'test_acc': 9.8}, 4: {'train_loss': nan, 'test_acc': 9.8}, 5: {'train_loss': 1.1760712597105238, 'test_acc': 10.09}, 6: {'train_loss': nan, 'test_acc': 9.8}, 7: {'train_loss': 1.31365389259238, 'test_acc': 9.8}, 8: {'train_loss': 1.6072827019268954, 'test_acc': 9.74}, 9: {'train_loss': nan, 'test_acc': 9.8}}, 'server': {'test_acc': 9.8}}, 9: {'time': 679.2041111810031, 'parties': {0: {'train_loss': 2224330726005035.2, 'test_acc': 9.82}, 1: {'train_loss': 12726164808070.096, 'test_acc': 8.92}, 2: {'train_loss': 12295756598378.984, 'test_acc': 11.35}, 3: {'train_loss': 18734299285935.742, 'test_acc': 9.58}, 4: {'train_loss': 19659279931801.6, 'test_acc': 10.1}, 5: {'train_loss': 14647130541364.826, 'test_acc': 10.09}, 6: {'train_loss': 26555725977413.816, 'test_acc': 10.09}, 7: {'train_loss': 19690731601920.0, 'test_acc': 11.35}, 8: {'train_loss': 47852051397411.65, 'test_acc': 11.35}, 9: {'train_loss': 896500819955360.9, 'test_acc': 10.1}}, 'server': {'test_acc': 10.09}}, 10: {'time': 748.711591084997, 'parties': {0: {'train_loss': 39968911931783.19, 'test_acc': 10.32}, 1: {'train_loss': 1120081038493364.4, 'test_acc': 10.28}, 2: {'train_loss': 40524020629259.46, 'test_acc': 11.35}, 3: {'train_loss': 30888222905980.54, 'test_acc': 11.35}, 4: {'train_loss': 44751872764586.664, 'test_acc': 11.35}, 5: {'train_loss': 20478369281235.3, 'test_acc': 10.09}, 6: {'train_loss': 31022290529718.855, 'test_acc': 9.82}, 7: {'train_loss': 29602621934106.95, 'test_acc': 9.8}, 8: {'train_loss': 34534059774418.633, 'test_acc': 9.74}, 9: {'train_loss': 4169290309877292.0, 'test_acc': 9.58}}, 'server': {'test_acc': 9.74}}, 11: {'time': 817.4772098579997, 'parties': {0: {'train_loss': 141386403925049.53, 'test_acc': 10.32}, 1: {'train_loss': 186924613950317.72, 'test_acc': 9.74}, 2: {'train_loss': 214351169720136.6, 'test_acc': 10.32}, 3: {'train_loss': 191074223116531.53, 'test_acc': 11.35}, 4: {'train_loss': 95983288660787.2, 'test_acc': 10.09}, 5: {'train_loss': 76995463279567.23, 'test_acc': 9.74}, 6: {'train_loss': 6598124780749226.0, 'test_acc': 9.82}, 7: {'train_loss': 1.6457453791636426e+16, 'test_acc': 9.8}, 8: {'train_loss': 321041168132433.0, 'test_acc': 10.32}, 9: {'train_loss': 192987176235359.1, 'test_acc': 11.35}}, 'server': {'test_acc': 9.8}}, 12: {'time': 885.6752671110007, 'parties': {0: {'train_loss': 594233435790163.4, 'test_acc': 9.82}, 1: {'train_loss': 348162977216843.56, 'test_acc': 9.74}, 2: {'train_loss': 455645867231384.8, 'test_acc': 9.82}, 3: {'train_loss': 503773365852126.8, 'test_acc': 9.58}, 4: {'train_loss': 1.8972619349740748e+16, 'test_acc': 10.1}, 5: {'train_loss': 576120713504670.5, 'test_acc': 10.09}, 6: {'train_loss': 895898020598132.4, 'test_acc': 10.09}, 7: {'train_loss': 202175840766490.94, 'test_acc': 10.32}, 8: {'train_loss': 929019724758210.4, 'test_acc': 9.74}, 9: {'train_loss': 1.5573328506493338e+16, 'test_acc': 9.82}}, 'server': {'test_acc': 9.74}}, 13: {'time': 955.2777328349985, 'parties': {0: {'train_loss': 667037185888394.1, 'test_acc': 9.58}, 1: {'train_loss': 672028570264410.2, 'test_acc': 9.58}, 2: {'train_loss': 909964771864025.8, 'test_acc': 9.82}, 3: {'train_loss': 5.335214620205809e+16, 'test_acc': 11.34}, 4: {'train_loss': 1263551883981619.2, 'test_acc': 8.92}, 5: {'train_loss': 689246338593483.1, 'test_acc': 10.09}, 6: {'train_loss': 3.005861471050095e+16, 'test_acc': 9.84}, 7: {'train_loss': 540079818580399.2, 'test_acc': 11.35}, 8: {'train_loss': 903834134224584.9, 'test_acc': 9.8}, 9: {'train_loss': 617827011328175.5, 'test_acc': 10.1}}, 'server': {'test_acc': 9.58}}, 14: {'time': 1025.1458772999977, 'parties': {0: {'train_loss': 1.8782253322454355e+17, 'test_acc': 9.83}, 1: {'train_loss': 1.5768926123426106e+17, 'test_acc': 8.92}, 2: {'train_loss': 7517018511521150.0, 'test_acc': 11.35}, 3: {'train_loss': 4495933180395254.5, 'test_acc': 10.1}, 4: {'train_loss': 5964143315893180.0, 'test_acc': 10.1}, 5: {'train_loss': 7595185806508032.0, 'test_acc': 11.35}, 6: {'train_loss': 3787827768694172.5, 'test_acc': 9.82}, 7: {'train_loss': 2802146348050540.0, 'test_acc': 11.35}, 8: {'train_loss': 8842341481497198.0, 'test_acc': 9.8}, 9: {'train_loss': 4514751862755445.0, 'test_acc': 10.1}}, 'server': {'test_acc': 9.8}}, 15: {'time': 1093.2040088680005, 'parties': {0: {'train_loss': nan, 'test_acc': 9.8}, 1: {'train_loss': nan, 'test_acc': 9.8}, 2: {'train_loss': nan, 'test_acc': 9.8}, 3: {'train_loss': nan, 'test_acc': 9.8}, 4: {'train_loss': nan, 'test_acc': 9.8}, 5: {'train_loss': nan, 'test_acc': 9.8}, 6: {'train_loss': nan, 'test_acc': 9.8}, 7: {'train_loss': nan, 'test_acc': 9.8}, 8: {'train_loss': nan, 'test_acc': 9.8}, 9: {'train_loss': nan, 'test_acc': 9.8}}, 'server': {'test_acc': 9.8}}, 16: {'time': 1162.6817393079982, 'parties': {0: {'train_loss': nan, 'test_acc': 9.8}, 1: {'train_loss': nan, 'test_acc': 9.8}, 2: {'train_loss': nan, 'test_acc': 9.8}, 3: {'train_loss': nan, 'test_acc': 9.8}, 4: {'train_loss': nan, 'test_acc': 9.8}, 5: {'train_loss': 1.1728633429322923, 'test_acc': 10.09}, 6: {'train_loss': 4.111369501460683, 'test_acc': 9.83}, 7: {'train_loss': 1.3133564371811717, 'test_acc': 9.8}, 8: {'train_loss': nan, 'test_acc': 9.8}, 9: {'train_loss': nan, 'test_acc': 9.8}}, 'server': {'test_acc': 9.8}}, 17: {'time': 1230.9121461609975, 'parties': {0: {'train_loss': 22470155705539.594, 'test_acc': 9.58}, 1: {'train_loss': 11655970067017.143, 'test_acc': 9.74}, 2: {'train_loss': 2699150361749779.0, 'test_acc': 10.1}, 3: {'train_loss': 9155677698413.318, 'test_acc': 9.58}, 4: {'train_loss': 1901790654522982.5, 'test_acc': 11.35}, 5: {'train_loss': 8443060451815.619, 'test_acc': 10.09}, 6: {'train_loss': 18979707073416.312, 'test_acc': 9.82}, 7: {'train_loss': 10997738945697.684, 'test_acc': 11.35}, 8: {'train_loss': 14491284057852.76, 'test_acc': 9.8}, 9: {'train_loss': 9270019010442.97, 'test_acc': 10.1}}, 'server': {'test_acc': 8.92}}, 18: {'time': 1300.4453636809994, 'parties': {0: {'train_loss': 6472231827847.191, 'test_acc': 11.35}, 1: {'train_loss': 9754236207884.191, 'test_acc': 9.74}, 2: {'train_loss': 1361725436018932.5, 'test_acc': 9.8}, 3: {'train_loss': 748493780127367.6, 'test_acc': 8.92}, 4: {'train_loss': 11866800949384.533, 'test_acc': 11.35}, 5: {'train_loss': 13198952509635.047, 'test_acc': 10.09}, 6: {'train_loss': 3097597701133.299, 'test_acc': 9.82}, 7: {'train_loss': 13545513901648.842, 'test_acc': 11.35}, 8: {'train_loss': 13164771434807.088, 'test_acc': 9.8}, 9: {'train_loss': 17382366885595.428, 'test_acc': 10.1}}, 'server': {'test_acc': 8.92}}, 19: {'time': 1369.9556429939985, 'parties': {0: {'train_loss': 139708725304883.78, 'test_acc': 10.32}, 1: {'train_loss': 42818675578665.445, 'test_acc': 9.82}, 2: {'train_loss': 77629429148412.17, 'test_acc': 11.35}, 3: {'train_loss': 3139972559546047.0, 'test_acc': 11.35}, 4: {'train_loss': 4803850653121468.0, 'test_acc': 11.35}, 5: {'train_loss': 20981849788481.016, 'test_acc': 10.09}, 6: {'train_loss': 145568307401927.47, 'test_acc': 9.82}, 7: {'train_loss': 76743751927484.62, 'test_acc': 11.35}, 8: {'train_loss': 143183998482820.88, 'test_acc': 9.74}, 9: {'train_loss': 72136045325750.86, 'test_acc': 10.1}}, 'server': {'test_acc': 11.35}}, 20: {'time': 1438.8162511560004, 'parties': {0: {'train_loss': 1.5021542022416176e+16, 'test_acc': 9.82}, 1: {'train_loss': 642026047776826.5, 'test_acc': 10.28}, 2: {'train_loss': 698310086631057.2, 'test_acc': 9.8}, 3: {'train_loss': 738492518193650.1, 'test_acc': 9.74}, 4: {'train_loss': 958685904686284.8, 'test_acc': 11.35}, 5: {'train_loss': 414243496781726.5, 'test_acc': 10.09}, 6: {'train_loss': 1.3763565209729156e+16, 'test_acc': 9.82}, 7: {'train_loss': 553140285203725.5, 'test_acc': 9.8}, 8: {'train_loss': 437438740852269.4, 'test_acc': 11.35}, 9: {'train_loss': 650429297013555.2, 'test_acc': 10.1}}, 'server': {'test_acc': 9.82}}, 21: {'time': 1507.5846928020037, 'parties': {0: {'train_loss': 1.4729051492139562e+17, 'test_acc': 10.32}, 1: {'train_loss': 894842662187047.0, 'test_acc': 9.74}, 2: {'train_loss': 3208389012695559.5, 'test_acc': 10.1}, 3: {'train_loss': 2509084820691619.5, 'test_acc': 11.35}, 4: {'train_loss': 3396596059969945.5, 'test_acc': 10.1}, 5: {'train_loss': 1446987264663162.0, 'test_acc': 10.09}, 6: {'train_loss': 1613547580059914.0, 'test_acc': 9.82}, 7: {'train_loss': 4.1128884417013864e+16, 'test_acc': 10.32}, 8: {'train_loss': 3200491678779625.5, 'test_acc': 9.74}, 9: {'train_loss': 3203400452710634.0, 'test_acc': 10.1}}, 'server': {'test_acc': 9.82}}, 22: {'time': 1576.4812245569992, 'parties': {0: {'train_loss': 1.0535217284348848e+16, 'test_acc': 9.58}, 1: {'train_loss': 1.2091042584437594e+16, 'test_acc': 8.92}, 2: {'train_loss': 1.329074621667493e+16, 'test_acc': 9.8}, 3: {'train_loss': 1.3917151663880114e+16, 'test_acc': 8.92}, 4: {'train_loss': 1.0878432127396522e+16, 'test_acc': 10.1}, 5: {'train_loss': 9740408699619360.0, 'test_acc': 10.09}, 6: {'train_loss': 9.591110513809724e+17, 'test_acc': 8.91}, 7: {'train_loss': 9.458999098482499e+17, 'test_acc': 9.8}, 8: {'train_loss': 1.6975863320724078e+16, 'test_acc': 9.74}, 9: {'train_loss': 7302462954694246.0, 'test_acc': 9.58}}, 'server': {'test_acc': 9.8}}, 23: {'time': 1644.888592618001, 'parties': {0: {'train_loss': 7.87170919746183e+16, 'test_acc': 10.32}, 1: {'train_loss': 4.2099530814830296e+16, 'test_acc': 8.92}, 2: {'train_loss': 1.358784558246975e+17, 'test_acc': 11.35}, 3: {'train_loss': 3.0117585240117136e+16, 'test_acc': 9.58}, 4: {'train_loss': 7.853308805512167e+18, 'test_acc': 10.07}, 5: {'train_loss': 4.168159354657594e+16, 'test_acc': 10.09}, 6: {'train_loss': 5.788792999274086e+16, 'test_acc': 10.09}, 7: {'train_loss': 2.6794528296761668e+16, 'test_acc': 9.8}, 8: {'train_loss': 5.466197060996188e+18, 'test_acc': 9.72}, 9: {'train_loss': 5.716950553646484e+16, 'test_acc': 10.28}}, 'server': {'test_acc': 9.74}}, 24: {'time': 1714.606005832, 'parties': {0: {'train_loss': 3.1114518120168736e+17, 'test_acc': 9.86}, 1: {'train_loss': 2.5196603838131888e+17, 'test_acc': 10.32}, 2: {'train_loss': 6.579705770300901e+17, 'test_acc': 9.8}, 3: {'train_loss': 9.61242224166657e+18, 'test_acc': 10.09}, 4: {'train_loss': 5.901596867876443e+17, 'test_acc': 11.35}, 5: {'train_loss': 5.78870527013575e+17, 'test_acc': 10.11}, 6: {'train_loss': 1.0405736385204869e+18, 'test_acc': 9.82}, 7: {'train_loss': 3.9993553349721594e+17, 'test_acc': 11.33}, 8: {'train_loss': 2.1670406293121536e+19, 'test_acc': 9.8}, 9: {'train_loss': 1.671635425183138e+17, 'test_acc': 10.1}}, 'server': {'test_acc': 9.8}}, 25: {'time': 1783.7261677719944, 'parties': {0: {'train_loss': nan, 'test_acc': 9.8}, 1: {'train_loss': nan, 'test_acc': 9.8}, 2: {'train_loss': nan, 'test_acc': 9.8}, 3: {'train_loss': nan, 'test_acc': 9.8}, 4: {'train_loss': nan, 'test_acc': 9.8}, 5: {'train_loss': nan, 'test_acc': 9.8}, 6: {'train_loss': nan, 'test_acc': 9.8}, 7: {'train_loss': nan, 'test_acc': 9.8}, 8: {'train_loss': nan, 'test_acc': 9.8}, 9: {'train_loss': nan, 'test_acc': 9.8}}, 'server': {'test_acc': 9.8}}, 26: {'time': 1852.0199408369954, 'parties': {0: {'train_loss': nan, 'test_acc': 9.8}, 1: {'train_loss': nan, 'test_acc': 9.8}, 2: {'train_loss': nan, 'test_acc': 9.8}, 3: {'train_loss': nan, 'test_acc': 9.8}, 4: {'train_loss': nan, 'test_acc': 9.8}, 5: {'train_loss': 6.327711642734588, 'test_acc': 10.09}, 6: {'train_loss': 1.0800548768662788, 'test_acc': 9.82}, 7: {'train_loss': 1.3422082693953263, 'test_acc': 9.8}, 8: {'train_loss': nan, 'test_acc': 9.8}, 9: {'train_loss': nan, 'test_acc': 9.8}}, 'server': {'test_acc': 9.8}}, 27: {'time': 1920.1292859550013, 'parties': {0: {'train_loss': 24595179538961.258, 'test_acc': 9.58}, 1: {'train_loss': 31804934244332.496, 'test_acc': 10.28}, 2: {'train_loss': 14665507683618.389, 'test_acc': 10.1}, 3: {'train_loss': 19415015202594.594, 'test_acc': 11.35}, 4: {'train_loss': 1234770062143215.0, 'test_acc': 10.09}, 5: {'train_loss': 9070235211613.46, 'test_acc': 10.09}, 6: {'train_loss': 29907675839660.883, 'test_acc': 9.82}, 7: {'train_loss': 11766044012328.422, 'test_acc': 9.8}, 8: {'train_loss': 19469063591184.203, 'test_acc': 10.28}, 9: {'train_loss': 1262881787594108.2, 'test_acc': 10.1}}, 'server': {'test_acc': 10.32}}, 28: {'time': 1988.6202845710068, 'parties': {0: {'train_loss': 34567397251555.234, 'test_acc': 9.82}, 1: {'train_loss': 43815525554273.52, 'test_acc': 10.28}, 2: {'train_loss': 10115605453258.508, 'test_acc': 11.35}, 3: {'train_loss': 27578752803303.094, 'test_acc': 10.1}, 4: {'train_loss': 2189717683219114.8, 'test_acc': 10.1}, 5: {'train_loss': 3171425142985029.0, 'test_acc': 10.32}, 6: {'train_loss': 15799139727280.207, 'test_acc': 10.09}, 7: {'train_loss': 24253451427408.844, 'test_acc': 9.8}, 8: {'train_loss': 23057168563809.215, 'test_acc': 9.8}, 9: {'train_loss': 65278865077511.31, 'test_acc': 8.92}}, 'server': {'test_acc': 9.82}}, 29: {'time': 2056.942402875997, 'parties': {0: {'train_loss': 6394795307947963.0, 'test_acc': 9.58}, 1: {'train_loss': 119405838103815.31, 'test_acc': 9.74}, 2: {'train_loss': 89718471305246.56, 'test_acc': 9.82}, 3: {'train_loss': 36629412146513.64, 'test_acc': 11.35}, 4: {'train_loss': 94902470906129.06, 'test_acc': 8.92}, 5: {'train_loss': 63996250851880.63, 'test_acc': 10.09}, 6: {'train_loss': 24610387655001.766, 'test_acc': 9.82}, 7: {'train_loss': 20793777372321.684, 'test_acc': 11.35}, 8: {'train_loss': 70766972317851.55, 'test_acc': 9.74}, 9: {'train_loss': 3600058038765860.5, 'test_acc': 10.1}}, 'server': {'test_acc': 9.58}}}
