2025-05-12 13:43:05,454 - INFO - util_sys - get_available_device - no preferred device is specified, using the available device for pythorch
2025-05-12 13:43:05,493 - INFO - util_sys - get_available_device - using cuda device for pythorch
2025-05-12 13:43:05,494 - INFO - util_sys - create_folder_if_not_exists - Folder './data/mnist/' already exists.
2025-05-12 13:43:05,547 - INFO - util_data - get_client_data - partitioning the data into non-IID setting
2025-05-12 13:43:07,418 - INFO - util_data - record_data_statistic - Client 0 - total training samples: 12940
2025-05-12 13:43:07,418 - INFO - util_data - record_data_statistic - Client 0 - training label distribution: defaultdict(<class 'int'>, {0: 1911, 1: 4853, 2: 2, 3: 1050, 4: 25, 5: 38, 7: 2855, 9: 2206})
2025-05-12 13:43:08,041 - INFO - util_data - record_data_statistic - Client 1 - total training samples: 5024
2025-05-12 13:43:08,041 - INFO - util_data - record_data_statistic - Client 1 - training label distribution: defaultdict(<class 'int'>, {0: 1121, 1: 1, 2: 48, 3: 431, 5: 447, 6: 19, 7: 53, 8: 2867, 9: 37})
2025-05-12 13:43:10,086 - INFO - util_data - record_data_statistic - Client 2 - total training samples: 16510
2025-05-12 13:43:10,086 - INFO - util_data - record_data_statistic - Client 2 - training label distribution: defaultdict(<class 'int'>, {0: 1609, 2: 2549, 3: 5, 4: 5236, 5: 4150, 6: 2768, 8: 173, 9: 20})
2025-05-12 13:43:10,655 - INFO - util_data - record_data_statistic - Client 3 - total training samples: 4559
2025-05-12 13:43:10,655 - INFO - util_data - record_data_statistic - Client 3 - training label distribution: defaultdict(<class 'int'>, {0: 3, 1: 63, 2: 557, 3: 50, 4: 381, 5: 2, 6: 758, 7: 259, 8: 2486})
2025-05-12 13:43:11,245 - INFO - util_data - record_data_statistic - Client 4 - total training samples: 4732
2025-05-12 13:43:11,245 - INFO - util_data - record_data_statistic - Client 4 - training label distribution: defaultdict(<class 'int'>, {0: 28, 1: 78, 2: 1618, 3: 352, 5: 657, 6: 156, 9: 1843})
2025-05-12 13:43:11,304 - INFO - util_data - record_data_statistic - Client 5 - total training samples: 462
2025-05-12 13:43:11,305 - INFO - util_data - record_data_statistic - Client 5 - training label distribution: defaultdict(<class 'int'>, {1: 32, 2: 102, 4: 2, 5: 2, 7: 6, 9: 318})
2025-05-12 13:43:11,449 - INFO - util_data - record_data_statistic - Client 6 - total training samples: 1176
2025-05-12 13:43:11,449 - INFO - util_data - record_data_statistic - Client 6 - training label distribution: defaultdict(<class 'int'>, {0: 361, 2: 1, 3: 120, 5: 95, 7: 597, 9: 2})
2025-05-12 13:43:12,193 - INFO - util_data - record_data_statistic - Client 7 - total training samples: 6039
2025-05-12 13:43:12,193 - INFO - util_data - record_data_statistic - Client 7 - training label distribution: defaultdict(<class 'int'>, {0: 49, 1: 1662, 2: 2, 3: 1617, 4: 11, 5: 23, 7: 1131, 8: 51, 9: 1493})
2025-05-12 13:43:12,993 - INFO - util_data - record_data_statistic - Client 8 - total training samples: 6497
2025-05-12 13:43:12,993 - INFO - util_data - record_data_statistic - Client 8 - training label distribution: defaultdict(<class 'int'>, {0: 830, 2: 594, 3: 2213, 5: 6, 6: 2201, 7: 367, 8: 260, 9: 26})
2025-05-12 13:43:13,250 - INFO - util_data - record_data_statistic - Client 9 - total training samples: 2061
2025-05-12 13:43:13,250 - INFO - util_data - record_data_statistic - Client 9 - training label distribution: defaultdict(<class 'int'>, {0: 11, 1: 53, 2: 485, 3: 293, 4: 187, 5: 1, 6: 16, 7: 997, 8: 14, 9: 4})
2025-05-12 13:43:13,414 - INFO - fl - start - start the FL simulation
2025-05-12 13:43:13,414 - INFO - fl - start - start training round 0
2025-05-12 13:43:13,415 - INFO - fl - start - no attack at the round 0
2025-05-12 13:43:13,415 - INFO - fl - start - start client 0 training
2025-05-12 13:43:13,415 - INFO - fl - client_local_train - client 0 start local training ...
2025-05-12 13:43:23,283 - INFO - fl - start - end client 0 training
2025-05-12 13:43:23,283 - INFO - fl - start - client 0 evaluation metrics: {'train_loss': 0.05380249184125053, 'test_acc': 51.51}
2025-05-12 13:43:23,283 - INFO - fl - start - start client 1 training
2025-05-12 13:43:23,283 - INFO - fl - client_local_train - client 1 start local training ...
2025-05-12 13:43:27,865 - INFO - fl - start - end client 1 training
2025-05-12 13:43:27,865 - INFO - fl - start - client 1 evaluation metrics: {'train_loss': 0.12728746975713137, 'test_acc': 47.84}
2025-05-12 13:43:27,865 - INFO - fl - start - start client 2 training
2025-05-12 13:43:27,865 - INFO - fl - client_local_train - client 2 start local training ...
2025-05-12 13:43:39,777 - INFO - fl - start - end client 2 training
2025-05-12 13:43:39,777 - INFO - fl - start - client 2 evaluation metrics: {'train_loss': 0.034984642647426976, 'test_acc': 55.56}
2025-05-12 13:43:39,777 - INFO - fl - start - start client 3 training
2025-05-12 13:43:39,777 - INFO - fl - client_local_train - client 3 start local training ...
2025-05-12 13:43:44,057 - INFO - fl - start - end client 3 training
2025-05-12 13:43:44,057 - INFO - fl - start - client 3 evaluation metrics: {'train_loss': 0.12556453031073841, 'test_acc': 53.44}
2025-05-12 13:43:44,057 - INFO - fl - start - start client 4 training
2025-05-12 13:43:44,057 - INFO - fl - client_local_train - client 4 start local training ...
2025-05-12 13:43:48,411 - INFO - fl - start - end client 4 training
2025-05-12 13:43:48,411 - INFO - fl - start - client 4 evaluation metrics: {'train_loss': 0.12379296960913248, 'test_acc': 54.93}
2025-05-12 13:43:48,411 - INFO - fl - start - start client 5 training
2025-05-12 13:43:48,411 - INFO - fl - client_local_train - client 5 start local training ...
2025-05-12 13:43:50,068 - INFO - fl - start - end client 5 training
2025-05-12 13:43:50,069 - INFO - fl - start - client 5 evaluation metrics: {'train_loss': 0.7998774871230125, 'test_acc': 10.09}
2025-05-12 13:43:50,069 - INFO - fl - start - start client 6 training
2025-05-12 13:43:50,069 - INFO - fl - client_local_train - client 6 start local training ...
2025-05-12 13:43:52,174 - INFO - fl - start - end client 6 training
2025-05-12 13:43:52,174 - INFO - fl - start - client 6 evaluation metrics: {'train_loss': 0.2517069327203851, 'test_acc': 30.05}
2025-05-12 13:43:52,174 - INFO - fl - start - start client 7 training
2025-05-12 13:43:52,174 - INFO - fl - client_local_train - client 7 start local training ...
2025-05-12 13:43:57,387 - INFO - fl - start - end client 7 training
2025-05-12 13:43:57,387 - INFO - fl - start - client 7 evaluation metrics: {'train_loss': 0.10807449966669083, 'test_acc': 51.58}
2025-05-12 13:43:57,387 - INFO - fl - start - start client 8 training
2025-05-12 13:43:57,387 - INFO - fl - client_local_train - client 8 start local training ...
2025-05-12 13:44:02,882 - INFO - fl - start - end client 8 training
2025-05-12 13:44:02,883 - INFO - fl - start - client 8 evaluation metrics: {'train_loss': 0.06944344938257892, 'test_acc': 57.28}
2025-05-12 13:44:02,891 - INFO - fl - start - start client 9 training
2025-05-12 13:44:02,891 - INFO - fl - client_local_train - client 9 start local training ...
2025-05-12 13:44:05,579 - INFO - fl - start - end client 9 training
2025-05-12 13:44:05,579 - INFO - fl - start - client 9 evaluation metrics: {'train_loss': 0.21253461627797646, 'test_acc': 42.88}
2025-05-12 13:44:05,579 - INFO - fl - aggregate_model - start model aggregation...fusion method: dual_defense
2025-05-12 13:44:05,579 - INFO - fl - aggregate_model - start hyper-guard fusion with epsilon 0.01
2025-05-12 13:44:05,579 - INFO - fl - aggregate_model - round 0 attackers: []
2025-05-12 13:44:16,433 - DEBUG - util_fusion - fusion_dual_defense - client 0 scores: {0: array([182.73073376]), 1: array([205.58082797]), 2: array([173.36679203]), 3: array([198.38835584]), 4: array([201.16046877]), 5: array([300.79585083]), 6: array([248.64478547]), 7: array([199.71155874]), 8: array([189.84315759]), 9: array([231.22792937])}
2025-05-12 13:44:16,434 - DEBUG - util_fusion - fusion_dual_defense - client 0 norm scores: {0: array([0.07348357]), 1: array([0.25279976]), 2: array([0.]), 3: array([0.19635681]), 4: array([0.21811098]), 5: array([1.]), 6: array([0.59074433]), 7: array([0.20674065]), 8: array([0.12929834]), 9: array([0.45406548])}
2025-05-12 13:44:16,434 - DEBUG - util_fusion - fusion_dual_defense - client 0 similarity threshold: 0.312159992250301
2025-05-12 13:44:16,434 - INFO - util_fusion - fusion_dual_defense - client 0 selected fusion benigns: [5, 6, 9]
2025-05-12 13:44:16,442 - DEBUG - util_fusion - fusion_dual_defense - client 1 scores: {0: array([182.73073376]), 1: array([205.58082797]), 2: array([173.36679203]), 3: array([198.38835584]), 4: array([201.16046877]), 5: array([300.79585083]), 6: array([248.64478547]), 7: array([199.71155874]), 8: array([189.84315759]), 9: array([231.22792937])}
2025-05-12 13:44:16,443 - DEBUG - util_fusion - fusion_dual_defense - client 1 norm scores: {0: array([0.07348357]), 1: array([0.25279976]), 2: array([0.]), 3: array([0.19635681]), 4: array([0.21811098]), 5: array([1.]), 6: array([0.59074433]), 7: array([0.20674065]), 8: array([0.12929834]), 9: array([0.45406548])}
2025-05-12 13:44:16,443 - DEBUG - util_fusion - fusion_dual_defense - client 1 similarity threshold: 0.312159992250301
2025-05-12 13:44:16,443 - INFO - util_fusion - fusion_dual_defense - client 1 selected fusion benigns: [5, 6, 9]
2025-05-12 13:44:16,451 - DEBUG - util_fusion - fusion_dual_defense - client 2 scores: {0: array([182.73073376]), 1: array([205.58082797]), 2: array([173.36679203]), 3: array([198.38835584]), 4: array([201.16046877]), 5: array([300.79585083]), 6: array([248.64478547]), 7: array([199.71155874]), 8: array([189.84315759]), 9: array([231.22792937])}
2025-05-12 13:44:16,452 - DEBUG - util_fusion - fusion_dual_defense - client 2 norm scores: {0: array([0.07348357]), 1: array([0.25279976]), 2: array([0.]), 3: array([0.19635681]), 4: array([0.21811098]), 5: array([1.]), 6: array([0.59074433]), 7: array([0.20674065]), 8: array([0.12929834]), 9: array([0.45406548])}
2025-05-12 13:44:16,452 - DEBUG - util_fusion - fusion_dual_defense - client 2 similarity threshold: 0.312159992250301
2025-05-12 13:44:16,452 - INFO - util_fusion - fusion_dual_defense - client 2 selected fusion benigns: [5, 6, 9]
2025-05-12 13:44:16,460 - DEBUG - util_fusion - fusion_dual_defense - client 3 scores: {0: array([182.73073376]), 1: array([205.58082797]), 2: array([173.36679203]), 3: array([198.38835584]), 4: array([201.16046877]), 5: array([300.79585083]), 6: array([248.64478547]), 7: array([199.71155874]), 8: array([189.84315759]), 9: array([231.22792937])}
2025-05-12 13:44:16,461 - DEBUG - util_fusion - fusion_dual_defense - client 3 norm scores: {0: array([0.07348357]), 1: array([0.25279976]), 2: array([0.]), 3: array([0.19635681]), 4: array([0.21811098]), 5: array([1.]), 6: array([0.59074433]), 7: array([0.20674065]), 8: array([0.12929834]), 9: array([0.45406548])}
2025-05-12 13:44:16,461 - DEBUG - util_fusion - fusion_dual_defense - client 3 similarity threshold: 0.312159992250301
2025-05-12 13:44:16,461 - INFO - util_fusion - fusion_dual_defense - client 3 selected fusion benigns: [5, 6, 9]
2025-05-12 13:44:16,469 - DEBUG - util_fusion - fusion_dual_defense - client 4 scores: {0: array([182.73073376]), 1: array([205.58082797]), 2: array([173.36679203]), 3: array([198.38835584]), 4: array([201.16046877]), 5: array([300.79585083]), 6: array([248.64478547]), 7: array([199.71155874]), 8: array([189.84315759]), 9: array([231.22792937])}
2025-05-12 13:44:16,470 - DEBUG - util_fusion - fusion_dual_defense - client 4 norm scores: {0: array([0.07348357]), 1: array([0.25279976]), 2: array([0.]), 3: array([0.19635681]), 4: array([0.21811098]), 5: array([1.]), 6: array([0.59074433]), 7: array([0.20674065]), 8: array([0.12929834]), 9: array([0.45406548])}
2025-05-12 13:44:16,470 - DEBUG - util_fusion - fusion_dual_defense - client 4 similarity threshold: 0.312159992250301
2025-05-12 13:44:16,470 - INFO - util_fusion - fusion_dual_defense - client 4 selected fusion benigns: [5, 6, 9]
2025-05-12 13:44:16,479 - DEBUG - util_fusion - fusion_dual_defense - client 5 scores: {0: array([182.73073376]), 1: array([205.58082797]), 2: array([173.36679203]), 3: array([198.38835584]), 4: array([201.16046877]), 5: array([300.79585083]), 6: array([248.64478547]), 7: array([199.71155874]), 8: array([189.84315759]), 9: array([231.22792937])}
2025-05-12 13:44:16,479 - DEBUG - util_fusion - fusion_dual_defense - client 5 norm scores: {0: array([0.07348357]), 1: array([0.25279976]), 2: array([0.]), 3: array([0.19635681]), 4: array([0.21811098]), 5: array([1.]), 6: array([0.59074433]), 7: array([0.20674065]), 8: array([0.12929834]), 9: array([0.45406548])}
2025-05-12 13:44:16,479 - DEBUG - util_fusion - fusion_dual_defense - client 5 similarity threshold: 0.312159992250301
2025-05-12 13:44:16,479 - INFO - util_fusion - fusion_dual_defense - client 5 selected fusion benigns: [5, 6, 9]
2025-05-12 13:44:16,488 - DEBUG - util_fusion - fusion_dual_defense - client 6 scores: {0: array([182.73073376]), 1: array([205.58082797]), 2: array([173.36679203]), 3: array([198.38835584]), 4: array([201.16046877]), 5: array([300.79585083]), 6: array([248.64478547]), 7: array([199.71155874]), 8: array([189.84315759]), 9: array([231.22792937])}
2025-05-12 13:44:16,490 - DEBUG - util_fusion - fusion_dual_defense - client 6 norm scores: {0: array([0.07348357]), 1: array([0.25279976]), 2: array([0.]), 3: array([0.19635681]), 4: array([0.21811098]), 5: array([1.]), 6: array([0.59074433]), 7: array([0.20674065]), 8: array([0.12929834]), 9: array([0.45406548])}
2025-05-12 13:44:16,490 - DEBUG - util_fusion - fusion_dual_defense - client 6 similarity threshold: 0.312159992250301
2025-05-12 13:44:16,490 - INFO - util_fusion - fusion_dual_defense - client 6 selected fusion benigns: [5, 6, 9]
2025-05-12 13:44:16,498 - DEBUG - util_fusion - fusion_dual_defense - client 7 scores: {0: array([182.73073376]), 1: array([205.58082797]), 2: array([173.36679203]), 3: array([198.38835584]), 4: array([201.16046877]), 5: array([300.79585083]), 6: array([248.64478547]), 7: array([199.71155874]), 8: array([189.84315759]), 9: array([231.22792937])}
2025-05-12 13:44:16,499 - DEBUG - util_fusion - fusion_dual_defense - client 7 norm scores: {0: array([0.07348357]), 1: array([0.25279976]), 2: array([0.]), 3: array([0.19635681]), 4: array([0.21811098]), 5: array([1.]), 6: array([0.59074433]), 7: array([0.20674065]), 8: array([0.12929834]), 9: array([0.45406548])}
2025-05-12 13:44:16,499 - DEBUG - util_fusion - fusion_dual_defense - client 7 similarity threshold: 0.312159992250301
2025-05-12 13:44:16,499 - INFO - util_fusion - fusion_dual_defense - client 7 selected fusion benigns: [5, 6, 9]
2025-05-12 13:44:16,508 - DEBUG - util_fusion - fusion_dual_defense - client 8 scores: {0: array([182.73073376]), 1: array([205.58082797]), 2: array([173.36679203]), 3: array([198.38835584]), 4: array([201.16046877]), 5: array([300.79585083]), 6: array([248.64478547]), 7: array([199.71155874]), 8: array([189.84315759]), 9: array([231.22792937])}
2025-05-12 13:44:16,508 - DEBUG - util_fusion - fusion_dual_defense - client 8 norm scores: {0: array([0.07348357]), 1: array([0.25279976]), 2: array([0.]), 3: array([0.19635681]), 4: array([0.21811098]), 5: array([1.]), 6: array([0.59074433]), 7: array([0.20674065]), 8: array([0.12929834]), 9: array([0.45406548])}
2025-05-12 13:44:16,508 - DEBUG - util_fusion - fusion_dual_defense - client 8 similarity threshold: 0.312159992250301
2025-05-12 13:44:16,508 - INFO - util_fusion - fusion_dual_defense - client 8 selected fusion benigns: [5, 6, 9]
2025-05-12 13:44:16,517 - DEBUG - util_fusion - fusion_dual_defense - client 9 scores: {0: array([182.73073376]), 1: array([205.58082797]), 2: array([173.36679203]), 3: array([198.38835584]), 4: array([201.16046877]), 5: array([300.79585083]), 6: array([248.64478547]), 7: array([199.71155874]), 8: array([189.84315759]), 9: array([231.22792937])}
2025-05-12 13:44:16,517 - DEBUG - util_fusion - fusion_dual_defense - client 9 norm scores: {0: array([0.07348357]), 1: array([0.25279976]), 2: array([0.]), 3: array([0.19635681]), 4: array([0.21811098]), 5: array([1.]), 6: array([0.59074433]), 7: array([0.20674065]), 8: array([0.12929834]), 9: array([0.45406548])}
2025-05-12 13:44:16,517 - DEBUG - util_fusion - fusion_dual_defense - client 9 similarity threshold: 0.312159992250301
2025-05-12 13:44:16,517 - INFO - util_fusion - fusion_dual_defense - client 9 selected fusion benigns: [5, 6, 9]
2025-05-12 13:44:16,517 - DEBUG - util_fusion - fusion_dual_defense - final fusion benigns: (5, 6, 9)
2025-05-12 13:44:18,109 - INFO - fl - start - global side -  test accuracy: 32.34
2025-05-12 13:44:18,109 - INFO - fl - start - global side iteration 0 -  test accuracy: 32.34
2025-05-12 13:44:18,109 - INFO - fl - start - start training round 1
2025-05-12 13:44:18,111 - INFO - fl - start - round 1 attackers: [4, 7]
2025-05-12 13:44:18,111 - INFO - fl - start - start client 0 training
2025-05-12 13:44:18,111 - INFO - fl - client_local_train - client 0 start local training ...
2025-05-12 13:44:27,706 - INFO - fl - start - end client 0 training
2025-05-12 13:44:27,706 - INFO - fl - start - client 0 evaluation metrics: {'train_loss': 0.060851377630583355, 'test_acc': 52.46}
2025-05-12 13:44:27,706 - INFO - fl - start - start client 1 training
2025-05-12 13:44:27,706 - INFO - fl - client_local_train - client 1 start local training ...
2025-05-12 13:44:32,252 - INFO - fl - start - end client 1 training
2025-05-12 13:44:32,252 - INFO - fl - start - client 1 evaluation metrics: {'train_loss': 0.07912629364129109, 'test_acc': 55.28}
2025-05-12 13:44:32,252 - INFO - fl - start - start client 2 training
2025-05-12 13:44:32,252 - INFO - fl - client_local_train - client 2 start local training ...
2025-05-12 13:44:44,151 - INFO - fl - start - end client 2 training
2025-05-12 13:44:44,152 - INFO - fl - start - client 2 evaluation metrics: {'train_loss': 0.03338975076159361, 'test_acc': 55.79}
2025-05-12 13:44:44,152 - INFO - fl - start - start client 3 training
2025-05-12 13:44:44,152 - INFO - fl - client_local_train - client 3 start local training ...
2025-05-12 13:44:48,411 - INFO - fl - start - end client 3 training
2025-05-12 13:44:48,411 - INFO - fl - start - client 3 evaluation metrics: {'train_loss': 0.07999430565784375, 'test_acc': 62.39}
2025-05-12 13:44:48,411 - INFO - fl - start - start client 4 training
2025-05-12 13:44:48,411 - INFO - fl - client_local_train - client 4 start local training ...
2025-05-12 13:44:50,786 - INFO - fl - client_local_train - client 4 is attacker, start poisoning model
2025-05-12 13:44:54,741 - INFO - fl - start - end client 4 training
2025-05-12 13:44:54,741 - INFO - fl - start - client 4 evaluation metrics: {'train_loss': 134.62843764150466, 'test_acc': 63.48}
2025-05-12 13:44:54,741 - INFO - fl - start - start client 5 training
2025-05-12 13:44:54,741 - INFO - fl - client_local_train - client 5 start local training ...
2025-05-12 13:44:56,377 - INFO - fl - start - end client 5 training
2025-05-12 13:44:56,377 - INFO - fl - start - client 5 evaluation metrics: {'train_loss': 0.3337374646216631, 'test_acc': 24.56}
2025-05-12 13:44:56,377 - INFO - fl - start - start client 6 training
2025-05-12 13:44:56,377 - INFO - fl - client_local_train - client 6 start local training ...
2025-05-12 13:44:58,471 - INFO - fl - start - end client 6 training
2025-05-12 13:44:58,471 - INFO - fl - start - client 6 evaluation metrics: {'train_loss': 0.09626501504527896, 'test_acc': 34.49}
2025-05-12 13:44:58,471 - INFO - fl - start - start client 7 training
2025-05-12 13:44:58,471 - INFO - fl - client_local_train - client 7 start local training ...
2025-05-12 13:45:01,508 - INFO - fl - client_local_train - client 7 is attacker, start poisoning model
2025-05-12 13:45:05,808 - INFO - fl - start - end client 7 training
2025-05-12 13:45:05,808 - INFO - fl - start - client 7 evaluation metrics: {'train_loss': 182.6132772345292, 'test_acc': 55.81}
2025-05-12 13:45:05,808 - INFO - fl - start - start client 8 training
2025-05-12 13:45:05,808 - INFO - fl - client_local_train - client 8 start local training ...
2025-05-12 13:45:11,289 - INFO - fl - start - end client 8 training
2025-05-12 13:45:11,289 - INFO - fl - start - client 8 evaluation metrics: {'train_loss': 0.057683482302772794, 'test_acc': 59.03}
2025-05-12 13:45:11,289 - INFO - fl - start - start client 9 training
2025-05-12 13:45:11,289 - INFO - fl - client_local_train - client 9 start local training ...
2025-05-12 13:45:13,953 - INFO - fl - start - end client 9 training
2025-05-12 13:45:13,953 - INFO - fl - start - client 9 evaluation metrics: {'train_loss': 0.11594435454092243, 'test_acc': 51.15}
2025-05-12 13:45:13,953 - INFO - fl - aggregate_model - start model aggregation...fusion method: dual_defense
2025-05-12 13:45:13,953 - INFO - fl - aggregate_model - start hyper-guard fusion with epsilon 0.01
2025-05-12 13:45:13,953 - INFO - fl - aggregate_model - round 1 attackers: [4, 7]
2025-05-12 13:45:24,725 - DEBUG - util_fusion - fusion_dual_defense - client 0 scores: {0: array([17.66529896]), 1: array([18.69602339]), 2: array([16.85432761]), 3: array([18.83771347]), 4: array([18.76129058]), 5: array([24.19088925]), 6: array([22.70186265]), 7: array([19.04760484]), 8: array([18.57205477]), 9: array([21.72846735])}
2025-05-12 13:45:24,726 - DEBUG - util_fusion - fusion_dual_defense - client 0 norm scores: {0: array([0.11053834]), 1: array([0.25102982]), 2: array([0.]), 3: array([0.2703427]), 4: array([0.25992598]), 5: array([1.]), 6: array([0.79704027]), 7: array([0.29895165]), 8: array([0.23413245]), 9: array([0.66436295])}
2025-05-12 13:45:24,726 - DEBUG - util_fusion - fusion_dual_defense - client 0 similarity threshold: 0.38863241627226147
2025-05-12 13:45:24,726 - INFO - util_fusion - fusion_dual_defense - client 0 selected fusion benigns: [5, 6, 9]
2025-05-12 13:45:24,734 - DEBUG - util_fusion - fusion_dual_defense - client 1 scores: {0: array([17.66529896]), 1: array([18.69602339]), 2: array([16.85432761]), 3: array([18.83771347]), 4: array([18.76129058]), 5: array([24.19088925]), 6: array([22.70186265]), 7: array([19.04760484]), 8: array([18.57205477]), 9: array([21.72846735])}
2025-05-12 13:45:24,735 - DEBUG - util_fusion - fusion_dual_defense - client 1 norm scores: {0: array([0.11053834]), 1: array([0.25102982]), 2: array([0.]), 3: array([0.2703427]), 4: array([0.25992598]), 5: array([1.]), 6: array([0.79704027]), 7: array([0.29895165]), 8: array([0.23413245]), 9: array([0.66436295])}
2025-05-12 13:45:24,735 - DEBUG - util_fusion - fusion_dual_defense - client 1 similarity threshold: 0.38863241627226147
2025-05-12 13:45:24,735 - INFO - util_fusion - fusion_dual_defense - client 1 selected fusion benigns: [5, 6, 9]
2025-05-12 13:45:24,744 - DEBUG - util_fusion - fusion_dual_defense - client 2 scores: {0: array([17.66529896]), 1: array([18.69602339]), 2: array([16.85432761]), 3: array([18.83771347]), 4: array([18.76129058]), 5: array([24.19088925]), 6: array([22.70186265]), 7: array([19.04760484]), 8: array([18.57205477]), 9: array([21.72846735])}
2025-05-12 13:45:24,744 - DEBUG - util_fusion - fusion_dual_defense - client 2 norm scores: {0: array([0.11053834]), 1: array([0.25102982]), 2: array([0.]), 3: array([0.2703427]), 4: array([0.25992598]), 5: array([1.]), 6: array([0.79704027]), 7: array([0.29895165]), 8: array([0.23413245]), 9: array([0.66436295])}
2025-05-12 13:45:24,744 - DEBUG - util_fusion - fusion_dual_defense - client 2 similarity threshold: 0.38863241627226147
2025-05-12 13:45:24,744 - INFO - util_fusion - fusion_dual_defense - client 2 selected fusion benigns: [5, 6, 9]
2025-05-12 13:45:24,753 - DEBUG - util_fusion - fusion_dual_defense - client 3 scores: {0: array([17.66529896]), 1: array([18.69602339]), 2: array([16.85432761]), 3: array([18.83771347]), 4: array([18.76129058]), 5: array([24.19088925]), 6: array([22.70186265]), 7: array([19.04760484]), 8: array([18.57205477]), 9: array([21.72846735])}
2025-05-12 13:45:24,753 - DEBUG - util_fusion - fusion_dual_defense - client 3 norm scores: {0: array([0.11053834]), 1: array([0.25102982]), 2: array([0.]), 3: array([0.2703427]), 4: array([0.25992598]), 5: array([1.]), 6: array([0.79704027]), 7: array([0.29895165]), 8: array([0.23413245]), 9: array([0.66436295])}
2025-05-12 13:45:24,753 - DEBUG - util_fusion - fusion_dual_defense - client 3 similarity threshold: 0.38863241627226147
2025-05-12 13:45:24,753 - INFO - util_fusion - fusion_dual_defense - client 3 selected fusion benigns: [5, 6, 9]
2025-05-12 13:45:24,762 - DEBUG - util_fusion - fusion_dual_defense - client 4 scores: {0: array([17.66529896]), 1: array([18.69602339]), 2: array([16.85432761]), 3: array([18.83771347]), 4: array([18.76129058]), 5: array([24.19088925]), 6: array([22.70186265]), 7: array([19.04760484]), 8: array([18.57205477]), 9: array([21.72846735])}
2025-05-12 13:45:24,762 - DEBUG - util_fusion - fusion_dual_defense - client 4 norm scores: {0: array([0.11053834]), 1: array([0.25102982]), 2: array([0.]), 3: array([0.2703427]), 4: array([0.25992598]), 5: array([1.]), 6: array([0.79704027]), 7: array([0.29895165]), 8: array([0.23413245]), 9: array([0.66436295])}
2025-05-12 13:45:24,762 - DEBUG - util_fusion - fusion_dual_defense - client 4 similarity threshold: 0.38863241627226147
2025-05-12 13:45:24,763 - INFO - util_fusion - fusion_dual_defense - client 4 selected fusion benigns: [5, 6, 9]
2025-05-12 13:45:24,771 - DEBUG - util_fusion - fusion_dual_defense - client 5 scores: {0: array([17.66529896]), 1: array([18.69602339]), 2: array([16.85432761]), 3: array([18.83771347]), 4: array([18.76129058]), 5: array([24.19088925]), 6: array([22.70186265]), 7: array([19.04760484]), 8: array([18.57205477]), 9: array([21.72846735])}
2025-05-12 13:45:24,771 - DEBUG - util_fusion - fusion_dual_defense - client 5 norm scores: {0: array([0.11053834]), 1: array([0.25102982]), 2: array([0.]), 3: array([0.2703427]), 4: array([0.25992598]), 5: array([1.]), 6: array([0.79704027]), 7: array([0.29895165]), 8: array([0.23413245]), 9: array([0.66436295])}
2025-05-12 13:45:24,771 - DEBUG - util_fusion - fusion_dual_defense - client 5 similarity threshold: 0.38863241627226147
2025-05-12 13:45:24,772 - INFO - util_fusion - fusion_dual_defense - client 5 selected fusion benigns: [5, 6, 9]
2025-05-12 13:45:24,780 - DEBUG - util_fusion - fusion_dual_defense - client 6 scores: {0: array([17.66529896]), 1: array([18.69602339]), 2: array([16.85432761]), 3: array([18.83771347]), 4: array([18.76129058]), 5: array([24.19088925]), 6: array([22.70186265]), 7: array([19.04760484]), 8: array([18.57205477]), 9: array([21.72846735])}
2025-05-12 13:45:24,780 - DEBUG - util_fusion - fusion_dual_defense - client 6 norm scores: {0: array([0.11053834]), 1: array([0.25102982]), 2: array([0.]), 3: array([0.2703427]), 4: array([0.25992598]), 5: array([1.]), 6: array([0.79704027]), 7: array([0.29895165]), 8: array([0.23413245]), 9: array([0.66436295])}
2025-05-12 13:45:24,781 - DEBUG - util_fusion - fusion_dual_defense - client 6 similarity threshold: 0.38863241627226147
2025-05-12 13:45:24,781 - INFO - util_fusion - fusion_dual_defense - client 6 selected fusion benigns: [5, 6, 9]
2025-05-12 13:45:24,789 - DEBUG - util_fusion - fusion_dual_defense - client 7 scores: {0: array([17.66529896]), 1: array([18.69602339]), 2: array([16.85432761]), 3: array([18.83771347]), 4: array([18.76129058]), 5: array([24.19088925]), 6: array([22.70186265]), 7: array([19.04760484]), 8: array([18.57205477]), 9: array([21.72846735])}
2025-05-12 13:45:24,790 - DEBUG - util_fusion - fusion_dual_defense - client 7 norm scores: {0: array([0.11053834]), 1: array([0.25102982]), 2: array([0.]), 3: array([0.2703427]), 4: array([0.25992598]), 5: array([1.]), 6: array([0.79704027]), 7: array([0.29895165]), 8: array([0.23413245]), 9: array([0.66436295])}
2025-05-12 13:45:24,790 - DEBUG - util_fusion - fusion_dual_defense - client 7 similarity threshold: 0.38863241627226147
2025-05-12 13:45:24,790 - INFO - util_fusion - fusion_dual_defense - client 7 selected fusion benigns: [5, 6, 9]
2025-05-12 13:45:24,798 - DEBUG - util_fusion - fusion_dual_defense - client 8 scores: {0: array([17.66529896]), 1: array([18.69602339]), 2: array([16.85432761]), 3: array([18.83771347]), 4: array([18.76129058]), 5: array([24.19088925]), 6: array([22.70186265]), 7: array([19.04760484]), 8: array([18.57205477]), 9: array([21.72846735])}
2025-05-12 13:45:24,799 - DEBUG - util_fusion - fusion_dual_defense - client 8 norm scores: {0: array([0.11053834]), 1: array([0.25102982]), 2: array([0.]), 3: array([0.2703427]), 4: array([0.25992598]), 5: array([1.]), 6: array([0.79704027]), 7: array([0.29895165]), 8: array([0.23413245]), 9: array([0.66436295])}
2025-05-12 13:45:24,799 - DEBUG - util_fusion - fusion_dual_defense - client 8 similarity threshold: 0.38863241627226147
2025-05-12 13:45:24,799 - INFO - util_fusion - fusion_dual_defense - client 8 selected fusion benigns: [5, 6, 9]
2025-05-12 13:45:24,807 - DEBUG - util_fusion - fusion_dual_defense - client 9 scores: {0: array([17.66529896]), 1: array([18.69602339]), 2: array([16.85432761]), 3: array([18.83771347]), 4: array([18.76129058]), 5: array([24.19088925]), 6: array([22.70186265]), 7: array([19.04760484]), 8: array([18.57205477]), 9: array([21.72846735])}
2025-05-12 13:45:24,808 - DEBUG - util_fusion - fusion_dual_defense - client 9 norm scores: {0: array([0.11053834]), 1: array([0.25102982]), 2: array([0.]), 3: array([0.2703427]), 4: array([0.25992598]), 5: array([1.]), 6: array([0.79704027]), 7: array([0.29895165]), 8: array([0.23413245]), 9: array([0.66436295])}
2025-05-12 13:45:24,808 - DEBUG - util_fusion - fusion_dual_defense - client 9 similarity threshold: 0.38863241627226147
2025-05-12 13:45:24,808 - INFO - util_fusion - fusion_dual_defense - client 9 selected fusion benigns: [5, 6, 9]
2025-05-12 13:45:24,808 - DEBUG - util_fusion - fusion_dual_defense - final fusion benigns: (5, 6, 9)
2025-05-12 13:45:26,390 - INFO - fl - start - global side -  test accuracy: 52.56
2025-05-12 13:45:26,390 - INFO - fl - start - global side iteration 1 -  test accuracy: 52.56
2025-05-12 13:45:26,391 - INFO - fl - start - start training round 2
2025-05-12 13:45:26,392 - INFO - fl - start - round 2 attackers: [7, 9]
2025-05-12 13:45:26,392 - INFO - fl - start - start client 0 training
2025-05-12 13:45:26,392 - INFO - fl - client_local_train - client 0 start local training ...
2025-05-12 13:45:36,033 - INFO - fl - start - end client 0 training
2025-05-12 13:45:36,034 - INFO - fl - start - client 0 evaluation metrics: {'train_loss': 0.04008335735662634, 'test_acc': 58.31}
2025-05-12 13:45:36,034 - INFO - fl - start - start client 1 training
2025-05-12 13:45:36,034 - INFO - fl - client_local_train - client 1 start local training ...
2025-05-12 13:45:40,590 - INFO - fl - start - end client 1 training
2025-05-12 13:45:40,590 - INFO - fl - start - client 1 evaluation metrics: {'train_loss': 0.06150525060034345, 'test_acc': 60.99}
2025-05-12 13:45:40,590 - INFO - fl - start - start client 2 training
2025-05-12 13:45:40,591 - INFO - fl - client_local_train - client 2 start local training ...
2025-05-12 13:45:52,476 - INFO - fl - start - end client 2 training
2025-05-12 13:45:52,476 - INFO - fl - start - client 2 evaluation metrics: {'train_loss': 0.02878083745058258, 'test_acc': 58.76}
2025-05-12 13:45:52,476 - INFO - fl - start - start client 3 training
2025-05-12 13:45:52,476 - INFO - fl - client_local_train - client 3 start local training ...
2025-05-12 13:45:56,740 - INFO - fl - start - end client 3 training
2025-05-12 13:45:56,740 - INFO - fl - start - client 3 evaluation metrics: {'train_loss': 0.06415930894824366, 'test_acc': 65.56}
2025-05-12 13:45:56,740 - INFO - fl - start - start client 4 training
2025-05-12 13:45:56,740 - INFO - fl - client_local_train - client 4 start local training ...
2025-05-12 13:46:01,109 - INFO - fl - start - end client 4 training
2025-05-12 13:46:01,109 - INFO - fl - start - client 4 evaluation metrics: {'train_loss': 0.05954364159874417, 'test_acc': 66.41}
2025-05-12 13:46:01,109 - INFO - fl - start - start client 5 training
2025-05-12 13:46:01,109 - INFO - fl - client_local_train - client 5 start local training ...
2025-05-12 13:46:02,748 - INFO - fl - start - end client 5 training
2025-05-12 13:46:02,748 - INFO - fl - start - client 5 evaluation metrics: {'train_loss': 0.27839956618845463, 'test_acc': 30.28}
2025-05-12 13:46:02,748 - INFO - fl - start - start client 6 training
2025-05-12 13:46:02,748 - INFO - fl - client_local_train - client 6 start local training ...
2025-05-12 13:46:04,848 - INFO - fl - start - end client 6 training
2025-05-12 13:46:04,848 - INFO - fl - start - client 6 evaluation metrics: {'train_loss': 0.06311441286417999, 'test_acc': 38.2}
2025-05-12 13:46:04,848 - INFO - fl - start - start client 7 training
2025-05-12 13:46:04,848 - INFO - fl - client_local_train - client 7 start local training ...
2025-05-12 13:46:07,907 - INFO - fl - client_local_train - client 7 is attacker, start poisoning model
2025-05-12 13:46:12,207 - INFO - fl - start - end client 7 training
2025-05-12 13:46:12,207 - INFO - fl - start - client 7 evaluation metrics: {'train_loss': 138.08095439715606, 'test_acc': 57.11}
2025-05-12 13:46:12,207 - INFO - fl - start - start client 8 training
2025-05-12 13:46:12,207 - INFO - fl - client_local_train - client 8 start local training ...
2025-05-12 13:46:17,708 - INFO - fl - start - end client 8 training
2025-05-12 13:46:17,709 - INFO - fl - start - client 8 evaluation metrics: {'train_loss': 0.04884350093255075, 'test_acc': 59.03}
2025-05-12 13:46:17,709 - INFO - fl - start - start client 9 training
2025-05-12 13:46:17,709 - INFO - fl - client_local_train - client 9 start local training ...
2025-05-12 13:46:18,748 - INFO - fl - client_local_train - client 9 is attacker, start poisoning model
2025-05-12 13:46:21,974 - INFO - fl - start - end client 9 training
2025-05-12 13:46:21,974 - INFO - fl - start - client 9 evaluation metrics: {'train_loss': 136.9792103622899, 'test_acc': 58.33}
2025-05-12 13:46:21,974 - INFO - fl - aggregate_model - start model aggregation...fusion method: dual_defense
2025-05-12 13:46:21,974 - INFO - fl - aggregate_model - start hyper-guard fusion with epsilon 0.01
2025-05-12 13:46:21,974 - INFO - fl - aggregate_model - round 2 attackers: [9, 7]
2025-05-12 13:46:32,767 - DEBUG - util_fusion - fusion_dual_defense - client 0 scores: {0: array([40.75347627]), 1: array([41.82750391]), 2: array([38.88322997]), 3: array([42.33128206]), 4: array([42.06434151]), 5: array([50.34079997]), 6: array([49.61495208]), 7: array([43.09247393]), 8: array([42.4592127]), 9: array([48.385688])}
2025-05-12 13:46:32,768 - DEBUG - util_fusion - fusion_dual_defense - client 0 norm scores: {0: array([0.16323237]), 1: array([0.25697194]), 2: array([0.]), 3: array([0.30094096]), 4: array([0.27764278]), 5: array([1.]), 6: array([0.93664905]), 7: array([0.36737667]), 8: array([0.31210656]), 9: array([0.82936068])}
2025-05-12 13:46:32,768 - DEBUG - util_fusion - fusion_dual_defense - client 0 similarity threshold: 0.44442810036320884
2025-05-12 13:46:32,768 - INFO - util_fusion - fusion_dual_defense - client 0 selected fusion benigns: [5, 6, 9]
2025-05-12 13:46:32,777 - DEBUG - util_fusion - fusion_dual_defense - client 1 scores: {0: array([40.75347627]), 1: array([41.82750391]), 2: array([38.88322997]), 3: array([42.33128206]), 4: array([42.06434151]), 5: array([50.34079997]), 6: array([49.61495208]), 7: array([43.09247393]), 8: array([42.4592127]), 9: array([48.385688])}
2025-05-12 13:46:32,777 - DEBUG - util_fusion - fusion_dual_defense - client 1 norm scores: {0: array([0.16323237]), 1: array([0.25697194]), 2: array([0.]), 3: array([0.30094096]), 4: array([0.27764278]), 5: array([1.]), 6: array([0.93664905]), 7: array([0.36737667]), 8: array([0.31210656]), 9: array([0.82936068])}
2025-05-12 13:46:32,777 - DEBUG - util_fusion - fusion_dual_defense - client 1 similarity threshold: 0.44442810036320884
2025-05-12 13:46:32,777 - INFO - util_fusion - fusion_dual_defense - client 1 selected fusion benigns: [5, 6, 9]
2025-05-12 13:46:32,786 - DEBUG - util_fusion - fusion_dual_defense - client 2 scores: {0: array([40.75347627]), 1: array([41.82750391]), 2: array([38.88322997]), 3: array([42.33128206]), 4: array([42.06434151]), 5: array([50.34079997]), 6: array([49.61495208]), 7: array([43.09247393]), 8: array([42.4592127]), 9: array([48.385688])}
2025-05-12 13:46:32,786 - DEBUG - util_fusion - fusion_dual_defense - client 2 norm scores: {0: array([0.16323237]), 1: array([0.25697194]), 2: array([0.]), 3: array([0.30094096]), 4: array([0.27764278]), 5: array([1.]), 6: array([0.93664905]), 7: array([0.36737667]), 8: array([0.31210656]), 9: array([0.82936068])}
2025-05-12 13:46:32,787 - DEBUG - util_fusion - fusion_dual_defense - client 2 similarity threshold: 0.44442810036320884
2025-05-12 13:46:32,787 - INFO - util_fusion - fusion_dual_defense - client 2 selected fusion benigns: [5, 6, 9]
2025-05-12 13:46:32,795 - DEBUG - util_fusion - fusion_dual_defense - client 3 scores: {0: array([40.75347627]), 1: array([41.82750391]), 2: array([38.88322997]), 3: array([42.33128206]), 4: array([42.06434151]), 5: array([50.34079997]), 6: array([49.61495208]), 7: array([43.09247393]), 8: array([42.4592127]), 9: array([48.385688])}
2025-05-12 13:46:32,795 - DEBUG - util_fusion - fusion_dual_defense - client 3 norm scores: {0: array([0.16323237]), 1: array([0.25697194]), 2: array([0.]), 3: array([0.30094096]), 4: array([0.27764278]), 5: array([1.]), 6: array([0.93664905]), 7: array([0.36737667]), 8: array([0.31210656]), 9: array([0.82936068])}
2025-05-12 13:46:32,796 - DEBUG - util_fusion - fusion_dual_defense - client 3 similarity threshold: 0.44442810036320884
2025-05-12 13:46:32,796 - INFO - util_fusion - fusion_dual_defense - client 3 selected fusion benigns: [5, 6, 9]
2025-05-12 13:46:32,804 - DEBUG - util_fusion - fusion_dual_defense - client 4 scores: {0: array([40.75347627]), 1: array([41.82750391]), 2: array([38.88322997]), 3: array([42.33128206]), 4: array([42.06434151]), 5: array([50.34079997]), 6: array([49.61495208]), 7: array([43.09247393]), 8: array([42.4592127]), 9: array([48.385688])}
2025-05-12 13:46:32,805 - DEBUG - util_fusion - fusion_dual_defense - client 4 norm scores: {0: array([0.16323237]), 1: array([0.25697194]), 2: array([0.]), 3: array([0.30094096]), 4: array([0.27764278]), 5: array([1.]), 6: array([0.93664905]), 7: array([0.36737667]), 8: array([0.31210656]), 9: array([0.82936068])}
2025-05-12 13:46:32,805 - DEBUG - util_fusion - fusion_dual_defense - client 4 similarity threshold: 0.44442810036320884
2025-05-12 13:46:32,805 - INFO - util_fusion - fusion_dual_defense - client 4 selected fusion benigns: [5, 6, 9]
2025-05-12 13:46:32,813 - DEBUG - util_fusion - fusion_dual_defense - client 5 scores: {0: array([40.75347627]), 1: array([41.82750391]), 2: array([38.88322997]), 3: array([42.33128206]), 4: array([42.06434151]), 5: array([50.34079997]), 6: array([49.61495208]), 7: array([43.09247393]), 8: array([42.4592127]), 9: array([48.385688])}
2025-05-12 13:46:32,814 - DEBUG - util_fusion - fusion_dual_defense - client 5 norm scores: {0: array([0.16323237]), 1: array([0.25697194]), 2: array([0.]), 3: array([0.30094096]), 4: array([0.27764278]), 5: array([1.]), 6: array([0.93664905]), 7: array([0.36737667]), 8: array([0.31210656]), 9: array([0.82936068])}
2025-05-12 13:46:32,814 - DEBUG - util_fusion - fusion_dual_defense - client 5 similarity threshold: 0.44442810036320884
2025-05-12 13:46:32,814 - INFO - util_fusion - fusion_dual_defense - client 5 selected fusion benigns: [5, 6, 9]
2025-05-12 13:46:32,822 - DEBUG - util_fusion - fusion_dual_defense - client 6 scores: {0: array([40.75347627]), 1: array([41.82750391]), 2: array([38.88322997]), 3: array([42.33128206]), 4: array([42.06434151]), 5: array([50.34079997]), 6: array([49.61495208]), 7: array([43.09247393]), 8: array([42.4592127]), 9: array([48.385688])}
2025-05-12 13:46:32,823 - DEBUG - util_fusion - fusion_dual_defense - client 6 norm scores: {0: array([0.16323237]), 1: array([0.25697194]), 2: array([0.]), 3: array([0.30094096]), 4: array([0.27764278]), 5: array([1.]), 6: array([0.93664905]), 7: array([0.36737667]), 8: array([0.31210656]), 9: array([0.82936068])}
2025-05-12 13:46:32,823 - DEBUG - util_fusion - fusion_dual_defense - client 6 similarity threshold: 0.44442810036320884
2025-05-12 13:46:32,823 - INFO - util_fusion - fusion_dual_defense - client 6 selected fusion benigns: [5, 6, 9]
2025-05-12 13:46:32,831 - DEBUG - util_fusion - fusion_dual_defense - client 7 scores: {0: array([40.75347627]), 1: array([41.82750391]), 2: array([38.88322997]), 3: array([42.33128206]), 4: array([42.06434151]), 5: array([50.34079997]), 6: array([49.61495208]), 7: array([43.09247393]), 8: array([42.4592127]), 9: array([48.385688])}
2025-05-12 13:46:32,832 - DEBUG - util_fusion - fusion_dual_defense - client 7 norm scores: {0: array([0.16323237]), 1: array([0.25697194]), 2: array([0.]), 3: array([0.30094096]), 4: array([0.27764278]), 5: array([1.]), 6: array([0.93664905]), 7: array([0.36737667]), 8: array([0.31210656]), 9: array([0.82936068])}
2025-05-12 13:46:32,832 - DEBUG - util_fusion - fusion_dual_defense - client 7 similarity threshold: 0.44442810036320884
2025-05-12 13:46:32,832 - INFO - util_fusion - fusion_dual_defense - client 7 selected fusion benigns: [5, 6, 9]
2025-05-12 13:46:32,840 - DEBUG - util_fusion - fusion_dual_defense - client 8 scores: {0: array([40.75347627]), 1: array([41.82750391]), 2: array([38.88322997]), 3: array([42.33128206]), 4: array([42.06434151]), 5: array([50.34079997]), 6: array([49.61495208]), 7: array([43.09247393]), 8: array([42.4592127]), 9: array([48.385688])}
2025-05-12 13:46:32,841 - DEBUG - util_fusion - fusion_dual_defense - client 8 norm scores: {0: array([0.16323237]), 1: array([0.25697194]), 2: array([0.]), 3: array([0.30094096]), 4: array([0.27764278]), 5: array([1.]), 6: array([0.93664905]), 7: array([0.36737667]), 8: array([0.31210656]), 9: array([0.82936068])}
2025-05-12 13:46:32,841 - DEBUG - util_fusion - fusion_dual_defense - client 8 similarity threshold: 0.44442810036320884
2025-05-12 13:46:32,841 - INFO - util_fusion - fusion_dual_defense - client 8 selected fusion benigns: [5, 6, 9]
2025-05-12 13:46:32,851 - DEBUG - util_fusion - fusion_dual_defense - client 9 scores: {0: array([40.75347627]), 1: array([41.82750391]), 2: array([38.88322997]), 3: array([42.33128206]), 4: array([42.06434151]), 5: array([50.34079997]), 6: array([49.61495208]), 7: array([43.09247393]), 8: array([42.4592127]), 9: array([48.385688])}
2025-05-12 13:46:32,852 - DEBUG - util_fusion - fusion_dual_defense - client 9 norm scores: {0: array([0.16323237]), 1: array([0.25697194]), 2: array([0.]), 3: array([0.30094096]), 4: array([0.27764278]), 5: array([1.]), 6: array([0.93664905]), 7: array([0.36737667]), 8: array([0.31210656]), 9: array([0.82936068])}
2025-05-12 13:46:32,852 - DEBUG - util_fusion - fusion_dual_defense - client 9 similarity threshold: 0.44442810036320884
2025-05-12 13:46:32,852 - INFO - util_fusion - fusion_dual_defense - client 9 selected fusion benigns: [5, 6, 9]
2025-05-12 13:46:32,852 - DEBUG - util_fusion - fusion_dual_defense - final fusion benigns: (5, 6, 9)
2025-05-12 13:46:34,442 - INFO - fl - start - global side -  test accuracy: 59.66
2025-05-12 13:46:34,442 - INFO - fl - start - global side iteration 2 -  test accuracy: 59.66
2025-05-12 13:46:34,443 - INFO - fl - start - start training round 3
2025-05-12 13:46:34,444 - INFO - fl - start - round 3 attackers: [4, 1]
2025-05-12 13:46:34,444 - INFO - fl - start - start client 0 training
2025-05-12 13:46:34,444 - INFO - fl - client_local_train - client 0 start local training ...
2025-05-12 13:46:44,116 - INFO - fl - start - end client 0 training
2025-05-12 13:46:44,116 - INFO - fl - start - client 0 evaluation metrics: {'train_loss': 1.5309547326834918, 'test_acc': 11.35}
2025-05-12 13:46:44,116 - INFO - fl - start - start client 1 training
2025-05-12 13:46:44,116 - INFO - fl - client_local_train - client 1 start local training ...
2025-05-12 13:46:46,684 - INFO - fl - client_local_train - client 1 is attacker, start poisoning model
2025-05-12 13:46:50,727 - INFO - fl - start - end client 1 training
2025-05-12 13:46:50,727 - INFO - fl - start - client 1 evaluation metrics: {'train_loss': 41.71519120131867, 'test_acc': 9.74}
2025-05-12 13:46:50,727 - INFO - fl - start - start client 2 training
2025-05-12 13:46:50,727 - INFO - fl - client_local_train - client 2 start local training ...
2025-05-12 13:47:02,756 - INFO - fl - start - end client 2 training
2025-05-12 13:47:02,757 - INFO - fl - start - client 2 evaluation metrics: {'train_loss': 1.5941058600595754, 'test_acc': 9.82}
2025-05-12 13:47:02,757 - INFO - fl - start - start client 3 training
2025-05-12 13:47:02,757 - INFO - fl - client_local_train - client 3 start local training ...
2025-05-12 13:47:07,042 - INFO - fl - start - end client 3 training
2025-05-12 13:47:07,042 - INFO - fl - start - client 3 evaluation metrics: {'train_loss': 1.419260369406806, 'test_acc': 9.74}
2025-05-12 13:47:07,042 - INFO - fl - start - start client 4 training
2025-05-12 13:47:07,042 - INFO - fl - client_local_train - client 4 start local training ...
2025-05-12 13:47:09,441 - INFO - fl - client_local_train - client 4 is attacker, start poisoning model
2025-05-12 13:47:13,416 - INFO - fl - start - end client 4 training
2025-05-12 13:47:13,416 - INFO - fl - start - client 4 evaluation metrics: {'train_loss': 40.19321227718044, 'test_acc': 10.09}
2025-05-12 13:47:13,416 - INFO - fl - start - start client 5 training
2025-05-12 13:47:13,416 - INFO - fl - client_local_train - client 5 start local training ...
2025-05-12 13:47:15,071 - INFO - fl - start - end client 5 training
2025-05-12 13:47:15,071 - INFO - fl - start - client 5 evaluation metrics: {'train_loss': 0.9864428490400314, 'test_acc': 10.09}
2025-05-12 13:47:15,071 - INFO - fl - start - start client 6 training
2025-05-12 13:47:15,071 - INFO - fl - client_local_train - client 6 start local training ...
2025-05-12 13:47:17,177 - INFO - fl - start - end client 6 training
2025-05-12 13:47:17,177 - INFO - fl - start - client 6 evaluation metrics: {'train_loss': 1.2649527537195306, 'test_acc': 10.28}
2025-05-12 13:47:17,177 - INFO - fl - start - start client 7 training
2025-05-12 13:47:17,177 - INFO - fl - client_local_train - client 7 start local training ...
2025-05-12 13:47:22,419 - INFO - fl - start - end client 7 training
2025-05-12 13:47:22,419 - INFO - fl - start - client 7 evaluation metrics: {'train_loss': 1.5003918861088, 'test_acc': 11.35}
2025-05-12 13:47:22,419 - INFO - fl - start - start client 8 training
2025-05-12 13:47:22,419 - INFO - fl - client_local_train - client 8 start local training ...
2025-05-12 13:47:27,960 - INFO - fl - start - end client 8 training
2025-05-12 13:47:27,960 - INFO - fl - start - client 8 evaluation metrics: {'train_loss': 1.5798674868602378, 'test_acc': 10.1}
2025-05-12 13:47:27,960 - INFO - fl - start - start client 9 training
2025-05-12 13:47:27,960 - INFO - fl - client_local_train - client 9 start local training ...
2025-05-12 13:47:30,641 - INFO - fl - start - end client 9 training
2025-05-12 13:47:30,641 - INFO - fl - start - client 9 evaluation metrics: {'train_loss': 1.3450127551049897, 'test_acc': 12.72}
2025-05-12 13:47:30,641 - INFO - fl - aggregate_model - start model aggregation...fusion method: dual_defense
2025-05-12 13:47:30,641 - INFO - fl - aggregate_model - start hyper-guard fusion with epsilon 0.01
2025-05-12 13:47:30,641 - INFO - fl - aggregate_model - round 3 attackers: [1, 4]
2025-05-12 13:47:41,451 - DEBUG - util_fusion - fusion_dual_defense - client 0 scores: {0: array([18.29355791]), 1: array([5.08081779]), 2: array([6.19177732]), 3: array([5.8104143]), 4: array([9.77351973]), 5: array([6.76945236]), 6: array([9.55722958]), 7: array([12.1774253]), 8: array([7.87298774]), 9: array([32.01700415])}
2025-05-12 13:47:41,452 - DEBUG - util_fusion - fusion_dual_defense - client 0 norm scores: {0: array([0.49052007]), 1: array([0.]), 2: array([0.04124413]), 3: array([0.02708611]), 4: array([0.17421553]), 5: array([0.06269019]), 6: array([0.1661858]), 7: array([0.26345999]), 8: array([0.1036587]), 9: array([1.])}
2025-05-12 13:47:41,452 - DEBUG - util_fusion - fusion_dual_defense - client 0 similarity threshold: 0.23290605221224708
2025-05-12 13:47:41,452 - INFO - util_fusion - fusion_dual_defense - client 0 selected fusion benigns: [0, 7, 9]
2025-05-12 13:47:41,461 - DEBUG - util_fusion - fusion_dual_defense - client 1 scores: {0: array([18.29355791]), 1: array([5.08081779]), 2: array([6.19177732]), 3: array([5.8104143]), 4: array([9.77351973]), 5: array([6.76945236]), 6: array([9.55722958]), 7: array([12.1774253]), 8: array([7.87298774]), 9: array([32.01700415])}
2025-05-12 13:47:41,461 - DEBUG - util_fusion - fusion_dual_defense - client 1 norm scores: {0: array([0.49052007]), 1: array([0.]), 2: array([0.04124413]), 3: array([0.02708611]), 4: array([0.17421553]), 5: array([0.06269019]), 6: array([0.1661858]), 7: array([0.26345999]), 8: array([0.1036587]), 9: array([1.])}
2025-05-12 13:47:41,461 - DEBUG - util_fusion - fusion_dual_defense - client 1 similarity threshold: 0.23290605221224708
2025-05-12 13:47:41,461 - INFO - util_fusion - fusion_dual_defense - client 1 selected fusion benigns: [0, 7, 9]
2025-05-12 13:47:41,470 - DEBUG - util_fusion - fusion_dual_defense - client 2 scores: {0: array([18.29355791]), 1: array([5.08081779]), 2: array([6.19177732]), 3: array([5.8104143]), 4: array([9.77351973]), 5: array([6.76945236]), 6: array([9.55722958]), 7: array([12.1774253]), 8: array([7.87298774]), 9: array([32.01700415])}
2025-05-12 13:47:41,470 - DEBUG - util_fusion - fusion_dual_defense - client 2 norm scores: {0: array([0.49052007]), 1: array([0.]), 2: array([0.04124413]), 3: array([0.02708611]), 4: array([0.17421553]), 5: array([0.06269019]), 6: array([0.1661858]), 7: array([0.26345999]), 8: array([0.1036587]), 9: array([1.])}
2025-05-12 13:47:41,470 - DEBUG - util_fusion - fusion_dual_defense - client 2 similarity threshold: 0.23290605221224708
2025-05-12 13:47:41,470 - INFO - util_fusion - fusion_dual_defense - client 2 selected fusion benigns: [0, 7, 9]
2025-05-12 13:47:41,479 - DEBUG - util_fusion - fusion_dual_defense - client 3 scores: {0: array([18.29355791]), 1: array([5.08081779]), 2: array([6.19177732]), 3: array([5.8104143]), 4: array([9.77351973]), 5: array([6.76945236]), 6: array([9.55722958]), 7: array([12.1774253]), 8: array([7.87298774]), 9: array([32.01700415])}
2025-05-12 13:47:41,479 - DEBUG - util_fusion - fusion_dual_defense - client 3 norm scores: {0: array([0.49052007]), 1: array([0.]), 2: array([0.04124413]), 3: array([0.02708611]), 4: array([0.17421553]), 5: array([0.06269019]), 6: array([0.1661858]), 7: array([0.26345999]), 8: array([0.1036587]), 9: array([1.])}
2025-05-12 13:47:41,480 - DEBUG - util_fusion - fusion_dual_defense - client 3 similarity threshold: 0.23290605221224708
2025-05-12 13:47:41,480 - INFO - util_fusion - fusion_dual_defense - client 3 selected fusion benigns: [0, 7, 9]
2025-05-12 13:47:41,488 - DEBUG - util_fusion - fusion_dual_defense - client 4 scores: {0: array([18.29355791]), 1: array([5.08081779]), 2: array([6.19177732]), 3: array([5.8104143]), 4: array([9.77351973]), 5: array([6.76945236]), 6: array([9.55722958]), 7: array([12.1774253]), 8: array([7.87298774]), 9: array([32.01700415])}
2025-05-12 13:47:41,489 - DEBUG - util_fusion - fusion_dual_defense - client 4 norm scores: {0: array([0.49052007]), 1: array([0.]), 2: array([0.04124413]), 3: array([0.02708611]), 4: array([0.17421553]), 5: array([0.06269019]), 6: array([0.1661858]), 7: array([0.26345999]), 8: array([0.1036587]), 9: array([1.])}
2025-05-12 13:47:41,489 - DEBUG - util_fusion - fusion_dual_defense - client 4 similarity threshold: 0.23290605221224708
2025-05-12 13:47:41,489 - INFO - util_fusion - fusion_dual_defense - client 4 selected fusion benigns: [0, 7, 9]
2025-05-12 13:47:41,497 - DEBUG - util_fusion - fusion_dual_defense - client 5 scores: {0: array([18.29355791]), 1: array([5.08081779]), 2: array([6.19177732]), 3: array([5.8104143]), 4: array([9.77351973]), 5: array([6.76945236]), 6: array([9.55722958]), 7: array([12.1774253]), 8: array([7.87298774]), 9: array([32.01700415])}
2025-05-12 13:47:41,498 - DEBUG - util_fusion - fusion_dual_defense - client 5 norm scores: {0: array([0.49052007]), 1: array([0.]), 2: array([0.04124413]), 3: array([0.02708611]), 4: array([0.17421553]), 5: array([0.06269019]), 6: array([0.1661858]), 7: array([0.26345999]), 8: array([0.1036587]), 9: array([1.])}
2025-05-12 13:47:41,498 - DEBUG - util_fusion - fusion_dual_defense - client 5 similarity threshold: 0.23290605221224708
2025-05-12 13:47:41,498 - INFO - util_fusion - fusion_dual_defense - client 5 selected fusion benigns: [0, 7, 9]
2025-05-12 13:47:41,506 - DEBUG - util_fusion - fusion_dual_defense - client 6 scores: {0: array([18.29355791]), 1: array([5.08081779]), 2: array([6.19177732]), 3: array([5.8104143]), 4: array([9.77351973]), 5: array([6.76945236]), 6: array([9.55722958]), 7: array([12.1774253]), 8: array([7.87298774]), 9: array([32.01700415])}
2025-05-12 13:47:41,507 - DEBUG - util_fusion - fusion_dual_defense - client 6 norm scores: {0: array([0.49052007]), 1: array([0.]), 2: array([0.04124413]), 3: array([0.02708611]), 4: array([0.17421553]), 5: array([0.06269019]), 6: array([0.1661858]), 7: array([0.26345999]), 8: array([0.1036587]), 9: array([1.])}
2025-05-12 13:47:41,507 - DEBUG - util_fusion - fusion_dual_defense - client 6 similarity threshold: 0.23290605221224708
2025-05-12 13:47:41,507 - INFO - util_fusion - fusion_dual_defense - client 6 selected fusion benigns: [0, 7, 9]
2025-05-12 13:47:41,515 - DEBUG - util_fusion - fusion_dual_defense - client 7 scores: {0: array([18.29355791]), 1: array([5.08081779]), 2: array([6.19177732]), 3: array([5.8104143]), 4: array([9.77351973]), 5: array([6.76945236]), 6: array([9.55722958]), 7: array([12.1774253]), 8: array([7.87298774]), 9: array([32.01700415])}
2025-05-12 13:47:41,516 - DEBUG - util_fusion - fusion_dual_defense - client 7 norm scores: {0: array([0.49052007]), 1: array([0.]), 2: array([0.04124413]), 3: array([0.02708611]), 4: array([0.17421553]), 5: array([0.06269019]), 6: array([0.1661858]), 7: array([0.26345999]), 8: array([0.1036587]), 9: array([1.])}
2025-05-12 13:47:41,516 - DEBUG - util_fusion - fusion_dual_defense - client 7 similarity threshold: 0.23290605221224708
2025-05-12 13:47:41,516 - INFO - util_fusion - fusion_dual_defense - client 7 selected fusion benigns: [0, 7, 9]
2025-05-12 13:47:41,524 - DEBUG - util_fusion - fusion_dual_defense - client 8 scores: {0: array([18.29355791]), 1: array([5.08081779]), 2: array([6.19177732]), 3: array([5.8104143]), 4: array([9.77351973]), 5: array([6.76945236]), 6: array([9.55722958]), 7: array([12.1774253]), 8: array([7.87298774]), 9: array([32.01700415])}
2025-05-12 13:47:41,525 - DEBUG - util_fusion - fusion_dual_defense - client 8 norm scores: {0: array([0.49052007]), 1: array([0.]), 2: array([0.04124413]), 3: array([0.02708611]), 4: array([0.17421553]), 5: array([0.06269019]), 6: array([0.1661858]), 7: array([0.26345999]), 8: array([0.1036587]), 9: array([1.])}
2025-05-12 13:47:41,525 - DEBUG - util_fusion - fusion_dual_defense - client 8 similarity threshold: 0.23290605221224708
2025-05-12 13:47:41,525 - INFO - util_fusion - fusion_dual_defense - client 8 selected fusion benigns: [0, 7, 9]
2025-05-12 13:47:41,533 - DEBUG - util_fusion - fusion_dual_defense - client 9 scores: {0: array([18.29355791]), 1: array([5.08081779]), 2: array([6.19177732]), 3: array([5.8104143]), 4: array([9.77351973]), 5: array([6.76945236]), 6: array([9.55722958]), 7: array([12.1774253]), 8: array([7.87298774]), 9: array([32.01700415])}
2025-05-12 13:47:41,534 - DEBUG - util_fusion - fusion_dual_defense - client 9 norm scores: {0: array([0.49052007]), 1: array([0.]), 2: array([0.04124413]), 3: array([0.02708611]), 4: array([0.17421553]), 5: array([0.06269019]), 6: array([0.1661858]), 7: array([0.26345999]), 8: array([0.1036587]), 9: array([1.])}
2025-05-12 13:47:41,534 - DEBUG - util_fusion - fusion_dual_defense - client 9 similarity threshold: 0.23290605221224708
2025-05-12 13:47:41,534 - INFO - util_fusion - fusion_dual_defense - client 9 selected fusion benigns: [0, 7, 9]
2025-05-12 13:47:41,534 - DEBUG - util_fusion - fusion_dual_defense - final fusion benigns: (0, 7, 9)
2025-05-12 13:47:43,125 - INFO - fl - start - global side -  test accuracy: 11.35
2025-05-12 13:47:43,125 - INFO - fl - start - global side iteration 3 -  test accuracy: 11.35
2025-05-12 13:47:43,126 - INFO - fl - start - start training round 4
2025-05-12 13:47:43,127 - INFO - fl - start - round 4 attackers: [1, 4]
2025-05-12 13:47:43,127 - INFO - fl - start - start client 0 training
2025-05-12 13:47:43,127 - INFO - fl - client_local_train - client 0 start local training ...
2025-05-12 13:47:52,769 - INFO - fl - start - end client 0 training
2025-05-12 13:47:52,769 - INFO - fl - start - client 0 evaluation metrics: {'train_loss': 1.5224695053006627, 'test_acc': 11.35}
2025-05-12 13:47:52,769 - INFO - fl - start - start client 1 training
2025-05-12 13:47:52,769 - INFO - fl - client_local_train - client 1 start local training ...
2025-05-12 13:47:55,332 - INFO - fl - client_local_train - client 1 is attacker, start poisoning model
2025-05-12 13:47:59,378 - INFO - fl - start - end client 1 training
2025-05-12 13:47:59,379 - INFO - fl - start - client 1 evaluation metrics: {'train_loss': 23.96963183487518, 'test_acc': 9.74}
2025-05-12 13:47:59,379 - INFO - fl - start - start client 2 training
2025-05-12 13:47:59,379 - INFO - fl - client_local_train - client 2 start local training ...
2025-05-12 13:48:11,368 - INFO - fl - start - end client 2 training
2025-05-12 13:48:11,368 - INFO - fl - start - client 2 evaluation metrics: {'train_loss': 1.5918715896532518, 'test_acc': 9.82}
2025-05-12 13:48:11,368 - INFO - fl - start - start client 3 training
2025-05-12 13:48:11,368 - INFO - fl - client_local_train - client 3 start local training ...
2025-05-12 13:48:15,651 - INFO - fl - start - end client 3 training
2025-05-12 13:48:15,651 - INFO - fl - start - client 3 evaluation metrics: {'train_loss': 1.4129815581772063, 'test_acc': 9.74}
2025-05-12 13:48:15,651 - INFO - fl - start - start client 4 training
2025-05-12 13:48:15,651 - INFO - fl - client_local_train - client 4 start local training ...
2025-05-12 13:48:18,062 - INFO - fl - client_local_train - client 4 is attacker, start poisoning model
2025-05-12 13:48:22,026 - INFO - fl - start - end client 4 training
2025-05-12 13:48:22,026 - INFO - fl - start - client 4 evaluation metrics: {'train_loss': 15.77484951148162, 'test_acc': 10.09}
2025-05-12 13:48:22,026 - INFO - fl - start - start client 5 training
2025-05-12 13:48:22,026 - INFO - fl - client_local_train - client 5 start local training ...
2025-05-12 13:48:23,674 - INFO - fl - start - end client 5 training
2025-05-12 13:48:23,674 - INFO - fl - start - client 5 evaluation metrics: {'train_loss': 1.4275928735733032, 'test_acc': 10.09}
2025-05-12 13:48:23,674 - INFO - fl - start - start client 6 training
2025-05-12 13:48:23,674 - INFO - fl - client_local_train - client 6 start local training ...
2025-05-12 13:48:25,781 - INFO - fl - start - end client 6 training
2025-05-12 13:48:25,781 - INFO - fl - start - client 6 evaluation metrics: {'train_loss': 1.2872114369743748, 'test_acc': 10.28}
2025-05-12 13:48:25,781 - INFO - fl - start - start client 7 training
2025-05-12 13:48:25,781 - INFO - fl - client_local_train - client 7 start local training ...
2025-05-12 13:48:31,037 - INFO - fl - start - end client 7 training
2025-05-12 13:48:31,038 - INFO - fl - start - client 7 evaluation metrics: {'train_loss': 1.488416381886131, 'test_acc': 10.1}
2025-05-12 13:48:31,038 - INFO - fl - start - start client 8 training
2025-05-12 13:48:31,038 - INFO - fl - client_local_train - client 8 start local training ...
2025-05-12 13:48:36,552 - INFO - fl - start - end client 8 training
2025-05-12 13:48:36,552 - INFO - fl - start - client 8 evaluation metrics: {'train_loss': 1.571933765037387, 'test_acc': 9.58}
2025-05-12 13:48:36,552 - INFO - fl - start - start client 9 training
2025-05-12 13:48:36,552 - INFO - fl - client_local_train - client 9 start local training ...
2025-05-12 13:48:39,221 - INFO - fl - start - end client 9 training
2025-05-12 13:48:39,221 - INFO - fl - start - client 9 evaluation metrics: {'train_loss': 1.4937372424385764, 'test_acc': 10.28}
2025-05-12 13:48:39,221 - INFO - fl - aggregate_model - start model aggregation...fusion method: dual_defense
2025-05-12 13:48:39,221 - INFO - fl - aggregate_model - start hyper-guard fusion with epsilon 0.01
2025-05-12 13:48:39,221 - INFO - fl - aggregate_model - round 4 attackers: [1, 4]
2025-05-12 13:48:50,050 - DEBUG - util_fusion - fusion_dual_defense - client 0 scores: {0: array([34.56703184]), 1: array([34.56644659]), 2: array([34.56938677]), 3: array([34.60433781]), 4: array([34.58018635]), 5: array([34.60956411]), 6: array([34.58601522]), 7: array([34.57882547]), 8: array([34.60724312]), 9: array([34.60944935])}
2025-05-12 13:48:50,051 - DEBUG - util_fusion - fusion_dual_defense - client 0 norm scores: {0: array([0.01357347]), 1: array([0.]), 2: array([0.06818999]), 3: array([0.87878942]), 4: array([0.31865842]), 5: array([1.]), 6: array([0.45384411]), 7: array([0.28709633]), 8: array([0.94617062]), 9: array([0.99733834])}
2025-05-12 13:48:50,051 - DEBUG - util_fusion - fusion_dual_defense - client 0 similarity threshold: 0.4963660705774841
2025-05-12 13:48:50,051 - INFO - util_fusion - fusion_dual_defense - client 0 selected fusion benigns: [3, 5, 8, 9]
2025-05-12 13:48:50,060 - DEBUG - util_fusion - fusion_dual_defense - client 1 scores: {0: array([34.56703184]), 1: array([34.56644659]), 2: array([34.56938677]), 3: array([34.60433781]), 4: array([34.58018635]), 5: array([34.60956411]), 6: array([34.58601522]), 7: array([34.57882547]), 8: array([34.60724312]), 9: array([34.60944935])}
2025-05-12 13:48:50,060 - DEBUG - util_fusion - fusion_dual_defense - client 1 norm scores: {0: array([0.01357347]), 1: array([0.]), 2: array([0.06818999]), 3: array([0.87878942]), 4: array([0.31865842]), 5: array([1.]), 6: array([0.45384411]), 7: array([0.28709633]), 8: array([0.94617062]), 9: array([0.99733834])}
2025-05-12 13:48:50,060 - DEBUG - util_fusion - fusion_dual_defense - client 1 similarity threshold: 0.4963660705774841
2025-05-12 13:48:50,060 - INFO - util_fusion - fusion_dual_defense - client 1 selected fusion benigns: [3, 5, 8, 9]
2025-05-12 13:48:50,069 - DEBUG - util_fusion - fusion_dual_defense - client 2 scores: {0: array([34.56703184]), 1: array([34.56644659]), 2: array([34.56938677]), 3: array([34.60433781]), 4: array([34.58018635]), 5: array([34.60956411]), 6: array([34.58601522]), 7: array([34.57882547]), 8: array([34.60724312]), 9: array([34.60944935])}
2025-05-12 13:48:50,069 - DEBUG - util_fusion - fusion_dual_defense - client 2 norm scores: {0: array([0.01357347]), 1: array([0.]), 2: array([0.06818999]), 3: array([0.87878942]), 4: array([0.31865842]), 5: array([1.]), 6: array([0.45384411]), 7: array([0.28709633]), 8: array([0.94617062]), 9: array([0.99733834])}
2025-05-12 13:48:50,069 - DEBUG - util_fusion - fusion_dual_defense - client 2 similarity threshold: 0.4963660705774841
2025-05-12 13:48:50,069 - INFO - util_fusion - fusion_dual_defense - client 2 selected fusion benigns: [3, 5, 8, 9]
2025-05-12 13:48:50,078 - DEBUG - util_fusion - fusion_dual_defense - client 3 scores: {0: array([34.56703184]), 1: array([34.56644659]), 2: array([34.56938677]), 3: array([34.60433781]), 4: array([34.58018635]), 5: array([34.60956411]), 6: array([34.58601522]), 7: array([34.57882547]), 8: array([34.60724312]), 9: array([34.60944935])}
2025-05-12 13:48:50,078 - DEBUG - util_fusion - fusion_dual_defense - client 3 norm scores: {0: array([0.01357347]), 1: array([0.]), 2: array([0.06818999]), 3: array([0.87878942]), 4: array([0.31865842]), 5: array([1.]), 6: array([0.45384411]), 7: array([0.28709633]), 8: array([0.94617062]), 9: array([0.99733834])}
2025-05-12 13:48:50,078 - DEBUG - util_fusion - fusion_dual_defense - client 3 similarity threshold: 0.4963660705774841
2025-05-12 13:48:50,078 - INFO - util_fusion - fusion_dual_defense - client 3 selected fusion benigns: [3, 5, 8, 9]
2025-05-12 13:48:50,087 - DEBUG - util_fusion - fusion_dual_defense - client 4 scores: {0: array([34.56703184]), 1: array([34.56644659]), 2: array([34.56938677]), 3: array([34.60433781]), 4: array([34.58018635]), 5: array([34.60956411]), 6: array([34.58601522]), 7: array([34.57882547]), 8: array([34.60724312]), 9: array([34.60944935])}
2025-05-12 13:48:50,087 - DEBUG - util_fusion - fusion_dual_defense - client 4 norm scores: {0: array([0.01357347]), 1: array([0.]), 2: array([0.06818999]), 3: array([0.87878942]), 4: array([0.31865842]), 5: array([1.]), 6: array([0.45384411]), 7: array([0.28709633]), 8: array([0.94617062]), 9: array([0.99733834])}
2025-05-12 13:48:50,087 - DEBUG - util_fusion - fusion_dual_defense - client 4 similarity threshold: 0.4963660705774841
2025-05-12 13:48:50,087 - INFO - util_fusion - fusion_dual_defense - client 4 selected fusion benigns: [3, 5, 8, 9]
2025-05-12 13:48:50,096 - DEBUG - util_fusion - fusion_dual_defense - client 5 scores: {0: array([34.56703184]), 1: array([34.56644659]), 2: array([34.56938677]), 3: array([34.60433781]), 4: array([34.58018635]), 5: array([34.60956411]), 6: array([34.58601522]), 7: array([34.57882547]), 8: array([34.60724312]), 9: array([34.60944935])}
2025-05-12 13:48:50,096 - DEBUG - util_fusion - fusion_dual_defense - client 5 norm scores: {0: array([0.01357347]), 1: array([0.]), 2: array([0.06818999]), 3: array([0.87878942]), 4: array([0.31865842]), 5: array([1.]), 6: array([0.45384411]), 7: array([0.28709633]), 8: array([0.94617062]), 9: array([0.99733834])}
2025-05-12 13:48:50,096 - DEBUG - util_fusion - fusion_dual_defense - client 5 similarity threshold: 0.4963660705774841
2025-05-12 13:48:50,096 - INFO - util_fusion - fusion_dual_defense - client 5 selected fusion benigns: [3, 5, 8, 9]
2025-05-12 13:48:50,105 - DEBUG - util_fusion - fusion_dual_defense - client 6 scores: {0: array([34.56703184]), 1: array([34.56644659]), 2: array([34.56938677]), 3: array([34.60433781]), 4: array([34.58018635]), 5: array([34.60956411]), 6: array([34.58601522]), 7: array([34.57882547]), 8: array([34.60724312]), 9: array([34.60944935])}
2025-05-12 13:48:50,105 - DEBUG - util_fusion - fusion_dual_defense - client 6 norm scores: {0: array([0.01357347]), 1: array([0.]), 2: array([0.06818999]), 3: array([0.87878942]), 4: array([0.31865842]), 5: array([1.]), 6: array([0.45384411]), 7: array([0.28709633]), 8: array([0.94617062]), 9: array([0.99733834])}
2025-05-12 13:48:50,105 - DEBUG - util_fusion - fusion_dual_defense - client 6 similarity threshold: 0.4963660705774841
2025-05-12 13:48:50,106 - INFO - util_fusion - fusion_dual_defense - client 6 selected fusion benigns: [3, 5, 8, 9]
2025-05-12 13:48:50,114 - DEBUG - util_fusion - fusion_dual_defense - client 7 scores: {0: array([34.56703184]), 1: array([34.56644659]), 2: array([34.56938677]), 3: array([34.60433781]), 4: array([34.58018635]), 5: array([34.60956411]), 6: array([34.58601522]), 7: array([34.57882547]), 8: array([34.60724312]), 9: array([34.60944935])}
2025-05-12 13:48:50,115 - DEBUG - util_fusion - fusion_dual_defense - client 7 norm scores: {0: array([0.01357347]), 1: array([0.]), 2: array([0.06818999]), 3: array([0.87878942]), 4: array([0.31865842]), 5: array([1.]), 6: array([0.45384411]), 7: array([0.28709633]), 8: array([0.94617062]), 9: array([0.99733834])}
2025-05-12 13:48:50,115 - DEBUG - util_fusion - fusion_dual_defense - client 7 similarity threshold: 0.4963660705774841
2025-05-12 13:48:50,115 - INFO - util_fusion - fusion_dual_defense - client 7 selected fusion benigns: [3, 5, 8, 9]
2025-05-12 13:48:50,123 - DEBUG - util_fusion - fusion_dual_defense - client 8 scores: {0: array([34.56703184]), 1: array([34.56644659]), 2: array([34.56938677]), 3: array([34.60433781]), 4: array([34.58018635]), 5: array([34.60956411]), 6: array([34.58601522]), 7: array([34.57882547]), 8: array([34.60724312]), 9: array([34.60944935])}
2025-05-12 13:48:50,124 - DEBUG - util_fusion - fusion_dual_defense - client 8 norm scores: {0: array([0.01357347]), 1: array([0.]), 2: array([0.06818999]), 3: array([0.87878942]), 4: array([0.31865842]), 5: array([1.]), 6: array([0.45384411]), 7: array([0.28709633]), 8: array([0.94617062]), 9: array([0.99733834])}
2025-05-12 13:48:50,124 - DEBUG - util_fusion - fusion_dual_defense - client 8 similarity threshold: 0.4963660705774841
2025-05-12 13:48:50,124 - INFO - util_fusion - fusion_dual_defense - client 8 selected fusion benigns: [3, 5, 8, 9]
2025-05-12 13:48:50,132 - DEBUG - util_fusion - fusion_dual_defense - client 9 scores: {0: array([34.56703184]), 1: array([34.56644659]), 2: array([34.56938677]), 3: array([34.60433781]), 4: array([34.58018635]), 5: array([34.60956411]), 6: array([34.58601522]), 7: array([34.57882547]), 8: array([34.60724312]), 9: array([34.60944935])}
2025-05-12 13:48:50,133 - DEBUG - util_fusion - fusion_dual_defense - client 9 norm scores: {0: array([0.01357347]), 1: array([0.]), 2: array([0.06818999]), 3: array([0.87878942]), 4: array([0.31865842]), 5: array([1.]), 6: array([0.45384411]), 7: array([0.28709633]), 8: array([0.94617062]), 9: array([0.99733834])}
2025-05-12 13:48:50,133 - DEBUG - util_fusion - fusion_dual_defense - client 9 similarity threshold: 0.4963660705774841
2025-05-12 13:48:50,133 - INFO - util_fusion - fusion_dual_defense - client 9 selected fusion benigns: [3, 5, 8, 9]
2025-05-12 13:48:50,133 - DEBUG - util_fusion - fusion_dual_defense - final fusion benigns: (3, 5, 8, 9)
2025-05-12 13:48:51,781 - INFO - fl - start - global side -  test accuracy: 9.58
2025-05-12 13:48:51,781 - INFO - fl - start - global side iteration 4 -  test accuracy: 9.58
2025-05-12 13:48:51,782 - INFO - fl - start - start training round 5
2025-05-12 13:48:51,783 - INFO - fl - start - round 5 attackers: [6, 1]
2025-05-12 13:48:51,783 - INFO - fl - start - start client 0 training
2025-05-12 13:48:51,783 - INFO - fl - client_local_train - client 0 start local training ...
2025-05-12 13:49:01,475 - INFO - fl - start - end client 0 training
2025-05-12 13:49:01,475 - INFO - fl - start - client 0 evaluation metrics: {'train_loss': 1.5278644919982685, 'test_acc': 11.35}
2025-05-12 13:49:01,475 - INFO - fl - start - start client 1 training
2025-05-12 13:49:01,475 - INFO - fl - client_local_train - client 1 start local training ...
2025-05-12 13:49:04,084 - INFO - fl - client_local_train - client 1 is attacker, start poisoning model
2025-05-12 13:49:08,103 - INFO - fl - start - end client 1 training
2025-05-12 13:49:08,103 - INFO - fl - start - client 1 evaluation metrics: {'train_loss': 13.681863784790039, 'test_acc': 9.74}
2025-05-12 13:49:08,103 - INFO - fl - start - start client 2 training
2025-05-12 13:49:08,103 - INFO - fl - client_local_train - client 2 start local training ...
2025-05-12 13:49:19,980 - INFO - fl - start - end client 2 training
2025-05-12 13:49:19,980 - INFO - fl - start - client 2 evaluation metrics: {'train_loss': 1.5918329307275225, 'test_acc': 9.82}
2025-05-12 13:49:19,980 - INFO - fl - start - start client 3 training
2025-05-12 13:49:19,980 - INFO - fl - client_local_train - client 3 start local training ...
2025-05-12 13:49:24,216 - INFO - fl - start - end client 3 training
2025-05-12 13:49:24,216 - INFO - fl - start - client 3 evaluation metrics: {'train_loss': 1.3945977770619922, 'test_acc': 9.74}
2025-05-12 13:49:24,216 - INFO - fl - start - start client 4 training
2025-05-12 13:49:24,216 - INFO - fl - client_local_train - client 4 start local training ...
2025-05-12 13:49:28,577 - INFO - fl - start - end client 4 training
2025-05-12 13:49:28,577 - INFO - fl - start - client 4 evaluation metrics: {'train_loss': 1.4418053127623893, 'test_acc': 10.09}
2025-05-12 13:49:28,577 - INFO - fl - start - start client 5 training
2025-05-12 13:49:28,577 - INFO - fl - client_local_train - client 5 start local training ...
2025-05-12 13:49:30,208 - INFO - fl - start - end client 5 training
2025-05-12 13:49:30,208 - INFO - fl - start - client 5 evaluation metrics: {'train_loss': 1.7815170884132385, 'test_acc': 10.09}
2025-05-12 13:49:30,208 - INFO - fl - start - start client 6 training
2025-05-12 13:49:30,208 - INFO - fl - client_local_train - client 6 start local training ...
2025-05-12 13:49:30,812 - INFO - fl - client_local_train - client 6 is attacker, start poisoning model
2025-05-12 13:49:33,789 - INFO - fl - start - end client 6 training
2025-05-12 13:49:33,789 - INFO - fl - start - client 6 evaluation metrics: {'train_loss': 12.498214470712762, 'test_acc': 10.28}
2025-05-12 13:49:33,789 - INFO - fl - start - start client 7 training
2025-05-12 13:49:33,798 - INFO - fl - client_local_train - client 7 start local training ...
2025-05-12 13:49:38,992 - INFO - fl - start - end client 7 training
2025-05-12 13:49:38,992 - INFO - fl - start - client 7 evaluation metrics: {'train_loss': 1.4977562879261217, 'test_acc': 11.35}
2025-05-12 13:49:38,992 - INFO - fl - start - start client 8 training
2025-05-12 13:49:38,993 - INFO - fl - client_local_train - client 8 start local training ...
2025-05-12 13:49:44,451 - INFO - fl - start - end client 8 training
2025-05-12 13:49:44,451 - INFO - fl - start - client 8 evaluation metrics: {'train_loss': 1.5530382067549462, 'test_acc': 10.1}
2025-05-12 13:49:44,451 - INFO - fl - start - start client 9 training
2025-05-12 13:49:44,451 - INFO - fl - client_local_train - client 9 start local training ...
2025-05-12 13:49:47,098 - INFO - fl - start - end client 9 training
2025-05-12 13:49:47,098 - INFO - fl - start - client 9 evaluation metrics: {'train_loss': 1.4843061476042776, 'test_acc': 10.28}
2025-05-12 13:49:47,098 - INFO - fl - aggregate_model - start model aggregation...fusion method: dual_defense
2025-05-12 13:49:47,098 - INFO - fl - aggregate_model - start hyper-guard fusion with epsilon 0.01
2025-05-12 13:49:47,098 - INFO - fl - aggregate_model - round 5 attackers: [1, 6]
2025-05-12 13:49:57,845 - DEBUG - util_fusion - fusion_dual_defense - client 0 scores: {0: array([15.49039752]), 1: array([15.49308744]), 2: array([15.48555038]), 3: array([15.50182805]), 4: array([15.49412842]), 5: array([15.50923713]), 6: array([15.50487646]), 7: array([15.49521184]), 8: array([15.5022786]), 9: array([15.50634888])}
2025-05-12 13:49:57,845 - DEBUG - util_fusion - fusion_dual_defense - client 0 norm scores: {0: array([0.20463473]), 1: array([0.31819706]), 2: array([0.]), 3: array([0.68720584]), 4: array([0.36214481]), 5: array([1.]), 6: array([0.81590259]), 7: array([0.40788461]), 8: array([0.70622676]), 9: array([0.87806476])}
2025-05-12 13:49:57,846 - DEBUG - util_fusion - fusion_dual_defense - client 0 similarity threshold: 0.5380261158900073
2025-05-12 13:49:57,846 - INFO - util_fusion - fusion_dual_defense - client 0 selected fusion benigns: [3, 5, 6, 8, 9]
2025-05-12 13:49:57,854 - DEBUG - util_fusion - fusion_dual_defense - client 1 scores: {0: array([15.49039752]), 1: array([15.49308744]), 2: array([15.48555038]), 3: array([15.50182805]), 4: array([15.49412842]), 5: array([15.50923713]), 6: array([15.50487646]), 7: array([15.49521184]), 8: array([15.5022786]), 9: array([15.50634888])}
2025-05-12 13:49:57,855 - DEBUG - util_fusion - fusion_dual_defense - client 1 norm scores: {0: array([0.20463473]), 1: array([0.31819706]), 2: array([0.]), 3: array([0.68720584]), 4: array([0.36214481]), 5: array([1.]), 6: array([0.81590259]), 7: array([0.40788461]), 8: array([0.70622676]), 9: array([0.87806476])}
2025-05-12 13:49:57,855 - DEBUG - util_fusion - fusion_dual_defense - client 1 similarity threshold: 0.5380261158900073
2025-05-12 13:49:57,855 - INFO - util_fusion - fusion_dual_defense - client 1 selected fusion benigns: [3, 5, 6, 8, 9]
2025-05-12 13:49:57,865 - DEBUG - util_fusion - fusion_dual_defense - client 2 scores: {0: array([15.49039752]), 1: array([15.49308744]), 2: array([15.48555038]), 3: array([15.50182805]), 4: array([15.49412842]), 5: array([15.50923713]), 6: array([15.50487646]), 7: array([15.49521184]), 8: array([15.5022786]), 9: array([15.50634888])}
2025-05-12 13:49:57,865 - DEBUG - util_fusion - fusion_dual_defense - client 2 norm scores: {0: array([0.20463473]), 1: array([0.31819706]), 2: array([0.]), 3: array([0.68720584]), 4: array([0.36214481]), 5: array([1.]), 6: array([0.81590259]), 7: array([0.40788461]), 8: array([0.70622676]), 9: array([0.87806476])}
2025-05-12 13:49:57,866 - DEBUG - util_fusion - fusion_dual_defense - client 2 similarity threshold: 0.5380261158900073
2025-05-12 13:49:57,866 - INFO - util_fusion - fusion_dual_defense - client 2 selected fusion benigns: [3, 5, 6, 8, 9]
2025-05-12 13:49:57,874 - DEBUG - util_fusion - fusion_dual_defense - client 3 scores: {0: array([15.49039752]), 1: array([15.49308744]), 2: array([15.48555038]), 3: array([15.50182805]), 4: array([15.49412842]), 5: array([15.50923713]), 6: array([15.50487646]), 7: array([15.49521184]), 8: array([15.5022786]), 9: array([15.50634888])}
2025-05-12 13:49:57,875 - DEBUG - util_fusion - fusion_dual_defense - client 3 norm scores: {0: array([0.20463473]), 1: array([0.31819706]), 2: array([0.]), 3: array([0.68720584]), 4: array([0.36214481]), 5: array([1.]), 6: array([0.81590259]), 7: array([0.40788461]), 8: array([0.70622676]), 9: array([0.87806476])}
2025-05-12 13:49:57,875 - DEBUG - util_fusion - fusion_dual_defense - client 3 similarity threshold: 0.5380261158900073
2025-05-12 13:49:57,875 - INFO - util_fusion - fusion_dual_defense - client 3 selected fusion benigns: [3, 5, 6, 8, 9]
2025-05-12 13:49:57,883 - DEBUG - util_fusion - fusion_dual_defense - client 4 scores: {0: array([15.49039752]), 1: array([15.49308744]), 2: array([15.48555038]), 3: array([15.50182805]), 4: array([15.49412842]), 5: array([15.50923713]), 6: array([15.50487646]), 7: array([15.49521184]), 8: array([15.5022786]), 9: array([15.50634888])}
2025-05-12 13:49:57,884 - DEBUG - util_fusion - fusion_dual_defense - client 4 norm scores: {0: array([0.20463473]), 1: array([0.31819706]), 2: array([0.]), 3: array([0.68720584]), 4: array([0.36214481]), 5: array([1.]), 6: array([0.81590259]), 7: array([0.40788461]), 8: array([0.70622676]), 9: array([0.87806476])}
2025-05-12 13:49:57,884 - DEBUG - util_fusion - fusion_dual_defense - client 4 similarity threshold: 0.5380261158900073
2025-05-12 13:49:57,884 - INFO - util_fusion - fusion_dual_defense - client 4 selected fusion benigns: [3, 5, 6, 8, 9]
2025-05-12 13:49:57,892 - DEBUG - util_fusion - fusion_dual_defense - client 5 scores: {0: array([15.49039752]), 1: array([15.49308744]), 2: array([15.48555038]), 3: array([15.50182805]), 4: array([15.49412842]), 5: array([15.50923713]), 6: array([15.50487646]), 7: array([15.49521184]), 8: array([15.5022786]), 9: array([15.50634888])}
2025-05-12 13:49:57,893 - DEBUG - util_fusion - fusion_dual_defense - client 5 norm scores: {0: array([0.20463473]), 1: array([0.31819706]), 2: array([0.]), 3: array([0.68720584]), 4: array([0.36214481]), 5: array([1.]), 6: array([0.81590259]), 7: array([0.40788461]), 8: array([0.70622676]), 9: array([0.87806476])}
2025-05-12 13:49:57,893 - DEBUG - util_fusion - fusion_dual_defense - client 5 similarity threshold: 0.5380261158900073
2025-05-12 13:49:57,893 - INFO - util_fusion - fusion_dual_defense - client 5 selected fusion benigns: [3, 5, 6, 8, 9]
2025-05-12 13:49:57,901 - DEBUG - util_fusion - fusion_dual_defense - client 6 scores: {0: array([15.49039752]), 1: array([15.49308744]), 2: array([15.48555038]), 3: array([15.50182805]), 4: array([15.49412842]), 5: array([15.50923713]), 6: array([15.50487646]), 7: array([15.49521184]), 8: array([15.5022786]), 9: array([15.50634888])}
2025-05-12 13:49:57,902 - DEBUG - util_fusion - fusion_dual_defense - client 6 norm scores: {0: array([0.20463473]), 1: array([0.31819706]), 2: array([0.]), 3: array([0.68720584]), 4: array([0.36214481]), 5: array([1.]), 6: array([0.81590259]), 7: array([0.40788461]), 8: array([0.70622676]), 9: array([0.87806476])}
2025-05-12 13:49:57,902 - DEBUG - util_fusion - fusion_dual_defense - client 6 similarity threshold: 0.5380261158900073
2025-05-12 13:49:57,902 - INFO - util_fusion - fusion_dual_defense - client 6 selected fusion benigns: [3, 5, 6, 8, 9]
2025-05-12 13:49:57,910 - DEBUG - util_fusion - fusion_dual_defense - client 7 scores: {0: array([15.49039752]), 1: array([15.49308744]), 2: array([15.48555038]), 3: array([15.50182805]), 4: array([15.49412842]), 5: array([15.50923713]), 6: array([15.50487646]), 7: array([15.49521184]), 8: array([15.5022786]), 9: array([15.50634888])}
2025-05-12 13:49:57,911 - DEBUG - util_fusion - fusion_dual_defense - client 7 norm scores: {0: array([0.20463473]), 1: array([0.31819706]), 2: array([0.]), 3: array([0.68720584]), 4: array([0.36214481]), 5: array([1.]), 6: array([0.81590259]), 7: array([0.40788461]), 8: array([0.70622676]), 9: array([0.87806476])}
2025-05-12 13:49:57,911 - DEBUG - util_fusion - fusion_dual_defense - client 7 similarity threshold: 0.5380261158900073
2025-05-12 13:49:57,911 - INFO - util_fusion - fusion_dual_defense - client 7 selected fusion benigns: [3, 5, 6, 8, 9]
2025-05-12 13:49:57,919 - DEBUG - util_fusion - fusion_dual_defense - client 8 scores: {0: array([15.49039752]), 1: array([15.49308744]), 2: array([15.48555038]), 3: array([15.50182805]), 4: array([15.49412842]), 5: array([15.50923713]), 6: array([15.50487646]), 7: array([15.49521184]), 8: array([15.5022786]), 9: array([15.50634888])}
2025-05-12 13:49:57,920 - DEBUG - util_fusion - fusion_dual_defense - client 8 norm scores: {0: array([0.20463473]), 1: array([0.31819706]), 2: array([0.]), 3: array([0.68720584]), 4: array([0.36214481]), 5: array([1.]), 6: array([0.81590259]), 7: array([0.40788461]), 8: array([0.70622676]), 9: array([0.87806476])}
2025-05-12 13:49:57,920 - DEBUG - util_fusion - fusion_dual_defense - client 8 similarity threshold: 0.5380261158900073
2025-05-12 13:49:57,920 - INFO - util_fusion - fusion_dual_defense - client 8 selected fusion benigns: [3, 5, 6, 8, 9]
2025-05-12 13:49:57,928 - DEBUG - util_fusion - fusion_dual_defense - client 9 scores: {0: array([15.49039752]), 1: array([15.49308744]), 2: array([15.48555038]), 3: array([15.50182805]), 4: array([15.49412842]), 5: array([15.50923713]), 6: array([15.50487646]), 7: array([15.49521184]), 8: array([15.5022786]), 9: array([15.50634888])}
2025-05-12 13:49:57,929 - DEBUG - util_fusion - fusion_dual_defense - client 9 norm scores: {0: array([0.20463473]), 1: array([0.31819706]), 2: array([0.]), 3: array([0.68720584]), 4: array([0.36214481]), 5: array([1.]), 6: array([0.81590259]), 7: array([0.40788461]), 8: array([0.70622676]), 9: array([0.87806476])}
2025-05-12 13:49:57,929 - DEBUG - util_fusion - fusion_dual_defense - client 9 similarity threshold: 0.5380261158900073
2025-05-12 13:49:57,929 - INFO - util_fusion - fusion_dual_defense - client 9 selected fusion benigns: [3, 5, 6, 8, 9]
2025-05-12 13:49:57,929 - DEBUG - util_fusion - fusion_dual_defense - final fusion benigns: (3, 5, 6, 8, 9)
2025-05-12 13:49:59,618 - INFO - fl - start - global side -  test accuracy: 10.28
2025-05-12 13:49:59,618 - INFO - fl - start - global side iteration 5 -  test accuracy: 10.28
2025-05-12 13:49:59,619 - INFO - fl - start - start training round 6
2025-05-12 13:49:59,620 - INFO - fl - start - round 6 attackers: [4, 8]
2025-05-12 13:49:59,620 - INFO - fl - start - start client 0 training
2025-05-12 13:49:59,621 - INFO - fl - client_local_train - client 0 start local training ...
2025-05-12 13:50:09,210 - INFO - fl - start - end client 0 training
2025-05-12 13:50:09,210 - INFO - fl - start - client 0 evaluation metrics: {'train_loss': 1.5245693158633604, 'test_acc': 11.35}
2025-05-12 13:50:09,210 - INFO - fl - start - start client 1 training
2025-05-12 13:50:09,210 - INFO - fl - client_local_train - client 1 start local training ...
2025-05-12 13:50:13,735 - INFO - fl - start - end client 1 training
2025-05-12 13:50:13,735 - INFO - fl - start - client 1 evaluation metrics: {'train_loss': 1.2443308000323139, 'test_acc': 9.74}
2025-05-12 13:50:13,735 - INFO - fl - start - start client 2 training
2025-05-12 13:50:13,735 - INFO - fl - client_local_train - client 2 start local training ...
2025-05-12 13:50:25,635 - INFO - fl - start - end client 2 training
2025-05-12 13:50:25,635 - INFO - fl - start - client 2 evaluation metrics: {'train_loss': 1.5884583647861037, 'test_acc': 9.82}
2025-05-12 13:50:25,635 - INFO - fl - start - start client 3 training
2025-05-12 13:50:25,635 - INFO - fl - client_local_train - client 3 start local training ...
2025-05-12 13:50:29,895 - INFO - fl - start - end client 3 training
2025-05-12 13:50:29,895 - INFO - fl - start - client 3 evaluation metrics: {'train_loss': 1.399944567018085, 'test_acc': 9.74}
2025-05-12 13:50:29,895 - INFO - fl - start - start client 4 training
2025-05-12 13:50:29,895 - INFO - fl - client_local_train - client 4 start local training ...
2025-05-12 13:50:32,266 - INFO - fl - client_local_train - client 4 is attacker, start poisoning model
2025-05-12 13:50:36,202 - INFO - fl - start - end client 4 training
2025-05-12 13:50:36,202 - INFO - fl - start - client 4 evaluation metrics: {'train_loss': 33.978176915967786, 'test_acc': 8.92}
2025-05-12 13:50:36,202 - INFO - fl - start - start client 5 training
2025-05-12 13:50:36,202 - INFO - fl - client_local_train - client 5 start local training ...
2025-05-12 13:50:37,838 - INFO - fl - start - end client 5 training
2025-05-12 13:50:37,838 - INFO - fl - start - client 5 evaluation metrics: {'train_loss': 1.9910560548305511, 'test_acc': 10.32}
2025-05-12 13:50:37,838 - INFO - fl - start - start client 6 training
2025-05-12 13:50:37,838 - INFO - fl - client_local_train - client 6 start local training ...
2025-05-12 13:50:39,922 - INFO - fl - start - end client 6 training
2025-05-12 13:50:39,922 - INFO - fl - start - client 6 evaluation metrics: {'train_loss': 1.3434606916026066, 'test_acc': 10.28}
2025-05-12 13:50:39,922 - INFO - fl - start - start client 7 training
2025-05-12 13:50:39,922 - INFO - fl - client_local_train - client 7 start local training ...
2025-05-12 13:50:45,106 - INFO - fl - start - end client 7 training
2025-05-12 13:50:45,106 - INFO - fl - start - client 7 evaluation metrics: {'train_loss': 1.4998877588071322, 'test_acc': 10.1}
2025-05-12 13:50:45,106 - INFO - fl - start - start client 8 training
2025-05-12 13:50:45,106 - INFO - fl - client_local_train - client 8 start local training ...
2025-05-12 13:50:48,387 - INFO - fl - client_local_train - client 8 is attacker, start poisoning model
2025-05-12 13:50:52,796 - INFO - fl - start - end client 8 training
2025-05-12 13:50:52,796 - INFO - fl - start - client 8 evaluation metrics: {'train_loss': 15.771871174083037, 'test_acc': 10.1}
2025-05-12 13:50:52,796 - INFO - fl - start - start client 9 training
2025-05-12 13:50:52,796 - INFO - fl - client_local_train - client 9 start local training ...
2025-05-12 13:50:55,452 - INFO - fl - start - end client 9 training
2025-05-12 13:50:55,453 - INFO - fl - start - client 9 evaluation metrics: {'train_loss': 1.4629692272706465, 'test_acc': 10.28}
2025-05-12 13:50:55,453 - INFO - fl - aggregate_model - start model aggregation...fusion method: dual_defense
2025-05-12 13:50:55,453 - INFO - fl - aggregate_model - start hyper-guard fusion with epsilon 0.01
2025-05-12 13:50:55,453 - INFO - fl - aggregate_model - round 6 attackers: [8, 4]
2025-05-12 13:51:06,209 - DEBUG - util_fusion - fusion_dual_defense - client 0 scores: {0: array([6.31026593]), 1: array([6.31120679]), 2: array([6.31026391]), 3: array([6.31358282]), 4: array([6.31152866]), 5: array([6.31440544]), 6: array([6.3124131]), 7: array([6.31193638]), 8: array([6.31341729]), 9: array([6.31388341])}
2025-05-12 13:51:06,210 - DEBUG - util_fusion - fusion_dual_defense - client 0 norm scores: {0: array([0.00048914]), 1: array([0.22766468]), 2: array([0.]), 3: array([0.80137313]), 4: array([0.30538335]), 5: array([1.]), 6: array([0.51893605]), 7: array([0.40382968]), 8: array([0.76140676]), 9: array([0.8739532])}
2025-05-12 13:51:06,210 - DEBUG - util_fusion - fusion_dual_defense - client 0 similarity threshold: 0.4893035982748974
2025-05-12 13:51:06,210 - INFO - util_fusion - fusion_dual_defense - client 0 selected fusion benigns: [3, 5, 6, 8, 9]
2025-05-12 13:51:06,219 - DEBUG - util_fusion - fusion_dual_defense - client 1 scores: {0: array([6.31026593]), 1: array([6.31120679]), 2: array([6.31026391]), 3: array([6.31358282]), 4: array([6.31152866]), 5: array([6.31440544]), 6: array([6.3124131]), 7: array([6.31193638]), 8: array([6.31341729]), 9: array([6.31388341])}
2025-05-12 13:51:06,219 - DEBUG - util_fusion - fusion_dual_defense - client 1 norm scores: {0: array([0.00048914]), 1: array([0.22766468]), 2: array([0.]), 3: array([0.80137313]), 4: array([0.30538335]), 5: array([1.]), 6: array([0.51893605]), 7: array([0.40382968]), 8: array([0.76140676]), 9: array([0.8739532])}
2025-05-12 13:51:06,219 - DEBUG - util_fusion - fusion_dual_defense - client 1 similarity threshold: 0.4893035982748974
2025-05-12 13:51:06,219 - INFO - util_fusion - fusion_dual_defense - client 1 selected fusion benigns: [3, 5, 6, 8, 9]
2025-05-12 13:51:06,228 - DEBUG - util_fusion - fusion_dual_defense - client 2 scores: {0: array([6.31026593]), 1: array([6.31120679]), 2: array([6.31026391]), 3: array([6.31358282]), 4: array([6.31152866]), 5: array([6.31440544]), 6: array([6.3124131]), 7: array([6.31193638]), 8: array([6.31341729]), 9: array([6.31388341])}
2025-05-12 13:51:06,228 - DEBUG - util_fusion - fusion_dual_defense - client 2 norm scores: {0: array([0.00048914]), 1: array([0.22766468]), 2: array([0.]), 3: array([0.80137313]), 4: array([0.30538335]), 5: array([1.]), 6: array([0.51893605]), 7: array([0.40382968]), 8: array([0.76140676]), 9: array([0.8739532])}
2025-05-12 13:51:06,228 - DEBUG - util_fusion - fusion_dual_defense - client 2 similarity threshold: 0.4893035982748974
2025-05-12 13:51:06,229 - INFO - util_fusion - fusion_dual_defense - client 2 selected fusion benigns: [3, 5, 6, 8, 9]
2025-05-12 13:51:06,237 - DEBUG - util_fusion - fusion_dual_defense - client 3 scores: {0: array([6.31026593]), 1: array([6.31120679]), 2: array([6.31026391]), 3: array([6.31358282]), 4: array([6.31152866]), 5: array([6.31440544]), 6: array([6.3124131]), 7: array([6.31193638]), 8: array([6.31341729]), 9: array([6.31388341])}
2025-05-12 13:51:06,237 - DEBUG - util_fusion - fusion_dual_defense - client 3 norm scores: {0: array([0.00048914]), 1: array([0.22766468]), 2: array([0.]), 3: array([0.80137313]), 4: array([0.30538335]), 5: array([1.]), 6: array([0.51893605]), 7: array([0.40382968]), 8: array([0.76140676]), 9: array([0.8739532])}
2025-05-12 13:51:06,237 - DEBUG - util_fusion - fusion_dual_defense - client 3 similarity threshold: 0.4893035982748974
2025-05-12 13:51:06,238 - INFO - util_fusion - fusion_dual_defense - client 3 selected fusion benigns: [3, 5, 6, 8, 9]
2025-05-12 13:51:06,246 - DEBUG - util_fusion - fusion_dual_defense - client 4 scores: {0: array([6.31026593]), 1: array([6.31120679]), 2: array([6.31026391]), 3: array([6.31358282]), 4: array([6.31152866]), 5: array([6.31440544]), 6: array([6.3124131]), 7: array([6.31193638]), 8: array([6.31341729]), 9: array([6.31388341])}
2025-05-12 13:51:06,246 - DEBUG - util_fusion - fusion_dual_defense - client 4 norm scores: {0: array([0.00048914]), 1: array([0.22766468]), 2: array([0.]), 3: array([0.80137313]), 4: array([0.30538335]), 5: array([1.]), 6: array([0.51893605]), 7: array([0.40382968]), 8: array([0.76140676]), 9: array([0.8739532])}
2025-05-12 13:51:06,246 - DEBUG - util_fusion - fusion_dual_defense - client 4 similarity threshold: 0.4893035982748974
2025-05-12 13:51:06,246 - INFO - util_fusion - fusion_dual_defense - client 4 selected fusion benigns: [3, 5, 6, 8, 9]
2025-05-12 13:51:06,255 - DEBUG - util_fusion - fusion_dual_defense - client 5 scores: {0: array([6.31026593]), 1: array([6.31120679]), 2: array([6.31026391]), 3: array([6.31358282]), 4: array([6.31152866]), 5: array([6.31440544]), 6: array([6.3124131]), 7: array([6.31193638]), 8: array([6.31341729]), 9: array([6.31388341])}
2025-05-12 13:51:06,255 - DEBUG - util_fusion - fusion_dual_defense - client 5 norm scores: {0: array([0.00048914]), 1: array([0.22766468]), 2: array([0.]), 3: array([0.80137313]), 4: array([0.30538335]), 5: array([1.]), 6: array([0.51893605]), 7: array([0.40382968]), 8: array([0.76140676]), 9: array([0.8739532])}
2025-05-12 13:51:06,255 - DEBUG - util_fusion - fusion_dual_defense - client 5 similarity threshold: 0.4893035982748974
2025-05-12 13:51:06,255 - INFO - util_fusion - fusion_dual_defense - client 5 selected fusion benigns: [3, 5, 6, 8, 9]
2025-05-12 13:51:06,264 - DEBUG - util_fusion - fusion_dual_defense - client 6 scores: {0: array([6.31026593]), 1: array([6.31120679]), 2: array([6.31026391]), 3: array([6.31358282]), 4: array([6.31152866]), 5: array([6.31440544]), 6: array([6.3124131]), 7: array([6.31193638]), 8: array([6.31341729]), 9: array([6.31388341])}
2025-05-12 13:51:06,264 - DEBUG - util_fusion - fusion_dual_defense - client 6 norm scores: {0: array([0.00048914]), 1: array([0.22766468]), 2: array([0.]), 3: array([0.80137313]), 4: array([0.30538335]), 5: array([1.]), 6: array([0.51893605]), 7: array([0.40382968]), 8: array([0.76140676]), 9: array([0.8739532])}
2025-05-12 13:51:06,264 - DEBUG - util_fusion - fusion_dual_defense - client 6 similarity threshold: 0.4893035982748974
2025-05-12 13:51:06,264 - INFO - util_fusion - fusion_dual_defense - client 6 selected fusion benigns: [3, 5, 6, 8, 9]
2025-05-12 13:51:06,273 - DEBUG - util_fusion - fusion_dual_defense - client 7 scores: {0: array([6.31026593]), 1: array([6.31120679]), 2: array([6.31026391]), 3: array([6.31358282]), 4: array([6.31152866]), 5: array([6.31440544]), 6: array([6.3124131]), 7: array([6.31193638]), 8: array([6.31341729]), 9: array([6.31388341])}
2025-05-12 13:51:06,273 - DEBUG - util_fusion - fusion_dual_defense - client 7 norm scores: {0: array([0.00048914]), 1: array([0.22766468]), 2: array([0.]), 3: array([0.80137313]), 4: array([0.30538335]), 5: array([1.]), 6: array([0.51893605]), 7: array([0.40382968]), 8: array([0.76140676]), 9: array([0.8739532])}
2025-05-12 13:51:06,273 - DEBUG - util_fusion - fusion_dual_defense - client 7 similarity threshold: 0.4893035982748974
2025-05-12 13:51:06,273 - INFO - util_fusion - fusion_dual_defense - client 7 selected fusion benigns: [3, 5, 6, 8, 9]
2025-05-12 13:51:06,282 - DEBUG - util_fusion - fusion_dual_defense - client 8 scores: {0: array([6.31026593]), 1: array([6.31120679]), 2: array([6.31026391]), 3: array([6.31358282]), 4: array([6.31152866]), 5: array([6.31440544]), 6: array([6.3124131]), 7: array([6.31193638]), 8: array([6.31341729]), 9: array([6.31388341])}
2025-05-12 13:51:06,283 - DEBUG - util_fusion - fusion_dual_defense - client 8 norm scores: {0: array([0.00048914]), 1: array([0.22766468]), 2: array([0.]), 3: array([0.80137313]), 4: array([0.30538335]), 5: array([1.]), 6: array([0.51893605]), 7: array([0.40382968]), 8: array([0.76140676]), 9: array([0.8739532])}
2025-05-12 13:51:06,283 - DEBUG - util_fusion - fusion_dual_defense - client 8 similarity threshold: 0.4893035982748974
2025-05-12 13:51:06,283 - INFO - util_fusion - fusion_dual_defense - client 8 selected fusion benigns: [3, 5, 6, 8, 9]
2025-05-12 13:51:06,291 - DEBUG - util_fusion - fusion_dual_defense - client 9 scores: {0: array([6.31026593]), 1: array([6.31120679]), 2: array([6.31026391]), 3: array([6.31358282]), 4: array([6.31152866]), 5: array([6.31440544]), 6: array([6.3124131]), 7: array([6.31193638]), 8: array([6.31341729]), 9: array([6.31388341])}
2025-05-12 13:51:06,292 - DEBUG - util_fusion - fusion_dual_defense - client 9 norm scores: {0: array([0.00048914]), 1: array([0.22766468]), 2: array([0.]), 3: array([0.80137313]), 4: array([0.30538335]), 5: array([1.]), 6: array([0.51893605]), 7: array([0.40382968]), 8: array([0.76140676]), 9: array([0.8739532])}
2025-05-12 13:51:06,292 - DEBUG - util_fusion - fusion_dual_defense - client 9 similarity threshold: 0.4893035982748974
2025-05-12 13:51:06,292 - INFO - util_fusion - fusion_dual_defense - client 9 selected fusion benigns: [3, 5, 6, 8, 9]
2025-05-12 13:51:06,292 - DEBUG - util_fusion - fusion_dual_defense - final fusion benigns: (3, 5, 6, 8, 9)
2025-05-12 13:51:07,982 - INFO - fl - start - global side -  test accuracy: 10.1
2025-05-12 13:51:07,982 - INFO - fl - start - global side iteration 6 -  test accuracy: 10.1
2025-05-12 13:51:07,982 - INFO - fl - start - start training round 7
2025-05-12 13:51:07,984 - INFO - fl - start - round 7 attackers: [1, 2]
2025-05-12 13:51:07,984 - INFO - fl - start - start client 0 training
2025-05-12 13:51:07,984 - INFO - fl - client_local_train - client 0 start local training ...
2025-05-12 13:51:17,591 - INFO - fl - start - end client 0 training
2025-05-12 13:51:17,591 - INFO - fl - start - client 0 evaluation metrics: {'train_loss': 1.616737513119364, 'test_acc': 11.35}
2025-05-12 13:51:17,591 - INFO - fl - start - start client 1 training
2025-05-12 13:51:17,591 - INFO - fl - client_local_train - client 1 start local training ...
2025-05-12 13:51:20,137 - INFO - fl - client_local_train - client 1 is attacker, start poisoning model
2025-05-12 13:51:24,152 - INFO - fl - start - end client 1 training
2025-05-12 13:51:24,152 - INFO - fl - start - client 1 evaluation metrics: {'train_loss': 214.46321588830102, 'test_acc': 8.92}
2025-05-12 13:51:24,152 - INFO - fl - start - start client 2 training
2025-05-12 13:51:24,152 - INFO - fl - client_local_train - client 2 start local training ...
2025-05-12 13:51:32,501 - INFO - fl - client_local_train - client 2 is attacker, start poisoning model
2025-05-12 13:51:39,603 - INFO - fl - start - end client 2 training
2025-05-12 13:51:39,604 - INFO - fl - start - client 2 evaluation metrics: {'train_loss': 48.23579390474068, 'test_acc': 8.92}
2025-05-12 13:51:39,604 - INFO - fl - start - start client 3 training
2025-05-12 13:51:39,604 - INFO - fl - client_local_train - client 3 start local training ...
2025-05-12 13:51:43,841 - INFO - fl - start - end client 3 training
2025-05-12 13:51:43,841 - INFO - fl - start - client 3 evaluation metrics: {'train_loss': 1.612392105989986, 'test_acc': 9.74}
2025-05-12 13:51:43,841 - INFO - fl - start - start client 4 training
2025-05-12 13:51:43,842 - INFO - fl - client_local_train - client 4 start local training ...
2025-05-12 13:51:48,174 - INFO - fl - start - end client 4 training
2025-05-12 13:51:48,174 - INFO - fl - start - client 4 evaluation metrics: {'train_loss': 2.0107211196744763, 'test_acc': 10.32}
2025-05-12 13:51:48,174 - INFO - fl - start - start client 5 training
2025-05-12 13:51:48,174 - INFO - fl - client_local_train - client 5 start local training ...
2025-05-12 13:51:49,807 - INFO - fl - start - end client 5 training
2025-05-12 13:51:49,807 - INFO - fl - start - client 5 evaluation metrics: {'train_loss': 4.162759244441986, 'test_acc': 9.58}
2025-05-12 13:51:49,807 - INFO - fl - start - start client 6 training
2025-05-12 13:51:49,807 - INFO - fl - client_local_train - client 6 start local training ...
2025-05-12 13:51:51,913 - INFO - fl - start - end client 6 training
2025-05-12 13:51:51,913 - INFO - fl - start - client 6 evaluation metrics: {'train_loss': 2.321888885999981, 'test_acc': 10.28}
2025-05-12 13:51:51,913 - INFO - fl - start - start client 7 training
2025-05-12 13:51:51,913 - INFO - fl - client_local_train - client 7 start local training ...
2025-05-12 13:51:57,103 - INFO - fl - start - end client 7 training
2025-05-12 13:51:57,103 - INFO - fl - start - client 7 evaluation metrics: {'train_loss': 1.979574411793759, 'test_acc': 10.1}
2025-05-12 13:51:57,103 - INFO - fl - start - start client 8 training
2025-05-12 13:51:57,103 - INFO - fl - client_local_train - client 8 start local training ...
2025-05-12 13:52:02,596 - INFO - fl - start - end client 8 training
2025-05-12 13:52:02,597 - INFO - fl - start - client 8 evaluation metrics: {'train_loss': 1.5919643289902632, 'test_acc': 9.58}
2025-05-12 13:52:02,597 - INFO - fl - start - start client 9 training
2025-05-12 13:52:02,597 - INFO - fl - client_local_train - client 9 start local training ...
2025-05-12 13:52:05,245 - INFO - fl - start - end client 9 training
2025-05-12 13:52:05,245 - INFO - fl - start - client 9 evaluation metrics: {'train_loss': 2.0052795952016655, 'test_acc': 10.28}
2025-05-12 13:52:05,245 - INFO - fl - aggregate_model - start model aggregation...fusion method: dual_defense
2025-05-12 13:52:05,245 - INFO - fl - aggregate_model - start hyper-guard fusion with epsilon 0.01
2025-05-12 13:52:05,245 - INFO - fl - aggregate_model - round 7 attackers: [1, 2]
2025-05-12 13:52:16,004 - DEBUG - util_fusion - fusion_dual_defense - client 0 scores: {0: array([30.22400509]), 1: array([30.22449999]), 2: array([30.2230068]), 3: array([30.22711447]), 4: array([30.22523088]), 5: array([30.22756387]), 6: array([30.22681067]), 7: array([30.22700084]), 8: array([30.22541934]), 9: array([30.22797143])}
2025-05-12 13:52:16,005 - DEBUG - util_fusion - fusion_dual_defense - client 0 norm scores: {0: array([0.20108024]), 1: array([0.30076548]), 2: array([0.]), 3: array([0.82738651]), 4: array([0.44798525]), 5: array([0.91790797]), 6: array([0.76619379]), 7: array([0.80449887]), 8: array([0.48594621]), 9: array([1.])}
2025-05-12 13:52:16,005 - DEBUG - util_fusion - fusion_dual_defense - client 0 similarity threshold: 0.5751764313230792
2025-05-12 13:52:16,005 - INFO - util_fusion - fusion_dual_defense - client 0 selected fusion benigns: [3, 5, 6, 7, 9]
2025-05-12 13:52:16,013 - DEBUG - util_fusion - fusion_dual_defense - client 1 scores: {0: array([30.22400509]), 1: array([30.22449999]), 2: array([30.2230068]), 3: array([30.22711447]), 4: array([30.22523088]), 5: array([30.22756387]), 6: array([30.22681067]), 7: array([30.22700084]), 8: array([30.22541934]), 9: array([30.22797143])}
2025-05-12 13:52:16,014 - DEBUG - util_fusion - fusion_dual_defense - client 1 norm scores: {0: array([0.20108024]), 1: array([0.30076548]), 2: array([0.]), 3: array([0.82738651]), 4: array([0.44798525]), 5: array([0.91790797]), 6: array([0.76619379]), 7: array([0.80449887]), 8: array([0.48594621]), 9: array([1.])}
2025-05-12 13:52:16,014 - DEBUG - util_fusion - fusion_dual_defense - client 1 similarity threshold: 0.5751764313230792
2025-05-12 13:52:16,014 - INFO - util_fusion - fusion_dual_defense - client 1 selected fusion benigns: [3, 5, 6, 7, 9]
2025-05-12 13:52:16,023 - DEBUG - util_fusion - fusion_dual_defense - client 2 scores: {0: array([30.22400509]), 1: array([30.22449999]), 2: array([30.2230068]), 3: array([30.22711447]), 4: array([30.22523088]), 5: array([30.22756387]), 6: array([30.22681067]), 7: array([30.22700084]), 8: array([30.22541934]), 9: array([30.22797143])}
2025-05-12 13:52:16,023 - DEBUG - util_fusion - fusion_dual_defense - client 2 norm scores: {0: array([0.20108024]), 1: array([0.30076548]), 2: array([0.]), 3: array([0.82738651]), 4: array([0.44798525]), 5: array([0.91790797]), 6: array([0.76619379]), 7: array([0.80449887]), 8: array([0.48594621]), 9: array([1.])}
2025-05-12 13:52:16,023 - DEBUG - util_fusion - fusion_dual_defense - client 2 similarity threshold: 0.5751764313230792
2025-05-12 13:52:16,023 - INFO - util_fusion - fusion_dual_defense - client 2 selected fusion benigns: [3, 5, 6, 7, 9]
2025-05-12 13:52:16,032 - DEBUG - util_fusion - fusion_dual_defense - client 3 scores: {0: array([30.22400509]), 1: array([30.22449999]), 2: array([30.2230068]), 3: array([30.22711447]), 4: array([30.22523088]), 5: array([30.22756387]), 6: array([30.22681067]), 7: array([30.22700084]), 8: array([30.22541934]), 9: array([30.22797143])}
2025-05-12 13:52:16,032 - DEBUG - util_fusion - fusion_dual_defense - client 3 norm scores: {0: array([0.20108024]), 1: array([0.30076548]), 2: array([0.]), 3: array([0.82738651]), 4: array([0.44798525]), 5: array([0.91790797]), 6: array([0.76619379]), 7: array([0.80449887]), 8: array([0.48594621]), 9: array([1.])}
2025-05-12 13:52:16,032 - DEBUG - util_fusion - fusion_dual_defense - client 3 similarity threshold: 0.5751764313230792
2025-05-12 13:52:16,032 - INFO - util_fusion - fusion_dual_defense - client 3 selected fusion benigns: [3, 5, 6, 7, 9]
2025-05-12 13:52:16,041 - DEBUG - util_fusion - fusion_dual_defense - client 4 scores: {0: array([30.22400509]), 1: array([30.22449999]), 2: array([30.2230068]), 3: array([30.22711447]), 4: array([30.22523088]), 5: array([30.22756387]), 6: array([30.22681067]), 7: array([30.22700084]), 8: array([30.22541934]), 9: array([30.22797143])}
2025-05-12 13:52:16,041 - DEBUG - util_fusion - fusion_dual_defense - client 4 norm scores: {0: array([0.20108024]), 1: array([0.30076548]), 2: array([0.]), 3: array([0.82738651]), 4: array([0.44798525]), 5: array([0.91790797]), 6: array([0.76619379]), 7: array([0.80449887]), 8: array([0.48594621]), 9: array([1.])}
2025-05-12 13:52:16,041 - DEBUG - util_fusion - fusion_dual_defense - client 4 similarity threshold: 0.5751764313230792
2025-05-12 13:52:16,041 - INFO - util_fusion - fusion_dual_defense - client 4 selected fusion benigns: [3, 5, 6, 7, 9]
2025-05-12 13:52:16,050 - DEBUG - util_fusion - fusion_dual_defense - client 5 scores: {0: array([30.22400509]), 1: array([30.22449999]), 2: array([30.2230068]), 3: array([30.22711447]), 4: array([30.22523088]), 5: array([30.22756387]), 6: array([30.22681067]), 7: array([30.22700084]), 8: array([30.22541934]), 9: array([30.22797143])}
2025-05-12 13:52:16,050 - DEBUG - util_fusion - fusion_dual_defense - client 5 norm scores: {0: array([0.20108024]), 1: array([0.30076548]), 2: array([0.]), 3: array([0.82738651]), 4: array([0.44798525]), 5: array([0.91790797]), 6: array([0.76619379]), 7: array([0.80449887]), 8: array([0.48594621]), 9: array([1.])}
2025-05-12 13:52:16,050 - DEBUG - util_fusion - fusion_dual_defense - client 5 similarity threshold: 0.5751764313230792
2025-05-12 13:52:16,050 - INFO - util_fusion - fusion_dual_defense - client 5 selected fusion benigns: [3, 5, 6, 7, 9]
2025-05-12 13:52:16,059 - DEBUG - util_fusion - fusion_dual_defense - client 6 scores: {0: array([30.22400509]), 1: array([30.22449999]), 2: array([30.2230068]), 3: array([30.22711447]), 4: array([30.22523088]), 5: array([30.22756387]), 6: array([30.22681067]), 7: array([30.22700084]), 8: array([30.22541934]), 9: array([30.22797143])}
2025-05-12 13:52:16,059 - DEBUG - util_fusion - fusion_dual_defense - client 6 norm scores: {0: array([0.20108024]), 1: array([0.30076548]), 2: array([0.]), 3: array([0.82738651]), 4: array([0.44798525]), 5: array([0.91790797]), 6: array([0.76619379]), 7: array([0.80449887]), 8: array([0.48594621]), 9: array([1.])}
2025-05-12 13:52:16,059 - DEBUG - util_fusion - fusion_dual_defense - client 6 similarity threshold: 0.5751764313230792
2025-05-12 13:52:16,059 - INFO - util_fusion - fusion_dual_defense - client 6 selected fusion benigns: [3, 5, 6, 7, 9]
2025-05-12 13:52:16,068 - DEBUG - util_fusion - fusion_dual_defense - client 7 scores: {0: array([30.22400509]), 1: array([30.22449999]), 2: array([30.2230068]), 3: array([30.22711447]), 4: array([30.22523088]), 5: array([30.22756387]), 6: array([30.22681067]), 7: array([30.22700084]), 8: array([30.22541934]), 9: array([30.22797143])}
2025-05-12 13:52:16,068 - DEBUG - util_fusion - fusion_dual_defense - client 7 norm scores: {0: array([0.20108024]), 1: array([0.30076548]), 2: array([0.]), 3: array([0.82738651]), 4: array([0.44798525]), 5: array([0.91790797]), 6: array([0.76619379]), 7: array([0.80449887]), 8: array([0.48594621]), 9: array([1.])}
2025-05-12 13:52:16,068 - DEBUG - util_fusion - fusion_dual_defense - client 7 similarity threshold: 0.5751764313230792
2025-05-12 13:52:16,068 - INFO - util_fusion - fusion_dual_defense - client 7 selected fusion benigns: [3, 5, 6, 7, 9]
2025-05-12 13:52:16,077 - DEBUG - util_fusion - fusion_dual_defense - client 8 scores: {0: array([30.22400509]), 1: array([30.22449999]), 2: array([30.2230068]), 3: array([30.22711447]), 4: array([30.22523088]), 5: array([30.22756387]), 6: array([30.22681067]), 7: array([30.22700084]), 8: array([30.22541934]), 9: array([30.22797143])}
2025-05-12 13:52:16,077 - DEBUG - util_fusion - fusion_dual_defense - client 8 norm scores: {0: array([0.20108024]), 1: array([0.30076548]), 2: array([0.]), 3: array([0.82738651]), 4: array([0.44798525]), 5: array([0.91790797]), 6: array([0.76619379]), 7: array([0.80449887]), 8: array([0.48594621]), 9: array([1.])}
2025-05-12 13:52:16,077 - DEBUG - util_fusion - fusion_dual_defense - client 8 similarity threshold: 0.5751764313230792
2025-05-12 13:52:16,077 - INFO - util_fusion - fusion_dual_defense - client 8 selected fusion benigns: [3, 5, 6, 7, 9]
2025-05-12 13:52:16,086 - DEBUG - util_fusion - fusion_dual_defense - client 9 scores: {0: array([30.22400509]), 1: array([30.22449999]), 2: array([30.2230068]), 3: array([30.22711447]), 4: array([30.22523088]), 5: array([30.22756387]), 6: array([30.22681067]), 7: array([30.22700084]), 8: array([30.22541934]), 9: array([30.22797143])}
2025-05-12 13:52:16,086 - DEBUG - util_fusion - fusion_dual_defense - client 9 norm scores: {0: array([0.20108024]), 1: array([0.30076548]), 2: array([0.]), 3: array([0.82738651]), 4: array([0.44798525]), 5: array([0.91790797]), 6: array([0.76619379]), 7: array([0.80449887]), 8: array([0.48594621]), 9: array([1.])}
2025-05-12 13:52:16,086 - DEBUG - util_fusion - fusion_dual_defense - client 9 similarity threshold: 0.5751764313230792
2025-05-12 13:52:16,086 - INFO - util_fusion - fusion_dual_defense - client 9 selected fusion benigns: [3, 5, 6, 7, 9]
2025-05-12 13:52:16,086 - DEBUG - util_fusion - fusion_dual_defense - final fusion benigns: (3, 5, 6, 7, 9)
2025-05-12 13:52:17,774 - INFO - fl - start - global side -  test accuracy: 10.28
2025-05-12 13:52:17,775 - INFO - fl - start - global side iteration 7 -  test accuracy: 10.28
2025-05-12 13:52:17,775 - INFO - fl - start - start training round 8
2025-05-12 13:52:17,777 - INFO - fl - start - round 8 attackers: [9, 3]
2025-05-12 13:52:17,777 - INFO - fl - start - start client 0 training
2025-05-12 13:52:17,777 - INFO - fl - client_local_train - client 0 start local training ...
2025-05-12 13:52:27,379 - INFO - fl - start - end client 0 training
2025-05-12 13:52:27,379 - INFO - fl - start - client 0 evaluation metrics: {'train_loss': 1.5677041608124531, 'test_acc': 11.35}
2025-05-12 13:52:27,379 - INFO - fl - start - start client 1 training
2025-05-12 13:52:27,379 - INFO - fl - client_local_train - client 1 start local training ...
2025-05-12 13:52:31,978 - INFO - fl - start - end client 1 training
2025-05-12 13:52:31,978 - INFO - fl - start - client 1 evaluation metrics: {'train_loss': 1.5923592199253132, 'test_acc': 9.74}
2025-05-12 13:52:31,978 - INFO - fl - start - start client 2 training
2025-05-12 13:52:31,979 - INFO - fl - client_local_train - client 2 start local training ...
2025-05-12 13:52:43,968 - INFO - fl - start - end client 2 training
2025-05-12 13:52:43,968 - INFO - fl - start - client 2 evaluation metrics: {'train_loss': 1.6396049926447314, 'test_acc': 9.82}
2025-05-12 13:52:43,968 - INFO - fl - start - start client 3 training
2025-05-12 13:52:43,968 - INFO - fl - client_local_train - client 3 start local training ...
2025-05-12 13:52:46,304 - INFO - fl - client_local_train - client 3 is attacker, start poisoning model
2025-05-12 13:52:50,220 - INFO - fl - start - end client 3 training
2025-05-12 13:52:50,221 - INFO - fl - start - client 3 evaluation metrics: {'train_loss': 96.22153006659613, 'test_acc': 9.82}
2025-05-12 13:52:50,221 - INFO - fl - start - start client 4 training
2025-05-12 13:52:50,221 - INFO - fl - client_local_train - client 4 start local training ...
2025-05-12 13:52:54,619 - INFO - fl - start - end client 4 training
2025-05-12 13:52:54,619 - INFO - fl - start - client 4 evaluation metrics: {'train_loss': 2.036503368132823, 'test_acc': 10.32}
2025-05-12 13:52:54,619 - INFO - fl - start - start client 5 training
2025-05-12 13:52:54,619 - INFO - fl - client_local_train - client 5 start local training ...
2025-05-12 13:52:56,265 - INFO - fl - start - end client 5 training
2025-05-12 13:52:56,265 - INFO - fl - start - client 5 evaluation metrics: {'train_loss': 2.3509775698184967, 'test_acc': 10.32}
2025-05-12 13:52:56,265 - INFO - fl - start - start client 6 training
2025-05-12 13:52:56,265 - INFO - fl - client_local_train - client 6 start local training ...
2025-05-12 13:52:58,362 - INFO - fl - start - end client 6 training
2025-05-12 13:52:58,362 - INFO - fl - start - client 6 evaluation metrics: {'train_loss': 2.1625280129282096, 'test_acc': 10.28}
2025-05-12 13:52:58,362 - INFO - fl - start - start client 7 training
2025-05-12 13:52:58,362 - INFO - fl - client_local_train - client 7 start local training ...
2025-05-12 13:53:03,600 - INFO - fl - start - end client 7 training
2025-05-12 13:53:03,600 - INFO - fl - start - client 7 evaluation metrics: {'train_loss': 1.679025525795786, 'test_acc': 10.1}
2025-05-12 13:53:03,600 - INFO - fl - start - start client 8 training
2025-05-12 13:53:03,600 - INFO - fl - client_local_train - client 8 start local training ...
2025-05-12 13:53:09,132 - INFO - fl - start - end client 8 training
2025-05-12 13:53:09,133 - INFO - fl - start - client 8 evaluation metrics: {'train_loss': 1.54982047922471, 'test_acc': 9.58}
2025-05-12 13:53:09,141 - INFO - fl - start - start client 9 training
2025-05-12 13:53:09,141 - INFO - fl - client_local_train - client 9 start local training ...
2025-05-12 13:53:10,199 - INFO - fl - client_local_train - client 9 is attacker, start poisoning model
2025-05-12 13:53:13,443 - INFO - fl - start - end client 9 training
2025-05-12 13:53:13,443 - INFO - fl - start - client 9 evaluation metrics: {'train_loss': 101.85551660711116, 'test_acc': 9.82}
2025-05-12 13:53:13,443 - INFO - fl - aggregate_model - start model aggregation...fusion method: dual_defense
2025-05-12 13:53:13,443 - INFO - fl - aggregate_model - start hyper-guard fusion with epsilon 0.01
2025-05-12 13:53:13,443 - INFO - fl - aggregate_model - round 8 attackers: [9, 3]
2025-05-12 13:53:24,264 - DEBUG - util_fusion - fusion_dual_defense - client 0 scores: {0: array([25.98261379]), 1: array([25.98482426]), 2: array([25.98117741]), 3: array([25.98569887]), 4: array([25.98536688]), 5: array([25.98627958]), 6: array([25.98754097]), 7: array([25.98487211]), 8: array([25.98566711]), 9: array([25.98666789])}
2025-05-12 13:53:24,265 - DEBUG - util_fusion - fusion_dual_defense - client 0 norm scores: {0: array([0.22571966]), 1: array([0.57308302]), 2: array([0.]), 3: array([0.71052335]), 4: array([0.65835291]), 5: array([0.80177992]), 6: array([1.]), 7: array([0.58060345]), 8: array([0.70553264]), 9: array([0.8628006])}
2025-05-12 13:53:24,265 - DEBUG - util_fusion - fusion_dual_defense - client 0 similarity threshold: 0.6118395563382109
2025-05-12 13:53:24,265 - INFO - util_fusion - fusion_dual_defense - client 0 selected fusion benigns: [3, 4, 5, 6, 8, 9]
2025-05-12 13:53:24,273 - DEBUG - util_fusion - fusion_dual_defense - client 1 scores: {0: array([25.98261379]), 1: array([25.98482426]), 2: array([25.98117741]), 3: array([25.98569887]), 4: array([25.98536688]), 5: array([25.98627958]), 6: array([25.98754097]), 7: array([25.98487211]), 8: array([25.98566711]), 9: array([25.98666789])}
2025-05-12 13:53:24,274 - DEBUG - util_fusion - fusion_dual_defense - client 1 norm scores: {0: array([0.22571966]), 1: array([0.57308302]), 2: array([0.]), 3: array([0.71052335]), 4: array([0.65835291]), 5: array([0.80177992]), 6: array([1.]), 7: array([0.58060345]), 8: array([0.70553264]), 9: array([0.8628006])}
2025-05-12 13:53:24,274 - DEBUG - util_fusion - fusion_dual_defense - client 1 similarity threshold: 0.6118395563382109
2025-05-12 13:53:24,274 - INFO - util_fusion - fusion_dual_defense - client 1 selected fusion benigns: [3, 4, 5, 6, 8, 9]
2025-05-12 13:53:24,284 - DEBUG - util_fusion - fusion_dual_defense - client 2 scores: {0: array([25.98261379]), 1: array([25.98482426]), 2: array([25.98117741]), 3: array([25.98569887]), 4: array([25.98536688]), 5: array([25.98627958]), 6: array([25.98754097]), 7: array([25.98487211]), 8: array([25.98566711]), 9: array([25.98666789])}
2025-05-12 13:53:24,285 - DEBUG - util_fusion - fusion_dual_defense - client 2 norm scores: {0: array([0.22571966]), 1: array([0.57308302]), 2: array([0.]), 3: array([0.71052335]), 4: array([0.65835291]), 5: array([0.80177992]), 6: array([1.]), 7: array([0.58060345]), 8: array([0.70553264]), 9: array([0.8628006])}
2025-05-12 13:53:24,285 - DEBUG - util_fusion - fusion_dual_defense - client 2 similarity threshold: 0.6118395563382109
2025-05-12 13:53:24,285 - INFO - util_fusion - fusion_dual_defense - client 2 selected fusion benigns: [3, 4, 5, 6, 8, 9]
2025-05-12 13:53:24,293 - DEBUG - util_fusion - fusion_dual_defense - client 3 scores: {0: array([25.98261379]), 1: array([25.98482426]), 2: array([25.98117741]), 3: array([25.98569887]), 4: array([25.98536688]), 5: array([25.98627958]), 6: array([25.98754097]), 7: array([25.98487211]), 8: array([25.98566711]), 9: array([25.98666789])}
2025-05-12 13:53:24,294 - DEBUG - util_fusion - fusion_dual_defense - client 3 norm scores: {0: array([0.22571966]), 1: array([0.57308302]), 2: array([0.]), 3: array([0.71052335]), 4: array([0.65835291]), 5: array([0.80177992]), 6: array([1.]), 7: array([0.58060345]), 8: array([0.70553264]), 9: array([0.8628006])}
2025-05-12 13:53:24,294 - DEBUG - util_fusion - fusion_dual_defense - client 3 similarity threshold: 0.6118395563382109
2025-05-12 13:53:24,294 - INFO - util_fusion - fusion_dual_defense - client 3 selected fusion benigns: [3, 4, 5, 6, 8, 9]
2025-05-12 13:53:24,302 - DEBUG - util_fusion - fusion_dual_defense - client 4 scores: {0: array([25.98261379]), 1: array([25.98482426]), 2: array([25.98117741]), 3: array([25.98569887]), 4: array([25.98536688]), 5: array([25.98627958]), 6: array([25.98754097]), 7: array([25.98487211]), 8: array([25.98566711]), 9: array([25.98666789])}
2025-05-12 13:53:24,303 - DEBUG - util_fusion - fusion_dual_defense - client 4 norm scores: {0: array([0.22571966]), 1: array([0.57308302]), 2: array([0.]), 3: array([0.71052335]), 4: array([0.65835291]), 5: array([0.80177992]), 6: array([1.]), 7: array([0.58060345]), 8: array([0.70553264]), 9: array([0.8628006])}
2025-05-12 13:53:24,303 - DEBUG - util_fusion - fusion_dual_defense - client 4 similarity threshold: 0.6118395563382109
2025-05-12 13:53:24,303 - INFO - util_fusion - fusion_dual_defense - client 4 selected fusion benigns: [3, 4, 5, 6, 8, 9]
2025-05-12 13:53:24,311 - DEBUG - util_fusion - fusion_dual_defense - client 5 scores: {0: array([25.98261379]), 1: array([25.98482426]), 2: array([25.98117741]), 3: array([25.98569887]), 4: array([25.98536688]), 5: array([25.98627958]), 6: array([25.98754097]), 7: array([25.98487211]), 8: array([25.98566711]), 9: array([25.98666789])}
2025-05-12 13:53:24,312 - DEBUG - util_fusion - fusion_dual_defense - client 5 norm scores: {0: array([0.22571966]), 1: array([0.57308302]), 2: array([0.]), 3: array([0.71052335]), 4: array([0.65835291]), 5: array([0.80177992]), 6: array([1.]), 7: array([0.58060345]), 8: array([0.70553264]), 9: array([0.8628006])}
2025-05-12 13:53:24,312 - DEBUG - util_fusion - fusion_dual_defense - client 5 similarity threshold: 0.6118395563382109
2025-05-12 13:53:24,312 - INFO - util_fusion - fusion_dual_defense - client 5 selected fusion benigns: [3, 4, 5, 6, 8, 9]
2025-05-12 13:53:24,321 - DEBUG - util_fusion - fusion_dual_defense - client 6 scores: {0: array([25.98261379]), 1: array([25.98482426]), 2: array([25.98117741]), 3: array([25.98569887]), 4: array([25.98536688]), 5: array([25.98627958]), 6: array([25.98754097]), 7: array([25.98487211]), 8: array([25.98566711]), 9: array([25.98666789])}
2025-05-12 13:53:24,321 - DEBUG - util_fusion - fusion_dual_defense - client 6 norm scores: {0: array([0.22571966]), 1: array([0.57308302]), 2: array([0.]), 3: array([0.71052335]), 4: array([0.65835291]), 5: array([0.80177992]), 6: array([1.]), 7: array([0.58060345]), 8: array([0.70553264]), 9: array([0.8628006])}
2025-05-12 13:53:24,321 - DEBUG - util_fusion - fusion_dual_defense - client 6 similarity threshold: 0.6118395563382109
2025-05-12 13:53:24,321 - INFO - util_fusion - fusion_dual_defense - client 6 selected fusion benigns: [3, 4, 5, 6, 8, 9]
2025-05-12 13:53:24,330 - DEBUG - util_fusion - fusion_dual_defense - client 7 scores: {0: array([25.98261379]), 1: array([25.98482426]), 2: array([25.98117741]), 3: array([25.98569887]), 4: array([25.98536688]), 5: array([25.98627958]), 6: array([25.98754097]), 7: array([25.98487211]), 8: array([25.98566711]), 9: array([25.98666789])}
2025-05-12 13:53:24,330 - DEBUG - util_fusion - fusion_dual_defense - client 7 norm scores: {0: array([0.22571966]), 1: array([0.57308302]), 2: array([0.]), 3: array([0.71052335]), 4: array([0.65835291]), 5: array([0.80177992]), 6: array([1.]), 7: array([0.58060345]), 8: array([0.70553264]), 9: array([0.8628006])}
2025-05-12 13:53:24,330 - DEBUG - util_fusion - fusion_dual_defense - client 7 similarity threshold: 0.6118395563382109
2025-05-12 13:53:24,330 - INFO - util_fusion - fusion_dual_defense - client 7 selected fusion benigns: [3, 4, 5, 6, 8, 9]
2025-05-12 13:53:24,339 - DEBUG - util_fusion - fusion_dual_defense - client 8 scores: {0: array([25.98261379]), 1: array([25.98482426]), 2: array([25.98117741]), 3: array([25.98569887]), 4: array([25.98536688]), 5: array([25.98627958]), 6: array([25.98754097]), 7: array([25.98487211]), 8: array([25.98566711]), 9: array([25.98666789])}
2025-05-12 13:53:24,339 - DEBUG - util_fusion - fusion_dual_defense - client 8 norm scores: {0: array([0.22571966]), 1: array([0.57308302]), 2: array([0.]), 3: array([0.71052335]), 4: array([0.65835291]), 5: array([0.80177992]), 6: array([1.]), 7: array([0.58060345]), 8: array([0.70553264]), 9: array([0.8628006])}
2025-05-12 13:53:24,339 - DEBUG - util_fusion - fusion_dual_defense - client 8 similarity threshold: 0.6118395563382109
2025-05-12 13:53:24,339 - INFO - util_fusion - fusion_dual_defense - client 8 selected fusion benigns: [3, 4, 5, 6, 8, 9]
2025-05-12 13:53:24,348 - DEBUG - util_fusion - fusion_dual_defense - client 9 scores: {0: array([25.98261379]), 1: array([25.98482426]), 2: array([25.98117741]), 3: array([25.98569887]), 4: array([25.98536688]), 5: array([25.98627958]), 6: array([25.98754097]), 7: array([25.98487211]), 8: array([25.98566711]), 9: array([25.98666789])}
2025-05-12 13:53:24,348 - DEBUG - util_fusion - fusion_dual_defense - client 9 norm scores: {0: array([0.22571966]), 1: array([0.57308302]), 2: array([0.]), 3: array([0.71052335]), 4: array([0.65835291]), 5: array([0.80177992]), 6: array([1.]), 7: array([0.58060345]), 8: array([0.70553264]), 9: array([0.8628006])}
2025-05-12 13:53:24,348 - DEBUG - util_fusion - fusion_dual_defense - client 9 similarity threshold: 0.6118395563382109
2025-05-12 13:53:24,348 - INFO - util_fusion - fusion_dual_defense - client 9 selected fusion benigns: [3, 4, 5, 6, 8, 9]
2025-05-12 13:53:24,348 - DEBUG - util_fusion - fusion_dual_defense - final fusion benigns: (3, 4, 5, 6, 8, 9)
2025-05-12 13:53:26,109 - INFO - fl - start - global side -  test accuracy: 9.82
2025-05-12 13:53:26,109 - INFO - fl - start - global side iteration 8 -  test accuracy: 9.82
2025-05-12 13:53:26,110 - INFO - fl - start - start training round 9
2025-05-12 13:53:26,111 - INFO - fl - start - round 9 attackers: [3, 1]
2025-05-12 13:53:26,111 - INFO - fl - start - start client 0 training
2025-05-12 13:53:26,111 - INFO - fl - client_local_train - client 0 start local training ...
2025-05-12 13:53:35,812 - INFO - fl - start - end client 0 training
2025-05-12 13:53:35,812 - INFO - fl - start - client 0 evaluation metrics: {'train_loss': 2.8118886759715713, 'test_acc': 10.28}
2025-05-12 13:53:35,812 - INFO - fl - start - start client 1 training
2025-05-12 13:53:35,812 - INFO - fl - client_local_train - client 1 start local training ...
2025-05-12 13:53:38,352 - INFO - fl - client_local_train - client 1 is attacker, start poisoning model
2025-05-12 13:53:42,408 - INFO - fl - start - end client 1 training
2025-05-12 13:53:42,408 - INFO - fl - start - client 1 evaluation metrics: {'train_loss': 824.6938105715981, 'test_acc': 8.92}
2025-05-12 13:53:42,408 - INFO - fl - start - start client 2 training
2025-05-12 13:53:42,408 - INFO - fl - client_local_train - client 2 start local training ...
2025-05-12 13:53:54,372 - INFO - fl - start - end client 2 training
2025-05-12 13:53:54,372 - INFO - fl - start - client 2 evaluation metrics: {'train_loss': 4.8134629014850585, 'test_acc': 9.58}
2025-05-12 13:53:54,372 - INFO - fl - start - start client 3 training
2025-05-12 13:53:54,372 - INFO - fl - client_local_train - client 3 start local training ...
2025-05-12 13:53:56,680 - INFO - fl - client_local_train - client 3 is attacker, start poisoning model
2025-05-12 13:54:00,595 - INFO - fl - start - end client 3 training
2025-05-12 13:54:00,596 - INFO - fl - start - client 3 evaluation metrics: {'train_loss': 348.7541046142578, 'test_acc': 9.82}
2025-05-12 13:54:00,596 - INFO - fl - start - start client 4 training
2025-05-12 13:54:00,596 - INFO - fl - client_local_train - client 4 start local training ...
2025-05-12 13:54:04,975 - INFO - fl - start - end client 4 training
2025-05-12 13:54:04,975 - INFO - fl - start - client 4 evaluation metrics: {'train_loss': 6.438585287815815, 'test_acc': 10.32}
2025-05-12 13:54:04,975 - INFO - fl - start - start client 5 training
2025-05-12 13:54:04,975 - INFO - fl - client_local_train - client 5 start local training ...
2025-05-12 13:54:06,624 - INFO - fl - start - end client 5 training
2025-05-12 13:54:06,624 - INFO - fl - start - client 5 evaluation metrics: {'train_loss': 8.038065791130066, 'test_acc': 10.32}
2025-05-12 13:54:06,624 - INFO - fl - start - start client 6 training
2025-05-12 13:54:06,624 - INFO - fl - client_local_train - client 6 start local training ...
2025-05-12 13:54:08,723 - INFO - fl - start - end client 6 training
2025-05-12 13:54:08,723 - INFO - fl - start - client 6 evaluation metrics: {'train_loss': 4.6611672075171215, 'test_acc': 10.28}
2025-05-12 13:54:08,723 - INFO - fl - start - start client 7 training
2025-05-12 13:54:08,723 - INFO - fl - client_local_train - client 7 start local training ...
2025-05-12 13:54:13,956 - INFO - fl - start - end client 7 training
2025-05-12 13:54:13,956 - INFO - fl - start - client 7 evaluation metrics: {'train_loss': 4.7166555580339935, 'test_acc': 10.1}
2025-05-12 13:54:13,956 - INFO - fl - start - start client 8 training
2025-05-12 13:54:13,956 - INFO - fl - client_local_train - client 8 start local training ...
2025-05-12 13:54:19,493 - INFO - fl - start - end client 8 training
2025-05-12 13:54:19,493 - INFO - fl - start - client 8 evaluation metrics: {'train_loss': 1.64176722016989, 'test_acc': 9.58}
2025-05-12 13:54:19,493 - INFO - fl - start - start client 9 training
2025-05-12 13:54:19,493 - INFO - fl - client_local_train - client 9 start local training ...
2025-05-12 13:54:22,197 - INFO - fl - start - end client 9 training
2025-05-12 13:54:22,197 - INFO - fl - start - client 9 evaluation metrics: {'train_loss': 2.282276890494607, 'test_acc': 10.28}
2025-05-12 13:54:22,197 - INFO - fl - aggregate_model - start model aggregation...fusion method: dual_defense
2025-05-12 13:54:22,197 - INFO - fl - aggregate_model - start hyper-guard fusion with epsilon 0.01
2025-05-12 13:54:22,197 - INFO - fl - aggregate_model - round 9 attackers: [1, 3]
2025-05-12 13:54:33,032 - DEBUG - util_fusion - fusion_dual_defense - client 0 scores: {0: array([8.63812298]), 1: array([8.63761109]), 2: array([8.63842822]), 3: array([8.63758965]), 4: array([8.63755752]), 5: array([8.63736058]), 6: array([8.63749966]), 7: array([8.63765439]), 8: array([8.63779863]), 9: array([8.63744115])}
2025-05-12 13:54:33,033 - DEBUG - util_fusion - fusion_dual_defense - client 0 norm scores: {0: array([0.71410019]), 1: array([0.23463398]), 2: array([1.]), 3: array([0.21455442]), 4: array([0.18445776]), 5: array([0.]), 6: array([0.1302639]), 7: array([0.27519258]), 8: array([0.41029692]), 9: array([0.07545989])}
2025-05-12 13:54:33,033 - DEBUG - util_fusion - fusion_dual_defense - client 0 similarity threshold: 0.3238959640020871
2025-05-12 13:54:33,033 - INFO - util_fusion - fusion_dual_defense - client 0 selected fusion benigns: [0, 2, 8]
2025-05-12 13:54:33,041 - DEBUG - util_fusion - fusion_dual_defense - client 1 scores: {0: array([8.63812298]), 1: array([8.63761109]), 2: array([8.63842822]), 3: array([8.63758965]), 4: array([8.63755752]), 5: array([8.63736058]), 6: array([8.63749966]), 7: array([8.63765439]), 8: array([8.63779863]), 9: array([8.63744115])}
2025-05-12 13:54:33,042 - DEBUG - util_fusion - fusion_dual_defense - client 1 norm scores: {0: array([0.71410019]), 1: array([0.23463398]), 2: array([1.]), 3: array([0.21455442]), 4: array([0.18445776]), 5: array([0.]), 6: array([0.1302639]), 7: array([0.27519258]), 8: array([0.41029692]), 9: array([0.07545989])}
2025-05-12 13:54:33,042 - DEBUG - util_fusion - fusion_dual_defense - client 1 similarity threshold: 0.3238959640020871
2025-05-12 13:54:33,042 - INFO - util_fusion - fusion_dual_defense - client 1 selected fusion benigns: [0, 2, 8]
2025-05-12 13:54:33,050 - DEBUG - util_fusion - fusion_dual_defense - client 2 scores: {0: array([8.63812298]), 1: array([8.63761109]), 2: array([8.63842822]), 3: array([8.63758965]), 4: array([8.63755752]), 5: array([8.63736058]), 6: array([8.63749966]), 7: array([8.63765439]), 8: array([8.63779863]), 9: array([8.63744115])}
2025-05-12 13:54:33,051 - DEBUG - util_fusion - fusion_dual_defense - client 2 norm scores: {0: array([0.71410019]), 1: array([0.23463398]), 2: array([1.]), 3: array([0.21455442]), 4: array([0.18445776]), 5: array([0.]), 6: array([0.1302639]), 7: array([0.27519258]), 8: array([0.41029692]), 9: array([0.07545989])}
2025-05-12 13:54:33,051 - DEBUG - util_fusion - fusion_dual_defense - client 2 similarity threshold: 0.3238959640020871
2025-05-12 13:54:33,051 - INFO - util_fusion - fusion_dual_defense - client 2 selected fusion benigns: [0, 2, 8]
2025-05-12 13:54:33,059 - DEBUG - util_fusion - fusion_dual_defense - client 3 scores: {0: array([8.63812298]), 1: array([8.63761109]), 2: array([8.63842822]), 3: array([8.63758965]), 4: array([8.63755752]), 5: array([8.63736058]), 6: array([8.63749966]), 7: array([8.63765439]), 8: array([8.63779863]), 9: array([8.63744115])}
2025-05-12 13:54:33,060 - DEBUG - util_fusion - fusion_dual_defense - client 3 norm scores: {0: array([0.71410019]), 1: array([0.23463398]), 2: array([1.]), 3: array([0.21455442]), 4: array([0.18445776]), 5: array([0.]), 6: array([0.1302639]), 7: array([0.27519258]), 8: array([0.41029692]), 9: array([0.07545989])}
2025-05-12 13:54:33,060 - DEBUG - util_fusion - fusion_dual_defense - client 3 similarity threshold: 0.3238959640020871
2025-05-12 13:54:33,060 - INFO - util_fusion - fusion_dual_defense - client 3 selected fusion benigns: [0, 2, 8]
2025-05-12 13:54:33,069 - DEBUG - util_fusion - fusion_dual_defense - client 4 scores: {0: array([8.63812298]), 1: array([8.63761109]), 2: array([8.63842822]), 3: array([8.63758965]), 4: array([8.63755752]), 5: array([8.63736058]), 6: array([8.63749966]), 7: array([8.63765439]), 8: array([8.63779863]), 9: array([8.63744115])}
2025-05-12 13:54:33,069 - DEBUG - util_fusion - fusion_dual_defense - client 4 norm scores: {0: array([0.71410019]), 1: array([0.23463398]), 2: array([1.]), 3: array([0.21455442]), 4: array([0.18445776]), 5: array([0.]), 6: array([0.1302639]), 7: array([0.27519258]), 8: array([0.41029692]), 9: array([0.07545989])}
2025-05-12 13:54:33,069 - DEBUG - util_fusion - fusion_dual_defense - client 4 similarity threshold: 0.3238959640020871
2025-05-12 13:54:33,069 - INFO - util_fusion - fusion_dual_defense - client 4 selected fusion benigns: [0, 2, 8]
2025-05-12 13:54:33,078 - DEBUG - util_fusion - fusion_dual_defense - client 5 scores: {0: array([8.63812298]), 1: array([8.63761109]), 2: array([8.63842822]), 3: array([8.63758965]), 4: array([8.63755752]), 5: array([8.63736058]), 6: array([8.63749966]), 7: array([8.63765439]), 8: array([8.63779863]), 9: array([8.63744115])}
2025-05-12 13:54:33,078 - DEBUG - util_fusion - fusion_dual_defense - client 5 norm scores: {0: array([0.71410019]), 1: array([0.23463398]), 2: array([1.]), 3: array([0.21455442]), 4: array([0.18445776]), 5: array([0.]), 6: array([0.1302639]), 7: array([0.27519258]), 8: array([0.41029692]), 9: array([0.07545989])}
2025-05-12 13:54:33,078 - DEBUG - util_fusion - fusion_dual_defense - client 5 similarity threshold: 0.3238959640020871
2025-05-12 13:54:33,078 - INFO - util_fusion - fusion_dual_defense - client 5 selected fusion benigns: [0, 2, 8]
2025-05-12 13:54:33,087 - DEBUG - util_fusion - fusion_dual_defense - client 6 scores: {0: array([8.63812298]), 1: array([8.63761109]), 2: array([8.63842822]), 3: array([8.63758965]), 4: array([8.63755752]), 5: array([8.63736058]), 6: array([8.63749966]), 7: array([8.63765439]), 8: array([8.63779863]), 9: array([8.63744115])}
2025-05-12 13:54:33,087 - DEBUG - util_fusion - fusion_dual_defense - client 6 norm scores: {0: array([0.71410019]), 1: array([0.23463398]), 2: array([1.]), 3: array([0.21455442]), 4: array([0.18445776]), 5: array([0.]), 6: array([0.1302639]), 7: array([0.27519258]), 8: array([0.41029692]), 9: array([0.07545989])}
2025-05-12 13:54:33,087 - DEBUG - util_fusion - fusion_dual_defense - client 6 similarity threshold: 0.3238959640020871
2025-05-12 13:54:33,087 - INFO - util_fusion - fusion_dual_defense - client 6 selected fusion benigns: [0, 2, 8]
2025-05-12 13:54:33,096 - DEBUG - util_fusion - fusion_dual_defense - client 7 scores: {0: array([8.63812298]), 1: array([8.63761109]), 2: array([8.63842822]), 3: array([8.63758965]), 4: array([8.63755752]), 5: array([8.63736058]), 6: array([8.63749966]), 7: array([8.63765439]), 8: array([8.63779863]), 9: array([8.63744115])}
2025-05-12 13:54:33,096 - DEBUG - util_fusion - fusion_dual_defense - client 7 norm scores: {0: array([0.71410019]), 1: array([0.23463398]), 2: array([1.]), 3: array([0.21455442]), 4: array([0.18445776]), 5: array([0.]), 6: array([0.1302639]), 7: array([0.27519258]), 8: array([0.41029692]), 9: array([0.07545989])}
2025-05-12 13:54:33,096 - DEBUG - util_fusion - fusion_dual_defense - client 7 similarity threshold: 0.3238959640020871
2025-05-12 13:54:33,096 - INFO - util_fusion - fusion_dual_defense - client 7 selected fusion benigns: [0, 2, 8]
2025-05-12 13:54:33,105 - DEBUG - util_fusion - fusion_dual_defense - client 8 scores: {0: array([8.63812298]), 1: array([8.63761109]), 2: array([8.63842822]), 3: array([8.63758965]), 4: array([8.63755752]), 5: array([8.63736058]), 6: array([8.63749966]), 7: array([8.63765439]), 8: array([8.63779863]), 9: array([8.63744115])}
2025-05-12 13:54:33,105 - DEBUG - util_fusion - fusion_dual_defense - client 8 norm scores: {0: array([0.71410019]), 1: array([0.23463398]), 2: array([1.]), 3: array([0.21455442]), 4: array([0.18445776]), 5: array([0.]), 6: array([0.1302639]), 7: array([0.27519258]), 8: array([0.41029692]), 9: array([0.07545989])}
2025-05-12 13:54:33,105 - DEBUG - util_fusion - fusion_dual_defense - client 8 similarity threshold: 0.3238959640020871
2025-05-12 13:54:33,105 - INFO - util_fusion - fusion_dual_defense - client 8 selected fusion benigns: [0, 2, 8]
2025-05-12 13:54:33,114 - DEBUG - util_fusion - fusion_dual_defense - client 9 scores: {0: array([8.63812298]), 1: array([8.63761109]), 2: array([8.63842822]), 3: array([8.63758965]), 4: array([8.63755752]), 5: array([8.63736058]), 6: array([8.63749966]), 7: array([8.63765439]), 8: array([8.63779863]), 9: array([8.63744115])}
2025-05-12 13:54:33,114 - DEBUG - util_fusion - fusion_dual_defense - client 9 norm scores: {0: array([0.71410019]), 1: array([0.23463398]), 2: array([1.]), 3: array([0.21455442]), 4: array([0.18445776]), 5: array([0.]), 6: array([0.1302639]), 7: array([0.27519258]), 8: array([0.41029692]), 9: array([0.07545989])}
2025-05-12 13:54:33,114 - DEBUG - util_fusion - fusion_dual_defense - client 9 similarity threshold: 0.3238959640020871
2025-05-12 13:54:33,114 - INFO - util_fusion - fusion_dual_defense - client 9 selected fusion benigns: [0, 2, 8]
2025-05-12 13:54:33,114 - DEBUG - util_fusion - fusion_dual_defense - final fusion benigns: (0, 2, 8)
2025-05-12 13:54:34,706 - INFO - fl - start - global side -  test accuracy: 9.8
2025-05-12 13:54:34,706 - INFO - fl - start - global side iteration 9 -  test accuracy: 9.8
2025-05-12 13:54:34,707 - INFO - fl - start - start training round 10
2025-05-12 13:54:34,708 - INFO - fl - start - round 10 attackers: [8, 9]
2025-05-12 13:54:34,708 - INFO - fl - start - start client 0 training
2025-05-12 13:54:34,708 - INFO - fl - client_local_train - client 0 start local training ...
2025-05-12 13:54:44,403 - INFO - fl - start - end client 0 training
2025-05-12 13:54:44,403 - INFO - fl - start - client 0 evaluation metrics: {'train_loss': 2.069784354106546, 'test_acc': 11.35}
2025-05-12 13:54:44,403 - INFO - fl - start - start client 1 training
2025-05-12 13:54:44,403 - INFO - fl - client_local_train - client 1 start local training ...
2025-05-12 13:54:48,993 - INFO - fl - start - end client 1 training
2025-05-12 13:54:48,993 - INFO - fl - start - client 1 evaluation metrics: {'train_loss': 2.5412219461006456, 'test_acc': 9.74}
2025-05-12 13:54:48,993 - INFO - fl - start - start client 2 training
2025-05-12 13:54:48,993 - INFO - fl - client_local_train - client 2 start local training ...
2025-05-12 13:55:00,952 - INFO - fl - start - end client 2 training
2025-05-12 13:55:00,952 - INFO - fl - start - client 2 evaluation metrics: {'train_loss': 3.9091237700262735, 'test_acc': 9.82}
2025-05-12 13:55:00,952 - INFO - fl - start - start client 3 training
2025-05-12 13:55:00,952 - INFO - fl - client_local_train - client 3 start local training ...
2025-05-12 13:55:05,250 - INFO - fl - start - end client 3 training
2025-05-12 13:55:05,250 - INFO - fl - start - client 3 evaluation metrics: {'train_loss': 1.6812899625963635, 'test_acc': 9.74}
2025-05-12 13:55:05,250 - INFO - fl - start - start client 4 training
2025-05-12 13:55:05,250 - INFO - fl - client_local_train - client 4 start local training ...
2025-05-12 13:55:09,634 - INFO - fl - start - end client 4 training
2025-05-12 13:55:09,634 - INFO - fl - start - client 4 evaluation metrics: {'train_loss': 5.034303336530118, 'test_acc': 10.32}
2025-05-12 13:55:09,634 - INFO - fl - start - start client 5 training
2025-05-12 13:55:09,634 - INFO - fl - client_local_train - client 5 start local training ...
2025-05-12 13:55:11,277 - INFO - fl - start - end client 5 training
2025-05-12 13:55:11,277 - INFO - fl - start - client 5 evaluation metrics: {'train_loss': 5.707037448883057, 'test_acc': 10.32}
2025-05-12 13:55:11,277 - INFO - fl - start - start client 6 training
2025-05-12 13:55:11,277 - INFO - fl - client_local_train - client 6 start local training ...
2025-05-12 13:55:13,376 - INFO - fl - start - end client 6 training
2025-05-12 13:55:13,376 - INFO - fl - start - client 6 evaluation metrics: {'train_loss': 3.1440343417619405, 'test_acc': 10.28}
2025-05-12 13:55:13,376 - INFO - fl - start - start client 7 training
2025-05-12 13:55:13,376 - INFO - fl - client_local_train - client 7 start local training ...
2025-05-12 13:55:18,611 - INFO - fl - start - end client 7 training
2025-05-12 13:55:18,611 - INFO - fl - start - client 7 evaluation metrics: {'train_loss': 3.149904835851569, 'test_acc': 10.1}
2025-05-12 13:55:18,611 - INFO - fl - start - start client 8 training
2025-05-12 13:55:18,611 - INFO - fl - client_local_train - client 8 start local training ...
2025-05-12 13:55:21,913 - INFO - fl - client_local_train - client 8 is attacker, start poisoning model
2025-05-12 13:55:26,355 - INFO - fl - start - end client 8 training
2025-05-12 13:55:26,355 - INFO - fl - start - client 8 evaluation metrics: {'train_loss': 235.79370700611787, 'test_acc': 10.09}
2025-05-12 13:55:26,355 - INFO - fl - start - start client 9 training
2025-05-12 13:55:26,355 - INFO - fl - client_local_train - client 9 start local training ...
2025-05-12 13:55:27,413 - INFO - fl - client_local_train - client 9 is attacker, start poisoning model
2025-05-12 13:55:30,665 - INFO - fl - start - end client 9 training
2025-05-12 13:55:30,665 - INFO - fl - start - client 9 evaluation metrics: {'train_loss': 216.95649395566997, 'test_acc': 10.09}
2025-05-12 13:55:30,665 - INFO - fl - aggregate_model - start model aggregation...fusion method: dual_defense
2025-05-12 13:55:30,665 - INFO - fl - aggregate_model - start hyper-guard fusion with epsilon 0.01
2025-05-12 13:55:30,665 - INFO - fl - aggregate_model - round 10 attackers: [8, 9]
2025-05-12 13:55:41,469 - DEBUG - util_fusion - fusion_dual_defense - client 0 scores: {0: array([25.92140497]), 1: array([25.91869899]), 2: array([25.9224467]), 3: array([25.91881991]), 4: array([25.91861274]), 5: array([25.91801561]), 6: array([25.91788697]), 7: array([25.91917105]), 8: array([25.91935538]), 9: array([25.91818779])}
2025-05-12 13:55:41,470 - DEBUG - util_fusion - fusion_dual_defense - client 0 norm scores: {0: array([0.77153668]), 1: array([0.17808492]), 2: array([1.]), 3: array([0.20460443]), 4: array([0.15916875]), 5: array([0.02821339]), 6: array([0.]), 7: array([0.2816136]), 8: array([0.32203824]), 9: array([0.06597404])}
2025-05-12 13:55:41,470 - DEBUG - util_fusion - fusion_dual_defense - client 0 similarity threshold: 0.30112340416895356
2025-05-12 13:55:41,470 - INFO - util_fusion - fusion_dual_defense - client 0 selected fusion benigns: [0, 2, 8]
2025-05-12 13:55:41,478 - DEBUG - util_fusion - fusion_dual_defense - client 1 scores: {0: array([25.92140497]), 1: array([25.91869899]), 2: array([25.9224467]), 3: array([25.91881991]), 4: array([25.91861274]), 5: array([25.91801561]), 6: array([25.91788697]), 7: array([25.91917105]), 8: array([25.91935538]), 9: array([25.91818779])}
2025-05-12 13:55:41,479 - DEBUG - util_fusion - fusion_dual_defense - client 1 norm scores: {0: array([0.77153668]), 1: array([0.17808492]), 2: array([1.]), 3: array([0.20460443]), 4: array([0.15916875]), 5: array([0.02821339]), 6: array([0.]), 7: array([0.2816136]), 8: array([0.32203824]), 9: array([0.06597404])}
2025-05-12 13:55:41,479 - DEBUG - util_fusion - fusion_dual_defense - client 1 similarity threshold: 0.30112340416895356
2025-05-12 13:55:41,479 - INFO - util_fusion - fusion_dual_defense - client 1 selected fusion benigns: [0, 2, 8]
2025-05-12 13:55:41,488 - DEBUG - util_fusion - fusion_dual_defense - client 2 scores: {0: array([25.92140497]), 1: array([25.91869899]), 2: array([25.9224467]), 3: array([25.91881991]), 4: array([25.91861274]), 5: array([25.91801561]), 6: array([25.91788697]), 7: array([25.91917105]), 8: array([25.91935538]), 9: array([25.91818779])}
2025-05-12 13:55:41,488 - DEBUG - util_fusion - fusion_dual_defense - client 2 norm scores: {0: array([0.77153668]), 1: array([0.17808492]), 2: array([1.]), 3: array([0.20460443]), 4: array([0.15916875]), 5: array([0.02821339]), 6: array([0.]), 7: array([0.2816136]), 8: array([0.32203824]), 9: array([0.06597404])}
2025-05-12 13:55:41,488 - DEBUG - util_fusion - fusion_dual_defense - client 2 similarity threshold: 0.30112340416895356
2025-05-12 13:55:41,488 - INFO - util_fusion - fusion_dual_defense - client 2 selected fusion benigns: [0, 2, 8]
2025-05-12 13:55:41,497 - DEBUG - util_fusion - fusion_dual_defense - client 3 scores: {0: array([25.92140497]), 1: array([25.91869899]), 2: array([25.9224467]), 3: array([25.91881991]), 4: array([25.91861274]), 5: array([25.91801561]), 6: array([25.91788697]), 7: array([25.91917105]), 8: array([25.91935538]), 9: array([25.91818779])}
2025-05-12 13:55:41,497 - DEBUG - util_fusion - fusion_dual_defense - client 3 norm scores: {0: array([0.77153668]), 1: array([0.17808492]), 2: array([1.]), 3: array([0.20460443]), 4: array([0.15916875]), 5: array([0.02821339]), 6: array([0.]), 7: array([0.2816136]), 8: array([0.32203824]), 9: array([0.06597404])}
2025-05-12 13:55:41,497 - DEBUG - util_fusion - fusion_dual_defense - client 3 similarity threshold: 0.30112340416895356
2025-05-12 13:55:41,497 - INFO - util_fusion - fusion_dual_defense - client 3 selected fusion benigns: [0, 2, 8]
2025-05-12 13:55:41,506 - DEBUG - util_fusion - fusion_dual_defense - client 4 scores: {0: array([25.92140497]), 1: array([25.91869899]), 2: array([25.9224467]), 3: array([25.91881991]), 4: array([25.91861274]), 5: array([25.91801561]), 6: array([25.91788697]), 7: array([25.91917105]), 8: array([25.91935538]), 9: array([25.91818779])}
2025-05-12 13:55:41,506 - DEBUG - util_fusion - fusion_dual_defense - client 4 norm scores: {0: array([0.77153668]), 1: array([0.17808492]), 2: array([1.]), 3: array([0.20460443]), 4: array([0.15916875]), 5: array([0.02821339]), 6: array([0.]), 7: array([0.2816136]), 8: array([0.32203824]), 9: array([0.06597404])}
2025-05-12 13:55:41,506 - DEBUG - util_fusion - fusion_dual_defense - client 4 similarity threshold: 0.30112340416895356
2025-05-12 13:55:41,506 - INFO - util_fusion - fusion_dual_defense - client 4 selected fusion benigns: [0, 2, 8]
2025-05-12 13:55:41,515 - DEBUG - util_fusion - fusion_dual_defense - client 5 scores: {0: array([25.92140497]), 1: array([25.91869899]), 2: array([25.9224467]), 3: array([25.91881991]), 4: array([25.91861274]), 5: array([25.91801561]), 6: array([25.91788697]), 7: array([25.91917105]), 8: array([25.91935538]), 9: array([25.91818779])}
2025-05-12 13:55:41,515 - DEBUG - util_fusion - fusion_dual_defense - client 5 norm scores: {0: array([0.77153668]), 1: array([0.17808492]), 2: array([1.]), 3: array([0.20460443]), 4: array([0.15916875]), 5: array([0.02821339]), 6: array([0.]), 7: array([0.2816136]), 8: array([0.32203824]), 9: array([0.06597404])}
2025-05-12 13:55:41,515 - DEBUG - util_fusion - fusion_dual_defense - client 5 similarity threshold: 0.30112340416895356
2025-05-12 13:55:41,515 - INFO - util_fusion - fusion_dual_defense - client 5 selected fusion benigns: [0, 2, 8]
2025-05-12 13:55:41,524 - DEBUG - util_fusion - fusion_dual_defense - client 6 scores: {0: array([25.92140497]), 1: array([25.91869899]), 2: array([25.9224467]), 3: array([25.91881991]), 4: array([25.91861274]), 5: array([25.91801561]), 6: array([25.91788697]), 7: array([25.91917105]), 8: array([25.91935538]), 9: array([25.91818779])}
2025-05-12 13:55:41,524 - DEBUG - util_fusion - fusion_dual_defense - client 6 norm scores: {0: array([0.77153668]), 1: array([0.17808492]), 2: array([1.]), 3: array([0.20460443]), 4: array([0.15916875]), 5: array([0.02821339]), 6: array([0.]), 7: array([0.2816136]), 8: array([0.32203824]), 9: array([0.06597404])}
2025-05-12 13:55:41,524 - DEBUG - util_fusion - fusion_dual_defense - client 6 similarity threshold: 0.30112340416895356
2025-05-12 13:55:41,525 - INFO - util_fusion - fusion_dual_defense - client 6 selected fusion benigns: [0, 2, 8]
2025-05-12 13:55:41,533 - DEBUG - util_fusion - fusion_dual_defense - client 7 scores: {0: array([25.92140497]), 1: array([25.91869899]), 2: array([25.9224467]), 3: array([25.91881991]), 4: array([25.91861274]), 5: array([25.91801561]), 6: array([25.91788697]), 7: array([25.91917105]), 8: array([25.91935538]), 9: array([25.91818779])}
2025-05-12 13:55:41,533 - DEBUG - util_fusion - fusion_dual_defense - client 7 norm scores: {0: array([0.77153668]), 1: array([0.17808492]), 2: array([1.]), 3: array([0.20460443]), 4: array([0.15916875]), 5: array([0.02821339]), 6: array([0.]), 7: array([0.2816136]), 8: array([0.32203824]), 9: array([0.06597404])}
2025-05-12 13:55:41,534 - DEBUG - util_fusion - fusion_dual_defense - client 7 similarity threshold: 0.30112340416895356
2025-05-12 13:55:41,534 - INFO - util_fusion - fusion_dual_defense - client 7 selected fusion benigns: [0, 2, 8]
2025-05-12 13:55:41,542 - DEBUG - util_fusion - fusion_dual_defense - client 8 scores: {0: array([25.92140497]), 1: array([25.91869899]), 2: array([25.9224467]), 3: array([25.91881991]), 4: array([25.91861274]), 5: array([25.91801561]), 6: array([25.91788697]), 7: array([25.91917105]), 8: array([25.91935538]), 9: array([25.91818779])}
2025-05-12 13:55:41,543 - DEBUG - util_fusion - fusion_dual_defense - client 8 norm scores: {0: array([0.77153668]), 1: array([0.17808492]), 2: array([1.]), 3: array([0.20460443]), 4: array([0.15916875]), 5: array([0.02821339]), 6: array([0.]), 7: array([0.2816136]), 8: array([0.32203824]), 9: array([0.06597404])}
2025-05-12 13:55:41,543 - DEBUG - util_fusion - fusion_dual_defense - client 8 similarity threshold: 0.30112340416895356
2025-05-12 13:55:41,543 - INFO - util_fusion - fusion_dual_defense - client 8 selected fusion benigns: [0, 2, 8]
2025-05-12 13:55:41,551 - DEBUG - util_fusion - fusion_dual_defense - client 9 scores: {0: array([25.92140497]), 1: array([25.91869899]), 2: array([25.9224467]), 3: array([25.91881991]), 4: array([25.91861274]), 5: array([25.91801561]), 6: array([25.91788697]), 7: array([25.91917105]), 8: array([25.91935538]), 9: array([25.91818779])}
2025-05-12 13:55:41,552 - DEBUG - util_fusion - fusion_dual_defense - client 9 norm scores: {0: array([0.77153668]), 1: array([0.17808492]), 2: array([1.]), 3: array([0.20460443]), 4: array([0.15916875]), 5: array([0.02821339]), 6: array([0.]), 7: array([0.2816136]), 8: array([0.32203824]), 9: array([0.06597404])}
2025-05-12 13:55:41,552 - DEBUG - util_fusion - fusion_dual_defense - client 9 similarity threshold: 0.30112340416895356
2025-05-12 13:55:41,552 - INFO - util_fusion - fusion_dual_defense - client 9 selected fusion benigns: [0, 2, 8]
2025-05-12 13:55:41,552 - DEBUG - util_fusion - fusion_dual_defense - final fusion benigns: (0, 2, 8)
2025-05-12 13:55:43,144 - INFO - fl - start - global side -  test accuracy: 9.8
2025-05-12 13:55:43,144 - INFO - fl - start - global side iteration 10 -  test accuracy: 9.8
2025-05-12 13:55:43,144 - INFO - fl - start - start training round 11
2025-05-12 13:55:43,146 - INFO - fl - start - round 11 attackers: [9, 5]
2025-05-12 13:55:43,146 - INFO - fl - start - start client 0 training
2025-05-12 13:55:43,146 - INFO - fl - client_local_train - client 0 start local training ...
2025-05-12 13:55:52,805 - INFO - fl - start - end client 0 training
2025-05-12 13:55:52,805 - INFO - fl - start - client 0 evaluation metrics: {'train_loss': 3.834584170374377, 'test_acc': 10.28}
2025-05-12 13:55:52,805 - INFO - fl - start - start client 1 training
2025-05-12 13:55:52,805 - INFO - fl - client_local_train - client 1 start local training ...
2025-05-12 13:55:57,369 - INFO - fl - start - end client 1 training
2025-05-12 13:55:57,369 - INFO - fl - start - client 1 evaluation metrics: {'train_loss': 4.12777559666694, 'test_acc': 9.74}
2025-05-12 13:55:57,369 - INFO - fl - start - start client 2 training
2025-05-12 13:55:57,369 - INFO - fl - client_local_train - client 2 start local training ...
2025-05-12 13:56:09,368 - INFO - fl - start - end client 2 training
2025-05-12 13:56:09,368 - INFO - fl - start - client 2 evaluation metrics: {'train_loss': 8.077599146569423, 'test_acc': 9.82}
2025-05-12 13:56:09,368 - INFO - fl - start - start client 3 training
2025-05-12 13:56:09,368 - INFO - fl - client_local_train - client 3 start local training ...
2025-05-12 13:56:13,634 - INFO - fl - start - end client 3 training
2025-05-12 13:56:13,634 - INFO - fl - start - client 3 evaluation metrics: {'train_loss': 1.9854903668165207, 'test_acc': 9.74}
2025-05-12 13:56:13,634 - INFO - fl - start - start client 4 training
2025-05-12 13:56:13,634 - INFO - fl - client_local_train - client 4 start local training ...
2025-05-12 13:56:18,015 - INFO - fl - start - end client 4 training
2025-05-12 13:56:18,015 - INFO - fl - start - client 4 evaluation metrics: {'train_loss': 10.294136131131971, 'test_acc': 10.32}
2025-05-12 13:56:18,015 - INFO - fl - start - start client 5 training
2025-05-12 13:56:18,015 - INFO - fl - client_local_train - client 5 start local training ...
2025-05-12 13:56:18,265 - INFO - fl - client_local_train - client 5 is attacker, start poisoning model
2025-05-12 13:56:21,080 - INFO - fl - start - end client 5 training
2025-05-12 13:56:21,080 - INFO - fl - start - client 5 evaluation metrics: {'train_loss': 258.85752868652344, 'test_acc': 10.09}
2025-05-12 13:56:21,080 - INFO - fl - start - start client 6 training
2025-05-12 13:56:21,080 - INFO - fl - client_local_train - client 6 start local training ...
2025-05-12 13:56:23,179 - INFO - fl - start - end client 6 training
2025-05-12 13:56:23,179 - INFO - fl - start - client 6 evaluation metrics: {'train_loss': 4.349200662813689, 'test_acc': 10.28}
2025-05-12 13:56:23,179 - INFO - fl - start - start client 7 training
2025-05-12 13:56:23,188 - INFO - fl - client_local_train - client 7 start local training ...
2025-05-12 13:56:28,405 - INFO - fl - start - end client 7 training
2025-05-12 13:56:28,406 - INFO - fl - start - client 7 evaluation metrics: {'train_loss': 5.96420424110011, 'test_acc': 10.1}
2025-05-12 13:56:28,406 - INFO - fl - start - start client 8 training
2025-05-12 13:56:28,406 - INFO - fl - client_local_train - client 8 start local training ...
2025-05-12 13:56:33,927 - INFO - fl - start - end client 8 training
2025-05-12 13:56:33,927 - INFO - fl - start - client 8 evaluation metrics: {'train_loss': 1.6730491764405195, 'test_acc': 10.1}
2025-05-12 13:56:33,927 - INFO - fl - start - start client 9 training
2025-05-12 13:56:33,927 - INFO - fl - client_local_train - client 9 start local training ...
2025-05-12 13:56:34,994 - INFO - fl - client_local_train - client 9 is attacker, start poisoning model
2025-05-12 13:56:38,231 - INFO - fl - start - end client 9 training
2025-05-12 13:56:38,231 - INFO - fl - start - client 9 evaluation metrics: {'train_loss': 313.598994399562, 'test_acc': 11.35}
2025-05-12 13:56:38,231 - INFO - fl - aggregate_model - start model aggregation...fusion method: dual_defense
2025-05-12 13:56:38,231 - INFO - fl - aggregate_model - start hyper-guard fusion with epsilon 0.01
2025-05-12 13:56:38,231 - INFO - fl - aggregate_model - round 11 attackers: [9, 5]
2025-05-12 13:56:49,006 - DEBUG - util_fusion - fusion_dual_defense - client 0 scores: {0: array([22.67764712]), 1: array([22.67237613]), 2: array([22.67965256]), 3: array([22.67218837]), 4: array([22.6721683]), 5: array([22.67015222]), 6: array([22.66999538]), 7: array([22.67311917]), 8: array([22.67346949]), 9: array([22.67057652])}
2025-05-12 13:56:49,007 - DEBUG - util_fusion - fusion_dual_defense - client 0 norm scores: {0: array([0.79233748]), 1: array([0.24652661]), 2: array([1.]), 3: array([0.22708466]), 4: array([0.22500628]), 5: array([0.01624131]), 6: array([0.]), 7: array([0.32346849]), 8: array([0.35974443]), 9: array([0.06017786])}
2025-05-12 13:56:49,007 - DEBUG - util_fusion - fusion_dual_defense - client 0 similarity threshold: 0.3250587124316874
2025-05-12 13:56:49,007 - INFO - util_fusion - fusion_dual_defense - client 0 selected fusion benigns: [0, 2, 8]
2025-05-12 13:56:49,015 - DEBUG - util_fusion - fusion_dual_defense - client 1 scores: {0: array([22.67764712]), 1: array([22.67237613]), 2: array([22.67965256]), 3: array([22.67218837]), 4: array([22.6721683]), 5: array([22.67015222]), 6: array([22.66999538]), 7: array([22.67311917]), 8: array([22.67346949]), 9: array([22.67057652])}
2025-05-12 13:56:49,016 - DEBUG - util_fusion - fusion_dual_defense - client 1 norm scores: {0: array([0.79233748]), 1: array([0.24652661]), 2: array([1.]), 3: array([0.22708466]), 4: array([0.22500628]), 5: array([0.01624131]), 6: array([0.]), 7: array([0.32346849]), 8: array([0.35974443]), 9: array([0.06017786])}
2025-05-12 13:56:49,016 - DEBUG - util_fusion - fusion_dual_defense - client 1 similarity threshold: 0.3250587124316874
2025-05-12 13:56:49,016 - INFO - util_fusion - fusion_dual_defense - client 1 selected fusion benigns: [0, 2, 8]
2025-05-12 13:56:49,024 - DEBUG - util_fusion - fusion_dual_defense - client 2 scores: {0: array([22.67764712]), 1: array([22.67237613]), 2: array([22.67965256]), 3: array([22.67218837]), 4: array([22.6721683]), 5: array([22.67015222]), 6: array([22.66999538]), 7: array([22.67311917]), 8: array([22.67346949]), 9: array([22.67057652])}
2025-05-12 13:56:49,025 - DEBUG - util_fusion - fusion_dual_defense - client 2 norm scores: {0: array([0.79233748]), 1: array([0.24652661]), 2: array([1.]), 3: array([0.22708466]), 4: array([0.22500628]), 5: array([0.01624131]), 6: array([0.]), 7: array([0.32346849]), 8: array([0.35974443]), 9: array([0.06017786])}
2025-05-12 13:56:49,025 - DEBUG - util_fusion - fusion_dual_defense - client 2 similarity threshold: 0.3250587124316874
2025-05-12 13:56:49,025 - INFO - util_fusion - fusion_dual_defense - client 2 selected fusion benigns: [0, 2, 8]
2025-05-12 13:56:49,033 - DEBUG - util_fusion - fusion_dual_defense - client 3 scores: {0: array([22.67764712]), 1: array([22.67237613]), 2: array([22.67965256]), 3: array([22.67218837]), 4: array([22.6721683]), 5: array([22.67015222]), 6: array([22.66999538]), 7: array([22.67311917]), 8: array([22.67346949]), 9: array([22.67057652])}
2025-05-12 13:56:49,034 - DEBUG - util_fusion - fusion_dual_defense - client 3 norm scores: {0: array([0.79233748]), 1: array([0.24652661]), 2: array([1.]), 3: array([0.22708466]), 4: array([0.22500628]), 5: array([0.01624131]), 6: array([0.]), 7: array([0.32346849]), 8: array([0.35974443]), 9: array([0.06017786])}
2025-05-12 13:56:49,034 - DEBUG - util_fusion - fusion_dual_defense - client 3 similarity threshold: 0.3250587124316874
2025-05-12 13:56:49,034 - INFO - util_fusion - fusion_dual_defense - client 3 selected fusion benigns: [0, 2, 8]
2025-05-12 13:56:49,043 - DEBUG - util_fusion - fusion_dual_defense - client 4 scores: {0: array([22.67764712]), 1: array([22.67237613]), 2: array([22.67965256]), 3: array([22.67218837]), 4: array([22.6721683]), 5: array([22.67015222]), 6: array([22.66999538]), 7: array([22.67311917]), 8: array([22.67346949]), 9: array([22.67057652])}
2025-05-12 13:56:49,043 - DEBUG - util_fusion - fusion_dual_defense - client 4 norm scores: {0: array([0.79233748]), 1: array([0.24652661]), 2: array([1.]), 3: array([0.22708466]), 4: array([0.22500628]), 5: array([0.01624131]), 6: array([0.]), 7: array([0.32346849]), 8: array([0.35974443]), 9: array([0.06017786])}
2025-05-12 13:56:49,043 - DEBUG - util_fusion - fusion_dual_defense - client 4 similarity threshold: 0.3250587124316874
2025-05-12 13:56:49,043 - INFO - util_fusion - fusion_dual_defense - client 4 selected fusion benigns: [0, 2, 8]
2025-05-12 13:56:49,052 - DEBUG - util_fusion - fusion_dual_defense - client 5 scores: {0: array([22.67764712]), 1: array([22.67237613]), 2: array([22.67965256]), 3: array([22.67218837]), 4: array([22.6721683]), 5: array([22.67015222]), 6: array([22.66999538]), 7: array([22.67311917]), 8: array([22.67346949]), 9: array([22.67057652])}
2025-05-12 13:56:49,052 - DEBUG - util_fusion - fusion_dual_defense - client 5 norm scores: {0: array([0.79233748]), 1: array([0.24652661]), 2: array([1.]), 3: array([0.22708466]), 4: array([0.22500628]), 5: array([0.01624131]), 6: array([0.]), 7: array([0.32346849]), 8: array([0.35974443]), 9: array([0.06017786])}
2025-05-12 13:56:49,052 - DEBUG - util_fusion - fusion_dual_defense - client 5 similarity threshold: 0.3250587124316874
2025-05-12 13:56:49,052 - INFO - util_fusion - fusion_dual_defense - client 5 selected fusion benigns: [0, 2, 8]
2025-05-12 13:56:49,061 - DEBUG - util_fusion - fusion_dual_defense - client 6 scores: {0: array([22.67764712]), 1: array([22.67237613]), 2: array([22.67965256]), 3: array([22.67218837]), 4: array([22.6721683]), 5: array([22.67015222]), 6: array([22.66999538]), 7: array([22.67311917]), 8: array([22.67346949]), 9: array([22.67057652])}
2025-05-12 13:56:49,061 - DEBUG - util_fusion - fusion_dual_defense - client 6 norm scores: {0: array([0.79233748]), 1: array([0.24652661]), 2: array([1.]), 3: array([0.22708466]), 4: array([0.22500628]), 5: array([0.01624131]), 6: array([0.]), 7: array([0.32346849]), 8: array([0.35974443]), 9: array([0.06017786])}
2025-05-12 13:56:49,061 - DEBUG - util_fusion - fusion_dual_defense - client 6 similarity threshold: 0.3250587124316874
2025-05-12 13:56:49,061 - INFO - util_fusion - fusion_dual_defense - client 6 selected fusion benigns: [0, 2, 8]
2025-05-12 13:56:49,070 - DEBUG - util_fusion - fusion_dual_defense - client 7 scores: {0: array([22.67764712]), 1: array([22.67237613]), 2: array([22.67965256]), 3: array([22.67218837]), 4: array([22.6721683]), 5: array([22.67015222]), 6: array([22.66999538]), 7: array([22.67311917]), 8: array([22.67346949]), 9: array([22.67057652])}
2025-05-12 13:56:49,070 - DEBUG - util_fusion - fusion_dual_defense - client 7 norm scores: {0: array([0.79233748]), 1: array([0.24652661]), 2: array([1.]), 3: array([0.22708466]), 4: array([0.22500628]), 5: array([0.01624131]), 6: array([0.]), 7: array([0.32346849]), 8: array([0.35974443]), 9: array([0.06017786])}
2025-05-12 13:56:49,070 - DEBUG - util_fusion - fusion_dual_defense - client 7 similarity threshold: 0.3250587124316874
2025-05-12 13:56:49,071 - INFO - util_fusion - fusion_dual_defense - client 7 selected fusion benigns: [0, 2, 8]
2025-05-12 13:56:49,079 - DEBUG - util_fusion - fusion_dual_defense - client 8 scores: {0: array([22.67764712]), 1: array([22.67237613]), 2: array([22.67965256]), 3: array([22.67218837]), 4: array([22.6721683]), 5: array([22.67015222]), 6: array([22.66999538]), 7: array([22.67311917]), 8: array([22.67346949]), 9: array([22.67057652])}
2025-05-12 13:56:49,079 - DEBUG - util_fusion - fusion_dual_defense - client 8 norm scores: {0: array([0.79233748]), 1: array([0.24652661]), 2: array([1.]), 3: array([0.22708466]), 4: array([0.22500628]), 5: array([0.01624131]), 6: array([0.]), 7: array([0.32346849]), 8: array([0.35974443]), 9: array([0.06017786])}
2025-05-12 13:56:49,080 - DEBUG - util_fusion - fusion_dual_defense - client 8 similarity threshold: 0.3250587124316874
2025-05-12 13:56:49,080 - INFO - util_fusion - fusion_dual_defense - client 8 selected fusion benigns: [0, 2, 8]
2025-05-12 13:56:49,088 - DEBUG - util_fusion - fusion_dual_defense - client 9 scores: {0: array([22.67764712]), 1: array([22.67237613]), 2: array([22.67965256]), 3: array([22.67218837]), 4: array([22.6721683]), 5: array([22.67015222]), 6: array([22.66999538]), 7: array([22.67311917]), 8: array([22.67346949]), 9: array([22.67057652])}
2025-05-12 13:56:49,089 - DEBUG - util_fusion - fusion_dual_defense - client 9 norm scores: {0: array([0.79233748]), 1: array([0.24652661]), 2: array([1.]), 3: array([0.22708466]), 4: array([0.22500628]), 5: array([0.01624131]), 6: array([0.]), 7: array([0.32346849]), 8: array([0.35974443]), 9: array([0.06017786])}
2025-05-12 13:56:49,089 - DEBUG - util_fusion - fusion_dual_defense - client 9 similarity threshold: 0.3250587124316874
2025-05-12 13:56:49,089 - INFO - util_fusion - fusion_dual_defense - client 9 selected fusion benigns: [0, 2, 8]
2025-05-12 13:56:49,089 - DEBUG - util_fusion - fusion_dual_defense - final fusion benigns: (0, 2, 8)
2025-05-12 13:56:50,677 - INFO - fl - start - global side -  test accuracy: 9.8
2025-05-12 13:56:50,677 - INFO - fl - start - global side iteration 11 -  test accuracy: 9.8
2025-05-12 13:56:50,677 - INFO - fl - start - start training round 12
2025-05-12 13:56:50,679 - INFO - fl - start - round 12 attackers: [0, 5]
2025-05-12 13:56:50,679 - INFO - fl - start - start client 0 training
2025-05-12 13:56:50,679 - INFO - fl - client_local_train - client 0 start local training ...
2025-05-12 13:56:57,252 - INFO - fl - client_local_train - client 0 is attacker, start poisoning model
2025-05-12 13:57:03,433 - INFO - fl - start - end client 0 training
2025-05-12 13:57:03,433 - INFO - fl - start - client 0 evaluation metrics: {'train_loss': 1119.9754025313655, 'test_acc': 8.92}
2025-05-12 13:57:03,433 - INFO - fl - start - start client 1 training
2025-05-12 13:57:03,433 - INFO - fl - client_local_train - client 1 start local training ...
2025-05-12 13:57:08,020 - INFO - fl - start - end client 1 training
2025-05-12 13:57:08,020 - INFO - fl - start - client 1 evaluation metrics: {'train_loss': 3.7933182837087895, 'test_acc': 9.74}
2025-05-12 13:57:08,020 - INFO - fl - start - start client 2 training
2025-05-12 13:57:08,020 - INFO - fl - client_local_train - client 2 start local training ...
2025-05-12 13:57:19,916 - INFO - fl - start - end client 2 training
2025-05-12 13:57:19,916 - INFO - fl - start - client 2 evaluation metrics: {'train_loss': 7.160585430241371, 'test_acc': 9.82}
2025-05-12 13:57:19,916 - INFO - fl - start - start client 3 training
2025-05-12 13:57:19,916 - INFO - fl - client_local_train - client 3 start local training ...
2025-05-12 13:57:24,209 - INFO - fl - start - end client 3 training
2025-05-12 13:57:24,209 - INFO - fl - start - client 3 evaluation metrics: {'train_loss': 1.6112409118149016, 'test_acc': 9.74}
2025-05-12 13:57:24,209 - INFO - fl - start - start client 4 training
2025-05-12 13:57:24,209 - INFO - fl - client_local_train - client 4 start local training ...
2025-05-12 13:57:28,579 - INFO - fl - start - end client 4 training
2025-05-12 13:57:28,579 - INFO - fl - start - client 4 evaluation metrics: {'train_loss': 8.842623439995018, 'test_acc': 10.32}
2025-05-12 13:57:28,579 - INFO - fl - start - start client 5 training
2025-05-12 13:57:28,579 - INFO - fl - client_local_train - client 5 start local training ...
2025-05-12 13:57:28,818 - INFO - fl - client_local_train - client 5 is attacker, start poisoning model
2025-05-12 13:57:31,630 - INFO - fl - start - end client 5 training
2025-05-12 13:57:31,630 - INFO - fl - start - client 5 evaluation metrics: {'train_loss': 585.9157257080078, 'test_acc': 8.92}
2025-05-12 13:57:31,630 - INFO - fl - start - start client 6 training
2025-05-12 13:57:31,630 - INFO - fl - client_local_train - client 6 start local training ...
2025-05-12 13:57:33,730 - INFO - fl - start - end client 6 training
2025-05-12 13:57:33,730 - INFO - fl - start - client 6 evaluation metrics: {'train_loss': 3.5349304927022835, 'test_acc': 10.28}
2025-05-12 13:57:33,730 - INFO - fl - start - start client 7 training
2025-05-12 13:57:33,730 - INFO - fl - client_local_train - client 7 start local training ...
2025-05-12 13:57:39,011 - INFO - fl - start - end client 7 training
2025-05-12 13:57:39,011 - INFO - fl - start - client 7 evaluation metrics: {'train_loss': 4.41694430301064, 'test_acc': 10.1}
2025-05-12 13:57:39,011 - INFO - fl - start - start client 8 training
2025-05-12 13:57:39,011 - INFO - fl - client_local_train - client 8 start local training ...
2025-05-12 13:57:44,546 - INFO - fl - start - end client 8 training
2025-05-12 13:57:44,546 - INFO - fl - start - client 8 evaluation metrics: {'train_loss': 1.6149122083888334, 'test_acc': 9.58}
2025-05-12 13:57:44,546 - INFO - fl - start - start client 9 training
2025-05-12 13:57:44,546 - INFO - fl - client_local_train - client 9 start local training ...
2025-05-12 13:57:47,209 - INFO - fl - start - end client 9 training
2025-05-12 13:57:47,209 - INFO - fl - start - client 9 evaluation metrics: {'train_loss': 1.7270928838036277, 'test_acc': 10.28}
2025-05-12 13:57:47,209 - INFO - fl - aggregate_model - start model aggregation...fusion method: dual_defense
2025-05-12 13:57:47,209 - INFO - fl - aggregate_model - start hyper-guard fusion with epsilon 0.01
2025-05-12 13:57:47,209 - INFO - fl - aggregate_model - round 12 attackers: [0, 5]
2025-05-12 13:57:57,987 - DEBUG - util_fusion - fusion_dual_defense - client 0 scores: {0: array([13.57049847]), 1: array([13.56850649]), 2: array([13.57145017]), 3: array([13.56842827]), 4: array([13.56842249]), 5: array([13.56766973]), 6: array([13.56760113]), 7: array([13.5687525]), 8: array([13.56887058]), 9: array([13.56781772])}
2025-05-12 13:57:57,988 - DEBUG - util_fusion - fusion_dual_defense - client 0 norm scores: {0: array([0.75274335]), 1: array([0.23521635]), 2: array([1.]), 3: array([0.21489397]), 4: array([0.21339209]), 5: array([0.01782214]), 6: array([0.]), 7: array([0.29912962]), 8: array([0.32980944]), 9: array([0.05626864])}
2025-05-12 13:57:57,988 - DEBUG - util_fusion - fusion_dual_defense - client 0 similarity threshold: 0.3119275619155274
2025-05-12 13:57:57,988 - INFO - util_fusion - fusion_dual_defense - client 0 selected fusion benigns: [0, 2, 8]
2025-05-12 13:57:57,996 - DEBUG - util_fusion - fusion_dual_defense - client 1 scores: {0: array([13.57049847]), 1: array([13.56850649]), 2: array([13.57145017]), 3: array([13.56842827]), 4: array([13.56842249]), 5: array([13.56766973]), 6: array([13.56760113]), 7: array([13.5687525]), 8: array([13.56887058]), 9: array([13.56781772])}
2025-05-12 13:57:57,997 - DEBUG - util_fusion - fusion_dual_defense - client 1 norm scores: {0: array([0.75274335]), 1: array([0.23521635]), 2: array([1.]), 3: array([0.21489397]), 4: array([0.21339209]), 5: array([0.01782214]), 6: array([0.]), 7: array([0.29912962]), 8: array([0.32980944]), 9: array([0.05626864])}
2025-05-12 13:57:57,997 - DEBUG - util_fusion - fusion_dual_defense - client 1 similarity threshold: 0.3119275619155274
2025-05-12 13:57:57,997 - INFO - util_fusion - fusion_dual_defense - client 1 selected fusion benigns: [0, 2, 8]
2025-05-12 13:57:58,006 - DEBUG - util_fusion - fusion_dual_defense - client 2 scores: {0: array([13.57049847]), 1: array([13.56850649]), 2: array([13.57145017]), 3: array([13.56842827]), 4: array([13.56842249]), 5: array([13.56766973]), 6: array([13.56760113]), 7: array([13.5687525]), 8: array([13.56887058]), 9: array([13.56781772])}
2025-05-12 13:57:58,006 - DEBUG - util_fusion - fusion_dual_defense - client 2 norm scores: {0: array([0.75274335]), 1: array([0.23521635]), 2: array([1.]), 3: array([0.21489397]), 4: array([0.21339209]), 5: array([0.01782214]), 6: array([0.]), 7: array([0.29912962]), 8: array([0.32980944]), 9: array([0.05626864])}
2025-05-12 13:57:58,006 - DEBUG - util_fusion - fusion_dual_defense - client 2 similarity threshold: 0.3119275619155274
2025-05-12 13:57:58,006 - INFO - util_fusion - fusion_dual_defense - client 2 selected fusion benigns: [0, 2, 8]
2025-05-12 13:57:58,015 - DEBUG - util_fusion - fusion_dual_defense - client 3 scores: {0: array([13.57049847]), 1: array([13.56850649]), 2: array([13.57145017]), 3: array([13.56842827]), 4: array([13.56842249]), 5: array([13.56766973]), 6: array([13.56760113]), 7: array([13.5687525]), 8: array([13.56887058]), 9: array([13.56781772])}
2025-05-12 13:57:58,015 - DEBUG - util_fusion - fusion_dual_defense - client 3 norm scores: {0: array([0.75274335]), 1: array([0.23521635]), 2: array([1.]), 3: array([0.21489397]), 4: array([0.21339209]), 5: array([0.01782214]), 6: array([0.]), 7: array([0.29912962]), 8: array([0.32980944]), 9: array([0.05626864])}
2025-05-12 13:57:58,015 - DEBUG - util_fusion - fusion_dual_defense - client 3 similarity threshold: 0.3119275619155274
2025-05-12 13:57:58,015 - INFO - util_fusion - fusion_dual_defense - client 3 selected fusion benigns: [0, 2, 8]
2025-05-12 13:57:58,024 - DEBUG - util_fusion - fusion_dual_defense - client 4 scores: {0: array([13.57049847]), 1: array([13.56850649]), 2: array([13.57145017]), 3: array([13.56842827]), 4: array([13.56842249]), 5: array([13.56766973]), 6: array([13.56760113]), 7: array([13.5687525]), 8: array([13.56887058]), 9: array([13.56781772])}
2025-05-12 13:57:58,024 - DEBUG - util_fusion - fusion_dual_defense - client 4 norm scores: {0: array([0.75274335]), 1: array([0.23521635]), 2: array([1.]), 3: array([0.21489397]), 4: array([0.21339209]), 5: array([0.01782214]), 6: array([0.]), 7: array([0.29912962]), 8: array([0.32980944]), 9: array([0.05626864])}
2025-05-12 13:57:58,024 - DEBUG - util_fusion - fusion_dual_defense - client 4 similarity threshold: 0.3119275619155274
2025-05-12 13:57:58,025 - INFO - util_fusion - fusion_dual_defense - client 4 selected fusion benigns: [0, 2, 8]
2025-05-12 13:57:58,033 - DEBUG - util_fusion - fusion_dual_defense - client 5 scores: {0: array([13.57049847]), 1: array([13.56850649]), 2: array([13.57145017]), 3: array([13.56842827]), 4: array([13.56842249]), 5: array([13.56766973]), 6: array([13.56760113]), 7: array([13.5687525]), 8: array([13.56887058]), 9: array([13.56781772])}
2025-05-12 13:57:58,034 - DEBUG - util_fusion - fusion_dual_defense - client 5 norm scores: {0: array([0.75274335]), 1: array([0.23521635]), 2: array([1.]), 3: array([0.21489397]), 4: array([0.21339209]), 5: array([0.01782214]), 6: array([0.]), 7: array([0.29912962]), 8: array([0.32980944]), 9: array([0.05626864])}
2025-05-12 13:57:58,034 - DEBUG - util_fusion - fusion_dual_defense - client 5 similarity threshold: 0.3119275619155274
2025-05-12 13:57:58,034 - INFO - util_fusion - fusion_dual_defense - client 5 selected fusion benigns: [0, 2, 8]
2025-05-12 13:57:58,042 - DEBUG - util_fusion - fusion_dual_defense - client 6 scores: {0: array([13.57049847]), 1: array([13.56850649]), 2: array([13.57145017]), 3: array([13.56842827]), 4: array([13.56842249]), 5: array([13.56766973]), 6: array([13.56760113]), 7: array([13.5687525]), 8: array([13.56887058]), 9: array([13.56781772])}
2025-05-12 13:57:58,043 - DEBUG - util_fusion - fusion_dual_defense - client 6 norm scores: {0: array([0.75274335]), 1: array([0.23521635]), 2: array([1.]), 3: array([0.21489397]), 4: array([0.21339209]), 5: array([0.01782214]), 6: array([0.]), 7: array([0.29912962]), 8: array([0.32980944]), 9: array([0.05626864])}
2025-05-12 13:57:58,043 - DEBUG - util_fusion - fusion_dual_defense - client 6 similarity threshold: 0.3119275619155274
2025-05-12 13:57:58,043 - INFO - util_fusion - fusion_dual_defense - client 6 selected fusion benigns: [0, 2, 8]
2025-05-12 13:57:58,051 - DEBUG - util_fusion - fusion_dual_defense - client 7 scores: {0: array([13.57049847]), 1: array([13.56850649]), 2: array([13.57145017]), 3: array([13.56842827]), 4: array([13.56842249]), 5: array([13.56766973]), 6: array([13.56760113]), 7: array([13.5687525]), 8: array([13.56887058]), 9: array([13.56781772])}
2025-05-12 13:57:58,052 - DEBUG - util_fusion - fusion_dual_defense - client 7 norm scores: {0: array([0.75274335]), 1: array([0.23521635]), 2: array([1.]), 3: array([0.21489397]), 4: array([0.21339209]), 5: array([0.01782214]), 6: array([0.]), 7: array([0.29912962]), 8: array([0.32980944]), 9: array([0.05626864])}
2025-05-12 13:57:58,052 - DEBUG - util_fusion - fusion_dual_defense - client 7 similarity threshold: 0.3119275619155274
2025-05-12 13:57:58,052 - INFO - util_fusion - fusion_dual_defense - client 7 selected fusion benigns: [0, 2, 8]
2025-05-12 13:57:58,060 - DEBUG - util_fusion - fusion_dual_defense - client 8 scores: {0: array([13.57049847]), 1: array([13.56850649]), 2: array([13.57145017]), 3: array([13.56842827]), 4: array([13.56842249]), 5: array([13.56766973]), 6: array([13.56760113]), 7: array([13.5687525]), 8: array([13.56887058]), 9: array([13.56781772])}
2025-05-12 13:57:58,061 - DEBUG - util_fusion - fusion_dual_defense - client 8 norm scores: {0: array([0.75274335]), 1: array([0.23521635]), 2: array([1.]), 3: array([0.21489397]), 4: array([0.21339209]), 5: array([0.01782214]), 6: array([0.]), 7: array([0.29912962]), 8: array([0.32980944]), 9: array([0.05626864])}
2025-05-12 13:57:58,061 - DEBUG - util_fusion - fusion_dual_defense - client 8 similarity threshold: 0.3119275619155274
2025-05-12 13:57:58,061 - INFO - util_fusion - fusion_dual_defense - client 8 selected fusion benigns: [0, 2, 8]
2025-05-12 13:57:58,069 - DEBUG - util_fusion - fusion_dual_defense - client 9 scores: {0: array([13.57049847]), 1: array([13.56850649]), 2: array([13.57145017]), 3: array([13.56842827]), 4: array([13.56842249]), 5: array([13.56766973]), 6: array([13.56760113]), 7: array([13.5687525]), 8: array([13.56887058]), 9: array([13.56781772])}
2025-05-12 13:57:58,070 - DEBUG - util_fusion - fusion_dual_defense - client 9 norm scores: {0: array([0.75274335]), 1: array([0.23521635]), 2: array([1.]), 3: array([0.21489397]), 4: array([0.21339209]), 5: array([0.01782214]), 6: array([0.]), 7: array([0.29912962]), 8: array([0.32980944]), 9: array([0.05626864])}
2025-05-12 13:57:58,070 - DEBUG - util_fusion - fusion_dual_defense - client 9 similarity threshold: 0.3119275619155274
2025-05-12 13:57:58,070 - INFO - util_fusion - fusion_dual_defense - client 9 selected fusion benigns: [0, 2, 8]
2025-05-12 13:57:58,070 - DEBUG - util_fusion - fusion_dual_defense - final fusion benigns: (0, 2, 8)
2025-05-12 13:57:59,658 - INFO - fl - start - global side -  test accuracy: 8.92
2025-05-12 13:57:59,658 - INFO - fl - start - global side iteration 12 -  test accuracy: 8.92
2025-05-12 13:57:59,658 - INFO - fl - start - start training round 13
2025-05-12 13:57:59,660 - INFO - fl - start - round 13 attackers: [6, 9]
2025-05-12 13:57:59,660 - INFO - fl - start - start client 0 training
2025-05-12 13:57:59,660 - INFO - fl - client_local_train - client 0 start local training ...
2025-05-12 13:58:09,320 - INFO - fl - start - end client 0 training
2025-05-12 13:58:09,320 - INFO - fl - start - client 0 evaluation metrics: {'train_loss': 11.021285895643564, 'test_acc': 11.35}
2025-05-12 13:58:09,320 - INFO - fl - start - start client 1 training
2025-05-12 13:58:09,320 - INFO - fl - client_local_train - client 1 start local training ...
2025-05-12 13:58:13,927 - INFO - fl - start - end client 1 training
2025-05-12 13:58:13,927 - INFO - fl - start - client 1 evaluation metrics: {'train_loss': 18.677214242235014, 'test_acc': 9.74}
2025-05-12 13:58:13,927 - INFO - fl - start - start client 2 training
2025-05-12 13:58:13,927 - INFO - fl - client_local_train - client 2 start local training ...
2025-05-12 13:58:25,860 - INFO - fl - start - end client 2 training
2025-05-12 13:58:25,860 - INFO - fl - start - client 2 evaluation metrics: {'train_loss': 24.332967821017718, 'test_acc': 9.82}
2025-05-12 13:58:25,860 - INFO - fl - start - start client 3 training
2025-05-12 13:58:25,860 - INFO - fl - client_local_train - client 3 start local training ...
2025-05-12 13:58:30,161 - INFO - fl - start - end client 3 training
2025-05-12 13:58:30,161 - INFO - fl - start - client 3 evaluation metrics: {'train_loss': 2.429246872663498, 'test_acc': 9.74}
2025-05-12 13:58:30,161 - INFO - fl - start - start client 4 training
2025-05-12 13:58:30,161 - INFO - fl - client_local_train - client 4 start local training ...
2025-05-12 13:58:34,553 - INFO - fl - start - end client 4 training
2025-05-12 13:58:34,553 - INFO - fl - start - client 4 evaluation metrics: {'train_loss': 26.06113589776529, 'test_acc': 10.32}
2025-05-12 13:58:34,553 - INFO - fl - start - start client 5 training
2025-05-12 13:58:34,553 - INFO - fl - client_local_train - client 5 start local training ...
2025-05-12 13:58:36,201 - INFO - fl - start - end client 5 training
2025-05-12 13:58:36,201 - INFO - fl - start - client 5 evaluation metrics: {'train_loss': 26.445058822631836, 'test_acc': 10.28}
2025-05-12 13:58:36,201 - INFO - fl - start - start client 6 training
2025-05-12 13:58:36,201 - INFO - fl - client_local_train - client 6 start local training ...
2025-05-12 13:58:36,803 - INFO - fl - client_local_train - client 6 is attacker, start poisoning model
2025-05-12 13:58:39,813 - INFO - fl - start - end client 6 training
2025-05-12 13:58:39,813 - INFO - fl - start - client 6 evaluation metrics: {'train_loss': 126.70584347373561, 'test_acc': 10.28}
2025-05-12 13:58:39,813 - INFO - fl - start - start client 7 training
2025-05-12 13:58:39,813 - INFO - fl - client_local_train - client 7 start local training ...
2025-05-12 13:58:45,050 - INFO - fl - start - end client 7 training
2025-05-12 13:58:45,050 - INFO - fl - start - client 7 evaluation metrics: {'train_loss': 16.229544248078998, 'test_acc': 11.35}
2025-05-12 13:58:45,050 - INFO - fl - start - start client 8 training
2025-05-12 13:58:45,050 - INFO - fl - client_local_train - client 8 start local training ...
2025-05-12 13:58:50,594 - INFO - fl - start - end client 8 training
2025-05-12 13:58:50,594 - INFO - fl - start - client 8 evaluation metrics: {'train_loss': 1.9567233324050903, 'test_acc': 10.1}
2025-05-12 13:58:50,594 - INFO - fl - start - start client 9 training
2025-05-12 13:58:50,594 - INFO - fl - client_local_train - client 9 start local training ...
2025-05-12 13:58:51,643 - INFO - fl - client_local_train - client 9 is attacker, start poisoning model
2025-05-12 13:58:54,891 - INFO - fl - start - end client 9 training
2025-05-12 13:58:54,891 - INFO - fl - start - client 9 evaluation metrics: {'train_loss': 17.547297925660104, 'test_acc': 10.28}
2025-05-12 13:58:54,891 - INFO - fl - aggregate_model - start model aggregation...fusion method: dual_defense
2025-05-12 13:58:54,891 - INFO - fl - aggregate_model - start hyper-guard fusion with epsilon 0.01
2025-05-12 13:58:54,891 - INFO - fl - aggregate_model - round 13 attackers: [9, 6]
2025-05-12 13:59:05,701 - DEBUG - util_fusion - fusion_dual_defense - client 0 scores: {0: array([10.99206391]), 1: array([10.99266315]), 2: array([10.99176012]), 3: array([10.99272521]), 4: array([10.99269156]), 5: array([10.99300448]), 6: array([10.99298141]), 7: array([10.99258409]), 8: array([10.99255935]), 9: array([10.99293258])}
2025-05-12 13:59:05,702 - DEBUG - util_fusion - fusion_dual_defense - client 0 norm scores: {0: array([0.24413523]), 1: array([0.72569543]), 2: array([0.]), 3: array([0.77557451]), 4: array([0.74853147]), 5: array([1.]), 6: array([0.98145873]), 7: array([0.66216389]), 8: array([0.6422815]), 9: array([0.94221711])}
2025-05-12 13:59:05,702 - DEBUG - util_fusion - fusion_dual_defense - client 0 similarity threshold: 0.6722057880289786
2025-05-12 13:59:05,702 - INFO - util_fusion - fusion_dual_defense - client 0 selected fusion benigns: [1, 3, 4, 5, 6, 9]
2025-05-12 13:59:05,710 - DEBUG - util_fusion - fusion_dual_defense - client 1 scores: {0: array([10.99206391]), 1: array([10.99266315]), 2: array([10.99176012]), 3: array([10.99272521]), 4: array([10.99269156]), 5: array([10.99300448]), 6: array([10.99298141]), 7: array([10.99258409]), 8: array([10.99255935]), 9: array([10.99293258])}
2025-05-12 13:59:05,711 - DEBUG - util_fusion - fusion_dual_defense - client 1 norm scores: {0: array([0.24413523]), 1: array([0.72569543]), 2: array([0.]), 3: array([0.77557451]), 4: array([0.74853147]), 5: array([1.]), 6: array([0.98145873]), 7: array([0.66216389]), 8: array([0.6422815]), 9: array([0.94221711])}
2025-05-12 13:59:05,711 - DEBUG - util_fusion - fusion_dual_defense - client 1 similarity threshold: 0.6722057880289786
2025-05-12 13:59:05,711 - INFO - util_fusion - fusion_dual_defense - client 1 selected fusion benigns: [1, 3, 4, 5, 6, 9]
2025-05-12 13:59:05,720 - DEBUG - util_fusion - fusion_dual_defense - client 2 scores: {0: array([10.99206391]), 1: array([10.99266315]), 2: array([10.99176012]), 3: array([10.99272521]), 4: array([10.99269156]), 5: array([10.99300448]), 6: array([10.99298141]), 7: array([10.99258409]), 8: array([10.99255935]), 9: array([10.99293258])}
2025-05-12 13:59:05,720 - DEBUG - util_fusion - fusion_dual_defense - client 2 norm scores: {0: array([0.24413523]), 1: array([0.72569543]), 2: array([0.]), 3: array([0.77557451]), 4: array([0.74853147]), 5: array([1.]), 6: array([0.98145873]), 7: array([0.66216389]), 8: array([0.6422815]), 9: array([0.94221711])}
2025-05-12 13:59:05,720 - DEBUG - util_fusion - fusion_dual_defense - client 2 similarity threshold: 0.6722057880289786
2025-05-12 13:59:05,720 - INFO - util_fusion - fusion_dual_defense - client 2 selected fusion benigns: [1, 3, 4, 5, 6, 9]
2025-05-12 13:59:05,729 - DEBUG - util_fusion - fusion_dual_defense - client 3 scores: {0: array([10.99206391]), 1: array([10.99266315]), 2: array([10.99176012]), 3: array([10.99272521]), 4: array([10.99269156]), 5: array([10.99300448]), 6: array([10.99298141]), 7: array([10.99258409]), 8: array([10.99255935]), 9: array([10.99293258])}
2025-05-12 13:59:05,729 - DEBUG - util_fusion - fusion_dual_defense - client 3 norm scores: {0: array([0.24413523]), 1: array([0.72569543]), 2: array([0.]), 3: array([0.77557451]), 4: array([0.74853147]), 5: array([1.]), 6: array([0.98145873]), 7: array([0.66216389]), 8: array([0.6422815]), 9: array([0.94221711])}
2025-05-12 13:59:05,729 - DEBUG - util_fusion - fusion_dual_defense - client 3 similarity threshold: 0.6722057880289786
2025-05-12 13:59:05,729 - INFO - util_fusion - fusion_dual_defense - client 3 selected fusion benigns: [1, 3, 4, 5, 6, 9]
2025-05-12 13:59:05,738 - DEBUG - util_fusion - fusion_dual_defense - client 4 scores: {0: array([10.99206391]), 1: array([10.99266315]), 2: array([10.99176012]), 3: array([10.99272521]), 4: array([10.99269156]), 5: array([10.99300448]), 6: array([10.99298141]), 7: array([10.99258409]), 8: array([10.99255935]), 9: array([10.99293258])}
2025-05-12 13:59:05,738 - DEBUG - util_fusion - fusion_dual_defense - client 4 norm scores: {0: array([0.24413523]), 1: array([0.72569543]), 2: array([0.]), 3: array([0.77557451]), 4: array([0.74853147]), 5: array([1.]), 6: array([0.98145873]), 7: array([0.66216389]), 8: array([0.6422815]), 9: array([0.94221711])}
2025-05-12 13:59:05,738 - DEBUG - util_fusion - fusion_dual_defense - client 4 similarity threshold: 0.6722057880289786
2025-05-12 13:59:05,738 - INFO - util_fusion - fusion_dual_defense - client 4 selected fusion benigns: [1, 3, 4, 5, 6, 9]
2025-05-12 13:59:05,747 - DEBUG - util_fusion - fusion_dual_defense - client 5 scores: {0: array([10.99206391]), 1: array([10.99266315]), 2: array([10.99176012]), 3: array([10.99272521]), 4: array([10.99269156]), 5: array([10.99300448]), 6: array([10.99298141]), 7: array([10.99258409]), 8: array([10.99255935]), 9: array([10.99293258])}
2025-05-12 13:59:05,747 - DEBUG - util_fusion - fusion_dual_defense - client 5 norm scores: {0: array([0.24413523]), 1: array([0.72569543]), 2: array([0.]), 3: array([0.77557451]), 4: array([0.74853147]), 5: array([1.]), 6: array([0.98145873]), 7: array([0.66216389]), 8: array([0.6422815]), 9: array([0.94221711])}
2025-05-12 13:59:05,747 - DEBUG - util_fusion - fusion_dual_defense - client 5 similarity threshold: 0.6722057880289786
2025-05-12 13:59:05,748 - INFO - util_fusion - fusion_dual_defense - client 5 selected fusion benigns: [1, 3, 4, 5, 6, 9]
2025-05-12 13:59:05,756 - DEBUG - util_fusion - fusion_dual_defense - client 6 scores: {0: array([10.99206391]), 1: array([10.99266315]), 2: array([10.99176012]), 3: array([10.99272521]), 4: array([10.99269156]), 5: array([10.99300448]), 6: array([10.99298141]), 7: array([10.99258409]), 8: array([10.99255935]), 9: array([10.99293258])}
2025-05-12 13:59:05,757 - DEBUG - util_fusion - fusion_dual_defense - client 6 norm scores: {0: array([0.24413523]), 1: array([0.72569543]), 2: array([0.]), 3: array([0.77557451]), 4: array([0.74853147]), 5: array([1.]), 6: array([0.98145873]), 7: array([0.66216389]), 8: array([0.6422815]), 9: array([0.94221711])}
2025-05-12 13:59:05,757 - DEBUG - util_fusion - fusion_dual_defense - client 6 similarity threshold: 0.6722057880289786
2025-05-12 13:59:05,757 - INFO - util_fusion - fusion_dual_defense - client 6 selected fusion benigns: [1, 3, 4, 5, 6, 9]
2025-05-12 13:59:05,765 - DEBUG - util_fusion - fusion_dual_defense - client 7 scores: {0: array([10.99206391]), 1: array([10.99266315]), 2: array([10.99176012]), 3: array([10.99272521]), 4: array([10.99269156]), 5: array([10.99300448]), 6: array([10.99298141]), 7: array([10.99258409]), 8: array([10.99255935]), 9: array([10.99293258])}
2025-05-12 13:59:05,766 - DEBUG - util_fusion - fusion_dual_defense - client 7 norm scores: {0: array([0.24413523]), 1: array([0.72569543]), 2: array([0.]), 3: array([0.77557451]), 4: array([0.74853147]), 5: array([1.]), 6: array([0.98145873]), 7: array([0.66216389]), 8: array([0.6422815]), 9: array([0.94221711])}
2025-05-12 13:59:05,766 - DEBUG - util_fusion - fusion_dual_defense - client 7 similarity threshold: 0.6722057880289786
2025-05-12 13:59:05,766 - INFO - util_fusion - fusion_dual_defense - client 7 selected fusion benigns: [1, 3, 4, 5, 6, 9]
2025-05-12 13:59:05,774 - DEBUG - util_fusion - fusion_dual_defense - client 8 scores: {0: array([10.99206391]), 1: array([10.99266315]), 2: array([10.99176012]), 3: array([10.99272521]), 4: array([10.99269156]), 5: array([10.99300448]), 6: array([10.99298141]), 7: array([10.99258409]), 8: array([10.99255935]), 9: array([10.99293258])}
2025-05-12 13:59:05,775 - DEBUG - util_fusion - fusion_dual_defense - client 8 norm scores: {0: array([0.24413523]), 1: array([0.72569543]), 2: array([0.]), 3: array([0.77557451]), 4: array([0.74853147]), 5: array([1.]), 6: array([0.98145873]), 7: array([0.66216389]), 8: array([0.6422815]), 9: array([0.94221711])}
2025-05-12 13:59:05,775 - DEBUG - util_fusion - fusion_dual_defense - client 8 similarity threshold: 0.6722057880289786
2025-05-12 13:59:05,775 - INFO - util_fusion - fusion_dual_defense - client 8 selected fusion benigns: [1, 3, 4, 5, 6, 9]
2025-05-12 13:59:05,783 - DEBUG - util_fusion - fusion_dual_defense - client 9 scores: {0: array([10.99206391]), 1: array([10.99266315]), 2: array([10.99176012]), 3: array([10.99272521]), 4: array([10.99269156]), 5: array([10.99300448]), 6: array([10.99298141]), 7: array([10.99258409]), 8: array([10.99255935]), 9: array([10.99293258])}
2025-05-12 13:59:05,784 - DEBUG - util_fusion - fusion_dual_defense - client 9 norm scores: {0: array([0.24413523]), 1: array([0.72569543]), 2: array([0.]), 3: array([0.77557451]), 4: array([0.74853147]), 5: array([1.]), 6: array([0.98145873]), 7: array([0.66216389]), 8: array([0.6422815]), 9: array([0.94221711])}
2025-05-12 13:59:05,784 - DEBUG - util_fusion - fusion_dual_defense - client 9 similarity threshold: 0.6722057880289786
2025-05-12 13:59:05,784 - INFO - util_fusion - fusion_dual_defense - client 9 selected fusion benigns: [1, 3, 4, 5, 6, 9]
2025-05-12 13:59:05,784 - DEBUG - util_fusion - fusion_dual_defense - final fusion benigns: (1, 3, 4, 5, 6, 9)
2025-05-12 13:59:07,545 - INFO - fl - start - global side -  test accuracy: 10.28
2025-05-12 13:59:07,545 - INFO - fl - start - global side iteration 13 -  test accuracy: 10.28
2025-05-12 13:59:07,546 - INFO - fl - start - start training round 14
2025-05-12 13:59:07,547 - INFO - fl - start - round 14 attackers: [5, 8]
2025-05-12 13:59:07,547 - INFO - fl - start - start client 0 training
2025-05-12 13:59:07,547 - INFO - fl - client_local_train - client 0 start local training ...
2025-05-12 13:59:17,262 - INFO - fl - start - end client 0 training
2025-05-12 13:59:17,262 - INFO - fl - start - client 0 evaluation metrics: {'train_loss': 25.21096647666593, 'test_acc': 11.35}
2025-05-12 13:59:17,262 - INFO - fl - start - start client 1 training
2025-05-12 13:59:17,262 - INFO - fl - client_local_train - client 1 start local training ...
2025-05-12 13:59:21,825 - INFO - fl - start - end client 1 training
2025-05-12 13:59:21,825 - INFO - fl - start - client 1 evaluation metrics: {'train_loss': 40.767299108867405, 'test_acc': 9.74}
2025-05-12 13:59:21,825 - INFO - fl - start - start client 2 training
2025-05-12 13:59:21,825 - INFO - fl - client_local_train - client 2 start local training ...
2025-05-12 13:59:33,781 - INFO - fl - start - end client 2 training
2025-05-12 13:59:33,781 - INFO - fl - start - client 2 evaluation metrics: {'train_loss': 105.35212794754857, 'test_acc': 9.58}
2025-05-12 13:59:33,781 - INFO - fl - start - start client 3 training
2025-05-12 13:59:33,781 - INFO - fl - client_local_train - client 3 start local training ...
2025-05-12 13:59:38,054 - INFO - fl - start - end client 3 training
2025-05-12 13:59:38,054 - INFO - fl - start - client 3 evaluation metrics: {'train_loss': 3.888844973511166, 'test_acc': 9.74}
2025-05-12 13:59:38,054 - INFO - fl - start - start client 4 training
2025-05-12 13:59:38,054 - INFO - fl - client_local_train - client 4 start local training ...
2025-05-12 13:59:42,442 - INFO - fl - start - end client 4 training
2025-05-12 13:59:42,442 - INFO - fl - start - client 4 evaluation metrics: {'train_loss': 113.61903494757576, 'test_acc': 10.32}
2025-05-12 13:59:42,442 - INFO - fl - start - start client 5 training
2025-05-12 13:59:42,442 - INFO - fl - client_local_train - client 5 start local training ...
2025-05-12 13:59:42,682 - INFO - fl - client_local_train - client 5 is attacker, start poisoning model
2025-05-12 13:59:45,502 - INFO - fl - start - end client 5 training
2025-05-12 13:59:45,502 - INFO - fl - start - client 5 evaluation metrics: {'train_loss': 809.8014678955078, 'test_acc': 10.28}
2025-05-12 13:59:45,502 - INFO - fl - start - start client 6 training
2025-05-12 13:59:45,502 - INFO - fl - client_local_train - client 6 start local training ...
2025-05-12 13:59:47,600 - INFO - fl - start - end client 6 training
2025-05-12 13:59:47,600 - INFO - fl - start - client 6 evaluation metrics: {'train_loss': 36.74088543339779, 'test_acc': 10.28}
2025-05-12 13:59:47,601 - INFO - fl - start - start client 7 training
2025-05-12 13:59:47,601 - INFO - fl - client_local_train - client 7 start local training ...
2025-05-12 13:59:52,837 - INFO - fl - start - end client 7 training
2025-05-12 13:59:52,837 - INFO - fl - start - client 7 evaluation metrics: {'train_loss': 36.75093640779194, 'test_acc': 10.1}
2025-05-12 13:59:52,837 - INFO - fl - start - start client 8 training
2025-05-12 13:59:52,837 - INFO - fl - client_local_train - client 8 start local training ...
2025-05-12 13:59:56,164 - INFO - fl - client_local_train - client 8 is attacker, start poisoning model
2025-05-12 14:00:00,609 - INFO - fl - start - end client 8 training
2025-05-12 14:00:00,609 - INFO - fl - start - client 8 evaluation metrics: {'train_loss': 12.046900795955285, 'test_acc': 10.1}
2025-05-12 14:00:00,609 - INFO - fl - start - start client 9 training
2025-05-12 14:00:00,609 - INFO - fl - client_local_train - client 9 start local training ...
2025-05-12 14:00:03,293 - INFO - fl - start - end client 9 training
2025-05-12 14:00:03,293 - INFO - fl - start - client 9 evaluation metrics: {'train_loss': 4.6441434368942724, 'test_acc': 10.28}
2025-05-12 14:00:03,293 - INFO - fl - aggregate_model - start model aggregation...fusion method: dual_defense
2025-05-12 14:00:03,293 - INFO - fl - aggregate_model - start hyper-guard fusion with epsilon 0.01
2025-05-12 14:00:03,293 - INFO - fl - aggregate_model - round 14 attackers: [8, 5]
2025-05-12 14:00:14,098 - DEBUG - util_fusion - fusion_dual_defense - client 0 scores: {0: array([2.07694627]), 1: array([2.07771121]), 2: array([2.07660398]), 3: array([2.0777507]), 4: array([2.07773808]), 5: array([2.07809346]), 6: array([2.07807633]), 7: array([2.07761387]), 8: array([2.07757]), 9: array([2.07799073])}
2025-05-12 14:00:14,099 - DEBUG - util_fusion - fusion_dual_defense - client 0 norm scores: {0: array([0.22980096]), 1: array([0.74336296]), 2: array([0.]), 3: array([0.7698796]), 4: array([0.76140398]), 5: array([1.]), 6: array([0.98849448]), 7: array([0.67801378]), 8: array([0.64855861]), 9: array([0.93102883])}
2025-05-12 14:00:14,099 - DEBUG - util_fusion - fusion_dual_defense - client 0 similarity threshold: 0.6750543194459372
2025-05-12 14:00:14,099 - INFO - util_fusion - fusion_dual_defense - client 0 selected fusion benigns: [1, 3, 4, 5, 6, 7, 9]
2025-05-12 14:00:14,107 - DEBUG - util_fusion - fusion_dual_defense - client 1 scores: {0: array([2.07694627]), 1: array([2.07771121]), 2: array([2.07660398]), 3: array([2.0777507]), 4: array([2.07773808]), 5: array([2.07809346]), 6: array([2.07807633]), 7: array([2.07761387]), 8: array([2.07757]), 9: array([2.07799073])}
2025-05-12 14:00:14,108 - DEBUG - util_fusion - fusion_dual_defense - client 1 norm scores: {0: array([0.22980096]), 1: array([0.74336296]), 2: array([0.]), 3: array([0.7698796]), 4: array([0.76140398]), 5: array([1.]), 6: array([0.98849448]), 7: array([0.67801378]), 8: array([0.64855861]), 9: array([0.93102883])}
2025-05-12 14:00:14,108 - DEBUG - util_fusion - fusion_dual_defense - client 1 similarity threshold: 0.6750543194459372
2025-05-12 14:00:14,108 - INFO - util_fusion - fusion_dual_defense - client 1 selected fusion benigns: [1, 3, 4, 5, 6, 7, 9]
2025-05-12 14:00:14,116 - DEBUG - util_fusion - fusion_dual_defense - client 2 scores: {0: array([2.07694627]), 1: array([2.07771121]), 2: array([2.07660398]), 3: array([2.0777507]), 4: array([2.07773808]), 5: array([2.07809346]), 6: array([2.07807633]), 7: array([2.07761387]), 8: array([2.07757]), 9: array([2.07799073])}
2025-05-12 14:00:14,117 - DEBUG - util_fusion - fusion_dual_defense - client 2 norm scores: {0: array([0.22980096]), 1: array([0.74336296]), 2: array([0.]), 3: array([0.7698796]), 4: array([0.76140398]), 5: array([1.]), 6: array([0.98849448]), 7: array([0.67801378]), 8: array([0.64855861]), 9: array([0.93102883])}
2025-05-12 14:00:14,117 - DEBUG - util_fusion - fusion_dual_defense - client 2 similarity threshold: 0.6750543194459372
2025-05-12 14:00:14,117 - INFO - util_fusion - fusion_dual_defense - client 2 selected fusion benigns: [1, 3, 4, 5, 6, 7, 9]
2025-05-12 14:00:14,125 - DEBUG - util_fusion - fusion_dual_defense - client 3 scores: {0: array([2.07694627]), 1: array([2.07771121]), 2: array([2.07660398]), 3: array([2.0777507]), 4: array([2.07773808]), 5: array([2.07809346]), 6: array([2.07807633]), 7: array([2.07761387]), 8: array([2.07757]), 9: array([2.07799073])}
2025-05-12 14:00:14,126 - DEBUG - util_fusion - fusion_dual_defense - client 3 norm scores: {0: array([0.22980096]), 1: array([0.74336296]), 2: array([0.]), 3: array([0.7698796]), 4: array([0.76140398]), 5: array([1.]), 6: array([0.98849448]), 7: array([0.67801378]), 8: array([0.64855861]), 9: array([0.93102883])}
2025-05-12 14:00:14,126 - DEBUG - util_fusion - fusion_dual_defense - client 3 similarity threshold: 0.6750543194459372
2025-05-12 14:00:14,126 - INFO - util_fusion - fusion_dual_defense - client 3 selected fusion benigns: [1, 3, 4, 5, 6, 7, 9]
2025-05-12 14:00:14,134 - DEBUG - util_fusion - fusion_dual_defense - client 4 scores: {0: array([2.07694627]), 1: array([2.07771121]), 2: array([2.07660398]), 3: array([2.0777507]), 4: array([2.07773808]), 5: array([2.07809346]), 6: array([2.07807633]), 7: array([2.07761387]), 8: array([2.07757]), 9: array([2.07799073])}
2025-05-12 14:00:14,135 - DEBUG - util_fusion - fusion_dual_defense - client 4 norm scores: {0: array([0.22980096]), 1: array([0.74336296]), 2: array([0.]), 3: array([0.7698796]), 4: array([0.76140398]), 5: array([1.]), 6: array([0.98849448]), 7: array([0.67801378]), 8: array([0.64855861]), 9: array([0.93102883])}
2025-05-12 14:00:14,135 - DEBUG - util_fusion - fusion_dual_defense - client 4 similarity threshold: 0.6750543194459372
2025-05-12 14:00:14,135 - INFO - util_fusion - fusion_dual_defense - client 4 selected fusion benigns: [1, 3, 4, 5, 6, 7, 9]
2025-05-12 14:00:14,143 - DEBUG - util_fusion - fusion_dual_defense - client 5 scores: {0: array([2.07694627]), 1: array([2.07771121]), 2: array([2.07660398]), 3: array([2.0777507]), 4: array([2.07773808]), 5: array([2.07809346]), 6: array([2.07807633]), 7: array([2.07761387]), 8: array([2.07757]), 9: array([2.07799073])}
2025-05-12 14:00:14,144 - DEBUG - util_fusion - fusion_dual_defense - client 5 norm scores: {0: array([0.22980096]), 1: array([0.74336296]), 2: array([0.]), 3: array([0.7698796]), 4: array([0.76140398]), 5: array([1.]), 6: array([0.98849448]), 7: array([0.67801378]), 8: array([0.64855861]), 9: array([0.93102883])}
2025-05-12 14:00:14,144 - DEBUG - util_fusion - fusion_dual_defense - client 5 similarity threshold: 0.6750543194459372
2025-05-12 14:00:14,144 - INFO - util_fusion - fusion_dual_defense - client 5 selected fusion benigns: [1, 3, 4, 5, 6, 7, 9]
2025-05-12 14:00:14,152 - DEBUG - util_fusion - fusion_dual_defense - client 6 scores: {0: array([2.07694627]), 1: array([2.07771121]), 2: array([2.07660398]), 3: array([2.0777507]), 4: array([2.07773808]), 5: array([2.07809346]), 6: array([2.07807633]), 7: array([2.07761387]), 8: array([2.07757]), 9: array([2.07799073])}
2025-05-12 14:00:14,153 - DEBUG - util_fusion - fusion_dual_defense - client 6 norm scores: {0: array([0.22980096]), 1: array([0.74336296]), 2: array([0.]), 3: array([0.7698796]), 4: array([0.76140398]), 5: array([1.]), 6: array([0.98849448]), 7: array([0.67801378]), 8: array([0.64855861]), 9: array([0.93102883])}
2025-05-12 14:00:14,153 - DEBUG - util_fusion - fusion_dual_defense - client 6 similarity threshold: 0.6750543194459372
2025-05-12 14:00:14,153 - INFO - util_fusion - fusion_dual_defense - client 6 selected fusion benigns: [1, 3, 4, 5, 6, 7, 9]
2025-05-12 14:00:14,162 - DEBUG - util_fusion - fusion_dual_defense - client 7 scores: {0: array([2.07694627]), 1: array([2.07771121]), 2: array([2.07660398]), 3: array([2.0777507]), 4: array([2.07773808]), 5: array([2.07809346]), 6: array([2.07807633]), 7: array([2.07761387]), 8: array([2.07757]), 9: array([2.07799073])}
2025-05-12 14:00:14,162 - DEBUG - util_fusion - fusion_dual_defense - client 7 norm scores: {0: array([0.22980096]), 1: array([0.74336296]), 2: array([0.]), 3: array([0.7698796]), 4: array([0.76140398]), 5: array([1.]), 6: array([0.98849448]), 7: array([0.67801378]), 8: array([0.64855861]), 9: array([0.93102883])}
2025-05-12 14:00:14,162 - DEBUG - util_fusion - fusion_dual_defense - client 7 similarity threshold: 0.6750543194459372
2025-05-12 14:00:14,162 - INFO - util_fusion - fusion_dual_defense - client 7 selected fusion benigns: [1, 3, 4, 5, 6, 7, 9]
2025-05-12 14:00:14,171 - DEBUG - util_fusion - fusion_dual_defense - client 8 scores: {0: array([2.07694627]), 1: array([2.07771121]), 2: array([2.07660398]), 3: array([2.0777507]), 4: array([2.07773808]), 5: array([2.07809346]), 6: array([2.07807633]), 7: array([2.07761387]), 8: array([2.07757]), 9: array([2.07799073])}
2025-05-12 14:00:14,172 - DEBUG - util_fusion - fusion_dual_defense - client 8 norm scores: {0: array([0.22980096]), 1: array([0.74336296]), 2: array([0.]), 3: array([0.7698796]), 4: array([0.76140398]), 5: array([1.]), 6: array([0.98849448]), 7: array([0.67801378]), 8: array([0.64855861]), 9: array([0.93102883])}
2025-05-12 14:00:14,172 - DEBUG - util_fusion - fusion_dual_defense - client 8 similarity threshold: 0.6750543194459372
2025-05-12 14:00:14,172 - INFO - util_fusion - fusion_dual_defense - client 8 selected fusion benigns: [1, 3, 4, 5, 6, 7, 9]
2025-05-12 14:00:14,180 - DEBUG - util_fusion - fusion_dual_defense - client 9 scores: {0: array([2.07694627]), 1: array([2.07771121]), 2: array([2.07660398]), 3: array([2.0777507]), 4: array([2.07773808]), 5: array([2.07809346]), 6: array([2.07807633]), 7: array([2.07761387]), 8: array([2.07757]), 9: array([2.07799073])}
2025-05-12 14:00:14,181 - DEBUG - util_fusion - fusion_dual_defense - client 9 norm scores: {0: array([0.22980096]), 1: array([0.74336296]), 2: array([0.]), 3: array([0.7698796]), 4: array([0.76140398]), 5: array([1.]), 6: array([0.98849448]), 7: array([0.67801378]), 8: array([0.64855861]), 9: array([0.93102883])}
2025-05-12 14:00:14,181 - DEBUG - util_fusion - fusion_dual_defense - client 9 similarity threshold: 0.6750543194459372
2025-05-12 14:00:14,181 - INFO - util_fusion - fusion_dual_defense - client 9 selected fusion benigns: [1, 3, 4, 5, 6, 7, 9]
2025-05-12 14:00:14,181 - DEBUG - util_fusion - fusion_dual_defense - final fusion benigns: (1, 3, 4, 5, 6, 7, 9)
2025-05-12 14:00:15,991 - INFO - fl - start - global side -  test accuracy: 10.28
2025-05-12 14:00:15,991 - INFO - fl - start - global side iteration 14 -  test accuracy: 10.28
2025-05-12 14:00:15,992 - INFO - fl - start - start training round 15
2025-05-12 14:00:15,993 - INFO - fl - start - round 15 attackers: [6, 7]
2025-05-12 14:00:15,993 - INFO - fl - start - start client 0 training
2025-05-12 14:00:15,993 - INFO - fl - client_local_train - client 0 start local training ...
2025-05-12 14:00:25,654 - INFO - fl - start - end client 0 training
2025-05-12 14:00:25,654 - INFO - fl - start - client 0 evaluation metrics: {'train_loss': 27.876477100579024, 'test_acc': 11.35}
2025-05-12 14:00:25,654 - INFO - fl - start - start client 1 training
2025-05-12 14:00:25,654 - INFO - fl - client_local_train - client 1 start local training ...
2025-05-12 14:00:30,227 - INFO - fl - start - end client 1 training
2025-05-12 14:00:30,227 - INFO - fl - start - client 1 evaluation metrics: {'train_loss': 45.98728624174866, 'test_acc': 9.74}
2025-05-12 14:00:30,227 - INFO - fl - start - start client 2 training
2025-05-12 14:00:30,227 - INFO - fl - client_local_train - client 2 start local training ...
2025-05-12 14:00:42,196 - INFO - fl - start - end client 2 training
2025-05-12 14:00:42,197 - INFO - fl - start - client 2 evaluation metrics: {'train_loss': 120.19492326780806, 'test_acc': 9.58}
2025-05-12 14:00:42,197 - INFO - fl - start - start client 3 training
2025-05-12 14:00:42,197 - INFO - fl - client_local_train - client 3 start local training ...
2025-05-12 14:00:46,475 - INFO - fl - start - end client 3 training
2025-05-12 14:00:46,475 - INFO - fl - start - client 3 evaluation metrics: {'train_loss': 4.130507065190209, 'test_acc': 9.74}
2025-05-12 14:00:46,475 - INFO - fl - start - start client 4 training
2025-05-12 14:00:46,475 - INFO - fl - client_local_train - client 4 start local training ...
2025-05-12 14:00:50,838 - INFO - fl - start - end client 4 training
2025-05-12 14:00:50,838 - INFO - fl - start - client 4 evaluation metrics: {'train_loss': 127.17535421010611, 'test_acc': 10.32}
2025-05-12 14:00:50,838 - INFO - fl - start - start client 5 training
2025-05-12 14:00:50,838 - INFO - fl - client_local_train - client 5 start local training ...
2025-05-12 14:00:52,479 - INFO - fl - start - end client 5 training
2025-05-12 14:00:52,479 - INFO - fl - start - client 5 evaluation metrics: {'train_loss': 113.54404354095459, 'test_acc': 10.28}
2025-05-12 14:00:52,479 - INFO - fl - start - start client 6 training
2025-05-12 14:00:52,479 - INFO - fl - client_local_train - client 6 start local training ...
2025-05-12 14:00:53,077 - INFO - fl - client_local_train - client 6 is attacker, start poisoning model
2025-05-12 14:00:56,086 - INFO - fl - start - end client 6 training
2025-05-12 14:00:56,086 - INFO - fl - start - client 6 evaluation metrics: {'train_loss': 319.5577420686421, 'test_acc': 10.28}
2025-05-12 14:00:56,086 - INFO - fl - start - start client 7 training
2025-05-12 14:00:56,086 - INFO - fl - client_local_train - client 7 start local training ...
2025-05-12 14:00:59,197 - INFO - fl - client_local_train - client 7 is attacker, start poisoning model
2025-05-12 14:01:03,513 - INFO - fl - start - end client 7 training
2025-05-12 14:01:03,513 - INFO - fl - start - client 7 evaluation metrics: {'train_loss': 315.24637916966486, 'test_acc': 11.35}
2025-05-12 14:01:03,513 - INFO - fl - start - start client 8 training
2025-05-12 14:01:03,513 - INFO - fl - client_local_train - client 8 start local training ...
2025-05-12 14:01:09,070 - INFO - fl - start - end client 8 training
2025-05-12 14:01:09,070 - INFO - fl - start - client 8 evaluation metrics: {'train_loss': 2.5977820929358986, 'test_acc': 10.1}
2025-05-12 14:01:09,070 - INFO - fl - start - start client 9 training
2025-05-12 14:01:09,070 - INFO - fl - client_local_train - client 9 start local training ...
2025-05-12 14:01:11,737 - INFO - fl - start - end client 9 training
2025-05-12 14:01:11,737 - INFO - fl - start - client 9 evaluation metrics: {'train_loss': 4.861034458333796, 'test_acc': 10.28}
2025-05-12 14:01:11,737 - INFO - fl - aggregate_model - start model aggregation...fusion method: dual_defense
2025-05-12 14:01:11,737 - INFO - fl - aggregate_model - start hyper-guard fusion with epsilon 0.01
2025-05-12 14:01:11,737 - INFO - fl - aggregate_model - round 15 attackers: [6, 7]
2025-05-12 14:01:22,542 - DEBUG - util_fusion - fusion_dual_defense - client 0 scores: {0: array([8.23683873]), 1: array([8.23578277]), 2: array([8.23730635]), 3: array([8.23571517]), 4: array([8.23574319]), 5: array([8.23516384]), 6: array([8.23521112]), 7: array([8.23591208]), 8: array([8.23597454]), 9: array([8.2353546])}
2025-05-12 14:01:22,543 - DEBUG - util_fusion - fusion_dual_defense - client 0 norm scores: {0: array([0.78173996]), 1: array([0.28887711]), 2: array([1.]), 3: array([0.25732618]), 4: array([0.27040756]), 5: array([0.]), 6: array([0.02206681]), 7: array([0.34923154]), 8: array([0.37838615]), 9: array([0.08903229])}
2025-05-12 14:01:22,543 - DEBUG - util_fusion - fusion_dual_defense - client 0 similarity threshold: 0.34370676011617346
2025-05-12 14:01:22,543 - INFO - util_fusion - fusion_dual_defense - client 0 selected fusion benigns: [0, 2, 7, 8]
2025-05-12 14:01:22,552 - DEBUG - util_fusion - fusion_dual_defense - client 1 scores: {0: array([8.23683873]), 1: array([8.23578277]), 2: array([8.23730635]), 3: array([8.23571517]), 4: array([8.23574319]), 5: array([8.23516384]), 6: array([8.23521112]), 7: array([8.23591208]), 8: array([8.23597454]), 9: array([8.2353546])}
2025-05-12 14:01:22,552 - DEBUG - util_fusion - fusion_dual_defense - client 1 norm scores: {0: array([0.78173996]), 1: array([0.28887711]), 2: array([1.]), 3: array([0.25732618]), 4: array([0.27040756]), 5: array([0.]), 6: array([0.02206681]), 7: array([0.34923154]), 8: array([0.37838615]), 9: array([0.08903229])}
2025-05-12 14:01:22,552 - DEBUG - util_fusion - fusion_dual_defense - client 1 similarity threshold: 0.34370676011617346
2025-05-12 14:01:22,552 - INFO - util_fusion - fusion_dual_defense - client 1 selected fusion benigns: [0, 2, 7, 8]
2025-05-12 14:01:22,561 - DEBUG - util_fusion - fusion_dual_defense - client 2 scores: {0: array([8.23683873]), 1: array([8.23578277]), 2: array([8.23730635]), 3: array([8.23571517]), 4: array([8.23574319]), 5: array([8.23516384]), 6: array([8.23521112]), 7: array([8.23591208]), 8: array([8.23597454]), 9: array([8.2353546])}
2025-05-12 14:01:22,561 - DEBUG - util_fusion - fusion_dual_defense - client 2 norm scores: {0: array([0.78173996]), 1: array([0.28887711]), 2: array([1.]), 3: array([0.25732618]), 4: array([0.27040756]), 5: array([0.]), 6: array([0.02206681]), 7: array([0.34923154]), 8: array([0.37838615]), 9: array([0.08903229])}
2025-05-12 14:01:22,561 - DEBUG - util_fusion - fusion_dual_defense - client 2 similarity threshold: 0.34370676011617346
2025-05-12 14:01:22,561 - INFO - util_fusion - fusion_dual_defense - client 2 selected fusion benigns: [0, 2, 7, 8]
2025-05-12 14:01:22,570 - DEBUG - util_fusion - fusion_dual_defense - client 3 scores: {0: array([8.23683873]), 1: array([8.23578277]), 2: array([8.23730635]), 3: array([8.23571517]), 4: array([8.23574319]), 5: array([8.23516384]), 6: array([8.23521112]), 7: array([8.23591208]), 8: array([8.23597454]), 9: array([8.2353546])}
2025-05-12 14:01:22,570 - DEBUG - util_fusion - fusion_dual_defense - client 3 norm scores: {0: array([0.78173996]), 1: array([0.28887711]), 2: array([1.]), 3: array([0.25732618]), 4: array([0.27040756]), 5: array([0.]), 6: array([0.02206681]), 7: array([0.34923154]), 8: array([0.37838615]), 9: array([0.08903229])}
2025-05-12 14:01:22,570 - DEBUG - util_fusion - fusion_dual_defense - client 3 similarity threshold: 0.34370676011617346
2025-05-12 14:01:22,570 - INFO - util_fusion - fusion_dual_defense - client 3 selected fusion benigns: [0, 2, 7, 8]
2025-05-12 14:01:22,579 - DEBUG - util_fusion - fusion_dual_defense - client 4 scores: {0: array([8.23683873]), 1: array([8.23578277]), 2: array([8.23730635]), 3: array([8.23571517]), 4: array([8.23574319]), 5: array([8.23516384]), 6: array([8.23521112]), 7: array([8.23591208]), 8: array([8.23597454]), 9: array([8.2353546])}
2025-05-12 14:01:22,580 - DEBUG - util_fusion - fusion_dual_defense - client 4 norm scores: {0: array([0.78173996]), 1: array([0.28887711]), 2: array([1.]), 3: array([0.25732618]), 4: array([0.27040756]), 5: array([0.]), 6: array([0.02206681]), 7: array([0.34923154]), 8: array([0.37838615]), 9: array([0.08903229])}
2025-05-12 14:01:22,580 - DEBUG - util_fusion - fusion_dual_defense - client 4 similarity threshold: 0.34370676011617346
2025-05-12 14:01:22,580 - INFO - util_fusion - fusion_dual_defense - client 4 selected fusion benigns: [0, 2, 7, 8]
2025-05-12 14:01:22,588 - DEBUG - util_fusion - fusion_dual_defense - client 5 scores: {0: array([8.23683873]), 1: array([8.23578277]), 2: array([8.23730635]), 3: array([8.23571517]), 4: array([8.23574319]), 5: array([8.23516384]), 6: array([8.23521112]), 7: array([8.23591208]), 8: array([8.23597454]), 9: array([8.2353546])}
2025-05-12 14:01:22,589 - DEBUG - util_fusion - fusion_dual_defense - client 5 norm scores: {0: array([0.78173996]), 1: array([0.28887711]), 2: array([1.]), 3: array([0.25732618]), 4: array([0.27040756]), 5: array([0.]), 6: array([0.02206681]), 7: array([0.34923154]), 8: array([0.37838615]), 9: array([0.08903229])}
2025-05-12 14:01:22,589 - DEBUG - util_fusion - fusion_dual_defense - client 5 similarity threshold: 0.34370676011617346
2025-05-12 14:01:22,589 - INFO - util_fusion - fusion_dual_defense - client 5 selected fusion benigns: [0, 2, 7, 8]
2025-05-12 14:01:22,597 - DEBUG - util_fusion - fusion_dual_defense - client 6 scores: {0: array([8.23683873]), 1: array([8.23578277]), 2: array([8.23730635]), 3: array([8.23571517]), 4: array([8.23574319]), 5: array([8.23516384]), 6: array([8.23521112]), 7: array([8.23591208]), 8: array([8.23597454]), 9: array([8.2353546])}
2025-05-12 14:01:22,598 - DEBUG - util_fusion - fusion_dual_defense - client 6 norm scores: {0: array([0.78173996]), 1: array([0.28887711]), 2: array([1.]), 3: array([0.25732618]), 4: array([0.27040756]), 5: array([0.]), 6: array([0.02206681]), 7: array([0.34923154]), 8: array([0.37838615]), 9: array([0.08903229])}
2025-05-12 14:01:22,598 - DEBUG - util_fusion - fusion_dual_defense - client 6 similarity threshold: 0.34370676011617346
2025-05-12 14:01:22,598 - INFO - util_fusion - fusion_dual_defense - client 6 selected fusion benigns: [0, 2, 7, 8]
2025-05-12 14:01:22,606 - DEBUG - util_fusion - fusion_dual_defense - client 7 scores: {0: array([8.23683873]), 1: array([8.23578277]), 2: array([8.23730635]), 3: array([8.23571517]), 4: array([8.23574319]), 5: array([8.23516384]), 6: array([8.23521112]), 7: array([8.23591208]), 8: array([8.23597454]), 9: array([8.2353546])}
2025-05-12 14:01:22,607 - DEBUG - util_fusion - fusion_dual_defense - client 7 norm scores: {0: array([0.78173996]), 1: array([0.28887711]), 2: array([1.]), 3: array([0.25732618]), 4: array([0.27040756]), 5: array([0.]), 6: array([0.02206681]), 7: array([0.34923154]), 8: array([0.37838615]), 9: array([0.08903229])}
2025-05-12 14:01:22,607 - DEBUG - util_fusion - fusion_dual_defense - client 7 similarity threshold: 0.34370676011617346
2025-05-12 14:01:22,607 - INFO - util_fusion - fusion_dual_defense - client 7 selected fusion benigns: [0, 2, 7, 8]
2025-05-12 14:01:22,615 - DEBUG - util_fusion - fusion_dual_defense - client 8 scores: {0: array([8.23683873]), 1: array([8.23578277]), 2: array([8.23730635]), 3: array([8.23571517]), 4: array([8.23574319]), 5: array([8.23516384]), 6: array([8.23521112]), 7: array([8.23591208]), 8: array([8.23597454]), 9: array([8.2353546])}
2025-05-12 14:01:22,616 - DEBUG - util_fusion - fusion_dual_defense - client 8 norm scores: {0: array([0.78173996]), 1: array([0.28887711]), 2: array([1.]), 3: array([0.25732618]), 4: array([0.27040756]), 5: array([0.]), 6: array([0.02206681]), 7: array([0.34923154]), 8: array([0.37838615]), 9: array([0.08903229])}
2025-05-12 14:01:22,616 - DEBUG - util_fusion - fusion_dual_defense - client 8 similarity threshold: 0.34370676011617346
2025-05-12 14:01:22,616 - INFO - util_fusion - fusion_dual_defense - client 8 selected fusion benigns: [0, 2, 7, 8]
2025-05-12 14:01:22,624 - DEBUG - util_fusion - fusion_dual_defense - client 9 scores: {0: array([8.23683873]), 1: array([8.23578277]), 2: array([8.23730635]), 3: array([8.23571517]), 4: array([8.23574319]), 5: array([8.23516384]), 6: array([8.23521112]), 7: array([8.23591208]), 8: array([8.23597454]), 9: array([8.2353546])}
2025-05-12 14:01:22,625 - DEBUG - util_fusion - fusion_dual_defense - client 9 norm scores: {0: array([0.78173996]), 1: array([0.28887711]), 2: array([1.]), 3: array([0.25732618]), 4: array([0.27040756]), 5: array([0.]), 6: array([0.02206681]), 7: array([0.34923154]), 8: array([0.37838615]), 9: array([0.08903229])}
2025-05-12 14:01:22,625 - DEBUG - util_fusion - fusion_dual_defense - client 9 similarity threshold: 0.34370676011617346
2025-05-12 14:01:22,625 - INFO - util_fusion - fusion_dual_defense - client 9 selected fusion benigns: [0, 2, 7, 8]
2025-05-12 14:01:22,625 - DEBUG - util_fusion - fusion_dual_defense - final fusion benigns: (0, 2, 7, 8)
2025-05-12 14:01:24,270 - INFO - fl - start - global side -  test accuracy: 10.1
2025-05-12 14:01:24,270 - INFO - fl - start - global side iteration 15 -  test accuracy: 10.1
2025-05-12 14:01:24,270 - INFO - fl - start - start training round 16
2025-05-12 14:01:24,272 - INFO - fl - start - round 16 attackers: [8, 7]
2025-05-12 14:01:24,272 - INFO - fl - start - start client 0 training
2025-05-12 14:01:24,272 - INFO - fl - client_local_train - client 0 start local training ...
2025-05-12 14:01:33,963 - INFO - fl - start - end client 0 training
2025-05-12 14:01:33,963 - INFO - fl - start - client 0 evaluation metrics: {'train_loss': 53.559132444447485, 'test_acc': 11.35}
2025-05-12 14:01:33,963 - INFO - fl - start - start client 1 training
2025-05-12 14:01:33,963 - INFO - fl - client_local_train - client 1 start local training ...
2025-05-12 14:01:38,539 - INFO - fl - start - end client 1 training
2025-05-12 14:01:38,539 - INFO - fl - start - client 1 evaluation metrics: {'train_loss': 89.88496647605413, 'test_acc': 9.74}
2025-05-12 14:01:38,539 - INFO - fl - start - start client 2 training
2025-05-12 14:01:38,539 - INFO - fl - client_local_train - client 2 start local training ...
2025-05-12 14:01:50,512 - INFO - fl - start - end client 2 training
2025-05-12 14:01:50,512 - INFO - fl - start - client 2 evaluation metrics: {'train_loss': 248.02557112819466, 'test_acc': 9.58}
2025-05-12 14:01:50,513 - INFO - fl - start - start client 3 training
2025-05-12 14:01:50,513 - INFO - fl - client_local_train - client 3 start local training ...
2025-05-12 14:01:54,790 - INFO - fl - start - end client 3 training
2025-05-12 14:01:54,790 - INFO - fl - start - client 3 evaluation metrics: {'train_loss': 5.917269895474116, 'test_acc': 9.74}
2025-05-12 14:01:54,790 - INFO - fl - start - start client 4 training
2025-05-12 14:01:54,790 - INFO - fl - client_local_train - client 4 start local training ...
2025-05-12 14:01:59,178 - INFO - fl - start - end client 4 training
2025-05-12 14:01:59,178 - INFO - fl - start - client 4 evaluation metrics: {'train_loss': 250.19241539207664, 'test_acc': 10.32}
2025-05-12 14:01:59,178 - INFO - fl - start - start client 5 training
2025-05-12 14:01:59,178 - INFO - fl - client_local_train - client 5 start local training ...
2025-05-12 14:02:00,827 - INFO - fl - start - end client 5 training
2025-05-12 14:02:00,827 - INFO - fl - start - client 5 evaluation metrics: {'train_loss': 207.109224319458, 'test_acc': 10.1}
2025-05-12 14:02:00,827 - INFO - fl - start - start client 6 training
2025-05-12 14:02:00,827 - INFO - fl - client_local_train - client 6 start local training ...
2025-05-12 14:02:02,938 - INFO - fl - start - end client 6 training
2025-05-12 14:02:02,938 - INFO - fl - start - client 6 evaluation metrics: {'train_loss': 84.9166528802169, 'test_acc': 10.28}
2025-05-12 14:02:02,938 - INFO - fl - start - start client 7 training
2025-05-12 14:02:02,938 - INFO - fl - client_local_train - client 7 start local training ...
2025-05-12 14:02:06,011 - INFO - fl - client_local_train - client 7 is attacker, start poisoning model
2025-05-12 14:02:10,326 - INFO - fl - start - end client 7 training
2025-05-12 14:02:10,326 - INFO - fl - start - client 7 evaluation metrics: {'train_loss': 612.6958765933388, 'test_acc': 11.35}
2025-05-12 14:02:10,326 - INFO - fl - start - start client 8 training
2025-05-12 14:02:10,326 - INFO - fl - client_local_train - client 8 start local training ...
2025-05-12 14:02:13,627 - INFO - fl - client_local_train - client 8 is attacker, start poisoning model
2025-05-12 14:02:18,033 - INFO - fl - start - end client 8 training
2025-05-12 14:02:18,033 - INFO - fl - start - client 8 evaluation metrics: {'train_loss': 21.13162109898586, 'test_acc': 10.1}
2025-05-12 14:02:18,033 - INFO - fl - start - start client 9 training
2025-05-12 14:02:18,033 - INFO - fl - client_local_train - client 9 start local training ...
2025-05-12 14:02:20,680 - INFO - fl - start - end client 9 training
2025-05-12 14:02:20,680 - INFO - fl - start - client 9 evaluation metrics: {'train_loss': 6.945403503649162, 'test_acc': 10.28}
2025-05-12 14:02:20,680 - INFO - fl - aggregate_model - start model aggregation...fusion method: dual_defense
2025-05-12 14:02:20,681 - INFO - fl - aggregate_model - start hyper-guard fusion with epsilon 0.01
2025-05-12 14:02:20,681 - INFO - fl - aggregate_model - round 16 attackers: [8, 7]
2025-05-12 14:02:31,401 - DEBUG - util_fusion - fusion_dual_defense - client 0 scores: {0: array([10.76790298]), 1: array([10.76659904]), 2: array([10.76847932]), 3: array([10.76653926]), 4: array([10.76654551]), 5: array([10.76584203]), 6: array([10.7659297]), 7: array([10.76676283]), 8: array([10.76684993]), 9: array([10.76611717])}
2025-05-12 14:02:31,402 - DEBUG - util_fusion - fusion_dual_defense - client 0 norm scores: {0: array([0.78146239]), 1: array([0.28704059]), 2: array([1.]), 3: array([0.26437116]), 4: array([0.266744]), 5: array([0.]), 6: array([0.03324105]), 7: array([0.34914506]), 8: array([0.38217294]), 9: array([0.10432717])}
2025-05-12 14:02:31,402 - DEBUG - util_fusion - fusion_dual_defense - client 0 similarity threshold: 0.34685043565181223
2025-05-12 14:02:31,402 - INFO - util_fusion - fusion_dual_defense - client 0 selected fusion benigns: [0, 2, 7, 8]
2025-05-12 14:02:31,411 - DEBUG - util_fusion - fusion_dual_defense - client 1 scores: {0: array([10.76790298]), 1: array([10.76659904]), 2: array([10.76847932]), 3: array([10.76653926]), 4: array([10.76654551]), 5: array([10.76584203]), 6: array([10.7659297]), 7: array([10.76676283]), 8: array([10.76684993]), 9: array([10.76611717])}
2025-05-12 14:02:31,411 - DEBUG - util_fusion - fusion_dual_defense - client 1 norm scores: {0: array([0.78146239]), 1: array([0.28704059]), 2: array([1.]), 3: array([0.26437116]), 4: array([0.266744]), 5: array([0.]), 6: array([0.03324105]), 7: array([0.34914506]), 8: array([0.38217294]), 9: array([0.10432717])}
2025-05-12 14:02:31,411 - DEBUG - util_fusion - fusion_dual_defense - client 1 similarity threshold: 0.34685043565181223
2025-05-12 14:02:31,411 - INFO - util_fusion - fusion_dual_defense - client 1 selected fusion benigns: [0, 2, 7, 8]
2025-05-12 14:02:31,420 - DEBUG - util_fusion - fusion_dual_defense - client 2 scores: {0: array([10.76790298]), 1: array([10.76659904]), 2: array([10.76847932]), 3: array([10.76653926]), 4: array([10.76654551]), 5: array([10.76584203]), 6: array([10.7659297]), 7: array([10.76676283]), 8: array([10.76684993]), 9: array([10.76611717])}
2025-05-12 14:02:31,420 - DEBUG - util_fusion - fusion_dual_defense - client 2 norm scores: {0: array([0.78146239]), 1: array([0.28704059]), 2: array([1.]), 3: array([0.26437116]), 4: array([0.266744]), 5: array([0.]), 6: array([0.03324105]), 7: array([0.34914506]), 8: array([0.38217294]), 9: array([0.10432717])}
2025-05-12 14:02:31,420 - DEBUG - util_fusion - fusion_dual_defense - client 2 similarity threshold: 0.34685043565181223
2025-05-12 14:02:31,420 - INFO - util_fusion - fusion_dual_defense - client 2 selected fusion benigns: [0, 2, 7, 8]
2025-05-12 14:02:31,429 - DEBUG - util_fusion - fusion_dual_defense - client 3 scores: {0: array([10.76790298]), 1: array([10.76659904]), 2: array([10.76847932]), 3: array([10.76653926]), 4: array([10.76654551]), 5: array([10.76584203]), 6: array([10.7659297]), 7: array([10.76676283]), 8: array([10.76684993]), 9: array([10.76611717])}
2025-05-12 14:02:31,429 - DEBUG - util_fusion - fusion_dual_defense - client 3 norm scores: {0: array([0.78146239]), 1: array([0.28704059]), 2: array([1.]), 3: array([0.26437116]), 4: array([0.266744]), 5: array([0.]), 6: array([0.03324105]), 7: array([0.34914506]), 8: array([0.38217294]), 9: array([0.10432717])}
2025-05-12 14:02:31,429 - DEBUG - util_fusion - fusion_dual_defense - client 3 similarity threshold: 0.34685043565181223
2025-05-12 14:02:31,429 - INFO - util_fusion - fusion_dual_defense - client 3 selected fusion benigns: [0, 2, 7, 8]
2025-05-12 14:02:31,438 - DEBUG - util_fusion - fusion_dual_defense - client 4 scores: {0: array([10.76790298]), 1: array([10.76659904]), 2: array([10.76847932]), 3: array([10.76653926]), 4: array([10.76654551]), 5: array([10.76584203]), 6: array([10.7659297]), 7: array([10.76676283]), 8: array([10.76684993]), 9: array([10.76611717])}
2025-05-12 14:02:31,438 - DEBUG - util_fusion - fusion_dual_defense - client 4 norm scores: {0: array([0.78146239]), 1: array([0.28704059]), 2: array([1.]), 3: array([0.26437116]), 4: array([0.266744]), 5: array([0.]), 6: array([0.03324105]), 7: array([0.34914506]), 8: array([0.38217294]), 9: array([0.10432717])}
2025-05-12 14:02:31,438 - DEBUG - util_fusion - fusion_dual_defense - client 4 similarity threshold: 0.34685043565181223
2025-05-12 14:02:31,438 - INFO - util_fusion - fusion_dual_defense - client 4 selected fusion benigns: [0, 2, 7, 8]
2025-05-12 14:02:31,447 - DEBUG - util_fusion - fusion_dual_defense - client 5 scores: {0: array([10.76790298]), 1: array([10.76659904]), 2: array([10.76847932]), 3: array([10.76653926]), 4: array([10.76654551]), 5: array([10.76584203]), 6: array([10.7659297]), 7: array([10.76676283]), 8: array([10.76684993]), 9: array([10.76611717])}
2025-05-12 14:02:31,447 - DEBUG - util_fusion - fusion_dual_defense - client 5 norm scores: {0: array([0.78146239]), 1: array([0.28704059]), 2: array([1.]), 3: array([0.26437116]), 4: array([0.266744]), 5: array([0.]), 6: array([0.03324105]), 7: array([0.34914506]), 8: array([0.38217294]), 9: array([0.10432717])}
2025-05-12 14:02:31,447 - DEBUG - util_fusion - fusion_dual_defense - client 5 similarity threshold: 0.34685043565181223
2025-05-12 14:02:31,447 - INFO - util_fusion - fusion_dual_defense - client 5 selected fusion benigns: [0, 2, 7, 8]
2025-05-12 14:02:31,456 - DEBUG - util_fusion - fusion_dual_defense - client 6 scores: {0: array([10.76790298]), 1: array([10.76659904]), 2: array([10.76847932]), 3: array([10.76653926]), 4: array([10.76654551]), 5: array([10.76584203]), 6: array([10.7659297]), 7: array([10.76676283]), 8: array([10.76684993]), 9: array([10.76611717])}
2025-05-12 14:02:31,456 - DEBUG - util_fusion - fusion_dual_defense - client 6 norm scores: {0: array([0.78146239]), 1: array([0.28704059]), 2: array([1.]), 3: array([0.26437116]), 4: array([0.266744]), 5: array([0.]), 6: array([0.03324105]), 7: array([0.34914506]), 8: array([0.38217294]), 9: array([0.10432717])}
2025-05-12 14:02:31,456 - DEBUG - util_fusion - fusion_dual_defense - client 6 similarity threshold: 0.34685043565181223
2025-05-12 14:02:31,456 - INFO - util_fusion - fusion_dual_defense - client 6 selected fusion benigns: [0, 2, 7, 8]
2025-05-12 14:02:31,465 - DEBUG - util_fusion - fusion_dual_defense - client 7 scores: {0: array([10.76790298]), 1: array([10.76659904]), 2: array([10.76847932]), 3: array([10.76653926]), 4: array([10.76654551]), 5: array([10.76584203]), 6: array([10.7659297]), 7: array([10.76676283]), 8: array([10.76684993]), 9: array([10.76611717])}
2025-05-12 14:02:31,465 - DEBUG - util_fusion - fusion_dual_defense - client 7 norm scores: {0: array([0.78146239]), 1: array([0.28704059]), 2: array([1.]), 3: array([0.26437116]), 4: array([0.266744]), 5: array([0.]), 6: array([0.03324105]), 7: array([0.34914506]), 8: array([0.38217294]), 9: array([0.10432717])}
2025-05-12 14:02:31,465 - DEBUG - util_fusion - fusion_dual_defense - client 7 similarity threshold: 0.34685043565181223
2025-05-12 14:02:31,465 - INFO - util_fusion - fusion_dual_defense - client 7 selected fusion benigns: [0, 2, 7, 8]
2025-05-12 14:02:31,474 - DEBUG - util_fusion - fusion_dual_defense - client 8 scores: {0: array([10.76790298]), 1: array([10.76659904]), 2: array([10.76847932]), 3: array([10.76653926]), 4: array([10.76654551]), 5: array([10.76584203]), 6: array([10.7659297]), 7: array([10.76676283]), 8: array([10.76684993]), 9: array([10.76611717])}
2025-05-12 14:02:31,474 - DEBUG - util_fusion - fusion_dual_defense - client 8 norm scores: {0: array([0.78146239]), 1: array([0.28704059]), 2: array([1.]), 3: array([0.26437116]), 4: array([0.266744]), 5: array([0.]), 6: array([0.03324105]), 7: array([0.34914506]), 8: array([0.38217294]), 9: array([0.10432717])}
2025-05-12 14:02:31,474 - DEBUG - util_fusion - fusion_dual_defense - client 8 similarity threshold: 0.34685043565181223
2025-05-12 14:02:31,474 - INFO - util_fusion - fusion_dual_defense - client 8 selected fusion benigns: [0, 2, 7, 8]
2025-05-12 14:02:31,483 - DEBUG - util_fusion - fusion_dual_defense - client 9 scores: {0: array([10.76790298]), 1: array([10.76659904]), 2: array([10.76847932]), 3: array([10.76653926]), 4: array([10.76654551]), 5: array([10.76584203]), 6: array([10.7659297]), 7: array([10.76676283]), 8: array([10.76684993]), 9: array([10.76611717])}
2025-05-12 14:02:31,483 - DEBUG - util_fusion - fusion_dual_defense - client 9 norm scores: {0: array([0.78146239]), 1: array([0.28704059]), 2: array([1.]), 3: array([0.26437116]), 4: array([0.266744]), 5: array([0.]), 6: array([0.03324105]), 7: array([0.34914506]), 8: array([0.38217294]), 9: array([0.10432717])}
2025-05-12 14:02:31,483 - DEBUG - util_fusion - fusion_dual_defense - client 9 similarity threshold: 0.34685043565181223
2025-05-12 14:02:31,483 - INFO - util_fusion - fusion_dual_defense - client 9 selected fusion benigns: [0, 2, 7, 8]
2025-05-12 14:02:31,484 - DEBUG - util_fusion - fusion_dual_defense - final fusion benigns: (0, 2, 7, 8)
2025-05-12 14:02:33,117 - INFO - fl - start - global side -  test accuracy: 10.1
2025-05-12 14:02:33,117 - INFO - fl - start - global side iteration 16 -  test accuracy: 10.1
2025-05-12 14:02:33,117 - INFO - fl - start - start training round 17
2025-05-12 14:02:33,119 - INFO - fl - start - round 17 attackers: [8, 9]
2025-05-12 14:02:33,119 - INFO - fl - start - start client 0 training
2025-05-12 14:02:33,119 - INFO - fl - client_local_train - client 0 start local training ...
2025-05-12 14:02:42,764 - INFO - fl - start - end client 0 training
2025-05-12 14:02:42,764 - INFO - fl - start - client 0 evaluation metrics: {'train_loss': 164.6791482934811, 'test_acc': 11.35}
2025-05-12 14:02:42,764 - INFO - fl - start - start client 1 training
2025-05-12 14:02:42,764 - INFO - fl - client_local_train - client 1 start local training ...
2025-05-12 14:02:47,332 - INFO - fl - start - end client 1 training
2025-05-12 14:02:47,332 - INFO - fl - start - client 1 evaluation metrics: {'train_loss': 276.19217121752, 'test_acc': 9.74}
2025-05-12 14:02:47,332 - INFO - fl - start - start client 2 training
2025-05-12 14:02:47,332 - INFO - fl - client_local_train - client 2 start local training ...
2025-05-12 14:02:59,244 - INFO - fl - start - end client 2 training
2025-05-12 14:02:59,244 - INFO - fl - start - client 2 evaluation metrics: {'train_loss': 788.5347728877105, 'test_acc': 9.58}
2025-05-12 14:02:59,244 - INFO - fl - start - start client 3 training
2025-05-12 14:02:59,244 - INFO - fl - client_local_train - client 3 start local training ...
2025-05-12 14:03:03,487 - INFO - fl - start - end client 3 training
2025-05-12 14:03:03,488 - INFO - fl - start - client 3 evaluation metrics: {'train_loss': 14.449143124951256, 'test_acc': 9.74}
2025-05-12 14:03:03,488 - INFO - fl - start - start client 4 training
2025-05-12 14:03:03,488 - INFO - fl - client_local_train - client 4 start local training ...
2025-05-12 14:03:07,841 - INFO - fl - start - end client 4 training
2025-05-12 14:03:07,841 - INFO - fl - start - client 4 evaluation metrics: {'train_loss': 771.2111919506176, 'test_acc': 10.32}
2025-05-12 14:03:07,841 - INFO - fl - start - start client 5 training
2025-05-12 14:03:07,841 - INFO - fl - client_local_train - client 5 start local training ...
2025-05-12 14:03:09,471 - INFO - fl - start - end client 5 training
2025-05-12 14:03:09,472 - INFO - fl - start - client 5 evaluation metrics: {'train_loss': 653.2710266113281, 'test_acc': 10.1}
2025-05-12 14:03:09,472 - INFO - fl - start - start client 6 training
2025-05-12 14:03:09,472 - INFO - fl - client_local_train - client 6 start local training ...
2025-05-12 14:03:11,557 - INFO - fl - start - end client 6 training
2025-05-12 14:03:11,557 - INFO - fl - start - client 6 evaluation metrics: {'train_loss': 246.22755412051552, 'test_acc': 10.28}
2025-05-12 14:03:11,557 - INFO - fl - start - start client 7 training
2025-05-12 14:03:11,557 - INFO - fl - client_local_train - client 7 start local training ...
2025-05-12 14:03:16,759 - INFO - fl - start - end client 7 training
2025-05-12 14:03:16,759 - INFO - fl - start - client 7 evaluation metrics: {'train_loss': 237.91933722245065, 'test_acc': 11.35}
2025-05-12 14:03:16,759 - INFO - fl - start - start client 8 training
2025-05-12 14:03:16,759 - INFO - fl - client_local_train - client 8 start local training ...
2025-05-12 14:03:20,036 - INFO - fl - client_local_train - client 8 is attacker, start poisoning model
2025-05-12 14:03:24,444 - INFO - fl - start - end client 8 training
2025-05-12 14:03:24,444 - INFO - fl - start - client 8 evaluation metrics: {'train_loss': 55.86627596967361, 'test_acc': 10.1}
2025-05-12 14:03:24,444 - INFO - fl - start - start client 9 training
2025-05-12 14:03:24,444 - INFO - fl - client_local_train - client 9 start local training ...
2025-05-12 14:03:25,491 - INFO - fl - client_local_train - client 9 is attacker, start poisoning model
2025-05-12 14:03:28,714 - INFO - fl - start - end client 9 training
2025-05-12 14:03:28,714 - INFO - fl - start - client 9 evaluation metrics: {'train_loss': 136.65643137151545, 'test_acc': 10.28}
2025-05-12 14:03:28,714 - INFO - fl - aggregate_model - start model aggregation...fusion method: dual_defense
2025-05-12 14:03:28,714 - INFO - fl - aggregate_model - start hyper-guard fusion with epsilon 0.01
2025-05-12 14:03:28,714 - INFO - fl - aggregate_model - round 17 attackers: [8, 9]
2025-05-12 14:03:39,461 - DEBUG - util_fusion - fusion_dual_defense - client 0 scores: {0: array([11.4483643]), 1: array([11.44976257]), 2: array([11.44775455]), 3: array([11.44984506]), 4: array([11.44981134]), 5: array([11.45056871]), 6: array([11.45049726]), 7: array([11.44956638]), 8: array([11.44948288]), 9: array([11.45031666])}
2025-05-12 14:03:39,462 - DEBUG - util_fusion - fusion_dual_defense - client 0 norm scores: {0: array([0.21667118]), 1: array([0.71354057]), 2: array([0.]), 3: array([0.74285486]), 4: array([0.73087105]), 5: array([1.]), 6: array([0.97460998]), 7: array([0.64382507]), 8: array([0.61415641]), 9: array([0.91043491])}
2025-05-12 14:03:39,462 - DEBUG - util_fusion - fusion_dual_defense - client 0 similarity threshold: 0.6546964034025671
2025-05-12 14:03:39,462 - INFO - util_fusion - fusion_dual_defense - client 0 selected fusion benigns: [1, 3, 4, 5, 6, 9]
2025-05-12 14:03:39,471 - DEBUG - util_fusion - fusion_dual_defense - client 1 scores: {0: array([11.4483643]), 1: array([11.44976257]), 2: array([11.44775455]), 3: array([11.44984506]), 4: array([11.44981134]), 5: array([11.45056871]), 6: array([11.45049726]), 7: array([11.44956638]), 8: array([11.44948288]), 9: array([11.45031666])}
2025-05-12 14:03:39,471 - DEBUG - util_fusion - fusion_dual_defense - client 1 norm scores: {0: array([0.21667118]), 1: array([0.71354057]), 2: array([0.]), 3: array([0.74285486]), 4: array([0.73087105]), 5: array([1.]), 6: array([0.97460998]), 7: array([0.64382507]), 8: array([0.61415641]), 9: array([0.91043491])}
2025-05-12 14:03:39,471 - DEBUG - util_fusion - fusion_dual_defense - client 1 similarity threshold: 0.6546964034025671
2025-05-12 14:03:39,471 - INFO - util_fusion - fusion_dual_defense - client 1 selected fusion benigns: [1, 3, 4, 5, 6, 9]
2025-05-12 14:03:39,480 - DEBUG - util_fusion - fusion_dual_defense - client 2 scores: {0: array([11.4483643]), 1: array([11.44976257]), 2: array([11.44775455]), 3: array([11.44984506]), 4: array([11.44981134]), 5: array([11.45056871]), 6: array([11.45049726]), 7: array([11.44956638]), 8: array([11.44948288]), 9: array([11.45031666])}
2025-05-12 14:03:39,480 - DEBUG - util_fusion - fusion_dual_defense - client 2 norm scores: {0: array([0.21667118]), 1: array([0.71354057]), 2: array([0.]), 3: array([0.74285486]), 4: array([0.73087105]), 5: array([1.]), 6: array([0.97460998]), 7: array([0.64382507]), 8: array([0.61415641]), 9: array([0.91043491])}
2025-05-12 14:03:39,480 - DEBUG - util_fusion - fusion_dual_defense - client 2 similarity threshold: 0.6546964034025671
2025-05-12 14:03:39,480 - INFO - util_fusion - fusion_dual_defense - client 2 selected fusion benigns: [1, 3, 4, 5, 6, 9]
2025-05-12 14:03:39,489 - DEBUG - util_fusion - fusion_dual_defense - client 3 scores: {0: array([11.4483643]), 1: array([11.44976257]), 2: array([11.44775455]), 3: array([11.44984506]), 4: array([11.44981134]), 5: array([11.45056871]), 6: array([11.45049726]), 7: array([11.44956638]), 8: array([11.44948288]), 9: array([11.45031666])}
2025-05-12 14:03:39,489 - DEBUG - util_fusion - fusion_dual_defense - client 3 norm scores: {0: array([0.21667118]), 1: array([0.71354057]), 2: array([0.]), 3: array([0.74285486]), 4: array([0.73087105]), 5: array([1.]), 6: array([0.97460998]), 7: array([0.64382507]), 8: array([0.61415641]), 9: array([0.91043491])}
2025-05-12 14:03:39,489 - DEBUG - util_fusion - fusion_dual_defense - client 3 similarity threshold: 0.6546964034025671
2025-05-12 14:03:39,489 - INFO - util_fusion - fusion_dual_defense - client 3 selected fusion benigns: [1, 3, 4, 5, 6, 9]
2025-05-12 14:03:39,498 - DEBUG - util_fusion - fusion_dual_defense - client 4 scores: {0: array([11.4483643]), 1: array([11.44976257]), 2: array([11.44775455]), 3: array([11.44984506]), 4: array([11.44981134]), 5: array([11.45056871]), 6: array([11.45049726]), 7: array([11.44956638]), 8: array([11.44948288]), 9: array([11.45031666])}
2025-05-12 14:03:39,498 - DEBUG - util_fusion - fusion_dual_defense - client 4 norm scores: {0: array([0.21667118]), 1: array([0.71354057]), 2: array([0.]), 3: array([0.74285486]), 4: array([0.73087105]), 5: array([1.]), 6: array([0.97460998]), 7: array([0.64382507]), 8: array([0.61415641]), 9: array([0.91043491])}
2025-05-12 14:03:39,498 - DEBUG - util_fusion - fusion_dual_defense - client 4 similarity threshold: 0.6546964034025671
2025-05-12 14:03:39,498 - INFO - util_fusion - fusion_dual_defense - client 4 selected fusion benigns: [1, 3, 4, 5, 6, 9]
2025-05-12 14:03:39,507 - DEBUG - util_fusion - fusion_dual_defense - client 5 scores: {0: array([11.4483643]), 1: array([11.44976257]), 2: array([11.44775455]), 3: array([11.44984506]), 4: array([11.44981134]), 5: array([11.45056871]), 6: array([11.45049726]), 7: array([11.44956638]), 8: array([11.44948288]), 9: array([11.45031666])}
2025-05-12 14:03:39,507 - DEBUG - util_fusion - fusion_dual_defense - client 5 norm scores: {0: array([0.21667118]), 1: array([0.71354057]), 2: array([0.]), 3: array([0.74285486]), 4: array([0.73087105]), 5: array([1.]), 6: array([0.97460998]), 7: array([0.64382507]), 8: array([0.61415641]), 9: array([0.91043491])}
2025-05-12 14:03:39,507 - DEBUG - util_fusion - fusion_dual_defense - client 5 similarity threshold: 0.6546964034025671
2025-05-12 14:03:39,507 - INFO - util_fusion - fusion_dual_defense - client 5 selected fusion benigns: [1, 3, 4, 5, 6, 9]
2025-05-12 14:03:39,516 - DEBUG - util_fusion - fusion_dual_defense - client 6 scores: {0: array([11.4483643]), 1: array([11.44976257]), 2: array([11.44775455]), 3: array([11.44984506]), 4: array([11.44981134]), 5: array([11.45056871]), 6: array([11.45049726]), 7: array([11.44956638]), 8: array([11.44948288]), 9: array([11.45031666])}
2025-05-12 14:03:39,516 - DEBUG - util_fusion - fusion_dual_defense - client 6 norm scores: {0: array([0.21667118]), 1: array([0.71354057]), 2: array([0.]), 3: array([0.74285486]), 4: array([0.73087105]), 5: array([1.]), 6: array([0.97460998]), 7: array([0.64382507]), 8: array([0.61415641]), 9: array([0.91043491])}
2025-05-12 14:03:39,516 - DEBUG - util_fusion - fusion_dual_defense - client 6 similarity threshold: 0.6546964034025671
2025-05-12 14:03:39,516 - INFO - util_fusion - fusion_dual_defense - client 6 selected fusion benigns: [1, 3, 4, 5, 6, 9]
2025-05-12 14:03:39,525 - DEBUG - util_fusion - fusion_dual_defense - client 7 scores: {0: array([11.4483643]), 1: array([11.44976257]), 2: array([11.44775455]), 3: array([11.44984506]), 4: array([11.44981134]), 5: array([11.45056871]), 6: array([11.45049726]), 7: array([11.44956638]), 8: array([11.44948288]), 9: array([11.45031666])}
2025-05-12 14:03:39,525 - DEBUG - util_fusion - fusion_dual_defense - client 7 norm scores: {0: array([0.21667118]), 1: array([0.71354057]), 2: array([0.]), 3: array([0.74285486]), 4: array([0.73087105]), 5: array([1.]), 6: array([0.97460998]), 7: array([0.64382507]), 8: array([0.61415641]), 9: array([0.91043491])}
2025-05-12 14:03:39,525 - DEBUG - util_fusion - fusion_dual_defense - client 7 similarity threshold: 0.6546964034025671
2025-05-12 14:03:39,525 - INFO - util_fusion - fusion_dual_defense - client 7 selected fusion benigns: [1, 3, 4, 5, 6, 9]
2025-05-12 14:03:39,534 - DEBUG - util_fusion - fusion_dual_defense - client 8 scores: {0: array([11.4483643]), 1: array([11.44976257]), 2: array([11.44775455]), 3: array([11.44984506]), 4: array([11.44981134]), 5: array([11.45056871]), 6: array([11.45049726]), 7: array([11.44956638]), 8: array([11.44948288]), 9: array([11.45031666])}
2025-05-12 14:03:39,534 - DEBUG - util_fusion - fusion_dual_defense - client 8 norm scores: {0: array([0.21667118]), 1: array([0.71354057]), 2: array([0.]), 3: array([0.74285486]), 4: array([0.73087105]), 5: array([1.]), 6: array([0.97460998]), 7: array([0.64382507]), 8: array([0.61415641]), 9: array([0.91043491])}
2025-05-12 14:03:39,534 - DEBUG - util_fusion - fusion_dual_defense - client 8 similarity threshold: 0.6546964034025671
2025-05-12 14:03:39,534 - INFO - util_fusion - fusion_dual_defense - client 8 selected fusion benigns: [1, 3, 4, 5, 6, 9]
2025-05-12 14:03:39,543 - DEBUG - util_fusion - fusion_dual_defense - client 9 scores: {0: array([11.4483643]), 1: array([11.44976257]), 2: array([11.44775455]), 3: array([11.44984506]), 4: array([11.44981134]), 5: array([11.45056871]), 6: array([11.45049726]), 7: array([11.44956638]), 8: array([11.44948288]), 9: array([11.45031666])}
2025-05-12 14:03:39,543 - DEBUG - util_fusion - fusion_dual_defense - client 9 norm scores: {0: array([0.21667118]), 1: array([0.71354057]), 2: array([0.]), 3: array([0.74285486]), 4: array([0.73087105]), 5: array([1.]), 6: array([0.97460998]), 7: array([0.64382507]), 8: array([0.61415641]), 9: array([0.91043491])}
2025-05-12 14:03:39,544 - DEBUG - util_fusion - fusion_dual_defense - client 9 similarity threshold: 0.6546964034025671
2025-05-12 14:03:39,544 - INFO - util_fusion - fusion_dual_defense - client 9 selected fusion benigns: [1, 3, 4, 5, 6, 9]
2025-05-12 14:03:39,544 - DEBUG - util_fusion - fusion_dual_defense - final fusion benigns: (1, 3, 4, 5, 6, 9)
2025-05-12 14:03:41,289 - INFO - fl - start - global side -  test accuracy: 10.28
2025-05-12 14:03:41,289 - INFO - fl - start - global side iteration 17 -  test accuracy: 10.28
2025-05-12 14:03:41,290 - INFO - fl - start - start training round 18
2025-05-12 14:03:41,291 - INFO - fl - start - round 18 attackers: [6, 3]
2025-05-12 14:03:41,291 - INFO - fl - start - start client 0 training
2025-05-12 14:03:41,291 - INFO - fl - client_local_train - client 0 start local training ...
2025-05-12 14:03:50,907 - INFO - fl - start - end client 0 training
2025-05-12 14:03:50,907 - INFO - fl - start - client 0 evaluation metrics: {'train_loss': 298.01066147752584, 'test_acc': 11.35}
2025-05-12 14:03:50,907 - INFO - fl - start - start client 1 training
2025-05-12 14:03:50,907 - INFO - fl - client_local_train - client 1 start local training ...
2025-05-12 14:03:55,459 - INFO - fl - start - end client 1 training
2025-05-12 14:03:55,459 - INFO - fl - start - client 1 evaluation metrics: {'train_loss': 495.23722317852554, 'test_acc': 9.74}
2025-05-12 14:03:55,459 - INFO - fl - start - start client 2 training
2025-05-12 14:03:55,459 - INFO - fl - client_local_train - client 2 start local training ...
2025-05-12 14:04:07,354 - INFO - fl - start - end client 2 training
2025-05-12 14:04:07,354 - INFO - fl - start - client 2 evaluation metrics: {'train_loss': 1430.1853975990946, 'test_acc': 9.58}
2025-05-12 14:04:07,354 - INFO - fl - start - start client 3 training
2025-05-12 14:04:07,354 - INFO - fl - client_local_train - client 3 start local training ...
2025-05-12 14:04:09,679 - INFO - fl - client_local_train - client 3 is attacker, start poisoning model
2025-05-12 14:04:13,576 - INFO - fl - start - end client 3 training
2025-05-12 14:04:13,577 - INFO - fl - start - client 3 evaluation metrics: {'train_loss': 194.41712167527942, 'test_acc': 9.74}
2025-05-12 14:04:13,577 - INFO - fl - start - start client 4 training
2025-05-12 14:04:13,577 - INFO - fl - client_local_train - client 4 start local training ...
2025-05-12 14:04:17,938 - INFO - fl - start - end client 4 training
2025-05-12 14:04:17,939 - INFO - fl - start - client 4 evaluation metrics: {'train_loss': 1389.7643531593117, 'test_acc': 10.32}
2025-05-12 14:04:17,947 - INFO - fl - start - start client 5 training
2025-05-12 14:04:17,947 - INFO - fl - client_local_train - client 5 start local training ...
2025-05-12 14:04:19,602 - INFO - fl - start - end client 5 training
2025-05-12 14:04:19,602 - INFO - fl - start - client 5 evaluation metrics: {'train_loss': 1158.8271942138672, 'test_acc': 10.28}
2025-05-12 14:04:19,602 - INFO - fl - start - start client 6 training
2025-05-12 14:04:19,602 - INFO - fl - client_local_train - client 6 start local training ...
2025-05-12 14:04:20,206 - INFO - fl - client_local_train - client 6 is attacker, start poisoning model
2025-05-12 14:04:23,188 - INFO - fl - start - end client 6 training
2025-05-12 14:04:23,188 - INFO - fl - start - client 6 evaluation metrics: {'train_loss': 3710.050132349918, 'test_acc': 10.28}
2025-05-12 14:04:23,188 - INFO - fl - start - start client 7 training
2025-05-12 14:04:23,188 - INFO - fl - client_local_train - client 7 start local training ...
2025-05-12 14:04:28,371 - INFO - fl - start - end client 7 training
2025-05-12 14:04:28,371 - INFO - fl - start - client 7 evaluation metrics: {'train_loss': 425.9888074372944, 'test_acc': 11.35}
2025-05-12 14:04:28,371 - INFO - fl - start - start client 8 training
2025-05-12 14:04:28,371 - INFO - fl - client_local_train - client 8 start local training ...
2025-05-12 14:04:33,879 - INFO - fl - start - end client 8 training
2025-05-12 14:04:33,879 - INFO - fl - start - client 8 evaluation metrics: {'train_loss': 13.061987806768979, 'test_acc': 10.1}
2025-05-12 14:04:33,879 - INFO - fl - start - start client 9 training
2025-05-12 14:04:33,879 - INFO - fl - client_local_train - client 9 start local training ...
2025-05-12 14:04:36,537 - INFO - fl - start - end client 9 training
2025-05-12 14:04:36,537 - INFO - fl - start - client 9 evaluation metrics: {'train_loss': 29.667282140616216, 'test_acc': 10.28}
2025-05-12 14:04:36,537 - INFO - fl - aggregate_model - start model aggregation...fusion method: dual_defense
2025-05-12 14:04:36,537 - INFO - fl - aggregate_model - start hyper-guard fusion with epsilon 0.01
2025-05-12 14:04:36,537 - INFO - fl - aggregate_model - round 18 attackers: [3, 6]
2025-05-12 14:04:47,278 - DEBUG - util_fusion - fusion_dual_defense - client 0 scores: {0: array([16.09720281]), 1: array([16.09692298]), 2: array([16.09716506]), 3: array([16.09695969]), 4: array([16.0969382]), 5: array([16.09672903]), 6: array([16.09675079]), 7: array([16.09701928]), 8: array([16.09700444]), 9: array([16.09677202])}
2025-05-12 14:04:47,278 - DEBUG - util_fusion - fusion_dual_defense - client 0 norm scores: {0: array([1.]), 1: array([0.40936936]), 2: array([0.92032201]), 3: array([0.48686325]), 4: array([0.4415091]), 5: array([0.]), 6: array([0.04593586]), 7: array([0.61264054]), 8: array([0.58130319]), 9: array([0.09074912])}
2025-05-12 14:04:47,278 - DEBUG - util_fusion - fusion_dual_defense - client 0 similarity threshold: 0.4588692441339428
2025-05-12 14:04:47,279 - INFO - util_fusion - fusion_dual_defense - client 0 selected fusion benigns: [0, 2, 3, 7, 8]
2025-05-12 14:04:47,287 - DEBUG - util_fusion - fusion_dual_defense - client 1 scores: {0: array([16.09720281]), 1: array([16.09692298]), 2: array([16.09716506]), 3: array([16.09695969]), 4: array([16.0969382]), 5: array([16.09672903]), 6: array([16.09675079]), 7: array([16.09701928]), 8: array([16.09700444]), 9: array([16.09677202])}
2025-05-12 14:04:47,288 - DEBUG - util_fusion - fusion_dual_defense - client 1 norm scores: {0: array([1.]), 1: array([0.40936936]), 2: array([0.92032201]), 3: array([0.48686325]), 4: array([0.4415091]), 5: array([0.]), 6: array([0.04593586]), 7: array([0.61264054]), 8: array([0.58130319]), 9: array([0.09074912])}
2025-05-12 14:04:47,288 - DEBUG - util_fusion - fusion_dual_defense - client 1 similarity threshold: 0.4588692441339428
2025-05-12 14:04:47,288 - INFO - util_fusion - fusion_dual_defense - client 1 selected fusion benigns: [0, 2, 3, 7, 8]
2025-05-12 14:04:47,296 - DEBUG - util_fusion - fusion_dual_defense - client 2 scores: {0: array([16.09720281]), 1: array([16.09692298]), 2: array([16.09716506]), 3: array([16.09695969]), 4: array([16.0969382]), 5: array([16.09672903]), 6: array([16.09675079]), 7: array([16.09701928]), 8: array([16.09700444]), 9: array([16.09677202])}
2025-05-12 14:04:47,297 - DEBUG - util_fusion - fusion_dual_defense - client 2 norm scores: {0: array([1.]), 1: array([0.40936936]), 2: array([0.92032201]), 3: array([0.48686325]), 4: array([0.4415091]), 5: array([0.]), 6: array([0.04593586]), 7: array([0.61264054]), 8: array([0.58130319]), 9: array([0.09074912])}
2025-05-12 14:04:47,297 - DEBUG - util_fusion - fusion_dual_defense - client 2 similarity threshold: 0.4588692441339428
2025-05-12 14:04:47,297 - INFO - util_fusion - fusion_dual_defense - client 2 selected fusion benigns: [0, 2, 3, 7, 8]
2025-05-12 14:04:47,305 - DEBUG - util_fusion - fusion_dual_defense - client 3 scores: {0: array([16.09720281]), 1: array([16.09692298]), 2: array([16.09716506]), 3: array([16.09695969]), 4: array([16.0969382]), 5: array([16.09672903]), 6: array([16.09675079]), 7: array([16.09701928]), 8: array([16.09700444]), 9: array([16.09677202])}
2025-05-12 14:04:47,306 - DEBUG - util_fusion - fusion_dual_defense - client 3 norm scores: {0: array([1.]), 1: array([0.40936936]), 2: array([0.92032201]), 3: array([0.48686325]), 4: array([0.4415091]), 5: array([0.]), 6: array([0.04593586]), 7: array([0.61264054]), 8: array([0.58130319]), 9: array([0.09074912])}
2025-05-12 14:04:47,306 - DEBUG - util_fusion - fusion_dual_defense - client 3 similarity threshold: 0.4588692441339428
2025-05-12 14:04:47,306 - INFO - util_fusion - fusion_dual_defense - client 3 selected fusion benigns: [0, 2, 3, 7, 8]
2025-05-12 14:04:47,314 - DEBUG - util_fusion - fusion_dual_defense - client 4 scores: {0: array([16.09720281]), 1: array([16.09692298]), 2: array([16.09716506]), 3: array([16.09695969]), 4: array([16.0969382]), 5: array([16.09672903]), 6: array([16.09675079]), 7: array([16.09701928]), 8: array([16.09700444]), 9: array([16.09677202])}
2025-05-12 14:04:47,315 - DEBUG - util_fusion - fusion_dual_defense - client 4 norm scores: {0: array([1.]), 1: array([0.40936936]), 2: array([0.92032201]), 3: array([0.48686325]), 4: array([0.4415091]), 5: array([0.]), 6: array([0.04593586]), 7: array([0.61264054]), 8: array([0.58130319]), 9: array([0.09074912])}
2025-05-12 14:04:47,315 - DEBUG - util_fusion - fusion_dual_defense - client 4 similarity threshold: 0.4588692441339428
2025-05-12 14:04:47,315 - INFO - util_fusion - fusion_dual_defense - client 4 selected fusion benigns: [0, 2, 3, 7, 8]
2025-05-12 14:04:47,323 - DEBUG - util_fusion - fusion_dual_defense - client 5 scores: {0: array([16.09720281]), 1: array([16.09692298]), 2: array([16.09716506]), 3: array([16.09695969]), 4: array([16.0969382]), 5: array([16.09672903]), 6: array([16.09675079]), 7: array([16.09701928]), 8: array([16.09700444]), 9: array([16.09677202])}
2025-05-12 14:04:47,324 - DEBUG - util_fusion - fusion_dual_defense - client 5 norm scores: {0: array([1.]), 1: array([0.40936936]), 2: array([0.92032201]), 3: array([0.48686325]), 4: array([0.4415091]), 5: array([0.]), 6: array([0.04593586]), 7: array([0.61264054]), 8: array([0.58130319]), 9: array([0.09074912])}
2025-05-12 14:04:47,324 - DEBUG - util_fusion - fusion_dual_defense - client 5 similarity threshold: 0.4588692441339428
2025-05-12 14:04:47,324 - INFO - util_fusion - fusion_dual_defense - client 5 selected fusion benigns: [0, 2, 3, 7, 8]
2025-05-12 14:04:47,332 - DEBUG - util_fusion - fusion_dual_defense - client 6 scores: {0: array([16.09720281]), 1: array([16.09692298]), 2: array([16.09716506]), 3: array([16.09695969]), 4: array([16.0969382]), 5: array([16.09672903]), 6: array([16.09675079]), 7: array([16.09701928]), 8: array([16.09700444]), 9: array([16.09677202])}
2025-05-12 14:04:47,333 - DEBUG - util_fusion - fusion_dual_defense - client 6 norm scores: {0: array([1.]), 1: array([0.40936936]), 2: array([0.92032201]), 3: array([0.48686325]), 4: array([0.4415091]), 5: array([0.]), 6: array([0.04593586]), 7: array([0.61264054]), 8: array([0.58130319]), 9: array([0.09074912])}
2025-05-12 14:04:47,333 - DEBUG - util_fusion - fusion_dual_defense - client 6 similarity threshold: 0.4588692441339428
2025-05-12 14:04:47,333 - INFO - util_fusion - fusion_dual_defense - client 6 selected fusion benigns: [0, 2, 3, 7, 8]
2025-05-12 14:04:47,341 - DEBUG - util_fusion - fusion_dual_defense - client 7 scores: {0: array([16.09720281]), 1: array([16.09692298]), 2: array([16.09716506]), 3: array([16.09695969]), 4: array([16.0969382]), 5: array([16.09672903]), 6: array([16.09675079]), 7: array([16.09701928]), 8: array([16.09700444]), 9: array([16.09677202])}
2025-05-12 14:04:47,342 - DEBUG - util_fusion - fusion_dual_defense - client 7 norm scores: {0: array([1.]), 1: array([0.40936936]), 2: array([0.92032201]), 3: array([0.48686325]), 4: array([0.4415091]), 5: array([0.]), 6: array([0.04593586]), 7: array([0.61264054]), 8: array([0.58130319]), 9: array([0.09074912])}
2025-05-12 14:04:47,342 - DEBUG - util_fusion - fusion_dual_defense - client 7 similarity threshold: 0.4588692441339428
2025-05-12 14:04:47,342 - INFO - util_fusion - fusion_dual_defense - client 7 selected fusion benigns: [0, 2, 3, 7, 8]
2025-05-12 14:04:47,350 - DEBUG - util_fusion - fusion_dual_defense - client 8 scores: {0: array([16.09720281]), 1: array([16.09692298]), 2: array([16.09716506]), 3: array([16.09695969]), 4: array([16.0969382]), 5: array([16.09672903]), 6: array([16.09675079]), 7: array([16.09701928]), 8: array([16.09700444]), 9: array([16.09677202])}
2025-05-12 14:04:47,351 - DEBUG - util_fusion - fusion_dual_defense - client 8 norm scores: {0: array([1.]), 1: array([0.40936936]), 2: array([0.92032201]), 3: array([0.48686325]), 4: array([0.4415091]), 5: array([0.]), 6: array([0.04593586]), 7: array([0.61264054]), 8: array([0.58130319]), 9: array([0.09074912])}
2025-05-12 14:04:47,351 - DEBUG - util_fusion - fusion_dual_defense - client 8 similarity threshold: 0.4588692441339428
2025-05-12 14:04:47,351 - INFO - util_fusion - fusion_dual_defense - client 8 selected fusion benigns: [0, 2, 3, 7, 8]
2025-05-12 14:04:47,359 - DEBUG - util_fusion - fusion_dual_defense - client 9 scores: {0: array([16.09720281]), 1: array([16.09692298]), 2: array([16.09716506]), 3: array([16.09695969]), 4: array([16.0969382]), 5: array([16.09672903]), 6: array([16.09675079]), 7: array([16.09701928]), 8: array([16.09700444]), 9: array([16.09677202])}
2025-05-12 14:04:47,360 - DEBUG - util_fusion - fusion_dual_defense - client 9 norm scores: {0: array([1.]), 1: array([0.40936936]), 2: array([0.92032201]), 3: array([0.48686325]), 4: array([0.4415091]), 5: array([0.]), 6: array([0.04593586]), 7: array([0.61264054]), 8: array([0.58130319]), 9: array([0.09074912])}
2025-05-12 14:04:47,360 - DEBUG - util_fusion - fusion_dual_defense - client 9 similarity threshold: 0.4588692441339428
2025-05-12 14:04:47,360 - INFO - util_fusion - fusion_dual_defense - client 9 selected fusion benigns: [0, 2, 3, 7, 8]
2025-05-12 14:04:47,360 - DEBUG - util_fusion - fusion_dual_defense - final fusion benigns: (0, 2, 3, 7, 8)
2025-05-12 14:04:49,054 - INFO - fl - start - global side -  test accuracy: 9.74
2025-05-12 14:04:49,054 - INFO - fl - start - global side iteration 18 -  test accuracy: 9.74
2025-05-12 14:04:49,054 - INFO - fl - start - start training round 19
2025-05-12 14:04:49,056 - INFO - fl - start - round 19 attackers: [9, 8]
2025-05-12 14:04:49,056 - INFO - fl - start - start client 0 training
2025-05-12 14:04:49,056 - INFO - fl - client_local_train - client 0 start local training ...
2025-05-12 14:04:58,757 - INFO - fl - start - end client 0 training
2025-05-12 14:04:58,757 - INFO - fl - start - client 0 evaluation metrics: {'train_loss': 498.52247431712783, 'test_acc': 11.35}
2025-05-12 14:04:58,757 - INFO - fl - start - start client 1 training
2025-05-12 14:04:58,757 - INFO - fl - client_local_train - client 1 start local training ...
2025-05-12 14:05:03,300 - INFO - fl - start - end client 1 training
2025-05-12 14:05:03,300 - INFO - fl - start - client 1 evaluation metrics: {'train_loss': 829.7943951570535, 'test_acc': 9.74}
2025-05-12 14:05:03,300 - INFO - fl - start - start client 2 training
2025-05-12 14:05:03,300 - INFO - fl - client_local_train - client 2 start local training ...
2025-05-12 14:05:15,222 - INFO - fl - start - end client 2 training
2025-05-12 14:05:15,223 - INFO - fl - start - client 2 evaluation metrics: {'train_loss': 2412.9904718916546, 'test_acc': 9.58}
2025-05-12 14:05:15,223 - INFO - fl - start - start client 3 training
2025-05-12 14:05:15,223 - INFO - fl - client_local_train - client 3 start local training ...
2025-05-12 14:05:19,497 - INFO - fl - start - end client 3 training
2025-05-12 14:05:19,497 - INFO - fl - start - client 3 evaluation metrics: {'train_loss': 39.7800287819571, 'test_acc': 9.74}
2025-05-12 14:05:19,497 - INFO - fl - start - start client 4 training
2025-05-12 14:05:19,497 - INFO - fl - client_local_train - client 4 start local training ...
2025-05-12 14:05:23,892 - INFO - fl - start - end client 4 training
2025-05-12 14:05:23,893 - INFO - fl - start - client 4 evaluation metrics: {'train_loss': 2338.9173435520484, 'test_acc': 10.32}
2025-05-12 14:05:23,893 - INFO - fl - start - start client 5 training
2025-05-12 14:05:23,893 - INFO - fl - client_local_train - client 5 start local training ...
2025-05-12 14:05:25,558 - INFO - fl - start - end client 5 training
2025-05-12 14:05:25,558 - INFO - fl - start - client 5 evaluation metrics: {'train_loss': 1985.2590026855469, 'test_acc': 9.74}
2025-05-12 14:05:25,558 - INFO - fl - start - start client 6 training
2025-05-12 14:05:25,558 - INFO - fl - client_local_train - client 6 start local training ...
2025-05-12 14:05:27,657 - INFO - fl - start - end client 6 training
2025-05-12 14:05:27,657 - INFO - fl - start - client 6 evaluation metrics: {'train_loss': 730.9858165540194, 'test_acc': 10.28}
2025-05-12 14:05:27,657 - INFO - fl - start - start client 7 training
2025-05-12 14:05:27,657 - INFO - fl - client_local_train - client 7 start local training ...
2025-05-12 14:05:32,871 - INFO - fl - start - end client 7 training
2025-05-12 14:05:32,871 - INFO - fl - start - client 7 evaluation metrics: {'train_loss': 716.2821427194696, 'test_acc': 11.35}
2025-05-12 14:05:32,871 - INFO - fl - start - start client 8 training
2025-05-12 14:05:32,871 - INFO - fl - client_local_train - client 8 start local training ...
2025-05-12 14:05:36,137 - INFO - fl - client_local_train - client 8 is attacker, start poisoning model
2025-05-12 14:05:40,550 - INFO - fl - start - end client 8 training
2025-05-12 14:05:40,550 - INFO - fl - start - client 8 evaluation metrics: {'train_loss': 162.49823450574686, 'test_acc': 9.58}
2025-05-12 14:05:40,550 - INFO - fl - start - start client 9 training
2025-05-12 14:05:40,550 - INFO - fl - client_local_train - client 9 start local training ...
2025-05-12 14:05:41,589 - INFO - fl - client_local_train - client 9 is attacker, start poisoning model
2025-05-12 14:05:44,803 - INFO - fl - start - end client 9 training
2025-05-12 14:05:44,803 - INFO - fl - start - client 9 evaluation metrics: {'train_loss': 384.14946053244853, 'test_acc': 10.28}
2025-05-12 14:05:44,803 - INFO - fl - aggregate_model - start model aggregation...fusion method: dual_defense
2025-05-12 14:05:44,804 - INFO - fl - aggregate_model - start hyper-guard fusion with epsilon 0.01
2025-05-12 14:05:44,804 - INFO - fl - aggregate_model - round 19 attackers: [8, 9]
2025-05-12 14:05:55,545 - DEBUG - util_fusion - fusion_dual_defense - client 0 scores: {0: array([30.99522254]), 1: array([30.99788178]), 2: array([30.99327872]), 3: array([30.99787488]), 4: array([30.99788715]), 5: array([30.99849764]), 6: array([30.99828893]), 7: array([30.99781347]), 8: array([30.99783909]), 9: array([30.99804356])}
2025-05-12 14:05:55,546 - DEBUG - util_fusion - fusion_dual_defense - client 0 norm scores: {0: array([0.37245665]), 1: array([0.88199401]), 2: array([0.]), 3: array([0.88067211]), 4: array([0.88302357]), 5: array([1.]), 6: array([0.96000832]), 7: array([0.86890497]), 8: array([0.87381466]), 9: array([0.91299318])}
2025-05-12 14:05:55,546 - DEBUG - util_fusion - fusion_dual_defense - client 0 similarity threshold: 0.763386746967223
2025-05-12 14:05:55,546 - INFO - util_fusion - fusion_dual_defense - client 0 selected fusion benigns: [1, 3, 4, 5, 6, 7, 8, 9]
2025-05-12 14:05:55,554 - DEBUG - util_fusion - fusion_dual_defense - client 1 scores: {0: array([30.99522254]), 1: array([30.99788178]), 2: array([30.99327872]), 3: array([30.99787488]), 4: array([30.99788715]), 5: array([30.99849764]), 6: array([30.99828893]), 7: array([30.99781347]), 8: array([30.99783909]), 9: array([30.99804356])}
2025-05-12 14:05:55,555 - DEBUG - util_fusion - fusion_dual_defense - client 1 norm scores: {0: array([0.37245665]), 1: array([0.88199401]), 2: array([0.]), 3: array([0.88067211]), 4: array([0.88302357]), 5: array([1.]), 6: array([0.96000832]), 7: array([0.86890497]), 8: array([0.87381466]), 9: array([0.91299318])}
2025-05-12 14:05:55,555 - DEBUG - util_fusion - fusion_dual_defense - client 1 similarity threshold: 0.763386746967223
2025-05-12 14:05:55,555 - INFO - util_fusion - fusion_dual_defense - client 1 selected fusion benigns: [1, 3, 4, 5, 6, 7, 8, 9]
2025-05-12 14:05:55,563 - DEBUG - util_fusion - fusion_dual_defense - client 2 scores: {0: array([30.99522254]), 1: array([30.99788178]), 2: array([30.99327872]), 3: array([30.99787488]), 4: array([30.99788715]), 5: array([30.99849764]), 6: array([30.99828893]), 7: array([30.99781347]), 8: array([30.99783909]), 9: array([30.99804356])}
2025-05-12 14:05:55,564 - DEBUG - util_fusion - fusion_dual_defense - client 2 norm scores: {0: array([0.37245665]), 1: array([0.88199401]), 2: array([0.]), 3: array([0.88067211]), 4: array([0.88302357]), 5: array([1.]), 6: array([0.96000832]), 7: array([0.86890497]), 8: array([0.87381466]), 9: array([0.91299318])}
2025-05-12 14:05:55,564 - DEBUG - util_fusion - fusion_dual_defense - client 2 similarity threshold: 0.763386746967223
2025-05-12 14:05:55,564 - INFO - util_fusion - fusion_dual_defense - client 2 selected fusion benigns: [1, 3, 4, 5, 6, 7, 8, 9]
2025-05-12 14:05:55,572 - DEBUG - util_fusion - fusion_dual_defense - client 3 scores: {0: array([30.99522254]), 1: array([30.99788178]), 2: array([30.99327872]), 3: array([30.99787488]), 4: array([30.99788715]), 5: array([30.99849764]), 6: array([30.99828893]), 7: array([30.99781347]), 8: array([30.99783909]), 9: array([30.99804356])}
2025-05-12 14:05:55,573 - DEBUG - util_fusion - fusion_dual_defense - client 3 norm scores: {0: array([0.37245665]), 1: array([0.88199401]), 2: array([0.]), 3: array([0.88067211]), 4: array([0.88302357]), 5: array([1.]), 6: array([0.96000832]), 7: array([0.86890497]), 8: array([0.87381466]), 9: array([0.91299318])}
2025-05-12 14:05:55,573 - DEBUG - util_fusion - fusion_dual_defense - client 3 similarity threshold: 0.763386746967223
2025-05-12 14:05:55,573 - INFO - util_fusion - fusion_dual_defense - client 3 selected fusion benigns: [1, 3, 4, 5, 6, 7, 8, 9]
2025-05-12 14:05:55,581 - DEBUG - util_fusion - fusion_dual_defense - client 4 scores: {0: array([30.99522254]), 1: array([30.99788178]), 2: array([30.99327872]), 3: array([30.99787488]), 4: array([30.99788715]), 5: array([30.99849764]), 6: array([30.99828893]), 7: array([30.99781347]), 8: array([30.99783909]), 9: array([30.99804356])}
2025-05-12 14:05:55,582 - DEBUG - util_fusion - fusion_dual_defense - client 4 norm scores: {0: array([0.37245665]), 1: array([0.88199401]), 2: array([0.]), 3: array([0.88067211]), 4: array([0.88302357]), 5: array([1.]), 6: array([0.96000832]), 7: array([0.86890497]), 8: array([0.87381466]), 9: array([0.91299318])}
2025-05-12 14:05:55,582 - DEBUG - util_fusion - fusion_dual_defense - client 4 similarity threshold: 0.763386746967223
2025-05-12 14:05:55,582 - INFO - util_fusion - fusion_dual_defense - client 4 selected fusion benigns: [1, 3, 4, 5, 6, 7, 8, 9]
2025-05-12 14:05:55,590 - DEBUG - util_fusion - fusion_dual_defense - client 5 scores: {0: array([30.99522254]), 1: array([30.99788178]), 2: array([30.99327872]), 3: array([30.99787488]), 4: array([30.99788715]), 5: array([30.99849764]), 6: array([30.99828893]), 7: array([30.99781347]), 8: array([30.99783909]), 9: array([30.99804356])}
2025-05-12 14:05:55,591 - DEBUG - util_fusion - fusion_dual_defense - client 5 norm scores: {0: array([0.37245665]), 1: array([0.88199401]), 2: array([0.]), 3: array([0.88067211]), 4: array([0.88302357]), 5: array([1.]), 6: array([0.96000832]), 7: array([0.86890497]), 8: array([0.87381466]), 9: array([0.91299318])}
2025-05-12 14:05:55,591 - DEBUG - util_fusion - fusion_dual_defense - client 5 similarity threshold: 0.763386746967223
2025-05-12 14:05:55,591 - INFO - util_fusion - fusion_dual_defense - client 5 selected fusion benigns: [1, 3, 4, 5, 6, 7, 8, 9]
2025-05-12 14:05:55,599 - DEBUG - util_fusion - fusion_dual_defense - client 6 scores: {0: array([30.99522254]), 1: array([30.99788178]), 2: array([30.99327872]), 3: array([30.99787488]), 4: array([30.99788715]), 5: array([30.99849764]), 6: array([30.99828893]), 7: array([30.99781347]), 8: array([30.99783909]), 9: array([30.99804356])}
2025-05-12 14:05:55,600 - DEBUG - util_fusion - fusion_dual_defense - client 6 norm scores: {0: array([0.37245665]), 1: array([0.88199401]), 2: array([0.]), 3: array([0.88067211]), 4: array([0.88302357]), 5: array([1.]), 6: array([0.96000832]), 7: array([0.86890497]), 8: array([0.87381466]), 9: array([0.91299318])}
2025-05-12 14:05:55,600 - DEBUG - util_fusion - fusion_dual_defense - client 6 similarity threshold: 0.763386746967223
2025-05-12 14:05:55,600 - INFO - util_fusion - fusion_dual_defense - client 6 selected fusion benigns: [1, 3, 4, 5, 6, 7, 8, 9]
2025-05-12 14:05:55,608 - DEBUG - util_fusion - fusion_dual_defense - client 7 scores: {0: array([30.99522254]), 1: array([30.99788178]), 2: array([30.99327872]), 3: array([30.99787488]), 4: array([30.99788715]), 5: array([30.99849764]), 6: array([30.99828893]), 7: array([30.99781347]), 8: array([30.99783909]), 9: array([30.99804356])}
2025-05-12 14:05:55,609 - DEBUG - util_fusion - fusion_dual_defense - client 7 norm scores: {0: array([0.37245665]), 1: array([0.88199401]), 2: array([0.]), 3: array([0.88067211]), 4: array([0.88302357]), 5: array([1.]), 6: array([0.96000832]), 7: array([0.86890497]), 8: array([0.87381466]), 9: array([0.91299318])}
2025-05-12 14:05:55,609 - DEBUG - util_fusion - fusion_dual_defense - client 7 similarity threshold: 0.763386746967223
2025-05-12 14:05:55,609 - INFO - util_fusion - fusion_dual_defense - client 7 selected fusion benigns: [1, 3, 4, 5, 6, 7, 8, 9]
2025-05-12 14:05:55,617 - DEBUG - util_fusion - fusion_dual_defense - client 8 scores: {0: array([30.99522254]), 1: array([30.99788178]), 2: array([30.99327872]), 3: array([30.99787488]), 4: array([30.99788715]), 5: array([30.99849764]), 6: array([30.99828893]), 7: array([30.99781347]), 8: array([30.99783909]), 9: array([30.99804356])}
2025-05-12 14:05:55,618 - DEBUG - util_fusion - fusion_dual_defense - client 8 norm scores: {0: array([0.37245665]), 1: array([0.88199401]), 2: array([0.]), 3: array([0.88067211]), 4: array([0.88302357]), 5: array([1.]), 6: array([0.96000832]), 7: array([0.86890497]), 8: array([0.87381466]), 9: array([0.91299318])}
2025-05-12 14:05:55,618 - DEBUG - util_fusion - fusion_dual_defense - client 8 similarity threshold: 0.763386746967223
2025-05-12 14:05:55,618 - INFO - util_fusion - fusion_dual_defense - client 8 selected fusion benigns: [1, 3, 4, 5, 6, 7, 8, 9]
2025-05-12 14:05:55,626 - DEBUG - util_fusion - fusion_dual_defense - client 9 scores: {0: array([30.99522254]), 1: array([30.99788178]), 2: array([30.99327872]), 3: array([30.99787488]), 4: array([30.99788715]), 5: array([30.99849764]), 6: array([30.99828893]), 7: array([30.99781347]), 8: array([30.99783909]), 9: array([30.99804356])}
2025-05-12 14:05:55,627 - DEBUG - util_fusion - fusion_dual_defense - client 9 norm scores: {0: array([0.37245665]), 1: array([0.88199401]), 2: array([0.]), 3: array([0.88067211]), 4: array([0.88302357]), 5: array([1.]), 6: array([0.96000832]), 7: array([0.86890497]), 8: array([0.87381466]), 9: array([0.91299318])}
2025-05-12 14:05:55,627 - DEBUG - util_fusion - fusion_dual_defense - client 9 similarity threshold: 0.763386746967223
2025-05-12 14:05:55,627 - INFO - util_fusion - fusion_dual_defense - client 9 selected fusion benigns: [1, 3, 4, 5, 6, 7, 8, 9]
2025-05-12 14:05:55,627 - DEBUG - util_fusion - fusion_dual_defense - final fusion benigns: (1, 3, 4, 5, 6, 7, 8, 9)
2025-05-12 14:05:57,483 - INFO - fl - start - global side -  test accuracy: 10.1
2025-05-12 14:05:57,483 - INFO - fl - start - global side iteration 19 -  test accuracy: 10.1
2025-05-12 14:05:57,484 - INFO - fl - start - start training round 20
2025-05-12 14:05:57,485 - INFO - fl - start - round 20 attackers: [5, 1]
2025-05-12 14:05:57,485 - INFO - fl - start - start client 0 training
2025-05-12 14:05:57,485 - INFO - fl - client_local_train - client 0 start local training ...
2025-05-12 14:06:07,095 - INFO - fl - start - end client 0 training
2025-05-12 14:06:07,095 - INFO - fl - start - client 0 evaluation metrics: {'train_loss': 1470.6049601738089, 'test_acc': 11.35}
2025-05-12 14:06:07,095 - INFO - fl - start - start client 1 training
2025-05-12 14:06:07,095 - INFO - fl - client_local_train - client 1 start local training ...
2025-05-12 14:06:09,644 - INFO - fl - client_local_train - client 1 is attacker, start poisoning model
2025-05-12 14:06:13,671 - INFO - fl - start - end client 1 training
2025-05-12 14:06:13,671 - INFO - fl - start - client 1 evaluation metrics: {'train_loss': 19659.55557135087, 'test_acc': 9.74}
2025-05-12 14:06:13,671 - INFO - fl - start - start client 2 training
2025-05-12 14:06:13,671 - INFO - fl - client_local_train - client 2 start local training ...
2025-05-12 14:06:25,471 - INFO - fl - start - end client 2 training
2025-05-12 14:06:25,471 - INFO - fl - start - client 2 evaluation metrics: {'train_loss': 7170.341810122941, 'test_acc': 9.58}
2025-05-12 14:06:25,471 - INFO - fl - start - start client 3 training
2025-05-12 14:06:25,471 - INFO - fl - client_local_train - client 3 start local training ...
2025-05-12 14:06:29,690 - INFO - fl - start - end client 3 training
2025-05-12 14:06:29,690 - INFO - fl - start - client 3 evaluation metrics: {'train_loss': 116.27489635679457, 'test_acc': 9.74}
2025-05-12 14:06:29,690 - INFO - fl - start - start client 4 training
2025-05-12 14:06:29,690 - INFO - fl - client_local_train - client 4 start local training ...
2025-05-12 14:06:33,996 - INFO - fl - start - end client 4 training
2025-05-12 14:06:33,996 - INFO - fl - start - client 4 evaluation metrics: {'train_loss': 6927.972445101352, 'test_acc': 10.32}
2025-05-12 14:06:33,997 - INFO - fl - start - start client 5 training
2025-05-12 14:06:33,997 - INFO - fl - client_local_train - client 5 start local training ...
2025-05-12 14:06:34,233 - INFO - fl - client_local_train - client 5 is attacker, start poisoning model
2025-05-12 14:06:36,996 - INFO - fl - start - end client 5 training
2025-05-12 14:06:36,996 - INFO - fl - start - client 5 evaluation metrics: {'train_loss': 45608.51171875, 'test_acc': 10.1}
2025-05-12 14:06:36,996 - INFO - fl - start - start client 6 training
2025-05-12 14:06:36,996 - INFO - fl - client_local_train - client 6 start local training ...
2025-05-12 14:06:39,089 - INFO - fl - start - end client 6 training
2025-05-12 14:06:39,089 - INFO - fl - start - client 6 evaluation metrics: {'train_loss': 2309.0885812859788, 'test_acc': 10.28}
2025-05-12 14:06:39,089 - INFO - fl - start - start client 7 training
2025-05-12 14:06:39,089 - INFO - fl - client_local_train - client 7 start local training ...
2025-05-12 14:06:44,260 - INFO - fl - start - end client 7 training
2025-05-12 14:06:44,260 - INFO - fl - start - client 7 evaluation metrics: {'train_loss': 2137.650041118421, 'test_acc': 11.35}
2025-05-12 14:06:44,260 - INFO - fl - start - start client 8 training
2025-05-12 14:06:44,260 - INFO - fl - client_local_train - client 8 start local training ...
2025-05-12 14:06:49,685 - INFO - fl - start - end client 8 training
2025-05-12 14:06:49,685 - INFO - fl - start - client 8 evaluation metrics: {'train_loss': 58.87177299518211, 'test_acc': 10.1}
2025-05-12 14:06:49,685 - INFO - fl - start - start client 9 training
2025-05-12 14:06:49,685 - INFO - fl - client_local_train - client 9 start local training ...
2025-05-12 14:06:52,308 - INFO - fl - start - end client 9 training
2025-05-12 14:06:52,308 - INFO - fl - start - client 9 evaluation metrics: {'train_loss': 144.00113666418827, 'test_acc': 10.28}
2025-05-12 14:06:52,308 - INFO - fl - aggregate_model - start model aggregation...fusion method: dual_defense
2025-05-12 14:06:52,308 - INFO - fl - aggregate_model - start hyper-guard fusion with epsilon 0.01
2025-05-12 14:06:52,308 - INFO - fl - aggregate_model - round 20 attackers: [1, 5]
2025-05-12 14:07:02,967 - DEBUG - util_fusion - fusion_dual_defense - client 0 scores: {0: array([44.35068015]), 1: array([44.34763387]), 2: array([44.35232893]), 3: array([44.34752416]), 4: array([44.34762066]), 5: array([44.34654369]), 6: array([44.34653372]), 7: array([44.34800019]), 8: array([44.34801976]), 9: array([44.34689555])}
2025-05-12 14:07:02,968 - DEBUG - util_fusion - fusion_dual_defense - client 0 norm scores: {0: array([0.71549291]), 1: array([0.18983773]), 2: array([1.]), 3: array([0.17090691]), 4: array([0.1875584]), 5: array([0.00172097]), 6: array([0.]), 7: array([0.25304892]), 8: array([0.25642644]), 9: array([0.06243742])}
2025-05-12 14:07:02,968 - DEBUG - util_fusion - fusion_dual_defense - client 0 similarity threshold: 0.2837429695641828
2025-05-12 14:07:02,968 - INFO - util_fusion - fusion_dual_defense - client 0 selected fusion benigns: [0, 2]
2025-05-12 14:07:02,976 - DEBUG - util_fusion - fusion_dual_defense - client 1 scores: {0: array([44.35068015]), 1: array([44.34763387]), 2: array([44.35232893]), 3: array([44.34752416]), 4: array([44.34762066]), 5: array([44.34654369]), 6: array([44.34653372]), 7: array([44.34800019]), 8: array([44.34801976]), 9: array([44.34689555])}
2025-05-12 14:07:02,977 - DEBUG - util_fusion - fusion_dual_defense - client 1 norm scores: {0: array([0.71549291]), 1: array([0.18983773]), 2: array([1.]), 3: array([0.17090691]), 4: array([0.1875584]), 5: array([0.00172097]), 6: array([0.]), 7: array([0.25304892]), 8: array([0.25642644]), 9: array([0.06243742])}
2025-05-12 14:07:02,977 - DEBUG - util_fusion - fusion_dual_defense - client 1 similarity threshold: 0.2837429695641828
2025-05-12 14:07:02,977 - INFO - util_fusion - fusion_dual_defense - client 1 selected fusion benigns: [0, 2]
2025-05-12 14:07:02,985 - DEBUG - util_fusion - fusion_dual_defense - client 2 scores: {0: array([44.35068015]), 1: array([44.34763387]), 2: array([44.35232893]), 3: array([44.34752416]), 4: array([44.34762066]), 5: array([44.34654369]), 6: array([44.34653372]), 7: array([44.34800019]), 8: array([44.34801976]), 9: array([44.34689555])}
2025-05-12 14:07:02,986 - DEBUG - util_fusion - fusion_dual_defense - client 2 norm scores: {0: array([0.71549291]), 1: array([0.18983773]), 2: array([1.]), 3: array([0.17090691]), 4: array([0.1875584]), 5: array([0.00172097]), 6: array([0.]), 7: array([0.25304892]), 8: array([0.25642644]), 9: array([0.06243742])}
2025-05-12 14:07:02,986 - DEBUG - util_fusion - fusion_dual_defense - client 2 similarity threshold: 0.2837429695641828
2025-05-12 14:07:02,986 - INFO - util_fusion - fusion_dual_defense - client 2 selected fusion benigns: [0, 2]
2025-05-12 14:07:02,994 - DEBUG - util_fusion - fusion_dual_defense - client 3 scores: {0: array([44.35068015]), 1: array([44.34763387]), 2: array([44.35232893]), 3: array([44.34752416]), 4: array([44.34762066]), 5: array([44.34654369]), 6: array([44.34653372]), 7: array([44.34800019]), 8: array([44.34801976]), 9: array([44.34689555])}
2025-05-12 14:07:02,995 - DEBUG - util_fusion - fusion_dual_defense - client 3 norm scores: {0: array([0.71549291]), 1: array([0.18983773]), 2: array([1.]), 3: array([0.17090691]), 4: array([0.1875584]), 5: array([0.00172097]), 6: array([0.]), 7: array([0.25304892]), 8: array([0.25642644]), 9: array([0.06243742])}
2025-05-12 14:07:02,995 - DEBUG - util_fusion - fusion_dual_defense - client 3 similarity threshold: 0.2837429695641828
2025-05-12 14:07:02,995 - INFO - util_fusion - fusion_dual_defense - client 3 selected fusion benigns: [0, 2]
2025-05-12 14:07:03,003 - DEBUG - util_fusion - fusion_dual_defense - client 4 scores: {0: array([44.35068015]), 1: array([44.34763387]), 2: array([44.35232893]), 3: array([44.34752416]), 4: array([44.34762066]), 5: array([44.34654369]), 6: array([44.34653372]), 7: array([44.34800019]), 8: array([44.34801976]), 9: array([44.34689555])}
2025-05-12 14:07:03,004 - DEBUG - util_fusion - fusion_dual_defense - client 4 norm scores: {0: array([0.71549291]), 1: array([0.18983773]), 2: array([1.]), 3: array([0.17090691]), 4: array([0.1875584]), 5: array([0.00172097]), 6: array([0.]), 7: array([0.25304892]), 8: array([0.25642644]), 9: array([0.06243742])}
2025-05-12 14:07:03,004 - DEBUG - util_fusion - fusion_dual_defense - client 4 similarity threshold: 0.2837429695641828
2025-05-12 14:07:03,004 - INFO - util_fusion - fusion_dual_defense - client 4 selected fusion benigns: [0, 2]
2025-05-12 14:07:03,012 - DEBUG - util_fusion - fusion_dual_defense - client 5 scores: {0: array([44.35068015]), 1: array([44.34763387]), 2: array([44.35232893]), 3: array([44.34752416]), 4: array([44.34762066]), 5: array([44.34654369]), 6: array([44.34653372]), 7: array([44.34800019]), 8: array([44.34801976]), 9: array([44.34689555])}
2025-05-12 14:07:03,013 - DEBUG - util_fusion - fusion_dual_defense - client 5 norm scores: {0: array([0.71549291]), 1: array([0.18983773]), 2: array([1.]), 3: array([0.17090691]), 4: array([0.1875584]), 5: array([0.00172097]), 6: array([0.]), 7: array([0.25304892]), 8: array([0.25642644]), 9: array([0.06243742])}
2025-05-12 14:07:03,013 - DEBUG - util_fusion - fusion_dual_defense - client 5 similarity threshold: 0.2837429695641828
2025-05-12 14:07:03,013 - INFO - util_fusion - fusion_dual_defense - client 5 selected fusion benigns: [0, 2]
2025-05-12 14:07:03,021 - DEBUG - util_fusion - fusion_dual_defense - client 6 scores: {0: array([44.35068015]), 1: array([44.34763387]), 2: array([44.35232893]), 3: array([44.34752416]), 4: array([44.34762066]), 5: array([44.34654369]), 6: array([44.34653372]), 7: array([44.34800019]), 8: array([44.34801976]), 9: array([44.34689555])}
2025-05-12 14:07:03,022 - DEBUG - util_fusion - fusion_dual_defense - client 6 norm scores: {0: array([0.71549291]), 1: array([0.18983773]), 2: array([1.]), 3: array([0.17090691]), 4: array([0.1875584]), 5: array([0.00172097]), 6: array([0.]), 7: array([0.25304892]), 8: array([0.25642644]), 9: array([0.06243742])}
2025-05-12 14:07:03,022 - DEBUG - util_fusion - fusion_dual_defense - client 6 similarity threshold: 0.2837429695641828
2025-05-12 14:07:03,022 - INFO - util_fusion - fusion_dual_defense - client 6 selected fusion benigns: [0, 2]
2025-05-12 14:07:03,031 - DEBUG - util_fusion - fusion_dual_defense - client 7 scores: {0: array([44.35068015]), 1: array([44.34763387]), 2: array([44.35232893]), 3: array([44.34752416]), 4: array([44.34762066]), 5: array([44.34654369]), 6: array([44.34653372]), 7: array([44.34800019]), 8: array([44.34801976]), 9: array([44.34689555])}
2025-05-12 14:07:03,031 - DEBUG - util_fusion - fusion_dual_defense - client 7 norm scores: {0: array([0.71549291]), 1: array([0.18983773]), 2: array([1.]), 3: array([0.17090691]), 4: array([0.1875584]), 5: array([0.00172097]), 6: array([0.]), 7: array([0.25304892]), 8: array([0.25642644]), 9: array([0.06243742])}
2025-05-12 14:07:03,031 - DEBUG - util_fusion - fusion_dual_defense - client 7 similarity threshold: 0.2837429695641828
2025-05-12 14:07:03,031 - INFO - util_fusion - fusion_dual_defense - client 7 selected fusion benigns: [0, 2]
2025-05-12 14:07:03,040 - DEBUG - util_fusion - fusion_dual_defense - client 8 scores: {0: array([44.35068015]), 1: array([44.34763387]), 2: array([44.35232893]), 3: array([44.34752416]), 4: array([44.34762066]), 5: array([44.34654369]), 6: array([44.34653372]), 7: array([44.34800019]), 8: array([44.34801976]), 9: array([44.34689555])}
2025-05-12 14:07:03,040 - DEBUG - util_fusion - fusion_dual_defense - client 8 norm scores: {0: array([0.71549291]), 1: array([0.18983773]), 2: array([1.]), 3: array([0.17090691]), 4: array([0.1875584]), 5: array([0.00172097]), 6: array([0.]), 7: array([0.25304892]), 8: array([0.25642644]), 9: array([0.06243742])}
2025-05-12 14:07:03,040 - DEBUG - util_fusion - fusion_dual_defense - client 8 similarity threshold: 0.2837429695641828
2025-05-12 14:07:03,040 - INFO - util_fusion - fusion_dual_defense - client 8 selected fusion benigns: [0, 2]
2025-05-12 14:07:03,049 - DEBUG - util_fusion - fusion_dual_defense - client 9 scores: {0: array([44.35068015]), 1: array([44.34763387]), 2: array([44.35232893]), 3: array([44.34752416]), 4: array([44.34762066]), 5: array([44.34654369]), 6: array([44.34653372]), 7: array([44.34800019]), 8: array([44.34801976]), 9: array([44.34689555])}
2025-05-12 14:07:03,049 - DEBUG - util_fusion - fusion_dual_defense - client 9 norm scores: {0: array([0.71549291]), 1: array([0.18983773]), 2: array([1.]), 3: array([0.17090691]), 4: array([0.1875584]), 5: array([0.00172097]), 6: array([0.]), 7: array([0.25304892]), 8: array([0.25642644]), 9: array([0.06243742])}
2025-05-12 14:07:03,049 - DEBUG - util_fusion - fusion_dual_defense - client 9 similarity threshold: 0.2837429695641828
2025-05-12 14:07:03,049 - INFO - util_fusion - fusion_dual_defense - client 9 selected fusion benigns: [0, 2]
2025-05-12 14:07:03,049 - DEBUG - util_fusion - fusion_dual_defense - final fusion benigns: (0, 2)
2025-05-12 14:07:04,561 - INFO - fl - start - global side -  test accuracy: 9.8
2025-05-12 14:07:04,561 - INFO - fl - start - global side iteration 20 -  test accuracy: 9.8
2025-05-12 14:07:04,561 - INFO - fl - start - start training round 21
2025-05-12 14:07:04,563 - INFO - fl - start - round 21 attackers: [9, 1]
2025-05-12 14:07:04,563 - INFO - fl - start - start client 0 training
2025-05-12 14:07:04,563 - INFO - fl - client_local_train - client 0 start local training ...
2025-05-12 14:07:14,083 - INFO - fl - start - end client 0 training
2025-05-12 14:07:14,083 - INFO - fl - start - client 0 evaluation metrics: {'train_loss': 1473.473114539837, 'test_acc': 11.35}
2025-05-12 14:07:14,083 - INFO - fl - start - start client 1 training
2025-05-12 14:07:14,083 - INFO - fl - client_local_train - client 1 start local training ...
2025-05-12 14:07:16,594 - INFO - fl - client_local_train - client 1 is attacker, start poisoning model
2025-05-12 14:07:20,577 - INFO - fl - start - end client 1 training
2025-05-12 14:07:20,577 - INFO - fl - start - client 1 evaluation metrics: {'train_loss': 19677.210724263252, 'test_acc': 9.74}
2025-05-12 14:07:20,577 - INFO - fl - start - start client 2 training
2025-05-12 14:07:20,577 - INFO - fl - client_local_train - client 2 start local training ...
2025-05-12 14:07:32,354 - INFO - fl - start - end client 2 training
2025-05-12 14:07:32,354 - INFO - fl - start - client 2 evaluation metrics: {'train_loss': 7155.574466675751, 'test_acc': 9.58}
2025-05-12 14:07:32,354 - INFO - fl - start - start client 3 training
2025-05-12 14:07:32,354 - INFO - fl - client_local_train - client 3 start local training ...
2025-05-12 14:07:36,588 - INFO - fl - start - end client 3 training
2025-05-12 14:07:36,588 - INFO - fl - start - client 3 evaluation metrics: {'train_loss': 113.8154010557466, 'test_acc': 9.74}
2025-05-12 14:07:36,588 - INFO - fl - start - start client 4 training
2025-05-12 14:07:36,588 - INFO - fl - client_local_train - client 4 start local training ...
2025-05-12 14:07:40,917 - INFO - fl - start - end client 4 training
2025-05-12 14:07:40,917 - INFO - fl - start - client 4 evaluation metrics: {'train_loss': 6916.948776657517, 'test_acc': 10.32}
2025-05-12 14:07:40,917 - INFO - fl - start - start client 5 training
2025-05-12 14:07:40,917 - INFO - fl - client_local_train - client 5 start local training ...
2025-05-12 14:07:42,537 - INFO - fl - start - end client 5 training
2025-05-12 14:07:42,537 - INFO - fl - start - client 5 evaluation metrics: {'train_loss': 5691.117370605469, 'test_acc': 11.35}
2025-05-12 14:07:42,537 - INFO - fl - start - start client 6 training
2025-05-12 14:07:42,537 - INFO - fl - client_local_train - client 6 start local training ...
2025-05-12 14:07:44,607 - INFO - fl - start - end client 6 training
2025-05-12 14:07:44,607 - INFO - fl - start - client 6 evaluation metrics: {'train_loss': 2195.2165157920435, 'test_acc': 10.28}
2025-05-12 14:07:44,607 - INFO - fl - start - start client 7 training
2025-05-12 14:07:44,607 - INFO - fl - client_local_train - client 7 start local training ...
2025-05-12 14:07:49,754 - INFO - fl - start - end client 7 training
2025-05-12 14:07:49,754 - INFO - fl - start - client 7 evaluation metrics: {'train_loss': 2114.0794998972037, 'test_acc': 11.35}
2025-05-12 14:07:49,754 - INFO - fl - start - start client 8 training
2025-05-12 14:07:49,754 - INFO - fl - client_local_train - client 8 start local training ...
2025-05-12 14:07:55,186 - INFO - fl - start - end client 8 training
2025-05-12 14:07:55,186 - INFO - fl - start - client 8 evaluation metrics: {'train_loss': 58.80143334468206, 'test_acc': 10.1}
2025-05-12 14:07:55,186 - INFO - fl - start - start client 9 training
2025-05-12 14:07:55,186 - INFO - fl - client_local_train - client 9 start local training ...
2025-05-12 14:07:56,216 - INFO - fl - client_local_train - client 9 is attacker, start poisoning model
2025-05-12 14:07:59,406 - INFO - fl - start - end client 9 training
2025-05-12 14:07:59,406 - INFO - fl - start - client 9 evaluation metrics: {'train_loss': 1113.3401110100024, 'test_acc': 10.28}
2025-05-12 14:07:59,406 - INFO - fl - aggregate_model - start model aggregation...fusion method: dual_defense
2025-05-12 14:07:59,406 - INFO - fl - aggregate_model - start hyper-guard fusion with epsilon 0.01
2025-05-12 14:07:59,406 - INFO - fl - aggregate_model - round 21 attackers: [9, 1]
2025-05-12 14:08:10,067 - DEBUG - util_fusion - fusion_dual_defense - client 0 scores: {0: array([7.68461485]), 1: array([7.68408389]), 2: array([7.68484099]), 3: array([7.68405613]), 4: array([7.68406784]), 5: array([7.6838133]), 6: array([7.68382667]), 7: array([7.68415054]), 8: array([7.6841681]), 9: array([7.68388921])}
2025-05-12 14:08:10,067 - DEBUG - util_fusion - fusion_dual_defense - client 0 norm scores: {0: array([0.77995832]), 1: array([0.26329708]), 2: array([1.]), 3: array([0.23628956]), 4: array([0.24768626]), 5: array([0.]), 6: array([0.0130127]), 7: array([0.32815205]), 8: array([0.34524549]), 9: array([0.07386689])}
2025-05-12 14:08:10,067 - DEBUG - util_fusion - fusion_dual_defense - client 0 similarity threshold: 0.3287508349813184
2025-05-12 14:08:10,068 - INFO - util_fusion - fusion_dual_defense - client 0 selected fusion benigns: [0, 2, 8]
2025-05-12 14:08:10,076 - DEBUG - util_fusion - fusion_dual_defense - client 1 scores: {0: array([7.68461485]), 1: array([7.68408389]), 2: array([7.68484099]), 3: array([7.68405613]), 4: array([7.68406784]), 5: array([7.6838133]), 6: array([7.68382667]), 7: array([7.68415054]), 8: array([7.6841681]), 9: array([7.68388921])}
2025-05-12 14:08:10,077 - DEBUG - util_fusion - fusion_dual_defense - client 1 norm scores: {0: array([0.77995832]), 1: array([0.26329708]), 2: array([1.]), 3: array([0.23628956]), 4: array([0.24768626]), 5: array([0.]), 6: array([0.0130127]), 7: array([0.32815205]), 8: array([0.34524549]), 9: array([0.07386689])}
2025-05-12 14:08:10,077 - DEBUG - util_fusion - fusion_dual_defense - client 1 similarity threshold: 0.3287508349813184
2025-05-12 14:08:10,077 - INFO - util_fusion - fusion_dual_defense - client 1 selected fusion benigns: [0, 2, 8]
2025-05-12 14:08:10,085 - DEBUG - util_fusion - fusion_dual_defense - client 2 scores: {0: array([7.68461485]), 1: array([7.68408389]), 2: array([7.68484099]), 3: array([7.68405613]), 4: array([7.68406784]), 5: array([7.6838133]), 6: array([7.68382667]), 7: array([7.68415054]), 8: array([7.6841681]), 9: array([7.68388921])}
2025-05-12 14:08:10,086 - DEBUG - util_fusion - fusion_dual_defense - client 2 norm scores: {0: array([0.77995832]), 1: array([0.26329708]), 2: array([1.]), 3: array([0.23628956]), 4: array([0.24768626]), 5: array([0.]), 6: array([0.0130127]), 7: array([0.32815205]), 8: array([0.34524549]), 9: array([0.07386689])}
2025-05-12 14:08:10,086 - DEBUG - util_fusion - fusion_dual_defense - client 2 similarity threshold: 0.3287508349813184
2025-05-12 14:08:10,086 - INFO - util_fusion - fusion_dual_defense - client 2 selected fusion benigns: [0, 2, 8]
2025-05-12 14:08:10,094 - DEBUG - util_fusion - fusion_dual_defense - client 3 scores: {0: array([7.68461485]), 1: array([7.68408389]), 2: array([7.68484099]), 3: array([7.68405613]), 4: array([7.68406784]), 5: array([7.6838133]), 6: array([7.68382667]), 7: array([7.68415054]), 8: array([7.6841681]), 9: array([7.68388921])}
2025-05-12 14:08:10,095 - DEBUG - util_fusion - fusion_dual_defense - client 3 norm scores: {0: array([0.77995832]), 1: array([0.26329708]), 2: array([1.]), 3: array([0.23628956]), 4: array([0.24768626]), 5: array([0.]), 6: array([0.0130127]), 7: array([0.32815205]), 8: array([0.34524549]), 9: array([0.07386689])}
2025-05-12 14:08:10,095 - DEBUG - util_fusion - fusion_dual_defense - client 3 similarity threshold: 0.3287508349813184
2025-05-12 14:08:10,095 - INFO - util_fusion - fusion_dual_defense - client 3 selected fusion benigns: [0, 2, 8]
2025-05-12 14:08:10,103 - DEBUG - util_fusion - fusion_dual_defense - client 4 scores: {0: array([7.68461485]), 1: array([7.68408389]), 2: array([7.68484099]), 3: array([7.68405613]), 4: array([7.68406784]), 5: array([7.6838133]), 6: array([7.68382667]), 7: array([7.68415054]), 8: array([7.6841681]), 9: array([7.68388921])}
2025-05-12 14:08:10,104 - DEBUG - util_fusion - fusion_dual_defense - client 4 norm scores: {0: array([0.77995832]), 1: array([0.26329708]), 2: array([1.]), 3: array([0.23628956]), 4: array([0.24768626]), 5: array([0.]), 6: array([0.0130127]), 7: array([0.32815205]), 8: array([0.34524549]), 9: array([0.07386689])}
2025-05-12 14:08:10,104 - DEBUG - util_fusion - fusion_dual_defense - client 4 similarity threshold: 0.3287508349813184
2025-05-12 14:08:10,104 - INFO - util_fusion - fusion_dual_defense - client 4 selected fusion benigns: [0, 2, 8]
2025-05-12 14:08:10,112 - DEBUG - util_fusion - fusion_dual_defense - client 5 scores: {0: array([7.68461485]), 1: array([7.68408389]), 2: array([7.68484099]), 3: array([7.68405613]), 4: array([7.68406784]), 5: array([7.6838133]), 6: array([7.68382667]), 7: array([7.68415054]), 8: array([7.6841681]), 9: array([7.68388921])}
2025-05-12 14:08:10,113 - DEBUG - util_fusion - fusion_dual_defense - client 5 norm scores: {0: array([0.77995832]), 1: array([0.26329708]), 2: array([1.]), 3: array([0.23628956]), 4: array([0.24768626]), 5: array([0.]), 6: array([0.0130127]), 7: array([0.32815205]), 8: array([0.34524549]), 9: array([0.07386689])}
2025-05-12 14:08:10,113 - DEBUG - util_fusion - fusion_dual_defense - client 5 similarity threshold: 0.3287508349813184
2025-05-12 14:08:10,113 - INFO - util_fusion - fusion_dual_defense - client 5 selected fusion benigns: [0, 2, 8]
2025-05-12 14:08:10,121 - DEBUG - util_fusion - fusion_dual_defense - client 6 scores: {0: array([7.68461485]), 1: array([7.68408389]), 2: array([7.68484099]), 3: array([7.68405613]), 4: array([7.68406784]), 5: array([7.6838133]), 6: array([7.68382667]), 7: array([7.68415054]), 8: array([7.6841681]), 9: array([7.68388921])}
2025-05-12 14:08:10,122 - DEBUG - util_fusion - fusion_dual_defense - client 6 norm scores: {0: array([0.77995832]), 1: array([0.26329708]), 2: array([1.]), 3: array([0.23628956]), 4: array([0.24768626]), 5: array([0.]), 6: array([0.0130127]), 7: array([0.32815205]), 8: array([0.34524549]), 9: array([0.07386689])}
2025-05-12 14:08:10,122 - DEBUG - util_fusion - fusion_dual_defense - client 6 similarity threshold: 0.3287508349813184
2025-05-12 14:08:10,122 - INFO - util_fusion - fusion_dual_defense - client 6 selected fusion benigns: [0, 2, 8]
2025-05-12 14:08:10,130 - DEBUG - util_fusion - fusion_dual_defense - client 7 scores: {0: array([7.68461485]), 1: array([7.68408389]), 2: array([7.68484099]), 3: array([7.68405613]), 4: array([7.68406784]), 5: array([7.6838133]), 6: array([7.68382667]), 7: array([7.68415054]), 8: array([7.6841681]), 9: array([7.68388921])}
2025-05-12 14:08:10,131 - DEBUG - util_fusion - fusion_dual_defense - client 7 norm scores: {0: array([0.77995832]), 1: array([0.26329708]), 2: array([1.]), 3: array([0.23628956]), 4: array([0.24768626]), 5: array([0.]), 6: array([0.0130127]), 7: array([0.32815205]), 8: array([0.34524549]), 9: array([0.07386689])}
2025-05-12 14:08:10,131 - DEBUG - util_fusion - fusion_dual_defense - client 7 similarity threshold: 0.3287508349813184
2025-05-12 14:08:10,131 - INFO - util_fusion - fusion_dual_defense - client 7 selected fusion benigns: [0, 2, 8]
2025-05-12 14:08:10,139 - DEBUG - util_fusion - fusion_dual_defense - client 8 scores: {0: array([7.68461485]), 1: array([7.68408389]), 2: array([7.68484099]), 3: array([7.68405613]), 4: array([7.68406784]), 5: array([7.6838133]), 6: array([7.68382667]), 7: array([7.68415054]), 8: array([7.6841681]), 9: array([7.68388921])}
2025-05-12 14:08:10,140 - DEBUG - util_fusion - fusion_dual_defense - client 8 norm scores: {0: array([0.77995832]), 1: array([0.26329708]), 2: array([1.]), 3: array([0.23628956]), 4: array([0.24768626]), 5: array([0.]), 6: array([0.0130127]), 7: array([0.32815205]), 8: array([0.34524549]), 9: array([0.07386689])}
2025-05-12 14:08:10,140 - DEBUG - util_fusion - fusion_dual_defense - client 8 similarity threshold: 0.3287508349813184
2025-05-12 14:08:10,140 - INFO - util_fusion - fusion_dual_defense - client 8 selected fusion benigns: [0, 2, 8]
2025-05-12 14:08:10,148 - DEBUG - util_fusion - fusion_dual_defense - client 9 scores: {0: array([7.68461485]), 1: array([7.68408389]), 2: array([7.68484099]), 3: array([7.68405613]), 4: array([7.68406784]), 5: array([7.6838133]), 6: array([7.68382667]), 7: array([7.68415054]), 8: array([7.6841681]), 9: array([7.68388921])}
2025-05-12 14:08:10,149 - DEBUG - util_fusion - fusion_dual_defense - client 9 norm scores: {0: array([0.77995832]), 1: array([0.26329708]), 2: array([1.]), 3: array([0.23628956]), 4: array([0.24768626]), 5: array([0.]), 6: array([0.0130127]), 7: array([0.32815205]), 8: array([0.34524549]), 9: array([0.07386689])}
2025-05-12 14:08:10,149 - DEBUG - util_fusion - fusion_dual_defense - client 9 similarity threshold: 0.3287508349813184
2025-05-12 14:08:10,149 - INFO - util_fusion - fusion_dual_defense - client 9 selected fusion benigns: [0, 2, 8]
2025-05-12 14:08:10,149 - DEBUG - util_fusion - fusion_dual_defense - final fusion benigns: (0, 2, 8)
2025-05-12 14:08:11,716 - INFO - fl - start - global side -  test accuracy: 9.8
2025-05-12 14:08:11,716 - INFO - fl - start - global side iteration 21 -  test accuracy: 9.8
2025-05-12 14:08:11,716 - INFO - fl - start - start training round 22
2025-05-12 14:08:11,718 - INFO - fl - start - round 22 attackers: [2, 5]
2025-05-12 14:08:11,718 - INFO - fl - start - start client 0 training
2025-05-12 14:08:11,718 - INFO - fl - client_local_train - client 0 start local training ...
2025-05-12 14:08:21,270 - INFO - fl - start - end client 0 training
2025-05-12 14:08:21,270 - INFO - fl - start - client 0 evaluation metrics: {'train_loss': 1473.9858392424185, 'test_acc': 11.35}
2025-05-12 14:08:21,270 - INFO - fl - start - start client 1 training
2025-05-12 14:08:21,270 - INFO - fl - client_local_train - client 1 start local training ...
2025-05-12 14:08:25,772 - INFO - fl - start - end client 1 training
2025-05-12 14:08:25,773 - INFO - fl - start - client 1 evaluation metrics: {'train_loss': 2441.535171863399, 'test_acc': 9.74}
2025-05-12 14:08:25,773 - INFO - fl - start - start client 2 training
2025-05-12 14:08:25,773 - INFO - fl - client_local_train - client 2 start local training ...
2025-05-12 14:08:34,018 - INFO - fl - client_local_train - client 2 is attacker, start poisoning model
2025-05-12 14:08:41,066 - INFO - fl - start - end client 2 training
2025-05-12 14:08:41,066 - INFO - fl - start - client 2 evaluation metrics: {'train_loss': 57136.99118822674, 'test_acc': 9.58}
2025-05-12 14:08:41,066 - INFO - fl - start - start client 3 training
2025-05-12 14:08:41,066 - INFO - fl - client_local_train - client 3 start local training ...
2025-05-12 14:08:45,271 - INFO - fl - start - end client 3 training
2025-05-12 14:08:45,271 - INFO - fl - start - client 3 evaluation metrics: {'train_loss': 112.53656191461616, 'test_acc': 9.74}
2025-05-12 14:08:45,271 - INFO - fl - start - start client 4 training
2025-05-12 14:08:45,271 - INFO - fl - client_local_train - client 4 start local training ...
2025-05-12 14:08:49,588 - INFO - fl - start - end client 4 training
2025-05-12 14:08:49,588 - INFO - fl - start - client 4 evaluation metrics: {'train_loss': 6908.877787822002, 'test_acc': 10.32}
2025-05-12 14:08:49,589 - INFO - fl - start - start client 5 training
2025-05-12 14:08:49,589 - INFO - fl - client_local_train - client 5 start local training ...
2025-05-12 14:08:49,825 - INFO - fl - client_local_train - client 5 is attacker, start poisoning model
2025-05-12 14:08:52,594 - INFO - fl - start - end client 5 training
2025-05-12 14:08:52,594 - INFO - fl - start - client 5 evaluation metrics: {'train_loss': 44538.777587890625, 'test_acc': 9.8}
2025-05-12 14:08:52,594 - INFO - fl - start - start client 6 training
2025-05-12 14:08:52,594 - INFO - fl - client_local_train - client 6 start local training ...
2025-05-12 14:08:54,662 - INFO - fl - start - end client 6 training
2025-05-12 14:08:54,662 - INFO - fl - start - client 6 evaluation metrics: {'train_loss': 2229.7609991776317, 'test_acc': 10.28}
2025-05-12 14:08:54,662 - INFO - fl - start - start client 7 training
2025-05-12 14:08:54,671 - INFO - fl - client_local_train - client 7 start local training ...
2025-05-12 14:08:59,824 - INFO - fl - start - end client 7 training
2025-05-12 14:08:59,824 - INFO - fl - start - client 7 evaluation metrics: {'train_loss': 2120.4849557976972, 'test_acc': 11.35}
2025-05-12 14:08:59,825 - INFO - fl - start - start client 8 training
2025-05-12 14:08:59,833 - INFO - fl - client_local_train - client 8 start local training ...
2025-05-12 14:09:05,297 - INFO - fl - start - end client 8 training
2025-05-12 14:09:05,297 - INFO - fl - start - client 8 evaluation metrics: {'train_loss': 58.72648323283476, 'test_acc': 9.58}
2025-05-12 14:09:05,298 - INFO - fl - start - start client 9 training
2025-05-12 14:09:05,298 - INFO - fl - client_local_train - client 9 start local training ...
2025-05-12 14:09:07,926 - INFO - fl - start - end client 9 training
2025-05-12 14:09:07,926 - INFO - fl - start - client 9 evaluation metrics: {'train_loss': 138.476994601163, 'test_acc': 10.28}
2025-05-12 14:09:07,926 - INFO - fl - aggregate_model - start model aggregation...fusion method: dual_defense
2025-05-12 14:09:07,926 - INFO - fl - aggregate_model - start hyper-guard fusion with epsilon 0.01
2025-05-12 14:09:07,926 - INFO - fl - aggregate_model - round 22 attackers: [2, 5]
2025-05-12 14:09:18,587 - DEBUG - util_fusion - fusion_dual_defense - client 0 scores: {0: array([1.85688808]), 1: array([1.85669202]), 2: array([1.8569757]), 3: array([1.85668461]), 4: array([1.8566877]), 5: array([1.85659786]), 6: array([1.85659995]), 7: array([1.85672165]), 8: array([1.8567269]), 9: array([1.85662143])}
2025-05-12 14:09:18,588 - DEBUG - util_fusion - fusion_dual_defense - client 0 norm scores: {0: array([0.76810818]), 1: array([0.24921424]), 2: array([1.]), 3: array([0.22960485]), 4: array([0.23777591]), 5: array([0.]), 6: array([0.00555143]), 7: array([0.32763385]), 8: array([0.34152044]), 9: array([0.06237839])}
2025-05-12 14:09:18,588 - DEBUG - util_fusion - fusion_dual_defense - client 0 similarity threshold: 0.32217873094090693
2025-05-12 14:09:18,588 - INFO - util_fusion - fusion_dual_defense - client 0 selected fusion benigns: [0, 2, 7, 8]
2025-05-12 14:09:18,596 - DEBUG - util_fusion - fusion_dual_defense - client 1 scores: {0: array([1.85688808]), 1: array([1.85669202]), 2: array([1.8569757]), 3: array([1.85668461]), 4: array([1.8566877]), 5: array([1.85659786]), 6: array([1.85659995]), 7: array([1.85672165]), 8: array([1.8567269]), 9: array([1.85662143])}
2025-05-12 14:09:18,597 - DEBUG - util_fusion - fusion_dual_defense - client 1 norm scores: {0: array([0.76810818]), 1: array([0.24921424]), 2: array([1.]), 3: array([0.22960485]), 4: array([0.23777591]), 5: array([0.]), 6: array([0.00555143]), 7: array([0.32763385]), 8: array([0.34152044]), 9: array([0.06237839])}
2025-05-12 14:09:18,597 - DEBUG - util_fusion - fusion_dual_defense - client 1 similarity threshold: 0.32217873094090693
2025-05-12 14:09:18,597 - INFO - util_fusion - fusion_dual_defense - client 1 selected fusion benigns: [0, 2, 7, 8]
2025-05-12 14:09:18,605 - DEBUG - util_fusion - fusion_dual_defense - client 2 scores: {0: array([1.85688808]), 1: array([1.85669202]), 2: array([1.8569757]), 3: array([1.85668461]), 4: array([1.8566877]), 5: array([1.85659786]), 6: array([1.85659995]), 7: array([1.85672165]), 8: array([1.8567269]), 9: array([1.85662143])}
2025-05-12 14:09:18,606 - DEBUG - util_fusion - fusion_dual_defense - client 2 norm scores: {0: array([0.76810818]), 1: array([0.24921424]), 2: array([1.]), 3: array([0.22960485]), 4: array([0.23777591]), 5: array([0.]), 6: array([0.00555143]), 7: array([0.32763385]), 8: array([0.34152044]), 9: array([0.06237839])}
2025-05-12 14:09:18,606 - DEBUG - util_fusion - fusion_dual_defense - client 2 similarity threshold: 0.32217873094090693
2025-05-12 14:09:18,606 - INFO - util_fusion - fusion_dual_defense - client 2 selected fusion benigns: [0, 2, 7, 8]
2025-05-12 14:09:18,614 - DEBUG - util_fusion - fusion_dual_defense - client 3 scores: {0: array([1.85688808]), 1: array([1.85669202]), 2: array([1.8569757]), 3: array([1.85668461]), 4: array([1.8566877]), 5: array([1.85659786]), 6: array([1.85659995]), 7: array([1.85672165]), 8: array([1.8567269]), 9: array([1.85662143])}
2025-05-12 14:09:18,615 - DEBUG - util_fusion - fusion_dual_defense - client 3 norm scores: {0: array([0.76810818]), 1: array([0.24921424]), 2: array([1.]), 3: array([0.22960485]), 4: array([0.23777591]), 5: array([0.]), 6: array([0.00555143]), 7: array([0.32763385]), 8: array([0.34152044]), 9: array([0.06237839])}
2025-05-12 14:09:18,615 - DEBUG - util_fusion - fusion_dual_defense - client 3 similarity threshold: 0.32217873094090693
2025-05-12 14:09:18,615 - INFO - util_fusion - fusion_dual_defense - client 3 selected fusion benigns: [0, 2, 7, 8]
2025-05-12 14:09:18,624 - DEBUG - util_fusion - fusion_dual_defense - client 4 scores: {0: array([1.85688808]), 1: array([1.85669202]), 2: array([1.8569757]), 3: array([1.85668461]), 4: array([1.8566877]), 5: array([1.85659786]), 6: array([1.85659995]), 7: array([1.85672165]), 8: array([1.8567269]), 9: array([1.85662143])}
2025-05-12 14:09:18,624 - DEBUG - util_fusion - fusion_dual_defense - client 4 norm scores: {0: array([0.76810818]), 1: array([0.24921424]), 2: array([1.]), 3: array([0.22960485]), 4: array([0.23777591]), 5: array([0.]), 6: array([0.00555143]), 7: array([0.32763385]), 8: array([0.34152044]), 9: array([0.06237839])}
2025-05-12 14:09:18,624 - DEBUG - util_fusion - fusion_dual_defense - client 4 similarity threshold: 0.32217873094090693
2025-05-12 14:09:18,624 - INFO - util_fusion - fusion_dual_defense - client 4 selected fusion benigns: [0, 2, 7, 8]
2025-05-12 14:09:18,633 - DEBUG - util_fusion - fusion_dual_defense - client 5 scores: {0: array([1.85688808]), 1: array([1.85669202]), 2: array([1.8569757]), 3: array([1.85668461]), 4: array([1.8566877]), 5: array([1.85659786]), 6: array([1.85659995]), 7: array([1.85672165]), 8: array([1.8567269]), 9: array([1.85662143])}
2025-05-12 14:09:18,633 - DEBUG - util_fusion - fusion_dual_defense - client 5 norm scores: {0: array([0.76810818]), 1: array([0.24921424]), 2: array([1.]), 3: array([0.22960485]), 4: array([0.23777591]), 5: array([0.]), 6: array([0.00555143]), 7: array([0.32763385]), 8: array([0.34152044]), 9: array([0.06237839])}
2025-05-12 14:09:18,633 - DEBUG - util_fusion - fusion_dual_defense - client 5 similarity threshold: 0.32217873094090693
2025-05-12 14:09:18,633 - INFO - util_fusion - fusion_dual_defense - client 5 selected fusion benigns: [0, 2, 7, 8]
2025-05-12 14:09:18,642 - DEBUG - util_fusion - fusion_dual_defense - client 6 scores: {0: array([1.85688808]), 1: array([1.85669202]), 2: array([1.8569757]), 3: array([1.85668461]), 4: array([1.8566877]), 5: array([1.85659786]), 6: array([1.85659995]), 7: array([1.85672165]), 8: array([1.8567269]), 9: array([1.85662143])}
2025-05-12 14:09:18,642 - DEBUG - util_fusion - fusion_dual_defense - client 6 norm scores: {0: array([0.76810818]), 1: array([0.24921424]), 2: array([1.]), 3: array([0.22960485]), 4: array([0.23777591]), 5: array([0.]), 6: array([0.00555143]), 7: array([0.32763385]), 8: array([0.34152044]), 9: array([0.06237839])}
2025-05-12 14:09:18,642 - DEBUG - util_fusion - fusion_dual_defense - client 6 similarity threshold: 0.32217873094090693
2025-05-12 14:09:18,642 - INFO - util_fusion - fusion_dual_defense - client 6 selected fusion benigns: [0, 2, 7, 8]
2025-05-12 14:09:18,651 - DEBUG - util_fusion - fusion_dual_defense - client 7 scores: {0: array([1.85688808]), 1: array([1.85669202]), 2: array([1.8569757]), 3: array([1.85668461]), 4: array([1.8566877]), 5: array([1.85659786]), 6: array([1.85659995]), 7: array([1.85672165]), 8: array([1.8567269]), 9: array([1.85662143])}
2025-05-12 14:09:18,651 - DEBUG - util_fusion - fusion_dual_defense - client 7 norm scores: {0: array([0.76810818]), 1: array([0.24921424]), 2: array([1.]), 3: array([0.22960485]), 4: array([0.23777591]), 5: array([0.]), 6: array([0.00555143]), 7: array([0.32763385]), 8: array([0.34152044]), 9: array([0.06237839])}
2025-05-12 14:09:18,651 - DEBUG - util_fusion - fusion_dual_defense - client 7 similarity threshold: 0.32217873094090693
2025-05-12 14:09:18,651 - INFO - util_fusion - fusion_dual_defense - client 7 selected fusion benigns: [0, 2, 7, 8]
2025-05-12 14:09:18,660 - DEBUG - util_fusion - fusion_dual_defense - client 8 scores: {0: array([1.85688808]), 1: array([1.85669202]), 2: array([1.8569757]), 3: array([1.85668461]), 4: array([1.8566877]), 5: array([1.85659786]), 6: array([1.85659995]), 7: array([1.85672165]), 8: array([1.8567269]), 9: array([1.85662143])}
2025-05-12 14:09:18,660 - DEBUG - util_fusion - fusion_dual_defense - client 8 norm scores: {0: array([0.76810818]), 1: array([0.24921424]), 2: array([1.]), 3: array([0.22960485]), 4: array([0.23777591]), 5: array([0.]), 6: array([0.00555143]), 7: array([0.32763385]), 8: array([0.34152044]), 9: array([0.06237839])}
2025-05-12 14:09:18,660 - DEBUG - util_fusion - fusion_dual_defense - client 8 similarity threshold: 0.32217873094090693
2025-05-12 14:09:18,661 - INFO - util_fusion - fusion_dual_defense - client 8 selected fusion benigns: [0, 2, 7, 8]
2025-05-12 14:09:18,669 - DEBUG - util_fusion - fusion_dual_defense - client 9 scores: {0: array([1.85688808]), 1: array([1.85669202]), 2: array([1.8569757]), 3: array([1.85668461]), 4: array([1.8566877]), 5: array([1.85659786]), 6: array([1.85659995]), 7: array([1.85672165]), 8: array([1.8567269]), 9: array([1.85662143])}
2025-05-12 14:09:18,669 - DEBUG - util_fusion - fusion_dual_defense - client 9 norm scores: {0: array([0.76810818]), 1: array([0.24921424]), 2: array([1.]), 3: array([0.22960485]), 4: array([0.23777591]), 5: array([0.]), 6: array([0.00555143]), 7: array([0.32763385]), 8: array([0.34152044]), 9: array([0.06237839])}
2025-05-12 14:09:18,670 - DEBUG - util_fusion - fusion_dual_defense - client 9 similarity threshold: 0.32217873094090693
2025-05-12 14:09:18,670 - INFO - util_fusion - fusion_dual_defense - client 9 selected fusion benigns: [0, 2, 7, 8]
2025-05-12 14:09:18,670 - DEBUG - util_fusion - fusion_dual_defense - final fusion benigns: (0, 2, 7, 8)
2025-05-12 14:09:20,290 - INFO - fl - start - global side -  test accuracy: 9.58
2025-05-12 14:09:20,290 - INFO - fl - start - global side iteration 22 -  test accuracy: 9.58
2025-05-12 14:09:20,290 - INFO - fl - start - start training round 23
2025-05-12 14:09:20,292 - INFO - fl - start - round 23 attackers: [1, 6]
2025-05-12 14:09:20,292 - INFO - fl - start - start client 0 training
2025-05-12 14:09:20,292 - INFO - fl - client_local_train - client 0 start local training ...
2025-05-12 14:09:29,797 - INFO - fl - start - end client 0 training
2025-05-12 14:09:29,797 - INFO - fl - start - client 0 evaluation metrics: {'train_loss': 5513.848855906519, 'test_acc': 11.35}
2025-05-12 14:09:29,797 - INFO - fl - start - start client 1 training
2025-05-12 14:09:29,797 - INFO - fl - client_local_train - client 1 start local training ...
2025-05-12 14:09:32,296 - INFO - fl - client_local_train - client 1 is attacker, start poisoning model
2025-05-12 14:09:36,267 - INFO - fl - start - end client 1 training
2025-05-12 14:09:36,267 - INFO - fl - start - client 1 evaluation metrics: {'train_loss': 73319.25514240506, 'test_acc': 9.74}
2025-05-12 14:09:36,267 - INFO - fl - start - start client 2 training
2025-05-12 14:09:36,267 - INFO - fl - client_local_train - client 2 start local training ...
2025-05-12 14:09:48,062 - INFO - fl - start - end client 2 training
2025-05-12 14:09:48,063 - INFO - fl - start - client 2 evaluation metrics: {'train_loss': 26777.26915652253, 'test_acc': 9.58}
2025-05-12 14:09:48,063 - INFO - fl - start - start client 3 training
2025-05-12 14:09:48,063 - INFO - fl - client_local_train - client 3 start local training ...
2025-05-12 14:09:52,268 - INFO - fl - start - end client 3 training
2025-05-12 14:09:52,268 - INFO - fl - start - client 3 evaluation metrics: {'train_loss': 417.05313428243, 'test_acc': 9.74}
2025-05-12 14:09:52,268 - INFO - fl - start - start client 4 training
2025-05-12 14:09:52,268 - INFO - fl - client_local_train - client 4 start local training ...
2025-05-12 14:09:56,571 - INFO - fl - start - end client 4 training
2025-05-12 14:09:56,571 - INFO - fl - start - client 4 evaluation metrics: {'train_loss': 25894.519716005067, 'test_acc': 10.32}
2025-05-12 14:09:56,571 - INFO - fl - start - start client 5 training
2025-05-12 14:09:56,571 - INFO - fl - client_local_train - client 5 start local training ...
2025-05-12 14:09:58,186 - INFO - fl - start - end client 5 training
2025-05-12 14:09:58,186 - INFO - fl - start - client 5 evaluation metrics: {'train_loss': 21502.078857421875, 'test_acc': 10.32}
2025-05-12 14:09:58,186 - INFO - fl - start - start client 6 training
2025-05-12 14:09:58,186 - INFO - fl - client_local_train - client 6 start local training ...
2025-05-12 14:09:58,775 - INFO - fl - client_local_train - client 6 is attacker, start poisoning model
2025-05-12 14:10:01,733 - INFO - fl - start - end client 6 training
2025-05-12 14:10:01,733 - INFO - fl - start - client 6 evaluation metrics: {'train_loss': 65696.39206414473, 'test_acc': 9.8}
2025-05-12 14:10:01,733 - INFO - fl - start - start client 7 training
2025-05-12 14:10:01,733 - INFO - fl - client_local_train - client 7 start local training ...
2025-05-12 14:10:06,900 - INFO - fl - start - end client 7 training
2025-05-12 14:10:06,900 - INFO - fl - start - client 7 evaluation metrics: {'train_loss': 7928.175203022204, 'test_acc': 11.35}
2025-05-12 14:10:06,900 - INFO - fl - start - start client 8 training
2025-05-12 14:10:06,900 - INFO - fl - client_local_train - client 8 start local training ...
2025-05-12 14:10:12,322 - INFO - fl - start - end client 8 training
2025-05-12 14:10:12,322 - INFO - fl - start - client 8 evaluation metrics: {'train_loss': 230.33894359364228, 'test_acc': 10.1}
2025-05-12 14:10:12,322 - INFO - fl - start - start client 9 training
2025-05-12 14:10:12,322 - INFO - fl - client_local_train - client 9 start local training ...
2025-05-12 14:10:14,950 - INFO - fl - start - end client 9 training
2025-05-12 14:10:14,950 - INFO - fl - start - client 9 evaluation metrics: {'train_loss': 531.6012880729907, 'test_acc': 10.28}
2025-05-12 14:10:14,950 - INFO - fl - aggregate_model - start model aggregation...fusion method: dual_defense
2025-05-12 14:10:14,950 - INFO - fl - aggregate_model - start hyper-guard fusion with epsilon 0.01
2025-05-12 14:10:14,950 - INFO - fl - aggregate_model - round 23 attackers: [1, 6]
2025-05-12 14:10:25,633 - DEBUG - util_fusion - fusion_dual_defense - client 0 scores: {0: array([23.01605919]), 1: array([23.00475361]), 2: array([23.02107904]), 3: array([23.00409093]), 4: array([23.00424857]), 5: array([22.99901159]), 6: array([22.9992796]), 7: array([23.00614011]), 8: array([23.00676954]), 9: array([23.000506])}
2025-05-12 14:10:25,633 - DEBUG - util_fusion - fusion_dual_defense - client 0 norm scores: {0: array([0.7725226]), 1: array([0.26020324]), 2: array([1.]), 3: array([0.23017358]), 4: array([0.23731678]), 5: array([0.]), 6: array([0.01214504]), 7: array([0.32303328]), 8: array([0.3515564]), 9: array([0.06771991])}
2025-05-12 14:10:25,633 - DEBUG - util_fusion - fusion_dual_defense - client 0 similarity threshold: 0.3254670824604251
2025-05-12 14:10:25,634 - INFO - util_fusion - fusion_dual_defense - client 0 selected fusion benigns: [0, 2, 8]
2025-05-12 14:10:25,642 - DEBUG - util_fusion - fusion_dual_defense - client 1 scores: {0: array([23.01605919]), 1: array([23.00475361]), 2: array([23.02107904]), 3: array([23.00409093]), 4: array([23.00424857]), 5: array([22.99901159]), 6: array([22.9992796]), 7: array([23.00614011]), 8: array([23.00676954]), 9: array([23.000506])}
2025-05-12 14:10:25,643 - DEBUG - util_fusion - fusion_dual_defense - client 1 norm scores: {0: array([0.7725226]), 1: array([0.26020324]), 2: array([1.]), 3: array([0.23017358]), 4: array([0.23731678]), 5: array([0.]), 6: array([0.01214504]), 7: array([0.32303328]), 8: array([0.3515564]), 9: array([0.06771991])}
2025-05-12 14:10:25,643 - DEBUG - util_fusion - fusion_dual_defense - client 1 similarity threshold: 0.3254670824604251
2025-05-12 14:10:25,643 - INFO - util_fusion - fusion_dual_defense - client 1 selected fusion benigns: [0, 2, 8]
2025-05-12 14:10:25,651 - DEBUG - util_fusion - fusion_dual_defense - client 2 scores: {0: array([23.01605919]), 1: array([23.00475361]), 2: array([23.02107904]), 3: array([23.00409093]), 4: array([23.00424857]), 5: array([22.99901159]), 6: array([22.9992796]), 7: array([23.00614011]), 8: array([23.00676954]), 9: array([23.000506])}
2025-05-12 14:10:25,652 - DEBUG - util_fusion - fusion_dual_defense - client 2 norm scores: {0: array([0.7725226]), 1: array([0.26020324]), 2: array([1.]), 3: array([0.23017358]), 4: array([0.23731678]), 5: array([0.]), 6: array([0.01214504]), 7: array([0.32303328]), 8: array([0.3515564]), 9: array([0.06771991])}
2025-05-12 14:10:25,652 - DEBUG - util_fusion - fusion_dual_defense - client 2 similarity threshold: 0.3254670824604251
2025-05-12 14:10:25,652 - INFO - util_fusion - fusion_dual_defense - client 2 selected fusion benigns: [0, 2, 8]
2025-05-12 14:10:25,660 - DEBUG - util_fusion - fusion_dual_defense - client 3 scores: {0: array([23.01605919]), 1: array([23.00475361]), 2: array([23.02107904]), 3: array([23.00409093]), 4: array([23.00424857]), 5: array([22.99901159]), 6: array([22.9992796]), 7: array([23.00614011]), 8: array([23.00676954]), 9: array([23.000506])}
2025-05-12 14:10:25,661 - DEBUG - util_fusion - fusion_dual_defense - client 3 norm scores: {0: array([0.7725226]), 1: array([0.26020324]), 2: array([1.]), 3: array([0.23017358]), 4: array([0.23731678]), 5: array([0.]), 6: array([0.01214504]), 7: array([0.32303328]), 8: array([0.3515564]), 9: array([0.06771991])}
2025-05-12 14:10:25,661 - DEBUG - util_fusion - fusion_dual_defense - client 3 similarity threshold: 0.3254670824604251
2025-05-12 14:10:25,661 - INFO - util_fusion - fusion_dual_defense - client 3 selected fusion benigns: [0, 2, 8]
2025-05-12 14:10:25,669 - DEBUG - util_fusion - fusion_dual_defense - client 4 scores: {0: array([23.01605919]), 1: array([23.00475361]), 2: array([23.02107904]), 3: array([23.00409093]), 4: array([23.00424857]), 5: array([22.99901159]), 6: array([22.9992796]), 7: array([23.00614011]), 8: array([23.00676954]), 9: array([23.000506])}
2025-05-12 14:10:25,670 - DEBUG - util_fusion - fusion_dual_defense - client 4 norm scores: {0: array([0.7725226]), 1: array([0.26020324]), 2: array([1.]), 3: array([0.23017358]), 4: array([0.23731678]), 5: array([0.]), 6: array([0.01214504]), 7: array([0.32303328]), 8: array([0.3515564]), 9: array([0.06771991])}
2025-05-12 14:10:25,670 - DEBUG - util_fusion - fusion_dual_defense - client 4 similarity threshold: 0.3254670824604251
2025-05-12 14:10:25,670 - INFO - util_fusion - fusion_dual_defense - client 4 selected fusion benigns: [0, 2, 8]
2025-05-12 14:10:25,678 - DEBUG - util_fusion - fusion_dual_defense - client 5 scores: {0: array([23.01605919]), 1: array([23.00475361]), 2: array([23.02107904]), 3: array([23.00409093]), 4: array([23.00424857]), 5: array([22.99901159]), 6: array([22.9992796]), 7: array([23.00614011]), 8: array([23.00676954]), 9: array([23.000506])}
2025-05-12 14:10:25,679 - DEBUG - util_fusion - fusion_dual_defense - client 5 norm scores: {0: array([0.7725226]), 1: array([0.26020324]), 2: array([1.]), 3: array([0.23017358]), 4: array([0.23731678]), 5: array([0.]), 6: array([0.01214504]), 7: array([0.32303328]), 8: array([0.3515564]), 9: array([0.06771991])}
2025-05-12 14:10:25,679 - DEBUG - util_fusion - fusion_dual_defense - client 5 similarity threshold: 0.3254670824604251
2025-05-12 14:10:25,679 - INFO - util_fusion - fusion_dual_defense - client 5 selected fusion benigns: [0, 2, 8]
2025-05-12 14:10:25,687 - DEBUG - util_fusion - fusion_dual_defense - client 6 scores: {0: array([23.01605919]), 1: array([23.00475361]), 2: array([23.02107904]), 3: array([23.00409093]), 4: array([23.00424857]), 5: array([22.99901159]), 6: array([22.9992796]), 7: array([23.00614011]), 8: array([23.00676954]), 9: array([23.000506])}
2025-05-12 14:10:25,688 - DEBUG - util_fusion - fusion_dual_defense - client 6 norm scores: {0: array([0.7725226]), 1: array([0.26020324]), 2: array([1.]), 3: array([0.23017358]), 4: array([0.23731678]), 5: array([0.]), 6: array([0.01214504]), 7: array([0.32303328]), 8: array([0.3515564]), 9: array([0.06771991])}
2025-05-12 14:10:25,688 - DEBUG - util_fusion - fusion_dual_defense - client 6 similarity threshold: 0.3254670824604251
2025-05-12 14:10:25,688 - INFO - util_fusion - fusion_dual_defense - client 6 selected fusion benigns: [0, 2, 8]
2025-05-12 14:10:25,696 - DEBUG - util_fusion - fusion_dual_defense - client 7 scores: {0: array([23.01605919]), 1: array([23.00475361]), 2: array([23.02107904]), 3: array([23.00409093]), 4: array([23.00424857]), 5: array([22.99901159]), 6: array([22.9992796]), 7: array([23.00614011]), 8: array([23.00676954]), 9: array([23.000506])}
2025-05-12 14:10:25,697 - DEBUG - util_fusion - fusion_dual_defense - client 7 norm scores: {0: array([0.7725226]), 1: array([0.26020324]), 2: array([1.]), 3: array([0.23017358]), 4: array([0.23731678]), 5: array([0.]), 6: array([0.01214504]), 7: array([0.32303328]), 8: array([0.3515564]), 9: array([0.06771991])}
2025-05-12 14:10:25,697 - DEBUG - util_fusion - fusion_dual_defense - client 7 similarity threshold: 0.3254670824604251
2025-05-12 14:10:25,697 - INFO - util_fusion - fusion_dual_defense - client 7 selected fusion benigns: [0, 2, 8]
2025-05-12 14:10:25,705 - DEBUG - util_fusion - fusion_dual_defense - client 8 scores: {0: array([23.01605919]), 1: array([23.00475361]), 2: array([23.02107904]), 3: array([23.00409093]), 4: array([23.00424857]), 5: array([22.99901159]), 6: array([22.9992796]), 7: array([23.00614011]), 8: array([23.00676954]), 9: array([23.000506])}
2025-05-12 14:10:25,706 - DEBUG - util_fusion - fusion_dual_defense - client 8 norm scores: {0: array([0.7725226]), 1: array([0.26020324]), 2: array([1.]), 3: array([0.23017358]), 4: array([0.23731678]), 5: array([0.]), 6: array([0.01214504]), 7: array([0.32303328]), 8: array([0.3515564]), 9: array([0.06771991])}
2025-05-12 14:10:25,706 - DEBUG - util_fusion - fusion_dual_defense - client 8 similarity threshold: 0.3254670824604251
2025-05-12 14:10:25,706 - INFO - util_fusion - fusion_dual_defense - client 8 selected fusion benigns: [0, 2, 8]
2025-05-12 14:10:25,714 - DEBUG - util_fusion - fusion_dual_defense - client 9 scores: {0: array([23.01605919]), 1: array([23.00475361]), 2: array([23.02107904]), 3: array([23.00409093]), 4: array([23.00424857]), 5: array([22.99901159]), 6: array([22.9992796]), 7: array([23.00614011]), 8: array([23.00676954]), 9: array([23.000506])}
2025-05-12 14:10:25,715 - DEBUG - util_fusion - fusion_dual_defense - client 9 norm scores: {0: array([0.7725226]), 1: array([0.26020324]), 2: array([1.]), 3: array([0.23017358]), 4: array([0.23731678]), 5: array([0.]), 6: array([0.01214504]), 7: array([0.32303328]), 8: array([0.3515564]), 9: array([0.06771991])}
2025-05-12 14:10:25,715 - DEBUG - util_fusion - fusion_dual_defense - client 9 similarity threshold: 0.3254670824604251
2025-05-12 14:10:25,715 - INFO - util_fusion - fusion_dual_defense - client 9 selected fusion benigns: [0, 2, 8]
2025-05-12 14:10:25,715 - DEBUG - util_fusion - fusion_dual_defense - final fusion benigns: (0, 2, 8)
2025-05-12 14:10:27,283 - INFO - fl - start - global side -  test accuracy: 9.8
2025-05-12 14:10:27,284 - INFO - fl - start - global side iteration 23 -  test accuracy: 9.8
2025-05-12 14:10:27,284 - INFO - fl - start - start training round 24
2025-05-12 14:10:27,286 - INFO - fl - start - round 24 attackers: [1, 3]
2025-05-12 14:10:27,286 - INFO - fl - start - start client 0 training
2025-05-12 14:10:27,286 - INFO - fl - client_local_train - client 0 start local training ...
2025-05-12 14:10:36,809 - INFO - fl - start - end client 0 training
2025-05-12 14:10:36,810 - INFO - fl - start - client 0 evaluation metrics: {'train_loss': 5498.988419556265, 'test_acc': 11.35}
2025-05-12 14:10:36,810 - INFO - fl - start - start client 1 training
2025-05-12 14:10:36,810 - INFO - fl - client_local_train - client 1 start local training ...
2025-05-12 14:10:39,329 - INFO - fl - client_local_train - client 1 is attacker, start poisoning model
2025-05-12 14:10:43,326 - INFO - fl - start - end client 1 training
2025-05-12 14:10:43,326 - INFO - fl - start - client 1 evaluation metrics: {'train_loss': 73743.23699933063, 'test_acc': 9.74}
2025-05-12 14:10:43,326 - INFO - fl - start - start client 2 training
2025-05-12 14:10:43,326 - INFO - fl - client_local_train - client 2 start local training ...
2025-05-12 14:10:55,154 - INFO - fl - start - end client 2 training
2025-05-12 14:10:55,154 - INFO - fl - start - client 2 evaluation metrics: {'train_loss': 26751.676943283674, 'test_acc': 9.58}
2025-05-12 14:10:55,154 - INFO - fl - start - start client 3 training
2025-05-12 14:10:55,154 - INFO - fl - client_local_train - client 3 start local training ...
2025-05-12 14:10:57,445 - INFO - fl - client_local_train - client 3 is attacker, start poisoning model
2025-05-12 14:11:01,298 - INFO - fl - start - end client 3 training
2025-05-12 14:11:01,298 - INFO - fl - start - client 3 evaluation metrics: {'train_loss': 3344.6635228594146, 'test_acc': 9.74}
2025-05-12 14:11:01,298 - INFO - fl - start - start client 4 training
2025-05-12 14:11:01,298 - INFO - fl - client_local_train - client 4 start local training ...
2025-05-12 14:11:05,609 - INFO - fl - start - end client 4 training
2025-05-12 14:11:05,609 - INFO - fl - start - client 4 evaluation metrics: {'train_loss': 25876.561866554053, 'test_acc': 10.32}
2025-05-12 14:11:05,609 - INFO - fl - start - start client 5 training
2025-05-12 14:11:05,609 - INFO - fl - client_local_train - client 5 start local training ...
2025-05-12 14:11:07,227 - INFO - fl - start - end client 5 training
2025-05-12 14:11:07,227 - INFO - fl - start - client 5 evaluation metrics: {'train_loss': 22121.63134765625, 'test_acc': 9.8}
2025-05-12 14:11:07,227 - INFO - fl - start - start client 6 training
2025-05-12 14:11:07,227 - INFO - fl - client_local_train - client 6 start local training ...
2025-05-12 14:11:09,294 - INFO - fl - start - end client 6 training
2025-05-12 14:11:09,294 - INFO - fl - start - client 6 evaluation metrics: {'train_loss': 8345.032555209962, 'test_acc': 10.28}
2025-05-12 14:11:09,294 - INFO - fl - start - start client 7 training
2025-05-12 14:11:09,294 - INFO - fl - client_local_train - client 7 start local training ...
2025-05-12 14:11:14,461 - INFO - fl - start - end client 7 training
2025-05-12 14:11:14,461 - INFO - fl - start - client 7 evaluation metrics: {'train_loss': 7966.1248201069075, 'test_acc': 11.35}
2025-05-12 14:11:14,461 - INFO - fl - start - start client 8 training
2025-05-12 14:11:14,461 - INFO - fl - client_local_train - client 8 start local training ...
2025-05-12 14:11:19,892 - INFO - fl - start - end client 8 training
2025-05-12 14:11:19,893 - INFO - fl - start - client 8 evaluation metrics: {'train_loss': 215.64924169989195, 'test_acc': 10.1}
2025-05-12 14:11:19,893 - INFO - fl - start - start client 9 training
2025-05-12 14:11:19,893 - INFO - fl - client_local_train - client 9 start local training ...
2025-05-12 14:11:22,516 - INFO - fl - start - end client 9 training
2025-05-12 14:11:22,516 - INFO - fl - start - client 9 evaluation metrics: {'train_loss': 513.4488194783529, 'test_acc': 10.28}
2025-05-12 14:11:22,516 - INFO - fl - aggregate_model - start model aggregation...fusion method: dual_defense
2025-05-12 14:11:22,516 - INFO - fl - aggregate_model - start hyper-guard fusion with epsilon 0.01
2025-05-12 14:11:22,516 - INFO - fl - aggregate_model - round 24 attackers: [1, 3]
2025-05-12 14:11:33,187 - DEBUG - util_fusion - fusion_dual_defense - client 0 scores: {0: array([7.08744585]), 1: array([7.08430568]), 2: array([7.0886195]), 3: array([7.08411652]), 4: array([7.08417223]), 5: array([7.08249868]), 6: array([7.08258594]), 7: array([7.08474591]), 8: array([7.08495283]), 9: array([7.08293505])}
2025-05-12 14:11:33,188 - DEBUG - util_fusion - fusion_dual_defense - client 0 norm scores: {0: array([0.8082537]), 1: array([0.29522284]), 2: array([1.]), 3: array([0.26431801]), 4: array([0.2734199]), 5: array([0.]), 6: array([0.01425649]), 7: array([0.36714527]), 8: array([0.40095095]), 9: array([0.07129326])}
2025-05-12 14:11:33,188 - DEBUG - util_fusion - fusion_dual_defense - client 0 similarity threshold: 0.3494860422692083
2025-05-12 14:11:33,188 - INFO - util_fusion - fusion_dual_defense - client 0 selected fusion benigns: [0, 2, 7, 8]
2025-05-12 14:11:33,196 - DEBUG - util_fusion - fusion_dual_defense - client 1 scores: {0: array([7.08744585]), 1: array([7.08430568]), 2: array([7.0886195]), 3: array([7.08411652]), 4: array([7.08417223]), 5: array([7.08249868]), 6: array([7.08258594]), 7: array([7.08474591]), 8: array([7.08495283]), 9: array([7.08293505])}
2025-05-12 14:11:33,197 - DEBUG - util_fusion - fusion_dual_defense - client 1 norm scores: {0: array([0.8082537]), 1: array([0.29522284]), 2: array([1.]), 3: array([0.26431801]), 4: array([0.2734199]), 5: array([0.]), 6: array([0.01425649]), 7: array([0.36714527]), 8: array([0.40095095]), 9: array([0.07129326])}
2025-05-12 14:11:33,197 - DEBUG - util_fusion - fusion_dual_defense - client 1 similarity threshold: 0.3494860422692083
2025-05-12 14:11:33,197 - INFO - util_fusion - fusion_dual_defense - client 1 selected fusion benigns: [0, 2, 7, 8]
2025-05-12 14:11:33,205 - DEBUG - util_fusion - fusion_dual_defense - client 2 scores: {0: array([7.08744585]), 1: array([7.08430568]), 2: array([7.0886195]), 3: array([7.08411652]), 4: array([7.08417223]), 5: array([7.08249868]), 6: array([7.08258594]), 7: array([7.08474591]), 8: array([7.08495283]), 9: array([7.08293505])}
2025-05-12 14:11:33,206 - DEBUG - util_fusion - fusion_dual_defense - client 2 norm scores: {0: array([0.8082537]), 1: array([0.29522284]), 2: array([1.]), 3: array([0.26431801]), 4: array([0.2734199]), 5: array([0.]), 6: array([0.01425649]), 7: array([0.36714527]), 8: array([0.40095095]), 9: array([0.07129326])}
2025-05-12 14:11:33,206 - DEBUG - util_fusion - fusion_dual_defense - client 2 similarity threshold: 0.3494860422692083
2025-05-12 14:11:33,206 - INFO - util_fusion - fusion_dual_defense - client 2 selected fusion benigns: [0, 2, 7, 8]
2025-05-12 14:11:33,214 - DEBUG - util_fusion - fusion_dual_defense - client 3 scores: {0: array([7.08744585]), 1: array([7.08430568]), 2: array([7.0886195]), 3: array([7.08411652]), 4: array([7.08417223]), 5: array([7.08249868]), 6: array([7.08258594]), 7: array([7.08474591]), 8: array([7.08495283]), 9: array([7.08293505])}
2025-05-12 14:11:33,215 - DEBUG - util_fusion - fusion_dual_defense - client 3 norm scores: {0: array([0.8082537]), 1: array([0.29522284]), 2: array([1.]), 3: array([0.26431801]), 4: array([0.2734199]), 5: array([0.]), 6: array([0.01425649]), 7: array([0.36714527]), 8: array([0.40095095]), 9: array([0.07129326])}
2025-05-12 14:11:33,215 - DEBUG - util_fusion - fusion_dual_defense - client 3 similarity threshold: 0.3494860422692083
2025-05-12 14:11:33,215 - INFO - util_fusion - fusion_dual_defense - client 3 selected fusion benigns: [0, 2, 7, 8]
2025-05-12 14:11:33,223 - DEBUG - util_fusion - fusion_dual_defense - client 4 scores: {0: array([7.08744585]), 1: array([7.08430568]), 2: array([7.0886195]), 3: array([7.08411652]), 4: array([7.08417223]), 5: array([7.08249868]), 6: array([7.08258594]), 7: array([7.08474591]), 8: array([7.08495283]), 9: array([7.08293505])}
2025-05-12 14:11:33,224 - DEBUG - util_fusion - fusion_dual_defense - client 4 norm scores: {0: array([0.8082537]), 1: array([0.29522284]), 2: array([1.]), 3: array([0.26431801]), 4: array([0.2734199]), 5: array([0.]), 6: array([0.01425649]), 7: array([0.36714527]), 8: array([0.40095095]), 9: array([0.07129326])}
2025-05-12 14:11:33,224 - DEBUG - util_fusion - fusion_dual_defense - client 4 similarity threshold: 0.3494860422692083
2025-05-12 14:11:33,224 - INFO - util_fusion - fusion_dual_defense - client 4 selected fusion benigns: [0, 2, 7, 8]
2025-05-12 14:11:33,232 - DEBUG - util_fusion - fusion_dual_defense - client 5 scores: {0: array([7.08744585]), 1: array([7.08430568]), 2: array([7.0886195]), 3: array([7.08411652]), 4: array([7.08417223]), 5: array([7.08249868]), 6: array([7.08258594]), 7: array([7.08474591]), 8: array([7.08495283]), 9: array([7.08293505])}
2025-05-12 14:11:33,233 - DEBUG - util_fusion - fusion_dual_defense - client 5 norm scores: {0: array([0.8082537]), 1: array([0.29522284]), 2: array([1.]), 3: array([0.26431801]), 4: array([0.2734199]), 5: array([0.]), 6: array([0.01425649]), 7: array([0.36714527]), 8: array([0.40095095]), 9: array([0.07129326])}
2025-05-12 14:11:33,233 - DEBUG - util_fusion - fusion_dual_defense - client 5 similarity threshold: 0.3494860422692083
2025-05-12 14:11:33,233 - INFO - util_fusion - fusion_dual_defense - client 5 selected fusion benigns: [0, 2, 7, 8]
2025-05-12 14:11:33,241 - DEBUG - util_fusion - fusion_dual_defense - client 6 scores: {0: array([7.08744585]), 1: array([7.08430568]), 2: array([7.0886195]), 3: array([7.08411652]), 4: array([7.08417223]), 5: array([7.08249868]), 6: array([7.08258594]), 7: array([7.08474591]), 8: array([7.08495283]), 9: array([7.08293505])}
2025-05-12 14:11:33,242 - DEBUG - util_fusion - fusion_dual_defense - client 6 norm scores: {0: array([0.8082537]), 1: array([0.29522284]), 2: array([1.]), 3: array([0.26431801]), 4: array([0.2734199]), 5: array([0.]), 6: array([0.01425649]), 7: array([0.36714527]), 8: array([0.40095095]), 9: array([0.07129326])}
2025-05-12 14:11:33,242 - DEBUG - util_fusion - fusion_dual_defense - client 6 similarity threshold: 0.3494860422692083
2025-05-12 14:11:33,242 - INFO - util_fusion - fusion_dual_defense - client 6 selected fusion benigns: [0, 2, 7, 8]
2025-05-12 14:11:33,250 - DEBUG - util_fusion - fusion_dual_defense - client 7 scores: {0: array([7.08744585]), 1: array([7.08430568]), 2: array([7.0886195]), 3: array([7.08411652]), 4: array([7.08417223]), 5: array([7.08249868]), 6: array([7.08258594]), 7: array([7.08474591]), 8: array([7.08495283]), 9: array([7.08293505])}
2025-05-12 14:11:33,251 - DEBUG - util_fusion - fusion_dual_defense - client 7 norm scores: {0: array([0.8082537]), 1: array([0.29522284]), 2: array([1.]), 3: array([0.26431801]), 4: array([0.2734199]), 5: array([0.]), 6: array([0.01425649]), 7: array([0.36714527]), 8: array([0.40095095]), 9: array([0.07129326])}
2025-05-12 14:11:33,251 - DEBUG - util_fusion - fusion_dual_defense - client 7 similarity threshold: 0.3494860422692083
2025-05-12 14:11:33,251 - INFO - util_fusion - fusion_dual_defense - client 7 selected fusion benigns: [0, 2, 7, 8]
2025-05-12 14:11:33,259 - DEBUG - util_fusion - fusion_dual_defense - client 8 scores: {0: array([7.08744585]), 1: array([7.08430568]), 2: array([7.0886195]), 3: array([7.08411652]), 4: array([7.08417223]), 5: array([7.08249868]), 6: array([7.08258594]), 7: array([7.08474591]), 8: array([7.08495283]), 9: array([7.08293505])}
2025-05-12 14:11:33,260 - DEBUG - util_fusion - fusion_dual_defense - client 8 norm scores: {0: array([0.8082537]), 1: array([0.29522284]), 2: array([1.]), 3: array([0.26431801]), 4: array([0.2734199]), 5: array([0.]), 6: array([0.01425649]), 7: array([0.36714527]), 8: array([0.40095095]), 9: array([0.07129326])}
2025-05-12 14:11:33,260 - DEBUG - util_fusion - fusion_dual_defense - client 8 similarity threshold: 0.3494860422692083
2025-05-12 14:11:33,260 - INFO - util_fusion - fusion_dual_defense - client 8 selected fusion benigns: [0, 2, 7, 8]
2025-05-12 14:11:33,268 - DEBUG - util_fusion - fusion_dual_defense - client 9 scores: {0: array([7.08744585]), 1: array([7.08430568]), 2: array([7.0886195]), 3: array([7.08411652]), 4: array([7.08417223]), 5: array([7.08249868]), 6: array([7.08258594]), 7: array([7.08474591]), 8: array([7.08495283]), 9: array([7.08293505])}
2025-05-12 14:11:33,269 - DEBUG - util_fusion - fusion_dual_defense - client 9 norm scores: {0: array([0.8082537]), 1: array([0.29522284]), 2: array([1.]), 3: array([0.26431801]), 4: array([0.2734199]), 5: array([0.]), 6: array([0.01425649]), 7: array([0.36714527]), 8: array([0.40095095]), 9: array([0.07129326])}
2025-05-12 14:11:33,269 - DEBUG - util_fusion - fusion_dual_defense - client 9 similarity threshold: 0.3494860422692083
2025-05-12 14:11:33,269 - INFO - util_fusion - fusion_dual_defense - client 9 selected fusion benigns: [0, 2, 7, 8]
2025-05-12 14:11:33,269 - DEBUG - util_fusion - fusion_dual_defense - final fusion benigns: (0, 2, 7, 8)
2025-05-12 14:11:34,891 - INFO - fl - start - global side -  test accuracy: 9.8
2025-05-12 14:11:34,891 - INFO - fl - start - global side iteration 24 -  test accuracy: 9.8
2025-05-12 14:11:34,892 - INFO - fl - start - start training round 25
2025-05-12 14:11:34,893 - INFO - fl - start - round 25 attackers: [6, 2]
2025-05-12 14:11:34,893 - INFO - fl - start - start client 0 training
2025-05-12 14:11:34,893 - INFO - fl - client_local_train - client 0 start local training ...
2025-05-12 14:11:44,437 - INFO - fl - start - end client 0 training
2025-05-12 14:11:44,437 - INFO - fl - start - client 0 evaluation metrics: {'train_loss': 5474.253290538717, 'test_acc': 11.35}
2025-05-12 14:11:44,437 - INFO - fl - start - start client 1 training
2025-05-12 14:11:44,437 - INFO - fl - client_local_train - client 1 start local training ...
2025-05-12 14:11:48,932 - INFO - fl - start - end client 1 training
2025-05-12 14:11:48,932 - INFO - fl - start - client 1 evaluation metrics: {'train_loss': 9192.259113553204, 'test_acc': 9.74}
2025-05-12 14:11:48,932 - INFO - fl - start - start client 2 training
2025-05-12 14:11:48,932 - INFO - fl - client_local_train - client 2 start local training ...
2025-05-12 14:11:57,213 - INFO - fl - client_local_train - client 2 is attacker, start poisoning model
2025-05-12 14:12:04,259 - INFO - fl - start - end client 2 training
2025-05-12 14:12:04,259 - INFO - fl - start - client 2 evaluation metrics: {'train_loss': 213828.34738372092, 'test_acc': 9.58}
2025-05-12 14:12:04,259 - INFO - fl - start - start client 3 training
2025-05-12 14:12:04,259 - INFO - fl - client_local_train - client 3 start local training ...
2025-05-12 14:12:08,509 - INFO - fl - start - end client 3 training
2025-05-12 14:12:08,509 - INFO - fl - start - client 3 evaluation metrics: {'train_loss': 411.1657926771376, 'test_acc': 9.74}
2025-05-12 14:12:08,509 - INFO - fl - start - start client 4 training
2025-05-12 14:12:08,509 - INFO - fl - client_local_train - client 4 start local training ...
2025-05-12 14:12:12,832 - INFO - fl - start - end client 4 training
2025-05-12 14:12:12,832 - INFO - fl - start - client 4 evaluation metrics: {'train_loss': 25853.982712204393, 'test_acc': 10.32}
2025-05-12 14:12:12,832 - INFO - fl - start - start client 5 training
2025-05-12 14:12:12,832 - INFO - fl - client_local_train - client 5 start local training ...
2025-05-12 14:12:14,460 - INFO - fl - start - end client 5 training
2025-05-12 14:12:14,460 - INFO - fl - start - client 5 evaluation metrics: {'train_loss': 20403.19775390625, 'test_acc': 11.35}
2025-05-12 14:12:14,460 - INFO - fl - start - start client 6 training
2025-05-12 14:12:14,460 - INFO - fl - client_local_train - client 6 start local training ...
2025-05-12 14:12:15,049 - INFO - fl - client_local_train - client 6 is attacker, start poisoning model
2025-05-12 14:12:18,005 - INFO - fl - start - end client 6 training
2025-05-12 14:12:18,005 - INFO - fl - start - client 6 evaluation metrics: {'train_loss': 65602.87052837171, 'test_acc': 10.28}
2025-05-12 14:12:18,005 - INFO - fl - start - start client 7 training
2025-05-12 14:12:18,005 - INFO - fl - client_local_train - client 7 start local training ...
2025-05-12 14:12:23,133 - INFO - fl - start - end client 7 training
2025-05-12 14:12:23,133 - INFO - fl - start - client 7 evaluation metrics: {'train_loss': 7926.762571957237, 'test_acc': 11.35}
2025-05-12 14:12:23,133 - INFO - fl - start - start client 8 training
2025-05-12 14:12:23,133 - INFO - fl - client_local_train - client 8 start local training ...
2025-05-12 14:12:28,556 - INFO - fl - start - end client 8 training
2025-05-12 14:12:28,556 - INFO - fl - start - client 8 evaluation metrics: {'train_loss': 215.48871879016653, 'test_acc': 9.58}
2025-05-12 14:12:28,556 - INFO - fl - start - start client 9 training
2025-05-12 14:12:28,556 - INFO - fl - client_local_train - client 9 start local training ...
2025-05-12 14:12:31,189 - INFO - fl - start - end client 9 training
2025-05-12 14:12:31,189 - INFO - fl - start - client 9 evaluation metrics: {'train_loss': 503.82094180945194, 'test_acc': 10.28}
2025-05-12 14:12:31,189 - INFO - fl - aggregate_model - start model aggregation...fusion method: dual_defense
2025-05-12 14:12:31,189 - INFO - fl - aggregate_model - start hyper-guard fusion with epsilon 0.01
2025-05-12 14:12:31,190 - INFO - fl - aggregate_model - round 25 attackers: [2, 6]
2025-05-12 14:12:41,854 - DEBUG - util_fusion - fusion_dual_defense - client 0 scores: {0: array([9.72791605]), 1: array([9.7252694]), 2: array([9.72921481]), 3: array([9.72512852]), 4: array([9.72515714]), 5: array([9.72389145]), 6: array([9.72396265]), 7: array([9.72559539]), 8: array([9.72574693]), 9: array([9.72428203])}
2025-05-12 14:12:41,855 - DEBUG - util_fusion - fusion_dual_defense - client 0 norm scores: {0: array([0.75602574]), 1: array([0.25884984]), 2: array([1.]), 3: array([0.23238455]), 4: array([0.23776199]), 5: array([0.]), 6: array([0.01337547]), 7: array([0.32008746]), 8: array([0.34855377]), 9: array([0.07337095])}
2025-05-12 14:12:41,855 - DEBUG - util_fusion - fusion_dual_defense - client 0 similarity threshold: 0.3240409758116468
2025-05-12 14:12:41,855 - INFO - util_fusion - fusion_dual_defense - client 0 selected fusion benigns: [0, 2, 8]
2025-05-12 14:12:41,864 - DEBUG - util_fusion - fusion_dual_defense - client 1 scores: {0: array([9.72791605]), 1: array([9.7252694]), 2: array([9.72921481]), 3: array([9.72512852]), 4: array([9.72515714]), 5: array([9.72389145]), 6: array([9.72396265]), 7: array([9.72559539]), 8: array([9.72574693]), 9: array([9.72428203])}
2025-05-12 14:12:41,864 - DEBUG - util_fusion - fusion_dual_defense - client 1 norm scores: {0: array([0.75602574]), 1: array([0.25884984]), 2: array([1.]), 3: array([0.23238455]), 4: array([0.23776199]), 5: array([0.]), 6: array([0.01337547]), 7: array([0.32008746]), 8: array([0.34855377]), 9: array([0.07337095])}
2025-05-12 14:12:41,864 - DEBUG - util_fusion - fusion_dual_defense - client 1 similarity threshold: 0.3240409758116468
2025-05-12 14:12:41,865 - INFO - util_fusion - fusion_dual_defense - client 1 selected fusion benigns: [0, 2, 8]
2025-05-12 14:12:41,873 - DEBUG - util_fusion - fusion_dual_defense - client 2 scores: {0: array([9.72791605]), 1: array([9.7252694]), 2: array([9.72921481]), 3: array([9.72512852]), 4: array([9.72515714]), 5: array([9.72389145]), 6: array([9.72396265]), 7: array([9.72559539]), 8: array([9.72574693]), 9: array([9.72428203])}
2025-05-12 14:12:41,874 - DEBUG - util_fusion - fusion_dual_defense - client 2 norm scores: {0: array([0.75602574]), 1: array([0.25884984]), 2: array([1.]), 3: array([0.23238455]), 4: array([0.23776199]), 5: array([0.]), 6: array([0.01337547]), 7: array([0.32008746]), 8: array([0.34855377]), 9: array([0.07337095])}
2025-05-12 14:12:41,874 - DEBUG - util_fusion - fusion_dual_defense - client 2 similarity threshold: 0.3240409758116468
2025-05-12 14:12:41,874 - INFO - util_fusion - fusion_dual_defense - client 2 selected fusion benigns: [0, 2, 8]
2025-05-12 14:12:41,882 - DEBUG - util_fusion - fusion_dual_defense - client 3 scores: {0: array([9.72791605]), 1: array([9.7252694]), 2: array([9.72921481]), 3: array([9.72512852]), 4: array([9.72515714]), 5: array([9.72389145]), 6: array([9.72396265]), 7: array([9.72559539]), 8: array([9.72574693]), 9: array([9.72428203])}
2025-05-12 14:12:41,883 - DEBUG - util_fusion - fusion_dual_defense - client 3 norm scores: {0: array([0.75602574]), 1: array([0.25884984]), 2: array([1.]), 3: array([0.23238455]), 4: array([0.23776199]), 5: array([0.]), 6: array([0.01337547]), 7: array([0.32008746]), 8: array([0.34855377]), 9: array([0.07337095])}
2025-05-12 14:12:41,883 - DEBUG - util_fusion - fusion_dual_defense - client 3 similarity threshold: 0.3240409758116468
2025-05-12 14:12:41,883 - INFO - util_fusion - fusion_dual_defense - client 3 selected fusion benigns: [0, 2, 8]
2025-05-12 14:12:41,891 - DEBUG - util_fusion - fusion_dual_defense - client 4 scores: {0: array([9.72791605]), 1: array([9.7252694]), 2: array([9.72921481]), 3: array([9.72512852]), 4: array([9.72515714]), 5: array([9.72389145]), 6: array([9.72396265]), 7: array([9.72559539]), 8: array([9.72574693]), 9: array([9.72428203])}
2025-05-12 14:12:41,892 - DEBUG - util_fusion - fusion_dual_defense - client 4 norm scores: {0: array([0.75602574]), 1: array([0.25884984]), 2: array([1.]), 3: array([0.23238455]), 4: array([0.23776199]), 5: array([0.]), 6: array([0.01337547]), 7: array([0.32008746]), 8: array([0.34855377]), 9: array([0.07337095])}
2025-05-12 14:12:41,892 - DEBUG - util_fusion - fusion_dual_defense - client 4 similarity threshold: 0.3240409758116468
2025-05-12 14:12:41,892 - INFO - util_fusion - fusion_dual_defense - client 4 selected fusion benigns: [0, 2, 8]
2025-05-12 14:12:41,900 - DEBUG - util_fusion - fusion_dual_defense - client 5 scores: {0: array([9.72791605]), 1: array([9.7252694]), 2: array([9.72921481]), 3: array([9.72512852]), 4: array([9.72515714]), 5: array([9.72389145]), 6: array([9.72396265]), 7: array([9.72559539]), 8: array([9.72574693]), 9: array([9.72428203])}
2025-05-12 14:12:41,901 - DEBUG - util_fusion - fusion_dual_defense - client 5 norm scores: {0: array([0.75602574]), 1: array([0.25884984]), 2: array([1.]), 3: array([0.23238455]), 4: array([0.23776199]), 5: array([0.]), 6: array([0.01337547]), 7: array([0.32008746]), 8: array([0.34855377]), 9: array([0.07337095])}
2025-05-12 14:12:41,901 - DEBUG - util_fusion - fusion_dual_defense - client 5 similarity threshold: 0.3240409758116468
2025-05-12 14:12:41,901 - INFO - util_fusion - fusion_dual_defense - client 5 selected fusion benigns: [0, 2, 8]
2025-05-12 14:12:41,909 - DEBUG - util_fusion - fusion_dual_defense - client 6 scores: {0: array([9.72791605]), 1: array([9.7252694]), 2: array([9.72921481]), 3: array([9.72512852]), 4: array([9.72515714]), 5: array([9.72389145]), 6: array([9.72396265]), 7: array([9.72559539]), 8: array([9.72574693]), 9: array([9.72428203])}
2025-05-12 14:12:41,910 - DEBUG - util_fusion - fusion_dual_defense - client 6 norm scores: {0: array([0.75602574]), 1: array([0.25884984]), 2: array([1.]), 3: array([0.23238455]), 4: array([0.23776199]), 5: array([0.]), 6: array([0.01337547]), 7: array([0.32008746]), 8: array([0.34855377]), 9: array([0.07337095])}
2025-05-12 14:12:41,910 - DEBUG - util_fusion - fusion_dual_defense - client 6 similarity threshold: 0.3240409758116468
2025-05-12 14:12:41,910 - INFO - util_fusion - fusion_dual_defense - client 6 selected fusion benigns: [0, 2, 8]
2025-05-12 14:12:41,918 - DEBUG - util_fusion - fusion_dual_defense - client 7 scores: {0: array([9.72791605]), 1: array([9.7252694]), 2: array([9.72921481]), 3: array([9.72512852]), 4: array([9.72515714]), 5: array([9.72389145]), 6: array([9.72396265]), 7: array([9.72559539]), 8: array([9.72574693]), 9: array([9.72428203])}
2025-05-12 14:12:41,919 - DEBUG - util_fusion - fusion_dual_defense - client 7 norm scores: {0: array([0.75602574]), 1: array([0.25884984]), 2: array([1.]), 3: array([0.23238455]), 4: array([0.23776199]), 5: array([0.]), 6: array([0.01337547]), 7: array([0.32008746]), 8: array([0.34855377]), 9: array([0.07337095])}
2025-05-12 14:12:41,919 - DEBUG - util_fusion - fusion_dual_defense - client 7 similarity threshold: 0.3240409758116468
2025-05-12 14:12:41,919 - INFO - util_fusion - fusion_dual_defense - client 7 selected fusion benigns: [0, 2, 8]
2025-05-12 14:12:41,927 - DEBUG - util_fusion - fusion_dual_defense - client 8 scores: {0: array([9.72791605]), 1: array([9.7252694]), 2: array([9.72921481]), 3: array([9.72512852]), 4: array([9.72515714]), 5: array([9.72389145]), 6: array([9.72396265]), 7: array([9.72559539]), 8: array([9.72574693]), 9: array([9.72428203])}
2025-05-12 14:12:41,928 - DEBUG - util_fusion - fusion_dual_defense - client 8 norm scores: {0: array([0.75602574]), 1: array([0.25884984]), 2: array([1.]), 3: array([0.23238455]), 4: array([0.23776199]), 5: array([0.]), 6: array([0.01337547]), 7: array([0.32008746]), 8: array([0.34855377]), 9: array([0.07337095])}
2025-05-12 14:12:41,928 - DEBUG - util_fusion - fusion_dual_defense - client 8 similarity threshold: 0.3240409758116468
2025-05-12 14:12:41,928 - INFO - util_fusion - fusion_dual_defense - client 8 selected fusion benigns: [0, 2, 8]
2025-05-12 14:12:41,936 - DEBUG - util_fusion - fusion_dual_defense - client 9 scores: {0: array([9.72791605]), 1: array([9.7252694]), 2: array([9.72921481]), 3: array([9.72512852]), 4: array([9.72515714]), 5: array([9.72389145]), 6: array([9.72396265]), 7: array([9.72559539]), 8: array([9.72574693]), 9: array([9.72428203])}
2025-05-12 14:12:41,937 - DEBUG - util_fusion - fusion_dual_defense - client 9 norm scores: {0: array([0.75602574]), 1: array([0.25884984]), 2: array([1.]), 3: array([0.23238455]), 4: array([0.23776199]), 5: array([0.]), 6: array([0.01337547]), 7: array([0.32008746]), 8: array([0.34855377]), 9: array([0.07337095])}
2025-05-12 14:12:41,937 - DEBUG - util_fusion - fusion_dual_defense - client 9 similarity threshold: 0.3240409758116468
2025-05-12 14:12:41,937 - INFO - util_fusion - fusion_dual_defense - client 9 selected fusion benigns: [0, 2, 8]
2025-05-12 14:12:41,937 - DEBUG - util_fusion - fusion_dual_defense - final fusion benigns: (0, 2, 8)
2025-05-12 14:12:43,501 - INFO - fl - start - global side -  test accuracy: 9.58
2025-05-12 14:12:43,501 - INFO - fl - start - global side iteration 25 -  test accuracy: 9.58
2025-05-12 14:12:43,501 - INFO - fl - start - start training round 26
2025-05-12 14:12:43,503 - INFO - fl - start - round 26 attackers: [4, 1]
2025-05-12 14:12:43,503 - INFO - fl - start - start client 0 training
2025-05-12 14:12:43,503 - INFO - fl - client_local_train - client 0 start local training ...
2025-05-12 14:12:53,017 - INFO - fl - start - end client 0 training
2025-05-12 14:12:53,017 - INFO - fl - start - client 0 evaluation metrics: {'train_loss': 23053.360440268305, 'test_acc': 11.35}
2025-05-12 14:12:53,017 - INFO - fl - start - start client 1 training
2025-05-12 14:12:53,017 - INFO - fl - client_local_train - client 1 start local training ...
2025-05-12 14:12:55,546 - INFO - fl - client_local_train - client 1 is attacker, start poisoning model
2025-05-12 14:12:59,525 - INFO - fl - start - end client 1 training
2025-05-12 14:12:59,525 - INFO - fl - start - client 1 evaluation metrics: {'train_loss': 308498.66248022154, 'test_acc': 9.74}
2025-05-12 14:12:59,525 - INFO - fl - start - start client 2 training
2025-05-12 14:12:59,525 - INFO - fl - client_local_train - client 2 start local training ...
2025-05-12 14:13:11,299 - INFO - fl - start - end client 2 training
2025-05-12 14:13:11,299 - INFO - fl - start - client 2 evaluation metrics: {'train_loss': 112578.34567284399, 'test_acc': 9.58}
2025-05-12 14:13:11,299 - INFO - fl - start - start client 3 training
2025-05-12 14:13:11,299 - INFO - fl - client_local_train - client 3 start local training ...
2025-05-12 14:13:15,531 - INFO - fl - start - end client 3 training
2025-05-12 14:13:15,531 - INFO - fl - start - client 3 evaluation metrics: {'train_loss': 1718.6777025858562, 'test_acc': 9.74}
2025-05-12 14:13:15,531 - INFO - fl - start - start client 4 training
2025-05-12 14:13:15,531 - INFO - fl - client_local_train - client 4 start local training ...
2025-05-12 14:13:17,924 - INFO - fl - client_local_train - client 4 is attacker, start poisoning model
2025-05-12 14:13:21,855 - INFO - fl - start - end client 4 training
2025-05-12 14:13:21,855 - INFO - fl - start - client 4 evaluation metrics: {'train_loss': 871187.8243243244, 'test_acc': 10.32}
2025-05-12 14:13:21,855 - INFO - fl - start - start client 5 training
2025-05-12 14:13:21,855 - INFO - fl - client_local_train - client 5 start local training ...
2025-05-12 14:13:23,484 - INFO - fl - start - end client 5 training
2025-05-12 14:13:23,484 - INFO - fl - start - client 5 evaluation metrics: {'train_loss': 91286.4619140625, 'test_acc': 10.32}
2025-05-12 14:13:23,484 - INFO - fl - start - start client 6 training
2025-05-12 14:13:23,484 - INFO - fl - client_local_train - client 6 start local training ...
2025-05-12 14:13:25,574 - INFO - fl - start - end client 6 training
2025-05-12 14:13:25,574 - INFO - fl - start - client 6 evaluation metrics: {'train_loss': 33950.07615699893, 'test_acc': 9.8}
2025-05-12 14:13:25,574 - INFO - fl - start - start client 7 training
2025-05-12 14:13:25,574 - INFO - fl - client_local_train - client 7 start local training ...
2025-05-12 14:13:30,738 - INFO - fl - start - end client 7 training
2025-05-12 14:13:30,738 - INFO - fl - start - client 7 evaluation metrics: {'train_loss': 33181.19391447368, 'test_acc': 10.1}
2025-05-12 14:13:30,738 - INFO - fl - start - start client 8 training
2025-05-12 14:13:30,738 - INFO - fl - client_local_train - client 8 start local training ...
2025-05-12 14:13:36,159 - INFO - fl - start - end client 8 training
2025-05-12 14:13:36,159 - INFO - fl - start - client 8 evaluation metrics: {'train_loss': 902.4838334380412, 'test_acc': 10.1}
2025-05-12 14:13:36,159 - INFO - fl - start - start client 9 training
2025-05-12 14:13:36,159 - INFO - fl - client_local_train - client 9 start local training ...
2025-05-12 14:13:38,785 - INFO - fl - start - end client 9 training
2025-05-12 14:13:38,785 - INFO - fl - start - client 9 evaluation metrics: {'train_loss': 2176.0768950491242, 'test_acc': 10.28}
2025-05-12 14:13:38,785 - INFO - fl - aggregate_model - start model aggregation...fusion method: dual_defense
2025-05-12 14:13:38,785 - INFO - fl - aggregate_model - start hyper-guard fusion with epsilon 0.01
2025-05-12 14:13:38,785 - INFO - fl - aggregate_model - round 26 attackers: [1, 4]
2025-05-12 14:13:49,438 - DEBUG - util_fusion - fusion_dual_defense - client 0 scores: {0: array([26.52894802]), 1: array([26.53000203]), 2: array([26.5293144]), 3: array([26.53008663]), 4: array([26.53009795]), 5: array([26.53081193]), 6: array([26.53077825]), 7: array([26.5297955]), 8: array([26.52969776]), 9: array([26.53066406])}
2025-05-12 14:13:49,439 - DEBUG - util_fusion - fusion_dual_defense - client 0 norm scores: {0: array([0.]), 1: array([0.5654814]), 2: array([0.19656169]), 3: array([0.61087036]), 4: array([0.61694249]), 5: array([1.]), 6: array([0.98192892]), 7: array([0.45467887]), 8: array([0.40224092]), 9: array([0.92066495])}
2025-05-12 14:13:49,439 - DEBUG - util_fusion - fusion_dual_defense - client 0 similarity threshold: 0.5749369590271509
2025-05-12 14:13:49,439 - INFO - util_fusion - fusion_dual_defense - client 0 selected fusion benigns: [3, 4, 5, 6, 9]
2025-05-12 14:13:49,447 - DEBUG - util_fusion - fusion_dual_defense - client 1 scores: {0: array([26.52894802]), 1: array([26.53000203]), 2: array([26.5293144]), 3: array([26.53008663]), 4: array([26.53009795]), 5: array([26.53081193]), 6: array([26.53077825]), 7: array([26.5297955]), 8: array([26.52969776]), 9: array([26.53066406])}
2025-05-12 14:13:49,448 - DEBUG - util_fusion - fusion_dual_defense - client 1 norm scores: {0: array([0.]), 1: array([0.5654814]), 2: array([0.19656169]), 3: array([0.61087036]), 4: array([0.61694249]), 5: array([1.]), 6: array([0.98192892]), 7: array([0.45467887]), 8: array([0.40224092]), 9: array([0.92066495])}
2025-05-12 14:13:49,448 - DEBUG - util_fusion - fusion_dual_defense - client 1 similarity threshold: 0.5749369590271509
2025-05-12 14:13:49,448 - INFO - util_fusion - fusion_dual_defense - client 1 selected fusion benigns: [3, 4, 5, 6, 9]
2025-05-12 14:13:49,456 - DEBUG - util_fusion - fusion_dual_defense - client 2 scores: {0: array([26.52894802]), 1: array([26.53000203]), 2: array([26.5293144]), 3: array([26.53008663]), 4: array([26.53009795]), 5: array([26.53081193]), 6: array([26.53077825]), 7: array([26.5297955]), 8: array([26.52969776]), 9: array([26.53066406])}
2025-05-12 14:13:49,457 - DEBUG - util_fusion - fusion_dual_defense - client 2 norm scores: {0: array([0.]), 1: array([0.5654814]), 2: array([0.19656169]), 3: array([0.61087036]), 4: array([0.61694249]), 5: array([1.]), 6: array([0.98192892]), 7: array([0.45467887]), 8: array([0.40224092]), 9: array([0.92066495])}
2025-05-12 14:13:49,457 - DEBUG - util_fusion - fusion_dual_defense - client 2 similarity threshold: 0.5749369590271509
2025-05-12 14:13:49,457 - INFO - util_fusion - fusion_dual_defense - client 2 selected fusion benigns: [3, 4, 5, 6, 9]
2025-05-12 14:13:49,465 - DEBUG - util_fusion - fusion_dual_defense - client 3 scores: {0: array([26.52894802]), 1: array([26.53000203]), 2: array([26.5293144]), 3: array([26.53008663]), 4: array([26.53009795]), 5: array([26.53081193]), 6: array([26.53077825]), 7: array([26.5297955]), 8: array([26.52969776]), 9: array([26.53066406])}
2025-05-12 14:13:49,466 - DEBUG - util_fusion - fusion_dual_defense - client 3 norm scores: {0: array([0.]), 1: array([0.5654814]), 2: array([0.19656169]), 3: array([0.61087036]), 4: array([0.61694249]), 5: array([1.]), 6: array([0.98192892]), 7: array([0.45467887]), 8: array([0.40224092]), 9: array([0.92066495])}
2025-05-12 14:13:49,466 - DEBUG - util_fusion - fusion_dual_defense - client 3 similarity threshold: 0.5749369590271509
2025-05-12 14:13:49,466 - INFO - util_fusion - fusion_dual_defense - client 3 selected fusion benigns: [3, 4, 5, 6, 9]
2025-05-12 14:13:49,474 - DEBUG - util_fusion - fusion_dual_defense - client 4 scores: {0: array([26.52894802]), 1: array([26.53000203]), 2: array([26.5293144]), 3: array([26.53008663]), 4: array([26.53009795]), 5: array([26.53081193]), 6: array([26.53077825]), 7: array([26.5297955]), 8: array([26.52969776]), 9: array([26.53066406])}
2025-05-12 14:13:49,475 - DEBUG - util_fusion - fusion_dual_defense - client 4 norm scores: {0: array([0.]), 1: array([0.5654814]), 2: array([0.19656169]), 3: array([0.61087036]), 4: array([0.61694249]), 5: array([1.]), 6: array([0.98192892]), 7: array([0.45467887]), 8: array([0.40224092]), 9: array([0.92066495])}
2025-05-12 14:13:49,475 - DEBUG - util_fusion - fusion_dual_defense - client 4 similarity threshold: 0.5749369590271509
2025-05-12 14:13:49,475 - INFO - util_fusion - fusion_dual_defense - client 4 selected fusion benigns: [3, 4, 5, 6, 9]
2025-05-12 14:13:49,483 - DEBUG - util_fusion - fusion_dual_defense - client 5 scores: {0: array([26.52894802]), 1: array([26.53000203]), 2: array([26.5293144]), 3: array([26.53008663]), 4: array([26.53009795]), 5: array([26.53081193]), 6: array([26.53077825]), 7: array([26.5297955]), 8: array([26.52969776]), 9: array([26.53066406])}
2025-05-12 14:13:49,484 - DEBUG - util_fusion - fusion_dual_defense - client 5 norm scores: {0: array([0.]), 1: array([0.5654814]), 2: array([0.19656169]), 3: array([0.61087036]), 4: array([0.61694249]), 5: array([1.]), 6: array([0.98192892]), 7: array([0.45467887]), 8: array([0.40224092]), 9: array([0.92066495])}
2025-05-12 14:13:49,484 - DEBUG - util_fusion - fusion_dual_defense - client 5 similarity threshold: 0.5749369590271509
2025-05-12 14:13:49,484 - INFO - util_fusion - fusion_dual_defense - client 5 selected fusion benigns: [3, 4, 5, 6, 9]
2025-05-12 14:13:49,493 - DEBUG - util_fusion - fusion_dual_defense - client 6 scores: {0: array([26.52894802]), 1: array([26.53000203]), 2: array([26.5293144]), 3: array([26.53008663]), 4: array([26.53009795]), 5: array([26.53081193]), 6: array([26.53077825]), 7: array([26.5297955]), 8: array([26.52969776]), 9: array([26.53066406])}
2025-05-12 14:13:49,493 - DEBUG - util_fusion - fusion_dual_defense - client 6 norm scores: {0: array([0.]), 1: array([0.5654814]), 2: array([0.19656169]), 3: array([0.61087036]), 4: array([0.61694249]), 5: array([1.]), 6: array([0.98192892]), 7: array([0.45467887]), 8: array([0.40224092]), 9: array([0.92066495])}
2025-05-12 14:13:49,493 - DEBUG - util_fusion - fusion_dual_defense - client 6 similarity threshold: 0.5749369590271509
2025-05-12 14:13:49,493 - INFO - util_fusion - fusion_dual_defense - client 6 selected fusion benigns: [3, 4, 5, 6, 9]
2025-05-12 14:13:49,502 - DEBUG - util_fusion - fusion_dual_defense - client 7 scores: {0: array([26.52894802]), 1: array([26.53000203]), 2: array([26.5293144]), 3: array([26.53008663]), 4: array([26.53009795]), 5: array([26.53081193]), 6: array([26.53077825]), 7: array([26.5297955]), 8: array([26.52969776]), 9: array([26.53066406])}
2025-05-12 14:13:49,502 - DEBUG - util_fusion - fusion_dual_defense - client 7 norm scores: {0: array([0.]), 1: array([0.5654814]), 2: array([0.19656169]), 3: array([0.61087036]), 4: array([0.61694249]), 5: array([1.]), 6: array([0.98192892]), 7: array([0.45467887]), 8: array([0.40224092]), 9: array([0.92066495])}
2025-05-12 14:13:49,502 - DEBUG - util_fusion - fusion_dual_defense - client 7 similarity threshold: 0.5749369590271509
2025-05-12 14:13:49,502 - INFO - util_fusion - fusion_dual_defense - client 7 selected fusion benigns: [3, 4, 5, 6, 9]
2025-05-12 14:13:49,511 - DEBUG - util_fusion - fusion_dual_defense - client 8 scores: {0: array([26.52894802]), 1: array([26.53000203]), 2: array([26.5293144]), 3: array([26.53008663]), 4: array([26.53009795]), 5: array([26.53081193]), 6: array([26.53077825]), 7: array([26.5297955]), 8: array([26.52969776]), 9: array([26.53066406])}
2025-05-12 14:13:49,511 - DEBUG - util_fusion - fusion_dual_defense - client 8 norm scores: {0: array([0.]), 1: array([0.5654814]), 2: array([0.19656169]), 3: array([0.61087036]), 4: array([0.61694249]), 5: array([1.]), 6: array([0.98192892]), 7: array([0.45467887]), 8: array([0.40224092]), 9: array([0.92066495])}
2025-05-12 14:13:49,511 - DEBUG - util_fusion - fusion_dual_defense - client 8 similarity threshold: 0.5749369590271509
2025-05-12 14:13:49,511 - INFO - util_fusion - fusion_dual_defense - client 8 selected fusion benigns: [3, 4, 5, 6, 9]
2025-05-12 14:13:49,520 - DEBUG - util_fusion - fusion_dual_defense - client 9 scores: {0: array([26.52894802]), 1: array([26.53000203]), 2: array([26.5293144]), 3: array([26.53008663]), 4: array([26.53009795]), 5: array([26.53081193]), 6: array([26.53077825]), 7: array([26.5297955]), 8: array([26.52969776]), 9: array([26.53066406])}
2025-05-12 14:13:49,520 - DEBUG - util_fusion - fusion_dual_defense - client 9 norm scores: {0: array([0.]), 1: array([0.5654814]), 2: array([0.19656169]), 3: array([0.61087036]), 4: array([0.61694249]), 5: array([1.]), 6: array([0.98192892]), 7: array([0.45467887]), 8: array([0.40224092]), 9: array([0.92066495])}
2025-05-12 14:13:49,520 - DEBUG - util_fusion - fusion_dual_defense - client 9 similarity threshold: 0.5749369590271509
2025-05-12 14:13:49,520 - INFO - util_fusion - fusion_dual_defense - client 9 selected fusion benigns: [3, 4, 5, 6, 9]
2025-05-12 14:13:49,520 - DEBUG - util_fusion - fusion_dual_defense - final fusion benigns: (3, 4, 5, 6, 9)
2025-05-12 14:13:51,197 - INFO - fl - start - global side -  test accuracy: 10.32
2025-05-12 14:13:51,197 - INFO - fl - start - global side iteration 26 -  test accuracy: 10.32
2025-05-12 14:13:51,197 - INFO - fl - start - start training round 27
2025-05-12 14:13:51,199 - INFO - fl - start - round 27 attackers: [7, 3]
2025-05-12 14:13:51,199 - INFO - fl - start - start client 0 training
2025-05-12 14:13:51,199 - INFO - fl - client_local_train - client 0 start local training ...
2025-05-12 14:14:00,689 - INFO - fl - start - end client 0 training
2025-05-12 14:14:00,689 - INFO - fl - start - client 0 evaluation metrics: {'train_loss': 82123.53273168103, 'test_acc': 11.35}
2025-05-12 14:14:00,689 - INFO - fl - start - start client 1 training
2025-05-12 14:14:00,689 - INFO - fl - client_local_train - client 1 start local training ...
2025-05-12 14:14:05,201 - INFO - fl - start - end client 1 training
2025-05-12 14:14:05,201 - INFO - fl - start - client 1 evaluation metrics: {'train_loss': 137669.02519310729, 'test_acc': 9.74}
2025-05-12 14:14:05,201 - INFO - fl - start - start client 2 training
2025-05-12 14:14:05,201 - INFO - fl - client_local_train - client 2 start local training ...
2025-05-12 14:14:17,053 - INFO - fl - start - end client 2 training
2025-05-12 14:14:17,053 - INFO - fl - start - client 2 evaluation metrics: {'train_loss': 399580.7114219961, 'test_acc': 9.58}
2025-05-12 14:14:17,053 - INFO - fl - start - start client 3 training
2025-05-12 14:14:17,053 - INFO - fl - client_local_train - client 3 start local training ...
2025-05-12 14:14:19,365 - INFO - fl - client_local_train - client 3 is attacker, start poisoning model
2025-05-12 14:14:23,253 - INFO - fl - start - end client 3 training
2025-05-12 14:14:23,253 - INFO - fl - start - client 3 evaluation metrics: {'train_loss': 48768.4005601671, 'test_acc': 9.74}
2025-05-12 14:14:23,253 - INFO - fl - start - start client 4 training
2025-05-12 14:14:23,253 - INFO - fl - client_local_train - client 4 start local training ...
2025-05-12 14:14:27,612 - INFO - fl - start - end client 4 training
2025-05-12 14:14:27,612 - INFO - fl - start - client 4 evaluation metrics: {'train_loss': 386412.9615709459, 'test_acc': 10.32}
2025-05-12 14:14:27,612 - INFO - fl - start - start client 5 training
2025-05-12 14:14:27,612 - INFO - fl - client_local_train - client 5 start local training ...
2025-05-12 14:14:29,228 - INFO - fl - start - end client 5 training
2025-05-12 14:14:29,228 - INFO - fl - start - client 5 evaluation metrics: {'train_loss': 311266.7265625, 'test_acc': 10.32}
2025-05-12 14:14:29,228 - INFO - fl - start - start client 6 training
2025-05-12 14:14:29,228 - INFO - fl - client_local_train - client 6 start local training ...
2025-05-12 14:14:31,294 - INFO - fl - start - end client 6 training
2025-05-12 14:14:31,294 - INFO - fl - start - client 6 evaluation metrics: {'train_loss': 122557.17321134868, 'test_acc': 9.8}
2025-05-12 14:14:31,294 - INFO - fl - start - start client 7 training
2025-05-12 14:14:31,294 - INFO - fl - client_local_train - client 7 start local training ...
2025-05-12 14:14:34,314 - INFO - fl - client_local_train - client 7 is attacker, start poisoning model
2025-05-12 14:14:38,566 - INFO - fl - start - end client 7 training
2025-05-12 14:14:38,566 - INFO - fl - start - client 7 evaluation metrics: {'train_loss': 948499.6236842105, 'test_acc': 10.1}
2025-05-12 14:14:38,566 - INFO - fl - start - start client 8 training
2025-05-12 14:14:38,566 - INFO - fl - client_local_train - client 8 start local training ...
2025-05-12 14:14:44,000 - INFO - fl - start - end client 8 training
2025-05-12 14:14:44,000 - INFO - fl - start - client 8 evaluation metrics: {'train_loss': 3199.417476976619, 'test_acc': 9.58}
2025-05-12 14:14:44,000 - INFO - fl - start - start client 9 training
2025-05-12 14:14:44,000 - INFO - fl - client_local_train - client 9 start local training ...
2025-05-12 14:14:46,641 - INFO - fl - start - end client 9 training
2025-05-12 14:14:46,642 - INFO - fl - start - client 9 evaluation metrics: {'train_loss': 7355.808661424752, 'test_acc': 10.32}
2025-05-12 14:14:46,642 - INFO - fl - aggregate_model - start model aggregation...fusion method: dual_defense
2025-05-12 14:14:46,642 - INFO - fl - aggregate_model - start hyper-guard fusion with epsilon 0.01
2025-05-12 14:14:46,642 - INFO - fl - aggregate_model - round 27 attackers: [3, 7]
2025-05-12 14:14:57,314 - DEBUG - util_fusion - fusion_dual_defense - client 0 scores: {0: array([6.23734865]), 1: array([6.23743189]), 2: array([6.237313]), 3: array([6.23742802]), 4: array([6.23742747]), 5: array([6.23744557]), 6: array([6.2374598]), 7: array([6.23744551]), 8: array([6.2374602]), 9: array([6.23744882])}
2025-05-12 14:14:57,315 - DEBUG - util_fusion - fusion_dual_defense - client 0 norm scores: {0: array([0.24216138]), 1: array([0.80770414]), 2: array([0.]), 3: array([0.78136257]), 4: array([0.77767828]), 5: array([0.90060333]), 6: array([0.99726097]), 7: array([0.90018068]), 8: array([1.]), 9: array([0.92268767])}
2025-05-12 14:14:57,315 - DEBUG - util_fusion - fusion_dual_defense - client 0 similarity threshold: 0.7329639023087673
2025-05-12 14:14:57,315 - INFO - util_fusion - fusion_dual_defense - client 0 selected fusion benigns: [1, 3, 4, 5, 6, 7, 8, 9]
2025-05-12 14:14:57,324 - DEBUG - util_fusion - fusion_dual_defense - client 1 scores: {0: array([6.23734865]), 1: array([6.23743189]), 2: array([6.237313]), 3: array([6.23742802]), 4: array([6.23742747]), 5: array([6.23744557]), 6: array([6.2374598]), 7: array([6.23744551]), 8: array([6.2374602]), 9: array([6.23744882])}
2025-05-12 14:14:57,324 - DEBUG - util_fusion - fusion_dual_defense - client 1 norm scores: {0: array([0.24216138]), 1: array([0.80770414]), 2: array([0.]), 3: array([0.78136257]), 4: array([0.77767828]), 5: array([0.90060333]), 6: array([0.99726097]), 7: array([0.90018068]), 8: array([1.]), 9: array([0.92268767])}
2025-05-12 14:14:57,324 - DEBUG - util_fusion - fusion_dual_defense - client 1 similarity threshold: 0.7329639023087673
2025-05-12 14:14:57,325 - INFO - util_fusion - fusion_dual_defense - client 1 selected fusion benigns: [1, 3, 4, 5, 6, 7, 8, 9]
2025-05-12 14:14:57,333 - DEBUG - util_fusion - fusion_dual_defense - client 2 scores: {0: array([6.23734865]), 1: array([6.23743189]), 2: array([6.237313]), 3: array([6.23742802]), 4: array([6.23742747]), 5: array([6.23744557]), 6: array([6.2374598]), 7: array([6.23744551]), 8: array([6.2374602]), 9: array([6.23744882])}
2025-05-12 14:14:57,334 - DEBUG - util_fusion - fusion_dual_defense - client 2 norm scores: {0: array([0.24216138]), 1: array([0.80770414]), 2: array([0.]), 3: array([0.78136257]), 4: array([0.77767828]), 5: array([0.90060333]), 6: array([0.99726097]), 7: array([0.90018068]), 8: array([1.]), 9: array([0.92268767])}
2025-05-12 14:14:57,334 - DEBUG - util_fusion - fusion_dual_defense - client 2 similarity threshold: 0.7329639023087673
2025-05-12 14:14:57,334 - INFO - util_fusion - fusion_dual_defense - client 2 selected fusion benigns: [1, 3, 4, 5, 6, 7, 8, 9]
2025-05-12 14:14:57,342 - DEBUG - util_fusion - fusion_dual_defense - client 3 scores: {0: array([6.23734865]), 1: array([6.23743189]), 2: array([6.237313]), 3: array([6.23742802]), 4: array([6.23742747]), 5: array([6.23744557]), 6: array([6.2374598]), 7: array([6.23744551]), 8: array([6.2374602]), 9: array([6.23744882])}
2025-05-12 14:14:57,343 - DEBUG - util_fusion - fusion_dual_defense - client 3 norm scores: {0: array([0.24216138]), 1: array([0.80770414]), 2: array([0.]), 3: array([0.78136257]), 4: array([0.77767828]), 5: array([0.90060333]), 6: array([0.99726097]), 7: array([0.90018068]), 8: array([1.]), 9: array([0.92268767])}
2025-05-12 14:14:57,343 - DEBUG - util_fusion - fusion_dual_defense - client 3 similarity threshold: 0.7329639023087673
2025-05-12 14:14:57,343 - INFO - util_fusion - fusion_dual_defense - client 3 selected fusion benigns: [1, 3, 4, 5, 6, 7, 8, 9]
2025-05-12 14:14:57,351 - DEBUG - util_fusion - fusion_dual_defense - client 4 scores: {0: array([6.23734865]), 1: array([6.23743189]), 2: array([6.237313]), 3: array([6.23742802]), 4: array([6.23742747]), 5: array([6.23744557]), 6: array([6.2374598]), 7: array([6.23744551]), 8: array([6.2374602]), 9: array([6.23744882])}
2025-05-12 14:14:57,352 - DEBUG - util_fusion - fusion_dual_defense - client 4 norm scores: {0: array([0.24216138]), 1: array([0.80770414]), 2: array([0.]), 3: array([0.78136257]), 4: array([0.77767828]), 5: array([0.90060333]), 6: array([0.99726097]), 7: array([0.90018068]), 8: array([1.]), 9: array([0.92268767])}
2025-05-12 14:14:57,352 - DEBUG - util_fusion - fusion_dual_defense - client 4 similarity threshold: 0.7329639023087673
2025-05-12 14:14:57,352 - INFO - util_fusion - fusion_dual_defense - client 4 selected fusion benigns: [1, 3, 4, 5, 6, 7, 8, 9]
2025-05-12 14:14:57,361 - DEBUG - util_fusion - fusion_dual_defense - client 5 scores: {0: array([6.23734865]), 1: array([6.23743189]), 2: array([6.237313]), 3: array([6.23742802]), 4: array([6.23742747]), 5: array([6.23744557]), 6: array([6.2374598]), 7: array([6.23744551]), 8: array([6.2374602]), 9: array([6.23744882])}
2025-05-12 14:14:57,361 - DEBUG - util_fusion - fusion_dual_defense - client 5 norm scores: {0: array([0.24216138]), 1: array([0.80770414]), 2: array([0.]), 3: array([0.78136257]), 4: array([0.77767828]), 5: array([0.90060333]), 6: array([0.99726097]), 7: array([0.90018068]), 8: array([1.]), 9: array([0.92268767])}
2025-05-12 14:14:57,361 - DEBUG - util_fusion - fusion_dual_defense - client 5 similarity threshold: 0.7329639023087673
2025-05-12 14:14:57,361 - INFO - util_fusion - fusion_dual_defense - client 5 selected fusion benigns: [1, 3, 4, 5, 6, 7, 8, 9]
2025-05-12 14:14:57,370 - DEBUG - util_fusion - fusion_dual_defense - client 6 scores: {0: array([6.23734865]), 1: array([6.23743189]), 2: array([6.237313]), 3: array([6.23742802]), 4: array([6.23742747]), 5: array([6.23744557]), 6: array([6.2374598]), 7: array([6.23744551]), 8: array([6.2374602]), 9: array([6.23744882])}
2025-05-12 14:14:57,370 - DEBUG - util_fusion - fusion_dual_defense - client 6 norm scores: {0: array([0.24216138]), 1: array([0.80770414]), 2: array([0.]), 3: array([0.78136257]), 4: array([0.77767828]), 5: array([0.90060333]), 6: array([0.99726097]), 7: array([0.90018068]), 8: array([1.]), 9: array([0.92268767])}
2025-05-12 14:14:57,371 - DEBUG - util_fusion - fusion_dual_defense - client 6 similarity threshold: 0.7329639023087673
2025-05-12 14:14:57,371 - INFO - util_fusion - fusion_dual_defense - client 6 selected fusion benigns: [1, 3, 4, 5, 6, 7, 8, 9]
2025-05-12 14:14:57,379 - DEBUG - util_fusion - fusion_dual_defense - client 7 scores: {0: array([6.23734865]), 1: array([6.23743189]), 2: array([6.237313]), 3: array([6.23742802]), 4: array([6.23742747]), 5: array([6.23744557]), 6: array([6.2374598]), 7: array([6.23744551]), 8: array([6.2374602]), 9: array([6.23744882])}
2025-05-12 14:14:57,380 - DEBUG - util_fusion - fusion_dual_defense - client 7 norm scores: {0: array([0.24216138]), 1: array([0.80770414]), 2: array([0.]), 3: array([0.78136257]), 4: array([0.77767828]), 5: array([0.90060333]), 6: array([0.99726097]), 7: array([0.90018068]), 8: array([1.]), 9: array([0.92268767])}
2025-05-12 14:14:57,380 - DEBUG - util_fusion - fusion_dual_defense - client 7 similarity threshold: 0.7329639023087673
2025-05-12 14:14:57,380 - INFO - util_fusion - fusion_dual_defense - client 7 selected fusion benigns: [1, 3, 4, 5, 6, 7, 8, 9]
2025-05-12 14:14:57,389 - DEBUG - util_fusion - fusion_dual_defense - client 8 scores: {0: array([6.23734865]), 1: array([6.23743189]), 2: array([6.237313]), 3: array([6.23742802]), 4: array([6.23742747]), 5: array([6.23744557]), 6: array([6.2374598]), 7: array([6.23744551]), 8: array([6.2374602]), 9: array([6.23744882])}
2025-05-12 14:14:57,389 - DEBUG - util_fusion - fusion_dual_defense - client 8 norm scores: {0: array([0.24216138]), 1: array([0.80770414]), 2: array([0.]), 3: array([0.78136257]), 4: array([0.77767828]), 5: array([0.90060333]), 6: array([0.99726097]), 7: array([0.90018068]), 8: array([1.]), 9: array([0.92268767])}
2025-05-12 14:14:57,389 - DEBUG - util_fusion - fusion_dual_defense - client 8 similarity threshold: 0.7329639023087673
2025-05-12 14:14:57,389 - INFO - util_fusion - fusion_dual_defense - client 8 selected fusion benigns: [1, 3, 4, 5, 6, 7, 8, 9]
2025-05-12 14:14:57,398 - DEBUG - util_fusion - fusion_dual_defense - client 9 scores: {0: array([6.23734865]), 1: array([6.23743189]), 2: array([6.237313]), 3: array([6.23742802]), 4: array([6.23742747]), 5: array([6.23744557]), 6: array([6.2374598]), 7: array([6.23744551]), 8: array([6.2374602]), 9: array([6.23744882])}
2025-05-12 14:14:57,398 - DEBUG - util_fusion - fusion_dual_defense - client 9 norm scores: {0: array([0.24216138]), 1: array([0.80770414]), 2: array([0.]), 3: array([0.78136257]), 4: array([0.77767828]), 5: array([0.90060333]), 6: array([0.99726097]), 7: array([0.90018068]), 8: array([1.]), 9: array([0.92268767])}
2025-05-12 14:14:57,398 - DEBUG - util_fusion - fusion_dual_defense - client 9 similarity threshold: 0.7329639023087673
2025-05-12 14:14:57,398 - INFO - util_fusion - fusion_dual_defense - client 9 selected fusion benigns: [1, 3, 4, 5, 6, 7, 8, 9]
2025-05-12 14:14:57,398 - DEBUG - util_fusion - fusion_dual_defense - final fusion benigns: (1, 3, 4, 5, 6, 7, 8, 9)
2025-05-12 14:14:59,240 - INFO - fl - start - global side -  test accuracy: 9.58
2025-05-12 14:14:59,240 - INFO - fl - start - global side iteration 27 -  test accuracy: 9.58
2025-05-12 14:14:59,240 - INFO - fl - start - start training round 28
2025-05-12 14:14:59,242 - INFO - fl - start - round 28 attackers: [9, 4]
2025-05-12 14:14:59,242 - INFO - fl - start - start client 0 training
2025-05-12 14:14:59,242 - INFO - fl - client_local_train - client 0 start local training ...
2025-05-12 14:15:08,763 - INFO - fl - start - end client 0 training
2025-05-12 14:15:08,763 - INFO - fl - start - client 0 evaluation metrics: {'train_loss': 282679.536637931, 'test_acc': 10.1}
2025-05-12 14:15:08,763 - INFO - fl - start - start client 1 training
2025-05-12 14:15:08,763 - INFO - fl - client_local_train - client 1 start local training ...
2025-05-12 14:15:13,251 - INFO - fl - start - end client 1 training
2025-05-12 14:15:13,251 - INFO - fl - start - client 1 evaluation metrics: {'train_loss': 468086.74891218357, 'test_acc': 10.1}
2025-05-12 14:15:13,252 - INFO - fl - start - start client 2 training
2025-05-12 14:15:13,252 - INFO - fl - client_local_train - client 2 start local training ...
2025-05-12 14:15:25,025 - INFO - fl - start - end client 2 training
2025-05-12 14:15:25,026 - INFO - fl - start - client 2 evaluation metrics: {'train_loss': 1369617.8493217055, 'test_acc': 10.32}
2025-05-12 14:15:25,026 - INFO - fl - start - start client 3 training
2025-05-12 14:15:25,026 - INFO - fl - client_local_train - client 3 start local training ...
2025-05-12 14:15:29,253 - INFO - fl - start - end client 3 training
2025-05-12 14:15:29,253 - INFO - fl - start - client 3 evaluation metrics: {'train_loss': 21369.949693467883, 'test_acc': 9.58}
2025-05-12 14:15:29,253 - INFO - fl - start - start client 4 training
2025-05-12 14:15:29,253 - INFO - fl - client_local_train - client 4 start local training ...
2025-05-12 14:15:31,611 - INFO - fl - client_local_train - client 4 is attacker, start poisoning model
2025-05-12 14:15:35,513 - INFO - fl - start - end client 4 training
2025-05-12 14:15:35,514 - INFO - fl - start - client 4 evaluation metrics: {'train_loss': 10595521.986486487, 'test_acc': 10.32}
2025-05-12 14:15:35,514 - INFO - fl - start - start client 5 training
2025-05-12 14:15:35,514 - INFO - fl - client_local_train - client 5 start local training ...
2025-05-12 14:15:37,138 - INFO - fl - start - end client 5 training
2025-05-12 14:15:37,138 - INFO - fl - start - client 5 evaluation metrics: {'train_loss': 1110415.0, 'test_acc': 10.32}
2025-05-12 14:15:37,138 - INFO - fl - start - start client 6 training
2025-05-12 14:15:37,138 - INFO - fl - client_local_train - client 6 start local training ...
2025-05-12 14:15:39,207 - INFO - fl - start - end client 6 training
2025-05-12 14:15:39,207 - INFO - fl - start - client 6 evaluation metrics: {'train_loss': 420060.1554276316, 'test_acc': 9.8}
2025-05-12 14:15:39,207 - INFO - fl - start - start client 7 training
2025-05-12 14:15:39,207 - INFO - fl - client_local_train - client 7 start local training ...
2025-05-12 14:15:44,405 - INFO - fl - start - end client 7 training
2025-05-12 14:15:44,405 - INFO - fl - start - client 7 evaluation metrics: {'train_loss': 407292.16003289475, 'test_acc': 10.1}
2025-05-12 14:15:44,405 - INFO - fl - start - start client 8 training
2025-05-12 14:15:44,405 - INFO - fl - client_local_train - client 8 start local training ...
2025-05-12 14:15:49,915 - INFO - fl - start - end client 8 training
2025-05-12 14:15:49,915 - INFO - fl - start - client 8 evaluation metrics: {'train_loss': 11410.791096312158, 'test_acc': 10.1}
2025-05-12 14:15:49,915 - INFO - fl - start - start client 9 training
2025-05-12 14:15:49,915 - INFO - fl - client_local_train - client 9 start local training ...
2025-05-12 14:15:50,968 - INFO - fl - client_local_train - client 9 is attacker, start poisoning model
2025-05-12 14:15:54,187 - INFO - fl - start - end client 9 training
2025-05-12 14:15:54,187 - INFO - fl - start - client 9 evaluation metrics: {'train_loss': 201664.26919428507, 'test_acc': 10.32}
2025-05-12 14:15:54,187 - INFO - fl - aggregate_model - start model aggregation...fusion method: dual_defense
2025-05-12 14:15:54,187 - INFO - fl - aggregate_model - start hyper-guard fusion with epsilon 0.01
2025-05-12 14:15:54,187 - INFO - fl - aggregate_model - round 28 attackers: [9, 4]
2025-05-12 14:16:04,908 - DEBUG - util_fusion - fusion_dual_defense - client 0 scores: {0: array([1.52974987]), 1: array([1.53010053]), 2: array([1.52959267]), 3: array([1.53012005]), 4: array([1.53011495]), 5: array([1.53024304]), 6: array([1.53024942]), 7: array([1.53005803]), 8: array([1.53003573]), 9: array([1.53021696])}
2025-05-12 14:16:04,908 - DEBUG - util_fusion - fusion_dual_defense - client 0 norm scores: {0: array([0.23935979]), 1: array([0.77328813]), 2: array([0.]), 3: array([0.80301301]), 4: array([0.79525379]), 5: array([0.99028014]), 6: array([1.]), 7: array([0.70858033]), 8: array([0.67462425]), 9: array([0.95057722])}
2025-05-12 14:16:04,909 - DEBUG - util_fusion - fusion_dual_defense - client 0 similarity threshold: 0.6934976669201743
2025-05-12 14:16:04,909 - INFO - util_fusion - fusion_dual_defense - client 0 selected fusion benigns: [1, 3, 4, 5, 6, 7, 9]
2025-05-12 14:16:04,917 - DEBUG - util_fusion - fusion_dual_defense - client 1 scores: {0: array([1.52974987]), 1: array([1.53010053]), 2: array([1.52959267]), 3: array([1.53012005]), 4: array([1.53011495]), 5: array([1.53024304]), 6: array([1.53024942]), 7: array([1.53005803]), 8: array([1.53003573]), 9: array([1.53021696])}
2025-05-12 14:16:04,918 - DEBUG - util_fusion - fusion_dual_defense - client 1 norm scores: {0: array([0.23935979]), 1: array([0.77328813]), 2: array([0.]), 3: array([0.80301301]), 4: array([0.79525379]), 5: array([0.99028014]), 6: array([1.]), 7: array([0.70858033]), 8: array([0.67462425]), 9: array([0.95057722])}
2025-05-12 14:16:04,918 - DEBUG - util_fusion - fusion_dual_defense - client 1 similarity threshold: 0.6934976669201743
2025-05-12 14:16:04,918 - INFO - util_fusion - fusion_dual_defense - client 1 selected fusion benigns: [1, 3, 4, 5, 6, 7, 9]
2025-05-12 14:16:04,926 - DEBUG - util_fusion - fusion_dual_defense - client 2 scores: {0: array([1.52974987]), 1: array([1.53010053]), 2: array([1.52959267]), 3: array([1.53012005]), 4: array([1.53011495]), 5: array([1.53024304]), 6: array([1.53024942]), 7: array([1.53005803]), 8: array([1.53003573]), 9: array([1.53021696])}
2025-05-12 14:16:04,927 - DEBUG - util_fusion - fusion_dual_defense - client 2 norm scores: {0: array([0.23935979]), 1: array([0.77328813]), 2: array([0.]), 3: array([0.80301301]), 4: array([0.79525379]), 5: array([0.99028014]), 6: array([1.]), 7: array([0.70858033]), 8: array([0.67462425]), 9: array([0.95057722])}
2025-05-12 14:16:04,927 - DEBUG - util_fusion - fusion_dual_defense - client 2 similarity threshold: 0.6934976669201743
2025-05-12 14:16:04,927 - INFO - util_fusion - fusion_dual_defense - client 2 selected fusion benigns: [1, 3, 4, 5, 6, 7, 9]
2025-05-12 14:16:04,935 - DEBUG - util_fusion - fusion_dual_defense - client 3 scores: {0: array([1.52974987]), 1: array([1.53010053]), 2: array([1.52959267]), 3: array([1.53012005]), 4: array([1.53011495]), 5: array([1.53024304]), 6: array([1.53024942]), 7: array([1.53005803]), 8: array([1.53003573]), 9: array([1.53021696])}
2025-05-12 14:16:04,936 - DEBUG - util_fusion - fusion_dual_defense - client 3 norm scores: {0: array([0.23935979]), 1: array([0.77328813]), 2: array([0.]), 3: array([0.80301301]), 4: array([0.79525379]), 5: array([0.99028014]), 6: array([1.]), 7: array([0.70858033]), 8: array([0.67462425]), 9: array([0.95057722])}
2025-05-12 14:16:04,936 - DEBUG - util_fusion - fusion_dual_defense - client 3 similarity threshold: 0.6934976669201743
2025-05-12 14:16:04,936 - INFO - util_fusion - fusion_dual_defense - client 3 selected fusion benigns: [1, 3, 4, 5, 6, 7, 9]
2025-05-12 14:16:04,944 - DEBUG - util_fusion - fusion_dual_defense - client 4 scores: {0: array([1.52974987]), 1: array([1.53010053]), 2: array([1.52959267]), 3: array([1.53012005]), 4: array([1.53011495]), 5: array([1.53024304]), 6: array([1.53024942]), 7: array([1.53005803]), 8: array([1.53003573]), 9: array([1.53021696])}
2025-05-12 14:16:04,945 - DEBUG - util_fusion - fusion_dual_defense - client 4 norm scores: {0: array([0.23935979]), 1: array([0.77328813]), 2: array([0.]), 3: array([0.80301301]), 4: array([0.79525379]), 5: array([0.99028014]), 6: array([1.]), 7: array([0.70858033]), 8: array([0.67462425]), 9: array([0.95057722])}
2025-05-12 14:16:04,945 - DEBUG - util_fusion - fusion_dual_defense - client 4 similarity threshold: 0.6934976669201743
2025-05-12 14:16:04,945 - INFO - util_fusion - fusion_dual_defense - client 4 selected fusion benigns: [1, 3, 4, 5, 6, 7, 9]
2025-05-12 14:16:04,954 - DEBUG - util_fusion - fusion_dual_defense - client 5 scores: {0: array([1.52974987]), 1: array([1.53010053]), 2: array([1.52959267]), 3: array([1.53012005]), 4: array([1.53011495]), 5: array([1.53024304]), 6: array([1.53024942]), 7: array([1.53005803]), 8: array([1.53003573]), 9: array([1.53021696])}
2025-05-12 14:16:04,954 - DEBUG - util_fusion - fusion_dual_defense - client 5 norm scores: {0: array([0.23935979]), 1: array([0.77328813]), 2: array([0.]), 3: array([0.80301301]), 4: array([0.79525379]), 5: array([0.99028014]), 6: array([1.]), 7: array([0.70858033]), 8: array([0.67462425]), 9: array([0.95057722])}
2025-05-12 14:16:04,954 - DEBUG - util_fusion - fusion_dual_defense - client 5 similarity threshold: 0.6934976669201743
2025-05-12 14:16:04,954 - INFO - util_fusion - fusion_dual_defense - client 5 selected fusion benigns: [1, 3, 4, 5, 6, 7, 9]
2025-05-12 14:16:04,963 - DEBUG - util_fusion - fusion_dual_defense - client 6 scores: {0: array([1.52974987]), 1: array([1.53010053]), 2: array([1.52959267]), 3: array([1.53012005]), 4: array([1.53011495]), 5: array([1.53024304]), 6: array([1.53024942]), 7: array([1.53005803]), 8: array([1.53003573]), 9: array([1.53021696])}
2025-05-12 14:16:04,963 - DEBUG - util_fusion - fusion_dual_defense - client 6 norm scores: {0: array([0.23935979]), 1: array([0.77328813]), 2: array([0.]), 3: array([0.80301301]), 4: array([0.79525379]), 5: array([0.99028014]), 6: array([1.]), 7: array([0.70858033]), 8: array([0.67462425]), 9: array([0.95057722])}
2025-05-12 14:16:04,963 - DEBUG - util_fusion - fusion_dual_defense - client 6 similarity threshold: 0.6934976669201743
2025-05-12 14:16:04,963 - INFO - util_fusion - fusion_dual_defense - client 6 selected fusion benigns: [1, 3, 4, 5, 6, 7, 9]
2025-05-12 14:16:04,972 - DEBUG - util_fusion - fusion_dual_defense - client 7 scores: {0: array([1.52974987]), 1: array([1.53010053]), 2: array([1.52959267]), 3: array([1.53012005]), 4: array([1.53011495]), 5: array([1.53024304]), 6: array([1.53024942]), 7: array([1.53005803]), 8: array([1.53003573]), 9: array([1.53021696])}
2025-05-12 14:16:04,972 - DEBUG - util_fusion - fusion_dual_defense - client 7 norm scores: {0: array([0.23935979]), 1: array([0.77328813]), 2: array([0.]), 3: array([0.80301301]), 4: array([0.79525379]), 5: array([0.99028014]), 6: array([1.]), 7: array([0.70858033]), 8: array([0.67462425]), 9: array([0.95057722])}
2025-05-12 14:16:04,972 - DEBUG - util_fusion - fusion_dual_defense - client 7 similarity threshold: 0.6934976669201743
2025-05-12 14:16:04,972 - INFO - util_fusion - fusion_dual_defense - client 7 selected fusion benigns: [1, 3, 4, 5, 6, 7, 9]
2025-05-12 14:16:04,981 - DEBUG - util_fusion - fusion_dual_defense - client 8 scores: {0: array([1.52974987]), 1: array([1.53010053]), 2: array([1.52959267]), 3: array([1.53012005]), 4: array([1.53011495]), 5: array([1.53024304]), 6: array([1.53024942]), 7: array([1.53005803]), 8: array([1.53003573]), 9: array([1.53021696])}
2025-05-12 14:16:04,981 - DEBUG - util_fusion - fusion_dual_defense - client 8 norm scores: {0: array([0.23935979]), 1: array([0.77328813]), 2: array([0.]), 3: array([0.80301301]), 4: array([0.79525379]), 5: array([0.99028014]), 6: array([1.]), 7: array([0.70858033]), 8: array([0.67462425]), 9: array([0.95057722])}
2025-05-12 14:16:04,981 - DEBUG - util_fusion - fusion_dual_defense - client 8 similarity threshold: 0.6934976669201743
2025-05-12 14:16:04,981 - INFO - util_fusion - fusion_dual_defense - client 8 selected fusion benigns: [1, 3, 4, 5, 6, 7, 9]
2025-05-12 14:16:04,990 - DEBUG - util_fusion - fusion_dual_defense - client 9 scores: {0: array([1.52974987]), 1: array([1.53010053]), 2: array([1.52959267]), 3: array([1.53012005]), 4: array([1.53011495]), 5: array([1.53024304]), 6: array([1.53024942]), 7: array([1.53005803]), 8: array([1.53003573]), 9: array([1.53021696])}
2025-05-12 14:16:04,990 - DEBUG - util_fusion - fusion_dual_defense - client 9 norm scores: {0: array([0.23935979]), 1: array([0.77328813]), 2: array([0.]), 3: array([0.80301301]), 4: array([0.79525379]), 5: array([0.99028014]), 6: array([1.]), 7: array([0.70858033]), 8: array([0.67462425]), 9: array([0.95057722])}
2025-05-12 14:16:04,990 - DEBUG - util_fusion - fusion_dual_defense - client 9 similarity threshold: 0.6934976669201743
2025-05-12 14:16:04,990 - INFO - util_fusion - fusion_dual_defense - client 9 selected fusion benigns: [1, 3, 4, 5, 6, 7, 9]
2025-05-12 14:16:04,990 - DEBUG - util_fusion - fusion_dual_defense - final fusion benigns: (1, 3, 4, 5, 6, 7, 9)
2025-05-12 14:16:06,796 - INFO - fl - start - global side -  test accuracy: 10.32
2025-05-12 14:16:06,796 - INFO - fl - start - global side iteration 28 -  test accuracy: 10.32
2025-05-12 14:16:06,797 - INFO - fl - start - start training round 29
2025-05-12 14:16:06,798 - INFO - fl - start - round 29 attackers: [1, 8]
2025-05-12 14:16:06,798 - INFO - fl - start - start client 0 training
2025-05-12 14:16:06,799 - INFO - fl - client_local_train - client 0 start local training ...
2025-05-12 14:16:16,400 - INFO - fl - start - end client 0 training
2025-05-12 14:16:16,400 - INFO - fl - start - client 0 evaluation metrics: {'train_loss': 836216.4995381774, 'test_acc': 9.8}
2025-05-12 14:16:16,400 - INFO - fl - start - start client 1 training
2025-05-12 14:16:16,400 - INFO - fl - client_local_train - client 1 start local training ...
2025-05-12 14:16:18,932 - INFO - fl - client_local_train - client 1 is attacker, start poisoning model
2025-05-12 14:16:22,953 - INFO - fl - start - end client 1 training
2025-05-12 14:16:22,953 - INFO - fl - start - client 1 evaluation metrics: {'train_loss': 11186755.088607594, 'test_acc': 9.8}
2025-05-12 14:16:22,953 - INFO - fl - start - start client 2 training
2025-05-12 14:16:22,953 - INFO - fl - client_local_train - client 2 start local training ...
2025-05-12 14:16:34,842 - INFO - fl - start - end client 2 training
2025-05-12 14:16:34,842 - INFO - fl - start - client 2 evaluation metrics: {'train_loss': 4076020.3372093025, 'test_acc': 9.8}
2025-05-12 14:16:34,842 - INFO - fl - start - start client 3 training
2025-05-12 14:16:34,842 - INFO - fl - client_local_train - client 3 start local training ...
2025-05-12 14:16:39,093 - INFO - fl - start - end client 3 training
2025-05-12 14:16:39,093 - INFO - fl - start - client 3 evaluation metrics: {'train_loss': 73076.33174641927, 'test_acc': 9.58}
2025-05-12 14:16:39,093 - INFO - fl - start - start client 4 training
2025-05-12 14:16:39,093 - INFO - fl - client_local_train - client 4 start local training ...
2025-05-12 14:16:43,448 - INFO - fl - start - end client 4 training
2025-05-12 14:16:43,448 - INFO - fl - start - client 4 evaluation metrics: {'train_loss': 3942128.246621622, 'test_acc': 10.32}
2025-05-12 14:16:43,448 - INFO - fl - start - start client 5 training
2025-05-12 14:16:43,448 - INFO - fl - client_local_train - client 5 start local training ...
2025-05-12 14:16:45,082 - INFO - fl - start - end client 5 training
2025-05-12 14:16:45,082 - INFO - fl - start - client 5 evaluation metrics: {'train_loss': 3240170.25, 'test_acc': 10.32}
2025-05-12 14:16:45,082 - INFO - fl - start - start client 6 training
2025-05-12 14:16:45,082 - INFO - fl - client_local_train - client 6 start local training ...
2025-05-12 14:16:47,179 - INFO - fl - start - end client 6 training
2025-05-12 14:16:47,179 - INFO - fl - start - client 6 evaluation metrics: {'train_loss': 1229191.0534539474, 'test_acc': 9.8}
2025-05-12 14:16:47,179 - INFO - fl - start - start client 7 training
2025-05-12 14:16:47,179 - INFO - fl - client_local_train - client 7 start local training ...
2025-05-12 14:16:52,389 - INFO - fl - start - end client 7 training
2025-05-12 14:16:52,389 - INFO - fl - start - client 7 evaluation metrics: {'train_loss': 1208151.3302631578, 'test_acc': 10.1}
2025-05-12 14:16:52,389 - INFO - fl - start - start client 8 training
2025-05-12 14:16:52,389 - INFO - fl - client_local_train - client 8 start local training ...
2025-05-12 14:16:55,651 - INFO - fl - client_local_train - client 8 is attacker, start poisoning model
2025-05-12 14:17:00,068 - INFO - fl - start - end client 8 training
2025-05-12 14:17:00,068 - INFO - fl - start - client 8 evaluation metrics: {'train_loss': 260974.10770629434, 'test_acc': 10.1}
2025-05-12 14:17:00,068 - INFO - fl - start - start client 9 training
2025-05-12 14:17:00,068 - INFO - fl - client_local_train - client 9 start local training ...
2025-05-12 14:17:02,720 - INFO - fl - start - end client 9 training
2025-05-12 14:17:02,720 - INFO - fl - start - client 9 evaluation metrics: {'train_loss': 75026.76896951416, 'test_acc': 10.32}
2025-05-12 14:17:02,720 - INFO - fl - aggregate_model - start model aggregation...fusion method: dual_defense
2025-05-12 14:17:02,720 - INFO - fl - aggregate_model - start hyper-guard fusion with epsilon 0.01
2025-05-12 14:17:02,720 - INFO - fl - aggregate_model - round 29 attackers: [8, 1]
2025-05-12 14:17:13,444 - DEBUG - util_fusion - fusion_dual_defense - client 0 scores: {0: array([31.40819814]), 1: array([31.40976866]), 2: array([31.40716945]), 3: array([31.40989428]), 4: array([31.40978746]), 5: array([31.41033986]), 6: array([31.41027788]), 7: array([31.40969896]), 8: array([31.40971384]), 9: array([31.41010514])}
2025-05-12 14:17:13,445 - DEBUG - util_fusion - fusion_dual_defense - client 0 norm scores: {0: array([0.32446636]), 1: array([0.81983485]), 2: array([0.]), 3: array([0.85945602]), 4: array([0.82576463]), 5: array([1.]), 6: array([0.98045131]), 7: array([0.79785023]), 8: array([0.80254164]), 9: array([0.92596443])}
2025-05-12 14:17:13,445 - DEBUG - util_fusion - fusion_dual_defense - client 0 similarity threshold: 0.7336329475322658
2025-05-12 14:17:13,445 - INFO - util_fusion - fusion_dual_defense - client 0 selected fusion benigns: [1, 3, 4, 5, 6, 7, 8, 9]
2025-05-12 14:17:13,454 - DEBUG - util_fusion - fusion_dual_defense - client 1 scores: {0: array([31.40819814]), 1: array([31.40976866]), 2: array([31.40716945]), 3: array([31.40989428]), 4: array([31.40978746]), 5: array([31.41033986]), 6: array([31.41027788]), 7: array([31.40969896]), 8: array([31.40971384]), 9: array([31.41010514])}
2025-05-12 14:17:13,454 - DEBUG - util_fusion - fusion_dual_defense - client 1 norm scores: {0: array([0.32446636]), 1: array([0.81983485]), 2: array([0.]), 3: array([0.85945602]), 4: array([0.82576463]), 5: array([1.]), 6: array([0.98045131]), 7: array([0.79785023]), 8: array([0.80254164]), 9: array([0.92596443])}
2025-05-12 14:17:13,454 - DEBUG - util_fusion - fusion_dual_defense - client 1 similarity threshold: 0.7336329475322658
2025-05-12 14:17:13,454 - INFO - util_fusion - fusion_dual_defense - client 1 selected fusion benigns: [1, 3, 4, 5, 6, 7, 8, 9]
2025-05-12 14:17:13,463 - DEBUG - util_fusion - fusion_dual_defense - client 2 scores: {0: array([31.40819814]), 1: array([31.40976866]), 2: array([31.40716945]), 3: array([31.40989428]), 4: array([31.40978746]), 5: array([31.41033986]), 6: array([31.41027788]), 7: array([31.40969896]), 8: array([31.40971384]), 9: array([31.41010514])}
2025-05-12 14:17:13,463 - DEBUG - util_fusion - fusion_dual_defense - client 2 norm scores: {0: array([0.32446636]), 1: array([0.81983485]), 2: array([0.]), 3: array([0.85945602]), 4: array([0.82576463]), 5: array([1.]), 6: array([0.98045131]), 7: array([0.79785023]), 8: array([0.80254164]), 9: array([0.92596443])}
2025-05-12 14:17:13,463 - DEBUG - util_fusion - fusion_dual_defense - client 2 similarity threshold: 0.7336329475322658
2025-05-12 14:17:13,463 - INFO - util_fusion - fusion_dual_defense - client 2 selected fusion benigns: [1, 3, 4, 5, 6, 7, 8, 9]
2025-05-12 14:17:13,472 - DEBUG - util_fusion - fusion_dual_defense - client 3 scores: {0: array([31.40819814]), 1: array([31.40976866]), 2: array([31.40716945]), 3: array([31.40989428]), 4: array([31.40978746]), 5: array([31.41033986]), 6: array([31.41027788]), 7: array([31.40969896]), 8: array([31.40971384]), 9: array([31.41010514])}
2025-05-12 14:17:13,472 - DEBUG - util_fusion - fusion_dual_defense - client 3 norm scores: {0: array([0.32446636]), 1: array([0.81983485]), 2: array([0.]), 3: array([0.85945602]), 4: array([0.82576463]), 5: array([1.]), 6: array([0.98045131]), 7: array([0.79785023]), 8: array([0.80254164]), 9: array([0.92596443])}
2025-05-12 14:17:13,472 - DEBUG - util_fusion - fusion_dual_defense - client 3 similarity threshold: 0.7336329475322658
2025-05-12 14:17:13,472 - INFO - util_fusion - fusion_dual_defense - client 3 selected fusion benigns: [1, 3, 4, 5, 6, 7, 8, 9]
2025-05-12 14:17:13,481 - DEBUG - util_fusion - fusion_dual_defense - client 4 scores: {0: array([31.40819814]), 1: array([31.40976866]), 2: array([31.40716945]), 3: array([31.40989428]), 4: array([31.40978746]), 5: array([31.41033986]), 6: array([31.41027788]), 7: array([31.40969896]), 8: array([31.40971384]), 9: array([31.41010514])}
2025-05-12 14:17:13,481 - DEBUG - util_fusion - fusion_dual_defense - client 4 norm scores: {0: array([0.32446636]), 1: array([0.81983485]), 2: array([0.]), 3: array([0.85945602]), 4: array([0.82576463]), 5: array([1.]), 6: array([0.98045131]), 7: array([0.79785023]), 8: array([0.80254164]), 9: array([0.92596443])}
2025-05-12 14:17:13,481 - DEBUG - util_fusion - fusion_dual_defense - client 4 similarity threshold: 0.7336329475322658
2025-05-12 14:17:13,481 - INFO - util_fusion - fusion_dual_defense - client 4 selected fusion benigns: [1, 3, 4, 5, 6, 7, 8, 9]
2025-05-12 14:17:13,490 - DEBUG - util_fusion - fusion_dual_defense - client 5 scores: {0: array([31.40819814]), 1: array([31.40976866]), 2: array([31.40716945]), 3: array([31.40989428]), 4: array([31.40978746]), 5: array([31.41033986]), 6: array([31.41027788]), 7: array([31.40969896]), 8: array([31.40971384]), 9: array([31.41010514])}
2025-05-12 14:17:13,490 - DEBUG - util_fusion - fusion_dual_defense - client 5 norm scores: {0: array([0.32446636]), 1: array([0.81983485]), 2: array([0.]), 3: array([0.85945602]), 4: array([0.82576463]), 5: array([1.]), 6: array([0.98045131]), 7: array([0.79785023]), 8: array([0.80254164]), 9: array([0.92596443])}
2025-05-12 14:17:13,490 - DEBUG - util_fusion - fusion_dual_defense - client 5 similarity threshold: 0.7336329475322658
2025-05-12 14:17:13,490 - INFO - util_fusion - fusion_dual_defense - client 5 selected fusion benigns: [1, 3, 4, 5, 6, 7, 8, 9]
2025-05-12 14:17:13,499 - DEBUG - util_fusion - fusion_dual_defense - client 6 scores: {0: array([31.40819814]), 1: array([31.40976866]), 2: array([31.40716945]), 3: array([31.40989428]), 4: array([31.40978746]), 5: array([31.41033986]), 6: array([31.41027788]), 7: array([31.40969896]), 8: array([31.40971384]), 9: array([31.41010514])}
2025-05-12 14:17:13,499 - DEBUG - util_fusion - fusion_dual_defense - client 6 norm scores: {0: array([0.32446636]), 1: array([0.81983485]), 2: array([0.]), 3: array([0.85945602]), 4: array([0.82576463]), 5: array([1.]), 6: array([0.98045131]), 7: array([0.79785023]), 8: array([0.80254164]), 9: array([0.92596443])}
2025-05-12 14:17:13,499 - DEBUG - util_fusion - fusion_dual_defense - client 6 similarity threshold: 0.7336329475322658
2025-05-12 14:17:13,499 - INFO - util_fusion - fusion_dual_defense - client 6 selected fusion benigns: [1, 3, 4, 5, 6, 7, 8, 9]
2025-05-12 14:17:13,508 - DEBUG - util_fusion - fusion_dual_defense - client 7 scores: {0: array([31.40819814]), 1: array([31.40976866]), 2: array([31.40716945]), 3: array([31.40989428]), 4: array([31.40978746]), 5: array([31.41033986]), 6: array([31.41027788]), 7: array([31.40969896]), 8: array([31.40971384]), 9: array([31.41010514])}
2025-05-12 14:17:13,508 - DEBUG - util_fusion - fusion_dual_defense - client 7 norm scores: {0: array([0.32446636]), 1: array([0.81983485]), 2: array([0.]), 3: array([0.85945602]), 4: array([0.82576463]), 5: array([1.]), 6: array([0.98045131]), 7: array([0.79785023]), 8: array([0.80254164]), 9: array([0.92596443])}
2025-05-12 14:17:13,508 - DEBUG - util_fusion - fusion_dual_defense - client 7 similarity threshold: 0.7336329475322658
2025-05-12 14:17:13,508 - INFO - util_fusion - fusion_dual_defense - client 7 selected fusion benigns: [1, 3, 4, 5, 6, 7, 8, 9]
2025-05-12 14:17:13,517 - DEBUG - util_fusion - fusion_dual_defense - client 8 scores: {0: array([31.40819814]), 1: array([31.40976866]), 2: array([31.40716945]), 3: array([31.40989428]), 4: array([31.40978746]), 5: array([31.41033986]), 6: array([31.41027788]), 7: array([31.40969896]), 8: array([31.40971384]), 9: array([31.41010514])}
2025-05-12 14:17:13,517 - DEBUG - util_fusion - fusion_dual_defense - client 8 norm scores: {0: array([0.32446636]), 1: array([0.81983485]), 2: array([0.]), 3: array([0.85945602]), 4: array([0.82576463]), 5: array([1.]), 6: array([0.98045131]), 7: array([0.79785023]), 8: array([0.80254164]), 9: array([0.92596443])}
2025-05-12 14:17:13,517 - DEBUG - util_fusion - fusion_dual_defense - client 8 similarity threshold: 0.7336329475322658
2025-05-12 14:17:13,518 - INFO - util_fusion - fusion_dual_defense - client 8 selected fusion benigns: [1, 3, 4, 5, 6, 7, 8, 9]
2025-05-12 14:17:13,526 - DEBUG - util_fusion - fusion_dual_defense - client 9 scores: {0: array([31.40819814]), 1: array([31.40976866]), 2: array([31.40716945]), 3: array([31.40989428]), 4: array([31.40978746]), 5: array([31.41033986]), 6: array([31.41027788]), 7: array([31.40969896]), 8: array([31.40971384]), 9: array([31.41010514])}
2025-05-12 14:17:13,526 - DEBUG - util_fusion - fusion_dual_defense - client 9 norm scores: {0: array([0.32446636]), 1: array([0.81983485]), 2: array([0.]), 3: array([0.85945602]), 4: array([0.82576463]), 5: array([1.]), 6: array([0.98045131]), 7: array([0.79785023]), 8: array([0.80254164]), 9: array([0.92596443])}
2025-05-12 14:17:13,526 - DEBUG - util_fusion - fusion_dual_defense - client 9 similarity threshold: 0.7336329475322658
2025-05-12 14:17:13,527 - INFO - util_fusion - fusion_dual_defense - client 9 selected fusion benigns: [1, 3, 4, 5, 6, 7, 8, 9]
2025-05-12 14:17:13,527 - DEBUG - util_fusion - fusion_dual_defense - final fusion benigns: (1, 3, 4, 5, 6, 7, 8, 9)
2025-05-12 14:17:15,381 - INFO - fl - start - global side -  test accuracy: 9.8
2025-05-12 14:17:15,381 - INFO - fl - start - global side iteration 29 -  test accuracy: 9.8
2025-05-12 14:17:15,381 - INFO - fl - start - end the FL simulation
2025-05-12 14:17:15,382 - INFO - fl - start - summarization - simulation metrics: {0: {'time': 64.6954773299949, 'parties': {0: {'train_loss': 0.05380249184125053, 'test_acc': 51.51}, 1: {'train_loss': 0.12728746975713137, 'test_acc': 47.84}, 2: {'train_loss': 0.034984642647426976, 'test_acc': 55.56}, 3: {'train_loss': 0.12556453031073841, 'test_acc': 53.44}, 4: {'train_loss': 0.12379296960913248, 'test_acc': 54.93}, 5: {'train_loss': 0.7998774871230125, 'test_acc': 10.09}, 6: {'train_loss': 0.2517069327203851, 'test_acc': 30.05}, 7: {'train_loss': 0.10807449966669083, 'test_acc': 51.58}, 8: {'train_loss': 0.06944344938257892, 'test_acc': 57.28}, 9: {'train_loss': 0.21253461627797646, 'test_acc': 42.88}}, 'server': {'test_acc': 32.34}}, 1: {'time': 132.97701058299572, 'parties': {0: {'train_loss': 0.060851377630583355, 'test_acc': 52.46}, 1: {'train_loss': 0.07912629364129109, 'test_acc': 55.28}, 2: {'train_loss': 0.03338975076159361, 'test_acc': 55.79}, 3: {'train_loss': 0.07999430565784375, 'test_acc': 62.39}, 4: {'train_loss': 134.62843764150466, 'test_acc': 63.48}, 5: {'train_loss': 0.3337374646216631, 'test_acc': 24.56}, 6: {'train_loss': 0.09626501504527896, 'test_acc': 34.49}, 7: {'train_loss': 182.6132772345292, 'test_acc': 55.81}, 8: {'train_loss': 0.057683482302772794, 'test_acc': 59.03}, 9: {'train_loss': 0.11594435454092243, 'test_acc': 51.15}}, 'server': {'test_acc': 52.56}}, 2: {'time': 201.02885772800073, 'parties': {0: {'train_loss': 0.04008335735662634, 'test_acc': 58.31}, 1: {'train_loss': 0.06150525060034345, 'test_acc': 60.99}, 2: {'train_loss': 0.02878083745058258, 'test_acc': 58.76}, 3: {'train_loss': 0.06415930894824366, 'test_acc': 65.56}, 4: {'train_loss': 0.05954364159874417, 'test_acc': 66.41}, 5: {'train_loss': 0.27839956618845463, 'test_acc': 30.28}, 6: {'train_loss': 0.06311441286417999, 'test_acc': 38.2}, 7: {'train_loss': 138.08095439715606, 'test_acc': 57.11}, 8: {'train_loss': 0.04884350093255075, 'test_acc': 59.03}, 9: {'train_loss': 136.9792103622899, 'test_acc': 58.33}}, 'server': {'test_acc': 59.66}}, 3: {'time': 269.7119228429947, 'parties': {0: {'train_loss': 1.5309547326834918, 'test_acc': 11.35}, 1: {'train_loss': 41.71519120131867, 'test_acc': 9.74}, 2: {'train_loss': 1.5941058600595754, 'test_acc': 9.82}, 3: {'train_loss': 1.419260369406806, 'test_acc': 9.74}, 4: {'train_loss': 40.19321227718044, 'test_acc': 10.09}, 5: {'train_loss': 0.9864428490400314, 'test_acc': 10.09}, 6: {'train_loss': 1.2649527537195306, 'test_acc': 10.28}, 7: {'train_loss': 1.5003918861088, 'test_acc': 11.35}, 8: {'train_loss': 1.5798674868602378, 'test_acc': 10.1}, 9: {'train_loss': 1.3450127551049897, 'test_acc': 12.72}}, 'server': {'test_acc': 11.35}}, 4: {'time': 338.3678505429998, 'parties': {0: {'train_loss': 1.5224695053006627, 'test_acc': 11.35}, 1: {'train_loss': 23.96963183487518, 'test_acc': 9.74}, 2: {'train_loss': 1.5918715896532518, 'test_acc': 9.82}, 3: {'train_loss': 1.4129815581772063, 'test_acc': 9.74}, 4: {'train_loss': 15.77484951148162, 'test_acc': 10.09}, 5: {'train_loss': 1.4275928735733032, 'test_acc': 10.09}, 6: {'train_loss': 1.2872114369743748, 'test_acc': 10.28}, 7: {'train_loss': 1.488416381886131, 'test_acc': 10.1}, 8: {'train_loss': 1.571933765037387, 'test_acc': 9.58}, 9: {'train_loss': 1.4937372424385764, 'test_acc': 10.28}}, 'server': {'test_acc': 9.58}}, 5: {'time': 406.20507792900025, 'parties': {0: {'train_loss': 1.5278644919982685, 'test_acc': 11.35}, 1: {'train_loss': 13.681863784790039, 'test_acc': 9.74}, 2: {'train_loss': 1.5918329307275225, 'test_acc': 9.82}, 3: {'train_loss': 1.3945977770619922, 'test_acc': 9.74}, 4: {'train_loss': 1.4418053127623893, 'test_acc': 10.09}, 5: {'train_loss': 1.7815170884132385, 'test_acc': 10.09}, 6: {'train_loss': 12.498214470712762, 'test_acc': 10.28}, 7: {'train_loss': 1.4977562879261217, 'test_acc': 11.35}, 8: {'train_loss': 1.5530382067549462, 'test_acc': 10.1}, 9: {'train_loss': 1.4843061476042776, 'test_acc': 10.28}}, 'server': {'test_acc': 10.28}}, 6: {'time': 474.56873536799685, 'parties': {0: {'train_loss': 1.5245693158633604, 'test_acc': 11.35}, 1: {'train_loss': 1.2443308000323139, 'test_acc': 9.74}, 2: {'train_loss': 1.5884583647861037, 'test_acc': 9.82}, 3: {'train_loss': 1.399944567018085, 'test_acc': 9.74}, 4: {'train_loss': 33.978176915967786, 'test_acc': 8.92}, 5: {'train_loss': 1.9910560548305511, 'test_acc': 10.32}, 6: {'train_loss': 1.3434606916026066, 'test_acc': 10.28}, 7: {'train_loss': 1.4998877588071322, 'test_acc': 10.1}, 8: {'train_loss': 15.771871174083037, 'test_acc': 10.1}, 9: {'train_loss': 1.4629692272706465, 'test_acc': 10.28}}, 'server': {'test_acc': 10.1}}, 7: {'time': 544.3612984539941, 'parties': {0: {'train_loss': 1.616737513119364, 'test_acc': 11.35}, 1: {'train_loss': 214.46321588830102, 'test_acc': 8.92}, 2: {'train_loss': 48.23579390474068, 'test_acc': 8.92}, 3: {'train_loss': 1.612392105989986, 'test_acc': 9.74}, 4: {'train_loss': 2.0107211196744763, 'test_acc': 10.32}, 5: {'train_loss': 4.162759244441986, 'test_acc': 9.58}, 6: {'train_loss': 2.321888885999981, 'test_acc': 10.28}, 7: {'train_loss': 1.979574411793759, 'test_acc': 10.1}, 8: {'train_loss': 1.5919643289902632, 'test_acc': 9.58}, 9: {'train_loss': 2.0052795952016655, 'test_acc': 10.28}}, 'server': {'test_acc': 10.28}}, 8: {'time': 612.6959246619954, 'parties': {0: {'train_loss': 1.5677041608124531, 'test_acc': 11.35}, 1: {'train_loss': 1.5923592199253132, 'test_acc': 9.74}, 2: {'train_loss': 1.6396049926447314, 'test_acc': 9.82}, 3: {'train_loss': 96.22153006659613, 'test_acc': 9.82}, 4: {'train_loss': 2.036503368132823, 'test_acc': 10.32}, 5: {'train_loss': 2.3509775698184967, 'test_acc': 10.32}, 6: {'train_loss': 2.1625280129282096, 'test_acc': 10.28}, 7: {'train_loss': 1.679025525795786, 'test_acc': 10.1}, 8: {'train_loss': 1.54982047922471, 'test_acc': 9.58}, 9: {'train_loss': 101.85551660711116, 'test_acc': 9.82}}, 'server': {'test_acc': 9.82}}, 9: {'time': 681.2928268419928, 'parties': {0: {'train_loss': 2.8118886759715713, 'test_acc': 10.28}, 1: {'train_loss': 824.6938105715981, 'test_acc': 8.92}, 2: {'train_loss': 4.8134629014850585, 'test_acc': 9.58}, 3: {'train_loss': 348.7541046142578, 'test_acc': 9.82}, 4: {'train_loss': 6.438585287815815, 'test_acc': 10.32}, 5: {'train_loss': 8.038065791130066, 'test_acc': 10.32}, 6: {'train_loss': 4.6611672075171215, 'test_acc': 10.28}, 7: {'train_loss': 4.7166555580339935, 'test_acc': 10.1}, 8: {'train_loss': 1.64176722016989, 'test_acc': 9.58}, 9: {'train_loss': 2.282276890494607, 'test_acc': 10.28}}, 'server': {'test_acc': 9.8}}, 10: {'time': 749.7305440460041, 'parties': {0: {'train_loss': 2.069784354106546, 'test_acc': 11.35}, 1: {'train_loss': 2.5412219461006456, 'test_acc': 9.74}, 2: {'train_loss': 3.9091237700262735, 'test_acc': 9.82}, 3: {'train_loss': 1.6812899625963635, 'test_acc': 9.74}, 4: {'train_loss': 5.034303336530118, 'test_acc': 10.32}, 5: {'train_loss': 5.707037448883057, 'test_acc': 10.32}, 6: {'train_loss': 3.1440343417619405, 'test_acc': 10.28}, 7: {'train_loss': 3.149904835851569, 'test_acc': 10.1}, 8: {'train_loss': 235.79370700611787, 'test_acc': 10.09}, 9: {'train_loss': 216.95649395566997, 'test_acc': 10.09}}, 'server': {'test_acc': 9.8}}, 11: {'time': 817.2633938979998, 'parties': {0: {'train_loss': 3.834584170374377, 'test_acc': 10.28}, 1: {'train_loss': 4.12777559666694, 'test_acc': 9.74}, 2: {'train_loss': 8.077599146569423, 'test_acc': 9.82}, 3: {'train_loss': 1.9854903668165207, 'test_acc': 9.74}, 4: {'train_loss': 10.294136131131971, 'test_acc': 10.32}, 5: {'train_loss': 258.85752868652344, 'test_acc': 10.09}, 6: {'train_loss': 4.349200662813689, 'test_acc': 10.28}, 7: {'train_loss': 5.96420424110011, 'test_acc': 10.1}, 8: {'train_loss': 1.6730491764405195, 'test_acc': 10.1}, 9: {'train_loss': 313.598994399562, 'test_acc': 11.35}}, 'server': {'test_acc': 9.8}}, 12: {'time': 886.2445315889927, 'parties': {0: {'train_loss': 1119.9754025313655, 'test_acc': 8.92}, 1: {'train_loss': 3.7933182837087895, 'test_acc': 9.74}, 2: {'train_loss': 7.160585430241371, 'test_acc': 9.82}, 3: {'train_loss': 1.6112409118149016, 'test_acc': 9.74}, 4: {'train_loss': 8.842623439995018, 'test_acc': 10.32}, 5: {'train_loss': 585.9157257080078, 'test_acc': 8.92}, 6: {'train_loss': 3.5349304927022835, 'test_acc': 10.28}, 7: {'train_loss': 4.41694430301064, 'test_acc': 10.1}, 8: {'train_loss': 1.6149122083888334, 'test_acc': 9.58}, 9: {'train_loss': 1.7270928838036277, 'test_acc': 10.28}}, 'server': {'test_acc': 8.92}}, 13: {'time': 954.1320427850005, 'parties': {0: {'train_loss': 11.021285895643564, 'test_acc': 11.35}, 1: {'train_loss': 18.677214242235014, 'test_acc': 9.74}, 2: {'train_loss': 24.332967821017718, 'test_acc': 9.82}, 3: {'train_loss': 2.429246872663498, 'test_acc': 9.74}, 4: {'train_loss': 26.06113589776529, 'test_acc': 10.32}, 5: {'train_loss': 26.445058822631836, 'test_acc': 10.28}, 6: {'train_loss': 126.70584347373561, 'test_acc': 10.28}, 7: {'train_loss': 16.229544248078998, 'test_acc': 11.35}, 8: {'train_loss': 1.9567233324050903, 'test_acc': 10.1}, 9: {'train_loss': 17.547297925660104, 'test_acc': 10.28}}, 'server': {'test_acc': 10.28}}, 14: {'time': 1022.5779412339907, 'parties': {0: {'train_loss': 25.21096647666593, 'test_acc': 11.35}, 1: {'train_loss': 40.767299108867405, 'test_acc': 9.74}, 2: {'train_loss': 105.35212794754857, 'test_acc': 9.58}, 3: {'train_loss': 3.888844973511166, 'test_acc': 9.74}, 4: {'train_loss': 113.61903494757576, 'test_acc': 10.32}, 5: {'train_loss': 809.8014678955078, 'test_acc': 10.28}, 6: {'train_loss': 36.74088543339779, 'test_acc': 10.28}, 7: {'train_loss': 36.75093640779194, 'test_acc': 10.1}, 8: {'train_loss': 12.046900795955285, 'test_acc': 10.1}, 9: {'train_loss': 4.6441434368942724, 'test_acc': 10.28}}, 'server': {'test_acc': 10.28}}, 15: {'time': 1090.8565970420022, 'parties': {0: {'train_loss': 27.876477100579024, 'test_acc': 11.35}, 1: {'train_loss': 45.98728624174866, 'test_acc': 9.74}, 2: {'train_loss': 120.19492326780806, 'test_acc': 9.58}, 3: {'train_loss': 4.130507065190209, 'test_acc': 9.74}, 4: {'train_loss': 127.17535421010611, 'test_acc': 10.32}, 5: {'train_loss': 113.54404354095459, 'test_acc': 10.28}, 6: {'train_loss': 319.5577420686421, 'test_acc': 10.28}, 7: {'train_loss': 315.24637916966486, 'test_acc': 11.35}, 8: {'train_loss': 2.5977820929358986, 'test_acc': 10.1}, 9: {'train_loss': 4.861034458333796, 'test_acc': 10.28}}, 'server': {'test_acc': 10.1}}, 16: {'time': 1159.7036824160023, 'parties': {0: {'train_loss': 53.559132444447485, 'test_acc': 11.35}, 1: {'train_loss': 89.88496647605413, 'test_acc': 9.74}, 2: {'train_loss': 248.02557112819466, 'test_acc': 9.58}, 3: {'train_loss': 5.917269895474116, 'test_acc': 9.74}, 4: {'train_loss': 250.19241539207664, 'test_acc': 10.32}, 5: {'train_loss': 207.109224319458, 'test_acc': 10.1}, 6: {'train_loss': 84.9166528802169, 'test_acc': 10.28}, 7: {'train_loss': 612.6958765933388, 'test_acc': 11.35}, 8: {'train_loss': 21.13162109898586, 'test_acc': 10.1}, 9: {'train_loss': 6.945403503649162, 'test_acc': 10.28}}, 'server': {'test_acc': 10.1}}, 17: {'time': 1227.8759506709903, 'parties': {0: {'train_loss': 164.6791482934811, 'test_acc': 11.35}, 1: {'train_loss': 276.19217121752, 'test_acc': 9.74}, 2: {'train_loss': 788.5347728877105, 'test_acc': 9.58}, 3: {'train_loss': 14.449143124951256, 'test_acc': 9.74}, 4: {'train_loss': 771.2111919506176, 'test_acc': 10.32}, 5: {'train_loss': 653.2710266113281, 'test_acc': 10.1}, 6: {'train_loss': 246.22755412051552, 'test_acc': 10.28}, 7: {'train_loss': 237.91933722245065, 'test_acc': 11.35}, 8: {'train_loss': 55.86627596967361, 'test_acc': 10.1}, 9: {'train_loss': 136.65643137151545, 'test_acc': 10.28}}, 'server': {'test_acc': 10.28}}, 18: {'time': 1295.640404595004, 'parties': {0: {'train_loss': 298.01066147752584, 'test_acc': 11.35}, 1: {'train_loss': 495.23722317852554, 'test_acc': 9.74}, 2: {'train_loss': 1430.1853975990946, 'test_acc': 9.58}, 3: {'train_loss': 194.41712167527942, 'test_acc': 9.74}, 4: {'train_loss': 1389.7643531593117, 'test_acc': 10.32}, 5: {'train_loss': 1158.8271942138672, 'test_acc': 10.28}, 6: {'train_loss': 3710.050132349918, 'test_acc': 10.28}, 7: {'train_loss': 425.9888074372944, 'test_acc': 11.35}, 8: {'train_loss': 13.061987806768979, 'test_acc': 10.1}, 9: {'train_loss': 29.667282140616216, 'test_acc': 10.28}}, 'server': {'test_acc': 9.74}}, 19: {'time': 1364.0697988750035, 'parties': {0: {'train_loss': 498.52247431712783, 'test_acc': 11.35}, 1: {'train_loss': 829.7943951570535, 'test_acc': 9.74}, 2: {'train_loss': 2412.9904718916546, 'test_acc': 9.58}, 3: {'train_loss': 39.7800287819571, 'test_acc': 9.74}, 4: {'train_loss': 2338.9173435520484, 'test_acc': 10.32}, 5: {'train_loss': 1985.2590026855469, 'test_acc': 9.74}, 6: {'train_loss': 730.9858165540194, 'test_acc': 10.28}, 7: {'train_loss': 716.2821427194696, 'test_acc': 11.35}, 8: {'train_loss': 162.49823450574686, 'test_acc': 9.58}, 9: {'train_loss': 384.14946053244853, 'test_acc': 10.28}}, 'server': {'test_acc': 10.1}}, 20: {'time': 1431.1476655799925, 'parties': {0: {'train_loss': 1470.6049601738089, 'test_acc': 11.35}, 1: {'train_loss': 19659.55557135087, 'test_acc': 9.74}, 2: {'train_loss': 7170.341810122941, 'test_acc': 9.58}, 3: {'train_loss': 116.27489635679457, 'test_acc': 9.74}, 4: {'train_loss': 6927.972445101352, 'test_acc': 10.32}, 5: {'train_loss': 45608.51171875, 'test_acc': 10.1}, 6: {'train_loss': 2309.0885812859788, 'test_acc': 10.28}, 7: {'train_loss': 2137.650041118421, 'test_acc': 11.35}, 8: {'train_loss': 58.87177299518211, 'test_acc': 10.1}, 9: {'train_loss': 144.00113666418827, 'test_acc': 10.28}}, 'server': {'test_acc': 9.8}}, 21: {'time': 1498.3026574090036, 'parties': {0: {'train_loss': 1473.473114539837, 'test_acc': 11.35}, 1: {'train_loss': 19677.210724263252, 'test_acc': 9.74}, 2: {'train_loss': 7155.574466675751, 'test_acc': 9.58}, 3: {'train_loss': 113.8154010557466, 'test_acc': 9.74}, 4: {'train_loss': 6916.948776657517, 'test_acc': 10.32}, 5: {'train_loss': 5691.117370605469, 'test_acc': 11.35}, 6: {'train_loss': 2195.2165157920435, 'test_acc': 10.28}, 7: {'train_loss': 2114.0794998972037, 'test_acc': 11.35}, 8: {'train_loss': 58.80143334468206, 'test_acc': 10.1}, 9: {'train_loss': 1113.3401110100024, 'test_acc': 10.28}}, 'server': {'test_acc': 9.8}}, 22: {'time': 1566.8764479809906, 'parties': {0: {'train_loss': 1473.9858392424185, 'test_acc': 11.35}, 1: {'train_loss': 2441.535171863399, 'test_acc': 9.74}, 2: {'train_loss': 57136.99118822674, 'test_acc': 9.58}, 3: {'train_loss': 112.53656191461616, 'test_acc': 9.74}, 4: {'train_loss': 6908.877787822002, 'test_acc': 10.32}, 5: {'train_loss': 44538.777587890625, 'test_acc': 9.8}, 6: {'train_loss': 2229.7609991776317, 'test_acc': 10.28}, 7: {'train_loss': 2120.4849557976972, 'test_acc': 11.35}, 8: {'train_loss': 58.72648323283476, 'test_acc': 9.58}, 9: {'train_loss': 138.476994601163, 'test_acc': 10.28}}, 'server': {'test_acc': 9.58}}, 23: {'time': 1633.8701741289988, 'parties': {0: {'train_loss': 5513.848855906519, 'test_acc': 11.35}, 1: {'train_loss': 73319.25514240506, 'test_acc': 9.74}, 2: {'train_loss': 26777.26915652253, 'test_acc': 9.58}, 3: {'train_loss': 417.05313428243, 'test_acc': 9.74}, 4: {'train_loss': 25894.519716005067, 'test_acc': 10.32}, 5: {'train_loss': 21502.078857421875, 'test_acc': 10.32}, 6: {'train_loss': 65696.39206414473, 'test_acc': 9.8}, 7: {'train_loss': 7928.175203022204, 'test_acc': 11.35}, 8: {'train_loss': 230.33894359364228, 'test_acc': 10.1}, 9: {'train_loss': 531.6012880729907, 'test_acc': 10.28}}, 'server': {'test_acc': 9.8}}, 24: {'time': 1701.4780310630013, 'parties': {0: {'train_loss': 5498.988419556265, 'test_acc': 11.35}, 1: {'train_loss': 73743.23699933063, 'test_acc': 9.74}, 2: {'train_loss': 26751.676943283674, 'test_acc': 9.58}, 3: {'train_loss': 3344.6635228594146, 'test_acc': 9.74}, 4: {'train_loss': 25876.561866554053, 'test_acc': 10.32}, 5: {'train_loss': 22121.63134765625, 'test_acc': 9.8}, 6: {'train_loss': 8345.032555209962, 'test_acc': 10.28}, 7: {'train_loss': 7966.1248201069075, 'test_acc': 11.35}, 8: {'train_loss': 215.64924169989195, 'test_acc': 10.1}, 9: {'train_loss': 513.4488194783529, 'test_acc': 10.28}}, 'server': {'test_acc': 9.8}}, 25: {'time': 1770.0874961859954, 'parties': {0: {'train_loss': 5474.253290538717, 'test_acc': 11.35}, 1: {'train_loss': 9192.259113553204, 'test_acc': 9.74}, 2: {'train_loss': 213828.34738372092, 'test_acc': 9.58}, 3: {'train_loss': 411.1657926771376, 'test_acc': 9.74}, 4: {'train_loss': 25853.982712204393, 'test_acc': 10.32}, 5: {'train_loss': 20403.19775390625, 'test_acc': 11.35}, 6: {'train_loss': 65602.87052837171, 'test_acc': 10.28}, 7: {'train_loss': 7926.762571957237, 'test_acc': 11.35}, 8: {'train_loss': 215.48871879016653, 'test_acc': 9.58}, 9: {'train_loss': 503.82094180945194, 'test_acc': 10.28}}, 'server': {'test_acc': 9.58}}, 26: {'time': 1837.7837283769913, 'parties': {0: {'train_loss': 23053.360440268305, 'test_acc': 11.35}, 1: {'train_loss': 308498.66248022154, 'test_acc': 9.74}, 2: {'train_loss': 112578.34567284399, 'test_acc': 9.58}, 3: {'train_loss': 1718.6777025858562, 'test_acc': 9.74}, 4: {'train_loss': 871187.8243243244, 'test_acc': 10.32}, 5: {'train_loss': 91286.4619140625, 'test_acc': 10.32}, 6: {'train_loss': 33950.07615699893, 'test_acc': 9.8}, 7: {'train_loss': 33181.19391447368, 'test_acc': 10.1}, 8: {'train_loss': 902.4838334380412, 'test_acc': 10.1}, 9: {'train_loss': 2176.0768950491242, 'test_acc': 10.28}}, 'server': {'test_acc': 10.32}}, 27: {'time': 1905.8267907980044, 'parties': {0: {'train_loss': 82123.53273168103, 'test_acc': 11.35}, 1: {'train_loss': 137669.02519310729, 'test_acc': 9.74}, 2: {'train_loss': 399580.7114219961, 'test_acc': 9.58}, 3: {'train_loss': 48768.4005601671, 'test_acc': 9.74}, 4: {'train_loss': 386412.9615709459, 'test_acc': 10.32}, 5: {'train_loss': 311266.7265625, 'test_acc': 10.32}, 6: {'train_loss': 122557.17321134868, 'test_acc': 9.8}, 7: {'train_loss': 948499.6236842105, 'test_acc': 10.1}, 8: {'train_loss': 3199.417476976619, 'test_acc': 9.58}, 9: {'train_loss': 7355.808661424752, 'test_acc': 10.32}}, 'server': {'test_acc': 9.58}}, 28: {'time': 1973.3829862729908, 'parties': {0: {'train_loss': 282679.536637931, 'test_acc': 10.1}, 1: {'train_loss': 468086.74891218357, 'test_acc': 10.1}, 2: {'train_loss': 1369617.8493217055, 'test_acc': 10.32}, 3: {'train_loss': 21369.949693467883, 'test_acc': 9.58}, 4: {'train_loss': 10595521.986486487, 'test_acc': 10.32}, 5: {'train_loss': 1110415.0, 'test_acc': 10.32}, 6: {'train_loss': 420060.1554276316, 'test_acc': 9.8}, 7: {'train_loss': 407292.16003289475, 'test_acc': 10.1}, 8: {'train_loss': 11410.791096312158, 'test_acc': 10.1}, 9: {'train_loss': 201664.26919428507, 'test_acc': 10.32}}, 'server': {'test_acc': 10.32}}, 29: {'time': 2041.967634945002, 'parties': {0: {'train_loss': 836216.4995381774, 'test_acc': 9.8}, 1: {'train_loss': 11186755.088607594, 'test_acc': 9.8}, 2: {'train_loss': 4076020.3372093025, 'test_acc': 9.8}, 3: {'train_loss': 73076.33174641927, 'test_acc': 9.58}, 4: {'train_loss': 3942128.246621622, 'test_acc': 10.32}, 5: {'train_loss': 3240170.25, 'test_acc': 10.32}, 6: {'train_loss': 1229191.0534539474, 'test_acc': 9.8}, 7: {'train_loss': 1208151.3302631578, 'test_acc': 10.1}, 8: {'train_loss': 260974.10770629434, 'test_acc': 10.1}, 9: {'train_loss': 75026.76896951416, 'test_acc': 10.32}}, 'server': {'test_acc': 9.8}}}
