2025-05-12 14:17:19,253 - INFO - util_sys - get_available_device - no preferred device is specified, using the available device for pythorch
2025-05-12 14:17:19,294 - INFO - util_sys - get_available_device - using cuda device for pythorch
2025-05-12 14:17:19,294 - INFO - util_sys - create_folder_if_not_exists - Folder './data/mnist/' already exists.
2025-05-12 14:17:19,348 - INFO - util_data - get_client_data - partitioning the data into non-IID setting
2025-05-12 14:17:19,663 - INFO - util_data - record_data_statistic - Client 0 - total training samples: 807
2025-05-12 14:17:19,663 - INFO - util_data - record_data_statistic - Client 0 - training label distribution: defaultdict(<class 'int'>, {1: 260, 3: 10, 4: 81, 5: 67, 6: 4, 7: 58, 8: 1, 9: 326})
2025-05-12 14:17:20,748 - INFO - util_data - record_data_statistic - Client 1 - total training samples: 8513
2025-05-12 14:17:20,748 - INFO - util_data - record_data_statistic - Client 1 - training label distribution: defaultdict(<class 'int'>, {0: 2429, 1: 618, 2: 15, 3: 3504, 4: 491, 5: 81, 6: 204, 7: 2, 8: 1157, 9: 12})
2025-05-12 14:17:22,160 - INFO - util_data - record_data_statistic - Client 2 - total training samples: 11357
2025-05-12 14:17:22,160 - INFO - util_data - record_data_statistic - Client 2 - training label distribution: defaultdict(<class 'int'>, {1: 4157, 2: 3384, 3: 961, 4: 598, 5: 1128, 6: 131, 7: 874, 8: 63, 9: 61})
2025-05-12 14:17:23,655 - INFO - util_data - record_data_statistic - Client 3 - total training samples: 12114
2025-05-12 14:17:23,655 - INFO - util_data - record_data_statistic - Client 3 - training label distribution: defaultdict(<class 'int'>, {0: 479, 1: 129, 2: 1456, 3: 18, 4: 299, 5: 18, 6: 4947, 7: 2662, 8: 1635, 9: 471})
2025-05-12 14:17:23,798 - INFO - util_data - record_data_statistic - Client 4 - total training samples: 1119
2025-05-12 14:17:23,798 - INFO - util_data - record_data_statistic - Client 4 - training label distribution: defaultdict(<class 'int'>, {0: 1, 1: 191, 2: 2, 3: 7, 4: 5, 5: 333, 6: 241, 7: 150, 8: 188, 9: 1})
2025-05-12 14:17:24,302 - INFO - util_data - record_data_statistic - Client 5 - total training samples: 4107
2025-05-12 14:17:24,303 - INFO - util_data - record_data_statistic - Client 5 - training label distribution: defaultdict(<class 'int'>, {0: 2956, 1: 165, 2: 23, 3: 7, 4: 29, 5: 557, 6: 308, 7: 23, 9: 39})
2025-05-12 14:17:24,809 - INFO - util_data - record_data_statistic - Client 6 - total training samples: 4135
2025-05-12 14:17:24,809 - INFO - util_data - record_data_statistic - Client 6 - training label distribution: defaultdict(<class 'int'>, {0: 56, 2: 927, 3: 380, 4: 27, 5: 122, 6: 16, 7: 945, 8: 132, 9: 1530})
2025-05-12 14:17:25,493 - INFO - util_data - record_data_statistic - Client 7 - total training samples: 5625
2025-05-12 14:17:25,493 - INFO - util_data - record_data_statistic - Client 7 - training label distribution: defaultdict(<class 'int'>, {0: 1, 1: 439, 2: 29, 3: 1210, 4: 7, 5: 7, 6: 65, 7: 119, 8: 339, 9: 3409})
2025-05-12 14:17:26,221 - INFO - util_data - record_data_statistic - Client 8 - total training samples: 5934
2025-05-12 14:17:26,221 - INFO - util_data - record_data_statistic - Client 8 - training label distribution: defaultdict(<class 'int'>, {1: 782, 2: 119, 3: 15, 4: 6, 5: 1192, 6: 1, 7: 1429, 8: 2291, 9: 99})
2025-05-12 14:17:26,992 - INFO - util_data - record_data_statistic - Client 9 - total training samples: 6289
2025-05-12 14:17:26,992 - INFO - util_data - record_data_statistic - Client 9 - training label distribution: defaultdict(<class 'int'>, {0: 1, 1: 1, 2: 3, 3: 19, 4: 4299, 5: 1916, 6: 1, 7: 3, 8: 45, 9: 1})
2025-05-12 14:17:27,158 - INFO - fl - start - start the FL simulation
2025-05-12 14:17:27,158 - INFO - fl - start - start training round 0
2025-05-12 14:17:27,160 - INFO - fl - start - no attack at the round 0
2025-05-12 14:17:27,160 - INFO - fl - start - start client 0 training
2025-05-12 14:17:27,160 - INFO - fl - client_local_train - client 0 start local training ...
2025-05-12 14:17:29,314 - INFO - fl - start - end client 0 training
2025-05-12 14:17:29,314 - INFO - fl - start - client 0 evaluation metrics: {'train_loss': 0.8510132294434768, 'test_acc': 21.12}
2025-05-12 14:17:29,314 - INFO - fl - start - start client 1 training
2025-05-12 14:17:29,314 - INFO - fl - client_local_train - client 1 start local training ...
2025-05-12 14:17:36,142 - INFO - fl - start - end client 1 training
2025-05-12 14:17:36,142 - INFO - fl - start - client 1 evaluation metrics: {'train_loss': 0.07068859283993048, 'test_acc': 62.72}
2025-05-12 14:17:36,142 - INFO - fl - start - start client 2 training
2025-05-12 14:17:36,142 - INFO - fl - client_local_train - client 2 start local training ...
2025-05-12 14:17:44,702 - INFO - fl - start - end client 2 training
2025-05-12 14:17:44,702 - INFO - fl - start - client 2 evaluation metrics: {'train_loss': 0.0688379476385798, 'test_acc': 73.86}
2025-05-12 14:17:44,702 - INFO - fl - start - start client 3 training
2025-05-12 14:17:44,702 - INFO - fl - client_local_train - client 3 start local training ...
2025-05-12 14:17:53,722 - INFO - fl - start - end client 3 training
2025-05-12 14:17:53,722 - INFO - fl - start - client 3 evaluation metrics: {'train_loss': 0.06918712744587346, 'test_acc': 76.28}
2025-05-12 14:17:53,722 - INFO - fl - start - start client 4 training
2025-05-12 14:17:53,722 - INFO - fl - client_local_train - client 4 start local training ...
2025-05-12 14:17:55,778 - INFO - fl - start - end client 4 training
2025-05-12 14:17:55,779 - INFO - fl - start - client 4 evaluation metrics: {'train_loss': 0.5702473918596903, 'test_acc': 42.62}
2025-05-12 14:17:55,779 - INFO - fl - start - start client 5 training
2025-05-12 14:17:55,779 - INFO - fl - client_local_train - client 5 start local training ...
2025-05-12 14:17:59,769 - INFO - fl - start - end client 5 training
2025-05-12 14:17:59,769 - INFO - fl - start - client 5 evaluation metrics: {'train_loss': 0.10150327427456012, 'test_acc': 47.47}
2025-05-12 14:17:59,769 - INFO - fl - start - start client 6 training
2025-05-12 14:17:59,769 - INFO - fl - client_local_train - client 6 start local training ...
2025-05-12 14:18:03,720 - INFO - fl - start - end client 6 training
2025-05-12 14:18:03,720 - INFO - fl - start - client 6 evaluation metrics: {'train_loss': 0.2040155440568924, 'test_acc': 64.78}
2025-05-12 14:18:03,720 - INFO - fl - start - start client 7 training
2025-05-12 14:18:03,720 - INFO - fl - client_local_train - client 7 start local training ...
2025-05-12 14:18:08,660 - INFO - fl - start - end client 7 training
2025-05-12 14:18:08,660 - INFO - fl - start - client 7 evaluation metrics: {'train_loss': 0.12957651168107986, 'test_acc': 50.76}
2025-05-12 14:18:08,660 - INFO - fl - start - start client 8 training
2025-05-12 14:18:08,660 - INFO - fl - client_local_train - client 8 start local training ...
2025-05-12 14:18:13,774 - INFO - fl - start - end client 8 training
2025-05-12 14:18:13,775 - INFO - fl - start - client 8 evaluation metrics: {'train_loss': 0.06989206784274629, 'test_acc': 52.02}
2025-05-12 14:18:13,775 - INFO - fl - start - start client 9 training
2025-05-12 14:18:13,775 - INFO - fl - client_local_train - client 9 start local training ...
2025-05-12 14:18:19,148 - INFO - fl - start - end client 9 training
2025-05-12 14:18:19,149 - INFO - fl - start - client 9 evaluation metrics: {'train_loss': 0.029403793475604758, 'test_acc': 21.87}
2025-05-12 14:18:19,149 - INFO - fl - aggregate_model - start model aggregation...fusion method: dual_defense
2025-05-12 14:18:19,149 - INFO - fl - aggregate_model - start hyper-guard fusion with epsilon 0.01
2025-05-12 14:18:19,149 - INFO - fl - aggregate_model - round 0 attackers: []
2025-05-12 14:18:29,991 - DEBUG - util_fusion - fusion_dual_defense - client 0 scores: {0: array([1763.58301996]), 1: array([1167.4049525]), 2: array([1068.37087574]), 3: array([1062.60355911]), 4: array([1608.32092191]), 5: array([1409.97552517]), 6: array([1273.38110939]), 7: array([1291.78488674]), 8: array([1204.44981803]), 9: array([1414.05990566])}
2025-05-12 14:18:29,992 - DEBUG - util_fusion - fusion_dual_defense - client 0 norm scores: {0: array([1.]), 1: array([0.14950708]), 2: array([0.00822751]), 3: array([0.]), 4: array([0.77850692]), 5: array([0.49555227]), 6: array([0.30069005]), 7: array([0.32694443]), 8: array([0.20235437]), 9: array([0.50137895])}
2025-05-12 14:18:29,992 - DEBUG - util_fusion - fusion_dual_defense - client 0 similarity threshold: 0.3763161590933741
2025-05-12 14:18:29,992 - INFO - util_fusion - fusion_dual_defense - client 0 selected fusion benigns: [0, 4, 5, 9]
2025-05-12 14:18:30,001 - DEBUG - util_fusion - fusion_dual_defense - client 1 scores: {0: array([1763.58301996]), 1: array([1167.4049525]), 2: array([1068.37087574]), 3: array([1062.60355911]), 4: array([1608.32092191]), 5: array([1409.97552517]), 6: array([1273.38110939]), 7: array([1291.78488674]), 8: array([1204.44981803]), 9: array([1414.05990566])}
2025-05-12 14:18:30,001 - DEBUG - util_fusion - fusion_dual_defense - client 1 norm scores: {0: array([1.]), 1: array([0.14950708]), 2: array([0.00822751]), 3: array([0.]), 4: array([0.77850692]), 5: array([0.49555227]), 6: array([0.30069005]), 7: array([0.32694443]), 8: array([0.20235437]), 9: array([0.50137895])}
2025-05-12 14:18:30,001 - DEBUG - util_fusion - fusion_dual_defense - client 1 similarity threshold: 0.3763161590933741
2025-05-12 14:18:30,001 - INFO - util_fusion - fusion_dual_defense - client 1 selected fusion benigns: [0, 4, 5, 9]
2025-05-12 14:18:30,010 - DEBUG - util_fusion - fusion_dual_defense - client 2 scores: {0: array([1763.58301996]), 1: array([1167.4049525]), 2: array([1068.37087574]), 3: array([1062.60355911]), 4: array([1608.32092191]), 5: array([1409.97552517]), 6: array([1273.38110939]), 7: array([1291.78488674]), 8: array([1204.44981803]), 9: array([1414.05990566])}
2025-05-12 14:18:30,010 - DEBUG - util_fusion - fusion_dual_defense - client 2 norm scores: {0: array([1.]), 1: array([0.14950708]), 2: array([0.00822751]), 3: array([0.]), 4: array([0.77850692]), 5: array([0.49555227]), 6: array([0.30069005]), 7: array([0.32694443]), 8: array([0.20235437]), 9: array([0.50137895])}
2025-05-12 14:18:30,010 - DEBUG - util_fusion - fusion_dual_defense - client 2 similarity threshold: 0.3763161590933741
2025-05-12 14:18:30,010 - INFO - util_fusion - fusion_dual_defense - client 2 selected fusion benigns: [0, 4, 5, 9]
2025-05-12 14:18:30,019 - DEBUG - util_fusion - fusion_dual_defense - client 3 scores: {0: array([1763.58301996]), 1: array([1167.4049525]), 2: array([1068.37087574]), 3: array([1062.60355911]), 4: array([1608.32092191]), 5: array([1409.97552517]), 6: array([1273.38110939]), 7: array([1291.78488674]), 8: array([1204.44981803]), 9: array([1414.05990566])}
2025-05-12 14:18:30,019 - DEBUG - util_fusion - fusion_dual_defense - client 3 norm scores: {0: array([1.]), 1: array([0.14950708]), 2: array([0.00822751]), 3: array([0.]), 4: array([0.77850692]), 5: array([0.49555227]), 6: array([0.30069005]), 7: array([0.32694443]), 8: array([0.20235437]), 9: array([0.50137895])}
2025-05-12 14:18:30,019 - DEBUG - util_fusion - fusion_dual_defense - client 3 similarity threshold: 0.3763161590933741
2025-05-12 14:18:30,019 - INFO - util_fusion - fusion_dual_defense - client 3 selected fusion benigns: [0, 4, 5, 9]
2025-05-12 14:18:30,028 - DEBUG - util_fusion - fusion_dual_defense - client 4 scores: {0: array([1763.58301996]), 1: array([1167.4049525]), 2: array([1068.37087574]), 3: array([1062.60355911]), 4: array([1608.32092191]), 5: array([1409.97552517]), 6: array([1273.38110939]), 7: array([1291.78488674]), 8: array([1204.44981803]), 9: array([1414.05990566])}
2025-05-12 14:18:30,028 - DEBUG - util_fusion - fusion_dual_defense - client 4 norm scores: {0: array([1.]), 1: array([0.14950708]), 2: array([0.00822751]), 3: array([0.]), 4: array([0.77850692]), 5: array([0.49555227]), 6: array([0.30069005]), 7: array([0.32694443]), 8: array([0.20235437]), 9: array([0.50137895])}
2025-05-12 14:18:30,028 - DEBUG - util_fusion - fusion_dual_defense - client 4 similarity threshold: 0.3763161590933741
2025-05-12 14:18:30,029 - INFO - util_fusion - fusion_dual_defense - client 4 selected fusion benigns: [0, 4, 5, 9]
2025-05-12 14:18:30,037 - DEBUG - util_fusion - fusion_dual_defense - client 5 scores: {0: array([1763.58301996]), 1: array([1167.4049525]), 2: array([1068.37087574]), 3: array([1062.60355911]), 4: array([1608.32092191]), 5: array([1409.97552517]), 6: array([1273.38110939]), 7: array([1291.78488674]), 8: array([1204.44981803]), 9: array([1414.05990566])}
2025-05-12 14:18:30,037 - DEBUG - util_fusion - fusion_dual_defense - client 5 norm scores: {0: array([1.]), 1: array([0.14950708]), 2: array([0.00822751]), 3: array([0.]), 4: array([0.77850692]), 5: array([0.49555227]), 6: array([0.30069005]), 7: array([0.32694443]), 8: array([0.20235437]), 9: array([0.50137895])}
2025-05-12 14:18:30,037 - DEBUG - util_fusion - fusion_dual_defense - client 5 similarity threshold: 0.3763161590933741
2025-05-12 14:18:30,038 - INFO - util_fusion - fusion_dual_defense - client 5 selected fusion benigns: [0, 4, 5, 9]
2025-05-12 14:18:30,046 - DEBUG - util_fusion - fusion_dual_defense - client 6 scores: {0: array([1763.58301996]), 1: array([1167.4049525]), 2: array([1068.37087574]), 3: array([1062.60355911]), 4: array([1608.32092191]), 5: array([1409.97552517]), 6: array([1273.38110939]), 7: array([1291.78488674]), 8: array([1204.44981803]), 9: array([1414.05990566])}
2025-05-12 14:18:30,048 - DEBUG - util_fusion - fusion_dual_defense - client 6 norm scores: {0: array([1.]), 1: array([0.14950708]), 2: array([0.00822751]), 3: array([0.]), 4: array([0.77850692]), 5: array([0.49555227]), 6: array([0.30069005]), 7: array([0.32694443]), 8: array([0.20235437]), 9: array([0.50137895])}
2025-05-12 14:18:30,048 - DEBUG - util_fusion - fusion_dual_defense - client 6 similarity threshold: 0.3763161590933741
2025-05-12 14:18:30,048 - INFO - util_fusion - fusion_dual_defense - client 6 selected fusion benigns: [0, 4, 5, 9]
2025-05-12 14:18:30,057 - DEBUG - util_fusion - fusion_dual_defense - client 7 scores: {0: array([1763.58301996]), 1: array([1167.4049525]), 2: array([1068.37087574]), 3: array([1062.60355911]), 4: array([1608.32092191]), 5: array([1409.97552517]), 6: array([1273.38110939]), 7: array([1291.78488674]), 8: array([1204.44981803]), 9: array([1414.05990566])}
2025-05-12 14:18:30,057 - DEBUG - util_fusion - fusion_dual_defense - client 7 norm scores: {0: array([1.]), 1: array([0.14950708]), 2: array([0.00822751]), 3: array([0.]), 4: array([0.77850692]), 5: array([0.49555227]), 6: array([0.30069005]), 7: array([0.32694443]), 8: array([0.20235437]), 9: array([0.50137895])}
2025-05-12 14:18:30,057 - DEBUG - util_fusion - fusion_dual_defense - client 7 similarity threshold: 0.3763161590933741
2025-05-12 14:18:30,057 - INFO - util_fusion - fusion_dual_defense - client 7 selected fusion benigns: [0, 4, 5, 9]
2025-05-12 14:18:30,066 - DEBUG - util_fusion - fusion_dual_defense - client 8 scores: {0: array([1763.58301996]), 1: array([1167.4049525]), 2: array([1068.37087574]), 3: array([1062.60355911]), 4: array([1608.32092191]), 5: array([1409.97552517]), 6: array([1273.38110939]), 7: array([1291.78488674]), 8: array([1204.44981803]), 9: array([1414.05990566])}
2025-05-12 14:18:30,066 - DEBUG - util_fusion - fusion_dual_defense - client 8 norm scores: {0: array([1.]), 1: array([0.14950708]), 2: array([0.00822751]), 3: array([0.]), 4: array([0.77850692]), 5: array([0.49555227]), 6: array([0.30069005]), 7: array([0.32694443]), 8: array([0.20235437]), 9: array([0.50137895])}
2025-05-12 14:18:30,066 - DEBUG - util_fusion - fusion_dual_defense - client 8 similarity threshold: 0.3763161590933741
2025-05-12 14:18:30,066 - INFO - util_fusion - fusion_dual_defense - client 8 selected fusion benigns: [0, 4, 5, 9]
2025-05-12 14:18:30,075 - DEBUG - util_fusion - fusion_dual_defense - client 9 scores: {0: array([1763.58301996]), 1: array([1167.4049525]), 2: array([1068.37087574]), 3: array([1062.60355911]), 4: array([1608.32092191]), 5: array([1409.97552517]), 6: array([1273.38110939]), 7: array([1291.78488674]), 8: array([1204.44981803]), 9: array([1414.05990566])}
2025-05-12 14:18:30,075 - DEBUG - util_fusion - fusion_dual_defense - client 9 norm scores: {0: array([1.]), 1: array([0.14950708]), 2: array([0.00822751]), 3: array([0.]), 4: array([0.77850692]), 5: array([0.49555227]), 6: array([0.30069005]), 7: array([0.32694443]), 8: array([0.20235437]), 9: array([0.50137895])}
2025-05-12 14:18:30,076 - DEBUG - util_fusion - fusion_dual_defense - client 9 similarity threshold: 0.3763161590933741
2025-05-12 14:18:30,076 - INFO - util_fusion - fusion_dual_defense - client 9 selected fusion benigns: [0, 4, 5, 9]
2025-05-12 14:18:30,076 - DEBUG - util_fusion - fusion_dual_defense - final fusion benigns: (0, 4, 5, 9)
2025-05-12 14:18:31,723 - INFO - fl - start - global side -  test accuracy: 19.03
2025-05-12 14:18:31,723 - INFO - fl - start - global side iteration 0 -  test accuracy: 19.03
2025-05-12 14:18:31,724 - INFO - fl - start - start training round 1
2025-05-12 14:18:31,725 - INFO - fl - start - round 1 attackers: [7, 1]
2025-05-12 14:18:31,726 - INFO - fl - start - start client 0 training
2025-05-12 14:18:31,726 - INFO - fl - client_local_train - client 0 start local training ...
2025-05-12 14:18:33,575 - INFO - fl - start - end client 0 training
2025-05-12 14:18:33,575 - INFO - fl - start - client 0 evaluation metrics: {'train_loss': 0.32328078609246474, 'test_acc': 41.02}
2025-05-12 14:18:33,575 - INFO - fl - start - start client 1 training
2025-05-12 14:18:33,575 - INFO - fl - client_local_train - client 1 start local training ...
2025-05-12 14:18:37,850 - INFO - fl - client_local_train - client 1 is attacker, start poisoning model
2025-05-12 14:18:42,803 - INFO - fl - start - end client 1 training
2025-05-12 14:18:42,804 - INFO - fl - start - client 1 evaluation metrics: {'train_loss': 124.5640626309523, 'test_acc': 65.53}
2025-05-12 14:18:42,804 - INFO - fl - start - start client 2 training
2025-05-12 14:18:42,804 - INFO - fl - client_local_train - client 2 start local training ...
2025-05-12 14:18:51,371 - INFO - fl - start - end client 2 training
2025-05-12 14:18:51,371 - INFO - fl - start - client 2 evaluation metrics: {'train_loss': 0.05408877443804751, 'test_acc': 78.16}
2025-05-12 14:18:51,371 - INFO - fl - start - start client 3 training
2025-05-12 14:18:51,371 - INFO - fl - client_local_train - client 3 start local training ...
2025-05-12 14:19:00,405 - INFO - fl - start - end client 3 training
2025-05-12 14:19:00,405 - INFO - fl - start - client 3 evaluation metrics: {'train_loss': 0.0531354763349028, 'test_acc': 80.01}
2025-05-12 14:19:00,405 - INFO - fl - start - start client 4 training
2025-05-12 14:19:00,405 - INFO - fl - client_local_train - client 4 start local training ...
2025-05-12 14:19:02,459 - INFO - fl - start - end client 4 training
2025-05-12 14:19:02,460 - INFO - fl - start - client 4 evaluation metrics: {'train_loss': 0.16083656541175312, 'test_acc': 48.08}
2025-05-12 14:19:02,460 - INFO - fl - start - start client 5 training
2025-05-12 14:19:02,460 - INFO - fl - client_local_train - client 5 start local training ...
2025-05-12 14:19:06,408 - INFO - fl - start - end client 5 training
2025-05-12 14:19:06,408 - INFO - fl - start - client 5 evaluation metrics: {'train_loss': 0.056810909337722336, 'test_acc': 61.09}
2025-05-12 14:19:06,408 - INFO - fl - start - start client 6 training
2025-05-12 14:19:06,408 - INFO - fl - client_local_train - client 6 start local training ...
2025-05-12 14:19:10,398 - INFO - fl - start - end client 6 training
2025-05-12 14:19:10,398 - INFO - fl - start - client 6 evaluation metrics: {'train_loss': 0.13784525302740244, 'test_acc': 72.59}
2025-05-12 14:19:10,398 - INFO - fl - start - start client 7 training
2025-05-12 14:19:10,398 - INFO - fl - client_local_train - client 7 start local training ...
2025-05-12 14:19:13,217 - INFO - fl - client_local_train - client 7 is attacker, start poisoning model
2025-05-12 14:19:17,398 - INFO - fl - start - end client 7 training
2025-05-12 14:19:17,398 - INFO - fl - start - client 7 evaluation metrics: {'train_loss': 195.32667576182973, 'test_acc': 57.66}
2025-05-12 14:19:17,398 - INFO - fl - start - start client 8 training
2025-05-12 14:19:17,398 - INFO - fl - client_local_train - client 8 start local training ...
2025-05-12 14:19:22,534 - INFO - fl - start - end client 8 training
2025-05-12 14:19:22,534 - INFO - fl - start - client 8 evaluation metrics: {'train_loss': 0.05284670740866693, 'test_acc': 55.34}
2025-05-12 14:19:22,534 - INFO - fl - start - start client 9 training
2025-05-12 14:19:22,534 - INFO - fl - client_local_train - client 9 start local training ...
2025-05-12 14:19:27,880 - INFO - fl - start - end client 9 training
2025-05-12 14:19:27,880 - INFO - fl - start - client 9 evaluation metrics: {'train_loss': 0.016497152714462095, 'test_acc': 24.23}
2025-05-12 14:19:27,880 - INFO - fl - aggregate_model - start model aggregation...fusion method: dual_defense
2025-05-12 14:19:27,880 - INFO - fl - aggregate_model - start hyper-guard fusion with epsilon 0.01
2025-05-12 14:19:27,880 - INFO - fl - aggregate_model - round 1 attackers: [1, 7]
2025-05-12 14:19:38,625 - DEBUG - util_fusion - fusion_dual_defense - client 0 scores: {0: array([207.27731491]), 1: array([167.27903945]), 2: array([157.42692059]), 3: array([152.61786879]), 4: array([199.2509442]), 5: array([194.0765698]), 6: array([169.40333126]), 7: array([172.87201456]), 8: array([171.70600432]), 9: array([209.53069354])}
2025-05-12 14:19:38,626 - DEBUG - util_fusion - fusion_dual_defense - client 0 norm scores: {0: array([0.96040649]), 1: array([0.2576075]), 2: array([0.08449856]), 3: array([0.]), 4: array([0.81937728]), 5: array([0.72845973]), 6: array([0.29493287]), 7: array([0.35588017]), 8: array([0.33539252]), 9: array([1.])}
2025-05-12 14:19:38,626 - DEBUG - util_fusion - fusion_dual_defense - client 0 similarity threshold: 0.48365551130014495
2025-05-12 14:19:38,626 - INFO - util_fusion - fusion_dual_defense - client 0 selected fusion benigns: [0, 4, 5, 9]
2025-05-12 14:19:38,634 - DEBUG - util_fusion - fusion_dual_defense - client 1 scores: {0: array([207.27731491]), 1: array([167.27903945]), 2: array([157.42692059]), 3: array([152.61786879]), 4: array([199.2509442]), 5: array([194.0765698]), 6: array([169.40333126]), 7: array([172.87201456]), 8: array([171.70600432]), 9: array([209.53069354])}
2025-05-12 14:19:38,635 - DEBUG - util_fusion - fusion_dual_defense - client 1 norm scores: {0: array([0.96040649]), 1: array([0.2576075]), 2: array([0.08449856]), 3: array([0.]), 4: array([0.81937728]), 5: array([0.72845973]), 6: array([0.29493287]), 7: array([0.35588017]), 8: array([0.33539252]), 9: array([1.])}
2025-05-12 14:19:38,635 - DEBUG - util_fusion - fusion_dual_defense - client 1 similarity threshold: 0.48365551130014495
2025-05-12 14:19:38,635 - INFO - util_fusion - fusion_dual_defense - client 1 selected fusion benigns: [0, 4, 5, 9]
2025-05-12 14:19:38,644 - DEBUG - util_fusion - fusion_dual_defense - client 2 scores: {0: array([207.27731491]), 1: array([167.27903945]), 2: array([157.42692059]), 3: array([152.61786879]), 4: array([199.2509442]), 5: array([194.0765698]), 6: array([169.40333126]), 7: array([172.87201456]), 8: array([171.70600432]), 9: array([209.53069354])}
2025-05-12 14:19:38,644 - DEBUG - util_fusion - fusion_dual_defense - client 2 norm scores: {0: array([0.96040649]), 1: array([0.2576075]), 2: array([0.08449856]), 3: array([0.]), 4: array([0.81937728]), 5: array([0.72845973]), 6: array([0.29493287]), 7: array([0.35588017]), 8: array([0.33539252]), 9: array([1.])}
2025-05-12 14:19:38,644 - DEBUG - util_fusion - fusion_dual_defense - client 2 similarity threshold: 0.48365551130014495
2025-05-12 14:19:38,644 - INFO - util_fusion - fusion_dual_defense - client 2 selected fusion benigns: [0, 4, 5, 9]
2025-05-12 14:19:38,653 - DEBUG - util_fusion - fusion_dual_defense - client 3 scores: {0: array([207.27731491]), 1: array([167.27903945]), 2: array([157.42692059]), 3: array([152.61786879]), 4: array([199.2509442]), 5: array([194.0765698]), 6: array([169.40333126]), 7: array([172.87201456]), 8: array([171.70600432]), 9: array([209.53069354])}
2025-05-12 14:19:38,653 - DEBUG - util_fusion - fusion_dual_defense - client 3 norm scores: {0: array([0.96040649]), 1: array([0.2576075]), 2: array([0.08449856]), 3: array([0.]), 4: array([0.81937728]), 5: array([0.72845973]), 6: array([0.29493287]), 7: array([0.35588017]), 8: array([0.33539252]), 9: array([1.])}
2025-05-12 14:19:38,653 - DEBUG - util_fusion - fusion_dual_defense - client 3 similarity threshold: 0.48365551130014495
2025-05-12 14:19:38,653 - INFO - util_fusion - fusion_dual_defense - client 3 selected fusion benigns: [0, 4, 5, 9]
2025-05-12 14:19:38,662 - DEBUG - util_fusion - fusion_dual_defense - client 4 scores: {0: array([207.27731491]), 1: array([167.27903945]), 2: array([157.42692059]), 3: array([152.61786879]), 4: array([199.2509442]), 5: array([194.0765698]), 6: array([169.40333126]), 7: array([172.87201456]), 8: array([171.70600432]), 9: array([209.53069354])}
2025-05-12 14:19:38,662 - DEBUG - util_fusion - fusion_dual_defense - client 4 norm scores: {0: array([0.96040649]), 1: array([0.2576075]), 2: array([0.08449856]), 3: array([0.]), 4: array([0.81937728]), 5: array([0.72845973]), 6: array([0.29493287]), 7: array([0.35588017]), 8: array([0.33539252]), 9: array([1.])}
2025-05-12 14:19:38,662 - DEBUG - util_fusion - fusion_dual_defense - client 4 similarity threshold: 0.48365551130014495
2025-05-12 14:19:38,663 - INFO - util_fusion - fusion_dual_defense - client 4 selected fusion benigns: [0, 4, 5, 9]
2025-05-12 14:19:38,671 - DEBUG - util_fusion - fusion_dual_defense - client 5 scores: {0: array([207.27731491]), 1: array([167.27903945]), 2: array([157.42692059]), 3: array([152.61786879]), 4: array([199.2509442]), 5: array([194.0765698]), 6: array([169.40333126]), 7: array([172.87201456]), 8: array([171.70600432]), 9: array([209.53069354])}
2025-05-12 14:19:38,671 - DEBUG - util_fusion - fusion_dual_defense - client 5 norm scores: {0: array([0.96040649]), 1: array([0.2576075]), 2: array([0.08449856]), 3: array([0.]), 4: array([0.81937728]), 5: array([0.72845973]), 6: array([0.29493287]), 7: array([0.35588017]), 8: array([0.33539252]), 9: array([1.])}
2025-05-12 14:19:38,672 - DEBUG - util_fusion - fusion_dual_defense - client 5 similarity threshold: 0.48365551130014495
2025-05-12 14:19:38,672 - INFO - util_fusion - fusion_dual_defense - client 5 selected fusion benigns: [0, 4, 5, 9]
2025-05-12 14:19:38,680 - DEBUG - util_fusion - fusion_dual_defense - client 6 scores: {0: array([207.27731491]), 1: array([167.27903945]), 2: array([157.42692059]), 3: array([152.61786879]), 4: array([199.2509442]), 5: array([194.0765698]), 6: array([169.40333126]), 7: array([172.87201456]), 8: array([171.70600432]), 9: array([209.53069354])}
2025-05-12 14:19:38,681 - DEBUG - util_fusion - fusion_dual_defense - client 6 norm scores: {0: array([0.96040649]), 1: array([0.2576075]), 2: array([0.08449856]), 3: array([0.]), 4: array([0.81937728]), 5: array([0.72845973]), 6: array([0.29493287]), 7: array([0.35588017]), 8: array([0.33539252]), 9: array([1.])}
2025-05-12 14:19:38,681 - DEBUG - util_fusion - fusion_dual_defense - client 6 similarity threshold: 0.48365551130014495
2025-05-12 14:19:38,681 - INFO - util_fusion - fusion_dual_defense - client 6 selected fusion benigns: [0, 4, 5, 9]
2025-05-12 14:19:38,689 - DEBUG - util_fusion - fusion_dual_defense - client 7 scores: {0: array([207.27731491]), 1: array([167.27903945]), 2: array([157.42692059]), 3: array([152.61786879]), 4: array([199.2509442]), 5: array([194.0765698]), 6: array([169.40333126]), 7: array([172.87201456]), 8: array([171.70600432]), 9: array([209.53069354])}
2025-05-12 14:19:38,690 - DEBUG - util_fusion - fusion_dual_defense - client 7 norm scores: {0: array([0.96040649]), 1: array([0.2576075]), 2: array([0.08449856]), 3: array([0.]), 4: array([0.81937728]), 5: array([0.72845973]), 6: array([0.29493287]), 7: array([0.35588017]), 8: array([0.33539252]), 9: array([1.])}
2025-05-12 14:19:38,690 - DEBUG - util_fusion - fusion_dual_defense - client 7 similarity threshold: 0.48365551130014495
2025-05-12 14:19:38,690 - INFO - util_fusion - fusion_dual_defense - client 7 selected fusion benigns: [0, 4, 5, 9]
2025-05-12 14:19:38,698 - DEBUG - util_fusion - fusion_dual_defense - client 8 scores: {0: array([207.27731491]), 1: array([167.27903945]), 2: array([157.42692059]), 3: array([152.61786879]), 4: array([199.2509442]), 5: array([194.0765698]), 6: array([169.40333126]), 7: array([172.87201456]), 8: array([171.70600432]), 9: array([209.53069354])}
2025-05-12 14:19:38,699 - DEBUG - util_fusion - fusion_dual_defense - client 8 norm scores: {0: array([0.96040649]), 1: array([0.2576075]), 2: array([0.08449856]), 3: array([0.]), 4: array([0.81937728]), 5: array([0.72845973]), 6: array([0.29493287]), 7: array([0.35588017]), 8: array([0.33539252]), 9: array([1.])}
2025-05-12 14:19:38,699 - DEBUG - util_fusion - fusion_dual_defense - client 8 similarity threshold: 0.48365551130014495
2025-05-12 14:19:38,699 - INFO - util_fusion - fusion_dual_defense - client 8 selected fusion benigns: [0, 4, 5, 9]
2025-05-12 14:19:38,707 - DEBUG - util_fusion - fusion_dual_defense - client 9 scores: {0: array([207.27731491]), 1: array([167.27903945]), 2: array([157.42692059]), 3: array([152.61786879]), 4: array([199.2509442]), 5: array([194.0765698]), 6: array([169.40333126]), 7: array([172.87201456]), 8: array([171.70600432]), 9: array([209.53069354])}
2025-05-12 14:19:38,708 - DEBUG - util_fusion - fusion_dual_defense - client 9 norm scores: {0: array([0.96040649]), 1: array([0.2576075]), 2: array([0.08449856]), 3: array([0.]), 4: array([0.81937728]), 5: array([0.72845973]), 6: array([0.29493287]), 7: array([0.35588017]), 8: array([0.33539252]), 9: array([1.])}
2025-05-12 14:19:38,708 - DEBUG - util_fusion - fusion_dual_defense - client 9 similarity threshold: 0.48365551130014495
2025-05-12 14:19:38,708 - INFO - util_fusion - fusion_dual_defense - client 9 selected fusion benigns: [0, 4, 5, 9]
2025-05-12 14:19:38,708 - DEBUG - util_fusion - fusion_dual_defense - final fusion benigns: (0, 4, 5, 9)
2025-05-12 14:19:40,354 - INFO - fl - start - global side -  test accuracy: 52.03
2025-05-12 14:19:40,354 - INFO - fl - start - global side iteration 1 -  test accuracy: 52.03
2025-05-12 14:19:40,355 - INFO - fl - start - start training round 2
2025-05-12 14:19:40,356 - INFO - fl - start - round 2 attackers: [3, 7]
2025-05-12 14:19:40,356 - INFO - fl - start - start client 0 training
2025-05-12 14:19:40,356 - INFO - fl - client_local_train - client 0 start local training ...
2025-05-12 14:19:42,212 - INFO - fl - start - end client 0 training
2025-05-12 14:19:42,212 - INFO - fl - start - client 0 evaluation metrics: {'train_loss': 0.15065208478615835, 'test_acc': 55.63}
2025-05-12 14:19:42,212 - INFO - fl - start - start client 1 training
2025-05-12 14:19:42,212 - INFO - fl - client_local_train - client 1 start local training ...
2025-05-12 14:19:48,994 - INFO - fl - start - end client 1 training
2025-05-12 14:19:48,994 - INFO - fl - start - client 1 evaluation metrics: {'train_loss': 0.04541486793163531, 'test_acc': 66.22}
2025-05-12 14:19:48,994 - INFO - fl - start - start client 2 training
2025-05-12 14:19:48,994 - INFO - fl - client_local_train - client 2 start local training ...
2025-05-12 14:19:57,580 - INFO - fl - start - end client 2 training
2025-05-12 14:19:57,580 - INFO - fl - start - client 2 evaluation metrics: {'train_loss': 0.04958708904973974, 'test_acc': 81.12}
2025-05-12 14:19:57,580 - INFO - fl - start - start client 3 training
2025-05-12 14:19:57,580 - INFO - fl - client_local_train - client 3 start local training ...
2025-05-12 14:20:03,716 - INFO - fl - client_local_train - client 3 is attacker, start poisoning model
2025-05-12 14:20:09,665 - INFO - fl - start - end client 3 training
2025-05-12 14:20:09,665 - INFO - fl - start - client 3 evaluation metrics: {'train_loss': 85.57103950098941, 'test_acc': 84.26}
2025-05-12 14:20:09,665 - INFO - fl - start - start client 4 training
2025-05-12 14:20:09,665 - INFO - fl - client_local_train - client 4 start local training ...
2025-05-12 14:20:11,729 - INFO - fl - start - end client 4 training
2025-05-12 14:20:11,729 - INFO - fl - start - client 4 evaluation metrics: {'train_loss': 0.10781752338839902, 'test_acc': 58.97}
2025-05-12 14:20:11,729 - INFO - fl - start - start client 5 training
2025-05-12 14:20:11,729 - INFO - fl - client_local_train - client 5 start local training ...
2025-05-12 14:20:15,682 - INFO - fl - start - end client 5 training
2025-05-12 14:20:15,682 - INFO - fl - start - client 5 evaluation metrics: {'train_loss': 0.031539783157551515, 'test_acc': 68.12}
2025-05-12 14:20:15,682 - INFO - fl - start - start client 6 training
2025-05-12 14:20:15,682 - INFO - fl - client_local_train - client 6 start local training ...
2025-05-12 14:20:19,655 - INFO - fl - start - end client 6 training
2025-05-12 14:20:19,655 - INFO - fl - start - client 6 evaluation metrics: {'train_loss': 0.0957878055767371, 'test_acc': 74.61}
2025-05-12 14:20:19,655 - INFO - fl - start - start client 7 training
2025-05-12 14:20:19,655 - INFO - fl - client_local_train - client 7 start local training ...
2025-05-12 14:20:22,507 - INFO - fl - client_local_train - client 7 is attacker, start poisoning model
2025-05-12 14:20:26,692 - INFO - fl - start - end client 7 training
2025-05-12 14:20:26,692 - INFO - fl - start - client 7 evaluation metrics: {'train_loss': 138.42056959325618, 'test_acc': 64.24}
2025-05-12 14:20:26,692 - INFO - fl - start - start client 8 training
2025-05-12 14:20:26,693 - INFO - fl - client_local_train - client 8 start local training ...
2025-05-12 14:20:31,831 - INFO - fl - start - end client 8 training
2025-05-12 14:20:31,831 - INFO - fl - start - client 8 evaluation metrics: {'train_loss': 0.0451603129816552, 'test_acc': 60.89}
2025-05-12 14:20:31,831 - INFO - fl - start - start client 9 training
2025-05-12 14:20:31,831 - INFO - fl - client_local_train - client 9 start local training ...
2025-05-12 14:20:37,187 - INFO - fl - start - end client 9 training
2025-05-12 14:20:37,187 - INFO - fl - start - client 9 evaluation metrics: {'train_loss': 0.008282793641991143, 'test_acc': 30.91}
2025-05-12 14:20:37,187 - INFO - fl - aggregate_model - start model aggregation...fusion method: dual_defense
2025-05-12 14:20:37,187 - INFO - fl - aggregate_model - start hyper-guard fusion with epsilon 0.01
2025-05-12 14:20:37,187 - INFO - fl - aggregate_model - round 2 attackers: [3, 7]
2025-05-12 14:20:47,946 - DEBUG - util_fusion - fusion_dual_defense - client 0 scores: {0: array([1079.29043714]), 1: array([933.79205352]), 2: array([882.91400048]), 3: array([854.68411813]), 4: array([1069.61780367]), 5: array([1055.96490864]), 6: array([919.1944742]), 7: array([937.02292735]), 8: array([942.84845214]), 9: array([1112.04818173])}
2025-05-12 14:20:47,946 - DEBUG - util_fusion - fusion_dual_defense - client 0 norm scores: {0: array([0.87271826]), 1: array([0.30737755]), 2: array([0.10968852]), 3: array([0.]), 4: array([0.8351348]), 5: array([0.78208584]), 6: array([0.25065798]), 7: array([0.31993126]), 8: array([0.34256661]), 9: array([1.])}
2025-05-12 14:20:47,946 - DEBUG - util_fusion - fusion_dual_defense - client 0 similarity threshold: 0.48201608195283513
2025-05-12 14:20:47,947 - INFO - util_fusion - fusion_dual_defense - client 0 selected fusion benigns: [0, 4, 5, 9]
2025-05-12 14:20:47,955 - DEBUG - util_fusion - fusion_dual_defense - client 1 scores: {0: array([1079.29043714]), 1: array([933.79205352]), 2: array([882.91400048]), 3: array([854.68411813]), 4: array([1069.61780367]), 5: array([1055.96490864]), 6: array([919.1944742]), 7: array([937.02292735]), 8: array([942.84845214]), 9: array([1112.04818173])}
2025-05-12 14:20:47,956 - DEBUG - util_fusion - fusion_dual_defense - client 1 norm scores: {0: array([0.87271826]), 1: array([0.30737755]), 2: array([0.10968852]), 3: array([0.]), 4: array([0.8351348]), 5: array([0.78208584]), 6: array([0.25065798]), 7: array([0.31993126]), 8: array([0.34256661]), 9: array([1.])}
2025-05-12 14:20:47,956 - DEBUG - util_fusion - fusion_dual_defense - client 1 similarity threshold: 0.48201608195283513
2025-05-12 14:20:47,956 - INFO - util_fusion - fusion_dual_defense - client 1 selected fusion benigns: [0, 4, 5, 9]
2025-05-12 14:20:47,964 - DEBUG - util_fusion - fusion_dual_defense - client 2 scores: {0: array([1079.29043714]), 1: array([933.79205352]), 2: array([882.91400048]), 3: array([854.68411813]), 4: array([1069.61780367]), 5: array([1055.96490864]), 6: array([919.1944742]), 7: array([937.02292735]), 8: array([942.84845214]), 9: array([1112.04818173])}
2025-05-12 14:20:47,965 - DEBUG - util_fusion - fusion_dual_defense - client 2 norm scores: {0: array([0.87271826]), 1: array([0.30737755]), 2: array([0.10968852]), 3: array([0.]), 4: array([0.8351348]), 5: array([0.78208584]), 6: array([0.25065798]), 7: array([0.31993126]), 8: array([0.34256661]), 9: array([1.])}
2025-05-12 14:20:47,965 - DEBUG - util_fusion - fusion_dual_defense - client 2 similarity threshold: 0.48201608195283513
2025-05-12 14:20:47,965 - INFO - util_fusion - fusion_dual_defense - client 2 selected fusion benigns: [0, 4, 5, 9]
2025-05-12 14:20:47,973 - DEBUG - util_fusion - fusion_dual_defense - client 3 scores: {0: array([1079.29043714]), 1: array([933.79205352]), 2: array([882.91400048]), 3: array([854.68411813]), 4: array([1069.61780367]), 5: array([1055.96490864]), 6: array([919.1944742]), 7: array([937.02292735]), 8: array([942.84845214]), 9: array([1112.04818173])}
2025-05-12 14:20:47,974 - DEBUG - util_fusion - fusion_dual_defense - client 3 norm scores: {0: array([0.87271826]), 1: array([0.30737755]), 2: array([0.10968852]), 3: array([0.]), 4: array([0.8351348]), 5: array([0.78208584]), 6: array([0.25065798]), 7: array([0.31993126]), 8: array([0.34256661]), 9: array([1.])}
2025-05-12 14:20:47,974 - DEBUG - util_fusion - fusion_dual_defense - client 3 similarity threshold: 0.48201608195283513
2025-05-12 14:20:47,974 - INFO - util_fusion - fusion_dual_defense - client 3 selected fusion benigns: [0, 4, 5, 9]
2025-05-12 14:20:47,982 - DEBUG - util_fusion - fusion_dual_defense - client 4 scores: {0: array([1079.29043714]), 1: array([933.79205352]), 2: array([882.91400048]), 3: array([854.68411813]), 4: array([1069.61780367]), 5: array([1055.96490864]), 6: array([919.1944742]), 7: array([937.02292735]), 8: array([942.84845214]), 9: array([1112.04818173])}
2025-05-12 14:20:47,983 - DEBUG - util_fusion - fusion_dual_defense - client 4 norm scores: {0: array([0.87271826]), 1: array([0.30737755]), 2: array([0.10968852]), 3: array([0.]), 4: array([0.8351348]), 5: array([0.78208584]), 6: array([0.25065798]), 7: array([0.31993126]), 8: array([0.34256661]), 9: array([1.])}
2025-05-12 14:20:47,983 - DEBUG - util_fusion - fusion_dual_defense - client 4 similarity threshold: 0.48201608195283513
2025-05-12 14:20:47,983 - INFO - util_fusion - fusion_dual_defense - client 4 selected fusion benigns: [0, 4, 5, 9]
2025-05-12 14:20:47,991 - DEBUG - util_fusion - fusion_dual_defense - client 5 scores: {0: array([1079.29043714]), 1: array([933.79205352]), 2: array([882.91400048]), 3: array([854.68411813]), 4: array([1069.61780367]), 5: array([1055.96490864]), 6: array([919.1944742]), 7: array([937.02292735]), 8: array([942.84845214]), 9: array([1112.04818173])}
2025-05-12 14:20:47,992 - DEBUG - util_fusion - fusion_dual_defense - client 5 norm scores: {0: array([0.87271826]), 1: array([0.30737755]), 2: array([0.10968852]), 3: array([0.]), 4: array([0.8351348]), 5: array([0.78208584]), 6: array([0.25065798]), 7: array([0.31993126]), 8: array([0.34256661]), 9: array([1.])}
2025-05-12 14:20:47,992 - DEBUG - util_fusion - fusion_dual_defense - client 5 similarity threshold: 0.48201608195283513
2025-05-12 14:20:47,992 - INFO - util_fusion - fusion_dual_defense - client 5 selected fusion benigns: [0, 4, 5, 9]
2025-05-12 14:20:48,001 - DEBUG - util_fusion - fusion_dual_defense - client 6 scores: {0: array([1079.29043714]), 1: array([933.79205352]), 2: array([882.91400048]), 3: array([854.68411813]), 4: array([1069.61780367]), 5: array([1055.96490864]), 6: array([919.1944742]), 7: array([937.02292735]), 8: array([942.84845214]), 9: array([1112.04818173])}
2025-05-12 14:20:48,001 - DEBUG - util_fusion - fusion_dual_defense - client 6 norm scores: {0: array([0.87271826]), 1: array([0.30737755]), 2: array([0.10968852]), 3: array([0.]), 4: array([0.8351348]), 5: array([0.78208584]), 6: array([0.25065798]), 7: array([0.31993126]), 8: array([0.34256661]), 9: array([1.])}
2025-05-12 14:20:48,001 - DEBUG - util_fusion - fusion_dual_defense - client 6 similarity threshold: 0.48201608195283513
2025-05-12 14:20:48,001 - INFO - util_fusion - fusion_dual_defense - client 6 selected fusion benigns: [0, 4, 5, 9]
2025-05-12 14:20:48,010 - DEBUG - util_fusion - fusion_dual_defense - client 7 scores: {0: array([1079.29043714]), 1: array([933.79205352]), 2: array([882.91400048]), 3: array([854.68411813]), 4: array([1069.61780367]), 5: array([1055.96490864]), 6: array([919.1944742]), 7: array([937.02292735]), 8: array([942.84845214]), 9: array([1112.04818173])}
2025-05-12 14:20:48,010 - DEBUG - util_fusion - fusion_dual_defense - client 7 norm scores: {0: array([0.87271826]), 1: array([0.30737755]), 2: array([0.10968852]), 3: array([0.]), 4: array([0.8351348]), 5: array([0.78208584]), 6: array([0.25065798]), 7: array([0.31993126]), 8: array([0.34256661]), 9: array([1.])}
2025-05-12 14:20:48,010 - DEBUG - util_fusion - fusion_dual_defense - client 7 similarity threshold: 0.48201608195283513
2025-05-12 14:20:48,010 - INFO - util_fusion - fusion_dual_defense - client 7 selected fusion benigns: [0, 4, 5, 9]
2025-05-12 14:20:48,019 - DEBUG - util_fusion - fusion_dual_defense - client 8 scores: {0: array([1079.29043714]), 1: array([933.79205352]), 2: array([882.91400048]), 3: array([854.68411813]), 4: array([1069.61780367]), 5: array([1055.96490864]), 6: array([919.1944742]), 7: array([937.02292735]), 8: array([942.84845214]), 9: array([1112.04818173])}
2025-05-12 14:20:48,019 - DEBUG - util_fusion - fusion_dual_defense - client 8 norm scores: {0: array([0.87271826]), 1: array([0.30737755]), 2: array([0.10968852]), 3: array([0.]), 4: array([0.8351348]), 5: array([0.78208584]), 6: array([0.25065798]), 7: array([0.31993126]), 8: array([0.34256661]), 9: array([1.])}
2025-05-12 14:20:48,019 - DEBUG - util_fusion - fusion_dual_defense - client 8 similarity threshold: 0.48201608195283513
2025-05-12 14:20:48,019 - INFO - util_fusion - fusion_dual_defense - client 8 selected fusion benigns: [0, 4, 5, 9]
2025-05-12 14:20:48,029 - DEBUG - util_fusion - fusion_dual_defense - client 9 scores: {0: array([1079.29043714]), 1: array([933.79205352]), 2: array([882.91400048]), 3: array([854.68411813]), 4: array([1069.61780367]), 5: array([1055.96490864]), 6: array([919.1944742]), 7: array([937.02292735]), 8: array([942.84845214]), 9: array([1112.04818173])}
2025-05-12 14:20:48,030 - DEBUG - util_fusion - fusion_dual_defense - client 9 norm scores: {0: array([0.87271826]), 1: array([0.30737755]), 2: array([0.10968852]), 3: array([0.]), 4: array([0.8351348]), 5: array([0.78208584]), 6: array([0.25065798]), 7: array([0.31993126]), 8: array([0.34256661]), 9: array([1.])}
2025-05-12 14:20:48,030 - DEBUG - util_fusion - fusion_dual_defense - client 9 similarity threshold: 0.48201608195283513
2025-05-12 14:20:48,030 - INFO - util_fusion - fusion_dual_defense - client 9 selected fusion benigns: [0, 4, 5, 9]
2025-05-12 14:20:48,030 - DEBUG - util_fusion - fusion_dual_defense - final fusion benigns: (0, 4, 5, 9)
2025-05-12 14:20:49,670 - INFO - fl - start - global side -  test accuracy: 62.59
2025-05-12 14:20:49,670 - INFO - fl - start - global side iteration 2 -  test accuracy: 62.59
2025-05-12 14:20:49,671 - INFO - fl - start - start training round 3
2025-05-12 14:20:49,672 - INFO - fl - start - round 3 attackers: [8, 3]
2025-05-12 14:20:49,672 - INFO - fl - start - start client 0 training
2025-05-12 14:20:49,672 - INFO - fl - client_local_train - client 0 start local training ...
2025-05-12 14:20:51,537 - INFO - fl - start - end client 0 training
2025-05-12 14:20:51,537 - INFO - fl - start - client 0 evaluation metrics: {'train_loss': 0.11005049628707078, 'test_acc': 59.01}
2025-05-12 14:20:51,537 - INFO - fl - start - start client 1 training
2025-05-12 14:20:51,537 - INFO - fl - client_local_train - client 1 start local training ...
2025-05-12 14:20:58,325 - INFO - fl - start - end client 1 training
2025-05-12 14:20:58,325 - INFO - fl - start - client 1 evaluation metrics: {'train_loss': 0.04273326965859038, 'test_acc': 67.21}
2025-05-12 14:20:58,325 - INFO - fl - start - start client 2 training
2025-05-12 14:20:58,325 - INFO - fl - client_local_train - client 2 start local training ...
2025-05-12 14:21:06,939 - INFO - fl - start - end client 2 training
2025-05-12 14:21:06,939 - INFO - fl - start - client 2 evaluation metrics: {'train_loss': 0.04312156053558201, 'test_acc': 82.38}
2025-05-12 14:21:06,939 - INFO - fl - start - start client 3 training
2025-05-12 14:21:06,939 - INFO - fl - client_local_train - client 3 start local training ...
2025-05-12 14:21:13,054 - INFO - fl - client_local_train - client 3 is attacker, start poisoning model
2025-05-12 14:21:19,001 - INFO - fl - start - end client 3 training
2025-05-12 14:21:19,001 - INFO - fl - start - client 3 evaluation metrics: {'train_loss': 72.63652362823487, 'test_acc': 86.53}
2025-05-12 14:21:19,001 - INFO - fl - start - start client 4 training
2025-05-12 14:21:19,001 - INFO - fl - client_local_train - client 4 start local training ...
2025-05-12 14:21:21,057 - INFO - fl - start - end client 4 training
2025-05-12 14:21:21,058 - INFO - fl - start - client 4 evaluation metrics: {'train_loss': 0.07908336569865544, 'test_acc': 65.08}
2025-05-12 14:21:21,058 - INFO - fl - start - start client 5 training
2025-05-12 14:21:21,058 - INFO - fl - client_local_train - client 5 start local training ...
2025-05-12 14:21:25,012 - INFO - fl - start - end client 5 training
2025-05-12 14:21:25,012 - INFO - fl - start - client 5 evaluation metrics: {'train_loss': 0.024060349570264896, 'test_acc': 72.26}
2025-05-12 14:21:25,012 - INFO - fl - start - start client 6 training
2025-05-12 14:21:25,012 - INFO - fl - client_local_train - client 6 start local training ...
2025-05-12 14:21:28,982 - INFO - fl - start - end client 6 training
2025-05-12 14:21:28,982 - INFO - fl - start - client 6 evaluation metrics: {'train_loss': 0.07853469659502689, 'test_acc': 77.98}
2025-05-12 14:21:28,982 - INFO - fl - start - start client 7 training
2025-05-12 14:21:28,982 - INFO - fl - client_local_train - client 7 start local training ...
2025-05-12 14:21:33,928 - INFO - fl - start - end client 7 training
2025-05-12 14:21:33,928 - INFO - fl - start - client 7 evaluation metrics: {'train_loss': 0.06705466231902722, 'test_acc': 63.94}
2025-05-12 14:21:33,928 - INFO - fl - start - start client 8 training
2025-05-12 14:21:33,928 - INFO - fl - client_local_train - client 8 start local training ...
2025-05-12 14:21:36,932 - INFO - fl - client_local_train - client 8 is attacker, start poisoning model
2025-05-12 14:21:41,216 - INFO - fl - start - end client 8 training
2025-05-12 14:21:41,216 - INFO - fl - start - client 8 evaluation metrics: {'train_loss': 68.225921897478, 'test_acc': 67.26}
2025-05-12 14:21:41,216 - INFO - fl - start - start client 9 training
2025-05-12 14:21:41,216 - INFO - fl - client_local_train - client 9 start local training ...
2025-05-12 14:21:46,570 - INFO - fl - start - end client 9 training
2025-05-12 14:21:46,570 - INFO - fl - start - client 9 evaluation metrics: {'train_loss': 0.004728297342844966, 'test_acc': 39.01}
2025-05-12 14:21:46,570 - INFO - fl - aggregate_model - start model aggregation...fusion method: dual_defense
2025-05-12 14:21:46,570 - INFO - fl - aggregate_model - start hyper-guard fusion with epsilon 0.01
2025-05-12 14:21:46,570 - INFO - fl - aggregate_model - round 3 attackers: [8, 3]
2025-05-12 14:21:57,344 - DEBUG - util_fusion - fusion_dual_defense - client 0 scores: {0: array([105.94143149]), 1: array([94.61436713]), 2: array([89.64776177]), 3: array([87.40051689]), 4: array([105.99245642]), 5: array([104.90459603]), 6: array([92.76299036]), 7: array([93.86470009]), 8: array([95.65325215]), 9: array([109.18355832])}
2025-05-12 14:21:57,345 - DEBUG - util_fusion - fusion_dual_defense - client 0 norm scores: {0: array([0.8511628]), 1: array([0.33116818]), 2: array([0.10316488]), 3: array([0.]), 4: array([0.85350522]), 5: array([0.80356452]), 6: array([0.24617653]), 7: array([0.29675301]), 8: array([0.37886056]), 9: array([1.])}
2025-05-12 14:21:57,345 - DEBUG - util_fusion - fusion_dual_defense - client 0 similarity threshold: 0.48643557008429655
2025-05-12 14:21:57,345 - INFO - util_fusion - fusion_dual_defense - client 0 selected fusion benigns: [0, 4, 5, 9]
2025-05-12 14:21:57,353 - DEBUG - util_fusion - fusion_dual_defense - client 1 scores: {0: array([105.94143149]), 1: array([94.61436713]), 2: array([89.64776177]), 3: array([87.40051689]), 4: array([105.99245642]), 5: array([104.90459603]), 6: array([92.76299036]), 7: array([93.86470009]), 8: array([95.65325215]), 9: array([109.18355832])}
2025-05-12 14:21:57,354 - DEBUG - util_fusion - fusion_dual_defense - client 1 norm scores: {0: array([0.8511628]), 1: array([0.33116818]), 2: array([0.10316488]), 3: array([0.]), 4: array([0.85350522]), 5: array([0.80356452]), 6: array([0.24617653]), 7: array([0.29675301]), 8: array([0.37886056]), 9: array([1.])}
2025-05-12 14:21:57,354 - DEBUG - util_fusion - fusion_dual_defense - client 1 similarity threshold: 0.48643557008429655
2025-05-12 14:21:57,354 - INFO - util_fusion - fusion_dual_defense - client 1 selected fusion benigns: [0, 4, 5, 9]
2025-05-12 14:21:57,362 - DEBUG - util_fusion - fusion_dual_defense - client 2 scores: {0: array([105.94143149]), 1: array([94.61436713]), 2: array([89.64776177]), 3: array([87.40051689]), 4: array([105.99245642]), 5: array([104.90459603]), 6: array([92.76299036]), 7: array([93.86470009]), 8: array([95.65325215]), 9: array([109.18355832])}
2025-05-12 14:21:57,363 - DEBUG - util_fusion - fusion_dual_defense - client 2 norm scores: {0: array([0.8511628]), 1: array([0.33116818]), 2: array([0.10316488]), 3: array([0.]), 4: array([0.85350522]), 5: array([0.80356452]), 6: array([0.24617653]), 7: array([0.29675301]), 8: array([0.37886056]), 9: array([1.])}
2025-05-12 14:21:57,363 - DEBUG - util_fusion - fusion_dual_defense - client 2 similarity threshold: 0.48643557008429655
2025-05-12 14:21:57,363 - INFO - util_fusion - fusion_dual_defense - client 2 selected fusion benigns: [0, 4, 5, 9]
2025-05-12 14:21:57,371 - DEBUG - util_fusion - fusion_dual_defense - client 3 scores: {0: array([105.94143149]), 1: array([94.61436713]), 2: array([89.64776177]), 3: array([87.40051689]), 4: array([105.99245642]), 5: array([104.90459603]), 6: array([92.76299036]), 7: array([93.86470009]), 8: array([95.65325215]), 9: array([109.18355832])}
2025-05-12 14:21:57,372 - DEBUG - util_fusion - fusion_dual_defense - client 3 norm scores: {0: array([0.8511628]), 1: array([0.33116818]), 2: array([0.10316488]), 3: array([0.]), 4: array([0.85350522]), 5: array([0.80356452]), 6: array([0.24617653]), 7: array([0.29675301]), 8: array([0.37886056]), 9: array([1.])}
2025-05-12 14:21:57,372 - DEBUG - util_fusion - fusion_dual_defense - client 3 similarity threshold: 0.48643557008429655
2025-05-12 14:21:57,372 - INFO - util_fusion - fusion_dual_defense - client 3 selected fusion benigns: [0, 4, 5, 9]
2025-05-12 14:21:57,380 - DEBUG - util_fusion - fusion_dual_defense - client 4 scores: {0: array([105.94143149]), 1: array([94.61436713]), 2: array([89.64776177]), 3: array([87.40051689]), 4: array([105.99245642]), 5: array([104.90459603]), 6: array([92.76299036]), 7: array([93.86470009]), 8: array([95.65325215]), 9: array([109.18355832])}
2025-05-12 14:21:57,381 - DEBUG - util_fusion - fusion_dual_defense - client 4 norm scores: {0: array([0.8511628]), 1: array([0.33116818]), 2: array([0.10316488]), 3: array([0.]), 4: array([0.85350522]), 5: array([0.80356452]), 6: array([0.24617653]), 7: array([0.29675301]), 8: array([0.37886056]), 9: array([1.])}
2025-05-12 14:21:57,381 - DEBUG - util_fusion - fusion_dual_defense - client 4 similarity threshold: 0.48643557008429655
2025-05-12 14:21:57,381 - INFO - util_fusion - fusion_dual_defense - client 4 selected fusion benigns: [0, 4, 5, 9]
2025-05-12 14:21:57,389 - DEBUG - util_fusion - fusion_dual_defense - client 5 scores: {0: array([105.94143149]), 1: array([94.61436713]), 2: array([89.64776177]), 3: array([87.40051689]), 4: array([105.99245642]), 5: array([104.90459603]), 6: array([92.76299036]), 7: array([93.86470009]), 8: array([95.65325215]), 9: array([109.18355832])}
2025-05-12 14:21:57,390 - DEBUG - util_fusion - fusion_dual_defense - client 5 norm scores: {0: array([0.8511628]), 1: array([0.33116818]), 2: array([0.10316488]), 3: array([0.]), 4: array([0.85350522]), 5: array([0.80356452]), 6: array([0.24617653]), 7: array([0.29675301]), 8: array([0.37886056]), 9: array([1.])}
2025-05-12 14:21:57,390 - DEBUG - util_fusion - fusion_dual_defense - client 5 similarity threshold: 0.48643557008429655
2025-05-12 14:21:57,390 - INFO - util_fusion - fusion_dual_defense - client 5 selected fusion benigns: [0, 4, 5, 9]
2025-05-12 14:21:57,398 - DEBUG - util_fusion - fusion_dual_defense - client 6 scores: {0: array([105.94143149]), 1: array([94.61436713]), 2: array([89.64776177]), 3: array([87.40051689]), 4: array([105.99245642]), 5: array([104.90459603]), 6: array([92.76299036]), 7: array([93.86470009]), 8: array([95.65325215]), 9: array([109.18355832])}
2025-05-12 14:21:57,399 - DEBUG - util_fusion - fusion_dual_defense - client 6 norm scores: {0: array([0.8511628]), 1: array([0.33116818]), 2: array([0.10316488]), 3: array([0.]), 4: array([0.85350522]), 5: array([0.80356452]), 6: array([0.24617653]), 7: array([0.29675301]), 8: array([0.37886056]), 9: array([1.])}
2025-05-12 14:21:57,399 - DEBUG - util_fusion - fusion_dual_defense - client 6 similarity threshold: 0.48643557008429655
2025-05-12 14:21:57,399 - INFO - util_fusion - fusion_dual_defense - client 6 selected fusion benigns: [0, 4, 5, 9]
2025-05-12 14:21:57,408 - DEBUG - util_fusion - fusion_dual_defense - client 7 scores: {0: array([105.94143149]), 1: array([94.61436713]), 2: array([89.64776177]), 3: array([87.40051689]), 4: array([105.99245642]), 5: array([104.90459603]), 6: array([92.76299036]), 7: array([93.86470009]), 8: array([95.65325215]), 9: array([109.18355832])}
2025-05-12 14:21:57,408 - DEBUG - util_fusion - fusion_dual_defense - client 7 norm scores: {0: array([0.8511628]), 1: array([0.33116818]), 2: array([0.10316488]), 3: array([0.]), 4: array([0.85350522]), 5: array([0.80356452]), 6: array([0.24617653]), 7: array([0.29675301]), 8: array([0.37886056]), 9: array([1.])}
2025-05-12 14:21:57,408 - DEBUG - util_fusion - fusion_dual_defense - client 7 similarity threshold: 0.48643557008429655
2025-05-12 14:21:57,408 - INFO - util_fusion - fusion_dual_defense - client 7 selected fusion benigns: [0, 4, 5, 9]
2025-05-12 14:21:57,417 - DEBUG - util_fusion - fusion_dual_defense - client 8 scores: {0: array([105.94143149]), 1: array([94.61436713]), 2: array([89.64776177]), 3: array([87.40051689]), 4: array([105.99245642]), 5: array([104.90459603]), 6: array([92.76299036]), 7: array([93.86470009]), 8: array([95.65325215]), 9: array([109.18355832])}
2025-05-12 14:21:57,417 - DEBUG - util_fusion - fusion_dual_defense - client 8 norm scores: {0: array([0.8511628]), 1: array([0.33116818]), 2: array([0.10316488]), 3: array([0.]), 4: array([0.85350522]), 5: array([0.80356452]), 6: array([0.24617653]), 7: array([0.29675301]), 8: array([0.37886056]), 9: array([1.])}
2025-05-12 14:21:57,417 - DEBUG - util_fusion - fusion_dual_defense - client 8 similarity threshold: 0.48643557008429655
2025-05-12 14:21:57,417 - INFO - util_fusion - fusion_dual_defense - client 8 selected fusion benigns: [0, 4, 5, 9]
2025-05-12 14:21:57,426 - DEBUG - util_fusion - fusion_dual_defense - client 9 scores: {0: array([105.94143149]), 1: array([94.61436713]), 2: array([89.64776177]), 3: array([87.40051689]), 4: array([105.99245642]), 5: array([104.90459603]), 6: array([92.76299036]), 7: array([93.86470009]), 8: array([95.65325215]), 9: array([109.18355832])}
2025-05-12 14:21:57,426 - DEBUG - util_fusion - fusion_dual_defense - client 9 norm scores: {0: array([0.8511628]), 1: array([0.33116818]), 2: array([0.10316488]), 3: array([0.]), 4: array([0.85350522]), 5: array([0.80356452]), 6: array([0.24617653]), 7: array([0.29675301]), 8: array([0.37886056]), 9: array([1.])}
2025-05-12 14:21:57,426 - DEBUG - util_fusion - fusion_dual_defense - client 9 similarity threshold: 0.48643557008429655
2025-05-12 14:21:57,426 - INFO - util_fusion - fusion_dual_defense - client 9 selected fusion benigns: [0, 4, 5, 9]
2025-05-12 14:21:57,426 - DEBUG - util_fusion - fusion_dual_defense - final fusion benigns: (0, 4, 5, 9)
2025-05-12 14:21:59,065 - INFO - fl - start - global side -  test accuracy: 72.5
2025-05-12 14:21:59,065 - INFO - fl - start - global side iteration 3 -  test accuracy: 72.5
2025-05-12 14:21:59,066 - INFO - fl - start - start training round 4
2025-05-12 14:21:59,067 - INFO - fl - start - round 4 attackers: [1, 4]
2025-05-12 14:21:59,067 - INFO - fl - start - start client 0 training
2025-05-12 14:21:59,067 - INFO - fl - client_local_train - client 0 start local training ...
2025-05-12 14:22:00,922 - INFO - fl - start - end client 0 training
2025-05-12 14:22:00,922 - INFO - fl - start - client 0 evaluation metrics: {'train_loss': 0.0963934576855256, 'test_acc': 63.79}
2025-05-12 14:22:00,922 - INFO - fl - start - start client 1 training
2025-05-12 14:22:00,922 - INFO - fl - client_local_train - client 1 start local training ...
2025-05-12 14:22:05,238 - INFO - fl - client_local_train - client 1 is attacker, start poisoning model
2025-05-12 14:22:10,212 - INFO - fl - start - end client 1 training
2025-05-12 14:22:10,212 - INFO - fl - start - client 1 evaluation metrics: {'train_loss': 53.21988854479434, 'test_acc': 72.42}
2025-05-12 14:22:10,212 - INFO - fl - start - start client 2 training
2025-05-12 14:22:10,212 - INFO - fl - client_local_train - client 2 start local training ...
2025-05-12 14:22:18,869 - INFO - fl - start - end client 2 training
2025-05-12 14:22:18,869 - INFO - fl - start - client 2 evaluation metrics: {'train_loss': 0.03918070329766553, 'test_acc': 84.05}
2025-05-12 14:22:18,869 - INFO - fl - start - start client 3 training
2025-05-12 14:22:18,869 - INFO - fl - client_local_train - client 3 start local training ...
2025-05-12 14:22:27,948 - INFO - fl - start - end client 3 training
2025-05-12 14:22:27,948 - INFO - fl - start - client 3 evaluation metrics: {'train_loss': 0.03738427849633521, 'test_acc': 88.99}
2025-05-12 14:22:27,949 - INFO - fl - start - start client 4 training
2025-05-12 14:22:27,949 - INFO - fl - client_local_train - client 4 start local training ...
2025-05-12 14:22:28,516 - INFO - fl - client_local_train - client 4 is attacker, start poisoning model
2025-05-12 14:22:31,495 - INFO - fl - start - end client 4 training
2025-05-12 14:22:31,495 - INFO - fl - start - client 4 evaluation metrics: {'train_loss': 83.46287451850043, 'test_acc': 69.42}
2025-05-12 14:22:31,495 - INFO - fl - start - start client 5 training
2025-05-12 14:22:31,495 - INFO - fl - client_local_train - client 5 start local training ...
2025-05-12 14:22:35,471 - INFO - fl - start - end client 5 training
2025-05-12 14:22:35,471 - INFO - fl - start - client 5 evaluation metrics: {'train_loss': 0.02082361428004403, 'test_acc': 75.11}
2025-05-12 14:22:35,471 - INFO - fl - start - start client 6 training
2025-05-12 14:22:35,471 - INFO - fl - client_local_train - client 6 start local training ...
2025-05-12 14:22:39,479 - INFO - fl - start - end client 6 training
2025-05-12 14:22:39,479 - INFO - fl - start - client 6 evaluation metrics: {'train_loss': 0.07447264256099095, 'test_acc': 79.68}
2025-05-12 14:22:39,479 - INFO - fl - start - start client 7 training
2025-05-12 14:22:39,479 - INFO - fl - client_local_train - client 7 start local training ...
2025-05-12 14:22:44,424 - INFO - fl - start - end client 7 training
2025-05-12 14:22:44,424 - INFO - fl - start - client 7 evaluation metrics: {'train_loss': 0.053234253285071725, 'test_acc': 65.71}
2025-05-12 14:22:44,425 - INFO - fl - start - start client 8 training
2025-05-12 14:22:44,425 - INFO - fl - client_local_train - client 8 start local training ...
2025-05-12 14:22:49,550 - INFO - fl - start - end client 8 training
2025-05-12 14:22:49,550 - INFO - fl - start - client 8 evaluation metrics: {'train_loss': 0.052660464234049284, 'test_acc': 66.49}
2025-05-12 14:22:49,550 - INFO - fl - start - start client 9 training
2025-05-12 14:22:49,550 - INFO - fl - client_local_train - client 9 start local training ...
2025-05-12 14:22:54,937 - INFO - fl - start - end client 9 training
2025-05-12 14:22:54,937 - INFO - fl - start - client 9 evaluation metrics: {'train_loss': 0.0038588811710522147, 'test_acc': 41.4}
2025-05-12 14:22:54,946 - INFO - fl - aggregate_model - start model aggregation...fusion method: dual_defense
2025-05-12 14:22:54,946 - INFO - fl - aggregate_model - start hyper-guard fusion with epsilon 0.01
2025-05-12 14:22:54,946 - INFO - fl - aggregate_model - round 4 attackers: [1, 4]
2025-05-12 14:23:05,740 - DEBUG - util_fusion - fusion_dual_defense - client 0 scores: {0: array([440.8399962]), 1: array([400.69368861]), 2: array([379.4805818]), 3: array([373.23475295]), 4: array([442.80368155]), 5: array([437.25756911]), 6: array([393.65139051]), 7: array([397.84256065]), 8: array([399.77161924]), 9: array([453.02079329])}
2025-05-12 14:23:05,741 - DEBUG - util_fusion - fusion_dual_defense - client 0 norm scores: {0: array([0.84733173]), 1: array([0.34415714]), 2: array([0.07828223]), 3: array([0.]), 4: array([0.87194362]), 5: array([0.8024313]), 6: array([0.25589235]), 7: array([0.30842247]), 8: array([0.33260037]), 9: array([1.])}
2025-05-12 14:23:05,741 - DEBUG - util_fusion - fusion_dual_defense - client 0 similarity threshold: 0.4841061202720239
2025-05-12 14:23:05,741 - INFO - util_fusion - fusion_dual_defense - client 0 selected fusion benigns: [0, 4, 5, 9]
2025-05-12 14:23:05,749 - DEBUG - util_fusion - fusion_dual_defense - client 1 scores: {0: array([440.8399962]), 1: array([400.69368861]), 2: array([379.4805818]), 3: array([373.23475295]), 4: array([442.80368155]), 5: array([437.25756911]), 6: array([393.65139051]), 7: array([397.84256065]), 8: array([399.77161924]), 9: array([453.02079329])}
2025-05-12 14:23:05,750 - DEBUG - util_fusion - fusion_dual_defense - client 1 norm scores: {0: array([0.84733173]), 1: array([0.34415714]), 2: array([0.07828223]), 3: array([0.]), 4: array([0.87194362]), 5: array([0.8024313]), 6: array([0.25589235]), 7: array([0.30842247]), 8: array([0.33260037]), 9: array([1.])}
2025-05-12 14:23:05,750 - DEBUG - util_fusion - fusion_dual_defense - client 1 similarity threshold: 0.4841061202720239
2025-05-12 14:23:05,750 - INFO - util_fusion - fusion_dual_defense - client 1 selected fusion benigns: [0, 4, 5, 9]
2025-05-12 14:23:05,759 - DEBUG - util_fusion - fusion_dual_defense - client 2 scores: {0: array([440.8399962]), 1: array([400.69368861]), 2: array([379.4805818]), 3: array([373.23475295]), 4: array([442.80368155]), 5: array([437.25756911]), 6: array([393.65139051]), 7: array([397.84256065]), 8: array([399.77161924]), 9: array([453.02079329])}
2025-05-12 14:23:05,759 - DEBUG - util_fusion - fusion_dual_defense - client 2 norm scores: {0: array([0.84733173]), 1: array([0.34415714]), 2: array([0.07828223]), 3: array([0.]), 4: array([0.87194362]), 5: array([0.8024313]), 6: array([0.25589235]), 7: array([0.30842247]), 8: array([0.33260037]), 9: array([1.])}
2025-05-12 14:23:05,759 - DEBUG - util_fusion - fusion_dual_defense - client 2 similarity threshold: 0.4841061202720239
2025-05-12 14:23:05,759 - INFO - util_fusion - fusion_dual_defense - client 2 selected fusion benigns: [0, 4, 5, 9]
2025-05-12 14:23:05,768 - DEBUG - util_fusion - fusion_dual_defense - client 3 scores: {0: array([440.8399962]), 1: array([400.69368861]), 2: array([379.4805818]), 3: array([373.23475295]), 4: array([442.80368155]), 5: array([437.25756911]), 6: array([393.65139051]), 7: array([397.84256065]), 8: array([399.77161924]), 9: array([453.02079329])}
2025-05-12 14:23:05,768 - DEBUG - util_fusion - fusion_dual_defense - client 3 norm scores: {0: array([0.84733173]), 1: array([0.34415714]), 2: array([0.07828223]), 3: array([0.]), 4: array([0.87194362]), 5: array([0.8024313]), 6: array([0.25589235]), 7: array([0.30842247]), 8: array([0.33260037]), 9: array([1.])}
2025-05-12 14:23:05,768 - DEBUG - util_fusion - fusion_dual_defense - client 3 similarity threshold: 0.4841061202720239
2025-05-12 14:23:05,768 - INFO - util_fusion - fusion_dual_defense - client 3 selected fusion benigns: [0, 4, 5, 9]
2025-05-12 14:23:05,777 - DEBUG - util_fusion - fusion_dual_defense - client 4 scores: {0: array([440.8399962]), 1: array([400.69368861]), 2: array([379.4805818]), 3: array([373.23475295]), 4: array([442.80368155]), 5: array([437.25756911]), 6: array([393.65139051]), 7: array([397.84256065]), 8: array([399.77161924]), 9: array([453.02079329])}
2025-05-12 14:23:05,777 - DEBUG - util_fusion - fusion_dual_defense - client 4 norm scores: {0: array([0.84733173]), 1: array([0.34415714]), 2: array([0.07828223]), 3: array([0.]), 4: array([0.87194362]), 5: array([0.8024313]), 6: array([0.25589235]), 7: array([0.30842247]), 8: array([0.33260037]), 9: array([1.])}
2025-05-12 14:23:05,777 - DEBUG - util_fusion - fusion_dual_defense - client 4 similarity threshold: 0.4841061202720239
2025-05-12 14:23:05,777 - INFO - util_fusion - fusion_dual_defense - client 4 selected fusion benigns: [0, 4, 5, 9]
2025-05-12 14:23:05,786 - DEBUG - util_fusion - fusion_dual_defense - client 5 scores: {0: array([440.8399962]), 1: array([400.69368861]), 2: array([379.4805818]), 3: array([373.23475295]), 4: array([442.80368155]), 5: array([437.25756911]), 6: array([393.65139051]), 7: array([397.84256065]), 8: array([399.77161924]), 9: array([453.02079329])}
2025-05-12 14:23:05,786 - DEBUG - util_fusion - fusion_dual_defense - client 5 norm scores: {0: array([0.84733173]), 1: array([0.34415714]), 2: array([0.07828223]), 3: array([0.]), 4: array([0.87194362]), 5: array([0.8024313]), 6: array([0.25589235]), 7: array([0.30842247]), 8: array([0.33260037]), 9: array([1.])}
2025-05-12 14:23:05,786 - DEBUG - util_fusion - fusion_dual_defense - client 5 similarity threshold: 0.4841061202720239
2025-05-12 14:23:05,787 - INFO - util_fusion - fusion_dual_defense - client 5 selected fusion benigns: [0, 4, 5, 9]
2025-05-12 14:23:05,795 - DEBUG - util_fusion - fusion_dual_defense - client 6 scores: {0: array([440.8399962]), 1: array([400.69368861]), 2: array([379.4805818]), 3: array([373.23475295]), 4: array([442.80368155]), 5: array([437.25756911]), 6: array([393.65139051]), 7: array([397.84256065]), 8: array([399.77161924]), 9: array([453.02079329])}
2025-05-12 14:23:05,795 - DEBUG - util_fusion - fusion_dual_defense - client 6 norm scores: {0: array([0.84733173]), 1: array([0.34415714]), 2: array([0.07828223]), 3: array([0.]), 4: array([0.87194362]), 5: array([0.8024313]), 6: array([0.25589235]), 7: array([0.30842247]), 8: array([0.33260037]), 9: array([1.])}
2025-05-12 14:23:05,796 - DEBUG - util_fusion - fusion_dual_defense - client 6 similarity threshold: 0.4841061202720239
2025-05-12 14:23:05,796 - INFO - util_fusion - fusion_dual_defense - client 6 selected fusion benigns: [0, 4, 5, 9]
2025-05-12 14:23:05,804 - DEBUG - util_fusion - fusion_dual_defense - client 7 scores: {0: array([440.8399962]), 1: array([400.69368861]), 2: array([379.4805818]), 3: array([373.23475295]), 4: array([442.80368155]), 5: array([437.25756911]), 6: array([393.65139051]), 7: array([397.84256065]), 8: array([399.77161924]), 9: array([453.02079329])}
2025-05-12 14:23:05,805 - DEBUG - util_fusion - fusion_dual_defense - client 7 norm scores: {0: array([0.84733173]), 1: array([0.34415714]), 2: array([0.07828223]), 3: array([0.]), 4: array([0.87194362]), 5: array([0.8024313]), 6: array([0.25589235]), 7: array([0.30842247]), 8: array([0.33260037]), 9: array([1.])}
2025-05-12 14:23:05,805 - DEBUG - util_fusion - fusion_dual_defense - client 7 similarity threshold: 0.4841061202720239
2025-05-12 14:23:05,805 - INFO - util_fusion - fusion_dual_defense - client 7 selected fusion benigns: [0, 4, 5, 9]
2025-05-12 14:23:05,813 - DEBUG - util_fusion - fusion_dual_defense - client 8 scores: {0: array([440.8399962]), 1: array([400.69368861]), 2: array([379.4805818]), 3: array([373.23475295]), 4: array([442.80368155]), 5: array([437.25756911]), 6: array([393.65139051]), 7: array([397.84256065]), 8: array([399.77161924]), 9: array([453.02079329])}
2025-05-12 14:23:05,814 - DEBUG - util_fusion - fusion_dual_defense - client 8 norm scores: {0: array([0.84733173]), 1: array([0.34415714]), 2: array([0.07828223]), 3: array([0.]), 4: array([0.87194362]), 5: array([0.8024313]), 6: array([0.25589235]), 7: array([0.30842247]), 8: array([0.33260037]), 9: array([1.])}
2025-05-12 14:23:05,814 - DEBUG - util_fusion - fusion_dual_defense - client 8 similarity threshold: 0.4841061202720239
2025-05-12 14:23:05,814 - INFO - util_fusion - fusion_dual_defense - client 8 selected fusion benigns: [0, 4, 5, 9]
2025-05-12 14:23:05,822 - DEBUG - util_fusion - fusion_dual_defense - client 9 scores: {0: array([440.8399962]), 1: array([400.69368861]), 2: array([379.4805818]), 3: array([373.23475295]), 4: array([442.80368155]), 5: array([437.25756911]), 6: array([393.65139051]), 7: array([397.84256065]), 8: array([399.77161924]), 9: array([453.02079329])}
2025-05-12 14:23:05,823 - DEBUG - util_fusion - fusion_dual_defense - client 9 norm scores: {0: array([0.84733173]), 1: array([0.34415714]), 2: array([0.07828223]), 3: array([0.]), 4: array([0.87194362]), 5: array([0.8024313]), 6: array([0.25589235]), 7: array([0.30842247]), 8: array([0.33260037]), 9: array([1.])}
2025-05-12 14:23:05,823 - DEBUG - util_fusion - fusion_dual_defense - client 9 similarity threshold: 0.4841061202720239
2025-05-12 14:23:05,823 - INFO - util_fusion - fusion_dual_defense - client 9 selected fusion benigns: [0, 4, 5, 9]
2025-05-12 14:23:05,823 - DEBUG - util_fusion - fusion_dual_defense - final fusion benigns: (0, 4, 5, 9)
2025-05-12 14:23:07,466 - INFO - fl - start - global side -  test accuracy: 74.79
2025-05-12 14:23:07,466 - INFO - fl - start - global side iteration 4 -  test accuracy: 74.79
2025-05-12 14:23:07,466 - INFO - fl - start - start training round 5
2025-05-12 14:23:07,468 - INFO - fl - start - round 5 attackers: [9, 5]
2025-05-12 14:23:07,468 - INFO - fl - start - start client 0 training
2025-05-12 14:23:07,468 - INFO - fl - client_local_train - client 0 start local training ...
2025-05-12 14:23:09,326 - INFO - fl - start - end client 0 training
2025-05-12 14:23:09,326 - INFO - fl - start - client 0 evaluation metrics: {'train_loss': 0.10302042330686863, 'test_acc': 57.24}
2025-05-12 14:23:09,326 - INFO - fl - start - start client 1 training
2025-05-12 14:23:09,326 - INFO - fl - client_local_train - client 1 start local training ...
2025-05-12 14:23:16,128 - INFO - fl - start - end client 1 training
2025-05-12 14:23:16,129 - INFO - fl - start - client 1 evaluation metrics: {'train_loss': 0.03271472431955731, 'test_acc': 74.76}
2025-05-12 14:23:16,129 - INFO - fl - start - start client 2 training
2025-05-12 14:23:16,129 - INFO - fl - client_local_train - client 2 start local training ...
2025-05-12 14:23:24,734 - INFO - fl - start - end client 2 training
2025-05-12 14:23:24,734 - INFO - fl - start - client 2 evaluation metrics: {'train_loss': 0.039400366404070256, 'test_acc': 86.82}
2025-05-12 14:23:24,735 - INFO - fl - start - start client 3 training
2025-05-12 14:23:24,735 - INFO - fl - client_local_train - client 3 start local training ...
2025-05-12 14:23:33,797 - INFO - fl - start - end client 3 training
2025-05-12 14:23:33,798 - INFO - fl - start - client 3 evaluation metrics: {'train_loss': 0.0337140825111419, 'test_acc': 89.28}
2025-05-12 14:23:33,798 - INFO - fl - start - start client 4 training
2025-05-12 14:23:33,798 - INFO - fl - client_local_train - client 4 start local training ...
2025-05-12 14:23:35,852 - INFO - fl - start - end client 4 training
2025-05-12 14:23:35,852 - INFO - fl - start - client 4 evaluation metrics: {'train_loss': 0.04403523417810599, 'test_acc': 72.26}
2025-05-12 14:23:35,852 - INFO - fl - start - start client 5 training
2025-05-12 14:23:35,852 - INFO - fl - client_local_train - client 5 start local training ...
2025-05-12 14:23:37,939 - INFO - fl - client_local_train - client 5 is attacker, start poisoning model
2025-05-12 14:23:41,724 - INFO - fl - start - end client 5 training
2025-05-12 14:23:41,724 - INFO - fl - start - client 5 evaluation metrics: {'train_loss': 24.48815471942608, 'test_acc': 80.17}
2025-05-12 14:23:41,724 - INFO - fl - start - start client 6 training
2025-05-12 14:23:41,724 - INFO - fl - client_local_train - client 6 start local training ...
2025-05-12 14:23:45,712 - INFO - fl - start - end client 6 training
2025-05-12 14:23:45,712 - INFO - fl - start - client 6 evaluation metrics: {'train_loss': 0.07043729880108283, 'test_acc': 79.42}
2025-05-12 14:23:45,712 - INFO - fl - start - start client 7 training
2025-05-12 14:23:45,712 - INFO - fl - client_local_train - client 7 start local training ...
2025-05-12 14:23:50,679 - INFO - fl - start - end client 7 training
2025-05-12 14:23:50,679 - INFO - fl - start - client 7 evaluation metrics: {'train_loss': 0.04678010013594758, 'test_acc': 71.6}
2025-05-12 14:23:50,679 - INFO - fl - start - start client 8 training
2025-05-12 14:23:50,679 - INFO - fl - client_local_train - client 8 start local training ...
2025-05-12 14:23:55,819 - INFO - fl - start - end client 8 training
2025-05-12 14:23:55,819 - INFO - fl - start - client 8 evaluation metrics: {'train_loss': 0.0366955583174062, 'test_acc': 78.08}
2025-05-12 14:23:55,819 - INFO - fl - start - start client 9 training
2025-05-12 14:23:55,819 - INFO - fl - client_local_train - client 9 start local training ...
2025-05-12 14:23:58,973 - INFO - fl - client_local_train - client 9 is attacker, start poisoning model
2025-05-12 14:24:03,326 - INFO - fl - start - end client 9 training
2025-05-12 14:24:03,326 - INFO - fl - start - client 9 evaluation metrics: {'train_loss': 4.153732762192234, 'test_acc': 45.53}
2025-05-12 14:24:03,327 - INFO - fl - aggregate_model - start model aggregation...fusion method: dual_defense
2025-05-12 14:24:03,327 - INFO - fl - aggregate_model - start hyper-guard fusion with epsilon 0.01
2025-05-12 14:24:03,327 - INFO - fl - aggregate_model - round 5 attackers: [9, 5]
2025-05-12 14:24:14,099 - DEBUG - util_fusion - fusion_dual_defense - client 0 scores: {0: array([187.50024689]), 1: array([189.39777296]), 2: array([188.79903282]), 3: array([187.90195316]), 4: array([192.98402494]), 5: array([191.80863879]), 6: array([181.82713466]), 7: array([177.44145541]), 8: array([189.83866844]), 9: array([191.14590281])}
2025-05-12 14:24:14,100 - DEBUG - util_fusion - fusion_dual_defense - client 0 norm scores: {0: array([0.64717687]), 1: array([0.76926261]), 2: array([0.73074001]), 3: array([0.67302242]), 4: array([1.]), 5: array([0.92437633]), 6: array([0.28217209]), 7: array([0.]), 8: array([0.79762957]), 9: array([0.88173628])}
2025-05-12 14:24:14,100 - DEBUG - util_fusion - fusion_dual_defense - client 0 similarity threshold: 0.6706116167746408
2025-05-12 14:24:14,100 - INFO - util_fusion - fusion_dual_defense - client 0 selected fusion benigns: [1, 2, 3, 4, 5, 8, 9]
2025-05-12 14:24:14,109 - DEBUG - util_fusion - fusion_dual_defense - client 1 scores: {0: array([187.50024689]), 1: array([189.39777296]), 2: array([188.79903282]), 3: array([187.90195316]), 4: array([192.98402494]), 5: array([191.80863879]), 6: array([181.82713466]), 7: array([177.44145541]), 8: array([189.83866844]), 9: array([191.14590281])}
2025-05-12 14:24:14,109 - DEBUG - util_fusion - fusion_dual_defense - client 1 norm scores: {0: array([0.64717687]), 1: array([0.76926261]), 2: array([0.73074001]), 3: array([0.67302242]), 4: array([1.]), 5: array([0.92437633]), 6: array([0.28217209]), 7: array([0.]), 8: array([0.79762957]), 9: array([0.88173628])}
2025-05-12 14:24:14,110 - DEBUG - util_fusion - fusion_dual_defense - client 1 similarity threshold: 0.6706116167746408
2025-05-12 14:24:14,110 - INFO - util_fusion - fusion_dual_defense - client 1 selected fusion benigns: [1, 2, 3, 4, 5, 8, 9]
2025-05-12 14:24:14,120 - DEBUG - util_fusion - fusion_dual_defense - client 2 scores: {0: array([187.50024689]), 1: array([189.39777296]), 2: array([188.79903282]), 3: array([187.90195316]), 4: array([192.98402494]), 5: array([191.80863879]), 6: array([181.82713466]), 7: array([177.44145541]), 8: array([189.83866844]), 9: array([191.14590281])}
2025-05-12 14:24:14,120 - DEBUG - util_fusion - fusion_dual_defense - client 2 norm scores: {0: array([0.64717687]), 1: array([0.76926261]), 2: array([0.73074001]), 3: array([0.67302242]), 4: array([1.]), 5: array([0.92437633]), 6: array([0.28217209]), 7: array([0.]), 8: array([0.79762957]), 9: array([0.88173628])}
2025-05-12 14:24:14,121 - DEBUG - util_fusion - fusion_dual_defense - client 2 similarity threshold: 0.6706116167746408
2025-05-12 14:24:14,121 - INFO - util_fusion - fusion_dual_defense - client 2 selected fusion benigns: [1, 2, 3, 4, 5, 8, 9]
2025-05-12 14:24:14,129 - DEBUG - util_fusion - fusion_dual_defense - client 3 scores: {0: array([187.50024689]), 1: array([189.39777296]), 2: array([188.79903282]), 3: array([187.90195316]), 4: array([192.98402494]), 5: array([191.80863879]), 6: array([181.82713466]), 7: array([177.44145541]), 8: array([189.83866844]), 9: array([191.14590281])}
2025-05-12 14:24:14,130 - DEBUG - util_fusion - fusion_dual_defense - client 3 norm scores: {0: array([0.64717687]), 1: array([0.76926261]), 2: array([0.73074001]), 3: array([0.67302242]), 4: array([1.]), 5: array([0.92437633]), 6: array([0.28217209]), 7: array([0.]), 8: array([0.79762957]), 9: array([0.88173628])}
2025-05-12 14:24:14,130 - DEBUG - util_fusion - fusion_dual_defense - client 3 similarity threshold: 0.6706116167746408
2025-05-12 14:24:14,130 - INFO - util_fusion - fusion_dual_defense - client 3 selected fusion benigns: [1, 2, 3, 4, 5, 8, 9]
2025-05-12 14:24:14,138 - DEBUG - util_fusion - fusion_dual_defense - client 4 scores: {0: array([187.50024689]), 1: array([189.39777296]), 2: array([188.79903282]), 3: array([187.90195316]), 4: array([192.98402494]), 5: array([191.80863879]), 6: array([181.82713466]), 7: array([177.44145541]), 8: array([189.83866844]), 9: array([191.14590281])}
2025-05-12 14:24:14,139 - DEBUG - util_fusion - fusion_dual_defense - client 4 norm scores: {0: array([0.64717687]), 1: array([0.76926261]), 2: array([0.73074001]), 3: array([0.67302242]), 4: array([1.]), 5: array([0.92437633]), 6: array([0.28217209]), 7: array([0.]), 8: array([0.79762957]), 9: array([0.88173628])}
2025-05-12 14:24:14,139 - DEBUG - util_fusion - fusion_dual_defense - client 4 similarity threshold: 0.6706116167746408
2025-05-12 14:24:14,139 - INFO - util_fusion - fusion_dual_defense - client 4 selected fusion benigns: [1, 2, 3, 4, 5, 8, 9]
2025-05-12 14:24:14,148 - DEBUG - util_fusion - fusion_dual_defense - client 5 scores: {0: array([187.50024689]), 1: array([189.39777296]), 2: array([188.79903282]), 3: array([187.90195316]), 4: array([192.98402494]), 5: array([191.80863879]), 6: array([181.82713466]), 7: array([177.44145541]), 8: array([189.83866844]), 9: array([191.14590281])}
2025-05-12 14:24:14,148 - DEBUG - util_fusion - fusion_dual_defense - client 5 norm scores: {0: array([0.64717687]), 1: array([0.76926261]), 2: array([0.73074001]), 3: array([0.67302242]), 4: array([1.]), 5: array([0.92437633]), 6: array([0.28217209]), 7: array([0.]), 8: array([0.79762957]), 9: array([0.88173628])}
2025-05-12 14:24:14,148 - DEBUG - util_fusion - fusion_dual_defense - client 5 similarity threshold: 0.6706116167746408
2025-05-12 14:24:14,148 - INFO - util_fusion - fusion_dual_defense - client 5 selected fusion benigns: [1, 2, 3, 4, 5, 8, 9]
2025-05-12 14:24:14,157 - DEBUG - util_fusion - fusion_dual_defense - client 6 scores: {0: array([187.50024689]), 1: array([189.39777296]), 2: array([188.79903282]), 3: array([187.90195316]), 4: array([192.98402494]), 5: array([191.80863879]), 6: array([181.82713466]), 7: array([177.44145541]), 8: array([189.83866844]), 9: array([191.14590281])}
2025-05-12 14:24:14,158 - DEBUG - util_fusion - fusion_dual_defense - client 6 norm scores: {0: array([0.64717687]), 1: array([0.76926261]), 2: array([0.73074001]), 3: array([0.67302242]), 4: array([1.]), 5: array([0.92437633]), 6: array([0.28217209]), 7: array([0.]), 8: array([0.79762957]), 9: array([0.88173628])}
2025-05-12 14:24:14,158 - DEBUG - util_fusion - fusion_dual_defense - client 6 similarity threshold: 0.6706116167746408
2025-05-12 14:24:14,158 - INFO - util_fusion - fusion_dual_defense - client 6 selected fusion benigns: [1, 2, 3, 4, 5, 8, 9]
2025-05-12 14:24:14,166 - DEBUG - util_fusion - fusion_dual_defense - client 7 scores: {0: array([187.50024689]), 1: array([189.39777296]), 2: array([188.79903282]), 3: array([187.90195316]), 4: array([192.98402494]), 5: array([191.80863879]), 6: array([181.82713466]), 7: array([177.44145541]), 8: array([189.83866844]), 9: array([191.14590281])}
2025-05-12 14:24:14,167 - DEBUG - util_fusion - fusion_dual_defense - client 7 norm scores: {0: array([0.64717687]), 1: array([0.76926261]), 2: array([0.73074001]), 3: array([0.67302242]), 4: array([1.]), 5: array([0.92437633]), 6: array([0.28217209]), 7: array([0.]), 8: array([0.79762957]), 9: array([0.88173628])}
2025-05-12 14:24:14,167 - DEBUG - util_fusion - fusion_dual_defense - client 7 similarity threshold: 0.6706116167746408
2025-05-12 14:24:14,167 - INFO - util_fusion - fusion_dual_defense - client 7 selected fusion benigns: [1, 2, 3, 4, 5, 8, 9]
2025-05-12 14:24:14,175 - DEBUG - util_fusion - fusion_dual_defense - client 8 scores: {0: array([187.50024689]), 1: array([189.39777296]), 2: array([188.79903282]), 3: array([187.90195316]), 4: array([192.98402494]), 5: array([191.80863879]), 6: array([181.82713466]), 7: array([177.44145541]), 8: array([189.83866844]), 9: array([191.14590281])}
2025-05-12 14:24:14,176 - DEBUG - util_fusion - fusion_dual_defense - client 8 norm scores: {0: array([0.64717687]), 1: array([0.76926261]), 2: array([0.73074001]), 3: array([0.67302242]), 4: array([1.]), 5: array([0.92437633]), 6: array([0.28217209]), 7: array([0.]), 8: array([0.79762957]), 9: array([0.88173628])}
2025-05-12 14:24:14,176 - DEBUG - util_fusion - fusion_dual_defense - client 8 similarity threshold: 0.6706116167746408
2025-05-12 14:24:14,176 - INFO - util_fusion - fusion_dual_defense - client 8 selected fusion benigns: [1, 2, 3, 4, 5, 8, 9]
2025-05-12 14:24:14,185 - DEBUG - util_fusion - fusion_dual_defense - client 9 scores: {0: array([187.50024689]), 1: array([189.39777296]), 2: array([188.79903282]), 3: array([187.90195316]), 4: array([192.98402494]), 5: array([191.80863879]), 6: array([181.82713466]), 7: array([177.44145541]), 8: array([189.83866844]), 9: array([191.14590281])}
2025-05-12 14:24:14,185 - DEBUG - util_fusion - fusion_dual_defense - client 9 norm scores: {0: array([0.64717687]), 1: array([0.76926261]), 2: array([0.73074001]), 3: array([0.67302242]), 4: array([1.]), 5: array([0.92437633]), 6: array([0.28217209]), 7: array([0.]), 8: array([0.79762957]), 9: array([0.88173628])}
2025-05-12 14:24:14,185 - DEBUG - util_fusion - fusion_dual_defense - client 9 similarity threshold: 0.6706116167746408
2025-05-12 14:24:14,185 - INFO - util_fusion - fusion_dual_defense - client 9 selected fusion benigns: [1, 2, 3, 4, 5, 8, 9]
2025-05-12 14:24:14,185 - DEBUG - util_fusion - fusion_dual_defense - final fusion benigns: (1, 2, 3, 4, 5, 8, 9)
2025-05-12 14:24:15,986 - INFO - fl - start - global side -  test accuracy: 90.9
2025-05-12 14:24:15,986 - INFO - fl - start - global side iteration 5 -  test accuracy: 90.9
2025-05-12 14:24:15,987 - INFO - fl - start - start training round 6
2025-05-12 14:24:15,988 - INFO - fl - start - round 6 attackers: [6, 5]
2025-05-12 14:24:15,988 - INFO - fl - start - start client 0 training
2025-05-12 14:24:15,988 - INFO - fl - client_local_train - client 0 start local training ...
2025-05-12 14:24:17,843 - INFO - fl - start - end client 0 training
2025-05-12 14:24:17,844 - INFO - fl - start - client 0 evaluation metrics: {'train_loss': 0.19890024828223082, 'test_acc': 62.38}
2025-05-12 14:24:17,844 - INFO - fl - start - start client 1 training
2025-05-12 14:24:17,844 - INFO - fl - client_local_train - client 1 start local training ...
2025-05-12 14:24:24,656 - INFO - fl - start - end client 1 training
2025-05-12 14:24:24,656 - INFO - fl - start - client 1 evaluation metrics: {'train_loss': 0.07445156233343504, 'test_acc': 68.99}
2025-05-12 14:24:24,656 - INFO - fl - start - start client 2 training
2025-05-12 14:24:24,656 - INFO - fl - client_local_train - client 2 start local training ...
2025-05-12 14:24:33,249 - INFO - fl - start - end client 2 training
2025-05-12 14:24:33,249 - INFO - fl - start - client 2 evaluation metrics: {'train_loss': 0.07785227654104153, 'test_acc': 77.43}
2025-05-12 14:24:33,249 - INFO - fl - start - start client 3 training
2025-05-12 14:24:33,249 - INFO - fl - client_local_train - client 3 start local training ...
2025-05-12 14:24:42,303 - INFO - fl - start - end client 3 training
2025-05-12 14:24:42,303 - INFO - fl - start - client 3 evaluation metrics: {'train_loss': 0.07054479657182176, 'test_acc': 77.92}
2025-05-12 14:24:42,303 - INFO - fl - start - start client 4 training
2025-05-12 14:24:42,303 - INFO - fl - client_local_train - client 4 start local training ...
2025-05-12 14:24:44,362 - INFO - fl - start - end client 4 training
2025-05-12 14:24:44,362 - INFO - fl - start - client 4 evaluation metrics: {'train_loss': 0.3478907135108279, 'test_acc': 53.56}
2025-05-12 14:24:44,362 - INFO - fl - start - start client 5 training
2025-05-12 14:24:44,362 - INFO - fl - client_local_train - client 5 start local training ...
2025-05-12 14:24:46,427 - INFO - fl - client_local_train - client 5 is attacker, start poisoning model
2025-05-12 14:24:50,214 - INFO - fl - start - end client 5 training
2025-05-12 14:24:50,214 - INFO - fl - start - client 5 evaluation metrics: {'train_loss': 248.8263682053234, 'test_acc': 70.27}
2025-05-12 14:24:50,214 - INFO - fl - start - start client 6 training
2025-05-12 14:24:50,214 - INFO - fl - client_local_train - client 6 start local training ...
2025-05-12 14:24:52,342 - INFO - fl - client_local_train - client 6 is attacker, start poisoning model
2025-05-12 14:24:56,151 - INFO - fl - start - end client 6 training
2025-05-12 14:24:56,155 - INFO - fl - start - client 6 evaluation metrics: {'train_loss': 246.66480724628155, 'test_acc': 71.55}
2025-05-12 14:24:56,155 - INFO - fl - start - start client 7 training
2025-05-12 14:24:56,155 - INFO - fl - client_local_train - client 7 start local training ...
2025-05-12 14:25:01,107 - INFO - fl - start - end client 7 training
2025-05-12 14:25:01,107 - INFO - fl - start - client 7 evaluation metrics: {'train_loss': 0.1055134649134495, 'test_acc': 59.94}
2025-05-12 14:25:01,107 - INFO - fl - start - start client 8 training
2025-05-12 14:25:01,107 - INFO - fl - client_local_train - client 8 start local training ...
2025-05-12 14:25:06,254 - INFO - fl - start - end client 8 training
2025-05-12 14:25:06,254 - INFO - fl - start - client 8 evaluation metrics: {'train_loss': 0.10686158931623864, 'test_acc': 56.04}
2025-05-12 14:25:06,255 - INFO - fl - start - start client 9 training
2025-05-12 14:25:06,255 - INFO - fl - client_local_train - client 9 start local training ...
2025-05-12 14:25:11,655 - INFO - fl - start - end client 9 training
2025-05-12 14:25:11,655 - INFO - fl - start - client 9 evaluation metrics: {'train_loss': 0.03731405861817185, 'test_acc': 33.84}
2025-05-12 14:25:11,655 - INFO - fl - aggregate_model - start model aggregation...fusion method: dual_defense
2025-05-12 14:25:11,655 - INFO - fl - aggregate_model - start hyper-guard fusion with epsilon 0.01
2025-05-12 14:25:11,655 - INFO - fl - aggregate_model - round 6 attackers: [5, 6]
2025-05-12 14:25:22,460 - DEBUG - util_fusion - fusion_dual_defense - client 0 scores: {0: array([333.40864208]), 1: array([364.81060803]), 2: array([363.5609919]), 3: array([357.42082965]), 4: array([339.39072327]), 5: array([348.55032174]), 6: array([342.12145547]), 7: array([308.98087427]), 8: array([350.91687168]), 9: array([348.42485457])}
2025-05-12 14:25:22,461 - DEBUG - util_fusion - fusion_dual_defense - client 0 norm scores: {0: array([0.43754047]), 1: array([1.]), 2: array([0.97761737]), 3: array([0.86763723]), 4: array([0.54468913]), 5: array([0.70875222]), 6: array([0.59360092]), 7: array([0.]), 8: array([0.75114092]), 9: array([0.7065049])}
2025-05-12 14:25:22,461 - DEBUG - util_fusion - fusion_dual_defense - client 0 similarity threshold: 0.6587483142195218
2025-05-12 14:25:22,461 - INFO - util_fusion - fusion_dual_defense - client 0 selected fusion benigns: [1, 2, 3, 5, 8, 9]
2025-05-12 14:25:22,470 - DEBUG - util_fusion - fusion_dual_defense - client 1 scores: {0: array([333.40864208]), 1: array([364.81060803]), 2: array([363.5609919]), 3: array([357.42082965]), 4: array([339.39072327]), 5: array([348.55032174]), 6: array([342.12145547]), 7: array([308.98087427]), 8: array([350.91687168]), 9: array([348.42485457])}
2025-05-12 14:25:22,470 - DEBUG - util_fusion - fusion_dual_defense - client 1 norm scores: {0: array([0.43754047]), 1: array([1.]), 2: array([0.97761737]), 3: array([0.86763723]), 4: array([0.54468913]), 5: array([0.70875222]), 6: array([0.59360092]), 7: array([0.]), 8: array([0.75114092]), 9: array([0.7065049])}
2025-05-12 14:25:22,470 - DEBUG - util_fusion - fusion_dual_defense - client 1 similarity threshold: 0.6587483142195218
2025-05-12 14:25:22,470 - INFO - util_fusion - fusion_dual_defense - client 1 selected fusion benigns: [1, 2, 3, 5, 8, 9]
2025-05-12 14:25:22,479 - DEBUG - util_fusion - fusion_dual_defense - client 2 scores: {0: array([333.40864208]), 1: array([364.81060803]), 2: array([363.5609919]), 3: array([357.42082965]), 4: array([339.39072327]), 5: array([348.55032174]), 6: array([342.12145547]), 7: array([308.98087427]), 8: array([350.91687168]), 9: array([348.42485457])}
2025-05-12 14:25:22,479 - DEBUG - util_fusion - fusion_dual_defense - client 2 norm scores: {0: array([0.43754047]), 1: array([1.]), 2: array([0.97761737]), 3: array([0.86763723]), 4: array([0.54468913]), 5: array([0.70875222]), 6: array([0.59360092]), 7: array([0.]), 8: array([0.75114092]), 9: array([0.7065049])}
2025-05-12 14:25:22,479 - DEBUG - util_fusion - fusion_dual_defense - client 2 similarity threshold: 0.6587483142195218
2025-05-12 14:25:22,479 - INFO - util_fusion - fusion_dual_defense - client 2 selected fusion benigns: [1, 2, 3, 5, 8, 9]
2025-05-12 14:25:22,488 - DEBUG - util_fusion - fusion_dual_defense - client 3 scores: {0: array([333.40864208]), 1: array([364.81060803]), 2: array([363.5609919]), 3: array([357.42082965]), 4: array([339.39072327]), 5: array([348.55032174]), 6: array([342.12145547]), 7: array([308.98087427]), 8: array([350.91687168]), 9: array([348.42485457])}
2025-05-12 14:25:22,488 - DEBUG - util_fusion - fusion_dual_defense - client 3 norm scores: {0: array([0.43754047]), 1: array([1.]), 2: array([0.97761737]), 3: array([0.86763723]), 4: array([0.54468913]), 5: array([0.70875222]), 6: array([0.59360092]), 7: array([0.]), 8: array([0.75114092]), 9: array([0.7065049])}
2025-05-12 14:25:22,488 - DEBUG - util_fusion - fusion_dual_defense - client 3 similarity threshold: 0.6587483142195218
2025-05-12 14:25:22,488 - INFO - util_fusion - fusion_dual_defense - client 3 selected fusion benigns: [1, 2, 3, 5, 8, 9]
2025-05-12 14:25:22,497 - DEBUG - util_fusion - fusion_dual_defense - client 4 scores: {0: array([333.40864208]), 1: array([364.81060803]), 2: array([363.5609919]), 3: array([357.42082965]), 4: array([339.39072327]), 5: array([348.55032174]), 6: array([342.12145547]), 7: array([308.98087427]), 8: array([350.91687168]), 9: array([348.42485457])}
2025-05-12 14:25:22,497 - DEBUG - util_fusion - fusion_dual_defense - client 4 norm scores: {0: array([0.43754047]), 1: array([1.]), 2: array([0.97761737]), 3: array([0.86763723]), 4: array([0.54468913]), 5: array([0.70875222]), 6: array([0.59360092]), 7: array([0.]), 8: array([0.75114092]), 9: array([0.7065049])}
2025-05-12 14:25:22,497 - DEBUG - util_fusion - fusion_dual_defense - client 4 similarity threshold: 0.6587483142195218
2025-05-12 14:25:22,497 - INFO - util_fusion - fusion_dual_defense - client 4 selected fusion benigns: [1, 2, 3, 5, 8, 9]
2025-05-12 14:25:22,506 - DEBUG - util_fusion - fusion_dual_defense - client 5 scores: {0: array([333.40864208]), 1: array([364.81060803]), 2: array([363.5609919]), 3: array([357.42082965]), 4: array([339.39072327]), 5: array([348.55032174]), 6: array([342.12145547]), 7: array([308.98087427]), 8: array([350.91687168]), 9: array([348.42485457])}
2025-05-12 14:25:22,506 - DEBUG - util_fusion - fusion_dual_defense - client 5 norm scores: {0: array([0.43754047]), 1: array([1.]), 2: array([0.97761737]), 3: array([0.86763723]), 4: array([0.54468913]), 5: array([0.70875222]), 6: array([0.59360092]), 7: array([0.]), 8: array([0.75114092]), 9: array([0.7065049])}
2025-05-12 14:25:22,506 - DEBUG - util_fusion - fusion_dual_defense - client 5 similarity threshold: 0.6587483142195218
2025-05-12 14:25:22,506 - INFO - util_fusion - fusion_dual_defense - client 5 selected fusion benigns: [1, 2, 3, 5, 8, 9]
2025-05-12 14:25:22,515 - DEBUG - util_fusion - fusion_dual_defense - client 6 scores: {0: array([333.40864208]), 1: array([364.81060803]), 2: array([363.5609919]), 3: array([357.42082965]), 4: array([339.39072327]), 5: array([348.55032174]), 6: array([342.12145547]), 7: array([308.98087427]), 8: array([350.91687168]), 9: array([348.42485457])}
2025-05-12 14:25:22,515 - DEBUG - util_fusion - fusion_dual_defense - client 6 norm scores: {0: array([0.43754047]), 1: array([1.]), 2: array([0.97761737]), 3: array([0.86763723]), 4: array([0.54468913]), 5: array([0.70875222]), 6: array([0.59360092]), 7: array([0.]), 8: array([0.75114092]), 9: array([0.7065049])}
2025-05-12 14:25:22,515 - DEBUG - util_fusion - fusion_dual_defense - client 6 similarity threshold: 0.6587483142195218
2025-05-12 14:25:22,515 - INFO - util_fusion - fusion_dual_defense - client 6 selected fusion benigns: [1, 2, 3, 5, 8, 9]
2025-05-12 14:25:22,524 - DEBUG - util_fusion - fusion_dual_defense - client 7 scores: {0: array([333.40864208]), 1: array([364.81060803]), 2: array([363.5609919]), 3: array([357.42082965]), 4: array([339.39072327]), 5: array([348.55032174]), 6: array([342.12145547]), 7: array([308.98087427]), 8: array([350.91687168]), 9: array([348.42485457])}
2025-05-12 14:25:22,524 - DEBUG - util_fusion - fusion_dual_defense - client 7 norm scores: {0: array([0.43754047]), 1: array([1.]), 2: array([0.97761737]), 3: array([0.86763723]), 4: array([0.54468913]), 5: array([0.70875222]), 6: array([0.59360092]), 7: array([0.]), 8: array([0.75114092]), 9: array([0.7065049])}
2025-05-12 14:25:22,524 - DEBUG - util_fusion - fusion_dual_defense - client 7 similarity threshold: 0.6587483142195218
2025-05-12 14:25:22,524 - INFO - util_fusion - fusion_dual_defense - client 7 selected fusion benigns: [1, 2, 3, 5, 8, 9]
2025-05-12 14:25:22,533 - DEBUG - util_fusion - fusion_dual_defense - client 8 scores: {0: array([333.40864208]), 1: array([364.81060803]), 2: array([363.5609919]), 3: array([357.42082965]), 4: array([339.39072327]), 5: array([348.55032174]), 6: array([342.12145547]), 7: array([308.98087427]), 8: array([350.91687168]), 9: array([348.42485457])}
2025-05-12 14:25:22,533 - DEBUG - util_fusion - fusion_dual_defense - client 8 norm scores: {0: array([0.43754047]), 1: array([1.]), 2: array([0.97761737]), 3: array([0.86763723]), 4: array([0.54468913]), 5: array([0.70875222]), 6: array([0.59360092]), 7: array([0.]), 8: array([0.75114092]), 9: array([0.7065049])}
2025-05-12 14:25:22,533 - DEBUG - util_fusion - fusion_dual_defense - client 8 similarity threshold: 0.6587483142195218
2025-05-12 14:25:22,533 - INFO - util_fusion - fusion_dual_defense - client 8 selected fusion benigns: [1, 2, 3, 5, 8, 9]
2025-05-12 14:25:22,542 - DEBUG - util_fusion - fusion_dual_defense - client 9 scores: {0: array([333.40864208]), 1: array([364.81060803]), 2: array([363.5609919]), 3: array([357.42082965]), 4: array([339.39072327]), 5: array([348.55032174]), 6: array([342.12145547]), 7: array([308.98087427]), 8: array([350.91687168]), 9: array([348.42485457])}
2025-05-12 14:25:22,542 - DEBUG - util_fusion - fusion_dual_defense - client 9 norm scores: {0: array([0.43754047]), 1: array([1.]), 2: array([0.97761737]), 3: array([0.86763723]), 4: array([0.54468913]), 5: array([0.70875222]), 6: array([0.59360092]), 7: array([0.]), 8: array([0.75114092]), 9: array([0.7065049])}
2025-05-12 14:25:22,542 - DEBUG - util_fusion - fusion_dual_defense - client 9 similarity threshold: 0.6587483142195218
2025-05-12 14:25:22,542 - INFO - util_fusion - fusion_dual_defense - client 9 selected fusion benigns: [1, 2, 3, 5, 8, 9]
2025-05-12 14:25:22,543 - DEBUG - util_fusion - fusion_dual_defense - final fusion benigns: (1, 2, 3, 5, 8, 9)
2025-05-12 14:25:24,302 - INFO - fl - start - global side -  test accuracy: 62.03
2025-05-12 14:25:24,302 - INFO - fl - start - global side iteration 6 -  test accuracy: 62.03
2025-05-12 14:25:24,303 - INFO - fl - start - start training round 7
2025-05-12 14:25:24,304 - INFO - fl - start - round 7 attackers: [7, 5]
2025-05-12 14:25:24,305 - INFO - fl - start - start client 0 training
2025-05-12 14:25:24,305 - INFO - fl - client_local_train - client 0 start local training ...
2025-05-12 14:25:26,183 - INFO - fl - start - end client 0 training
2025-05-12 14:25:26,184 - INFO - fl - start - client 0 evaluation metrics: {'train_loss': 1.0050082206726074, 'test_acc': 29.37}
2025-05-12 14:25:26,184 - INFO - fl - start - start client 1 training
2025-05-12 14:25:26,184 - INFO - fl - client_local_train - client 1 start local training ...
2025-05-12 14:25:33,005 - INFO - fl - start - end client 1 training
2025-05-12 14:25:33,005 - INFO - fl - start - client 1 evaluation metrics: {'train_loss': 0.21108988122041547, 'test_acc': 51.01}
2025-05-12 14:25:33,005 - INFO - fl - start - start client 2 training
2025-05-12 14:25:33,005 - INFO - fl - client_local_train - client 2 start local training ...
2025-05-12 14:25:41,662 - INFO - fl - start - end client 2 training
2025-05-12 14:25:41,662 - INFO - fl - start - client 2 evaluation metrics: {'train_loss': 0.15754413500093342, 'test_acc': 63.38}
2025-05-12 14:25:41,662 - INFO - fl - start - start client 3 training
2025-05-12 14:25:41,662 - INFO - fl - client_local_train - client 3 start local training ...
2025-05-12 14:25:50,798 - INFO - fl - start - end client 3 training
2025-05-12 14:25:50,798 - INFO - fl - start - client 3 evaluation metrics: {'train_loss': 0.16001113512014087, 'test_acc': 69.38}
2025-05-12 14:25:50,798 - INFO - fl - start - start client 4 training
2025-05-12 14:25:50,798 - INFO - fl - client_local_train - client 4 start local training ...
2025-05-12 14:25:52,870 - INFO - fl - start - end client 4 training
2025-05-12 14:25:52,871 - INFO - fl - start - client 4 evaluation metrics: {'train_loss': 0.48136279318067765, 'test_acc': 67.01}
2025-05-12 14:25:52,871 - INFO - fl - start - start client 5 training
2025-05-12 14:25:52,871 - INFO - fl - client_local_train - client 5 start local training ...
2025-05-12 14:25:54,978 - INFO - fl - client_local_train - client 5 is attacker, start poisoning model
2025-05-12 14:25:58,781 - INFO - fl - start - end client 5 training
2025-05-12 14:25:58,781 - INFO - fl - start - client 5 evaluation metrics: {'train_loss': 428.4712556722156, 'test_acc': 47.93}
2025-05-12 14:25:58,781 - INFO - fl - start - start client 6 training
2025-05-12 14:25:58,782 - INFO - fl - client_local_train - client 6 start local training ...
2025-05-12 14:26:02,777 - INFO - fl - start - end client 6 training
2025-05-12 14:26:02,777 - INFO - fl - start - client 6 evaluation metrics: {'train_loss': 1.5903041747900155, 'test_acc': 10.58}
2025-05-12 14:26:02,777 - INFO - fl - start - start client 7 training
2025-05-12 14:26:02,777 - INFO - fl - client_local_train - client 7 start local training ...
2025-05-12 14:26:05,640 - INFO - fl - client_local_train - client 7 is attacker, start poisoning model
2025-05-12 14:26:09,854 - INFO - fl - start - end client 7 training
2025-05-12 14:26:09,854 - INFO - fl - start - client 7 evaluation metrics: {'train_loss': 542.8824820085006, 'test_acc': 27.03}
2025-05-12 14:26:09,854 - INFO - fl - start - start client 8 training
2025-05-12 14:26:09,854 - INFO - fl - client_local_train - client 8 start local training ...
2025-05-12 14:26:14,991 - INFO - fl - start - end client 8 training
2025-05-12 14:26:14,991 - INFO - fl - start - client 8 evaluation metrics: {'train_loss': 0.22076835915926965, 'test_acc': 47.87}
2025-05-12 14:26:14,991 - INFO - fl - start - start client 9 training
2025-05-12 14:26:14,991 - INFO - fl - client_local_train - client 9 start local training ...
2025-05-12 14:26:20,385 - INFO - fl - start - end client 9 training
2025-05-12 14:26:20,385 - INFO - fl - start - client 9 evaluation metrics: {'train_loss': 0.06065790787321871, 'test_acc': 30.91}
2025-05-12 14:26:20,385 - INFO - fl - aggregate_model - start model aggregation...fusion method: dual_defense
2025-05-12 14:26:20,385 - INFO - fl - aggregate_model - start hyper-guard fusion with epsilon 0.01
2025-05-12 14:26:20,385 - INFO - fl - aggregate_model - round 7 attackers: [5, 7]
2025-05-12 14:26:31,195 - DEBUG - util_fusion - fusion_dual_defense - client 0 scores: {0: array([86.32132208]), 1: array([90.21479866]), 2: array([92.49944497]), 3: array([92.08356457]), 4: array([87.62666374]), 5: array([90.50901816]), 6: array([86.58682854]), 7: array([87.37255295]), 8: array([90.03502402]), 9: array([91.79578712])}
2025-05-12 14:26:31,196 - DEBUG - util_fusion - fusion_dual_defense - client 0 norm scores: {0: array([0.]), 1: array([0.63020381]), 2: array([1.]), 3: array([0.93268499]), 4: array([0.21128451]), 5: array([0.67782661]), 6: array([0.04297526]), 7: array([0.17015377]), 8: array([0.60110522]), 9: array([0.88610491])}
2025-05-12 14:26:31,205 - DEBUG - util_fusion - fusion_dual_defense - client 0 similarity threshold: 0.5152339077573767
2025-05-12 14:26:31,205 - INFO - util_fusion - fusion_dual_defense - client 0 selected fusion benigns: [1, 2, 3, 5, 8, 9]
2025-05-12 14:26:31,226 - DEBUG - util_fusion - fusion_dual_defense - client 1 scores: {0: array([86.32132208]), 1: array([90.21479866]), 2: array([92.49944497]), 3: array([92.08356457]), 4: array([87.62666374]), 5: array([90.50901816]), 6: array([86.58682854]), 7: array([87.37255295]), 8: array([90.03502402]), 9: array([91.79578712])}
2025-05-12 14:26:31,227 - DEBUG - util_fusion - fusion_dual_defense - client 1 norm scores: {0: array([0.]), 1: array([0.63020381]), 2: array([1.]), 3: array([0.93268499]), 4: array([0.21128451]), 5: array([0.67782661]), 6: array([0.04297526]), 7: array([0.17015377]), 8: array([0.60110522]), 9: array([0.88610491])}
2025-05-12 14:26:31,227 - DEBUG - util_fusion - fusion_dual_defense - client 1 similarity threshold: 0.5152339077573767
2025-05-12 14:26:31,227 - INFO - util_fusion - fusion_dual_defense - client 1 selected fusion benigns: [1, 2, 3, 5, 8, 9]
2025-05-12 14:26:31,238 - DEBUG - util_fusion - fusion_dual_defense - client 2 scores: {0: array([86.32132208]), 1: array([90.21479866]), 2: array([92.49944497]), 3: array([92.08356457]), 4: array([87.62666374]), 5: array([90.50901816]), 6: array([86.58682854]), 7: array([87.37255295]), 8: array([90.03502402]), 9: array([91.79578712])}
2025-05-12 14:26:31,239 - DEBUG - util_fusion - fusion_dual_defense - client 2 norm scores: {0: array([0.]), 1: array([0.63020381]), 2: array([1.]), 3: array([0.93268499]), 4: array([0.21128451]), 5: array([0.67782661]), 6: array([0.04297526]), 7: array([0.17015377]), 8: array([0.60110522]), 9: array([0.88610491])}
2025-05-12 14:26:31,239 - DEBUG - util_fusion - fusion_dual_defense - client 2 similarity threshold: 0.5152339077573767
2025-05-12 14:26:31,239 - INFO - util_fusion - fusion_dual_defense - client 2 selected fusion benigns: [1, 2, 3, 5, 8, 9]
2025-05-12 14:26:31,248 - DEBUG - util_fusion - fusion_dual_defense - client 3 scores: {0: array([86.32132208]), 1: array([90.21479866]), 2: array([92.49944497]), 3: array([92.08356457]), 4: array([87.62666374]), 5: array([90.50901816]), 6: array([86.58682854]), 7: array([87.37255295]), 8: array([90.03502402]), 9: array([91.79578712])}
2025-05-12 14:26:31,248 - DEBUG - util_fusion - fusion_dual_defense - client 3 norm scores: {0: array([0.]), 1: array([0.63020381]), 2: array([1.]), 3: array([0.93268499]), 4: array([0.21128451]), 5: array([0.67782661]), 6: array([0.04297526]), 7: array([0.17015377]), 8: array([0.60110522]), 9: array([0.88610491])}
2025-05-12 14:26:31,248 - DEBUG - util_fusion - fusion_dual_defense - client 3 similarity threshold: 0.5152339077573767
2025-05-12 14:26:31,248 - INFO - util_fusion - fusion_dual_defense - client 3 selected fusion benigns: [1, 2, 3, 5, 8, 9]
2025-05-12 14:26:31,257 - DEBUG - util_fusion - fusion_dual_defense - client 4 scores: {0: array([86.32132208]), 1: array([90.21479866]), 2: array([92.49944497]), 3: array([92.08356457]), 4: array([87.62666374]), 5: array([90.50901816]), 6: array([86.58682854]), 7: array([87.37255295]), 8: array([90.03502402]), 9: array([91.79578712])}
2025-05-12 14:26:31,257 - DEBUG - util_fusion - fusion_dual_defense - client 4 norm scores: {0: array([0.]), 1: array([0.63020381]), 2: array([1.]), 3: array([0.93268499]), 4: array([0.21128451]), 5: array([0.67782661]), 6: array([0.04297526]), 7: array([0.17015377]), 8: array([0.60110522]), 9: array([0.88610491])}
2025-05-12 14:26:31,258 - DEBUG - util_fusion - fusion_dual_defense - client 4 similarity threshold: 0.5152339077573767
2025-05-12 14:26:31,258 - INFO - util_fusion - fusion_dual_defense - client 4 selected fusion benigns: [1, 2, 3, 5, 8, 9]
2025-05-12 14:26:31,266 - DEBUG - util_fusion - fusion_dual_defense - client 5 scores: {0: array([86.32132208]), 1: array([90.21479866]), 2: array([92.49944497]), 3: array([92.08356457]), 4: array([87.62666374]), 5: array([90.50901816]), 6: array([86.58682854]), 7: array([87.37255295]), 8: array([90.03502402]), 9: array([91.79578712])}
2025-05-12 14:26:31,266 - DEBUG - util_fusion - fusion_dual_defense - client 5 norm scores: {0: array([0.]), 1: array([0.63020381]), 2: array([1.]), 3: array([0.93268499]), 4: array([0.21128451]), 5: array([0.67782661]), 6: array([0.04297526]), 7: array([0.17015377]), 8: array([0.60110522]), 9: array([0.88610491])}
2025-05-12 14:26:31,267 - DEBUG - util_fusion - fusion_dual_defense - client 5 similarity threshold: 0.5152339077573767
2025-05-12 14:26:31,267 - INFO - util_fusion - fusion_dual_defense - client 5 selected fusion benigns: [1, 2, 3, 5, 8, 9]
2025-05-12 14:26:31,275 - DEBUG - util_fusion - fusion_dual_defense - client 6 scores: {0: array([86.32132208]), 1: array([90.21479866]), 2: array([92.49944497]), 3: array([92.08356457]), 4: array([87.62666374]), 5: array([90.50901816]), 6: array([86.58682854]), 7: array([87.37255295]), 8: array([90.03502402]), 9: array([91.79578712])}
2025-05-12 14:26:31,276 - DEBUG - util_fusion - fusion_dual_defense - client 6 norm scores: {0: array([0.]), 1: array([0.63020381]), 2: array([1.]), 3: array([0.93268499]), 4: array([0.21128451]), 5: array([0.67782661]), 6: array([0.04297526]), 7: array([0.17015377]), 8: array([0.60110522]), 9: array([0.88610491])}
2025-05-12 14:26:31,276 - DEBUG - util_fusion - fusion_dual_defense - client 6 similarity threshold: 0.5152339077573767
2025-05-12 14:26:31,276 - INFO - util_fusion - fusion_dual_defense - client 6 selected fusion benigns: [1, 2, 3, 5, 8, 9]
2025-05-12 14:26:31,284 - DEBUG - util_fusion - fusion_dual_defense - client 7 scores: {0: array([86.32132208]), 1: array([90.21479866]), 2: array([92.49944497]), 3: array([92.08356457]), 4: array([87.62666374]), 5: array([90.50901816]), 6: array([86.58682854]), 7: array([87.37255295]), 8: array([90.03502402]), 9: array([91.79578712])}
2025-05-12 14:26:31,285 - DEBUG - util_fusion - fusion_dual_defense - client 7 norm scores: {0: array([0.]), 1: array([0.63020381]), 2: array([1.]), 3: array([0.93268499]), 4: array([0.21128451]), 5: array([0.67782661]), 6: array([0.04297526]), 7: array([0.17015377]), 8: array([0.60110522]), 9: array([0.88610491])}
2025-05-12 14:26:31,285 - DEBUG - util_fusion - fusion_dual_defense - client 7 similarity threshold: 0.5152339077573767
2025-05-12 14:26:31,285 - INFO - util_fusion - fusion_dual_defense - client 7 selected fusion benigns: [1, 2, 3, 5, 8, 9]
2025-05-12 14:26:31,293 - DEBUG - util_fusion - fusion_dual_defense - client 8 scores: {0: array([86.32132208]), 1: array([90.21479866]), 2: array([92.49944497]), 3: array([92.08356457]), 4: array([87.62666374]), 5: array([90.50901816]), 6: array([86.58682854]), 7: array([87.37255295]), 8: array([90.03502402]), 9: array([91.79578712])}
2025-05-12 14:26:31,294 - DEBUG - util_fusion - fusion_dual_defense - client 8 norm scores: {0: array([0.]), 1: array([0.63020381]), 2: array([1.]), 3: array([0.93268499]), 4: array([0.21128451]), 5: array([0.67782661]), 6: array([0.04297526]), 7: array([0.17015377]), 8: array([0.60110522]), 9: array([0.88610491])}
2025-05-12 14:26:31,294 - DEBUG - util_fusion - fusion_dual_defense - client 8 similarity threshold: 0.5152339077573767
2025-05-12 14:26:31,294 - INFO - util_fusion - fusion_dual_defense - client 8 selected fusion benigns: [1, 2, 3, 5, 8, 9]
2025-05-12 14:26:31,302 - DEBUG - util_fusion - fusion_dual_defense - client 9 scores: {0: array([86.32132208]), 1: array([90.21479866]), 2: array([92.49944497]), 3: array([92.08356457]), 4: array([87.62666374]), 5: array([90.50901816]), 6: array([86.58682854]), 7: array([87.37255295]), 8: array([90.03502402]), 9: array([91.79578712])}
2025-05-12 14:26:31,303 - DEBUG - util_fusion - fusion_dual_defense - client 9 norm scores: {0: array([0.]), 1: array([0.63020381]), 2: array([1.]), 3: array([0.93268499]), 4: array([0.21128451]), 5: array([0.67782661]), 6: array([0.04297526]), 7: array([0.17015377]), 8: array([0.60110522]), 9: array([0.88610491])}
2025-05-12 14:26:31,303 - DEBUG - util_fusion - fusion_dual_defense - client 9 similarity threshold: 0.5152339077573767
2025-05-12 14:26:31,303 - INFO - util_fusion - fusion_dual_defense - client 9 selected fusion benigns: [1, 2, 3, 5, 8, 9]
2025-05-12 14:26:31,303 - DEBUG - util_fusion - fusion_dual_defense - final fusion benigns: (1, 2, 3, 5, 8, 9)
2025-05-12 14:26:33,062 - INFO - fl - start - global side -  test accuracy: 56.39
2025-05-12 14:26:33,062 - INFO - fl - start - global side iteration 7 -  test accuracy: 56.39
2025-05-12 14:26:33,062 - INFO - fl - start - start training round 8
2025-05-12 14:26:33,064 - INFO - fl - start - round 8 attackers: [2, 5]
2025-05-12 14:26:33,064 - INFO - fl - start - start client 0 training
2025-05-12 14:26:33,064 - INFO - fl - client_local_train - client 0 start local training ...
2025-05-12 14:26:34,934 - INFO - fl - start - end client 0 training
2025-05-12 14:26:34,934 - INFO - fl - start - client 0 evaluation metrics: {'train_loss': 1.3933579646624052, 'test_acc': 20.67}
2025-05-12 14:26:34,934 - INFO - fl - start - start client 1 training
2025-05-12 14:26:34,934 - INFO - fl - client_local_train - client 1 start local training ...
2025-05-12 14:26:41,753 - INFO - fl - start - end client 1 training
2025-05-12 14:26:41,753 - INFO - fl - start - client 1 evaluation metrics: {'train_loss': 1.5340775696199331, 'test_acc': 10.1}
2025-05-12 14:26:41,753 - INFO - fl - start - start client 2 training
2025-05-12 14:26:41,753 - INFO - fl - client_local_train - client 2 start local training ...
2025-05-12 14:26:47,551 - INFO - fl - client_local_train - client 2 is attacker, start poisoning model
2025-05-12 14:26:53,194 - INFO - fl - start - end client 2 training
2025-05-12 14:26:53,194 - INFO - fl - start - client 2 evaluation metrics: {'train_loss': 5.141377591015248, 'test_acc': 11.35}
2025-05-12 14:26:53,194 - INFO - fl - start - start client 3 training
2025-05-12 14:26:53,194 - INFO - fl - client_local_train - client 3 start local training ...
2025-05-12 14:27:02,127 - INFO - fl - start - end client 3 training
2025-05-12 14:27:02,127 - INFO - fl - start - client 3 evaluation metrics: {'train_loss': 1.6524852482896102, 'test_acc': 9.58}
2025-05-12 14:27:02,127 - INFO - fl - start - start client 4 training
2025-05-12 14:27:02,127 - INFO - fl - client_local_train - client 4 start local training ...
2025-05-12 14:27:04,150 - INFO - fl - start - end client 4 training
2025-05-12 14:27:04,150 - INFO - fl - start - client 4 evaluation metrics: {'train_loss': 1.9791538384225633, 'test_acc': 8.92}
2025-05-12 14:27:04,150 - INFO - fl - start - start client 5 training
2025-05-12 14:27:04,150 - INFO - fl - client_local_train - client 5 start local training ...
2025-05-12 14:27:06,195 - INFO - fl - client_local_train - client 5 is attacker, start poisoning model
2025-05-12 14:27:09,922 - INFO - fl - start - end client 5 training
2025-05-12 14:27:09,923 - INFO - fl - start - client 5 evaluation metrics: {'train_loss': 5.267214092841515, 'test_acc': 9.95}
2025-05-12 14:27:09,923 - INFO - fl - start - start client 6 training
2025-05-12 14:27:09,923 - INFO - fl - client_local_train - client 6 start local training ...
2025-05-12 14:27:13,847 - INFO - fl - start - end client 6 training
2025-05-12 14:27:13,847 - INFO - fl - start - client 6 evaluation metrics: {'train_loss': 1.6654087103330173, 'test_acc': 10.09}
2025-05-12 14:27:13,847 - INFO - fl - start - start client 7 training
2025-05-12 14:27:13,847 - INFO - fl - client_local_train - client 7 start local training ...
2025-05-12 14:27:18,712 - INFO - fl - start - end client 7 training
2025-05-12 14:27:18,712 - INFO - fl - start - client 7 evaluation metrics: {'train_loss': 1.2423903440887278, 'test_acc': 10.09}
2025-05-12 14:27:18,712 - INFO - fl - start - start client 8 training
2025-05-12 14:27:18,712 - INFO - fl - client_local_train - client 8 start local training ...
2025-05-12 14:27:23,770 - INFO - fl - start - end client 8 training
2025-05-12 14:27:23,770 - INFO - fl - start - client 8 evaluation metrics: {'train_loss': 1.5314198386284612, 'test_acc': 9.74}
2025-05-12 14:27:23,770 - INFO - fl - start - start client 9 training
2025-05-12 14:27:23,770 - INFO - fl - client_local_train - client 9 start local training ...
2025-05-12 14:27:29,074 - INFO - fl - start - end client 9 training
2025-05-12 14:27:29,074 - INFO - fl - start - client 9 evaluation metrics: {'train_loss': 0.7473824403502725, 'test_acc': 9.82}
2025-05-12 14:27:29,074 - INFO - fl - aggregate_model - start model aggregation...fusion method: dual_defense
2025-05-12 14:27:29,074 - INFO - fl - aggregate_model - start hyper-guard fusion with epsilon 0.01
2025-05-12 14:27:29,074 - INFO - fl - aggregate_model - round 8 attackers: [2, 5]
2025-05-12 14:27:39,719 - DEBUG - util_fusion - fusion_dual_defense - client 0 scores: {0: array([1009.51773025]), 1: array([1009.4161929]), 2: array([1003.78457257]), 3: array([1007.06145539]), 4: array([1009.25873477]), 5: array([922.73884951]), 6: array([1007.38729784]), 7: array([1007.50957026]), 8: array([1006.21245262]), 9: array([628.0398808])}
2025-05-12 14:27:39,720 - DEBUG - util_fusion - fusion_dual_defense - client 0 norm scores: {0: array([1.]), 1: array([0.99973383]), 2: array([0.98497119]), 3: array([0.99356116]), 4: array([0.99932107]), 5: array([0.77251921]), 6: array([0.99441532]), 7: array([0.99473584]), 8: array([0.9913356]), 9: array([0.])}
2025-05-12 14:27:39,720 - DEBUG - util_fusion - fusion_dual_defense - client 0 similarity threshold: 0.8730593227734988
2025-05-12 14:27:39,720 - INFO - util_fusion - fusion_dual_defense - client 0 selected fusion benigns: [0, 1, 2, 3, 4, 6, 7, 8]
2025-05-12 14:27:39,729 - DEBUG - util_fusion - fusion_dual_defense - client 1 scores: {0: array([1009.51773025]), 1: array([1009.4161929]), 2: array([1003.78457257]), 3: array([1007.06145539]), 4: array([1009.25873477]), 5: array([922.73884951]), 6: array([1007.38729784]), 7: array([1007.50957026]), 8: array([1006.21245262]), 9: array([628.0398808])}
2025-05-12 14:27:39,729 - DEBUG - util_fusion - fusion_dual_defense - client 1 norm scores: {0: array([1.]), 1: array([0.99973383]), 2: array([0.98497119]), 3: array([0.99356116]), 4: array([0.99932107]), 5: array([0.77251921]), 6: array([0.99441532]), 7: array([0.99473584]), 8: array([0.9913356]), 9: array([0.])}
2025-05-12 14:27:39,730 - DEBUG - util_fusion - fusion_dual_defense - client 1 similarity threshold: 0.8730593227734988
2025-05-12 14:27:39,730 - INFO - util_fusion - fusion_dual_defense - client 1 selected fusion benigns: [0, 1, 2, 3, 4, 6, 7, 8]
2025-05-12 14:27:39,740 - DEBUG - util_fusion - fusion_dual_defense - client 2 scores: {0: array([1009.51773025]), 1: array([1009.4161929]), 2: array([1003.78457257]), 3: array([1007.06145539]), 4: array([1009.25873477]), 5: array([922.73884951]), 6: array([1007.38729784]), 7: array([1007.50957026]), 8: array([1006.21245262]), 9: array([628.0398808])}
2025-05-12 14:27:39,740 - DEBUG - util_fusion - fusion_dual_defense - client 2 norm scores: {0: array([1.]), 1: array([0.99973383]), 2: array([0.98497119]), 3: array([0.99356116]), 4: array([0.99932107]), 5: array([0.77251921]), 6: array([0.99441532]), 7: array([0.99473584]), 8: array([0.9913356]), 9: array([0.])}
2025-05-12 14:27:39,740 - DEBUG - util_fusion - fusion_dual_defense - client 2 similarity threshold: 0.8730593227734988
2025-05-12 14:27:39,740 - INFO - util_fusion - fusion_dual_defense - client 2 selected fusion benigns: [0, 1, 2, 3, 4, 6, 7, 8]
2025-05-12 14:27:39,749 - DEBUG - util_fusion - fusion_dual_defense - client 3 scores: {0: array([1009.51773025]), 1: array([1009.4161929]), 2: array([1003.78457257]), 3: array([1007.06145539]), 4: array([1009.25873477]), 5: array([922.73884951]), 6: array([1007.38729784]), 7: array([1007.50957026]), 8: array([1006.21245262]), 9: array([628.0398808])}
2025-05-12 14:27:39,750 - DEBUG - util_fusion - fusion_dual_defense - client 3 norm scores: {0: array([1.]), 1: array([0.99973383]), 2: array([0.98497119]), 3: array([0.99356116]), 4: array([0.99932107]), 5: array([0.77251921]), 6: array([0.99441532]), 7: array([0.99473584]), 8: array([0.9913356]), 9: array([0.])}
2025-05-12 14:27:39,750 - DEBUG - util_fusion - fusion_dual_defense - client 3 similarity threshold: 0.8730593227734988
2025-05-12 14:27:39,750 - INFO - util_fusion - fusion_dual_defense - client 3 selected fusion benigns: [0, 1, 2, 3, 4, 6, 7, 8]
2025-05-12 14:27:39,758 - DEBUG - util_fusion - fusion_dual_defense - client 4 scores: {0: array([1009.51773025]), 1: array([1009.4161929]), 2: array([1003.78457257]), 3: array([1007.06145539]), 4: array([1009.25873477]), 5: array([922.73884951]), 6: array([1007.38729784]), 7: array([1007.50957026]), 8: array([1006.21245262]), 9: array([628.0398808])}
2025-05-12 14:27:39,759 - DEBUG - util_fusion - fusion_dual_defense - client 4 norm scores: {0: array([1.]), 1: array([0.99973383]), 2: array([0.98497119]), 3: array([0.99356116]), 4: array([0.99932107]), 5: array([0.77251921]), 6: array([0.99441532]), 7: array([0.99473584]), 8: array([0.9913356]), 9: array([0.])}
2025-05-12 14:27:39,759 - DEBUG - util_fusion - fusion_dual_defense - client 4 similarity threshold: 0.8730593227734988
2025-05-12 14:27:39,759 - INFO - util_fusion - fusion_dual_defense - client 4 selected fusion benigns: [0, 1, 2, 3, 4, 6, 7, 8]
2025-05-12 14:27:39,767 - DEBUG - util_fusion - fusion_dual_defense - client 5 scores: {0: array([1009.51773025]), 1: array([1009.4161929]), 2: array([1003.78457257]), 3: array([1007.06145539]), 4: array([1009.25873477]), 5: array([922.73884951]), 6: array([1007.38729784]), 7: array([1007.50957026]), 8: array([1006.21245262]), 9: array([628.0398808])}
2025-05-12 14:27:39,768 - DEBUG - util_fusion - fusion_dual_defense - client 5 norm scores: {0: array([1.]), 1: array([0.99973383]), 2: array([0.98497119]), 3: array([0.99356116]), 4: array([0.99932107]), 5: array([0.77251921]), 6: array([0.99441532]), 7: array([0.99473584]), 8: array([0.9913356]), 9: array([0.])}
2025-05-12 14:27:39,768 - DEBUG - util_fusion - fusion_dual_defense - client 5 similarity threshold: 0.8730593227734988
2025-05-12 14:27:39,768 - INFO - util_fusion - fusion_dual_defense - client 5 selected fusion benigns: [0, 1, 2, 3, 4, 6, 7, 8]
2025-05-12 14:27:39,776 - DEBUG - util_fusion - fusion_dual_defense - client 6 scores: {0: array([1009.51773025]), 1: array([1009.4161929]), 2: array([1003.78457257]), 3: array([1007.06145539]), 4: array([1009.25873477]), 5: array([922.73884951]), 6: array([1007.38729784]), 7: array([1007.50957026]), 8: array([1006.21245262]), 9: array([628.0398808])}
2025-05-12 14:27:39,777 - DEBUG - util_fusion - fusion_dual_defense - client 6 norm scores: {0: array([1.]), 1: array([0.99973383]), 2: array([0.98497119]), 3: array([0.99356116]), 4: array([0.99932107]), 5: array([0.77251921]), 6: array([0.99441532]), 7: array([0.99473584]), 8: array([0.9913356]), 9: array([0.])}
2025-05-12 14:27:39,777 - DEBUG - util_fusion - fusion_dual_defense - client 6 similarity threshold: 0.8730593227734988
2025-05-12 14:27:39,777 - INFO - util_fusion - fusion_dual_defense - client 6 selected fusion benigns: [0, 1, 2, 3, 4, 6, 7, 8]
2025-05-12 14:27:39,785 - DEBUG - util_fusion - fusion_dual_defense - client 7 scores: {0: array([1009.51773025]), 1: array([1009.4161929]), 2: array([1003.78457257]), 3: array([1007.06145539]), 4: array([1009.25873477]), 5: array([922.73884951]), 6: array([1007.38729784]), 7: array([1007.50957026]), 8: array([1006.21245262]), 9: array([628.0398808])}
2025-05-12 14:27:39,786 - DEBUG - util_fusion - fusion_dual_defense - client 7 norm scores: {0: array([1.]), 1: array([0.99973383]), 2: array([0.98497119]), 3: array([0.99356116]), 4: array([0.99932107]), 5: array([0.77251921]), 6: array([0.99441532]), 7: array([0.99473584]), 8: array([0.9913356]), 9: array([0.])}
2025-05-12 14:27:39,786 - DEBUG - util_fusion - fusion_dual_defense - client 7 similarity threshold: 0.8730593227734988
2025-05-12 14:27:39,786 - INFO - util_fusion - fusion_dual_defense - client 7 selected fusion benigns: [0, 1, 2, 3, 4, 6, 7, 8]
2025-05-12 14:27:39,794 - DEBUG - util_fusion - fusion_dual_defense - client 8 scores: {0: array([1009.51773025]), 1: array([1009.4161929]), 2: array([1003.78457257]), 3: array([1007.06145539]), 4: array([1009.25873477]), 5: array([922.73884951]), 6: array([1007.38729784]), 7: array([1007.50957026]), 8: array([1006.21245262]), 9: array([628.0398808])}
2025-05-12 14:27:39,795 - DEBUG - util_fusion - fusion_dual_defense - client 8 norm scores: {0: array([1.]), 1: array([0.99973383]), 2: array([0.98497119]), 3: array([0.99356116]), 4: array([0.99932107]), 5: array([0.77251921]), 6: array([0.99441532]), 7: array([0.99473584]), 8: array([0.9913356]), 9: array([0.])}
2025-05-12 14:27:39,795 - DEBUG - util_fusion - fusion_dual_defense - client 8 similarity threshold: 0.8730593227734988
2025-05-12 14:27:39,795 - INFO - util_fusion - fusion_dual_defense - client 8 selected fusion benigns: [0, 1, 2, 3, 4, 6, 7, 8]
2025-05-12 14:27:39,803 - DEBUG - util_fusion - fusion_dual_defense - client 9 scores: {0: array([1009.51773025]), 1: array([1009.4161929]), 2: array([1003.78457257]), 3: array([1007.06145539]), 4: array([1009.25873477]), 5: array([922.73884951]), 6: array([1007.38729784]), 7: array([1007.50957026]), 8: array([1006.21245262]), 9: array([628.0398808])}
2025-05-12 14:27:39,804 - DEBUG - util_fusion - fusion_dual_defense - client 9 norm scores: {0: array([1.]), 1: array([0.99973383]), 2: array([0.98497119]), 3: array([0.99356116]), 4: array([0.99932107]), 5: array([0.77251921]), 6: array([0.99441532]), 7: array([0.99473584]), 8: array([0.9913356]), 9: array([0.])}
2025-05-12 14:27:39,804 - DEBUG - util_fusion - fusion_dual_defense - client 9 similarity threshold: 0.8730593227734988
2025-05-12 14:27:39,804 - INFO - util_fusion - fusion_dual_defense - client 9 selected fusion benigns: [0, 1, 2, 3, 4, 6, 7, 8]
2025-05-12 14:27:39,804 - DEBUG - util_fusion - fusion_dual_defense - final fusion benigns: (0, 1, 2, 3, 4, 6, 7, 8)
2025-05-12 14:27:41,647 - INFO - fl - start - global side -  test accuracy: 11.35
2025-05-12 14:27:41,647 - INFO - fl - start - global side iteration 8 -  test accuracy: 11.35
2025-05-12 14:27:41,648 - INFO - fl - start - start training round 9
2025-05-12 14:27:41,649 - INFO - fl - start - round 9 attackers: [8, 9]
2025-05-12 14:27:41,649 - INFO - fl - start - start client 0 training
2025-05-12 14:27:41,649 - INFO - fl - client_local_train - client 0 start local training ...
2025-05-12 14:27:43,479 - INFO - fl - start - end client 0 training
2025-05-12 14:27:43,480 - INFO - fl - start - client 0 evaluation metrics: {'train_loss': 2.990259940807636, 'test_acc': 11.35}
2025-05-12 14:27:43,480 - INFO - fl - start - start client 1 training
2025-05-12 14:27:43,480 - INFO - fl - client_local_train - client 1 start local training ...
2025-05-12 14:27:50,179 - INFO - fl - start - end client 1 training
2025-05-12 14:27:50,179 - INFO - fl - start - client 1 evaluation metrics: {'train_loss': 1.548077738551951, 'test_acc': 10.1}
2025-05-12 14:27:50,179 - INFO - fl - start - start client 2 training
2025-05-12 14:27:50,188 - INFO - fl - client_local_train - client 2 start local training ...
2025-05-12 14:27:58,680 - INFO - fl - start - end client 2 training
2025-05-12 14:27:58,680 - INFO - fl - start - client 2 evaluation metrics: {'train_loss': 1.631482749842526, 'test_acc': 11.35}
2025-05-12 14:27:58,680 - INFO - fl - start - start client 3 training
2025-05-12 14:27:58,680 - INFO - fl - client_local_train - client 3 start local training ...
2025-05-12 14:28:07,637 - INFO - fl - start - end client 3 training
2025-05-12 14:28:07,637 - INFO - fl - start - client 3 evaluation metrics: {'train_loss': 1.6760626334893076, 'test_acc': 9.58}
2025-05-12 14:28:07,637 - INFO - fl - start - start client 4 training
2025-05-12 14:28:07,637 - INFO - fl - client_local_train - client 4 start local training ...
2025-05-12 14:28:09,677 - INFO - fl - start - end client 4 training
2025-05-12 14:28:09,677 - INFO - fl - start - client 4 evaluation metrics: {'train_loss': 2.633362809816996, 'test_acc': 11.35}
2025-05-12 14:28:09,677 - INFO - fl - start - start client 5 training
2025-05-12 14:28:09,677 - INFO - fl - client_local_train - client 5 start local training ...
2025-05-12 14:28:13,583 - INFO - fl - start - end client 5 training
2025-05-12 14:28:13,583 - INFO - fl - start - client 5 evaluation metrics: {'train_loss': 1.1064507227677565, 'test_acc': 9.8}
2025-05-12 14:28:13,583 - INFO - fl - start - start client 6 training
2025-05-12 14:28:13,583 - INFO - fl - client_local_train - client 6 start local training ...
2025-05-12 14:28:17,501 - INFO - fl - start - end client 6 training
2025-05-12 14:28:17,501 - INFO - fl - start - client 6 evaluation metrics: {'train_loss': 1.6680227994918824, 'test_acc': 10.09}
2025-05-12 14:28:17,501 - INFO - fl - start - start client 7 training
2025-05-12 14:28:17,501 - INFO - fl - client_local_train - client 7 start local training ...
2025-05-12 14:28:22,361 - INFO - fl - start - end client 7 training
2025-05-12 14:28:22,361 - INFO - fl - start - client 7 evaluation metrics: {'train_loss': 1.2630196559158238, 'test_acc': 10.09}
2025-05-12 14:28:22,361 - INFO - fl - start - start client 8 training
2025-05-12 14:28:22,361 - INFO - fl - client_local_train - client 8 start local training ...
2025-05-12 14:28:25,334 - INFO - fl - client_local_train - client 8 is attacker, start poisoning model
2025-05-12 14:28:29,566 - INFO - fl - start - end client 8 training
2025-05-12 14:28:29,566 - INFO - fl - start - client 8 evaluation metrics: {'train_loss': 4.22795944829141, 'test_acc': 9.74}
2025-05-12 14:28:29,566 - INFO - fl - start - start client 9 training
2025-05-12 14:28:29,566 - INFO - fl - client_local_train - client 9 start local training ...
2025-05-12 14:28:32,712 - INFO - fl - client_local_train - client 9 is attacker, start poisoning model
2025-05-12 14:28:37,021 - INFO - fl - start - end client 9 training
2025-05-12 14:28:37,021 - INFO - fl - start - client 9 evaluation metrics: {'train_loss': 2.5070778950296266, 'test_acc': 9.82}
2025-05-12 14:28:37,021 - INFO - fl - aggregate_model - start model aggregation...fusion method: dual_defense
2025-05-12 14:28:37,021 - INFO - fl - aggregate_model - start hyper-guard fusion with epsilon 0.01
2025-05-12 14:28:37,021 - INFO - fl - aggregate_model - round 9 attackers: [8, 9]
2025-05-12 14:28:47,708 - DEBUG - util_fusion - fusion_dual_defense - client 0 scores: {0: array([328.78941663]), 1: array([328.78571393]), 2: array([328.78442083]), 3: array([328.7769419]), 4: array([328.78928415]), 5: array([328.78785807]), 6: array([328.78784457]), 7: array([328.78716295]), 8: array([328.27682474]), 9: array([328.78677294])}
2025-05-12 14:28:47,709 - DEBUG - util_fusion - fusion_dual_defense - client 0 norm scores: {0: array([1.]), 1: array([0.99277652]), 2: array([0.99025384]), 3: array([0.97566342]), 4: array([0.99974154]), 5: array([0.99695945]), 6: array([0.99693312]), 7: array([0.99560337]), 8: array([0.]), 9: array([0.99484251])}
2025-05-12 14:28:47,709 - DEBUG - util_fusion - fusion_dual_defense - client 0 similarity threshold: 0.8942773780813864
2025-05-12 14:28:47,709 - INFO - util_fusion - fusion_dual_defense - client 0 selected fusion benigns: [0, 1, 2, 3, 4, 5, 6, 7, 9]
2025-05-12 14:28:47,717 - DEBUG - util_fusion - fusion_dual_defense - client 1 scores: {0: array([328.78941663]), 1: array([328.78571393]), 2: array([328.78442083]), 3: array([328.7769419]), 4: array([328.78928415]), 5: array([328.78785807]), 6: array([328.78784457]), 7: array([328.78716295]), 8: array([328.27682474]), 9: array([328.78677294])}
2025-05-12 14:28:47,718 - DEBUG - util_fusion - fusion_dual_defense - client 1 norm scores: {0: array([1.]), 1: array([0.99277652]), 2: array([0.99025384]), 3: array([0.97566342]), 4: array([0.99974154]), 5: array([0.99695945]), 6: array([0.99693312]), 7: array([0.99560337]), 8: array([0.]), 9: array([0.99484251])}
2025-05-12 14:28:47,718 - DEBUG - util_fusion - fusion_dual_defense - client 1 similarity threshold: 0.8942773780813864
2025-05-12 14:28:47,718 - INFO - util_fusion - fusion_dual_defense - client 1 selected fusion benigns: [0, 1, 2, 3, 4, 5, 6, 7, 9]
2025-05-12 14:28:47,726 - DEBUG - util_fusion - fusion_dual_defense - client 2 scores: {0: array([328.78941663]), 1: array([328.78571393]), 2: array([328.78442083]), 3: array([328.7769419]), 4: array([328.78928415]), 5: array([328.78785807]), 6: array([328.78784457]), 7: array([328.78716295]), 8: array([328.27682474]), 9: array([328.78677294])}
2025-05-12 14:28:47,727 - DEBUG - util_fusion - fusion_dual_defense - client 2 norm scores: {0: array([1.]), 1: array([0.99277652]), 2: array([0.99025384]), 3: array([0.97566342]), 4: array([0.99974154]), 5: array([0.99695945]), 6: array([0.99693312]), 7: array([0.99560337]), 8: array([0.]), 9: array([0.99484251])}
2025-05-12 14:28:47,727 - DEBUG - util_fusion - fusion_dual_defense - client 2 similarity threshold: 0.8942773780813864
2025-05-12 14:28:47,727 - INFO - util_fusion - fusion_dual_defense - client 2 selected fusion benigns: [0, 1, 2, 3, 4, 5, 6, 7, 9]
2025-05-12 14:28:47,735 - DEBUG - util_fusion - fusion_dual_defense - client 3 scores: {0: array([328.78941663]), 1: array([328.78571393]), 2: array([328.78442083]), 3: array([328.7769419]), 4: array([328.78928415]), 5: array([328.78785807]), 6: array([328.78784457]), 7: array([328.78716295]), 8: array([328.27682474]), 9: array([328.78677294])}
2025-05-12 14:28:47,736 - DEBUG - util_fusion - fusion_dual_defense - client 3 norm scores: {0: array([1.]), 1: array([0.99277652]), 2: array([0.99025384]), 3: array([0.97566342]), 4: array([0.99974154]), 5: array([0.99695945]), 6: array([0.99693312]), 7: array([0.99560337]), 8: array([0.]), 9: array([0.99484251])}
2025-05-12 14:28:47,736 - DEBUG - util_fusion - fusion_dual_defense - client 3 similarity threshold: 0.8942773780813864
2025-05-12 14:28:47,736 - INFO - util_fusion - fusion_dual_defense - client 3 selected fusion benigns: [0, 1, 2, 3, 4, 5, 6, 7, 9]
2025-05-12 14:28:47,745 - DEBUG - util_fusion - fusion_dual_defense - client 4 scores: {0: array([328.78941663]), 1: array([328.78571393]), 2: array([328.78442083]), 3: array([328.7769419]), 4: array([328.78928415]), 5: array([328.78785807]), 6: array([328.78784457]), 7: array([328.78716295]), 8: array([328.27682474]), 9: array([328.78677294])}
2025-05-12 14:28:47,745 - DEBUG - util_fusion - fusion_dual_defense - client 4 norm scores: {0: array([1.]), 1: array([0.99277652]), 2: array([0.99025384]), 3: array([0.97566342]), 4: array([0.99974154]), 5: array([0.99695945]), 6: array([0.99693312]), 7: array([0.99560337]), 8: array([0.]), 9: array([0.99484251])}
2025-05-12 14:28:47,745 - DEBUG - util_fusion - fusion_dual_defense - client 4 similarity threshold: 0.8942773780813864
2025-05-12 14:28:47,745 - INFO - util_fusion - fusion_dual_defense - client 4 selected fusion benigns: [0, 1, 2, 3, 4, 5, 6, 7, 9]
2025-05-12 14:28:47,754 - DEBUG - util_fusion - fusion_dual_defense - client 5 scores: {0: array([328.78941663]), 1: array([328.78571393]), 2: array([328.78442083]), 3: array([328.7769419]), 4: array([328.78928415]), 5: array([328.78785807]), 6: array([328.78784457]), 7: array([328.78716295]), 8: array([328.27682474]), 9: array([328.78677294])}
2025-05-12 14:28:47,754 - DEBUG - util_fusion - fusion_dual_defense - client 5 norm scores: {0: array([1.]), 1: array([0.99277652]), 2: array([0.99025384]), 3: array([0.97566342]), 4: array([0.99974154]), 5: array([0.99695945]), 6: array([0.99693312]), 7: array([0.99560337]), 8: array([0.]), 9: array([0.99484251])}
2025-05-12 14:28:47,754 - DEBUG - util_fusion - fusion_dual_defense - client 5 similarity threshold: 0.8942773780813864
2025-05-12 14:28:47,754 - INFO - util_fusion - fusion_dual_defense - client 5 selected fusion benigns: [0, 1, 2, 3, 4, 5, 6, 7, 9]
2025-05-12 14:28:47,763 - DEBUG - util_fusion - fusion_dual_defense - client 6 scores: {0: array([328.78941663]), 1: array([328.78571393]), 2: array([328.78442083]), 3: array([328.7769419]), 4: array([328.78928415]), 5: array([328.78785807]), 6: array([328.78784457]), 7: array([328.78716295]), 8: array([328.27682474]), 9: array([328.78677294])}
2025-05-12 14:28:47,763 - DEBUG - util_fusion - fusion_dual_defense - client 6 norm scores: {0: array([1.]), 1: array([0.99277652]), 2: array([0.99025384]), 3: array([0.97566342]), 4: array([0.99974154]), 5: array([0.99695945]), 6: array([0.99693312]), 7: array([0.99560337]), 8: array([0.]), 9: array([0.99484251])}
2025-05-12 14:28:47,763 - DEBUG - util_fusion - fusion_dual_defense - client 6 similarity threshold: 0.8942773780813864
2025-05-12 14:28:47,763 - INFO - util_fusion - fusion_dual_defense - client 6 selected fusion benigns: [0, 1, 2, 3, 4, 5, 6, 7, 9]
2025-05-12 14:28:47,772 - DEBUG - util_fusion - fusion_dual_defense - client 7 scores: {0: array([328.78941663]), 1: array([328.78571393]), 2: array([328.78442083]), 3: array([328.7769419]), 4: array([328.78928415]), 5: array([328.78785807]), 6: array([328.78784457]), 7: array([328.78716295]), 8: array([328.27682474]), 9: array([328.78677294])}
2025-05-12 14:28:47,772 - DEBUG - util_fusion - fusion_dual_defense - client 7 norm scores: {0: array([1.]), 1: array([0.99277652]), 2: array([0.99025384]), 3: array([0.97566342]), 4: array([0.99974154]), 5: array([0.99695945]), 6: array([0.99693312]), 7: array([0.99560337]), 8: array([0.]), 9: array([0.99484251])}
2025-05-12 14:28:47,772 - DEBUG - util_fusion - fusion_dual_defense - client 7 similarity threshold: 0.8942773780813864
2025-05-12 14:28:47,772 - INFO - util_fusion - fusion_dual_defense - client 7 selected fusion benigns: [0, 1, 2, 3, 4, 5, 6, 7, 9]
2025-05-12 14:28:47,781 - DEBUG - util_fusion - fusion_dual_defense - client 8 scores: {0: array([328.78941663]), 1: array([328.78571393]), 2: array([328.78442083]), 3: array([328.7769419]), 4: array([328.78928415]), 5: array([328.78785807]), 6: array([328.78784457]), 7: array([328.78716295]), 8: array([328.27682474]), 9: array([328.78677294])}
2025-05-12 14:28:47,781 - DEBUG - util_fusion - fusion_dual_defense - client 8 norm scores: {0: array([1.]), 1: array([0.99277652]), 2: array([0.99025384]), 3: array([0.97566342]), 4: array([0.99974154]), 5: array([0.99695945]), 6: array([0.99693312]), 7: array([0.99560337]), 8: array([0.]), 9: array([0.99484251])}
2025-05-12 14:28:47,781 - DEBUG - util_fusion - fusion_dual_defense - client 8 similarity threshold: 0.8942773780813864
2025-05-12 14:28:47,781 - INFO - util_fusion - fusion_dual_defense - client 8 selected fusion benigns: [0, 1, 2, 3, 4, 5, 6, 7, 9]
2025-05-12 14:28:47,790 - DEBUG - util_fusion - fusion_dual_defense - client 9 scores: {0: array([328.78941663]), 1: array([328.78571393]), 2: array([328.78442083]), 3: array([328.7769419]), 4: array([328.78928415]), 5: array([328.78785807]), 6: array([328.78784457]), 7: array([328.78716295]), 8: array([328.27682474]), 9: array([328.78677294])}
2025-05-12 14:28:47,790 - DEBUG - util_fusion - fusion_dual_defense - client 9 norm scores: {0: array([1.]), 1: array([0.99277652]), 2: array([0.99025384]), 3: array([0.97566342]), 4: array([0.99974154]), 5: array([0.99695945]), 6: array([0.99693312]), 7: array([0.99560337]), 8: array([0.]), 9: array([0.99484251])}
2025-05-12 14:28:47,790 - DEBUG - util_fusion - fusion_dual_defense - client 9 similarity threshold: 0.8942773780813864
2025-05-12 14:28:47,791 - INFO - util_fusion - fusion_dual_defense - client 9 selected fusion benigns: [0, 1, 2, 3, 4, 5, 6, 7, 9]
2025-05-12 14:28:47,791 - DEBUG - util_fusion - fusion_dual_defense - final fusion benigns: (0, 1, 2, 3, 4, 5, 6, 7, 9)
2025-05-12 14:28:49,689 - INFO - fl - start - global side -  test accuracy: 9.82
2025-05-12 14:28:49,689 - INFO - fl - start - global side iteration 9 -  test accuracy: 9.82
2025-05-12 14:28:49,690 - INFO - fl - start - start training round 10
2025-05-12 14:28:49,692 - INFO - fl - start - round 10 attackers: [5, 2]
2025-05-12 14:28:49,692 - INFO - fl - start - start client 0 training
2025-05-12 14:28:49,692 - INFO - fl - client_local_train - client 0 start local training ...
2025-05-12 14:28:51,523 - INFO - fl - start - end client 0 training
2025-05-12 14:28:51,523 - INFO - fl - start - client 0 evaluation metrics: {'train_loss': 3.280433709804828, 'test_acc': 9.82}
2025-05-12 14:28:51,523 - INFO - fl - start - start client 1 training
2025-05-12 14:28:51,523 - INFO - fl - client_local_train - client 1 start local training ...
2025-05-12 14:28:58,217 - INFO - fl - start - end client 1 training
2025-05-12 14:28:58,217 - INFO - fl - start - client 1 evaluation metrics: {'train_loss': 1.552930586373628, 'test_acc': 10.1}
2025-05-12 14:28:58,217 - INFO - fl - start - start client 2 training
2025-05-12 14:28:58,217 - INFO - fl - client_local_train - client 2 start local training ...
2025-05-12 14:29:03,839 - INFO - fl - client_local_train - client 2 is attacker, start poisoning model
2025-05-12 14:29:09,509 - INFO - fl - start - end client 2 training
2025-05-12 14:29:09,509 - INFO - fl - start - client 2 evaluation metrics: {'train_loss': 5.384653540139787, 'test_acc': 11.35}
2025-05-12 14:29:09,509 - INFO - fl - start - start client 3 training
2025-05-12 14:29:09,509 - INFO - fl - client_local_train - client 3 start local training ...
2025-05-12 14:29:18,534 - INFO - fl - start - end client 3 training
2025-05-12 14:29:18,534 - INFO - fl - start - client 3 evaluation metrics: {'train_loss': 1.6978936910629272, 'test_acc': 9.58}
2025-05-12 14:29:18,534 - INFO - fl - start - start client 4 training
2025-05-12 14:29:18,534 - INFO - fl - client_local_train - client 4 start local training ...
2025-05-12 14:29:20,559 - INFO - fl - start - end client 4 training
2025-05-12 14:29:20,560 - INFO - fl - start - client 4 evaluation metrics: {'train_loss': 2.8163304328918457, 'test_acc': 8.92}
2025-05-12 14:29:20,560 - INFO - fl - start - start client 5 training
2025-05-12 14:29:20,560 - INFO - fl - client_local_train - client 5 start local training ...
2025-05-12 14:29:22,605 - INFO - fl - client_local_train - client 5 is attacker, start poisoning model
2025-05-12 14:29:26,335 - INFO - fl - start - end client 5 training
2025-05-12 14:29:26,335 - INFO - fl - start - client 5 evaluation metrics: {'train_loss': 6.456279593247634, 'test_acc': 9.8}
2025-05-12 14:29:26,335 - INFO - fl - start - start client 6 training
2025-05-12 14:29:26,335 - INFO - fl - client_local_train - client 6 start local training ...
2025-05-12 14:29:30,261 - INFO - fl - start - end client 6 training
2025-05-12 14:29:30,261 - INFO - fl - start - client 6 evaluation metrics: {'train_loss': 1.70099427149846, 'test_acc': 10.09}
2025-05-12 14:29:30,261 - INFO - fl - start - start client 7 training
2025-05-12 14:29:30,261 - INFO - fl - client_local_train - client 7 start local training ...
2025-05-12 14:29:35,127 - INFO - fl - start - end client 7 training
2025-05-12 14:29:35,128 - INFO - fl - start - client 7 evaluation metrics: {'train_loss': 1.2867916253480045, 'test_acc': 10.09}
2025-05-12 14:29:35,128 - INFO - fl - start - start client 8 training
2025-05-12 14:29:35,128 - INFO - fl - client_local_train - client 8 start local training ...
2025-05-12 14:29:40,183 - INFO - fl - start - end client 8 training
2025-05-12 14:29:40,183 - INFO - fl - start - client 8 evaluation metrics: {'train_loss': 1.5364558735201437, 'test_acc': 9.74}
2025-05-12 14:29:40,191 - INFO - fl - start - start client 9 training
2025-05-12 14:29:40,192 - INFO - fl - client_local_train - client 9 start local training ...
2025-05-12 14:29:45,507 - INFO - fl - start - end client 9 training
2025-05-12 14:29:45,507 - INFO - fl - start - client 9 evaluation metrics: {'train_loss': 0.7242252278809596, 'test_acc': 9.82}
2025-05-12 14:29:45,507 - INFO - fl - aggregate_model - start model aggregation...fusion method: dual_defense
2025-05-12 14:29:45,507 - INFO - fl - aggregate_model - start hyper-guard fusion with epsilon 0.01
2025-05-12 14:29:45,507 - INFO - fl - aggregate_model - round 10 attackers: [2, 5]
2025-05-12 14:29:56,154 - DEBUG - util_fusion - fusion_dual_defense - client 0 scores: {0: array([845.36160912]), 1: array([845.6366898]), 2: array([838.70294191]), 3: array([845.63534014]), 4: array([845.63955484]), 5: array([845.63833191]), 6: array([770.29486418]), 7: array([845.63777837]), 8: array([845.63764851]), 9: array([845.63747322])}
2025-05-12 14:29:56,155 - DEBUG - util_fusion - fusion_dual_defense - client 0 norm scores: {0: array([0.99631101]), 1: array([0.99996197]), 2: array([0.90793495]), 3: array([0.99994406]), 4: array([1.]), 5: array([0.99998377]), 6: array([0.]), 7: array([0.99997642]), 8: array([0.9999747]), 9: array([0.99997237])}
2025-05-12 14:29:56,163 - DEBUG - util_fusion - fusion_dual_defense - client 0 similarity threshold: 0.8904059254859374
2025-05-12 14:29:56,164 - INFO - util_fusion - fusion_dual_defense - client 0 selected fusion benigns: [0, 1, 2, 3, 4, 5, 7, 8, 9]
2025-05-12 14:29:56,174 - DEBUG - util_fusion - fusion_dual_defense - client 1 scores: {0: array([845.36160912]), 1: array([845.6366898]), 2: array([838.70294191]), 3: array([845.63534014]), 4: array([845.63955484]), 5: array([845.63833191]), 6: array([770.29486418]), 7: array([845.63777837]), 8: array([845.63764851]), 9: array([845.63747322])}
2025-05-12 14:29:56,175 - DEBUG - util_fusion - fusion_dual_defense - client 1 norm scores: {0: array([0.99631101]), 1: array([0.99996197]), 2: array([0.90793495]), 3: array([0.99994406]), 4: array([1.]), 5: array([0.99998377]), 6: array([0.]), 7: array([0.99997642]), 8: array([0.9999747]), 9: array([0.99997237])}
2025-05-12 14:29:56,175 - DEBUG - util_fusion - fusion_dual_defense - client 1 similarity threshold: 0.8904059254859374
2025-05-12 14:29:56,175 - INFO - util_fusion - fusion_dual_defense - client 1 selected fusion benigns: [0, 1, 2, 3, 4, 5, 7, 8, 9]
2025-05-12 14:29:56,183 - DEBUG - util_fusion - fusion_dual_defense - client 2 scores: {0: array([845.36160912]), 1: array([845.6366898]), 2: array([838.70294191]), 3: array([845.63534014]), 4: array([845.63955484]), 5: array([845.63833191]), 6: array([770.29486418]), 7: array([845.63777837]), 8: array([845.63764851]), 9: array([845.63747322])}
2025-05-12 14:29:56,184 - DEBUG - util_fusion - fusion_dual_defense - client 2 norm scores: {0: array([0.99631101]), 1: array([0.99996197]), 2: array([0.90793495]), 3: array([0.99994406]), 4: array([1.]), 5: array([0.99998377]), 6: array([0.]), 7: array([0.99997642]), 8: array([0.9999747]), 9: array([0.99997237])}
2025-05-12 14:29:56,184 - DEBUG - util_fusion - fusion_dual_defense - client 2 similarity threshold: 0.8904059254859374
2025-05-12 14:29:56,184 - INFO - util_fusion - fusion_dual_defense - client 2 selected fusion benigns: [0, 1, 2, 3, 4, 5, 7, 8, 9]
2025-05-12 14:29:56,192 - DEBUG - util_fusion - fusion_dual_defense - client 3 scores: {0: array([845.36160912]), 1: array([845.6366898]), 2: array([838.70294191]), 3: array([845.63534014]), 4: array([845.63955484]), 5: array([845.63833191]), 6: array([770.29486418]), 7: array([845.63777837]), 8: array([845.63764851]), 9: array([845.63747322])}
2025-05-12 14:29:56,193 - DEBUG - util_fusion - fusion_dual_defense - client 3 norm scores: {0: array([0.99631101]), 1: array([0.99996197]), 2: array([0.90793495]), 3: array([0.99994406]), 4: array([1.]), 5: array([0.99998377]), 6: array([0.]), 7: array([0.99997642]), 8: array([0.9999747]), 9: array([0.99997237])}
2025-05-12 14:29:56,193 - DEBUG - util_fusion - fusion_dual_defense - client 3 similarity threshold: 0.8904059254859374
2025-05-12 14:29:56,193 - INFO - util_fusion - fusion_dual_defense - client 3 selected fusion benigns: [0, 1, 2, 3, 4, 5, 7, 8, 9]
2025-05-12 14:29:56,201 - DEBUG - util_fusion - fusion_dual_defense - client 4 scores: {0: array([845.36160912]), 1: array([845.6366898]), 2: array([838.70294191]), 3: array([845.63534014]), 4: array([845.63955484]), 5: array([845.63833191]), 6: array([770.29486418]), 7: array([845.63777837]), 8: array([845.63764851]), 9: array([845.63747322])}
2025-05-12 14:29:56,202 - DEBUG - util_fusion - fusion_dual_defense - client 4 norm scores: {0: array([0.99631101]), 1: array([0.99996197]), 2: array([0.90793495]), 3: array([0.99994406]), 4: array([1.]), 5: array([0.99998377]), 6: array([0.]), 7: array([0.99997642]), 8: array([0.9999747]), 9: array([0.99997237])}
2025-05-12 14:29:56,202 - DEBUG - util_fusion - fusion_dual_defense - client 4 similarity threshold: 0.8904059254859374
2025-05-12 14:29:56,202 - INFO - util_fusion - fusion_dual_defense - client 4 selected fusion benigns: [0, 1, 2, 3, 4, 5, 7, 8, 9]
2025-05-12 14:29:56,210 - DEBUG - util_fusion - fusion_dual_defense - client 5 scores: {0: array([845.36160912]), 1: array([845.6366898]), 2: array([838.70294191]), 3: array([845.63534014]), 4: array([845.63955484]), 5: array([845.63833191]), 6: array([770.29486418]), 7: array([845.63777837]), 8: array([845.63764851]), 9: array([845.63747322])}
2025-05-12 14:29:56,211 - DEBUG - util_fusion - fusion_dual_defense - client 5 norm scores: {0: array([0.99631101]), 1: array([0.99996197]), 2: array([0.90793495]), 3: array([0.99994406]), 4: array([1.]), 5: array([0.99998377]), 6: array([0.]), 7: array([0.99997642]), 8: array([0.9999747]), 9: array([0.99997237])}
2025-05-12 14:29:56,211 - DEBUG - util_fusion - fusion_dual_defense - client 5 similarity threshold: 0.8904059254859374
2025-05-12 14:29:56,211 - INFO - util_fusion - fusion_dual_defense - client 5 selected fusion benigns: [0, 1, 2, 3, 4, 5, 7, 8, 9]
2025-05-12 14:29:56,219 - DEBUG - util_fusion - fusion_dual_defense - client 6 scores: {0: array([845.36160912]), 1: array([845.6366898]), 2: array([838.70294191]), 3: array([845.63534014]), 4: array([845.63955484]), 5: array([845.63833191]), 6: array([770.29486418]), 7: array([845.63777837]), 8: array([845.63764851]), 9: array([845.63747322])}
2025-05-12 14:29:56,220 - DEBUG - util_fusion - fusion_dual_defense - client 6 norm scores: {0: array([0.99631101]), 1: array([0.99996197]), 2: array([0.90793495]), 3: array([0.99994406]), 4: array([1.]), 5: array([0.99998377]), 6: array([0.]), 7: array([0.99997642]), 8: array([0.9999747]), 9: array([0.99997237])}
2025-05-12 14:29:56,220 - DEBUG - util_fusion - fusion_dual_defense - client 6 similarity threshold: 0.8904059254859374
2025-05-12 14:29:56,220 - INFO - util_fusion - fusion_dual_defense - client 6 selected fusion benigns: [0, 1, 2, 3, 4, 5, 7, 8, 9]
2025-05-12 14:29:56,228 - DEBUG - util_fusion - fusion_dual_defense - client 7 scores: {0: array([845.36160912]), 1: array([845.6366898]), 2: array([838.70294191]), 3: array([845.63534014]), 4: array([845.63955484]), 5: array([845.63833191]), 6: array([770.29486418]), 7: array([845.63777837]), 8: array([845.63764851]), 9: array([845.63747322])}
2025-05-12 14:29:56,229 - DEBUG - util_fusion - fusion_dual_defense - client 7 norm scores: {0: array([0.99631101]), 1: array([0.99996197]), 2: array([0.90793495]), 3: array([0.99994406]), 4: array([1.]), 5: array([0.99998377]), 6: array([0.]), 7: array([0.99997642]), 8: array([0.9999747]), 9: array([0.99997237])}
2025-05-12 14:29:56,229 - DEBUG - util_fusion - fusion_dual_defense - client 7 similarity threshold: 0.8904059254859374
2025-05-12 14:29:56,229 - INFO - util_fusion - fusion_dual_defense - client 7 selected fusion benigns: [0, 1, 2, 3, 4, 5, 7, 8, 9]
2025-05-12 14:29:56,237 - DEBUG - util_fusion - fusion_dual_defense - client 8 scores: {0: array([845.36160912]), 1: array([845.6366898]), 2: array([838.70294191]), 3: array([845.63534014]), 4: array([845.63955484]), 5: array([845.63833191]), 6: array([770.29486418]), 7: array([845.63777837]), 8: array([845.63764851]), 9: array([845.63747322])}
2025-05-12 14:29:56,238 - DEBUG - util_fusion - fusion_dual_defense - client 8 norm scores: {0: array([0.99631101]), 1: array([0.99996197]), 2: array([0.90793495]), 3: array([0.99994406]), 4: array([1.]), 5: array([0.99998377]), 6: array([0.]), 7: array([0.99997642]), 8: array([0.9999747]), 9: array([0.99997237])}
2025-05-12 14:29:56,238 - DEBUG - util_fusion - fusion_dual_defense - client 8 similarity threshold: 0.8904059254859374
2025-05-12 14:29:56,238 - INFO - util_fusion - fusion_dual_defense - client 8 selected fusion benigns: [0, 1, 2, 3, 4, 5, 7, 8, 9]
2025-05-12 14:29:56,246 - DEBUG - util_fusion - fusion_dual_defense - client 9 scores: {0: array([845.36160912]), 1: array([845.6366898]), 2: array([838.70294191]), 3: array([845.63534014]), 4: array([845.63955484]), 5: array([845.63833191]), 6: array([770.29486418]), 7: array([845.63777837]), 8: array([845.63764851]), 9: array([845.63747322])}
2025-05-12 14:29:56,247 - DEBUG - util_fusion - fusion_dual_defense - client 9 norm scores: {0: array([0.99631101]), 1: array([0.99996197]), 2: array([0.90793495]), 3: array([0.99994406]), 4: array([1.]), 5: array([0.99998377]), 6: array([0.]), 7: array([0.99997642]), 8: array([0.9999747]), 9: array([0.99997237])}
2025-05-12 14:29:56,247 - DEBUG - util_fusion - fusion_dual_defense - client 9 similarity threshold: 0.8904059254859374
2025-05-12 14:29:56,247 - INFO - util_fusion - fusion_dual_defense - client 9 selected fusion benigns: [0, 1, 2, 3, 4, 5, 7, 8, 9]
2025-05-12 14:29:56,247 - DEBUG - util_fusion - fusion_dual_defense - final fusion benigns: (0, 1, 2, 3, 4, 5, 7, 8, 9)
2025-05-12 14:29:58,140 - INFO - fl - start - global side -  test accuracy: 11.35
2025-05-12 14:29:58,140 - INFO - fl - start - global side iteration 10 -  test accuracy: 11.35
2025-05-12 14:29:58,140 - INFO - fl - start - start training round 11
2025-05-12 14:29:58,142 - INFO - fl - start - round 11 attackers: [0, 5]
2025-05-12 14:29:58,142 - INFO - fl - start - start client 0 training
2025-05-12 14:29:58,142 - INFO - fl - client_local_train - client 0 start local training ...
2025-05-12 14:29:58,549 - INFO - fl - client_local_train - client 0 is attacker, start poisoning model
2025-05-12 14:30:01,408 - INFO - fl - start - end client 0 training
2025-05-12 14:30:01,408 - INFO - fl - start - client 0 evaluation metrics: {'train_loss': 38.81192530118502, 'test_acc': 11.35}
2025-05-12 14:30:01,408 - INFO - fl - start - start client 1 training
2025-05-12 14:30:01,408 - INFO - fl - client_local_train - client 1 start local training ...
2025-05-12 14:30:08,106 - INFO - fl - start - end client 1 training
2025-05-12 14:30:08,106 - INFO - fl - start - client 1 evaluation metrics: {'train_loss': 1.6637674908139812, 'test_acc': 10.1}
2025-05-12 14:30:08,106 - INFO - fl - start - start client 2 training
2025-05-12 14:30:08,106 - INFO - fl - client_local_train - client 2 start local training ...
2025-05-12 14:30:16,593 - INFO - fl - start - end client 2 training
2025-05-12 14:30:16,593 - INFO - fl - start - client 2 evaluation metrics: {'train_loss': 1.7109013507875164, 'test_acc': 11.35}
2025-05-12 14:30:16,593 - INFO - fl - start - start client 3 training
2025-05-12 14:30:16,593 - INFO - fl - client_local_train - client 3 start local training ...
2025-05-12 14:30:25,552 - INFO - fl - start - end client 3 training
2025-05-12 14:30:25,552 - INFO - fl - start - client 3 evaluation metrics: {'train_loss': 1.9201057377614472, 'test_acc': 9.58}
2025-05-12 14:30:25,552 - INFO - fl - start - start client 4 training
2025-05-12 14:30:25,552 - INFO - fl - client_local_train - client 4 start local training ...
2025-05-12 14:30:27,594 - INFO - fl - start - end client 4 training
2025-05-12 14:30:27,594 - INFO - fl - start - client 4 evaluation metrics: {'train_loss': 4.03848401705424, 'test_acc': 8.92}
2025-05-12 14:30:27,594 - INFO - fl - start - start client 5 training
2025-05-12 14:30:27,594 - INFO - fl - client_local_train - client 5 start local training ...
2025-05-12 14:30:29,656 - INFO - fl - client_local_train - client 5 is attacker, start poisoning model
2025-05-12 14:30:33,382 - INFO - fl - start - end client 5 training
2025-05-12 14:30:33,382 - INFO - fl - start - client 5 evaluation metrics: {'train_loss': 8.47433669750507, 'test_acc': 9.8}
2025-05-12 14:30:33,382 - INFO - fl - start - start client 6 training
2025-05-12 14:30:33,382 - INFO - fl - client_local_train - client 6 start local training ...
2025-05-12 14:30:37,298 - INFO - fl - start - end client 6 training
2025-05-12 14:30:37,298 - INFO - fl - start - client 6 evaluation metrics: {'train_loss': 2.8698548830472506, 'test_acc': 10.28}
2025-05-12 14:30:37,298 - INFO - fl - start - start client 7 training
2025-05-12 14:30:37,298 - INFO - fl - client_local_train - client 7 start local training ...
2025-05-12 14:30:42,183 - INFO - fl - start - end client 7 training
2025-05-12 14:30:42,183 - INFO - fl - start - client 7 evaluation metrics: {'train_loss': 1.4523089108141987, 'test_acc': 10.09}
2025-05-12 14:30:42,183 - INFO - fl - start - start client 8 training
2025-05-12 14:30:42,183 - INFO - fl - client_local_train - client 8 start local training ...
2025-05-12 14:30:47,269 - INFO - fl - start - end client 8 training
2025-05-12 14:30:47,269 - INFO - fl - start - client 8 evaluation metrics: {'train_loss': 1.6323612710481048, 'test_acc': 9.74}
2025-05-12 14:30:47,269 - INFO - fl - start - start client 9 training
2025-05-12 14:30:47,269 - INFO - fl - client_local_train - client 9 start local training ...
2025-05-12 14:30:52,594 - INFO - fl - start - end client 9 training
2025-05-12 14:30:52,594 - INFO - fl - start - client 9 evaluation metrics: {'train_loss': 0.7574273859611665, 'test_acc': 9.82}
2025-05-12 14:30:52,594 - INFO - fl - aggregate_model - start model aggregation...fusion method: dual_defense
2025-05-12 14:30:52,595 - INFO - fl - aggregate_model - start hyper-guard fusion with epsilon 0.01
2025-05-12 14:30:52,595 - INFO - fl - aggregate_model - round 11 attackers: [0, 5]
2025-05-12 14:31:03,255 - DEBUG - util_fusion - fusion_dual_defense - client 0 scores: {0: array([987.57293245]), 1: array([987.56051782]), 2: array([987.55564198]), 3: array([987.55418937]), 4: array([987.57261854]), 5: array([987.5677688]), 6: array([987.56773557]), 7: array([987.56544889]), 8: array([680.89308762]), 9: array([987.56417373])}
2025-05-12 14:31:03,260 - DEBUG - util_fusion - fusion_dual_defense - client 0 norm scores: {0: array([1.]), 1: array([0.99995952]), 2: array([0.99994362]), 3: array([0.99993888]), 4: array([0.99999898]), 5: array([0.99998316]), 6: array([0.99998305]), 7: array([0.9999756]), 8: array([0.]), 9: array([0.99997144])}
2025-05-12 14:31:03,260 - DEBUG - util_fusion - fusion_dual_defense - client 0 similarity threshold: 0.8999754255328531
2025-05-12 14:31:03,261 - INFO - util_fusion - fusion_dual_defense - client 0 selected fusion benigns: [0, 1, 2, 3, 4, 5, 6, 7, 9]
2025-05-12 14:31:03,278 - DEBUG - util_fusion - fusion_dual_defense - client 1 scores: {0: array([987.57293245]), 1: array([987.56051782]), 2: array([987.55564198]), 3: array([987.55418937]), 4: array([987.57261854]), 5: array([987.5677688]), 6: array([987.56773557]), 7: array([987.56544889]), 8: array([680.89308762]), 9: array([987.56417373])}
2025-05-12 14:31:03,279 - DEBUG - util_fusion - fusion_dual_defense - client 1 norm scores: {0: array([1.]), 1: array([0.99995952]), 2: array([0.99994362]), 3: array([0.99993888]), 4: array([0.99999898]), 5: array([0.99998316]), 6: array([0.99998305]), 7: array([0.9999756]), 8: array([0.]), 9: array([0.99997144])}
2025-05-12 14:31:03,279 - DEBUG - util_fusion - fusion_dual_defense - client 1 similarity threshold: 0.8999754255328531
2025-05-12 14:31:03,279 - INFO - util_fusion - fusion_dual_defense - client 1 selected fusion benigns: [0, 1, 2, 3, 4, 5, 6, 7, 9]
2025-05-12 14:31:03,289 - DEBUG - util_fusion - fusion_dual_defense - client 2 scores: {0: array([987.57293245]), 1: array([987.56051782]), 2: array([987.55564198]), 3: array([987.55418937]), 4: array([987.57261854]), 5: array([987.5677688]), 6: array([987.56773557]), 7: array([987.56544889]), 8: array([680.89308762]), 9: array([987.56417373])}
2025-05-12 14:31:03,289 - DEBUG - util_fusion - fusion_dual_defense - client 2 norm scores: {0: array([1.]), 1: array([0.99995952]), 2: array([0.99994362]), 3: array([0.99993888]), 4: array([0.99999898]), 5: array([0.99998316]), 6: array([0.99998305]), 7: array([0.9999756]), 8: array([0.]), 9: array([0.99997144])}
2025-05-12 14:31:03,290 - DEBUG - util_fusion - fusion_dual_defense - client 2 similarity threshold: 0.8999754255328531
2025-05-12 14:31:03,290 - INFO - util_fusion - fusion_dual_defense - client 2 selected fusion benigns: [0, 1, 2, 3, 4, 5, 6, 7, 9]
2025-05-12 14:31:03,298 - DEBUG - util_fusion - fusion_dual_defense - client 3 scores: {0: array([987.57293245]), 1: array([987.56051782]), 2: array([987.55564198]), 3: array([987.55418937]), 4: array([987.57261854]), 5: array([987.5677688]), 6: array([987.56773557]), 7: array([987.56544889]), 8: array([680.89308762]), 9: array([987.56417373])}
2025-05-12 14:31:03,298 - DEBUG - util_fusion - fusion_dual_defense - client 3 norm scores: {0: array([1.]), 1: array([0.99995952]), 2: array([0.99994362]), 3: array([0.99993888]), 4: array([0.99999898]), 5: array([0.99998316]), 6: array([0.99998305]), 7: array([0.9999756]), 8: array([0.]), 9: array([0.99997144])}
2025-05-12 14:31:03,299 - DEBUG - util_fusion - fusion_dual_defense - client 3 similarity threshold: 0.8999754255328531
2025-05-12 14:31:03,299 - INFO - util_fusion - fusion_dual_defense - client 3 selected fusion benigns: [0, 1, 2, 3, 4, 5, 6, 7, 9]
2025-05-12 14:31:03,307 - DEBUG - util_fusion - fusion_dual_defense - client 4 scores: {0: array([987.57293245]), 1: array([987.56051782]), 2: array([987.55564198]), 3: array([987.55418937]), 4: array([987.57261854]), 5: array([987.5677688]), 6: array([987.56773557]), 7: array([987.56544889]), 8: array([680.89308762]), 9: array([987.56417373])}
2025-05-12 14:31:03,307 - DEBUG - util_fusion - fusion_dual_defense - client 4 norm scores: {0: array([1.]), 1: array([0.99995952]), 2: array([0.99994362]), 3: array([0.99993888]), 4: array([0.99999898]), 5: array([0.99998316]), 6: array([0.99998305]), 7: array([0.9999756]), 8: array([0.]), 9: array([0.99997144])}
2025-05-12 14:31:03,307 - DEBUG - util_fusion - fusion_dual_defense - client 4 similarity threshold: 0.8999754255328531
2025-05-12 14:31:03,308 - INFO - util_fusion - fusion_dual_defense - client 4 selected fusion benigns: [0, 1, 2, 3, 4, 5, 6, 7, 9]
2025-05-12 14:31:03,316 - DEBUG - util_fusion - fusion_dual_defense - client 5 scores: {0: array([987.57293245]), 1: array([987.56051782]), 2: array([987.55564198]), 3: array([987.55418937]), 4: array([987.57261854]), 5: array([987.5677688]), 6: array([987.56773557]), 7: array([987.56544889]), 8: array([680.89308762]), 9: array([987.56417373])}
2025-05-12 14:31:03,316 - DEBUG - util_fusion - fusion_dual_defense - client 5 norm scores: {0: array([1.]), 1: array([0.99995952]), 2: array([0.99994362]), 3: array([0.99993888]), 4: array([0.99999898]), 5: array([0.99998316]), 6: array([0.99998305]), 7: array([0.9999756]), 8: array([0.]), 9: array([0.99997144])}
2025-05-12 14:31:03,316 - DEBUG - util_fusion - fusion_dual_defense - client 5 similarity threshold: 0.8999754255328531
2025-05-12 14:31:03,316 - INFO - util_fusion - fusion_dual_defense - client 5 selected fusion benigns: [0, 1, 2, 3, 4, 5, 6, 7, 9]
2025-05-12 14:31:03,325 - DEBUG - util_fusion - fusion_dual_defense - client 6 scores: {0: array([987.57293245]), 1: array([987.56051782]), 2: array([987.55564198]), 3: array([987.55418937]), 4: array([987.57261854]), 5: array([987.5677688]), 6: array([987.56773557]), 7: array([987.56544889]), 8: array([680.89308762]), 9: array([987.56417373])}
2025-05-12 14:31:03,325 - DEBUG - util_fusion - fusion_dual_defense - client 6 norm scores: {0: array([1.]), 1: array([0.99995952]), 2: array([0.99994362]), 3: array([0.99993888]), 4: array([0.99999898]), 5: array([0.99998316]), 6: array([0.99998305]), 7: array([0.9999756]), 8: array([0.]), 9: array([0.99997144])}
2025-05-12 14:31:03,325 - DEBUG - util_fusion - fusion_dual_defense - client 6 similarity threshold: 0.8999754255328531
2025-05-12 14:31:03,325 - INFO - util_fusion - fusion_dual_defense - client 6 selected fusion benigns: [0, 1, 2, 3, 4, 5, 6, 7, 9]
2025-05-12 14:31:03,334 - DEBUG - util_fusion - fusion_dual_defense - client 7 scores: {0: array([987.57293245]), 1: array([987.56051782]), 2: array([987.55564198]), 3: array([987.55418937]), 4: array([987.57261854]), 5: array([987.5677688]), 6: array([987.56773557]), 7: array([987.56544889]), 8: array([680.89308762]), 9: array([987.56417373])}
2025-05-12 14:31:03,334 - DEBUG - util_fusion - fusion_dual_defense - client 7 norm scores: {0: array([1.]), 1: array([0.99995952]), 2: array([0.99994362]), 3: array([0.99993888]), 4: array([0.99999898]), 5: array([0.99998316]), 6: array([0.99998305]), 7: array([0.9999756]), 8: array([0.]), 9: array([0.99997144])}
2025-05-12 14:31:03,334 - DEBUG - util_fusion - fusion_dual_defense - client 7 similarity threshold: 0.8999754255328531
2025-05-12 14:31:03,334 - INFO - util_fusion - fusion_dual_defense - client 7 selected fusion benigns: [0, 1, 2, 3, 4, 5, 6, 7, 9]
2025-05-12 14:31:03,343 - DEBUG - util_fusion - fusion_dual_defense - client 8 scores: {0: array([987.57293245]), 1: array([987.56051782]), 2: array([987.55564198]), 3: array([987.55418937]), 4: array([987.57261854]), 5: array([987.5677688]), 6: array([987.56773557]), 7: array([987.56544889]), 8: array([680.89308762]), 9: array([987.56417373])}
2025-05-12 14:31:03,343 - DEBUG - util_fusion - fusion_dual_defense - client 8 norm scores: {0: array([1.]), 1: array([0.99995952]), 2: array([0.99994362]), 3: array([0.99993888]), 4: array([0.99999898]), 5: array([0.99998316]), 6: array([0.99998305]), 7: array([0.9999756]), 8: array([0.]), 9: array([0.99997144])}
2025-05-12 14:31:03,343 - DEBUG - util_fusion - fusion_dual_defense - client 8 similarity threshold: 0.8999754255328531
2025-05-12 14:31:03,343 - INFO - util_fusion - fusion_dual_defense - client 8 selected fusion benigns: [0, 1, 2, 3, 4, 5, 6, 7, 9]
2025-05-12 14:31:03,352 - DEBUG - util_fusion - fusion_dual_defense - client 9 scores: {0: array([987.57293245]), 1: array([987.56051782]), 2: array([987.55564198]), 3: array([987.55418937]), 4: array([987.57261854]), 5: array([987.5677688]), 6: array([987.56773557]), 7: array([987.56544889]), 8: array([680.89308762]), 9: array([987.56417373])}
2025-05-12 14:31:03,352 - DEBUG - util_fusion - fusion_dual_defense - client 9 norm scores: {0: array([1.]), 1: array([0.99995952]), 2: array([0.99994362]), 3: array([0.99993888]), 4: array([0.99999898]), 5: array([0.99998316]), 6: array([0.99998305]), 7: array([0.9999756]), 8: array([0.]), 9: array([0.99997144])}
2025-05-12 14:31:03,352 - DEBUG - util_fusion - fusion_dual_defense - client 9 similarity threshold: 0.8999754255328531
2025-05-12 14:31:03,352 - INFO - util_fusion - fusion_dual_defense - client 9 selected fusion benigns: [0, 1, 2, 3, 4, 5, 6, 7, 9]
2025-05-12 14:31:03,352 - DEBUG - util_fusion - fusion_dual_defense - final fusion benigns: (0, 1, 2, 3, 4, 5, 6, 7, 9)
2025-05-12 14:31:05,248 - INFO - fl - start - global side -  test accuracy: 8.92
2025-05-12 14:31:05,248 - INFO - fl - start - global side iteration 11 -  test accuracy: 8.92
2025-05-12 14:31:05,248 - INFO - fl - start - start training round 12
2025-05-12 14:31:05,250 - INFO - fl - start - round 12 attackers: [5, 4]
2025-05-12 14:31:05,250 - INFO - fl - start - start client 0 training
2025-05-12 14:31:05,250 - INFO - fl - client_local_train - client 0 start local training ...
2025-05-12 14:31:07,079 - INFO - fl - start - end client 0 training
2025-05-12 14:31:07,079 - INFO - fl - start - client 0 evaluation metrics: {'train_loss': 6.214189822857197, 'test_acc': 11.35}
2025-05-12 14:31:07,079 - INFO - fl - start - start client 1 training
2025-05-12 14:31:07,079 - INFO - fl - client_local_train - client 1 start local training ...
2025-05-12 14:31:13,769 - INFO - fl - start - end client 1 training
2025-05-12 14:31:13,769 - INFO - fl - start - client 1 evaluation metrics: {'train_loss': 1.6929207368573147, 'test_acc': 10.1}
2025-05-12 14:31:13,770 - INFO - fl - start - start client 2 training
2025-05-12 14:31:13,770 - INFO - fl - client_local_train - client 2 start local training ...
2025-05-12 14:31:22,240 - INFO - fl - start - end client 2 training
2025-05-12 14:31:22,241 - INFO - fl - start - client 2 evaluation metrics: {'train_loss': 1.7221360923199172, 'test_acc': 11.35}
2025-05-12 14:31:22,241 - INFO - fl - start - start client 3 training
2025-05-12 14:31:22,241 - INFO - fl - client_local_train - client 3 start local training ...
2025-05-12 14:31:31,174 - INFO - fl - start - end client 3 training
2025-05-12 14:31:31,174 - INFO - fl - start - client 3 evaluation metrics: {'train_loss': 1.9436477673681158, 'test_acc': 9.58}
2025-05-12 14:31:31,174 - INFO - fl - start - start client 4 training
2025-05-12 14:31:31,174 - INFO - fl - client_local_train - client 4 start local training ...
2025-05-12 14:31:31,733 - INFO - fl - client_local_train - client 4 is attacker, start poisoning model
2025-05-12 14:31:34,671 - INFO - fl - start - end client 4 training
2025-05-12 14:31:34,671 - INFO - fl - start - client 4 evaluation metrics: {'train_loss': 22.302401330735947, 'test_acc': 8.92}
2025-05-12 14:31:34,671 - INFO - fl - start - start client 5 training
2025-05-12 14:31:34,671 - INFO - fl - client_local_train - client 5 start local training ...
2025-05-12 14:31:36,715 - INFO - fl - client_local_train - client 5 is attacker, start poisoning model
2025-05-12 14:31:40,452 - INFO - fl - start - end client 5 training
2025-05-12 14:31:40,452 - INFO - fl - start - client 5 evaluation metrics: {'train_loss': 8.951293006310095, 'test_acc': 9.8}
2025-05-12 14:31:40,452 - INFO - fl - start - start client 6 training
2025-05-12 14:31:40,452 - INFO - fl - client_local_train - client 6 start local training ...
2025-05-12 14:31:44,379 - INFO - fl - start - end client 6 training
2025-05-12 14:31:44,379 - INFO - fl - start - client 6 evaluation metrics: {'train_loss': 3.562060726605929, 'test_acc': 10.28}
2025-05-12 14:31:44,379 - INFO - fl - start - start client 7 training
2025-05-12 14:31:44,379 - INFO - fl - client_local_train - client 7 start local training ...
2025-05-12 14:31:49,240 - INFO - fl - start - end client 7 training
2025-05-12 14:31:49,240 - INFO - fl - start - client 7 evaluation metrics: {'train_loss': 1.4534026045690884, 'test_acc': 10.09}
2025-05-12 14:31:49,240 - INFO - fl - start - start client 8 training
2025-05-12 14:31:49,240 - INFO - fl - client_local_train - client 8 start local training ...
2025-05-12 14:31:54,308 - INFO - fl - start - end client 8 training
2025-05-12 14:31:54,308 - INFO - fl - start - client 8 evaluation metrics: {'train_loss': 1.6751082827967982, 'test_acc': 9.74}
2025-05-12 14:31:54,308 - INFO - fl - start - start client 9 training
2025-05-12 14:31:54,308 - INFO - fl - client_local_train - client 9 start local training ...
2025-05-12 14:31:59,613 - INFO - fl - start - end client 9 training
2025-05-12 14:31:59,613 - INFO - fl - start - client 9 evaluation metrics: {'train_loss': 0.7570371025740498, 'test_acc': 9.82}
2025-05-12 14:31:59,613 - INFO - fl - aggregate_model - start model aggregation...fusion method: dual_defense
2025-05-12 14:31:59,613 - INFO - fl - aggregate_model - start hyper-guard fusion with epsilon 0.01
2025-05-12 14:31:59,613 - INFO - fl - aggregate_model - round 12 attackers: [4, 5]
2025-05-12 14:32:10,276 - DEBUG - util_fusion - fusion_dual_defense - client 0 scores: {0: array([370.59524383]), 1: array([370.59599912]), 2: array([370.59622415]), 3: array([370.59622854]), 4: array([370.59519441]), 5: array([370.59555281]), 6: array([370.59552895]), 7: array([370.59571808]), 8: array([370.59577306]), 9: array([370.59578918])}
2025-05-12 14:32:10,277 - DEBUG - util_fusion - fusion_dual_defense - client 0 norm scores: {0: array([0.04778343]), 1: array([0.77814358]), 2: array([0.99574587]), 3: array([1.]), 4: array([0.]), 5: array([0.34656605]), 6: array([0.3234962]), 7: array([0.50637786]), 8: array([0.55955227]), 9: array([0.57513895])}
2025-05-12 14:32:10,277 - DEBUG - util_fusion - fusion_dual_defense - client 0 similarity threshold: 0.5132804201051169
2025-05-12 14:32:10,277 - INFO - util_fusion - fusion_dual_defense - client 0 selected fusion benigns: [1, 2, 3, 8, 9]
2025-05-12 14:32:10,285 - DEBUG - util_fusion - fusion_dual_defense - client 1 scores: {0: array([370.59524383]), 1: array([370.59599912]), 2: array([370.59622415]), 3: array([370.59622854]), 4: array([370.59519441]), 5: array([370.59555281]), 6: array([370.59552895]), 7: array([370.59571808]), 8: array([370.59577306]), 9: array([370.59578918])}
2025-05-12 14:32:10,286 - DEBUG - util_fusion - fusion_dual_defense - client 1 norm scores: {0: array([0.04778343]), 1: array([0.77814358]), 2: array([0.99574587]), 3: array([1.]), 4: array([0.]), 5: array([0.34656605]), 6: array([0.3234962]), 7: array([0.50637786]), 8: array([0.55955227]), 9: array([0.57513895])}
2025-05-12 14:32:10,286 - DEBUG - util_fusion - fusion_dual_defense - client 1 similarity threshold: 0.5132804201051169
2025-05-12 14:32:10,286 - INFO - util_fusion - fusion_dual_defense - client 1 selected fusion benigns: [1, 2, 3, 8, 9]
2025-05-12 14:32:10,295 - DEBUG - util_fusion - fusion_dual_defense - client 2 scores: {0: array([370.59524383]), 1: array([370.59599912]), 2: array([370.59622415]), 3: array([370.59622854]), 4: array([370.59519441]), 5: array([370.59555281]), 6: array([370.59552895]), 7: array([370.59571808]), 8: array([370.59577306]), 9: array([370.59578918])}
2025-05-12 14:32:10,295 - DEBUG - util_fusion - fusion_dual_defense - client 2 norm scores: {0: array([0.04778343]), 1: array([0.77814358]), 2: array([0.99574587]), 3: array([1.]), 4: array([0.]), 5: array([0.34656605]), 6: array([0.3234962]), 7: array([0.50637786]), 8: array([0.55955227]), 9: array([0.57513895])}
2025-05-12 14:32:10,295 - DEBUG - util_fusion - fusion_dual_defense - client 2 similarity threshold: 0.5132804201051169
2025-05-12 14:32:10,295 - INFO - util_fusion - fusion_dual_defense - client 2 selected fusion benigns: [1, 2, 3, 8, 9]
2025-05-12 14:32:10,304 - DEBUG - util_fusion - fusion_dual_defense - client 3 scores: {0: array([370.59524383]), 1: array([370.59599912]), 2: array([370.59622415]), 3: array([370.59622854]), 4: array([370.59519441]), 5: array([370.59555281]), 6: array([370.59552895]), 7: array([370.59571808]), 8: array([370.59577306]), 9: array([370.59578918])}
2025-05-12 14:32:10,304 - DEBUG - util_fusion - fusion_dual_defense - client 3 norm scores: {0: array([0.04778343]), 1: array([0.77814358]), 2: array([0.99574587]), 3: array([1.]), 4: array([0.]), 5: array([0.34656605]), 6: array([0.3234962]), 7: array([0.50637786]), 8: array([0.55955227]), 9: array([0.57513895])}
2025-05-12 14:32:10,304 - DEBUG - util_fusion - fusion_dual_defense - client 3 similarity threshold: 0.5132804201051169
2025-05-12 14:32:10,304 - INFO - util_fusion - fusion_dual_defense - client 3 selected fusion benigns: [1, 2, 3, 8, 9]
2025-05-12 14:32:10,313 - DEBUG - util_fusion - fusion_dual_defense - client 4 scores: {0: array([370.59524383]), 1: array([370.59599912]), 2: array([370.59622415]), 3: array([370.59622854]), 4: array([370.59519441]), 5: array([370.59555281]), 6: array([370.59552895]), 7: array([370.59571808]), 8: array([370.59577306]), 9: array([370.59578918])}
2025-05-12 14:32:10,313 - DEBUG - util_fusion - fusion_dual_defense - client 4 norm scores: {0: array([0.04778343]), 1: array([0.77814358]), 2: array([0.99574587]), 3: array([1.]), 4: array([0.]), 5: array([0.34656605]), 6: array([0.3234962]), 7: array([0.50637786]), 8: array([0.55955227]), 9: array([0.57513895])}
2025-05-12 14:32:10,313 - DEBUG - util_fusion - fusion_dual_defense - client 4 similarity threshold: 0.5132804201051169
2025-05-12 14:32:10,313 - INFO - util_fusion - fusion_dual_defense - client 4 selected fusion benigns: [1, 2, 3, 8, 9]
2025-05-12 14:32:10,322 - DEBUG - util_fusion - fusion_dual_defense - client 5 scores: {0: array([370.59524383]), 1: array([370.59599912]), 2: array([370.59622415]), 3: array([370.59622854]), 4: array([370.59519441]), 5: array([370.59555281]), 6: array([370.59552895]), 7: array([370.59571808]), 8: array([370.59577306]), 9: array([370.59578918])}
2025-05-12 14:32:10,322 - DEBUG - util_fusion - fusion_dual_defense - client 5 norm scores: {0: array([0.04778343]), 1: array([0.77814358]), 2: array([0.99574587]), 3: array([1.]), 4: array([0.]), 5: array([0.34656605]), 6: array([0.3234962]), 7: array([0.50637786]), 8: array([0.55955227]), 9: array([0.57513895])}
2025-05-12 14:32:10,322 - DEBUG - util_fusion - fusion_dual_defense - client 5 similarity threshold: 0.5132804201051169
2025-05-12 14:32:10,322 - INFO - util_fusion - fusion_dual_defense - client 5 selected fusion benigns: [1, 2, 3, 8, 9]
2025-05-12 14:32:10,331 - DEBUG - util_fusion - fusion_dual_defense - client 6 scores: {0: array([370.59524383]), 1: array([370.59599912]), 2: array([370.59622415]), 3: array([370.59622854]), 4: array([370.59519441]), 5: array([370.59555281]), 6: array([370.59552895]), 7: array([370.59571808]), 8: array([370.59577306]), 9: array([370.59578918])}
2025-05-12 14:32:10,331 - DEBUG - util_fusion - fusion_dual_defense - client 6 norm scores: {0: array([0.04778343]), 1: array([0.77814358]), 2: array([0.99574587]), 3: array([1.]), 4: array([0.]), 5: array([0.34656605]), 6: array([0.3234962]), 7: array([0.50637786]), 8: array([0.55955227]), 9: array([0.57513895])}
2025-05-12 14:32:10,331 - DEBUG - util_fusion - fusion_dual_defense - client 6 similarity threshold: 0.5132804201051169
2025-05-12 14:32:10,331 - INFO - util_fusion - fusion_dual_defense - client 6 selected fusion benigns: [1, 2, 3, 8, 9]
2025-05-12 14:32:10,340 - DEBUG - util_fusion - fusion_dual_defense - client 7 scores: {0: array([370.59524383]), 1: array([370.59599912]), 2: array([370.59622415]), 3: array([370.59622854]), 4: array([370.59519441]), 5: array([370.59555281]), 6: array([370.59552895]), 7: array([370.59571808]), 8: array([370.59577306]), 9: array([370.59578918])}
2025-05-12 14:32:10,340 - DEBUG - util_fusion - fusion_dual_defense - client 7 norm scores: {0: array([0.04778343]), 1: array([0.77814358]), 2: array([0.99574587]), 3: array([1.]), 4: array([0.]), 5: array([0.34656605]), 6: array([0.3234962]), 7: array([0.50637786]), 8: array([0.55955227]), 9: array([0.57513895])}
2025-05-12 14:32:10,340 - DEBUG - util_fusion - fusion_dual_defense - client 7 similarity threshold: 0.5132804201051169
2025-05-12 14:32:10,340 - INFO - util_fusion - fusion_dual_defense - client 7 selected fusion benigns: [1, 2, 3, 8, 9]
2025-05-12 14:32:10,349 - DEBUG - util_fusion - fusion_dual_defense - client 8 scores: {0: array([370.59524383]), 1: array([370.59599912]), 2: array([370.59622415]), 3: array([370.59622854]), 4: array([370.59519441]), 5: array([370.59555281]), 6: array([370.59552895]), 7: array([370.59571808]), 8: array([370.59577306]), 9: array([370.59578918])}
2025-05-12 14:32:10,349 - DEBUG - util_fusion - fusion_dual_defense - client 8 norm scores: {0: array([0.04778343]), 1: array([0.77814358]), 2: array([0.99574587]), 3: array([1.]), 4: array([0.]), 5: array([0.34656605]), 6: array([0.3234962]), 7: array([0.50637786]), 8: array([0.55955227]), 9: array([0.57513895])}
2025-05-12 14:32:10,349 - DEBUG - util_fusion - fusion_dual_defense - client 8 similarity threshold: 0.5132804201051169
2025-05-12 14:32:10,349 - INFO - util_fusion - fusion_dual_defense - client 8 selected fusion benigns: [1, 2, 3, 8, 9]
2025-05-12 14:32:10,358 - DEBUG - util_fusion - fusion_dual_defense - client 9 scores: {0: array([370.59524383]), 1: array([370.59599912]), 2: array([370.59622415]), 3: array([370.59622854]), 4: array([370.59519441]), 5: array([370.59555281]), 6: array([370.59552895]), 7: array([370.59571808]), 8: array([370.59577306]), 9: array([370.59578918])}
2025-05-12 14:32:10,358 - DEBUG - util_fusion - fusion_dual_defense - client 9 norm scores: {0: array([0.04778343]), 1: array([0.77814358]), 2: array([0.99574587]), 3: array([1.]), 4: array([0.]), 5: array([0.34656605]), 6: array([0.3234962]), 7: array([0.50637786]), 8: array([0.55955227]), 9: array([0.57513895])}
2025-05-12 14:32:10,358 - DEBUG - util_fusion - fusion_dual_defense - client 9 similarity threshold: 0.5132804201051169
2025-05-12 14:32:10,358 - INFO - util_fusion - fusion_dual_defense - client 9 selected fusion benigns: [1, 2, 3, 8, 9]
2025-05-12 14:32:10,358 - DEBUG - util_fusion - fusion_dual_defense - final fusion benigns: (1, 2, 3, 8, 9)
2025-05-12 14:32:12,032 - INFO - fl - start - global side -  test accuracy: 10.28
2025-05-12 14:32:12,032 - INFO - fl - start - global side iteration 12 -  test accuracy: 10.28
2025-05-12 14:32:12,032 - INFO - fl - start - start training round 13
2025-05-12 14:32:12,034 - INFO - fl - start - round 13 attackers: [6, 9]
2025-05-12 14:32:12,034 - INFO - fl - start - start client 0 training
2025-05-12 14:32:12,034 - INFO - fl - client_local_train - client 0 start local training ...
2025-05-12 14:32:13,865 - INFO - fl - start - end client 0 training
2025-05-12 14:32:13,865 - INFO - fl - start - client 0 evaluation metrics: {'train_loss': 5.538627587831938, 'test_acc': 11.35}
2025-05-12 14:32:13,865 - INFO - fl - start - start client 1 training
2025-05-12 14:32:13,865 - INFO - fl - client_local_train - client 1 start local training ...
2025-05-12 14:32:20,556 - INFO - fl - start - end client 1 training
2025-05-12 14:32:20,556 - INFO - fl - start - client 1 evaluation metrics: {'train_loss': 1.556074403115173, 'test_acc': 10.1}
2025-05-12 14:32:20,556 - INFO - fl - start - start client 2 training
2025-05-12 14:32:20,556 - INFO - fl - client_local_train - client 2 start local training ...
2025-05-12 14:32:29,027 - INFO - fl - start - end client 2 training
2025-05-12 14:32:29,027 - INFO - fl - start - client 2 evaluation metrics: {'train_loss': 1.6775565267948622, 'test_acc': 11.35}
2025-05-12 14:32:29,027 - INFO - fl - start - start client 3 training
2025-05-12 14:32:29,027 - INFO - fl - client_local_train - client 3 start local training ...
2025-05-12 14:32:38,000 - INFO - fl - start - end client 3 training
2025-05-12 14:32:38,000 - INFO - fl - start - client 3 evaluation metrics: {'train_loss': 1.8995669716282895, 'test_acc': 9.58}
2025-05-12 14:32:38,000 - INFO - fl - start - start client 4 training
2025-05-12 14:32:38,000 - INFO - fl - client_local_train - client 4 start local training ...
2025-05-12 14:32:40,032 - INFO - fl - start - end client 4 training
2025-05-12 14:32:40,033 - INFO - fl - start - client 4 evaluation metrics: {'train_loss': 2.462999555799696, 'test_acc': 8.92}
2025-05-12 14:32:40,033 - INFO - fl - start - start client 5 training
2025-05-12 14:32:40,033 - INFO - fl - client_local_train - client 5 start local training ...
2025-05-12 14:32:43,946 - INFO - fl - start - end client 5 training
2025-05-12 14:32:43,946 - INFO - fl - start - client 5 evaluation metrics: {'train_loss': 1.2133547874597403, 'test_acc': 9.8}
2025-05-12 14:32:43,946 - INFO - fl - start - start client 6 training
2025-05-12 14:32:43,946 - INFO - fl - client_local_train - client 6 start local training ...
2025-05-12 14:32:46,002 - INFO - fl - client_local_train - client 6 is attacker, start poisoning model
2025-05-12 14:32:49,733 - INFO - fl - start - end client 6 training
2025-05-12 14:32:49,733 - INFO - fl - start - client 6 evaluation metrics: {'train_loss': 13.053044641934909, 'test_acc': 10.28}
2025-05-12 14:32:49,733 - INFO - fl - start - start client 7 training
2025-05-12 14:32:49,733 - INFO - fl - client_local_train - client 7 start local training ...
2025-05-12 14:32:54,639 - INFO - fl - start - end client 7 training
2025-05-12 14:32:54,639 - INFO - fl - start - client 7 evaluation metrics: {'train_loss': 1.2751576541499658, 'test_acc': 10.09}
2025-05-12 14:32:54,639 - INFO - fl - start - start client 8 training
2025-05-12 14:32:54,639 - INFO - fl - client_local_train - client 8 start local training ...
2025-05-12 14:32:59,691 - INFO - fl - start - end client 8 training
2025-05-12 14:32:59,691 - INFO - fl - start - client 8 evaluation metrics: {'train_loss': 1.645931657924447, 'test_acc': 9.74}
2025-05-12 14:32:59,691 - INFO - fl - start - start client 9 training
2025-05-12 14:32:59,691 - INFO - fl - client_local_train - client 9 start local training ...
2025-05-12 14:33:02,844 - INFO - fl - client_local_train - client 9 is attacker, start poisoning model
2025-05-12 14:33:07,151 - INFO - fl - start - end client 9 training
2025-05-12 14:33:07,151 - INFO - fl - start - client 9 evaluation metrics: {'train_loss': 2.4659848947717684, 'test_acc': 9.82}
2025-05-12 14:33:07,151 - INFO - fl - aggregate_model - start model aggregation...fusion method: dual_defense
2025-05-12 14:33:07,151 - INFO - fl - aggregate_model - start hyper-guard fusion with epsilon 0.01
2025-05-12 14:33:07,151 - INFO - fl - aggregate_model - round 13 attackers: [9, 6]
2025-05-12 14:33:17,814 - DEBUG - util_fusion - fusion_dual_defense - client 0 scores: {0: array([433.49956422]), 1: array([433.5001339]), 2: array([433.5003302]), 3: array([433.5003733]), 4: array([433.49954026]), 5: array([433.49975766]), 6: array([433.4997367]), 7: array([433.49988811]), 8: array([433.49994442]), 9: array([433.4999777])}
2025-05-12 14:33:17,814 - DEBUG - util_fusion - fusion_dual_defense - client 0 norm scores: {0: array([0.02876102]), 1: array([0.71261088]), 2: array([0.9482621]), 3: array([1.]), 4: array([0.]), 5: array([0.26097085]), 6: array([0.23581433]), 7: array([0.41756799]), 8: array([0.48515803]), 9: array([0.52511061])}
2025-05-12 14:33:17,814 - DEBUG - util_fusion - fusion_dual_defense - client 0 similarity threshold: 0.46142558261275585
2025-05-12 14:33:17,814 - INFO - util_fusion - fusion_dual_defense - client 0 selected fusion benigns: [1, 2, 3, 8, 9]
2025-05-12 14:33:17,823 - DEBUG - util_fusion - fusion_dual_defense - client 1 scores: {0: array([433.49956422]), 1: array([433.5001339]), 2: array([433.5003302]), 3: array([433.5003733]), 4: array([433.49954026]), 5: array([433.49975766]), 6: array([433.4997367]), 7: array([433.49988811]), 8: array([433.49994442]), 9: array([433.4999777])}
2025-05-12 14:33:17,823 - DEBUG - util_fusion - fusion_dual_defense - client 1 norm scores: {0: array([0.02876102]), 1: array([0.71261088]), 2: array([0.9482621]), 3: array([1.]), 4: array([0.]), 5: array([0.26097085]), 6: array([0.23581433]), 7: array([0.41756799]), 8: array([0.48515803]), 9: array([0.52511061])}
2025-05-12 14:33:17,824 - DEBUG - util_fusion - fusion_dual_defense - client 1 similarity threshold: 0.46142558261275585
2025-05-12 14:33:17,824 - INFO - util_fusion - fusion_dual_defense - client 1 selected fusion benigns: [1, 2, 3, 8, 9]
2025-05-12 14:33:17,832 - DEBUG - util_fusion - fusion_dual_defense - client 2 scores: {0: array([433.49956422]), 1: array([433.5001339]), 2: array([433.5003302]), 3: array([433.5003733]), 4: array([433.49954026]), 5: array([433.49975766]), 6: array([433.4997367]), 7: array([433.49988811]), 8: array([433.49994442]), 9: array([433.4999777])}
2025-05-12 14:33:17,833 - DEBUG - util_fusion - fusion_dual_defense - client 2 norm scores: {0: array([0.02876102]), 1: array([0.71261088]), 2: array([0.9482621]), 3: array([1.]), 4: array([0.]), 5: array([0.26097085]), 6: array([0.23581433]), 7: array([0.41756799]), 8: array([0.48515803]), 9: array([0.52511061])}
2025-05-12 14:33:17,833 - DEBUG - util_fusion - fusion_dual_defense - client 2 similarity threshold: 0.46142558261275585
2025-05-12 14:33:17,833 - INFO - util_fusion - fusion_dual_defense - client 2 selected fusion benigns: [1, 2, 3, 8, 9]
2025-05-12 14:33:17,841 - DEBUG - util_fusion - fusion_dual_defense - client 3 scores: {0: array([433.49956422]), 1: array([433.5001339]), 2: array([433.5003302]), 3: array([433.5003733]), 4: array([433.49954026]), 5: array([433.49975766]), 6: array([433.4997367]), 7: array([433.49988811]), 8: array([433.49994442]), 9: array([433.4999777])}
2025-05-12 14:33:17,842 - DEBUG - util_fusion - fusion_dual_defense - client 3 norm scores: {0: array([0.02876102]), 1: array([0.71261088]), 2: array([0.9482621]), 3: array([1.]), 4: array([0.]), 5: array([0.26097085]), 6: array([0.23581433]), 7: array([0.41756799]), 8: array([0.48515803]), 9: array([0.52511061])}
2025-05-12 14:33:17,842 - DEBUG - util_fusion - fusion_dual_defense - client 3 similarity threshold: 0.46142558261275585
2025-05-12 14:33:17,842 - INFO - util_fusion - fusion_dual_defense - client 3 selected fusion benigns: [1, 2, 3, 8, 9]
2025-05-12 14:33:17,850 - DEBUG - util_fusion - fusion_dual_defense - client 4 scores: {0: array([433.49956422]), 1: array([433.5001339]), 2: array([433.5003302]), 3: array([433.5003733]), 4: array([433.49954026]), 5: array([433.49975766]), 6: array([433.4997367]), 7: array([433.49988811]), 8: array([433.49994442]), 9: array([433.4999777])}
2025-05-12 14:33:17,851 - DEBUG - util_fusion - fusion_dual_defense - client 4 norm scores: {0: array([0.02876102]), 1: array([0.71261088]), 2: array([0.9482621]), 3: array([1.]), 4: array([0.]), 5: array([0.26097085]), 6: array([0.23581433]), 7: array([0.41756799]), 8: array([0.48515803]), 9: array([0.52511061])}
2025-05-12 14:33:17,851 - DEBUG - util_fusion - fusion_dual_defense - client 4 similarity threshold: 0.46142558261275585
2025-05-12 14:33:17,851 - INFO - util_fusion - fusion_dual_defense - client 4 selected fusion benigns: [1, 2, 3, 8, 9]
2025-05-12 14:33:17,859 - DEBUG - util_fusion - fusion_dual_defense - client 5 scores: {0: array([433.49956422]), 1: array([433.5001339]), 2: array([433.5003302]), 3: array([433.5003733]), 4: array([433.49954026]), 5: array([433.49975766]), 6: array([433.4997367]), 7: array([433.49988811]), 8: array([433.49994442]), 9: array([433.4999777])}
2025-05-12 14:33:17,860 - DEBUG - util_fusion - fusion_dual_defense - client 5 norm scores: {0: array([0.02876102]), 1: array([0.71261088]), 2: array([0.9482621]), 3: array([1.]), 4: array([0.]), 5: array([0.26097085]), 6: array([0.23581433]), 7: array([0.41756799]), 8: array([0.48515803]), 9: array([0.52511061])}
2025-05-12 14:33:17,860 - DEBUG - util_fusion - fusion_dual_defense - client 5 similarity threshold: 0.46142558261275585
2025-05-12 14:33:17,860 - INFO - util_fusion - fusion_dual_defense - client 5 selected fusion benigns: [1, 2, 3, 8, 9]
2025-05-12 14:33:17,868 - DEBUG - util_fusion - fusion_dual_defense - client 6 scores: {0: array([433.49956422]), 1: array([433.5001339]), 2: array([433.5003302]), 3: array([433.5003733]), 4: array([433.49954026]), 5: array([433.49975766]), 6: array([433.4997367]), 7: array([433.49988811]), 8: array([433.49994442]), 9: array([433.4999777])}
2025-05-12 14:33:17,869 - DEBUG - util_fusion - fusion_dual_defense - client 6 norm scores: {0: array([0.02876102]), 1: array([0.71261088]), 2: array([0.9482621]), 3: array([1.]), 4: array([0.]), 5: array([0.26097085]), 6: array([0.23581433]), 7: array([0.41756799]), 8: array([0.48515803]), 9: array([0.52511061])}
2025-05-12 14:33:17,869 - DEBUG - util_fusion - fusion_dual_defense - client 6 similarity threshold: 0.46142558261275585
2025-05-12 14:33:17,869 - INFO - util_fusion - fusion_dual_defense - client 6 selected fusion benigns: [1, 2, 3, 8, 9]
2025-05-12 14:33:17,877 - DEBUG - util_fusion - fusion_dual_defense - client 7 scores: {0: array([433.49956422]), 1: array([433.5001339]), 2: array([433.5003302]), 3: array([433.5003733]), 4: array([433.49954026]), 5: array([433.49975766]), 6: array([433.4997367]), 7: array([433.49988811]), 8: array([433.49994442]), 9: array([433.4999777])}
2025-05-12 14:33:17,878 - DEBUG - util_fusion - fusion_dual_defense - client 7 norm scores: {0: array([0.02876102]), 1: array([0.71261088]), 2: array([0.9482621]), 3: array([1.]), 4: array([0.]), 5: array([0.26097085]), 6: array([0.23581433]), 7: array([0.41756799]), 8: array([0.48515803]), 9: array([0.52511061])}
2025-05-12 14:33:17,878 - DEBUG - util_fusion - fusion_dual_defense - client 7 similarity threshold: 0.46142558261275585
2025-05-12 14:33:17,878 - INFO - util_fusion - fusion_dual_defense - client 7 selected fusion benigns: [1, 2, 3, 8, 9]
2025-05-12 14:33:17,887 - DEBUG - util_fusion - fusion_dual_defense - client 8 scores: {0: array([433.49956422]), 1: array([433.5001339]), 2: array([433.5003302]), 3: array([433.5003733]), 4: array([433.49954026]), 5: array([433.49975766]), 6: array([433.4997367]), 7: array([433.49988811]), 8: array([433.49994442]), 9: array([433.4999777])}
2025-05-12 14:33:17,887 - DEBUG - util_fusion - fusion_dual_defense - client 8 norm scores: {0: array([0.02876102]), 1: array([0.71261088]), 2: array([0.9482621]), 3: array([1.]), 4: array([0.]), 5: array([0.26097085]), 6: array([0.23581433]), 7: array([0.41756799]), 8: array([0.48515803]), 9: array([0.52511061])}
2025-05-12 14:33:17,887 - DEBUG - util_fusion - fusion_dual_defense - client 8 similarity threshold: 0.46142558261275585
2025-05-12 14:33:17,887 - INFO - util_fusion - fusion_dual_defense - client 8 selected fusion benigns: [1, 2, 3, 8, 9]
2025-05-12 14:33:17,896 - DEBUG - util_fusion - fusion_dual_defense - client 9 scores: {0: array([433.49956422]), 1: array([433.5001339]), 2: array([433.5003302]), 3: array([433.5003733]), 4: array([433.49954026]), 5: array([433.49975766]), 6: array([433.4997367]), 7: array([433.49988811]), 8: array([433.49994442]), 9: array([433.4999777])}
2025-05-12 14:33:17,896 - DEBUG - util_fusion - fusion_dual_defense - client 9 norm scores: {0: array([0.02876102]), 1: array([0.71261088]), 2: array([0.9482621]), 3: array([1.]), 4: array([0.]), 5: array([0.26097085]), 6: array([0.23581433]), 7: array([0.41756799]), 8: array([0.48515803]), 9: array([0.52511061])}
2025-05-12 14:33:17,896 - DEBUG - util_fusion - fusion_dual_defense - client 9 similarity threshold: 0.46142558261275585
2025-05-12 14:33:17,896 - INFO - util_fusion - fusion_dual_defense - client 9 selected fusion benigns: [1, 2, 3, 8, 9]
2025-05-12 14:33:17,896 - DEBUG - util_fusion - fusion_dual_defense - final fusion benigns: (1, 2, 3, 8, 9)
2025-05-12 14:33:19,564 - INFO - fl - start - global side -  test accuracy: 9.82
2025-05-12 14:33:19,564 - INFO - fl - start - global side iteration 13 -  test accuracy: 9.82
2025-05-12 14:33:19,565 - INFO - fl - start - start training round 14
2025-05-12 14:33:19,567 - INFO - fl - start - round 14 attackers: [5, 4]
2025-05-12 14:33:19,567 - INFO - fl - start - start client 0 training
2025-05-12 14:33:19,567 - INFO - fl - client_local_train - client 0 start local training ...
2025-05-12 14:33:21,402 - INFO - fl - start - end client 0 training
2025-05-12 14:33:21,402 - INFO - fl - start - client 0 evaluation metrics: {'train_loss': 9.796118662907528, 'test_acc': 9.82}
2025-05-12 14:33:21,402 - INFO - fl - start - start client 1 training
2025-05-12 14:33:21,402 - INFO - fl - client_local_train - client 1 start local training ...
2025-05-12 14:33:28,079 - INFO - fl - start - end client 1 training
2025-05-12 14:33:28,079 - INFO - fl - start - client 1 evaluation metrics: {'train_loss': 1.5947015908227038, 'test_acc': 10.1}
2025-05-12 14:33:28,079 - INFO - fl - start - start client 2 training
2025-05-12 14:33:28,079 - INFO - fl - client_local_train - client 2 start local training ...
2025-05-12 14:33:36,541 - INFO - fl - start - end client 2 training
2025-05-12 14:33:36,541 - INFO - fl - start - client 2 evaluation metrics: {'train_loss': 1.7347817682148365, 'test_acc': 11.35}
2025-05-12 14:33:36,541 - INFO - fl - start - start client 3 training
2025-05-12 14:33:36,541 - INFO - fl - client_local_train - client 3 start local training ...
2025-05-12 14:33:45,503 - INFO - fl - start - end client 3 training
2025-05-12 14:33:45,503 - INFO - fl - start - client 3 evaluation metrics: {'train_loss': 2.251123758993651, 'test_acc': 9.58}
2025-05-12 14:33:45,503 - INFO - fl - start - start client 4 training
2025-05-12 14:33:45,503 - INFO - fl - client_local_train - client 4 start local training ...
2025-05-12 14:33:46,061 - INFO - fl - client_local_train - client 4 is attacker, start poisoning model
2025-05-12 14:33:48,994 - INFO - fl - start - end client 4 training
2025-05-12 14:33:48,994 - INFO - fl - start - client 4 evaluation metrics: {'train_loss': 19.183259858025444, 'test_acc': 8.92}
2025-05-12 14:33:48,994 - INFO - fl - start - start client 5 training
2025-05-12 14:33:48,994 - INFO - fl - client_local_train - client 5 start local training ...
2025-05-12 14:33:51,037 - INFO - fl - client_local_train - client 5 is attacker, start poisoning model
2025-05-12 14:33:54,770 - INFO - fl - start - end client 5 training
2025-05-12 14:33:54,770 - INFO - fl - start - client 5 evaluation metrics: {'train_loss': 8.61239968446585, 'test_acc': 9.8}
2025-05-12 14:33:54,770 - INFO - fl - start - start client 6 training
2025-05-12 14:33:54,770 - INFO - fl - client_local_train - client 6 start local training ...
2025-05-12 14:33:58,688 - INFO - fl - start - end client 6 training
2025-05-12 14:33:58,688 - INFO - fl - start - client 6 evaluation metrics: {'train_loss': 6.285147212101863, 'test_acc': 10.28}
2025-05-12 14:33:58,688 - INFO - fl - start - start client 7 training
2025-05-12 14:33:58,688 - INFO - fl - client_local_train - client 7 start local training ...
2025-05-12 14:34:03,556 - INFO - fl - start - end client 7 training
2025-05-12 14:34:03,557 - INFO - fl - start - client 7 evaluation metrics: {'train_loss': 3.3508880598978563, 'test_acc': 10.1}
2025-05-12 14:34:03,557 - INFO - fl - start - start client 8 training
2025-05-12 14:34:03,557 - INFO - fl - client_local_train - client 8 start local training ...
2025-05-12 14:34:08,619 - INFO - fl - start - end client 8 training
2025-05-12 14:34:08,619 - INFO - fl - start - client 8 evaluation metrics: {'train_loss': 1.7941402248156968, 'test_acc': 9.74}
2025-05-12 14:34:08,619 - INFO - fl - start - start client 9 training
2025-05-12 14:34:08,619 - INFO - fl - client_local_train - client 9 start local training ...
2025-05-12 14:34:13,926 - INFO - fl - start - end client 9 training
2025-05-12 14:34:13,926 - INFO - fl - start - client 9 evaluation metrics: {'train_loss': 0.7128044493270643, 'test_acc': 9.82}
2025-05-12 14:34:13,926 - INFO - fl - aggregate_model - start model aggregation...fusion method: dual_defense
2025-05-12 14:34:13,926 - INFO - fl - aggregate_model - start hyper-guard fusion with epsilon 0.01
2025-05-12 14:34:13,926 - INFO - fl - aggregate_model - round 14 attackers: [4, 5]
2025-05-12 14:34:24,592 - DEBUG - util_fusion - fusion_dual_defense - client 0 scores: {0: array([149.88855214]), 1: array([149.88860622]), 2: array([149.88865215]), 3: array([149.8886523]), 4: array([149.88852853]), 5: array([149.88854719]), 6: array([149.88855199]), 7: array([149.88857438]), 8: array([149.88856883]), 9: array([149.88858535])}
2025-05-12 14:34:24,593 - DEBUG - util_fusion - fusion_dual_defense - client 0 norm scores: {0: array([0.19078464]), 1: array([0.62767748]), 2: array([0.9988185]), 3: array([1.]), 4: array([0.]), 5: array([0.15080488]), 6: array([0.18957778]), 7: array([0.37047499]), 8: array([0.32562283]), 9: array([0.45910033])}
2025-05-12 14:34:24,593 - DEBUG - util_fusion - fusion_dual_defense - client 0 similarity threshold: 0.4312861434498627
2025-05-12 14:34:24,593 - INFO - util_fusion - fusion_dual_defense - client 0 selected fusion benigns: [1, 2, 3, 9]
2025-05-12 14:34:24,601 - DEBUG - util_fusion - fusion_dual_defense - client 1 scores: {0: array([149.88855214]), 1: array([149.88860622]), 2: array([149.88865215]), 3: array([149.8886523]), 4: array([149.88852853]), 5: array([149.88854719]), 6: array([149.88855199]), 7: array([149.88857438]), 8: array([149.88856883]), 9: array([149.88858535])}
2025-05-12 14:34:24,602 - DEBUG - util_fusion - fusion_dual_defense - client 1 norm scores: {0: array([0.19078464]), 1: array([0.62767748]), 2: array([0.9988185]), 3: array([1.]), 4: array([0.]), 5: array([0.15080488]), 6: array([0.18957778]), 7: array([0.37047499]), 8: array([0.32562283]), 9: array([0.45910033])}
2025-05-12 14:34:24,602 - DEBUG - util_fusion - fusion_dual_defense - client 1 similarity threshold: 0.4312861434498627
2025-05-12 14:34:24,602 - INFO - util_fusion - fusion_dual_defense - client 1 selected fusion benigns: [1, 2, 3, 9]
2025-05-12 14:34:24,610 - DEBUG - util_fusion - fusion_dual_defense - client 2 scores: {0: array([149.88855214]), 1: array([149.88860622]), 2: array([149.88865215]), 3: array([149.8886523]), 4: array([149.88852853]), 5: array([149.88854719]), 6: array([149.88855199]), 7: array([149.88857438]), 8: array([149.88856883]), 9: array([149.88858535])}
2025-05-12 14:34:24,611 - DEBUG - util_fusion - fusion_dual_defense - client 2 norm scores: {0: array([0.19078464]), 1: array([0.62767748]), 2: array([0.9988185]), 3: array([1.]), 4: array([0.]), 5: array([0.15080488]), 6: array([0.18957778]), 7: array([0.37047499]), 8: array([0.32562283]), 9: array([0.45910033])}
2025-05-12 14:34:24,611 - DEBUG - util_fusion - fusion_dual_defense - client 2 similarity threshold: 0.4312861434498627
2025-05-12 14:34:24,611 - INFO - util_fusion - fusion_dual_defense - client 2 selected fusion benigns: [1, 2, 3, 9]
2025-05-12 14:34:24,619 - DEBUG - util_fusion - fusion_dual_defense - client 3 scores: {0: array([149.88855214]), 1: array([149.88860622]), 2: array([149.88865215]), 3: array([149.8886523]), 4: array([149.88852853]), 5: array([149.88854719]), 6: array([149.88855199]), 7: array([149.88857438]), 8: array([149.88856883]), 9: array([149.88858535])}
2025-05-12 14:34:24,620 - DEBUG - util_fusion - fusion_dual_defense - client 3 norm scores: {0: array([0.19078464]), 1: array([0.62767748]), 2: array([0.9988185]), 3: array([1.]), 4: array([0.]), 5: array([0.15080488]), 6: array([0.18957778]), 7: array([0.37047499]), 8: array([0.32562283]), 9: array([0.45910033])}
2025-05-12 14:34:24,620 - DEBUG - util_fusion - fusion_dual_defense - client 3 similarity threshold: 0.4312861434498627
2025-05-12 14:34:24,620 - INFO - util_fusion - fusion_dual_defense - client 3 selected fusion benigns: [1, 2, 3, 9]
2025-05-12 14:34:24,628 - DEBUG - util_fusion - fusion_dual_defense - client 4 scores: {0: array([149.88855214]), 1: array([149.88860622]), 2: array([149.88865215]), 3: array([149.8886523]), 4: array([149.88852853]), 5: array([149.88854719]), 6: array([149.88855199]), 7: array([149.88857438]), 8: array([149.88856883]), 9: array([149.88858535])}
2025-05-12 14:34:24,629 - DEBUG - util_fusion - fusion_dual_defense - client 4 norm scores: {0: array([0.19078464]), 1: array([0.62767748]), 2: array([0.9988185]), 3: array([1.]), 4: array([0.]), 5: array([0.15080488]), 6: array([0.18957778]), 7: array([0.37047499]), 8: array([0.32562283]), 9: array([0.45910033])}
2025-05-12 14:34:24,629 - DEBUG - util_fusion - fusion_dual_defense - client 4 similarity threshold: 0.4312861434498627
2025-05-12 14:34:24,629 - INFO - util_fusion - fusion_dual_defense - client 4 selected fusion benigns: [1, 2, 3, 9]
2025-05-12 14:34:24,637 - DEBUG - util_fusion - fusion_dual_defense - client 5 scores: {0: array([149.88855214]), 1: array([149.88860622]), 2: array([149.88865215]), 3: array([149.8886523]), 4: array([149.88852853]), 5: array([149.88854719]), 6: array([149.88855199]), 7: array([149.88857438]), 8: array([149.88856883]), 9: array([149.88858535])}
2025-05-12 14:34:24,638 - DEBUG - util_fusion - fusion_dual_defense - client 5 norm scores: {0: array([0.19078464]), 1: array([0.62767748]), 2: array([0.9988185]), 3: array([1.]), 4: array([0.]), 5: array([0.15080488]), 6: array([0.18957778]), 7: array([0.37047499]), 8: array([0.32562283]), 9: array([0.45910033])}
2025-05-12 14:34:24,638 - DEBUG - util_fusion - fusion_dual_defense - client 5 similarity threshold: 0.4312861434498627
2025-05-12 14:34:24,638 - INFO - util_fusion - fusion_dual_defense - client 5 selected fusion benigns: [1, 2, 3, 9]
2025-05-12 14:34:24,646 - DEBUG - util_fusion - fusion_dual_defense - client 6 scores: {0: array([149.88855214]), 1: array([149.88860622]), 2: array([149.88865215]), 3: array([149.8886523]), 4: array([149.88852853]), 5: array([149.88854719]), 6: array([149.88855199]), 7: array([149.88857438]), 8: array([149.88856883]), 9: array([149.88858535])}
2025-05-12 14:34:24,647 - DEBUG - util_fusion - fusion_dual_defense - client 6 norm scores: {0: array([0.19078464]), 1: array([0.62767748]), 2: array([0.9988185]), 3: array([1.]), 4: array([0.]), 5: array([0.15080488]), 6: array([0.18957778]), 7: array([0.37047499]), 8: array([0.32562283]), 9: array([0.45910033])}
2025-05-12 14:34:24,647 - DEBUG - util_fusion - fusion_dual_defense - client 6 similarity threshold: 0.4312861434498627
2025-05-12 14:34:24,647 - INFO - util_fusion - fusion_dual_defense - client 6 selected fusion benigns: [1, 2, 3, 9]
2025-05-12 14:34:24,655 - DEBUG - util_fusion - fusion_dual_defense - client 7 scores: {0: array([149.88855214]), 1: array([149.88860622]), 2: array([149.88865215]), 3: array([149.8886523]), 4: array([149.88852853]), 5: array([149.88854719]), 6: array([149.88855199]), 7: array([149.88857438]), 8: array([149.88856883]), 9: array([149.88858535])}
2025-05-12 14:34:24,656 - DEBUG - util_fusion - fusion_dual_defense - client 7 norm scores: {0: array([0.19078464]), 1: array([0.62767748]), 2: array([0.9988185]), 3: array([1.]), 4: array([0.]), 5: array([0.15080488]), 6: array([0.18957778]), 7: array([0.37047499]), 8: array([0.32562283]), 9: array([0.45910033])}
2025-05-12 14:34:24,656 - DEBUG - util_fusion - fusion_dual_defense - client 7 similarity threshold: 0.4312861434498627
2025-05-12 14:34:24,656 - INFO - util_fusion - fusion_dual_defense - client 7 selected fusion benigns: [1, 2, 3, 9]
2025-05-12 14:34:24,664 - DEBUG - util_fusion - fusion_dual_defense - client 8 scores: {0: array([149.88855214]), 1: array([149.88860622]), 2: array([149.88865215]), 3: array([149.8886523]), 4: array([149.88852853]), 5: array([149.88854719]), 6: array([149.88855199]), 7: array([149.88857438]), 8: array([149.88856883]), 9: array([149.88858535])}
2025-05-12 14:34:24,665 - DEBUG - util_fusion - fusion_dual_defense - client 8 norm scores: {0: array([0.19078464]), 1: array([0.62767748]), 2: array([0.9988185]), 3: array([1.]), 4: array([0.]), 5: array([0.15080488]), 6: array([0.18957778]), 7: array([0.37047499]), 8: array([0.32562283]), 9: array([0.45910033])}
2025-05-12 14:34:24,665 - DEBUG - util_fusion - fusion_dual_defense - client 8 similarity threshold: 0.4312861434498627
2025-05-12 14:34:24,665 - INFO - util_fusion - fusion_dual_defense - client 8 selected fusion benigns: [1, 2, 3, 9]
2025-05-12 14:34:24,673 - DEBUG - util_fusion - fusion_dual_defense - client 9 scores: {0: array([149.88855214]), 1: array([149.88860622]), 2: array([149.88865215]), 3: array([149.8886523]), 4: array([149.88852853]), 5: array([149.88854719]), 6: array([149.88855199]), 7: array([149.88857438]), 8: array([149.88856883]), 9: array([149.88858535])}
2025-05-12 14:34:24,674 - DEBUG - util_fusion - fusion_dual_defense - client 9 norm scores: {0: array([0.19078464]), 1: array([0.62767748]), 2: array([0.9988185]), 3: array([1.]), 4: array([0.]), 5: array([0.15080488]), 6: array([0.18957778]), 7: array([0.37047499]), 8: array([0.32562283]), 9: array([0.45910033])}
2025-05-12 14:34:24,674 - DEBUG - util_fusion - fusion_dual_defense - client 9 similarity threshold: 0.4312861434498627
2025-05-12 14:34:24,674 - INFO - util_fusion - fusion_dual_defense - client 9 selected fusion benigns: [1, 2, 3, 9]
2025-05-12 14:34:24,674 - DEBUG - util_fusion - fusion_dual_defense - final fusion benigns: (1, 2, 3, 9)
2025-05-12 14:34:26,294 - INFO - fl - start - global side -  test accuracy: 9.82
2025-05-12 14:34:26,295 - INFO - fl - start - global side iteration 14 -  test accuracy: 9.82
2025-05-12 14:34:26,295 - INFO - fl - start - start training round 15
2025-05-12 14:34:26,297 - INFO - fl - start - round 15 attackers: [3, 9]
2025-05-12 14:34:26,297 - INFO - fl - start - start client 0 training
2025-05-12 14:34:26,297 - INFO - fl - client_local_train - client 0 start local training ...
2025-05-12 14:34:28,139 - INFO - fl - start - end client 0 training
2025-05-12 14:34:28,139 - INFO - fl - start - client 0 evaluation metrics: {'train_loss': 8.680152269510122, 'test_acc': 11.35}
2025-05-12 14:34:28,139 - INFO - fl - start - start client 1 training
2025-05-12 14:34:28,139 - INFO - fl - client_local_train - client 1 start local training ...
2025-05-12 14:34:34,823 - INFO - fl - start - end client 1 training
2025-05-12 14:34:34,823 - INFO - fl - start - client 1 evaluation metrics: {'train_loss': 1.5777545313336956, 'test_acc': 10.1}
2025-05-12 14:34:34,823 - INFO - fl - start - start client 2 training
2025-05-12 14:34:34,823 - INFO - fl - client_local_train - client 2 start local training ...
2025-05-12 14:34:43,320 - INFO - fl - start - end client 2 training
2025-05-12 14:34:43,320 - INFO - fl - start - client 2 evaluation metrics: {'train_loss': 1.7203462418545499, 'test_acc': 11.35}
2025-05-12 14:34:43,320 - INFO - fl - start - start client 3 training
2025-05-12 14:34:43,320 - INFO - fl - client_local_train - client 3 start local training ...
2025-05-12 14:34:49,318 - INFO - fl - client_local_train - client 3 is attacker, start poisoning model
2025-05-12 14:34:55,162 - INFO - fl - start - end client 3 training
2025-05-12 14:34:55,163 - INFO - fl - start - client 3 evaluation metrics: {'train_loss': 10.759955102518985, 'test_acc': 9.58}
2025-05-12 14:34:55,163 - INFO - fl - start - start client 4 training
2025-05-12 14:34:55,163 - INFO - fl - client_local_train - client 4 start local training ...
2025-05-12 14:34:57,181 - INFO - fl - start - end client 4 training
2025-05-12 14:34:57,181 - INFO - fl - start - client 4 evaluation metrics: {'train_loss': 2.133636156717936, 'test_acc': 8.92}
2025-05-12 14:34:57,181 - INFO - fl - start - start client 5 training
2025-05-12 14:34:57,181 - INFO - fl - client_local_train - client 5 start local training ...
2025-05-12 14:35:01,108 - INFO - fl - start - end client 5 training
2025-05-12 14:35:01,109 - INFO - fl - start - client 5 evaluation metrics: {'train_loss': 1.2399382068560674, 'test_acc': 9.8}
2025-05-12 14:35:01,109 - INFO - fl - start - start client 6 training
2025-05-12 14:35:01,109 - INFO - fl - client_local_train - client 6 start local training ...
2025-05-12 14:35:05,036 - INFO - fl - start - end client 6 training
2025-05-12 14:35:05,036 - INFO - fl - start - client 6 evaluation metrics: {'train_loss': 5.841803756126991, 'test_acc': 10.28}
2025-05-12 14:35:05,036 - INFO - fl - start - start client 7 training
2025-05-12 14:35:05,036 - INFO - fl - client_local_train - client 7 start local training ...
2025-05-12 14:35:09,907 - INFO - fl - start - end client 7 training
2025-05-12 14:35:09,907 - INFO - fl - start - client 7 evaluation metrics: {'train_loss': 2.73782555623488, 'test_acc': 10.1}
2025-05-12 14:35:09,907 - INFO - fl - start - start client 8 training
2025-05-12 14:35:09,907 - INFO - fl - client_local_train - client 8 start local training ...
2025-05-12 14:35:14,969 - INFO - fl - start - end client 8 training
2025-05-12 14:35:14,969 - INFO - fl - start - client 8 evaluation metrics: {'train_loss': 1.7825491633466495, 'test_acc': 9.74}
2025-05-12 14:35:14,969 - INFO - fl - start - start client 9 training
2025-05-12 14:35:14,969 - INFO - fl - client_local_train - client 9 start local training ...
2025-05-12 14:35:18,109 - INFO - fl - client_local_train - client 9 is attacker, start poisoning model
2025-05-12 14:35:22,412 - INFO - fl - start - end client 9 training
2025-05-12 14:35:22,412 - INFO - fl - start - client 9 evaluation metrics: {'train_loss': 2.548265546259254, 'test_acc': 9.82}
2025-05-12 14:35:22,412 - INFO - fl - aggregate_model - start model aggregation...fusion method: dual_defense
2025-05-12 14:35:22,412 - INFO - fl - aggregate_model - start hyper-guard fusion with epsilon 0.01
2025-05-12 14:35:22,412 - INFO - fl - aggregate_model - round 15 attackers: [9, 3]
2025-05-12 14:35:33,067 - DEBUG - util_fusion - fusion_dual_defense - client 0 scores: {0: array([456.10422828]), 1: array([456.10430189]), 2: array([456.1044594]), 3: array([456.10443652]), 4: array([456.10416604]), 5: array([456.10422832]), 6: array([456.10423189]), 7: array([456.10423112]), 8: array([456.10424092]), 9: array([456.10431508])}
2025-05-12 14:35:33,068 - DEBUG - util_fusion - fusion_dual_defense - client 0 norm scores: {0: array([0.21215585]), 1: array([0.46306304]), 2: array([1.]), 3: array([0.92200773]), 4: array([0.]), 5: array([0.21229974]), 6: array([0.22445952]), 7: array([0.22184813]), 8: array([0.2552325]), 9: array([0.50802722])}
2025-05-12 14:35:33,068 - DEBUG - util_fusion - fusion_dual_defense - client 0 similarity threshold: 0.4019093726865995
2025-05-12 14:35:33,068 - INFO - util_fusion - fusion_dual_defense - client 0 selected fusion benigns: [1, 2, 3, 9]
2025-05-12 14:35:33,077 - DEBUG - util_fusion - fusion_dual_defense - client 1 scores: {0: array([456.10422828]), 1: array([456.10430189]), 2: array([456.1044594]), 3: array([456.10443652]), 4: array([456.10416604]), 5: array([456.10422832]), 6: array([456.10423189]), 7: array([456.10423112]), 8: array([456.10424092]), 9: array([456.10431508])}
2025-05-12 14:35:33,077 - DEBUG - util_fusion - fusion_dual_defense - client 1 norm scores: {0: array([0.21215585]), 1: array([0.46306304]), 2: array([1.]), 3: array([0.92200773]), 4: array([0.]), 5: array([0.21229974]), 6: array([0.22445952]), 7: array([0.22184813]), 8: array([0.2552325]), 9: array([0.50802722])}
2025-05-12 14:35:33,077 - DEBUG - util_fusion - fusion_dual_defense - client 1 similarity threshold: 0.4019093726865995
2025-05-12 14:35:33,078 - INFO - util_fusion - fusion_dual_defense - client 1 selected fusion benigns: [1, 2, 3, 9]
2025-05-12 14:35:33,086 - DEBUG - util_fusion - fusion_dual_defense - client 2 scores: {0: array([456.10422828]), 1: array([456.10430189]), 2: array([456.1044594]), 3: array([456.10443652]), 4: array([456.10416604]), 5: array([456.10422832]), 6: array([456.10423189]), 7: array([456.10423112]), 8: array([456.10424092]), 9: array([456.10431508])}
2025-05-12 14:35:33,087 - DEBUG - util_fusion - fusion_dual_defense - client 2 norm scores: {0: array([0.21215585]), 1: array([0.46306304]), 2: array([1.]), 3: array([0.92200773]), 4: array([0.]), 5: array([0.21229974]), 6: array([0.22445952]), 7: array([0.22184813]), 8: array([0.2552325]), 9: array([0.50802722])}
2025-05-12 14:35:33,087 - DEBUG - util_fusion - fusion_dual_defense - client 2 similarity threshold: 0.4019093726865995
2025-05-12 14:35:33,087 - INFO - util_fusion - fusion_dual_defense - client 2 selected fusion benigns: [1, 2, 3, 9]
2025-05-12 14:35:33,095 - DEBUG - util_fusion - fusion_dual_defense - client 3 scores: {0: array([456.10422828]), 1: array([456.10430189]), 2: array([456.1044594]), 3: array([456.10443652]), 4: array([456.10416604]), 5: array([456.10422832]), 6: array([456.10423189]), 7: array([456.10423112]), 8: array([456.10424092]), 9: array([456.10431508])}
2025-05-12 14:35:33,096 - DEBUG - util_fusion - fusion_dual_defense - client 3 norm scores: {0: array([0.21215585]), 1: array([0.46306304]), 2: array([1.]), 3: array([0.92200773]), 4: array([0.]), 5: array([0.21229974]), 6: array([0.22445952]), 7: array([0.22184813]), 8: array([0.2552325]), 9: array([0.50802722])}
2025-05-12 14:35:33,096 - DEBUG - util_fusion - fusion_dual_defense - client 3 similarity threshold: 0.4019093726865995
2025-05-12 14:35:33,096 - INFO - util_fusion - fusion_dual_defense - client 3 selected fusion benigns: [1, 2, 3, 9]
2025-05-12 14:35:33,104 - DEBUG - util_fusion - fusion_dual_defense - client 4 scores: {0: array([456.10422828]), 1: array([456.10430189]), 2: array([456.1044594]), 3: array([456.10443652]), 4: array([456.10416604]), 5: array([456.10422832]), 6: array([456.10423189]), 7: array([456.10423112]), 8: array([456.10424092]), 9: array([456.10431508])}
2025-05-12 14:35:33,105 - DEBUG - util_fusion - fusion_dual_defense - client 4 norm scores: {0: array([0.21215585]), 1: array([0.46306304]), 2: array([1.]), 3: array([0.92200773]), 4: array([0.]), 5: array([0.21229974]), 6: array([0.22445952]), 7: array([0.22184813]), 8: array([0.2552325]), 9: array([0.50802722])}
2025-05-12 14:35:33,105 - DEBUG - util_fusion - fusion_dual_defense - client 4 similarity threshold: 0.4019093726865995
2025-05-12 14:35:33,105 - INFO - util_fusion - fusion_dual_defense - client 4 selected fusion benigns: [1, 2, 3, 9]
2025-05-12 14:35:33,113 - DEBUG - util_fusion - fusion_dual_defense - client 5 scores: {0: array([456.10422828]), 1: array([456.10430189]), 2: array([456.1044594]), 3: array([456.10443652]), 4: array([456.10416604]), 5: array([456.10422832]), 6: array([456.10423189]), 7: array([456.10423112]), 8: array([456.10424092]), 9: array([456.10431508])}
2025-05-12 14:35:33,114 - DEBUG - util_fusion - fusion_dual_defense - client 5 norm scores: {0: array([0.21215585]), 1: array([0.46306304]), 2: array([1.]), 3: array([0.92200773]), 4: array([0.]), 5: array([0.21229974]), 6: array([0.22445952]), 7: array([0.22184813]), 8: array([0.2552325]), 9: array([0.50802722])}
2025-05-12 14:35:33,114 - DEBUG - util_fusion - fusion_dual_defense - client 5 similarity threshold: 0.4019093726865995
2025-05-12 14:35:33,114 - INFO - util_fusion - fusion_dual_defense - client 5 selected fusion benigns: [1, 2, 3, 9]
2025-05-12 14:35:33,123 - DEBUG - util_fusion - fusion_dual_defense - client 6 scores: {0: array([456.10422828]), 1: array([456.10430189]), 2: array([456.1044594]), 3: array([456.10443652]), 4: array([456.10416604]), 5: array([456.10422832]), 6: array([456.10423189]), 7: array([456.10423112]), 8: array([456.10424092]), 9: array([456.10431508])}
2025-05-12 14:35:33,123 - DEBUG - util_fusion - fusion_dual_defense - client 6 norm scores: {0: array([0.21215585]), 1: array([0.46306304]), 2: array([1.]), 3: array([0.92200773]), 4: array([0.]), 5: array([0.21229974]), 6: array([0.22445952]), 7: array([0.22184813]), 8: array([0.2552325]), 9: array([0.50802722])}
2025-05-12 14:35:33,123 - DEBUG - util_fusion - fusion_dual_defense - client 6 similarity threshold: 0.4019093726865995
2025-05-12 14:35:33,123 - INFO - util_fusion - fusion_dual_defense - client 6 selected fusion benigns: [1, 2, 3, 9]
2025-05-12 14:35:33,132 - DEBUG - util_fusion - fusion_dual_defense - client 7 scores: {0: array([456.10422828]), 1: array([456.10430189]), 2: array([456.1044594]), 3: array([456.10443652]), 4: array([456.10416604]), 5: array([456.10422832]), 6: array([456.10423189]), 7: array([456.10423112]), 8: array([456.10424092]), 9: array([456.10431508])}
2025-05-12 14:35:33,132 - DEBUG - util_fusion - fusion_dual_defense - client 7 norm scores: {0: array([0.21215585]), 1: array([0.46306304]), 2: array([1.]), 3: array([0.92200773]), 4: array([0.]), 5: array([0.21229974]), 6: array([0.22445952]), 7: array([0.22184813]), 8: array([0.2552325]), 9: array([0.50802722])}
2025-05-12 14:35:33,132 - DEBUG - util_fusion - fusion_dual_defense - client 7 similarity threshold: 0.4019093726865995
2025-05-12 14:35:33,132 - INFO - util_fusion - fusion_dual_defense - client 7 selected fusion benigns: [1, 2, 3, 9]
2025-05-12 14:35:33,141 - DEBUG - util_fusion - fusion_dual_defense - client 8 scores: {0: array([456.10422828]), 1: array([456.10430189]), 2: array([456.1044594]), 3: array([456.10443652]), 4: array([456.10416604]), 5: array([456.10422832]), 6: array([456.10423189]), 7: array([456.10423112]), 8: array([456.10424092]), 9: array([456.10431508])}
2025-05-12 14:35:33,141 - DEBUG - util_fusion - fusion_dual_defense - client 8 norm scores: {0: array([0.21215585]), 1: array([0.46306304]), 2: array([1.]), 3: array([0.92200773]), 4: array([0.]), 5: array([0.21229974]), 6: array([0.22445952]), 7: array([0.22184813]), 8: array([0.2552325]), 9: array([0.50802722])}
2025-05-12 14:35:33,141 - DEBUG - util_fusion - fusion_dual_defense - client 8 similarity threshold: 0.4019093726865995
2025-05-12 14:35:33,141 - INFO - util_fusion - fusion_dual_defense - client 8 selected fusion benigns: [1, 2, 3, 9]
2025-05-12 14:35:33,150 - DEBUG - util_fusion - fusion_dual_defense - client 9 scores: {0: array([456.10422828]), 1: array([456.10430189]), 2: array([456.1044594]), 3: array([456.10443652]), 4: array([456.10416604]), 5: array([456.10422832]), 6: array([456.10423189]), 7: array([456.10423112]), 8: array([456.10424092]), 9: array([456.10431508])}
2025-05-12 14:35:33,150 - DEBUG - util_fusion - fusion_dual_defense - client 9 norm scores: {0: array([0.21215585]), 1: array([0.46306304]), 2: array([1.]), 3: array([0.92200773]), 4: array([0.]), 5: array([0.21229974]), 6: array([0.22445952]), 7: array([0.22184813]), 8: array([0.2552325]), 9: array([0.50802722])}
2025-05-12 14:35:33,150 - DEBUG - util_fusion - fusion_dual_defense - client 9 similarity threshold: 0.4019093726865995
2025-05-12 14:35:33,150 - INFO - util_fusion - fusion_dual_defense - client 9 selected fusion benigns: [1, 2, 3, 9]
2025-05-12 14:35:33,150 - DEBUG - util_fusion - fusion_dual_defense - final fusion benigns: (1, 2, 3, 9)
2025-05-12 14:35:34,775 - INFO - fl - start - global side -  test accuracy: 9.82
2025-05-12 14:35:34,775 - INFO - fl - start - global side iteration 15 -  test accuracy: 9.82
2025-05-12 14:35:34,776 - INFO - fl - start - start training round 16
2025-05-12 14:35:34,777 - INFO - fl - start - round 16 attackers: [0, 2]
2025-05-12 14:35:34,777 - INFO - fl - start - start client 0 training
2025-05-12 14:35:34,777 - INFO - fl - client_local_train - client 0 start local training ...
2025-05-12 14:35:35,190 - INFO - fl - client_local_train - client 0 is attacker, start poisoning model
2025-05-12 14:35:38,044 - INFO - fl - start - end client 0 training
2025-05-12 14:35:38,044 - INFO - fl - start - client 0 evaluation metrics: {'train_loss': 250.56038724459134, 'test_acc': 9.82}
2025-05-12 14:35:38,045 - INFO - fl - start - start client 1 training
2025-05-12 14:35:38,045 - INFO - fl - client_local_train - client 1 start local training ...
2025-05-12 14:35:44,764 - INFO - fl - start - end client 1 training
2025-05-12 14:35:44,764 - INFO - fl - start - client 1 evaluation metrics: {'train_loss': 1.657223076962713, 'test_acc': 10.1}
2025-05-12 14:35:44,764 - INFO - fl - start - start client 2 training
2025-05-12 14:35:44,764 - INFO - fl - client_local_train - client 2 start local training ...
2025-05-12 14:35:50,422 - INFO - fl - client_local_train - client 2 is attacker, start poisoning model
2025-05-12 14:35:56,084 - INFO - fl - start - end client 2 training
2025-05-12 14:35:56,084 - INFO - fl - start - client 2 evaluation metrics: {'train_loss': 8.371703532304657, 'test_acc': 11.35}
2025-05-12 14:35:56,084 - INFO - fl - start - start client 3 training
2025-05-12 14:35:56,084 - INFO - fl - client_local_train - client 3 start local training ...
2025-05-12 14:36:05,032 - INFO - fl - start - end client 3 training
2025-05-12 14:36:05,032 - INFO - fl - start - client 3 evaluation metrics: {'train_loss': 4.380869510926698, 'test_acc': 9.58}
2025-05-12 14:36:05,032 - INFO - fl - start - start client 4 training
2025-05-12 14:36:05,032 - INFO - fl - client_local_train - client 4 start local training ...
2025-05-12 14:36:07,059 - INFO - fl - start - end client 4 training
2025-05-12 14:36:07,059 - INFO - fl - start - client 4 evaluation metrics: {'train_loss': 2.554740216996935, 'test_acc': 10.28}
2025-05-12 14:36:07,059 - INFO - fl - start - start client 5 training
2025-05-12 14:36:07,059 - INFO - fl - client_local_train - client 5 start local training ...
2025-05-12 14:36:10,977 - INFO - fl - start - end client 5 training
2025-05-12 14:36:10,978 - INFO - fl - start - client 5 evaluation metrics: {'train_loss': 1.802026895376352, 'test_acc': 9.8}
2025-05-12 14:36:10,978 - INFO - fl - start - start client 6 training
2025-05-12 14:36:10,978 - INFO - fl - client_local_train - client 6 start local training ...
2025-05-12 14:36:14,912 - INFO - fl - start - end client 6 training
2025-05-12 14:36:14,912 - INFO - fl - start - client 6 evaluation metrics: {'train_loss': 26.457085712139424, 'test_acc': 10.28}
2025-05-12 14:36:14,912 - INFO - fl - start - start client 7 training
2025-05-12 14:36:14,912 - INFO - fl - client_local_train - client 7 start local training ...
2025-05-12 14:36:19,761 - INFO - fl - start - end client 7 training
2025-05-12 14:36:19,761 - INFO - fl - start - client 7 evaluation metrics: {'train_loss': 36.01580765030601, 'test_acc': 10.1}
2025-05-12 14:36:19,761 - INFO - fl - start - start client 8 training
2025-05-12 14:36:19,761 - INFO - fl - client_local_train - client 8 start local training ...
2025-05-12 14:36:24,818 - INFO - fl - start - end client 8 training
2025-05-12 14:36:24,818 - INFO - fl - start - client 8 evaluation metrics: {'train_loss': 2.7734898110871673, 'test_acc': 9.74}
2025-05-12 14:36:24,827 - INFO - fl - start - start client 9 training
2025-05-12 14:36:24,827 - INFO - fl - client_local_train - client 9 start local training ...
2025-05-12 14:36:30,128 - INFO - fl - start - end client 9 training
2025-05-12 14:36:30,128 - INFO - fl - start - client 9 evaluation metrics: {'train_loss': 0.746660428215759, 'test_acc': 9.82}
2025-05-12 14:36:30,128 - INFO - fl - aggregate_model - start model aggregation...fusion method: dual_defense
2025-05-12 14:36:30,128 - INFO - fl - aggregate_model - start hyper-guard fusion with epsilon 0.01
2025-05-12 14:36:30,129 - INFO - fl - aggregate_model - round 16 attackers: [0, 2]
2025-05-12 14:36:40,792 - DEBUG - util_fusion - fusion_dual_defense - client 0 scores: {0: array([219.30601421]), 1: array([219.30666777]), 2: array([219.30697548]), 3: array([219.30708516]), 4: array([219.30604402]), 5: array([219.30626143]), 6: array([219.30626074]), 7: array([219.30638022]), 8: array([219.30638677]), 9: array([219.30642192])}
2025-05-12 14:36:40,792 - DEBUG - util_fusion - fusion_dual_defense - client 0 norm scores: {0: array([0.]), 1: array([0.61026071]), 2: array([0.89758471]), 3: array([1.]), 4: array([0.02783865]), 5: array([0.23083989]), 6: array([0.23019992]), 7: array([0.34176048]), 8: array([0.34787554]), 9: array([0.38070432])}
2025-05-12 14:36:40,792 - DEBUG - util_fusion - fusion_dual_defense - client 0 similarity threshold: 0.4067064213581498
2025-05-12 14:36:40,792 - INFO - util_fusion - fusion_dual_defense - client 0 selected fusion benigns: [1, 2, 3]
2025-05-12 14:36:40,801 - DEBUG - util_fusion - fusion_dual_defense - client 1 scores: {0: array([219.30601421]), 1: array([219.30666777]), 2: array([219.30697548]), 3: array([219.30708516]), 4: array([219.30604402]), 5: array([219.30626143]), 6: array([219.30626074]), 7: array([219.30638022]), 8: array([219.30638677]), 9: array([219.30642192])}
2025-05-12 14:36:40,801 - DEBUG - util_fusion - fusion_dual_defense - client 1 norm scores: {0: array([0.]), 1: array([0.61026071]), 2: array([0.89758471]), 3: array([1.]), 4: array([0.02783865]), 5: array([0.23083989]), 6: array([0.23019992]), 7: array([0.34176048]), 8: array([0.34787554]), 9: array([0.38070432])}
2025-05-12 14:36:40,801 - DEBUG - util_fusion - fusion_dual_defense - client 1 similarity threshold: 0.4067064213581498
2025-05-12 14:36:40,802 - INFO - util_fusion - fusion_dual_defense - client 1 selected fusion benigns: [1, 2, 3]
2025-05-12 14:36:40,810 - DEBUG - util_fusion - fusion_dual_defense - client 2 scores: {0: array([219.30601421]), 1: array([219.30666777]), 2: array([219.30697548]), 3: array([219.30708516]), 4: array([219.30604402]), 5: array([219.30626143]), 6: array([219.30626074]), 7: array([219.30638022]), 8: array([219.30638677]), 9: array([219.30642192])}
2025-05-12 14:36:40,810 - DEBUG - util_fusion - fusion_dual_defense - client 2 norm scores: {0: array([0.]), 1: array([0.61026071]), 2: array([0.89758471]), 3: array([1.]), 4: array([0.02783865]), 5: array([0.23083989]), 6: array([0.23019992]), 7: array([0.34176048]), 8: array([0.34787554]), 9: array([0.38070432])}
2025-05-12 14:36:40,810 - DEBUG - util_fusion - fusion_dual_defense - client 2 similarity threshold: 0.4067064213581498
2025-05-12 14:36:40,811 - INFO - util_fusion - fusion_dual_defense - client 2 selected fusion benigns: [1, 2, 3]
2025-05-12 14:36:40,819 - DEBUG - util_fusion - fusion_dual_defense - client 3 scores: {0: array([219.30601421]), 1: array([219.30666777]), 2: array([219.30697548]), 3: array([219.30708516]), 4: array([219.30604402]), 5: array([219.30626143]), 6: array([219.30626074]), 7: array([219.30638022]), 8: array([219.30638677]), 9: array([219.30642192])}
2025-05-12 14:36:40,819 - DEBUG - util_fusion - fusion_dual_defense - client 3 norm scores: {0: array([0.]), 1: array([0.61026071]), 2: array([0.89758471]), 3: array([1.]), 4: array([0.02783865]), 5: array([0.23083989]), 6: array([0.23019992]), 7: array([0.34176048]), 8: array([0.34787554]), 9: array([0.38070432])}
2025-05-12 14:36:40,819 - DEBUG - util_fusion - fusion_dual_defense - client 3 similarity threshold: 0.4067064213581498
2025-05-12 14:36:40,820 - INFO - util_fusion - fusion_dual_defense - client 3 selected fusion benigns: [1, 2, 3]
2025-05-12 14:36:40,828 - DEBUG - util_fusion - fusion_dual_defense - client 4 scores: {0: array([219.30601421]), 1: array([219.30666777]), 2: array([219.30697548]), 3: array([219.30708516]), 4: array([219.30604402]), 5: array([219.30626143]), 6: array([219.30626074]), 7: array([219.30638022]), 8: array([219.30638677]), 9: array([219.30642192])}
2025-05-12 14:36:40,828 - DEBUG - util_fusion - fusion_dual_defense - client 4 norm scores: {0: array([0.]), 1: array([0.61026071]), 2: array([0.89758471]), 3: array([1.]), 4: array([0.02783865]), 5: array([0.23083989]), 6: array([0.23019992]), 7: array([0.34176048]), 8: array([0.34787554]), 9: array([0.38070432])}
2025-05-12 14:36:40,828 - DEBUG - util_fusion - fusion_dual_defense - client 4 similarity threshold: 0.4067064213581498
2025-05-12 14:36:40,829 - INFO - util_fusion - fusion_dual_defense - client 4 selected fusion benigns: [1, 2, 3]
2025-05-12 14:36:40,837 - DEBUG - util_fusion - fusion_dual_defense - client 5 scores: {0: array([219.30601421]), 1: array([219.30666777]), 2: array([219.30697548]), 3: array([219.30708516]), 4: array([219.30604402]), 5: array([219.30626143]), 6: array([219.30626074]), 7: array([219.30638022]), 8: array([219.30638677]), 9: array([219.30642192])}
2025-05-12 14:36:40,837 - DEBUG - util_fusion - fusion_dual_defense - client 5 norm scores: {0: array([0.]), 1: array([0.61026071]), 2: array([0.89758471]), 3: array([1.]), 4: array([0.02783865]), 5: array([0.23083989]), 6: array([0.23019992]), 7: array([0.34176048]), 8: array([0.34787554]), 9: array([0.38070432])}
2025-05-12 14:36:40,837 - DEBUG - util_fusion - fusion_dual_defense - client 5 similarity threshold: 0.4067064213581498
2025-05-12 14:36:40,838 - INFO - util_fusion - fusion_dual_defense - client 5 selected fusion benigns: [1, 2, 3]
2025-05-12 14:36:40,846 - DEBUG - util_fusion - fusion_dual_defense - client 6 scores: {0: array([219.30601421]), 1: array([219.30666777]), 2: array([219.30697548]), 3: array([219.30708516]), 4: array([219.30604402]), 5: array([219.30626143]), 6: array([219.30626074]), 7: array([219.30638022]), 8: array([219.30638677]), 9: array([219.30642192])}
2025-05-12 14:36:40,846 - DEBUG - util_fusion - fusion_dual_defense - client 6 norm scores: {0: array([0.]), 1: array([0.61026071]), 2: array([0.89758471]), 3: array([1.]), 4: array([0.02783865]), 5: array([0.23083989]), 6: array([0.23019992]), 7: array([0.34176048]), 8: array([0.34787554]), 9: array([0.38070432])}
2025-05-12 14:36:40,846 - DEBUG - util_fusion - fusion_dual_defense - client 6 similarity threshold: 0.4067064213581498
2025-05-12 14:36:40,847 - INFO - util_fusion - fusion_dual_defense - client 6 selected fusion benigns: [1, 2, 3]
2025-05-12 14:36:40,855 - DEBUG - util_fusion - fusion_dual_defense - client 7 scores: {0: array([219.30601421]), 1: array([219.30666777]), 2: array([219.30697548]), 3: array([219.30708516]), 4: array([219.30604402]), 5: array([219.30626143]), 6: array([219.30626074]), 7: array([219.30638022]), 8: array([219.30638677]), 9: array([219.30642192])}
2025-05-12 14:36:40,856 - DEBUG - util_fusion - fusion_dual_defense - client 7 norm scores: {0: array([0.]), 1: array([0.61026071]), 2: array([0.89758471]), 3: array([1.]), 4: array([0.02783865]), 5: array([0.23083989]), 6: array([0.23019992]), 7: array([0.34176048]), 8: array([0.34787554]), 9: array([0.38070432])}
2025-05-12 14:36:40,856 - DEBUG - util_fusion - fusion_dual_defense - client 7 similarity threshold: 0.4067064213581498
2025-05-12 14:36:40,856 - INFO - util_fusion - fusion_dual_defense - client 7 selected fusion benigns: [1, 2, 3]
2025-05-12 14:36:40,864 - DEBUG - util_fusion - fusion_dual_defense - client 8 scores: {0: array([219.30601421]), 1: array([219.30666777]), 2: array([219.30697548]), 3: array([219.30708516]), 4: array([219.30604402]), 5: array([219.30626143]), 6: array([219.30626074]), 7: array([219.30638022]), 8: array([219.30638677]), 9: array([219.30642192])}
2025-05-12 14:36:40,865 - DEBUG - util_fusion - fusion_dual_defense - client 8 norm scores: {0: array([0.]), 1: array([0.61026071]), 2: array([0.89758471]), 3: array([1.]), 4: array([0.02783865]), 5: array([0.23083989]), 6: array([0.23019992]), 7: array([0.34176048]), 8: array([0.34787554]), 9: array([0.38070432])}
2025-05-12 14:36:40,865 - DEBUG - util_fusion - fusion_dual_defense - client 8 similarity threshold: 0.4067064213581498
2025-05-12 14:36:40,865 - INFO - util_fusion - fusion_dual_defense - client 8 selected fusion benigns: [1, 2, 3]
2025-05-12 14:36:40,873 - DEBUG - util_fusion - fusion_dual_defense - client 9 scores: {0: array([219.30601421]), 1: array([219.30666777]), 2: array([219.30697548]), 3: array([219.30708516]), 4: array([219.30604402]), 5: array([219.30626143]), 6: array([219.30626074]), 7: array([219.30638022]), 8: array([219.30638677]), 9: array([219.30642192])}
2025-05-12 14:36:40,874 - DEBUG - util_fusion - fusion_dual_defense - client 9 norm scores: {0: array([0.]), 1: array([0.61026071]), 2: array([0.89758471]), 3: array([1.]), 4: array([0.02783865]), 5: array([0.23083989]), 6: array([0.23019992]), 7: array([0.34176048]), 8: array([0.34787554]), 9: array([0.38070432])}
2025-05-12 14:36:40,874 - DEBUG - util_fusion - fusion_dual_defense - client 9 similarity threshold: 0.4067064213581498
2025-05-12 14:36:40,874 - INFO - util_fusion - fusion_dual_defense - client 9 selected fusion benigns: [1, 2, 3]
2025-05-12 14:36:40,874 - DEBUG - util_fusion - fusion_dual_defense - final fusion benigns: (1, 2, 3)
2025-05-12 14:36:42,441 - INFO - fl - start - global side -  test accuracy: 10.32
2025-05-12 14:36:42,441 - INFO - fl - start - global side iteration 16 -  test accuracy: 10.32
2025-05-12 14:36:42,441 - INFO - fl - start - start training round 17
2025-05-12 14:36:42,443 - INFO - fl - start - round 17 attackers: [0, 8]
2025-05-12 14:36:42,443 - INFO - fl - start - start client 0 training
2025-05-12 14:36:42,443 - INFO - fl - client_local_train - client 0 start local training ...
2025-05-12 14:36:42,846 - INFO - fl - client_local_train - client 0 is attacker, start poisoning model
2025-05-12 14:36:45,704 - INFO - fl - start - end client 0 training
2025-05-12 14:36:45,704 - INFO - fl - start - client 0 evaluation metrics: {'train_loss': 829.4625056340144, 'test_acc': 11.35}
2025-05-12 14:36:45,704 - INFO - fl - start - start client 1 training
2025-05-12 14:36:45,704 - INFO - fl - client_local_train - client 1 start local training ...
2025-05-12 14:36:52,398 - INFO - fl - start - end client 1 training
2025-05-12 14:36:52,398 - INFO - fl - start - client 1 evaluation metrics: {'train_loss': 1.90785637542383, 'test_acc': 10.1}
2025-05-12 14:36:52,398 - INFO - fl - start - start client 2 training
2025-05-12 14:36:52,398 - INFO - fl - client_local_train - client 2 start local training ...
2025-05-12 14:37:00,859 - INFO - fl - start - end client 2 training
2025-05-12 14:37:00,859 - INFO - fl - start - client 2 evaluation metrics: {'train_loss': 2.969441044196654, 'test_acc': 11.35}
2025-05-12 14:37:00,859 - INFO - fl - start - start client 3 training
2025-05-12 14:37:00,859 - INFO - fl - client_local_train - client 3 start local training ...
2025-05-12 14:37:09,801 - INFO - fl - start - end client 3 training
2025-05-12 14:37:09,801 - INFO - fl - start - client 3 evaluation metrics: {'train_loss': 11.546094507292697, 'test_acc': 9.58}
2025-05-12 14:37:09,801 - INFO - fl - start - start client 4 training
2025-05-12 14:37:09,801 - INFO - fl - client_local_train - client 4 start local training ...
2025-05-12 14:37:11,827 - INFO - fl - start - end client 4 training
2025-05-12 14:37:11,827 - INFO - fl - start - client 4 evaluation metrics: {'train_loss': 3.181449294090271, 'test_acc': 11.35}
2025-05-12 14:37:11,827 - INFO - fl - start - start client 5 training
2025-05-12 14:37:11,827 - INFO - fl - client_local_train - client 5 start local training ...
2025-05-12 14:37:15,760 - INFO - fl - start - end client 5 training
2025-05-12 14:37:15,760 - INFO - fl - start - client 5 evaluation metrics: {'train_loss': 3.4283818951019875, 'test_acc': 9.8}
2025-05-12 14:37:15,761 - INFO - fl - start - start client 6 training
2025-05-12 14:37:15,761 - INFO - fl - client_local_train - client 6 start local training ...
2025-05-12 14:37:19,687 - INFO - fl - start - end client 6 training
2025-05-12 14:37:19,687 - INFO - fl - start - client 6 evaluation metrics: {'train_loss': 93.25453086266151, 'test_acc': 10.32}
2025-05-12 14:37:19,687 - INFO - fl - start - start client 7 training
2025-05-12 14:37:19,687 - INFO - fl - client_local_train - client 7 start local training ...
2025-05-12 14:37:24,531 - INFO - fl - start - end client 7 training
2025-05-12 14:37:24,532 - INFO - fl - start - client 7 evaluation metrics: {'train_loss': 145.37722604924983, 'test_acc': 10.1}
2025-05-12 14:37:24,532 - INFO - fl - start - start client 8 training
2025-05-12 14:37:24,532 - INFO - fl - client_local_train - client 8 start local training ...
2025-05-12 14:37:27,481 - INFO - fl - client_local_train - client 8 is attacker, start poisoning model
2025-05-12 14:37:31,686 - INFO - fl - start - end client 8 training
2025-05-12 14:37:31,687 - INFO - fl - start - client 8 evaluation metrics: {'train_loss': 37.56423835344212, 'test_acc': 9.74}
2025-05-12 14:37:31,687 - INFO - fl - start - start client 9 training
2025-05-12 14:37:31,687 - INFO - fl - client_local_train - client 9 start local training ...
2025-05-12 14:37:36,968 - INFO - fl - start - end client 9 training
2025-05-12 14:37:36,968 - INFO - fl - start - client 9 evaluation metrics: {'train_loss': 0.7812873829494823, 'test_acc': 9.82}
2025-05-12 14:37:36,968 - INFO - fl - aggregate_model - start model aggregation...fusion method: dual_defense
2025-05-12 14:37:36,968 - INFO - fl - aggregate_model - start hyper-guard fusion with epsilon 0.01
2025-05-12 14:37:36,968 - INFO - fl - aggregate_model - round 17 attackers: [0, 8]
2025-05-12 14:37:47,610 - DEBUG - util_fusion - fusion_dual_defense - client 0 scores: {0: array([913.81381653]), 1: array([913.81866148]), 2: array([913.82063728]), 3: array([913.82115334]), 4: array([913.81385999]), 5: array([913.81589366]), 6: array([913.81585639]), 7: array([913.81700111]), 8: array([913.81711973]), 9: array([913.8173485])}
2025-05-12 14:37:47,611 - DEBUG - util_fusion - fusion_dual_defense - client 0 norm scores: {0: array([0.]), 1: array([0.66036263]), 2: array([0.92966227]), 3: array([1.]), 4: array([0.00592343]), 5: array([0.28311185]), 6: array([0.27803125]), 7: array([0.434055]), 8: array([0.45022363]), 9: array([0.48140473])}
2025-05-12 14:37:47,611 - DEBUG - util_fusion - fusion_dual_defense - client 0 similarity threshold: 0.45227747987004097
2025-05-12 14:37:47,611 - INFO - util_fusion - fusion_dual_defense - client 0 selected fusion benigns: [1, 2, 3, 9]
2025-05-12 14:37:47,619 - DEBUG - util_fusion - fusion_dual_defense - client 1 scores: {0: array([913.81381653]), 1: array([913.81866148]), 2: array([913.82063728]), 3: array([913.82115334]), 4: array([913.81385999]), 5: array([913.81589366]), 6: array([913.81585639]), 7: array([913.81700111]), 8: array([913.81711973]), 9: array([913.8173485])}
2025-05-12 14:37:47,620 - DEBUG - util_fusion - fusion_dual_defense - client 1 norm scores: {0: array([0.]), 1: array([0.66036263]), 2: array([0.92966227]), 3: array([1.]), 4: array([0.00592343]), 5: array([0.28311185]), 6: array([0.27803125]), 7: array([0.434055]), 8: array([0.45022363]), 9: array([0.48140473])}
2025-05-12 14:37:47,620 - DEBUG - util_fusion - fusion_dual_defense - client 1 similarity threshold: 0.45227747987004097
2025-05-12 14:37:47,620 - INFO - util_fusion - fusion_dual_defense - client 1 selected fusion benigns: [1, 2, 3, 9]
2025-05-12 14:37:47,628 - DEBUG - util_fusion - fusion_dual_defense - client 2 scores: {0: array([913.81381653]), 1: array([913.81866148]), 2: array([913.82063728]), 3: array([913.82115334]), 4: array([913.81385999]), 5: array([913.81589366]), 6: array([913.81585639]), 7: array([913.81700111]), 8: array([913.81711973]), 9: array([913.8173485])}
2025-05-12 14:37:47,629 - DEBUG - util_fusion - fusion_dual_defense - client 2 norm scores: {0: array([0.]), 1: array([0.66036263]), 2: array([0.92966227]), 3: array([1.]), 4: array([0.00592343]), 5: array([0.28311185]), 6: array([0.27803125]), 7: array([0.434055]), 8: array([0.45022363]), 9: array([0.48140473])}
2025-05-12 14:37:47,629 - DEBUG - util_fusion - fusion_dual_defense - client 2 similarity threshold: 0.45227747987004097
2025-05-12 14:37:47,629 - INFO - util_fusion - fusion_dual_defense - client 2 selected fusion benigns: [1, 2, 3, 9]
2025-05-12 14:37:47,637 - DEBUG - util_fusion - fusion_dual_defense - client 3 scores: {0: array([913.81381653]), 1: array([913.81866148]), 2: array([913.82063728]), 3: array([913.82115334]), 4: array([913.81385999]), 5: array([913.81589366]), 6: array([913.81585639]), 7: array([913.81700111]), 8: array([913.81711973]), 9: array([913.8173485])}
2025-05-12 14:37:47,638 - DEBUG - util_fusion - fusion_dual_defense - client 3 norm scores: {0: array([0.]), 1: array([0.66036263]), 2: array([0.92966227]), 3: array([1.]), 4: array([0.00592343]), 5: array([0.28311185]), 6: array([0.27803125]), 7: array([0.434055]), 8: array([0.45022363]), 9: array([0.48140473])}
2025-05-12 14:37:47,638 - DEBUG - util_fusion - fusion_dual_defense - client 3 similarity threshold: 0.45227747987004097
2025-05-12 14:37:47,638 - INFO - util_fusion - fusion_dual_defense - client 3 selected fusion benigns: [1, 2, 3, 9]
2025-05-12 14:37:47,646 - DEBUG - util_fusion - fusion_dual_defense - client 4 scores: {0: array([913.81381653]), 1: array([913.81866148]), 2: array([913.82063728]), 3: array([913.82115334]), 4: array([913.81385999]), 5: array([913.81589366]), 6: array([913.81585639]), 7: array([913.81700111]), 8: array([913.81711973]), 9: array([913.8173485])}
2025-05-12 14:37:47,647 - DEBUG - util_fusion - fusion_dual_defense - client 4 norm scores: {0: array([0.]), 1: array([0.66036263]), 2: array([0.92966227]), 3: array([1.]), 4: array([0.00592343]), 5: array([0.28311185]), 6: array([0.27803125]), 7: array([0.434055]), 8: array([0.45022363]), 9: array([0.48140473])}
2025-05-12 14:37:47,647 - DEBUG - util_fusion - fusion_dual_defense - client 4 similarity threshold: 0.45227747987004097
2025-05-12 14:37:47,647 - INFO - util_fusion - fusion_dual_defense - client 4 selected fusion benigns: [1, 2, 3, 9]
2025-05-12 14:37:47,655 - DEBUG - util_fusion - fusion_dual_defense - client 5 scores: {0: array([913.81381653]), 1: array([913.81866148]), 2: array([913.82063728]), 3: array([913.82115334]), 4: array([913.81385999]), 5: array([913.81589366]), 6: array([913.81585639]), 7: array([913.81700111]), 8: array([913.81711973]), 9: array([913.8173485])}
2025-05-12 14:37:47,656 - DEBUG - util_fusion - fusion_dual_defense - client 5 norm scores: {0: array([0.]), 1: array([0.66036263]), 2: array([0.92966227]), 3: array([1.]), 4: array([0.00592343]), 5: array([0.28311185]), 6: array([0.27803125]), 7: array([0.434055]), 8: array([0.45022363]), 9: array([0.48140473])}
2025-05-12 14:37:47,656 - DEBUG - util_fusion - fusion_dual_defense - client 5 similarity threshold: 0.45227747987004097
2025-05-12 14:37:47,656 - INFO - util_fusion - fusion_dual_defense - client 5 selected fusion benigns: [1, 2, 3, 9]
2025-05-12 14:37:47,664 - DEBUG - util_fusion - fusion_dual_defense - client 6 scores: {0: array([913.81381653]), 1: array([913.81866148]), 2: array([913.82063728]), 3: array([913.82115334]), 4: array([913.81385999]), 5: array([913.81589366]), 6: array([913.81585639]), 7: array([913.81700111]), 8: array([913.81711973]), 9: array([913.8173485])}
2025-05-12 14:37:47,665 - DEBUG - util_fusion - fusion_dual_defense - client 6 norm scores: {0: array([0.]), 1: array([0.66036263]), 2: array([0.92966227]), 3: array([1.]), 4: array([0.00592343]), 5: array([0.28311185]), 6: array([0.27803125]), 7: array([0.434055]), 8: array([0.45022363]), 9: array([0.48140473])}
2025-05-12 14:37:47,665 - DEBUG - util_fusion - fusion_dual_defense - client 6 similarity threshold: 0.45227747987004097
2025-05-12 14:37:47,665 - INFO - util_fusion - fusion_dual_defense - client 6 selected fusion benigns: [1, 2, 3, 9]
2025-05-12 14:37:47,673 - DEBUG - util_fusion - fusion_dual_defense - client 7 scores: {0: array([913.81381653]), 1: array([913.81866148]), 2: array([913.82063728]), 3: array([913.82115334]), 4: array([913.81385999]), 5: array([913.81589366]), 6: array([913.81585639]), 7: array([913.81700111]), 8: array([913.81711973]), 9: array([913.8173485])}
2025-05-12 14:37:47,674 - DEBUG - util_fusion - fusion_dual_defense - client 7 norm scores: {0: array([0.]), 1: array([0.66036263]), 2: array([0.92966227]), 3: array([1.]), 4: array([0.00592343]), 5: array([0.28311185]), 6: array([0.27803125]), 7: array([0.434055]), 8: array([0.45022363]), 9: array([0.48140473])}
2025-05-12 14:37:47,674 - DEBUG - util_fusion - fusion_dual_defense - client 7 similarity threshold: 0.45227747987004097
2025-05-12 14:37:47,674 - INFO - util_fusion - fusion_dual_defense - client 7 selected fusion benigns: [1, 2, 3, 9]
2025-05-12 14:37:47,682 - DEBUG - util_fusion - fusion_dual_defense - client 8 scores: {0: array([913.81381653]), 1: array([913.81866148]), 2: array([913.82063728]), 3: array([913.82115334]), 4: array([913.81385999]), 5: array([913.81589366]), 6: array([913.81585639]), 7: array([913.81700111]), 8: array([913.81711973]), 9: array([913.8173485])}
2025-05-12 14:37:47,683 - DEBUG - util_fusion - fusion_dual_defense - client 8 norm scores: {0: array([0.]), 1: array([0.66036263]), 2: array([0.92966227]), 3: array([1.]), 4: array([0.00592343]), 5: array([0.28311185]), 6: array([0.27803125]), 7: array([0.434055]), 8: array([0.45022363]), 9: array([0.48140473])}
2025-05-12 14:37:47,683 - DEBUG - util_fusion - fusion_dual_defense - client 8 similarity threshold: 0.45227747987004097
2025-05-12 14:37:47,683 - INFO - util_fusion - fusion_dual_defense - client 8 selected fusion benigns: [1, 2, 3, 9]
2025-05-12 14:37:47,692 - DEBUG - util_fusion - fusion_dual_defense - client 9 scores: {0: array([913.81381653]), 1: array([913.81866148]), 2: array([913.82063728]), 3: array([913.82115334]), 4: array([913.81385999]), 5: array([913.81589366]), 6: array([913.81585639]), 7: array([913.81700111]), 8: array([913.81711973]), 9: array([913.8173485])}
2025-05-12 14:37:47,692 - DEBUG - util_fusion - fusion_dual_defense - client 9 norm scores: {0: array([0.]), 1: array([0.66036263]), 2: array([0.92966227]), 3: array([1.]), 4: array([0.00592343]), 5: array([0.28311185]), 6: array([0.27803125]), 7: array([0.434055]), 8: array([0.45022363]), 9: array([0.48140473])}
2025-05-12 14:37:47,692 - DEBUG - util_fusion - fusion_dual_defense - client 9 similarity threshold: 0.45227747987004097
2025-05-12 14:37:47,692 - INFO - util_fusion - fusion_dual_defense - client 9 selected fusion benigns: [1, 2, 3, 9]
2025-05-12 14:37:47,692 - DEBUG - util_fusion - fusion_dual_defense - final fusion benigns: (1, 2, 3, 9)
2025-05-12 14:37:49,313 - INFO - fl - start - global side -  test accuracy: 10.32
2025-05-12 14:37:49,314 - INFO - fl - start - global side iteration 17 -  test accuracy: 10.32
2025-05-12 14:37:49,314 - INFO - fl - start - start training round 18
2025-05-12 14:37:49,316 - INFO - fl - start - round 18 attackers: [2, 3]
2025-05-12 14:37:49,316 - INFO - fl - start - start client 0 training
2025-05-12 14:37:49,316 - INFO - fl - client_local_train - client 0 start local training ...
2025-05-12 14:37:51,147 - INFO - fl - start - end client 0 training
2025-05-12 14:37:51,147 - INFO - fl - start - client 0 evaluation metrics: {'train_loss': 103.02919358473558, 'test_acc': 11.35}
2025-05-12 14:37:51,147 - INFO - fl - start - start client 1 training
2025-05-12 14:37:51,147 - INFO - fl - client_local_train - client 1 start local training ...
2025-05-12 14:37:57,860 - INFO - fl - start - end client 1 training
2025-05-12 14:37:57,860 - INFO - fl - start - client 1 evaluation metrics: {'train_loss': 1.8811103038823427, 'test_acc': 10.1}
2025-05-12 14:37:57,861 - INFO - fl - start - start client 2 training
2025-05-12 14:37:57,861 - INFO - fl - client_local_train - client 2 start local training ...
2025-05-12 14:38:03,522 - INFO - fl - client_local_train - client 2 is attacker, start poisoning model
2025-05-12 14:38:09,193 - INFO - fl - start - end client 2 training
2025-05-12 14:38:09,193 - INFO - fl - start - client 2 evaluation metrics: {'train_loss': 16.12059083815371, 'test_acc': 11.35}
2025-05-12 14:38:09,193 - INFO - fl - start - start client 3 training
2025-05-12 14:38:09,193 - INFO - fl - client_local_train - client 3 start local training ...
2025-05-12 14:38:15,216 - INFO - fl - client_local_train - client 3 is attacker, start poisoning model
2025-05-12 14:38:21,082 - INFO - fl - start - end client 3 training
2025-05-12 14:38:21,082 - INFO - fl - start - client 3 evaluation metrics: {'train_loss': 84.91278452622264, 'test_acc': 9.58}
2025-05-12 14:38:21,082 - INFO - fl - start - start client 4 training
2025-05-12 14:38:21,082 - INFO - fl - client_local_train - client 4 start local training ...
2025-05-12 14:38:23,109 - INFO - fl - start - end client 4 training
2025-05-12 14:38:23,109 - INFO - fl - start - client 4 evaluation metrics: {'train_loss': 2.14294605784946, 'test_acc': 8.92}
2025-05-12 14:38:23,109 - INFO - fl - start - start client 5 training
2025-05-12 14:38:23,110 - INFO - fl - client_local_train - client 5 start local training ...
2025-05-12 14:38:27,036 - INFO - fl - start - end client 5 training
2025-05-12 14:38:27,036 - INFO - fl - start - client 5 evaluation metrics: {'train_loss': 3.388244646329146, 'test_acc': 9.8}
2025-05-12 14:38:27,036 - INFO - fl - start - start client 6 training
2025-05-12 14:38:27,037 - INFO - fl - client_local_train - client 6 start local training ...
2025-05-12 14:38:30,948 - INFO - fl - start - end client 6 training
2025-05-12 14:38:30,948 - INFO - fl - start - client 6 evaluation metrics: {'train_loss': 92.36487943209134, 'test_acc': 10.32}
2025-05-12 14:38:30,948 - INFO - fl - start - start client 7 training
2025-05-12 14:38:30,948 - INFO - fl - client_local_train - client 7 start local training ...
2025-05-12 14:38:35,824 - INFO - fl - start - end client 7 training
2025-05-12 14:38:35,824 - INFO - fl - start - client 7 evaluation metrics: {'train_loss': 144.53435507687655, 'test_acc': 10.1}
2025-05-12 14:38:35,824 - INFO - fl - start - start client 8 training
2025-05-12 14:38:35,824 - INFO - fl - client_local_train - client 8 start local training ...
2025-05-12 14:38:40,862 - INFO - fl - start - end client 8 training
2025-05-12 14:38:40,862 - INFO - fl - start - client 8 evaluation metrics: {'train_loss': 5.6876567127884075, 'test_acc': 9.74}
2025-05-12 14:38:40,862 - INFO - fl - start - start client 9 training
2025-05-12 14:38:40,862 - INFO - fl - client_local_train - client 9 start local training ...
2025-05-12 14:38:46,199 - INFO - fl - start - end client 9 training
2025-05-12 14:38:46,199 - INFO - fl - start - client 9 evaluation metrics: {'train_loss': 0.7694056395328406, 'test_acc': 9.82}
2025-05-12 14:38:46,199 - INFO - fl - aggregate_model - start model aggregation...fusion method: dual_defense
2025-05-12 14:38:46,199 - INFO - fl - aggregate_model - start hyper-guard fusion with epsilon 0.01
2025-05-12 14:38:46,199 - INFO - fl - aggregate_model - round 18 attackers: [2, 3]
2025-05-12 14:38:56,870 - DEBUG - util_fusion - fusion_dual_defense - client 0 scores: {0: array([875.46089818]), 1: array([875.46569526]), 2: array([875.46747515]), 3: array([875.46786603]), 4: array([875.46087389]), 5: array([875.46288945]), 6: array([875.4628965]), 7: array([875.4638956]), 8: array([875.46404642]), 9: array([875.46430298])}
2025-05-12 14:38:56,870 - DEBUG - util_fusion - fusion_dual_defense - client 0 norm scores: {0: array([0.00347389]), 1: array([0.68954076]), 2: array([0.94409654]), 3: array([1.]), 4: array([0.]), 5: array([0.28826086]), 6: array([0.28926889]), 7: array([0.43215706]), 8: array([0.45372758]), 9: array([0.49042006])}
2025-05-12 14:38:56,871 - DEBUG - util_fusion - fusion_dual_defense - client 0 similarity threshold: 0.45909456490307143
2025-05-12 14:38:56,871 - INFO - util_fusion - fusion_dual_defense - client 0 selected fusion benigns: [1, 2, 3, 9]
2025-05-12 14:38:56,879 - DEBUG - util_fusion - fusion_dual_defense - client 1 scores: {0: array([875.46089818]), 1: array([875.46569526]), 2: array([875.46747515]), 3: array([875.46786603]), 4: array([875.46087389]), 5: array([875.46288945]), 6: array([875.4628965]), 7: array([875.4638956]), 8: array([875.46404642]), 9: array([875.46430298])}
2025-05-12 14:38:56,880 - DEBUG - util_fusion - fusion_dual_defense - client 1 norm scores: {0: array([0.00347389]), 1: array([0.68954076]), 2: array([0.94409654]), 3: array([1.]), 4: array([0.]), 5: array([0.28826086]), 6: array([0.28926889]), 7: array([0.43215706]), 8: array([0.45372758]), 9: array([0.49042006])}
2025-05-12 14:38:56,880 - DEBUG - util_fusion - fusion_dual_defense - client 1 similarity threshold: 0.45909456490307143
2025-05-12 14:38:56,880 - INFO - util_fusion - fusion_dual_defense - client 1 selected fusion benigns: [1, 2, 3, 9]
2025-05-12 14:38:56,888 - DEBUG - util_fusion - fusion_dual_defense - client 2 scores: {0: array([875.46089818]), 1: array([875.46569526]), 2: array([875.46747515]), 3: array([875.46786603]), 4: array([875.46087389]), 5: array([875.46288945]), 6: array([875.4628965]), 7: array([875.4638956]), 8: array([875.46404642]), 9: array([875.46430298])}
2025-05-12 14:38:56,889 - DEBUG - util_fusion - fusion_dual_defense - client 2 norm scores: {0: array([0.00347389]), 1: array([0.68954076]), 2: array([0.94409654]), 3: array([1.]), 4: array([0.]), 5: array([0.28826086]), 6: array([0.28926889]), 7: array([0.43215706]), 8: array([0.45372758]), 9: array([0.49042006])}
2025-05-12 14:38:56,889 - DEBUG - util_fusion - fusion_dual_defense - client 2 similarity threshold: 0.45909456490307143
2025-05-12 14:38:56,889 - INFO - util_fusion - fusion_dual_defense - client 2 selected fusion benigns: [1, 2, 3, 9]
2025-05-12 14:38:56,897 - DEBUG - util_fusion - fusion_dual_defense - client 3 scores: {0: array([875.46089818]), 1: array([875.46569526]), 2: array([875.46747515]), 3: array([875.46786603]), 4: array([875.46087389]), 5: array([875.46288945]), 6: array([875.4628965]), 7: array([875.4638956]), 8: array([875.46404642]), 9: array([875.46430298])}
2025-05-12 14:38:56,897 - DEBUG - util_fusion - fusion_dual_defense - client 3 norm scores: {0: array([0.00347389]), 1: array([0.68954076]), 2: array([0.94409654]), 3: array([1.]), 4: array([0.]), 5: array([0.28826086]), 6: array([0.28926889]), 7: array([0.43215706]), 8: array([0.45372758]), 9: array([0.49042006])}
2025-05-12 14:38:56,898 - DEBUG - util_fusion - fusion_dual_defense - client 3 similarity threshold: 0.45909456490307143
2025-05-12 14:38:56,898 - INFO - util_fusion - fusion_dual_defense - client 3 selected fusion benigns: [1, 2, 3, 9]
2025-05-12 14:38:56,906 - DEBUG - util_fusion - fusion_dual_defense - client 4 scores: {0: array([875.46089818]), 1: array([875.46569526]), 2: array([875.46747515]), 3: array([875.46786603]), 4: array([875.46087389]), 5: array([875.46288945]), 6: array([875.4628965]), 7: array([875.4638956]), 8: array([875.46404642]), 9: array([875.46430298])}
2025-05-12 14:38:56,906 - DEBUG - util_fusion - fusion_dual_defense - client 4 norm scores: {0: array([0.00347389]), 1: array([0.68954076]), 2: array([0.94409654]), 3: array([1.]), 4: array([0.]), 5: array([0.28826086]), 6: array([0.28926889]), 7: array([0.43215706]), 8: array([0.45372758]), 9: array([0.49042006])}
2025-05-12 14:38:56,906 - DEBUG - util_fusion - fusion_dual_defense - client 4 similarity threshold: 0.45909456490307143
2025-05-12 14:38:56,907 - INFO - util_fusion - fusion_dual_defense - client 4 selected fusion benigns: [1, 2, 3, 9]
2025-05-12 14:38:56,915 - DEBUG - util_fusion - fusion_dual_defense - client 5 scores: {0: array([875.46089818]), 1: array([875.46569526]), 2: array([875.46747515]), 3: array([875.46786603]), 4: array([875.46087389]), 5: array([875.46288945]), 6: array([875.4628965]), 7: array([875.4638956]), 8: array([875.46404642]), 9: array([875.46430298])}
2025-05-12 14:38:56,915 - DEBUG - util_fusion - fusion_dual_defense - client 5 norm scores: {0: array([0.00347389]), 1: array([0.68954076]), 2: array([0.94409654]), 3: array([1.]), 4: array([0.]), 5: array([0.28826086]), 6: array([0.28926889]), 7: array([0.43215706]), 8: array([0.45372758]), 9: array([0.49042006])}
2025-05-12 14:38:56,915 - DEBUG - util_fusion - fusion_dual_defense - client 5 similarity threshold: 0.45909456490307143
2025-05-12 14:38:56,916 - INFO - util_fusion - fusion_dual_defense - client 5 selected fusion benigns: [1, 2, 3, 9]
2025-05-12 14:38:56,924 - DEBUG - util_fusion - fusion_dual_defense - client 6 scores: {0: array([875.46089818]), 1: array([875.46569526]), 2: array([875.46747515]), 3: array([875.46786603]), 4: array([875.46087389]), 5: array([875.46288945]), 6: array([875.4628965]), 7: array([875.4638956]), 8: array([875.46404642]), 9: array([875.46430298])}
2025-05-12 14:38:56,924 - DEBUG - util_fusion - fusion_dual_defense - client 6 norm scores: {0: array([0.00347389]), 1: array([0.68954076]), 2: array([0.94409654]), 3: array([1.]), 4: array([0.]), 5: array([0.28826086]), 6: array([0.28926889]), 7: array([0.43215706]), 8: array([0.45372758]), 9: array([0.49042006])}
2025-05-12 14:38:56,925 - DEBUG - util_fusion - fusion_dual_defense - client 6 similarity threshold: 0.45909456490307143
2025-05-12 14:38:56,925 - INFO - util_fusion - fusion_dual_defense - client 6 selected fusion benigns: [1, 2, 3, 9]
2025-05-12 14:38:56,933 - DEBUG - util_fusion - fusion_dual_defense - client 7 scores: {0: array([875.46089818]), 1: array([875.46569526]), 2: array([875.46747515]), 3: array([875.46786603]), 4: array([875.46087389]), 5: array([875.46288945]), 6: array([875.4628965]), 7: array([875.4638956]), 8: array([875.46404642]), 9: array([875.46430298])}
2025-05-12 14:38:56,933 - DEBUG - util_fusion - fusion_dual_defense - client 7 norm scores: {0: array([0.00347389]), 1: array([0.68954076]), 2: array([0.94409654]), 3: array([1.]), 4: array([0.]), 5: array([0.28826086]), 6: array([0.28926889]), 7: array([0.43215706]), 8: array([0.45372758]), 9: array([0.49042006])}
2025-05-12 14:38:56,933 - DEBUG - util_fusion - fusion_dual_defense - client 7 similarity threshold: 0.45909456490307143
2025-05-12 14:38:56,933 - INFO - util_fusion - fusion_dual_defense - client 7 selected fusion benigns: [1, 2, 3, 9]
2025-05-12 14:38:56,942 - DEBUG - util_fusion - fusion_dual_defense - client 8 scores: {0: array([875.46089818]), 1: array([875.46569526]), 2: array([875.46747515]), 3: array([875.46786603]), 4: array([875.46087389]), 5: array([875.46288945]), 6: array([875.4628965]), 7: array([875.4638956]), 8: array([875.46404642]), 9: array([875.46430298])}
2025-05-12 14:38:56,942 - DEBUG - util_fusion - fusion_dual_defense - client 8 norm scores: {0: array([0.00347389]), 1: array([0.68954076]), 2: array([0.94409654]), 3: array([1.]), 4: array([0.]), 5: array([0.28826086]), 6: array([0.28926889]), 7: array([0.43215706]), 8: array([0.45372758]), 9: array([0.49042006])}
2025-05-12 14:38:56,942 - DEBUG - util_fusion - fusion_dual_defense - client 8 similarity threshold: 0.45909456490307143
2025-05-12 14:38:56,942 - INFO - util_fusion - fusion_dual_defense - client 8 selected fusion benigns: [1, 2, 3, 9]
2025-05-12 14:38:56,951 - DEBUG - util_fusion - fusion_dual_defense - client 9 scores: {0: array([875.46089818]), 1: array([875.46569526]), 2: array([875.46747515]), 3: array([875.46786603]), 4: array([875.46087389]), 5: array([875.46288945]), 6: array([875.4628965]), 7: array([875.4638956]), 8: array([875.46404642]), 9: array([875.46430298])}
2025-05-12 14:38:56,951 - DEBUG - util_fusion - fusion_dual_defense - client 9 norm scores: {0: array([0.00347389]), 1: array([0.68954076]), 2: array([0.94409654]), 3: array([1.]), 4: array([0.]), 5: array([0.28826086]), 6: array([0.28926889]), 7: array([0.43215706]), 8: array([0.45372758]), 9: array([0.49042006])}
2025-05-12 14:38:56,951 - DEBUG - util_fusion - fusion_dual_defense - client 9 similarity threshold: 0.45909456490307143
2025-05-12 14:38:56,951 - INFO - util_fusion - fusion_dual_defense - client 9 selected fusion benigns: [1, 2, 3, 9]
2025-05-12 14:38:56,951 - DEBUG - util_fusion - fusion_dual_defense - final fusion benigns: (1, 2, 3, 9)
2025-05-12 14:38:58,574 - INFO - fl - start - global side -  test accuracy: 10.32
2025-05-12 14:38:58,574 - INFO - fl - start - global side iteration 18 -  test accuracy: 10.32
2025-05-12 14:38:58,574 - INFO - fl - start - start training round 19
2025-05-12 14:38:58,576 - INFO - fl - start - round 19 attackers: [2, 4]
2025-05-12 14:38:58,576 - INFO - fl - start - start client 0 training
2025-05-12 14:38:58,576 - INFO - fl - client_local_train - client 0 start local training ...
2025-05-12 14:39:00,405 - INFO - fl - start - end client 0 training
2025-05-12 14:39:00,405 - INFO - fl - start - client 0 evaluation metrics: {'train_loss': 537.5780099722056, 'test_acc': 10.32}
2025-05-12 14:39:00,405 - INFO - fl - start - start client 1 training
2025-05-12 14:39:00,405 - INFO - fl - client_local_train - client 1 start local training ...
2025-05-12 14:39:07,100 - INFO - fl - start - end client 1 training
2025-05-12 14:39:07,100 - INFO - fl - start - client 1 evaluation metrics: {'train_loss': 5.448904126437743, 'test_acc': 10.1}
2025-05-12 14:39:07,100 - INFO - fl - start - start client 2 training
2025-05-12 14:39:07,100 - INFO - fl - client_local_train - client 2 start local training ...
2025-05-12 14:39:12,741 - INFO - fl - client_local_train - client 2 is attacker, start poisoning model
2025-05-12 14:39:18,401 - INFO - fl - start - end client 2 training
2025-05-12 14:39:18,402 - INFO - fl - start - client 2 evaluation metrics: {'train_loss': 61.88850586200029, 'test_acc': 11.35}
2025-05-12 14:39:18,402 - INFO - fl - start - start client 3 training
2025-05-12 14:39:18,402 - INFO - fl - client_local_train - client 3 start local training ...
2025-05-12 14:39:27,341 - INFO - fl - start - end client 3 training
2025-05-12 14:39:27,342 - INFO - fl - start - client 3 evaluation metrics: {'train_loss': 53.53787609087794, 'test_acc': 9.58}
2025-05-12 14:39:27,342 - INFO - fl - start - start client 4 training
2025-05-12 14:39:27,342 - INFO - fl - client_local_train - client 4 start local training ...
2025-05-12 14:39:27,911 - INFO - fl - client_local_train - client 4 is attacker, start poisoning model
2025-05-12 14:39:30,839 - INFO - fl - start - end client 4 training
2025-05-12 14:39:30,840 - INFO - fl - start - client 4 evaluation metrics: {'train_loss': 25.108774609035915, 'test_acc': 10.28}
2025-05-12 14:39:30,840 - INFO - fl - start - start client 5 training
2025-05-12 14:39:30,840 - INFO - fl - client_local_train - client 5 start local training ...
2025-05-12 14:39:34,757 - INFO - fl - start - end client 5 training
2025-05-12 14:39:34,757 - INFO - fl - start - client 5 evaluation metrics: {'train_loss': 17.594927325615515, 'test_acc': 9.58}
2025-05-12 14:39:34,757 - INFO - fl - start - start client 6 training
2025-05-12 14:39:34,757 - INFO - fl - client_local_train - client 6 start local training ...
2025-05-12 14:39:38,679 - INFO - fl - start - end client 6 training
2025-05-12 14:39:38,679 - INFO - fl - start - client 6 evaluation metrics: {'train_loss': 490.4509178748498, 'test_acc': 10.28}
2025-05-12 14:39:38,679 - INFO - fl - start - start client 7 training
2025-05-12 14:39:38,679 - INFO - fl - client_local_train - client 7 start local training ...
2025-05-12 14:39:43,539 - INFO - fl - start - end client 7 training
2025-05-12 14:39:43,539 - INFO - fl - start - client 7 evaluation metrics: {'train_loss': 796.3224563598633, 'test_acc': 10.1}
2025-05-12 14:39:43,539 - INFO - fl - start - start client 8 training
2025-05-12 14:39:43,539 - INFO - fl - client_local_train - client 8 start local training ...
2025-05-12 14:39:48,597 - INFO - fl - start - end client 8 training
2025-05-12 14:39:48,597 - INFO - fl - start - client 8 evaluation metrics: {'train_loss': 23.56589494084799, 'test_acc': 9.74}
2025-05-12 14:39:48,597 - INFO - fl - start - start client 9 training
2025-05-12 14:39:48,597 - INFO - fl - client_local_train - client 9 start local training ...
2025-05-12 14:39:53,911 - INFO - fl - start - end client 9 training
2025-05-12 14:39:53,911 - INFO - fl - start - client 9 evaluation metrics: {'train_loss': 0.9713404461590931, 'test_acc': 9.82}
2025-05-12 14:39:53,911 - INFO - fl - aggregate_model - start model aggregation...fusion method: dual_defense
2025-05-12 14:39:53,911 - INFO - fl - aggregate_model - start hyper-guard fusion with epsilon 0.01
2025-05-12 14:39:53,911 - INFO - fl - aggregate_model - round 19 attackers: [2, 4]
2025-05-12 14:40:04,584 - DEBUG - util_fusion - fusion_dual_defense - client 0 scores: {0: array([1224.96058934]), 1: array([1224.96690435]), 2: array([1224.96945925]), 3: array([1224.97023947]), 4: array([1224.96074601]), 5: array([1224.96320155]), 6: array([1224.96315871]), 7: array([1224.96424419]), 8: array([1224.96457644]), 9: array([1224.96478596])}
2025-05-12 14:40:04,585 - DEBUG - util_fusion - fusion_dual_defense - client 0 norm scores: {0: array([0.]), 1: array([0.65439662]), 2: array([0.91914983]), 3: array([1.]), 4: array([0.01623491]), 5: array([0.27069179]), 6: array([0.26625286]), 7: array([0.37873649]), 8: array([0.4131653]), 9: array([0.43487751])}
2025-05-12 14:40:04,585 - DEBUG - util_fusion - fusion_dual_defense - client 0 similarity threshold: 0.4353505299617132
2025-05-12 14:40:04,585 - INFO - util_fusion - fusion_dual_defense - client 0 selected fusion benigns: [1, 2, 3]
2025-05-12 14:40:04,594 - DEBUG - util_fusion - fusion_dual_defense - client 1 scores: {0: array([1224.96058934]), 1: array([1224.96690435]), 2: array([1224.96945925]), 3: array([1224.97023947]), 4: array([1224.96074601]), 5: array([1224.96320155]), 6: array([1224.96315871]), 7: array([1224.96424419]), 8: array([1224.96457644]), 9: array([1224.96478596])}
2025-05-12 14:40:04,594 - DEBUG - util_fusion - fusion_dual_defense - client 1 norm scores: {0: array([0.]), 1: array([0.65439662]), 2: array([0.91914983]), 3: array([1.]), 4: array([0.01623491]), 5: array([0.27069179]), 6: array([0.26625286]), 7: array([0.37873649]), 8: array([0.4131653]), 9: array([0.43487751])}
2025-05-12 14:40:04,594 - DEBUG - util_fusion - fusion_dual_defense - client 1 similarity threshold: 0.4353505299617132
2025-05-12 14:40:04,594 - INFO - util_fusion - fusion_dual_defense - client 1 selected fusion benigns: [1, 2, 3]
2025-05-12 14:40:04,603 - DEBUG - util_fusion - fusion_dual_defense - client 2 scores: {0: array([1224.96058934]), 1: array([1224.96690435]), 2: array([1224.96945925]), 3: array([1224.97023947]), 4: array([1224.96074601]), 5: array([1224.96320155]), 6: array([1224.96315871]), 7: array([1224.96424419]), 8: array([1224.96457644]), 9: array([1224.96478596])}
2025-05-12 14:40:04,603 - DEBUG - util_fusion - fusion_dual_defense - client 2 norm scores: {0: array([0.]), 1: array([0.65439662]), 2: array([0.91914983]), 3: array([1.]), 4: array([0.01623491]), 5: array([0.27069179]), 6: array([0.26625286]), 7: array([0.37873649]), 8: array([0.4131653]), 9: array([0.43487751])}
2025-05-12 14:40:04,603 - DEBUG - util_fusion - fusion_dual_defense - client 2 similarity threshold: 0.4353505299617132
2025-05-12 14:40:04,603 - INFO - util_fusion - fusion_dual_defense - client 2 selected fusion benigns: [1, 2, 3]
2025-05-12 14:40:04,612 - DEBUG - util_fusion - fusion_dual_defense - client 3 scores: {0: array([1224.96058934]), 1: array([1224.96690435]), 2: array([1224.96945925]), 3: array([1224.97023947]), 4: array([1224.96074601]), 5: array([1224.96320155]), 6: array([1224.96315871]), 7: array([1224.96424419]), 8: array([1224.96457644]), 9: array([1224.96478596])}
2025-05-12 14:40:04,612 - DEBUG - util_fusion - fusion_dual_defense - client 3 norm scores: {0: array([0.]), 1: array([0.65439662]), 2: array([0.91914983]), 3: array([1.]), 4: array([0.01623491]), 5: array([0.27069179]), 6: array([0.26625286]), 7: array([0.37873649]), 8: array([0.4131653]), 9: array([0.43487751])}
2025-05-12 14:40:04,612 - DEBUG - util_fusion - fusion_dual_defense - client 3 similarity threshold: 0.4353505299617132
2025-05-12 14:40:04,612 - INFO - util_fusion - fusion_dual_defense - client 3 selected fusion benigns: [1, 2, 3]
2025-05-12 14:40:04,621 - DEBUG - util_fusion - fusion_dual_defense - client 4 scores: {0: array([1224.96058934]), 1: array([1224.96690435]), 2: array([1224.96945925]), 3: array([1224.97023947]), 4: array([1224.96074601]), 5: array([1224.96320155]), 6: array([1224.96315871]), 7: array([1224.96424419]), 8: array([1224.96457644]), 9: array([1224.96478596])}
2025-05-12 14:40:04,621 - DEBUG - util_fusion - fusion_dual_defense - client 4 norm scores: {0: array([0.]), 1: array([0.65439662]), 2: array([0.91914983]), 3: array([1.]), 4: array([0.01623491]), 5: array([0.27069179]), 6: array([0.26625286]), 7: array([0.37873649]), 8: array([0.4131653]), 9: array([0.43487751])}
2025-05-12 14:40:04,621 - DEBUG - util_fusion - fusion_dual_defense - client 4 similarity threshold: 0.4353505299617132
2025-05-12 14:40:04,621 - INFO - util_fusion - fusion_dual_defense - client 4 selected fusion benigns: [1, 2, 3]
2025-05-12 14:40:04,630 - DEBUG - util_fusion - fusion_dual_defense - client 5 scores: {0: array([1224.96058934]), 1: array([1224.96690435]), 2: array([1224.96945925]), 3: array([1224.97023947]), 4: array([1224.96074601]), 5: array([1224.96320155]), 6: array([1224.96315871]), 7: array([1224.96424419]), 8: array([1224.96457644]), 9: array([1224.96478596])}
2025-05-12 14:40:04,630 - DEBUG - util_fusion - fusion_dual_defense - client 5 norm scores: {0: array([0.]), 1: array([0.65439662]), 2: array([0.91914983]), 3: array([1.]), 4: array([0.01623491]), 5: array([0.27069179]), 6: array([0.26625286]), 7: array([0.37873649]), 8: array([0.4131653]), 9: array([0.43487751])}
2025-05-12 14:40:04,630 - DEBUG - util_fusion - fusion_dual_defense - client 5 similarity threshold: 0.4353505299617132
2025-05-12 14:40:04,630 - INFO - util_fusion - fusion_dual_defense - client 5 selected fusion benigns: [1, 2, 3]
2025-05-12 14:40:04,639 - DEBUG - util_fusion - fusion_dual_defense - client 6 scores: {0: array([1224.96058934]), 1: array([1224.96690435]), 2: array([1224.96945925]), 3: array([1224.97023947]), 4: array([1224.96074601]), 5: array([1224.96320155]), 6: array([1224.96315871]), 7: array([1224.96424419]), 8: array([1224.96457644]), 9: array([1224.96478596])}
2025-05-12 14:40:04,639 - DEBUG - util_fusion - fusion_dual_defense - client 6 norm scores: {0: array([0.]), 1: array([0.65439662]), 2: array([0.91914983]), 3: array([1.]), 4: array([0.01623491]), 5: array([0.27069179]), 6: array([0.26625286]), 7: array([0.37873649]), 8: array([0.4131653]), 9: array([0.43487751])}
2025-05-12 14:40:04,639 - DEBUG - util_fusion - fusion_dual_defense - client 6 similarity threshold: 0.4353505299617132
2025-05-12 14:40:04,639 - INFO - util_fusion - fusion_dual_defense - client 6 selected fusion benigns: [1, 2, 3]
2025-05-12 14:40:04,648 - DEBUG - util_fusion - fusion_dual_defense - client 7 scores: {0: array([1224.96058934]), 1: array([1224.96690435]), 2: array([1224.96945925]), 3: array([1224.97023947]), 4: array([1224.96074601]), 5: array([1224.96320155]), 6: array([1224.96315871]), 7: array([1224.96424419]), 8: array([1224.96457644]), 9: array([1224.96478596])}
2025-05-12 14:40:04,648 - DEBUG - util_fusion - fusion_dual_defense - client 7 norm scores: {0: array([0.]), 1: array([0.65439662]), 2: array([0.91914983]), 3: array([1.]), 4: array([0.01623491]), 5: array([0.27069179]), 6: array([0.26625286]), 7: array([0.37873649]), 8: array([0.4131653]), 9: array([0.43487751])}
2025-05-12 14:40:04,648 - DEBUG - util_fusion - fusion_dual_defense - client 7 similarity threshold: 0.4353505299617132
2025-05-12 14:40:04,648 - INFO - util_fusion - fusion_dual_defense - client 7 selected fusion benigns: [1, 2, 3]
2025-05-12 14:40:04,657 - DEBUG - util_fusion - fusion_dual_defense - client 8 scores: {0: array([1224.96058934]), 1: array([1224.96690435]), 2: array([1224.96945925]), 3: array([1224.97023947]), 4: array([1224.96074601]), 5: array([1224.96320155]), 6: array([1224.96315871]), 7: array([1224.96424419]), 8: array([1224.96457644]), 9: array([1224.96478596])}
2025-05-12 14:40:04,657 - DEBUG - util_fusion - fusion_dual_defense - client 8 norm scores: {0: array([0.]), 1: array([0.65439662]), 2: array([0.91914983]), 3: array([1.]), 4: array([0.01623491]), 5: array([0.27069179]), 6: array([0.26625286]), 7: array([0.37873649]), 8: array([0.4131653]), 9: array([0.43487751])}
2025-05-12 14:40:04,657 - DEBUG - util_fusion - fusion_dual_defense - client 8 similarity threshold: 0.4353505299617132
2025-05-12 14:40:04,657 - INFO - util_fusion - fusion_dual_defense - client 8 selected fusion benigns: [1, 2, 3]
2025-05-12 14:40:04,666 - DEBUG - util_fusion - fusion_dual_defense - client 9 scores: {0: array([1224.96058934]), 1: array([1224.96690435]), 2: array([1224.96945925]), 3: array([1224.97023947]), 4: array([1224.96074601]), 5: array([1224.96320155]), 6: array([1224.96315871]), 7: array([1224.96424419]), 8: array([1224.96457644]), 9: array([1224.96478596])}
2025-05-12 14:40:04,666 - DEBUG - util_fusion - fusion_dual_defense - client 9 norm scores: {0: array([0.]), 1: array([0.65439662]), 2: array([0.91914983]), 3: array([1.]), 4: array([0.01623491]), 5: array([0.27069179]), 6: array([0.26625286]), 7: array([0.37873649]), 8: array([0.4131653]), 9: array([0.43487751])}
2025-05-12 14:40:04,666 - DEBUG - util_fusion - fusion_dual_defense - client 9 similarity threshold: 0.4353505299617132
2025-05-12 14:40:04,666 - INFO - util_fusion - fusion_dual_defense - client 9 selected fusion benigns: [1, 2, 3]
2025-05-12 14:40:04,666 - DEBUG - util_fusion - fusion_dual_defense - final fusion benigns: (1, 2, 3)
2025-05-12 14:40:06,231 - INFO - fl - start - global side -  test accuracy: 11.35
2025-05-12 14:40:06,231 - INFO - fl - start - global side iteration 19 -  test accuracy: 11.35
2025-05-12 14:40:06,232 - INFO - fl - start - start training round 20
2025-05-12 14:40:06,234 - INFO - fl - start - round 20 attackers: [0, 1]
2025-05-12 14:40:06,234 - INFO - fl - start - start client 0 training
2025-05-12 14:40:06,234 - INFO - fl - client_local_train - client 0 start local training ...
2025-05-12 14:40:06,646 - INFO - fl - client_local_train - client 0 is attacker, start poisoning model
2025-05-12 14:40:09,511 - INFO - fl - start - end client 0 training
2025-05-12 14:40:09,512 - INFO - fl - start - client 0 evaluation metrics: {'train_loss': 14917.591271033654, 'test_acc': 11.35}
2025-05-12 14:40:09,512 - INFO - fl - start - start client 1 training
2025-05-12 14:40:09,512 - INFO - fl - client_local_train - client 1 start local training ...
2025-05-12 14:40:13,788 - INFO - fl - client_local_train - client 1 is attacker, start poisoning model
2025-05-12 14:40:18,698 - INFO - fl - start - end client 1 training
2025-05-12 14:40:18,698 - INFO - fl - start - client 1 evaluation metrics: {'train_loss': 172.35636955053138, 'test_acc': 10.1}
2025-05-12 14:40:18,698 - INFO - fl - start - start client 2 training
2025-05-12 14:40:18,698 - INFO - fl - client_local_train - client 2 start local training ...
2025-05-12 14:40:27,177 - INFO - fl - start - end client 2 training
2025-05-12 14:40:27,177 - INFO - fl - start - client 2 evaluation metrics: {'train_loss': 26.38056971584813, 'test_acc': 11.35}
2025-05-12 14:40:27,177 - INFO - fl - start - start client 3 training
2025-05-12 14:40:27,177 - INFO - fl - client_local_train - client 3 start local training ...
2025-05-12 14:40:36,170 - INFO - fl - start - end client 3 training
2025-05-12 14:40:36,170 - INFO - fl - start - client 3 evaluation metrics: {'train_loss': 183.88574019294035, 'test_acc': 9.58}
2025-05-12 14:40:36,170 - INFO - fl - start - start client 4 training
2025-05-12 14:40:36,170 - INFO - fl - client_local_train - client 4 start local training ...
2025-05-12 14:40:38,201 - INFO - fl - start - end client 4 training
2025-05-12 14:40:38,201 - INFO - fl - start - client 4 evaluation metrics: {'train_loss': 7.666539549827576, 'test_acc': 11.35}
2025-05-12 14:40:38,202 - INFO - fl - start - start client 5 training
2025-05-12 14:40:38,202 - INFO - fl - client_local_train - client 5 start local training ...
2025-05-12 14:40:42,150 - INFO - fl - start - end client 5 training
2025-05-12 14:40:42,150 - INFO - fl - start - client 5 evaluation metrics: {'train_loss': 79.85284866919885, 'test_acc': 8.92}
2025-05-12 14:40:42,150 - INFO - fl - start - start client 6 training
2025-05-12 14:40:42,150 - INFO - fl - client_local_train - client 6 start local training ...
2025-05-12 14:40:46,117 - INFO - fl - start - end client 6 training
2025-05-12 14:40:46,117 - INFO - fl - start - client 6 evaluation metrics: {'train_loss': 1708.4668325570913, 'test_acc': 10.28}
2025-05-12 14:40:46,117 - INFO - fl - start - start client 7 training
2025-05-12 14:40:46,117 - INFO - fl - client_local_train - client 7 start local training ...
2025-05-12 14:40:50,977 - INFO - fl - start - end client 7 training
2025-05-12 14:40:50,977 - INFO - fl - start - client 7 evaluation metrics: {'train_loss': 2795.4498291015625, 'test_acc': 10.1}
2025-05-12 14:40:50,977 - INFO - fl - start - start client 8 training
2025-05-12 14:40:50,977 - INFO - fl - client_local_train - client 8 start local training ...
2025-05-12 14:40:56,051 - INFO - fl - start - end client 8 training
2025-05-12 14:40:56,051 - INFO - fl - start - client 8 evaluation metrics: {'train_loss': 78.69718381025459, 'test_acc': 9.74}
2025-05-12 14:40:56,051 - INFO - fl - start - start client 9 training
2025-05-12 14:40:56,052 - INFO - fl - client_local_train - client 9 start local training ...
2025-05-12 14:41:01,359 - INFO - fl - start - end client 9 training
2025-05-12 14:41:01,360 - INFO - fl - start - client 9 evaluation metrics: {'train_loss': 1.4997439823969445, 'test_acc': 9.82}
2025-05-12 14:41:01,360 - INFO - fl - aggregate_model - start model aggregation...fusion method: dual_defense
2025-05-12 14:41:01,360 - INFO - fl - aggregate_model - start hyper-guard fusion with epsilon 0.01
2025-05-12 14:41:01,360 - INFO - fl - aggregate_model - round 20 attackers: [0, 1]
2025-05-12 14:41:12,028 - DEBUG - util_fusion - fusion_dual_defense - client 0 scores: {0: array([9.88983278]), 1: array([9.88990274]), 2: array([9.88992992]), 3: array([9.88993708]), 4: array([9.88983339]), 5: array([9.88985978]), 6: array([9.88986]), 7: array([9.88987316]), 8: array([9.88987783]), 9: array([9.88988076])}
2025-05-12 14:41:12,029 - DEBUG - util_fusion - fusion_dual_defense - client 0 norm scores: {0: array([0.]), 1: array([0.67079554]), 2: array([0.93134512]), 3: array([1.]), 4: array([0.00581956]), 5: array([0.258905]), 6: array([0.26093264]), 7: array([0.38711619]), 8: array([0.43192356]), 9: array([0.46004384])}
2025-05-12 14:41:12,037 - DEBUG - util_fusion - fusion_dual_defense - client 0 similarity threshold: 0.4406881451862784
2025-05-12 14:41:12,038 - INFO - util_fusion - fusion_dual_defense - client 0 selected fusion benigns: [1, 2, 3, 9]
2025-05-12 14:41:12,060 - DEBUG - util_fusion - fusion_dual_defense - client 1 scores: {0: array([9.88983278]), 1: array([9.88990274]), 2: array([9.88992992]), 3: array([9.88993708]), 4: array([9.88983339]), 5: array([9.88985978]), 6: array([9.88986]), 7: array([9.88987316]), 8: array([9.88987783]), 9: array([9.88988076])}
2025-05-12 14:41:12,061 - DEBUG - util_fusion - fusion_dual_defense - client 1 norm scores: {0: array([0.]), 1: array([0.67079554]), 2: array([0.93134512]), 3: array([1.]), 4: array([0.00581956]), 5: array([0.258905]), 6: array([0.26093264]), 7: array([0.38711619]), 8: array([0.43192356]), 9: array([0.46004384])}
2025-05-12 14:41:12,061 - DEBUG - util_fusion - fusion_dual_defense - client 1 similarity threshold: 0.4406881451862784
2025-05-12 14:41:12,061 - INFO - util_fusion - fusion_dual_defense - client 1 selected fusion benigns: [1, 2, 3, 9]
2025-05-12 14:41:12,073 - DEBUG - util_fusion - fusion_dual_defense - client 2 scores: {0: array([9.88983278]), 1: array([9.88990274]), 2: array([9.88992992]), 3: array([9.88993708]), 4: array([9.88983339]), 5: array([9.88985978]), 6: array([9.88986]), 7: array([9.88987316]), 8: array([9.88987783]), 9: array([9.88988076])}
2025-05-12 14:41:12,074 - DEBUG - util_fusion - fusion_dual_defense - client 2 norm scores: {0: array([0.]), 1: array([0.67079554]), 2: array([0.93134512]), 3: array([1.]), 4: array([0.00581956]), 5: array([0.258905]), 6: array([0.26093264]), 7: array([0.38711619]), 8: array([0.43192356]), 9: array([0.46004384])}
2025-05-12 14:41:12,074 - DEBUG - util_fusion - fusion_dual_defense - client 2 similarity threshold: 0.4406881451862784
2025-05-12 14:41:12,074 - INFO - util_fusion - fusion_dual_defense - client 2 selected fusion benigns: [1, 2, 3, 9]
2025-05-12 14:41:12,082 - DEBUG - util_fusion - fusion_dual_defense - client 3 scores: {0: array([9.88983278]), 1: array([9.88990274]), 2: array([9.88992992]), 3: array([9.88993708]), 4: array([9.88983339]), 5: array([9.88985978]), 6: array([9.88986]), 7: array([9.88987316]), 8: array([9.88987783]), 9: array([9.88988076])}
2025-05-12 14:41:12,083 - DEBUG - util_fusion - fusion_dual_defense - client 3 norm scores: {0: array([0.]), 1: array([0.67079554]), 2: array([0.93134512]), 3: array([1.]), 4: array([0.00581956]), 5: array([0.258905]), 6: array([0.26093264]), 7: array([0.38711619]), 8: array([0.43192356]), 9: array([0.46004384])}
2025-05-12 14:41:12,083 - DEBUG - util_fusion - fusion_dual_defense - client 3 similarity threshold: 0.4406881451862784
2025-05-12 14:41:12,083 - INFO - util_fusion - fusion_dual_defense - client 3 selected fusion benigns: [1, 2, 3, 9]
2025-05-12 14:41:12,091 - DEBUG - util_fusion - fusion_dual_defense - client 4 scores: {0: array([9.88983278]), 1: array([9.88990274]), 2: array([9.88992992]), 3: array([9.88993708]), 4: array([9.88983339]), 5: array([9.88985978]), 6: array([9.88986]), 7: array([9.88987316]), 8: array([9.88987783]), 9: array([9.88988076])}
2025-05-12 14:41:12,092 - DEBUG - util_fusion - fusion_dual_defense - client 4 norm scores: {0: array([0.]), 1: array([0.67079554]), 2: array([0.93134512]), 3: array([1.]), 4: array([0.00581956]), 5: array([0.258905]), 6: array([0.26093264]), 7: array([0.38711619]), 8: array([0.43192356]), 9: array([0.46004384])}
2025-05-12 14:41:12,092 - DEBUG - util_fusion - fusion_dual_defense - client 4 similarity threshold: 0.4406881451862784
2025-05-12 14:41:12,092 - INFO - util_fusion - fusion_dual_defense - client 4 selected fusion benigns: [1, 2, 3, 9]
2025-05-12 14:41:12,100 - DEBUG - util_fusion - fusion_dual_defense - client 5 scores: {0: array([9.88983278]), 1: array([9.88990274]), 2: array([9.88992992]), 3: array([9.88993708]), 4: array([9.88983339]), 5: array([9.88985978]), 6: array([9.88986]), 7: array([9.88987316]), 8: array([9.88987783]), 9: array([9.88988076])}
2025-05-12 14:41:12,101 - DEBUG - util_fusion - fusion_dual_defense - client 5 norm scores: {0: array([0.]), 1: array([0.67079554]), 2: array([0.93134512]), 3: array([1.]), 4: array([0.00581956]), 5: array([0.258905]), 6: array([0.26093264]), 7: array([0.38711619]), 8: array([0.43192356]), 9: array([0.46004384])}
2025-05-12 14:41:12,101 - DEBUG - util_fusion - fusion_dual_defense - client 5 similarity threshold: 0.4406881451862784
2025-05-12 14:41:12,101 - INFO - util_fusion - fusion_dual_defense - client 5 selected fusion benigns: [1, 2, 3, 9]
2025-05-12 14:41:12,109 - DEBUG - util_fusion - fusion_dual_defense - client 6 scores: {0: array([9.88983278]), 1: array([9.88990274]), 2: array([9.88992992]), 3: array([9.88993708]), 4: array([9.88983339]), 5: array([9.88985978]), 6: array([9.88986]), 7: array([9.88987316]), 8: array([9.88987783]), 9: array([9.88988076])}
2025-05-12 14:41:12,110 - DEBUG - util_fusion - fusion_dual_defense - client 6 norm scores: {0: array([0.]), 1: array([0.67079554]), 2: array([0.93134512]), 3: array([1.]), 4: array([0.00581956]), 5: array([0.258905]), 6: array([0.26093264]), 7: array([0.38711619]), 8: array([0.43192356]), 9: array([0.46004384])}
2025-05-12 14:41:12,110 - DEBUG - util_fusion - fusion_dual_defense - client 6 similarity threshold: 0.4406881451862784
2025-05-12 14:41:12,110 - INFO - util_fusion - fusion_dual_defense - client 6 selected fusion benigns: [1, 2, 3, 9]
2025-05-12 14:41:12,118 - DEBUG - util_fusion - fusion_dual_defense - client 7 scores: {0: array([9.88983278]), 1: array([9.88990274]), 2: array([9.88992992]), 3: array([9.88993708]), 4: array([9.88983339]), 5: array([9.88985978]), 6: array([9.88986]), 7: array([9.88987316]), 8: array([9.88987783]), 9: array([9.88988076])}
2025-05-12 14:41:12,119 - DEBUG - util_fusion - fusion_dual_defense - client 7 norm scores: {0: array([0.]), 1: array([0.67079554]), 2: array([0.93134512]), 3: array([1.]), 4: array([0.00581956]), 5: array([0.258905]), 6: array([0.26093264]), 7: array([0.38711619]), 8: array([0.43192356]), 9: array([0.46004384])}
2025-05-12 14:41:12,119 - DEBUG - util_fusion - fusion_dual_defense - client 7 similarity threshold: 0.4406881451862784
2025-05-12 14:41:12,119 - INFO - util_fusion - fusion_dual_defense - client 7 selected fusion benigns: [1, 2, 3, 9]
2025-05-12 14:41:12,127 - DEBUG - util_fusion - fusion_dual_defense - client 8 scores: {0: array([9.88983278]), 1: array([9.88990274]), 2: array([9.88992992]), 3: array([9.88993708]), 4: array([9.88983339]), 5: array([9.88985978]), 6: array([9.88986]), 7: array([9.88987316]), 8: array([9.88987783]), 9: array([9.88988076])}
2025-05-12 14:41:12,128 - DEBUG - util_fusion - fusion_dual_defense - client 8 norm scores: {0: array([0.]), 1: array([0.67079554]), 2: array([0.93134512]), 3: array([1.]), 4: array([0.00581956]), 5: array([0.258905]), 6: array([0.26093264]), 7: array([0.38711619]), 8: array([0.43192356]), 9: array([0.46004384])}
2025-05-12 14:41:12,128 - DEBUG - util_fusion - fusion_dual_defense - client 8 similarity threshold: 0.4406881451862784
2025-05-12 14:41:12,128 - INFO - util_fusion - fusion_dual_defense - client 8 selected fusion benigns: [1, 2, 3, 9]
2025-05-12 14:41:12,136 - DEBUG - util_fusion - fusion_dual_defense - client 9 scores: {0: array([9.88983278]), 1: array([9.88990274]), 2: array([9.88992992]), 3: array([9.88993708]), 4: array([9.88983339]), 5: array([9.88985978]), 6: array([9.88986]), 7: array([9.88987316]), 8: array([9.88987783]), 9: array([9.88988076])}
2025-05-12 14:41:12,137 - DEBUG - util_fusion - fusion_dual_defense - client 9 norm scores: {0: array([0.]), 1: array([0.67079554]), 2: array([0.93134512]), 3: array([1.]), 4: array([0.00581956]), 5: array([0.258905]), 6: array([0.26093264]), 7: array([0.38711619]), 8: array([0.43192356]), 9: array([0.46004384])}
2025-05-12 14:41:12,137 - DEBUG - util_fusion - fusion_dual_defense - client 9 similarity threshold: 0.4406881451862784
2025-05-12 14:41:12,137 - INFO - util_fusion - fusion_dual_defense - client 9 selected fusion benigns: [1, 2, 3, 9]
2025-05-12 14:41:12,137 - DEBUG - util_fusion - fusion_dual_defense - final fusion benigns: (1, 2, 3, 9)
2025-05-12 14:41:13,756 - INFO - fl - start - global side -  test accuracy: 10.1
2025-05-12 14:41:13,756 - INFO - fl - start - global side iteration 20 -  test accuracy: 10.1
2025-05-12 14:41:13,756 - INFO - fl - start - start training round 21
2025-05-12 14:41:13,758 - INFO - fl - start - round 21 attackers: [2, 8]
2025-05-12 14:41:13,758 - INFO - fl - start - start client 0 training
2025-05-12 14:41:13,758 - INFO - fl - client_local_train - client 0 start local training ...
2025-05-12 14:41:15,587 - INFO - fl - start - end client 0 training
2025-05-12 14:41:15,587 - INFO - fl - start - client 0 evaluation metrics: {'train_loss': 4787.951810396635, 'test_acc': 11.35}
2025-05-12 14:41:15,587 - INFO - fl - start - start client 1 training
2025-05-12 14:41:15,587 - INFO - fl - client_local_train - client 1 start local training ...
2025-05-12 14:41:22,268 - INFO - fl - start - end client 1 training
2025-05-12 14:41:22,268 - INFO - fl - start - client 1 evaluation metrics: {'train_loss': 54.34821225636041, 'test_acc': 10.1}
2025-05-12 14:41:22,268 - INFO - fl - start - start client 2 training
2025-05-12 14:41:22,268 - INFO - fl - client_local_train - client 2 start local training ...
2025-05-12 14:41:27,953 - INFO - fl - client_local_train - client 2 is attacker, start poisoning model
2025-05-12 14:41:33,614 - INFO - fl - start - end client 2 training
2025-05-12 14:41:33,614 - INFO - fl - start - client 2 evaluation metrics: {'train_loss': 511.0923772956548, 'test_acc': 11.35}
2025-05-12 14:41:33,614 - INFO - fl - start - start client 3 training
2025-05-12 14:41:33,614 - INFO - fl - client_local_train - client 3 start local training ...
2025-05-12 14:41:42,594 - INFO - fl - start - end client 3 training
2025-05-12 14:41:42,594 - INFO - fl - start - client 3 evaluation metrics: {'train_loss': 469.3285778578959, 'test_acc': 9.58}
2025-05-12 14:41:42,594 - INFO - fl - start - start client 4 training
2025-05-12 14:41:42,594 - INFO - fl - client_local_train - client 4 start local training ...
2025-05-12 14:41:44,615 - INFO - fl - start - end client 4 training
2025-05-12 14:41:44,615 - INFO - fl - start - client 4 evaluation metrics: {'train_loss': 12.571522527270847, 'test_acc': 11.35}
2025-05-12 14:41:44,615 - INFO - fl - start - start client 5 training
2025-05-12 14:41:44,615 - INFO - fl - client_local_train - client 5 start local training ...
2025-05-12 14:41:48,534 - INFO - fl - start - end client 5 training
2025-05-12 14:41:48,535 - INFO - fl - start - client 5 evaluation metrics: {'train_loss': 200.68656404935396, 'test_acc': 8.92}
2025-05-12 14:41:48,535 - INFO - fl - start - start client 6 training
2025-05-12 14:41:48,535 - INFO - fl - client_local_train - client 6 start local training ...
2025-05-12 14:41:52,457 - INFO - fl - start - end client 6 training
2025-05-12 14:41:52,457 - INFO - fl - start - client 6 evaluation metrics: {'train_loss': 4374.953297776442, 'test_acc': 10.28}
2025-05-12 14:41:52,457 - INFO - fl - start - start client 7 training
2025-05-12 14:41:52,457 - INFO - fl - client_local_train - client 7 start local training ...
2025-05-12 14:41:57,332 - INFO - fl - start - end client 7 training
2025-05-12 14:41:57,332 - INFO - fl - start - client 7 evaluation metrics: {'train_loss': 7153.546847256747, 'test_acc': 10.1}
2025-05-12 14:41:57,332 - INFO - fl - start - start client 8 training
2025-05-12 14:41:57,332 - INFO - fl - client_local_train - client 8 start local training ...
2025-05-12 14:42:00,294 - INFO - fl - client_local_train - client 8 is attacker, start poisoning model
2025-05-12 14:42:04,488 - INFO - fl - start - end client 8 training
2025-05-12 14:42:04,488 - INFO - fl - start - client 8 evaluation metrics: {'train_loss': 1582.5934929591353, 'test_acc': 9.74}
2025-05-12 14:42:04,488 - INFO - fl - start - start client 9 training
2025-05-12 14:42:04,488 - INFO - fl - client_local_train - client 9 start local training ...
2025-05-12 14:42:09,754 - INFO - fl - start - end client 9 training
2025-05-12 14:42:09,754 - INFO - fl - start - client 9 evaluation metrics: {'train_loss': 2.614797010566249, 'test_acc': 9.82}
2025-05-12 14:42:09,754 - INFO - fl - aggregate_model - start model aggregation...fusion method: dual_defense
2025-05-12 14:42:09,754 - INFO - fl - aggregate_model - start hyper-guard fusion with epsilon 0.01
2025-05-12 14:42:09,754 - INFO - fl - aggregate_model - round 21 attackers: [8, 2]
2025-05-12 14:42:20,406 - DEBUG - util_fusion - fusion_dual_defense - client 0 scores: {0: array([785.2360671]), 1: array([785.22995412]), 2: array([785.2276385]), 3: array([785.22690488]), 4: array([785.23597802]), 5: array([785.2335952]), 6: array([785.23360364]), 7: array([785.23234196]), 8: array([785.23214651]), 9: array([785.23183038])}
2025-05-12 14:42:20,406 - DEBUG - util_fusion - fusion_dual_defense - client 0 norm scores: {0: array([1.]), 1: array([0.33280595]), 2: array([0.08006996]), 3: array([0.]), 4: array([0.99027771]), 5: array([0.73020663]), 6: array([0.7311286]), 7: array([0.59342372]), 8: array([0.57209165]), 9: array([0.537588])}
2025-05-12 14:42:20,406 - DEBUG - util_fusion - fusion_dual_defense - client 0 similarity threshold: 0.5567592238602452
2025-05-12 14:42:20,407 - INFO - util_fusion - fusion_dual_defense - client 0 selected fusion benigns: [0, 4, 5, 6, 7, 8]
2025-05-12 14:42:20,415 - DEBUG - util_fusion - fusion_dual_defense - client 1 scores: {0: array([785.2360671]), 1: array([785.22995412]), 2: array([785.2276385]), 3: array([785.22690488]), 4: array([785.23597802]), 5: array([785.2335952]), 6: array([785.23360364]), 7: array([785.23234196]), 8: array([785.23214651]), 9: array([785.23183038])}
2025-05-12 14:42:20,416 - DEBUG - util_fusion - fusion_dual_defense - client 1 norm scores: {0: array([1.]), 1: array([0.33280595]), 2: array([0.08006996]), 3: array([0.]), 4: array([0.99027771]), 5: array([0.73020663]), 6: array([0.7311286]), 7: array([0.59342372]), 8: array([0.57209165]), 9: array([0.537588])}
2025-05-12 14:42:20,416 - DEBUG - util_fusion - fusion_dual_defense - client 1 similarity threshold: 0.5567592238602452
2025-05-12 14:42:20,416 - INFO - util_fusion - fusion_dual_defense - client 1 selected fusion benigns: [0, 4, 5, 6, 7, 8]
2025-05-12 14:42:20,424 - DEBUG - util_fusion - fusion_dual_defense - client 2 scores: {0: array([785.2360671]), 1: array([785.22995412]), 2: array([785.2276385]), 3: array([785.22690488]), 4: array([785.23597802]), 5: array([785.2335952]), 6: array([785.23360364]), 7: array([785.23234196]), 8: array([785.23214651]), 9: array([785.23183038])}
2025-05-12 14:42:20,425 - DEBUG - util_fusion - fusion_dual_defense - client 2 norm scores: {0: array([1.]), 1: array([0.33280595]), 2: array([0.08006996]), 3: array([0.]), 4: array([0.99027771]), 5: array([0.73020663]), 6: array([0.7311286]), 7: array([0.59342372]), 8: array([0.57209165]), 9: array([0.537588])}
2025-05-12 14:42:20,425 - DEBUG - util_fusion - fusion_dual_defense - client 2 similarity threshold: 0.5567592238602452
2025-05-12 14:42:20,425 - INFO - util_fusion - fusion_dual_defense - client 2 selected fusion benigns: [0, 4, 5, 6, 7, 8]
2025-05-12 14:42:20,433 - DEBUG - util_fusion - fusion_dual_defense - client 3 scores: {0: array([785.2360671]), 1: array([785.22995412]), 2: array([785.2276385]), 3: array([785.22690488]), 4: array([785.23597802]), 5: array([785.2335952]), 6: array([785.23360364]), 7: array([785.23234196]), 8: array([785.23214651]), 9: array([785.23183038])}
2025-05-12 14:42:20,434 - DEBUG - util_fusion - fusion_dual_defense - client 3 norm scores: {0: array([1.]), 1: array([0.33280595]), 2: array([0.08006996]), 3: array([0.]), 4: array([0.99027771]), 5: array([0.73020663]), 6: array([0.7311286]), 7: array([0.59342372]), 8: array([0.57209165]), 9: array([0.537588])}
2025-05-12 14:42:20,434 - DEBUG - util_fusion - fusion_dual_defense - client 3 similarity threshold: 0.5567592238602452
2025-05-12 14:42:20,434 - INFO - util_fusion - fusion_dual_defense - client 3 selected fusion benigns: [0, 4, 5, 6, 7, 8]
2025-05-12 14:42:20,442 - DEBUG - util_fusion - fusion_dual_defense - client 4 scores: {0: array([785.2360671]), 1: array([785.22995412]), 2: array([785.2276385]), 3: array([785.22690488]), 4: array([785.23597802]), 5: array([785.2335952]), 6: array([785.23360364]), 7: array([785.23234196]), 8: array([785.23214651]), 9: array([785.23183038])}
2025-05-12 14:42:20,443 - DEBUG - util_fusion - fusion_dual_defense - client 4 norm scores: {0: array([1.]), 1: array([0.33280595]), 2: array([0.08006996]), 3: array([0.]), 4: array([0.99027771]), 5: array([0.73020663]), 6: array([0.7311286]), 7: array([0.59342372]), 8: array([0.57209165]), 9: array([0.537588])}
2025-05-12 14:42:20,443 - DEBUG - util_fusion - fusion_dual_defense - client 4 similarity threshold: 0.5567592238602452
2025-05-12 14:42:20,443 - INFO - util_fusion - fusion_dual_defense - client 4 selected fusion benigns: [0, 4, 5, 6, 7, 8]
2025-05-12 14:42:20,451 - DEBUG - util_fusion - fusion_dual_defense - client 5 scores: {0: array([785.2360671]), 1: array([785.22995412]), 2: array([785.2276385]), 3: array([785.22690488]), 4: array([785.23597802]), 5: array([785.2335952]), 6: array([785.23360364]), 7: array([785.23234196]), 8: array([785.23214651]), 9: array([785.23183038])}
2025-05-12 14:42:20,452 - DEBUG - util_fusion - fusion_dual_defense - client 5 norm scores: {0: array([1.]), 1: array([0.33280595]), 2: array([0.08006996]), 3: array([0.]), 4: array([0.99027771]), 5: array([0.73020663]), 6: array([0.7311286]), 7: array([0.59342372]), 8: array([0.57209165]), 9: array([0.537588])}
2025-05-12 14:42:20,452 - DEBUG - util_fusion - fusion_dual_defense - client 5 similarity threshold: 0.5567592238602452
2025-05-12 14:42:20,452 - INFO - util_fusion - fusion_dual_defense - client 5 selected fusion benigns: [0, 4, 5, 6, 7, 8]
2025-05-12 14:42:20,460 - DEBUG - util_fusion - fusion_dual_defense - client 6 scores: {0: array([785.2360671]), 1: array([785.22995412]), 2: array([785.2276385]), 3: array([785.22690488]), 4: array([785.23597802]), 5: array([785.2335952]), 6: array([785.23360364]), 7: array([785.23234196]), 8: array([785.23214651]), 9: array([785.23183038])}
2025-05-12 14:42:20,461 - DEBUG - util_fusion - fusion_dual_defense - client 6 norm scores: {0: array([1.]), 1: array([0.33280595]), 2: array([0.08006996]), 3: array([0.]), 4: array([0.99027771]), 5: array([0.73020663]), 6: array([0.7311286]), 7: array([0.59342372]), 8: array([0.57209165]), 9: array([0.537588])}
2025-05-12 14:42:20,461 - DEBUG - util_fusion - fusion_dual_defense - client 6 similarity threshold: 0.5567592238602452
2025-05-12 14:42:20,461 - INFO - util_fusion - fusion_dual_defense - client 6 selected fusion benigns: [0, 4, 5, 6, 7, 8]
2025-05-12 14:42:20,469 - DEBUG - util_fusion - fusion_dual_defense - client 7 scores: {0: array([785.2360671]), 1: array([785.22995412]), 2: array([785.2276385]), 3: array([785.22690488]), 4: array([785.23597802]), 5: array([785.2335952]), 6: array([785.23360364]), 7: array([785.23234196]), 8: array([785.23214651]), 9: array([785.23183038])}
2025-05-12 14:42:20,470 - DEBUG - util_fusion - fusion_dual_defense - client 7 norm scores: {0: array([1.]), 1: array([0.33280595]), 2: array([0.08006996]), 3: array([0.]), 4: array([0.99027771]), 5: array([0.73020663]), 6: array([0.7311286]), 7: array([0.59342372]), 8: array([0.57209165]), 9: array([0.537588])}
2025-05-12 14:42:20,470 - DEBUG - util_fusion - fusion_dual_defense - client 7 similarity threshold: 0.5567592238602452
2025-05-12 14:42:20,470 - INFO - util_fusion - fusion_dual_defense - client 7 selected fusion benigns: [0, 4, 5, 6, 7, 8]
2025-05-12 14:42:20,478 - DEBUG - util_fusion - fusion_dual_defense - client 8 scores: {0: array([785.2360671]), 1: array([785.22995412]), 2: array([785.2276385]), 3: array([785.22690488]), 4: array([785.23597802]), 5: array([785.2335952]), 6: array([785.23360364]), 7: array([785.23234196]), 8: array([785.23214651]), 9: array([785.23183038])}
2025-05-12 14:42:20,479 - DEBUG - util_fusion - fusion_dual_defense - client 8 norm scores: {0: array([1.]), 1: array([0.33280595]), 2: array([0.08006996]), 3: array([0.]), 4: array([0.99027771]), 5: array([0.73020663]), 6: array([0.7311286]), 7: array([0.59342372]), 8: array([0.57209165]), 9: array([0.537588])}
2025-05-12 14:42:20,479 - DEBUG - util_fusion - fusion_dual_defense - client 8 similarity threshold: 0.5567592238602452
2025-05-12 14:42:20,479 - INFO - util_fusion - fusion_dual_defense - client 8 selected fusion benigns: [0, 4, 5, 6, 7, 8]
2025-05-12 14:42:20,487 - DEBUG - util_fusion - fusion_dual_defense - client 9 scores: {0: array([785.2360671]), 1: array([785.22995412]), 2: array([785.2276385]), 3: array([785.22690488]), 4: array([785.23597802]), 5: array([785.2335952]), 6: array([785.23360364]), 7: array([785.23234196]), 8: array([785.23214651]), 9: array([785.23183038])}
2025-05-12 14:42:20,488 - DEBUG - util_fusion - fusion_dual_defense - client 9 norm scores: {0: array([1.]), 1: array([0.33280595]), 2: array([0.08006996]), 3: array([0.]), 4: array([0.99027771]), 5: array([0.73020663]), 6: array([0.7311286]), 7: array([0.59342372]), 8: array([0.57209165]), 9: array([0.537588])}
2025-05-12 14:42:20,488 - DEBUG - util_fusion - fusion_dual_defense - client 9 similarity threshold: 0.5567592238602452
2025-05-12 14:42:20,488 - INFO - util_fusion - fusion_dual_defense - client 9 selected fusion benigns: [0, 4, 5, 6, 7, 8]
2025-05-12 14:42:20,488 - DEBUG - util_fusion - fusion_dual_defense - final fusion benigns: (0, 4, 5, 6, 7, 8)
2025-05-12 14:42:22,217 - INFO - fl - start - global side -  test accuracy: 9.74
2025-05-12 14:42:22,217 - INFO - fl - start - global side iteration 21 -  test accuracy: 9.74
2025-05-12 14:42:22,217 - INFO - fl - start - start training round 22
2025-05-12 14:42:22,219 - INFO - fl - start - round 22 attackers: [7, 4]
2025-05-12 14:42:22,219 - INFO - fl - start - start client 0 training
2025-05-12 14:42:22,219 - INFO - fl - client_local_train - client 0 start local training ...
2025-05-12 14:42:24,058 - INFO - fl - start - end client 0 training
2025-05-12 14:42:24,058 - INFO - fl - start - client 0 evaluation metrics: {'train_loss': 13933.044546274039, 'test_acc': 10.28}
2025-05-12 14:42:24,058 - INFO - fl - start - start client 1 training
2025-05-12 14:42:24,058 - INFO - fl - client_local_train - client 1 start local training ...
2025-05-12 14:42:30,752 - INFO - fl - start - end client 1 training
2025-05-12 14:42:30,753 - INFO - fl - start - client 1 evaluation metrics: {'train_loss': 158.11207711207334, 'test_acc': 10.1}
2025-05-12 14:42:30,753 - INFO - fl - start - start client 2 training
2025-05-12 14:42:30,761 - INFO - fl - client_local_train - client 2 start local training ...
2025-05-12 14:42:39,267 - INFO - fl - start - end client 2 training
2025-05-12 14:42:39,267 - INFO - fl - start - client 2 evaluation metrics: {'train_loss': 185.75815909498192, 'test_acc': 11.35}
2025-05-12 14:42:39,267 - INFO - fl - start - start client 3 training
2025-05-12 14:42:39,267 - INFO - fl - client_local_train - client 3 start local training ...
2025-05-12 14:42:48,217 - INFO - fl - start - end client 3 training
2025-05-12 14:42:48,217 - INFO - fl - start - client 3 evaluation metrics: {'train_loss': 1348.814491857353, 'test_acc': 9.58}
2025-05-12 14:42:48,217 - INFO - fl - start - start client 4 training
2025-05-12 14:42:48,217 - INFO - fl - client_local_train - client 4 start local training ...
2025-05-12 14:42:48,776 - INFO - fl - client_local_train - client 4 is attacker, start poisoning model
2025-05-12 14:42:51,722 - INFO - fl - start - end client 4 training
2025-05-12 14:42:51,722 - INFO - fl - start - client 4 evaluation metrics: {'train_loss': 253.55611605114407, 'test_acc': 8.92}
2025-05-12 14:42:51,722 - INFO - fl - start - start client 5 training
2025-05-12 14:42:51,722 - INFO - fl - client_local_train - client 5 start local training ...
2025-05-12 14:42:55,650 - INFO - fl - start - end client 5 training
2025-05-12 14:42:55,650 - INFO - fl - start - client 5 evaluation metrics: {'train_loss': 597.7410452035757, 'test_acc': 8.92}
2025-05-12 14:42:55,650 - INFO - fl - start - start client 6 training
2025-05-12 14:42:55,650 - INFO - fl - client_local_train - client 6 start local training ...
2025-05-12 14:42:59,584 - INFO - fl - start - end client 6 training
2025-05-12 14:42:59,584 - INFO - fl - start - client 6 evaluation metrics: {'train_loss': 12719.240609975961, 'test_acc': 10.28}
2025-05-12 14:42:59,584 - INFO - fl - start - start client 7 training
2025-05-12 14:42:59,585 - INFO - fl - client_local_train - client 7 start local training ...
2025-05-12 14:43:02,384 - INFO - fl - client_local_train - client 7 is attacker, start poisoning model
2025-05-12 14:43:06,511 - INFO - fl - start - end client 7 training
2025-05-12 14:43:06,511 - INFO - fl - start - client 7 evaluation metrics: {'train_loss': 166694.74263139206, 'test_acc': 10.1}
2025-05-12 14:43:06,511 - INFO - fl - start - start client 8 training
2025-05-12 14:43:06,511 - INFO - fl - client_local_train - client 8 start local training ...
2025-05-12 14:43:11,595 - INFO - fl - start - end client 8 training
2025-05-12 14:43:11,595 - INFO - fl - start - client 8 evaluation metrics: {'train_loss': 580.3338759894012, 'test_acc': 9.74}
2025-05-12 14:43:11,595 - INFO - fl - start - start client 9 training
2025-05-12 14:43:11,595 - INFO - fl - client_local_train - client 9 start local training ...
2025-05-12 14:43:16,877 - INFO - fl - start - end client 9 training
2025-05-12 14:43:16,877 - INFO - fl - start - client 9 evaluation metrics: {'train_loss': 6.213728448357245, 'test_acc': 9.82}
2025-05-12 14:43:16,877 - INFO - fl - aggregate_model - start model aggregation...fusion method: dual_defense
2025-05-12 14:43:16,877 - INFO - fl - aggregate_model - start hyper-guard fusion with epsilon 0.01
2025-05-12 14:43:16,877 - INFO - fl - aggregate_model - round 22 attackers: [4, 7]
2025-05-12 14:43:27,550 - DEBUG - util_fusion - fusion_dual_defense - client 0 scores: {0: array([179.69102917]), 1: array([179.69161969]), 2: array([179.69179512]), 3: array([179.69186095]), 4: array([179.69102356]), 5: array([179.69125219]), 6: array([179.69125097]), 7: array([179.6913565]), 8: array([179.69140913]), 9: array([179.6914279])}
2025-05-12 14:43:27,551 - DEBUG - util_fusion - fusion_dual_defense - client 0 norm scores: {0: array([0.00670543]), 1: array([0.71189484]), 2: array([0.92138667]), 3: array([1.]), 4: array([0.]), 5: array([0.27303031]), 6: array([0.27157675]), 7: array([0.39759831]), 8: array([0.4604464]), 9: array([0.48286311])}
2025-05-12 14:43:27,551 - DEBUG - util_fusion - fusion_dual_defense - client 0 similarity threshold: 0.45255018196476354
2025-05-12 14:43:27,551 - INFO - util_fusion - fusion_dual_defense - client 0 selected fusion benigns: [1, 2, 3, 8, 9]
2025-05-12 14:43:27,560 - DEBUG - util_fusion - fusion_dual_defense - client 1 scores: {0: array([179.69102917]), 1: array([179.69161969]), 2: array([179.69179512]), 3: array([179.69186095]), 4: array([179.69102356]), 5: array([179.69125219]), 6: array([179.69125097]), 7: array([179.6913565]), 8: array([179.69140913]), 9: array([179.6914279])}
2025-05-12 14:43:27,560 - DEBUG - util_fusion - fusion_dual_defense - client 1 norm scores: {0: array([0.00670543]), 1: array([0.71189484]), 2: array([0.92138667]), 3: array([1.]), 4: array([0.]), 5: array([0.27303031]), 6: array([0.27157675]), 7: array([0.39759831]), 8: array([0.4604464]), 9: array([0.48286311])}
2025-05-12 14:43:27,560 - DEBUG - util_fusion - fusion_dual_defense - client 1 similarity threshold: 0.45255018196476354
2025-05-12 14:43:27,560 - INFO - util_fusion - fusion_dual_defense - client 1 selected fusion benigns: [1, 2, 3, 8, 9]
2025-05-12 14:43:27,569 - DEBUG - util_fusion - fusion_dual_defense - client 2 scores: {0: array([179.69102917]), 1: array([179.69161969]), 2: array([179.69179512]), 3: array([179.69186095]), 4: array([179.69102356]), 5: array([179.69125219]), 6: array([179.69125097]), 7: array([179.6913565]), 8: array([179.69140913]), 9: array([179.6914279])}
2025-05-12 14:43:27,569 - DEBUG - util_fusion - fusion_dual_defense - client 2 norm scores: {0: array([0.00670543]), 1: array([0.71189484]), 2: array([0.92138667]), 3: array([1.]), 4: array([0.]), 5: array([0.27303031]), 6: array([0.27157675]), 7: array([0.39759831]), 8: array([0.4604464]), 9: array([0.48286311])}
2025-05-12 14:43:27,569 - DEBUG - util_fusion - fusion_dual_defense - client 2 similarity threshold: 0.45255018196476354
2025-05-12 14:43:27,570 - INFO - util_fusion - fusion_dual_defense - client 2 selected fusion benigns: [1, 2, 3, 8, 9]
2025-05-12 14:43:27,578 - DEBUG - util_fusion - fusion_dual_defense - client 3 scores: {0: array([179.69102917]), 1: array([179.69161969]), 2: array([179.69179512]), 3: array([179.69186095]), 4: array([179.69102356]), 5: array([179.69125219]), 6: array([179.69125097]), 7: array([179.6913565]), 8: array([179.69140913]), 9: array([179.6914279])}
2025-05-12 14:43:27,578 - DEBUG - util_fusion - fusion_dual_defense - client 3 norm scores: {0: array([0.00670543]), 1: array([0.71189484]), 2: array([0.92138667]), 3: array([1.]), 4: array([0.]), 5: array([0.27303031]), 6: array([0.27157675]), 7: array([0.39759831]), 8: array([0.4604464]), 9: array([0.48286311])}
2025-05-12 14:43:27,578 - DEBUG - util_fusion - fusion_dual_defense - client 3 similarity threshold: 0.45255018196476354
2025-05-12 14:43:27,579 - INFO - util_fusion - fusion_dual_defense - client 3 selected fusion benigns: [1, 2, 3, 8, 9]
2025-05-12 14:43:27,587 - DEBUG - util_fusion - fusion_dual_defense - client 4 scores: {0: array([179.69102917]), 1: array([179.69161969]), 2: array([179.69179512]), 3: array([179.69186095]), 4: array([179.69102356]), 5: array([179.69125219]), 6: array([179.69125097]), 7: array([179.6913565]), 8: array([179.69140913]), 9: array([179.6914279])}
2025-05-12 14:43:27,587 - DEBUG - util_fusion - fusion_dual_defense - client 4 norm scores: {0: array([0.00670543]), 1: array([0.71189484]), 2: array([0.92138667]), 3: array([1.]), 4: array([0.]), 5: array([0.27303031]), 6: array([0.27157675]), 7: array([0.39759831]), 8: array([0.4604464]), 9: array([0.48286311])}
2025-05-12 14:43:27,587 - DEBUG - util_fusion - fusion_dual_defense - client 4 similarity threshold: 0.45255018196476354
2025-05-12 14:43:27,588 - INFO - util_fusion - fusion_dual_defense - client 4 selected fusion benigns: [1, 2, 3, 8, 9]
2025-05-12 14:43:27,596 - DEBUG - util_fusion - fusion_dual_defense - client 5 scores: {0: array([179.69102917]), 1: array([179.69161969]), 2: array([179.69179512]), 3: array([179.69186095]), 4: array([179.69102356]), 5: array([179.69125219]), 6: array([179.69125097]), 7: array([179.6913565]), 8: array([179.69140913]), 9: array([179.6914279])}
2025-05-12 14:43:27,596 - DEBUG - util_fusion - fusion_dual_defense - client 5 norm scores: {0: array([0.00670543]), 1: array([0.71189484]), 2: array([0.92138667]), 3: array([1.]), 4: array([0.]), 5: array([0.27303031]), 6: array([0.27157675]), 7: array([0.39759831]), 8: array([0.4604464]), 9: array([0.48286311])}
2025-05-12 14:43:27,596 - DEBUG - util_fusion - fusion_dual_defense - client 5 similarity threshold: 0.45255018196476354
2025-05-12 14:43:27,597 - INFO - util_fusion - fusion_dual_defense - client 5 selected fusion benigns: [1, 2, 3, 8, 9]
2025-05-12 14:43:27,605 - DEBUG - util_fusion - fusion_dual_defense - client 6 scores: {0: array([179.69102917]), 1: array([179.69161969]), 2: array([179.69179512]), 3: array([179.69186095]), 4: array([179.69102356]), 5: array([179.69125219]), 6: array([179.69125097]), 7: array([179.6913565]), 8: array([179.69140913]), 9: array([179.6914279])}
2025-05-12 14:43:27,605 - DEBUG - util_fusion - fusion_dual_defense - client 6 norm scores: {0: array([0.00670543]), 1: array([0.71189484]), 2: array([0.92138667]), 3: array([1.]), 4: array([0.]), 5: array([0.27303031]), 6: array([0.27157675]), 7: array([0.39759831]), 8: array([0.4604464]), 9: array([0.48286311])}
2025-05-12 14:43:27,606 - DEBUG - util_fusion - fusion_dual_defense - client 6 similarity threshold: 0.45255018196476354
2025-05-12 14:43:27,606 - INFO - util_fusion - fusion_dual_defense - client 6 selected fusion benigns: [1, 2, 3, 8, 9]
2025-05-12 14:43:27,614 - DEBUG - util_fusion - fusion_dual_defense - client 7 scores: {0: array([179.69102917]), 1: array([179.69161969]), 2: array([179.69179512]), 3: array([179.69186095]), 4: array([179.69102356]), 5: array([179.69125219]), 6: array([179.69125097]), 7: array([179.6913565]), 8: array([179.69140913]), 9: array([179.6914279])}
2025-05-12 14:43:27,614 - DEBUG - util_fusion - fusion_dual_defense - client 7 norm scores: {0: array([0.00670543]), 1: array([0.71189484]), 2: array([0.92138667]), 3: array([1.]), 4: array([0.]), 5: array([0.27303031]), 6: array([0.27157675]), 7: array([0.39759831]), 8: array([0.4604464]), 9: array([0.48286311])}
2025-05-12 14:43:27,615 - DEBUG - util_fusion - fusion_dual_defense - client 7 similarity threshold: 0.45255018196476354
2025-05-12 14:43:27,615 - INFO - util_fusion - fusion_dual_defense - client 7 selected fusion benigns: [1, 2, 3, 8, 9]
2025-05-12 14:43:27,623 - DEBUG - util_fusion - fusion_dual_defense - client 8 scores: {0: array([179.69102917]), 1: array([179.69161969]), 2: array([179.69179512]), 3: array([179.69186095]), 4: array([179.69102356]), 5: array([179.69125219]), 6: array([179.69125097]), 7: array([179.6913565]), 8: array([179.69140913]), 9: array([179.6914279])}
2025-05-12 14:43:27,623 - DEBUG - util_fusion - fusion_dual_defense - client 8 norm scores: {0: array([0.00670543]), 1: array([0.71189484]), 2: array([0.92138667]), 3: array([1.]), 4: array([0.]), 5: array([0.27303031]), 6: array([0.27157675]), 7: array([0.39759831]), 8: array([0.4604464]), 9: array([0.48286311])}
2025-05-12 14:43:27,624 - DEBUG - util_fusion - fusion_dual_defense - client 8 similarity threshold: 0.45255018196476354
2025-05-12 14:43:27,624 - INFO - util_fusion - fusion_dual_defense - client 8 selected fusion benigns: [1, 2, 3, 8, 9]
2025-05-12 14:43:27,632 - DEBUG - util_fusion - fusion_dual_defense - client 9 scores: {0: array([179.69102917]), 1: array([179.69161969]), 2: array([179.69179512]), 3: array([179.69186095]), 4: array([179.69102356]), 5: array([179.69125219]), 6: array([179.69125097]), 7: array([179.6913565]), 8: array([179.69140913]), 9: array([179.6914279])}
2025-05-12 14:43:27,632 - DEBUG - util_fusion - fusion_dual_defense - client 9 norm scores: {0: array([0.00670543]), 1: array([0.71189484]), 2: array([0.92138667]), 3: array([1.]), 4: array([0.]), 5: array([0.27303031]), 6: array([0.27157675]), 7: array([0.39759831]), 8: array([0.4604464]), 9: array([0.48286311])}
2025-05-12 14:43:27,633 - DEBUG - util_fusion - fusion_dual_defense - client 9 similarity threshold: 0.45255018196476354
2025-05-12 14:43:27,633 - INFO - util_fusion - fusion_dual_defense - client 9 selected fusion benigns: [1, 2, 3, 8, 9]
2025-05-12 14:43:27,633 - DEBUG - util_fusion - fusion_dual_defense - final fusion benigns: (1, 2, 3, 8, 9)
2025-05-12 14:43:29,305 - INFO - fl - start - global side -  test accuracy: 10.28
2025-05-12 14:43:29,305 - INFO - fl - start - global side iteration 22 -  test accuracy: 10.28
2025-05-12 14:43:29,306 - INFO - fl - start - start training round 23
2025-05-12 14:43:29,307 - INFO - fl - start - round 23 attackers: [3, 1]
2025-05-12 14:43:29,308 - INFO - fl - start - start client 0 training
2025-05-12 14:43:29,308 - INFO - fl - client_local_train - client 0 start local training ...
2025-05-12 14:43:31,142 - INFO - fl - start - end client 0 training
2025-05-12 14:43:31,142 - INFO - fl - start - client 0 evaluation metrics: {'train_loss': 13925.40594951923, 'test_acc': 11.35}
2025-05-12 14:43:31,142 - INFO - fl - start - start client 1 training
2025-05-12 14:43:31,142 - INFO - fl - client_local_train - client 1 start local training ...
2025-05-12 14:43:35,402 - INFO - fl - client_local_train - client 1 is attacker, start poisoning model
2025-05-12 14:43:40,293 - INFO - fl - start - end client 1 training
2025-05-12 14:43:40,293 - INFO - fl - start - client 1 evaluation metrics: {'train_loss': 1250.444876073504, 'test_acc': 10.1}
2025-05-12 14:43:40,293 - INFO - fl - start - start client 2 training
2025-05-12 14:43:40,293 - INFO - fl - client_local_train - client 2 start local training ...
2025-05-12 14:43:48,786 - INFO - fl - start - end client 2 training
2025-05-12 14:43:48,786 - INFO - fl - start - client 2 evaluation metrics: {'train_loss': 185.64848786391568, 'test_acc': 11.35}
2025-05-12 14:43:48,786 - INFO - fl - start - start client 3 training
2025-05-12 14:43:48,786 - INFO - fl - client_local_train - client 3 start local training ...
2025-05-12 14:43:54,835 - INFO - fl - client_local_train - client 3 is attacker, start poisoning model
2025-05-12 14:44:00,679 - INFO - fl - start - end client 3 training
2025-05-12 14:44:00,679 - INFO - fl - start - client 3 evaluation metrics: {'train_loss': 10834.976476338035, 'test_acc': 9.58}
2025-05-12 14:44:00,679 - INFO - fl - start - start client 4 training
2025-05-12 14:44:00,679 - INFO - fl - client_local_train - client 4 start local training ...
2025-05-12 14:44:02,717 - INFO - fl - start - end client 4 training
2025-05-12 14:44:02,717 - INFO - fl - start - client 4 evaluation metrics: {'train_loss': 32.14524250560336, 'test_acc': 8.92}
2025-05-12 14:44:02,717 - INFO - fl - start - start client 5 training
2025-05-12 14:44:02,717 - INFO - fl - client_local_train - client 5 start local training ...
2025-05-12 14:44:06,623 - INFO - fl - start - end client 5 training
2025-05-12 14:44:06,623 - INFO - fl - start - client 5 evaluation metrics: {'train_loss': 595.8542830247145, 'test_acc': 8.92}
2025-05-12 14:44:06,623 - INFO - fl - start - start client 6 training
2025-05-12 14:44:06,623 - INFO - fl - client_local_train - client 6 start local training ...
2025-05-12 14:44:10,544 - INFO - fl - start - end client 6 training
2025-05-12 14:44:10,544 - INFO - fl - start - client 6 evaluation metrics: {'train_loss': 12728.785216346154, 'test_acc': 10.32}
2025-05-12 14:44:10,544 - INFO - fl - start - start client 7 training
2025-05-12 14:44:10,544 - INFO - fl - client_local_train - client 7 start local training ...
2025-05-12 14:44:15,400 - INFO - fl - start - end client 7 training
2025-05-12 14:44:15,400 - INFO - fl - start - client 7 evaluation metrics: {'train_loss': 20827.08610395952, 'test_acc': 10.1}
2025-05-12 14:44:15,400 - INFO - fl - start - start client 8 training
2025-05-12 14:44:15,400 - INFO - fl - client_local_train - client 8 start local training ...
2025-05-12 14:44:20,460 - INFO - fl - start - end client 8 training
2025-05-12 14:44:20,460 - INFO - fl - start - client 8 evaluation metrics: {'train_loss': 573.280939314955, 'test_acc': 9.74}
2025-05-12 14:44:20,460 - INFO - fl - start - start client 9 training
2025-05-12 14:44:20,460 - INFO - fl - client_local_train - client 9 start local training ...
2025-05-12 14:44:25,746 - INFO - fl - start - end client 9 training
2025-05-12 14:44:25,746 - INFO - fl - start - client 9 evaluation metrics: {'train_loss': 6.213733727281744, 'test_acc': 9.82}
2025-05-12 14:44:25,746 - INFO - fl - aggregate_model - start model aggregation...fusion method: dual_defense
2025-05-12 14:44:25,746 - INFO - fl - aggregate_model - start hyper-guard fusion with epsilon 0.01
2025-05-12 14:44:25,746 - INFO - fl - aggregate_model - round 23 attackers: [1, 3]
2025-05-12 14:44:36,405 - DEBUG - util_fusion - fusion_dual_defense - client 0 scores: {0: array([254.80919794]), 1: array([254.80969432]), 2: array([254.80978005]), 3: array([254.80980261]), 4: array([254.80919632]), 5: array([254.80941497]), 6: array([254.80941132]), 7: array([254.80950081]), 8: array([254.80951139]), 9: array([254.80956402])}
2025-05-12 14:44:36,406 - DEBUG - util_fusion - fusion_dual_defense - client 0 norm scores: {0: array([0.0026664]), 1: array([0.82139073]), 2: array([0.96278952]), 3: array([1.]), 4: array([0.]), 5: array([0.36062412]), 6: array([0.35461113]), 7: array([0.50221209]), 8: array([0.51966163]), 9: array([0.60647016])}
2025-05-12 14:44:36,406 - DEBUG - util_fusion - fusion_dual_defense - client 0 similarity threshold: 0.51304257815575
2025-05-12 14:44:36,406 - INFO - util_fusion - fusion_dual_defense - client 0 selected fusion benigns: [1, 2, 3, 8, 9]
2025-05-12 14:44:36,414 - DEBUG - util_fusion - fusion_dual_defense - client 1 scores: {0: array([254.80919794]), 1: array([254.80969432]), 2: array([254.80978005]), 3: array([254.80980261]), 4: array([254.80919632]), 5: array([254.80941497]), 6: array([254.80941132]), 7: array([254.80950081]), 8: array([254.80951139]), 9: array([254.80956402])}
2025-05-12 14:44:36,415 - DEBUG - util_fusion - fusion_dual_defense - client 1 norm scores: {0: array([0.0026664]), 1: array([0.82139073]), 2: array([0.96278952]), 3: array([1.]), 4: array([0.]), 5: array([0.36062412]), 6: array([0.35461113]), 7: array([0.50221209]), 8: array([0.51966163]), 9: array([0.60647016])}
2025-05-12 14:44:36,415 - DEBUG - util_fusion - fusion_dual_defense - client 1 similarity threshold: 0.51304257815575
2025-05-12 14:44:36,415 - INFO - util_fusion - fusion_dual_defense - client 1 selected fusion benigns: [1, 2, 3, 8, 9]
2025-05-12 14:44:36,423 - DEBUG - util_fusion - fusion_dual_defense - client 2 scores: {0: array([254.80919794]), 1: array([254.80969432]), 2: array([254.80978005]), 3: array([254.80980261]), 4: array([254.80919632]), 5: array([254.80941497]), 6: array([254.80941132]), 7: array([254.80950081]), 8: array([254.80951139]), 9: array([254.80956402])}
2025-05-12 14:44:36,424 - DEBUG - util_fusion - fusion_dual_defense - client 2 norm scores: {0: array([0.0026664]), 1: array([0.82139073]), 2: array([0.96278952]), 3: array([1.]), 4: array([0.]), 5: array([0.36062412]), 6: array([0.35461113]), 7: array([0.50221209]), 8: array([0.51966163]), 9: array([0.60647016])}
2025-05-12 14:44:36,424 - DEBUG - util_fusion - fusion_dual_defense - client 2 similarity threshold: 0.51304257815575
2025-05-12 14:44:36,424 - INFO - util_fusion - fusion_dual_defense - client 2 selected fusion benigns: [1, 2, 3, 8, 9]
2025-05-12 14:44:36,432 - DEBUG - util_fusion - fusion_dual_defense - client 3 scores: {0: array([254.80919794]), 1: array([254.80969432]), 2: array([254.80978005]), 3: array([254.80980261]), 4: array([254.80919632]), 5: array([254.80941497]), 6: array([254.80941132]), 7: array([254.80950081]), 8: array([254.80951139]), 9: array([254.80956402])}
2025-05-12 14:44:36,433 - DEBUG - util_fusion - fusion_dual_defense - client 3 norm scores: {0: array([0.0026664]), 1: array([0.82139073]), 2: array([0.96278952]), 3: array([1.]), 4: array([0.]), 5: array([0.36062412]), 6: array([0.35461113]), 7: array([0.50221209]), 8: array([0.51966163]), 9: array([0.60647016])}
2025-05-12 14:44:36,433 - DEBUG - util_fusion - fusion_dual_defense - client 3 similarity threshold: 0.51304257815575
2025-05-12 14:44:36,433 - INFO - util_fusion - fusion_dual_defense - client 3 selected fusion benigns: [1, 2, 3, 8, 9]
2025-05-12 14:44:36,441 - DEBUG - util_fusion - fusion_dual_defense - client 4 scores: {0: array([254.80919794]), 1: array([254.80969432]), 2: array([254.80978005]), 3: array([254.80980261]), 4: array([254.80919632]), 5: array([254.80941497]), 6: array([254.80941132]), 7: array([254.80950081]), 8: array([254.80951139]), 9: array([254.80956402])}
2025-05-12 14:44:36,442 - DEBUG - util_fusion - fusion_dual_defense - client 4 norm scores: {0: array([0.0026664]), 1: array([0.82139073]), 2: array([0.96278952]), 3: array([1.]), 4: array([0.]), 5: array([0.36062412]), 6: array([0.35461113]), 7: array([0.50221209]), 8: array([0.51966163]), 9: array([0.60647016])}
2025-05-12 14:44:36,442 - DEBUG - util_fusion - fusion_dual_defense - client 4 similarity threshold: 0.51304257815575
2025-05-12 14:44:36,442 - INFO - util_fusion - fusion_dual_defense - client 4 selected fusion benigns: [1, 2, 3, 8, 9]
2025-05-12 14:44:36,450 - DEBUG - util_fusion - fusion_dual_defense - client 5 scores: {0: array([254.80919794]), 1: array([254.80969432]), 2: array([254.80978005]), 3: array([254.80980261]), 4: array([254.80919632]), 5: array([254.80941497]), 6: array([254.80941132]), 7: array([254.80950081]), 8: array([254.80951139]), 9: array([254.80956402])}
2025-05-12 14:44:36,451 - DEBUG - util_fusion - fusion_dual_defense - client 5 norm scores: {0: array([0.0026664]), 1: array([0.82139073]), 2: array([0.96278952]), 3: array([1.]), 4: array([0.]), 5: array([0.36062412]), 6: array([0.35461113]), 7: array([0.50221209]), 8: array([0.51966163]), 9: array([0.60647016])}
2025-05-12 14:44:36,451 - DEBUG - util_fusion - fusion_dual_defense - client 5 similarity threshold: 0.51304257815575
2025-05-12 14:44:36,451 - INFO - util_fusion - fusion_dual_defense - client 5 selected fusion benigns: [1, 2, 3, 8, 9]
2025-05-12 14:44:36,459 - DEBUG - util_fusion - fusion_dual_defense - client 6 scores: {0: array([254.80919794]), 1: array([254.80969432]), 2: array([254.80978005]), 3: array([254.80980261]), 4: array([254.80919632]), 5: array([254.80941497]), 6: array([254.80941132]), 7: array([254.80950081]), 8: array([254.80951139]), 9: array([254.80956402])}
2025-05-12 14:44:36,460 - DEBUG - util_fusion - fusion_dual_defense - client 6 norm scores: {0: array([0.0026664]), 1: array([0.82139073]), 2: array([0.96278952]), 3: array([1.]), 4: array([0.]), 5: array([0.36062412]), 6: array([0.35461113]), 7: array([0.50221209]), 8: array([0.51966163]), 9: array([0.60647016])}
2025-05-12 14:44:36,460 - DEBUG - util_fusion - fusion_dual_defense - client 6 similarity threshold: 0.51304257815575
2025-05-12 14:44:36,460 - INFO - util_fusion - fusion_dual_defense - client 6 selected fusion benigns: [1, 2, 3, 8, 9]
2025-05-12 14:44:36,468 - DEBUG - util_fusion - fusion_dual_defense - client 7 scores: {0: array([254.80919794]), 1: array([254.80969432]), 2: array([254.80978005]), 3: array([254.80980261]), 4: array([254.80919632]), 5: array([254.80941497]), 6: array([254.80941132]), 7: array([254.80950081]), 8: array([254.80951139]), 9: array([254.80956402])}
2025-05-12 14:44:36,469 - DEBUG - util_fusion - fusion_dual_defense - client 7 norm scores: {0: array([0.0026664]), 1: array([0.82139073]), 2: array([0.96278952]), 3: array([1.]), 4: array([0.]), 5: array([0.36062412]), 6: array([0.35461113]), 7: array([0.50221209]), 8: array([0.51966163]), 9: array([0.60647016])}
2025-05-12 14:44:36,469 - DEBUG - util_fusion - fusion_dual_defense - client 7 similarity threshold: 0.51304257815575
2025-05-12 14:44:36,469 - INFO - util_fusion - fusion_dual_defense - client 7 selected fusion benigns: [1, 2, 3, 8, 9]
2025-05-12 14:44:36,477 - DEBUG - util_fusion - fusion_dual_defense - client 8 scores: {0: array([254.80919794]), 1: array([254.80969432]), 2: array([254.80978005]), 3: array([254.80980261]), 4: array([254.80919632]), 5: array([254.80941497]), 6: array([254.80941132]), 7: array([254.80950081]), 8: array([254.80951139]), 9: array([254.80956402])}
2025-05-12 14:44:36,478 - DEBUG - util_fusion - fusion_dual_defense - client 8 norm scores: {0: array([0.0026664]), 1: array([0.82139073]), 2: array([0.96278952]), 3: array([1.]), 4: array([0.]), 5: array([0.36062412]), 6: array([0.35461113]), 7: array([0.50221209]), 8: array([0.51966163]), 9: array([0.60647016])}
2025-05-12 14:44:36,478 - DEBUG - util_fusion - fusion_dual_defense - client 8 similarity threshold: 0.51304257815575
2025-05-12 14:44:36,478 - INFO - util_fusion - fusion_dual_defense - client 8 selected fusion benigns: [1, 2, 3, 8, 9]
2025-05-12 14:44:36,486 - DEBUG - util_fusion - fusion_dual_defense - client 9 scores: {0: array([254.80919794]), 1: array([254.80969432]), 2: array([254.80978005]), 3: array([254.80980261]), 4: array([254.80919632]), 5: array([254.80941497]), 6: array([254.80941132]), 7: array([254.80950081]), 8: array([254.80951139]), 9: array([254.80956402])}
2025-05-12 14:44:36,487 - DEBUG - util_fusion - fusion_dual_defense - client 9 norm scores: {0: array([0.0026664]), 1: array([0.82139073]), 2: array([0.96278952]), 3: array([1.]), 4: array([0.]), 5: array([0.36062412]), 6: array([0.35461113]), 7: array([0.50221209]), 8: array([0.51966163]), 9: array([0.60647016])}
2025-05-12 14:44:36,487 - DEBUG - util_fusion - fusion_dual_defense - client 9 similarity threshold: 0.51304257815575
2025-05-12 14:44:36,487 - INFO - util_fusion - fusion_dual_defense - client 9 selected fusion benigns: [1, 2, 3, 8, 9]
2025-05-12 14:44:36,487 - DEBUG - util_fusion - fusion_dual_defense - final fusion benigns: (1, 2, 3, 8, 9)
2025-05-12 14:44:38,156 - INFO - fl - start - global side -  test accuracy: 9.74
2025-05-12 14:44:38,156 - INFO - fl - start - global side iteration 23 -  test accuracy: 9.74
2025-05-12 14:44:38,157 - INFO - fl - start - start training round 24
2025-05-12 14:44:38,158 - INFO - fl - start - round 24 attackers: [0, 5]
2025-05-12 14:44:38,158 - INFO - fl - start - start client 0 training
2025-05-12 14:44:38,158 - INFO - fl - client_local_train - client 0 start local training ...
2025-05-12 14:44:38,571 - INFO - fl - client_local_train - client 0 is attacker, start poisoning model
2025-05-12 14:44:41,418 - INFO - fl - start - end client 0 training
2025-05-12 14:44:41,418 - INFO - fl - start - client 0 evaluation metrics: {'train_loss': 475876.8485576923, 'test_acc': 9.74}
2025-05-12 14:44:41,418 - INFO - fl - start - start client 1 training
2025-05-12 14:44:41,427 - INFO - fl - client_local_train - client 1 start local training ...
2025-05-12 14:44:48,140 - INFO - fl - start - end client 1 training
2025-05-12 14:44:48,141 - INFO - fl - start - client 1 evaluation metrics: {'train_loss': 669.0606231902963, 'test_acc': 10.1}
2025-05-12 14:44:48,141 - INFO - fl - start - start client 2 training
2025-05-12 14:44:48,141 - INFO - fl - client_local_train - client 2 start local training ...
2025-05-12 14:44:56,629 - INFO - fl - start - end client 2 training
2025-05-12 14:44:56,629 - INFO - fl - start - client 2 evaluation metrics: {'train_loss': 786.3163718969635, 'test_acc': 11.35}
2025-05-12 14:44:56,629 - INFO - fl - start - start client 3 training
2025-05-12 14:44:56,629 - INFO - fl - client_local_train - client 3 start local training ...
2025-05-12 14:45:05,613 - INFO - fl - start - end client 3 training
2025-05-12 14:45:05,613 - INFO - fl - start - client 3 evaluation metrics: {'train_loss': 5742.111909482981, 'test_acc': 9.58}
2025-05-12 14:45:05,613 - INFO - fl - start - start client 4 training
2025-05-12 14:45:05,613 - INFO - fl - client_local_train - client 4 start local training ...
2025-05-12 14:45:07,634 - INFO - fl - start - end client 4 training
2025-05-12 14:45:07,634 - INFO - fl - start - client 4 evaluation metrics: {'train_loss': 131.365345398585, 'test_acc': 9.58}
2025-05-12 14:45:07,634 - INFO - fl - start - start client 5 training
2025-05-12 14:45:07,634 - INFO - fl - client_local_train - client 5 start local training ...
2025-05-12 14:45:09,678 - INFO - fl - client_local_train - client 5 is attacker, start poisoning model
2025-05-12 14:45:13,403 - INFO - fl - start - end client 5 training
2025-05-12 14:45:13,403 - INFO - fl - start - client 5 evaluation metrics: {'train_loss': 20350.371228966345, 'test_acc': 9.58}
2025-05-12 14:45:13,403 - INFO - fl - start - start client 6 training
2025-05-12 14:45:13,403 - INFO - fl - client_local_train - client 6 start local training ...
2025-05-12 14:45:17,339 - INFO - fl - start - end client 6 training
2025-05-12 14:45:17,339 - INFO - fl - start - client 6 evaluation metrics: {'train_loss': 54231.94438100961, 'test_acc': 10.28}
2025-05-12 14:45:17,339 - INFO - fl - start - start client 7 training
2025-05-12 14:45:17,339 - INFO - fl - client_local_train - client 7 start local training ...
2025-05-12 14:45:22,218 - INFO - fl - start - end client 7 training
2025-05-12 14:45:22,218 - INFO - fl - start - client 7 evaluation metrics: {'train_loss': 88841.53364701704, 'test_acc': 10.1}
2025-05-12 14:45:22,218 - INFO - fl - start - start client 8 training
2025-05-12 14:45:22,218 - INFO - fl - client_local_train - client 8 start local training ...
2025-05-12 14:45:27,272 - INFO - fl - start - end client 8 training
2025-05-12 14:45:27,272 - INFO - fl - start - client 8 evaluation metrics: {'train_loss': 2439.6335528653153, 'test_acc': 9.74}
2025-05-12 14:45:27,272 - INFO - fl - start - start client 9 training
2025-05-12 14:45:27,272 - INFO - fl - client_local_train - client 9 start local training ...
2025-05-12 14:45:32,560 - INFO - fl - start - end client 9 training
2025-05-12 14:45:32,560 - INFO - fl - start - client 9 evaluation metrics: {'train_loss': 24.139380541714754, 'test_acc': 9.82}
2025-05-12 14:45:32,560 - INFO - fl - aggregate_model - start model aggregation...fusion method: dual_defense
2025-05-12 14:45:32,560 - INFO - fl - aggregate_model - start hyper-guard fusion with epsilon 0.01
2025-05-12 14:45:32,560 - INFO - fl - aggregate_model - round 24 attackers: [0, 5]
2025-05-12 14:45:43,195 - DEBUG - util_fusion - fusion_dual_defense - client 0 scores: {0: array([1175.25747707]), 1: array([1175.26730439]), 2: array([1175.27083114]), 3: array([1175.27166993]), 4: array([1175.25770863]), 5: array([1175.26154262]), 6: array([1175.26154555]), 7: array([1175.26355661]), 8: array([1175.2639962]), 9: array([1175.26432657])}
2025-05-12 14:45:43,196 - DEBUG - util_fusion - fusion_dual_defense - client 0 norm scores: {0: array([0.]), 1: array([0.69241265]), 2: array([0.94090063]), 3: array([1.]), 4: array([0.01631514]), 5: array([0.28645057]), 6: array([0.28665699]), 7: array([0.42835192]), 8: array([0.45932425]), 9: array([0.48260209])}
2025-05-12 14:45:43,196 - DEBUG - util_fusion - fusion_dual_defense - client 0 similarity threshold: 0.45930142369834037
2025-05-12 14:45:43,196 - INFO - util_fusion - fusion_dual_defense - client 0 selected fusion benigns: [1, 2, 3, 8, 9]
2025-05-12 14:45:43,204 - DEBUG - util_fusion - fusion_dual_defense - client 1 scores: {0: array([1175.25747707]), 1: array([1175.26730439]), 2: array([1175.27083114]), 3: array([1175.27166993]), 4: array([1175.25770863]), 5: array([1175.26154262]), 6: array([1175.26154555]), 7: array([1175.26355661]), 8: array([1175.2639962]), 9: array([1175.26432657])}
2025-05-12 14:45:43,205 - DEBUG - util_fusion - fusion_dual_defense - client 1 norm scores: {0: array([0.]), 1: array([0.69241265]), 2: array([0.94090063]), 3: array([1.]), 4: array([0.01631514]), 5: array([0.28645057]), 6: array([0.28665699]), 7: array([0.42835192]), 8: array([0.45932425]), 9: array([0.48260209])}
2025-05-12 14:45:43,205 - DEBUG - util_fusion - fusion_dual_defense - client 1 similarity threshold: 0.45930142369834037
2025-05-12 14:45:43,205 - INFO - util_fusion - fusion_dual_defense - client 1 selected fusion benigns: [1, 2, 3, 8, 9]
2025-05-12 14:45:43,213 - DEBUG - util_fusion - fusion_dual_defense - client 2 scores: {0: array([1175.25747707]), 1: array([1175.26730439]), 2: array([1175.27083114]), 3: array([1175.27166993]), 4: array([1175.25770863]), 5: array([1175.26154262]), 6: array([1175.26154555]), 7: array([1175.26355661]), 8: array([1175.2639962]), 9: array([1175.26432657])}
2025-05-12 14:45:43,214 - DEBUG - util_fusion - fusion_dual_defense - client 2 norm scores: {0: array([0.]), 1: array([0.69241265]), 2: array([0.94090063]), 3: array([1.]), 4: array([0.01631514]), 5: array([0.28645057]), 6: array([0.28665699]), 7: array([0.42835192]), 8: array([0.45932425]), 9: array([0.48260209])}
2025-05-12 14:45:43,214 - DEBUG - util_fusion - fusion_dual_defense - client 2 similarity threshold: 0.45930142369834037
2025-05-12 14:45:43,214 - INFO - util_fusion - fusion_dual_defense - client 2 selected fusion benigns: [1, 2, 3, 8, 9]
2025-05-12 14:45:43,222 - DEBUG - util_fusion - fusion_dual_defense - client 3 scores: {0: array([1175.25747707]), 1: array([1175.26730439]), 2: array([1175.27083114]), 3: array([1175.27166993]), 4: array([1175.25770863]), 5: array([1175.26154262]), 6: array([1175.26154555]), 7: array([1175.26355661]), 8: array([1175.2639962]), 9: array([1175.26432657])}
2025-05-12 14:45:43,223 - DEBUG - util_fusion - fusion_dual_defense - client 3 norm scores: {0: array([0.]), 1: array([0.69241265]), 2: array([0.94090063]), 3: array([1.]), 4: array([0.01631514]), 5: array([0.28645057]), 6: array([0.28665699]), 7: array([0.42835192]), 8: array([0.45932425]), 9: array([0.48260209])}
2025-05-12 14:45:43,223 - DEBUG - util_fusion - fusion_dual_defense - client 3 similarity threshold: 0.45930142369834037
2025-05-12 14:45:43,223 - INFO - util_fusion - fusion_dual_defense - client 3 selected fusion benigns: [1, 2, 3, 8, 9]
2025-05-12 14:45:43,231 - DEBUG - util_fusion - fusion_dual_defense - client 4 scores: {0: array([1175.25747707]), 1: array([1175.26730439]), 2: array([1175.27083114]), 3: array([1175.27166993]), 4: array([1175.25770863]), 5: array([1175.26154262]), 6: array([1175.26154555]), 7: array([1175.26355661]), 8: array([1175.2639962]), 9: array([1175.26432657])}
2025-05-12 14:45:43,232 - DEBUG - util_fusion - fusion_dual_defense - client 4 norm scores: {0: array([0.]), 1: array([0.69241265]), 2: array([0.94090063]), 3: array([1.]), 4: array([0.01631514]), 5: array([0.28645057]), 6: array([0.28665699]), 7: array([0.42835192]), 8: array([0.45932425]), 9: array([0.48260209])}
2025-05-12 14:45:43,232 - DEBUG - util_fusion - fusion_dual_defense - client 4 similarity threshold: 0.45930142369834037
2025-05-12 14:45:43,232 - INFO - util_fusion - fusion_dual_defense - client 4 selected fusion benigns: [1, 2, 3, 8, 9]
2025-05-12 14:45:43,240 - DEBUG - util_fusion - fusion_dual_defense - client 5 scores: {0: array([1175.25747707]), 1: array([1175.26730439]), 2: array([1175.27083114]), 3: array([1175.27166993]), 4: array([1175.25770863]), 5: array([1175.26154262]), 6: array([1175.26154555]), 7: array([1175.26355661]), 8: array([1175.2639962]), 9: array([1175.26432657])}
2025-05-12 14:45:43,241 - DEBUG - util_fusion - fusion_dual_defense - client 5 norm scores: {0: array([0.]), 1: array([0.69241265]), 2: array([0.94090063]), 3: array([1.]), 4: array([0.01631514]), 5: array([0.28645057]), 6: array([0.28665699]), 7: array([0.42835192]), 8: array([0.45932425]), 9: array([0.48260209])}
2025-05-12 14:45:43,241 - DEBUG - util_fusion - fusion_dual_defense - client 5 similarity threshold: 0.45930142369834037
2025-05-12 14:45:43,241 - INFO - util_fusion - fusion_dual_defense - client 5 selected fusion benigns: [1, 2, 3, 8, 9]
2025-05-12 14:45:43,249 - DEBUG - util_fusion - fusion_dual_defense - client 6 scores: {0: array([1175.25747707]), 1: array([1175.26730439]), 2: array([1175.27083114]), 3: array([1175.27166993]), 4: array([1175.25770863]), 5: array([1175.26154262]), 6: array([1175.26154555]), 7: array([1175.26355661]), 8: array([1175.2639962]), 9: array([1175.26432657])}
2025-05-12 14:45:43,250 - DEBUG - util_fusion - fusion_dual_defense - client 6 norm scores: {0: array([0.]), 1: array([0.69241265]), 2: array([0.94090063]), 3: array([1.]), 4: array([0.01631514]), 5: array([0.28645057]), 6: array([0.28665699]), 7: array([0.42835192]), 8: array([0.45932425]), 9: array([0.48260209])}
2025-05-12 14:45:43,250 - DEBUG - util_fusion - fusion_dual_defense - client 6 similarity threshold: 0.45930142369834037
2025-05-12 14:45:43,250 - INFO - util_fusion - fusion_dual_defense - client 6 selected fusion benigns: [1, 2, 3, 8, 9]
2025-05-12 14:45:43,258 - DEBUG - util_fusion - fusion_dual_defense - client 7 scores: {0: array([1175.25747707]), 1: array([1175.26730439]), 2: array([1175.27083114]), 3: array([1175.27166993]), 4: array([1175.25770863]), 5: array([1175.26154262]), 6: array([1175.26154555]), 7: array([1175.26355661]), 8: array([1175.2639962]), 9: array([1175.26432657])}
2025-05-12 14:45:43,259 - DEBUG - util_fusion - fusion_dual_defense - client 7 norm scores: {0: array([0.]), 1: array([0.69241265]), 2: array([0.94090063]), 3: array([1.]), 4: array([0.01631514]), 5: array([0.28645057]), 6: array([0.28665699]), 7: array([0.42835192]), 8: array([0.45932425]), 9: array([0.48260209])}
2025-05-12 14:45:43,259 - DEBUG - util_fusion - fusion_dual_defense - client 7 similarity threshold: 0.45930142369834037
2025-05-12 14:45:43,259 - INFO - util_fusion - fusion_dual_defense - client 7 selected fusion benigns: [1, 2, 3, 8, 9]
2025-05-12 14:45:43,267 - DEBUG - util_fusion - fusion_dual_defense - client 8 scores: {0: array([1175.25747707]), 1: array([1175.26730439]), 2: array([1175.27083114]), 3: array([1175.27166993]), 4: array([1175.25770863]), 5: array([1175.26154262]), 6: array([1175.26154555]), 7: array([1175.26355661]), 8: array([1175.2639962]), 9: array([1175.26432657])}
2025-05-12 14:45:43,268 - DEBUG - util_fusion - fusion_dual_defense - client 8 norm scores: {0: array([0.]), 1: array([0.69241265]), 2: array([0.94090063]), 3: array([1.]), 4: array([0.01631514]), 5: array([0.28645057]), 6: array([0.28665699]), 7: array([0.42835192]), 8: array([0.45932425]), 9: array([0.48260209])}
2025-05-12 14:45:43,268 - DEBUG - util_fusion - fusion_dual_defense - client 8 similarity threshold: 0.45930142369834037
2025-05-12 14:45:43,268 - INFO - util_fusion - fusion_dual_defense - client 8 selected fusion benigns: [1, 2, 3, 8, 9]
2025-05-12 14:45:43,276 - DEBUG - util_fusion - fusion_dual_defense - client 9 scores: {0: array([1175.25747707]), 1: array([1175.26730439]), 2: array([1175.27083114]), 3: array([1175.27166993]), 4: array([1175.25770863]), 5: array([1175.26154262]), 6: array([1175.26154555]), 7: array([1175.26355661]), 8: array([1175.2639962]), 9: array([1175.26432657])}
2025-05-12 14:45:43,277 - DEBUG - util_fusion - fusion_dual_defense - client 9 norm scores: {0: array([0.]), 1: array([0.69241265]), 2: array([0.94090063]), 3: array([1.]), 4: array([0.01631514]), 5: array([0.28645057]), 6: array([0.28665699]), 7: array([0.42835192]), 8: array([0.45932425]), 9: array([0.48260209])}
2025-05-12 14:45:43,277 - DEBUG - util_fusion - fusion_dual_defense - client 9 similarity threshold: 0.45930142369834037
2025-05-12 14:45:43,277 - INFO - util_fusion - fusion_dual_defense - client 9 selected fusion benigns: [1, 2, 3, 8, 9]
2025-05-12 14:45:43,277 - DEBUG - util_fusion - fusion_dual_defense - final fusion benigns: (1, 2, 3, 8, 9)
2025-05-12 14:45:44,952 - INFO - fl - start - global side -  test accuracy: 10.28
2025-05-12 14:45:44,952 - INFO - fl - start - global side iteration 24 -  test accuracy: 10.28
2025-05-12 14:45:44,952 - INFO - fl - start - start training round 25
2025-05-12 14:45:44,954 - INFO - fl - start - round 25 attackers: [9, 3]
2025-05-12 14:45:44,954 - INFO - fl - start - start client 0 training
2025-05-12 14:45:44,954 - INFO - fl - client_local_train - client 0 start local training ...
2025-05-12 14:45:46,784 - INFO - fl - start - end client 0 training
2025-05-12 14:45:46,784 - INFO - fl - start - client 0 evaluation metrics: {'train_loss': 60134.523137019234, 'test_acc': 11.35}
2025-05-12 14:45:46,784 - INFO - fl - start - start client 1 training
2025-05-12 14:45:46,784 - INFO - fl - client_local_train - client 1 start local training ...
2025-05-12 14:45:53,484 - INFO - fl - start - end client 1 training
2025-05-12 14:45:53,484 - INFO - fl - start - client 1 evaluation metrics: {'train_loss': 679.6502908735133, 'test_acc': 10.1}
2025-05-12 14:45:53,484 - INFO - fl - start - start client 2 training
2025-05-12 14:45:53,484 - INFO - fl - client_local_train - client 2 start local training ...
2025-05-12 14:46:01,969 - INFO - fl - start - end client 2 training
2025-05-12 14:46:01,969 - INFO - fl - start - client 2 evaluation metrics: {'train_loss': 785.9417394339368, 'test_acc': 11.35}
2025-05-12 14:46:01,969 - INFO - fl - start - start client 3 training
2025-05-12 14:46:01,969 - INFO - fl - client_local_train - client 3 start local training ...
2025-05-12 14:46:07,990 - INFO - fl - client_local_train - client 3 is attacker, start poisoning model
2025-05-12 14:46:13,849 - INFO - fl - start - end client 3 training
2025-05-12 14:46:13,849 - INFO - fl - start - client 3 evaluation metrics: {'train_loss': 46153.64142648797, 'test_acc': 9.58}
2025-05-12 14:46:13,849 - INFO - fl - start - start client 4 training
2025-05-12 14:46:13,849 - INFO - fl - client_local_train - client 4 start local training ...
2025-05-12 14:46:15,884 - INFO - fl - start - end client 4 training
2025-05-12 14:46:15,884 - INFO - fl - start - client 4 evaluation metrics: {'train_loss': 130.53213673830032, 'test_acc': 9.58}
2025-05-12 14:46:15,884 - INFO - fl - start - start client 5 training
2025-05-12 14:46:15,884 - INFO - fl - client_local_train - client 5 start local training ...
2025-05-12 14:46:19,799 - INFO - fl - start - end client 5 training
2025-05-12 14:46:19,799 - INFO - fl - start - client 5 evaluation metrics: {'train_loss': nan, 'test_acc': 9.8}
2025-05-12 14:46:19,799 - INFO - fl - start - start client 6 training
2025-05-12 14:46:19,800 - INFO - fl - client_local_train - client 6 start local training ...
2025-05-12 14:46:23,757 - INFO - fl - start - end client 6 training
2025-05-12 14:46:23,757 - INFO - fl - start - client 6 evaluation metrics: {'train_loss': 54342.13503605769, 'test_acc': 10.28}
2025-05-12 14:46:23,757 - INFO - fl - start - start client 7 training
2025-05-12 14:46:23,757 - INFO - fl - client_local_train - client 7 start local training ...
2025-05-12 14:46:28,632 - INFO - fl - start - end client 7 training
2025-05-12 14:46:28,632 - INFO - fl - start - client 7 evaluation metrics: {'train_loss': 88790.59161931818, 'test_acc': 10.1}
2025-05-12 14:46:28,632 - INFO - fl - start - start client 8 training
2025-05-12 14:46:28,632 - INFO - fl - client_local_train - client 8 start local training ...
2025-05-12 14:46:33,695 - INFO - fl - start - end client 8 training
2025-05-12 14:46:33,695 - INFO - fl - start - client 8 evaluation metrics: {'train_loss': 2448.112731831048, 'test_acc': 9.74}
2025-05-12 14:46:33,695 - INFO - fl - start - start client 9 training
2025-05-12 14:46:33,695 - INFO - fl - client_local_train - client 9 start local training ...
2025-05-12 14:46:36,832 - INFO - fl - client_local_train - client 9 is attacker, start poisoning model
2025-05-12 14:46:41,126 - INFO - fl - start - end client 9 training
2025-05-12 14:46:41,126 - INFO - fl - start - client 9 evaluation metrics: {'train_loss': 189.60330847537878, 'test_acc': 9.82}
2025-05-12 14:46:41,126 - INFO - fl - aggregate_model - start model aggregation...fusion method: dual_defense
2025-05-12 14:46:41,126 - INFO - fl - aggregate_model - start hyper-guard fusion with epsilon 0.01
2025-05-12 14:46:41,126 - INFO - fl - aggregate_model - round 25 attackers: [9, 3]
2025-05-12 14:46:51,800 - DEBUG - util_fusion - fusion_dual_defense - client 0 scores: {0: array([1240.44870469]), 1: array([1240.45821748]), 2: array([1240.46116255]), 3: array([1240.46191676]), 4: array([1240.44887957]), 5: array([7.6257297e+12]), 6: array([1240.45276145]), 7: array([1240.45478441]), 8: array([1240.4551283]), 9: array([1240.4556119])}
2025-05-12 14:46:51,801 - DEBUG - util_fusion - fusion_dual_defense - client 0 norm scores: {0: array([0.]), 1: array([1.24745925e-15]), 2: array([1.63366037e-15]), 3: array([1.73256439e-15]), 4: array([2.29328078e-17]), 5: array([1.]), 6: array([5.31982388e-16]), 7: array([7.97263041e-16]), 8: array([8.42359832e-16]), 9: array([9.05775948e-16])}
2025-05-12 14:46:51,801 - DEBUG - util_fusion - fusion_dual_defense - client 0 similarity threshold: 0.10000000000000078
2025-05-12 14:46:51,801 - INFO - util_fusion - fusion_dual_defense - client 0 selected fusion benigns: [5]
2025-05-12 14:46:51,810 - DEBUG - util_fusion - fusion_dual_defense - client 1 scores: {0: array([1240.44870469]), 1: array([1240.45821748]), 2: array([1240.46116255]), 3: array([1240.46191676]), 4: array([1240.44887957]), 5: array([7.6257297e+12]), 6: array([1240.45276145]), 7: array([1240.45478441]), 8: array([1240.4551283]), 9: array([1240.4556119])}
2025-05-12 14:46:51,810 - DEBUG - util_fusion - fusion_dual_defense - client 1 norm scores: {0: array([0.]), 1: array([1.24745925e-15]), 2: array([1.63366037e-15]), 3: array([1.73256439e-15]), 4: array([2.29328078e-17]), 5: array([1.]), 6: array([5.31982388e-16]), 7: array([7.97263041e-16]), 8: array([8.42359832e-16]), 9: array([9.05775948e-16])}
2025-05-12 14:46:51,810 - DEBUG - util_fusion - fusion_dual_defense - client 1 similarity threshold: 0.10000000000000078
2025-05-12 14:46:51,810 - INFO - util_fusion - fusion_dual_defense - client 1 selected fusion benigns: [5]
2025-05-12 14:46:51,819 - DEBUG - util_fusion - fusion_dual_defense - client 2 scores: {0: array([1240.44870469]), 1: array([1240.45821748]), 2: array([1240.46116255]), 3: array([1240.46191676]), 4: array([1240.44887957]), 5: array([7.6257297e+12]), 6: array([1240.45276145]), 7: array([1240.45478441]), 8: array([1240.4551283]), 9: array([1240.4556119])}
2025-05-12 14:46:51,819 - DEBUG - util_fusion - fusion_dual_defense - client 2 norm scores: {0: array([0.]), 1: array([1.24745925e-15]), 2: array([1.63366037e-15]), 3: array([1.73256439e-15]), 4: array([2.29328078e-17]), 5: array([1.]), 6: array([5.31982388e-16]), 7: array([7.97263041e-16]), 8: array([8.42359832e-16]), 9: array([9.05775948e-16])}
2025-05-12 14:46:51,819 - DEBUG - util_fusion - fusion_dual_defense - client 2 similarity threshold: 0.10000000000000078
2025-05-12 14:46:51,820 - INFO - util_fusion - fusion_dual_defense - client 2 selected fusion benigns: [5]
2025-05-12 14:46:51,828 - DEBUG - util_fusion - fusion_dual_defense - client 3 scores: {0: array([1240.44870469]), 1: array([1240.45821748]), 2: array([1240.46116255]), 3: array([1240.46191676]), 4: array([1240.44887957]), 5: array([7.6257297e+12]), 6: array([1240.45276145]), 7: array([1240.45478441]), 8: array([1240.4551283]), 9: array([1240.4556119])}
2025-05-12 14:46:51,828 - DEBUG - util_fusion - fusion_dual_defense - client 3 norm scores: {0: array([0.]), 1: array([1.24745925e-15]), 2: array([1.63366037e-15]), 3: array([1.73256439e-15]), 4: array([2.29328078e-17]), 5: array([1.]), 6: array([5.31982388e-16]), 7: array([7.97263041e-16]), 8: array([8.42359832e-16]), 9: array([9.05775948e-16])}
2025-05-12 14:46:51,828 - DEBUG - util_fusion - fusion_dual_defense - client 3 similarity threshold: 0.10000000000000078
2025-05-12 14:46:51,829 - INFO - util_fusion - fusion_dual_defense - client 3 selected fusion benigns: [5]
2025-05-12 14:46:51,837 - DEBUG - util_fusion - fusion_dual_defense - client 4 scores: {0: array([1240.44870469]), 1: array([1240.45821748]), 2: array([1240.46116255]), 3: array([1240.46191676]), 4: array([1240.44887957]), 5: array([7.6257297e+12]), 6: array([1240.45276145]), 7: array([1240.45478441]), 8: array([1240.4551283]), 9: array([1240.4556119])}
2025-05-12 14:46:51,837 - DEBUG - util_fusion - fusion_dual_defense - client 4 norm scores: {0: array([0.]), 1: array([1.24745925e-15]), 2: array([1.63366037e-15]), 3: array([1.73256439e-15]), 4: array([2.29328078e-17]), 5: array([1.]), 6: array([5.31982388e-16]), 7: array([7.97263041e-16]), 8: array([8.42359832e-16]), 9: array([9.05775948e-16])}
2025-05-12 14:46:51,838 - DEBUG - util_fusion - fusion_dual_defense - client 4 similarity threshold: 0.10000000000000078
2025-05-12 14:46:51,838 - INFO - util_fusion - fusion_dual_defense - client 4 selected fusion benigns: [5]
2025-05-12 14:46:51,846 - DEBUG - util_fusion - fusion_dual_defense - client 5 scores: {0: array([1240.44870469]), 1: array([1240.45821748]), 2: array([1240.46116255]), 3: array([1240.46191676]), 4: array([1240.44887957]), 5: array([7.6257297e+12]), 6: array([1240.45276145]), 7: array([1240.45478441]), 8: array([1240.4551283]), 9: array([1240.4556119])}
2025-05-12 14:46:51,846 - DEBUG - util_fusion - fusion_dual_defense - client 5 norm scores: {0: array([0.]), 1: array([1.24745925e-15]), 2: array([1.63366037e-15]), 3: array([1.73256439e-15]), 4: array([2.29328078e-17]), 5: array([1.]), 6: array([5.31982388e-16]), 7: array([7.97263041e-16]), 8: array([8.42359832e-16]), 9: array([9.05775948e-16])}
2025-05-12 14:46:51,847 - DEBUG - util_fusion - fusion_dual_defense - client 5 similarity threshold: 0.10000000000000078
2025-05-12 14:46:51,847 - INFO - util_fusion - fusion_dual_defense - client 5 selected fusion benigns: [5]
2025-05-12 14:46:51,855 - DEBUG - util_fusion - fusion_dual_defense - client 6 scores: {0: array([1240.44870469]), 1: array([1240.45821748]), 2: array([1240.46116255]), 3: array([1240.46191676]), 4: array([1240.44887957]), 5: array([7.6257297e+12]), 6: array([1240.45276145]), 7: array([1240.45478441]), 8: array([1240.4551283]), 9: array([1240.4556119])}
2025-05-12 14:46:51,856 - DEBUG - util_fusion - fusion_dual_defense - client 6 norm scores: {0: array([0.]), 1: array([1.24745925e-15]), 2: array([1.63366037e-15]), 3: array([1.73256439e-15]), 4: array([2.29328078e-17]), 5: array([1.]), 6: array([5.31982388e-16]), 7: array([7.97263041e-16]), 8: array([8.42359832e-16]), 9: array([9.05775948e-16])}
2025-05-12 14:46:51,856 - DEBUG - util_fusion - fusion_dual_defense - client 6 similarity threshold: 0.10000000000000078
2025-05-12 14:46:51,856 - INFO - util_fusion - fusion_dual_defense - client 6 selected fusion benigns: [5]
2025-05-12 14:46:51,864 - DEBUG - util_fusion - fusion_dual_defense - client 7 scores: {0: array([1240.44870469]), 1: array([1240.45821748]), 2: array([1240.46116255]), 3: array([1240.46191676]), 4: array([1240.44887957]), 5: array([7.6257297e+12]), 6: array([1240.45276145]), 7: array([1240.45478441]), 8: array([1240.4551283]), 9: array([1240.4556119])}
2025-05-12 14:46:51,865 - DEBUG - util_fusion - fusion_dual_defense - client 7 norm scores: {0: array([0.]), 1: array([1.24745925e-15]), 2: array([1.63366037e-15]), 3: array([1.73256439e-15]), 4: array([2.29328078e-17]), 5: array([1.]), 6: array([5.31982388e-16]), 7: array([7.97263041e-16]), 8: array([8.42359832e-16]), 9: array([9.05775948e-16])}
2025-05-12 14:46:51,865 - DEBUG - util_fusion - fusion_dual_defense - client 7 similarity threshold: 0.10000000000000078
2025-05-12 14:46:51,865 - INFO - util_fusion - fusion_dual_defense - client 7 selected fusion benigns: [5]
2025-05-12 14:46:51,873 - DEBUG - util_fusion - fusion_dual_defense - client 8 scores: {0: array([1240.44870469]), 1: array([1240.45821748]), 2: array([1240.46116255]), 3: array([1240.46191676]), 4: array([1240.44887957]), 5: array([7.6257297e+12]), 6: array([1240.45276145]), 7: array([1240.45478441]), 8: array([1240.4551283]), 9: array([1240.4556119])}
2025-05-12 14:46:51,874 - DEBUG - util_fusion - fusion_dual_defense - client 8 norm scores: {0: array([0.]), 1: array([1.24745925e-15]), 2: array([1.63366037e-15]), 3: array([1.73256439e-15]), 4: array([2.29328078e-17]), 5: array([1.]), 6: array([5.31982388e-16]), 7: array([7.97263041e-16]), 8: array([8.42359832e-16]), 9: array([9.05775948e-16])}
2025-05-12 14:46:51,874 - DEBUG - util_fusion - fusion_dual_defense - client 8 similarity threshold: 0.10000000000000078
2025-05-12 14:46:51,874 - INFO - util_fusion - fusion_dual_defense - client 8 selected fusion benigns: [5]
2025-05-12 14:46:51,882 - DEBUG - util_fusion - fusion_dual_defense - client 9 scores: {0: array([1240.44870469]), 1: array([1240.45821748]), 2: array([1240.46116255]), 3: array([1240.46191676]), 4: array([1240.44887957]), 5: array([7.6257297e+12]), 6: array([1240.45276145]), 7: array([1240.45478441]), 8: array([1240.4551283]), 9: array([1240.4556119])}
2025-05-12 14:46:51,883 - DEBUG - util_fusion - fusion_dual_defense - client 9 norm scores: {0: array([0.]), 1: array([1.24745925e-15]), 2: array([1.63366037e-15]), 3: array([1.73256439e-15]), 4: array([2.29328078e-17]), 5: array([1.]), 6: array([5.31982388e-16]), 7: array([7.97263041e-16]), 8: array([8.42359832e-16]), 9: array([9.05775948e-16])}
2025-05-12 14:46:51,883 - DEBUG - util_fusion - fusion_dual_defense - client 9 similarity threshold: 0.10000000000000078
2025-05-12 14:46:51,883 - INFO - util_fusion - fusion_dual_defense - client 9 selected fusion benigns: [5]
2025-05-12 14:46:51,883 - DEBUG - util_fusion - fusion_dual_defense - final fusion benigns: (5,)
2025-05-12 14:46:53,337 - INFO - fl - start - global side -  test accuracy: 9.8
2025-05-12 14:46:53,337 - INFO - fl - start - global side iteration 25 -  test accuracy: 9.8
2025-05-12 14:46:53,337 - INFO - fl - start - start training round 26
2025-05-12 14:46:53,339 - INFO - fl - start - round 26 attackers: [6, 7]
2025-05-12 14:46:53,339 - INFO - fl - start - start client 0 training
2025-05-12 14:46:53,339 - INFO - fl - client_local_train - client 0 start local training ...
2025-05-12 14:46:55,186 - INFO - fl - start - end client 0 training
2025-05-12 14:46:55,186 - INFO - fl - start - client 0 evaluation metrics: {'train_loss': 1.6362177500357995, 'test_acc': 11.35}
2025-05-12 14:46:55,186 - INFO - fl - start - start client 1 training
2025-05-12 14:46:55,186 - INFO - fl - client_local_train - client 1 start local training ...
2025-05-12 14:47:01,892 - INFO - fl - start - end client 1 training
2025-05-12 14:47:01,892 - INFO - fl - start - client 1 evaluation metrics: {'train_loss': nan, 'test_acc': 9.8}
2025-05-12 14:47:01,892 - INFO - fl - start - start client 2 training
2025-05-12 14:47:01,892 - INFO - fl - client_local_train - client 2 start local training ...
2025-05-12 14:47:10,401 - INFO - fl - start - end client 2 training
2025-05-12 14:47:10,402 - INFO - fl - start - client 2 evaluation metrics: {'train_loss': nan, 'test_acc': 9.8}
2025-05-12 14:47:10,402 - INFO - fl - start - start client 3 training
2025-05-12 14:47:10,402 - INFO - fl - client_local_train - client 3 start local training ...
2025-05-12 14:47:19,364 - INFO - fl - start - end client 3 training
2025-05-12 14:47:19,364 - INFO - fl - start - client 3 evaluation metrics: {'train_loss': nan, 'test_acc': 9.8}
2025-05-12 14:47:19,365 - INFO - fl - start - start client 4 training
2025-05-12 14:47:19,365 - INFO - fl - client_local_train - client 4 start local training ...
2025-05-12 14:47:21,394 - INFO - fl - start - end client 4 training
2025-05-12 14:47:21,395 - INFO - fl - start - client 4 evaluation metrics: {'train_loss': nan, 'test_acc': 9.8}
2025-05-12 14:47:21,395 - INFO - fl - start - start client 5 training
2025-05-12 14:47:21,395 - INFO - fl - client_local_train - client 5 start local training ...
2025-05-12 14:47:25,326 - INFO - fl - start - end client 5 training
2025-05-12 14:47:25,326 - INFO - fl - start - client 5 evaluation metrics: {'train_loss': 1.1611918073434095, 'test_acc': 9.8}
2025-05-12 14:47:25,326 - INFO - fl - start - start client 6 training
2025-05-12 14:47:25,326 - INFO - fl - client_local_train - client 6 start local training ...
2025-05-12 14:47:27,400 - INFO - fl - client_local_train - client 6 is attacker, start poisoning model
2025-05-12 14:47:31,136 - INFO - fl - start - end client 6 training
2025-05-12 14:47:31,136 - INFO - fl - start - client 6 evaluation metrics: {'train_loss': nan, 'test_acc': 9.8}
2025-05-12 14:47:31,136 - INFO - fl - start - start client 7 training
2025-05-12 14:47:31,136 - INFO - fl - client_local_train - client 7 start local training ...
2025-05-12 14:47:33,933 - INFO - fl - client_local_train - client 7 is attacker, start poisoning model
2025-05-12 14:47:38,072 - INFO - fl - start - end client 7 training
2025-05-12 14:47:38,072 - INFO - fl - start - client 7 evaluation metrics: {'train_loss': nan, 'test_acc': 9.8}
2025-05-12 14:47:38,072 - INFO - fl - start - start client 8 training
2025-05-12 14:47:38,072 - INFO - fl - client_local_train - client 8 start local training ...
2025-05-12 14:47:43,161 - INFO - fl - start - end client 8 training
2025-05-12 14:47:43,161 - INFO - fl - start - client 8 evaluation metrics: {'train_loss': nan, 'test_acc': 9.8}
2025-05-12 14:47:43,161 - INFO - fl - start - start client 9 training
2025-05-12 14:47:43,161 - INFO - fl - client_local_train - client 9 start local training ...
2025-05-12 14:47:48,464 - INFO - fl - start - end client 9 training
2025-05-12 14:47:48,464 - INFO - fl - start - client 9 evaluation metrics: {'train_loss': 0.8800598455197883, 'test_acc': 9.82}
2025-05-12 14:47:48,464 - INFO - fl - aggregate_model - start model aggregation...fusion method: dual_defense
2025-05-12 14:47:48,464 - INFO - fl - aggregate_model - start hyper-guard fusion with epsilon 0.01
2025-05-12 14:47:48,464 - INFO - fl - aggregate_model - round 26 attackers: [6, 7]
2025-05-12 14:47:59,388 - DEBUG - util_fusion - fusion_dual_defense - client 0 scores: {0: array([2.14807449e-06]), 1: array([4.75419008e+12]), 2: array([4.75419008e+12]), 3: array([4.75419008e+12]), 4: array([4.75419008e+12]), 5: array([3.04785162e-05]), 6: array([4.75419008e+12]), 7: array([4.75419008e+12]), 8: array([4.75419008e+12]), 9: array([7.59459599e-06])}
2025-05-12 14:47:59,389 - DEBUG - util_fusion - fusion_dual_defense - client 0 norm scores: {0: array([0.]), 1: array([1.]), 2: array([1.]), 3: array([1.]), 4: array([1.]), 5: array([5.95904691e-18]), 6: array([1.]), 7: array([1.]), 8: array([1.]), 9: array([1.14562553e-18])}
2025-05-12 14:47:59,389 - DEBUG - util_fusion - fusion_dual_defense - client 0 similarity threshold: 0.6999999999999998
2025-05-12 14:47:59,389 - INFO - util_fusion - fusion_dual_defense - client 0 selected fusion benigns: [1, 2, 3, 4, 6, 7, 8]
2025-05-12 14:47:59,398 - DEBUG - util_fusion - fusion_dual_defense - client 1 scores: {0: array([2.14807449e-06]), 1: array([4.75419008e+12]), 2: array([4.75419008e+12]), 3: array([4.75419008e+12]), 4: array([4.75419008e+12]), 5: array([3.04785162e-05]), 6: array([4.75419008e+12]), 7: array([4.75419008e+12]), 8: array([4.75419008e+12]), 9: array([7.59459599e-06])}
2025-05-12 14:47:59,399 - DEBUG - util_fusion - fusion_dual_defense - client 1 norm scores: {0: array([0.]), 1: array([1.]), 2: array([1.]), 3: array([1.]), 4: array([1.]), 5: array([5.95904691e-18]), 6: array([1.]), 7: array([1.]), 8: array([1.]), 9: array([1.14562553e-18])}
2025-05-12 14:47:59,399 - DEBUG - util_fusion - fusion_dual_defense - client 1 similarity threshold: 0.6999999999999998
2025-05-12 14:47:59,399 - INFO - util_fusion - fusion_dual_defense - client 1 selected fusion benigns: [1, 2, 3, 4, 6, 7, 8]
2025-05-12 14:47:59,407 - DEBUG - util_fusion - fusion_dual_defense - client 2 scores: {0: array([2.14807449e-06]), 1: array([4.75419008e+12]), 2: array([4.75419008e+12]), 3: array([4.75419008e+12]), 4: array([4.75419008e+12]), 5: array([3.04785162e-05]), 6: array([4.75419008e+12]), 7: array([4.75419008e+12]), 8: array([4.75419008e+12]), 9: array([7.59459599e-06])}
2025-05-12 14:47:59,408 - DEBUG - util_fusion - fusion_dual_defense - client 2 norm scores: {0: array([0.]), 1: array([1.]), 2: array([1.]), 3: array([1.]), 4: array([1.]), 5: array([5.95904691e-18]), 6: array([1.]), 7: array([1.]), 8: array([1.]), 9: array([1.14562553e-18])}
2025-05-12 14:47:59,408 - DEBUG - util_fusion - fusion_dual_defense - client 2 similarity threshold: 0.6999999999999998
2025-05-12 14:47:59,408 - INFO - util_fusion - fusion_dual_defense - client 2 selected fusion benigns: [1, 2, 3, 4, 6, 7, 8]
2025-05-12 14:47:59,416 - DEBUG - util_fusion - fusion_dual_defense - client 3 scores: {0: array([2.14807449e-06]), 1: array([4.75419008e+12]), 2: array([4.75419008e+12]), 3: array([4.75419008e+12]), 4: array([4.75419008e+12]), 5: array([3.04785162e-05]), 6: array([4.75419008e+12]), 7: array([4.75419008e+12]), 8: array([4.75419008e+12]), 9: array([7.59459599e-06])}
2025-05-12 14:47:59,417 - DEBUG - util_fusion - fusion_dual_defense - client 3 norm scores: {0: array([0.]), 1: array([1.]), 2: array([1.]), 3: array([1.]), 4: array([1.]), 5: array([5.95904691e-18]), 6: array([1.]), 7: array([1.]), 8: array([1.]), 9: array([1.14562553e-18])}
2025-05-12 14:47:59,417 - DEBUG - util_fusion - fusion_dual_defense - client 3 similarity threshold: 0.6999999999999998
2025-05-12 14:47:59,417 - INFO - util_fusion - fusion_dual_defense - client 3 selected fusion benigns: [1, 2, 3, 4, 6, 7, 8]
2025-05-12 14:47:59,426 - DEBUG - util_fusion - fusion_dual_defense - client 4 scores: {0: array([2.14807449e-06]), 1: array([4.75419008e+12]), 2: array([4.75419008e+12]), 3: array([4.75419008e+12]), 4: array([4.75419008e+12]), 5: array([3.04785162e-05]), 6: array([4.75419008e+12]), 7: array([4.75419008e+12]), 8: array([4.75419008e+12]), 9: array([7.59459599e-06])}
2025-05-12 14:47:59,426 - DEBUG - util_fusion - fusion_dual_defense - client 4 norm scores: {0: array([0.]), 1: array([1.]), 2: array([1.]), 3: array([1.]), 4: array([1.]), 5: array([5.95904691e-18]), 6: array([1.]), 7: array([1.]), 8: array([1.]), 9: array([1.14562553e-18])}
2025-05-12 14:47:59,426 - DEBUG - util_fusion - fusion_dual_defense - client 4 similarity threshold: 0.6999999999999998
2025-05-12 14:47:59,426 - INFO - util_fusion - fusion_dual_defense - client 4 selected fusion benigns: [1, 2, 3, 4, 6, 7, 8]
2025-05-12 14:47:59,435 - DEBUG - util_fusion - fusion_dual_defense - client 5 scores: {0: array([2.14807449e-06]), 1: array([4.75419008e+12]), 2: array([4.75419008e+12]), 3: array([4.75419008e+12]), 4: array([4.75419008e+12]), 5: array([3.04785162e-05]), 6: array([4.75419008e+12]), 7: array([4.75419008e+12]), 8: array([4.75419008e+12]), 9: array([7.59459599e-06])}
2025-05-12 14:47:59,436 - DEBUG - util_fusion - fusion_dual_defense - client 5 norm scores: {0: array([0.]), 1: array([1.]), 2: array([1.]), 3: array([1.]), 4: array([1.]), 5: array([5.95904691e-18]), 6: array([1.]), 7: array([1.]), 8: array([1.]), 9: array([1.14562553e-18])}
2025-05-12 14:47:59,436 - DEBUG - util_fusion - fusion_dual_defense - client 5 similarity threshold: 0.6999999999999998
2025-05-12 14:47:59,436 - INFO - util_fusion - fusion_dual_defense - client 5 selected fusion benigns: [1, 2, 3, 4, 6, 7, 8]
2025-05-12 14:47:59,444 - DEBUG - util_fusion - fusion_dual_defense - client 6 scores: {0: array([2.14807449e-06]), 1: array([4.75419008e+12]), 2: array([4.75419008e+12]), 3: array([4.75419008e+12]), 4: array([4.75419008e+12]), 5: array([3.04785162e-05]), 6: array([4.75419008e+12]), 7: array([4.75419008e+12]), 8: array([4.75419008e+12]), 9: array([7.59459599e-06])}
2025-05-12 14:47:59,445 - DEBUG - util_fusion - fusion_dual_defense - client 6 norm scores: {0: array([0.]), 1: array([1.]), 2: array([1.]), 3: array([1.]), 4: array([1.]), 5: array([5.95904691e-18]), 6: array([1.]), 7: array([1.]), 8: array([1.]), 9: array([1.14562553e-18])}
2025-05-12 14:47:59,445 - DEBUG - util_fusion - fusion_dual_defense - client 6 similarity threshold: 0.6999999999999998
2025-05-12 14:47:59,445 - INFO - util_fusion - fusion_dual_defense - client 6 selected fusion benigns: [1, 2, 3, 4, 6, 7, 8]
2025-05-12 14:47:59,454 - DEBUG - util_fusion - fusion_dual_defense - client 7 scores: {0: array([2.14807449e-06]), 1: array([4.75419008e+12]), 2: array([4.75419008e+12]), 3: array([4.75419008e+12]), 4: array([4.75419008e+12]), 5: array([3.04785162e-05]), 6: array([4.75419008e+12]), 7: array([4.75419008e+12]), 8: array([4.75419008e+12]), 9: array([7.59459599e-06])}
2025-05-12 14:47:59,454 - DEBUG - util_fusion - fusion_dual_defense - client 7 norm scores: {0: array([0.]), 1: array([1.]), 2: array([1.]), 3: array([1.]), 4: array([1.]), 5: array([5.95904691e-18]), 6: array([1.]), 7: array([1.]), 8: array([1.]), 9: array([1.14562553e-18])}
2025-05-12 14:47:59,454 - DEBUG - util_fusion - fusion_dual_defense - client 7 similarity threshold: 0.6999999999999998
2025-05-12 14:47:59,454 - INFO - util_fusion - fusion_dual_defense - client 7 selected fusion benigns: [1, 2, 3, 4, 6, 7, 8]
2025-05-12 14:47:59,463 - DEBUG - util_fusion - fusion_dual_defense - client 8 scores: {0: array([2.14807449e-06]), 1: array([4.75419008e+12]), 2: array([4.75419008e+12]), 3: array([4.75419008e+12]), 4: array([4.75419008e+12]), 5: array([3.04785162e-05]), 6: array([4.75419008e+12]), 7: array([4.75419008e+12]), 8: array([4.75419008e+12]), 9: array([7.59459599e-06])}
2025-05-12 14:47:59,464 - DEBUG - util_fusion - fusion_dual_defense - client 8 norm scores: {0: array([0.]), 1: array([1.]), 2: array([1.]), 3: array([1.]), 4: array([1.]), 5: array([5.95904691e-18]), 6: array([1.]), 7: array([1.]), 8: array([1.]), 9: array([1.14562553e-18])}
2025-05-12 14:47:59,464 - DEBUG - util_fusion - fusion_dual_defense - client 8 similarity threshold: 0.6999999999999998
2025-05-12 14:47:59,464 - INFO - util_fusion - fusion_dual_defense - client 8 selected fusion benigns: [1, 2, 3, 4, 6, 7, 8]
2025-05-12 14:47:59,472 - DEBUG - util_fusion - fusion_dual_defense - client 9 scores: {0: array([2.14807449e-06]), 1: array([4.75419008e+12]), 2: array([4.75419008e+12]), 3: array([4.75419008e+12]), 4: array([4.75419008e+12]), 5: array([3.04785162e-05]), 6: array([4.75419008e+12]), 7: array([4.75419008e+12]), 8: array([4.75419008e+12]), 9: array([7.59459599e-06])}
2025-05-12 14:47:59,473 - DEBUG - util_fusion - fusion_dual_defense - client 9 norm scores: {0: array([0.]), 1: array([1.]), 2: array([1.]), 3: array([1.]), 4: array([1.]), 5: array([5.95904691e-18]), 6: array([1.]), 7: array([1.]), 8: array([1.]), 9: array([1.14562553e-18])}
2025-05-12 14:47:59,473 - DEBUG - util_fusion - fusion_dual_defense - client 9 similarity threshold: 0.6999999999999998
2025-05-12 14:47:59,473 - INFO - util_fusion - fusion_dual_defense - client 9 selected fusion benigns: [1, 2, 3, 4, 6, 7, 8]
2025-05-12 14:47:59,473 - DEBUG - util_fusion - fusion_dual_defense - final fusion benigns: (1, 2, 3, 4, 6, 7, 8)
2025-05-12 14:48:01,254 - INFO - fl - start - global side -  test accuracy: 9.8
2025-05-12 14:48:01,254 - INFO - fl - start - global side iteration 26 -  test accuracy: 9.8
2025-05-12 14:48:01,255 - INFO - fl - start - start training round 27
2025-05-12 14:48:01,256 - INFO - fl - start - round 27 attackers: [9, 1]
2025-05-12 14:48:01,256 - INFO - fl - start - start client 0 training
2025-05-12 14:48:01,256 - INFO - fl - client_local_train - client 0 start local training ...
2025-05-12 14:48:03,085 - INFO - fl - start - end client 0 training
2025-05-12 14:48:03,086 - INFO - fl - start - client 0 evaluation metrics: {'train_loss': 18121610130983.383, 'test_acc': 10.09}
2025-05-12 14:48:03,086 - INFO - fl - start - start client 1 training
2025-05-12 14:48:03,086 - INFO - fl - client_local_train - client 1 start local training ...
2025-05-12 14:48:07,339 - INFO - fl - client_local_train - client 1 is attacker, start poisoning model
2025-05-12 14:48:12,233 - INFO - fl - start - end client 1 training
2025-05-12 14:48:12,233 - INFO - fl - start - client 1 evaluation metrics: {'train_loss': 4737629566741000.0, 'test_acc': 9.8}
2025-05-12 14:48:12,233 - INFO - fl - start - start client 2 training
2025-05-12 14:48:12,233 - INFO - fl - client_local_train - client 2 start local training ...
2025-05-12 14:48:20,698 - INFO - fl - start - end client 2 training
2025-05-12 14:48:20,698 - INFO - fl - start - client 2 evaluation metrics: {'train_loss': 16583449894267.686, 'test_acc': 8.92}
2025-05-12 14:48:20,698 - INFO - fl - start - start client 3 training
2025-05-12 14:48:20,698 - INFO - fl - client_local_train - client 3 start local training ...
2025-05-12 14:48:29,669 - INFO - fl - start - end client 3 training
2025-05-12 14:48:29,669 - INFO - fl - start - client 3 evaluation metrics: {'train_loss': 12155432396735.326, 'test_acc': 9.58}
2025-05-12 14:48:29,669 - INFO - fl - start - start client 4 training
2025-05-12 14:48:29,669 - INFO - fl - client_local_train - client 4 start local training ...
2025-05-12 14:48:31,695 - INFO - fl - start - end client 4 training
2025-05-12 14:48:31,695 - INFO - fl - start - client 4 evaluation metrics: {'train_loss': 29334801161329.777, 'test_acc': 8.92}
2025-05-12 14:48:31,695 - INFO - fl - start - start client 5 training
2025-05-12 14:48:31,695 - INFO - fl - client_local_train - client 5 start local training ...
2025-05-12 14:48:35,626 - INFO - fl - start - end client 5 training
2025-05-12 14:48:35,626 - INFO - fl - start - client 5 evaluation metrics: {'train_loss': 9921524605810.215, 'test_acc': 9.8}
2025-05-12 14:48:35,626 - INFO - fl - start - start client 6 training
2025-05-12 14:48:35,626 - INFO - fl - client_local_train - client 6 start local training ...
2025-05-12 14:48:39,552 - INFO - fl - start - end client 6 training
2025-05-12 14:48:39,553 - INFO - fl - start - client 6 evaluation metrics: {'train_loss': 33851844095558.89, 'test_acc': 10.09}
2025-05-12 14:48:39,553 - INFO - fl - start - start client 7 training
2025-05-12 14:48:39,553 - INFO - fl - client_local_train - client 7 start local training ...
2025-05-12 14:48:44,402 - INFO - fl - start - end client 7 training
2025-05-12 14:48:44,402 - INFO - fl - start - client 7 evaluation metrics: {'train_loss': 21418986962944.0, 'test_acc': 10.09}
2025-05-12 14:48:44,402 - INFO - fl - start - start client 8 training
2025-05-12 14:48:44,402 - INFO - fl - client_local_train - client 8 start local training ...
2025-05-12 14:48:49,458 - INFO - fl - start - end client 8 training
2025-05-12 14:48:49,458 - INFO - fl - start - client 8 evaluation metrics: {'train_loss': 15809721240675.098, 'test_acc': 10.28}
2025-05-12 14:48:49,458 - INFO - fl - start - start client 9 training
2025-05-12 14:48:49,458 - INFO - fl - client_local_train - client 9 start local training ...
2025-05-12 14:48:52,605 - INFO - fl - client_local_train - client 9 is attacker, start poisoning model
2025-05-12 14:48:56,918 - INFO - fl - start - end client 9 training
2025-05-12 14:48:56,918 - INFO - fl - start - client 9 evaluation metrics: {'train_loss': 4538577662072149.0, 'test_acc': 8.92}
2025-05-12 14:48:56,918 - INFO - fl - aggregate_model - start model aggregation...fusion method: dual_defense
2025-05-12 14:48:56,918 - INFO - fl - aggregate_model - start hyper-guard fusion with epsilon 0.01
2025-05-12 14:48:56,918 - INFO - fl - aggregate_model - round 27 attackers: [9, 1]
2025-05-12 14:49:07,915 - DEBUG - util_fusion - fusion_dual_defense - client 0 scores: {0: array([9168.50806151]), 1: array([9169.50418186]), 2: array([9169.36289195]), 3: array([9169.37923862]), 4: array([9168.75374371]), 5: array([9169.35127879]), 6: array([9168.91109299]), 7: array([9169.61800192]), 8: array([9169.55646594]), 9: array([9169.65007036])}
2025-05-12 14:49:07,916 - DEBUG - util_fusion - fusion_dual_defense - client 0 norm scores: {0: array([0.]), 1: array([0.87225274]), 2: array([0.74853223]), 3: array([0.7628462]), 4: array([0.21513161]), 5: array([0.73836317]), 6: array([0.3529145]), 7: array([0.97191927]), 8: array([0.91803529]), 9: array([1.])}
2025-05-12 14:49:07,916 - DEBUG - util_fusion - fusion_dual_defense - client 0 similarity threshold: 0.6579995008357333
2025-05-12 14:49:07,916 - INFO - util_fusion - fusion_dual_defense - client 0 selected fusion benigns: [1, 2, 3, 5, 7, 8, 9]
2025-05-12 14:49:07,924 - DEBUG - util_fusion - fusion_dual_defense - client 1 scores: {0: array([9168.50806151]), 1: array([9169.50418186]), 2: array([9169.36289195]), 3: array([9169.37923862]), 4: array([9168.75374371]), 5: array([9169.35127879]), 6: array([9168.91109299]), 7: array([9169.61800192]), 8: array([9169.55646594]), 9: array([9169.65007036])}
2025-05-12 14:49:07,925 - DEBUG - util_fusion - fusion_dual_defense - client 1 norm scores: {0: array([0.]), 1: array([0.87225274]), 2: array([0.74853223]), 3: array([0.7628462]), 4: array([0.21513161]), 5: array([0.73836317]), 6: array([0.3529145]), 7: array([0.97191927]), 8: array([0.91803529]), 9: array([1.])}
2025-05-12 14:49:07,925 - DEBUG - util_fusion - fusion_dual_defense - client 1 similarity threshold: 0.6579995008357333
2025-05-12 14:49:07,925 - INFO - util_fusion - fusion_dual_defense - client 1 selected fusion benigns: [1, 2, 3, 5, 7, 8, 9]
2025-05-12 14:49:07,933 - DEBUG - util_fusion - fusion_dual_defense - client 2 scores: {0: array([9168.50806151]), 1: array([9169.50418186]), 2: array([9169.36289195]), 3: array([9169.37923862]), 4: array([9168.75374371]), 5: array([9169.35127879]), 6: array([9168.91109299]), 7: array([9169.61800192]), 8: array([9169.55646594]), 9: array([9169.65007036])}
2025-05-12 14:49:07,934 - DEBUG - util_fusion - fusion_dual_defense - client 2 norm scores: {0: array([0.]), 1: array([0.87225274]), 2: array([0.74853223]), 3: array([0.7628462]), 4: array([0.21513161]), 5: array([0.73836317]), 6: array([0.3529145]), 7: array([0.97191927]), 8: array([0.91803529]), 9: array([1.])}
2025-05-12 14:49:07,934 - DEBUG - util_fusion - fusion_dual_defense - client 2 similarity threshold: 0.6579995008357333
2025-05-12 14:49:07,934 - INFO - util_fusion - fusion_dual_defense - client 2 selected fusion benigns: [1, 2, 3, 5, 7, 8, 9]
2025-05-12 14:49:07,942 - DEBUG - util_fusion - fusion_dual_defense - client 3 scores: {0: array([9168.50806151]), 1: array([9169.50418186]), 2: array([9169.36289195]), 3: array([9169.37923862]), 4: array([9168.75374371]), 5: array([9169.35127879]), 6: array([9168.91109299]), 7: array([9169.61800192]), 8: array([9169.55646594]), 9: array([9169.65007036])}
2025-05-12 14:49:07,943 - DEBUG - util_fusion - fusion_dual_defense - client 3 norm scores: {0: array([0.]), 1: array([0.87225274]), 2: array([0.74853223]), 3: array([0.7628462]), 4: array([0.21513161]), 5: array([0.73836317]), 6: array([0.3529145]), 7: array([0.97191927]), 8: array([0.91803529]), 9: array([1.])}
2025-05-12 14:49:07,943 - DEBUG - util_fusion - fusion_dual_defense - client 3 similarity threshold: 0.6579995008357333
2025-05-12 14:49:07,943 - INFO - util_fusion - fusion_dual_defense - client 3 selected fusion benigns: [1, 2, 3, 5, 7, 8, 9]
2025-05-12 14:49:07,951 - DEBUG - util_fusion - fusion_dual_defense - client 4 scores: {0: array([9168.50806151]), 1: array([9169.50418186]), 2: array([9169.36289195]), 3: array([9169.37923862]), 4: array([9168.75374371]), 5: array([9169.35127879]), 6: array([9168.91109299]), 7: array([9169.61800192]), 8: array([9169.55646594]), 9: array([9169.65007036])}
2025-05-12 14:49:07,952 - DEBUG - util_fusion - fusion_dual_defense - client 4 norm scores: {0: array([0.]), 1: array([0.87225274]), 2: array([0.74853223]), 3: array([0.7628462]), 4: array([0.21513161]), 5: array([0.73836317]), 6: array([0.3529145]), 7: array([0.97191927]), 8: array([0.91803529]), 9: array([1.])}
2025-05-12 14:49:07,952 - DEBUG - util_fusion - fusion_dual_defense - client 4 similarity threshold: 0.6579995008357333
2025-05-12 14:49:07,952 - INFO - util_fusion - fusion_dual_defense - client 4 selected fusion benigns: [1, 2, 3, 5, 7, 8, 9]
2025-05-12 14:49:07,960 - DEBUG - util_fusion - fusion_dual_defense - client 5 scores: {0: array([9168.50806151]), 1: array([9169.50418186]), 2: array([9169.36289195]), 3: array([9169.37923862]), 4: array([9168.75374371]), 5: array([9169.35127879]), 6: array([9168.91109299]), 7: array([9169.61800192]), 8: array([9169.55646594]), 9: array([9169.65007036])}
2025-05-12 14:49:07,961 - DEBUG - util_fusion - fusion_dual_defense - client 5 norm scores: {0: array([0.]), 1: array([0.87225274]), 2: array([0.74853223]), 3: array([0.7628462]), 4: array([0.21513161]), 5: array([0.73836317]), 6: array([0.3529145]), 7: array([0.97191927]), 8: array([0.91803529]), 9: array([1.])}
2025-05-12 14:49:07,961 - DEBUG - util_fusion - fusion_dual_defense - client 5 similarity threshold: 0.6579995008357333
2025-05-12 14:49:07,961 - INFO - util_fusion - fusion_dual_defense - client 5 selected fusion benigns: [1, 2, 3, 5, 7, 8, 9]
2025-05-12 14:49:07,969 - DEBUG - util_fusion - fusion_dual_defense - client 6 scores: {0: array([9168.50806151]), 1: array([9169.50418186]), 2: array([9169.36289195]), 3: array([9169.37923862]), 4: array([9168.75374371]), 5: array([9169.35127879]), 6: array([9168.91109299]), 7: array([9169.61800192]), 8: array([9169.55646594]), 9: array([9169.65007036])}
2025-05-12 14:49:07,969 - DEBUG - util_fusion - fusion_dual_defense - client 6 norm scores: {0: array([0.]), 1: array([0.87225274]), 2: array([0.74853223]), 3: array([0.7628462]), 4: array([0.21513161]), 5: array([0.73836317]), 6: array([0.3529145]), 7: array([0.97191927]), 8: array([0.91803529]), 9: array([1.])}
2025-05-12 14:49:07,969 - DEBUG - util_fusion - fusion_dual_defense - client 6 similarity threshold: 0.6579995008357333
2025-05-12 14:49:07,970 - INFO - util_fusion - fusion_dual_defense - client 6 selected fusion benigns: [1, 2, 3, 5, 7, 8, 9]
2025-05-12 14:49:07,978 - DEBUG - util_fusion - fusion_dual_defense - client 7 scores: {0: array([9168.50806151]), 1: array([9169.50418186]), 2: array([9169.36289195]), 3: array([9169.37923862]), 4: array([9168.75374371]), 5: array([9169.35127879]), 6: array([9168.91109299]), 7: array([9169.61800192]), 8: array([9169.55646594]), 9: array([9169.65007036])}
2025-05-12 14:49:07,978 - DEBUG - util_fusion - fusion_dual_defense - client 7 norm scores: {0: array([0.]), 1: array([0.87225274]), 2: array([0.74853223]), 3: array([0.7628462]), 4: array([0.21513161]), 5: array([0.73836317]), 6: array([0.3529145]), 7: array([0.97191927]), 8: array([0.91803529]), 9: array([1.])}
2025-05-12 14:49:07,978 - DEBUG - util_fusion - fusion_dual_defense - client 7 similarity threshold: 0.6579995008357333
2025-05-12 14:49:07,978 - INFO - util_fusion - fusion_dual_defense - client 7 selected fusion benigns: [1, 2, 3, 5, 7, 8, 9]
2025-05-12 14:49:07,987 - DEBUG - util_fusion - fusion_dual_defense - client 8 scores: {0: array([9168.50806151]), 1: array([9169.50418186]), 2: array([9169.36289195]), 3: array([9169.37923862]), 4: array([9168.75374371]), 5: array([9169.35127879]), 6: array([9168.91109299]), 7: array([9169.61800192]), 8: array([9169.55646594]), 9: array([9169.65007036])}
2025-05-12 14:49:07,987 - DEBUG - util_fusion - fusion_dual_defense - client 8 norm scores: {0: array([0.]), 1: array([0.87225274]), 2: array([0.74853223]), 3: array([0.7628462]), 4: array([0.21513161]), 5: array([0.73836317]), 6: array([0.3529145]), 7: array([0.97191927]), 8: array([0.91803529]), 9: array([1.])}
2025-05-12 14:49:07,987 - DEBUG - util_fusion - fusion_dual_defense - client 8 similarity threshold: 0.6579995008357333
2025-05-12 14:49:07,987 - INFO - util_fusion - fusion_dual_defense - client 8 selected fusion benigns: [1, 2, 3, 5, 7, 8, 9]
2025-05-12 14:49:07,996 - DEBUG - util_fusion - fusion_dual_defense - client 9 scores: {0: array([9168.50806151]), 1: array([9169.50418186]), 2: array([9169.36289195]), 3: array([9169.37923862]), 4: array([9168.75374371]), 5: array([9169.35127879]), 6: array([9168.91109299]), 7: array([9169.61800192]), 8: array([9169.55646594]), 9: array([9169.65007036])}
2025-05-12 14:49:07,996 - DEBUG - util_fusion - fusion_dual_defense - client 9 norm scores: {0: array([0.]), 1: array([0.87225274]), 2: array([0.74853223]), 3: array([0.7628462]), 4: array([0.21513161]), 5: array([0.73836317]), 6: array([0.3529145]), 7: array([0.97191927]), 8: array([0.91803529]), 9: array([1.])}
2025-05-12 14:49:07,996 - DEBUG - util_fusion - fusion_dual_defense - client 9 similarity threshold: 0.6579995008357333
2025-05-12 14:49:07,996 - INFO - util_fusion - fusion_dual_defense - client 9 selected fusion benigns: [1, 2, 3, 5, 7, 8, 9]
2025-05-12 14:49:07,996 - DEBUG - util_fusion - fusion_dual_defense - final fusion benigns: (1, 2, 3, 5, 7, 8, 9)
2025-05-12 14:49:09,782 - INFO - fl - start - global side -  test accuracy: 8.92
2025-05-12 14:49:09,782 - INFO - fl - start - global side iteration 27 -  test accuracy: 8.92
2025-05-12 14:49:09,782 - INFO - fl - start - start training round 28
2025-05-12 14:49:09,784 - INFO - fl - start - round 28 attackers: [4, 3]
2025-05-12 14:49:09,784 - INFO - fl - start - start client 0 training
2025-05-12 14:49:09,784 - INFO - fl - client_local_train - client 0 start local training ...
2025-05-12 14:49:11,612 - INFO - fl - start - end client 0 training
2025-05-12 14:49:11,612 - INFO - fl - start - client 0 evaluation metrics: {'train_loss': 88845443117371.08, 'test_acc': 10.09}
2025-05-12 14:49:11,612 - INFO - fl - start - start client 1 training
2025-05-12 14:49:11,612 - INFO - fl - client_local_train - client 1 start local training ...
2025-05-12 14:49:18,281 - INFO - fl - start - end client 1 training
2025-05-12 14:49:18,281 - INFO - fl - start - client 1 evaluation metrics: {'train_loss': 512722839997302.44, 'test_acc': 9.82}
2025-05-12 14:49:18,281 - INFO - fl - start - start client 2 training
2025-05-12 14:49:18,281 - INFO - fl - client_local_train - client 2 start local training ...
2025-05-12 14:49:26,797 - INFO - fl - start - end client 2 training
2025-05-12 14:49:26,797 - INFO - fl - start - client 2 evaluation metrics: {'train_loss': 131320907059338.06, 'test_acc': 8.92}
2025-05-12 14:49:26,797 - INFO - fl - start - start client 3 training
2025-05-12 14:49:26,797 - INFO - fl - client_local_train - client 3 start local training ...
2025-05-12 14:49:32,822 - INFO - fl - client_local_train - client 3 is attacker, start poisoning model
2025-05-12 14:49:38,687 - INFO - fl - start - end client 3 training
2025-05-12 14:49:38,687 - INFO - fl - start - client 3 evaluation metrics: {'train_loss': nan, 'test_acc': 9.58}
2025-05-12 14:49:38,687 - INFO - fl - start - start client 4 training
2025-05-12 14:49:38,687 - INFO - fl - client_local_train - client 4 start local training ...
2025-05-12 14:49:39,245 - INFO - fl - client_local_train - client 4 is attacker, start poisoning model
2025-05-12 14:49:42,183 - INFO - fl - start - end client 4 training
2025-05-12 14:49:42,183 - INFO - fl - start - client 4 evaluation metrics: {'train_loss': 1.054350917582484e+16, 'test_acc': 10.29}
2025-05-12 14:49:42,183 - INFO - fl - start - start client 5 training
2025-05-12 14:49:42,183 - INFO - fl - client_local_train - client 5 start local training ...
2025-05-12 14:49:46,098 - INFO - fl - start - end client 5 training
2025-05-12 14:49:46,098 - INFO - fl - start - client 5 evaluation metrics: {'train_loss': 203570121854156.8, 'test_acc': 9.8}
2025-05-12 14:49:46,098 - INFO - fl - start - start client 6 training
2025-05-12 14:49:46,098 - INFO - fl - client_local_train - client 6 start local training ...
2025-05-12 14:49:50,012 - INFO - fl - start - end client 6 training
2025-05-12 14:49:50,012 - INFO - fl - start - client 6 evaluation metrics: {'train_loss': 137257577570934.16, 'test_acc': 10.09}
2025-05-12 14:49:50,012 - INFO - fl - start - start client 7 training
2025-05-12 14:49:50,012 - INFO - fl - client_local_train - client 7 start local training ...
2025-05-12 14:49:54,872 - INFO - fl - start - end client 7 training
2025-05-12 14:49:54,872 - INFO - fl - start - client 7 evaluation metrics: {'train_loss': 143959197220864.0, 'test_acc': 10.09}
2025-05-12 14:49:54,872 - INFO - fl - start - start client 8 training
2025-05-12 14:49:54,872 - INFO - fl - client_local_train - client 8 start local training ...
2025-05-12 14:49:59,947 - INFO - fl - start - end client 8 training
2025-05-12 14:49:59,947 - INFO - fl - start - client 8 evaluation metrics: {'train_loss': 157500925750987.7, 'test_acc': 9.74}
2025-05-12 14:49:59,947 - INFO - fl - start - start client 9 training
2025-05-12 14:49:59,948 - INFO - fl - client_local_train - client 9 start local training ...
2025-05-12 14:50:05,240 - INFO - fl - start - end client 9 training
2025-05-12 14:50:05,240 - INFO - fl - start - client 9 evaluation metrics: {'train_loss': 135983352552230.78, 'test_acc': 8.92}
2025-05-12 14:50:05,240 - INFO - fl - aggregate_model - start model aggregation...fusion method: dual_defense
2025-05-12 14:50:05,240 - INFO - fl - aggregate_model - start hyper-guard fusion with epsilon 0.01
2025-05-12 14:50:05,240 - INFO - fl - aggregate_model - round 28 attackers: [3, 4]
2025-05-12 14:50:16,250 - DEBUG - util_fusion - fusion_dual_defense - client 0 scores: {0: array([542.94260901]), 1: array([542.94314807]), 2: array([542.94965086]), 3: array([542.95558594]), 4: array([542.94144169]), 5: array([542.94537261]), 6: array([542.94369853]), 7: array([542.90041392]), 8: array([542.95408]), 9: array([542.98145273])}
2025-05-12 14:50:16,250 - DEBUG - util_fusion - fusion_dual_defense - client 0 norm scores: {0: array([0.52067763]), 1: array([0.52732946]), 2: array([0.60757239]), 3: array([0.68080986]), 4: array([0.50627314]), 5: array([0.55477981]), 6: array([0.53412195]), 7: array([0.]), 8: array([0.66222687]), 9: array([1.])}
2025-05-12 14:50:16,251 - DEBUG - util_fusion - fusion_dual_defense - client 0 similarity threshold: 0.5593791111765749
2025-05-12 14:50:16,251 - INFO - util_fusion - fusion_dual_defense - client 0 selected fusion benigns: [2, 3, 8, 9]
2025-05-12 14:50:16,259 - DEBUG - util_fusion - fusion_dual_defense - client 1 scores: {0: array([542.94260901]), 1: array([542.94314807]), 2: array([542.94965086]), 3: array([542.95558594]), 4: array([542.94144169]), 5: array([542.94537261]), 6: array([542.94369853]), 7: array([542.90041392]), 8: array([542.95408]), 9: array([542.98145273])}
2025-05-12 14:50:16,260 - DEBUG - util_fusion - fusion_dual_defense - client 1 norm scores: {0: array([0.52067763]), 1: array([0.52732946]), 2: array([0.60757239]), 3: array([0.68080986]), 4: array([0.50627314]), 5: array([0.55477981]), 6: array([0.53412195]), 7: array([0.]), 8: array([0.66222687]), 9: array([1.])}
2025-05-12 14:50:16,260 - DEBUG - util_fusion - fusion_dual_defense - client 1 similarity threshold: 0.5593791111765749
2025-05-12 14:50:16,260 - INFO - util_fusion - fusion_dual_defense - client 1 selected fusion benigns: [2, 3, 8, 9]
2025-05-12 14:50:16,268 - DEBUG - util_fusion - fusion_dual_defense - client 2 scores: {0: array([542.94260901]), 1: array([542.94314807]), 2: array([542.94965086]), 3: array([542.95558594]), 4: array([542.94144169]), 5: array([542.94537261]), 6: array([542.94369853]), 7: array([542.90041392]), 8: array([542.95408]), 9: array([542.98145273])}
2025-05-12 14:50:16,269 - DEBUG - util_fusion - fusion_dual_defense - client 2 norm scores: {0: array([0.52067763]), 1: array([0.52732946]), 2: array([0.60757239]), 3: array([0.68080986]), 4: array([0.50627314]), 5: array([0.55477981]), 6: array([0.53412195]), 7: array([0.]), 8: array([0.66222687]), 9: array([1.])}
2025-05-12 14:50:16,269 - DEBUG - util_fusion - fusion_dual_defense - client 2 similarity threshold: 0.5593791111765749
2025-05-12 14:50:16,269 - INFO - util_fusion - fusion_dual_defense - client 2 selected fusion benigns: [2, 3, 8, 9]
2025-05-12 14:50:16,277 - DEBUG - util_fusion - fusion_dual_defense - client 3 scores: {0: array([542.94260901]), 1: array([542.94314807]), 2: array([542.94965086]), 3: array([542.95558594]), 4: array([542.94144169]), 5: array([542.94537261]), 6: array([542.94369853]), 7: array([542.90041392]), 8: array([542.95408]), 9: array([542.98145273])}
2025-05-12 14:50:16,278 - DEBUG - util_fusion - fusion_dual_defense - client 3 norm scores: {0: array([0.52067763]), 1: array([0.52732946]), 2: array([0.60757239]), 3: array([0.68080986]), 4: array([0.50627314]), 5: array([0.55477981]), 6: array([0.53412195]), 7: array([0.]), 8: array([0.66222687]), 9: array([1.])}
2025-05-12 14:50:16,278 - DEBUG - util_fusion - fusion_dual_defense - client 3 similarity threshold: 0.5593791111765749
2025-05-12 14:50:16,278 - INFO - util_fusion - fusion_dual_defense - client 3 selected fusion benigns: [2, 3, 8, 9]
2025-05-12 14:50:16,286 - DEBUG - util_fusion - fusion_dual_defense - client 4 scores: {0: array([542.94260901]), 1: array([542.94314807]), 2: array([542.94965086]), 3: array([542.95558594]), 4: array([542.94144169]), 5: array([542.94537261]), 6: array([542.94369853]), 7: array([542.90041392]), 8: array([542.95408]), 9: array([542.98145273])}
2025-05-12 14:50:16,287 - DEBUG - util_fusion - fusion_dual_defense - client 4 norm scores: {0: array([0.52067763]), 1: array([0.52732946]), 2: array([0.60757239]), 3: array([0.68080986]), 4: array([0.50627314]), 5: array([0.55477981]), 6: array([0.53412195]), 7: array([0.]), 8: array([0.66222687]), 9: array([1.])}
2025-05-12 14:50:16,287 - DEBUG - util_fusion - fusion_dual_defense - client 4 similarity threshold: 0.5593791111765749
2025-05-12 14:50:16,287 - INFO - util_fusion - fusion_dual_defense - client 4 selected fusion benigns: [2, 3, 8, 9]
2025-05-12 14:50:16,295 - DEBUG - util_fusion - fusion_dual_defense - client 5 scores: {0: array([542.94260901]), 1: array([542.94314807]), 2: array([542.94965086]), 3: array([542.95558594]), 4: array([542.94144169]), 5: array([542.94537261]), 6: array([542.94369853]), 7: array([542.90041392]), 8: array([542.95408]), 9: array([542.98145273])}
2025-05-12 14:50:16,296 - DEBUG - util_fusion - fusion_dual_defense - client 5 norm scores: {0: array([0.52067763]), 1: array([0.52732946]), 2: array([0.60757239]), 3: array([0.68080986]), 4: array([0.50627314]), 5: array([0.55477981]), 6: array([0.53412195]), 7: array([0.]), 8: array([0.66222687]), 9: array([1.])}
2025-05-12 14:50:16,296 - DEBUG - util_fusion - fusion_dual_defense - client 5 similarity threshold: 0.5593791111765749
2025-05-12 14:50:16,296 - INFO - util_fusion - fusion_dual_defense - client 5 selected fusion benigns: [2, 3, 8, 9]
2025-05-12 14:50:16,304 - DEBUG - util_fusion - fusion_dual_defense - client 6 scores: {0: array([542.94260901]), 1: array([542.94314807]), 2: array([542.94965086]), 3: array([542.95558594]), 4: array([542.94144169]), 5: array([542.94537261]), 6: array([542.94369853]), 7: array([542.90041392]), 8: array([542.95408]), 9: array([542.98145273])}
2025-05-12 14:50:16,305 - DEBUG - util_fusion - fusion_dual_defense - client 6 norm scores: {0: array([0.52067763]), 1: array([0.52732946]), 2: array([0.60757239]), 3: array([0.68080986]), 4: array([0.50627314]), 5: array([0.55477981]), 6: array([0.53412195]), 7: array([0.]), 8: array([0.66222687]), 9: array([1.])}
2025-05-12 14:50:16,305 - DEBUG - util_fusion - fusion_dual_defense - client 6 similarity threshold: 0.5593791111765749
2025-05-12 14:50:16,305 - INFO - util_fusion - fusion_dual_defense - client 6 selected fusion benigns: [2, 3, 8, 9]
2025-05-12 14:50:16,313 - DEBUG - util_fusion - fusion_dual_defense - client 7 scores: {0: array([542.94260901]), 1: array([542.94314807]), 2: array([542.94965086]), 3: array([542.95558594]), 4: array([542.94144169]), 5: array([542.94537261]), 6: array([542.94369853]), 7: array([542.90041392]), 8: array([542.95408]), 9: array([542.98145273])}
2025-05-12 14:50:16,314 - DEBUG - util_fusion - fusion_dual_defense - client 7 norm scores: {0: array([0.52067763]), 1: array([0.52732946]), 2: array([0.60757239]), 3: array([0.68080986]), 4: array([0.50627314]), 5: array([0.55477981]), 6: array([0.53412195]), 7: array([0.]), 8: array([0.66222687]), 9: array([1.])}
2025-05-12 14:50:16,314 - DEBUG - util_fusion - fusion_dual_defense - client 7 similarity threshold: 0.5593791111765749
2025-05-12 14:50:16,314 - INFO - util_fusion - fusion_dual_defense - client 7 selected fusion benigns: [2, 3, 8, 9]
2025-05-12 14:50:16,322 - DEBUG - util_fusion - fusion_dual_defense - client 8 scores: {0: array([542.94260901]), 1: array([542.94314807]), 2: array([542.94965086]), 3: array([542.95558594]), 4: array([542.94144169]), 5: array([542.94537261]), 6: array([542.94369853]), 7: array([542.90041392]), 8: array([542.95408]), 9: array([542.98145273])}
2025-05-12 14:50:16,323 - DEBUG - util_fusion - fusion_dual_defense - client 8 norm scores: {0: array([0.52067763]), 1: array([0.52732946]), 2: array([0.60757239]), 3: array([0.68080986]), 4: array([0.50627314]), 5: array([0.55477981]), 6: array([0.53412195]), 7: array([0.]), 8: array([0.66222687]), 9: array([1.])}
2025-05-12 14:50:16,323 - DEBUG - util_fusion - fusion_dual_defense - client 8 similarity threshold: 0.5593791111765749
2025-05-12 14:50:16,323 - INFO - util_fusion - fusion_dual_defense - client 8 selected fusion benigns: [2, 3, 8, 9]
2025-05-12 14:50:16,331 - DEBUG - util_fusion - fusion_dual_defense - client 9 scores: {0: array([542.94260901]), 1: array([542.94314807]), 2: array([542.94965086]), 3: array([542.95558594]), 4: array([542.94144169]), 5: array([542.94537261]), 6: array([542.94369853]), 7: array([542.90041392]), 8: array([542.95408]), 9: array([542.98145273])}
2025-05-12 14:50:16,332 - DEBUG - util_fusion - fusion_dual_defense - client 9 norm scores: {0: array([0.52067763]), 1: array([0.52732946]), 2: array([0.60757239]), 3: array([0.68080986]), 4: array([0.50627314]), 5: array([0.55477981]), 6: array([0.53412195]), 7: array([0.]), 8: array([0.66222687]), 9: array([1.])}
2025-05-12 14:50:16,332 - DEBUG - util_fusion - fusion_dual_defense - client 9 similarity threshold: 0.5593791111765749
2025-05-12 14:50:16,332 - INFO - util_fusion - fusion_dual_defense - client 9 selected fusion benigns: [2, 3, 8, 9]
2025-05-12 14:50:16,332 - DEBUG - util_fusion - fusion_dual_defense - final fusion benigns: (2, 3, 8, 9)
2025-05-12 14:50:17,948 - INFO - fl - start - global side -  test accuracy: 9.58
2025-05-12 14:50:17,948 - INFO - fl - start - global side iteration 28 -  test accuracy: 9.58
2025-05-12 14:50:17,948 - INFO - fl - start - start training round 29
2025-05-12 14:50:17,950 - INFO - fl - start - round 29 attackers: [8, 1]
2025-05-12 14:50:17,950 - INFO - fl - start - start client 0 training
2025-05-12 14:50:17,950 - INFO - fl - client_local_train - client 0 start local training ...
2025-05-12 14:50:19,778 - INFO - fl - start - end client 0 training
2025-05-12 14:50:19,778 - INFO - fl - start - client 0 evaluation metrics: {'train_loss': 1991184460687202.5, 'test_acc': 10.09}
2025-05-12 14:50:19,778 - INFO - fl - start - start client 1 training
2025-05-12 14:50:19,778 - INFO - fl - client_local_train - client 1 start local training ...
2025-05-12 14:50:24,027 - INFO - fl - client_local_train - client 1 is attacker, start poisoning model
2025-05-12 14:50:28,931 - INFO - fl - start - end client 1 training
2025-05-12 14:50:28,931 - INFO - fl - start - client 1 evaluation metrics: {'train_loss': 2.0988880546278384e+17, 'test_acc': 9.8}
2025-05-12 14:50:28,931 - INFO - fl - start - start client 2 training
2025-05-12 14:50:28,931 - INFO - fl - client_local_train - client 2 start local training ...
2025-05-12 14:50:37,391 - INFO - fl - start - end client 2 training
2025-05-12 14:50:37,391 - INFO - fl - start - client 2 evaluation metrics: {'train_loss': 1220123363489078.8, 'test_acc': 10.28}
2025-05-12 14:50:37,391 - INFO - fl - start - start client 3 training
2025-05-12 14:50:37,391 - INFO - fl - client_local_train - client 3 start local training ...
2025-05-12 14:50:46,344 - INFO - fl - start - end client 3 training
2025-05-12 14:50:46,344 - INFO - fl - start - client 3 evaluation metrics: {'train_loss': 404268667779912.75, 'test_acc': 10.32}
2025-05-12 14:50:46,344 - INFO - fl - start - start client 4 training
2025-05-12 14:50:46,344 - INFO - fl - client_local_train - client 4 start local training ...
2025-05-12 14:50:48,371 - INFO - fl - start - end client 4 training
2025-05-12 14:50:48,371 - INFO - fl - start - client 4 evaluation metrics: {'train_loss': 796208307459413.4, 'test_acc': 8.92}
2025-05-12 14:50:48,371 - INFO - fl - start - start client 5 training
2025-05-12 14:50:48,371 - INFO - fl - client_local_train - client 5 start local training ...
2025-05-12 14:50:52,285 - INFO - fl - start - end client 5 training
2025-05-12 14:50:52,285 - INFO - fl - start - client 5 evaluation metrics: {'train_loss': 261592738366448.25, 'test_acc': 8.92}
2025-05-12 14:50:52,285 - INFO - fl - start - start client 6 training
2025-05-12 14:50:52,285 - INFO - fl - client_local_train - client 6 start local training ...
2025-05-12 14:50:56,203 - INFO - fl - start - end client 6 training
2025-05-12 14:50:56,203 - INFO - fl - start - client 6 evaluation metrics: {'train_loss': 1513869148982728.8, 'test_acc': 10.32}
2025-05-12 14:50:56,203 - INFO - fl - start - start client 7 training
2025-05-12 14:50:56,203 - INFO - fl - client_local_train - client 7 start local training ...
2025-05-12 14:51:01,062 - INFO - fl - start - end client 7 training
2025-05-12 14:51:01,062 - INFO - fl - start - client 7 evaluation metrics: {'train_loss': 727868706675991.2, 'test_acc': 10.09}
2025-05-12 14:51:01,062 - INFO - fl - start - start client 8 training
2025-05-12 14:51:01,062 - INFO - fl - client_local_train - client 8 start local training ...
2025-05-12 14:51:04,013 - INFO - fl - client_local_train - client 8 is attacker, start poisoning model
2025-05-12 14:51:08,228 - INFO - fl - start - end client 8 training
2025-05-12 14:51:08,228 - INFO - fl - start - client 8 evaluation metrics: {'train_loss': 7.194391433553052e+16, 'test_acc': 9.72}
2025-05-12 14:51:08,228 - INFO - fl - start - start client 9 training
2025-05-12 14:51:08,228 - INFO - fl - client_local_train - client 9 start local training ...
2025-05-12 14:51:13,524 - INFO - fl - start - end client 9 training
2025-05-12 14:51:13,524 - INFO - fl - start - client 9 evaluation metrics: {'train_loss': 399238051193742.25, 'test_acc': 9.82}
2025-05-12 14:51:13,524 - INFO - fl - aggregate_model - start model aggregation...fusion method: dual_defense
2025-05-12 14:51:13,524 - INFO - fl - aggregate_model - start hyper-guard fusion with epsilon 0.01
2025-05-12 14:51:13,524 - INFO - fl - aggregate_model - round 29 attackers: [8, 1]
2025-05-12 14:51:24,580 - DEBUG - util_fusion - fusion_dual_defense - client 0 scores: {0: array([12755.71841459]), 1: array([12757.3101524]), 2: array([12757.321502]), 3: array([12757.59885917]), 4: array([12756.87602113]), 5: array([12757.39080804]), 6: array([12756.94972313]), 7: array([12757.16355645]), 8: array([12756.69203602]), 9: array([12756.00425482])}
2025-05-12 14:51:24,580 - DEBUG - util_fusion - fusion_dual_defense - client 0 norm scores: {0: array([0.]), 1: array([0.84646888]), 2: array([0.85250447]), 3: array([1.]), 4: array([0.61560258]), 5: array([0.88936066]), 6: array([0.65479651]), 7: array([0.76851074]), 8: array([0.5177613]), 9: array([0.15200673])}
2025-05-12 14:51:24,580 - DEBUG - util_fusion - fusion_dual_defense - client 0 similarity threshold: 0.6297011858085897
2025-05-12 14:51:24,580 - INFO - util_fusion - fusion_dual_defense - client 0 selected fusion benigns: [1, 2, 3, 5, 6, 7]
2025-05-12 14:51:24,589 - DEBUG - util_fusion - fusion_dual_defense - client 1 scores: {0: array([12755.71841459]), 1: array([12757.3101524]), 2: array([12757.321502]), 3: array([12757.59885917]), 4: array([12756.87602113]), 5: array([12757.39080804]), 6: array([12756.94972313]), 7: array([12757.16355645]), 8: array([12756.69203602]), 9: array([12756.00425482])}
2025-05-12 14:51:24,589 - DEBUG - util_fusion - fusion_dual_defense - client 1 norm scores: {0: array([0.]), 1: array([0.84646888]), 2: array([0.85250447]), 3: array([1.]), 4: array([0.61560258]), 5: array([0.88936066]), 6: array([0.65479651]), 7: array([0.76851074]), 8: array([0.5177613]), 9: array([0.15200673])}
2025-05-12 14:51:24,590 - DEBUG - util_fusion - fusion_dual_defense - client 1 similarity threshold: 0.6297011858085897
2025-05-12 14:51:24,590 - INFO - util_fusion - fusion_dual_defense - client 1 selected fusion benigns: [1, 2, 3, 5, 6, 7]
2025-05-12 14:51:24,598 - DEBUG - util_fusion - fusion_dual_defense - client 2 scores: {0: array([12755.71841459]), 1: array([12757.3101524]), 2: array([12757.321502]), 3: array([12757.59885917]), 4: array([12756.87602113]), 5: array([12757.39080804]), 6: array([12756.94972313]), 7: array([12757.16355645]), 8: array([12756.69203602]), 9: array([12756.00425482])}
2025-05-12 14:51:24,598 - DEBUG - util_fusion - fusion_dual_defense - client 2 norm scores: {0: array([0.]), 1: array([0.84646888]), 2: array([0.85250447]), 3: array([1.]), 4: array([0.61560258]), 5: array([0.88936066]), 6: array([0.65479651]), 7: array([0.76851074]), 8: array([0.5177613]), 9: array([0.15200673])}
2025-05-12 14:51:24,599 - DEBUG - util_fusion - fusion_dual_defense - client 2 similarity threshold: 0.6297011858085897
2025-05-12 14:51:24,599 - INFO - util_fusion - fusion_dual_defense - client 2 selected fusion benigns: [1, 2, 3, 5, 6, 7]
2025-05-12 14:51:24,607 - DEBUG - util_fusion - fusion_dual_defense - client 3 scores: {0: array([12755.71841459]), 1: array([12757.3101524]), 2: array([12757.321502]), 3: array([12757.59885917]), 4: array([12756.87602113]), 5: array([12757.39080804]), 6: array([12756.94972313]), 7: array([12757.16355645]), 8: array([12756.69203602]), 9: array([12756.00425482])}
2025-05-12 14:51:24,608 - DEBUG - util_fusion - fusion_dual_defense - client 3 norm scores: {0: array([0.]), 1: array([0.84646888]), 2: array([0.85250447]), 3: array([1.]), 4: array([0.61560258]), 5: array([0.88936066]), 6: array([0.65479651]), 7: array([0.76851074]), 8: array([0.5177613]), 9: array([0.15200673])}
2025-05-12 14:51:24,608 - DEBUG - util_fusion - fusion_dual_defense - client 3 similarity threshold: 0.6297011858085897
2025-05-12 14:51:24,608 - INFO - util_fusion - fusion_dual_defense - client 3 selected fusion benigns: [1, 2, 3, 5, 6, 7]
2025-05-12 14:51:24,616 - DEBUG - util_fusion - fusion_dual_defense - client 4 scores: {0: array([12755.71841459]), 1: array([12757.3101524]), 2: array([12757.321502]), 3: array([12757.59885917]), 4: array([12756.87602113]), 5: array([12757.39080804]), 6: array([12756.94972313]), 7: array([12757.16355645]), 8: array([12756.69203602]), 9: array([12756.00425482])}
2025-05-12 14:51:24,617 - DEBUG - util_fusion - fusion_dual_defense - client 4 norm scores: {0: array([0.]), 1: array([0.84646888]), 2: array([0.85250447]), 3: array([1.]), 4: array([0.61560258]), 5: array([0.88936066]), 6: array([0.65479651]), 7: array([0.76851074]), 8: array([0.5177613]), 9: array([0.15200673])}
2025-05-12 14:51:24,617 - DEBUG - util_fusion - fusion_dual_defense - client 4 similarity threshold: 0.6297011858085897
2025-05-12 14:51:24,617 - INFO - util_fusion - fusion_dual_defense - client 4 selected fusion benigns: [1, 2, 3, 5, 6, 7]
2025-05-12 14:51:24,625 - DEBUG - util_fusion - fusion_dual_defense - client 5 scores: {0: array([12755.71841459]), 1: array([12757.3101524]), 2: array([12757.321502]), 3: array([12757.59885917]), 4: array([12756.87602113]), 5: array([12757.39080804]), 6: array([12756.94972313]), 7: array([12757.16355645]), 8: array([12756.69203602]), 9: array([12756.00425482])}
2025-05-12 14:51:24,625 - DEBUG - util_fusion - fusion_dual_defense - client 5 norm scores: {0: array([0.]), 1: array([0.84646888]), 2: array([0.85250447]), 3: array([1.]), 4: array([0.61560258]), 5: array([0.88936066]), 6: array([0.65479651]), 7: array([0.76851074]), 8: array([0.5177613]), 9: array([0.15200673])}
2025-05-12 14:51:24,626 - DEBUG - util_fusion - fusion_dual_defense - client 5 similarity threshold: 0.6297011858085897
2025-05-12 14:51:24,626 - INFO - util_fusion - fusion_dual_defense - client 5 selected fusion benigns: [1, 2, 3, 5, 6, 7]
2025-05-12 14:51:24,634 - DEBUG - util_fusion - fusion_dual_defense - client 6 scores: {0: array([12755.71841459]), 1: array([12757.3101524]), 2: array([12757.321502]), 3: array([12757.59885917]), 4: array([12756.87602113]), 5: array([12757.39080804]), 6: array([12756.94972313]), 7: array([12757.16355645]), 8: array([12756.69203602]), 9: array([12756.00425482])}
2025-05-12 14:51:24,634 - DEBUG - util_fusion - fusion_dual_defense - client 6 norm scores: {0: array([0.]), 1: array([0.84646888]), 2: array([0.85250447]), 3: array([1.]), 4: array([0.61560258]), 5: array([0.88936066]), 6: array([0.65479651]), 7: array([0.76851074]), 8: array([0.5177613]), 9: array([0.15200673])}
2025-05-12 14:51:24,635 - DEBUG - util_fusion - fusion_dual_defense - client 6 similarity threshold: 0.6297011858085897
2025-05-12 14:51:24,635 - INFO - util_fusion - fusion_dual_defense - client 6 selected fusion benigns: [1, 2, 3, 5, 6, 7]
2025-05-12 14:51:24,643 - DEBUG - util_fusion - fusion_dual_defense - client 7 scores: {0: array([12755.71841459]), 1: array([12757.3101524]), 2: array([12757.321502]), 3: array([12757.59885917]), 4: array([12756.87602113]), 5: array([12757.39080804]), 6: array([12756.94972313]), 7: array([12757.16355645]), 8: array([12756.69203602]), 9: array([12756.00425482])}
2025-05-12 14:51:24,643 - DEBUG - util_fusion - fusion_dual_defense - client 7 norm scores: {0: array([0.]), 1: array([0.84646888]), 2: array([0.85250447]), 3: array([1.]), 4: array([0.61560258]), 5: array([0.88936066]), 6: array([0.65479651]), 7: array([0.76851074]), 8: array([0.5177613]), 9: array([0.15200673])}
2025-05-12 14:51:24,643 - DEBUG - util_fusion - fusion_dual_defense - client 7 similarity threshold: 0.6297011858085897
2025-05-12 14:51:24,643 - INFO - util_fusion - fusion_dual_defense - client 7 selected fusion benigns: [1, 2, 3, 5, 6, 7]
2025-05-12 14:51:24,652 - DEBUG - util_fusion - fusion_dual_defense - client 8 scores: {0: array([12755.71841459]), 1: array([12757.3101524]), 2: array([12757.321502]), 3: array([12757.59885917]), 4: array([12756.87602113]), 5: array([12757.39080804]), 6: array([12756.94972313]), 7: array([12757.16355645]), 8: array([12756.69203602]), 9: array([12756.00425482])}
2025-05-12 14:51:24,652 - DEBUG - util_fusion - fusion_dual_defense - client 8 norm scores: {0: array([0.]), 1: array([0.84646888]), 2: array([0.85250447]), 3: array([1.]), 4: array([0.61560258]), 5: array([0.88936066]), 6: array([0.65479651]), 7: array([0.76851074]), 8: array([0.5177613]), 9: array([0.15200673])}
2025-05-12 14:51:24,652 - DEBUG - util_fusion - fusion_dual_defense - client 8 similarity threshold: 0.6297011858085897
2025-05-12 14:51:24,652 - INFO - util_fusion - fusion_dual_defense - client 8 selected fusion benigns: [1, 2, 3, 5, 6, 7]
2025-05-12 14:51:24,661 - DEBUG - util_fusion - fusion_dual_defense - client 9 scores: {0: array([12755.71841459]), 1: array([12757.3101524]), 2: array([12757.321502]), 3: array([12757.59885917]), 4: array([12756.87602113]), 5: array([12757.39080804]), 6: array([12756.94972313]), 7: array([12757.16355645]), 8: array([12756.69203602]), 9: array([12756.00425482])}
2025-05-12 14:51:24,661 - DEBUG - util_fusion - fusion_dual_defense - client 9 norm scores: {0: array([0.]), 1: array([0.84646888]), 2: array([0.85250447]), 3: array([1.]), 4: array([0.61560258]), 5: array([0.88936066]), 6: array([0.65479651]), 7: array([0.76851074]), 8: array([0.5177613]), 9: array([0.15200673])}
2025-05-12 14:51:24,662 - DEBUG - util_fusion - fusion_dual_defense - client 9 similarity threshold: 0.6297011858085897
2025-05-12 14:51:24,662 - INFO - util_fusion - fusion_dual_defense - client 9 selected fusion benigns: [1, 2, 3, 5, 6, 7]
2025-05-12 14:51:24,662 - DEBUG - util_fusion - fusion_dual_defense - final fusion benigns: (1, 2, 3, 5, 6, 7)
2025-05-12 14:51:26,398 - INFO - fl - start - global side -  test accuracy: 9.8
2025-05-12 14:51:26,399 - INFO - fl - start - global side iteration 29 -  test accuracy: 9.8
2025-05-12 14:51:26,399 - INFO - fl - start - end the FL simulation
2025-05-12 14:51:26,400 - INFO - fl - start - summarization - simulation metrics: {0: {'time': 64.56555605199537, 'parties': {0: {'train_loss': 0.8510132294434768, 'test_acc': 21.12}, 1: {'train_loss': 0.07068859283993048, 'test_acc': 62.72}, 2: {'train_loss': 0.0688379476385798, 'test_acc': 73.86}, 3: {'train_loss': 0.06918712744587346, 'test_acc': 76.28}, 4: {'train_loss': 0.5702473918596903, 'test_acc': 42.62}, 5: {'train_loss': 0.10150327427456012, 'test_acc': 47.47}, 6: {'train_loss': 0.2040155440568924, 'test_acc': 64.78}, 7: {'train_loss': 0.12957651168107986, 'test_acc': 50.76}, 8: {'train_loss': 0.06989206784274629, 'test_acc': 52.02}, 9: {'train_loss': 0.029403793475604758, 'test_acc': 21.87}}, 'server': {'test_acc': 19.03}}, 1: {'time': 133.19633504700323, 'parties': {0: {'train_loss': 0.32328078609246474, 'test_acc': 41.02}, 1: {'train_loss': 124.5640626309523, 'test_acc': 65.53}, 2: {'train_loss': 0.05408877443804751, 'test_acc': 78.16}, 3: {'train_loss': 0.0531354763349028, 'test_acc': 80.01}, 4: {'train_loss': 0.16083656541175312, 'test_acc': 48.08}, 5: {'train_loss': 0.056810909337722336, 'test_acc': 61.09}, 6: {'train_loss': 0.13784525302740244, 'test_acc': 72.59}, 7: {'train_loss': 195.32667576182973, 'test_acc': 57.66}, 8: {'train_loss': 0.05284670740866693, 'test_acc': 55.34}, 9: {'train_loss': 0.016497152714462095, 'test_acc': 24.23}}, 'server': {'test_acc': 52.03}}, 2: {'time': 202.51237604899507, 'parties': {0: {'train_loss': 0.15065208478615835, 'test_acc': 55.63}, 1: {'train_loss': 0.04541486793163531, 'test_acc': 66.22}, 2: {'train_loss': 0.04958708904973974, 'test_acc': 81.12}, 3: {'train_loss': 85.57103950098941, 'test_acc': 84.26}, 4: {'train_loss': 0.10781752338839902, 'test_acc': 58.97}, 5: {'train_loss': 0.031539783157551515, 'test_acc': 68.12}, 6: {'train_loss': 0.0957878055767371, 'test_acc': 74.61}, 7: {'train_loss': 138.42056959325618, 'test_acc': 64.24}, 8: {'train_loss': 0.0451603129816552, 'test_acc': 60.89}, 9: {'train_loss': 0.008282793641991143, 'test_acc': 30.91}}, 'server': {'test_acc': 62.59}}, 3: {'time': 271.9073002399964, 'parties': {0: {'train_loss': 0.11005049628707078, 'test_acc': 59.01}, 1: {'train_loss': 0.04273326965859038, 'test_acc': 67.21}, 2: {'train_loss': 0.04312156053558201, 'test_acc': 82.38}, 3: {'train_loss': 72.63652362823487, 'test_acc': 86.53}, 4: {'train_loss': 0.07908336569865544, 'test_acc': 65.08}, 5: {'train_loss': 0.024060349570264896, 'test_acc': 72.26}, 6: {'train_loss': 0.07853469659502689, 'test_acc': 77.98}, 7: {'train_loss': 0.06705466231902722, 'test_acc': 63.94}, 8: {'train_loss': 68.225921897478, 'test_acc': 67.26}, 9: {'train_loss': 0.004728297342844966, 'test_acc': 39.01}}, 'server': {'test_acc': 72.5}}, 4: {'time': 340.30809377500555, 'parties': {0: {'train_loss': 0.0963934576855256, 'test_acc': 63.79}, 1: {'train_loss': 53.21988854479434, 'test_acc': 72.42}, 2: {'train_loss': 0.03918070329766553, 'test_acc': 84.05}, 3: {'train_loss': 0.03738427849633521, 'test_acc': 88.99}, 4: {'train_loss': 83.46287451850043, 'test_acc': 69.42}, 5: {'train_loss': 0.02082361428004403, 'test_acc': 75.11}, 6: {'train_loss': 0.07447264256099095, 'test_acc': 79.68}, 7: {'train_loss': 0.053234253285071725, 'test_acc': 65.71}, 8: {'train_loss': 0.052660464234049284, 'test_acc': 66.49}, 9: {'train_loss': 0.0038588811710522147, 'test_acc': 41.4}}, 'server': {'test_acc': 74.79}}, 5: {'time': 408.82840756699443, 'parties': {0: {'train_loss': 0.10302042330686863, 'test_acc': 57.24}, 1: {'train_loss': 0.03271472431955731, 'test_acc': 74.76}, 2: {'train_loss': 0.039400366404070256, 'test_acc': 86.82}, 3: {'train_loss': 0.0337140825111419, 'test_acc': 89.28}, 4: {'train_loss': 0.04403523417810599, 'test_acc': 72.26}, 5: {'train_loss': 24.48815471942608, 'test_acc': 80.17}, 6: {'train_loss': 0.07043729880108283, 'test_acc': 79.42}, 7: {'train_loss': 0.04678010013594758, 'test_acc': 71.6}, 8: {'train_loss': 0.0366955583174062, 'test_acc': 78.08}, 9: {'train_loss': 4.153732762192234, 'test_acc': 45.53}}, 'server': {'test_acc': 90.9}}, 6: {'time': 477.1445898660022, 'parties': {0: {'train_loss': 0.19890024828223082, 'test_acc': 62.38}, 1: {'train_loss': 0.07445156233343504, 'test_acc': 68.99}, 2: {'train_loss': 0.07785227654104153, 'test_acc': 77.43}, 3: {'train_loss': 0.07054479657182176, 'test_acc': 77.92}, 4: {'train_loss': 0.3478907135108279, 'test_acc': 53.56}, 5: {'train_loss': 248.8263682053234, 'test_acc': 70.27}, 6: {'train_loss': 246.66480724628155, 'test_acc': 71.55}, 7: {'train_loss': 0.1055134649134495, 'test_acc': 59.94}, 8: {'train_loss': 0.10686158931623864, 'test_acc': 56.04}, 9: {'train_loss': 0.03731405861817185, 'test_acc': 33.84}}, 'server': {'test_acc': 62.03}}, 7: {'time': 545.9042867749959, 'parties': {0: {'train_loss': 1.0050082206726074, 'test_acc': 29.37}, 1: {'train_loss': 0.21108988122041547, 'test_acc': 51.01}, 2: {'train_loss': 0.15754413500093342, 'test_acc': 63.38}, 3: {'train_loss': 0.16001113512014087, 'test_acc': 69.38}, 4: {'train_loss': 0.48136279318067765, 'test_acc': 67.01}, 5: {'train_loss': 428.4712556722156, 'test_acc': 47.93}, 6: {'train_loss': 1.5903041747900155, 'test_acc': 10.58}, 7: {'train_loss': 542.8824820085006, 'test_acc': 27.03}, 8: {'train_loss': 0.22076835915926965, 'test_acc': 47.87}, 9: {'train_loss': 0.06065790787321871, 'test_acc': 30.91}}, 'server': {'test_acc': 56.39}}, 8: {'time': 614.4893852999958, 'parties': {0: {'train_loss': 1.3933579646624052, 'test_acc': 20.67}, 1: {'train_loss': 1.5340775696199331, 'test_acc': 10.1}, 2: {'train_loss': 5.141377591015248, 'test_acc': 11.35}, 3: {'train_loss': 1.6524852482896102, 'test_acc': 9.58}, 4: {'train_loss': 1.9791538384225633, 'test_acc': 8.92}, 5: {'train_loss': 5.267214092841515, 'test_acc': 9.95}, 6: {'train_loss': 1.6654087103330173, 'test_acc': 10.09}, 7: {'train_loss': 1.2423903440887278, 'test_acc': 10.09}, 8: {'train_loss': 1.5314198386284612, 'test_acc': 9.74}, 9: {'train_loss': 0.7473824403502725, 'test_acc': 9.82}}, 'server': {'test_acc': 11.35}}, 9: {'time': 682.5316828089999, 'parties': {0: {'train_loss': 2.990259940807636, 'test_acc': 11.35}, 1: {'train_loss': 1.548077738551951, 'test_acc': 10.1}, 2: {'train_loss': 1.631482749842526, 'test_acc': 11.35}, 3: {'train_loss': 1.6760626334893076, 'test_acc': 9.58}, 4: {'train_loss': 2.633362809816996, 'test_acc': 11.35}, 5: {'train_loss': 1.1064507227677565, 'test_acc': 9.8}, 6: {'train_loss': 1.6680227994918824, 'test_acc': 10.09}, 7: {'train_loss': 1.2630196559158238, 'test_acc': 10.09}, 8: {'train_loss': 4.22795944829141, 'test_acc': 9.74}, 9: {'train_loss': 2.5070778950296266, 'test_acc': 9.82}}, 'server': {'test_acc': 9.82}}, 10: {'time': 750.9822073120013, 'parties': {0: {'train_loss': 3.280433709804828, 'test_acc': 9.82}, 1: {'train_loss': 1.552930586373628, 'test_acc': 10.1}, 2: {'train_loss': 5.384653540139787, 'test_acc': 11.35}, 3: {'train_loss': 1.6978936910629272, 'test_acc': 9.58}, 4: {'train_loss': 2.8163304328918457, 'test_acc': 8.92}, 5: {'train_loss': 6.456279593247634, 'test_acc': 9.8}, 6: {'train_loss': 1.70099427149846, 'test_acc': 10.09}, 7: {'train_loss': 1.2867916253480045, 'test_acc': 10.09}, 8: {'train_loss': 1.5364558735201437, 'test_acc': 9.74}, 9: {'train_loss': 0.7242252278809596, 'test_acc': 9.82}}, 'server': {'test_acc': 11.35}}, 11: {'time': 818.090259026998, 'parties': {0: {'train_loss': 38.81192530118502, 'test_acc': 11.35}, 1: {'train_loss': 1.6637674908139812, 'test_acc': 10.1}, 2: {'train_loss': 1.7109013507875164, 'test_acc': 11.35}, 3: {'train_loss': 1.9201057377614472, 'test_acc': 9.58}, 4: {'train_loss': 4.03848401705424, 'test_acc': 8.92}, 5: {'train_loss': 8.47433669750507, 'test_acc': 9.8}, 6: {'train_loss': 2.8698548830472506, 'test_acc': 10.28}, 7: {'train_loss': 1.4523089108141987, 'test_acc': 10.09}, 8: {'train_loss': 1.6323612710481048, 'test_acc': 9.74}, 9: {'train_loss': 0.7574273859611665, 'test_acc': 9.82}}, 'server': {'test_acc': 8.92}}, 12: {'time': 884.8742253639939, 'parties': {0: {'train_loss': 6.214189822857197, 'test_acc': 11.35}, 1: {'train_loss': 1.6929207368573147, 'test_acc': 10.1}, 2: {'train_loss': 1.7221360923199172, 'test_acc': 11.35}, 3: {'train_loss': 1.9436477673681158, 'test_acc': 9.58}, 4: {'train_loss': 22.302401330735947, 'test_acc': 8.92}, 5: {'train_loss': 8.951293006310095, 'test_acc': 9.8}, 6: {'train_loss': 3.562060726605929, 'test_acc': 10.28}, 7: {'train_loss': 1.4534026045690884, 'test_acc': 10.09}, 8: {'train_loss': 1.6751082827967982, 'test_acc': 9.74}, 9: {'train_loss': 0.7570371025740498, 'test_acc': 9.82}}, 'server': {'test_acc': 10.28}}, 13: {'time': 952.4066943500075, 'parties': {0: {'train_loss': 5.538627587831938, 'test_acc': 11.35}, 1: {'train_loss': 1.556074403115173, 'test_acc': 10.1}, 2: {'train_loss': 1.6775565267948622, 'test_acc': 11.35}, 3: {'train_loss': 1.8995669716282895, 'test_acc': 9.58}, 4: {'train_loss': 2.462999555799696, 'test_acc': 8.92}, 5: {'train_loss': 1.2133547874597403, 'test_acc': 9.8}, 6: {'train_loss': 13.053044641934909, 'test_acc': 10.28}, 7: {'train_loss': 1.2751576541499658, 'test_acc': 10.09}, 8: {'train_loss': 1.645931657924447, 'test_acc': 9.74}, 9: {'train_loss': 2.4659848947717684, 'test_acc': 9.82}}, 'server': {'test_acc': 9.82}}, 14: {'time': 1019.1367701120034, 'parties': {0: {'train_loss': 9.796118662907528, 'test_acc': 9.82}, 1: {'train_loss': 1.5947015908227038, 'test_acc': 10.1}, 2: {'train_loss': 1.7347817682148365, 'test_acc': 11.35}, 3: {'train_loss': 2.251123758993651, 'test_acc': 9.58}, 4: {'train_loss': 19.183259858025444, 'test_acc': 8.92}, 5: {'train_loss': 8.61239968446585, 'test_acc': 9.8}, 6: {'train_loss': 6.285147212101863, 'test_acc': 10.28}, 7: {'train_loss': 3.3508880598978563, 'test_acc': 10.1}, 8: {'train_loss': 1.7941402248156968, 'test_acc': 9.74}, 9: {'train_loss': 0.7128044493270643, 'test_acc': 9.82}}, 'server': {'test_acc': 9.82}}, 15: {'time': 1087.617417268004, 'parties': {0: {'train_loss': 8.680152269510122, 'test_acc': 11.35}, 1: {'train_loss': 1.5777545313336956, 'test_acc': 10.1}, 2: {'train_loss': 1.7203462418545499, 'test_acc': 11.35}, 3: {'train_loss': 10.759955102518985, 'test_acc': 9.58}, 4: {'train_loss': 2.133636156717936, 'test_acc': 8.92}, 5: {'train_loss': 1.2399382068560674, 'test_acc': 9.8}, 6: {'train_loss': 5.841803756126991, 'test_acc': 10.28}, 7: {'train_loss': 2.73782555623488, 'test_acc': 10.1}, 8: {'train_loss': 1.7825491633466495, 'test_acc': 9.74}, 9: {'train_loss': 2.548265546259254, 'test_acc': 9.82}}, 'server': {'test_acc': 9.82}}, 16: {'time': 1155.283112531004, 'parties': {0: {'train_loss': 250.56038724459134, 'test_acc': 9.82}, 1: {'train_loss': 1.657223076962713, 'test_acc': 10.1}, 2: {'train_loss': 8.371703532304657, 'test_acc': 11.35}, 3: {'train_loss': 4.380869510926698, 'test_acc': 9.58}, 4: {'train_loss': 2.554740216996935, 'test_acc': 10.28}, 5: {'train_loss': 1.802026895376352, 'test_acc': 9.8}, 6: {'train_loss': 26.457085712139424, 'test_acc': 10.28}, 7: {'train_loss': 36.01580765030601, 'test_acc': 10.1}, 8: {'train_loss': 2.7734898110871673, 'test_acc': 9.74}, 9: {'train_loss': 0.746660428215759, 'test_acc': 9.82}}, 'server': {'test_acc': 10.32}}, 17: {'time': 1222.1558408410056, 'parties': {0: {'train_loss': 829.4625056340144, 'test_acc': 11.35}, 1: {'train_loss': 1.90785637542383, 'test_acc': 10.1}, 2: {'train_loss': 2.969441044196654, 'test_acc': 11.35}, 3: {'train_loss': 11.546094507292697, 'test_acc': 9.58}, 4: {'train_loss': 3.181449294090271, 'test_acc': 11.35}, 5: {'train_loss': 3.4283818951019875, 'test_acc': 9.8}, 6: {'train_loss': 93.25453086266151, 'test_acc': 10.32}, 7: {'train_loss': 145.37722604924983, 'test_acc': 10.1}, 8: {'train_loss': 37.56423835344212, 'test_acc': 9.74}, 9: {'train_loss': 0.7812873829494823, 'test_acc': 9.82}}, 'server': {'test_acc': 10.32}}, 18: {'time': 1291.4160385519936, 'parties': {0: {'train_loss': 103.02919358473558, 'test_acc': 11.35}, 1: {'train_loss': 1.8811103038823427, 'test_acc': 10.1}, 2: {'train_loss': 16.12059083815371, 'test_acc': 11.35}, 3: {'train_loss': 84.91278452622264, 'test_acc': 9.58}, 4: {'train_loss': 2.14294605784946, 'test_acc': 8.92}, 5: {'train_loss': 3.388244646329146, 'test_acc': 9.8}, 6: {'train_loss': 92.36487943209134, 'test_acc': 10.32}, 7: {'train_loss': 144.53435507687655, 'test_acc': 10.1}, 8: {'train_loss': 5.6876567127884075, 'test_acc': 9.74}, 9: {'train_loss': 0.7694056395328406, 'test_acc': 9.82}}, 'server': {'test_acc': 10.32}}, 19: {'time': 1359.073699237997, 'parties': {0: {'train_loss': 537.5780099722056, 'test_acc': 10.32}, 1: {'train_loss': 5.448904126437743, 'test_acc': 10.1}, 2: {'train_loss': 61.88850586200029, 'test_acc': 11.35}, 3: {'train_loss': 53.53787609087794, 'test_acc': 9.58}, 4: {'train_loss': 25.108774609035915, 'test_acc': 10.28}, 5: {'train_loss': 17.594927325615515, 'test_acc': 9.58}, 6: {'train_loss': 490.4509178748498, 'test_acc': 10.28}, 7: {'train_loss': 796.3224563598633, 'test_acc': 10.1}, 8: {'train_loss': 23.56589494084799, 'test_acc': 9.74}, 9: {'train_loss': 0.9713404461590931, 'test_acc': 9.82}}, 'server': {'test_acc': 11.35}}, 20: {'time': 1426.5982899740047, 'parties': {0: {'train_loss': 14917.591271033654, 'test_acc': 11.35}, 1: {'train_loss': 172.35636955053138, 'test_acc': 10.1}, 2: {'train_loss': 26.38056971584813, 'test_acc': 11.35}, 3: {'train_loss': 183.88574019294035, 'test_acc': 9.58}, 4: {'train_loss': 7.666539549827576, 'test_acc': 11.35}, 5: {'train_loss': 79.85284866919885, 'test_acc': 8.92}, 6: {'train_loss': 1708.4668325570913, 'test_acc': 10.28}, 7: {'train_loss': 2795.4498291015625, 'test_acc': 10.1}, 8: {'train_loss': 78.69718381025459, 'test_acc': 9.74}, 9: {'train_loss': 1.4997439823969445, 'test_acc': 9.82}}, 'server': {'test_acc': 10.1}}, 21: {'time': 1495.0591721370001, 'parties': {0: {'train_loss': 4787.951810396635, 'test_acc': 11.35}, 1: {'train_loss': 54.34821225636041, 'test_acc': 10.1}, 2: {'train_loss': 511.0923772956548, 'test_acc': 11.35}, 3: {'train_loss': 469.3285778578959, 'test_acc': 9.58}, 4: {'train_loss': 12.571522527270847, 'test_acc': 11.35}, 5: {'train_loss': 200.68656404935396, 'test_acc': 8.92}, 6: {'train_loss': 4374.953297776442, 'test_acc': 10.28}, 7: {'train_loss': 7153.546847256747, 'test_acc': 10.1}, 8: {'train_loss': 1582.5934929591353, 'test_acc': 9.74}, 9: {'train_loss': 2.614797010566249, 'test_acc': 9.82}}, 'server': {'test_acc': 9.74}}, 22: {'time': 1562.1475932110043, 'parties': {0: {'train_loss': 13933.044546274039, 'test_acc': 10.28}, 1: {'train_loss': 158.11207711207334, 'test_acc': 10.1}, 2: {'train_loss': 185.75815909498192, 'test_acc': 11.35}, 3: {'train_loss': 1348.814491857353, 'test_acc': 9.58}, 4: {'train_loss': 253.55611605114407, 'test_acc': 8.92}, 5: {'train_loss': 597.7410452035757, 'test_acc': 8.92}, 6: {'train_loss': 12719.240609975961, 'test_acc': 10.28}, 7: {'train_loss': 166694.74263139206, 'test_acc': 10.1}, 8: {'train_loss': 580.3338759894012, 'test_acc': 9.74}, 9: {'train_loss': 6.213728448357245, 'test_acc': 9.82}}, 'server': {'test_acc': 10.28}}, 23: {'time': 1630.9985622399981, 'parties': {0: {'train_loss': 13925.40594951923, 'test_acc': 11.35}, 1: {'train_loss': 1250.444876073504, 'test_acc': 10.1}, 2: {'train_loss': 185.64848786391568, 'test_acc': 11.35}, 3: {'train_loss': 10834.976476338035, 'test_acc': 9.58}, 4: {'train_loss': 32.14524250560336, 'test_acc': 8.92}, 5: {'train_loss': 595.8542830247145, 'test_acc': 8.92}, 6: {'train_loss': 12728.785216346154, 'test_acc': 10.32}, 7: {'train_loss': 20827.08610395952, 'test_acc': 10.1}, 8: {'train_loss': 573.280939314955, 'test_acc': 9.74}, 9: {'train_loss': 6.213733727281744, 'test_acc': 9.82}}, 'server': {'test_acc': 9.74}}, 24: {'time': 1697.7938972730044, 'parties': {0: {'train_loss': 475876.8485576923, 'test_acc': 9.74}, 1: {'train_loss': 669.0606231902963, 'test_acc': 10.1}, 2: {'train_loss': 786.3163718969635, 'test_acc': 11.35}, 3: {'train_loss': 5742.111909482981, 'test_acc': 9.58}, 4: {'train_loss': 131.365345398585, 'test_acc': 9.58}, 5: {'train_loss': 20350.371228966345, 'test_acc': 9.58}, 6: {'train_loss': 54231.94438100961, 'test_acc': 10.28}, 7: {'train_loss': 88841.53364701704, 'test_acc': 10.1}, 8: {'train_loss': 2439.6335528653153, 'test_acc': 9.74}, 9: {'train_loss': 24.139380541714754, 'test_acc': 9.82}}, 'server': {'test_acc': 10.28}}, 25: {'time': 1766.1790541740047, 'parties': {0: {'train_loss': 60134.523137019234, 'test_acc': 11.35}, 1: {'train_loss': 679.6502908735133, 'test_acc': 10.1}, 2: {'train_loss': 785.9417394339368, 'test_acc': 11.35}, 3: {'train_loss': 46153.64142648797, 'test_acc': 9.58}, 4: {'train_loss': 130.53213673830032, 'test_acc': 9.58}, 5: {'train_loss': nan, 'test_acc': 9.8}, 6: {'train_loss': 54342.13503605769, 'test_acc': 10.28}, 7: {'train_loss': 88790.59161931818, 'test_acc': 10.1}, 8: {'train_loss': 2448.112731831048, 'test_acc': 9.74}, 9: {'train_loss': 189.60330847537878, 'test_acc': 9.82}}, 'server': {'test_acc': 9.8}}, 26: {'time': 1834.0963931050064, 'parties': {0: {'train_loss': 1.6362177500357995, 'test_acc': 11.35}, 1: {'train_loss': nan, 'test_acc': 9.8}, 2: {'train_loss': nan, 'test_acc': 9.8}, 3: {'train_loss': nan, 'test_acc': 9.8}, 4: {'train_loss': nan, 'test_acc': 9.8}, 5: {'train_loss': 1.1611918073434095, 'test_acc': 9.8}, 6: {'train_loss': nan, 'test_acc': 9.8}, 7: {'train_loss': nan, 'test_acc': 9.8}, 8: {'train_loss': nan, 'test_acc': 9.8}, 9: {'train_loss': 0.8800598455197883, 'test_acc': 9.82}}, 'server': {'test_acc': 9.8}}, 27: {'time': 1902.624130768003, 'parties': {0: {'train_loss': 18121610130983.383, 'test_acc': 10.09}, 1: {'train_loss': 4737629566741000.0, 'test_acc': 9.8}, 2: {'train_loss': 16583449894267.686, 'test_acc': 8.92}, 3: {'train_loss': 12155432396735.326, 'test_acc': 9.58}, 4: {'train_loss': 29334801161329.777, 'test_acc': 8.92}, 5: {'train_loss': 9921524605810.215, 'test_acc': 9.8}, 6: {'train_loss': 33851844095558.89, 'test_acc': 10.09}, 7: {'train_loss': 21418986962944.0, 'test_acc': 10.09}, 8: {'train_loss': 15809721240675.098, 'test_acc': 10.28}, 9: {'train_loss': 4538577662072149.0, 'test_acc': 8.92}}, 'server': {'test_acc': 8.92}}, 28: {'time': 1970.7901844739972, 'parties': {0: {'train_loss': 88845443117371.08, 'test_acc': 10.09}, 1: {'train_loss': 512722839997302.44, 'test_acc': 9.82}, 2: {'train_loss': 131320907059338.06, 'test_acc': 8.92}, 3: {'train_loss': nan, 'test_acc': 9.58}, 4: {'train_loss': 1.054350917582484e+16, 'test_acc': 10.29}, 5: {'train_loss': 203570121854156.8, 'test_acc': 9.8}, 6: {'train_loss': 137257577570934.16, 'test_acc': 10.09}, 7: {'train_loss': 143959197220864.0, 'test_acc': 10.09}, 8: {'train_loss': 157500925750987.7, 'test_acc': 9.74}, 9: {'train_loss': 135983352552230.78, 'test_acc': 8.92}}, 'server': {'test_acc': 9.58}}, 29: {'time': 2039.240798808998, 'parties': {0: {'train_loss': 1991184460687202.5, 'test_acc': 10.09}, 1: {'train_loss': 2.0988880546278384e+17, 'test_acc': 9.8}, 2: {'train_loss': 1220123363489078.8, 'test_acc': 10.28}, 3: {'train_loss': 404268667779912.75, 'test_acc': 10.32}, 4: {'train_loss': 796208307459413.4, 'test_acc': 8.92}, 5: {'train_loss': 261592738366448.25, 'test_acc': 8.92}, 6: {'train_loss': 1513869148982728.8, 'test_acc': 10.32}, 7: {'train_loss': 727868706675991.2, 'test_acc': 10.09}, 8: {'train_loss': 7.194391433553052e+16, 'test_acc': 9.72}, 9: {'train_loss': 399238051193742.25, 'test_acc': 9.82}}, 'server': {'test_acc': 9.8}}}
