2025-05-12 15:41:40,577 - INFO - util_sys - get_available_device - no preferred device is specified, using the available device for pythorch
2025-05-12 15:41:40,614 - INFO - util_sys - get_available_device - using cuda device for pythorch
2025-05-12 15:41:40,614 - INFO - util_sys - create_folder_if_not_exists - Folder './data/mnist/' already exists.
2025-05-12 15:41:40,667 - INFO - util_data - get_client_data - partitioning the data into non-IID setting
2025-05-12 15:41:41,507 - INFO - util_data - record_data_statistic - Client 0 - total training samples: 4885
2025-05-12 15:41:41,507 - INFO - util_data - record_data_statistic - Client 0 - training label distribution: defaultdict(<class 'int'>, {0: 1477, 1: 673, 2: 1, 4: 2145, 5: 6, 6: 258, 7: 30, 8: 118, 9: 177})
2025-05-12 15:41:41,898 - INFO - util_data - record_data_statistic - Client 1 - total training samples: 3174
2025-05-12 15:41:41,898 - INFO - util_data - record_data_statistic - Client 1 - training label distribution: defaultdict(<class 'int'>, {0: 643, 1: 144, 2: 197, 3: 2, 4: 18, 5: 513, 6: 1169, 7: 481, 8: 7})
2025-05-12 15:41:43,340 - INFO - util_data - record_data_statistic - Client 2 - total training samples: 11488
2025-05-12 15:41:43,340 - INFO - util_data - record_data_statistic - Client 2 - training label distribution: defaultdict(<class 'int'>, {0: 36, 1: 916, 2: 52, 3: 3018, 4: 3, 5: 937, 6: 1338, 7: 148, 8: 3918, 9: 1122})
2025-05-12 15:41:43,567 - INFO - util_data - record_data_statistic - Client 3 - total training samples: 1803
2025-05-12 15:41:43,567 - INFO - util_data - record_data_statistic - Client 3 - training label distribution: defaultdict(<class 'int'>, {0: 182, 1: 622, 2: 43, 3: 3, 4: 790, 5: 1, 6: 46, 7: 93, 8: 23})
2025-05-12 15:41:44,021 - INFO - util_data - record_data_statistic - Client 4 - total training samples: 3680
2025-05-12 15:41:44,021 - INFO - util_data - record_data_statistic - Client 4 - training label distribution: defaultdict(<class 'int'>, {0: 10, 1: 332, 2: 392, 3: 93, 4: 888, 5: 13, 6: 1071, 7: 38, 8: 841, 9: 2})
2025-05-12 15:41:44,444 - INFO - util_data - record_data_statistic - Client 5 - total training samples: 3449
2025-05-12 15:41:44,444 - INFO - util_data - record_data_statistic - Client 5 - training label distribution: defaultdict(<class 'int'>, {0: 5, 2: 1405, 3: 904, 5: 28, 6: 27, 7: 1048, 9: 32})
2025-05-12 15:41:45,439 - INFO - util_data - record_data_statistic - Client 6 - total training samples: 8111
2025-05-12 15:41:45,439 - INFO - util_data - record_data_statistic - Client 6 - training label distribution: defaultdict(<class 'int'>, {0: 3309, 1: 858, 2: 121, 3: 1214, 4: 1408, 5: 75, 6: 299, 7: 224, 9: 603})
2025-05-12 15:41:46,416 - INFO - util_data - record_data_statistic - Client 7 - total training samples: 7926
2025-05-12 15:41:46,416 - INFO - util_data - record_data_statistic - Client 7 - training label distribution: defaultdict(<class 'int'>, {0: 1, 1: 1799, 2: 3211, 3: 339, 4: 342, 5: 2119, 6: 16, 7: 99})
2025-05-12 15:41:47,279 - INFO - util_data - record_data_statistic - Client 8 - total training samples: 7005
2025-05-12 15:41:47,279 - INFO - util_data - record_data_statistic - Client 8 - training label distribution: defaultdict(<class 'int'>, {2: 535, 3: 557, 4: 234, 5: 1638, 6: 674, 7: 2395, 8: 767, 9: 205})
2025-05-12 15:41:48,322 - INFO - util_data - record_data_statistic - Client 9 - total training samples: 8479
2025-05-12 15:41:48,322 - INFO - util_data - record_data_statistic - Client 9 - training label distribution: defaultdict(<class 'int'>, {0: 260, 1: 1398, 2: 1, 3: 1, 4: 14, 5: 91, 6: 1020, 7: 1709, 8: 177, 9: 3808})
2025-05-12 15:41:48,489 - INFO - fl - start - start the FL simulation
2025-05-12 15:41:48,490 - INFO - fl - start - start training round 0
2025-05-12 15:41:48,491 - INFO - fl - start - no attack at the round 0
2025-05-12 15:41:48,491 - INFO - fl - start - start client 0 training
2025-05-12 15:41:48,491 - INFO - fl - client_local_train - client 0 start local training ...
2025-05-12 15:41:53,234 - INFO - fl - start - end client 0 training
2025-05-12 15:41:53,234 - INFO - fl - start - client 0 evaluation metrics: {'train_loss': 0.0877236138980884, 'test_acc': 59.7}
2025-05-12 15:41:53,234 - INFO - fl - start - start client 1 training
2025-05-12 15:41:53,234 - INFO - fl - client_local_train - client 1 start local training ...
2025-05-12 15:41:56,604 - INFO - fl - start - end client 1 training
2025-05-12 15:41:56,605 - INFO - fl - start - client 1 evaluation metrics: {'train_loss': 0.09442386483773589, 'test_acc': 58.46}
2025-05-12 15:41:56,605 - INFO - fl - start - start client 2 training
2025-05-12 15:41:56,605 - INFO - fl - client_local_train - client 2 start local training ...
2025-05-12 15:42:05,252 - INFO - fl - start - end client 2 training
2025-05-12 15:42:05,252 - INFO - fl - start - client 2 evaluation metrics: {'train_loss': 0.06134495348410888, 'test_acc': 80.73}
2025-05-12 15:42:05,252 - INFO - fl - start - start client 3 training
2025-05-12 15:42:05,252 - INFO - fl - client_local_train - client 3 start local training ...
2025-05-12 15:42:07,745 - INFO - fl - start - end client 3 training
2025-05-12 15:42:07,745 - INFO - fl - start - client 3 evaluation metrics: {'train_loss': 0.18521325932494526, 'test_acc': 52.07}
2025-05-12 15:42:07,745 - INFO - fl - start - start client 4 training
2025-05-12 15:42:07,745 - INFO - fl - client_local_train - client 4 start local training ...
2025-05-12 15:42:11,395 - INFO - fl - start - end client 4 training
2025-05-12 15:42:11,395 - INFO - fl - start - client 4 evaluation metrics: {'train_loss': 0.15803440345515465, 'test_acc': 58.51}
2025-05-12 15:42:11,395 - INFO - fl - start - start client 5 training
2025-05-12 15:42:11,395 - INFO - fl - client_local_train - client 5 start local training ...
2025-05-12 15:42:14,908 - INFO - fl - start - end client 5 training
2025-05-12 15:42:14,908 - INFO - fl - start - client 5 evaluation metrics: {'train_loss': 0.1819429541075671, 'test_acc': 29.41}
2025-05-12 15:42:14,908 - INFO - fl - start - start client 6 training
2025-05-12 15:42:14,908 - INFO - fl - client_local_train - client 6 start local training ...
2025-05-12 15:42:21,366 - INFO - fl - start - end client 6 training
2025-05-12 15:42:21,366 - INFO - fl - start - client 6 evaluation metrics: {'train_loss': 0.0768745302215336, 'test_acc': 81.6}
2025-05-12 15:42:21,367 - INFO - fl - start - start client 7 training
2025-05-12 15:42:21,367 - INFO - fl - client_local_train - client 7 start local training ...
2025-05-12 15:42:27,740 - INFO - fl - start - end client 7 training
2025-05-12 15:42:27,740 - INFO - fl - start - client 7 evaluation metrics: {'train_loss': 0.05185685342463154, 'test_acc': 58.55}
2025-05-12 15:42:27,740 - INFO - fl - start - start client 8 training
2025-05-12 15:42:27,740 - INFO - fl - client_local_train - client 8 start local training ...
2025-05-12 15:42:33,512 - INFO - fl - start - end client 8 training
2025-05-12 15:42:33,512 - INFO - fl - start - client 8 evaluation metrics: {'train_loss': 0.08544084657491609, 'test_acc': 74.17}
2025-05-12 15:42:33,512 - INFO - fl - start - start client 9 training
2025-05-12 15:42:33,512 - INFO - fl - client_local_train - client 9 start local training ...
2025-05-12 15:42:40,204 - INFO - fl - start - end client 9 training
2025-05-12 15:42:40,204 - INFO - fl - start - client 9 evaluation metrics: {'train_loss': 0.07947427476231093, 'test_acc': 60.81}
2025-05-12 15:42:40,204 - INFO - fl - aggregate_model - start model aggregation...fusion method: dual_defense
2025-05-12 15:42:40,204 - INFO - fl - aggregate_model - start hyper-guard fusion with epsilon 0.01
2025-05-12 15:42:40,204 - INFO - fl - aggregate_model - round 0 attackers: []
2025-05-12 15:42:51,001 - DEBUG - util_fusion - fusion_dual_defense - client 0 scores: {0: array([325.24040158]), 1: array([326.07118828]), 2: array([255.54058199]), 3: array([371.14302741]), 4: array([318.13830684]), 5: array([360.05812671]), 6: array([280.66071725]), 7: array([302.86435417]), 8: array([279.10610334]), 9: array([292.26673965])}
2025-05-12 15:42:51,001 - DEBUG - util_fusion - fusion_dual_defense - client 0 norm scores: {0: array([0.60292686]), 1: array([0.61011345]), 2: array([0.]), 3: array([1.]), 4: array([0.54149136]), 5: array([0.90411188]), 6: array([0.21729761]), 7: array([0.40936653]), 8: array([0.20384968]), 9: array([0.31769361])}
2025-05-12 15:42:51,002 - DEBUG - util_fusion - fusion_dual_defense - client 0 similarity threshold: 0.4806850973777643
2025-05-12 15:42:51,002 - INFO - util_fusion - fusion_dual_defense - client 0 selected fusion benigns: [0, 1, 3, 4, 5]
2025-05-12 15:42:51,010 - DEBUG - util_fusion - fusion_dual_defense - client 1 scores: {0: array([325.24040158]), 1: array([326.07118828]), 2: array([255.54058199]), 3: array([371.14302741]), 4: array([318.13830684]), 5: array([360.05812671]), 6: array([280.66071725]), 7: array([302.86435417]), 8: array([279.10610334]), 9: array([292.26673965])}
2025-05-12 15:42:51,011 - DEBUG - util_fusion - fusion_dual_defense - client 1 norm scores: {0: array([0.60292686]), 1: array([0.61011345]), 2: array([0.]), 3: array([1.]), 4: array([0.54149136]), 5: array([0.90411188]), 6: array([0.21729761]), 7: array([0.40936653]), 8: array([0.20384968]), 9: array([0.31769361])}
2025-05-12 15:42:51,011 - DEBUG - util_fusion - fusion_dual_defense - client 1 similarity threshold: 0.4806850973777643
2025-05-12 15:42:51,011 - INFO - util_fusion - fusion_dual_defense - client 1 selected fusion benigns: [0, 1, 3, 4, 5]
2025-05-12 15:42:51,019 - DEBUG - util_fusion - fusion_dual_defense - client 2 scores: {0: array([325.24040158]), 1: array([326.07118828]), 2: array([255.54058199]), 3: array([371.14302741]), 4: array([318.13830684]), 5: array([360.05812671]), 6: array([280.66071725]), 7: array([302.86435417]), 8: array([279.10610334]), 9: array([292.26673965])}
2025-05-12 15:42:51,020 - DEBUG - util_fusion - fusion_dual_defense - client 2 norm scores: {0: array([0.60292686]), 1: array([0.61011345]), 2: array([0.]), 3: array([1.]), 4: array([0.54149136]), 5: array([0.90411188]), 6: array([0.21729761]), 7: array([0.40936653]), 8: array([0.20384968]), 9: array([0.31769361])}
2025-05-12 15:42:51,020 - DEBUG - util_fusion - fusion_dual_defense - client 2 similarity threshold: 0.4806850973777643
2025-05-12 15:42:51,020 - INFO - util_fusion - fusion_dual_defense - client 2 selected fusion benigns: [0, 1, 3, 4, 5]
2025-05-12 15:42:51,028 - DEBUG - util_fusion - fusion_dual_defense - client 3 scores: {0: array([325.24040158]), 1: array([326.07118828]), 2: array([255.54058199]), 3: array([371.14302741]), 4: array([318.13830684]), 5: array([360.05812671]), 6: array([280.66071725]), 7: array([302.86435417]), 8: array([279.10610334]), 9: array([292.26673965])}
2025-05-12 15:42:51,029 - DEBUG - util_fusion - fusion_dual_defense - client 3 norm scores: {0: array([0.60292686]), 1: array([0.61011345]), 2: array([0.]), 3: array([1.]), 4: array([0.54149136]), 5: array([0.90411188]), 6: array([0.21729761]), 7: array([0.40936653]), 8: array([0.20384968]), 9: array([0.31769361])}
2025-05-12 15:42:51,029 - DEBUG - util_fusion - fusion_dual_defense - client 3 similarity threshold: 0.4806850973777643
2025-05-12 15:42:51,029 - INFO - util_fusion - fusion_dual_defense - client 3 selected fusion benigns: [0, 1, 3, 4, 5]
2025-05-12 15:42:51,037 - DEBUG - util_fusion - fusion_dual_defense - client 4 scores: {0: array([325.24040158]), 1: array([326.07118828]), 2: array([255.54058199]), 3: array([371.14302741]), 4: array([318.13830684]), 5: array([360.05812671]), 6: array([280.66071725]), 7: array([302.86435417]), 8: array([279.10610334]), 9: array([292.26673965])}
2025-05-12 15:42:51,038 - DEBUG - util_fusion - fusion_dual_defense - client 4 norm scores: {0: array([0.60292686]), 1: array([0.61011345]), 2: array([0.]), 3: array([1.]), 4: array([0.54149136]), 5: array([0.90411188]), 6: array([0.21729761]), 7: array([0.40936653]), 8: array([0.20384968]), 9: array([0.31769361])}
2025-05-12 15:42:51,038 - DEBUG - util_fusion - fusion_dual_defense - client 4 similarity threshold: 0.4806850973777643
2025-05-12 15:42:51,038 - INFO - util_fusion - fusion_dual_defense - client 4 selected fusion benigns: [0, 1, 3, 4, 5]
2025-05-12 15:42:51,046 - DEBUG - util_fusion - fusion_dual_defense - client 5 scores: {0: array([325.24040158]), 1: array([326.07118828]), 2: array([255.54058199]), 3: array([371.14302741]), 4: array([318.13830684]), 5: array([360.05812671]), 6: array([280.66071725]), 7: array([302.86435417]), 8: array([279.10610334]), 9: array([292.26673965])}
2025-05-12 15:42:51,047 - DEBUG - util_fusion - fusion_dual_defense - client 5 norm scores: {0: array([0.60292686]), 1: array([0.61011345]), 2: array([0.]), 3: array([1.]), 4: array([0.54149136]), 5: array([0.90411188]), 6: array([0.21729761]), 7: array([0.40936653]), 8: array([0.20384968]), 9: array([0.31769361])}
2025-05-12 15:42:51,047 - DEBUG - util_fusion - fusion_dual_defense - client 5 similarity threshold: 0.4806850973777643
2025-05-12 15:42:51,047 - INFO - util_fusion - fusion_dual_defense - client 5 selected fusion benigns: [0, 1, 3, 4, 5]
2025-05-12 15:42:51,055 - DEBUG - util_fusion - fusion_dual_defense - client 6 scores: {0: array([325.24040158]), 1: array([326.07118828]), 2: array([255.54058199]), 3: array([371.14302741]), 4: array([318.13830684]), 5: array([360.05812671]), 6: array([280.66071725]), 7: array([302.86435417]), 8: array([279.10610334]), 9: array([292.26673965])}
2025-05-12 15:42:51,056 - DEBUG - util_fusion - fusion_dual_defense - client 6 norm scores: {0: array([0.60292686]), 1: array([0.61011345]), 2: array([0.]), 3: array([1.]), 4: array([0.54149136]), 5: array([0.90411188]), 6: array([0.21729761]), 7: array([0.40936653]), 8: array([0.20384968]), 9: array([0.31769361])}
2025-05-12 15:42:51,056 - DEBUG - util_fusion - fusion_dual_defense - client 6 similarity threshold: 0.4806850973777643
2025-05-12 15:42:51,056 - INFO - util_fusion - fusion_dual_defense - client 6 selected fusion benigns: [0, 1, 3, 4, 5]
2025-05-12 15:42:51,066 - DEBUG - util_fusion - fusion_dual_defense - client 7 scores: {0: array([325.24040158]), 1: array([326.07118828]), 2: array([255.54058199]), 3: array([371.14302741]), 4: array([318.13830684]), 5: array([360.05812671]), 6: array([280.66071725]), 7: array([302.86435417]), 8: array([279.10610334]), 9: array([292.26673965])}
2025-05-12 15:42:51,067 - DEBUG - util_fusion - fusion_dual_defense - client 7 norm scores: {0: array([0.60292686]), 1: array([0.61011345]), 2: array([0.]), 3: array([1.]), 4: array([0.54149136]), 5: array([0.90411188]), 6: array([0.21729761]), 7: array([0.40936653]), 8: array([0.20384968]), 9: array([0.31769361])}
2025-05-12 15:42:51,067 - DEBUG - util_fusion - fusion_dual_defense - client 7 similarity threshold: 0.4806850973777643
2025-05-12 15:42:51,067 - INFO - util_fusion - fusion_dual_defense - client 7 selected fusion benigns: [0, 1, 3, 4, 5]
2025-05-12 15:42:51,075 - DEBUG - util_fusion - fusion_dual_defense - client 8 scores: {0: array([325.24040158]), 1: array([326.07118828]), 2: array([255.54058199]), 3: array([371.14302741]), 4: array([318.13830684]), 5: array([360.05812671]), 6: array([280.66071725]), 7: array([302.86435417]), 8: array([279.10610334]), 9: array([292.26673965])}
2025-05-12 15:42:51,075 - DEBUG - util_fusion - fusion_dual_defense - client 8 norm scores: {0: array([0.60292686]), 1: array([0.61011345]), 2: array([0.]), 3: array([1.]), 4: array([0.54149136]), 5: array([0.90411188]), 6: array([0.21729761]), 7: array([0.40936653]), 8: array([0.20384968]), 9: array([0.31769361])}
2025-05-12 15:42:51,076 - DEBUG - util_fusion - fusion_dual_defense - client 8 similarity threshold: 0.4806850973777643
2025-05-12 15:42:51,076 - INFO - util_fusion - fusion_dual_defense - client 8 selected fusion benigns: [0, 1, 3, 4, 5]
2025-05-12 15:42:51,084 - DEBUG - util_fusion - fusion_dual_defense - client 9 scores: {0: array([325.24040158]), 1: array([326.07118828]), 2: array([255.54058199]), 3: array([371.14302741]), 4: array([318.13830684]), 5: array([360.05812671]), 6: array([280.66071725]), 7: array([302.86435417]), 8: array([279.10610334]), 9: array([292.26673965])}
2025-05-12 15:42:51,084 - DEBUG - util_fusion - fusion_dual_defense - client 9 norm scores: {0: array([0.60292686]), 1: array([0.61011345]), 2: array([0.]), 3: array([1.]), 4: array([0.54149136]), 5: array([0.90411188]), 6: array([0.21729761]), 7: array([0.40936653]), 8: array([0.20384968]), 9: array([0.31769361])}
2025-05-12 15:42:51,085 - DEBUG - util_fusion - fusion_dual_defense - client 9 similarity threshold: 0.4806850973777643
2025-05-12 15:42:51,085 - INFO - util_fusion - fusion_dual_defense - client 9 selected fusion benigns: [0, 1, 3, 4, 5]
2025-05-12 15:42:51,085 - DEBUG - util_fusion - fusion_dual_defense - final fusion benigns: (0, 1, 3, 4, 5)
2025-05-12 15:42:52,787 - INFO - fl - start - global side -  test accuracy: 66.33
2025-05-12 15:42:52,787 - INFO - fl - start - global side iteration 0 -  test accuracy: 66.33
2025-05-12 15:42:52,788 - INFO - fl - start - start training round 1
2025-05-12 15:42:52,789 - INFO - fl - start - round 1 attackers: [7, 6]
2025-05-12 15:42:52,789 - INFO - fl - start - start client 0 training
2025-05-12 15:42:52,789 - INFO - fl - client_local_train - client 0 start local training ...
2025-05-12 15:42:57,241 - INFO - fl - start - end client 0 training
2025-05-12 15:42:57,241 - INFO - fl - start - client 0 evaluation metrics: {'train_loss': 0.04919769191001723, 'test_acc': 66.6}
2025-05-12 15:42:57,241 - INFO - fl - start - start client 1 training
2025-05-12 15:42:57,241 - INFO - fl - client_local_train - client 1 start local training ...
2025-05-12 15:43:00,579 - INFO - fl - start - end client 1 training
2025-05-12 15:43:00,579 - INFO - fl - start - client 1 evaluation metrics: {'train_loss': 0.051429489087313415, 'test_acc': 66.53}
2025-05-12 15:43:00,579 - INFO - fl - start - start client 2 training
2025-05-12 15:43:00,579 - INFO - fl - client_local_train - client 2 start local training ...
2025-05-12 15:43:09,215 - INFO - fl - start - end client 2 training
2025-05-12 15:43:09,215 - INFO - fl - start - client 2 evaluation metrics: {'train_loss': 0.052429071883670984, 'test_acc': 83.74}
2025-05-12 15:43:09,215 - INFO - fl - start - start client 3 training
2025-05-12 15:43:09,215 - INFO - fl - client_local_train - client 3 start local training ...
2025-05-12 15:43:11,704 - INFO - fl - start - end client 3 training
2025-05-12 15:43:11,704 - INFO - fl - start - client 3 evaluation metrics: {'train_loss': 0.05677004529219442, 'test_acc': 64.24}
2025-05-12 15:43:11,704 - INFO - fl - start - start client 4 training
2025-05-12 15:43:11,704 - INFO - fl - client_local_train - client 4 start local training ...
2025-05-12 15:43:15,385 - INFO - fl - start - end client 4 training
2025-05-12 15:43:15,385 - INFO - fl - start - client 4 evaluation metrics: {'train_loss': 0.08282134717266107, 'test_acc': 72.06}
2025-05-12 15:43:15,385 - INFO - fl - start - start client 5 training
2025-05-12 15:43:15,385 - INFO - fl - client_local_train - client 5 start local training ...
2025-05-12 15:43:18,903 - INFO - fl - start - end client 5 training
2025-05-12 15:43:18,903 - INFO - fl - start - client 5 evaluation metrics: {'train_loss': 0.08802104768929658, 'test_acc': 43.0}
2025-05-12 15:43:18,903 - INFO - fl - start - start client 6 training
2025-05-12 15:43:18,903 - INFO - fl - client_local_train - client 6 start local training ...
2025-05-12 15:43:22,970 - INFO - fl - client_local_train - client 6 is attacker, start poisoning model
2025-05-12 15:43:27,781 - INFO - fl - start - end client 6 training
2025-05-12 15:43:27,781 - INFO - fl - start - client 6 evaluation metrics: {'train_loss': 132.6813824270654, 'test_acc': 82.48}
2025-05-12 15:43:27,781 - INFO - fl - start - start client 7 training
2025-05-12 15:43:27,781 - INFO - fl - client_local_train - client 7 start local training ...
2025-05-12 15:43:31,749 - INFO - fl - client_local_train - client 7 is attacker, start poisoning model
2025-05-12 15:43:36,521 - INFO - fl - start - end client 7 training
2025-05-12 15:43:36,521 - INFO - fl - start - client 7 evaluation metrics: {'train_loss': 95.39735923274871, 'test_acc': 65.52}
2025-05-12 15:43:36,521 - INFO - fl - start - start client 8 training
2025-05-12 15:43:36,521 - INFO - fl - client_local_train - client 8 start local training ...
2025-05-12 15:43:42,282 - INFO - fl - start - end client 8 training
2025-05-12 15:43:42,282 - INFO - fl - start - client 8 evaluation metrics: {'train_loss': 0.0782993760806593, 'test_acc': 73.64}
2025-05-12 15:43:42,282 - INFO - fl - start - start client 9 training
2025-05-12 15:43:42,282 - INFO - fl - client_local_train - client 9 start local training ...
2025-05-12 15:43:48,985 - INFO - fl - start - end client 9 training
2025-05-12 15:43:48,986 - INFO - fl - start - client 9 evaluation metrics: {'train_loss': 0.044483822124443, 'test_acc': 64.98}
2025-05-12 15:43:48,986 - INFO - fl - aggregate_model - start model aggregation...fusion method: dual_defense
2025-05-12 15:43:48,986 - INFO - fl - aggregate_model - start hyper-guard fusion with epsilon 0.01
2025-05-12 15:43:48,986 - INFO - fl - aggregate_model - round 1 attackers: [6, 7]
2025-05-12 15:43:59,714 - DEBUG - util_fusion - fusion_dual_defense - client 0 scores: {0: array([522.08715682]), 1: array([526.68908296]), 2: array([427.35961712]), 3: array([564.10190203]), 4: array([508.59374862]), 5: array([537.84623564]), 6: array([467.88552261]), 7: array([492.10664812]), 8: array([459.27353743]), 9: array([474.35556962])}
2025-05-12 15:43:59,715 - DEBUG - util_fusion - fusion_dual_defense - client 0 norm scores: {0: array([0.69274504]), 1: array([0.72639905]), 2: array([0.]), 3: array([1.]), 4: array([0.59406738]), 5: array([0.80799161]), 6: array([0.29636703]), 7: array([0.47349678]), 8: array([0.23338736]), 9: array([0.34368266])}
2025-05-12 15:43:59,715 - DEBUG - util_fusion - fusion_dual_defense - client 0 similarity threshold: 0.5168136909795071
2025-05-12 15:43:59,715 - INFO - util_fusion - fusion_dual_defense - client 0 selected fusion benigns: [0, 1, 3, 4, 5]
2025-05-12 15:43:59,724 - DEBUG - util_fusion - fusion_dual_defense - client 1 scores: {0: array([522.08715682]), 1: array([526.68908296]), 2: array([427.35961712]), 3: array([564.10190203]), 4: array([508.59374862]), 5: array([537.84623564]), 6: array([467.88552261]), 7: array([492.10664812]), 8: array([459.27353743]), 9: array([474.35556962])}
2025-05-12 15:43:59,724 - DEBUG - util_fusion - fusion_dual_defense - client 1 norm scores: {0: array([0.69274504]), 1: array([0.72639905]), 2: array([0.]), 3: array([1.]), 4: array([0.59406738]), 5: array([0.80799161]), 6: array([0.29636703]), 7: array([0.47349678]), 8: array([0.23338736]), 9: array([0.34368266])}
2025-05-12 15:43:59,724 - DEBUG - util_fusion - fusion_dual_defense - client 1 similarity threshold: 0.5168136909795071
2025-05-12 15:43:59,724 - INFO - util_fusion - fusion_dual_defense - client 1 selected fusion benigns: [0, 1, 3, 4, 5]
2025-05-12 15:43:59,733 - DEBUG - util_fusion - fusion_dual_defense - client 2 scores: {0: array([522.08715682]), 1: array([526.68908296]), 2: array([427.35961712]), 3: array([564.10190203]), 4: array([508.59374862]), 5: array([537.84623564]), 6: array([467.88552261]), 7: array([492.10664812]), 8: array([459.27353743]), 9: array([474.35556962])}
2025-05-12 15:43:59,733 - DEBUG - util_fusion - fusion_dual_defense - client 2 norm scores: {0: array([0.69274504]), 1: array([0.72639905]), 2: array([0.]), 3: array([1.]), 4: array([0.59406738]), 5: array([0.80799161]), 6: array([0.29636703]), 7: array([0.47349678]), 8: array([0.23338736]), 9: array([0.34368266])}
2025-05-12 15:43:59,733 - DEBUG - util_fusion - fusion_dual_defense - client 2 similarity threshold: 0.5168136909795071
2025-05-12 15:43:59,733 - INFO - util_fusion - fusion_dual_defense - client 2 selected fusion benigns: [0, 1, 3, 4, 5]
2025-05-12 15:43:59,742 - DEBUG - util_fusion - fusion_dual_defense - client 3 scores: {0: array([522.08715682]), 1: array([526.68908296]), 2: array([427.35961712]), 3: array([564.10190203]), 4: array([508.59374862]), 5: array([537.84623564]), 6: array([467.88552261]), 7: array([492.10664812]), 8: array([459.27353743]), 9: array([474.35556962])}
2025-05-12 15:43:59,742 - DEBUG - util_fusion - fusion_dual_defense - client 3 norm scores: {0: array([0.69274504]), 1: array([0.72639905]), 2: array([0.]), 3: array([1.]), 4: array([0.59406738]), 5: array([0.80799161]), 6: array([0.29636703]), 7: array([0.47349678]), 8: array([0.23338736]), 9: array([0.34368266])}
2025-05-12 15:43:59,743 - DEBUG - util_fusion - fusion_dual_defense - client 3 similarity threshold: 0.5168136909795071
2025-05-12 15:43:59,743 - INFO - util_fusion - fusion_dual_defense - client 3 selected fusion benigns: [0, 1, 3, 4, 5]
2025-05-12 15:43:59,751 - DEBUG - util_fusion - fusion_dual_defense - client 4 scores: {0: array([522.08715682]), 1: array([526.68908296]), 2: array([427.35961712]), 3: array([564.10190203]), 4: array([508.59374862]), 5: array([537.84623564]), 6: array([467.88552261]), 7: array([492.10664812]), 8: array([459.27353743]), 9: array([474.35556962])}
2025-05-12 15:43:59,752 - DEBUG - util_fusion - fusion_dual_defense - client 4 norm scores: {0: array([0.69274504]), 1: array([0.72639905]), 2: array([0.]), 3: array([1.]), 4: array([0.59406738]), 5: array([0.80799161]), 6: array([0.29636703]), 7: array([0.47349678]), 8: array([0.23338736]), 9: array([0.34368266])}
2025-05-12 15:43:59,752 - DEBUG - util_fusion - fusion_dual_defense - client 4 similarity threshold: 0.5168136909795071
2025-05-12 15:43:59,752 - INFO - util_fusion - fusion_dual_defense - client 4 selected fusion benigns: [0, 1, 3, 4, 5]
2025-05-12 15:43:59,760 - DEBUG - util_fusion - fusion_dual_defense - client 5 scores: {0: array([522.08715682]), 1: array([526.68908296]), 2: array([427.35961712]), 3: array([564.10190203]), 4: array([508.59374862]), 5: array([537.84623564]), 6: array([467.88552261]), 7: array([492.10664812]), 8: array([459.27353743]), 9: array([474.35556962])}
2025-05-12 15:43:59,761 - DEBUG - util_fusion - fusion_dual_defense - client 5 norm scores: {0: array([0.69274504]), 1: array([0.72639905]), 2: array([0.]), 3: array([1.]), 4: array([0.59406738]), 5: array([0.80799161]), 6: array([0.29636703]), 7: array([0.47349678]), 8: array([0.23338736]), 9: array([0.34368266])}
2025-05-12 15:43:59,761 - DEBUG - util_fusion - fusion_dual_defense - client 5 similarity threshold: 0.5168136909795071
2025-05-12 15:43:59,761 - INFO - util_fusion - fusion_dual_defense - client 5 selected fusion benigns: [0, 1, 3, 4, 5]
2025-05-12 15:43:59,769 - DEBUG - util_fusion - fusion_dual_defense - client 6 scores: {0: array([522.08715682]), 1: array([526.68908296]), 2: array([427.35961712]), 3: array([564.10190203]), 4: array([508.59374862]), 5: array([537.84623564]), 6: array([467.88552261]), 7: array([492.10664812]), 8: array([459.27353743]), 9: array([474.35556962])}
2025-05-12 15:43:59,770 - DEBUG - util_fusion - fusion_dual_defense - client 6 norm scores: {0: array([0.69274504]), 1: array([0.72639905]), 2: array([0.]), 3: array([1.]), 4: array([0.59406738]), 5: array([0.80799161]), 6: array([0.29636703]), 7: array([0.47349678]), 8: array([0.23338736]), 9: array([0.34368266])}
2025-05-12 15:43:59,770 - DEBUG - util_fusion - fusion_dual_defense - client 6 similarity threshold: 0.5168136909795071
2025-05-12 15:43:59,770 - INFO - util_fusion - fusion_dual_defense - client 6 selected fusion benigns: [0, 1, 3, 4, 5]
2025-05-12 15:43:59,778 - DEBUG - util_fusion - fusion_dual_defense - client 7 scores: {0: array([522.08715682]), 1: array([526.68908296]), 2: array([427.35961712]), 3: array([564.10190203]), 4: array([508.59374862]), 5: array([537.84623564]), 6: array([467.88552261]), 7: array([492.10664812]), 8: array([459.27353743]), 9: array([474.35556962])}
2025-05-12 15:43:59,779 - DEBUG - util_fusion - fusion_dual_defense - client 7 norm scores: {0: array([0.69274504]), 1: array([0.72639905]), 2: array([0.]), 3: array([1.]), 4: array([0.59406738]), 5: array([0.80799161]), 6: array([0.29636703]), 7: array([0.47349678]), 8: array([0.23338736]), 9: array([0.34368266])}
2025-05-12 15:43:59,779 - DEBUG - util_fusion - fusion_dual_defense - client 7 similarity threshold: 0.5168136909795071
2025-05-12 15:43:59,779 - INFO - util_fusion - fusion_dual_defense - client 7 selected fusion benigns: [0, 1, 3, 4, 5]
2025-05-12 15:43:59,787 - DEBUG - util_fusion - fusion_dual_defense - client 8 scores: {0: array([522.08715682]), 1: array([526.68908296]), 2: array([427.35961712]), 3: array([564.10190203]), 4: array([508.59374862]), 5: array([537.84623564]), 6: array([467.88552261]), 7: array([492.10664812]), 8: array([459.27353743]), 9: array([474.35556962])}
2025-05-12 15:43:59,788 - DEBUG - util_fusion - fusion_dual_defense - client 8 norm scores: {0: array([0.69274504]), 1: array([0.72639905]), 2: array([0.]), 3: array([1.]), 4: array([0.59406738]), 5: array([0.80799161]), 6: array([0.29636703]), 7: array([0.47349678]), 8: array([0.23338736]), 9: array([0.34368266])}
2025-05-12 15:43:59,788 - DEBUG - util_fusion - fusion_dual_defense - client 8 similarity threshold: 0.5168136909795071
2025-05-12 15:43:59,788 - INFO - util_fusion - fusion_dual_defense - client 8 selected fusion benigns: [0, 1, 3, 4, 5]
2025-05-12 15:43:59,796 - DEBUG - util_fusion - fusion_dual_defense - client 9 scores: {0: array([522.08715682]), 1: array([526.68908296]), 2: array([427.35961712]), 3: array([564.10190203]), 4: array([508.59374862]), 5: array([537.84623564]), 6: array([467.88552261]), 7: array([492.10664812]), 8: array([459.27353743]), 9: array([474.35556962])}
2025-05-12 15:43:59,797 - DEBUG - util_fusion - fusion_dual_defense - client 9 norm scores: {0: array([0.69274504]), 1: array([0.72639905]), 2: array([0.]), 3: array([1.]), 4: array([0.59406738]), 5: array([0.80799161]), 6: array([0.29636703]), 7: array([0.47349678]), 8: array([0.23338736]), 9: array([0.34368266])}
2025-05-12 15:43:59,797 - DEBUG - util_fusion - fusion_dual_defense - client 9 similarity threshold: 0.5168136909795071
2025-05-12 15:43:59,797 - INFO - util_fusion - fusion_dual_defense - client 9 selected fusion benigns: [0, 1, 3, 4, 5]
2025-05-12 15:43:59,797 - DEBUG - util_fusion - fusion_dual_defense - final fusion benigns: (0, 1, 3, 4, 5)
2025-05-12 15:44:01,487 - INFO - fl - start - global side -  test accuracy: 82.5
2025-05-12 15:44:01,487 - INFO - fl - start - global side iteration 1 -  test accuracy: 82.5
2025-05-12 15:44:01,487 - INFO - fl - start - start training round 2
2025-05-12 15:44:01,489 - INFO - fl - start - round 2 attackers: [0, 5]
2025-05-12 15:44:01,489 - INFO - fl - start - start client 0 training
2025-05-12 15:44:01,489 - INFO - fl - client_local_train - client 0 start local training ...
2025-05-12 15:44:03,965 - INFO - fl - client_local_train - client 0 is attacker, start poisoning model
2025-05-12 15:44:07,936 - INFO - fl - start - end client 0 training
2025-05-12 15:44:07,936 - INFO - fl - start - client 0 evaluation metrics: {'train_loss': 69.60876110621861, 'test_acc': 71.73}
2025-05-12 15:44:07,936 - INFO - fl - start - start client 1 training
2025-05-12 15:44:07,936 - INFO - fl - client_local_train - client 1 start local training ...
2025-05-12 15:44:11,299 - INFO - fl - start - end client 1 training
2025-05-12 15:44:11,299 - INFO - fl - start - client 1 evaluation metrics: {'train_loss': 0.03716755475848913, 'test_acc': 69.56}
2025-05-12 15:44:11,299 - INFO - fl - start - start client 2 training
2025-05-12 15:44:11,299 - INFO - fl - client_local_train - client 2 start local training ...
2025-05-12 15:44:19,933 - INFO - fl - start - end client 2 training
2025-05-12 15:44:19,933 - INFO - fl - start - client 2 evaluation metrics: {'train_loss': 0.04431056242643131, 'test_acc': 82.64}
2025-05-12 15:44:19,933 - INFO - fl - start - start client 3 training
2025-05-12 15:44:19,934 - INFO - fl - client_local_train - client 3 start local training ...
2025-05-12 15:44:22,411 - INFO - fl - start - end client 3 training
2025-05-12 15:44:22,411 - INFO - fl - start - client 3 evaluation metrics: {'train_loss': 0.03593161411519195, 'test_acc': 72.61}
2025-05-12 15:44:22,411 - INFO - fl - start - start client 4 training
2025-05-12 15:44:22,411 - INFO - fl - client_local_train - client 4 start local training ...
2025-05-12 15:44:26,108 - INFO - fl - start - end client 4 training
2025-05-12 15:44:26,108 - INFO - fl - start - client 4 evaluation metrics: {'train_loss': 0.060226963479714145, 'test_acc': 80.84}
2025-05-12 15:44:26,108 - INFO - fl - start - start client 5 training
2025-05-12 15:44:26,108 - INFO - fl - client_local_train - client 5 start local training ...
2025-05-12 15:44:27,831 - INFO - fl - client_local_train - client 5 is attacker, start poisoning model
2025-05-12 15:44:31,414 - INFO - fl - start - end client 5 training
2025-05-12 15:44:31,414 - INFO - fl - start - client 5 evaluation metrics: {'train_loss': 81.12635817351165, 'test_acc': 59.7}
2025-05-12 15:44:31,414 - INFO - fl - start - start client 6 training
2025-05-12 15:44:31,414 - INFO - fl - client_local_train - client 6 start local training ...
2025-05-12 15:44:37,926 - INFO - fl - start - end client 6 training
2025-05-12 15:44:37,926 - INFO - fl - start - client 6 evaluation metrics: {'train_loss': 0.04377696087847897, 'test_acc': 85.16}
2025-05-12 15:44:37,926 - INFO - fl - start - start client 7 training
2025-05-12 15:44:37,926 - INFO - fl - client_local_train - client 7 start local training ...
2025-05-12 15:44:44,286 - INFO - fl - start - end client 7 training
2025-05-12 15:44:44,286 - INFO - fl - start - client 7 evaluation metrics: {'train_loss': 0.03165611402214234, 'test_acc': 66.71}
2025-05-12 15:44:44,286 - INFO - fl - start - start client 8 training
2025-05-12 15:44:44,286 - INFO - fl - client_local_train - client 8 start local training ...
2025-05-12 15:44:50,054 - INFO - fl - start - end client 8 training
2025-05-12 15:44:50,054 - INFO - fl - start - client 8 evaluation metrics: {'train_loss': 0.05364008556882089, 'test_acc': 76.47}
2025-05-12 15:44:50,055 - INFO - fl - start - start client 9 training
2025-05-12 15:44:50,055 - INFO - fl - client_local_train - client 9 start local training ...
2025-05-12 15:44:56,765 - INFO - fl - start - end client 9 training
2025-05-12 15:44:56,765 - INFO - fl - start - client 9 evaluation metrics: {'train_loss': 0.03714547583595254, 'test_acc': 72.62}
2025-05-12 15:44:56,765 - INFO - fl - aggregate_model - start model aggregation...fusion method: dual_defense
2025-05-12 15:44:56,765 - INFO - fl - aggregate_model - start hyper-guard fusion with epsilon 0.01
2025-05-12 15:44:56,765 - INFO - fl - aggregate_model - round 2 attackers: [0, 5]
2025-05-12 15:45:07,520 - DEBUG - util_fusion - fusion_dual_defense - client 0 scores: {0: array([645.13482486]), 1: array([648.95765262]), 2: array([547.04050338]), 3: array([677.79212199]), 4: array([630.52821462]), 5: array([646.53232078]), 6: array([590.81811339]), 7: array([612.80041685]), 8: array([580.49657316]), 9: array([597.101794])}
2025-05-12 15:45:07,521 - DEBUG - util_fusion - fusion_dual_defense - client 0 norm scores: {0: array([0.75023409]), 1: array([0.77947142]), 2: array([0.]), 3: array([1.]), 4: array([0.63852144]), 5: array([0.76092226]), 6: array([0.33481505]), 7: array([0.50293766]), 8: array([0.255875]), 9: array([0.3828732])}
2025-05-12 15:45:07,521 - DEBUG - util_fusion - fusion_dual_defense - client 0 similarity threshold: 0.540565011251449
2025-05-12 15:45:07,521 - INFO - util_fusion - fusion_dual_defense - client 0 selected fusion benigns: [0, 1, 3, 4, 5]
2025-05-12 15:45:07,529 - DEBUG - util_fusion - fusion_dual_defense - client 1 scores: {0: array([645.13482486]), 1: array([648.95765262]), 2: array([547.04050338]), 3: array([677.79212199]), 4: array([630.52821462]), 5: array([646.53232078]), 6: array([590.81811339]), 7: array([612.80041685]), 8: array([580.49657316]), 9: array([597.101794])}
2025-05-12 15:45:07,530 - DEBUG - util_fusion - fusion_dual_defense - client 1 norm scores: {0: array([0.75023409]), 1: array([0.77947142]), 2: array([0.]), 3: array([1.]), 4: array([0.63852144]), 5: array([0.76092226]), 6: array([0.33481505]), 7: array([0.50293766]), 8: array([0.255875]), 9: array([0.3828732])}
2025-05-12 15:45:07,530 - DEBUG - util_fusion - fusion_dual_defense - client 1 similarity threshold: 0.540565011251449
2025-05-12 15:45:07,530 - INFO - util_fusion - fusion_dual_defense - client 1 selected fusion benigns: [0, 1, 3, 4, 5]
2025-05-12 15:45:07,538 - DEBUG - util_fusion - fusion_dual_defense - client 2 scores: {0: array([645.13482486]), 1: array([648.95765262]), 2: array([547.04050338]), 3: array([677.79212199]), 4: array([630.52821462]), 5: array([646.53232078]), 6: array([590.81811339]), 7: array([612.80041685]), 8: array([580.49657316]), 9: array([597.101794])}
2025-05-12 15:45:07,539 - DEBUG - util_fusion - fusion_dual_defense - client 2 norm scores: {0: array([0.75023409]), 1: array([0.77947142]), 2: array([0.]), 3: array([1.]), 4: array([0.63852144]), 5: array([0.76092226]), 6: array([0.33481505]), 7: array([0.50293766]), 8: array([0.255875]), 9: array([0.3828732])}
2025-05-12 15:45:07,539 - DEBUG - util_fusion - fusion_dual_defense - client 2 similarity threshold: 0.540565011251449
2025-05-12 15:45:07,539 - INFO - util_fusion - fusion_dual_defense - client 2 selected fusion benigns: [0, 1, 3, 4, 5]
2025-05-12 15:45:07,548 - DEBUG - util_fusion - fusion_dual_defense - client 3 scores: {0: array([645.13482486]), 1: array([648.95765262]), 2: array([547.04050338]), 3: array([677.79212199]), 4: array([630.52821462]), 5: array([646.53232078]), 6: array([590.81811339]), 7: array([612.80041685]), 8: array([580.49657316]), 9: array([597.101794])}
2025-05-12 15:45:07,548 - DEBUG - util_fusion - fusion_dual_defense - client 3 norm scores: {0: array([0.75023409]), 1: array([0.77947142]), 2: array([0.]), 3: array([1.]), 4: array([0.63852144]), 5: array([0.76092226]), 6: array([0.33481505]), 7: array([0.50293766]), 8: array([0.255875]), 9: array([0.3828732])}
2025-05-12 15:45:07,548 - DEBUG - util_fusion - fusion_dual_defense - client 3 similarity threshold: 0.540565011251449
2025-05-12 15:45:07,548 - INFO - util_fusion - fusion_dual_defense - client 3 selected fusion benigns: [0, 1, 3, 4, 5]
2025-05-12 15:45:07,557 - DEBUG - util_fusion - fusion_dual_defense - client 4 scores: {0: array([645.13482486]), 1: array([648.95765262]), 2: array([547.04050338]), 3: array([677.79212199]), 4: array([630.52821462]), 5: array([646.53232078]), 6: array([590.81811339]), 7: array([612.80041685]), 8: array([580.49657316]), 9: array([597.101794])}
2025-05-12 15:45:07,557 - DEBUG - util_fusion - fusion_dual_defense - client 4 norm scores: {0: array([0.75023409]), 1: array([0.77947142]), 2: array([0.]), 3: array([1.]), 4: array([0.63852144]), 5: array([0.76092226]), 6: array([0.33481505]), 7: array([0.50293766]), 8: array([0.255875]), 9: array([0.3828732])}
2025-05-12 15:45:07,557 - DEBUG - util_fusion - fusion_dual_defense - client 4 similarity threshold: 0.540565011251449
2025-05-12 15:45:07,557 - INFO - util_fusion - fusion_dual_defense - client 4 selected fusion benigns: [0, 1, 3, 4, 5]
2025-05-12 15:45:07,566 - DEBUG - util_fusion - fusion_dual_defense - client 5 scores: {0: array([645.13482486]), 1: array([648.95765262]), 2: array([547.04050338]), 3: array([677.79212199]), 4: array([630.52821462]), 5: array([646.53232078]), 6: array([590.81811339]), 7: array([612.80041685]), 8: array([580.49657316]), 9: array([597.101794])}
2025-05-12 15:45:07,566 - DEBUG - util_fusion - fusion_dual_defense - client 5 norm scores: {0: array([0.75023409]), 1: array([0.77947142]), 2: array([0.]), 3: array([1.]), 4: array([0.63852144]), 5: array([0.76092226]), 6: array([0.33481505]), 7: array([0.50293766]), 8: array([0.255875]), 9: array([0.3828732])}
2025-05-12 15:45:07,566 - DEBUG - util_fusion - fusion_dual_defense - client 5 similarity threshold: 0.540565011251449
2025-05-12 15:45:07,566 - INFO - util_fusion - fusion_dual_defense - client 5 selected fusion benigns: [0, 1, 3, 4, 5]
2025-05-12 15:45:07,575 - DEBUG - util_fusion - fusion_dual_defense - client 6 scores: {0: array([645.13482486]), 1: array([648.95765262]), 2: array([547.04050338]), 3: array([677.79212199]), 4: array([630.52821462]), 5: array([646.53232078]), 6: array([590.81811339]), 7: array([612.80041685]), 8: array([580.49657316]), 9: array([597.101794])}
2025-05-12 15:45:07,575 - DEBUG - util_fusion - fusion_dual_defense - client 6 norm scores: {0: array([0.75023409]), 1: array([0.77947142]), 2: array([0.]), 3: array([1.]), 4: array([0.63852144]), 5: array([0.76092226]), 6: array([0.33481505]), 7: array([0.50293766]), 8: array([0.255875]), 9: array([0.3828732])}
2025-05-12 15:45:07,575 - DEBUG - util_fusion - fusion_dual_defense - client 6 similarity threshold: 0.540565011251449
2025-05-12 15:45:07,575 - INFO - util_fusion - fusion_dual_defense - client 6 selected fusion benigns: [0, 1, 3, 4, 5]
2025-05-12 15:45:07,584 - DEBUG - util_fusion - fusion_dual_defense - client 7 scores: {0: array([645.13482486]), 1: array([648.95765262]), 2: array([547.04050338]), 3: array([677.79212199]), 4: array([630.52821462]), 5: array([646.53232078]), 6: array([590.81811339]), 7: array([612.80041685]), 8: array([580.49657316]), 9: array([597.101794])}
2025-05-12 15:45:07,584 - DEBUG - util_fusion - fusion_dual_defense - client 7 norm scores: {0: array([0.75023409]), 1: array([0.77947142]), 2: array([0.]), 3: array([1.]), 4: array([0.63852144]), 5: array([0.76092226]), 6: array([0.33481505]), 7: array([0.50293766]), 8: array([0.255875]), 9: array([0.3828732])}
2025-05-12 15:45:07,584 - DEBUG - util_fusion - fusion_dual_defense - client 7 similarity threshold: 0.540565011251449
2025-05-12 15:45:07,584 - INFO - util_fusion - fusion_dual_defense - client 7 selected fusion benigns: [0, 1, 3, 4, 5]
2025-05-12 15:45:07,593 - DEBUG - util_fusion - fusion_dual_defense - client 8 scores: {0: array([645.13482486]), 1: array([648.95765262]), 2: array([547.04050338]), 3: array([677.79212199]), 4: array([630.52821462]), 5: array([646.53232078]), 6: array([590.81811339]), 7: array([612.80041685]), 8: array([580.49657316]), 9: array([597.101794])}
2025-05-12 15:45:07,594 - DEBUG - util_fusion - fusion_dual_defense - client 8 norm scores: {0: array([0.75023409]), 1: array([0.77947142]), 2: array([0.]), 3: array([1.]), 4: array([0.63852144]), 5: array([0.76092226]), 6: array([0.33481505]), 7: array([0.50293766]), 8: array([0.255875]), 9: array([0.3828732])}
2025-05-12 15:45:07,594 - DEBUG - util_fusion - fusion_dual_defense - client 8 similarity threshold: 0.540565011251449
2025-05-12 15:45:07,594 - INFO - util_fusion - fusion_dual_defense - client 8 selected fusion benigns: [0, 1, 3, 4, 5]
2025-05-12 15:45:07,604 - DEBUG - util_fusion - fusion_dual_defense - client 9 scores: {0: array([645.13482486]), 1: array([648.95765262]), 2: array([547.04050338]), 3: array([677.79212199]), 4: array([630.52821462]), 5: array([646.53232078]), 6: array([590.81811339]), 7: array([612.80041685]), 8: array([580.49657316]), 9: array([597.101794])}
2025-05-12 15:45:07,604 - DEBUG - util_fusion - fusion_dual_defense - client 9 norm scores: {0: array([0.75023409]), 1: array([0.77947142]), 2: array([0.]), 3: array([1.]), 4: array([0.63852144]), 5: array([0.76092226]), 6: array([0.33481505]), 7: array([0.50293766]), 8: array([0.255875]), 9: array([0.3828732])}
2025-05-12 15:45:07,604 - DEBUG - util_fusion - fusion_dual_defense - client 9 similarity threshold: 0.540565011251449
2025-05-12 15:45:07,604 - INFO - util_fusion - fusion_dual_defense - client 9 selected fusion benigns: [0, 1, 3, 4, 5]
2025-05-12 15:45:07,605 - DEBUG - util_fusion - fusion_dual_defense - final fusion benigns: (0, 1, 3, 4, 5)
2025-05-12 15:45:09,291 - INFO - fl - start - global side -  test accuracy: 92.82
2025-05-12 15:45:09,291 - INFO - fl - start - global side iteration 2 -  test accuracy: 92.82
2025-05-12 15:45:09,292 - INFO - fl - start - start training round 3
2025-05-12 15:45:09,293 - INFO - fl - start - round 3 attackers: [5, 9]
2025-05-12 15:45:09,293 - INFO - fl - start - start client 0 training
2025-05-12 15:45:09,293 - INFO - fl - client_local_train - client 0 start local training ...
2025-05-12 15:45:13,743 - INFO - fl - start - end client 0 training
2025-05-12 15:45:13,743 - INFO - fl - start - client 0 evaluation metrics: {'train_loss': 1.4277777981448483, 'test_acc': 9.82}
2025-05-12 15:45:13,743 - INFO - fl - start - start client 1 training
2025-05-12 15:45:13,743 - INFO - fl - client_local_train - client 1 start local training ...
2025-05-12 15:45:17,090 - INFO - fl - start - end client 1 training
2025-05-12 15:45:17,090 - INFO - fl - start - client 1 evaluation metrics: {'train_loss': 1.685789830684662, 'test_acc': 9.58}
2025-05-12 15:45:17,090 - INFO - fl - start - start client 2 training
2025-05-12 15:45:17,090 - INFO - fl - client_local_train - client 2 start local training ...
2025-05-12 15:45:25,716 - INFO - fl - start - end client 2 training
2025-05-12 15:45:25,717 - INFO - fl - start - client 2 evaluation metrics: {'train_loss': 1.71807665626208, 'test_acc': 9.74}
2025-05-12 15:45:25,717 - INFO - fl - start - start client 3 training
2025-05-12 15:45:25,717 - INFO - fl - client_local_train - client 3 start local training ...
2025-05-12 15:45:28,208 - INFO - fl - start - end client 3 training
2025-05-12 15:45:28,209 - INFO - fl - start - client 3 evaluation metrics: {'train_loss': 1.391383121753561, 'test_acc': 10.44}
2025-05-12 15:45:28,209 - INFO - fl - start - start client 4 training
2025-05-12 15:45:28,209 - INFO - fl - client_local_train - client 4 start local training ...
2025-05-12 15:45:31,874 - INFO - fl - start - end client 4 training
2025-05-12 15:45:31,874 - INFO - fl - start - client 4 evaluation metrics: {'train_loss': 1.71213901659538, 'test_acc': 9.58}
2025-05-12 15:45:31,875 - INFO - fl - start - start client 5 training
2025-05-12 15:45:31,875 - INFO - fl - client_local_train - client 5 start local training ...
2025-05-12 15:45:33,599 - INFO - fl - client_local_train - client 5 is attacker, start poisoning model
2025-05-12 15:45:37,190 - INFO - fl - start - end client 5 training
2025-05-12 15:45:37,190 - INFO - fl - start - client 5 evaluation metrics: {'train_loss': 14.883960856331719, 'test_acc': 10.32}
2025-05-12 15:45:37,190 - INFO - fl - start - start client 6 training
2025-05-12 15:45:37,190 - INFO - fl - client_local_train - client 6 start local training ...
2025-05-12 15:45:43,684 - INFO - fl - start - end client 6 training
2025-05-12 15:45:43,684 - INFO - fl - start - client 6 evaluation metrics: {'train_loss': 1.7307653933998168, 'test_acc': 9.8}
2025-05-12 15:45:43,684 - INFO - fl - start - start client 7 training
2025-05-12 15:45:43,684 - INFO - fl - client_local_train - client 7 start local training ...
2025-05-12 15:45:50,053 - INFO - fl - start - end client 7 training
2025-05-12 15:45:50,053 - INFO - fl - start - client 7 evaluation metrics: {'train_loss': 1.413534314401688, 'test_acc': 10.32}
2025-05-12 15:45:50,053 - INFO - fl - start - start client 8 training
2025-05-12 15:45:50,053 - INFO - fl - client_local_train - client 8 start local training ...
2025-05-12 15:45:55,899 - INFO - fl - start - end client 8 training
2025-05-12 15:45:55,899 - INFO - fl - start - client 8 evaluation metrics: {'train_loss': 1.8105892018838363, 'test_acc': 10.28}
2025-05-12 15:45:55,899 - INFO - fl - start - start client 9 training
2025-05-12 15:45:55,899 - INFO - fl - client_local_train - client 9 start local training ...
2025-05-12 15:46:00,174 - INFO - fl - client_local_train - client 9 is attacker, start poisoning model
2025-05-12 15:46:05,112 - INFO - fl - start - end client 9 training
2025-05-12 15:46:05,112 - INFO - fl - start - client 9 evaluation metrics: {'train_loss': 11.794397958239218, 'test_acc': 10.09}
2025-05-12 15:46:05,112 - INFO - fl - aggregate_model - start model aggregation...fusion method: dual_defense
2025-05-12 15:46:05,112 - INFO - fl - aggregate_model - start hyper-guard fusion with epsilon 0.01
2025-05-12 15:46:05,112 - INFO - fl - aggregate_model - round 3 attackers: [9, 5]
2025-05-12 15:46:15,874 - DEBUG - util_fusion - fusion_dual_defense - client 0 scores: {0: array([476.42358457]), 1: array([203.96856361]), 2: array([130.08486963]), 3: array([480.46488469]), 4: array([435.07557028]), 5: array([361.36385909]), 6: array([282.6454097]), 7: array([394.96142817]), 8: array([216.73043085]), 9: array([309.96107286])}
2025-05-12 15:46:15,875 - DEBUG - util_fusion - fusion_dual_defense - client 0 norm scores: {0: array([0.98846595]), 1: array([0.21086732]), 2: array([0.]), 3: array([1.]), 4: array([0.8704569]), 5: array([0.66008043]), 6: array([0.4354145]), 7: array([0.75596937]), 8: array([0.24729025]), 9: array([0.51337461])}
2025-05-12 15:46:15,875 - DEBUG - util_fusion - fusion_dual_defense - client 0 similarity threshold: 0.56819193206593
2025-05-12 15:46:15,875 - INFO - util_fusion - fusion_dual_defense - client 0 selected fusion benigns: [0, 3, 4, 5, 7]
2025-05-12 15:46:15,883 - DEBUG - util_fusion - fusion_dual_defense - client 1 scores: {0: array([476.42358457]), 1: array([203.96856361]), 2: array([130.08486963]), 3: array([480.46488469]), 4: array([435.07557028]), 5: array([361.36385909]), 6: array([282.6454097]), 7: array([394.96142817]), 8: array([216.73043085]), 9: array([309.96107286])}
2025-05-12 15:46:15,884 - DEBUG - util_fusion - fusion_dual_defense - client 1 norm scores: {0: array([0.98846595]), 1: array([0.21086732]), 2: array([0.]), 3: array([1.]), 4: array([0.8704569]), 5: array([0.66008043]), 6: array([0.4354145]), 7: array([0.75596937]), 8: array([0.24729025]), 9: array([0.51337461])}
2025-05-12 15:46:15,884 - DEBUG - util_fusion - fusion_dual_defense - client 1 similarity threshold: 0.56819193206593
2025-05-12 15:46:15,884 - INFO - util_fusion - fusion_dual_defense - client 1 selected fusion benigns: [0, 3, 4, 5, 7]
2025-05-12 15:46:15,892 - DEBUG - util_fusion - fusion_dual_defense - client 2 scores: {0: array([476.42358457]), 1: array([203.96856361]), 2: array([130.08486963]), 3: array([480.46488469]), 4: array([435.07557028]), 5: array([361.36385909]), 6: array([282.6454097]), 7: array([394.96142817]), 8: array([216.73043085]), 9: array([309.96107286])}
2025-05-12 15:46:15,893 - DEBUG - util_fusion - fusion_dual_defense - client 2 norm scores: {0: array([0.98846595]), 1: array([0.21086732]), 2: array([0.]), 3: array([1.]), 4: array([0.8704569]), 5: array([0.66008043]), 6: array([0.4354145]), 7: array([0.75596937]), 8: array([0.24729025]), 9: array([0.51337461])}
2025-05-12 15:46:15,893 - DEBUG - util_fusion - fusion_dual_defense - client 2 similarity threshold: 0.56819193206593
2025-05-12 15:46:15,893 - INFO - util_fusion - fusion_dual_defense - client 2 selected fusion benigns: [0, 3, 4, 5, 7]
2025-05-12 15:46:15,901 - DEBUG - util_fusion - fusion_dual_defense - client 3 scores: {0: array([476.42358457]), 1: array([203.96856361]), 2: array([130.08486963]), 3: array([480.46488469]), 4: array([435.07557028]), 5: array([361.36385909]), 6: array([282.6454097]), 7: array([394.96142817]), 8: array([216.73043085]), 9: array([309.96107286])}
2025-05-12 15:46:15,902 - DEBUG - util_fusion - fusion_dual_defense - client 3 norm scores: {0: array([0.98846595]), 1: array([0.21086732]), 2: array([0.]), 3: array([1.]), 4: array([0.8704569]), 5: array([0.66008043]), 6: array([0.4354145]), 7: array([0.75596937]), 8: array([0.24729025]), 9: array([0.51337461])}
2025-05-12 15:46:15,902 - DEBUG - util_fusion - fusion_dual_defense - client 3 similarity threshold: 0.56819193206593
2025-05-12 15:46:15,902 - INFO - util_fusion - fusion_dual_defense - client 3 selected fusion benigns: [0, 3, 4, 5, 7]
2025-05-12 15:46:15,910 - DEBUG - util_fusion - fusion_dual_defense - client 4 scores: {0: array([476.42358457]), 1: array([203.96856361]), 2: array([130.08486963]), 3: array([480.46488469]), 4: array([435.07557028]), 5: array([361.36385909]), 6: array([282.6454097]), 7: array([394.96142817]), 8: array([216.73043085]), 9: array([309.96107286])}
2025-05-12 15:46:15,911 - DEBUG - util_fusion - fusion_dual_defense - client 4 norm scores: {0: array([0.98846595]), 1: array([0.21086732]), 2: array([0.]), 3: array([1.]), 4: array([0.8704569]), 5: array([0.66008043]), 6: array([0.4354145]), 7: array([0.75596937]), 8: array([0.24729025]), 9: array([0.51337461])}
2025-05-12 15:46:15,911 - DEBUG - util_fusion - fusion_dual_defense - client 4 similarity threshold: 0.56819193206593
2025-05-12 15:46:15,911 - INFO - util_fusion - fusion_dual_defense - client 4 selected fusion benigns: [0, 3, 4, 5, 7]
2025-05-12 15:46:15,919 - DEBUG - util_fusion - fusion_dual_defense - client 5 scores: {0: array([476.42358457]), 1: array([203.96856361]), 2: array([130.08486963]), 3: array([480.46488469]), 4: array([435.07557028]), 5: array([361.36385909]), 6: array([282.6454097]), 7: array([394.96142817]), 8: array([216.73043085]), 9: array([309.96107286])}
2025-05-12 15:46:15,920 - DEBUG - util_fusion - fusion_dual_defense - client 5 norm scores: {0: array([0.98846595]), 1: array([0.21086732]), 2: array([0.]), 3: array([1.]), 4: array([0.8704569]), 5: array([0.66008043]), 6: array([0.4354145]), 7: array([0.75596937]), 8: array([0.24729025]), 9: array([0.51337461])}
2025-05-12 15:46:15,920 - DEBUG - util_fusion - fusion_dual_defense - client 5 similarity threshold: 0.56819193206593
2025-05-12 15:46:15,920 - INFO - util_fusion - fusion_dual_defense - client 5 selected fusion benigns: [0, 3, 4, 5, 7]
2025-05-12 15:46:15,928 - DEBUG - util_fusion - fusion_dual_defense - client 6 scores: {0: array([476.42358457]), 1: array([203.96856361]), 2: array([130.08486963]), 3: array([480.46488469]), 4: array([435.07557028]), 5: array([361.36385909]), 6: array([282.6454097]), 7: array([394.96142817]), 8: array([216.73043085]), 9: array([309.96107286])}
2025-05-12 15:46:15,929 - DEBUG - util_fusion - fusion_dual_defense - client 6 norm scores: {0: array([0.98846595]), 1: array([0.21086732]), 2: array([0.]), 3: array([1.]), 4: array([0.8704569]), 5: array([0.66008043]), 6: array([0.4354145]), 7: array([0.75596937]), 8: array([0.24729025]), 9: array([0.51337461])}
2025-05-12 15:46:15,929 - DEBUG - util_fusion - fusion_dual_defense - client 6 similarity threshold: 0.56819193206593
2025-05-12 15:46:15,929 - INFO - util_fusion - fusion_dual_defense - client 6 selected fusion benigns: [0, 3, 4, 5, 7]
2025-05-12 15:46:15,937 - DEBUG - util_fusion - fusion_dual_defense - client 7 scores: {0: array([476.42358457]), 1: array([203.96856361]), 2: array([130.08486963]), 3: array([480.46488469]), 4: array([435.07557028]), 5: array([361.36385909]), 6: array([282.6454097]), 7: array([394.96142817]), 8: array([216.73043085]), 9: array([309.96107286])}
2025-05-12 15:46:15,938 - DEBUG - util_fusion - fusion_dual_defense - client 7 norm scores: {0: array([0.98846595]), 1: array([0.21086732]), 2: array([0.]), 3: array([1.]), 4: array([0.8704569]), 5: array([0.66008043]), 6: array([0.4354145]), 7: array([0.75596937]), 8: array([0.24729025]), 9: array([0.51337461])}
2025-05-12 15:46:15,938 - DEBUG - util_fusion - fusion_dual_defense - client 7 similarity threshold: 0.56819193206593
2025-05-12 15:46:15,938 - INFO - util_fusion - fusion_dual_defense - client 7 selected fusion benigns: [0, 3, 4, 5, 7]
2025-05-12 15:46:15,946 - DEBUG - util_fusion - fusion_dual_defense - client 8 scores: {0: array([476.42358457]), 1: array([203.96856361]), 2: array([130.08486963]), 3: array([480.46488469]), 4: array([435.07557028]), 5: array([361.36385909]), 6: array([282.6454097]), 7: array([394.96142817]), 8: array([216.73043085]), 9: array([309.96107286])}
2025-05-12 15:46:15,947 - DEBUG - util_fusion - fusion_dual_defense - client 8 norm scores: {0: array([0.98846595]), 1: array([0.21086732]), 2: array([0.]), 3: array([1.]), 4: array([0.8704569]), 5: array([0.66008043]), 6: array([0.4354145]), 7: array([0.75596937]), 8: array([0.24729025]), 9: array([0.51337461])}
2025-05-12 15:46:15,947 - DEBUG - util_fusion - fusion_dual_defense - client 8 similarity threshold: 0.56819193206593
2025-05-12 15:46:15,947 - INFO - util_fusion - fusion_dual_defense - client 8 selected fusion benigns: [0, 3, 4, 5, 7]
2025-05-12 15:46:15,956 - DEBUG - util_fusion - fusion_dual_defense - client 9 scores: {0: array([476.42358457]), 1: array([203.96856361]), 2: array([130.08486963]), 3: array([480.46488469]), 4: array([435.07557028]), 5: array([361.36385909]), 6: array([282.6454097]), 7: array([394.96142817]), 8: array([216.73043085]), 9: array([309.96107286])}
2025-05-12 15:46:15,956 - DEBUG - util_fusion - fusion_dual_defense - client 9 norm scores: {0: array([0.98846595]), 1: array([0.21086732]), 2: array([0.]), 3: array([1.]), 4: array([0.8704569]), 5: array([0.66008043]), 6: array([0.4354145]), 7: array([0.75596937]), 8: array([0.24729025]), 9: array([0.51337461])}
2025-05-12 15:46:15,956 - DEBUG - util_fusion - fusion_dual_defense - client 9 similarity threshold: 0.56819193206593
2025-05-12 15:46:15,956 - INFO - util_fusion - fusion_dual_defense - client 9 selected fusion benigns: [0, 3, 4, 5, 7]
2025-05-12 15:46:15,956 - DEBUG - util_fusion - fusion_dual_defense - final fusion benigns: (0, 3, 4, 5, 7)
2025-05-12 15:46:17,645 - INFO - fl - start - global side -  test accuracy: 10.32
2025-05-12 15:46:17,645 - INFO - fl - start - global side iteration 3 -  test accuracy: 10.32
2025-05-12 15:46:17,646 - INFO - fl - start - start training round 4
2025-05-12 15:46:17,647 - INFO - fl - start - round 4 attackers: [2, 5]
2025-05-12 15:46:17,647 - INFO - fl - start - start client 0 training
2025-05-12 15:46:17,647 - INFO - fl - client_local_train - client 0 start local training ...
2025-05-12 15:46:22,118 - INFO - fl - start - end client 0 training
2025-05-12 15:46:22,118 - INFO - fl - start - client 0 evaluation metrics: {'train_loss': 1.4399571666469821, 'test_acc': 9.82}
2025-05-12 15:46:22,118 - INFO - fl - start - start client 1 training
2025-05-12 15:46:22,118 - INFO - fl - client_local_train - client 1 start local training ...
2025-05-12 15:46:25,472 - INFO - fl - start - end client 1 training
2025-05-12 15:46:25,472 - INFO - fl - start - client 1 evaluation metrics: {'train_loss': 1.7068196058273315, 'test_acc': 9.58}
2025-05-12 15:46:25,472 - INFO - fl - start - start client 2 training
2025-05-12 15:46:25,472 - INFO - fl - client_local_train - client 2 start local training ...
2025-05-12 15:46:31,264 - INFO - fl - client_local_train - client 2 is attacker, start poisoning model
2025-05-12 15:46:37,005 - INFO - fl - start - end client 2 training
2025-05-12 15:46:37,006 - INFO - fl - start - client 2 evaluation metrics: {'train_loss': 14.08190597958035, 'test_acc': 9.58}
2025-05-12 15:46:37,006 - INFO - fl - start - start client 3 training
2025-05-12 15:46:37,006 - INFO - fl - client_local_train - client 3 start local training ...
2025-05-12 15:46:39,485 - INFO - fl - start - end client 3 training
2025-05-12 15:46:39,485 - INFO - fl - start - client 3 evaluation metrics: {'train_loss': 1.4631616041578095, 'test_acc': 9.82}
2025-05-12 15:46:39,485 - INFO - fl - start - start client 4 training
2025-05-12 15:46:39,485 - INFO - fl - client_local_train - client 4 start local training ...
2025-05-12 15:46:43,169 - INFO - fl - start - end client 4 training
2025-05-12 15:46:43,169 - INFO - fl - start - client 4 evaluation metrics: {'train_loss': 1.7089676117074901, 'test_acc': 9.58}
2025-05-12 15:46:43,169 - INFO - fl - start - start client 5 training
2025-05-12 15:46:43,169 - INFO - fl - client_local_train - client 5 start local training ...
2025-05-12 15:46:44,902 - INFO - fl - client_local_train - client 5 is attacker, start poisoning model
2025-05-12 15:46:48,485 - INFO - fl - start - end client 5 training
2025-05-12 15:46:48,485 - INFO - fl - start - client 5 evaluation metrics: {'train_loss': 6.930511620309618, 'test_acc': 10.32}
2025-05-12 15:46:48,485 - INFO - fl - start - start client 6 training
2025-05-12 15:46:48,485 - INFO - fl - client_local_train - client 6 start local training ...
2025-05-12 15:46:54,967 - INFO - fl - start - end client 6 training
2025-05-12 15:46:54,967 - INFO - fl - start - client 6 evaluation metrics: {'train_loss': 1.7287744152264333, 'test_acc': 9.8}
2025-05-12 15:46:54,967 - INFO - fl - start - start client 7 training
2025-05-12 15:46:54,967 - INFO - fl - client_local_train - client 7 start local training ...
2025-05-12 15:47:01,346 - INFO - fl - start - end client 7 training
2025-05-12 15:47:01,346 - INFO - fl - start - client 7 evaluation metrics: {'train_loss': 1.4120613278881196, 'test_acc': 10.32}
2025-05-12 15:47:01,346 - INFO - fl - start - start client 8 training
2025-05-12 15:47:01,347 - INFO - fl - client_local_train - client 8 start local training ...
2025-05-12 15:47:07,170 - INFO - fl - start - end client 8 training
2025-05-12 15:47:07,170 - INFO - fl - start - client 8 evaluation metrics: {'train_loss': 1.830606146292253, 'test_acc': 10.28}
2025-05-12 15:47:07,170 - INFO - fl - start - start client 9 training
2025-05-12 15:47:07,170 - INFO - fl - client_local_train - client 9 start local training ...
2025-05-12 15:47:13,913 - INFO - fl - start - end client 9 training
2025-05-12 15:47:13,913 - INFO - fl - start - client 9 evaluation metrics: {'train_loss': 1.51138678977364, 'test_acc': 10.09}
2025-05-12 15:47:13,913 - INFO - fl - aggregate_model - start model aggregation...fusion method: dual_defense
2025-05-12 15:47:13,913 - INFO - fl - aggregate_model - start hyper-guard fusion with epsilon 0.01
2025-05-12 15:47:13,913 - INFO - fl - aggregate_model - round 4 attackers: [2, 5]
2025-05-12 15:47:24,680 - DEBUG - util_fusion - fusion_dual_defense - client 0 scores: {0: array([419.28410664]), 1: array([419.29020385]), 2: array([419.10056615]), 3: array([419.31283565]), 4: array([419.26079806]), 5: array([418.66904407]), 6: array([419.29025355]), 7: array([419.07648627]), 8: array([419.09681649]), 9: array([419.19920039])}
2025-05-12 15:47:24,680 - DEBUG - util_fusion - fusion_dual_defense - client 0 norm scores: {0: array([0.95537531]), 1: array([0.96484608]), 2: array([0.67028228]), 3: array([1.]), 4: array([0.91917013]), 5: array([0.]), 6: array([0.96492329]), 7: array([0.63287905]), 8: array([0.66445794]), 9: array([0.82349062])}
2025-05-12 15:47:24,680 - DEBUG - util_fusion - fusion_dual_defense - client 0 similarity threshold: 0.7595424691234313
2025-05-12 15:47:24,680 - INFO - util_fusion - fusion_dual_defense - client 0 selected fusion benigns: [0, 1, 3, 4, 6, 9]
2025-05-12 15:47:24,689 - DEBUG - util_fusion - fusion_dual_defense - client 1 scores: {0: array([419.28410664]), 1: array([419.29020385]), 2: array([419.10056615]), 3: array([419.31283565]), 4: array([419.26079806]), 5: array([418.66904407]), 6: array([419.29025355]), 7: array([419.07648627]), 8: array([419.09681649]), 9: array([419.19920039])}
2025-05-12 15:47:24,689 - DEBUG - util_fusion - fusion_dual_defense - client 1 norm scores: {0: array([0.95537531]), 1: array([0.96484608]), 2: array([0.67028228]), 3: array([1.]), 4: array([0.91917013]), 5: array([0.]), 6: array([0.96492329]), 7: array([0.63287905]), 8: array([0.66445794]), 9: array([0.82349062])}
2025-05-12 15:47:24,690 - DEBUG - util_fusion - fusion_dual_defense - client 1 similarity threshold: 0.7595424691234313
2025-05-12 15:47:24,690 - INFO - util_fusion - fusion_dual_defense - client 1 selected fusion benigns: [0, 1, 3, 4, 6, 9]
2025-05-12 15:47:24,698 - DEBUG - util_fusion - fusion_dual_defense - client 2 scores: {0: array([419.28410664]), 1: array([419.29020385]), 2: array([419.10056615]), 3: array([419.31283565]), 4: array([419.26079806]), 5: array([418.66904407]), 6: array([419.29025355]), 7: array([419.07648627]), 8: array([419.09681649]), 9: array([419.19920039])}
2025-05-12 15:47:24,699 - DEBUG - util_fusion - fusion_dual_defense - client 2 norm scores: {0: array([0.95537531]), 1: array([0.96484608]), 2: array([0.67028228]), 3: array([1.]), 4: array([0.91917013]), 5: array([0.]), 6: array([0.96492329]), 7: array([0.63287905]), 8: array([0.66445794]), 9: array([0.82349062])}
2025-05-12 15:47:24,699 - DEBUG - util_fusion - fusion_dual_defense - client 2 similarity threshold: 0.7595424691234313
2025-05-12 15:47:24,699 - INFO - util_fusion - fusion_dual_defense - client 2 selected fusion benigns: [0, 1, 3, 4, 6, 9]
2025-05-12 15:47:24,707 - DEBUG - util_fusion - fusion_dual_defense - client 3 scores: {0: array([419.28410664]), 1: array([419.29020385]), 2: array([419.10056615]), 3: array([419.31283565]), 4: array([419.26079806]), 5: array([418.66904407]), 6: array([419.29025355]), 7: array([419.07648627]), 8: array([419.09681649]), 9: array([419.19920039])}
2025-05-12 15:47:24,708 - DEBUG - util_fusion - fusion_dual_defense - client 3 norm scores: {0: array([0.95537531]), 1: array([0.96484608]), 2: array([0.67028228]), 3: array([1.]), 4: array([0.91917013]), 5: array([0.]), 6: array([0.96492329]), 7: array([0.63287905]), 8: array([0.66445794]), 9: array([0.82349062])}
2025-05-12 15:47:24,708 - DEBUG - util_fusion - fusion_dual_defense - client 3 similarity threshold: 0.7595424691234313
2025-05-12 15:47:24,708 - INFO - util_fusion - fusion_dual_defense - client 3 selected fusion benigns: [0, 1, 3, 4, 6, 9]
2025-05-12 15:47:24,716 - DEBUG - util_fusion - fusion_dual_defense - client 4 scores: {0: array([419.28410664]), 1: array([419.29020385]), 2: array([419.10056615]), 3: array([419.31283565]), 4: array([419.26079806]), 5: array([418.66904407]), 6: array([419.29025355]), 7: array([419.07648627]), 8: array([419.09681649]), 9: array([419.19920039])}
2025-05-12 15:47:24,717 - DEBUG - util_fusion - fusion_dual_defense - client 4 norm scores: {0: array([0.95537531]), 1: array([0.96484608]), 2: array([0.67028228]), 3: array([1.]), 4: array([0.91917013]), 5: array([0.]), 6: array([0.96492329]), 7: array([0.63287905]), 8: array([0.66445794]), 9: array([0.82349062])}
2025-05-12 15:47:24,717 - DEBUG - util_fusion - fusion_dual_defense - client 4 similarity threshold: 0.7595424691234313
2025-05-12 15:47:24,717 - INFO - util_fusion - fusion_dual_defense - client 4 selected fusion benigns: [0, 1, 3, 4, 6, 9]
2025-05-12 15:47:24,725 - DEBUG - util_fusion - fusion_dual_defense - client 5 scores: {0: array([419.28410664]), 1: array([419.29020385]), 2: array([419.10056615]), 3: array([419.31283565]), 4: array([419.26079806]), 5: array([418.66904407]), 6: array([419.29025355]), 7: array([419.07648627]), 8: array([419.09681649]), 9: array([419.19920039])}
2025-05-12 15:47:24,726 - DEBUG - util_fusion - fusion_dual_defense - client 5 norm scores: {0: array([0.95537531]), 1: array([0.96484608]), 2: array([0.67028228]), 3: array([1.]), 4: array([0.91917013]), 5: array([0.]), 6: array([0.96492329]), 7: array([0.63287905]), 8: array([0.66445794]), 9: array([0.82349062])}
2025-05-12 15:47:24,726 - DEBUG - util_fusion - fusion_dual_defense - client 5 similarity threshold: 0.7595424691234313
2025-05-12 15:47:24,726 - INFO - util_fusion - fusion_dual_defense - client 5 selected fusion benigns: [0, 1, 3, 4, 6, 9]
2025-05-12 15:47:24,734 - DEBUG - util_fusion - fusion_dual_defense - client 6 scores: {0: array([419.28410664]), 1: array([419.29020385]), 2: array([419.10056615]), 3: array([419.31283565]), 4: array([419.26079806]), 5: array([418.66904407]), 6: array([419.29025355]), 7: array([419.07648627]), 8: array([419.09681649]), 9: array([419.19920039])}
2025-05-12 15:47:24,735 - DEBUG - util_fusion - fusion_dual_defense - client 6 norm scores: {0: array([0.95537531]), 1: array([0.96484608]), 2: array([0.67028228]), 3: array([1.]), 4: array([0.91917013]), 5: array([0.]), 6: array([0.96492329]), 7: array([0.63287905]), 8: array([0.66445794]), 9: array([0.82349062])}
2025-05-12 15:47:24,735 - DEBUG - util_fusion - fusion_dual_defense - client 6 similarity threshold: 0.7595424691234313
2025-05-12 15:47:24,735 - INFO - util_fusion - fusion_dual_defense - client 6 selected fusion benigns: [0, 1, 3, 4, 6, 9]
2025-05-12 15:47:24,743 - DEBUG - util_fusion - fusion_dual_defense - client 7 scores: {0: array([419.28410664]), 1: array([419.29020385]), 2: array([419.10056615]), 3: array([419.31283565]), 4: array([419.26079806]), 5: array([418.66904407]), 6: array([419.29025355]), 7: array([419.07648627]), 8: array([419.09681649]), 9: array([419.19920039])}
2025-05-12 15:47:24,744 - DEBUG - util_fusion - fusion_dual_defense - client 7 norm scores: {0: array([0.95537531]), 1: array([0.96484608]), 2: array([0.67028228]), 3: array([1.]), 4: array([0.91917013]), 5: array([0.]), 6: array([0.96492329]), 7: array([0.63287905]), 8: array([0.66445794]), 9: array([0.82349062])}
2025-05-12 15:47:24,744 - DEBUG - util_fusion - fusion_dual_defense - client 7 similarity threshold: 0.7595424691234313
2025-05-12 15:47:24,744 - INFO - util_fusion - fusion_dual_defense - client 7 selected fusion benigns: [0, 1, 3, 4, 6, 9]
2025-05-12 15:47:24,752 - DEBUG - util_fusion - fusion_dual_defense - client 8 scores: {0: array([419.28410664]), 1: array([419.29020385]), 2: array([419.10056615]), 3: array([419.31283565]), 4: array([419.26079806]), 5: array([418.66904407]), 6: array([419.29025355]), 7: array([419.07648627]), 8: array([419.09681649]), 9: array([419.19920039])}
2025-05-12 15:47:24,753 - DEBUG - util_fusion - fusion_dual_defense - client 8 norm scores: {0: array([0.95537531]), 1: array([0.96484608]), 2: array([0.67028228]), 3: array([1.]), 4: array([0.91917013]), 5: array([0.]), 6: array([0.96492329]), 7: array([0.63287905]), 8: array([0.66445794]), 9: array([0.82349062])}
2025-05-12 15:47:24,753 - DEBUG - util_fusion - fusion_dual_defense - client 8 similarity threshold: 0.7595424691234313
2025-05-12 15:47:24,753 - INFO - util_fusion - fusion_dual_defense - client 8 selected fusion benigns: [0, 1, 3, 4, 6, 9]
2025-05-12 15:47:24,761 - DEBUG - util_fusion - fusion_dual_defense - client 9 scores: {0: array([419.28410664]), 1: array([419.29020385]), 2: array([419.10056615]), 3: array([419.31283565]), 4: array([419.26079806]), 5: array([418.66904407]), 6: array([419.29025355]), 7: array([419.07648627]), 8: array([419.09681649]), 9: array([419.19920039])}
2025-05-12 15:47:24,762 - DEBUG - util_fusion - fusion_dual_defense - client 9 norm scores: {0: array([0.95537531]), 1: array([0.96484608]), 2: array([0.67028228]), 3: array([1.]), 4: array([0.91917013]), 5: array([0.]), 6: array([0.96492329]), 7: array([0.63287905]), 8: array([0.66445794]), 9: array([0.82349062])}
2025-05-12 15:47:24,762 - DEBUG - util_fusion - fusion_dual_defense - client 9 similarity threshold: 0.7595424691234313
2025-05-12 15:47:24,762 - INFO - util_fusion - fusion_dual_defense - client 9 selected fusion benigns: [0, 1, 3, 4, 6, 9]
2025-05-12 15:47:24,762 - DEBUG - util_fusion - fusion_dual_defense - final fusion benigns: (0, 1, 3, 4, 6, 9)
2025-05-12 15:47:26,507 - INFO - fl - start - global side -  test accuracy: 11.35
2025-05-12 15:47:26,508 - INFO - fl - start - global side iteration 4 -  test accuracy: 11.35
2025-05-12 15:47:26,508 - INFO - fl - start - start training round 5
2025-05-12 15:47:26,510 - INFO - fl - start - round 5 attackers: [2, 5]
2025-05-12 15:47:26,510 - INFO - fl - start - start client 0 training
2025-05-12 15:47:26,510 - INFO - fl - client_local_train - client 0 start local training ...
2025-05-12 15:47:31,000 - INFO - fl - start - end client 0 training
2025-05-12 15:47:31,000 - INFO - fl - start - client 0 evaluation metrics: {'train_loss': 1.4323240595978577, 'test_acc': 9.82}
2025-05-12 15:47:31,000 - INFO - fl - start - start client 1 training
2025-05-12 15:47:31,000 - INFO - fl - client_local_train - client 1 start local training ...
2025-05-12 15:47:34,367 - INFO - fl - start - end client 1 training
2025-05-12 15:47:34,367 - INFO - fl - start - client 1 evaluation metrics: {'train_loss': 1.711946313381195, 'test_acc': 9.58}
2025-05-12 15:47:34,367 - INFO - fl - start - start client 2 training
2025-05-12 15:47:34,367 - INFO - fl - client_local_train - client 2 start local training ...
2025-05-12 15:47:40,147 - INFO - fl - client_local_train - client 2 is attacker, start poisoning model
2025-05-12 15:47:45,896 - INFO - fl - start - end client 2 training
2025-05-12 15:47:45,896 - INFO - fl - start - client 2 evaluation metrics: {'train_loss': 6.575698636637794, 'test_acc': 9.74}
2025-05-12 15:47:45,896 - INFO - fl - start - start client 3 training
2025-05-12 15:47:45,896 - INFO - fl - client_local_train - client 3 start local training ...
2025-05-12 15:47:48,376 - INFO - fl - start - end client 3 training
2025-05-12 15:47:48,376 - INFO - fl - start - client 3 evaluation metrics: {'train_loss': 1.4319525052761208, 'test_acc': 9.82}
2025-05-12 15:47:48,376 - INFO - fl - start - start client 4 training
2025-05-12 15:47:48,376 - INFO - fl - client_local_train - client 4 start local training ...
2025-05-12 15:47:52,047 - INFO - fl - start - end client 4 training
2025-05-12 15:47:52,047 - INFO - fl - start - client 4 evaluation metrics: {'train_loss': 1.7147131233379758, 'test_acc': 9.58}
2025-05-12 15:47:52,047 - INFO - fl - start - start client 5 training
2025-05-12 15:47:52,047 - INFO - fl - client_local_train - client 5 start local training ...
2025-05-12 15:47:53,794 - INFO - fl - client_local_train - client 5 is attacker, start poisoning model
2025-05-12 15:47:57,384 - INFO - fl - start - end client 5 training
2025-05-12 15:47:57,385 - INFO - fl - start - client 5 evaluation metrics: {'train_loss': 5.764150844679938, 'test_acc': 10.32}
2025-05-12 15:47:57,385 - INFO - fl - start - start client 6 training
2025-05-12 15:47:57,393 - INFO - fl - client_local_train - client 6 start local training ...
2025-05-12 15:48:03,896 - INFO - fl - start - end client 6 training
2025-05-12 15:48:03,896 - INFO - fl - start - client 6 evaluation metrics: {'train_loss': 1.7251724877695398, 'test_acc': 9.8}
2025-05-12 15:48:03,896 - INFO - fl - start - start client 7 training
2025-05-12 15:48:03,896 - INFO - fl - client_local_train - client 7 start local training ...
2025-05-12 15:48:10,290 - INFO - fl - start - end client 7 training
2025-05-12 15:48:10,290 - INFO - fl - start - client 7 evaluation metrics: {'train_loss': 1.4340657995593162, 'test_acc': 10.32}
2025-05-12 15:48:10,290 - INFO - fl - start - start client 8 training
2025-05-12 15:48:10,290 - INFO - fl - client_local_train - client 8 start local training ...
2025-05-12 15:48:16,081 - INFO - fl - start - end client 8 training
2025-05-12 15:48:16,081 - INFO - fl - start - client 8 evaluation metrics: {'train_loss': 1.831447993625294, 'test_acc': 10.28}
2025-05-12 15:48:16,081 - INFO - fl - start - start client 9 training
2025-05-12 15:48:16,081 - INFO - fl - client_local_train - client 9 start local training ...
2025-05-12 15:48:22,825 - INFO - fl - start - end client 9 training
2025-05-12 15:48:22,825 - INFO - fl - start - client 9 evaluation metrics: {'train_loss': 1.506442836352757, 'test_acc': 10.09}
2025-05-12 15:48:22,825 - INFO - fl - aggregate_model - start model aggregation...fusion method: dual_defense
2025-05-12 15:48:22,825 - INFO - fl - aggregate_model - start hyper-guard fusion with epsilon 0.01
2025-05-12 15:48:22,825 - INFO - fl - aggregate_model - round 5 attackers: [2, 5]
2025-05-12 15:48:33,575 - DEBUG - util_fusion - fusion_dual_defense - client 0 scores: {0: array([111.20718044]), 1: array([111.21101579]), 2: array([111.22015266]), 3: array([111.2196315]), 4: array([111.20459035]), 5: array([111.20772215]), 6: array([111.22648371]), 7: array([111.23648119]), 8: array([111.23689291]), 9: array([111.19945719])}
2025-05-12 15:48:33,576 - DEBUG - util_fusion - fusion_dual_defense - client 0 norm scores: {0: array([0.20630699]), 1: array([0.30875863]), 2: array([0.55282676]), 3: array([0.53890535]), 4: array([0.13711917]), 5: array([0.22077736]), 6: array([0.72194488]), 7: array([0.98900204]), 8: array([1.]), 9: array([0.])}
2025-05-12 15:48:33,576 - DEBUG - util_fusion - fusion_dual_defense - client 0 similarity threshold: 0.4675641169677787
2025-05-12 15:48:33,576 - INFO - util_fusion - fusion_dual_defense - client 0 selected fusion benigns: [2, 3, 6, 7, 8]
2025-05-12 15:48:33,585 - DEBUG - util_fusion - fusion_dual_defense - client 1 scores: {0: array([111.20718044]), 1: array([111.21101579]), 2: array([111.22015266]), 3: array([111.2196315]), 4: array([111.20459035]), 5: array([111.20772215]), 6: array([111.22648371]), 7: array([111.23648119]), 8: array([111.23689291]), 9: array([111.19945719])}
2025-05-12 15:48:33,585 - DEBUG - util_fusion - fusion_dual_defense - client 1 norm scores: {0: array([0.20630699]), 1: array([0.30875863]), 2: array([0.55282676]), 3: array([0.53890535]), 4: array([0.13711917]), 5: array([0.22077736]), 6: array([0.72194488]), 7: array([0.98900204]), 8: array([1.]), 9: array([0.])}
2025-05-12 15:48:33,585 - DEBUG - util_fusion - fusion_dual_defense - client 1 similarity threshold: 0.4675641169677787
2025-05-12 15:48:33,585 - INFO - util_fusion - fusion_dual_defense - client 1 selected fusion benigns: [2, 3, 6, 7, 8]
2025-05-12 15:48:33,595 - DEBUG - util_fusion - fusion_dual_defense - client 2 scores: {0: array([111.20718044]), 1: array([111.21101579]), 2: array([111.22015266]), 3: array([111.2196315]), 4: array([111.20459035]), 5: array([111.20772215]), 6: array([111.22648371]), 7: array([111.23648119]), 8: array([111.23689291]), 9: array([111.19945719])}
2025-05-12 15:48:33,596 - DEBUG - util_fusion - fusion_dual_defense - client 2 norm scores: {0: array([0.20630699]), 1: array([0.30875863]), 2: array([0.55282676]), 3: array([0.53890535]), 4: array([0.13711917]), 5: array([0.22077736]), 6: array([0.72194488]), 7: array([0.98900204]), 8: array([1.]), 9: array([0.])}
2025-05-12 15:48:33,596 - DEBUG - util_fusion - fusion_dual_defense - client 2 similarity threshold: 0.4675641169677787
2025-05-12 15:48:33,596 - INFO - util_fusion - fusion_dual_defense - client 2 selected fusion benigns: [2, 3, 6, 7, 8]
2025-05-12 15:48:33,605 - DEBUG - util_fusion - fusion_dual_defense - client 3 scores: {0: array([111.20718044]), 1: array([111.21101579]), 2: array([111.22015266]), 3: array([111.2196315]), 4: array([111.20459035]), 5: array([111.20772215]), 6: array([111.22648371]), 7: array([111.23648119]), 8: array([111.23689291]), 9: array([111.19945719])}
2025-05-12 15:48:33,605 - DEBUG - util_fusion - fusion_dual_defense - client 3 norm scores: {0: array([0.20630699]), 1: array([0.30875863]), 2: array([0.55282676]), 3: array([0.53890535]), 4: array([0.13711917]), 5: array([0.22077736]), 6: array([0.72194488]), 7: array([0.98900204]), 8: array([1.]), 9: array([0.])}
2025-05-12 15:48:33,605 - DEBUG - util_fusion - fusion_dual_defense - client 3 similarity threshold: 0.4675641169677787
2025-05-12 15:48:33,605 - INFO - util_fusion - fusion_dual_defense - client 3 selected fusion benigns: [2, 3, 6, 7, 8]
2025-05-12 15:48:33,614 - DEBUG - util_fusion - fusion_dual_defense - client 4 scores: {0: array([111.20718044]), 1: array([111.21101579]), 2: array([111.22015266]), 3: array([111.2196315]), 4: array([111.20459035]), 5: array([111.20772215]), 6: array([111.22648371]), 7: array([111.23648119]), 8: array([111.23689291]), 9: array([111.19945719])}
2025-05-12 15:48:33,614 - DEBUG - util_fusion - fusion_dual_defense - client 4 norm scores: {0: array([0.20630699]), 1: array([0.30875863]), 2: array([0.55282676]), 3: array([0.53890535]), 4: array([0.13711917]), 5: array([0.22077736]), 6: array([0.72194488]), 7: array([0.98900204]), 8: array([1.]), 9: array([0.])}
2025-05-12 15:48:33,614 - DEBUG - util_fusion - fusion_dual_defense - client 4 similarity threshold: 0.4675641169677787
2025-05-12 15:48:33,614 - INFO - util_fusion - fusion_dual_defense - client 4 selected fusion benigns: [2, 3, 6, 7, 8]
2025-05-12 15:48:33,623 - DEBUG - util_fusion - fusion_dual_defense - client 5 scores: {0: array([111.20718044]), 1: array([111.21101579]), 2: array([111.22015266]), 3: array([111.2196315]), 4: array([111.20459035]), 5: array([111.20772215]), 6: array([111.22648371]), 7: array([111.23648119]), 8: array([111.23689291]), 9: array([111.19945719])}
2025-05-12 15:48:33,623 - DEBUG - util_fusion - fusion_dual_defense - client 5 norm scores: {0: array([0.20630699]), 1: array([0.30875863]), 2: array([0.55282676]), 3: array([0.53890535]), 4: array([0.13711917]), 5: array([0.22077736]), 6: array([0.72194488]), 7: array([0.98900204]), 8: array([1.]), 9: array([0.])}
2025-05-12 15:48:33,623 - DEBUG - util_fusion - fusion_dual_defense - client 5 similarity threshold: 0.4675641169677787
2025-05-12 15:48:33,623 - INFO - util_fusion - fusion_dual_defense - client 5 selected fusion benigns: [2, 3, 6, 7, 8]
2025-05-12 15:48:33,632 - DEBUG - util_fusion - fusion_dual_defense - client 6 scores: {0: array([111.20718044]), 1: array([111.21101579]), 2: array([111.22015266]), 3: array([111.2196315]), 4: array([111.20459035]), 5: array([111.20772215]), 6: array([111.22648371]), 7: array([111.23648119]), 8: array([111.23689291]), 9: array([111.19945719])}
2025-05-12 15:48:33,632 - DEBUG - util_fusion - fusion_dual_defense - client 6 norm scores: {0: array([0.20630699]), 1: array([0.30875863]), 2: array([0.55282676]), 3: array([0.53890535]), 4: array([0.13711917]), 5: array([0.22077736]), 6: array([0.72194488]), 7: array([0.98900204]), 8: array([1.]), 9: array([0.])}
2025-05-12 15:48:33,632 - DEBUG - util_fusion - fusion_dual_defense - client 6 similarity threshold: 0.4675641169677787
2025-05-12 15:48:33,632 - INFO - util_fusion - fusion_dual_defense - client 6 selected fusion benigns: [2, 3, 6, 7, 8]
2025-05-12 15:48:33,641 - DEBUG - util_fusion - fusion_dual_defense - client 7 scores: {0: array([111.20718044]), 1: array([111.21101579]), 2: array([111.22015266]), 3: array([111.2196315]), 4: array([111.20459035]), 5: array([111.20772215]), 6: array([111.22648371]), 7: array([111.23648119]), 8: array([111.23689291]), 9: array([111.19945719])}
2025-05-12 15:48:33,641 - DEBUG - util_fusion - fusion_dual_defense - client 7 norm scores: {0: array([0.20630699]), 1: array([0.30875863]), 2: array([0.55282676]), 3: array([0.53890535]), 4: array([0.13711917]), 5: array([0.22077736]), 6: array([0.72194488]), 7: array([0.98900204]), 8: array([1.]), 9: array([0.])}
2025-05-12 15:48:33,641 - DEBUG - util_fusion - fusion_dual_defense - client 7 similarity threshold: 0.4675641169677787
2025-05-12 15:48:33,641 - INFO - util_fusion - fusion_dual_defense - client 7 selected fusion benigns: [2, 3, 6, 7, 8]
2025-05-12 15:48:33,650 - DEBUG - util_fusion - fusion_dual_defense - client 8 scores: {0: array([111.20718044]), 1: array([111.21101579]), 2: array([111.22015266]), 3: array([111.2196315]), 4: array([111.20459035]), 5: array([111.20772215]), 6: array([111.22648371]), 7: array([111.23648119]), 8: array([111.23689291]), 9: array([111.19945719])}
2025-05-12 15:48:33,650 - DEBUG - util_fusion - fusion_dual_defense - client 8 norm scores: {0: array([0.20630699]), 1: array([0.30875863]), 2: array([0.55282676]), 3: array([0.53890535]), 4: array([0.13711917]), 5: array([0.22077736]), 6: array([0.72194488]), 7: array([0.98900204]), 8: array([1.]), 9: array([0.])}
2025-05-12 15:48:33,651 - DEBUG - util_fusion - fusion_dual_defense - client 8 similarity threshold: 0.4675641169677787
2025-05-12 15:48:33,651 - INFO - util_fusion - fusion_dual_defense - client 8 selected fusion benigns: [2, 3, 6, 7, 8]
2025-05-12 15:48:33,659 - DEBUG - util_fusion - fusion_dual_defense - client 9 scores: {0: array([111.20718044]), 1: array([111.21101579]), 2: array([111.22015266]), 3: array([111.2196315]), 4: array([111.20459035]), 5: array([111.20772215]), 6: array([111.22648371]), 7: array([111.23648119]), 8: array([111.23689291]), 9: array([111.19945719])}
2025-05-12 15:48:33,660 - DEBUG - util_fusion - fusion_dual_defense - client 9 norm scores: {0: array([0.20630699]), 1: array([0.30875863]), 2: array([0.55282676]), 3: array([0.53890535]), 4: array([0.13711917]), 5: array([0.22077736]), 6: array([0.72194488]), 7: array([0.98900204]), 8: array([1.]), 9: array([0.])}
2025-05-12 15:48:33,660 - DEBUG - util_fusion - fusion_dual_defense - client 9 similarity threshold: 0.4675641169677787
2025-05-12 15:48:33,660 - INFO - util_fusion - fusion_dual_defense - client 9 selected fusion benigns: [2, 3, 6, 7, 8]
2025-05-12 15:48:33,660 - DEBUG - util_fusion - fusion_dual_defense - final fusion benigns: (2, 3, 6, 7, 8)
2025-05-12 15:48:35,353 - INFO - fl - start - global side -  test accuracy: 9.74
2025-05-12 15:48:35,353 - INFO - fl - start - global side iteration 5 -  test accuracy: 9.74
2025-05-12 15:48:35,354 - INFO - fl - start - start training round 6
2025-05-12 15:48:35,355 - INFO - fl - start - round 6 attackers: [1, 9]
2025-05-12 15:48:35,356 - INFO - fl - start - start client 0 training
2025-05-12 15:48:35,356 - INFO - fl - client_local_train - client 0 start local training ...
2025-05-12 15:48:39,578 - INFO - fl - start - end client 0 training
2025-05-12 15:48:39,578 - INFO - fl - start - client 0 evaluation metrics: {'train_loss': 1.502928436576546, 'test_acc': 9.82}
2025-05-12 15:48:39,578 - INFO - fl - start - start client 1 training
2025-05-12 15:48:39,578 - INFO - fl - client_local_train - client 1 start local training ...
2025-05-12 15:48:40,999 - INFO - fl - client_local_train - client 1 is attacker, start poisoning model
2025-05-12 15:48:44,514 - INFO - fl - start - end client 1 training
2025-05-12 15:48:44,514 - INFO - fl - start - client 1 evaluation metrics: {'train_loss': 12.618578128814697, 'test_acc': 9.58}
2025-05-12 15:48:44,514 - INFO - fl - start - start client 2 training
2025-05-12 15:48:44,514 - INFO - fl - client_local_train - client 2 start local training ...
2025-05-12 15:48:52,525 - INFO - fl - start - end client 2 training
2025-05-12 15:48:52,525 - INFO - fl - start - client 2 evaluation metrics: {'train_loss': 1.715873314274682, 'test_acc': 9.74}
2025-05-12 15:48:52,525 - INFO - fl - start - start client 3 training
2025-05-12 15:48:52,525 - INFO - fl - client_local_train - client 3 start local training ...
2025-05-12 15:48:54,912 - INFO - fl - start - end client 3 training
2025-05-12 15:48:54,912 - INFO - fl - start - client 3 evaluation metrics: {'train_loss': 2.626034925723898, 'test_acc': 11.35}
2025-05-12 15:48:54,912 - INFO - fl - start - start client 4 training
2025-05-12 15:48:54,912 - INFO - fl - client_local_train - client 4 start local training ...
2025-05-12 15:48:58,384 - INFO - fl - start - end client 4 training
2025-05-12 15:48:58,384 - INFO - fl - start - client 4 evaluation metrics: {'train_loss': 2.0055483456315666, 'test_acc': 9.58}
2025-05-12 15:48:58,384 - INFO - fl - start - start client 5 training
2025-05-12 15:48:58,384 - INFO - fl - client_local_train - client 5 start local training ...
2025-05-12 15:49:01,717 - INFO - fl - start - end client 5 training
2025-05-12 15:49:01,717 - INFO - fl - start - client 5 evaluation metrics: {'train_loss': 1.444307272081022, 'test_acc': 10.32}
2025-05-12 15:49:01,717 - INFO - fl - start - start client 6 training
2025-05-12 15:49:01,717 - INFO - fl - client_local_train - client 6 start local training ...
2025-05-12 15:49:07,753 - INFO - fl - start - end client 6 training
2025-05-12 15:49:07,753 - INFO - fl - start - client 6 evaluation metrics: {'train_loss': 1.7648202227795218, 'test_acc': 9.8}
2025-05-12 15:49:07,753 - INFO - fl - start - start client 7 training
2025-05-12 15:49:07,753 - INFO - fl - client_local_train - client 7 start local training ...
2025-05-12 15:49:13,692 - INFO - fl - start - end client 7 training
2025-05-12 15:49:13,692 - INFO - fl - start - client 7 evaluation metrics: {'train_loss': 1.49323548520765, 'test_acc': 10.32}
2025-05-12 15:49:13,692 - INFO - fl - start - start client 8 training
2025-05-12 15:49:13,692 - INFO - fl - client_local_train - client 8 start local training ...
2025-05-12 15:49:19,086 - INFO - fl - start - end client 8 training
2025-05-12 15:49:19,087 - INFO - fl - start - client 8 evaluation metrics: {'train_loss': 1.8857005108486522, 'test_acc': 10.28}
2025-05-12 15:49:19,087 - INFO - fl - start - start client 9 training
2025-05-12 15:49:19,087 - INFO - fl - client_local_train - client 9 start local training ...
2025-05-12 15:49:22,871 - INFO - fl - client_local_train - client 9 is attacker, start poisoning model
2025-05-12 15:49:27,811 - INFO - fl - start - end client 9 training
2025-05-12 15:49:27,811 - INFO - fl - start - client 9 evaluation metrics: {'train_loss': 6.144429341294711, 'test_acc': 10.09}
2025-05-12 15:49:27,811 - INFO - fl - aggregate_model - start model aggregation...fusion method: dual_defense
2025-05-12 15:49:27,811 - INFO - fl - aggregate_model - start hyper-guard fusion with epsilon 0.01
2025-05-12 15:49:27,811 - INFO - fl - aggregate_model - round 6 attackers: [1, 9]
2025-05-12 15:49:38,571 - DEBUG - util_fusion - fusion_dual_defense - client 0 scores: {0: array([156.54011116]), 1: array([156.53003373]), 2: array([156.52922276]), 3: array([156.5407914]), 4: array([156.53669601]), 5: array([156.53942631]), 6: array([156.53526392]), 7: array([156.53967537]), 8: array([156.53657356]), 9: array([156.5283498])}
2025-05-12 15:49:38,571 - DEBUG - util_fusion - fusion_dual_defense - client 0 norm scores: {0: array([0.94532511]), 1: array([0.13534672]), 2: array([0.07016465]), 3: array([1.]), 4: array([0.67083063]), 5: array([0.89028026]), 6: array([0.5557259]), 7: array([0.91029837]), 8: array([0.66098882]), 9: array([0.])}
2025-05-12 15:49:38,572 - DEBUG - util_fusion - fusion_dual_defense - client 0 similarity threshold: 0.5838960447723048
2025-05-12 15:49:38,572 - INFO - util_fusion - fusion_dual_defense - client 0 selected fusion benigns: [0, 3, 4, 5, 7, 8]
2025-05-12 15:49:38,580 - DEBUG - util_fusion - fusion_dual_defense - client 1 scores: {0: array([156.54011116]), 1: array([156.53003373]), 2: array([156.52922276]), 3: array([156.5407914]), 4: array([156.53669601]), 5: array([156.53942631]), 6: array([156.53526392]), 7: array([156.53967537]), 8: array([156.53657356]), 9: array([156.5283498])}
2025-05-12 15:49:38,581 - DEBUG - util_fusion - fusion_dual_defense - client 1 norm scores: {0: array([0.94532511]), 1: array([0.13534672]), 2: array([0.07016465]), 3: array([1.]), 4: array([0.67083063]), 5: array([0.89028026]), 6: array([0.5557259]), 7: array([0.91029837]), 8: array([0.66098882]), 9: array([0.])}
2025-05-12 15:49:38,581 - DEBUG - util_fusion - fusion_dual_defense - client 1 similarity threshold: 0.5838960447723048
2025-05-12 15:49:38,581 - INFO - util_fusion - fusion_dual_defense - client 1 selected fusion benigns: [0, 3, 4, 5, 7, 8]
2025-05-12 15:49:38,589 - DEBUG - util_fusion - fusion_dual_defense - client 2 scores: {0: array([156.54011116]), 1: array([156.53003373]), 2: array([156.52922276]), 3: array([156.5407914]), 4: array([156.53669601]), 5: array([156.53942631]), 6: array([156.53526392]), 7: array([156.53967537]), 8: array([156.53657356]), 9: array([156.5283498])}
2025-05-12 15:49:38,590 - DEBUG - util_fusion - fusion_dual_defense - client 2 norm scores: {0: array([0.94532511]), 1: array([0.13534672]), 2: array([0.07016465]), 3: array([1.]), 4: array([0.67083063]), 5: array([0.89028026]), 6: array([0.5557259]), 7: array([0.91029837]), 8: array([0.66098882]), 9: array([0.])}
2025-05-12 15:49:38,590 - DEBUG - util_fusion - fusion_dual_defense - client 2 similarity threshold: 0.5838960447723048
2025-05-12 15:49:38,590 - INFO - util_fusion - fusion_dual_defense - client 2 selected fusion benigns: [0, 3, 4, 5, 7, 8]
2025-05-12 15:49:38,598 - DEBUG - util_fusion - fusion_dual_defense - client 3 scores: {0: array([156.54011116]), 1: array([156.53003373]), 2: array([156.52922276]), 3: array([156.5407914]), 4: array([156.53669601]), 5: array([156.53942631]), 6: array([156.53526392]), 7: array([156.53967537]), 8: array([156.53657356]), 9: array([156.5283498])}
2025-05-12 15:49:38,599 - DEBUG - util_fusion - fusion_dual_defense - client 3 norm scores: {0: array([0.94532511]), 1: array([0.13534672]), 2: array([0.07016465]), 3: array([1.]), 4: array([0.67083063]), 5: array([0.89028026]), 6: array([0.5557259]), 7: array([0.91029837]), 8: array([0.66098882]), 9: array([0.])}
2025-05-12 15:49:38,599 - DEBUG - util_fusion - fusion_dual_defense - client 3 similarity threshold: 0.5838960447723048
2025-05-12 15:49:38,599 - INFO - util_fusion - fusion_dual_defense - client 3 selected fusion benigns: [0, 3, 4, 5, 7, 8]
2025-05-12 15:49:38,607 - DEBUG - util_fusion - fusion_dual_defense - client 4 scores: {0: array([156.54011116]), 1: array([156.53003373]), 2: array([156.52922276]), 3: array([156.5407914]), 4: array([156.53669601]), 5: array([156.53942631]), 6: array([156.53526392]), 7: array([156.53967537]), 8: array([156.53657356]), 9: array([156.5283498])}
2025-05-12 15:49:38,608 - DEBUG - util_fusion - fusion_dual_defense - client 4 norm scores: {0: array([0.94532511]), 1: array([0.13534672]), 2: array([0.07016465]), 3: array([1.]), 4: array([0.67083063]), 5: array([0.89028026]), 6: array([0.5557259]), 7: array([0.91029837]), 8: array([0.66098882]), 9: array([0.])}
2025-05-12 15:49:38,608 - DEBUG - util_fusion - fusion_dual_defense - client 4 similarity threshold: 0.5838960447723048
2025-05-12 15:49:38,608 - INFO - util_fusion - fusion_dual_defense - client 4 selected fusion benigns: [0, 3, 4, 5, 7, 8]
2025-05-12 15:49:38,616 - DEBUG - util_fusion - fusion_dual_defense - client 5 scores: {0: array([156.54011116]), 1: array([156.53003373]), 2: array([156.52922276]), 3: array([156.5407914]), 4: array([156.53669601]), 5: array([156.53942631]), 6: array([156.53526392]), 7: array([156.53967537]), 8: array([156.53657356]), 9: array([156.5283498])}
2025-05-12 15:49:38,617 - DEBUG - util_fusion - fusion_dual_defense - client 5 norm scores: {0: array([0.94532511]), 1: array([0.13534672]), 2: array([0.07016465]), 3: array([1.]), 4: array([0.67083063]), 5: array([0.89028026]), 6: array([0.5557259]), 7: array([0.91029837]), 8: array([0.66098882]), 9: array([0.])}
2025-05-12 15:49:38,617 - DEBUG - util_fusion - fusion_dual_defense - client 5 similarity threshold: 0.5838960447723048
2025-05-12 15:49:38,617 - INFO - util_fusion - fusion_dual_defense - client 5 selected fusion benigns: [0, 3, 4, 5, 7, 8]
2025-05-12 15:49:38,625 - DEBUG - util_fusion - fusion_dual_defense - client 6 scores: {0: array([156.54011116]), 1: array([156.53003373]), 2: array([156.52922276]), 3: array([156.5407914]), 4: array([156.53669601]), 5: array([156.53942631]), 6: array([156.53526392]), 7: array([156.53967537]), 8: array([156.53657356]), 9: array([156.5283498])}
2025-05-12 15:49:38,626 - DEBUG - util_fusion - fusion_dual_defense - client 6 norm scores: {0: array([0.94532511]), 1: array([0.13534672]), 2: array([0.07016465]), 3: array([1.]), 4: array([0.67083063]), 5: array([0.89028026]), 6: array([0.5557259]), 7: array([0.91029837]), 8: array([0.66098882]), 9: array([0.])}
2025-05-12 15:49:38,626 - DEBUG - util_fusion - fusion_dual_defense - client 6 similarity threshold: 0.5838960447723048
2025-05-12 15:49:38,626 - INFO - util_fusion - fusion_dual_defense - client 6 selected fusion benigns: [0, 3, 4, 5, 7, 8]
2025-05-12 15:49:38,634 - DEBUG - util_fusion - fusion_dual_defense - client 7 scores: {0: array([156.54011116]), 1: array([156.53003373]), 2: array([156.52922276]), 3: array([156.5407914]), 4: array([156.53669601]), 5: array([156.53942631]), 6: array([156.53526392]), 7: array([156.53967537]), 8: array([156.53657356]), 9: array([156.5283498])}
2025-05-12 15:49:38,635 - DEBUG - util_fusion - fusion_dual_defense - client 7 norm scores: {0: array([0.94532511]), 1: array([0.13534672]), 2: array([0.07016465]), 3: array([1.]), 4: array([0.67083063]), 5: array([0.89028026]), 6: array([0.5557259]), 7: array([0.91029837]), 8: array([0.66098882]), 9: array([0.])}
2025-05-12 15:49:38,635 - DEBUG - util_fusion - fusion_dual_defense - client 7 similarity threshold: 0.5838960447723048
2025-05-12 15:49:38,635 - INFO - util_fusion - fusion_dual_defense - client 7 selected fusion benigns: [0, 3, 4, 5, 7, 8]
2025-05-12 15:49:38,643 - DEBUG - util_fusion - fusion_dual_defense - client 8 scores: {0: array([156.54011116]), 1: array([156.53003373]), 2: array([156.52922276]), 3: array([156.5407914]), 4: array([156.53669601]), 5: array([156.53942631]), 6: array([156.53526392]), 7: array([156.53967537]), 8: array([156.53657356]), 9: array([156.5283498])}
2025-05-12 15:49:38,644 - DEBUG - util_fusion - fusion_dual_defense - client 8 norm scores: {0: array([0.94532511]), 1: array([0.13534672]), 2: array([0.07016465]), 3: array([1.]), 4: array([0.67083063]), 5: array([0.89028026]), 6: array([0.5557259]), 7: array([0.91029837]), 8: array([0.66098882]), 9: array([0.])}
2025-05-12 15:49:38,644 - DEBUG - util_fusion - fusion_dual_defense - client 8 similarity threshold: 0.5838960447723048
2025-05-12 15:49:38,644 - INFO - util_fusion - fusion_dual_defense - client 8 selected fusion benigns: [0, 3, 4, 5, 7, 8]
2025-05-12 15:49:38,653 - DEBUG - util_fusion - fusion_dual_defense - client 9 scores: {0: array([156.54011116]), 1: array([156.53003373]), 2: array([156.52922276]), 3: array([156.5407914]), 4: array([156.53669601]), 5: array([156.53942631]), 6: array([156.53526392]), 7: array([156.53967537]), 8: array([156.53657356]), 9: array([156.5283498])}
2025-05-12 15:49:38,653 - DEBUG - util_fusion - fusion_dual_defense - client 9 norm scores: {0: array([0.94532511]), 1: array([0.13534672]), 2: array([0.07016465]), 3: array([1.]), 4: array([0.67083063]), 5: array([0.89028026]), 6: array([0.5557259]), 7: array([0.91029837]), 8: array([0.66098882]), 9: array([0.])}
2025-05-12 15:49:38,653 - DEBUG - util_fusion - fusion_dual_defense - client 9 similarity threshold: 0.5838960447723048
2025-05-12 15:49:38,653 - INFO - util_fusion - fusion_dual_defense - client 9 selected fusion benigns: [0, 3, 4, 5, 7, 8]
2025-05-12 15:49:38,653 - DEBUG - util_fusion - fusion_dual_defense - final fusion benigns: (0, 3, 4, 5, 7, 8)
2025-05-12 15:49:40,397 - INFO - fl - start - global side -  test accuracy: 8.92
2025-05-12 15:49:40,398 - INFO - fl - start - global side iteration 6 -  test accuracy: 8.92
2025-05-12 15:49:40,398 - INFO - fl - start - start training round 7
2025-05-12 15:49:40,400 - INFO - fl - start - round 7 attackers: [0, 7]
2025-05-12 15:49:40,400 - INFO - fl - start - start client 0 training
2025-05-12 15:49:40,400 - INFO - fl - client_local_train - client 0 start local training ...
2025-05-12 15:49:42,598 - INFO - fl - client_local_train - client 0 is attacker, start poisoning model
2025-05-12 15:49:46,573 - INFO - fl - start - end client 0 training
2025-05-12 15:49:46,573 - INFO - fl - start - client 0 evaluation metrics: {'train_loss': 4.968914072234909, 'test_acc': 9.82}
2025-05-12 15:49:46,573 - INFO - fl - start - start client 1 training
2025-05-12 15:49:46,573 - INFO - fl - client_local_train - client 1 start local training ...
2025-05-12 15:49:49,744 - INFO - fl - start - end client 1 training
2025-05-12 15:49:49,744 - INFO - fl - start - client 1 evaluation metrics: {'train_loss': 1.901643660068512, 'test_acc': 9.58}
2025-05-12 15:49:49,744 - INFO - fl - start - start client 2 training
2025-05-12 15:49:49,744 - INFO - fl - client_local_train - client 2 start local training ...
2025-05-12 15:49:57,743 - INFO - fl - start - end client 2 training
2025-05-12 15:49:57,743 - INFO - fl - start - client 2 evaluation metrics: {'train_loss': 1.7159974654515584, 'test_acc': 9.74}
2025-05-12 15:49:57,743 - INFO - fl - start - start client 3 training
2025-05-12 15:49:57,743 - INFO - fl - client_local_train - client 3 start local training ...
2025-05-12 15:50:00,126 - INFO - fl - start - end client 3 training
2025-05-12 15:50:00,126 - INFO - fl - start - client 3 evaluation metrics: {'train_loss': 1.7581853989897103, 'test_acc': 9.82}
2025-05-12 15:50:00,126 - INFO - fl - start - start client 4 training
2025-05-12 15:50:00,126 - INFO - fl - client_local_train - client 4 start local training ...
2025-05-12 15:50:03,598 - INFO - fl - start - end client 4 training
2025-05-12 15:50:03,598 - INFO - fl - start - client 4 evaluation metrics: {'train_loss': 1.7398231707770249, 'test_acc': 9.58}
2025-05-12 15:50:03,598 - INFO - fl - start - start client 5 training
2025-05-12 15:50:03,598 - INFO - fl - client_local_train - client 5 start local training ...
2025-05-12 15:50:06,935 - INFO - fl - start - end client 5 training
2025-05-12 15:50:06,935 - INFO - fl - start - client 5 evaluation metrics: {'train_loss': 1.3234726389249165, 'test_acc': 10.32}
2025-05-12 15:50:06,935 - INFO - fl - start - start client 6 training
2025-05-12 15:50:06,935 - INFO - fl - client_local_train - client 6 start local training ...
2025-05-12 15:50:12,973 - INFO - fl - start - end client 6 training
2025-05-12 15:50:12,973 - INFO - fl - start - client 6 evaluation metrics: {'train_loss': 1.7372961673210925, 'test_acc': 9.8}
2025-05-12 15:50:12,973 - INFO - fl - start - start client 7 training
2025-05-12 15:50:12,973 - INFO - fl - client_local_train - client 7 start local training ...
2025-05-12 15:50:16,512 - INFO - fl - client_local_train - client 7 is attacker, start poisoning model
2025-05-12 15:50:21,298 - INFO - fl - start - end client 7 training
2025-05-12 15:50:21,298 - INFO - fl - start - client 7 evaluation metrics: {'train_loss': 4.227248374492891, 'test_acc': 10.32}
2025-05-12 15:50:21,298 - INFO - fl - start - start client 8 training
2025-05-12 15:50:21,299 - INFO - fl - client_local_train - client 8 start local training ...
2025-05-12 15:50:26,705 - INFO - fl - start - end client 8 training
2025-05-12 15:50:26,705 - INFO - fl - start - client 8 evaluation metrics: {'train_loss': 1.8143346428871154, 'test_acc': 10.28}
2025-05-12 15:50:26,705 - INFO - fl - start - start client 9 training
2025-05-12 15:50:26,705 - INFO - fl - client_local_train - client 9 start local training ...
2025-05-12 15:50:32,959 - INFO - fl - start - end client 9 training
2025-05-12 15:50:32,959 - INFO - fl - start - client 9 evaluation metrics: {'train_loss': 1.5487253818296849, 'test_acc': 10.09}
2025-05-12 15:50:32,959 - INFO - fl - aggregate_model - start model aggregation...fusion method: dual_defense
2025-05-12 15:50:32,959 - INFO - fl - aggregate_model - start hyper-guard fusion with epsilon 0.01
2025-05-12 15:50:32,959 - INFO - fl - aggregate_model - round 7 attackers: [0, 7]
2025-05-12 15:50:43,724 - DEBUG - util_fusion - fusion_dual_defense - client 0 scores: {0: array([174.33336997]), 1: array([174.33348619]), 2: array([174.33310568]), 3: array([174.33355339]), 4: array([174.33345698]), 5: array([174.33347763]), 6: array([174.33318062]), 7: array([174.33319596]), 8: array([174.33322426]), 9: array([174.33317173])}
2025-05-12 15:50:43,725 - DEBUG - util_fusion - fusion_dual_defense - client 0 norm scores: {0: array([0.59032042]), 1: array([0.84990052]), 2: array([0.]), 3: array([1.]), 4: array([0.78465829]), 5: array([0.83077757]), 6: array([0.16739074]), 7: array([0.20164837]), 8: array([0.26486535]), 9: array([0.14751819])}
2025-05-12 15:50:43,725 - DEBUG - util_fusion - fusion_dual_defense - client 0 similarity threshold: 0.4837079460160222
2025-05-12 15:50:43,725 - INFO - util_fusion - fusion_dual_defense - client 0 selected fusion benigns: [0, 1, 3, 4, 5]
2025-05-12 15:50:43,733 - DEBUG - util_fusion - fusion_dual_defense - client 1 scores: {0: array([174.33336997]), 1: array([174.33348619]), 2: array([174.33310568]), 3: array([174.33355339]), 4: array([174.33345698]), 5: array([174.33347763]), 6: array([174.33318062]), 7: array([174.33319596]), 8: array([174.33322426]), 9: array([174.33317173])}
2025-05-12 15:50:43,734 - DEBUG - util_fusion - fusion_dual_defense - client 1 norm scores: {0: array([0.59032042]), 1: array([0.84990052]), 2: array([0.]), 3: array([1.]), 4: array([0.78465829]), 5: array([0.83077757]), 6: array([0.16739074]), 7: array([0.20164837]), 8: array([0.26486535]), 9: array([0.14751819])}
2025-05-12 15:50:43,734 - DEBUG - util_fusion - fusion_dual_defense - client 1 similarity threshold: 0.4837079460160222
2025-05-12 15:50:43,734 - INFO - util_fusion - fusion_dual_defense - client 1 selected fusion benigns: [0, 1, 3, 4, 5]
2025-05-12 15:50:43,742 - DEBUG - util_fusion - fusion_dual_defense - client 2 scores: {0: array([174.33336997]), 1: array([174.33348619]), 2: array([174.33310568]), 3: array([174.33355339]), 4: array([174.33345698]), 5: array([174.33347763]), 6: array([174.33318062]), 7: array([174.33319596]), 8: array([174.33322426]), 9: array([174.33317173])}
2025-05-12 15:50:43,743 - DEBUG - util_fusion - fusion_dual_defense - client 2 norm scores: {0: array([0.59032042]), 1: array([0.84990052]), 2: array([0.]), 3: array([1.]), 4: array([0.78465829]), 5: array([0.83077757]), 6: array([0.16739074]), 7: array([0.20164837]), 8: array([0.26486535]), 9: array([0.14751819])}
2025-05-12 15:50:43,743 - DEBUG - util_fusion - fusion_dual_defense - client 2 similarity threshold: 0.4837079460160222
2025-05-12 15:50:43,743 - INFO - util_fusion - fusion_dual_defense - client 2 selected fusion benigns: [0, 1, 3, 4, 5]
2025-05-12 15:50:43,751 - DEBUG - util_fusion - fusion_dual_defense - client 3 scores: {0: array([174.33336997]), 1: array([174.33348619]), 2: array([174.33310568]), 3: array([174.33355339]), 4: array([174.33345698]), 5: array([174.33347763]), 6: array([174.33318062]), 7: array([174.33319596]), 8: array([174.33322426]), 9: array([174.33317173])}
2025-05-12 15:50:43,752 - DEBUG - util_fusion - fusion_dual_defense - client 3 norm scores: {0: array([0.59032042]), 1: array([0.84990052]), 2: array([0.]), 3: array([1.]), 4: array([0.78465829]), 5: array([0.83077757]), 6: array([0.16739074]), 7: array([0.20164837]), 8: array([0.26486535]), 9: array([0.14751819])}
2025-05-12 15:50:43,752 - DEBUG - util_fusion - fusion_dual_defense - client 3 similarity threshold: 0.4837079460160222
2025-05-12 15:50:43,752 - INFO - util_fusion - fusion_dual_defense - client 3 selected fusion benigns: [0, 1, 3, 4, 5]
2025-05-12 15:50:43,760 - DEBUG - util_fusion - fusion_dual_defense - client 4 scores: {0: array([174.33336997]), 1: array([174.33348619]), 2: array([174.33310568]), 3: array([174.33355339]), 4: array([174.33345698]), 5: array([174.33347763]), 6: array([174.33318062]), 7: array([174.33319596]), 8: array([174.33322426]), 9: array([174.33317173])}
2025-05-12 15:50:43,761 - DEBUG - util_fusion - fusion_dual_defense - client 4 norm scores: {0: array([0.59032042]), 1: array([0.84990052]), 2: array([0.]), 3: array([1.]), 4: array([0.78465829]), 5: array([0.83077757]), 6: array([0.16739074]), 7: array([0.20164837]), 8: array([0.26486535]), 9: array([0.14751819])}
2025-05-12 15:50:43,761 - DEBUG - util_fusion - fusion_dual_defense - client 4 similarity threshold: 0.4837079460160222
2025-05-12 15:50:43,761 - INFO - util_fusion - fusion_dual_defense - client 4 selected fusion benigns: [0, 1, 3, 4, 5]
2025-05-12 15:50:43,769 - DEBUG - util_fusion - fusion_dual_defense - client 5 scores: {0: array([174.33336997]), 1: array([174.33348619]), 2: array([174.33310568]), 3: array([174.33355339]), 4: array([174.33345698]), 5: array([174.33347763]), 6: array([174.33318062]), 7: array([174.33319596]), 8: array([174.33322426]), 9: array([174.33317173])}
2025-05-12 15:50:43,770 - DEBUG - util_fusion - fusion_dual_defense - client 5 norm scores: {0: array([0.59032042]), 1: array([0.84990052]), 2: array([0.]), 3: array([1.]), 4: array([0.78465829]), 5: array([0.83077757]), 6: array([0.16739074]), 7: array([0.20164837]), 8: array([0.26486535]), 9: array([0.14751819])}
2025-05-12 15:50:43,770 - DEBUG - util_fusion - fusion_dual_defense - client 5 similarity threshold: 0.4837079460160222
2025-05-12 15:50:43,770 - INFO - util_fusion - fusion_dual_defense - client 5 selected fusion benigns: [0, 1, 3, 4, 5]
2025-05-12 15:50:43,778 - DEBUG - util_fusion - fusion_dual_defense - client 6 scores: {0: array([174.33336997]), 1: array([174.33348619]), 2: array([174.33310568]), 3: array([174.33355339]), 4: array([174.33345698]), 5: array([174.33347763]), 6: array([174.33318062]), 7: array([174.33319596]), 8: array([174.33322426]), 9: array([174.33317173])}
2025-05-12 15:50:43,779 - DEBUG - util_fusion - fusion_dual_defense - client 6 norm scores: {0: array([0.59032042]), 1: array([0.84990052]), 2: array([0.]), 3: array([1.]), 4: array([0.78465829]), 5: array([0.83077757]), 6: array([0.16739074]), 7: array([0.20164837]), 8: array([0.26486535]), 9: array([0.14751819])}
2025-05-12 15:50:43,779 - DEBUG - util_fusion - fusion_dual_defense - client 6 similarity threshold: 0.4837079460160222
2025-05-12 15:50:43,779 - INFO - util_fusion - fusion_dual_defense - client 6 selected fusion benigns: [0, 1, 3, 4, 5]
2025-05-12 15:50:43,788 - DEBUG - util_fusion - fusion_dual_defense - client 7 scores: {0: array([174.33336997]), 1: array([174.33348619]), 2: array([174.33310568]), 3: array([174.33355339]), 4: array([174.33345698]), 5: array([174.33347763]), 6: array([174.33318062]), 7: array([174.33319596]), 8: array([174.33322426]), 9: array([174.33317173])}
2025-05-12 15:50:43,788 - DEBUG - util_fusion - fusion_dual_defense - client 7 norm scores: {0: array([0.59032042]), 1: array([0.84990052]), 2: array([0.]), 3: array([1.]), 4: array([0.78465829]), 5: array([0.83077757]), 6: array([0.16739074]), 7: array([0.20164837]), 8: array([0.26486535]), 9: array([0.14751819])}
2025-05-12 15:50:43,788 - DEBUG - util_fusion - fusion_dual_defense - client 7 similarity threshold: 0.4837079460160222
2025-05-12 15:50:43,788 - INFO - util_fusion - fusion_dual_defense - client 7 selected fusion benigns: [0, 1, 3, 4, 5]
2025-05-12 15:50:43,797 - DEBUG - util_fusion - fusion_dual_defense - client 8 scores: {0: array([174.33336997]), 1: array([174.33348619]), 2: array([174.33310568]), 3: array([174.33355339]), 4: array([174.33345698]), 5: array([174.33347763]), 6: array([174.33318062]), 7: array([174.33319596]), 8: array([174.33322426]), 9: array([174.33317173])}
2025-05-12 15:50:43,797 - DEBUG - util_fusion - fusion_dual_defense - client 8 norm scores: {0: array([0.59032042]), 1: array([0.84990052]), 2: array([0.]), 3: array([1.]), 4: array([0.78465829]), 5: array([0.83077757]), 6: array([0.16739074]), 7: array([0.20164837]), 8: array([0.26486535]), 9: array([0.14751819])}
2025-05-12 15:50:43,797 - DEBUG - util_fusion - fusion_dual_defense - client 8 similarity threshold: 0.4837079460160222
2025-05-12 15:50:43,797 - INFO - util_fusion - fusion_dual_defense - client 8 selected fusion benigns: [0, 1, 3, 4, 5]
2025-05-12 15:50:43,806 - DEBUG - util_fusion - fusion_dual_defense - client 9 scores: {0: array([174.33336997]), 1: array([174.33348619]), 2: array([174.33310568]), 3: array([174.33355339]), 4: array([174.33345698]), 5: array([174.33347763]), 6: array([174.33318062]), 7: array([174.33319596]), 8: array([174.33322426]), 9: array([174.33317173])}
2025-05-12 15:50:43,806 - DEBUG - util_fusion - fusion_dual_defense - client 9 norm scores: {0: array([0.59032042]), 1: array([0.84990052]), 2: array([0.]), 3: array([1.]), 4: array([0.78465829]), 5: array([0.83077757]), 6: array([0.16739074]), 7: array([0.20164837]), 8: array([0.26486535]), 9: array([0.14751819])}
2025-05-12 15:50:43,806 - DEBUG - util_fusion - fusion_dual_defense - client 9 similarity threshold: 0.4837079460160222
2025-05-12 15:50:43,806 - INFO - util_fusion - fusion_dual_defense - client 9 selected fusion benigns: [0, 1, 3, 4, 5]
2025-05-12 15:50:43,806 - DEBUG - util_fusion - fusion_dual_defense - final fusion benigns: (0, 1, 3, 4, 5)
2025-05-12 15:50:45,501 - INFO - fl - start - global side -  test accuracy: 9.82
2025-05-12 15:50:45,501 - INFO - fl - start - global side iteration 7 -  test accuracy: 9.82
2025-05-12 15:50:45,502 - INFO - fl - start - start training round 8
2025-05-12 15:50:45,503 - INFO - fl - start - round 8 attackers: [4, 1]
2025-05-12 15:50:45,503 - INFO - fl - start - start client 0 training
2025-05-12 15:50:45,503 - INFO - fl - client_local_train - client 0 start local training ...
2025-05-12 15:50:49,692 - INFO - fl - start - end client 0 training
2025-05-12 15:50:49,692 - INFO - fl - start - client 0 evaluation metrics: {'train_loss': 1.4387383569370618, 'test_acc': 9.82}
2025-05-12 15:50:49,692 - INFO - fl - start - start client 1 training
2025-05-12 15:50:49,692 - INFO - fl - client_local_train - client 1 start local training ...
2025-05-12 15:50:51,112 - INFO - fl - client_local_train - client 1 is attacker, start poisoning model
2025-05-12 15:50:54,630 - INFO - fl - start - end client 1 training
2025-05-12 15:50:54,630 - INFO - fl - start - client 1 evaluation metrics: {'train_loss': 8.200711164474487, 'test_acc': 9.58}
2025-05-12 15:50:54,630 - INFO - fl - start - start client 2 training
2025-05-12 15:50:54,630 - INFO - fl - client_local_train - client 2 start local training ...
2025-05-12 15:51:02,648 - INFO - fl - start - end client 2 training
2025-05-12 15:51:02,648 - INFO - fl - start - client 2 evaluation metrics: {'train_loss': 1.7318947858280607, 'test_acc': 9.74}
2025-05-12 15:51:02,648 - INFO - fl - start - start client 3 training
2025-05-12 15:51:02,648 - INFO - fl - client_local_train - client 3 start local training ...
2025-05-12 15:51:05,032 - INFO - fl - start - end client 3 training
2025-05-12 15:51:05,033 - INFO - fl - start - client 3 evaluation metrics: {'train_loss': 1.5131966738865292, 'test_acc': 9.82}
2025-05-12 15:51:05,033 - INFO - fl - start - start client 4 training
2025-05-12 15:51:05,033 - INFO - fl - client_local_train - client 4 start local training ...
2025-05-12 15:51:06,686 - INFO - fl - client_local_train - client 4 is attacker, start poisoning model
2025-05-12 15:51:10,338 - INFO - fl - start - end client 4 training
2025-05-12 15:51:10,338 - INFO - fl - start - client 4 evaluation metrics: {'train_loss': 4.899275097353705, 'test_acc': 9.58}
2025-05-12 15:51:10,338 - INFO - fl - start - start client 5 training
2025-05-12 15:51:10,338 - INFO - fl - client_local_train - client 5 start local training ...
2025-05-12 15:51:13,671 - INFO - fl - start - end client 5 training
2025-05-12 15:51:13,671 - INFO - fl - start - client 5 evaluation metrics: {'train_loss': 1.4444985102724146, 'test_acc': 10.32}
2025-05-12 15:51:13,671 - INFO - fl - start - start client 6 training
2025-05-12 15:51:13,671 - INFO - fl - client_local_train - client 6 start local training ...
2025-05-12 15:51:19,724 - INFO - fl - start - end client 6 training
2025-05-12 15:51:19,724 - INFO - fl - start - client 6 evaluation metrics: {'train_loss': 1.7398690999023558, 'test_acc': 9.8}
2025-05-12 15:51:19,724 - INFO - fl - start - start client 7 training
2025-05-12 15:51:19,724 - INFO - fl - client_local_train - client 7 start local training ...
2025-05-12 15:51:25,663 - INFO - fl - start - end client 7 training
2025-05-12 15:51:25,663 - INFO - fl - start - client 7 evaluation metrics: {'train_loss': 1.4554948479898515, 'test_acc': 10.32}
2025-05-12 15:51:25,663 - INFO - fl - start - start client 8 training
2025-05-12 15:51:25,663 - INFO - fl - client_local_train - client 8 start local training ...
2025-05-12 15:51:31,070 - INFO - fl - start - end client 8 training
2025-05-12 15:51:31,070 - INFO - fl - start - client 8 evaluation metrics: {'train_loss': 1.8546200307932768, 'test_acc': 10.28}
2025-05-12 15:51:31,070 - INFO - fl - start - start client 9 training
2025-05-12 15:51:31,070 - INFO - fl - client_local_train - client 9 start local training ...
2025-05-12 15:51:37,322 - INFO - fl - start - end client 9 training
2025-05-12 15:51:37,322 - INFO - fl - start - client 9 evaluation metrics: {'train_loss': 1.5122742204737842, 'test_acc': 10.09}
2025-05-12 15:51:37,322 - INFO - fl - aggregate_model - start model aggregation...fusion method: dual_defense
2025-05-12 15:51:37,322 - INFO - fl - aggregate_model - start hyper-guard fusion with epsilon 0.01
2025-05-12 15:51:37,322 - INFO - fl - aggregate_model - round 8 attackers: [1, 4]
2025-05-12 15:51:48,091 - DEBUG - util_fusion - fusion_dual_defense - client 0 scores: {0: array([89.44660022]), 1: array([89.44650348]), 2: array([89.44697409]), 3: array([89.44643813]), 4: array([89.44653362]), 5: array([89.44651612]), 6: array([89.44677722]), 7: array([89.44675994]), 8: array([89.44670442]), 9: array([89.44679004])}
2025-05-12 15:51:48,091 - DEBUG - util_fusion - fusion_dual_defense - client 0 norm scores: {0: array([0.30243929]), 1: array([0.12193396]), 2: array([1.]), 3: array([0.]), 4: array([0.17816418]), 5: array([0.14553105]), 6: array([0.63268134]), 7: array([0.60044098]), 8: array([0.49684448]), 9: array([0.65659722])}
2025-05-12 15:51:48,091 - DEBUG - util_fusion - fusion_dual_defense - client 0 similarity threshold: 0.4134632497868179
2025-05-12 15:51:48,091 - INFO - util_fusion - fusion_dual_defense - client 0 selected fusion benigns: [2, 6, 7, 8, 9]
2025-05-12 15:51:48,100 - DEBUG - util_fusion - fusion_dual_defense - client 1 scores: {0: array([89.44660022]), 1: array([89.44650348]), 2: array([89.44697409]), 3: array([89.44643813]), 4: array([89.44653362]), 5: array([89.44651612]), 6: array([89.44677722]), 7: array([89.44675994]), 8: array([89.44670442]), 9: array([89.44679004])}
2025-05-12 15:51:48,101 - DEBUG - util_fusion - fusion_dual_defense - client 1 norm scores: {0: array([0.30243929]), 1: array([0.12193396]), 2: array([1.]), 3: array([0.]), 4: array([0.17816418]), 5: array([0.14553105]), 6: array([0.63268134]), 7: array([0.60044098]), 8: array([0.49684448]), 9: array([0.65659722])}
2025-05-12 15:51:48,101 - DEBUG - util_fusion - fusion_dual_defense - client 1 similarity threshold: 0.4134632497868179
2025-05-12 15:51:48,101 - INFO - util_fusion - fusion_dual_defense - client 1 selected fusion benigns: [2, 6, 7, 8, 9]
2025-05-12 15:51:48,111 - DEBUG - util_fusion - fusion_dual_defense - client 2 scores: {0: array([89.44660022]), 1: array([89.44650348]), 2: array([89.44697409]), 3: array([89.44643813]), 4: array([89.44653362]), 5: array([89.44651612]), 6: array([89.44677722]), 7: array([89.44675994]), 8: array([89.44670442]), 9: array([89.44679004])}
2025-05-12 15:51:48,112 - DEBUG - util_fusion - fusion_dual_defense - client 2 norm scores: {0: array([0.30243929]), 1: array([0.12193396]), 2: array([1.]), 3: array([0.]), 4: array([0.17816418]), 5: array([0.14553105]), 6: array([0.63268134]), 7: array([0.60044098]), 8: array([0.49684448]), 9: array([0.65659722])}
2025-05-12 15:51:48,112 - DEBUG - util_fusion - fusion_dual_defense - client 2 similarity threshold: 0.4134632497868179
2025-05-12 15:51:48,112 - INFO - util_fusion - fusion_dual_defense - client 2 selected fusion benigns: [2, 6, 7, 8, 9]
2025-05-12 15:51:48,120 - DEBUG - util_fusion - fusion_dual_defense - client 3 scores: {0: array([89.44660022]), 1: array([89.44650348]), 2: array([89.44697409]), 3: array([89.44643813]), 4: array([89.44653362]), 5: array([89.44651612]), 6: array([89.44677722]), 7: array([89.44675994]), 8: array([89.44670442]), 9: array([89.44679004])}
2025-05-12 15:51:48,121 - DEBUG - util_fusion - fusion_dual_defense - client 3 norm scores: {0: array([0.30243929]), 1: array([0.12193396]), 2: array([1.]), 3: array([0.]), 4: array([0.17816418]), 5: array([0.14553105]), 6: array([0.63268134]), 7: array([0.60044098]), 8: array([0.49684448]), 9: array([0.65659722])}
2025-05-12 15:51:48,121 - DEBUG - util_fusion - fusion_dual_defense - client 3 similarity threshold: 0.4134632497868179
2025-05-12 15:51:48,121 - INFO - util_fusion - fusion_dual_defense - client 3 selected fusion benigns: [2, 6, 7, 8, 9]
2025-05-12 15:51:48,129 - DEBUG - util_fusion - fusion_dual_defense - client 4 scores: {0: array([89.44660022]), 1: array([89.44650348]), 2: array([89.44697409]), 3: array([89.44643813]), 4: array([89.44653362]), 5: array([89.44651612]), 6: array([89.44677722]), 7: array([89.44675994]), 8: array([89.44670442]), 9: array([89.44679004])}
2025-05-12 15:51:48,130 - DEBUG - util_fusion - fusion_dual_defense - client 4 norm scores: {0: array([0.30243929]), 1: array([0.12193396]), 2: array([1.]), 3: array([0.]), 4: array([0.17816418]), 5: array([0.14553105]), 6: array([0.63268134]), 7: array([0.60044098]), 8: array([0.49684448]), 9: array([0.65659722])}
2025-05-12 15:51:48,130 - DEBUG - util_fusion - fusion_dual_defense - client 4 similarity threshold: 0.4134632497868179
2025-05-12 15:51:48,130 - INFO - util_fusion - fusion_dual_defense - client 4 selected fusion benigns: [2, 6, 7, 8, 9]
2025-05-12 15:51:48,138 - DEBUG - util_fusion - fusion_dual_defense - client 5 scores: {0: array([89.44660022]), 1: array([89.44650348]), 2: array([89.44697409]), 3: array([89.44643813]), 4: array([89.44653362]), 5: array([89.44651612]), 6: array([89.44677722]), 7: array([89.44675994]), 8: array([89.44670442]), 9: array([89.44679004])}
2025-05-12 15:51:48,139 - DEBUG - util_fusion - fusion_dual_defense - client 5 norm scores: {0: array([0.30243929]), 1: array([0.12193396]), 2: array([1.]), 3: array([0.]), 4: array([0.17816418]), 5: array([0.14553105]), 6: array([0.63268134]), 7: array([0.60044098]), 8: array([0.49684448]), 9: array([0.65659722])}
2025-05-12 15:51:48,139 - DEBUG - util_fusion - fusion_dual_defense - client 5 similarity threshold: 0.4134632497868179
2025-05-12 15:51:48,139 - INFO - util_fusion - fusion_dual_defense - client 5 selected fusion benigns: [2, 6, 7, 8, 9]
2025-05-12 15:51:48,147 - DEBUG - util_fusion - fusion_dual_defense - client 6 scores: {0: array([89.44660022]), 1: array([89.44650348]), 2: array([89.44697409]), 3: array([89.44643813]), 4: array([89.44653362]), 5: array([89.44651612]), 6: array([89.44677722]), 7: array([89.44675994]), 8: array([89.44670442]), 9: array([89.44679004])}
2025-05-12 15:51:48,148 - DEBUG - util_fusion - fusion_dual_defense - client 6 norm scores: {0: array([0.30243929]), 1: array([0.12193396]), 2: array([1.]), 3: array([0.]), 4: array([0.17816418]), 5: array([0.14553105]), 6: array([0.63268134]), 7: array([0.60044098]), 8: array([0.49684448]), 9: array([0.65659722])}
2025-05-12 15:51:48,148 - DEBUG - util_fusion - fusion_dual_defense - client 6 similarity threshold: 0.4134632497868179
2025-05-12 15:51:48,148 - INFO - util_fusion - fusion_dual_defense - client 6 selected fusion benigns: [2, 6, 7, 8, 9]
2025-05-12 15:51:48,156 - DEBUG - util_fusion - fusion_dual_defense - client 7 scores: {0: array([89.44660022]), 1: array([89.44650348]), 2: array([89.44697409]), 3: array([89.44643813]), 4: array([89.44653362]), 5: array([89.44651612]), 6: array([89.44677722]), 7: array([89.44675994]), 8: array([89.44670442]), 9: array([89.44679004])}
2025-05-12 15:51:48,157 - DEBUG - util_fusion - fusion_dual_defense - client 7 norm scores: {0: array([0.30243929]), 1: array([0.12193396]), 2: array([1.]), 3: array([0.]), 4: array([0.17816418]), 5: array([0.14553105]), 6: array([0.63268134]), 7: array([0.60044098]), 8: array([0.49684448]), 9: array([0.65659722])}
2025-05-12 15:51:48,157 - DEBUG - util_fusion - fusion_dual_defense - client 7 similarity threshold: 0.4134632497868179
2025-05-12 15:51:48,157 - INFO - util_fusion - fusion_dual_defense - client 7 selected fusion benigns: [2, 6, 7, 8, 9]
2025-05-12 15:51:48,165 - DEBUG - util_fusion - fusion_dual_defense - client 8 scores: {0: array([89.44660022]), 1: array([89.44650348]), 2: array([89.44697409]), 3: array([89.44643813]), 4: array([89.44653362]), 5: array([89.44651612]), 6: array([89.44677722]), 7: array([89.44675994]), 8: array([89.44670442]), 9: array([89.44679004])}
2025-05-12 15:51:48,166 - DEBUG - util_fusion - fusion_dual_defense - client 8 norm scores: {0: array([0.30243929]), 1: array([0.12193396]), 2: array([1.]), 3: array([0.]), 4: array([0.17816418]), 5: array([0.14553105]), 6: array([0.63268134]), 7: array([0.60044098]), 8: array([0.49684448]), 9: array([0.65659722])}
2025-05-12 15:51:48,166 - DEBUG - util_fusion - fusion_dual_defense - client 8 similarity threshold: 0.4134632497868179
2025-05-12 15:51:48,166 - INFO - util_fusion - fusion_dual_defense - client 8 selected fusion benigns: [2, 6, 7, 8, 9]
2025-05-12 15:51:48,174 - DEBUG - util_fusion - fusion_dual_defense - client 9 scores: {0: array([89.44660022]), 1: array([89.44650348]), 2: array([89.44697409]), 3: array([89.44643813]), 4: array([89.44653362]), 5: array([89.44651612]), 6: array([89.44677722]), 7: array([89.44675994]), 8: array([89.44670442]), 9: array([89.44679004])}
2025-05-12 15:51:48,175 - DEBUG - util_fusion - fusion_dual_defense - client 9 norm scores: {0: array([0.30243929]), 1: array([0.12193396]), 2: array([1.]), 3: array([0.]), 4: array([0.17816418]), 5: array([0.14553105]), 6: array([0.63268134]), 7: array([0.60044098]), 8: array([0.49684448]), 9: array([0.65659722])}
2025-05-12 15:51:48,175 - DEBUG - util_fusion - fusion_dual_defense - client 9 similarity threshold: 0.4134632497868179
2025-05-12 15:51:48,175 - INFO - util_fusion - fusion_dual_defense - client 9 selected fusion benigns: [2, 6, 7, 8, 9]
2025-05-12 15:51:48,175 - DEBUG - util_fusion - fusion_dual_defense - final fusion benigns: (2, 6, 7, 8, 9)
2025-05-12 15:51:49,861 - INFO - fl - start - global side -  test accuracy: 11.35
2025-05-12 15:51:49,862 - INFO - fl - start - global side iteration 8 -  test accuracy: 11.35
2025-05-12 15:51:49,862 - INFO - fl - start - start training round 9
2025-05-12 15:51:49,864 - INFO - fl - start - round 9 attackers: [9, 0]
2025-05-12 15:51:49,864 - INFO - fl - start - start client 0 training
2025-05-12 15:51:49,864 - INFO - fl - client_local_train - client 0 start local training ...
2025-05-12 15:51:52,061 - INFO - fl - client_local_train - client 0 is attacker, start poisoning model
2025-05-12 15:51:56,042 - INFO - fl - start - end client 0 training
2025-05-12 15:51:56,042 - INFO - fl - start - client 0 evaluation metrics: {'train_loss': 4.893124849765332, 'test_acc': 9.82}
2025-05-12 15:51:56,042 - INFO - fl - start - start client 1 training
2025-05-12 15:51:56,042 - INFO - fl - client_local_train - client 1 start local training ...
2025-05-12 15:51:59,225 - INFO - fl - start - end client 1 training
2025-05-12 15:51:59,225 - INFO - fl - start - client 1 evaluation metrics: {'train_loss': 1.7557244467735291, 'test_acc': 9.58}
2025-05-12 15:51:59,225 - INFO - fl - start - start client 2 training
2025-05-12 15:51:59,225 - INFO - fl - client_local_train - client 2 start local training ...
2025-05-12 15:52:07,233 - INFO - fl - start - end client 2 training
2025-05-12 15:52:07,233 - INFO - fl - start - client 2 evaluation metrics: {'train_loss': 1.7210256861315834, 'test_acc': 9.74}
2025-05-12 15:52:07,233 - INFO - fl - start - start client 3 training
2025-05-12 15:52:07,233 - INFO - fl - client_local_train - client 3 start local training ...
2025-05-12 15:52:09,614 - INFO - fl - start - end client 3 training
2025-05-12 15:52:09,614 - INFO - fl - start - client 3 evaluation metrics: {'train_loss': 1.51976164045005, 'test_acc': 9.82}
2025-05-12 15:52:09,614 - INFO - fl - start - start client 4 training
2025-05-12 15:52:09,614 - INFO - fl - client_local_train - client 4 start local training ...
2025-05-12 15:52:13,087 - INFO - fl - start - end client 4 training
2025-05-12 15:52:13,087 - INFO - fl - start - client 4 evaluation metrics: {'train_loss': 1.7585948808439846, 'test_acc': 9.58}
2025-05-12 15:52:13,087 - INFO - fl - start - start client 5 training
2025-05-12 15:52:13,087 - INFO - fl - client_local_train - client 5 start local training ...
2025-05-12 15:52:16,425 - INFO - fl - start - end client 5 training
2025-05-12 15:52:16,425 - INFO - fl - start - client 5 evaluation metrics: {'train_loss': 1.337540708206318, 'test_acc': 10.32}
2025-05-12 15:52:16,425 - INFO - fl - start - start client 6 training
2025-05-12 15:52:16,425 - INFO - fl - client_local_train - client 6 start local training ...
2025-05-12 15:52:22,472 - INFO - fl - start - end client 6 training
2025-05-12 15:52:22,472 - INFO - fl - start - client 6 evaluation metrics: {'train_loss': 1.7322360633865117, 'test_acc': 9.8}
2025-05-12 15:52:22,472 - INFO - fl - start - start client 7 training
2025-05-12 15:52:22,472 - INFO - fl - client_local_train - client 7 start local training ...
2025-05-12 15:52:28,416 - INFO - fl - start - end client 7 training
2025-05-12 15:52:28,416 - INFO - fl - start - client 7 evaluation metrics: {'train_loss': 1.4416113966895687, 'test_acc': 10.32}
2025-05-12 15:52:28,416 - INFO - fl - start - start client 8 training
2025-05-12 15:52:28,416 - INFO - fl - client_local_train - client 8 start local training ...
2025-05-12 15:52:33,821 - INFO - fl - start - end client 8 training
2025-05-12 15:52:33,821 - INFO - fl - start - client 8 evaluation metrics: {'train_loss': 1.8311972130428662, 'test_acc': 10.28}
2025-05-12 15:52:33,821 - INFO - fl - start - start client 9 training
2025-05-12 15:52:33,821 - INFO - fl - client_local_train - client 9 start local training ...
2025-05-12 15:52:37,611 - INFO - fl - client_local_train - client 9 is attacker, start poisoning model
2025-05-12 15:52:42,542 - INFO - fl - start - end client 9 training
2025-05-12 15:52:42,542 - INFO - fl - start - client 9 evaluation metrics: {'train_loss': 5.642183640845736, 'test_acc': 10.09}
2025-05-12 15:52:42,542 - INFO - fl - aggregate_model - start model aggregation...fusion method: dual_defense
2025-05-12 15:52:42,542 - INFO - fl - aggregate_model - start hyper-guard fusion with epsilon 0.01
2025-05-12 15:52:42,542 - INFO - fl - aggregate_model - round 9 attackers: [0, 9]
2025-05-12 15:52:53,296 - DEBUG - util_fusion - fusion_dual_defense - client 0 scores: {0: array([911.61847327]), 1: array([911.6172866]), 2: array([911.62564286]), 3: array([911.61636797]), 4: array([911.61750525]), 5: array([911.61744541]), 6: array([911.62122095]), 7: array([911.62097185]), 8: array([911.62014172]), 9: array([911.62166696])}
2025-05-12 15:52:53,297 - DEBUG - util_fusion - fusion_dual_defense - client 0 norm scores: {0: array([0.22698961]), 1: array([0.09904492]), 2: array([1.]), 3: array([0.]), 4: array([0.12261958]), 5: array([0.11616693]), 6: array([0.52323905]), 7: array([0.49638109]), 8: array([0.40687781]), 9: array([0.57132635])}
2025-05-12 15:52:53,297 - DEBUG - util_fusion - fusion_dual_defense - client 0 similarity threshold: 0.35626453394940827
2025-05-12 15:52:53,297 - INFO - util_fusion - fusion_dual_defense - client 0 selected fusion benigns: [2, 6, 7, 8, 9]
2025-05-12 15:52:53,306 - DEBUG - util_fusion - fusion_dual_defense - client 1 scores: {0: array([911.61847327]), 1: array([911.6172866]), 2: array([911.62564286]), 3: array([911.61636797]), 4: array([911.61750525]), 5: array([911.61744541]), 6: array([911.62122095]), 7: array([911.62097185]), 8: array([911.62014172]), 9: array([911.62166696])}
2025-05-12 15:52:53,306 - DEBUG - util_fusion - fusion_dual_defense - client 1 norm scores: {0: array([0.22698961]), 1: array([0.09904492]), 2: array([1.]), 3: array([0.]), 4: array([0.12261958]), 5: array([0.11616693]), 6: array([0.52323905]), 7: array([0.49638109]), 8: array([0.40687781]), 9: array([0.57132635])}
2025-05-12 15:52:53,306 - DEBUG - util_fusion - fusion_dual_defense - client 1 similarity threshold: 0.35626453394940827
2025-05-12 15:52:53,306 - INFO - util_fusion - fusion_dual_defense - client 1 selected fusion benigns: [2, 6, 7, 8, 9]
2025-05-12 15:52:53,315 - DEBUG - util_fusion - fusion_dual_defense - client 2 scores: {0: array([911.61847327]), 1: array([911.6172866]), 2: array([911.62564286]), 3: array([911.61636797]), 4: array([911.61750525]), 5: array([911.61744541]), 6: array([911.62122095]), 7: array([911.62097185]), 8: array([911.62014172]), 9: array([911.62166696])}
2025-05-12 15:52:53,315 - DEBUG - util_fusion - fusion_dual_defense - client 2 norm scores: {0: array([0.22698961]), 1: array([0.09904492]), 2: array([1.]), 3: array([0.]), 4: array([0.12261958]), 5: array([0.11616693]), 6: array([0.52323905]), 7: array([0.49638109]), 8: array([0.40687781]), 9: array([0.57132635])}
2025-05-12 15:52:53,315 - DEBUG - util_fusion - fusion_dual_defense - client 2 similarity threshold: 0.35626453394940827
2025-05-12 15:52:53,316 - INFO - util_fusion - fusion_dual_defense - client 2 selected fusion benigns: [2, 6, 7, 8, 9]
2025-05-12 15:52:53,324 - DEBUG - util_fusion - fusion_dual_defense - client 3 scores: {0: array([911.61847327]), 1: array([911.6172866]), 2: array([911.62564286]), 3: array([911.61636797]), 4: array([911.61750525]), 5: array([911.61744541]), 6: array([911.62122095]), 7: array([911.62097185]), 8: array([911.62014172]), 9: array([911.62166696])}
2025-05-12 15:52:53,324 - DEBUG - util_fusion - fusion_dual_defense - client 3 norm scores: {0: array([0.22698961]), 1: array([0.09904492]), 2: array([1.]), 3: array([0.]), 4: array([0.12261958]), 5: array([0.11616693]), 6: array([0.52323905]), 7: array([0.49638109]), 8: array([0.40687781]), 9: array([0.57132635])}
2025-05-12 15:52:53,325 - DEBUG - util_fusion - fusion_dual_defense - client 3 similarity threshold: 0.35626453394940827
2025-05-12 15:52:53,325 - INFO - util_fusion - fusion_dual_defense - client 3 selected fusion benigns: [2, 6, 7, 8, 9]
2025-05-12 15:52:53,333 - DEBUG - util_fusion - fusion_dual_defense - client 4 scores: {0: array([911.61847327]), 1: array([911.6172866]), 2: array([911.62564286]), 3: array([911.61636797]), 4: array([911.61750525]), 5: array([911.61744541]), 6: array([911.62122095]), 7: array([911.62097185]), 8: array([911.62014172]), 9: array([911.62166696])}
2025-05-12 15:52:53,334 - DEBUG - util_fusion - fusion_dual_defense - client 4 norm scores: {0: array([0.22698961]), 1: array([0.09904492]), 2: array([1.]), 3: array([0.]), 4: array([0.12261958]), 5: array([0.11616693]), 6: array([0.52323905]), 7: array([0.49638109]), 8: array([0.40687781]), 9: array([0.57132635])}
2025-05-12 15:52:53,334 - DEBUG - util_fusion - fusion_dual_defense - client 4 similarity threshold: 0.35626453394940827
2025-05-12 15:52:53,334 - INFO - util_fusion - fusion_dual_defense - client 4 selected fusion benigns: [2, 6, 7, 8, 9]
2025-05-12 15:52:53,342 - DEBUG - util_fusion - fusion_dual_defense - client 5 scores: {0: array([911.61847327]), 1: array([911.6172866]), 2: array([911.62564286]), 3: array([911.61636797]), 4: array([911.61750525]), 5: array([911.61744541]), 6: array([911.62122095]), 7: array([911.62097185]), 8: array([911.62014172]), 9: array([911.62166696])}
2025-05-12 15:52:53,343 - DEBUG - util_fusion - fusion_dual_defense - client 5 norm scores: {0: array([0.22698961]), 1: array([0.09904492]), 2: array([1.]), 3: array([0.]), 4: array([0.12261958]), 5: array([0.11616693]), 6: array([0.52323905]), 7: array([0.49638109]), 8: array([0.40687781]), 9: array([0.57132635])}
2025-05-12 15:52:53,343 - DEBUG - util_fusion - fusion_dual_defense - client 5 similarity threshold: 0.35626453394940827
2025-05-12 15:52:53,343 - INFO - util_fusion - fusion_dual_defense - client 5 selected fusion benigns: [2, 6, 7, 8, 9]
2025-05-12 15:52:53,351 - DEBUG - util_fusion - fusion_dual_defense - client 6 scores: {0: array([911.61847327]), 1: array([911.6172866]), 2: array([911.62564286]), 3: array([911.61636797]), 4: array([911.61750525]), 5: array([911.61744541]), 6: array([911.62122095]), 7: array([911.62097185]), 8: array([911.62014172]), 9: array([911.62166696])}
2025-05-12 15:52:53,352 - DEBUG - util_fusion - fusion_dual_defense - client 6 norm scores: {0: array([0.22698961]), 1: array([0.09904492]), 2: array([1.]), 3: array([0.]), 4: array([0.12261958]), 5: array([0.11616693]), 6: array([0.52323905]), 7: array([0.49638109]), 8: array([0.40687781]), 9: array([0.57132635])}
2025-05-12 15:52:53,352 - DEBUG - util_fusion - fusion_dual_defense - client 6 similarity threshold: 0.35626453394940827
2025-05-12 15:52:53,352 - INFO - util_fusion - fusion_dual_defense - client 6 selected fusion benigns: [2, 6, 7, 8, 9]
2025-05-12 15:52:53,360 - DEBUG - util_fusion - fusion_dual_defense - client 7 scores: {0: array([911.61847327]), 1: array([911.6172866]), 2: array([911.62564286]), 3: array([911.61636797]), 4: array([911.61750525]), 5: array([911.61744541]), 6: array([911.62122095]), 7: array([911.62097185]), 8: array([911.62014172]), 9: array([911.62166696])}
2025-05-12 15:52:53,361 - DEBUG - util_fusion - fusion_dual_defense - client 7 norm scores: {0: array([0.22698961]), 1: array([0.09904492]), 2: array([1.]), 3: array([0.]), 4: array([0.12261958]), 5: array([0.11616693]), 6: array([0.52323905]), 7: array([0.49638109]), 8: array([0.40687781]), 9: array([0.57132635])}
2025-05-12 15:52:53,361 - DEBUG - util_fusion - fusion_dual_defense - client 7 similarity threshold: 0.35626453394940827
2025-05-12 15:52:53,361 - INFO - util_fusion - fusion_dual_defense - client 7 selected fusion benigns: [2, 6, 7, 8, 9]
2025-05-12 15:52:53,369 - DEBUG - util_fusion - fusion_dual_defense - client 8 scores: {0: array([911.61847327]), 1: array([911.6172866]), 2: array([911.62564286]), 3: array([911.61636797]), 4: array([911.61750525]), 5: array([911.61744541]), 6: array([911.62122095]), 7: array([911.62097185]), 8: array([911.62014172]), 9: array([911.62166696])}
2025-05-12 15:52:53,370 - DEBUG - util_fusion - fusion_dual_defense - client 8 norm scores: {0: array([0.22698961]), 1: array([0.09904492]), 2: array([1.]), 3: array([0.]), 4: array([0.12261958]), 5: array([0.11616693]), 6: array([0.52323905]), 7: array([0.49638109]), 8: array([0.40687781]), 9: array([0.57132635])}
2025-05-12 15:52:53,370 - DEBUG - util_fusion - fusion_dual_defense - client 8 similarity threshold: 0.35626453394940827
2025-05-12 15:52:53,370 - INFO - util_fusion - fusion_dual_defense - client 8 selected fusion benigns: [2, 6, 7, 8, 9]
2025-05-12 15:52:53,378 - DEBUG - util_fusion - fusion_dual_defense - client 9 scores: {0: array([911.61847327]), 1: array([911.6172866]), 2: array([911.62564286]), 3: array([911.61636797]), 4: array([911.61750525]), 5: array([911.61744541]), 6: array([911.62122095]), 7: array([911.62097185]), 8: array([911.62014172]), 9: array([911.62166696])}
2025-05-12 15:52:53,379 - DEBUG - util_fusion - fusion_dual_defense - client 9 norm scores: {0: array([0.22698961]), 1: array([0.09904492]), 2: array([1.]), 3: array([0.]), 4: array([0.12261958]), 5: array([0.11616693]), 6: array([0.52323905]), 7: array([0.49638109]), 8: array([0.40687781]), 9: array([0.57132635])}
2025-05-12 15:52:53,379 - DEBUG - util_fusion - fusion_dual_defense - client 9 similarity threshold: 0.35626453394940827
2025-05-12 15:52:53,379 - INFO - util_fusion - fusion_dual_defense - client 9 selected fusion benigns: [2, 6, 7, 8, 9]
2025-05-12 15:52:53,379 - DEBUG - util_fusion - fusion_dual_defense - final fusion benigns: (2, 6, 7, 8, 9)
2025-05-12 15:52:55,072 - INFO - fl - start - global side -  test accuracy: 10.09
2025-05-12 15:52:55,072 - INFO - fl - start - global side iteration 9 -  test accuracy: 10.09
2025-05-12 15:52:55,072 - INFO - fl - start - start training round 10
2025-05-12 15:52:55,074 - INFO - fl - start - round 10 attackers: [4, 1]
2025-05-12 15:52:55,074 - INFO - fl - start - start client 0 training
2025-05-12 15:52:55,074 - INFO - fl - client_local_train - client 0 start local training ...
2025-05-12 15:52:59,261 - INFO - fl - start - end client 0 training
2025-05-12 15:52:59,261 - INFO - fl - start - client 0 evaluation metrics: {'train_loss': 1.445279579658013, 'test_acc': 9.82}
2025-05-12 15:52:59,261 - INFO - fl - start - start client 1 training
2025-05-12 15:52:59,261 - INFO - fl - client_local_train - client 1 start local training ...
2025-05-12 15:53:00,685 - INFO - fl - client_local_train - client 1 is attacker, start poisoning model
2025-05-12 15:53:04,194 - INFO - fl - start - end client 1 training
2025-05-12 15:53:04,195 - INFO - fl - start - client 1 evaluation metrics: {'train_loss': 7.108735227584839, 'test_acc': 9.58}
2025-05-12 15:53:04,195 - INFO - fl - start - start client 2 training
2025-05-12 15:53:04,195 - INFO - fl - client_local_train - client 2 start local training ...
2025-05-12 15:53:12,195 - INFO - fl - start - end client 2 training
2025-05-12 15:53:12,195 - INFO - fl - start - client 2 evaluation metrics: {'train_loss': 1.7107695102691651, 'test_acc': 9.74}
2025-05-12 15:53:12,195 - INFO - fl - start - start client 3 training
2025-05-12 15:53:12,195 - INFO - fl - client_local_train - client 3 start local training ...
2025-05-12 15:53:14,577 - INFO - fl - start - end client 3 training
2025-05-12 15:53:14,577 - INFO - fl - start - client 3 evaluation metrics: {'train_loss': 1.9555595661031788, 'test_acc': 11.35}
2025-05-12 15:53:14,577 - INFO - fl - start - start client 4 training
2025-05-12 15:53:14,577 - INFO - fl - client_local_train - client 4 start local training ...
2025-05-12 15:53:16,224 - INFO - fl - client_local_train - client 4 is attacker, start poisoning model
2025-05-12 15:53:19,866 - INFO - fl - start - end client 4 training
2025-05-12 15:53:19,866 - INFO - fl - start - client 4 evaluation metrics: {'train_loss': 5.458918168626982, 'test_acc': 9.58}
2025-05-12 15:53:19,866 - INFO - fl - start - start client 5 training
2025-05-12 15:53:19,866 - INFO - fl - client_local_train - client 5 start local training ...
2025-05-12 15:53:23,195 - INFO - fl - start - end client 5 training
2025-05-12 15:53:23,195 - INFO - fl - start - client 5 evaluation metrics: {'train_loss': 1.3638533574563485, 'test_acc': 10.32}
2025-05-12 15:53:23,195 - INFO - fl - start - start client 6 training
2025-05-12 15:53:23,195 - INFO - fl - client_local_train - client 6 start local training ...
2025-05-12 15:53:29,240 - INFO - fl - start - end client 6 training
2025-05-12 15:53:29,240 - INFO - fl - start - client 6 evaluation metrics: {'train_loss': 1.7319192172974114, 'test_acc': 9.8}
2025-05-12 15:53:29,240 - INFO - fl - start - start client 7 training
2025-05-12 15:53:29,240 - INFO - fl - client_local_train - client 7 start local training ...
2025-05-12 15:53:35,181 - INFO - fl - start - end client 7 training
2025-05-12 15:53:35,181 - INFO - fl - start - client 7 evaluation metrics: {'train_loss': 1.475467626125582, 'test_acc': 10.32}
2025-05-12 15:53:35,181 - INFO - fl - start - start client 8 training
2025-05-12 15:53:35,181 - INFO - fl - client_local_train - client 8 start local training ...
2025-05-12 15:53:40,580 - INFO - fl - start - end client 8 training
2025-05-12 15:53:40,580 - INFO - fl - start - client 8 evaluation metrics: {'train_loss': 1.8693143346092918, 'test_acc': 10.28}
2025-05-12 15:53:40,580 - INFO - fl - start - start client 9 training
2025-05-12 15:53:40,580 - INFO - fl - client_local_train - client 9 start local training ...
2025-05-12 15:53:46,837 - INFO - fl - start - end client 9 training
2025-05-12 15:53:46,838 - INFO - fl - start - client 9 evaluation metrics: {'train_loss': 1.4952729501222308, 'test_acc': 10.09}
2025-05-12 15:53:46,838 - INFO - fl - aggregate_model - start model aggregation...fusion method: dual_defense
2025-05-12 15:53:46,838 - INFO - fl - aggregate_model - start hyper-guard fusion with epsilon 0.01
2025-05-12 15:53:46,838 - INFO - fl - aggregate_model - round 10 attackers: [1, 4]
2025-05-12 15:53:57,589 - DEBUG - util_fusion - fusion_dual_defense - client 0 scores: {0: array([583.53513597]), 1: array([583.53398323]), 2: array([583.53854887]), 3: array([583.53317868]), 4: array([583.53434508]), 5: array([583.53414873]), 6: array([583.53696993]), 7: array([583.53683247]), 8: array([583.53648714]), 9: array([583.5371163])}
2025-05-12 15:53:57,590 - DEBUG - util_fusion - fusion_dual_defense - client 0 norm scores: {0: array([0.36447414]), 1: array([0.14981802]), 2: array([1.]), 3: array([0.]), 4: array([0.21719888]), 5: array([0.18063661]), 6: array([0.70598065]), 7: array([0.680384]), 8: array([0.61607926]), 9: array([0.73323744])}
2025-05-12 15:53:57,590 - DEBUG - util_fusion - fusion_dual_defense - client 0 similarity threshold: 0.4647809001117918
2025-05-12 15:53:57,590 - INFO - util_fusion - fusion_dual_defense - client 0 selected fusion benigns: [2, 6, 7, 8, 9]
2025-05-12 15:53:57,599 - DEBUG - util_fusion - fusion_dual_defense - client 1 scores: {0: array([583.53513597]), 1: array([583.53398323]), 2: array([583.53854887]), 3: array([583.53317868]), 4: array([583.53434508]), 5: array([583.53414873]), 6: array([583.53696993]), 7: array([583.53683247]), 8: array([583.53648714]), 9: array([583.5371163])}
2025-05-12 15:53:57,599 - DEBUG - util_fusion - fusion_dual_defense - client 1 norm scores: {0: array([0.36447414]), 1: array([0.14981802]), 2: array([1.]), 3: array([0.]), 4: array([0.21719888]), 5: array([0.18063661]), 6: array([0.70598065]), 7: array([0.680384]), 8: array([0.61607926]), 9: array([0.73323744])}
2025-05-12 15:53:57,599 - DEBUG - util_fusion - fusion_dual_defense - client 1 similarity threshold: 0.4647809001117918
2025-05-12 15:53:57,599 - INFO - util_fusion - fusion_dual_defense - client 1 selected fusion benigns: [2, 6, 7, 8, 9]
2025-05-12 15:53:57,608 - DEBUG - util_fusion - fusion_dual_defense - client 2 scores: {0: array([583.53513597]), 1: array([583.53398323]), 2: array([583.53854887]), 3: array([583.53317868]), 4: array([583.53434508]), 5: array([583.53414873]), 6: array([583.53696993]), 7: array([583.53683247]), 8: array([583.53648714]), 9: array([583.5371163])}
2025-05-12 15:53:57,608 - DEBUG - util_fusion - fusion_dual_defense - client 2 norm scores: {0: array([0.36447414]), 1: array([0.14981802]), 2: array([1.]), 3: array([0.]), 4: array([0.21719888]), 5: array([0.18063661]), 6: array([0.70598065]), 7: array([0.680384]), 8: array([0.61607926]), 9: array([0.73323744])}
2025-05-12 15:53:57,608 - DEBUG - util_fusion - fusion_dual_defense - client 2 similarity threshold: 0.4647809001117918
2025-05-12 15:53:57,608 - INFO - util_fusion - fusion_dual_defense - client 2 selected fusion benigns: [2, 6, 7, 8, 9]
2025-05-12 15:53:57,617 - DEBUG - util_fusion - fusion_dual_defense - client 3 scores: {0: array([583.53513597]), 1: array([583.53398323]), 2: array([583.53854887]), 3: array([583.53317868]), 4: array([583.53434508]), 5: array([583.53414873]), 6: array([583.53696993]), 7: array([583.53683247]), 8: array([583.53648714]), 9: array([583.5371163])}
2025-05-12 15:53:57,617 - DEBUG - util_fusion - fusion_dual_defense - client 3 norm scores: {0: array([0.36447414]), 1: array([0.14981802]), 2: array([1.]), 3: array([0.]), 4: array([0.21719888]), 5: array([0.18063661]), 6: array([0.70598065]), 7: array([0.680384]), 8: array([0.61607926]), 9: array([0.73323744])}
2025-05-12 15:53:57,617 - DEBUG - util_fusion - fusion_dual_defense - client 3 similarity threshold: 0.4647809001117918
2025-05-12 15:53:57,617 - INFO - util_fusion - fusion_dual_defense - client 3 selected fusion benigns: [2, 6, 7, 8, 9]
2025-05-12 15:53:57,626 - DEBUG - util_fusion - fusion_dual_defense - client 4 scores: {0: array([583.53513597]), 1: array([583.53398323]), 2: array([583.53854887]), 3: array([583.53317868]), 4: array([583.53434508]), 5: array([583.53414873]), 6: array([583.53696993]), 7: array([583.53683247]), 8: array([583.53648714]), 9: array([583.5371163])}
2025-05-12 15:53:57,626 - DEBUG - util_fusion - fusion_dual_defense - client 4 norm scores: {0: array([0.36447414]), 1: array([0.14981802]), 2: array([1.]), 3: array([0.]), 4: array([0.21719888]), 5: array([0.18063661]), 6: array([0.70598065]), 7: array([0.680384]), 8: array([0.61607926]), 9: array([0.73323744])}
2025-05-12 15:53:57,626 - DEBUG - util_fusion - fusion_dual_defense - client 4 similarity threshold: 0.4647809001117918
2025-05-12 15:53:57,626 - INFO - util_fusion - fusion_dual_defense - client 4 selected fusion benigns: [2, 6, 7, 8, 9]
2025-05-12 15:53:57,635 - DEBUG - util_fusion - fusion_dual_defense - client 5 scores: {0: array([583.53513597]), 1: array([583.53398323]), 2: array([583.53854887]), 3: array([583.53317868]), 4: array([583.53434508]), 5: array([583.53414873]), 6: array([583.53696993]), 7: array([583.53683247]), 8: array([583.53648714]), 9: array([583.5371163])}
2025-05-12 15:53:57,635 - DEBUG - util_fusion - fusion_dual_defense - client 5 norm scores: {0: array([0.36447414]), 1: array([0.14981802]), 2: array([1.]), 3: array([0.]), 4: array([0.21719888]), 5: array([0.18063661]), 6: array([0.70598065]), 7: array([0.680384]), 8: array([0.61607926]), 9: array([0.73323744])}
2025-05-12 15:53:57,635 - DEBUG - util_fusion - fusion_dual_defense - client 5 similarity threshold: 0.4647809001117918
2025-05-12 15:53:57,636 - INFO - util_fusion - fusion_dual_defense - client 5 selected fusion benigns: [2, 6, 7, 8, 9]
2025-05-12 15:53:57,644 - DEBUG - util_fusion - fusion_dual_defense - client 6 scores: {0: array([583.53513597]), 1: array([583.53398323]), 2: array([583.53854887]), 3: array([583.53317868]), 4: array([583.53434508]), 5: array([583.53414873]), 6: array([583.53696993]), 7: array([583.53683247]), 8: array([583.53648714]), 9: array([583.5371163])}
2025-05-12 15:53:57,644 - DEBUG - util_fusion - fusion_dual_defense - client 6 norm scores: {0: array([0.36447414]), 1: array([0.14981802]), 2: array([1.]), 3: array([0.]), 4: array([0.21719888]), 5: array([0.18063661]), 6: array([0.70598065]), 7: array([0.680384]), 8: array([0.61607926]), 9: array([0.73323744])}
2025-05-12 15:53:57,644 - DEBUG - util_fusion - fusion_dual_defense - client 6 similarity threshold: 0.4647809001117918
2025-05-12 15:53:57,645 - INFO - util_fusion - fusion_dual_defense - client 6 selected fusion benigns: [2, 6, 7, 8, 9]
2025-05-12 15:53:57,653 - DEBUG - util_fusion - fusion_dual_defense - client 7 scores: {0: array([583.53513597]), 1: array([583.53398323]), 2: array([583.53854887]), 3: array([583.53317868]), 4: array([583.53434508]), 5: array([583.53414873]), 6: array([583.53696993]), 7: array([583.53683247]), 8: array([583.53648714]), 9: array([583.5371163])}
2025-05-12 15:53:57,653 - DEBUG - util_fusion - fusion_dual_defense - client 7 norm scores: {0: array([0.36447414]), 1: array([0.14981802]), 2: array([1.]), 3: array([0.]), 4: array([0.21719888]), 5: array([0.18063661]), 6: array([0.70598065]), 7: array([0.680384]), 8: array([0.61607926]), 9: array([0.73323744])}
2025-05-12 15:53:57,653 - DEBUG - util_fusion - fusion_dual_defense - client 7 similarity threshold: 0.4647809001117918
2025-05-12 15:53:57,654 - INFO - util_fusion - fusion_dual_defense - client 7 selected fusion benigns: [2, 6, 7, 8, 9]
2025-05-12 15:53:57,662 - DEBUG - util_fusion - fusion_dual_defense - client 8 scores: {0: array([583.53513597]), 1: array([583.53398323]), 2: array([583.53854887]), 3: array([583.53317868]), 4: array([583.53434508]), 5: array([583.53414873]), 6: array([583.53696993]), 7: array([583.53683247]), 8: array([583.53648714]), 9: array([583.5371163])}
2025-05-12 15:53:57,662 - DEBUG - util_fusion - fusion_dual_defense - client 8 norm scores: {0: array([0.36447414]), 1: array([0.14981802]), 2: array([1.]), 3: array([0.]), 4: array([0.21719888]), 5: array([0.18063661]), 6: array([0.70598065]), 7: array([0.680384]), 8: array([0.61607926]), 9: array([0.73323744])}
2025-05-12 15:53:57,663 - DEBUG - util_fusion - fusion_dual_defense - client 8 similarity threshold: 0.4647809001117918
2025-05-12 15:53:57,663 - INFO - util_fusion - fusion_dual_defense - client 8 selected fusion benigns: [2, 6, 7, 8, 9]
2025-05-12 15:53:57,671 - DEBUG - util_fusion - fusion_dual_defense - client 9 scores: {0: array([583.53513597]), 1: array([583.53398323]), 2: array([583.53854887]), 3: array([583.53317868]), 4: array([583.53434508]), 5: array([583.53414873]), 6: array([583.53696993]), 7: array([583.53683247]), 8: array([583.53648714]), 9: array([583.5371163])}
2025-05-12 15:53:57,672 - DEBUG - util_fusion - fusion_dual_defense - client 9 norm scores: {0: array([0.36447414]), 1: array([0.14981802]), 2: array([1.]), 3: array([0.]), 4: array([0.21719888]), 5: array([0.18063661]), 6: array([0.70598065]), 7: array([0.680384]), 8: array([0.61607926]), 9: array([0.73323744])}
2025-05-12 15:53:57,672 - DEBUG - util_fusion - fusion_dual_defense - client 9 similarity threshold: 0.4647809001117918
2025-05-12 15:53:57,672 - INFO - util_fusion - fusion_dual_defense - client 9 selected fusion benigns: [2, 6, 7, 8, 9]
2025-05-12 15:53:57,672 - DEBUG - util_fusion - fusion_dual_defense - final fusion benigns: (2, 6, 7, 8, 9)
2025-05-12 15:53:59,360 - INFO - fl - start - global side -  test accuracy: 11.35
2025-05-12 15:53:59,360 - INFO - fl - start - global side iteration 10 -  test accuracy: 11.35
2025-05-12 15:53:59,360 - INFO - fl - start - start training round 11
2025-05-12 15:53:59,362 - INFO - fl - start - round 11 attackers: [1, 8]
2025-05-12 15:53:59,362 - INFO - fl - start - start client 0 training
2025-05-12 15:53:59,362 - INFO - fl - client_local_train - client 0 start local training ...
2025-05-12 15:54:03,561 - INFO - fl - start - end client 0 training
2025-05-12 15:54:03,561 - INFO - fl - start - client 0 evaluation metrics: {'train_loss': 1.4598494628807166, 'test_acc': 9.82}
2025-05-12 15:54:03,561 - INFO - fl - start - start client 1 training
2025-05-12 15:54:03,561 - INFO - fl - client_local_train - client 1 start local training ...
2025-05-12 15:54:04,984 - INFO - fl - client_local_train - client 1 is attacker, start poisoning model
2025-05-12 15:54:08,505 - INFO - fl - start - end client 1 training
2025-05-12 15:54:08,505 - INFO - fl - start - client 1 evaluation metrics: {'train_loss': 5.727563614845276, 'test_acc': 9.58}
2025-05-12 15:54:08,505 - INFO - fl - start - start client 2 training
2025-05-12 15:54:08,505 - INFO - fl - client_local_train - client 2 start local training ...
2025-05-12 15:54:16,519 - INFO - fl - start - end client 2 training
2025-05-12 15:54:16,519 - INFO - fl - start - client 2 evaluation metrics: {'train_loss': 1.715083854066001, 'test_acc': 9.74}
2025-05-12 15:54:16,519 - INFO - fl - start - start client 3 training
2025-05-12 15:54:16,519 - INFO - fl - client_local_train - client 3 start local training ...
2025-05-12 15:54:18,907 - INFO - fl - start - end client 3 training
2025-05-12 15:54:18,907 - INFO - fl - start - client 3 evaluation metrics: {'train_loss': 1.6356231097517342, 'test_acc': 11.35}
2025-05-12 15:54:18,907 - INFO - fl - start - start client 4 training
2025-05-12 15:54:18,907 - INFO - fl - client_local_train - client 4 start local training ...
2025-05-12 15:54:22,384 - INFO - fl - start - end client 4 training
2025-05-12 15:54:22,384 - INFO - fl - start - client 4 evaluation metrics: {'train_loss': 1.784822336558638, 'test_acc': 9.58}
2025-05-12 15:54:22,384 - INFO - fl - start - start client 5 training
2025-05-12 15:54:22,384 - INFO - fl - client_local_train - client 5 start local training ...
2025-05-12 15:54:25,726 - INFO - fl - start - end client 5 training
2025-05-12 15:54:25,726 - INFO - fl - start - client 5 evaluation metrics: {'train_loss': 1.324634971442046, 'test_acc': 10.32}
2025-05-12 15:54:25,726 - INFO - fl - start - start client 6 training
2025-05-12 15:54:25,726 - INFO - fl - client_local_train - client 6 start local training ...
2025-05-12 15:54:31,784 - INFO - fl - start - end client 6 training
2025-05-12 15:54:31,784 - INFO - fl - start - client 6 evaluation metrics: {'train_loss': 1.7322987017669076, 'test_acc': 9.8}
2025-05-12 15:54:31,784 - INFO - fl - start - start client 7 training
2025-05-12 15:54:31,784 - INFO - fl - client_local_train - client 7 start local training ...
2025-05-12 15:54:37,728 - INFO - fl - start - end client 7 training
2025-05-12 15:54:37,728 - INFO - fl - start - client 7 evaluation metrics: {'train_loss': 1.448709221616868, 'test_acc': 10.32}
2025-05-12 15:54:37,728 - INFO - fl - start - start client 8 training
2025-05-12 15:54:37,728 - INFO - fl - client_local_train - client 8 start local training ...
2025-05-12 15:54:40,873 - INFO - fl - client_local_train - client 8 is attacker, start poisoning model
2025-05-12 15:54:45,422 - INFO - fl - start - end client 8 training
2025-05-12 15:54:45,422 - INFO - fl - start - client 8 evaluation metrics: {'train_loss': 5.936732084100897, 'test_acc': 10.28}
2025-05-12 15:54:45,422 - INFO - fl - start - start client 9 training
2025-05-12 15:54:45,422 - INFO - fl - client_local_train - client 9 start local training ...
2025-05-12 15:54:51,685 - INFO - fl - start - end client 9 training
2025-05-12 15:54:51,686 - INFO - fl - start - client 9 evaluation metrics: {'train_loss': 1.5107189793335765, 'test_acc': 10.09}
2025-05-12 15:54:51,686 - INFO - fl - aggregate_model - start model aggregation...fusion method: dual_defense
2025-05-12 15:54:51,686 - INFO - fl - aggregate_model - start hyper-guard fusion with epsilon 0.01
2025-05-12 15:54:51,686 - INFO - fl - aggregate_model - round 11 attackers: [8, 1]
2025-05-12 15:55:02,433 - DEBUG - util_fusion - fusion_dual_defense - client 0 scores: {0: array([13.34205883]), 1: array([13.34203615]), 2: array([13.34214594]), 3: array([13.34202299]), 4: array([13.34204264]), 5: array([13.342039]), 6: array([13.34209944]), 7: array([13.34209586]), 8: array([13.34208486]), 9: array([13.3421045])}
2025-05-12 15:55:02,433 - DEBUG - util_fusion - fusion_dual_defense - client 0 norm scores: {0: array([0.29150383]), 1: array([0.10700372]), 2: array([1.]), 3: array([0.]), 4: array([0.15985616]), 5: array([0.13019689]), 6: array([0.62177981]), 7: array([0.59264161]), 8: array([0.50321596]), 9: array([0.66298401])}
2025-05-12 15:55:02,434 - DEBUG - util_fusion - fusion_dual_defense - client 0 similarity threshold: 0.4069181995964389
2025-05-12 15:55:02,434 - INFO - util_fusion - fusion_dual_defense - client 0 selected fusion benigns: [2, 6, 7, 8, 9]
2025-05-12 15:55:02,442 - DEBUG - util_fusion - fusion_dual_defense - client 1 scores: {0: array([13.34205883]), 1: array([13.34203615]), 2: array([13.34214594]), 3: array([13.34202299]), 4: array([13.34204264]), 5: array([13.342039]), 6: array([13.34209944]), 7: array([13.34209586]), 8: array([13.34208486]), 9: array([13.3421045])}
2025-05-12 15:55:02,443 - DEBUG - util_fusion - fusion_dual_defense - client 1 norm scores: {0: array([0.29150383]), 1: array([0.10700372]), 2: array([1.]), 3: array([0.]), 4: array([0.15985616]), 5: array([0.13019689]), 6: array([0.62177981]), 7: array([0.59264161]), 8: array([0.50321596]), 9: array([0.66298401])}
2025-05-12 15:55:02,443 - DEBUG - util_fusion - fusion_dual_defense - client 1 similarity threshold: 0.4069181995964389
2025-05-12 15:55:02,443 - INFO - util_fusion - fusion_dual_defense - client 1 selected fusion benigns: [2, 6, 7, 8, 9]
2025-05-12 15:55:02,451 - DEBUG - util_fusion - fusion_dual_defense - client 2 scores: {0: array([13.34205883]), 1: array([13.34203615]), 2: array([13.34214594]), 3: array([13.34202299]), 4: array([13.34204264]), 5: array([13.342039]), 6: array([13.34209944]), 7: array([13.34209586]), 8: array([13.34208486]), 9: array([13.3421045])}
2025-05-12 15:55:02,452 - DEBUG - util_fusion - fusion_dual_defense - client 2 norm scores: {0: array([0.29150383]), 1: array([0.10700372]), 2: array([1.]), 3: array([0.]), 4: array([0.15985616]), 5: array([0.13019689]), 6: array([0.62177981]), 7: array([0.59264161]), 8: array([0.50321596]), 9: array([0.66298401])}
2025-05-12 15:55:02,452 - DEBUG - util_fusion - fusion_dual_defense - client 2 similarity threshold: 0.4069181995964389
2025-05-12 15:55:02,452 - INFO - util_fusion - fusion_dual_defense - client 2 selected fusion benigns: [2, 6, 7, 8, 9]
2025-05-12 15:55:02,460 - DEBUG - util_fusion - fusion_dual_defense - client 3 scores: {0: array([13.34205883]), 1: array([13.34203615]), 2: array([13.34214594]), 3: array([13.34202299]), 4: array([13.34204264]), 5: array([13.342039]), 6: array([13.34209944]), 7: array([13.34209586]), 8: array([13.34208486]), 9: array([13.3421045])}
2025-05-12 15:55:02,461 - DEBUG - util_fusion - fusion_dual_defense - client 3 norm scores: {0: array([0.29150383]), 1: array([0.10700372]), 2: array([1.]), 3: array([0.]), 4: array([0.15985616]), 5: array([0.13019689]), 6: array([0.62177981]), 7: array([0.59264161]), 8: array([0.50321596]), 9: array([0.66298401])}
2025-05-12 15:55:02,461 - DEBUG - util_fusion - fusion_dual_defense - client 3 similarity threshold: 0.4069181995964389
2025-05-12 15:55:02,461 - INFO - util_fusion - fusion_dual_defense - client 3 selected fusion benigns: [2, 6, 7, 8, 9]
2025-05-12 15:55:02,469 - DEBUG - util_fusion - fusion_dual_defense - client 4 scores: {0: array([13.34205883]), 1: array([13.34203615]), 2: array([13.34214594]), 3: array([13.34202299]), 4: array([13.34204264]), 5: array([13.342039]), 6: array([13.34209944]), 7: array([13.34209586]), 8: array([13.34208486]), 9: array([13.3421045])}
2025-05-12 15:55:02,470 - DEBUG - util_fusion - fusion_dual_defense - client 4 norm scores: {0: array([0.29150383]), 1: array([0.10700372]), 2: array([1.]), 3: array([0.]), 4: array([0.15985616]), 5: array([0.13019689]), 6: array([0.62177981]), 7: array([0.59264161]), 8: array([0.50321596]), 9: array([0.66298401])}
2025-05-12 15:55:02,470 - DEBUG - util_fusion - fusion_dual_defense - client 4 similarity threshold: 0.4069181995964389
2025-05-12 15:55:02,470 - INFO - util_fusion - fusion_dual_defense - client 4 selected fusion benigns: [2, 6, 7, 8, 9]
2025-05-12 15:55:02,478 - DEBUG - util_fusion - fusion_dual_defense - client 5 scores: {0: array([13.34205883]), 1: array([13.34203615]), 2: array([13.34214594]), 3: array([13.34202299]), 4: array([13.34204264]), 5: array([13.342039]), 6: array([13.34209944]), 7: array([13.34209586]), 8: array([13.34208486]), 9: array([13.3421045])}
2025-05-12 15:55:02,479 - DEBUG - util_fusion - fusion_dual_defense - client 5 norm scores: {0: array([0.29150383]), 1: array([0.10700372]), 2: array([1.]), 3: array([0.]), 4: array([0.15985616]), 5: array([0.13019689]), 6: array([0.62177981]), 7: array([0.59264161]), 8: array([0.50321596]), 9: array([0.66298401])}
2025-05-12 15:55:02,479 - DEBUG - util_fusion - fusion_dual_defense - client 5 similarity threshold: 0.4069181995964389
2025-05-12 15:55:02,479 - INFO - util_fusion - fusion_dual_defense - client 5 selected fusion benigns: [2, 6, 7, 8, 9]
2025-05-12 15:55:02,487 - DEBUG - util_fusion - fusion_dual_defense - client 6 scores: {0: array([13.34205883]), 1: array([13.34203615]), 2: array([13.34214594]), 3: array([13.34202299]), 4: array([13.34204264]), 5: array([13.342039]), 6: array([13.34209944]), 7: array([13.34209586]), 8: array([13.34208486]), 9: array([13.3421045])}
2025-05-12 15:55:02,488 - DEBUG - util_fusion - fusion_dual_defense - client 6 norm scores: {0: array([0.29150383]), 1: array([0.10700372]), 2: array([1.]), 3: array([0.]), 4: array([0.15985616]), 5: array([0.13019689]), 6: array([0.62177981]), 7: array([0.59264161]), 8: array([0.50321596]), 9: array([0.66298401])}
2025-05-12 15:55:02,488 - DEBUG - util_fusion - fusion_dual_defense - client 6 similarity threshold: 0.4069181995964389
2025-05-12 15:55:02,488 - INFO - util_fusion - fusion_dual_defense - client 6 selected fusion benigns: [2, 6, 7, 8, 9]
2025-05-12 15:55:02,497 - DEBUG - util_fusion - fusion_dual_defense - client 7 scores: {0: array([13.34205883]), 1: array([13.34203615]), 2: array([13.34214594]), 3: array([13.34202299]), 4: array([13.34204264]), 5: array([13.342039]), 6: array([13.34209944]), 7: array([13.34209586]), 8: array([13.34208486]), 9: array([13.3421045])}
2025-05-12 15:55:02,497 - DEBUG - util_fusion - fusion_dual_defense - client 7 norm scores: {0: array([0.29150383]), 1: array([0.10700372]), 2: array([1.]), 3: array([0.]), 4: array([0.15985616]), 5: array([0.13019689]), 6: array([0.62177981]), 7: array([0.59264161]), 8: array([0.50321596]), 9: array([0.66298401])}
2025-05-12 15:55:02,497 - DEBUG - util_fusion - fusion_dual_defense - client 7 similarity threshold: 0.4069181995964389
2025-05-12 15:55:02,497 - INFO - util_fusion - fusion_dual_defense - client 7 selected fusion benigns: [2, 6, 7, 8, 9]
2025-05-12 15:55:02,506 - DEBUG - util_fusion - fusion_dual_defense - client 8 scores: {0: array([13.34205883]), 1: array([13.34203615]), 2: array([13.34214594]), 3: array([13.34202299]), 4: array([13.34204264]), 5: array([13.342039]), 6: array([13.34209944]), 7: array([13.34209586]), 8: array([13.34208486]), 9: array([13.3421045])}
2025-05-12 15:55:02,506 - DEBUG - util_fusion - fusion_dual_defense - client 8 norm scores: {0: array([0.29150383]), 1: array([0.10700372]), 2: array([1.]), 3: array([0.]), 4: array([0.15985616]), 5: array([0.13019689]), 6: array([0.62177981]), 7: array([0.59264161]), 8: array([0.50321596]), 9: array([0.66298401])}
2025-05-12 15:55:02,506 - DEBUG - util_fusion - fusion_dual_defense - client 8 similarity threshold: 0.4069181995964389
2025-05-12 15:55:02,506 - INFO - util_fusion - fusion_dual_defense - client 8 selected fusion benigns: [2, 6, 7, 8, 9]
2025-05-12 15:55:02,515 - DEBUG - util_fusion - fusion_dual_defense - client 9 scores: {0: array([13.34205883]), 1: array([13.34203615]), 2: array([13.34214594]), 3: array([13.34202299]), 4: array([13.34204264]), 5: array([13.342039]), 6: array([13.34209944]), 7: array([13.34209586]), 8: array([13.34208486]), 9: array([13.3421045])}
2025-05-12 15:55:02,515 - DEBUG - util_fusion - fusion_dual_defense - client 9 norm scores: {0: array([0.29150383]), 1: array([0.10700372]), 2: array([1.]), 3: array([0.]), 4: array([0.15985616]), 5: array([0.13019689]), 6: array([0.62177981]), 7: array([0.59264161]), 8: array([0.50321596]), 9: array([0.66298401])}
2025-05-12 15:55:02,515 - DEBUG - util_fusion - fusion_dual_defense - client 9 similarity threshold: 0.4069181995964389
2025-05-12 15:55:02,515 - INFO - util_fusion - fusion_dual_defense - client 9 selected fusion benigns: [2, 6, 7, 8, 9]
2025-05-12 15:55:02,515 - DEBUG - util_fusion - fusion_dual_defense - final fusion benigns: (2, 6, 7, 8, 9)
2025-05-12 15:55:04,205 - INFO - fl - start - global side -  test accuracy: 10.28
2025-05-12 15:55:04,205 - INFO - fl - start - global side iteration 11 -  test accuracy: 10.28
2025-05-12 15:55:04,206 - INFO - fl - start - start training round 12
2025-05-12 15:55:04,207 - INFO - fl - start - round 12 attackers: [2, 5]
2025-05-12 15:55:04,207 - INFO - fl - start - start client 0 training
2025-05-12 15:55:04,207 - INFO - fl - client_local_train - client 0 start local training ...
2025-05-12 15:55:08,406 - INFO - fl - start - end client 0 training
2025-05-12 15:55:08,406 - INFO - fl - start - client 0 evaluation metrics: {'train_loss': 1.48691315929611, 'test_acc': 9.82}
2025-05-12 15:55:08,406 - INFO - fl - start - start client 1 training
2025-05-12 15:55:08,406 - INFO - fl - client_local_train - client 1 start local training ...
2025-05-12 15:55:11,586 - INFO - fl - start - end client 1 training
2025-05-12 15:55:11,586 - INFO - fl - start - client 1 evaluation metrics: {'train_loss': 1.8170362091064454, 'test_acc': 9.58}
2025-05-12 15:55:11,586 - INFO - fl - start - start client 2 training
2025-05-12 15:55:11,586 - INFO - fl - client_local_train - client 2 start local training ...
2025-05-12 15:55:16,730 - INFO - fl - client_local_train - client 2 is attacker, start poisoning model
2025-05-12 15:55:22,471 - INFO - fl - start - end client 2 training
2025-05-12 15:55:22,471 - INFO - fl - start - client 2 evaluation metrics: {'train_loss': 5.0765310340457495, 'test_acc': 9.74}
2025-05-12 15:55:22,472 - INFO - fl - start - start client 3 training
2025-05-12 15:55:22,472 - INFO - fl - client_local_train - client 3 start local training ...
2025-05-12 15:55:24,855 - INFO - fl - start - end client 3 training
2025-05-12 15:55:24,856 - INFO - fl - start - client 3 evaluation metrics: {'train_loss': 1.8660958265436107, 'test_acc': 11.35}
2025-05-12 15:55:24,856 - INFO - fl - start - start client 4 training
2025-05-12 15:55:24,856 - INFO - fl - client_local_train - client 4 start local training ...
2025-05-12 15:55:28,328 - INFO - fl - start - end client 4 training
2025-05-12 15:55:28,328 - INFO - fl - start - client 4 evaluation metrics: {'train_loss': 1.7929692658884773, 'test_acc': 9.58}
2025-05-12 15:55:28,328 - INFO - fl - start - start client 5 training
2025-05-12 15:55:28,328 - INFO - fl - client_local_train - client 5 start local training ...
2025-05-12 15:55:29,873 - INFO - fl - client_local_train - client 5 is attacker, start poisoning model
2025-05-12 15:55:33,463 - INFO - fl - start - end client 5 training
2025-05-12 15:55:33,463 - INFO - fl - start - client 5 evaluation metrics: {'train_loss': 2.493963184180083, 'test_acc': 10.32}
2025-05-12 15:55:33,463 - INFO - fl - start - start client 6 training
2025-05-12 15:55:33,463 - INFO - fl - client_local_train - client 6 start local training ...
2025-05-12 15:55:39,510 - INFO - fl - start - end client 6 training
2025-05-12 15:55:39,511 - INFO - fl - start - client 6 evaluation metrics: {'train_loss': 1.738616163336386, 'test_acc': 9.8}
2025-05-12 15:55:39,511 - INFO - fl - start - start client 7 training
2025-05-12 15:55:39,511 - INFO - fl - client_local_train - client 7 start local training ...
2025-05-12 15:55:45,466 - INFO - fl - start - end client 7 training
2025-05-12 15:55:45,466 - INFO - fl - start - client 7 evaluation metrics: {'train_loss': 1.45539211553912, 'test_acc': 10.32}
2025-05-12 15:55:45,466 - INFO - fl - start - start client 8 training
2025-05-12 15:55:45,466 - INFO - fl - client_local_train - client 8 start local training ...
2025-05-12 15:55:50,871 - INFO - fl - start - end client 8 training
2025-05-12 15:55:50,872 - INFO - fl - start - client 8 evaluation metrics: {'train_loss': 1.8185255560007962, 'test_acc': 10.28}
2025-05-12 15:55:50,872 - INFO - fl - start - start client 9 training
2025-05-12 15:55:50,872 - INFO - fl - client_local_train - client 9 start local training ...
2025-05-12 15:55:57,140 - INFO - fl - start - end client 9 training
2025-05-12 15:55:57,140 - INFO - fl - start - client 9 evaluation metrics: {'train_loss': 1.5293536293775516, 'test_acc': 10.09}
2025-05-12 15:55:57,140 - INFO - fl - aggregate_model - start model aggregation...fusion method: dual_defense
2025-05-12 15:55:57,140 - INFO - fl - aggregate_model - start hyper-guard fusion with epsilon 0.01
2025-05-12 15:55:57,140 - INFO - fl - aggregate_model - round 12 attackers: [2, 5]
2025-05-12 15:56:07,894 - DEBUG - util_fusion - fusion_dual_defense - client 0 scores: {0: array([580.91513473]), 1: array([580.91474194]), 2: array([580.91717327]), 3: array([580.91445569]), 4: array([580.91479594]), 5: array([580.91477123]), 6: array([580.91602663]), 7: array([580.91602757]), 8: array([580.91574992]), 9: array([580.91622698])}
2025-05-12 15:56:07,895 - DEBUG - util_fusion - fusion_dual_defense - client 0 norm scores: {0: array([0.24986992]), 1: array([0.10533318]), 2: array([1.]), 3: array([0.]), 4: array([0.12520307]), 5: array([0.11610902]), 6: array([0.57806403]), 7: array([0.57841175]), 8: array([0.47624228]), 9: array([0.65178843])}
2025-05-12 15:56:07,895 - DEBUG - util_fusion - fusion_dual_defense - client 0 similarity threshold: 0.3881021685855647
2025-05-12 15:56:07,895 - INFO - util_fusion - fusion_dual_defense - client 0 selected fusion benigns: [2, 6, 7, 8, 9]
2025-05-12 15:56:07,904 - DEBUG - util_fusion - fusion_dual_defense - client 1 scores: {0: array([580.91513473]), 1: array([580.91474194]), 2: array([580.91717327]), 3: array([580.91445569]), 4: array([580.91479594]), 5: array([580.91477123]), 6: array([580.91602663]), 7: array([580.91602757]), 8: array([580.91574992]), 9: array([580.91622698])}
2025-05-12 15:56:07,904 - DEBUG - util_fusion - fusion_dual_defense - client 1 norm scores: {0: array([0.24986992]), 1: array([0.10533318]), 2: array([1.]), 3: array([0.]), 4: array([0.12520307]), 5: array([0.11610902]), 6: array([0.57806403]), 7: array([0.57841175]), 8: array([0.47624228]), 9: array([0.65178843])}
2025-05-12 15:56:07,904 - DEBUG - util_fusion - fusion_dual_defense - client 1 similarity threshold: 0.3881021685855647
2025-05-12 15:56:07,904 - INFO - util_fusion - fusion_dual_defense - client 1 selected fusion benigns: [2, 6, 7, 8, 9]
2025-05-12 15:56:07,913 - DEBUG - util_fusion - fusion_dual_defense - client 2 scores: {0: array([580.91513473]), 1: array([580.91474194]), 2: array([580.91717327]), 3: array([580.91445569]), 4: array([580.91479594]), 5: array([580.91477123]), 6: array([580.91602663]), 7: array([580.91602757]), 8: array([580.91574992]), 9: array([580.91622698])}
2025-05-12 15:56:07,913 - DEBUG - util_fusion - fusion_dual_defense - client 2 norm scores: {0: array([0.24986992]), 1: array([0.10533318]), 2: array([1.]), 3: array([0.]), 4: array([0.12520307]), 5: array([0.11610902]), 6: array([0.57806403]), 7: array([0.57841175]), 8: array([0.47624228]), 9: array([0.65178843])}
2025-05-12 15:56:07,914 - DEBUG - util_fusion - fusion_dual_defense - client 2 similarity threshold: 0.3881021685855647
2025-05-12 15:56:07,914 - INFO - util_fusion - fusion_dual_defense - client 2 selected fusion benigns: [2, 6, 7, 8, 9]
2025-05-12 15:56:07,922 - DEBUG - util_fusion - fusion_dual_defense - client 3 scores: {0: array([580.91513473]), 1: array([580.91474194]), 2: array([580.91717327]), 3: array([580.91445569]), 4: array([580.91479594]), 5: array([580.91477123]), 6: array([580.91602663]), 7: array([580.91602757]), 8: array([580.91574992]), 9: array([580.91622698])}
2025-05-12 15:56:07,922 - DEBUG - util_fusion - fusion_dual_defense - client 3 norm scores: {0: array([0.24986992]), 1: array([0.10533318]), 2: array([1.]), 3: array([0.]), 4: array([0.12520307]), 5: array([0.11610902]), 6: array([0.57806403]), 7: array([0.57841175]), 8: array([0.47624228]), 9: array([0.65178843])}
2025-05-12 15:56:07,923 - DEBUG - util_fusion - fusion_dual_defense - client 3 similarity threshold: 0.3881021685855647
2025-05-12 15:56:07,923 - INFO - util_fusion - fusion_dual_defense - client 3 selected fusion benigns: [2, 6, 7, 8, 9]
2025-05-12 15:56:07,931 - DEBUG - util_fusion - fusion_dual_defense - client 4 scores: {0: array([580.91513473]), 1: array([580.91474194]), 2: array([580.91717327]), 3: array([580.91445569]), 4: array([580.91479594]), 5: array([580.91477123]), 6: array([580.91602663]), 7: array([580.91602757]), 8: array([580.91574992]), 9: array([580.91622698])}
2025-05-12 15:56:07,932 - DEBUG - util_fusion - fusion_dual_defense - client 4 norm scores: {0: array([0.24986992]), 1: array([0.10533318]), 2: array([1.]), 3: array([0.]), 4: array([0.12520307]), 5: array([0.11610902]), 6: array([0.57806403]), 7: array([0.57841175]), 8: array([0.47624228]), 9: array([0.65178843])}
2025-05-12 15:56:07,932 - DEBUG - util_fusion - fusion_dual_defense - client 4 similarity threshold: 0.3881021685855647
2025-05-12 15:56:07,932 - INFO - util_fusion - fusion_dual_defense - client 4 selected fusion benigns: [2, 6, 7, 8, 9]
2025-05-12 15:56:07,940 - DEBUG - util_fusion - fusion_dual_defense - client 5 scores: {0: array([580.91513473]), 1: array([580.91474194]), 2: array([580.91717327]), 3: array([580.91445569]), 4: array([580.91479594]), 5: array([580.91477123]), 6: array([580.91602663]), 7: array([580.91602757]), 8: array([580.91574992]), 9: array([580.91622698])}
2025-05-12 15:56:07,941 - DEBUG - util_fusion - fusion_dual_defense - client 5 norm scores: {0: array([0.24986992]), 1: array([0.10533318]), 2: array([1.]), 3: array([0.]), 4: array([0.12520307]), 5: array([0.11610902]), 6: array([0.57806403]), 7: array([0.57841175]), 8: array([0.47624228]), 9: array([0.65178843])}
2025-05-12 15:56:07,941 - DEBUG - util_fusion - fusion_dual_defense - client 5 similarity threshold: 0.3881021685855647
2025-05-12 15:56:07,941 - INFO - util_fusion - fusion_dual_defense - client 5 selected fusion benigns: [2, 6, 7, 8, 9]
2025-05-12 15:56:07,949 - DEBUG - util_fusion - fusion_dual_defense - client 6 scores: {0: array([580.91513473]), 1: array([580.91474194]), 2: array([580.91717327]), 3: array([580.91445569]), 4: array([580.91479594]), 5: array([580.91477123]), 6: array([580.91602663]), 7: array([580.91602757]), 8: array([580.91574992]), 9: array([580.91622698])}
2025-05-12 15:56:07,949 - DEBUG - util_fusion - fusion_dual_defense - client 6 norm scores: {0: array([0.24986992]), 1: array([0.10533318]), 2: array([1.]), 3: array([0.]), 4: array([0.12520307]), 5: array([0.11610902]), 6: array([0.57806403]), 7: array([0.57841175]), 8: array([0.47624228]), 9: array([0.65178843])}
2025-05-12 15:56:07,950 - DEBUG - util_fusion - fusion_dual_defense - client 6 similarity threshold: 0.3881021685855647
2025-05-12 15:56:07,950 - INFO - util_fusion - fusion_dual_defense - client 6 selected fusion benigns: [2, 6, 7, 8, 9]
2025-05-12 15:56:07,958 - DEBUG - util_fusion - fusion_dual_defense - client 7 scores: {0: array([580.91513473]), 1: array([580.91474194]), 2: array([580.91717327]), 3: array([580.91445569]), 4: array([580.91479594]), 5: array([580.91477123]), 6: array([580.91602663]), 7: array([580.91602757]), 8: array([580.91574992]), 9: array([580.91622698])}
2025-05-12 15:56:07,958 - DEBUG - util_fusion - fusion_dual_defense - client 7 norm scores: {0: array([0.24986992]), 1: array([0.10533318]), 2: array([1.]), 3: array([0.]), 4: array([0.12520307]), 5: array([0.11610902]), 6: array([0.57806403]), 7: array([0.57841175]), 8: array([0.47624228]), 9: array([0.65178843])}
2025-05-12 15:56:07,959 - DEBUG - util_fusion - fusion_dual_defense - client 7 similarity threshold: 0.3881021685855647
2025-05-12 15:56:07,959 - INFO - util_fusion - fusion_dual_defense - client 7 selected fusion benigns: [2, 6, 7, 8, 9]
2025-05-12 15:56:07,967 - DEBUG - util_fusion - fusion_dual_defense - client 8 scores: {0: array([580.91513473]), 1: array([580.91474194]), 2: array([580.91717327]), 3: array([580.91445569]), 4: array([580.91479594]), 5: array([580.91477123]), 6: array([580.91602663]), 7: array([580.91602757]), 8: array([580.91574992]), 9: array([580.91622698])}
2025-05-12 15:56:07,967 - DEBUG - util_fusion - fusion_dual_defense - client 8 norm scores: {0: array([0.24986992]), 1: array([0.10533318]), 2: array([1.]), 3: array([0.]), 4: array([0.12520307]), 5: array([0.11610902]), 6: array([0.57806403]), 7: array([0.57841175]), 8: array([0.47624228]), 9: array([0.65178843])}
2025-05-12 15:56:07,967 - DEBUG - util_fusion - fusion_dual_defense - client 8 similarity threshold: 0.3881021685855647
2025-05-12 15:56:07,968 - INFO - util_fusion - fusion_dual_defense - client 8 selected fusion benigns: [2, 6, 7, 8, 9]
2025-05-12 15:56:07,976 - DEBUG - util_fusion - fusion_dual_defense - client 9 scores: {0: array([580.91513473]), 1: array([580.91474194]), 2: array([580.91717327]), 3: array([580.91445569]), 4: array([580.91479594]), 5: array([580.91477123]), 6: array([580.91602663]), 7: array([580.91602757]), 8: array([580.91574992]), 9: array([580.91622698])}
2025-05-12 15:56:07,976 - DEBUG - util_fusion - fusion_dual_defense - client 9 norm scores: {0: array([0.24986992]), 1: array([0.10533318]), 2: array([1.]), 3: array([0.]), 4: array([0.12520307]), 5: array([0.11610902]), 6: array([0.57806403]), 7: array([0.57841175]), 8: array([0.47624228]), 9: array([0.65178843])}
2025-05-12 15:56:07,976 - DEBUG - util_fusion - fusion_dual_defense - client 9 similarity threshold: 0.3881021685855647
2025-05-12 15:56:07,976 - INFO - util_fusion - fusion_dual_defense - client 9 selected fusion benigns: [2, 6, 7, 8, 9]
2025-05-12 15:56:07,977 - DEBUG - util_fusion - fusion_dual_defense - final fusion benigns: (2, 6, 7, 8, 9)
2025-05-12 15:56:09,668 - INFO - fl - start - global side -  test accuracy: 9.74
2025-05-12 15:56:09,668 - INFO - fl - start - global side iteration 12 -  test accuracy: 9.74
2025-05-12 15:56:09,669 - INFO - fl - start - start training round 13
2025-05-12 15:56:09,670 - INFO - fl - start - round 13 attackers: [5, 8]
2025-05-12 15:56:09,670 - INFO - fl - start - start client 0 training
2025-05-12 15:56:09,670 - INFO - fl - client_local_train - client 0 start local training ...
2025-05-12 15:56:13,859 - INFO - fl - start - end client 0 training
2025-05-12 15:56:13,859 - INFO - fl - start - client 0 evaluation metrics: {'train_loss': 1.6798043452300035, 'test_acc': 9.82}
2025-05-12 15:56:13,859 - INFO - fl - start - start client 1 training
2025-05-12 15:56:13,859 - INFO - fl - client_local_train - client 1 start local training ...
2025-05-12 15:56:17,029 - INFO - fl - start - end client 1 training
2025-05-12 15:56:17,029 - INFO - fl - start - client 1 evaluation metrics: {'train_loss': 2.901773843765259, 'test_acc': 9.58}
2025-05-12 15:56:17,029 - INFO - fl - start - start client 2 training
2025-05-12 15:56:17,029 - INFO - fl - client_local_train - client 2 start local training ...
2025-05-12 15:56:25,035 - INFO - fl - start - end client 2 training
2025-05-12 15:56:25,036 - INFO - fl - start - client 2 evaluation metrics: {'train_loss': 1.7189701908164554, 'test_acc': 9.74}
2025-05-12 15:56:25,036 - INFO - fl - start - start client 3 training
2025-05-12 15:56:25,036 - INFO - fl - client_local_train - client 3 start local training ...
2025-05-12 15:56:27,416 - INFO - fl - start - end client 3 training
2025-05-12 15:56:27,416 - INFO - fl - start - client 3 evaluation metrics: {'train_loss': 4.232688821595291, 'test_acc': 11.35}
2025-05-12 15:56:27,416 - INFO - fl - start - start client 4 training
2025-05-12 15:56:27,416 - INFO - fl - client_local_train - client 4 start local training ...
2025-05-12 15:56:30,885 - INFO - fl - start - end client 4 training
2025-05-12 15:56:30,885 - INFO - fl - start - client 4 evaluation metrics: {'train_loss': 2.6784123922216483, 'test_acc': 9.58}
2025-05-12 15:56:30,885 - INFO - fl - start - start client 5 training
2025-05-12 15:56:30,885 - INFO - fl - client_local_train - client 5 start local training ...
2025-05-12 15:56:32,430 - INFO - fl - client_local_train - client 5 is attacker, start poisoning model
2025-05-12 15:56:36,013 - INFO - fl - start - end client 5 training
2025-05-12 15:56:36,014 - INFO - fl - start - client 5 evaluation metrics: {'train_loss': 1.551228196532638, 'test_acc': 10.32}
2025-05-12 15:56:36,014 - INFO - fl - start - start client 6 training
2025-05-12 15:56:36,014 - INFO - fl - client_local_train - client 6 start local training ...
2025-05-12 15:56:42,047 - INFO - fl - start - end client 6 training
2025-05-12 15:56:42,047 - INFO - fl - start - client 6 evaluation metrics: {'train_loss': 1.8038895749670314, 'test_acc': 9.8}
2025-05-12 15:56:42,047 - INFO - fl - start - start client 7 training
2025-05-12 15:56:42,047 - INFO - fl - client_local_train - client 7 start local training ...
2025-05-12 15:56:47,976 - INFO - fl - start - end client 7 training
2025-05-12 15:56:47,976 - INFO - fl - start - client 7 evaluation metrics: {'train_loss': 1.622116304213001, 'test_acc': 10.32}
2025-05-12 15:56:47,976 - INFO - fl - start - start client 8 training
2025-05-12 15:56:47,976 - INFO - fl - client_local_train - client 8 start local training ...
2025-05-12 15:56:51,105 - INFO - fl - client_local_train - client 8 is attacker, start poisoning model
2025-05-12 15:56:55,642 - INFO - fl - start - end client 8 training
2025-05-12 15:56:55,642 - INFO - fl - start - client 8 evaluation metrics: {'train_loss': 8.000905192982067, 'test_acc': 10.28}
2025-05-12 15:56:55,642 - INFO - fl - start - start client 9 training
2025-05-12 15:56:55,642 - INFO - fl - client_local_train - client 9 start local training ...
2025-05-12 15:57:02,129 - INFO - fl - start - end client 9 training
2025-05-12 15:57:02,129 - INFO - fl - start - client 9 evaluation metrics: {'train_loss': 1.654958036609162, 'test_acc': 10.09}
2025-05-12 15:57:02,130 - INFO - fl - aggregate_model - start model aggregation...fusion method: dual_defense
2025-05-12 15:57:02,130 - INFO - fl - aggregate_model - start hyper-guard fusion with epsilon 0.01
2025-05-12 15:57:02,130 - INFO - fl - aggregate_model - round 13 attackers: [8, 5]
2025-05-12 15:57:12,770 - DEBUG - util_fusion - fusion_dual_defense - client 0 scores: {0: array([647.91670181]), 1: array([647.91717573]), 2: array([647.91538084]), 3: array([647.9174486]), 4: array([647.91705913]), 5: array([647.9170727]), 6: array([647.91613394]), 7: array([647.91614911]), 8: array([647.91623108]), 9: array([647.91598139])}
2025-05-12 15:57:12,770 - DEBUG - util_fusion - fusion_dual_defense - client 0 norm scores: {0: array([0.63883978]), 1: array([0.86803253]), 2: array([0.]), 3: array([1.]), 4: array([0.81164516]), 5: array([0.8182102]), 6: array([0.36421185]), 7: array([0.3715476]), 8: array([0.41118835]), 9: array([0.29043575])}
2025-05-12 15:57:12,770 - DEBUG - util_fusion - fusion_dual_defense - client 0 similarity threshold: 0.557411121225482
2025-05-12 15:57:12,771 - INFO - util_fusion - fusion_dual_defense - client 0 selected fusion benigns: [0, 1, 3, 4, 5]
2025-05-12 15:57:12,779 - DEBUG - util_fusion - fusion_dual_defense - client 1 scores: {0: array([647.91670181]), 1: array([647.91717573]), 2: array([647.91538084]), 3: array([647.9174486]), 4: array([647.91705913]), 5: array([647.9170727]), 6: array([647.91613394]), 7: array([647.91614911]), 8: array([647.91623108]), 9: array([647.91598139])}
2025-05-12 15:57:12,779 - DEBUG - util_fusion - fusion_dual_defense - client 1 norm scores: {0: array([0.63883978]), 1: array([0.86803253]), 2: array([0.]), 3: array([1.]), 4: array([0.81164516]), 5: array([0.8182102]), 6: array([0.36421185]), 7: array([0.3715476]), 8: array([0.41118835]), 9: array([0.29043575])}
2025-05-12 15:57:12,780 - DEBUG - util_fusion - fusion_dual_defense - client 1 similarity threshold: 0.557411121225482
2025-05-12 15:57:12,780 - INFO - util_fusion - fusion_dual_defense - client 1 selected fusion benigns: [0, 1, 3, 4, 5]
2025-05-12 15:57:12,788 - DEBUG - util_fusion - fusion_dual_defense - client 2 scores: {0: array([647.91670181]), 1: array([647.91717573]), 2: array([647.91538084]), 3: array([647.9174486]), 4: array([647.91705913]), 5: array([647.9170727]), 6: array([647.91613394]), 7: array([647.91614911]), 8: array([647.91623108]), 9: array([647.91598139])}
2025-05-12 15:57:12,789 - DEBUG - util_fusion - fusion_dual_defense - client 2 norm scores: {0: array([0.63883978]), 1: array([0.86803253]), 2: array([0.]), 3: array([1.]), 4: array([0.81164516]), 5: array([0.8182102]), 6: array([0.36421185]), 7: array([0.3715476]), 8: array([0.41118835]), 9: array([0.29043575])}
2025-05-12 15:57:12,789 - DEBUG - util_fusion - fusion_dual_defense - client 2 similarity threshold: 0.557411121225482
2025-05-12 15:57:12,789 - INFO - util_fusion - fusion_dual_defense - client 2 selected fusion benigns: [0, 1, 3, 4, 5]
2025-05-12 15:57:12,797 - DEBUG - util_fusion - fusion_dual_defense - client 3 scores: {0: array([647.91670181]), 1: array([647.91717573]), 2: array([647.91538084]), 3: array([647.9174486]), 4: array([647.91705913]), 5: array([647.9170727]), 6: array([647.91613394]), 7: array([647.91614911]), 8: array([647.91623108]), 9: array([647.91598139])}
2025-05-12 15:57:12,798 - DEBUG - util_fusion - fusion_dual_defense - client 3 norm scores: {0: array([0.63883978]), 1: array([0.86803253]), 2: array([0.]), 3: array([1.]), 4: array([0.81164516]), 5: array([0.8182102]), 6: array([0.36421185]), 7: array([0.3715476]), 8: array([0.41118835]), 9: array([0.29043575])}
2025-05-12 15:57:12,798 - DEBUG - util_fusion - fusion_dual_defense - client 3 similarity threshold: 0.557411121225482
2025-05-12 15:57:12,798 - INFO - util_fusion - fusion_dual_defense - client 3 selected fusion benigns: [0, 1, 3, 4, 5]
2025-05-12 15:57:12,806 - DEBUG - util_fusion - fusion_dual_defense - client 4 scores: {0: array([647.91670181]), 1: array([647.91717573]), 2: array([647.91538084]), 3: array([647.9174486]), 4: array([647.91705913]), 5: array([647.9170727]), 6: array([647.91613394]), 7: array([647.91614911]), 8: array([647.91623108]), 9: array([647.91598139])}
2025-05-12 15:57:12,807 - DEBUG - util_fusion - fusion_dual_defense - client 4 norm scores: {0: array([0.63883978]), 1: array([0.86803253]), 2: array([0.]), 3: array([1.]), 4: array([0.81164516]), 5: array([0.8182102]), 6: array([0.36421185]), 7: array([0.3715476]), 8: array([0.41118835]), 9: array([0.29043575])}
2025-05-12 15:57:12,807 - DEBUG - util_fusion - fusion_dual_defense - client 4 similarity threshold: 0.557411121225482
2025-05-12 15:57:12,807 - INFO - util_fusion - fusion_dual_defense - client 4 selected fusion benigns: [0, 1, 3, 4, 5]
2025-05-12 15:57:12,815 - DEBUG - util_fusion - fusion_dual_defense - client 5 scores: {0: array([647.91670181]), 1: array([647.91717573]), 2: array([647.91538084]), 3: array([647.9174486]), 4: array([647.91705913]), 5: array([647.9170727]), 6: array([647.91613394]), 7: array([647.91614911]), 8: array([647.91623108]), 9: array([647.91598139])}
2025-05-12 15:57:12,816 - DEBUG - util_fusion - fusion_dual_defense - client 5 norm scores: {0: array([0.63883978]), 1: array([0.86803253]), 2: array([0.]), 3: array([1.]), 4: array([0.81164516]), 5: array([0.8182102]), 6: array([0.36421185]), 7: array([0.3715476]), 8: array([0.41118835]), 9: array([0.29043575])}
2025-05-12 15:57:12,816 - DEBUG - util_fusion - fusion_dual_defense - client 5 similarity threshold: 0.557411121225482
2025-05-12 15:57:12,816 - INFO - util_fusion - fusion_dual_defense - client 5 selected fusion benigns: [0, 1, 3, 4, 5]
2025-05-12 15:57:12,824 - DEBUG - util_fusion - fusion_dual_defense - client 6 scores: {0: array([647.91670181]), 1: array([647.91717573]), 2: array([647.91538084]), 3: array([647.9174486]), 4: array([647.91705913]), 5: array([647.9170727]), 6: array([647.91613394]), 7: array([647.91614911]), 8: array([647.91623108]), 9: array([647.91598139])}
2025-05-12 15:57:12,825 - DEBUG - util_fusion - fusion_dual_defense - client 6 norm scores: {0: array([0.63883978]), 1: array([0.86803253]), 2: array([0.]), 3: array([1.]), 4: array([0.81164516]), 5: array([0.8182102]), 6: array([0.36421185]), 7: array([0.3715476]), 8: array([0.41118835]), 9: array([0.29043575])}
2025-05-12 15:57:12,825 - DEBUG - util_fusion - fusion_dual_defense - client 6 similarity threshold: 0.557411121225482
2025-05-12 15:57:12,825 - INFO - util_fusion - fusion_dual_defense - client 6 selected fusion benigns: [0, 1, 3, 4, 5]
2025-05-12 15:57:12,833 - DEBUG - util_fusion - fusion_dual_defense - client 7 scores: {0: array([647.91670181]), 1: array([647.91717573]), 2: array([647.91538084]), 3: array([647.9174486]), 4: array([647.91705913]), 5: array([647.9170727]), 6: array([647.91613394]), 7: array([647.91614911]), 8: array([647.91623108]), 9: array([647.91598139])}
2025-05-12 15:57:12,834 - DEBUG - util_fusion - fusion_dual_defense - client 7 norm scores: {0: array([0.63883978]), 1: array([0.86803253]), 2: array([0.]), 3: array([1.]), 4: array([0.81164516]), 5: array([0.8182102]), 6: array([0.36421185]), 7: array([0.3715476]), 8: array([0.41118835]), 9: array([0.29043575])}
2025-05-12 15:57:12,834 - DEBUG - util_fusion - fusion_dual_defense - client 7 similarity threshold: 0.557411121225482
2025-05-12 15:57:12,834 - INFO - util_fusion - fusion_dual_defense - client 7 selected fusion benigns: [0, 1, 3, 4, 5]
2025-05-12 15:57:12,842 - DEBUG - util_fusion - fusion_dual_defense - client 8 scores: {0: array([647.91670181]), 1: array([647.91717573]), 2: array([647.91538084]), 3: array([647.9174486]), 4: array([647.91705913]), 5: array([647.9170727]), 6: array([647.91613394]), 7: array([647.91614911]), 8: array([647.91623108]), 9: array([647.91598139])}
2025-05-12 15:57:12,843 - DEBUG - util_fusion - fusion_dual_defense - client 8 norm scores: {0: array([0.63883978]), 1: array([0.86803253]), 2: array([0.]), 3: array([1.]), 4: array([0.81164516]), 5: array([0.8182102]), 6: array([0.36421185]), 7: array([0.3715476]), 8: array([0.41118835]), 9: array([0.29043575])}
2025-05-12 15:57:12,843 - DEBUG - util_fusion - fusion_dual_defense - client 8 similarity threshold: 0.557411121225482
2025-05-12 15:57:12,843 - INFO - util_fusion - fusion_dual_defense - client 8 selected fusion benigns: [0, 1, 3, 4, 5]
2025-05-12 15:57:12,851 - DEBUG - util_fusion - fusion_dual_defense - client 9 scores: {0: array([647.91670181]), 1: array([647.91717573]), 2: array([647.91538084]), 3: array([647.9174486]), 4: array([647.91705913]), 5: array([647.9170727]), 6: array([647.91613394]), 7: array([647.91614911]), 8: array([647.91623108]), 9: array([647.91598139])}
2025-05-12 15:57:12,852 - DEBUG - util_fusion - fusion_dual_defense - client 9 norm scores: {0: array([0.63883978]), 1: array([0.86803253]), 2: array([0.]), 3: array([1.]), 4: array([0.81164516]), 5: array([0.8182102]), 6: array([0.36421185]), 7: array([0.3715476]), 8: array([0.41118835]), 9: array([0.29043575])}
2025-05-12 15:57:12,852 - DEBUG - util_fusion - fusion_dual_defense - client 9 similarity threshold: 0.557411121225482
2025-05-12 15:57:12,852 - INFO - util_fusion - fusion_dual_defense - client 9 selected fusion benigns: [0, 1, 3, 4, 5]
2025-05-12 15:57:12,852 - DEBUG - util_fusion - fusion_dual_defense - final fusion benigns: (0, 1, 3, 4, 5)
2025-05-12 15:57:14,525 - INFO - fl - start - global side -  test accuracy: 10.1
2025-05-12 15:57:14,525 - INFO - fl - start - global side iteration 13 -  test accuracy: 10.1
2025-05-12 15:57:14,525 - INFO - fl - start - start training round 14
2025-05-12 15:57:14,527 - INFO - fl - start - round 14 attackers: [8, 2]
2025-05-12 15:57:14,527 - INFO - fl - start - start client 0 training
2025-05-12 15:57:14,527 - INFO - fl - client_local_train - client 0 start local training ...
2025-05-12 15:57:18,945 - INFO - fl - start - end client 0 training
2025-05-12 15:57:18,945 - INFO - fl - start - client 0 evaluation metrics: {'train_loss': 4.135583982839213, 'test_acc': 11.35}
2025-05-12 15:57:18,945 - INFO - fl - start - start client 1 training
2025-05-12 15:57:18,945 - INFO - fl - client_local_train - client 1 start local training ...
2025-05-12 15:57:22,257 - INFO - fl - start - end client 1 training
2025-05-12 15:57:22,257 - INFO - fl - start - client 1 evaluation metrics: {'train_loss': 4.025577993392944, 'test_acc': 9.58}
2025-05-12 15:57:22,257 - INFO - fl - start - start client 2 training
2025-05-12 15:57:22,257 - INFO - fl - client_local_train - client 2 start local training ...
2025-05-12 15:57:28,019 - INFO - fl - client_local_train - client 2 is attacker, start poisoning model
2025-05-12 15:57:33,718 - INFO - fl - start - end client 2 training
2025-05-12 15:57:33,718 - INFO - fl - start - client 2 evaluation metrics: {'train_loss': 5.431445565488604, 'test_acc': 9.74}
2025-05-12 15:57:33,718 - INFO - fl - start - start client 3 training
2025-05-12 15:57:33,718 - INFO - fl - client_local_train - client 3 start local training ...
2025-05-12 15:57:36,202 - INFO - fl - start - end client 3 training
2025-05-12 15:57:36,202 - INFO - fl - start - client 3 evaluation metrics: {'train_loss': 6.996780444835794, 'test_acc': 11.35}
2025-05-12 15:57:36,202 - INFO - fl - start - start client 4 training
2025-05-12 15:57:36,202 - INFO - fl - client_local_train - client 4 start local training ...
2025-05-12 15:57:39,864 - INFO - fl - start - end client 4 training
2025-05-12 15:57:39,864 - INFO - fl - start - client 4 evaluation metrics: {'train_loss': 3.774684478496683, 'test_acc': 9.58}
2025-05-12 15:57:39,864 - INFO - fl - start - start client 5 training
2025-05-12 15:57:39,864 - INFO - fl - client_local_train - client 5 start local training ...
2025-05-12 15:57:43,194 - INFO - fl - start - end client 5 training
2025-05-12 15:57:43,195 - INFO - fl - start - client 5 evaluation metrics: {'train_loss': 1.2933069246786613, 'test_acc': 10.32}
2025-05-12 15:57:43,195 - INFO - fl - start - start client 6 training
2025-05-12 15:57:43,195 - INFO - fl - client_local_train - client 6 start local training ...
2025-05-12 15:57:49,222 - INFO - fl - start - end client 6 training
2025-05-12 15:57:49,222 - INFO - fl - start - client 6 evaluation metrics: {'train_loss': 2.4373435110557735, 'test_acc': 9.8}
2025-05-12 15:57:49,222 - INFO - fl - start - start client 7 training
2025-05-12 15:57:49,222 - INFO - fl - client_local_train - client 7 start local training ...
2025-05-12 15:57:55,137 - INFO - fl - start - end client 7 training
2025-05-12 15:57:55,137 - INFO - fl - start - client 7 evaluation metrics: {'train_loss': 1.8519079704438486, 'test_acc': 10.32}
2025-05-12 15:57:55,137 - INFO - fl - start - start client 8 training
2025-05-12 15:57:55,137 - INFO - fl - client_local_train - client 8 start local training ...
2025-05-12 15:57:58,265 - INFO - fl - client_local_train - client 8 is attacker, start poisoning model
2025-05-12 15:58:02,782 - INFO - fl - start - end client 8 training
2025-05-12 15:58:02,782 - INFO - fl - start - client 8 evaluation metrics: {'train_loss': 8.441465007175099, 'test_acc': 10.28}
2025-05-12 15:58:02,782 - INFO - fl - start - start client 9 training
2025-05-12 15:58:02,782 - INFO - fl - client_local_train - client 9 start local training ...
2025-05-12 15:58:09,012 - INFO - fl - start - end client 9 training
2025-05-12 15:58:09,012 - INFO - fl - start - client 9 evaluation metrics: {'train_loss': 1.881911802112608, 'test_acc': 10.09}
2025-05-12 15:58:09,012 - INFO - fl - aggregate_model - start model aggregation...fusion method: dual_defense
2025-05-12 15:58:09,012 - INFO - fl - aggregate_model - start hyper-guard fusion with epsilon 0.01
2025-05-12 15:58:09,012 - INFO - fl - aggregate_model - round 14 attackers: [8, 2]
2025-05-12 15:58:19,728 - DEBUG - util_fusion - fusion_dual_defense - client 0 scores: {0: array([805.05830665]), 1: array([805.0572805]), 2: array([805.06200347]), 3: array([805.05649132]), 4: array([805.05747267]), 5: array([805.05729885]), 6: array([805.06032333]), 7: array([805.06009907]), 8: array([805.05973568]), 9: array([805.06053068])}
2025-05-12 15:58:19,729 - DEBUG - util_fusion - fusion_dual_defense - client 0 norm scores: {0: array([0.32933337]), 1: array([0.1431709]), 2: array([1.]), 3: array([0.]), 4: array([0.17803468]), 5: array([0.14650068]), 6: array([0.69519429]), 7: array([0.65450933]), 8: array([0.58858325]), 9: array([0.73281157])}
2025-05-12 15:58:19,729 - DEBUG - util_fusion - fusion_dual_defense - client 0 similarity threshold: 0.44681380673086907
2025-05-12 15:58:19,729 - INFO - util_fusion - fusion_dual_defense - client 0 selected fusion benigns: [2, 6, 7, 8, 9]
2025-05-12 15:58:19,737 - DEBUG - util_fusion - fusion_dual_defense - client 1 scores: {0: array([805.05830665]), 1: array([805.0572805]), 2: array([805.06200347]), 3: array([805.05649132]), 4: array([805.05747267]), 5: array([805.05729885]), 6: array([805.06032333]), 7: array([805.06009907]), 8: array([805.05973568]), 9: array([805.06053068])}
2025-05-12 15:58:19,738 - DEBUG - util_fusion - fusion_dual_defense - client 1 norm scores: {0: array([0.32933337]), 1: array([0.1431709]), 2: array([1.]), 3: array([0.]), 4: array([0.17803468]), 5: array([0.14650068]), 6: array([0.69519429]), 7: array([0.65450933]), 8: array([0.58858325]), 9: array([0.73281157])}
2025-05-12 15:58:19,738 - DEBUG - util_fusion - fusion_dual_defense - client 1 similarity threshold: 0.44681380673086907
2025-05-12 15:58:19,738 - INFO - util_fusion - fusion_dual_defense - client 1 selected fusion benigns: [2, 6, 7, 8, 9]
2025-05-12 15:58:19,746 - DEBUG - util_fusion - fusion_dual_defense - client 2 scores: {0: array([805.05830665]), 1: array([805.0572805]), 2: array([805.06200347]), 3: array([805.05649132]), 4: array([805.05747267]), 5: array([805.05729885]), 6: array([805.06032333]), 7: array([805.06009907]), 8: array([805.05973568]), 9: array([805.06053068])}
2025-05-12 15:58:19,747 - DEBUG - util_fusion - fusion_dual_defense - client 2 norm scores: {0: array([0.32933337]), 1: array([0.1431709]), 2: array([1.]), 3: array([0.]), 4: array([0.17803468]), 5: array([0.14650068]), 6: array([0.69519429]), 7: array([0.65450933]), 8: array([0.58858325]), 9: array([0.73281157])}
2025-05-12 15:58:19,747 - DEBUG - util_fusion - fusion_dual_defense - client 2 similarity threshold: 0.44681380673086907
2025-05-12 15:58:19,747 - INFO - util_fusion - fusion_dual_defense - client 2 selected fusion benigns: [2, 6, 7, 8, 9]
2025-05-12 15:58:19,755 - DEBUG - util_fusion - fusion_dual_defense - client 3 scores: {0: array([805.05830665]), 1: array([805.0572805]), 2: array([805.06200347]), 3: array([805.05649132]), 4: array([805.05747267]), 5: array([805.05729885]), 6: array([805.06032333]), 7: array([805.06009907]), 8: array([805.05973568]), 9: array([805.06053068])}
2025-05-12 15:58:19,756 - DEBUG - util_fusion - fusion_dual_defense - client 3 norm scores: {0: array([0.32933337]), 1: array([0.1431709]), 2: array([1.]), 3: array([0.]), 4: array([0.17803468]), 5: array([0.14650068]), 6: array([0.69519429]), 7: array([0.65450933]), 8: array([0.58858325]), 9: array([0.73281157])}
2025-05-12 15:58:19,756 - DEBUG - util_fusion - fusion_dual_defense - client 3 similarity threshold: 0.44681380673086907
2025-05-12 15:58:19,756 - INFO - util_fusion - fusion_dual_defense - client 3 selected fusion benigns: [2, 6, 7, 8, 9]
2025-05-12 15:58:19,764 - DEBUG - util_fusion - fusion_dual_defense - client 4 scores: {0: array([805.05830665]), 1: array([805.0572805]), 2: array([805.06200347]), 3: array([805.05649132]), 4: array([805.05747267]), 5: array([805.05729885]), 6: array([805.06032333]), 7: array([805.06009907]), 8: array([805.05973568]), 9: array([805.06053068])}
2025-05-12 15:58:19,765 - DEBUG - util_fusion - fusion_dual_defense - client 4 norm scores: {0: array([0.32933337]), 1: array([0.1431709]), 2: array([1.]), 3: array([0.]), 4: array([0.17803468]), 5: array([0.14650068]), 6: array([0.69519429]), 7: array([0.65450933]), 8: array([0.58858325]), 9: array([0.73281157])}
2025-05-12 15:58:19,765 - DEBUG - util_fusion - fusion_dual_defense - client 4 similarity threshold: 0.44681380673086907
2025-05-12 15:58:19,765 - INFO - util_fusion - fusion_dual_defense - client 4 selected fusion benigns: [2, 6, 7, 8, 9]
2025-05-12 15:58:19,773 - DEBUG - util_fusion - fusion_dual_defense - client 5 scores: {0: array([805.05830665]), 1: array([805.0572805]), 2: array([805.06200347]), 3: array([805.05649132]), 4: array([805.05747267]), 5: array([805.05729885]), 6: array([805.06032333]), 7: array([805.06009907]), 8: array([805.05973568]), 9: array([805.06053068])}
2025-05-12 15:58:19,774 - DEBUG - util_fusion - fusion_dual_defense - client 5 norm scores: {0: array([0.32933337]), 1: array([0.1431709]), 2: array([1.]), 3: array([0.]), 4: array([0.17803468]), 5: array([0.14650068]), 6: array([0.69519429]), 7: array([0.65450933]), 8: array([0.58858325]), 9: array([0.73281157])}
2025-05-12 15:58:19,774 - DEBUG - util_fusion - fusion_dual_defense - client 5 similarity threshold: 0.44681380673086907
2025-05-12 15:58:19,774 - INFO - util_fusion - fusion_dual_defense - client 5 selected fusion benigns: [2, 6, 7, 8, 9]
2025-05-12 15:58:19,782 - DEBUG - util_fusion - fusion_dual_defense - client 6 scores: {0: array([805.05830665]), 1: array([805.0572805]), 2: array([805.06200347]), 3: array([805.05649132]), 4: array([805.05747267]), 5: array([805.05729885]), 6: array([805.06032333]), 7: array([805.06009907]), 8: array([805.05973568]), 9: array([805.06053068])}
2025-05-12 15:58:19,783 - DEBUG - util_fusion - fusion_dual_defense - client 6 norm scores: {0: array([0.32933337]), 1: array([0.1431709]), 2: array([1.]), 3: array([0.]), 4: array([0.17803468]), 5: array([0.14650068]), 6: array([0.69519429]), 7: array([0.65450933]), 8: array([0.58858325]), 9: array([0.73281157])}
2025-05-12 15:58:19,783 - DEBUG - util_fusion - fusion_dual_defense - client 6 similarity threshold: 0.44681380673086907
2025-05-12 15:58:19,783 - INFO - util_fusion - fusion_dual_defense - client 6 selected fusion benigns: [2, 6, 7, 8, 9]
2025-05-12 15:58:19,791 - DEBUG - util_fusion - fusion_dual_defense - client 7 scores: {0: array([805.05830665]), 1: array([805.0572805]), 2: array([805.06200347]), 3: array([805.05649132]), 4: array([805.05747267]), 5: array([805.05729885]), 6: array([805.06032333]), 7: array([805.06009907]), 8: array([805.05973568]), 9: array([805.06053068])}
2025-05-12 15:58:19,792 - DEBUG - util_fusion - fusion_dual_defense - client 7 norm scores: {0: array([0.32933337]), 1: array([0.1431709]), 2: array([1.]), 3: array([0.]), 4: array([0.17803468]), 5: array([0.14650068]), 6: array([0.69519429]), 7: array([0.65450933]), 8: array([0.58858325]), 9: array([0.73281157])}
2025-05-12 15:58:19,792 - DEBUG - util_fusion - fusion_dual_defense - client 7 similarity threshold: 0.44681380673086907
2025-05-12 15:58:19,792 - INFO - util_fusion - fusion_dual_defense - client 7 selected fusion benigns: [2, 6, 7, 8, 9]
2025-05-12 15:58:19,800 - DEBUG - util_fusion - fusion_dual_defense - client 8 scores: {0: array([805.05830665]), 1: array([805.0572805]), 2: array([805.06200347]), 3: array([805.05649132]), 4: array([805.05747267]), 5: array([805.05729885]), 6: array([805.06032333]), 7: array([805.06009907]), 8: array([805.05973568]), 9: array([805.06053068])}
2025-05-12 15:58:19,801 - DEBUG - util_fusion - fusion_dual_defense - client 8 norm scores: {0: array([0.32933337]), 1: array([0.1431709]), 2: array([1.]), 3: array([0.]), 4: array([0.17803468]), 5: array([0.14650068]), 6: array([0.69519429]), 7: array([0.65450933]), 8: array([0.58858325]), 9: array([0.73281157])}
2025-05-12 15:58:19,801 - DEBUG - util_fusion - fusion_dual_defense - client 8 similarity threshold: 0.44681380673086907
2025-05-12 15:58:19,801 - INFO - util_fusion - fusion_dual_defense - client 8 selected fusion benigns: [2, 6, 7, 8, 9]
2025-05-12 15:58:19,810 - DEBUG - util_fusion - fusion_dual_defense - client 9 scores: {0: array([805.05830665]), 1: array([805.0572805]), 2: array([805.06200347]), 3: array([805.05649132]), 4: array([805.05747267]), 5: array([805.05729885]), 6: array([805.06032333]), 7: array([805.06009907]), 8: array([805.05973568]), 9: array([805.06053068])}
2025-05-12 15:58:19,810 - DEBUG - util_fusion - fusion_dual_defense - client 9 norm scores: {0: array([0.32933337]), 1: array([0.1431709]), 2: array([1.]), 3: array([0.]), 4: array([0.17803468]), 5: array([0.14650068]), 6: array([0.69519429]), 7: array([0.65450933]), 8: array([0.58858325]), 9: array([0.73281157])}
2025-05-12 15:58:19,810 - DEBUG - util_fusion - fusion_dual_defense - client 9 similarity threshold: 0.44681380673086907
2025-05-12 15:58:19,810 - INFO - util_fusion - fusion_dual_defense - client 9 selected fusion benigns: [2, 6, 7, 8, 9]
2025-05-12 15:58:19,810 - DEBUG - util_fusion - fusion_dual_defense - final fusion benigns: (2, 6, 7, 8, 9)
2025-05-12 15:58:21,496 - INFO - fl - start - global side -  test accuracy: 9.74
2025-05-12 15:58:21,496 - INFO - fl - start - global side iteration 14 -  test accuracy: 9.74
2025-05-12 15:58:21,496 - INFO - fl - start - start training round 15
2025-05-12 15:58:21,498 - INFO - fl - start - round 15 attackers: [9, 1]
2025-05-12 15:58:21,498 - INFO - fl - start - start client 0 training
2025-05-12 15:58:21,498 - INFO - fl - client_local_train - client 0 start local training ...
2025-05-12 15:58:25,701 - INFO - fl - start - end client 0 training
2025-05-12 15:58:25,701 - INFO - fl - start - client 0 evaluation metrics: {'train_loss': 31.046550181004907, 'test_acc': 11.35}
2025-05-12 15:58:25,701 - INFO - fl - start - start client 1 training
2025-05-12 15:58:25,701 - INFO - fl - client_local_train - client 1 start local training ...
2025-05-12 15:58:27,126 - INFO - fl - client_local_train - client 1 is attacker, start poisoning model
2025-05-12 15:58:30,646 - INFO - fl - start - end client 1 training
2025-05-12 15:58:30,646 - INFO - fl - start - client 1 evaluation metrics: {'train_loss': 92.32564491271972, 'test_acc': 9.58}
2025-05-12 15:58:30,646 - INFO - fl - start - start client 2 training
2025-05-12 15:58:30,646 - INFO - fl - client_local_train - client 2 start local training ...
2025-05-12 15:58:38,702 - INFO - fl - start - end client 2 training
2025-05-12 15:58:38,702 - INFO - fl - start - client 2 evaluation metrics: {'train_loss': 1.8703739106655122, 'test_acc': 9.74}
2025-05-12 15:58:38,702 - INFO - fl - start - start client 3 training
2025-05-12 15:58:38,702 - INFO - fl - client_local_train - client 3 start local training ...
2025-05-12 15:58:41,185 - INFO - fl - start - end client 3 training
2025-05-12 15:58:41,185 - INFO - fl - start - client 3 evaluation metrics: {'train_loss': 26.618606698924097, 'test_acc': 11.35}
2025-05-12 15:58:41,185 - INFO - fl - start - start client 4 training
2025-05-12 15:58:41,185 - INFO - fl - client_local_train - client 4 start local training ...
2025-05-12 15:58:44,854 - INFO - fl - start - end client 4 training
2025-05-12 15:58:44,854 - INFO - fl - start - client 4 evaluation metrics: {'train_loss': 12.33550529644407, 'test_acc': 9.58}
2025-05-12 15:58:44,854 - INFO - fl - start - start client 5 training
2025-05-12 15:58:44,854 - INFO - fl - client_local_train - client 5 start local training ...
2025-05-12 15:58:48,386 - INFO - fl - start - end client 5 training
2025-05-12 15:58:48,386 - INFO - fl - start - client 5 evaluation metrics: {'train_loss': 1.4362918557944122, 'test_acc': 10.32}
2025-05-12 15:58:48,386 - INFO - fl - start - start client 6 training
2025-05-12 15:58:48,386 - INFO - fl - client_local_train - client 6 start local training ...
2025-05-12 15:58:54,893 - INFO - fl - start - end client 6 training
2025-05-12 15:58:54,893 - INFO - fl - start - client 6 evaluation metrics: {'train_loss': 23.106621914961206, 'test_acc': 10.1}
2025-05-12 15:58:54,893 - INFO - fl - start - start client 7 training
2025-05-12 15:58:54,893 - INFO - fl - client_local_train - client 7 start local training ...
2025-05-12 15:59:01,301 - INFO - fl - start - end client 7 training
2025-05-12 15:59:01,301 - INFO - fl - start - client 7 evaluation metrics: {'train_loss': 3.3389728540374386, 'test_acc': 10.32}
2025-05-12 15:59:01,301 - INFO - fl - start - start client 8 training
2025-05-12 15:59:01,301 - INFO - fl - client_local_train - client 8 start local training ...
2025-05-12 15:59:07,075 - INFO - fl - start - end client 8 training
2025-05-12 15:59:07,075 - INFO - fl - start - client 8 evaluation metrics: {'train_loss': 3.3215742761438545, 'test_acc': 10.28}
2025-05-12 15:59:07,075 - INFO - fl - start - start client 9 training
2025-05-12 15:59:07,075 - INFO - fl - client_local_train - client 9 start local training ...
2025-05-12 15:59:11,330 - INFO - fl - client_local_train - client 9 is attacker, start poisoning model
2025-05-12 15:59:16,256 - INFO - fl - start - end client 9 training
2025-05-12 15:59:16,256 - INFO - fl - start - client 9 evaluation metrics: {'train_loss': 18.67975077593237, 'test_acc': 10.09}
2025-05-12 15:59:16,256 - INFO - fl - aggregate_model - start model aggregation...fusion method: dual_defense
2025-05-12 15:59:16,256 - INFO - fl - aggregate_model - start hyper-guard fusion with epsilon 0.01
2025-05-12 15:59:16,256 - INFO - fl - aggregate_model - round 15 attackers: [9, 1]
2025-05-12 15:59:27,009 - DEBUG - util_fusion - fusion_dual_defense - client 0 scores: {0: array([348.57067244]), 1: array([348.57009552]), 2: array([348.57338494]), 3: array([348.56964091]), 4: array([348.57025584]), 5: array([348.5701999]), 6: array([348.57193276]), 7: array([348.57188329]), 8: array([348.57148883]), 9: array([348.57209699])}
2025-05-12 15:59:27,010 - DEBUG - util_fusion - fusion_dual_defense - client 0 norm scores: {0: array([0.27551291]), 1: array([0.12142343]), 2: array([1.]), 3: array([0.]), 4: array([0.16424229]), 5: array([0.1493012]), 6: array([0.61213253]), 7: array([0.59892009]), 8: array([0.49356371]), 9: array([0.65599859])}
2025-05-12 15:59:27,010 - DEBUG - util_fusion - fusion_dual_defense - client 0 similarity threshold: 0.4071094756666286
2025-05-12 15:59:27,010 - INFO - util_fusion - fusion_dual_defense - client 0 selected fusion benigns: [2, 6, 7, 8, 9]
2025-05-12 15:59:27,019 - DEBUG - util_fusion - fusion_dual_defense - client 1 scores: {0: array([348.57067244]), 1: array([348.57009552]), 2: array([348.57338494]), 3: array([348.56964091]), 4: array([348.57025584]), 5: array([348.5701999]), 6: array([348.57193276]), 7: array([348.57188329]), 8: array([348.57148883]), 9: array([348.57209699])}
2025-05-12 15:59:27,019 - DEBUG - util_fusion - fusion_dual_defense - client 1 norm scores: {0: array([0.27551291]), 1: array([0.12142343]), 2: array([1.]), 3: array([0.]), 4: array([0.16424229]), 5: array([0.1493012]), 6: array([0.61213253]), 7: array([0.59892009]), 8: array([0.49356371]), 9: array([0.65599859])}
2025-05-12 15:59:27,019 - DEBUG - util_fusion - fusion_dual_defense - client 1 similarity threshold: 0.4071094756666286
2025-05-12 15:59:27,019 - INFO - util_fusion - fusion_dual_defense - client 1 selected fusion benigns: [2, 6, 7, 8, 9]
2025-05-12 15:59:27,028 - DEBUG - util_fusion - fusion_dual_defense - client 2 scores: {0: array([348.57067244]), 1: array([348.57009552]), 2: array([348.57338494]), 3: array([348.56964091]), 4: array([348.57025584]), 5: array([348.5701999]), 6: array([348.57193276]), 7: array([348.57188329]), 8: array([348.57148883]), 9: array([348.57209699])}
2025-05-12 15:59:27,028 - DEBUG - util_fusion - fusion_dual_defense - client 2 norm scores: {0: array([0.27551291]), 1: array([0.12142343]), 2: array([1.]), 3: array([0.]), 4: array([0.16424229]), 5: array([0.1493012]), 6: array([0.61213253]), 7: array([0.59892009]), 8: array([0.49356371]), 9: array([0.65599859])}
2025-05-12 15:59:27,028 - DEBUG - util_fusion - fusion_dual_defense - client 2 similarity threshold: 0.4071094756666286
2025-05-12 15:59:27,028 - INFO - util_fusion - fusion_dual_defense - client 2 selected fusion benigns: [2, 6, 7, 8, 9]
2025-05-12 15:59:27,037 - DEBUG - util_fusion - fusion_dual_defense - client 3 scores: {0: array([348.57067244]), 1: array([348.57009552]), 2: array([348.57338494]), 3: array([348.56964091]), 4: array([348.57025584]), 5: array([348.5701999]), 6: array([348.57193276]), 7: array([348.57188329]), 8: array([348.57148883]), 9: array([348.57209699])}
2025-05-12 15:59:27,037 - DEBUG - util_fusion - fusion_dual_defense - client 3 norm scores: {0: array([0.27551291]), 1: array([0.12142343]), 2: array([1.]), 3: array([0.]), 4: array([0.16424229]), 5: array([0.1493012]), 6: array([0.61213253]), 7: array([0.59892009]), 8: array([0.49356371]), 9: array([0.65599859])}
2025-05-12 15:59:27,037 - DEBUG - util_fusion - fusion_dual_defense - client 3 similarity threshold: 0.4071094756666286
2025-05-12 15:59:27,037 - INFO - util_fusion - fusion_dual_defense - client 3 selected fusion benigns: [2, 6, 7, 8, 9]
2025-05-12 15:59:27,046 - DEBUG - util_fusion - fusion_dual_defense - client 4 scores: {0: array([348.57067244]), 1: array([348.57009552]), 2: array([348.57338494]), 3: array([348.56964091]), 4: array([348.57025584]), 5: array([348.5701999]), 6: array([348.57193276]), 7: array([348.57188329]), 8: array([348.57148883]), 9: array([348.57209699])}
2025-05-12 15:59:27,046 - DEBUG - util_fusion - fusion_dual_defense - client 4 norm scores: {0: array([0.27551291]), 1: array([0.12142343]), 2: array([1.]), 3: array([0.]), 4: array([0.16424229]), 5: array([0.1493012]), 6: array([0.61213253]), 7: array([0.59892009]), 8: array([0.49356371]), 9: array([0.65599859])}
2025-05-12 15:59:27,046 - DEBUG - util_fusion - fusion_dual_defense - client 4 similarity threshold: 0.4071094756666286
2025-05-12 15:59:27,046 - INFO - util_fusion - fusion_dual_defense - client 4 selected fusion benigns: [2, 6, 7, 8, 9]
2025-05-12 15:59:27,055 - DEBUG - util_fusion - fusion_dual_defense - client 5 scores: {0: array([348.57067244]), 1: array([348.57009552]), 2: array([348.57338494]), 3: array([348.56964091]), 4: array([348.57025584]), 5: array([348.5701999]), 6: array([348.57193276]), 7: array([348.57188329]), 8: array([348.57148883]), 9: array([348.57209699])}
2025-05-12 15:59:27,055 - DEBUG - util_fusion - fusion_dual_defense - client 5 norm scores: {0: array([0.27551291]), 1: array([0.12142343]), 2: array([1.]), 3: array([0.]), 4: array([0.16424229]), 5: array([0.1493012]), 6: array([0.61213253]), 7: array([0.59892009]), 8: array([0.49356371]), 9: array([0.65599859])}
2025-05-12 15:59:27,055 - DEBUG - util_fusion - fusion_dual_defense - client 5 similarity threshold: 0.4071094756666286
2025-05-12 15:59:27,055 - INFO - util_fusion - fusion_dual_defense - client 5 selected fusion benigns: [2, 6, 7, 8, 9]
2025-05-12 15:59:27,064 - DEBUG - util_fusion - fusion_dual_defense - client 6 scores: {0: array([348.57067244]), 1: array([348.57009552]), 2: array([348.57338494]), 3: array([348.56964091]), 4: array([348.57025584]), 5: array([348.5701999]), 6: array([348.57193276]), 7: array([348.57188329]), 8: array([348.57148883]), 9: array([348.57209699])}
2025-05-12 15:59:27,064 - DEBUG - util_fusion - fusion_dual_defense - client 6 norm scores: {0: array([0.27551291]), 1: array([0.12142343]), 2: array([1.]), 3: array([0.]), 4: array([0.16424229]), 5: array([0.1493012]), 6: array([0.61213253]), 7: array([0.59892009]), 8: array([0.49356371]), 9: array([0.65599859])}
2025-05-12 15:59:27,064 - DEBUG - util_fusion - fusion_dual_defense - client 6 similarity threshold: 0.4071094756666286
2025-05-12 15:59:27,064 - INFO - util_fusion - fusion_dual_defense - client 6 selected fusion benigns: [2, 6, 7, 8, 9]
2025-05-12 15:59:27,073 - DEBUG - util_fusion - fusion_dual_defense - client 7 scores: {0: array([348.57067244]), 1: array([348.57009552]), 2: array([348.57338494]), 3: array([348.56964091]), 4: array([348.57025584]), 5: array([348.5701999]), 6: array([348.57193276]), 7: array([348.57188329]), 8: array([348.57148883]), 9: array([348.57209699])}
2025-05-12 15:59:27,073 - DEBUG - util_fusion - fusion_dual_defense - client 7 norm scores: {0: array([0.27551291]), 1: array([0.12142343]), 2: array([1.]), 3: array([0.]), 4: array([0.16424229]), 5: array([0.1493012]), 6: array([0.61213253]), 7: array([0.59892009]), 8: array([0.49356371]), 9: array([0.65599859])}
2025-05-12 15:59:27,073 - DEBUG - util_fusion - fusion_dual_defense - client 7 similarity threshold: 0.4071094756666286
2025-05-12 15:59:27,073 - INFO - util_fusion - fusion_dual_defense - client 7 selected fusion benigns: [2, 6, 7, 8, 9]
2025-05-12 15:59:27,082 - DEBUG - util_fusion - fusion_dual_defense - client 8 scores: {0: array([348.57067244]), 1: array([348.57009552]), 2: array([348.57338494]), 3: array([348.56964091]), 4: array([348.57025584]), 5: array([348.5701999]), 6: array([348.57193276]), 7: array([348.57188329]), 8: array([348.57148883]), 9: array([348.57209699])}
2025-05-12 15:59:27,082 - DEBUG - util_fusion - fusion_dual_defense - client 8 norm scores: {0: array([0.27551291]), 1: array([0.12142343]), 2: array([1.]), 3: array([0.]), 4: array([0.16424229]), 5: array([0.1493012]), 6: array([0.61213253]), 7: array([0.59892009]), 8: array([0.49356371]), 9: array([0.65599859])}
2025-05-12 15:59:27,082 - DEBUG - util_fusion - fusion_dual_defense - client 8 similarity threshold: 0.4071094756666286
2025-05-12 15:59:27,082 - INFO - util_fusion - fusion_dual_defense - client 8 selected fusion benigns: [2, 6, 7, 8, 9]
2025-05-12 15:59:27,091 - DEBUG - util_fusion - fusion_dual_defense - client 9 scores: {0: array([348.57067244]), 1: array([348.57009552]), 2: array([348.57338494]), 3: array([348.56964091]), 4: array([348.57025584]), 5: array([348.5701999]), 6: array([348.57193276]), 7: array([348.57188329]), 8: array([348.57148883]), 9: array([348.57209699])}
2025-05-12 15:59:27,091 - DEBUG - util_fusion - fusion_dual_defense - client 9 norm scores: {0: array([0.27551291]), 1: array([0.12142343]), 2: array([1.]), 3: array([0.]), 4: array([0.16424229]), 5: array([0.1493012]), 6: array([0.61213253]), 7: array([0.59892009]), 8: array([0.49356371]), 9: array([0.65599859])}
2025-05-12 15:59:27,091 - DEBUG - util_fusion - fusion_dual_defense - client 9 similarity threshold: 0.4071094756666286
2025-05-12 15:59:27,091 - INFO - util_fusion - fusion_dual_defense - client 9 selected fusion benigns: [2, 6, 7, 8, 9]
2025-05-12 15:59:27,091 - DEBUG - util_fusion - fusion_dual_defense - final fusion benigns: (2, 6, 7, 8, 9)
2025-05-12 15:59:28,780 - INFO - fl - start - global side -  test accuracy: 10.09
2025-05-12 15:59:28,780 - INFO - fl - start - global side iteration 15 -  test accuracy: 10.09
2025-05-12 15:59:28,781 - INFO - fl - start - start training round 16
2025-05-12 15:59:28,783 - INFO - fl - start - round 16 attackers: [4, 9]
2025-05-12 15:59:28,783 - INFO - fl - start - start client 0 training
2025-05-12 15:59:28,783 - INFO - fl - client_local_train - client 0 start local training ...
2025-05-12 15:59:33,234 - INFO - fl - start - end client 0 training
2025-05-12 15:59:33,234 - INFO - fl - start - client 0 evaluation metrics: {'train_loss': 79.09441098299894, 'test_acc': 11.35}
2025-05-12 15:59:33,234 - INFO - fl - start - start client 1 training
2025-05-12 15:59:33,234 - INFO - fl - client_local_train - client 1 start local training ...
2025-05-12 15:59:36,575 - INFO - fl - start - end client 1 training
2025-05-12 15:59:36,576 - INFO - fl - start - client 1 evaluation metrics: {'train_loss': 26.837499771118164, 'test_acc': 9.58}
2025-05-12 15:59:36,576 - INFO - fl - start - start client 2 training
2025-05-12 15:59:36,576 - INFO - fl - client_local_train - client 2 start local training ...
2025-05-12 15:59:45,189 - INFO - fl - start - end client 2 training
2025-05-12 15:59:45,189 - INFO - fl - start - client 2 evaluation metrics: {'train_loss': 2.1168216745058697, 'test_acc': 9.74}
2025-05-12 15:59:45,189 - INFO - fl - start - start client 3 training
2025-05-12 15:59:45,189 - INFO - fl - client_local_train - client 3 start local training ...
2025-05-12 15:59:47,655 - INFO - fl - start - end client 3 training
2025-05-12 15:59:47,655 - INFO - fl - start - client 3 evaluation metrics: {'train_loss': 60.8717910503519, 'test_acc': 11.35}
2025-05-12 15:59:47,655 - INFO - fl - start - start client 4 training
2025-05-12 15:59:47,655 - INFO - fl - client_local_train - client 4 start local training ...
2025-05-12 15:59:49,507 - INFO - fl - client_local_train - client 4 is attacker, start poisoning model
2025-05-12 15:59:53,138 - INFO - fl - start - end client 4 training
2025-05-12 15:59:53,138 - INFO - fl - start - client 4 evaluation metrics: {'train_loss': 215.11882518899853, 'test_acc': 9.58}
2025-05-12 15:59:53,138 - INFO - fl - start - start client 5 training
2025-05-12 15:59:53,138 - INFO - fl - client_local_train - client 5 start local training ...
2025-05-12 15:59:56,667 - INFO - fl - start - end client 5 training
2025-05-12 15:59:56,667 - INFO - fl - start - client 5 evaluation metrics: {'train_loss': 2.173168789457392, 'test_acc': 10.28}
2025-05-12 15:59:56,667 - INFO - fl - start - start client 6 training
2025-05-12 15:59:56,667 - INFO - fl - client_local_train - client 6 start local training ...
2025-05-12 16:00:03,146 - INFO - fl - start - end client 6 training
2025-05-12 16:00:03,146 - INFO - fl - start - client 6 evaluation metrics: {'train_loss': 61.90127950953686, 'test_acc': 10.1}
2025-05-12 16:00:03,146 - INFO - fl - start - start client 7 training
2025-05-12 16:00:03,146 - INFO - fl - client_local_train - client 7 start local training ...
2025-05-12 16:00:09,477 - INFO - fl - start - end client 7 training
2025-05-12 16:00:09,477 - INFO - fl - start - client 7 evaluation metrics: {'train_loss': 6.030968599742459, 'test_acc': 10.32}
2025-05-12 16:00:09,477 - INFO - fl - start - start client 8 training
2025-05-12 16:00:09,477 - INFO - fl - client_local_train - client 8 start local training ...
2025-05-12 16:00:15,236 - INFO - fl - start - end client 8 training
2025-05-12 16:00:15,236 - INFO - fl - start - client 8 evaluation metrics: {'train_loss': 5.626980449936607, 'test_acc': 10.28}
2025-05-12 16:00:15,236 - INFO - fl - start - start client 9 training
2025-05-12 16:00:15,236 - INFO - fl - client_local_train - client 9 start local training ...
2025-05-12 16:00:19,474 - INFO - fl - client_local_train - client 9 is attacker, start poisoning model
2025-05-12 16:00:24,391 - INFO - fl - start - end client 9 training
2025-05-12 16:00:24,391 - INFO - fl - start - client 9 evaluation metrics: {'train_loss': 36.192232689463104, 'test_acc': 10.09}
2025-05-12 16:00:24,391 - INFO - fl - aggregate_model - start model aggregation...fusion method: dual_defense
2025-05-12 16:00:24,391 - INFO - fl - aggregate_model - start hyper-guard fusion with epsilon 0.01
2025-05-12 16:00:24,391 - INFO - fl - aggregate_model - round 16 attackers: [9, 4]
2025-05-12 16:00:35,110 - DEBUG - util_fusion - fusion_dual_defense - client 0 scores: {0: array([1005.79278125]), 1: array([1005.79445453]), 2: array([1005.7844337]), 3: array([1005.79579476]), 4: array([1005.79400447]), 5: array([1005.79423886]), 6: array([1005.78923891]), 7: array([1005.7895479]), 8: array([1005.79045614]), 9: array([1005.78861449])}
2025-05-12 16:00:35,111 - DEBUG - util_fusion - fusion_dual_defense - client 0 norm scores: {0: array([0.73475133]), 1: array([0.88203294]), 2: array([0.]), 3: array([1.]), 4: array([0.84241916]), 5: array([0.86304988]), 6: array([0.42295505]), 7: array([0.45015236]), 8: array([0.53009536]), 9: array([0.36799309])}
2025-05-12 16:00:35,111 - DEBUG - util_fusion - fusion_dual_defense - client 0 similarity threshold: 0.6093449157727627
2025-05-12 16:00:35,111 - INFO - util_fusion - fusion_dual_defense - client 0 selected fusion benigns: [0, 1, 3, 4, 5]
2025-05-12 16:00:35,120 - DEBUG - util_fusion - fusion_dual_defense - client 1 scores: {0: array([1005.79278125]), 1: array([1005.79445453]), 2: array([1005.7844337]), 3: array([1005.79579476]), 4: array([1005.79400447]), 5: array([1005.79423886]), 6: array([1005.78923891]), 7: array([1005.7895479]), 8: array([1005.79045614]), 9: array([1005.78861449])}
2025-05-12 16:00:35,120 - DEBUG - util_fusion - fusion_dual_defense - client 1 norm scores: {0: array([0.73475133]), 1: array([0.88203294]), 2: array([0.]), 3: array([1.]), 4: array([0.84241916]), 5: array([0.86304988]), 6: array([0.42295505]), 7: array([0.45015236]), 8: array([0.53009536]), 9: array([0.36799309])}
2025-05-12 16:00:35,120 - DEBUG - util_fusion - fusion_dual_defense - client 1 similarity threshold: 0.6093449157727627
2025-05-12 16:00:35,120 - INFO - util_fusion - fusion_dual_defense - client 1 selected fusion benigns: [0, 1, 3, 4, 5]
2025-05-12 16:00:35,129 - DEBUG - util_fusion - fusion_dual_defense - client 2 scores: {0: array([1005.79278125]), 1: array([1005.79445453]), 2: array([1005.7844337]), 3: array([1005.79579476]), 4: array([1005.79400447]), 5: array([1005.79423886]), 6: array([1005.78923891]), 7: array([1005.7895479]), 8: array([1005.79045614]), 9: array([1005.78861449])}
2025-05-12 16:00:35,129 - DEBUG - util_fusion - fusion_dual_defense - client 2 norm scores: {0: array([0.73475133]), 1: array([0.88203294]), 2: array([0.]), 3: array([1.]), 4: array([0.84241916]), 5: array([0.86304988]), 6: array([0.42295505]), 7: array([0.45015236]), 8: array([0.53009536]), 9: array([0.36799309])}
2025-05-12 16:00:35,129 - DEBUG - util_fusion - fusion_dual_defense - client 2 similarity threshold: 0.6093449157727627
2025-05-12 16:00:35,129 - INFO - util_fusion - fusion_dual_defense - client 2 selected fusion benigns: [0, 1, 3, 4, 5]
2025-05-12 16:00:35,138 - DEBUG - util_fusion - fusion_dual_defense - client 3 scores: {0: array([1005.79278125]), 1: array([1005.79445453]), 2: array([1005.7844337]), 3: array([1005.79579476]), 4: array([1005.79400447]), 5: array([1005.79423886]), 6: array([1005.78923891]), 7: array([1005.7895479]), 8: array([1005.79045614]), 9: array([1005.78861449])}
2025-05-12 16:00:35,138 - DEBUG - util_fusion - fusion_dual_defense - client 3 norm scores: {0: array([0.73475133]), 1: array([0.88203294]), 2: array([0.]), 3: array([1.]), 4: array([0.84241916]), 5: array([0.86304988]), 6: array([0.42295505]), 7: array([0.45015236]), 8: array([0.53009536]), 9: array([0.36799309])}
2025-05-12 16:00:35,138 - DEBUG - util_fusion - fusion_dual_defense - client 3 similarity threshold: 0.6093449157727627
2025-05-12 16:00:35,138 - INFO - util_fusion - fusion_dual_defense - client 3 selected fusion benigns: [0, 1, 3, 4, 5]
2025-05-12 16:00:35,147 - DEBUG - util_fusion - fusion_dual_defense - client 4 scores: {0: array([1005.79278125]), 1: array([1005.79445453]), 2: array([1005.7844337]), 3: array([1005.79579476]), 4: array([1005.79400447]), 5: array([1005.79423886]), 6: array([1005.78923891]), 7: array([1005.7895479]), 8: array([1005.79045614]), 9: array([1005.78861449])}
2025-05-12 16:00:35,147 - DEBUG - util_fusion - fusion_dual_defense - client 4 norm scores: {0: array([0.73475133]), 1: array([0.88203294]), 2: array([0.]), 3: array([1.]), 4: array([0.84241916]), 5: array([0.86304988]), 6: array([0.42295505]), 7: array([0.45015236]), 8: array([0.53009536]), 9: array([0.36799309])}
2025-05-12 16:00:35,147 - DEBUG - util_fusion - fusion_dual_defense - client 4 similarity threshold: 0.6093449157727627
2025-05-12 16:00:35,147 - INFO - util_fusion - fusion_dual_defense - client 4 selected fusion benigns: [0, 1, 3, 4, 5]
2025-05-12 16:00:35,156 - DEBUG - util_fusion - fusion_dual_defense - client 5 scores: {0: array([1005.79278125]), 1: array([1005.79445453]), 2: array([1005.7844337]), 3: array([1005.79579476]), 4: array([1005.79400447]), 5: array([1005.79423886]), 6: array([1005.78923891]), 7: array([1005.7895479]), 8: array([1005.79045614]), 9: array([1005.78861449])}
2025-05-12 16:00:35,156 - DEBUG - util_fusion - fusion_dual_defense - client 5 norm scores: {0: array([0.73475133]), 1: array([0.88203294]), 2: array([0.]), 3: array([1.]), 4: array([0.84241916]), 5: array([0.86304988]), 6: array([0.42295505]), 7: array([0.45015236]), 8: array([0.53009536]), 9: array([0.36799309])}
2025-05-12 16:00:35,156 - DEBUG - util_fusion - fusion_dual_defense - client 5 similarity threshold: 0.6093449157727627
2025-05-12 16:00:35,156 - INFO - util_fusion - fusion_dual_defense - client 5 selected fusion benigns: [0, 1, 3, 4, 5]
2025-05-12 16:00:35,165 - DEBUG - util_fusion - fusion_dual_defense - client 6 scores: {0: array([1005.79278125]), 1: array([1005.79445453]), 2: array([1005.7844337]), 3: array([1005.79579476]), 4: array([1005.79400447]), 5: array([1005.79423886]), 6: array([1005.78923891]), 7: array([1005.7895479]), 8: array([1005.79045614]), 9: array([1005.78861449])}
2025-05-12 16:00:35,165 - DEBUG - util_fusion - fusion_dual_defense - client 6 norm scores: {0: array([0.73475133]), 1: array([0.88203294]), 2: array([0.]), 3: array([1.]), 4: array([0.84241916]), 5: array([0.86304988]), 6: array([0.42295505]), 7: array([0.45015236]), 8: array([0.53009536]), 9: array([0.36799309])}
2025-05-12 16:00:35,165 - DEBUG - util_fusion - fusion_dual_defense - client 6 similarity threshold: 0.6093449157727627
2025-05-12 16:00:35,165 - INFO - util_fusion - fusion_dual_defense - client 6 selected fusion benigns: [0, 1, 3, 4, 5]
2025-05-12 16:00:35,174 - DEBUG - util_fusion - fusion_dual_defense - client 7 scores: {0: array([1005.79278125]), 1: array([1005.79445453]), 2: array([1005.7844337]), 3: array([1005.79579476]), 4: array([1005.79400447]), 5: array([1005.79423886]), 6: array([1005.78923891]), 7: array([1005.7895479]), 8: array([1005.79045614]), 9: array([1005.78861449])}
2025-05-12 16:00:35,174 - DEBUG - util_fusion - fusion_dual_defense - client 7 norm scores: {0: array([0.73475133]), 1: array([0.88203294]), 2: array([0.]), 3: array([1.]), 4: array([0.84241916]), 5: array([0.86304988]), 6: array([0.42295505]), 7: array([0.45015236]), 8: array([0.53009536]), 9: array([0.36799309])}
2025-05-12 16:00:35,174 - DEBUG - util_fusion - fusion_dual_defense - client 7 similarity threshold: 0.6093449157727627
2025-05-12 16:00:35,174 - INFO - util_fusion - fusion_dual_defense - client 7 selected fusion benigns: [0, 1, 3, 4, 5]
2025-05-12 16:00:35,183 - DEBUG - util_fusion - fusion_dual_defense - client 8 scores: {0: array([1005.79278125]), 1: array([1005.79445453]), 2: array([1005.7844337]), 3: array([1005.79579476]), 4: array([1005.79400447]), 5: array([1005.79423886]), 6: array([1005.78923891]), 7: array([1005.7895479]), 8: array([1005.79045614]), 9: array([1005.78861449])}
2025-05-12 16:00:35,183 - DEBUG - util_fusion - fusion_dual_defense - client 8 norm scores: {0: array([0.73475133]), 1: array([0.88203294]), 2: array([0.]), 3: array([1.]), 4: array([0.84241916]), 5: array([0.86304988]), 6: array([0.42295505]), 7: array([0.45015236]), 8: array([0.53009536]), 9: array([0.36799309])}
2025-05-12 16:00:35,183 - DEBUG - util_fusion - fusion_dual_defense - client 8 similarity threshold: 0.6093449157727627
2025-05-12 16:00:35,183 - INFO - util_fusion - fusion_dual_defense - client 8 selected fusion benigns: [0, 1, 3, 4, 5]
2025-05-12 16:00:35,192 - DEBUG - util_fusion - fusion_dual_defense - client 9 scores: {0: array([1005.79278125]), 1: array([1005.79445453]), 2: array([1005.7844337]), 3: array([1005.79579476]), 4: array([1005.79400447]), 5: array([1005.79423886]), 6: array([1005.78923891]), 7: array([1005.7895479]), 8: array([1005.79045614]), 9: array([1005.78861449])}
2025-05-12 16:00:35,192 - DEBUG - util_fusion - fusion_dual_defense - client 9 norm scores: {0: array([0.73475133]), 1: array([0.88203294]), 2: array([0.]), 3: array([1.]), 4: array([0.84241916]), 5: array([0.86304988]), 6: array([0.42295505]), 7: array([0.45015236]), 8: array([0.53009536]), 9: array([0.36799309])}
2025-05-12 16:00:35,192 - DEBUG - util_fusion - fusion_dual_defense - client 9 similarity threshold: 0.6093449157727627
2025-05-12 16:00:35,192 - INFO - util_fusion - fusion_dual_defense - client 9 selected fusion benigns: [0, 1, 3, 4, 5]
2025-05-12 16:00:35,192 - DEBUG - util_fusion - fusion_dual_defense - final fusion benigns: (0, 1, 3, 4, 5)
2025-05-12 16:00:36,876 - INFO - fl - start - global side -  test accuracy: 9.58
2025-05-12 16:00:36,876 - INFO - fl - start - global side iteration 16 -  test accuracy: 9.58
2025-05-12 16:00:36,877 - INFO - fl - start - start training round 17
2025-05-12 16:00:36,878 - INFO - fl - start - round 17 attackers: [7, 0]
2025-05-12 16:00:36,878 - INFO - fl - start - start client 0 training
2025-05-12 16:00:36,878 - INFO - fl - client_local_train - client 0 start local training ...
2025-05-12 16:00:39,343 - INFO - fl - client_local_train - client 0 is attacker, start poisoning model
2025-05-12 16:00:43,311 - INFO - fl - start - end client 0 training
2025-05-12 16:00:43,312 - INFO - fl - start - client 0 evaluation metrics: {'train_loss': 1599.9243433568386, 'test_acc': 11.35}
2025-05-12 16:00:43,312 - INFO - fl - start - start client 1 training
2025-05-12 16:00:43,312 - INFO - fl - client_local_train - client 1 start local training ...
2025-05-12 16:00:46,667 - INFO - fl - start - end client 1 training
2025-05-12 16:00:46,667 - INFO - fl - start - client 1 evaluation metrics: {'train_loss': 64.53009185791015, 'test_acc': 9.58}
2025-05-12 16:00:46,667 - INFO - fl - start - start client 2 training
2025-05-12 16:00:46,667 - INFO - fl - client_local_train - client 2 start local training ...
2025-05-12 16:00:55,355 - INFO - fl - start - end client 2 training
2025-05-12 16:00:55,355 - INFO - fl - start - client 2 evaluation metrics: {'train_loss': 2.7688924305968814, 'test_acc': 9.74}
2025-05-12 16:00:55,355 - INFO - fl - start - start client 3 training
2025-05-12 16:00:55,355 - INFO - fl - client_local_train - client 3 start local training ...
2025-05-12 16:00:57,836 - INFO - fl - start - end client 3 training
2025-05-12 16:00:57,836 - INFO - fl - start - client 3 evaluation metrics: {'train_loss': 145.1587661216999, 'test_acc': 11.35}
2025-05-12 16:00:57,836 - INFO - fl - start - start client 4 training
2025-05-12 16:00:57,837 - INFO - fl - client_local_train - client 4 start local training ...
2025-05-12 16:01:01,502 - INFO - fl - start - end client 4 training
2025-05-12 16:01:01,502 - INFO - fl - start - client 4 evaluation metrics: {'train_loss': 66.28792927182954, 'test_acc': 9.58}
2025-05-12 16:01:01,502 - INFO - fl - start - start client 5 training
2025-05-12 16:01:01,502 - INFO - fl - client_local_train - client 5 start local training ...
2025-05-12 16:01:05,020 - INFO - fl - start - end client 5 training
2025-05-12 16:01:05,020 - INFO - fl - start - client 5 evaluation metrics: {'train_loss': 4.365446611686989, 'test_acc': 10.28}
2025-05-12 16:01:05,020 - INFO - fl - start - start client 6 training
2025-05-12 16:01:05,020 - INFO - fl - client_local_train - client 6 start local training ...
2025-05-12 16:01:11,523 - INFO - fl - start - end client 6 training
2025-05-12 16:01:11,523 - INFO - fl - start - client 6 evaluation metrics: {'train_loss': 162.4877487543061, 'test_acc': 10.1}
2025-05-12 16:01:11,523 - INFO - fl - start - start client 7 training
2025-05-12 16:01:11,523 - INFO - fl - client_local_train - client 7 start local training ...
2025-05-12 16:01:15,504 - INFO - fl - client_local_train - client 7 is attacker, start poisoning model
2025-05-12 16:01:20,274 - INFO - fl - start - end client 7 training
2025-05-12 16:01:20,274 - INFO - fl - start - client 7 evaluation metrics: {'train_loss': 93.59390369538337, 'test_acc': 10.32}
2025-05-12 16:01:20,274 - INFO - fl - start - start client 8 training
2025-05-12 16:01:20,274 - INFO - fl - client_local_train - client 8 start local training ...
2025-05-12 16:01:26,063 - INFO - fl - start - end client 8 training
2025-05-12 16:01:26,063 - INFO - fl - start - client 8 evaluation metrics: {'train_loss': 11.11518510796807, 'test_acc': 10.28}
2025-05-12 16:01:26,063 - INFO - fl - start - start client 9 training
2025-05-12 16:01:26,063 - INFO - fl - client_local_train - client 9 start local training ...
2025-05-12 16:01:32,772 - INFO - fl - start - end client 9 training
2025-05-12 16:01:32,772 - INFO - fl - start - client 9 evaluation metrics: {'train_loss': 11.093012661862193, 'test_acc': 10.09}
2025-05-12 16:01:32,772 - INFO - fl - aggregate_model - start model aggregation...fusion method: dual_defense
2025-05-12 16:01:32,772 - INFO - fl - aggregate_model - start hyper-guard fusion with epsilon 0.01
2025-05-12 16:01:32,772 - INFO - fl - aggregate_model - round 17 attackers: [0, 7]
2025-05-12 16:01:43,489 - DEBUG - util_fusion - fusion_dual_defense - client 0 scores: {0: array([345.41389413]), 1: array([345.41411444]), 2: array([345.41343764]), 3: array([345.41430193]), 4: array([345.41404382]), 5: array([345.41406695]), 6: array([345.41373234]), 7: array([345.4137874]), 8: array([345.41376053]), 9: array([345.41374738])}
2025-05-12 16:01:43,489 - DEBUG - util_fusion - fusion_dual_defense - client 0 norm scores: {0: array([0.52817036]), 1: array([0.78307668]), 2: array([0.]), 3: array([1.]), 4: array([0.70136341]), 5: array([0.72812256]), 6: array([0.34098211]), 7: array([0.40468388]), 8: array([0.37359571]), 9: array([0.35837399])}
2025-05-12 16:01:43,490 - DEBUG - util_fusion - fusion_dual_defense - client 0 similarity threshold: 0.5218368694736392
2025-05-12 16:01:43,490 - INFO - util_fusion - fusion_dual_defense - client 0 selected fusion benigns: [0, 1, 3, 4, 5]
2025-05-12 16:01:43,498 - DEBUG - util_fusion - fusion_dual_defense - client 1 scores: {0: array([345.41389413]), 1: array([345.41411444]), 2: array([345.41343764]), 3: array([345.41430193]), 4: array([345.41404382]), 5: array([345.41406695]), 6: array([345.41373234]), 7: array([345.4137874]), 8: array([345.41376053]), 9: array([345.41374738])}
2025-05-12 16:01:43,499 - DEBUG - util_fusion - fusion_dual_defense - client 1 norm scores: {0: array([0.52817036]), 1: array([0.78307668]), 2: array([0.]), 3: array([1.]), 4: array([0.70136341]), 5: array([0.72812256]), 6: array([0.34098211]), 7: array([0.40468388]), 8: array([0.37359571]), 9: array([0.35837399])}
2025-05-12 16:01:43,499 - DEBUG - util_fusion - fusion_dual_defense - client 1 similarity threshold: 0.5218368694736392
2025-05-12 16:01:43,499 - INFO - util_fusion - fusion_dual_defense - client 1 selected fusion benigns: [0, 1, 3, 4, 5]
2025-05-12 16:01:43,507 - DEBUG - util_fusion - fusion_dual_defense - client 2 scores: {0: array([345.41389413]), 1: array([345.41411444]), 2: array([345.41343764]), 3: array([345.41430193]), 4: array([345.41404382]), 5: array([345.41406695]), 6: array([345.41373234]), 7: array([345.4137874]), 8: array([345.41376053]), 9: array([345.41374738])}
2025-05-12 16:01:43,508 - DEBUG - util_fusion - fusion_dual_defense - client 2 norm scores: {0: array([0.52817036]), 1: array([0.78307668]), 2: array([0.]), 3: array([1.]), 4: array([0.70136341]), 5: array([0.72812256]), 6: array([0.34098211]), 7: array([0.40468388]), 8: array([0.37359571]), 9: array([0.35837399])}
2025-05-12 16:01:43,508 - DEBUG - util_fusion - fusion_dual_defense - client 2 similarity threshold: 0.5218368694736392
2025-05-12 16:01:43,508 - INFO - util_fusion - fusion_dual_defense - client 2 selected fusion benigns: [0, 1, 3, 4, 5]
2025-05-12 16:01:43,516 - DEBUG - util_fusion - fusion_dual_defense - client 3 scores: {0: array([345.41389413]), 1: array([345.41411444]), 2: array([345.41343764]), 3: array([345.41430193]), 4: array([345.41404382]), 5: array([345.41406695]), 6: array([345.41373234]), 7: array([345.4137874]), 8: array([345.41376053]), 9: array([345.41374738])}
2025-05-12 16:01:43,517 - DEBUG - util_fusion - fusion_dual_defense - client 3 norm scores: {0: array([0.52817036]), 1: array([0.78307668]), 2: array([0.]), 3: array([1.]), 4: array([0.70136341]), 5: array([0.72812256]), 6: array([0.34098211]), 7: array([0.40468388]), 8: array([0.37359571]), 9: array([0.35837399])}
2025-05-12 16:01:43,517 - DEBUG - util_fusion - fusion_dual_defense - client 3 similarity threshold: 0.5218368694736392
2025-05-12 16:01:43,517 - INFO - util_fusion - fusion_dual_defense - client 3 selected fusion benigns: [0, 1, 3, 4, 5]
2025-05-12 16:01:43,525 - DEBUG - util_fusion - fusion_dual_defense - client 4 scores: {0: array([345.41389413]), 1: array([345.41411444]), 2: array([345.41343764]), 3: array([345.41430193]), 4: array([345.41404382]), 5: array([345.41406695]), 6: array([345.41373234]), 7: array([345.4137874]), 8: array([345.41376053]), 9: array([345.41374738])}
2025-05-12 16:01:43,526 - DEBUG - util_fusion - fusion_dual_defense - client 4 norm scores: {0: array([0.52817036]), 1: array([0.78307668]), 2: array([0.]), 3: array([1.]), 4: array([0.70136341]), 5: array([0.72812256]), 6: array([0.34098211]), 7: array([0.40468388]), 8: array([0.37359571]), 9: array([0.35837399])}
2025-05-12 16:01:43,526 - DEBUG - util_fusion - fusion_dual_defense - client 4 similarity threshold: 0.5218368694736392
2025-05-12 16:01:43,526 - INFO - util_fusion - fusion_dual_defense - client 4 selected fusion benigns: [0, 1, 3, 4, 5]
2025-05-12 16:01:43,534 - DEBUG - util_fusion - fusion_dual_defense - client 5 scores: {0: array([345.41389413]), 1: array([345.41411444]), 2: array([345.41343764]), 3: array([345.41430193]), 4: array([345.41404382]), 5: array([345.41406695]), 6: array([345.41373234]), 7: array([345.4137874]), 8: array([345.41376053]), 9: array([345.41374738])}
2025-05-12 16:01:43,535 - DEBUG - util_fusion - fusion_dual_defense - client 5 norm scores: {0: array([0.52817036]), 1: array([0.78307668]), 2: array([0.]), 3: array([1.]), 4: array([0.70136341]), 5: array([0.72812256]), 6: array([0.34098211]), 7: array([0.40468388]), 8: array([0.37359571]), 9: array([0.35837399])}
2025-05-12 16:01:43,535 - DEBUG - util_fusion - fusion_dual_defense - client 5 similarity threshold: 0.5218368694736392
2025-05-12 16:01:43,535 - INFO - util_fusion - fusion_dual_defense - client 5 selected fusion benigns: [0, 1, 3, 4, 5]
2025-05-12 16:01:43,543 - DEBUG - util_fusion - fusion_dual_defense - client 6 scores: {0: array([345.41389413]), 1: array([345.41411444]), 2: array([345.41343764]), 3: array([345.41430193]), 4: array([345.41404382]), 5: array([345.41406695]), 6: array([345.41373234]), 7: array([345.4137874]), 8: array([345.41376053]), 9: array([345.41374738])}
2025-05-12 16:01:43,544 - DEBUG - util_fusion - fusion_dual_defense - client 6 norm scores: {0: array([0.52817036]), 1: array([0.78307668]), 2: array([0.]), 3: array([1.]), 4: array([0.70136341]), 5: array([0.72812256]), 6: array([0.34098211]), 7: array([0.40468388]), 8: array([0.37359571]), 9: array([0.35837399])}
2025-05-12 16:01:43,544 - DEBUG - util_fusion - fusion_dual_defense - client 6 similarity threshold: 0.5218368694736392
2025-05-12 16:01:43,544 - INFO - util_fusion - fusion_dual_defense - client 6 selected fusion benigns: [0, 1, 3, 4, 5]
2025-05-12 16:01:43,552 - DEBUG - util_fusion - fusion_dual_defense - client 7 scores: {0: array([345.41389413]), 1: array([345.41411444]), 2: array([345.41343764]), 3: array([345.41430193]), 4: array([345.41404382]), 5: array([345.41406695]), 6: array([345.41373234]), 7: array([345.4137874]), 8: array([345.41376053]), 9: array([345.41374738])}
2025-05-12 16:01:43,553 - DEBUG - util_fusion - fusion_dual_defense - client 7 norm scores: {0: array([0.52817036]), 1: array([0.78307668]), 2: array([0.]), 3: array([1.]), 4: array([0.70136341]), 5: array([0.72812256]), 6: array([0.34098211]), 7: array([0.40468388]), 8: array([0.37359571]), 9: array([0.35837399])}
2025-05-12 16:01:43,553 - DEBUG - util_fusion - fusion_dual_defense - client 7 similarity threshold: 0.5218368694736392
2025-05-12 16:01:43,553 - INFO - util_fusion - fusion_dual_defense - client 7 selected fusion benigns: [0, 1, 3, 4, 5]
2025-05-12 16:01:43,561 - DEBUG - util_fusion - fusion_dual_defense - client 8 scores: {0: array([345.41389413]), 1: array([345.41411444]), 2: array([345.41343764]), 3: array([345.41430193]), 4: array([345.41404382]), 5: array([345.41406695]), 6: array([345.41373234]), 7: array([345.4137874]), 8: array([345.41376053]), 9: array([345.41374738])}
2025-05-12 16:01:43,562 - DEBUG - util_fusion - fusion_dual_defense - client 8 norm scores: {0: array([0.52817036]), 1: array([0.78307668]), 2: array([0.]), 3: array([1.]), 4: array([0.70136341]), 5: array([0.72812256]), 6: array([0.34098211]), 7: array([0.40468388]), 8: array([0.37359571]), 9: array([0.35837399])}
2025-05-12 16:01:43,562 - DEBUG - util_fusion - fusion_dual_defense - client 8 similarity threshold: 0.5218368694736392
2025-05-12 16:01:43,562 - INFO - util_fusion - fusion_dual_defense - client 8 selected fusion benigns: [0, 1, 3, 4, 5]
2025-05-12 16:01:43,570 - DEBUG - util_fusion - fusion_dual_defense - client 9 scores: {0: array([345.41389413]), 1: array([345.41411444]), 2: array([345.41343764]), 3: array([345.41430193]), 4: array([345.41404382]), 5: array([345.41406695]), 6: array([345.41373234]), 7: array([345.4137874]), 8: array([345.41376053]), 9: array([345.41374738])}
2025-05-12 16:01:43,571 - DEBUG - util_fusion - fusion_dual_defense - client 9 norm scores: {0: array([0.52817036]), 1: array([0.78307668]), 2: array([0.]), 3: array([1.]), 4: array([0.70136341]), 5: array([0.72812256]), 6: array([0.34098211]), 7: array([0.40468388]), 8: array([0.37359571]), 9: array([0.35837399])}
2025-05-12 16:01:43,571 - DEBUG - util_fusion - fusion_dual_defense - client 9 similarity threshold: 0.5218368694736392
2025-05-12 16:01:43,571 - INFO - util_fusion - fusion_dual_defense - client 9 selected fusion benigns: [0, 1, 3, 4, 5]
2025-05-12 16:01:43,571 - DEBUG - util_fusion - fusion_dual_defense - final fusion benigns: (0, 1, 3, 4, 5)
2025-05-12 16:01:45,248 - INFO - fl - start - global side -  test accuracy: 11.35
2025-05-12 16:01:45,248 - INFO - fl - start - global side iteration 17 -  test accuracy: 11.35
2025-05-12 16:01:45,248 - INFO - fl - start - start training round 18
2025-05-12 16:01:45,250 - INFO - fl - start - round 18 attackers: [7, 8]
2025-05-12 16:01:45,250 - INFO - fl - start - start client 0 training
2025-05-12 16:01:45,250 - INFO - fl - client_local_train - client 0 start local training ...
2025-05-12 16:01:49,678 - INFO - fl - start - end client 0 training
2025-05-12 16:01:49,678 - INFO - fl - start - client 0 evaluation metrics: {'train_loss': 598.3591954615209, 'test_acc': 11.35}
2025-05-12 16:01:49,678 - INFO - fl - start - start client 1 training
2025-05-12 16:01:49,678 - INFO - fl - client_local_train - client 1 start local training ...
2025-05-12 16:01:53,009 - INFO - fl - start - end client 1 training
2025-05-12 16:01:53,009 - INFO - fl - start - client 1 evaluation metrics: {'train_loss': 187.819697265625, 'test_acc': 9.58}
2025-05-12 16:01:53,009 - INFO - fl - start - start client 2 training
2025-05-12 16:01:53,009 - INFO - fl - client_local_train - client 2 start local training ...
2025-05-12 16:02:01,632 - INFO - fl - start - end client 2 training
2025-05-12 16:02:01,633 - INFO - fl - start - client 2 evaluation metrics: {'train_loss': 4.795413645108541, 'test_acc': 9.74}
2025-05-12 16:02:01,633 - INFO - fl - start - start client 3 training
2025-05-12 16:02:01,633 - INFO - fl - client_local_train - client 3 start local training ...
2025-05-12 16:02:04,104 - INFO - fl - start - end client 3 training
2025-05-12 16:02:04,104 - INFO - fl - start - client 3 evaluation metrics: {'train_loss': 425.68589519632275, 'test_acc': 11.35}
2025-05-12 16:02:04,104 - INFO - fl - start - start client 4 training
2025-05-12 16:02:04,104 - INFO - fl - client_local_train - client 4 start local training ...
2025-05-12 16:02:07,784 - INFO - fl - start - end client 4 training
2025-05-12 16:02:07,785 - INFO - fl - start - client 4 evaluation metrics: {'train_loss': 190.02661067041856, 'test_acc': 9.58}
2025-05-12 16:02:07,785 - INFO - fl - start - start client 5 training
2025-05-12 16:02:07,785 - INFO - fl - client_local_train - client 5 start local training ...
2025-05-12 16:02:11,295 - INFO - fl - start - end client 5 training
2025-05-12 16:02:11,295 - INFO - fl - start - client 5 evaluation metrics: {'train_loss': 12.480580241591841, 'test_acc': 10.28}
2025-05-12 16:02:11,295 - INFO - fl - start - start client 6 training
2025-05-12 16:02:11,295 - INFO - fl - client_local_train - client 6 start local training ...
2025-05-12 16:02:17,751 - INFO - fl - start - end client 6 training
2025-05-12 16:02:17,751 - INFO - fl - start - client 6 evaluation metrics: {'train_loss': 489.7805569866511, 'test_acc': 10.1}
2025-05-12 16:02:17,751 - INFO - fl - start - start client 7 training
2025-05-12 16:02:17,751 - INFO - fl - client_local_train - client 7 start local training ...
2025-05-12 16:02:21,706 - INFO - fl - client_local_train - client 7 is attacker, start poisoning model
2025-05-12 16:02:26,476 - INFO - fl - start - end client 7 training
2025-05-12 16:02:26,476 - INFO - fl - start - client 7 evaluation metrics: {'train_loss': 311.93650119535386, 'test_acc': 8.92}
2025-05-12 16:02:26,476 - INFO - fl - start - start client 8 training
2025-05-12 16:02:26,476 - INFO - fl - client_local_train - client 8 start local training ...
2025-05-12 16:02:29,997 - INFO - fl - client_local_train - client 8 is attacker, start poisoning model
2025-05-12 16:02:34,530 - INFO - fl - start - end client 8 training
2025-05-12 16:02:34,530 - INFO - fl - start - client 8 evaluation metrics: {'train_loss': 226.77644459117542, 'test_acc': 10.28}
2025-05-12 16:02:34,530 - INFO - fl - start - start client 9 training
2025-05-12 16:02:34,530 - INFO - fl - client_local_train - client 9 start local training ...
2025-05-12 16:02:41,222 - INFO - fl - start - end client 9 training
2025-05-12 16:02:41,222 - INFO - fl - start - client 9 evaluation metrics: {'train_loss': 30.006686820123427, 'test_acc': 10.09}
2025-05-12 16:02:41,222 - INFO - fl - aggregate_model - start model aggregation...fusion method: dual_defense
2025-05-12 16:02:41,222 - INFO - fl - aggregate_model - start hyper-guard fusion with epsilon 0.01
2025-05-12 16:02:41,222 - INFO - fl - aggregate_model - round 18 attackers: [8, 7]
2025-05-12 16:02:51,921 - DEBUG - util_fusion - fusion_dual_defense - client 0 scores: {0: array([451.4699768]), 1: array([451.47081944]), 2: array([451.46685942]), 3: array([451.47142046]), 4: array([451.47055045]), 5: array([451.47070758]), 6: array([451.46846133]), 7: array([451.46854595]), 8: array([451.46899237]), 9: array([451.46827982])}
2025-05-12 16:02:51,922 - DEBUG - util_fusion - fusion_dual_defense - client 0 norm scores: {0: array([0.6834795]), 1: array([0.86822712]), 2: array([0.]), 3: array([1.]), 4: array([0.8092517]), 5: array([0.84370174]), 6: array([0.35121415]), 7: array([0.36976734]), 8: array([0.46764507]), 9: array([0.31141981])}
2025-05-12 16:02:51,922 - DEBUG - util_fusion - fusion_dual_defense - client 0 similarity threshold: 0.570470642598613
2025-05-12 16:02:51,922 - INFO - util_fusion - fusion_dual_defense - client 0 selected fusion benigns: [0, 1, 3, 4, 5]
2025-05-12 16:02:51,931 - DEBUG - util_fusion - fusion_dual_defense - client 1 scores: {0: array([451.4699768]), 1: array([451.47081944]), 2: array([451.46685942]), 3: array([451.47142046]), 4: array([451.47055045]), 5: array([451.47070758]), 6: array([451.46846133]), 7: array([451.46854595]), 8: array([451.46899237]), 9: array([451.46827982])}
2025-05-12 16:02:51,931 - DEBUG - util_fusion - fusion_dual_defense - client 1 norm scores: {0: array([0.6834795]), 1: array([0.86822712]), 2: array([0.]), 3: array([1.]), 4: array([0.8092517]), 5: array([0.84370174]), 6: array([0.35121415]), 7: array([0.36976734]), 8: array([0.46764507]), 9: array([0.31141981])}
2025-05-12 16:02:51,931 - DEBUG - util_fusion - fusion_dual_defense - client 1 similarity threshold: 0.570470642598613
2025-05-12 16:02:51,931 - INFO - util_fusion - fusion_dual_defense - client 1 selected fusion benigns: [0, 1, 3, 4, 5]
2025-05-12 16:02:51,940 - DEBUG - util_fusion - fusion_dual_defense - client 2 scores: {0: array([451.4699768]), 1: array([451.47081944]), 2: array([451.46685942]), 3: array([451.47142046]), 4: array([451.47055045]), 5: array([451.47070758]), 6: array([451.46846133]), 7: array([451.46854595]), 8: array([451.46899237]), 9: array([451.46827982])}
2025-05-12 16:02:51,940 - DEBUG - util_fusion - fusion_dual_defense - client 2 norm scores: {0: array([0.6834795]), 1: array([0.86822712]), 2: array([0.]), 3: array([1.]), 4: array([0.8092517]), 5: array([0.84370174]), 6: array([0.35121415]), 7: array([0.36976734]), 8: array([0.46764507]), 9: array([0.31141981])}
2025-05-12 16:02:51,940 - DEBUG - util_fusion - fusion_dual_defense - client 2 similarity threshold: 0.570470642598613
2025-05-12 16:02:51,940 - INFO - util_fusion - fusion_dual_defense - client 2 selected fusion benigns: [0, 1, 3, 4, 5]
2025-05-12 16:02:51,949 - DEBUG - util_fusion - fusion_dual_defense - client 3 scores: {0: array([451.4699768]), 1: array([451.47081944]), 2: array([451.46685942]), 3: array([451.47142046]), 4: array([451.47055045]), 5: array([451.47070758]), 6: array([451.46846133]), 7: array([451.46854595]), 8: array([451.46899237]), 9: array([451.46827982])}
2025-05-12 16:02:51,949 - DEBUG - util_fusion - fusion_dual_defense - client 3 norm scores: {0: array([0.6834795]), 1: array([0.86822712]), 2: array([0.]), 3: array([1.]), 4: array([0.8092517]), 5: array([0.84370174]), 6: array([0.35121415]), 7: array([0.36976734]), 8: array([0.46764507]), 9: array([0.31141981])}
2025-05-12 16:02:51,949 - DEBUG - util_fusion - fusion_dual_defense - client 3 similarity threshold: 0.570470642598613
2025-05-12 16:02:51,949 - INFO - util_fusion - fusion_dual_defense - client 3 selected fusion benigns: [0, 1, 3, 4, 5]
2025-05-12 16:02:51,958 - DEBUG - util_fusion - fusion_dual_defense - client 4 scores: {0: array([451.4699768]), 1: array([451.47081944]), 2: array([451.46685942]), 3: array([451.47142046]), 4: array([451.47055045]), 5: array([451.47070758]), 6: array([451.46846133]), 7: array([451.46854595]), 8: array([451.46899237]), 9: array([451.46827982])}
2025-05-12 16:02:51,958 - DEBUG - util_fusion - fusion_dual_defense - client 4 norm scores: {0: array([0.6834795]), 1: array([0.86822712]), 2: array([0.]), 3: array([1.]), 4: array([0.8092517]), 5: array([0.84370174]), 6: array([0.35121415]), 7: array([0.36976734]), 8: array([0.46764507]), 9: array([0.31141981])}
2025-05-12 16:02:51,958 - DEBUG - util_fusion - fusion_dual_defense - client 4 similarity threshold: 0.570470642598613
2025-05-12 16:02:51,958 - INFO - util_fusion - fusion_dual_defense - client 4 selected fusion benigns: [0, 1, 3, 4, 5]
2025-05-12 16:02:51,967 - DEBUG - util_fusion - fusion_dual_defense - client 5 scores: {0: array([451.4699768]), 1: array([451.47081944]), 2: array([451.46685942]), 3: array([451.47142046]), 4: array([451.47055045]), 5: array([451.47070758]), 6: array([451.46846133]), 7: array([451.46854595]), 8: array([451.46899237]), 9: array([451.46827982])}
2025-05-12 16:02:51,967 - DEBUG - util_fusion - fusion_dual_defense - client 5 norm scores: {0: array([0.6834795]), 1: array([0.86822712]), 2: array([0.]), 3: array([1.]), 4: array([0.8092517]), 5: array([0.84370174]), 6: array([0.35121415]), 7: array([0.36976734]), 8: array([0.46764507]), 9: array([0.31141981])}
2025-05-12 16:02:51,967 - DEBUG - util_fusion - fusion_dual_defense - client 5 similarity threshold: 0.570470642598613
2025-05-12 16:02:51,967 - INFO - util_fusion - fusion_dual_defense - client 5 selected fusion benigns: [0, 1, 3, 4, 5]
2025-05-12 16:02:51,976 - DEBUG - util_fusion - fusion_dual_defense - client 6 scores: {0: array([451.4699768]), 1: array([451.47081944]), 2: array([451.46685942]), 3: array([451.47142046]), 4: array([451.47055045]), 5: array([451.47070758]), 6: array([451.46846133]), 7: array([451.46854595]), 8: array([451.46899237]), 9: array([451.46827982])}
2025-05-12 16:02:51,976 - DEBUG - util_fusion - fusion_dual_defense - client 6 norm scores: {0: array([0.6834795]), 1: array([0.86822712]), 2: array([0.]), 3: array([1.]), 4: array([0.8092517]), 5: array([0.84370174]), 6: array([0.35121415]), 7: array([0.36976734]), 8: array([0.46764507]), 9: array([0.31141981])}
2025-05-12 16:02:51,976 - DEBUG - util_fusion - fusion_dual_defense - client 6 similarity threshold: 0.570470642598613
2025-05-12 16:02:51,976 - INFO - util_fusion - fusion_dual_defense - client 6 selected fusion benigns: [0, 1, 3, 4, 5]
2025-05-12 16:02:51,985 - DEBUG - util_fusion - fusion_dual_defense - client 7 scores: {0: array([451.4699768]), 1: array([451.47081944]), 2: array([451.46685942]), 3: array([451.47142046]), 4: array([451.47055045]), 5: array([451.47070758]), 6: array([451.46846133]), 7: array([451.46854595]), 8: array([451.46899237]), 9: array([451.46827982])}
2025-05-12 16:02:51,985 - DEBUG - util_fusion - fusion_dual_defense - client 7 norm scores: {0: array([0.6834795]), 1: array([0.86822712]), 2: array([0.]), 3: array([1.]), 4: array([0.8092517]), 5: array([0.84370174]), 6: array([0.35121415]), 7: array([0.36976734]), 8: array([0.46764507]), 9: array([0.31141981])}
2025-05-12 16:02:51,985 - DEBUG - util_fusion - fusion_dual_defense - client 7 similarity threshold: 0.570470642598613
2025-05-12 16:02:51,985 - INFO - util_fusion - fusion_dual_defense - client 7 selected fusion benigns: [0, 1, 3, 4, 5]
2025-05-12 16:02:51,994 - DEBUG - util_fusion - fusion_dual_defense - client 8 scores: {0: array([451.4699768]), 1: array([451.47081944]), 2: array([451.46685942]), 3: array([451.47142046]), 4: array([451.47055045]), 5: array([451.47070758]), 6: array([451.46846133]), 7: array([451.46854595]), 8: array([451.46899237]), 9: array([451.46827982])}
2025-05-12 16:02:51,994 - DEBUG - util_fusion - fusion_dual_defense - client 8 norm scores: {0: array([0.6834795]), 1: array([0.86822712]), 2: array([0.]), 3: array([1.]), 4: array([0.8092517]), 5: array([0.84370174]), 6: array([0.35121415]), 7: array([0.36976734]), 8: array([0.46764507]), 9: array([0.31141981])}
2025-05-12 16:02:51,994 - DEBUG - util_fusion - fusion_dual_defense - client 8 similarity threshold: 0.570470642598613
2025-05-12 16:02:51,994 - INFO - util_fusion - fusion_dual_defense - client 8 selected fusion benigns: [0, 1, 3, 4, 5]
2025-05-12 16:02:52,003 - DEBUG - util_fusion - fusion_dual_defense - client 9 scores: {0: array([451.4699768]), 1: array([451.47081944]), 2: array([451.46685942]), 3: array([451.47142046]), 4: array([451.47055045]), 5: array([451.47070758]), 6: array([451.46846133]), 7: array([451.46854595]), 8: array([451.46899237]), 9: array([451.46827982])}
2025-05-12 16:02:52,003 - DEBUG - util_fusion - fusion_dual_defense - client 9 norm scores: {0: array([0.6834795]), 1: array([0.86822712]), 2: array([0.]), 3: array([1.]), 4: array([0.8092517]), 5: array([0.84370174]), 6: array([0.35121415]), 7: array([0.36976734]), 8: array([0.46764507]), 9: array([0.31141981])}
2025-05-12 16:02:52,003 - DEBUG - util_fusion - fusion_dual_defense - client 9 similarity threshold: 0.570470642598613
2025-05-12 16:02:52,003 - INFO - util_fusion - fusion_dual_defense - client 9 selected fusion benigns: [0, 1, 3, 4, 5]
2025-05-12 16:02:52,003 - DEBUG - util_fusion - fusion_dual_defense - final fusion benigns: (0, 1, 3, 4, 5)
2025-05-12 16:02:53,686 - INFO - fl - start - global side -  test accuracy: 9.58
2025-05-12 16:02:53,686 - INFO - fl - start - global side iteration 18 -  test accuracy: 9.58
2025-05-12 16:02:53,686 - INFO - fl - start - start training round 19
2025-05-12 16:02:53,688 - INFO - fl - start - round 19 attackers: [5, 8]
2025-05-12 16:02:53,688 - INFO - fl - start - start client 0 training
2025-05-12 16:02:53,688 - INFO - fl - client_local_train - client 0 start local training ...
2025-05-12 16:02:58,158 - INFO - fl - start - end client 0 training
2025-05-12 16:02:58,158 - INFO - fl - start - client 0 evaluation metrics: {'train_loss': 596.888298133751, 'test_acc': 11.35}
2025-05-12 16:02:58,158 - INFO - fl - start - start client 1 training
2025-05-12 16:02:58,158 - INFO - fl - client_local_train - client 1 start local training ...
2025-05-12 16:03:01,494 - INFO - fl - start - end client 1 training
2025-05-12 16:03:01,494 - INFO - fl - start - client 1 evaluation metrics: {'train_loss': 187.38775482177735, 'test_acc': 9.58}
2025-05-12 16:03:01,494 - INFO - fl - start - start client 2 training
2025-05-12 16:03:01,494 - INFO - fl - client_local_train - client 2 start local training ...
2025-05-12 16:03:10,097 - INFO - fl - start - end client 2 training
2025-05-12 16:03:10,097 - INFO - fl - start - client 2 evaluation metrics: {'train_loss': 4.765116250514984, 'test_acc': 9.74}
2025-05-12 16:03:10,097 - INFO - fl - start - start client 3 training
2025-05-12 16:03:10,097 - INFO - fl - client_local_train - client 3 start local training ...
2025-05-12 16:03:12,574 - INFO - fl - start - end client 3 training
2025-05-12 16:03:12,574 - INFO - fl - start - client 3 evaluation metrics: {'train_loss': 422.44753502155174, 'test_acc': 11.35}
2025-05-12 16:03:12,574 - INFO - fl - start - start client 4 training
2025-05-12 16:03:12,574 - INFO - fl - client_local_train - client 4 start local training ...
2025-05-12 16:03:16,248 - INFO - fl - start - end client 4 training
2025-05-12 16:03:16,248 - INFO - fl - start - client 4 evaluation metrics: {'train_loss': 189.3967048381937, 'test_acc': 9.58}
2025-05-12 16:03:16,249 - INFO - fl - start - start client 5 training
2025-05-12 16:03:16,249 - INFO - fl - client_local_train - client 5 start local training ...
2025-05-12 16:03:17,986 - INFO - fl - client_local_train - client 5 is attacker, start poisoning model
2025-05-12 16:03:21,553 - INFO - fl - start - end client 5 training
2025-05-12 16:03:21,553 - INFO - fl - start - client 5 evaluation metrics: {'train_loss': 81.67884021335178, 'test_acc': 10.28}
2025-05-12 16:03:21,553 - INFO - fl - start - start client 6 training
2025-05-12 16:03:21,562 - INFO - fl - client_local_train - client 6 start local training ...
2025-05-12 16:03:28,041 - INFO - fl - start - end client 6 training
2025-05-12 16:03:28,041 - INFO - fl - start - client 6 evaluation metrics: {'train_loss': 487.3315821369802, 'test_acc': 10.1}
2025-05-12 16:03:28,041 - INFO - fl - start - start client 7 training
2025-05-12 16:03:28,042 - INFO - fl - client_local_train - client 7 start local training ...
2025-05-12 16:03:34,375 - INFO - fl - start - end client 7 training
2025-05-12 16:03:34,375 - INFO - fl - start - client 7 evaluation metrics: {'train_loss': 38.63196035738914, 'test_acc': 8.92}
2025-05-12 16:03:34,375 - INFO - fl - start - start client 8 training
2025-05-12 16:03:34,375 - INFO - fl - client_local_train - client 8 start local training ...
2025-05-12 16:03:37,889 - INFO - fl - client_local_train - client 8 is attacker, start poisoning model
2025-05-12 16:03:42,414 - INFO - fl - start - end client 8 training
2025-05-12 16:03:42,414 - INFO - fl - start - client 8 evaluation metrics: {'train_loss': 221.42536414753306, 'test_acc': 10.28}
2025-05-12 16:03:42,414 - INFO - fl - start - start client 9 training
2025-05-12 16:03:42,414 - INFO - fl - client_local_train - client 9 start local training ...
2025-05-12 16:03:49,134 - INFO - fl - start - end client 9 training
2025-05-12 16:03:49,134 - INFO - fl - start - client 9 evaluation metrics: {'train_loss': 29.769887248376257, 'test_acc': 10.09}
2025-05-12 16:03:49,134 - INFO - fl - aggregate_model - start model aggregation...fusion method: dual_defense
2025-05-12 16:03:49,134 - INFO - fl - aggregate_model - start hyper-guard fusion with epsilon 0.01
2025-05-12 16:03:49,134 - INFO - fl - aggregate_model - round 19 attackers: [8, 5]
2025-05-12 16:03:59,838 - DEBUG - util_fusion - fusion_dual_defense - client 0 scores: {0: array([266.84129633]), 1: array([266.84175422]), 2: array([266.8393947]), 3: array([266.84216419]), 4: array([266.84160577]), 5: array([266.84169417]), 6: array([266.84037154]), 7: array([266.84040067]), 8: array([266.84065737]), 9: array([266.84025012])}
2025-05-12 16:03:59,839 - DEBUG - util_fusion - fusion_dual_defense - client 0 norm scores: {0: array([0.68663416]), 1: array([0.85196774]), 2: array([0.]), 3: array([1.]), 4: array([0.79836548]), 5: array([0.83028484]), 6: array([0.35271184]), 7: array([0.36323078]), 8: array([0.45592101]), 9: array([0.30887228])}
2025-05-12 16:03:59,839 - DEBUG - util_fusion - fusion_dual_defense - client 0 similarity threshold: 0.5647988121660263
2025-05-12 16:03:59,839 - INFO - util_fusion - fusion_dual_defense - client 0 selected fusion benigns: [0, 1, 3, 4, 5]
2025-05-12 16:03:59,847 - DEBUG - util_fusion - fusion_dual_defense - client 1 scores: {0: array([266.84129633]), 1: array([266.84175422]), 2: array([266.8393947]), 3: array([266.84216419]), 4: array([266.84160577]), 5: array([266.84169417]), 6: array([266.84037154]), 7: array([266.84040067]), 8: array([266.84065737]), 9: array([266.84025012])}
2025-05-12 16:03:59,848 - DEBUG - util_fusion - fusion_dual_defense - client 1 norm scores: {0: array([0.68663416]), 1: array([0.85196774]), 2: array([0.]), 3: array([1.]), 4: array([0.79836548]), 5: array([0.83028484]), 6: array([0.35271184]), 7: array([0.36323078]), 8: array([0.45592101]), 9: array([0.30887228])}
2025-05-12 16:03:59,848 - DEBUG - util_fusion - fusion_dual_defense - client 1 similarity threshold: 0.5647988121660263
2025-05-12 16:03:59,848 - INFO - util_fusion - fusion_dual_defense - client 1 selected fusion benigns: [0, 1, 3, 4, 5]
2025-05-12 16:03:59,856 - DEBUG - util_fusion - fusion_dual_defense - client 2 scores: {0: array([266.84129633]), 1: array([266.84175422]), 2: array([266.8393947]), 3: array([266.84216419]), 4: array([266.84160577]), 5: array([266.84169417]), 6: array([266.84037154]), 7: array([266.84040067]), 8: array([266.84065737]), 9: array([266.84025012])}
2025-05-12 16:03:59,857 - DEBUG - util_fusion - fusion_dual_defense - client 2 norm scores: {0: array([0.68663416]), 1: array([0.85196774]), 2: array([0.]), 3: array([1.]), 4: array([0.79836548]), 5: array([0.83028484]), 6: array([0.35271184]), 7: array([0.36323078]), 8: array([0.45592101]), 9: array([0.30887228])}
2025-05-12 16:03:59,857 - DEBUG - util_fusion - fusion_dual_defense - client 2 similarity threshold: 0.5647988121660263
2025-05-12 16:03:59,857 - INFO - util_fusion - fusion_dual_defense - client 2 selected fusion benigns: [0, 1, 3, 4, 5]
2025-05-12 16:03:59,865 - DEBUG - util_fusion - fusion_dual_defense - client 3 scores: {0: array([266.84129633]), 1: array([266.84175422]), 2: array([266.8393947]), 3: array([266.84216419]), 4: array([266.84160577]), 5: array([266.84169417]), 6: array([266.84037154]), 7: array([266.84040067]), 8: array([266.84065737]), 9: array([266.84025012])}
2025-05-12 16:03:59,866 - DEBUG - util_fusion - fusion_dual_defense - client 3 norm scores: {0: array([0.68663416]), 1: array([0.85196774]), 2: array([0.]), 3: array([1.]), 4: array([0.79836548]), 5: array([0.83028484]), 6: array([0.35271184]), 7: array([0.36323078]), 8: array([0.45592101]), 9: array([0.30887228])}
2025-05-12 16:03:59,866 - DEBUG - util_fusion - fusion_dual_defense - client 3 similarity threshold: 0.5647988121660263
2025-05-12 16:03:59,866 - INFO - util_fusion - fusion_dual_defense - client 3 selected fusion benigns: [0, 1, 3, 4, 5]
2025-05-12 16:03:59,874 - DEBUG - util_fusion - fusion_dual_defense - client 4 scores: {0: array([266.84129633]), 1: array([266.84175422]), 2: array([266.8393947]), 3: array([266.84216419]), 4: array([266.84160577]), 5: array([266.84169417]), 6: array([266.84037154]), 7: array([266.84040067]), 8: array([266.84065737]), 9: array([266.84025012])}
2025-05-12 16:03:59,875 - DEBUG - util_fusion - fusion_dual_defense - client 4 norm scores: {0: array([0.68663416]), 1: array([0.85196774]), 2: array([0.]), 3: array([1.]), 4: array([0.79836548]), 5: array([0.83028484]), 6: array([0.35271184]), 7: array([0.36323078]), 8: array([0.45592101]), 9: array([0.30887228])}
2025-05-12 16:03:59,875 - DEBUG - util_fusion - fusion_dual_defense - client 4 similarity threshold: 0.5647988121660263
2025-05-12 16:03:59,875 - INFO - util_fusion - fusion_dual_defense - client 4 selected fusion benigns: [0, 1, 3, 4, 5]
2025-05-12 16:03:59,883 - DEBUG - util_fusion - fusion_dual_defense - client 5 scores: {0: array([266.84129633]), 1: array([266.84175422]), 2: array([266.8393947]), 3: array([266.84216419]), 4: array([266.84160577]), 5: array([266.84169417]), 6: array([266.84037154]), 7: array([266.84040067]), 8: array([266.84065737]), 9: array([266.84025012])}
2025-05-12 16:03:59,884 - DEBUG - util_fusion - fusion_dual_defense - client 5 norm scores: {0: array([0.68663416]), 1: array([0.85196774]), 2: array([0.]), 3: array([1.]), 4: array([0.79836548]), 5: array([0.83028484]), 6: array([0.35271184]), 7: array([0.36323078]), 8: array([0.45592101]), 9: array([0.30887228])}
2025-05-12 16:03:59,884 - DEBUG - util_fusion - fusion_dual_defense - client 5 similarity threshold: 0.5647988121660263
2025-05-12 16:03:59,884 - INFO - util_fusion - fusion_dual_defense - client 5 selected fusion benigns: [0, 1, 3, 4, 5]
2025-05-12 16:03:59,892 - DEBUG - util_fusion - fusion_dual_defense - client 6 scores: {0: array([266.84129633]), 1: array([266.84175422]), 2: array([266.8393947]), 3: array([266.84216419]), 4: array([266.84160577]), 5: array([266.84169417]), 6: array([266.84037154]), 7: array([266.84040067]), 8: array([266.84065737]), 9: array([266.84025012])}
2025-05-12 16:03:59,893 - DEBUG - util_fusion - fusion_dual_defense - client 6 norm scores: {0: array([0.68663416]), 1: array([0.85196774]), 2: array([0.]), 3: array([1.]), 4: array([0.79836548]), 5: array([0.83028484]), 6: array([0.35271184]), 7: array([0.36323078]), 8: array([0.45592101]), 9: array([0.30887228])}
2025-05-12 16:03:59,893 - DEBUG - util_fusion - fusion_dual_defense - client 6 similarity threshold: 0.5647988121660263
2025-05-12 16:03:59,893 - INFO - util_fusion - fusion_dual_defense - client 6 selected fusion benigns: [0, 1, 3, 4, 5]
2025-05-12 16:03:59,901 - DEBUG - util_fusion - fusion_dual_defense - client 7 scores: {0: array([266.84129633]), 1: array([266.84175422]), 2: array([266.8393947]), 3: array([266.84216419]), 4: array([266.84160577]), 5: array([266.84169417]), 6: array([266.84037154]), 7: array([266.84040067]), 8: array([266.84065737]), 9: array([266.84025012])}
2025-05-12 16:03:59,902 - DEBUG - util_fusion - fusion_dual_defense - client 7 norm scores: {0: array([0.68663416]), 1: array([0.85196774]), 2: array([0.]), 3: array([1.]), 4: array([0.79836548]), 5: array([0.83028484]), 6: array([0.35271184]), 7: array([0.36323078]), 8: array([0.45592101]), 9: array([0.30887228])}
2025-05-12 16:03:59,902 - DEBUG - util_fusion - fusion_dual_defense - client 7 similarity threshold: 0.5647988121660263
2025-05-12 16:03:59,902 - INFO - util_fusion - fusion_dual_defense - client 7 selected fusion benigns: [0, 1, 3, 4, 5]
2025-05-12 16:03:59,910 - DEBUG - util_fusion - fusion_dual_defense - client 8 scores: {0: array([266.84129633]), 1: array([266.84175422]), 2: array([266.8393947]), 3: array([266.84216419]), 4: array([266.84160577]), 5: array([266.84169417]), 6: array([266.84037154]), 7: array([266.84040067]), 8: array([266.84065737]), 9: array([266.84025012])}
2025-05-12 16:03:59,911 - DEBUG - util_fusion - fusion_dual_defense - client 8 norm scores: {0: array([0.68663416]), 1: array([0.85196774]), 2: array([0.]), 3: array([1.]), 4: array([0.79836548]), 5: array([0.83028484]), 6: array([0.35271184]), 7: array([0.36323078]), 8: array([0.45592101]), 9: array([0.30887228])}
2025-05-12 16:03:59,911 - DEBUG - util_fusion - fusion_dual_defense - client 8 similarity threshold: 0.5647988121660263
2025-05-12 16:03:59,911 - INFO - util_fusion - fusion_dual_defense - client 8 selected fusion benigns: [0, 1, 3, 4, 5]
2025-05-12 16:03:59,919 - DEBUG - util_fusion - fusion_dual_defense - client 9 scores: {0: array([266.84129633]), 1: array([266.84175422]), 2: array([266.8393947]), 3: array([266.84216419]), 4: array([266.84160577]), 5: array([266.84169417]), 6: array([266.84037154]), 7: array([266.84040067]), 8: array([266.84065737]), 9: array([266.84025012])}
2025-05-12 16:03:59,920 - DEBUG - util_fusion - fusion_dual_defense - client 9 norm scores: {0: array([0.68663416]), 1: array([0.85196774]), 2: array([0.]), 3: array([1.]), 4: array([0.79836548]), 5: array([0.83028484]), 6: array([0.35271184]), 7: array([0.36323078]), 8: array([0.45592101]), 9: array([0.30887228])}
2025-05-12 16:03:59,920 - DEBUG - util_fusion - fusion_dual_defense - client 9 similarity threshold: 0.5647988121660263
2025-05-12 16:03:59,920 - INFO - util_fusion - fusion_dual_defense - client 9 selected fusion benigns: [0, 1, 3, 4, 5]
2025-05-12 16:03:59,920 - DEBUG - util_fusion - fusion_dual_defense - final fusion benigns: (0, 1, 3, 4, 5)
2025-05-12 16:04:01,604 - INFO - fl - start - global side -  test accuracy: 10.28
2025-05-12 16:04:01,604 - INFO - fl - start - global side iteration 19 -  test accuracy: 10.28
2025-05-12 16:04:01,604 - INFO - fl - start - start training round 20
2025-05-12 16:04:01,606 - INFO - fl - start - round 20 attackers: [7, 3]
2025-05-12 16:04:01,606 - INFO - fl - start - start client 0 training
2025-05-12 16:04:01,606 - INFO - fl - client_local_train - client 0 start local training ...
2025-05-12 16:04:06,055 - INFO - fl - start - end client 0 training
2025-05-12 16:04:06,056 - INFO - fl - start - client 0 evaluation metrics: {'train_loss': 1447.2486810064936, 'test_acc': 11.35}
2025-05-12 16:04:06,056 - INFO - fl - start - start client 1 training
2025-05-12 16:04:06,056 - INFO - fl - client_local_train - client 1 start local training ...
2025-05-12 16:04:09,395 - INFO - fl - start - end client 1 training
2025-05-12 16:04:09,395 - INFO - fl - start - client 1 evaluation metrics: {'train_loss': 450.49721160888674, 'test_acc': 9.58}
2025-05-12 16:04:09,395 - INFO - fl - start - start client 2 training
2025-05-12 16:04:09,395 - INFO - fl - client_local_train - client 2 start local training ...
2025-05-12 16:04:18,022 - INFO - fl - start - end client 2 training
2025-05-12 16:04:18,022 - INFO - fl - start - client 2 evaluation metrics: {'train_loss': 9.087322527832455, 'test_acc': 9.74}
2025-05-12 16:04:18,022 - INFO - fl - start - start client 3 training
2025-05-12 16:04:18,022 - INFO - fl - client_local_train - client 3 start local training ...
2025-05-12 16:04:18,935 - INFO - fl - client_local_train - client 3 is attacker, start poisoning model
2025-05-12 16:04:22,069 - INFO - fl - start - end client 3 training
2025-05-12 16:04:22,069 - INFO - fl - start - client 3 evaluation metrics: {'train_loss': 8191.589523841595, 'test_acc': 11.35}
2025-05-12 16:04:22,069 - INFO - fl - start - start client 4 training
2025-05-12 16:04:22,069 - INFO - fl - client_local_train - client 4 start local training ...
2025-05-12 16:04:25,749 - INFO - fl - start - end client 4 training
2025-05-12 16:04:25,749 - INFO - fl - start - client 4 evaluation metrics: {'train_loss': 453.60833450843546, 'test_acc': 9.58}
2025-05-12 16:04:25,749 - INFO - fl - start - start client 5 training
2025-05-12 16:04:25,749 - INFO - fl - client_local_train - client 5 start local training ...
2025-05-12 16:04:29,265 - INFO - fl - start - end client 5 training
2025-05-12 16:04:29,265 - INFO - fl - start - client 5 evaluation metrics: {'train_loss': 23.612324785303187, 'test_acc': 10.28}
2025-05-12 16:04:29,265 - INFO - fl - start - start client 6 training
2025-05-12 16:04:29,265 - INFO - fl - client_local_train - client 6 start local training ...
2025-05-12 16:04:35,761 - INFO - fl - start - end client 6 training
2025-05-12 16:04:35,761 - INFO - fl - start - client 6 evaluation metrics: {'train_loss': 1186.3009062038632, 'test_acc': 10.1}
2025-05-12 16:04:35,761 - INFO - fl - start - start client 7 training
2025-05-12 16:04:35,761 - INFO - fl - client_local_train - client 7 start local training ...
2025-05-12 16:04:39,732 - INFO - fl - client_local_train - client 7 is attacker, start poisoning model
2025-05-12 16:04:44,504 - INFO - fl - start - end client 7 training
2025-05-12 16:04:44,504 - INFO - fl - start - client 7 evaluation metrics: {'train_loss': 756.2664849065965, 'test_acc': 8.92}
2025-05-12 16:04:44,504 - INFO - fl - start - start client 8 training
2025-05-12 16:04:44,504 - INFO - fl - client_local_train - client 8 start local training ...
2025-05-12 16:04:50,290 - INFO - fl - start - end client 8 training
2025-05-12 16:04:50,290 - INFO - fl - start - client 8 evaluation metrics: {'train_loss': 66.90902737704191, 'test_acc': 10.28}
2025-05-12 16:04:50,290 - INFO - fl - start - start client 9 training
2025-05-12 16:04:50,290 - INFO - fl - client_local_train - client 9 start local training ...
2025-05-12 16:04:57,025 - INFO - fl - start - end client 9 training
2025-05-12 16:04:57,025 - INFO - fl - start - client 9 evaluation metrics: {'train_loss': 70.68147876746673, 'test_acc': 10.09}
2025-05-12 16:04:57,025 - INFO - fl - aggregate_model - start model aggregation...fusion method: dual_defense
2025-05-12 16:04:57,025 - INFO - fl - aggregate_model - start hyper-guard fusion with epsilon 0.01
2025-05-12 16:04:57,025 - INFO - fl - aggregate_model - round 20 attackers: [3, 7]
2025-05-12 16:05:07,727 - DEBUG - util_fusion - fusion_dual_defense - client 0 scores: {0: array([391.40300509]), 1: array([391.40290537]), 2: array([391.40386521]), 3: array([391.40292414]), 4: array([391.40292519]), 5: array([391.40295986]), 6: array([391.40334606]), 7: array([391.40334103]), 8: array([391.40327134]), 9: array([391.40339967])}
2025-05-12 16:05:07,727 - DEBUG - util_fusion - fusion_dual_defense - client 0 norm scores: {0: array([0.10389172]), 1: array([0.]), 2: array([1.]), 3: array([0.01954997]), 4: array([0.02064877]), 5: array([0.05676276]), 6: array([0.45912537]), 7: array([0.45389163]), 8: array([0.38127709]), 9: array([0.51498354])}
2025-05-12 16:05:07,728 - DEBUG - util_fusion - fusion_dual_defense - client 0 similarity threshold: 0.3010130850230023
2025-05-12 16:05:07,728 - INFO - util_fusion - fusion_dual_defense - client 0 selected fusion benigns: [2, 6, 7, 8, 9]
2025-05-12 16:05:07,736 - DEBUG - util_fusion - fusion_dual_defense - client 1 scores: {0: array([391.40300509]), 1: array([391.40290537]), 2: array([391.40386521]), 3: array([391.40292414]), 4: array([391.40292519]), 5: array([391.40295986]), 6: array([391.40334606]), 7: array([391.40334103]), 8: array([391.40327134]), 9: array([391.40339967])}
2025-05-12 16:05:07,737 - DEBUG - util_fusion - fusion_dual_defense - client 1 norm scores: {0: array([0.10389172]), 1: array([0.]), 2: array([1.]), 3: array([0.01954997]), 4: array([0.02064877]), 5: array([0.05676276]), 6: array([0.45912537]), 7: array([0.45389163]), 8: array([0.38127709]), 9: array([0.51498354])}
2025-05-12 16:05:07,737 - DEBUG - util_fusion - fusion_dual_defense - client 1 similarity threshold: 0.3010130850230023
2025-05-12 16:05:07,737 - INFO - util_fusion - fusion_dual_defense - client 1 selected fusion benigns: [2, 6, 7, 8, 9]
2025-05-12 16:05:07,745 - DEBUG - util_fusion - fusion_dual_defense - client 2 scores: {0: array([391.40300509]), 1: array([391.40290537]), 2: array([391.40386521]), 3: array([391.40292414]), 4: array([391.40292519]), 5: array([391.40295986]), 6: array([391.40334606]), 7: array([391.40334103]), 8: array([391.40327134]), 9: array([391.40339967])}
2025-05-12 16:05:07,746 - DEBUG - util_fusion - fusion_dual_defense - client 2 norm scores: {0: array([0.10389172]), 1: array([0.]), 2: array([1.]), 3: array([0.01954997]), 4: array([0.02064877]), 5: array([0.05676276]), 6: array([0.45912537]), 7: array([0.45389163]), 8: array([0.38127709]), 9: array([0.51498354])}
2025-05-12 16:05:07,746 - DEBUG - util_fusion - fusion_dual_defense - client 2 similarity threshold: 0.3010130850230023
2025-05-12 16:05:07,746 - INFO - util_fusion - fusion_dual_defense - client 2 selected fusion benigns: [2, 6, 7, 8, 9]
2025-05-12 16:05:07,754 - DEBUG - util_fusion - fusion_dual_defense - client 3 scores: {0: array([391.40300509]), 1: array([391.40290537]), 2: array([391.40386521]), 3: array([391.40292414]), 4: array([391.40292519]), 5: array([391.40295986]), 6: array([391.40334606]), 7: array([391.40334103]), 8: array([391.40327134]), 9: array([391.40339967])}
2025-05-12 16:05:07,755 - DEBUG - util_fusion - fusion_dual_defense - client 3 norm scores: {0: array([0.10389172]), 1: array([0.]), 2: array([1.]), 3: array([0.01954997]), 4: array([0.02064877]), 5: array([0.05676276]), 6: array([0.45912537]), 7: array([0.45389163]), 8: array([0.38127709]), 9: array([0.51498354])}
2025-05-12 16:05:07,755 - DEBUG - util_fusion - fusion_dual_defense - client 3 similarity threshold: 0.3010130850230023
2025-05-12 16:05:07,755 - INFO - util_fusion - fusion_dual_defense - client 3 selected fusion benigns: [2, 6, 7, 8, 9]
2025-05-12 16:05:07,763 - DEBUG - util_fusion - fusion_dual_defense - client 4 scores: {0: array([391.40300509]), 1: array([391.40290537]), 2: array([391.40386521]), 3: array([391.40292414]), 4: array([391.40292519]), 5: array([391.40295986]), 6: array([391.40334606]), 7: array([391.40334103]), 8: array([391.40327134]), 9: array([391.40339967])}
2025-05-12 16:05:07,764 - DEBUG - util_fusion - fusion_dual_defense - client 4 norm scores: {0: array([0.10389172]), 1: array([0.]), 2: array([1.]), 3: array([0.01954997]), 4: array([0.02064877]), 5: array([0.05676276]), 6: array([0.45912537]), 7: array([0.45389163]), 8: array([0.38127709]), 9: array([0.51498354])}
2025-05-12 16:05:07,764 - DEBUG - util_fusion - fusion_dual_defense - client 4 similarity threshold: 0.3010130850230023
2025-05-12 16:05:07,764 - INFO - util_fusion - fusion_dual_defense - client 4 selected fusion benigns: [2, 6, 7, 8, 9]
2025-05-12 16:05:07,772 - DEBUG - util_fusion - fusion_dual_defense - client 5 scores: {0: array([391.40300509]), 1: array([391.40290537]), 2: array([391.40386521]), 3: array([391.40292414]), 4: array([391.40292519]), 5: array([391.40295986]), 6: array([391.40334606]), 7: array([391.40334103]), 8: array([391.40327134]), 9: array([391.40339967])}
2025-05-12 16:05:07,773 - DEBUG - util_fusion - fusion_dual_defense - client 5 norm scores: {0: array([0.10389172]), 1: array([0.]), 2: array([1.]), 3: array([0.01954997]), 4: array([0.02064877]), 5: array([0.05676276]), 6: array([0.45912537]), 7: array([0.45389163]), 8: array([0.38127709]), 9: array([0.51498354])}
2025-05-12 16:05:07,773 - DEBUG - util_fusion - fusion_dual_defense - client 5 similarity threshold: 0.3010130850230023
2025-05-12 16:05:07,773 - INFO - util_fusion - fusion_dual_defense - client 5 selected fusion benigns: [2, 6, 7, 8, 9]
2025-05-12 16:05:07,781 - DEBUG - util_fusion - fusion_dual_defense - client 6 scores: {0: array([391.40300509]), 1: array([391.40290537]), 2: array([391.40386521]), 3: array([391.40292414]), 4: array([391.40292519]), 5: array([391.40295986]), 6: array([391.40334606]), 7: array([391.40334103]), 8: array([391.40327134]), 9: array([391.40339967])}
2025-05-12 16:05:07,782 - DEBUG - util_fusion - fusion_dual_defense - client 6 norm scores: {0: array([0.10389172]), 1: array([0.]), 2: array([1.]), 3: array([0.01954997]), 4: array([0.02064877]), 5: array([0.05676276]), 6: array([0.45912537]), 7: array([0.45389163]), 8: array([0.38127709]), 9: array([0.51498354])}
2025-05-12 16:05:07,782 - DEBUG - util_fusion - fusion_dual_defense - client 6 similarity threshold: 0.3010130850230023
2025-05-12 16:05:07,782 - INFO - util_fusion - fusion_dual_defense - client 6 selected fusion benigns: [2, 6, 7, 8, 9]
2025-05-12 16:05:07,790 - DEBUG - util_fusion - fusion_dual_defense - client 7 scores: {0: array([391.40300509]), 1: array([391.40290537]), 2: array([391.40386521]), 3: array([391.40292414]), 4: array([391.40292519]), 5: array([391.40295986]), 6: array([391.40334606]), 7: array([391.40334103]), 8: array([391.40327134]), 9: array([391.40339967])}
2025-05-12 16:05:07,791 - DEBUG - util_fusion - fusion_dual_defense - client 7 norm scores: {0: array([0.10389172]), 1: array([0.]), 2: array([1.]), 3: array([0.01954997]), 4: array([0.02064877]), 5: array([0.05676276]), 6: array([0.45912537]), 7: array([0.45389163]), 8: array([0.38127709]), 9: array([0.51498354])}
2025-05-12 16:05:07,791 - DEBUG - util_fusion - fusion_dual_defense - client 7 similarity threshold: 0.3010130850230023
2025-05-12 16:05:07,791 - INFO - util_fusion - fusion_dual_defense - client 7 selected fusion benigns: [2, 6, 7, 8, 9]
2025-05-12 16:05:07,799 - DEBUG - util_fusion - fusion_dual_defense - client 8 scores: {0: array([391.40300509]), 1: array([391.40290537]), 2: array([391.40386521]), 3: array([391.40292414]), 4: array([391.40292519]), 5: array([391.40295986]), 6: array([391.40334606]), 7: array([391.40334103]), 8: array([391.40327134]), 9: array([391.40339967])}
2025-05-12 16:05:07,800 - DEBUG - util_fusion - fusion_dual_defense - client 8 norm scores: {0: array([0.10389172]), 1: array([0.]), 2: array([1.]), 3: array([0.01954997]), 4: array([0.02064877]), 5: array([0.05676276]), 6: array([0.45912537]), 7: array([0.45389163]), 8: array([0.38127709]), 9: array([0.51498354])}
2025-05-12 16:05:07,800 - DEBUG - util_fusion - fusion_dual_defense - client 8 similarity threshold: 0.3010130850230023
2025-05-12 16:05:07,800 - INFO - util_fusion - fusion_dual_defense - client 8 selected fusion benigns: [2, 6, 7, 8, 9]
2025-05-12 16:05:07,808 - DEBUG - util_fusion - fusion_dual_defense - client 9 scores: {0: array([391.40300509]), 1: array([391.40290537]), 2: array([391.40386521]), 3: array([391.40292414]), 4: array([391.40292519]), 5: array([391.40295986]), 6: array([391.40334606]), 7: array([391.40334103]), 8: array([391.40327134]), 9: array([391.40339967])}
2025-05-12 16:05:07,809 - DEBUG - util_fusion - fusion_dual_defense - client 9 norm scores: {0: array([0.10389172]), 1: array([0.]), 2: array([1.]), 3: array([0.01954997]), 4: array([0.02064877]), 5: array([0.05676276]), 6: array([0.45912537]), 7: array([0.45389163]), 8: array([0.38127709]), 9: array([0.51498354])}
2025-05-12 16:05:07,809 - DEBUG - util_fusion - fusion_dual_defense - client 9 similarity threshold: 0.3010130850230023
2025-05-12 16:05:07,809 - INFO - util_fusion - fusion_dual_defense - client 9 selected fusion benigns: [2, 6, 7, 8, 9]
2025-05-12 16:05:07,809 - DEBUG - util_fusion - fusion_dual_defense - final fusion benigns: (2, 6, 7, 8, 9)
2025-05-12 16:05:09,491 - INFO - fl - start - global side -  test accuracy: 11.35
2025-05-12 16:05:09,492 - INFO - fl - start - global side iteration 20 -  test accuracy: 11.35
2025-05-12 16:05:09,492 - INFO - fl - start - start training round 21
2025-05-12 16:05:09,494 - INFO - fl - start - round 21 attackers: [5, 7]
2025-05-12 16:05:09,494 - INFO - fl - start - start client 0 training
2025-05-12 16:05:09,494 - INFO - fl - client_local_train - client 0 start local training ...
2025-05-12 16:05:13,935 - INFO - fl - start - end client 0 training
2025-05-12 16:05:13,935 - INFO - fl - start - client 0 evaluation metrics: {'train_loss': 3317.2412267907876, 'test_acc': 11.35}
2025-05-12 16:05:13,935 - INFO - fl - start - start client 1 training
2025-05-12 16:05:13,935 - INFO - fl - client_local_train - client 1 start local training ...
2025-05-12 16:05:17,265 - INFO - fl - start - end client 1 training
2025-05-12 16:05:17,265 - INFO - fl - start - client 1 evaluation metrics: {'train_loss': 1023.7611145019531, 'test_acc': 9.58}
2025-05-12 16:05:17,265 - INFO - fl - start - start client 2 training
2025-05-12 16:05:17,265 - INFO - fl - client_local_train - client 2 start local training ...
2025-05-12 16:05:25,894 - INFO - fl - start - end client 2 training
2025-05-12 16:05:25,894 - INFO - fl - start - client 2 evaluation metrics: {'train_loss': 18.506288336382973, 'test_acc': 9.74}
2025-05-12 16:05:25,894 - INFO - fl - start - start client 3 training
2025-05-12 16:05:25,894 - INFO - fl - client_local_train - client 3 start local training ...
2025-05-12 16:05:28,364 - INFO - fl - start - end client 3 training
2025-05-12 16:05:28,364 - INFO - fl - start - client 3 evaluation metrics: {'train_loss': 2296.0554451778016, 'test_acc': 11.35}
2025-05-12 16:05:28,364 - INFO - fl - start - start client 4 training
2025-05-12 16:05:28,364 - INFO - fl - client_local_train - client 4 start local training ...
2025-05-12 16:05:32,033 - INFO - fl - start - end client 4 training
2025-05-12 16:05:32,033 - INFO - fl - start - client 4 evaluation metrics: {'train_loss': 1031.1349476781384, 'test_acc': 9.58}
2025-05-12 16:05:32,034 - INFO - fl - start - start client 5 training
2025-05-12 16:05:32,034 - INFO - fl - client_local_train - client 5 start local training ...
2025-05-12 16:05:33,752 - INFO - fl - client_local_train - client 5 is attacker, start poisoning model
2025-05-12 16:05:37,327 - INFO - fl - start - end client 5 training
2025-05-12 16:05:37,327 - INFO - fl - start - client 5 evaluation metrics: {'train_loss': 351.6694669370298, 'test_acc': 10.28}
2025-05-12 16:05:37,327 - INFO - fl - start - start client 6 training
2025-05-12 16:05:37,327 - INFO - fl - client_local_train - client 6 start local training ...
2025-05-12 16:05:43,785 - INFO - fl - start - end client 6 training
2025-05-12 16:05:43,785 - INFO - fl - start - client 6 evaluation metrics: {'train_loss': 2720.9317848025344, 'test_acc': 10.1}
2025-05-12 16:05:43,785 - INFO - fl - start - start client 7 training
2025-05-12 16:05:43,785 - INFO - fl - client_local_train - client 7 start local training ...
2025-05-12 16:05:47,760 - INFO - fl - client_local_train - client 7 is attacker, start poisoning model
2025-05-12 16:05:52,529 - INFO - fl - start - end client 7 training
2025-05-12 16:05:52,529 - INFO - fl - start - client 7 evaluation metrics: {'train_loss': 1709.6201538578157, 'test_acc': 8.92}
2025-05-12 16:05:52,529 - INFO - fl - start - start client 8 training
2025-05-12 16:05:52,529 - INFO - fl - client_local_train - client 8 start local training ...
2025-05-12 16:05:58,298 - INFO - fl - start - end client 8 training
2025-05-12 16:05:58,298 - INFO - fl - start - client 8 evaluation metrics: {'train_loss': 147.7572762034156, 'test_acc': 10.28}
2025-05-12 16:05:58,298 - INFO - fl - start - start client 9 training
2025-05-12 16:05:58,307 - INFO - fl - client_local_train - client 9 start local training ...
2025-05-12 16:06:05,033 - INFO - fl - start - end client 9 training
2025-05-12 16:06:05,033 - INFO - fl - start - client 9 evaluation metrics: {'train_loss': 159.2375333174727, 'test_acc': 10.09}
2025-05-12 16:06:05,033 - INFO - fl - aggregate_model - start model aggregation...fusion method: dual_defense
2025-05-12 16:06:05,033 - INFO - fl - aggregate_model - start hyper-guard fusion with epsilon 0.01
2025-05-12 16:06:05,033 - INFO - fl - aggregate_model - round 21 attackers: [5, 7]
2025-05-12 16:06:15,712 - DEBUG - util_fusion - fusion_dual_defense - client 0 scores: {0: array([153.33921665]), 1: array([153.33916633]), 2: array([153.339228]), 3: array([153.33913299]), 4: array([153.33917906]), 5: array([153.33918358]), 6: array([153.33922611]), 7: array([153.33920844]), 8: array([153.33921305]), 9: array([153.33922054])}
2025-05-12 16:06:15,713 - DEBUG - util_fusion - fusion_dual_defense - client 0 norm scores: {0: array([0.88056284]), 1: array([0.35087208]), 2: array([1.]), 3: array([0.]), 4: array([0.48491965]), 5: array([0.53247562]), 6: array([0.98017093]), 7: array([0.79412187]), 8: array([0.84268182]), 9: array([0.92146451])}
2025-05-12 16:06:15,713 - DEBUG - util_fusion - fusion_dual_defense - client 0 similarity threshold: 0.6787269332982115
2025-05-12 16:06:15,713 - INFO - util_fusion - fusion_dual_defense - client 0 selected fusion benigns: [0, 2, 6, 7, 8, 9]
2025-05-12 16:06:15,721 - DEBUG - util_fusion - fusion_dual_defense - client 1 scores: {0: array([153.33921665]), 1: array([153.33916633]), 2: array([153.339228]), 3: array([153.33913299]), 4: array([153.33917906]), 5: array([153.33918358]), 6: array([153.33922611]), 7: array([153.33920844]), 8: array([153.33921305]), 9: array([153.33922054])}
2025-05-12 16:06:15,722 - DEBUG - util_fusion - fusion_dual_defense - client 1 norm scores: {0: array([0.88056284]), 1: array([0.35087208]), 2: array([1.]), 3: array([0.]), 4: array([0.48491965]), 5: array([0.53247562]), 6: array([0.98017093]), 7: array([0.79412187]), 8: array([0.84268182]), 9: array([0.92146451])}
2025-05-12 16:06:15,722 - DEBUG - util_fusion - fusion_dual_defense - client 1 similarity threshold: 0.6787269332982115
2025-05-12 16:06:15,722 - INFO - util_fusion - fusion_dual_defense - client 1 selected fusion benigns: [0, 2, 6, 7, 8, 9]
2025-05-12 16:06:15,730 - DEBUG - util_fusion - fusion_dual_defense - client 2 scores: {0: array([153.33921665]), 1: array([153.33916633]), 2: array([153.339228]), 3: array([153.33913299]), 4: array([153.33917906]), 5: array([153.33918358]), 6: array([153.33922611]), 7: array([153.33920844]), 8: array([153.33921305]), 9: array([153.33922054])}
2025-05-12 16:06:15,731 - DEBUG - util_fusion - fusion_dual_defense - client 2 norm scores: {0: array([0.88056284]), 1: array([0.35087208]), 2: array([1.]), 3: array([0.]), 4: array([0.48491965]), 5: array([0.53247562]), 6: array([0.98017093]), 7: array([0.79412187]), 8: array([0.84268182]), 9: array([0.92146451])}
2025-05-12 16:06:15,731 - DEBUG - util_fusion - fusion_dual_defense - client 2 similarity threshold: 0.6787269332982115
2025-05-12 16:06:15,731 - INFO - util_fusion - fusion_dual_defense - client 2 selected fusion benigns: [0, 2, 6, 7, 8, 9]
2025-05-12 16:06:15,739 - DEBUG - util_fusion - fusion_dual_defense - client 3 scores: {0: array([153.33921665]), 1: array([153.33916633]), 2: array([153.339228]), 3: array([153.33913299]), 4: array([153.33917906]), 5: array([153.33918358]), 6: array([153.33922611]), 7: array([153.33920844]), 8: array([153.33921305]), 9: array([153.33922054])}
2025-05-12 16:06:15,740 - DEBUG - util_fusion - fusion_dual_defense - client 3 norm scores: {0: array([0.88056284]), 1: array([0.35087208]), 2: array([1.]), 3: array([0.]), 4: array([0.48491965]), 5: array([0.53247562]), 6: array([0.98017093]), 7: array([0.79412187]), 8: array([0.84268182]), 9: array([0.92146451])}
2025-05-12 16:06:15,740 - DEBUG - util_fusion - fusion_dual_defense - client 3 similarity threshold: 0.6787269332982115
2025-05-12 16:06:15,740 - INFO - util_fusion - fusion_dual_defense - client 3 selected fusion benigns: [0, 2, 6, 7, 8, 9]
2025-05-12 16:06:15,748 - DEBUG - util_fusion - fusion_dual_defense - client 4 scores: {0: array([153.33921665]), 1: array([153.33916633]), 2: array([153.339228]), 3: array([153.33913299]), 4: array([153.33917906]), 5: array([153.33918358]), 6: array([153.33922611]), 7: array([153.33920844]), 8: array([153.33921305]), 9: array([153.33922054])}
2025-05-12 16:06:15,749 - DEBUG - util_fusion - fusion_dual_defense - client 4 norm scores: {0: array([0.88056284]), 1: array([0.35087208]), 2: array([1.]), 3: array([0.]), 4: array([0.48491965]), 5: array([0.53247562]), 6: array([0.98017093]), 7: array([0.79412187]), 8: array([0.84268182]), 9: array([0.92146451])}
2025-05-12 16:06:15,749 - DEBUG - util_fusion - fusion_dual_defense - client 4 similarity threshold: 0.6787269332982115
2025-05-12 16:06:15,749 - INFO - util_fusion - fusion_dual_defense - client 4 selected fusion benigns: [0, 2, 6, 7, 8, 9]
2025-05-12 16:06:15,757 - DEBUG - util_fusion - fusion_dual_defense - client 5 scores: {0: array([153.33921665]), 1: array([153.33916633]), 2: array([153.339228]), 3: array([153.33913299]), 4: array([153.33917906]), 5: array([153.33918358]), 6: array([153.33922611]), 7: array([153.33920844]), 8: array([153.33921305]), 9: array([153.33922054])}
2025-05-12 16:06:15,758 - DEBUG - util_fusion - fusion_dual_defense - client 5 norm scores: {0: array([0.88056284]), 1: array([0.35087208]), 2: array([1.]), 3: array([0.]), 4: array([0.48491965]), 5: array([0.53247562]), 6: array([0.98017093]), 7: array([0.79412187]), 8: array([0.84268182]), 9: array([0.92146451])}
2025-05-12 16:06:15,758 - DEBUG - util_fusion - fusion_dual_defense - client 5 similarity threshold: 0.6787269332982115
2025-05-12 16:06:15,758 - INFO - util_fusion - fusion_dual_defense - client 5 selected fusion benigns: [0, 2, 6, 7, 8, 9]
2025-05-12 16:06:15,766 - DEBUG - util_fusion - fusion_dual_defense - client 6 scores: {0: array([153.33921665]), 1: array([153.33916633]), 2: array([153.339228]), 3: array([153.33913299]), 4: array([153.33917906]), 5: array([153.33918358]), 6: array([153.33922611]), 7: array([153.33920844]), 8: array([153.33921305]), 9: array([153.33922054])}
2025-05-12 16:06:15,767 - DEBUG - util_fusion - fusion_dual_defense - client 6 norm scores: {0: array([0.88056284]), 1: array([0.35087208]), 2: array([1.]), 3: array([0.]), 4: array([0.48491965]), 5: array([0.53247562]), 6: array([0.98017093]), 7: array([0.79412187]), 8: array([0.84268182]), 9: array([0.92146451])}
2025-05-12 16:06:15,767 - DEBUG - util_fusion - fusion_dual_defense - client 6 similarity threshold: 0.6787269332982115
2025-05-12 16:06:15,767 - INFO - util_fusion - fusion_dual_defense - client 6 selected fusion benigns: [0, 2, 6, 7, 8, 9]
2025-05-12 16:06:15,775 - DEBUG - util_fusion - fusion_dual_defense - client 7 scores: {0: array([153.33921665]), 1: array([153.33916633]), 2: array([153.339228]), 3: array([153.33913299]), 4: array([153.33917906]), 5: array([153.33918358]), 6: array([153.33922611]), 7: array([153.33920844]), 8: array([153.33921305]), 9: array([153.33922054])}
2025-05-12 16:06:15,776 - DEBUG - util_fusion - fusion_dual_defense - client 7 norm scores: {0: array([0.88056284]), 1: array([0.35087208]), 2: array([1.]), 3: array([0.]), 4: array([0.48491965]), 5: array([0.53247562]), 6: array([0.98017093]), 7: array([0.79412187]), 8: array([0.84268182]), 9: array([0.92146451])}
2025-05-12 16:06:15,776 - DEBUG - util_fusion - fusion_dual_defense - client 7 similarity threshold: 0.6787269332982115
2025-05-12 16:06:15,776 - INFO - util_fusion - fusion_dual_defense - client 7 selected fusion benigns: [0, 2, 6, 7, 8, 9]
2025-05-12 16:06:15,784 - DEBUG - util_fusion - fusion_dual_defense - client 8 scores: {0: array([153.33921665]), 1: array([153.33916633]), 2: array([153.339228]), 3: array([153.33913299]), 4: array([153.33917906]), 5: array([153.33918358]), 6: array([153.33922611]), 7: array([153.33920844]), 8: array([153.33921305]), 9: array([153.33922054])}
2025-05-12 16:06:15,785 - DEBUG - util_fusion - fusion_dual_defense - client 8 norm scores: {0: array([0.88056284]), 1: array([0.35087208]), 2: array([1.]), 3: array([0.]), 4: array([0.48491965]), 5: array([0.53247562]), 6: array([0.98017093]), 7: array([0.79412187]), 8: array([0.84268182]), 9: array([0.92146451])}
2025-05-12 16:06:15,785 - DEBUG - util_fusion - fusion_dual_defense - client 8 similarity threshold: 0.6787269332982115
2025-05-12 16:06:15,785 - INFO - util_fusion - fusion_dual_defense - client 8 selected fusion benigns: [0, 2, 6, 7, 8, 9]
2025-05-12 16:06:15,793 - DEBUG - util_fusion - fusion_dual_defense - client 9 scores: {0: array([153.33921665]), 1: array([153.33916633]), 2: array([153.339228]), 3: array([153.33913299]), 4: array([153.33917906]), 5: array([153.33918358]), 6: array([153.33922611]), 7: array([153.33920844]), 8: array([153.33921305]), 9: array([153.33922054])}
2025-05-12 16:06:15,794 - DEBUG - util_fusion - fusion_dual_defense - client 9 norm scores: {0: array([0.88056284]), 1: array([0.35087208]), 2: array([1.]), 3: array([0.]), 4: array([0.48491965]), 5: array([0.53247562]), 6: array([0.98017093]), 7: array([0.79412187]), 8: array([0.84268182]), 9: array([0.92146451])}
2025-05-12 16:06:15,794 - DEBUG - util_fusion - fusion_dual_defense - client 9 similarity threshold: 0.6787269332982115
2025-05-12 16:06:15,794 - INFO - util_fusion - fusion_dual_defense - client 9 selected fusion benigns: [0, 2, 6, 7, 8, 9]
2025-05-12 16:06:15,794 - DEBUG - util_fusion - fusion_dual_defense - final fusion benigns: (0, 2, 6, 7, 8, 9)
2025-05-12 16:06:17,531 - INFO - fl - start - global side -  test accuracy: 11.35
2025-05-12 16:06:17,532 - INFO - fl - start - global side iteration 21 -  test accuracy: 11.35
2025-05-12 16:06:17,532 - INFO - fl - start - start training round 22
2025-05-12 16:06:17,534 - INFO - fl - start - round 22 attackers: [7, 5]
2025-05-12 16:06:17,534 - INFO - fl - start - start client 0 training
2025-05-12 16:06:17,534 - INFO - fl - client_local_train - client 0 start local training ...
2025-05-12 16:06:21,990 - INFO - fl - start - end client 0 training
2025-05-12 16:06:21,991 - INFO - fl - start - client 0 evaluation metrics: {'train_loss': 7149.795784293831, 'test_acc': 11.35}
2025-05-12 16:06:21,991 - INFO - fl - start - start client 1 training
2025-05-12 16:06:21,991 - INFO - fl - client_local_train - client 1 start local training ...
2025-05-12 16:06:25,355 - INFO - fl - start - end client 1 training
2025-05-12 16:06:25,355 - INFO - fl - start - client 1 evaluation metrics: {'train_loss': 2193.9042517089842, 'test_acc': 9.58}
2025-05-12 16:06:25,355 - INFO - fl - start - start client 2 training
2025-05-12 16:06:25,355 - INFO - fl - client_local_train - client 2 start local training ...
2025-05-12 16:06:33,972 - INFO - fl - start - end client 2 training
2025-05-12 16:06:33,972 - INFO - fl - start - client 2 evaluation metrics: {'train_loss': 37.881006984578235, 'test_acc': 9.74}
2025-05-12 16:06:33,972 - INFO - fl - start - start client 3 training
2025-05-12 16:06:33,973 - INFO - fl - client_local_train - client 3 start local training ...
2025-05-12 16:06:36,455 - INFO - fl - start - end client 3 training
2025-05-12 16:06:36,456 - INFO - fl - start - client 3 evaluation metrics: {'train_loss': 5023.6162109375, 'test_acc': 11.35}
2025-05-12 16:06:36,456 - INFO - fl - start - start client 4 training
2025-05-12 16:06:36,456 - INFO - fl - client_local_train - client 4 start local training ...
2025-05-12 16:06:40,111 - INFO - fl - start - end client 4 training
2025-05-12 16:06:40,111 - INFO - fl - start - client 4 evaluation metrics: {'train_loss': 2217.4150159112337, 'test_acc': 9.58}
2025-05-12 16:06:40,111 - INFO - fl - start - start client 5 training
2025-05-12 16:06:40,111 - INFO - fl - client_local_train - client 5 start local training ...
2025-05-12 16:06:41,837 - INFO - fl - client_local_train - client 5 is attacker, start poisoning model
2025-05-12 16:06:45,412 - INFO - fl - start - end client 5 training
2025-05-12 16:06:45,412 - INFO - fl - start - client 5 evaluation metrics: {'train_loss': 701.743997644495, 'test_acc': 10.28}
2025-05-12 16:06:45,413 - INFO - fl - start - start client 6 training
2025-05-12 16:06:45,421 - INFO - fl - client_local_train - client 6 start local training ...
2025-05-12 16:06:51,909 - INFO - fl - start - end client 6 training
2025-05-12 16:06:51,909 - INFO - fl - start - client 6 evaluation metrics: {'train_loss': 5870.26680917815, 'test_acc': 10.1}
2025-05-12 16:06:51,909 - INFO - fl - start - start client 7 training
2025-05-12 16:06:51,909 - INFO - fl - client_local_train - client 7 start local training ...
2025-05-12 16:06:55,883 - INFO - fl - client_local_train - client 7 is attacker, start poisoning model
2025-05-12 16:07:00,661 - INFO - fl - start - end client 7 training
2025-05-12 16:07:00,661 - INFO - fl - start - client 7 evaluation metrics: {'train_loss': 3664.7976765786448, 'test_acc': 8.92}
2025-05-12 16:07:00,661 - INFO - fl - start - start client 8 training
2025-05-12 16:07:00,661 - INFO - fl - client_local_train - client 8 start local training ...
2025-05-12 16:07:06,429 - INFO - fl - start - end client 8 training
2025-05-12 16:07:06,429 - INFO - fl - start - client 8 evaluation metrics: {'train_loss': 318.190147226507, 'test_acc': 10.28}
2025-05-12 16:07:06,429 - INFO - fl - start - start client 9 training
2025-05-12 16:07:06,429 - INFO - fl - client_local_train - client 9 start local training ...
2025-05-12 16:07:13,148 - INFO - fl - start - end client 9 training
2025-05-12 16:07:13,148 - INFO - fl - start - client 9 evaluation metrics: {'train_loss': 341.7080503361566, 'test_acc': 10.09}
2025-05-12 16:07:13,148 - INFO - fl - aggregate_model - start model aggregation...fusion method: dual_defense
2025-05-12 16:07:13,148 - INFO - fl - aggregate_model - start hyper-guard fusion with epsilon 0.01
2025-05-12 16:07:13,148 - INFO - fl - aggregate_model - round 22 attackers: [5, 7]
2025-05-12 16:07:23,862 - DEBUG - util_fusion - fusion_dual_defense - client 0 scores: {0: array([172.38701175]), 1: array([172.38678857]), 2: array([172.38754357]), 3: array([172.38663715]), 4: array([172.38685849]), 5: array([172.386826]), 6: array([172.38738681]), 7: array([172.387346]), 8: array([172.38728238]), 9: array([172.38741601])}
2025-05-12 16:07:23,863 - DEBUG - util_fusion - fusion_dual_defense - client 0 norm scores: {0: array([0.41327269]), 1: array([0.16704596]), 2: array([1.]), 3: array([0.]), 4: array([0.24419291]), 5: array([0.20834438]), 6: array([0.82705401]), 7: array([0.7820323]), 8: array([0.71183908]), 9: array([0.85926372])}
2025-05-12 16:07:23,863 - DEBUG - util_fusion - fusion_dual_defense - client 0 similarity threshold: 0.521304504504173
2025-05-12 16:07:23,863 - INFO - util_fusion - fusion_dual_defense - client 0 selected fusion benigns: [2, 6, 7, 8, 9]
2025-05-12 16:07:23,871 - DEBUG - util_fusion - fusion_dual_defense - client 1 scores: {0: array([172.38701175]), 1: array([172.38678857]), 2: array([172.38754357]), 3: array([172.38663715]), 4: array([172.38685849]), 5: array([172.386826]), 6: array([172.38738681]), 7: array([172.387346]), 8: array([172.38728238]), 9: array([172.38741601])}
2025-05-12 16:07:23,872 - DEBUG - util_fusion - fusion_dual_defense - client 1 norm scores: {0: array([0.41327269]), 1: array([0.16704596]), 2: array([1.]), 3: array([0.]), 4: array([0.24419291]), 5: array([0.20834438]), 6: array([0.82705401]), 7: array([0.7820323]), 8: array([0.71183908]), 9: array([0.85926372])}
2025-05-12 16:07:23,872 - DEBUG - util_fusion - fusion_dual_defense - client 1 similarity threshold: 0.521304504504173
2025-05-12 16:07:23,872 - INFO - util_fusion - fusion_dual_defense - client 1 selected fusion benigns: [2, 6, 7, 8, 9]
2025-05-12 16:07:23,880 - DEBUG - util_fusion - fusion_dual_defense - client 2 scores: {0: array([172.38701175]), 1: array([172.38678857]), 2: array([172.38754357]), 3: array([172.38663715]), 4: array([172.38685849]), 5: array([172.386826]), 6: array([172.38738681]), 7: array([172.387346]), 8: array([172.38728238]), 9: array([172.38741601])}
2025-05-12 16:07:23,881 - DEBUG - util_fusion - fusion_dual_defense - client 2 norm scores: {0: array([0.41327269]), 1: array([0.16704596]), 2: array([1.]), 3: array([0.]), 4: array([0.24419291]), 5: array([0.20834438]), 6: array([0.82705401]), 7: array([0.7820323]), 8: array([0.71183908]), 9: array([0.85926372])}
2025-05-12 16:07:23,881 - DEBUG - util_fusion - fusion_dual_defense - client 2 similarity threshold: 0.521304504504173
2025-05-12 16:07:23,881 - INFO - util_fusion - fusion_dual_defense - client 2 selected fusion benigns: [2, 6, 7, 8, 9]
2025-05-12 16:07:23,889 - DEBUG - util_fusion - fusion_dual_defense - client 3 scores: {0: array([172.38701175]), 1: array([172.38678857]), 2: array([172.38754357]), 3: array([172.38663715]), 4: array([172.38685849]), 5: array([172.386826]), 6: array([172.38738681]), 7: array([172.387346]), 8: array([172.38728238]), 9: array([172.38741601])}
2025-05-12 16:07:23,890 - DEBUG - util_fusion - fusion_dual_defense - client 3 norm scores: {0: array([0.41327269]), 1: array([0.16704596]), 2: array([1.]), 3: array([0.]), 4: array([0.24419291]), 5: array([0.20834438]), 6: array([0.82705401]), 7: array([0.7820323]), 8: array([0.71183908]), 9: array([0.85926372])}
2025-05-12 16:07:23,890 - DEBUG - util_fusion - fusion_dual_defense - client 3 similarity threshold: 0.521304504504173
2025-05-12 16:07:23,890 - INFO - util_fusion - fusion_dual_defense - client 3 selected fusion benigns: [2, 6, 7, 8, 9]
2025-05-12 16:07:23,898 - DEBUG - util_fusion - fusion_dual_defense - client 4 scores: {0: array([172.38701175]), 1: array([172.38678857]), 2: array([172.38754357]), 3: array([172.38663715]), 4: array([172.38685849]), 5: array([172.386826]), 6: array([172.38738681]), 7: array([172.387346]), 8: array([172.38728238]), 9: array([172.38741601])}
2025-05-12 16:07:23,899 - DEBUG - util_fusion - fusion_dual_defense - client 4 norm scores: {0: array([0.41327269]), 1: array([0.16704596]), 2: array([1.]), 3: array([0.]), 4: array([0.24419291]), 5: array([0.20834438]), 6: array([0.82705401]), 7: array([0.7820323]), 8: array([0.71183908]), 9: array([0.85926372])}
2025-05-12 16:07:23,899 - DEBUG - util_fusion - fusion_dual_defense - client 4 similarity threshold: 0.521304504504173
2025-05-12 16:07:23,899 - INFO - util_fusion - fusion_dual_defense - client 4 selected fusion benigns: [2, 6, 7, 8, 9]
2025-05-12 16:07:23,907 - DEBUG - util_fusion - fusion_dual_defense - client 5 scores: {0: array([172.38701175]), 1: array([172.38678857]), 2: array([172.38754357]), 3: array([172.38663715]), 4: array([172.38685849]), 5: array([172.386826]), 6: array([172.38738681]), 7: array([172.387346]), 8: array([172.38728238]), 9: array([172.38741601])}
2025-05-12 16:07:23,908 - DEBUG - util_fusion - fusion_dual_defense - client 5 norm scores: {0: array([0.41327269]), 1: array([0.16704596]), 2: array([1.]), 3: array([0.]), 4: array([0.24419291]), 5: array([0.20834438]), 6: array([0.82705401]), 7: array([0.7820323]), 8: array([0.71183908]), 9: array([0.85926372])}
2025-05-12 16:07:23,908 - DEBUG - util_fusion - fusion_dual_defense - client 5 similarity threshold: 0.521304504504173
2025-05-12 16:07:23,908 - INFO - util_fusion - fusion_dual_defense - client 5 selected fusion benigns: [2, 6, 7, 8, 9]
2025-05-12 16:07:23,916 - DEBUG - util_fusion - fusion_dual_defense - client 6 scores: {0: array([172.38701175]), 1: array([172.38678857]), 2: array([172.38754357]), 3: array([172.38663715]), 4: array([172.38685849]), 5: array([172.386826]), 6: array([172.38738681]), 7: array([172.387346]), 8: array([172.38728238]), 9: array([172.38741601])}
2025-05-12 16:07:23,917 - DEBUG - util_fusion - fusion_dual_defense - client 6 norm scores: {0: array([0.41327269]), 1: array([0.16704596]), 2: array([1.]), 3: array([0.]), 4: array([0.24419291]), 5: array([0.20834438]), 6: array([0.82705401]), 7: array([0.7820323]), 8: array([0.71183908]), 9: array([0.85926372])}
2025-05-12 16:07:23,917 - DEBUG - util_fusion - fusion_dual_defense - client 6 similarity threshold: 0.521304504504173
2025-05-12 16:07:23,917 - INFO - util_fusion - fusion_dual_defense - client 6 selected fusion benigns: [2, 6, 7, 8, 9]
2025-05-12 16:07:23,925 - DEBUG - util_fusion - fusion_dual_defense - client 7 scores: {0: array([172.38701175]), 1: array([172.38678857]), 2: array([172.38754357]), 3: array([172.38663715]), 4: array([172.38685849]), 5: array([172.386826]), 6: array([172.38738681]), 7: array([172.387346]), 8: array([172.38728238]), 9: array([172.38741601])}
2025-05-12 16:07:23,926 - DEBUG - util_fusion - fusion_dual_defense - client 7 norm scores: {0: array([0.41327269]), 1: array([0.16704596]), 2: array([1.]), 3: array([0.]), 4: array([0.24419291]), 5: array([0.20834438]), 6: array([0.82705401]), 7: array([0.7820323]), 8: array([0.71183908]), 9: array([0.85926372])}
2025-05-12 16:07:23,926 - DEBUG - util_fusion - fusion_dual_defense - client 7 similarity threshold: 0.521304504504173
2025-05-12 16:07:23,926 - INFO - util_fusion - fusion_dual_defense - client 7 selected fusion benigns: [2, 6, 7, 8, 9]
2025-05-12 16:07:23,934 - DEBUG - util_fusion - fusion_dual_defense - client 8 scores: {0: array([172.38701175]), 1: array([172.38678857]), 2: array([172.38754357]), 3: array([172.38663715]), 4: array([172.38685849]), 5: array([172.386826]), 6: array([172.38738681]), 7: array([172.387346]), 8: array([172.38728238]), 9: array([172.38741601])}
2025-05-12 16:07:23,935 - DEBUG - util_fusion - fusion_dual_defense - client 8 norm scores: {0: array([0.41327269]), 1: array([0.16704596]), 2: array([1.]), 3: array([0.]), 4: array([0.24419291]), 5: array([0.20834438]), 6: array([0.82705401]), 7: array([0.7820323]), 8: array([0.71183908]), 9: array([0.85926372])}
2025-05-12 16:07:23,935 - DEBUG - util_fusion - fusion_dual_defense - client 8 similarity threshold: 0.521304504504173
2025-05-12 16:07:23,935 - INFO - util_fusion - fusion_dual_defense - client 8 selected fusion benigns: [2, 6, 7, 8, 9]
2025-05-12 16:07:23,943 - DEBUG - util_fusion - fusion_dual_defense - client 9 scores: {0: array([172.38701175]), 1: array([172.38678857]), 2: array([172.38754357]), 3: array([172.38663715]), 4: array([172.38685849]), 5: array([172.386826]), 6: array([172.38738681]), 7: array([172.387346]), 8: array([172.38728238]), 9: array([172.38741601])}
2025-05-12 16:07:23,944 - DEBUG - util_fusion - fusion_dual_defense - client 9 norm scores: {0: array([0.41327269]), 1: array([0.16704596]), 2: array([1.]), 3: array([0.]), 4: array([0.24419291]), 5: array([0.20834438]), 6: array([0.82705401]), 7: array([0.7820323]), 8: array([0.71183908]), 9: array([0.85926372])}
2025-05-12 16:07:23,944 - DEBUG - util_fusion - fusion_dual_defense - client 9 similarity threshold: 0.521304504504173
2025-05-12 16:07:23,944 - INFO - util_fusion - fusion_dual_defense - client 9 selected fusion benigns: [2, 6, 7, 8, 9]
2025-05-12 16:07:23,944 - DEBUG - util_fusion - fusion_dual_defense - final fusion benigns: (2, 6, 7, 8, 9)
2025-05-12 16:07:25,629 - INFO - fl - start - global side -  test accuracy: 8.92
2025-05-12 16:07:25,629 - INFO - fl - start - global side iteration 22 -  test accuracy: 8.92
2025-05-12 16:07:25,629 - INFO - fl - start - start training round 23
2025-05-12 16:07:25,631 - INFO - fl - start - round 23 attackers: [5, 1]
2025-05-12 16:07:25,631 - INFO - fl - start - start client 0 training
2025-05-12 16:07:25,631 - INFO - fl - client_local_train - client 0 start local training ...
2025-05-12 16:07:30,070 - INFO - fl - start - end client 0 training
2025-05-12 16:07:30,070 - INFO - fl - start - client 0 evaluation metrics: {'train_loss': 16333.395216112012, 'test_acc': 11.35}
2025-05-12 16:07:30,070 - INFO - fl - start - start client 1 training
2025-05-12 16:07:30,070 - INFO - fl - client_local_train - client 1 start local training ...
2025-05-12 16:07:31,664 - INFO - fl - client_local_train - client 1 is attacker, start poisoning model
2025-05-12 16:07:35,160 - INFO - fl - start - end client 1 training
2025-05-12 16:07:35,160 - INFO - fl - start - client 1 evaluation metrics: {'train_loss': 40383.474921875, 'test_acc': 9.58}
2025-05-12 16:07:35,160 - INFO - fl - start - start client 2 training
2025-05-12 16:07:35,169 - INFO - fl - client_local_train - client 2 start local training ...
2025-05-12 16:07:43,857 - INFO - fl - start - end client 2 training
2025-05-12 16:07:43,857 - INFO - fl - start - client 2 evaluation metrics: {'train_loss': 84.39091313944922, 'test_acc': 9.74}
2025-05-12 16:07:43,857 - INFO - fl - start - start client 3 training
2025-05-12 16:07:43,857 - INFO - fl - client_local_train - client 3 start local training ...
2025-05-12 16:07:46,326 - INFO - fl - start - end client 3 training
2025-05-12 16:07:46,326 - INFO - fl - start - client 3 evaluation metrics: {'train_loss': 11683.662277747844, 'test_acc': 11.35}
2025-05-12 16:07:46,326 - INFO - fl - start - start client 4 training
2025-05-12 16:07:46,326 - INFO - fl - client_local_train - client 4 start local training ...
2025-05-12 16:07:49,993 - INFO - fl - start - end client 4 training
2025-05-12 16:07:49,994 - INFO - fl - start - client 4 evaluation metrics: {'train_loss': 5076.6954977101295, 'test_acc': 9.58}
2025-05-12 16:07:49,994 - INFO - fl - start - start client 5 training
2025-05-12 16:07:49,994 - INFO - fl - client_local_train - client 5 start local training ...
2025-05-12 16:07:51,732 - INFO - fl - client_local_train - client 5 is attacker, start poisoning model
2025-05-12 16:07:55,313 - INFO - fl - start - end client 5 training
2025-05-12 16:07:55,313 - INFO - fl - start - client 5 evaluation metrics: {'train_loss': 1543.781642207393, 'test_acc': 10.28}
2025-05-12 16:07:55,313 - INFO - fl - start - start client 6 training
2025-05-12 16:07:55,313 - INFO - fl - client_local_train - client 6 start local training ...
2025-05-12 16:08:01,790 - INFO - fl - start - end client 6 training
2025-05-12 16:08:01,790 - INFO - fl - start - client 6 evaluation metrics: {'train_loss': 13448.709384227363, 'test_acc': 10.1}
2025-05-12 16:08:01,790 - INFO - fl - start - start client 7 training
2025-05-12 16:08:01,790 - INFO - fl - client_local_train - client 7 start local training ...
2025-05-12 16:08:08,119 - INFO - fl - start - end client 7 training
2025-05-12 16:08:08,119 - INFO - fl - start - client 7 evaluation metrics: {'train_loss': 1046.2085791557065, 'test_acc': 8.92}
2025-05-12 16:08:08,119 - INFO - fl - start - start client 8 training
2025-05-12 16:08:08,119 - INFO - fl - client_local_train - client 8 start local training ...
2025-05-12 16:08:13,908 - INFO - fl - start - end client 8 training
2025-05-12 16:08:13,908 - INFO - fl - start - client 8 evaluation metrics: {'train_loss': 724.233508643237, 'test_acc': 10.28}
2025-05-12 16:08:13,908 - INFO - fl - start - start client 9 training
2025-05-12 16:08:13,908 - INFO - fl - client_local_train - client 9 start local training ...
2025-05-12 16:08:20,604 - INFO - fl - start - end client 9 training
2025-05-12 16:08:20,604 - INFO - fl - start - client 9 evaluation metrics: {'train_loss': 774.1487510858622, 'test_acc': 10.09}
2025-05-12 16:08:20,604 - INFO - fl - aggregate_model - start model aggregation...fusion method: dual_defense
2025-05-12 16:08:20,604 - INFO - fl - aggregate_model - start hyper-guard fusion with epsilon 0.01
2025-05-12 16:08:20,604 - INFO - fl - aggregate_model - round 23 attackers: [1, 5]
2025-05-12 16:08:31,319 - DEBUG - util_fusion - fusion_dual_defense - client 0 scores: {0: array([77.99117473]), 1: array([77.9911487]), 2: array([77.99122282]), 3: array([77.99111698]), 4: array([77.99115516]), 5: array([77.99115532]), 6: array([77.99120013]), 7: array([77.99119106]), 8: array([77.99119239]), 9: array([77.99119623])}
2025-05-12 16:08:31,320 - DEBUG - util_fusion - fusion_dual_defense - client 0 norm scores: {0: array([0.54559459]), 1: array([0.29970898]), 2: array([1.]), 3: array([0.]), 4: array([0.36070792]), 5: array([0.36223115]), 6: array([0.78565313]), 7: array([0.6998752]), 8: array([0.71248436]), 9: array([0.74872013])}
2025-05-12 16:08:31,320 - DEBUG - util_fusion - fusion_dual_defense - client 0 similarity threshold: 0.5514975448480222
2025-05-12 16:08:31,320 - INFO - util_fusion - fusion_dual_defense - client 0 selected fusion benigns: [2, 6, 7, 8, 9]
2025-05-12 16:08:31,329 - DEBUG - util_fusion - fusion_dual_defense - client 1 scores: {0: array([77.99117473]), 1: array([77.9911487]), 2: array([77.99122282]), 3: array([77.99111698]), 4: array([77.99115516]), 5: array([77.99115532]), 6: array([77.99120013]), 7: array([77.99119106]), 8: array([77.99119239]), 9: array([77.99119623])}
2025-05-12 16:08:31,329 - DEBUG - util_fusion - fusion_dual_defense - client 1 norm scores: {0: array([0.54559459]), 1: array([0.29970898]), 2: array([1.]), 3: array([0.]), 4: array([0.36070792]), 5: array([0.36223115]), 6: array([0.78565313]), 7: array([0.6998752]), 8: array([0.71248436]), 9: array([0.74872013])}
2025-05-12 16:08:31,329 - DEBUG - util_fusion - fusion_dual_defense - client 1 similarity threshold: 0.5514975448480222
2025-05-12 16:08:31,329 - INFO - util_fusion - fusion_dual_defense - client 1 selected fusion benigns: [2, 6, 7, 8, 9]
2025-05-12 16:08:31,338 - DEBUG - util_fusion - fusion_dual_defense - client 2 scores: {0: array([77.99117473]), 1: array([77.9911487]), 2: array([77.99122282]), 3: array([77.99111698]), 4: array([77.99115516]), 5: array([77.99115532]), 6: array([77.99120013]), 7: array([77.99119106]), 8: array([77.99119239]), 9: array([77.99119623])}
2025-05-12 16:08:31,338 - DEBUG - util_fusion - fusion_dual_defense - client 2 norm scores: {0: array([0.54559459]), 1: array([0.29970898]), 2: array([1.]), 3: array([0.]), 4: array([0.36070792]), 5: array([0.36223115]), 6: array([0.78565313]), 7: array([0.6998752]), 8: array([0.71248436]), 9: array([0.74872013])}
2025-05-12 16:08:31,338 - DEBUG - util_fusion - fusion_dual_defense - client 2 similarity threshold: 0.5514975448480222
2025-05-12 16:08:31,338 - INFO - util_fusion - fusion_dual_defense - client 2 selected fusion benigns: [2, 6, 7, 8, 9]
2025-05-12 16:08:31,347 - DEBUG - util_fusion - fusion_dual_defense - client 3 scores: {0: array([77.99117473]), 1: array([77.9911487]), 2: array([77.99122282]), 3: array([77.99111698]), 4: array([77.99115516]), 5: array([77.99115532]), 6: array([77.99120013]), 7: array([77.99119106]), 8: array([77.99119239]), 9: array([77.99119623])}
2025-05-12 16:08:31,347 - DEBUG - util_fusion - fusion_dual_defense - client 3 norm scores: {0: array([0.54559459]), 1: array([0.29970898]), 2: array([1.]), 3: array([0.]), 4: array([0.36070792]), 5: array([0.36223115]), 6: array([0.78565313]), 7: array([0.6998752]), 8: array([0.71248436]), 9: array([0.74872013])}
2025-05-12 16:08:31,347 - DEBUG - util_fusion - fusion_dual_defense - client 3 similarity threshold: 0.5514975448480222
2025-05-12 16:08:31,347 - INFO - util_fusion - fusion_dual_defense - client 3 selected fusion benigns: [2, 6, 7, 8, 9]
2025-05-12 16:08:31,356 - DEBUG - util_fusion - fusion_dual_defense - client 4 scores: {0: array([77.99117473]), 1: array([77.9911487]), 2: array([77.99122282]), 3: array([77.99111698]), 4: array([77.99115516]), 5: array([77.99115532]), 6: array([77.99120013]), 7: array([77.99119106]), 8: array([77.99119239]), 9: array([77.99119623])}
2025-05-12 16:08:31,356 - DEBUG - util_fusion - fusion_dual_defense - client 4 norm scores: {0: array([0.54559459]), 1: array([0.29970898]), 2: array([1.]), 3: array([0.]), 4: array([0.36070792]), 5: array([0.36223115]), 6: array([0.78565313]), 7: array([0.6998752]), 8: array([0.71248436]), 9: array([0.74872013])}
2025-05-12 16:08:31,356 - DEBUG - util_fusion - fusion_dual_defense - client 4 similarity threshold: 0.5514975448480222
2025-05-12 16:08:31,356 - INFO - util_fusion - fusion_dual_defense - client 4 selected fusion benigns: [2, 6, 7, 8, 9]
2025-05-12 16:08:31,365 - DEBUG - util_fusion - fusion_dual_defense - client 5 scores: {0: array([77.99117473]), 1: array([77.9911487]), 2: array([77.99122282]), 3: array([77.99111698]), 4: array([77.99115516]), 5: array([77.99115532]), 6: array([77.99120013]), 7: array([77.99119106]), 8: array([77.99119239]), 9: array([77.99119623])}
2025-05-12 16:08:31,365 - DEBUG - util_fusion - fusion_dual_defense - client 5 norm scores: {0: array([0.54559459]), 1: array([0.29970898]), 2: array([1.]), 3: array([0.]), 4: array([0.36070792]), 5: array([0.36223115]), 6: array([0.78565313]), 7: array([0.6998752]), 8: array([0.71248436]), 9: array([0.74872013])}
2025-05-12 16:08:31,365 - DEBUG - util_fusion - fusion_dual_defense - client 5 similarity threshold: 0.5514975448480222
2025-05-12 16:08:31,365 - INFO - util_fusion - fusion_dual_defense - client 5 selected fusion benigns: [2, 6, 7, 8, 9]
2025-05-12 16:08:31,373 - DEBUG - util_fusion - fusion_dual_defense - client 6 scores: {0: array([77.99117473]), 1: array([77.9911487]), 2: array([77.99122282]), 3: array([77.99111698]), 4: array([77.99115516]), 5: array([77.99115532]), 6: array([77.99120013]), 7: array([77.99119106]), 8: array([77.99119239]), 9: array([77.99119623])}
2025-05-12 16:08:31,374 - DEBUG - util_fusion - fusion_dual_defense - client 6 norm scores: {0: array([0.54559459]), 1: array([0.29970898]), 2: array([1.]), 3: array([0.]), 4: array([0.36070792]), 5: array([0.36223115]), 6: array([0.78565313]), 7: array([0.6998752]), 8: array([0.71248436]), 9: array([0.74872013])}
2025-05-12 16:08:31,374 - DEBUG - util_fusion - fusion_dual_defense - client 6 similarity threshold: 0.5514975448480222
2025-05-12 16:08:31,374 - INFO - util_fusion - fusion_dual_defense - client 6 selected fusion benigns: [2, 6, 7, 8, 9]
2025-05-12 16:08:31,382 - DEBUG - util_fusion - fusion_dual_defense - client 7 scores: {0: array([77.99117473]), 1: array([77.9911487]), 2: array([77.99122282]), 3: array([77.99111698]), 4: array([77.99115516]), 5: array([77.99115532]), 6: array([77.99120013]), 7: array([77.99119106]), 8: array([77.99119239]), 9: array([77.99119623])}
2025-05-12 16:08:31,383 - DEBUG - util_fusion - fusion_dual_defense - client 7 norm scores: {0: array([0.54559459]), 1: array([0.29970898]), 2: array([1.]), 3: array([0.]), 4: array([0.36070792]), 5: array([0.36223115]), 6: array([0.78565313]), 7: array([0.6998752]), 8: array([0.71248436]), 9: array([0.74872013])}
2025-05-12 16:08:31,383 - DEBUG - util_fusion - fusion_dual_defense - client 7 similarity threshold: 0.5514975448480222
2025-05-12 16:08:31,383 - INFO - util_fusion - fusion_dual_defense - client 7 selected fusion benigns: [2, 6, 7, 8, 9]
2025-05-12 16:08:31,391 - DEBUG - util_fusion - fusion_dual_defense - client 8 scores: {0: array([77.99117473]), 1: array([77.9911487]), 2: array([77.99122282]), 3: array([77.99111698]), 4: array([77.99115516]), 5: array([77.99115532]), 6: array([77.99120013]), 7: array([77.99119106]), 8: array([77.99119239]), 9: array([77.99119623])}
2025-05-12 16:08:31,392 - DEBUG - util_fusion - fusion_dual_defense - client 8 norm scores: {0: array([0.54559459]), 1: array([0.29970898]), 2: array([1.]), 3: array([0.]), 4: array([0.36070792]), 5: array([0.36223115]), 6: array([0.78565313]), 7: array([0.6998752]), 8: array([0.71248436]), 9: array([0.74872013])}
2025-05-12 16:08:31,392 - DEBUG - util_fusion - fusion_dual_defense - client 8 similarity threshold: 0.5514975448480222
2025-05-12 16:08:31,392 - INFO - util_fusion - fusion_dual_defense - client 8 selected fusion benigns: [2, 6, 7, 8, 9]
2025-05-12 16:08:31,400 - DEBUG - util_fusion - fusion_dual_defense - client 9 scores: {0: array([77.99117473]), 1: array([77.9911487]), 2: array([77.99122282]), 3: array([77.99111698]), 4: array([77.99115516]), 5: array([77.99115532]), 6: array([77.99120013]), 7: array([77.99119106]), 8: array([77.99119239]), 9: array([77.99119623])}
2025-05-12 16:08:31,401 - DEBUG - util_fusion - fusion_dual_defense - client 9 norm scores: {0: array([0.54559459]), 1: array([0.29970898]), 2: array([1.]), 3: array([0.]), 4: array([0.36070792]), 5: array([0.36223115]), 6: array([0.78565313]), 7: array([0.6998752]), 8: array([0.71248436]), 9: array([0.74872013])}
2025-05-12 16:08:31,401 - DEBUG - util_fusion - fusion_dual_defense - client 9 similarity threshold: 0.5514975448480222
2025-05-12 16:08:31,401 - INFO - util_fusion - fusion_dual_defense - client 9 selected fusion benigns: [2, 6, 7, 8, 9]
2025-05-12 16:08:31,401 - DEBUG - util_fusion - fusion_dual_defense - final fusion benigns: (2, 6, 7, 8, 9)
2025-05-12 16:08:33,078 - INFO - fl - start - global side -  test accuracy: 11.35
2025-05-12 16:08:33,078 - INFO - fl - start - global side iteration 23 -  test accuracy: 11.35
2025-05-12 16:08:33,078 - INFO - fl - start - start training round 24
2025-05-12 16:08:33,080 - INFO - fl - start - round 24 attackers: [6, 0]
2025-05-12 16:08:33,080 - INFO - fl - start - start client 0 training
2025-05-12 16:08:33,080 - INFO - fl - client_local_train - client 0 start local training ...
2025-05-12 16:08:35,553 - INFO - fl - client_local_train - client 0 is attacker, start poisoning model
2025-05-12 16:08:39,520 - INFO - fl - start - end client 0 training
2025-05-12 16:08:39,520 - INFO - fl - start - client 0 evaluation metrics: {'train_loss': 130945.47209821429, 'test_acc': 11.35}
2025-05-12 16:08:39,520 - INFO - fl - start - start client 1 training
2025-05-12 16:08:39,520 - INFO - fl - client_local_train - client 1 start local training ...
2025-05-12 16:08:42,896 - INFO - fl - start - end client 1 training
2025-05-12 16:08:42,896 - INFO - fl - start - client 1 evaluation metrics: {'train_loss': 5014.647521972656, 'test_acc': 9.58}
2025-05-12 16:08:42,896 - INFO - fl - start - start client 2 training
2025-05-12 16:08:42,896 - INFO - fl - client_local_train - client 2 start local training ...
2025-05-12 16:08:51,515 - INFO - fl - start - end client 2 training
2025-05-12 16:08:51,515 - INFO - fl - start - client 2 evaluation metrics: {'train_loss': 84.32524967392285, 'test_acc': 9.74}
2025-05-12 16:08:51,515 - INFO - fl - start - start client 3 training
2025-05-12 16:08:51,515 - INFO - fl - client_local_train - client 3 start local training ...
2025-05-12 16:08:54,010 - INFO - fl - start - end client 3 training
2025-05-12 16:08:54,011 - INFO - fl - start - client 3 evaluation metrics: {'train_loss': 11372.199673356681, 'test_acc': 11.35}
2025-05-12 16:08:54,011 - INFO - fl - start - start client 4 training
2025-05-12 16:08:54,011 - INFO - fl - client_local_train - client 4 start local training ...
2025-05-12 16:08:57,676 - INFO - fl - start - end client 4 training
2025-05-12 16:08:57,676 - INFO - fl - start - client 4 evaluation metrics: {'train_loss': 5056.784979458513, 'test_acc': 9.58}
2025-05-12 16:08:57,676 - INFO - fl - start - start client 5 training
2025-05-12 16:08:57,676 - INFO - fl - client_local_train - client 5 start local training ...
2025-05-12 16:09:01,194 - INFO - fl - start - end client 5 training
2025-05-12 16:09:01,194 - INFO - fl - start - client 5 evaluation metrics: {'train_loss': 192.15539437753182, 'test_acc': 10.28}
2025-05-12 16:09:01,194 - INFO - fl - start - start client 6 training
2025-05-12 16:09:01,194 - INFO - fl - client_local_train - client 6 start local training ...
2025-05-12 16:09:05,231 - INFO - fl - client_local_train - client 6 is attacker, start poisoning model
2025-05-12 16:09:10,044 - INFO - fl - start - end client 6 training
2025-05-12 16:09:10,044 - INFO - fl - start - client 6 evaluation metrics: {'train_loss': 107508.23486712598, 'test_acc': 10.1}
2025-05-12 16:09:10,044 - INFO - fl - start - start client 7 training
2025-05-12 16:09:10,044 - INFO - fl - client_local_train - client 7 start local training ...
2025-05-12 16:09:16,425 - INFO - fl - start - end client 7 training
2025-05-12 16:09:16,425 - INFO - fl - start - client 7 evaluation metrics: {'train_loss': 1043.4695678218718, 'test_acc': 8.92}
2025-05-12 16:09:16,425 - INFO - fl - start - start client 8 training
2025-05-12 16:09:16,425 - INFO - fl - client_local_train - client 8 start local training ...
2025-05-12 16:09:22,211 - INFO - fl - start - end client 8 training
2025-05-12 16:09:22,212 - INFO - fl - start - client 8 evaluation metrics: {'train_loss': 716.4450882781636, 'test_acc': 10.28}
2025-05-12 16:09:22,212 - INFO - fl - start - start client 9 training
2025-05-12 16:09:22,212 - INFO - fl - client_local_train - client 9 start local training ...
2025-05-12 16:09:28,936 - INFO - fl - start - end client 9 training
2025-05-12 16:09:28,937 - INFO - fl - start - client 9 evaluation metrics: {'train_loss': 782.7435999391671, 'test_acc': 10.09}
2025-05-12 16:09:28,937 - INFO - fl - aggregate_model - start model aggregation...fusion method: dual_defense
2025-05-12 16:09:28,937 - INFO - fl - aggregate_model - start hyper-guard fusion with epsilon 0.01
2025-05-12 16:09:28,937 - INFO - fl - aggregate_model - round 24 attackers: [0, 6]
2025-05-12 16:09:39,677 - DEBUG - util_fusion - fusion_dual_defense - client 0 scores: {0: array([311.92878823]), 1: array([311.92878285]), 2: array([311.9291227]), 3: array([311.92877937]), 4: array([311.92877586]), 5: array([311.92876357]), 6: array([311.92893805]), 7: array([311.92893124]), 8: array([311.92886949]), 9: array([311.92895829])}
2025-05-12 16:09:39,678 - DEBUG - util_fusion - fusion_dual_defense - client 0 norm scores: {0: array([0.06866589]), 1: array([0.05367729]), 2: array([1.]), 3: array([0.04399804]), 4: array([0.03422227]), 5: array([0.]), 6: array([0.48584021]), 7: array([0.46686107]), 8: array([0.29493386]), 9: array([0.54218612])}
2025-05-12 16:09:39,678 - DEBUG - util_fusion - fusion_dual_defense - client 0 similarity threshold: 0.29903847510902554
2025-05-12 16:09:39,678 - INFO - util_fusion - fusion_dual_defense - client 0 selected fusion benigns: [2, 6, 7, 9]
2025-05-12 16:09:39,687 - DEBUG - util_fusion - fusion_dual_defense - client 1 scores: {0: array([311.92878823]), 1: array([311.92878285]), 2: array([311.9291227]), 3: array([311.92877937]), 4: array([311.92877586]), 5: array([311.92876357]), 6: array([311.92893805]), 7: array([311.92893124]), 8: array([311.92886949]), 9: array([311.92895829])}
2025-05-12 16:09:39,688 - DEBUG - util_fusion - fusion_dual_defense - client 1 norm scores: {0: array([0.06866589]), 1: array([0.05367729]), 2: array([1.]), 3: array([0.04399804]), 4: array([0.03422227]), 5: array([0.]), 6: array([0.48584021]), 7: array([0.46686107]), 8: array([0.29493386]), 9: array([0.54218612])}
2025-05-12 16:09:39,688 - DEBUG - util_fusion - fusion_dual_defense - client 1 similarity threshold: 0.29903847510902554
2025-05-12 16:09:39,688 - INFO - util_fusion - fusion_dual_defense - client 1 selected fusion benigns: [2, 6, 7, 9]
2025-05-12 16:09:39,696 - DEBUG - util_fusion - fusion_dual_defense - client 2 scores: {0: array([311.92878823]), 1: array([311.92878285]), 2: array([311.9291227]), 3: array([311.92877937]), 4: array([311.92877586]), 5: array([311.92876357]), 6: array([311.92893805]), 7: array([311.92893124]), 8: array([311.92886949]), 9: array([311.92895829])}
2025-05-12 16:09:39,697 - DEBUG - util_fusion - fusion_dual_defense - client 2 norm scores: {0: array([0.06866589]), 1: array([0.05367729]), 2: array([1.]), 3: array([0.04399804]), 4: array([0.03422227]), 5: array([0.]), 6: array([0.48584021]), 7: array([0.46686107]), 8: array([0.29493386]), 9: array([0.54218612])}
2025-05-12 16:09:39,697 - DEBUG - util_fusion - fusion_dual_defense - client 2 similarity threshold: 0.29903847510902554
2025-05-12 16:09:39,697 - INFO - util_fusion - fusion_dual_defense - client 2 selected fusion benigns: [2, 6, 7, 9]
2025-05-12 16:09:39,705 - DEBUG - util_fusion - fusion_dual_defense - client 3 scores: {0: array([311.92878823]), 1: array([311.92878285]), 2: array([311.9291227]), 3: array([311.92877937]), 4: array([311.92877586]), 5: array([311.92876357]), 6: array([311.92893805]), 7: array([311.92893124]), 8: array([311.92886949]), 9: array([311.92895829])}
2025-05-12 16:09:39,706 - DEBUG - util_fusion - fusion_dual_defense - client 3 norm scores: {0: array([0.06866589]), 1: array([0.05367729]), 2: array([1.]), 3: array([0.04399804]), 4: array([0.03422227]), 5: array([0.]), 6: array([0.48584021]), 7: array([0.46686107]), 8: array([0.29493386]), 9: array([0.54218612])}
2025-05-12 16:09:39,706 - DEBUG - util_fusion - fusion_dual_defense - client 3 similarity threshold: 0.29903847510902554
2025-05-12 16:09:39,706 - INFO - util_fusion - fusion_dual_defense - client 3 selected fusion benigns: [2, 6, 7, 9]
2025-05-12 16:09:39,714 - DEBUG - util_fusion - fusion_dual_defense - client 4 scores: {0: array([311.92878823]), 1: array([311.92878285]), 2: array([311.9291227]), 3: array([311.92877937]), 4: array([311.92877586]), 5: array([311.92876357]), 6: array([311.92893805]), 7: array([311.92893124]), 8: array([311.92886949]), 9: array([311.92895829])}
2025-05-12 16:09:39,715 - DEBUG - util_fusion - fusion_dual_defense - client 4 norm scores: {0: array([0.06866589]), 1: array([0.05367729]), 2: array([1.]), 3: array([0.04399804]), 4: array([0.03422227]), 5: array([0.]), 6: array([0.48584021]), 7: array([0.46686107]), 8: array([0.29493386]), 9: array([0.54218612])}
2025-05-12 16:09:39,715 - DEBUG - util_fusion - fusion_dual_defense - client 4 similarity threshold: 0.29903847510902554
2025-05-12 16:09:39,715 - INFO - util_fusion - fusion_dual_defense - client 4 selected fusion benigns: [2, 6, 7, 9]
2025-05-12 16:09:39,724 - DEBUG - util_fusion - fusion_dual_defense - client 5 scores: {0: array([311.92878823]), 1: array([311.92878285]), 2: array([311.9291227]), 3: array([311.92877937]), 4: array([311.92877586]), 5: array([311.92876357]), 6: array([311.92893805]), 7: array([311.92893124]), 8: array([311.92886949]), 9: array([311.92895829])}
2025-05-12 16:09:39,724 - DEBUG - util_fusion - fusion_dual_defense - client 5 norm scores: {0: array([0.06866589]), 1: array([0.05367729]), 2: array([1.]), 3: array([0.04399804]), 4: array([0.03422227]), 5: array([0.]), 6: array([0.48584021]), 7: array([0.46686107]), 8: array([0.29493386]), 9: array([0.54218612])}
2025-05-12 16:09:39,724 - DEBUG - util_fusion - fusion_dual_defense - client 5 similarity threshold: 0.29903847510902554
2025-05-12 16:09:39,724 - INFO - util_fusion - fusion_dual_defense - client 5 selected fusion benigns: [2, 6, 7, 9]
2025-05-12 16:09:39,733 - DEBUG - util_fusion - fusion_dual_defense - client 6 scores: {0: array([311.92878823]), 1: array([311.92878285]), 2: array([311.9291227]), 3: array([311.92877937]), 4: array([311.92877586]), 5: array([311.92876357]), 6: array([311.92893805]), 7: array([311.92893124]), 8: array([311.92886949]), 9: array([311.92895829])}
2025-05-12 16:09:39,734 - DEBUG - util_fusion - fusion_dual_defense - client 6 norm scores: {0: array([0.06866589]), 1: array([0.05367729]), 2: array([1.]), 3: array([0.04399804]), 4: array([0.03422227]), 5: array([0.]), 6: array([0.48584021]), 7: array([0.46686107]), 8: array([0.29493386]), 9: array([0.54218612])}
2025-05-12 16:09:39,734 - DEBUG - util_fusion - fusion_dual_defense - client 6 similarity threshold: 0.29903847510902554
2025-05-12 16:09:39,734 - INFO - util_fusion - fusion_dual_defense - client 6 selected fusion benigns: [2, 6, 7, 9]
2025-05-12 16:09:39,742 - DEBUG - util_fusion - fusion_dual_defense - client 7 scores: {0: array([311.92878823]), 1: array([311.92878285]), 2: array([311.9291227]), 3: array([311.92877937]), 4: array([311.92877586]), 5: array([311.92876357]), 6: array([311.92893805]), 7: array([311.92893124]), 8: array([311.92886949]), 9: array([311.92895829])}
2025-05-12 16:09:39,743 - DEBUG - util_fusion - fusion_dual_defense - client 7 norm scores: {0: array([0.06866589]), 1: array([0.05367729]), 2: array([1.]), 3: array([0.04399804]), 4: array([0.03422227]), 5: array([0.]), 6: array([0.48584021]), 7: array([0.46686107]), 8: array([0.29493386]), 9: array([0.54218612])}
2025-05-12 16:09:39,743 - DEBUG - util_fusion - fusion_dual_defense - client 7 similarity threshold: 0.29903847510902554
2025-05-12 16:09:39,743 - INFO - util_fusion - fusion_dual_defense - client 7 selected fusion benigns: [2, 6, 7, 9]
2025-05-12 16:09:39,751 - DEBUG - util_fusion - fusion_dual_defense - client 8 scores: {0: array([311.92878823]), 1: array([311.92878285]), 2: array([311.9291227]), 3: array([311.92877937]), 4: array([311.92877586]), 5: array([311.92876357]), 6: array([311.92893805]), 7: array([311.92893124]), 8: array([311.92886949]), 9: array([311.92895829])}
2025-05-12 16:09:39,752 - DEBUG - util_fusion - fusion_dual_defense - client 8 norm scores: {0: array([0.06866589]), 1: array([0.05367729]), 2: array([1.]), 3: array([0.04399804]), 4: array([0.03422227]), 5: array([0.]), 6: array([0.48584021]), 7: array([0.46686107]), 8: array([0.29493386]), 9: array([0.54218612])}
2025-05-12 16:09:39,752 - DEBUG - util_fusion - fusion_dual_defense - client 8 similarity threshold: 0.29903847510902554
2025-05-12 16:09:39,752 - INFO - util_fusion - fusion_dual_defense - client 8 selected fusion benigns: [2, 6, 7, 9]
2025-05-12 16:09:39,760 - DEBUG - util_fusion - fusion_dual_defense - client 9 scores: {0: array([311.92878823]), 1: array([311.92878285]), 2: array([311.9291227]), 3: array([311.92877937]), 4: array([311.92877586]), 5: array([311.92876357]), 6: array([311.92893805]), 7: array([311.92893124]), 8: array([311.92886949]), 9: array([311.92895829])}
2025-05-12 16:09:39,761 - DEBUG - util_fusion - fusion_dual_defense - client 9 norm scores: {0: array([0.06866589]), 1: array([0.05367729]), 2: array([1.]), 3: array([0.04399804]), 4: array([0.03422227]), 5: array([0.]), 6: array([0.48584021]), 7: array([0.46686107]), 8: array([0.29493386]), 9: array([0.54218612])}
2025-05-12 16:09:39,761 - DEBUG - util_fusion - fusion_dual_defense - client 9 similarity threshold: 0.29903847510902554
2025-05-12 16:09:39,761 - INFO - util_fusion - fusion_dual_defense - client 9 selected fusion benigns: [2, 6, 7, 9]
2025-05-12 16:09:39,761 - DEBUG - util_fusion - fusion_dual_defense - final fusion benigns: (2, 6, 7, 9)
2025-05-12 16:09:41,393 - INFO - fl - start - global side -  test accuracy: 10.1
2025-05-12 16:09:41,393 - INFO - fl - start - global side iteration 24 -  test accuracy: 10.1
2025-05-12 16:09:41,393 - INFO - fl - start - start training round 25
2025-05-12 16:09:41,395 - INFO - fl - start - round 25 attackers: [5, 8]
2025-05-12 16:09:41,395 - INFO - fl - start - start client 0 training
2025-05-12 16:09:41,395 - INFO - fl - client_local_train - client 0 start local training ...
2025-05-12 16:09:45,866 - INFO - fl - start - end client 0 training
2025-05-12 16:09:45,866 - INFO - fl - start - client 0 evaluation metrics: {'train_loss': 42128.052911931816, 'test_acc': 11.35}
2025-05-12 16:09:45,866 - INFO - fl - start - start client 1 training
2025-05-12 16:09:45,867 - INFO - fl - client_local_train - client 1 start local training ...
2025-05-12 16:09:49,243 - INFO - fl - start - end client 1 training
2025-05-12 16:09:49,243 - INFO - fl - start - client 1 evaluation metrics: {'train_loss': 12947.893818359375, 'test_acc': 9.58}
2025-05-12 16:09:49,243 - INFO - fl - start - start client 2 training
2025-05-12 16:09:49,244 - INFO - fl - client_local_train - client 2 start local training ...
2025-05-12 16:09:57,881 - INFO - fl - start - end client 2 training
2025-05-12 16:09:57,881 - INFO - fl - start - client 2 evaluation metrics: {'train_loss': 214.44258600274722, 'test_acc': 9.74}
2025-05-12 16:09:57,881 - INFO - fl - start - start client 3 training
2025-05-12 16:09:57,881 - INFO - fl - client_local_train - client 3 start local training ...
2025-05-12 16:10:00,359 - INFO - fl - start - end client 3 training
2025-05-12 16:10:00,359 - INFO - fl - start - client 3 evaluation metrics: {'train_loss': 29581.876751077587, 'test_acc': 11.35}
2025-05-12 16:10:00,359 - INFO - fl - start - start client 4 training
2025-05-12 16:10:00,359 - INFO - fl - client_local_train - client 4 start local training ...
2025-05-12 16:10:04,050 - INFO - fl - start - end client 4 training
2025-05-12 16:10:04,050 - INFO - fl - start - client 4 evaluation metrics: {'train_loss': 13090.604736328125, 'test_acc': 9.58}
2025-05-12 16:10:04,050 - INFO - fl - start - start client 5 training
2025-05-12 16:10:04,050 - INFO - fl - client_local_train - client 5 start local training ...
2025-05-12 16:10:05,801 - INFO - fl - client_local_train - client 5 is attacker, start poisoning model
2025-05-12 16:10:09,382 - INFO - fl - start - end client 5 training
2025-05-12 16:10:09,382 - INFO - fl - start - client 5 evaluation metrics: {'train_loss': 3934.2325303819443, 'test_acc': 10.28}
2025-05-12 16:10:09,382 - INFO - fl - start - start client 6 training
2025-05-12 16:10:09,382 - INFO - fl - client_local_train - client 6 start local training ...
2025-05-12 16:10:15,871 - INFO - fl - start - end client 6 training
2025-05-12 16:10:15,871 - INFO - fl - start - client 6 evaluation metrics: {'train_loss': 34611.35526882382, 'test_acc': 10.1}
2025-05-12 16:10:15,871 - INFO - fl - start - start client 7 training
2025-05-12 16:10:15,871 - INFO - fl - client_local_train - client 7 start local training ...
2025-05-12 16:10:22,253 - INFO - fl - start - end client 7 training
2025-05-12 16:10:22,253 - INFO - fl - start - client 7 evaluation metrics: {'train_loss': 2693.1164582775486, 'test_acc': 8.92}
2025-05-12 16:10:22,254 - INFO - fl - start - start client 8 training
2025-05-12 16:10:22,254 - INFO - fl - client_local_train - client 8 start local training ...
2025-05-12 16:10:25,763 - INFO - fl - client_local_train - client 8 is attacker, start poisoning model
2025-05-12 16:10:30,298 - INFO - fl - start - end client 8 training
2025-05-12 16:10:30,298 - INFO - fl - start - client 8 evaluation metrics: {'train_loss': 14799.959783658114, 'test_acc': 10.28}
2025-05-12 16:10:30,298 - INFO - fl - start - start client 9 training
2025-05-12 16:10:30,298 - INFO - fl - client_local_train - client 9 start local training ...
2025-05-12 16:10:37,034 - INFO - fl - start - end client 9 training
2025-05-12 16:10:37,034 - INFO - fl - start - client 9 evaluation metrics: {'train_loss': 2004.1156505391114, 'test_acc': 10.09}
2025-05-12 16:10:37,034 - INFO - fl - aggregate_model - start model aggregation...fusion method: dual_defense
2025-05-12 16:10:37,034 - INFO - fl - aggregate_model - start hyper-guard fusion with epsilon 0.01
2025-05-12 16:10:37,034 - INFO - fl - aggregate_model - round 25 attackers: [8, 5]
2025-05-12 16:10:47,774 - DEBUG - util_fusion - fusion_dual_defense - client 0 scores: {0: array([612.36104818]), 1: array([612.36119283]), 2: array([612.36160512]), 3: array([612.36131939]), 4: array([612.36115135]), 5: array([612.36117078]), 6: array([612.36112233]), 7: array([612.36110308]), 8: array([612.36100593]), 9: array([612.36115807])}
2025-05-12 16:10:47,775 - DEBUG - util_fusion - fusion_dual_defense - client 0 norm scores: {0: array([0.07050104]), 1: array([0.3119222]), 2: array([1.]), 3: array([0.52314673]), 4: array([0.24268307]), 5: array([0.27511692]), 6: array([0.19425595]), 7: array([0.16213897]), 8: array([0.]), 9: array([0.25390034])}
2025-05-12 16:10:47,775 - DEBUG - util_fusion - fusion_dual_defense - client 0 similarity threshold: 0.30336652135221953
2025-05-12 16:10:47,775 - INFO - util_fusion - fusion_dual_defense - client 0 selected fusion benigns: [1, 2, 3]
2025-05-12 16:10:47,783 - DEBUG - util_fusion - fusion_dual_defense - client 1 scores: {0: array([612.36104818]), 1: array([612.36119283]), 2: array([612.36160512]), 3: array([612.36131939]), 4: array([612.36115135]), 5: array([612.36117078]), 6: array([612.36112233]), 7: array([612.36110308]), 8: array([612.36100593]), 9: array([612.36115807])}
2025-05-12 16:10:47,784 - DEBUG - util_fusion - fusion_dual_defense - client 1 norm scores: {0: array([0.07050104]), 1: array([0.3119222]), 2: array([1.]), 3: array([0.52314673]), 4: array([0.24268307]), 5: array([0.27511692]), 6: array([0.19425595]), 7: array([0.16213897]), 8: array([0.]), 9: array([0.25390034])}
2025-05-12 16:10:47,784 - DEBUG - util_fusion - fusion_dual_defense - client 1 similarity threshold: 0.30336652135221953
2025-05-12 16:10:47,784 - INFO - util_fusion - fusion_dual_defense - client 1 selected fusion benigns: [1, 2, 3]
2025-05-12 16:10:47,792 - DEBUG - util_fusion - fusion_dual_defense - client 2 scores: {0: array([612.36104818]), 1: array([612.36119283]), 2: array([612.36160512]), 3: array([612.36131939]), 4: array([612.36115135]), 5: array([612.36117078]), 6: array([612.36112233]), 7: array([612.36110308]), 8: array([612.36100593]), 9: array([612.36115807])}
2025-05-12 16:10:47,793 - DEBUG - util_fusion - fusion_dual_defense - client 2 norm scores: {0: array([0.07050104]), 1: array([0.3119222]), 2: array([1.]), 3: array([0.52314673]), 4: array([0.24268307]), 5: array([0.27511692]), 6: array([0.19425595]), 7: array([0.16213897]), 8: array([0.]), 9: array([0.25390034])}
2025-05-12 16:10:47,793 - DEBUG - util_fusion - fusion_dual_defense - client 2 similarity threshold: 0.30336652135221953
2025-05-12 16:10:47,793 - INFO - util_fusion - fusion_dual_defense - client 2 selected fusion benigns: [1, 2, 3]
2025-05-12 16:10:47,801 - DEBUG - util_fusion - fusion_dual_defense - client 3 scores: {0: array([612.36104818]), 1: array([612.36119283]), 2: array([612.36160512]), 3: array([612.36131939]), 4: array([612.36115135]), 5: array([612.36117078]), 6: array([612.36112233]), 7: array([612.36110308]), 8: array([612.36100593]), 9: array([612.36115807])}
2025-05-12 16:10:47,802 - DEBUG - util_fusion - fusion_dual_defense - client 3 norm scores: {0: array([0.07050104]), 1: array([0.3119222]), 2: array([1.]), 3: array([0.52314673]), 4: array([0.24268307]), 5: array([0.27511692]), 6: array([0.19425595]), 7: array([0.16213897]), 8: array([0.]), 9: array([0.25390034])}
2025-05-12 16:10:47,802 - DEBUG - util_fusion - fusion_dual_defense - client 3 similarity threshold: 0.30336652135221953
2025-05-12 16:10:47,802 - INFO - util_fusion - fusion_dual_defense - client 3 selected fusion benigns: [1, 2, 3]
2025-05-12 16:10:47,811 - DEBUG - util_fusion - fusion_dual_defense - client 4 scores: {0: array([612.36104818]), 1: array([612.36119283]), 2: array([612.36160512]), 3: array([612.36131939]), 4: array([612.36115135]), 5: array([612.36117078]), 6: array([612.36112233]), 7: array([612.36110308]), 8: array([612.36100593]), 9: array([612.36115807])}
2025-05-12 16:10:47,811 - DEBUG - util_fusion - fusion_dual_defense - client 4 norm scores: {0: array([0.07050104]), 1: array([0.3119222]), 2: array([1.]), 3: array([0.52314673]), 4: array([0.24268307]), 5: array([0.27511692]), 6: array([0.19425595]), 7: array([0.16213897]), 8: array([0.]), 9: array([0.25390034])}
2025-05-12 16:10:47,811 - DEBUG - util_fusion - fusion_dual_defense - client 4 similarity threshold: 0.30336652135221953
2025-05-12 16:10:47,811 - INFO - util_fusion - fusion_dual_defense - client 4 selected fusion benigns: [1, 2, 3]
2025-05-12 16:10:47,820 - DEBUG - util_fusion - fusion_dual_defense - client 5 scores: {0: array([612.36104818]), 1: array([612.36119283]), 2: array([612.36160512]), 3: array([612.36131939]), 4: array([612.36115135]), 5: array([612.36117078]), 6: array([612.36112233]), 7: array([612.36110308]), 8: array([612.36100593]), 9: array([612.36115807])}
2025-05-12 16:10:47,820 - DEBUG - util_fusion - fusion_dual_defense - client 5 norm scores: {0: array([0.07050104]), 1: array([0.3119222]), 2: array([1.]), 3: array([0.52314673]), 4: array([0.24268307]), 5: array([0.27511692]), 6: array([0.19425595]), 7: array([0.16213897]), 8: array([0.]), 9: array([0.25390034])}
2025-05-12 16:10:47,820 - DEBUG - util_fusion - fusion_dual_defense - client 5 similarity threshold: 0.30336652135221953
2025-05-12 16:10:47,820 - INFO - util_fusion - fusion_dual_defense - client 5 selected fusion benigns: [1, 2, 3]
2025-05-12 16:10:47,829 - DEBUG - util_fusion - fusion_dual_defense - client 6 scores: {0: array([612.36104818]), 1: array([612.36119283]), 2: array([612.36160512]), 3: array([612.36131939]), 4: array([612.36115135]), 5: array([612.36117078]), 6: array([612.36112233]), 7: array([612.36110308]), 8: array([612.36100593]), 9: array([612.36115807])}
2025-05-12 16:10:47,829 - DEBUG - util_fusion - fusion_dual_defense - client 6 norm scores: {0: array([0.07050104]), 1: array([0.3119222]), 2: array([1.]), 3: array([0.52314673]), 4: array([0.24268307]), 5: array([0.27511692]), 6: array([0.19425595]), 7: array([0.16213897]), 8: array([0.]), 9: array([0.25390034])}
2025-05-12 16:10:47,829 - DEBUG - util_fusion - fusion_dual_defense - client 6 similarity threshold: 0.30336652135221953
2025-05-12 16:10:47,829 - INFO - util_fusion - fusion_dual_defense - client 6 selected fusion benigns: [1, 2, 3]
2025-05-12 16:10:47,838 - DEBUG - util_fusion - fusion_dual_defense - client 7 scores: {0: array([612.36104818]), 1: array([612.36119283]), 2: array([612.36160512]), 3: array([612.36131939]), 4: array([612.36115135]), 5: array([612.36117078]), 6: array([612.36112233]), 7: array([612.36110308]), 8: array([612.36100593]), 9: array([612.36115807])}
2025-05-12 16:10:47,838 - DEBUG - util_fusion - fusion_dual_defense - client 7 norm scores: {0: array([0.07050104]), 1: array([0.3119222]), 2: array([1.]), 3: array([0.52314673]), 4: array([0.24268307]), 5: array([0.27511692]), 6: array([0.19425595]), 7: array([0.16213897]), 8: array([0.]), 9: array([0.25390034])}
2025-05-12 16:10:47,838 - DEBUG - util_fusion - fusion_dual_defense - client 7 similarity threshold: 0.30336652135221953
2025-05-12 16:10:47,838 - INFO - util_fusion - fusion_dual_defense - client 7 selected fusion benigns: [1, 2, 3]
2025-05-12 16:10:47,847 - DEBUG - util_fusion - fusion_dual_defense - client 8 scores: {0: array([612.36104818]), 1: array([612.36119283]), 2: array([612.36160512]), 3: array([612.36131939]), 4: array([612.36115135]), 5: array([612.36117078]), 6: array([612.36112233]), 7: array([612.36110308]), 8: array([612.36100593]), 9: array([612.36115807])}
2025-05-12 16:10:47,847 - DEBUG - util_fusion - fusion_dual_defense - client 8 norm scores: {0: array([0.07050104]), 1: array([0.3119222]), 2: array([1.]), 3: array([0.52314673]), 4: array([0.24268307]), 5: array([0.27511692]), 6: array([0.19425595]), 7: array([0.16213897]), 8: array([0.]), 9: array([0.25390034])}
2025-05-12 16:10:47,847 - DEBUG - util_fusion - fusion_dual_defense - client 8 similarity threshold: 0.30336652135221953
2025-05-12 16:10:47,847 - INFO - util_fusion - fusion_dual_defense - client 8 selected fusion benigns: [1, 2, 3]
2025-05-12 16:10:47,856 - DEBUG - util_fusion - fusion_dual_defense - client 9 scores: {0: array([612.36104818]), 1: array([612.36119283]), 2: array([612.36160512]), 3: array([612.36131939]), 4: array([612.36115135]), 5: array([612.36117078]), 6: array([612.36112233]), 7: array([612.36110308]), 8: array([612.36100593]), 9: array([612.36115807])}
2025-05-12 16:10:47,856 - DEBUG - util_fusion - fusion_dual_defense - client 9 norm scores: {0: array([0.07050104]), 1: array([0.3119222]), 2: array([1.]), 3: array([0.52314673]), 4: array([0.24268307]), 5: array([0.27511692]), 6: array([0.19425595]), 7: array([0.16213897]), 8: array([0.]), 9: array([0.25390034])}
2025-05-12 16:10:47,856 - DEBUG - util_fusion - fusion_dual_defense - client 9 similarity threshold: 0.30336652135221953
2025-05-12 16:10:47,856 - INFO - util_fusion - fusion_dual_defense - client 9 selected fusion benigns: [1, 2, 3]
2025-05-12 16:10:47,856 - DEBUG - util_fusion - fusion_dual_defense - final fusion benigns: (1, 2, 3)
2025-05-12 16:10:49,432 - INFO - fl - start - global side -  test accuracy: 10.1
2025-05-12 16:10:49,432 - INFO - fl - start - global side iteration 25 -  test accuracy: 10.1
2025-05-12 16:10:49,432 - INFO - fl - start - start training round 26
2025-05-12 16:10:49,434 - INFO - fl - start - round 26 attackers: [0, 3]
2025-05-12 16:10:49,434 - INFO - fl - start - start client 0 training
2025-05-12 16:10:49,434 - INFO - fl - client_local_train - client 0 start local training ...
2025-05-12 16:10:51,926 - INFO - fl - client_local_train - client 0 is attacker, start poisoning model
2025-05-12 16:10:55,914 - INFO - fl - start - end client 0 training
2025-05-12 16:10:55,914 - INFO - fl - start - client 0 evaluation metrics: {'train_loss': 336920.0706168831, 'test_acc': 11.35}
2025-05-12 16:10:55,914 - INFO - fl - start - start client 1 training
2025-05-12 16:10:55,914 - INFO - fl - client_local_train - client 1 start local training ...
2025-05-12 16:10:59,256 - INFO - fl - start - end client 1 training
2025-05-12 16:10:59,256 - INFO - fl - start - client 1 evaluation metrics: {'train_loss': 13010.02099609375, 'test_acc': 9.58}
2025-05-12 16:10:59,256 - INFO - fl - start - start client 2 training
2025-05-12 16:10:59,256 - INFO - fl - client_local_train - client 2 start local training ...
2025-05-12 16:11:07,906 - INFO - fl - start - end client 2 training
2025-05-12 16:11:07,906 - INFO - fl - start - client 2 evaluation metrics: {'train_loss': 219.75651607447202, 'test_acc': 9.74}
2025-05-12 16:11:07,906 - INFO - fl - start - start client 3 training
2025-05-12 16:11:07,906 - INFO - fl - client_local_train - client 3 start local training ...
2025-05-12 16:11:08,812 - INFO - fl - client_local_train - client 3 is attacker, start poisoning model
2025-05-12 16:11:11,964 - INFO - fl - start - end client 3 training
2025-05-12 16:11:11,964 - INFO - fl - start - client 3 evaluation metrics: {'train_loss': 237660.53879310345, 'test_acc': 11.35}
2025-05-12 16:11:11,964 - INFO - fl - start - start client 4 training
2025-05-12 16:11:11,964 - INFO - fl - client_local_train - client 4 start local training ...
2025-05-12 16:11:15,633 - INFO - fl - start - end client 4 training
2025-05-12 16:11:15,633 - INFO - fl - start - client 4 evaluation metrics: {'train_loss': 13142.686363483297, 'test_acc': 9.58}
2025-05-12 16:11:15,633 - INFO - fl - start - start client 5 training
2025-05-12 16:11:15,633 - INFO - fl - client_local_train - client 5 start local training ...
2025-05-12 16:11:19,183 - INFO - fl - start - end client 5 training
2025-05-12 16:11:19,184 - INFO - fl - start - client 5 evaluation metrics: {'train_loss': 492.3225431089048, 'test_acc': 10.28}
2025-05-12 16:11:19,184 - INFO - fl - start - start client 6 training
2025-05-12 16:11:19,184 - INFO - fl - client_local_train - client 6 start local training ...
2025-05-12 16:11:25,696 - INFO - fl - start - end client 6 training
2025-05-12 16:11:25,696 - INFO - fl - start - client 6 evaluation metrics: {'train_loss': 34603.65704970472, 'test_acc': 10.1}
2025-05-12 16:11:25,696 - INFO - fl - start - start client 7 training
2025-05-12 16:11:25,696 - INFO - fl - client_local_train - client 7 start local training ...
2025-05-12 16:11:32,067 - INFO - fl - start - end client 7 training
2025-05-12 16:11:32,067 - INFO - fl - start - client 7 evaluation metrics: {'train_loss': 2694.6017190256425, 'test_acc': 8.92}
2025-05-12 16:11:32,068 - INFO - fl - start - start client 8 training
2025-05-12 16:11:32,068 - INFO - fl - client_local_train - client 8 start local training ...
2025-05-12 16:11:37,867 - INFO - fl - start - end client 8 training
2025-05-12 16:11:37,867 - INFO - fl - start - client 8 evaluation metrics: {'train_loss': 1841.2741901050915, 'test_acc': 10.28}
2025-05-12 16:11:37,867 - INFO - fl - start - start client 9 training
2025-05-12 16:11:37,867 - INFO - fl - client_local_train - client 9 start local training ...
2025-05-12 16:11:44,588 - INFO - fl - start - end client 9 training
2025-05-12 16:11:44,588 - INFO - fl - start - client 9 evaluation metrics: {'train_loss': 2004.4760167912434, 'test_acc': 10.09}
2025-05-12 16:11:44,588 - INFO - fl - aggregate_model - start model aggregation...fusion method: dual_defense
2025-05-12 16:11:44,588 - INFO - fl - aggregate_model - start hyper-guard fusion with epsilon 0.01
2025-05-12 16:11:44,588 - INFO - fl - aggregate_model - round 26 attackers: [0, 3]
2025-05-12 16:11:55,346 - DEBUG - util_fusion - fusion_dual_defense - client 0 scores: {0: array([111.40321905]), 1: array([111.4031616]), 2: array([111.40349134]), 3: array([111.40312456]), 4: array([111.40316886]), 5: array([111.40316671]), 6: array([111.4033394]), 7: array([111.4033165]), 8: array([111.4032625]), 9: array([111.40333974])}
2025-05-12 16:11:55,347 - DEBUG - util_fusion - fusion_dual_defense - client 0 norm scores: {0: array([0.25761573]), 1: array([0.10099417]), 2: array([1.]), 3: array([0.]), 4: array([0.12079386]), 5: array([0.11493396]), 6: array([0.5857463]), 7: array([0.5232996]), 8: array([0.37609595]), 9: array([0.58666236])}
2025-05-12 16:11:55,347 - DEBUG - util_fusion - fusion_dual_defense - client 0 similarity threshold: 0.3666141939608516
2025-05-12 16:11:55,347 - INFO - util_fusion - fusion_dual_defense - client 0 selected fusion benigns: [2, 6, 7, 8, 9]
2025-05-12 16:11:55,356 - DEBUG - util_fusion - fusion_dual_defense - client 1 scores: {0: array([111.40321905]), 1: array([111.4031616]), 2: array([111.40349134]), 3: array([111.40312456]), 4: array([111.40316886]), 5: array([111.40316671]), 6: array([111.4033394]), 7: array([111.4033165]), 8: array([111.4032625]), 9: array([111.40333974])}
2025-05-12 16:11:55,356 - DEBUG - util_fusion - fusion_dual_defense - client 1 norm scores: {0: array([0.25761573]), 1: array([0.10099417]), 2: array([1.]), 3: array([0.]), 4: array([0.12079386]), 5: array([0.11493396]), 6: array([0.5857463]), 7: array([0.5232996]), 8: array([0.37609595]), 9: array([0.58666236])}
2025-05-12 16:11:55,356 - DEBUG - util_fusion - fusion_dual_defense - client 1 similarity threshold: 0.3666141939608516
2025-05-12 16:11:55,356 - INFO - util_fusion - fusion_dual_defense - client 1 selected fusion benigns: [2, 6, 7, 8, 9]
2025-05-12 16:11:55,365 - DEBUG - util_fusion - fusion_dual_defense - client 2 scores: {0: array([111.40321905]), 1: array([111.4031616]), 2: array([111.40349134]), 3: array([111.40312456]), 4: array([111.40316886]), 5: array([111.40316671]), 6: array([111.4033394]), 7: array([111.4033165]), 8: array([111.4032625]), 9: array([111.40333974])}
2025-05-12 16:11:55,365 - DEBUG - util_fusion - fusion_dual_defense - client 2 norm scores: {0: array([0.25761573]), 1: array([0.10099417]), 2: array([1.]), 3: array([0.]), 4: array([0.12079386]), 5: array([0.11493396]), 6: array([0.5857463]), 7: array([0.5232996]), 8: array([0.37609595]), 9: array([0.58666236])}
2025-05-12 16:11:55,365 - DEBUG - util_fusion - fusion_dual_defense - client 2 similarity threshold: 0.3666141939608516
2025-05-12 16:11:55,365 - INFO - util_fusion - fusion_dual_defense - client 2 selected fusion benigns: [2, 6, 7, 8, 9]
2025-05-12 16:11:55,374 - DEBUG - util_fusion - fusion_dual_defense - client 3 scores: {0: array([111.40321905]), 1: array([111.4031616]), 2: array([111.40349134]), 3: array([111.40312456]), 4: array([111.40316886]), 5: array([111.40316671]), 6: array([111.4033394]), 7: array([111.4033165]), 8: array([111.4032625]), 9: array([111.40333974])}
2025-05-12 16:11:55,374 - DEBUG - util_fusion - fusion_dual_defense - client 3 norm scores: {0: array([0.25761573]), 1: array([0.10099417]), 2: array([1.]), 3: array([0.]), 4: array([0.12079386]), 5: array([0.11493396]), 6: array([0.5857463]), 7: array([0.5232996]), 8: array([0.37609595]), 9: array([0.58666236])}
2025-05-12 16:11:55,374 - DEBUG - util_fusion - fusion_dual_defense - client 3 similarity threshold: 0.3666141939608516
2025-05-12 16:11:55,375 - INFO - util_fusion - fusion_dual_defense - client 3 selected fusion benigns: [2, 6, 7, 8, 9]
2025-05-12 16:11:55,383 - DEBUG - util_fusion - fusion_dual_defense - client 4 scores: {0: array([111.40321905]), 1: array([111.4031616]), 2: array([111.40349134]), 3: array([111.40312456]), 4: array([111.40316886]), 5: array([111.40316671]), 6: array([111.4033394]), 7: array([111.4033165]), 8: array([111.4032625]), 9: array([111.40333974])}
2025-05-12 16:11:55,383 - DEBUG - util_fusion - fusion_dual_defense - client 4 norm scores: {0: array([0.25761573]), 1: array([0.10099417]), 2: array([1.]), 3: array([0.]), 4: array([0.12079386]), 5: array([0.11493396]), 6: array([0.5857463]), 7: array([0.5232996]), 8: array([0.37609595]), 9: array([0.58666236])}
2025-05-12 16:11:55,384 - DEBUG - util_fusion - fusion_dual_defense - client 4 similarity threshold: 0.3666141939608516
2025-05-12 16:11:55,384 - INFO - util_fusion - fusion_dual_defense - client 4 selected fusion benigns: [2, 6, 7, 8, 9]
2025-05-12 16:11:55,392 - DEBUG - util_fusion - fusion_dual_defense - client 5 scores: {0: array([111.40321905]), 1: array([111.4031616]), 2: array([111.40349134]), 3: array([111.40312456]), 4: array([111.40316886]), 5: array([111.40316671]), 6: array([111.4033394]), 7: array([111.4033165]), 8: array([111.4032625]), 9: array([111.40333974])}
2025-05-12 16:11:55,392 - DEBUG - util_fusion - fusion_dual_defense - client 5 norm scores: {0: array([0.25761573]), 1: array([0.10099417]), 2: array([1.]), 3: array([0.]), 4: array([0.12079386]), 5: array([0.11493396]), 6: array([0.5857463]), 7: array([0.5232996]), 8: array([0.37609595]), 9: array([0.58666236])}
2025-05-12 16:11:55,393 - DEBUG - util_fusion - fusion_dual_defense - client 5 similarity threshold: 0.3666141939608516
2025-05-12 16:11:55,393 - INFO - util_fusion - fusion_dual_defense - client 5 selected fusion benigns: [2, 6, 7, 8, 9]
2025-05-12 16:11:55,401 - DEBUG - util_fusion - fusion_dual_defense - client 6 scores: {0: array([111.40321905]), 1: array([111.4031616]), 2: array([111.40349134]), 3: array([111.40312456]), 4: array([111.40316886]), 5: array([111.40316671]), 6: array([111.4033394]), 7: array([111.4033165]), 8: array([111.4032625]), 9: array([111.40333974])}
2025-05-12 16:11:55,402 - DEBUG - util_fusion - fusion_dual_defense - client 6 norm scores: {0: array([0.25761573]), 1: array([0.10099417]), 2: array([1.]), 3: array([0.]), 4: array([0.12079386]), 5: array([0.11493396]), 6: array([0.5857463]), 7: array([0.5232996]), 8: array([0.37609595]), 9: array([0.58666236])}
2025-05-12 16:11:55,402 - DEBUG - util_fusion - fusion_dual_defense - client 6 similarity threshold: 0.3666141939608516
2025-05-12 16:11:55,402 - INFO - util_fusion - fusion_dual_defense - client 6 selected fusion benigns: [2, 6, 7, 8, 9]
2025-05-12 16:11:55,410 - DEBUG - util_fusion - fusion_dual_defense - client 7 scores: {0: array([111.40321905]), 1: array([111.4031616]), 2: array([111.40349134]), 3: array([111.40312456]), 4: array([111.40316886]), 5: array([111.40316671]), 6: array([111.4033394]), 7: array([111.4033165]), 8: array([111.4032625]), 9: array([111.40333974])}
2025-05-12 16:11:55,411 - DEBUG - util_fusion - fusion_dual_defense - client 7 norm scores: {0: array([0.25761573]), 1: array([0.10099417]), 2: array([1.]), 3: array([0.]), 4: array([0.12079386]), 5: array([0.11493396]), 6: array([0.5857463]), 7: array([0.5232996]), 8: array([0.37609595]), 9: array([0.58666236])}
2025-05-12 16:11:55,411 - DEBUG - util_fusion - fusion_dual_defense - client 7 similarity threshold: 0.3666141939608516
2025-05-12 16:11:55,411 - INFO - util_fusion - fusion_dual_defense - client 7 selected fusion benigns: [2, 6, 7, 8, 9]
2025-05-12 16:11:55,419 - DEBUG - util_fusion - fusion_dual_defense - client 8 scores: {0: array([111.40321905]), 1: array([111.4031616]), 2: array([111.40349134]), 3: array([111.40312456]), 4: array([111.40316886]), 5: array([111.40316671]), 6: array([111.4033394]), 7: array([111.4033165]), 8: array([111.4032625]), 9: array([111.40333974])}
2025-05-12 16:11:55,420 - DEBUG - util_fusion - fusion_dual_defense - client 8 norm scores: {0: array([0.25761573]), 1: array([0.10099417]), 2: array([1.]), 3: array([0.]), 4: array([0.12079386]), 5: array([0.11493396]), 6: array([0.5857463]), 7: array([0.5232996]), 8: array([0.37609595]), 9: array([0.58666236])}
2025-05-12 16:11:55,420 - DEBUG - util_fusion - fusion_dual_defense - client 8 similarity threshold: 0.3666141939608516
2025-05-12 16:11:55,420 - INFO - util_fusion - fusion_dual_defense - client 8 selected fusion benigns: [2, 6, 7, 8, 9]
2025-05-12 16:11:55,428 - DEBUG - util_fusion - fusion_dual_defense - client 9 scores: {0: array([111.40321905]), 1: array([111.4031616]), 2: array([111.40349134]), 3: array([111.40312456]), 4: array([111.40316886]), 5: array([111.40316671]), 6: array([111.4033394]), 7: array([111.4033165]), 8: array([111.4032625]), 9: array([111.40333974])}
2025-05-12 16:11:55,429 - DEBUG - util_fusion - fusion_dual_defense - client 9 norm scores: {0: array([0.25761573]), 1: array([0.10099417]), 2: array([1.]), 3: array([0.]), 4: array([0.12079386]), 5: array([0.11493396]), 6: array([0.5857463]), 7: array([0.5232996]), 8: array([0.37609595]), 9: array([0.58666236])}
2025-05-12 16:11:55,429 - DEBUG - util_fusion - fusion_dual_defense - client 9 similarity threshold: 0.3666141939608516
2025-05-12 16:11:55,429 - INFO - util_fusion - fusion_dual_defense - client 9 selected fusion benigns: [2, 6, 7, 8, 9]
2025-05-12 16:11:55,429 - DEBUG - util_fusion - fusion_dual_defense - final fusion benigns: (2, 6, 7, 8, 9)
2025-05-12 16:11:57,116 - INFO - fl - start - global side -  test accuracy: 11.35
2025-05-12 16:11:57,116 - INFO - fl - start - global side iteration 26 -  test accuracy: 11.35
2025-05-12 16:11:57,117 - INFO - fl - start - start training round 27
2025-05-12 16:11:57,118 - INFO - fl - start - round 27 attackers: [9, 5]
2025-05-12 16:11:57,118 - INFO - fl - start - start client 0 training
2025-05-12 16:11:57,119 - INFO - fl - client_local_train - client 0 start local training ...
2025-05-12 16:12:01,591 - INFO - fl - start - end client 0 training
2025-05-12 16:12:01,592 - INFO - fl - start - client 0 evaluation metrics: {'train_loss': 42163.4315137987, 'test_acc': 11.35}
2025-05-12 16:12:01,592 - INFO - fl - start - start client 1 training
2025-05-12 16:12:01,592 - INFO - fl - client_local_train - client 1 start local training ...
2025-05-12 16:12:04,932 - INFO - fl - start - end client 1 training
2025-05-12 16:12:04,932 - INFO - fl - start - client 1 evaluation metrics: {'train_loss': 12933.594609375, 'test_acc': 9.58}
2025-05-12 16:12:04,932 - INFO - fl - start - start client 2 training
2025-05-12 16:12:04,932 - INFO - fl - client_local_train - client 2 start local training ...
2025-05-12 16:12:13,564 - INFO - fl - start - end client 2 training
2025-05-12 16:12:13,564 - INFO - fl - start - client 2 evaluation metrics: {'train_loss': 214.23862749007014, 'test_acc': 9.74}
2025-05-12 16:12:13,565 - INFO - fl - start - start client 3 training
2025-05-12 16:12:13,565 - INFO - fl - client_local_train - client 3 start local training ...
2025-05-12 16:12:16,044 - INFO - fl - start - end client 3 training
2025-05-12 16:12:16,044 - INFO - fl - start - client 3 evaluation metrics: {'train_loss': 29559.692753232757, 'test_acc': 11.35}
2025-05-12 16:12:16,044 - INFO - fl - start - start client 4 training
2025-05-12 16:12:16,044 - INFO - fl - client_local_train - client 4 start local training ...
2025-05-12 16:12:19,735 - INFO - fl - start - end client 4 training
2025-05-12 16:12:19,735 - INFO - fl - start - client 4 evaluation metrics: {'train_loss': 13036.569302262931, 'test_acc': 9.58}
2025-05-12 16:12:19,735 - INFO - fl - start - start client 5 training
2025-05-12 16:12:19,735 - INFO - fl - client_local_train - client 5 start local training ...
2025-05-12 16:12:21,501 - INFO - fl - client_local_train - client 5 is attacker, start poisoning model
2025-05-12 16:12:25,083 - INFO - fl - start - end client 5 training
2025-05-12 16:12:25,083 - INFO - fl - start - client 5 evaluation metrics: {'train_loss': 3918.5917923538773, 'test_acc': 10.28}
2025-05-12 16:12:25,083 - INFO - fl - start - start client 6 training
2025-05-12 16:12:25,083 - INFO - fl - client_local_train - client 6 start local training ...
2025-05-12 16:12:31,571 - INFO - fl - start - end client 6 training
2025-05-12 16:12:31,571 - INFO - fl - start - client 6 evaluation metrics: {'train_loss': 34580.970626230315, 'test_acc': 10.1}
2025-05-12 16:12:31,571 - INFO - fl - start - start client 7 training
2025-05-12 16:12:31,571 - INFO - fl - client_local_train - client 7 start local training ...
2025-05-12 16:12:37,952 - INFO - fl - start - end client 7 training
2025-05-12 16:12:37,952 - INFO - fl - start - client 7 evaluation metrics: {'train_loss': 2691.684800670993, 'test_acc': 8.92}
2025-05-12 16:12:37,952 - INFO - fl - start - start client 8 training
2025-05-12 16:12:37,952 - INFO - fl - client_local_train - client 8 start local training ...
2025-05-12 16:12:43,740 - INFO - fl - start - end client 8 training
2025-05-12 16:12:43,740 - INFO - fl - start - client 8 evaluation metrics: {'train_loss': 1858.1705310821533, 'test_acc': 10.28}
2025-05-12 16:12:43,740 - INFO - fl - start - start client 9 training
2025-05-12 16:12:43,740 - INFO - fl - client_local_train - client 9 start local training ...
2025-05-12 16:12:47,996 - INFO - fl - client_local_train - client 9 is attacker, start poisoning model
2025-05-12 16:12:52,933 - INFO - fl - start - end client 9 training
2025-05-12 16:12:52,933 - INFO - fl - start - client 9 evaluation metrics: {'train_loss': 15959.317260363945, 'test_acc': 10.09}
2025-05-12 16:12:52,933 - INFO - fl - aggregate_model - start model aggregation...fusion method: dual_defense
2025-05-12 16:12:52,933 - INFO - fl - aggregate_model - start hyper-guard fusion with epsilon 0.01
2025-05-12 16:12:52,933 - INFO - fl - aggregate_model - round 27 attackers: [9, 5]
2025-05-12 16:13:03,682 - DEBUG - util_fusion - fusion_dual_defense - client 0 scores: {0: array([509.48537734]), 1: array([509.48493413]), 2: array([509.48755915]), 3: array([509.48462447]), 4: array([509.48502569]), 5: array([509.4850351]), 6: array([509.48641075]), 7: array([509.48633269]), 8: array([509.48605042]), 9: array([509.48647402])}
2025-05-12 16:13:03,683 - DEBUG - util_fusion - fusion_dual_defense - client 0 norm scores: {0: array([0.25654285]), 1: array([0.10551637]), 2: array([1.]), 3: array([0.]), 4: array([0.13671859]), 5: array([0.13992323]), 6: array([0.60867874]), 7: array([0.58208182]), 8: array([0.48589671]), 9: array([0.63024008])}
2025-05-12 16:13:03,683 - DEBUG - util_fusion - fusion_dual_defense - client 0 similarity threshold: 0.3945598383650692
2025-05-12 16:13:03,683 - INFO - util_fusion - fusion_dual_defense - client 0 selected fusion benigns: [2, 6, 7, 8, 9]
2025-05-12 16:13:03,691 - DEBUG - util_fusion - fusion_dual_defense - client 1 scores: {0: array([509.48537734]), 1: array([509.48493413]), 2: array([509.48755915]), 3: array([509.48462447]), 4: array([509.48502569]), 5: array([509.4850351]), 6: array([509.48641075]), 7: array([509.48633269]), 8: array([509.48605042]), 9: array([509.48647402])}
2025-05-12 16:13:03,692 - DEBUG - util_fusion - fusion_dual_defense - client 1 norm scores: {0: array([0.25654285]), 1: array([0.10551637]), 2: array([1.]), 3: array([0.]), 4: array([0.13671859]), 5: array([0.13992323]), 6: array([0.60867874]), 7: array([0.58208182]), 8: array([0.48589671]), 9: array([0.63024008])}
2025-05-12 16:13:03,692 - DEBUG - util_fusion - fusion_dual_defense - client 1 similarity threshold: 0.3945598383650692
2025-05-12 16:13:03,692 - INFO - util_fusion - fusion_dual_defense - client 1 selected fusion benigns: [2, 6, 7, 8, 9]
2025-05-12 16:13:03,700 - DEBUG - util_fusion - fusion_dual_defense - client 2 scores: {0: array([509.48537734]), 1: array([509.48493413]), 2: array([509.48755915]), 3: array([509.48462447]), 4: array([509.48502569]), 5: array([509.4850351]), 6: array([509.48641075]), 7: array([509.48633269]), 8: array([509.48605042]), 9: array([509.48647402])}
2025-05-12 16:13:03,701 - DEBUG - util_fusion - fusion_dual_defense - client 2 norm scores: {0: array([0.25654285]), 1: array([0.10551637]), 2: array([1.]), 3: array([0.]), 4: array([0.13671859]), 5: array([0.13992323]), 6: array([0.60867874]), 7: array([0.58208182]), 8: array([0.48589671]), 9: array([0.63024008])}
2025-05-12 16:13:03,701 - DEBUG - util_fusion - fusion_dual_defense - client 2 similarity threshold: 0.3945598383650692
2025-05-12 16:13:03,701 - INFO - util_fusion - fusion_dual_defense - client 2 selected fusion benigns: [2, 6, 7, 8, 9]
2025-05-12 16:13:03,709 - DEBUG - util_fusion - fusion_dual_defense - client 3 scores: {0: array([509.48537734]), 1: array([509.48493413]), 2: array([509.48755915]), 3: array([509.48462447]), 4: array([509.48502569]), 5: array([509.4850351]), 6: array([509.48641075]), 7: array([509.48633269]), 8: array([509.48605042]), 9: array([509.48647402])}
2025-05-12 16:13:03,710 - DEBUG - util_fusion - fusion_dual_defense - client 3 norm scores: {0: array([0.25654285]), 1: array([0.10551637]), 2: array([1.]), 3: array([0.]), 4: array([0.13671859]), 5: array([0.13992323]), 6: array([0.60867874]), 7: array([0.58208182]), 8: array([0.48589671]), 9: array([0.63024008])}
2025-05-12 16:13:03,710 - DEBUG - util_fusion - fusion_dual_defense - client 3 similarity threshold: 0.3945598383650692
2025-05-12 16:13:03,710 - INFO - util_fusion - fusion_dual_defense - client 3 selected fusion benigns: [2, 6, 7, 8, 9]
2025-05-12 16:13:03,718 - DEBUG - util_fusion - fusion_dual_defense - client 4 scores: {0: array([509.48537734]), 1: array([509.48493413]), 2: array([509.48755915]), 3: array([509.48462447]), 4: array([509.48502569]), 5: array([509.4850351]), 6: array([509.48641075]), 7: array([509.48633269]), 8: array([509.48605042]), 9: array([509.48647402])}
2025-05-12 16:13:03,719 - DEBUG - util_fusion - fusion_dual_defense - client 4 norm scores: {0: array([0.25654285]), 1: array([0.10551637]), 2: array([1.]), 3: array([0.]), 4: array([0.13671859]), 5: array([0.13992323]), 6: array([0.60867874]), 7: array([0.58208182]), 8: array([0.48589671]), 9: array([0.63024008])}
2025-05-12 16:13:03,719 - DEBUG - util_fusion - fusion_dual_defense - client 4 similarity threshold: 0.3945598383650692
2025-05-12 16:13:03,719 - INFO - util_fusion - fusion_dual_defense - client 4 selected fusion benigns: [2, 6, 7, 8, 9]
2025-05-12 16:13:03,727 - DEBUG - util_fusion - fusion_dual_defense - client 5 scores: {0: array([509.48537734]), 1: array([509.48493413]), 2: array([509.48755915]), 3: array([509.48462447]), 4: array([509.48502569]), 5: array([509.4850351]), 6: array([509.48641075]), 7: array([509.48633269]), 8: array([509.48605042]), 9: array([509.48647402])}
2025-05-12 16:13:03,728 - DEBUG - util_fusion - fusion_dual_defense - client 5 norm scores: {0: array([0.25654285]), 1: array([0.10551637]), 2: array([1.]), 3: array([0.]), 4: array([0.13671859]), 5: array([0.13992323]), 6: array([0.60867874]), 7: array([0.58208182]), 8: array([0.48589671]), 9: array([0.63024008])}
2025-05-12 16:13:03,728 - DEBUG - util_fusion - fusion_dual_defense - client 5 similarity threshold: 0.3945598383650692
2025-05-12 16:13:03,728 - INFO - util_fusion - fusion_dual_defense - client 5 selected fusion benigns: [2, 6, 7, 8, 9]
2025-05-12 16:13:03,736 - DEBUG - util_fusion - fusion_dual_defense - client 6 scores: {0: array([509.48537734]), 1: array([509.48493413]), 2: array([509.48755915]), 3: array([509.48462447]), 4: array([509.48502569]), 5: array([509.4850351]), 6: array([509.48641075]), 7: array([509.48633269]), 8: array([509.48605042]), 9: array([509.48647402])}
2025-05-12 16:13:03,737 - DEBUG - util_fusion - fusion_dual_defense - client 6 norm scores: {0: array([0.25654285]), 1: array([0.10551637]), 2: array([1.]), 3: array([0.]), 4: array([0.13671859]), 5: array([0.13992323]), 6: array([0.60867874]), 7: array([0.58208182]), 8: array([0.48589671]), 9: array([0.63024008])}
2025-05-12 16:13:03,737 - DEBUG - util_fusion - fusion_dual_defense - client 6 similarity threshold: 0.3945598383650692
2025-05-12 16:13:03,737 - INFO - util_fusion - fusion_dual_defense - client 6 selected fusion benigns: [2, 6, 7, 8, 9]
2025-05-12 16:13:03,745 - DEBUG - util_fusion - fusion_dual_defense - client 7 scores: {0: array([509.48537734]), 1: array([509.48493413]), 2: array([509.48755915]), 3: array([509.48462447]), 4: array([509.48502569]), 5: array([509.4850351]), 6: array([509.48641075]), 7: array([509.48633269]), 8: array([509.48605042]), 9: array([509.48647402])}
2025-05-12 16:13:03,746 - DEBUG - util_fusion - fusion_dual_defense - client 7 norm scores: {0: array([0.25654285]), 1: array([0.10551637]), 2: array([1.]), 3: array([0.]), 4: array([0.13671859]), 5: array([0.13992323]), 6: array([0.60867874]), 7: array([0.58208182]), 8: array([0.48589671]), 9: array([0.63024008])}
2025-05-12 16:13:03,746 - DEBUG - util_fusion - fusion_dual_defense - client 7 similarity threshold: 0.3945598383650692
2025-05-12 16:13:03,746 - INFO - util_fusion - fusion_dual_defense - client 7 selected fusion benigns: [2, 6, 7, 8, 9]
2025-05-12 16:13:03,754 - DEBUG - util_fusion - fusion_dual_defense - client 8 scores: {0: array([509.48537734]), 1: array([509.48493413]), 2: array([509.48755915]), 3: array([509.48462447]), 4: array([509.48502569]), 5: array([509.4850351]), 6: array([509.48641075]), 7: array([509.48633269]), 8: array([509.48605042]), 9: array([509.48647402])}
2025-05-12 16:13:03,755 - DEBUG - util_fusion - fusion_dual_defense - client 8 norm scores: {0: array([0.25654285]), 1: array([0.10551637]), 2: array([1.]), 3: array([0.]), 4: array([0.13671859]), 5: array([0.13992323]), 6: array([0.60867874]), 7: array([0.58208182]), 8: array([0.48589671]), 9: array([0.63024008])}
2025-05-12 16:13:03,755 - DEBUG - util_fusion - fusion_dual_defense - client 8 similarity threshold: 0.3945598383650692
2025-05-12 16:13:03,755 - INFO - util_fusion - fusion_dual_defense - client 8 selected fusion benigns: [2, 6, 7, 8, 9]
2025-05-12 16:13:03,764 - DEBUG - util_fusion - fusion_dual_defense - client 9 scores: {0: array([509.48537734]), 1: array([509.48493413]), 2: array([509.48755915]), 3: array([509.48462447]), 4: array([509.48502569]), 5: array([509.4850351]), 6: array([509.48641075]), 7: array([509.48633269]), 8: array([509.48605042]), 9: array([509.48647402])}
2025-05-12 16:13:03,764 - DEBUG - util_fusion - fusion_dual_defense - client 9 norm scores: {0: array([0.25654285]), 1: array([0.10551637]), 2: array([1.]), 3: array([0.]), 4: array([0.13671859]), 5: array([0.13992323]), 6: array([0.60867874]), 7: array([0.58208182]), 8: array([0.48589671]), 9: array([0.63024008])}
2025-05-12 16:13:03,764 - DEBUG - util_fusion - fusion_dual_defense - client 9 similarity threshold: 0.3945598383650692
2025-05-12 16:13:03,764 - INFO - util_fusion - fusion_dual_defense - client 9 selected fusion benigns: [2, 6, 7, 8, 9]
2025-05-12 16:13:03,764 - DEBUG - util_fusion - fusion_dual_defense - final fusion benigns: (2, 6, 7, 8, 9)
2025-05-12 16:13:05,454 - INFO - fl - start - global side -  test accuracy: 10.09
2025-05-12 16:13:05,454 - INFO - fl - start - global side iteration 27 -  test accuracy: 10.09
2025-05-12 16:13:05,454 - INFO - fl - start - start training round 28
2025-05-12 16:13:05,456 - INFO - fl - start - round 28 attackers: [0, 4]
2025-05-12 16:13:05,456 - INFO - fl - start - start client 0 training
2025-05-12 16:13:05,456 - INFO - fl - client_local_train - client 0 start local training ...
2025-05-12 16:13:07,914 - INFO - fl - client_local_train - client 0 is attacker, start poisoning model
2025-05-12 16:13:11,896 - INFO - fl - start - end client 0 training
2025-05-12 16:13:11,896 - INFO - fl - start - client 0 evaluation metrics: {'train_loss': 800690.7037337662, 'test_acc': 10.09}
2025-05-12 16:13:11,896 - INFO - fl - start - start client 1 training
2025-05-12 16:13:11,896 - INFO - fl - client_local_train - client 1 start local training ...
2025-05-12 16:13:15,247 - INFO - fl - start - end client 1 training
2025-05-12 16:13:15,247 - INFO - fl - start - client 1 evaluation metrics: {'train_loss': 30834.03640625, 'test_acc': 9.58}
2025-05-12 16:13:15,247 - INFO - fl - start - start client 2 training
2025-05-12 16:13:15,247 - INFO - fl - client_local_train - client 2 start local training ...
2025-05-12 16:13:23,869 - INFO - fl - start - end client 2 training
2025-05-12 16:13:23,869 - INFO - fl - start - client 2 evaluation metrics: {'train_loss': 507.33975082768336, 'test_acc': 9.74}
2025-05-12 16:13:23,869 - INFO - fl - start - start client 3 training
2025-05-12 16:13:23,869 - INFO - fl - client_local_train - client 3 start local training ...
2025-05-12 16:13:26,357 - INFO - fl - start - end client 3 training
2025-05-12 16:13:26,357 - INFO - fl - start - client 3 evaluation metrics: {'train_loss': 70374.9057112069, 'test_acc': 11.35}
2025-05-12 16:13:26,357 - INFO - fl - start - start client 4 training
2025-05-12 16:13:26,357 - INFO - fl - client_local_train - client 4 start local training ...
2025-05-12 16:13:28,200 - INFO - fl - client_local_train - client 4 is attacker, start poisoning model
2025-05-12 16:13:31,844 - INFO - fl - start - end client 4 training
2025-05-12 16:13:31,844 - INFO - fl - start - client 4 evaluation metrics: {'train_loss': 248652.6869612069, 'test_acc': 9.58}
2025-05-12 16:13:31,844 - INFO - fl - start - start client 5 training
2025-05-12 16:13:31,844 - INFO - fl - client_local_train - client 5 start local training ...
2025-05-12 16:13:35,369 - INFO - fl - start - end client 5 training
2025-05-12 16:13:35,370 - INFO - fl - start - client 5 evaluation metrics: {'train_loss': 1166.79768315068, 'test_acc': 10.28}
2025-05-12 16:13:35,370 - INFO - fl - start - start client 6 training
2025-05-12 16:13:35,370 - INFO - fl - client_local_train - client 6 start local training ...
2025-05-12 16:13:41,861 - INFO - fl - start - end client 6 training
2025-05-12 16:13:41,862 - INFO - fl - start - client 6 evaluation metrics: {'train_loss': 82276.78346456694, 'test_acc': 10.1}
2025-05-12 16:13:41,862 - INFO - fl - start - start client 7 training
2025-05-12 16:13:41,862 - INFO - fl - client_local_train - client 7 start local training ...
2025-05-12 16:13:48,236 - INFO - fl - start - end client 7 training
2025-05-12 16:13:48,237 - INFO - fl - start - client 7 evaluation metrics: {'train_loss': 6405.013433641003, 'test_acc': 8.92}
2025-05-12 16:13:48,237 - INFO - fl - start - start client 8 training
2025-05-12 16:13:48,237 - INFO - fl - client_local_train - client 8 start local training ...
2025-05-12 16:13:54,052 - INFO - fl - start - end client 8 training
2025-05-12 16:13:54,052 - INFO - fl - start - client 8 evaluation metrics: {'train_loss': 4375.318735053323, 'test_acc': 10.28}
2025-05-12 16:13:54,052 - INFO - fl - start - start client 9 training
2025-05-12 16:13:54,052 - INFO - fl - client_local_train - client 9 start local training ...
2025-05-12 16:14:00,778 - INFO - fl - start - end client 9 training
2025-05-12 16:14:00,778 - INFO - fl - start - client 9 evaluation metrics: {'train_loss': 4746.164850923352, 'test_acc': 10.09}
2025-05-12 16:14:00,778 - INFO - fl - aggregate_model - start model aggregation...fusion method: dual_defense
2025-05-12 16:14:00,778 - INFO - fl - aggregate_model - start hyper-guard fusion with epsilon 0.01
2025-05-12 16:14:00,778 - INFO - fl - aggregate_model - round 28 attackers: [0, 4]
2025-05-12 16:14:11,498 - DEBUG - util_fusion - fusion_dual_defense - client 0 scores: {0: array([811.67194143]), 1: array([811.67148577]), 2: array([811.67433504]), 3: array([811.67122663]), 4: array([811.67157479]), 5: array([811.67149167]), 6: array([811.67294634]), 7: array([811.67284478]), 8: array([811.67252307]), 9: array([811.67317427])}
2025-05-12 16:14:11,498 - DEBUG - util_fusion - fusion_dual_defense - client 0 norm scores: {0: array([0.22995475]), 1: array([0.08336645]), 2: array([1.]), 3: array([0.]), 4: array([0.11200465]), 5: array([0.08526498]), 6: array([0.55324334]), 7: array([0.5205708]), 8: array([0.41707575]), 9: array([0.62656946])}
2025-05-12 16:14:11,498 - DEBUG - util_fusion - fusion_dual_defense - client 0 similarity threshold: 0.3628050179493676
2025-05-12 16:14:11,499 - INFO - util_fusion - fusion_dual_defense - client 0 selected fusion benigns: [2, 6, 7, 8, 9]
2025-05-12 16:14:11,507 - DEBUG - util_fusion - fusion_dual_defense - client 1 scores: {0: array([811.67194143]), 1: array([811.67148577]), 2: array([811.67433504]), 3: array([811.67122663]), 4: array([811.67157479]), 5: array([811.67149167]), 6: array([811.67294634]), 7: array([811.67284478]), 8: array([811.67252307]), 9: array([811.67317427])}
2025-05-12 16:14:11,508 - DEBUG - util_fusion - fusion_dual_defense - client 1 norm scores: {0: array([0.22995475]), 1: array([0.08336645]), 2: array([1.]), 3: array([0.]), 4: array([0.11200465]), 5: array([0.08526498]), 6: array([0.55324334]), 7: array([0.5205708]), 8: array([0.41707575]), 9: array([0.62656946])}
2025-05-12 16:14:11,508 - DEBUG - util_fusion - fusion_dual_defense - client 1 similarity threshold: 0.3628050179493676
2025-05-12 16:14:11,508 - INFO - util_fusion - fusion_dual_defense - client 1 selected fusion benigns: [2, 6, 7, 8, 9]
2025-05-12 16:14:11,516 - DEBUG - util_fusion - fusion_dual_defense - client 2 scores: {0: array([811.67194143]), 1: array([811.67148577]), 2: array([811.67433504]), 3: array([811.67122663]), 4: array([811.67157479]), 5: array([811.67149167]), 6: array([811.67294634]), 7: array([811.67284478]), 8: array([811.67252307]), 9: array([811.67317427])}
2025-05-12 16:14:11,517 - DEBUG - util_fusion - fusion_dual_defense - client 2 norm scores: {0: array([0.22995475]), 1: array([0.08336645]), 2: array([1.]), 3: array([0.]), 4: array([0.11200465]), 5: array([0.08526498]), 6: array([0.55324334]), 7: array([0.5205708]), 8: array([0.41707575]), 9: array([0.62656946])}
2025-05-12 16:14:11,517 - DEBUG - util_fusion - fusion_dual_defense - client 2 similarity threshold: 0.3628050179493676
2025-05-12 16:14:11,517 - INFO - util_fusion - fusion_dual_defense - client 2 selected fusion benigns: [2, 6, 7, 8, 9]
2025-05-12 16:14:11,525 - DEBUG - util_fusion - fusion_dual_defense - client 3 scores: {0: array([811.67194143]), 1: array([811.67148577]), 2: array([811.67433504]), 3: array([811.67122663]), 4: array([811.67157479]), 5: array([811.67149167]), 6: array([811.67294634]), 7: array([811.67284478]), 8: array([811.67252307]), 9: array([811.67317427])}
2025-05-12 16:14:11,526 - DEBUG - util_fusion - fusion_dual_defense - client 3 norm scores: {0: array([0.22995475]), 1: array([0.08336645]), 2: array([1.]), 3: array([0.]), 4: array([0.11200465]), 5: array([0.08526498]), 6: array([0.55324334]), 7: array([0.5205708]), 8: array([0.41707575]), 9: array([0.62656946])}
2025-05-12 16:14:11,526 - DEBUG - util_fusion - fusion_dual_defense - client 3 similarity threshold: 0.3628050179493676
2025-05-12 16:14:11,526 - INFO - util_fusion - fusion_dual_defense - client 3 selected fusion benigns: [2, 6, 7, 8, 9]
2025-05-12 16:14:11,534 - DEBUG - util_fusion - fusion_dual_defense - client 4 scores: {0: array([811.67194143]), 1: array([811.67148577]), 2: array([811.67433504]), 3: array([811.67122663]), 4: array([811.67157479]), 5: array([811.67149167]), 6: array([811.67294634]), 7: array([811.67284478]), 8: array([811.67252307]), 9: array([811.67317427])}
2025-05-12 16:14:11,535 - DEBUG - util_fusion - fusion_dual_defense - client 4 norm scores: {0: array([0.22995475]), 1: array([0.08336645]), 2: array([1.]), 3: array([0.]), 4: array([0.11200465]), 5: array([0.08526498]), 6: array([0.55324334]), 7: array([0.5205708]), 8: array([0.41707575]), 9: array([0.62656946])}
2025-05-12 16:14:11,535 - DEBUG - util_fusion - fusion_dual_defense - client 4 similarity threshold: 0.3628050179493676
2025-05-12 16:14:11,535 - INFO - util_fusion - fusion_dual_defense - client 4 selected fusion benigns: [2, 6, 7, 8, 9]
2025-05-12 16:14:11,543 - DEBUG - util_fusion - fusion_dual_defense - client 5 scores: {0: array([811.67194143]), 1: array([811.67148577]), 2: array([811.67433504]), 3: array([811.67122663]), 4: array([811.67157479]), 5: array([811.67149167]), 6: array([811.67294634]), 7: array([811.67284478]), 8: array([811.67252307]), 9: array([811.67317427])}
2025-05-12 16:14:11,544 - DEBUG - util_fusion - fusion_dual_defense - client 5 norm scores: {0: array([0.22995475]), 1: array([0.08336645]), 2: array([1.]), 3: array([0.]), 4: array([0.11200465]), 5: array([0.08526498]), 6: array([0.55324334]), 7: array([0.5205708]), 8: array([0.41707575]), 9: array([0.62656946])}
2025-05-12 16:14:11,544 - DEBUG - util_fusion - fusion_dual_defense - client 5 similarity threshold: 0.3628050179493676
2025-05-12 16:14:11,544 - INFO - util_fusion - fusion_dual_defense - client 5 selected fusion benigns: [2, 6, 7, 8, 9]
2025-05-12 16:14:11,552 - DEBUG - util_fusion - fusion_dual_defense - client 6 scores: {0: array([811.67194143]), 1: array([811.67148577]), 2: array([811.67433504]), 3: array([811.67122663]), 4: array([811.67157479]), 5: array([811.67149167]), 6: array([811.67294634]), 7: array([811.67284478]), 8: array([811.67252307]), 9: array([811.67317427])}
2025-05-12 16:14:11,553 - DEBUG - util_fusion - fusion_dual_defense - client 6 norm scores: {0: array([0.22995475]), 1: array([0.08336645]), 2: array([1.]), 3: array([0.]), 4: array([0.11200465]), 5: array([0.08526498]), 6: array([0.55324334]), 7: array([0.5205708]), 8: array([0.41707575]), 9: array([0.62656946])}
2025-05-12 16:14:11,553 - DEBUG - util_fusion - fusion_dual_defense - client 6 similarity threshold: 0.3628050179493676
2025-05-12 16:14:11,553 - INFO - util_fusion - fusion_dual_defense - client 6 selected fusion benigns: [2, 6, 7, 8, 9]
2025-05-12 16:14:11,561 - DEBUG - util_fusion - fusion_dual_defense - client 7 scores: {0: array([811.67194143]), 1: array([811.67148577]), 2: array([811.67433504]), 3: array([811.67122663]), 4: array([811.67157479]), 5: array([811.67149167]), 6: array([811.67294634]), 7: array([811.67284478]), 8: array([811.67252307]), 9: array([811.67317427])}
2025-05-12 16:14:11,562 - DEBUG - util_fusion - fusion_dual_defense - client 7 norm scores: {0: array([0.22995475]), 1: array([0.08336645]), 2: array([1.]), 3: array([0.]), 4: array([0.11200465]), 5: array([0.08526498]), 6: array([0.55324334]), 7: array([0.5205708]), 8: array([0.41707575]), 9: array([0.62656946])}
2025-05-12 16:14:11,562 - DEBUG - util_fusion - fusion_dual_defense - client 7 similarity threshold: 0.3628050179493676
2025-05-12 16:14:11,562 - INFO - util_fusion - fusion_dual_defense - client 7 selected fusion benigns: [2, 6, 7, 8, 9]
2025-05-12 16:14:11,570 - DEBUG - util_fusion - fusion_dual_defense - client 8 scores: {0: array([811.67194143]), 1: array([811.67148577]), 2: array([811.67433504]), 3: array([811.67122663]), 4: array([811.67157479]), 5: array([811.67149167]), 6: array([811.67294634]), 7: array([811.67284478]), 8: array([811.67252307]), 9: array([811.67317427])}
2025-05-12 16:14:11,571 - DEBUG - util_fusion - fusion_dual_defense - client 8 norm scores: {0: array([0.22995475]), 1: array([0.08336645]), 2: array([1.]), 3: array([0.]), 4: array([0.11200465]), 5: array([0.08526498]), 6: array([0.55324334]), 7: array([0.5205708]), 8: array([0.41707575]), 9: array([0.62656946])}
2025-05-12 16:14:11,571 - DEBUG - util_fusion - fusion_dual_defense - client 8 similarity threshold: 0.3628050179493676
2025-05-12 16:14:11,571 - INFO - util_fusion - fusion_dual_defense - client 8 selected fusion benigns: [2, 6, 7, 8, 9]
2025-05-12 16:14:11,579 - DEBUG - util_fusion - fusion_dual_defense - client 9 scores: {0: array([811.67194143]), 1: array([811.67148577]), 2: array([811.67433504]), 3: array([811.67122663]), 4: array([811.67157479]), 5: array([811.67149167]), 6: array([811.67294634]), 7: array([811.67284478]), 8: array([811.67252307]), 9: array([811.67317427])}
2025-05-12 16:14:11,580 - DEBUG - util_fusion - fusion_dual_defense - client 9 norm scores: {0: array([0.22995475]), 1: array([0.08336645]), 2: array([1.]), 3: array([0.]), 4: array([0.11200465]), 5: array([0.08526498]), 6: array([0.55324334]), 7: array([0.5205708]), 8: array([0.41707575]), 9: array([0.62656946])}
2025-05-12 16:14:11,580 - DEBUG - util_fusion - fusion_dual_defense - client 9 similarity threshold: 0.3628050179493676
2025-05-12 16:14:11,580 - INFO - util_fusion - fusion_dual_defense - client 9 selected fusion benigns: [2, 6, 7, 8, 9]
2025-05-12 16:14:11,580 - DEBUG - util_fusion - fusion_dual_defense - final fusion benigns: (2, 6, 7, 8, 9)
2025-05-12 16:14:13,269 - INFO - fl - start - global side -  test accuracy: 10.09
2025-05-12 16:14:13,269 - INFO - fl - start - global side iteration 28 -  test accuracy: 10.09
2025-05-12 16:14:13,270 - INFO - fl - start - start training round 29
2025-05-12 16:14:13,272 - INFO - fl - start - round 29 attackers: [3, 6]
2025-05-12 16:14:13,272 - INFO - fl - start - start client 0 training
2025-05-12 16:14:13,272 - INFO - fl - client_local_train - client 0 start local training ...
2025-05-12 16:14:17,766 - INFO - fl - start - end client 0 training
2025-05-12 16:14:17,766 - INFO - fl - start - client 0 evaluation metrics: {'train_loss': 100142.2973823052, 'test_acc': 11.35}
2025-05-12 16:14:17,766 - INFO - fl - start - start client 1 training
2025-05-12 16:14:17,766 - INFO - fl - client_local_train - client 1 start local training ...
2025-05-12 16:14:21,109 - INFO - fl - start - end client 1 training
2025-05-12 16:14:21,109 - INFO - fl - start - client 1 evaluation metrics: {'train_loss': 30793.0209375, 'test_acc': 9.58}
2025-05-12 16:14:21,109 - INFO - fl - start - start client 2 training
2025-05-12 16:14:21,109 - INFO - fl - client_local_train - client 2 start local training ...
2025-05-12 16:14:29,766 - INFO - fl - start - end client 2 training
2025-05-12 16:14:29,766 - INFO - fl - start - client 2 evaluation metrics: {'train_loss': 507.10119477709134, 'test_acc': 9.74}
2025-05-12 16:14:29,766 - INFO - fl - start - start client 3 training
2025-05-12 16:14:29,766 - INFO - fl - client_local_train - client 3 start local training ...
2025-05-12 16:14:30,694 - INFO - fl - client_local_train - client 3 is attacker, start poisoning model
2025-05-12 16:14:33,836 - INFO - fl - start - end client 3 training
2025-05-12 16:14:33,836 - INFO - fl - start - client 3 evaluation metrics: {'train_loss': 557054.40625, 'test_acc': 11.35}
2025-05-12 16:14:33,836 - INFO - fl - start - start client 4 training
2025-05-12 16:14:33,836 - INFO - fl - client_local_train - client 4 start local training ...
2025-05-12 16:14:37,512 - INFO - fl - start - end client 4 training
2025-05-12 16:14:37,512 - INFO - fl - start - client 4 evaluation metrics: {'train_loss': 31142.691271551725, 'test_acc': 9.58}
2025-05-12 16:14:37,512 - INFO - fl - start - start client 5 training
2025-05-12 16:14:37,512 - INFO - fl - client_local_train - client 5 start local training ...
2025-05-12 16:14:41,028 - INFO - fl - start - end client 5 training
2025-05-12 16:14:41,028 - INFO - fl - start - client 5 evaluation metrics: {'train_loss': 1163.9347794144242, 'test_acc': 10.28}
2025-05-12 16:14:41,028 - INFO - fl - start - start client 6 training
2025-05-12 16:14:41,028 - INFO - fl - client_local_train - client 6 start local training ...
2025-05-12 16:14:45,136 - INFO - fl - client_local_train - client 6 is attacker, start poisoning model
2025-05-12 16:14:49,973 - INFO - fl - start - end client 6 training
2025-05-12 16:14:49,973 - INFO - fl - start - client 6 evaluation metrics: {'train_loss': 658226.2925688976, 'test_acc': 10.1}
2025-05-12 16:14:49,973 - INFO - fl - start - start client 7 training
2025-05-12 16:14:49,973 - INFO - fl - client_local_train - client 7 start local training ...
2025-05-12 16:14:56,391 - INFO - fl - start - end client 7 training
2025-05-12 16:14:56,392 - INFO - fl - start - client 7 evaluation metrics: {'train_loss': 6402.844327865108, 'test_acc': 8.92}
2025-05-12 16:14:56,392 - INFO - fl - start - start client 8 training
2025-05-12 16:14:56,392 - INFO - fl - client_local_train - client 8 start local training ...
2025-05-12 16:15:02,176 - INFO - fl - start - end client 8 training
2025-05-12 16:15:02,177 - INFO - fl - start - client 8 evaluation metrics: {'train_loss': 4373.027099262585, 'test_acc': 10.28}
2025-05-12 16:15:02,177 - INFO - fl - start - start client 9 training
2025-05-12 16:15:02,177 - INFO - fl - client_local_train - client 9 start local training ...
2025-05-12 16:15:08,930 - INFO - fl - start - end client 9 training
2025-05-12 16:15:08,930 - INFO - fl - start - client 9 evaluation metrics: {'train_loss': 4725.726944309428, 'test_acc': 10.09}
2025-05-12 16:15:08,930 - INFO - fl - aggregate_model - start model aggregation...fusion method: dual_defense
2025-05-12 16:15:08,930 - INFO - fl - aggregate_model - start hyper-guard fusion with epsilon 0.01
2025-05-12 16:15:08,930 - INFO - fl - aggregate_model - round 29 attackers: [3, 6]
2025-05-12 16:15:19,663 - DEBUG - util_fusion - fusion_dual_defense - client 0 scores: {0: array([851.13297386]), 1: array([851.1323024]), 2: array([851.13567856]), 3: array([851.13168289]), 4: array([851.13249953]), 5: array([851.13230453]), 6: array([851.13420288]), 7: array([851.13420784]), 8: array([851.13381136]), 9: array([851.13442653])}
2025-05-12 16:15:19,664 - DEBUG - util_fusion - fusion_dual_defense - client 0 norm scores: {0: array([0.32309167]), 1: array([0.15504382]), 2: array([1.]), 3: array([0.]), 4: array([0.20438168]), 5: array([0.15557715]), 6: array([0.63068]), 7: array([0.63192297]), 8: array([0.53269359]), 9: array([0.68665418])}
2025-05-12 16:15:19,664 - DEBUG - util_fusion - fusion_dual_defense - client 0 similarity threshold: 0.43200450605329477
2025-05-12 16:15:19,664 - INFO - util_fusion - fusion_dual_defense - client 0 selected fusion benigns: [2, 6, 7, 8, 9]
2025-05-12 16:15:19,673 - DEBUG - util_fusion - fusion_dual_defense - client 1 scores: {0: array([851.13297386]), 1: array([851.1323024]), 2: array([851.13567856]), 3: array([851.13168289]), 4: array([851.13249953]), 5: array([851.13230453]), 6: array([851.13420288]), 7: array([851.13420784]), 8: array([851.13381136]), 9: array([851.13442653])}
2025-05-12 16:15:19,673 - DEBUG - util_fusion - fusion_dual_defense - client 1 norm scores: {0: array([0.32309167]), 1: array([0.15504382]), 2: array([1.]), 3: array([0.]), 4: array([0.20438168]), 5: array([0.15557715]), 6: array([0.63068]), 7: array([0.63192297]), 8: array([0.53269359]), 9: array([0.68665418])}
2025-05-12 16:15:19,673 - DEBUG - util_fusion - fusion_dual_defense - client 1 similarity threshold: 0.43200450605329477
2025-05-12 16:15:19,673 - INFO - util_fusion - fusion_dual_defense - client 1 selected fusion benigns: [2, 6, 7, 8, 9]
2025-05-12 16:15:19,682 - DEBUG - util_fusion - fusion_dual_defense - client 2 scores: {0: array([851.13297386]), 1: array([851.1323024]), 2: array([851.13567856]), 3: array([851.13168289]), 4: array([851.13249953]), 5: array([851.13230453]), 6: array([851.13420288]), 7: array([851.13420784]), 8: array([851.13381136]), 9: array([851.13442653])}
2025-05-12 16:15:19,682 - DEBUG - util_fusion - fusion_dual_defense - client 2 norm scores: {0: array([0.32309167]), 1: array([0.15504382]), 2: array([1.]), 3: array([0.]), 4: array([0.20438168]), 5: array([0.15557715]), 6: array([0.63068]), 7: array([0.63192297]), 8: array([0.53269359]), 9: array([0.68665418])}
2025-05-12 16:15:19,682 - DEBUG - util_fusion - fusion_dual_defense - client 2 similarity threshold: 0.43200450605329477
2025-05-12 16:15:19,682 - INFO - util_fusion - fusion_dual_defense - client 2 selected fusion benigns: [2, 6, 7, 8, 9]
2025-05-12 16:15:19,691 - DEBUG - util_fusion - fusion_dual_defense - client 3 scores: {0: array([851.13297386]), 1: array([851.1323024]), 2: array([851.13567856]), 3: array([851.13168289]), 4: array([851.13249953]), 5: array([851.13230453]), 6: array([851.13420288]), 7: array([851.13420784]), 8: array([851.13381136]), 9: array([851.13442653])}
2025-05-12 16:15:19,691 - DEBUG - util_fusion - fusion_dual_defense - client 3 norm scores: {0: array([0.32309167]), 1: array([0.15504382]), 2: array([1.]), 3: array([0.]), 4: array([0.20438168]), 5: array([0.15557715]), 6: array([0.63068]), 7: array([0.63192297]), 8: array([0.53269359]), 9: array([0.68665418])}
2025-05-12 16:15:19,691 - DEBUG - util_fusion - fusion_dual_defense - client 3 similarity threshold: 0.43200450605329477
2025-05-12 16:15:19,691 - INFO - util_fusion - fusion_dual_defense - client 3 selected fusion benigns: [2, 6, 7, 8, 9]
2025-05-12 16:15:19,700 - DEBUG - util_fusion - fusion_dual_defense - client 4 scores: {0: array([851.13297386]), 1: array([851.1323024]), 2: array([851.13567856]), 3: array([851.13168289]), 4: array([851.13249953]), 5: array([851.13230453]), 6: array([851.13420288]), 7: array([851.13420784]), 8: array([851.13381136]), 9: array([851.13442653])}
2025-05-12 16:15:19,700 - DEBUG - util_fusion - fusion_dual_defense - client 4 norm scores: {0: array([0.32309167]), 1: array([0.15504382]), 2: array([1.]), 3: array([0.]), 4: array([0.20438168]), 5: array([0.15557715]), 6: array([0.63068]), 7: array([0.63192297]), 8: array([0.53269359]), 9: array([0.68665418])}
2025-05-12 16:15:19,700 - DEBUG - util_fusion - fusion_dual_defense - client 4 similarity threshold: 0.43200450605329477
2025-05-12 16:15:19,700 - INFO - util_fusion - fusion_dual_defense - client 4 selected fusion benigns: [2, 6, 7, 8, 9]
2025-05-12 16:15:19,709 - DEBUG - util_fusion - fusion_dual_defense - client 5 scores: {0: array([851.13297386]), 1: array([851.1323024]), 2: array([851.13567856]), 3: array([851.13168289]), 4: array([851.13249953]), 5: array([851.13230453]), 6: array([851.13420288]), 7: array([851.13420784]), 8: array([851.13381136]), 9: array([851.13442653])}
2025-05-12 16:15:19,709 - DEBUG - util_fusion - fusion_dual_defense - client 5 norm scores: {0: array([0.32309167]), 1: array([0.15504382]), 2: array([1.]), 3: array([0.]), 4: array([0.20438168]), 5: array([0.15557715]), 6: array([0.63068]), 7: array([0.63192297]), 8: array([0.53269359]), 9: array([0.68665418])}
2025-05-12 16:15:19,709 - DEBUG - util_fusion - fusion_dual_defense - client 5 similarity threshold: 0.43200450605329477
2025-05-12 16:15:19,710 - INFO - util_fusion - fusion_dual_defense - client 5 selected fusion benigns: [2, 6, 7, 8, 9]
2025-05-12 16:15:19,718 - DEBUG - util_fusion - fusion_dual_defense - client 6 scores: {0: array([851.13297386]), 1: array([851.1323024]), 2: array([851.13567856]), 3: array([851.13168289]), 4: array([851.13249953]), 5: array([851.13230453]), 6: array([851.13420288]), 7: array([851.13420784]), 8: array([851.13381136]), 9: array([851.13442653])}
2025-05-12 16:15:19,718 - DEBUG - util_fusion - fusion_dual_defense - client 6 norm scores: {0: array([0.32309167]), 1: array([0.15504382]), 2: array([1.]), 3: array([0.]), 4: array([0.20438168]), 5: array([0.15557715]), 6: array([0.63068]), 7: array([0.63192297]), 8: array([0.53269359]), 9: array([0.68665418])}
2025-05-12 16:15:19,719 - DEBUG - util_fusion - fusion_dual_defense - client 6 similarity threshold: 0.43200450605329477
2025-05-12 16:15:19,719 - INFO - util_fusion - fusion_dual_defense - client 6 selected fusion benigns: [2, 6, 7, 8, 9]
2025-05-12 16:15:19,727 - DEBUG - util_fusion - fusion_dual_defense - client 7 scores: {0: array([851.13297386]), 1: array([851.1323024]), 2: array([851.13567856]), 3: array([851.13168289]), 4: array([851.13249953]), 5: array([851.13230453]), 6: array([851.13420288]), 7: array([851.13420784]), 8: array([851.13381136]), 9: array([851.13442653])}
2025-05-12 16:15:19,728 - DEBUG - util_fusion - fusion_dual_defense - client 7 norm scores: {0: array([0.32309167]), 1: array([0.15504382]), 2: array([1.]), 3: array([0.]), 4: array([0.20438168]), 5: array([0.15557715]), 6: array([0.63068]), 7: array([0.63192297]), 8: array([0.53269359]), 9: array([0.68665418])}
2025-05-12 16:15:19,728 - DEBUG - util_fusion - fusion_dual_defense - client 7 similarity threshold: 0.43200450605329477
2025-05-12 16:15:19,728 - INFO - util_fusion - fusion_dual_defense - client 7 selected fusion benigns: [2, 6, 7, 8, 9]
2025-05-12 16:15:19,736 - DEBUG - util_fusion - fusion_dual_defense - client 8 scores: {0: array([851.13297386]), 1: array([851.1323024]), 2: array([851.13567856]), 3: array([851.13168289]), 4: array([851.13249953]), 5: array([851.13230453]), 6: array([851.13420288]), 7: array([851.13420784]), 8: array([851.13381136]), 9: array([851.13442653])}
2025-05-12 16:15:19,737 - DEBUG - util_fusion - fusion_dual_defense - client 8 norm scores: {0: array([0.32309167]), 1: array([0.15504382]), 2: array([1.]), 3: array([0.]), 4: array([0.20438168]), 5: array([0.15557715]), 6: array([0.63068]), 7: array([0.63192297]), 8: array([0.53269359]), 9: array([0.68665418])}
2025-05-12 16:15:19,737 - DEBUG - util_fusion - fusion_dual_defense - client 8 similarity threshold: 0.43200450605329477
2025-05-12 16:15:19,737 - INFO - util_fusion - fusion_dual_defense - client 8 selected fusion benigns: [2, 6, 7, 8, 9]
2025-05-12 16:15:19,745 - DEBUG - util_fusion - fusion_dual_defense - client 9 scores: {0: array([851.13297386]), 1: array([851.1323024]), 2: array([851.13567856]), 3: array([851.13168289]), 4: array([851.13249953]), 5: array([851.13230453]), 6: array([851.13420288]), 7: array([851.13420784]), 8: array([851.13381136]), 9: array([851.13442653])}
2025-05-12 16:15:19,746 - DEBUG - util_fusion - fusion_dual_defense - client 9 norm scores: {0: array([0.32309167]), 1: array([0.15504382]), 2: array([1.]), 3: array([0.]), 4: array([0.20438168]), 5: array([0.15557715]), 6: array([0.63068]), 7: array([0.63192297]), 8: array([0.53269359]), 9: array([0.68665418])}
2025-05-12 16:15:19,746 - DEBUG - util_fusion - fusion_dual_defense - client 9 similarity threshold: 0.43200450605329477
2025-05-12 16:15:19,746 - INFO - util_fusion - fusion_dual_defense - client 9 selected fusion benigns: [2, 6, 7, 8, 9]
2025-05-12 16:15:19,746 - DEBUG - util_fusion - fusion_dual_defense - final fusion benigns: (2, 6, 7, 8, 9)
2025-05-12 16:15:21,432 - INFO - fl - start - global side -  test accuracy: 10.1
2025-05-12 16:15:21,432 - INFO - fl - start - global side iteration 29 -  test accuracy: 10.1
2025-05-12 16:15:21,432 - INFO - fl - start - end the FL simulation
2025-05-12 16:15:21,433 - INFO - fl - start - summarization - simulation metrics: {0: {'time': 64.2979783310002, 'parties': {0: {'train_loss': 0.0877236138980884, 'test_acc': 59.7}, 1: {'train_loss': 0.09442386483773589, 'test_acc': 58.46}, 2: {'train_loss': 0.06134495348410888, 'test_acc': 80.73}, 3: {'train_loss': 0.18521325932494526, 'test_acc': 52.07}, 4: {'train_loss': 0.15803440345515465, 'test_acc': 58.51}, 5: {'train_loss': 0.1819429541075671, 'test_acc': 29.41}, 6: {'train_loss': 0.0768745302215336, 'test_acc': 81.6}, 7: {'train_loss': 0.05185685342463154, 'test_acc': 58.55}, 8: {'train_loss': 0.08544084657491609, 'test_acc': 74.17}, 9: {'train_loss': 0.07947427476231093, 'test_acc': 60.81}}, 'server': {'test_acc': 66.33}}, 1: {'time': 132.99786630099698, 'parties': {0: {'train_loss': 0.04919769191001723, 'test_acc': 66.6}, 1: {'train_loss': 0.051429489087313415, 'test_acc': 66.53}, 2: {'train_loss': 0.052429071883670984, 'test_acc': 83.74}, 3: {'train_loss': 0.05677004529219442, 'test_acc': 64.24}, 4: {'train_loss': 0.08282134717266107, 'test_acc': 72.06}, 5: {'train_loss': 0.08802104768929658, 'test_acc': 43.0}, 6: {'train_loss': 132.6813824270654, 'test_acc': 82.48}, 7: {'train_loss': 95.39735923274871, 'test_acc': 65.52}, 8: {'train_loss': 0.0782993760806593, 'test_acc': 73.64}, 9: {'train_loss': 0.044483822124443, 'test_acc': 64.98}}, 'server': {'test_acc': 82.5}}, 2: {'time': 200.802042137002, 'parties': {0: {'train_loss': 69.60876110621861, 'test_acc': 71.73}, 1: {'train_loss': 0.03716755475848913, 'test_acc': 69.56}, 2: {'train_loss': 0.04431056242643131, 'test_acc': 82.64}, 3: {'train_loss': 0.03593161411519195, 'test_acc': 72.61}, 4: {'train_loss': 0.060226963479714145, 'test_acc': 80.84}, 5: {'train_loss': 81.12635817351165, 'test_acc': 59.7}, 6: {'train_loss': 0.04377696087847897, 'test_acc': 85.16}, 7: {'train_loss': 0.03165611402214234, 'test_acc': 66.71}, 8: {'train_loss': 0.05364008556882089, 'test_acc': 76.47}, 9: {'train_loss': 0.03714547583595254, 'test_acc': 72.62}}, 'server': {'test_acc': 92.82}}, 3: {'time': 269.1560579700017, 'parties': {0: {'train_loss': 1.4277777981448483, 'test_acc': 9.82}, 1: {'train_loss': 1.685789830684662, 'test_acc': 9.58}, 2: {'train_loss': 1.71807665626208, 'test_acc': 9.74}, 3: {'train_loss': 1.391383121753561, 'test_acc': 10.44}, 4: {'train_loss': 1.71213901659538, 'test_acc': 9.58}, 5: {'train_loss': 14.883960856331719, 'test_acc': 10.32}, 6: {'train_loss': 1.7307653933998168, 'test_acc': 9.8}, 7: {'train_loss': 1.413534314401688, 'test_acc': 10.32}, 8: {'train_loss': 1.8105892018838363, 'test_acc': 10.28}, 9: {'train_loss': 11.794397958239218, 'test_acc': 10.09}}, 'server': {'test_acc': 10.32}}, 4: {'time': 338.0183517139958, 'parties': {0: {'train_loss': 1.4399571666469821, 'test_acc': 9.82}, 1: {'train_loss': 1.7068196058273315, 'test_acc': 9.58}, 2: {'train_loss': 14.08190597958035, 'test_acc': 9.58}, 3: {'train_loss': 1.4631616041578095, 'test_acc': 9.82}, 4: {'train_loss': 1.7089676117074901, 'test_acc': 9.58}, 5: {'train_loss': 6.930511620309618, 'test_acc': 10.32}, 6: {'train_loss': 1.7287744152264333, 'test_acc': 9.8}, 7: {'train_loss': 1.4120613278881196, 'test_acc': 10.32}, 8: {'train_loss': 1.830606146292253, 'test_acc': 10.28}, 9: {'train_loss': 1.51138678977364, 'test_acc': 10.09}}, 'server': {'test_acc': 11.35}}, 5: {'time': 406.86424918999546, 'parties': {0: {'train_loss': 1.4323240595978577, 'test_acc': 9.82}, 1: {'train_loss': 1.711946313381195, 'test_acc': 9.58}, 2: {'train_loss': 6.575698636637794, 'test_acc': 9.74}, 3: {'train_loss': 1.4319525052761208, 'test_acc': 9.82}, 4: {'train_loss': 1.7147131233379758, 'test_acc': 9.58}, 5: {'train_loss': 5.764150844679938, 'test_acc': 10.32}, 6: {'train_loss': 1.7251724877695398, 'test_acc': 9.8}, 7: {'train_loss': 1.4340657995593162, 'test_acc': 10.32}, 8: {'train_loss': 1.831447993625294, 'test_acc': 10.28}, 9: {'train_loss': 1.506442836352757, 'test_acc': 10.09}}, 'server': {'test_acc': 9.74}}, 6: {'time': 471.90835360699566, 'parties': {0: {'train_loss': 1.502928436576546, 'test_acc': 9.82}, 1: {'train_loss': 12.618578128814697, 'test_acc': 9.58}, 2: {'train_loss': 1.715873314274682, 'test_acc': 9.74}, 3: {'train_loss': 2.626034925723898, 'test_acc': 11.35}, 4: {'train_loss': 2.0055483456315666, 'test_acc': 9.58}, 5: {'train_loss': 1.444307272081022, 'test_acc': 10.32}, 6: {'train_loss': 1.7648202227795218, 'test_acc': 9.8}, 7: {'train_loss': 1.49323548520765, 'test_acc': 10.32}, 8: {'train_loss': 1.8857005108486522, 'test_acc': 10.28}, 9: {'train_loss': 6.144429341294711, 'test_acc': 10.09}}, 'server': {'test_acc': 8.92}}, 7: {'time': 537.0120187650027, 'parties': {0: {'train_loss': 4.968914072234909, 'test_acc': 9.82}, 1: {'train_loss': 1.901643660068512, 'test_acc': 9.58}, 2: {'train_loss': 1.7159974654515584, 'test_acc': 9.74}, 3: {'train_loss': 1.7581853989897103, 'test_acc': 9.82}, 4: {'train_loss': 1.7398231707770249, 'test_acc': 9.58}, 5: {'train_loss': 1.3234726389249165, 'test_acc': 10.32}, 6: {'train_loss': 1.7372961673210925, 'test_acc': 9.8}, 7: {'train_loss': 4.227248374492891, 'test_acc': 10.32}, 8: {'train_loss': 1.8143346428871154, 'test_acc': 10.28}, 9: {'train_loss': 1.5487253818296849, 'test_acc': 10.09}}, 'server': {'test_acc': 9.82}}, 8: {'time': 601.3723932389985, 'parties': {0: {'train_loss': 1.4387383569370618, 'test_acc': 9.82}, 1: {'train_loss': 8.200711164474487, 'test_acc': 9.58}, 2: {'train_loss': 1.7318947858280607, 'test_acc': 9.74}, 3: {'train_loss': 1.5131966738865292, 'test_acc': 9.82}, 4: {'train_loss': 4.899275097353705, 'test_acc': 9.58}, 5: {'train_loss': 1.4444985102724146, 'test_acc': 10.32}, 6: {'train_loss': 1.7398690999023558, 'test_acc': 9.8}, 7: {'train_loss': 1.4554948479898515, 'test_acc': 10.32}, 8: {'train_loss': 1.8546200307932768, 'test_acc': 10.28}, 9: {'train_loss': 1.5122742204737842, 'test_acc': 10.09}}, 'server': {'test_acc': 11.35}}, 9: {'time': 666.582593373998, 'parties': {0: {'train_loss': 4.893124849765332, 'test_acc': 9.82}, 1: {'train_loss': 1.7557244467735291, 'test_acc': 9.58}, 2: {'train_loss': 1.7210256861315834, 'test_acc': 9.74}, 3: {'train_loss': 1.51976164045005, 'test_acc': 9.82}, 4: {'train_loss': 1.7585948808439846, 'test_acc': 9.58}, 5: {'train_loss': 1.337540708206318, 'test_acc': 10.32}, 6: {'train_loss': 1.7322360633865117, 'test_acc': 9.8}, 7: {'train_loss': 1.4416113966895687, 'test_acc': 10.32}, 8: {'train_loss': 1.8311972130428662, 'test_acc': 10.28}, 9: {'train_loss': 5.642183640845736, 'test_acc': 10.09}}, 'server': {'test_acc': 10.09}}, 10: {'time': 730.8705822869961, 'parties': {0: {'train_loss': 1.445279579658013, 'test_acc': 9.82}, 1: {'train_loss': 7.108735227584839, 'test_acc': 9.58}, 2: {'train_loss': 1.7107695102691651, 'test_acc': 9.74}, 3: {'train_loss': 1.9555595661031788, 'test_acc': 11.35}, 4: {'train_loss': 5.458918168626982, 'test_acc': 9.58}, 5: {'train_loss': 1.3638533574563485, 'test_acc': 10.32}, 6: {'train_loss': 1.7319192172974114, 'test_acc': 9.8}, 7: {'train_loss': 1.475467626125582, 'test_acc': 10.32}, 8: {'train_loss': 1.8693143346092918, 'test_acc': 10.28}, 9: {'train_loss': 1.4952729501222308, 'test_acc': 10.09}}, 'server': {'test_acc': 11.35}}, 11: {'time': 795.7160206709959, 'parties': {0: {'train_loss': 1.4598494628807166, 'test_acc': 9.82}, 1: {'train_loss': 5.727563614845276, 'test_acc': 9.58}, 2: {'train_loss': 1.715083854066001, 'test_acc': 9.74}, 3: {'train_loss': 1.6356231097517342, 'test_acc': 11.35}, 4: {'train_loss': 1.784822336558638, 'test_acc': 9.58}, 5: {'train_loss': 1.324634971442046, 'test_acc': 10.32}, 6: {'train_loss': 1.7322987017669076, 'test_acc': 9.8}, 7: {'train_loss': 1.448709221616868, 'test_acc': 10.32}, 8: {'train_loss': 5.936732084100897, 'test_acc': 10.28}, 9: {'train_loss': 1.5107189793335765, 'test_acc': 10.09}}, 'server': {'test_acc': 10.28}}, 12: {'time': 861.179123074995, 'parties': {0: {'train_loss': 1.48691315929611, 'test_acc': 9.82}, 1: {'train_loss': 1.8170362091064454, 'test_acc': 9.58}, 2: {'train_loss': 5.0765310340457495, 'test_acc': 9.74}, 3: {'train_loss': 1.8660958265436107, 'test_acc': 11.35}, 4: {'train_loss': 1.7929692658884773, 'test_acc': 9.58}, 5: {'train_loss': 2.493963184180083, 'test_acc': 10.32}, 6: {'train_loss': 1.738616163336386, 'test_acc': 9.8}, 7: {'train_loss': 1.45539211553912, 'test_acc': 10.32}, 8: {'train_loss': 1.8185255560007962, 'test_acc': 10.28}, 9: {'train_loss': 1.5293536293775516, 'test_acc': 10.09}}, 'server': {'test_acc': 9.74}}, 13: {'time': 926.0357065880089, 'parties': {0: {'train_loss': 1.6798043452300035, 'test_acc': 9.82}, 1: {'train_loss': 2.901773843765259, 'test_acc': 9.58}, 2: {'train_loss': 1.7189701908164554, 'test_acc': 9.74}, 3: {'train_loss': 4.232688821595291, 'test_acc': 11.35}, 4: {'train_loss': 2.6784123922216483, 'test_acc': 9.58}, 5: {'train_loss': 1.551228196532638, 'test_acc': 10.32}, 6: {'train_loss': 1.8038895749670314, 'test_acc': 9.8}, 7: {'train_loss': 1.622116304213001, 'test_acc': 10.32}, 8: {'train_loss': 8.000905192982067, 'test_acc': 10.28}, 9: {'train_loss': 1.654958036609162, 'test_acc': 10.09}}, 'server': {'test_acc': 10.1}}, 14: {'time': 993.0066105419974, 'parties': {0: {'train_loss': 4.135583982839213, 'test_acc': 11.35}, 1: {'train_loss': 4.025577993392944, 'test_acc': 9.58}, 2: {'train_loss': 5.431445565488604, 'test_acc': 9.74}, 3: {'train_loss': 6.996780444835794, 'test_acc': 11.35}, 4: {'train_loss': 3.774684478496683, 'test_acc': 9.58}, 5: {'train_loss': 1.2933069246786613, 'test_acc': 10.32}, 6: {'train_loss': 2.4373435110557735, 'test_acc': 9.8}, 7: {'train_loss': 1.8519079704438486, 'test_acc': 10.32}, 8: {'train_loss': 8.441465007175099, 'test_acc': 10.28}, 9: {'train_loss': 1.881911802112608, 'test_acc': 10.09}}, 'server': {'test_acc': 9.74}}, 15: {'time': 1060.291259413003, 'parties': {0: {'train_loss': 31.046550181004907, 'test_acc': 11.35}, 1: {'train_loss': 92.32564491271972, 'test_acc': 9.58}, 2: {'train_loss': 1.8703739106655122, 'test_acc': 9.74}, 3: {'train_loss': 26.618606698924097, 'test_acc': 11.35}, 4: {'train_loss': 12.33550529644407, 'test_acc': 9.58}, 5: {'train_loss': 1.4362918557944122, 'test_acc': 10.32}, 6: {'train_loss': 23.106621914961206, 'test_acc': 10.1}, 7: {'train_loss': 3.3389728540374386, 'test_acc': 10.32}, 8: {'train_loss': 3.3215742761438545, 'test_acc': 10.28}, 9: {'train_loss': 18.67975077593237, 'test_acc': 10.09}}, 'server': {'test_acc': 10.09}}, 16: {'time': 1128.3870176490018, 'parties': {0: {'train_loss': 79.09441098299894, 'test_acc': 11.35}, 1: {'train_loss': 26.837499771118164, 'test_acc': 9.58}, 2: {'train_loss': 2.1168216745058697, 'test_acc': 9.74}, 3: {'train_loss': 60.8717910503519, 'test_acc': 11.35}, 4: {'train_loss': 215.11882518899853, 'test_acc': 9.58}, 5: {'train_loss': 2.173168789457392, 'test_acc': 10.28}, 6: {'train_loss': 61.90127950953686, 'test_acc': 10.1}, 7: {'train_loss': 6.030968599742459, 'test_acc': 10.32}, 8: {'train_loss': 5.626980449936607, 'test_acc': 10.28}, 9: {'train_loss': 36.192232689463104, 'test_acc': 10.09}}, 'server': {'test_acc': 9.58}}, 17: {'time': 1196.7587213640072, 'parties': {0: {'train_loss': 1599.9243433568386, 'test_acc': 11.35}, 1: {'train_loss': 64.53009185791015, 'test_acc': 9.58}, 2: {'train_loss': 2.7688924305968814, 'test_acc': 9.74}, 3: {'train_loss': 145.1587661216999, 'test_acc': 11.35}, 4: {'train_loss': 66.28792927182954, 'test_acc': 9.58}, 5: {'train_loss': 4.365446611686989, 'test_acc': 10.28}, 6: {'train_loss': 162.4877487543061, 'test_acc': 10.1}, 7: {'train_loss': 93.59390369538337, 'test_acc': 10.32}, 8: {'train_loss': 11.11518510796807, 'test_acc': 10.28}, 9: {'train_loss': 11.093012661862193, 'test_acc': 10.09}}, 'server': {'test_acc': 11.35}}, 18: {'time': 1265.1964708419982, 'parties': {0: {'train_loss': 598.3591954615209, 'test_acc': 11.35}, 1: {'train_loss': 187.819697265625, 'test_acc': 9.58}, 2: {'train_loss': 4.795413645108541, 'test_acc': 9.74}, 3: {'train_loss': 425.68589519632275, 'test_acc': 11.35}, 4: {'train_loss': 190.02661067041856, 'test_acc': 9.58}, 5: {'train_loss': 12.480580241591841, 'test_acc': 10.28}, 6: {'train_loss': 489.7805569866511, 'test_acc': 10.1}, 7: {'train_loss': 311.93650119535386, 'test_acc': 8.92}, 8: {'train_loss': 226.77644459117542, 'test_acc': 10.28}, 9: {'train_loss': 30.006686820123427, 'test_acc': 10.09}}, 'server': {'test_acc': 9.58}}, 19: {'time': 1333.1147785409994, 'parties': {0: {'train_loss': 596.888298133751, 'test_acc': 11.35}, 1: {'train_loss': 187.38775482177735, 'test_acc': 9.58}, 2: {'train_loss': 4.765116250514984, 'test_acc': 9.74}, 3: {'train_loss': 422.44753502155174, 'test_acc': 11.35}, 4: {'train_loss': 189.3967048381937, 'test_acc': 9.58}, 5: {'train_loss': 81.67884021335178, 'test_acc': 10.28}, 6: {'train_loss': 487.3315821369802, 'test_acc': 10.1}, 7: {'train_loss': 38.63196035738914, 'test_acc': 8.92}, 8: {'train_loss': 221.42536414753306, 'test_acc': 10.28}, 9: {'train_loss': 29.769887248376257, 'test_acc': 10.09}}, 'server': {'test_acc': 10.28}}, 20: {'time': 1401.0024345069978, 'parties': {0: {'train_loss': 1447.2486810064936, 'test_acc': 11.35}, 1: {'train_loss': 450.49721160888674, 'test_acc': 9.58}, 2: {'train_loss': 9.087322527832455, 'test_acc': 9.74}, 3: {'train_loss': 8191.589523841595, 'test_acc': 11.35}, 4: {'train_loss': 453.60833450843546, 'test_acc': 9.58}, 5: {'train_loss': 23.612324785303187, 'test_acc': 10.28}, 6: {'train_loss': 1186.3009062038632, 'test_acc': 10.1}, 7: {'train_loss': 756.2664849065965, 'test_acc': 8.92}, 8: {'train_loss': 66.90902737704191, 'test_acc': 10.28}, 9: {'train_loss': 70.68147876746673, 'test_acc': 10.09}}, 'server': {'test_acc': 11.35}}, 21: {'time': 1469.042425200998, 'parties': {0: {'train_loss': 3317.2412267907876, 'test_acc': 11.35}, 1: {'train_loss': 1023.7611145019531, 'test_acc': 9.58}, 2: {'train_loss': 18.506288336382973, 'test_acc': 9.74}, 3: {'train_loss': 2296.0554451778016, 'test_acc': 11.35}, 4: {'train_loss': 1031.1349476781384, 'test_acc': 9.58}, 5: {'train_loss': 351.6694669370298, 'test_acc': 10.28}, 6: {'train_loss': 2720.9317848025344, 'test_acc': 10.1}, 7: {'train_loss': 1709.6201538578157, 'test_acc': 8.92}, 8: {'train_loss': 147.7572762034156, 'test_acc': 10.28}, 9: {'train_loss': 159.2375333174727, 'test_acc': 10.09}}, 'server': {'test_acc': 11.35}}, 22: {'time': 1537.139817755, 'parties': {0: {'train_loss': 7149.795784293831, 'test_acc': 11.35}, 1: {'train_loss': 2193.9042517089842, 'test_acc': 9.58}, 2: {'train_loss': 37.881006984578235, 'test_acc': 9.74}, 3: {'train_loss': 5023.6162109375, 'test_acc': 11.35}, 4: {'train_loss': 2217.4150159112337, 'test_acc': 9.58}, 5: {'train_loss': 701.743997644495, 'test_acc': 10.28}, 6: {'train_loss': 5870.26680917815, 'test_acc': 10.1}, 7: {'train_loss': 3664.7976765786448, 'test_acc': 8.92}, 8: {'train_loss': 318.190147226507, 'test_acc': 10.28}, 9: {'train_loss': 341.7080503361566, 'test_acc': 10.09}}, 'server': {'test_acc': 8.92}}, 23: {'time': 1604.5886434380081, 'parties': {0: {'train_loss': 16333.395216112012, 'test_acc': 11.35}, 1: {'train_loss': 40383.474921875, 'test_acc': 9.58}, 2: {'train_loss': 84.39091313944922, 'test_acc': 9.74}, 3: {'train_loss': 11683.662277747844, 'test_acc': 11.35}, 4: {'train_loss': 5076.6954977101295, 'test_acc': 9.58}, 5: {'train_loss': 1543.781642207393, 'test_acc': 10.28}, 6: {'train_loss': 13448.709384227363, 'test_acc': 10.1}, 7: {'train_loss': 1046.2085791557065, 'test_acc': 8.92}, 8: {'train_loss': 724.233508643237, 'test_acc': 10.28}, 9: {'train_loss': 774.1487510858622, 'test_acc': 10.09}}, 'server': {'test_acc': 11.35}}, 24: {'time': 1672.9037201379979, 'parties': {0: {'train_loss': 130945.47209821429, 'test_acc': 11.35}, 1: {'train_loss': 5014.647521972656, 'test_acc': 9.58}, 2: {'train_loss': 84.32524967392285, 'test_acc': 9.74}, 3: {'train_loss': 11372.199673356681, 'test_acc': 11.35}, 4: {'train_loss': 5056.784979458513, 'test_acc': 9.58}, 5: {'train_loss': 192.15539437753182, 'test_acc': 10.28}, 6: {'train_loss': 107508.23486712598, 'test_acc': 10.1}, 7: {'train_loss': 1043.4695678218718, 'test_acc': 8.92}, 8: {'train_loss': 716.4450882781636, 'test_acc': 10.28}, 9: {'train_loss': 782.7435999391671, 'test_acc': 10.09}}, 'server': {'test_acc': 10.1}}, 25: {'time': 1740.9426890110044, 'parties': {0: {'train_loss': 42128.052911931816, 'test_acc': 11.35}, 1: {'train_loss': 12947.893818359375, 'test_acc': 9.58}, 2: {'train_loss': 214.44258600274722, 'test_acc': 9.74}, 3: {'train_loss': 29581.876751077587, 'test_acc': 11.35}, 4: {'train_loss': 13090.604736328125, 'test_acc': 9.58}, 5: {'train_loss': 3934.2325303819443, 'test_acc': 10.28}, 6: {'train_loss': 34611.35526882382, 'test_acc': 10.1}, 7: {'train_loss': 2693.1164582775486, 'test_acc': 8.92}, 8: {'train_loss': 14799.959783658114, 'test_acc': 10.28}, 9: {'train_loss': 2004.1156505391114, 'test_acc': 10.09}}, 'server': {'test_acc': 10.1}}, 26: {'time': 1808.627156913004, 'parties': {0: {'train_loss': 336920.0706168831, 'test_acc': 11.35}, 1: {'train_loss': 13010.02099609375, 'test_acc': 9.58}, 2: {'train_loss': 219.75651607447202, 'test_acc': 9.74}, 3: {'train_loss': 237660.53879310345, 'test_acc': 11.35}, 4: {'train_loss': 13142.686363483297, 'test_acc': 9.58}, 5: {'train_loss': 492.3225431089048, 'test_acc': 10.28}, 6: {'train_loss': 34603.65704970472, 'test_acc': 10.1}, 7: {'train_loss': 2694.6017190256425, 'test_acc': 8.92}, 8: {'train_loss': 1841.2741901050915, 'test_acc': 10.28}, 9: {'train_loss': 2004.4760167912434, 'test_acc': 10.09}}, 'server': {'test_acc': 11.35}}, 27: {'time': 1876.9647864660074, 'parties': {0: {'train_loss': 42163.4315137987, 'test_acc': 11.35}, 1: {'train_loss': 12933.594609375, 'test_acc': 9.58}, 2: {'train_loss': 214.23862749007014, 'test_acc': 9.74}, 3: {'train_loss': 29559.692753232757, 'test_acc': 11.35}, 4: {'train_loss': 13036.569302262931, 'test_acc': 9.58}, 5: {'train_loss': 3918.5917923538773, 'test_acc': 10.28}, 6: {'train_loss': 34580.970626230315, 'test_acc': 10.1}, 7: {'train_loss': 2691.684800670993, 'test_acc': 8.92}, 8: {'train_loss': 1858.1705310821533, 'test_acc': 10.28}, 9: {'train_loss': 15959.317260363945, 'test_acc': 10.09}}, 'server': {'test_acc': 10.09}}, 28: {'time': 1944.780344040002, 'parties': {0: {'train_loss': 800690.7037337662, 'test_acc': 10.09}, 1: {'train_loss': 30834.03640625, 'test_acc': 9.58}, 2: {'train_loss': 507.33975082768336, 'test_acc': 9.74}, 3: {'train_loss': 70374.9057112069, 'test_acc': 11.35}, 4: {'train_loss': 248652.6869612069, 'test_acc': 9.58}, 5: {'train_loss': 1166.79768315068, 'test_acc': 10.28}, 6: {'train_loss': 82276.78346456694, 'test_acc': 10.1}, 7: {'train_loss': 6405.013433641003, 'test_acc': 8.92}, 8: {'train_loss': 4375.318735053323, 'test_acc': 10.28}, 9: {'train_loss': 4746.164850923352, 'test_acc': 10.09}}, 'server': {'test_acc': 10.09}}, 29: {'time': 2012.9425597840018, 'parties': {0: {'train_loss': 100142.2973823052, 'test_acc': 11.35}, 1: {'train_loss': 30793.0209375, 'test_acc': 9.58}, 2: {'train_loss': 507.10119477709134, 'test_acc': 9.74}, 3: {'train_loss': 557054.40625, 'test_acc': 11.35}, 4: {'train_loss': 31142.691271551725, 'test_acc': 9.58}, 5: {'train_loss': 1163.9347794144242, 'test_acc': 10.28}, 6: {'train_loss': 658226.2925688976, 'test_acc': 10.1}, 7: {'train_loss': 6402.844327865108, 'test_acc': 8.92}, 8: {'train_loss': 4373.027099262585, 'test_acc': 10.28}, 9: {'train_loss': 4725.726944309428, 'test_acc': 10.09}}, 'server': {'test_acc': 10.1}}}
