2025-05-12 16:49:28,985 - INFO - util_sys - get_available_device - no preferred device is specified, using the available device for pythorch
2025-05-12 16:49:29,023 - INFO - util_sys - get_available_device - using cuda device for pythorch
2025-05-12 16:49:29,023 - INFO - util_sys - create_folder_if_not_exists - Folder './data/mnist/' already exists.
2025-05-12 16:49:29,078 - INFO - util_data - get_client_data - partitioning the data into non-IID setting
2025-05-12 16:49:29,946 - INFO - util_data - record_data_statistic - Client 0 - total training samples: 5094
2025-05-12 16:49:29,946 - INFO - util_data - record_data_statistic - Client 0 - training label distribution: defaultdict(<class 'int'>, {0: 533, 2: 2212, 3: 251, 4: 374, 5: 28, 8: 1321, 9: 375})
2025-05-12 16:49:30,362 - INFO - util_data - record_data_statistic - Client 1 - total training samples: 3361
2025-05-12 16:49:30,362 - INFO - util_data - record_data_statistic - Client 1 - training label distribution: defaultdict(<class 'int'>, {0: 569, 2: 93, 3: 137, 4: 365, 5: 3, 6: 453, 7: 99, 8: 1509, 9: 133})
2025-05-12 16:49:32,071 - INFO - util_data - record_data_statistic - Client 2 - total training samples: 13576
2025-05-12 16:49:32,071 - INFO - util_data - record_data_statistic - Client 2 - training label distribution: defaultdict(<class 'int'>, {0: 153, 1: 649, 2: 547, 3: 3903, 4: 1814, 5: 48, 6: 2114, 7: 4343, 8: 2, 9: 3})
2025-05-12 16:49:33,185 - INFO - util_data - record_data_statistic - Client 3 - total training samples: 9005
2025-05-12 16:49:33,185 - INFO - util_data - record_data_statistic - Client 3 - training label distribution: defaultdict(<class 'int'>, {0: 10, 1: 2617, 2: 37, 3: 638, 4: 1830, 5: 1467, 6: 29, 7: 46, 8: 10, 9: 2321})
2025-05-12 16:49:34,344 - INFO - util_data - record_data_statistic - Client 4 - total training samples: 9247
2025-05-12 16:49:34,344 - INFO - util_data - record_data_statistic - Client 4 - training label distribution: defaultdict(<class 'int'>, {0: 251, 1: 1555, 2: 1221, 4: 870, 5: 3684, 6: 5, 7: 29, 8: 1515, 9: 117})
2025-05-12 16:49:35,167 - INFO - util_data - record_data_statistic - Client 5 - total training samples: 6697
2025-05-12 16:49:35,168 - INFO - util_data - record_data_statistic - Client 5 - training label distribution: defaultdict(<class 'int'>, {4: 1, 5: 2, 6: 2492, 7: 1, 8: 1343, 9: 2858})
2025-05-12 16:49:35,570 - INFO - util_data - record_data_statistic - Client 6 - total training samples: 3273
2025-05-12 16:49:35,570 - INFO - util_data - record_data_statistic - Client 6 - training label distribution: defaultdict(<class 'int'>, {0: 979, 1: 732, 2: 789, 3: 717, 4: 4, 6: 14, 7: 16, 8: 8, 9: 14})
2025-05-12 16:49:35,908 - INFO - util_data - record_data_statistic - Client 7 - total training samples: 2743
2025-05-12 16:49:35,908 - INFO - util_data - record_data_statistic - Client 7 - training label distribution: defaultdict(<class 'int'>, {0: 542, 1: 1155, 2: 408, 4: 263, 5: 182, 6: 153, 7: 34, 9: 6})
2025-05-12 16:49:36,596 - INFO - util_data - record_data_statistic - Client 8 - total training samples: 5567
2025-05-12 16:49:36,596 - INFO - util_data - record_data_statistic - Client 8 - training label distribution: defaultdict(<class 'int'>, {0: 2837, 1: 4, 2: 650, 3: 481, 4: 9, 6: 127, 7: 1216, 8: 122, 9: 121})
2025-05-12 16:49:36,775 - INFO - util_data - record_data_statistic - Client 9 - total training samples: 1437
2025-05-12 16:49:36,775 - INFO - util_data - record_data_statistic - Client 9 - training label distribution: defaultdict(<class 'int'>, {0: 49, 1: 30, 2: 1, 3: 4, 4: 312, 5: 7, 6: 531, 7: 481, 8: 21, 9: 1})
2025-05-12 16:49:36,943 - INFO - fl - start - start the FL simulation
2025-05-12 16:49:36,943 - INFO - fl - start - start training round 0
2025-05-12 16:49:36,945 - INFO - fl - start - no attack at the round 0
2025-05-12 16:49:36,945 - INFO - fl - start - start client 0 training
2025-05-12 16:49:36,945 - INFO - fl - client_local_train - client 0 start local training ...
2025-05-12 16:49:41,854 - INFO - fl - start - end client 0 training
2025-05-12 16:49:41,854 - INFO - fl - start - client 0 evaluation metrics: {'train_loss': 0.1130040749674663, 'test_acc': 56.69}
2025-05-12 16:49:41,854 - INFO - fl - start - start client 1 training
2025-05-12 16:49:41,854 - INFO - fl - client_local_train - client 1 start local training ...
2025-05-12 16:49:45,376 - INFO - fl - start - end client 1 training
2025-05-12 16:49:45,376 - INFO - fl - start - client 1 evaluation metrics: {'train_loss': 0.15025309550593485, 'test_acc': 69.86}
2025-05-12 16:49:45,376 - INFO - fl - start - start client 2 training
2025-05-12 16:49:45,376 - INFO - fl - client_local_train - client 2 start local training ...
2025-05-12 16:49:55,420 - INFO - fl - start - end client 2 training
2025-05-12 16:49:55,420 - INFO - fl - start - client 2 evaluation metrics: {'train_loss': 0.050663265226924784, 'test_acc': 73.33}
2025-05-12 16:49:55,420 - INFO - fl - start - start client 3 training
2025-05-12 16:49:55,420 - INFO - fl - client_local_train - client 3 start local training ...
2025-05-12 16:50:02,567 - INFO - fl - start - end client 3 training
2025-05-12 16:50:02,567 - INFO - fl - start - client 3 evaluation metrics: {'train_loss': 0.07227694764006751, 'test_acc': 58.94}
2025-05-12 16:50:02,567 - INFO - fl - start - start client 4 training
2025-05-12 16:50:02,567 - INFO - fl - client_local_train - client 4 start local training ...
2025-05-12 16:50:09,844 - INFO - fl - start - end client 4 training
2025-05-12 16:50:09,844 - INFO - fl - start - client 4 evaluation metrics: {'train_loss': 0.055748813933339615, 'test_acc': 70.29}
2025-05-12 16:50:09,845 - INFO - fl - start - start client 5 training
2025-05-12 16:50:09,845 - INFO - fl - client_local_train - client 5 start local training ...
2025-05-12 16:50:15,492 - INFO - fl - start - end client 5 training
2025-05-12 16:50:15,492 - INFO - fl - start - client 5 evaluation metrics: {'train_loss': 0.030995742441155015, 'test_acc': 28.98}
2025-05-12 16:50:15,492 - INFO - fl - start - start client 6 training
2025-05-12 16:50:15,492 - INFO - fl - client_local_train - client 6 start local training ...
2025-05-12 16:50:18,949 - INFO - fl - start - end client 6 training
2025-05-12 16:50:18,949 - INFO - fl - start - client 6 evaluation metrics: {'train_loss': 0.10596465777892333, 'test_acc': 41.29}
2025-05-12 16:50:18,949 - INFO - fl - start - start client 7 training
2025-05-12 16:50:18,949 - INFO - fl - client_local_train - client 7 start local training ...
2025-05-12 16:50:22,079 - INFO - fl - start - end client 7 training
2025-05-12 16:50:22,079 - INFO - fl - start - client 7 evaluation metrics: {'train_loss': 0.16183462262500165, 'test_acc': 59.05}
2025-05-12 16:50:22,079 - INFO - fl - start - start client 8 training
2025-05-12 16:50:22,079 - INFO - fl - client_local_train - client 8 start local training ...
2025-05-12 16:50:26,996 - INFO - fl - start - end client 8 training
2025-05-12 16:50:26,996 - INFO - fl - start - client 8 evaluation metrics: {'train_loss': 0.08452720507636838, 'test_acc': 60.92}
2025-05-12 16:50:26,996 - INFO - fl - start - start client 9 training
2025-05-12 16:50:26,996 - INFO - fl - client_local_train - client 9 start local training ...
2025-05-12 16:50:29,281 - INFO - fl - start - end client 9 training
2025-05-12 16:50:29,281 - INFO - fl - start - client 9 evaluation metrics: {'train_loss': 0.16444752187184666, 'test_acc': 37.88}
2025-05-12 16:50:29,281 - INFO - fl - aggregate_model - start model aggregation...fusion method: dual_defense
2025-05-12 16:50:29,281 - INFO - fl - aggregate_model - start hyper-guard fusion with epsilon 0.01
2025-05-12 16:50:29,281 - INFO - fl - aggregate_model - round 0 attackers: []
2025-05-12 16:50:40,203 - DEBUG - util_fusion - fusion_dual_defense - client 0 scores: {0: array([181.42874602]), 1: array([190.71911627]), 2: array([161.95772478]), 3: array([170.13944675]), 4: array([164.44834581]), 5: array([195.54098449]), 6: array([206.17477198]), 7: array([204.48088401]), 8: array([189.17906406]), 9: array([227.78082957])}
2025-05-12 16:50:40,203 - DEBUG - util_fusion - fusion_dual_defense - client 0 norm scores: {0: array([0.29580831]), 1: array([0.43694979]), 2: array([0.]), 3: array([0.12429863]), 4: array([0.0378381]), 5: array([0.51020473]), 6: array([0.67175572]), 7: array([0.64602178]), 8: array([0.41355295]), 9: array([1.])}
2025-05-12 16:50:40,204 - DEBUG - util_fusion - fusion_dual_defense - client 0 similarity threshold: 0.413643000883145
2025-05-12 16:50:40,204 - INFO - util_fusion - fusion_dual_defense - client 0 selected fusion benigns: [1, 5, 6, 7, 9]
2025-05-12 16:50:40,212 - DEBUG - util_fusion - fusion_dual_defense - client 1 scores: {0: array([181.42874602]), 1: array([190.71911627]), 2: array([161.95772478]), 3: array([170.13944675]), 4: array([164.44834581]), 5: array([195.54098449]), 6: array([206.17477198]), 7: array([204.48088401]), 8: array([189.17906406]), 9: array([227.78082957])}
2025-05-12 16:50:40,213 - DEBUG - util_fusion - fusion_dual_defense - client 1 norm scores: {0: array([0.29580831]), 1: array([0.43694979]), 2: array([0.]), 3: array([0.12429863]), 4: array([0.0378381]), 5: array([0.51020473]), 6: array([0.67175572]), 7: array([0.64602178]), 8: array([0.41355295]), 9: array([1.])}
2025-05-12 16:50:40,213 - DEBUG - util_fusion - fusion_dual_defense - client 1 similarity threshold: 0.413643000883145
2025-05-12 16:50:40,213 - INFO - util_fusion - fusion_dual_defense - client 1 selected fusion benigns: [1, 5, 6, 7, 9]
2025-05-12 16:50:40,221 - DEBUG - util_fusion - fusion_dual_defense - client 2 scores: {0: array([181.42874602]), 1: array([190.71911627]), 2: array([161.95772478]), 3: array([170.13944675]), 4: array([164.44834581]), 5: array([195.54098449]), 6: array([206.17477198]), 7: array([204.48088401]), 8: array([189.17906406]), 9: array([227.78082957])}
2025-05-12 16:50:40,222 - DEBUG - util_fusion - fusion_dual_defense - client 2 norm scores: {0: array([0.29580831]), 1: array([0.43694979]), 2: array([0.]), 3: array([0.12429863]), 4: array([0.0378381]), 5: array([0.51020473]), 6: array([0.67175572]), 7: array([0.64602178]), 8: array([0.41355295]), 9: array([1.])}
2025-05-12 16:50:40,222 - DEBUG - util_fusion - fusion_dual_defense - client 2 similarity threshold: 0.413643000883145
2025-05-12 16:50:40,222 - INFO - util_fusion - fusion_dual_defense - client 2 selected fusion benigns: [1, 5, 6, 7, 9]
2025-05-12 16:50:40,230 - DEBUG - util_fusion - fusion_dual_defense - client 3 scores: {0: array([181.42874602]), 1: array([190.71911627]), 2: array([161.95772478]), 3: array([170.13944675]), 4: array([164.44834581]), 5: array([195.54098449]), 6: array([206.17477198]), 7: array([204.48088401]), 8: array([189.17906406]), 9: array([227.78082957])}
2025-05-12 16:50:40,231 - DEBUG - util_fusion - fusion_dual_defense - client 3 norm scores: {0: array([0.29580831]), 1: array([0.43694979]), 2: array([0.]), 3: array([0.12429863]), 4: array([0.0378381]), 5: array([0.51020473]), 6: array([0.67175572]), 7: array([0.64602178]), 8: array([0.41355295]), 9: array([1.])}
2025-05-12 16:50:40,231 - DEBUG - util_fusion - fusion_dual_defense - client 3 similarity threshold: 0.413643000883145
2025-05-12 16:50:40,231 - INFO - util_fusion - fusion_dual_defense - client 3 selected fusion benigns: [1, 5, 6, 7, 9]
2025-05-12 16:50:40,239 - DEBUG - util_fusion - fusion_dual_defense - client 4 scores: {0: array([181.42874602]), 1: array([190.71911627]), 2: array([161.95772478]), 3: array([170.13944675]), 4: array([164.44834581]), 5: array([195.54098449]), 6: array([206.17477198]), 7: array([204.48088401]), 8: array([189.17906406]), 9: array([227.78082957])}
2025-05-12 16:50:40,240 - DEBUG - util_fusion - fusion_dual_defense - client 4 norm scores: {0: array([0.29580831]), 1: array([0.43694979]), 2: array([0.]), 3: array([0.12429863]), 4: array([0.0378381]), 5: array([0.51020473]), 6: array([0.67175572]), 7: array([0.64602178]), 8: array([0.41355295]), 9: array([1.])}
2025-05-12 16:50:40,240 - DEBUG - util_fusion - fusion_dual_defense - client 4 similarity threshold: 0.413643000883145
2025-05-12 16:50:40,240 - INFO - util_fusion - fusion_dual_defense - client 4 selected fusion benigns: [1, 5, 6, 7, 9]
2025-05-12 16:50:40,248 - DEBUG - util_fusion - fusion_dual_defense - client 5 scores: {0: array([181.42874602]), 1: array([190.71911627]), 2: array([161.95772478]), 3: array([170.13944675]), 4: array([164.44834581]), 5: array([195.54098449]), 6: array([206.17477198]), 7: array([204.48088401]), 8: array([189.17906406]), 9: array([227.78082957])}
2025-05-12 16:50:40,249 - DEBUG - util_fusion - fusion_dual_defense - client 5 norm scores: {0: array([0.29580831]), 1: array([0.43694979]), 2: array([0.]), 3: array([0.12429863]), 4: array([0.0378381]), 5: array([0.51020473]), 6: array([0.67175572]), 7: array([0.64602178]), 8: array([0.41355295]), 9: array([1.])}
2025-05-12 16:50:40,249 - DEBUG - util_fusion - fusion_dual_defense - client 5 similarity threshold: 0.413643000883145
2025-05-12 16:50:40,249 - INFO - util_fusion - fusion_dual_defense - client 5 selected fusion benigns: [1, 5, 6, 7, 9]
2025-05-12 16:50:40,257 - DEBUG - util_fusion - fusion_dual_defense - client 6 scores: {0: array([181.42874602]), 1: array([190.71911627]), 2: array([161.95772478]), 3: array([170.13944675]), 4: array([164.44834581]), 5: array([195.54098449]), 6: array([206.17477198]), 7: array([204.48088401]), 8: array([189.17906406]), 9: array([227.78082957])}
2025-05-12 16:50:40,258 - DEBUG - util_fusion - fusion_dual_defense - client 6 norm scores: {0: array([0.29580831]), 1: array([0.43694979]), 2: array([0.]), 3: array([0.12429863]), 4: array([0.0378381]), 5: array([0.51020473]), 6: array([0.67175572]), 7: array([0.64602178]), 8: array([0.41355295]), 9: array([1.])}
2025-05-12 16:50:40,258 - DEBUG - util_fusion - fusion_dual_defense - client 6 similarity threshold: 0.413643000883145
2025-05-12 16:50:40,258 - INFO - util_fusion - fusion_dual_defense - client 6 selected fusion benigns: [1, 5, 6, 7, 9]
2025-05-12 16:50:40,268 - DEBUG - util_fusion - fusion_dual_defense - client 7 scores: {0: array([181.42874602]), 1: array([190.71911627]), 2: array([161.95772478]), 3: array([170.13944675]), 4: array([164.44834581]), 5: array([195.54098449]), 6: array([206.17477198]), 7: array([204.48088401]), 8: array([189.17906406]), 9: array([227.78082957])}
2025-05-12 16:50:40,269 - DEBUG - util_fusion - fusion_dual_defense - client 7 norm scores: {0: array([0.29580831]), 1: array([0.43694979]), 2: array([0.]), 3: array([0.12429863]), 4: array([0.0378381]), 5: array([0.51020473]), 6: array([0.67175572]), 7: array([0.64602178]), 8: array([0.41355295]), 9: array([1.])}
2025-05-12 16:50:40,269 - DEBUG - util_fusion - fusion_dual_defense - client 7 similarity threshold: 0.413643000883145
2025-05-12 16:50:40,269 - INFO - util_fusion - fusion_dual_defense - client 7 selected fusion benigns: [1, 5, 6, 7, 9]
2025-05-12 16:50:40,277 - DEBUG - util_fusion - fusion_dual_defense - client 8 scores: {0: array([181.42874602]), 1: array([190.71911627]), 2: array([161.95772478]), 3: array([170.13944675]), 4: array([164.44834581]), 5: array([195.54098449]), 6: array([206.17477198]), 7: array([204.48088401]), 8: array([189.17906406]), 9: array([227.78082957])}
2025-05-12 16:50:40,278 - DEBUG - util_fusion - fusion_dual_defense - client 8 norm scores: {0: array([0.29580831]), 1: array([0.43694979]), 2: array([0.]), 3: array([0.12429863]), 4: array([0.0378381]), 5: array([0.51020473]), 6: array([0.67175572]), 7: array([0.64602178]), 8: array([0.41355295]), 9: array([1.])}
2025-05-12 16:50:40,278 - DEBUG - util_fusion - fusion_dual_defense - client 8 similarity threshold: 0.413643000883145
2025-05-12 16:50:40,278 - INFO - util_fusion - fusion_dual_defense - client 8 selected fusion benigns: [1, 5, 6, 7, 9]
2025-05-12 16:50:40,286 - DEBUG - util_fusion - fusion_dual_defense - client 9 scores: {0: array([181.42874602]), 1: array([190.71911627]), 2: array([161.95772478]), 3: array([170.13944675]), 4: array([164.44834581]), 5: array([195.54098449]), 6: array([206.17477198]), 7: array([204.48088401]), 8: array([189.17906406]), 9: array([227.78082957])}
2025-05-12 16:50:40,287 - DEBUG - util_fusion - fusion_dual_defense - client 9 norm scores: {0: array([0.29580831]), 1: array([0.43694979]), 2: array([0.]), 3: array([0.12429863]), 4: array([0.0378381]), 5: array([0.51020473]), 6: array([0.67175572]), 7: array([0.64602178]), 8: array([0.41355295]), 9: array([1.])}
2025-05-12 16:50:40,287 - DEBUG - util_fusion - fusion_dual_defense - client 9 similarity threshold: 0.413643000883145
2025-05-12 16:50:40,287 - INFO - util_fusion - fusion_dual_defense - client 9 selected fusion benigns: [1, 5, 6, 7, 9]
2025-05-12 16:50:40,287 - DEBUG - util_fusion - fusion_dual_defense - final fusion benigns: (1, 5, 6, 7, 9)
2025-05-12 16:50:42,012 - INFO - fl - start - global side -  test accuracy: 38.87
2025-05-12 16:50:42,012 - INFO - fl - start - global side iteration 0 -  test accuracy: 38.87
2025-05-12 16:50:42,013 - INFO - fl - start - start training round 1
2025-05-12 16:50:42,014 - INFO - fl - start - round 1 attackers: [6, 4]
2025-05-12 16:50:42,014 - INFO - fl - start - start client 0 training
2025-05-12 16:50:42,014 - INFO - fl - client_local_train - client 0 start local training ...
2025-05-12 16:50:46,628 - INFO - fl - start - end client 0 training
2025-05-12 16:50:46,628 - INFO - fl - start - client 0 evaluation metrics: {'train_loss': 0.07064003102714196, 'test_acc': 59.7}
2025-05-12 16:50:46,628 - INFO - fl - start - start client 1 training
2025-05-12 16:50:46,628 - INFO - fl - client_local_train - client 1 start local training ...
2025-05-12 16:50:50,120 - INFO - fl - start - end client 1 training
2025-05-12 16:50:50,120 - INFO - fl - start - client 1 evaluation metrics: {'train_loss': 0.07292841659542525, 'test_acc': 73.93}
2025-05-12 16:50:50,120 - INFO - fl - start - start client 2 training
2025-05-12 16:50:50,120 - INFO - fl - client_local_train - client 2 start local training ...
2025-05-12 16:51:00,195 - INFO - fl - start - end client 2 training
2025-05-12 16:51:00,195 - INFO - fl - start - client 2 evaluation metrics: {'train_loss': 0.036581669866868206, 'test_acc': 73.87}
2025-05-12 16:51:00,196 - INFO - fl - start - start client 3 training
2025-05-12 16:51:00,196 - INFO - fl - client_local_train - client 3 start local training ...
2025-05-12 16:51:07,356 - INFO - fl - start - end client 3 training
2025-05-12 16:51:07,356 - INFO - fl - start - client 3 evaluation metrics: {'train_loss': 0.04072904928276936, 'test_acc': 75.28}
2025-05-12 16:51:07,356 - INFO - fl - start - start client 4 training
2025-05-12 16:51:07,356 - INFO - fl - client_local_train - client 4 start local training ...
2025-05-12 16:51:12,079 - INFO - fl - client_local_train - client 4 is attacker, start poisoning model
2025-05-12 16:51:17,262 - INFO - fl - start - end client 4 training
2025-05-12 16:51:17,262 - INFO - fl - start - client 4 evaluation metrics: {'train_loss': 86.6122237369932, 'test_acc': 73.09}
2025-05-12 16:51:17,263 - INFO - fl - start - start client 5 training
2025-05-12 16:51:17,263 - INFO - fl - client_local_train - client 5 start local training ...
2025-05-12 16:51:22,904 - INFO - fl - start - end client 5 training
2025-05-12 16:51:22,904 - INFO - fl - start - client 5 evaluation metrics: {'train_loss': 0.02129612168895879, 'test_acc': 29.14}
2025-05-12 16:51:22,904 - INFO - fl - start - start client 6 training
2025-05-12 16:51:22,904 - INFO - fl - client_local_train - client 6 start local training ...
2025-05-12 16:51:24,570 - INFO - fl - client_local_train - client 6 is attacker, start poisoning model
2025-05-12 16:51:28,138 - INFO - fl - start - end client 6 training
2025-05-12 16:51:28,138 - INFO - fl - start - client 6 evaluation metrics: {'train_loss': 83.43911086595975, 'test_acc': 58.4}
2025-05-12 16:51:28,138 - INFO - fl - start - start client 7 training
2025-05-12 16:51:28,138 - INFO - fl - client_local_train - client 7 start local training ...
2025-05-12 16:51:31,249 - INFO - fl - start - end client 7 training
2025-05-12 16:51:31,249 - INFO - fl - start - client 7 evaluation metrics: {'train_loss': 0.07084438239419183, 'test_acc': 64.9}
2025-05-12 16:51:31,249 - INFO - fl - start - start client 8 training
2025-05-12 16:51:31,249 - INFO - fl - client_local_train - client 8 start local training ...
2025-05-12 16:51:36,155 - INFO - fl - start - end client 8 training
2025-05-12 16:51:36,155 - INFO - fl - start - client 8 evaluation metrics: {'train_loss': 0.04413819714481461, 'test_acc': 65.34}
2025-05-12 16:51:36,155 - INFO - fl - start - start client 9 training
2025-05-12 16:51:36,155 - INFO - fl - client_local_train - client 9 start local training ...
2025-05-12 16:51:38,424 - INFO - fl - start - end client 9 training
2025-05-12 16:51:38,424 - INFO - fl - start - client 9 evaluation metrics: {'train_loss': 0.05033904176367366, 'test_acc': 54.82}
2025-05-12 16:51:38,424 - INFO - fl - aggregate_model - start model aggregation...fusion method: dual_defense
2025-05-12 16:51:38,424 - INFO - fl - aggregate_model - start hyper-guard fusion with epsilon 0.01
2025-05-12 16:51:38,424 - INFO - fl - aggregate_model - round 1 attackers: [4, 6]
2025-05-12 16:51:49,240 - DEBUG - util_fusion - fusion_dual_defense - client 0 scores: {0: array([10.59807218]), 1: array([10.94315936]), 2: array([9.76098551]), 3: array([9.94721061]), 4: array([9.9086548]), 5: array([11.89193634]), 6: array([11.50191963]), 7: array([11.40209257]), 8: array([10.84096909]), 9: array([12.14034903])}
2025-05-12 16:51:49,240 - DEBUG - util_fusion - fusion_dual_defense - client 0 norm scores: {0: array([0.35181117]), 1: array([0.49684457]), 2: array([0.]), 3: array([0.07826677]), 4: array([0.06206251]), 5: array([0.895597]), 6: array([0.7316806]), 7: array([0.68972523]), 8: array([0.453896]), 9: array([1.])}
2025-05-12 16:51:49,240 - DEBUG - util_fusion - fusion_dual_defense - client 0 similarity threshold: 0.47598838608344957
2025-05-12 16:51:49,240 - INFO - util_fusion - fusion_dual_defense - client 0 selected fusion benigns: [1, 5, 6, 7, 9]
2025-05-12 16:51:49,249 - DEBUG - util_fusion - fusion_dual_defense - client 1 scores: {0: array([10.59807218]), 1: array([10.94315936]), 2: array([9.76098551]), 3: array([9.94721061]), 4: array([9.9086548]), 5: array([11.89193634]), 6: array([11.50191963]), 7: array([11.40209257]), 8: array([10.84096909]), 9: array([12.14034903])}
2025-05-12 16:51:49,250 - DEBUG - util_fusion - fusion_dual_defense - client 1 norm scores: {0: array([0.35181117]), 1: array([0.49684457]), 2: array([0.]), 3: array([0.07826677]), 4: array([0.06206251]), 5: array([0.895597]), 6: array([0.7316806]), 7: array([0.68972523]), 8: array([0.453896]), 9: array([1.])}
2025-05-12 16:51:49,250 - DEBUG - util_fusion - fusion_dual_defense - client 1 similarity threshold: 0.47598838608344957
2025-05-12 16:51:49,250 - INFO - util_fusion - fusion_dual_defense - client 1 selected fusion benigns: [1, 5, 6, 7, 9]
2025-05-12 16:51:49,258 - DEBUG - util_fusion - fusion_dual_defense - client 2 scores: {0: array([10.59807218]), 1: array([10.94315936]), 2: array([9.76098551]), 3: array([9.94721061]), 4: array([9.9086548]), 5: array([11.89193634]), 6: array([11.50191963]), 7: array([11.40209257]), 8: array([10.84096909]), 9: array([12.14034903])}
2025-05-12 16:51:49,259 - DEBUG - util_fusion - fusion_dual_defense - client 2 norm scores: {0: array([0.35181117]), 1: array([0.49684457]), 2: array([0.]), 3: array([0.07826677]), 4: array([0.06206251]), 5: array([0.895597]), 6: array([0.7316806]), 7: array([0.68972523]), 8: array([0.453896]), 9: array([1.])}
2025-05-12 16:51:49,259 - DEBUG - util_fusion - fusion_dual_defense - client 2 similarity threshold: 0.47598838608344957
2025-05-12 16:51:49,259 - INFO - util_fusion - fusion_dual_defense - client 2 selected fusion benigns: [1, 5, 6, 7, 9]
2025-05-12 16:51:49,267 - DEBUG - util_fusion - fusion_dual_defense - client 3 scores: {0: array([10.59807218]), 1: array([10.94315936]), 2: array([9.76098551]), 3: array([9.94721061]), 4: array([9.9086548]), 5: array([11.89193634]), 6: array([11.50191963]), 7: array([11.40209257]), 8: array([10.84096909]), 9: array([12.14034903])}
2025-05-12 16:51:49,268 - DEBUG - util_fusion - fusion_dual_defense - client 3 norm scores: {0: array([0.35181117]), 1: array([0.49684457]), 2: array([0.]), 3: array([0.07826677]), 4: array([0.06206251]), 5: array([0.895597]), 6: array([0.7316806]), 7: array([0.68972523]), 8: array([0.453896]), 9: array([1.])}
2025-05-12 16:51:49,268 - DEBUG - util_fusion - fusion_dual_defense - client 3 similarity threshold: 0.47598838608344957
2025-05-12 16:51:49,268 - INFO - util_fusion - fusion_dual_defense - client 3 selected fusion benigns: [1, 5, 6, 7, 9]
2025-05-12 16:51:49,276 - DEBUG - util_fusion - fusion_dual_defense - client 4 scores: {0: array([10.59807218]), 1: array([10.94315936]), 2: array([9.76098551]), 3: array([9.94721061]), 4: array([9.9086548]), 5: array([11.89193634]), 6: array([11.50191963]), 7: array([11.40209257]), 8: array([10.84096909]), 9: array([12.14034903])}
2025-05-12 16:51:49,277 - DEBUG - util_fusion - fusion_dual_defense - client 4 norm scores: {0: array([0.35181117]), 1: array([0.49684457]), 2: array([0.]), 3: array([0.07826677]), 4: array([0.06206251]), 5: array([0.895597]), 6: array([0.7316806]), 7: array([0.68972523]), 8: array([0.453896]), 9: array([1.])}
2025-05-12 16:51:49,277 - DEBUG - util_fusion - fusion_dual_defense - client 4 similarity threshold: 0.47598838608344957
2025-05-12 16:51:49,277 - INFO - util_fusion - fusion_dual_defense - client 4 selected fusion benigns: [1, 5, 6, 7, 9]
2025-05-12 16:51:49,285 - DEBUG - util_fusion - fusion_dual_defense - client 5 scores: {0: array([10.59807218]), 1: array([10.94315936]), 2: array([9.76098551]), 3: array([9.94721061]), 4: array([9.9086548]), 5: array([11.89193634]), 6: array([11.50191963]), 7: array([11.40209257]), 8: array([10.84096909]), 9: array([12.14034903])}
2025-05-12 16:51:49,286 - DEBUG - util_fusion - fusion_dual_defense - client 5 norm scores: {0: array([0.35181117]), 1: array([0.49684457]), 2: array([0.]), 3: array([0.07826677]), 4: array([0.06206251]), 5: array([0.895597]), 6: array([0.7316806]), 7: array([0.68972523]), 8: array([0.453896]), 9: array([1.])}
2025-05-12 16:51:49,286 - DEBUG - util_fusion - fusion_dual_defense - client 5 similarity threshold: 0.47598838608344957
2025-05-12 16:51:49,286 - INFO - util_fusion - fusion_dual_defense - client 5 selected fusion benigns: [1, 5, 6, 7, 9]
2025-05-12 16:51:49,294 - DEBUG - util_fusion - fusion_dual_defense - client 6 scores: {0: array([10.59807218]), 1: array([10.94315936]), 2: array([9.76098551]), 3: array([9.94721061]), 4: array([9.9086548]), 5: array([11.89193634]), 6: array([11.50191963]), 7: array([11.40209257]), 8: array([10.84096909]), 9: array([12.14034903])}
2025-05-12 16:51:49,295 - DEBUG - util_fusion - fusion_dual_defense - client 6 norm scores: {0: array([0.35181117]), 1: array([0.49684457]), 2: array([0.]), 3: array([0.07826677]), 4: array([0.06206251]), 5: array([0.895597]), 6: array([0.7316806]), 7: array([0.68972523]), 8: array([0.453896]), 9: array([1.])}
2025-05-12 16:51:49,295 - DEBUG - util_fusion - fusion_dual_defense - client 6 similarity threshold: 0.47598838608344957
2025-05-12 16:51:49,295 - INFO - util_fusion - fusion_dual_defense - client 6 selected fusion benigns: [1, 5, 6, 7, 9]
2025-05-12 16:51:49,303 - DEBUG - util_fusion - fusion_dual_defense - client 7 scores: {0: array([10.59807218]), 1: array([10.94315936]), 2: array([9.76098551]), 3: array([9.94721061]), 4: array([9.9086548]), 5: array([11.89193634]), 6: array([11.50191963]), 7: array([11.40209257]), 8: array([10.84096909]), 9: array([12.14034903])}
2025-05-12 16:51:49,304 - DEBUG - util_fusion - fusion_dual_defense - client 7 norm scores: {0: array([0.35181117]), 1: array([0.49684457]), 2: array([0.]), 3: array([0.07826677]), 4: array([0.06206251]), 5: array([0.895597]), 6: array([0.7316806]), 7: array([0.68972523]), 8: array([0.453896]), 9: array([1.])}
2025-05-12 16:51:49,304 - DEBUG - util_fusion - fusion_dual_defense - client 7 similarity threshold: 0.47598838608344957
2025-05-12 16:51:49,304 - INFO - util_fusion - fusion_dual_defense - client 7 selected fusion benigns: [1, 5, 6, 7, 9]
2025-05-12 16:51:49,312 - DEBUG - util_fusion - fusion_dual_defense - client 8 scores: {0: array([10.59807218]), 1: array([10.94315936]), 2: array([9.76098551]), 3: array([9.94721061]), 4: array([9.9086548]), 5: array([11.89193634]), 6: array([11.50191963]), 7: array([11.40209257]), 8: array([10.84096909]), 9: array([12.14034903])}
2025-05-12 16:51:49,313 - DEBUG - util_fusion - fusion_dual_defense - client 8 norm scores: {0: array([0.35181117]), 1: array([0.49684457]), 2: array([0.]), 3: array([0.07826677]), 4: array([0.06206251]), 5: array([0.895597]), 6: array([0.7316806]), 7: array([0.68972523]), 8: array([0.453896]), 9: array([1.])}
2025-05-12 16:51:49,313 - DEBUG - util_fusion - fusion_dual_defense - client 8 similarity threshold: 0.47598838608344957
2025-05-12 16:51:49,313 - INFO - util_fusion - fusion_dual_defense - client 8 selected fusion benigns: [1, 5, 6, 7, 9]
2025-05-12 16:51:49,321 - DEBUG - util_fusion - fusion_dual_defense - client 9 scores: {0: array([10.59807218]), 1: array([10.94315936]), 2: array([9.76098551]), 3: array([9.94721061]), 4: array([9.9086548]), 5: array([11.89193634]), 6: array([11.50191963]), 7: array([11.40209257]), 8: array([10.84096909]), 9: array([12.14034903])}
2025-05-12 16:51:49,322 - DEBUG - util_fusion - fusion_dual_defense - client 9 norm scores: {0: array([0.35181117]), 1: array([0.49684457]), 2: array([0.]), 3: array([0.07826677]), 4: array([0.06206251]), 5: array([0.895597]), 6: array([0.7316806]), 7: array([0.68972523]), 8: array([0.453896]), 9: array([1.])}
2025-05-12 16:51:49,322 - DEBUG - util_fusion - fusion_dual_defense - client 9 similarity threshold: 0.47598838608344957
2025-05-12 16:51:49,322 - INFO - util_fusion - fusion_dual_defense - client 9 selected fusion benigns: [1, 5, 6, 7, 9]
2025-05-12 16:51:49,322 - DEBUG - util_fusion - fusion_dual_defense - final fusion benigns: (1, 5, 6, 7, 9)
2025-05-12 16:51:51,029 - INFO - fl - start - global side -  test accuracy: 67.65
2025-05-12 16:51:51,029 - INFO - fl - start - global side iteration 1 -  test accuracy: 67.65
2025-05-12 16:51:51,030 - INFO - fl - start - start training round 2
2025-05-12 16:51:51,031 - INFO - fl - start - round 2 attackers: [8, 0]
2025-05-12 16:51:51,031 - INFO - fl - start - start client 0 training
2025-05-12 16:51:51,031 - INFO - fl - client_local_train - client 0 start local training ...
2025-05-12 16:51:53,609 - INFO - fl - client_local_train - client 0 is attacker, start poisoning model
2025-05-12 16:51:57,679 - INFO - fl - start - end client 0 training
2025-05-12 16:51:57,679 - INFO - fl - start - client 0 evaluation metrics: {'train_loss': 92.82275848388672, 'test_acc': 62.42}
2025-05-12 16:51:57,679 - INFO - fl - start - start client 1 training
2025-05-12 16:51:57,679 - INFO - fl - client_local_train - client 1 start local training ...
2025-05-12 16:52:01,177 - INFO - fl - start - end client 1 training
2025-05-12 16:52:01,177 - INFO - fl - start - client 1 evaluation metrics: {'train_loss': 0.05816900441950222, 'test_acc': 74.01}
2025-05-12 16:52:01,177 - INFO - fl - start - start client 2 training
2025-05-12 16:52:01,177 - INFO - fl - client_local_train - client 2 start local training ...
2025-05-12 16:52:11,256 - INFO - fl - start - end client 2 training
2025-05-12 16:52:11,257 - INFO - fl - start - client 2 evaluation metrics: {'train_loss': 0.036401299104431184, 'test_acc': 71.18}
2025-05-12 16:52:11,257 - INFO - fl - start - start client 3 training
2025-05-12 16:52:11,257 - INFO - fl - client_local_train - client 3 start local training ...
2025-05-12 16:52:18,370 - INFO - fl - start - end client 3 training
2025-05-12 16:52:18,370 - INFO - fl - start - client 3 evaluation metrics: {'train_loss': 0.03576258642983735, 'test_acc': 75.04}
2025-05-12 16:52:18,370 - INFO - fl - start - start client 4 training
2025-05-12 16:52:18,370 - INFO - fl - client_local_train - client 4 start local training ...
2025-05-12 16:52:25,700 - INFO - fl - start - end client 4 training
2025-05-12 16:52:25,700 - INFO - fl - start - client 4 evaluation metrics: {'train_loss': 0.050211805969091326, 'test_acc': 72.69}
2025-05-12 16:52:25,700 - INFO - fl - start - start client 5 training
2025-05-12 16:52:25,700 - INFO - fl - client_local_train - client 5 start local training ...
2025-05-12 16:52:31,356 - INFO - fl - start - end client 5 training
2025-05-12 16:52:31,356 - INFO - fl - start - client 5 evaluation metrics: {'train_loss': 0.016426735282653853, 'test_acc': 29.17}
2025-05-12 16:52:31,356 - INFO - fl - start - start client 6 training
2025-05-12 16:52:31,356 - INFO - fl - client_local_train - client 6 start local training ...
2025-05-12 16:52:34,804 - INFO - fl - start - end client 6 training
2025-05-12 16:52:34,804 - INFO - fl - start - client 6 evaluation metrics: {'train_loss': 0.02128754439406923, 'test_acc': 68.57}
2025-05-12 16:52:34,804 - INFO - fl - start - start client 7 training
2025-05-12 16:52:34,804 - INFO - fl - client_local_train - client 7 start local training ...
2025-05-12 16:52:37,930 - INFO - fl - start - end client 7 training
2025-05-12 16:52:37,930 - INFO - fl - start - client 7 evaluation metrics: {'train_loss': 0.032534723424590954, 'test_acc': 67.63}
2025-05-12 16:52:37,930 - INFO - fl - start - start client 8 training
2025-05-12 16:52:37,930 - INFO - fl - client_local_train - client 8 start local training ...
2025-05-12 16:52:40,769 - INFO - fl - client_local_train - client 8 is attacker, start poisoning model
2025-05-12 16:52:44,979 - INFO - fl - start - end client 8 training
2025-05-12 16:52:44,979 - INFO - fl - start - client 8 evaluation metrics: {'train_loss': 38.06142285226405, 'test_acc': 69.89}
2025-05-12 16:52:44,980 - INFO - fl - start - start client 9 training
2025-05-12 16:52:44,980 - INFO - fl - client_local_train - client 9 start local training ...
2025-05-12 16:52:47,259 - INFO - fl - start - end client 9 training
2025-05-12 16:52:47,259 - INFO - fl - start - client 9 evaluation metrics: {'train_loss': 0.03646686950789602, 'test_acc': 57.89}
2025-05-12 16:52:47,259 - INFO - fl - aggregate_model - start model aggregation...fusion method: dual_defense
2025-05-12 16:52:47,259 - INFO - fl - aggregate_model - start hyper-guard fusion with epsilon 0.01
2025-05-12 16:52:47,259 - INFO - fl - aggregate_model - round 2 attackers: [8, 0]
2025-05-12 16:52:58,082 - DEBUG - util_fusion - fusion_dual_defense - client 0 scores: {0: array([53.7714271]), 1: array([51.53172783]), 2: array([50.20092673]), 3: array([50.94813069]), 4: array([43.27926453]), 5: array([49.75589474]), 6: array([54.03375228]), 7: array([53.51568291]), 8: array([54.28330844]), 9: array([49.91743735])}
2025-05-12 16:52:58,083 - DEBUG - util_fusion - fusion_dual_defense - client 0 norm scores: {0: array([0.95348243]), 1: array([0.74994823]), 2: array([0.62901078]), 3: array([0.69691345]), 4: array([0.]), 5: array([0.58856819]), 6: array([0.97732141]), 7: array([0.93024151]), 8: array([1.]), 9: array([0.60324849])}
2025-05-12 16:52:58,083 - DEBUG - util_fusion - fusion_dual_defense - client 0 similarity threshold: 0.7128734484125772
2025-05-12 16:52:58,083 - INFO - util_fusion - fusion_dual_defense - client 0 selected fusion benigns: [0, 1, 6, 7, 8]
2025-05-12 16:52:58,091 - DEBUG - util_fusion - fusion_dual_defense - client 1 scores: {0: array([53.7714271]), 1: array([51.53172783]), 2: array([50.20092673]), 3: array([50.94813069]), 4: array([43.27926453]), 5: array([49.75589474]), 6: array([54.03375228]), 7: array([53.51568291]), 8: array([54.28330844]), 9: array([49.91743735])}
2025-05-12 16:52:58,092 - DEBUG - util_fusion - fusion_dual_defense - client 1 norm scores: {0: array([0.95348243]), 1: array([0.74994823]), 2: array([0.62901078]), 3: array([0.69691345]), 4: array([0.]), 5: array([0.58856819]), 6: array([0.97732141]), 7: array([0.93024151]), 8: array([1.]), 9: array([0.60324849])}
2025-05-12 16:52:58,092 - DEBUG - util_fusion - fusion_dual_defense - client 1 similarity threshold: 0.7128734484125772
2025-05-12 16:52:58,092 - INFO - util_fusion - fusion_dual_defense - client 1 selected fusion benigns: [0, 1, 6, 7, 8]
2025-05-12 16:52:58,100 - DEBUG - util_fusion - fusion_dual_defense - client 2 scores: {0: array([53.7714271]), 1: array([51.53172783]), 2: array([50.20092673]), 3: array([50.94813069]), 4: array([43.27926453]), 5: array([49.75589474]), 6: array([54.03375228]), 7: array([53.51568291]), 8: array([54.28330844]), 9: array([49.91743735])}
2025-05-12 16:52:58,101 - DEBUG - util_fusion - fusion_dual_defense - client 2 norm scores: {0: array([0.95348243]), 1: array([0.74994823]), 2: array([0.62901078]), 3: array([0.69691345]), 4: array([0.]), 5: array([0.58856819]), 6: array([0.97732141]), 7: array([0.93024151]), 8: array([1.]), 9: array([0.60324849])}
2025-05-12 16:52:58,101 - DEBUG - util_fusion - fusion_dual_defense - client 2 similarity threshold: 0.7128734484125772
2025-05-12 16:52:58,101 - INFO - util_fusion - fusion_dual_defense - client 2 selected fusion benigns: [0, 1, 6, 7, 8]
2025-05-12 16:52:58,109 - DEBUG - util_fusion - fusion_dual_defense - client 3 scores: {0: array([53.7714271]), 1: array([51.53172783]), 2: array([50.20092673]), 3: array([50.94813069]), 4: array([43.27926453]), 5: array([49.75589474]), 6: array([54.03375228]), 7: array([53.51568291]), 8: array([54.28330844]), 9: array([49.91743735])}
2025-05-12 16:52:58,110 - DEBUG - util_fusion - fusion_dual_defense - client 3 norm scores: {0: array([0.95348243]), 1: array([0.74994823]), 2: array([0.62901078]), 3: array([0.69691345]), 4: array([0.]), 5: array([0.58856819]), 6: array([0.97732141]), 7: array([0.93024151]), 8: array([1.]), 9: array([0.60324849])}
2025-05-12 16:52:58,110 - DEBUG - util_fusion - fusion_dual_defense - client 3 similarity threshold: 0.7128734484125772
2025-05-12 16:52:58,110 - INFO - util_fusion - fusion_dual_defense - client 3 selected fusion benigns: [0, 1, 6, 7, 8]
2025-05-12 16:52:58,119 - DEBUG - util_fusion - fusion_dual_defense - client 4 scores: {0: array([53.7714271]), 1: array([51.53172783]), 2: array([50.20092673]), 3: array([50.94813069]), 4: array([43.27926453]), 5: array([49.75589474]), 6: array([54.03375228]), 7: array([53.51568291]), 8: array([54.28330844]), 9: array([49.91743735])}
2025-05-12 16:52:58,119 - DEBUG - util_fusion - fusion_dual_defense - client 4 norm scores: {0: array([0.95348243]), 1: array([0.74994823]), 2: array([0.62901078]), 3: array([0.69691345]), 4: array([0.]), 5: array([0.58856819]), 6: array([0.97732141]), 7: array([0.93024151]), 8: array([1.]), 9: array([0.60324849])}
2025-05-12 16:52:58,119 - DEBUG - util_fusion - fusion_dual_defense - client 4 similarity threshold: 0.7128734484125772
2025-05-12 16:52:58,119 - INFO - util_fusion - fusion_dual_defense - client 4 selected fusion benigns: [0, 1, 6, 7, 8]
2025-05-12 16:52:58,128 - DEBUG - util_fusion - fusion_dual_defense - client 5 scores: {0: array([53.7714271]), 1: array([51.53172783]), 2: array([50.20092673]), 3: array([50.94813069]), 4: array([43.27926453]), 5: array([49.75589474]), 6: array([54.03375228]), 7: array([53.51568291]), 8: array([54.28330844]), 9: array([49.91743735])}
2025-05-12 16:52:58,128 - DEBUG - util_fusion - fusion_dual_defense - client 5 norm scores: {0: array([0.95348243]), 1: array([0.74994823]), 2: array([0.62901078]), 3: array([0.69691345]), 4: array([0.]), 5: array([0.58856819]), 6: array([0.97732141]), 7: array([0.93024151]), 8: array([1.]), 9: array([0.60324849])}
2025-05-12 16:52:58,128 - DEBUG - util_fusion - fusion_dual_defense - client 5 similarity threshold: 0.7128734484125772
2025-05-12 16:52:58,128 - INFO - util_fusion - fusion_dual_defense - client 5 selected fusion benigns: [0, 1, 6, 7, 8]
2025-05-12 16:52:58,137 - DEBUG - util_fusion - fusion_dual_defense - client 6 scores: {0: array([53.7714271]), 1: array([51.53172783]), 2: array([50.20092673]), 3: array([50.94813069]), 4: array([43.27926453]), 5: array([49.75589474]), 6: array([54.03375228]), 7: array([53.51568291]), 8: array([54.28330844]), 9: array([49.91743735])}
2025-05-12 16:52:58,137 - DEBUG - util_fusion - fusion_dual_defense - client 6 norm scores: {0: array([0.95348243]), 1: array([0.74994823]), 2: array([0.62901078]), 3: array([0.69691345]), 4: array([0.]), 5: array([0.58856819]), 6: array([0.97732141]), 7: array([0.93024151]), 8: array([1.]), 9: array([0.60324849])}
2025-05-12 16:52:58,137 - DEBUG - util_fusion - fusion_dual_defense - client 6 similarity threshold: 0.7128734484125772
2025-05-12 16:52:58,137 - INFO - util_fusion - fusion_dual_defense - client 6 selected fusion benigns: [0, 1, 6, 7, 8]
2025-05-12 16:52:58,146 - DEBUG - util_fusion - fusion_dual_defense - client 7 scores: {0: array([53.7714271]), 1: array([51.53172783]), 2: array([50.20092673]), 3: array([50.94813069]), 4: array([43.27926453]), 5: array([49.75589474]), 6: array([54.03375228]), 7: array([53.51568291]), 8: array([54.28330844]), 9: array([49.91743735])}
2025-05-12 16:52:58,146 - DEBUG - util_fusion - fusion_dual_defense - client 7 norm scores: {0: array([0.95348243]), 1: array([0.74994823]), 2: array([0.62901078]), 3: array([0.69691345]), 4: array([0.]), 5: array([0.58856819]), 6: array([0.97732141]), 7: array([0.93024151]), 8: array([1.]), 9: array([0.60324849])}
2025-05-12 16:52:58,146 - DEBUG - util_fusion - fusion_dual_defense - client 7 similarity threshold: 0.7128734484125772
2025-05-12 16:52:58,146 - INFO - util_fusion - fusion_dual_defense - client 7 selected fusion benigns: [0, 1, 6, 7, 8]
2025-05-12 16:52:58,155 - DEBUG - util_fusion - fusion_dual_defense - client 8 scores: {0: array([53.7714271]), 1: array([51.53172783]), 2: array([50.20092673]), 3: array([50.94813069]), 4: array([43.27926453]), 5: array([49.75589474]), 6: array([54.03375228]), 7: array([53.51568291]), 8: array([54.28330844]), 9: array([49.91743735])}
2025-05-12 16:52:58,155 - DEBUG - util_fusion - fusion_dual_defense - client 8 norm scores: {0: array([0.95348243]), 1: array([0.74994823]), 2: array([0.62901078]), 3: array([0.69691345]), 4: array([0.]), 5: array([0.58856819]), 6: array([0.97732141]), 7: array([0.93024151]), 8: array([1.]), 9: array([0.60324849])}
2025-05-12 16:52:58,155 - DEBUG - util_fusion - fusion_dual_defense - client 8 similarity threshold: 0.7128734484125772
2025-05-12 16:52:58,155 - INFO - util_fusion - fusion_dual_defense - client 8 selected fusion benigns: [0, 1, 6, 7, 8]
2025-05-12 16:52:58,166 - DEBUG - util_fusion - fusion_dual_defense - client 9 scores: {0: array([53.7714271]), 1: array([51.53172783]), 2: array([50.20092673]), 3: array([50.94813069]), 4: array([43.27926453]), 5: array([49.75589474]), 6: array([54.03375228]), 7: array([53.51568291]), 8: array([54.28330844]), 9: array([49.91743735])}
2025-05-12 16:52:58,166 - DEBUG - util_fusion - fusion_dual_defense - client 9 norm scores: {0: array([0.95348243]), 1: array([0.74994823]), 2: array([0.62901078]), 3: array([0.69691345]), 4: array([0.]), 5: array([0.58856819]), 6: array([0.97732141]), 7: array([0.93024151]), 8: array([1.]), 9: array([0.60324849])}
2025-05-12 16:52:58,166 - DEBUG - util_fusion - fusion_dual_defense - client 9 similarity threshold: 0.7128734484125772
2025-05-12 16:52:58,166 - INFO - util_fusion - fusion_dual_defense - client 9 selected fusion benigns: [0, 1, 6, 7, 8]
2025-05-12 16:52:58,166 - DEBUG - util_fusion - fusion_dual_defense - final fusion benigns: (0, 1, 6, 7, 8)
2025-05-12 16:52:59,871 - INFO - fl - start - global side -  test accuracy: 70.28
2025-05-12 16:52:59,871 - INFO - fl - start - global side iteration 2 -  test accuracy: 70.28
2025-05-12 16:52:59,872 - INFO - fl - start - start training round 3
2025-05-12 16:52:59,873 - INFO - fl - start - round 3 attackers: [3, 4]
2025-05-12 16:52:59,873 - INFO - fl - start - start client 0 training
2025-05-12 16:52:59,873 - INFO - fl - client_local_train - client 0 start local training ...
2025-05-12 16:53:04,531 - INFO - fl - start - end client 0 training
2025-05-12 16:53:04,531 - INFO - fl - start - client 0 evaluation metrics: {'train_loss': nan, 'test_acc': 9.8}
2025-05-12 16:53:04,531 - INFO - fl - start - start client 1 training
2025-05-12 16:53:04,531 - INFO - fl - client_local_train - client 1 start local training ...
2025-05-12 16:53:08,036 - INFO - fl - start - end client 1 training
2025-05-12 16:53:08,036 - INFO - fl - start - client 1 evaluation metrics: {'train_loss': nan, 'test_acc': 9.8}
2025-05-12 16:53:08,036 - INFO - fl - start - start client 2 training
2025-05-12 16:53:08,036 - INFO - fl - client_local_train - client 2 start local training ...
2025-05-12 16:53:18,132 - INFO - fl - start - end client 2 training
2025-05-12 16:53:18,132 - INFO - fl - start - client 2 evaluation metrics: {'train_loss': 1.649906249113486, 'test_acc': 10.28}
2025-05-12 16:53:18,132 - INFO - fl - start - start client 3 training
2025-05-12 16:53:18,132 - INFO - fl - client_local_train - client 3 start local training ...
2025-05-12 16:53:22,684 - INFO - fl - client_local_train - client 3 is attacker, start poisoning model
2025-05-12 16:53:27,817 - INFO - fl - start - end client 3 training
2025-05-12 16:53:27,817 - INFO - fl - start - client 3 evaluation metrics: {'train_loss': 26.05409083806031, 'test_acc': 10.09}
2025-05-12 16:53:27,817 - INFO - fl - start - start client 4 training
2025-05-12 16:53:27,817 - INFO - fl - client_local_train - client 4 start local training ...
2025-05-12 16:53:32,517 - INFO - fl - client_local_train - client 4 is attacker, start poisoning model
2025-05-12 16:53:37,721 - INFO - fl - start - end client 4 training
2025-05-12 16:53:37,721 - INFO - fl - start - client 4 evaluation metrics: {'train_loss': nan, 'test_acc': 9.8}
2025-05-12 16:53:37,721 - INFO - fl - start - start client 5 training
2025-05-12 16:53:37,721 - INFO - fl - client_local_train - client 5 start local training ...
2025-05-12 16:53:43,397 - INFO - fl - start - end client 5 training
2025-05-12 16:53:43,397 - INFO - fl - start - client 5 evaluation metrics: {'train_loss': nan, 'test_acc': 9.8}
2025-05-12 16:53:43,397 - INFO - fl - start - start client 6 training
2025-05-12 16:53:43,397 - INFO - fl - client_local_train - client 6 start local training ...
2025-05-12 16:53:46,878 - INFO - fl - start - end client 6 training
2025-05-12 16:53:46,878 - INFO - fl - start - client 6 evaluation metrics: {'train_loss': nan, 'test_acc': 9.8}
2025-05-12 16:53:46,878 - INFO - fl - start - start client 7 training
2025-05-12 16:53:46,878 - INFO - fl - client_local_train - client 7 start local training ...
2025-05-12 16:53:49,985 - INFO - fl - start - end client 7 training
2025-05-12 16:53:49,985 - INFO - fl - start - client 7 evaluation metrics: {'train_loss': nan, 'test_acc': 9.8}
2025-05-12 16:53:49,985 - INFO - fl - start - start client 8 training
2025-05-12 16:53:49,985 - INFO - fl - client_local_train - client 8 start local training ...
2025-05-12 16:53:54,903 - INFO - fl - start - end client 8 training
2025-05-12 16:53:54,903 - INFO - fl - start - client 8 evaluation metrics: {'train_loss': nan, 'test_acc': 9.8}
2025-05-12 16:53:54,903 - INFO - fl - start - start client 9 training
2025-05-12 16:53:54,903 - INFO - fl - client_local_train - client 9 start local training ...
2025-05-12 16:53:57,175 - INFO - fl - start - end client 9 training
2025-05-12 16:53:57,175 - INFO - fl - start - client 9 evaluation metrics: {'train_loss': 1.4683685821035635, 'test_acc': 9.58}
2025-05-12 16:53:57,175 - INFO - fl - aggregate_model - start model aggregation...fusion method: dual_defense
2025-05-12 16:53:57,175 - INFO - fl - aggregate_model - start hyper-guard fusion with epsilon 0.01
2025-05-12 16:53:57,175 - INFO - fl - aggregate_model - round 3 attackers: [3, 4]
2025-05-12 16:54:08,140 - DEBUG - util_fusion - fusion_dual_defense - client 0 scores: {0: array([8.50598397e+12]), 1: array([8.50598397e+12]), 2: array([252.50695849]), 3: array([153.56259984]), 4: array([8.50598397e+12]), 5: array([8.50598397e+12]), 6: array([8.50598397e+12]), 7: array([8.50598397e+12]), 8: array([8.50598397e+12]), 9: array([75.85033074])}
2025-05-12 16:54:08,141 - DEBUG - util_fusion - fusion_dual_defense - client 0 norm scores: {0: array([1.]), 1: array([1.]), 2: array([2.07685117e-11]), 3: array([9.13618805e-12]), 4: array([1.]), 5: array([1.]), 6: array([1.]), 7: array([1.]), 8: array([1.]), 9: array([0.])}
2025-05-12 16:54:08,141 - DEBUG - util_fusion - fusion_dual_defense - client 0 similarity threshold: 0.7000000000029905
2025-05-12 16:54:08,141 - INFO - util_fusion - fusion_dual_defense - client 0 selected fusion benigns: [0, 1, 4, 5, 6, 7, 8]
2025-05-12 16:54:08,150 - DEBUG - util_fusion - fusion_dual_defense - client 1 scores: {0: array([8.50598397e+12]), 1: array([8.50598397e+12]), 2: array([252.50695849]), 3: array([153.56259984]), 4: array([8.50598397e+12]), 5: array([8.50598397e+12]), 6: array([8.50598397e+12]), 7: array([8.50598397e+12]), 8: array([8.50598397e+12]), 9: array([75.85033074])}
2025-05-12 16:54:08,150 - DEBUG - util_fusion - fusion_dual_defense - client 1 norm scores: {0: array([1.]), 1: array([1.]), 2: array([2.07685117e-11]), 3: array([9.13618805e-12]), 4: array([1.]), 5: array([1.]), 6: array([1.]), 7: array([1.]), 8: array([1.]), 9: array([0.])}
2025-05-12 16:54:08,150 - DEBUG - util_fusion - fusion_dual_defense - client 1 similarity threshold: 0.7000000000029905
2025-05-12 16:54:08,151 - INFO - util_fusion - fusion_dual_defense - client 1 selected fusion benigns: [0, 1, 4, 5, 6, 7, 8]
2025-05-12 16:54:08,159 - DEBUG - util_fusion - fusion_dual_defense - client 2 scores: {0: array([8.50598397e+12]), 1: array([8.50598397e+12]), 2: array([252.50695849]), 3: array([153.56259984]), 4: array([8.50598397e+12]), 5: array([8.50598397e+12]), 6: array([8.50598397e+12]), 7: array([8.50598397e+12]), 8: array([8.50598397e+12]), 9: array([75.85033074])}
2025-05-12 16:54:08,160 - DEBUG - util_fusion - fusion_dual_defense - client 2 norm scores: {0: array([1.]), 1: array([1.]), 2: array([2.07685117e-11]), 3: array([9.13618805e-12]), 4: array([1.]), 5: array([1.]), 6: array([1.]), 7: array([1.]), 8: array([1.]), 9: array([0.])}
2025-05-12 16:54:08,160 - DEBUG - util_fusion - fusion_dual_defense - client 2 similarity threshold: 0.7000000000029905
2025-05-12 16:54:08,160 - INFO - util_fusion - fusion_dual_defense - client 2 selected fusion benigns: [0, 1, 4, 5, 6, 7, 8]
2025-05-12 16:54:08,169 - DEBUG - util_fusion - fusion_dual_defense - client 3 scores: {0: array([8.50598397e+12]), 1: array([8.50598397e+12]), 2: array([252.50695849]), 3: array([153.56259984]), 4: array([8.50598397e+12]), 5: array([8.50598397e+12]), 6: array([8.50598397e+12]), 7: array([8.50598397e+12]), 8: array([8.50598397e+12]), 9: array([75.85033074])}
2025-05-12 16:54:08,169 - DEBUG - util_fusion - fusion_dual_defense - client 3 norm scores: {0: array([1.]), 1: array([1.]), 2: array([2.07685117e-11]), 3: array([9.13618805e-12]), 4: array([1.]), 5: array([1.]), 6: array([1.]), 7: array([1.]), 8: array([1.]), 9: array([0.])}
2025-05-12 16:54:08,169 - DEBUG - util_fusion - fusion_dual_defense - client 3 similarity threshold: 0.7000000000029905
2025-05-12 16:54:08,169 - INFO - util_fusion - fusion_dual_defense - client 3 selected fusion benigns: [0, 1, 4, 5, 6, 7, 8]
2025-05-12 16:54:08,178 - DEBUG - util_fusion - fusion_dual_defense - client 4 scores: {0: array([8.50598397e+12]), 1: array([8.50598397e+12]), 2: array([252.50695849]), 3: array([153.56259984]), 4: array([8.50598397e+12]), 5: array([8.50598397e+12]), 6: array([8.50598397e+12]), 7: array([8.50598397e+12]), 8: array([8.50598397e+12]), 9: array([75.85033074])}
2025-05-12 16:54:08,178 - DEBUG - util_fusion - fusion_dual_defense - client 4 norm scores: {0: array([1.]), 1: array([1.]), 2: array([2.07685117e-11]), 3: array([9.13618805e-12]), 4: array([1.]), 5: array([1.]), 6: array([1.]), 7: array([1.]), 8: array([1.]), 9: array([0.])}
2025-05-12 16:54:08,179 - DEBUG - util_fusion - fusion_dual_defense - client 4 similarity threshold: 0.7000000000029905
2025-05-12 16:54:08,179 - INFO - util_fusion - fusion_dual_defense - client 4 selected fusion benigns: [0, 1, 4, 5, 6, 7, 8]
2025-05-12 16:54:08,187 - DEBUG - util_fusion - fusion_dual_defense - client 5 scores: {0: array([8.50598397e+12]), 1: array([8.50598397e+12]), 2: array([252.50695849]), 3: array([153.56259984]), 4: array([8.50598397e+12]), 5: array([8.50598397e+12]), 6: array([8.50598397e+12]), 7: array([8.50598397e+12]), 8: array([8.50598397e+12]), 9: array([75.85033074])}
2025-05-12 16:54:08,188 - DEBUG - util_fusion - fusion_dual_defense - client 5 norm scores: {0: array([1.]), 1: array([1.]), 2: array([2.07685117e-11]), 3: array([9.13618805e-12]), 4: array([1.]), 5: array([1.]), 6: array([1.]), 7: array([1.]), 8: array([1.]), 9: array([0.])}
2025-05-12 16:54:08,188 - DEBUG - util_fusion - fusion_dual_defense - client 5 similarity threshold: 0.7000000000029905
2025-05-12 16:54:08,188 - INFO - util_fusion - fusion_dual_defense - client 5 selected fusion benigns: [0, 1, 4, 5, 6, 7, 8]
2025-05-12 16:54:08,196 - DEBUG - util_fusion - fusion_dual_defense - client 6 scores: {0: array([8.50598397e+12]), 1: array([8.50598397e+12]), 2: array([252.50695849]), 3: array([153.56259984]), 4: array([8.50598397e+12]), 5: array([8.50598397e+12]), 6: array([8.50598397e+12]), 7: array([8.50598397e+12]), 8: array([8.50598397e+12]), 9: array([75.85033074])}
2025-05-12 16:54:08,197 - DEBUG - util_fusion - fusion_dual_defense - client 6 norm scores: {0: array([1.]), 1: array([1.]), 2: array([2.07685117e-11]), 3: array([9.13618805e-12]), 4: array([1.]), 5: array([1.]), 6: array([1.]), 7: array([1.]), 8: array([1.]), 9: array([0.])}
2025-05-12 16:54:08,197 - DEBUG - util_fusion - fusion_dual_defense - client 6 similarity threshold: 0.7000000000029905
2025-05-12 16:54:08,197 - INFO - util_fusion - fusion_dual_defense - client 6 selected fusion benigns: [0, 1, 4, 5, 6, 7, 8]
2025-05-12 16:54:08,206 - DEBUG - util_fusion - fusion_dual_defense - client 7 scores: {0: array([8.50598397e+12]), 1: array([8.50598397e+12]), 2: array([252.50695849]), 3: array([153.56259984]), 4: array([8.50598397e+12]), 5: array([8.50598397e+12]), 6: array([8.50598397e+12]), 7: array([8.50598397e+12]), 8: array([8.50598397e+12]), 9: array([75.85033074])}
2025-05-12 16:54:08,206 - DEBUG - util_fusion - fusion_dual_defense - client 7 norm scores: {0: array([1.]), 1: array([1.]), 2: array([2.07685117e-11]), 3: array([9.13618805e-12]), 4: array([1.]), 5: array([1.]), 6: array([1.]), 7: array([1.]), 8: array([1.]), 9: array([0.])}
2025-05-12 16:54:08,206 - DEBUG - util_fusion - fusion_dual_defense - client 7 similarity threshold: 0.7000000000029905
2025-05-12 16:54:08,206 - INFO - util_fusion - fusion_dual_defense - client 7 selected fusion benigns: [0, 1, 4, 5, 6, 7, 8]
2025-05-12 16:54:08,215 - DEBUG - util_fusion - fusion_dual_defense - client 8 scores: {0: array([8.50598397e+12]), 1: array([8.50598397e+12]), 2: array([252.50695849]), 3: array([153.56259984]), 4: array([8.50598397e+12]), 5: array([8.50598397e+12]), 6: array([8.50598397e+12]), 7: array([8.50598397e+12]), 8: array([8.50598397e+12]), 9: array([75.85033074])}
2025-05-12 16:54:08,215 - DEBUG - util_fusion - fusion_dual_defense - client 8 norm scores: {0: array([1.]), 1: array([1.]), 2: array([2.07685117e-11]), 3: array([9.13618805e-12]), 4: array([1.]), 5: array([1.]), 6: array([1.]), 7: array([1.]), 8: array([1.]), 9: array([0.])}
2025-05-12 16:54:08,215 - DEBUG - util_fusion - fusion_dual_defense - client 8 similarity threshold: 0.7000000000029905
2025-05-12 16:54:08,216 - INFO - util_fusion - fusion_dual_defense - client 8 selected fusion benigns: [0, 1, 4, 5, 6, 7, 8]
2025-05-12 16:54:08,224 - DEBUG - util_fusion - fusion_dual_defense - client 9 scores: {0: array([8.50598397e+12]), 1: array([8.50598397e+12]), 2: array([252.50695849]), 3: array([153.56259984]), 4: array([8.50598397e+12]), 5: array([8.50598397e+12]), 6: array([8.50598397e+12]), 7: array([8.50598397e+12]), 8: array([8.50598397e+12]), 9: array([75.85033074])}
2025-05-12 16:54:08,225 - DEBUG - util_fusion - fusion_dual_defense - client 9 norm scores: {0: array([1.]), 1: array([1.]), 2: array([2.07685117e-11]), 3: array([9.13618805e-12]), 4: array([1.]), 5: array([1.]), 6: array([1.]), 7: array([1.]), 8: array([1.]), 9: array([0.])}
2025-05-12 16:54:08,225 - DEBUG - util_fusion - fusion_dual_defense - client 9 similarity threshold: 0.7000000000029905
2025-05-12 16:54:08,225 - INFO - util_fusion - fusion_dual_defense - client 9 selected fusion benigns: [0, 1, 4, 5, 6, 7, 8]
2025-05-12 16:54:08,225 - DEBUG - util_fusion - fusion_dual_defense - final fusion benigns: (0, 1, 4, 5, 6, 7, 8)
2025-05-12 16:54:10,037 - INFO - fl - start - global side -  test accuracy: 9.8
2025-05-12 16:54:10,038 - INFO - fl - start - global side iteration 3 -  test accuracy: 9.8
2025-05-12 16:54:10,038 - INFO - fl - start - start training round 4
2025-05-12 16:54:10,040 - INFO - fl - start - round 4 attackers: [0, 2]
2025-05-12 16:54:10,040 - INFO - fl - start - start client 0 training
2025-05-12 16:54:10,040 - INFO - fl - client_local_train - client 0 start local training ...
2025-05-12 16:54:12,643 - INFO - fl - client_local_train - client 0 is attacker, start poisoning model
2025-05-12 16:54:16,716 - INFO - fl - start - end client 0 training
2025-05-12 16:54:16,716 - INFO - fl - start - client 0 evaluation metrics: {'train_loss': 6.485750043392182, 'test_acc': 10.32}
2025-05-12 16:54:16,716 - INFO - fl - start - start client 1 training
2025-05-12 16:54:16,716 - INFO - fl - client_local_train - client 1 start local training ...
2025-05-12 16:54:20,226 - INFO - fl - start - end client 1 training
2025-05-12 16:54:20,226 - INFO - fl - start - client 1 evaluation metrics: {'train_loss': nan, 'test_acc': 9.8}
2025-05-12 16:54:20,226 - INFO - fl - start - start client 2 training
2025-05-12 16:54:20,226 - INFO - fl - client_local_train - client 2 start local training ...
2025-05-12 16:54:27,133 - INFO - fl - client_local_train - client 2 is attacker, start poisoning model
2025-05-12 16:54:33,514 - INFO - fl - start - end client 2 training
2025-05-12 16:54:33,514 - INFO - fl - start - client 2 evaluation metrics: {'train_loss': nan, 'test_acc': 9.8}
2025-05-12 16:54:33,514 - INFO - fl - start - start client 3 training
2025-05-12 16:54:33,514 - INFO - fl - client_local_train - client 3 start local training ...
2025-05-12 16:54:40,672 - INFO - fl - start - end client 3 training
2025-05-12 16:54:40,672 - INFO - fl - start - client 3 evaluation metrics: {'train_loss': nan, 'test_acc': 9.8}
2025-05-12 16:54:40,672 - INFO - fl - start - start client 4 training
2025-05-12 16:54:40,672 - INFO - fl - client_local_train - client 4 start local training ...
2025-05-12 16:54:48,042 - INFO - fl - start - end client 4 training
2025-05-12 16:54:48,042 - INFO - fl - start - client 4 evaluation metrics: {'train_loss': nan, 'test_acc': 9.8}
2025-05-12 16:54:48,042 - INFO - fl - start - start client 5 training
2025-05-12 16:54:48,042 - INFO - fl - client_local_train - client 5 start local training ...
2025-05-12 16:54:53,714 - INFO - fl - start - end client 5 training
2025-05-12 16:54:53,715 - INFO - fl - start - client 5 evaluation metrics: {'train_loss': nan, 'test_acc': 9.8}
2025-05-12 16:54:53,715 - INFO - fl - start - start client 6 training
2025-05-12 16:54:53,715 - INFO - fl - client_local_train - client 6 start local training ...
2025-05-12 16:54:57,193 - INFO - fl - start - end client 6 training
2025-05-12 16:54:57,193 - INFO - fl - start - client 6 evaluation metrics: {'train_loss': nan, 'test_acc': 9.8}
2025-05-12 16:54:57,193 - INFO - fl - start - start client 7 training
2025-05-12 16:54:57,193 - INFO - fl - client_local_train - client 7 start local training ...
2025-05-12 16:55:00,313 - INFO - fl - start - end client 7 training
2025-05-12 16:55:00,313 - INFO - fl - start - client 7 evaluation metrics: {'train_loss': nan, 'test_acc': 9.8}
2025-05-12 16:55:00,313 - INFO - fl - start - start client 8 training
2025-05-12 16:55:00,313 - INFO - fl - client_local_train - client 8 start local training ...
2025-05-12 16:55:05,256 - INFO - fl - start - end client 8 training
2025-05-12 16:55:05,256 - INFO - fl - start - client 8 evaluation metrics: {'train_loss': nan, 'test_acc': 9.8}
2025-05-12 16:55:05,256 - INFO - fl - start - start client 9 training
2025-05-12 16:55:05,256 - INFO - fl - client_local_train - client 9 start local training ...
2025-05-12 16:55:07,556 - INFO - fl - start - end client 9 training
2025-05-12 16:55:07,556 - INFO - fl - start - client 9 evaluation metrics: {'train_loss': nan, 'test_acc': 9.8}
2025-05-12 16:55:07,556 - INFO - fl - aggregate_model - start model aggregation...fusion method: dual_defense
2025-05-12 16:55:07,556 - INFO - fl - aggregate_model - start hyper-guard fusion with epsilon 0.01
2025-05-12 16:55:07,556 - INFO - fl - aggregate_model - round 4 attackers: [0, 2]
2025-05-12 16:55:18,645 - DEBUG - util_fusion - fusion_dual_defense - client 0 scores: {0: array([8.36234669e-06]), 1: array([7.09568502e+11]), 2: array([7.09568502e+11]), 3: array([7.09568502e+11]), 4: array([7.09568502e+11]), 5: array([7.09568502e+11]), 6: array([7.09568502e+11]), 7: array([7.09568502e+11]), 8: array([7.09568502e+11]), 9: array([7.09568502e+11])}
2025-05-12 16:55:18,646 - DEBUG - util_fusion - fusion_dual_defense - client 0 norm scores: {0: array([0.]), 1: array([1.]), 2: array([1.]), 3: array([1.]), 4: array([1.]), 5: array([1.]), 6: array([1.]), 7: array([1.]), 8: array([1.]), 9: array([1.])}
2025-05-12 16:55:18,646 - DEBUG - util_fusion - fusion_dual_defense - client 0 similarity threshold: 0.8999999999999998
2025-05-12 16:55:18,646 - INFO - util_fusion - fusion_dual_defense - client 0 selected fusion benigns: [1, 2, 3, 4, 5, 6, 7, 8, 9]
2025-05-12 16:55:18,655 - DEBUG - util_fusion - fusion_dual_defense - client 1 scores: {0: array([8.36234669e-06]), 1: array([7.09568502e+11]), 2: array([7.09568502e+11]), 3: array([7.09568502e+11]), 4: array([7.09568502e+11]), 5: array([7.09568502e+11]), 6: array([7.09568502e+11]), 7: array([7.09568502e+11]), 8: array([7.09568502e+11]), 9: array([7.09568502e+11])}
2025-05-12 16:55:18,656 - DEBUG - util_fusion - fusion_dual_defense - client 1 norm scores: {0: array([0.]), 1: array([1.]), 2: array([1.]), 3: array([1.]), 4: array([1.]), 5: array([1.]), 6: array([1.]), 7: array([1.]), 8: array([1.]), 9: array([1.])}
2025-05-12 16:55:18,656 - DEBUG - util_fusion - fusion_dual_defense - client 1 similarity threshold: 0.8999999999999998
2025-05-12 16:55:18,656 - INFO - util_fusion - fusion_dual_defense - client 1 selected fusion benigns: [1, 2, 3, 4, 5, 6, 7, 8, 9]
2025-05-12 16:55:18,664 - DEBUG - util_fusion - fusion_dual_defense - client 2 scores: {0: array([8.36234669e-06]), 1: array([7.09568502e+11]), 2: array([7.09568502e+11]), 3: array([7.09568502e+11]), 4: array([7.09568502e+11]), 5: array([7.09568502e+11]), 6: array([7.09568502e+11]), 7: array([7.09568502e+11]), 8: array([7.09568502e+11]), 9: array([7.09568502e+11])}
2025-05-12 16:55:18,665 - DEBUG - util_fusion - fusion_dual_defense - client 2 norm scores: {0: array([0.]), 1: array([1.]), 2: array([1.]), 3: array([1.]), 4: array([1.]), 5: array([1.]), 6: array([1.]), 7: array([1.]), 8: array([1.]), 9: array([1.])}
2025-05-12 16:55:18,665 - DEBUG - util_fusion - fusion_dual_defense - client 2 similarity threshold: 0.8999999999999998
2025-05-12 16:55:18,665 - INFO - util_fusion - fusion_dual_defense - client 2 selected fusion benigns: [1, 2, 3, 4, 5, 6, 7, 8, 9]
2025-05-12 16:55:18,674 - DEBUG - util_fusion - fusion_dual_defense - client 3 scores: {0: array([8.36234669e-06]), 1: array([7.09568502e+11]), 2: array([7.09568502e+11]), 3: array([7.09568502e+11]), 4: array([7.09568502e+11]), 5: array([7.09568502e+11]), 6: array([7.09568502e+11]), 7: array([7.09568502e+11]), 8: array([7.09568502e+11]), 9: array([7.09568502e+11])}
2025-05-12 16:55:18,674 - DEBUG - util_fusion - fusion_dual_defense - client 3 norm scores: {0: array([0.]), 1: array([1.]), 2: array([1.]), 3: array([1.]), 4: array([1.]), 5: array([1.]), 6: array([1.]), 7: array([1.]), 8: array([1.]), 9: array([1.])}
2025-05-12 16:55:18,674 - DEBUG - util_fusion - fusion_dual_defense - client 3 similarity threshold: 0.8999999999999998
2025-05-12 16:55:18,674 - INFO - util_fusion - fusion_dual_defense - client 3 selected fusion benigns: [1, 2, 3, 4, 5, 6, 7, 8, 9]
2025-05-12 16:55:18,683 - DEBUG - util_fusion - fusion_dual_defense - client 4 scores: {0: array([8.36234669e-06]), 1: array([7.09568502e+11]), 2: array([7.09568502e+11]), 3: array([7.09568502e+11]), 4: array([7.09568502e+11]), 5: array([7.09568502e+11]), 6: array([7.09568502e+11]), 7: array([7.09568502e+11]), 8: array([7.09568502e+11]), 9: array([7.09568502e+11])}
2025-05-12 16:55:18,684 - DEBUG - util_fusion - fusion_dual_defense - client 4 norm scores: {0: array([0.]), 1: array([1.]), 2: array([1.]), 3: array([1.]), 4: array([1.]), 5: array([1.]), 6: array([1.]), 7: array([1.]), 8: array([1.]), 9: array([1.])}
2025-05-12 16:55:18,684 - DEBUG - util_fusion - fusion_dual_defense - client 4 similarity threshold: 0.8999999999999998
2025-05-12 16:55:18,684 - INFO - util_fusion - fusion_dual_defense - client 4 selected fusion benigns: [1, 2, 3, 4, 5, 6, 7, 8, 9]
2025-05-12 16:55:18,694 - DEBUG - util_fusion - fusion_dual_defense - client 5 scores: {0: array([8.36234669e-06]), 1: array([7.09568502e+11]), 2: array([7.09568502e+11]), 3: array([7.09568502e+11]), 4: array([7.09568502e+11]), 5: array([7.09568502e+11]), 6: array([7.09568502e+11]), 7: array([7.09568502e+11]), 8: array([7.09568502e+11]), 9: array([7.09568502e+11])}
2025-05-12 16:55:18,695 - DEBUG - util_fusion - fusion_dual_defense - client 5 norm scores: {0: array([0.]), 1: array([1.]), 2: array([1.]), 3: array([1.]), 4: array([1.]), 5: array([1.]), 6: array([1.]), 7: array([1.]), 8: array([1.]), 9: array([1.])}
2025-05-12 16:55:18,695 - DEBUG - util_fusion - fusion_dual_defense - client 5 similarity threshold: 0.8999999999999998
2025-05-12 16:55:18,695 - INFO - util_fusion - fusion_dual_defense - client 5 selected fusion benigns: [1, 2, 3, 4, 5, 6, 7, 8, 9]
2025-05-12 16:55:18,703 - DEBUG - util_fusion - fusion_dual_defense - client 6 scores: {0: array([8.36234669e-06]), 1: array([7.09568502e+11]), 2: array([7.09568502e+11]), 3: array([7.09568502e+11]), 4: array([7.09568502e+11]), 5: array([7.09568502e+11]), 6: array([7.09568502e+11]), 7: array([7.09568502e+11]), 8: array([7.09568502e+11]), 9: array([7.09568502e+11])}
2025-05-12 16:55:18,704 - DEBUG - util_fusion - fusion_dual_defense - client 6 norm scores: {0: array([0.]), 1: array([1.]), 2: array([1.]), 3: array([1.]), 4: array([1.]), 5: array([1.]), 6: array([1.]), 7: array([1.]), 8: array([1.]), 9: array([1.])}
2025-05-12 16:55:18,704 - DEBUG - util_fusion - fusion_dual_defense - client 6 similarity threshold: 0.8999999999999998
2025-05-12 16:55:18,704 - INFO - util_fusion - fusion_dual_defense - client 6 selected fusion benigns: [1, 2, 3, 4, 5, 6, 7, 8, 9]
2025-05-12 16:55:18,713 - DEBUG - util_fusion - fusion_dual_defense - client 7 scores: {0: array([8.36234669e-06]), 1: array([7.09568502e+11]), 2: array([7.09568502e+11]), 3: array([7.09568502e+11]), 4: array([7.09568502e+11]), 5: array([7.09568502e+11]), 6: array([7.09568502e+11]), 7: array([7.09568502e+11]), 8: array([7.09568502e+11]), 9: array([7.09568502e+11])}
2025-05-12 16:55:18,713 - DEBUG - util_fusion - fusion_dual_defense - client 7 norm scores: {0: array([0.]), 1: array([1.]), 2: array([1.]), 3: array([1.]), 4: array([1.]), 5: array([1.]), 6: array([1.]), 7: array([1.]), 8: array([1.]), 9: array([1.])}
2025-05-12 16:55:18,713 - DEBUG - util_fusion - fusion_dual_defense - client 7 similarity threshold: 0.8999999999999998
2025-05-12 16:55:18,713 - INFO - util_fusion - fusion_dual_defense - client 7 selected fusion benigns: [1, 2, 3, 4, 5, 6, 7, 8, 9]
2025-05-12 16:55:18,722 - DEBUG - util_fusion - fusion_dual_defense - client 8 scores: {0: array([8.36234669e-06]), 1: array([7.09568502e+11]), 2: array([7.09568502e+11]), 3: array([7.09568502e+11]), 4: array([7.09568502e+11]), 5: array([7.09568502e+11]), 6: array([7.09568502e+11]), 7: array([7.09568502e+11]), 8: array([7.09568502e+11]), 9: array([7.09568502e+11])}
2025-05-12 16:55:18,723 - DEBUG - util_fusion - fusion_dual_defense - client 8 norm scores: {0: array([0.]), 1: array([1.]), 2: array([1.]), 3: array([1.]), 4: array([1.]), 5: array([1.]), 6: array([1.]), 7: array([1.]), 8: array([1.]), 9: array([1.])}
2025-05-12 16:55:18,723 - DEBUG - util_fusion - fusion_dual_defense - client 8 similarity threshold: 0.8999999999999998
2025-05-12 16:55:18,723 - INFO - util_fusion - fusion_dual_defense - client 8 selected fusion benigns: [1, 2, 3, 4, 5, 6, 7, 8, 9]
2025-05-12 16:55:18,731 - DEBUG - util_fusion - fusion_dual_defense - client 9 scores: {0: array([8.36234669e-06]), 1: array([7.09568502e+11]), 2: array([7.09568502e+11]), 3: array([7.09568502e+11]), 4: array([7.09568502e+11]), 5: array([7.09568502e+11]), 6: array([7.09568502e+11]), 7: array([7.09568502e+11]), 8: array([7.09568502e+11]), 9: array([7.09568502e+11])}
2025-05-12 16:55:18,732 - DEBUG - util_fusion - fusion_dual_defense - client 9 norm scores: {0: array([0.]), 1: array([1.]), 2: array([1.]), 3: array([1.]), 4: array([1.]), 5: array([1.]), 6: array([1.]), 7: array([1.]), 8: array([1.]), 9: array([1.])}
2025-05-12 16:55:18,732 - DEBUG - util_fusion - fusion_dual_defense - client 9 similarity threshold: 0.8999999999999998
2025-05-12 16:55:18,732 - INFO - util_fusion - fusion_dual_defense - client 9 selected fusion benigns: [1, 2, 3, 4, 5, 6, 7, 8, 9]
2025-05-12 16:55:18,732 - DEBUG - util_fusion - fusion_dual_defense - final fusion benigns: (1, 2, 3, 4, 5, 6, 7, 8, 9)
2025-05-12 16:55:20,665 - INFO - fl - start - global side -  test accuracy: 9.8
2025-05-12 16:55:20,665 - INFO - fl - start - global side iteration 4 -  test accuracy: 9.8
2025-05-12 16:55:20,665 - INFO - fl - start - start training round 5
2025-05-12 16:55:20,667 - INFO - fl - start - round 5 attackers: [4, 5]
2025-05-12 16:55:20,667 - INFO - fl - start - start client 0 training
2025-05-12 16:55:20,667 - INFO - fl - client_local_train - client 0 start local training ...
2025-05-12 16:55:25,305 - INFO - fl - start - end client 0 training
2025-05-12 16:55:25,305 - INFO - fl - start - client 0 evaluation metrics: {'train_loss': 13950221654425.6, 'test_acc': 10.32}
2025-05-12 16:55:25,305 - INFO - fl - start - start client 1 training
2025-05-12 16:55:25,305 - INFO - fl - client_local_train - client 1 start local training ...
2025-05-12 16:55:28,833 - INFO - fl - start - end client 1 training
2025-05-12 16:55:28,833 - INFO - fl - start - client 1 evaluation metrics: {'train_loss': 20728763299724.074, 'test_acc': 9.8}
2025-05-12 16:55:28,833 - INFO - fl - start - start client 2 training
2025-05-12 16:55:28,833 - INFO - fl - client_local_train - client 2 start local training ...
2025-05-12 16:55:38,923 - INFO - fl - start - end client 2 training
2025-05-12 16:55:38,923 - INFO - fl - start - client 2 evaluation metrics: {'train_loss': 27913068466156.77, 'test_acc': 10.28}
2025-05-12 16:55:38,923 - INFO - fl - start - start client 3 training
2025-05-12 16:55:38,923 - INFO - fl - client_local_train - client 3 start local training ...
2025-05-12 16:55:46,085 - INFO - fl - start - end client 3 training
2025-05-12 16:55:46,085 - INFO - fl - start - client 3 evaluation metrics: {'train_loss': 18694205776743.49, 'test_acc': 9.82}
2025-05-12 16:55:46,085 - INFO - fl - start - start client 4 training
2025-05-12 16:55:46,085 - INFO - fl - client_local_train - client 4 start local training ...
2025-05-12 16:55:50,792 - INFO - fl - client_local_train - client 4 is attacker, start poisoning model
2025-05-12 16:55:55,996 - INFO - fl - start - end client 4 training
2025-05-12 16:55:55,996 - INFO - fl - start - client 4 evaluation metrics: {'train_loss': 1111001681182155.0, 'test_acc': 8.92}
2025-05-12 16:55:55,996 - INFO - fl - start - start client 5 training
2025-05-12 16:55:55,996 - INFO - fl - client_local_train - client 5 start local training ...
2025-05-12 16:55:59,432 - INFO - fl - client_local_train - client 5 is attacker, start poisoning model
2025-05-12 16:56:03,940 - INFO - fl - start - end client 5 training
2025-05-12 16:56:03,940 - INFO - fl - start - client 5 evaluation metrics: {'train_loss': 1836348668928390.0, 'test_acc': 10.09}
2025-05-12 16:56:03,940 - INFO - fl - start - start client 6 training
2025-05-12 16:56:03,940 - INFO - fl - client_local_train - client 6 start local training ...
2025-05-12 16:56:07,400 - INFO - fl - start - end client 6 training
2025-05-12 16:56:07,400 - INFO - fl - start - client 6 evaluation metrics: {'train_loss': 19152342412366.77, 'test_acc': 10.1}
2025-05-12 16:56:07,400 - INFO - fl - start - start client 7 training
2025-05-12 16:56:07,400 - INFO - fl - client_local_train - client 7 start local training ...
2025-05-12 16:56:10,518 - INFO - fl - start - end client 7 training
2025-05-12 16:56:10,519 - INFO - fl - start - client 7 evaluation metrics: {'train_loss': 60941930643074.98, 'test_acc': 11.35}
2025-05-12 16:56:10,519 - INFO - fl - start - start client 8 training
2025-05-12 16:56:10,519 - INFO - fl - client_local_train - client 8 start local training ...
2025-05-12 16:56:15,441 - INFO - fl - start - end client 8 training
2025-05-12 16:56:15,441 - INFO - fl - start - client 8 evaluation metrics: {'train_loss': 24649281360860.69, 'test_acc': 9.8}
2025-05-12 16:56:15,441 - INFO - fl - start - start client 9 training
2025-05-12 16:56:15,441 - INFO - fl - client_local_train - client 9 start local training ...
2025-05-12 16:56:17,715 - INFO - fl - start - end client 9 training
2025-05-12 16:56:17,715 - INFO - fl - start - client 9 evaluation metrics: {'train_loss': 32864155148644.176, 'test_acc': 10.28}
2025-05-12 16:56:17,715 - INFO - fl - aggregate_model - start model aggregation...fusion method: dual_defense
2025-05-12 16:56:17,715 - INFO - fl - aggregate_model - start hyper-guard fusion with epsilon 0.01
2025-05-12 16:56:17,716 - INFO - fl - aggregate_model - round 5 attackers: [4, 5]
2025-05-12 16:56:28,875 - DEBUG - util_fusion - fusion_dual_defense - client 0 scores: {0: array([13213.39022637]), 1: array([13213.09302531]), 2: array([13214.16102784]), 3: array([13213.77823407]), 4: array([13213.88033284]), 5: array([13213.4497673]), 6: array([13213.81447982]), 7: array([13213.22344831]), 8: array([13213.74689717]), 9: array([13213.63127499])}
2025-05-12 16:56:28,876 - DEBUG - util_fusion - fusion_dual_defense - client 0 norm scores: {0: array([0.27827748]), 1: array([0.]), 2: array([1.]), 3: array([0.64157972]), 4: array([0.73717759]), 5: array([0.33402729]), 6: array([0.67551761]), 7: array([0.12211863]), 8: array([0.61223811]), 9: array([0.50397791])}
2025-05-12 16:56:28,876 - DEBUG - util_fusion - fusion_dual_defense - client 0 similarity threshold: 0.49049143298715664
2025-05-12 16:56:28,876 - INFO - util_fusion - fusion_dual_defense - client 0 selected fusion benigns: [2, 3, 4, 6, 8, 9]
2025-05-12 16:56:28,885 - DEBUG - util_fusion - fusion_dual_defense - client 1 scores: {0: array([13213.39022637]), 1: array([13213.09302531]), 2: array([13214.16102784]), 3: array([13213.77823407]), 4: array([13213.88033284]), 5: array([13213.4497673]), 6: array([13213.81447982]), 7: array([13213.22344831]), 8: array([13213.74689717]), 9: array([13213.63127499])}
2025-05-12 16:56:28,885 - DEBUG - util_fusion - fusion_dual_defense - client 1 norm scores: {0: array([0.27827748]), 1: array([0.]), 2: array([1.]), 3: array([0.64157972]), 4: array([0.73717759]), 5: array([0.33402729]), 6: array([0.67551761]), 7: array([0.12211863]), 8: array([0.61223811]), 9: array([0.50397791])}
2025-05-12 16:56:28,886 - DEBUG - util_fusion - fusion_dual_defense - client 1 similarity threshold: 0.49049143298715664
2025-05-12 16:56:28,886 - INFO - util_fusion - fusion_dual_defense - client 1 selected fusion benigns: [2, 3, 4, 6, 8, 9]
2025-05-12 16:56:28,894 - DEBUG - util_fusion - fusion_dual_defense - client 2 scores: {0: array([13213.39022637]), 1: array([13213.09302531]), 2: array([13214.16102784]), 3: array([13213.77823407]), 4: array([13213.88033284]), 5: array([13213.4497673]), 6: array([13213.81447982]), 7: array([13213.22344831]), 8: array([13213.74689717]), 9: array([13213.63127499])}
2025-05-12 16:56:28,895 - DEBUG - util_fusion - fusion_dual_defense - client 2 norm scores: {0: array([0.27827748]), 1: array([0.]), 2: array([1.]), 3: array([0.64157972]), 4: array([0.73717759]), 5: array([0.33402729]), 6: array([0.67551761]), 7: array([0.12211863]), 8: array([0.61223811]), 9: array([0.50397791])}
2025-05-12 16:56:28,895 - DEBUG - util_fusion - fusion_dual_defense - client 2 similarity threshold: 0.49049143298715664
2025-05-12 16:56:28,895 - INFO - util_fusion - fusion_dual_defense - client 2 selected fusion benigns: [2, 3, 4, 6, 8, 9]
2025-05-12 16:56:28,903 - DEBUG - util_fusion - fusion_dual_defense - client 3 scores: {0: array([13213.39022637]), 1: array([13213.09302531]), 2: array([13214.16102784]), 3: array([13213.77823407]), 4: array([13213.88033284]), 5: array([13213.4497673]), 6: array([13213.81447982]), 7: array([13213.22344831]), 8: array([13213.74689717]), 9: array([13213.63127499])}
2025-05-12 16:56:28,904 - DEBUG - util_fusion - fusion_dual_defense - client 3 norm scores: {0: array([0.27827748]), 1: array([0.]), 2: array([1.]), 3: array([0.64157972]), 4: array([0.73717759]), 5: array([0.33402729]), 6: array([0.67551761]), 7: array([0.12211863]), 8: array([0.61223811]), 9: array([0.50397791])}
2025-05-12 16:56:28,904 - DEBUG - util_fusion - fusion_dual_defense - client 3 similarity threshold: 0.49049143298715664
2025-05-12 16:56:28,904 - INFO - util_fusion - fusion_dual_defense - client 3 selected fusion benigns: [2, 3, 4, 6, 8, 9]
2025-05-12 16:56:28,912 - DEBUG - util_fusion - fusion_dual_defense - client 4 scores: {0: array([13213.39022637]), 1: array([13213.09302531]), 2: array([13214.16102784]), 3: array([13213.77823407]), 4: array([13213.88033284]), 5: array([13213.4497673]), 6: array([13213.81447982]), 7: array([13213.22344831]), 8: array([13213.74689717]), 9: array([13213.63127499])}
2025-05-12 16:56:28,913 - DEBUG - util_fusion - fusion_dual_defense - client 4 norm scores: {0: array([0.27827748]), 1: array([0.]), 2: array([1.]), 3: array([0.64157972]), 4: array([0.73717759]), 5: array([0.33402729]), 6: array([0.67551761]), 7: array([0.12211863]), 8: array([0.61223811]), 9: array([0.50397791])}
2025-05-12 16:56:28,913 - DEBUG - util_fusion - fusion_dual_defense - client 4 similarity threshold: 0.49049143298715664
2025-05-12 16:56:28,913 - INFO - util_fusion - fusion_dual_defense - client 4 selected fusion benigns: [2, 3, 4, 6, 8, 9]
2025-05-12 16:56:28,921 - DEBUG - util_fusion - fusion_dual_defense - client 5 scores: {0: array([13213.39022637]), 1: array([13213.09302531]), 2: array([13214.16102784]), 3: array([13213.77823407]), 4: array([13213.88033284]), 5: array([13213.4497673]), 6: array([13213.81447982]), 7: array([13213.22344831]), 8: array([13213.74689717]), 9: array([13213.63127499])}
2025-05-12 16:56:28,922 - DEBUG - util_fusion - fusion_dual_defense - client 5 norm scores: {0: array([0.27827748]), 1: array([0.]), 2: array([1.]), 3: array([0.64157972]), 4: array([0.73717759]), 5: array([0.33402729]), 6: array([0.67551761]), 7: array([0.12211863]), 8: array([0.61223811]), 9: array([0.50397791])}
2025-05-12 16:56:28,922 - DEBUG - util_fusion - fusion_dual_defense - client 5 similarity threshold: 0.49049143298715664
2025-05-12 16:56:28,922 - INFO - util_fusion - fusion_dual_defense - client 5 selected fusion benigns: [2, 3, 4, 6, 8, 9]
2025-05-12 16:56:28,930 - DEBUG - util_fusion - fusion_dual_defense - client 6 scores: {0: array([13213.39022637]), 1: array([13213.09302531]), 2: array([13214.16102784]), 3: array([13213.77823407]), 4: array([13213.88033284]), 5: array([13213.4497673]), 6: array([13213.81447982]), 7: array([13213.22344831]), 8: array([13213.74689717]), 9: array([13213.63127499])}
2025-05-12 16:56:28,931 - DEBUG - util_fusion - fusion_dual_defense - client 6 norm scores: {0: array([0.27827748]), 1: array([0.]), 2: array([1.]), 3: array([0.64157972]), 4: array([0.73717759]), 5: array([0.33402729]), 6: array([0.67551761]), 7: array([0.12211863]), 8: array([0.61223811]), 9: array([0.50397791])}
2025-05-12 16:56:28,931 - DEBUG - util_fusion - fusion_dual_defense - client 6 similarity threshold: 0.49049143298715664
2025-05-12 16:56:28,931 - INFO - util_fusion - fusion_dual_defense - client 6 selected fusion benigns: [2, 3, 4, 6, 8, 9]
2025-05-12 16:56:28,939 - DEBUG - util_fusion - fusion_dual_defense - client 7 scores: {0: array([13213.39022637]), 1: array([13213.09302531]), 2: array([13214.16102784]), 3: array([13213.77823407]), 4: array([13213.88033284]), 5: array([13213.4497673]), 6: array([13213.81447982]), 7: array([13213.22344831]), 8: array([13213.74689717]), 9: array([13213.63127499])}
2025-05-12 16:56:28,940 - DEBUG - util_fusion - fusion_dual_defense - client 7 norm scores: {0: array([0.27827748]), 1: array([0.]), 2: array([1.]), 3: array([0.64157972]), 4: array([0.73717759]), 5: array([0.33402729]), 6: array([0.67551761]), 7: array([0.12211863]), 8: array([0.61223811]), 9: array([0.50397791])}
2025-05-12 16:56:28,940 - DEBUG - util_fusion - fusion_dual_defense - client 7 similarity threshold: 0.49049143298715664
2025-05-12 16:56:28,940 - INFO - util_fusion - fusion_dual_defense - client 7 selected fusion benigns: [2, 3, 4, 6, 8, 9]
2025-05-12 16:56:28,948 - DEBUG - util_fusion - fusion_dual_defense - client 8 scores: {0: array([13213.39022637]), 1: array([13213.09302531]), 2: array([13214.16102784]), 3: array([13213.77823407]), 4: array([13213.88033284]), 5: array([13213.4497673]), 6: array([13213.81447982]), 7: array([13213.22344831]), 8: array([13213.74689717]), 9: array([13213.63127499])}
2025-05-12 16:56:28,949 - DEBUG - util_fusion - fusion_dual_defense - client 8 norm scores: {0: array([0.27827748]), 1: array([0.]), 2: array([1.]), 3: array([0.64157972]), 4: array([0.73717759]), 5: array([0.33402729]), 6: array([0.67551761]), 7: array([0.12211863]), 8: array([0.61223811]), 9: array([0.50397791])}
2025-05-12 16:56:28,949 - DEBUG - util_fusion - fusion_dual_defense - client 8 similarity threshold: 0.49049143298715664
2025-05-12 16:56:28,949 - INFO - util_fusion - fusion_dual_defense - client 8 selected fusion benigns: [2, 3, 4, 6, 8, 9]
2025-05-12 16:56:28,957 - DEBUG - util_fusion - fusion_dual_defense - client 9 scores: {0: array([13213.39022637]), 1: array([13213.09302531]), 2: array([13214.16102784]), 3: array([13213.77823407]), 4: array([13213.88033284]), 5: array([13213.4497673]), 6: array([13213.81447982]), 7: array([13213.22344831]), 8: array([13213.74689717]), 9: array([13213.63127499])}
2025-05-12 16:56:28,958 - DEBUG - util_fusion - fusion_dual_defense - client 9 norm scores: {0: array([0.27827748]), 1: array([0.]), 2: array([1.]), 3: array([0.64157972]), 4: array([0.73717759]), 5: array([0.33402729]), 6: array([0.67551761]), 7: array([0.12211863]), 8: array([0.61223811]), 9: array([0.50397791])}
2025-05-12 16:56:28,958 - DEBUG - util_fusion - fusion_dual_defense - client 9 similarity threshold: 0.49049143298715664
2025-05-12 16:56:28,958 - INFO - util_fusion - fusion_dual_defense - client 9 selected fusion benigns: [2, 3, 4, 6, 8, 9]
2025-05-12 16:56:28,958 - DEBUG - util_fusion - fusion_dual_defense - final fusion benigns: (2, 3, 4, 6, 8, 9)
2025-05-12 16:56:30,723 - INFO - fl - start - global side -  test accuracy: 8.92
2025-05-12 16:56:30,723 - INFO - fl - start - global side iteration 5 -  test accuracy: 8.92
2025-05-12 16:56:30,723 - INFO - fl - start - start training round 6
2025-05-12 16:56:30,725 - INFO - fl - start - round 6 attackers: [7, 9]
2025-05-12 16:56:30,725 - INFO - fl - start - start client 0 training
2025-05-12 16:56:30,725 - INFO - fl - client_local_train - client 0 start local training ...
2025-05-12 16:56:35,362 - INFO - fl - start - end client 0 training
2025-05-12 16:56:35,362 - INFO - fl - start - client 0 evaluation metrics: {'train_loss': 127785536113868.8, 'test_acc': 10.32}
2025-05-12 16:56:35,363 - INFO - fl - start - start client 1 training
2025-05-12 16:56:35,363 - INFO - fl - client_local_train - client 1 start local training ...
2025-05-12 16:56:38,881 - INFO - fl - start - end client 1 training
2025-05-12 16:56:38,881 - INFO - fl - start - client 1 evaluation metrics: {'train_loss': 135703510651730.11, 'test_acc': 9.82}
2025-05-12 16:56:38,881 - INFO - fl - start - start client 2 training
2025-05-12 16:56:38,881 - INFO - fl - client_local_train - client 2 start local training ...
2025-05-12 16:56:48,975 - INFO - fl - start - end client 2 training
2025-05-12 16:56:48,975 - INFO - fl - start - client 2 evaluation metrics: {'train_loss': 119126321320839.81, 'test_acc': 9.58}
2025-05-12 16:56:48,975 - INFO - fl - start - start client 3 training
2025-05-12 16:56:48,975 - INFO - fl - client_local_train - client 3 start local training ...
2025-05-12 16:56:56,132 - INFO - fl - start - end client 3 training
2025-05-12 16:56:56,132 - INFO - fl - start - client 3 evaluation metrics: {'train_loss': 63609369422158.07, 'test_acc': 11.35}
2025-05-12 16:56:56,132 - INFO - fl - start - start client 4 training
2025-05-12 16:56:56,132 - INFO - fl - client_local_train - client 4 start local training ...
2025-05-12 16:57:03,451 - INFO - fl - start - end client 4 training
2025-05-12 16:57:03,451 - INFO - fl - start - client 4 evaluation metrics: {'train_loss': 65899873574855.5, 'test_acc': 8.92}
2025-05-12 16:57:03,451 - INFO - fl - start - start client 5 training
2025-05-12 16:57:03,451 - INFO - fl - client_local_train - client 5 start local training ...
2025-05-12 16:57:09,096 - INFO - fl - start - end client 5 training
2025-05-12 16:57:09,096 - INFO - fl - start - client 5 evaluation metrics: {'train_loss': 85466279957533.25, 'test_acc': 10.09}
2025-05-12 16:57:09,096 - INFO - fl - start - start client 6 training
2025-05-12 16:57:09,096 - INFO - fl - client_local_train - client 6 start local training ...
2025-05-12 16:57:12,564 - INFO - fl - start - end client 6 training
2025-05-12 16:57:12,564 - INFO - fl - start - client 6 evaluation metrics: {'train_loss': 134298045533892.92, 'test_acc': 11.35}
2025-05-12 16:57:12,564 - INFO - fl - start - start client 7 training
2025-05-12 16:57:12,564 - INFO - fl - client_local_train - client 7 start local training ...
2025-05-12 16:57:13,950 - INFO - fl - client_local_train - client 7 is attacker, start poisoning model
2025-05-12 16:57:17,393 - INFO - fl - start - end client 7 training
2025-05-12 16:57:17,393 - INFO - fl - start - client 7 evaluation metrics: {'train_loss': 5875540393977904.0, 'test_acc': 11.35}
2025-05-12 16:57:17,393 - INFO - fl - start - start client 8 training
2025-05-12 16:57:17,393 - INFO - fl - client_local_train - client 8 start local training ...
2025-05-12 16:57:22,323 - INFO - fl - start - end client 8 training
2025-05-12 16:57:22,323 - INFO - fl - start - client 8 evaluation metrics: {'train_loss': 63799117115344.92, 'test_acc': 10.09}
2025-05-12 16:57:22,323 - INFO - fl - start - start client 9 training
2025-05-12 16:57:22,323 - INFO - fl - client_local_train - client 9 start local training ...
2025-05-12 16:57:23,053 - INFO - fl - client_local_train - client 9 is attacker, start poisoning model
2025-05-12 16:57:26,140 - INFO - fl - start - end client 9 training
2025-05-12 16:57:26,140 - INFO - fl - start - client 9 evaluation metrics: {'train_loss': 6980080057781025.0, 'test_acc': 9.58}
2025-05-12 16:57:26,140 - INFO - fl - aggregate_model - start model aggregation...fusion method: dual_defense
2025-05-12 16:57:26,140 - INFO - fl - aggregate_model - start hyper-guard fusion with epsilon 0.01
2025-05-12 16:57:26,140 - INFO - fl - aggregate_model - round 6 attackers: [9, 7]
2025-05-12 16:57:37,338 - DEBUG - util_fusion - fusion_dual_defense - client 0 scores: {0: array([4951.50673042]), 1: array([4951.11747305]), 2: array([4951.71098191]), 3: array([4951.71284316]), 4: array([4951.68323564]), 5: array([4950.66242197]), 6: array([4951.03869991]), 7: array([4951.69416453]), 8: array([4950.9716661]), 9: array([4951.33502504])}
2025-05-12 16:57:37,338 - DEBUG - util_fusion - fusion_dual_defense - client 0 norm scores: {0: array([0.80378086]), 1: array([0.43320821]), 2: array([0.99822809]), 3: array([1.]), 4: array([0.97181366]), 5: array([0.]), 6: array([0.35821625]), 7: array([0.98221796]), 8: array([0.29440013]), 9: array([0.6403175])}
2025-05-12 16:57:37,338 - DEBUG - util_fusion - fusion_dual_defense - client 0 similarity threshold: 0.6482182647059229
2025-05-12 16:57:37,339 - INFO - util_fusion - fusion_dual_defense - client 0 selected fusion benigns: [0, 2, 3, 4, 7]
2025-05-12 16:57:37,347 - DEBUG - util_fusion - fusion_dual_defense - client 1 scores: {0: array([4951.50673042]), 1: array([4951.11747305]), 2: array([4951.71098191]), 3: array([4951.71284316]), 4: array([4951.68323564]), 5: array([4950.66242197]), 6: array([4951.03869991]), 7: array([4951.69416453]), 8: array([4950.9716661]), 9: array([4951.33502504])}
2025-05-12 16:57:37,348 - DEBUG - util_fusion - fusion_dual_defense - client 1 norm scores: {0: array([0.80378086]), 1: array([0.43320821]), 2: array([0.99822809]), 3: array([1.]), 4: array([0.97181366]), 5: array([0.]), 6: array([0.35821625]), 7: array([0.98221796]), 8: array([0.29440013]), 9: array([0.6403175])}
2025-05-12 16:57:37,348 - DEBUG - util_fusion - fusion_dual_defense - client 1 similarity threshold: 0.6482182647059229
2025-05-12 16:57:37,348 - INFO - util_fusion - fusion_dual_defense - client 1 selected fusion benigns: [0, 2, 3, 4, 7]
2025-05-12 16:57:37,356 - DEBUG - util_fusion - fusion_dual_defense - client 2 scores: {0: array([4951.50673042]), 1: array([4951.11747305]), 2: array([4951.71098191]), 3: array([4951.71284316]), 4: array([4951.68323564]), 5: array([4950.66242197]), 6: array([4951.03869991]), 7: array([4951.69416453]), 8: array([4950.9716661]), 9: array([4951.33502504])}
2025-05-12 16:57:37,357 - DEBUG - util_fusion - fusion_dual_defense - client 2 norm scores: {0: array([0.80378086]), 1: array([0.43320821]), 2: array([0.99822809]), 3: array([1.]), 4: array([0.97181366]), 5: array([0.]), 6: array([0.35821625]), 7: array([0.98221796]), 8: array([0.29440013]), 9: array([0.6403175])}
2025-05-12 16:57:37,357 - DEBUG - util_fusion - fusion_dual_defense - client 2 similarity threshold: 0.6482182647059229
2025-05-12 16:57:37,357 - INFO - util_fusion - fusion_dual_defense - client 2 selected fusion benigns: [0, 2, 3, 4, 7]
2025-05-12 16:57:37,365 - DEBUG - util_fusion - fusion_dual_defense - client 3 scores: {0: array([4951.50673042]), 1: array([4951.11747305]), 2: array([4951.71098191]), 3: array([4951.71284316]), 4: array([4951.68323564]), 5: array([4950.66242197]), 6: array([4951.03869991]), 7: array([4951.69416453]), 8: array([4950.9716661]), 9: array([4951.33502504])}
2025-05-12 16:57:37,366 - DEBUG - util_fusion - fusion_dual_defense - client 3 norm scores: {0: array([0.80378086]), 1: array([0.43320821]), 2: array([0.99822809]), 3: array([1.]), 4: array([0.97181366]), 5: array([0.]), 6: array([0.35821625]), 7: array([0.98221796]), 8: array([0.29440013]), 9: array([0.6403175])}
2025-05-12 16:57:37,366 - DEBUG - util_fusion - fusion_dual_defense - client 3 similarity threshold: 0.6482182647059229
2025-05-12 16:57:37,366 - INFO - util_fusion - fusion_dual_defense - client 3 selected fusion benigns: [0, 2, 3, 4, 7]
2025-05-12 16:57:37,374 - DEBUG - util_fusion - fusion_dual_defense - client 4 scores: {0: array([4951.50673042]), 1: array([4951.11747305]), 2: array([4951.71098191]), 3: array([4951.71284316]), 4: array([4951.68323564]), 5: array([4950.66242197]), 6: array([4951.03869991]), 7: array([4951.69416453]), 8: array([4950.9716661]), 9: array([4951.33502504])}
2025-05-12 16:57:37,375 - DEBUG - util_fusion - fusion_dual_defense - client 4 norm scores: {0: array([0.80378086]), 1: array([0.43320821]), 2: array([0.99822809]), 3: array([1.]), 4: array([0.97181366]), 5: array([0.]), 6: array([0.35821625]), 7: array([0.98221796]), 8: array([0.29440013]), 9: array([0.6403175])}
2025-05-12 16:57:37,375 - DEBUG - util_fusion - fusion_dual_defense - client 4 similarity threshold: 0.6482182647059229
2025-05-12 16:57:37,375 - INFO - util_fusion - fusion_dual_defense - client 4 selected fusion benigns: [0, 2, 3, 4, 7]
2025-05-12 16:57:37,383 - DEBUG - util_fusion - fusion_dual_defense - client 5 scores: {0: array([4951.50673042]), 1: array([4951.11747305]), 2: array([4951.71098191]), 3: array([4951.71284316]), 4: array([4951.68323564]), 5: array([4950.66242197]), 6: array([4951.03869991]), 7: array([4951.69416453]), 8: array([4950.9716661]), 9: array([4951.33502504])}
2025-05-12 16:57:37,384 - DEBUG - util_fusion - fusion_dual_defense - client 5 norm scores: {0: array([0.80378086]), 1: array([0.43320821]), 2: array([0.99822809]), 3: array([1.]), 4: array([0.97181366]), 5: array([0.]), 6: array([0.35821625]), 7: array([0.98221796]), 8: array([0.29440013]), 9: array([0.6403175])}
2025-05-12 16:57:37,384 - DEBUG - util_fusion - fusion_dual_defense - client 5 similarity threshold: 0.6482182647059229
2025-05-12 16:57:37,384 - INFO - util_fusion - fusion_dual_defense - client 5 selected fusion benigns: [0, 2, 3, 4, 7]
2025-05-12 16:57:37,392 - DEBUG - util_fusion - fusion_dual_defense - client 6 scores: {0: array([4951.50673042]), 1: array([4951.11747305]), 2: array([4951.71098191]), 3: array([4951.71284316]), 4: array([4951.68323564]), 5: array([4950.66242197]), 6: array([4951.03869991]), 7: array([4951.69416453]), 8: array([4950.9716661]), 9: array([4951.33502504])}
2025-05-12 16:57:37,393 - DEBUG - util_fusion - fusion_dual_defense - client 6 norm scores: {0: array([0.80378086]), 1: array([0.43320821]), 2: array([0.99822809]), 3: array([1.]), 4: array([0.97181366]), 5: array([0.]), 6: array([0.35821625]), 7: array([0.98221796]), 8: array([0.29440013]), 9: array([0.6403175])}
2025-05-12 16:57:37,393 - DEBUG - util_fusion - fusion_dual_defense - client 6 similarity threshold: 0.6482182647059229
2025-05-12 16:57:37,393 - INFO - util_fusion - fusion_dual_defense - client 6 selected fusion benigns: [0, 2, 3, 4, 7]
2025-05-12 16:57:37,401 - DEBUG - util_fusion - fusion_dual_defense - client 7 scores: {0: array([4951.50673042]), 1: array([4951.11747305]), 2: array([4951.71098191]), 3: array([4951.71284316]), 4: array([4951.68323564]), 5: array([4950.66242197]), 6: array([4951.03869991]), 7: array([4951.69416453]), 8: array([4950.9716661]), 9: array([4951.33502504])}
2025-05-12 16:57:37,402 - DEBUG - util_fusion - fusion_dual_defense - client 7 norm scores: {0: array([0.80378086]), 1: array([0.43320821]), 2: array([0.99822809]), 3: array([1.]), 4: array([0.97181366]), 5: array([0.]), 6: array([0.35821625]), 7: array([0.98221796]), 8: array([0.29440013]), 9: array([0.6403175])}
2025-05-12 16:57:37,402 - DEBUG - util_fusion - fusion_dual_defense - client 7 similarity threshold: 0.6482182647059229
2025-05-12 16:57:37,402 - INFO - util_fusion - fusion_dual_defense - client 7 selected fusion benigns: [0, 2, 3, 4, 7]
2025-05-12 16:57:37,410 - DEBUG - util_fusion - fusion_dual_defense - client 8 scores: {0: array([4951.50673042]), 1: array([4951.11747305]), 2: array([4951.71098191]), 3: array([4951.71284316]), 4: array([4951.68323564]), 5: array([4950.66242197]), 6: array([4951.03869991]), 7: array([4951.69416453]), 8: array([4950.9716661]), 9: array([4951.33502504])}
2025-05-12 16:57:37,411 - DEBUG - util_fusion - fusion_dual_defense - client 8 norm scores: {0: array([0.80378086]), 1: array([0.43320821]), 2: array([0.99822809]), 3: array([1.]), 4: array([0.97181366]), 5: array([0.]), 6: array([0.35821625]), 7: array([0.98221796]), 8: array([0.29440013]), 9: array([0.6403175])}
2025-05-12 16:57:37,411 - DEBUG - util_fusion - fusion_dual_defense - client 8 similarity threshold: 0.6482182647059229
2025-05-12 16:57:37,411 - INFO - util_fusion - fusion_dual_defense - client 8 selected fusion benigns: [0, 2, 3, 4, 7]
2025-05-12 16:57:37,419 - DEBUG - util_fusion - fusion_dual_defense - client 9 scores: {0: array([4951.50673042]), 1: array([4951.11747305]), 2: array([4951.71098191]), 3: array([4951.71284316]), 4: array([4951.68323564]), 5: array([4950.66242197]), 6: array([4951.03869991]), 7: array([4951.69416453]), 8: array([4950.9716661]), 9: array([4951.33502504])}
2025-05-12 16:57:37,420 - DEBUG - util_fusion - fusion_dual_defense - client 9 norm scores: {0: array([0.80378086]), 1: array([0.43320821]), 2: array([0.99822809]), 3: array([1.]), 4: array([0.97181366]), 5: array([0.]), 6: array([0.35821625]), 7: array([0.98221796]), 8: array([0.29440013]), 9: array([0.6403175])}
2025-05-12 16:57:37,420 - DEBUG - util_fusion - fusion_dual_defense - client 9 similarity threshold: 0.6482182647059229
2025-05-12 16:57:37,420 - INFO - util_fusion - fusion_dual_defense - client 9 selected fusion benigns: [0, 2, 3, 4, 7]
2025-05-12 16:57:37,420 - DEBUG - util_fusion - fusion_dual_defense - final fusion benigns: (0, 2, 3, 4, 7)
2025-05-12 16:57:39,121 - INFO - fl - start - global side -  test accuracy: 11.35
2025-05-12 16:57:39,121 - INFO - fl - start - global side iteration 6 -  test accuracy: 11.35
2025-05-12 16:57:39,121 - INFO - fl - start - start training round 7
2025-05-12 16:57:39,123 - INFO - fl - start - round 7 attackers: [5, 8]
2025-05-12 16:57:39,123 - INFO - fl - start - start client 0 training
2025-05-12 16:57:39,123 - INFO - fl - client_local_train - client 0 start local training ...
2025-05-12 16:57:43,776 - INFO - fl - start - end client 0 training
2025-05-12 16:57:43,776 - INFO - fl - start - client 0 evaluation metrics: {'train_loss': 216814711105126.4, 'test_acc': 10.32}
2025-05-12 16:57:43,776 - INFO - fl - start - start client 1 training
2025-05-12 16:57:43,776 - INFO - fl - client_local_train - client 1 start local training ...
2025-05-12 16:57:47,298 - INFO - fl - start - end client 1 training
2025-05-12 16:57:47,298 - INFO - fl - start - client 1 evaluation metrics: {'train_loss': 118183998125654.94, 'test_acc': 9.8}
2025-05-12 16:57:47,298 - INFO - fl - start - start client 2 training
2025-05-12 16:57:47,298 - INFO - fl - client_local_train - client 2 start local training ...
2025-05-12 16:57:57,394 - INFO - fl - start - end client 2 training
2025-05-12 16:57:57,394 - INFO - fl - start - client 2 evaluation metrics: {'train_loss': 136395985315522.7, 'test_acc': 9.58}
2025-05-12 16:57:57,394 - INFO - fl - start - start client 3 training
2025-05-12 16:57:57,395 - INFO - fl - client_local_train - client 3 start local training ...
2025-05-12 16:58:04,558 - INFO - fl - start - end client 3 training
2025-05-12 16:58:04,558 - INFO - fl - start - client 3 evaluation metrics: {'train_loss': 142771884524449.6, 'test_acc': 11.35}
2025-05-12 16:58:04,558 - INFO - fl - start - start client 4 training
2025-05-12 16:58:04,558 - INFO - fl - client_local_train - client 4 start local training ...
2025-05-12 16:58:11,863 - INFO - fl - start - end client 4 training
2025-05-12 16:58:11,863 - INFO - fl - start - client 4 evaluation metrics: {'train_loss': 141869690619889.88, 'test_acc': 9.82}
2025-05-12 16:58:11,863 - INFO - fl - start - start client 5 training
2025-05-12 16:58:11,863 - INFO - fl - client_local_train - client 5 start local training ...
2025-05-12 16:58:15,277 - INFO - fl - client_local_train - client 5 is attacker, start poisoning model
2025-05-12 16:58:19,782 - INFO - fl - start - end client 5 training
2025-05-12 16:58:19,782 - INFO - fl - start - client 5 evaluation metrics: {'train_loss': 1.0913640968016302e+16, 'test_acc': 9.59}
2025-05-12 16:58:19,782 - INFO - fl - start - start client 6 training
2025-05-12 16:58:19,782 - INFO - fl - client_local_train - client 6 start local training ...
2025-05-12 16:58:23,244 - INFO - fl - start - end client 6 training
2025-05-12 16:58:23,244 - INFO - fl - start - client 6 evaluation metrics: {'train_loss': 102228183563027.69, 'test_acc': 9.8}
2025-05-12 16:58:23,244 - INFO - fl - start - start client 7 training
2025-05-12 16:58:23,244 - INFO - fl - client_local_train - client 7 start local training ...
2025-05-12 16:58:26,354 - INFO - fl - start - end client 7 training
2025-05-12 16:58:26,354 - INFO - fl - start - client 7 evaluation metrics: {'train_loss': 182407086461023.25, 'test_acc': 11.35}
2025-05-12 16:58:26,354 - INFO - fl - start - start client 8 training
2025-05-12 16:58:26,354 - INFO - fl - client_local_train - client 8 start local training ...
2025-05-12 16:58:29,195 - INFO - fl - client_local_train - client 8 is attacker, start poisoning model
2025-05-12 16:58:33,396 - INFO - fl - start - end client 8 training
2025-05-12 16:58:33,396 - INFO - fl - start - client 8 evaluation metrics: {'train_loss': 1.3206006157695046e+16, 'test_acc': 9.8}
2025-05-12 16:58:33,396 - INFO - fl - start - start client 9 training
2025-05-12 16:58:33,396 - INFO - fl - client_local_train - client 9 start local training ...
2025-05-12 16:58:35,699 - INFO - fl - start - end client 9 training
2025-05-12 16:58:35,699 - INFO - fl - start - client 9 evaluation metrics: {'train_loss': 364971359914073.06, 'test_acc': 9.82}
2025-05-12 16:58:35,699 - INFO - fl - aggregate_model - start model aggregation...fusion method: dual_defense
2025-05-12 16:58:35,699 - INFO - fl - aggregate_model - start hyper-guard fusion with epsilon 0.01
2025-05-12 16:58:35,699 - INFO - fl - aggregate_model - round 7 attackers: [8, 5]
2025-05-12 16:58:46,901 - DEBUG - util_fusion - fusion_dual_defense - client 0 scores: {0: array([494.00806593]), 1: array([494.01295022]), 2: array([494.07217987]), 3: array([494.0712184]), 4: array([494.06580702]), 5: array([493.97795739]), 6: array([494.07597744]), 7: array([494.06855869]), 8: array([494.02002271]), 9: array([494.04398162])}
2025-05-12 16:58:46,902 - DEBUG - util_fusion - fusion_dual_defense - client 0 norm scores: {0: array([0.30716721]), 1: array([0.3569967]), 2: array([0.9612573]), 3: array([0.9514483]), 4: array([0.89624145]), 5: array([0.]), 6: array([1.]), 7: array([0.92431401]), 8: array([0.42915016]), 9: array([0.67357889])}
2025-05-12 16:58:46,902 - DEBUG - util_fusion - fusion_dual_defense - client 0 similarity threshold: 0.6500154004171341
2025-05-12 16:58:46,902 - INFO - util_fusion - fusion_dual_defense - client 0 selected fusion benigns: [2, 3, 4, 6, 7, 9]
2025-05-12 16:58:46,910 - DEBUG - util_fusion - fusion_dual_defense - client 1 scores: {0: array([494.00806593]), 1: array([494.01295022]), 2: array([494.07217987]), 3: array([494.0712184]), 4: array([494.06580702]), 5: array([493.97795739]), 6: array([494.07597744]), 7: array([494.06855869]), 8: array([494.02002271]), 9: array([494.04398162])}
2025-05-12 16:58:46,911 - DEBUG - util_fusion - fusion_dual_defense - client 1 norm scores: {0: array([0.30716721]), 1: array([0.3569967]), 2: array([0.9612573]), 3: array([0.9514483]), 4: array([0.89624145]), 5: array([0.]), 6: array([1.]), 7: array([0.92431401]), 8: array([0.42915016]), 9: array([0.67357889])}
2025-05-12 16:58:46,911 - DEBUG - util_fusion - fusion_dual_defense - client 1 similarity threshold: 0.6500154004171341
2025-05-12 16:58:46,911 - INFO - util_fusion - fusion_dual_defense - client 1 selected fusion benigns: [2, 3, 4, 6, 7, 9]
2025-05-12 16:58:46,921 - DEBUG - util_fusion - fusion_dual_defense - client 2 scores: {0: array([494.00806593]), 1: array([494.01295022]), 2: array([494.07217987]), 3: array([494.0712184]), 4: array([494.06580702]), 5: array([493.97795739]), 6: array([494.07597744]), 7: array([494.06855869]), 8: array([494.02002271]), 9: array([494.04398162])}
2025-05-12 16:58:46,922 - DEBUG - util_fusion - fusion_dual_defense - client 2 norm scores: {0: array([0.30716721]), 1: array([0.3569967]), 2: array([0.9612573]), 3: array([0.9514483]), 4: array([0.89624145]), 5: array([0.]), 6: array([1.]), 7: array([0.92431401]), 8: array([0.42915016]), 9: array([0.67357889])}
2025-05-12 16:58:46,922 - DEBUG - util_fusion - fusion_dual_defense - client 2 similarity threshold: 0.6500154004171341
2025-05-12 16:58:46,922 - INFO - util_fusion - fusion_dual_defense - client 2 selected fusion benigns: [2, 3, 4, 6, 7, 9]
2025-05-12 16:58:46,930 - DEBUG - util_fusion - fusion_dual_defense - client 3 scores: {0: array([494.00806593]), 1: array([494.01295022]), 2: array([494.07217987]), 3: array([494.0712184]), 4: array([494.06580702]), 5: array([493.97795739]), 6: array([494.07597744]), 7: array([494.06855869]), 8: array([494.02002271]), 9: array([494.04398162])}
2025-05-12 16:58:46,931 - DEBUG - util_fusion - fusion_dual_defense - client 3 norm scores: {0: array([0.30716721]), 1: array([0.3569967]), 2: array([0.9612573]), 3: array([0.9514483]), 4: array([0.89624145]), 5: array([0.]), 6: array([1.]), 7: array([0.92431401]), 8: array([0.42915016]), 9: array([0.67357889])}
2025-05-12 16:58:46,931 - DEBUG - util_fusion - fusion_dual_defense - client 3 similarity threshold: 0.6500154004171341
2025-05-12 16:58:46,931 - INFO - util_fusion - fusion_dual_defense - client 3 selected fusion benigns: [2, 3, 4, 6, 7, 9]
2025-05-12 16:58:46,939 - DEBUG - util_fusion - fusion_dual_defense - client 4 scores: {0: array([494.00806593]), 1: array([494.01295022]), 2: array([494.07217987]), 3: array([494.0712184]), 4: array([494.06580702]), 5: array([493.97795739]), 6: array([494.07597744]), 7: array([494.06855869]), 8: array([494.02002271]), 9: array([494.04398162])}
2025-05-12 16:58:46,940 - DEBUG - util_fusion - fusion_dual_defense - client 4 norm scores: {0: array([0.30716721]), 1: array([0.3569967]), 2: array([0.9612573]), 3: array([0.9514483]), 4: array([0.89624145]), 5: array([0.]), 6: array([1.]), 7: array([0.92431401]), 8: array([0.42915016]), 9: array([0.67357889])}
2025-05-12 16:58:46,940 - DEBUG - util_fusion - fusion_dual_defense - client 4 similarity threshold: 0.6500154004171341
2025-05-12 16:58:46,940 - INFO - util_fusion - fusion_dual_defense - client 4 selected fusion benigns: [2, 3, 4, 6, 7, 9]
2025-05-12 16:58:46,948 - DEBUG - util_fusion - fusion_dual_defense - client 5 scores: {0: array([494.00806593]), 1: array([494.01295022]), 2: array([494.07217987]), 3: array([494.0712184]), 4: array([494.06580702]), 5: array([493.97795739]), 6: array([494.07597744]), 7: array([494.06855869]), 8: array([494.02002271]), 9: array([494.04398162])}
2025-05-12 16:58:46,949 - DEBUG - util_fusion - fusion_dual_defense - client 5 norm scores: {0: array([0.30716721]), 1: array([0.3569967]), 2: array([0.9612573]), 3: array([0.9514483]), 4: array([0.89624145]), 5: array([0.]), 6: array([1.]), 7: array([0.92431401]), 8: array([0.42915016]), 9: array([0.67357889])}
2025-05-12 16:58:46,949 - DEBUG - util_fusion - fusion_dual_defense - client 5 similarity threshold: 0.6500154004171341
2025-05-12 16:58:46,949 - INFO - util_fusion - fusion_dual_defense - client 5 selected fusion benigns: [2, 3, 4, 6, 7, 9]
2025-05-12 16:58:46,957 - DEBUG - util_fusion - fusion_dual_defense - client 6 scores: {0: array([494.00806593]), 1: array([494.01295022]), 2: array([494.07217987]), 3: array([494.0712184]), 4: array([494.06580702]), 5: array([493.97795739]), 6: array([494.07597744]), 7: array([494.06855869]), 8: array([494.02002271]), 9: array([494.04398162])}
2025-05-12 16:58:46,958 - DEBUG - util_fusion - fusion_dual_defense - client 6 norm scores: {0: array([0.30716721]), 1: array([0.3569967]), 2: array([0.9612573]), 3: array([0.9514483]), 4: array([0.89624145]), 5: array([0.]), 6: array([1.]), 7: array([0.92431401]), 8: array([0.42915016]), 9: array([0.67357889])}
2025-05-12 16:58:46,958 - DEBUG - util_fusion - fusion_dual_defense - client 6 similarity threshold: 0.6500154004171341
2025-05-12 16:58:46,958 - INFO - util_fusion - fusion_dual_defense - client 6 selected fusion benigns: [2, 3, 4, 6, 7, 9]
2025-05-12 16:58:46,966 - DEBUG - util_fusion - fusion_dual_defense - client 7 scores: {0: array([494.00806593]), 1: array([494.01295022]), 2: array([494.07217987]), 3: array([494.0712184]), 4: array([494.06580702]), 5: array([493.97795739]), 6: array([494.07597744]), 7: array([494.06855869]), 8: array([494.02002271]), 9: array([494.04398162])}
2025-05-12 16:58:46,967 - DEBUG - util_fusion - fusion_dual_defense - client 7 norm scores: {0: array([0.30716721]), 1: array([0.3569967]), 2: array([0.9612573]), 3: array([0.9514483]), 4: array([0.89624145]), 5: array([0.]), 6: array([1.]), 7: array([0.92431401]), 8: array([0.42915016]), 9: array([0.67357889])}
2025-05-12 16:58:46,967 - DEBUG - util_fusion - fusion_dual_defense - client 7 similarity threshold: 0.6500154004171341
2025-05-12 16:58:46,967 - INFO - util_fusion - fusion_dual_defense - client 7 selected fusion benigns: [2, 3, 4, 6, 7, 9]
2025-05-12 16:58:46,976 - DEBUG - util_fusion - fusion_dual_defense - client 8 scores: {0: array([494.00806593]), 1: array([494.01295022]), 2: array([494.07217987]), 3: array([494.0712184]), 4: array([494.06580702]), 5: array([493.97795739]), 6: array([494.07597744]), 7: array([494.06855869]), 8: array([494.02002271]), 9: array([494.04398162])}
2025-05-12 16:58:46,976 - DEBUG - util_fusion - fusion_dual_defense - client 8 norm scores: {0: array([0.30716721]), 1: array([0.3569967]), 2: array([0.9612573]), 3: array([0.9514483]), 4: array([0.89624145]), 5: array([0.]), 6: array([1.]), 7: array([0.92431401]), 8: array([0.42915016]), 9: array([0.67357889])}
2025-05-12 16:58:46,976 - DEBUG - util_fusion - fusion_dual_defense - client 8 similarity threshold: 0.6500154004171341
2025-05-12 16:58:46,976 - INFO - util_fusion - fusion_dual_defense - client 8 selected fusion benigns: [2, 3, 4, 6, 7, 9]
2025-05-12 16:58:46,985 - DEBUG - util_fusion - fusion_dual_defense - client 9 scores: {0: array([494.00806593]), 1: array([494.01295022]), 2: array([494.07217987]), 3: array([494.0712184]), 4: array([494.06580702]), 5: array([493.97795739]), 6: array([494.07597744]), 7: array([494.06855869]), 8: array([494.02002271]), 9: array([494.04398162])}
2025-05-12 16:58:46,985 - DEBUG - util_fusion - fusion_dual_defense - client 9 norm scores: {0: array([0.30716721]), 1: array([0.3569967]), 2: array([0.9612573]), 3: array([0.9514483]), 4: array([0.89624145]), 5: array([0.]), 6: array([1.]), 7: array([0.92431401]), 8: array([0.42915016]), 9: array([0.67357889])}
2025-05-12 16:58:46,985 - DEBUG - util_fusion - fusion_dual_defense - client 9 similarity threshold: 0.6500154004171341
2025-05-12 16:58:46,985 - INFO - util_fusion - fusion_dual_defense - client 9 selected fusion benigns: [2, 3, 4, 6, 7, 9]
2025-05-12 16:58:46,985 - DEBUG - util_fusion - fusion_dual_defense - final fusion benigns: (2, 3, 4, 6, 7, 9)
2025-05-12 16:58:48,747 - INFO - fl - start - global side -  test accuracy: 9.82
2025-05-12 16:58:48,748 - INFO - fl - start - global side iteration 7 -  test accuracy: 9.82
2025-05-12 16:58:48,748 - INFO - fl - start - start training round 8
2025-05-12 16:58:48,750 - INFO - fl - start - round 8 attackers: [3, 1]
2025-05-12 16:58:48,750 - INFO - fl - start - start client 0 training
2025-05-12 16:58:48,750 - INFO - fl - client_local_train - client 0 start local training ...
2025-05-12 16:58:53,422 - INFO - fl - start - end client 0 training
2025-05-12 16:58:53,422 - INFO - fl - start - client 0 evaluation metrics: {'train_loss': 62829909822668.8, 'test_acc': 9.74}
2025-05-12 16:58:53,422 - INFO - fl - start - start client 1 training
2025-05-12 16:58:53,422 - INFO - fl - client_local_train - client 1 start local training ...
2025-05-12 16:58:55,133 - INFO - fl - client_local_train - client 1 is attacker, start poisoning model
2025-05-12 16:58:58,733 - INFO - fl - start - end client 1 training
2025-05-12 16:58:58,733 - INFO - fl - start - client 1 evaluation metrics: {'train_loss': 5095478130421219.0, 'test_acc': 9.55}
2025-05-12 16:58:58,733 - INFO - fl - start - start client 2 training
2025-05-12 16:58:58,733 - INFO - fl - client_local_train - client 2 start local training ...
2025-05-12 16:59:08,840 - INFO - fl - start - end client 2 training
2025-05-12 16:59:08,840 - INFO - fl - start - client 2 evaluation metrics: {'train_loss': 29869425360588.32, 'test_acc': 10.28}
2025-05-12 16:59:08,840 - INFO - fl - start - start client 3 training
2025-05-12 16:59:08,840 - INFO - fl - client_local_train - client 3 start local training ...
2025-05-12 16:59:13,431 - INFO - fl - client_local_train - client 3 is attacker, start poisoning model
2025-05-12 16:59:18,563 - INFO - fl - start - end client 3 training
2025-05-12 16:59:18,563 - INFO - fl - start - client 3 evaluation metrics: {'train_loss': 4557342088618739.0, 'test_acc': 9.83}
2025-05-12 16:59:18,563 - INFO - fl - start - start client 4 training
2025-05-12 16:59:18,563 - INFO - fl - client_local_train - client 4 start local training ...
2025-05-12 16:59:25,881 - INFO - fl - start - end client 4 training
2025-05-12 16:59:25,881 - INFO - fl - start - client 4 evaluation metrics: {'train_loss': 84232700695855.67, 'test_acc': 8.92}
2025-05-12 16:59:25,881 - INFO - fl - start - start client 5 training
2025-05-12 16:59:25,881 - INFO - fl - client_local_train - client 5 start local training ...
2025-05-12 16:59:31,533 - INFO - fl - start - end client 5 training
2025-05-12 16:59:31,533 - INFO - fl - start - client 5 evaluation metrics: {'train_loss': 157187324068308.12, 'test_acc': 9.58}
2025-05-12 16:59:31,533 - INFO - fl - start - start client 6 training
2025-05-12 16:59:31,533 - INFO - fl - client_local_train - client 6 start local training ...
2025-05-12 16:59:34,993 - INFO - fl - start - end client 6 training
2025-05-12 16:59:34,994 - INFO - fl - start - client 6 evaluation metrics: {'train_loss': 48276112670720.0, 'test_acc': 10.32}
2025-05-12 16:59:34,994 - INFO - fl - start - start client 7 training
2025-05-12 16:59:34,994 - INFO - fl - client_local_train - client 7 start local training ...
2025-05-12 16:59:38,098 - INFO - fl - start - end client 7 training
2025-05-12 16:59:38,098 - INFO - fl - start - client 7 evaluation metrics: {'train_loss': 81960905778866.61, 'test_acc': 10.32}
2025-05-12 16:59:38,098 - INFO - fl - start - start client 8 training
2025-05-12 16:59:38,098 - INFO - fl - client_local_train - client 8 start local training ...
2025-05-12 16:59:43,023 - INFO - fl - start - end client 8 training
2025-05-12 16:59:43,023 - INFO - fl - start - client 8 evaluation metrics: {'train_loss': 80719360713739.77, 'test_acc': 9.8}
2025-05-12 16:59:43,023 - INFO - fl - start - start client 9 training
2025-05-12 16:59:43,023 - INFO - fl - client_local_train - client 9 start local training ...
2025-05-12 16:59:45,294 - INFO - fl - start - end client 9 training
2025-05-12 16:59:45,294 - INFO - fl - start - client 9 evaluation metrics: {'train_loss': 243685946214489.03, 'test_acc': 10.28}
2025-05-12 16:59:45,294 - INFO - fl - aggregate_model - start model aggregation...fusion method: dual_defense
2025-05-12 16:59:45,294 - INFO - fl - aggregate_model - start hyper-guard fusion with epsilon 0.01
2025-05-12 16:59:45,294 - INFO - fl - aggregate_model - round 8 attackers: [1, 3]
2025-05-12 16:59:56,515 - DEBUG - util_fusion - fusion_dual_defense - client 0 scores: {0: array([8962.41299462]), 1: array([8962.30359888]), 2: array([8962.47247113]), 3: array([8962.42293518]), 4: array([8962.3875987]), 5: array([8960.68403795]), 6: array([8961.30458926]), 7: array([8962.36880674]), 8: array([8961.73130509]), 9: array([8962.08962516])}
2025-05-12 16:59:56,515 - DEBUG - util_fusion - fusion_dual_defense - client 0 norm scores: {0: array([0.96674379]), 1: array([0.90557531]), 2: array([1.]), 3: array([0.97230204]), 4: array([0.95254369]), 5: array([0.]), 6: array([0.34698043]), 7: array([0.94203619]), 8: array([0.585578]), 9: array([0.78593219])}
2025-05-12 16:59:56,515 - DEBUG - util_fusion - fusion_dual_defense - client 0 similarity threshold: 0.7457691638745492
2025-05-12 16:59:56,516 - INFO - util_fusion - fusion_dual_defense - client 0 selected fusion benigns: [0, 1, 2, 3, 4, 7, 9]
2025-05-12 16:59:56,524 - DEBUG - util_fusion - fusion_dual_defense - client 1 scores: {0: array([8962.41299462]), 1: array([8962.30359888]), 2: array([8962.47247113]), 3: array([8962.42293518]), 4: array([8962.3875987]), 5: array([8960.68403795]), 6: array([8961.30458926]), 7: array([8962.36880674]), 8: array([8961.73130509]), 9: array([8962.08962516])}
2025-05-12 16:59:56,525 - DEBUG - util_fusion - fusion_dual_defense - client 1 norm scores: {0: array([0.96674379]), 1: array([0.90557531]), 2: array([1.]), 3: array([0.97230204]), 4: array([0.95254369]), 5: array([0.]), 6: array([0.34698043]), 7: array([0.94203619]), 8: array([0.585578]), 9: array([0.78593219])}
2025-05-12 16:59:56,525 - DEBUG - util_fusion - fusion_dual_defense - client 1 similarity threshold: 0.7457691638745492
2025-05-12 16:59:56,525 - INFO - util_fusion - fusion_dual_defense - client 1 selected fusion benigns: [0, 1, 2, 3, 4, 7, 9]
2025-05-12 16:59:56,533 - DEBUG - util_fusion - fusion_dual_defense - client 2 scores: {0: array([8962.41299462]), 1: array([8962.30359888]), 2: array([8962.47247113]), 3: array([8962.42293518]), 4: array([8962.3875987]), 5: array([8960.68403795]), 6: array([8961.30458926]), 7: array([8962.36880674]), 8: array([8961.73130509]), 9: array([8962.08962516])}
2025-05-12 16:59:56,534 - DEBUG - util_fusion - fusion_dual_defense - client 2 norm scores: {0: array([0.96674379]), 1: array([0.90557531]), 2: array([1.]), 3: array([0.97230204]), 4: array([0.95254369]), 5: array([0.]), 6: array([0.34698043]), 7: array([0.94203619]), 8: array([0.585578]), 9: array([0.78593219])}
2025-05-12 16:59:56,534 - DEBUG - util_fusion - fusion_dual_defense - client 2 similarity threshold: 0.7457691638745492
2025-05-12 16:59:56,534 - INFO - util_fusion - fusion_dual_defense - client 2 selected fusion benigns: [0, 1, 2, 3, 4, 7, 9]
2025-05-12 16:59:56,542 - DEBUG - util_fusion - fusion_dual_defense - client 3 scores: {0: array([8962.41299462]), 1: array([8962.30359888]), 2: array([8962.47247113]), 3: array([8962.42293518]), 4: array([8962.3875987]), 5: array([8960.68403795]), 6: array([8961.30458926]), 7: array([8962.36880674]), 8: array([8961.73130509]), 9: array([8962.08962516])}
2025-05-12 16:59:56,543 - DEBUG - util_fusion - fusion_dual_defense - client 3 norm scores: {0: array([0.96674379]), 1: array([0.90557531]), 2: array([1.]), 3: array([0.97230204]), 4: array([0.95254369]), 5: array([0.]), 6: array([0.34698043]), 7: array([0.94203619]), 8: array([0.585578]), 9: array([0.78593219])}
2025-05-12 16:59:56,543 - DEBUG - util_fusion - fusion_dual_defense - client 3 similarity threshold: 0.7457691638745492
2025-05-12 16:59:56,543 - INFO - util_fusion - fusion_dual_defense - client 3 selected fusion benigns: [0, 1, 2, 3, 4, 7, 9]
2025-05-12 16:59:56,551 - DEBUG - util_fusion - fusion_dual_defense - client 4 scores: {0: array([8962.41299462]), 1: array([8962.30359888]), 2: array([8962.47247113]), 3: array([8962.42293518]), 4: array([8962.3875987]), 5: array([8960.68403795]), 6: array([8961.30458926]), 7: array([8962.36880674]), 8: array([8961.73130509]), 9: array([8962.08962516])}
2025-05-12 16:59:56,552 - DEBUG - util_fusion - fusion_dual_defense - client 4 norm scores: {0: array([0.96674379]), 1: array([0.90557531]), 2: array([1.]), 3: array([0.97230204]), 4: array([0.95254369]), 5: array([0.]), 6: array([0.34698043]), 7: array([0.94203619]), 8: array([0.585578]), 9: array([0.78593219])}
2025-05-12 16:59:56,552 - DEBUG - util_fusion - fusion_dual_defense - client 4 similarity threshold: 0.7457691638745492
2025-05-12 16:59:56,552 - INFO - util_fusion - fusion_dual_defense - client 4 selected fusion benigns: [0, 1, 2, 3, 4, 7, 9]
2025-05-12 16:59:56,560 - DEBUG - util_fusion - fusion_dual_defense - client 5 scores: {0: array([8962.41299462]), 1: array([8962.30359888]), 2: array([8962.47247113]), 3: array([8962.42293518]), 4: array([8962.3875987]), 5: array([8960.68403795]), 6: array([8961.30458926]), 7: array([8962.36880674]), 8: array([8961.73130509]), 9: array([8962.08962516])}
2025-05-12 16:59:56,561 - DEBUG - util_fusion - fusion_dual_defense - client 5 norm scores: {0: array([0.96674379]), 1: array([0.90557531]), 2: array([1.]), 3: array([0.97230204]), 4: array([0.95254369]), 5: array([0.]), 6: array([0.34698043]), 7: array([0.94203619]), 8: array([0.585578]), 9: array([0.78593219])}
2025-05-12 16:59:56,561 - DEBUG - util_fusion - fusion_dual_defense - client 5 similarity threshold: 0.7457691638745492
2025-05-12 16:59:56,561 - INFO - util_fusion - fusion_dual_defense - client 5 selected fusion benigns: [0, 1, 2, 3, 4, 7, 9]
2025-05-12 16:59:56,569 - DEBUG - util_fusion - fusion_dual_defense - client 6 scores: {0: array([8962.41299462]), 1: array([8962.30359888]), 2: array([8962.47247113]), 3: array([8962.42293518]), 4: array([8962.3875987]), 5: array([8960.68403795]), 6: array([8961.30458926]), 7: array([8962.36880674]), 8: array([8961.73130509]), 9: array([8962.08962516])}
2025-05-12 16:59:56,570 - DEBUG - util_fusion - fusion_dual_defense - client 6 norm scores: {0: array([0.96674379]), 1: array([0.90557531]), 2: array([1.]), 3: array([0.97230204]), 4: array([0.95254369]), 5: array([0.]), 6: array([0.34698043]), 7: array([0.94203619]), 8: array([0.585578]), 9: array([0.78593219])}
2025-05-12 16:59:56,570 - DEBUG - util_fusion - fusion_dual_defense - client 6 similarity threshold: 0.7457691638745492
2025-05-12 16:59:56,570 - INFO - util_fusion - fusion_dual_defense - client 6 selected fusion benigns: [0, 1, 2, 3, 4, 7, 9]
2025-05-12 16:59:56,578 - DEBUG - util_fusion - fusion_dual_defense - client 7 scores: {0: array([8962.41299462]), 1: array([8962.30359888]), 2: array([8962.47247113]), 3: array([8962.42293518]), 4: array([8962.3875987]), 5: array([8960.68403795]), 6: array([8961.30458926]), 7: array([8962.36880674]), 8: array([8961.73130509]), 9: array([8962.08962516])}
2025-05-12 16:59:56,579 - DEBUG - util_fusion - fusion_dual_defense - client 7 norm scores: {0: array([0.96674379]), 1: array([0.90557531]), 2: array([1.]), 3: array([0.97230204]), 4: array([0.95254369]), 5: array([0.]), 6: array([0.34698043]), 7: array([0.94203619]), 8: array([0.585578]), 9: array([0.78593219])}
2025-05-12 16:59:56,579 - DEBUG - util_fusion - fusion_dual_defense - client 7 similarity threshold: 0.7457691638745492
2025-05-12 16:59:56,579 - INFO - util_fusion - fusion_dual_defense - client 7 selected fusion benigns: [0, 1, 2, 3, 4, 7, 9]
2025-05-12 16:59:56,587 - DEBUG - util_fusion - fusion_dual_defense - client 8 scores: {0: array([8962.41299462]), 1: array([8962.30359888]), 2: array([8962.47247113]), 3: array([8962.42293518]), 4: array([8962.3875987]), 5: array([8960.68403795]), 6: array([8961.30458926]), 7: array([8962.36880674]), 8: array([8961.73130509]), 9: array([8962.08962516])}
2025-05-12 16:59:56,588 - DEBUG - util_fusion - fusion_dual_defense - client 8 norm scores: {0: array([0.96674379]), 1: array([0.90557531]), 2: array([1.]), 3: array([0.97230204]), 4: array([0.95254369]), 5: array([0.]), 6: array([0.34698043]), 7: array([0.94203619]), 8: array([0.585578]), 9: array([0.78593219])}
2025-05-12 16:59:56,588 - DEBUG - util_fusion - fusion_dual_defense - client 8 similarity threshold: 0.7457691638745492
2025-05-12 16:59:56,588 - INFO - util_fusion - fusion_dual_defense - client 8 selected fusion benigns: [0, 1, 2, 3, 4, 7, 9]
2025-05-12 16:59:56,596 - DEBUG - util_fusion - fusion_dual_defense - client 9 scores: {0: array([8962.41299462]), 1: array([8962.30359888]), 2: array([8962.47247113]), 3: array([8962.42293518]), 4: array([8962.3875987]), 5: array([8960.68403795]), 6: array([8961.30458926]), 7: array([8962.36880674]), 8: array([8961.73130509]), 9: array([8962.08962516])}
2025-05-12 16:59:56,597 - DEBUG - util_fusion - fusion_dual_defense - client 9 norm scores: {0: array([0.96674379]), 1: array([0.90557531]), 2: array([1.]), 3: array([0.97230204]), 4: array([0.95254369]), 5: array([0.]), 6: array([0.34698043]), 7: array([0.94203619]), 8: array([0.585578]), 9: array([0.78593219])}
2025-05-12 16:59:56,597 - DEBUG - util_fusion - fusion_dual_defense - client 9 similarity threshold: 0.7457691638745492
2025-05-12 16:59:56,597 - INFO - util_fusion - fusion_dual_defense - client 9 selected fusion benigns: [0, 1, 2, 3, 4, 7, 9]
2025-05-12 16:59:56,597 - DEBUG - util_fusion - fusion_dual_defense - final fusion benigns: (0, 1, 2, 3, 4, 7, 9)
2025-05-12 16:59:58,416 - INFO - fl - start - global side -  test accuracy: 9.82
2025-05-12 16:59:58,416 - INFO - fl - start - global side iteration 8 -  test accuracy: 9.82
2025-05-12 16:59:58,417 - INFO - fl - start - start training round 9
2025-05-12 16:59:58,418 - INFO - fl - start - round 9 attackers: [8, 0]
2025-05-12 16:59:58,418 - INFO - fl - start - start client 0 training
2025-05-12 16:59:58,419 - INFO - fl - client_local_train - client 0 start local training ...
2025-05-12 17:00:01,019 - INFO - fl - client_local_train - client 0 is attacker, start poisoning model
2025-05-12 17:00:05,097 - INFO - fl - start - end client 0 training
2025-05-12 17:00:05,097 - INFO - fl - start - client 0 evaluation metrics: {'train_loss': 2.680951890950226e+16, 'test_acc': 10.31}
2025-05-12 17:00:05,097 - INFO - fl - start - start client 1 training
2025-05-12 17:00:05,097 - INFO - fl - client_local_train - client 1 start local training ...
2025-05-12 17:00:08,616 - INFO - fl - start - end client 1 training
2025-05-12 17:00:08,616 - INFO - fl - start - client 1 evaluation metrics: {'train_loss': 1383838657766767.0, 'test_acc': 9.8}
2025-05-12 17:00:08,616 - INFO - fl - start - start client 2 training
2025-05-12 17:00:08,616 - INFO - fl - client_local_train - client 2 start local training ...
2025-05-12 17:00:18,690 - INFO - fl - start - end client 2 training
2025-05-12 17:00:18,690 - INFO - fl - start - client 2 evaluation metrics: {'train_loss': 573297696638466.4, 'test_acc': 10.28}
2025-05-12 17:00:18,690 - INFO - fl - start - start client 3 training
2025-05-12 17:00:18,690 - INFO - fl - client_local_train - client 3 start local training ...
2025-05-12 17:00:25,853 - INFO - fl - start - end client 3 training
2025-05-12 17:00:25,853 - INFO - fl - start - client 3 evaluation metrics: {'train_loss': 608041934555644.4, 'test_acc': 10.1}
2025-05-12 17:00:25,853 - INFO - fl - start - start client 4 training
2025-05-12 17:00:25,853 - INFO - fl - client_local_train - client 4 start local training ...
2025-05-12 17:00:33,193 - INFO - fl - start - end client 4 training
2025-05-12 17:00:33,193 - INFO - fl - start - client 4 evaluation metrics: {'train_loss': 424355859007247.9, 'test_acc': 9.74}
2025-05-12 17:00:33,193 - INFO - fl - start - start client 5 training
2025-05-12 17:00:33,193 - INFO - fl - client_local_train - client 5 start local training ...
2025-05-12 17:00:38,850 - INFO - fl - start - end client 5 training
2025-05-12 17:00:38,850 - INFO - fl - start - client 5 evaluation metrics: {'train_loss': 394304956362166.9, 'test_acc': 10.09}
2025-05-12 17:00:38,850 - INFO - fl - start - start client 6 training
2025-05-12 17:00:38,850 - INFO - fl - client_local_train - client 6 start local training ...
2025-05-12 17:00:42,336 - INFO - fl - start - end client 6 training
2025-05-12 17:00:42,336 - INFO - fl - start - client 6 evaluation metrics: {'train_loss': 1076334724665028.9, 'test_acc': 11.35}
2025-05-12 17:00:42,336 - INFO - fl - start - start client 7 training
2025-05-12 17:00:42,336 - INFO - fl - client_local_train - client 7 start local training ...
2025-05-12 17:00:45,441 - INFO - fl - start - end client 7 training
2025-05-12 17:00:45,441 - INFO - fl - start - client 7 evaluation metrics: {'train_loss': 1238887898662007.0, 'test_acc': 11.35}
2025-05-12 17:00:45,441 - INFO - fl - start - start client 8 training
2025-05-12 17:00:45,441 - INFO - fl - client_local_train - client 8 start local training ...
2025-05-12 17:00:48,276 - INFO - fl - client_local_train - client 8 is attacker, start poisoning model
2025-05-12 17:00:52,487 - INFO - fl - start - end client 8 training
2025-05-12 17:00:52,487 - INFO - fl - start - client 8 evaluation metrics: {'train_loss': 4.961636172751959e+16, 'test_acc': 10.27}
2025-05-12 17:00:52,488 - INFO - fl - start - start client 9 training
2025-05-12 17:00:52,488 - INFO - fl - client_local_train - client 9 start local training ...
2025-05-12 17:00:54,775 - INFO - fl - start - end client 9 training
2025-05-12 17:00:54,775 - INFO - fl - start - client 9 evaluation metrics: {'train_loss': 904728707311348.9, 'test_acc': 9.58}
2025-05-12 17:00:54,775 - INFO - fl - aggregate_model - start model aggregation...fusion method: dual_defense
2025-05-12 17:00:54,775 - INFO - fl - aggregate_model - start hyper-guard fusion with epsilon 0.01
2025-05-12 17:00:54,775 - INFO - fl - aggregate_model - round 9 attackers: [8, 0]
2025-05-12 17:01:06,010 - DEBUG - util_fusion - fusion_dual_defense - client 0 scores: {0: array([9285.47171851]), 1: array([9285.28722871]), 2: array([9285.48831166]), 3: array([9285.45020286]), 4: array([9285.51719122]), 5: array([9284.5553814]), 6: array([9284.87774424]), 7: array([9285.23931362]), 8: array([9285.02045702]), 9: array([9285.24056258])}
2025-05-12 17:01:06,011 - DEBUG - util_fusion - fusion_dual_defense - client 0 norm scores: {0: array([0.95272173]), 1: array([0.76090647]), 2: array([0.96997374]), 3: array([0.93035177]), 4: array([1.]), 5: array([0.]), 6: array([0.33516276]), 7: array([0.71108883]), 8: array([0.48354219]), 9: array([0.71238739])}
2025-05-12 17:01:06,011 - DEBUG - util_fusion - fusion_dual_defense - client 0 similarity threshold: 0.6856134878025752
2025-05-12 17:01:06,011 - INFO - util_fusion - fusion_dual_defense - client 0 selected fusion benigns: [0, 1, 2, 3, 4, 7, 9]
2025-05-12 17:01:06,020 - DEBUG - util_fusion - fusion_dual_defense - client 1 scores: {0: array([9285.47171851]), 1: array([9285.28722871]), 2: array([9285.48831166]), 3: array([9285.45020286]), 4: array([9285.51719122]), 5: array([9284.5553814]), 6: array([9284.87774424]), 7: array([9285.23931362]), 8: array([9285.02045702]), 9: array([9285.24056258])}
2025-05-12 17:01:06,020 - DEBUG - util_fusion - fusion_dual_defense - client 1 norm scores: {0: array([0.95272173]), 1: array([0.76090647]), 2: array([0.96997374]), 3: array([0.93035177]), 4: array([1.]), 5: array([0.]), 6: array([0.33516276]), 7: array([0.71108883]), 8: array([0.48354219]), 9: array([0.71238739])}
2025-05-12 17:01:06,020 - DEBUG - util_fusion - fusion_dual_defense - client 1 similarity threshold: 0.6856134878025752
2025-05-12 17:01:06,021 - INFO - util_fusion - fusion_dual_defense - client 1 selected fusion benigns: [0, 1, 2, 3, 4, 7, 9]
2025-05-12 17:01:06,029 - DEBUG - util_fusion - fusion_dual_defense - client 2 scores: {0: array([9285.47171851]), 1: array([9285.28722871]), 2: array([9285.48831166]), 3: array([9285.45020286]), 4: array([9285.51719122]), 5: array([9284.5553814]), 6: array([9284.87774424]), 7: array([9285.23931362]), 8: array([9285.02045702]), 9: array([9285.24056258])}
2025-05-12 17:01:06,030 - DEBUG - util_fusion - fusion_dual_defense - client 2 norm scores: {0: array([0.95272173]), 1: array([0.76090647]), 2: array([0.96997374]), 3: array([0.93035177]), 4: array([1.]), 5: array([0.]), 6: array([0.33516276]), 7: array([0.71108883]), 8: array([0.48354219]), 9: array([0.71238739])}
2025-05-12 17:01:06,030 - DEBUG - util_fusion - fusion_dual_defense - client 2 similarity threshold: 0.6856134878025752
2025-05-12 17:01:06,030 - INFO - util_fusion - fusion_dual_defense - client 2 selected fusion benigns: [0, 1, 2, 3, 4, 7, 9]
2025-05-12 17:01:06,038 - DEBUG - util_fusion - fusion_dual_defense - client 3 scores: {0: array([9285.47171851]), 1: array([9285.28722871]), 2: array([9285.48831166]), 3: array([9285.45020286]), 4: array([9285.51719122]), 5: array([9284.5553814]), 6: array([9284.87774424]), 7: array([9285.23931362]), 8: array([9285.02045702]), 9: array([9285.24056258])}
2025-05-12 17:01:06,039 - DEBUG - util_fusion - fusion_dual_defense - client 3 norm scores: {0: array([0.95272173]), 1: array([0.76090647]), 2: array([0.96997374]), 3: array([0.93035177]), 4: array([1.]), 5: array([0.]), 6: array([0.33516276]), 7: array([0.71108883]), 8: array([0.48354219]), 9: array([0.71238739])}
2025-05-12 17:01:06,039 - DEBUG - util_fusion - fusion_dual_defense - client 3 similarity threshold: 0.6856134878025752
2025-05-12 17:01:06,039 - INFO - util_fusion - fusion_dual_defense - client 3 selected fusion benigns: [0, 1, 2, 3, 4, 7, 9]
2025-05-12 17:01:06,047 - DEBUG - util_fusion - fusion_dual_defense - client 4 scores: {0: array([9285.47171851]), 1: array([9285.28722871]), 2: array([9285.48831166]), 3: array([9285.45020286]), 4: array([9285.51719122]), 5: array([9284.5553814]), 6: array([9284.87774424]), 7: array([9285.23931362]), 8: array([9285.02045702]), 9: array([9285.24056258])}
2025-05-12 17:01:06,048 - DEBUG - util_fusion - fusion_dual_defense - client 4 norm scores: {0: array([0.95272173]), 1: array([0.76090647]), 2: array([0.96997374]), 3: array([0.93035177]), 4: array([1.]), 5: array([0.]), 6: array([0.33516276]), 7: array([0.71108883]), 8: array([0.48354219]), 9: array([0.71238739])}
2025-05-12 17:01:06,048 - DEBUG - util_fusion - fusion_dual_defense - client 4 similarity threshold: 0.6856134878025752
2025-05-12 17:01:06,048 - INFO - util_fusion - fusion_dual_defense - client 4 selected fusion benigns: [0, 1, 2, 3, 4, 7, 9]
2025-05-12 17:01:06,056 - DEBUG - util_fusion - fusion_dual_defense - client 5 scores: {0: array([9285.47171851]), 1: array([9285.28722871]), 2: array([9285.48831166]), 3: array([9285.45020286]), 4: array([9285.51719122]), 5: array([9284.5553814]), 6: array([9284.87774424]), 7: array([9285.23931362]), 8: array([9285.02045702]), 9: array([9285.24056258])}
2025-05-12 17:01:06,057 - DEBUG - util_fusion - fusion_dual_defense - client 5 norm scores: {0: array([0.95272173]), 1: array([0.76090647]), 2: array([0.96997374]), 3: array([0.93035177]), 4: array([1.]), 5: array([0.]), 6: array([0.33516276]), 7: array([0.71108883]), 8: array([0.48354219]), 9: array([0.71238739])}
2025-05-12 17:01:06,057 - DEBUG - util_fusion - fusion_dual_defense - client 5 similarity threshold: 0.6856134878025752
2025-05-12 17:01:06,057 - INFO - util_fusion - fusion_dual_defense - client 5 selected fusion benigns: [0, 1, 2, 3, 4, 7, 9]
2025-05-12 17:01:06,065 - DEBUG - util_fusion - fusion_dual_defense - client 6 scores: {0: array([9285.47171851]), 1: array([9285.28722871]), 2: array([9285.48831166]), 3: array([9285.45020286]), 4: array([9285.51719122]), 5: array([9284.5553814]), 6: array([9284.87774424]), 7: array([9285.23931362]), 8: array([9285.02045702]), 9: array([9285.24056258])}
2025-05-12 17:01:06,066 - DEBUG - util_fusion - fusion_dual_defense - client 6 norm scores: {0: array([0.95272173]), 1: array([0.76090647]), 2: array([0.96997374]), 3: array([0.93035177]), 4: array([1.]), 5: array([0.]), 6: array([0.33516276]), 7: array([0.71108883]), 8: array([0.48354219]), 9: array([0.71238739])}
2025-05-12 17:01:06,066 - DEBUG - util_fusion - fusion_dual_defense - client 6 similarity threshold: 0.6856134878025752
2025-05-12 17:01:06,066 - INFO - util_fusion - fusion_dual_defense - client 6 selected fusion benigns: [0, 1, 2, 3, 4, 7, 9]
2025-05-12 17:01:06,074 - DEBUG - util_fusion - fusion_dual_defense - client 7 scores: {0: array([9285.47171851]), 1: array([9285.28722871]), 2: array([9285.48831166]), 3: array([9285.45020286]), 4: array([9285.51719122]), 5: array([9284.5553814]), 6: array([9284.87774424]), 7: array([9285.23931362]), 8: array([9285.02045702]), 9: array([9285.24056258])}
2025-05-12 17:01:06,075 - DEBUG - util_fusion - fusion_dual_defense - client 7 norm scores: {0: array([0.95272173]), 1: array([0.76090647]), 2: array([0.96997374]), 3: array([0.93035177]), 4: array([1.]), 5: array([0.]), 6: array([0.33516276]), 7: array([0.71108883]), 8: array([0.48354219]), 9: array([0.71238739])}
2025-05-12 17:01:06,075 - DEBUG - util_fusion - fusion_dual_defense - client 7 similarity threshold: 0.6856134878025752
2025-05-12 17:01:06,075 - INFO - util_fusion - fusion_dual_defense - client 7 selected fusion benigns: [0, 1, 2, 3, 4, 7, 9]
2025-05-12 17:01:06,083 - DEBUG - util_fusion - fusion_dual_defense - client 8 scores: {0: array([9285.47171851]), 1: array([9285.28722871]), 2: array([9285.48831166]), 3: array([9285.45020286]), 4: array([9285.51719122]), 5: array([9284.5553814]), 6: array([9284.87774424]), 7: array([9285.23931362]), 8: array([9285.02045702]), 9: array([9285.24056258])}
2025-05-12 17:01:06,084 - DEBUG - util_fusion - fusion_dual_defense - client 8 norm scores: {0: array([0.95272173]), 1: array([0.76090647]), 2: array([0.96997374]), 3: array([0.93035177]), 4: array([1.]), 5: array([0.]), 6: array([0.33516276]), 7: array([0.71108883]), 8: array([0.48354219]), 9: array([0.71238739])}
2025-05-12 17:01:06,084 - DEBUG - util_fusion - fusion_dual_defense - client 8 similarity threshold: 0.6856134878025752
2025-05-12 17:01:06,084 - INFO - util_fusion - fusion_dual_defense - client 8 selected fusion benigns: [0, 1, 2, 3, 4, 7, 9]
2025-05-12 17:01:06,092 - DEBUG - util_fusion - fusion_dual_defense - client 9 scores: {0: array([9285.47171851]), 1: array([9285.28722871]), 2: array([9285.48831166]), 3: array([9285.45020286]), 4: array([9285.51719122]), 5: array([9284.5553814]), 6: array([9284.87774424]), 7: array([9285.23931362]), 8: array([9285.02045702]), 9: array([9285.24056258])}
2025-05-12 17:01:06,093 - DEBUG - util_fusion - fusion_dual_defense - client 9 norm scores: {0: array([0.95272173]), 1: array([0.76090647]), 2: array([0.96997374]), 3: array([0.93035177]), 4: array([1.]), 5: array([0.]), 6: array([0.33516276]), 7: array([0.71108883]), 8: array([0.48354219]), 9: array([0.71238739])}
2025-05-12 17:01:06,093 - DEBUG - util_fusion - fusion_dual_defense - client 9 similarity threshold: 0.6856134878025752
2025-05-12 17:01:06,093 - INFO - util_fusion - fusion_dual_defense - client 9 selected fusion benigns: [0, 1, 2, 3, 4, 7, 9]
2025-05-12 17:01:06,093 - DEBUG - util_fusion - fusion_dual_defense - final fusion benigns: (0, 1, 2, 3, 4, 7, 9)
2025-05-12 17:01:07,909 - INFO - fl - start - global side -  test accuracy: 10.32
2025-05-12 17:01:07,909 - INFO - fl - start - global side iteration 9 -  test accuracy: 10.32
2025-05-12 17:01:07,909 - INFO - fl - start - start training round 10
2025-05-12 17:01:07,911 - INFO - fl - start - round 10 attackers: [0, 3]
2025-05-12 17:01:07,911 - INFO - fl - start - start client 0 training
2025-05-12 17:01:07,911 - INFO - fl - client_local_train - client 0 start local training ...
2025-05-12 17:01:10,496 - INFO - fl - client_local_train - client 0 is attacker, start poisoning model
2025-05-12 17:01:14,579 - INFO - fl - start - end client 0 training
2025-05-12 17:01:14,579 - INFO - fl - start - client 0 evaluation metrics: {'train_loss': 9.485175642442957e+16, 'test_acc': 10.31}
2025-05-12 17:01:14,579 - INFO - fl - start - start client 1 training
2025-05-12 17:01:14,579 - INFO - fl - client_local_train - client 1 start local training ...
2025-05-12 17:01:18,101 - INFO - fl - start - end client 1 training
2025-05-12 17:01:18,101 - INFO - fl - start - client 1 evaluation metrics: {'train_loss': 2651974553379279.5, 'test_acc': 9.74}
2025-05-12 17:01:18,102 - INFO - fl - start - start client 2 training
2025-05-12 17:01:18,102 - INFO - fl - client_local_train - client 2 start local training ...
2025-05-12 17:01:28,208 - INFO - fl - start - end client 2 training
2025-05-12 17:01:28,208 - INFO - fl - start - client 2 evaluation metrics: {'train_loss': 1140944269893055.0, 'test_acc': 10.28}
2025-05-12 17:01:28,208 - INFO - fl - start - start client 3 training
2025-05-12 17:01:28,208 - INFO - fl - client_local_train - client 3 start local training ...
2025-05-12 17:01:32,769 - INFO - fl - client_local_train - client 3 is attacker, start poisoning model
2025-05-12 17:01:37,908 - INFO - fl - start - end client 3 training
2025-05-12 17:01:37,908 - INFO - fl - start - client 3 evaluation metrics: {'train_loss': 1.052800402354061e+17, 'test_acc': 10.06}
2025-05-12 17:01:37,908 - INFO - fl - start - start client 4 training
2025-05-12 17:01:37,908 - INFO - fl - client_local_train - client 4 start local training ...
2025-05-12 17:01:45,210 - INFO - fl - start - end client 4 training
2025-05-12 17:01:45,211 - INFO - fl - start - client 4 evaluation metrics: {'train_loss': 1719275246601887.0, 'test_acc': 8.92}
2025-05-12 17:01:45,211 - INFO - fl - start - start client 5 training
2025-05-12 17:01:45,211 - INFO - fl - client_local_train - client 5 start local training ...
2025-05-12 17:01:50,868 - INFO - fl - start - end client 5 training
2025-05-12 17:01:50,868 - INFO - fl - start - client 5 evaluation metrics: {'train_loss': 1566941828100291.0, 'test_acc': 10.09}
2025-05-12 17:01:50,868 - INFO - fl - start - start client 6 training
2025-05-12 17:01:50,868 - INFO - fl - client_local_train - client 6 start local training ...
2025-05-12 17:01:54,323 - INFO - fl - start - end client 6 training
2025-05-12 17:01:54,323 - INFO - fl - start - client 6 evaluation metrics: {'train_loss': 1973676671782597.0, 'test_acc': 10.32}
2025-05-12 17:01:54,323 - INFO - fl - start - start client 7 training
2025-05-12 17:01:54,323 - INFO - fl - client_local_train - client 7 start local training ...
2025-05-12 17:01:57,431 - INFO - fl - start - end client 7 training
2025-05-12 17:01:57,431 - INFO - fl - start - client 7 evaluation metrics: {'train_loss': 1744382389039770.8, 'test_acc': 9.8}
2025-05-12 17:01:57,431 - INFO - fl - start - start client 8 training
2025-05-12 17:01:57,431 - INFO - fl - client_local_train - client 8 start local training ...
2025-05-12 17:02:02,347 - INFO - fl - start - end client 8 training
2025-05-12 17:02:02,347 - INFO - fl - start - client 8 evaluation metrics: {'train_loss': 1148759444481412.5, 'test_acc': 9.8}
2025-05-12 17:02:02,347 - INFO - fl - start - start client 9 training
2025-05-12 17:02:02,347 - INFO - fl - client_local_train - client 9 start local training ...
2025-05-12 17:02:04,624 - INFO - fl - start - end client 9 training
2025-05-12 17:02:04,624 - INFO - fl - start - client 9 evaluation metrics: {'train_loss': 4313414670722805.0, 'test_acc': 9.82}
2025-05-12 17:02:04,624 - INFO - fl - aggregate_model - start model aggregation...fusion method: dual_defense
2025-05-12 17:02:04,624 - INFO - fl - aggregate_model - start hyper-guard fusion with epsilon 0.01
2025-05-12 17:02:04,624 - INFO - fl - aggregate_model - round 10 attackers: [0, 3]
2025-05-12 17:02:15,843 - DEBUG - util_fusion - fusion_dual_defense - client 0 scores: {0: array([7595.00632027]), 1: array([7595.02834369]), 2: array([7595.00061161]), 3: array([7595.07044754]), 4: array([7595.0389627]), 5: array([7594.75929306]), 6: array([7595.0293976]), 7: array([7594.91907607]), 8: array([7595.04172549]), 9: array([7594.47302875])}
2025-05-12 17:02:15,843 - DEBUG - util_fusion - fusion_dual_defense - client 0 norm scores: {0: array([0.89265944]), 1: array([0.92952373]), 2: array([0.8831039]), 3: array([1.]), 4: array([0.94729854]), 5: array([0.47916858]), 6: array([0.93128784]), 7: array([0.74662419]), 8: array([0.9519231]), 9: array([0.])}
2025-05-12 17:02:15,844 - DEBUG - util_fusion - fusion_dual_defense - client 0 similarity threshold: 0.7761589327739463
2025-05-12 17:02:15,844 - INFO - util_fusion - fusion_dual_defense - client 0 selected fusion benigns: [0, 1, 2, 3, 4, 6, 8]
2025-05-12 17:02:15,852 - DEBUG - util_fusion - fusion_dual_defense - client 1 scores: {0: array([7595.00632027]), 1: array([7595.02834369]), 2: array([7595.00061161]), 3: array([7595.07044754]), 4: array([7595.0389627]), 5: array([7594.75929306]), 6: array([7595.0293976]), 7: array([7594.91907607]), 8: array([7595.04172549]), 9: array([7594.47302875])}
2025-05-12 17:02:15,853 - DEBUG - util_fusion - fusion_dual_defense - client 1 norm scores: {0: array([0.89265944]), 1: array([0.92952373]), 2: array([0.8831039]), 3: array([1.]), 4: array([0.94729854]), 5: array([0.47916858]), 6: array([0.93128784]), 7: array([0.74662419]), 8: array([0.9519231]), 9: array([0.])}
2025-05-12 17:02:15,853 - DEBUG - util_fusion - fusion_dual_defense - client 1 similarity threshold: 0.7761589327739463
2025-05-12 17:02:15,853 - INFO - util_fusion - fusion_dual_defense - client 1 selected fusion benigns: [0, 1, 2, 3, 4, 6, 8]
2025-05-12 17:02:15,861 - DEBUG - util_fusion - fusion_dual_defense - client 2 scores: {0: array([7595.00632027]), 1: array([7595.02834369]), 2: array([7595.00061161]), 3: array([7595.07044754]), 4: array([7595.0389627]), 5: array([7594.75929306]), 6: array([7595.0293976]), 7: array([7594.91907607]), 8: array([7595.04172549]), 9: array([7594.47302875])}
2025-05-12 17:02:15,862 - DEBUG - util_fusion - fusion_dual_defense - client 2 norm scores: {0: array([0.89265944]), 1: array([0.92952373]), 2: array([0.8831039]), 3: array([1.]), 4: array([0.94729854]), 5: array([0.47916858]), 6: array([0.93128784]), 7: array([0.74662419]), 8: array([0.9519231]), 9: array([0.])}
2025-05-12 17:02:15,862 - DEBUG - util_fusion - fusion_dual_defense - client 2 similarity threshold: 0.7761589327739463
2025-05-12 17:02:15,862 - INFO - util_fusion - fusion_dual_defense - client 2 selected fusion benigns: [0, 1, 2, 3, 4, 6, 8]
2025-05-12 17:02:15,870 - DEBUG - util_fusion - fusion_dual_defense - client 3 scores: {0: array([7595.00632027]), 1: array([7595.02834369]), 2: array([7595.00061161]), 3: array([7595.07044754]), 4: array([7595.0389627]), 5: array([7594.75929306]), 6: array([7595.0293976]), 7: array([7594.91907607]), 8: array([7595.04172549]), 9: array([7594.47302875])}
2025-05-12 17:02:15,871 - DEBUG - util_fusion - fusion_dual_defense - client 3 norm scores: {0: array([0.89265944]), 1: array([0.92952373]), 2: array([0.8831039]), 3: array([1.]), 4: array([0.94729854]), 5: array([0.47916858]), 6: array([0.93128784]), 7: array([0.74662419]), 8: array([0.9519231]), 9: array([0.])}
2025-05-12 17:02:15,871 - DEBUG - util_fusion - fusion_dual_defense - client 3 similarity threshold: 0.7761589327739463
2025-05-12 17:02:15,871 - INFO - util_fusion - fusion_dual_defense - client 3 selected fusion benigns: [0, 1, 2, 3, 4, 6, 8]
2025-05-12 17:02:15,879 - DEBUG - util_fusion - fusion_dual_defense - client 4 scores: {0: array([7595.00632027]), 1: array([7595.02834369]), 2: array([7595.00061161]), 3: array([7595.07044754]), 4: array([7595.0389627]), 5: array([7594.75929306]), 6: array([7595.0293976]), 7: array([7594.91907607]), 8: array([7595.04172549]), 9: array([7594.47302875])}
2025-05-12 17:02:15,880 - DEBUG - util_fusion - fusion_dual_defense - client 4 norm scores: {0: array([0.89265944]), 1: array([0.92952373]), 2: array([0.8831039]), 3: array([1.]), 4: array([0.94729854]), 5: array([0.47916858]), 6: array([0.93128784]), 7: array([0.74662419]), 8: array([0.9519231]), 9: array([0.])}
2025-05-12 17:02:15,880 - DEBUG - util_fusion - fusion_dual_defense - client 4 similarity threshold: 0.7761589327739463
2025-05-12 17:02:15,880 - INFO - util_fusion - fusion_dual_defense - client 4 selected fusion benigns: [0, 1, 2, 3, 4, 6, 8]
2025-05-12 17:02:15,888 - DEBUG - util_fusion - fusion_dual_defense - client 5 scores: {0: array([7595.00632027]), 1: array([7595.02834369]), 2: array([7595.00061161]), 3: array([7595.07044754]), 4: array([7595.0389627]), 5: array([7594.75929306]), 6: array([7595.0293976]), 7: array([7594.91907607]), 8: array([7595.04172549]), 9: array([7594.47302875])}
2025-05-12 17:02:15,889 - DEBUG - util_fusion - fusion_dual_defense - client 5 norm scores: {0: array([0.89265944]), 1: array([0.92952373]), 2: array([0.8831039]), 3: array([1.]), 4: array([0.94729854]), 5: array([0.47916858]), 6: array([0.93128784]), 7: array([0.74662419]), 8: array([0.9519231]), 9: array([0.])}
2025-05-12 17:02:15,889 - DEBUG - util_fusion - fusion_dual_defense - client 5 similarity threshold: 0.7761589327739463
2025-05-12 17:02:15,889 - INFO - util_fusion - fusion_dual_defense - client 5 selected fusion benigns: [0, 1, 2, 3, 4, 6, 8]
2025-05-12 17:02:15,897 - DEBUG - util_fusion - fusion_dual_defense - client 6 scores: {0: array([7595.00632027]), 1: array([7595.02834369]), 2: array([7595.00061161]), 3: array([7595.07044754]), 4: array([7595.0389627]), 5: array([7594.75929306]), 6: array([7595.0293976]), 7: array([7594.91907607]), 8: array([7595.04172549]), 9: array([7594.47302875])}
2025-05-12 17:02:15,898 - DEBUG - util_fusion - fusion_dual_defense - client 6 norm scores: {0: array([0.89265944]), 1: array([0.92952373]), 2: array([0.8831039]), 3: array([1.]), 4: array([0.94729854]), 5: array([0.47916858]), 6: array([0.93128784]), 7: array([0.74662419]), 8: array([0.9519231]), 9: array([0.])}
2025-05-12 17:02:15,898 - DEBUG - util_fusion - fusion_dual_defense - client 6 similarity threshold: 0.7761589327739463
2025-05-12 17:02:15,898 - INFO - util_fusion - fusion_dual_defense - client 6 selected fusion benigns: [0, 1, 2, 3, 4, 6, 8]
2025-05-12 17:02:15,906 - DEBUG - util_fusion - fusion_dual_defense - client 7 scores: {0: array([7595.00632027]), 1: array([7595.02834369]), 2: array([7595.00061161]), 3: array([7595.07044754]), 4: array([7595.0389627]), 5: array([7594.75929306]), 6: array([7595.0293976]), 7: array([7594.91907607]), 8: array([7595.04172549]), 9: array([7594.47302875])}
2025-05-12 17:02:15,907 - DEBUG - util_fusion - fusion_dual_defense - client 7 norm scores: {0: array([0.89265944]), 1: array([0.92952373]), 2: array([0.8831039]), 3: array([1.]), 4: array([0.94729854]), 5: array([0.47916858]), 6: array([0.93128784]), 7: array([0.74662419]), 8: array([0.9519231]), 9: array([0.])}
2025-05-12 17:02:15,907 - DEBUG - util_fusion - fusion_dual_defense - client 7 similarity threshold: 0.7761589327739463
2025-05-12 17:02:15,907 - INFO - util_fusion - fusion_dual_defense - client 7 selected fusion benigns: [0, 1, 2, 3, 4, 6, 8]
2025-05-12 17:02:15,915 - DEBUG - util_fusion - fusion_dual_defense - client 8 scores: {0: array([7595.00632027]), 1: array([7595.02834369]), 2: array([7595.00061161]), 3: array([7595.07044754]), 4: array([7595.0389627]), 5: array([7594.75929306]), 6: array([7595.0293976]), 7: array([7594.91907607]), 8: array([7595.04172549]), 9: array([7594.47302875])}
2025-05-12 17:02:15,916 - DEBUG - util_fusion - fusion_dual_defense - client 8 norm scores: {0: array([0.89265944]), 1: array([0.92952373]), 2: array([0.8831039]), 3: array([1.]), 4: array([0.94729854]), 5: array([0.47916858]), 6: array([0.93128784]), 7: array([0.74662419]), 8: array([0.9519231]), 9: array([0.])}
2025-05-12 17:02:15,916 - DEBUG - util_fusion - fusion_dual_defense - client 8 similarity threshold: 0.7761589327739463
2025-05-12 17:02:15,916 - INFO - util_fusion - fusion_dual_defense - client 8 selected fusion benigns: [0, 1, 2, 3, 4, 6, 8]
2025-05-12 17:02:15,924 - DEBUG - util_fusion - fusion_dual_defense - client 9 scores: {0: array([7595.00632027]), 1: array([7595.02834369]), 2: array([7595.00061161]), 3: array([7595.07044754]), 4: array([7595.0389627]), 5: array([7594.75929306]), 6: array([7595.0293976]), 7: array([7594.91907607]), 8: array([7595.04172549]), 9: array([7594.47302875])}
2025-05-12 17:02:15,925 - DEBUG - util_fusion - fusion_dual_defense - client 9 norm scores: {0: array([0.89265944]), 1: array([0.92952373]), 2: array([0.8831039]), 3: array([1.]), 4: array([0.94729854]), 5: array([0.47916858]), 6: array([0.93128784]), 7: array([0.74662419]), 8: array([0.9519231]), 9: array([0.])}
2025-05-12 17:02:15,925 - DEBUG - util_fusion - fusion_dual_defense - client 9 similarity threshold: 0.7761589327739463
2025-05-12 17:02:15,925 - INFO - util_fusion - fusion_dual_defense - client 9 selected fusion benigns: [0, 1, 2, 3, 4, 6, 8]
2025-05-12 17:02:15,925 - DEBUG - util_fusion - fusion_dual_defense - final fusion benigns: (0, 1, 2, 3, 4, 6, 8)
2025-05-12 17:02:17,743 - INFO - fl - start - global side -  test accuracy: 11.35
2025-05-12 17:02:17,743 - INFO - fl - start - global side iteration 10 -  test accuracy: 11.35
2025-05-12 17:02:17,743 - INFO - fl - start - start training round 11
2025-05-12 17:02:17,745 - INFO - fl - start - round 11 attackers: [7, 0]
2025-05-12 17:02:17,745 - INFO - fl - start - start client 0 training
2025-05-12 17:02:17,745 - INFO - fl - client_local_train - client 0 start local training ...
2025-05-12 17:02:20,345 - INFO - fl - client_local_train - client 0 is attacker, start poisoning model
2025-05-12 17:02:24,428 - INFO - fl - start - end client 0 training
2025-05-12 17:02:24,428 - INFO - fl - start - client 0 evaluation metrics: {'train_loss': 7.815776645385551e+17, 'test_acc': 9.8}
2025-05-12 17:02:24,428 - INFO - fl - start - start client 1 training
2025-05-12 17:02:24,428 - INFO - fl - client_local_train - client 1 start local training ...
2025-05-12 17:02:27,938 - INFO - fl - start - end client 1 training
2025-05-12 17:02:27,938 - INFO - fl - start - client 1 evaluation metrics: {'train_loss': 9956344290206468.0, 'test_acc': 9.74}
2025-05-12 17:02:27,938 - INFO - fl - start - start client 2 training
2025-05-12 17:02:27,938 - INFO - fl - client_local_train - client 2 start local training ...
2025-05-12 17:02:38,006 - INFO - fl - start - end client 2 training
2025-05-12 17:02:38,006 - INFO - fl - start - client 2 evaluation metrics: {'train_loss': 6218525625415882.0, 'test_acc': 10.28}
2025-05-12 17:02:38,006 - INFO - fl - start - start client 3 training
2025-05-12 17:02:38,006 - INFO - fl - client_local_train - client 3 start local training ...
2025-05-12 17:02:45,153 - INFO - fl - start - end client 3 training
2025-05-12 17:02:45,153 - INFO - fl - start - client 3 evaluation metrics: {'train_loss': 1.1205776435294238e+16, 'test_acc': 11.35}
2025-05-12 17:02:45,153 - INFO - fl - start - start client 4 training
2025-05-12 17:02:45,153 - INFO - fl - client_local_train - client 4 start local training ...
2025-05-12 17:02:52,446 - INFO - fl - start - end client 4 training
2025-05-12 17:02:52,446 - INFO - fl - start - client 4 evaluation metrics: {'train_loss': 2.357555464318168e+16, 'test_acc': 8.92}
2025-05-12 17:02:52,446 - INFO - fl - start - start client 5 training
2025-05-12 17:02:52,446 - INFO - fl - client_local_train - client 5 start local training ...
2025-05-12 17:02:58,097 - INFO - fl - start - end client 5 training
2025-05-12 17:02:58,097 - INFO - fl - start - client 5 evaluation metrics: {'train_loss': 1.3609965330878268e+16, 'test_acc': 9.58}
2025-05-12 17:02:58,097 - INFO - fl - start - start client 6 training
2025-05-12 17:02:58,097 - INFO - fl - client_local_train - client 6 start local training ...
2025-05-12 17:03:01,550 - INFO - fl - start - end client 6 training
2025-05-12 17:03:01,550 - INFO - fl - start - client 6 evaluation metrics: {'train_loss': 1.833716298910169e+16, 'test_acc': 10.1}
2025-05-12 17:03:01,550 - INFO - fl - start - start client 7 training
2025-05-12 17:03:01,550 - INFO - fl - client_local_train - client 7 start local training ...
2025-05-12 17:03:02,936 - INFO - fl - client_local_train - client 7 is attacker, start poisoning model
2025-05-12 17:03:06,376 - INFO - fl - start - end client 7 training
2025-05-12 17:03:06,376 - INFO - fl - start - client 7 evaluation metrics: {'train_loss': 7.021527424877138e+17, 'test_acc': 10.33}
2025-05-12 17:03:06,376 - INFO - fl - start - start client 8 training
2025-05-12 17:03:06,376 - INFO - fl - client_local_train - client 8 start local training ...
2025-05-12 17:03:11,300 - INFO - fl - start - end client 8 training
2025-05-12 17:03:11,300 - INFO - fl - start - client 8 evaluation metrics: {'train_loss': 1.3514337959847112e+16, 'test_acc': 9.8}
2025-05-12 17:03:11,300 - INFO - fl - start - start client 9 training
2025-05-12 17:03:11,300 - INFO - fl - client_local_train - client 9 start local training ...
2025-05-12 17:03:13,596 - INFO - fl - start - end client 9 training
2025-05-12 17:03:13,596 - INFO - fl - start - client 9 evaluation metrics: {'train_loss': 1.654232325820879e+16, 'test_acc': 9.58}
2025-05-12 17:03:13,596 - INFO - fl - aggregate_model - start model aggregation...fusion method: dual_defense
2025-05-12 17:03:13,596 - INFO - fl - aggregate_model - start hyper-guard fusion with epsilon 0.01
2025-05-12 17:03:13,596 - INFO - fl - aggregate_model - round 11 attackers: [0, 7]
2025-05-12 17:03:24,851 - DEBUG - util_fusion - fusion_dual_defense - client 0 scores: {0: array([14892.32830968]), 1: array([14892.26537835]), 2: array([14892.8368393]), 3: array([14892.67722741]), 4: array([14892.6966156]), 5: array([14892.06040081]), 6: array([14892.77391974]), 7: array([14892.67976865]), 8: array([14892.48590597]), 9: array([14892.56534399])}
2025-05-12 17:03:24,852 - DEBUG - util_fusion - fusion_dual_defense - client 0 norm scores: {0: array([0.34504841]), 1: array([0.26399715]), 2: array([1.]), 3: array([0.79443073]), 4: array([0.81940141]), 5: array([0.]), 6: array([0.91896389]), 7: array([0.79770367]), 8: array([0.54802173]), 9: array([0.6503325])}
2025-05-12 17:03:24,852 - DEBUG - util_fusion - fusion_dual_defense - client 0 similarity threshold: 0.6137899472509811
2025-05-12 17:03:24,852 - INFO - util_fusion - fusion_dual_defense - client 0 selected fusion benigns: [2, 3, 4, 6, 7, 9]
2025-05-12 17:03:24,860 - DEBUG - util_fusion - fusion_dual_defense - client 1 scores: {0: array([14892.32830968]), 1: array([14892.26537835]), 2: array([14892.8368393]), 3: array([14892.67722741]), 4: array([14892.6966156]), 5: array([14892.06040081]), 6: array([14892.77391974]), 7: array([14892.67976865]), 8: array([14892.48590597]), 9: array([14892.56534399])}
2025-05-12 17:03:24,861 - DEBUG - util_fusion - fusion_dual_defense - client 1 norm scores: {0: array([0.34504841]), 1: array([0.26399715]), 2: array([1.]), 3: array([0.79443073]), 4: array([0.81940141]), 5: array([0.]), 6: array([0.91896389]), 7: array([0.79770367]), 8: array([0.54802173]), 9: array([0.6503325])}
2025-05-12 17:03:24,861 - DEBUG - util_fusion - fusion_dual_defense - client 1 similarity threshold: 0.6137899472509811
2025-05-12 17:03:24,861 - INFO - util_fusion - fusion_dual_defense - client 1 selected fusion benigns: [2, 3, 4, 6, 7, 9]
2025-05-12 17:03:24,870 - DEBUG - util_fusion - fusion_dual_defense - client 2 scores: {0: array([14892.32830968]), 1: array([14892.26537835]), 2: array([14892.8368393]), 3: array([14892.67722741]), 4: array([14892.6966156]), 5: array([14892.06040081]), 6: array([14892.77391974]), 7: array([14892.67976865]), 8: array([14892.48590597]), 9: array([14892.56534399])}
2025-05-12 17:03:24,870 - DEBUG - util_fusion - fusion_dual_defense - client 2 norm scores: {0: array([0.34504841]), 1: array([0.26399715]), 2: array([1.]), 3: array([0.79443073]), 4: array([0.81940141]), 5: array([0.]), 6: array([0.91896389]), 7: array([0.79770367]), 8: array([0.54802173]), 9: array([0.6503325])}
2025-05-12 17:03:24,870 - DEBUG - util_fusion - fusion_dual_defense - client 2 similarity threshold: 0.6137899472509811
2025-05-12 17:03:24,870 - INFO - util_fusion - fusion_dual_defense - client 2 selected fusion benigns: [2, 3, 4, 6, 7, 9]
2025-05-12 17:03:24,879 - DEBUG - util_fusion - fusion_dual_defense - client 3 scores: {0: array([14892.32830968]), 1: array([14892.26537835]), 2: array([14892.8368393]), 3: array([14892.67722741]), 4: array([14892.6966156]), 5: array([14892.06040081]), 6: array([14892.77391974]), 7: array([14892.67976865]), 8: array([14892.48590597]), 9: array([14892.56534399])}
2025-05-12 17:03:24,879 - DEBUG - util_fusion - fusion_dual_defense - client 3 norm scores: {0: array([0.34504841]), 1: array([0.26399715]), 2: array([1.]), 3: array([0.79443073]), 4: array([0.81940141]), 5: array([0.]), 6: array([0.91896389]), 7: array([0.79770367]), 8: array([0.54802173]), 9: array([0.6503325])}
2025-05-12 17:03:24,879 - DEBUG - util_fusion - fusion_dual_defense - client 3 similarity threshold: 0.6137899472509811
2025-05-12 17:03:24,879 - INFO - util_fusion - fusion_dual_defense - client 3 selected fusion benigns: [2, 3, 4, 6, 7, 9]
2025-05-12 17:03:24,888 - DEBUG - util_fusion - fusion_dual_defense - client 4 scores: {0: array([14892.32830968]), 1: array([14892.26537835]), 2: array([14892.8368393]), 3: array([14892.67722741]), 4: array([14892.6966156]), 5: array([14892.06040081]), 6: array([14892.77391974]), 7: array([14892.67976865]), 8: array([14892.48590597]), 9: array([14892.56534399])}
2025-05-12 17:03:24,888 - DEBUG - util_fusion - fusion_dual_defense - client 4 norm scores: {0: array([0.34504841]), 1: array([0.26399715]), 2: array([1.]), 3: array([0.79443073]), 4: array([0.81940141]), 5: array([0.]), 6: array([0.91896389]), 7: array([0.79770367]), 8: array([0.54802173]), 9: array([0.6503325])}
2025-05-12 17:03:24,888 - DEBUG - util_fusion - fusion_dual_defense - client 4 similarity threshold: 0.6137899472509811
2025-05-12 17:03:24,888 - INFO - util_fusion - fusion_dual_defense - client 4 selected fusion benigns: [2, 3, 4, 6, 7, 9]
2025-05-12 17:03:24,897 - DEBUG - util_fusion - fusion_dual_defense - client 5 scores: {0: array([14892.32830968]), 1: array([14892.26537835]), 2: array([14892.8368393]), 3: array([14892.67722741]), 4: array([14892.6966156]), 5: array([14892.06040081]), 6: array([14892.77391974]), 7: array([14892.67976865]), 8: array([14892.48590597]), 9: array([14892.56534399])}
2025-05-12 17:03:24,897 - DEBUG - util_fusion - fusion_dual_defense - client 5 norm scores: {0: array([0.34504841]), 1: array([0.26399715]), 2: array([1.]), 3: array([0.79443073]), 4: array([0.81940141]), 5: array([0.]), 6: array([0.91896389]), 7: array([0.79770367]), 8: array([0.54802173]), 9: array([0.6503325])}
2025-05-12 17:03:24,897 - DEBUG - util_fusion - fusion_dual_defense - client 5 similarity threshold: 0.6137899472509811
2025-05-12 17:03:24,897 - INFO - util_fusion - fusion_dual_defense - client 5 selected fusion benigns: [2, 3, 4, 6, 7, 9]
2025-05-12 17:03:24,906 - DEBUG - util_fusion - fusion_dual_defense - client 6 scores: {0: array([14892.32830968]), 1: array([14892.26537835]), 2: array([14892.8368393]), 3: array([14892.67722741]), 4: array([14892.6966156]), 5: array([14892.06040081]), 6: array([14892.77391974]), 7: array([14892.67976865]), 8: array([14892.48590597]), 9: array([14892.56534399])}
2025-05-12 17:03:24,906 - DEBUG - util_fusion - fusion_dual_defense - client 6 norm scores: {0: array([0.34504841]), 1: array([0.26399715]), 2: array([1.]), 3: array([0.79443073]), 4: array([0.81940141]), 5: array([0.]), 6: array([0.91896389]), 7: array([0.79770367]), 8: array([0.54802173]), 9: array([0.6503325])}
2025-05-12 17:03:24,906 - DEBUG - util_fusion - fusion_dual_defense - client 6 similarity threshold: 0.6137899472509811
2025-05-12 17:03:24,906 - INFO - util_fusion - fusion_dual_defense - client 6 selected fusion benigns: [2, 3, 4, 6, 7, 9]
2025-05-12 17:03:24,915 - DEBUG - util_fusion - fusion_dual_defense - client 7 scores: {0: array([14892.32830968]), 1: array([14892.26537835]), 2: array([14892.8368393]), 3: array([14892.67722741]), 4: array([14892.6966156]), 5: array([14892.06040081]), 6: array([14892.77391974]), 7: array([14892.67976865]), 8: array([14892.48590597]), 9: array([14892.56534399])}
2025-05-12 17:03:24,915 - DEBUG - util_fusion - fusion_dual_defense - client 7 norm scores: {0: array([0.34504841]), 1: array([0.26399715]), 2: array([1.]), 3: array([0.79443073]), 4: array([0.81940141]), 5: array([0.]), 6: array([0.91896389]), 7: array([0.79770367]), 8: array([0.54802173]), 9: array([0.6503325])}
2025-05-12 17:03:24,915 - DEBUG - util_fusion - fusion_dual_defense - client 7 similarity threshold: 0.6137899472509811
2025-05-12 17:03:24,915 - INFO - util_fusion - fusion_dual_defense - client 7 selected fusion benigns: [2, 3, 4, 6, 7, 9]
2025-05-12 17:03:24,924 - DEBUG - util_fusion - fusion_dual_defense - client 8 scores: {0: array([14892.32830968]), 1: array([14892.26537835]), 2: array([14892.8368393]), 3: array([14892.67722741]), 4: array([14892.6966156]), 5: array([14892.06040081]), 6: array([14892.77391974]), 7: array([14892.67976865]), 8: array([14892.48590597]), 9: array([14892.56534399])}
2025-05-12 17:03:24,924 - DEBUG - util_fusion - fusion_dual_defense - client 8 norm scores: {0: array([0.34504841]), 1: array([0.26399715]), 2: array([1.]), 3: array([0.79443073]), 4: array([0.81940141]), 5: array([0.]), 6: array([0.91896389]), 7: array([0.79770367]), 8: array([0.54802173]), 9: array([0.6503325])}
2025-05-12 17:03:24,924 - DEBUG - util_fusion - fusion_dual_defense - client 8 similarity threshold: 0.6137899472509811
2025-05-12 17:03:24,924 - INFO - util_fusion - fusion_dual_defense - client 8 selected fusion benigns: [2, 3, 4, 6, 7, 9]
2025-05-12 17:03:24,933 - DEBUG - util_fusion - fusion_dual_defense - client 9 scores: {0: array([14892.32830968]), 1: array([14892.26537835]), 2: array([14892.8368393]), 3: array([14892.67722741]), 4: array([14892.6966156]), 5: array([14892.06040081]), 6: array([14892.77391974]), 7: array([14892.67976865]), 8: array([14892.48590597]), 9: array([14892.56534399])}
2025-05-12 17:03:24,933 - DEBUG - util_fusion - fusion_dual_defense - client 9 norm scores: {0: array([0.34504841]), 1: array([0.26399715]), 2: array([1.]), 3: array([0.79443073]), 4: array([0.81940141]), 5: array([0.]), 6: array([0.91896389]), 7: array([0.79770367]), 8: array([0.54802173]), 9: array([0.6503325])}
2025-05-12 17:03:24,933 - DEBUG - util_fusion - fusion_dual_defense - client 9 similarity threshold: 0.6137899472509811
2025-05-12 17:03:24,933 - INFO - util_fusion - fusion_dual_defense - client 9 selected fusion benigns: [2, 3, 4, 6, 7, 9]
2025-05-12 17:03:24,933 - DEBUG - util_fusion - fusion_dual_defense - final fusion benigns: (2, 3, 4, 6, 7, 9)
2025-05-12 17:03:26,695 - INFO - fl - start - global side -  test accuracy: 8.94
2025-05-12 17:03:26,695 - INFO - fl - start - global side iteration 11 -  test accuracy: 8.94
2025-05-12 17:03:26,696 - INFO - fl - start - start training round 12
2025-05-12 17:03:26,697 - INFO - fl - start - round 12 attackers: [6, 9]
2025-05-12 17:03:26,697 - INFO - fl - start - start client 0 training
2025-05-12 17:03:26,697 - INFO - fl - client_local_train - client 0 start local training ...
2025-05-12 17:03:31,312 - INFO - fl - start - end client 0 training
2025-05-12 17:03:31,313 - INFO - fl - start - client 0 evaluation metrics: {'train_loss': 1.8306841114679704e+16, 'test_acc': 10.3}
2025-05-12 17:03:31,313 - INFO - fl - start - start client 1 training
2025-05-12 17:03:31,313 - INFO - fl - client_local_train - client 1 start local training ...
2025-05-12 17:03:34,842 - INFO - fl - start - end client 1 training
2025-05-12 17:03:34,842 - INFO - fl - start - client 1 evaluation metrics: {'train_loss': 1.9269209347563364e+16, 'test_acc': 9.61}
2025-05-12 17:03:34,842 - INFO - fl - start - start client 2 training
2025-05-12 17:03:34,842 - INFO - fl - client_local_train - client 2 start local training ...
2025-05-12 17:03:44,971 - INFO - fl - start - end client 2 training
2025-05-12 17:03:44,971 - INFO - fl - start - client 2 evaluation metrics: {'train_loss': 2.07916363145236e+16, 'test_acc': 10.29}
2025-05-12 17:03:44,971 - INFO - fl - start - start client 3 training
2025-05-12 17:03:44,971 - INFO - fl - client_local_train - client 3 start local training ...
2025-05-12 17:03:52,184 - INFO - fl - start - end client 3 training
2025-05-12 17:03:52,184 - INFO - fl - start - client 3 evaluation metrics: {'train_loss': 1.2160276008513566e+16, 'test_acc': 9.79}
2025-05-12 17:03:52,184 - INFO - fl - start - start client 4 training
2025-05-12 17:03:52,184 - INFO - fl - client_local_train - client 4 start local training ...
2025-05-12 17:03:59,474 - INFO - fl - start - end client 4 training
2025-05-12 17:03:59,474 - INFO - fl - start - client 4 evaluation metrics: {'train_loss': 1.4814004169441054e+16, 'test_acc': 8.92}
2025-05-12 17:03:59,474 - INFO - fl - start - start client 5 training
2025-05-12 17:03:59,474 - INFO - fl - client_local_train - client 5 start local training ...
2025-05-12 17:04:05,131 - INFO - fl - start - end client 5 training
2025-05-12 17:04:05,132 - INFO - fl - start - client 5 evaluation metrics: {'train_loss': 2.1157337035597416e+16, 'test_acc': 9.59}
2025-05-12 17:04:05,132 - INFO - fl - start - start client 6 training
2025-05-12 17:04:05,132 - INFO - fl - client_local_train - client 6 start local training ...
2025-05-12 17:04:06,804 - INFO - fl - client_local_train - client 6 is attacker, start poisoning model
2025-05-12 17:04:10,380 - INFO - fl - start - end client 6 training
2025-05-12 17:04:10,380 - INFO - fl - start - client 6 evaluation metrics: {'train_loss': 1.6856233433922273e+18, 'test_acc': 10.11}
2025-05-12 17:04:10,381 - INFO - fl - start - start client 7 training
2025-05-12 17:04:10,381 - INFO - fl - client_local_train - client 7 start local training ...
2025-05-12 17:04:13,499 - INFO - fl - start - end client 7 training
2025-05-12 17:04:13,499 - INFO - fl - start - client 7 evaluation metrics: {'train_loss': 3.170168478935926e+16, 'test_acc': 11.35}
2025-05-12 17:04:13,499 - INFO - fl - start - start client 8 training
2025-05-12 17:04:13,499 - INFO - fl - client_local_train - client 8 start local training ...
2025-05-12 17:04:18,466 - INFO - fl - start - end client 8 training
2025-05-12 17:04:18,466 - INFO - fl - start - client 8 evaluation metrics: {'train_loss': 3.0149278897883536e+16, 'test_acc': 9.8}
2025-05-12 17:04:18,466 - INFO - fl - start - start client 9 training
2025-05-12 17:04:18,466 - INFO - fl - client_local_train - client 9 start local training ...
2025-05-12 17:04:19,207 - INFO - fl - client_local_train - client 9 is attacker, start poisoning model
2025-05-12 17:04:22,292 - INFO - fl - start - end client 9 training
2025-05-12 17:04:22,292 - INFO - fl - start - client 9 evaluation metrics: {'train_loss': 1.2313048848319004e+18, 'test_acc': 9.55}
2025-05-12 17:04:22,292 - INFO - fl - aggregate_model - start model aggregation...fusion method: dual_defense
2025-05-12 17:04:22,292 - INFO - fl - aggregate_model - start hyper-guard fusion with epsilon 0.01
2025-05-12 17:04:22,292 - INFO - fl - aggregate_model - round 12 attackers: [9, 6]
2025-05-12 17:04:33,533 - DEBUG - util_fusion - fusion_dual_defense - client 0 scores: {0: array([31760.53753321]), 1: array([31759.37662119]), 2: array([31760.64645217]), 3: array([31760.65148566]), 4: array([31760.64758211]), 5: array([31758.97966108]), 6: array([31759.2586425]), 7: array([31760.59472494]), 8: array([31758.62864104]), 9: array([31759.94202192])}
2025-05-12 17:04:33,534 - DEBUG - util_fusion - fusion_dual_defense - client 0 norm scores: {0: array([0.94366722]), 1: array([0.36976649]), 2: array([0.99751168]), 3: array([1.]), 4: array([0.99807027]), 5: array([0.17352793]), 6: array([0.31144333]), 7: array([0.97194015]), 8: array([0.]), 9: array([0.64927423])}
2025-05-12 17:04:33,534 - DEBUG - util_fusion - fusion_dual_defense - client 0 similarity threshold: 0.6415201295796739
2025-05-12 17:04:33,534 - INFO - util_fusion - fusion_dual_defense - client 0 selected fusion benigns: [0, 2, 3, 4, 7, 9]
2025-05-12 17:04:33,542 - DEBUG - util_fusion - fusion_dual_defense - client 1 scores: {0: array([31760.53753321]), 1: array([31759.37662119]), 2: array([31760.64645217]), 3: array([31760.65148566]), 4: array([31760.64758211]), 5: array([31758.97966108]), 6: array([31759.2586425]), 7: array([31760.59472494]), 8: array([31758.62864104]), 9: array([31759.94202192])}
2025-05-12 17:04:33,543 - DEBUG - util_fusion - fusion_dual_defense - client 1 norm scores: {0: array([0.94366722]), 1: array([0.36976649]), 2: array([0.99751168]), 3: array([1.]), 4: array([0.99807027]), 5: array([0.17352793]), 6: array([0.31144333]), 7: array([0.97194015]), 8: array([0.]), 9: array([0.64927423])}
2025-05-12 17:04:33,543 - DEBUG - util_fusion - fusion_dual_defense - client 1 similarity threshold: 0.6415201295796739
2025-05-12 17:04:33,543 - INFO - util_fusion - fusion_dual_defense - client 1 selected fusion benigns: [0, 2, 3, 4, 7, 9]
2025-05-12 17:04:33,552 - DEBUG - util_fusion - fusion_dual_defense - client 2 scores: {0: array([31760.53753321]), 1: array([31759.37662119]), 2: array([31760.64645217]), 3: array([31760.65148566]), 4: array([31760.64758211]), 5: array([31758.97966108]), 6: array([31759.2586425]), 7: array([31760.59472494]), 8: array([31758.62864104]), 9: array([31759.94202192])}
2025-05-12 17:04:33,552 - DEBUG - util_fusion - fusion_dual_defense - client 2 norm scores: {0: array([0.94366722]), 1: array([0.36976649]), 2: array([0.99751168]), 3: array([1.]), 4: array([0.99807027]), 5: array([0.17352793]), 6: array([0.31144333]), 7: array([0.97194015]), 8: array([0.]), 9: array([0.64927423])}
2025-05-12 17:04:33,552 - DEBUG - util_fusion - fusion_dual_defense - client 2 similarity threshold: 0.6415201295796739
2025-05-12 17:04:33,552 - INFO - util_fusion - fusion_dual_defense - client 2 selected fusion benigns: [0, 2, 3, 4, 7, 9]
2025-05-12 17:04:33,561 - DEBUG - util_fusion - fusion_dual_defense - client 3 scores: {0: array([31760.53753321]), 1: array([31759.37662119]), 2: array([31760.64645217]), 3: array([31760.65148566]), 4: array([31760.64758211]), 5: array([31758.97966108]), 6: array([31759.2586425]), 7: array([31760.59472494]), 8: array([31758.62864104]), 9: array([31759.94202192])}
2025-05-12 17:04:33,561 - DEBUG - util_fusion - fusion_dual_defense - client 3 norm scores: {0: array([0.94366722]), 1: array([0.36976649]), 2: array([0.99751168]), 3: array([1.]), 4: array([0.99807027]), 5: array([0.17352793]), 6: array([0.31144333]), 7: array([0.97194015]), 8: array([0.]), 9: array([0.64927423])}
2025-05-12 17:04:33,561 - DEBUG - util_fusion - fusion_dual_defense - client 3 similarity threshold: 0.6415201295796739
2025-05-12 17:04:33,561 - INFO - util_fusion - fusion_dual_defense - client 3 selected fusion benigns: [0, 2, 3, 4, 7, 9]
2025-05-12 17:04:33,570 - DEBUG - util_fusion - fusion_dual_defense - client 4 scores: {0: array([31760.53753321]), 1: array([31759.37662119]), 2: array([31760.64645217]), 3: array([31760.65148566]), 4: array([31760.64758211]), 5: array([31758.97966108]), 6: array([31759.2586425]), 7: array([31760.59472494]), 8: array([31758.62864104]), 9: array([31759.94202192])}
2025-05-12 17:04:33,570 - DEBUG - util_fusion - fusion_dual_defense - client 4 norm scores: {0: array([0.94366722]), 1: array([0.36976649]), 2: array([0.99751168]), 3: array([1.]), 4: array([0.99807027]), 5: array([0.17352793]), 6: array([0.31144333]), 7: array([0.97194015]), 8: array([0.]), 9: array([0.64927423])}
2025-05-12 17:04:33,570 - DEBUG - util_fusion - fusion_dual_defense - client 4 similarity threshold: 0.6415201295796739
2025-05-12 17:04:33,570 - INFO - util_fusion - fusion_dual_defense - client 4 selected fusion benigns: [0, 2, 3, 4, 7, 9]
2025-05-12 17:04:33,579 - DEBUG - util_fusion - fusion_dual_defense - client 5 scores: {0: array([31760.53753321]), 1: array([31759.37662119]), 2: array([31760.64645217]), 3: array([31760.65148566]), 4: array([31760.64758211]), 5: array([31758.97966108]), 6: array([31759.2586425]), 7: array([31760.59472494]), 8: array([31758.62864104]), 9: array([31759.94202192])}
2025-05-12 17:04:33,579 - DEBUG - util_fusion - fusion_dual_defense - client 5 norm scores: {0: array([0.94366722]), 1: array([0.36976649]), 2: array([0.99751168]), 3: array([1.]), 4: array([0.99807027]), 5: array([0.17352793]), 6: array([0.31144333]), 7: array([0.97194015]), 8: array([0.]), 9: array([0.64927423])}
2025-05-12 17:04:33,579 - DEBUG - util_fusion - fusion_dual_defense - client 5 similarity threshold: 0.6415201295796739
2025-05-12 17:04:33,579 - INFO - util_fusion - fusion_dual_defense - client 5 selected fusion benigns: [0, 2, 3, 4, 7, 9]
2025-05-12 17:04:33,588 - DEBUG - util_fusion - fusion_dual_defense - client 6 scores: {0: array([31760.53753321]), 1: array([31759.37662119]), 2: array([31760.64645217]), 3: array([31760.65148566]), 4: array([31760.64758211]), 5: array([31758.97966108]), 6: array([31759.2586425]), 7: array([31760.59472494]), 8: array([31758.62864104]), 9: array([31759.94202192])}
2025-05-12 17:04:33,588 - DEBUG - util_fusion - fusion_dual_defense - client 6 norm scores: {0: array([0.94366722]), 1: array([0.36976649]), 2: array([0.99751168]), 3: array([1.]), 4: array([0.99807027]), 5: array([0.17352793]), 6: array([0.31144333]), 7: array([0.97194015]), 8: array([0.]), 9: array([0.64927423])}
2025-05-12 17:04:33,588 - DEBUG - util_fusion - fusion_dual_defense - client 6 similarity threshold: 0.6415201295796739
2025-05-12 17:04:33,588 - INFO - util_fusion - fusion_dual_defense - client 6 selected fusion benigns: [0, 2, 3, 4, 7, 9]
2025-05-12 17:04:33,597 - DEBUG - util_fusion - fusion_dual_defense - client 7 scores: {0: array([31760.53753321]), 1: array([31759.37662119]), 2: array([31760.64645217]), 3: array([31760.65148566]), 4: array([31760.64758211]), 5: array([31758.97966108]), 6: array([31759.2586425]), 7: array([31760.59472494]), 8: array([31758.62864104]), 9: array([31759.94202192])}
2025-05-12 17:04:33,597 - DEBUG - util_fusion - fusion_dual_defense - client 7 norm scores: {0: array([0.94366722]), 1: array([0.36976649]), 2: array([0.99751168]), 3: array([1.]), 4: array([0.99807027]), 5: array([0.17352793]), 6: array([0.31144333]), 7: array([0.97194015]), 8: array([0.]), 9: array([0.64927423])}
2025-05-12 17:04:33,597 - DEBUG - util_fusion - fusion_dual_defense - client 7 similarity threshold: 0.6415201295796739
2025-05-12 17:04:33,597 - INFO - util_fusion - fusion_dual_defense - client 7 selected fusion benigns: [0, 2, 3, 4, 7, 9]
2025-05-12 17:04:33,605 - DEBUG - util_fusion - fusion_dual_defense - client 8 scores: {0: array([31760.53753321]), 1: array([31759.37662119]), 2: array([31760.64645217]), 3: array([31760.65148566]), 4: array([31760.64758211]), 5: array([31758.97966108]), 6: array([31759.2586425]), 7: array([31760.59472494]), 8: array([31758.62864104]), 9: array([31759.94202192])}
2025-05-12 17:04:33,606 - DEBUG - util_fusion - fusion_dual_defense - client 8 norm scores: {0: array([0.94366722]), 1: array([0.36976649]), 2: array([0.99751168]), 3: array([1.]), 4: array([0.99807027]), 5: array([0.17352793]), 6: array([0.31144333]), 7: array([0.97194015]), 8: array([0.]), 9: array([0.64927423])}
2025-05-12 17:04:33,606 - DEBUG - util_fusion - fusion_dual_defense - client 8 similarity threshold: 0.6415201295796739
2025-05-12 17:04:33,606 - INFO - util_fusion - fusion_dual_defense - client 8 selected fusion benigns: [0, 2, 3, 4, 7, 9]
2025-05-12 17:04:33,614 - DEBUG - util_fusion - fusion_dual_defense - client 9 scores: {0: array([31760.53753321]), 1: array([31759.37662119]), 2: array([31760.64645217]), 3: array([31760.65148566]), 4: array([31760.64758211]), 5: array([31758.97966108]), 6: array([31759.2586425]), 7: array([31760.59472494]), 8: array([31758.62864104]), 9: array([31759.94202192])}
2025-05-12 17:04:33,615 - DEBUG - util_fusion - fusion_dual_defense - client 9 norm scores: {0: array([0.94366722]), 1: array([0.36976649]), 2: array([0.99751168]), 3: array([1.]), 4: array([0.99807027]), 5: array([0.17352793]), 6: array([0.31144333]), 7: array([0.97194015]), 8: array([0.]), 9: array([0.64927423])}
2025-05-12 17:04:33,615 - DEBUG - util_fusion - fusion_dual_defense - client 9 similarity threshold: 0.6415201295796739
2025-05-12 17:04:33,615 - INFO - util_fusion - fusion_dual_defense - client 9 selected fusion benigns: [0, 2, 3, 4, 7, 9]
2025-05-12 17:04:33,615 - DEBUG - util_fusion - fusion_dual_defense - final fusion benigns: (0, 2, 3, 4, 7, 9)
2025-05-12 17:04:35,382 - INFO - fl - start - global side -  test accuracy: 9.84
2025-05-12 17:04:35,382 - INFO - fl - start - global side iteration 12 -  test accuracy: 9.84
2025-05-12 17:04:35,382 - INFO - fl - start - start training round 13
2025-05-12 17:04:35,384 - INFO - fl - start - round 13 attackers: [4, 1]
2025-05-12 17:04:35,384 - INFO - fl - start - start client 0 training
2025-05-12 17:04:35,384 - INFO - fl - client_local_train - client 0 start local training ...
2025-05-12 17:04:40,013 - INFO - fl - start - end client 0 training
2025-05-12 17:04:40,013 - INFO - fl - start - client 0 evaluation metrics: {'train_loss': 3.0733141078232268e+16, 'test_acc': 10.31}
2025-05-12 17:04:40,013 - INFO - fl - start - start client 1 training
2025-05-12 17:04:40,013 - INFO - fl - client_local_train - client 1 start local training ...
2025-05-12 17:04:41,714 - INFO - fl - client_local_train - client 1 is attacker, start poisoning model
2025-05-12 17:04:45,324 - INFO - fl - start - end client 1 training
2025-05-12 17:04:45,325 - INFO - fl - start - client 1 evaluation metrics: {'train_loss': 2.1781897870245343e+18, 'test_acc': 9.81}
2025-05-12 17:04:45,325 - INFO - fl - start - start client 2 training
2025-05-12 17:04:45,325 - INFO - fl - client_local_train - client 2 start local training ...
2025-05-12 17:04:55,448 - INFO - fl - start - end client 2 training
2025-05-12 17:04:55,448 - INFO - fl - start - client 2 evaluation metrics: {'train_loss': 3.045821056310596e+16, 'test_acc': 9.58}
2025-05-12 17:04:55,448 - INFO - fl - start - start client 3 training
2025-05-12 17:04:55,448 - INFO - fl - client_local_train - client 3 start local training ...
2025-05-12 17:05:02,603 - INFO - fl - start - end client 3 training
2025-05-12 17:05:02,603 - INFO - fl - start - client 3 evaluation metrics: {'train_loss': 2.953629877055238e+16, 'test_acc': 10.09}
2025-05-12 17:05:02,603 - INFO - fl - start - start client 4 training
2025-05-12 17:05:02,603 - INFO - fl - client_local_train - client 4 start local training ...
2025-05-12 17:05:07,315 - INFO - fl - client_local_train - client 4 is attacker, start poisoning model
2025-05-12 17:05:12,524 - INFO - fl - start - end client 4 training
2025-05-12 17:05:12,524 - INFO - fl - start - client 4 evaluation metrics: {'train_loss': 2.5454844215305764e+18, 'test_acc': 9.82}
2025-05-12 17:05:12,524 - INFO - fl - start - start client 5 training
2025-05-12 17:05:12,524 - INFO - fl - client_local_train - client 5 start local training ...
2025-05-12 17:05:18,185 - INFO - fl - start - end client 5 training
2025-05-12 17:05:18,185 - INFO - fl - start - client 5 evaluation metrics: {'train_loss': 3.700171937377219e+16, 'test_acc': 10.1}
2025-05-12 17:05:18,185 - INFO - fl - start - start client 6 training
2025-05-12 17:05:18,185 - INFO - fl - client_local_train - client 6 start local training ...
2025-05-12 17:05:21,633 - INFO - fl - start - end client 6 training
2025-05-12 17:05:21,633 - INFO - fl - start - client 6 evaluation metrics: {'train_loss': 2.559422807340079e+16, 'test_acc': 9.8}
2025-05-12 17:05:21,633 - INFO - fl - start - start client 7 training
2025-05-12 17:05:21,633 - INFO - fl - client_local_train - client 7 start local training ...
2025-05-12 17:05:24,759 - INFO - fl - start - end client 7 training
2025-05-12 17:05:24,759 - INFO - fl - start - client 7 evaluation metrics: {'train_loss': 4.216423441153058e+16, 'test_acc': 9.8}
2025-05-12 17:05:24,759 - INFO - fl - start - start client 8 training
2025-05-12 17:05:24,759 - INFO - fl - client_local_train - client 8 start local training ...
2025-05-12 17:05:29,687 - INFO - fl - start - end client 8 training
2025-05-12 17:05:29,687 - INFO - fl - start - client 8 evaluation metrics: {'train_loss': 1.952976202727951e+16, 'test_acc': 9.8}
2025-05-12 17:05:29,687 - INFO - fl - start - start client 9 training
2025-05-12 17:05:29,687 - INFO - fl - client_local_train - client 9 start local training ...
2025-05-12 17:05:31,962 - INFO - fl - start - end client 9 training
2025-05-12 17:05:31,962 - INFO - fl - start - client 9 evaluation metrics: {'train_loss': 3.744956547792326e+16, 'test_acc': 10.3}
2025-05-12 17:05:31,962 - INFO - fl - aggregate_model - start model aggregation...fusion method: dual_defense
2025-05-12 17:05:31,962 - INFO - fl - aggregate_model - start hyper-guard fusion with epsilon 0.01
2025-05-12 17:05:31,962 - INFO - fl - aggregate_model - round 13 attackers: [1, 4]
2025-05-12 17:05:43,234 - DEBUG - util_fusion - fusion_dual_defense - client 0 scores: {0: array([10611.16702081]), 1: array([10611.12156126]), 2: array([10611.1872562]), 3: array([10611.17312392]), 4: array([10611.13948383]), 5: array([10610.74393365]), 6: array([10610.82262898]), 7: array([10611.14645858]), 8: array([10611.00486232]), 9: array([10611.15241195])}
2025-05-12 17:05:43,234 - DEBUG - util_fusion - fusion_dual_defense - client 0 norm scores: {0: array([0.95435514]), 1: array([0.8518123]), 2: array([1.]), 3: array([0.96812189]), 4: array([0.89224015]), 5: array([0.]), 6: array([0.17751258]), 7: array([0.90797304]), 8: array([0.58857522]), 9: array([0.92140203])}
2025-05-12 17:05:43,235 - DEBUG - util_fusion - fusion_dual_defense - client 0 similarity threshold: 0.7261992343474702
2025-05-12 17:05:43,235 - INFO - util_fusion - fusion_dual_defense - client 0 selected fusion benigns: [0, 1, 2, 3, 4, 7, 9]
2025-05-12 17:05:43,243 - DEBUG - util_fusion - fusion_dual_defense - client 1 scores: {0: array([10611.16702081]), 1: array([10611.12156126]), 2: array([10611.1872562]), 3: array([10611.17312392]), 4: array([10611.13948383]), 5: array([10610.74393365]), 6: array([10610.82262898]), 7: array([10611.14645858]), 8: array([10611.00486232]), 9: array([10611.15241195])}
2025-05-12 17:05:43,244 - DEBUG - util_fusion - fusion_dual_defense - client 1 norm scores: {0: array([0.95435514]), 1: array([0.8518123]), 2: array([1.]), 3: array([0.96812189]), 4: array([0.89224015]), 5: array([0.]), 6: array([0.17751258]), 7: array([0.90797304]), 8: array([0.58857522]), 9: array([0.92140203])}
2025-05-12 17:05:43,244 - DEBUG - util_fusion - fusion_dual_defense - client 1 similarity threshold: 0.7261992343474702
2025-05-12 17:05:43,244 - INFO - util_fusion - fusion_dual_defense - client 1 selected fusion benigns: [0, 1, 2, 3, 4, 7, 9]
2025-05-12 17:05:43,252 - DEBUG - util_fusion - fusion_dual_defense - client 2 scores: {0: array([10611.16702081]), 1: array([10611.12156126]), 2: array([10611.1872562]), 3: array([10611.17312392]), 4: array([10611.13948383]), 5: array([10610.74393365]), 6: array([10610.82262898]), 7: array([10611.14645858]), 8: array([10611.00486232]), 9: array([10611.15241195])}
2025-05-12 17:05:43,253 - DEBUG - util_fusion - fusion_dual_defense - client 2 norm scores: {0: array([0.95435514]), 1: array([0.8518123]), 2: array([1.]), 3: array([0.96812189]), 4: array([0.89224015]), 5: array([0.]), 6: array([0.17751258]), 7: array([0.90797304]), 8: array([0.58857522]), 9: array([0.92140203])}
2025-05-12 17:05:43,253 - DEBUG - util_fusion - fusion_dual_defense - client 2 similarity threshold: 0.7261992343474702
2025-05-12 17:05:43,253 - INFO - util_fusion - fusion_dual_defense - client 2 selected fusion benigns: [0, 1, 2, 3, 4, 7, 9]
2025-05-12 17:05:43,261 - DEBUG - util_fusion - fusion_dual_defense - client 3 scores: {0: array([10611.16702081]), 1: array([10611.12156126]), 2: array([10611.1872562]), 3: array([10611.17312392]), 4: array([10611.13948383]), 5: array([10610.74393365]), 6: array([10610.82262898]), 7: array([10611.14645858]), 8: array([10611.00486232]), 9: array([10611.15241195])}
2025-05-12 17:05:43,262 - DEBUG - util_fusion - fusion_dual_defense - client 3 norm scores: {0: array([0.95435514]), 1: array([0.8518123]), 2: array([1.]), 3: array([0.96812189]), 4: array([0.89224015]), 5: array([0.]), 6: array([0.17751258]), 7: array([0.90797304]), 8: array([0.58857522]), 9: array([0.92140203])}
2025-05-12 17:05:43,262 - DEBUG - util_fusion - fusion_dual_defense - client 3 similarity threshold: 0.7261992343474702
2025-05-12 17:05:43,262 - INFO - util_fusion - fusion_dual_defense - client 3 selected fusion benigns: [0, 1, 2, 3, 4, 7, 9]
2025-05-12 17:05:43,270 - DEBUG - util_fusion - fusion_dual_defense - client 4 scores: {0: array([10611.16702081]), 1: array([10611.12156126]), 2: array([10611.1872562]), 3: array([10611.17312392]), 4: array([10611.13948383]), 5: array([10610.74393365]), 6: array([10610.82262898]), 7: array([10611.14645858]), 8: array([10611.00486232]), 9: array([10611.15241195])}
2025-05-12 17:05:43,271 - DEBUG - util_fusion - fusion_dual_defense - client 4 norm scores: {0: array([0.95435514]), 1: array([0.8518123]), 2: array([1.]), 3: array([0.96812189]), 4: array([0.89224015]), 5: array([0.]), 6: array([0.17751258]), 7: array([0.90797304]), 8: array([0.58857522]), 9: array([0.92140203])}
2025-05-12 17:05:43,271 - DEBUG - util_fusion - fusion_dual_defense - client 4 similarity threshold: 0.7261992343474702
2025-05-12 17:05:43,271 - INFO - util_fusion - fusion_dual_defense - client 4 selected fusion benigns: [0, 1, 2, 3, 4, 7, 9]
2025-05-12 17:05:43,279 - DEBUG - util_fusion - fusion_dual_defense - client 5 scores: {0: array([10611.16702081]), 1: array([10611.12156126]), 2: array([10611.1872562]), 3: array([10611.17312392]), 4: array([10611.13948383]), 5: array([10610.74393365]), 6: array([10610.82262898]), 7: array([10611.14645858]), 8: array([10611.00486232]), 9: array([10611.15241195])}
2025-05-12 17:05:43,280 - DEBUG - util_fusion - fusion_dual_defense - client 5 norm scores: {0: array([0.95435514]), 1: array([0.8518123]), 2: array([1.]), 3: array([0.96812189]), 4: array([0.89224015]), 5: array([0.]), 6: array([0.17751258]), 7: array([0.90797304]), 8: array([0.58857522]), 9: array([0.92140203])}
2025-05-12 17:05:43,280 - DEBUG - util_fusion - fusion_dual_defense - client 5 similarity threshold: 0.7261992343474702
2025-05-12 17:05:43,280 - INFO - util_fusion - fusion_dual_defense - client 5 selected fusion benigns: [0, 1, 2, 3, 4, 7, 9]
2025-05-12 17:05:43,288 - DEBUG - util_fusion - fusion_dual_defense - client 6 scores: {0: array([10611.16702081]), 1: array([10611.12156126]), 2: array([10611.1872562]), 3: array([10611.17312392]), 4: array([10611.13948383]), 5: array([10610.74393365]), 6: array([10610.82262898]), 7: array([10611.14645858]), 8: array([10611.00486232]), 9: array([10611.15241195])}
2025-05-12 17:05:43,289 - DEBUG - util_fusion - fusion_dual_defense - client 6 norm scores: {0: array([0.95435514]), 1: array([0.8518123]), 2: array([1.]), 3: array([0.96812189]), 4: array([0.89224015]), 5: array([0.]), 6: array([0.17751258]), 7: array([0.90797304]), 8: array([0.58857522]), 9: array([0.92140203])}
2025-05-12 17:05:43,289 - DEBUG - util_fusion - fusion_dual_defense - client 6 similarity threshold: 0.7261992343474702
2025-05-12 17:05:43,289 - INFO - util_fusion - fusion_dual_defense - client 6 selected fusion benigns: [0, 1, 2, 3, 4, 7, 9]
2025-05-12 17:05:43,297 - DEBUG - util_fusion - fusion_dual_defense - client 7 scores: {0: array([10611.16702081]), 1: array([10611.12156126]), 2: array([10611.1872562]), 3: array([10611.17312392]), 4: array([10611.13948383]), 5: array([10610.74393365]), 6: array([10610.82262898]), 7: array([10611.14645858]), 8: array([10611.00486232]), 9: array([10611.15241195])}
2025-05-12 17:05:43,298 - DEBUG - util_fusion - fusion_dual_defense - client 7 norm scores: {0: array([0.95435514]), 1: array([0.8518123]), 2: array([1.]), 3: array([0.96812189]), 4: array([0.89224015]), 5: array([0.]), 6: array([0.17751258]), 7: array([0.90797304]), 8: array([0.58857522]), 9: array([0.92140203])}
2025-05-12 17:05:43,298 - DEBUG - util_fusion - fusion_dual_defense - client 7 similarity threshold: 0.7261992343474702
2025-05-12 17:05:43,298 - INFO - util_fusion - fusion_dual_defense - client 7 selected fusion benigns: [0, 1, 2, 3, 4, 7, 9]
2025-05-12 17:05:43,306 - DEBUG - util_fusion - fusion_dual_defense - client 8 scores: {0: array([10611.16702081]), 1: array([10611.12156126]), 2: array([10611.1872562]), 3: array([10611.17312392]), 4: array([10611.13948383]), 5: array([10610.74393365]), 6: array([10610.82262898]), 7: array([10611.14645858]), 8: array([10611.00486232]), 9: array([10611.15241195])}
2025-05-12 17:05:43,307 - DEBUG - util_fusion - fusion_dual_defense - client 8 norm scores: {0: array([0.95435514]), 1: array([0.8518123]), 2: array([1.]), 3: array([0.96812189]), 4: array([0.89224015]), 5: array([0.]), 6: array([0.17751258]), 7: array([0.90797304]), 8: array([0.58857522]), 9: array([0.92140203])}
2025-05-12 17:05:43,307 - DEBUG - util_fusion - fusion_dual_defense - client 8 similarity threshold: 0.7261992343474702
2025-05-12 17:05:43,307 - INFO - util_fusion - fusion_dual_defense - client 8 selected fusion benigns: [0, 1, 2, 3, 4, 7, 9]
2025-05-12 17:05:43,315 - DEBUG - util_fusion - fusion_dual_defense - client 9 scores: {0: array([10611.16702081]), 1: array([10611.12156126]), 2: array([10611.1872562]), 3: array([10611.17312392]), 4: array([10611.13948383]), 5: array([10610.74393365]), 6: array([10610.82262898]), 7: array([10611.14645858]), 8: array([10611.00486232]), 9: array([10611.15241195])}
2025-05-12 17:05:43,316 - DEBUG - util_fusion - fusion_dual_defense - client 9 norm scores: {0: array([0.95435514]), 1: array([0.8518123]), 2: array([1.]), 3: array([0.96812189]), 4: array([0.89224015]), 5: array([0.]), 6: array([0.17751258]), 7: array([0.90797304]), 8: array([0.58857522]), 9: array([0.92140203])}
2025-05-12 17:05:43,316 - DEBUG - util_fusion - fusion_dual_defense - client 9 similarity threshold: 0.7261992343474702
2025-05-12 17:05:43,316 - INFO - util_fusion - fusion_dual_defense - client 9 selected fusion benigns: [0, 1, 2, 3, 4, 7, 9]
2025-05-12 17:05:43,316 - DEBUG - util_fusion - fusion_dual_defense - final fusion benigns: (0, 1, 2, 3, 4, 7, 9)
2025-05-12 17:05:45,132 - INFO - fl - start - global side -  test accuracy: 9.8
2025-05-12 17:05:45,132 - INFO - fl - start - global side iteration 13 -  test accuracy: 9.8
2025-05-12 17:05:45,132 - INFO - fl - start - start training round 14
2025-05-12 17:05:45,134 - INFO - fl - start - round 14 attackers: [9, 0]
2025-05-12 17:05:45,134 - INFO - fl - start - start client 0 training
2025-05-12 17:05:45,134 - INFO - fl - client_local_train - client 0 start local training ...
2025-05-12 17:05:47,735 - INFO - fl - client_local_train - client 0 is attacker, start poisoning model
2025-05-12 17:05:51,814 - INFO - fl - start - end client 0 training
2025-05-12 17:05:51,815 - INFO - fl - start - client 0 evaluation metrics: {'train_loss': nan, 'test_acc': 9.8}
2025-05-12 17:05:51,815 - INFO - fl - start - start client 1 training
2025-05-12 17:05:51,815 - INFO - fl - client_local_train - client 1 start local training ...
2025-05-12 17:05:55,323 - INFO - fl - start - end client 1 training
2025-05-12 17:05:55,323 - INFO - fl - start - client 1 evaluation metrics: {'train_loss': nan, 'test_acc': 9.8}
2025-05-12 17:05:55,323 - INFO - fl - start - start client 2 training
2025-05-12 17:05:55,323 - INFO - fl - client_local_train - client 2 start local training ...
2025-05-12 17:06:05,456 - INFO - fl - start - end client 2 training
2025-05-12 17:06:05,456 - INFO - fl - start - client 2 evaluation metrics: {'train_loss': nan, 'test_acc': 9.8}
2025-05-12 17:06:05,456 - INFO - fl - start - start client 3 training
2025-05-12 17:06:05,457 - INFO - fl - client_local_train - client 3 start local training ...
2025-05-12 17:06:12,619 - INFO - fl - start - end client 3 training
2025-05-12 17:06:12,619 - INFO - fl - start - client 3 evaluation metrics: {'train_loss': nan, 'test_acc': 9.8}
2025-05-12 17:06:12,619 - INFO - fl - start - start client 4 training
2025-05-12 17:06:12,619 - INFO - fl - client_local_train - client 4 start local training ...
2025-05-12 17:06:19,941 - INFO - fl - start - end client 4 training
2025-05-12 17:06:19,941 - INFO - fl - start - client 4 evaluation metrics: {'train_loss': nan, 'test_acc': 9.8}
2025-05-12 17:06:19,941 - INFO - fl - start - start client 5 training
2025-05-12 17:06:19,941 - INFO - fl - client_local_train - client 5 start local training ...
2025-05-12 17:06:25,609 - INFO - fl - start - end client 5 training
2025-05-12 17:06:25,609 - INFO - fl - start - client 5 evaluation metrics: {'train_loss': nan, 'test_acc': 9.8}
2025-05-12 17:06:25,609 - INFO - fl - start - start client 6 training
2025-05-12 17:06:25,609 - INFO - fl - client_local_train - client 6 start local training ...
2025-05-12 17:06:29,081 - INFO - fl - start - end client 6 training
2025-05-12 17:06:29,081 - INFO - fl - start - client 6 evaluation metrics: {'train_loss': nan, 'test_acc': 9.8}
2025-05-12 17:06:29,082 - INFO - fl - start - start client 7 training
2025-05-12 17:06:29,082 - INFO - fl - client_local_train - client 7 start local training ...
2025-05-12 17:06:32,189 - INFO - fl - start - end client 7 training
2025-05-12 17:06:32,189 - INFO - fl - start - client 7 evaluation metrics: {'train_loss': nan, 'test_acc': 9.8}
2025-05-12 17:06:32,189 - INFO - fl - start - start client 8 training
2025-05-12 17:06:32,189 - INFO - fl - client_local_train - client 8 start local training ...
2025-05-12 17:06:37,106 - INFO - fl - start - end client 8 training
2025-05-12 17:06:37,106 - INFO - fl - start - client 8 evaluation metrics: {'train_loss': nan, 'test_acc': 9.8}
2025-05-12 17:06:37,107 - INFO - fl - start - start client 9 training
2025-05-12 17:06:37,107 - INFO - fl - client_local_train - client 9 start local training ...
2025-05-12 17:06:37,837 - INFO - fl - client_local_train - client 9 is attacker, start poisoning model
2025-05-12 17:06:40,923 - INFO - fl - start - end client 9 training
2025-05-12 17:06:40,923 - INFO - fl - start - client 9 evaluation metrics: {'train_loss': nan, 'test_acc': 9.8}
2025-05-12 17:06:40,923 - INFO - fl - aggregate_model - start model aggregation...fusion method: dual_defense
2025-05-12 17:06:40,923 - INFO - fl - aggregate_model - start hyper-guard fusion with epsilon 0.01
2025-05-12 17:06:40,923 - INFO - fl - aggregate_model - round 14 attackers: [0, 9]
2025-05-12 17:06:51,918 - DEBUG - util_fusion - fusion_dual_defense - client 0 scores: {0: array([4.42899443e+12]), 1: array([4.42899443e+12]), 2: array([4.42899443e+12]), 3: array([4.42899443e+12]), 4: array([4.42899443e+12]), 5: array([4.42899443e+12]), 6: array([4.42899443e+12]), 7: array([4.42899443e+12]), 8: array([4.42899443e+12]), 9: array([4.42899443e+12])}
2025-05-12 17:06:51,918 - DEBUG - util_fusion - fusion_dual_defense - client 0 norm scores: {0: array([0.]), 1: array([0.]), 2: array([0.]), 3: array([0.]), 4: array([1.]), 5: array([0.]), 6: array([1.]), 7: array([1.]), 8: array([0.]), 9: array([0.])}
2025-05-12 17:06:51,919 - DEBUG - util_fusion - fusion_dual_defense - client 0 similarity threshold: 0.3
2025-05-12 17:06:51,919 - INFO - util_fusion - fusion_dual_defense - client 0 selected fusion benigns: [4, 6, 7]
2025-05-12 17:06:51,927 - DEBUG - util_fusion - fusion_dual_defense - client 1 scores: {0: array([4.42899443e+12]), 1: array([4.42899443e+12]), 2: array([4.42899443e+12]), 3: array([4.42899443e+12]), 4: array([4.42899443e+12]), 5: array([4.42899443e+12]), 6: array([4.42899443e+12]), 7: array([4.42899443e+12]), 8: array([4.42899443e+12]), 9: array([4.42899443e+12])}
2025-05-12 17:06:51,928 - DEBUG - util_fusion - fusion_dual_defense - client 1 norm scores: {0: array([0.]), 1: array([0.]), 2: array([0.]), 3: array([0.]), 4: array([1.]), 5: array([0.]), 6: array([1.]), 7: array([1.]), 8: array([0.]), 9: array([0.])}
2025-05-12 17:06:51,928 - DEBUG - util_fusion - fusion_dual_defense - client 1 similarity threshold: 0.3
2025-05-12 17:06:51,928 - INFO - util_fusion - fusion_dual_defense - client 1 selected fusion benigns: [4, 6, 7]
2025-05-12 17:06:51,936 - DEBUG - util_fusion - fusion_dual_defense - client 2 scores: {0: array([4.42899443e+12]), 1: array([4.42899443e+12]), 2: array([4.42899443e+12]), 3: array([4.42899443e+12]), 4: array([4.42899443e+12]), 5: array([4.42899443e+12]), 6: array([4.42899443e+12]), 7: array([4.42899443e+12]), 8: array([4.42899443e+12]), 9: array([4.42899443e+12])}
2025-05-12 17:06:51,937 - DEBUG - util_fusion - fusion_dual_defense - client 2 norm scores: {0: array([0.]), 1: array([0.]), 2: array([0.]), 3: array([0.]), 4: array([1.]), 5: array([0.]), 6: array([1.]), 7: array([1.]), 8: array([0.]), 9: array([0.])}
2025-05-12 17:06:51,937 - DEBUG - util_fusion - fusion_dual_defense - client 2 similarity threshold: 0.3
2025-05-12 17:06:51,937 - INFO - util_fusion - fusion_dual_defense - client 2 selected fusion benigns: [4, 6, 7]
2025-05-12 17:06:51,946 - DEBUG - util_fusion - fusion_dual_defense - client 3 scores: {0: array([4.42899443e+12]), 1: array([4.42899443e+12]), 2: array([4.42899443e+12]), 3: array([4.42899443e+12]), 4: array([4.42899443e+12]), 5: array([4.42899443e+12]), 6: array([4.42899443e+12]), 7: array([4.42899443e+12]), 8: array([4.42899443e+12]), 9: array([4.42899443e+12])}
2025-05-12 17:06:51,946 - DEBUG - util_fusion - fusion_dual_defense - client 3 norm scores: {0: array([0.]), 1: array([0.]), 2: array([0.]), 3: array([0.]), 4: array([1.]), 5: array([0.]), 6: array([1.]), 7: array([1.]), 8: array([0.]), 9: array([0.])}
2025-05-12 17:06:51,946 - DEBUG - util_fusion - fusion_dual_defense - client 3 similarity threshold: 0.3
2025-05-12 17:06:51,946 - INFO - util_fusion - fusion_dual_defense - client 3 selected fusion benigns: [4, 6, 7]
2025-05-12 17:06:51,955 - DEBUG - util_fusion - fusion_dual_defense - client 4 scores: {0: array([4.42899443e+12]), 1: array([4.42899443e+12]), 2: array([4.42899443e+12]), 3: array([4.42899443e+12]), 4: array([4.42899443e+12]), 5: array([4.42899443e+12]), 6: array([4.42899443e+12]), 7: array([4.42899443e+12]), 8: array([4.42899443e+12]), 9: array([4.42899443e+12])}
2025-05-12 17:06:51,955 - DEBUG - util_fusion - fusion_dual_defense - client 4 norm scores: {0: array([0.]), 1: array([0.]), 2: array([0.]), 3: array([0.]), 4: array([1.]), 5: array([0.]), 6: array([1.]), 7: array([1.]), 8: array([0.]), 9: array([0.])}
2025-05-12 17:06:51,955 - DEBUG - util_fusion - fusion_dual_defense - client 4 similarity threshold: 0.3
2025-05-12 17:06:51,955 - INFO - util_fusion - fusion_dual_defense - client 4 selected fusion benigns: [4, 6, 7]
2025-05-12 17:06:51,964 - DEBUG - util_fusion - fusion_dual_defense - client 5 scores: {0: array([4.42899443e+12]), 1: array([4.42899443e+12]), 2: array([4.42899443e+12]), 3: array([4.42899443e+12]), 4: array([4.42899443e+12]), 5: array([4.42899443e+12]), 6: array([4.42899443e+12]), 7: array([4.42899443e+12]), 8: array([4.42899443e+12]), 9: array([4.42899443e+12])}
2025-05-12 17:06:51,965 - DEBUG - util_fusion - fusion_dual_defense - client 5 norm scores: {0: array([0.]), 1: array([0.]), 2: array([0.]), 3: array([0.]), 4: array([1.]), 5: array([0.]), 6: array([1.]), 7: array([1.]), 8: array([0.]), 9: array([0.])}
2025-05-12 17:06:51,965 - DEBUG - util_fusion - fusion_dual_defense - client 5 similarity threshold: 0.3
2025-05-12 17:06:51,965 - INFO - util_fusion - fusion_dual_defense - client 5 selected fusion benigns: [4, 6, 7]
2025-05-12 17:06:51,973 - DEBUG - util_fusion - fusion_dual_defense - client 6 scores: {0: array([4.42899443e+12]), 1: array([4.42899443e+12]), 2: array([4.42899443e+12]), 3: array([4.42899443e+12]), 4: array([4.42899443e+12]), 5: array([4.42899443e+12]), 6: array([4.42899443e+12]), 7: array([4.42899443e+12]), 8: array([4.42899443e+12]), 9: array([4.42899443e+12])}
2025-05-12 17:06:51,974 - DEBUG - util_fusion - fusion_dual_defense - client 6 norm scores: {0: array([0.]), 1: array([0.]), 2: array([0.]), 3: array([0.]), 4: array([1.]), 5: array([0.]), 6: array([1.]), 7: array([1.]), 8: array([0.]), 9: array([0.])}
2025-05-12 17:06:51,974 - DEBUG - util_fusion - fusion_dual_defense - client 6 similarity threshold: 0.3
2025-05-12 17:06:51,974 - INFO - util_fusion - fusion_dual_defense - client 6 selected fusion benigns: [4, 6, 7]
2025-05-12 17:06:51,982 - DEBUG - util_fusion - fusion_dual_defense - client 7 scores: {0: array([4.42899443e+12]), 1: array([4.42899443e+12]), 2: array([4.42899443e+12]), 3: array([4.42899443e+12]), 4: array([4.42899443e+12]), 5: array([4.42899443e+12]), 6: array([4.42899443e+12]), 7: array([4.42899443e+12]), 8: array([4.42899443e+12]), 9: array([4.42899443e+12])}
2025-05-12 17:06:51,983 - DEBUG - util_fusion - fusion_dual_defense - client 7 norm scores: {0: array([0.]), 1: array([0.]), 2: array([0.]), 3: array([0.]), 4: array([1.]), 5: array([0.]), 6: array([1.]), 7: array([1.]), 8: array([0.]), 9: array([0.])}
2025-05-12 17:06:51,983 - DEBUG - util_fusion - fusion_dual_defense - client 7 similarity threshold: 0.3
2025-05-12 17:06:51,983 - INFO - util_fusion - fusion_dual_defense - client 7 selected fusion benigns: [4, 6, 7]
2025-05-12 17:06:51,992 - DEBUG - util_fusion - fusion_dual_defense - client 8 scores: {0: array([4.42899443e+12]), 1: array([4.42899443e+12]), 2: array([4.42899443e+12]), 3: array([4.42899443e+12]), 4: array([4.42899443e+12]), 5: array([4.42899443e+12]), 6: array([4.42899443e+12]), 7: array([4.42899443e+12]), 8: array([4.42899443e+12]), 9: array([4.42899443e+12])}
2025-05-12 17:06:51,992 - DEBUG - util_fusion - fusion_dual_defense - client 8 norm scores: {0: array([0.]), 1: array([0.]), 2: array([0.]), 3: array([0.]), 4: array([1.]), 5: array([0.]), 6: array([1.]), 7: array([1.]), 8: array([0.]), 9: array([0.])}
2025-05-12 17:06:51,992 - DEBUG - util_fusion - fusion_dual_defense - client 8 similarity threshold: 0.3
2025-05-12 17:06:51,992 - INFO - util_fusion - fusion_dual_defense - client 8 selected fusion benigns: [4, 6, 7]
2025-05-12 17:06:52,001 - DEBUG - util_fusion - fusion_dual_defense - client 9 scores: {0: array([4.42899443e+12]), 1: array([4.42899443e+12]), 2: array([4.42899443e+12]), 3: array([4.42899443e+12]), 4: array([4.42899443e+12]), 5: array([4.42899443e+12]), 6: array([4.42899443e+12]), 7: array([4.42899443e+12]), 8: array([4.42899443e+12]), 9: array([4.42899443e+12])}
2025-05-12 17:06:52,001 - DEBUG - util_fusion - fusion_dual_defense - client 9 norm scores: {0: array([0.]), 1: array([0.]), 2: array([0.]), 3: array([0.]), 4: array([1.]), 5: array([0.]), 6: array([1.]), 7: array([1.]), 8: array([0.]), 9: array([0.])}
2025-05-12 17:06:52,001 - DEBUG - util_fusion - fusion_dual_defense - client 9 similarity threshold: 0.3
2025-05-12 17:06:52,002 - INFO - util_fusion - fusion_dual_defense - client 9 selected fusion benigns: [4, 6, 7]
2025-05-12 17:06:52,002 - DEBUG - util_fusion - fusion_dual_defense - final fusion benigns: (4, 6, 7)
2025-05-12 17:06:53,592 - INFO - fl - start - global side -  test accuracy: 9.8
2025-05-12 17:06:53,592 - INFO - fl - start - global side iteration 14 -  test accuracy: 9.8
2025-05-12 17:06:53,593 - INFO - fl - start - start training round 15
2025-05-12 17:06:53,594 - INFO - fl - start - round 15 attackers: [8, 1]
2025-05-12 17:06:53,594 - INFO - fl - start - start client 0 training
2025-05-12 17:06:53,594 - INFO - fl - client_local_train - client 0 start local training ...
2025-05-12 17:06:58,220 - INFO - fl - start - end client 0 training
2025-05-12 17:06:58,220 - INFO - fl - start - client 0 evaluation metrics: {'train_loss': 1.6807960882782935, 'test_acc': 10.32}
2025-05-12 17:06:58,220 - INFO - fl - start - start client 1 training
2025-05-12 17:06:58,220 - INFO - fl - client_local_train - client 1 start local training ...
2025-05-12 17:06:59,938 - INFO - fl - client_local_train - client 1 is attacker, start poisoning model
2025-05-12 17:07:03,546 - INFO - fl - start - end client 1 training
2025-05-12 17:07:03,546 - INFO - fl - start - client 1 evaluation metrics: {'train_loss': 8.695186390067047, 'test_acc': 9.74}
2025-05-12 17:07:03,546 - INFO - fl - start - start client 2 training
2025-05-12 17:07:03,546 - INFO - fl - client_local_train - client 2 start local training ...
2025-05-12 17:07:13,624 - INFO - fl - start - end client 2 training
2025-05-12 17:07:13,624 - INFO - fl - start - client 2 evaluation metrics: {'train_loss': nan, 'test_acc': 9.8}
2025-05-12 17:07:13,624 - INFO - fl - start - start client 3 training
2025-05-12 17:07:13,624 - INFO - fl - client_local_train - client 3 start local training ...
2025-05-12 17:07:20,773 - INFO - fl - start - end client 3 training
2025-05-12 17:07:20,773 - INFO - fl - start - client 3 evaluation metrics: {'train_loss': 1.7861365866153798, 'test_acc': 11.35}
2025-05-12 17:07:20,773 - INFO - fl - start - start client 4 training
2025-05-12 17:07:20,773 - INFO - fl - client_local_train - client 4 start local training ...
2025-05-12 17:07:28,075 - INFO - fl - start - end client 4 training
2025-05-12 17:07:28,075 - INFO - fl - start - client 4 evaluation metrics: {'train_loss': 1.8084456065605428, 'test_acc': 8.92}
2025-05-12 17:07:28,075 - INFO - fl - start - start client 5 training
2025-05-12 17:07:28,076 - INFO - fl - client_local_train - client 5 start local training ...
2025-05-12 17:07:33,757 - INFO - fl - start - end client 5 training
2025-05-12 17:07:33,757 - INFO - fl - start - client 5 evaluation metrics: {'train_loss': nan, 'test_acc': 9.8}
2025-05-12 17:07:33,757 - INFO - fl - start - start client 6 training
2025-05-12 17:07:33,757 - INFO - fl - client_local_train - client 6 start local training ...
2025-05-12 17:07:37,217 - INFO - fl - start - end client 6 training
2025-05-12 17:07:37,217 - INFO - fl - start - client 6 evaluation metrics: {'train_loss': nan, 'test_acc': 9.8}
2025-05-12 17:07:37,217 - INFO - fl - start - start client 7 training
2025-05-12 17:07:37,217 - INFO - fl - client_local_train - client 7 start local training ...
2025-05-12 17:07:40,336 - INFO - fl - start - end client 7 training
2025-05-12 17:07:40,336 - INFO - fl - start - client 7 evaluation metrics: {'train_loss': nan, 'test_acc': 9.8}
2025-05-12 17:07:40,336 - INFO - fl - start - start client 8 training
2025-05-12 17:07:40,336 - INFO - fl - client_local_train - client 8 start local training ...
2025-05-12 17:07:43,156 - INFO - fl - client_local_train - client 8 is attacker, start poisoning model
2025-05-12 17:07:47,353 - INFO - fl - start - end client 8 training
2025-05-12 17:07:47,353 - INFO - fl - start - client 8 evaluation metrics: {'train_loss': nan, 'test_acc': 9.8}
2025-05-12 17:07:47,353 - INFO - fl - start - start client 9 training
2025-05-12 17:07:47,353 - INFO - fl - client_local_train - client 9 start local training ...
2025-05-12 17:07:49,629 - INFO - fl - start - end client 9 training
2025-05-12 17:07:49,629 - INFO - fl - start - client 9 evaluation metrics: {'train_loss': nan, 'test_acc': 9.8}
2025-05-12 17:07:49,629 - INFO - fl - aggregate_model - start model aggregation...fusion method: dual_defense
2025-05-12 17:07:49,629 - INFO - fl - aggregate_model - start hyper-guard fusion with epsilon 0.01
2025-05-12 17:07:49,629 - INFO - fl - aggregate_model - round 15 attackers: [8, 1]
2025-05-12 17:08:00,714 - DEBUG - util_fusion - fusion_dual_defense - client 0 scores: {0: array([2.50941024e-05]), 1: array([1.5406392e-07]), 2: array([2.4179994e+12]), 3: array([6.27559912e-06]), 4: array([2.71030814e-06]), 5: array([2.4179994e+12]), 6: array([2.4179994e+12]), 7: array([2.4179994e+12]), 8: array([2.4179994e+12]), 9: array([2.4179994e+12])}
2025-05-12 17:08:00,715 - DEBUG - util_fusion - fusion_dual_defense - client 0 norm scores: {0: array([1.03143278e-17]), 1: array([0.]), 2: array([1.]), 3: array([2.53165291e-18]), 4: array([1.05717322e-18]), 5: array([1.]), 6: array([1.]), 7: array([1.]), 8: array([1.]), 9: array([1.])}
2025-05-12 17:08:00,715 - DEBUG - util_fusion - fusion_dual_defense - client 0 similarity threshold: 0.6
2025-05-12 17:08:00,715 - INFO - util_fusion - fusion_dual_defense - client 0 selected fusion benigns: [2, 5, 6, 7, 8, 9]
2025-05-12 17:08:00,723 - DEBUG - util_fusion - fusion_dual_defense - client 1 scores: {0: array([2.50941024e-05]), 1: array([1.5406392e-07]), 2: array([2.4179994e+12]), 3: array([6.27559912e-06]), 4: array([2.71030814e-06]), 5: array([2.4179994e+12]), 6: array([2.4179994e+12]), 7: array([2.4179994e+12]), 8: array([2.4179994e+12]), 9: array([2.4179994e+12])}
2025-05-12 17:08:00,724 - DEBUG - util_fusion - fusion_dual_defense - client 1 norm scores: {0: array([1.03143278e-17]), 1: array([0.]), 2: array([1.]), 3: array([2.53165291e-18]), 4: array([1.05717322e-18]), 5: array([1.]), 6: array([1.]), 7: array([1.]), 8: array([1.]), 9: array([1.])}
2025-05-12 17:08:00,724 - DEBUG - util_fusion - fusion_dual_defense - client 1 similarity threshold: 0.6
2025-05-12 17:08:00,724 - INFO - util_fusion - fusion_dual_defense - client 1 selected fusion benigns: [2, 5, 6, 7, 8, 9]
2025-05-12 17:08:00,733 - DEBUG - util_fusion - fusion_dual_defense - client 2 scores: {0: array([2.50941024e-05]), 1: array([1.5406392e-07]), 2: array([2.4179994e+12]), 3: array([6.27559912e-06]), 4: array([2.71030814e-06]), 5: array([2.4179994e+12]), 6: array([2.4179994e+12]), 7: array([2.4179994e+12]), 8: array([2.4179994e+12]), 9: array([2.4179994e+12])}
2025-05-12 17:08:00,733 - DEBUG - util_fusion - fusion_dual_defense - client 2 norm scores: {0: array([1.03143278e-17]), 1: array([0.]), 2: array([1.]), 3: array([2.53165291e-18]), 4: array([1.05717322e-18]), 5: array([1.]), 6: array([1.]), 7: array([1.]), 8: array([1.]), 9: array([1.])}
2025-05-12 17:08:00,733 - DEBUG - util_fusion - fusion_dual_defense - client 2 similarity threshold: 0.6
2025-05-12 17:08:00,733 - INFO - util_fusion - fusion_dual_defense - client 2 selected fusion benigns: [2, 5, 6, 7, 8, 9]
2025-05-12 17:08:00,742 - DEBUG - util_fusion - fusion_dual_defense - client 3 scores: {0: array([2.50941024e-05]), 1: array([1.5406392e-07]), 2: array([2.4179994e+12]), 3: array([6.27559912e-06]), 4: array([2.71030814e-06]), 5: array([2.4179994e+12]), 6: array([2.4179994e+12]), 7: array([2.4179994e+12]), 8: array([2.4179994e+12]), 9: array([2.4179994e+12])}
2025-05-12 17:08:00,742 - DEBUG - util_fusion - fusion_dual_defense - client 3 norm scores: {0: array([1.03143278e-17]), 1: array([0.]), 2: array([1.]), 3: array([2.53165291e-18]), 4: array([1.05717322e-18]), 5: array([1.]), 6: array([1.]), 7: array([1.]), 8: array([1.]), 9: array([1.])}
2025-05-12 17:08:00,743 - DEBUG - util_fusion - fusion_dual_defense - client 3 similarity threshold: 0.6
2025-05-12 17:08:00,743 - INFO - util_fusion - fusion_dual_defense - client 3 selected fusion benigns: [2, 5, 6, 7, 8, 9]
2025-05-12 17:08:00,751 - DEBUG - util_fusion - fusion_dual_defense - client 4 scores: {0: array([2.50941024e-05]), 1: array([1.5406392e-07]), 2: array([2.4179994e+12]), 3: array([6.27559912e-06]), 4: array([2.71030814e-06]), 5: array([2.4179994e+12]), 6: array([2.4179994e+12]), 7: array([2.4179994e+12]), 8: array([2.4179994e+12]), 9: array([2.4179994e+12])}
2025-05-12 17:08:00,752 - DEBUG - util_fusion - fusion_dual_defense - client 4 norm scores: {0: array([1.03143278e-17]), 1: array([0.]), 2: array([1.]), 3: array([2.53165291e-18]), 4: array([1.05717322e-18]), 5: array([1.]), 6: array([1.]), 7: array([1.]), 8: array([1.]), 9: array([1.])}
2025-05-12 17:08:00,752 - DEBUG - util_fusion - fusion_dual_defense - client 4 similarity threshold: 0.6
2025-05-12 17:08:00,752 - INFO - util_fusion - fusion_dual_defense - client 4 selected fusion benigns: [2, 5, 6, 7, 8, 9]
2025-05-12 17:08:00,760 - DEBUG - util_fusion - fusion_dual_defense - client 5 scores: {0: array([2.50941024e-05]), 1: array([1.5406392e-07]), 2: array([2.4179994e+12]), 3: array([6.27559912e-06]), 4: array([2.71030814e-06]), 5: array([2.4179994e+12]), 6: array([2.4179994e+12]), 7: array([2.4179994e+12]), 8: array([2.4179994e+12]), 9: array([2.4179994e+12])}
2025-05-12 17:08:00,761 - DEBUG - util_fusion - fusion_dual_defense - client 5 norm scores: {0: array([1.03143278e-17]), 1: array([0.]), 2: array([1.]), 3: array([2.53165291e-18]), 4: array([1.05717322e-18]), 5: array([1.]), 6: array([1.]), 7: array([1.]), 8: array([1.]), 9: array([1.])}
2025-05-12 17:08:00,761 - DEBUG - util_fusion - fusion_dual_defense - client 5 similarity threshold: 0.6
2025-05-12 17:08:00,761 - INFO - util_fusion - fusion_dual_defense - client 5 selected fusion benigns: [2, 5, 6, 7, 8, 9]
2025-05-12 17:08:00,770 - DEBUG - util_fusion - fusion_dual_defense - client 6 scores: {0: array([2.50941024e-05]), 1: array([1.5406392e-07]), 2: array([2.4179994e+12]), 3: array([6.27559912e-06]), 4: array([2.71030814e-06]), 5: array([2.4179994e+12]), 6: array([2.4179994e+12]), 7: array([2.4179994e+12]), 8: array([2.4179994e+12]), 9: array([2.4179994e+12])}
2025-05-12 17:08:00,770 - DEBUG - util_fusion - fusion_dual_defense - client 6 norm scores: {0: array([1.03143278e-17]), 1: array([0.]), 2: array([1.]), 3: array([2.53165291e-18]), 4: array([1.05717322e-18]), 5: array([1.]), 6: array([1.]), 7: array([1.]), 8: array([1.]), 9: array([1.])}
2025-05-12 17:08:00,770 - DEBUG - util_fusion - fusion_dual_defense - client 6 similarity threshold: 0.6
2025-05-12 17:08:00,770 - INFO - util_fusion - fusion_dual_defense - client 6 selected fusion benigns: [2, 5, 6, 7, 8, 9]
2025-05-12 17:08:00,779 - DEBUG - util_fusion - fusion_dual_defense - client 7 scores: {0: array([2.50941024e-05]), 1: array([1.5406392e-07]), 2: array([2.4179994e+12]), 3: array([6.27559912e-06]), 4: array([2.71030814e-06]), 5: array([2.4179994e+12]), 6: array([2.4179994e+12]), 7: array([2.4179994e+12]), 8: array([2.4179994e+12]), 9: array([2.4179994e+12])}
2025-05-12 17:08:00,780 - DEBUG - util_fusion - fusion_dual_defense - client 7 norm scores: {0: array([1.03143278e-17]), 1: array([0.]), 2: array([1.]), 3: array([2.53165291e-18]), 4: array([1.05717322e-18]), 5: array([1.]), 6: array([1.]), 7: array([1.]), 8: array([1.]), 9: array([1.])}
2025-05-12 17:08:00,780 - DEBUG - util_fusion - fusion_dual_defense - client 7 similarity threshold: 0.6
2025-05-12 17:08:00,780 - INFO - util_fusion - fusion_dual_defense - client 7 selected fusion benigns: [2, 5, 6, 7, 8, 9]
2025-05-12 17:08:00,788 - DEBUG - util_fusion - fusion_dual_defense - client 8 scores: {0: array([2.50941024e-05]), 1: array([1.5406392e-07]), 2: array([2.4179994e+12]), 3: array([6.27559912e-06]), 4: array([2.71030814e-06]), 5: array([2.4179994e+12]), 6: array([2.4179994e+12]), 7: array([2.4179994e+12]), 8: array([2.4179994e+12]), 9: array([2.4179994e+12])}
2025-05-12 17:08:00,789 - DEBUG - util_fusion - fusion_dual_defense - client 8 norm scores: {0: array([1.03143278e-17]), 1: array([0.]), 2: array([1.]), 3: array([2.53165291e-18]), 4: array([1.05717322e-18]), 5: array([1.]), 6: array([1.]), 7: array([1.]), 8: array([1.]), 9: array([1.])}
2025-05-12 17:08:00,789 - DEBUG - util_fusion - fusion_dual_defense - client 8 similarity threshold: 0.6
2025-05-12 17:08:00,789 - INFO - util_fusion - fusion_dual_defense - client 8 selected fusion benigns: [2, 5, 6, 7, 8, 9]
2025-05-12 17:08:00,797 - DEBUG - util_fusion - fusion_dual_defense - client 9 scores: {0: array([2.50941024e-05]), 1: array([1.5406392e-07]), 2: array([2.4179994e+12]), 3: array([6.27559912e-06]), 4: array([2.71030814e-06]), 5: array([2.4179994e+12]), 6: array([2.4179994e+12]), 7: array([2.4179994e+12]), 8: array([2.4179994e+12]), 9: array([2.4179994e+12])}
2025-05-12 17:08:00,798 - DEBUG - util_fusion - fusion_dual_defense - client 9 norm scores: {0: array([1.03143278e-17]), 1: array([0.]), 2: array([1.]), 3: array([2.53165291e-18]), 4: array([1.05717322e-18]), 5: array([1.]), 6: array([1.]), 7: array([1.]), 8: array([1.]), 9: array([1.])}
2025-05-12 17:08:00,798 - DEBUG - util_fusion - fusion_dual_defense - client 9 similarity threshold: 0.6
2025-05-12 17:08:00,798 - INFO - util_fusion - fusion_dual_defense - client 9 selected fusion benigns: [2, 5, 6, 7, 8, 9]
2025-05-12 17:08:00,798 - DEBUG - util_fusion - fusion_dual_defense - final fusion benigns: (2, 5, 6, 7, 8, 9)
2025-05-12 17:08:02,554 - INFO - fl - start - global side -  test accuracy: 9.8
2025-05-12 17:08:02,554 - INFO - fl - start - global side iteration 15 -  test accuracy: 9.8
2025-05-12 17:08:02,554 - INFO - fl - start - start training round 16
2025-05-12 17:08:02,556 - INFO - fl - start - round 16 attackers: [0, 4]
2025-05-12 17:08:02,556 - INFO - fl - start - start client 0 training
2025-05-12 17:08:02,556 - INFO - fl - client_local_train - client 0 start local training ...
2025-05-12 17:08:05,191 - INFO - fl - client_local_train - client 0 is attacker, start poisoning model
2025-05-12 17:08:09,277 - INFO - fl - start - end client 0 training
2025-05-12 17:08:09,277 - INFO - fl - start - client 0 evaluation metrics: {'train_loss': 1129177545703424.0, 'test_acc': 9.74}
2025-05-12 17:08:09,277 - INFO - fl - start - start client 1 training
2025-05-12 17:08:09,277 - INFO - fl - client_local_train - client 1 start local training ...
2025-05-12 17:08:12,793 - INFO - fl - start - end client 1 training
2025-05-12 17:08:12,793 - INFO - fl - start - client 1 evaluation metrics: {'train_loss': 17871455367863.547, 'test_acc': 9.8}
2025-05-12 17:08:12,793 - INFO - fl - start - start client 2 training
2025-05-12 17:08:12,793 - INFO - fl - client_local_train - client 2 start local training ...
2025-05-12 17:08:22,868 - INFO - fl - start - end client 2 training
2025-05-12 17:08:22,868 - INFO - fl - start - client 2 evaluation metrics: {'train_loss': 38487281650923.57, 'test_acc': 10.1}
2025-05-12 17:08:22,868 - INFO - fl - start - start client 3 training
2025-05-12 17:08:22,868 - INFO - fl - client_local_train - client 3 start local training ...
2025-05-12 17:08:29,988 - INFO - fl - start - end client 3 training
2025-05-12 17:08:29,988 - INFO - fl - start - client 3 evaluation metrics: {'train_loss': 7281928492605.73, 'test_acc': 11.35}
2025-05-12 17:08:29,988 - INFO - fl - start - start client 4 training
2025-05-12 17:08:29,988 - INFO - fl - client_local_train - client 4 start local training ...
2025-05-12 17:08:34,665 - INFO - fl - client_local_train - client 4 is attacker, start poisoning model
2025-05-12 17:08:39,874 - INFO - fl - start - end client 4 training
2025-05-12 17:08:39,874 - INFO - fl - start - client 4 evaluation metrics: {'train_loss': 936521726418096.5, 'test_acc': 9.74}
2025-05-12 17:08:39,874 - INFO - fl - start - start client 5 training
2025-05-12 17:08:39,874 - INFO - fl - client_local_train - client 5 start local training ...
2025-05-12 17:08:45,562 - INFO - fl - start - end client 5 training
2025-05-12 17:08:45,562 - INFO - fl - start - client 5 evaluation metrics: {'train_loss': 9576737451914.97, 'test_acc': 9.58}
2025-05-12 17:08:45,562 - INFO - fl - start - start client 6 training
2025-05-12 17:08:45,562 - INFO - fl - client_local_train - client 6 start local training ...
2025-05-12 17:08:49,032 - INFO - fl - start - end client 6 training
2025-05-12 17:08:49,032 - INFO - fl - start - client 6 evaluation metrics: {'train_loss': 24002768747283.69, 'test_acc': 10.1}
2025-05-12 17:08:49,032 - INFO - fl - start - start client 7 training
2025-05-12 17:08:49,032 - INFO - fl - client_local_train - client 7 start local training ...
2025-05-12 17:08:52,144 - INFO - fl - start - end client 7 training
2025-05-12 17:08:52,144 - INFO - fl - start - client 7 evaluation metrics: {'train_loss': 34245379352623.63, 'test_acc': 10.32}
2025-05-12 17:08:52,144 - INFO - fl - start - start client 8 training
2025-05-12 17:08:52,144 - INFO - fl - client_local_train - client 8 start local training ...
2025-05-12 17:08:57,080 - INFO - fl - start - end client 8 training
2025-05-12 17:08:57,080 - INFO - fl - start - client 8 evaluation metrics: {'train_loss': 8620007522680.644, 'test_acc': 9.8}
2025-05-12 17:08:57,080 - INFO - fl - start - start client 9 training
2025-05-12 17:08:57,080 - INFO - fl - client_local_train - client 9 start local training ...
2025-05-12 17:08:59,362 - INFO - fl - start - end client 9 training
2025-05-12 17:08:59,362 - INFO - fl - start - client 9 evaluation metrics: {'train_loss': 26034048757581.914, 'test_acc': 9.58}
2025-05-12 17:08:59,362 - INFO - fl - aggregate_model - start model aggregation...fusion method: dual_defense
2025-05-12 17:08:59,362 - INFO - fl - aggregate_model - start hyper-guard fusion with epsilon 0.01
2025-05-12 17:08:59,362 - INFO - fl - aggregate_model - round 16 attackers: [0, 4]
2025-05-12 17:09:10,439 - DEBUG - util_fusion - fusion_dual_defense - client 0 scores: {0: array([21241.75454763]), 1: array([21242.03347448]), 2: array([21242.18795136]), 3: array([21242.14965653]), 4: array([21242.43786035]), 5: array([21241.58421017]), 6: array([21242.00417932]), 7: array([21240.4581683]), 8: array([21241.49964233]), 9: array([21242.28452107])}
2025-05-12 17:09:10,440 - DEBUG - util_fusion - fusion_dual_defense - client 0 norm scores: {0: array([0.65483888]), 1: array([0.79573294]), 2: array([0.8737637]), 3: array([0.85441987]), 4: array([1.]), 5: array([0.56879648]), 6: array([0.7809351]), 7: array([0.]), 8: array([0.52607881]), 9: array([0.92254387])}
2025-05-12 17:09:10,440 - DEBUG - util_fusion - fusion_dual_defense - client 0 similarity threshold: 0.6977109656266778
2025-05-12 17:09:10,440 - INFO - util_fusion - fusion_dual_defense - client 0 selected fusion benigns: [1, 2, 3, 4, 6, 9]
2025-05-12 17:09:10,448 - DEBUG - util_fusion - fusion_dual_defense - client 1 scores: {0: array([21241.75454763]), 1: array([21242.03347448]), 2: array([21242.18795136]), 3: array([21242.14965653]), 4: array([21242.43786035]), 5: array([21241.58421017]), 6: array([21242.00417932]), 7: array([21240.4581683]), 8: array([21241.49964233]), 9: array([21242.28452107])}
2025-05-12 17:09:10,449 - DEBUG - util_fusion - fusion_dual_defense - client 1 norm scores: {0: array([0.65483888]), 1: array([0.79573294]), 2: array([0.8737637]), 3: array([0.85441987]), 4: array([1.]), 5: array([0.56879648]), 6: array([0.7809351]), 7: array([0.]), 8: array([0.52607881]), 9: array([0.92254387])}
2025-05-12 17:09:10,449 - DEBUG - util_fusion - fusion_dual_defense - client 1 similarity threshold: 0.6977109656266778
2025-05-12 17:09:10,449 - INFO - util_fusion - fusion_dual_defense - client 1 selected fusion benigns: [1, 2, 3, 4, 6, 9]
2025-05-12 17:09:10,457 - DEBUG - util_fusion - fusion_dual_defense - client 2 scores: {0: array([21241.75454763]), 1: array([21242.03347448]), 2: array([21242.18795136]), 3: array([21242.14965653]), 4: array([21242.43786035]), 5: array([21241.58421017]), 6: array([21242.00417932]), 7: array([21240.4581683]), 8: array([21241.49964233]), 9: array([21242.28452107])}
2025-05-12 17:09:10,458 - DEBUG - util_fusion - fusion_dual_defense - client 2 norm scores: {0: array([0.65483888]), 1: array([0.79573294]), 2: array([0.8737637]), 3: array([0.85441987]), 4: array([1.]), 5: array([0.56879648]), 6: array([0.7809351]), 7: array([0.]), 8: array([0.52607881]), 9: array([0.92254387])}
2025-05-12 17:09:10,458 - DEBUG - util_fusion - fusion_dual_defense - client 2 similarity threshold: 0.6977109656266778
2025-05-12 17:09:10,458 - INFO - util_fusion - fusion_dual_defense - client 2 selected fusion benigns: [1, 2, 3, 4, 6, 9]
2025-05-12 17:09:10,466 - DEBUG - util_fusion - fusion_dual_defense - client 3 scores: {0: array([21241.75454763]), 1: array([21242.03347448]), 2: array([21242.18795136]), 3: array([21242.14965653]), 4: array([21242.43786035]), 5: array([21241.58421017]), 6: array([21242.00417932]), 7: array([21240.4581683]), 8: array([21241.49964233]), 9: array([21242.28452107])}
2025-05-12 17:09:10,467 - DEBUG - util_fusion - fusion_dual_defense - client 3 norm scores: {0: array([0.65483888]), 1: array([0.79573294]), 2: array([0.8737637]), 3: array([0.85441987]), 4: array([1.]), 5: array([0.56879648]), 6: array([0.7809351]), 7: array([0.]), 8: array([0.52607881]), 9: array([0.92254387])}
2025-05-12 17:09:10,467 - DEBUG - util_fusion - fusion_dual_defense - client 3 similarity threshold: 0.6977109656266778
2025-05-12 17:09:10,467 - INFO - util_fusion - fusion_dual_defense - client 3 selected fusion benigns: [1, 2, 3, 4, 6, 9]
2025-05-12 17:09:10,475 - DEBUG - util_fusion - fusion_dual_defense - client 4 scores: {0: array([21241.75454763]), 1: array([21242.03347448]), 2: array([21242.18795136]), 3: array([21242.14965653]), 4: array([21242.43786035]), 5: array([21241.58421017]), 6: array([21242.00417932]), 7: array([21240.4581683]), 8: array([21241.49964233]), 9: array([21242.28452107])}
2025-05-12 17:09:10,476 - DEBUG - util_fusion - fusion_dual_defense - client 4 norm scores: {0: array([0.65483888]), 1: array([0.79573294]), 2: array([0.8737637]), 3: array([0.85441987]), 4: array([1.]), 5: array([0.56879648]), 6: array([0.7809351]), 7: array([0.]), 8: array([0.52607881]), 9: array([0.92254387])}
2025-05-12 17:09:10,476 - DEBUG - util_fusion - fusion_dual_defense - client 4 similarity threshold: 0.6977109656266778
2025-05-12 17:09:10,476 - INFO - util_fusion - fusion_dual_defense - client 4 selected fusion benigns: [1, 2, 3, 4, 6, 9]
2025-05-12 17:09:10,484 - DEBUG - util_fusion - fusion_dual_defense - client 5 scores: {0: array([21241.75454763]), 1: array([21242.03347448]), 2: array([21242.18795136]), 3: array([21242.14965653]), 4: array([21242.43786035]), 5: array([21241.58421017]), 6: array([21242.00417932]), 7: array([21240.4581683]), 8: array([21241.49964233]), 9: array([21242.28452107])}
2025-05-12 17:09:10,485 - DEBUG - util_fusion - fusion_dual_defense - client 5 norm scores: {0: array([0.65483888]), 1: array([0.79573294]), 2: array([0.8737637]), 3: array([0.85441987]), 4: array([1.]), 5: array([0.56879648]), 6: array([0.7809351]), 7: array([0.]), 8: array([0.52607881]), 9: array([0.92254387])}
2025-05-12 17:09:10,485 - DEBUG - util_fusion - fusion_dual_defense - client 5 similarity threshold: 0.6977109656266778
2025-05-12 17:09:10,485 - INFO - util_fusion - fusion_dual_defense - client 5 selected fusion benigns: [1, 2, 3, 4, 6, 9]
2025-05-12 17:09:10,493 - DEBUG - util_fusion - fusion_dual_defense - client 6 scores: {0: array([21241.75454763]), 1: array([21242.03347448]), 2: array([21242.18795136]), 3: array([21242.14965653]), 4: array([21242.43786035]), 5: array([21241.58421017]), 6: array([21242.00417932]), 7: array([21240.4581683]), 8: array([21241.49964233]), 9: array([21242.28452107])}
2025-05-12 17:09:10,494 - DEBUG - util_fusion - fusion_dual_defense - client 6 norm scores: {0: array([0.65483888]), 1: array([0.79573294]), 2: array([0.8737637]), 3: array([0.85441987]), 4: array([1.]), 5: array([0.56879648]), 6: array([0.7809351]), 7: array([0.]), 8: array([0.52607881]), 9: array([0.92254387])}
2025-05-12 17:09:10,494 - DEBUG - util_fusion - fusion_dual_defense - client 6 similarity threshold: 0.6977109656266778
2025-05-12 17:09:10,494 - INFO - util_fusion - fusion_dual_defense - client 6 selected fusion benigns: [1, 2, 3, 4, 6, 9]
2025-05-12 17:09:10,502 - DEBUG - util_fusion - fusion_dual_defense - client 7 scores: {0: array([21241.75454763]), 1: array([21242.03347448]), 2: array([21242.18795136]), 3: array([21242.14965653]), 4: array([21242.43786035]), 5: array([21241.58421017]), 6: array([21242.00417932]), 7: array([21240.4581683]), 8: array([21241.49964233]), 9: array([21242.28452107])}
2025-05-12 17:09:10,503 - DEBUG - util_fusion - fusion_dual_defense - client 7 norm scores: {0: array([0.65483888]), 1: array([0.79573294]), 2: array([0.8737637]), 3: array([0.85441987]), 4: array([1.]), 5: array([0.56879648]), 6: array([0.7809351]), 7: array([0.]), 8: array([0.52607881]), 9: array([0.92254387])}
2025-05-12 17:09:10,503 - DEBUG - util_fusion - fusion_dual_defense - client 7 similarity threshold: 0.6977109656266778
2025-05-12 17:09:10,503 - INFO - util_fusion - fusion_dual_defense - client 7 selected fusion benigns: [1, 2, 3, 4, 6, 9]
2025-05-12 17:09:10,511 - DEBUG - util_fusion - fusion_dual_defense - client 8 scores: {0: array([21241.75454763]), 1: array([21242.03347448]), 2: array([21242.18795136]), 3: array([21242.14965653]), 4: array([21242.43786035]), 5: array([21241.58421017]), 6: array([21242.00417932]), 7: array([21240.4581683]), 8: array([21241.49964233]), 9: array([21242.28452107])}
2025-05-12 17:09:10,512 - DEBUG - util_fusion - fusion_dual_defense - client 8 norm scores: {0: array([0.65483888]), 1: array([0.79573294]), 2: array([0.8737637]), 3: array([0.85441987]), 4: array([1.]), 5: array([0.56879648]), 6: array([0.7809351]), 7: array([0.]), 8: array([0.52607881]), 9: array([0.92254387])}
2025-05-12 17:09:10,512 - DEBUG - util_fusion - fusion_dual_defense - client 8 similarity threshold: 0.6977109656266778
2025-05-12 17:09:10,512 - INFO - util_fusion - fusion_dual_defense - client 8 selected fusion benigns: [1, 2, 3, 4, 6, 9]
2025-05-12 17:09:10,520 - DEBUG - util_fusion - fusion_dual_defense - client 9 scores: {0: array([21241.75454763]), 1: array([21242.03347448]), 2: array([21242.18795136]), 3: array([21242.14965653]), 4: array([21242.43786035]), 5: array([21241.58421017]), 6: array([21242.00417932]), 7: array([21240.4581683]), 8: array([21241.49964233]), 9: array([21242.28452107])}
2025-05-12 17:09:10,521 - DEBUG - util_fusion - fusion_dual_defense - client 9 norm scores: {0: array([0.65483888]), 1: array([0.79573294]), 2: array([0.8737637]), 3: array([0.85441987]), 4: array([1.]), 5: array([0.56879648]), 6: array([0.7809351]), 7: array([0.]), 8: array([0.52607881]), 9: array([0.92254387])}
2025-05-12 17:09:10,521 - DEBUG - util_fusion - fusion_dual_defense - client 9 similarity threshold: 0.6977109656266778
2025-05-12 17:09:10,521 - INFO - util_fusion - fusion_dual_defense - client 9 selected fusion benigns: [1, 2, 3, 4, 6, 9]
2025-05-12 17:09:10,521 - DEBUG - util_fusion - fusion_dual_defense - final fusion benigns: (1, 2, 3, 4, 6, 9)
2025-05-12 17:09:12,282 - INFO - fl - start - global side -  test accuracy: 9.74
2025-05-12 17:09:12,282 - INFO - fl - start - global side iteration 16 -  test accuracy: 9.74
2025-05-12 17:09:12,282 - INFO - fl - start - start training round 17
2025-05-12 17:09:12,284 - INFO - fl - start - round 17 attackers: [3, 7]
2025-05-12 17:09:12,284 - INFO - fl - start - start client 0 training
2025-05-12 17:09:12,284 - INFO - fl - client_local_train - client 0 start local training ...
2025-05-12 17:09:16,920 - INFO - fl - start - end client 0 training
2025-05-12 17:09:16,920 - INFO - fl - start - client 0 evaluation metrics: {'train_loss': 187237350034636.8, 'test_acc': 10.32}
2025-05-12 17:09:16,920 - INFO - fl - start - start client 1 training
2025-05-12 17:09:16,920 - INFO - fl - client_local_train - client 1 start local training ...
2025-05-12 17:09:20,440 - INFO - fl - start - end client 1 training
2025-05-12 17:09:20,440 - INFO - fl - start - client 1 evaluation metrics: {'train_loss': 89644779779361.81, 'test_acc': 9.74}
2025-05-12 17:09:20,440 - INFO - fl - start - start client 2 training
2025-05-12 17:09:20,440 - INFO - fl - client_local_train - client 2 start local training ...
2025-05-12 17:09:30,548 - INFO - fl - start - end client 2 training
2025-05-12 17:09:30,548 - INFO - fl - start - client 2 evaluation metrics: {'train_loss': 118261151640696.19, 'test_acc': 9.58}
2025-05-12 17:09:30,548 - INFO - fl - start - start client 3 training
2025-05-12 17:09:30,548 - INFO - fl - client_local_train - client 3 start local training ...
2025-05-12 17:09:35,113 - INFO - fl - client_local_train - client 3 is attacker, start poisoning model
2025-05-12 17:09:40,258 - INFO - fl - start - end client 3 training
2025-05-12 17:09:40,258 - INFO - fl - start - client 3 evaluation metrics: {'train_loss': 5538505694558513.0, 'test_acc': 10.09}
2025-05-12 17:09:40,258 - INFO - fl - start - start client 4 training
2025-05-12 17:09:40,258 - INFO - fl - client_local_train - client 4 start local training ...
2025-05-12 17:09:47,577 - INFO - fl - start - end client 4 training
2025-05-12 17:09:47,577 - INFO - fl - start - client 4 evaluation metrics: {'train_loss': 90831920780930.64, 'test_acc': 11.35}
2025-05-12 17:09:47,577 - INFO - fl - start - start client 5 training
2025-05-12 17:09:47,577 - INFO - fl - client_local_train - client 5 start local training ...
2025-05-12 17:09:53,262 - INFO - fl - start - end client 5 training
2025-05-12 17:09:53,262 - INFO - fl - start - client 5 evaluation metrics: {'train_loss': 38835372592488.836, 'test_acc': 9.58}
2025-05-12 17:09:53,262 - INFO - fl - start - start client 6 training
2025-05-12 17:09:53,262 - INFO - fl - client_local_train - client 6 start local training ...
2025-05-12 17:09:56,735 - INFO - fl - start - end client 6 training
2025-05-12 17:09:56,736 - INFO - fl - start - client 6 evaluation metrics: {'train_loss': 188980758516657.22, 'test_acc': 9.8}
2025-05-12 17:09:56,736 - INFO - fl - start - start client 7 training
2025-05-12 17:09:56,736 - INFO - fl - client_local_train - client 7 start local training ...
2025-05-12 17:09:58,144 - INFO - fl - client_local_train - client 7 is attacker, start poisoning model
2025-05-12 17:10:01,595 - INFO - fl - start - end client 7 training
2025-05-12 17:10:01,595 - INFO - fl - start - client 7 evaluation metrics: {'train_loss': 1.1176706845795638e+16, 'test_acc': 9.8}
2025-05-12 17:10:01,595 - INFO - fl - start - start client 8 training
2025-05-12 17:10:01,595 - INFO - fl - client_local_train - client 8 start local training ...
2025-05-12 17:10:06,516 - INFO - fl - start - end client 8 training
2025-05-12 17:10:06,516 - INFO - fl - start - client 8 evaluation metrics: {'train_loss': 56211932280996.78, 'test_acc': 9.8}
2025-05-12 17:10:06,516 - INFO - fl - start - start client 9 training
2025-05-12 17:10:06,516 - INFO - fl - client_local_train - client 9 start local training ...
2025-05-12 17:10:08,794 - INFO - fl - start - end client 9 training
2025-05-12 17:10:08,794 - INFO - fl - start - client 9 evaluation metrics: {'train_loss': 120041751867213.9, 'test_acc': 9.82}
2025-05-12 17:10:08,794 - INFO - fl - aggregate_model - start model aggregation...fusion method: dual_defense
2025-05-12 17:10:08,794 - INFO - fl - aggregate_model - start hyper-guard fusion with epsilon 0.01
2025-05-12 17:10:08,794 - INFO - fl - aggregate_model - round 17 attackers: [3, 7]
2025-05-12 17:10:19,883 - DEBUG - util_fusion - fusion_dual_defense - client 0 scores: {0: array([1563.47774351]), 1: array([1563.50669433]), 2: array([1563.39177638]), 3: array([1563.52177151]), 4: array([1563.52584868]), 5: array([1563.4699742]), 6: array([1563.44960343]), 7: array([1563.3318868]), 8: array([1563.50548591]), 9: array([1563.49490077])}
2025-05-12 17:10:19,884 - DEBUG - util_fusion - fusion_dual_defense - client 0 norm scores: {0: array([0.75198648]), 1: array([0.90124687]), 2: array([0.30876985]), 3: array([0.97897953]), 4: array([1.]), 5: array([0.71193062]), 6: array([0.60690602]), 7: array([0.]), 8: array([0.89501665]), 9: array([0.84044338])}
2025-05-12 17:10:19,884 - DEBUG - util_fusion - fusion_dual_defense - client 0 similarity threshold: 0.6995279400017339
2025-05-12 17:10:19,884 - INFO - util_fusion - fusion_dual_defense - client 0 selected fusion benigns: [0, 1, 3, 4, 5, 8, 9]
2025-05-12 17:10:19,892 - DEBUG - util_fusion - fusion_dual_defense - client 1 scores: {0: array([1563.47774351]), 1: array([1563.50669433]), 2: array([1563.39177638]), 3: array([1563.52177151]), 4: array([1563.52584868]), 5: array([1563.4699742]), 6: array([1563.44960343]), 7: array([1563.3318868]), 8: array([1563.50548591]), 9: array([1563.49490077])}
2025-05-12 17:10:19,893 - DEBUG - util_fusion - fusion_dual_defense - client 1 norm scores: {0: array([0.75198648]), 1: array([0.90124687]), 2: array([0.30876985]), 3: array([0.97897953]), 4: array([1.]), 5: array([0.71193062]), 6: array([0.60690602]), 7: array([0.]), 8: array([0.89501665]), 9: array([0.84044338])}
2025-05-12 17:10:19,893 - DEBUG - util_fusion - fusion_dual_defense - client 1 similarity threshold: 0.6995279400017339
2025-05-12 17:10:19,893 - INFO - util_fusion - fusion_dual_defense - client 1 selected fusion benigns: [0, 1, 3, 4, 5, 8, 9]
2025-05-12 17:10:19,901 - DEBUG - util_fusion - fusion_dual_defense - client 2 scores: {0: array([1563.47774351]), 1: array([1563.50669433]), 2: array([1563.39177638]), 3: array([1563.52177151]), 4: array([1563.52584868]), 5: array([1563.4699742]), 6: array([1563.44960343]), 7: array([1563.3318868]), 8: array([1563.50548591]), 9: array([1563.49490077])}
2025-05-12 17:10:19,902 - DEBUG - util_fusion - fusion_dual_defense - client 2 norm scores: {0: array([0.75198648]), 1: array([0.90124687]), 2: array([0.30876985]), 3: array([0.97897953]), 4: array([1.]), 5: array([0.71193062]), 6: array([0.60690602]), 7: array([0.]), 8: array([0.89501665]), 9: array([0.84044338])}
2025-05-12 17:10:19,902 - DEBUG - util_fusion - fusion_dual_defense - client 2 similarity threshold: 0.6995279400017339
2025-05-12 17:10:19,902 - INFO - util_fusion - fusion_dual_defense - client 2 selected fusion benigns: [0, 1, 3, 4, 5, 8, 9]
2025-05-12 17:10:19,910 - DEBUG - util_fusion - fusion_dual_defense - client 3 scores: {0: array([1563.47774351]), 1: array([1563.50669433]), 2: array([1563.39177638]), 3: array([1563.52177151]), 4: array([1563.52584868]), 5: array([1563.4699742]), 6: array([1563.44960343]), 7: array([1563.3318868]), 8: array([1563.50548591]), 9: array([1563.49490077])}
2025-05-12 17:10:19,911 - DEBUG - util_fusion - fusion_dual_defense - client 3 norm scores: {0: array([0.75198648]), 1: array([0.90124687]), 2: array([0.30876985]), 3: array([0.97897953]), 4: array([1.]), 5: array([0.71193062]), 6: array([0.60690602]), 7: array([0.]), 8: array([0.89501665]), 9: array([0.84044338])}
2025-05-12 17:10:19,911 - DEBUG - util_fusion - fusion_dual_defense - client 3 similarity threshold: 0.6995279400017339
2025-05-12 17:10:19,911 - INFO - util_fusion - fusion_dual_defense - client 3 selected fusion benigns: [0, 1, 3, 4, 5, 8, 9]
2025-05-12 17:10:19,920 - DEBUG - util_fusion - fusion_dual_defense - client 4 scores: {0: array([1563.47774351]), 1: array([1563.50669433]), 2: array([1563.39177638]), 3: array([1563.52177151]), 4: array([1563.52584868]), 5: array([1563.4699742]), 6: array([1563.44960343]), 7: array([1563.3318868]), 8: array([1563.50548591]), 9: array([1563.49490077])}
2025-05-12 17:10:19,920 - DEBUG - util_fusion - fusion_dual_defense - client 4 norm scores: {0: array([0.75198648]), 1: array([0.90124687]), 2: array([0.30876985]), 3: array([0.97897953]), 4: array([1.]), 5: array([0.71193062]), 6: array([0.60690602]), 7: array([0.]), 8: array([0.89501665]), 9: array([0.84044338])}
2025-05-12 17:10:19,920 - DEBUG - util_fusion - fusion_dual_defense - client 4 similarity threshold: 0.6995279400017339
2025-05-12 17:10:19,920 - INFO - util_fusion - fusion_dual_defense - client 4 selected fusion benigns: [0, 1, 3, 4, 5, 8, 9]
2025-05-12 17:10:19,929 - DEBUG - util_fusion - fusion_dual_defense - client 5 scores: {0: array([1563.47774351]), 1: array([1563.50669433]), 2: array([1563.39177638]), 3: array([1563.52177151]), 4: array([1563.52584868]), 5: array([1563.4699742]), 6: array([1563.44960343]), 7: array([1563.3318868]), 8: array([1563.50548591]), 9: array([1563.49490077])}
2025-05-12 17:10:19,929 - DEBUG - util_fusion - fusion_dual_defense - client 5 norm scores: {0: array([0.75198648]), 1: array([0.90124687]), 2: array([0.30876985]), 3: array([0.97897953]), 4: array([1.]), 5: array([0.71193062]), 6: array([0.60690602]), 7: array([0.]), 8: array([0.89501665]), 9: array([0.84044338])}
2025-05-12 17:10:19,929 - DEBUG - util_fusion - fusion_dual_defense - client 5 similarity threshold: 0.6995279400017339
2025-05-12 17:10:19,929 - INFO - util_fusion - fusion_dual_defense - client 5 selected fusion benigns: [0, 1, 3, 4, 5, 8, 9]
2025-05-12 17:10:19,938 - DEBUG - util_fusion - fusion_dual_defense - client 6 scores: {0: array([1563.47774351]), 1: array([1563.50669433]), 2: array([1563.39177638]), 3: array([1563.52177151]), 4: array([1563.52584868]), 5: array([1563.4699742]), 6: array([1563.44960343]), 7: array([1563.3318868]), 8: array([1563.50548591]), 9: array([1563.49490077])}
2025-05-12 17:10:19,938 - DEBUG - util_fusion - fusion_dual_defense - client 6 norm scores: {0: array([0.75198648]), 1: array([0.90124687]), 2: array([0.30876985]), 3: array([0.97897953]), 4: array([1.]), 5: array([0.71193062]), 6: array([0.60690602]), 7: array([0.]), 8: array([0.89501665]), 9: array([0.84044338])}
2025-05-12 17:10:19,938 - DEBUG - util_fusion - fusion_dual_defense - client 6 similarity threshold: 0.6995279400017339
2025-05-12 17:10:19,939 - INFO - util_fusion - fusion_dual_defense - client 6 selected fusion benigns: [0, 1, 3, 4, 5, 8, 9]
2025-05-12 17:10:19,947 - DEBUG - util_fusion - fusion_dual_defense - client 7 scores: {0: array([1563.47774351]), 1: array([1563.50669433]), 2: array([1563.39177638]), 3: array([1563.52177151]), 4: array([1563.52584868]), 5: array([1563.4699742]), 6: array([1563.44960343]), 7: array([1563.3318868]), 8: array([1563.50548591]), 9: array([1563.49490077])}
2025-05-12 17:10:19,947 - DEBUG - util_fusion - fusion_dual_defense - client 7 norm scores: {0: array([0.75198648]), 1: array([0.90124687]), 2: array([0.30876985]), 3: array([0.97897953]), 4: array([1.]), 5: array([0.71193062]), 6: array([0.60690602]), 7: array([0.]), 8: array([0.89501665]), 9: array([0.84044338])}
2025-05-12 17:10:19,947 - DEBUG - util_fusion - fusion_dual_defense - client 7 similarity threshold: 0.6995279400017339
2025-05-12 17:10:19,948 - INFO - util_fusion - fusion_dual_defense - client 7 selected fusion benigns: [0, 1, 3, 4, 5, 8, 9]
2025-05-12 17:10:19,956 - DEBUG - util_fusion - fusion_dual_defense - client 8 scores: {0: array([1563.47774351]), 1: array([1563.50669433]), 2: array([1563.39177638]), 3: array([1563.52177151]), 4: array([1563.52584868]), 5: array([1563.4699742]), 6: array([1563.44960343]), 7: array([1563.3318868]), 8: array([1563.50548591]), 9: array([1563.49490077])}
2025-05-12 17:10:19,956 - DEBUG - util_fusion - fusion_dual_defense - client 8 norm scores: {0: array([0.75198648]), 1: array([0.90124687]), 2: array([0.30876985]), 3: array([0.97897953]), 4: array([1.]), 5: array([0.71193062]), 6: array([0.60690602]), 7: array([0.]), 8: array([0.89501665]), 9: array([0.84044338])}
2025-05-12 17:10:19,956 - DEBUG - util_fusion - fusion_dual_defense - client 8 similarity threshold: 0.6995279400017339
2025-05-12 17:10:19,957 - INFO - util_fusion - fusion_dual_defense - client 8 selected fusion benigns: [0, 1, 3, 4, 5, 8, 9]
2025-05-12 17:10:19,965 - DEBUG - util_fusion - fusion_dual_defense - client 9 scores: {0: array([1563.47774351]), 1: array([1563.50669433]), 2: array([1563.39177638]), 3: array([1563.52177151]), 4: array([1563.52584868]), 5: array([1563.4699742]), 6: array([1563.44960343]), 7: array([1563.3318868]), 8: array([1563.50548591]), 9: array([1563.49490077])}
2025-05-12 17:10:19,965 - DEBUG - util_fusion - fusion_dual_defense - client 9 norm scores: {0: array([0.75198648]), 1: array([0.90124687]), 2: array([0.30876985]), 3: array([0.97897953]), 4: array([1.]), 5: array([0.71193062]), 6: array([0.60690602]), 7: array([0.]), 8: array([0.89501665]), 9: array([0.84044338])}
2025-05-12 17:10:19,965 - DEBUG - util_fusion - fusion_dual_defense - client 9 similarity threshold: 0.6995279400017339
2025-05-12 17:10:19,966 - INFO - util_fusion - fusion_dual_defense - client 9 selected fusion benigns: [0, 1, 3, 4, 5, 8, 9]
2025-05-12 17:10:19,966 - DEBUG - util_fusion - fusion_dual_defense - final fusion benigns: (0, 1, 3, 4, 5, 8, 9)
2025-05-12 17:10:21,782 - INFO - fl - start - global side -  test accuracy: 10.09
2025-05-12 17:10:21,783 - INFO - fl - start - global side iteration 17 -  test accuracy: 10.09
2025-05-12 17:10:21,783 - INFO - fl - start - start training round 18
2025-05-12 17:10:21,785 - INFO - fl - start - round 18 attackers: [6, 9]
2025-05-12 17:10:21,785 - INFO - fl - start - start client 0 training
2025-05-12 17:10:21,785 - INFO - fl - client_local_train - client 0 start local training ...
2025-05-12 17:10:26,441 - INFO - fl - start - end client 0 training
2025-05-12 17:10:26,441 - INFO - fl - start - client 0 evaluation metrics: {'train_loss': 608988543372492.8, 'test_acc': 9.74}
2025-05-12 17:10:26,441 - INFO - fl - start - start client 1 training
2025-05-12 17:10:26,441 - INFO - fl - client_local_train - client 1 start local training ...
2025-05-12 17:10:29,949 - INFO - fl - start - end client 1 training
2025-05-12 17:10:29,949 - INFO - fl - start - client 1 evaluation metrics: {'train_loss': 631756275358352.9, 'test_acc': 9.74}
2025-05-12 17:10:29,950 - INFO - fl - start - start client 2 training
2025-05-12 17:10:29,950 - INFO - fl - client_local_train - client 2 start local training ...
2025-05-12 17:10:40,081 - INFO - fl - start - end client 2 training
2025-05-12 17:10:40,082 - INFO - fl - start - client 2 evaluation metrics: {'train_loss': 478616169710337.2, 'test_acc': 10.28}
2025-05-12 17:10:40,082 - INFO - fl - start - start client 3 training
2025-05-12 17:10:40,082 - INFO - fl - client_local_train - client 3 start local training ...
2025-05-12 17:10:47,240 - INFO - fl - start - end client 3 training
2025-05-12 17:10:47,240 - INFO - fl - start - client 3 evaluation metrics: {'train_loss': 145917437970010.78, 'test_acc': 9.82}
2025-05-12 17:10:47,240 - INFO - fl - start - start client 4 training
2025-05-12 17:10:47,240 - INFO - fl - client_local_train - client 4 start local training ...
2025-05-12 17:10:54,546 - INFO - fl - start - end client 4 training
2025-05-12 17:10:54,546 - INFO - fl - start - client 4 evaluation metrics: {'train_loss': 797540061884331.2, 'test_acc': 8.92}
2025-05-12 17:10:54,546 - INFO - fl - start - start client 5 training
2025-05-12 17:10:54,546 - INFO - fl - client_local_train - client 5 start local training ...
2025-05-12 17:11:00,214 - INFO - fl - start - end client 5 training
2025-05-12 17:11:00,215 - INFO - fl - start - client 5 evaluation metrics: {'train_loss': 341614800571752.8, 'test_acc': 10.09}
2025-05-12 17:11:00,215 - INFO - fl - start - start client 6 training
2025-05-12 17:11:00,215 - INFO - fl - client_local_train - client 6 start local training ...
2025-05-12 17:11:01,886 - INFO - fl - client_local_train - client 6 is attacker, start poisoning model
2025-05-12 17:11:05,471 - INFO - fl - start - end client 6 training
2025-05-12 17:11:05,471 - INFO - fl - start - client 6 evaluation metrics: {'train_loss': 5.552330089261654e+16, 'test_acc': 10.32}
2025-05-12 17:11:05,480 - INFO - fl - start - start client 7 training
2025-05-12 17:11:05,480 - INFO - fl - client_local_train - client 7 start local training ...
2025-05-12 17:11:08,634 - INFO - fl - start - end client 7 training
2025-05-12 17:11:08,634 - INFO - fl - start - client 7 evaluation metrics: {'train_loss': 713458253592337.9, 'test_acc': 8.92}
2025-05-12 17:11:08,634 - INFO - fl - start - start client 8 training
2025-05-12 17:11:08,634 - INFO - fl - client_local_train - client 8 start local training ...
2025-05-12 17:11:13,585 - INFO - fl - start - end client 8 training
2025-05-12 17:11:13,585 - INFO - fl - start - client 8 evaluation metrics: {'train_loss': 883613598657194.6, 'test_acc': 10.32}
2025-05-12 17:11:13,585 - INFO - fl - start - start client 9 training
2025-05-12 17:11:13,585 - INFO - fl - client_local_train - client 9 start local training ...
2025-05-12 17:11:14,326 - INFO - fl - client_local_train - client 9 is attacker, start poisoning model
2025-05-12 17:11:17,409 - INFO - fl - start - end client 9 training
2025-05-12 17:11:17,409 - INFO - fl - start - client 9 evaluation metrics: {'train_loss': 2.7743918734875604e+16, 'test_acc': 10.28}
2025-05-12 17:11:17,409 - INFO - fl - aggregate_model - start model aggregation...fusion method: dual_defense
2025-05-12 17:11:17,409 - INFO - fl - aggregate_model - start hyper-guard fusion with epsilon 0.01
2025-05-12 17:11:17,409 - INFO - fl - aggregate_model - round 18 attackers: [9, 6]
2025-05-12 17:11:28,533 - DEBUG - util_fusion - fusion_dual_defense - client 0 scores: {0: array([8208.33769279]), 1: array([8208.00150647]), 2: array([8207.10987825]), 3: array([8208.53250393]), 4: array([8208.512499]), 5: array([8208.36348502]), 6: array([8208.24299933]), 7: array([8207.59030528]), 8: array([8208.34101113]), 9: array([8206.56034812])}
2025-05-12 17:11:28,534 - DEBUG - util_fusion - fusion_dual_defense - client 0 norm scores: {0: array([0.9012192]), 1: array([0.73075278]), 2: array([0.27864438]), 3: array([1.]), 4: array([0.98985631]), 5: array([0.91429739]), 6: array([0.85320399]), 7: array([0.52224939]), 8: array([0.90290179]), 9: array([0.])}
2025-05-12 17:11:28,534 - DEBUG - util_fusion - fusion_dual_defense - client 0 similarity threshold: 0.7093125235553006
2025-05-12 17:11:28,534 - INFO - util_fusion - fusion_dual_defense - client 0 selected fusion benigns: [0, 1, 3, 4, 5, 6, 8]
2025-05-12 17:11:28,542 - DEBUG - util_fusion - fusion_dual_defense - client 1 scores: {0: array([8208.33769279]), 1: array([8208.00150647]), 2: array([8207.10987825]), 3: array([8208.53250393]), 4: array([8208.512499]), 5: array([8208.36348502]), 6: array([8208.24299933]), 7: array([8207.59030528]), 8: array([8208.34101113]), 9: array([8206.56034812])}
2025-05-12 17:11:28,543 - DEBUG - util_fusion - fusion_dual_defense - client 1 norm scores: {0: array([0.9012192]), 1: array([0.73075278]), 2: array([0.27864438]), 3: array([1.]), 4: array([0.98985631]), 5: array([0.91429739]), 6: array([0.85320399]), 7: array([0.52224939]), 8: array([0.90290179]), 9: array([0.])}
2025-05-12 17:11:28,543 - DEBUG - util_fusion - fusion_dual_defense - client 1 similarity threshold: 0.7093125235553006
2025-05-12 17:11:28,543 - INFO - util_fusion - fusion_dual_defense - client 1 selected fusion benigns: [0, 1, 3, 4, 5, 6, 8]
2025-05-12 17:11:28,552 - DEBUG - util_fusion - fusion_dual_defense - client 2 scores: {0: array([8208.33769279]), 1: array([8208.00150647]), 2: array([8207.10987825]), 3: array([8208.53250393]), 4: array([8208.512499]), 5: array([8208.36348502]), 6: array([8208.24299933]), 7: array([8207.59030528]), 8: array([8208.34101113]), 9: array([8206.56034812])}
2025-05-12 17:11:28,552 - DEBUG - util_fusion - fusion_dual_defense - client 2 norm scores: {0: array([0.9012192]), 1: array([0.73075278]), 2: array([0.27864438]), 3: array([1.]), 4: array([0.98985631]), 5: array([0.91429739]), 6: array([0.85320399]), 7: array([0.52224939]), 8: array([0.90290179]), 9: array([0.])}
2025-05-12 17:11:28,552 - DEBUG - util_fusion - fusion_dual_defense - client 2 similarity threshold: 0.7093125235553006
2025-05-12 17:11:28,552 - INFO - util_fusion - fusion_dual_defense - client 2 selected fusion benigns: [0, 1, 3, 4, 5, 6, 8]
2025-05-12 17:11:28,561 - DEBUG - util_fusion - fusion_dual_defense - client 3 scores: {0: array([8208.33769279]), 1: array([8208.00150647]), 2: array([8207.10987825]), 3: array([8208.53250393]), 4: array([8208.512499]), 5: array([8208.36348502]), 6: array([8208.24299933]), 7: array([8207.59030528]), 8: array([8208.34101113]), 9: array([8206.56034812])}
2025-05-12 17:11:28,561 - DEBUG - util_fusion - fusion_dual_defense - client 3 norm scores: {0: array([0.9012192]), 1: array([0.73075278]), 2: array([0.27864438]), 3: array([1.]), 4: array([0.98985631]), 5: array([0.91429739]), 6: array([0.85320399]), 7: array([0.52224939]), 8: array([0.90290179]), 9: array([0.])}
2025-05-12 17:11:28,561 - DEBUG - util_fusion - fusion_dual_defense - client 3 similarity threshold: 0.7093125235553006
2025-05-12 17:11:28,561 - INFO - util_fusion - fusion_dual_defense - client 3 selected fusion benigns: [0, 1, 3, 4, 5, 6, 8]
2025-05-12 17:11:28,569 - DEBUG - util_fusion - fusion_dual_defense - client 4 scores: {0: array([8208.33769279]), 1: array([8208.00150647]), 2: array([8207.10987825]), 3: array([8208.53250393]), 4: array([8208.512499]), 5: array([8208.36348502]), 6: array([8208.24299933]), 7: array([8207.59030528]), 8: array([8208.34101113]), 9: array([8206.56034812])}
2025-05-12 17:11:28,570 - DEBUG - util_fusion - fusion_dual_defense - client 4 norm scores: {0: array([0.9012192]), 1: array([0.73075278]), 2: array([0.27864438]), 3: array([1.]), 4: array([0.98985631]), 5: array([0.91429739]), 6: array([0.85320399]), 7: array([0.52224939]), 8: array([0.90290179]), 9: array([0.])}
2025-05-12 17:11:28,570 - DEBUG - util_fusion - fusion_dual_defense - client 4 similarity threshold: 0.7093125235553006
2025-05-12 17:11:28,570 - INFO - util_fusion - fusion_dual_defense - client 4 selected fusion benigns: [0, 1, 3, 4, 5, 6, 8]
2025-05-12 17:11:28,578 - DEBUG - util_fusion - fusion_dual_defense - client 5 scores: {0: array([8208.33769279]), 1: array([8208.00150647]), 2: array([8207.10987825]), 3: array([8208.53250393]), 4: array([8208.512499]), 5: array([8208.36348502]), 6: array([8208.24299933]), 7: array([8207.59030528]), 8: array([8208.34101113]), 9: array([8206.56034812])}
2025-05-12 17:11:28,579 - DEBUG - util_fusion - fusion_dual_defense - client 5 norm scores: {0: array([0.9012192]), 1: array([0.73075278]), 2: array([0.27864438]), 3: array([1.]), 4: array([0.98985631]), 5: array([0.91429739]), 6: array([0.85320399]), 7: array([0.52224939]), 8: array([0.90290179]), 9: array([0.])}
2025-05-12 17:11:28,579 - DEBUG - util_fusion - fusion_dual_defense - client 5 similarity threshold: 0.7093125235553006
2025-05-12 17:11:28,579 - INFO - util_fusion - fusion_dual_defense - client 5 selected fusion benigns: [0, 1, 3, 4, 5, 6, 8]
2025-05-12 17:11:28,587 - DEBUG - util_fusion - fusion_dual_defense - client 6 scores: {0: array([8208.33769279]), 1: array([8208.00150647]), 2: array([8207.10987825]), 3: array([8208.53250393]), 4: array([8208.512499]), 5: array([8208.36348502]), 6: array([8208.24299933]), 7: array([8207.59030528]), 8: array([8208.34101113]), 9: array([8206.56034812])}
2025-05-12 17:11:28,588 - DEBUG - util_fusion - fusion_dual_defense - client 6 norm scores: {0: array([0.9012192]), 1: array([0.73075278]), 2: array([0.27864438]), 3: array([1.]), 4: array([0.98985631]), 5: array([0.91429739]), 6: array([0.85320399]), 7: array([0.52224939]), 8: array([0.90290179]), 9: array([0.])}
2025-05-12 17:11:28,588 - DEBUG - util_fusion - fusion_dual_defense - client 6 similarity threshold: 0.7093125235553006
2025-05-12 17:11:28,588 - INFO - util_fusion - fusion_dual_defense - client 6 selected fusion benigns: [0, 1, 3, 4, 5, 6, 8]
2025-05-12 17:11:28,596 - DEBUG - util_fusion - fusion_dual_defense - client 7 scores: {0: array([8208.33769279]), 1: array([8208.00150647]), 2: array([8207.10987825]), 3: array([8208.53250393]), 4: array([8208.512499]), 5: array([8208.36348502]), 6: array([8208.24299933]), 7: array([8207.59030528]), 8: array([8208.34101113]), 9: array([8206.56034812])}
2025-05-12 17:11:28,597 - DEBUG - util_fusion - fusion_dual_defense - client 7 norm scores: {0: array([0.9012192]), 1: array([0.73075278]), 2: array([0.27864438]), 3: array([1.]), 4: array([0.98985631]), 5: array([0.91429739]), 6: array([0.85320399]), 7: array([0.52224939]), 8: array([0.90290179]), 9: array([0.])}
2025-05-12 17:11:28,597 - DEBUG - util_fusion - fusion_dual_defense - client 7 similarity threshold: 0.7093125235553006
2025-05-12 17:11:28,597 - INFO - util_fusion - fusion_dual_defense - client 7 selected fusion benigns: [0, 1, 3, 4, 5, 6, 8]
2025-05-12 17:11:28,605 - DEBUG - util_fusion - fusion_dual_defense - client 8 scores: {0: array([8208.33769279]), 1: array([8208.00150647]), 2: array([8207.10987825]), 3: array([8208.53250393]), 4: array([8208.512499]), 5: array([8208.36348502]), 6: array([8208.24299933]), 7: array([8207.59030528]), 8: array([8208.34101113]), 9: array([8206.56034812])}
2025-05-12 17:11:28,606 - DEBUG - util_fusion - fusion_dual_defense - client 8 norm scores: {0: array([0.9012192]), 1: array([0.73075278]), 2: array([0.27864438]), 3: array([1.]), 4: array([0.98985631]), 5: array([0.91429739]), 6: array([0.85320399]), 7: array([0.52224939]), 8: array([0.90290179]), 9: array([0.])}
2025-05-12 17:11:28,606 - DEBUG - util_fusion - fusion_dual_defense - client 8 similarity threshold: 0.7093125235553006
2025-05-12 17:11:28,606 - INFO - util_fusion - fusion_dual_defense - client 8 selected fusion benigns: [0, 1, 3, 4, 5, 6, 8]
2025-05-12 17:11:28,614 - DEBUG - util_fusion - fusion_dual_defense - client 9 scores: {0: array([8208.33769279]), 1: array([8208.00150647]), 2: array([8207.10987825]), 3: array([8208.53250393]), 4: array([8208.512499]), 5: array([8208.36348502]), 6: array([8208.24299933]), 7: array([8207.59030528]), 8: array([8208.34101113]), 9: array([8206.56034812])}
2025-05-12 17:11:28,615 - DEBUG - util_fusion - fusion_dual_defense - client 9 norm scores: {0: array([0.9012192]), 1: array([0.73075278]), 2: array([0.27864438]), 3: array([1.]), 4: array([0.98985631]), 5: array([0.91429739]), 6: array([0.85320399]), 7: array([0.52224939]), 8: array([0.90290179]), 9: array([0.])}
2025-05-12 17:11:28,615 - DEBUG - util_fusion - fusion_dual_defense - client 9 similarity threshold: 0.7093125235553006
2025-05-12 17:11:28,615 - INFO - util_fusion - fusion_dual_defense - client 9 selected fusion benigns: [0, 1, 3, 4, 5, 6, 8]
2025-05-12 17:11:28,615 - DEBUG - util_fusion - fusion_dual_defense - final fusion benigns: (0, 1, 3, 4, 5, 6, 8)
2025-05-12 17:11:30,431 - INFO - fl - start - global side -  test accuracy: 10.32
2025-05-12 17:11:30,431 - INFO - fl - start - global side iteration 18 -  test accuracy: 10.32
2025-05-12 17:11:30,431 - INFO - fl - start - start training round 19
2025-05-12 17:11:30,433 - INFO - fl - start - round 19 attackers: [4, 0]
2025-05-12 17:11:30,433 - INFO - fl - start - start client 0 training
2025-05-12 17:11:30,433 - INFO - fl - client_local_train - client 0 start local training ...
2025-05-12 17:11:33,031 - INFO - fl - client_local_train - client 0 is attacker, start poisoning model
2025-05-12 17:11:37,105 - INFO - fl - start - end client 0 training
2025-05-12 17:11:37,105 - INFO - fl - start - client 0 evaluation metrics: {'train_loss': 2.19392093909418e+16, 'test_acc': 10.32}
2025-05-12 17:11:37,105 - INFO - fl - start - start client 1 training
2025-05-12 17:11:37,105 - INFO - fl - client_local_train - client 1 start local training ...
2025-05-12 17:11:40,618 - INFO - fl - start - end client 1 training
2025-05-12 17:11:40,618 - INFO - fl - start - client 1 evaluation metrics: {'train_loss': 1689279574780792.8, 'test_acc': 9.74}
2025-05-12 17:11:40,618 - INFO - fl - start - start client 2 training
2025-05-12 17:11:40,618 - INFO - fl - client_local_train - client 2 start local training ...
2025-05-12 17:11:50,734 - INFO - fl - start - end client 2 training
2025-05-12 17:11:50,734 - INFO - fl - start - client 2 evaluation metrics: {'train_loss': 1454954178385468.0, 'test_acc': 10.28}
2025-05-12 17:11:50,734 - INFO - fl - start - start client 3 training
2025-05-12 17:11:50,734 - INFO - fl - client_local_train - client 3 start local training ...
2025-05-12 17:11:57,872 - INFO - fl - start - end client 3 training
2025-05-12 17:11:57,872 - INFO - fl - start - client 3 evaluation metrics: {'train_loss': 697193802475737.9, 'test_acc': 11.35}
2025-05-12 17:11:57,872 - INFO - fl - start - start client 4 training
2025-05-12 17:11:57,872 - INFO - fl - client_local_train - client 4 start local training ...
2025-05-12 17:12:02,567 - INFO - fl - client_local_train - client 4 is attacker, start poisoning model
2025-05-12 17:12:07,752 - INFO - fl - start - end client 4 training
2025-05-12 17:12:07,752 - INFO - fl - start - client 4 evaluation metrics: {'train_loss': 6.050631838700531e+16, 'test_acc': 9.74}
2025-05-12 17:12:07,752 - INFO - fl - start - start client 5 training
2025-05-12 17:12:07,752 - INFO - fl - client_local_train - client 5 start local training ...
2025-05-12 17:12:13,440 - INFO - fl - start - end client 5 training
2025-05-12 17:12:13,440 - INFO - fl - start - client 5 evaluation metrics: {'train_loss': 684028661274097.4, 'test_acc': 9.58}
2025-05-12 17:12:13,440 - INFO - fl - start - start client 6 training
2025-05-12 17:12:13,440 - INFO - fl - client_local_train - client 6 start local training ...
2025-05-12 17:12:16,908 - INFO - fl - start - end client 6 training
2025-05-12 17:12:16,908 - INFO - fl - start - client 6 evaluation metrics: {'train_loss': 1686317478888684.2, 'test_acc': 11.35}
2025-05-12 17:12:16,908 - INFO - fl - start - start client 7 training
2025-05-12 17:12:16,908 - INFO - fl - client_local_train - client 7 start local training ...
2025-05-12 17:12:20,025 - INFO - fl - start - end client 7 training
2025-05-12 17:12:20,025 - INFO - fl - start - client 7 evaluation metrics: {'train_loss': 1764974628468497.8, 'test_acc': 9.8}
2025-05-12 17:12:20,025 - INFO - fl - start - start client 8 training
2025-05-12 17:12:20,025 - INFO - fl - client_local_train - client 8 start local training ...
2025-05-12 17:12:24,992 - INFO - fl - start - end client 8 training
2025-05-12 17:12:24,992 - INFO - fl - start - client 8 evaluation metrics: {'train_loss': 683103547203301.5, 'test_acc': 10.32}
2025-05-12 17:12:24,992 - INFO - fl - start - start client 9 training
2025-05-12 17:12:24,992 - INFO - fl - client_local_train - client 9 start local training ...
2025-05-12 17:12:27,265 - INFO - fl - start - end client 9 training
2025-05-12 17:12:27,265 - INFO - fl - start - client 9 evaluation metrics: {'train_loss': 1033024308567707.9, 'test_acc': 9.82}
2025-05-12 17:12:27,265 - INFO - fl - aggregate_model - start model aggregation...fusion method: dual_defense
2025-05-12 17:12:27,265 - INFO - fl - aggregate_model - start hyper-guard fusion with epsilon 0.01
2025-05-12 17:12:27,265 - INFO - fl - aggregate_model - round 19 attackers: [0, 4]
2025-05-12 17:12:38,375 - DEBUG - util_fusion - fusion_dual_defense - client 0 scores: {0: array([1381.5671487]), 1: array([1381.55952679]), 2: array([1381.55784632]), 3: array([1381.56863144]), 4: array([1381.5719627]), 5: array([1381.23968776]), 6: array([1381.53555472]), 7: array([1381.52991106]), 8: array([1381.5686937]), 9: array([1381.26990797])}
2025-05-12 17:12:38,376 - DEBUG - util_fusion - fusion_dual_defense - client 0 norm scores: {0: array([0.985512]), 1: array([0.96257344]), 2: array([0.95751598]), 3: array([0.9899744]), 4: array([1.]), 5: array([0.]), 6: array([0.89042815]), 7: array([0.87344324]), 8: array([0.99016177]), 9: array([0.09094943])}
2025-05-12 17:12:38,376 - DEBUG - util_fusion - fusion_dual_defense - client 0 similarity threshold: 0.7740558410174216
2025-05-12 17:12:38,376 - INFO - util_fusion - fusion_dual_defense - client 0 selected fusion benigns: [0, 1, 2, 3, 4, 6, 7, 8]
2025-05-12 17:12:38,385 - DEBUG - util_fusion - fusion_dual_defense - client 1 scores: {0: array([1381.5671487]), 1: array([1381.55952679]), 2: array([1381.55784632]), 3: array([1381.56863144]), 4: array([1381.5719627]), 5: array([1381.23968776]), 6: array([1381.53555472]), 7: array([1381.52991106]), 8: array([1381.5686937]), 9: array([1381.26990797])}
2025-05-12 17:12:38,385 - DEBUG - util_fusion - fusion_dual_defense - client 1 norm scores: {0: array([0.985512]), 1: array([0.96257344]), 2: array([0.95751598]), 3: array([0.9899744]), 4: array([1.]), 5: array([0.]), 6: array([0.89042815]), 7: array([0.87344324]), 8: array([0.99016177]), 9: array([0.09094943])}
2025-05-12 17:12:38,385 - DEBUG - util_fusion - fusion_dual_defense - client 1 similarity threshold: 0.7740558410174216
2025-05-12 17:12:38,385 - INFO - util_fusion - fusion_dual_defense - client 1 selected fusion benigns: [0, 1, 2, 3, 4, 6, 7, 8]
2025-05-12 17:12:38,394 - DEBUG - util_fusion - fusion_dual_defense - client 2 scores: {0: array([1381.5671487]), 1: array([1381.55952679]), 2: array([1381.55784632]), 3: array([1381.56863144]), 4: array([1381.5719627]), 5: array([1381.23968776]), 6: array([1381.53555472]), 7: array([1381.52991106]), 8: array([1381.5686937]), 9: array([1381.26990797])}
2025-05-12 17:12:38,394 - DEBUG - util_fusion - fusion_dual_defense - client 2 norm scores: {0: array([0.985512]), 1: array([0.96257344]), 2: array([0.95751598]), 3: array([0.9899744]), 4: array([1.]), 5: array([0.]), 6: array([0.89042815]), 7: array([0.87344324]), 8: array([0.99016177]), 9: array([0.09094943])}
2025-05-12 17:12:38,394 - DEBUG - util_fusion - fusion_dual_defense - client 2 similarity threshold: 0.7740558410174216
2025-05-12 17:12:38,394 - INFO - util_fusion - fusion_dual_defense - client 2 selected fusion benigns: [0, 1, 2, 3, 4, 6, 7, 8]
2025-05-12 17:12:38,403 - DEBUG - util_fusion - fusion_dual_defense - client 3 scores: {0: array([1381.5671487]), 1: array([1381.55952679]), 2: array([1381.55784632]), 3: array([1381.56863144]), 4: array([1381.5719627]), 5: array([1381.23968776]), 6: array([1381.53555472]), 7: array([1381.52991106]), 8: array([1381.5686937]), 9: array([1381.26990797])}
2025-05-12 17:12:38,403 - DEBUG - util_fusion - fusion_dual_defense - client 3 norm scores: {0: array([0.985512]), 1: array([0.96257344]), 2: array([0.95751598]), 3: array([0.9899744]), 4: array([1.]), 5: array([0.]), 6: array([0.89042815]), 7: array([0.87344324]), 8: array([0.99016177]), 9: array([0.09094943])}
2025-05-12 17:12:38,403 - DEBUG - util_fusion - fusion_dual_defense - client 3 similarity threshold: 0.7740558410174216
2025-05-12 17:12:38,403 - INFO - util_fusion - fusion_dual_defense - client 3 selected fusion benigns: [0, 1, 2, 3, 4, 6, 7, 8]
2025-05-12 17:12:38,412 - DEBUG - util_fusion - fusion_dual_defense - client 4 scores: {0: array([1381.5671487]), 1: array([1381.55952679]), 2: array([1381.55784632]), 3: array([1381.56863144]), 4: array([1381.5719627]), 5: array([1381.23968776]), 6: array([1381.53555472]), 7: array([1381.52991106]), 8: array([1381.5686937]), 9: array([1381.26990797])}
2025-05-12 17:12:38,412 - DEBUG - util_fusion - fusion_dual_defense - client 4 norm scores: {0: array([0.985512]), 1: array([0.96257344]), 2: array([0.95751598]), 3: array([0.9899744]), 4: array([1.]), 5: array([0.]), 6: array([0.89042815]), 7: array([0.87344324]), 8: array([0.99016177]), 9: array([0.09094943])}
2025-05-12 17:12:38,412 - DEBUG - util_fusion - fusion_dual_defense - client 4 similarity threshold: 0.7740558410174216
2025-05-12 17:12:38,412 - INFO - util_fusion - fusion_dual_defense - client 4 selected fusion benigns: [0, 1, 2, 3, 4, 6, 7, 8]
2025-05-12 17:12:38,421 - DEBUG - util_fusion - fusion_dual_defense - client 5 scores: {0: array([1381.5671487]), 1: array([1381.55952679]), 2: array([1381.55784632]), 3: array([1381.56863144]), 4: array([1381.5719627]), 5: array([1381.23968776]), 6: array([1381.53555472]), 7: array([1381.52991106]), 8: array([1381.5686937]), 9: array([1381.26990797])}
2025-05-12 17:12:38,421 - DEBUG - util_fusion - fusion_dual_defense - client 5 norm scores: {0: array([0.985512]), 1: array([0.96257344]), 2: array([0.95751598]), 3: array([0.9899744]), 4: array([1.]), 5: array([0.]), 6: array([0.89042815]), 7: array([0.87344324]), 8: array([0.99016177]), 9: array([0.09094943])}
2025-05-12 17:12:38,421 - DEBUG - util_fusion - fusion_dual_defense - client 5 similarity threshold: 0.7740558410174216
2025-05-12 17:12:38,421 - INFO - util_fusion - fusion_dual_defense - client 5 selected fusion benigns: [0, 1, 2, 3, 4, 6, 7, 8]
2025-05-12 17:12:38,430 - DEBUG - util_fusion - fusion_dual_defense - client 6 scores: {0: array([1381.5671487]), 1: array([1381.55952679]), 2: array([1381.55784632]), 3: array([1381.56863144]), 4: array([1381.5719627]), 5: array([1381.23968776]), 6: array([1381.53555472]), 7: array([1381.52991106]), 8: array([1381.5686937]), 9: array([1381.26990797])}
2025-05-12 17:12:38,430 - DEBUG - util_fusion - fusion_dual_defense - client 6 norm scores: {0: array([0.985512]), 1: array([0.96257344]), 2: array([0.95751598]), 3: array([0.9899744]), 4: array([1.]), 5: array([0.]), 6: array([0.89042815]), 7: array([0.87344324]), 8: array([0.99016177]), 9: array([0.09094943])}
2025-05-12 17:12:38,430 - DEBUG - util_fusion - fusion_dual_defense - client 6 similarity threshold: 0.7740558410174216
2025-05-12 17:12:38,431 - INFO - util_fusion - fusion_dual_defense - client 6 selected fusion benigns: [0, 1, 2, 3, 4, 6, 7, 8]
2025-05-12 17:12:38,439 - DEBUG - util_fusion - fusion_dual_defense - client 7 scores: {0: array([1381.5671487]), 1: array([1381.55952679]), 2: array([1381.55784632]), 3: array([1381.56863144]), 4: array([1381.5719627]), 5: array([1381.23968776]), 6: array([1381.53555472]), 7: array([1381.52991106]), 8: array([1381.5686937]), 9: array([1381.26990797])}
2025-05-12 17:12:38,439 - DEBUG - util_fusion - fusion_dual_defense - client 7 norm scores: {0: array([0.985512]), 1: array([0.96257344]), 2: array([0.95751598]), 3: array([0.9899744]), 4: array([1.]), 5: array([0.]), 6: array([0.89042815]), 7: array([0.87344324]), 8: array([0.99016177]), 9: array([0.09094943])}
2025-05-12 17:12:38,439 - DEBUG - util_fusion - fusion_dual_defense - client 7 similarity threshold: 0.7740558410174216
2025-05-12 17:12:38,440 - INFO - util_fusion - fusion_dual_defense - client 7 selected fusion benigns: [0, 1, 2, 3, 4, 6, 7, 8]
2025-05-12 17:12:38,448 - DEBUG - util_fusion - fusion_dual_defense - client 8 scores: {0: array([1381.5671487]), 1: array([1381.55952679]), 2: array([1381.55784632]), 3: array([1381.56863144]), 4: array([1381.5719627]), 5: array([1381.23968776]), 6: array([1381.53555472]), 7: array([1381.52991106]), 8: array([1381.5686937]), 9: array([1381.26990797])}
2025-05-12 17:12:38,448 - DEBUG - util_fusion - fusion_dual_defense - client 8 norm scores: {0: array([0.985512]), 1: array([0.96257344]), 2: array([0.95751598]), 3: array([0.9899744]), 4: array([1.]), 5: array([0.]), 6: array([0.89042815]), 7: array([0.87344324]), 8: array([0.99016177]), 9: array([0.09094943])}
2025-05-12 17:12:38,448 - DEBUG - util_fusion - fusion_dual_defense - client 8 similarity threshold: 0.7740558410174216
2025-05-12 17:12:38,449 - INFO - util_fusion - fusion_dual_defense - client 8 selected fusion benigns: [0, 1, 2, 3, 4, 6, 7, 8]
2025-05-12 17:12:38,457 - DEBUG - util_fusion - fusion_dual_defense - client 9 scores: {0: array([1381.5671487]), 1: array([1381.55952679]), 2: array([1381.55784632]), 3: array([1381.56863144]), 4: array([1381.5719627]), 5: array([1381.23968776]), 6: array([1381.53555472]), 7: array([1381.52991106]), 8: array([1381.5686937]), 9: array([1381.26990797])}
2025-05-12 17:12:38,458 - DEBUG - util_fusion - fusion_dual_defense - client 9 norm scores: {0: array([0.985512]), 1: array([0.96257344]), 2: array([0.95751598]), 3: array([0.9899744]), 4: array([1.]), 5: array([0.]), 6: array([0.89042815]), 7: array([0.87344324]), 8: array([0.99016177]), 9: array([0.09094943])}
2025-05-12 17:12:38,458 - DEBUG - util_fusion - fusion_dual_defense - client 9 similarity threshold: 0.7740558410174216
2025-05-12 17:12:38,458 - INFO - util_fusion - fusion_dual_defense - client 9 selected fusion benigns: [0, 1, 2, 3, 4, 6, 7, 8]
2025-05-12 17:12:38,458 - DEBUG - util_fusion - fusion_dual_defense - final fusion benigns: (0, 1, 2, 3, 4, 6, 7, 8)
2025-05-12 17:12:40,335 - INFO - fl - start - global side -  test accuracy: 9.74
2025-05-12 17:12:40,335 - INFO - fl - start - global side iteration 19 -  test accuracy: 9.74
2025-05-12 17:12:40,335 - INFO - fl - start - start training round 20
2025-05-12 17:12:40,337 - INFO - fl - start - round 20 attackers: [4, 3]
2025-05-12 17:12:40,337 - INFO - fl - start - start client 0 training
2025-05-12 17:12:40,337 - INFO - fl - client_local_train - client 0 start local training ...
2025-05-12 17:12:44,998 - INFO - fl - start - end client 0 training
2025-05-12 17:12:44,999 - INFO - fl - start - client 0 evaluation metrics: {'train_loss': 6583759421413786.0, 'test_acc': 9.8}
2025-05-12 17:12:44,999 - INFO - fl - start - start client 1 training
2025-05-12 17:12:44,999 - INFO - fl - client_local_train - client 1 start local training ...
2025-05-12 17:12:48,520 - INFO - fl - start - end client 1 training
2025-05-12 17:12:48,520 - INFO - fl - start - client 1 evaluation metrics: {'train_loss': 5977559804228898.0, 'test_acc': 9.74}
2025-05-12 17:12:48,520 - INFO - fl - start - start client 2 training
2025-05-12 17:12:48,520 - INFO - fl - client_local_train - client 2 start local training ...
2025-05-12 17:12:58,701 - INFO - fl - start - end client 2 training
2025-05-12 17:12:58,701 - INFO - fl - start - client 2 evaluation metrics: {'train_loss': 3951125159676625.0, 'test_acc': 11.35}
2025-05-12 17:12:58,701 - INFO - fl - start - start client 3 training
2025-05-12 17:12:58,701 - INFO - fl - client_local_train - client 3 start local training ...
2025-05-12 17:13:03,274 - INFO - fl - client_local_train - client 3 is attacker, start poisoning model
2025-05-12 17:13:08,411 - INFO - fl - start - end client 3 training
2025-05-12 17:13:08,411 - INFO - fl - start - client 3 evaluation metrics: {'train_loss': 5.3581204185056115e+17, 'test_acc': 9.82}
2025-05-12 17:13:08,411 - INFO - fl - start - start client 4 training
2025-05-12 17:13:08,411 - INFO - fl - client_local_train - client 4 start local training ...
2025-05-12 17:13:13,139 - INFO - fl - client_local_train - client 4 is attacker, start poisoning model
2025-05-12 17:13:18,359 - INFO - fl - start - end client 4 training
2025-05-12 17:13:18,359 - INFO - fl - start - client 4 evaluation metrics: {'train_loss': 2.4567622406415862e+17, 'test_acc': 8.93}
2025-05-12 17:13:18,359 - INFO - fl - start - start client 5 training
2025-05-12 17:13:18,359 - INFO - fl - client_local_train - client 5 start local training ...
2025-05-12 17:13:24,048 - INFO - fl - start - end client 5 training
2025-05-12 17:13:24,048 - INFO - fl - start - client 5 evaluation metrics: {'train_loss': 5284728581397826.0, 'test_acc': 9.58}
2025-05-12 17:13:24,048 - INFO - fl - start - start client 6 training
2025-05-12 17:13:24,048 - INFO - fl - client_local_train - client 6 start local training ...
2025-05-12 17:13:27,517 - INFO - fl - start - end client 6 training
2025-05-12 17:13:27,517 - INFO - fl - start - client 6 evaluation metrics: {'train_loss': 1.1711194782781124e+16, 'test_acc': 9.8}
2025-05-12 17:13:27,517 - INFO - fl - start - start client 7 training
2025-05-12 17:13:27,517 - INFO - fl - client_local_train - client 7 start local training ...
2025-05-12 17:13:30,642 - INFO - fl - start - end client 7 training
2025-05-12 17:13:30,642 - INFO - fl - start - client 7 evaluation metrics: {'train_loss': 3297597381861947.5, 'test_acc': 10.32}
2025-05-12 17:13:30,642 - INFO - fl - start - start client 8 training
2025-05-12 17:13:30,642 - INFO - fl - client_local_train - client 8 start local training ...
2025-05-12 17:13:35,581 - INFO - fl - start - end client 8 training
2025-05-12 17:13:35,581 - INFO - fl - start - client 8 evaluation metrics: {'train_loss': 5473036418043009.0, 'test_acc': 10.28}
2025-05-12 17:13:35,581 - INFO - fl - start - start client 9 training
2025-05-12 17:13:35,581 - INFO - fl - client_local_train - client 9 start local training ...
2025-05-12 17:13:37,869 - INFO - fl - start - end client 9 training
2025-05-12 17:13:37,869 - INFO - fl - start - client 9 evaluation metrics: {'train_loss': 7264698763814645.0, 'test_acc': 9.82}
2025-05-12 17:13:37,869 - INFO - fl - aggregate_model - start model aggregation...fusion method: dual_defense
2025-05-12 17:13:37,869 - INFO - fl - aggregate_model - start hyper-guard fusion with epsilon 0.01
2025-05-12 17:13:37,869 - INFO - fl - aggregate_model - round 20 attackers: [3, 4]
2025-05-12 17:13:49,025 - DEBUG - util_fusion - fusion_dual_defense - client 0 scores: {0: array([1631.70918139]), 1: array([1631.54980195]), 2: array([1631.56424711]), 3: array([1631.66830377]), 4: array([1631.71516527]), 5: array([1631.71651887]), 6: array([1631.66924542]), 7: array([1631.4760686]), 8: array([1631.71683077]), 9: array([1631.69658126])}
2025-05-12 17:13:49,026 - DEBUG - util_fusion - fusion_dual_defense - client 0 norm scores: {0: array([0.96822851]), 1: array([0.30624973]), 2: array([0.36624738]), 3: array([0.79844424]), 4: array([0.99308239]), 5: array([0.99870454]), 6: array([0.80235538]), 7: array([0.]), 8: array([1.]), 9: array([0.91589415])}
2025-05-12 17:13:49,026 - DEBUG - util_fusion - fusion_dual_defense - client 0 similarity threshold: 0.7149206317095176
2025-05-12 17:13:49,026 - INFO - util_fusion - fusion_dual_defense - client 0 selected fusion benigns: [0, 3, 4, 5, 6, 8, 9]
2025-05-12 17:13:49,035 - DEBUG - util_fusion - fusion_dual_defense - client 1 scores: {0: array([1631.70918139]), 1: array([1631.54980195]), 2: array([1631.56424711]), 3: array([1631.66830377]), 4: array([1631.71516527]), 5: array([1631.71651887]), 6: array([1631.66924542]), 7: array([1631.4760686]), 8: array([1631.71683077]), 9: array([1631.69658126])}
2025-05-12 17:13:49,035 - DEBUG - util_fusion - fusion_dual_defense - client 1 norm scores: {0: array([0.96822851]), 1: array([0.30624973]), 2: array([0.36624738]), 3: array([0.79844424]), 4: array([0.99308239]), 5: array([0.99870454]), 6: array([0.80235538]), 7: array([0.]), 8: array([1.]), 9: array([0.91589415])}
2025-05-12 17:13:49,035 - DEBUG - util_fusion - fusion_dual_defense - client 1 similarity threshold: 0.7149206317095176
2025-05-12 17:13:49,035 - INFO - util_fusion - fusion_dual_defense - client 1 selected fusion benigns: [0, 3, 4, 5, 6, 8, 9]
2025-05-12 17:13:49,044 - DEBUG - util_fusion - fusion_dual_defense - client 2 scores: {0: array([1631.70918139]), 1: array([1631.54980195]), 2: array([1631.56424711]), 3: array([1631.66830377]), 4: array([1631.71516527]), 5: array([1631.71651887]), 6: array([1631.66924542]), 7: array([1631.4760686]), 8: array([1631.71683077]), 9: array([1631.69658126])}
2025-05-12 17:13:49,044 - DEBUG - util_fusion - fusion_dual_defense - client 2 norm scores: {0: array([0.96822851]), 1: array([0.30624973]), 2: array([0.36624738]), 3: array([0.79844424]), 4: array([0.99308239]), 5: array([0.99870454]), 6: array([0.80235538]), 7: array([0.]), 8: array([1.]), 9: array([0.91589415])}
2025-05-12 17:13:49,044 - DEBUG - util_fusion - fusion_dual_defense - client 2 similarity threshold: 0.7149206317095176
2025-05-12 17:13:49,044 - INFO - util_fusion - fusion_dual_defense - client 2 selected fusion benigns: [0, 3, 4, 5, 6, 8, 9]
2025-05-12 17:13:49,053 - DEBUG - util_fusion - fusion_dual_defense - client 3 scores: {0: array([1631.70918139]), 1: array([1631.54980195]), 2: array([1631.56424711]), 3: array([1631.66830377]), 4: array([1631.71516527]), 5: array([1631.71651887]), 6: array([1631.66924542]), 7: array([1631.4760686]), 8: array([1631.71683077]), 9: array([1631.69658126])}
2025-05-12 17:13:49,053 - DEBUG - util_fusion - fusion_dual_defense - client 3 norm scores: {0: array([0.96822851]), 1: array([0.30624973]), 2: array([0.36624738]), 3: array([0.79844424]), 4: array([0.99308239]), 5: array([0.99870454]), 6: array([0.80235538]), 7: array([0.]), 8: array([1.]), 9: array([0.91589415])}
2025-05-12 17:13:49,053 - DEBUG - util_fusion - fusion_dual_defense - client 3 similarity threshold: 0.7149206317095176
2025-05-12 17:13:49,053 - INFO - util_fusion - fusion_dual_defense - client 3 selected fusion benigns: [0, 3, 4, 5, 6, 8, 9]
2025-05-12 17:13:49,062 - DEBUG - util_fusion - fusion_dual_defense - client 4 scores: {0: array([1631.70918139]), 1: array([1631.54980195]), 2: array([1631.56424711]), 3: array([1631.66830377]), 4: array([1631.71516527]), 5: array([1631.71651887]), 6: array([1631.66924542]), 7: array([1631.4760686]), 8: array([1631.71683077]), 9: array([1631.69658126])}
2025-05-12 17:13:49,062 - DEBUG - util_fusion - fusion_dual_defense - client 4 norm scores: {0: array([0.96822851]), 1: array([0.30624973]), 2: array([0.36624738]), 3: array([0.79844424]), 4: array([0.99308239]), 5: array([0.99870454]), 6: array([0.80235538]), 7: array([0.]), 8: array([1.]), 9: array([0.91589415])}
2025-05-12 17:13:49,062 - DEBUG - util_fusion - fusion_dual_defense - client 4 similarity threshold: 0.7149206317095176
2025-05-12 17:13:49,062 - INFO - util_fusion - fusion_dual_defense - client 4 selected fusion benigns: [0, 3, 4, 5, 6, 8, 9]
2025-05-12 17:13:49,071 - DEBUG - util_fusion - fusion_dual_defense - client 5 scores: {0: array([1631.70918139]), 1: array([1631.54980195]), 2: array([1631.56424711]), 3: array([1631.66830377]), 4: array([1631.71516527]), 5: array([1631.71651887]), 6: array([1631.66924542]), 7: array([1631.4760686]), 8: array([1631.71683077]), 9: array([1631.69658126])}
2025-05-12 17:13:49,071 - DEBUG - util_fusion - fusion_dual_defense - client 5 norm scores: {0: array([0.96822851]), 1: array([0.30624973]), 2: array([0.36624738]), 3: array([0.79844424]), 4: array([0.99308239]), 5: array([0.99870454]), 6: array([0.80235538]), 7: array([0.]), 8: array([1.]), 9: array([0.91589415])}
2025-05-12 17:13:49,072 - DEBUG - util_fusion - fusion_dual_defense - client 5 similarity threshold: 0.7149206317095176
2025-05-12 17:13:49,072 - INFO - util_fusion - fusion_dual_defense - client 5 selected fusion benigns: [0, 3, 4, 5, 6, 8, 9]
2025-05-12 17:13:49,080 - DEBUG - util_fusion - fusion_dual_defense - client 6 scores: {0: array([1631.70918139]), 1: array([1631.54980195]), 2: array([1631.56424711]), 3: array([1631.66830377]), 4: array([1631.71516527]), 5: array([1631.71651887]), 6: array([1631.66924542]), 7: array([1631.4760686]), 8: array([1631.71683077]), 9: array([1631.69658126])}
2025-05-12 17:13:49,080 - DEBUG - util_fusion - fusion_dual_defense - client 6 norm scores: {0: array([0.96822851]), 1: array([0.30624973]), 2: array([0.36624738]), 3: array([0.79844424]), 4: array([0.99308239]), 5: array([0.99870454]), 6: array([0.80235538]), 7: array([0.]), 8: array([1.]), 9: array([0.91589415])}
2025-05-12 17:13:49,081 - DEBUG - util_fusion - fusion_dual_defense - client 6 similarity threshold: 0.7149206317095176
2025-05-12 17:13:49,081 - INFO - util_fusion - fusion_dual_defense - client 6 selected fusion benigns: [0, 3, 4, 5, 6, 8, 9]
2025-05-12 17:13:49,089 - DEBUG - util_fusion - fusion_dual_defense - client 7 scores: {0: array([1631.70918139]), 1: array([1631.54980195]), 2: array([1631.56424711]), 3: array([1631.66830377]), 4: array([1631.71516527]), 5: array([1631.71651887]), 6: array([1631.66924542]), 7: array([1631.4760686]), 8: array([1631.71683077]), 9: array([1631.69658126])}
2025-05-12 17:13:49,090 - DEBUG - util_fusion - fusion_dual_defense - client 7 norm scores: {0: array([0.96822851]), 1: array([0.30624973]), 2: array([0.36624738]), 3: array([0.79844424]), 4: array([0.99308239]), 5: array([0.99870454]), 6: array([0.80235538]), 7: array([0.]), 8: array([1.]), 9: array([0.91589415])}
2025-05-12 17:13:49,090 - DEBUG - util_fusion - fusion_dual_defense - client 7 similarity threshold: 0.7149206317095176
2025-05-12 17:13:49,090 - INFO - util_fusion - fusion_dual_defense - client 7 selected fusion benigns: [0, 3, 4, 5, 6, 8, 9]
2025-05-12 17:13:49,098 - DEBUG - util_fusion - fusion_dual_defense - client 8 scores: {0: array([1631.70918139]), 1: array([1631.54980195]), 2: array([1631.56424711]), 3: array([1631.66830377]), 4: array([1631.71516527]), 5: array([1631.71651887]), 6: array([1631.66924542]), 7: array([1631.4760686]), 8: array([1631.71683077]), 9: array([1631.69658126])}
2025-05-12 17:13:49,099 - DEBUG - util_fusion - fusion_dual_defense - client 8 norm scores: {0: array([0.96822851]), 1: array([0.30624973]), 2: array([0.36624738]), 3: array([0.79844424]), 4: array([0.99308239]), 5: array([0.99870454]), 6: array([0.80235538]), 7: array([0.]), 8: array([1.]), 9: array([0.91589415])}
2025-05-12 17:13:49,099 - DEBUG - util_fusion - fusion_dual_defense - client 8 similarity threshold: 0.7149206317095176
2025-05-12 17:13:49,099 - INFO - util_fusion - fusion_dual_defense - client 8 selected fusion benigns: [0, 3, 4, 5, 6, 8, 9]
2025-05-12 17:13:49,107 - DEBUG - util_fusion - fusion_dual_defense - client 9 scores: {0: array([1631.70918139]), 1: array([1631.54980195]), 2: array([1631.56424711]), 3: array([1631.66830377]), 4: array([1631.71516527]), 5: array([1631.71651887]), 6: array([1631.66924542]), 7: array([1631.4760686]), 8: array([1631.71683077]), 9: array([1631.69658126])}
2025-05-12 17:13:49,108 - DEBUG - util_fusion - fusion_dual_defense - client 9 norm scores: {0: array([0.96822851]), 1: array([0.30624973]), 2: array([0.36624738]), 3: array([0.79844424]), 4: array([0.99308239]), 5: array([0.99870454]), 6: array([0.80235538]), 7: array([0.]), 8: array([1.]), 9: array([0.91589415])}
2025-05-12 17:13:49,108 - DEBUG - util_fusion - fusion_dual_defense - client 9 similarity threshold: 0.7149206317095176
2025-05-12 17:13:49,108 - INFO - util_fusion - fusion_dual_defense - client 9 selected fusion benigns: [0, 3, 4, 5, 6, 8, 9]
2025-05-12 17:13:49,108 - DEBUG - util_fusion - fusion_dual_defense - final fusion benigns: (0, 3, 4, 5, 6, 8, 9)
2025-05-12 17:13:50,931 - INFO - fl - start - global side -  test accuracy: 9.82
2025-05-12 17:13:50,931 - INFO - fl - start - global side iteration 20 -  test accuracy: 9.82
2025-05-12 17:13:50,931 - INFO - fl - start - start training round 21
2025-05-12 17:13:50,933 - INFO - fl - start - round 21 attackers: [3, 2]
2025-05-12 17:13:50,933 - INFO - fl - start - start client 0 training
2025-05-12 17:13:50,933 - INFO - fl - client_local_train - client 0 start local training ...
2025-05-12 17:13:55,595 - INFO - fl - start - end client 0 training
2025-05-12 17:13:55,595 - INFO - fl - start - client 0 evaluation metrics: {'train_loss': 9.171279729288806e+16, 'test_acc': 10.32}
2025-05-12 17:13:55,595 - INFO - fl - start - start client 1 training
2025-05-12 17:13:55,595 - INFO - fl - client_local_train - client 1 start local training ...
2025-05-12 17:13:59,133 - INFO - fl - start - end client 1 training
2025-05-12 17:13:59,133 - INFO - fl - start - client 1 evaluation metrics: {'train_loss': 1.3092368678698328e+17, 'test_acc': 9.82}
2025-05-12 17:13:59,133 - INFO - fl - start - start client 2 training
2025-05-12 17:13:59,133 - INFO - fl - client_local_train - client 2 start local training ...
2025-05-12 17:14:06,090 - INFO - fl - client_local_train - client 2 is attacker, start poisoning model
2025-05-12 17:14:12,440 - INFO - fl - start - end client 2 training
2025-05-12 17:14:12,440 - INFO - fl - start - client 2 evaluation metrics: {'train_loss': 1.470804567519433e+19, 'test_acc': 10.3}
2025-05-12 17:14:12,440 - INFO - fl - start - start client 3 training
2025-05-12 17:14:12,440 - INFO - fl - client_local_train - client 3 start local training ...
2025-05-12 17:14:16,996 - INFO - fl - client_local_train - client 3 is attacker, start poisoning model
2025-05-12 17:14:22,133 - INFO - fl - start - end client 3 training
2025-05-12 17:14:22,133 - INFO - fl - start - client 3 evaluation metrics: {'train_loss': 8.867081758378498e+18, 'test_acc': 8.91}
2025-05-12 17:14:22,133 - INFO - fl - start - start client 4 training
2025-05-12 17:14:22,133 - INFO - fl - client_local_train - client 4 start local training ...
2025-05-12 17:14:29,419 - INFO - fl - start - end client 4 training
2025-05-12 17:14:29,419 - INFO - fl - start - client 4 evaluation metrics: {'train_loss': 8.37571388022357e+16, 'test_acc': 9.82}
2025-05-12 17:14:29,419 - INFO - fl - start - start client 5 training
2025-05-12 17:14:29,419 - INFO - fl - client_local_train - client 5 start local training ...
2025-05-12 17:14:35,099 - INFO - fl - start - end client 5 training
2025-05-12 17:14:35,099 - INFO - fl - start - client 5 evaluation metrics: {'train_loss': 5.604982838276291e+16, 'test_acc': 9.58}
2025-05-12 17:14:35,099 - INFO - fl - start - start client 6 training
2025-05-12 17:14:35,099 - INFO - fl - client_local_train - client 6 start local training ...
2025-05-12 17:14:38,541 - INFO - fl - start - end client 6 training
2025-05-12 17:14:38,541 - INFO - fl - start - client 6 evaluation metrics: {'train_loss': 8.686817028289331e+16, 'test_acc': 10.1}
2025-05-12 17:14:38,541 - INFO - fl - start - start client 7 training
2025-05-12 17:14:38,541 - INFO - fl - client_local_train - client 7 start local training ...
2025-05-12 17:14:41,649 - INFO - fl - start - end client 7 training
2025-05-12 17:14:41,649 - INFO - fl - start - client 7 evaluation metrics: {'train_loss': 8.121622025544328e+16, 'test_acc': 10.32}
2025-05-12 17:14:41,650 - INFO - fl - start - start client 8 training
2025-05-12 17:14:41,650 - INFO - fl - client_local_train - client 8 start local training ...
2025-05-12 17:14:46,563 - INFO - fl - start - end client 8 training
2025-05-12 17:14:46,563 - INFO - fl - start - client 8 evaluation metrics: {'train_loss': 3.346591847533622e+16, 'test_acc': 9.8}
2025-05-12 17:14:46,563 - INFO - fl - start - start client 9 training
2025-05-12 17:14:46,563 - INFO - fl - client_local_train - client 9 start local training ...
2025-05-12 17:14:48,848 - INFO - fl - start - end client 9 training
2025-05-12 17:14:48,848 - INFO - fl - start - client 9 evaluation metrics: {'train_loss': 8.71303799036912e+16, 'test_acc': 10.28}
2025-05-12 17:14:48,848 - INFO - fl - aggregate_model - start model aggregation...fusion method: dual_defense
2025-05-12 17:14:48,848 - INFO - fl - aggregate_model - start hyper-guard fusion with epsilon 0.01
2025-05-12 17:14:48,848 - INFO - fl - aggregate_model - round 21 attackers: [2, 3]
2025-05-12 17:15:00,005 - DEBUG - util_fusion - fusion_dual_defense - client 0 scores: {0: array([1595.46613701]), 1: array([1595.41774164]), 2: array([1595.47292965]), 3: array([1595.46472123]), 4: array([1595.47677212]), 5: array([1595.40231993]), 6: array([1595.44737991]), 7: array([1595.45663919]), 8: array([1595.44777807]), 9: array([1595.41045475])}
2025-05-12 17:15:00,005 - DEBUG - util_fusion - fusion_dual_defense - client 0 norm scores: {0: array([0.85715517]), 1: array([0.20713571]), 2: array([0.94839021]), 3: array([0.83813932]), 4: array([1.]), 5: array([0.]), 6: array([0.60522043]), 7: array([0.72958587]), 8: array([0.61056817]), 9: array([0.10926236])}
2025-05-12 17:15:00,006 - DEBUG - util_fusion - fusion_dual_defense - client 0 similarity threshold: 0.5905457237426696
2025-05-12 17:15:00,006 - INFO - util_fusion - fusion_dual_defense - client 0 selected fusion benigns: [0, 2, 3, 4, 6, 7, 8]
2025-05-12 17:15:00,014 - DEBUG - util_fusion - fusion_dual_defense - client 1 scores: {0: array([1595.46613701]), 1: array([1595.41774164]), 2: array([1595.47292965]), 3: array([1595.46472123]), 4: array([1595.47677212]), 5: array([1595.40231993]), 6: array([1595.44737991]), 7: array([1595.45663919]), 8: array([1595.44777807]), 9: array([1595.41045475])}
2025-05-12 17:15:00,015 - DEBUG - util_fusion - fusion_dual_defense - client 1 norm scores: {0: array([0.85715517]), 1: array([0.20713571]), 2: array([0.94839021]), 3: array([0.83813932]), 4: array([1.]), 5: array([0.]), 6: array([0.60522043]), 7: array([0.72958587]), 8: array([0.61056817]), 9: array([0.10926236])}
2025-05-12 17:15:00,015 - DEBUG - util_fusion - fusion_dual_defense - client 1 similarity threshold: 0.5905457237426696
2025-05-12 17:15:00,015 - INFO - util_fusion - fusion_dual_defense - client 1 selected fusion benigns: [0, 2, 3, 4, 6, 7, 8]
2025-05-12 17:15:00,023 - DEBUG - util_fusion - fusion_dual_defense - client 2 scores: {0: array([1595.46613701]), 1: array([1595.41774164]), 2: array([1595.47292965]), 3: array([1595.46472123]), 4: array([1595.47677212]), 5: array([1595.40231993]), 6: array([1595.44737991]), 7: array([1595.45663919]), 8: array([1595.44777807]), 9: array([1595.41045475])}
2025-05-12 17:15:00,024 - DEBUG - util_fusion - fusion_dual_defense - client 2 norm scores: {0: array([0.85715517]), 1: array([0.20713571]), 2: array([0.94839021]), 3: array([0.83813932]), 4: array([1.]), 5: array([0.]), 6: array([0.60522043]), 7: array([0.72958587]), 8: array([0.61056817]), 9: array([0.10926236])}
2025-05-12 17:15:00,024 - DEBUG - util_fusion - fusion_dual_defense - client 2 similarity threshold: 0.5905457237426696
2025-05-12 17:15:00,024 - INFO - util_fusion - fusion_dual_defense - client 2 selected fusion benigns: [0, 2, 3, 4, 6, 7, 8]
2025-05-12 17:15:00,033 - DEBUG - util_fusion - fusion_dual_defense - client 3 scores: {0: array([1595.46613701]), 1: array([1595.41774164]), 2: array([1595.47292965]), 3: array([1595.46472123]), 4: array([1595.47677212]), 5: array([1595.40231993]), 6: array([1595.44737991]), 7: array([1595.45663919]), 8: array([1595.44777807]), 9: array([1595.41045475])}
2025-05-12 17:15:00,033 - DEBUG - util_fusion - fusion_dual_defense - client 3 norm scores: {0: array([0.85715517]), 1: array([0.20713571]), 2: array([0.94839021]), 3: array([0.83813932]), 4: array([1.]), 5: array([0.]), 6: array([0.60522043]), 7: array([0.72958587]), 8: array([0.61056817]), 9: array([0.10926236])}
2025-05-12 17:15:00,033 - DEBUG - util_fusion - fusion_dual_defense - client 3 similarity threshold: 0.5905457237426696
2025-05-12 17:15:00,033 - INFO - util_fusion - fusion_dual_defense - client 3 selected fusion benigns: [0, 2, 3, 4, 6, 7, 8]
2025-05-12 17:15:00,042 - DEBUG - util_fusion - fusion_dual_defense - client 4 scores: {0: array([1595.46613701]), 1: array([1595.41774164]), 2: array([1595.47292965]), 3: array([1595.46472123]), 4: array([1595.47677212]), 5: array([1595.40231993]), 6: array([1595.44737991]), 7: array([1595.45663919]), 8: array([1595.44777807]), 9: array([1595.41045475])}
2025-05-12 17:15:00,042 - DEBUG - util_fusion - fusion_dual_defense - client 4 norm scores: {0: array([0.85715517]), 1: array([0.20713571]), 2: array([0.94839021]), 3: array([0.83813932]), 4: array([1.]), 5: array([0.]), 6: array([0.60522043]), 7: array([0.72958587]), 8: array([0.61056817]), 9: array([0.10926236])}
2025-05-12 17:15:00,042 - DEBUG - util_fusion - fusion_dual_defense - client 4 similarity threshold: 0.5905457237426696
2025-05-12 17:15:00,042 - INFO - util_fusion - fusion_dual_defense - client 4 selected fusion benigns: [0, 2, 3, 4, 6, 7, 8]
2025-05-12 17:15:00,051 - DEBUG - util_fusion - fusion_dual_defense - client 5 scores: {0: array([1595.46613701]), 1: array([1595.41774164]), 2: array([1595.47292965]), 3: array([1595.46472123]), 4: array([1595.47677212]), 5: array([1595.40231993]), 6: array([1595.44737991]), 7: array([1595.45663919]), 8: array([1595.44777807]), 9: array([1595.41045475])}
2025-05-12 17:15:00,051 - DEBUG - util_fusion - fusion_dual_defense - client 5 norm scores: {0: array([0.85715517]), 1: array([0.20713571]), 2: array([0.94839021]), 3: array([0.83813932]), 4: array([1.]), 5: array([0.]), 6: array([0.60522043]), 7: array([0.72958587]), 8: array([0.61056817]), 9: array([0.10926236])}
2025-05-12 17:15:00,051 - DEBUG - util_fusion - fusion_dual_defense - client 5 similarity threshold: 0.5905457237426696
2025-05-12 17:15:00,052 - INFO - util_fusion - fusion_dual_defense - client 5 selected fusion benigns: [0, 2, 3, 4, 6, 7, 8]
2025-05-12 17:15:00,060 - DEBUG - util_fusion - fusion_dual_defense - client 6 scores: {0: array([1595.46613701]), 1: array([1595.41774164]), 2: array([1595.47292965]), 3: array([1595.46472123]), 4: array([1595.47677212]), 5: array([1595.40231993]), 6: array([1595.44737991]), 7: array([1595.45663919]), 8: array([1595.44777807]), 9: array([1595.41045475])}
2025-05-12 17:15:00,060 - DEBUG - util_fusion - fusion_dual_defense - client 6 norm scores: {0: array([0.85715517]), 1: array([0.20713571]), 2: array([0.94839021]), 3: array([0.83813932]), 4: array([1.]), 5: array([0.]), 6: array([0.60522043]), 7: array([0.72958587]), 8: array([0.61056817]), 9: array([0.10926236])}
2025-05-12 17:15:00,060 - DEBUG - util_fusion - fusion_dual_defense - client 6 similarity threshold: 0.5905457237426696
2025-05-12 17:15:00,061 - INFO - util_fusion - fusion_dual_defense - client 6 selected fusion benigns: [0, 2, 3, 4, 6, 7, 8]
2025-05-12 17:15:00,069 - DEBUG - util_fusion - fusion_dual_defense - client 7 scores: {0: array([1595.46613701]), 1: array([1595.41774164]), 2: array([1595.47292965]), 3: array([1595.46472123]), 4: array([1595.47677212]), 5: array([1595.40231993]), 6: array([1595.44737991]), 7: array([1595.45663919]), 8: array([1595.44777807]), 9: array([1595.41045475])}
2025-05-12 17:15:00,069 - DEBUG - util_fusion - fusion_dual_defense - client 7 norm scores: {0: array([0.85715517]), 1: array([0.20713571]), 2: array([0.94839021]), 3: array([0.83813932]), 4: array([1.]), 5: array([0.]), 6: array([0.60522043]), 7: array([0.72958587]), 8: array([0.61056817]), 9: array([0.10926236])}
2025-05-12 17:15:00,069 - DEBUG - util_fusion - fusion_dual_defense - client 7 similarity threshold: 0.5905457237426696
2025-05-12 17:15:00,070 - INFO - util_fusion - fusion_dual_defense - client 7 selected fusion benigns: [0, 2, 3, 4, 6, 7, 8]
2025-05-12 17:15:00,078 - DEBUG - util_fusion - fusion_dual_defense - client 8 scores: {0: array([1595.46613701]), 1: array([1595.41774164]), 2: array([1595.47292965]), 3: array([1595.46472123]), 4: array([1595.47677212]), 5: array([1595.40231993]), 6: array([1595.44737991]), 7: array([1595.45663919]), 8: array([1595.44777807]), 9: array([1595.41045475])}
2025-05-12 17:15:00,078 - DEBUG - util_fusion - fusion_dual_defense - client 8 norm scores: {0: array([0.85715517]), 1: array([0.20713571]), 2: array([0.94839021]), 3: array([0.83813932]), 4: array([1.]), 5: array([0.]), 6: array([0.60522043]), 7: array([0.72958587]), 8: array([0.61056817]), 9: array([0.10926236])}
2025-05-12 17:15:00,078 - DEBUG - util_fusion - fusion_dual_defense - client 8 similarity threshold: 0.5905457237426696
2025-05-12 17:15:00,079 - INFO - util_fusion - fusion_dual_defense - client 8 selected fusion benigns: [0, 2, 3, 4, 6, 7, 8]
2025-05-12 17:15:00,087 - DEBUG - util_fusion - fusion_dual_defense - client 9 scores: {0: array([1595.46613701]), 1: array([1595.41774164]), 2: array([1595.47292965]), 3: array([1595.46472123]), 4: array([1595.47677212]), 5: array([1595.40231993]), 6: array([1595.44737991]), 7: array([1595.45663919]), 8: array([1595.44777807]), 9: array([1595.41045475])}
2025-05-12 17:15:00,087 - DEBUG - util_fusion - fusion_dual_defense - client 9 norm scores: {0: array([0.85715517]), 1: array([0.20713571]), 2: array([0.94839021]), 3: array([0.83813932]), 4: array([1.]), 5: array([0.]), 6: array([0.60522043]), 7: array([0.72958587]), 8: array([0.61056817]), 9: array([0.10926236])}
2025-05-12 17:15:00,088 - DEBUG - util_fusion - fusion_dual_defense - client 9 similarity threshold: 0.5905457237426696
2025-05-12 17:15:00,088 - INFO - util_fusion - fusion_dual_defense - client 9 selected fusion benigns: [0, 2, 3, 4, 6, 7, 8]
2025-05-12 17:15:00,088 - DEBUG - util_fusion - fusion_dual_defense - final fusion benigns: (0, 2, 3, 4, 6, 7, 8)
2025-05-12 17:15:01,907 - INFO - fl - start - global side -  test accuracy: 10.31
2025-05-12 17:15:01,908 - INFO - fl - start - global side iteration 21 -  test accuracy: 10.31
2025-05-12 17:15:01,908 - INFO - fl - start - start training round 22
2025-05-12 17:15:01,910 - INFO - fl - start - round 22 attackers: [1, 2]
2025-05-12 17:15:01,910 - INFO - fl - start - start client 0 training
2025-05-12 17:15:01,910 - INFO - fl - client_local_train - client 0 start local training ...
2025-05-12 17:15:06,521 - INFO - fl - start - end client 0 training
2025-05-12 17:15:06,521 - INFO - fl - start - client 0 evaluation metrics: {'train_loss': 9.003423128084283e+17, 'test_acc': 10.31}
2025-05-12 17:15:06,521 - INFO - fl - start - start client 1 training
2025-05-12 17:15:06,521 - INFO - fl - client_local_train - client 1 start local training ...
2025-05-12 17:15:08,218 - INFO - fl - client_local_train - client 1 is attacker, start poisoning model
2025-05-12 17:15:11,819 - INFO - fl - start - end client 1 training
2025-05-12 17:15:11,819 - INFO - fl - start - client 1 evaluation metrics: {'train_loss': 9.707888207984773e+19, 'test_acc': 9.8}
2025-05-12 17:15:11,819 - INFO - fl - start - start client 2 training
2025-05-12 17:15:11,819 - INFO - fl - client_local_train - client 2 start local training ...
2025-05-12 17:15:18,705 - INFO - fl - client_local_train - client 2 is attacker, start poisoning model
2025-05-12 17:15:25,086 - INFO - fl - start - end client 2 training
2025-05-12 17:15:25,086 - INFO - fl - start - client 2 evaluation metrics: {'train_loss': 1.5652783017629404e+20, 'test_acc': 9.57}
2025-05-12 17:15:25,086 - INFO - fl - start - start client 3 training
2025-05-12 17:15:25,086 - INFO - fl - client_local_train - client 3 start local training ...
2025-05-12 17:15:32,222 - INFO - fl - start - end client 3 training
2025-05-12 17:15:32,222 - INFO - fl - start - client 3 evaluation metrics: {'train_loss': 1.1186246640549475e+18, 'test_acc': 10.08}
2025-05-12 17:15:32,222 - INFO - fl - start - start client 4 training
2025-05-12 17:15:32,222 - INFO - fl - client_local_train - client 4 start local training ...
2025-05-12 17:15:39,518 - INFO - fl - start - end client 4 training
2025-05-12 17:15:39,519 - INFO - fl - start - client 4 evaluation metrics: {'train_loss': 7.089773016951057e+17, 'test_acc': 8.93}
2025-05-12 17:15:39,519 - INFO - fl - start - start client 5 training
2025-05-12 17:15:39,519 - INFO - fl - client_local_train - client 5 start local training ...
2025-05-12 17:15:45,220 - INFO - fl - start - end client 5 training
2025-05-12 17:15:45,220 - INFO - fl - start - client 5 evaluation metrics: {'train_loss': 3.438725647707306e+17, 'test_acc': 9.58}
2025-05-12 17:15:45,220 - INFO - fl - start - start client 6 training
2025-05-12 17:15:45,220 - INFO - fl - client_local_train - client 6 start local training ...
2025-05-12 17:15:48,666 - INFO - fl - start - end client 6 training
2025-05-12 17:15:48,666 - INFO - fl - start - client 6 evaluation metrics: {'train_loss': 8.840216067017983e+17, 'test_acc': 10.11}
2025-05-12 17:15:48,666 - INFO - fl - start - start client 7 training
2025-05-12 17:15:48,666 - INFO - fl - client_local_train - client 7 start local training ...
2025-05-12 17:15:51,782 - INFO - fl - start - end client 7 training
2025-05-12 17:15:51,782 - INFO - fl - start - client 7 evaluation metrics: {'train_loss': 1.275997598414049e+18, 'test_acc': 9.59}
2025-05-12 17:15:51,782 - INFO - fl - start - start client 8 training
2025-05-12 17:15:51,782 - INFO - fl - client_local_train - client 8 start local training ...
2025-05-12 17:15:56,729 - INFO - fl - start - end client 8 training
2025-05-12 17:15:56,729 - INFO - fl - start - client 8 evaluation metrics: {'train_loss': 5.089527304329234e+17, 'test_acc': 9.8}
2025-05-12 17:15:56,729 - INFO - fl - start - start client 9 training
2025-05-12 17:15:56,729 - INFO - fl - client_local_train - client 9 start local training ...
2025-05-12 17:15:58,999 - INFO - fl - start - end client 9 training
2025-05-12 17:15:58,999 - INFO - fl - start - client 9 evaluation metrics: {'train_loss': 4.8949200583767123e+17, 'test_acc': 10.28}
2025-05-12 17:15:58,999 - INFO - fl - aggregate_model - start model aggregation...fusion method: dual_defense
2025-05-12 17:15:58,999 - INFO - fl - aggregate_model - start hyper-guard fusion with epsilon 0.01
2025-05-12 17:15:58,999 - INFO - fl - aggregate_model - round 22 attackers: [1, 2]
2025-05-12 17:16:10,181 - DEBUG - util_fusion - fusion_dual_defense - client 0 scores: {0: array([6322.81735223]), 1: array([6323.31144078]), 2: array([6323.66168586]), 3: array([6323.66407738]), 4: array([6323.64790902]), 5: array([6322.69136173]), 6: array([6323.61419051]), 7: array([6323.59849664]), 8: array([6323.44251536]), 9: array([6323.62937756])}
2025-05-12 17:16:10,182 - DEBUG - util_fusion - fusion_dual_defense - client 0 norm scores: {0: array([0.12952449]), 1: array([0.63747206]), 2: array([0.99754139]), 3: array([1.]), 4: array([0.98337812]), 5: array([0.]), 6: array([0.94871382]), 7: array([0.93257974]), 8: array([0.77222324]), 9: array([0.96432686])}
2025-05-12 17:16:10,182 - DEBUG - util_fusion - fusion_dual_defense - client 0 similarity threshold: 0.736575971311774
2025-05-12 17:16:10,182 - INFO - util_fusion - fusion_dual_defense - client 0 selected fusion benigns: [2, 3, 4, 6, 7, 8, 9]
2025-05-12 17:16:10,191 - DEBUG - util_fusion - fusion_dual_defense - client 1 scores: {0: array([6322.81735223]), 1: array([6323.31144078]), 2: array([6323.66168586]), 3: array([6323.66407738]), 4: array([6323.64790902]), 5: array([6322.69136173]), 6: array([6323.61419051]), 7: array([6323.59849664]), 8: array([6323.44251536]), 9: array([6323.62937756])}
2025-05-12 17:16:10,191 - DEBUG - util_fusion - fusion_dual_defense - client 1 norm scores: {0: array([0.12952449]), 1: array([0.63747206]), 2: array([0.99754139]), 3: array([1.]), 4: array([0.98337812]), 5: array([0.]), 6: array([0.94871382]), 7: array([0.93257974]), 8: array([0.77222324]), 9: array([0.96432686])}
2025-05-12 17:16:10,191 - DEBUG - util_fusion - fusion_dual_defense - client 1 similarity threshold: 0.736575971311774
2025-05-12 17:16:10,191 - INFO - util_fusion - fusion_dual_defense - client 1 selected fusion benigns: [2, 3, 4, 6, 7, 8, 9]
2025-05-12 17:16:10,200 - DEBUG - util_fusion - fusion_dual_defense - client 2 scores: {0: array([6322.81735223]), 1: array([6323.31144078]), 2: array([6323.66168586]), 3: array([6323.66407738]), 4: array([6323.64790902]), 5: array([6322.69136173]), 6: array([6323.61419051]), 7: array([6323.59849664]), 8: array([6323.44251536]), 9: array([6323.62937756])}
2025-05-12 17:16:10,200 - DEBUG - util_fusion - fusion_dual_defense - client 2 norm scores: {0: array([0.12952449]), 1: array([0.63747206]), 2: array([0.99754139]), 3: array([1.]), 4: array([0.98337812]), 5: array([0.]), 6: array([0.94871382]), 7: array([0.93257974]), 8: array([0.77222324]), 9: array([0.96432686])}
2025-05-12 17:16:10,201 - DEBUG - util_fusion - fusion_dual_defense - client 2 similarity threshold: 0.736575971311774
2025-05-12 17:16:10,201 - INFO - util_fusion - fusion_dual_defense - client 2 selected fusion benigns: [2, 3, 4, 6, 7, 8, 9]
2025-05-12 17:16:10,209 - DEBUG - util_fusion - fusion_dual_defense - client 3 scores: {0: array([6322.81735223]), 1: array([6323.31144078]), 2: array([6323.66168586]), 3: array([6323.66407738]), 4: array([6323.64790902]), 5: array([6322.69136173]), 6: array([6323.61419051]), 7: array([6323.59849664]), 8: array([6323.44251536]), 9: array([6323.62937756])}
2025-05-12 17:16:10,210 - DEBUG - util_fusion - fusion_dual_defense - client 3 norm scores: {0: array([0.12952449]), 1: array([0.63747206]), 2: array([0.99754139]), 3: array([1.]), 4: array([0.98337812]), 5: array([0.]), 6: array([0.94871382]), 7: array([0.93257974]), 8: array([0.77222324]), 9: array([0.96432686])}
2025-05-12 17:16:10,210 - DEBUG - util_fusion - fusion_dual_defense - client 3 similarity threshold: 0.736575971311774
2025-05-12 17:16:10,210 - INFO - util_fusion - fusion_dual_defense - client 3 selected fusion benigns: [2, 3, 4, 6, 7, 8, 9]
2025-05-12 17:16:10,218 - DEBUG - util_fusion - fusion_dual_defense - client 4 scores: {0: array([6322.81735223]), 1: array([6323.31144078]), 2: array([6323.66168586]), 3: array([6323.66407738]), 4: array([6323.64790902]), 5: array([6322.69136173]), 6: array([6323.61419051]), 7: array([6323.59849664]), 8: array([6323.44251536]), 9: array([6323.62937756])}
2025-05-12 17:16:10,219 - DEBUG - util_fusion - fusion_dual_defense - client 4 norm scores: {0: array([0.12952449]), 1: array([0.63747206]), 2: array([0.99754139]), 3: array([1.]), 4: array([0.98337812]), 5: array([0.]), 6: array([0.94871382]), 7: array([0.93257974]), 8: array([0.77222324]), 9: array([0.96432686])}
2025-05-12 17:16:10,219 - DEBUG - util_fusion - fusion_dual_defense - client 4 similarity threshold: 0.736575971311774
2025-05-12 17:16:10,219 - INFO - util_fusion - fusion_dual_defense - client 4 selected fusion benigns: [2, 3, 4, 6, 7, 8, 9]
2025-05-12 17:16:10,227 - DEBUG - util_fusion - fusion_dual_defense - client 5 scores: {0: array([6322.81735223]), 1: array([6323.31144078]), 2: array([6323.66168586]), 3: array([6323.66407738]), 4: array([6323.64790902]), 5: array([6322.69136173]), 6: array([6323.61419051]), 7: array([6323.59849664]), 8: array([6323.44251536]), 9: array([6323.62937756])}
2025-05-12 17:16:10,228 - DEBUG - util_fusion - fusion_dual_defense - client 5 norm scores: {0: array([0.12952449]), 1: array([0.63747206]), 2: array([0.99754139]), 3: array([1.]), 4: array([0.98337812]), 5: array([0.]), 6: array([0.94871382]), 7: array([0.93257974]), 8: array([0.77222324]), 9: array([0.96432686])}
2025-05-12 17:16:10,228 - DEBUG - util_fusion - fusion_dual_defense - client 5 similarity threshold: 0.736575971311774
2025-05-12 17:16:10,228 - INFO - util_fusion - fusion_dual_defense - client 5 selected fusion benigns: [2, 3, 4, 6, 7, 8, 9]
2025-05-12 17:16:10,236 - DEBUG - util_fusion - fusion_dual_defense - client 6 scores: {0: array([6322.81735223]), 1: array([6323.31144078]), 2: array([6323.66168586]), 3: array([6323.66407738]), 4: array([6323.64790902]), 5: array([6322.69136173]), 6: array([6323.61419051]), 7: array([6323.59849664]), 8: array([6323.44251536]), 9: array([6323.62937756])}
2025-05-12 17:16:10,237 - DEBUG - util_fusion - fusion_dual_defense - client 6 norm scores: {0: array([0.12952449]), 1: array([0.63747206]), 2: array([0.99754139]), 3: array([1.]), 4: array([0.98337812]), 5: array([0.]), 6: array([0.94871382]), 7: array([0.93257974]), 8: array([0.77222324]), 9: array([0.96432686])}
2025-05-12 17:16:10,237 - DEBUG - util_fusion - fusion_dual_defense - client 6 similarity threshold: 0.736575971311774
2025-05-12 17:16:10,237 - INFO - util_fusion - fusion_dual_defense - client 6 selected fusion benigns: [2, 3, 4, 6, 7, 8, 9]
2025-05-12 17:16:10,245 - DEBUG - util_fusion - fusion_dual_defense - client 7 scores: {0: array([6322.81735223]), 1: array([6323.31144078]), 2: array([6323.66168586]), 3: array([6323.66407738]), 4: array([6323.64790902]), 5: array([6322.69136173]), 6: array([6323.61419051]), 7: array([6323.59849664]), 8: array([6323.44251536]), 9: array([6323.62937756])}
2025-05-12 17:16:10,246 - DEBUG - util_fusion - fusion_dual_defense - client 7 norm scores: {0: array([0.12952449]), 1: array([0.63747206]), 2: array([0.99754139]), 3: array([1.]), 4: array([0.98337812]), 5: array([0.]), 6: array([0.94871382]), 7: array([0.93257974]), 8: array([0.77222324]), 9: array([0.96432686])}
2025-05-12 17:16:10,246 - DEBUG - util_fusion - fusion_dual_defense - client 7 similarity threshold: 0.736575971311774
2025-05-12 17:16:10,246 - INFO - util_fusion - fusion_dual_defense - client 7 selected fusion benigns: [2, 3, 4, 6, 7, 8, 9]
2025-05-12 17:16:10,254 - DEBUG - util_fusion - fusion_dual_defense - client 8 scores: {0: array([6322.81735223]), 1: array([6323.31144078]), 2: array([6323.66168586]), 3: array([6323.66407738]), 4: array([6323.64790902]), 5: array([6322.69136173]), 6: array([6323.61419051]), 7: array([6323.59849664]), 8: array([6323.44251536]), 9: array([6323.62937756])}
2025-05-12 17:16:10,255 - DEBUG - util_fusion - fusion_dual_defense - client 8 norm scores: {0: array([0.12952449]), 1: array([0.63747206]), 2: array([0.99754139]), 3: array([1.]), 4: array([0.98337812]), 5: array([0.]), 6: array([0.94871382]), 7: array([0.93257974]), 8: array([0.77222324]), 9: array([0.96432686])}
2025-05-12 17:16:10,255 - DEBUG - util_fusion - fusion_dual_defense - client 8 similarity threshold: 0.736575971311774
2025-05-12 17:16:10,255 - INFO - util_fusion - fusion_dual_defense - client 8 selected fusion benigns: [2, 3, 4, 6, 7, 8, 9]
2025-05-12 17:16:10,263 - DEBUG - util_fusion - fusion_dual_defense - client 9 scores: {0: array([6322.81735223]), 1: array([6323.31144078]), 2: array([6323.66168586]), 3: array([6323.66407738]), 4: array([6323.64790902]), 5: array([6322.69136173]), 6: array([6323.61419051]), 7: array([6323.59849664]), 8: array([6323.44251536]), 9: array([6323.62937756])}
2025-05-12 17:16:10,264 - DEBUG - util_fusion - fusion_dual_defense - client 9 norm scores: {0: array([0.12952449]), 1: array([0.63747206]), 2: array([0.99754139]), 3: array([1.]), 4: array([0.98337812]), 5: array([0.]), 6: array([0.94871382]), 7: array([0.93257974]), 8: array([0.77222324]), 9: array([0.96432686])}
2025-05-12 17:16:10,264 - DEBUG - util_fusion - fusion_dual_defense - client 9 similarity threshold: 0.736575971311774
2025-05-12 17:16:10,264 - INFO - util_fusion - fusion_dual_defense - client 9 selected fusion benigns: [2, 3, 4, 6, 7, 8, 9]
2025-05-12 17:16:10,264 - DEBUG - util_fusion - fusion_dual_defense - final fusion benigns: (2, 3, 4, 6, 7, 8, 9)
2025-05-12 17:16:12,077 - INFO - fl - start - global side -  test accuracy: 9.8
2025-05-12 17:16:12,078 - INFO - fl - start - global side iteration 22 -  test accuracy: 9.8
2025-05-12 17:16:12,078 - INFO - fl - start - start training round 23
2025-05-12 17:16:12,080 - INFO - fl - start - round 23 attackers: [7, 9]
2025-05-12 17:16:12,080 - INFO - fl - start - start client 0 training
2025-05-12 17:16:12,080 - INFO - fl - client_local_train - client 0 start local training ...
2025-05-12 17:16:16,701 - INFO - fl - start - end client 0 training
2025-05-12 17:16:16,701 - INFO - fl - start - client 0 evaluation metrics: {'train_loss': nan, 'test_acc': 9.8}
2025-05-12 17:16:16,701 - INFO - fl - start - start client 1 training
2025-05-12 17:16:16,702 - INFO - fl - client_local_train - client 1 start local training ...
2025-05-12 17:16:20,194 - INFO - fl - start - end client 1 training
2025-05-12 17:16:20,194 - INFO - fl - start - client 1 evaluation metrics: {'train_loss': nan, 'test_acc': 9.8}
2025-05-12 17:16:20,194 - INFO - fl - start - start client 2 training
2025-05-12 17:16:20,194 - INFO - fl - client_local_train - client 2 start local training ...
2025-05-12 17:16:30,277 - INFO - fl - start - end client 2 training
2025-05-12 17:16:30,277 - INFO - fl - start - client 2 evaluation metrics: {'train_loss': nan, 'test_acc': 9.8}
2025-05-12 17:16:30,277 - INFO - fl - start - start client 3 training
2025-05-12 17:16:30,277 - INFO - fl - client_local_train - client 3 start local training ...
2025-05-12 17:16:37,403 - INFO - fl - start - end client 3 training
2025-05-12 17:16:37,403 - INFO - fl - start - client 3 evaluation metrics: {'train_loss': nan, 'test_acc': 9.8}
2025-05-12 17:16:37,403 - INFO - fl - start - start client 4 training
2025-05-12 17:16:37,403 - INFO - fl - client_local_train - client 4 start local training ...
2025-05-12 17:16:44,663 - INFO - fl - start - end client 4 training
2025-05-12 17:16:44,663 - INFO - fl - start - client 4 evaluation metrics: {'train_loss': nan, 'test_acc': 9.8}
2025-05-12 17:16:44,663 - INFO - fl - start - start client 5 training
2025-05-12 17:16:44,663 - INFO - fl - client_local_train - client 5 start local training ...
2025-05-12 17:16:50,362 - INFO - fl - start - end client 5 training
2025-05-12 17:16:50,362 - INFO - fl - start - client 5 evaluation metrics: {'train_loss': nan, 'test_acc': 9.8}
2025-05-12 17:16:50,362 - INFO - fl - start - start client 6 training
2025-05-12 17:16:50,362 - INFO - fl - client_local_train - client 6 start local training ...
2025-05-12 17:16:53,820 - INFO - fl - start - end client 6 training
2025-05-12 17:16:53,820 - INFO - fl - start - client 6 evaluation metrics: {'train_loss': nan, 'test_acc': 9.8}
2025-05-12 17:16:53,820 - INFO - fl - start - start client 7 training
2025-05-12 17:16:53,820 - INFO - fl - client_local_train - client 7 start local training ...
2025-05-12 17:16:55,232 - INFO - fl - client_local_train - client 7 is attacker, start poisoning model
2025-05-12 17:16:58,668 - INFO - fl - start - end client 7 training
2025-05-12 17:16:58,668 - INFO - fl - start - client 7 evaluation metrics: {'train_loss': nan, 'test_acc': 9.8}
2025-05-12 17:16:58,668 - INFO - fl - start - start client 8 training
2025-05-12 17:16:58,669 - INFO - fl - client_local_train - client 8 start local training ...
2025-05-12 17:17:03,586 - INFO - fl - start - end client 8 training
2025-05-12 17:17:03,586 - INFO - fl - start - client 8 evaluation metrics: {'train_loss': nan, 'test_acc': 9.8}
2025-05-12 17:17:03,586 - INFO - fl - start - start client 9 training
2025-05-12 17:17:03,586 - INFO - fl - client_local_train - client 9 start local training ...
2025-05-12 17:17:04,317 - INFO - fl - client_local_train - client 9 is attacker, start poisoning model
2025-05-12 17:17:07,407 - INFO - fl - start - end client 9 training
2025-05-12 17:17:07,407 - INFO - fl - start - client 9 evaluation metrics: {'train_loss': nan, 'test_acc': 9.8}
2025-05-12 17:17:07,407 - INFO - fl - aggregate_model - start model aggregation...fusion method: dual_defense
2025-05-12 17:17:07,407 - INFO - fl - aggregate_model - start hyper-guard fusion with epsilon 0.01
2025-05-12 17:17:07,407 - INFO - fl - aggregate_model - round 23 attackers: [9, 7]
2025-05-12 17:17:18,384 - DEBUG - util_fusion - fusion_dual_defense - client 0 scores: {0: array([3.70533683e+12]), 1: array([3.70533683e+12]), 2: array([3.70533683e+12]), 3: array([3.70533683e+12]), 4: array([3.70533683e+12]), 5: array([3.70533683e+12]), 6: array([3.70533683e+12]), 7: array([3.70533683e+12]), 8: array([3.70533683e+12]), 9: array([3.70533683e+12])}
2025-05-12 17:17:18,385 - DEBUG - util_fusion - fusion_dual_defense - client 0 norm scores: {0: array([1.]), 1: array([1.]), 2: array([1.]), 3: array([0.5]), 4: array([1.]), 5: array([1.]), 6: array([1.]), 7: array([0.5]), 8: array([1.]), 9: array([0.])}
2025-05-12 17:17:18,393 - DEBUG - util_fusion - fusion_dual_defense - client 0 similarity threshold: 0.8
2025-05-12 17:17:18,393 - INFO - util_fusion - fusion_dual_defense - client 0 selected fusion benigns: [0, 1, 2, 4, 5, 6, 8]
2025-05-12 17:17:18,414 - DEBUG - util_fusion - fusion_dual_defense - client 1 scores: {0: array([3.70533683e+12]), 1: array([3.70533683e+12]), 2: array([3.70533683e+12]), 3: array([3.70533683e+12]), 4: array([3.70533683e+12]), 5: array([3.70533683e+12]), 6: array([3.70533683e+12]), 7: array([3.70533683e+12]), 8: array([3.70533683e+12]), 9: array([3.70533683e+12])}
2025-05-12 17:17:18,415 - DEBUG - util_fusion - fusion_dual_defense - client 1 norm scores: {0: array([1.]), 1: array([1.]), 2: array([1.]), 3: array([0.5]), 4: array([1.]), 5: array([1.]), 6: array([1.]), 7: array([0.5]), 8: array([1.]), 9: array([0.])}
2025-05-12 17:17:18,415 - DEBUG - util_fusion - fusion_dual_defense - client 1 similarity threshold: 0.8
2025-05-12 17:17:18,415 - INFO - util_fusion - fusion_dual_defense - client 1 selected fusion benigns: [0, 1, 2, 4, 5, 6, 8]
2025-05-12 17:17:18,426 - DEBUG - util_fusion - fusion_dual_defense - client 2 scores: {0: array([3.70533683e+12]), 1: array([3.70533683e+12]), 2: array([3.70533683e+12]), 3: array([3.70533683e+12]), 4: array([3.70533683e+12]), 5: array([3.70533683e+12]), 6: array([3.70533683e+12]), 7: array([3.70533683e+12]), 8: array([3.70533683e+12]), 9: array([3.70533683e+12])}
2025-05-12 17:17:18,427 - DEBUG - util_fusion - fusion_dual_defense - client 2 norm scores: {0: array([1.]), 1: array([1.]), 2: array([1.]), 3: array([0.5]), 4: array([1.]), 5: array([1.]), 6: array([1.]), 7: array([0.5]), 8: array([1.]), 9: array([0.])}
2025-05-12 17:17:18,427 - DEBUG - util_fusion - fusion_dual_defense - client 2 similarity threshold: 0.8
2025-05-12 17:17:18,427 - INFO - util_fusion - fusion_dual_defense - client 2 selected fusion benigns: [0, 1, 2, 4, 5, 6, 8]
2025-05-12 17:17:18,436 - DEBUG - util_fusion - fusion_dual_defense - client 3 scores: {0: array([3.70533683e+12]), 1: array([3.70533683e+12]), 2: array([3.70533683e+12]), 3: array([3.70533683e+12]), 4: array([3.70533683e+12]), 5: array([3.70533683e+12]), 6: array([3.70533683e+12]), 7: array([3.70533683e+12]), 8: array([3.70533683e+12]), 9: array([3.70533683e+12])}
2025-05-12 17:17:18,436 - DEBUG - util_fusion - fusion_dual_defense - client 3 norm scores: {0: array([1.]), 1: array([1.]), 2: array([1.]), 3: array([0.5]), 4: array([1.]), 5: array([1.]), 6: array([1.]), 7: array([0.5]), 8: array([1.]), 9: array([0.])}
2025-05-12 17:17:18,436 - DEBUG - util_fusion - fusion_dual_defense - client 3 similarity threshold: 0.8
2025-05-12 17:17:18,436 - INFO - util_fusion - fusion_dual_defense - client 3 selected fusion benigns: [0, 1, 2, 4, 5, 6, 8]
2025-05-12 17:17:18,445 - DEBUG - util_fusion - fusion_dual_defense - client 4 scores: {0: array([3.70533683e+12]), 1: array([3.70533683e+12]), 2: array([3.70533683e+12]), 3: array([3.70533683e+12]), 4: array([3.70533683e+12]), 5: array([3.70533683e+12]), 6: array([3.70533683e+12]), 7: array([3.70533683e+12]), 8: array([3.70533683e+12]), 9: array([3.70533683e+12])}
2025-05-12 17:17:18,446 - DEBUG - util_fusion - fusion_dual_defense - client 4 norm scores: {0: array([1.]), 1: array([1.]), 2: array([1.]), 3: array([0.5]), 4: array([1.]), 5: array([1.]), 6: array([1.]), 7: array([0.5]), 8: array([1.]), 9: array([0.])}
2025-05-12 17:17:18,446 - DEBUG - util_fusion - fusion_dual_defense - client 4 similarity threshold: 0.8
2025-05-12 17:17:18,446 - INFO - util_fusion - fusion_dual_defense - client 4 selected fusion benigns: [0, 1, 2, 4, 5, 6, 8]
2025-05-12 17:17:18,455 - DEBUG - util_fusion - fusion_dual_defense - client 5 scores: {0: array([3.70533683e+12]), 1: array([3.70533683e+12]), 2: array([3.70533683e+12]), 3: array([3.70533683e+12]), 4: array([3.70533683e+12]), 5: array([3.70533683e+12]), 6: array([3.70533683e+12]), 7: array([3.70533683e+12]), 8: array([3.70533683e+12]), 9: array([3.70533683e+12])}
2025-05-12 17:17:18,455 - DEBUG - util_fusion - fusion_dual_defense - client 5 norm scores: {0: array([1.]), 1: array([1.]), 2: array([1.]), 3: array([0.5]), 4: array([1.]), 5: array([1.]), 6: array([1.]), 7: array([0.5]), 8: array([1.]), 9: array([0.])}
2025-05-12 17:17:18,455 - DEBUG - util_fusion - fusion_dual_defense - client 5 similarity threshold: 0.8
2025-05-12 17:17:18,455 - INFO - util_fusion - fusion_dual_defense - client 5 selected fusion benigns: [0, 1, 2, 4, 5, 6, 8]
2025-05-12 17:17:18,464 - DEBUG - util_fusion - fusion_dual_defense - client 6 scores: {0: array([3.70533683e+12]), 1: array([3.70533683e+12]), 2: array([3.70533683e+12]), 3: array([3.70533683e+12]), 4: array([3.70533683e+12]), 5: array([3.70533683e+12]), 6: array([3.70533683e+12]), 7: array([3.70533683e+12]), 8: array([3.70533683e+12]), 9: array([3.70533683e+12])}
2025-05-12 17:17:18,464 - DEBUG - util_fusion - fusion_dual_defense - client 6 norm scores: {0: array([1.]), 1: array([1.]), 2: array([1.]), 3: array([0.5]), 4: array([1.]), 5: array([1.]), 6: array([1.]), 7: array([0.5]), 8: array([1.]), 9: array([0.])}
2025-05-12 17:17:18,465 - DEBUG - util_fusion - fusion_dual_defense - client 6 similarity threshold: 0.8
2025-05-12 17:17:18,465 - INFO - util_fusion - fusion_dual_defense - client 6 selected fusion benigns: [0, 1, 2, 4, 5, 6, 8]
2025-05-12 17:17:18,473 - DEBUG - util_fusion - fusion_dual_defense - client 7 scores: {0: array([3.70533683e+12]), 1: array([3.70533683e+12]), 2: array([3.70533683e+12]), 3: array([3.70533683e+12]), 4: array([3.70533683e+12]), 5: array([3.70533683e+12]), 6: array([3.70533683e+12]), 7: array([3.70533683e+12]), 8: array([3.70533683e+12]), 9: array([3.70533683e+12])}
2025-05-12 17:17:18,474 - DEBUG - util_fusion - fusion_dual_defense - client 7 norm scores: {0: array([1.]), 1: array([1.]), 2: array([1.]), 3: array([0.5]), 4: array([1.]), 5: array([1.]), 6: array([1.]), 7: array([0.5]), 8: array([1.]), 9: array([0.])}
2025-05-12 17:17:18,474 - DEBUG - util_fusion - fusion_dual_defense - client 7 similarity threshold: 0.8
2025-05-12 17:17:18,474 - INFO - util_fusion - fusion_dual_defense - client 7 selected fusion benigns: [0, 1, 2, 4, 5, 6, 8]
2025-05-12 17:17:18,482 - DEBUG - util_fusion - fusion_dual_defense - client 8 scores: {0: array([3.70533683e+12]), 1: array([3.70533683e+12]), 2: array([3.70533683e+12]), 3: array([3.70533683e+12]), 4: array([3.70533683e+12]), 5: array([3.70533683e+12]), 6: array([3.70533683e+12]), 7: array([3.70533683e+12]), 8: array([3.70533683e+12]), 9: array([3.70533683e+12])}
2025-05-12 17:17:18,483 - DEBUG - util_fusion - fusion_dual_defense - client 8 norm scores: {0: array([1.]), 1: array([1.]), 2: array([1.]), 3: array([0.5]), 4: array([1.]), 5: array([1.]), 6: array([1.]), 7: array([0.5]), 8: array([1.]), 9: array([0.])}
2025-05-12 17:17:18,483 - DEBUG - util_fusion - fusion_dual_defense - client 8 similarity threshold: 0.8
2025-05-12 17:17:18,483 - INFO - util_fusion - fusion_dual_defense - client 8 selected fusion benigns: [0, 1, 2, 4, 5, 6, 8]
2025-05-12 17:17:18,492 - DEBUG - util_fusion - fusion_dual_defense - client 9 scores: {0: array([3.70533683e+12]), 1: array([3.70533683e+12]), 2: array([3.70533683e+12]), 3: array([3.70533683e+12]), 4: array([3.70533683e+12]), 5: array([3.70533683e+12]), 6: array([3.70533683e+12]), 7: array([3.70533683e+12]), 8: array([3.70533683e+12]), 9: array([3.70533683e+12])}
2025-05-12 17:17:18,492 - DEBUG - util_fusion - fusion_dual_defense - client 9 norm scores: {0: array([1.]), 1: array([1.]), 2: array([1.]), 3: array([0.5]), 4: array([1.]), 5: array([1.]), 6: array([1.]), 7: array([0.5]), 8: array([1.]), 9: array([0.])}
2025-05-12 17:17:18,492 - DEBUG - util_fusion - fusion_dual_defense - client 9 similarity threshold: 0.8
2025-05-12 17:17:18,492 - INFO - util_fusion - fusion_dual_defense - client 9 selected fusion benigns: [0, 1, 2, 4, 5, 6, 8]
2025-05-12 17:17:18,492 - DEBUG - util_fusion - fusion_dual_defense - final fusion benigns: (0, 1, 2, 4, 5, 6, 8)
2025-05-12 17:17:20,302 - INFO - fl - start - global side -  test accuracy: 9.8
2025-05-12 17:17:20,302 - INFO - fl - start - global side iteration 23 -  test accuracy: 9.8
2025-05-12 17:17:20,302 - INFO - fl - start - start training round 24
2025-05-12 17:17:20,304 - INFO - fl - start - round 24 attackers: [6, 3]
2025-05-12 17:17:20,304 - INFO - fl - start - start client 0 training
2025-05-12 17:17:20,304 - INFO - fl - client_local_train - client 0 start local training ...
2025-05-12 17:17:24,962 - INFO - fl - start - end client 0 training
2025-05-12 17:17:24,962 - INFO - fl - start - client 0 evaluation metrics: {'train_loss': nan, 'test_acc': 9.8}
2025-05-12 17:17:24,962 - INFO - fl - start - start client 1 training
2025-05-12 17:17:24,962 - INFO - fl - client_local_train - client 1 start local training ...
2025-05-12 17:17:28,486 - INFO - fl - start - end client 1 training
2025-05-12 17:17:28,486 - INFO - fl - start - client 1 evaluation metrics: {'train_loss': 1.7727616260636527, 'test_acc': 9.74}
2025-05-12 17:17:28,486 - INFO - fl - start - start client 2 training
2025-05-12 17:17:28,495 - INFO - fl - client_local_train - client 2 start local training ...
2025-05-12 17:17:38,640 - INFO - fl - start - end client 2 training
2025-05-12 17:17:38,640 - INFO - fl - start - client 2 evaluation metrics: {'train_loss': nan, 'test_acc': 9.8}
2025-05-12 17:17:38,640 - INFO - fl - start - start client 3 training
2025-05-12 17:17:38,640 - INFO - fl - client_local_train - client 3 start local training ...
2025-05-12 17:17:43,211 - INFO - fl - client_local_train - client 3 is attacker, start poisoning model
2025-05-12 17:17:48,356 - INFO - fl - start - end client 3 training
2025-05-12 17:17:48,356 - INFO - fl - start - client 3 evaluation metrics: {'train_loss': nan, 'test_acc': 9.8}
2025-05-12 17:17:48,356 - INFO - fl - start - start client 4 training
2025-05-12 17:17:48,356 - INFO - fl - client_local_train - client 4 start local training ...
2025-05-12 17:17:55,645 - INFO - fl - start - end client 4 training
2025-05-12 17:17:55,645 - INFO - fl - start - client 4 evaluation metrics: {'train_loss': nan, 'test_acc': 9.8}
2025-05-12 17:17:55,645 - INFO - fl - start - start client 5 training
2025-05-12 17:17:55,645 - INFO - fl - client_local_train - client 5 start local training ...
2025-05-12 17:18:01,315 - INFO - fl - start - end client 5 training
2025-05-12 17:18:01,315 - INFO - fl - start - client 5 evaluation metrics: {'train_loss': nan, 'test_acc': 9.8}
2025-05-12 17:18:01,315 - INFO - fl - start - start client 6 training
2025-05-12 17:18:01,315 - INFO - fl - client_local_train - client 6 start local training ...
2025-05-12 17:18:02,973 - INFO - fl - client_local_train - client 6 is attacker, start poisoning model
2025-05-12 17:18:06,559 - INFO - fl - start - end client 6 training
2025-05-12 17:18:06,559 - INFO - fl - start - client 6 evaluation metrics: {'train_loss': nan, 'test_acc': 9.8}
2025-05-12 17:18:06,559 - INFO - fl - start - start client 7 training
2025-05-12 17:18:06,559 - INFO - fl - client_local_train - client 7 start local training ...
2025-05-12 17:18:09,677 - INFO - fl - start - end client 7 training
2025-05-12 17:18:09,678 - INFO - fl - start - client 7 evaluation metrics: {'train_loss': nan, 'test_acc': 9.8}
2025-05-12 17:18:09,678 - INFO - fl - start - start client 8 training
2025-05-12 17:18:09,678 - INFO - fl - client_local_train - client 8 start local training ...
2025-05-12 17:18:14,615 - INFO - fl - start - end client 8 training
2025-05-12 17:18:14,615 - INFO - fl - start - client 8 evaluation metrics: {'train_loss': nan, 'test_acc': 9.8}
2025-05-12 17:18:14,615 - INFO - fl - start - start client 9 training
2025-05-12 17:18:14,615 - INFO - fl - client_local_train - client 9 start local training ...
2025-05-12 17:18:16,928 - INFO - fl - start - end client 9 training
2025-05-12 17:18:16,928 - INFO - fl - start - client 9 evaluation metrics: {'train_loss': nan, 'test_acc': 9.8}
2025-05-12 17:18:16,928 - INFO - fl - aggregate_model - start model aggregation...fusion method: dual_defense
2025-05-12 17:18:16,928 - INFO - fl - aggregate_model - start hyper-guard fusion with epsilon 0.01
2025-05-12 17:18:16,928 - INFO - fl - aggregate_model - round 24 attackers: [3, 6]
2025-05-12 17:18:28,009 - DEBUG - util_fusion - fusion_dual_defense - client 0 scores: {0: array([1.68266685e+12]), 1: array([6.91201328e-06]), 2: array([1.68266685e+12]), 3: array([1.68266685e+12]), 4: array([1.68266685e+12]), 5: array([1.68266685e+12]), 6: array([1.68266685e+12]), 7: array([1.68266685e+12]), 8: array([1.68266685e+12]), 9: array([1.68266685e+12])}
2025-05-12 17:18:28,010 - DEBUG - util_fusion - fusion_dual_defense - client 0 norm scores: {0: array([1.]), 1: array([0.]), 2: array([1.]), 3: array([1.]), 4: array([1.]), 5: array([1.]), 6: array([1.]), 7: array([1.]), 8: array([1.]), 9: array([1.])}
2025-05-12 17:18:28,010 - DEBUG - util_fusion - fusion_dual_defense - client 0 similarity threshold: 0.9
2025-05-12 17:18:28,010 - INFO - util_fusion - fusion_dual_defense - client 0 selected fusion benigns: [0, 2, 3, 4, 5, 6, 7, 8, 9]
2025-05-12 17:18:28,019 - DEBUG - util_fusion - fusion_dual_defense - client 1 scores: {0: array([1.68266685e+12]), 1: array([6.91201328e-06]), 2: array([1.68266685e+12]), 3: array([1.68266685e+12]), 4: array([1.68266685e+12]), 5: array([1.68266685e+12]), 6: array([1.68266685e+12]), 7: array([1.68266685e+12]), 8: array([1.68266685e+12]), 9: array([1.68266685e+12])}
2025-05-12 17:18:28,019 - DEBUG - util_fusion - fusion_dual_defense - client 1 norm scores: {0: array([1.]), 1: array([0.]), 2: array([1.]), 3: array([1.]), 4: array([1.]), 5: array([1.]), 6: array([1.]), 7: array([1.]), 8: array([1.]), 9: array([1.])}
2025-05-12 17:18:28,019 - DEBUG - util_fusion - fusion_dual_defense - client 1 similarity threshold: 0.9
2025-05-12 17:18:28,019 - INFO - util_fusion - fusion_dual_defense - client 1 selected fusion benigns: [0, 2, 3, 4, 5, 6, 7, 8, 9]
2025-05-12 17:18:28,028 - DEBUG - util_fusion - fusion_dual_defense - client 2 scores: {0: array([1.68266685e+12]), 1: array([6.91201328e-06]), 2: array([1.68266685e+12]), 3: array([1.68266685e+12]), 4: array([1.68266685e+12]), 5: array([1.68266685e+12]), 6: array([1.68266685e+12]), 7: array([1.68266685e+12]), 8: array([1.68266685e+12]), 9: array([1.68266685e+12])}
2025-05-12 17:18:28,029 - DEBUG - util_fusion - fusion_dual_defense - client 2 norm scores: {0: array([1.]), 1: array([0.]), 2: array([1.]), 3: array([1.]), 4: array([1.]), 5: array([1.]), 6: array([1.]), 7: array([1.]), 8: array([1.]), 9: array([1.])}
2025-05-12 17:18:28,029 - DEBUG - util_fusion - fusion_dual_defense - client 2 similarity threshold: 0.9
2025-05-12 17:18:28,029 - INFO - util_fusion - fusion_dual_defense - client 2 selected fusion benigns: [0, 2, 3, 4, 5, 6, 7, 8, 9]
2025-05-12 17:18:28,037 - DEBUG - util_fusion - fusion_dual_defense - client 3 scores: {0: array([1.68266685e+12]), 1: array([6.91201328e-06]), 2: array([1.68266685e+12]), 3: array([1.68266685e+12]), 4: array([1.68266685e+12]), 5: array([1.68266685e+12]), 6: array([1.68266685e+12]), 7: array([1.68266685e+12]), 8: array([1.68266685e+12]), 9: array([1.68266685e+12])}
2025-05-12 17:18:28,038 - DEBUG - util_fusion - fusion_dual_defense - client 3 norm scores: {0: array([1.]), 1: array([0.]), 2: array([1.]), 3: array([1.]), 4: array([1.]), 5: array([1.]), 6: array([1.]), 7: array([1.]), 8: array([1.]), 9: array([1.])}
2025-05-12 17:18:28,038 - DEBUG - util_fusion - fusion_dual_defense - client 3 similarity threshold: 0.9
2025-05-12 17:18:28,038 - INFO - util_fusion - fusion_dual_defense - client 3 selected fusion benigns: [0, 2, 3, 4, 5, 6, 7, 8, 9]
2025-05-12 17:18:28,047 - DEBUG - util_fusion - fusion_dual_defense - client 4 scores: {0: array([1.68266685e+12]), 1: array([6.91201328e-06]), 2: array([1.68266685e+12]), 3: array([1.68266685e+12]), 4: array([1.68266685e+12]), 5: array([1.68266685e+12]), 6: array([1.68266685e+12]), 7: array([1.68266685e+12]), 8: array([1.68266685e+12]), 9: array([1.68266685e+12])}
2025-05-12 17:18:28,047 - DEBUG - util_fusion - fusion_dual_defense - client 4 norm scores: {0: array([1.]), 1: array([0.]), 2: array([1.]), 3: array([1.]), 4: array([1.]), 5: array([1.]), 6: array([1.]), 7: array([1.]), 8: array([1.]), 9: array([1.])}
2025-05-12 17:18:28,047 - DEBUG - util_fusion - fusion_dual_defense - client 4 similarity threshold: 0.9
2025-05-12 17:18:28,047 - INFO - util_fusion - fusion_dual_defense - client 4 selected fusion benigns: [0, 2, 3, 4, 5, 6, 7, 8, 9]
2025-05-12 17:18:28,056 - DEBUG - util_fusion - fusion_dual_defense - client 5 scores: {0: array([1.68266685e+12]), 1: array([6.91201328e-06]), 2: array([1.68266685e+12]), 3: array([1.68266685e+12]), 4: array([1.68266685e+12]), 5: array([1.68266685e+12]), 6: array([1.68266685e+12]), 7: array([1.68266685e+12]), 8: array([1.68266685e+12]), 9: array([1.68266685e+12])}
2025-05-12 17:18:28,056 - DEBUG - util_fusion - fusion_dual_defense - client 5 norm scores: {0: array([1.]), 1: array([0.]), 2: array([1.]), 3: array([1.]), 4: array([1.]), 5: array([1.]), 6: array([1.]), 7: array([1.]), 8: array([1.]), 9: array([1.])}
2025-05-12 17:18:28,056 - DEBUG - util_fusion - fusion_dual_defense - client 5 similarity threshold: 0.9
2025-05-12 17:18:28,057 - INFO - util_fusion - fusion_dual_defense - client 5 selected fusion benigns: [0, 2, 3, 4, 5, 6, 7, 8, 9]
2025-05-12 17:18:28,065 - DEBUG - util_fusion - fusion_dual_defense - client 6 scores: {0: array([1.68266685e+12]), 1: array([6.91201328e-06]), 2: array([1.68266685e+12]), 3: array([1.68266685e+12]), 4: array([1.68266685e+12]), 5: array([1.68266685e+12]), 6: array([1.68266685e+12]), 7: array([1.68266685e+12]), 8: array([1.68266685e+12]), 9: array([1.68266685e+12])}
2025-05-12 17:18:28,066 - DEBUG - util_fusion - fusion_dual_defense - client 6 norm scores: {0: array([1.]), 1: array([0.]), 2: array([1.]), 3: array([1.]), 4: array([1.]), 5: array([1.]), 6: array([1.]), 7: array([1.]), 8: array([1.]), 9: array([1.])}
2025-05-12 17:18:28,066 - DEBUG - util_fusion - fusion_dual_defense - client 6 similarity threshold: 0.9
2025-05-12 17:18:28,066 - INFO - util_fusion - fusion_dual_defense - client 6 selected fusion benigns: [0, 2, 3, 4, 5, 6, 7, 8, 9]
2025-05-12 17:18:28,074 - DEBUG - util_fusion - fusion_dual_defense - client 7 scores: {0: array([1.68266685e+12]), 1: array([6.91201328e-06]), 2: array([1.68266685e+12]), 3: array([1.68266685e+12]), 4: array([1.68266685e+12]), 5: array([1.68266685e+12]), 6: array([1.68266685e+12]), 7: array([1.68266685e+12]), 8: array([1.68266685e+12]), 9: array([1.68266685e+12])}
2025-05-12 17:18:28,075 - DEBUG - util_fusion - fusion_dual_defense - client 7 norm scores: {0: array([1.]), 1: array([0.]), 2: array([1.]), 3: array([1.]), 4: array([1.]), 5: array([1.]), 6: array([1.]), 7: array([1.]), 8: array([1.]), 9: array([1.])}
2025-05-12 17:18:28,075 - DEBUG - util_fusion - fusion_dual_defense - client 7 similarity threshold: 0.9
2025-05-12 17:18:28,075 - INFO - util_fusion - fusion_dual_defense - client 7 selected fusion benigns: [0, 2, 3, 4, 5, 6, 7, 8, 9]
2025-05-12 17:18:28,084 - DEBUG - util_fusion - fusion_dual_defense - client 8 scores: {0: array([1.68266685e+12]), 1: array([6.91201328e-06]), 2: array([1.68266685e+12]), 3: array([1.68266685e+12]), 4: array([1.68266685e+12]), 5: array([1.68266685e+12]), 6: array([1.68266685e+12]), 7: array([1.68266685e+12]), 8: array([1.68266685e+12]), 9: array([1.68266685e+12])}
2025-05-12 17:18:28,084 - DEBUG - util_fusion - fusion_dual_defense - client 8 norm scores: {0: array([1.]), 1: array([0.]), 2: array([1.]), 3: array([1.]), 4: array([1.]), 5: array([1.]), 6: array([1.]), 7: array([1.]), 8: array([1.]), 9: array([1.])}
2025-05-12 17:18:28,084 - DEBUG - util_fusion - fusion_dual_defense - client 8 similarity threshold: 0.9
2025-05-12 17:18:28,084 - INFO - util_fusion - fusion_dual_defense - client 8 selected fusion benigns: [0, 2, 3, 4, 5, 6, 7, 8, 9]
2025-05-12 17:18:28,093 - DEBUG - util_fusion - fusion_dual_defense - client 9 scores: {0: array([1.68266685e+12]), 1: array([6.91201328e-06]), 2: array([1.68266685e+12]), 3: array([1.68266685e+12]), 4: array([1.68266685e+12]), 5: array([1.68266685e+12]), 6: array([1.68266685e+12]), 7: array([1.68266685e+12]), 8: array([1.68266685e+12]), 9: array([1.68266685e+12])}
2025-05-12 17:18:28,093 - DEBUG - util_fusion - fusion_dual_defense - client 9 norm scores: {0: array([1.]), 1: array([0.]), 2: array([1.]), 3: array([1.]), 4: array([1.]), 5: array([1.]), 6: array([1.]), 7: array([1.]), 8: array([1.]), 9: array([1.])}
2025-05-12 17:18:28,094 - DEBUG - util_fusion - fusion_dual_defense - client 9 similarity threshold: 0.9
2025-05-12 17:18:28,094 - INFO - util_fusion - fusion_dual_defense - client 9 selected fusion benigns: [0, 2, 3, 4, 5, 6, 7, 8, 9]
2025-05-12 17:18:28,094 - DEBUG - util_fusion - fusion_dual_defense - final fusion benigns: (0, 2, 3, 4, 5, 6, 7, 8, 9)
2025-05-12 17:18:30,015 - INFO - fl - start - global side -  test accuracy: 9.8
2025-05-12 17:18:30,016 - INFO - fl - start - global side iteration 24 -  test accuracy: 9.8
2025-05-12 17:18:30,016 - INFO - fl - start - start training round 25
2025-05-12 17:18:30,018 - INFO - fl - start - round 25 attackers: [6, 4]
2025-05-12 17:18:30,018 - INFO - fl - start - start client 0 training
2025-05-12 17:18:30,018 - INFO - fl - client_local_train - client 0 start local training ...
2025-05-12 17:18:34,631 - INFO - fl - start - end client 0 training
2025-05-12 17:18:34,631 - INFO - fl - start - client 0 evaluation metrics: {'train_loss': 45315787640012.8, 'test_acc': 9.74}
2025-05-12 17:18:34,632 - INFO - fl - start - start client 1 training
2025-05-12 17:18:34,632 - INFO - fl - client_local_train - client 1 start local training ...
2025-05-12 17:18:38,163 - INFO - fl - start - end client 1 training
2025-05-12 17:18:38,163 - INFO - fl - start - client 1 evaluation metrics: {'train_loss': 36229463611430.64, 'test_acc': 9.58}
2025-05-12 17:18:38,163 - INFO - fl - start - start client 2 training
2025-05-12 17:18:38,163 - INFO - fl - client_local_train - client 2 start local training ...
2025-05-12 17:18:48,207 - INFO - fl - start - end client 2 training
2025-05-12 17:18:48,207 - INFO - fl - start - client 2 evaluation metrics: {'train_loss': 20745250650083.156, 'test_acc': 10.28}
2025-05-12 17:18:48,207 - INFO - fl - start - start client 3 training
2025-05-12 17:18:48,207 - INFO - fl - client_local_train - client 3 start local training ...
2025-05-12 17:18:55,332 - INFO - fl - start - end client 3 training
2025-05-12 17:18:55,332 - INFO - fl - start - client 3 evaluation metrics: {'train_loss': 14674016207777.588, 'test_acc': 9.82}
2025-05-12 17:18:55,332 - INFO - fl - start - start client 4 training
2025-05-12 17:18:55,332 - INFO - fl - client_local_train - client 4 start local training ...
2025-05-12 17:19:00,022 - INFO - fl - client_local_train - client 4 is attacker, start poisoning model
2025-05-12 17:19:05,216 - INFO - fl - start - end client 4 training
2025-05-12 17:19:05,216 - INFO - fl - start - client 4 evaluation metrics: {'train_loss': 683609428861775.5, 'test_acc': 9.82}
2025-05-12 17:19:05,216 - INFO - fl - start - start client 5 training
2025-05-12 17:19:05,216 - INFO - fl - client_local_train - client 5 start local training ...
2025-05-12 17:19:10,899 - INFO - fl - start - end client 5 training
2025-05-12 17:19:10,899 - INFO - fl - start - client 5 evaluation metrics: {'train_loss': 11788244563987.504, 'test_acc': 9.58}
2025-05-12 17:19:10,899 - INFO - fl - start - start client 6 training
2025-05-12 17:19:10,899 - INFO - fl - client_local_train - client 6 start local training ...
2025-05-12 17:19:12,560 - INFO - fl - client_local_train - client 6 is attacker, start poisoning model
2025-05-12 17:19:16,140 - INFO - fl - start - end client 6 training
2025-05-12 17:19:16,140 - INFO - fl - start - client 6 evaluation metrics: {'train_loss': 1179176862220288.0, 'test_acc': 10.1}
2025-05-12 17:19:16,140 - INFO - fl - start - start client 7 training
2025-05-12 17:19:16,140 - INFO - fl - client_local_train - client 7 start local training ...
2025-05-12 17:19:19,275 - INFO - fl - start - end client 7 training
2025-05-12 17:19:19,275 - INFO - fl - start - client 7 evaluation metrics: {'train_loss': 17368401807598.139, 'test_acc': 11.35}
2025-05-12 17:19:19,275 - INFO - fl - start - start client 8 training
2025-05-12 17:19:19,275 - INFO - fl - client_local_train - client 8 start local training ...
2025-05-12 17:19:24,200 - INFO - fl - start - end client 8 training
2025-05-12 17:19:24,200 - INFO - fl - start - client 8 evaluation metrics: {'train_loss': 16085351670607.45, 'test_acc': 9.8}
2025-05-12 17:19:24,200 - INFO - fl - start - start client 9 training
2025-05-12 17:19:24,200 - INFO - fl - client_local_train - client 9 start local training ...
2025-05-12 17:19:26,474 - INFO - fl - start - end client 9 training
2025-05-12 17:19:26,474 - INFO - fl - start - client 9 evaluation metrics: {'train_loss': 52603545099219.48, 'test_acc': 9.82}
2025-05-12 17:19:26,474 - INFO - fl - aggregate_model - start model aggregation...fusion method: dual_defense
2025-05-12 17:19:26,474 - INFO - fl - aggregate_model - start hyper-guard fusion with epsilon 0.01
2025-05-12 17:19:26,474 - INFO - fl - aggregate_model - round 25 attackers: [4, 6]
2025-05-12 17:19:37,628 - DEBUG - util_fusion - fusion_dual_defense - client 0 scores: {0: array([6648.17621466]), 1: array([6648.16974595]), 2: array([6648.52708538]), 3: array([6648.42818059]), 4: array([6648.31988416]), 5: array([6648.26617373]), 6: array([6648.33091881]), 7: array([6648.30851175]), 8: array([6648.21655468]), 9: array([6647.96144159])}
2025-05-12 17:19:37,629 - DEBUG - util_fusion - fusion_dual_defense - client 0 norm scores: {0: array([0.37969668]), 1: array([0.36826065]), 2: array([1.]), 3: array([0.82514651]), 4: array([0.63368956]), 5: array([0.53873504]), 6: array([0.65319769]), 7: array([0.6135843]), 8: array([0.45101367]), 9: array([0.])}
2025-05-12 17:19:37,629 - DEBUG - util_fusion - fusion_dual_defense - client 0 similarity threshold: 0.5463324109461886
2025-05-12 17:19:37,629 - INFO - util_fusion - fusion_dual_defense - client 0 selected fusion benigns: [2, 3, 4, 6, 7]
2025-05-12 17:19:37,637 - DEBUG - util_fusion - fusion_dual_defense - client 1 scores: {0: array([6648.17621466]), 1: array([6648.16974595]), 2: array([6648.52708538]), 3: array([6648.42818059]), 4: array([6648.31988416]), 5: array([6648.26617373]), 6: array([6648.33091881]), 7: array([6648.30851175]), 8: array([6648.21655468]), 9: array([6647.96144159])}
2025-05-12 17:19:37,638 - DEBUG - util_fusion - fusion_dual_defense - client 1 norm scores: {0: array([0.37969668]), 1: array([0.36826065]), 2: array([1.]), 3: array([0.82514651]), 4: array([0.63368956]), 5: array([0.53873504]), 6: array([0.65319769]), 7: array([0.6135843]), 8: array([0.45101367]), 9: array([0.])}
2025-05-12 17:19:37,638 - DEBUG - util_fusion - fusion_dual_defense - client 1 similarity threshold: 0.5463324109461886
2025-05-12 17:19:37,638 - INFO - util_fusion - fusion_dual_defense - client 1 selected fusion benigns: [2, 3, 4, 6, 7]
2025-05-12 17:19:37,646 - DEBUG - util_fusion - fusion_dual_defense - client 2 scores: {0: array([6648.17621466]), 1: array([6648.16974595]), 2: array([6648.52708538]), 3: array([6648.42818059]), 4: array([6648.31988416]), 5: array([6648.26617373]), 6: array([6648.33091881]), 7: array([6648.30851175]), 8: array([6648.21655468]), 9: array([6647.96144159])}
2025-05-12 17:19:37,647 - DEBUG - util_fusion - fusion_dual_defense - client 2 norm scores: {0: array([0.37969668]), 1: array([0.36826065]), 2: array([1.]), 3: array([0.82514651]), 4: array([0.63368956]), 5: array([0.53873504]), 6: array([0.65319769]), 7: array([0.6135843]), 8: array([0.45101367]), 9: array([0.])}
2025-05-12 17:19:37,647 - DEBUG - util_fusion - fusion_dual_defense - client 2 similarity threshold: 0.5463324109461886
2025-05-12 17:19:37,647 - INFO - util_fusion - fusion_dual_defense - client 2 selected fusion benigns: [2, 3, 4, 6, 7]
2025-05-12 17:19:37,656 - DEBUG - util_fusion - fusion_dual_defense - client 3 scores: {0: array([6648.17621466]), 1: array([6648.16974595]), 2: array([6648.52708538]), 3: array([6648.42818059]), 4: array([6648.31988416]), 5: array([6648.26617373]), 6: array([6648.33091881]), 7: array([6648.30851175]), 8: array([6648.21655468]), 9: array([6647.96144159])}
2025-05-12 17:19:37,656 - DEBUG - util_fusion - fusion_dual_defense - client 3 norm scores: {0: array([0.37969668]), 1: array([0.36826065]), 2: array([1.]), 3: array([0.82514651]), 4: array([0.63368956]), 5: array([0.53873504]), 6: array([0.65319769]), 7: array([0.6135843]), 8: array([0.45101367]), 9: array([0.])}
2025-05-12 17:19:37,656 - DEBUG - util_fusion - fusion_dual_defense - client 3 similarity threshold: 0.5463324109461886
2025-05-12 17:19:37,656 - INFO - util_fusion - fusion_dual_defense - client 3 selected fusion benigns: [2, 3, 4, 6, 7]
2025-05-12 17:19:37,665 - DEBUG - util_fusion - fusion_dual_defense - client 4 scores: {0: array([6648.17621466]), 1: array([6648.16974595]), 2: array([6648.52708538]), 3: array([6648.42818059]), 4: array([6648.31988416]), 5: array([6648.26617373]), 6: array([6648.33091881]), 7: array([6648.30851175]), 8: array([6648.21655468]), 9: array([6647.96144159])}
2025-05-12 17:19:37,665 - DEBUG - util_fusion - fusion_dual_defense - client 4 norm scores: {0: array([0.37969668]), 1: array([0.36826065]), 2: array([1.]), 3: array([0.82514651]), 4: array([0.63368956]), 5: array([0.53873504]), 6: array([0.65319769]), 7: array([0.6135843]), 8: array([0.45101367]), 9: array([0.])}
2025-05-12 17:19:37,665 - DEBUG - util_fusion - fusion_dual_defense - client 4 similarity threshold: 0.5463324109461886
2025-05-12 17:19:37,665 - INFO - util_fusion - fusion_dual_defense - client 4 selected fusion benigns: [2, 3, 4, 6, 7]
2025-05-12 17:19:37,674 - DEBUG - util_fusion - fusion_dual_defense - client 5 scores: {0: array([6648.17621466]), 1: array([6648.16974595]), 2: array([6648.52708538]), 3: array([6648.42818059]), 4: array([6648.31988416]), 5: array([6648.26617373]), 6: array([6648.33091881]), 7: array([6648.30851175]), 8: array([6648.21655468]), 9: array([6647.96144159])}
2025-05-12 17:19:37,674 - DEBUG - util_fusion - fusion_dual_defense - client 5 norm scores: {0: array([0.37969668]), 1: array([0.36826065]), 2: array([1.]), 3: array([0.82514651]), 4: array([0.63368956]), 5: array([0.53873504]), 6: array([0.65319769]), 7: array([0.6135843]), 8: array([0.45101367]), 9: array([0.])}
2025-05-12 17:19:37,674 - DEBUG - util_fusion - fusion_dual_defense - client 5 similarity threshold: 0.5463324109461886
2025-05-12 17:19:37,674 - INFO - util_fusion - fusion_dual_defense - client 5 selected fusion benigns: [2, 3, 4, 6, 7]
2025-05-12 17:19:37,683 - DEBUG - util_fusion - fusion_dual_defense - client 6 scores: {0: array([6648.17621466]), 1: array([6648.16974595]), 2: array([6648.52708538]), 3: array([6648.42818059]), 4: array([6648.31988416]), 5: array([6648.26617373]), 6: array([6648.33091881]), 7: array([6648.30851175]), 8: array([6648.21655468]), 9: array([6647.96144159])}
2025-05-12 17:19:37,683 - DEBUG - util_fusion - fusion_dual_defense - client 6 norm scores: {0: array([0.37969668]), 1: array([0.36826065]), 2: array([1.]), 3: array([0.82514651]), 4: array([0.63368956]), 5: array([0.53873504]), 6: array([0.65319769]), 7: array([0.6135843]), 8: array([0.45101367]), 9: array([0.])}
2025-05-12 17:19:37,683 - DEBUG - util_fusion - fusion_dual_defense - client 6 similarity threshold: 0.5463324109461886
2025-05-12 17:19:37,683 - INFO - util_fusion - fusion_dual_defense - client 6 selected fusion benigns: [2, 3, 4, 6, 7]
2025-05-12 17:19:37,692 - DEBUG - util_fusion - fusion_dual_defense - client 7 scores: {0: array([6648.17621466]), 1: array([6648.16974595]), 2: array([6648.52708538]), 3: array([6648.42818059]), 4: array([6648.31988416]), 5: array([6648.26617373]), 6: array([6648.33091881]), 7: array([6648.30851175]), 8: array([6648.21655468]), 9: array([6647.96144159])}
2025-05-12 17:19:37,692 - DEBUG - util_fusion - fusion_dual_defense - client 7 norm scores: {0: array([0.37969668]), 1: array([0.36826065]), 2: array([1.]), 3: array([0.82514651]), 4: array([0.63368956]), 5: array([0.53873504]), 6: array([0.65319769]), 7: array([0.6135843]), 8: array([0.45101367]), 9: array([0.])}
2025-05-12 17:19:37,692 - DEBUG - util_fusion - fusion_dual_defense - client 7 similarity threshold: 0.5463324109461886
2025-05-12 17:19:37,692 - INFO - util_fusion - fusion_dual_defense - client 7 selected fusion benigns: [2, 3, 4, 6, 7]
2025-05-12 17:19:37,701 - DEBUG - util_fusion - fusion_dual_defense - client 8 scores: {0: array([6648.17621466]), 1: array([6648.16974595]), 2: array([6648.52708538]), 3: array([6648.42818059]), 4: array([6648.31988416]), 5: array([6648.26617373]), 6: array([6648.33091881]), 7: array([6648.30851175]), 8: array([6648.21655468]), 9: array([6647.96144159])}
2025-05-12 17:19:37,701 - DEBUG - util_fusion - fusion_dual_defense - client 8 norm scores: {0: array([0.37969668]), 1: array([0.36826065]), 2: array([1.]), 3: array([0.82514651]), 4: array([0.63368956]), 5: array([0.53873504]), 6: array([0.65319769]), 7: array([0.6135843]), 8: array([0.45101367]), 9: array([0.])}
2025-05-12 17:19:37,701 - DEBUG - util_fusion - fusion_dual_defense - client 8 similarity threshold: 0.5463324109461886
2025-05-12 17:19:37,701 - INFO - util_fusion - fusion_dual_defense - client 8 selected fusion benigns: [2, 3, 4, 6, 7]
2025-05-12 17:19:37,710 - DEBUG - util_fusion - fusion_dual_defense - client 9 scores: {0: array([6648.17621466]), 1: array([6648.16974595]), 2: array([6648.52708538]), 3: array([6648.42818059]), 4: array([6648.31988416]), 5: array([6648.26617373]), 6: array([6648.33091881]), 7: array([6648.30851175]), 8: array([6648.21655468]), 9: array([6647.96144159])}
2025-05-12 17:19:37,710 - DEBUG - util_fusion - fusion_dual_defense - client 9 norm scores: {0: array([0.37969668]), 1: array([0.36826065]), 2: array([1.]), 3: array([0.82514651]), 4: array([0.63368956]), 5: array([0.53873504]), 6: array([0.65319769]), 7: array([0.6135843]), 8: array([0.45101367]), 9: array([0.])}
2025-05-12 17:19:37,710 - DEBUG - util_fusion - fusion_dual_defense - client 9 similarity threshold: 0.5463324109461886
2025-05-12 17:19:37,711 - INFO - util_fusion - fusion_dual_defense - client 9 selected fusion benigns: [2, 3, 4, 6, 7]
2025-05-12 17:19:37,711 - DEBUG - util_fusion - fusion_dual_defense - final fusion benigns: (2, 3, 4, 6, 7)
2025-05-12 17:19:39,416 - INFO - fl - start - global side -  test accuracy: 9.82
2025-05-12 17:19:39,416 - INFO - fl - start - global side iteration 25 -  test accuracy: 9.82
2025-05-12 17:19:39,416 - INFO - fl - start - start training round 26
2025-05-12 17:19:39,418 - INFO - fl - start - round 26 attackers: [6, 0]
2025-05-12 17:19:39,418 - INFO - fl - start - start client 0 training
2025-05-12 17:19:39,418 - INFO - fl - client_local_train - client 0 start local training ...
2025-05-12 17:19:41,998 - INFO - fl - client_local_train - client 0 is attacker, start poisoning model
2025-05-12 17:19:46,083 - INFO - fl - start - end client 0 training
2025-05-12 17:19:46,083 - INFO - fl - start - client 0 evaluation metrics: {'train_loss': 1.825203374836941e+16, 'test_acc': 10.32}
2025-05-12 17:19:46,083 - INFO - fl - start - start client 1 training
2025-05-12 17:19:46,083 - INFO - fl - client_local_train - client 1 start local training ...
2025-05-12 17:19:49,595 - INFO - fl - start - end client 1 training
2025-05-12 17:19:49,596 - INFO - fl - start - client 1 evaluation metrics: {'train_loss': 229086819358140.38, 'test_acc': 9.8}
2025-05-12 17:19:49,596 - INFO - fl - start - start client 2 training
2025-05-12 17:19:49,596 - INFO - fl - client_local_train - client 2 start local training ...
2025-05-12 17:19:59,747 - INFO - fl - start - end client 2 training
2025-05-12 17:19:59,747 - INFO - fl - start - client 2 evaluation metrics: {'train_loss': 153250549479856.7, 'test_acc': 9.82}
2025-05-12 17:19:59,747 - INFO - fl - start - start client 3 training
2025-05-12 17:19:59,747 - INFO - fl - client_local_train - client 3 start local training ...
2025-05-12 17:20:06,943 - INFO - fl - start - end client 3 training
2025-05-12 17:20:06,943 - INFO - fl - start - client 3 evaluation metrics: {'train_loss': 138144627450378.89, 'test_acc': 10.09}
2025-05-12 17:20:06,943 - INFO - fl - start - start client 4 training
2025-05-12 17:20:06,943 - INFO - fl - client_local_train - client 4 start local training ...
2025-05-12 17:20:14,243 - INFO - fl - start - end client 4 training
2025-05-12 17:20:14,243 - INFO - fl - start - client 4 evaluation metrics: {'train_loss': 273158707669260.34, 'test_acc': 11.35}
2025-05-12 17:20:14,243 - INFO - fl - start - start client 5 training
2025-05-12 17:20:14,243 - INFO - fl - client_local_train - client 5 start local training ...
2025-05-12 17:20:19,916 - INFO - fl - start - end client 5 training
2025-05-12 17:20:19,916 - INFO - fl - start - client 5 evaluation metrics: {'train_loss': 185921011035418.8, 'test_acc': 10.09}
2025-05-12 17:20:19,916 - INFO - fl - start - start client 6 training
2025-05-12 17:20:19,916 - INFO - fl - client_local_train - client 6 start local training ...
2025-05-12 17:20:21,579 - INFO - fl - client_local_train - client 6 is attacker, start poisoning model
2025-05-12 17:20:25,164 - INFO - fl - start - end client 6 training
2025-05-12 17:20:25,164 - INFO - fl - start - client 6 evaluation metrics: {'train_loss': 1.1549936374312014e+16, 'test_acc': 10.1}
2025-05-12 17:20:25,164 - INFO - fl - start - start client 7 training
2025-05-12 17:20:25,164 - INFO - fl - client_local_train - client 7 start local training ...
2025-05-12 17:20:28,297 - INFO - fl - start - end client 7 training
2025-05-12 17:20:28,297 - INFO - fl - start - client 7 evaluation metrics: {'train_loss': 249720775882894.88, 'test_acc': 9.8}
2025-05-12 17:20:28,297 - INFO - fl - start - start client 8 training
2025-05-12 17:20:28,297 - INFO - fl - client_local_train - client 8 start local training ...
2025-05-12 17:20:33,212 - INFO - fl - start - end client 8 training
2025-05-12 17:20:33,212 - INFO - fl - start - client 8 evaluation metrics: {'train_loss': 118969918382362.48, 'test_acc': 9.8}
2025-05-12 17:20:33,213 - INFO - fl - start - start client 9 training
2025-05-12 17:20:33,213 - INFO - fl - client_local_train - client 9 start local training ...
2025-05-12 17:20:35,493 - INFO - fl - start - end client 9 training
2025-05-12 17:20:35,493 - INFO - fl - start - client 9 evaluation metrics: {'train_loss': 78774251575563.12, 'test_acc': 10.28}
2025-05-12 17:20:35,493 - INFO - fl - aggregate_model - start model aggregation...fusion method: dual_defense
2025-05-12 17:20:35,493 - INFO - fl - aggregate_model - start hyper-guard fusion with epsilon 0.01
2025-05-12 17:20:35,493 - INFO - fl - aggregate_model - round 26 attackers: [0, 6]
2025-05-12 17:20:46,691 - DEBUG - util_fusion - fusion_dual_defense - client 0 scores: {0: array([18789.01830072]), 1: array([18789.59950784]), 2: array([18789.69980618]), 3: array([18789.74231131]), 4: array([18789.34709918]), 5: array([18785.92068868]), 6: array([18788.97050278]), 7: array([18789.3590174]), 8: array([18789.32368271]), 9: array([18788.90124564])}
2025-05-12 17:20:46,691 - DEBUG - util_fusion - fusion_dual_defense - client 0 norm scores: {0: array([0.81054891]), 1: array([0.96263276]), 2: array([0.98887773]), 3: array([1.]), 4: array([0.89658526]), 5: array([0.]), 6: array([0.79804167]), 7: array([0.89970388]), 8: array([0.89045789]), 9: array([0.77991922])}
2025-05-12 17:20:46,691 - DEBUG - util_fusion - fusion_dual_defense - client 0 similarity threshold: 0.8026767321929862
2025-05-12 17:20:46,691 - INFO - util_fusion - fusion_dual_defense - client 0 selected fusion benigns: [0, 1, 2, 3, 4, 7, 8]
2025-05-12 17:20:46,700 - DEBUG - util_fusion - fusion_dual_defense - client 1 scores: {0: array([18789.01830072]), 1: array([18789.59950784]), 2: array([18789.69980618]), 3: array([18789.74231131]), 4: array([18789.34709918]), 5: array([18785.92068868]), 6: array([18788.97050278]), 7: array([18789.3590174]), 8: array([18789.32368271]), 9: array([18788.90124564])}
2025-05-12 17:20:46,701 - DEBUG - util_fusion - fusion_dual_defense - client 1 norm scores: {0: array([0.81054891]), 1: array([0.96263276]), 2: array([0.98887773]), 3: array([1.]), 4: array([0.89658526]), 5: array([0.]), 6: array([0.79804167]), 7: array([0.89970388]), 8: array([0.89045789]), 9: array([0.77991922])}
2025-05-12 17:20:46,701 - DEBUG - util_fusion - fusion_dual_defense - client 1 similarity threshold: 0.8026767321929862
2025-05-12 17:20:46,701 - INFO - util_fusion - fusion_dual_defense - client 1 selected fusion benigns: [0, 1, 2, 3, 4, 7, 8]
2025-05-12 17:20:46,709 - DEBUG - util_fusion - fusion_dual_defense - client 2 scores: {0: array([18789.01830072]), 1: array([18789.59950784]), 2: array([18789.69980618]), 3: array([18789.74231131]), 4: array([18789.34709918]), 5: array([18785.92068868]), 6: array([18788.97050278]), 7: array([18789.3590174]), 8: array([18789.32368271]), 9: array([18788.90124564])}
2025-05-12 17:20:46,710 - DEBUG - util_fusion - fusion_dual_defense - client 2 norm scores: {0: array([0.81054891]), 1: array([0.96263276]), 2: array([0.98887773]), 3: array([1.]), 4: array([0.89658526]), 5: array([0.]), 6: array([0.79804167]), 7: array([0.89970388]), 8: array([0.89045789]), 9: array([0.77991922])}
2025-05-12 17:20:46,710 - DEBUG - util_fusion - fusion_dual_defense - client 2 similarity threshold: 0.8026767321929862
2025-05-12 17:20:46,710 - INFO - util_fusion - fusion_dual_defense - client 2 selected fusion benigns: [0, 1, 2, 3, 4, 7, 8]
2025-05-12 17:20:46,718 - DEBUG - util_fusion - fusion_dual_defense - client 3 scores: {0: array([18789.01830072]), 1: array([18789.59950784]), 2: array([18789.69980618]), 3: array([18789.74231131]), 4: array([18789.34709918]), 5: array([18785.92068868]), 6: array([18788.97050278]), 7: array([18789.3590174]), 8: array([18789.32368271]), 9: array([18788.90124564])}
2025-05-12 17:20:46,719 - DEBUG - util_fusion - fusion_dual_defense - client 3 norm scores: {0: array([0.81054891]), 1: array([0.96263276]), 2: array([0.98887773]), 3: array([1.]), 4: array([0.89658526]), 5: array([0.]), 6: array([0.79804167]), 7: array([0.89970388]), 8: array([0.89045789]), 9: array([0.77991922])}
2025-05-12 17:20:46,719 - DEBUG - util_fusion - fusion_dual_defense - client 3 similarity threshold: 0.8026767321929862
2025-05-12 17:20:46,719 - INFO - util_fusion - fusion_dual_defense - client 3 selected fusion benigns: [0, 1, 2, 3, 4, 7, 8]
2025-05-12 17:20:46,727 - DEBUG - util_fusion - fusion_dual_defense - client 4 scores: {0: array([18789.01830072]), 1: array([18789.59950784]), 2: array([18789.69980618]), 3: array([18789.74231131]), 4: array([18789.34709918]), 5: array([18785.92068868]), 6: array([18788.97050278]), 7: array([18789.3590174]), 8: array([18789.32368271]), 9: array([18788.90124564])}
2025-05-12 17:20:46,728 - DEBUG - util_fusion - fusion_dual_defense - client 4 norm scores: {0: array([0.81054891]), 1: array([0.96263276]), 2: array([0.98887773]), 3: array([1.]), 4: array([0.89658526]), 5: array([0.]), 6: array([0.79804167]), 7: array([0.89970388]), 8: array([0.89045789]), 9: array([0.77991922])}
2025-05-12 17:20:46,728 - DEBUG - util_fusion - fusion_dual_defense - client 4 similarity threshold: 0.8026767321929862
2025-05-12 17:20:46,728 - INFO - util_fusion - fusion_dual_defense - client 4 selected fusion benigns: [0, 1, 2, 3, 4, 7, 8]
2025-05-12 17:20:46,736 - DEBUG - util_fusion - fusion_dual_defense - client 5 scores: {0: array([18789.01830072]), 1: array([18789.59950784]), 2: array([18789.69980618]), 3: array([18789.74231131]), 4: array([18789.34709918]), 5: array([18785.92068868]), 6: array([18788.97050278]), 7: array([18789.3590174]), 8: array([18789.32368271]), 9: array([18788.90124564])}
2025-05-12 17:20:46,737 - DEBUG - util_fusion - fusion_dual_defense - client 5 norm scores: {0: array([0.81054891]), 1: array([0.96263276]), 2: array([0.98887773]), 3: array([1.]), 4: array([0.89658526]), 5: array([0.]), 6: array([0.79804167]), 7: array([0.89970388]), 8: array([0.89045789]), 9: array([0.77991922])}
2025-05-12 17:20:46,737 - DEBUG - util_fusion - fusion_dual_defense - client 5 similarity threshold: 0.8026767321929862
2025-05-12 17:20:46,737 - INFO - util_fusion - fusion_dual_defense - client 5 selected fusion benigns: [0, 1, 2, 3, 4, 7, 8]
2025-05-12 17:20:46,745 - DEBUG - util_fusion - fusion_dual_defense - client 6 scores: {0: array([18789.01830072]), 1: array([18789.59950784]), 2: array([18789.69980618]), 3: array([18789.74231131]), 4: array([18789.34709918]), 5: array([18785.92068868]), 6: array([18788.97050278]), 7: array([18789.3590174]), 8: array([18789.32368271]), 9: array([18788.90124564])}
2025-05-12 17:20:46,746 - DEBUG - util_fusion - fusion_dual_defense - client 6 norm scores: {0: array([0.81054891]), 1: array([0.96263276]), 2: array([0.98887773]), 3: array([1.]), 4: array([0.89658526]), 5: array([0.]), 6: array([0.79804167]), 7: array([0.89970388]), 8: array([0.89045789]), 9: array([0.77991922])}
2025-05-12 17:20:46,746 - DEBUG - util_fusion - fusion_dual_defense - client 6 similarity threshold: 0.8026767321929862
2025-05-12 17:20:46,746 - INFO - util_fusion - fusion_dual_defense - client 6 selected fusion benigns: [0, 1, 2, 3, 4, 7, 8]
2025-05-12 17:20:46,754 - DEBUG - util_fusion - fusion_dual_defense - client 7 scores: {0: array([18789.01830072]), 1: array([18789.59950784]), 2: array([18789.69980618]), 3: array([18789.74231131]), 4: array([18789.34709918]), 5: array([18785.92068868]), 6: array([18788.97050278]), 7: array([18789.3590174]), 8: array([18789.32368271]), 9: array([18788.90124564])}
2025-05-12 17:20:46,755 - DEBUG - util_fusion - fusion_dual_defense - client 7 norm scores: {0: array([0.81054891]), 1: array([0.96263276]), 2: array([0.98887773]), 3: array([1.]), 4: array([0.89658526]), 5: array([0.]), 6: array([0.79804167]), 7: array([0.89970388]), 8: array([0.89045789]), 9: array([0.77991922])}
2025-05-12 17:20:46,755 - DEBUG - util_fusion - fusion_dual_defense - client 7 similarity threshold: 0.8026767321929862
2025-05-12 17:20:46,755 - INFO - util_fusion - fusion_dual_defense - client 7 selected fusion benigns: [0, 1, 2, 3, 4, 7, 8]
2025-05-12 17:20:46,763 - DEBUG - util_fusion - fusion_dual_defense - client 8 scores: {0: array([18789.01830072]), 1: array([18789.59950784]), 2: array([18789.69980618]), 3: array([18789.74231131]), 4: array([18789.34709918]), 5: array([18785.92068868]), 6: array([18788.97050278]), 7: array([18789.3590174]), 8: array([18789.32368271]), 9: array([18788.90124564])}
2025-05-12 17:20:46,764 - DEBUG - util_fusion - fusion_dual_defense - client 8 norm scores: {0: array([0.81054891]), 1: array([0.96263276]), 2: array([0.98887773]), 3: array([1.]), 4: array([0.89658526]), 5: array([0.]), 6: array([0.79804167]), 7: array([0.89970388]), 8: array([0.89045789]), 9: array([0.77991922])}
2025-05-12 17:20:46,764 - DEBUG - util_fusion - fusion_dual_defense - client 8 similarity threshold: 0.8026767321929862
2025-05-12 17:20:46,764 - INFO - util_fusion - fusion_dual_defense - client 8 selected fusion benigns: [0, 1, 2, 3, 4, 7, 8]
2025-05-12 17:20:46,772 - DEBUG - util_fusion - fusion_dual_defense - client 9 scores: {0: array([18789.01830072]), 1: array([18789.59950784]), 2: array([18789.69980618]), 3: array([18789.74231131]), 4: array([18789.34709918]), 5: array([18785.92068868]), 6: array([18788.97050278]), 7: array([18789.3590174]), 8: array([18789.32368271]), 9: array([18788.90124564])}
2025-05-12 17:20:46,773 - DEBUG - util_fusion - fusion_dual_defense - client 9 norm scores: {0: array([0.81054891]), 1: array([0.96263276]), 2: array([0.98887773]), 3: array([1.]), 4: array([0.89658526]), 5: array([0.]), 6: array([0.79804167]), 7: array([0.89970388]), 8: array([0.89045789]), 9: array([0.77991922])}
2025-05-12 17:20:46,773 - DEBUG - util_fusion - fusion_dual_defense - client 9 similarity threshold: 0.8026767321929862
2025-05-12 17:20:46,773 - INFO - util_fusion - fusion_dual_defense - client 9 selected fusion benigns: [0, 1, 2, 3, 4, 7, 8]
2025-05-12 17:20:46,773 - DEBUG - util_fusion - fusion_dual_defense - final fusion benigns: (0, 1, 2, 3, 4, 7, 8)
2025-05-12 17:20:48,591 - INFO - fl - start - global side -  test accuracy: 10.32
2025-05-12 17:20:48,591 - INFO - fl - start - global side iteration 26 -  test accuracy: 10.32
2025-05-12 17:20:48,592 - INFO - fl - start - start training round 27
2025-05-12 17:20:48,593 - INFO - fl - start - round 27 attackers: [8, 3]
2025-05-12 17:20:48,594 - INFO - fl - start - start client 0 training
2025-05-12 17:20:48,594 - INFO - fl - client_local_train - client 0 start local training ...
2025-05-12 17:20:53,245 - INFO - fl - start - end client 0 training
2025-05-12 17:20:53,245 - INFO - fl - start - client 0 evaluation metrics: {'train_loss': 250353477589401.6, 'test_acc': 10.1}
2025-05-12 17:20:53,245 - INFO - fl - start - start client 1 training
2025-05-12 17:20:53,245 - INFO - fl - client_local_train - client 1 start local training ...
2025-05-12 17:20:56,763 - INFO - fl - start - end client 1 training
2025-05-12 17:20:56,763 - INFO - fl - start - client 1 evaluation metrics: {'train_loss': 319321624543232.0, 'test_acc': 9.74}
2025-05-12 17:20:56,763 - INFO - fl - start - start client 2 training
2025-05-12 17:20:56,763 - INFO - fl - client_local_train - client 2 start local training ...
2025-05-12 17:21:06,828 - INFO - fl - start - end client 2 training
2025-05-12 17:21:06,829 - INFO - fl - start - client 2 evaluation metrics: {'train_loss': 422169631336976.8, 'test_acc': 9.58}
2025-05-12 17:21:06,829 - INFO - fl - start - start client 3 training
2025-05-12 17:21:06,829 - INFO - fl - client_local_train - client 3 start local training ...
2025-05-12 17:21:11,401 - INFO - fl - client_local_train - client 3 is attacker, start poisoning model
2025-05-12 17:21:16,543 - INFO - fl - start - end client 3 training
2025-05-12 17:21:16,543 - INFO - fl - start - client 3 evaluation metrics: {'train_loss': 2.106888975668147e+16, 'test_acc': 10.12}
2025-05-12 17:21:16,543 - INFO - fl - start - start client 4 training
2025-05-12 17:21:16,543 - INFO - fl - client_local_train - client 4 start local training ...
2025-05-12 17:21:23,918 - INFO - fl - start - end client 4 training
2025-05-12 17:21:23,918 - INFO - fl - start - client 4 evaluation metrics: {'train_loss': 235250332987872.22, 'test_acc': 11.35}
2025-05-12 17:21:23,918 - INFO - fl - start - start client 5 training
2025-05-12 17:21:23,918 - INFO - fl - client_local_train - client 5 start local training ...
2025-05-12 17:21:29,612 - INFO - fl - start - end client 5 training
2025-05-12 17:21:29,612 - INFO - fl - start - client 5 evaluation metrics: {'train_loss': 324934384953714.56, 'test_acc': 9.58}
2025-05-12 17:21:29,612 - INFO - fl - start - start client 6 training
2025-05-12 17:21:29,612 - INFO - fl - client_local_train - client 6 start local training ...
2025-05-12 17:21:33,068 - INFO - fl - start - end client 6 training
2025-05-12 17:21:33,068 - INFO - fl - start - client 6 evaluation metrics: {'train_loss': 445014452247945.9, 'test_acc': 10.32}
2025-05-12 17:21:33,068 - INFO - fl - start - start client 7 training
2025-05-12 17:21:33,068 - INFO - fl - client_local_train - client 7 start local training ...
2025-05-12 17:21:36,200 - INFO - fl - start - end client 7 training
2025-05-12 17:21:36,200 - INFO - fl - start - client 7 evaluation metrics: {'train_loss': 256192186642717.78, 'test_acc': 11.35}
2025-05-12 17:21:36,200 - INFO - fl - start - start client 8 training
2025-05-12 17:21:36,200 - INFO - fl - client_local_train - client 8 start local training ...
2025-05-12 17:21:39,047 - INFO - fl - client_local_train - client 8 is attacker, start poisoning model
2025-05-12 17:21:43,262 - INFO - fl - start - end client 8 training
2025-05-12 17:21:43,262 - INFO - fl - start - client 8 evaluation metrics: {'train_loss': 2.412566696897571e+16, 'test_acc': 9.8}
2025-05-12 17:21:43,262 - INFO - fl - start - start client 9 training
2025-05-12 17:21:43,262 - INFO - fl - client_local_train - client 9 start local training ...
2025-05-12 17:21:45,534 - INFO - fl - start - end client 9 training
2025-05-12 17:21:45,534 - INFO - fl - start - client 9 evaluation metrics: {'train_loss': 506481901533807.3, 'test_acc': 9.58}
2025-05-12 17:21:45,534 - INFO - fl - aggregate_model - start model aggregation...fusion method: dual_defense
2025-05-12 17:21:45,535 - INFO - fl - aggregate_model - start hyper-guard fusion with epsilon 0.01
2025-05-12 17:21:45,535 - INFO - fl - aggregate_model - round 27 attackers: [8, 3]
2025-05-12 17:21:56,759 - DEBUG - util_fusion - fusion_dual_defense - client 0 scores: {0: array([11749.50477564]), 1: array([11749.25514756]), 2: array([11749.57255847]), 3: array([11749.51486338]), 4: array([11749.41674308]), 5: array([11745.64506811]), 6: array([11749.44401791]), 7: array([11749.35184426]), 8: array([11749.42806293]), 9: array([11746.07826187])}
2025-05-12 17:21:56,759 - DEBUG - util_fusion - fusion_dual_defense - client 0 norm scores: {0: array([0.98274144]), 1: array([0.91918226]), 2: array([1.]), 3: array([0.98530993]), 4: array([0.96032698]), 5: array([0.]), 6: array([0.96727158]), 7: array([0.94380274]), 8: array([0.96320919]), 9: array([0.11029786])}
2025-05-12 17:21:56,760 - DEBUG - util_fusion - fusion_dual_defense - client 0 similarity threshold: 0.7832141973707774
2025-05-12 17:21:56,760 - INFO - util_fusion - fusion_dual_defense - client 0 selected fusion benigns: [0, 1, 2, 3, 4, 6, 7, 8]
2025-05-12 17:21:56,768 - DEBUG - util_fusion - fusion_dual_defense - client 1 scores: {0: array([11749.50477564]), 1: array([11749.25514756]), 2: array([11749.57255847]), 3: array([11749.51486338]), 4: array([11749.41674308]), 5: array([11745.64506811]), 6: array([11749.44401791]), 7: array([11749.35184426]), 8: array([11749.42806293]), 9: array([11746.07826187])}
2025-05-12 17:21:56,769 - DEBUG - util_fusion - fusion_dual_defense - client 1 norm scores: {0: array([0.98274144]), 1: array([0.91918226]), 2: array([1.]), 3: array([0.98530993]), 4: array([0.96032698]), 5: array([0.]), 6: array([0.96727158]), 7: array([0.94380274]), 8: array([0.96320919]), 9: array([0.11029786])}
2025-05-12 17:21:56,769 - DEBUG - util_fusion - fusion_dual_defense - client 1 similarity threshold: 0.7832141973707774
2025-05-12 17:21:56,769 - INFO - util_fusion - fusion_dual_defense - client 1 selected fusion benigns: [0, 1, 2, 3, 4, 6, 7, 8]
2025-05-12 17:21:56,777 - DEBUG - util_fusion - fusion_dual_defense - client 2 scores: {0: array([11749.50477564]), 1: array([11749.25514756]), 2: array([11749.57255847]), 3: array([11749.51486338]), 4: array([11749.41674308]), 5: array([11745.64506811]), 6: array([11749.44401791]), 7: array([11749.35184426]), 8: array([11749.42806293]), 9: array([11746.07826187])}
2025-05-12 17:21:56,778 - DEBUG - util_fusion - fusion_dual_defense - client 2 norm scores: {0: array([0.98274144]), 1: array([0.91918226]), 2: array([1.]), 3: array([0.98530993]), 4: array([0.96032698]), 5: array([0.]), 6: array([0.96727158]), 7: array([0.94380274]), 8: array([0.96320919]), 9: array([0.11029786])}
2025-05-12 17:21:56,778 - DEBUG - util_fusion - fusion_dual_defense - client 2 similarity threshold: 0.7832141973707774
2025-05-12 17:21:56,778 - INFO - util_fusion - fusion_dual_defense - client 2 selected fusion benigns: [0, 1, 2, 3, 4, 6, 7, 8]
2025-05-12 17:21:56,786 - DEBUG - util_fusion - fusion_dual_defense - client 3 scores: {0: array([11749.50477564]), 1: array([11749.25514756]), 2: array([11749.57255847]), 3: array([11749.51486338]), 4: array([11749.41674308]), 5: array([11745.64506811]), 6: array([11749.44401791]), 7: array([11749.35184426]), 8: array([11749.42806293]), 9: array([11746.07826187])}
2025-05-12 17:21:56,787 - DEBUG - util_fusion - fusion_dual_defense - client 3 norm scores: {0: array([0.98274144]), 1: array([0.91918226]), 2: array([1.]), 3: array([0.98530993]), 4: array([0.96032698]), 5: array([0.]), 6: array([0.96727158]), 7: array([0.94380274]), 8: array([0.96320919]), 9: array([0.11029786])}
2025-05-12 17:21:56,787 - DEBUG - util_fusion - fusion_dual_defense - client 3 similarity threshold: 0.7832141973707774
2025-05-12 17:21:56,787 - INFO - util_fusion - fusion_dual_defense - client 3 selected fusion benigns: [0, 1, 2, 3, 4, 6, 7, 8]
2025-05-12 17:21:56,795 - DEBUG - util_fusion - fusion_dual_defense - client 4 scores: {0: array([11749.50477564]), 1: array([11749.25514756]), 2: array([11749.57255847]), 3: array([11749.51486338]), 4: array([11749.41674308]), 5: array([11745.64506811]), 6: array([11749.44401791]), 7: array([11749.35184426]), 8: array([11749.42806293]), 9: array([11746.07826187])}
2025-05-12 17:21:56,796 - DEBUG - util_fusion - fusion_dual_defense - client 4 norm scores: {0: array([0.98274144]), 1: array([0.91918226]), 2: array([1.]), 3: array([0.98530993]), 4: array([0.96032698]), 5: array([0.]), 6: array([0.96727158]), 7: array([0.94380274]), 8: array([0.96320919]), 9: array([0.11029786])}
2025-05-12 17:21:56,796 - DEBUG - util_fusion - fusion_dual_defense - client 4 similarity threshold: 0.7832141973707774
2025-05-12 17:21:56,796 - INFO - util_fusion - fusion_dual_defense - client 4 selected fusion benigns: [0, 1, 2, 3, 4, 6, 7, 8]
2025-05-12 17:21:56,804 - DEBUG - util_fusion - fusion_dual_defense - client 5 scores: {0: array([11749.50477564]), 1: array([11749.25514756]), 2: array([11749.57255847]), 3: array([11749.51486338]), 4: array([11749.41674308]), 5: array([11745.64506811]), 6: array([11749.44401791]), 7: array([11749.35184426]), 8: array([11749.42806293]), 9: array([11746.07826187])}
2025-05-12 17:21:56,805 - DEBUG - util_fusion - fusion_dual_defense - client 5 norm scores: {0: array([0.98274144]), 1: array([0.91918226]), 2: array([1.]), 3: array([0.98530993]), 4: array([0.96032698]), 5: array([0.]), 6: array([0.96727158]), 7: array([0.94380274]), 8: array([0.96320919]), 9: array([0.11029786])}
2025-05-12 17:21:56,805 - DEBUG - util_fusion - fusion_dual_defense - client 5 similarity threshold: 0.7832141973707774
2025-05-12 17:21:56,805 - INFO - util_fusion - fusion_dual_defense - client 5 selected fusion benigns: [0, 1, 2, 3, 4, 6, 7, 8]
2025-05-12 17:21:56,813 - DEBUG - util_fusion - fusion_dual_defense - client 6 scores: {0: array([11749.50477564]), 1: array([11749.25514756]), 2: array([11749.57255847]), 3: array([11749.51486338]), 4: array([11749.41674308]), 5: array([11745.64506811]), 6: array([11749.44401791]), 7: array([11749.35184426]), 8: array([11749.42806293]), 9: array([11746.07826187])}
2025-05-12 17:21:56,814 - DEBUG - util_fusion - fusion_dual_defense - client 6 norm scores: {0: array([0.98274144]), 1: array([0.91918226]), 2: array([1.]), 3: array([0.98530993]), 4: array([0.96032698]), 5: array([0.]), 6: array([0.96727158]), 7: array([0.94380274]), 8: array([0.96320919]), 9: array([0.11029786])}
2025-05-12 17:21:56,814 - DEBUG - util_fusion - fusion_dual_defense - client 6 similarity threshold: 0.7832141973707774
2025-05-12 17:21:56,814 - INFO - util_fusion - fusion_dual_defense - client 6 selected fusion benigns: [0, 1, 2, 3, 4, 6, 7, 8]
2025-05-12 17:21:56,822 - DEBUG - util_fusion - fusion_dual_defense - client 7 scores: {0: array([11749.50477564]), 1: array([11749.25514756]), 2: array([11749.57255847]), 3: array([11749.51486338]), 4: array([11749.41674308]), 5: array([11745.64506811]), 6: array([11749.44401791]), 7: array([11749.35184426]), 8: array([11749.42806293]), 9: array([11746.07826187])}
2025-05-12 17:21:56,823 - DEBUG - util_fusion - fusion_dual_defense - client 7 norm scores: {0: array([0.98274144]), 1: array([0.91918226]), 2: array([1.]), 3: array([0.98530993]), 4: array([0.96032698]), 5: array([0.]), 6: array([0.96727158]), 7: array([0.94380274]), 8: array([0.96320919]), 9: array([0.11029786])}
2025-05-12 17:21:56,823 - DEBUG - util_fusion - fusion_dual_defense - client 7 similarity threshold: 0.7832141973707774
2025-05-12 17:21:56,823 - INFO - util_fusion - fusion_dual_defense - client 7 selected fusion benigns: [0, 1, 2, 3, 4, 6, 7, 8]
2025-05-12 17:21:56,831 - DEBUG - util_fusion - fusion_dual_defense - client 8 scores: {0: array([11749.50477564]), 1: array([11749.25514756]), 2: array([11749.57255847]), 3: array([11749.51486338]), 4: array([11749.41674308]), 5: array([11745.64506811]), 6: array([11749.44401791]), 7: array([11749.35184426]), 8: array([11749.42806293]), 9: array([11746.07826187])}
2025-05-12 17:21:56,832 - DEBUG - util_fusion - fusion_dual_defense - client 8 norm scores: {0: array([0.98274144]), 1: array([0.91918226]), 2: array([1.]), 3: array([0.98530993]), 4: array([0.96032698]), 5: array([0.]), 6: array([0.96727158]), 7: array([0.94380274]), 8: array([0.96320919]), 9: array([0.11029786])}
2025-05-12 17:21:56,832 - DEBUG - util_fusion - fusion_dual_defense - client 8 similarity threshold: 0.7832141973707774
2025-05-12 17:21:56,832 - INFO - util_fusion - fusion_dual_defense - client 8 selected fusion benigns: [0, 1, 2, 3, 4, 6, 7, 8]
2025-05-12 17:21:56,840 - DEBUG - util_fusion - fusion_dual_defense - client 9 scores: {0: array([11749.50477564]), 1: array([11749.25514756]), 2: array([11749.57255847]), 3: array([11749.51486338]), 4: array([11749.41674308]), 5: array([11745.64506811]), 6: array([11749.44401791]), 7: array([11749.35184426]), 8: array([11749.42806293]), 9: array([11746.07826187])}
2025-05-12 17:21:56,841 - DEBUG - util_fusion - fusion_dual_defense - client 9 norm scores: {0: array([0.98274144]), 1: array([0.91918226]), 2: array([1.]), 3: array([0.98530993]), 4: array([0.96032698]), 5: array([0.]), 6: array([0.96727158]), 7: array([0.94380274]), 8: array([0.96320919]), 9: array([0.11029786])}
2025-05-12 17:21:56,841 - DEBUG - util_fusion - fusion_dual_defense - client 9 similarity threshold: 0.7832141973707774
2025-05-12 17:21:56,841 - INFO - util_fusion - fusion_dual_defense - client 9 selected fusion benigns: [0, 1, 2, 3, 4, 6, 7, 8]
2025-05-12 17:21:56,841 - DEBUG - util_fusion - fusion_dual_defense - final fusion benigns: (0, 1, 2, 3, 4, 6, 7, 8)
2025-05-12 17:21:58,717 - INFO - fl - start - global side -  test accuracy: 10.09
2025-05-12 17:21:58,717 - INFO - fl - start - global side iteration 27 -  test accuracy: 10.09
2025-05-12 17:21:58,717 - INFO - fl - start - start training round 28
2025-05-12 17:21:58,719 - INFO - fl - start - round 28 attackers: [7, 6]
2025-05-12 17:21:58,719 - INFO - fl - start - start client 0 training
2025-05-12 17:21:58,719 - INFO - fl - client_local_train - client 0 start local training ...
2025-05-12 17:22:03,344 - INFO - fl - start - end client 0 training
2025-05-12 17:22:03,344 - INFO - fl - start - client 0 evaluation metrics: {'train_loss': 2720766507561779.0, 'test_acc': 10.29}
2025-05-12 17:22:03,344 - INFO - fl - start - start client 1 training
2025-05-12 17:22:03,345 - INFO - fl - client_local_train - client 1 start local training ...
2025-05-12 17:22:06,854 - INFO - fl - start - end client 1 training
2025-05-12 17:22:06,854 - INFO - fl - start - client 1 evaluation metrics: {'train_loss': 1003794282909309.6, 'test_acc': 9.74}
2025-05-12 17:22:06,854 - INFO - fl - start - start client 2 training
2025-05-12 17:22:06,854 - INFO - fl - client_local_train - client 2 start local training ...
2025-05-12 17:22:16,974 - INFO - fl - start - end client 2 training
2025-05-12 17:22:16,974 - INFO - fl - start - client 2 evaluation metrics: {'train_loss': 820651217447825.4, 'test_acc': 9.82}
2025-05-12 17:22:16,974 - INFO - fl - start - start client 3 training
2025-05-12 17:22:16,974 - INFO - fl - client_local_train - client 3 start local training ...
2025-05-12 17:22:24,125 - INFO - fl - start - end client 3 training
2025-05-12 17:22:24,126 - INFO - fl - start - client 3 evaluation metrics: {'train_loss': 1003509130907386.5, 'test_acc': 11.39}
2025-05-12 17:22:24,126 - INFO - fl - start - start client 4 training
2025-05-12 17:22:24,126 - INFO - fl - client_local_train - client 4 start local training ...
2025-05-12 17:22:31,408 - INFO - fl - start - end client 4 training
2025-05-12 17:22:31,408 - INFO - fl - start - client 4 evaluation metrics: {'train_loss': 2924871121665822.0, 'test_acc': 9.75}
2025-05-12 17:22:31,408 - INFO - fl - start - start client 5 training
2025-05-12 17:22:31,408 - INFO - fl - client_local_train - client 5 start local training ...
2025-05-12 17:22:37,041 - INFO - fl - start - end client 5 training
2025-05-12 17:22:37,041 - INFO - fl - start - client 5 evaluation metrics: {'train_loss': 5162126413492887.0, 'test_acc': 9.74}
2025-05-12 17:22:37,041 - INFO - fl - start - start client 6 training
2025-05-12 17:22:37,041 - INFO - fl - client_local_train - client 6 start local training ...
2025-05-12 17:22:38,697 - INFO - fl - client_local_train - client 6 is attacker, start poisoning model
2025-05-12 17:22:42,279 - INFO - fl - start - end client 6 training
2025-05-12 17:22:42,279 - INFO - fl - start - client 6 evaluation metrics: {'train_loss': 2.014718033575583e+17, 'test_acc': 11.33}
2025-05-12 17:22:42,279 - INFO - fl - start - start client 7 training
2025-05-12 17:22:42,279 - INFO - fl - client_local_train - client 7 start local training ...
2025-05-12 17:22:43,701 - INFO - fl - client_local_train - client 7 is attacker, start poisoning model
2025-05-12 17:22:47,141 - INFO - fl - start - end client 7 training
2025-05-12 17:22:47,141 - INFO - fl - start - client 7 evaluation metrics: {'train_loss': 3.203181103808024e+17, 'test_acc': 9.85}
2025-05-12 17:22:47,150 - INFO - fl - start - start client 8 training
2025-05-12 17:22:47,150 - INFO - fl - client_local_train - client 8 start local training ...
2025-05-12 17:22:52,113 - INFO - fl - start - end client 8 training
2025-05-12 17:22:52,114 - INFO - fl - start - client 8 evaluation metrics: {'train_loss': 948261836707910.6, 'test_acc': 9.8}
2025-05-12 17:22:52,114 - INFO - fl - start - start client 9 training
2025-05-12 17:22:52,114 - INFO - fl - client_local_train - client 9 start local training ...
2025-05-12 17:22:54,389 - INFO - fl - start - end client 9 training
2025-05-12 17:22:54,389 - INFO - fl - start - client 9 evaluation metrics: {'train_loss': 3676721027504395.0, 'test_acc': 9.58}
2025-05-12 17:22:54,389 - INFO - fl - aggregate_model - start model aggregation...fusion method: dual_defense
2025-05-12 17:22:54,389 - INFO - fl - aggregate_model - start hyper-guard fusion with epsilon 0.01
2025-05-12 17:22:54,389 - INFO - fl - aggregate_model - round 28 attackers: [6, 7]
2025-05-12 17:23:05,606 - DEBUG - util_fusion - fusion_dual_defense - client 0 scores: {0: array([11115.02997091]), 1: array([11114.88300882]), 2: array([11114.17318767]), 3: array([11115.08035164]), 4: array([11115.03544265]), 5: array([11115.15363482]), 6: array([11115.04398913]), 7: array([11114.29787371]), 8: array([11115.22113759]), 9: array([11113.57506685])}
2025-05-12 17:23:05,607 - DEBUG - util_fusion - fusion_dual_defense - client 0 norm scores: {0: array([0.88386484]), 1: array([0.7945843]), 2: array([0.36336276]), 3: array([0.91447151]), 4: array([0.88718896]), 5: array([0.95899157]), 6: array([0.89238102]), 7: array([0.43911044]), 8: array([1.]), 9: array([0.])}
2025-05-12 17:23:05,607 - DEBUG - util_fusion - fusion_dual_defense - client 0 similarity threshold: 0.7133955407921972
2025-05-12 17:23:05,607 - INFO - util_fusion - fusion_dual_defense - client 0 selected fusion benigns: [0, 1, 3, 4, 5, 6, 8]
2025-05-12 17:23:05,615 - DEBUG - util_fusion - fusion_dual_defense - client 1 scores: {0: array([11115.02997091]), 1: array([11114.88300882]), 2: array([11114.17318767]), 3: array([11115.08035164]), 4: array([11115.03544265]), 5: array([11115.15363482]), 6: array([11115.04398913]), 7: array([11114.29787371]), 8: array([11115.22113759]), 9: array([11113.57506685])}
2025-05-12 17:23:05,616 - DEBUG - util_fusion - fusion_dual_defense - client 1 norm scores: {0: array([0.88386484]), 1: array([0.7945843]), 2: array([0.36336276]), 3: array([0.91447151]), 4: array([0.88718896]), 5: array([0.95899157]), 6: array([0.89238102]), 7: array([0.43911044]), 8: array([1.]), 9: array([0.])}
2025-05-12 17:23:05,616 - DEBUG - util_fusion - fusion_dual_defense - client 1 similarity threshold: 0.7133955407921972
2025-05-12 17:23:05,616 - INFO - util_fusion - fusion_dual_defense - client 1 selected fusion benigns: [0, 1, 3, 4, 5, 6, 8]
2025-05-12 17:23:05,624 - DEBUG - util_fusion - fusion_dual_defense - client 2 scores: {0: array([11115.02997091]), 1: array([11114.88300882]), 2: array([11114.17318767]), 3: array([11115.08035164]), 4: array([11115.03544265]), 5: array([11115.15363482]), 6: array([11115.04398913]), 7: array([11114.29787371]), 8: array([11115.22113759]), 9: array([11113.57506685])}
2025-05-12 17:23:05,625 - DEBUG - util_fusion - fusion_dual_defense - client 2 norm scores: {0: array([0.88386484]), 1: array([0.7945843]), 2: array([0.36336276]), 3: array([0.91447151]), 4: array([0.88718896]), 5: array([0.95899157]), 6: array([0.89238102]), 7: array([0.43911044]), 8: array([1.]), 9: array([0.])}
2025-05-12 17:23:05,625 - DEBUG - util_fusion - fusion_dual_defense - client 2 similarity threshold: 0.7133955407921972
2025-05-12 17:23:05,625 - INFO - util_fusion - fusion_dual_defense - client 2 selected fusion benigns: [0, 1, 3, 4, 5, 6, 8]
2025-05-12 17:23:05,633 - DEBUG - util_fusion - fusion_dual_defense - client 3 scores: {0: array([11115.02997091]), 1: array([11114.88300882]), 2: array([11114.17318767]), 3: array([11115.08035164]), 4: array([11115.03544265]), 5: array([11115.15363482]), 6: array([11115.04398913]), 7: array([11114.29787371]), 8: array([11115.22113759]), 9: array([11113.57506685])}
2025-05-12 17:23:05,634 - DEBUG - util_fusion - fusion_dual_defense - client 3 norm scores: {0: array([0.88386484]), 1: array([0.7945843]), 2: array([0.36336276]), 3: array([0.91447151]), 4: array([0.88718896]), 5: array([0.95899157]), 6: array([0.89238102]), 7: array([0.43911044]), 8: array([1.]), 9: array([0.])}
2025-05-12 17:23:05,634 - DEBUG - util_fusion - fusion_dual_defense - client 3 similarity threshold: 0.7133955407921972
2025-05-12 17:23:05,634 - INFO - util_fusion - fusion_dual_defense - client 3 selected fusion benigns: [0, 1, 3, 4, 5, 6, 8]
2025-05-12 17:23:05,642 - DEBUG - util_fusion - fusion_dual_defense - client 4 scores: {0: array([11115.02997091]), 1: array([11114.88300882]), 2: array([11114.17318767]), 3: array([11115.08035164]), 4: array([11115.03544265]), 5: array([11115.15363482]), 6: array([11115.04398913]), 7: array([11114.29787371]), 8: array([11115.22113759]), 9: array([11113.57506685])}
2025-05-12 17:23:05,643 - DEBUG - util_fusion - fusion_dual_defense - client 4 norm scores: {0: array([0.88386484]), 1: array([0.7945843]), 2: array([0.36336276]), 3: array([0.91447151]), 4: array([0.88718896]), 5: array([0.95899157]), 6: array([0.89238102]), 7: array([0.43911044]), 8: array([1.]), 9: array([0.])}
2025-05-12 17:23:05,643 - DEBUG - util_fusion - fusion_dual_defense - client 4 similarity threshold: 0.7133955407921972
2025-05-12 17:23:05,643 - INFO - util_fusion - fusion_dual_defense - client 4 selected fusion benigns: [0, 1, 3, 4, 5, 6, 8]
2025-05-12 17:23:05,651 - DEBUG - util_fusion - fusion_dual_defense - client 5 scores: {0: array([11115.02997091]), 1: array([11114.88300882]), 2: array([11114.17318767]), 3: array([11115.08035164]), 4: array([11115.03544265]), 5: array([11115.15363482]), 6: array([11115.04398913]), 7: array([11114.29787371]), 8: array([11115.22113759]), 9: array([11113.57506685])}
2025-05-12 17:23:05,652 - DEBUG - util_fusion - fusion_dual_defense - client 5 norm scores: {0: array([0.88386484]), 1: array([0.7945843]), 2: array([0.36336276]), 3: array([0.91447151]), 4: array([0.88718896]), 5: array([0.95899157]), 6: array([0.89238102]), 7: array([0.43911044]), 8: array([1.]), 9: array([0.])}
2025-05-12 17:23:05,652 - DEBUG - util_fusion - fusion_dual_defense - client 5 similarity threshold: 0.7133955407921972
2025-05-12 17:23:05,652 - INFO - util_fusion - fusion_dual_defense - client 5 selected fusion benigns: [0, 1, 3, 4, 5, 6, 8]
2025-05-12 17:23:05,660 - DEBUG - util_fusion - fusion_dual_defense - client 6 scores: {0: array([11115.02997091]), 1: array([11114.88300882]), 2: array([11114.17318767]), 3: array([11115.08035164]), 4: array([11115.03544265]), 5: array([11115.15363482]), 6: array([11115.04398913]), 7: array([11114.29787371]), 8: array([11115.22113759]), 9: array([11113.57506685])}
2025-05-12 17:23:05,661 - DEBUG - util_fusion - fusion_dual_defense - client 6 norm scores: {0: array([0.88386484]), 1: array([0.7945843]), 2: array([0.36336276]), 3: array([0.91447151]), 4: array([0.88718896]), 5: array([0.95899157]), 6: array([0.89238102]), 7: array([0.43911044]), 8: array([1.]), 9: array([0.])}
2025-05-12 17:23:05,661 - DEBUG - util_fusion - fusion_dual_defense - client 6 similarity threshold: 0.7133955407921972
2025-05-12 17:23:05,661 - INFO - util_fusion - fusion_dual_defense - client 6 selected fusion benigns: [0, 1, 3, 4, 5, 6, 8]
2025-05-12 17:23:05,669 - DEBUG - util_fusion - fusion_dual_defense - client 7 scores: {0: array([11115.02997091]), 1: array([11114.88300882]), 2: array([11114.17318767]), 3: array([11115.08035164]), 4: array([11115.03544265]), 5: array([11115.15363482]), 6: array([11115.04398913]), 7: array([11114.29787371]), 8: array([11115.22113759]), 9: array([11113.57506685])}
2025-05-12 17:23:05,670 - DEBUG - util_fusion - fusion_dual_defense - client 7 norm scores: {0: array([0.88386484]), 1: array([0.7945843]), 2: array([0.36336276]), 3: array([0.91447151]), 4: array([0.88718896]), 5: array([0.95899157]), 6: array([0.89238102]), 7: array([0.43911044]), 8: array([1.]), 9: array([0.])}
2025-05-12 17:23:05,670 - DEBUG - util_fusion - fusion_dual_defense - client 7 similarity threshold: 0.7133955407921972
2025-05-12 17:23:05,670 - INFO - util_fusion - fusion_dual_defense - client 7 selected fusion benigns: [0, 1, 3, 4, 5, 6, 8]
2025-05-12 17:23:05,678 - DEBUG - util_fusion - fusion_dual_defense - client 8 scores: {0: array([11115.02997091]), 1: array([11114.88300882]), 2: array([11114.17318767]), 3: array([11115.08035164]), 4: array([11115.03544265]), 5: array([11115.15363482]), 6: array([11115.04398913]), 7: array([11114.29787371]), 8: array([11115.22113759]), 9: array([11113.57506685])}
2025-05-12 17:23:05,679 - DEBUG - util_fusion - fusion_dual_defense - client 8 norm scores: {0: array([0.88386484]), 1: array([0.7945843]), 2: array([0.36336276]), 3: array([0.91447151]), 4: array([0.88718896]), 5: array([0.95899157]), 6: array([0.89238102]), 7: array([0.43911044]), 8: array([1.]), 9: array([0.])}
2025-05-12 17:23:05,679 - DEBUG - util_fusion - fusion_dual_defense - client 8 similarity threshold: 0.7133955407921972
2025-05-12 17:23:05,679 - INFO - util_fusion - fusion_dual_defense - client 8 selected fusion benigns: [0, 1, 3, 4, 5, 6, 8]
2025-05-12 17:23:05,688 - DEBUG - util_fusion - fusion_dual_defense - client 9 scores: {0: array([11115.02997091]), 1: array([11114.88300882]), 2: array([11114.17318767]), 3: array([11115.08035164]), 4: array([11115.03544265]), 5: array([11115.15363482]), 6: array([11115.04398913]), 7: array([11114.29787371]), 8: array([11115.22113759]), 9: array([11113.57506685])}
2025-05-12 17:23:05,688 - DEBUG - util_fusion - fusion_dual_defense - client 9 norm scores: {0: array([0.88386484]), 1: array([0.7945843]), 2: array([0.36336276]), 3: array([0.91447151]), 4: array([0.88718896]), 5: array([0.95899157]), 6: array([0.89238102]), 7: array([0.43911044]), 8: array([1.]), 9: array([0.])}
2025-05-12 17:23:05,688 - DEBUG - util_fusion - fusion_dual_defense - client 9 similarity threshold: 0.7133955407921972
2025-05-12 17:23:05,688 - INFO - util_fusion - fusion_dual_defense - client 9 selected fusion benigns: [0, 1, 3, 4, 5, 6, 8]
2025-05-12 17:23:05,688 - DEBUG - util_fusion - fusion_dual_defense - final fusion benigns: (0, 1, 3, 4, 5, 6, 8)
2025-05-12 17:23:07,503 - INFO - fl - start - global side -  test accuracy: 9.8
2025-05-12 17:23:07,503 - INFO - fl - start - global side iteration 28 -  test accuracy: 9.8
2025-05-12 17:23:07,503 - INFO - fl - start - start training round 29
2025-05-12 17:23:07,505 - INFO - fl - start - round 29 attackers: [3, 0]
2025-05-12 17:23:07,505 - INFO - fl - start - start client 0 training
2025-05-12 17:23:07,505 - INFO - fl - client_local_train - client 0 start local training ...
2025-05-12 17:23:10,101 - INFO - fl - client_local_train - client 0 is attacker, start poisoning model
2025-05-12 17:23:14,177 - INFO - fl - start - end client 0 training
2025-05-12 17:23:14,177 - INFO - fl - start - client 0 evaluation metrics: {'train_loss': 3.422654108127986e+17, 'test_acc': 10.3}
2025-05-12 17:23:14,177 - INFO - fl - start - start client 1 training
2025-05-12 17:23:14,177 - INFO - fl - client_local_train - client 1 start local training ...
2025-05-12 17:23:17,677 - INFO - fl - start - end client 1 training
2025-05-12 17:23:17,677 - INFO - fl - start - client 1 evaluation metrics: {'train_loss': 3417929342077044.0, 'test_acc': 9.61}
2025-05-12 17:23:17,677 - INFO - fl - start - start client 2 training
2025-05-12 17:23:17,677 - INFO - fl - client_local_train - client 2 start local training ...
2025-05-12 17:23:27,783 - INFO - fl - start - end client 2 training
2025-05-12 17:23:27,783 - INFO - fl - start - client 2 evaluation metrics: {'train_loss': 5155358454510280.0, 'test_acc': 9.59}
2025-05-12 17:23:27,783 - INFO - fl - start - start client 3 training
2025-05-12 17:23:27,783 - INFO - fl - client_local_train - client 3 start local training ...
2025-05-12 17:23:32,360 - INFO - fl - client_local_train - client 3 is attacker, start poisoning model
2025-05-12 17:23:37,488 - INFO - fl - start - end client 3 training
2025-05-12 17:23:37,488 - INFO - fl - start - client 3 evaluation metrics: {'train_loss': 2.4575433025336672e+17, 'test_acc': 9.58}
2025-05-12 17:23:37,488 - INFO - fl - start - start client 4 training
2025-05-12 17:23:37,488 - INFO - fl - client_local_train - client 4 start local training ...
2025-05-12 17:23:44,783 - INFO - fl - start - end client 4 training
2025-05-12 17:23:44,783 - INFO - fl - start - client 4 evaluation metrics: {'train_loss': 3962726139080845.0, 'test_acc': 9.83}
2025-05-12 17:23:44,783 - INFO - fl - start - start client 5 training
2025-05-12 17:23:44,783 - INFO - fl - client_local_train - client 5 start local training ...
2025-05-12 17:23:50,477 - INFO - fl - start - end client 5 training
2025-05-12 17:23:50,477 - INFO - fl - start - client 5 evaluation metrics: {'train_loss': 1544110419808529.0, 'test_acc': 9.59}
2025-05-12 17:23:50,477 - INFO - fl - start - start client 6 training
2025-05-12 17:23:50,477 - INFO - fl - client_local_train - client 6 start local training ...
2025-05-12 17:23:53,948 - INFO - fl - start - end client 6 training
2025-05-12 17:23:53,948 - INFO - fl - start - client 6 evaluation metrics: {'train_loss': 5343019516478700.0, 'test_acc': 9.8}
2025-05-12 17:23:53,949 - INFO - fl - start - start client 7 training
2025-05-12 17:23:53,949 - INFO - fl - client_local_train - client 7 start local training ...
2025-05-12 17:23:57,071 - INFO - fl - start - end client 7 training
2025-05-12 17:23:57,072 - INFO - fl - start - client 7 evaluation metrics: {'train_loss': 6408366632895226.0, 'test_acc': 10.24}
2025-05-12 17:23:57,072 - INFO - fl - start - start client 8 training
2025-05-12 17:23:57,072 - INFO - fl - client_local_train - client 8 start local training ...
2025-05-12 17:24:02,044 - INFO - fl - start - end client 8 training
2025-05-12 17:24:02,045 - INFO - fl - start - client 8 evaluation metrics: {'train_loss': 3039359959971063.0, 'test_acc': 10.28}
2025-05-12 17:24:02,045 - INFO - fl - start - start client 9 training
2025-05-12 17:24:02,045 - INFO - fl - client_local_train - client 9 start local training ...
2025-05-12 17:24:04,322 - INFO - fl - start - end client 9 training
2025-05-12 17:24:04,322 - INFO - fl - start - client 9 evaluation metrics: {'train_loss': 1.2756864617938944e+16, 'test_acc': 9.59}
2025-05-12 17:24:04,322 - INFO - fl - aggregate_model - start model aggregation...fusion method: dual_defense
2025-05-12 17:24:04,322 - INFO - fl - aggregate_model - start hyper-guard fusion with epsilon 0.01
2025-05-12 17:24:04,322 - INFO - fl - aggregate_model - round 29 attackers: [0, 3]
2025-05-12 17:24:15,570 - DEBUG - util_fusion - fusion_dual_defense - client 0 scores: {0: array([20455.14119812]), 1: array([20455.03367615]), 2: array([20455.12221581]), 3: array([20454.72356456]), 4: array([20455.34031511]), 5: array([20453.26705335]), 6: array([20454.73919809]), 7: array([20455.02258722]), 8: array([20455.16726485]), 9: array([20455.04771643])}
2025-05-12 17:24:15,570 - DEBUG - util_fusion - fusion_dual_defense - client 0 norm scores: {0: array([0.90395955]), 1: array([0.85209829]), 2: array([0.89480378]), 3: array([0.70252162]), 4: array([1.]), 5: array([0.]), 6: array([0.71006217]), 7: array([0.84674975]), 8: array([0.91653236]), 9: array([0.85887036])}
2025-05-12 17:24:15,570 - DEBUG - util_fusion - fusion_dual_defense - client 0 similarity threshold: 0.7685597884976463
2025-05-12 17:24:15,571 - INFO - util_fusion - fusion_dual_defense - client 0 selected fusion benigns: [0, 1, 2, 4, 7, 8, 9]
2025-05-12 17:24:15,579 - DEBUG - util_fusion - fusion_dual_defense - client 1 scores: {0: array([20455.14119812]), 1: array([20455.03367615]), 2: array([20455.12221581]), 3: array([20454.72356456]), 4: array([20455.34031511]), 5: array([20453.26705335]), 6: array([20454.73919809]), 7: array([20455.02258722]), 8: array([20455.16726485]), 9: array([20455.04771643])}
2025-05-12 17:24:15,580 - DEBUG - util_fusion - fusion_dual_defense - client 1 norm scores: {0: array([0.90395955]), 1: array([0.85209829]), 2: array([0.89480378]), 3: array([0.70252162]), 4: array([1.]), 5: array([0.]), 6: array([0.71006217]), 7: array([0.84674975]), 8: array([0.91653236]), 9: array([0.85887036])}
2025-05-12 17:24:15,580 - DEBUG - util_fusion - fusion_dual_defense - client 1 similarity threshold: 0.7685597884976463
2025-05-12 17:24:15,580 - INFO - util_fusion - fusion_dual_defense - client 1 selected fusion benigns: [0, 1, 2, 4, 7, 8, 9]
2025-05-12 17:24:15,588 - DEBUG - util_fusion - fusion_dual_defense - client 2 scores: {0: array([20455.14119812]), 1: array([20455.03367615]), 2: array([20455.12221581]), 3: array([20454.72356456]), 4: array([20455.34031511]), 5: array([20453.26705335]), 6: array([20454.73919809]), 7: array([20455.02258722]), 8: array([20455.16726485]), 9: array([20455.04771643])}
2025-05-12 17:24:15,589 - DEBUG - util_fusion - fusion_dual_defense - client 2 norm scores: {0: array([0.90395955]), 1: array([0.85209829]), 2: array([0.89480378]), 3: array([0.70252162]), 4: array([1.]), 5: array([0.]), 6: array([0.71006217]), 7: array([0.84674975]), 8: array([0.91653236]), 9: array([0.85887036])}
2025-05-12 17:24:15,589 - DEBUG - util_fusion - fusion_dual_defense - client 2 similarity threshold: 0.7685597884976463
2025-05-12 17:24:15,589 - INFO - util_fusion - fusion_dual_defense - client 2 selected fusion benigns: [0, 1, 2, 4, 7, 8, 9]
2025-05-12 17:24:15,597 - DEBUG - util_fusion - fusion_dual_defense - client 3 scores: {0: array([20455.14119812]), 1: array([20455.03367615]), 2: array([20455.12221581]), 3: array([20454.72356456]), 4: array([20455.34031511]), 5: array([20453.26705335]), 6: array([20454.73919809]), 7: array([20455.02258722]), 8: array([20455.16726485]), 9: array([20455.04771643])}
2025-05-12 17:24:15,598 - DEBUG - util_fusion - fusion_dual_defense - client 3 norm scores: {0: array([0.90395955]), 1: array([0.85209829]), 2: array([0.89480378]), 3: array([0.70252162]), 4: array([1.]), 5: array([0.]), 6: array([0.71006217]), 7: array([0.84674975]), 8: array([0.91653236]), 9: array([0.85887036])}
2025-05-12 17:24:15,598 - DEBUG - util_fusion - fusion_dual_defense - client 3 similarity threshold: 0.7685597884976463
2025-05-12 17:24:15,598 - INFO - util_fusion - fusion_dual_defense - client 3 selected fusion benigns: [0, 1, 2, 4, 7, 8, 9]
2025-05-12 17:24:15,606 - DEBUG - util_fusion - fusion_dual_defense - client 4 scores: {0: array([20455.14119812]), 1: array([20455.03367615]), 2: array([20455.12221581]), 3: array([20454.72356456]), 4: array([20455.34031511]), 5: array([20453.26705335]), 6: array([20454.73919809]), 7: array([20455.02258722]), 8: array([20455.16726485]), 9: array([20455.04771643])}
2025-05-12 17:24:15,607 - DEBUG - util_fusion - fusion_dual_defense - client 4 norm scores: {0: array([0.90395955]), 1: array([0.85209829]), 2: array([0.89480378]), 3: array([0.70252162]), 4: array([1.]), 5: array([0.]), 6: array([0.71006217]), 7: array([0.84674975]), 8: array([0.91653236]), 9: array([0.85887036])}
2025-05-12 17:24:15,607 - DEBUG - util_fusion - fusion_dual_defense - client 4 similarity threshold: 0.7685597884976463
2025-05-12 17:24:15,607 - INFO - util_fusion - fusion_dual_defense - client 4 selected fusion benigns: [0, 1, 2, 4, 7, 8, 9]
2025-05-12 17:24:15,615 - DEBUG - util_fusion - fusion_dual_defense - client 5 scores: {0: array([20455.14119812]), 1: array([20455.03367615]), 2: array([20455.12221581]), 3: array([20454.72356456]), 4: array([20455.34031511]), 5: array([20453.26705335]), 6: array([20454.73919809]), 7: array([20455.02258722]), 8: array([20455.16726485]), 9: array([20455.04771643])}
2025-05-12 17:24:15,616 - DEBUG - util_fusion - fusion_dual_defense - client 5 norm scores: {0: array([0.90395955]), 1: array([0.85209829]), 2: array([0.89480378]), 3: array([0.70252162]), 4: array([1.]), 5: array([0.]), 6: array([0.71006217]), 7: array([0.84674975]), 8: array([0.91653236]), 9: array([0.85887036])}
2025-05-12 17:24:15,616 - DEBUG - util_fusion - fusion_dual_defense - client 5 similarity threshold: 0.7685597884976463
2025-05-12 17:24:15,616 - INFO - util_fusion - fusion_dual_defense - client 5 selected fusion benigns: [0, 1, 2, 4, 7, 8, 9]
2025-05-12 17:24:15,624 - DEBUG - util_fusion - fusion_dual_defense - client 6 scores: {0: array([20455.14119812]), 1: array([20455.03367615]), 2: array([20455.12221581]), 3: array([20454.72356456]), 4: array([20455.34031511]), 5: array([20453.26705335]), 6: array([20454.73919809]), 7: array([20455.02258722]), 8: array([20455.16726485]), 9: array([20455.04771643])}
2025-05-12 17:24:15,625 - DEBUG - util_fusion - fusion_dual_defense - client 6 norm scores: {0: array([0.90395955]), 1: array([0.85209829]), 2: array([0.89480378]), 3: array([0.70252162]), 4: array([1.]), 5: array([0.]), 6: array([0.71006217]), 7: array([0.84674975]), 8: array([0.91653236]), 9: array([0.85887036])}
2025-05-12 17:24:15,625 - DEBUG - util_fusion - fusion_dual_defense - client 6 similarity threshold: 0.7685597884976463
2025-05-12 17:24:15,625 - INFO - util_fusion - fusion_dual_defense - client 6 selected fusion benigns: [0, 1, 2, 4, 7, 8, 9]
2025-05-12 17:24:15,633 - DEBUG - util_fusion - fusion_dual_defense - client 7 scores: {0: array([20455.14119812]), 1: array([20455.03367615]), 2: array([20455.12221581]), 3: array([20454.72356456]), 4: array([20455.34031511]), 5: array([20453.26705335]), 6: array([20454.73919809]), 7: array([20455.02258722]), 8: array([20455.16726485]), 9: array([20455.04771643])}
2025-05-12 17:24:15,634 - DEBUG - util_fusion - fusion_dual_defense - client 7 norm scores: {0: array([0.90395955]), 1: array([0.85209829]), 2: array([0.89480378]), 3: array([0.70252162]), 4: array([1.]), 5: array([0.]), 6: array([0.71006217]), 7: array([0.84674975]), 8: array([0.91653236]), 9: array([0.85887036])}
2025-05-12 17:24:15,634 - DEBUG - util_fusion - fusion_dual_defense - client 7 similarity threshold: 0.7685597884976463
2025-05-12 17:24:15,634 - INFO - util_fusion - fusion_dual_defense - client 7 selected fusion benigns: [0, 1, 2, 4, 7, 8, 9]
2025-05-12 17:24:15,642 - DEBUG - util_fusion - fusion_dual_defense - client 8 scores: {0: array([20455.14119812]), 1: array([20455.03367615]), 2: array([20455.12221581]), 3: array([20454.72356456]), 4: array([20455.34031511]), 5: array([20453.26705335]), 6: array([20454.73919809]), 7: array([20455.02258722]), 8: array([20455.16726485]), 9: array([20455.04771643])}
2025-05-12 17:24:15,643 - DEBUG - util_fusion - fusion_dual_defense - client 8 norm scores: {0: array([0.90395955]), 1: array([0.85209829]), 2: array([0.89480378]), 3: array([0.70252162]), 4: array([1.]), 5: array([0.]), 6: array([0.71006217]), 7: array([0.84674975]), 8: array([0.91653236]), 9: array([0.85887036])}
2025-05-12 17:24:15,643 - DEBUG - util_fusion - fusion_dual_defense - client 8 similarity threshold: 0.7685597884976463
2025-05-12 17:24:15,643 - INFO - util_fusion - fusion_dual_defense - client 8 selected fusion benigns: [0, 1, 2, 4, 7, 8, 9]
2025-05-12 17:24:15,651 - DEBUG - util_fusion - fusion_dual_defense - client 9 scores: {0: array([20455.14119812]), 1: array([20455.03367615]), 2: array([20455.12221581]), 3: array([20454.72356456]), 4: array([20455.34031511]), 5: array([20453.26705335]), 6: array([20454.73919809]), 7: array([20455.02258722]), 8: array([20455.16726485]), 9: array([20455.04771643])}
2025-05-12 17:24:15,652 - DEBUG - util_fusion - fusion_dual_defense - client 9 norm scores: {0: array([0.90395955]), 1: array([0.85209829]), 2: array([0.89480378]), 3: array([0.70252162]), 4: array([1.]), 5: array([0.]), 6: array([0.71006217]), 7: array([0.84674975]), 8: array([0.91653236]), 9: array([0.85887036])}
2025-05-12 17:24:15,652 - DEBUG - util_fusion - fusion_dual_defense - client 9 similarity threshold: 0.7685597884976463
2025-05-12 17:24:15,652 - INFO - util_fusion - fusion_dual_defense - client 9 selected fusion benigns: [0, 1, 2, 4, 7, 8, 9]
2025-05-12 17:24:15,652 - DEBUG - util_fusion - fusion_dual_defense - final fusion benigns: (0, 1, 2, 4, 7, 8, 9)
2025-05-12 17:24:17,465 - INFO - fl - start - global side -  test accuracy: 9.8
2025-05-12 17:24:17,465 - INFO - fl - start - global side iteration 29 -  test accuracy: 9.8
2025-05-12 17:24:17,465 - INFO - fl - start - end the FL simulation
2025-05-12 17:24:17,466 - INFO - fl - start - summarization - simulation metrics: {0: {'time': 65.0697096720105, 'parties': {0: {'train_loss': 0.1130040749674663, 'test_acc': 56.69}, 1: {'train_loss': 0.15025309550593485, 'test_acc': 69.86}, 2: {'train_loss': 0.050663265226924784, 'test_acc': 73.33}, 3: {'train_loss': 0.07227694764006751, 'test_acc': 58.94}, 4: {'train_loss': 0.055748813933339615, 'test_acc': 70.29}, 5: {'train_loss': 0.030995742441155015, 'test_acc': 28.98}, 6: {'train_loss': 0.10596465777892333, 'test_acc': 41.29}, 7: {'train_loss': 0.16183462262500165, 'test_acc': 59.05}, 8: {'train_loss': 0.08452720507636838, 'test_acc': 60.92}, 9: {'train_loss': 0.16444752187184666, 'test_acc': 37.88}}, 'server': {'test_acc': 38.87}}, 1: {'time': 134.08672396400652, 'parties': {0: {'train_loss': 0.07064003102714196, 'test_acc': 59.7}, 1: {'train_loss': 0.07292841659542525, 'test_acc': 73.93}, 2: {'train_loss': 0.036581669866868206, 'test_acc': 73.87}, 3: {'train_loss': 0.04072904928276936, 'test_acc': 75.28}, 4: {'train_loss': 86.6122237369932, 'test_acc': 73.09}, 5: {'train_loss': 0.02129612168895879, 'test_acc': 29.14}, 6: {'train_loss': 83.43911086595975, 'test_acc': 58.4}, 7: {'train_loss': 0.07084438239419183, 'test_acc': 64.9}, 8: {'train_loss': 0.04413819714481461, 'test_acc': 65.34}, 9: {'train_loss': 0.05033904176367366, 'test_acc': 54.82}}, 'server': {'test_acc': 67.65}}, 2: {'time': 202.92879447800806, 'parties': {0: {'train_loss': 92.82275848388672, 'test_acc': 62.42}, 1: {'train_loss': 0.05816900441950222, 'test_acc': 74.01}, 2: {'train_loss': 0.036401299104431184, 'test_acc': 71.18}, 3: {'train_loss': 0.03576258642983735, 'test_acc': 75.04}, 4: {'train_loss': 0.050211805969091326, 'test_acc': 72.69}, 5: {'train_loss': 0.016426735282653853, 'test_acc': 29.17}, 6: {'train_loss': 0.02128754439406923, 'test_acc': 68.57}, 7: {'train_loss': 0.032534723424590954, 'test_acc': 67.63}, 8: {'train_loss': 38.06142285226405, 'test_acc': 69.89}, 9: {'train_loss': 0.03646686950789602, 'test_acc': 57.89}}, 'server': {'test_acc': 70.28}}, 3: {'time': 273.09508586900483, 'parties': {0: {'train_loss': nan, 'test_acc': 9.8}, 1: {'train_loss': nan, 'test_acc': 9.8}, 2: {'train_loss': 1.649906249113486, 'test_acc': 10.28}, 3: {'train_loss': 26.05409083806031, 'test_acc': 10.09}, 4: {'train_loss': nan, 'test_acc': 9.8}, 5: {'train_loss': nan, 'test_acc': 9.8}, 6: {'train_loss': nan, 'test_acc': 9.8}, 7: {'train_loss': nan, 'test_acc': 9.8}, 8: {'train_loss': nan, 'test_acc': 9.8}, 9: {'train_loss': 1.4683685821035635, 'test_acc': 9.58}}, 'server': {'test_acc': 9.8}}, 4: {'time': 343.72234385000775, 'parties': {0: {'train_loss': 6.485750043392182, 'test_acc': 10.32}, 1: {'train_loss': nan, 'test_acc': 9.8}, 2: {'train_loss': nan, 'test_acc': 9.8}, 3: {'train_loss': nan, 'test_acc': 9.8}, 4: {'train_loss': nan, 'test_acc': 9.8}, 5: {'train_loss': nan, 'test_acc': 9.8}, 6: {'train_loss': nan, 'test_acc': 9.8}, 7: {'train_loss': nan, 'test_acc': 9.8}, 8: {'train_loss': nan, 'test_acc': 9.8}, 9: {'train_loss': nan, 'test_acc': 9.8}}, 'server': {'test_acc': 9.8}}, 5: {'time': 413.78013271700183, 'parties': {0: {'train_loss': 13950221654425.6, 'test_acc': 10.32}, 1: {'train_loss': 20728763299724.074, 'test_acc': 9.8}, 2: {'train_loss': 27913068466156.77, 'test_acc': 10.28}, 3: {'train_loss': 18694205776743.49, 'test_acc': 9.82}, 4: {'train_loss': 1111001681182155.0, 'test_acc': 8.92}, 5: {'train_loss': 1836348668928390.0, 'test_acc': 10.09}, 6: {'train_loss': 19152342412366.77, 'test_acc': 10.1}, 7: {'train_loss': 60941930643074.98, 'test_acc': 11.35}, 8: {'train_loss': 24649281360860.69, 'test_acc': 9.8}, 9: {'train_loss': 32864155148644.176, 'test_acc': 10.28}}, 'server': {'test_acc': 8.92}}, 6: {'time': 482.17844923700613, 'parties': {0: {'train_loss': 127785536113868.8, 'test_acc': 10.32}, 1: {'train_loss': 135703510651730.11, 'test_acc': 9.82}, 2: {'train_loss': 119126321320839.81, 'test_acc': 9.58}, 3: {'train_loss': 63609369422158.07, 'test_acc': 11.35}, 4: {'train_loss': 65899873574855.5, 'test_acc': 8.92}, 5: {'train_loss': 85466279957533.25, 'test_acc': 10.09}, 6: {'train_loss': 134298045533892.92, 'test_acc': 11.35}, 7: {'train_loss': 5875540393977904.0, 'test_acc': 11.35}, 8: {'train_loss': 63799117115344.92, 'test_acc': 10.09}, 9: {'train_loss': 6980080057781025.0, 'test_acc': 9.58}}, 'server': {'test_acc': 11.35}}, 7: {'time': 551.8050885100092, 'parties': {0: {'train_loss': 216814711105126.4, 'test_acc': 10.32}, 1: {'train_loss': 118183998125654.94, 'test_acc': 9.8}, 2: {'train_loss': 136395985315522.7, 'test_acc': 9.58}, 3: {'train_loss': 142771884524449.6, 'test_acc': 11.35}, 4: {'train_loss': 141869690619889.88, 'test_acc': 9.82}, 5: {'train_loss': 1.0913640968016302e+16, 'test_acc': 9.59}, 6: {'train_loss': 102228183563027.69, 'test_acc': 9.8}, 7: {'train_loss': 182407086461023.25, 'test_acc': 11.35}, 8: {'train_loss': 1.3206006157695046e+16, 'test_acc': 9.8}, 9: {'train_loss': 364971359914073.06, 'test_acc': 9.82}}, 'server': {'test_acc': 9.82}}, 8: {'time': 621.4738019180077, 'parties': {0: {'train_loss': 62829909822668.8, 'test_acc': 9.74}, 1: {'train_loss': 5095478130421219.0, 'test_acc': 9.55}, 2: {'train_loss': 29869425360588.32, 'test_acc': 10.28}, 3: {'train_loss': 4557342088618739.0, 'test_acc': 9.83}, 4: {'train_loss': 84232700695855.67, 'test_acc': 8.92}, 5: {'train_loss': 157187324068308.12, 'test_acc': 9.58}, 6: {'train_loss': 48276112670720.0, 'test_acc': 10.32}, 7: {'train_loss': 81960905778866.61, 'test_acc': 10.32}, 8: {'train_loss': 80719360713739.77, 'test_acc': 9.8}, 9: {'train_loss': 243685946214489.03, 'test_acc': 10.28}}, 'server': {'test_acc': 9.82}}, 9: {'time': 690.9661755359994, 'parties': {0: {'train_loss': 2.680951890950226e+16, 'test_acc': 10.31}, 1: {'train_loss': 1383838657766767.0, 'test_acc': 9.8}, 2: {'train_loss': 573297696638466.4, 'test_acc': 10.28}, 3: {'train_loss': 608041934555644.4, 'test_acc': 10.1}, 4: {'train_loss': 424355859007247.9, 'test_acc': 9.74}, 5: {'train_loss': 394304956362166.9, 'test_acc': 10.09}, 6: {'train_loss': 1076334724665028.9, 'test_acc': 11.35}, 7: {'train_loss': 1238887898662007.0, 'test_acc': 11.35}, 8: {'train_loss': 4.961636172751959e+16, 'test_acc': 10.27}, 9: {'train_loss': 904728707311348.9, 'test_acc': 9.58}}, 'server': {'test_acc': 10.32}}, 10: {'time': 760.8002675910102, 'parties': {0: {'train_loss': 9.485175642442957e+16, 'test_acc': 10.31}, 1: {'train_loss': 2651974553379279.5, 'test_acc': 9.74}, 2: {'train_loss': 1140944269893055.0, 'test_acc': 10.28}, 3: {'train_loss': 1.052800402354061e+17, 'test_acc': 10.06}, 4: {'train_loss': 1719275246601887.0, 'test_acc': 8.92}, 5: {'train_loss': 1566941828100291.0, 'test_acc': 10.09}, 6: {'train_loss': 1973676671782597.0, 'test_acc': 10.32}, 7: {'train_loss': 1744382389039770.8, 'test_acc': 9.8}, 8: {'train_loss': 1148759444481412.5, 'test_acc': 9.8}, 9: {'train_loss': 4313414670722805.0, 'test_acc': 9.82}}, 'server': {'test_acc': 11.35}}, 11: {'time': 829.7526703210024, 'parties': {0: {'train_loss': 7.815776645385551e+17, 'test_acc': 9.8}, 1: {'train_loss': 9956344290206468.0, 'test_acc': 9.74}, 2: {'train_loss': 6218525625415882.0, 'test_acc': 10.28}, 3: {'train_loss': 1.1205776435294238e+16, 'test_acc': 11.35}, 4: {'train_loss': 2.357555464318168e+16, 'test_acc': 8.92}, 5: {'train_loss': 1.3609965330878268e+16, 'test_acc': 9.58}, 6: {'train_loss': 1.833716298910169e+16, 'test_acc': 10.1}, 7: {'train_loss': 7.021527424877138e+17, 'test_acc': 10.33}, 8: {'train_loss': 1.3514337959847112e+16, 'test_acc': 9.8}, 9: {'train_loss': 1.654232325820879e+16, 'test_acc': 9.58}}, 'server': {'test_acc': 8.94}}, 12: {'time': 898.4392159090057, 'parties': {0: {'train_loss': 1.8306841114679704e+16, 'test_acc': 10.3}, 1: {'train_loss': 1.9269209347563364e+16, 'test_acc': 9.61}, 2: {'train_loss': 2.07916363145236e+16, 'test_acc': 10.29}, 3: {'train_loss': 1.2160276008513566e+16, 'test_acc': 9.79}, 4: {'train_loss': 1.4814004169441054e+16, 'test_acc': 8.92}, 5: {'train_loss': 2.1157337035597416e+16, 'test_acc': 9.59}, 6: {'train_loss': 1.6856233433922273e+18, 'test_acc': 10.11}, 7: {'train_loss': 3.170168478935926e+16, 'test_acc': 11.35}, 8: {'train_loss': 3.0149278897883536e+16, 'test_acc': 9.8}, 9: {'train_loss': 1.2313048848319004e+18, 'test_acc': 9.55}}, 'server': {'test_acc': 9.84}}, 13: {'time': 968.1893125010101, 'parties': {0: {'train_loss': 3.0733141078232268e+16, 'test_acc': 10.31}, 1: {'train_loss': 2.1781897870245343e+18, 'test_acc': 9.81}, 2: {'train_loss': 3.045821056310596e+16, 'test_acc': 9.58}, 3: {'train_loss': 2.953629877055238e+16, 'test_acc': 10.09}, 4: {'train_loss': 2.5454844215305764e+18, 'test_acc': 9.82}, 5: {'train_loss': 3.700171937377219e+16, 'test_acc': 10.1}, 6: {'train_loss': 2.559422807340079e+16, 'test_acc': 9.8}, 7: {'train_loss': 4.216423441153058e+16, 'test_acc': 9.8}, 8: {'train_loss': 1.952976202727951e+16, 'test_acc': 9.8}, 9: {'train_loss': 3.744956547792326e+16, 'test_acc': 10.3}}, 'server': {'test_acc': 9.8}}, 14: {'time': 1036.6495857870032, 'parties': {0: {'train_loss': nan, 'test_acc': 9.8}, 1: {'train_loss': nan, 'test_acc': 9.8}, 2: {'train_loss': nan, 'test_acc': 9.8}, 3: {'train_loss': nan, 'test_acc': 9.8}, 4: {'train_loss': nan, 'test_acc': 9.8}, 5: {'train_loss': nan, 'test_acc': 9.8}, 6: {'train_loss': nan, 'test_acc': 9.8}, 7: {'train_loss': nan, 'test_acc': 9.8}, 8: {'train_loss': nan, 'test_acc': 9.8}, 9: {'train_loss': nan, 'test_acc': 9.8}}, 'server': {'test_acc': 9.8}}, 15: {'time': 1105.6113213659992, 'parties': {0: {'train_loss': 1.6807960882782935, 'test_acc': 10.32}, 1: {'train_loss': 8.695186390067047, 'test_acc': 9.74}, 2: {'train_loss': nan, 'test_acc': 9.8}, 3: {'train_loss': 1.7861365866153798, 'test_acc': 11.35}, 4: {'train_loss': 1.8084456065605428, 'test_acc': 8.92}, 5: {'train_loss': nan, 'test_acc': 9.8}, 6: {'train_loss': nan, 'test_acc': 9.8}, 7: {'train_loss': nan, 'test_acc': 9.8}, 8: {'train_loss': nan, 'test_acc': 9.8}, 9: {'train_loss': nan, 'test_acc': 9.8}}, 'server': {'test_acc': 9.8}}, 16: {'time': 1175.3394871160126, 'parties': {0: {'train_loss': 1129177545703424.0, 'test_acc': 9.74}, 1: {'train_loss': 17871455367863.547, 'test_acc': 9.8}, 2: {'train_loss': 38487281650923.57, 'test_acc': 10.1}, 3: {'train_loss': 7281928492605.73, 'test_acc': 11.35}, 4: {'train_loss': 936521726418096.5, 'test_acc': 9.74}, 5: {'train_loss': 9576737451914.97, 'test_acc': 9.58}, 6: {'train_loss': 24002768747283.69, 'test_acc': 10.1}, 7: {'train_loss': 34245379352623.63, 'test_acc': 10.32}, 8: {'train_loss': 8620007522680.644, 'test_acc': 9.8}, 9: {'train_loss': 26034048757581.914, 'test_acc': 9.58}}, 'server': {'test_acc': 9.74}}, 17: {'time': 1244.8400350920128, 'parties': {0: {'train_loss': 187237350034636.8, 'test_acc': 10.32}, 1: {'train_loss': 89644779779361.81, 'test_acc': 9.74}, 2: {'train_loss': 118261151640696.19, 'test_acc': 9.58}, 3: {'train_loss': 5538505694558513.0, 'test_acc': 10.09}, 4: {'train_loss': 90831920780930.64, 'test_acc': 11.35}, 5: {'train_loss': 38835372592488.836, 'test_acc': 9.58}, 6: {'train_loss': 188980758516657.22, 'test_acc': 9.8}, 7: {'train_loss': 1.1176706845795638e+16, 'test_acc': 9.8}, 8: {'train_loss': 56211932280996.78, 'test_acc': 9.8}, 9: {'train_loss': 120041751867213.9, 'test_acc': 9.82}}, 'server': {'test_acc': 10.09}}, 18: {'time': 1313.4883394310018, 'parties': {0: {'train_loss': 608988543372492.8, 'test_acc': 9.74}, 1: {'train_loss': 631756275358352.9, 'test_acc': 9.74}, 2: {'train_loss': 478616169710337.2, 'test_acc': 10.28}, 3: {'train_loss': 145917437970010.78, 'test_acc': 9.82}, 4: {'train_loss': 797540061884331.2, 'test_acc': 8.92}, 5: {'train_loss': 341614800571752.8, 'test_acc': 10.09}, 6: {'train_loss': 5.552330089261654e+16, 'test_acc': 10.32}, 7: {'train_loss': 713458253592337.9, 'test_acc': 8.92}, 8: {'train_loss': 883613598657194.6, 'test_acc': 10.32}, 9: {'train_loss': 2.7743918734875604e+16, 'test_acc': 10.28}}, 'server': {'test_acc': 10.32}}, 19: {'time': 1383.3923737730074, 'parties': {0: {'train_loss': 2.19392093909418e+16, 'test_acc': 10.32}, 1: {'train_loss': 1689279574780792.8, 'test_acc': 9.74}, 2: {'train_loss': 1454954178385468.0, 'test_acc': 10.28}, 3: {'train_loss': 697193802475737.9, 'test_acc': 11.35}, 4: {'train_loss': 6.050631838700531e+16, 'test_acc': 9.74}, 5: {'train_loss': 684028661274097.4, 'test_acc': 9.58}, 6: {'train_loss': 1686317478888684.2, 'test_acc': 11.35}, 7: {'train_loss': 1764974628468497.8, 'test_acc': 9.8}, 8: {'train_loss': 683103547203301.5, 'test_acc': 10.32}, 9: {'train_loss': 1033024308567707.9, 'test_acc': 9.82}}, 'server': {'test_acc': 9.74}}, 20: {'time': 1453.988327168001, 'parties': {0: {'train_loss': 6583759421413786.0, 'test_acc': 9.8}, 1: {'train_loss': 5977559804228898.0, 'test_acc': 9.74}, 2: {'train_loss': 3951125159676625.0, 'test_acc': 11.35}, 3: {'train_loss': 5.3581204185056115e+17, 'test_acc': 9.82}, 4: {'train_loss': 2.4567622406415862e+17, 'test_acc': 8.93}, 5: {'train_loss': 5284728581397826.0, 'test_acc': 9.58}, 6: {'train_loss': 1.1711194782781124e+16, 'test_acc': 9.8}, 7: {'train_loss': 3297597381861947.5, 'test_acc': 10.32}, 8: {'train_loss': 5473036418043009.0, 'test_acc': 10.28}, 9: {'train_loss': 7264698763814645.0, 'test_acc': 9.82}}, 'server': {'test_acc': 9.82}}, 21: {'time': 1524.9650342530076, 'parties': {0: {'train_loss': 9.171279729288806e+16, 'test_acc': 10.32}, 1: {'train_loss': 1.3092368678698328e+17, 'test_acc': 9.82}, 2: {'train_loss': 1.470804567519433e+19, 'test_acc': 10.3}, 3: {'train_loss': 8.867081758378498e+18, 'test_acc': 8.91}, 4: {'train_loss': 8.37571388022357e+16, 'test_acc': 9.82}, 5: {'train_loss': 5.604982838276291e+16, 'test_acc': 9.58}, 6: {'train_loss': 8.686817028289331e+16, 'test_acc': 10.1}, 7: {'train_loss': 8.121622025544328e+16, 'test_acc': 10.32}, 8: {'train_loss': 3.346591847533622e+16, 'test_acc': 9.8}, 9: {'train_loss': 8.71303799036912e+16, 'test_acc': 10.28}}, 'server': {'test_acc': 10.31}}, 22: {'time': 1595.1351063059992, 'parties': {0: {'train_loss': 9.003423128084283e+17, 'test_acc': 10.31}, 1: {'train_loss': 9.707888207984773e+19, 'test_acc': 9.8}, 2: {'train_loss': 1.5652783017629404e+20, 'test_acc': 9.57}, 3: {'train_loss': 1.1186246640549475e+18, 'test_acc': 10.08}, 4: {'train_loss': 7.089773016951057e+17, 'test_acc': 8.93}, 5: {'train_loss': 3.438725647707306e+17, 'test_acc': 9.58}, 6: {'train_loss': 8.840216067017983e+17, 'test_acc': 10.11}, 7: {'train_loss': 1.275997598414049e+18, 'test_acc': 9.59}, 8: {'train_loss': 5.089527304329234e+17, 'test_acc': 9.8}, 9: {'train_loss': 4.8949200583767123e+17, 'test_acc': 10.28}}, 'server': {'test_acc': 9.8}}, 23: {'time': 1663.3591901380132, 'parties': {0: {'train_loss': nan, 'test_acc': 9.8}, 1: {'train_loss': nan, 'test_acc': 9.8}, 2: {'train_loss': nan, 'test_acc': 9.8}, 3: {'train_loss': nan, 'test_acc': 9.8}, 4: {'train_loss': nan, 'test_acc': 9.8}, 5: {'train_loss': nan, 'test_acc': 9.8}, 6: {'train_loss': nan, 'test_acc': 9.8}, 7: {'train_loss': nan, 'test_acc': 9.8}, 8: {'train_loss': nan, 'test_acc': 9.8}, 9: {'train_loss': nan, 'test_acc': 9.8}}, 'server': {'test_acc': 9.8}}, 24: {'time': 1733.0730440340121, 'parties': {0: {'train_loss': nan, 'test_acc': 9.8}, 1: {'train_loss': 1.7727616260636527, 'test_acc': 9.74}, 2: {'train_loss': nan, 'test_acc': 9.8}, 3: {'train_loss': nan, 'test_acc': 9.8}, 4: {'train_loss': nan, 'test_acc': 9.8}, 5: {'train_loss': nan, 'test_acc': 9.8}, 6: {'train_loss': nan, 'test_acc': 9.8}, 7: {'train_loss': nan, 'test_acc': 9.8}, 8: {'train_loss': nan, 'test_acc': 9.8}, 9: {'train_loss': nan, 'test_acc': 9.8}}, 'server': {'test_acc': 9.8}}, 25: {'time': 1802.4735503330012, 'parties': {0: {'train_loss': 45315787640012.8, 'test_acc': 9.74}, 1: {'train_loss': 36229463611430.64, 'test_acc': 9.58}, 2: {'train_loss': 20745250650083.156, 'test_acc': 10.28}, 3: {'train_loss': 14674016207777.588, 'test_acc': 9.82}, 4: {'train_loss': 683609428861775.5, 'test_acc': 9.82}, 5: {'train_loss': 11788244563987.504, 'test_acc': 9.58}, 6: {'train_loss': 1179176862220288.0, 'test_acc': 10.1}, 7: {'train_loss': 17368401807598.139, 'test_acc': 11.35}, 8: {'train_loss': 16085351670607.45, 'test_acc': 9.8}, 9: {'train_loss': 52603545099219.48, 'test_acc': 9.82}}, 'server': {'test_acc': 9.82}}, 26: {'time': 1871.6488916950038, 'parties': {0: {'train_loss': 1.825203374836941e+16, 'test_acc': 10.32}, 1: {'train_loss': 229086819358140.38, 'test_acc': 9.8}, 2: {'train_loss': 153250549479856.7, 'test_acc': 9.82}, 3: {'train_loss': 138144627450378.89, 'test_acc': 10.09}, 4: {'train_loss': 273158707669260.34, 'test_acc': 11.35}, 5: {'train_loss': 185921011035418.8, 'test_acc': 10.09}, 6: {'train_loss': 1.1549936374312014e+16, 'test_acc': 10.1}, 7: {'train_loss': 249720775882894.88, 'test_acc': 9.8}, 8: {'train_loss': 118969918382362.48, 'test_acc': 9.8}, 9: {'train_loss': 78774251575563.12, 'test_acc': 10.28}}, 'server': {'test_acc': 10.32}}, 27: {'time': 1941.774271598013, 'parties': {0: {'train_loss': 250353477589401.6, 'test_acc': 10.1}, 1: {'train_loss': 319321624543232.0, 'test_acc': 9.74}, 2: {'train_loss': 422169631336976.8, 'test_acc': 9.58}, 3: {'train_loss': 2.106888975668147e+16, 'test_acc': 10.12}, 4: {'train_loss': 235250332987872.22, 'test_acc': 11.35}, 5: {'train_loss': 324934384953714.56, 'test_acc': 9.58}, 6: {'train_loss': 445014452247945.9, 'test_acc': 10.32}, 7: {'train_loss': 256192186642717.78, 'test_acc': 11.35}, 8: {'train_loss': 2.412566696897571e+16, 'test_acc': 9.8}, 9: {'train_loss': 506481901533807.3, 'test_acc': 9.58}}, 'server': {'test_acc': 10.09}}, 28: {'time': 2010.5601753150113, 'parties': {0: {'train_loss': 2720766507561779.0, 'test_acc': 10.29}, 1: {'train_loss': 1003794282909309.6, 'test_acc': 9.74}, 2: {'train_loss': 820651217447825.4, 'test_acc': 9.82}, 3: {'train_loss': 1003509130907386.5, 'test_acc': 11.39}, 4: {'train_loss': 2924871121665822.0, 'test_acc': 9.75}, 5: {'train_loss': 5162126413492887.0, 'test_acc': 9.74}, 6: {'train_loss': 2.014718033575583e+17, 'test_acc': 11.33}, 7: {'train_loss': 3.203181103808024e+17, 'test_acc': 9.85}, 8: {'train_loss': 948261836707910.6, 'test_acc': 9.8}, 9: {'train_loss': 3676721027504395.0, 'test_acc': 9.58}}, 'server': {'test_acc': 9.8}}, 29: {'time': 2080.5223808410083, 'parties': {0: {'train_loss': 3.422654108127986e+17, 'test_acc': 10.3}, 1: {'train_loss': 3417929342077044.0, 'test_acc': 9.61}, 2: {'train_loss': 5155358454510280.0, 'test_acc': 9.59}, 3: {'train_loss': 2.4575433025336672e+17, 'test_acc': 9.58}, 4: {'train_loss': 3962726139080845.0, 'test_acc': 9.83}, 5: {'train_loss': 1544110419808529.0, 'test_acc': 9.59}, 6: {'train_loss': 5343019516478700.0, 'test_acc': 9.8}, 7: {'train_loss': 6408366632895226.0, 'test_acc': 10.24}, 8: {'train_loss': 3039359959971063.0, 'test_acc': 10.28}, 9: {'train_loss': 1.2756864617938944e+16, 'test_acc': 9.59}}, 'server': {'test_acc': 9.8}}}
