2025-05-12 10:21:29,320 - INFO - util_sys - get_available_device - no preferred device is specified, using the available device for pythorch
2025-05-12 10:21:29,358 - INFO - util_sys - get_available_device - using cuda device for pythorch
2025-05-12 10:21:29,358 - INFO - util_sys - create_folder_if_not_exists - Folder './data/mnist/' already exists.
2025-05-12 10:21:29,411 - INFO - util_data - get_client_data - partitioning the data into non-IID setting
2025-05-12 10:21:30,468 - INFO - util_data - record_data_statistic - Client 0 - total training samples: 6480
2025-05-12 10:21:30,468 - INFO - util_data - record_data_statistic - Client 0 - training label distribution: defaultdict(<class 'int'>, {0: 55, 1: 4, 2: 25, 3: 10, 4: 2539, 5: 786, 6: 405, 7: 2372, 8: 73, 9: 211})
2025-05-12 10:21:30,930 - INFO - util_data - record_data_statistic - Client 1 - total training samples: 3712
2025-05-12 10:21:30,930 - INFO - util_data - record_data_statistic - Client 1 - training label distribution: defaultdict(<class 'int'>, {0: 18, 1: 34, 2: 1580, 5: 1, 8: 60, 9: 2019})
2025-05-12 10:21:31,485 - INFO - util_data - record_data_statistic - Client 2 - total training samples: 4338
2025-05-12 10:21:31,485 - INFO - util_data - record_data_statistic - Client 2 - training label distribution: defaultdict(<class 'int'>, {1: 638, 2: 389, 4: 698, 5: 889, 6: 133, 8: 1591})
2025-05-12 10:21:31,989 - INFO - util_data - record_data_statistic - Client 3 - total training samples: 4096
2025-05-12 10:21:31,989 - INFO - util_data - record_data_statistic - Client 3 - training label distribution: defaultdict(<class 'int'>, {0: 230, 1: 16, 2: 357, 3: 1, 4: 1482, 5: 637, 7: 46, 8: 1327})
2025-05-12 10:21:33,049 - INFO - util_data - record_data_statistic - Client 4 - total training samples: 8447
2025-05-12 10:21:33,049 - INFO - util_data - record_data_statistic - Client 4 - training label distribution: defaultdict(<class 'int'>, {1: 4806, 2: 434, 4: 233, 5: 81, 6: 74, 7: 1316, 8: 269, 9: 1234})
2025-05-12 10:21:33,337 - INFO - util_data - record_data_statistic - Client 5 - total training samples: 2311
2025-05-12 10:21:33,337 - INFO - util_data - record_data_statistic - Client 5 - training label distribution: defaultdict(<class 'int'>, {0: 13, 1: 66, 2: 171, 3: 75, 4: 305, 5: 15, 6: 145, 8: 585, 9: 936})
2025-05-12 10:21:34,255 - INFO - util_data - record_data_statistic - Client 6 - total training samples: 7419
2025-05-12 10:21:34,255 - INFO - util_data - record_data_statistic - Client 6 - training label distribution: defaultdict(<class 'int'>, {0: 4312, 2: 54, 3: 1414, 4: 342, 5: 3, 6: 325, 7: 76, 8: 502, 9: 391})
2025-05-12 10:21:35,345 - INFO - util_data - record_data_statistic - Client 7 - total training samples: 8523
2025-05-12 10:21:35,345 - INFO - util_data - record_data_statistic - Client 7 - training label distribution: defaultdict(<class 'int'>, {1: 714, 2: 375, 3: 4569, 4: 239, 5: 6, 7: 2411, 8: 209})
2025-05-12 10:21:36,391 - INFO - util_data - record_data_statistic - Client 8 - total training samples: 8454
2025-05-12 10:21:36,391 - INFO - util_data - record_data_statistic - Client 8 - training label distribution: defaultdict(<class 'int'>, {0: 1283, 1: 160, 3: 12, 4: 1, 5: 1006, 6: 4835, 7: 24, 8: 1126, 9: 7})
2025-05-12 10:21:37,160 - INFO - util_data - record_data_statistic - Client 9 - total training samples: 6220
2025-05-12 10:21:37,160 - INFO - util_data - record_data_statistic - Client 9 - training label distribution: defaultdict(<class 'int'>, {0: 12, 1: 304, 2: 2573, 3: 50, 4: 3, 5: 1997, 6: 1, 7: 20, 8: 109, 9: 1151})
2025-05-12 10:21:37,328 - INFO - fl - start - start the FL simulation
2025-05-12 10:21:37,329 - INFO - fl - start - start training round 0
2025-05-12 10:21:37,330 - INFO - fl - start - no attack at the round 0
2025-05-12 10:21:37,330 - INFO - fl - start - start client 0 training
2025-05-12 10:21:37,330 - INFO - fl - client_local_train - client 0 start local training ...
2025-05-12 10:21:43,136 - INFO - fl - start - end client 0 training
2025-05-12 10:21:43,136 - INFO - fl - start - client 0 evaluation metrics: {'train_loss': 0.08655743695243134, 'test_acc': 60.19}
2025-05-12 10:21:43,136 - INFO - fl - start - start client 1 training
2025-05-12 10:21:43,136 - INFO - fl - client_local_train - client 1 start local training ...
2025-05-12 10:21:46,841 - INFO - fl - start - end client 1 training
2025-05-12 10:21:46,842 - INFO - fl - start - client 1 evaluation metrics: {'train_loss': 0.09820677743068543, 'test_acc': 21.6}
2025-05-12 10:21:46,842 - INFO - fl - start - start client 2 training
2025-05-12 10:21:46,842 - INFO - fl - client_local_train - client 2 start local training ...
2025-05-12 10:21:50,980 - INFO - fl - start - end client 2 training
2025-05-12 10:21:50,980 - INFO - fl - start - client 2 evaluation metrics: {'train_loss': 0.08636310552794706, 'test_acc': 57.17}
2025-05-12 10:21:50,980 - INFO - fl - start - start client 3 training
2025-05-12 10:21:50,980 - INFO - fl - client_local_train - client 3 start local training ...
2025-05-12 10:21:54,925 - INFO - fl - start - end client 3 training
2025-05-12 10:21:54,925 - INFO - fl - start - client 3 evaluation metrics: {'train_loss': 0.09589006507303566, 'test_acc': 50.94}
2025-05-12 10:21:54,925 - INFO - fl - start - start client 4 training
2025-05-12 10:21:54,925 - INFO - fl - client_local_train - client 4 start local training ...
2025-05-12 10:22:01,669 - INFO - fl - start - end client 4 training
2025-05-12 10:22:01,669 - INFO - fl - start - client 4 evaluation metrics: {'train_loss': 0.08307299053889107, 'test_acc': 70.68}
2025-05-12 10:22:01,669 - INFO - fl - start - start client 5 training
2025-05-12 10:22:01,669 - INFO - fl - client_local_train - client 5 start local training ...
2025-05-12 10:22:04,523 - INFO - fl - start - end client 5 training
2025-05-12 10:22:04,524 - INFO - fl - start - client 5 evaluation metrics: {'train_loss': 0.33384227591591914, 'test_acc': 54.37}
2025-05-12 10:22:04,524 - INFO - fl - start - start client 6 training
2025-05-12 10:22:04,524 - INFO - fl - client_local_train - client 6 start local training ...
2025-05-12 10:22:10,586 - INFO - fl - start - end client 6 training
2025-05-12 10:22:10,586 - INFO - fl - start - client 6 evaluation metrics: {'train_loss': 0.08490639120533035, 'test_acc': 65.13}
2025-05-12 10:22:10,586 - INFO - fl - start - start client 7 training
2025-05-12 10:22:10,586 - INFO - fl - client_local_train - client 7 start local training ...
2025-05-12 10:22:17,381 - INFO - fl - start - end client 7 training
2025-05-12 10:22:17,381 - INFO - fl - start - client 7 evaluation metrics: {'train_loss': 0.061731774394692324, 'test_acc': 59.37}
2025-05-12 10:22:17,382 - INFO - fl - start - start client 8 training
2025-05-12 10:22:17,382 - INFO - fl - client_local_train - client 8 start local training ...
2025-05-12 10:22:24,177 - INFO - fl - start - end client 8 training
2025-05-12 10:22:24,177 - INFO - fl - start - client 8 evaluation metrics: {'train_loss': 0.04255665354238109, 'test_acc': 52.84}
2025-05-12 10:22:24,177 - INFO - fl - start - start client 9 training
2025-05-12 10:22:24,177 - INFO - fl - client_local_train - client 9 start local training ...
2025-05-12 10:22:29,516 - INFO - fl - start - end client 9 training
2025-05-12 10:22:29,516 - INFO - fl - start - client 9 evaluation metrics: {'train_loss': 0.07431430664455176, 'test_acc': 47.51}
2025-05-12 10:22:29,516 - INFO - fl - aggregate_model - start model aggregation...fusion method: dual_defense
2025-05-12 10:22:29,516 - INFO - fl - aggregate_model - start hyper-guard fusion with epsilon 0.01
2025-05-12 10:22:29,516 - INFO - fl - aggregate_model - round 0 attackers: []
2025-05-12 10:22:40,351 - DEBUG - util_fusion - fusion_dual_defense - client 0 scores: {0: array([66.629478]), 1: array([82.6709824]), 2: array([65.54712683]), 3: array([68.0277789]), 4: array([63.77604046]), 5: array([75.23216817]), 6: array([65.14419025]), 7: array([65.26660009]), 8: array([64.46738285]), 9: array([68.04790127])}
2025-05-12 10:22:40,352 - DEBUG - util_fusion - fusion_dual_defense - client 0 norm scores: {0: array([0.15101595]), 1: array([1.]), 2: array([0.09373336]), 3: array([0.22501993]), 4: array([0.]), 5: array([0.60630658]), 6: array([0.07240826]), 7: array([0.0788867]), 8: array([0.03658875]), 9: array([0.22608489])}
2025-05-12 10:22:40,352 - DEBUG - util_fusion - fusion_dual_defense - client 0 similarity threshold: 0.24900444132418526
2025-05-12 10:22:40,352 - INFO - util_fusion - fusion_dual_defense - client 0 selected fusion benigns: [1, 5]
2025-05-12 10:22:40,361 - DEBUG - util_fusion - fusion_dual_defense - client 1 scores: {0: array([66.629478]), 1: array([82.6709824]), 2: array([65.54712683]), 3: array([68.0277789]), 4: array([63.77604046]), 5: array([75.23216817]), 6: array([65.14419025]), 7: array([65.26660009]), 8: array([64.46738285]), 9: array([68.04790127])}
2025-05-12 10:22:40,361 - DEBUG - util_fusion - fusion_dual_defense - client 1 norm scores: {0: array([0.15101595]), 1: array([1.]), 2: array([0.09373336]), 3: array([0.22501993]), 4: array([0.]), 5: array([0.60630658]), 6: array([0.07240826]), 7: array([0.0788867]), 8: array([0.03658875]), 9: array([0.22608489])}
2025-05-12 10:22:40,361 - DEBUG - util_fusion - fusion_dual_defense - client 1 similarity threshold: 0.24900444132418526
2025-05-12 10:22:40,362 - INFO - util_fusion - fusion_dual_defense - client 1 selected fusion benigns: [1, 5]
2025-05-12 10:22:40,370 - DEBUG - util_fusion - fusion_dual_defense - client 2 scores: {0: array([66.629478]), 1: array([82.6709824]), 2: array([65.54712683]), 3: array([68.0277789]), 4: array([63.77604046]), 5: array([75.23216817]), 6: array([65.14419025]), 7: array([65.26660009]), 8: array([64.46738285]), 9: array([68.04790127])}
2025-05-12 10:22:40,371 - DEBUG - util_fusion - fusion_dual_defense - client 2 norm scores: {0: array([0.15101595]), 1: array([1.]), 2: array([0.09373336]), 3: array([0.22501993]), 4: array([0.]), 5: array([0.60630658]), 6: array([0.07240826]), 7: array([0.0788867]), 8: array([0.03658875]), 9: array([0.22608489])}
2025-05-12 10:22:40,371 - DEBUG - util_fusion - fusion_dual_defense - client 2 similarity threshold: 0.24900444132418526
2025-05-12 10:22:40,371 - INFO - util_fusion - fusion_dual_defense - client 2 selected fusion benigns: [1, 5]
2025-05-12 10:22:40,379 - DEBUG - util_fusion - fusion_dual_defense - client 3 scores: {0: array([66.629478]), 1: array([82.6709824]), 2: array([65.54712683]), 3: array([68.0277789]), 4: array([63.77604046]), 5: array([75.23216817]), 6: array([65.14419025]), 7: array([65.26660009]), 8: array([64.46738285]), 9: array([68.04790127])}
2025-05-12 10:22:40,380 - DEBUG - util_fusion - fusion_dual_defense - client 3 norm scores: {0: array([0.15101595]), 1: array([1.]), 2: array([0.09373336]), 3: array([0.22501993]), 4: array([0.]), 5: array([0.60630658]), 6: array([0.07240826]), 7: array([0.0788867]), 8: array([0.03658875]), 9: array([0.22608489])}
2025-05-12 10:22:40,380 - DEBUG - util_fusion - fusion_dual_defense - client 3 similarity threshold: 0.24900444132418526
2025-05-12 10:22:40,380 - INFO - util_fusion - fusion_dual_defense - client 3 selected fusion benigns: [1, 5]
2025-05-12 10:22:40,388 - DEBUG - util_fusion - fusion_dual_defense - client 4 scores: {0: array([66.629478]), 1: array([82.6709824]), 2: array([65.54712683]), 3: array([68.0277789]), 4: array([63.77604046]), 5: array([75.23216817]), 6: array([65.14419025]), 7: array([65.26660009]), 8: array([64.46738285]), 9: array([68.04790127])}
2025-05-12 10:22:40,389 - DEBUG - util_fusion - fusion_dual_defense - client 4 norm scores: {0: array([0.15101595]), 1: array([1.]), 2: array([0.09373336]), 3: array([0.22501993]), 4: array([0.]), 5: array([0.60630658]), 6: array([0.07240826]), 7: array([0.0788867]), 8: array([0.03658875]), 9: array([0.22608489])}
2025-05-12 10:22:40,389 - DEBUG - util_fusion - fusion_dual_defense - client 4 similarity threshold: 0.24900444132418526
2025-05-12 10:22:40,389 - INFO - util_fusion - fusion_dual_defense - client 4 selected fusion benigns: [1, 5]
2025-05-12 10:22:40,397 - DEBUG - util_fusion - fusion_dual_defense - client 5 scores: {0: array([66.629478]), 1: array([82.6709824]), 2: array([65.54712683]), 3: array([68.0277789]), 4: array([63.77604046]), 5: array([75.23216817]), 6: array([65.14419025]), 7: array([65.26660009]), 8: array([64.46738285]), 9: array([68.04790127])}
2025-05-12 10:22:40,398 - DEBUG - util_fusion - fusion_dual_defense - client 5 norm scores: {0: array([0.15101595]), 1: array([1.]), 2: array([0.09373336]), 3: array([0.22501993]), 4: array([0.]), 5: array([0.60630658]), 6: array([0.07240826]), 7: array([0.0788867]), 8: array([0.03658875]), 9: array([0.22608489])}
2025-05-12 10:22:40,398 - DEBUG - util_fusion - fusion_dual_defense - client 5 similarity threshold: 0.24900444132418526
2025-05-12 10:22:40,398 - INFO - util_fusion - fusion_dual_defense - client 5 selected fusion benigns: [1, 5]
2025-05-12 10:22:40,406 - DEBUG - util_fusion - fusion_dual_defense - client 6 scores: {0: array([66.629478]), 1: array([82.6709824]), 2: array([65.54712683]), 3: array([68.0277789]), 4: array([63.77604046]), 5: array([75.23216817]), 6: array([65.14419025]), 7: array([65.26660009]), 8: array([64.46738285]), 9: array([68.04790127])}
2025-05-12 10:22:40,408 - DEBUG - util_fusion - fusion_dual_defense - client 6 norm scores: {0: array([0.15101595]), 1: array([1.]), 2: array([0.09373336]), 3: array([0.22501993]), 4: array([0.]), 5: array([0.60630658]), 6: array([0.07240826]), 7: array([0.0788867]), 8: array([0.03658875]), 9: array([0.22608489])}
2025-05-12 10:22:40,408 - DEBUG - util_fusion - fusion_dual_defense - client 6 similarity threshold: 0.24900444132418526
2025-05-12 10:22:40,409 - INFO - util_fusion - fusion_dual_defense - client 6 selected fusion benigns: [1, 5]
2025-05-12 10:22:40,417 - DEBUG - util_fusion - fusion_dual_defense - client 7 scores: {0: array([66.629478]), 1: array([82.6709824]), 2: array([65.54712683]), 3: array([68.0277789]), 4: array([63.77604046]), 5: array([75.23216817]), 6: array([65.14419025]), 7: array([65.26660009]), 8: array([64.46738285]), 9: array([68.04790127])}
2025-05-12 10:22:40,417 - DEBUG - util_fusion - fusion_dual_defense - client 7 norm scores: {0: array([0.15101595]), 1: array([1.]), 2: array([0.09373336]), 3: array([0.22501993]), 4: array([0.]), 5: array([0.60630658]), 6: array([0.07240826]), 7: array([0.0788867]), 8: array([0.03658875]), 9: array([0.22608489])}
2025-05-12 10:22:40,418 - DEBUG - util_fusion - fusion_dual_defense - client 7 similarity threshold: 0.24900444132418526
2025-05-12 10:22:40,418 - INFO - util_fusion - fusion_dual_defense - client 7 selected fusion benigns: [1, 5]
2025-05-12 10:22:40,426 - DEBUG - util_fusion - fusion_dual_defense - client 8 scores: {0: array([66.629478]), 1: array([82.6709824]), 2: array([65.54712683]), 3: array([68.0277789]), 4: array([63.77604046]), 5: array([75.23216817]), 6: array([65.14419025]), 7: array([65.26660009]), 8: array([64.46738285]), 9: array([68.04790127])}
2025-05-12 10:22:40,427 - DEBUG - util_fusion - fusion_dual_defense - client 8 norm scores: {0: array([0.15101595]), 1: array([1.]), 2: array([0.09373336]), 3: array([0.22501993]), 4: array([0.]), 5: array([0.60630658]), 6: array([0.07240826]), 7: array([0.0788867]), 8: array([0.03658875]), 9: array([0.22608489])}
2025-05-12 10:22:40,427 - DEBUG - util_fusion - fusion_dual_defense - client 8 similarity threshold: 0.24900444132418526
2025-05-12 10:22:40,427 - INFO - util_fusion - fusion_dual_defense - client 8 selected fusion benigns: [1, 5]
2025-05-12 10:22:40,435 - DEBUG - util_fusion - fusion_dual_defense - client 9 scores: {0: array([66.629478]), 1: array([82.6709824]), 2: array([65.54712683]), 3: array([68.0277789]), 4: array([63.77604046]), 5: array([75.23216817]), 6: array([65.14419025]), 7: array([65.26660009]), 8: array([64.46738285]), 9: array([68.04790127])}
2025-05-12 10:22:40,436 - DEBUG - util_fusion - fusion_dual_defense - client 9 norm scores: {0: array([0.15101595]), 1: array([1.]), 2: array([0.09373336]), 3: array([0.22501993]), 4: array([0.]), 5: array([0.60630658]), 6: array([0.07240826]), 7: array([0.0788867]), 8: array([0.03658875]), 9: array([0.22608489])}
2025-05-12 10:22:40,436 - DEBUG - util_fusion - fusion_dual_defense - client 9 similarity threshold: 0.24900444132418526
2025-05-12 10:22:40,436 - INFO - util_fusion - fusion_dual_defense - client 9 selected fusion benigns: [1, 5]
2025-05-12 10:22:40,436 - DEBUG - util_fusion - fusion_dual_defense - final fusion benigns: (1, 5)
2025-05-12 10:22:41,986 - INFO - fl - start - global side -  test accuracy: 28.09
2025-05-12 10:22:41,986 - INFO - fl - start - global side iteration 0 -  test accuracy: 28.09
2025-05-12 10:22:41,986 - INFO - fl - start - start training round 1
2025-05-12 10:22:41,988 - INFO - fl - start - round 1 attackers: [1, 0]
2025-05-12 10:22:41,988 - INFO - fl - start - start client 0 training
2025-05-12 10:22:41,988 - INFO - fl - client_local_train - client 0 start local training ...
2025-05-12 10:22:45,279 - INFO - fl - client_local_train - client 0 is attacker, start poisoning model
2025-05-12 10:22:49,705 - INFO - fl - start - end client 0 training
2025-05-12 10:22:49,705 - INFO - fl - start - client 0 evaluation metrics: {'train_loss': 164.60144899405685, 'test_acc': 67.63}
2025-05-12 10:22:49,705 - INFO - fl - start - start client 1 training
2025-05-12 10:22:49,705 - INFO - fl - client_local_train - client 1 start local training ...
2025-05-12 10:22:51,565 - INFO - fl - client_local_train - client 1 is attacker, start poisoning model
2025-05-12 10:22:55,232 - INFO - fl - start - end client 1 training
2025-05-12 10:22:55,232 - INFO - fl - start - client 1 evaluation metrics: {'train_loss': 65.84519734875909, 'test_acc': 41.01}
2025-05-12 10:22:55,232 - INFO - fl - start - start client 2 training
2025-05-12 10:22:55,232 - INFO - fl - client_local_train - client 2 start local training ...
2025-05-12 10:22:59,342 - INFO - fl - start - end client 2 training
2025-05-12 10:22:59,342 - INFO - fl - start - client 2 evaluation metrics: {'train_loss': 0.06214901783010539, 'test_acc': 57.65}
2025-05-12 10:22:59,342 - INFO - fl - start - start client 3 training
2025-05-12 10:22:59,342 - INFO - fl - client_local_train - client 3 start local training ...
2025-05-12 10:23:03,323 - INFO - fl - start - end client 3 training
2025-05-12 10:23:03,323 - INFO - fl - start - client 3 evaluation metrics: {'train_loss': 0.07440701179439202, 'test_acc': 54.36}
2025-05-12 10:23:03,323 - INFO - fl - start - start client 4 training
2025-05-12 10:23:03,323 - INFO - fl - client_local_train - client 4 start local training ...
2025-05-12 10:23:10,068 - INFO - fl - start - end client 4 training
2025-05-12 10:23:10,068 - INFO - fl - start - client 4 evaluation metrics: {'train_loss': 0.05991766283246265, 'test_acc': 72.95}
2025-05-12 10:23:10,068 - INFO - fl - start - start client 5 training
2025-05-12 10:23:10,068 - INFO - fl - client_local_train - client 5 start local training ...
2025-05-12 10:23:12,891 - INFO - fl - start - end client 5 training
2025-05-12 10:23:12,892 - INFO - fl - start - client 5 evaluation metrics: {'train_loss': 0.1548234746866935, 'test_acc': 69.33}
2025-05-12 10:23:12,892 - INFO - fl - start - start client 6 training
2025-05-12 10:23:12,892 - INFO - fl - client_local_train - client 6 start local training ...
2025-05-12 10:23:18,950 - INFO - fl - start - end client 6 training
2025-05-12 10:23:18,950 - INFO - fl - start - client 6 evaluation metrics: {'train_loss': 0.057526084355576414, 'test_acc': 73.23}
2025-05-12 10:23:18,950 - INFO - fl - start - start client 7 training
2025-05-12 10:23:18,950 - INFO - fl - client_local_train - client 7 start local training ...
2025-05-12 10:23:25,748 - INFO - fl - start - end client 7 training
2025-05-12 10:23:25,748 - INFO - fl - start - client 7 evaluation metrics: {'train_loss': 0.05252106184202399, 'test_acc': 58.96}
2025-05-12 10:23:25,748 - INFO - fl - start - start client 8 training
2025-05-12 10:23:25,748 - INFO - fl - client_local_train - client 8 start local training ...
2025-05-12 10:23:32,528 - INFO - fl - start - end client 8 training
2025-05-12 10:23:32,528 - INFO - fl - start - client 8 evaluation metrics: {'train_loss': 0.040763238887827756, 'test_acc': 54.89}
2025-05-12 10:23:32,528 - INFO - fl - start - start client 9 training
2025-05-12 10:23:32,528 - INFO - fl - client_local_train - client 9 start local training ...
2025-05-12 10:23:37,882 - INFO - fl - start - end client 9 training
2025-05-12 10:23:37,882 - INFO - fl - start - client 9 evaluation metrics: {'train_loss': 0.054372756176495125, 'test_acc': 50.57}
2025-05-12 10:23:37,891 - INFO - fl - aggregate_model - start model aggregation...fusion method: dual_defense
2025-05-12 10:23:37,891 - INFO - fl - aggregate_model - start hyper-guard fusion with epsilon 0.01
2025-05-12 10:23:37,891 - INFO - fl - aggregate_model - round 1 attackers: [0, 1]
2025-05-12 10:23:48,726 - DEBUG - util_fusion - fusion_dual_defense - client 0 scores: {0: array([254.94840606]), 1: array([318.11590554]), 2: array([260.35603921]), 3: array([264.6745404]), 4: array([254.32358838]), 5: array([283.38021634]), 6: array([252.26954492]), 7: array([255.67438089]), 8: array([252.63644586]), 9: array([274.72912692])}
2025-05-12 10:23:48,727 - DEBUG - util_fusion - fusion_dual_defense - client 0 norm scores: {0: array([0.04068351]), 1: array([1.]), 2: array([0.12280852]), 3: array([0.18839303]), 4: array([0.03119449]), 5: array([0.47247367]), 6: array([0.]), 7: array([0.0517088]), 8: array([0.00557208]), 9: array([0.34109071])}
2025-05-12 10:23:48,727 - DEBUG - util_fusion - fusion_dual_defense - client 0 similarity threshold: 0.2253924801470021
2025-05-12 10:23:48,727 - INFO - util_fusion - fusion_dual_defense - client 0 selected fusion benigns: [1, 5, 9]
2025-05-12 10:23:48,736 - DEBUG - util_fusion - fusion_dual_defense - client 1 scores: {0: array([254.94840606]), 1: array([318.11590554]), 2: array([260.35603921]), 3: array([264.6745404]), 4: array([254.32358838]), 5: array([283.38021634]), 6: array([252.26954492]), 7: array([255.67438089]), 8: array([252.63644586]), 9: array([274.72912692])}
2025-05-12 10:23:48,736 - DEBUG - util_fusion - fusion_dual_defense - client 1 norm scores: {0: array([0.04068351]), 1: array([1.]), 2: array([0.12280852]), 3: array([0.18839303]), 4: array([0.03119449]), 5: array([0.47247367]), 6: array([0.]), 7: array([0.0517088]), 8: array([0.00557208]), 9: array([0.34109071])}
2025-05-12 10:23:48,736 - DEBUG - util_fusion - fusion_dual_defense - client 1 similarity threshold: 0.2253924801470021
2025-05-12 10:23:48,736 - INFO - util_fusion - fusion_dual_defense - client 1 selected fusion benigns: [1, 5, 9]
2025-05-12 10:23:48,745 - DEBUG - util_fusion - fusion_dual_defense - client 2 scores: {0: array([254.94840606]), 1: array([318.11590554]), 2: array([260.35603921]), 3: array([264.6745404]), 4: array([254.32358838]), 5: array([283.38021634]), 6: array([252.26954492]), 7: array([255.67438089]), 8: array([252.63644586]), 9: array([274.72912692])}
2025-05-12 10:23:48,745 - DEBUG - util_fusion - fusion_dual_defense - client 2 norm scores: {0: array([0.04068351]), 1: array([1.]), 2: array([0.12280852]), 3: array([0.18839303]), 4: array([0.03119449]), 5: array([0.47247367]), 6: array([0.]), 7: array([0.0517088]), 8: array([0.00557208]), 9: array([0.34109071])}
2025-05-12 10:23:48,746 - DEBUG - util_fusion - fusion_dual_defense - client 2 similarity threshold: 0.2253924801470021
2025-05-12 10:23:48,746 - INFO - util_fusion - fusion_dual_defense - client 2 selected fusion benigns: [1, 5, 9]
2025-05-12 10:23:48,754 - DEBUG - util_fusion - fusion_dual_defense - client 3 scores: {0: array([254.94840606]), 1: array([318.11590554]), 2: array([260.35603921]), 3: array([264.6745404]), 4: array([254.32358838]), 5: array([283.38021634]), 6: array([252.26954492]), 7: array([255.67438089]), 8: array([252.63644586]), 9: array([274.72912692])}
2025-05-12 10:23:48,755 - DEBUG - util_fusion - fusion_dual_defense - client 3 norm scores: {0: array([0.04068351]), 1: array([1.]), 2: array([0.12280852]), 3: array([0.18839303]), 4: array([0.03119449]), 5: array([0.47247367]), 6: array([0.]), 7: array([0.0517088]), 8: array([0.00557208]), 9: array([0.34109071])}
2025-05-12 10:23:48,755 - DEBUG - util_fusion - fusion_dual_defense - client 3 similarity threshold: 0.2253924801470021
2025-05-12 10:23:48,755 - INFO - util_fusion - fusion_dual_defense - client 3 selected fusion benigns: [1, 5, 9]
2025-05-12 10:23:48,763 - DEBUG - util_fusion - fusion_dual_defense - client 4 scores: {0: array([254.94840606]), 1: array([318.11590554]), 2: array([260.35603921]), 3: array([264.6745404]), 4: array([254.32358838]), 5: array([283.38021634]), 6: array([252.26954492]), 7: array([255.67438089]), 8: array([252.63644586]), 9: array([274.72912692])}
2025-05-12 10:23:48,764 - DEBUG - util_fusion - fusion_dual_defense - client 4 norm scores: {0: array([0.04068351]), 1: array([1.]), 2: array([0.12280852]), 3: array([0.18839303]), 4: array([0.03119449]), 5: array([0.47247367]), 6: array([0.]), 7: array([0.0517088]), 8: array([0.00557208]), 9: array([0.34109071])}
2025-05-12 10:23:48,764 - DEBUG - util_fusion - fusion_dual_defense - client 4 similarity threshold: 0.2253924801470021
2025-05-12 10:23:48,764 - INFO - util_fusion - fusion_dual_defense - client 4 selected fusion benigns: [1, 5, 9]
2025-05-12 10:23:48,772 - DEBUG - util_fusion - fusion_dual_defense - client 5 scores: {0: array([254.94840606]), 1: array([318.11590554]), 2: array([260.35603921]), 3: array([264.6745404]), 4: array([254.32358838]), 5: array([283.38021634]), 6: array([252.26954492]), 7: array([255.67438089]), 8: array([252.63644586]), 9: array([274.72912692])}
2025-05-12 10:23:48,773 - DEBUG - util_fusion - fusion_dual_defense - client 5 norm scores: {0: array([0.04068351]), 1: array([1.]), 2: array([0.12280852]), 3: array([0.18839303]), 4: array([0.03119449]), 5: array([0.47247367]), 6: array([0.]), 7: array([0.0517088]), 8: array([0.00557208]), 9: array([0.34109071])}
2025-05-12 10:23:48,773 - DEBUG - util_fusion - fusion_dual_defense - client 5 similarity threshold: 0.2253924801470021
2025-05-12 10:23:48,773 - INFO - util_fusion - fusion_dual_defense - client 5 selected fusion benigns: [1, 5, 9]
2025-05-12 10:23:48,781 - DEBUG - util_fusion - fusion_dual_defense - client 6 scores: {0: array([254.94840606]), 1: array([318.11590554]), 2: array([260.35603921]), 3: array([264.6745404]), 4: array([254.32358838]), 5: array([283.38021634]), 6: array([252.26954492]), 7: array([255.67438089]), 8: array([252.63644586]), 9: array([274.72912692])}
2025-05-12 10:23:48,782 - DEBUG - util_fusion - fusion_dual_defense - client 6 norm scores: {0: array([0.04068351]), 1: array([1.]), 2: array([0.12280852]), 3: array([0.18839303]), 4: array([0.03119449]), 5: array([0.47247367]), 6: array([0.]), 7: array([0.0517088]), 8: array([0.00557208]), 9: array([0.34109071])}
2025-05-12 10:23:48,782 - DEBUG - util_fusion - fusion_dual_defense - client 6 similarity threshold: 0.2253924801470021
2025-05-12 10:23:48,782 - INFO - util_fusion - fusion_dual_defense - client 6 selected fusion benigns: [1, 5, 9]
2025-05-12 10:23:48,790 - DEBUG - util_fusion - fusion_dual_defense - client 7 scores: {0: array([254.94840606]), 1: array([318.11590554]), 2: array([260.35603921]), 3: array([264.6745404]), 4: array([254.32358838]), 5: array([283.38021634]), 6: array([252.26954492]), 7: array([255.67438089]), 8: array([252.63644586]), 9: array([274.72912692])}
2025-05-12 10:23:48,791 - DEBUG - util_fusion - fusion_dual_defense - client 7 norm scores: {0: array([0.04068351]), 1: array([1.]), 2: array([0.12280852]), 3: array([0.18839303]), 4: array([0.03119449]), 5: array([0.47247367]), 6: array([0.]), 7: array([0.0517088]), 8: array([0.00557208]), 9: array([0.34109071])}
2025-05-12 10:23:48,791 - DEBUG - util_fusion - fusion_dual_defense - client 7 similarity threshold: 0.2253924801470021
2025-05-12 10:23:48,791 - INFO - util_fusion - fusion_dual_defense - client 7 selected fusion benigns: [1, 5, 9]
2025-05-12 10:23:48,799 - DEBUG - util_fusion - fusion_dual_defense - client 8 scores: {0: array([254.94840606]), 1: array([318.11590554]), 2: array([260.35603921]), 3: array([264.6745404]), 4: array([254.32358838]), 5: array([283.38021634]), 6: array([252.26954492]), 7: array([255.67438089]), 8: array([252.63644586]), 9: array([274.72912692])}
2025-05-12 10:23:48,800 - DEBUG - util_fusion - fusion_dual_defense - client 8 norm scores: {0: array([0.04068351]), 1: array([1.]), 2: array([0.12280852]), 3: array([0.18839303]), 4: array([0.03119449]), 5: array([0.47247367]), 6: array([0.]), 7: array([0.0517088]), 8: array([0.00557208]), 9: array([0.34109071])}
2025-05-12 10:23:48,800 - DEBUG - util_fusion - fusion_dual_defense - client 8 similarity threshold: 0.2253924801470021
2025-05-12 10:23:48,800 - INFO - util_fusion - fusion_dual_defense - client 8 selected fusion benigns: [1, 5, 9]
2025-05-12 10:23:48,808 - DEBUG - util_fusion - fusion_dual_defense - client 9 scores: {0: array([254.94840606]), 1: array([318.11590554]), 2: array([260.35603921]), 3: array([264.6745404]), 4: array([254.32358838]), 5: array([283.38021634]), 6: array([252.26954492]), 7: array([255.67438089]), 8: array([252.63644586]), 9: array([274.72912692])}
2025-05-12 10:23:48,809 - DEBUG - util_fusion - fusion_dual_defense - client 9 norm scores: {0: array([0.04068351]), 1: array([1.]), 2: array([0.12280852]), 3: array([0.18839303]), 4: array([0.03119449]), 5: array([0.47247367]), 6: array([0.]), 7: array([0.0517088]), 8: array([0.00557208]), 9: array([0.34109071])}
2025-05-12 10:23:48,809 - DEBUG - util_fusion - fusion_dual_defense - client 9 similarity threshold: 0.2253924801470021
2025-05-12 10:23:48,809 - INFO - util_fusion - fusion_dual_defense - client 9 selected fusion benigns: [1, 5, 9]
2025-05-12 10:23:48,809 - DEBUG - util_fusion - fusion_dual_defense - final fusion benigns: (1, 5, 9)
2025-05-12 10:23:50,396 - INFO - fl - start - global side -  test accuracy: 42.96
2025-05-12 10:23:50,396 - INFO - fl - start - global side iteration 1 -  test accuracy: 42.96
2025-05-12 10:23:50,396 - INFO - fl - start - start training round 2
2025-05-12 10:23:50,398 - INFO - fl - start - round 2 attackers: [8, 2]
2025-05-12 10:23:50,398 - INFO - fl - start - start client 0 training
2025-05-12 10:23:50,398 - INFO - fl - client_local_train - client 0 start local training ...
2025-05-12 10:23:55,900 - INFO - fl - start - end client 0 training
2025-05-12 10:23:55,900 - INFO - fl - start - client 0 evaluation metrics: {'train_loss': 0.1544831456233035, 'test_acc': 48.0}
2025-05-12 10:23:55,900 - INFO - fl - start - start client 1 training
2025-05-12 10:23:55,900 - INFO - fl - client_local_train - client 1 start local training ...
2025-05-12 10:23:59,643 - INFO - fl - start - end client 1 training
2025-05-12 10:23:59,643 - INFO - fl - start - client 1 evaluation metrics: {'train_loss': 0.03572219040983453, 'test_acc': 39.84}
2025-05-12 10:23:59,643 - INFO - fl - start - start client 2 training
2025-05-12 10:23:59,643 - INFO - fl - client_local_train - client 2 start local training ...
2025-05-12 10:24:01,844 - INFO - fl - client_local_train - client 2 is attacker, start poisoning model
2025-05-12 10:24:05,717 - INFO - fl - start - end client 2 training
2025-05-12 10:24:05,718 - INFO - fl - start - client 2 evaluation metrics: {'train_loss': 148.5868018655216, 'test_acc': 56.86}
2025-05-12 10:24:05,718 - INFO - fl - start - start client 3 training
2025-05-12 10:24:05,718 - INFO - fl - client_local_train - client 3 start local training ...
2025-05-12 10:24:09,705 - INFO - fl - start - end client 3 training
2025-05-12 10:24:09,706 - INFO - fl - start - client 3 evaluation metrics: {'train_loss': 0.12615029467269778, 'test_acc': 51.2}
2025-05-12 10:24:09,706 - INFO - fl - start - start client 4 training
2025-05-12 10:24:09,706 - INFO - fl - client_local_train - client 4 start local training ...
2025-05-12 10:24:16,487 - INFO - fl - start - end client 4 training
2025-05-12 10:24:16,487 - INFO - fl - start - client 4 evaluation metrics: {'train_loss': 0.06573617156369216, 'test_acc': 73.9}
2025-05-12 10:24:16,487 - INFO - fl - start - start client 5 training
2025-05-12 10:24:16,487 - INFO - fl - client_local_train - client 5 start local training ...
2025-05-12 10:24:19,316 - INFO - fl - start - end client 5 training
2025-05-12 10:24:19,316 - INFO - fl - start - client 5 evaluation metrics: {'train_loss': 0.23404311348457593, 'test_acc': 64.23}
2025-05-12 10:24:19,317 - INFO - fl - start - start client 6 training
2025-05-12 10:24:19,317 - INFO - fl - client_local_train - client 6 start local training ...
2025-05-12 10:24:25,454 - INFO - fl - start - end client 6 training
2025-05-12 10:24:25,454 - INFO - fl - start - client 6 evaluation metrics: {'train_loss': 0.10246345233011606, 'test_acc': 65.81}
2025-05-12 10:24:25,454 - INFO - fl - start - start client 7 training
2025-05-12 10:24:25,454 - INFO - fl - client_local_train - client 7 start local training ...
2025-05-12 10:24:32,294 - INFO - fl - start - end client 7 training
2025-05-12 10:24:32,294 - INFO - fl - start - client 7 evaluation metrics: {'train_loss': 0.0807466707713624, 'test_acc': 57.93}
2025-05-12 10:24:32,294 - INFO - fl - start - start client 8 training
2025-05-12 10:24:32,294 - INFO - fl - client_local_train - client 8 start local training ...
2025-05-12 10:24:36,579 - INFO - fl - client_local_train - client 8 is attacker, start poisoning model
2025-05-12 10:24:41,563 - INFO - fl - start - end client 8 training
2025-05-12 10:24:41,563 - INFO - fl - start - client 8 evaluation metrics: {'train_loss': 106.25685317534253, 'test_acc': 51.62}
2025-05-12 10:24:41,563 - INFO - fl - start - start client 9 training
2025-05-12 10:24:41,563 - INFO - fl - client_local_train - client 9 start local training ...
2025-05-12 10:24:46,918 - INFO - fl - start - end client 9 training
2025-05-12 10:24:46,918 - INFO - fl - start - client 9 evaluation metrics: {'train_loss': 0.055032108081219604, 'test_acc': 52.1}
2025-05-12 10:24:46,918 - INFO - fl - aggregate_model - start model aggregation...fusion method: dual_defense
2025-05-12 10:24:46,918 - INFO - fl - aggregate_model - start hyper-guard fusion with epsilon 0.01
2025-05-12 10:24:46,918 - INFO - fl - aggregate_model - round 2 attackers: [8, 2]
2025-05-12 10:24:57,749 - DEBUG - util_fusion - fusion_dual_defense - client 0 scores: {0: array([149.2272776]), 1: array([431.86900766]), 2: array([302.64932725]), 3: array([207.97739635]), 4: array([352.39039265]), 5: array([334.19125122]), 6: array([263.89799539]), 7: array([206.00634146]), 8: array([219.2919223]), 9: array([382.06614342])}
2025-05-12 10:24:57,750 - DEBUG - util_fusion - fusion_dual_defense - client 0 norm scores: {0: array([0.]), 1: array([1.]), 2: array([0.54281457]), 3: array([0.20786074]), 4: array([0.71880085]), 5: array([0.65441141]), 6: array([0.4057105]), 7: array([0.20088705]), 8: array([0.24789207]), 9: array([0.82379508])}
2025-05-12 10:24:57,750 - DEBUG - util_fusion - fusion_dual_defense - client 0 similarity threshold: 0.4802172273022318
2025-05-12 10:24:57,750 - INFO - util_fusion - fusion_dual_defense - client 0 selected fusion benigns: [1, 2, 4, 5, 9]
2025-05-12 10:24:57,759 - DEBUG - util_fusion - fusion_dual_defense - client 1 scores: {0: array([149.2272776]), 1: array([431.86900766]), 2: array([302.64932725]), 3: array([207.97739635]), 4: array([352.39039265]), 5: array([334.19125122]), 6: array([263.89799539]), 7: array([206.00634146]), 8: array([219.2919223]), 9: array([382.06614342])}
2025-05-12 10:24:57,760 - DEBUG - util_fusion - fusion_dual_defense - client 1 norm scores: {0: array([0.]), 1: array([1.]), 2: array([0.54281457]), 3: array([0.20786074]), 4: array([0.71880085]), 5: array([0.65441141]), 6: array([0.4057105]), 7: array([0.20088705]), 8: array([0.24789207]), 9: array([0.82379508])}
2025-05-12 10:24:57,760 - DEBUG - util_fusion - fusion_dual_defense - client 1 similarity threshold: 0.4802172273022318
2025-05-12 10:24:57,760 - INFO - util_fusion - fusion_dual_defense - client 1 selected fusion benigns: [1, 2, 4, 5, 9]
2025-05-12 10:24:57,768 - DEBUG - util_fusion - fusion_dual_defense - client 2 scores: {0: array([149.2272776]), 1: array([431.86900766]), 2: array([302.64932725]), 3: array([207.97739635]), 4: array([352.39039265]), 5: array([334.19125122]), 6: array([263.89799539]), 7: array([206.00634146]), 8: array([219.2919223]), 9: array([382.06614342])}
2025-05-12 10:24:57,769 - DEBUG - util_fusion - fusion_dual_defense - client 2 norm scores: {0: array([0.]), 1: array([1.]), 2: array([0.54281457]), 3: array([0.20786074]), 4: array([0.71880085]), 5: array([0.65441141]), 6: array([0.4057105]), 7: array([0.20088705]), 8: array([0.24789207]), 9: array([0.82379508])}
2025-05-12 10:24:57,769 - DEBUG - util_fusion - fusion_dual_defense - client 2 similarity threshold: 0.4802172273022318
2025-05-12 10:24:57,769 - INFO - util_fusion - fusion_dual_defense - client 2 selected fusion benigns: [1, 2, 4, 5, 9]
2025-05-12 10:24:57,777 - DEBUG - util_fusion - fusion_dual_defense - client 3 scores: {0: array([149.2272776]), 1: array([431.86900766]), 2: array([302.64932725]), 3: array([207.97739635]), 4: array([352.39039265]), 5: array([334.19125122]), 6: array([263.89799539]), 7: array([206.00634146]), 8: array([219.2919223]), 9: array([382.06614342])}
2025-05-12 10:24:57,778 - DEBUG - util_fusion - fusion_dual_defense - client 3 norm scores: {0: array([0.]), 1: array([1.]), 2: array([0.54281457]), 3: array([0.20786074]), 4: array([0.71880085]), 5: array([0.65441141]), 6: array([0.4057105]), 7: array([0.20088705]), 8: array([0.24789207]), 9: array([0.82379508])}
2025-05-12 10:24:57,778 - DEBUG - util_fusion - fusion_dual_defense - client 3 similarity threshold: 0.4802172273022318
2025-05-12 10:24:57,778 - INFO - util_fusion - fusion_dual_defense - client 3 selected fusion benigns: [1, 2, 4, 5, 9]
2025-05-12 10:24:57,786 - DEBUG - util_fusion - fusion_dual_defense - client 4 scores: {0: array([149.2272776]), 1: array([431.86900766]), 2: array([302.64932725]), 3: array([207.97739635]), 4: array([352.39039265]), 5: array([334.19125122]), 6: array([263.89799539]), 7: array([206.00634146]), 8: array([219.2919223]), 9: array([382.06614342])}
2025-05-12 10:24:57,787 - DEBUG - util_fusion - fusion_dual_defense - client 4 norm scores: {0: array([0.]), 1: array([1.]), 2: array([0.54281457]), 3: array([0.20786074]), 4: array([0.71880085]), 5: array([0.65441141]), 6: array([0.4057105]), 7: array([0.20088705]), 8: array([0.24789207]), 9: array([0.82379508])}
2025-05-12 10:24:57,787 - DEBUG - util_fusion - fusion_dual_defense - client 4 similarity threshold: 0.4802172273022318
2025-05-12 10:24:57,787 - INFO - util_fusion - fusion_dual_defense - client 4 selected fusion benigns: [1, 2, 4, 5, 9]
2025-05-12 10:24:57,795 - DEBUG - util_fusion - fusion_dual_defense - client 5 scores: {0: array([149.2272776]), 1: array([431.86900766]), 2: array([302.64932725]), 3: array([207.97739635]), 4: array([352.39039265]), 5: array([334.19125122]), 6: array([263.89799539]), 7: array([206.00634146]), 8: array([219.2919223]), 9: array([382.06614342])}
2025-05-12 10:24:57,796 - DEBUG - util_fusion - fusion_dual_defense - client 5 norm scores: {0: array([0.]), 1: array([1.]), 2: array([0.54281457]), 3: array([0.20786074]), 4: array([0.71880085]), 5: array([0.65441141]), 6: array([0.4057105]), 7: array([0.20088705]), 8: array([0.24789207]), 9: array([0.82379508])}
2025-05-12 10:24:57,796 - DEBUG - util_fusion - fusion_dual_defense - client 5 similarity threshold: 0.4802172273022318
2025-05-12 10:24:57,796 - INFO - util_fusion - fusion_dual_defense - client 5 selected fusion benigns: [1, 2, 4, 5, 9]
2025-05-12 10:24:57,804 - DEBUG - util_fusion - fusion_dual_defense - client 6 scores: {0: array([149.2272776]), 1: array([431.86900766]), 2: array([302.64932725]), 3: array([207.97739635]), 4: array([352.39039265]), 5: array([334.19125122]), 6: array([263.89799539]), 7: array([206.00634146]), 8: array([219.2919223]), 9: array([382.06614342])}
2025-05-12 10:24:57,805 - DEBUG - util_fusion - fusion_dual_defense - client 6 norm scores: {0: array([0.]), 1: array([1.]), 2: array([0.54281457]), 3: array([0.20786074]), 4: array([0.71880085]), 5: array([0.65441141]), 6: array([0.4057105]), 7: array([0.20088705]), 8: array([0.24789207]), 9: array([0.82379508])}
2025-05-12 10:24:57,805 - DEBUG - util_fusion - fusion_dual_defense - client 6 similarity threshold: 0.4802172273022318
2025-05-12 10:24:57,805 - INFO - util_fusion - fusion_dual_defense - client 6 selected fusion benigns: [1, 2, 4, 5, 9]
2025-05-12 10:24:57,813 - DEBUG - util_fusion - fusion_dual_defense - client 7 scores: {0: array([149.2272776]), 1: array([431.86900766]), 2: array([302.64932725]), 3: array([207.97739635]), 4: array([352.39039265]), 5: array([334.19125122]), 6: array([263.89799539]), 7: array([206.00634146]), 8: array([219.2919223]), 9: array([382.06614342])}
2025-05-12 10:24:57,814 - DEBUG - util_fusion - fusion_dual_defense - client 7 norm scores: {0: array([0.]), 1: array([1.]), 2: array([0.54281457]), 3: array([0.20786074]), 4: array([0.71880085]), 5: array([0.65441141]), 6: array([0.4057105]), 7: array([0.20088705]), 8: array([0.24789207]), 9: array([0.82379508])}
2025-05-12 10:24:57,814 - DEBUG - util_fusion - fusion_dual_defense - client 7 similarity threshold: 0.4802172273022318
2025-05-12 10:24:57,814 - INFO - util_fusion - fusion_dual_defense - client 7 selected fusion benigns: [1, 2, 4, 5, 9]
2025-05-12 10:24:57,823 - DEBUG - util_fusion - fusion_dual_defense - client 8 scores: {0: array([149.2272776]), 1: array([431.86900766]), 2: array([302.64932725]), 3: array([207.97739635]), 4: array([352.39039265]), 5: array([334.19125122]), 6: array([263.89799539]), 7: array([206.00634146]), 8: array([219.2919223]), 9: array([382.06614342])}
2025-05-12 10:24:57,825 - DEBUG - util_fusion - fusion_dual_defense - client 8 norm scores: {0: array([0.]), 1: array([1.]), 2: array([0.54281457]), 3: array([0.20786074]), 4: array([0.71880085]), 5: array([0.65441141]), 6: array([0.4057105]), 7: array([0.20088705]), 8: array([0.24789207]), 9: array([0.82379508])}
2025-05-12 10:24:57,825 - DEBUG - util_fusion - fusion_dual_defense - client 8 similarity threshold: 0.4802172273022318
2025-05-12 10:24:57,825 - INFO - util_fusion - fusion_dual_defense - client 8 selected fusion benigns: [1, 2, 4, 5, 9]
2025-05-12 10:24:57,833 - DEBUG - util_fusion - fusion_dual_defense - client 9 scores: {0: array([149.2272776]), 1: array([431.86900766]), 2: array([302.64932725]), 3: array([207.97739635]), 4: array([352.39039265]), 5: array([334.19125122]), 6: array([263.89799539]), 7: array([206.00634146]), 8: array([219.2919223]), 9: array([382.06614342])}
2025-05-12 10:24:57,834 - DEBUG - util_fusion - fusion_dual_defense - client 9 norm scores: {0: array([0.]), 1: array([1.]), 2: array([0.54281457]), 3: array([0.20786074]), 4: array([0.71880085]), 5: array([0.65441141]), 6: array([0.4057105]), 7: array([0.20088705]), 8: array([0.24789207]), 9: array([0.82379508])}
2025-05-12 10:24:57,834 - DEBUG - util_fusion - fusion_dual_defense - client 9 similarity threshold: 0.4802172273022318
2025-05-12 10:24:57,834 - INFO - util_fusion - fusion_dual_defense - client 9 selected fusion benigns: [1, 2, 4, 5, 9]
2025-05-12 10:24:57,834 - DEBUG - util_fusion - fusion_dual_defense - final fusion benigns: (1, 2, 4, 5, 9)
2025-05-12 10:24:59,535 - INFO - fl - start - global side -  test accuracy: 52.03
2025-05-12 10:24:59,535 - INFO - fl - start - global side iteration 2 -  test accuracy: 52.03
2025-05-12 10:24:59,536 - INFO - fl - start - start training round 3
2025-05-12 10:24:59,537 - INFO - fl - start - round 3 attackers: [2, 3]
2025-05-12 10:24:59,537 - INFO - fl - start - start client 0 training
2025-05-12 10:24:59,537 - INFO - fl - client_local_train - client 0 start local training ...
2025-05-12 10:25:05,073 - INFO - fl - start - end client 0 training
2025-05-12 10:25:05,073 - INFO - fl - start - client 0 evaluation metrics: {'train_loss': 0.1848926621251831, 'test_acc': 48.28}
2025-05-12 10:25:05,073 - INFO - fl - start - start client 1 training
2025-05-12 10:25:05,073 - INFO - fl - client_local_train - client 1 start local training ...
2025-05-12 10:25:08,792 - INFO - fl - start - end client 1 training
2025-05-12 10:25:08,792 - INFO - fl - start - client 1 evaluation metrics: {'train_loss': 0.2736629196282091, 'test_acc': 19.12}
2025-05-12 10:25:08,792 - INFO - fl - start - start client 2 training
2025-05-12 10:25:08,792 - INFO - fl - client_local_train - client 2 start local training ...
2025-05-12 10:25:10,989 - INFO - fl - client_local_train - client 2 is attacker, start poisoning model
2025-05-12 10:25:14,862 - INFO - fl - start - end client 2 training
2025-05-12 10:25:14,862 - INFO - fl - start - client 2 evaluation metrics: {'train_loss': 180.83445607914643, 'test_acc': 57.24}
2025-05-12 10:25:14,862 - INFO - fl - start - start client 3 training
2025-05-12 10:25:14,862 - INFO - fl - client_local_train - client 3 start local training ...
2025-05-12 10:25:16,933 - INFO - fl - client_local_train - client 3 is attacker, start poisoning model
2025-05-12 10:25:20,738 - INFO - fl - start - end client 3 training
2025-05-12 10:25:20,738 - INFO - fl - start - client 3 evaluation metrics: {'train_loss': 296.49368328694254, 'test_acc': 57.38}
2025-05-12 10:25:20,738 - INFO - fl - start - start client 4 training
2025-05-12 10:25:20,738 - INFO - fl - client_local_train - client 4 start local training ...
2025-05-12 10:25:27,505 - INFO - fl - start - end client 4 training
2025-05-12 10:25:27,505 - INFO - fl - start - client 4 evaluation metrics: {'train_loss': 0.19696575358058466, 'test_acc': 56.49}
2025-05-12 10:25:27,505 - INFO - fl - start - start client 5 training
2025-05-12 10:25:27,505 - INFO - fl - client_local_train - client 5 start local training ...
2025-05-12 10:25:30,338 - INFO - fl - start - end client 5 training
2025-05-12 10:25:30,338 - INFO - fl - start - client 5 evaluation metrics: {'train_loss': 1.6712865571717959, 'test_acc': 10.1}
2025-05-12 10:25:30,338 - INFO - fl - start - start client 6 training
2025-05-12 10:25:30,338 - INFO - fl - client_local_train - client 6 start local training ...
2025-05-12 10:25:36,449 - INFO - fl - start - end client 6 training
2025-05-12 10:25:36,449 - INFO - fl - start - client 6 evaluation metrics: {'train_loss': 0.22817847338216057, 'test_acc': 56.47}
2025-05-12 10:25:36,449 - INFO - fl - start - start client 7 training
2025-05-12 10:25:36,449 - INFO - fl - client_local_train - client 7 start local training ...
2025-05-12 10:25:43,297 - INFO - fl - start - end client 7 training
2025-05-12 10:25:43,297 - INFO - fl - start - client 7 evaluation metrics: {'train_loss': 0.18924576319309314, 'test_acc': 52.71}
2025-05-12 10:25:43,297 - INFO - fl - start - start client 8 training
2025-05-12 10:25:43,297 - INFO - fl - client_local_train - client 8 start local training ...
2025-05-12 10:25:50,088 - INFO - fl - start - end client 8 training
2025-05-12 10:25:50,089 - INFO - fl - start - client 8 evaluation metrics: {'train_loss': 0.13238752210386714, 'test_acc': 52.8}
2025-05-12 10:25:50,089 - INFO - fl - start - start client 9 training
2025-05-12 10:25:50,089 - INFO - fl - client_local_train - client 9 start local training ...
2025-05-12 10:25:55,465 - INFO - fl - start - end client 9 training
2025-05-12 10:25:55,465 - INFO - fl - start - client 9 evaluation metrics: {'train_loss': 0.5368446266772796, 'test_acc': 26.89}
2025-05-12 10:25:55,465 - INFO - fl - aggregate_model - start model aggregation...fusion method: dual_defense
2025-05-12 10:25:55,465 - INFO - fl - aggregate_model - start hyper-guard fusion with epsilon 0.01
2025-05-12 10:25:55,465 - INFO - fl - aggregate_model - round 3 attackers: [2, 3]
2025-05-12 10:26:06,306 - DEBUG - util_fusion - fusion_dual_defense - client 0 scores: {0: array([83.08997268]), 1: array([82.15444462]), 2: array([82.6540924]), 3: array([82.44201528]), 4: array([83.16694177]), 5: array([82.10288133]), 6: array([82.89821075]), 7: array([82.02751075]), 8: array([82.41450485]), 9: array([83.17740742])}
2025-05-12 10:26:06,307 - DEBUG - util_fusion - fusion_dual_defense - client 0 norm scores: {0: array([0.92396296]), 1: array([0.1103872]), 2: array([0.54490257]), 3: array([0.36047111]), 4: array([0.99089862]), 5: array([0.06554553]), 6: array([0.75719847]), 7: array([0.]), 8: array([0.33654685]), 9: array([1.])}
2025-05-12 10:26:06,307 - DEBUG - util_fusion - fusion_dual_defense - client 0 similarity threshold: 0.5089913300850547
2025-05-12 10:26:06,307 - INFO - util_fusion - fusion_dual_defense - client 0 selected fusion benigns: [0, 2, 4, 6, 9]
2025-05-12 10:26:06,315 - DEBUG - util_fusion - fusion_dual_defense - client 1 scores: {0: array([83.08997268]), 1: array([82.15444462]), 2: array([82.6540924]), 3: array([82.44201528]), 4: array([83.16694177]), 5: array([82.10288133]), 6: array([82.89821075]), 7: array([82.02751075]), 8: array([82.41450485]), 9: array([83.17740742])}
2025-05-12 10:26:06,316 - DEBUG - util_fusion - fusion_dual_defense - client 1 norm scores: {0: array([0.92396296]), 1: array([0.1103872]), 2: array([0.54490257]), 3: array([0.36047111]), 4: array([0.99089862]), 5: array([0.06554553]), 6: array([0.75719847]), 7: array([0.]), 8: array([0.33654685]), 9: array([1.])}
2025-05-12 10:26:06,316 - DEBUG - util_fusion - fusion_dual_defense - client 1 similarity threshold: 0.5089913300850547
2025-05-12 10:26:06,316 - INFO - util_fusion - fusion_dual_defense - client 1 selected fusion benigns: [0, 2, 4, 6, 9]
2025-05-12 10:26:06,324 - DEBUG - util_fusion - fusion_dual_defense - client 2 scores: {0: array([83.08997268]), 1: array([82.15444462]), 2: array([82.6540924]), 3: array([82.44201528]), 4: array([83.16694177]), 5: array([82.10288133]), 6: array([82.89821075]), 7: array([82.02751075]), 8: array([82.41450485]), 9: array([83.17740742])}
2025-05-12 10:26:06,325 - DEBUG - util_fusion - fusion_dual_defense - client 2 norm scores: {0: array([0.92396296]), 1: array([0.1103872]), 2: array([0.54490257]), 3: array([0.36047111]), 4: array([0.99089862]), 5: array([0.06554553]), 6: array([0.75719847]), 7: array([0.]), 8: array([0.33654685]), 9: array([1.])}
2025-05-12 10:26:06,325 - DEBUG - util_fusion - fusion_dual_defense - client 2 similarity threshold: 0.5089913300850547
2025-05-12 10:26:06,325 - INFO - util_fusion - fusion_dual_defense - client 2 selected fusion benigns: [0, 2, 4, 6, 9]
2025-05-12 10:26:06,333 - DEBUG - util_fusion - fusion_dual_defense - client 3 scores: {0: array([83.08997268]), 1: array([82.15444462]), 2: array([82.6540924]), 3: array([82.44201528]), 4: array([83.16694177]), 5: array([82.10288133]), 6: array([82.89821075]), 7: array([82.02751075]), 8: array([82.41450485]), 9: array([83.17740742])}
2025-05-12 10:26:06,334 - DEBUG - util_fusion - fusion_dual_defense - client 3 norm scores: {0: array([0.92396296]), 1: array([0.1103872]), 2: array([0.54490257]), 3: array([0.36047111]), 4: array([0.99089862]), 5: array([0.06554553]), 6: array([0.75719847]), 7: array([0.]), 8: array([0.33654685]), 9: array([1.])}
2025-05-12 10:26:06,334 - DEBUG - util_fusion - fusion_dual_defense - client 3 similarity threshold: 0.5089913300850547
2025-05-12 10:26:06,334 - INFO - util_fusion - fusion_dual_defense - client 3 selected fusion benigns: [0, 2, 4, 6, 9]
2025-05-12 10:26:06,342 - DEBUG - util_fusion - fusion_dual_defense - client 4 scores: {0: array([83.08997268]), 1: array([82.15444462]), 2: array([82.6540924]), 3: array([82.44201528]), 4: array([83.16694177]), 5: array([82.10288133]), 6: array([82.89821075]), 7: array([82.02751075]), 8: array([82.41450485]), 9: array([83.17740742])}
2025-05-12 10:26:06,343 - DEBUG - util_fusion - fusion_dual_defense - client 4 norm scores: {0: array([0.92396296]), 1: array([0.1103872]), 2: array([0.54490257]), 3: array([0.36047111]), 4: array([0.99089862]), 5: array([0.06554553]), 6: array([0.75719847]), 7: array([0.]), 8: array([0.33654685]), 9: array([1.])}
2025-05-12 10:26:06,343 - DEBUG - util_fusion - fusion_dual_defense - client 4 similarity threshold: 0.5089913300850547
2025-05-12 10:26:06,343 - INFO - util_fusion - fusion_dual_defense - client 4 selected fusion benigns: [0, 2, 4, 6, 9]
2025-05-12 10:26:06,351 - DEBUG - util_fusion - fusion_dual_defense - client 5 scores: {0: array([83.08997268]), 1: array([82.15444462]), 2: array([82.6540924]), 3: array([82.44201528]), 4: array([83.16694177]), 5: array([82.10288133]), 6: array([82.89821075]), 7: array([82.02751075]), 8: array([82.41450485]), 9: array([83.17740742])}
2025-05-12 10:26:06,352 - DEBUG - util_fusion - fusion_dual_defense - client 5 norm scores: {0: array([0.92396296]), 1: array([0.1103872]), 2: array([0.54490257]), 3: array([0.36047111]), 4: array([0.99089862]), 5: array([0.06554553]), 6: array([0.75719847]), 7: array([0.]), 8: array([0.33654685]), 9: array([1.])}
2025-05-12 10:26:06,352 - DEBUG - util_fusion - fusion_dual_defense - client 5 similarity threshold: 0.5089913300850547
2025-05-12 10:26:06,352 - INFO - util_fusion - fusion_dual_defense - client 5 selected fusion benigns: [0, 2, 4, 6, 9]
2025-05-12 10:26:06,361 - DEBUG - util_fusion - fusion_dual_defense - client 6 scores: {0: array([83.08997268]), 1: array([82.15444462]), 2: array([82.6540924]), 3: array([82.44201528]), 4: array([83.16694177]), 5: array([82.10288133]), 6: array([82.89821075]), 7: array([82.02751075]), 8: array([82.41450485]), 9: array([83.17740742])}
2025-05-12 10:26:06,361 - DEBUG - util_fusion - fusion_dual_defense - client 6 norm scores: {0: array([0.92396296]), 1: array([0.1103872]), 2: array([0.54490257]), 3: array([0.36047111]), 4: array([0.99089862]), 5: array([0.06554553]), 6: array([0.75719847]), 7: array([0.]), 8: array([0.33654685]), 9: array([1.])}
2025-05-12 10:26:06,361 - DEBUG - util_fusion - fusion_dual_defense - client 6 similarity threshold: 0.5089913300850547
2025-05-12 10:26:06,361 - INFO - util_fusion - fusion_dual_defense - client 6 selected fusion benigns: [0, 2, 4, 6, 9]
2025-05-12 10:26:06,370 - DEBUG - util_fusion - fusion_dual_defense - client 7 scores: {0: array([83.08997268]), 1: array([82.15444462]), 2: array([82.6540924]), 3: array([82.44201528]), 4: array([83.16694177]), 5: array([82.10288133]), 6: array([82.89821075]), 7: array([82.02751075]), 8: array([82.41450485]), 9: array([83.17740742])}
2025-05-12 10:26:06,370 - DEBUG - util_fusion - fusion_dual_defense - client 7 norm scores: {0: array([0.92396296]), 1: array([0.1103872]), 2: array([0.54490257]), 3: array([0.36047111]), 4: array([0.99089862]), 5: array([0.06554553]), 6: array([0.75719847]), 7: array([0.]), 8: array([0.33654685]), 9: array([1.])}
2025-05-12 10:26:06,370 - DEBUG - util_fusion - fusion_dual_defense - client 7 similarity threshold: 0.5089913300850547
2025-05-12 10:26:06,370 - INFO - util_fusion - fusion_dual_defense - client 7 selected fusion benigns: [0, 2, 4, 6, 9]
2025-05-12 10:26:06,379 - DEBUG - util_fusion - fusion_dual_defense - client 8 scores: {0: array([83.08997268]), 1: array([82.15444462]), 2: array([82.6540924]), 3: array([82.44201528]), 4: array([83.16694177]), 5: array([82.10288133]), 6: array([82.89821075]), 7: array([82.02751075]), 8: array([82.41450485]), 9: array([83.17740742])}
2025-05-12 10:26:06,379 - DEBUG - util_fusion - fusion_dual_defense - client 8 norm scores: {0: array([0.92396296]), 1: array([0.1103872]), 2: array([0.54490257]), 3: array([0.36047111]), 4: array([0.99089862]), 5: array([0.06554553]), 6: array([0.75719847]), 7: array([0.]), 8: array([0.33654685]), 9: array([1.])}
2025-05-12 10:26:06,379 - DEBUG - util_fusion - fusion_dual_defense - client 8 similarity threshold: 0.5089913300850547
2025-05-12 10:26:06,379 - INFO - util_fusion - fusion_dual_defense - client 8 selected fusion benigns: [0, 2, 4, 6, 9]
2025-05-12 10:26:06,388 - DEBUG - util_fusion - fusion_dual_defense - client 9 scores: {0: array([83.08997268]), 1: array([82.15444462]), 2: array([82.6540924]), 3: array([82.44201528]), 4: array([83.16694177]), 5: array([82.10288133]), 6: array([82.89821075]), 7: array([82.02751075]), 8: array([82.41450485]), 9: array([83.17740742])}
2025-05-12 10:26:06,388 - DEBUG - util_fusion - fusion_dual_defense - client 9 norm scores: {0: array([0.92396296]), 1: array([0.1103872]), 2: array([0.54490257]), 3: array([0.36047111]), 4: array([0.99089862]), 5: array([0.06554553]), 6: array([0.75719847]), 7: array([0.]), 8: array([0.33654685]), 9: array([1.])}
2025-05-12 10:26:06,388 - DEBUG - util_fusion - fusion_dual_defense - client 9 similarity threshold: 0.5089913300850547
2025-05-12 10:26:06,389 - INFO - util_fusion - fusion_dual_defense - client 9 selected fusion benigns: [0, 2, 4, 6, 9]
2025-05-12 10:26:06,389 - DEBUG - util_fusion - fusion_dual_defense - final fusion benigns: (0, 2, 4, 6, 9)
2025-05-12 10:26:08,089 - INFO - fl - start - global side -  test accuracy: 59.75
2025-05-12 10:26:08,089 - INFO - fl - start - global side iteration 3 -  test accuracy: 59.75
2025-05-12 10:26:08,089 - INFO - fl - start - start training round 4
2025-05-12 10:26:08,091 - INFO - fl - start - round 4 attackers: [2, 1]
2025-05-12 10:26:08,091 - INFO - fl - start - start client 0 training
2025-05-12 10:26:08,091 - INFO - fl - client_local_train - client 0 start local training ...
2025-05-12 10:26:13,594 - INFO - fl - start - end client 0 training
2025-05-12 10:26:13,594 - INFO - fl - start - client 0 evaluation metrics: {'train_loss': 1.4118293640660304, 'test_acc': 10.28}
2025-05-12 10:26:13,594 - INFO - fl - start - start client 1 training
2025-05-12 10:26:13,594 - INFO - fl - client_local_train - client 1 start local training ...
2025-05-12 10:26:15,510 - INFO - fl - client_local_train - client 1 is attacker, start poisoning model
2025-05-12 10:26:19,210 - INFO - fl - start - end client 1 training
2025-05-12 10:26:19,210 - INFO - fl - start - client 1 evaluation metrics: {'train_loss': 1.8200056707036907, 'test_acc': 10.09}
2025-05-12 10:26:19,210 - INFO - fl - start - start client 2 training
2025-05-12 10:26:19,210 - INFO - fl - client_local_train - client 2 start local training ...
2025-05-12 10:26:21,396 - INFO - fl - client_local_train - client 2 is attacker, start poisoning model
2025-05-12 10:26:25,260 - INFO - fl - start - end client 2 training
2025-05-12 10:26:25,260 - INFO - fl - start - client 2 evaluation metrics: {'train_loss': 5.415474604157841, 'test_acc': 9.85}
2025-05-12 10:26:25,260 - INFO - fl - start - start client 3 training
2025-05-12 10:26:25,260 - INFO - fl - client_local_train - client 3 start local training ...
2025-05-12 10:26:29,248 - INFO - fl - start - end client 3 training
2025-05-12 10:26:29,249 - INFO - fl - start - client 3 evaluation metrics: {'train_loss': 1.555172534659505, 'test_acc': 11.78}
2025-05-12 10:26:29,249 - INFO - fl - start - start client 4 training
2025-05-12 10:26:29,249 - INFO - fl - client_local_train - client 4 start local training ...
2025-05-12 10:26:36,033 - INFO - fl - start - end client 4 training
2025-05-12 10:26:36,033 - INFO - fl - start - client 4 evaluation metrics: {'train_loss': 1.356449833421996, 'test_acc': 11.35}
2025-05-12 10:26:36,033 - INFO - fl - start - start client 5 training
2025-05-12 10:26:36,033 - INFO - fl - client_local_train - client 5 start local training ...
2025-05-12 10:26:38,875 - INFO - fl - start - end client 5 training
2025-05-12 10:26:38,875 - INFO - fl - start - client 5 evaluation metrics: {'train_loss': 1.7777579539530985, 'test_acc': 10.09}
2025-05-12 10:26:38,875 - INFO - fl - start - start client 6 training
2025-05-12 10:26:38,875 - INFO - fl - client_local_train - client 6 start local training ...
2025-05-12 10:26:45,001 - INFO - fl - start - end client 6 training
2025-05-12 10:26:45,001 - INFO - fl - start - client 6 evaluation metrics: {'train_loss': 1.3956643466291756, 'test_acc': 9.8}
2025-05-12 10:26:45,001 - INFO - fl - start - start client 7 training
2025-05-12 10:26:45,001 - INFO - fl - client_local_train - client 7 start local training ...
2025-05-12 10:26:51,837 - INFO - fl - start - end client 7 training
2025-05-12 10:26:51,837 - INFO - fl - start - client 7 evaluation metrics: {'train_loss': 1.2792574878948837, 'test_acc': 10.11}
2025-05-12 10:26:51,837 - INFO - fl - start - start client 8 training
2025-05-12 10:26:51,837 - INFO - fl - client_local_train - client 8 start local training ...
2025-05-12 10:26:58,625 - INFO - fl - start - end client 8 training
2025-05-12 10:26:58,625 - INFO - fl - start - client 8 evaluation metrics: {'train_loss': 1.2864481268968797, 'test_acc': 9.58}
2025-05-12 10:26:58,625 - INFO - fl - start - start client 9 training
2025-05-12 10:26:58,625 - INFO - fl - client_local_train - client 9 start local training ...
2025-05-12 10:27:03,972 - INFO - fl - start - end client 9 training
2025-05-12 10:27:03,972 - INFO - fl - start - client 9 evaluation metrics: {'train_loss': 1.3580258367012958, 'test_acc': 10.32}
2025-05-12 10:27:03,972 - INFO - fl - aggregate_model - start model aggregation...fusion method: dual_defense
2025-05-12 10:27:03,972 - INFO - fl - aggregate_model - start hyper-guard fusion with epsilon 0.01
2025-05-12 10:27:03,972 - INFO - fl - aggregate_model - round 4 attackers: [1, 2]
2025-05-12 10:27:14,796 - DEBUG - util_fusion - fusion_dual_defense - client 0 scores: {0: array([276.17172613]), 1: array([275.68115706]), 2: array([275.6277537]), 3: array([275.24570711]), 4: array([274.21531674]), 5: array([275.08180315]), 6: array([275.20170451]), 7: array([270.87305971]), 8: array([275.19207593]), 9: array([275.7701566])}
2025-05-12 10:27:14,797 - DEBUG - util_fusion - fusion_dual_defense - client 0 norm scores: {0: array([1.]), 1: array([0.9074165]), 2: array([0.89733786]), 3: array([0.82523546]), 4: array([0.63077325]), 5: array([0.7943024]), 6: array([0.81693099]), 7: array([0.]), 8: array([0.81511382]), 9: array([0.92421309])}
2025-05-12 10:27:14,797 - DEBUG - util_fusion - fusion_dual_defense - client 0 similarity threshold: 0.7611323360264679
2025-05-12 10:27:14,797 - INFO - util_fusion - fusion_dual_defense - client 0 selected fusion benigns: [0, 1, 2, 3, 5, 6, 8, 9]
2025-05-12 10:27:14,805 - DEBUG - util_fusion - fusion_dual_defense - client 1 scores: {0: array([276.17172613]), 1: array([275.68115706]), 2: array([275.6277537]), 3: array([275.24570711]), 4: array([274.21531674]), 5: array([275.08180315]), 6: array([275.20170451]), 7: array([270.87305971]), 8: array([275.19207593]), 9: array([275.7701566])}
2025-05-12 10:27:14,806 - DEBUG - util_fusion - fusion_dual_defense - client 1 norm scores: {0: array([1.]), 1: array([0.9074165]), 2: array([0.89733786]), 3: array([0.82523546]), 4: array([0.63077325]), 5: array([0.7943024]), 6: array([0.81693099]), 7: array([0.]), 8: array([0.81511382]), 9: array([0.92421309])}
2025-05-12 10:27:14,806 - DEBUG - util_fusion - fusion_dual_defense - client 1 similarity threshold: 0.7611323360264679
2025-05-12 10:27:14,806 - INFO - util_fusion - fusion_dual_defense - client 1 selected fusion benigns: [0, 1, 2, 3, 5, 6, 8, 9]
2025-05-12 10:27:14,814 - DEBUG - util_fusion - fusion_dual_defense - client 2 scores: {0: array([276.17172613]), 1: array([275.68115706]), 2: array([275.6277537]), 3: array([275.24570711]), 4: array([274.21531674]), 5: array([275.08180315]), 6: array([275.20170451]), 7: array([270.87305971]), 8: array([275.19207593]), 9: array([275.7701566])}
2025-05-12 10:27:14,815 - DEBUG - util_fusion - fusion_dual_defense - client 2 norm scores: {0: array([1.]), 1: array([0.9074165]), 2: array([0.89733786]), 3: array([0.82523546]), 4: array([0.63077325]), 5: array([0.7943024]), 6: array([0.81693099]), 7: array([0.]), 8: array([0.81511382]), 9: array([0.92421309])}
2025-05-12 10:27:14,815 - DEBUG - util_fusion - fusion_dual_defense - client 2 similarity threshold: 0.7611323360264679
2025-05-12 10:27:14,815 - INFO - util_fusion - fusion_dual_defense - client 2 selected fusion benigns: [0, 1, 2, 3, 5, 6, 8, 9]
2025-05-12 10:27:14,823 - DEBUG - util_fusion - fusion_dual_defense - client 3 scores: {0: array([276.17172613]), 1: array([275.68115706]), 2: array([275.6277537]), 3: array([275.24570711]), 4: array([274.21531674]), 5: array([275.08180315]), 6: array([275.20170451]), 7: array([270.87305971]), 8: array([275.19207593]), 9: array([275.7701566])}
2025-05-12 10:27:14,824 - DEBUG - util_fusion - fusion_dual_defense - client 3 norm scores: {0: array([1.]), 1: array([0.9074165]), 2: array([0.89733786]), 3: array([0.82523546]), 4: array([0.63077325]), 5: array([0.7943024]), 6: array([0.81693099]), 7: array([0.]), 8: array([0.81511382]), 9: array([0.92421309])}
2025-05-12 10:27:14,824 - DEBUG - util_fusion - fusion_dual_defense - client 3 similarity threshold: 0.7611323360264679
2025-05-12 10:27:14,824 - INFO - util_fusion - fusion_dual_defense - client 3 selected fusion benigns: [0, 1, 2, 3, 5, 6, 8, 9]
2025-05-12 10:27:14,832 - DEBUG - util_fusion - fusion_dual_defense - client 4 scores: {0: array([276.17172613]), 1: array([275.68115706]), 2: array([275.6277537]), 3: array([275.24570711]), 4: array([274.21531674]), 5: array([275.08180315]), 6: array([275.20170451]), 7: array([270.87305971]), 8: array([275.19207593]), 9: array([275.7701566])}
2025-05-12 10:27:14,833 - DEBUG - util_fusion - fusion_dual_defense - client 4 norm scores: {0: array([1.]), 1: array([0.9074165]), 2: array([0.89733786]), 3: array([0.82523546]), 4: array([0.63077325]), 5: array([0.7943024]), 6: array([0.81693099]), 7: array([0.]), 8: array([0.81511382]), 9: array([0.92421309])}
2025-05-12 10:27:14,833 - DEBUG - util_fusion - fusion_dual_defense - client 4 similarity threshold: 0.7611323360264679
2025-05-12 10:27:14,833 - INFO - util_fusion - fusion_dual_defense - client 4 selected fusion benigns: [0, 1, 2, 3, 5, 6, 8, 9]
2025-05-12 10:27:14,841 - DEBUG - util_fusion - fusion_dual_defense - client 5 scores: {0: array([276.17172613]), 1: array([275.68115706]), 2: array([275.6277537]), 3: array([275.24570711]), 4: array([274.21531674]), 5: array([275.08180315]), 6: array([275.20170451]), 7: array([270.87305971]), 8: array([275.19207593]), 9: array([275.7701566])}
2025-05-12 10:27:14,842 - DEBUG - util_fusion - fusion_dual_defense - client 5 norm scores: {0: array([1.]), 1: array([0.9074165]), 2: array([0.89733786]), 3: array([0.82523546]), 4: array([0.63077325]), 5: array([0.7943024]), 6: array([0.81693099]), 7: array([0.]), 8: array([0.81511382]), 9: array([0.92421309])}
2025-05-12 10:27:14,842 - DEBUG - util_fusion - fusion_dual_defense - client 5 similarity threshold: 0.7611323360264679
2025-05-12 10:27:14,842 - INFO - util_fusion - fusion_dual_defense - client 5 selected fusion benigns: [0, 1, 2, 3, 5, 6, 8, 9]
2025-05-12 10:27:14,851 - DEBUG - util_fusion - fusion_dual_defense - client 6 scores: {0: array([276.17172613]), 1: array([275.68115706]), 2: array([275.6277537]), 3: array([275.24570711]), 4: array([274.21531674]), 5: array([275.08180315]), 6: array([275.20170451]), 7: array([270.87305971]), 8: array([275.19207593]), 9: array([275.7701566])}
2025-05-12 10:27:14,851 - DEBUG - util_fusion - fusion_dual_defense - client 6 norm scores: {0: array([1.]), 1: array([0.9074165]), 2: array([0.89733786]), 3: array([0.82523546]), 4: array([0.63077325]), 5: array([0.7943024]), 6: array([0.81693099]), 7: array([0.]), 8: array([0.81511382]), 9: array([0.92421309])}
2025-05-12 10:27:14,851 - DEBUG - util_fusion - fusion_dual_defense - client 6 similarity threshold: 0.7611323360264679
2025-05-12 10:27:14,851 - INFO - util_fusion - fusion_dual_defense - client 6 selected fusion benigns: [0, 1, 2, 3, 5, 6, 8, 9]
2025-05-12 10:27:14,860 - DEBUG - util_fusion - fusion_dual_defense - client 7 scores: {0: array([276.17172613]), 1: array([275.68115706]), 2: array([275.6277537]), 3: array([275.24570711]), 4: array([274.21531674]), 5: array([275.08180315]), 6: array([275.20170451]), 7: array([270.87305971]), 8: array([275.19207593]), 9: array([275.7701566])}
2025-05-12 10:27:14,860 - DEBUG - util_fusion - fusion_dual_defense - client 7 norm scores: {0: array([1.]), 1: array([0.9074165]), 2: array([0.89733786]), 3: array([0.82523546]), 4: array([0.63077325]), 5: array([0.7943024]), 6: array([0.81693099]), 7: array([0.]), 8: array([0.81511382]), 9: array([0.92421309])}
2025-05-12 10:27:14,860 - DEBUG - util_fusion - fusion_dual_defense - client 7 similarity threshold: 0.7611323360264679
2025-05-12 10:27:14,860 - INFO - util_fusion - fusion_dual_defense - client 7 selected fusion benigns: [0, 1, 2, 3, 5, 6, 8, 9]
2025-05-12 10:27:14,869 - DEBUG - util_fusion - fusion_dual_defense - client 8 scores: {0: array([276.17172613]), 1: array([275.68115706]), 2: array([275.6277537]), 3: array([275.24570711]), 4: array([274.21531674]), 5: array([275.08180315]), 6: array([275.20170451]), 7: array([270.87305971]), 8: array([275.19207593]), 9: array([275.7701566])}
2025-05-12 10:27:14,869 - DEBUG - util_fusion - fusion_dual_defense - client 8 norm scores: {0: array([1.]), 1: array([0.9074165]), 2: array([0.89733786]), 3: array([0.82523546]), 4: array([0.63077325]), 5: array([0.7943024]), 6: array([0.81693099]), 7: array([0.]), 8: array([0.81511382]), 9: array([0.92421309])}
2025-05-12 10:27:14,869 - DEBUG - util_fusion - fusion_dual_defense - client 8 similarity threshold: 0.7611323360264679
2025-05-12 10:27:14,870 - INFO - util_fusion - fusion_dual_defense - client 8 selected fusion benigns: [0, 1, 2, 3, 5, 6, 8, 9]
2025-05-12 10:27:14,878 - DEBUG - util_fusion - fusion_dual_defense - client 9 scores: {0: array([276.17172613]), 1: array([275.68115706]), 2: array([275.6277537]), 3: array([275.24570711]), 4: array([274.21531674]), 5: array([275.08180315]), 6: array([275.20170451]), 7: array([270.87305971]), 8: array([275.19207593]), 9: array([275.7701566])}
2025-05-12 10:27:14,878 - DEBUG - util_fusion - fusion_dual_defense - client 9 norm scores: {0: array([1.]), 1: array([0.9074165]), 2: array([0.89733786]), 3: array([0.82523546]), 4: array([0.63077325]), 5: array([0.7943024]), 6: array([0.81693099]), 7: array([0.]), 8: array([0.81511382]), 9: array([0.92421309])}
2025-05-12 10:27:14,879 - DEBUG - util_fusion - fusion_dual_defense - client 9 similarity threshold: 0.7611323360264679
2025-05-12 10:27:14,879 - INFO - util_fusion - fusion_dual_defense - client 9 selected fusion benigns: [0, 1, 2, 3, 5, 6, 8, 9]
2025-05-12 10:27:14,879 - DEBUG - util_fusion - fusion_dual_defense - final fusion benigns: (0, 1, 2, 3, 5, 6, 8, 9)
2025-05-12 10:27:16,751 - INFO - fl - start - global side -  test accuracy: 10.09
2025-05-12 10:27:16,751 - INFO - fl - start - global side iteration 4 -  test accuracy: 10.09
2025-05-12 10:27:16,751 - INFO - fl - start - start training round 5
2025-05-12 10:27:16,753 - INFO - fl - start - round 5 attackers: [7, 9]
2025-05-12 10:27:16,753 - INFO - fl - start - start client 0 training
2025-05-12 10:27:16,753 - INFO - fl - client_local_train - client 0 start local training ...
2025-05-12 10:27:22,276 - INFO - fl - start - end client 0 training
2025-05-12 10:27:22,276 - INFO - fl - start - client 0 evaluation metrics: {'train_loss': 1.5476504704531502, 'test_acc': 9.82}
2025-05-12 10:27:22,277 - INFO - fl - start - start client 1 training
2025-05-12 10:27:22,277 - INFO - fl - client_local_train - client 1 start local training ...
2025-05-12 10:27:26,028 - INFO - fl - start - end client 1 training
2025-05-12 10:27:26,028 - INFO - fl - start - client 1 evaluation metrics: {'train_loss': 0.8641356486698677, 'test_acc': 10.09}
2025-05-12 10:27:26,028 - INFO - fl - start - start client 2 training
2025-05-12 10:27:26,028 - INFO - fl - client_local_train - client 2 start local training ...
2025-05-12 10:27:30,165 - INFO - fl - start - end client 2 training
2025-05-12 10:27:30,165 - INFO - fl - start - client 2 evaluation metrics: {'train_loss': 1.7170125964809866, 'test_acc': 9.74}
2025-05-12 10:27:30,165 - INFO - fl - start - start client 3 training
2025-05-12 10:27:30,165 - INFO - fl - client_local_train - client 3 start local training ...
2025-05-12 10:27:34,152 - INFO - fl - start - end client 3 training
2025-05-12 10:27:34,152 - INFO - fl - start - client 3 evaluation metrics: {'train_loss': 1.584019998088479, 'test_acc': 9.82}
2025-05-12 10:27:34,152 - INFO - fl - start - start client 4 training
2025-05-12 10:27:34,152 - INFO - fl - client_local_train - client 4 start local training ...
2025-05-12 10:27:40,935 - INFO - fl - start - end client 4 training
2025-05-12 10:27:40,936 - INFO - fl - start - client 4 evaluation metrics: {'train_loss': 1.3771237857414014, 'test_acc': 11.35}
2025-05-12 10:27:40,936 - INFO - fl - start - start client 5 training
2025-05-12 10:27:40,936 - INFO - fl - client_local_train - client 5 start local training ...
2025-05-12 10:27:43,778 - INFO - fl - start - end client 5 training
2025-05-12 10:27:43,778 - INFO - fl - start - client 5 evaluation metrics: {'train_loss': 1.9566450570080731, 'test_acc': 10.09}
2025-05-12 10:27:43,778 - INFO - fl - start - start client 6 training
2025-05-12 10:27:43,778 - INFO - fl - client_local_train - client 6 start local training ...
2025-05-12 10:27:49,886 - INFO - fl - start - end client 6 training
2025-05-12 10:27:49,886 - INFO - fl - start - client 6 evaluation metrics: {'train_loss': 1.4789653286851685, 'test_acc': 9.8}
2025-05-12 10:27:49,886 - INFO - fl - start - start client 7 training
2025-05-12 10:27:49,886 - INFO - fl - client_local_train - client 7 start local training ...
2025-05-12 10:27:54,216 - INFO - fl - client_local_train - client 7 is attacker, start poisoning model
2025-05-12 10:27:59,228 - INFO - fl - start - end client 7 training
2025-05-12 10:27:59,228 - INFO - fl - start - client 7 evaluation metrics: {'train_loss': 5.118755854777436, 'test_acc': 10.1}
2025-05-12 10:27:59,228 - INFO - fl - start - start client 8 training
2025-05-12 10:27:59,228 - INFO - fl - client_local_train - client 8 start local training ...
2025-05-12 10:28:06,067 - INFO - fl - start - end client 8 training
2025-05-12 10:28:06,067 - INFO - fl - start - client 8 evaluation metrics: {'train_loss': 1.286032027319858, 'test_acc': 9.58}
2025-05-12 10:28:06,067 - INFO - fl - start - start client 9 training
2025-05-12 10:28:06,067 - INFO - fl - client_local_train - client 9 start local training ...
2025-05-12 10:28:09,238 - INFO - fl - client_local_train - client 9 is attacker, start poisoning model
2025-05-12 10:28:13,615 - INFO - fl - start - end client 9 training
2025-05-12 10:28:13,615 - INFO - fl - start - client 9 evaluation metrics: {'train_loss': 3.9164331543202304, 'test_acc': 10.32}
2025-05-12 10:28:13,616 - INFO - fl - aggregate_model - start model aggregation...fusion method: dual_defense
2025-05-12 10:28:13,616 - INFO - fl - aggregate_model - start hyper-guard fusion with epsilon 0.01
2025-05-12 10:28:13,616 - INFO - fl - aggregate_model - round 5 attackers: [9, 7]
2025-05-12 10:28:24,435 - DEBUG - util_fusion - fusion_dual_defense - client 0 scores: {0: array([401.21125118]), 1: array([401.19969708]), 2: array([401.19977897]), 3: array([401.19970724]), 4: array([401.20097528]), 5: array([401.19950269]), 6: array([401.20034494]), 7: array([401.20056809]), 8: array([401.2005547]), 9: array([401.20018192])}
2025-05-12 10:28:24,435 - DEBUG - util_fusion - fusion_dual_defense - client 0 norm scores: {0: array([1.]), 1: array([0.01654616]), 2: array([0.02351608]), 3: array([0.01741051]), 4: array([0.12534239]), 5: array([0.]), 6: array([0.07168947]), 7: array([0.09068389]), 8: array([0.08954428]), 9: array([0.05781413])}
2025-05-12 10:28:24,436 - DEBUG - util_fusion - fusion_dual_defense - client 0 similarity threshold: 0.14925469010380735
2025-05-12 10:28:24,436 - INFO - util_fusion - fusion_dual_defense - client 0 selected fusion benigns: [0]
2025-05-12 10:28:24,444 - DEBUG - util_fusion - fusion_dual_defense - client 1 scores: {0: array([401.21125118]), 1: array([401.19969708]), 2: array([401.19977897]), 3: array([401.19970724]), 4: array([401.20097528]), 5: array([401.19950269]), 6: array([401.20034494]), 7: array([401.20056809]), 8: array([401.2005547]), 9: array([401.20018192])}
2025-05-12 10:28:24,445 - DEBUG - util_fusion - fusion_dual_defense - client 1 norm scores: {0: array([1.]), 1: array([0.01654616]), 2: array([0.02351608]), 3: array([0.01741051]), 4: array([0.12534239]), 5: array([0.]), 6: array([0.07168947]), 7: array([0.09068389]), 8: array([0.08954428]), 9: array([0.05781413])}
2025-05-12 10:28:24,445 - DEBUG - util_fusion - fusion_dual_defense - client 1 similarity threshold: 0.14925469010380735
2025-05-12 10:28:24,445 - INFO - util_fusion - fusion_dual_defense - client 1 selected fusion benigns: [0]
2025-05-12 10:28:24,455 - DEBUG - util_fusion - fusion_dual_defense - client 2 scores: {0: array([401.21125118]), 1: array([401.19969708]), 2: array([401.19977897]), 3: array([401.19970724]), 4: array([401.20097528]), 5: array([401.19950269]), 6: array([401.20034494]), 7: array([401.20056809]), 8: array([401.2005547]), 9: array([401.20018192])}
2025-05-12 10:28:24,456 - DEBUG - util_fusion - fusion_dual_defense - client 2 norm scores: {0: array([1.]), 1: array([0.01654616]), 2: array([0.02351608]), 3: array([0.01741051]), 4: array([0.12534239]), 5: array([0.]), 6: array([0.07168947]), 7: array([0.09068389]), 8: array([0.08954428]), 9: array([0.05781413])}
2025-05-12 10:28:24,456 - DEBUG - util_fusion - fusion_dual_defense - client 2 similarity threshold: 0.14925469010380735
2025-05-12 10:28:24,456 - INFO - util_fusion - fusion_dual_defense - client 2 selected fusion benigns: [0]
2025-05-12 10:28:24,464 - DEBUG - util_fusion - fusion_dual_defense - client 3 scores: {0: array([401.21125118]), 1: array([401.19969708]), 2: array([401.19977897]), 3: array([401.19970724]), 4: array([401.20097528]), 5: array([401.19950269]), 6: array([401.20034494]), 7: array([401.20056809]), 8: array([401.2005547]), 9: array([401.20018192])}
2025-05-12 10:28:24,465 - DEBUG - util_fusion - fusion_dual_defense - client 3 norm scores: {0: array([1.]), 1: array([0.01654616]), 2: array([0.02351608]), 3: array([0.01741051]), 4: array([0.12534239]), 5: array([0.]), 6: array([0.07168947]), 7: array([0.09068389]), 8: array([0.08954428]), 9: array([0.05781413])}
2025-05-12 10:28:24,465 - DEBUG - util_fusion - fusion_dual_defense - client 3 similarity threshold: 0.14925469010380735
2025-05-12 10:28:24,465 - INFO - util_fusion - fusion_dual_defense - client 3 selected fusion benigns: [0]
2025-05-12 10:28:24,473 - DEBUG - util_fusion - fusion_dual_defense - client 4 scores: {0: array([401.21125118]), 1: array([401.19969708]), 2: array([401.19977897]), 3: array([401.19970724]), 4: array([401.20097528]), 5: array([401.19950269]), 6: array([401.20034494]), 7: array([401.20056809]), 8: array([401.2005547]), 9: array([401.20018192])}
2025-05-12 10:28:24,474 - DEBUG - util_fusion - fusion_dual_defense - client 4 norm scores: {0: array([1.]), 1: array([0.01654616]), 2: array([0.02351608]), 3: array([0.01741051]), 4: array([0.12534239]), 5: array([0.]), 6: array([0.07168947]), 7: array([0.09068389]), 8: array([0.08954428]), 9: array([0.05781413])}
2025-05-12 10:28:24,474 - DEBUG - util_fusion - fusion_dual_defense - client 4 similarity threshold: 0.14925469010380735
2025-05-12 10:28:24,474 - INFO - util_fusion - fusion_dual_defense - client 4 selected fusion benigns: [0]
2025-05-12 10:28:24,482 - DEBUG - util_fusion - fusion_dual_defense - client 5 scores: {0: array([401.21125118]), 1: array([401.19969708]), 2: array([401.19977897]), 3: array([401.19970724]), 4: array([401.20097528]), 5: array([401.19950269]), 6: array([401.20034494]), 7: array([401.20056809]), 8: array([401.2005547]), 9: array([401.20018192])}
2025-05-12 10:28:24,483 - DEBUG - util_fusion - fusion_dual_defense - client 5 norm scores: {0: array([1.]), 1: array([0.01654616]), 2: array([0.02351608]), 3: array([0.01741051]), 4: array([0.12534239]), 5: array([0.]), 6: array([0.07168947]), 7: array([0.09068389]), 8: array([0.08954428]), 9: array([0.05781413])}
2025-05-12 10:28:24,483 - DEBUG - util_fusion - fusion_dual_defense - client 5 similarity threshold: 0.14925469010380735
2025-05-12 10:28:24,483 - INFO - util_fusion - fusion_dual_defense - client 5 selected fusion benigns: [0]
2025-05-12 10:28:24,491 - DEBUG - util_fusion - fusion_dual_defense - client 6 scores: {0: array([401.21125118]), 1: array([401.19969708]), 2: array([401.19977897]), 3: array([401.19970724]), 4: array([401.20097528]), 5: array([401.19950269]), 6: array([401.20034494]), 7: array([401.20056809]), 8: array([401.2005547]), 9: array([401.20018192])}
2025-05-12 10:28:24,492 - DEBUG - util_fusion - fusion_dual_defense - client 6 norm scores: {0: array([1.]), 1: array([0.01654616]), 2: array([0.02351608]), 3: array([0.01741051]), 4: array([0.12534239]), 5: array([0.]), 6: array([0.07168947]), 7: array([0.09068389]), 8: array([0.08954428]), 9: array([0.05781413])}
2025-05-12 10:28:24,492 - DEBUG - util_fusion - fusion_dual_defense - client 6 similarity threshold: 0.14925469010380735
2025-05-12 10:28:24,492 - INFO - util_fusion - fusion_dual_defense - client 6 selected fusion benigns: [0]
2025-05-12 10:28:24,500 - DEBUG - util_fusion - fusion_dual_defense - client 7 scores: {0: array([401.21125118]), 1: array([401.19969708]), 2: array([401.19977897]), 3: array([401.19970724]), 4: array([401.20097528]), 5: array([401.19950269]), 6: array([401.20034494]), 7: array([401.20056809]), 8: array([401.2005547]), 9: array([401.20018192])}
2025-05-12 10:28:24,501 - DEBUG - util_fusion - fusion_dual_defense - client 7 norm scores: {0: array([1.]), 1: array([0.01654616]), 2: array([0.02351608]), 3: array([0.01741051]), 4: array([0.12534239]), 5: array([0.]), 6: array([0.07168947]), 7: array([0.09068389]), 8: array([0.08954428]), 9: array([0.05781413])}
2025-05-12 10:28:24,501 - DEBUG - util_fusion - fusion_dual_defense - client 7 similarity threshold: 0.14925469010380735
2025-05-12 10:28:24,501 - INFO - util_fusion - fusion_dual_defense - client 7 selected fusion benigns: [0]
2025-05-12 10:28:24,509 - DEBUG - util_fusion - fusion_dual_defense - client 8 scores: {0: array([401.21125118]), 1: array([401.19969708]), 2: array([401.19977897]), 3: array([401.19970724]), 4: array([401.20097528]), 5: array([401.19950269]), 6: array([401.20034494]), 7: array([401.20056809]), 8: array([401.2005547]), 9: array([401.20018192])}
2025-05-12 10:28:24,510 - DEBUG - util_fusion - fusion_dual_defense - client 8 norm scores: {0: array([1.]), 1: array([0.01654616]), 2: array([0.02351608]), 3: array([0.01741051]), 4: array([0.12534239]), 5: array([0.]), 6: array([0.07168947]), 7: array([0.09068389]), 8: array([0.08954428]), 9: array([0.05781413])}
2025-05-12 10:28:24,510 - DEBUG - util_fusion - fusion_dual_defense - client 8 similarity threshold: 0.14925469010380735
2025-05-12 10:28:24,510 - INFO - util_fusion - fusion_dual_defense - client 8 selected fusion benigns: [0]
2025-05-12 10:28:24,518 - DEBUG - util_fusion - fusion_dual_defense - client 9 scores: {0: array([401.21125118]), 1: array([401.19969708]), 2: array([401.19977897]), 3: array([401.19970724]), 4: array([401.20097528]), 5: array([401.19950269]), 6: array([401.20034494]), 7: array([401.20056809]), 8: array([401.2005547]), 9: array([401.20018192])}
2025-05-12 10:28:24,519 - DEBUG - util_fusion - fusion_dual_defense - client 9 norm scores: {0: array([1.]), 1: array([0.01654616]), 2: array([0.02351608]), 3: array([0.01741051]), 4: array([0.12534239]), 5: array([0.]), 6: array([0.07168947]), 7: array([0.09068389]), 8: array([0.08954428]), 9: array([0.05781413])}
2025-05-12 10:28:24,519 - DEBUG - util_fusion - fusion_dual_defense - client 9 similarity threshold: 0.14925469010380735
2025-05-12 10:28:24,519 - INFO - util_fusion - fusion_dual_defense - client 9 selected fusion benigns: [0]
2025-05-12 10:28:24,519 - DEBUG - util_fusion - fusion_dual_defense - final fusion benigns: (0,)
2025-05-12 10:28:25,998 - INFO - fl - start - global side -  test accuracy: 9.82
2025-05-12 10:28:25,998 - INFO - fl - start - global side iteration 5 -  test accuracy: 9.82
2025-05-12 10:28:25,999 - INFO - fl - start - start training round 6
2025-05-12 10:28:26,001 - INFO - fl - start - round 6 attackers: [3, 9]
2025-05-12 10:28:26,001 - INFO - fl - start - start client 0 training
2025-05-12 10:28:26,001 - INFO - fl - client_local_train - client 0 start local training ...
2025-05-12 10:28:31,515 - INFO - fl - start - end client 0 training
2025-05-12 10:28:31,515 - INFO - fl - start - client 0 evaluation metrics: {'train_loss': 1.4462869202389437, 'test_acc': 9.82}
2025-05-12 10:28:31,515 - INFO - fl - start - start client 1 training
2025-05-12 10:28:31,515 - INFO - fl - client_local_train - client 1 start local training ...
2025-05-12 10:28:35,244 - INFO - fl - start - end client 1 training
2025-05-12 10:28:35,244 - INFO - fl - start - client 1 evaluation metrics: {'train_loss': 0.917302231336462, 'test_acc': 10.09}
2025-05-12 10:28:35,244 - INFO - fl - start - start client 2 training
2025-05-12 10:28:35,244 - INFO - fl - client_local_train - client 2 start local training ...
2025-05-12 10:28:39,386 - INFO - fl - start - end client 2 training
2025-05-12 10:28:39,386 - INFO - fl - start - client 2 evaluation metrics: {'train_loss': 1.6867323675576378, 'test_acc': 9.74}
2025-05-12 10:28:39,386 - INFO - fl - start - start client 3 training
2025-05-12 10:28:39,386 - INFO - fl - client_local_train - client 3 start local training ...
2025-05-12 10:28:41,462 - INFO - fl - client_local_train - client 3 is attacker, start poisoning model
2025-05-12 10:28:45,266 - INFO - fl - start - end client 3 training
2025-05-12 10:28:45,266 - INFO - fl - start - client 3 evaluation metrics: {'train_loss': 4.3818835616111755, 'test_acc': 9.82}
2025-05-12 10:28:45,266 - INFO - fl - start - start client 4 training
2025-05-12 10:28:45,266 - INFO - fl - client_local_train - client 4 start local training ...
2025-05-12 10:28:52,069 - INFO - fl - start - end client 4 training
2025-05-12 10:28:52,069 - INFO - fl - start - client 4 evaluation metrics: {'train_loss': 1.3534339756676645, 'test_acc': 11.35}
2025-05-12 10:28:52,069 - INFO - fl - start - start client 5 training
2025-05-12 10:28:52,069 - INFO - fl - client_local_train - client 5 start local training ...
2025-05-12 10:28:54,918 - INFO - fl - start - end client 5 training
2025-05-12 10:28:54,918 - INFO - fl - start - client 5 evaluation metrics: {'train_loss': 1.880897982700451, 'test_acc': 10.09}
2025-05-12 10:28:54,918 - INFO - fl - start - start client 6 training
2025-05-12 10:28:54,918 - INFO - fl - client_local_train - client 6 start local training ...
2025-05-12 10:29:01,017 - INFO - fl - start - end client 6 training
2025-05-12 10:29:01,017 - INFO - fl - start - client 6 evaluation metrics: {'train_loss': 1.4002000196226712, 'test_acc': 9.8}
2025-05-12 10:29:01,017 - INFO - fl - start - start client 7 training
2025-05-12 10:29:01,018 - INFO - fl - client_local_train - client 7 start local training ...
2025-05-12 10:29:07,854 - INFO - fl - start - end client 7 training
2025-05-12 10:29:07,854 - INFO - fl - start - client 7 evaluation metrics: {'train_loss': 1.2754274562223633, 'test_acc': 10.1}
2025-05-12 10:29:07,854 - INFO - fl - start - start client 8 training
2025-05-12 10:29:07,854 - INFO - fl - client_local_train - client 8 start local training ...
2025-05-12 10:29:14,644 - INFO - fl - start - end client 8 training
2025-05-12 10:29:14,644 - INFO - fl - start - client 8 evaluation metrics: {'train_loss': 1.2890508121117614, 'test_acc': 9.58}
2025-05-12 10:29:14,644 - INFO - fl - start - start client 9 training
2025-05-12 10:29:14,644 - INFO - fl - client_local_train - client 9 start local training ...
2025-05-12 10:29:17,797 - INFO - fl - client_local_train - client 9 is attacker, start poisoning model
2025-05-12 10:29:22,186 - INFO - fl - start - end client 9 training
2025-05-12 10:29:22,186 - INFO - fl - start - client 9 evaluation metrics: {'train_loss': 3.912845802550413, 'test_acc': 10.32}
2025-05-12 10:29:22,186 - INFO - fl - aggregate_model - start model aggregation...fusion method: dual_defense
2025-05-12 10:29:22,186 - INFO - fl - aggregate_model - start hyper-guard fusion with epsilon 0.01
2025-05-12 10:29:22,186 - INFO - fl - aggregate_model - round 6 attackers: [9, 3]
2025-05-12 10:29:33,029 - DEBUG - util_fusion - fusion_dual_defense - client 0 scores: {0: array([238.11450022]), 1: array([238.11450343]), 2: array([238.11457796]), 3: array([238.11454865]), 4: array([238.11442969]), 5: array([238.11432]), 6: array([238.1145158]), 7: array([238.15958239]), 8: array([238.11438995]), 9: array([238.11454447])}
2025-05-12 10:29:33,030 - DEBUG - util_fusion - fusion_dual_defense - client 0 norm scores: {0: array([0.00398179]), 1: array([0.00405261]), 2: array([0.00569936]), 3: array([0.00505173]), 4: array([0.00242361]), 5: array([0.]), 6: array([0.00432593]), 7: array([1.]), 8: array([0.00154542]), 9: array([0.00495934])}
2025-05-12 10:29:33,030 - DEBUG - util_fusion - fusion_dual_defense - client 0 similarity threshold: 0.10320397792642377
2025-05-12 10:29:33,030 - INFO - util_fusion - fusion_dual_defense - client 0 selected fusion benigns: [7]
2025-05-12 10:29:33,039 - DEBUG - util_fusion - fusion_dual_defense - client 1 scores: {0: array([238.11450022]), 1: array([238.11450343]), 2: array([238.11457796]), 3: array([238.11454865]), 4: array([238.11442969]), 5: array([238.11432]), 6: array([238.1145158]), 7: array([238.15958239]), 8: array([238.11438995]), 9: array([238.11454447])}
2025-05-12 10:29:33,039 - DEBUG - util_fusion - fusion_dual_defense - client 1 norm scores: {0: array([0.00398179]), 1: array([0.00405261]), 2: array([0.00569936]), 3: array([0.00505173]), 4: array([0.00242361]), 5: array([0.]), 6: array([0.00432593]), 7: array([1.]), 8: array([0.00154542]), 9: array([0.00495934])}
2025-05-12 10:29:33,039 - DEBUG - util_fusion - fusion_dual_defense - client 1 similarity threshold: 0.10320397792642377
2025-05-12 10:29:33,039 - INFO - util_fusion - fusion_dual_defense - client 1 selected fusion benigns: [7]
2025-05-12 10:29:33,048 - DEBUG - util_fusion - fusion_dual_defense - client 2 scores: {0: array([238.11450022]), 1: array([238.11450343]), 2: array([238.11457796]), 3: array([238.11454865]), 4: array([238.11442969]), 5: array([238.11432]), 6: array([238.1145158]), 7: array([238.15958239]), 8: array([238.11438995]), 9: array([238.11454447])}
2025-05-12 10:29:33,048 - DEBUG - util_fusion - fusion_dual_defense - client 2 norm scores: {0: array([0.00398179]), 1: array([0.00405261]), 2: array([0.00569936]), 3: array([0.00505173]), 4: array([0.00242361]), 5: array([0.]), 6: array([0.00432593]), 7: array([1.]), 8: array([0.00154542]), 9: array([0.00495934])}
2025-05-12 10:29:33,048 - DEBUG - util_fusion - fusion_dual_defense - client 2 similarity threshold: 0.10320397792642377
2025-05-12 10:29:33,048 - INFO - util_fusion - fusion_dual_defense - client 2 selected fusion benigns: [7]
2025-05-12 10:29:33,057 - DEBUG - util_fusion - fusion_dual_defense - client 3 scores: {0: array([238.11450022]), 1: array([238.11450343]), 2: array([238.11457796]), 3: array([238.11454865]), 4: array([238.11442969]), 5: array([238.11432]), 6: array([238.1145158]), 7: array([238.15958239]), 8: array([238.11438995]), 9: array([238.11454447])}
2025-05-12 10:29:33,057 - DEBUG - util_fusion - fusion_dual_defense - client 3 norm scores: {0: array([0.00398179]), 1: array([0.00405261]), 2: array([0.00569936]), 3: array([0.00505173]), 4: array([0.00242361]), 5: array([0.]), 6: array([0.00432593]), 7: array([1.]), 8: array([0.00154542]), 9: array([0.00495934])}
2025-05-12 10:29:33,057 - DEBUG - util_fusion - fusion_dual_defense - client 3 similarity threshold: 0.10320397792642377
2025-05-12 10:29:33,057 - INFO - util_fusion - fusion_dual_defense - client 3 selected fusion benigns: [7]
2025-05-12 10:29:33,066 - DEBUG - util_fusion - fusion_dual_defense - client 4 scores: {0: array([238.11450022]), 1: array([238.11450343]), 2: array([238.11457796]), 3: array([238.11454865]), 4: array([238.11442969]), 5: array([238.11432]), 6: array([238.1145158]), 7: array([238.15958239]), 8: array([238.11438995]), 9: array([238.11454447])}
2025-05-12 10:29:33,066 - DEBUG - util_fusion - fusion_dual_defense - client 4 norm scores: {0: array([0.00398179]), 1: array([0.00405261]), 2: array([0.00569936]), 3: array([0.00505173]), 4: array([0.00242361]), 5: array([0.]), 6: array([0.00432593]), 7: array([1.]), 8: array([0.00154542]), 9: array([0.00495934])}
2025-05-12 10:29:33,066 - DEBUG - util_fusion - fusion_dual_defense - client 4 similarity threshold: 0.10320397792642377
2025-05-12 10:29:33,067 - INFO - util_fusion - fusion_dual_defense - client 4 selected fusion benigns: [7]
2025-05-12 10:29:33,075 - DEBUG - util_fusion - fusion_dual_defense - client 5 scores: {0: array([238.11450022]), 1: array([238.11450343]), 2: array([238.11457796]), 3: array([238.11454865]), 4: array([238.11442969]), 5: array([238.11432]), 6: array([238.1145158]), 7: array([238.15958239]), 8: array([238.11438995]), 9: array([238.11454447])}
2025-05-12 10:29:33,076 - DEBUG - util_fusion - fusion_dual_defense - client 5 norm scores: {0: array([0.00398179]), 1: array([0.00405261]), 2: array([0.00569936]), 3: array([0.00505173]), 4: array([0.00242361]), 5: array([0.]), 6: array([0.00432593]), 7: array([1.]), 8: array([0.00154542]), 9: array([0.00495934])}
2025-05-12 10:29:33,076 - DEBUG - util_fusion - fusion_dual_defense - client 5 similarity threshold: 0.10320397792642377
2025-05-12 10:29:33,076 - INFO - util_fusion - fusion_dual_defense - client 5 selected fusion benigns: [7]
2025-05-12 10:29:33,084 - DEBUG - util_fusion - fusion_dual_defense - client 6 scores: {0: array([238.11450022]), 1: array([238.11450343]), 2: array([238.11457796]), 3: array([238.11454865]), 4: array([238.11442969]), 5: array([238.11432]), 6: array([238.1145158]), 7: array([238.15958239]), 8: array([238.11438995]), 9: array([238.11454447])}
2025-05-12 10:29:33,085 - DEBUG - util_fusion - fusion_dual_defense - client 6 norm scores: {0: array([0.00398179]), 1: array([0.00405261]), 2: array([0.00569936]), 3: array([0.00505173]), 4: array([0.00242361]), 5: array([0.]), 6: array([0.00432593]), 7: array([1.]), 8: array([0.00154542]), 9: array([0.00495934])}
2025-05-12 10:29:33,085 - DEBUG - util_fusion - fusion_dual_defense - client 6 similarity threshold: 0.10320397792642377
2025-05-12 10:29:33,085 - INFO - util_fusion - fusion_dual_defense - client 6 selected fusion benigns: [7]
2025-05-12 10:29:33,093 - DEBUG - util_fusion - fusion_dual_defense - client 7 scores: {0: array([238.11450022]), 1: array([238.11450343]), 2: array([238.11457796]), 3: array([238.11454865]), 4: array([238.11442969]), 5: array([238.11432]), 6: array([238.1145158]), 7: array([238.15958239]), 8: array([238.11438995]), 9: array([238.11454447])}
2025-05-12 10:29:33,094 - DEBUG - util_fusion - fusion_dual_defense - client 7 norm scores: {0: array([0.00398179]), 1: array([0.00405261]), 2: array([0.00569936]), 3: array([0.00505173]), 4: array([0.00242361]), 5: array([0.]), 6: array([0.00432593]), 7: array([1.]), 8: array([0.00154542]), 9: array([0.00495934])}
2025-05-12 10:29:33,094 - DEBUG - util_fusion - fusion_dual_defense - client 7 similarity threshold: 0.10320397792642377
2025-05-12 10:29:33,094 - INFO - util_fusion - fusion_dual_defense - client 7 selected fusion benigns: [7]
2025-05-12 10:29:33,102 - DEBUG - util_fusion - fusion_dual_defense - client 8 scores: {0: array([238.11450022]), 1: array([238.11450343]), 2: array([238.11457796]), 3: array([238.11454865]), 4: array([238.11442969]), 5: array([238.11432]), 6: array([238.1145158]), 7: array([238.15958239]), 8: array([238.11438995]), 9: array([238.11454447])}
2025-05-12 10:29:33,103 - DEBUG - util_fusion - fusion_dual_defense - client 8 norm scores: {0: array([0.00398179]), 1: array([0.00405261]), 2: array([0.00569936]), 3: array([0.00505173]), 4: array([0.00242361]), 5: array([0.]), 6: array([0.00432593]), 7: array([1.]), 8: array([0.00154542]), 9: array([0.00495934])}
2025-05-12 10:29:33,103 - DEBUG - util_fusion - fusion_dual_defense - client 8 similarity threshold: 0.10320397792642377
2025-05-12 10:29:33,103 - INFO - util_fusion - fusion_dual_defense - client 8 selected fusion benigns: [7]
2025-05-12 10:29:33,111 - DEBUG - util_fusion - fusion_dual_defense - client 9 scores: {0: array([238.11450022]), 1: array([238.11450343]), 2: array([238.11457796]), 3: array([238.11454865]), 4: array([238.11442969]), 5: array([238.11432]), 6: array([238.1145158]), 7: array([238.15958239]), 8: array([238.11438995]), 9: array([238.11454447])}
2025-05-12 10:29:33,112 - DEBUG - util_fusion - fusion_dual_defense - client 9 norm scores: {0: array([0.00398179]), 1: array([0.00405261]), 2: array([0.00569936]), 3: array([0.00505173]), 4: array([0.00242361]), 5: array([0.]), 6: array([0.00432593]), 7: array([1.]), 8: array([0.00154542]), 9: array([0.00495934])}
2025-05-12 10:29:33,112 - DEBUG - util_fusion - fusion_dual_defense - client 9 similarity threshold: 0.10320397792642377
2025-05-12 10:29:33,112 - INFO - util_fusion - fusion_dual_defense - client 9 selected fusion benigns: [7]
2025-05-12 10:29:33,112 - DEBUG - util_fusion - fusion_dual_defense - final fusion benigns: (7,)
2025-05-12 10:29:34,591 - INFO - fl - start - global side -  test accuracy: 10.1
2025-05-12 10:29:34,591 - INFO - fl - start - global side iteration 6 -  test accuracy: 10.1
2025-05-12 10:29:34,591 - INFO - fl - start - start training round 7
2025-05-12 10:29:34,593 - INFO - fl - start - round 7 attackers: [1, 5]
2025-05-12 10:29:34,593 - INFO - fl - start - start client 0 training
2025-05-12 10:29:34,593 - INFO - fl - client_local_train - client 0 start local training ...
2025-05-12 10:29:40,117 - INFO - fl - start - end client 0 training
2025-05-12 10:29:40,117 - INFO - fl - start - client 0 evaluation metrics: {'train_loss': 1.4794184612292869, 'test_acc': 9.82}
2025-05-12 10:29:40,117 - INFO - fl - start - start client 1 training
2025-05-12 10:29:40,117 - INFO - fl - client_local_train - client 1 start local training ...
2025-05-12 10:29:41,985 - INFO - fl - client_local_train - client 1 is attacker, start poisoning model
2025-05-12 10:29:45,691 - INFO - fl - start - end client 1 training
2025-05-12 10:29:45,691 - INFO - fl - start - client 1 evaluation metrics: {'train_loss': 1.8421996503040707, 'test_acc': 10.09}
2025-05-12 10:29:45,691 - INFO - fl - start - start client 2 training
2025-05-12 10:29:45,691 - INFO - fl - client_local_train - client 2 start local training ...
2025-05-12 10:29:49,827 - INFO - fl - start - end client 2 training
2025-05-12 10:29:49,827 - INFO - fl - start - client 2 evaluation metrics: {'train_loss': 1.710326925796621, 'test_acc': 9.74}
2025-05-12 10:29:49,827 - INFO - fl - start - start client 3 training
2025-05-12 10:29:49,827 - INFO - fl - client_local_train - client 3 start local training ...
2025-05-12 10:29:53,813 - INFO - fl - start - end client 3 training
2025-05-12 10:29:53,814 - INFO - fl - start - client 3 evaluation metrics: {'train_loss': 1.59437220916152, 'test_acc': 9.82}
2025-05-12 10:29:53,814 - INFO - fl - start - start client 4 training
2025-05-12 10:29:53,814 - INFO - fl - client_local_train - client 4 start local training ...
2025-05-12 10:30:00,590 - INFO - fl - start - end client 4 training
2025-05-12 10:30:00,591 - INFO - fl - start - client 4 evaluation metrics: {'train_loss': 1.3677497731916832, 'test_acc': 11.35}
2025-05-12 10:30:00,591 - INFO - fl - start - start client 5 training
2025-05-12 10:30:00,591 - INFO - fl - client_local_train - client 5 start local training ...
2025-05-12 10:30:01,765 - INFO - fl - client_local_train - client 5 is attacker, start poisoning model
2025-05-12 10:30:05,088 - INFO - fl - start - end client 5 training
2025-05-12 10:30:05,088 - INFO - fl - start - client 5 evaluation metrics: {'train_loss': 6.140001374322015, 'test_acc': 10.09}
2025-05-12 10:30:05,088 - INFO - fl - start - start client 6 training
2025-05-12 10:30:05,088 - INFO - fl - client_local_train - client 6 start local training ...
2025-05-12 10:30:11,203 - INFO - fl - start - end client 6 training
2025-05-12 10:30:11,203 - INFO - fl - start - client 6 evaluation metrics: {'train_loss': 1.3927616764759194, 'test_acc': 9.8}
2025-05-12 10:30:11,203 - INFO - fl - start - start client 7 training
2025-05-12 10:30:11,203 - INFO - fl - client_local_train - client 7 start local training ...
2025-05-12 10:30:18,043 - INFO - fl - start - end client 7 training
2025-05-12 10:30:18,043 - INFO - fl - start - client 7 evaluation metrics: {'train_loss': 1.2547490979308513, 'test_acc': 10.1}
2025-05-12 10:30:18,043 - INFO - fl - start - start client 8 training
2025-05-12 10:30:18,043 - INFO - fl - client_local_train - client 8 start local training ...
2025-05-12 10:30:24,815 - INFO - fl - start - end client 8 training
2025-05-12 10:30:24,815 - INFO - fl - start - client 8 evaluation metrics: {'train_loss': 1.2901403554400106, 'test_acc': 9.58}
2025-05-12 10:30:24,815 - INFO - fl - start - start client 9 training
2025-05-12 10:30:24,815 - INFO - fl - client_local_train - client 9 start local training ...
2025-05-12 10:30:30,181 - INFO - fl - start - end client 9 training
2025-05-12 10:30:30,181 - INFO - fl - start - client 9 evaluation metrics: {'train_loss': 1.375521175715388, 'test_acc': 10.32}
2025-05-12 10:30:30,181 - INFO - fl - aggregate_model - start model aggregation...fusion method: dual_defense
2025-05-12 10:30:30,181 - INFO - fl - aggregate_model - start hyper-guard fusion with epsilon 0.01
2025-05-12 10:30:30,181 - INFO - fl - aggregate_model - round 7 attackers: [1, 5]
2025-05-12 10:30:41,002 - DEBUG - util_fusion - fusion_dual_defense - client 0 scores: {0: array([96.30140718]), 1: array([96.28942994]), 2: array([96.28944087]), 3: array([96.28942376]), 4: array([96.294671]), 5: array([96.28939555]), 6: array([96.28947684]), 7: array([96.28949935]), 8: array([96.28950323]), 9: array([96.2894718])}
2025-05-12 10:30:41,002 - DEBUG - util_fusion - fusion_dual_defense - client 0 norm scores: {0: array([1.]), 1: array([0.00286292]), 2: array([0.00377238]), 3: array([0.00234798]), 4: array([0.43919454]), 5: array([0.]), 6: array([0.00676692]), 7: array([0.00864144]), 8: array([0.00896416]), 9: array([0.00634766])}
2025-05-12 10:30:41,002 - DEBUG - util_fusion - fusion_dual_defense - client 0 similarity threshold: 0.1478898010465372
2025-05-12 10:30:41,002 - INFO - util_fusion - fusion_dual_defense - client 0 selected fusion benigns: [0, 4]
2025-05-12 10:30:41,011 - DEBUG - util_fusion - fusion_dual_defense - client 1 scores: {0: array([96.30140718]), 1: array([96.28942994]), 2: array([96.28944087]), 3: array([96.28942376]), 4: array([96.294671]), 5: array([96.28939555]), 6: array([96.28947684]), 7: array([96.28949935]), 8: array([96.28950323]), 9: array([96.2894718])}
2025-05-12 10:30:41,012 - DEBUG - util_fusion - fusion_dual_defense - client 1 norm scores: {0: array([1.]), 1: array([0.00286292]), 2: array([0.00377238]), 3: array([0.00234798]), 4: array([0.43919454]), 5: array([0.]), 6: array([0.00676692]), 7: array([0.00864144]), 8: array([0.00896416]), 9: array([0.00634766])}
2025-05-12 10:30:41,012 - DEBUG - util_fusion - fusion_dual_defense - client 1 similarity threshold: 0.1478898010465372
2025-05-12 10:30:41,012 - INFO - util_fusion - fusion_dual_defense - client 1 selected fusion benigns: [0, 4]
2025-05-12 10:30:41,020 - DEBUG - util_fusion - fusion_dual_defense - client 2 scores: {0: array([96.30140718]), 1: array([96.28942994]), 2: array([96.28944087]), 3: array([96.28942376]), 4: array([96.294671]), 5: array([96.28939555]), 6: array([96.28947684]), 7: array([96.28949935]), 8: array([96.28950323]), 9: array([96.2894718])}
2025-05-12 10:30:41,021 - DEBUG - util_fusion - fusion_dual_defense - client 2 norm scores: {0: array([1.]), 1: array([0.00286292]), 2: array([0.00377238]), 3: array([0.00234798]), 4: array([0.43919454]), 5: array([0.]), 6: array([0.00676692]), 7: array([0.00864144]), 8: array([0.00896416]), 9: array([0.00634766])}
2025-05-12 10:30:41,021 - DEBUG - util_fusion - fusion_dual_defense - client 2 similarity threshold: 0.1478898010465372
2025-05-12 10:30:41,021 - INFO - util_fusion - fusion_dual_defense - client 2 selected fusion benigns: [0, 4]
2025-05-12 10:30:41,029 - DEBUG - util_fusion - fusion_dual_defense - client 3 scores: {0: array([96.30140718]), 1: array([96.28942994]), 2: array([96.28944087]), 3: array([96.28942376]), 4: array([96.294671]), 5: array([96.28939555]), 6: array([96.28947684]), 7: array([96.28949935]), 8: array([96.28950323]), 9: array([96.2894718])}
2025-05-12 10:30:41,030 - DEBUG - util_fusion - fusion_dual_defense - client 3 norm scores: {0: array([1.]), 1: array([0.00286292]), 2: array([0.00377238]), 3: array([0.00234798]), 4: array([0.43919454]), 5: array([0.]), 6: array([0.00676692]), 7: array([0.00864144]), 8: array([0.00896416]), 9: array([0.00634766])}
2025-05-12 10:30:41,030 - DEBUG - util_fusion - fusion_dual_defense - client 3 similarity threshold: 0.1478898010465372
2025-05-12 10:30:41,030 - INFO - util_fusion - fusion_dual_defense - client 3 selected fusion benigns: [0, 4]
2025-05-12 10:30:41,038 - DEBUG - util_fusion - fusion_dual_defense - client 4 scores: {0: array([96.30140718]), 1: array([96.28942994]), 2: array([96.28944087]), 3: array([96.28942376]), 4: array([96.294671]), 5: array([96.28939555]), 6: array([96.28947684]), 7: array([96.28949935]), 8: array([96.28950323]), 9: array([96.2894718])}
2025-05-12 10:30:41,039 - DEBUG - util_fusion - fusion_dual_defense - client 4 norm scores: {0: array([1.]), 1: array([0.00286292]), 2: array([0.00377238]), 3: array([0.00234798]), 4: array([0.43919454]), 5: array([0.]), 6: array([0.00676692]), 7: array([0.00864144]), 8: array([0.00896416]), 9: array([0.00634766])}
2025-05-12 10:30:41,039 - DEBUG - util_fusion - fusion_dual_defense - client 4 similarity threshold: 0.1478898010465372
2025-05-12 10:30:41,039 - INFO - util_fusion - fusion_dual_defense - client 4 selected fusion benigns: [0, 4]
2025-05-12 10:30:41,047 - DEBUG - util_fusion - fusion_dual_defense - client 5 scores: {0: array([96.30140718]), 1: array([96.28942994]), 2: array([96.28944087]), 3: array([96.28942376]), 4: array([96.294671]), 5: array([96.28939555]), 6: array([96.28947684]), 7: array([96.28949935]), 8: array([96.28950323]), 9: array([96.2894718])}
2025-05-12 10:30:41,048 - DEBUG - util_fusion - fusion_dual_defense - client 5 norm scores: {0: array([1.]), 1: array([0.00286292]), 2: array([0.00377238]), 3: array([0.00234798]), 4: array([0.43919454]), 5: array([0.]), 6: array([0.00676692]), 7: array([0.00864144]), 8: array([0.00896416]), 9: array([0.00634766])}
2025-05-12 10:30:41,048 - DEBUG - util_fusion - fusion_dual_defense - client 5 similarity threshold: 0.1478898010465372
2025-05-12 10:30:41,048 - INFO - util_fusion - fusion_dual_defense - client 5 selected fusion benigns: [0, 4]
2025-05-12 10:30:41,056 - DEBUG - util_fusion - fusion_dual_defense - client 6 scores: {0: array([96.30140718]), 1: array([96.28942994]), 2: array([96.28944087]), 3: array([96.28942376]), 4: array([96.294671]), 5: array([96.28939555]), 6: array([96.28947684]), 7: array([96.28949935]), 8: array([96.28950323]), 9: array([96.2894718])}
2025-05-12 10:30:41,057 - DEBUG - util_fusion - fusion_dual_defense - client 6 norm scores: {0: array([1.]), 1: array([0.00286292]), 2: array([0.00377238]), 3: array([0.00234798]), 4: array([0.43919454]), 5: array([0.]), 6: array([0.00676692]), 7: array([0.00864144]), 8: array([0.00896416]), 9: array([0.00634766])}
2025-05-12 10:30:41,057 - DEBUG - util_fusion - fusion_dual_defense - client 6 similarity threshold: 0.1478898010465372
2025-05-12 10:30:41,057 - INFO - util_fusion - fusion_dual_defense - client 6 selected fusion benigns: [0, 4]
2025-05-12 10:30:41,065 - DEBUG - util_fusion - fusion_dual_defense - client 7 scores: {0: array([96.30140718]), 1: array([96.28942994]), 2: array([96.28944087]), 3: array([96.28942376]), 4: array([96.294671]), 5: array([96.28939555]), 6: array([96.28947684]), 7: array([96.28949935]), 8: array([96.28950323]), 9: array([96.2894718])}
2025-05-12 10:30:41,066 - DEBUG - util_fusion - fusion_dual_defense - client 7 norm scores: {0: array([1.]), 1: array([0.00286292]), 2: array([0.00377238]), 3: array([0.00234798]), 4: array([0.43919454]), 5: array([0.]), 6: array([0.00676692]), 7: array([0.00864144]), 8: array([0.00896416]), 9: array([0.00634766])}
2025-05-12 10:30:41,066 - DEBUG - util_fusion - fusion_dual_defense - client 7 similarity threshold: 0.1478898010465372
2025-05-12 10:30:41,066 - INFO - util_fusion - fusion_dual_defense - client 7 selected fusion benigns: [0, 4]
2025-05-12 10:30:41,074 - DEBUG - util_fusion - fusion_dual_defense - client 8 scores: {0: array([96.30140718]), 1: array([96.28942994]), 2: array([96.28944087]), 3: array([96.28942376]), 4: array([96.294671]), 5: array([96.28939555]), 6: array([96.28947684]), 7: array([96.28949935]), 8: array([96.28950323]), 9: array([96.2894718])}
2025-05-12 10:30:41,075 - DEBUG - util_fusion - fusion_dual_defense - client 8 norm scores: {0: array([1.]), 1: array([0.00286292]), 2: array([0.00377238]), 3: array([0.00234798]), 4: array([0.43919454]), 5: array([0.]), 6: array([0.00676692]), 7: array([0.00864144]), 8: array([0.00896416]), 9: array([0.00634766])}
2025-05-12 10:30:41,075 - DEBUG - util_fusion - fusion_dual_defense - client 8 similarity threshold: 0.1478898010465372
2025-05-12 10:30:41,075 - INFO - util_fusion - fusion_dual_defense - client 8 selected fusion benigns: [0, 4]
2025-05-12 10:30:41,083 - DEBUG - util_fusion - fusion_dual_defense - client 9 scores: {0: array([96.30140718]), 1: array([96.28942994]), 2: array([96.28944087]), 3: array([96.28942376]), 4: array([96.294671]), 5: array([96.28939555]), 6: array([96.28947684]), 7: array([96.28949935]), 8: array([96.28950323]), 9: array([96.2894718])}
2025-05-12 10:30:41,084 - DEBUG - util_fusion - fusion_dual_defense - client 9 norm scores: {0: array([1.]), 1: array([0.00286292]), 2: array([0.00377238]), 3: array([0.00234798]), 4: array([0.43919454]), 5: array([0.]), 6: array([0.00676692]), 7: array([0.00864144]), 8: array([0.00896416]), 9: array([0.00634766])}
2025-05-12 10:30:41,084 - DEBUG - util_fusion - fusion_dual_defense - client 9 similarity threshold: 0.1478898010465372
2025-05-12 10:30:41,084 - INFO - util_fusion - fusion_dual_defense - client 9 selected fusion benigns: [0, 4]
2025-05-12 10:30:41,084 - DEBUG - util_fusion - fusion_dual_defense - final fusion benigns: (0, 4)
2025-05-12 10:30:42,620 - INFO - fl - start - global side -  test accuracy: 10.28
2025-05-12 10:30:42,620 - INFO - fl - start - global side iteration 7 -  test accuracy: 10.28
2025-05-12 10:30:42,620 - INFO - fl - start - start training round 8
2025-05-12 10:30:42,622 - INFO - fl - start - round 8 attackers: [9, 0]
2025-05-12 10:30:42,622 - INFO - fl - start - start client 0 training
2025-05-12 10:30:42,622 - INFO - fl - client_local_train - client 0 start local training ...
2025-05-12 10:30:45,929 - INFO - fl - client_local_train - client 0 is attacker, start poisoning model
2025-05-12 10:30:50,390 - INFO - fl - start - end client 0 training
2025-05-12 10:30:50,390 - INFO - fl - start - client 0 evaluation metrics: {'train_loss': 4.410714815644657, 'test_acc': 9.82}
2025-05-12 10:30:50,390 - INFO - fl - start - start client 1 training
2025-05-12 10:30:50,390 - INFO - fl - client_local_train - client 1 start local training ...
2025-05-12 10:30:54,113 - INFO - fl - start - end client 1 training
2025-05-12 10:30:54,113 - INFO - fl - start - client 1 evaluation metrics: {'train_loss': 0.9174957357603928, 'test_acc': 10.09}
2025-05-12 10:30:54,113 - INFO - fl - start - start client 2 training
2025-05-12 10:30:54,113 - INFO - fl - client_local_train - client 2 start local training ...
2025-05-12 10:30:58,245 - INFO - fl - start - end client 2 training
2025-05-12 10:30:58,245 - INFO - fl - start - client 2 evaluation metrics: {'train_loss': 1.6902973739539875, 'test_acc': 9.74}
2025-05-12 10:30:58,245 - INFO - fl - start - start client 3 training
2025-05-12 10:30:58,245 - INFO - fl - client_local_train - client 3 start local training ...
2025-05-12 10:31:02,236 - INFO - fl - start - end client 3 training
2025-05-12 10:31:02,236 - INFO - fl - start - client 3 evaluation metrics: {'train_loss': 1.593882042914629, 'test_acc': 9.82}
2025-05-12 10:31:02,236 - INFO - fl - start - start client 4 training
2025-05-12 10:31:02,236 - INFO - fl - client_local_train - client 4 start local training ...
2025-05-12 10:31:09,026 - INFO - fl - start - end client 4 training
2025-05-12 10:31:09,026 - INFO - fl - start - client 4 evaluation metrics: {'train_loss': 1.3583804721182042, 'test_acc': 11.35}
2025-05-12 10:31:09,026 - INFO - fl - start - start client 5 training
2025-05-12 10:31:09,027 - INFO - fl - client_local_train - client 5 start local training ...
2025-05-12 10:31:11,868 - INFO - fl - start - end client 5 training
2025-05-12 10:31:11,868 - INFO - fl - start - client 5 evaluation metrics: {'train_loss': 1.7634506741085567, 'test_acc': 10.09}
2025-05-12 10:31:11,868 - INFO - fl - start - start client 6 training
2025-05-12 10:31:11,868 - INFO - fl - client_local_train - client 6 start local training ...
2025-05-12 10:31:17,966 - INFO - fl - start - end client 6 training
2025-05-12 10:31:17,966 - INFO - fl - start - client 6 evaluation metrics: {'train_loss': 1.380070547605383, 'test_acc': 9.8}
2025-05-12 10:31:17,966 - INFO - fl - start - start client 7 training
2025-05-12 10:31:17,966 - INFO - fl - client_local_train - client 7 start local training ...
2025-05-12 10:31:24,806 - INFO - fl - start - end client 7 training
2025-05-12 10:31:24,806 - INFO - fl - start - client 7 evaluation metrics: {'train_loss': 1.2664825306899512, 'test_acc': 10.1}
2025-05-12 10:31:24,807 - INFO - fl - start - start client 8 training
2025-05-12 10:31:24,807 - INFO - fl - client_local_train - client 8 start local training ...
2025-05-12 10:31:31,581 - INFO - fl - start - end client 8 training
2025-05-12 10:31:31,581 - INFO - fl - start - client 8 evaluation metrics: {'train_loss': 1.289917222539285, 'test_acc': 9.58}
2025-05-12 10:31:31,581 - INFO - fl - start - start client 9 training
2025-05-12 10:31:31,581 - INFO - fl - client_local_train - client 9 start local training ...
2025-05-12 10:31:34,726 - INFO - fl - client_local_train - client 9 is attacker, start poisoning model
2025-05-12 10:31:39,100 - INFO - fl - start - end client 9 training
2025-05-12 10:31:39,100 - INFO - fl - start - client 9 evaluation metrics: {'train_loss': 3.744415120202668, 'test_acc': 10.32}
2025-05-12 10:31:39,100 - INFO - fl - aggregate_model - start model aggregation...fusion method: dual_defense
2025-05-12 10:31:39,100 - INFO - fl - aggregate_model - start hyper-guard fusion with epsilon 0.01
2025-05-12 10:31:39,100 - INFO - fl - aggregate_model - round 8 attackers: [0, 9]
2025-05-12 10:31:49,917 - DEBUG - util_fusion - fusion_dual_defense - client 0 scores: {0: array([248.4475304]), 1: array([248.44732262]), 2: array([248.44735405]), 3: array([248.44730696]), 4: array([248.44781377]), 5: array([248.44724528]), 6: array([248.44764844]), 7: array([248.44780494]), 8: array([248.44778747]), 9: array([248.44752928])}
2025-05-12 10:31:49,918 - DEBUG - util_fusion - fusion_dual_defense - client 0 norm scores: {0: array([0.50153977]), 1: array([0.13605296]), 2: array([0.19132631]), 3: array([0.10849587]), 4: array([1.]), 5: array([0.]), 6: array([0.7091716]), 7: array([0.98447004]), 8: array([0.95373914]), 9: array([0.4995628])}
2025-05-12 10:31:49,918 - DEBUG - util_fusion - fusion_dual_defense - client 0 similarity threshold: 0.5084358485297023
2025-05-12 10:31:49,918 - INFO - util_fusion - fusion_dual_defense - client 0 selected fusion benigns: [4, 6, 7, 8]
2025-05-12 10:31:49,926 - DEBUG - util_fusion - fusion_dual_defense - client 1 scores: {0: array([248.4475304]), 1: array([248.44732262]), 2: array([248.44735405]), 3: array([248.44730696]), 4: array([248.44781377]), 5: array([248.44724528]), 6: array([248.44764844]), 7: array([248.44780494]), 8: array([248.44778747]), 9: array([248.44752928])}
2025-05-12 10:31:49,927 - DEBUG - util_fusion - fusion_dual_defense - client 1 norm scores: {0: array([0.50153977]), 1: array([0.13605296]), 2: array([0.19132631]), 3: array([0.10849587]), 4: array([1.]), 5: array([0.]), 6: array([0.7091716]), 7: array([0.98447004]), 8: array([0.95373914]), 9: array([0.4995628])}
2025-05-12 10:31:49,927 - DEBUG - util_fusion - fusion_dual_defense - client 1 similarity threshold: 0.5084358485297023
2025-05-12 10:31:49,927 - INFO - util_fusion - fusion_dual_defense - client 1 selected fusion benigns: [4, 6, 7, 8]
2025-05-12 10:31:49,937 - DEBUG - util_fusion - fusion_dual_defense - client 2 scores: {0: array([248.4475304]), 1: array([248.44732262]), 2: array([248.44735405]), 3: array([248.44730696]), 4: array([248.44781377]), 5: array([248.44724528]), 6: array([248.44764844]), 7: array([248.44780494]), 8: array([248.44778747]), 9: array([248.44752928])}
2025-05-12 10:31:49,938 - DEBUG - util_fusion - fusion_dual_defense - client 2 norm scores: {0: array([0.50153977]), 1: array([0.13605296]), 2: array([0.19132631]), 3: array([0.10849587]), 4: array([1.]), 5: array([0.]), 6: array([0.7091716]), 7: array([0.98447004]), 8: array([0.95373914]), 9: array([0.4995628])}
2025-05-12 10:31:49,938 - DEBUG - util_fusion - fusion_dual_defense - client 2 similarity threshold: 0.5084358485297023
2025-05-12 10:31:49,938 - INFO - util_fusion - fusion_dual_defense - client 2 selected fusion benigns: [4, 6, 7, 8]
2025-05-12 10:31:49,946 - DEBUG - util_fusion - fusion_dual_defense - client 3 scores: {0: array([248.4475304]), 1: array([248.44732262]), 2: array([248.44735405]), 3: array([248.44730696]), 4: array([248.44781377]), 5: array([248.44724528]), 6: array([248.44764844]), 7: array([248.44780494]), 8: array([248.44778747]), 9: array([248.44752928])}
2025-05-12 10:31:49,947 - DEBUG - util_fusion - fusion_dual_defense - client 3 norm scores: {0: array([0.50153977]), 1: array([0.13605296]), 2: array([0.19132631]), 3: array([0.10849587]), 4: array([1.]), 5: array([0.]), 6: array([0.7091716]), 7: array([0.98447004]), 8: array([0.95373914]), 9: array([0.4995628])}
2025-05-12 10:31:49,947 - DEBUG - util_fusion - fusion_dual_defense - client 3 similarity threshold: 0.5084358485297023
2025-05-12 10:31:49,947 - INFO - util_fusion - fusion_dual_defense - client 3 selected fusion benigns: [4, 6, 7, 8]
2025-05-12 10:31:49,955 - DEBUG - util_fusion - fusion_dual_defense - client 4 scores: {0: array([248.4475304]), 1: array([248.44732262]), 2: array([248.44735405]), 3: array([248.44730696]), 4: array([248.44781377]), 5: array([248.44724528]), 6: array([248.44764844]), 7: array([248.44780494]), 8: array([248.44778747]), 9: array([248.44752928])}
2025-05-12 10:31:49,956 - DEBUG - util_fusion - fusion_dual_defense - client 4 norm scores: {0: array([0.50153977]), 1: array([0.13605296]), 2: array([0.19132631]), 3: array([0.10849587]), 4: array([1.]), 5: array([0.]), 6: array([0.7091716]), 7: array([0.98447004]), 8: array([0.95373914]), 9: array([0.4995628])}
2025-05-12 10:31:49,956 - DEBUG - util_fusion - fusion_dual_defense - client 4 similarity threshold: 0.5084358485297023
2025-05-12 10:31:49,956 - INFO - util_fusion - fusion_dual_defense - client 4 selected fusion benigns: [4, 6, 7, 8]
2025-05-12 10:31:49,964 - DEBUG - util_fusion - fusion_dual_defense - client 5 scores: {0: array([248.4475304]), 1: array([248.44732262]), 2: array([248.44735405]), 3: array([248.44730696]), 4: array([248.44781377]), 5: array([248.44724528]), 6: array([248.44764844]), 7: array([248.44780494]), 8: array([248.44778747]), 9: array([248.44752928])}
2025-05-12 10:31:49,965 - DEBUG - util_fusion - fusion_dual_defense - client 5 norm scores: {0: array([0.50153977]), 1: array([0.13605296]), 2: array([0.19132631]), 3: array([0.10849587]), 4: array([1.]), 5: array([0.]), 6: array([0.7091716]), 7: array([0.98447004]), 8: array([0.95373914]), 9: array([0.4995628])}
2025-05-12 10:31:49,965 - DEBUG - util_fusion - fusion_dual_defense - client 5 similarity threshold: 0.5084358485297023
2025-05-12 10:31:49,965 - INFO - util_fusion - fusion_dual_defense - client 5 selected fusion benigns: [4, 6, 7, 8]
2025-05-12 10:31:49,973 - DEBUG - util_fusion - fusion_dual_defense - client 6 scores: {0: array([248.4475304]), 1: array([248.44732262]), 2: array([248.44735405]), 3: array([248.44730696]), 4: array([248.44781377]), 5: array([248.44724528]), 6: array([248.44764844]), 7: array([248.44780494]), 8: array([248.44778747]), 9: array([248.44752928])}
2025-05-12 10:31:49,974 - DEBUG - util_fusion - fusion_dual_defense - client 6 norm scores: {0: array([0.50153977]), 1: array([0.13605296]), 2: array([0.19132631]), 3: array([0.10849587]), 4: array([1.]), 5: array([0.]), 6: array([0.7091716]), 7: array([0.98447004]), 8: array([0.95373914]), 9: array([0.4995628])}
2025-05-12 10:31:49,974 - DEBUG - util_fusion - fusion_dual_defense - client 6 similarity threshold: 0.5084358485297023
2025-05-12 10:31:49,974 - INFO - util_fusion - fusion_dual_defense - client 6 selected fusion benigns: [4, 6, 7, 8]
2025-05-12 10:31:49,982 - DEBUG - util_fusion - fusion_dual_defense - client 7 scores: {0: array([248.4475304]), 1: array([248.44732262]), 2: array([248.44735405]), 3: array([248.44730696]), 4: array([248.44781377]), 5: array([248.44724528]), 6: array([248.44764844]), 7: array([248.44780494]), 8: array([248.44778747]), 9: array([248.44752928])}
2025-05-12 10:31:49,983 - DEBUG - util_fusion - fusion_dual_defense - client 7 norm scores: {0: array([0.50153977]), 1: array([0.13605296]), 2: array([0.19132631]), 3: array([0.10849587]), 4: array([1.]), 5: array([0.]), 6: array([0.7091716]), 7: array([0.98447004]), 8: array([0.95373914]), 9: array([0.4995628])}
2025-05-12 10:31:49,983 - DEBUG - util_fusion - fusion_dual_defense - client 7 similarity threshold: 0.5084358485297023
2025-05-12 10:31:49,983 - INFO - util_fusion - fusion_dual_defense - client 7 selected fusion benigns: [4, 6, 7, 8]
2025-05-12 10:31:49,991 - DEBUG - util_fusion - fusion_dual_defense - client 8 scores: {0: array([248.4475304]), 1: array([248.44732262]), 2: array([248.44735405]), 3: array([248.44730696]), 4: array([248.44781377]), 5: array([248.44724528]), 6: array([248.44764844]), 7: array([248.44780494]), 8: array([248.44778747]), 9: array([248.44752928])}
2025-05-12 10:31:49,992 - DEBUG - util_fusion - fusion_dual_defense - client 8 norm scores: {0: array([0.50153977]), 1: array([0.13605296]), 2: array([0.19132631]), 3: array([0.10849587]), 4: array([1.]), 5: array([0.]), 6: array([0.7091716]), 7: array([0.98447004]), 8: array([0.95373914]), 9: array([0.4995628])}
2025-05-12 10:31:49,992 - DEBUG - util_fusion - fusion_dual_defense - client 8 similarity threshold: 0.5084358485297023
2025-05-12 10:31:49,992 - INFO - util_fusion - fusion_dual_defense - client 8 selected fusion benigns: [4, 6, 7, 8]
2025-05-12 10:31:50,000 - DEBUG - util_fusion - fusion_dual_defense - client 9 scores: {0: array([248.4475304]), 1: array([248.44732262]), 2: array([248.44735405]), 3: array([248.44730696]), 4: array([248.44781377]), 5: array([248.44724528]), 6: array([248.44764844]), 7: array([248.44780494]), 8: array([248.44778747]), 9: array([248.44752928])}
2025-05-12 10:31:50,001 - DEBUG - util_fusion - fusion_dual_defense - client 9 norm scores: {0: array([0.50153977]), 1: array([0.13605296]), 2: array([0.19132631]), 3: array([0.10849587]), 4: array([1.]), 5: array([0.]), 6: array([0.7091716]), 7: array([0.98447004]), 8: array([0.95373914]), 9: array([0.4995628])}
2025-05-12 10:31:50,001 - DEBUG - util_fusion - fusion_dual_defense - client 9 similarity threshold: 0.5084358485297023
2025-05-12 10:31:50,001 - INFO - util_fusion - fusion_dual_defense - client 9 selected fusion benigns: [4, 6, 7, 8]
2025-05-12 10:31:50,001 - DEBUG - util_fusion - fusion_dual_defense - final fusion benigns: (4, 6, 7, 8)
2025-05-12 10:31:51,646 - INFO - fl - start - global side -  test accuracy: 11.35
2025-05-12 10:31:51,646 - INFO - fl - start - global side iteration 8 -  test accuracy: 11.35
2025-05-12 10:31:51,646 - INFO - fl - start - start training round 9
2025-05-12 10:31:51,648 - INFO - fl - start - round 9 attackers: [0, 4]
2025-05-12 10:31:51,648 - INFO - fl - start - start client 0 training
2025-05-12 10:31:51,648 - INFO - fl - client_local_train - client 0 start local training ...
2025-05-12 10:31:54,915 - INFO - fl - client_local_train - client 0 is attacker, start poisoning model
2025-05-12 10:31:59,360 - INFO - fl - start - end client 0 training
2025-05-12 10:31:59,360 - INFO - fl - start - client 0 evaluation metrics: {'train_loss': 4.251609334758684, 'test_acc': 9.82}
2025-05-12 10:31:59,360 - INFO - fl - start - start client 1 training
2025-05-12 10:31:59,360 - INFO - fl - client_local_train - client 1 start local training ...
2025-05-12 10:32:03,087 - INFO - fl - start - end client 1 training
2025-05-12 10:32:03,088 - INFO - fl - start - client 1 evaluation metrics: {'train_loss': 0.9198096898095361, 'test_acc': 10.09}
2025-05-12 10:32:03,088 - INFO - fl - start - start client 2 training
2025-05-12 10:32:03,088 - INFO - fl - client_local_train - client 2 start local training ...
2025-05-12 10:32:07,205 - INFO - fl - start - end client 2 training
2025-05-12 10:32:07,205 - INFO - fl - start - client 2 evaluation metrics: {'train_loss': 1.7034729491261875, 'test_acc': 9.74}
2025-05-12 10:32:07,205 - INFO - fl - start - start client 3 training
2025-05-12 10:32:07,205 - INFO - fl - client_local_train - client 3 start local training ...
2025-05-12 10:32:11,183 - INFO - fl - start - end client 3 training
2025-05-12 10:32:11,183 - INFO - fl - start - client 3 evaluation metrics: {'train_loss': 1.5789739564061165, 'test_acc': 9.82}
2025-05-12 10:32:11,183 - INFO - fl - start - start client 4 training
2025-05-12 10:32:11,183 - INFO - fl - client_local_train - client 4 start local training ...
2025-05-12 10:32:15,476 - INFO - fl - client_local_train - client 4 is attacker, start poisoning model
2025-05-12 10:32:20,460 - INFO - fl - start - end client 4 training
2025-05-12 10:32:20,460 - INFO - fl - start - client 4 evaluation metrics: {'train_loss': 6.334594255143946, 'test_acc': 11.35}
2025-05-12 10:32:20,460 - INFO - fl - start - start client 5 training
2025-05-12 10:32:20,460 - INFO - fl - client_local_train - client 5 start local training ...
2025-05-12 10:32:23,285 - INFO - fl - start - end client 5 training
2025-05-12 10:32:23,285 - INFO - fl - start - client 5 evaluation metrics: {'train_loss': 1.731172339336292, 'test_acc': 10.09}
2025-05-12 10:32:23,285 - INFO - fl - start - start client 6 training
2025-05-12 10:32:23,285 - INFO - fl - client_local_train - client 6 start local training ...
2025-05-12 10:32:29,377 - INFO - fl - start - end client 6 training
2025-05-12 10:32:29,377 - INFO - fl - start - client 6 evaluation metrics: {'train_loss': 1.3703256552589351, 'test_acc': 9.8}
2025-05-12 10:32:29,377 - INFO - fl - start - start client 7 training
2025-05-12 10:32:29,377 - INFO - fl - client_local_train - client 7 start local training ...
2025-05-12 10:32:36,227 - INFO - fl - start - end client 7 training
2025-05-12 10:32:36,227 - INFO - fl - start - client 7 evaluation metrics: {'train_loss': 1.2740352038127274, 'test_acc': 10.1}
2025-05-12 10:32:36,227 - INFO - fl - start - start client 8 training
2025-05-12 10:32:36,227 - INFO - fl - client_local_train - client 8 start local training ...
2025-05-12 10:32:43,010 - INFO - fl - start - end client 8 training
2025-05-12 10:32:43,010 - INFO - fl - start - client 8 evaluation metrics: {'train_loss': 1.2835943931923772, 'test_acc': 9.58}
2025-05-12 10:32:43,011 - INFO - fl - start - start client 9 training
2025-05-12 10:32:43,011 - INFO - fl - client_local_train - client 9 start local training ...
2025-05-12 10:32:48,355 - INFO - fl - start - end client 9 training
2025-05-12 10:32:48,355 - INFO - fl - start - client 9 evaluation metrics: {'train_loss': 1.3808216233642734, 'test_acc': 10.32}
2025-05-12 10:32:48,355 - INFO - fl - aggregate_model - start model aggregation...fusion method: dual_defense
2025-05-12 10:32:48,355 - INFO - fl - aggregate_model - start hyper-guard fusion with epsilon 0.01
2025-05-12 10:32:48,355 - INFO - fl - aggregate_model - round 9 attackers: [0, 4]
2025-05-12 10:32:59,166 - DEBUG - util_fusion - fusion_dual_defense - client 0 scores: {0: array([114.37507073]), 1: array([114.37493288]), 2: array([114.37498995]), 3: array([114.37498178]), 4: array([114.37516881]), 5: array([114.3748733]), 6: array([114.37513293]), 7: array([114.37518894]), 8: array([114.37516762]), 9: array([114.37506794])}
2025-05-12 10:32:59,167 - DEBUG - util_fusion - fusion_dual_defense - client 0 norm scores: {0: array([0.62550325]), 1: array([0.18877746]), 2: array([0.36955942]), 3: array([0.34368808]), 4: array([0.93621283]), 5: array([0.]), 6: array([0.8225423]), 7: array([1.]), 8: array([0.93245254]), 9: array([0.61665688])}
2025-05-12 10:32:59,167 - DEBUG - util_fusion - fusion_dual_defense - client 0 similarity threshold: 0.583539276082187
2025-05-12 10:32:59,167 - INFO - util_fusion - fusion_dual_defense - client 0 selected fusion benigns: [0, 4, 6, 7, 8, 9]
2025-05-12 10:32:59,176 - DEBUG - util_fusion - fusion_dual_defense - client 1 scores: {0: array([114.37507073]), 1: array([114.37493288]), 2: array([114.37498995]), 3: array([114.37498178]), 4: array([114.37516881]), 5: array([114.3748733]), 6: array([114.37513293]), 7: array([114.37518894]), 8: array([114.37516762]), 9: array([114.37506794])}
2025-05-12 10:32:59,176 - DEBUG - util_fusion - fusion_dual_defense - client 1 norm scores: {0: array([0.62550325]), 1: array([0.18877746]), 2: array([0.36955942]), 3: array([0.34368808]), 4: array([0.93621283]), 5: array([0.]), 6: array([0.8225423]), 7: array([1.]), 8: array([0.93245254]), 9: array([0.61665688])}
2025-05-12 10:32:59,176 - DEBUG - util_fusion - fusion_dual_defense - client 1 similarity threshold: 0.583539276082187
2025-05-12 10:32:59,176 - INFO - util_fusion - fusion_dual_defense - client 1 selected fusion benigns: [0, 4, 6, 7, 8, 9]
2025-05-12 10:32:59,185 - DEBUG - util_fusion - fusion_dual_defense - client 2 scores: {0: array([114.37507073]), 1: array([114.37493288]), 2: array([114.37498995]), 3: array([114.37498178]), 4: array([114.37516881]), 5: array([114.3748733]), 6: array([114.37513293]), 7: array([114.37518894]), 8: array([114.37516762]), 9: array([114.37506794])}
2025-05-12 10:32:59,185 - DEBUG - util_fusion - fusion_dual_defense - client 2 norm scores: {0: array([0.62550325]), 1: array([0.18877746]), 2: array([0.36955942]), 3: array([0.34368808]), 4: array([0.93621283]), 5: array([0.]), 6: array([0.8225423]), 7: array([1.]), 8: array([0.93245254]), 9: array([0.61665688])}
2025-05-12 10:32:59,185 - DEBUG - util_fusion - fusion_dual_defense - client 2 similarity threshold: 0.583539276082187
2025-05-12 10:32:59,185 - INFO - util_fusion - fusion_dual_defense - client 2 selected fusion benigns: [0, 4, 6, 7, 8, 9]
2025-05-12 10:32:59,194 - DEBUG - util_fusion - fusion_dual_defense - client 3 scores: {0: array([114.37507073]), 1: array([114.37493288]), 2: array([114.37498995]), 3: array([114.37498178]), 4: array([114.37516881]), 5: array([114.3748733]), 6: array([114.37513293]), 7: array([114.37518894]), 8: array([114.37516762]), 9: array([114.37506794])}
2025-05-12 10:32:59,194 - DEBUG - util_fusion - fusion_dual_defense - client 3 norm scores: {0: array([0.62550325]), 1: array([0.18877746]), 2: array([0.36955942]), 3: array([0.34368808]), 4: array([0.93621283]), 5: array([0.]), 6: array([0.8225423]), 7: array([1.]), 8: array([0.93245254]), 9: array([0.61665688])}
2025-05-12 10:32:59,194 - DEBUG - util_fusion - fusion_dual_defense - client 3 similarity threshold: 0.583539276082187
2025-05-12 10:32:59,194 - INFO - util_fusion - fusion_dual_defense - client 3 selected fusion benigns: [0, 4, 6, 7, 8, 9]
2025-05-12 10:32:59,203 - DEBUG - util_fusion - fusion_dual_defense - client 4 scores: {0: array([114.37507073]), 1: array([114.37493288]), 2: array([114.37498995]), 3: array([114.37498178]), 4: array([114.37516881]), 5: array([114.3748733]), 6: array([114.37513293]), 7: array([114.37518894]), 8: array([114.37516762]), 9: array([114.37506794])}
2025-05-12 10:32:59,203 - DEBUG - util_fusion - fusion_dual_defense - client 4 norm scores: {0: array([0.62550325]), 1: array([0.18877746]), 2: array([0.36955942]), 3: array([0.34368808]), 4: array([0.93621283]), 5: array([0.]), 6: array([0.8225423]), 7: array([1.]), 8: array([0.93245254]), 9: array([0.61665688])}
2025-05-12 10:32:59,203 - DEBUG - util_fusion - fusion_dual_defense - client 4 similarity threshold: 0.583539276082187
2025-05-12 10:32:59,203 - INFO - util_fusion - fusion_dual_defense - client 4 selected fusion benigns: [0, 4, 6, 7, 8, 9]
2025-05-12 10:32:59,212 - DEBUG - util_fusion - fusion_dual_defense - client 5 scores: {0: array([114.37507073]), 1: array([114.37493288]), 2: array([114.37498995]), 3: array([114.37498178]), 4: array([114.37516881]), 5: array([114.3748733]), 6: array([114.37513293]), 7: array([114.37518894]), 8: array([114.37516762]), 9: array([114.37506794])}
2025-05-12 10:32:59,212 - DEBUG - util_fusion - fusion_dual_defense - client 5 norm scores: {0: array([0.62550325]), 1: array([0.18877746]), 2: array([0.36955942]), 3: array([0.34368808]), 4: array([0.93621283]), 5: array([0.]), 6: array([0.8225423]), 7: array([1.]), 8: array([0.93245254]), 9: array([0.61665688])}
2025-05-12 10:32:59,212 - DEBUG - util_fusion - fusion_dual_defense - client 5 similarity threshold: 0.583539276082187
2025-05-12 10:32:59,212 - INFO - util_fusion - fusion_dual_defense - client 5 selected fusion benigns: [0, 4, 6, 7, 8, 9]
2025-05-12 10:32:59,221 - DEBUG - util_fusion - fusion_dual_defense - client 6 scores: {0: array([114.37507073]), 1: array([114.37493288]), 2: array([114.37498995]), 3: array([114.37498178]), 4: array([114.37516881]), 5: array([114.3748733]), 6: array([114.37513293]), 7: array([114.37518894]), 8: array([114.37516762]), 9: array([114.37506794])}
2025-05-12 10:32:59,221 - DEBUG - util_fusion - fusion_dual_defense - client 6 norm scores: {0: array([0.62550325]), 1: array([0.18877746]), 2: array([0.36955942]), 3: array([0.34368808]), 4: array([0.93621283]), 5: array([0.]), 6: array([0.8225423]), 7: array([1.]), 8: array([0.93245254]), 9: array([0.61665688])}
2025-05-12 10:32:59,221 - DEBUG - util_fusion - fusion_dual_defense - client 6 similarity threshold: 0.583539276082187
2025-05-12 10:32:59,221 - INFO - util_fusion - fusion_dual_defense - client 6 selected fusion benigns: [0, 4, 6, 7, 8, 9]
2025-05-12 10:32:59,230 - DEBUG - util_fusion - fusion_dual_defense - client 7 scores: {0: array([114.37507073]), 1: array([114.37493288]), 2: array([114.37498995]), 3: array([114.37498178]), 4: array([114.37516881]), 5: array([114.3748733]), 6: array([114.37513293]), 7: array([114.37518894]), 8: array([114.37516762]), 9: array([114.37506794])}
2025-05-12 10:32:59,230 - DEBUG - util_fusion - fusion_dual_defense - client 7 norm scores: {0: array([0.62550325]), 1: array([0.18877746]), 2: array([0.36955942]), 3: array([0.34368808]), 4: array([0.93621283]), 5: array([0.]), 6: array([0.8225423]), 7: array([1.]), 8: array([0.93245254]), 9: array([0.61665688])}
2025-05-12 10:32:59,230 - DEBUG - util_fusion - fusion_dual_defense - client 7 similarity threshold: 0.583539276082187
2025-05-12 10:32:59,230 - INFO - util_fusion - fusion_dual_defense - client 7 selected fusion benigns: [0, 4, 6, 7, 8, 9]
2025-05-12 10:32:59,239 - DEBUG - util_fusion - fusion_dual_defense - client 8 scores: {0: array([114.37507073]), 1: array([114.37493288]), 2: array([114.37498995]), 3: array([114.37498178]), 4: array([114.37516881]), 5: array([114.3748733]), 6: array([114.37513293]), 7: array([114.37518894]), 8: array([114.37516762]), 9: array([114.37506794])}
2025-05-12 10:32:59,239 - DEBUG - util_fusion - fusion_dual_defense - client 8 norm scores: {0: array([0.62550325]), 1: array([0.18877746]), 2: array([0.36955942]), 3: array([0.34368808]), 4: array([0.93621283]), 5: array([0.]), 6: array([0.8225423]), 7: array([1.]), 8: array([0.93245254]), 9: array([0.61665688])}
2025-05-12 10:32:59,239 - DEBUG - util_fusion - fusion_dual_defense - client 8 similarity threshold: 0.583539276082187
2025-05-12 10:32:59,240 - INFO - util_fusion - fusion_dual_defense - client 8 selected fusion benigns: [0, 4, 6, 7, 8, 9]
2025-05-12 10:32:59,248 - DEBUG - util_fusion - fusion_dual_defense - client 9 scores: {0: array([114.37507073]), 1: array([114.37493288]), 2: array([114.37498995]), 3: array([114.37498178]), 4: array([114.37516881]), 5: array([114.3748733]), 6: array([114.37513293]), 7: array([114.37518894]), 8: array([114.37516762]), 9: array([114.37506794])}
2025-05-12 10:32:59,248 - DEBUG - util_fusion - fusion_dual_defense - client 9 norm scores: {0: array([0.62550325]), 1: array([0.18877746]), 2: array([0.36955942]), 3: array([0.34368808]), 4: array([0.93621283]), 5: array([0.]), 6: array([0.8225423]), 7: array([1.]), 8: array([0.93245254]), 9: array([0.61665688])}
2025-05-12 10:32:59,248 - DEBUG - util_fusion - fusion_dual_defense - client 9 similarity threshold: 0.583539276082187
2025-05-12 10:32:59,249 - INFO - util_fusion - fusion_dual_defense - client 9 selected fusion benigns: [0, 4, 6, 7, 8, 9]
2025-05-12 10:32:59,249 - DEBUG - util_fusion - fusion_dual_defense - final fusion benigns: (0, 4, 6, 7, 8, 9)
2025-05-12 10:33:01,012 - INFO - fl - start - global side -  test accuracy: 10.28
2025-05-12 10:33:01,013 - INFO - fl - start - global side iteration 9 -  test accuracy: 10.28
2025-05-12 10:33:01,013 - INFO - fl - start - start training round 10
2025-05-12 10:33:01,015 - INFO - fl - start - round 10 attackers: [7, 9]
2025-05-12 10:33:01,015 - INFO - fl - start - start client 0 training
2025-05-12 10:33:01,015 - INFO - fl - client_local_train - client 0 start local training ...
2025-05-12 10:33:06,569 - INFO - fl - start - end client 0 training
2025-05-12 10:33:06,569 - INFO - fl - start - client 0 evaluation metrics: {'train_loss': 1.4552662933574003, 'test_acc': 9.82}
2025-05-12 10:33:06,569 - INFO - fl - start - start client 1 training
2025-05-12 10:33:06,569 - INFO - fl - client_local_train - client 1 start local training ...
2025-05-12 10:33:10,288 - INFO - fl - start - end client 1 training
2025-05-12 10:33:10,288 - INFO - fl - start - client 1 evaluation metrics: {'train_loss': 0.9422789822364676, 'test_acc': 10.09}
2025-05-12 10:33:10,288 - INFO - fl - start - start client 2 training
2025-05-12 10:33:10,288 - INFO - fl - client_local_train - client 2 start local training ...
2025-05-12 10:33:14,419 - INFO - fl - start - end client 2 training
2025-05-12 10:33:14,419 - INFO - fl - start - client 2 evaluation metrics: {'train_loss': 1.7133390517795788, 'test_acc': 9.74}
2025-05-12 10:33:14,419 - INFO - fl - start - start client 3 training
2025-05-12 10:33:14,419 - INFO - fl - client_local_train - client 3 start local training ...
2025-05-12 10:33:18,399 - INFO - fl - start - end client 3 training
2025-05-12 10:33:18,399 - INFO - fl - start - client 3 evaluation metrics: {'train_loss': 1.676188388839364, 'test_acc': 9.82}
2025-05-12 10:33:18,399 - INFO - fl - start - start client 4 training
2025-05-12 10:33:18,399 - INFO - fl - client_local_train - client 4 start local training ...
2025-05-12 10:33:25,179 - INFO - fl - start - end client 4 training
2025-05-12 10:33:25,179 - INFO - fl - start - client 4 evaluation metrics: {'train_loss': 1.3605605652838042, 'test_acc': 11.35}
2025-05-12 10:33:25,179 - INFO - fl - start - start client 5 training
2025-05-12 10:33:25,179 - INFO - fl - client_local_train - client 5 start local training ...
2025-05-12 10:33:28,031 - INFO - fl - start - end client 5 training
2025-05-12 10:33:28,031 - INFO - fl - start - client 5 evaluation metrics: {'train_loss': 1.9652984174522194, 'test_acc': 10.09}
2025-05-12 10:33:28,031 - INFO - fl - start - start client 6 training
2025-05-12 10:33:28,031 - INFO - fl - client_local_train - client 6 start local training ...
2025-05-12 10:33:34,189 - INFO - fl - start - end client 6 training
2025-05-12 10:33:34,189 - INFO - fl - start - client 6 evaluation metrics: {'train_loss': 1.3869188941758255, 'test_acc': 9.8}
2025-05-12 10:33:34,189 - INFO - fl - start - start client 7 training
2025-05-12 10:33:34,189 - INFO - fl - client_local_train - client 7 start local training ...
2025-05-12 10:33:38,518 - INFO - fl - client_local_train - client 7 is attacker, start poisoning model
2025-05-12 10:33:43,542 - INFO - fl - start - end client 7 training
2025-05-12 10:33:43,542 - INFO - fl - start - client 7 evaluation metrics: {'train_loss': 5.239908903392394, 'test_acc': 10.1}
2025-05-12 10:33:43,542 - INFO - fl - start - start client 8 training
2025-05-12 10:33:43,542 - INFO - fl - client_local_train - client 8 start local training ...
2025-05-12 10:33:50,330 - INFO - fl - start - end client 8 training
2025-05-12 10:33:50,330 - INFO - fl - start - client 8 evaluation metrics: {'train_loss': 1.2884231734096556, 'test_acc': 9.58}
2025-05-12 10:33:50,330 - INFO - fl - start - start client 9 training
2025-05-12 10:33:50,330 - INFO - fl - client_local_train - client 9 start local training ...
2025-05-12 10:33:53,497 - INFO - fl - client_local_train - client 9 is attacker, start poisoning model
2025-05-12 10:33:57,888 - INFO - fl - start - end client 9 training
2025-05-12 10:33:57,888 - INFO - fl - start - client 9 evaluation metrics: {'train_loss': 4.000299329660376, 'test_acc': 10.32}
2025-05-12 10:33:57,888 - INFO - fl - aggregate_model - start model aggregation...fusion method: dual_defense
2025-05-12 10:33:57,888 - INFO - fl - aggregate_model - start hyper-guard fusion with epsilon 0.01
2025-05-12 10:33:57,888 - INFO - fl - aggregate_model - round 10 attackers: [9, 7]
2025-05-12 10:34:08,705 - DEBUG - util_fusion - fusion_dual_defense - client 0 scores: {0: array([13.06078194]), 1: array([13.06071645]), 2: array([13.06072836]), 3: array([13.06072592]), 4: array([13.06082498]), 5: array([13.06068553]), 6: array([13.06079872]), 7: array([13.06082663]), 8: array([13.06082502]), 9: array([13.0607751])}
2025-05-12 10:34:08,706 - DEBUG - util_fusion - fusion_dual_defense - client 0 norm scores: {0: array([0.68327241]), 1: array([0.21913691]), 2: array([0.30348713]), 3: array([0.28624403]), 4: array([0.98828702]), 5: array([0.]), 6: array([0.80215343]), 7: array([1.]), 8: array([0.98855989]), 9: array([0.63479402])}
2025-05-12 10:34:08,706 - DEBUG - util_fusion - fusion_dual_defense - client 0 similarity threshold: 0.5905934830070132
2025-05-12 10:34:08,706 - INFO - util_fusion - fusion_dual_defense - client 0 selected fusion benigns: [0, 4, 6, 7, 8, 9]
2025-05-12 10:34:08,714 - DEBUG - util_fusion - fusion_dual_defense - client 1 scores: {0: array([13.06078194]), 1: array([13.06071645]), 2: array([13.06072836]), 3: array([13.06072592]), 4: array([13.06082498]), 5: array([13.06068553]), 6: array([13.06079872]), 7: array([13.06082663]), 8: array([13.06082502]), 9: array([13.0607751])}
2025-05-12 10:34:08,715 - DEBUG - util_fusion - fusion_dual_defense - client 1 norm scores: {0: array([0.68327241]), 1: array([0.21913691]), 2: array([0.30348713]), 3: array([0.28624403]), 4: array([0.98828702]), 5: array([0.]), 6: array([0.80215343]), 7: array([1.]), 8: array([0.98855989]), 9: array([0.63479402])}
2025-05-12 10:34:08,715 - DEBUG - util_fusion - fusion_dual_defense - client 1 similarity threshold: 0.5905934830070132
2025-05-12 10:34:08,715 - INFO - util_fusion - fusion_dual_defense - client 1 selected fusion benigns: [0, 4, 6, 7, 8, 9]
2025-05-12 10:34:08,723 - DEBUG - util_fusion - fusion_dual_defense - client 2 scores: {0: array([13.06078194]), 1: array([13.06071645]), 2: array([13.06072836]), 3: array([13.06072592]), 4: array([13.06082498]), 5: array([13.06068553]), 6: array([13.06079872]), 7: array([13.06082663]), 8: array([13.06082502]), 9: array([13.0607751])}
2025-05-12 10:34:08,724 - DEBUG - util_fusion - fusion_dual_defense - client 2 norm scores: {0: array([0.68327241]), 1: array([0.21913691]), 2: array([0.30348713]), 3: array([0.28624403]), 4: array([0.98828702]), 5: array([0.]), 6: array([0.80215343]), 7: array([1.]), 8: array([0.98855989]), 9: array([0.63479402])}
2025-05-12 10:34:08,724 - DEBUG - util_fusion - fusion_dual_defense - client 2 similarity threshold: 0.5905934830070132
2025-05-12 10:34:08,724 - INFO - util_fusion - fusion_dual_defense - client 2 selected fusion benigns: [0, 4, 6, 7, 8, 9]
2025-05-12 10:34:08,732 - DEBUG - util_fusion - fusion_dual_defense - client 3 scores: {0: array([13.06078194]), 1: array([13.06071645]), 2: array([13.06072836]), 3: array([13.06072592]), 4: array([13.06082498]), 5: array([13.06068553]), 6: array([13.06079872]), 7: array([13.06082663]), 8: array([13.06082502]), 9: array([13.0607751])}
2025-05-12 10:34:08,733 - DEBUG - util_fusion - fusion_dual_defense - client 3 norm scores: {0: array([0.68327241]), 1: array([0.21913691]), 2: array([0.30348713]), 3: array([0.28624403]), 4: array([0.98828702]), 5: array([0.]), 6: array([0.80215343]), 7: array([1.]), 8: array([0.98855989]), 9: array([0.63479402])}
2025-05-12 10:34:08,733 - DEBUG - util_fusion - fusion_dual_defense - client 3 similarity threshold: 0.5905934830070132
2025-05-12 10:34:08,733 - INFO - util_fusion - fusion_dual_defense - client 3 selected fusion benigns: [0, 4, 6, 7, 8, 9]
2025-05-12 10:34:08,741 - DEBUG - util_fusion - fusion_dual_defense - client 4 scores: {0: array([13.06078194]), 1: array([13.06071645]), 2: array([13.06072836]), 3: array([13.06072592]), 4: array([13.06082498]), 5: array([13.06068553]), 6: array([13.06079872]), 7: array([13.06082663]), 8: array([13.06082502]), 9: array([13.0607751])}
2025-05-12 10:34:08,742 - DEBUG - util_fusion - fusion_dual_defense - client 4 norm scores: {0: array([0.68327241]), 1: array([0.21913691]), 2: array([0.30348713]), 3: array([0.28624403]), 4: array([0.98828702]), 5: array([0.]), 6: array([0.80215343]), 7: array([1.]), 8: array([0.98855989]), 9: array([0.63479402])}
2025-05-12 10:34:08,742 - DEBUG - util_fusion - fusion_dual_defense - client 4 similarity threshold: 0.5905934830070132
2025-05-12 10:34:08,742 - INFO - util_fusion - fusion_dual_defense - client 4 selected fusion benigns: [0, 4, 6, 7, 8, 9]
2025-05-12 10:34:08,750 - DEBUG - util_fusion - fusion_dual_defense - client 5 scores: {0: array([13.06078194]), 1: array([13.06071645]), 2: array([13.06072836]), 3: array([13.06072592]), 4: array([13.06082498]), 5: array([13.06068553]), 6: array([13.06079872]), 7: array([13.06082663]), 8: array([13.06082502]), 9: array([13.0607751])}
2025-05-12 10:34:08,751 - DEBUG - util_fusion - fusion_dual_defense - client 5 norm scores: {0: array([0.68327241]), 1: array([0.21913691]), 2: array([0.30348713]), 3: array([0.28624403]), 4: array([0.98828702]), 5: array([0.]), 6: array([0.80215343]), 7: array([1.]), 8: array([0.98855989]), 9: array([0.63479402])}
2025-05-12 10:34:08,751 - DEBUG - util_fusion - fusion_dual_defense - client 5 similarity threshold: 0.5905934830070132
2025-05-12 10:34:08,751 - INFO - util_fusion - fusion_dual_defense - client 5 selected fusion benigns: [0, 4, 6, 7, 8, 9]
2025-05-12 10:34:08,760 - DEBUG - util_fusion - fusion_dual_defense - client 6 scores: {0: array([13.06078194]), 1: array([13.06071645]), 2: array([13.06072836]), 3: array([13.06072592]), 4: array([13.06082498]), 5: array([13.06068553]), 6: array([13.06079872]), 7: array([13.06082663]), 8: array([13.06082502]), 9: array([13.0607751])}
2025-05-12 10:34:08,760 - DEBUG - util_fusion - fusion_dual_defense - client 6 norm scores: {0: array([0.68327241]), 1: array([0.21913691]), 2: array([0.30348713]), 3: array([0.28624403]), 4: array([0.98828702]), 5: array([0.]), 6: array([0.80215343]), 7: array([1.]), 8: array([0.98855989]), 9: array([0.63479402])}
2025-05-12 10:34:08,760 - DEBUG - util_fusion - fusion_dual_defense - client 6 similarity threshold: 0.5905934830070132
2025-05-12 10:34:08,760 - INFO - util_fusion - fusion_dual_defense - client 6 selected fusion benigns: [0, 4, 6, 7, 8, 9]
2025-05-12 10:34:08,769 - DEBUG - util_fusion - fusion_dual_defense - client 7 scores: {0: array([13.06078194]), 1: array([13.06071645]), 2: array([13.06072836]), 3: array([13.06072592]), 4: array([13.06082498]), 5: array([13.06068553]), 6: array([13.06079872]), 7: array([13.06082663]), 8: array([13.06082502]), 9: array([13.0607751])}
2025-05-12 10:34:08,769 - DEBUG - util_fusion - fusion_dual_defense - client 7 norm scores: {0: array([0.68327241]), 1: array([0.21913691]), 2: array([0.30348713]), 3: array([0.28624403]), 4: array([0.98828702]), 5: array([0.]), 6: array([0.80215343]), 7: array([1.]), 8: array([0.98855989]), 9: array([0.63479402])}
2025-05-12 10:34:08,769 - DEBUG - util_fusion - fusion_dual_defense - client 7 similarity threshold: 0.5905934830070132
2025-05-12 10:34:08,769 - INFO - util_fusion - fusion_dual_defense - client 7 selected fusion benigns: [0, 4, 6, 7, 8, 9]
2025-05-12 10:34:08,778 - DEBUG - util_fusion - fusion_dual_defense - client 8 scores: {0: array([13.06078194]), 1: array([13.06071645]), 2: array([13.06072836]), 3: array([13.06072592]), 4: array([13.06082498]), 5: array([13.06068553]), 6: array([13.06079872]), 7: array([13.06082663]), 8: array([13.06082502]), 9: array([13.0607751])}
2025-05-12 10:34:08,778 - DEBUG - util_fusion - fusion_dual_defense - client 8 norm scores: {0: array([0.68327241]), 1: array([0.21913691]), 2: array([0.30348713]), 3: array([0.28624403]), 4: array([0.98828702]), 5: array([0.]), 6: array([0.80215343]), 7: array([1.]), 8: array([0.98855989]), 9: array([0.63479402])}
2025-05-12 10:34:08,778 - DEBUG - util_fusion - fusion_dual_defense - client 8 similarity threshold: 0.5905934830070132
2025-05-12 10:34:08,778 - INFO - util_fusion - fusion_dual_defense - client 8 selected fusion benigns: [0, 4, 6, 7, 8, 9]
2025-05-12 10:34:08,787 - DEBUG - util_fusion - fusion_dual_defense - client 9 scores: {0: array([13.06078194]), 1: array([13.06071645]), 2: array([13.06072836]), 3: array([13.06072592]), 4: array([13.06082498]), 5: array([13.06068553]), 6: array([13.06079872]), 7: array([13.06082663]), 8: array([13.06082502]), 9: array([13.0607751])}
2025-05-12 10:34:08,787 - DEBUG - util_fusion - fusion_dual_defense - client 9 norm scores: {0: array([0.68327241]), 1: array([0.21913691]), 2: array([0.30348713]), 3: array([0.28624403]), 4: array([0.98828702]), 5: array([0.]), 6: array([0.80215343]), 7: array([1.]), 8: array([0.98855989]), 9: array([0.63479402])}
2025-05-12 10:34:08,787 - DEBUG - util_fusion - fusion_dual_defense - client 9 similarity threshold: 0.5905934830070132
2025-05-12 10:34:08,787 - INFO - util_fusion - fusion_dual_defense - client 9 selected fusion benigns: [0, 4, 6, 7, 8, 9]
2025-05-12 10:34:08,787 - DEBUG - util_fusion - fusion_dual_defense - final fusion benigns: (0, 4, 6, 7, 8, 9)
2025-05-12 10:34:10,543 - INFO - fl - start - global side -  test accuracy: 10.28
2025-05-12 10:34:10,543 - INFO - fl - start - global side iteration 10 -  test accuracy: 10.28
2025-05-12 10:34:10,544 - INFO - fl - start - start training round 11
2025-05-12 10:34:10,545 - INFO - fl - start - round 11 attackers: [2, 0]
2025-05-12 10:34:10,545 - INFO - fl - start - start client 0 training
2025-05-12 10:34:10,545 - INFO - fl - client_local_train - client 0 start local training ...
2025-05-12 10:34:13,857 - INFO - fl - client_local_train - client 0 is attacker, start poisoning model
2025-05-12 10:34:18,314 - INFO - fl - start - end client 0 training
2025-05-12 10:34:18,314 - INFO - fl - start - client 0 evaluation metrics: {'train_loss': 6.19418006551032, 'test_acc': 9.82}
2025-05-12 10:34:18,314 - INFO - fl - start - start client 1 training
2025-05-12 10:34:18,314 - INFO - fl - client_local_train - client 1 start local training ...
2025-05-12 10:34:22,034 - INFO - fl - start - end client 1 training
2025-05-12 10:34:22,034 - INFO - fl - start - client 1 evaluation metrics: {'train_loss': 0.9679997419488842, 'test_acc': 10.09}
2025-05-12 10:34:22,034 - INFO - fl - start - start client 2 training
2025-05-12 10:34:22,035 - INFO - fl - client_local_train - client 2 start local training ...
2025-05-12 10:34:24,252 - INFO - fl - client_local_train - client 2 is attacker, start poisoning model
2025-05-12 10:34:28,129 - INFO - fl - start - end client 2 training
2025-05-12 10:34:28,129 - INFO - fl - start - client 2 evaluation metrics: {'train_loss': 5.550835051957299, 'test_acc': 9.74}
2025-05-12 10:34:28,129 - INFO - fl - start - start client 3 training
2025-05-12 10:34:28,129 - INFO - fl - client_local_train - client 3 start local training ...
2025-05-12 10:34:32,106 - INFO - fl - start - end client 3 training
2025-05-12 10:34:32,106 - INFO - fl - start - client 3 evaluation metrics: {'train_loss': 1.9129217509180307, 'test_acc': 9.82}
2025-05-12 10:34:32,106 - INFO - fl - start - start client 4 training
2025-05-12 10:34:32,106 - INFO - fl - client_local_train - client 4 start local training ...
2025-05-12 10:34:38,874 - INFO - fl - start - end client 4 training
2025-05-12 10:34:38,874 - INFO - fl - start - client 4 evaluation metrics: {'train_loss': 1.4155971218239178, 'test_acc': 11.35}
2025-05-12 10:34:38,874 - INFO - fl - start - start client 5 training
2025-05-12 10:34:38,874 - INFO - fl - client_local_train - client 5 start local training ...
2025-05-12 10:34:41,715 - INFO - fl - start - end client 5 training
2025-05-12 10:34:41,715 - INFO - fl - start - client 5 evaluation metrics: {'train_loss': 2.327284555177431, 'test_acc': 10.09}
2025-05-12 10:34:41,715 - INFO - fl - start - start client 6 training
2025-05-12 10:34:41,715 - INFO - fl - client_local_train - client 6 start local training ...
2025-05-12 10:34:47,820 - INFO - fl - start - end client 6 training
2025-05-12 10:34:47,820 - INFO - fl - start - client 6 evaluation metrics: {'train_loss': 1.4863126668436775, 'test_acc': 9.8}
2025-05-12 10:34:47,820 - INFO - fl - start - start client 7 training
2025-05-12 10:34:47,820 - INFO - fl - client_local_train - client 7 start local training ...
2025-05-12 10:34:54,681 - INFO - fl - start - end client 7 training
2025-05-12 10:34:54,683 - INFO - fl - start - client 7 evaluation metrics: {'train_loss': 1.2936839087685543, 'test_acc': 10.1}
2025-05-12 10:34:54,683 - INFO - fl - start - start client 8 training
2025-05-12 10:34:54,683 - INFO - fl - client_local_train - client 8 start local training ...
2025-05-12 10:35:01,467 - INFO - fl - start - end client 8 training
2025-05-12 10:35:01,467 - INFO - fl - start - client 8 evaluation metrics: {'train_loss': 1.5324072766124754, 'test_acc': 9.58}
2025-05-12 10:35:01,467 - INFO - fl - start - start client 9 training
2025-05-12 10:35:01,467 - INFO - fl - client_local_train - client 9 start local training ...
2025-05-12 10:35:06,824 - INFO - fl - start - end client 9 training
2025-05-12 10:35:06,824 - INFO - fl - start - client 9 evaluation metrics: {'train_loss': 1.393502312047141, 'test_acc': 10.32}
2025-05-12 10:35:06,824 - INFO - fl - aggregate_model - start model aggregation...fusion method: dual_defense
2025-05-12 10:35:06,824 - INFO - fl - aggregate_model - start hyper-guard fusion with epsilon 0.01
2025-05-12 10:35:06,824 - INFO - fl - aggregate_model - round 11 attackers: [0, 2]
2025-05-12 10:35:17,630 - DEBUG - util_fusion - fusion_dual_defense - client 0 scores: {0: array([56.10999322]), 1: array([56.10996971]), 2: array([56.10998035]), 3: array([56.10998689]), 4: array([56.1100131]), 5: array([56.10997321]), 6: array([56.11000313]), 7: array([56.11000658]), 8: array([56.11000661]), 9: array([56.10998865])}
2025-05-12 10:35:17,630 - DEBUG - util_fusion - fusion_dual_defense - client 0 norm scores: {0: array([0.54179242]), 1: array([0.]), 2: array([0.24513962]), 3: array([0.39591266]), 4: array([1.]), 5: array([0.08064287]), 6: array([0.77013237]), 7: array([0.84965885]), 8: array([0.85051087]), 9: array([0.43652703])}
2025-05-12 10:35:17,630 - DEBUG - util_fusion - fusion_dual_defense - client 0 similarity threshold: 0.5170316699008545
2025-05-12 10:35:17,630 - INFO - util_fusion - fusion_dual_defense - client 0 selected fusion benigns: [0, 4, 6, 7, 8]
2025-05-12 10:35:17,639 - DEBUG - util_fusion - fusion_dual_defense - client 1 scores: {0: array([56.10999322]), 1: array([56.10996971]), 2: array([56.10998035]), 3: array([56.10998689]), 4: array([56.1100131]), 5: array([56.10997321]), 6: array([56.11000313]), 7: array([56.11000658]), 8: array([56.11000661]), 9: array([56.10998865])}
2025-05-12 10:35:17,639 - DEBUG - util_fusion - fusion_dual_defense - client 1 norm scores: {0: array([0.54179242]), 1: array([0.]), 2: array([0.24513962]), 3: array([0.39591266]), 4: array([1.]), 5: array([0.08064287]), 6: array([0.77013237]), 7: array([0.84965885]), 8: array([0.85051087]), 9: array([0.43652703])}
2025-05-12 10:35:17,640 - DEBUG - util_fusion - fusion_dual_defense - client 1 similarity threshold: 0.5170316699008545
2025-05-12 10:35:17,640 - INFO - util_fusion - fusion_dual_defense - client 1 selected fusion benigns: [0, 4, 6, 7, 8]
2025-05-12 10:35:17,648 - DEBUG - util_fusion - fusion_dual_defense - client 2 scores: {0: array([56.10999322]), 1: array([56.10996971]), 2: array([56.10998035]), 3: array([56.10998689]), 4: array([56.1100131]), 5: array([56.10997321]), 6: array([56.11000313]), 7: array([56.11000658]), 8: array([56.11000661]), 9: array([56.10998865])}
2025-05-12 10:35:17,649 - DEBUG - util_fusion - fusion_dual_defense - client 2 norm scores: {0: array([0.54179242]), 1: array([0.]), 2: array([0.24513962]), 3: array([0.39591266]), 4: array([1.]), 5: array([0.08064287]), 6: array([0.77013237]), 7: array([0.84965885]), 8: array([0.85051087]), 9: array([0.43652703])}
2025-05-12 10:35:17,649 - DEBUG - util_fusion - fusion_dual_defense - client 2 similarity threshold: 0.5170316699008545
2025-05-12 10:35:17,649 - INFO - util_fusion - fusion_dual_defense - client 2 selected fusion benigns: [0, 4, 6, 7, 8]
2025-05-12 10:35:17,657 - DEBUG - util_fusion - fusion_dual_defense - client 3 scores: {0: array([56.10999322]), 1: array([56.10996971]), 2: array([56.10998035]), 3: array([56.10998689]), 4: array([56.1100131]), 5: array([56.10997321]), 6: array([56.11000313]), 7: array([56.11000658]), 8: array([56.11000661]), 9: array([56.10998865])}
2025-05-12 10:35:17,658 - DEBUG - util_fusion - fusion_dual_defense - client 3 norm scores: {0: array([0.54179242]), 1: array([0.]), 2: array([0.24513962]), 3: array([0.39591266]), 4: array([1.]), 5: array([0.08064287]), 6: array([0.77013237]), 7: array([0.84965885]), 8: array([0.85051087]), 9: array([0.43652703])}
2025-05-12 10:35:17,658 - DEBUG - util_fusion - fusion_dual_defense - client 3 similarity threshold: 0.5170316699008545
2025-05-12 10:35:17,658 - INFO - util_fusion - fusion_dual_defense - client 3 selected fusion benigns: [0, 4, 6, 7, 8]
2025-05-12 10:35:17,666 - DEBUG - util_fusion - fusion_dual_defense - client 4 scores: {0: array([56.10999322]), 1: array([56.10996971]), 2: array([56.10998035]), 3: array([56.10998689]), 4: array([56.1100131]), 5: array([56.10997321]), 6: array([56.11000313]), 7: array([56.11000658]), 8: array([56.11000661]), 9: array([56.10998865])}
2025-05-12 10:35:17,667 - DEBUG - util_fusion - fusion_dual_defense - client 4 norm scores: {0: array([0.54179242]), 1: array([0.]), 2: array([0.24513962]), 3: array([0.39591266]), 4: array([1.]), 5: array([0.08064287]), 6: array([0.77013237]), 7: array([0.84965885]), 8: array([0.85051087]), 9: array([0.43652703])}
2025-05-12 10:35:17,667 - DEBUG - util_fusion - fusion_dual_defense - client 4 similarity threshold: 0.5170316699008545
2025-05-12 10:35:17,667 - INFO - util_fusion - fusion_dual_defense - client 4 selected fusion benigns: [0, 4, 6, 7, 8]
2025-05-12 10:35:17,675 - DEBUG - util_fusion - fusion_dual_defense - client 5 scores: {0: array([56.10999322]), 1: array([56.10996971]), 2: array([56.10998035]), 3: array([56.10998689]), 4: array([56.1100131]), 5: array([56.10997321]), 6: array([56.11000313]), 7: array([56.11000658]), 8: array([56.11000661]), 9: array([56.10998865])}
2025-05-12 10:35:17,676 - DEBUG - util_fusion - fusion_dual_defense - client 5 norm scores: {0: array([0.54179242]), 1: array([0.]), 2: array([0.24513962]), 3: array([0.39591266]), 4: array([1.]), 5: array([0.08064287]), 6: array([0.77013237]), 7: array([0.84965885]), 8: array([0.85051087]), 9: array([0.43652703])}
2025-05-12 10:35:17,676 - DEBUG - util_fusion - fusion_dual_defense - client 5 similarity threshold: 0.5170316699008545
2025-05-12 10:35:17,676 - INFO - util_fusion - fusion_dual_defense - client 5 selected fusion benigns: [0, 4, 6, 7, 8]
2025-05-12 10:35:17,684 - DEBUG - util_fusion - fusion_dual_defense - client 6 scores: {0: array([56.10999322]), 1: array([56.10996971]), 2: array([56.10998035]), 3: array([56.10998689]), 4: array([56.1100131]), 5: array([56.10997321]), 6: array([56.11000313]), 7: array([56.11000658]), 8: array([56.11000661]), 9: array([56.10998865])}
2025-05-12 10:35:17,685 - DEBUG - util_fusion - fusion_dual_defense - client 6 norm scores: {0: array([0.54179242]), 1: array([0.]), 2: array([0.24513962]), 3: array([0.39591266]), 4: array([1.]), 5: array([0.08064287]), 6: array([0.77013237]), 7: array([0.84965885]), 8: array([0.85051087]), 9: array([0.43652703])}
2025-05-12 10:35:17,685 - DEBUG - util_fusion - fusion_dual_defense - client 6 similarity threshold: 0.5170316699008545
2025-05-12 10:35:17,685 - INFO - util_fusion - fusion_dual_defense - client 6 selected fusion benigns: [0, 4, 6, 7, 8]
2025-05-12 10:35:17,693 - DEBUG - util_fusion - fusion_dual_defense - client 7 scores: {0: array([56.10999322]), 1: array([56.10996971]), 2: array([56.10998035]), 3: array([56.10998689]), 4: array([56.1100131]), 5: array([56.10997321]), 6: array([56.11000313]), 7: array([56.11000658]), 8: array([56.11000661]), 9: array([56.10998865])}
2025-05-12 10:35:17,694 - DEBUG - util_fusion - fusion_dual_defense - client 7 norm scores: {0: array([0.54179242]), 1: array([0.]), 2: array([0.24513962]), 3: array([0.39591266]), 4: array([1.]), 5: array([0.08064287]), 6: array([0.77013237]), 7: array([0.84965885]), 8: array([0.85051087]), 9: array([0.43652703])}
2025-05-12 10:35:17,694 - DEBUG - util_fusion - fusion_dual_defense - client 7 similarity threshold: 0.5170316699008545
2025-05-12 10:35:17,694 - INFO - util_fusion - fusion_dual_defense - client 7 selected fusion benigns: [0, 4, 6, 7, 8]
2025-05-12 10:35:17,702 - DEBUG - util_fusion - fusion_dual_defense - client 8 scores: {0: array([56.10999322]), 1: array([56.10996971]), 2: array([56.10998035]), 3: array([56.10998689]), 4: array([56.1100131]), 5: array([56.10997321]), 6: array([56.11000313]), 7: array([56.11000658]), 8: array([56.11000661]), 9: array([56.10998865])}
2025-05-12 10:35:17,703 - DEBUG - util_fusion - fusion_dual_defense - client 8 norm scores: {0: array([0.54179242]), 1: array([0.]), 2: array([0.24513962]), 3: array([0.39591266]), 4: array([1.]), 5: array([0.08064287]), 6: array([0.77013237]), 7: array([0.84965885]), 8: array([0.85051087]), 9: array([0.43652703])}
2025-05-12 10:35:17,703 - DEBUG - util_fusion - fusion_dual_defense - client 8 similarity threshold: 0.5170316699008545
2025-05-12 10:35:17,703 - INFO - util_fusion - fusion_dual_defense - client 8 selected fusion benigns: [0, 4, 6, 7, 8]
2025-05-12 10:35:17,711 - DEBUG - util_fusion - fusion_dual_defense - client 9 scores: {0: array([56.10999322]), 1: array([56.10996971]), 2: array([56.10998035]), 3: array([56.10998689]), 4: array([56.1100131]), 5: array([56.10997321]), 6: array([56.11000313]), 7: array([56.11000658]), 8: array([56.11000661]), 9: array([56.10998865])}
2025-05-12 10:35:17,712 - DEBUG - util_fusion - fusion_dual_defense - client 9 norm scores: {0: array([0.54179242]), 1: array([0.]), 2: array([0.24513962]), 3: array([0.39591266]), 4: array([1.]), 5: array([0.08064287]), 6: array([0.77013237]), 7: array([0.84965885]), 8: array([0.85051087]), 9: array([0.43652703])}
2025-05-12 10:35:17,712 - DEBUG - util_fusion - fusion_dual_defense - client 9 similarity threshold: 0.5170316699008545
2025-05-12 10:35:17,712 - INFO - util_fusion - fusion_dual_defense - client 9 selected fusion benigns: [0, 4, 6, 7, 8]
2025-05-12 10:35:17,712 - DEBUG - util_fusion - fusion_dual_defense - final fusion benigns: (0, 4, 6, 7, 8)
2025-05-12 10:35:19,413 - INFO - fl - start - global side -  test accuracy: 10.28
2025-05-12 10:35:19,413 - INFO - fl - start - global side iteration 11 -  test accuracy: 10.28
2025-05-12 10:35:19,414 - INFO - fl - start - start training round 12
2025-05-12 10:35:19,415 - INFO - fl - start - round 12 attackers: [3, 4]
2025-05-12 10:35:19,415 - INFO - fl - start - start client 0 training
2025-05-12 10:35:19,415 - INFO - fl - client_local_train - client 0 start local training ...
2025-05-12 10:35:24,960 - INFO - fl - start - end client 0 training
2025-05-12 10:35:24,960 - INFO - fl - start - client 0 evaluation metrics: {'train_loss': 1.7620273863568026, 'test_acc': 9.82}
2025-05-12 10:35:24,960 - INFO - fl - start - start client 1 training
2025-05-12 10:35:24,960 - INFO - fl - client_local_train - client 1 start local training ...
2025-05-12 10:35:28,687 - INFO - fl - start - end client 1 training
2025-05-12 10:35:28,687 - INFO - fl - start - client 1 evaluation metrics: {'train_loss': 1.040521382257856, 'test_acc': 10.09}
2025-05-12 10:35:28,687 - INFO - fl - start - start client 2 training
2025-05-12 10:35:28,687 - INFO - fl - client_local_train - client 2 start local training ...
2025-05-12 10:35:32,847 - INFO - fl - start - end client 2 training
2025-05-12 10:35:32,847 - INFO - fl - start - client 2 evaluation metrics: {'train_loss': 1.820989093359779, 'test_acc': 9.74}
2025-05-12 10:35:32,847 - INFO - fl - start - start client 3 training
2025-05-12 10:35:32,847 - INFO - fl - client_local_train - client 3 start local training ...
2025-05-12 10:35:34,919 - INFO - fl - client_local_train - client 3 is attacker, start poisoning model
2025-05-12 10:35:38,726 - INFO - fl - start - end client 3 training
2025-05-12 10:35:38,726 - INFO - fl - start - client 3 evaluation metrics: {'train_loss': 10.267362907528877, 'test_acc': 9.82}
2025-05-12 10:35:38,726 - INFO - fl - start - start client 4 training
2025-05-12 10:35:38,726 - INFO - fl - client_local_train - client 4 start local training ...
2025-05-12 10:35:43,016 - INFO - fl - client_local_train - client 4 is attacker, start poisoning model
2025-05-12 10:35:47,999 - INFO - fl - start - end client 4 training
2025-05-12 10:35:47,999 - INFO - fl - start - client 4 evaluation metrics: {'train_loss': 7.333494712005962, 'test_acc': 11.35}
2025-05-12 10:35:47,999 - INFO - fl - start - start client 5 training
2025-05-12 10:35:47,999 - INFO - fl - client_local_train - client 5 start local training ...
2025-05-12 10:35:50,828 - INFO - fl - start - end client 5 training
2025-05-12 10:35:50,828 - INFO - fl - start - client 5 evaluation metrics: {'train_loss': 2.778052735973049, 'test_acc': 10.09}
2025-05-12 10:35:50,828 - INFO - fl - start - start client 6 training
2025-05-12 10:35:50,828 - INFO - fl - client_local_train - client 6 start local training ...
2025-05-12 10:35:56,943 - INFO - fl - start - end client 6 training
2025-05-12 10:35:56,943 - INFO - fl - start - client 6 evaluation metrics: {'train_loss': 1.5390764721508683, 'test_acc': 9.8}
2025-05-12 10:35:56,943 - INFO - fl - start - start client 7 training
2025-05-12 10:35:56,943 - INFO - fl - client_local_train - client 7 start local training ...
2025-05-12 10:36:03,778 - INFO - fl - start - end client 7 training
2025-05-12 10:36:03,779 - INFO - fl - start - client 7 evaluation metrics: {'train_loss': 1.3351787061833624, 'test_acc': 10.1}
2025-05-12 10:36:03,779 - INFO - fl - start - start client 8 training
2025-05-12 10:36:03,779 - INFO - fl - client_local_train - client 8 start local training ...
2025-05-12 10:36:10,562 - INFO - fl - start - end client 8 training
2025-05-12 10:36:10,563 - INFO - fl - start - client 8 evaluation metrics: {'train_loss': 2.2567031311809567, 'test_acc': 9.58}
2025-05-12 10:36:10,563 - INFO - fl - start - start client 9 training
2025-05-12 10:36:10,563 - INFO - fl - client_local_train - client 9 start local training ...
2025-05-12 10:36:15,915 - INFO - fl - start - end client 9 training
2025-05-12 10:36:15,915 - INFO - fl - start - client 9 evaluation metrics: {'train_loss': 1.4452885462313283, 'test_acc': 10.32}
2025-05-12 10:36:15,915 - INFO - fl - aggregate_model - start model aggregation...fusion method: dual_defense
2025-05-12 10:36:15,915 - INFO - fl - aggregate_model - start hyper-guard fusion with epsilon 0.01
2025-05-12 10:36:15,915 - INFO - fl - aggregate_model - round 12 attackers: [3, 4]
2025-05-12 10:36:26,727 - DEBUG - util_fusion - fusion_dual_defense - client 0 scores: {0: array([125.38761218]), 1: array([125.38752056]), 2: array([125.38752497]), 3: array([125.38752416]), 4: array([125.3876844]), 5: array([125.38749483]), 6: array([125.38765283]), 7: array([125.38769974]), 8: array([125.38768217]), 9: array([125.38760226])}
2025-05-12 10:36:26,727 - DEBUG - util_fusion - fusion_dual_defense - client 0 norm scores: {0: array([0.57269856]), 1: array([0.1255668]), 2: array([0.14707755]), 3: array([0.14310421]), 4: array([0.92514487]), 5: array([0.]), 6: array([0.77104337]), 7: array([1.]), 8: array([0.91424165]), 9: array([0.52428956])}
2025-05-12 10:36:26,727 - DEBUG - util_fusion - fusion_dual_defense - client 0 similarity threshold: 0.5123166582375768
2025-05-12 10:36:26,727 - INFO - util_fusion - fusion_dual_defense - client 0 selected fusion benigns: [0, 4, 6, 7, 8, 9]
2025-05-12 10:36:26,736 - DEBUG - util_fusion - fusion_dual_defense - client 1 scores: {0: array([125.38761218]), 1: array([125.38752056]), 2: array([125.38752497]), 3: array([125.38752416]), 4: array([125.3876844]), 5: array([125.38749483]), 6: array([125.38765283]), 7: array([125.38769974]), 8: array([125.38768217]), 9: array([125.38760226])}
2025-05-12 10:36:26,736 - DEBUG - util_fusion - fusion_dual_defense - client 1 norm scores: {0: array([0.57269856]), 1: array([0.1255668]), 2: array([0.14707755]), 3: array([0.14310421]), 4: array([0.92514487]), 5: array([0.]), 6: array([0.77104337]), 7: array([1.]), 8: array([0.91424165]), 9: array([0.52428956])}
2025-05-12 10:36:26,737 - DEBUG - util_fusion - fusion_dual_defense - client 1 similarity threshold: 0.5123166582375768
2025-05-12 10:36:26,737 - INFO - util_fusion - fusion_dual_defense - client 1 selected fusion benigns: [0, 4, 6, 7, 8, 9]
2025-05-12 10:36:26,745 - DEBUG - util_fusion - fusion_dual_defense - client 2 scores: {0: array([125.38761218]), 1: array([125.38752056]), 2: array([125.38752497]), 3: array([125.38752416]), 4: array([125.3876844]), 5: array([125.38749483]), 6: array([125.38765283]), 7: array([125.38769974]), 8: array([125.38768217]), 9: array([125.38760226])}
2025-05-12 10:36:26,745 - DEBUG - util_fusion - fusion_dual_defense - client 2 norm scores: {0: array([0.57269856]), 1: array([0.1255668]), 2: array([0.14707755]), 3: array([0.14310421]), 4: array([0.92514487]), 5: array([0.]), 6: array([0.77104337]), 7: array([1.]), 8: array([0.91424165]), 9: array([0.52428956])}
2025-05-12 10:36:26,746 - DEBUG - util_fusion - fusion_dual_defense - client 2 similarity threshold: 0.5123166582375768
2025-05-12 10:36:26,746 - INFO - util_fusion - fusion_dual_defense - client 2 selected fusion benigns: [0, 4, 6, 7, 8, 9]
2025-05-12 10:36:26,754 - DEBUG - util_fusion - fusion_dual_defense - client 3 scores: {0: array([125.38761218]), 1: array([125.38752056]), 2: array([125.38752497]), 3: array([125.38752416]), 4: array([125.3876844]), 5: array([125.38749483]), 6: array([125.38765283]), 7: array([125.38769974]), 8: array([125.38768217]), 9: array([125.38760226])}
2025-05-12 10:36:26,754 - DEBUG - util_fusion - fusion_dual_defense - client 3 norm scores: {0: array([0.57269856]), 1: array([0.1255668]), 2: array([0.14707755]), 3: array([0.14310421]), 4: array([0.92514487]), 5: array([0.]), 6: array([0.77104337]), 7: array([1.]), 8: array([0.91424165]), 9: array([0.52428956])}
2025-05-12 10:36:26,755 - DEBUG - util_fusion - fusion_dual_defense - client 3 similarity threshold: 0.5123166582375768
2025-05-12 10:36:26,755 - INFO - util_fusion - fusion_dual_defense - client 3 selected fusion benigns: [0, 4, 6, 7, 8, 9]
2025-05-12 10:36:26,763 - DEBUG - util_fusion - fusion_dual_defense - client 4 scores: {0: array([125.38761218]), 1: array([125.38752056]), 2: array([125.38752497]), 3: array([125.38752416]), 4: array([125.3876844]), 5: array([125.38749483]), 6: array([125.38765283]), 7: array([125.38769974]), 8: array([125.38768217]), 9: array([125.38760226])}
2025-05-12 10:36:26,763 - DEBUG - util_fusion - fusion_dual_defense - client 4 norm scores: {0: array([0.57269856]), 1: array([0.1255668]), 2: array([0.14707755]), 3: array([0.14310421]), 4: array([0.92514487]), 5: array([0.]), 6: array([0.77104337]), 7: array([1.]), 8: array([0.91424165]), 9: array([0.52428956])}
2025-05-12 10:36:26,763 - DEBUG - util_fusion - fusion_dual_defense - client 4 similarity threshold: 0.5123166582375768
2025-05-12 10:36:26,764 - INFO - util_fusion - fusion_dual_defense - client 4 selected fusion benigns: [0, 4, 6, 7, 8, 9]
2025-05-12 10:36:26,772 - DEBUG - util_fusion - fusion_dual_defense - client 5 scores: {0: array([125.38761218]), 1: array([125.38752056]), 2: array([125.38752497]), 3: array([125.38752416]), 4: array([125.3876844]), 5: array([125.38749483]), 6: array([125.38765283]), 7: array([125.38769974]), 8: array([125.38768217]), 9: array([125.38760226])}
2025-05-12 10:36:26,772 - DEBUG - util_fusion - fusion_dual_defense - client 5 norm scores: {0: array([0.57269856]), 1: array([0.1255668]), 2: array([0.14707755]), 3: array([0.14310421]), 4: array([0.92514487]), 5: array([0.]), 6: array([0.77104337]), 7: array([1.]), 8: array([0.91424165]), 9: array([0.52428956])}
2025-05-12 10:36:26,772 - DEBUG - util_fusion - fusion_dual_defense - client 5 similarity threshold: 0.5123166582375768
2025-05-12 10:36:26,773 - INFO - util_fusion - fusion_dual_defense - client 5 selected fusion benigns: [0, 4, 6, 7, 8, 9]
2025-05-12 10:36:26,781 - DEBUG - util_fusion - fusion_dual_defense - client 6 scores: {0: array([125.38761218]), 1: array([125.38752056]), 2: array([125.38752497]), 3: array([125.38752416]), 4: array([125.3876844]), 5: array([125.38749483]), 6: array([125.38765283]), 7: array([125.38769974]), 8: array([125.38768217]), 9: array([125.38760226])}
2025-05-12 10:36:26,781 - DEBUG - util_fusion - fusion_dual_defense - client 6 norm scores: {0: array([0.57269856]), 1: array([0.1255668]), 2: array([0.14707755]), 3: array([0.14310421]), 4: array([0.92514487]), 5: array([0.]), 6: array([0.77104337]), 7: array([1.]), 8: array([0.91424165]), 9: array([0.52428956])}
2025-05-12 10:36:26,781 - DEBUG - util_fusion - fusion_dual_defense - client 6 similarity threshold: 0.5123166582375768
2025-05-12 10:36:26,781 - INFO - util_fusion - fusion_dual_defense - client 6 selected fusion benigns: [0, 4, 6, 7, 8, 9]
2025-05-12 10:36:26,790 - DEBUG - util_fusion - fusion_dual_defense - client 7 scores: {0: array([125.38761218]), 1: array([125.38752056]), 2: array([125.38752497]), 3: array([125.38752416]), 4: array([125.3876844]), 5: array([125.38749483]), 6: array([125.38765283]), 7: array([125.38769974]), 8: array([125.38768217]), 9: array([125.38760226])}
2025-05-12 10:36:26,790 - DEBUG - util_fusion - fusion_dual_defense - client 7 norm scores: {0: array([0.57269856]), 1: array([0.1255668]), 2: array([0.14707755]), 3: array([0.14310421]), 4: array([0.92514487]), 5: array([0.]), 6: array([0.77104337]), 7: array([1.]), 8: array([0.91424165]), 9: array([0.52428956])}
2025-05-12 10:36:26,790 - DEBUG - util_fusion - fusion_dual_defense - client 7 similarity threshold: 0.5123166582375768
2025-05-12 10:36:26,791 - INFO - util_fusion - fusion_dual_defense - client 7 selected fusion benigns: [0, 4, 6, 7, 8, 9]
2025-05-12 10:36:26,799 - DEBUG - util_fusion - fusion_dual_defense - client 8 scores: {0: array([125.38761218]), 1: array([125.38752056]), 2: array([125.38752497]), 3: array([125.38752416]), 4: array([125.3876844]), 5: array([125.38749483]), 6: array([125.38765283]), 7: array([125.38769974]), 8: array([125.38768217]), 9: array([125.38760226])}
2025-05-12 10:36:26,799 - DEBUG - util_fusion - fusion_dual_defense - client 8 norm scores: {0: array([0.57269856]), 1: array([0.1255668]), 2: array([0.14707755]), 3: array([0.14310421]), 4: array([0.92514487]), 5: array([0.]), 6: array([0.77104337]), 7: array([1.]), 8: array([0.91424165]), 9: array([0.52428956])}
2025-05-12 10:36:26,799 - DEBUG - util_fusion - fusion_dual_defense - client 8 similarity threshold: 0.5123166582375768
2025-05-12 10:36:26,799 - INFO - util_fusion - fusion_dual_defense - client 8 selected fusion benigns: [0, 4, 6, 7, 8, 9]
2025-05-12 10:36:26,808 - DEBUG - util_fusion - fusion_dual_defense - client 9 scores: {0: array([125.38761218]), 1: array([125.38752056]), 2: array([125.38752497]), 3: array([125.38752416]), 4: array([125.3876844]), 5: array([125.38749483]), 6: array([125.38765283]), 7: array([125.38769974]), 8: array([125.38768217]), 9: array([125.38760226])}
2025-05-12 10:36:26,808 - DEBUG - util_fusion - fusion_dual_defense - client 9 norm scores: {0: array([0.57269856]), 1: array([0.1255668]), 2: array([0.14707755]), 3: array([0.14310421]), 4: array([0.92514487]), 5: array([0.]), 6: array([0.77104337]), 7: array([1.]), 8: array([0.91424165]), 9: array([0.52428956])}
2025-05-12 10:36:26,808 - DEBUG - util_fusion - fusion_dual_defense - client 9 similarity threshold: 0.5123166582375768
2025-05-12 10:36:26,808 - INFO - util_fusion - fusion_dual_defense - client 9 selected fusion benigns: [0, 4, 6, 7, 8, 9]
2025-05-12 10:36:26,809 - DEBUG - util_fusion - fusion_dual_defense - final fusion benigns: (0, 4, 6, 7, 8, 9)
2025-05-12 10:36:28,564 - INFO - fl - start - global side -  test accuracy: 11.35
2025-05-12 10:36:28,564 - INFO - fl - start - global side iteration 12 -  test accuracy: 11.35
2025-05-12 10:36:28,565 - INFO - fl - start - start training round 13
2025-05-12 10:36:28,566 - INFO - fl - start - round 13 attackers: [9, 3]
2025-05-12 10:36:28,566 - INFO - fl - start - start client 0 training
2025-05-12 10:36:28,566 - INFO - fl - client_local_train - client 0 start local training ...
2025-05-12 10:36:34,117 - INFO - fl - start - end client 0 training
2025-05-12 10:36:34,117 - INFO - fl - start - client 0 evaluation metrics: {'train_loss': 2.221898976494284, 'test_acc': 9.82}
2025-05-12 10:36:34,117 - INFO - fl - start - start client 1 training
2025-05-12 10:36:34,117 - INFO - fl - client_local_train - client 1 start local training ...
2025-05-12 10:36:37,849 - INFO - fl - start - end client 1 training
2025-05-12 10:36:37,849 - INFO - fl - start - client 1 evaluation metrics: {'train_loss': 1.1315563197793632, 'test_acc': 10.09}
2025-05-12 10:36:37,849 - INFO - fl - start - start client 2 training
2025-05-12 10:36:37,849 - INFO - fl - client_local_train - client 2 start local training ...
2025-05-12 10:36:41,971 - INFO - fl - start - end client 2 training
2025-05-12 10:36:41,972 - INFO - fl - start - client 2 evaluation metrics: {'train_loss': 2.3887287623742046, 'test_acc': 8.92}
2025-05-12 10:36:41,972 - INFO - fl - start - start client 3 training
2025-05-12 10:36:41,972 - INFO - fl - client_local_train - client 3 start local training ...
2025-05-12 10:36:44,050 - INFO - fl - client_local_train - client 3 is attacker, start poisoning model
2025-05-12 10:36:47,857 - INFO - fl - start - end client 3 training
2025-05-12 10:36:47,857 - INFO - fl - start - client 3 evaluation metrics: {'train_loss': 22.37888215482235, 'test_acc': 9.82}
2025-05-12 10:36:47,858 - INFO - fl - start - start client 4 training
2025-05-12 10:36:47,858 - INFO - fl - client_local_train - client 4 start local training ...
2025-05-12 10:36:54,651 - INFO - fl - start - end client 4 training
2025-05-12 10:36:54,651 - INFO - fl - start - client 4 evaluation metrics: {'train_loss': 1.5999760045246645, 'test_acc': 11.35}
2025-05-12 10:36:54,651 - INFO - fl - start - start client 5 training
2025-05-12 10:36:54,651 - INFO - fl - client_local_train - client 5 start local training ...
2025-05-12 10:36:57,490 - INFO - fl - start - end client 5 training
2025-05-12 10:36:57,490 - INFO - fl - start - client 5 evaluation metrics: {'train_loss': 3.980902658926474, 'test_acc': 10.09}
2025-05-12 10:36:57,491 - INFO - fl - start - start client 6 training
2025-05-12 10:36:57,491 - INFO - fl - client_local_train - client 6 start local training ...
2025-05-12 10:37:03,613 - INFO - fl - start - end client 6 training
2025-05-12 10:37:03,613 - INFO - fl - start - client 6 evaluation metrics: {'train_loss': 4.653020460030128, 'test_acc': 10.1}
2025-05-12 10:37:03,613 - INFO - fl - start - start client 7 training
2025-05-12 10:37:03,613 - INFO - fl - client_local_train - client 7 start local training ...
2025-05-12 10:37:10,460 - INFO - fl - start - end client 7 training
2025-05-12 10:37:10,460 - INFO - fl - start - client 7 evaluation metrics: {'train_loss': 1.413330695967176, 'test_acc': 10.1}
2025-05-12 10:37:10,460 - INFO - fl - start - start client 8 training
2025-05-12 10:37:10,460 - INFO - fl - client_local_train - client 8 start local training ...
2025-05-12 10:37:17,274 - INFO - fl - start - end client 8 training
2025-05-12 10:37:17,274 - INFO - fl - start - client 8 evaluation metrics: {'train_loss': 4.25158571211019, 'test_acc': 9.58}
2025-05-12 10:37:17,274 - INFO - fl - start - start client 9 training
2025-05-12 10:37:17,274 - INFO - fl - client_local_train - client 9 start local training ...
2025-05-12 10:37:20,443 - INFO - fl - client_local_train - client 9 is attacker, start poisoning model
2025-05-12 10:37:24,825 - INFO - fl - start - end client 9 training
2025-05-12 10:37:24,825 - INFO - fl - start - client 9 evaluation metrics: {'train_loss': 5.312000753928204, 'test_acc': 10.32}
2025-05-12 10:37:24,825 - INFO - fl - aggregate_model - start model aggregation...fusion method: dual_defense
2025-05-12 10:37:24,825 - INFO - fl - aggregate_model - start hyper-guard fusion with epsilon 0.01
2025-05-12 10:37:24,825 - INFO - fl - aggregate_model - round 13 attackers: [9, 3]
2025-05-12 10:37:35,620 - DEBUG - util_fusion - fusion_dual_defense - client 0 scores: {0: array([209.00392967]), 1: array([209.00330325]), 2: array([209.00346049]), 3: array([209.00337594]), 4: array([209.00421359]), 5: array([209.00296908]), 6: array([209.00406262]), 7: array([209.00421446]), 8: array([209.00419388]), 9: array([209.00389601])}
2025-05-12 10:37:35,621 - DEBUG - util_fusion - fusion_dual_defense - client 0 norm scores: {0: array([0.77132389]), 1: array([0.26832509]), 2: array([0.39458761]), 3: array([0.32669304]), 4: array([0.99930315]), 5: array([0.]), 6: array([0.87807859]), 7: array([1.]), 8: array([0.98347889]), 9: array([0.74429685])}
2025-05-12 10:37:35,621 - DEBUG - util_fusion - fusion_dual_defense - client 0 similarity threshold: 0.6366087103861191
2025-05-12 10:37:35,621 - INFO - util_fusion - fusion_dual_defense - client 0 selected fusion benigns: [0, 4, 6, 7, 8, 9]
2025-05-12 10:37:35,630 - DEBUG - util_fusion - fusion_dual_defense - client 1 scores: {0: array([209.00392967]), 1: array([209.00330325]), 2: array([209.00346049]), 3: array([209.00337594]), 4: array([209.00421359]), 5: array([209.00296908]), 6: array([209.00406262]), 7: array([209.00421446]), 8: array([209.00419388]), 9: array([209.00389601])}
2025-05-12 10:37:35,630 - DEBUG - util_fusion - fusion_dual_defense - client 1 norm scores: {0: array([0.77132389]), 1: array([0.26832509]), 2: array([0.39458761]), 3: array([0.32669304]), 4: array([0.99930315]), 5: array([0.]), 6: array([0.87807859]), 7: array([1.]), 8: array([0.98347889]), 9: array([0.74429685])}
2025-05-12 10:37:35,630 - DEBUG - util_fusion - fusion_dual_defense - client 1 similarity threshold: 0.6366087103861191
2025-05-12 10:37:35,630 - INFO - util_fusion - fusion_dual_defense - client 1 selected fusion benigns: [0, 4, 6, 7, 8, 9]
2025-05-12 10:37:35,639 - DEBUG - util_fusion - fusion_dual_defense - client 2 scores: {0: array([209.00392967]), 1: array([209.00330325]), 2: array([209.00346049]), 3: array([209.00337594]), 4: array([209.00421359]), 5: array([209.00296908]), 6: array([209.00406262]), 7: array([209.00421446]), 8: array([209.00419388]), 9: array([209.00389601])}
2025-05-12 10:37:35,639 - DEBUG - util_fusion - fusion_dual_defense - client 2 norm scores: {0: array([0.77132389]), 1: array([0.26832509]), 2: array([0.39458761]), 3: array([0.32669304]), 4: array([0.99930315]), 5: array([0.]), 6: array([0.87807859]), 7: array([1.]), 8: array([0.98347889]), 9: array([0.74429685])}
2025-05-12 10:37:35,639 - DEBUG - util_fusion - fusion_dual_defense - client 2 similarity threshold: 0.6366087103861191
2025-05-12 10:37:35,639 - INFO - util_fusion - fusion_dual_defense - client 2 selected fusion benigns: [0, 4, 6, 7, 8, 9]
2025-05-12 10:37:35,648 - DEBUG - util_fusion - fusion_dual_defense - client 3 scores: {0: array([209.00392967]), 1: array([209.00330325]), 2: array([209.00346049]), 3: array([209.00337594]), 4: array([209.00421359]), 5: array([209.00296908]), 6: array([209.00406262]), 7: array([209.00421446]), 8: array([209.00419388]), 9: array([209.00389601])}
2025-05-12 10:37:35,648 - DEBUG - util_fusion - fusion_dual_defense - client 3 norm scores: {0: array([0.77132389]), 1: array([0.26832509]), 2: array([0.39458761]), 3: array([0.32669304]), 4: array([0.99930315]), 5: array([0.]), 6: array([0.87807859]), 7: array([1.]), 8: array([0.98347889]), 9: array([0.74429685])}
2025-05-12 10:37:35,648 - DEBUG - util_fusion - fusion_dual_defense - client 3 similarity threshold: 0.6366087103861191
2025-05-12 10:37:35,648 - INFO - util_fusion - fusion_dual_defense - client 3 selected fusion benigns: [0, 4, 6, 7, 8, 9]
2025-05-12 10:37:35,657 - DEBUG - util_fusion - fusion_dual_defense - client 4 scores: {0: array([209.00392967]), 1: array([209.00330325]), 2: array([209.00346049]), 3: array([209.00337594]), 4: array([209.00421359]), 5: array([209.00296908]), 6: array([209.00406262]), 7: array([209.00421446]), 8: array([209.00419388]), 9: array([209.00389601])}
2025-05-12 10:37:35,657 - DEBUG - util_fusion - fusion_dual_defense - client 4 norm scores: {0: array([0.77132389]), 1: array([0.26832509]), 2: array([0.39458761]), 3: array([0.32669304]), 4: array([0.99930315]), 5: array([0.]), 6: array([0.87807859]), 7: array([1.]), 8: array([0.98347889]), 9: array([0.74429685])}
2025-05-12 10:37:35,657 - DEBUG - util_fusion - fusion_dual_defense - client 4 similarity threshold: 0.6366087103861191
2025-05-12 10:37:35,657 - INFO - util_fusion - fusion_dual_defense - client 4 selected fusion benigns: [0, 4, 6, 7, 8, 9]
2025-05-12 10:37:35,666 - DEBUG - util_fusion - fusion_dual_defense - client 5 scores: {0: array([209.00392967]), 1: array([209.00330325]), 2: array([209.00346049]), 3: array([209.00337594]), 4: array([209.00421359]), 5: array([209.00296908]), 6: array([209.00406262]), 7: array([209.00421446]), 8: array([209.00419388]), 9: array([209.00389601])}
2025-05-12 10:37:35,666 - DEBUG - util_fusion - fusion_dual_defense - client 5 norm scores: {0: array([0.77132389]), 1: array([0.26832509]), 2: array([0.39458761]), 3: array([0.32669304]), 4: array([0.99930315]), 5: array([0.]), 6: array([0.87807859]), 7: array([1.]), 8: array([0.98347889]), 9: array([0.74429685])}
2025-05-12 10:37:35,666 - DEBUG - util_fusion - fusion_dual_defense - client 5 similarity threshold: 0.6366087103861191
2025-05-12 10:37:35,666 - INFO - util_fusion - fusion_dual_defense - client 5 selected fusion benigns: [0, 4, 6, 7, 8, 9]
2025-05-12 10:37:35,675 - DEBUG - util_fusion - fusion_dual_defense - client 6 scores: {0: array([209.00392967]), 1: array([209.00330325]), 2: array([209.00346049]), 3: array([209.00337594]), 4: array([209.00421359]), 5: array([209.00296908]), 6: array([209.00406262]), 7: array([209.00421446]), 8: array([209.00419388]), 9: array([209.00389601])}
2025-05-12 10:37:35,675 - DEBUG - util_fusion - fusion_dual_defense - client 6 norm scores: {0: array([0.77132389]), 1: array([0.26832509]), 2: array([0.39458761]), 3: array([0.32669304]), 4: array([0.99930315]), 5: array([0.]), 6: array([0.87807859]), 7: array([1.]), 8: array([0.98347889]), 9: array([0.74429685])}
2025-05-12 10:37:35,675 - DEBUG - util_fusion - fusion_dual_defense - client 6 similarity threshold: 0.6366087103861191
2025-05-12 10:37:35,675 - INFO - util_fusion - fusion_dual_defense - client 6 selected fusion benigns: [0, 4, 6, 7, 8, 9]
2025-05-12 10:37:35,684 - DEBUG - util_fusion - fusion_dual_defense - client 7 scores: {0: array([209.00392967]), 1: array([209.00330325]), 2: array([209.00346049]), 3: array([209.00337594]), 4: array([209.00421359]), 5: array([209.00296908]), 6: array([209.00406262]), 7: array([209.00421446]), 8: array([209.00419388]), 9: array([209.00389601])}
2025-05-12 10:37:35,684 - DEBUG - util_fusion - fusion_dual_defense - client 7 norm scores: {0: array([0.77132389]), 1: array([0.26832509]), 2: array([0.39458761]), 3: array([0.32669304]), 4: array([0.99930315]), 5: array([0.]), 6: array([0.87807859]), 7: array([1.]), 8: array([0.98347889]), 9: array([0.74429685])}
2025-05-12 10:37:35,684 - DEBUG - util_fusion - fusion_dual_defense - client 7 similarity threshold: 0.6366087103861191
2025-05-12 10:37:35,684 - INFO - util_fusion - fusion_dual_defense - client 7 selected fusion benigns: [0, 4, 6, 7, 8, 9]
2025-05-12 10:37:35,693 - DEBUG - util_fusion - fusion_dual_defense - client 8 scores: {0: array([209.00392967]), 1: array([209.00330325]), 2: array([209.00346049]), 3: array([209.00337594]), 4: array([209.00421359]), 5: array([209.00296908]), 6: array([209.00406262]), 7: array([209.00421446]), 8: array([209.00419388]), 9: array([209.00389601])}
2025-05-12 10:37:35,693 - DEBUG - util_fusion - fusion_dual_defense - client 8 norm scores: {0: array([0.77132389]), 1: array([0.26832509]), 2: array([0.39458761]), 3: array([0.32669304]), 4: array([0.99930315]), 5: array([0.]), 6: array([0.87807859]), 7: array([1.]), 8: array([0.98347889]), 9: array([0.74429685])}
2025-05-12 10:37:35,693 - DEBUG - util_fusion - fusion_dual_defense - client 8 similarity threshold: 0.6366087103861191
2025-05-12 10:37:35,693 - INFO - util_fusion - fusion_dual_defense - client 8 selected fusion benigns: [0, 4, 6, 7, 8, 9]
2025-05-12 10:37:35,702 - DEBUG - util_fusion - fusion_dual_defense - client 9 scores: {0: array([209.00392967]), 1: array([209.00330325]), 2: array([209.00346049]), 3: array([209.00337594]), 4: array([209.00421359]), 5: array([209.00296908]), 6: array([209.00406262]), 7: array([209.00421446]), 8: array([209.00419388]), 9: array([209.00389601])}
2025-05-12 10:37:35,702 - DEBUG - util_fusion - fusion_dual_defense - client 9 norm scores: {0: array([0.77132389]), 1: array([0.26832509]), 2: array([0.39458761]), 3: array([0.32669304]), 4: array([0.99930315]), 5: array([0.]), 6: array([0.87807859]), 7: array([1.]), 8: array([0.98347889]), 9: array([0.74429685])}
2025-05-12 10:37:35,702 - DEBUG - util_fusion - fusion_dual_defense - client 9 similarity threshold: 0.6366087103861191
2025-05-12 10:37:35,702 - INFO - util_fusion - fusion_dual_defense - client 9 selected fusion benigns: [0, 4, 6, 7, 8, 9]
2025-05-12 10:37:35,702 - DEBUG - util_fusion - fusion_dual_defense - final fusion benigns: (0, 4, 6, 7, 8, 9)
2025-05-12 10:37:37,457 - INFO - fl - start - global side -  test accuracy: 10.32
2025-05-12 10:37:37,458 - INFO - fl - start - global side iteration 13 -  test accuracy: 10.32
2025-05-12 10:37:37,458 - INFO - fl - start - start training round 14
2025-05-12 10:37:37,460 - INFO - fl - start - round 14 attackers: [5, 4]
2025-05-12 10:37:37,460 - INFO - fl - start - start client 0 training
2025-05-12 10:37:37,460 - INFO - fl - client_local_train - client 0 start local training ...
2025-05-12 10:37:42,964 - INFO - fl - start - end client 0 training
2025-05-12 10:37:42,964 - INFO - fl - start - client 0 evaluation metrics: {'train_loss': 2.8913350105285645, 'test_acc': 9.82}
2025-05-12 10:37:42,964 - INFO - fl - start - start client 1 training
2025-05-12 10:37:42,964 - INFO - fl - client_local_train - client 1 start local training ...
2025-05-12 10:37:46,705 - INFO - fl - start - end client 1 training
2025-05-12 10:37:46,706 - INFO - fl - start - client 1 evaluation metrics: {'train_loss': 1.2916405838111351, 'test_acc': 10.09}
2025-05-12 10:37:46,706 - INFO - fl - start - start client 2 training
2025-05-12 10:37:46,706 - INFO - fl - client_local_train - client 2 start local training ...
2025-05-12 10:37:50,836 - INFO - fl - start - end client 2 training
2025-05-12 10:37:50,836 - INFO - fl - start - client 2 evaluation metrics: {'train_loss': 4.244295491891749, 'test_acc': 8.92}
2025-05-12 10:37:50,836 - INFO - fl - start - start client 3 training
2025-05-12 10:37:50,836 - INFO - fl - client_local_train - client 3 start local training ...
2025-05-12 10:37:54,806 - INFO - fl - start - end client 3 training
2025-05-12 10:37:54,806 - INFO - fl - start - client 3 evaluation metrics: {'train_loss': 6.324735723435879, 'test_acc': 9.82}
2025-05-12 10:37:54,806 - INFO - fl - start - start client 4 training
2025-05-12 10:37:54,806 - INFO - fl - client_local_train - client 4 start local training ...
2025-05-12 10:37:59,085 - INFO - fl - client_local_train - client 4 is attacker, start poisoning model
2025-05-12 10:38:04,073 - INFO - fl - start - end client 4 training
2025-05-12 10:38:04,073 - INFO - fl - start - client 4 evaluation metrics: {'train_loss': 10.088699702060584, 'test_acc': 11.35}
2025-05-12 10:38:04,073 - INFO - fl - start - start client 5 training
2025-05-12 10:38:04,073 - INFO - fl - client_local_train - client 5 start local training ...
2025-05-12 10:38:05,259 - INFO - fl - client_local_train - client 5 is attacker, start poisoning model
2025-05-12 10:38:08,588 - INFO - fl - start - end client 5 training
2025-05-12 10:38:08,588 - INFO - fl - start - client 5 evaluation metrics: {'train_loss': 39.632200808138464, 'test_acc': 10.09}
2025-05-12 10:38:08,588 - INFO - fl - start - start client 6 training
2025-05-12 10:38:08,588 - INFO - fl - client_local_train - client 6 start local training ...
2025-05-12 10:38:14,683 - INFO - fl - start - end client 6 training
2025-05-12 10:38:14,683 - INFO - fl - start - client 6 evaluation metrics: {'train_loss': 16.93972765988317, 'test_acc': 10.1}
2025-05-12 10:38:14,683 - INFO - fl - start - start client 7 training
2025-05-12 10:38:14,683 - INFO - fl - client_local_train - client 7 start local training ...
2025-05-12 10:38:21,522 - INFO - fl - start - end client 7 training
2025-05-12 10:38:21,522 - INFO - fl - start - client 7 evaluation metrics: {'train_loss': 1.5312082402741731, 'test_acc': 10.1}
2025-05-12 10:38:21,522 - INFO - fl - start - start client 8 training
2025-05-12 10:38:21,522 - INFO - fl - client_local_train - client 8 start local training ...
2025-05-12 10:38:28,346 - INFO - fl - start - end client 8 training
2025-05-12 10:38:28,346 - INFO - fl - start - client 8 evaluation metrics: {'train_loss': 7.598130672497857, 'test_acc': 9.58}
2025-05-12 10:38:28,346 - INFO - fl - start - start client 9 training
2025-05-12 10:38:28,346 - INFO - fl - client_local_train - client 9 start local training ...
2025-05-12 10:38:33,714 - INFO - fl - start - end client 9 training
2025-05-12 10:38:33,714 - INFO - fl - start - client 9 evaluation metrics: {'train_loss': 1.6234599011284965, 'test_acc': 10.32}
2025-05-12 10:38:33,714 - INFO - fl - aggregate_model - start model aggregation...fusion method: dual_defense
2025-05-12 10:38:33,714 - INFO - fl - aggregate_model - start hyper-guard fusion with epsilon 0.01
2025-05-12 10:38:33,714 - INFO - fl - aggregate_model - round 14 attackers: [4, 5]
2025-05-12 10:38:44,530 - DEBUG - util_fusion - fusion_dual_defense - client 0 scores: {0: array([90.01920188]), 1: array([90.01856946]), 2: array([90.01870964]), 3: array([90.01865492]), 4: array([90.01957186]), 5: array([90.01822221]), 6: array([90.01937716]), 7: array([90.01959123]), 8: array([90.0195757]), 9: array([90.01913329])}
2025-05-12 10:38:44,531 - DEBUG - util_fusion - fusion_dual_defense - client 0 norm scores: {0: array([0.71559678]), 1: array([0.25364724]), 2: array([0.35604699]), 3: array([0.31607089]), 4: array([0.9858473]), 5: array([0.]), 6: array([0.84363276]), 7: array([1.]), 8: array([0.98865554]), 9: array([0.66549753])}
2025-05-12 10:38:44,531 - DEBUG - util_fusion - fusion_dual_defense - client 0 similarity threshold: 0.6124995032559835
2025-05-12 10:38:44,531 - INFO - util_fusion - fusion_dual_defense - client 0 selected fusion benigns: [0, 4, 6, 7, 8, 9]
2025-05-12 10:38:44,539 - DEBUG - util_fusion - fusion_dual_defense - client 1 scores: {0: array([90.01920188]), 1: array([90.01856946]), 2: array([90.01870964]), 3: array([90.01865492]), 4: array([90.01957186]), 5: array([90.01822221]), 6: array([90.01937716]), 7: array([90.01959123]), 8: array([90.0195757]), 9: array([90.01913329])}
2025-05-12 10:38:44,540 - DEBUG - util_fusion - fusion_dual_defense - client 1 norm scores: {0: array([0.71559678]), 1: array([0.25364724]), 2: array([0.35604699]), 3: array([0.31607089]), 4: array([0.9858473]), 5: array([0.]), 6: array([0.84363276]), 7: array([1.]), 8: array([0.98865554]), 9: array([0.66549753])}
2025-05-12 10:38:44,540 - DEBUG - util_fusion - fusion_dual_defense - client 1 similarity threshold: 0.6124995032559835
2025-05-12 10:38:44,540 - INFO - util_fusion - fusion_dual_defense - client 1 selected fusion benigns: [0, 4, 6, 7, 8, 9]
2025-05-12 10:38:44,548 - DEBUG - util_fusion - fusion_dual_defense - client 2 scores: {0: array([90.01920188]), 1: array([90.01856946]), 2: array([90.01870964]), 3: array([90.01865492]), 4: array([90.01957186]), 5: array([90.01822221]), 6: array([90.01937716]), 7: array([90.01959123]), 8: array([90.0195757]), 9: array([90.01913329])}
2025-05-12 10:38:44,549 - DEBUG - util_fusion - fusion_dual_defense - client 2 norm scores: {0: array([0.71559678]), 1: array([0.25364724]), 2: array([0.35604699]), 3: array([0.31607089]), 4: array([0.9858473]), 5: array([0.]), 6: array([0.84363276]), 7: array([1.]), 8: array([0.98865554]), 9: array([0.66549753])}
2025-05-12 10:38:44,549 - DEBUG - util_fusion - fusion_dual_defense - client 2 similarity threshold: 0.6124995032559835
2025-05-12 10:38:44,549 - INFO - util_fusion - fusion_dual_defense - client 2 selected fusion benigns: [0, 4, 6, 7, 8, 9]
2025-05-12 10:38:44,557 - DEBUG - util_fusion - fusion_dual_defense - client 3 scores: {0: array([90.01920188]), 1: array([90.01856946]), 2: array([90.01870964]), 3: array([90.01865492]), 4: array([90.01957186]), 5: array([90.01822221]), 6: array([90.01937716]), 7: array([90.01959123]), 8: array([90.0195757]), 9: array([90.01913329])}
2025-05-12 10:38:44,558 - DEBUG - util_fusion - fusion_dual_defense - client 3 norm scores: {0: array([0.71559678]), 1: array([0.25364724]), 2: array([0.35604699]), 3: array([0.31607089]), 4: array([0.9858473]), 5: array([0.]), 6: array([0.84363276]), 7: array([1.]), 8: array([0.98865554]), 9: array([0.66549753])}
2025-05-12 10:38:44,558 - DEBUG - util_fusion - fusion_dual_defense - client 3 similarity threshold: 0.6124995032559835
2025-05-12 10:38:44,558 - INFO - util_fusion - fusion_dual_defense - client 3 selected fusion benigns: [0, 4, 6, 7, 8, 9]
2025-05-12 10:38:44,566 - DEBUG - util_fusion - fusion_dual_defense - client 4 scores: {0: array([90.01920188]), 1: array([90.01856946]), 2: array([90.01870964]), 3: array([90.01865492]), 4: array([90.01957186]), 5: array([90.01822221]), 6: array([90.01937716]), 7: array([90.01959123]), 8: array([90.0195757]), 9: array([90.01913329])}
2025-05-12 10:38:44,567 - DEBUG - util_fusion - fusion_dual_defense - client 4 norm scores: {0: array([0.71559678]), 1: array([0.25364724]), 2: array([0.35604699]), 3: array([0.31607089]), 4: array([0.9858473]), 5: array([0.]), 6: array([0.84363276]), 7: array([1.]), 8: array([0.98865554]), 9: array([0.66549753])}
2025-05-12 10:38:44,567 - DEBUG - util_fusion - fusion_dual_defense - client 4 similarity threshold: 0.6124995032559835
2025-05-12 10:38:44,567 - INFO - util_fusion - fusion_dual_defense - client 4 selected fusion benigns: [0, 4, 6, 7, 8, 9]
2025-05-12 10:38:44,575 - DEBUG - util_fusion - fusion_dual_defense - client 5 scores: {0: array([90.01920188]), 1: array([90.01856946]), 2: array([90.01870964]), 3: array([90.01865492]), 4: array([90.01957186]), 5: array([90.01822221]), 6: array([90.01937716]), 7: array([90.01959123]), 8: array([90.0195757]), 9: array([90.01913329])}
2025-05-12 10:38:44,576 - DEBUG - util_fusion - fusion_dual_defense - client 5 norm scores: {0: array([0.71559678]), 1: array([0.25364724]), 2: array([0.35604699]), 3: array([0.31607089]), 4: array([0.9858473]), 5: array([0.]), 6: array([0.84363276]), 7: array([1.]), 8: array([0.98865554]), 9: array([0.66549753])}
2025-05-12 10:38:44,576 - DEBUG - util_fusion - fusion_dual_defense - client 5 similarity threshold: 0.6124995032559835
2025-05-12 10:38:44,576 - INFO - util_fusion - fusion_dual_defense - client 5 selected fusion benigns: [0, 4, 6, 7, 8, 9]
2025-05-12 10:38:44,584 - DEBUG - util_fusion - fusion_dual_defense - client 6 scores: {0: array([90.01920188]), 1: array([90.01856946]), 2: array([90.01870964]), 3: array([90.01865492]), 4: array([90.01957186]), 5: array([90.01822221]), 6: array([90.01937716]), 7: array([90.01959123]), 8: array([90.0195757]), 9: array([90.01913329])}
2025-05-12 10:38:44,585 - DEBUG - util_fusion - fusion_dual_defense - client 6 norm scores: {0: array([0.71559678]), 1: array([0.25364724]), 2: array([0.35604699]), 3: array([0.31607089]), 4: array([0.9858473]), 5: array([0.]), 6: array([0.84363276]), 7: array([1.]), 8: array([0.98865554]), 9: array([0.66549753])}
2025-05-12 10:38:44,585 - DEBUG - util_fusion - fusion_dual_defense - client 6 similarity threshold: 0.6124995032559835
2025-05-12 10:38:44,585 - INFO - util_fusion - fusion_dual_defense - client 6 selected fusion benigns: [0, 4, 6, 7, 8, 9]
2025-05-12 10:38:44,593 - DEBUG - util_fusion - fusion_dual_defense - client 7 scores: {0: array([90.01920188]), 1: array([90.01856946]), 2: array([90.01870964]), 3: array([90.01865492]), 4: array([90.01957186]), 5: array([90.01822221]), 6: array([90.01937716]), 7: array([90.01959123]), 8: array([90.0195757]), 9: array([90.01913329])}
2025-05-12 10:38:44,594 - DEBUG - util_fusion - fusion_dual_defense - client 7 norm scores: {0: array([0.71559678]), 1: array([0.25364724]), 2: array([0.35604699]), 3: array([0.31607089]), 4: array([0.9858473]), 5: array([0.]), 6: array([0.84363276]), 7: array([1.]), 8: array([0.98865554]), 9: array([0.66549753])}
2025-05-12 10:38:44,594 - DEBUG - util_fusion - fusion_dual_defense - client 7 similarity threshold: 0.6124995032559835
2025-05-12 10:38:44,594 - INFO - util_fusion - fusion_dual_defense - client 7 selected fusion benigns: [0, 4, 6, 7, 8, 9]
2025-05-12 10:38:44,602 - DEBUG - util_fusion - fusion_dual_defense - client 8 scores: {0: array([90.01920188]), 1: array([90.01856946]), 2: array([90.01870964]), 3: array([90.01865492]), 4: array([90.01957186]), 5: array([90.01822221]), 6: array([90.01937716]), 7: array([90.01959123]), 8: array([90.0195757]), 9: array([90.01913329])}
2025-05-12 10:38:44,603 - DEBUG - util_fusion - fusion_dual_defense - client 8 norm scores: {0: array([0.71559678]), 1: array([0.25364724]), 2: array([0.35604699]), 3: array([0.31607089]), 4: array([0.9858473]), 5: array([0.]), 6: array([0.84363276]), 7: array([1.]), 8: array([0.98865554]), 9: array([0.66549753])}
2025-05-12 10:38:44,603 - DEBUG - util_fusion - fusion_dual_defense - client 8 similarity threshold: 0.6124995032559835
2025-05-12 10:38:44,603 - INFO - util_fusion - fusion_dual_defense - client 8 selected fusion benigns: [0, 4, 6, 7, 8, 9]
2025-05-12 10:38:44,611 - DEBUG - util_fusion - fusion_dual_defense - client 9 scores: {0: array([90.01920188]), 1: array([90.01856946]), 2: array([90.01870964]), 3: array([90.01865492]), 4: array([90.01957186]), 5: array([90.01822221]), 6: array([90.01937716]), 7: array([90.01959123]), 8: array([90.0195757]), 9: array([90.01913329])}
2025-05-12 10:38:44,612 - DEBUG - util_fusion - fusion_dual_defense - client 9 norm scores: {0: array([0.71559678]), 1: array([0.25364724]), 2: array([0.35604699]), 3: array([0.31607089]), 4: array([0.9858473]), 5: array([0.]), 6: array([0.84363276]), 7: array([1.]), 8: array([0.98865554]), 9: array([0.66549753])}
2025-05-12 10:38:44,612 - DEBUG - util_fusion - fusion_dual_defense - client 9 similarity threshold: 0.6124995032559835
2025-05-12 10:38:44,612 - INFO - util_fusion - fusion_dual_defense - client 9 selected fusion benigns: [0, 4, 6, 7, 8, 9]
2025-05-12 10:38:44,612 - DEBUG - util_fusion - fusion_dual_defense - final fusion benigns: (0, 4, 6, 7, 8, 9)
2025-05-12 10:38:46,371 - INFO - fl - start - global side -  test accuracy: 11.35
2025-05-12 10:38:46,372 - INFO - fl - start - global side iteration 14 -  test accuracy: 11.35
2025-05-12 10:38:46,372 - INFO - fl - start - start training round 15
2025-05-12 10:38:46,374 - INFO - fl - start - round 15 attackers: [0, 5]
2025-05-12 10:38:46,374 - INFO - fl - start - start client 0 training
2025-05-12 10:38:46,374 - INFO - fl - client_local_train - client 0 start local training ...
2025-05-12 10:38:49,687 - INFO - fl - client_local_train - client 0 is attacker, start poisoning model
2025-05-12 10:38:54,171 - INFO - fl - start - end client 0 training
2025-05-12 10:38:54,172 - INFO - fl - start - client 0 evaluation metrics: {'train_loss': 30.6372569028069, 'test_acc': 9.82}
2025-05-12 10:38:54,172 - INFO - fl - start - start client 1 training
2025-05-12 10:38:54,172 - INFO - fl - client_local_train - client 1 start local training ...
2025-05-12 10:38:57,918 - INFO - fl - start - end client 1 training
2025-05-12 10:38:57,918 - INFO - fl - start - client 1 evaluation metrics: {'train_loss': 1.7664081289850433, 'test_acc': 10.09}
2025-05-12 10:38:57,918 - INFO - fl - start - start client 2 training
2025-05-12 10:38:57,918 - INFO - fl - client_local_train - client 2 start local training ...
2025-05-12 10:39:02,053 - INFO - fl - start - end client 2 training
2025-05-12 10:39:02,053 - INFO - fl - start - client 2 evaluation metrics: {'train_loss': 9.3876272019218, 'test_acc': 8.92}
2025-05-12 10:39:02,053 - INFO - fl - start - start client 3 training
2025-05-12 10:39:02,053 - INFO - fl - client_local_train - client 3 start local training ...
2025-05-12 10:39:06,038 - INFO - fl - start - end client 3 training
2025-05-12 10:39:06,038 - INFO - fl - start - client 3 evaluation metrics: {'train_loss': 13.468729875981808, 'test_acc': 9.82}
2025-05-12 10:39:06,038 - INFO - fl - start - start client 4 training
2025-05-12 10:39:06,038 - INFO - fl - client_local_train - client 4 start local training ...
2025-05-12 10:39:12,825 - INFO - fl - start - end client 4 training
2025-05-12 10:39:12,826 - INFO - fl - start - client 4 evaluation metrics: {'train_loss': 2.375399566509507, 'test_acc': 11.35}
2025-05-12 10:39:12,826 - INFO - fl - start - start client 5 training
2025-05-12 10:39:12,826 - INFO - fl - client_local_train - client 5 start local training ...
2025-05-12 10:39:13,997 - INFO - fl - client_local_train - client 5 is attacker, start poisoning model
2025-05-12 10:39:17,328 - INFO - fl - start - end client 5 training
2025-05-12 10:39:17,328 - INFO - fl - start - client 5 evaluation metrics: {'train_loss': 78.55640019597234, 'test_acc': 10.09}
2025-05-12 10:39:17,328 - INFO - fl - start - start client 6 training
2025-05-12 10:39:17,328 - INFO - fl - client_local_train - client 6 start local training ...
2025-05-12 10:39:23,467 - INFO - fl - start - end client 6 training
2025-05-12 10:39:23,467 - INFO - fl - start - client 6 evaluation metrics: {'train_loss': 50.491564158735606, 'test_acc': 10.1}
2025-05-12 10:39:23,467 - INFO - fl - start - start client 7 training
2025-05-12 10:39:23,467 - INFO - fl - client_local_train - client 7 start local training ...
2025-05-12 10:39:30,319 - INFO - fl - start - end client 7 training
2025-05-12 10:39:30,319 - INFO - fl - start - client 7 evaluation metrics: {'train_loss': 1.8172468107138107, 'test_acc': 10.1}
2025-05-12 10:39:30,319 - INFO - fl - start - start client 8 training
2025-05-12 10:39:30,319 - INFO - fl - client_local_train - client 8 start local training ...
2025-05-12 10:39:37,126 - INFO - fl - start - end client 8 training
2025-05-12 10:39:37,126 - INFO - fl - start - client 8 evaluation metrics: {'train_loss': 23.4986342093102, 'test_acc': 8.92}
2025-05-12 10:39:37,126 - INFO - fl - start - start client 9 training
2025-05-12 10:39:37,126 - INFO - fl - client_local_train - client 9 start local training ...
2025-05-12 10:39:42,484 - INFO - fl - start - end client 9 training
2025-05-12 10:39:42,484 - INFO - fl - start - client 9 evaluation metrics: {'train_loss': 1.9872136553939508, 'test_acc': 10.32}
2025-05-12 10:39:42,484 - INFO - fl - aggregate_model - start model aggregation...fusion method: dual_defense
2025-05-12 10:39:42,484 - INFO - fl - aggregate_model - start hyper-guard fusion with epsilon 0.01
2025-05-12 10:39:42,484 - INFO - fl - aggregate_model - round 15 attackers: [0, 5]
2025-05-12 10:39:53,300 - DEBUG - util_fusion - fusion_dual_defense - client 0 scores: {0: array([22.12690966]), 1: array([22.12689667]), 2: array([22.12689956]), 3: array([22.12689501]), 4: array([22.12692918]), 5: array([22.1269104]), 6: array([22.1269147]), 7: array([22.12693649]), 8: array([22.12693351]), 9: array([22.12690665])}
2025-05-12 10:39:53,301 - DEBUG - util_fusion - fusion_dual_defense - client 0 norm scores: {0: array([0.35321093]), 1: array([0.04010031]), 2: array([0.10957427]), 3: array([0.]), 4: array([0.82375915]), 5: array([0.37091994]), 6: array([0.47476781]), 7: array([1.]), 8: array([0.92824243]), 9: array([0.28067627])}
2025-05-12 10:39:53,301 - DEBUG - util_fusion - fusion_dual_defense - client 0 similarity threshold: 0.4381251113373999
2025-05-12 10:39:53,301 - INFO - util_fusion - fusion_dual_defense - client 0 selected fusion benigns: [4, 6, 7, 8]
2025-05-12 10:39:53,310 - DEBUG - util_fusion - fusion_dual_defense - client 1 scores: {0: array([22.12690966]), 1: array([22.12689667]), 2: array([22.12689956]), 3: array([22.12689501]), 4: array([22.12692918]), 5: array([22.1269104]), 6: array([22.1269147]), 7: array([22.12693649]), 8: array([22.12693351]), 9: array([22.12690665])}
2025-05-12 10:39:53,310 - DEBUG - util_fusion - fusion_dual_defense - client 1 norm scores: {0: array([0.35321093]), 1: array([0.04010031]), 2: array([0.10957427]), 3: array([0.]), 4: array([0.82375915]), 5: array([0.37091994]), 6: array([0.47476781]), 7: array([1.]), 8: array([0.92824243]), 9: array([0.28067627])}
2025-05-12 10:39:53,311 - DEBUG - util_fusion - fusion_dual_defense - client 1 similarity threshold: 0.4381251113373999
2025-05-12 10:39:53,311 - INFO - util_fusion - fusion_dual_defense - client 1 selected fusion benigns: [4, 6, 7, 8]
2025-05-12 10:39:53,319 - DEBUG - util_fusion - fusion_dual_defense - client 2 scores: {0: array([22.12690966]), 1: array([22.12689667]), 2: array([22.12689956]), 3: array([22.12689501]), 4: array([22.12692918]), 5: array([22.1269104]), 6: array([22.1269147]), 7: array([22.12693649]), 8: array([22.12693351]), 9: array([22.12690665])}
2025-05-12 10:39:53,320 - DEBUG - util_fusion - fusion_dual_defense - client 2 norm scores: {0: array([0.35321093]), 1: array([0.04010031]), 2: array([0.10957427]), 3: array([0.]), 4: array([0.82375915]), 5: array([0.37091994]), 6: array([0.47476781]), 7: array([1.]), 8: array([0.92824243]), 9: array([0.28067627])}
2025-05-12 10:39:53,320 - DEBUG - util_fusion - fusion_dual_defense - client 2 similarity threshold: 0.4381251113373999
2025-05-12 10:39:53,320 - INFO - util_fusion - fusion_dual_defense - client 2 selected fusion benigns: [4, 6, 7, 8]
2025-05-12 10:39:53,328 - DEBUG - util_fusion - fusion_dual_defense - client 3 scores: {0: array([22.12690966]), 1: array([22.12689667]), 2: array([22.12689956]), 3: array([22.12689501]), 4: array([22.12692918]), 5: array([22.1269104]), 6: array([22.1269147]), 7: array([22.12693649]), 8: array([22.12693351]), 9: array([22.12690665])}
2025-05-12 10:39:53,329 - DEBUG - util_fusion - fusion_dual_defense - client 3 norm scores: {0: array([0.35321093]), 1: array([0.04010031]), 2: array([0.10957427]), 3: array([0.]), 4: array([0.82375915]), 5: array([0.37091994]), 6: array([0.47476781]), 7: array([1.]), 8: array([0.92824243]), 9: array([0.28067627])}
2025-05-12 10:39:53,329 - DEBUG - util_fusion - fusion_dual_defense - client 3 similarity threshold: 0.4381251113373999
2025-05-12 10:39:53,329 - INFO - util_fusion - fusion_dual_defense - client 3 selected fusion benigns: [4, 6, 7, 8]
2025-05-12 10:39:53,337 - DEBUG - util_fusion - fusion_dual_defense - client 4 scores: {0: array([22.12690966]), 1: array([22.12689667]), 2: array([22.12689956]), 3: array([22.12689501]), 4: array([22.12692918]), 5: array([22.1269104]), 6: array([22.1269147]), 7: array([22.12693649]), 8: array([22.12693351]), 9: array([22.12690665])}
2025-05-12 10:39:53,338 - DEBUG - util_fusion - fusion_dual_defense - client 4 norm scores: {0: array([0.35321093]), 1: array([0.04010031]), 2: array([0.10957427]), 3: array([0.]), 4: array([0.82375915]), 5: array([0.37091994]), 6: array([0.47476781]), 7: array([1.]), 8: array([0.92824243]), 9: array([0.28067627])}
2025-05-12 10:39:53,338 - DEBUG - util_fusion - fusion_dual_defense - client 4 similarity threshold: 0.4381251113373999
2025-05-12 10:39:53,338 - INFO - util_fusion - fusion_dual_defense - client 4 selected fusion benigns: [4, 6, 7, 8]
2025-05-12 10:39:53,346 - DEBUG - util_fusion - fusion_dual_defense - client 5 scores: {0: array([22.12690966]), 1: array([22.12689667]), 2: array([22.12689956]), 3: array([22.12689501]), 4: array([22.12692918]), 5: array([22.1269104]), 6: array([22.1269147]), 7: array([22.12693649]), 8: array([22.12693351]), 9: array([22.12690665])}
2025-05-12 10:39:53,347 - DEBUG - util_fusion - fusion_dual_defense - client 5 norm scores: {0: array([0.35321093]), 1: array([0.04010031]), 2: array([0.10957427]), 3: array([0.]), 4: array([0.82375915]), 5: array([0.37091994]), 6: array([0.47476781]), 7: array([1.]), 8: array([0.92824243]), 9: array([0.28067627])}
2025-05-12 10:39:53,347 - DEBUG - util_fusion - fusion_dual_defense - client 5 similarity threshold: 0.4381251113373999
2025-05-12 10:39:53,347 - INFO - util_fusion - fusion_dual_defense - client 5 selected fusion benigns: [4, 6, 7, 8]
2025-05-12 10:39:53,355 - DEBUG - util_fusion - fusion_dual_defense - client 6 scores: {0: array([22.12690966]), 1: array([22.12689667]), 2: array([22.12689956]), 3: array([22.12689501]), 4: array([22.12692918]), 5: array([22.1269104]), 6: array([22.1269147]), 7: array([22.12693649]), 8: array([22.12693351]), 9: array([22.12690665])}
2025-05-12 10:39:53,356 - DEBUG - util_fusion - fusion_dual_defense - client 6 norm scores: {0: array([0.35321093]), 1: array([0.04010031]), 2: array([0.10957427]), 3: array([0.]), 4: array([0.82375915]), 5: array([0.37091994]), 6: array([0.47476781]), 7: array([1.]), 8: array([0.92824243]), 9: array([0.28067627])}
2025-05-12 10:39:53,356 - DEBUG - util_fusion - fusion_dual_defense - client 6 similarity threshold: 0.4381251113373999
2025-05-12 10:39:53,356 - INFO - util_fusion - fusion_dual_defense - client 6 selected fusion benigns: [4, 6, 7, 8]
2025-05-12 10:39:53,364 - DEBUG - util_fusion - fusion_dual_defense - client 7 scores: {0: array([22.12690966]), 1: array([22.12689667]), 2: array([22.12689956]), 3: array([22.12689501]), 4: array([22.12692918]), 5: array([22.1269104]), 6: array([22.1269147]), 7: array([22.12693649]), 8: array([22.12693351]), 9: array([22.12690665])}
2025-05-12 10:39:53,365 - DEBUG - util_fusion - fusion_dual_defense - client 7 norm scores: {0: array([0.35321093]), 1: array([0.04010031]), 2: array([0.10957427]), 3: array([0.]), 4: array([0.82375915]), 5: array([0.37091994]), 6: array([0.47476781]), 7: array([1.]), 8: array([0.92824243]), 9: array([0.28067627])}
2025-05-12 10:39:53,365 - DEBUG - util_fusion - fusion_dual_defense - client 7 similarity threshold: 0.4381251113373999
2025-05-12 10:39:53,365 - INFO - util_fusion - fusion_dual_defense - client 7 selected fusion benigns: [4, 6, 7, 8]
2025-05-12 10:39:53,373 - DEBUG - util_fusion - fusion_dual_defense - client 8 scores: {0: array([22.12690966]), 1: array([22.12689667]), 2: array([22.12689956]), 3: array([22.12689501]), 4: array([22.12692918]), 5: array([22.1269104]), 6: array([22.1269147]), 7: array([22.12693649]), 8: array([22.12693351]), 9: array([22.12690665])}
2025-05-12 10:39:53,374 - DEBUG - util_fusion - fusion_dual_defense - client 8 norm scores: {0: array([0.35321093]), 1: array([0.04010031]), 2: array([0.10957427]), 3: array([0.]), 4: array([0.82375915]), 5: array([0.37091994]), 6: array([0.47476781]), 7: array([1.]), 8: array([0.92824243]), 9: array([0.28067627])}
2025-05-12 10:39:53,374 - DEBUG - util_fusion - fusion_dual_defense - client 8 similarity threshold: 0.4381251113373999
2025-05-12 10:39:53,374 - INFO - util_fusion - fusion_dual_defense - client 8 selected fusion benigns: [4, 6, 7, 8]
2025-05-12 10:39:53,382 - DEBUG - util_fusion - fusion_dual_defense - client 9 scores: {0: array([22.12690966]), 1: array([22.12689667]), 2: array([22.12689956]), 3: array([22.12689501]), 4: array([22.12692918]), 5: array([22.1269104]), 6: array([22.1269147]), 7: array([22.12693649]), 8: array([22.12693351]), 9: array([22.12690665])}
2025-05-12 10:39:53,383 - DEBUG - util_fusion - fusion_dual_defense - client 9 norm scores: {0: array([0.35321093]), 1: array([0.04010031]), 2: array([0.10957427]), 3: array([0.]), 4: array([0.82375915]), 5: array([0.37091994]), 6: array([0.47476781]), 7: array([1.]), 8: array([0.92824243]), 9: array([0.28067627])}
2025-05-12 10:39:53,383 - DEBUG - util_fusion - fusion_dual_defense - client 9 similarity threshold: 0.4381251113373999
2025-05-12 10:39:53,383 - INFO - util_fusion - fusion_dual_defense - client 9 selected fusion benigns: [4, 6, 7, 8]
2025-05-12 10:39:53,383 - DEBUG - util_fusion - fusion_dual_defense - final fusion benigns: (4, 6, 7, 8)
2025-05-12 10:39:55,029 - INFO - fl - start - global side -  test accuracy: 10.28
2025-05-12 10:39:55,029 - INFO - fl - start - global side iteration 15 -  test accuracy: 10.28
2025-05-12 10:39:55,030 - INFO - fl - start - start training round 16
2025-05-12 10:39:55,031 - INFO - fl - start - round 16 attackers: [1, 2]
2025-05-12 10:39:55,031 - INFO - fl - start - start client 0 training
2025-05-12 10:39:55,031 - INFO - fl - client_local_train - client 0 start local training ...
2025-05-12 10:40:00,549 - INFO - fl - start - end client 0 training
2025-05-12 10:40:00,549 - INFO - fl - start - client 0 evaluation metrics: {'train_loss': 3.989041453483058, 'test_acc': 9.82}
2025-05-12 10:40:00,549 - INFO - fl - start - start client 1 training
2025-05-12 10:40:00,549 - INFO - fl - client_local_train - client 1 start local training ...
2025-05-12 10:40:02,421 - INFO - fl - client_local_train - client 1 is attacker, start poisoning model
2025-05-12 10:40:06,127 - INFO - fl - start - end client 1 training
2025-05-12 10:40:06,127 - INFO - fl - start - client 1 evaluation metrics: {'train_loss': 7.985885274821315, 'test_acc': 10.09}
2025-05-12 10:40:06,136 - INFO - fl - start - start client 2 training
2025-05-12 10:40:06,136 - INFO - fl - client_local_train - client 2 start local training ...
2025-05-12 10:40:08,346 - INFO - fl - client_local_train - client 2 is attacker, start poisoning model
2025-05-12 10:40:12,218 - INFO - fl - start - end client 2 training
2025-05-12 10:40:12,218 - INFO - fl - start - client 2 evaluation metrics: {'train_loss': 48.50564294702866, 'test_acc': 8.92}
2025-05-12 10:40:12,218 - INFO - fl - start - start client 3 training
2025-05-12 10:40:12,218 - INFO - fl - client_local_train - client 3 start local training ...
2025-05-12 10:40:16,183 - INFO - fl - start - end client 3 training
2025-05-12 10:40:16,183 - INFO - fl - start - client 3 evaluation metrics: {'train_loss': 11.434190697968006, 'test_acc': 9.82}
2025-05-12 10:40:16,183 - INFO - fl - start - start client 4 training
2025-05-12 10:40:16,183 - INFO - fl - client_local_train - client 4 start local training ...
2025-05-12 10:40:22,969 - INFO - fl - start - end client 4 training
2025-05-12 10:40:22,969 - INFO - fl - start - client 4 evaluation metrics: {'train_loss': 2.154490339936632, 'test_acc': 11.35}
2025-05-12 10:40:22,970 - INFO - fl - start - start client 5 training
2025-05-12 10:40:22,970 - INFO - fl - client_local_train - client 5 start local training ...
2025-05-12 10:40:25,801 - INFO - fl - start - end client 5 training
2025-05-12 10:40:25,801 - INFO - fl - start - client 5 evaluation metrics: {'train_loss': 8.753176727810422, 'test_acc': 10.09}
2025-05-12 10:40:25,801 - INFO - fl - start - start client 6 training
2025-05-12 10:40:25,801 - INFO - fl - client_local_train - client 6 start local training ...
2025-05-12 10:40:31,926 - INFO - fl - start - end client 6 training
2025-05-12 10:40:31,926 - INFO - fl - start - client 6 evaluation metrics: {'train_loss': 45.111695454038426, 'test_acc': 10.1}
2025-05-12 10:40:31,926 - INFO - fl - start - start client 7 training
2025-05-12 10:40:31,926 - INFO - fl - client_local_train - client 7 start local training ...
2025-05-12 10:40:38,760 - INFO - fl - start - end client 7 training
2025-05-12 10:40:38,760 - INFO - fl - start - client 7 evaluation metrics: {'train_loss': 1.7046251875251086, 'test_acc': 10.1}
2025-05-12 10:40:38,760 - INFO - fl - start - start client 8 training
2025-05-12 10:40:38,760 - INFO - fl - client_local_train - client 8 start local training ...
2025-05-12 10:40:45,532 - INFO - fl - start - end client 8 training
2025-05-12 10:40:45,533 - INFO - fl - start - client 8 evaluation metrics: {'train_loss': 17.05674724292038, 'test_acc': 8.92}
2025-05-12 10:40:45,533 - INFO - fl - start - start client 9 training
2025-05-12 10:40:45,533 - INFO - fl - client_local_train - client 9 start local training ...
2025-05-12 10:40:50,912 - INFO - fl - start - end client 9 training
2025-05-12 10:40:50,912 - INFO - fl - start - client 9 evaluation metrics: {'train_loss': 1.860894761523422, 'test_acc': 10.32}
2025-05-12 10:40:50,912 - INFO - fl - aggregate_model - start model aggregation...fusion method: dual_defense
2025-05-12 10:40:50,912 - INFO - fl - aggregate_model - start hyper-guard fusion with epsilon 0.01
2025-05-12 10:40:50,912 - INFO - fl - aggregate_model - round 16 attackers: [1, 2]
2025-05-12 10:41:01,712 - DEBUG - util_fusion - fusion_dual_defense - client 0 scores: {0: array([110.78650025]), 1: array([110.78613121]), 2: array([110.78621425]), 3: array([110.78617419]), 4: array([110.78676707]), 5: array([110.78598774]), 6: array([110.78662263]), 7: array([110.78677903]), 8: array([110.78678594]), 9: array([110.78645412])}
2025-05-12 10:41:01,712 - DEBUG - util_fusion - fusion_dual_defense - client 0 norm scores: {0: array([0.64208814]), 1: array([0.17974649]), 2: array([0.28377983]), 3: array([0.2335887]), 4: array([0.9763528]), 5: array([0.]), 6: array([0.79539638]), 7: array([0.99134429]), 8: array([1.]), 9: array([0.58428865])}
2025-05-12 10:41:01,713 - DEBUG - util_fusion - fusion_dual_defense - client 0 similarity threshold: 0.5686585285403191
2025-05-12 10:41:01,713 - INFO - util_fusion - fusion_dual_defense - client 0 selected fusion benigns: [0, 4, 6, 7, 8, 9]
2025-05-12 10:41:01,721 - DEBUG - util_fusion - fusion_dual_defense - client 1 scores: {0: array([110.78650025]), 1: array([110.78613121]), 2: array([110.78621425]), 3: array([110.78617419]), 4: array([110.78676707]), 5: array([110.78598774]), 6: array([110.78662263]), 7: array([110.78677903]), 8: array([110.78678594]), 9: array([110.78645412])}
2025-05-12 10:41:01,722 - DEBUG - util_fusion - fusion_dual_defense - client 1 norm scores: {0: array([0.64208814]), 1: array([0.17974649]), 2: array([0.28377983]), 3: array([0.2335887]), 4: array([0.9763528]), 5: array([0.]), 6: array([0.79539638]), 7: array([0.99134429]), 8: array([1.]), 9: array([0.58428865])}
2025-05-12 10:41:01,722 - DEBUG - util_fusion - fusion_dual_defense - client 1 similarity threshold: 0.5686585285403191
2025-05-12 10:41:01,722 - INFO - util_fusion - fusion_dual_defense - client 1 selected fusion benigns: [0, 4, 6, 7, 8, 9]
2025-05-12 10:41:01,730 - DEBUG - util_fusion - fusion_dual_defense - client 2 scores: {0: array([110.78650025]), 1: array([110.78613121]), 2: array([110.78621425]), 3: array([110.78617419]), 4: array([110.78676707]), 5: array([110.78598774]), 6: array([110.78662263]), 7: array([110.78677903]), 8: array([110.78678594]), 9: array([110.78645412])}
2025-05-12 10:41:01,731 - DEBUG - util_fusion - fusion_dual_defense - client 2 norm scores: {0: array([0.64208814]), 1: array([0.17974649]), 2: array([0.28377983]), 3: array([0.2335887]), 4: array([0.9763528]), 5: array([0.]), 6: array([0.79539638]), 7: array([0.99134429]), 8: array([1.]), 9: array([0.58428865])}
2025-05-12 10:41:01,731 - DEBUG - util_fusion - fusion_dual_defense - client 2 similarity threshold: 0.5686585285403191
2025-05-12 10:41:01,731 - INFO - util_fusion - fusion_dual_defense - client 2 selected fusion benigns: [0, 4, 6, 7, 8, 9]
2025-05-12 10:41:01,739 - DEBUG - util_fusion - fusion_dual_defense - client 3 scores: {0: array([110.78650025]), 1: array([110.78613121]), 2: array([110.78621425]), 3: array([110.78617419]), 4: array([110.78676707]), 5: array([110.78598774]), 6: array([110.78662263]), 7: array([110.78677903]), 8: array([110.78678594]), 9: array([110.78645412])}
2025-05-12 10:41:01,740 - DEBUG - util_fusion - fusion_dual_defense - client 3 norm scores: {0: array([0.64208814]), 1: array([0.17974649]), 2: array([0.28377983]), 3: array([0.2335887]), 4: array([0.9763528]), 5: array([0.]), 6: array([0.79539638]), 7: array([0.99134429]), 8: array([1.]), 9: array([0.58428865])}
2025-05-12 10:41:01,740 - DEBUG - util_fusion - fusion_dual_defense - client 3 similarity threshold: 0.5686585285403191
2025-05-12 10:41:01,740 - INFO - util_fusion - fusion_dual_defense - client 3 selected fusion benigns: [0, 4, 6, 7, 8, 9]
2025-05-12 10:41:01,748 - DEBUG - util_fusion - fusion_dual_defense - client 4 scores: {0: array([110.78650025]), 1: array([110.78613121]), 2: array([110.78621425]), 3: array([110.78617419]), 4: array([110.78676707]), 5: array([110.78598774]), 6: array([110.78662263]), 7: array([110.78677903]), 8: array([110.78678594]), 9: array([110.78645412])}
2025-05-12 10:41:01,749 - DEBUG - util_fusion - fusion_dual_defense - client 4 norm scores: {0: array([0.64208814]), 1: array([0.17974649]), 2: array([0.28377983]), 3: array([0.2335887]), 4: array([0.9763528]), 5: array([0.]), 6: array([0.79539638]), 7: array([0.99134429]), 8: array([1.]), 9: array([0.58428865])}
2025-05-12 10:41:01,749 - DEBUG - util_fusion - fusion_dual_defense - client 4 similarity threshold: 0.5686585285403191
2025-05-12 10:41:01,749 - INFO - util_fusion - fusion_dual_defense - client 4 selected fusion benigns: [0, 4, 6, 7, 8, 9]
2025-05-12 10:41:01,757 - DEBUG - util_fusion - fusion_dual_defense - client 5 scores: {0: array([110.78650025]), 1: array([110.78613121]), 2: array([110.78621425]), 3: array([110.78617419]), 4: array([110.78676707]), 5: array([110.78598774]), 6: array([110.78662263]), 7: array([110.78677903]), 8: array([110.78678594]), 9: array([110.78645412])}
2025-05-12 10:41:01,758 - DEBUG - util_fusion - fusion_dual_defense - client 5 norm scores: {0: array([0.64208814]), 1: array([0.17974649]), 2: array([0.28377983]), 3: array([0.2335887]), 4: array([0.9763528]), 5: array([0.]), 6: array([0.79539638]), 7: array([0.99134429]), 8: array([1.]), 9: array([0.58428865])}
2025-05-12 10:41:01,758 - DEBUG - util_fusion - fusion_dual_defense - client 5 similarity threshold: 0.5686585285403191
2025-05-12 10:41:01,758 - INFO - util_fusion - fusion_dual_defense - client 5 selected fusion benigns: [0, 4, 6, 7, 8, 9]
2025-05-12 10:41:01,766 - DEBUG - util_fusion - fusion_dual_defense - client 6 scores: {0: array([110.78650025]), 1: array([110.78613121]), 2: array([110.78621425]), 3: array([110.78617419]), 4: array([110.78676707]), 5: array([110.78598774]), 6: array([110.78662263]), 7: array([110.78677903]), 8: array([110.78678594]), 9: array([110.78645412])}
2025-05-12 10:41:01,767 - DEBUG - util_fusion - fusion_dual_defense - client 6 norm scores: {0: array([0.64208814]), 1: array([0.17974649]), 2: array([0.28377983]), 3: array([0.2335887]), 4: array([0.9763528]), 5: array([0.]), 6: array([0.79539638]), 7: array([0.99134429]), 8: array([1.]), 9: array([0.58428865])}
2025-05-12 10:41:01,767 - DEBUG - util_fusion - fusion_dual_defense - client 6 similarity threshold: 0.5686585285403191
2025-05-12 10:41:01,767 - INFO - util_fusion - fusion_dual_defense - client 6 selected fusion benigns: [0, 4, 6, 7, 8, 9]
2025-05-12 10:41:01,775 - DEBUG - util_fusion - fusion_dual_defense - client 7 scores: {0: array([110.78650025]), 1: array([110.78613121]), 2: array([110.78621425]), 3: array([110.78617419]), 4: array([110.78676707]), 5: array([110.78598774]), 6: array([110.78662263]), 7: array([110.78677903]), 8: array([110.78678594]), 9: array([110.78645412])}
2025-05-12 10:41:01,776 - DEBUG - util_fusion - fusion_dual_defense - client 7 norm scores: {0: array([0.64208814]), 1: array([0.17974649]), 2: array([0.28377983]), 3: array([0.2335887]), 4: array([0.9763528]), 5: array([0.]), 6: array([0.79539638]), 7: array([0.99134429]), 8: array([1.]), 9: array([0.58428865])}
2025-05-12 10:41:01,776 - DEBUG - util_fusion - fusion_dual_defense - client 7 similarity threshold: 0.5686585285403191
2025-05-12 10:41:01,776 - INFO - util_fusion - fusion_dual_defense - client 7 selected fusion benigns: [0, 4, 6, 7, 8, 9]
2025-05-12 10:41:01,784 - DEBUG - util_fusion - fusion_dual_defense - client 8 scores: {0: array([110.78650025]), 1: array([110.78613121]), 2: array([110.78621425]), 3: array([110.78617419]), 4: array([110.78676707]), 5: array([110.78598774]), 6: array([110.78662263]), 7: array([110.78677903]), 8: array([110.78678594]), 9: array([110.78645412])}
2025-05-12 10:41:01,785 - DEBUG - util_fusion - fusion_dual_defense - client 8 norm scores: {0: array([0.64208814]), 1: array([0.17974649]), 2: array([0.28377983]), 3: array([0.2335887]), 4: array([0.9763528]), 5: array([0.]), 6: array([0.79539638]), 7: array([0.99134429]), 8: array([1.]), 9: array([0.58428865])}
2025-05-12 10:41:01,785 - DEBUG - util_fusion - fusion_dual_defense - client 8 similarity threshold: 0.5686585285403191
2025-05-12 10:41:01,785 - INFO - util_fusion - fusion_dual_defense - client 8 selected fusion benigns: [0, 4, 6, 7, 8, 9]
2025-05-12 10:41:01,793 - DEBUG - util_fusion - fusion_dual_defense - client 9 scores: {0: array([110.78650025]), 1: array([110.78613121]), 2: array([110.78621425]), 3: array([110.78617419]), 4: array([110.78676707]), 5: array([110.78598774]), 6: array([110.78662263]), 7: array([110.78677903]), 8: array([110.78678594]), 9: array([110.78645412])}
2025-05-12 10:41:01,794 - DEBUG - util_fusion - fusion_dual_defense - client 9 norm scores: {0: array([0.64208814]), 1: array([0.17974649]), 2: array([0.28377983]), 3: array([0.2335887]), 4: array([0.9763528]), 5: array([0.]), 6: array([0.79539638]), 7: array([0.99134429]), 8: array([1.]), 9: array([0.58428865])}
2025-05-12 10:41:01,794 - DEBUG - util_fusion - fusion_dual_defense - client 9 similarity threshold: 0.5686585285403191
2025-05-12 10:41:01,794 - INFO - util_fusion - fusion_dual_defense - client 9 selected fusion benigns: [0, 4, 6, 7, 8, 9]
2025-05-12 10:41:01,794 - DEBUG - util_fusion - fusion_dual_defense - final fusion benigns: (0, 4, 6, 7, 8, 9)
2025-05-12 10:41:03,548 - INFO - fl - start - global side -  test accuracy: 10.28
2025-05-12 10:41:03,548 - INFO - fl - start - global side iteration 16 -  test accuracy: 10.28
2025-05-12 10:41:03,548 - INFO - fl - start - start training round 17
2025-05-12 10:41:03,550 - INFO - fl - start - round 17 attackers: [0, 1]
2025-05-12 10:41:03,550 - INFO - fl - start - start client 0 training
2025-05-12 10:41:03,550 - INFO - fl - client_local_train - client 0 start local training ...
2025-05-12 10:41:06,849 - INFO - fl - client_local_train - client 0 is attacker, start poisoning model
2025-05-12 10:41:11,317 - INFO - fl - start - end client 0 training
2025-05-12 10:41:11,318 - INFO - fl - start - client 0 evaluation metrics: {'train_loss': 21.21592800289977, 'test_acc': 9.82}
2025-05-12 10:41:11,318 - INFO - fl - start - start client 1 training
2025-05-12 10:41:11,318 - INFO - fl - client_local_train - client 1 start local training ...
2025-05-12 10:41:13,189 - INFO - fl - client_local_train - client 1 is attacker, start poisoning model
2025-05-12 10:41:16,901 - INFO - fl - start - end client 1 training
2025-05-12 10:41:16,901 - INFO - fl - start - client 1 evaluation metrics: {'train_loss': 7.2615809193972884, 'test_acc': 10.09}
2025-05-12 10:41:16,901 - INFO - fl - start - start client 2 training
2025-05-12 10:41:16,902 - INFO - fl - client_local_train - client 2 start local training ...
2025-05-12 10:41:21,047 - INFO - fl - start - end client 2 training
2025-05-12 10:41:21,047 - INFO - fl - start - client 2 evaluation metrics: {'train_loss': 5.9316834702211265, 'test_acc': 8.92}
2025-05-12 10:41:21,047 - INFO - fl - start - start client 3 training
2025-05-12 10:41:21,047 - INFO - fl - client_local_train - client 3 start local training ...
2025-05-12 10:41:25,040 - INFO - fl - start - end client 3 training
2025-05-12 10:41:25,040 - INFO - fl - start - client 3 evaluation metrics: {'train_loss': 9.997719638049603, 'test_acc': 9.82}
2025-05-12 10:41:25,040 - INFO - fl - start - start client 4 training
2025-05-12 10:41:25,040 - INFO - fl - client_local_train - client 4 start local training ...
2025-05-12 10:41:31,843 - INFO - fl - start - end client 4 training
2025-05-12 10:41:31,843 - INFO - fl - start - client 4 evaluation metrics: {'train_loss': 1.991582276243152, 'test_acc': 11.35}
2025-05-12 10:41:31,843 - INFO - fl - start - start client 5 training
2025-05-12 10:41:31,843 - INFO - fl - client_local_train - client 5 start local training ...
2025-05-12 10:41:34,679 - INFO - fl - start - end client 5 training
2025-05-12 10:41:34,679 - INFO - fl - start - client 5 evaluation metrics: {'train_loss': 7.116286316433468, 'test_acc': 10.09}
2025-05-12 10:41:34,679 - INFO - fl - start - start client 6 training
2025-05-12 10:41:34,679 - INFO - fl - client_local_train - client 6 start local training ...
2025-05-12 10:41:40,797 - INFO - fl - start - end client 6 training
2025-05-12 10:41:40,798 - INFO - fl - start - client 6 evaluation metrics: {'train_loss': 41.163246368539745, 'test_acc': 10.1}
2025-05-12 10:41:40,798 - INFO - fl - start - start client 7 training
2025-05-12 10:41:40,798 - INFO - fl - client_local_train - client 7 start local training ...
2025-05-12 10:41:47,693 - INFO - fl - start - end client 7 training
2025-05-12 10:41:47,693 - INFO - fl - start - client 7 evaluation metrics: {'train_loss': 1.6215658374686739, 'test_acc': 10.1}
2025-05-12 10:41:47,693 - INFO - fl - start - start client 8 training
2025-05-12 10:41:47,693 - INFO - fl - client_local_train - client 8 start local training ...
2025-05-12 10:41:54,462 - INFO - fl - start - end client 8 training
2025-05-12 10:41:54,462 - INFO - fl - start - client 8 evaluation metrics: {'train_loss': 14.322201338029446, 'test_acc': 9.58}
2025-05-12 10:41:54,462 - INFO - fl - start - start client 9 training
2025-05-12 10:41:54,462 - INFO - fl - client_local_train - client 9 start local training ...
2025-05-12 10:41:59,849 - INFO - fl - start - end client 9 training
2025-05-12 10:41:59,849 - INFO - fl - start - client 9 evaluation metrics: {'train_loss': 1.7894633071763175, 'test_acc': 10.32}
2025-05-12 10:41:59,849 - INFO - fl - aggregate_model - start model aggregation...fusion method: dual_defense
2025-05-12 10:41:59,849 - INFO - fl - aggregate_model - start hyper-guard fusion with epsilon 0.01
2025-05-12 10:41:59,849 - INFO - fl - aggregate_model - round 17 attackers: [0, 1]
2025-05-12 10:42:10,672 - DEBUG - util_fusion - fusion_dual_defense - client 0 scores: {0: array([2.5418598]), 1: array([2.54185594]), 2: array([2.54185706]), 3: array([2.54185661]), 4: array([2.54186221]), 5: array([2.54185428]), 6: array([2.54186131]), 7: array([2.54186236]), 8: array([2.54186263]), 9: array([2.54185939])}
2025-05-12 10:42:10,673 - DEBUG - util_fusion - fusion_dual_defense - client 0 norm scores: {0: array([0.66117648]), 1: array([0.19861703]), 2: array([0.33319145]), 3: array([0.27951027]), 4: array([0.9490241]), 5: array([0.]), 6: array([0.84144751]), 7: array([0.96764939]), 8: array([1.]), 9: array([0.6114694])}
2025-05-12 10:42:10,673 - DEBUG - util_fusion - fusion_dual_defense - client 0 similarity threshold: 0.5842085632787901
2025-05-12 10:42:10,673 - INFO - util_fusion - fusion_dual_defense - client 0 selected fusion benigns: [0, 4, 6, 7, 8, 9]
2025-05-12 10:42:10,682 - DEBUG - util_fusion - fusion_dual_defense - client 1 scores: {0: array([2.5418598]), 1: array([2.54185594]), 2: array([2.54185706]), 3: array([2.54185661]), 4: array([2.54186221]), 5: array([2.54185428]), 6: array([2.54186131]), 7: array([2.54186236]), 8: array([2.54186263]), 9: array([2.54185939])}
2025-05-12 10:42:10,682 - DEBUG - util_fusion - fusion_dual_defense - client 1 norm scores: {0: array([0.66117648]), 1: array([0.19861703]), 2: array([0.33319145]), 3: array([0.27951027]), 4: array([0.9490241]), 5: array([0.]), 6: array([0.84144751]), 7: array([0.96764939]), 8: array([1.]), 9: array([0.6114694])}
2025-05-12 10:42:10,682 - DEBUG - util_fusion - fusion_dual_defense - client 1 similarity threshold: 0.5842085632787901
2025-05-12 10:42:10,682 - INFO - util_fusion - fusion_dual_defense - client 1 selected fusion benigns: [0, 4, 6, 7, 8, 9]
2025-05-12 10:42:10,691 - DEBUG - util_fusion - fusion_dual_defense - client 2 scores: {0: array([2.5418598]), 1: array([2.54185594]), 2: array([2.54185706]), 3: array([2.54185661]), 4: array([2.54186221]), 5: array([2.54185428]), 6: array([2.54186131]), 7: array([2.54186236]), 8: array([2.54186263]), 9: array([2.54185939])}
2025-05-12 10:42:10,691 - DEBUG - util_fusion - fusion_dual_defense - client 2 norm scores: {0: array([0.66117648]), 1: array([0.19861703]), 2: array([0.33319145]), 3: array([0.27951027]), 4: array([0.9490241]), 5: array([0.]), 6: array([0.84144751]), 7: array([0.96764939]), 8: array([1.]), 9: array([0.6114694])}
2025-05-12 10:42:10,691 - DEBUG - util_fusion - fusion_dual_defense - client 2 similarity threshold: 0.5842085632787901
2025-05-12 10:42:10,692 - INFO - util_fusion - fusion_dual_defense - client 2 selected fusion benigns: [0, 4, 6, 7, 8, 9]
2025-05-12 10:42:10,700 - DEBUG - util_fusion - fusion_dual_defense - client 3 scores: {0: array([2.5418598]), 1: array([2.54185594]), 2: array([2.54185706]), 3: array([2.54185661]), 4: array([2.54186221]), 5: array([2.54185428]), 6: array([2.54186131]), 7: array([2.54186236]), 8: array([2.54186263]), 9: array([2.54185939])}
2025-05-12 10:42:10,701 - DEBUG - util_fusion - fusion_dual_defense - client 3 norm scores: {0: array([0.66117648]), 1: array([0.19861703]), 2: array([0.33319145]), 3: array([0.27951027]), 4: array([0.9490241]), 5: array([0.]), 6: array([0.84144751]), 7: array([0.96764939]), 8: array([1.]), 9: array([0.6114694])}
2025-05-12 10:42:10,701 - DEBUG - util_fusion - fusion_dual_defense - client 3 similarity threshold: 0.5842085632787901
2025-05-12 10:42:10,701 - INFO - util_fusion - fusion_dual_defense - client 3 selected fusion benigns: [0, 4, 6, 7, 8, 9]
2025-05-12 10:42:10,709 - DEBUG - util_fusion - fusion_dual_defense - client 4 scores: {0: array([2.5418598]), 1: array([2.54185594]), 2: array([2.54185706]), 3: array([2.54185661]), 4: array([2.54186221]), 5: array([2.54185428]), 6: array([2.54186131]), 7: array([2.54186236]), 8: array([2.54186263]), 9: array([2.54185939])}
2025-05-12 10:42:10,710 - DEBUG - util_fusion - fusion_dual_defense - client 4 norm scores: {0: array([0.66117648]), 1: array([0.19861703]), 2: array([0.33319145]), 3: array([0.27951027]), 4: array([0.9490241]), 5: array([0.]), 6: array([0.84144751]), 7: array([0.96764939]), 8: array([1.]), 9: array([0.6114694])}
2025-05-12 10:42:10,710 - DEBUG - util_fusion - fusion_dual_defense - client 4 similarity threshold: 0.5842085632787901
2025-05-12 10:42:10,710 - INFO - util_fusion - fusion_dual_defense - client 4 selected fusion benigns: [0, 4, 6, 7, 8, 9]
2025-05-12 10:42:10,718 - DEBUG - util_fusion - fusion_dual_defense - client 5 scores: {0: array([2.5418598]), 1: array([2.54185594]), 2: array([2.54185706]), 3: array([2.54185661]), 4: array([2.54186221]), 5: array([2.54185428]), 6: array([2.54186131]), 7: array([2.54186236]), 8: array([2.54186263]), 9: array([2.54185939])}
2025-05-12 10:42:10,719 - DEBUG - util_fusion - fusion_dual_defense - client 5 norm scores: {0: array([0.66117648]), 1: array([0.19861703]), 2: array([0.33319145]), 3: array([0.27951027]), 4: array([0.9490241]), 5: array([0.]), 6: array([0.84144751]), 7: array([0.96764939]), 8: array([1.]), 9: array([0.6114694])}
2025-05-12 10:42:10,719 - DEBUG - util_fusion - fusion_dual_defense - client 5 similarity threshold: 0.5842085632787901
2025-05-12 10:42:10,719 - INFO - util_fusion - fusion_dual_defense - client 5 selected fusion benigns: [0, 4, 6, 7, 8, 9]
2025-05-12 10:42:10,727 - DEBUG - util_fusion - fusion_dual_defense - client 6 scores: {0: array([2.5418598]), 1: array([2.54185594]), 2: array([2.54185706]), 3: array([2.54185661]), 4: array([2.54186221]), 5: array([2.54185428]), 6: array([2.54186131]), 7: array([2.54186236]), 8: array([2.54186263]), 9: array([2.54185939])}
2025-05-12 10:42:10,728 - DEBUG - util_fusion - fusion_dual_defense - client 6 norm scores: {0: array([0.66117648]), 1: array([0.19861703]), 2: array([0.33319145]), 3: array([0.27951027]), 4: array([0.9490241]), 5: array([0.]), 6: array([0.84144751]), 7: array([0.96764939]), 8: array([1.]), 9: array([0.6114694])}
2025-05-12 10:42:10,728 - DEBUG - util_fusion - fusion_dual_defense - client 6 similarity threshold: 0.5842085632787901
2025-05-12 10:42:10,728 - INFO - util_fusion - fusion_dual_defense - client 6 selected fusion benigns: [0, 4, 6, 7, 8, 9]
2025-05-12 10:42:10,736 - DEBUG - util_fusion - fusion_dual_defense - client 7 scores: {0: array([2.5418598]), 1: array([2.54185594]), 2: array([2.54185706]), 3: array([2.54185661]), 4: array([2.54186221]), 5: array([2.54185428]), 6: array([2.54186131]), 7: array([2.54186236]), 8: array([2.54186263]), 9: array([2.54185939])}
2025-05-12 10:42:10,737 - DEBUG - util_fusion - fusion_dual_defense - client 7 norm scores: {0: array([0.66117648]), 1: array([0.19861703]), 2: array([0.33319145]), 3: array([0.27951027]), 4: array([0.9490241]), 5: array([0.]), 6: array([0.84144751]), 7: array([0.96764939]), 8: array([1.]), 9: array([0.6114694])}
2025-05-12 10:42:10,737 - DEBUG - util_fusion - fusion_dual_defense - client 7 similarity threshold: 0.5842085632787901
2025-05-12 10:42:10,737 - INFO - util_fusion - fusion_dual_defense - client 7 selected fusion benigns: [0, 4, 6, 7, 8, 9]
2025-05-12 10:42:10,745 - DEBUG - util_fusion - fusion_dual_defense - client 8 scores: {0: array([2.5418598]), 1: array([2.54185594]), 2: array([2.54185706]), 3: array([2.54185661]), 4: array([2.54186221]), 5: array([2.54185428]), 6: array([2.54186131]), 7: array([2.54186236]), 8: array([2.54186263]), 9: array([2.54185939])}
2025-05-12 10:42:10,746 - DEBUG - util_fusion - fusion_dual_defense - client 8 norm scores: {0: array([0.66117648]), 1: array([0.19861703]), 2: array([0.33319145]), 3: array([0.27951027]), 4: array([0.9490241]), 5: array([0.]), 6: array([0.84144751]), 7: array([0.96764939]), 8: array([1.]), 9: array([0.6114694])}
2025-05-12 10:42:10,746 - DEBUG - util_fusion - fusion_dual_defense - client 8 similarity threshold: 0.5842085632787901
2025-05-12 10:42:10,746 - INFO - util_fusion - fusion_dual_defense - client 8 selected fusion benigns: [0, 4, 6, 7, 8, 9]
2025-05-12 10:42:10,754 - DEBUG - util_fusion - fusion_dual_defense - client 9 scores: {0: array([2.5418598]), 1: array([2.54185594]), 2: array([2.54185706]), 3: array([2.54185661]), 4: array([2.54186221]), 5: array([2.54185428]), 6: array([2.54186131]), 7: array([2.54186236]), 8: array([2.54186263]), 9: array([2.54185939])}
2025-05-12 10:42:10,755 - DEBUG - util_fusion - fusion_dual_defense - client 9 norm scores: {0: array([0.66117648]), 1: array([0.19861703]), 2: array([0.33319145]), 3: array([0.27951027]), 4: array([0.9490241]), 5: array([0.]), 6: array([0.84144751]), 7: array([0.96764939]), 8: array([1.]), 9: array([0.6114694])}
2025-05-12 10:42:10,755 - DEBUG - util_fusion - fusion_dual_defense - client 9 similarity threshold: 0.5842085632787901
2025-05-12 10:42:10,755 - INFO - util_fusion - fusion_dual_defense - client 9 selected fusion benigns: [0, 4, 6, 7, 8, 9]
2025-05-12 10:42:10,755 - DEBUG - util_fusion - fusion_dual_defense - final fusion benigns: (0, 4, 6, 7, 8, 9)
2025-05-12 10:42:12,514 - INFO - fl - start - global side -  test accuracy: 10.28
2025-05-12 10:42:12,514 - INFO - fl - start - global side iteration 17 -  test accuracy: 10.28
2025-05-12 10:42:12,515 - INFO - fl - start - start training round 18
2025-05-12 10:42:12,517 - INFO - fl - start - round 18 attackers: [7, 8]
2025-05-12 10:42:12,517 - INFO - fl - start - start client 0 training
2025-05-12 10:42:12,517 - INFO - fl - client_local_train - client 0 start local training ...
2025-05-12 10:42:18,062 - INFO - fl - start - end client 0 training
2025-05-12 10:42:18,063 - INFO - fl - start - client 0 evaluation metrics: {'train_loss': 5.246469494174509, 'test_acc': 9.82}
2025-05-12 10:42:18,063 - INFO - fl - start - start client 1 training
2025-05-12 10:42:18,063 - INFO - fl - client_local_train - client 1 start local training ...
2025-05-12 10:42:21,788 - INFO - fl - start - end client 1 training
2025-05-12 10:42:21,788 - INFO - fl - start - client 1 evaluation metrics: {'train_loss': 2.2059119549290886, 'test_acc': 10.09}
2025-05-12 10:42:21,788 - INFO - fl - start - start client 2 training
2025-05-12 10:42:21,788 - INFO - fl - client_local_train - client 2 start local training ...
2025-05-12 10:42:25,923 - INFO - fl - start - end client 2 training
2025-05-12 10:42:25,923 - INFO - fl - start - client 2 evaluation metrics: {'train_loss': 11.416067621287178, 'test_acc': 8.92}
2025-05-12 10:42:25,923 - INFO - fl - start - start client 3 training
2025-05-12 10:42:25,923 - INFO - fl - client_local_train - client 3 start local training ...
2025-05-12 10:42:29,911 - INFO - fl - start - end client 3 training
2025-05-12 10:42:29,911 - INFO - fl - start - client 3 evaluation metrics: {'train_loss': 19.006574153900146, 'test_acc': 9.82}
2025-05-12 10:42:29,911 - INFO - fl - start - start client 4 training
2025-05-12 10:42:29,911 - INFO - fl - client_local_train - client 4 start local training ...
2025-05-12 10:42:36,689 - INFO - fl - start - end client 4 training
2025-05-12 10:42:36,689 - INFO - fl - start - client 4 evaluation metrics: {'train_loss': 2.553967386484146, 'test_acc': 11.35}
2025-05-12 10:42:36,689 - INFO - fl - start - start client 5 training
2025-05-12 10:42:36,689 - INFO - fl - client_local_train - client 5 start local training ...
2025-05-12 10:42:39,529 - INFO - fl - start - end client 5 training
2025-05-12 10:42:39,529 - INFO - fl - start - client 5 evaluation metrics: {'train_loss': 11.909590063868341, 'test_acc': 10.09}
2025-05-12 10:42:39,529 - INFO - fl - start - start client 6 training
2025-05-12 10:42:39,529 - INFO - fl - client_local_train - client 6 start local training ...
2025-05-12 10:42:45,653 - INFO - fl - start - end client 6 training
2025-05-12 10:42:45,653 - INFO - fl - start - client 6 evaluation metrics: {'train_loss': 89.83043654211636, 'test_acc': 10.1}
2025-05-12 10:42:45,653 - INFO - fl - start - start client 7 training
2025-05-12 10:42:45,653 - INFO - fl - client_local_train - client 7 start local training ...
2025-05-12 10:42:50,008 - INFO - fl - client_local_train - client 7 is attacker, start poisoning model
2025-05-12 10:42:55,013 - INFO - fl - start - end client 7 training
2025-05-12 10:42:55,013 - INFO - fl - start - client 7 evaluation metrics: {'train_loss': 10.73494324399464, 'test_acc': 10.1}
2025-05-12 10:42:55,013 - INFO - fl - start - start client 8 training
2025-05-12 10:42:55,013 - INFO - fl - client_local_train - client 8 start local training ...
2025-05-12 10:42:59,297 - INFO - fl - client_local_train - client 8 is attacker, start poisoning model
2025-05-12 10:43:04,280 - INFO - fl - start - end client 8 training
2025-05-12 10:43:04,280 - INFO - fl - start - client 8 evaluation metrics: {'train_loss': 263.68437527534655, 'test_acc': 8.92}
2025-05-12 10:43:04,280 - INFO - fl - start - start client 9 training
2025-05-12 10:43:04,280 - INFO - fl - client_local_train - client 9 start local training ...
2025-05-12 10:43:09,653 - INFO - fl - start - end client 9 training
2025-05-12 10:43:09,653 - INFO - fl - start - client 9 evaluation metrics: {'train_loss': 2.195162765833796, 'test_acc': 10.32}
2025-05-12 10:43:09,653 - INFO - fl - aggregate_model - start model aggregation...fusion method: dual_defense
2025-05-12 10:43:09,653 - INFO - fl - aggregate_model - start hyper-guard fusion with epsilon 0.01
2025-05-12 10:43:09,653 - INFO - fl - aggregate_model - round 18 attackers: [8, 7]
2025-05-12 10:43:20,466 - DEBUG - util_fusion - fusion_dual_defense - client 0 scores: {0: array([12.4741494]), 1: array([12.47415933]), 2: array([12.47415693]), 3: array([12.4741553]), 4: array([12.47414591]), 5: array([12.47416205]), 6: array([12.47414764]), 7: array([12.47414487]), 8: array([12.4741445]), 9: array([12.47414946])}
2025-05-12 10:43:20,466 - DEBUG - util_fusion - fusion_dual_defense - client 0 norm scores: {0: array([0.27898439]), 1: array([0.84538267]), 2: array([0.70815808]), 3: array([0.61522825]), 4: array([0.07987258]), 5: array([1.]), 6: array([0.17886677]), 7: array([0.020826]), 8: array([0.]), 9: array([0.28235868])}
2025-05-12 10:43:20,475 - DEBUG - util_fusion - fusion_dual_defense - client 0 similarity threshold: 0.4009677416940295
2025-05-12 10:43:20,475 - INFO - util_fusion - fusion_dual_defense - client 0 selected fusion benigns: [1, 2, 3, 5]
2025-05-12 10:43:20,496 - DEBUG - util_fusion - fusion_dual_defense - client 1 scores: {0: array([12.4741494]), 1: array([12.47415933]), 2: array([12.47415693]), 3: array([12.4741553]), 4: array([12.47414591]), 5: array([12.47416205]), 6: array([12.47414764]), 7: array([12.47414487]), 8: array([12.4741445]), 9: array([12.47414946])}
2025-05-12 10:43:20,497 - DEBUG - util_fusion - fusion_dual_defense - client 1 norm scores: {0: array([0.27898439]), 1: array([0.84538267]), 2: array([0.70815808]), 3: array([0.61522825]), 4: array([0.07987258]), 5: array([1.]), 6: array([0.17886677]), 7: array([0.020826]), 8: array([0.]), 9: array([0.28235868])}
2025-05-12 10:43:20,497 - DEBUG - util_fusion - fusion_dual_defense - client 1 similarity threshold: 0.4009677416940295
2025-05-12 10:43:20,497 - INFO - util_fusion - fusion_dual_defense - client 1 selected fusion benigns: [1, 2, 3, 5]
2025-05-12 10:43:20,508 - DEBUG - util_fusion - fusion_dual_defense - client 2 scores: {0: array([12.4741494]), 1: array([12.47415933]), 2: array([12.47415693]), 3: array([12.4741553]), 4: array([12.47414591]), 5: array([12.47416205]), 6: array([12.47414764]), 7: array([12.47414487]), 8: array([12.4741445]), 9: array([12.47414946])}
2025-05-12 10:43:20,509 - DEBUG - util_fusion - fusion_dual_defense - client 2 norm scores: {0: array([0.27898439]), 1: array([0.84538267]), 2: array([0.70815808]), 3: array([0.61522825]), 4: array([0.07987258]), 5: array([1.]), 6: array([0.17886677]), 7: array([0.020826]), 8: array([0.]), 9: array([0.28235868])}
2025-05-12 10:43:20,509 - DEBUG - util_fusion - fusion_dual_defense - client 2 similarity threshold: 0.4009677416940295
2025-05-12 10:43:20,509 - INFO - util_fusion - fusion_dual_defense - client 2 selected fusion benigns: [1, 2, 3, 5]
2025-05-12 10:43:20,517 - DEBUG - util_fusion - fusion_dual_defense - client 3 scores: {0: array([12.4741494]), 1: array([12.47415933]), 2: array([12.47415693]), 3: array([12.4741553]), 4: array([12.47414591]), 5: array([12.47416205]), 6: array([12.47414764]), 7: array([12.47414487]), 8: array([12.4741445]), 9: array([12.47414946])}
2025-05-12 10:43:20,518 - DEBUG - util_fusion - fusion_dual_defense - client 3 norm scores: {0: array([0.27898439]), 1: array([0.84538267]), 2: array([0.70815808]), 3: array([0.61522825]), 4: array([0.07987258]), 5: array([1.]), 6: array([0.17886677]), 7: array([0.020826]), 8: array([0.]), 9: array([0.28235868])}
2025-05-12 10:43:20,518 - DEBUG - util_fusion - fusion_dual_defense - client 3 similarity threshold: 0.4009677416940295
2025-05-12 10:43:20,518 - INFO - util_fusion - fusion_dual_defense - client 3 selected fusion benigns: [1, 2, 3, 5]
2025-05-12 10:43:20,527 - DEBUG - util_fusion - fusion_dual_defense - client 4 scores: {0: array([12.4741494]), 1: array([12.47415933]), 2: array([12.47415693]), 3: array([12.4741553]), 4: array([12.47414591]), 5: array([12.47416205]), 6: array([12.47414764]), 7: array([12.47414487]), 8: array([12.4741445]), 9: array([12.47414946])}
2025-05-12 10:43:20,527 - DEBUG - util_fusion - fusion_dual_defense - client 4 norm scores: {0: array([0.27898439]), 1: array([0.84538267]), 2: array([0.70815808]), 3: array([0.61522825]), 4: array([0.07987258]), 5: array([1.]), 6: array([0.17886677]), 7: array([0.020826]), 8: array([0.]), 9: array([0.28235868])}
2025-05-12 10:43:20,527 - DEBUG - util_fusion - fusion_dual_defense - client 4 similarity threshold: 0.4009677416940295
2025-05-12 10:43:20,527 - INFO - util_fusion - fusion_dual_defense - client 4 selected fusion benigns: [1, 2, 3, 5]
2025-05-12 10:43:20,536 - DEBUG - util_fusion - fusion_dual_defense - client 5 scores: {0: array([12.4741494]), 1: array([12.47415933]), 2: array([12.47415693]), 3: array([12.4741553]), 4: array([12.47414591]), 5: array([12.47416205]), 6: array([12.47414764]), 7: array([12.47414487]), 8: array([12.4741445]), 9: array([12.47414946])}
2025-05-12 10:43:20,536 - DEBUG - util_fusion - fusion_dual_defense - client 5 norm scores: {0: array([0.27898439]), 1: array([0.84538267]), 2: array([0.70815808]), 3: array([0.61522825]), 4: array([0.07987258]), 5: array([1.]), 6: array([0.17886677]), 7: array([0.020826]), 8: array([0.]), 9: array([0.28235868])}
2025-05-12 10:43:20,536 - DEBUG - util_fusion - fusion_dual_defense - client 5 similarity threshold: 0.4009677416940295
2025-05-12 10:43:20,536 - INFO - util_fusion - fusion_dual_defense - client 5 selected fusion benigns: [1, 2, 3, 5]
2025-05-12 10:43:20,545 - DEBUG - util_fusion - fusion_dual_defense - client 6 scores: {0: array([12.4741494]), 1: array([12.47415933]), 2: array([12.47415693]), 3: array([12.4741553]), 4: array([12.47414591]), 5: array([12.47416205]), 6: array([12.47414764]), 7: array([12.47414487]), 8: array([12.4741445]), 9: array([12.47414946])}
2025-05-12 10:43:20,545 - DEBUG - util_fusion - fusion_dual_defense - client 6 norm scores: {0: array([0.27898439]), 1: array([0.84538267]), 2: array([0.70815808]), 3: array([0.61522825]), 4: array([0.07987258]), 5: array([1.]), 6: array([0.17886677]), 7: array([0.020826]), 8: array([0.]), 9: array([0.28235868])}
2025-05-12 10:43:20,545 - DEBUG - util_fusion - fusion_dual_defense - client 6 similarity threshold: 0.4009677416940295
2025-05-12 10:43:20,545 - INFO - util_fusion - fusion_dual_defense - client 6 selected fusion benigns: [1, 2, 3, 5]
2025-05-12 10:43:20,554 - DEBUG - util_fusion - fusion_dual_defense - client 7 scores: {0: array([12.4741494]), 1: array([12.47415933]), 2: array([12.47415693]), 3: array([12.4741553]), 4: array([12.47414591]), 5: array([12.47416205]), 6: array([12.47414764]), 7: array([12.47414487]), 8: array([12.4741445]), 9: array([12.47414946])}
2025-05-12 10:43:20,554 - DEBUG - util_fusion - fusion_dual_defense - client 7 norm scores: {0: array([0.27898439]), 1: array([0.84538267]), 2: array([0.70815808]), 3: array([0.61522825]), 4: array([0.07987258]), 5: array([1.]), 6: array([0.17886677]), 7: array([0.020826]), 8: array([0.]), 9: array([0.28235868])}
2025-05-12 10:43:20,554 - DEBUG - util_fusion - fusion_dual_defense - client 7 similarity threshold: 0.4009677416940295
2025-05-12 10:43:20,554 - INFO - util_fusion - fusion_dual_defense - client 7 selected fusion benigns: [1, 2, 3, 5]
2025-05-12 10:43:20,563 - DEBUG - util_fusion - fusion_dual_defense - client 8 scores: {0: array([12.4741494]), 1: array([12.47415933]), 2: array([12.47415693]), 3: array([12.4741553]), 4: array([12.47414591]), 5: array([12.47416205]), 6: array([12.47414764]), 7: array([12.47414487]), 8: array([12.4741445]), 9: array([12.47414946])}
2025-05-12 10:43:20,563 - DEBUG - util_fusion - fusion_dual_defense - client 8 norm scores: {0: array([0.27898439]), 1: array([0.84538267]), 2: array([0.70815808]), 3: array([0.61522825]), 4: array([0.07987258]), 5: array([1.]), 6: array([0.17886677]), 7: array([0.020826]), 8: array([0.]), 9: array([0.28235868])}
2025-05-12 10:43:20,563 - DEBUG - util_fusion - fusion_dual_defense - client 8 similarity threshold: 0.4009677416940295
2025-05-12 10:43:20,563 - INFO - util_fusion - fusion_dual_defense - client 8 selected fusion benigns: [1, 2, 3, 5]
2025-05-12 10:43:20,572 - DEBUG - util_fusion - fusion_dual_defense - client 9 scores: {0: array([12.4741494]), 1: array([12.47415933]), 2: array([12.47415693]), 3: array([12.4741553]), 4: array([12.47414591]), 5: array([12.47416205]), 6: array([12.47414764]), 7: array([12.47414487]), 8: array([12.4741445]), 9: array([12.47414946])}
2025-05-12 10:43:20,572 - DEBUG - util_fusion - fusion_dual_defense - client 9 norm scores: {0: array([0.27898439]), 1: array([0.84538267]), 2: array([0.70815808]), 3: array([0.61522825]), 4: array([0.07987258]), 5: array([1.]), 6: array([0.17886677]), 7: array([0.020826]), 8: array([0.]), 9: array([0.28235868])}
2025-05-12 10:43:20,572 - DEBUG - util_fusion - fusion_dual_defense - client 9 similarity threshold: 0.4009677416940295
2025-05-12 10:43:20,572 - INFO - util_fusion - fusion_dual_defense - client 9 selected fusion benigns: [1, 2, 3, 5]
2025-05-12 10:43:20,572 - DEBUG - util_fusion - fusion_dual_defense - final fusion benigns: (1, 2, 3, 5)
2025-05-12 10:43:22,219 - INFO - fl - start - global side -  test accuracy: 9.82
2025-05-12 10:43:22,219 - INFO - fl - start - global side iteration 18 -  test accuracy: 9.82
2025-05-12 10:43:22,219 - INFO - fl - start - start training round 19
2025-05-12 10:43:22,221 - INFO - fl - start - round 19 attackers: [7, 9]
2025-05-12 10:43:22,221 - INFO - fl - start - start client 0 training
2025-05-12 10:43:22,221 - INFO - fl - client_local_train - client 0 start local training ...
2025-05-12 10:43:27,737 - INFO - fl - start - end client 0 training
2025-05-12 10:43:27,737 - INFO - fl - start - client 0 evaluation metrics: {'train_loss': 5.119006548442092, 'test_acc': 9.82}
2025-05-12 10:43:27,737 - INFO - fl - start - start client 1 training
2025-05-12 10:43:27,737 - INFO - fl - client_local_train - client 1 start local training ...
2025-05-12 10:43:31,488 - INFO - fl - start - end client 1 training
2025-05-12 10:43:31,488 - INFO - fl - start - client 1 evaluation metrics: {'train_loss': 2.1017407723541917, 'test_acc': 10.09}
2025-05-12 10:43:31,488 - INFO - fl - start - start client 2 training
2025-05-12 10:43:31,488 - INFO - fl - client_local_train - client 2 start local training ...
2025-05-12 10:43:35,637 - INFO - fl - start - end client 2 training
2025-05-12 10:43:35,637 - INFO - fl - start - client 2 evaluation metrics: {'train_loss': 9.54536522837246, 'test_acc': 8.92}
2025-05-12 10:43:35,637 - INFO - fl - start - start client 3 training
2025-05-12 10:43:35,637 - INFO - fl - client_local_train - client 3 start local training ...
2025-05-12 10:43:39,669 - INFO - fl - start - end client 3 training
2025-05-12 10:43:39,669 - INFO - fl - start - client 3 evaluation metrics: {'train_loss': 17.315794095396996, 'test_acc': 9.82}
2025-05-12 10:43:39,669 - INFO - fl - start - start client 4 training
2025-05-12 10:43:39,669 - INFO - fl - client_local_train - client 4 start local training ...
2025-05-12 10:43:46,428 - INFO - fl - start - end client 4 training
2025-05-12 10:43:46,428 - INFO - fl - start - client 4 evaluation metrics: {'train_loss': 2.383886722904263, 'test_acc': 11.35}
2025-05-12 10:43:46,428 - INFO - fl - start - start client 5 training
2025-05-12 10:43:46,428 - INFO - fl - client_local_train - client 5 start local training ...
2025-05-12 10:43:49,268 - INFO - fl - start - end client 5 training
2025-05-12 10:43:49,268 - INFO - fl - start - client 5 evaluation metrics: {'train_loss': 10.84436542923386, 'test_acc': 10.09}
2025-05-12 10:43:49,268 - INFO - fl - start - start client 6 training
2025-05-12 10:43:49,268 - INFO - fl - client_local_train - client 6 start local training ...
2025-05-12 10:43:55,399 - INFO - fl - start - end client 6 training
2025-05-12 10:43:55,399 - INFO - fl - start - client 6 evaluation metrics: {'train_loss': 88.83881667564656, 'test_acc': 10.1}
2025-05-12 10:43:55,399 - INFO - fl - start - start client 7 training
2025-05-12 10:43:55,399 - INFO - fl - client_local_train - client 7 start local training ...
2025-05-12 10:43:59,740 - INFO - fl - client_local_train - client 7 is attacker, start poisoning model
2025-05-12 10:44:04,768 - INFO - fl - start - end client 7 training
2025-05-12 10:44:04,768 - INFO - fl - start - client 7 evaluation metrics: {'train_loss': 9.757505865239386, 'test_acc': 10.1}
2025-05-12 10:44:04,768 - INFO - fl - start - start client 8 training
2025-05-12 10:44:04,768 - INFO - fl - client_local_train - client 8 start local training ...
2025-05-12 10:44:11,572 - INFO - fl - start - end client 8 training
2025-05-12 10:44:11,572 - INFO - fl - start - client 8 evaluation metrics: {'train_loss': 33.0113719280501, 'test_acc': 8.92}
2025-05-12 10:44:11,572 - INFO - fl - start - start client 9 training
2025-05-12 10:44:11,572 - INFO - fl - client_local_train - client 9 start local training ...
2025-05-12 10:44:14,747 - INFO - fl - client_local_train - client 9 is attacker, start poisoning model
2025-05-12 10:44:19,133 - INFO - fl - start - end client 9 training
2025-05-12 10:44:19,133 - INFO - fl - start - client 9 evaluation metrics: {'train_loss': 9.586179718679311, 'test_acc': 10.32}
2025-05-12 10:44:19,133 - INFO - fl - aggregate_model - start model aggregation...fusion method: dual_defense
2025-05-12 10:44:19,133 - INFO - fl - aggregate_model - start hyper-guard fusion with epsilon 0.01
2025-05-12 10:44:19,133 - INFO - fl - aggregate_model - round 19 attackers: [9, 7]
2025-05-12 10:44:29,939 - DEBUG - util_fusion - fusion_dual_defense - client 0 scores: {0: array([126.54636054]), 1: array([126.54643207]), 2: array([126.54644106]), 3: array([126.54642995]), 4: array([126.54626238]), 5: array([126.54648054]), 6: array([126.54630881]), 7: array([126.54625899]), 8: array([126.54625309]), 9: array([126.54636386])}
2025-05-12 10:44:29,939 - DEBUG - util_fusion - fusion_dual_defense - client 0 norm scores: {0: array([0.47241818]), 1: array([0.78689781]), 2: array([0.82643102]), 3: array([0.7775875]), 4: array([0.04084327]), 5: array([1.]), 6: array([0.2449758]), 7: array([0.0259403]), 8: array([0.]), 9: array([0.48703183])}
2025-05-12 10:44:29,940 - DEBUG - util_fusion - fusion_dual_defense - client 0 similarity threshold: 0.4662125705779524
2025-05-12 10:44:29,940 - INFO - util_fusion - fusion_dual_defense - client 0 selected fusion benigns: [0, 1, 2, 3, 5, 9]
2025-05-12 10:44:29,948 - DEBUG - util_fusion - fusion_dual_defense - client 1 scores: {0: array([126.54636054]), 1: array([126.54643207]), 2: array([126.54644106]), 3: array([126.54642995]), 4: array([126.54626238]), 5: array([126.54648054]), 6: array([126.54630881]), 7: array([126.54625899]), 8: array([126.54625309]), 9: array([126.54636386])}
2025-05-12 10:44:29,949 - DEBUG - util_fusion - fusion_dual_defense - client 1 norm scores: {0: array([0.47241818]), 1: array([0.78689781]), 2: array([0.82643102]), 3: array([0.7775875]), 4: array([0.04084327]), 5: array([1.]), 6: array([0.2449758]), 7: array([0.0259403]), 8: array([0.]), 9: array([0.48703183])}
2025-05-12 10:44:29,949 - DEBUG - util_fusion - fusion_dual_defense - client 1 similarity threshold: 0.4662125705779524
2025-05-12 10:44:29,949 - INFO - util_fusion - fusion_dual_defense - client 1 selected fusion benigns: [0, 1, 2, 3, 5, 9]
2025-05-12 10:44:29,957 - DEBUG - util_fusion - fusion_dual_defense - client 2 scores: {0: array([126.54636054]), 1: array([126.54643207]), 2: array([126.54644106]), 3: array([126.54642995]), 4: array([126.54626238]), 5: array([126.54648054]), 6: array([126.54630881]), 7: array([126.54625899]), 8: array([126.54625309]), 9: array([126.54636386])}
2025-05-12 10:44:29,958 - DEBUG - util_fusion - fusion_dual_defense - client 2 norm scores: {0: array([0.47241818]), 1: array([0.78689781]), 2: array([0.82643102]), 3: array([0.7775875]), 4: array([0.04084327]), 5: array([1.]), 6: array([0.2449758]), 7: array([0.0259403]), 8: array([0.]), 9: array([0.48703183])}
2025-05-12 10:44:29,958 - DEBUG - util_fusion - fusion_dual_defense - client 2 similarity threshold: 0.4662125705779524
2025-05-12 10:44:29,958 - INFO - util_fusion - fusion_dual_defense - client 2 selected fusion benigns: [0, 1, 2, 3, 5, 9]
2025-05-12 10:44:29,966 - DEBUG - util_fusion - fusion_dual_defense - client 3 scores: {0: array([126.54636054]), 1: array([126.54643207]), 2: array([126.54644106]), 3: array([126.54642995]), 4: array([126.54626238]), 5: array([126.54648054]), 6: array([126.54630881]), 7: array([126.54625899]), 8: array([126.54625309]), 9: array([126.54636386])}
2025-05-12 10:44:29,967 - DEBUG - util_fusion - fusion_dual_defense - client 3 norm scores: {0: array([0.47241818]), 1: array([0.78689781]), 2: array([0.82643102]), 3: array([0.7775875]), 4: array([0.04084327]), 5: array([1.]), 6: array([0.2449758]), 7: array([0.0259403]), 8: array([0.]), 9: array([0.48703183])}
2025-05-12 10:44:29,967 - DEBUG - util_fusion - fusion_dual_defense - client 3 similarity threshold: 0.4662125705779524
2025-05-12 10:44:29,967 - INFO - util_fusion - fusion_dual_defense - client 3 selected fusion benigns: [0, 1, 2, 3, 5, 9]
2025-05-12 10:44:29,976 - DEBUG - util_fusion - fusion_dual_defense - client 4 scores: {0: array([126.54636054]), 1: array([126.54643207]), 2: array([126.54644106]), 3: array([126.54642995]), 4: array([126.54626238]), 5: array([126.54648054]), 6: array([126.54630881]), 7: array([126.54625899]), 8: array([126.54625309]), 9: array([126.54636386])}
2025-05-12 10:44:29,977 - DEBUG - util_fusion - fusion_dual_defense - client 4 norm scores: {0: array([0.47241818]), 1: array([0.78689781]), 2: array([0.82643102]), 3: array([0.7775875]), 4: array([0.04084327]), 5: array([1.]), 6: array([0.2449758]), 7: array([0.0259403]), 8: array([0.]), 9: array([0.48703183])}
2025-05-12 10:44:29,977 - DEBUG - util_fusion - fusion_dual_defense - client 4 similarity threshold: 0.4662125705779524
2025-05-12 10:44:29,977 - INFO - util_fusion - fusion_dual_defense - client 4 selected fusion benigns: [0, 1, 2, 3, 5, 9]
2025-05-12 10:44:29,985 - DEBUG - util_fusion - fusion_dual_defense - client 5 scores: {0: array([126.54636054]), 1: array([126.54643207]), 2: array([126.54644106]), 3: array([126.54642995]), 4: array([126.54626238]), 5: array([126.54648054]), 6: array([126.54630881]), 7: array([126.54625899]), 8: array([126.54625309]), 9: array([126.54636386])}
2025-05-12 10:44:29,986 - DEBUG - util_fusion - fusion_dual_defense - client 5 norm scores: {0: array([0.47241818]), 1: array([0.78689781]), 2: array([0.82643102]), 3: array([0.7775875]), 4: array([0.04084327]), 5: array([1.]), 6: array([0.2449758]), 7: array([0.0259403]), 8: array([0.]), 9: array([0.48703183])}
2025-05-12 10:44:29,986 - DEBUG - util_fusion - fusion_dual_defense - client 5 similarity threshold: 0.4662125705779524
2025-05-12 10:44:29,986 - INFO - util_fusion - fusion_dual_defense - client 5 selected fusion benigns: [0, 1, 2, 3, 5, 9]
2025-05-12 10:44:29,995 - DEBUG - util_fusion - fusion_dual_defense - client 6 scores: {0: array([126.54636054]), 1: array([126.54643207]), 2: array([126.54644106]), 3: array([126.54642995]), 4: array([126.54626238]), 5: array([126.54648054]), 6: array([126.54630881]), 7: array([126.54625899]), 8: array([126.54625309]), 9: array([126.54636386])}
2025-05-12 10:44:29,995 - DEBUG - util_fusion - fusion_dual_defense - client 6 norm scores: {0: array([0.47241818]), 1: array([0.78689781]), 2: array([0.82643102]), 3: array([0.7775875]), 4: array([0.04084327]), 5: array([1.]), 6: array([0.2449758]), 7: array([0.0259403]), 8: array([0.]), 9: array([0.48703183])}
2025-05-12 10:44:29,995 - DEBUG - util_fusion - fusion_dual_defense - client 6 similarity threshold: 0.4662125705779524
2025-05-12 10:44:29,995 - INFO - util_fusion - fusion_dual_defense - client 6 selected fusion benigns: [0, 1, 2, 3, 5, 9]
2025-05-12 10:44:30,004 - DEBUG - util_fusion - fusion_dual_defense - client 7 scores: {0: array([126.54636054]), 1: array([126.54643207]), 2: array([126.54644106]), 3: array([126.54642995]), 4: array([126.54626238]), 5: array([126.54648054]), 6: array([126.54630881]), 7: array([126.54625899]), 8: array([126.54625309]), 9: array([126.54636386])}
2025-05-12 10:44:30,005 - DEBUG - util_fusion - fusion_dual_defense - client 7 norm scores: {0: array([0.47241818]), 1: array([0.78689781]), 2: array([0.82643102]), 3: array([0.7775875]), 4: array([0.04084327]), 5: array([1.]), 6: array([0.2449758]), 7: array([0.0259403]), 8: array([0.]), 9: array([0.48703183])}
2025-05-12 10:44:30,005 - DEBUG - util_fusion - fusion_dual_defense - client 7 similarity threshold: 0.4662125705779524
2025-05-12 10:44:30,005 - INFO - util_fusion - fusion_dual_defense - client 7 selected fusion benigns: [0, 1, 2, 3, 5, 9]
2025-05-12 10:44:30,013 - DEBUG - util_fusion - fusion_dual_defense - client 8 scores: {0: array([126.54636054]), 1: array([126.54643207]), 2: array([126.54644106]), 3: array([126.54642995]), 4: array([126.54626238]), 5: array([126.54648054]), 6: array([126.54630881]), 7: array([126.54625899]), 8: array([126.54625309]), 9: array([126.54636386])}
2025-05-12 10:44:30,014 - DEBUG - util_fusion - fusion_dual_defense - client 8 norm scores: {0: array([0.47241818]), 1: array([0.78689781]), 2: array([0.82643102]), 3: array([0.7775875]), 4: array([0.04084327]), 5: array([1.]), 6: array([0.2449758]), 7: array([0.0259403]), 8: array([0.]), 9: array([0.48703183])}
2025-05-12 10:44:30,014 - DEBUG - util_fusion - fusion_dual_defense - client 8 similarity threshold: 0.4662125705779524
2025-05-12 10:44:30,014 - INFO - util_fusion - fusion_dual_defense - client 8 selected fusion benigns: [0, 1, 2, 3, 5, 9]
2025-05-12 10:44:30,022 - DEBUG - util_fusion - fusion_dual_defense - client 9 scores: {0: array([126.54636054]), 1: array([126.54643207]), 2: array([126.54644106]), 3: array([126.54642995]), 4: array([126.54626238]), 5: array([126.54648054]), 6: array([126.54630881]), 7: array([126.54625899]), 8: array([126.54625309]), 9: array([126.54636386])}
2025-05-12 10:44:30,023 - DEBUG - util_fusion - fusion_dual_defense - client 9 norm scores: {0: array([0.47241818]), 1: array([0.78689781]), 2: array([0.82643102]), 3: array([0.7775875]), 4: array([0.04084327]), 5: array([1.]), 6: array([0.2449758]), 7: array([0.0259403]), 8: array([0.]), 9: array([0.48703183])}
2025-05-12 10:44:30,023 - DEBUG - util_fusion - fusion_dual_defense - client 9 similarity threshold: 0.4662125705779524
2025-05-12 10:44:30,023 - INFO - util_fusion - fusion_dual_defense - client 9 selected fusion benigns: [0, 1, 2, 3, 5, 9]
2025-05-12 10:44:30,023 - DEBUG - util_fusion - fusion_dual_defense - final fusion benigns: (0, 1, 2, 3, 5, 9)
2025-05-12 10:44:31,777 - INFO - fl - start - global side -  test accuracy: 10.32
2025-05-12 10:44:31,777 - INFO - fl - start - global side iteration 19 -  test accuracy: 10.32
2025-05-12 10:44:31,777 - INFO - fl - start - start training round 20
2025-05-12 10:44:31,779 - INFO - fl - start - round 20 attackers: [9, 6]
2025-05-12 10:44:31,779 - INFO - fl - start - start client 0 training
2025-05-12 10:44:31,779 - INFO - fl - client_local_train - client 0 start local training ...
2025-05-12 10:44:37,317 - INFO - fl - start - end client 0 training
2025-05-12 10:44:37,317 - INFO - fl - start - client 0 evaluation metrics: {'train_loss': 11.416777496244393, 'test_acc': 9.82}
2025-05-12 10:44:37,317 - INFO - fl - start - start client 1 training
2025-05-12 10:44:37,317 - INFO - fl - client_local_train - client 1 start local training ...
2025-05-12 10:44:41,055 - INFO - fl - start - end client 1 training
2025-05-12 10:44:41,055 - INFO - fl - start - client 1 evaluation metrics: {'train_loss': 4.020359370215186, 'test_acc': 10.09}
2025-05-12 10:44:41,055 - INFO - fl - start - start client 2 training
2025-05-12 10:44:41,055 - INFO - fl - client_local_train - client 2 start local training ...
2025-05-12 10:44:45,191 - INFO - fl - start - end client 2 training
2025-05-12 10:44:45,191 - INFO - fl - start - client 2 evaluation metrics: {'train_loss': 25.551966695224536, 'test_acc': 8.92}
2025-05-12 10:44:45,191 - INFO - fl - start - start client 3 training
2025-05-12 10:44:45,191 - INFO - fl - client_local_train - client 3 start local training ...
2025-05-12 10:44:49,172 - INFO - fl - start - end client 3 training
2025-05-12 10:44:49,172 - INFO - fl - start - client 3 evaluation metrics: {'train_loss': 45.04664233326912, 'test_acc': 9.82}
2025-05-12 10:44:49,172 - INFO - fl - start - start client 4 training
2025-05-12 10:44:49,172 - INFO - fl - client_local_train - client 4 start local training ...
2025-05-12 10:44:55,954 - INFO - fl - start - end client 4 training
2025-05-12 10:44:55,954 - INFO - fl - start - client 4 evaluation metrics: {'train_loss': 4.114949022278641, 'test_acc': 11.35}
2025-05-12 10:44:55,954 - INFO - fl - start - start client 5 training
2025-05-12 10:44:55,954 - INFO - fl - client_local_train - client 5 start local training ...
2025-05-12 10:44:58,788 - INFO - fl - start - end client 5 training
2025-05-12 10:44:58,788 - INFO - fl - start - client 5 evaluation metrics: {'train_loss': 25.567051861737227, 'test_acc': 10.09}
2025-05-12 10:44:58,788 - INFO - fl - start - start client 6 training
2025-05-12 10:44:58,788 - INFO - fl - client_local_train - client 6 start local training ...
2025-05-12 10:45:02,576 - INFO - fl - client_local_train - client 6 is attacker, start poisoning model
2025-05-12 10:45:07,282 - INFO - fl - start - end client 6 training
2025-05-12 10:45:07,282 - INFO - fl - start - client 6 evaluation metrics: {'train_loss': 1988.3425440294989, 'test_acc': 10.1}
2025-05-12 10:45:07,282 - INFO - fl - start - start client 7 training
2025-05-12 10:45:07,282 - INFO - fl - client_local_train - client 7 start local training ...
2025-05-12 10:45:14,127 - INFO - fl - start - end client 7 training
2025-05-12 10:45:14,127 - INFO - fl - start - client 7 evaluation metrics: {'train_loss': 2.862429949774671, 'test_acc': 10.1}
2025-05-12 10:45:14,127 - INFO - fl - start - start client 8 training
2025-05-12 10:45:14,127 - INFO - fl - client_local_train - client 8 start local training ...
2025-05-12 10:45:20,938 - INFO - fl - start - end client 8 training
2025-05-12 10:45:20,938 - INFO - fl - start - client 8 evaluation metrics: {'train_loss': 111.92593309216034, 'test_acc': 8.92}
2025-05-12 10:45:20,938 - INFO - fl - start - start client 9 training
2025-05-12 10:45:20,938 - INFO - fl - client_local_train - client 9 start local training ...
2025-05-12 10:45:24,113 - INFO - fl - client_local_train - client 9 is attacker, start poisoning model
2025-05-12 10:45:28,496 - INFO - fl - start - end client 9 training
2025-05-12 10:45:28,497 - INFO - fl - start - client 9 evaluation metrics: {'train_loss': 19.610661517600622, 'test_acc': 10.32}
2025-05-12 10:45:28,497 - INFO - fl - aggregate_model - start model aggregation...fusion method: dual_defense
2025-05-12 10:45:28,497 - INFO - fl - aggregate_model - start hyper-guard fusion with epsilon 0.01
2025-05-12 10:45:28,497 - INFO - fl - aggregate_model - round 20 attackers: [9, 6]
2025-05-12 10:45:39,294 - DEBUG - util_fusion - fusion_dual_defense - client 0 scores: {0: array([182.23167114]), 1: array([182.23176232]), 2: array([182.23174261]), 3: array([182.23175916]), 4: array([182.2317159]), 5: array([182.2318353]), 6: array([182.23168786]), 7: array([182.23172949]), 8: array([182.23172635]), 9: array([182.2316785])}
2025-05-12 10:45:39,295 - DEBUG - util_fusion - fusion_dual_defense - client 0 norm scores: {0: array([0.]), 1: array([0.55541202]), 2: array([0.43538302]), 3: array([0.53615846]), 4: array([0.27267556]), 5: array([1.]), 6: array([0.10181171]), 7: array([0.35544564]), 8: array([0.3362843]), 9: array([0.0448345])}
2025-05-12 10:45:39,295 - DEBUG - util_fusion - fusion_dual_defense - client 0 similarity threshold: 0.36380052162417564
2025-05-12 10:45:39,295 - INFO - util_fusion - fusion_dual_defense - client 0 selected fusion benigns: [1, 2, 3, 5]
2025-05-12 10:45:39,304 - DEBUG - util_fusion - fusion_dual_defense - client 1 scores: {0: array([182.23167114]), 1: array([182.23176232]), 2: array([182.23174261]), 3: array([182.23175916]), 4: array([182.2317159]), 5: array([182.2318353]), 6: array([182.23168786]), 7: array([182.23172949]), 8: array([182.23172635]), 9: array([182.2316785])}
2025-05-12 10:45:39,304 - DEBUG - util_fusion - fusion_dual_defense - client 1 norm scores: {0: array([0.]), 1: array([0.55541202]), 2: array([0.43538302]), 3: array([0.53615846]), 4: array([0.27267556]), 5: array([1.]), 6: array([0.10181171]), 7: array([0.35544564]), 8: array([0.3362843]), 9: array([0.0448345])}
2025-05-12 10:45:39,304 - DEBUG - util_fusion - fusion_dual_defense - client 1 similarity threshold: 0.36380052162417564
2025-05-12 10:45:39,305 - INFO - util_fusion - fusion_dual_defense - client 1 selected fusion benigns: [1, 2, 3, 5]
2025-05-12 10:45:39,313 - DEBUG - util_fusion - fusion_dual_defense - client 2 scores: {0: array([182.23167114]), 1: array([182.23176232]), 2: array([182.23174261]), 3: array([182.23175916]), 4: array([182.2317159]), 5: array([182.2318353]), 6: array([182.23168786]), 7: array([182.23172949]), 8: array([182.23172635]), 9: array([182.2316785])}
2025-05-12 10:45:39,314 - DEBUG - util_fusion - fusion_dual_defense - client 2 norm scores: {0: array([0.]), 1: array([0.55541202]), 2: array([0.43538302]), 3: array([0.53615846]), 4: array([0.27267556]), 5: array([1.]), 6: array([0.10181171]), 7: array([0.35544564]), 8: array([0.3362843]), 9: array([0.0448345])}
2025-05-12 10:45:39,314 - DEBUG - util_fusion - fusion_dual_defense - client 2 similarity threshold: 0.36380052162417564
2025-05-12 10:45:39,314 - INFO - util_fusion - fusion_dual_defense - client 2 selected fusion benigns: [1, 2, 3, 5]
2025-05-12 10:45:39,322 - DEBUG - util_fusion - fusion_dual_defense - client 3 scores: {0: array([182.23167114]), 1: array([182.23176232]), 2: array([182.23174261]), 3: array([182.23175916]), 4: array([182.2317159]), 5: array([182.2318353]), 6: array([182.23168786]), 7: array([182.23172949]), 8: array([182.23172635]), 9: array([182.2316785])}
2025-05-12 10:45:39,323 - DEBUG - util_fusion - fusion_dual_defense - client 3 norm scores: {0: array([0.]), 1: array([0.55541202]), 2: array([0.43538302]), 3: array([0.53615846]), 4: array([0.27267556]), 5: array([1.]), 6: array([0.10181171]), 7: array([0.35544564]), 8: array([0.3362843]), 9: array([0.0448345])}
2025-05-12 10:45:39,323 - DEBUG - util_fusion - fusion_dual_defense - client 3 similarity threshold: 0.36380052162417564
2025-05-12 10:45:39,323 - INFO - util_fusion - fusion_dual_defense - client 3 selected fusion benigns: [1, 2, 3, 5]
2025-05-12 10:45:39,331 - DEBUG - util_fusion - fusion_dual_defense - client 4 scores: {0: array([182.23167114]), 1: array([182.23176232]), 2: array([182.23174261]), 3: array([182.23175916]), 4: array([182.2317159]), 5: array([182.2318353]), 6: array([182.23168786]), 7: array([182.23172949]), 8: array([182.23172635]), 9: array([182.2316785])}
2025-05-12 10:45:39,332 - DEBUG - util_fusion - fusion_dual_defense - client 4 norm scores: {0: array([0.]), 1: array([0.55541202]), 2: array([0.43538302]), 3: array([0.53615846]), 4: array([0.27267556]), 5: array([1.]), 6: array([0.10181171]), 7: array([0.35544564]), 8: array([0.3362843]), 9: array([0.0448345])}
2025-05-12 10:45:39,332 - DEBUG - util_fusion - fusion_dual_defense - client 4 similarity threshold: 0.36380052162417564
2025-05-12 10:45:39,332 - INFO - util_fusion - fusion_dual_defense - client 4 selected fusion benigns: [1, 2, 3, 5]
2025-05-12 10:45:39,340 - DEBUG - util_fusion - fusion_dual_defense - client 5 scores: {0: array([182.23167114]), 1: array([182.23176232]), 2: array([182.23174261]), 3: array([182.23175916]), 4: array([182.2317159]), 5: array([182.2318353]), 6: array([182.23168786]), 7: array([182.23172949]), 8: array([182.23172635]), 9: array([182.2316785])}
2025-05-12 10:45:39,340 - DEBUG - util_fusion - fusion_dual_defense - client 5 norm scores: {0: array([0.]), 1: array([0.55541202]), 2: array([0.43538302]), 3: array([0.53615846]), 4: array([0.27267556]), 5: array([1.]), 6: array([0.10181171]), 7: array([0.35544564]), 8: array([0.3362843]), 9: array([0.0448345])}
2025-05-12 10:45:39,341 - DEBUG - util_fusion - fusion_dual_defense - client 5 similarity threshold: 0.36380052162417564
2025-05-12 10:45:39,341 - INFO - util_fusion - fusion_dual_defense - client 5 selected fusion benigns: [1, 2, 3, 5]
2025-05-12 10:45:39,349 - DEBUG - util_fusion - fusion_dual_defense - client 6 scores: {0: array([182.23167114]), 1: array([182.23176232]), 2: array([182.23174261]), 3: array([182.23175916]), 4: array([182.2317159]), 5: array([182.2318353]), 6: array([182.23168786]), 7: array([182.23172949]), 8: array([182.23172635]), 9: array([182.2316785])}
2025-05-12 10:45:39,349 - DEBUG - util_fusion - fusion_dual_defense - client 6 norm scores: {0: array([0.]), 1: array([0.55541202]), 2: array([0.43538302]), 3: array([0.53615846]), 4: array([0.27267556]), 5: array([1.]), 6: array([0.10181171]), 7: array([0.35544564]), 8: array([0.3362843]), 9: array([0.0448345])}
2025-05-12 10:45:39,350 - DEBUG - util_fusion - fusion_dual_defense - client 6 similarity threshold: 0.36380052162417564
2025-05-12 10:45:39,350 - INFO - util_fusion - fusion_dual_defense - client 6 selected fusion benigns: [1, 2, 3, 5]
2025-05-12 10:45:39,358 - DEBUG - util_fusion - fusion_dual_defense - client 7 scores: {0: array([182.23167114]), 1: array([182.23176232]), 2: array([182.23174261]), 3: array([182.23175916]), 4: array([182.2317159]), 5: array([182.2318353]), 6: array([182.23168786]), 7: array([182.23172949]), 8: array([182.23172635]), 9: array([182.2316785])}
2025-05-12 10:45:39,358 - DEBUG - util_fusion - fusion_dual_defense - client 7 norm scores: {0: array([0.]), 1: array([0.55541202]), 2: array([0.43538302]), 3: array([0.53615846]), 4: array([0.27267556]), 5: array([1.]), 6: array([0.10181171]), 7: array([0.35544564]), 8: array([0.3362843]), 9: array([0.0448345])}
2025-05-12 10:45:39,359 - DEBUG - util_fusion - fusion_dual_defense - client 7 similarity threshold: 0.36380052162417564
2025-05-12 10:45:39,359 - INFO - util_fusion - fusion_dual_defense - client 7 selected fusion benigns: [1, 2, 3, 5]
2025-05-12 10:45:39,367 - DEBUG - util_fusion - fusion_dual_defense - client 8 scores: {0: array([182.23167114]), 1: array([182.23176232]), 2: array([182.23174261]), 3: array([182.23175916]), 4: array([182.2317159]), 5: array([182.2318353]), 6: array([182.23168786]), 7: array([182.23172949]), 8: array([182.23172635]), 9: array([182.2316785])}
2025-05-12 10:45:39,368 - DEBUG - util_fusion - fusion_dual_defense - client 8 norm scores: {0: array([0.]), 1: array([0.55541202]), 2: array([0.43538302]), 3: array([0.53615846]), 4: array([0.27267556]), 5: array([1.]), 6: array([0.10181171]), 7: array([0.35544564]), 8: array([0.3362843]), 9: array([0.0448345])}
2025-05-12 10:45:39,368 - DEBUG - util_fusion - fusion_dual_defense - client 8 similarity threshold: 0.36380052162417564
2025-05-12 10:45:39,368 - INFO - util_fusion - fusion_dual_defense - client 8 selected fusion benigns: [1, 2, 3, 5]
2025-05-12 10:45:39,376 - DEBUG - util_fusion - fusion_dual_defense - client 9 scores: {0: array([182.23167114]), 1: array([182.23176232]), 2: array([182.23174261]), 3: array([182.23175916]), 4: array([182.2317159]), 5: array([182.2318353]), 6: array([182.23168786]), 7: array([182.23172949]), 8: array([182.23172635]), 9: array([182.2316785])}
2025-05-12 10:45:39,377 - DEBUG - util_fusion - fusion_dual_defense - client 9 norm scores: {0: array([0.]), 1: array([0.55541202]), 2: array([0.43538302]), 3: array([0.53615846]), 4: array([0.27267556]), 5: array([1.]), 6: array([0.10181171]), 7: array([0.35544564]), 8: array([0.3362843]), 9: array([0.0448345])}
2025-05-12 10:45:39,377 - DEBUG - util_fusion - fusion_dual_defense - client 9 similarity threshold: 0.36380052162417564
2025-05-12 10:45:39,377 - INFO - util_fusion - fusion_dual_defense - client 9 selected fusion benigns: [1, 2, 3, 5]
2025-05-12 10:45:39,377 - DEBUG - util_fusion - fusion_dual_defense - final fusion benigns: (1, 2, 3, 5)
2025-05-12 10:45:41,027 - INFO - fl - start - global side -  test accuracy: 10.32
2025-05-12 10:45:41,027 - INFO - fl - start - global side iteration 20 -  test accuracy: 10.32
2025-05-12 10:45:41,028 - INFO - fl - start - start training round 21
2025-05-12 10:45:41,029 - INFO - fl - start - round 21 attackers: [7, 1]
2025-05-12 10:45:41,029 - INFO - fl - start - start client 0 training
2025-05-12 10:45:41,029 - INFO - fl - client_local_train - client 0 start local training ...
2025-05-12 10:45:46,554 - INFO - fl - start - end client 0 training
2025-05-12 10:45:46,555 - INFO - fl - start - client 0 evaluation metrics: {'train_loss': 11.567847179431542, 'test_acc': 9.82}
2025-05-12 10:45:46,555 - INFO - fl - start - start client 1 training
2025-05-12 10:45:46,555 - INFO - fl - client_local_train - client 1 start local training ...
2025-05-12 10:45:48,436 - INFO - fl - client_local_train - client 1 is attacker, start poisoning model
2025-05-12 10:45:52,147 - INFO - fl - start - end client 1 training
2025-05-12 10:45:52,147 - INFO - fl - start - client 1 evaluation metrics: {'train_loss': 26.29839192176687, 'test_acc': 10.09}
2025-05-12 10:45:52,147 - INFO - fl - start - start client 2 training
2025-05-12 10:45:52,147 - INFO - fl - client_local_train - client 2 start local training ...
2025-05-12 10:45:56,292 - INFO - fl - start - end client 2 training
2025-05-12 10:45:56,292 - INFO - fl - start - client 2 evaluation metrics: {'train_loss': 23.636843162424423, 'test_acc': 8.92}
2025-05-12 10:45:56,292 - INFO - fl - start - start client 3 training
2025-05-12 10:45:56,292 - INFO - fl - client_local_train - client 3 start local training ...
2025-05-12 10:46:00,277 - INFO - fl - start - end client 3 training
2025-05-12 10:46:00,277 - INFO - fl - start - client 3 evaluation metrics: {'train_loss': 43.28359851241112, 'test_acc': 9.82}
2025-05-12 10:46:00,277 - INFO - fl - start - start client 4 training
2025-05-12 10:46:00,277 - INFO - fl - client_local_train - client 4 start local training ...
2025-05-12 10:46:07,042 - INFO - fl - start - end client 4 training
2025-05-12 10:46:07,042 - INFO - fl - start - client 4 evaluation metrics: {'train_loss': 3.9392009978041505, 'test_acc': 11.35}
2025-05-12 10:46:07,042 - INFO - fl - start - start client 5 training
2025-05-12 10:46:07,042 - INFO - fl - client_local_train - client 5 start local training ...
2025-05-12 10:46:09,894 - INFO - fl - start - end client 5 training
2025-05-12 10:46:09,894 - INFO - fl - start - client 5 evaluation metrics: {'train_loss': 24.65660468952076, 'test_acc': 10.09}
2025-05-12 10:46:09,894 - INFO - fl - start - start client 6 training
2025-05-12 10:46:09,894 - INFO - fl - client_local_train - client 6 start local training ...
2025-05-12 10:46:16,034 - INFO - fl - start - end client 6 training
2025-05-12 10:46:16,034 - INFO - fl - start - client 6 evaluation metrics: {'train_loss': 248.77362744561557, 'test_acc': 10.1}
2025-05-12 10:46:16,034 - INFO - fl - start - start client 7 training
2025-05-12 10:46:16,034 - INFO - fl - client_local_train - client 7 start local training ...
2025-05-12 10:46:20,382 - INFO - fl - client_local_train - client 7 is attacker, start poisoning model
2025-05-12 10:46:25,416 - INFO - fl - start - end client 7 training
2025-05-12 10:46:25,416 - INFO - fl - start - client 7 evaluation metrics: {'train_loss': 16.56099376927561, 'test_acc': 10.1}
2025-05-12 10:46:25,416 - INFO - fl - start - start client 8 training
2025-05-12 10:46:25,416 - INFO - fl - client_local_train - client 8 start local training ...
2025-05-12 10:46:32,220 - INFO - fl - start - end client 8 training
2025-05-12 10:46:32,220 - INFO - fl - start - client 8 evaluation metrics: {'train_loss': 109.26268100021477, 'test_acc': 8.92}
2025-05-12 10:46:32,220 - INFO - fl - start - start client 9 training
2025-05-12 10:46:32,220 - INFO - fl - client_local_train - client 9 start local training ...
2025-05-12 10:46:37,598 - INFO - fl - start - end client 9 training
2025-05-12 10:46:37,598 - INFO - fl - start - client 9 evaluation metrics: {'train_loss': 3.1971825945134067, 'test_acc': 10.32}
2025-05-12 10:46:37,599 - INFO - fl - aggregate_model - start model aggregation...fusion method: dual_defense
2025-05-12 10:46:37,599 - INFO - fl - aggregate_model - start hyper-guard fusion with epsilon 0.01
2025-05-12 10:46:37,599 - INFO - fl - aggregate_model - round 21 attackers: [1, 7]
2025-05-12 10:46:48,396 - DEBUG - util_fusion - fusion_dual_defense - client 0 scores: {0: array([51.33102097]), 1: array([51.33101374]), 2: array([51.33102093]), 3: array([51.33101117]), 4: array([51.33101901]), 5: array([51.33102593]), 6: array([51.33103457]), 7: array([51.3310191]), 8: array([51.33102037]), 9: array([51.33102406])}
2025-05-12 10:46:48,397 - DEBUG - util_fusion - fusion_dual_defense - client 0 norm scores: {0: array([0.41866331]), 1: array([0.10962104]), 2: array([0.41690358]), 3: array([0.]), 4: array([0.33510481]), 5: array([0.63062668]), 6: array([1.]), 7: array([0.33902839]), 8: array([0.39321556]), 9: array([0.55090923])}
2025-05-12 10:46:48,397 - DEBUG - util_fusion - fusion_dual_defense - client 0 similarity threshold: 0.41940726194069705
2025-05-12 10:46:48,397 - INFO - util_fusion - fusion_dual_defense - client 0 selected fusion benigns: [5, 6, 9]
2025-05-12 10:46:48,405 - DEBUG - util_fusion - fusion_dual_defense - client 1 scores: {0: array([51.33102097]), 1: array([51.33101374]), 2: array([51.33102093]), 3: array([51.33101117]), 4: array([51.33101901]), 5: array([51.33102593]), 6: array([51.33103457]), 7: array([51.3310191]), 8: array([51.33102037]), 9: array([51.33102406])}
2025-05-12 10:46:48,406 - DEBUG - util_fusion - fusion_dual_defense - client 1 norm scores: {0: array([0.41866331]), 1: array([0.10962104]), 2: array([0.41690358]), 3: array([0.]), 4: array([0.33510481]), 5: array([0.63062668]), 6: array([1.]), 7: array([0.33902839]), 8: array([0.39321556]), 9: array([0.55090923])}
2025-05-12 10:46:48,406 - DEBUG - util_fusion - fusion_dual_defense - client 1 similarity threshold: 0.41940726194069705
2025-05-12 10:46:48,406 - INFO - util_fusion - fusion_dual_defense - client 1 selected fusion benigns: [5, 6, 9]
2025-05-12 10:46:48,414 - DEBUG - util_fusion - fusion_dual_defense - client 2 scores: {0: array([51.33102097]), 1: array([51.33101374]), 2: array([51.33102093]), 3: array([51.33101117]), 4: array([51.33101901]), 5: array([51.33102593]), 6: array([51.33103457]), 7: array([51.3310191]), 8: array([51.33102037]), 9: array([51.33102406])}
2025-05-12 10:46:48,415 - DEBUG - util_fusion - fusion_dual_defense - client 2 norm scores: {0: array([0.41866331]), 1: array([0.10962104]), 2: array([0.41690358]), 3: array([0.]), 4: array([0.33510481]), 5: array([0.63062668]), 6: array([1.]), 7: array([0.33902839]), 8: array([0.39321556]), 9: array([0.55090923])}
2025-05-12 10:46:48,415 - DEBUG - util_fusion - fusion_dual_defense - client 2 similarity threshold: 0.41940726194069705
2025-05-12 10:46:48,415 - INFO - util_fusion - fusion_dual_defense - client 2 selected fusion benigns: [5, 6, 9]
2025-05-12 10:46:48,423 - DEBUG - util_fusion - fusion_dual_defense - client 3 scores: {0: array([51.33102097]), 1: array([51.33101374]), 2: array([51.33102093]), 3: array([51.33101117]), 4: array([51.33101901]), 5: array([51.33102593]), 6: array([51.33103457]), 7: array([51.3310191]), 8: array([51.33102037]), 9: array([51.33102406])}
2025-05-12 10:46:48,424 - DEBUG - util_fusion - fusion_dual_defense - client 3 norm scores: {0: array([0.41866331]), 1: array([0.10962104]), 2: array([0.41690358]), 3: array([0.]), 4: array([0.33510481]), 5: array([0.63062668]), 6: array([1.]), 7: array([0.33902839]), 8: array([0.39321556]), 9: array([0.55090923])}
2025-05-12 10:46:48,424 - DEBUG - util_fusion - fusion_dual_defense - client 3 similarity threshold: 0.41940726194069705
2025-05-12 10:46:48,424 - INFO - util_fusion - fusion_dual_defense - client 3 selected fusion benigns: [5, 6, 9]
2025-05-12 10:46:48,432 - DEBUG - util_fusion - fusion_dual_defense - client 4 scores: {0: array([51.33102097]), 1: array([51.33101374]), 2: array([51.33102093]), 3: array([51.33101117]), 4: array([51.33101901]), 5: array([51.33102593]), 6: array([51.33103457]), 7: array([51.3310191]), 8: array([51.33102037]), 9: array([51.33102406])}
2025-05-12 10:46:48,433 - DEBUG - util_fusion - fusion_dual_defense - client 4 norm scores: {0: array([0.41866331]), 1: array([0.10962104]), 2: array([0.41690358]), 3: array([0.]), 4: array([0.33510481]), 5: array([0.63062668]), 6: array([1.]), 7: array([0.33902839]), 8: array([0.39321556]), 9: array([0.55090923])}
2025-05-12 10:46:48,433 - DEBUG - util_fusion - fusion_dual_defense - client 4 similarity threshold: 0.41940726194069705
2025-05-12 10:46:48,433 - INFO - util_fusion - fusion_dual_defense - client 4 selected fusion benigns: [5, 6, 9]
2025-05-12 10:46:48,441 - DEBUG - util_fusion - fusion_dual_defense - client 5 scores: {0: array([51.33102097]), 1: array([51.33101374]), 2: array([51.33102093]), 3: array([51.33101117]), 4: array([51.33101901]), 5: array([51.33102593]), 6: array([51.33103457]), 7: array([51.3310191]), 8: array([51.33102037]), 9: array([51.33102406])}
2025-05-12 10:46:48,442 - DEBUG - util_fusion - fusion_dual_defense - client 5 norm scores: {0: array([0.41866331]), 1: array([0.10962104]), 2: array([0.41690358]), 3: array([0.]), 4: array([0.33510481]), 5: array([0.63062668]), 6: array([1.]), 7: array([0.33902839]), 8: array([0.39321556]), 9: array([0.55090923])}
2025-05-12 10:46:48,442 - DEBUG - util_fusion - fusion_dual_defense - client 5 similarity threshold: 0.41940726194069705
2025-05-12 10:46:48,442 - INFO - util_fusion - fusion_dual_defense - client 5 selected fusion benigns: [5, 6, 9]
2025-05-12 10:46:48,450 - DEBUG - util_fusion - fusion_dual_defense - client 6 scores: {0: array([51.33102097]), 1: array([51.33101374]), 2: array([51.33102093]), 3: array([51.33101117]), 4: array([51.33101901]), 5: array([51.33102593]), 6: array([51.33103457]), 7: array([51.3310191]), 8: array([51.33102037]), 9: array([51.33102406])}
2025-05-12 10:46:48,451 - DEBUG - util_fusion - fusion_dual_defense - client 6 norm scores: {0: array([0.41866331]), 1: array([0.10962104]), 2: array([0.41690358]), 3: array([0.]), 4: array([0.33510481]), 5: array([0.63062668]), 6: array([1.]), 7: array([0.33902839]), 8: array([0.39321556]), 9: array([0.55090923])}
2025-05-12 10:46:48,451 - DEBUG - util_fusion - fusion_dual_defense - client 6 similarity threshold: 0.41940726194069705
2025-05-12 10:46:48,451 - INFO - util_fusion - fusion_dual_defense - client 6 selected fusion benigns: [5, 6, 9]
2025-05-12 10:46:48,459 - DEBUG - util_fusion - fusion_dual_defense - client 7 scores: {0: array([51.33102097]), 1: array([51.33101374]), 2: array([51.33102093]), 3: array([51.33101117]), 4: array([51.33101901]), 5: array([51.33102593]), 6: array([51.33103457]), 7: array([51.3310191]), 8: array([51.33102037]), 9: array([51.33102406])}
2025-05-12 10:46:48,460 - DEBUG - util_fusion - fusion_dual_defense - client 7 norm scores: {0: array([0.41866331]), 1: array([0.10962104]), 2: array([0.41690358]), 3: array([0.]), 4: array([0.33510481]), 5: array([0.63062668]), 6: array([1.]), 7: array([0.33902839]), 8: array([0.39321556]), 9: array([0.55090923])}
2025-05-12 10:46:48,460 - DEBUG - util_fusion - fusion_dual_defense - client 7 similarity threshold: 0.41940726194069705
2025-05-12 10:46:48,460 - INFO - util_fusion - fusion_dual_defense - client 7 selected fusion benigns: [5, 6, 9]
2025-05-12 10:46:48,468 - DEBUG - util_fusion - fusion_dual_defense - client 8 scores: {0: array([51.33102097]), 1: array([51.33101374]), 2: array([51.33102093]), 3: array([51.33101117]), 4: array([51.33101901]), 5: array([51.33102593]), 6: array([51.33103457]), 7: array([51.3310191]), 8: array([51.33102037]), 9: array([51.33102406])}
2025-05-12 10:46:48,469 - DEBUG - util_fusion - fusion_dual_defense - client 8 norm scores: {0: array([0.41866331]), 1: array([0.10962104]), 2: array([0.41690358]), 3: array([0.]), 4: array([0.33510481]), 5: array([0.63062668]), 6: array([1.]), 7: array([0.33902839]), 8: array([0.39321556]), 9: array([0.55090923])}
2025-05-12 10:46:48,469 - DEBUG - util_fusion - fusion_dual_defense - client 8 similarity threshold: 0.41940726194069705
2025-05-12 10:46:48,469 - INFO - util_fusion - fusion_dual_defense - client 8 selected fusion benigns: [5, 6, 9]
2025-05-12 10:46:48,478 - DEBUG - util_fusion - fusion_dual_defense - client 9 scores: {0: array([51.33102097]), 1: array([51.33101374]), 2: array([51.33102093]), 3: array([51.33101117]), 4: array([51.33101901]), 5: array([51.33102593]), 6: array([51.33103457]), 7: array([51.3310191]), 8: array([51.33102037]), 9: array([51.33102406])}
2025-05-12 10:46:48,478 - DEBUG - util_fusion - fusion_dual_defense - client 9 norm scores: {0: array([0.41866331]), 1: array([0.10962104]), 2: array([0.41690358]), 3: array([0.]), 4: array([0.33510481]), 5: array([0.63062668]), 6: array([1.]), 7: array([0.33902839]), 8: array([0.39321556]), 9: array([0.55090923])}
2025-05-12 10:46:48,478 - DEBUG - util_fusion - fusion_dual_defense - client 9 similarity threshold: 0.41940726194069705
2025-05-12 10:46:48,478 - INFO - util_fusion - fusion_dual_defense - client 9 selected fusion benigns: [5, 6, 9]
2025-05-12 10:46:48,478 - DEBUG - util_fusion - fusion_dual_defense - final fusion benigns: (5, 6, 9)
2025-05-12 10:46:50,065 - INFO - fl - start - global side -  test accuracy: 10.09
2025-05-12 10:46:50,066 - INFO - fl - start - global side iteration 21 -  test accuracy: 10.09
2025-05-12 10:46:50,066 - INFO - fl - start - start training round 22
2025-05-12 10:46:50,068 - INFO - fl - start - round 22 attackers: [7, 5]
2025-05-12 10:46:50,068 - INFO - fl - start - start client 0 training
2025-05-12 10:46:50,068 - INFO - fl - client_local_train - client 0 start local training ...
2025-05-12 10:46:55,592 - INFO - fl - start - end client 0 training
2025-05-12 10:46:55,592 - INFO - fl - start - client 0 evaluation metrics: {'train_loss': 10.920913814329634, 'test_acc': 9.82}
2025-05-12 10:46:55,592 - INFO - fl - start - start client 1 training
2025-05-12 10:46:55,592 - INFO - fl - client_local_train - client 1 start local training ...
2025-05-12 10:46:59,313 - INFO - fl - start - end client 1 training
2025-05-12 10:46:59,313 - INFO - fl - start - client 1 evaluation metrics: {'train_loss': 3.829630815777285, 'test_acc': 10.09}
2025-05-12 10:46:59,313 - INFO - fl - start - start client 2 training
2025-05-12 10:46:59,313 - INFO - fl - client_local_train - client 2 start local training ...
2025-05-12 10:47:03,442 - INFO - fl - start - end client 2 training
2025-05-12 10:47:03,442 - INFO - fl - start - client 2 evaluation metrics: {'train_loss': 22.284984813017005, 'test_acc': 8.92}
2025-05-12 10:47:03,442 - INFO - fl - start - start client 3 training
2025-05-12 10:47:03,442 - INFO - fl - client_local_train - client 3 start local training ...
2025-05-12 10:47:07,424 - INFO - fl - start - end client 3 training
2025-05-12 10:47:07,424 - INFO - fl - start - client 3 evaluation metrics: {'train_loss': 41.551374554634094, 'test_acc': 9.82}
2025-05-12 10:47:07,424 - INFO - fl - start - start client 4 training
2025-05-12 10:47:07,424 - INFO - fl - client_local_train - client 4 start local training ...
2025-05-12 10:47:14,183 - INFO - fl - start - end client 4 training
2025-05-12 10:47:14,183 - INFO - fl - start - client 4 evaluation metrics: {'train_loss': 3.8140740168817118, 'test_acc': 11.35}
2025-05-12 10:47:14,183 - INFO - fl - start - start client 5 training
2025-05-12 10:47:14,183 - INFO - fl - client_local_train - client 5 start local training ...
2025-05-12 10:47:15,355 - INFO - fl - client_local_train - client 5 is attacker, start poisoning model
2025-05-12 10:47:18,681 - INFO - fl - start - end client 5 training
2025-05-12 10:47:18,681 - INFO - fl - start - client 5 evaluation metrics: {'train_loss': 181.75412853344068, 'test_acc': 10.09}
2025-05-12 10:47:18,681 - INFO - fl - start - start client 6 training
2025-05-12 10:47:18,681 - INFO - fl - client_local_train - client 6 start local training ...
2025-05-12 10:47:24,793 - INFO - fl - start - end client 6 training
2025-05-12 10:47:24,793 - INFO - fl - start - client 6 evaluation metrics: {'train_loss': 242.04744102214946, 'test_acc': 10.1}
2025-05-12 10:47:24,793 - INFO - fl - start - start client 7 training
2025-05-12 10:47:24,793 - INFO - fl - client_local_train - client 7 start local training ...
2025-05-12 10:47:29,118 - INFO - fl - client_local_train - client 7 is attacker, start poisoning model
2025-05-12 10:47:34,139 - INFO - fl - start - end client 7 training
2025-05-12 10:47:34,139 - INFO - fl - start - client 7 evaluation metrics: {'train_loss': 15.503584363567295, 'test_acc': 10.1}
2025-05-12 10:47:34,139 - INFO - fl - start - start client 8 training
2025-05-12 10:47:34,139 - INFO - fl - client_local_train - client 8 start local training ...
2025-05-12 10:47:40,931 - INFO - fl - start - end client 8 training
2025-05-12 10:47:40,931 - INFO - fl - start - client 8 evaluation metrics: {'train_loss': 105.55490086490947, 'test_acc': 8.92}
2025-05-12 10:47:40,931 - INFO - fl - start - start client 9 training
2025-05-12 10:47:40,931 - INFO - fl - client_local_train - client 9 start local training ...
2025-05-12 10:47:46,310 - INFO - fl - start - end client 9 training
2025-05-12 10:47:46,310 - INFO - fl - start - client 9 evaluation metrics: {'train_loss': 3.117019462342165, 'test_acc': 10.32}
2025-05-12 10:47:46,310 - INFO - fl - aggregate_model - start model aggregation...fusion method: dual_defense
2025-05-12 10:47:46,310 - INFO - fl - aggregate_model - start hyper-guard fusion with epsilon 0.01
2025-05-12 10:47:46,310 - INFO - fl - aggregate_model - round 22 attackers: [5, 7]
2025-05-12 10:47:57,107 - DEBUG - util_fusion - fusion_dual_defense - client 0 scores: {0: array([124.08386954]), 1: array([124.08384276]), 2: array([124.08383257]), 3: array([124.08381064]), 4: array([124.08382504]), 5: array([124.08380967]), 6: array([124.08383846]), 7: array([124.08386669]), 8: array([124.08385811]), 9: array([124.08387842])}
2025-05-12 10:47:57,108 - DEBUG - util_fusion - fusion_dual_defense - client 0 norm scores: {0: array([0.87081693]), 1: array([0.48125314]), 2: array([0.3330565]), 3: array([0.01414203]), 4: array([0.22350901]), 5: array([0.]), 6: array([0.41868425]), 7: array([0.82934422]), 8: array([0.70459034]), 9: array([1.])}
2025-05-12 10:47:57,108 - DEBUG - util_fusion - fusion_dual_defense - client 0 similarity threshold: 0.48753964036254444
2025-05-12 10:47:57,108 - INFO - util_fusion - fusion_dual_defense - client 0 selected fusion benigns: [0, 7, 8, 9]
2025-05-12 10:47:57,117 - DEBUG - util_fusion - fusion_dual_defense - client 1 scores: {0: array([124.08386954]), 1: array([124.08384276]), 2: array([124.08383257]), 3: array([124.08381064]), 4: array([124.08382504]), 5: array([124.08380967]), 6: array([124.08383846]), 7: array([124.08386669]), 8: array([124.08385811]), 9: array([124.08387842])}
2025-05-12 10:47:57,117 - DEBUG - util_fusion - fusion_dual_defense - client 1 norm scores: {0: array([0.87081693]), 1: array([0.48125314]), 2: array([0.3330565]), 3: array([0.01414203]), 4: array([0.22350901]), 5: array([0.]), 6: array([0.41868425]), 7: array([0.82934422]), 8: array([0.70459034]), 9: array([1.])}
2025-05-12 10:47:57,117 - DEBUG - util_fusion - fusion_dual_defense - client 1 similarity threshold: 0.48753964036254444
2025-05-12 10:47:57,117 - INFO - util_fusion - fusion_dual_defense - client 1 selected fusion benigns: [0, 7, 8, 9]
2025-05-12 10:47:57,126 - DEBUG - util_fusion - fusion_dual_defense - client 2 scores: {0: array([124.08386954]), 1: array([124.08384276]), 2: array([124.08383257]), 3: array([124.08381064]), 4: array([124.08382504]), 5: array([124.08380967]), 6: array([124.08383846]), 7: array([124.08386669]), 8: array([124.08385811]), 9: array([124.08387842])}
2025-05-12 10:47:57,126 - DEBUG - util_fusion - fusion_dual_defense - client 2 norm scores: {0: array([0.87081693]), 1: array([0.48125314]), 2: array([0.3330565]), 3: array([0.01414203]), 4: array([0.22350901]), 5: array([0.]), 6: array([0.41868425]), 7: array([0.82934422]), 8: array([0.70459034]), 9: array([1.])}
2025-05-12 10:47:57,126 - DEBUG - util_fusion - fusion_dual_defense - client 2 similarity threshold: 0.48753964036254444
2025-05-12 10:47:57,126 - INFO - util_fusion - fusion_dual_defense - client 2 selected fusion benigns: [0, 7, 8, 9]
2025-05-12 10:47:57,135 - DEBUG - util_fusion - fusion_dual_defense - client 3 scores: {0: array([124.08386954]), 1: array([124.08384276]), 2: array([124.08383257]), 3: array([124.08381064]), 4: array([124.08382504]), 5: array([124.08380967]), 6: array([124.08383846]), 7: array([124.08386669]), 8: array([124.08385811]), 9: array([124.08387842])}
2025-05-12 10:47:57,135 - DEBUG - util_fusion - fusion_dual_defense - client 3 norm scores: {0: array([0.87081693]), 1: array([0.48125314]), 2: array([0.3330565]), 3: array([0.01414203]), 4: array([0.22350901]), 5: array([0.]), 6: array([0.41868425]), 7: array([0.82934422]), 8: array([0.70459034]), 9: array([1.])}
2025-05-12 10:47:57,135 - DEBUG - util_fusion - fusion_dual_defense - client 3 similarity threshold: 0.48753964036254444
2025-05-12 10:47:57,135 - INFO - util_fusion - fusion_dual_defense - client 3 selected fusion benigns: [0, 7, 8, 9]
2025-05-12 10:47:57,144 - DEBUG - util_fusion - fusion_dual_defense - client 4 scores: {0: array([124.08386954]), 1: array([124.08384276]), 2: array([124.08383257]), 3: array([124.08381064]), 4: array([124.08382504]), 5: array([124.08380967]), 6: array([124.08383846]), 7: array([124.08386669]), 8: array([124.08385811]), 9: array([124.08387842])}
2025-05-12 10:47:57,144 - DEBUG - util_fusion - fusion_dual_defense - client 4 norm scores: {0: array([0.87081693]), 1: array([0.48125314]), 2: array([0.3330565]), 3: array([0.01414203]), 4: array([0.22350901]), 5: array([0.]), 6: array([0.41868425]), 7: array([0.82934422]), 8: array([0.70459034]), 9: array([1.])}
2025-05-12 10:47:57,144 - DEBUG - util_fusion - fusion_dual_defense - client 4 similarity threshold: 0.48753964036254444
2025-05-12 10:47:57,144 - INFO - util_fusion - fusion_dual_defense - client 4 selected fusion benigns: [0, 7, 8, 9]
2025-05-12 10:47:57,153 - DEBUG - util_fusion - fusion_dual_defense - client 5 scores: {0: array([124.08386954]), 1: array([124.08384276]), 2: array([124.08383257]), 3: array([124.08381064]), 4: array([124.08382504]), 5: array([124.08380967]), 6: array([124.08383846]), 7: array([124.08386669]), 8: array([124.08385811]), 9: array([124.08387842])}
2025-05-12 10:47:57,153 - DEBUG - util_fusion - fusion_dual_defense - client 5 norm scores: {0: array([0.87081693]), 1: array([0.48125314]), 2: array([0.3330565]), 3: array([0.01414203]), 4: array([0.22350901]), 5: array([0.]), 6: array([0.41868425]), 7: array([0.82934422]), 8: array([0.70459034]), 9: array([1.])}
2025-05-12 10:47:57,153 - DEBUG - util_fusion - fusion_dual_defense - client 5 similarity threshold: 0.48753964036254444
2025-05-12 10:47:57,153 - INFO - util_fusion - fusion_dual_defense - client 5 selected fusion benigns: [0, 7, 8, 9]
2025-05-12 10:47:57,162 - DEBUG - util_fusion - fusion_dual_defense - client 6 scores: {0: array([124.08386954]), 1: array([124.08384276]), 2: array([124.08383257]), 3: array([124.08381064]), 4: array([124.08382504]), 5: array([124.08380967]), 6: array([124.08383846]), 7: array([124.08386669]), 8: array([124.08385811]), 9: array([124.08387842])}
2025-05-12 10:47:57,162 - DEBUG - util_fusion - fusion_dual_defense - client 6 norm scores: {0: array([0.87081693]), 1: array([0.48125314]), 2: array([0.3330565]), 3: array([0.01414203]), 4: array([0.22350901]), 5: array([0.]), 6: array([0.41868425]), 7: array([0.82934422]), 8: array([0.70459034]), 9: array([1.])}
2025-05-12 10:47:57,162 - DEBUG - util_fusion - fusion_dual_defense - client 6 similarity threshold: 0.48753964036254444
2025-05-12 10:47:57,162 - INFO - util_fusion - fusion_dual_defense - client 6 selected fusion benigns: [0, 7, 8, 9]
2025-05-12 10:47:57,171 - DEBUG - util_fusion - fusion_dual_defense - client 7 scores: {0: array([124.08386954]), 1: array([124.08384276]), 2: array([124.08383257]), 3: array([124.08381064]), 4: array([124.08382504]), 5: array([124.08380967]), 6: array([124.08383846]), 7: array([124.08386669]), 8: array([124.08385811]), 9: array([124.08387842])}
2025-05-12 10:47:57,171 - DEBUG - util_fusion - fusion_dual_defense - client 7 norm scores: {0: array([0.87081693]), 1: array([0.48125314]), 2: array([0.3330565]), 3: array([0.01414203]), 4: array([0.22350901]), 5: array([0.]), 6: array([0.41868425]), 7: array([0.82934422]), 8: array([0.70459034]), 9: array([1.])}
2025-05-12 10:47:57,171 - DEBUG - util_fusion - fusion_dual_defense - client 7 similarity threshold: 0.48753964036254444
2025-05-12 10:47:57,171 - INFO - util_fusion - fusion_dual_defense - client 7 selected fusion benigns: [0, 7, 8, 9]
2025-05-12 10:47:57,180 - DEBUG - util_fusion - fusion_dual_defense - client 8 scores: {0: array([124.08386954]), 1: array([124.08384276]), 2: array([124.08383257]), 3: array([124.08381064]), 4: array([124.08382504]), 5: array([124.08380967]), 6: array([124.08383846]), 7: array([124.08386669]), 8: array([124.08385811]), 9: array([124.08387842])}
2025-05-12 10:47:57,180 - DEBUG - util_fusion - fusion_dual_defense - client 8 norm scores: {0: array([0.87081693]), 1: array([0.48125314]), 2: array([0.3330565]), 3: array([0.01414203]), 4: array([0.22350901]), 5: array([0.]), 6: array([0.41868425]), 7: array([0.82934422]), 8: array([0.70459034]), 9: array([1.])}
2025-05-12 10:47:57,180 - DEBUG - util_fusion - fusion_dual_defense - client 8 similarity threshold: 0.48753964036254444
2025-05-12 10:47:57,180 - INFO - util_fusion - fusion_dual_defense - client 8 selected fusion benigns: [0, 7, 8, 9]
2025-05-12 10:47:57,189 - DEBUG - util_fusion - fusion_dual_defense - client 9 scores: {0: array([124.08386954]), 1: array([124.08384276]), 2: array([124.08383257]), 3: array([124.08381064]), 4: array([124.08382504]), 5: array([124.08380967]), 6: array([124.08383846]), 7: array([124.08386669]), 8: array([124.08385811]), 9: array([124.08387842])}
2025-05-12 10:47:57,189 - DEBUG - util_fusion - fusion_dual_defense - client 9 norm scores: {0: array([0.87081693]), 1: array([0.48125314]), 2: array([0.3330565]), 3: array([0.01414203]), 4: array([0.22350901]), 5: array([0.]), 6: array([0.41868425]), 7: array([0.82934422]), 8: array([0.70459034]), 9: array([1.])}
2025-05-12 10:47:57,189 - DEBUG - util_fusion - fusion_dual_defense - client 9 similarity threshold: 0.48753964036254444
2025-05-12 10:47:57,189 - INFO - util_fusion - fusion_dual_defense - client 9 selected fusion benigns: [0, 7, 8, 9]
2025-05-12 10:47:57,190 - DEBUG - util_fusion - fusion_dual_defense - final fusion benigns: (0, 7, 8, 9)
2025-05-12 10:47:58,835 - INFO - fl - start - global side -  test accuracy: 10.1
2025-05-12 10:47:58,835 - INFO - fl - start - global side iteration 22 -  test accuracy: 10.1
2025-05-12 10:47:58,835 - INFO - fl - start - start training round 23
2025-05-12 10:47:58,837 - INFO - fl - start - round 23 attackers: [2, 9]
2025-05-12 10:47:58,837 - INFO - fl - start - start client 0 training
2025-05-12 10:47:58,837 - INFO - fl - client_local_train - client 0 start local training ...
2025-05-12 10:48:04,355 - INFO - fl - start - end client 0 training
2025-05-12 10:48:04,355 - INFO - fl - start - client 0 evaluation metrics: {'train_loss': 30.510704690334844, 'test_acc': 9.82}
2025-05-12 10:48:04,355 - INFO - fl - start - start client 1 training
2025-05-12 10:48:04,355 - INFO - fl - client_local_train - client 1 start local training ...
2025-05-12 10:48:08,128 - INFO - fl - start - end client 1 training
2025-05-12 10:48:08,128 - INFO - fl - start - client 1 evaluation metrics: {'train_loss': 9.73600699469961, 'test_acc': 10.09}
2025-05-12 10:48:08,128 - INFO - fl - start - start client 2 training
2025-05-12 10:48:08,128 - INFO - fl - client_local_train - client 2 start local training ...
2025-05-12 10:48:10,324 - INFO - fl - client_local_train - client 2 is attacker, start poisoning model
2025-05-12 10:48:14,218 - INFO - fl - start - end client 2 training
2025-05-12 10:48:14,218 - INFO - fl - start - client 2 evaluation metrics: {'train_loss': 529.2628519394818, 'test_acc': 8.92}
2025-05-12 10:48:14,218 - INFO - fl - start - start client 3 training
2025-05-12 10:48:14,218 - INFO - fl - client_local_train - client 3 start local training ...
2025-05-12 10:48:18,203 - INFO - fl - start - end client 3 training
2025-05-12 10:48:18,203 - INFO - fl - start - client 3 evaluation metrics: {'train_loss': 124.51284927129745, 'test_acc': 9.82}
2025-05-12 10:48:18,203 - INFO - fl - start - start client 4 training
2025-05-12 10:48:18,203 - INFO - fl - client_local_train - client 4 start local training ...
2025-05-12 10:48:24,993 - INFO - fl - start - end client 4 training
2025-05-12 10:48:24,993 - INFO - fl - start - client 4 evaluation metrics: {'train_loss': 8.78022863015984, 'test_acc': 11.35}
2025-05-12 10:48:24,993 - INFO - fl - start - start client 5 training
2025-05-12 10:48:24,993 - INFO - fl - client_local_train - client 5 start local training ...
2025-05-12 10:48:27,825 - INFO - fl - start - end client 5 training
2025-05-12 10:48:27,825 - INFO - fl - start - client 5 evaluation metrics: {'train_loss': 65.83709531217008, 'test_acc': 10.09}
2025-05-12 10:48:27,825 - INFO - fl - start - start client 6 training
2025-05-12 10:48:27,825 - INFO - fl - client_local_train - client 6 start local training ...
2025-05-12 10:48:33,936 - INFO - fl - start - end client 6 training
2025-05-12 10:48:33,936 - INFO - fl - start - client 6 evaluation metrics: {'train_loss': 749.9074912235654, 'test_acc': 10.1}
2025-05-12 10:48:33,936 - INFO - fl - start - start client 7 training
2025-05-12 10:48:33,937 - INFO - fl - client_local_train - client 7 start local training ...
2025-05-12 10:48:40,789 - INFO - fl - start - end client 7 training
2025-05-12 10:48:40,789 - INFO - fl - start - client 7 evaluation metrics: {'train_loss': 5.219907326929605, 'test_acc': 10.1}
2025-05-12 10:48:40,789 - INFO - fl - start - start client 8 training
2025-05-12 10:48:40,789 - INFO - fl - client_local_train - client 8 start local training ...
2025-05-12 10:48:47,564 - INFO - fl - start - end client 8 training
2025-05-12 10:48:47,564 - INFO - fl - start - client 8 evaluation metrics: {'train_loss': 346.6285875363457, 'test_acc': 8.92}
2025-05-12 10:48:47,564 - INFO - fl - start - start client 9 training
2025-05-12 10:48:47,564 - INFO - fl - client_local_train - client 9 start local training ...
2025-05-12 10:48:50,703 - INFO - fl - client_local_train - client 9 is attacker, start poisoning model
2025-05-12 10:48:55,099 - INFO - fl - start - end client 9 training
2025-05-12 10:48:55,099 - INFO - fl - start - client 9 evaluation metrics: {'train_loss': 46.54158902411558, 'test_acc': 10.32}
2025-05-12 10:48:55,099 - INFO - fl - aggregate_model - start model aggregation...fusion method: dual_defense
2025-05-12 10:48:55,099 - INFO - fl - aggregate_model - start hyper-guard fusion with epsilon 0.01
2025-05-12 10:48:55,099 - INFO - fl - aggregate_model - round 23 attackers: [9, 2]
2025-05-12 10:49:05,902 - DEBUG - util_fusion - fusion_dual_defense - client 0 scores: {0: array([529.20242344]), 1: array([529.19804906]), 2: array([529.19905035]), 3: array([529.19858757]), 4: array([529.20606969]), 5: array([529.19592349]), 6: array([529.20391835]), 7: array([529.20630339]), 8: array([529.2062018]), 9: array([529.20213353])}
2025-05-12 10:49:05,902 - DEBUG - util_fusion - fusion_dual_defense - client 0 norm scores: {0: array([0.62620489]), 1: array([0.20477688]), 2: array([0.30124165]), 3: array([0.25665672]), 4: array([0.97748489]), 5: array([0.]), 6: array([0.77022499]), 7: array([1.]), 8: array([0.9902122]), 9: array([0.59827514])}
2025-05-12 10:49:05,903 - DEBUG - util_fusion - fusion_dual_defense - client 0 similarity threshold: 0.5725077355031197
2025-05-12 10:49:05,903 - INFO - util_fusion - fusion_dual_defense - client 0 selected fusion benigns: [0, 4, 6, 7, 8, 9]
2025-05-12 10:49:05,911 - DEBUG - util_fusion - fusion_dual_defense - client 1 scores: {0: array([529.20242344]), 1: array([529.19804906]), 2: array([529.19905035]), 3: array([529.19858757]), 4: array([529.20606969]), 5: array([529.19592349]), 6: array([529.20391835]), 7: array([529.20630339]), 8: array([529.2062018]), 9: array([529.20213353])}
2025-05-12 10:49:05,912 - DEBUG - util_fusion - fusion_dual_defense - client 1 norm scores: {0: array([0.62620489]), 1: array([0.20477688]), 2: array([0.30124165]), 3: array([0.25665672]), 4: array([0.97748489]), 5: array([0.]), 6: array([0.77022499]), 7: array([1.]), 8: array([0.9902122]), 9: array([0.59827514])}
2025-05-12 10:49:05,912 - DEBUG - util_fusion - fusion_dual_defense - client 1 similarity threshold: 0.5725077355031197
2025-05-12 10:49:05,912 - INFO - util_fusion - fusion_dual_defense - client 1 selected fusion benigns: [0, 4, 6, 7, 8, 9]
2025-05-12 10:49:05,920 - DEBUG - util_fusion - fusion_dual_defense - client 2 scores: {0: array([529.20242344]), 1: array([529.19804906]), 2: array([529.19905035]), 3: array([529.19858757]), 4: array([529.20606969]), 5: array([529.19592349]), 6: array([529.20391835]), 7: array([529.20630339]), 8: array([529.2062018]), 9: array([529.20213353])}
2025-05-12 10:49:05,921 - DEBUG - util_fusion - fusion_dual_defense - client 2 norm scores: {0: array([0.62620489]), 1: array([0.20477688]), 2: array([0.30124165]), 3: array([0.25665672]), 4: array([0.97748489]), 5: array([0.]), 6: array([0.77022499]), 7: array([1.]), 8: array([0.9902122]), 9: array([0.59827514])}
2025-05-12 10:49:05,921 - DEBUG - util_fusion - fusion_dual_defense - client 2 similarity threshold: 0.5725077355031197
2025-05-12 10:49:05,921 - INFO - util_fusion - fusion_dual_defense - client 2 selected fusion benigns: [0, 4, 6, 7, 8, 9]
2025-05-12 10:49:05,929 - DEBUG - util_fusion - fusion_dual_defense - client 3 scores: {0: array([529.20242344]), 1: array([529.19804906]), 2: array([529.19905035]), 3: array([529.19858757]), 4: array([529.20606969]), 5: array([529.19592349]), 6: array([529.20391835]), 7: array([529.20630339]), 8: array([529.2062018]), 9: array([529.20213353])}
2025-05-12 10:49:05,930 - DEBUG - util_fusion - fusion_dual_defense - client 3 norm scores: {0: array([0.62620489]), 1: array([0.20477688]), 2: array([0.30124165]), 3: array([0.25665672]), 4: array([0.97748489]), 5: array([0.]), 6: array([0.77022499]), 7: array([1.]), 8: array([0.9902122]), 9: array([0.59827514])}
2025-05-12 10:49:05,930 - DEBUG - util_fusion - fusion_dual_defense - client 3 similarity threshold: 0.5725077355031197
2025-05-12 10:49:05,930 - INFO - util_fusion - fusion_dual_defense - client 3 selected fusion benigns: [0, 4, 6, 7, 8, 9]
2025-05-12 10:49:05,938 - DEBUG - util_fusion - fusion_dual_defense - client 4 scores: {0: array([529.20242344]), 1: array([529.19804906]), 2: array([529.19905035]), 3: array([529.19858757]), 4: array([529.20606969]), 5: array([529.19592349]), 6: array([529.20391835]), 7: array([529.20630339]), 8: array([529.2062018]), 9: array([529.20213353])}
2025-05-12 10:49:05,939 - DEBUG - util_fusion - fusion_dual_defense - client 4 norm scores: {0: array([0.62620489]), 1: array([0.20477688]), 2: array([0.30124165]), 3: array([0.25665672]), 4: array([0.97748489]), 5: array([0.]), 6: array([0.77022499]), 7: array([1.]), 8: array([0.9902122]), 9: array([0.59827514])}
2025-05-12 10:49:05,939 - DEBUG - util_fusion - fusion_dual_defense - client 4 similarity threshold: 0.5725077355031197
2025-05-12 10:49:05,939 - INFO - util_fusion - fusion_dual_defense - client 4 selected fusion benigns: [0, 4, 6, 7, 8, 9]
2025-05-12 10:49:05,947 - DEBUG - util_fusion - fusion_dual_defense - client 5 scores: {0: array([529.20242344]), 1: array([529.19804906]), 2: array([529.19905035]), 3: array([529.19858757]), 4: array([529.20606969]), 5: array([529.19592349]), 6: array([529.20391835]), 7: array([529.20630339]), 8: array([529.2062018]), 9: array([529.20213353])}
2025-05-12 10:49:05,948 - DEBUG - util_fusion - fusion_dual_defense - client 5 norm scores: {0: array([0.62620489]), 1: array([0.20477688]), 2: array([0.30124165]), 3: array([0.25665672]), 4: array([0.97748489]), 5: array([0.]), 6: array([0.77022499]), 7: array([1.]), 8: array([0.9902122]), 9: array([0.59827514])}
2025-05-12 10:49:05,948 - DEBUG - util_fusion - fusion_dual_defense - client 5 similarity threshold: 0.5725077355031197
2025-05-12 10:49:05,948 - INFO - util_fusion - fusion_dual_defense - client 5 selected fusion benigns: [0, 4, 6, 7, 8, 9]
2025-05-12 10:49:05,956 - DEBUG - util_fusion - fusion_dual_defense - client 6 scores: {0: array([529.20242344]), 1: array([529.19804906]), 2: array([529.19905035]), 3: array([529.19858757]), 4: array([529.20606969]), 5: array([529.19592349]), 6: array([529.20391835]), 7: array([529.20630339]), 8: array([529.2062018]), 9: array([529.20213353])}
2025-05-12 10:49:05,957 - DEBUG - util_fusion - fusion_dual_defense - client 6 norm scores: {0: array([0.62620489]), 1: array([0.20477688]), 2: array([0.30124165]), 3: array([0.25665672]), 4: array([0.97748489]), 5: array([0.]), 6: array([0.77022499]), 7: array([1.]), 8: array([0.9902122]), 9: array([0.59827514])}
2025-05-12 10:49:05,957 - DEBUG - util_fusion - fusion_dual_defense - client 6 similarity threshold: 0.5725077355031197
2025-05-12 10:49:05,957 - INFO - util_fusion - fusion_dual_defense - client 6 selected fusion benigns: [0, 4, 6, 7, 8, 9]
2025-05-12 10:49:05,965 - DEBUG - util_fusion - fusion_dual_defense - client 7 scores: {0: array([529.20242344]), 1: array([529.19804906]), 2: array([529.19905035]), 3: array([529.19858757]), 4: array([529.20606969]), 5: array([529.19592349]), 6: array([529.20391835]), 7: array([529.20630339]), 8: array([529.2062018]), 9: array([529.20213353])}
2025-05-12 10:49:05,966 - DEBUG - util_fusion - fusion_dual_defense - client 7 norm scores: {0: array([0.62620489]), 1: array([0.20477688]), 2: array([0.30124165]), 3: array([0.25665672]), 4: array([0.97748489]), 5: array([0.]), 6: array([0.77022499]), 7: array([1.]), 8: array([0.9902122]), 9: array([0.59827514])}
2025-05-12 10:49:05,966 - DEBUG - util_fusion - fusion_dual_defense - client 7 similarity threshold: 0.5725077355031197
2025-05-12 10:49:05,966 - INFO - util_fusion - fusion_dual_defense - client 7 selected fusion benigns: [0, 4, 6, 7, 8, 9]
2025-05-12 10:49:05,974 - DEBUG - util_fusion - fusion_dual_defense - client 8 scores: {0: array([529.20242344]), 1: array([529.19804906]), 2: array([529.19905035]), 3: array([529.19858757]), 4: array([529.20606969]), 5: array([529.19592349]), 6: array([529.20391835]), 7: array([529.20630339]), 8: array([529.2062018]), 9: array([529.20213353])}
2025-05-12 10:49:05,975 - DEBUG - util_fusion - fusion_dual_defense - client 8 norm scores: {0: array([0.62620489]), 1: array([0.20477688]), 2: array([0.30124165]), 3: array([0.25665672]), 4: array([0.97748489]), 5: array([0.]), 6: array([0.77022499]), 7: array([1.]), 8: array([0.9902122]), 9: array([0.59827514])}
2025-05-12 10:49:05,975 - DEBUG - util_fusion - fusion_dual_defense - client 8 similarity threshold: 0.5725077355031197
2025-05-12 10:49:05,975 - INFO - util_fusion - fusion_dual_defense - client 8 selected fusion benigns: [0, 4, 6, 7, 8, 9]
2025-05-12 10:49:05,983 - DEBUG - util_fusion - fusion_dual_defense - client 9 scores: {0: array([529.20242344]), 1: array([529.19804906]), 2: array([529.19905035]), 3: array([529.19858757]), 4: array([529.20606969]), 5: array([529.19592349]), 6: array([529.20391835]), 7: array([529.20630339]), 8: array([529.2062018]), 9: array([529.20213353])}
2025-05-12 10:49:05,984 - DEBUG - util_fusion - fusion_dual_defense - client 9 norm scores: {0: array([0.62620489]), 1: array([0.20477688]), 2: array([0.30124165]), 3: array([0.25665672]), 4: array([0.97748489]), 5: array([0.]), 6: array([0.77022499]), 7: array([1.]), 8: array([0.9902122]), 9: array([0.59827514])}
2025-05-12 10:49:05,984 - DEBUG - util_fusion - fusion_dual_defense - client 9 similarity threshold: 0.5725077355031197
2025-05-12 10:49:05,984 - INFO - util_fusion - fusion_dual_defense - client 9 selected fusion benigns: [0, 4, 6, 7, 8, 9]
2025-05-12 10:49:05,984 - DEBUG - util_fusion - fusion_dual_defense - final fusion benigns: (0, 4, 6, 7, 8, 9)
2025-05-12 10:49:07,740 - INFO - fl - start - global side -  test accuracy: 10.32
2025-05-12 10:49:07,740 - INFO - fl - start - global side iteration 23 -  test accuracy: 10.32
2025-05-12 10:49:07,741 - INFO - fl - start - start training round 24
2025-05-12 10:49:07,742 - INFO - fl - start - round 24 attackers: [4, 5]
2025-05-12 10:49:07,742 - INFO - fl - start - start client 0 training
2025-05-12 10:49:07,742 - INFO - fl - client_local_train - client 0 start local training ...
2025-05-12 10:49:13,278 - INFO - fl - start - end client 0 training
2025-05-12 10:49:13,278 - INFO - fl - start - client 0 evaluation metrics: {'train_loss': 56.580461027575474, 'test_acc': 9.82}
2025-05-12 10:49:13,278 - INFO - fl - start - start client 1 training
2025-05-12 10:49:13,278 - INFO - fl - client_local_train - client 1 start local training ...
2025-05-12 10:49:17,025 - INFO - fl - start - end client 1 training
2025-05-12 10:49:17,025 - INFO - fl - start - client 1 evaluation metrics: {'train_loss': 18.066871158007917, 'test_acc': 10.09}
2025-05-12 10:49:17,025 - INFO - fl - start - start client 2 training
2025-05-12 10:49:17,025 - INFO - fl - client_local_train - client 2 start local training ...
2025-05-12 10:49:21,189 - INFO - fl - start - end client 2 training
2025-05-12 10:49:21,189 - INFO - fl - start - client 2 evaluation metrics: {'train_loss': 131.34715125140022, 'test_acc': 8.92}
2025-05-12 10:49:21,189 - INFO - fl - start - start client 3 training
2025-05-12 10:49:21,189 - INFO - fl - client_local_train - client 3 start local training ...
2025-05-12 10:49:25,167 - INFO - fl - start - end client 3 training
2025-05-12 10:49:25,167 - INFO - fl - start - client 3 evaluation metrics: {'train_loss': 242.40968704223633, 'test_acc': 9.82}
2025-05-12 10:49:25,167 - INFO - fl - start - start client 4 training
2025-05-12 10:49:25,167 - INFO - fl - client_local_train - client 4 start local training ...
2025-05-12 10:49:29,440 - INFO - fl - client_local_train - client 4 is attacker, start poisoning model
2025-05-12 10:49:34,440 - INFO - fl - start - end client 4 training
2025-05-12 10:49:34,440 - INFO - fl - start - client 4 evaluation metrics: {'train_loss': 121.93795228004456, 'test_acc': 11.35}
2025-05-12 10:49:34,440 - INFO - fl - start - start client 5 training
2025-05-12 10:49:34,440 - INFO - fl - client_local_train - client 5 start local training ...
2025-05-12 10:49:35,620 - INFO - fl - client_local_train - client 5 is attacker, start poisoning model
2025-05-12 10:49:38,941 - INFO - fl - start - end client 5 training
2025-05-12 10:49:38,941 - INFO - fl - start - client 5 evaluation metrics: {'train_loss': 1031.9348457955025, 'test_acc': 10.09}
2025-05-12 10:49:38,941 - INFO - fl - start - start client 6 training
2025-05-12 10:49:38,941 - INFO - fl - client_local_train - client 6 start local training ...
2025-05-12 10:49:45,101 - INFO - fl - start - end client 6 training
2025-05-12 10:49:45,101 - INFO - fl - start - client 6 evaluation metrics: {'train_loss': 1474.0973836964574, 'test_acc': 10.1}
2025-05-12 10:49:45,101 - INFO - fl - start - start client 7 training
2025-05-12 10:49:45,101 - INFO - fl - client_local_train - client 7 start local training ...
2025-05-12 10:49:51,928 - INFO - fl - start - end client 7 training
2025-05-12 10:49:51,928 - INFO - fl - start - client 7 evaluation metrics: {'train_loss': 8.998405247481902, 'test_acc': 10.1}
2025-05-12 10:49:51,928 - INFO - fl - start - start client 8 training
2025-05-12 10:49:51,928 - INFO - fl - client_local_train - client 8 start local training ...
2025-05-12 10:49:58,736 - INFO - fl - start - end client 8 training
2025-05-12 10:49:58,737 - INFO - fl - start - client 8 evaluation metrics: {'train_loss': 686.2400735267123, 'test_acc': 8.92}
2025-05-12 10:49:58,737 - INFO - fl - start - start client 9 training
2025-05-12 10:49:58,737 - INFO - fl - client_local_train - client 9 start local training ...
2025-05-12 10:50:04,081 - INFO - fl - start - end client 9 training
2025-05-12 10:50:04,081 - INFO - fl - start - client 9 evaluation metrics: {'train_loss': 11.689492779118675, 'test_acc': 10.32}
2025-05-12 10:50:04,081 - INFO - fl - aggregate_model - start model aggregation...fusion method: dual_defense
2025-05-12 10:50:04,081 - INFO - fl - aggregate_model - start hyper-guard fusion with epsilon 0.01
2025-05-12 10:50:04,081 - INFO - fl - aggregate_model - round 24 attackers: [4, 5]
2025-05-12 10:50:14,911 - DEBUG - util_fusion - fusion_dual_defense - client 0 scores: {0: array([320.60553181]), 1: array([320.60300021]), 2: array([320.60355149]), 3: array([320.60329715]), 4: array([320.60721785]), 5: array([320.60177947]), 6: array([320.60627164]), 7: array([320.60732012]), 8: array([320.60730026]), 9: array([320.60520833])}
2025-05-12 10:50:14,911 - DEBUG - util_fusion - fusion_dual_defense - client 0 norm scores: {0: array([0.67723899]), 1: array([0.22032381]), 2: array([0.31982177]), 3: array([0.27391646]), 4: array([0.98154246]), 5: array([0.]), 6: array([0.81076592]), 7: array([1.]), 8: array([0.99641558]), 9: array([0.61885616])}
2025-05-12 10:50:14,911 - DEBUG - util_fusion - fusion_dual_defense - client 0 similarity threshold: 0.5898881150370848
2025-05-12 10:50:14,911 - INFO - util_fusion - fusion_dual_defense - client 0 selected fusion benigns: [0, 4, 6, 7, 8, 9]
2025-05-12 10:50:14,920 - DEBUG - util_fusion - fusion_dual_defense - client 1 scores: {0: array([320.60553181]), 1: array([320.60300021]), 2: array([320.60355149]), 3: array([320.60329715]), 4: array([320.60721785]), 5: array([320.60177947]), 6: array([320.60627164]), 7: array([320.60732012]), 8: array([320.60730026]), 9: array([320.60520833])}
2025-05-12 10:50:14,921 - DEBUG - util_fusion - fusion_dual_defense - client 1 norm scores: {0: array([0.67723899]), 1: array([0.22032381]), 2: array([0.31982177]), 3: array([0.27391646]), 4: array([0.98154246]), 5: array([0.]), 6: array([0.81076592]), 7: array([1.]), 8: array([0.99641558]), 9: array([0.61885616])}
2025-05-12 10:50:14,921 - DEBUG - util_fusion - fusion_dual_defense - client 1 similarity threshold: 0.5898881150370848
2025-05-12 10:50:14,921 - INFO - util_fusion - fusion_dual_defense - client 1 selected fusion benigns: [0, 4, 6, 7, 8, 9]
2025-05-12 10:50:14,929 - DEBUG - util_fusion - fusion_dual_defense - client 2 scores: {0: array([320.60553181]), 1: array([320.60300021]), 2: array([320.60355149]), 3: array([320.60329715]), 4: array([320.60721785]), 5: array([320.60177947]), 6: array([320.60627164]), 7: array([320.60732012]), 8: array([320.60730026]), 9: array([320.60520833])}
2025-05-12 10:50:14,930 - DEBUG - util_fusion - fusion_dual_defense - client 2 norm scores: {0: array([0.67723899]), 1: array([0.22032381]), 2: array([0.31982177]), 3: array([0.27391646]), 4: array([0.98154246]), 5: array([0.]), 6: array([0.81076592]), 7: array([1.]), 8: array([0.99641558]), 9: array([0.61885616])}
2025-05-12 10:50:14,930 - DEBUG - util_fusion - fusion_dual_defense - client 2 similarity threshold: 0.5898881150370848
2025-05-12 10:50:14,930 - INFO - util_fusion - fusion_dual_defense - client 2 selected fusion benigns: [0, 4, 6, 7, 8, 9]
2025-05-12 10:50:14,938 - DEBUG - util_fusion - fusion_dual_defense - client 3 scores: {0: array([320.60553181]), 1: array([320.60300021]), 2: array([320.60355149]), 3: array([320.60329715]), 4: array([320.60721785]), 5: array([320.60177947]), 6: array([320.60627164]), 7: array([320.60732012]), 8: array([320.60730026]), 9: array([320.60520833])}
2025-05-12 10:50:14,939 - DEBUG - util_fusion - fusion_dual_defense - client 3 norm scores: {0: array([0.67723899]), 1: array([0.22032381]), 2: array([0.31982177]), 3: array([0.27391646]), 4: array([0.98154246]), 5: array([0.]), 6: array([0.81076592]), 7: array([1.]), 8: array([0.99641558]), 9: array([0.61885616])}
2025-05-12 10:50:14,939 - DEBUG - util_fusion - fusion_dual_defense - client 3 similarity threshold: 0.5898881150370848
2025-05-12 10:50:14,939 - INFO - util_fusion - fusion_dual_defense - client 3 selected fusion benigns: [0, 4, 6, 7, 8, 9]
2025-05-12 10:50:14,947 - DEBUG - util_fusion - fusion_dual_defense - client 4 scores: {0: array([320.60553181]), 1: array([320.60300021]), 2: array([320.60355149]), 3: array([320.60329715]), 4: array([320.60721785]), 5: array([320.60177947]), 6: array([320.60627164]), 7: array([320.60732012]), 8: array([320.60730026]), 9: array([320.60520833])}
2025-05-12 10:50:14,948 - DEBUG - util_fusion - fusion_dual_defense - client 4 norm scores: {0: array([0.67723899]), 1: array([0.22032381]), 2: array([0.31982177]), 3: array([0.27391646]), 4: array([0.98154246]), 5: array([0.]), 6: array([0.81076592]), 7: array([1.]), 8: array([0.99641558]), 9: array([0.61885616])}
2025-05-12 10:50:14,948 - DEBUG - util_fusion - fusion_dual_defense - client 4 similarity threshold: 0.5898881150370848
2025-05-12 10:50:14,948 - INFO - util_fusion - fusion_dual_defense - client 4 selected fusion benigns: [0, 4, 6, 7, 8, 9]
2025-05-12 10:50:14,956 - DEBUG - util_fusion - fusion_dual_defense - client 5 scores: {0: array([320.60553181]), 1: array([320.60300021]), 2: array([320.60355149]), 3: array([320.60329715]), 4: array([320.60721785]), 5: array([320.60177947]), 6: array([320.60627164]), 7: array([320.60732012]), 8: array([320.60730026]), 9: array([320.60520833])}
2025-05-12 10:50:14,957 - DEBUG - util_fusion - fusion_dual_defense - client 5 norm scores: {0: array([0.67723899]), 1: array([0.22032381]), 2: array([0.31982177]), 3: array([0.27391646]), 4: array([0.98154246]), 5: array([0.]), 6: array([0.81076592]), 7: array([1.]), 8: array([0.99641558]), 9: array([0.61885616])}
2025-05-12 10:50:14,957 - DEBUG - util_fusion - fusion_dual_defense - client 5 similarity threshold: 0.5898881150370848
2025-05-12 10:50:14,957 - INFO - util_fusion - fusion_dual_defense - client 5 selected fusion benigns: [0, 4, 6, 7, 8, 9]
2025-05-12 10:50:14,965 - DEBUG - util_fusion - fusion_dual_defense - client 6 scores: {0: array([320.60553181]), 1: array([320.60300021]), 2: array([320.60355149]), 3: array([320.60329715]), 4: array([320.60721785]), 5: array([320.60177947]), 6: array([320.60627164]), 7: array([320.60732012]), 8: array([320.60730026]), 9: array([320.60520833])}
2025-05-12 10:50:14,966 - DEBUG - util_fusion - fusion_dual_defense - client 6 norm scores: {0: array([0.67723899]), 1: array([0.22032381]), 2: array([0.31982177]), 3: array([0.27391646]), 4: array([0.98154246]), 5: array([0.]), 6: array([0.81076592]), 7: array([1.]), 8: array([0.99641558]), 9: array([0.61885616])}
2025-05-12 10:50:14,966 - DEBUG - util_fusion - fusion_dual_defense - client 6 similarity threshold: 0.5898881150370848
2025-05-12 10:50:14,966 - INFO - util_fusion - fusion_dual_defense - client 6 selected fusion benigns: [0, 4, 6, 7, 8, 9]
2025-05-12 10:50:14,974 - DEBUG - util_fusion - fusion_dual_defense - client 7 scores: {0: array([320.60553181]), 1: array([320.60300021]), 2: array([320.60355149]), 3: array([320.60329715]), 4: array([320.60721785]), 5: array([320.60177947]), 6: array([320.60627164]), 7: array([320.60732012]), 8: array([320.60730026]), 9: array([320.60520833])}
2025-05-12 10:50:14,975 - DEBUG - util_fusion - fusion_dual_defense - client 7 norm scores: {0: array([0.67723899]), 1: array([0.22032381]), 2: array([0.31982177]), 3: array([0.27391646]), 4: array([0.98154246]), 5: array([0.]), 6: array([0.81076592]), 7: array([1.]), 8: array([0.99641558]), 9: array([0.61885616])}
2025-05-12 10:50:14,975 - DEBUG - util_fusion - fusion_dual_defense - client 7 similarity threshold: 0.5898881150370848
2025-05-12 10:50:14,975 - INFO - util_fusion - fusion_dual_defense - client 7 selected fusion benigns: [0, 4, 6, 7, 8, 9]
2025-05-12 10:50:14,983 - DEBUG - util_fusion - fusion_dual_defense - client 8 scores: {0: array([320.60553181]), 1: array([320.60300021]), 2: array([320.60355149]), 3: array([320.60329715]), 4: array([320.60721785]), 5: array([320.60177947]), 6: array([320.60627164]), 7: array([320.60732012]), 8: array([320.60730026]), 9: array([320.60520833])}
2025-05-12 10:50:14,984 - DEBUG - util_fusion - fusion_dual_defense - client 8 norm scores: {0: array([0.67723899]), 1: array([0.22032381]), 2: array([0.31982177]), 3: array([0.27391646]), 4: array([0.98154246]), 5: array([0.]), 6: array([0.81076592]), 7: array([1.]), 8: array([0.99641558]), 9: array([0.61885616])}
2025-05-12 10:50:14,984 - DEBUG - util_fusion - fusion_dual_defense - client 8 similarity threshold: 0.5898881150370848
2025-05-12 10:50:14,984 - INFO - util_fusion - fusion_dual_defense - client 8 selected fusion benigns: [0, 4, 6, 7, 8, 9]
2025-05-12 10:50:14,992 - DEBUG - util_fusion - fusion_dual_defense - client 9 scores: {0: array([320.60553181]), 1: array([320.60300021]), 2: array([320.60355149]), 3: array([320.60329715]), 4: array([320.60721785]), 5: array([320.60177947]), 6: array([320.60627164]), 7: array([320.60732012]), 8: array([320.60730026]), 9: array([320.60520833])}
2025-05-12 10:50:14,993 - DEBUG - util_fusion - fusion_dual_defense - client 9 norm scores: {0: array([0.67723899]), 1: array([0.22032381]), 2: array([0.31982177]), 3: array([0.27391646]), 4: array([0.98154246]), 5: array([0.]), 6: array([0.81076592]), 7: array([1.]), 8: array([0.99641558]), 9: array([0.61885616])}
2025-05-12 10:50:14,993 - DEBUG - util_fusion - fusion_dual_defense - client 9 similarity threshold: 0.5898881150370848
2025-05-12 10:50:14,993 - INFO - util_fusion - fusion_dual_defense - client 9 selected fusion benigns: [0, 4, 6, 7, 8, 9]
2025-05-12 10:50:14,993 - DEBUG - util_fusion - fusion_dual_defense - final fusion benigns: (0, 4, 6, 7, 8, 9)
2025-05-12 10:50:16,753 - INFO - fl - start - global side -  test accuracy: 11.35
2025-05-12 10:50:16,753 - INFO - fl - start - global side iteration 24 -  test accuracy: 11.35
2025-05-12 10:50:16,753 - INFO - fl - start - start training round 25
2025-05-12 10:50:16,755 - INFO - fl - start - round 25 attackers: [9, 4]
2025-05-12 10:50:16,755 - INFO - fl - start - start client 0 training
2025-05-12 10:50:16,755 - INFO - fl - client_local_train - client 0 start local training ...
2025-05-12 10:50:22,279 - INFO - fl - start - end client 0 training
2025-05-12 10:50:22,279 - INFO - fl - start - client 0 evaluation metrics: {'train_loss': 127.92063663052578, 'test_acc': 9.82}
2025-05-12 10:50:22,279 - INFO - fl - start - start client 1 training
2025-05-12 10:50:22,279 - INFO - fl - client_local_train - client 1 start local training ...
2025-05-12 10:50:26,018 - INFO - fl - start - end client 1 training
2025-05-12 10:50:26,018 - INFO - fl - start - client 1 evaluation metrics: {'train_loss': 40.28336915784869, 'test_acc': 10.09}
2025-05-12 10:50:26,018 - INFO - fl - start - start client 2 training
2025-05-12 10:50:26,018 - INFO - fl - client_local_train - client 2 start local training ...
2025-05-12 10:50:30,144 - INFO - fl - start - end client 2 training
2025-05-12 10:50:30,144 - INFO - fl - start - client 2 evaluation metrics: {'train_loss': 301.4553956424489, 'test_acc': 8.92}
2025-05-12 10:50:30,144 - INFO - fl - start - start client 3 training
2025-05-12 10:50:30,144 - INFO - fl - client_local_train - client 3 start local training ...
2025-05-12 10:50:34,146 - INFO - fl - start - end client 3 training
2025-05-12 10:50:34,146 - INFO - fl - start - client 3 evaluation metrics: {'train_loss': 555.8132655620575, 'test_acc': 9.82}
2025-05-12 10:50:34,146 - INFO - fl - start - start client 4 training
2025-05-12 10:50:34,146 - INFO - fl - client_local_train - client 4 start local training ...
2025-05-12 10:50:38,420 - INFO - fl - client_local_train - client 4 is attacker, start poisoning model
2025-05-12 10:50:43,410 - INFO - fl - start - end client 4 training
2025-05-12 10:50:43,410 - INFO - fl - start - client 4 evaluation metrics: {'train_loss': 271.3390475475427, 'test_acc': 11.35}
2025-05-12 10:50:43,410 - INFO - fl - start - start client 5 training
2025-05-12 10:50:43,410 - INFO - fl - client_local_train - client 5 start local training ...
2025-05-12 10:50:46,256 - INFO - fl - start - end client 5 training
2025-05-12 10:50:46,256 - INFO - fl - start - client 5 evaluation metrics: {'train_loss': 284.8716692537875, 'test_acc': 10.09}
2025-05-12 10:50:46,256 - INFO - fl - start - start client 6 training
2025-05-12 10:50:46,256 - INFO - fl - client_local_train - client 6 start local training ...
2025-05-12 10:50:52,379 - INFO - fl - start - end client 6 training
2025-05-12 10:50:52,379 - INFO - fl - start - client 6 evaluation metrics: {'train_loss': 3398.078514362204, 'test_acc': 10.1}
2025-05-12 10:50:52,379 - INFO - fl - start - start client 7 training
2025-05-12 10:50:52,379 - INFO - fl - client_local_train - client 7 start local training ...
2025-05-12 10:50:59,222 - INFO - fl - start - end client 7 training
2025-05-12 10:50:59,222 - INFO - fl - start - client 7 evaluation metrics: {'train_loss': 19.401779572465525, 'test_acc': 10.1}
2025-05-12 10:50:59,222 - INFO - fl - start - start client 8 training
2025-05-12 10:50:59,222 - INFO - fl - client_local_train - client 8 start local training ...
2025-05-12 10:51:06,017 - INFO - fl - start - end client 8 training
2025-05-12 10:51:06,017 - INFO - fl - start - client 8 evaluation metrics: {'train_loss': 1590.7841728038359, 'test_acc': 8.92}
2025-05-12 10:51:06,017 - INFO - fl - start - start client 9 training
2025-05-12 10:51:06,017 - INFO - fl - client_local_train - client 9 start local training ...
2025-05-12 10:51:09,186 - INFO - fl - client_local_train - client 9 is attacker, start poisoning model
2025-05-12 10:51:13,584 - INFO - fl - start - end client 9 training
2025-05-12 10:51:13,584 - INFO - fl - start - client 9 evaluation metrics: {'train_loss': 193.57465337247265, 'test_acc': 10.32}
2025-05-12 10:51:13,584 - INFO - fl - aggregate_model - start model aggregation...fusion method: dual_defense
2025-05-12 10:51:13,584 - INFO - fl - aggregate_model - start hyper-guard fusion with epsilon 0.01
2025-05-12 10:51:13,584 - INFO - fl - aggregate_model - round 25 attackers: [9, 4]
2025-05-12 10:51:24,415 - DEBUG - util_fusion - fusion_dual_defense - client 0 scores: {0: array([103.29598891]), 1: array([103.29625871]), 2: array([103.29620687]), 3: array([103.29624408]), 4: array([103.29577463]), 5: array([103.29639709]), 6: array([103.29589155]), 7: array([103.29576699]), 8: array([103.29578376]), 9: array([103.29603279])}
2025-05-12 10:51:24,416 - DEBUG - util_fusion - fusion_dual_defense - client 0 norm scores: {0: array([0.35219852]), 1: array([0.78038747]), 2: array([0.69811374]), 3: array([0.75716621]), 4: array([0.01212647]), 5: array([1.]), 6: array([0.19767401]), 7: array([0.]), 8: array([0.0266051]), 9: array([0.42184171])}
2025-05-12 10:51:24,416 - DEBUG - util_fusion - fusion_dual_defense - client 0 similarity threshold: 0.4246113228361228
2025-05-12 10:51:24,416 - INFO - util_fusion - fusion_dual_defense - client 0 selected fusion benigns: [1, 2, 3, 5]
2025-05-12 10:51:24,425 - DEBUG - util_fusion - fusion_dual_defense - client 1 scores: {0: array([103.29598891]), 1: array([103.29625871]), 2: array([103.29620687]), 3: array([103.29624408]), 4: array([103.29577463]), 5: array([103.29639709]), 6: array([103.29589155]), 7: array([103.29576699]), 8: array([103.29578376]), 9: array([103.29603279])}
2025-05-12 10:51:24,425 - DEBUG - util_fusion - fusion_dual_defense - client 1 norm scores: {0: array([0.35219852]), 1: array([0.78038747]), 2: array([0.69811374]), 3: array([0.75716621]), 4: array([0.01212647]), 5: array([1.]), 6: array([0.19767401]), 7: array([0.]), 8: array([0.0266051]), 9: array([0.42184171])}
2025-05-12 10:51:24,425 - DEBUG - util_fusion - fusion_dual_defense - client 1 similarity threshold: 0.4246113228361228
2025-05-12 10:51:24,426 - INFO - util_fusion - fusion_dual_defense - client 1 selected fusion benigns: [1, 2, 3, 5]
2025-05-12 10:51:24,434 - DEBUG - util_fusion - fusion_dual_defense - client 2 scores: {0: array([103.29598891]), 1: array([103.29625871]), 2: array([103.29620687]), 3: array([103.29624408]), 4: array([103.29577463]), 5: array([103.29639709]), 6: array([103.29589155]), 7: array([103.29576699]), 8: array([103.29578376]), 9: array([103.29603279])}
2025-05-12 10:51:24,435 - DEBUG - util_fusion - fusion_dual_defense - client 2 norm scores: {0: array([0.35219852]), 1: array([0.78038747]), 2: array([0.69811374]), 3: array([0.75716621]), 4: array([0.01212647]), 5: array([1.]), 6: array([0.19767401]), 7: array([0.]), 8: array([0.0266051]), 9: array([0.42184171])}
2025-05-12 10:51:24,435 - DEBUG - util_fusion - fusion_dual_defense - client 2 similarity threshold: 0.4246113228361228
2025-05-12 10:51:24,435 - INFO - util_fusion - fusion_dual_defense - client 2 selected fusion benigns: [1, 2, 3, 5]
2025-05-12 10:51:24,443 - DEBUG - util_fusion - fusion_dual_defense - client 3 scores: {0: array([103.29598891]), 1: array([103.29625871]), 2: array([103.29620687]), 3: array([103.29624408]), 4: array([103.29577463]), 5: array([103.29639709]), 6: array([103.29589155]), 7: array([103.29576699]), 8: array([103.29578376]), 9: array([103.29603279])}
2025-05-12 10:51:24,444 - DEBUG - util_fusion - fusion_dual_defense - client 3 norm scores: {0: array([0.35219852]), 1: array([0.78038747]), 2: array([0.69811374]), 3: array([0.75716621]), 4: array([0.01212647]), 5: array([1.]), 6: array([0.19767401]), 7: array([0.]), 8: array([0.0266051]), 9: array([0.42184171])}
2025-05-12 10:51:24,444 - DEBUG - util_fusion - fusion_dual_defense - client 3 similarity threshold: 0.4246113228361228
2025-05-12 10:51:24,444 - INFO - util_fusion - fusion_dual_defense - client 3 selected fusion benigns: [1, 2, 3, 5]
2025-05-12 10:51:24,452 - DEBUG - util_fusion - fusion_dual_defense - client 4 scores: {0: array([103.29598891]), 1: array([103.29625871]), 2: array([103.29620687]), 3: array([103.29624408]), 4: array([103.29577463]), 5: array([103.29639709]), 6: array([103.29589155]), 7: array([103.29576699]), 8: array([103.29578376]), 9: array([103.29603279])}
2025-05-12 10:51:24,453 - DEBUG - util_fusion - fusion_dual_defense - client 4 norm scores: {0: array([0.35219852]), 1: array([0.78038747]), 2: array([0.69811374]), 3: array([0.75716621]), 4: array([0.01212647]), 5: array([1.]), 6: array([0.19767401]), 7: array([0.]), 8: array([0.0266051]), 9: array([0.42184171])}
2025-05-12 10:51:24,453 - DEBUG - util_fusion - fusion_dual_defense - client 4 similarity threshold: 0.4246113228361228
2025-05-12 10:51:24,453 - INFO - util_fusion - fusion_dual_defense - client 4 selected fusion benigns: [1, 2, 3, 5]
2025-05-12 10:51:24,461 - DEBUG - util_fusion - fusion_dual_defense - client 5 scores: {0: array([103.29598891]), 1: array([103.29625871]), 2: array([103.29620687]), 3: array([103.29624408]), 4: array([103.29577463]), 5: array([103.29639709]), 6: array([103.29589155]), 7: array([103.29576699]), 8: array([103.29578376]), 9: array([103.29603279])}
2025-05-12 10:51:24,462 - DEBUG - util_fusion - fusion_dual_defense - client 5 norm scores: {0: array([0.35219852]), 1: array([0.78038747]), 2: array([0.69811374]), 3: array([0.75716621]), 4: array([0.01212647]), 5: array([1.]), 6: array([0.19767401]), 7: array([0.]), 8: array([0.0266051]), 9: array([0.42184171])}
2025-05-12 10:51:24,462 - DEBUG - util_fusion - fusion_dual_defense - client 5 similarity threshold: 0.4246113228361228
2025-05-12 10:51:24,462 - INFO - util_fusion - fusion_dual_defense - client 5 selected fusion benigns: [1, 2, 3, 5]
2025-05-12 10:51:24,470 - DEBUG - util_fusion - fusion_dual_defense - client 6 scores: {0: array([103.29598891]), 1: array([103.29625871]), 2: array([103.29620687]), 3: array([103.29624408]), 4: array([103.29577463]), 5: array([103.29639709]), 6: array([103.29589155]), 7: array([103.29576699]), 8: array([103.29578376]), 9: array([103.29603279])}
2025-05-12 10:51:24,471 - DEBUG - util_fusion - fusion_dual_defense - client 6 norm scores: {0: array([0.35219852]), 1: array([0.78038747]), 2: array([0.69811374]), 3: array([0.75716621]), 4: array([0.01212647]), 5: array([1.]), 6: array([0.19767401]), 7: array([0.]), 8: array([0.0266051]), 9: array([0.42184171])}
2025-05-12 10:51:24,471 - DEBUG - util_fusion - fusion_dual_defense - client 6 similarity threshold: 0.4246113228361228
2025-05-12 10:51:24,471 - INFO - util_fusion - fusion_dual_defense - client 6 selected fusion benigns: [1, 2, 3, 5]
2025-05-12 10:51:24,479 - DEBUG - util_fusion - fusion_dual_defense - client 7 scores: {0: array([103.29598891]), 1: array([103.29625871]), 2: array([103.29620687]), 3: array([103.29624408]), 4: array([103.29577463]), 5: array([103.29639709]), 6: array([103.29589155]), 7: array([103.29576699]), 8: array([103.29578376]), 9: array([103.29603279])}
2025-05-12 10:51:24,480 - DEBUG - util_fusion - fusion_dual_defense - client 7 norm scores: {0: array([0.35219852]), 1: array([0.78038747]), 2: array([0.69811374]), 3: array([0.75716621]), 4: array([0.01212647]), 5: array([1.]), 6: array([0.19767401]), 7: array([0.]), 8: array([0.0266051]), 9: array([0.42184171])}
2025-05-12 10:51:24,480 - DEBUG - util_fusion - fusion_dual_defense - client 7 similarity threshold: 0.4246113228361228
2025-05-12 10:51:24,480 - INFO - util_fusion - fusion_dual_defense - client 7 selected fusion benigns: [1, 2, 3, 5]
2025-05-12 10:51:24,488 - DEBUG - util_fusion - fusion_dual_defense - client 8 scores: {0: array([103.29598891]), 1: array([103.29625871]), 2: array([103.29620687]), 3: array([103.29624408]), 4: array([103.29577463]), 5: array([103.29639709]), 6: array([103.29589155]), 7: array([103.29576699]), 8: array([103.29578376]), 9: array([103.29603279])}
2025-05-12 10:51:24,489 - DEBUG - util_fusion - fusion_dual_defense - client 8 norm scores: {0: array([0.35219852]), 1: array([0.78038747]), 2: array([0.69811374]), 3: array([0.75716621]), 4: array([0.01212647]), 5: array([1.]), 6: array([0.19767401]), 7: array([0.]), 8: array([0.0266051]), 9: array([0.42184171])}
2025-05-12 10:51:24,489 - DEBUG - util_fusion - fusion_dual_defense - client 8 similarity threshold: 0.4246113228361228
2025-05-12 10:51:24,489 - INFO - util_fusion - fusion_dual_defense - client 8 selected fusion benigns: [1, 2, 3, 5]
2025-05-12 10:51:24,497 - DEBUG - util_fusion - fusion_dual_defense - client 9 scores: {0: array([103.29598891]), 1: array([103.29625871]), 2: array([103.29620687]), 3: array([103.29624408]), 4: array([103.29577463]), 5: array([103.29639709]), 6: array([103.29589155]), 7: array([103.29576699]), 8: array([103.29578376]), 9: array([103.29603279])}
2025-05-12 10:51:24,498 - DEBUG - util_fusion - fusion_dual_defense - client 9 norm scores: {0: array([0.35219852]), 1: array([0.78038747]), 2: array([0.69811374]), 3: array([0.75716621]), 4: array([0.01212647]), 5: array([1.]), 6: array([0.19767401]), 7: array([0.]), 8: array([0.0266051]), 9: array([0.42184171])}
2025-05-12 10:51:24,498 - DEBUG - util_fusion - fusion_dual_defense - client 9 similarity threshold: 0.4246113228361228
2025-05-12 10:51:24,498 - INFO - util_fusion - fusion_dual_defense - client 9 selected fusion benigns: [1, 2, 3, 5]
2025-05-12 10:51:24,498 - DEBUG - util_fusion - fusion_dual_defense - final fusion benigns: (1, 2, 3, 5)
2025-05-12 10:51:26,148 - INFO - fl - start - global side -  test accuracy: 10.32
2025-05-12 10:51:26,149 - INFO - fl - start - global side iteration 25 -  test accuracy: 10.32
2025-05-12 10:51:26,149 - INFO - fl - start - start training round 26
2025-05-12 10:51:26,151 - INFO - fl - start - round 26 attackers: [3, 2]
2025-05-12 10:51:26,151 - INFO - fl - start - start client 0 training
2025-05-12 10:51:26,151 - INFO - fl - client_local_train - client 0 start local training ...
2025-05-12 10:51:31,675 - INFO - fl - start - end client 0 training
2025-05-12 10:51:31,675 - INFO - fl - start - client 0 evaluation metrics: {'train_loss': 128.29141437422996, 'test_acc': 9.82}
2025-05-12 10:51:31,675 - INFO - fl - start - start client 1 training
2025-05-12 10:51:31,675 - INFO - fl - client_local_train - client 1 start local training ...
2025-05-12 10:51:35,403 - INFO - fl - start - end client 1 training
2025-05-12 10:51:35,403 - INFO - fl - start - client 1 evaluation metrics: {'train_loss': 40.191781106693995, 'test_acc': 10.09}
2025-05-12 10:51:35,403 - INFO - fl - start - start client 2 training
2025-05-12 10:51:35,403 - INFO - fl - client_local_train - client 2 start local training ...
2025-05-12 10:51:37,599 - INFO - fl - client_local_train - client 2 is attacker, start poisoning model
2025-05-12 10:51:41,483 - INFO - fl - start - end client 2 training
2025-05-12 10:51:41,483 - INFO - fl - start - client 2 evaluation metrics: {'train_loss': 2386.604389863856, 'test_acc': 8.92}
2025-05-12 10:51:41,483 - INFO - fl - start - start client 3 training
2025-05-12 10:51:41,483 - INFO - fl - client_local_train - client 3 start local training ...
2025-05-12 10:51:43,561 - INFO - fl - client_local_train - client 3 is attacker, start poisoning model
2025-05-12 10:51:47,383 - INFO - fl - start - end client 3 training
2025-05-12 10:51:47,383 - INFO - fl - start - client 3 evaluation metrics: {'train_loss': 4425.200019836426, 'test_acc': 9.82}
2025-05-12 10:51:47,383 - INFO - fl - start - start client 4 training
2025-05-12 10:51:47,383 - INFO - fl - client_local_train - client 4 start local training ...
2025-05-12 10:51:54,140 - INFO - fl - start - end client 4 training
2025-05-12 10:51:54,140 - INFO - fl - start - client 4 evaluation metrics: {'train_loss': 34.26570216272817, 'test_acc': 11.35}
2025-05-12 10:51:54,140 - INFO - fl - start - start client 5 training
2025-05-12 10:51:54,140 - INFO - fl - client_local_train - client 5 start local training ...
2025-05-12 10:51:56,983 - INFO - fl - start - end client 5 training
2025-05-12 10:51:56,983 - INFO - fl - start - client 5 evaluation metrics: {'train_loss': 283.3329824499182, 'test_acc': 10.09}
2025-05-12 10:51:56,983 - INFO - fl - start - start client 6 training
2025-05-12 10:51:56,983 - INFO - fl - client_local_train - client 6 start local training ...
2025-05-12 10:52:03,114 - INFO - fl - start - end client 6 training
2025-05-12 10:52:03,114 - INFO - fl - start - client 6 evaluation metrics: {'train_loss': 3396.560340618265, 'test_acc': 10.1}
2025-05-12 10:52:03,114 - INFO - fl - start - start client 7 training
2025-05-12 10:52:03,114 - INFO - fl - client_local_train - client 7 start local training ...
2025-05-12 10:52:09,998 - INFO - fl - start - end client 7 training
2025-05-12 10:52:09,998 - INFO - fl - start - client 7 evaluation metrics: {'train_loss': 18.861707167838937, 'test_acc': 10.1}
2025-05-12 10:52:09,998 - INFO - fl - start - start client 8 training
2025-05-12 10:52:09,998 - INFO - fl - client_local_train - client 8 start local training ...
2025-05-12 10:52:16,825 - INFO - fl - start - end client 8 training
2025-05-12 10:52:16,825 - INFO - fl - start - client 8 evaluation metrics: {'train_loss': 1598.712383528401, 'test_acc': 8.92}
2025-05-12 10:52:16,826 - INFO - fl - start - start client 9 training
2025-05-12 10:52:16,826 - INFO - fl - client_local_train - client 9 start local training ...
2025-05-12 10:52:22,173 - INFO - fl - start - end client 9 training
2025-05-12 10:52:22,173 - INFO - fl - start - client 9 evaluation metrics: {'train_loss': 25.483610082645807, 'test_acc': 10.32}
2025-05-12 10:52:22,173 - INFO - fl - aggregate_model - start model aggregation...fusion method: dual_defense
2025-05-12 10:52:22,173 - INFO - fl - aggregate_model - start hyper-guard fusion with epsilon 0.01
2025-05-12 10:52:22,173 - INFO - fl - aggregate_model - round 26 attackers: [2, 3]
2025-05-12 10:52:32,987 - DEBUG - util_fusion - fusion_dual_defense - client 0 scores: {0: array([30.65654098]), 1: array([30.65661928]), 2: array([30.65659374]), 3: array([30.65660189]), 4: array([30.65649291]), 5: array([30.65666218]), 6: array([30.65651829]), 7: array([30.65648923]), 8: array([30.65649062]), 9: array([30.6565411])}
2025-05-12 10:52:32,988 - DEBUG - util_fusion - fusion_dual_defense - client 0 norm scores: {0: array([0.2991937]), 1: array([0.75197034]), 2: array([0.60428901]), 3: array([0.65141605]), 4: array([0.02127722]), 5: array([1.]), 6: array([0.16801013]), 7: array([0.]), 8: array([0.00803358]), 9: array([0.29992653])}
2025-05-12 10:52:32,988 - DEBUG - util_fusion - fusion_dual_defense - client 0 similarity threshold: 0.38041165586088294
2025-05-12 10:52:32,988 - INFO - util_fusion - fusion_dual_defense - client 0 selected fusion benigns: [1, 2, 3, 5]
2025-05-12 10:52:32,997 - DEBUG - util_fusion - fusion_dual_defense - client 1 scores: {0: array([30.65654098]), 1: array([30.65661928]), 2: array([30.65659374]), 3: array([30.65660189]), 4: array([30.65649291]), 5: array([30.65666218]), 6: array([30.65651829]), 7: array([30.65648923]), 8: array([30.65649062]), 9: array([30.6565411])}
2025-05-12 10:52:32,997 - DEBUG - util_fusion - fusion_dual_defense - client 1 norm scores: {0: array([0.2991937]), 1: array([0.75197034]), 2: array([0.60428901]), 3: array([0.65141605]), 4: array([0.02127722]), 5: array([1.]), 6: array([0.16801013]), 7: array([0.]), 8: array([0.00803358]), 9: array([0.29992653])}
2025-05-12 10:52:32,997 - DEBUG - util_fusion - fusion_dual_defense - client 1 similarity threshold: 0.38041165586088294
2025-05-12 10:52:32,997 - INFO - util_fusion - fusion_dual_defense - client 1 selected fusion benigns: [1, 2, 3, 5]
2025-05-12 10:52:33,006 - DEBUG - util_fusion - fusion_dual_defense - client 2 scores: {0: array([30.65654098]), 1: array([30.65661928]), 2: array([30.65659374]), 3: array([30.65660189]), 4: array([30.65649291]), 5: array([30.65666218]), 6: array([30.65651829]), 7: array([30.65648923]), 8: array([30.65649062]), 9: array([30.6565411])}
2025-05-12 10:52:33,006 - DEBUG - util_fusion - fusion_dual_defense - client 2 norm scores: {0: array([0.2991937]), 1: array([0.75197034]), 2: array([0.60428901]), 3: array([0.65141605]), 4: array([0.02127722]), 5: array([1.]), 6: array([0.16801013]), 7: array([0.]), 8: array([0.00803358]), 9: array([0.29992653])}
2025-05-12 10:52:33,006 - DEBUG - util_fusion - fusion_dual_defense - client 2 similarity threshold: 0.38041165586088294
2025-05-12 10:52:33,006 - INFO - util_fusion - fusion_dual_defense - client 2 selected fusion benigns: [1, 2, 3, 5]
2025-05-12 10:52:33,015 - DEBUG - util_fusion - fusion_dual_defense - client 3 scores: {0: array([30.65654098]), 1: array([30.65661928]), 2: array([30.65659374]), 3: array([30.65660189]), 4: array([30.65649291]), 5: array([30.65666218]), 6: array([30.65651829]), 7: array([30.65648923]), 8: array([30.65649062]), 9: array([30.6565411])}
2025-05-12 10:52:33,015 - DEBUG - util_fusion - fusion_dual_defense - client 3 norm scores: {0: array([0.2991937]), 1: array([0.75197034]), 2: array([0.60428901]), 3: array([0.65141605]), 4: array([0.02127722]), 5: array([1.]), 6: array([0.16801013]), 7: array([0.]), 8: array([0.00803358]), 9: array([0.29992653])}
2025-05-12 10:52:33,015 - DEBUG - util_fusion - fusion_dual_defense - client 3 similarity threshold: 0.38041165586088294
2025-05-12 10:52:33,015 - INFO - util_fusion - fusion_dual_defense - client 3 selected fusion benigns: [1, 2, 3, 5]
2025-05-12 10:52:33,024 - DEBUG - util_fusion - fusion_dual_defense - client 4 scores: {0: array([30.65654098]), 1: array([30.65661928]), 2: array([30.65659374]), 3: array([30.65660189]), 4: array([30.65649291]), 5: array([30.65666218]), 6: array([30.65651829]), 7: array([30.65648923]), 8: array([30.65649062]), 9: array([30.6565411])}
2025-05-12 10:52:33,024 - DEBUG - util_fusion - fusion_dual_defense - client 4 norm scores: {0: array([0.2991937]), 1: array([0.75197034]), 2: array([0.60428901]), 3: array([0.65141605]), 4: array([0.02127722]), 5: array([1.]), 6: array([0.16801013]), 7: array([0.]), 8: array([0.00803358]), 9: array([0.29992653])}
2025-05-12 10:52:33,024 - DEBUG - util_fusion - fusion_dual_defense - client 4 similarity threshold: 0.38041165586088294
2025-05-12 10:52:33,024 - INFO - util_fusion - fusion_dual_defense - client 4 selected fusion benigns: [1, 2, 3, 5]
2025-05-12 10:52:33,033 - DEBUG - util_fusion - fusion_dual_defense - client 5 scores: {0: array([30.65654098]), 1: array([30.65661928]), 2: array([30.65659374]), 3: array([30.65660189]), 4: array([30.65649291]), 5: array([30.65666218]), 6: array([30.65651829]), 7: array([30.65648923]), 8: array([30.65649062]), 9: array([30.6565411])}
2025-05-12 10:52:33,033 - DEBUG - util_fusion - fusion_dual_defense - client 5 norm scores: {0: array([0.2991937]), 1: array([0.75197034]), 2: array([0.60428901]), 3: array([0.65141605]), 4: array([0.02127722]), 5: array([1.]), 6: array([0.16801013]), 7: array([0.]), 8: array([0.00803358]), 9: array([0.29992653])}
2025-05-12 10:52:33,033 - DEBUG - util_fusion - fusion_dual_defense - client 5 similarity threshold: 0.38041165586088294
2025-05-12 10:52:33,034 - INFO - util_fusion - fusion_dual_defense - client 5 selected fusion benigns: [1, 2, 3, 5]
2025-05-12 10:52:33,042 - DEBUG - util_fusion - fusion_dual_defense - client 6 scores: {0: array([30.65654098]), 1: array([30.65661928]), 2: array([30.65659374]), 3: array([30.65660189]), 4: array([30.65649291]), 5: array([30.65666218]), 6: array([30.65651829]), 7: array([30.65648923]), 8: array([30.65649062]), 9: array([30.6565411])}
2025-05-12 10:52:33,042 - DEBUG - util_fusion - fusion_dual_defense - client 6 norm scores: {0: array([0.2991937]), 1: array([0.75197034]), 2: array([0.60428901]), 3: array([0.65141605]), 4: array([0.02127722]), 5: array([1.]), 6: array([0.16801013]), 7: array([0.]), 8: array([0.00803358]), 9: array([0.29992653])}
2025-05-12 10:52:33,043 - DEBUG - util_fusion - fusion_dual_defense - client 6 similarity threshold: 0.38041165586088294
2025-05-12 10:52:33,043 - INFO - util_fusion - fusion_dual_defense - client 6 selected fusion benigns: [1, 2, 3, 5]
2025-05-12 10:52:33,051 - DEBUG - util_fusion - fusion_dual_defense - client 7 scores: {0: array([30.65654098]), 1: array([30.65661928]), 2: array([30.65659374]), 3: array([30.65660189]), 4: array([30.65649291]), 5: array([30.65666218]), 6: array([30.65651829]), 7: array([30.65648923]), 8: array([30.65649062]), 9: array([30.6565411])}
2025-05-12 10:52:33,051 - DEBUG - util_fusion - fusion_dual_defense - client 7 norm scores: {0: array([0.2991937]), 1: array([0.75197034]), 2: array([0.60428901]), 3: array([0.65141605]), 4: array([0.02127722]), 5: array([1.]), 6: array([0.16801013]), 7: array([0.]), 8: array([0.00803358]), 9: array([0.29992653])}
2025-05-12 10:52:33,052 - DEBUG - util_fusion - fusion_dual_defense - client 7 similarity threshold: 0.38041165586088294
2025-05-12 10:52:33,052 - INFO - util_fusion - fusion_dual_defense - client 7 selected fusion benigns: [1, 2, 3, 5]
2025-05-12 10:52:33,060 - DEBUG - util_fusion - fusion_dual_defense - client 8 scores: {0: array([30.65654098]), 1: array([30.65661928]), 2: array([30.65659374]), 3: array([30.65660189]), 4: array([30.65649291]), 5: array([30.65666218]), 6: array([30.65651829]), 7: array([30.65648923]), 8: array([30.65649062]), 9: array([30.6565411])}
2025-05-12 10:52:33,060 - DEBUG - util_fusion - fusion_dual_defense - client 8 norm scores: {0: array([0.2991937]), 1: array([0.75197034]), 2: array([0.60428901]), 3: array([0.65141605]), 4: array([0.02127722]), 5: array([1.]), 6: array([0.16801013]), 7: array([0.]), 8: array([0.00803358]), 9: array([0.29992653])}
2025-05-12 10:52:33,061 - DEBUG - util_fusion - fusion_dual_defense - client 8 similarity threshold: 0.38041165586088294
2025-05-12 10:52:33,061 - INFO - util_fusion - fusion_dual_defense - client 8 selected fusion benigns: [1, 2, 3, 5]
2025-05-12 10:52:33,069 - DEBUG - util_fusion - fusion_dual_defense - client 9 scores: {0: array([30.65654098]), 1: array([30.65661928]), 2: array([30.65659374]), 3: array([30.65660189]), 4: array([30.65649291]), 5: array([30.65666218]), 6: array([30.65651829]), 7: array([30.65648923]), 8: array([30.65649062]), 9: array([30.6565411])}
2025-05-12 10:52:33,070 - DEBUG - util_fusion - fusion_dual_defense - client 9 norm scores: {0: array([0.2991937]), 1: array([0.75197034]), 2: array([0.60428901]), 3: array([0.65141605]), 4: array([0.02127722]), 5: array([1.]), 6: array([0.16801013]), 7: array([0.]), 8: array([0.00803358]), 9: array([0.29992653])}
2025-05-12 10:52:33,070 - DEBUG - util_fusion - fusion_dual_defense - client 9 similarity threshold: 0.38041165586088294
2025-05-12 10:52:33,070 - INFO - util_fusion - fusion_dual_defense - client 9 selected fusion benigns: [1, 2, 3, 5]
2025-05-12 10:52:33,070 - DEBUG - util_fusion - fusion_dual_defense - final fusion benigns: (1, 2, 3, 5)
2025-05-12 10:52:34,715 - INFO - fl - start - global side -  test accuracy: 9.82
2025-05-12 10:52:34,715 - INFO - fl - start - global side iteration 26 -  test accuracy: 9.82
2025-05-12 10:52:34,716 - INFO - fl - start - start training round 27
2025-05-12 10:52:34,717 - INFO - fl - start - round 27 attackers: [4, 0]
2025-05-12 10:52:34,717 - INFO - fl - start - start client 0 training
2025-05-12 10:52:34,717 - INFO - fl - client_local_train - client 0 start local training ...
2025-05-12 10:52:38,013 - INFO - fl - client_local_train - client 0 is attacker, start poisoning model
2025-05-12 10:52:42,467 - INFO - fl - start - end client 0 training
2025-05-12 10:52:42,468 - INFO - fl - start - client 0 evaluation metrics: {'train_loss': 5157.086374313224, 'test_acc': 9.82}
2025-05-12 10:52:42,468 - INFO - fl - start - start client 1 training
2025-05-12 10:52:42,468 - INFO - fl - client_local_train - client 1 start local training ...
2025-05-12 10:52:46,210 - INFO - fl - start - end client 1 training
2025-05-12 10:52:46,211 - INFO - fl - start - client 1 evaluation metrics: {'train_loss': 200.2165810517196, 'test_acc': 10.09}
2025-05-12 10:52:46,211 - INFO - fl - start - start client 2 training
2025-05-12 10:52:46,211 - INFO - fl - client_local_train - client 2 start local training ...
2025-05-12 10:52:50,341 - INFO - fl - start - end client 2 training
2025-05-12 10:52:50,341 - INFO - fl - start - client 2 evaluation metrics: {'train_loss': 1514.3947197409236, 'test_acc': 8.92}
2025-05-12 10:52:50,341 - INFO - fl - start - start client 3 training
2025-05-12 10:52:50,341 - INFO - fl - client_local_train - client 3 start local training ...
2025-05-12 10:52:54,312 - INFO - fl - start - end client 3 training
2025-05-12 10:52:54,312 - INFO - fl - start - client 3 evaluation metrics: {'train_loss': 2807.140239715576, 'test_acc': 9.82}
2025-05-12 10:52:54,312 - INFO - fl - start - start client 4 training
2025-05-12 10:52:54,312 - INFO - fl - client_local_train - client 4 start local training ...
2025-05-12 10:52:58,592 - INFO - fl - client_local_train - client 4 is attacker, start poisoning model
2025-05-12 10:53:03,585 - INFO - fl - start - end client 4 training
2025-05-12 10:53:03,585 - INFO - fl - start - client 4 evaluation metrics: {'train_loss': 1339.4989980712082, 'test_acc': 11.35}
2025-05-12 10:53:03,585 - INFO - fl - start - start client 5 training
2025-05-12 10:53:03,585 - INFO - fl - client_local_train - client 5 start local training ...
2025-05-12 10:53:06,423 - INFO - fl - start - end client 5 training
2025-05-12 10:53:06,423 - INFO - fl - start - client 5 evaluation metrics: {'train_loss': 1472.72018680057, 'test_acc': 10.09}
2025-05-12 10:53:06,423 - INFO - fl - start - start client 6 training
2025-05-12 10:53:06,423 - INFO - fl - client_local_train - client 6 start local training ...
2025-05-12 10:53:12,556 - INFO - fl - start - end client 6 training
2025-05-12 10:53:12,556 - INFO - fl - start - client 6 evaluation metrics: {'train_loss': 17305.936759159482, 'test_acc': 10.1}
2025-05-12 10:53:12,556 - INFO - fl - start - start client 7 training
2025-05-12 10:53:12,556 - INFO - fl - client_local_train - client 7 start local training ...
2025-05-12 10:53:19,397 - INFO - fl - start - end client 7 training
2025-05-12 10:53:19,397 - INFO - fl - start - client 7 evaluation metrics: {'train_loss': 90.12252922511813, 'test_acc': 10.1}
2025-05-12 10:53:19,397 - INFO - fl - start - start client 8 training
2025-05-12 10:53:19,397 - INFO - fl - client_local_train - client 8 start local training ...
2025-05-12 10:53:26,205 - INFO - fl - start - end client 8 training
2025-05-12 10:53:26,205 - INFO - fl - start - client 8 evaluation metrics: {'train_loss': 8211.611485990366, 'test_acc': 8.92}
2025-05-12 10:53:26,205 - INFO - fl - start - start client 9 training
2025-05-12 10:53:26,205 - INFO - fl - client_local_train - client 9 start local training ...
2025-05-12 10:53:31,592 - INFO - fl - start - end client 9 training
2025-05-12 10:53:31,592 - INFO - fl - start - client 9 evaluation metrics: {'train_loss': 121.05537595189348, 'test_acc': 10.32}
2025-05-12 10:53:31,592 - INFO - fl - aggregate_model - start model aggregation...fusion method: dual_defense
2025-05-12 10:53:31,592 - INFO - fl - aggregate_model - start hyper-guard fusion with epsilon 0.01
2025-05-12 10:53:31,592 - INFO - fl - aggregate_model - round 27 attackers: [0, 4]
2025-05-12 10:53:42,401 - DEBUG - util_fusion - fusion_dual_defense - client 0 scores: {0: array([337.86043275]), 1: array([337.8612723]), 2: array([337.86103942]), 3: array([337.86106952]), 4: array([337.85992673]), 5: array([337.86157576]), 6: array([337.86019462]), 7: array([337.85993429]), 8: array([337.85992507]), 9: array([337.8605341])}
2025-05-12 10:53:42,401 - DEBUG - util_fusion - fusion_dual_defense - client 0 norm scores: {0: array([0.30755445]), 1: array([0.81616316]), 2: array([0.67507887]), 3: array([0.69331939]), 4: array([0.00100296]), 5: array([1.]), 6: array([0.16329451]), 7: array([0.005586]), 8: array([0.]), 9: array([0.36895694])}
2025-05-12 10:53:42,401 - DEBUG - util_fusion - fusion_dual_defense - client 0 similarity threshold: 0.40309562784429165
2025-05-12 10:53:42,401 - INFO - util_fusion - fusion_dual_defense - client 0 selected fusion benigns: [1, 2, 3, 5]
2025-05-12 10:53:42,410 - DEBUG - util_fusion - fusion_dual_defense - client 1 scores: {0: array([337.86043275]), 1: array([337.8612723]), 2: array([337.86103942]), 3: array([337.86106952]), 4: array([337.85992673]), 5: array([337.86157576]), 6: array([337.86019462]), 7: array([337.85993429]), 8: array([337.85992507]), 9: array([337.8605341])}
2025-05-12 10:53:42,411 - DEBUG - util_fusion - fusion_dual_defense - client 1 norm scores: {0: array([0.30755445]), 1: array([0.81616316]), 2: array([0.67507887]), 3: array([0.69331939]), 4: array([0.00100296]), 5: array([1.]), 6: array([0.16329451]), 7: array([0.005586]), 8: array([0.]), 9: array([0.36895694])}
2025-05-12 10:53:42,411 - DEBUG - util_fusion - fusion_dual_defense - client 1 similarity threshold: 0.40309562784429165
2025-05-12 10:53:42,411 - INFO - util_fusion - fusion_dual_defense - client 1 selected fusion benigns: [1, 2, 3, 5]
2025-05-12 10:53:42,419 - DEBUG - util_fusion - fusion_dual_defense - client 2 scores: {0: array([337.86043275]), 1: array([337.8612723]), 2: array([337.86103942]), 3: array([337.86106952]), 4: array([337.85992673]), 5: array([337.86157576]), 6: array([337.86019462]), 7: array([337.85993429]), 8: array([337.85992507]), 9: array([337.8605341])}
2025-05-12 10:53:42,420 - DEBUG - util_fusion - fusion_dual_defense - client 2 norm scores: {0: array([0.30755445]), 1: array([0.81616316]), 2: array([0.67507887]), 3: array([0.69331939]), 4: array([0.00100296]), 5: array([1.]), 6: array([0.16329451]), 7: array([0.005586]), 8: array([0.]), 9: array([0.36895694])}
2025-05-12 10:53:42,420 - DEBUG - util_fusion - fusion_dual_defense - client 2 similarity threshold: 0.40309562784429165
2025-05-12 10:53:42,420 - INFO - util_fusion - fusion_dual_defense - client 2 selected fusion benigns: [1, 2, 3, 5]
2025-05-12 10:53:42,428 - DEBUG - util_fusion - fusion_dual_defense - client 3 scores: {0: array([337.86043275]), 1: array([337.8612723]), 2: array([337.86103942]), 3: array([337.86106952]), 4: array([337.85992673]), 5: array([337.86157576]), 6: array([337.86019462]), 7: array([337.85993429]), 8: array([337.85992507]), 9: array([337.8605341])}
2025-05-12 10:53:42,429 - DEBUG - util_fusion - fusion_dual_defense - client 3 norm scores: {0: array([0.30755445]), 1: array([0.81616316]), 2: array([0.67507887]), 3: array([0.69331939]), 4: array([0.00100296]), 5: array([1.]), 6: array([0.16329451]), 7: array([0.005586]), 8: array([0.]), 9: array([0.36895694])}
2025-05-12 10:53:42,429 - DEBUG - util_fusion - fusion_dual_defense - client 3 similarity threshold: 0.40309562784429165
2025-05-12 10:53:42,429 - INFO - util_fusion - fusion_dual_defense - client 3 selected fusion benigns: [1, 2, 3, 5]
2025-05-12 10:53:42,437 - DEBUG - util_fusion - fusion_dual_defense - client 4 scores: {0: array([337.86043275]), 1: array([337.8612723]), 2: array([337.86103942]), 3: array([337.86106952]), 4: array([337.85992673]), 5: array([337.86157576]), 6: array([337.86019462]), 7: array([337.85993429]), 8: array([337.85992507]), 9: array([337.8605341])}
2025-05-12 10:53:42,438 - DEBUG - util_fusion - fusion_dual_defense - client 4 norm scores: {0: array([0.30755445]), 1: array([0.81616316]), 2: array([0.67507887]), 3: array([0.69331939]), 4: array([0.00100296]), 5: array([1.]), 6: array([0.16329451]), 7: array([0.005586]), 8: array([0.]), 9: array([0.36895694])}
2025-05-12 10:53:42,438 - DEBUG - util_fusion - fusion_dual_defense - client 4 similarity threshold: 0.40309562784429165
2025-05-12 10:53:42,438 - INFO - util_fusion - fusion_dual_defense - client 4 selected fusion benigns: [1, 2, 3, 5]
2025-05-12 10:53:42,446 - DEBUG - util_fusion - fusion_dual_defense - client 5 scores: {0: array([337.86043275]), 1: array([337.8612723]), 2: array([337.86103942]), 3: array([337.86106952]), 4: array([337.85992673]), 5: array([337.86157576]), 6: array([337.86019462]), 7: array([337.85993429]), 8: array([337.85992507]), 9: array([337.8605341])}
2025-05-12 10:53:42,447 - DEBUG - util_fusion - fusion_dual_defense - client 5 norm scores: {0: array([0.30755445]), 1: array([0.81616316]), 2: array([0.67507887]), 3: array([0.69331939]), 4: array([0.00100296]), 5: array([1.]), 6: array([0.16329451]), 7: array([0.005586]), 8: array([0.]), 9: array([0.36895694])}
2025-05-12 10:53:42,447 - DEBUG - util_fusion - fusion_dual_defense - client 5 similarity threshold: 0.40309562784429165
2025-05-12 10:53:42,447 - INFO - util_fusion - fusion_dual_defense - client 5 selected fusion benigns: [1, 2, 3, 5]
2025-05-12 10:53:42,455 - DEBUG - util_fusion - fusion_dual_defense - client 6 scores: {0: array([337.86043275]), 1: array([337.8612723]), 2: array([337.86103942]), 3: array([337.86106952]), 4: array([337.85992673]), 5: array([337.86157576]), 6: array([337.86019462]), 7: array([337.85993429]), 8: array([337.85992507]), 9: array([337.8605341])}
2025-05-12 10:53:42,456 - DEBUG - util_fusion - fusion_dual_defense - client 6 norm scores: {0: array([0.30755445]), 1: array([0.81616316]), 2: array([0.67507887]), 3: array([0.69331939]), 4: array([0.00100296]), 5: array([1.]), 6: array([0.16329451]), 7: array([0.005586]), 8: array([0.]), 9: array([0.36895694])}
2025-05-12 10:53:42,456 - DEBUG - util_fusion - fusion_dual_defense - client 6 similarity threshold: 0.40309562784429165
2025-05-12 10:53:42,456 - INFO - util_fusion - fusion_dual_defense - client 6 selected fusion benigns: [1, 2, 3, 5]
2025-05-12 10:53:42,464 - DEBUG - util_fusion - fusion_dual_defense - client 7 scores: {0: array([337.86043275]), 1: array([337.8612723]), 2: array([337.86103942]), 3: array([337.86106952]), 4: array([337.85992673]), 5: array([337.86157576]), 6: array([337.86019462]), 7: array([337.85993429]), 8: array([337.85992507]), 9: array([337.8605341])}
2025-05-12 10:53:42,465 - DEBUG - util_fusion - fusion_dual_defense - client 7 norm scores: {0: array([0.30755445]), 1: array([0.81616316]), 2: array([0.67507887]), 3: array([0.69331939]), 4: array([0.00100296]), 5: array([1.]), 6: array([0.16329451]), 7: array([0.005586]), 8: array([0.]), 9: array([0.36895694])}
2025-05-12 10:53:42,465 - DEBUG - util_fusion - fusion_dual_defense - client 7 similarity threshold: 0.40309562784429165
2025-05-12 10:53:42,465 - INFO - util_fusion - fusion_dual_defense - client 7 selected fusion benigns: [1, 2, 3, 5]
2025-05-12 10:53:42,473 - DEBUG - util_fusion - fusion_dual_defense - client 8 scores: {0: array([337.86043275]), 1: array([337.8612723]), 2: array([337.86103942]), 3: array([337.86106952]), 4: array([337.85992673]), 5: array([337.86157576]), 6: array([337.86019462]), 7: array([337.85993429]), 8: array([337.85992507]), 9: array([337.8605341])}
2025-05-12 10:53:42,474 - DEBUG - util_fusion - fusion_dual_defense - client 8 norm scores: {0: array([0.30755445]), 1: array([0.81616316]), 2: array([0.67507887]), 3: array([0.69331939]), 4: array([0.00100296]), 5: array([1.]), 6: array([0.16329451]), 7: array([0.005586]), 8: array([0.]), 9: array([0.36895694])}
2025-05-12 10:53:42,474 - DEBUG - util_fusion - fusion_dual_defense - client 8 similarity threshold: 0.40309562784429165
2025-05-12 10:53:42,474 - INFO - util_fusion - fusion_dual_defense - client 8 selected fusion benigns: [1, 2, 3, 5]
2025-05-12 10:53:42,482 - DEBUG - util_fusion - fusion_dual_defense - client 9 scores: {0: array([337.86043275]), 1: array([337.8612723]), 2: array([337.86103942]), 3: array([337.86106952]), 4: array([337.85992673]), 5: array([337.86157576]), 6: array([337.86019462]), 7: array([337.85993429]), 8: array([337.85992507]), 9: array([337.8605341])}
2025-05-12 10:53:42,483 - DEBUG - util_fusion - fusion_dual_defense - client 9 norm scores: {0: array([0.30755445]), 1: array([0.81616316]), 2: array([0.67507887]), 3: array([0.69331939]), 4: array([0.00100296]), 5: array([1.]), 6: array([0.16329451]), 7: array([0.005586]), 8: array([0.]), 9: array([0.36895694])}
2025-05-12 10:53:42,483 - DEBUG - util_fusion - fusion_dual_defense - client 9 similarity threshold: 0.40309562784429165
2025-05-12 10:53:42,483 - INFO - util_fusion - fusion_dual_defense - client 9 selected fusion benigns: [1, 2, 3, 5]
2025-05-12 10:53:42,483 - DEBUG - util_fusion - fusion_dual_defense - final fusion benigns: (1, 2, 3, 5)
2025-05-12 10:53:44,128 - INFO - fl - start - global side -  test accuracy: 10.32
2025-05-12 10:53:44,129 - INFO - fl - start - global side iteration 27 -  test accuracy: 10.32
2025-05-12 10:53:44,129 - INFO - fl - start - start training round 28
2025-05-12 10:53:44,131 - INFO - fl - start - round 28 attackers: [3, 1]
2025-05-12 10:53:44,131 - INFO - fl - start - start client 0 training
2025-05-12 10:53:44,131 - INFO - fl - client_local_train - client 0 start local training ...
2025-05-12 10:53:49,658 - INFO - fl - start - end client 0 training
2025-05-12 10:53:49,658 - INFO - fl - start - client 0 evaluation metrics: {'train_loss': 648.8559654086243, 'test_acc': 9.82}
2025-05-12 10:53:49,658 - INFO - fl - start - start client 1 training
2025-05-12 10:53:49,658 - INFO - fl - client_local_train - client 1 start local training ...
2025-05-12 10:53:51,557 - INFO - fl - client_local_train - client 1 is attacker, start poisoning model
2025-05-12 10:53:55,263 - INFO - fl - start - end client 1 training
2025-05-12 10:53:55,263 - INFO - fl - start - client 1 evaluation metrics: {'train_loss': 1595.4375587753182, 'test_acc': 10.09}
2025-05-12 10:53:55,263 - INFO - fl - start - start client 2 training
2025-05-12 10:53:55,263 - INFO - fl - client_local_train - client 2 start local training ...
2025-05-12 10:53:59,407 - INFO - fl - start - end client 2 training
2025-05-12 10:53:59,408 - INFO - fl - start - client 2 evaluation metrics: {'train_loss': 1510.6794972139246, 'test_acc': 8.92}
2025-05-12 10:53:59,408 - INFO - fl - start - start client 3 training
2025-05-12 10:53:59,408 - INFO - fl - client_local_train - client 3 start local training ...
2025-05-12 10:54:01,494 - INFO - fl - client_local_train - client 3 is attacker, start poisoning model
2025-05-12 10:54:05,305 - INFO - fl - start - end client 3 training
2025-05-12 10:54:05,305 - INFO - fl - start - client 3 evaluation metrics: {'train_loss': 22432.05499267578, 'test_acc': 9.82}
2025-05-12 10:54:05,305 - INFO - fl - start - start client 4 training
2025-05-12 10:54:05,305 - INFO - fl - client_local_train - client 4 start local training ...
2025-05-12 10:54:12,094 - INFO - fl - start - end client 4 training
2025-05-12 10:54:12,094 - INFO - fl - start - client 4 evaluation metrics: {'train_loss': 167.78789432843527, 'test_acc': 11.35}
2025-05-12 10:54:12,094 - INFO - fl - start - start client 5 training
2025-05-12 10:54:12,094 - INFO - fl - client_local_train - client 5 start local training ...
2025-05-12 10:54:14,930 - INFO - fl - start - end client 5 training
2025-05-12 10:54:14,930 - INFO - fl - start - client 5 evaluation metrics: {'train_loss': 1426.0616916965794, 'test_acc': 10.09}
2025-05-12 10:54:14,930 - INFO - fl - start - start client 6 training
2025-05-12 10:54:14,930 - INFO - fl - client_local_train - client 6 start local training ...
2025-05-12 10:54:21,055 - INFO - fl - start - end client 6 training
2025-05-12 10:54:21,055 - INFO - fl - start - client 6 evaluation metrics: {'train_loss': 17301.728726091056, 'test_acc': 10.1}
2025-05-12 10:54:21,055 - INFO - fl - start - start client 7 training
2025-05-12 10:54:21,055 - INFO - fl - client_local_train - client 7 start local training ...
2025-05-12 10:54:27,898 - INFO - fl - start - end client 7 training
2025-05-12 10:54:27,898 - INFO - fl - start - client 7 evaluation metrics: {'train_loss': 89.9849049368901, 'test_acc': 10.1}
2025-05-12 10:54:27,898 - INFO - fl - start - start client 8 training
2025-05-12 10:54:27,898 - INFO - fl - client_local_train - client 8 start local training ...
2025-05-12 10:54:34,703 - INFO - fl - start - end client 8 training
2025-05-12 10:54:34,703 - INFO - fl - start - client 8 evaluation metrics: {'train_loss': 8193.77848552044, 'test_acc': 8.92}
2025-05-12 10:54:34,703 - INFO - fl - start - start client 9 training
2025-05-12 10:54:34,703 - INFO - fl - client_local_train - client 9 start local training ...
2025-05-12 10:54:40,058 - INFO - fl - start - end client 9 training
2025-05-12 10:54:40,058 - INFO - fl - start - client 9 evaluation metrics: {'train_loss': 120.92165287416809, 'test_acc': 10.32}
2025-05-12 10:54:40,058 - INFO - fl - aggregate_model - start model aggregation...fusion method: dual_defense
2025-05-12 10:54:40,058 - INFO - fl - aggregate_model - start hyper-guard fusion with epsilon 0.01
2025-05-12 10:54:40,059 - INFO - fl - aggregate_model - round 28 attackers: [1, 3]
2025-05-12 10:54:50,869 - DEBUG - util_fusion - fusion_dual_defense - client 0 scores: {0: array([78.70093281]), 1: array([78.70110575]), 2: array([78.7010619]), 3: array([78.70108108]), 4: array([78.70080822]), 5: array([78.70117931]), 6: array([78.70087075]), 7: array([78.7008159]), 8: array([78.7008074]), 9: array([78.70094582])}
2025-05-12 10:54:50,870 - DEBUG - util_fusion - fusion_dual_defense - client 0 norm scores: {0: array([0.33722384]), 1: array([0.80220385]), 2: array([0.68431757]), 3: array([0.73587869]), 4: array([0.00220721]), 5: array([1.]), 6: array([0.1703503]), 7: array([0.02286478]), 8: array([0.]), 9: array([0.37219693])}
2025-05-12 10:54:50,870 - DEBUG - util_fusion - fusion_dual_defense - client 0 similarity threshold: 0.4127243167724458
2025-05-12 10:54:50,870 - INFO - util_fusion - fusion_dual_defense - client 0 selected fusion benigns: [1, 2, 3, 5]
2025-05-12 10:54:50,878 - DEBUG - util_fusion - fusion_dual_defense - client 1 scores: {0: array([78.70093281]), 1: array([78.70110575]), 2: array([78.7010619]), 3: array([78.70108108]), 4: array([78.70080822]), 5: array([78.70117931]), 6: array([78.70087075]), 7: array([78.7008159]), 8: array([78.7008074]), 9: array([78.70094582])}
2025-05-12 10:54:50,879 - DEBUG - util_fusion - fusion_dual_defense - client 1 norm scores: {0: array([0.33722384]), 1: array([0.80220385]), 2: array([0.68431757]), 3: array([0.73587869]), 4: array([0.00220721]), 5: array([1.]), 6: array([0.1703503]), 7: array([0.02286478]), 8: array([0.]), 9: array([0.37219693])}
2025-05-12 10:54:50,879 - DEBUG - util_fusion - fusion_dual_defense - client 1 similarity threshold: 0.4127243167724458
2025-05-12 10:54:50,879 - INFO - util_fusion - fusion_dual_defense - client 1 selected fusion benigns: [1, 2, 3, 5]
2025-05-12 10:54:50,887 - DEBUG - util_fusion - fusion_dual_defense - client 2 scores: {0: array([78.70093281]), 1: array([78.70110575]), 2: array([78.7010619]), 3: array([78.70108108]), 4: array([78.70080822]), 5: array([78.70117931]), 6: array([78.70087075]), 7: array([78.7008159]), 8: array([78.7008074]), 9: array([78.70094582])}
2025-05-12 10:54:50,888 - DEBUG - util_fusion - fusion_dual_defense - client 2 norm scores: {0: array([0.33722384]), 1: array([0.80220385]), 2: array([0.68431757]), 3: array([0.73587869]), 4: array([0.00220721]), 5: array([1.]), 6: array([0.1703503]), 7: array([0.02286478]), 8: array([0.]), 9: array([0.37219693])}
2025-05-12 10:54:50,888 - DEBUG - util_fusion - fusion_dual_defense - client 2 similarity threshold: 0.4127243167724458
2025-05-12 10:54:50,888 - INFO - util_fusion - fusion_dual_defense - client 2 selected fusion benigns: [1, 2, 3, 5]
2025-05-12 10:54:50,896 - DEBUG - util_fusion - fusion_dual_defense - client 3 scores: {0: array([78.70093281]), 1: array([78.70110575]), 2: array([78.7010619]), 3: array([78.70108108]), 4: array([78.70080822]), 5: array([78.70117931]), 6: array([78.70087075]), 7: array([78.7008159]), 8: array([78.7008074]), 9: array([78.70094582])}
2025-05-12 10:54:50,897 - DEBUG - util_fusion - fusion_dual_defense - client 3 norm scores: {0: array([0.33722384]), 1: array([0.80220385]), 2: array([0.68431757]), 3: array([0.73587869]), 4: array([0.00220721]), 5: array([1.]), 6: array([0.1703503]), 7: array([0.02286478]), 8: array([0.]), 9: array([0.37219693])}
2025-05-12 10:54:50,897 - DEBUG - util_fusion - fusion_dual_defense - client 3 similarity threshold: 0.4127243167724458
2025-05-12 10:54:50,897 - INFO - util_fusion - fusion_dual_defense - client 3 selected fusion benigns: [1, 2, 3, 5]
2025-05-12 10:54:50,905 - DEBUG - util_fusion - fusion_dual_defense - client 4 scores: {0: array([78.70093281]), 1: array([78.70110575]), 2: array([78.7010619]), 3: array([78.70108108]), 4: array([78.70080822]), 5: array([78.70117931]), 6: array([78.70087075]), 7: array([78.7008159]), 8: array([78.7008074]), 9: array([78.70094582])}
2025-05-12 10:54:50,906 - DEBUG - util_fusion - fusion_dual_defense - client 4 norm scores: {0: array([0.33722384]), 1: array([0.80220385]), 2: array([0.68431757]), 3: array([0.73587869]), 4: array([0.00220721]), 5: array([1.]), 6: array([0.1703503]), 7: array([0.02286478]), 8: array([0.]), 9: array([0.37219693])}
2025-05-12 10:54:50,906 - DEBUG - util_fusion - fusion_dual_defense - client 4 similarity threshold: 0.4127243167724458
2025-05-12 10:54:50,906 - INFO - util_fusion - fusion_dual_defense - client 4 selected fusion benigns: [1, 2, 3, 5]
2025-05-12 10:54:50,915 - DEBUG - util_fusion - fusion_dual_defense - client 5 scores: {0: array([78.70093281]), 1: array([78.70110575]), 2: array([78.7010619]), 3: array([78.70108108]), 4: array([78.70080822]), 5: array([78.70117931]), 6: array([78.70087075]), 7: array([78.7008159]), 8: array([78.7008074]), 9: array([78.70094582])}
2025-05-12 10:54:50,915 - DEBUG - util_fusion - fusion_dual_defense - client 5 norm scores: {0: array([0.33722384]), 1: array([0.80220385]), 2: array([0.68431757]), 3: array([0.73587869]), 4: array([0.00220721]), 5: array([1.]), 6: array([0.1703503]), 7: array([0.02286478]), 8: array([0.]), 9: array([0.37219693])}
2025-05-12 10:54:50,915 - DEBUG - util_fusion - fusion_dual_defense - client 5 similarity threshold: 0.4127243167724458
2025-05-12 10:54:50,915 - INFO - util_fusion - fusion_dual_defense - client 5 selected fusion benigns: [1, 2, 3, 5]
2025-05-12 10:54:50,924 - DEBUG - util_fusion - fusion_dual_defense - client 6 scores: {0: array([78.70093281]), 1: array([78.70110575]), 2: array([78.7010619]), 3: array([78.70108108]), 4: array([78.70080822]), 5: array([78.70117931]), 6: array([78.70087075]), 7: array([78.7008159]), 8: array([78.7008074]), 9: array([78.70094582])}
2025-05-12 10:54:50,924 - DEBUG - util_fusion - fusion_dual_defense - client 6 norm scores: {0: array([0.33722384]), 1: array([0.80220385]), 2: array([0.68431757]), 3: array([0.73587869]), 4: array([0.00220721]), 5: array([1.]), 6: array([0.1703503]), 7: array([0.02286478]), 8: array([0.]), 9: array([0.37219693])}
2025-05-12 10:54:50,924 - DEBUG - util_fusion - fusion_dual_defense - client 6 similarity threshold: 0.4127243167724458
2025-05-12 10:54:50,924 - INFO - util_fusion - fusion_dual_defense - client 6 selected fusion benigns: [1, 2, 3, 5]
2025-05-12 10:54:50,933 - DEBUG - util_fusion - fusion_dual_defense - client 7 scores: {0: array([78.70093281]), 1: array([78.70110575]), 2: array([78.7010619]), 3: array([78.70108108]), 4: array([78.70080822]), 5: array([78.70117931]), 6: array([78.70087075]), 7: array([78.7008159]), 8: array([78.7008074]), 9: array([78.70094582])}
2025-05-12 10:54:50,933 - DEBUG - util_fusion - fusion_dual_defense - client 7 norm scores: {0: array([0.33722384]), 1: array([0.80220385]), 2: array([0.68431757]), 3: array([0.73587869]), 4: array([0.00220721]), 5: array([1.]), 6: array([0.1703503]), 7: array([0.02286478]), 8: array([0.]), 9: array([0.37219693])}
2025-05-12 10:54:50,933 - DEBUG - util_fusion - fusion_dual_defense - client 7 similarity threshold: 0.4127243167724458
2025-05-12 10:54:50,933 - INFO - util_fusion - fusion_dual_defense - client 7 selected fusion benigns: [1, 2, 3, 5]
2025-05-12 10:54:50,942 - DEBUG - util_fusion - fusion_dual_defense - client 8 scores: {0: array([78.70093281]), 1: array([78.70110575]), 2: array([78.7010619]), 3: array([78.70108108]), 4: array([78.70080822]), 5: array([78.70117931]), 6: array([78.70087075]), 7: array([78.7008159]), 8: array([78.7008074]), 9: array([78.70094582])}
2025-05-12 10:54:50,942 - DEBUG - util_fusion - fusion_dual_defense - client 8 norm scores: {0: array([0.33722384]), 1: array([0.80220385]), 2: array([0.68431757]), 3: array([0.73587869]), 4: array([0.00220721]), 5: array([1.]), 6: array([0.1703503]), 7: array([0.02286478]), 8: array([0.]), 9: array([0.37219693])}
2025-05-12 10:54:50,942 - DEBUG - util_fusion - fusion_dual_defense - client 8 similarity threshold: 0.4127243167724458
2025-05-12 10:54:50,942 - INFO - util_fusion - fusion_dual_defense - client 8 selected fusion benigns: [1, 2, 3, 5]
2025-05-12 10:54:50,950 - DEBUG - util_fusion - fusion_dual_defense - client 9 scores: {0: array([78.70093281]), 1: array([78.70110575]), 2: array([78.7010619]), 3: array([78.70108108]), 4: array([78.70080822]), 5: array([78.70117931]), 6: array([78.70087075]), 7: array([78.7008159]), 8: array([78.7008074]), 9: array([78.70094582])}
2025-05-12 10:54:50,951 - DEBUG - util_fusion - fusion_dual_defense - client 9 norm scores: {0: array([0.33722384]), 1: array([0.80220385]), 2: array([0.68431757]), 3: array([0.73587869]), 4: array([0.00220721]), 5: array([1.]), 6: array([0.1703503]), 7: array([0.02286478]), 8: array([0.]), 9: array([0.37219693])}
2025-05-12 10:54:50,951 - DEBUG - util_fusion - fusion_dual_defense - client 9 similarity threshold: 0.4127243167724458
2025-05-12 10:54:50,951 - INFO - util_fusion - fusion_dual_defense - client 9 selected fusion benigns: [1, 2, 3, 5]
2025-05-12 10:54:50,951 - DEBUG - util_fusion - fusion_dual_defense - final fusion benigns: (1, 2, 3, 5)
2025-05-12 10:54:52,600 - INFO - fl - start - global side -  test accuracy: 10.32
2025-05-12 10:54:52,600 - INFO - fl - start - global side iteration 28 -  test accuracy: 10.32
2025-05-12 10:54:52,600 - INFO - fl - start - start training round 29
2025-05-12 10:54:52,602 - INFO - fl - start - round 29 attackers: [4, 5]
2025-05-12 10:54:52,602 - INFO - fl - start - start client 0 training
2025-05-12 10:54:52,602 - INFO - fl - client_local_train - client 0 start local training ...
2025-05-12 10:54:58,148 - INFO - fl - start - end client 0 training
2025-05-12 10:54:58,149 - INFO - fl - start - client 0 evaluation metrics: {'train_loss': 3084.015374402205, 'test_acc': 9.82}
2025-05-12 10:54:58,149 - INFO - fl - start - start client 1 training
2025-05-12 10:54:58,149 - INFO - fl - client_local_train - client 1 start local training ...
2025-05-12 10:55:01,923 - INFO - fl - start - end client 1 training
2025-05-12 10:55:01,923 - INFO - fl - start - client 1 evaluation metrics: {'train_loss': 952.8123143438635, 'test_acc': 10.09}
2025-05-12 10:55:01,923 - INFO - fl - start - start client 2 training
2025-05-12 10:55:01,923 - INFO - fl - client_local_train - client 2 start local training ...
2025-05-12 10:55:06,080 - INFO - fl - start - end client 2 training
2025-05-12 10:55:06,080 - INFO - fl - start - client 2 evaluation metrics: {'train_loss': 7230.877362419577, 'test_acc': 8.92}
2025-05-12 10:55:06,080 - INFO - fl - start - start client 3 training
2025-05-12 10:55:06,080 - INFO - fl - client_local_train - client 3 start local training ...
2025-05-12 10:55:10,063 - INFO - fl - start - end client 3 training
2025-05-12 10:55:10,064 - INFO - fl - start - client 3 evaluation metrics: {'train_loss': 13403.677284240723, 'test_acc': 9.82}
2025-05-12 10:55:10,064 - INFO - fl - start - start client 4 training
2025-05-12 10:55:10,064 - INFO - fl - client_local_train - client 4 start local training ...
2025-05-12 10:55:14,336 - INFO - fl - client_local_train - client 4 is attacker, start poisoning model
2025-05-12 10:55:19,331 - INFO - fl - start - end client 4 training
2025-05-12 10:55:19,331 - INFO - fl - start - client 4 evaluation metrics: {'train_loss': 6376.389623071208, 'test_acc': 11.35}
2025-05-12 10:55:19,331 - INFO - fl - start - start client 5 training
2025-05-12 10:55:19,331 - INFO - fl - client_local_train - client 5 start local training ...
2025-05-12 10:55:20,515 - INFO - fl - client_local_train - client 5 is attacker, start poisoning model
2025-05-12 10:55:23,843 - INFO - fl - start - end client 5 training
2025-05-12 10:55:23,843 - INFO - fl - start - client 5 evaluation metrics: {'train_loss': 54947.85420185811, 'test_acc': 10.09}
2025-05-12 10:55:23,843 - INFO - fl - start - start client 6 training
2025-05-12 10:55:23,843 - INFO - fl - client_local_train - client 6 start local training ...
2025-05-12 10:55:29,967 - INFO - fl - start - end client 6 training
2025-05-12 10:55:29,967 - INFO - fl - start - client 6 evaluation metrics: {'train_loss': 82745.2106007543, 'test_acc': 10.09}
2025-05-12 10:55:29,967 - INFO - fl - start - start client 7 training
2025-05-12 10:55:29,967 - INFO - fl - client_local_train - client 7 start local training ...
2025-05-12 10:55:36,807 - INFO - fl - start - end client 7 training
2025-05-12 10:55:36,807 - INFO - fl - start - client 7 evaluation metrics: {'train_loss': 425.23354889830546, 'test_acc': 10.1}
2025-05-12 10:55:36,807 - INFO - fl - start - start client 8 training
2025-05-12 10:55:36,807 - INFO - fl - client_local_train - client 8 start local training ...
2025-05-12 10:55:43,628 - INFO - fl - start - end client 8 training
2025-05-12 10:55:43,628 - INFO - fl - start - client 8 evaluation metrics: {'train_loss': 38950.02841576598, 'test_acc': 8.92}
2025-05-12 10:55:43,628 - INFO - fl - start - start client 9 training
2025-05-12 10:55:43,628 - INFO - fl - client_local_train - client 9 start local training ...
2025-05-12 10:55:48,996 - INFO - fl - start - end client 9 training
2025-05-12 10:55:48,996 - INFO - fl - start - client 9 evaluation metrics: {'train_loss': 572.968513975338, 'test_acc': 10.32}
2025-05-12 10:55:48,997 - INFO - fl - aggregate_model - start model aggregation...fusion method: dual_defense
2025-05-12 10:55:48,997 - INFO - fl - aggregate_model - start hyper-guard fusion with epsilon 0.01
2025-05-12 10:55:48,997 - INFO - fl - aggregate_model - round 29 attackers: [4, 5]
2025-05-12 10:55:59,817 - DEBUG - util_fusion - fusion_dual_defense - client 0 scores: {0: array([136.56349165]), 1: array([136.56316207]), 2: array([136.56327003]), 3: array([136.56321668]), 4: array([136.56370698]), 5: array([136.56301549]), 6: array([136.56360104]), 7: array([136.56371639]), 8: array([136.5637053]), 9: array([136.56345424])}
2025-05-12 10:55:59,818 - DEBUG - util_fusion - fusion_dual_defense - client 0 norm scores: {0: array([0.67936502]), 1: array([0.20913038]), 2: array([0.36315824]), 3: array([0.28704457]), 4: array([0.98658588]), 5: array([0.]), 6: array([0.83543721]), 7: array([1.]), 8: array([0.98417908]), 9: array([0.62598825])}
2025-05-12 10:55:59,818 - DEBUG - util_fusion - fusion_dual_defense - client 0 similarity threshold: 0.5970888634843321
2025-05-12 10:55:59,818 - INFO - util_fusion - fusion_dual_defense - client 0 selected fusion benigns: [0, 4, 6, 7, 8, 9]
2025-05-12 10:55:59,826 - DEBUG - util_fusion - fusion_dual_defense - client 1 scores: {0: array([136.56349165]), 1: array([136.56316207]), 2: array([136.56327003]), 3: array([136.56321668]), 4: array([136.56370698]), 5: array([136.56301549]), 6: array([136.56360104]), 7: array([136.56371639]), 8: array([136.5637053]), 9: array([136.56345424])}
2025-05-12 10:55:59,827 - DEBUG - util_fusion - fusion_dual_defense - client 1 norm scores: {0: array([0.67936502]), 1: array([0.20913038]), 2: array([0.36315824]), 3: array([0.28704457]), 4: array([0.98658588]), 5: array([0.]), 6: array([0.83543721]), 7: array([1.]), 8: array([0.98417908]), 9: array([0.62598825])}
2025-05-12 10:55:59,827 - DEBUG - util_fusion - fusion_dual_defense - client 1 similarity threshold: 0.5970888634843321
2025-05-12 10:55:59,827 - INFO - util_fusion - fusion_dual_defense - client 1 selected fusion benigns: [0, 4, 6, 7, 8, 9]
2025-05-12 10:55:59,835 - DEBUG - util_fusion - fusion_dual_defense - client 2 scores: {0: array([136.56349165]), 1: array([136.56316207]), 2: array([136.56327003]), 3: array([136.56321668]), 4: array([136.56370698]), 5: array([136.56301549]), 6: array([136.56360104]), 7: array([136.56371639]), 8: array([136.5637053]), 9: array([136.56345424])}
2025-05-12 10:55:59,836 - DEBUG - util_fusion - fusion_dual_defense - client 2 norm scores: {0: array([0.67936502]), 1: array([0.20913038]), 2: array([0.36315824]), 3: array([0.28704457]), 4: array([0.98658588]), 5: array([0.]), 6: array([0.83543721]), 7: array([1.]), 8: array([0.98417908]), 9: array([0.62598825])}
2025-05-12 10:55:59,836 - DEBUG - util_fusion - fusion_dual_defense - client 2 similarity threshold: 0.5970888634843321
2025-05-12 10:55:59,836 - INFO - util_fusion - fusion_dual_defense - client 2 selected fusion benigns: [0, 4, 6, 7, 8, 9]
2025-05-12 10:55:59,844 - DEBUG - util_fusion - fusion_dual_defense - client 3 scores: {0: array([136.56349165]), 1: array([136.56316207]), 2: array([136.56327003]), 3: array([136.56321668]), 4: array([136.56370698]), 5: array([136.56301549]), 6: array([136.56360104]), 7: array([136.56371639]), 8: array([136.5637053]), 9: array([136.56345424])}
2025-05-12 10:55:59,845 - DEBUG - util_fusion - fusion_dual_defense - client 3 norm scores: {0: array([0.67936502]), 1: array([0.20913038]), 2: array([0.36315824]), 3: array([0.28704457]), 4: array([0.98658588]), 5: array([0.]), 6: array([0.83543721]), 7: array([1.]), 8: array([0.98417908]), 9: array([0.62598825])}
2025-05-12 10:55:59,845 - DEBUG - util_fusion - fusion_dual_defense - client 3 similarity threshold: 0.5970888634843321
2025-05-12 10:55:59,845 - INFO - util_fusion - fusion_dual_defense - client 3 selected fusion benigns: [0, 4, 6, 7, 8, 9]
2025-05-12 10:55:59,853 - DEBUG - util_fusion - fusion_dual_defense - client 4 scores: {0: array([136.56349165]), 1: array([136.56316207]), 2: array([136.56327003]), 3: array([136.56321668]), 4: array([136.56370698]), 5: array([136.56301549]), 6: array([136.56360104]), 7: array([136.56371639]), 8: array([136.5637053]), 9: array([136.56345424])}
2025-05-12 10:55:59,854 - DEBUG - util_fusion - fusion_dual_defense - client 4 norm scores: {0: array([0.67936502]), 1: array([0.20913038]), 2: array([0.36315824]), 3: array([0.28704457]), 4: array([0.98658588]), 5: array([0.]), 6: array([0.83543721]), 7: array([1.]), 8: array([0.98417908]), 9: array([0.62598825])}
2025-05-12 10:55:59,854 - DEBUG - util_fusion - fusion_dual_defense - client 4 similarity threshold: 0.5970888634843321
2025-05-12 10:55:59,854 - INFO - util_fusion - fusion_dual_defense - client 4 selected fusion benigns: [0, 4, 6, 7, 8, 9]
2025-05-12 10:55:59,862 - DEBUG - util_fusion - fusion_dual_defense - client 5 scores: {0: array([136.56349165]), 1: array([136.56316207]), 2: array([136.56327003]), 3: array([136.56321668]), 4: array([136.56370698]), 5: array([136.56301549]), 6: array([136.56360104]), 7: array([136.56371639]), 8: array([136.5637053]), 9: array([136.56345424])}
2025-05-12 10:55:59,863 - DEBUG - util_fusion - fusion_dual_defense - client 5 norm scores: {0: array([0.67936502]), 1: array([0.20913038]), 2: array([0.36315824]), 3: array([0.28704457]), 4: array([0.98658588]), 5: array([0.]), 6: array([0.83543721]), 7: array([1.]), 8: array([0.98417908]), 9: array([0.62598825])}
2025-05-12 10:55:59,863 - DEBUG - util_fusion - fusion_dual_defense - client 5 similarity threshold: 0.5970888634843321
2025-05-12 10:55:59,863 - INFO - util_fusion - fusion_dual_defense - client 5 selected fusion benigns: [0, 4, 6, 7, 8, 9]
2025-05-12 10:55:59,871 - DEBUG - util_fusion - fusion_dual_defense - client 6 scores: {0: array([136.56349165]), 1: array([136.56316207]), 2: array([136.56327003]), 3: array([136.56321668]), 4: array([136.56370698]), 5: array([136.56301549]), 6: array([136.56360104]), 7: array([136.56371639]), 8: array([136.5637053]), 9: array([136.56345424])}
2025-05-12 10:55:59,872 - DEBUG - util_fusion - fusion_dual_defense - client 6 norm scores: {0: array([0.67936502]), 1: array([0.20913038]), 2: array([0.36315824]), 3: array([0.28704457]), 4: array([0.98658588]), 5: array([0.]), 6: array([0.83543721]), 7: array([1.]), 8: array([0.98417908]), 9: array([0.62598825])}
2025-05-12 10:55:59,872 - DEBUG - util_fusion - fusion_dual_defense - client 6 similarity threshold: 0.5970888634843321
2025-05-12 10:55:59,872 - INFO - util_fusion - fusion_dual_defense - client 6 selected fusion benigns: [0, 4, 6, 7, 8, 9]
2025-05-12 10:55:59,880 - DEBUG - util_fusion - fusion_dual_defense - client 7 scores: {0: array([136.56349165]), 1: array([136.56316207]), 2: array([136.56327003]), 3: array([136.56321668]), 4: array([136.56370698]), 5: array([136.56301549]), 6: array([136.56360104]), 7: array([136.56371639]), 8: array([136.5637053]), 9: array([136.56345424])}
2025-05-12 10:55:59,881 - DEBUG - util_fusion - fusion_dual_defense - client 7 norm scores: {0: array([0.67936502]), 1: array([0.20913038]), 2: array([0.36315824]), 3: array([0.28704457]), 4: array([0.98658588]), 5: array([0.]), 6: array([0.83543721]), 7: array([1.]), 8: array([0.98417908]), 9: array([0.62598825])}
2025-05-12 10:55:59,881 - DEBUG - util_fusion - fusion_dual_defense - client 7 similarity threshold: 0.5970888634843321
2025-05-12 10:55:59,881 - INFO - util_fusion - fusion_dual_defense - client 7 selected fusion benigns: [0, 4, 6, 7, 8, 9]
2025-05-12 10:55:59,889 - DEBUG - util_fusion - fusion_dual_defense - client 8 scores: {0: array([136.56349165]), 1: array([136.56316207]), 2: array([136.56327003]), 3: array([136.56321668]), 4: array([136.56370698]), 5: array([136.56301549]), 6: array([136.56360104]), 7: array([136.56371639]), 8: array([136.5637053]), 9: array([136.56345424])}
2025-05-12 10:55:59,890 - DEBUG - util_fusion - fusion_dual_defense - client 8 norm scores: {0: array([0.67936502]), 1: array([0.20913038]), 2: array([0.36315824]), 3: array([0.28704457]), 4: array([0.98658588]), 5: array([0.]), 6: array([0.83543721]), 7: array([1.]), 8: array([0.98417908]), 9: array([0.62598825])}
2025-05-12 10:55:59,890 - DEBUG - util_fusion - fusion_dual_defense - client 8 similarity threshold: 0.5970888634843321
2025-05-12 10:55:59,890 - INFO - util_fusion - fusion_dual_defense - client 8 selected fusion benigns: [0, 4, 6, 7, 8, 9]
2025-05-12 10:55:59,898 - DEBUG - util_fusion - fusion_dual_defense - client 9 scores: {0: array([136.56349165]), 1: array([136.56316207]), 2: array([136.56327003]), 3: array([136.56321668]), 4: array([136.56370698]), 5: array([136.56301549]), 6: array([136.56360104]), 7: array([136.56371639]), 8: array([136.5637053]), 9: array([136.56345424])}
2025-05-12 10:55:59,899 - DEBUG - util_fusion - fusion_dual_defense - client 9 norm scores: {0: array([0.67936502]), 1: array([0.20913038]), 2: array([0.36315824]), 3: array([0.28704457]), 4: array([0.98658588]), 5: array([0.]), 6: array([0.83543721]), 7: array([1.]), 8: array([0.98417908]), 9: array([0.62598825])}
2025-05-12 10:55:59,899 - DEBUG - util_fusion - fusion_dual_defense - client 9 similarity threshold: 0.5970888634843321
2025-05-12 10:55:59,899 - INFO - util_fusion - fusion_dual_defense - client 9 selected fusion benigns: [0, 4, 6, 7, 8, 9]
2025-05-12 10:55:59,899 - DEBUG - util_fusion - fusion_dual_defense - final fusion benigns: (0, 4, 6, 7, 8, 9)
2025-05-12 10:56:01,652 - INFO - fl - start - global side -  test accuracy: 11.35
2025-05-12 10:56:01,652 - INFO - fl - start - global side iteration 29 -  test accuracy: 11.35
2025-05-12 10:56:01,653 - INFO - fl - start - end the FL simulation
2025-05-12 10:56:01,653 - INFO - fl - start - summarization - simulation metrics: {0: {'time': 64.657726808, 'parties': {0: {'train_loss': 0.08655743695243134, 'test_acc': 60.19}, 1: {'train_loss': 0.09820677743068543, 'test_acc': 21.6}, 2: {'train_loss': 0.08636310552794706, 'test_acc': 57.17}, 3: {'train_loss': 0.09589006507303566, 'test_acc': 50.94}, 4: {'train_loss': 0.08307299053889107, 'test_acc': 70.68}, 5: {'train_loss': 0.33384227591591914, 'test_acc': 54.37}, 6: {'train_loss': 0.08490639120533035, 'test_acc': 65.13}, 7: {'train_loss': 0.061731774394692324, 'test_acc': 59.37}, 8: {'train_loss': 0.04255665354238109, 'test_acc': 52.84}, 9: {'train_loss': 0.07431430664455176, 'test_acc': 47.51}}, 'server': {'test_acc': 28.09}}, 1: {'time': 133.0678795280037, 'parties': {0: {'train_loss': 164.60144899405685, 'test_acc': 67.63}, 1: {'train_loss': 65.84519734875909, 'test_acc': 41.01}, 2: {'train_loss': 0.06214901783010539, 'test_acc': 57.65}, 3: {'train_loss': 0.07440701179439202, 'test_acc': 54.36}, 4: {'train_loss': 0.05991766283246265, 'test_acc': 72.95}, 5: {'train_loss': 0.1548234746866935, 'test_acc': 69.33}, 6: {'train_loss': 0.057526084355576414, 'test_acc': 73.23}, 7: {'train_loss': 0.05252106184202399, 'test_acc': 58.96}, 8: {'train_loss': 0.040763238887827756, 'test_acc': 54.89}, 9: {'train_loss': 0.054372756176495125, 'test_acc': 50.57}}, 'server': {'test_acc': 42.96}}, 2: {'time': 202.20722946200112, 'parties': {0: {'train_loss': 0.1544831456233035, 'test_acc': 48.0}, 1: {'train_loss': 0.03572219040983453, 'test_acc': 39.84}, 2: {'train_loss': 148.5868018655216, 'test_acc': 56.86}, 3: {'train_loss': 0.12615029467269778, 'test_acc': 51.2}, 4: {'train_loss': 0.06573617156369216, 'test_acc': 73.9}, 5: {'train_loss': 0.23404311348457593, 'test_acc': 64.23}, 6: {'train_loss': 0.10246345233011606, 'test_acc': 65.81}, 7: {'train_loss': 0.0807466707713624, 'test_acc': 57.93}, 8: {'train_loss': 106.25685317534253, 'test_acc': 51.62}, 9: {'train_loss': 0.055032108081219604, 'test_acc': 52.1}}, 'server': {'test_acc': 52.03}}, 3: {'time': 270.7606706440056, 'parties': {0: {'train_loss': 0.1848926621251831, 'test_acc': 48.28}, 1: {'train_loss': 0.2736629196282091, 'test_acc': 19.12}, 2: {'train_loss': 180.83445607914643, 'test_acc': 57.24}, 3: {'train_loss': 296.49368328694254, 'test_acc': 57.38}, 4: {'train_loss': 0.19696575358058466, 'test_acc': 56.49}, 5: {'train_loss': 1.6712865571717959, 'test_acc': 10.1}, 6: {'train_loss': 0.22817847338216057, 'test_acc': 56.47}, 7: {'train_loss': 0.18924576319309314, 'test_acc': 52.71}, 8: {'train_loss': 0.13238752210386714, 'test_acc': 52.8}, 9: {'train_loss': 0.5368446266772796, 'test_acc': 26.89}}, 'server': {'test_acc': 59.75}}, 4: {'time': 339.422718394002, 'parties': {0: {'train_loss': 1.4118293640660304, 'test_acc': 10.28}, 1: {'train_loss': 1.8200056707036907, 'test_acc': 10.09}, 2: {'train_loss': 5.415474604157841, 'test_acc': 9.85}, 3: {'train_loss': 1.555172534659505, 'test_acc': 11.78}, 4: {'train_loss': 1.356449833421996, 'test_acc': 11.35}, 5: {'train_loss': 1.7777579539530985, 'test_acc': 10.09}, 6: {'train_loss': 1.3956643466291756, 'test_acc': 9.8}, 7: {'train_loss': 1.2792574878948837, 'test_acc': 10.11}, 8: {'train_loss': 1.2864481268968797, 'test_acc': 9.58}, 9: {'train_loss': 1.3580258367012958, 'test_acc': 10.32}}, 'server': {'test_acc': 10.09}}, 5: {'time': 408.6703884440067, 'parties': {0: {'train_loss': 1.5476504704531502, 'test_acc': 9.82}, 1: {'train_loss': 0.8641356486698677, 'test_acc': 10.09}, 2: {'train_loss': 1.7170125964809866, 'test_acc': 9.74}, 3: {'train_loss': 1.584019998088479, 'test_acc': 9.82}, 4: {'train_loss': 1.3771237857414014, 'test_acc': 11.35}, 5: {'train_loss': 1.9566450570080731, 'test_acc': 10.09}, 6: {'train_loss': 1.4789653286851685, 'test_acc': 9.8}, 7: {'train_loss': 5.118755854777436, 'test_acc': 10.1}, 8: {'train_loss': 1.286032027319858, 'test_acc': 9.58}, 9: {'train_loss': 3.9164331543202304, 'test_acc': 10.32}}, 'server': {'test_acc': 9.82}}, 6: {'time': 477.2625890960044, 'parties': {0: {'train_loss': 1.4462869202389437, 'test_acc': 9.82}, 1: {'train_loss': 0.917302231336462, 'test_acc': 10.09}, 2: {'train_loss': 1.6867323675576378, 'test_acc': 9.74}, 3: {'train_loss': 4.3818835616111755, 'test_acc': 9.82}, 4: {'train_loss': 1.3534339756676645, 'test_acc': 11.35}, 5: {'train_loss': 1.880897982700451, 'test_acc': 10.09}, 6: {'train_loss': 1.4002000196226712, 'test_acc': 9.8}, 7: {'train_loss': 1.2754274562223633, 'test_acc': 10.1}, 8: {'train_loss': 1.2890508121117614, 'test_acc': 9.58}, 9: {'train_loss': 3.912845802550413, 'test_acc': 10.32}}, 'server': {'test_acc': 10.1}}, 7: {'time': 545.291880994002, 'parties': {0: {'train_loss': 1.4794184612292869, 'test_acc': 9.82}, 1: {'train_loss': 1.8421996503040707, 'test_acc': 10.09}, 2: {'train_loss': 1.710326925796621, 'test_acc': 9.74}, 3: {'train_loss': 1.59437220916152, 'test_acc': 9.82}, 4: {'train_loss': 1.3677497731916832, 'test_acc': 11.35}, 5: {'train_loss': 6.140001374322015, 'test_acc': 10.09}, 6: {'train_loss': 1.3927616764759194, 'test_acc': 9.8}, 7: {'train_loss': 1.2547490979308513, 'test_acc': 10.1}, 8: {'train_loss': 1.2901403554400106, 'test_acc': 9.58}, 9: {'train_loss': 1.375521175715388, 'test_acc': 10.32}}, 'server': {'test_acc': 10.28}}, 8: {'time': 614.3176355470059, 'parties': {0: {'train_loss': 4.410714815644657, 'test_acc': 9.82}, 1: {'train_loss': 0.9174957357603928, 'test_acc': 10.09}, 2: {'train_loss': 1.6902973739539875, 'test_acc': 9.74}, 3: {'train_loss': 1.593882042914629, 'test_acc': 9.82}, 4: {'train_loss': 1.3583804721182042, 'test_acc': 11.35}, 5: {'train_loss': 1.7634506741085567, 'test_acc': 10.09}, 6: {'train_loss': 1.380070547605383, 'test_acc': 9.8}, 7: {'train_loss': 1.2664825306899512, 'test_acc': 10.1}, 8: {'train_loss': 1.289917222539285, 'test_acc': 9.58}, 9: {'train_loss': 3.744415120202668, 'test_acc': 10.32}}, 'server': {'test_acc': 11.35}}, 9: {'time': 683.6844261250008, 'parties': {0: {'train_loss': 4.251609334758684, 'test_acc': 9.82}, 1: {'train_loss': 0.9198096898095361, 'test_acc': 10.09}, 2: {'train_loss': 1.7034729491261875, 'test_acc': 9.74}, 3: {'train_loss': 1.5789739564061165, 'test_acc': 9.82}, 4: {'train_loss': 6.334594255143946, 'test_acc': 11.35}, 5: {'train_loss': 1.731172339336292, 'test_acc': 10.09}, 6: {'train_loss': 1.3703256552589351, 'test_acc': 9.8}, 7: {'train_loss': 1.2740352038127274, 'test_acc': 10.1}, 8: {'train_loss': 1.2835943931923772, 'test_acc': 9.58}, 9: {'train_loss': 1.3808216233642734, 'test_acc': 10.32}}, 'server': {'test_acc': 10.28}}, 10: {'time': 753.2151143680021, 'parties': {0: {'train_loss': 1.4552662933574003, 'test_acc': 9.82}, 1: {'train_loss': 0.9422789822364676, 'test_acc': 10.09}, 2: {'train_loss': 1.7133390517795788, 'test_acc': 9.74}, 3: {'train_loss': 1.676188388839364, 'test_acc': 9.82}, 4: {'train_loss': 1.3605605652838042, 'test_acc': 11.35}, 5: {'train_loss': 1.9652984174522194, 'test_acc': 10.09}, 6: {'train_loss': 1.3869188941758255, 'test_acc': 9.8}, 7: {'train_loss': 5.239908903392394, 'test_acc': 10.1}, 8: {'train_loss': 1.2884231734096556, 'test_acc': 9.58}, 9: {'train_loss': 4.000299329660376, 'test_acc': 10.32}}, 'server': {'test_acc': 10.28}}, 11: {'time': 822.0852300530023, 'parties': {0: {'train_loss': 6.19418006551032, 'test_acc': 9.82}, 1: {'train_loss': 0.9679997419488842, 'test_acc': 10.09}, 2: {'train_loss': 5.550835051957299, 'test_acc': 9.74}, 3: {'train_loss': 1.9129217509180307, 'test_acc': 9.82}, 4: {'train_loss': 1.4155971218239178, 'test_acc': 11.35}, 5: {'train_loss': 2.327284555177431, 'test_acc': 10.09}, 6: {'train_loss': 1.4863126668436775, 'test_acc': 9.8}, 7: {'train_loss': 1.2936839087685543, 'test_acc': 10.1}, 8: {'train_loss': 1.5324072766124754, 'test_acc': 9.58}, 9: {'train_loss': 1.393502312047141, 'test_acc': 10.32}}, 'server': {'test_acc': 10.28}}, 12: {'time': 891.2361926480007, 'parties': {0: {'train_loss': 1.7620273863568026, 'test_acc': 9.82}, 1: {'train_loss': 1.040521382257856, 'test_acc': 10.09}, 2: {'train_loss': 1.820989093359779, 'test_acc': 9.74}, 3: {'train_loss': 10.267362907528877, 'test_acc': 9.82}, 4: {'train_loss': 7.333494712005962, 'test_acc': 11.35}, 5: {'train_loss': 2.778052735973049, 'test_acc': 10.09}, 6: {'train_loss': 1.5390764721508683, 'test_acc': 9.8}, 7: {'train_loss': 1.3351787061833624, 'test_acc': 10.1}, 8: {'train_loss': 2.2567031311809567, 'test_acc': 9.58}, 9: {'train_loss': 1.4452885462313283, 'test_acc': 10.32}}, 'server': {'test_acc': 11.35}}, 13: {'time': 960.1294468740016, 'parties': {0: {'train_loss': 2.221898976494284, 'test_acc': 9.82}, 1: {'train_loss': 1.1315563197793632, 'test_acc': 10.09}, 2: {'train_loss': 2.3887287623742046, 'test_acc': 8.92}, 3: {'train_loss': 22.37888215482235, 'test_acc': 9.82}, 4: {'train_loss': 1.5999760045246645, 'test_acc': 11.35}, 5: {'train_loss': 3.980902658926474, 'test_acc': 10.09}, 6: {'train_loss': 4.653020460030128, 'test_acc': 10.1}, 7: {'train_loss': 1.413330695967176, 'test_acc': 10.1}, 8: {'train_loss': 4.25158571211019, 'test_acc': 9.58}, 9: {'train_loss': 5.312000753928204, 'test_acc': 10.32}}, 'server': {'test_acc': 10.32}}, 14: {'time': 1029.0434199360025, 'parties': {0: {'train_loss': 2.8913350105285645, 'test_acc': 9.82}, 1: {'train_loss': 1.2916405838111351, 'test_acc': 10.09}, 2: {'train_loss': 4.244295491891749, 'test_acc': 8.92}, 3: {'train_loss': 6.324735723435879, 'test_acc': 9.82}, 4: {'train_loss': 10.088699702060584, 'test_acc': 11.35}, 5: {'train_loss': 39.632200808138464, 'test_acc': 10.09}, 6: {'train_loss': 16.93972765988317, 'test_acc': 10.1}, 7: {'train_loss': 1.5312082402741731, 'test_acc': 10.1}, 8: {'train_loss': 7.598130672497857, 'test_acc': 9.58}, 9: {'train_loss': 1.6234599011284965, 'test_acc': 10.32}}, 'server': {'test_acc': 11.35}}, 15: {'time': 1097.7010227770006, 'parties': {0: {'train_loss': 30.6372569028069, 'test_acc': 9.82}, 1: {'train_loss': 1.7664081289850433, 'test_acc': 10.09}, 2: {'train_loss': 9.3876272019218, 'test_acc': 8.92}, 3: {'train_loss': 13.468729875981808, 'test_acc': 9.82}, 4: {'train_loss': 2.375399566509507, 'test_acc': 11.35}, 5: {'train_loss': 78.55640019597234, 'test_acc': 10.09}, 6: {'train_loss': 50.491564158735606, 'test_acc': 10.1}, 7: {'train_loss': 1.8172468107138107, 'test_acc': 10.1}, 8: {'train_loss': 23.4986342093102, 'test_acc': 8.92}, 9: {'train_loss': 1.9872136553939508, 'test_acc': 10.32}}, 'server': {'test_acc': 10.28}}, 16: {'time': 1166.219714414001, 'parties': {0: {'train_loss': 3.989041453483058, 'test_acc': 9.82}, 1: {'train_loss': 7.985885274821315, 'test_acc': 10.09}, 2: {'train_loss': 48.50564294702866, 'test_acc': 8.92}, 3: {'train_loss': 11.434190697968006, 'test_acc': 9.82}, 4: {'train_loss': 2.154490339936632, 'test_acc': 11.35}, 5: {'train_loss': 8.753176727810422, 'test_acc': 10.09}, 6: {'train_loss': 45.111695454038426, 'test_acc': 10.1}, 7: {'train_loss': 1.7046251875251086, 'test_acc': 10.1}, 8: {'train_loss': 17.05674724292038, 'test_acc': 8.92}, 9: {'train_loss': 1.860894761523422, 'test_acc': 10.32}}, 'server': {'test_acc': 10.28}}, 17: {'time': 1235.1863552430004, 'parties': {0: {'train_loss': 21.21592800289977, 'test_acc': 9.82}, 1: {'train_loss': 7.2615809193972884, 'test_acc': 10.09}, 2: {'train_loss': 5.9316834702211265, 'test_acc': 8.92}, 3: {'train_loss': 9.997719638049603, 'test_acc': 9.82}, 4: {'train_loss': 1.991582276243152, 'test_acc': 11.35}, 5: {'train_loss': 7.116286316433468, 'test_acc': 10.09}, 6: {'train_loss': 41.163246368539745, 'test_acc': 10.1}, 7: {'train_loss': 1.6215658374686739, 'test_acc': 10.1}, 8: {'train_loss': 14.322201338029446, 'test_acc': 9.58}, 9: {'train_loss': 1.7894633071763175, 'test_acc': 10.32}}, 'server': {'test_acc': 10.28}}, 18: {'time': 1304.8907313140007, 'parties': {0: {'train_loss': 5.246469494174509, 'test_acc': 9.82}, 1: {'train_loss': 2.2059119549290886, 'test_acc': 10.09}, 2: {'train_loss': 11.416067621287178, 'test_acc': 8.92}, 3: {'train_loss': 19.006574153900146, 'test_acc': 9.82}, 4: {'train_loss': 2.553967386484146, 'test_acc': 11.35}, 5: {'train_loss': 11.909590063868341, 'test_acc': 10.09}, 6: {'train_loss': 89.83043654211636, 'test_acc': 10.1}, 7: {'train_loss': 10.73494324399464, 'test_acc': 10.1}, 8: {'train_loss': 263.68437527534655, 'test_acc': 8.92}, 9: {'train_loss': 2.195162765833796, 'test_acc': 10.32}}, 'server': {'test_acc': 9.82}}, 19: {'time': 1374.4487417390046, 'parties': {0: {'train_loss': 5.119006548442092, 'test_acc': 9.82}, 1: {'train_loss': 2.1017407723541917, 'test_acc': 10.09}, 2: {'train_loss': 9.54536522837246, 'test_acc': 8.92}, 3: {'train_loss': 17.315794095396996, 'test_acc': 9.82}, 4: {'train_loss': 2.383886722904263, 'test_acc': 11.35}, 5: {'train_loss': 10.84436542923386, 'test_acc': 10.09}, 6: {'train_loss': 88.83881667564656, 'test_acc': 10.1}, 7: {'train_loss': 9.757505865239386, 'test_acc': 10.1}, 8: {'train_loss': 33.0113719280501, 'test_acc': 8.92}, 9: {'train_loss': 9.586179718679311, 'test_acc': 10.32}}, 'server': {'test_acc': 10.32}}, 20: {'time': 1443.6991717830024, 'parties': {0: {'train_loss': 11.416777496244393, 'test_acc': 9.82}, 1: {'train_loss': 4.020359370215186, 'test_acc': 10.09}, 2: {'train_loss': 25.551966695224536, 'test_acc': 8.92}, 3: {'train_loss': 45.04664233326912, 'test_acc': 9.82}, 4: {'train_loss': 4.114949022278641, 'test_acc': 11.35}, 5: {'train_loss': 25.567051861737227, 'test_acc': 10.09}, 6: {'train_loss': 1988.3425440294989, 'test_acc': 10.1}, 7: {'train_loss': 2.862429949774671, 'test_acc': 10.1}, 8: {'train_loss': 111.92593309216034, 'test_acc': 8.92}, 9: {'train_loss': 19.610661517600622, 'test_acc': 10.32}}, 'server': {'test_acc': 10.32}}, 21: {'time': 1512.7375350010043, 'parties': {0: {'train_loss': 11.567847179431542, 'test_acc': 9.82}, 1: {'train_loss': 26.29839192176687, 'test_acc': 10.09}, 2: {'train_loss': 23.636843162424423, 'test_acc': 8.92}, 3: {'train_loss': 43.28359851241112, 'test_acc': 9.82}, 4: {'train_loss': 3.9392009978041505, 'test_acc': 11.35}, 5: {'train_loss': 24.65660468952076, 'test_acc': 10.09}, 6: {'train_loss': 248.77362744561557, 'test_acc': 10.1}, 7: {'train_loss': 16.56099376927561, 'test_acc': 10.1}, 8: {'train_loss': 109.26268100021477, 'test_acc': 8.92}, 9: {'train_loss': 3.1971825945134067, 'test_acc': 10.32}}, 'server': {'test_acc': 10.09}}, 22: {'time': 1581.5068531640063, 'parties': {0: {'train_loss': 10.920913814329634, 'test_acc': 9.82}, 1: {'train_loss': 3.829630815777285, 'test_acc': 10.09}, 2: {'train_loss': 22.284984813017005, 'test_acc': 8.92}, 3: {'train_loss': 41.551374554634094, 'test_acc': 9.82}, 4: {'train_loss': 3.8140740168817118, 'test_acc': 11.35}, 5: {'train_loss': 181.75412853344068, 'test_acc': 10.09}, 6: {'train_loss': 242.04744102214946, 'test_acc': 10.1}, 7: {'train_loss': 15.503584363567295, 'test_acc': 10.1}, 8: {'train_loss': 105.55490086490947, 'test_acc': 8.92}, 9: {'train_loss': 3.117019462342165, 'test_acc': 10.32}}, 'server': {'test_acc': 10.1}}, 23: {'time': 1650.4122129680036, 'parties': {0: {'train_loss': 30.510704690334844, 'test_acc': 9.82}, 1: {'train_loss': 9.73600699469961, 'test_acc': 10.09}, 2: {'train_loss': 529.2628519394818, 'test_acc': 8.92}, 3: {'train_loss': 124.51284927129745, 'test_acc': 9.82}, 4: {'train_loss': 8.78022863015984, 'test_acc': 11.35}, 5: {'train_loss': 65.83709531217008, 'test_acc': 10.09}, 6: {'train_loss': 749.9074912235654, 'test_acc': 10.1}, 7: {'train_loss': 5.219907326929605, 'test_acc': 10.1}, 8: {'train_loss': 346.6285875363457, 'test_acc': 8.92}, 9: {'train_loss': 46.54158902411558, 'test_acc': 10.32}}, 'server': {'test_acc': 10.32}}, 24: {'time': 1719.424953971, 'parties': {0: {'train_loss': 56.580461027575474, 'test_acc': 9.82}, 1: {'train_loss': 18.066871158007917, 'test_acc': 10.09}, 2: {'train_loss': 131.34715125140022, 'test_acc': 8.92}, 3: {'train_loss': 242.40968704223633, 'test_acc': 9.82}, 4: {'train_loss': 121.93795228004456, 'test_acc': 11.35}, 5: {'train_loss': 1031.9348457955025, 'test_acc': 10.09}, 6: {'train_loss': 1474.0973836964574, 'test_acc': 10.1}, 7: {'train_loss': 8.998405247481902, 'test_acc': 10.1}, 8: {'train_loss': 686.2400735267123, 'test_acc': 8.92}, 9: {'train_loss': 11.689492779118675, 'test_acc': 10.32}}, 'server': {'test_acc': 11.35}}, 25: {'time': 1788.8204830490067, 'parties': {0: {'train_loss': 127.92063663052578, 'test_acc': 9.82}, 1: {'train_loss': 40.28336915784869, 'test_acc': 10.09}, 2: {'train_loss': 301.4553956424489, 'test_acc': 8.92}, 3: {'train_loss': 555.8132655620575, 'test_acc': 9.82}, 4: {'train_loss': 271.3390475475427, 'test_acc': 11.35}, 5: {'train_loss': 284.8716692537875, 'test_acc': 10.09}, 6: {'train_loss': 3398.078514362204, 'test_acc': 10.1}, 7: {'train_loss': 19.401779572465525, 'test_acc': 10.1}, 8: {'train_loss': 1590.7841728038359, 'test_acc': 8.92}, 9: {'train_loss': 193.57465337247265, 'test_acc': 10.32}}, 'server': {'test_acc': 10.32}}, 26: {'time': 1857.3869755450069, 'parties': {0: {'train_loss': 128.29141437422996, 'test_acc': 9.82}, 1: {'train_loss': 40.191781106693995, 'test_acc': 10.09}, 2: {'train_loss': 2386.604389863856, 'test_acc': 8.92}, 3: {'train_loss': 4425.200019836426, 'test_acc': 9.82}, 4: {'train_loss': 34.26570216272817, 'test_acc': 11.35}, 5: {'train_loss': 283.3329824499182, 'test_acc': 10.09}, 6: {'train_loss': 3396.560340618265, 'test_acc': 10.1}, 7: {'train_loss': 18.861707167838937, 'test_acc': 10.1}, 8: {'train_loss': 1598.712383528401, 'test_acc': 8.92}, 9: {'train_loss': 25.483610082645807, 'test_acc': 10.32}}, 'server': {'test_acc': 9.82}}, 27: {'time': 1926.8004787150057, 'parties': {0: {'train_loss': 5157.086374313224, 'test_acc': 9.82}, 1: {'train_loss': 200.2165810517196, 'test_acc': 10.09}, 2: {'train_loss': 1514.3947197409236, 'test_acc': 8.92}, 3: {'train_loss': 2807.140239715576, 'test_acc': 9.82}, 4: {'train_loss': 1339.4989980712082, 'test_acc': 11.35}, 5: {'train_loss': 1472.72018680057, 'test_acc': 10.09}, 6: {'train_loss': 17305.936759159482, 'test_acc': 10.1}, 7: {'train_loss': 90.12252922511813, 'test_acc': 10.1}, 8: {'train_loss': 8211.611485990366, 'test_acc': 8.92}, 9: {'train_loss': 121.05537595189348, 'test_acc': 10.32}}, 'server': {'test_acc': 10.32}}, 28: {'time': 1995.2719520720057, 'parties': {0: {'train_loss': 648.8559654086243, 'test_acc': 9.82}, 1: {'train_loss': 1595.4375587753182, 'test_acc': 10.09}, 2: {'train_loss': 1510.6794972139246, 'test_acc': 8.92}, 3: {'train_loss': 22432.05499267578, 'test_acc': 9.82}, 4: {'train_loss': 167.78789432843527, 'test_acc': 11.35}, 5: {'train_loss': 1426.0616916965794, 'test_acc': 10.09}, 6: {'train_loss': 17301.728726091056, 'test_acc': 10.1}, 7: {'train_loss': 89.9849049368901, 'test_acc': 10.1}, 8: {'train_loss': 8193.77848552044, 'test_acc': 8.92}, 9: {'train_loss': 120.92165287416809, 'test_acc': 10.32}}, 'server': {'test_acc': 10.32}}, 29: {'time': 2064.323989356002, 'parties': {0: {'train_loss': 3084.015374402205, 'test_acc': 9.82}, 1: {'train_loss': 952.8123143438635, 'test_acc': 10.09}, 2: {'train_loss': 7230.877362419577, 'test_acc': 8.92}, 3: {'train_loss': 13403.677284240723, 'test_acc': 9.82}, 4: {'train_loss': 6376.389623071208, 'test_acc': 11.35}, 5: {'train_loss': 54947.85420185811, 'test_acc': 10.09}, 6: {'train_loss': 82745.2106007543, 'test_acc': 10.09}, 7: {'train_loss': 425.23354889830546, 'test_acc': 10.1}, 8: {'train_loss': 38950.02841576598, 'test_acc': 8.92}, 9: {'train_loss': 572.968513975338, 'test_acc': 10.32}}, 'server': {'test_acc': 11.35}}}
