2025-05-12 10:56:05,519 - INFO - util_sys - get_available_device - no preferred device is specified, using the available device for pythorch
2025-05-12 10:56:05,558 - INFO - util_sys - get_available_device - using cuda device for pythorch
2025-05-12 10:56:05,559 - INFO - util_sys - create_folder_if_not_exists - Folder './data/mnist/' already exists.
2025-05-12 10:56:05,613 - INFO - util_data - get_client_data - partitioning the data into non-IID setting
2025-05-12 10:56:07,083 - INFO - util_data - record_data_statistic - Client 0 - total training samples: 9805
2025-05-12 10:56:07,083 - INFO - util_data - record_data_statistic - Client 0 - training label distribution: defaultdict(<class 'int'>, {0: 3000, 2: 7, 4: 1769, 5: 1584, 6: 14, 7: 2655, 8: 528, 9: 248})
2025-05-12 10:56:07,748 - INFO - util_data - record_data_statistic - Client 1 - total training samples: 5361
2025-05-12 10:56:07,748 - INFO - util_data - record_data_statistic - Client 1 - training label distribution: defaultdict(<class 'int'>, {0: 109, 1: 1414, 3: 75, 4: 1440, 5: 55, 6: 246, 7: 935, 8: 225, 9: 862})
2025-05-12 10:56:08,532 - INFO - util_data - record_data_statistic - Client 2 - total training samples: 6262
2025-05-12 10:56:08,532 - INFO - util_data - record_data_statistic - Client 2 - training label distribution: defaultdict(<class 'int'>, {0: 80, 1: 2869, 2: 15, 3: 1923, 4: 67, 5: 52, 6: 2, 7: 1247, 9: 7})
2025-05-12 10:56:09,606 - INFO - util_data - record_data_statistic - Client 3 - total training samples: 8398
2025-05-12 10:56:09,606 - INFO - util_data - record_data_statistic - Client 3 - training label distribution: defaultdict(<class 'int'>, {0: 332, 1: 1, 2: 140, 3: 2191, 4: 250, 5: 1773, 6: 351, 7: 1, 8: 5, 9: 3354})
2025-05-12 10:56:11,122 - INFO - util_data - record_data_statistic - Client 4 - total training samples: 12064
2025-05-12 10:56:11,122 - INFO - util_data - record_data_statistic - Client 4 - training label distribution: defaultdict(<class 'int'>, {0: 1754, 1: 1902, 2: 987, 3: 387, 4: 1672, 5: 576, 6: 29, 7: 239, 8: 4513, 9: 5})
2025-05-12 10:56:11,586 - INFO - util_data - record_data_statistic - Client 5 - total training samples: 3690
2025-05-12 10:56:11,586 - INFO - util_data - record_data_statistic - Client 5 - training label distribution: defaultdict(<class 'int'>, {0: 87, 1: 179, 2: 170, 3: 8, 4: 137, 5: 26, 6: 1665, 7: 1, 8: 225, 9: 1192})
2025-05-12 10:56:12,218 - INFO - util_data - record_data_statistic - Client 6 - total training samples: 5128
2025-05-12 10:56:12,218 - INFO - util_data - record_data_statistic - Client 6 - training label distribution: defaultdict(<class 'int'>, {0: 316, 1: 5, 2: 770, 3: 309, 4: 20, 5: 170, 6: 2944, 7: 388, 8: 14, 9: 192})
2025-05-12 10:56:12,501 - INFO - util_data - record_data_statistic - Client 7 - total training samples: 2267
2025-05-12 10:56:12,501 - INFO - util_data - record_data_statistic - Client 7 - training label distribution: defaultdict(<class 'int'>, {0: 31, 1: 34, 2: 134, 3: 301, 5: 1120, 6: 1, 7: 555, 8: 3, 9: 88})
2025-05-12 10:56:12,839 - INFO - util_data - record_data_statistic - Client 8 - total training samples: 2726
2025-05-12 10:56:12,839 - INFO - util_data - record_data_statistic - Client 8 - training label distribution: defaultdict(<class 'int'>, {0: 40, 2: 738, 3: 935, 4: 453, 5: 57, 6: 106, 7: 218, 8: 179})
2025-05-12 10:56:13,370 - INFO - util_data - record_data_statistic - Client 9 - total training samples: 4299
2025-05-12 10:56:13,370 - INFO - util_data - record_data_statistic - Client 9 - training label distribution: defaultdict(<class 'int'>, {0: 174, 1: 338, 2: 2997, 3: 2, 4: 34, 5: 8, 6: 560, 7: 26, 8: 159, 9: 1})
2025-05-12 10:56:13,530 - INFO - fl - start - start the FL simulation
2025-05-12 10:56:13,530 - INFO - fl - start - start training round 0
2025-05-12 10:56:13,532 - INFO - fl - start - no attack at the round 0
2025-05-12 10:56:13,532 - INFO - fl - start - start client 0 training
2025-05-12 10:56:13,532 - INFO - fl - client_local_train - client 0 start local training ...
2025-05-12 10:56:21,437 - INFO - fl - start - end client 0 training
2025-05-12 10:56:21,437 - INFO - fl - start - client 0 evaluation metrics: {'train_loss': 0.04877989189079419, 'test_acc': 56.13}
2025-05-12 10:56:21,437 - INFO - fl - start - start client 1 training
2025-05-12 10:56:21,437 - INFO - fl - client_local_train - client 1 start local training ...
2025-05-12 10:56:26,222 - INFO - fl - start - end client 1 training
2025-05-12 10:56:26,222 - INFO - fl - start - client 1 evaluation metrics: {'train_loss': 0.1272022229220186, 'test_acc': 74.85}
2025-05-12 10:56:26,222 - INFO - fl - start - start client 2 training
2025-05-12 10:56:26,222 - INFO - fl - client_local_train - client 2 start local training ...
2025-05-12 10:56:31,600 - INFO - fl - start - end client 2 training
2025-05-12 10:56:31,600 - INFO - fl - start - client 2 evaluation metrics: {'train_loss': 0.07953294397958992, 'test_acc': 49.72}
2025-05-12 10:56:31,600 - INFO - fl - start - start client 3 training
2025-05-12 10:56:31,600 - INFO - fl - client_local_train - client 3 start local training ...
2025-05-12 10:56:38,343 - INFO - fl - start - end client 3 training
2025-05-12 10:56:38,344 - INFO - fl - start - client 3 evaluation metrics: {'train_loss': 0.060148930635698365, 'test_acc': 64.95}
2025-05-12 10:56:38,344 - INFO - fl - start - start client 4 training
2025-05-12 10:56:38,344 - INFO - fl - client_local_train - client 4 start local training ...
2025-05-12 10:56:47,399 - INFO - fl - start - end client 4 training
2025-05-12 10:56:47,399 - INFO - fl - start - client 4 evaluation metrics: {'train_loss': 0.054027252194900365, 'test_acc': 81.26}
2025-05-12 10:56:47,399 - INFO - fl - start - start client 5 training
2025-05-12 10:56:47,399 - INFO - fl - client_local_train - client 5 start local training ...
2025-05-12 10:56:51,141 - INFO - fl - start - end client 5 training
2025-05-12 10:56:51,141 - INFO - fl - start - client 5 evaluation metrics: {'train_loss': 0.18254585101686674, 'test_acc': 62.71}
2025-05-12 10:56:51,141 - INFO - fl - start - start client 6 training
2025-05-12 10:56:51,141 - INFO - fl - client_local_train - client 6 start local training ...
2025-05-12 10:56:55,792 - INFO - fl - start - end client 6 training
2025-05-12 10:56:55,793 - INFO - fl - start - client 6 evaluation metrics: {'train_loss': 0.11017506078667479, 'test_acc': 64.64}
2025-05-12 10:56:55,793 - INFO - fl - start - start client 7 training
2025-05-12 10:56:55,793 - INFO - fl - client_local_train - client 7 start local training ...
2025-05-12 10:56:58,602 - INFO - fl - start - end client 7 training
2025-05-12 10:56:58,602 - INFO - fl - start - client 7 evaluation metrics: {'train_loss': 0.2231224990553326, 'test_acc': 49.85}
2025-05-12 10:56:58,602 - INFO - fl - start - start client 8 training
2025-05-12 10:56:58,602 - INFO - fl - client_local_train - client 8 start local training ...
2025-05-12 10:57:01,702 - INFO - fl - start - end client 8 training
2025-05-12 10:57:01,702 - INFO - fl - start - client 8 evaluation metrics: {'train_loss': 0.15703845301339792, 'test_acc': 66.63}
2025-05-12 10:57:01,702 - INFO - fl - start - start client 9 training
2025-05-12 10:57:01,702 - INFO - fl - client_local_train - client 9 start local training ...
2025-05-12 10:57:05,805 - INFO - fl - start - end client 9 training
2025-05-12 10:57:05,806 - INFO - fl - start - client 9 evaluation metrics: {'train_loss': 0.08016417833620354, 'test_acc': 51.37}
2025-05-12 10:57:05,806 - INFO - fl - aggregate_model - start model aggregation...fusion method: dual_defense
2025-05-12 10:57:05,806 - INFO - fl - aggregate_model - start hyper-guard fusion with epsilon 0.01
2025-05-12 10:57:05,806 - INFO - fl - aggregate_model - round 0 attackers: []
2025-05-12 10:57:16,713 - DEBUG - util_fusion - fusion_dual_defense - client 0 scores: {0: array([158.71638806]), 1: array([165.57862851]), 2: array([187.52586615]), 3: array([156.42982311]), 4: array([143.04814818]), 5: array([184.10823087]), 6: array([172.69943406]), 7: array([193.28316276]), 8: array([182.53056021]), 9: array([184.65735043])}
2025-05-12 10:57:16,714 - DEBUG - util_fusion - fusion_dual_defense - client 0 norm scores: {0: array([0.31189878]), 1: array([0.44850152]), 2: array([0.88539276]), 3: array([0.26638143]), 4: array([0.]), 5: array([0.81735982]), 6: array([0.59025136]), 7: array([1.]), 8: array([0.78595403]), 9: array([0.82829084])}
2025-05-12 10:57:16,714 - DEBUG - util_fusion - fusion_dual_defense - client 0 similarity threshold: 0.5934030536767757
2025-05-12 10:57:16,714 - INFO - util_fusion - fusion_dual_defense - client 0 selected fusion benigns: [2, 5, 7, 8, 9]
2025-05-12 10:57:16,722 - DEBUG - util_fusion - fusion_dual_defense - client 1 scores: {0: array([158.71638806]), 1: array([165.57862851]), 2: array([187.52586615]), 3: array([156.42982311]), 4: array([143.04814818]), 5: array([184.10823087]), 6: array([172.69943406]), 7: array([193.28316276]), 8: array([182.53056021]), 9: array([184.65735043])}
2025-05-12 10:57:16,723 - DEBUG - util_fusion - fusion_dual_defense - client 1 norm scores: {0: array([0.31189878]), 1: array([0.44850152]), 2: array([0.88539276]), 3: array([0.26638143]), 4: array([0.]), 5: array([0.81735982]), 6: array([0.59025136]), 7: array([1.]), 8: array([0.78595403]), 9: array([0.82829084])}
2025-05-12 10:57:16,723 - DEBUG - util_fusion - fusion_dual_defense - client 1 similarity threshold: 0.5934030536767757
2025-05-12 10:57:16,723 - INFO - util_fusion - fusion_dual_defense - client 1 selected fusion benigns: [2, 5, 7, 8, 9]
2025-05-12 10:57:16,731 - DEBUG - util_fusion - fusion_dual_defense - client 2 scores: {0: array([158.71638806]), 1: array([165.57862851]), 2: array([187.52586615]), 3: array([156.42982311]), 4: array([143.04814818]), 5: array([184.10823087]), 6: array([172.69943406]), 7: array([193.28316276]), 8: array([182.53056021]), 9: array([184.65735043])}
2025-05-12 10:57:16,732 - DEBUG - util_fusion - fusion_dual_defense - client 2 norm scores: {0: array([0.31189878]), 1: array([0.44850152]), 2: array([0.88539276]), 3: array([0.26638143]), 4: array([0.]), 5: array([0.81735982]), 6: array([0.59025136]), 7: array([1.]), 8: array([0.78595403]), 9: array([0.82829084])}
2025-05-12 10:57:16,732 - DEBUG - util_fusion - fusion_dual_defense - client 2 similarity threshold: 0.5934030536767757
2025-05-12 10:57:16,732 - INFO - util_fusion - fusion_dual_defense - client 2 selected fusion benigns: [2, 5, 7, 8, 9]
2025-05-12 10:57:16,740 - DEBUG - util_fusion - fusion_dual_defense - client 3 scores: {0: array([158.71638806]), 1: array([165.57862851]), 2: array([187.52586615]), 3: array([156.42982311]), 4: array([143.04814818]), 5: array([184.10823087]), 6: array([172.69943406]), 7: array([193.28316276]), 8: array([182.53056021]), 9: array([184.65735043])}
2025-05-12 10:57:16,741 - DEBUG - util_fusion - fusion_dual_defense - client 3 norm scores: {0: array([0.31189878]), 1: array([0.44850152]), 2: array([0.88539276]), 3: array([0.26638143]), 4: array([0.]), 5: array([0.81735982]), 6: array([0.59025136]), 7: array([1.]), 8: array([0.78595403]), 9: array([0.82829084])}
2025-05-12 10:57:16,741 - DEBUG - util_fusion - fusion_dual_defense - client 3 similarity threshold: 0.5934030536767757
2025-05-12 10:57:16,741 - INFO - util_fusion - fusion_dual_defense - client 3 selected fusion benigns: [2, 5, 7, 8, 9]
2025-05-12 10:57:16,749 - DEBUG - util_fusion - fusion_dual_defense - client 4 scores: {0: array([158.71638806]), 1: array([165.57862851]), 2: array([187.52586615]), 3: array([156.42982311]), 4: array([143.04814818]), 5: array([184.10823087]), 6: array([172.69943406]), 7: array([193.28316276]), 8: array([182.53056021]), 9: array([184.65735043])}
2025-05-12 10:57:16,750 - DEBUG - util_fusion - fusion_dual_defense - client 4 norm scores: {0: array([0.31189878]), 1: array([0.44850152]), 2: array([0.88539276]), 3: array([0.26638143]), 4: array([0.]), 5: array([0.81735982]), 6: array([0.59025136]), 7: array([1.]), 8: array([0.78595403]), 9: array([0.82829084])}
2025-05-12 10:57:16,750 - DEBUG - util_fusion - fusion_dual_defense - client 4 similarity threshold: 0.5934030536767757
2025-05-12 10:57:16,750 - INFO - util_fusion - fusion_dual_defense - client 4 selected fusion benigns: [2, 5, 7, 8, 9]
2025-05-12 10:57:16,759 - DEBUG - util_fusion - fusion_dual_defense - client 5 scores: {0: array([158.71638806]), 1: array([165.57862851]), 2: array([187.52586615]), 3: array([156.42982311]), 4: array([143.04814818]), 5: array([184.10823087]), 6: array([172.69943406]), 7: array([193.28316276]), 8: array([182.53056021]), 9: array([184.65735043])}
2025-05-12 10:57:16,759 - DEBUG - util_fusion - fusion_dual_defense - client 5 norm scores: {0: array([0.31189878]), 1: array([0.44850152]), 2: array([0.88539276]), 3: array([0.26638143]), 4: array([0.]), 5: array([0.81735982]), 6: array([0.59025136]), 7: array([1.]), 8: array([0.78595403]), 9: array([0.82829084])}
2025-05-12 10:57:16,759 - DEBUG - util_fusion - fusion_dual_defense - client 5 similarity threshold: 0.5934030536767757
2025-05-12 10:57:16,759 - INFO - util_fusion - fusion_dual_defense - client 5 selected fusion benigns: [2, 5, 7, 8, 9]
2025-05-12 10:57:16,768 - DEBUG - util_fusion - fusion_dual_defense - client 6 scores: {0: array([158.71638806]), 1: array([165.57862851]), 2: array([187.52586615]), 3: array([156.42982311]), 4: array([143.04814818]), 5: array([184.10823087]), 6: array([172.69943406]), 7: array([193.28316276]), 8: array([182.53056021]), 9: array([184.65735043])}
2025-05-12 10:57:16,770 - DEBUG - util_fusion - fusion_dual_defense - client 6 norm scores: {0: array([0.31189878]), 1: array([0.44850152]), 2: array([0.88539276]), 3: array([0.26638143]), 4: array([0.]), 5: array([0.81735982]), 6: array([0.59025136]), 7: array([1.]), 8: array([0.78595403]), 9: array([0.82829084])}
2025-05-12 10:57:16,770 - DEBUG - util_fusion - fusion_dual_defense - client 6 similarity threshold: 0.5934030536767757
2025-05-12 10:57:16,770 - INFO - util_fusion - fusion_dual_defense - client 6 selected fusion benigns: [2, 5, 7, 8, 9]
2025-05-12 10:57:16,778 - DEBUG - util_fusion - fusion_dual_defense - client 7 scores: {0: array([158.71638806]), 1: array([165.57862851]), 2: array([187.52586615]), 3: array([156.42982311]), 4: array([143.04814818]), 5: array([184.10823087]), 6: array([172.69943406]), 7: array([193.28316276]), 8: array([182.53056021]), 9: array([184.65735043])}
2025-05-12 10:57:16,779 - DEBUG - util_fusion - fusion_dual_defense - client 7 norm scores: {0: array([0.31189878]), 1: array([0.44850152]), 2: array([0.88539276]), 3: array([0.26638143]), 4: array([0.]), 5: array([0.81735982]), 6: array([0.59025136]), 7: array([1.]), 8: array([0.78595403]), 9: array([0.82829084])}
2025-05-12 10:57:16,779 - DEBUG - util_fusion - fusion_dual_defense - client 7 similarity threshold: 0.5934030536767757
2025-05-12 10:57:16,779 - INFO - util_fusion - fusion_dual_defense - client 7 selected fusion benigns: [2, 5, 7, 8, 9]
2025-05-12 10:57:16,788 - DEBUG - util_fusion - fusion_dual_defense - client 8 scores: {0: array([158.71638806]), 1: array([165.57862851]), 2: array([187.52586615]), 3: array([156.42982311]), 4: array([143.04814818]), 5: array([184.10823087]), 6: array([172.69943406]), 7: array([193.28316276]), 8: array([182.53056021]), 9: array([184.65735043])}
2025-05-12 10:57:16,788 - DEBUG - util_fusion - fusion_dual_defense - client 8 norm scores: {0: array([0.31189878]), 1: array([0.44850152]), 2: array([0.88539276]), 3: array([0.26638143]), 4: array([0.]), 5: array([0.81735982]), 6: array([0.59025136]), 7: array([1.]), 8: array([0.78595403]), 9: array([0.82829084])}
2025-05-12 10:57:16,788 - DEBUG - util_fusion - fusion_dual_defense - client 8 similarity threshold: 0.5934030536767757
2025-05-12 10:57:16,788 - INFO - util_fusion - fusion_dual_defense - client 8 selected fusion benigns: [2, 5, 7, 8, 9]
2025-05-12 10:57:16,797 - DEBUG - util_fusion - fusion_dual_defense - client 9 scores: {0: array([158.71638806]), 1: array([165.57862851]), 2: array([187.52586615]), 3: array([156.42982311]), 4: array([143.04814818]), 5: array([184.10823087]), 6: array([172.69943406]), 7: array([193.28316276]), 8: array([182.53056021]), 9: array([184.65735043])}
2025-05-12 10:57:16,797 - DEBUG - util_fusion - fusion_dual_defense - client 9 norm scores: {0: array([0.31189878]), 1: array([0.44850152]), 2: array([0.88539276]), 3: array([0.26638143]), 4: array([0.]), 5: array([0.81735982]), 6: array([0.59025136]), 7: array([1.]), 8: array([0.78595403]), 9: array([0.82829084])}
2025-05-12 10:57:16,797 - DEBUG - util_fusion - fusion_dual_defense - client 9 similarity threshold: 0.5934030536767757
2025-05-12 10:57:16,797 - INFO - util_fusion - fusion_dual_defense - client 9 selected fusion benigns: [2, 5, 7, 8, 9]
2025-05-12 10:57:16,797 - DEBUG - util_fusion - fusion_dual_defense - final fusion benigns: (2, 5, 7, 8, 9)
2025-05-12 10:57:18,509 - INFO - fl - start - global side -  test accuracy: 69.24
2025-05-12 10:57:18,509 - INFO - fl - start - global side iteration 0 -  test accuracy: 69.24
2025-05-12 10:57:18,509 - INFO - fl - start - start training round 1
2025-05-12 10:57:18,511 - INFO - fl - start - round 1 attackers: [7, 4]
2025-05-12 10:57:18,511 - INFO - fl - start - start client 0 training
2025-05-12 10:57:18,511 - INFO - fl - client_local_train - client 0 start local training ...
2025-05-12 10:57:26,123 - INFO - fl - start - end client 0 training
2025-05-12 10:57:26,123 - INFO - fl - start - client 0 evaluation metrics: {'train_loss': 0.03732433274400408, 'test_acc': 64.01}
2025-05-12 10:57:26,123 - INFO - fl - start - start client 1 training
2025-05-12 10:57:26,123 - INFO - fl - client_local_train - client 1 start local training ...
2025-05-12 10:57:30,925 - INFO - fl - start - end client 1 training
2025-05-12 10:57:30,925 - INFO - fl - start - client 1 evaluation metrics: {'train_loss': 0.06918602313713304, 'test_acc': 83.14}
2025-05-12 10:57:30,925 - INFO - fl - start - start client 2 training
2025-05-12 10:57:30,925 - INFO - fl - client_local_train - client 2 start local training ...
2025-05-12 10:57:36,281 - INFO - fl - start - end client 2 training
2025-05-12 10:57:36,282 - INFO - fl - start - client 2 evaluation metrics: {'train_loss': 0.040256383783678164, 'test_acc': 61.71}
2025-05-12 10:57:36,282 - INFO - fl - start - start client 3 training
2025-05-12 10:57:36,282 - INFO - fl - client_local_train - client 3 start local training ...
2025-05-12 10:57:43,027 - INFO - fl - start - end client 3 training
2025-05-12 10:57:43,027 - INFO - fl - start - client 3 evaluation metrics: {'train_loss': 0.050443053203652555, 'test_acc': 69.71}
2025-05-12 10:57:43,028 - INFO - fl - start - start client 4 training
2025-05-12 10:57:43,028 - INFO - fl - client_local_train - client 4 start local training ...
2025-05-12 10:57:49,128 - INFO - fl - client_local_train - client 4 is attacker, start poisoning model
2025-05-12 10:57:55,067 - INFO - fl - start - end client 4 training
2025-05-12 10:57:55,067 - INFO - fl - start - client 4 evaluation metrics: {'train_loss': 109.20264063436518, 'test_acc': 84.78}
2025-05-12 10:57:55,067 - INFO - fl - start - start client 5 training
2025-05-12 10:57:55,067 - INFO - fl - client_local_train - client 5 start local training ...
2025-05-12 10:57:58,781 - INFO - fl - start - end client 5 training
2025-05-12 10:57:58,781 - INFO - fl - start - client 5 evaluation metrics: {'train_loss': 0.07515048718979132, 'test_acc': 75.23}
2025-05-12 10:57:58,781 - INFO - fl - start - start client 6 training
2025-05-12 10:57:58,781 - INFO - fl - client_local_train - client 6 start local training ...
2025-05-12 10:58:03,424 - INFO - fl - start - end client 6 training
2025-05-12 10:58:03,424 - INFO - fl - start - client 6 evaluation metrics: {'train_loss': 0.05558824812832438, 'test_acc': 81.9}
2025-05-12 10:58:03,424 - INFO - fl - start - start client 7 training
2025-05-12 10:58:03,424 - INFO - fl - client_local_train - client 7 start local training ...
2025-05-12 10:58:04,600 - INFO - fl - client_local_train - client 7 is attacker, start poisoning model
2025-05-12 10:58:07,904 - INFO - fl - start - end client 7 training
2025-05-12 10:58:07,904 - INFO - fl - start - client 7 evaluation metrics: {'train_loss': 155.7396912044949, 'test_acc': 64.25}
2025-05-12 10:58:07,904 - INFO - fl - start - start client 8 training
2025-05-12 10:58:07,904 - INFO - fl - client_local_train - client 8 start local training ...
2025-05-12 10:58:10,993 - INFO - fl - start - end client 8 training
2025-05-12 10:58:10,993 - INFO - fl - start - client 8 evaluation metrics: {'train_loss': 0.06093917583483596, 'test_acc': 71.48}
2025-05-12 10:58:10,993 - INFO - fl - start - start client 9 training
2025-05-12 10:58:10,993 - INFO - fl - client_local_train - client 9 start local training ...
2025-05-12 10:58:15,093 - INFO - fl - start - end client 9 training
2025-05-12 10:58:15,093 - INFO - fl - start - client 9 evaluation metrics: {'train_loss': 0.03346455661128001, 'test_acc': 61.63}
2025-05-12 10:58:15,093 - INFO - fl - aggregate_model - start model aggregation...fusion method: dual_defense
2025-05-12 10:58:15,093 - INFO - fl - aggregate_model - start hyper-guard fusion with epsilon 0.01
2025-05-12 10:58:15,094 - INFO - fl - aggregate_model - round 1 attackers: [4, 7]
2025-05-12 10:58:25,884 - DEBUG - util_fusion - fusion_dual_defense - client 0 scores: {0: array([130.87446174]), 1: array([133.52275405]), 2: array([147.35546046]), 3: array([127.82721825]), 4: array([121.4179193]), 5: array([141.74915312]), 6: array([137.26329389]), 7: array([147.69456677]), 8: array([142.68059766]), 9: array([147.64193549])}
2025-05-12 10:58:25,885 - DEBUG - util_fusion - fusion_dual_defense - client 0 norm scores: {0: array([0.3598839]), 1: array([0.46066892]), 2: array([0.98709476]), 3: array([0.24391616]), 4: array([0.]), 5: array([0.77373774]), 6: array([0.60302117]), 7: array([1.]), 8: array([0.80918536]), 9: array([0.99799703])}
2025-05-12 10:58:25,885 - DEBUG - util_fusion - fusion_dual_defense - client 0 similarity threshold: 0.6235505039196378
2025-05-12 10:58:25,885 - INFO - util_fusion - fusion_dual_defense - client 0 selected fusion benigns: [2, 5, 7, 8, 9]
2025-05-12 10:58:25,893 - DEBUG - util_fusion - fusion_dual_defense - client 1 scores: {0: array([130.87446174]), 1: array([133.52275405]), 2: array([147.35546046]), 3: array([127.82721825]), 4: array([121.4179193]), 5: array([141.74915312]), 6: array([137.26329389]), 7: array([147.69456677]), 8: array([142.68059766]), 9: array([147.64193549])}
2025-05-12 10:58:25,894 - DEBUG - util_fusion - fusion_dual_defense - client 1 norm scores: {0: array([0.3598839]), 1: array([0.46066892]), 2: array([0.98709476]), 3: array([0.24391616]), 4: array([0.]), 5: array([0.77373774]), 6: array([0.60302117]), 7: array([1.]), 8: array([0.80918536]), 9: array([0.99799703])}
2025-05-12 10:58:25,894 - DEBUG - util_fusion - fusion_dual_defense - client 1 similarity threshold: 0.6235505039196378
2025-05-12 10:58:25,894 - INFO - util_fusion - fusion_dual_defense - client 1 selected fusion benigns: [2, 5, 7, 8, 9]
2025-05-12 10:58:25,902 - DEBUG - util_fusion - fusion_dual_defense - client 2 scores: {0: array([130.87446174]), 1: array([133.52275405]), 2: array([147.35546046]), 3: array([127.82721825]), 4: array([121.4179193]), 5: array([141.74915312]), 6: array([137.26329389]), 7: array([147.69456677]), 8: array([142.68059766]), 9: array([147.64193549])}
2025-05-12 10:58:25,903 - DEBUG - util_fusion - fusion_dual_defense - client 2 norm scores: {0: array([0.3598839]), 1: array([0.46066892]), 2: array([0.98709476]), 3: array([0.24391616]), 4: array([0.]), 5: array([0.77373774]), 6: array([0.60302117]), 7: array([1.]), 8: array([0.80918536]), 9: array([0.99799703])}
2025-05-12 10:58:25,903 - DEBUG - util_fusion - fusion_dual_defense - client 2 similarity threshold: 0.6235505039196378
2025-05-12 10:58:25,903 - INFO - util_fusion - fusion_dual_defense - client 2 selected fusion benigns: [2, 5, 7, 8, 9]
2025-05-12 10:58:25,911 - DEBUG - util_fusion - fusion_dual_defense - client 3 scores: {0: array([130.87446174]), 1: array([133.52275405]), 2: array([147.35546046]), 3: array([127.82721825]), 4: array([121.4179193]), 5: array([141.74915312]), 6: array([137.26329389]), 7: array([147.69456677]), 8: array([142.68059766]), 9: array([147.64193549])}
2025-05-12 10:58:25,912 - DEBUG - util_fusion - fusion_dual_defense - client 3 norm scores: {0: array([0.3598839]), 1: array([0.46066892]), 2: array([0.98709476]), 3: array([0.24391616]), 4: array([0.]), 5: array([0.77373774]), 6: array([0.60302117]), 7: array([1.]), 8: array([0.80918536]), 9: array([0.99799703])}
2025-05-12 10:58:25,912 - DEBUG - util_fusion - fusion_dual_defense - client 3 similarity threshold: 0.6235505039196378
2025-05-12 10:58:25,912 - INFO - util_fusion - fusion_dual_defense - client 3 selected fusion benigns: [2, 5, 7, 8, 9]
2025-05-12 10:58:25,920 - DEBUG - util_fusion - fusion_dual_defense - client 4 scores: {0: array([130.87446174]), 1: array([133.52275405]), 2: array([147.35546046]), 3: array([127.82721825]), 4: array([121.4179193]), 5: array([141.74915312]), 6: array([137.26329389]), 7: array([147.69456677]), 8: array([142.68059766]), 9: array([147.64193549])}
2025-05-12 10:58:25,921 - DEBUG - util_fusion - fusion_dual_defense - client 4 norm scores: {0: array([0.3598839]), 1: array([0.46066892]), 2: array([0.98709476]), 3: array([0.24391616]), 4: array([0.]), 5: array([0.77373774]), 6: array([0.60302117]), 7: array([1.]), 8: array([0.80918536]), 9: array([0.99799703])}
2025-05-12 10:58:25,921 - DEBUG - util_fusion - fusion_dual_defense - client 4 similarity threshold: 0.6235505039196378
2025-05-12 10:58:25,921 - INFO - util_fusion - fusion_dual_defense - client 4 selected fusion benigns: [2, 5, 7, 8, 9]
2025-05-12 10:58:25,929 - DEBUG - util_fusion - fusion_dual_defense - client 5 scores: {0: array([130.87446174]), 1: array([133.52275405]), 2: array([147.35546046]), 3: array([127.82721825]), 4: array([121.4179193]), 5: array([141.74915312]), 6: array([137.26329389]), 7: array([147.69456677]), 8: array([142.68059766]), 9: array([147.64193549])}
2025-05-12 10:58:25,930 - DEBUG - util_fusion - fusion_dual_defense - client 5 norm scores: {0: array([0.3598839]), 1: array([0.46066892]), 2: array([0.98709476]), 3: array([0.24391616]), 4: array([0.]), 5: array([0.77373774]), 6: array([0.60302117]), 7: array([1.]), 8: array([0.80918536]), 9: array([0.99799703])}
2025-05-12 10:58:25,930 - DEBUG - util_fusion - fusion_dual_defense - client 5 similarity threshold: 0.6235505039196378
2025-05-12 10:58:25,930 - INFO - util_fusion - fusion_dual_defense - client 5 selected fusion benigns: [2, 5, 7, 8, 9]
2025-05-12 10:58:25,938 - DEBUG - util_fusion - fusion_dual_defense - client 6 scores: {0: array([130.87446174]), 1: array([133.52275405]), 2: array([147.35546046]), 3: array([127.82721825]), 4: array([121.4179193]), 5: array([141.74915312]), 6: array([137.26329389]), 7: array([147.69456677]), 8: array([142.68059766]), 9: array([147.64193549])}
2025-05-12 10:58:25,939 - DEBUG - util_fusion - fusion_dual_defense - client 6 norm scores: {0: array([0.3598839]), 1: array([0.46066892]), 2: array([0.98709476]), 3: array([0.24391616]), 4: array([0.]), 5: array([0.77373774]), 6: array([0.60302117]), 7: array([1.]), 8: array([0.80918536]), 9: array([0.99799703])}
2025-05-12 10:58:25,939 - DEBUG - util_fusion - fusion_dual_defense - client 6 similarity threshold: 0.6235505039196378
2025-05-12 10:58:25,939 - INFO - util_fusion - fusion_dual_defense - client 6 selected fusion benigns: [2, 5, 7, 8, 9]
2025-05-12 10:58:25,948 - DEBUG - util_fusion - fusion_dual_defense - client 7 scores: {0: array([130.87446174]), 1: array([133.52275405]), 2: array([147.35546046]), 3: array([127.82721825]), 4: array([121.4179193]), 5: array([141.74915312]), 6: array([137.26329389]), 7: array([147.69456677]), 8: array([142.68059766]), 9: array([147.64193549])}
2025-05-12 10:58:25,948 - DEBUG - util_fusion - fusion_dual_defense - client 7 norm scores: {0: array([0.3598839]), 1: array([0.46066892]), 2: array([0.98709476]), 3: array([0.24391616]), 4: array([0.]), 5: array([0.77373774]), 6: array([0.60302117]), 7: array([1.]), 8: array([0.80918536]), 9: array([0.99799703])}
2025-05-12 10:58:25,948 - DEBUG - util_fusion - fusion_dual_defense - client 7 similarity threshold: 0.6235505039196378
2025-05-12 10:58:25,948 - INFO - util_fusion - fusion_dual_defense - client 7 selected fusion benigns: [2, 5, 7, 8, 9]
2025-05-12 10:58:25,957 - DEBUG - util_fusion - fusion_dual_defense - client 8 scores: {0: array([130.87446174]), 1: array([133.52275405]), 2: array([147.35546046]), 3: array([127.82721825]), 4: array([121.4179193]), 5: array([141.74915312]), 6: array([137.26329389]), 7: array([147.69456677]), 8: array([142.68059766]), 9: array([147.64193549])}
2025-05-12 10:58:25,957 - DEBUG - util_fusion - fusion_dual_defense - client 8 norm scores: {0: array([0.3598839]), 1: array([0.46066892]), 2: array([0.98709476]), 3: array([0.24391616]), 4: array([0.]), 5: array([0.77373774]), 6: array([0.60302117]), 7: array([1.]), 8: array([0.80918536]), 9: array([0.99799703])}
2025-05-12 10:58:25,957 - DEBUG - util_fusion - fusion_dual_defense - client 8 similarity threshold: 0.6235505039196378
2025-05-12 10:58:25,957 - INFO - util_fusion - fusion_dual_defense - client 8 selected fusion benigns: [2, 5, 7, 8, 9]
2025-05-12 10:58:25,966 - DEBUG - util_fusion - fusion_dual_defense - client 9 scores: {0: array([130.87446174]), 1: array([133.52275405]), 2: array([147.35546046]), 3: array([127.82721825]), 4: array([121.4179193]), 5: array([141.74915312]), 6: array([137.26329389]), 7: array([147.69456677]), 8: array([142.68059766]), 9: array([147.64193549])}
2025-05-12 10:58:25,966 - DEBUG - util_fusion - fusion_dual_defense - client 9 norm scores: {0: array([0.3598839]), 1: array([0.46066892]), 2: array([0.98709476]), 3: array([0.24391616]), 4: array([0.]), 5: array([0.77373774]), 6: array([0.60302117]), 7: array([1.]), 8: array([0.80918536]), 9: array([0.99799703])}
2025-05-12 10:58:25,966 - DEBUG - util_fusion - fusion_dual_defense - client 9 similarity threshold: 0.6235505039196378
2025-05-12 10:58:25,966 - INFO - util_fusion - fusion_dual_defense - client 9 selected fusion benigns: [2, 5, 7, 8, 9]
2025-05-12 10:58:25,966 - DEBUG - util_fusion - fusion_dual_defense - final fusion benigns: (2, 5, 7, 8, 9)
2025-05-12 10:58:27,673 - INFO - fl - start - global side -  test accuracy: 79.16
2025-05-12 10:58:27,673 - INFO - fl - start - global side iteration 1 -  test accuracy: 79.16
2025-05-12 10:58:27,674 - INFO - fl - start - start training round 2
2025-05-12 10:58:27,675 - INFO - fl - start - round 2 attackers: [3, 6]
2025-05-12 10:58:27,675 - INFO - fl - start - start client 0 training
2025-05-12 10:58:27,675 - INFO - fl - client_local_train - client 0 start local training ...
2025-05-12 10:58:35,344 - INFO - fl - start - end client 0 training
2025-05-12 10:58:35,344 - INFO - fl - start - client 0 evaluation metrics: {'train_loss': 0.026754882117470576, 'test_acc': 69.54}
2025-05-12 10:58:35,344 - INFO - fl - start - start client 1 training
2025-05-12 10:58:35,344 - INFO - fl - client_local_train - client 1 start local training ...
2025-05-12 10:58:40,165 - INFO - fl - start - end client 1 training
2025-05-12 10:58:40,165 - INFO - fl - start - client 1 evaluation metrics: {'train_loss': 0.04663607094525581, 'test_acc': 86.35}
2025-05-12 10:58:40,165 - INFO - fl - start - start client 2 training
2025-05-12 10:58:40,165 - INFO - fl - client_local_train - client 2 start local training ...
2025-05-12 10:58:45,558 - INFO - fl - start - end client 2 training
2025-05-12 10:58:45,558 - INFO - fl - start - client 2 evaluation metrics: {'train_loss': 0.022328922895973605, 'test_acc': 74.07}
2025-05-12 10:58:45,558 - INFO - fl - start - start client 3 training
2025-05-12 10:58:45,558 - INFO - fl - client_local_train - client 3 start local training ...
2025-05-12 10:58:49,818 - INFO - fl - client_local_train - client 3 is attacker, start poisoning model
2025-05-12 10:58:54,801 - INFO - fl - start - end client 3 training
2025-05-12 10:58:54,801 - INFO - fl - start - client 3 evaluation metrics: {'train_loss': 64.54371093981194, 'test_acc': 71.0}
2025-05-12 10:58:54,801 - INFO - fl - start - start client 4 training
2025-05-12 10:58:54,801 - INFO - fl - client_local_train - client 4 start local training ...
2025-05-12 10:59:03,924 - INFO - fl - start - end client 4 training
2025-05-12 10:59:03,924 - INFO - fl - start - client 4 evaluation metrics: {'train_loss': 0.036811277769239883, 'test_acc': 83.74}
2025-05-12 10:59:03,924 - INFO - fl - start - start client 5 training
2025-05-12 10:59:03,924 - INFO - fl - client_local_train - client 5 start local training ...
2025-05-12 10:59:07,641 - INFO - fl - start - end client 5 training
2025-05-12 10:59:07,641 - INFO - fl - start - client 5 evaluation metrics: {'train_loss': 0.03963589482410843, 'test_acc': 77.09}
2025-05-12 10:59:07,641 - INFO - fl - start - start client 6 training
2025-05-12 10:59:07,641 - INFO - fl - client_local_train - client 6 start local training ...
2025-05-12 10:59:10,250 - INFO - fl - client_local_train - client 6 is attacker, start poisoning model
2025-05-12 10:59:14,357 - INFO - fl - start - end client 6 training
2025-05-12 10:59:14,357 - INFO - fl - start - client 6 evaluation metrics: {'train_loss': 40.858765810587464, 'test_acc': 87.88}
2025-05-12 10:59:14,357 - INFO - fl - start - start client 7 training
2025-05-12 10:59:14,357 - INFO - fl - client_local_train - client 7 start local training ...
2025-05-12 10:59:17,165 - INFO - fl - start - end client 7 training
2025-05-12 10:59:17,165 - INFO - fl - start - client 7 evaluation metrics: {'train_loss': 0.032786485014690295, 'test_acc': 71.45}
2025-05-12 10:59:17,165 - INFO - fl - start - start client 8 training
2025-05-12 10:59:17,165 - INFO - fl - client_local_train - client 8 start local training ...
2025-05-12 10:59:20,263 - INFO - fl - start - end client 8 training
2025-05-12 10:59:20,263 - INFO - fl - start - client 8 evaluation metrics: {'train_loss': 0.02868383359380586, 'test_acc': 75.93}
2025-05-12 10:59:20,263 - INFO - fl - start - start client 9 training
2025-05-12 10:59:20,263 - INFO - fl - client_local_train - client 9 start local training ...
2025-05-12 10:59:24,378 - INFO - fl - start - end client 9 training
2025-05-12 10:59:24,378 - INFO - fl - start - client 9 evaluation metrics: {'train_loss': 0.010984546784397132, 'test_acc': 73.09}
2025-05-12 10:59:24,378 - INFO - fl - aggregate_model - start model aggregation...fusion method: dual_defense
2025-05-12 10:59:24,379 - INFO - fl - aggregate_model - start hyper-guard fusion with epsilon 0.01
2025-05-12 10:59:24,379 - INFO - fl - aggregate_model - round 2 attackers: [3, 6]
2025-05-12 10:59:35,229 - DEBUG - util_fusion - fusion_dual_defense - client 0 scores: {0: array([38.42884939]), 1: array([38.44934598]), 2: array([39.50292318]), 3: array([37.71707693]), 4: array([37.5440892]), 5: array([38.11877456]), 6: array([38.44680926]), 7: array([39.05007115]), 8: array([38.80185221]), 9: array([38.73174484])}
2025-05-12 10:59:35,230 - DEBUG - util_fusion - fusion_dual_defense - client 0 norm scores: {0: array([0.45167697]), 1: array([0.46214064]), 2: array([1.]), 3: array([0.08831158]), 4: array([0.]), 5: array([0.29338135]), 6: array([0.46084562]), 7: array([0.76881552]), 8: array([0.64209781]), 9: array([0.60630745])}
2025-05-12 10:59:35,230 - DEBUG - util_fusion - fusion_dual_defense - client 0 similarity threshold: 0.47735769368066094
2025-05-12 10:59:35,230 - INFO - util_fusion - fusion_dual_defense - client 0 selected fusion benigns: [2, 7, 8, 9]
2025-05-12 10:59:35,238 - DEBUG - util_fusion - fusion_dual_defense - client 1 scores: {0: array([38.42884939]), 1: array([38.44934598]), 2: array([39.50292318]), 3: array([37.71707693]), 4: array([37.5440892]), 5: array([38.11877456]), 6: array([38.44680926]), 7: array([39.05007115]), 8: array([38.80185221]), 9: array([38.73174484])}
2025-05-12 10:59:35,239 - DEBUG - util_fusion - fusion_dual_defense - client 1 norm scores: {0: array([0.45167697]), 1: array([0.46214064]), 2: array([1.]), 3: array([0.08831158]), 4: array([0.]), 5: array([0.29338135]), 6: array([0.46084562]), 7: array([0.76881552]), 8: array([0.64209781]), 9: array([0.60630745])}
2025-05-12 10:59:35,239 - DEBUG - util_fusion - fusion_dual_defense - client 1 similarity threshold: 0.47735769368066094
2025-05-12 10:59:35,239 - INFO - util_fusion - fusion_dual_defense - client 1 selected fusion benigns: [2, 7, 8, 9]
2025-05-12 10:59:35,247 - DEBUG - util_fusion - fusion_dual_defense - client 2 scores: {0: array([38.42884939]), 1: array([38.44934598]), 2: array([39.50292318]), 3: array([37.71707693]), 4: array([37.5440892]), 5: array([38.11877456]), 6: array([38.44680926]), 7: array([39.05007115]), 8: array([38.80185221]), 9: array([38.73174484])}
2025-05-12 10:59:35,248 - DEBUG - util_fusion - fusion_dual_defense - client 2 norm scores: {0: array([0.45167697]), 1: array([0.46214064]), 2: array([1.]), 3: array([0.08831158]), 4: array([0.]), 5: array([0.29338135]), 6: array([0.46084562]), 7: array([0.76881552]), 8: array([0.64209781]), 9: array([0.60630745])}
2025-05-12 10:59:35,248 - DEBUG - util_fusion - fusion_dual_defense - client 2 similarity threshold: 0.47735769368066094
2025-05-12 10:59:35,248 - INFO - util_fusion - fusion_dual_defense - client 2 selected fusion benigns: [2, 7, 8, 9]
2025-05-12 10:59:35,257 - DEBUG - util_fusion - fusion_dual_defense - client 3 scores: {0: array([38.42884939]), 1: array([38.44934598]), 2: array([39.50292318]), 3: array([37.71707693]), 4: array([37.5440892]), 5: array([38.11877456]), 6: array([38.44680926]), 7: array([39.05007115]), 8: array([38.80185221]), 9: array([38.73174484])}
2025-05-12 10:59:35,257 - DEBUG - util_fusion - fusion_dual_defense - client 3 norm scores: {0: array([0.45167697]), 1: array([0.46214064]), 2: array([1.]), 3: array([0.08831158]), 4: array([0.]), 5: array([0.29338135]), 6: array([0.46084562]), 7: array([0.76881552]), 8: array([0.64209781]), 9: array([0.60630745])}
2025-05-12 10:59:35,257 - DEBUG - util_fusion - fusion_dual_defense - client 3 similarity threshold: 0.47735769368066094
2025-05-12 10:59:35,257 - INFO - util_fusion - fusion_dual_defense - client 3 selected fusion benigns: [2, 7, 8, 9]
2025-05-12 10:59:35,266 - DEBUG - util_fusion - fusion_dual_defense - client 4 scores: {0: array([38.42884939]), 1: array([38.44934598]), 2: array([39.50292318]), 3: array([37.71707693]), 4: array([37.5440892]), 5: array([38.11877456]), 6: array([38.44680926]), 7: array([39.05007115]), 8: array([38.80185221]), 9: array([38.73174484])}
2025-05-12 10:59:35,266 - DEBUG - util_fusion - fusion_dual_defense - client 4 norm scores: {0: array([0.45167697]), 1: array([0.46214064]), 2: array([1.]), 3: array([0.08831158]), 4: array([0.]), 5: array([0.29338135]), 6: array([0.46084562]), 7: array([0.76881552]), 8: array([0.64209781]), 9: array([0.60630745])}
2025-05-12 10:59:35,266 - DEBUG - util_fusion - fusion_dual_defense - client 4 similarity threshold: 0.47735769368066094
2025-05-12 10:59:35,266 - INFO - util_fusion - fusion_dual_defense - client 4 selected fusion benigns: [2, 7, 8, 9]
2025-05-12 10:59:35,275 - DEBUG - util_fusion - fusion_dual_defense - client 5 scores: {0: array([38.42884939]), 1: array([38.44934598]), 2: array([39.50292318]), 3: array([37.71707693]), 4: array([37.5440892]), 5: array([38.11877456]), 6: array([38.44680926]), 7: array([39.05007115]), 8: array([38.80185221]), 9: array([38.73174484])}
2025-05-12 10:59:35,275 - DEBUG - util_fusion - fusion_dual_defense - client 5 norm scores: {0: array([0.45167697]), 1: array([0.46214064]), 2: array([1.]), 3: array([0.08831158]), 4: array([0.]), 5: array([0.29338135]), 6: array([0.46084562]), 7: array([0.76881552]), 8: array([0.64209781]), 9: array([0.60630745])}
2025-05-12 10:59:35,276 - DEBUG - util_fusion - fusion_dual_defense - client 5 similarity threshold: 0.47735769368066094
2025-05-12 10:59:35,276 - INFO - util_fusion - fusion_dual_defense - client 5 selected fusion benigns: [2, 7, 8, 9]
2025-05-12 10:59:35,284 - DEBUG - util_fusion - fusion_dual_defense - client 6 scores: {0: array([38.42884939]), 1: array([38.44934598]), 2: array([39.50292318]), 3: array([37.71707693]), 4: array([37.5440892]), 5: array([38.11877456]), 6: array([38.44680926]), 7: array([39.05007115]), 8: array([38.80185221]), 9: array([38.73174484])}
2025-05-12 10:59:35,285 - DEBUG - util_fusion - fusion_dual_defense - client 6 norm scores: {0: array([0.45167697]), 1: array([0.46214064]), 2: array([1.]), 3: array([0.08831158]), 4: array([0.]), 5: array([0.29338135]), 6: array([0.46084562]), 7: array([0.76881552]), 8: array([0.64209781]), 9: array([0.60630745])}
2025-05-12 10:59:35,285 - DEBUG - util_fusion - fusion_dual_defense - client 6 similarity threshold: 0.47735769368066094
2025-05-12 10:59:35,285 - INFO - util_fusion - fusion_dual_defense - client 6 selected fusion benigns: [2, 7, 8, 9]
2025-05-12 10:59:35,293 - DEBUG - util_fusion - fusion_dual_defense - client 7 scores: {0: array([38.42884939]), 1: array([38.44934598]), 2: array([39.50292318]), 3: array([37.71707693]), 4: array([37.5440892]), 5: array([38.11877456]), 6: array([38.44680926]), 7: array([39.05007115]), 8: array([38.80185221]), 9: array([38.73174484])}
2025-05-12 10:59:35,294 - DEBUG - util_fusion - fusion_dual_defense - client 7 norm scores: {0: array([0.45167697]), 1: array([0.46214064]), 2: array([1.]), 3: array([0.08831158]), 4: array([0.]), 5: array([0.29338135]), 6: array([0.46084562]), 7: array([0.76881552]), 8: array([0.64209781]), 9: array([0.60630745])}
2025-05-12 10:59:35,294 - DEBUG - util_fusion - fusion_dual_defense - client 7 similarity threshold: 0.47735769368066094
2025-05-12 10:59:35,294 - INFO - util_fusion - fusion_dual_defense - client 7 selected fusion benigns: [2, 7, 8, 9]
2025-05-12 10:59:35,302 - DEBUG - util_fusion - fusion_dual_defense - client 8 scores: {0: array([38.42884939]), 1: array([38.44934598]), 2: array([39.50292318]), 3: array([37.71707693]), 4: array([37.5440892]), 5: array([38.11877456]), 6: array([38.44680926]), 7: array([39.05007115]), 8: array([38.80185221]), 9: array([38.73174484])}
2025-05-12 10:59:35,303 - DEBUG - util_fusion - fusion_dual_defense - client 8 norm scores: {0: array([0.45167697]), 1: array([0.46214064]), 2: array([1.]), 3: array([0.08831158]), 4: array([0.]), 5: array([0.29338135]), 6: array([0.46084562]), 7: array([0.76881552]), 8: array([0.64209781]), 9: array([0.60630745])}
2025-05-12 10:59:35,303 - DEBUG - util_fusion - fusion_dual_defense - client 8 similarity threshold: 0.47735769368066094
2025-05-12 10:59:35,303 - INFO - util_fusion - fusion_dual_defense - client 8 selected fusion benigns: [2, 7, 8, 9]
2025-05-12 10:59:35,313 - DEBUG - util_fusion - fusion_dual_defense - client 9 scores: {0: array([38.42884939]), 1: array([38.44934598]), 2: array([39.50292318]), 3: array([37.71707693]), 4: array([37.5440892]), 5: array([38.11877456]), 6: array([38.44680926]), 7: array([39.05007115]), 8: array([38.80185221]), 9: array([38.73174484])}
2025-05-12 10:59:35,314 - DEBUG - util_fusion - fusion_dual_defense - client 9 norm scores: {0: array([0.45167697]), 1: array([0.46214064]), 2: array([1.]), 3: array([0.08831158]), 4: array([0.]), 5: array([0.29338135]), 6: array([0.46084562]), 7: array([0.76881552]), 8: array([0.64209781]), 9: array([0.60630745])}
2025-05-12 10:59:35,314 - DEBUG - util_fusion - fusion_dual_defense - client 9 similarity threshold: 0.47735769368066094
2025-05-12 10:59:35,314 - INFO - util_fusion - fusion_dual_defense - client 9 selected fusion benigns: [2, 7, 8, 9]
2025-05-12 10:59:35,314 - DEBUG - util_fusion - fusion_dual_defense - final fusion benigns: (2, 7, 8, 9)
2025-05-12 10:59:36,961 - INFO - fl - start - global side -  test accuracy: 88.42
2025-05-12 10:59:36,961 - INFO - fl - start - global side iteration 2 -  test accuracy: 88.42
2025-05-12 10:59:36,962 - INFO - fl - start - start training round 3
2025-05-12 10:59:36,963 - INFO - fl - start - round 3 attackers: [0, 9]
2025-05-12 10:59:36,963 - INFO - fl - start - start client 0 training
2025-05-12 10:59:36,964 - INFO - fl - client_local_train - client 0 start local training ...
2025-05-12 10:59:41,937 - INFO - fl - client_local_train - client 0 is attacker, start poisoning model
2025-05-12 10:59:47,304 - INFO - fl - start - end client 0 training
2025-05-12 10:59:47,304 - INFO - fl - start - client 0 evaluation metrics: {'train_loss': 61.98588185496145, 'test_acc': 79.86}
2025-05-12 10:59:47,304 - INFO - fl - start - start client 1 training
2025-05-12 10:59:47,304 - INFO - fl - client_local_train - client 1 start local training ...
2025-05-12 10:59:52,095 - INFO - fl - start - end client 1 training
2025-05-12 10:59:52,095 - INFO - fl - start - client 1 evaluation metrics: {'train_loss': 0.03864905372999298, 'test_acc': 89.0}
2025-05-12 10:59:52,095 - INFO - fl - start - start client 2 training
2025-05-12 10:59:52,095 - INFO - fl - client_local_train - client 2 start local training ...
2025-05-12 10:59:57,476 - INFO - fl - start - end client 2 training
2025-05-12 10:59:57,476 - INFO - fl - start - client 2 evaluation metrics: {'train_loss': 0.01654159461447437, 'test_acc': 79.59}
2025-05-12 10:59:57,476 - INFO - fl - start - start client 3 training
2025-05-12 10:59:57,476 - INFO - fl - client_local_train - client 3 start local training ...
2025-05-12 11:00:04,217 - INFO - fl - start - end client 3 training
2025-05-12 11:00:04,218 - INFO - fl - start - client 3 evaluation metrics: {'train_loss': 0.02763597778781938, 'test_acc': 80.33}
2025-05-12 11:00:04,218 - INFO - fl - start - start client 4 training
2025-05-12 11:00:04,218 - INFO - fl - client_local_train - client 4 start local training ...
2025-05-12 11:00:13,291 - INFO - fl - start - end client 4 training
2025-05-12 11:00:13,291 - INFO - fl - start - client 4 evaluation metrics: {'train_loss': 0.03542823317675068, 'test_acc': 86.26}
2025-05-12 11:00:13,291 - INFO - fl - start - start client 5 training
2025-05-12 11:00:13,291 - INFO - fl - client_local_train - client 5 start local training ...
2025-05-12 11:00:17,022 - INFO - fl - start - end client 5 training
2025-05-12 11:00:17,022 - INFO - fl - start - client 5 evaluation metrics: {'train_loss': 0.02875090496020456, 'test_acc': 85.82}
2025-05-12 11:00:17,022 - INFO - fl - start - start client 6 training
2025-05-12 11:00:17,022 - INFO - fl - client_local_train - client 6 start local training ...
2025-05-12 11:00:21,663 - INFO - fl - start - end client 6 training
2025-05-12 11:00:21,663 - INFO - fl - start - client 6 evaluation metrics: {'train_loss': 0.028492616367323278, 'test_acc': 92.01}
2025-05-12 11:00:21,663 - INFO - fl - start - start client 7 training
2025-05-12 11:00:21,663 - INFO - fl - client_local_train - client 7 start local training ...
2025-05-12 11:00:24,483 - INFO - fl - start - end client 7 training
2025-05-12 11:00:24,484 - INFO - fl - start - client 7 evaluation metrics: {'train_loss': 0.02266508924367372, 'test_acc': 76.12}
2025-05-12 11:00:24,484 - INFO - fl - start - start client 8 training
2025-05-12 11:00:24,484 - INFO - fl - client_local_train - client 8 start local training ...
2025-05-12 11:00:27,595 - INFO - fl - start - end client 8 training
2025-05-12 11:00:27,595 - INFO - fl - start - client 8 evaluation metrics: {'train_loss': 0.023392062106299714, 'test_acc': 83.67}
2025-05-12 11:00:27,595 - INFO - fl - start - start client 9 training
2025-05-12 11:00:27,595 - INFO - fl - client_local_train - client 9 start local training ...
2025-05-12 11:00:29,801 - INFO - fl - client_local_train - client 9 is attacker, start poisoning model
2025-05-12 11:00:33,673 - INFO - fl - start - end client 9 training
2025-05-12 11:00:33,673 - INFO - fl - start - client 9 evaluation metrics: {'train_loss': 16.833497215719785, 'test_acc': 75.76}
2025-05-12 11:00:33,673 - INFO - fl - aggregate_model - start model aggregation...fusion method: dual_defense
2025-05-12 11:00:33,673 - INFO - fl - aggregate_model - start hyper-guard fusion with epsilon 0.01
2025-05-12 11:00:33,673 - INFO - fl - aggregate_model - round 3 attackers: [0, 9]
2025-05-12 11:00:44,513 - DEBUG - util_fusion - fusion_dual_defense - client 0 scores: {0: array([40.6746572]), 1: array([40.64453291]), 2: array([40.96972757]), 3: array([40.50678315]), 4: array([40.55892198]), 5: array([40.86570723]), 6: array([40.86361237]), 7: array([40.81946463]), 8: array([40.85693976]), 9: array([40.92313907])}
2025-05-12 11:00:44,514 - DEBUG - util_fusion - fusion_dual_defense - client 0 norm scores: {0: array([0.36262248]), 1: array([0.2975514]), 2: array([1.]), 3: array([0.]), 4: array([0.11262438]), 5: array([0.77530707]), 6: array([0.77078199]), 7: array([0.67541906]), 8: array([0.75636859]), 9: array([0.89936481])}
2025-05-12 11:00:44,514 - DEBUG - util_fusion - fusion_dual_defense - client 0 similarity threshold: 0.5650039793253013
2025-05-12 11:00:44,514 - INFO - util_fusion - fusion_dual_defense - client 0 selected fusion benigns: [2, 5, 6, 7, 8, 9]
2025-05-12 11:00:44,523 - DEBUG - util_fusion - fusion_dual_defense - client 1 scores: {0: array([40.6746572]), 1: array([40.64453291]), 2: array([40.96972757]), 3: array([40.50678315]), 4: array([40.55892198]), 5: array([40.86570723]), 6: array([40.86361237]), 7: array([40.81946463]), 8: array([40.85693976]), 9: array([40.92313907])}
2025-05-12 11:00:44,523 - DEBUG - util_fusion - fusion_dual_defense - client 1 norm scores: {0: array([0.36262248]), 1: array([0.2975514]), 2: array([1.]), 3: array([0.]), 4: array([0.11262438]), 5: array([0.77530707]), 6: array([0.77078199]), 7: array([0.67541906]), 8: array([0.75636859]), 9: array([0.89936481])}
2025-05-12 11:00:44,523 - DEBUG - util_fusion - fusion_dual_defense - client 1 similarity threshold: 0.5650039793253013
2025-05-12 11:00:44,523 - INFO - util_fusion - fusion_dual_defense - client 1 selected fusion benigns: [2, 5, 6, 7, 8, 9]
2025-05-12 11:00:44,532 - DEBUG - util_fusion - fusion_dual_defense - client 2 scores: {0: array([40.6746572]), 1: array([40.64453291]), 2: array([40.96972757]), 3: array([40.50678315]), 4: array([40.55892198]), 5: array([40.86570723]), 6: array([40.86361237]), 7: array([40.81946463]), 8: array([40.85693976]), 9: array([40.92313907])}
2025-05-12 11:00:44,532 - DEBUG - util_fusion - fusion_dual_defense - client 2 norm scores: {0: array([0.36262248]), 1: array([0.2975514]), 2: array([1.]), 3: array([0.]), 4: array([0.11262438]), 5: array([0.77530707]), 6: array([0.77078199]), 7: array([0.67541906]), 8: array([0.75636859]), 9: array([0.89936481])}
2025-05-12 11:00:44,532 - DEBUG - util_fusion - fusion_dual_defense - client 2 similarity threshold: 0.5650039793253013
2025-05-12 11:00:44,533 - INFO - util_fusion - fusion_dual_defense - client 2 selected fusion benigns: [2, 5, 6, 7, 8, 9]
2025-05-12 11:00:44,541 - DEBUG - util_fusion - fusion_dual_defense - client 3 scores: {0: array([40.6746572]), 1: array([40.64453291]), 2: array([40.96972757]), 3: array([40.50678315]), 4: array([40.55892198]), 5: array([40.86570723]), 6: array([40.86361237]), 7: array([40.81946463]), 8: array([40.85693976]), 9: array([40.92313907])}
2025-05-12 11:00:44,541 - DEBUG - util_fusion - fusion_dual_defense - client 3 norm scores: {0: array([0.36262248]), 1: array([0.2975514]), 2: array([1.]), 3: array([0.]), 4: array([0.11262438]), 5: array([0.77530707]), 6: array([0.77078199]), 7: array([0.67541906]), 8: array([0.75636859]), 9: array([0.89936481])}
2025-05-12 11:00:44,542 - DEBUG - util_fusion - fusion_dual_defense - client 3 similarity threshold: 0.5650039793253013
2025-05-12 11:00:44,542 - INFO - util_fusion - fusion_dual_defense - client 3 selected fusion benigns: [2, 5, 6, 7, 8, 9]
2025-05-12 11:00:44,550 - DEBUG - util_fusion - fusion_dual_defense - client 4 scores: {0: array([40.6746572]), 1: array([40.64453291]), 2: array([40.96972757]), 3: array([40.50678315]), 4: array([40.55892198]), 5: array([40.86570723]), 6: array([40.86361237]), 7: array([40.81946463]), 8: array([40.85693976]), 9: array([40.92313907])}
2025-05-12 11:00:44,551 - DEBUG - util_fusion - fusion_dual_defense - client 4 norm scores: {0: array([0.36262248]), 1: array([0.2975514]), 2: array([1.]), 3: array([0.]), 4: array([0.11262438]), 5: array([0.77530707]), 6: array([0.77078199]), 7: array([0.67541906]), 8: array([0.75636859]), 9: array([0.89936481])}
2025-05-12 11:00:44,551 - DEBUG - util_fusion - fusion_dual_defense - client 4 similarity threshold: 0.5650039793253013
2025-05-12 11:00:44,551 - INFO - util_fusion - fusion_dual_defense - client 4 selected fusion benigns: [2, 5, 6, 7, 8, 9]
2025-05-12 11:00:44,559 - DEBUG - util_fusion - fusion_dual_defense - client 5 scores: {0: array([40.6746572]), 1: array([40.64453291]), 2: array([40.96972757]), 3: array([40.50678315]), 4: array([40.55892198]), 5: array([40.86570723]), 6: array([40.86361237]), 7: array([40.81946463]), 8: array([40.85693976]), 9: array([40.92313907])}
2025-05-12 11:00:44,560 - DEBUG - util_fusion - fusion_dual_defense - client 5 norm scores: {0: array([0.36262248]), 1: array([0.2975514]), 2: array([1.]), 3: array([0.]), 4: array([0.11262438]), 5: array([0.77530707]), 6: array([0.77078199]), 7: array([0.67541906]), 8: array([0.75636859]), 9: array([0.89936481])}
2025-05-12 11:00:44,560 - DEBUG - util_fusion - fusion_dual_defense - client 5 similarity threshold: 0.5650039793253013
2025-05-12 11:00:44,560 - INFO - util_fusion - fusion_dual_defense - client 5 selected fusion benigns: [2, 5, 6, 7, 8, 9]
2025-05-12 11:00:44,568 - DEBUG - util_fusion - fusion_dual_defense - client 6 scores: {0: array([40.6746572]), 1: array([40.64453291]), 2: array([40.96972757]), 3: array([40.50678315]), 4: array([40.55892198]), 5: array([40.86570723]), 6: array([40.86361237]), 7: array([40.81946463]), 8: array([40.85693976]), 9: array([40.92313907])}
2025-05-12 11:00:44,569 - DEBUG - util_fusion - fusion_dual_defense - client 6 norm scores: {0: array([0.36262248]), 1: array([0.2975514]), 2: array([1.]), 3: array([0.]), 4: array([0.11262438]), 5: array([0.77530707]), 6: array([0.77078199]), 7: array([0.67541906]), 8: array([0.75636859]), 9: array([0.89936481])}
2025-05-12 11:00:44,569 - DEBUG - util_fusion - fusion_dual_defense - client 6 similarity threshold: 0.5650039793253013
2025-05-12 11:00:44,569 - INFO - util_fusion - fusion_dual_defense - client 6 selected fusion benigns: [2, 5, 6, 7, 8, 9]
2025-05-12 11:00:44,577 - DEBUG - util_fusion - fusion_dual_defense - client 7 scores: {0: array([40.6746572]), 1: array([40.64453291]), 2: array([40.96972757]), 3: array([40.50678315]), 4: array([40.55892198]), 5: array([40.86570723]), 6: array([40.86361237]), 7: array([40.81946463]), 8: array([40.85693976]), 9: array([40.92313907])}
2025-05-12 11:00:44,578 - DEBUG - util_fusion - fusion_dual_defense - client 7 norm scores: {0: array([0.36262248]), 1: array([0.2975514]), 2: array([1.]), 3: array([0.]), 4: array([0.11262438]), 5: array([0.77530707]), 6: array([0.77078199]), 7: array([0.67541906]), 8: array([0.75636859]), 9: array([0.89936481])}
2025-05-12 11:00:44,578 - DEBUG - util_fusion - fusion_dual_defense - client 7 similarity threshold: 0.5650039793253013
2025-05-12 11:00:44,578 - INFO - util_fusion - fusion_dual_defense - client 7 selected fusion benigns: [2, 5, 6, 7, 8, 9]
2025-05-12 11:00:44,586 - DEBUG - util_fusion - fusion_dual_defense - client 8 scores: {0: array([40.6746572]), 1: array([40.64453291]), 2: array([40.96972757]), 3: array([40.50678315]), 4: array([40.55892198]), 5: array([40.86570723]), 6: array([40.86361237]), 7: array([40.81946463]), 8: array([40.85693976]), 9: array([40.92313907])}
2025-05-12 11:00:44,587 - DEBUG - util_fusion - fusion_dual_defense - client 8 norm scores: {0: array([0.36262248]), 1: array([0.2975514]), 2: array([1.]), 3: array([0.]), 4: array([0.11262438]), 5: array([0.77530707]), 6: array([0.77078199]), 7: array([0.67541906]), 8: array([0.75636859]), 9: array([0.89936481])}
2025-05-12 11:00:44,587 - DEBUG - util_fusion - fusion_dual_defense - client 8 similarity threshold: 0.5650039793253013
2025-05-12 11:00:44,587 - INFO - util_fusion - fusion_dual_defense - client 8 selected fusion benigns: [2, 5, 6, 7, 8, 9]
2025-05-12 11:00:44,595 - DEBUG - util_fusion - fusion_dual_defense - client 9 scores: {0: array([40.6746572]), 1: array([40.64453291]), 2: array([40.96972757]), 3: array([40.50678315]), 4: array([40.55892198]), 5: array([40.86570723]), 6: array([40.86361237]), 7: array([40.81946463]), 8: array([40.85693976]), 9: array([40.92313907])}
2025-05-12 11:00:44,596 - DEBUG - util_fusion - fusion_dual_defense - client 9 norm scores: {0: array([0.36262248]), 1: array([0.2975514]), 2: array([1.]), 3: array([0.]), 4: array([0.11262438]), 5: array([0.77530707]), 6: array([0.77078199]), 7: array([0.67541906]), 8: array([0.75636859]), 9: array([0.89936481])}
2025-05-12 11:00:44,596 - DEBUG - util_fusion - fusion_dual_defense - client 9 similarity threshold: 0.5650039793253013
2025-05-12 11:00:44,596 - INFO - util_fusion - fusion_dual_defense - client 9 selected fusion benigns: [2, 5, 6, 7, 8, 9]
2025-05-12 11:00:44,596 - DEBUG - util_fusion - fusion_dual_defense - final fusion benigns: (2, 5, 6, 7, 8, 9)
2025-05-12 11:00:46,361 - INFO - fl - start - global side -  test accuracy: 90.13
2025-05-12 11:00:46,361 - INFO - fl - start - global side iteration 3 -  test accuracy: 90.13
2025-05-12 11:00:46,361 - INFO - fl - start - start training round 4
2025-05-12 11:00:46,363 - INFO - fl - start - round 4 attackers: [5, 3]
2025-05-12 11:00:46,363 - INFO - fl - start - start client 0 training
2025-05-12 11:00:46,363 - INFO - fl - client_local_train - client 0 start local training ...
2025-05-12 11:00:54,061 - INFO - fl - start - end client 0 training
2025-05-12 11:00:54,061 - INFO - fl - start - client 0 evaluation metrics: {'train_loss': 0.03543546116080119, 'test_acc': 63.35}
2025-05-12 11:00:54,061 - INFO - fl - start - start client 1 training
2025-05-12 11:00:54,061 - INFO - fl - client_local_train - client 1 start local training ...
2025-05-12 11:00:58,844 - INFO - fl - start - end client 1 training
2025-05-12 11:00:58,844 - INFO - fl - start - client 1 evaluation metrics: {'train_loss': 0.08118488607440322, 'test_acc': 80.72}
2025-05-12 11:00:58,844 - INFO - fl - start - start client 2 training
2025-05-12 11:00:58,844 - INFO - fl - client_local_train - client 2 start local training ...
2025-05-12 11:01:04,241 - INFO - fl - start - end client 2 training
2025-05-12 11:01:04,241 - INFO - fl - start - client 2 evaluation metrics: {'train_loss': 0.05740374758452348, 'test_acc': 64.02}
2025-05-12 11:01:04,241 - INFO - fl - start - start client 3 training
2025-05-12 11:01:04,241 - INFO - fl - client_local_train - client 3 start local training ...
2025-05-12 11:01:08,500 - INFO - fl - client_local_train - client 3 is attacker, start poisoning model
2025-05-12 11:01:13,485 - INFO - fl - start - end client 3 training
2025-05-12 11:01:13,486 - INFO - fl - start - client 3 evaluation metrics: {'train_loss': 156.58934425954905, 'test_acc': 64.65}
2025-05-12 11:01:13,486 - INFO - fl - start - start client 4 training
2025-05-12 11:01:13,486 - INFO - fl - client_local_train - client 4 start local training ...
2025-05-12 11:01:22,584 - INFO - fl - start - end client 4 training
2025-05-12 11:01:22,585 - INFO - fl - start - client 4 evaluation metrics: {'train_loss': 0.06264079513771105, 'test_acc': 83.64}
2025-05-12 11:01:22,585 - INFO - fl - start - start client 5 training
2025-05-12 11:01:22,585 - INFO - fl - client_local_train - client 5 start local training ...
2025-05-12 11:01:24,452 - INFO - fl - client_local_train - client 5 is attacker, start poisoning model
2025-05-12 11:01:28,159 - INFO - fl - start - end client 5 training
2025-05-12 11:01:28,159 - INFO - fl - start - client 5 evaluation metrics: {'train_loss': 166.1348490221747, 'test_acc': 78.64}
2025-05-12 11:01:28,159 - INFO - fl - start - start client 6 training
2025-05-12 11:01:28,159 - INFO - fl - client_local_train - client 6 start local training ...
2025-05-12 11:01:32,812 - INFO - fl - start - end client 6 training
2025-05-12 11:01:32,812 - INFO - fl - start - client 6 evaluation metrics: {'train_loss': 0.05988654309637948, 'test_acc': 83.01}
2025-05-12 11:01:32,812 - INFO - fl - start - start client 7 training
2025-05-12 11:01:32,812 - INFO - fl - client_local_train - client 7 start local training ...
2025-05-12 11:01:35,633 - INFO - fl - start - end client 7 training
2025-05-12 11:01:35,633 - INFO - fl - start - client 7 evaluation metrics: {'train_loss': 0.09544844001842041, 'test_acc': 68.45}
2025-05-12 11:01:35,633 - INFO - fl - start - start client 8 training
2025-05-12 11:01:35,633 - INFO - fl - client_local_train - client 8 start local training ...
2025-05-12 11:01:38,742 - INFO - fl - start - end client 8 training
2025-05-12 11:01:38,742 - INFO - fl - start - client 8 evaluation metrics: {'train_loss': 0.1284461489358787, 'test_acc': 69.29}
2025-05-12 11:01:38,742 - INFO - fl - start - start client 9 training
2025-05-12 11:01:38,742 - INFO - fl - client_local_train - client 9 start local training ...
2025-05-12 11:01:42,870 - INFO - fl - start - end client 9 training
2025-05-12 11:01:42,870 - INFO - fl - start - client 9 evaluation metrics: {'train_loss': 0.062483747316732396, 'test_acc': 60.88}
2025-05-12 11:01:42,870 - INFO - fl - aggregate_model - start model aggregation...fusion method: dual_defense
2025-05-12 11:01:42,870 - INFO - fl - aggregate_model - start hyper-guard fusion with epsilon 0.01
2025-05-12 11:01:42,870 - INFO - fl - aggregate_model - round 4 attackers: [3, 5]
2025-05-12 11:01:53,711 - DEBUG - util_fusion - fusion_dual_defense - client 0 scores: {0: array([85.36678554]), 1: array([86.16033226]), 2: array([84.303081]), 3: array([85.75202874]), 4: array([89.77835556]), 5: array([86.12335011]), 6: array([86.10257105]), 7: array([82.78589087]), 8: array([83.99479909]), 9: array([83.8575487])}
2025-05-12 11:01:53,712 - DEBUG - util_fusion - fusion_dual_defense - client 0 norm scores: {0: array([0.36909656]), 1: array([0.48258254]), 2: array([0.21697501]), 3: array([0.42419061]), 4: array([1.]), 5: array([0.47729369]), 6: array([0.47432205]), 7: array([0.]), 8: array([0.17288728]), 9: array([0.15325895])}
2025-05-12 11:01:53,712 - DEBUG - util_fusion - fusion_dual_defense - client 0 similarity threshold: 0.3770606701471636
2025-05-12 11:01:53,712 - INFO - util_fusion - fusion_dual_defense - client 0 selected fusion benigns: [1, 3, 4, 5, 6]
2025-05-12 11:01:53,720 - DEBUG - util_fusion - fusion_dual_defense - client 1 scores: {0: array([85.36678554]), 1: array([86.16033226]), 2: array([84.303081]), 3: array([85.75202874]), 4: array([89.77835556]), 5: array([86.12335011]), 6: array([86.10257105]), 7: array([82.78589087]), 8: array([83.99479909]), 9: array([83.8575487])}
2025-05-12 11:01:53,721 - DEBUG - util_fusion - fusion_dual_defense - client 1 norm scores: {0: array([0.36909656]), 1: array([0.48258254]), 2: array([0.21697501]), 3: array([0.42419061]), 4: array([1.]), 5: array([0.47729369]), 6: array([0.47432205]), 7: array([0.]), 8: array([0.17288728]), 9: array([0.15325895])}
2025-05-12 11:01:53,721 - DEBUG - util_fusion - fusion_dual_defense - client 1 similarity threshold: 0.3770606701471636
2025-05-12 11:01:53,721 - INFO - util_fusion - fusion_dual_defense - client 1 selected fusion benigns: [1, 3, 4, 5, 6]
2025-05-12 11:01:53,729 - DEBUG - util_fusion - fusion_dual_defense - client 2 scores: {0: array([85.36678554]), 1: array([86.16033226]), 2: array([84.303081]), 3: array([85.75202874]), 4: array([89.77835556]), 5: array([86.12335011]), 6: array([86.10257105]), 7: array([82.78589087]), 8: array([83.99479909]), 9: array([83.8575487])}
2025-05-12 11:01:53,730 - DEBUG - util_fusion - fusion_dual_defense - client 2 norm scores: {0: array([0.36909656]), 1: array([0.48258254]), 2: array([0.21697501]), 3: array([0.42419061]), 4: array([1.]), 5: array([0.47729369]), 6: array([0.47432205]), 7: array([0.]), 8: array([0.17288728]), 9: array([0.15325895])}
2025-05-12 11:01:53,730 - DEBUG - util_fusion - fusion_dual_defense - client 2 similarity threshold: 0.3770606701471636
2025-05-12 11:01:53,730 - INFO - util_fusion - fusion_dual_defense - client 2 selected fusion benigns: [1, 3, 4, 5, 6]
2025-05-12 11:01:53,738 - DEBUG - util_fusion - fusion_dual_defense - client 3 scores: {0: array([85.36678554]), 1: array([86.16033226]), 2: array([84.303081]), 3: array([85.75202874]), 4: array([89.77835556]), 5: array([86.12335011]), 6: array([86.10257105]), 7: array([82.78589087]), 8: array([83.99479909]), 9: array([83.8575487])}
2025-05-12 11:01:53,739 - DEBUG - util_fusion - fusion_dual_defense - client 3 norm scores: {0: array([0.36909656]), 1: array([0.48258254]), 2: array([0.21697501]), 3: array([0.42419061]), 4: array([1.]), 5: array([0.47729369]), 6: array([0.47432205]), 7: array([0.]), 8: array([0.17288728]), 9: array([0.15325895])}
2025-05-12 11:01:53,739 - DEBUG - util_fusion - fusion_dual_defense - client 3 similarity threshold: 0.3770606701471636
2025-05-12 11:01:53,739 - INFO - util_fusion - fusion_dual_defense - client 3 selected fusion benigns: [1, 3, 4, 5, 6]
2025-05-12 11:01:53,748 - DEBUG - util_fusion - fusion_dual_defense - client 4 scores: {0: array([85.36678554]), 1: array([86.16033226]), 2: array([84.303081]), 3: array([85.75202874]), 4: array([89.77835556]), 5: array([86.12335011]), 6: array([86.10257105]), 7: array([82.78589087]), 8: array([83.99479909]), 9: array([83.8575487])}
2025-05-12 11:01:53,748 - DEBUG - util_fusion - fusion_dual_defense - client 4 norm scores: {0: array([0.36909656]), 1: array([0.48258254]), 2: array([0.21697501]), 3: array([0.42419061]), 4: array([1.]), 5: array([0.47729369]), 6: array([0.47432205]), 7: array([0.]), 8: array([0.17288728]), 9: array([0.15325895])}
2025-05-12 11:01:53,748 - DEBUG - util_fusion - fusion_dual_defense - client 4 similarity threshold: 0.3770606701471636
2025-05-12 11:01:53,748 - INFO - util_fusion - fusion_dual_defense - client 4 selected fusion benigns: [1, 3, 4, 5, 6]
2025-05-12 11:01:53,757 - DEBUG - util_fusion - fusion_dual_defense - client 5 scores: {0: array([85.36678554]), 1: array([86.16033226]), 2: array([84.303081]), 3: array([85.75202874]), 4: array([89.77835556]), 5: array([86.12335011]), 6: array([86.10257105]), 7: array([82.78589087]), 8: array([83.99479909]), 9: array([83.8575487])}
2025-05-12 11:01:53,757 - DEBUG - util_fusion - fusion_dual_defense - client 5 norm scores: {0: array([0.36909656]), 1: array([0.48258254]), 2: array([0.21697501]), 3: array([0.42419061]), 4: array([1.]), 5: array([0.47729369]), 6: array([0.47432205]), 7: array([0.]), 8: array([0.17288728]), 9: array([0.15325895])}
2025-05-12 11:01:53,757 - DEBUG - util_fusion - fusion_dual_defense - client 5 similarity threshold: 0.3770606701471636
2025-05-12 11:01:53,757 - INFO - util_fusion - fusion_dual_defense - client 5 selected fusion benigns: [1, 3, 4, 5, 6]
2025-05-12 11:01:53,766 - DEBUG - util_fusion - fusion_dual_defense - client 6 scores: {0: array([85.36678554]), 1: array([86.16033226]), 2: array([84.303081]), 3: array([85.75202874]), 4: array([89.77835556]), 5: array([86.12335011]), 6: array([86.10257105]), 7: array([82.78589087]), 8: array([83.99479909]), 9: array([83.8575487])}
2025-05-12 11:01:53,766 - DEBUG - util_fusion - fusion_dual_defense - client 6 norm scores: {0: array([0.36909656]), 1: array([0.48258254]), 2: array([0.21697501]), 3: array([0.42419061]), 4: array([1.]), 5: array([0.47729369]), 6: array([0.47432205]), 7: array([0.]), 8: array([0.17288728]), 9: array([0.15325895])}
2025-05-12 11:01:53,766 - DEBUG - util_fusion - fusion_dual_defense - client 6 similarity threshold: 0.3770606701471636
2025-05-12 11:01:53,766 - INFO - util_fusion - fusion_dual_defense - client 6 selected fusion benigns: [1, 3, 4, 5, 6]
2025-05-12 11:01:53,775 - DEBUG - util_fusion - fusion_dual_defense - client 7 scores: {0: array([85.36678554]), 1: array([86.16033226]), 2: array([84.303081]), 3: array([85.75202874]), 4: array([89.77835556]), 5: array([86.12335011]), 6: array([86.10257105]), 7: array([82.78589087]), 8: array([83.99479909]), 9: array([83.8575487])}
2025-05-12 11:01:53,775 - DEBUG - util_fusion - fusion_dual_defense - client 7 norm scores: {0: array([0.36909656]), 1: array([0.48258254]), 2: array([0.21697501]), 3: array([0.42419061]), 4: array([1.]), 5: array([0.47729369]), 6: array([0.47432205]), 7: array([0.]), 8: array([0.17288728]), 9: array([0.15325895])}
2025-05-12 11:01:53,775 - DEBUG - util_fusion - fusion_dual_defense - client 7 similarity threshold: 0.3770606701471636
2025-05-12 11:01:53,775 - INFO - util_fusion - fusion_dual_defense - client 7 selected fusion benigns: [1, 3, 4, 5, 6]
2025-05-12 11:01:53,784 - DEBUG - util_fusion - fusion_dual_defense - client 8 scores: {0: array([85.36678554]), 1: array([86.16033226]), 2: array([84.303081]), 3: array([85.75202874]), 4: array([89.77835556]), 5: array([86.12335011]), 6: array([86.10257105]), 7: array([82.78589087]), 8: array([83.99479909]), 9: array([83.8575487])}
2025-05-12 11:01:53,784 - DEBUG - util_fusion - fusion_dual_defense - client 8 norm scores: {0: array([0.36909656]), 1: array([0.48258254]), 2: array([0.21697501]), 3: array([0.42419061]), 4: array([1.]), 5: array([0.47729369]), 6: array([0.47432205]), 7: array([0.]), 8: array([0.17288728]), 9: array([0.15325895])}
2025-05-12 11:01:53,784 - DEBUG - util_fusion - fusion_dual_defense - client 8 similarity threshold: 0.3770606701471636
2025-05-12 11:01:53,785 - INFO - util_fusion - fusion_dual_defense - client 8 selected fusion benigns: [1, 3, 4, 5, 6]
2025-05-12 11:01:53,793 - DEBUG - util_fusion - fusion_dual_defense - client 9 scores: {0: array([85.36678554]), 1: array([86.16033226]), 2: array([84.303081]), 3: array([85.75202874]), 4: array([89.77835556]), 5: array([86.12335011]), 6: array([86.10257105]), 7: array([82.78589087]), 8: array([83.99479909]), 9: array([83.8575487])}
2025-05-12 11:01:53,794 - DEBUG - util_fusion - fusion_dual_defense - client 9 norm scores: {0: array([0.36909656]), 1: array([0.48258254]), 2: array([0.21697501]), 3: array([0.42419061]), 4: array([1.]), 5: array([0.47729369]), 6: array([0.47432205]), 7: array([0.]), 8: array([0.17288728]), 9: array([0.15325895])}
2025-05-12 11:01:53,794 - DEBUG - util_fusion - fusion_dual_defense - client 9 similarity threshold: 0.3770606701471636
2025-05-12 11:01:53,794 - INFO - util_fusion - fusion_dual_defense - client 9 selected fusion benigns: [1, 3, 4, 5, 6]
2025-05-12 11:01:53,794 - DEBUG - util_fusion - fusion_dual_defense - final fusion benigns: (1, 3, 4, 5, 6)
2025-05-12 11:01:55,505 - INFO - fl - start - global side -  test accuracy: 71.05
2025-05-12 11:01:55,506 - INFO - fl - start - global side iteration 4 -  test accuracy: 71.05
2025-05-12 11:01:55,506 - INFO - fl - start - start training round 5
2025-05-12 11:01:55,507 - INFO - fl - start - round 5 attackers: [6, 9]
2025-05-12 11:01:55,508 - INFO - fl - start - start client 0 training
2025-05-12 11:01:55,508 - INFO - fl - client_local_train - client 0 start local training ...
2025-05-12 11:02:03,188 - INFO - fl - start - end client 0 training
2025-05-12 11:02:03,188 - INFO - fl - start - client 0 evaluation metrics: {'train_loss': nan, 'test_acc': 9.8}
2025-05-12 11:02:03,188 - INFO - fl - start - start client 1 training
2025-05-12 11:02:03,188 - INFO - fl - client_local_train - client 1 start local training ...
2025-05-12 11:02:07,992 - INFO - fl - start - end client 1 training
2025-05-12 11:02:07,992 - INFO - fl - start - client 1 evaluation metrics: {'train_loss': nan, 'test_acc': 9.8}
2025-05-12 11:02:07,992 - INFO - fl - start - start client 2 training
2025-05-12 11:02:07,992 - INFO - fl - client_local_train - client 2 start local training ...
2025-05-12 11:02:13,373 - INFO - fl - start - end client 2 training
2025-05-12 11:02:13,373 - INFO - fl - start - client 2 evaluation metrics: {'train_loss': nan, 'test_acc': 9.8}
2025-05-12 11:02:13,373 - INFO - fl - start - start client 3 training
2025-05-12 11:02:13,373 - INFO - fl - client_local_train - client 3 start local training ...
2025-05-12 11:02:20,149 - INFO - fl - start - end client 3 training
2025-05-12 11:02:20,150 - INFO - fl - start - client 3 evaluation metrics: {'train_loss': nan, 'test_acc': 9.8}
2025-05-12 11:02:20,150 - INFO - fl - start - start client 4 training
2025-05-12 11:02:20,150 - INFO - fl - client_local_train - client 4 start local training ...
2025-05-12 11:02:29,296 - INFO - fl - start - end client 4 training
2025-05-12 11:02:29,296 - INFO - fl - start - client 4 evaluation metrics: {'train_loss': 1.7960718352958638, 'test_acc': 9.74}
2025-05-12 11:02:29,296 - INFO - fl - start - start client 5 training
2025-05-12 11:02:29,296 - INFO - fl - client_local_train - client 5 start local training ...
2025-05-12 11:02:33,024 - INFO - fl - start - end client 5 training
2025-05-12 11:02:33,024 - INFO - fl - start - client 5 evaluation metrics: {'train_loss': nan, 'test_acc': 9.8}
2025-05-12 11:02:33,024 - INFO - fl - start - start client 6 training
2025-05-12 11:02:33,024 - INFO - fl - client_local_train - client 6 start local training ...
2025-05-12 11:02:35,653 - INFO - fl - client_local_train - client 6 is attacker, start poisoning model
2025-05-12 11:02:39,752 - INFO - fl - start - end client 6 training
2025-05-12 11:02:39,752 - INFO - fl - start - client 6 evaluation metrics: {'train_loss': nan, 'test_acc': 9.8}
2025-05-12 11:02:39,753 - INFO - fl - start - start client 7 training
2025-05-12 11:02:39,753 - INFO - fl - client_local_train - client 7 start local training ...
2025-05-12 11:02:42,561 - INFO - fl - start - end client 7 training
2025-05-12 11:02:42,561 - INFO - fl - start - client 7 evaluation metrics: {'train_loss': 1.411136229832967, 'test_acc': 8.92}
2025-05-12 11:02:42,561 - INFO - fl - start - start client 8 training
2025-05-12 11:02:42,561 - INFO - fl - client_local_train - client 8 start local training ...
2025-05-12 11:02:45,663 - INFO - fl - start - end client 8 training
2025-05-12 11:02:45,664 - INFO - fl - start - client 8 evaluation metrics: {'train_loss': 1.7331712218218072, 'test_acc': 10.09}
2025-05-12 11:02:45,664 - INFO - fl - start - start client 9 training
2025-05-12 11:02:45,664 - INFO - fl - client_local_train - client 9 start local training ...
2025-05-12 11:02:47,882 - INFO - fl - client_local_train - client 9 is attacker, start poisoning model
2025-05-12 11:02:51,754 - INFO - fl - start - end client 9 training
2025-05-12 11:02:51,755 - INFO - fl - start - client 9 evaluation metrics: {'train_loss': nan, 'test_acc': 9.8}
2025-05-12 11:02:51,755 - INFO - fl - aggregate_model - start model aggregation...fusion method: dual_defense
2025-05-12 11:02:51,755 - INFO - fl - aggregate_model - start hyper-guard fusion with epsilon 0.01
2025-05-12 11:02:51,755 - INFO - fl - aggregate_model - round 5 attackers: [9, 6]
2025-05-12 11:03:02,723 - DEBUG - util_fusion - fusion_dual_defense - client 0 scores: {0: array([5.65380131e+12]), 1: array([5.65380131e+12]), 2: array([5.65380131e+12]), 3: array([5.65380131e+12]), 4: array([11.39002944]), 5: array([5.65380131e+12]), 6: array([5.65380131e+12]), 7: array([184.1790214]), 8: array([136.13228713]), 9: array([5.65380131e+12])}
2025-05-12 11:03:02,724 - DEBUG - util_fusion - fusion_dual_defense - client 0 norm scores: {0: array([1.]), 1: array([1.]), 2: array([1.]), 3: array([1.]), 4: array([0.]), 5: array([1.]), 6: array([1.]), 7: array([3.05615607e-11]), 8: array([2.20634314e-11]), 9: array([1.])}
2025-05-12 11:03:02,724 - DEBUG - util_fusion - fusion_dual_defense - client 0 similarity threshold: 0.7000000000052624
2025-05-12 11:03:02,724 - INFO - util_fusion - fusion_dual_defense - client 0 selected fusion benigns: [0, 1, 2, 3, 5, 6, 9]
2025-05-12 11:03:02,734 - DEBUG - util_fusion - fusion_dual_defense - client 1 scores: {0: array([5.65380131e+12]), 1: array([5.65380131e+12]), 2: array([5.65380131e+12]), 3: array([5.65380131e+12]), 4: array([11.39002944]), 5: array([5.65380131e+12]), 6: array([5.65380131e+12]), 7: array([184.1790214]), 8: array([136.13228713]), 9: array([5.65380131e+12])}
2025-05-12 11:03:02,735 - DEBUG - util_fusion - fusion_dual_defense - client 1 norm scores: {0: array([1.]), 1: array([1.]), 2: array([1.]), 3: array([1.]), 4: array([0.]), 5: array([1.]), 6: array([1.]), 7: array([3.05615607e-11]), 8: array([2.20634314e-11]), 9: array([1.])}
2025-05-12 11:03:02,735 - DEBUG - util_fusion - fusion_dual_defense - client 1 similarity threshold: 0.7000000000052624
2025-05-12 11:03:02,735 - INFO - util_fusion - fusion_dual_defense - client 1 selected fusion benigns: [0, 1, 2, 3, 5, 6, 9]
2025-05-12 11:03:02,744 - DEBUG - util_fusion - fusion_dual_defense - client 2 scores: {0: array([5.65380131e+12]), 1: array([5.65380131e+12]), 2: array([5.65380131e+12]), 3: array([5.65380131e+12]), 4: array([11.39002944]), 5: array([5.65380131e+12]), 6: array([5.65380131e+12]), 7: array([184.1790214]), 8: array([136.13228713]), 9: array([5.65380131e+12])}
2025-05-12 11:03:02,744 - DEBUG - util_fusion - fusion_dual_defense - client 2 norm scores: {0: array([1.]), 1: array([1.]), 2: array([1.]), 3: array([1.]), 4: array([0.]), 5: array([1.]), 6: array([1.]), 7: array([3.05615607e-11]), 8: array([2.20634314e-11]), 9: array([1.])}
2025-05-12 11:03:02,745 - DEBUG - util_fusion - fusion_dual_defense - client 2 similarity threshold: 0.7000000000052624
2025-05-12 11:03:02,745 - INFO - util_fusion - fusion_dual_defense - client 2 selected fusion benigns: [0, 1, 2, 3, 5, 6, 9]
2025-05-12 11:03:02,753 - DEBUG - util_fusion - fusion_dual_defense - client 3 scores: {0: array([5.65380131e+12]), 1: array([5.65380131e+12]), 2: array([5.65380131e+12]), 3: array([5.65380131e+12]), 4: array([11.39002944]), 5: array([5.65380131e+12]), 6: array([5.65380131e+12]), 7: array([184.1790214]), 8: array([136.13228713]), 9: array([5.65380131e+12])}
2025-05-12 11:03:02,754 - DEBUG - util_fusion - fusion_dual_defense - client 3 norm scores: {0: array([1.]), 1: array([1.]), 2: array([1.]), 3: array([1.]), 4: array([0.]), 5: array([1.]), 6: array([1.]), 7: array([3.05615607e-11]), 8: array([2.20634314e-11]), 9: array([1.])}
2025-05-12 11:03:02,754 - DEBUG - util_fusion - fusion_dual_defense - client 3 similarity threshold: 0.7000000000052624
2025-05-12 11:03:02,754 - INFO - util_fusion - fusion_dual_defense - client 3 selected fusion benigns: [0, 1, 2, 3, 5, 6, 9]
2025-05-12 11:03:02,762 - DEBUG - util_fusion - fusion_dual_defense - client 4 scores: {0: array([5.65380131e+12]), 1: array([5.65380131e+12]), 2: array([5.65380131e+12]), 3: array([5.65380131e+12]), 4: array([11.39002944]), 5: array([5.65380131e+12]), 6: array([5.65380131e+12]), 7: array([184.1790214]), 8: array([136.13228713]), 9: array([5.65380131e+12])}
2025-05-12 11:03:02,763 - DEBUG - util_fusion - fusion_dual_defense - client 4 norm scores: {0: array([1.]), 1: array([1.]), 2: array([1.]), 3: array([1.]), 4: array([0.]), 5: array([1.]), 6: array([1.]), 7: array([3.05615607e-11]), 8: array([2.20634314e-11]), 9: array([1.])}
2025-05-12 11:03:02,763 - DEBUG - util_fusion - fusion_dual_defense - client 4 similarity threshold: 0.7000000000052624
2025-05-12 11:03:02,763 - INFO - util_fusion - fusion_dual_defense - client 4 selected fusion benigns: [0, 1, 2, 3, 5, 6, 9]
2025-05-12 11:03:02,772 - DEBUG - util_fusion - fusion_dual_defense - client 5 scores: {0: array([5.65380131e+12]), 1: array([5.65380131e+12]), 2: array([5.65380131e+12]), 3: array([5.65380131e+12]), 4: array([11.39002944]), 5: array([5.65380131e+12]), 6: array([5.65380131e+12]), 7: array([184.1790214]), 8: array([136.13228713]), 9: array([5.65380131e+12])}
2025-05-12 11:03:02,772 - DEBUG - util_fusion - fusion_dual_defense - client 5 norm scores: {0: array([1.]), 1: array([1.]), 2: array([1.]), 3: array([1.]), 4: array([0.]), 5: array([1.]), 6: array([1.]), 7: array([3.05615607e-11]), 8: array([2.20634314e-11]), 9: array([1.])}
2025-05-12 11:03:02,772 - DEBUG - util_fusion - fusion_dual_defense - client 5 similarity threshold: 0.7000000000052624
2025-05-12 11:03:02,772 - INFO - util_fusion - fusion_dual_defense - client 5 selected fusion benigns: [0, 1, 2, 3, 5, 6, 9]
2025-05-12 11:03:02,781 - DEBUG - util_fusion - fusion_dual_defense - client 6 scores: {0: array([5.65380131e+12]), 1: array([5.65380131e+12]), 2: array([5.65380131e+12]), 3: array([5.65380131e+12]), 4: array([11.39002944]), 5: array([5.65380131e+12]), 6: array([5.65380131e+12]), 7: array([184.1790214]), 8: array([136.13228713]), 9: array([5.65380131e+12])}
2025-05-12 11:03:02,781 - DEBUG - util_fusion - fusion_dual_defense - client 6 norm scores: {0: array([1.]), 1: array([1.]), 2: array([1.]), 3: array([1.]), 4: array([0.]), 5: array([1.]), 6: array([1.]), 7: array([3.05615607e-11]), 8: array([2.20634314e-11]), 9: array([1.])}
2025-05-12 11:03:02,782 - DEBUG - util_fusion - fusion_dual_defense - client 6 similarity threshold: 0.7000000000052624
2025-05-12 11:03:02,782 - INFO - util_fusion - fusion_dual_defense - client 6 selected fusion benigns: [0, 1, 2, 3, 5, 6, 9]
2025-05-12 11:03:02,790 - DEBUG - util_fusion - fusion_dual_defense - client 7 scores: {0: array([5.65380131e+12]), 1: array([5.65380131e+12]), 2: array([5.65380131e+12]), 3: array([5.65380131e+12]), 4: array([11.39002944]), 5: array([5.65380131e+12]), 6: array([5.65380131e+12]), 7: array([184.1790214]), 8: array([136.13228713]), 9: array([5.65380131e+12])}
2025-05-12 11:03:02,791 - DEBUG - util_fusion - fusion_dual_defense - client 7 norm scores: {0: array([1.]), 1: array([1.]), 2: array([1.]), 3: array([1.]), 4: array([0.]), 5: array([1.]), 6: array([1.]), 7: array([3.05615607e-11]), 8: array([2.20634314e-11]), 9: array([1.])}
2025-05-12 11:03:02,791 - DEBUG - util_fusion - fusion_dual_defense - client 7 similarity threshold: 0.7000000000052624
2025-05-12 11:03:02,791 - INFO - util_fusion - fusion_dual_defense - client 7 selected fusion benigns: [0, 1, 2, 3, 5, 6, 9]
2025-05-12 11:03:02,799 - DEBUG - util_fusion - fusion_dual_defense - client 8 scores: {0: array([5.65380131e+12]), 1: array([5.65380131e+12]), 2: array([5.65380131e+12]), 3: array([5.65380131e+12]), 4: array([11.39002944]), 5: array([5.65380131e+12]), 6: array([5.65380131e+12]), 7: array([184.1790214]), 8: array([136.13228713]), 9: array([5.65380131e+12])}
2025-05-12 11:03:02,800 - DEBUG - util_fusion - fusion_dual_defense - client 8 norm scores: {0: array([1.]), 1: array([1.]), 2: array([1.]), 3: array([1.]), 4: array([0.]), 5: array([1.]), 6: array([1.]), 7: array([3.05615607e-11]), 8: array([2.20634314e-11]), 9: array([1.])}
2025-05-12 11:03:02,800 - DEBUG - util_fusion - fusion_dual_defense - client 8 similarity threshold: 0.7000000000052624
2025-05-12 11:03:02,800 - INFO - util_fusion - fusion_dual_defense - client 8 selected fusion benigns: [0, 1, 2, 3, 5, 6, 9]
2025-05-12 11:03:02,809 - DEBUG - util_fusion - fusion_dual_defense - client 9 scores: {0: array([5.65380131e+12]), 1: array([5.65380131e+12]), 2: array([5.65380131e+12]), 3: array([5.65380131e+12]), 4: array([11.39002944]), 5: array([5.65380131e+12]), 6: array([5.65380131e+12]), 7: array([184.1790214]), 8: array([136.13228713]), 9: array([5.65380131e+12])}
2025-05-12 11:03:02,809 - DEBUG - util_fusion - fusion_dual_defense - client 9 norm scores: {0: array([1.]), 1: array([1.]), 2: array([1.]), 3: array([1.]), 4: array([0.]), 5: array([1.]), 6: array([1.]), 7: array([3.05615607e-11]), 8: array([2.20634314e-11]), 9: array([1.])}
2025-05-12 11:03:02,809 - DEBUG - util_fusion - fusion_dual_defense - client 9 similarity threshold: 0.7000000000052624
2025-05-12 11:03:02,810 - INFO - util_fusion - fusion_dual_defense - client 9 selected fusion benigns: [0, 1, 2, 3, 5, 6, 9]
2025-05-12 11:03:02,810 - DEBUG - util_fusion - fusion_dual_defense - final fusion benigns: (0, 1, 2, 3, 5, 6, 9)
2025-05-12 11:03:04,619 - INFO - fl - start - global side -  test accuracy: 9.8
2025-05-12 11:03:04,619 - INFO - fl - start - global side iteration 5 -  test accuracy: 9.8
2025-05-12 11:03:04,619 - INFO - fl - start - start training round 6
2025-05-12 11:03:04,621 - INFO - fl - start - round 6 attackers: [1, 0]
2025-05-12 11:03:04,621 - INFO - fl - start - start client 0 training
2025-05-12 11:03:04,621 - INFO - fl - client_local_train - client 0 start local training ...
2025-05-12 11:03:09,581 - INFO - fl - client_local_train - client 0 is attacker, start poisoning model
2025-05-12 11:03:14,951 - INFO - fl - start - end client 0 training
2025-05-12 11:03:14,951 - INFO - fl - start - client 0 evaluation metrics: {'train_loss': nan, 'test_acc': 9.8}
2025-05-12 11:03:14,951 - INFO - fl - start - start client 1 training
2025-05-12 11:03:14,951 - INFO - fl - client_local_train - client 1 start local training ...
2025-05-12 11:03:17,663 - INFO - fl - client_local_train - client 1 is attacker, start poisoning model
2025-05-12 11:03:21,829 - INFO - fl - start - end client 1 training
2025-05-12 11:03:21,829 - INFO - fl - start - client 1 evaluation metrics: {'train_loss': nan, 'test_acc': 9.8}
2025-05-12 11:03:21,829 - INFO - fl - start - start client 2 training
2025-05-12 11:03:21,829 - INFO - fl - client_local_train - client 2 start local training ...
2025-05-12 11:03:27,222 - INFO - fl - start - end client 2 training
2025-05-12 11:03:27,223 - INFO - fl - start - client 2 evaluation metrics: {'train_loss': nan, 'test_acc': 9.8}
2025-05-12 11:03:27,231 - INFO - fl - start - start client 3 training
2025-05-12 11:03:27,232 - INFO - fl - client_local_train - client 3 start local training ...
2025-05-12 11:03:33,992 - INFO - fl - start - end client 3 training
2025-05-12 11:03:33,992 - INFO - fl - start - client 3 evaluation metrics: {'train_loss': nan, 'test_acc': 9.8}
2025-05-12 11:03:33,992 - INFO - fl - start - start client 4 training
2025-05-12 11:03:33,992 - INFO - fl - client_local_train - client 4 start local training ...
2025-05-12 11:03:43,125 - INFO - fl - start - end client 4 training
2025-05-12 11:03:43,125 - INFO - fl - start - client 4 evaluation metrics: {'train_loss': nan, 'test_acc': 9.8}
2025-05-12 11:03:43,125 - INFO - fl - start - start client 5 training
2025-05-12 11:03:43,125 - INFO - fl - client_local_train - client 5 start local training ...
2025-05-12 11:03:46,847 - INFO - fl - start - end client 5 training
2025-05-12 11:03:46,847 - INFO - fl - start - client 5 evaluation metrics: {'train_loss': nan, 'test_acc': 9.8}
2025-05-12 11:03:46,847 - INFO - fl - start - start client 6 training
2025-05-12 11:03:46,847 - INFO - fl - client_local_train - client 6 start local training ...
2025-05-12 11:03:51,519 - INFO - fl - start - end client 6 training
2025-05-12 11:03:51,519 - INFO - fl - start - client 6 evaluation metrics: {'train_loss': nan, 'test_acc': 9.8}
2025-05-12 11:03:51,519 - INFO - fl - start - start client 7 training
2025-05-12 11:03:51,519 - INFO - fl - client_local_train - client 7 start local training ...
2025-05-12 11:03:54,329 - INFO - fl - start - end client 7 training
2025-05-12 11:03:54,329 - INFO - fl - start - client 7 evaluation metrics: {'train_loss': nan, 'test_acc': 9.8}
2025-05-12 11:03:54,329 - INFO - fl - start - start client 8 training
2025-05-12 11:03:54,329 - INFO - fl - client_local_train - client 8 start local training ...
2025-05-12 11:03:57,431 - INFO - fl - start - end client 8 training
2025-05-12 11:03:57,431 - INFO - fl - start - client 8 evaluation metrics: {'train_loss': nan, 'test_acc': 9.8}
2025-05-12 11:03:57,431 - INFO - fl - start - start client 9 training
2025-05-12 11:03:57,431 - INFO - fl - client_local_train - client 9 start local training ...
2025-05-12 11:04:01,544 - INFO - fl - start - end client 9 training
2025-05-12 11:04:01,544 - INFO - fl - start - client 9 evaluation metrics: {'train_loss': nan, 'test_acc': 9.8}
2025-05-12 11:04:01,544 - INFO - fl - aggregate_model - start model aggregation...fusion method: dual_defense
2025-05-12 11:04:01,544 - INFO - fl - aggregate_model - start hyper-guard fusion with epsilon 0.01
2025-05-12 11:04:01,544 - INFO - fl - aggregate_model - round 6 attackers: [0, 1]
2025-05-12 11:04:12,608 - DEBUG - util_fusion - fusion_dual_defense - client 0 scores: {0: array([6.66356218e+11]), 1: array([6.66356218e+11]), 2: array([6.66356218e+11]), 3: array([6.66356218e+11]), 4: array([6.66356218e+11]), 5: array([6.66356218e+11]), 6: array([6.66356218e+11]), 7: array([6.66356218e+11]), 8: array([6.66356218e+11]), 9: array([6.66356218e+11])}
2025-05-12 11:04:12,608 - DEBUG - util_fusion - fusion_dual_defense - client 0 norm scores: {0: array([0.]), 1: array([1.]), 2: array([0.]), 3: array([0.]), 4: array([0.]), 5: array([1.]), 6: array([0.]), 7: array([0.]), 8: array([0.]), 9: array([0.])}
2025-05-12 11:04:12,609 - DEBUG - util_fusion - fusion_dual_defense - client 0 similarity threshold: 0.2
2025-05-12 11:04:12,609 - INFO - util_fusion - fusion_dual_defense - client 0 selected fusion benigns: [1, 5]
2025-05-12 11:04:12,617 - DEBUG - util_fusion - fusion_dual_defense - client 1 scores: {0: array([6.66356218e+11]), 1: array([6.66356218e+11]), 2: array([6.66356218e+11]), 3: array([6.66356218e+11]), 4: array([6.66356218e+11]), 5: array([6.66356218e+11]), 6: array([6.66356218e+11]), 7: array([6.66356218e+11]), 8: array([6.66356218e+11]), 9: array([6.66356218e+11])}
2025-05-12 11:04:12,618 - DEBUG - util_fusion - fusion_dual_defense - client 1 norm scores: {0: array([0.]), 1: array([1.]), 2: array([0.]), 3: array([0.]), 4: array([0.]), 5: array([1.]), 6: array([0.]), 7: array([0.]), 8: array([0.]), 9: array([0.])}
2025-05-12 11:04:12,618 - DEBUG - util_fusion - fusion_dual_defense - client 1 similarity threshold: 0.2
2025-05-12 11:04:12,618 - INFO - util_fusion - fusion_dual_defense - client 1 selected fusion benigns: [1, 5]
2025-05-12 11:04:12,627 - DEBUG - util_fusion - fusion_dual_defense - client 2 scores: {0: array([6.66356218e+11]), 1: array([6.66356218e+11]), 2: array([6.66356218e+11]), 3: array([6.66356218e+11]), 4: array([6.66356218e+11]), 5: array([6.66356218e+11]), 6: array([6.66356218e+11]), 7: array([6.66356218e+11]), 8: array([6.66356218e+11]), 9: array([6.66356218e+11])}
2025-05-12 11:04:12,627 - DEBUG - util_fusion - fusion_dual_defense - client 2 norm scores: {0: array([0.]), 1: array([1.]), 2: array([0.]), 3: array([0.]), 4: array([0.]), 5: array([1.]), 6: array([0.]), 7: array([0.]), 8: array([0.]), 9: array([0.])}
2025-05-12 11:04:12,627 - DEBUG - util_fusion - fusion_dual_defense - client 2 similarity threshold: 0.2
2025-05-12 11:04:12,627 - INFO - util_fusion - fusion_dual_defense - client 2 selected fusion benigns: [1, 5]
2025-05-12 11:04:12,636 - DEBUG - util_fusion - fusion_dual_defense - client 3 scores: {0: array([6.66356218e+11]), 1: array([6.66356218e+11]), 2: array([6.66356218e+11]), 3: array([6.66356218e+11]), 4: array([6.66356218e+11]), 5: array([6.66356218e+11]), 6: array([6.66356218e+11]), 7: array([6.66356218e+11]), 8: array([6.66356218e+11]), 9: array([6.66356218e+11])}
2025-05-12 11:04:12,636 - DEBUG - util_fusion - fusion_dual_defense - client 3 norm scores: {0: array([0.]), 1: array([1.]), 2: array([0.]), 3: array([0.]), 4: array([0.]), 5: array([1.]), 6: array([0.]), 7: array([0.]), 8: array([0.]), 9: array([0.])}
2025-05-12 11:04:12,636 - DEBUG - util_fusion - fusion_dual_defense - client 3 similarity threshold: 0.2
2025-05-12 11:04:12,636 - INFO - util_fusion - fusion_dual_defense - client 3 selected fusion benigns: [1, 5]
2025-05-12 11:04:12,645 - DEBUG - util_fusion - fusion_dual_defense - client 4 scores: {0: array([6.66356218e+11]), 1: array([6.66356218e+11]), 2: array([6.66356218e+11]), 3: array([6.66356218e+11]), 4: array([6.66356218e+11]), 5: array([6.66356218e+11]), 6: array([6.66356218e+11]), 7: array([6.66356218e+11]), 8: array([6.66356218e+11]), 9: array([6.66356218e+11])}
2025-05-12 11:04:12,646 - DEBUG - util_fusion - fusion_dual_defense - client 4 norm scores: {0: array([0.]), 1: array([1.]), 2: array([0.]), 3: array([0.]), 4: array([0.]), 5: array([1.]), 6: array([0.]), 7: array([0.]), 8: array([0.]), 9: array([0.])}
2025-05-12 11:04:12,646 - DEBUG - util_fusion - fusion_dual_defense - client 4 similarity threshold: 0.2
2025-05-12 11:04:12,646 - INFO - util_fusion - fusion_dual_defense - client 4 selected fusion benigns: [1, 5]
2025-05-12 11:04:12,654 - DEBUG - util_fusion - fusion_dual_defense - client 5 scores: {0: array([6.66356218e+11]), 1: array([6.66356218e+11]), 2: array([6.66356218e+11]), 3: array([6.66356218e+11]), 4: array([6.66356218e+11]), 5: array([6.66356218e+11]), 6: array([6.66356218e+11]), 7: array([6.66356218e+11]), 8: array([6.66356218e+11]), 9: array([6.66356218e+11])}
2025-05-12 11:04:12,655 - DEBUG - util_fusion - fusion_dual_defense - client 5 norm scores: {0: array([0.]), 1: array([1.]), 2: array([0.]), 3: array([0.]), 4: array([0.]), 5: array([1.]), 6: array([0.]), 7: array([0.]), 8: array([0.]), 9: array([0.])}
2025-05-12 11:04:12,655 - DEBUG - util_fusion - fusion_dual_defense - client 5 similarity threshold: 0.2
2025-05-12 11:04:12,655 - INFO - util_fusion - fusion_dual_defense - client 5 selected fusion benigns: [1, 5]
2025-05-12 11:04:12,663 - DEBUG - util_fusion - fusion_dual_defense - client 6 scores: {0: array([6.66356218e+11]), 1: array([6.66356218e+11]), 2: array([6.66356218e+11]), 3: array([6.66356218e+11]), 4: array([6.66356218e+11]), 5: array([6.66356218e+11]), 6: array([6.66356218e+11]), 7: array([6.66356218e+11]), 8: array([6.66356218e+11]), 9: array([6.66356218e+11])}
2025-05-12 11:04:12,664 - DEBUG - util_fusion - fusion_dual_defense - client 6 norm scores: {0: array([0.]), 1: array([1.]), 2: array([0.]), 3: array([0.]), 4: array([0.]), 5: array([1.]), 6: array([0.]), 7: array([0.]), 8: array([0.]), 9: array([0.])}
2025-05-12 11:04:12,664 - DEBUG - util_fusion - fusion_dual_defense - client 6 similarity threshold: 0.2
2025-05-12 11:04:12,664 - INFO - util_fusion - fusion_dual_defense - client 6 selected fusion benigns: [1, 5]
2025-05-12 11:04:12,673 - DEBUG - util_fusion - fusion_dual_defense - client 7 scores: {0: array([6.66356218e+11]), 1: array([6.66356218e+11]), 2: array([6.66356218e+11]), 3: array([6.66356218e+11]), 4: array([6.66356218e+11]), 5: array([6.66356218e+11]), 6: array([6.66356218e+11]), 7: array([6.66356218e+11]), 8: array([6.66356218e+11]), 9: array([6.66356218e+11])}
2025-05-12 11:04:12,673 - DEBUG - util_fusion - fusion_dual_defense - client 7 norm scores: {0: array([0.]), 1: array([1.]), 2: array([0.]), 3: array([0.]), 4: array([0.]), 5: array([1.]), 6: array([0.]), 7: array([0.]), 8: array([0.]), 9: array([0.])}
2025-05-12 11:04:12,673 - DEBUG - util_fusion - fusion_dual_defense - client 7 similarity threshold: 0.2
2025-05-12 11:04:12,673 - INFO - util_fusion - fusion_dual_defense - client 7 selected fusion benigns: [1, 5]
2025-05-12 11:04:12,682 - DEBUG - util_fusion - fusion_dual_defense - client 8 scores: {0: array([6.66356218e+11]), 1: array([6.66356218e+11]), 2: array([6.66356218e+11]), 3: array([6.66356218e+11]), 4: array([6.66356218e+11]), 5: array([6.66356218e+11]), 6: array([6.66356218e+11]), 7: array([6.66356218e+11]), 8: array([6.66356218e+11]), 9: array([6.66356218e+11])}
2025-05-12 11:04:12,682 - DEBUG - util_fusion - fusion_dual_defense - client 8 norm scores: {0: array([0.]), 1: array([1.]), 2: array([0.]), 3: array([0.]), 4: array([0.]), 5: array([1.]), 6: array([0.]), 7: array([0.]), 8: array([0.]), 9: array([0.])}
2025-05-12 11:04:12,682 - DEBUG - util_fusion - fusion_dual_defense - client 8 similarity threshold: 0.2
2025-05-12 11:04:12,682 - INFO - util_fusion - fusion_dual_defense - client 8 selected fusion benigns: [1, 5]
2025-05-12 11:04:12,691 - DEBUG - util_fusion - fusion_dual_defense - client 9 scores: {0: array([6.66356218e+11]), 1: array([6.66356218e+11]), 2: array([6.66356218e+11]), 3: array([6.66356218e+11]), 4: array([6.66356218e+11]), 5: array([6.66356218e+11]), 6: array([6.66356218e+11]), 7: array([6.66356218e+11]), 8: array([6.66356218e+11]), 9: array([6.66356218e+11])}
2025-05-12 11:04:12,692 - DEBUG - util_fusion - fusion_dual_defense - client 9 norm scores: {0: array([0.]), 1: array([1.]), 2: array([0.]), 3: array([0.]), 4: array([0.]), 5: array([1.]), 6: array([0.]), 7: array([0.]), 8: array([0.]), 9: array([0.])}
2025-05-12 11:04:12,692 - DEBUG - util_fusion - fusion_dual_defense - client 9 similarity threshold: 0.2
2025-05-12 11:04:12,692 - INFO - util_fusion - fusion_dual_defense - client 9 selected fusion benigns: [1, 5]
2025-05-12 11:04:12,692 - DEBUG - util_fusion - fusion_dual_defense - final fusion benigns: (1, 5)
2025-05-12 11:04:14,231 - INFO - fl - start - global side -  test accuracy: 9.8
2025-05-12 11:04:14,231 - INFO - fl - start - global side iteration 6 -  test accuracy: 9.8
2025-05-12 11:04:14,231 - INFO - fl - start - start training round 7
2025-05-12 11:04:14,233 - INFO - fl - start - round 7 attackers: [7, 2]
2025-05-12 11:04:14,233 - INFO - fl - start - start client 0 training
2025-05-12 11:04:14,233 - INFO - fl - client_local_train - client 0 start local training ...
2025-05-12 11:04:21,906 - INFO - fl - start - end client 0 training
2025-05-12 11:04:21,906 - INFO - fl - start - client 0 evaluation metrics: {'train_loss': 9236468189902.129, 'test_acc': 9.8}
2025-05-12 11:04:21,906 - INFO - fl - start - start client 1 training
2025-05-12 11:04:21,906 - INFO - fl - client_local_train - client 1 start local training ...
2025-05-12 11:04:26,714 - INFO - fl - start - end client 1 training
2025-05-12 11:04:26,714 - INFO - fl - start - client 1 evaluation metrics: {'train_loss': 7621266037613.714, 'test_acc': 10.09}
2025-05-12 11:04:26,714 - INFO - fl - start - start client 2 training
2025-05-12 11:04:26,714 - INFO - fl - client_local_train - client 2 start local training ...
2025-05-12 11:04:29,916 - INFO - fl - client_local_train - client 2 is attacker, start poisoning model
2025-05-12 11:04:34,324 - INFO - fl - start - end client 2 training
2025-05-12 11:04:34,324 - INFO - fl - start - client 2 evaluation metrics: {'train_loss': 651735244135277.8, 'test_acc': 11.34}
2025-05-12 11:04:34,324 - INFO - fl - start - start client 3 training
2025-05-12 11:04:34,324 - INFO - fl - client_local_train - client 3 start local training ...
2025-05-12 11:04:41,118 - INFO - fl - start - end client 3 training
2025-05-12 11:04:41,118 - INFO - fl - start - client 3 evaluation metrics: {'train_loss': 20183469491168.97, 'test_acc': 8.92}
2025-05-12 11:04:41,119 - INFO - fl - start - start client 4 training
2025-05-12 11:04:41,119 - INFO - fl - client_local_train - client 4 start local training ...
2025-05-12 11:04:50,290 - INFO - fl - start - end client 4 training
2025-05-12 11:04:50,290 - INFO - fl - start - client 4 evaluation metrics: {'train_loss': 36255007731126.86, 'test_acc': 9.74}
2025-05-12 11:04:50,290 - INFO - fl - start - start client 5 training
2025-05-12 11:04:50,290 - INFO - fl - client_local_train - client 5 start local training ...
2025-05-12 11:04:54,014 - INFO - fl - start - end client 5 training
2025-05-12 11:04:54,014 - INFO - fl - start - client 5 evaluation metrics: {'train_loss': 21117935523345.656, 'test_acc': 9.58}
2025-05-12 11:04:54,014 - INFO - fl - start - start client 6 training
2025-05-12 11:04:54,014 - INFO - fl - client_local_train - client 6 start local training ...
2025-05-12 11:04:58,707 - INFO - fl - start - end client 6 training
2025-05-12 11:04:58,707 - INFO - fl - start - client 6 evaluation metrics: {'train_loss': 21371418613684.15, 'test_acc': 10.32}
2025-05-12 11:04:58,707 - INFO - fl - start - start client 7 training
2025-05-12 11:04:58,707 - INFO - fl - client_local_train - client 7 start local training ...
2025-05-12 11:04:59,857 - INFO - fl - client_local_train - client 7 is attacker, start poisoning model
2025-05-12 11:05:03,177 - INFO - fl - start - end client 7 training
2025-05-12 11:05:03,177 - INFO - fl - start - client 7 evaluation metrics: {'train_loss': 1195367406938794.8, 'test_acc': 10.31}
2025-05-12 11:05:03,177 - INFO - fl - start - start client 8 training
2025-05-12 11:05:03,177 - INFO - fl - client_local_train - client 8 start local training ...
2025-05-12 11:05:06,295 - INFO - fl - start - end client 8 training
2025-05-12 11:05:06,295 - INFO - fl - start - client 8 evaluation metrics: {'train_loss': 18882714957585.86, 'test_acc': 10.1}
2025-05-12 11:05:06,295 - INFO - fl - start - start client 9 training
2025-05-12 11:05:06,295 - INFO - fl - client_local_train - client 9 start local training ...
2025-05-12 11:05:10,424 - INFO - fl - start - end client 9 training
2025-05-12 11:05:10,424 - INFO - fl - start - client 9 evaluation metrics: {'train_loss': 29783729974573.176, 'test_acc': 9.58}
2025-05-12 11:05:10,424 - INFO - fl - aggregate_model - start model aggregation...fusion method: dual_defense
2025-05-12 11:05:10,424 - INFO - fl - aggregate_model - start hyper-guard fusion with epsilon 0.01
2025-05-12 11:05:10,424 - INFO - fl - aggregate_model - round 7 attackers: [2, 7]
2025-05-12 11:05:21,491 - DEBUG - util_fusion - fusion_dual_defense - client 0 scores: {0: array([1591.37598629]), 1: array([1591.42308761]), 2: array([1591.42067704]), 3: array([1591.42016066]), 4: array([1591.44635387]), 5: array([1591.41123485]), 6: array([1591.42280226]), 7: array([1591.42146064]), 8: array([1591.41388034]), 9: array([1591.43516272])}
2025-05-12 11:05:21,492 - DEBUG - util_fusion - fusion_dual_defense - client 0 norm scores: {0: array([0.]), 1: array([0.66936104]), 2: array([0.63510419]), 3: array([0.62776596]), 4: array([1.]), 5: array([0.50092046]), 6: array([0.66530588]), 7: array([0.6462401]), 8: array([0.53851572]), 9: array([0.84096156])}
2025-05-12 11:05:21,492 - DEBUG - util_fusion - fusion_dual_defense - client 0 similarity threshold: 0.6124174898393735
2025-05-12 11:05:21,492 - INFO - util_fusion - fusion_dual_defense - client 0 selected fusion benigns: [1, 2, 3, 4, 6, 7, 9]
2025-05-12 11:05:21,500 - DEBUG - util_fusion - fusion_dual_defense - client 1 scores: {0: array([1591.37598629]), 1: array([1591.42308761]), 2: array([1591.42067704]), 3: array([1591.42016066]), 4: array([1591.44635387]), 5: array([1591.41123485]), 6: array([1591.42280226]), 7: array([1591.42146064]), 8: array([1591.41388034]), 9: array([1591.43516272])}
2025-05-12 11:05:21,501 - DEBUG - util_fusion - fusion_dual_defense - client 1 norm scores: {0: array([0.]), 1: array([0.66936104]), 2: array([0.63510419]), 3: array([0.62776596]), 4: array([1.]), 5: array([0.50092046]), 6: array([0.66530588]), 7: array([0.6462401]), 8: array([0.53851572]), 9: array([0.84096156])}
2025-05-12 11:05:21,501 - DEBUG - util_fusion - fusion_dual_defense - client 1 similarity threshold: 0.6124174898393735
2025-05-12 11:05:21,501 - INFO - util_fusion - fusion_dual_defense - client 1 selected fusion benigns: [1, 2, 3, 4, 6, 7, 9]
2025-05-12 11:05:21,509 - DEBUG - util_fusion - fusion_dual_defense - client 2 scores: {0: array([1591.37598629]), 1: array([1591.42308761]), 2: array([1591.42067704]), 3: array([1591.42016066]), 4: array([1591.44635387]), 5: array([1591.41123485]), 6: array([1591.42280226]), 7: array([1591.42146064]), 8: array([1591.41388034]), 9: array([1591.43516272])}
2025-05-12 11:05:21,510 - DEBUG - util_fusion - fusion_dual_defense - client 2 norm scores: {0: array([0.]), 1: array([0.66936104]), 2: array([0.63510419]), 3: array([0.62776596]), 4: array([1.]), 5: array([0.50092046]), 6: array([0.66530588]), 7: array([0.6462401]), 8: array([0.53851572]), 9: array([0.84096156])}
2025-05-12 11:05:21,510 - DEBUG - util_fusion - fusion_dual_defense - client 2 similarity threshold: 0.6124174898393735
2025-05-12 11:05:21,510 - INFO - util_fusion - fusion_dual_defense - client 2 selected fusion benigns: [1, 2, 3, 4, 6, 7, 9]
2025-05-12 11:05:21,518 - DEBUG - util_fusion - fusion_dual_defense - client 3 scores: {0: array([1591.37598629]), 1: array([1591.42308761]), 2: array([1591.42067704]), 3: array([1591.42016066]), 4: array([1591.44635387]), 5: array([1591.41123485]), 6: array([1591.42280226]), 7: array([1591.42146064]), 8: array([1591.41388034]), 9: array([1591.43516272])}
2025-05-12 11:05:21,519 - DEBUG - util_fusion - fusion_dual_defense - client 3 norm scores: {0: array([0.]), 1: array([0.66936104]), 2: array([0.63510419]), 3: array([0.62776596]), 4: array([1.]), 5: array([0.50092046]), 6: array([0.66530588]), 7: array([0.6462401]), 8: array([0.53851572]), 9: array([0.84096156])}
2025-05-12 11:05:21,519 - DEBUG - util_fusion - fusion_dual_defense - client 3 similarity threshold: 0.6124174898393735
2025-05-12 11:05:21,519 - INFO - util_fusion - fusion_dual_defense - client 3 selected fusion benigns: [1, 2, 3, 4, 6, 7, 9]
2025-05-12 11:05:21,527 - DEBUG - util_fusion - fusion_dual_defense - client 4 scores: {0: array([1591.37598629]), 1: array([1591.42308761]), 2: array([1591.42067704]), 3: array([1591.42016066]), 4: array([1591.44635387]), 5: array([1591.41123485]), 6: array([1591.42280226]), 7: array([1591.42146064]), 8: array([1591.41388034]), 9: array([1591.43516272])}
2025-05-12 11:05:21,530 - DEBUG - util_fusion - fusion_dual_defense - client 4 norm scores: {0: array([0.]), 1: array([0.66936104]), 2: array([0.63510419]), 3: array([0.62776596]), 4: array([1.]), 5: array([0.50092046]), 6: array([0.66530588]), 7: array([0.6462401]), 8: array([0.53851572]), 9: array([0.84096156])}
2025-05-12 11:05:21,530 - DEBUG - util_fusion - fusion_dual_defense - client 4 similarity threshold: 0.6124174898393735
2025-05-12 11:05:21,530 - INFO - util_fusion - fusion_dual_defense - client 4 selected fusion benigns: [1, 2, 3, 4, 6, 7, 9]
2025-05-12 11:05:21,538 - DEBUG - util_fusion - fusion_dual_defense - client 5 scores: {0: array([1591.37598629]), 1: array([1591.42308761]), 2: array([1591.42067704]), 3: array([1591.42016066]), 4: array([1591.44635387]), 5: array([1591.41123485]), 6: array([1591.42280226]), 7: array([1591.42146064]), 8: array([1591.41388034]), 9: array([1591.43516272])}
2025-05-12 11:05:21,539 - DEBUG - util_fusion - fusion_dual_defense - client 5 norm scores: {0: array([0.]), 1: array([0.66936104]), 2: array([0.63510419]), 3: array([0.62776596]), 4: array([1.]), 5: array([0.50092046]), 6: array([0.66530588]), 7: array([0.6462401]), 8: array([0.53851572]), 9: array([0.84096156])}
2025-05-12 11:05:21,539 - DEBUG - util_fusion - fusion_dual_defense - client 5 similarity threshold: 0.6124174898393735
2025-05-12 11:05:21,539 - INFO - util_fusion - fusion_dual_defense - client 5 selected fusion benigns: [1, 2, 3, 4, 6, 7, 9]
2025-05-12 11:05:21,547 - DEBUG - util_fusion - fusion_dual_defense - client 6 scores: {0: array([1591.37598629]), 1: array([1591.42308761]), 2: array([1591.42067704]), 3: array([1591.42016066]), 4: array([1591.44635387]), 5: array([1591.41123485]), 6: array([1591.42280226]), 7: array([1591.42146064]), 8: array([1591.41388034]), 9: array([1591.43516272])}
2025-05-12 11:05:21,548 - DEBUG - util_fusion - fusion_dual_defense - client 6 norm scores: {0: array([0.]), 1: array([0.66936104]), 2: array([0.63510419]), 3: array([0.62776596]), 4: array([1.]), 5: array([0.50092046]), 6: array([0.66530588]), 7: array([0.6462401]), 8: array([0.53851572]), 9: array([0.84096156])}
2025-05-12 11:05:21,548 - DEBUG - util_fusion - fusion_dual_defense - client 6 similarity threshold: 0.6124174898393735
2025-05-12 11:05:21,548 - INFO - util_fusion - fusion_dual_defense - client 6 selected fusion benigns: [1, 2, 3, 4, 6, 7, 9]
2025-05-12 11:05:21,556 - DEBUG - util_fusion - fusion_dual_defense - client 7 scores: {0: array([1591.37598629]), 1: array([1591.42308761]), 2: array([1591.42067704]), 3: array([1591.42016066]), 4: array([1591.44635387]), 5: array([1591.41123485]), 6: array([1591.42280226]), 7: array([1591.42146064]), 8: array([1591.41388034]), 9: array([1591.43516272])}
2025-05-12 11:05:21,557 - DEBUG - util_fusion - fusion_dual_defense - client 7 norm scores: {0: array([0.]), 1: array([0.66936104]), 2: array([0.63510419]), 3: array([0.62776596]), 4: array([1.]), 5: array([0.50092046]), 6: array([0.66530588]), 7: array([0.6462401]), 8: array([0.53851572]), 9: array([0.84096156])}
2025-05-12 11:05:21,557 - DEBUG - util_fusion - fusion_dual_defense - client 7 similarity threshold: 0.6124174898393735
2025-05-12 11:05:21,557 - INFO - util_fusion - fusion_dual_defense - client 7 selected fusion benigns: [1, 2, 3, 4, 6, 7, 9]
2025-05-12 11:05:21,565 - DEBUG - util_fusion - fusion_dual_defense - client 8 scores: {0: array([1591.37598629]), 1: array([1591.42308761]), 2: array([1591.42067704]), 3: array([1591.42016066]), 4: array([1591.44635387]), 5: array([1591.41123485]), 6: array([1591.42280226]), 7: array([1591.42146064]), 8: array([1591.41388034]), 9: array([1591.43516272])}
2025-05-12 11:05:21,566 - DEBUG - util_fusion - fusion_dual_defense - client 8 norm scores: {0: array([0.]), 1: array([0.66936104]), 2: array([0.63510419]), 3: array([0.62776596]), 4: array([1.]), 5: array([0.50092046]), 6: array([0.66530588]), 7: array([0.6462401]), 8: array([0.53851572]), 9: array([0.84096156])}
2025-05-12 11:05:21,566 - DEBUG - util_fusion - fusion_dual_defense - client 8 similarity threshold: 0.6124174898393735
2025-05-12 11:05:21,566 - INFO - util_fusion - fusion_dual_defense - client 8 selected fusion benigns: [1, 2, 3, 4, 6, 7, 9]
2025-05-12 11:05:21,574 - DEBUG - util_fusion - fusion_dual_defense - client 9 scores: {0: array([1591.37598629]), 1: array([1591.42308761]), 2: array([1591.42067704]), 3: array([1591.42016066]), 4: array([1591.44635387]), 5: array([1591.41123485]), 6: array([1591.42280226]), 7: array([1591.42146064]), 8: array([1591.41388034]), 9: array([1591.43516272])}
2025-05-12 11:05:21,574 - DEBUG - util_fusion - fusion_dual_defense - client 9 norm scores: {0: array([0.]), 1: array([0.66936104]), 2: array([0.63510419]), 3: array([0.62776596]), 4: array([1.]), 5: array([0.50092046]), 6: array([0.66530588]), 7: array([0.6462401]), 8: array([0.53851572]), 9: array([0.84096156])}
2025-05-12 11:05:21,575 - DEBUG - util_fusion - fusion_dual_defense - client 9 similarity threshold: 0.6124174898393735
2025-05-12 11:05:21,575 - INFO - util_fusion - fusion_dual_defense - client 9 selected fusion benigns: [1, 2, 3, 4, 6, 7, 9]
2025-05-12 11:05:21,575 - DEBUG - util_fusion - fusion_dual_defense - final fusion benigns: (1, 2, 3, 4, 6, 7, 9)
2025-05-12 11:05:23,397 - INFO - fl - start - global side -  test accuracy: 11.35
2025-05-12 11:05:23,397 - INFO - fl - start - global side iteration 7 -  test accuracy: 11.35
2025-05-12 11:05:23,397 - INFO - fl - start - start training round 8
2025-05-12 11:05:23,399 - INFO - fl - start - round 8 attackers: [6, 1]
2025-05-12 11:05:23,399 - INFO - fl - start - start client 0 training
2025-05-12 11:05:23,399 - INFO - fl - client_local_train - client 0 start local training ...
2025-05-12 11:05:31,092 - INFO - fl - start - end client 0 training
2025-05-12 11:05:31,092 - INFO - fl - start - client 0 evaluation metrics: {'train_loss': 66937049783788.055, 'test_acc': 9.8}
2025-05-12 11:05:31,092 - INFO - fl - start - start client 1 training
2025-05-12 11:05:31,092 - INFO - fl - client_local_train - client 1 start local training ...
2025-05-12 11:05:33,808 - INFO - fl - client_local_train - client 1 is attacker, start poisoning model
2025-05-12 11:05:37,978 - INFO - fl - start - end client 1 training
2025-05-12 11:05:37,978 - INFO - fl - start - client 1 evaluation metrics: {'train_loss': 5544197239877827.0, 'test_acc': 9.82}
2025-05-12 11:05:37,978 - INFO - fl - start - start client 2 training
2025-05-12 11:05:37,978 - INFO - fl - client_local_train - client 2 start local training ...
2025-05-12 11:05:43,369 - INFO - fl - start - end client 2 training
2025-05-12 11:05:43,369 - INFO - fl - start - client 2 evaluation metrics: {'train_loss': 22592212440293.88, 'test_acc': 11.35}
2025-05-12 11:05:43,369 - INFO - fl - start - start client 3 training
2025-05-12 11:05:43,369 - INFO - fl - client_local_train - client 3 start local training ...
2025-05-12 11:05:50,149 - INFO - fl - start - end client 3 training
2025-05-12 11:05:50,149 - INFO - fl - start - client 3 evaluation metrics: {'train_loss': 158218514031833.22, 'test_acc': 10.1}
2025-05-12 11:05:50,149 - INFO - fl - start - start client 4 training
2025-05-12 11:05:50,149 - INFO - fl - client_local_train - client 4 start local training ...
2025-05-12 11:05:59,287 - INFO - fl - start - end client 4 training
2025-05-12 11:05:59,287 - INFO - fl - start - client 4 evaluation metrics: {'train_loss': 110677328265909.5, 'test_acc': 11.35}
2025-05-12 11:05:59,287 - INFO - fl - start - start client 5 training
2025-05-12 11:05:59,287 - INFO - fl - client_local_train - client 5 start local training ...
2025-05-12 11:06:03,021 - INFO - fl - start - end client 5 training
2025-05-12 11:06:03,022 - INFO - fl - start - client 5 evaluation metrics: {'train_loss': 54754856068484.414, 'test_acc': 9.58}
2025-05-12 11:06:03,022 - INFO - fl - start - start client 6 training
2025-05-12 11:06:03,022 - INFO - fl - client_local_train - client 6 start local training ...
2025-05-12 11:06:05,619 - INFO - fl - client_local_train - client 6 is attacker, start poisoning model
2025-05-12 11:06:09,729 - INFO - fl - start - end client 6 training
2025-05-12 11:06:09,729 - INFO - fl - start - client 6 evaluation metrics: {'train_loss': 1.139954079111173e+16, 'test_acc': 10.34}
2025-05-12 11:06:09,729 - INFO - fl - start - start client 7 training
2025-05-12 11:06:09,729 - INFO - fl - client_local_train - client 7 start local training ...
2025-05-12 11:06:12,543 - INFO - fl - start - end client 7 training
2025-05-12 11:06:12,543 - INFO - fl - start - client 7 evaluation metrics: {'train_loss': 105332007938730.67, 'test_acc': 10.09}
2025-05-12 11:06:12,543 - INFO - fl - start - start client 8 training
2025-05-12 11:06:12,543 - INFO - fl - client_local_train - client 8 start local training ...
2025-05-12 11:06:15,657 - INFO - fl - start - end client 8 training
2025-05-12 11:06:15,657 - INFO - fl - start - client 8 evaluation metrics: {'train_loss': 104236315696199.44, 'test_acc': 9.82}
2025-05-12 11:06:15,657 - INFO - fl - start - start client 9 training
2025-05-12 11:06:15,657 - INFO - fl - client_local_train - client 9 start local training ...
2025-05-12 11:06:19,796 - INFO - fl - start - end client 9 training
2025-05-12 11:06:19,796 - INFO - fl - start - client 9 evaluation metrics: {'train_loss': 75781365440030.12, 'test_acc': 10.32}
2025-05-12 11:06:19,796 - INFO - fl - aggregate_model - start model aggregation...fusion method: dual_defense
2025-05-12 11:06:19,796 - INFO - fl - aggregate_model - start hyper-guard fusion with epsilon 0.01
2025-05-12 11:06:19,796 - INFO - fl - aggregate_model - round 8 attackers: [1, 6]
2025-05-12 11:06:30,878 - DEBUG - util_fusion - fusion_dual_defense - client 0 scores: {0: array([23203.39880002]), 1: array([23206.2760178]), 2: array([23205.95049996]), 3: array([23204.58513098]), 4: array([23206.10528986]), 5: array([23206.16857459]), 6: array([23205.31417393]), 7: array([23205.71497236]), 8: array([23203.9558246]), 9: array([23206.01206249])}
2025-05-12 11:06:30,878 - DEBUG - util_fusion - fusion_dual_defense - client 0 norm scores: {0: array([0.]), 1: array([1.]), 2: array([0.88686368]), 3: array([0.41231879]), 4: array([0.94066214]), 5: array([0.96265726]), 6: array([0.66570349]), 7: array([0.80500418]), 8: array([0.19359834]), 9: array([0.90826023])}
2025-05-12 11:06:30,878 - DEBUG - util_fusion - fusion_dual_defense - client 0 similarity threshold: 0.6775068113456134
2025-05-12 11:06:30,878 - INFO - util_fusion - fusion_dual_defense - client 0 selected fusion benigns: [1, 2, 4, 5, 7, 9]
2025-05-12 11:06:30,887 - DEBUG - util_fusion - fusion_dual_defense - client 1 scores: {0: array([23203.39880002]), 1: array([23206.2760178]), 2: array([23205.95049996]), 3: array([23204.58513098]), 4: array([23206.10528986]), 5: array([23206.16857459]), 6: array([23205.31417393]), 7: array([23205.71497236]), 8: array([23203.9558246]), 9: array([23206.01206249])}
2025-05-12 11:06:30,887 - DEBUG - util_fusion - fusion_dual_defense - client 1 norm scores: {0: array([0.]), 1: array([1.]), 2: array([0.88686368]), 3: array([0.41231879]), 4: array([0.94066214]), 5: array([0.96265726]), 6: array([0.66570349]), 7: array([0.80500418]), 8: array([0.19359834]), 9: array([0.90826023])}
2025-05-12 11:06:30,887 - DEBUG - util_fusion - fusion_dual_defense - client 1 similarity threshold: 0.6775068113456134
2025-05-12 11:06:30,888 - INFO - util_fusion - fusion_dual_defense - client 1 selected fusion benigns: [1, 2, 4, 5, 7, 9]
2025-05-12 11:06:30,896 - DEBUG - util_fusion - fusion_dual_defense - client 2 scores: {0: array([23203.39880002]), 1: array([23206.2760178]), 2: array([23205.95049996]), 3: array([23204.58513098]), 4: array([23206.10528986]), 5: array([23206.16857459]), 6: array([23205.31417393]), 7: array([23205.71497236]), 8: array([23203.9558246]), 9: array([23206.01206249])}
2025-05-12 11:06:30,896 - DEBUG - util_fusion - fusion_dual_defense - client 2 norm scores: {0: array([0.]), 1: array([1.]), 2: array([0.88686368]), 3: array([0.41231879]), 4: array([0.94066214]), 5: array([0.96265726]), 6: array([0.66570349]), 7: array([0.80500418]), 8: array([0.19359834]), 9: array([0.90826023])}
2025-05-12 11:06:30,896 - DEBUG - util_fusion - fusion_dual_defense - client 2 similarity threshold: 0.6775068113456134
2025-05-12 11:06:30,896 - INFO - util_fusion - fusion_dual_defense - client 2 selected fusion benigns: [1, 2, 4, 5, 7, 9]
2025-05-12 11:06:30,905 - DEBUG - util_fusion - fusion_dual_defense - client 3 scores: {0: array([23203.39880002]), 1: array([23206.2760178]), 2: array([23205.95049996]), 3: array([23204.58513098]), 4: array([23206.10528986]), 5: array([23206.16857459]), 6: array([23205.31417393]), 7: array([23205.71497236]), 8: array([23203.9558246]), 9: array([23206.01206249])}
2025-05-12 11:06:30,905 - DEBUG - util_fusion - fusion_dual_defense - client 3 norm scores: {0: array([0.]), 1: array([1.]), 2: array([0.88686368]), 3: array([0.41231879]), 4: array([0.94066214]), 5: array([0.96265726]), 6: array([0.66570349]), 7: array([0.80500418]), 8: array([0.19359834]), 9: array([0.90826023])}
2025-05-12 11:06:30,905 - DEBUG - util_fusion - fusion_dual_defense - client 3 similarity threshold: 0.6775068113456134
2025-05-12 11:06:30,906 - INFO - util_fusion - fusion_dual_defense - client 3 selected fusion benigns: [1, 2, 4, 5, 7, 9]
2025-05-12 11:06:30,914 - DEBUG - util_fusion - fusion_dual_defense - client 4 scores: {0: array([23203.39880002]), 1: array([23206.2760178]), 2: array([23205.95049996]), 3: array([23204.58513098]), 4: array([23206.10528986]), 5: array([23206.16857459]), 6: array([23205.31417393]), 7: array([23205.71497236]), 8: array([23203.9558246]), 9: array([23206.01206249])}
2025-05-12 11:06:30,914 - DEBUG - util_fusion - fusion_dual_defense - client 4 norm scores: {0: array([0.]), 1: array([1.]), 2: array([0.88686368]), 3: array([0.41231879]), 4: array([0.94066214]), 5: array([0.96265726]), 6: array([0.66570349]), 7: array([0.80500418]), 8: array([0.19359834]), 9: array([0.90826023])}
2025-05-12 11:06:30,915 - DEBUG - util_fusion - fusion_dual_defense - client 4 similarity threshold: 0.6775068113456134
2025-05-12 11:06:30,915 - INFO - util_fusion - fusion_dual_defense - client 4 selected fusion benigns: [1, 2, 4, 5, 7, 9]
2025-05-12 11:06:30,923 - DEBUG - util_fusion - fusion_dual_defense - client 5 scores: {0: array([23203.39880002]), 1: array([23206.2760178]), 2: array([23205.95049996]), 3: array([23204.58513098]), 4: array([23206.10528986]), 5: array([23206.16857459]), 6: array([23205.31417393]), 7: array([23205.71497236]), 8: array([23203.9558246]), 9: array([23206.01206249])}
2025-05-12 11:06:30,924 - DEBUG - util_fusion - fusion_dual_defense - client 5 norm scores: {0: array([0.]), 1: array([1.]), 2: array([0.88686368]), 3: array([0.41231879]), 4: array([0.94066214]), 5: array([0.96265726]), 6: array([0.66570349]), 7: array([0.80500418]), 8: array([0.19359834]), 9: array([0.90826023])}
2025-05-12 11:06:30,924 - DEBUG - util_fusion - fusion_dual_defense - client 5 similarity threshold: 0.6775068113456134
2025-05-12 11:06:30,924 - INFO - util_fusion - fusion_dual_defense - client 5 selected fusion benigns: [1, 2, 4, 5, 7, 9]
2025-05-12 11:06:30,932 - DEBUG - util_fusion - fusion_dual_defense - client 6 scores: {0: array([23203.39880002]), 1: array([23206.2760178]), 2: array([23205.95049996]), 3: array([23204.58513098]), 4: array([23206.10528986]), 5: array([23206.16857459]), 6: array([23205.31417393]), 7: array([23205.71497236]), 8: array([23203.9558246]), 9: array([23206.01206249])}
2025-05-12 11:06:30,933 - DEBUG - util_fusion - fusion_dual_defense - client 6 norm scores: {0: array([0.]), 1: array([1.]), 2: array([0.88686368]), 3: array([0.41231879]), 4: array([0.94066214]), 5: array([0.96265726]), 6: array([0.66570349]), 7: array([0.80500418]), 8: array([0.19359834]), 9: array([0.90826023])}
2025-05-12 11:06:30,933 - DEBUG - util_fusion - fusion_dual_defense - client 6 similarity threshold: 0.6775068113456134
2025-05-12 11:06:30,933 - INFO - util_fusion - fusion_dual_defense - client 6 selected fusion benigns: [1, 2, 4, 5, 7, 9]
2025-05-12 11:06:30,941 - DEBUG - util_fusion - fusion_dual_defense - client 7 scores: {0: array([23203.39880002]), 1: array([23206.2760178]), 2: array([23205.95049996]), 3: array([23204.58513098]), 4: array([23206.10528986]), 5: array([23206.16857459]), 6: array([23205.31417393]), 7: array([23205.71497236]), 8: array([23203.9558246]), 9: array([23206.01206249])}
2025-05-12 11:06:30,942 - DEBUG - util_fusion - fusion_dual_defense - client 7 norm scores: {0: array([0.]), 1: array([1.]), 2: array([0.88686368]), 3: array([0.41231879]), 4: array([0.94066214]), 5: array([0.96265726]), 6: array([0.66570349]), 7: array([0.80500418]), 8: array([0.19359834]), 9: array([0.90826023])}
2025-05-12 11:06:30,942 - DEBUG - util_fusion - fusion_dual_defense - client 7 similarity threshold: 0.6775068113456134
2025-05-12 11:06:30,942 - INFO - util_fusion - fusion_dual_defense - client 7 selected fusion benigns: [1, 2, 4, 5, 7, 9]
2025-05-12 11:06:30,950 - DEBUG - util_fusion - fusion_dual_defense - client 8 scores: {0: array([23203.39880002]), 1: array([23206.2760178]), 2: array([23205.95049996]), 3: array([23204.58513098]), 4: array([23206.10528986]), 5: array([23206.16857459]), 6: array([23205.31417393]), 7: array([23205.71497236]), 8: array([23203.9558246]), 9: array([23206.01206249])}
2025-05-12 11:06:30,951 - DEBUG - util_fusion - fusion_dual_defense - client 8 norm scores: {0: array([0.]), 1: array([1.]), 2: array([0.88686368]), 3: array([0.41231879]), 4: array([0.94066214]), 5: array([0.96265726]), 6: array([0.66570349]), 7: array([0.80500418]), 8: array([0.19359834]), 9: array([0.90826023])}
2025-05-12 11:06:30,951 - DEBUG - util_fusion - fusion_dual_defense - client 8 similarity threshold: 0.6775068113456134
2025-05-12 11:06:30,951 - INFO - util_fusion - fusion_dual_defense - client 8 selected fusion benigns: [1, 2, 4, 5, 7, 9]
2025-05-12 11:06:30,960 - DEBUG - util_fusion - fusion_dual_defense - client 9 scores: {0: array([23203.39880002]), 1: array([23206.2760178]), 2: array([23205.95049996]), 3: array([23204.58513098]), 4: array([23206.10528986]), 5: array([23206.16857459]), 6: array([23205.31417393]), 7: array([23205.71497236]), 8: array([23203.9558246]), 9: array([23206.01206249])}
2025-05-12 11:06:30,960 - DEBUG - util_fusion - fusion_dual_defense - client 9 norm scores: {0: array([0.]), 1: array([1.]), 2: array([0.88686368]), 3: array([0.41231879]), 4: array([0.94066214]), 5: array([0.96265726]), 6: array([0.66570349]), 7: array([0.80500418]), 8: array([0.19359834]), 9: array([0.90826023])}
2025-05-12 11:06:30,960 - DEBUG - util_fusion - fusion_dual_defense - client 9 similarity threshold: 0.6775068113456134
2025-05-12 11:06:30,960 - INFO - util_fusion - fusion_dual_defense - client 9 selected fusion benigns: [1, 2, 4, 5, 7, 9]
2025-05-12 11:06:30,960 - DEBUG - util_fusion - fusion_dual_defense - final fusion benigns: (1, 2, 4, 5, 7, 9)
2025-05-12 11:06:32,724 - INFO - fl - start - global side -  test accuracy: 9.82
2025-05-12 11:06:32,724 - INFO - fl - start - global side iteration 8 -  test accuracy: 9.82
2025-05-12 11:06:32,724 - INFO - fl - start - start training round 9
2025-05-12 11:06:32,726 - INFO - fl - start - round 9 attackers: [1, 9]
2025-05-12 11:06:32,726 - INFO - fl - start - start client 0 training
2025-05-12 11:06:32,726 - INFO - fl - client_local_train - client 0 start local training ...
2025-05-12 11:06:40,405 - INFO - fl - start - end client 0 training
2025-05-12 11:06:40,405 - INFO - fl - start - client 0 evaluation metrics: {'train_loss': 534623768420671.2, 'test_acc': 8.92}
2025-05-12 11:06:40,406 - INFO - fl - start - start client 1 training
2025-05-12 11:06:40,406 - INFO - fl - client_local_train - client 1 start local training ...
2025-05-12 11:06:43,117 - INFO - fl - client_local_train - client 1 is attacker, start poisoning model
2025-05-12 11:06:47,275 - INFO - fl - start - end client 1 training
2025-05-12 11:06:47,275 - INFO - fl - start - client 1 evaluation metrics: {'train_loss': 3.735956952461507e+16, 'test_acc': 11.37}
2025-05-12 11:06:47,275 - INFO - fl - start - start client 2 training
2025-05-12 11:06:47,275 - INFO - fl - client_local_train - client 2 start local training ...
2025-05-12 11:06:52,640 - INFO - fl - start - end client 2 training
2025-05-12 11:06:52,640 - INFO - fl - start - client 2 evaluation metrics: {'train_loss': 519910699714852.56, 'test_acc': 10.28}
2025-05-12 11:06:52,640 - INFO - fl - start - start client 3 training
2025-05-12 11:06:52,640 - INFO - fl - client_local_train - client 3 start local training ...
2025-05-12 11:06:59,429 - INFO - fl - start - end client 3 training
2025-05-12 11:06:59,429 - INFO - fl - start - client 3 evaluation metrics: {'train_loss': 354797871129817.2, 'test_acc': 10.1}
2025-05-12 11:06:59,429 - INFO - fl - start - start client 4 training
2025-05-12 11:06:59,429 - INFO - fl - client_local_train - client 4 start local training ...
2025-05-12 11:07:08,526 - INFO - fl - start - end client 4 training
2025-05-12 11:07:08,526 - INFO - fl - start - client 4 evaluation metrics: {'train_loss': 333557966509830.75, 'test_acc': 9.8}
2025-05-12 11:07:08,526 - INFO - fl - start - start client 5 training
2025-05-12 11:07:08,526 - INFO - fl - client_local_train - client 5 start local training ...
2025-05-12 11:07:12,277 - INFO - fl - start - end client 5 training
2025-05-12 11:07:12,277 - INFO - fl - start - client 5 evaluation metrics: {'train_loss': 390720731606616.25, 'test_acc': 10.09}
2025-05-12 11:07:12,277 - INFO - fl - start - start client 6 training
2025-05-12 11:07:12,277 - INFO - fl - client_local_train - client 6 start local training ...
2025-05-12 11:07:16,949 - INFO - fl - start - end client 6 training
2025-05-12 11:07:16,950 - INFO - fl - start - client 6 evaluation metrics: {'train_loss': 499586638933257.5, 'test_acc': 8.92}
2025-05-12 11:07:16,950 - INFO - fl - start - start client 7 training
2025-05-12 11:07:16,950 - INFO - fl - client_local_train - client 7 start local training ...
2025-05-12 11:07:19,770 - INFO - fl - start - end client 7 training
2025-05-12 11:07:19,771 - INFO - fl - start - client 7 evaluation metrics: {'train_loss': 275627820537173.34, 'test_acc': 10.1}
2025-05-12 11:07:19,771 - INFO - fl - start - start client 8 training
2025-05-12 11:07:19,771 - INFO - fl - client_local_train - client 8 start local training ...
2025-05-12 11:07:22,874 - INFO - fl - start - end client 8 training
2025-05-12 11:07:22,874 - INFO - fl - start - client 8 evaluation metrics: {'train_loss': 392014309664434.6, 'test_acc': 10.1}
2025-05-12 11:07:22,874 - INFO - fl - start - start client 9 training
2025-05-12 11:07:22,874 - INFO - fl - client_local_train - client 9 start local training ...
2025-05-12 11:07:25,089 - INFO - fl - client_local_train - client 9 is attacker, start poisoning model
2025-05-12 11:07:28,956 - INFO - fl - start - end client 9 training
2025-05-12 11:07:28,956 - INFO - fl - start - client 9 evaluation metrics: {'train_loss': 3.8097235457235544e+16, 'test_acc': 10.32}
2025-05-12 11:07:28,956 - INFO - fl - aggregate_model - start model aggregation...fusion method: dual_defense
2025-05-12 11:07:28,956 - INFO - fl - aggregate_model - start hyper-guard fusion with epsilon 0.01
2025-05-12 11:07:28,956 - INFO - fl - aggregate_model - round 9 attackers: [1, 9]
2025-05-12 11:07:40,029 - DEBUG - util_fusion - fusion_dual_defense - client 0 scores: {0: array([9106.93720322]), 1: array([9107.1377493]), 2: array([9107.30151923]), 3: array([9107.26532989]), 4: array([9107.38034449]), 5: array([9107.34558289]), 6: array([9107.16662915]), 7: array([9106.09471445]), 8: array([9106.59424224]), 9: array([9107.15169972])}
2025-05-12 11:07:40,029 - DEBUG - util_fusion - fusion_dual_defense - client 0 norm scores: {0: array([0.65531198]), 1: array([0.81130249]), 2: array([0.93868744]), 3: array([0.91053834]), 4: array([1.]), 5: array([0.97296143]), 6: array([0.83376606]), 7: array([0.]), 8: array([0.38854708]), 9: array([0.82215353])}
2025-05-12 11:07:40,030 - DEBUG - util_fusion - fusion_dual_defense - client 0 similarity threshold: 0.733326834616126
2025-05-12 11:07:40,030 - INFO - util_fusion - fusion_dual_defense - client 0 selected fusion benigns: [1, 2, 3, 4, 5, 6, 9]
2025-05-12 11:07:40,038 - DEBUG - util_fusion - fusion_dual_defense - client 1 scores: {0: array([9106.93720322]), 1: array([9107.1377493]), 2: array([9107.30151923]), 3: array([9107.26532989]), 4: array([9107.38034449]), 5: array([9107.34558289]), 6: array([9107.16662915]), 7: array([9106.09471445]), 8: array([9106.59424224]), 9: array([9107.15169972])}
2025-05-12 11:07:40,039 - DEBUG - util_fusion - fusion_dual_defense - client 1 norm scores: {0: array([0.65531198]), 1: array([0.81130249]), 2: array([0.93868744]), 3: array([0.91053834]), 4: array([1.]), 5: array([0.97296143]), 6: array([0.83376606]), 7: array([0.]), 8: array([0.38854708]), 9: array([0.82215353])}
2025-05-12 11:07:40,039 - DEBUG - util_fusion - fusion_dual_defense - client 1 similarity threshold: 0.733326834616126
2025-05-12 11:07:40,039 - INFO - util_fusion - fusion_dual_defense - client 1 selected fusion benigns: [1, 2, 3, 4, 5, 6, 9]
2025-05-12 11:07:40,047 - DEBUG - util_fusion - fusion_dual_defense - client 2 scores: {0: array([9106.93720322]), 1: array([9107.1377493]), 2: array([9107.30151923]), 3: array([9107.26532989]), 4: array([9107.38034449]), 5: array([9107.34558289]), 6: array([9107.16662915]), 7: array([9106.09471445]), 8: array([9106.59424224]), 9: array([9107.15169972])}
2025-05-12 11:07:40,048 - DEBUG - util_fusion - fusion_dual_defense - client 2 norm scores: {0: array([0.65531198]), 1: array([0.81130249]), 2: array([0.93868744]), 3: array([0.91053834]), 4: array([1.]), 5: array([0.97296143]), 6: array([0.83376606]), 7: array([0.]), 8: array([0.38854708]), 9: array([0.82215353])}
2025-05-12 11:07:40,048 - DEBUG - util_fusion - fusion_dual_defense - client 2 similarity threshold: 0.733326834616126
2025-05-12 11:07:40,048 - INFO - util_fusion - fusion_dual_defense - client 2 selected fusion benigns: [1, 2, 3, 4, 5, 6, 9]
2025-05-12 11:07:40,056 - DEBUG - util_fusion - fusion_dual_defense - client 3 scores: {0: array([9106.93720322]), 1: array([9107.1377493]), 2: array([9107.30151923]), 3: array([9107.26532989]), 4: array([9107.38034449]), 5: array([9107.34558289]), 6: array([9107.16662915]), 7: array([9106.09471445]), 8: array([9106.59424224]), 9: array([9107.15169972])}
2025-05-12 11:07:40,057 - DEBUG - util_fusion - fusion_dual_defense - client 3 norm scores: {0: array([0.65531198]), 1: array([0.81130249]), 2: array([0.93868744]), 3: array([0.91053834]), 4: array([1.]), 5: array([0.97296143]), 6: array([0.83376606]), 7: array([0.]), 8: array([0.38854708]), 9: array([0.82215353])}
2025-05-12 11:07:40,057 - DEBUG - util_fusion - fusion_dual_defense - client 3 similarity threshold: 0.733326834616126
2025-05-12 11:07:40,057 - INFO - util_fusion - fusion_dual_defense - client 3 selected fusion benigns: [1, 2, 3, 4, 5, 6, 9]
2025-05-12 11:07:40,065 - DEBUG - util_fusion - fusion_dual_defense - client 4 scores: {0: array([9106.93720322]), 1: array([9107.1377493]), 2: array([9107.30151923]), 3: array([9107.26532989]), 4: array([9107.38034449]), 5: array([9107.34558289]), 6: array([9107.16662915]), 7: array([9106.09471445]), 8: array([9106.59424224]), 9: array([9107.15169972])}
2025-05-12 11:07:40,066 - DEBUG - util_fusion - fusion_dual_defense - client 4 norm scores: {0: array([0.65531198]), 1: array([0.81130249]), 2: array([0.93868744]), 3: array([0.91053834]), 4: array([1.]), 5: array([0.97296143]), 6: array([0.83376606]), 7: array([0.]), 8: array([0.38854708]), 9: array([0.82215353])}
2025-05-12 11:07:40,066 - DEBUG - util_fusion - fusion_dual_defense - client 4 similarity threshold: 0.733326834616126
2025-05-12 11:07:40,066 - INFO - util_fusion - fusion_dual_defense - client 4 selected fusion benigns: [1, 2, 3, 4, 5, 6, 9]
2025-05-12 11:07:40,074 - DEBUG - util_fusion - fusion_dual_defense - client 5 scores: {0: array([9106.93720322]), 1: array([9107.1377493]), 2: array([9107.30151923]), 3: array([9107.26532989]), 4: array([9107.38034449]), 5: array([9107.34558289]), 6: array([9107.16662915]), 7: array([9106.09471445]), 8: array([9106.59424224]), 9: array([9107.15169972])}
2025-05-12 11:07:40,075 - DEBUG - util_fusion - fusion_dual_defense - client 5 norm scores: {0: array([0.65531198]), 1: array([0.81130249]), 2: array([0.93868744]), 3: array([0.91053834]), 4: array([1.]), 5: array([0.97296143]), 6: array([0.83376606]), 7: array([0.]), 8: array([0.38854708]), 9: array([0.82215353])}
2025-05-12 11:07:40,075 - DEBUG - util_fusion - fusion_dual_defense - client 5 similarity threshold: 0.733326834616126
2025-05-12 11:07:40,075 - INFO - util_fusion - fusion_dual_defense - client 5 selected fusion benigns: [1, 2, 3, 4, 5, 6, 9]
2025-05-12 11:07:40,083 - DEBUG - util_fusion - fusion_dual_defense - client 6 scores: {0: array([9106.93720322]), 1: array([9107.1377493]), 2: array([9107.30151923]), 3: array([9107.26532989]), 4: array([9107.38034449]), 5: array([9107.34558289]), 6: array([9107.16662915]), 7: array([9106.09471445]), 8: array([9106.59424224]), 9: array([9107.15169972])}
2025-05-12 11:07:40,084 - DEBUG - util_fusion - fusion_dual_defense - client 6 norm scores: {0: array([0.65531198]), 1: array([0.81130249]), 2: array([0.93868744]), 3: array([0.91053834]), 4: array([1.]), 5: array([0.97296143]), 6: array([0.83376606]), 7: array([0.]), 8: array([0.38854708]), 9: array([0.82215353])}
2025-05-12 11:07:40,084 - DEBUG - util_fusion - fusion_dual_defense - client 6 similarity threshold: 0.733326834616126
2025-05-12 11:07:40,084 - INFO - util_fusion - fusion_dual_defense - client 6 selected fusion benigns: [1, 2, 3, 4, 5, 6, 9]
2025-05-12 11:07:40,092 - DEBUG - util_fusion - fusion_dual_defense - client 7 scores: {0: array([9106.93720322]), 1: array([9107.1377493]), 2: array([9107.30151923]), 3: array([9107.26532989]), 4: array([9107.38034449]), 5: array([9107.34558289]), 6: array([9107.16662915]), 7: array([9106.09471445]), 8: array([9106.59424224]), 9: array([9107.15169972])}
2025-05-12 11:07:40,093 - DEBUG - util_fusion - fusion_dual_defense - client 7 norm scores: {0: array([0.65531198]), 1: array([0.81130249]), 2: array([0.93868744]), 3: array([0.91053834]), 4: array([1.]), 5: array([0.97296143]), 6: array([0.83376606]), 7: array([0.]), 8: array([0.38854708]), 9: array([0.82215353])}
2025-05-12 11:07:40,093 - DEBUG - util_fusion - fusion_dual_defense - client 7 similarity threshold: 0.733326834616126
2025-05-12 11:07:40,093 - INFO - util_fusion - fusion_dual_defense - client 7 selected fusion benigns: [1, 2, 3, 4, 5, 6, 9]
2025-05-12 11:07:40,101 - DEBUG - util_fusion - fusion_dual_defense - client 8 scores: {0: array([9106.93720322]), 1: array([9107.1377493]), 2: array([9107.30151923]), 3: array([9107.26532989]), 4: array([9107.38034449]), 5: array([9107.34558289]), 6: array([9107.16662915]), 7: array([9106.09471445]), 8: array([9106.59424224]), 9: array([9107.15169972])}
2025-05-12 11:07:40,102 - DEBUG - util_fusion - fusion_dual_defense - client 8 norm scores: {0: array([0.65531198]), 1: array([0.81130249]), 2: array([0.93868744]), 3: array([0.91053834]), 4: array([1.]), 5: array([0.97296143]), 6: array([0.83376606]), 7: array([0.]), 8: array([0.38854708]), 9: array([0.82215353])}
2025-05-12 11:07:40,102 - DEBUG - util_fusion - fusion_dual_defense - client 8 similarity threshold: 0.733326834616126
2025-05-12 11:07:40,102 - INFO - util_fusion - fusion_dual_defense - client 8 selected fusion benigns: [1, 2, 3, 4, 5, 6, 9]
2025-05-12 11:07:40,111 - DEBUG - util_fusion - fusion_dual_defense - client 9 scores: {0: array([9106.93720322]), 1: array([9107.1377493]), 2: array([9107.30151923]), 3: array([9107.26532989]), 4: array([9107.38034449]), 5: array([9107.34558289]), 6: array([9107.16662915]), 7: array([9106.09471445]), 8: array([9106.59424224]), 9: array([9107.15169972])}
2025-05-12 11:07:40,111 - DEBUG - util_fusion - fusion_dual_defense - client 9 norm scores: {0: array([0.65531198]), 1: array([0.81130249]), 2: array([0.93868744]), 3: array([0.91053834]), 4: array([1.]), 5: array([0.97296143]), 6: array([0.83376606]), 7: array([0.]), 8: array([0.38854708]), 9: array([0.82215353])}
2025-05-12 11:07:40,111 - DEBUG - util_fusion - fusion_dual_defense - client 9 similarity threshold: 0.733326834616126
2025-05-12 11:07:40,111 - INFO - util_fusion - fusion_dual_defense - client 9 selected fusion benigns: [1, 2, 3, 4, 5, 6, 9]
2025-05-12 11:07:40,111 - DEBUG - util_fusion - fusion_dual_defense - final fusion benigns: (1, 2, 3, 4, 5, 6, 9)
2025-05-12 11:07:41,930 - INFO - fl - start - global side -  test accuracy: 10.32
2025-05-12 11:07:41,931 - INFO - fl - start - global side iteration 9 -  test accuracy: 10.32
2025-05-12 11:07:41,931 - INFO - fl - start - start training round 10
2025-05-12 11:07:41,932 - INFO - fl - start - round 10 attackers: [8, 1]
2025-05-12 11:07:41,932 - INFO - fl - start - start client 0 training
2025-05-12 11:07:41,932 - INFO - fl - client_local_train - client 0 start local training ...
2025-05-12 11:07:49,627 - INFO - fl - start - end client 0 training
2025-05-12 11:07:49,627 - INFO - fl - start - client 0 evaluation metrics: {'train_loss': 2540624220687267.0, 'test_acc': 9.8}
2025-05-12 11:07:49,627 - INFO - fl - start - start client 1 training
2025-05-12 11:07:49,627 - INFO - fl - client_local_train - client 1 start local training ...
2025-05-12 11:07:52,365 - INFO - fl - client_local_train - client 1 is attacker, start poisoning model
2025-05-12 11:07:56,525 - INFO - fl - start - end client 1 training
2025-05-12 11:07:56,525 - INFO - fl - start - client 1 evaluation metrics: {'train_loss': 1.0760846938911851e+17, 'test_acc': 10.27}
2025-05-12 11:07:56,525 - INFO - fl - start - start client 2 training
2025-05-12 11:07:56,525 - INFO - fl - client_local_train - client 2 start local training ...
2025-05-12 11:08:01,921 - INFO - fl - start - end client 2 training
2025-05-12 11:08:01,921 - INFO - fl - start - client 2 evaluation metrics: {'train_loss': 2103850338412000.8, 'test_acc': 11.34}
2025-05-12 11:08:01,921 - INFO - fl - start - start client 3 training
2025-05-12 11:08:01,921 - INFO - fl - client_local_train - client 3 start local training ...
2025-05-12 11:08:08,700 - INFO - fl - start - end client 3 training
2025-05-12 11:08:08,700 - INFO - fl - start - client 3 evaluation metrics: {'train_loss': 1775314335011684.8, 'test_acc': 10.1}
2025-05-12 11:08:08,701 - INFO - fl - start - start client 4 training
2025-05-12 11:08:08,701 - INFO - fl - client_local_train - client 4 start local training ...
2025-05-12 11:08:17,813 - INFO - fl - start - end client 4 training
2025-05-12 11:08:17,813 - INFO - fl - start - client 4 evaluation metrics: {'train_loss': 1467869656990302.8, 'test_acc': 9.8}
2025-05-12 11:08:17,813 - INFO - fl - start - start client 5 training
2025-05-12 11:08:17,813 - INFO - fl - client_local_train - client 5 start local training ...
2025-05-12 11:08:21,571 - INFO - fl - start - end client 5 training
2025-05-12 11:08:21,571 - INFO - fl - start - client 5 evaluation metrics: {'train_loss': 1495611941295633.8, 'test_acc': 11.35}
2025-05-12 11:08:21,571 - INFO - fl - start - start client 6 training
2025-05-12 11:08:21,571 - INFO - fl - client_local_train - client 6 start local training ...
2025-05-12 11:08:26,235 - INFO - fl - start - end client 6 training
2025-05-12 11:08:26,235 - INFO - fl - start - client 6 evaluation metrics: {'train_loss': 1422072752114852.2, 'test_acc': 10.15}
2025-05-12 11:08:26,236 - INFO - fl - start - start client 7 training
2025-05-12 11:08:26,236 - INFO - fl - client_local_train - client 7 start local training ...
2025-05-12 11:08:29,069 - INFO - fl - start - end client 7 training
2025-05-12 11:08:29,069 - INFO - fl - start - client 7 evaluation metrics: {'train_loss': 1080704290346325.4, 'test_acc': 8.97}
2025-05-12 11:08:29,069 - INFO - fl - start - start client 8 training
2025-05-12 11:08:29,069 - INFO - fl - client_local_train - client 8 start local training ...
2025-05-12 11:08:30,465 - INFO - fl - client_local_train - client 8 is attacker, start poisoning model
2025-05-12 11:08:33,907 - INFO - fl - start - end client 8 training
2025-05-12 11:08:33,907 - INFO - fl - start - client 8 evaluation metrics: {'train_loss': 9.952207264867485e+16, 'test_acc': 9.73}
2025-05-12 11:08:33,907 - INFO - fl - start - start client 9 training
2025-05-12 11:08:33,907 - INFO - fl - client_local_train - client 9 start local training ...
2025-05-12 11:08:38,062 - INFO - fl - start - end client 9 training
2025-05-12 11:08:38,062 - INFO - fl - start - client 9 evaluation metrics: {'train_loss': 1401716935229440.0, 'test_acc': 9.8}
2025-05-12 11:08:38,062 - INFO - fl - aggregate_model - start model aggregation...fusion method: dual_defense
2025-05-12 11:08:38,063 - INFO - fl - aggregate_model - start hyper-guard fusion with epsilon 0.01
2025-05-12 11:08:38,063 - INFO - fl - aggregate_model - round 10 attackers: [8, 1]
2025-05-12 11:08:49,150 - DEBUG - util_fusion - fusion_dual_defense - client 0 scores: {0: array([4733.82346161]), 1: array([4733.11021026]), 2: array([4734.30829345]), 3: array([4734.43172161]), 4: array([4734.4846812]), 5: array([4734.29414415]), 6: array([4734.3118374]), 7: array([4734.39300324]), 8: array([4734.29915452]), 9: array([4734.12273299])}
2025-05-12 11:08:49,151 - DEBUG - util_fusion - fusion_dual_defense - client 0 norm scores: {0: array([0.51892793]), 1: array([0.]), 2: array([0.87166862]), 3: array([0.96146911]), 4: array([1.]), 5: array([0.86137427]), 6: array([0.87424703]), 7: array([0.93329946]), 8: array([0.86501957]), 9: array([0.73666361])}
2025-05-12 11:08:49,151 - DEBUG - util_fusion - fusion_dual_defense - client 0 similarity threshold: 0.7622669605216659
2025-05-12 11:08:49,151 - INFO - util_fusion - fusion_dual_defense - client 0 selected fusion benigns: [2, 3, 4, 5, 6, 7, 8]
2025-05-12 11:08:49,160 - DEBUG - util_fusion - fusion_dual_defense - client 1 scores: {0: array([4733.82346161]), 1: array([4733.11021026]), 2: array([4734.30829345]), 3: array([4734.43172161]), 4: array([4734.4846812]), 5: array([4734.29414415]), 6: array([4734.3118374]), 7: array([4734.39300324]), 8: array([4734.29915452]), 9: array([4734.12273299])}
2025-05-12 11:08:49,160 - DEBUG - util_fusion - fusion_dual_defense - client 1 norm scores: {0: array([0.51892793]), 1: array([0.]), 2: array([0.87166862]), 3: array([0.96146911]), 4: array([1.]), 5: array([0.86137427]), 6: array([0.87424703]), 7: array([0.93329946]), 8: array([0.86501957]), 9: array([0.73666361])}
2025-05-12 11:08:49,160 - DEBUG - util_fusion - fusion_dual_defense - client 1 similarity threshold: 0.7622669605216659
2025-05-12 11:08:49,160 - INFO - util_fusion - fusion_dual_defense - client 1 selected fusion benigns: [2, 3, 4, 5, 6, 7, 8]
2025-05-12 11:08:49,169 - DEBUG - util_fusion - fusion_dual_defense - client 2 scores: {0: array([4733.82346161]), 1: array([4733.11021026]), 2: array([4734.30829345]), 3: array([4734.43172161]), 4: array([4734.4846812]), 5: array([4734.29414415]), 6: array([4734.3118374]), 7: array([4734.39300324]), 8: array([4734.29915452]), 9: array([4734.12273299])}
2025-05-12 11:08:49,169 - DEBUG - util_fusion - fusion_dual_defense - client 2 norm scores: {0: array([0.51892793]), 1: array([0.]), 2: array([0.87166862]), 3: array([0.96146911]), 4: array([1.]), 5: array([0.86137427]), 6: array([0.87424703]), 7: array([0.93329946]), 8: array([0.86501957]), 9: array([0.73666361])}
2025-05-12 11:08:49,169 - DEBUG - util_fusion - fusion_dual_defense - client 2 similarity threshold: 0.7622669605216659
2025-05-12 11:08:49,169 - INFO - util_fusion - fusion_dual_defense - client 2 selected fusion benigns: [2, 3, 4, 5, 6, 7, 8]
2025-05-12 11:08:49,178 - DEBUG - util_fusion - fusion_dual_defense - client 3 scores: {0: array([4733.82346161]), 1: array([4733.11021026]), 2: array([4734.30829345]), 3: array([4734.43172161]), 4: array([4734.4846812]), 5: array([4734.29414415]), 6: array([4734.3118374]), 7: array([4734.39300324]), 8: array([4734.29915452]), 9: array([4734.12273299])}
2025-05-12 11:08:49,178 - DEBUG - util_fusion - fusion_dual_defense - client 3 norm scores: {0: array([0.51892793]), 1: array([0.]), 2: array([0.87166862]), 3: array([0.96146911]), 4: array([1.]), 5: array([0.86137427]), 6: array([0.87424703]), 7: array([0.93329946]), 8: array([0.86501957]), 9: array([0.73666361])}
2025-05-12 11:08:49,178 - DEBUG - util_fusion - fusion_dual_defense - client 3 similarity threshold: 0.7622669605216659
2025-05-12 11:08:49,178 - INFO - util_fusion - fusion_dual_defense - client 3 selected fusion benigns: [2, 3, 4, 5, 6, 7, 8]
2025-05-12 11:08:49,187 - DEBUG - util_fusion - fusion_dual_defense - client 4 scores: {0: array([4733.82346161]), 1: array([4733.11021026]), 2: array([4734.30829345]), 3: array([4734.43172161]), 4: array([4734.4846812]), 5: array([4734.29414415]), 6: array([4734.3118374]), 7: array([4734.39300324]), 8: array([4734.29915452]), 9: array([4734.12273299])}
2025-05-12 11:08:49,187 - DEBUG - util_fusion - fusion_dual_defense - client 4 norm scores: {0: array([0.51892793]), 1: array([0.]), 2: array([0.87166862]), 3: array([0.96146911]), 4: array([1.]), 5: array([0.86137427]), 6: array([0.87424703]), 7: array([0.93329946]), 8: array([0.86501957]), 9: array([0.73666361])}
2025-05-12 11:08:49,187 - DEBUG - util_fusion - fusion_dual_defense - client 4 similarity threshold: 0.7622669605216659
2025-05-12 11:08:49,188 - INFO - util_fusion - fusion_dual_defense - client 4 selected fusion benigns: [2, 3, 4, 5, 6, 7, 8]
2025-05-12 11:08:49,196 - DEBUG - util_fusion - fusion_dual_defense - client 5 scores: {0: array([4733.82346161]), 1: array([4733.11021026]), 2: array([4734.30829345]), 3: array([4734.43172161]), 4: array([4734.4846812]), 5: array([4734.29414415]), 6: array([4734.3118374]), 7: array([4734.39300324]), 8: array([4734.29915452]), 9: array([4734.12273299])}
2025-05-12 11:08:49,197 - DEBUG - util_fusion - fusion_dual_defense - client 5 norm scores: {0: array([0.51892793]), 1: array([0.]), 2: array([0.87166862]), 3: array([0.96146911]), 4: array([1.]), 5: array([0.86137427]), 6: array([0.87424703]), 7: array([0.93329946]), 8: array([0.86501957]), 9: array([0.73666361])}
2025-05-12 11:08:49,197 - DEBUG - util_fusion - fusion_dual_defense - client 5 similarity threshold: 0.7622669605216659
2025-05-12 11:08:49,197 - INFO - util_fusion - fusion_dual_defense - client 5 selected fusion benigns: [2, 3, 4, 5, 6, 7, 8]
2025-05-12 11:08:49,205 - DEBUG - util_fusion - fusion_dual_defense - client 6 scores: {0: array([4733.82346161]), 1: array([4733.11021026]), 2: array([4734.30829345]), 3: array([4734.43172161]), 4: array([4734.4846812]), 5: array([4734.29414415]), 6: array([4734.3118374]), 7: array([4734.39300324]), 8: array([4734.29915452]), 9: array([4734.12273299])}
2025-05-12 11:08:49,206 - DEBUG - util_fusion - fusion_dual_defense - client 6 norm scores: {0: array([0.51892793]), 1: array([0.]), 2: array([0.87166862]), 3: array([0.96146911]), 4: array([1.]), 5: array([0.86137427]), 6: array([0.87424703]), 7: array([0.93329946]), 8: array([0.86501957]), 9: array([0.73666361])}
2025-05-12 11:08:49,206 - DEBUG - util_fusion - fusion_dual_defense - client 6 similarity threshold: 0.7622669605216659
2025-05-12 11:08:49,206 - INFO - util_fusion - fusion_dual_defense - client 6 selected fusion benigns: [2, 3, 4, 5, 6, 7, 8]
2025-05-12 11:08:49,214 - DEBUG - util_fusion - fusion_dual_defense - client 7 scores: {0: array([4733.82346161]), 1: array([4733.11021026]), 2: array([4734.30829345]), 3: array([4734.43172161]), 4: array([4734.4846812]), 5: array([4734.29414415]), 6: array([4734.3118374]), 7: array([4734.39300324]), 8: array([4734.29915452]), 9: array([4734.12273299])}
2025-05-12 11:08:49,215 - DEBUG - util_fusion - fusion_dual_defense - client 7 norm scores: {0: array([0.51892793]), 1: array([0.]), 2: array([0.87166862]), 3: array([0.96146911]), 4: array([1.]), 5: array([0.86137427]), 6: array([0.87424703]), 7: array([0.93329946]), 8: array([0.86501957]), 9: array([0.73666361])}
2025-05-12 11:08:49,215 - DEBUG - util_fusion - fusion_dual_defense - client 7 similarity threshold: 0.7622669605216659
2025-05-12 11:08:49,215 - INFO - util_fusion - fusion_dual_defense - client 7 selected fusion benigns: [2, 3, 4, 5, 6, 7, 8]
2025-05-12 11:08:49,223 - DEBUG - util_fusion - fusion_dual_defense - client 8 scores: {0: array([4733.82346161]), 1: array([4733.11021026]), 2: array([4734.30829345]), 3: array([4734.43172161]), 4: array([4734.4846812]), 5: array([4734.29414415]), 6: array([4734.3118374]), 7: array([4734.39300324]), 8: array([4734.29915452]), 9: array([4734.12273299])}
2025-05-12 11:08:49,224 - DEBUG - util_fusion - fusion_dual_defense - client 8 norm scores: {0: array([0.51892793]), 1: array([0.]), 2: array([0.87166862]), 3: array([0.96146911]), 4: array([1.]), 5: array([0.86137427]), 6: array([0.87424703]), 7: array([0.93329946]), 8: array([0.86501957]), 9: array([0.73666361])}
2025-05-12 11:08:49,224 - DEBUG - util_fusion - fusion_dual_defense - client 8 similarity threshold: 0.7622669605216659
2025-05-12 11:08:49,224 - INFO - util_fusion - fusion_dual_defense - client 8 selected fusion benigns: [2, 3, 4, 5, 6, 7, 8]
2025-05-12 11:08:49,232 - DEBUG - util_fusion - fusion_dual_defense - client 9 scores: {0: array([4733.82346161]), 1: array([4733.11021026]), 2: array([4734.30829345]), 3: array([4734.43172161]), 4: array([4734.4846812]), 5: array([4734.29414415]), 6: array([4734.3118374]), 7: array([4734.39300324]), 8: array([4734.29915452]), 9: array([4734.12273299])}
2025-05-12 11:08:49,233 - DEBUG - util_fusion - fusion_dual_defense - client 9 norm scores: {0: array([0.51892793]), 1: array([0.]), 2: array([0.87166862]), 3: array([0.96146911]), 4: array([1.]), 5: array([0.86137427]), 6: array([0.87424703]), 7: array([0.93329946]), 8: array([0.86501957]), 9: array([0.73666361])}
2025-05-12 11:08:49,233 - DEBUG - util_fusion - fusion_dual_defense - client 9 similarity threshold: 0.7622669605216659
2025-05-12 11:08:49,233 - INFO - util_fusion - fusion_dual_defense - client 9 selected fusion benigns: [2, 3, 4, 5, 6, 7, 8]
2025-05-12 11:08:49,233 - DEBUG - util_fusion - fusion_dual_defense - final fusion benigns: (2, 3, 4, 5, 6, 7, 8)
2025-05-12 11:08:51,055 - INFO - fl - start - global side -  test accuracy: 10.08
2025-05-12 11:08:51,055 - INFO - fl - start - global side iteration 10 -  test accuracy: 10.08
2025-05-12 11:08:51,056 - INFO - fl - start - start training round 11
2025-05-12 11:08:51,057 - INFO - fl - start - round 11 attackers: [0, 7]
2025-05-12 11:08:51,057 - INFO - fl - start - start client 0 training
2025-05-12 11:08:51,057 - INFO - fl - client_local_train - client 0 start local training ...
2025-05-12 11:08:56,054 - INFO - fl - client_local_train - client 0 is attacker, start poisoning model
2025-05-12 11:09:01,436 - INFO - fl - start - end client 0 training
2025-05-12 11:09:01,436 - INFO - fl - start - client 0 evaluation metrics: {'train_loss': 1.7551281344832614e+17, 'test_acc': 9.82}
2025-05-12 11:09:01,436 - INFO - fl - start - start client 1 training
2025-05-12 11:09:01,436 - INFO - fl - client_local_train - client 1 start local training ...
2025-05-12 11:09:06,266 - INFO - fl - start - end client 1 training
2025-05-12 11:09:06,266 - INFO - fl - start - client 1 evaluation metrics: {'train_loss': 3758976078945914.0, 'test_acc': 10.06}
2025-05-12 11:09:06,266 - INFO - fl - start - start client 2 training
2025-05-12 11:09:06,266 - INFO - fl - client_local_train - client 2 start local training ...
2025-05-12 11:09:11,677 - INFO - fl - start - end client 2 training
2025-05-12 11:09:11,677 - INFO - fl - start - client 2 evaluation metrics: {'train_loss': 2357175272245206.0, 'test_acc': 10.11}
2025-05-12 11:09:11,677 - INFO - fl - start - start client 3 training
2025-05-12 11:09:11,677 - INFO - fl - client_local_train - client 3 start local training ...
2025-05-12 11:09:18,415 - INFO - fl - start - end client 3 training
2025-05-12 11:09:18,415 - INFO - fl - start - client 3 evaluation metrics: {'train_loss': 2067695906324480.0, 'test_acc': 10.07}
2025-05-12 11:09:18,415 - INFO - fl - start - start client 4 training
2025-05-12 11:09:18,415 - INFO - fl - client_local_train - client 4 start local training ...
2025-05-12 11:09:27,557 - INFO - fl - start - end client 4 training
2025-05-12 11:09:27,557 - INFO - fl - start - client 4 evaluation metrics: {'train_loss': 2412789197713603.0, 'test_acc': 9.8}
2025-05-12 11:09:27,557 - INFO - fl - start - start client 5 training
2025-05-12 11:09:27,557 - INFO - fl - client_local_train - client 5 start local training ...
2025-05-12 11:09:31,294 - INFO - fl - start - end client 5 training
2025-05-12 11:09:31,294 - INFO - fl - start - client 5 evaluation metrics: {'train_loss': 2747413728031426.0, 'test_acc': 10.12}
2025-05-12 11:09:31,294 - INFO - fl - start - start client 6 training
2025-05-12 11:09:31,294 - INFO - fl - client_local_train - client 6 start local training ...
2025-05-12 11:09:35,970 - INFO - fl - start - end client 6 training
2025-05-12 11:09:35,971 - INFO - fl - start - client 6 evaluation metrics: {'train_loss': 1477108582350443.5, 'test_acc': 10.26}
2025-05-12 11:09:35,971 - INFO - fl - start - start client 7 training
2025-05-12 11:09:35,971 - INFO - fl - client_local_train - client 7 start local training ...
2025-05-12 11:09:37,129 - INFO - fl - client_local_train - client 7 is attacker, start poisoning model
2025-05-12 11:09:40,449 - INFO - fl - start - end client 7 training
2025-05-12 11:09:40,449 - INFO - fl - start - client 7 evaluation metrics: {'train_loss': 1.005604482359114e+17, 'test_acc': 8.92}
2025-05-12 11:09:40,449 - INFO - fl - start - start client 8 training
2025-05-12 11:09:40,449 - INFO - fl - client_local_train - client 8 start local training ...
2025-05-12 11:09:43,593 - INFO - fl - start - end client 8 training
2025-05-12 11:09:43,593 - INFO - fl - start - client 8 evaluation metrics: {'train_loss': 2866575052410594.0, 'test_acc': 10.33}
2025-05-12 11:09:43,593 - INFO - fl - start - start client 9 training
2025-05-12 11:09:43,593 - INFO - fl - client_local_train - client 9 start local training ...
2025-05-12 11:09:47,715 - INFO - fl - start - end client 9 training
2025-05-12 11:09:47,715 - INFO - fl - start - client 9 evaluation metrics: {'train_loss': 2263254637524148.5, 'test_acc': 10.32}
2025-05-12 11:09:47,715 - INFO - fl - aggregate_model - start model aggregation...fusion method: dual_defense
2025-05-12 11:09:47,715 - INFO - fl - aggregate_model - start hyper-guard fusion with epsilon 0.01
2025-05-12 11:09:47,715 - INFO - fl - aggregate_model - round 11 attackers: [0, 7]
2025-05-12 11:09:58,842 - DEBUG - util_fusion - fusion_dual_defense - client 0 scores: {0: array([9034.57889933]), 1: array([9036.13146654]), 2: array([9036.14127951]), 3: array([9036.09119203]), 4: array([9036.2293937]), 5: array([9035.43696816]), 6: array([9036.19010958]), 7: array([9036.14218445]), 8: array([9035.77899551]), 9: array([9035.125108])}
2025-05-12 11:09:58,843 - DEBUG - util_fusion - fusion_dual_defense - client 0 norm scores: {0: array([0.]), 1: array([0.94066799]), 2: array([0.94661346]), 3: array([0.9162665]), 4: array([1.]), 5: array([0.51988595]), 6: array([0.97619857]), 7: array([0.94716174]), 8: array([0.72711316]), 9: array([0.3309364])}
2025-05-12 11:09:58,843 - DEBUG - util_fusion - fusion_dual_defense - client 0 similarity threshold: 0.7304843761357158
2025-05-12 11:09:58,843 - INFO - util_fusion - fusion_dual_defense - client 0 selected fusion benigns: [1, 2, 3, 4, 6, 7]
2025-05-12 11:09:58,851 - DEBUG - util_fusion - fusion_dual_defense - client 1 scores: {0: array([9034.57889933]), 1: array([9036.13146654]), 2: array([9036.14127951]), 3: array([9036.09119203]), 4: array([9036.2293937]), 5: array([9035.43696816]), 6: array([9036.19010958]), 7: array([9036.14218445]), 8: array([9035.77899551]), 9: array([9035.125108])}
2025-05-12 11:09:58,852 - DEBUG - util_fusion - fusion_dual_defense - client 1 norm scores: {0: array([0.]), 1: array([0.94066799]), 2: array([0.94661346]), 3: array([0.9162665]), 4: array([1.]), 5: array([0.51988595]), 6: array([0.97619857]), 7: array([0.94716174]), 8: array([0.72711316]), 9: array([0.3309364])}
2025-05-12 11:09:58,852 - DEBUG - util_fusion - fusion_dual_defense - client 1 similarity threshold: 0.7304843761357158
2025-05-12 11:09:58,852 - INFO - util_fusion - fusion_dual_defense - client 1 selected fusion benigns: [1, 2, 3, 4, 6, 7]
2025-05-12 11:09:58,860 - DEBUG - util_fusion - fusion_dual_defense - client 2 scores: {0: array([9034.57889933]), 1: array([9036.13146654]), 2: array([9036.14127951]), 3: array([9036.09119203]), 4: array([9036.2293937]), 5: array([9035.43696816]), 6: array([9036.19010958]), 7: array([9036.14218445]), 8: array([9035.77899551]), 9: array([9035.125108])}
2025-05-12 11:09:58,861 - DEBUG - util_fusion - fusion_dual_defense - client 2 norm scores: {0: array([0.]), 1: array([0.94066799]), 2: array([0.94661346]), 3: array([0.9162665]), 4: array([1.]), 5: array([0.51988595]), 6: array([0.97619857]), 7: array([0.94716174]), 8: array([0.72711316]), 9: array([0.3309364])}
2025-05-12 11:09:58,861 - DEBUG - util_fusion - fusion_dual_defense - client 2 similarity threshold: 0.7304843761357158
2025-05-12 11:09:58,861 - INFO - util_fusion - fusion_dual_defense - client 2 selected fusion benigns: [1, 2, 3, 4, 6, 7]
2025-05-12 11:09:58,869 - DEBUG - util_fusion - fusion_dual_defense - client 3 scores: {0: array([9034.57889933]), 1: array([9036.13146654]), 2: array([9036.14127951]), 3: array([9036.09119203]), 4: array([9036.2293937]), 5: array([9035.43696816]), 6: array([9036.19010958]), 7: array([9036.14218445]), 8: array([9035.77899551]), 9: array([9035.125108])}
2025-05-12 11:09:58,870 - DEBUG - util_fusion - fusion_dual_defense - client 3 norm scores: {0: array([0.]), 1: array([0.94066799]), 2: array([0.94661346]), 3: array([0.9162665]), 4: array([1.]), 5: array([0.51988595]), 6: array([0.97619857]), 7: array([0.94716174]), 8: array([0.72711316]), 9: array([0.3309364])}
2025-05-12 11:09:58,870 - DEBUG - util_fusion - fusion_dual_defense - client 3 similarity threshold: 0.7304843761357158
2025-05-12 11:09:58,870 - INFO - util_fusion - fusion_dual_defense - client 3 selected fusion benigns: [1, 2, 3, 4, 6, 7]
2025-05-12 11:09:58,878 - DEBUG - util_fusion - fusion_dual_defense - client 4 scores: {0: array([9034.57889933]), 1: array([9036.13146654]), 2: array([9036.14127951]), 3: array([9036.09119203]), 4: array([9036.2293937]), 5: array([9035.43696816]), 6: array([9036.19010958]), 7: array([9036.14218445]), 8: array([9035.77899551]), 9: array([9035.125108])}
2025-05-12 11:09:58,879 - DEBUG - util_fusion - fusion_dual_defense - client 4 norm scores: {0: array([0.]), 1: array([0.94066799]), 2: array([0.94661346]), 3: array([0.9162665]), 4: array([1.]), 5: array([0.51988595]), 6: array([0.97619857]), 7: array([0.94716174]), 8: array([0.72711316]), 9: array([0.3309364])}
2025-05-12 11:09:58,879 - DEBUG - util_fusion - fusion_dual_defense - client 4 similarity threshold: 0.7304843761357158
2025-05-12 11:09:58,879 - INFO - util_fusion - fusion_dual_defense - client 4 selected fusion benigns: [1, 2, 3, 4, 6, 7]
2025-05-12 11:09:58,887 - DEBUG - util_fusion - fusion_dual_defense - client 5 scores: {0: array([9034.57889933]), 1: array([9036.13146654]), 2: array([9036.14127951]), 3: array([9036.09119203]), 4: array([9036.2293937]), 5: array([9035.43696816]), 6: array([9036.19010958]), 7: array([9036.14218445]), 8: array([9035.77899551]), 9: array([9035.125108])}
2025-05-12 11:09:58,888 - DEBUG - util_fusion - fusion_dual_defense - client 5 norm scores: {0: array([0.]), 1: array([0.94066799]), 2: array([0.94661346]), 3: array([0.9162665]), 4: array([1.]), 5: array([0.51988595]), 6: array([0.97619857]), 7: array([0.94716174]), 8: array([0.72711316]), 9: array([0.3309364])}
2025-05-12 11:09:58,888 - DEBUG - util_fusion - fusion_dual_defense - client 5 similarity threshold: 0.7304843761357158
2025-05-12 11:09:58,888 - INFO - util_fusion - fusion_dual_defense - client 5 selected fusion benigns: [1, 2, 3, 4, 6, 7]
2025-05-12 11:09:58,896 - DEBUG - util_fusion - fusion_dual_defense - client 6 scores: {0: array([9034.57889933]), 1: array([9036.13146654]), 2: array([9036.14127951]), 3: array([9036.09119203]), 4: array([9036.2293937]), 5: array([9035.43696816]), 6: array([9036.19010958]), 7: array([9036.14218445]), 8: array([9035.77899551]), 9: array([9035.125108])}
2025-05-12 11:09:58,897 - DEBUG - util_fusion - fusion_dual_defense - client 6 norm scores: {0: array([0.]), 1: array([0.94066799]), 2: array([0.94661346]), 3: array([0.9162665]), 4: array([1.]), 5: array([0.51988595]), 6: array([0.97619857]), 7: array([0.94716174]), 8: array([0.72711316]), 9: array([0.3309364])}
2025-05-12 11:09:58,897 - DEBUG - util_fusion - fusion_dual_defense - client 6 similarity threshold: 0.7304843761357158
2025-05-12 11:09:58,897 - INFO - util_fusion - fusion_dual_defense - client 6 selected fusion benigns: [1, 2, 3, 4, 6, 7]
2025-05-12 11:09:58,905 - DEBUG - util_fusion - fusion_dual_defense - client 7 scores: {0: array([9034.57889933]), 1: array([9036.13146654]), 2: array([9036.14127951]), 3: array([9036.09119203]), 4: array([9036.2293937]), 5: array([9035.43696816]), 6: array([9036.19010958]), 7: array([9036.14218445]), 8: array([9035.77899551]), 9: array([9035.125108])}
2025-05-12 11:09:58,906 - DEBUG - util_fusion - fusion_dual_defense - client 7 norm scores: {0: array([0.]), 1: array([0.94066799]), 2: array([0.94661346]), 3: array([0.9162665]), 4: array([1.]), 5: array([0.51988595]), 6: array([0.97619857]), 7: array([0.94716174]), 8: array([0.72711316]), 9: array([0.3309364])}
2025-05-12 11:09:58,906 - DEBUG - util_fusion - fusion_dual_defense - client 7 similarity threshold: 0.7304843761357158
2025-05-12 11:09:58,906 - INFO - util_fusion - fusion_dual_defense - client 7 selected fusion benigns: [1, 2, 3, 4, 6, 7]
2025-05-12 11:09:58,914 - DEBUG - util_fusion - fusion_dual_defense - client 8 scores: {0: array([9034.57889933]), 1: array([9036.13146654]), 2: array([9036.14127951]), 3: array([9036.09119203]), 4: array([9036.2293937]), 5: array([9035.43696816]), 6: array([9036.19010958]), 7: array([9036.14218445]), 8: array([9035.77899551]), 9: array([9035.125108])}
2025-05-12 11:09:58,915 - DEBUG - util_fusion - fusion_dual_defense - client 8 norm scores: {0: array([0.]), 1: array([0.94066799]), 2: array([0.94661346]), 3: array([0.9162665]), 4: array([1.]), 5: array([0.51988595]), 6: array([0.97619857]), 7: array([0.94716174]), 8: array([0.72711316]), 9: array([0.3309364])}
2025-05-12 11:09:58,915 - DEBUG - util_fusion - fusion_dual_defense - client 8 similarity threshold: 0.7304843761357158
2025-05-12 11:09:58,915 - INFO - util_fusion - fusion_dual_defense - client 8 selected fusion benigns: [1, 2, 3, 4, 6, 7]
2025-05-12 11:09:58,923 - DEBUG - util_fusion - fusion_dual_defense - client 9 scores: {0: array([9034.57889933]), 1: array([9036.13146654]), 2: array([9036.14127951]), 3: array([9036.09119203]), 4: array([9036.2293937]), 5: array([9035.43696816]), 6: array([9036.19010958]), 7: array([9036.14218445]), 8: array([9035.77899551]), 9: array([9035.125108])}
2025-05-12 11:09:58,924 - DEBUG - util_fusion - fusion_dual_defense - client 9 norm scores: {0: array([0.]), 1: array([0.94066799]), 2: array([0.94661346]), 3: array([0.9162665]), 4: array([1.]), 5: array([0.51988595]), 6: array([0.97619857]), 7: array([0.94716174]), 8: array([0.72711316]), 9: array([0.3309364])}
2025-05-12 11:09:58,924 - DEBUG - util_fusion - fusion_dual_defense - client 9 similarity threshold: 0.7304843761357158
2025-05-12 11:09:58,924 - INFO - util_fusion - fusion_dual_defense - client 9 selected fusion benigns: [1, 2, 3, 4, 6, 7]
2025-05-12 11:09:58,924 - DEBUG - util_fusion - fusion_dual_defense - final fusion benigns: (1, 2, 3, 4, 6, 7)
2025-05-12 11:10:00,690 - INFO - fl - start - global side -  test accuracy: 9.8
2025-05-12 11:10:00,690 - INFO - fl - start - global side iteration 11 -  test accuracy: 9.8
2025-05-12 11:10:00,691 - INFO - fl - start - start training round 12
2025-05-12 11:10:00,692 - INFO - fl - start - round 12 attackers: [8, 4]
2025-05-12 11:10:00,692 - INFO - fl - start - start client 0 training
2025-05-12 11:10:00,692 - INFO - fl - client_local_train - client 0 start local training ...
2025-05-12 11:10:08,421 - INFO - fl - start - end client 0 training
2025-05-12 11:10:08,421 - INFO - fl - start - client 0 evaluation metrics: {'train_loss': nan, 'test_acc': 9.8}
2025-05-12 11:10:08,421 - INFO - fl - start - start client 1 training
2025-05-12 11:10:08,421 - INFO - fl - client_local_train - client 1 start local training ...
2025-05-12 11:10:13,260 - INFO - fl - start - end client 1 training
2025-05-12 11:10:13,260 - INFO - fl - start - client 1 evaluation metrics: {'train_loss': nan, 'test_acc': 9.8}
2025-05-12 11:10:13,260 - INFO - fl - start - start client 2 training
2025-05-12 11:10:13,260 - INFO - fl - client_local_train - client 2 start local training ...
2025-05-12 11:10:18,670 - INFO - fl - start - end client 2 training
2025-05-12 11:10:18,670 - INFO - fl - start - client 2 evaluation metrics: {'train_loss': nan, 'test_acc': 9.8}
2025-05-12 11:10:18,670 - INFO - fl - start - start client 3 training
2025-05-12 11:10:18,670 - INFO - fl - client_local_train - client 3 start local training ...
2025-05-12 11:10:25,425 - INFO - fl - start - end client 3 training
2025-05-12 11:10:25,425 - INFO - fl - start - client 3 evaluation metrics: {'train_loss': nan, 'test_acc': 9.8}
2025-05-12 11:10:25,425 - INFO - fl - start - start client 4 training
2025-05-12 11:10:25,425 - INFO - fl - client_local_train - client 4 start local training ...
2025-05-12 11:10:31,535 - INFO - fl - client_local_train - client 4 is attacker, start poisoning model
2025-05-12 11:10:37,522 - INFO - fl - start - end client 4 training
2025-05-12 11:10:37,522 - INFO - fl - start - client 4 evaluation metrics: {'train_loss': nan, 'test_acc': 9.8}
2025-05-12 11:10:37,522 - INFO - fl - start - start client 5 training
2025-05-12 11:10:37,522 - INFO - fl - client_local_train - client 5 start local training ...
2025-05-12 11:10:41,241 - INFO - fl - start - end client 5 training
2025-05-12 11:10:41,241 - INFO - fl - start - client 5 evaluation metrics: {'train_loss': nan, 'test_acc': 9.8}
2025-05-12 11:10:41,241 - INFO - fl - start - start client 6 training
2025-05-12 11:10:41,241 - INFO - fl - client_local_train - client 6 start local training ...
2025-05-12 11:10:45,898 - INFO - fl - start - end client 6 training
2025-05-12 11:10:45,898 - INFO - fl - start - client 6 evaluation metrics: {'train_loss': nan, 'test_acc': 9.8}
2025-05-12 11:10:45,898 - INFO - fl - start - start client 7 training
2025-05-12 11:10:45,898 - INFO - fl - client_local_train - client 7 start local training ...
2025-05-12 11:10:48,706 - INFO - fl - start - end client 7 training
2025-05-12 11:10:48,706 - INFO - fl - start - client 7 evaluation metrics: {'train_loss': nan, 'test_acc': 9.8}
2025-05-12 11:10:48,706 - INFO - fl - start - start client 8 training
2025-05-12 11:10:48,706 - INFO - fl - client_local_train - client 8 start local training ...
2025-05-12 11:10:50,096 - INFO - fl - client_local_train - client 8 is attacker, start poisoning model
2025-05-12 11:10:53,544 - INFO - fl - start - end client 8 training
2025-05-12 11:10:53,544 - INFO - fl - start - client 8 evaluation metrics: {'train_loss': nan, 'test_acc': 9.8}
2025-05-12 11:10:53,544 - INFO - fl - start - start client 9 training
2025-05-12 11:10:53,544 - INFO - fl - client_local_train - client 9 start local training ...
2025-05-12 11:10:57,666 - INFO - fl - start - end client 9 training
2025-05-12 11:10:57,666 - INFO - fl - start - client 9 evaluation metrics: {'train_loss': nan, 'test_acc': 9.8}
2025-05-12 11:10:57,666 - INFO - fl - aggregate_model - start model aggregation...fusion method: dual_defense
2025-05-12 11:10:57,666 - INFO - fl - aggregate_model - start hyper-guard fusion with epsilon 0.01
2025-05-12 11:10:57,666 - INFO - fl - aggregate_model - round 12 attackers: [8, 4]
2025-05-12 11:11:08,674 - DEBUG - util_fusion - fusion_dual_defense - client 0 scores: {0: array([5.97575065e+12]), 1: array([5.97575065e+12]), 2: array([5.97575065e+12]), 3: array([5.97575065e+12]), 4: array([5.97575065e+12]), 5: array([5.97575065e+12]), 6: array([5.97575065e+12]), 7: array([5.97575065e+12]), 8: array([5.97575065e+12]), 9: array([5.97575065e+12])}
2025-05-12 11:11:08,674 - DEBUG - util_fusion - fusion_dual_defense - client 0 norm scores: {0: array([0.]), 1: array([1.]), 2: array([1.]), 3: array([0.]), 4: array([1.]), 5: array([0.]), 6: array([1.]), 7: array([0.]), 8: array([0.]), 9: array([0.])}
2025-05-12 11:11:08,675 - DEBUG - util_fusion - fusion_dual_defense - client 0 similarity threshold: 0.4
2025-05-12 11:11:08,675 - INFO - util_fusion - fusion_dual_defense - client 0 selected fusion benigns: [1, 2, 4, 6]
2025-05-12 11:11:08,683 - DEBUG - util_fusion - fusion_dual_defense - client 1 scores: {0: array([5.97575065e+12]), 1: array([5.97575065e+12]), 2: array([5.97575065e+12]), 3: array([5.97575065e+12]), 4: array([5.97575065e+12]), 5: array([5.97575065e+12]), 6: array([5.97575065e+12]), 7: array([5.97575065e+12]), 8: array([5.97575065e+12]), 9: array([5.97575065e+12])}
2025-05-12 11:11:08,684 - DEBUG - util_fusion - fusion_dual_defense - client 1 norm scores: {0: array([0.]), 1: array([1.]), 2: array([1.]), 3: array([0.]), 4: array([1.]), 5: array([0.]), 6: array([1.]), 7: array([0.]), 8: array([0.]), 9: array([0.])}
2025-05-12 11:11:08,684 - DEBUG - util_fusion - fusion_dual_defense - client 1 similarity threshold: 0.4
2025-05-12 11:11:08,684 - INFO - util_fusion - fusion_dual_defense - client 1 selected fusion benigns: [1, 2, 4, 6]
2025-05-12 11:11:08,693 - DEBUG - util_fusion - fusion_dual_defense - client 2 scores: {0: array([5.97575065e+12]), 1: array([5.97575065e+12]), 2: array([5.97575065e+12]), 3: array([5.97575065e+12]), 4: array([5.97575065e+12]), 5: array([5.97575065e+12]), 6: array([5.97575065e+12]), 7: array([5.97575065e+12]), 8: array([5.97575065e+12]), 9: array([5.97575065e+12])}
2025-05-12 11:11:08,693 - DEBUG - util_fusion - fusion_dual_defense - client 2 norm scores: {0: array([0.]), 1: array([1.]), 2: array([1.]), 3: array([0.]), 4: array([1.]), 5: array([0.]), 6: array([1.]), 7: array([0.]), 8: array([0.]), 9: array([0.])}
2025-05-12 11:11:08,693 - DEBUG - util_fusion - fusion_dual_defense - client 2 similarity threshold: 0.4
2025-05-12 11:11:08,693 - INFO - util_fusion - fusion_dual_defense - client 2 selected fusion benigns: [1, 2, 4, 6]
2025-05-12 11:11:08,702 - DEBUG - util_fusion - fusion_dual_defense - client 3 scores: {0: array([5.97575065e+12]), 1: array([5.97575065e+12]), 2: array([5.97575065e+12]), 3: array([5.97575065e+12]), 4: array([5.97575065e+12]), 5: array([5.97575065e+12]), 6: array([5.97575065e+12]), 7: array([5.97575065e+12]), 8: array([5.97575065e+12]), 9: array([5.97575065e+12])}
2025-05-12 11:11:08,702 - DEBUG - util_fusion - fusion_dual_defense - client 3 norm scores: {0: array([0.]), 1: array([1.]), 2: array([1.]), 3: array([0.]), 4: array([1.]), 5: array([0.]), 6: array([1.]), 7: array([0.]), 8: array([0.]), 9: array([0.])}
2025-05-12 11:11:08,702 - DEBUG - util_fusion - fusion_dual_defense - client 3 similarity threshold: 0.4
2025-05-12 11:11:08,702 - INFO - util_fusion - fusion_dual_defense - client 3 selected fusion benigns: [1, 2, 4, 6]
2025-05-12 11:11:08,711 - DEBUG - util_fusion - fusion_dual_defense - client 4 scores: {0: array([5.97575065e+12]), 1: array([5.97575065e+12]), 2: array([5.97575065e+12]), 3: array([5.97575065e+12]), 4: array([5.97575065e+12]), 5: array([5.97575065e+12]), 6: array([5.97575065e+12]), 7: array([5.97575065e+12]), 8: array([5.97575065e+12]), 9: array([5.97575065e+12])}
2025-05-12 11:11:08,712 - DEBUG - util_fusion - fusion_dual_defense - client 4 norm scores: {0: array([0.]), 1: array([1.]), 2: array([1.]), 3: array([0.]), 4: array([1.]), 5: array([0.]), 6: array([1.]), 7: array([0.]), 8: array([0.]), 9: array([0.])}
2025-05-12 11:11:08,712 - DEBUG - util_fusion - fusion_dual_defense - client 4 similarity threshold: 0.4
2025-05-12 11:11:08,712 - INFO - util_fusion - fusion_dual_defense - client 4 selected fusion benigns: [1, 2, 4, 6]
2025-05-12 11:11:08,720 - DEBUG - util_fusion - fusion_dual_defense - client 5 scores: {0: array([5.97575065e+12]), 1: array([5.97575065e+12]), 2: array([5.97575065e+12]), 3: array([5.97575065e+12]), 4: array([5.97575065e+12]), 5: array([5.97575065e+12]), 6: array([5.97575065e+12]), 7: array([5.97575065e+12]), 8: array([5.97575065e+12]), 9: array([5.97575065e+12])}
2025-05-12 11:11:08,721 - DEBUG - util_fusion - fusion_dual_defense - client 5 norm scores: {0: array([0.]), 1: array([1.]), 2: array([1.]), 3: array([0.]), 4: array([1.]), 5: array([0.]), 6: array([1.]), 7: array([0.]), 8: array([0.]), 9: array([0.])}
2025-05-12 11:11:08,721 - DEBUG - util_fusion - fusion_dual_defense - client 5 similarity threshold: 0.4
2025-05-12 11:11:08,721 - INFO - util_fusion - fusion_dual_defense - client 5 selected fusion benigns: [1, 2, 4, 6]
2025-05-12 11:11:08,730 - DEBUG - util_fusion - fusion_dual_defense - client 6 scores: {0: array([5.97575065e+12]), 1: array([5.97575065e+12]), 2: array([5.97575065e+12]), 3: array([5.97575065e+12]), 4: array([5.97575065e+12]), 5: array([5.97575065e+12]), 6: array([5.97575065e+12]), 7: array([5.97575065e+12]), 8: array([5.97575065e+12]), 9: array([5.97575065e+12])}
2025-05-12 11:11:08,730 - DEBUG - util_fusion - fusion_dual_defense - client 6 norm scores: {0: array([0.]), 1: array([1.]), 2: array([1.]), 3: array([0.]), 4: array([1.]), 5: array([0.]), 6: array([1.]), 7: array([0.]), 8: array([0.]), 9: array([0.])}
2025-05-12 11:11:08,730 - DEBUG - util_fusion - fusion_dual_defense - client 6 similarity threshold: 0.4
2025-05-12 11:11:08,730 - INFO - util_fusion - fusion_dual_defense - client 6 selected fusion benigns: [1, 2, 4, 6]
2025-05-12 11:11:08,739 - DEBUG - util_fusion - fusion_dual_defense - client 7 scores: {0: array([5.97575065e+12]), 1: array([5.97575065e+12]), 2: array([5.97575065e+12]), 3: array([5.97575065e+12]), 4: array([5.97575065e+12]), 5: array([5.97575065e+12]), 6: array([5.97575065e+12]), 7: array([5.97575065e+12]), 8: array([5.97575065e+12]), 9: array([5.97575065e+12])}
2025-05-12 11:11:08,739 - DEBUG - util_fusion - fusion_dual_defense - client 7 norm scores: {0: array([0.]), 1: array([1.]), 2: array([1.]), 3: array([0.]), 4: array([1.]), 5: array([0.]), 6: array([1.]), 7: array([0.]), 8: array([0.]), 9: array([0.])}
2025-05-12 11:11:08,739 - DEBUG - util_fusion - fusion_dual_defense - client 7 similarity threshold: 0.4
2025-05-12 11:11:08,739 - INFO - util_fusion - fusion_dual_defense - client 7 selected fusion benigns: [1, 2, 4, 6]
2025-05-12 11:11:08,748 - DEBUG - util_fusion - fusion_dual_defense - client 8 scores: {0: array([5.97575065e+12]), 1: array([5.97575065e+12]), 2: array([5.97575065e+12]), 3: array([5.97575065e+12]), 4: array([5.97575065e+12]), 5: array([5.97575065e+12]), 6: array([5.97575065e+12]), 7: array([5.97575065e+12]), 8: array([5.97575065e+12]), 9: array([5.97575065e+12])}
2025-05-12 11:11:08,749 - DEBUG - util_fusion - fusion_dual_defense - client 8 norm scores: {0: array([0.]), 1: array([1.]), 2: array([1.]), 3: array([0.]), 4: array([1.]), 5: array([0.]), 6: array([1.]), 7: array([0.]), 8: array([0.]), 9: array([0.])}
2025-05-12 11:11:08,749 - DEBUG - util_fusion - fusion_dual_defense - client 8 similarity threshold: 0.4
2025-05-12 11:11:08,749 - INFO - util_fusion - fusion_dual_defense - client 8 selected fusion benigns: [1, 2, 4, 6]
2025-05-12 11:11:08,757 - DEBUG - util_fusion - fusion_dual_defense - client 9 scores: {0: array([5.97575065e+12]), 1: array([5.97575065e+12]), 2: array([5.97575065e+12]), 3: array([5.97575065e+12]), 4: array([5.97575065e+12]), 5: array([5.97575065e+12]), 6: array([5.97575065e+12]), 7: array([5.97575065e+12]), 8: array([5.97575065e+12]), 9: array([5.97575065e+12])}
2025-05-12 11:11:08,758 - DEBUG - util_fusion - fusion_dual_defense - client 9 norm scores: {0: array([0.]), 1: array([1.]), 2: array([1.]), 3: array([0.]), 4: array([1.]), 5: array([0.]), 6: array([1.]), 7: array([0.]), 8: array([0.]), 9: array([0.])}
2025-05-12 11:11:08,758 - DEBUG - util_fusion - fusion_dual_defense - client 9 similarity threshold: 0.4
2025-05-12 11:11:08,758 - INFO - util_fusion - fusion_dual_defense - client 9 selected fusion benigns: [1, 2, 4, 6]
2025-05-12 11:11:08,758 - DEBUG - util_fusion - fusion_dual_defense - final fusion benigns: (1, 2, 4, 6)
2025-05-12 11:11:10,405 - INFO - fl - start - global side -  test accuracy: 9.8
2025-05-12 11:11:10,405 - INFO - fl - start - global side iteration 12 -  test accuracy: 9.8
2025-05-12 11:11:10,405 - INFO - fl - start - start training round 13
2025-05-12 11:11:10,407 - INFO - fl - start - round 13 attackers: [2, 3]
2025-05-12 11:11:10,407 - INFO - fl - start - start client 0 training
2025-05-12 11:11:10,407 - INFO - fl - client_local_train - client 0 start local training ...
2025-05-12 11:11:18,113 - INFO - fl - start - end client 0 training
2025-05-12 11:11:18,113 - INFO - fl - start - client 0 evaluation metrics: {'train_loss': 1.771033339686208, 'test_acc': 9.8}
2025-05-12 11:11:18,113 - INFO - fl - start - start client 1 training
2025-05-12 11:11:18,113 - INFO - fl - client_local_train - client 1 start local training ...
2025-05-12 11:11:22,937 - INFO - fl - start - end client 1 training
2025-05-12 11:11:22,937 - INFO - fl - start - client 1 evaluation metrics: {'train_loss': nan, 'test_acc': 9.8}
2025-05-12 11:11:22,937 - INFO - fl - start - start client 2 training
2025-05-12 11:11:22,937 - INFO - fl - client_local_train - client 2 start local training ...
2025-05-12 11:11:26,122 - INFO - fl - client_local_train - client 2 is attacker, start poisoning model
2025-05-12 11:11:30,527 - INFO - fl - start - end client 2 training
2025-05-12 11:11:30,528 - INFO - fl - start - client 2 evaluation metrics: {'train_loss': nan, 'test_acc': 9.8}
2025-05-12 11:11:30,528 - INFO - fl - start - start client 3 training
2025-05-12 11:11:30,528 - INFO - fl - client_local_train - client 3 start local training ...
2025-05-12 11:11:34,828 - INFO - fl - client_local_train - client 3 is attacker, start poisoning model
2025-05-12 11:11:39,819 - INFO - fl - start - end client 3 training
2025-05-12 11:11:39,819 - INFO - fl - start - client 3 evaluation metrics: {'train_loss': nan, 'test_acc': 9.8}
2025-05-12 11:11:39,820 - INFO - fl - start - start client 4 training
2025-05-12 11:11:39,820 - INFO - fl - client_local_train - client 4 start local training ...
2025-05-12 11:11:48,916 - INFO - fl - start - end client 4 training
2025-05-12 11:11:48,916 - INFO - fl - start - client 4 evaluation metrics: {'train_loss': 1.8927513606964597, 'test_acc': 9.74}
2025-05-12 11:11:48,916 - INFO - fl - start - start client 5 training
2025-05-12 11:11:48,916 - INFO - fl - client_local_train - client 5 start local training ...
2025-05-12 11:11:52,660 - INFO - fl - start - end client 5 training
2025-05-12 11:11:52,660 - INFO - fl - start - client 5 evaluation metrics: {'train_loss': nan, 'test_acc': 9.8}
2025-05-12 11:11:52,660 - INFO - fl - start - start client 6 training
2025-05-12 11:11:52,660 - INFO - fl - client_local_train - client 6 start local training ...
2025-05-12 11:11:57,330 - INFO - fl - start - end client 6 training
2025-05-12 11:11:57,330 - INFO - fl - start - client 6 evaluation metrics: {'train_loss': nan, 'test_acc': 9.8}
2025-05-12 11:11:57,330 - INFO - fl - start - start client 7 training
2025-05-12 11:11:57,330 - INFO - fl - client_local_train - client 7 start local training ...
2025-05-12 11:12:00,147 - INFO - fl - start - end client 7 training
2025-05-12 11:12:00,148 - INFO - fl - start - client 7 evaluation metrics: {'train_loss': nan, 'test_acc': 9.8}
2025-05-12 11:12:00,148 - INFO - fl - start - start client 8 training
2025-05-12 11:12:00,148 - INFO - fl - client_local_train - client 8 start local training ...
2025-05-12 11:12:03,264 - INFO - fl - start - end client 8 training
2025-05-12 11:12:03,264 - INFO - fl - start - client 8 evaluation metrics: {'train_loss': nan, 'test_acc': 9.8}
2025-05-12 11:12:03,264 - INFO - fl - start - start client 9 training
2025-05-12 11:12:03,273 - INFO - fl - client_local_train - client 9 start local training ...
2025-05-12 11:12:07,402 - INFO - fl - start - end client 9 training
2025-05-12 11:12:07,402 - INFO - fl - start - client 9 evaluation metrics: {'train_loss': 1.2170873205451405, 'test_acc': 10.32}
2025-05-12 11:12:07,402 - INFO - fl - aggregate_model - start model aggregation...fusion method: dual_defense
2025-05-12 11:12:07,402 - INFO - fl - aggregate_model - start hyper-guard fusion with epsilon 0.01
2025-05-12 11:12:07,402 - INFO - fl - aggregate_model - round 13 attackers: [2, 3]
2025-05-12 11:12:18,500 - DEBUG - util_fusion - fusion_dual_defense - client 0 scores: {0: array([2.87501413e-07]), 1: array([2.36259056e+12]), 2: array([2.36259056e+12]), 3: array([2.36259056e+12]), 4: array([5.92301407e-06]), 5: array([2.36259056e+12]), 6: array([2.36259056e+12]), 7: array([2.36259056e+12]), 8: array([2.36259056e+12]), 9: array([6.52982992e-06])}
2025-05-12 11:12:18,501 - DEBUG - util_fusion - fusion_dual_defense - client 0 norm scores: {0: array([0.]), 1: array([1.]), 2: array([1.]), 3: array([1.]), 4: array([2.38531075e-18]), 5: array([1.]), 6: array([1.]), 7: array([1.]), 8: array([1.]), 9: array([2.64215418e-18])}
2025-05-12 11:12:18,501 - DEBUG - util_fusion - fusion_dual_defense - client 0 similarity threshold: 0.7
2025-05-12 11:12:18,501 - INFO - util_fusion - fusion_dual_defense - client 0 selected fusion benigns: [1, 2, 3, 5, 6, 7, 8]
2025-05-12 11:12:18,509 - DEBUG - util_fusion - fusion_dual_defense - client 1 scores: {0: array([2.87501413e-07]), 1: array([2.36259056e+12]), 2: array([2.36259056e+12]), 3: array([2.36259056e+12]), 4: array([5.92301407e-06]), 5: array([2.36259056e+12]), 6: array([2.36259056e+12]), 7: array([2.36259056e+12]), 8: array([2.36259056e+12]), 9: array([6.52982992e-06])}
2025-05-12 11:12:18,510 - DEBUG - util_fusion - fusion_dual_defense - client 1 norm scores: {0: array([0.]), 1: array([1.]), 2: array([1.]), 3: array([1.]), 4: array([2.38531075e-18]), 5: array([1.]), 6: array([1.]), 7: array([1.]), 8: array([1.]), 9: array([2.64215418e-18])}
2025-05-12 11:12:18,510 - DEBUG - util_fusion - fusion_dual_defense - client 1 similarity threshold: 0.7
2025-05-12 11:12:18,510 - INFO - util_fusion - fusion_dual_defense - client 1 selected fusion benigns: [1, 2, 3, 5, 6, 7, 8]
2025-05-12 11:12:18,519 - DEBUG - util_fusion - fusion_dual_defense - client 2 scores: {0: array([2.87501413e-07]), 1: array([2.36259056e+12]), 2: array([2.36259056e+12]), 3: array([2.36259056e+12]), 4: array([5.92301407e-06]), 5: array([2.36259056e+12]), 6: array([2.36259056e+12]), 7: array([2.36259056e+12]), 8: array([2.36259056e+12]), 9: array([6.52982992e-06])}
2025-05-12 11:12:18,519 - DEBUG - util_fusion - fusion_dual_defense - client 2 norm scores: {0: array([0.]), 1: array([1.]), 2: array([1.]), 3: array([1.]), 4: array([2.38531075e-18]), 5: array([1.]), 6: array([1.]), 7: array([1.]), 8: array([1.]), 9: array([2.64215418e-18])}
2025-05-12 11:12:18,520 - DEBUG - util_fusion - fusion_dual_defense - client 2 similarity threshold: 0.7
2025-05-12 11:12:18,520 - INFO - util_fusion - fusion_dual_defense - client 2 selected fusion benigns: [1, 2, 3, 5, 6, 7, 8]
2025-05-12 11:12:18,528 - DEBUG - util_fusion - fusion_dual_defense - client 3 scores: {0: array([2.87501413e-07]), 1: array([2.36259056e+12]), 2: array([2.36259056e+12]), 3: array([2.36259056e+12]), 4: array([5.92301407e-06]), 5: array([2.36259056e+12]), 6: array([2.36259056e+12]), 7: array([2.36259056e+12]), 8: array([2.36259056e+12]), 9: array([6.52982992e-06])}
2025-05-12 11:12:18,529 - DEBUG - util_fusion - fusion_dual_defense - client 3 norm scores: {0: array([0.]), 1: array([1.]), 2: array([1.]), 3: array([1.]), 4: array([2.38531075e-18]), 5: array([1.]), 6: array([1.]), 7: array([1.]), 8: array([1.]), 9: array([2.64215418e-18])}
2025-05-12 11:12:18,529 - DEBUG - util_fusion - fusion_dual_defense - client 3 similarity threshold: 0.7
2025-05-12 11:12:18,529 - INFO - util_fusion - fusion_dual_defense - client 3 selected fusion benigns: [1, 2, 3, 5, 6, 7, 8]
2025-05-12 11:12:18,537 - DEBUG - util_fusion - fusion_dual_defense - client 4 scores: {0: array([2.87501413e-07]), 1: array([2.36259056e+12]), 2: array([2.36259056e+12]), 3: array([2.36259056e+12]), 4: array([5.92301407e-06]), 5: array([2.36259056e+12]), 6: array([2.36259056e+12]), 7: array([2.36259056e+12]), 8: array([2.36259056e+12]), 9: array([6.52982992e-06])}
2025-05-12 11:12:18,538 - DEBUG - util_fusion - fusion_dual_defense - client 4 norm scores: {0: array([0.]), 1: array([1.]), 2: array([1.]), 3: array([1.]), 4: array([2.38531075e-18]), 5: array([1.]), 6: array([1.]), 7: array([1.]), 8: array([1.]), 9: array([2.64215418e-18])}
2025-05-12 11:12:18,538 - DEBUG - util_fusion - fusion_dual_defense - client 4 similarity threshold: 0.7
2025-05-12 11:12:18,538 - INFO - util_fusion - fusion_dual_defense - client 4 selected fusion benigns: [1, 2, 3, 5, 6, 7, 8]
2025-05-12 11:12:18,547 - DEBUG - util_fusion - fusion_dual_defense - client 5 scores: {0: array([2.87501413e-07]), 1: array([2.36259056e+12]), 2: array([2.36259056e+12]), 3: array([2.36259056e+12]), 4: array([5.92301407e-06]), 5: array([2.36259056e+12]), 6: array([2.36259056e+12]), 7: array([2.36259056e+12]), 8: array([2.36259056e+12]), 9: array([6.52982992e-06])}
2025-05-12 11:12:18,547 - DEBUG - util_fusion - fusion_dual_defense - client 5 norm scores: {0: array([0.]), 1: array([1.]), 2: array([1.]), 3: array([1.]), 4: array([2.38531075e-18]), 5: array([1.]), 6: array([1.]), 7: array([1.]), 8: array([1.]), 9: array([2.64215418e-18])}
2025-05-12 11:12:18,547 - DEBUG - util_fusion - fusion_dual_defense - client 5 similarity threshold: 0.7
2025-05-12 11:12:18,547 - INFO - util_fusion - fusion_dual_defense - client 5 selected fusion benigns: [1, 2, 3, 5, 6, 7, 8]
2025-05-12 11:12:18,556 - DEBUG - util_fusion - fusion_dual_defense - client 6 scores: {0: array([2.87501413e-07]), 1: array([2.36259056e+12]), 2: array([2.36259056e+12]), 3: array([2.36259056e+12]), 4: array([5.92301407e-06]), 5: array([2.36259056e+12]), 6: array([2.36259056e+12]), 7: array([2.36259056e+12]), 8: array([2.36259056e+12]), 9: array([6.52982992e-06])}
2025-05-12 11:12:18,557 - DEBUG - util_fusion - fusion_dual_defense - client 6 norm scores: {0: array([0.]), 1: array([1.]), 2: array([1.]), 3: array([1.]), 4: array([2.38531075e-18]), 5: array([1.]), 6: array([1.]), 7: array([1.]), 8: array([1.]), 9: array([2.64215418e-18])}
2025-05-12 11:12:18,557 - DEBUG - util_fusion - fusion_dual_defense - client 6 similarity threshold: 0.7
2025-05-12 11:12:18,557 - INFO - util_fusion - fusion_dual_defense - client 6 selected fusion benigns: [1, 2, 3, 5, 6, 7, 8]
2025-05-12 11:12:18,565 - DEBUG - util_fusion - fusion_dual_defense - client 7 scores: {0: array([2.87501413e-07]), 1: array([2.36259056e+12]), 2: array([2.36259056e+12]), 3: array([2.36259056e+12]), 4: array([5.92301407e-06]), 5: array([2.36259056e+12]), 6: array([2.36259056e+12]), 7: array([2.36259056e+12]), 8: array([2.36259056e+12]), 9: array([6.52982992e-06])}
2025-05-12 11:12:18,566 - DEBUG - util_fusion - fusion_dual_defense - client 7 norm scores: {0: array([0.]), 1: array([1.]), 2: array([1.]), 3: array([1.]), 4: array([2.38531075e-18]), 5: array([1.]), 6: array([1.]), 7: array([1.]), 8: array([1.]), 9: array([2.64215418e-18])}
2025-05-12 11:12:18,566 - DEBUG - util_fusion - fusion_dual_defense - client 7 similarity threshold: 0.7
2025-05-12 11:12:18,566 - INFO - util_fusion - fusion_dual_defense - client 7 selected fusion benigns: [1, 2, 3, 5, 6, 7, 8]
2025-05-12 11:12:18,575 - DEBUG - util_fusion - fusion_dual_defense - client 8 scores: {0: array([2.87501413e-07]), 1: array([2.36259056e+12]), 2: array([2.36259056e+12]), 3: array([2.36259056e+12]), 4: array([5.92301407e-06]), 5: array([2.36259056e+12]), 6: array([2.36259056e+12]), 7: array([2.36259056e+12]), 8: array([2.36259056e+12]), 9: array([6.52982992e-06])}
2025-05-12 11:12:18,575 - DEBUG - util_fusion - fusion_dual_defense - client 8 norm scores: {0: array([0.]), 1: array([1.]), 2: array([1.]), 3: array([1.]), 4: array([2.38531075e-18]), 5: array([1.]), 6: array([1.]), 7: array([1.]), 8: array([1.]), 9: array([2.64215418e-18])}
2025-05-12 11:12:18,575 - DEBUG - util_fusion - fusion_dual_defense - client 8 similarity threshold: 0.7
2025-05-12 11:12:18,575 - INFO - util_fusion - fusion_dual_defense - client 8 selected fusion benigns: [1, 2, 3, 5, 6, 7, 8]
2025-05-12 11:12:18,584 - DEBUG - util_fusion - fusion_dual_defense - client 9 scores: {0: array([2.87501413e-07]), 1: array([2.36259056e+12]), 2: array([2.36259056e+12]), 3: array([2.36259056e+12]), 4: array([5.92301407e-06]), 5: array([2.36259056e+12]), 6: array([2.36259056e+12]), 7: array([2.36259056e+12]), 8: array([2.36259056e+12]), 9: array([6.52982992e-06])}
2025-05-12 11:12:18,585 - DEBUG - util_fusion - fusion_dual_defense - client 9 norm scores: {0: array([0.]), 1: array([1.]), 2: array([1.]), 3: array([1.]), 4: array([2.38531075e-18]), 5: array([1.]), 6: array([1.]), 7: array([1.]), 8: array([1.]), 9: array([2.64215418e-18])}
2025-05-12 11:12:18,585 - DEBUG - util_fusion - fusion_dual_defense - client 9 similarity threshold: 0.7
2025-05-12 11:12:18,585 - INFO - util_fusion - fusion_dual_defense - client 9 selected fusion benigns: [1, 2, 3, 5, 6, 7, 8]
2025-05-12 11:12:18,585 - DEBUG - util_fusion - fusion_dual_defense - final fusion benigns: (1, 2, 3, 5, 6, 7, 8)
2025-05-12 11:12:20,403 - INFO - fl - start - global side -  test accuracy: 9.8
2025-05-12 11:12:20,403 - INFO - fl - start - global side iteration 13 -  test accuracy: 9.8
2025-05-12 11:12:20,403 - INFO - fl - start - start training round 14
2025-05-12 11:12:20,405 - INFO - fl - start - round 14 attackers: [8, 5]
2025-05-12 11:12:20,405 - INFO - fl - start - start client 0 training
2025-05-12 11:12:20,405 - INFO - fl - client_local_train - client 0 start local training ...
2025-05-12 11:12:28,104 - INFO - fl - start - end client 0 training
2025-05-12 11:12:28,104 - INFO - fl - start - client 0 evaluation metrics: {'train_loss': 30231682296632.52, 'test_acc': 9.82}
2025-05-12 11:12:28,104 - INFO - fl - start - start client 1 training
2025-05-12 11:12:28,104 - INFO - fl - client_local_train - client 1 start local training ...
2025-05-12 11:12:32,923 - INFO - fl - start - end client 1 training
2025-05-12 11:12:32,923 - INFO - fl - start - client 1 evaluation metrics: {'train_loss': 9403459111984.762, 'test_acc': 10.28}
2025-05-12 11:12:32,923 - INFO - fl - start - start client 2 training
2025-05-12 11:12:32,923 - INFO - fl - client_local_train - client 2 start local training ...
2025-05-12 11:12:38,339 - INFO - fl - start - end client 2 training
2025-05-12 11:12:38,339 - INFO - fl - start - client 2 evaluation metrics: {'train_loss': 16576887748649.797, 'test_acc': 10.1}
2025-05-12 11:12:38,339 - INFO - fl - start - start client 3 training
2025-05-12 11:12:38,339 - INFO - fl - client_local_train - client 3 start local training ...
2025-05-12 11:12:45,088 - INFO - fl - start - end client 3 training
2025-05-12 11:12:45,088 - INFO - fl - start - client 3 evaluation metrics: {'train_loss': 30663531116109.574, 'test_acc': 8.92}
2025-05-12 11:12:45,088 - INFO - fl - start - start client 4 training
2025-05-12 11:12:45,088 - INFO - fl - client_local_train - client 4 start local training ...
2025-05-12 11:12:54,214 - INFO - fl - start - end client 4 training
2025-05-12 11:12:54,214 - INFO - fl - start - client 4 evaluation metrics: {'train_loss': 13910346811857.947, 'test_acc': 11.35}
2025-05-12 11:12:54,214 - INFO - fl - start - start client 5 training
2025-05-12 11:12:54,214 - INFO - fl - client_local_train - client 5 start local training ...
2025-05-12 11:12:56,084 - INFO - fl - client_local_train - client 5 is attacker, start poisoning model
2025-05-12 11:12:59,784 - INFO - fl - start - end client 5 training
2025-05-12 11:12:59,784 - INFO - fl - start - client 5 evaluation metrics: {'train_loss': 1254337086723601.8, 'test_acc': 9.58}
2025-05-12 11:12:59,784 - INFO - fl - start - start client 6 training
2025-05-12 11:12:59,784 - INFO - fl - client_local_train - client 6 start local training ...
2025-05-12 11:13:04,467 - INFO - fl - start - end client 6 training
2025-05-12 11:13:04,467 - INFO - fl - start - client 6 evaluation metrics: {'train_loss': 34825367732021.727, 'test_acc': 10.09}
2025-05-12 11:13:04,467 - INFO - fl - start - start client 7 training
2025-05-12 11:13:04,467 - INFO - fl - client_local_train - client 7 start local training ...
2025-05-12 11:13:07,300 - INFO - fl - start - end client 7 training
2025-05-12 11:13:07,300 - INFO - fl - start - client 7 evaluation metrics: {'train_loss': 40426746092657.78, 'test_acc': 8.92}
2025-05-12 11:13:07,300 - INFO - fl - start - start client 8 training
2025-05-12 11:13:07,300 - INFO - fl - client_local_train - client 8 start local training ...
2025-05-12 11:13:08,696 - INFO - fl - client_local_train - client 8 is attacker, start poisoning model
2025-05-12 11:13:12,134 - INFO - fl - start - end client 8 training
2025-05-12 11:13:12,135 - INFO - fl - start - client 8 evaluation metrics: {'train_loss': 996514063870761.6, 'test_acc': 10.1}
2025-05-12 11:13:12,135 - INFO - fl - start - start client 9 training
2025-05-12 11:13:12,135 - INFO - fl - client_local_train - client 9 start local training ...
2025-05-12 11:13:16,269 - INFO - fl - start - end client 9 training
2025-05-12 11:13:16,269 - INFO - fl - start - client 9 evaluation metrics: {'train_loss': 8573186994416.941, 'test_acc': 9.58}
2025-05-12 11:13:16,269 - INFO - fl - aggregate_model - start model aggregation...fusion method: dual_defense
2025-05-12 11:13:16,269 - INFO - fl - aggregate_model - start hyper-guard fusion with epsilon 0.01
2025-05-12 11:13:16,269 - INFO - fl - aggregate_model - round 14 attackers: [8, 5]
2025-05-12 11:13:27,385 - DEBUG - util_fusion - fusion_dual_defense - client 0 scores: {0: array([2142.71102328]), 1: array([2142.77401442]), 2: array([2142.72687942]), 3: array([2142.75115638]), 4: array([2142.79085379]), 5: array([2142.70775503]), 6: array([2142.6536612]), 7: array([2142.68247568]), 8: array([2142.63277183]), 9: array([2142.6520674])}
2025-05-12 11:13:27,387 - DEBUG - util_fusion - fusion_dual_defense - client 0 norm scores: {0: array([0.4950056]), 1: array([0.89347697]), 2: array([0.59530889]), 3: array([0.74888088]), 4: array([1.]), 5: array([0.47433116]), 6: array([0.13214268]), 7: array([0.31441823]), 8: array([0.]), 9: array([0.12206059])}
2025-05-12 11:13:27,387 - DEBUG - util_fusion - fusion_dual_defense - client 0 similarity threshold: 0.47756250150608814
2025-05-12 11:13:27,387 - INFO - util_fusion - fusion_dual_defense - client 0 selected fusion benigns: [0, 1, 2, 3, 4]
2025-05-12 11:13:27,396 - DEBUG - util_fusion - fusion_dual_defense - client 1 scores: {0: array([2142.71102328]), 1: array([2142.77401442]), 2: array([2142.72687942]), 3: array([2142.75115638]), 4: array([2142.79085379]), 5: array([2142.70775503]), 6: array([2142.6536612]), 7: array([2142.68247568]), 8: array([2142.63277183]), 9: array([2142.6520674])}
2025-05-12 11:13:27,397 - DEBUG - util_fusion - fusion_dual_defense - client 1 norm scores: {0: array([0.4950056]), 1: array([0.89347697]), 2: array([0.59530889]), 3: array([0.74888088]), 4: array([1.]), 5: array([0.47433116]), 6: array([0.13214268]), 7: array([0.31441823]), 8: array([0.]), 9: array([0.12206059])}
2025-05-12 11:13:27,397 - DEBUG - util_fusion - fusion_dual_defense - client 1 similarity threshold: 0.47756250150608814
2025-05-12 11:13:27,397 - INFO - util_fusion - fusion_dual_defense - client 1 selected fusion benigns: [0, 1, 2, 3, 4]
2025-05-12 11:13:27,405 - DEBUG - util_fusion - fusion_dual_defense - client 2 scores: {0: array([2142.71102328]), 1: array([2142.77401442]), 2: array([2142.72687942]), 3: array([2142.75115638]), 4: array([2142.79085379]), 5: array([2142.70775503]), 6: array([2142.6536612]), 7: array([2142.68247568]), 8: array([2142.63277183]), 9: array([2142.6520674])}
2025-05-12 11:13:27,406 - DEBUG - util_fusion - fusion_dual_defense - client 2 norm scores: {0: array([0.4950056]), 1: array([0.89347697]), 2: array([0.59530889]), 3: array([0.74888088]), 4: array([1.]), 5: array([0.47433116]), 6: array([0.13214268]), 7: array([0.31441823]), 8: array([0.]), 9: array([0.12206059])}
2025-05-12 11:13:27,406 - DEBUG - util_fusion - fusion_dual_defense - client 2 similarity threshold: 0.47756250150608814
2025-05-12 11:13:27,406 - INFO - util_fusion - fusion_dual_defense - client 2 selected fusion benigns: [0, 1, 2, 3, 4]
2025-05-12 11:13:27,414 - DEBUG - util_fusion - fusion_dual_defense - client 3 scores: {0: array([2142.71102328]), 1: array([2142.77401442]), 2: array([2142.72687942]), 3: array([2142.75115638]), 4: array([2142.79085379]), 5: array([2142.70775503]), 6: array([2142.6536612]), 7: array([2142.68247568]), 8: array([2142.63277183]), 9: array([2142.6520674])}
2025-05-12 11:13:27,415 - DEBUG - util_fusion - fusion_dual_defense - client 3 norm scores: {0: array([0.4950056]), 1: array([0.89347697]), 2: array([0.59530889]), 3: array([0.74888088]), 4: array([1.]), 5: array([0.47433116]), 6: array([0.13214268]), 7: array([0.31441823]), 8: array([0.]), 9: array([0.12206059])}
2025-05-12 11:13:27,415 - DEBUG - util_fusion - fusion_dual_defense - client 3 similarity threshold: 0.47756250150608814
2025-05-12 11:13:27,415 - INFO - util_fusion - fusion_dual_defense - client 3 selected fusion benigns: [0, 1, 2, 3, 4]
2025-05-12 11:13:27,423 - DEBUG - util_fusion - fusion_dual_defense - client 4 scores: {0: array([2142.71102328]), 1: array([2142.77401442]), 2: array([2142.72687942]), 3: array([2142.75115638]), 4: array([2142.79085379]), 5: array([2142.70775503]), 6: array([2142.6536612]), 7: array([2142.68247568]), 8: array([2142.63277183]), 9: array([2142.6520674])}
2025-05-12 11:13:27,424 - DEBUG - util_fusion - fusion_dual_defense - client 4 norm scores: {0: array([0.4950056]), 1: array([0.89347697]), 2: array([0.59530889]), 3: array([0.74888088]), 4: array([1.]), 5: array([0.47433116]), 6: array([0.13214268]), 7: array([0.31441823]), 8: array([0.]), 9: array([0.12206059])}
2025-05-12 11:13:27,424 - DEBUG - util_fusion - fusion_dual_defense - client 4 similarity threshold: 0.47756250150608814
2025-05-12 11:13:27,424 - INFO - util_fusion - fusion_dual_defense - client 4 selected fusion benigns: [0, 1, 2, 3, 4]
2025-05-12 11:13:27,432 - DEBUG - util_fusion - fusion_dual_defense - client 5 scores: {0: array([2142.71102328]), 1: array([2142.77401442]), 2: array([2142.72687942]), 3: array([2142.75115638]), 4: array([2142.79085379]), 5: array([2142.70775503]), 6: array([2142.6536612]), 7: array([2142.68247568]), 8: array([2142.63277183]), 9: array([2142.6520674])}
2025-05-12 11:13:27,433 - DEBUG - util_fusion - fusion_dual_defense - client 5 norm scores: {0: array([0.4950056]), 1: array([0.89347697]), 2: array([0.59530889]), 3: array([0.74888088]), 4: array([1.]), 5: array([0.47433116]), 6: array([0.13214268]), 7: array([0.31441823]), 8: array([0.]), 9: array([0.12206059])}
2025-05-12 11:13:27,433 - DEBUG - util_fusion - fusion_dual_defense - client 5 similarity threshold: 0.47756250150608814
2025-05-12 11:13:27,433 - INFO - util_fusion - fusion_dual_defense - client 5 selected fusion benigns: [0, 1, 2, 3, 4]
2025-05-12 11:13:27,441 - DEBUG - util_fusion - fusion_dual_defense - client 6 scores: {0: array([2142.71102328]), 1: array([2142.77401442]), 2: array([2142.72687942]), 3: array([2142.75115638]), 4: array([2142.79085379]), 5: array([2142.70775503]), 6: array([2142.6536612]), 7: array([2142.68247568]), 8: array([2142.63277183]), 9: array([2142.6520674])}
2025-05-12 11:13:27,442 - DEBUG - util_fusion - fusion_dual_defense - client 6 norm scores: {0: array([0.4950056]), 1: array([0.89347697]), 2: array([0.59530889]), 3: array([0.74888088]), 4: array([1.]), 5: array([0.47433116]), 6: array([0.13214268]), 7: array([0.31441823]), 8: array([0.]), 9: array([0.12206059])}
2025-05-12 11:13:27,442 - DEBUG - util_fusion - fusion_dual_defense - client 6 similarity threshold: 0.47756250150608814
2025-05-12 11:13:27,442 - INFO - util_fusion - fusion_dual_defense - client 6 selected fusion benigns: [0, 1, 2, 3, 4]
2025-05-12 11:13:27,450 - DEBUG - util_fusion - fusion_dual_defense - client 7 scores: {0: array([2142.71102328]), 1: array([2142.77401442]), 2: array([2142.72687942]), 3: array([2142.75115638]), 4: array([2142.79085379]), 5: array([2142.70775503]), 6: array([2142.6536612]), 7: array([2142.68247568]), 8: array([2142.63277183]), 9: array([2142.6520674])}
2025-05-12 11:13:27,451 - DEBUG - util_fusion - fusion_dual_defense - client 7 norm scores: {0: array([0.4950056]), 1: array([0.89347697]), 2: array([0.59530889]), 3: array([0.74888088]), 4: array([1.]), 5: array([0.47433116]), 6: array([0.13214268]), 7: array([0.31441823]), 8: array([0.]), 9: array([0.12206059])}
2025-05-12 11:13:27,451 - DEBUG - util_fusion - fusion_dual_defense - client 7 similarity threshold: 0.47756250150608814
2025-05-12 11:13:27,451 - INFO - util_fusion - fusion_dual_defense - client 7 selected fusion benigns: [0, 1, 2, 3, 4]
2025-05-12 11:13:27,459 - DEBUG - util_fusion - fusion_dual_defense - client 8 scores: {0: array([2142.71102328]), 1: array([2142.77401442]), 2: array([2142.72687942]), 3: array([2142.75115638]), 4: array([2142.79085379]), 5: array([2142.70775503]), 6: array([2142.6536612]), 7: array([2142.68247568]), 8: array([2142.63277183]), 9: array([2142.6520674])}
2025-05-12 11:13:27,460 - DEBUG - util_fusion - fusion_dual_defense - client 8 norm scores: {0: array([0.4950056]), 1: array([0.89347697]), 2: array([0.59530889]), 3: array([0.74888088]), 4: array([1.]), 5: array([0.47433116]), 6: array([0.13214268]), 7: array([0.31441823]), 8: array([0.]), 9: array([0.12206059])}
2025-05-12 11:13:27,460 - DEBUG - util_fusion - fusion_dual_defense - client 8 similarity threshold: 0.47756250150608814
2025-05-12 11:13:27,460 - INFO - util_fusion - fusion_dual_defense - client 8 selected fusion benigns: [0, 1, 2, 3, 4]
2025-05-12 11:13:27,468 - DEBUG - util_fusion - fusion_dual_defense - client 9 scores: {0: array([2142.71102328]), 1: array([2142.77401442]), 2: array([2142.72687942]), 3: array([2142.75115638]), 4: array([2142.79085379]), 5: array([2142.70775503]), 6: array([2142.6536612]), 7: array([2142.68247568]), 8: array([2142.63277183]), 9: array([2142.6520674])}
2025-05-12 11:13:27,469 - DEBUG - util_fusion - fusion_dual_defense - client 9 norm scores: {0: array([0.4950056]), 1: array([0.89347697]), 2: array([0.59530889]), 3: array([0.74888088]), 4: array([1.]), 5: array([0.47433116]), 6: array([0.13214268]), 7: array([0.31441823]), 8: array([0.]), 9: array([0.12206059])}
2025-05-12 11:13:27,469 - DEBUG - util_fusion - fusion_dual_defense - client 9 similarity threshold: 0.47756250150608814
2025-05-12 11:13:27,469 - INFO - util_fusion - fusion_dual_defense - client 9 selected fusion benigns: [0, 1, 2, 3, 4]
2025-05-12 11:13:27,469 - DEBUG - util_fusion - fusion_dual_defense - final fusion benigns: (0, 1, 2, 3, 4)
2025-05-12 11:13:29,174 - INFO - fl - start - global side -  test accuracy: 8.92
2025-05-12 11:13:29,174 - INFO - fl - start - global side iteration 14 -  test accuracy: 8.92
2025-05-12 11:13:29,174 - INFO - fl - start - start training round 15
2025-05-12 11:13:29,175 - INFO - fl - start - round 15 attackers: [1, 9]
2025-05-12 11:13:29,176 - INFO - fl - start - start client 0 training
2025-05-12 11:13:29,176 - INFO - fl - client_local_train - client 0 start local training ...
2025-05-12 11:13:36,865 - INFO - fl - start - end client 0 training
2025-05-12 11:13:36,865 - INFO - fl - start - client 0 evaluation metrics: {'train_loss': 19244328552102.234, 'test_acc': 10.28}
2025-05-12 11:13:36,865 - INFO - fl - start - start client 1 training
2025-05-12 11:13:36,865 - INFO - fl - client_local_train - client 1 start local training ...
2025-05-12 11:13:39,586 - INFO - fl - client_local_train - client 1 is attacker, start poisoning model
2025-05-12 11:13:43,745 - INFO - fl - start - end client 1 training
2025-05-12 11:13:43,745 - INFO - fl - start - client 1 evaluation metrics: {'train_loss': 922854339666310.1, 'test_acc': 10.09}
2025-05-12 11:13:43,745 - INFO - fl - start - start client 2 training
2025-05-12 11:13:43,745 - INFO - fl - client_local_train - client 2 start local training ...
2025-05-12 11:13:49,134 - INFO - fl - start - end client 2 training
2025-05-12 11:13:49,134 - INFO - fl - start - client 2 evaluation metrics: {'train_loss': 25941498701615.02, 'test_acc': 10.1}
2025-05-12 11:13:49,134 - INFO - fl - start - start client 3 training
2025-05-12 11:13:49,134 - INFO - fl - client_local_train - client 3 start local training ...
2025-05-12 11:13:55,888 - INFO - fl - start - end client 3 training
2025-05-12 11:13:55,889 - INFO - fl - start - client 3 evaluation metrics: {'train_loss': 15783804185258.666, 'test_acc': 10.09}
2025-05-12 11:13:55,889 - INFO - fl - start - start client 4 training
2025-05-12 11:13:55,889 - INFO - fl - client_local_train - client 4 start local training ...
2025-05-12 11:14:05,008 - INFO - fl - start - end client 4 training
2025-05-12 11:14:05,008 - INFO - fl - start - client 4 evaluation metrics: {'train_loss': 20533346120915.3, 'test_acc': 9.74}
2025-05-12 11:14:05,008 - INFO - fl - start - start client 5 training
2025-05-12 11:14:05,008 - INFO - fl - client_local_train - client 5 start local training ...
2025-05-12 11:14:08,753 - INFO - fl - start - end client 5 training
2025-05-12 11:14:08,753 - INFO - fl - start - client 5 evaluation metrics: {'train_loss': 21439793142395.586, 'test_acc': 10.09}
2025-05-12 11:14:08,753 - INFO - fl - start - start client 6 training
2025-05-12 11:14:08,753 - INFO - fl - client_local_train - client 6 start local training ...
2025-05-12 11:14:13,416 - INFO - fl - start - end client 6 training
2025-05-12 11:14:13,416 - INFO - fl - start - client 6 evaluation metrics: {'train_loss': 25040638006613.332, 'test_acc': 9.58}
2025-05-12 11:14:13,416 - INFO - fl - start - start client 7 training
2025-05-12 11:14:13,416 - INFO - fl - client_local_train - client 7 start local training ...
2025-05-12 11:14:16,260 - INFO - fl - start - end client 7 training
2025-05-12 11:14:16,260 - INFO - fl - start - client 7 evaluation metrics: {'train_loss': 31063759563434.668, 'test_acc': 10.1}
2025-05-12 11:14:16,260 - INFO - fl - start - start client 8 training
2025-05-12 11:14:16,260 - INFO - fl - client_local_train - client 8 start local training ...
2025-05-12 11:14:19,373 - INFO - fl - start - end client 8 training
2025-05-12 11:14:19,373 - INFO - fl - start - client 8 evaluation metrics: {'train_loss': 7860677161626.791, 'test_acc': 8.92}
2025-05-12 11:14:19,373 - INFO - fl - start - start client 9 training
2025-05-12 11:14:19,373 - INFO - fl - client_local_train - client 9 start local training ...
2025-05-12 11:14:21,548 - INFO - fl - client_local_train - client 9 is attacker, start poisoning model
2025-05-12 11:14:25,422 - INFO - fl - start - end client 9 training
2025-05-12 11:14:25,422 - INFO - fl - start - client 9 evaluation metrics: {'train_loss': 656172028603693.1, 'test_acc': 11.35}
2025-05-12 11:14:25,422 - INFO - fl - aggregate_model - start model aggregation...fusion method: dual_defense
2025-05-12 11:14:25,422 - INFO - fl - aggregate_model - start hyper-guard fusion with epsilon 0.01
2025-05-12 11:14:25,422 - INFO - fl - aggregate_model - round 15 attackers: [1, 9]
2025-05-12 11:14:36,569 - DEBUG - util_fusion - fusion_dual_defense - client 0 scores: {0: array([18559.99525723]), 1: array([18559.43203421]), 2: array([18559.83094028]), 3: array([18559.69141545]), 4: array([18559.73971577]), 5: array([18559.35131363]), 6: array([18559.05549713]), 7: array([18557.16871602]), 8: array([18559.40926048]), 9: array([18558.69821445])}
2025-05-12 11:14:36,570 - DEBUG - util_fusion - fusion_dual_defense - client 0 norm scores: {0: array([1.]), 1: array([0.80073773]), 2: array([0.94186643]), 3: array([0.89250404]), 4: array([0.90959217]), 5: array([0.77217965]), 6: array([0.66752295]), 7: array([0.]), 8: array([0.79268063]), 9: array([0.54112016])}
2025-05-12 11:14:36,570 - DEBUG - util_fusion - fusion_dual_defense - client 0 similarity threshold: 0.7318203757871798
2025-05-12 11:14:36,570 - INFO - util_fusion - fusion_dual_defense - client 0 selected fusion benigns: [0, 1, 2, 3, 4, 5, 8]
2025-05-12 11:14:36,579 - DEBUG - util_fusion - fusion_dual_defense - client 1 scores: {0: array([18559.99525723]), 1: array([18559.43203421]), 2: array([18559.83094028]), 3: array([18559.69141545]), 4: array([18559.73971577]), 5: array([18559.35131363]), 6: array([18559.05549713]), 7: array([18557.16871602]), 8: array([18559.40926048]), 9: array([18558.69821445])}
2025-05-12 11:14:36,579 - DEBUG - util_fusion - fusion_dual_defense - client 1 norm scores: {0: array([1.]), 1: array([0.80073773]), 2: array([0.94186643]), 3: array([0.89250404]), 4: array([0.90959217]), 5: array([0.77217965]), 6: array([0.66752295]), 7: array([0.]), 8: array([0.79268063]), 9: array([0.54112016])}
2025-05-12 11:14:36,579 - DEBUG - util_fusion - fusion_dual_defense - client 1 similarity threshold: 0.7318203757871798
2025-05-12 11:14:36,579 - INFO - util_fusion - fusion_dual_defense - client 1 selected fusion benigns: [0, 1, 2, 3, 4, 5, 8]
2025-05-12 11:14:36,588 - DEBUG - util_fusion - fusion_dual_defense - client 2 scores: {0: array([18559.99525723]), 1: array([18559.43203421]), 2: array([18559.83094028]), 3: array([18559.69141545]), 4: array([18559.73971577]), 5: array([18559.35131363]), 6: array([18559.05549713]), 7: array([18557.16871602]), 8: array([18559.40926048]), 9: array([18558.69821445])}
2025-05-12 11:14:36,588 - DEBUG - util_fusion - fusion_dual_defense - client 2 norm scores: {0: array([1.]), 1: array([0.80073773]), 2: array([0.94186643]), 3: array([0.89250404]), 4: array([0.90959217]), 5: array([0.77217965]), 6: array([0.66752295]), 7: array([0.]), 8: array([0.79268063]), 9: array([0.54112016])}
2025-05-12 11:14:36,588 - DEBUG - util_fusion - fusion_dual_defense - client 2 similarity threshold: 0.7318203757871798
2025-05-12 11:14:36,588 - INFO - util_fusion - fusion_dual_defense - client 2 selected fusion benigns: [0, 1, 2, 3, 4, 5, 8]
2025-05-12 11:14:36,597 - DEBUG - util_fusion - fusion_dual_defense - client 3 scores: {0: array([18559.99525723]), 1: array([18559.43203421]), 2: array([18559.83094028]), 3: array([18559.69141545]), 4: array([18559.73971577]), 5: array([18559.35131363]), 6: array([18559.05549713]), 7: array([18557.16871602]), 8: array([18559.40926048]), 9: array([18558.69821445])}
2025-05-12 11:14:36,597 - DEBUG - util_fusion - fusion_dual_defense - client 3 norm scores: {0: array([1.]), 1: array([0.80073773]), 2: array([0.94186643]), 3: array([0.89250404]), 4: array([0.90959217]), 5: array([0.77217965]), 6: array([0.66752295]), 7: array([0.]), 8: array([0.79268063]), 9: array([0.54112016])}
2025-05-12 11:14:36,597 - DEBUG - util_fusion - fusion_dual_defense - client 3 similarity threshold: 0.7318203757871798
2025-05-12 11:14:36,597 - INFO - util_fusion - fusion_dual_defense - client 3 selected fusion benigns: [0, 1, 2, 3, 4, 5, 8]
2025-05-12 11:14:36,606 - DEBUG - util_fusion - fusion_dual_defense - client 4 scores: {0: array([18559.99525723]), 1: array([18559.43203421]), 2: array([18559.83094028]), 3: array([18559.69141545]), 4: array([18559.73971577]), 5: array([18559.35131363]), 6: array([18559.05549713]), 7: array([18557.16871602]), 8: array([18559.40926048]), 9: array([18558.69821445])}
2025-05-12 11:14:36,606 - DEBUG - util_fusion - fusion_dual_defense - client 4 norm scores: {0: array([1.]), 1: array([0.80073773]), 2: array([0.94186643]), 3: array([0.89250404]), 4: array([0.90959217]), 5: array([0.77217965]), 6: array([0.66752295]), 7: array([0.]), 8: array([0.79268063]), 9: array([0.54112016])}
2025-05-12 11:14:36,606 - DEBUG - util_fusion - fusion_dual_defense - client 4 similarity threshold: 0.7318203757871798
2025-05-12 11:14:36,606 - INFO - util_fusion - fusion_dual_defense - client 4 selected fusion benigns: [0, 1, 2, 3, 4, 5, 8]
2025-05-12 11:14:36,615 - DEBUG - util_fusion - fusion_dual_defense - client 5 scores: {0: array([18559.99525723]), 1: array([18559.43203421]), 2: array([18559.83094028]), 3: array([18559.69141545]), 4: array([18559.73971577]), 5: array([18559.35131363]), 6: array([18559.05549713]), 7: array([18557.16871602]), 8: array([18559.40926048]), 9: array([18558.69821445])}
2025-05-12 11:14:36,615 - DEBUG - util_fusion - fusion_dual_defense - client 5 norm scores: {0: array([1.]), 1: array([0.80073773]), 2: array([0.94186643]), 3: array([0.89250404]), 4: array([0.90959217]), 5: array([0.77217965]), 6: array([0.66752295]), 7: array([0.]), 8: array([0.79268063]), 9: array([0.54112016])}
2025-05-12 11:14:36,615 - DEBUG - util_fusion - fusion_dual_defense - client 5 similarity threshold: 0.7318203757871798
2025-05-12 11:14:36,615 - INFO - util_fusion - fusion_dual_defense - client 5 selected fusion benigns: [0, 1, 2, 3, 4, 5, 8]
2025-05-12 11:14:36,624 - DEBUG - util_fusion - fusion_dual_defense - client 6 scores: {0: array([18559.99525723]), 1: array([18559.43203421]), 2: array([18559.83094028]), 3: array([18559.69141545]), 4: array([18559.73971577]), 5: array([18559.35131363]), 6: array([18559.05549713]), 7: array([18557.16871602]), 8: array([18559.40926048]), 9: array([18558.69821445])}
2025-05-12 11:14:36,624 - DEBUG - util_fusion - fusion_dual_defense - client 6 norm scores: {0: array([1.]), 1: array([0.80073773]), 2: array([0.94186643]), 3: array([0.89250404]), 4: array([0.90959217]), 5: array([0.77217965]), 6: array([0.66752295]), 7: array([0.]), 8: array([0.79268063]), 9: array([0.54112016])}
2025-05-12 11:14:36,624 - DEBUG - util_fusion - fusion_dual_defense - client 6 similarity threshold: 0.7318203757871798
2025-05-12 11:14:36,625 - INFO - util_fusion - fusion_dual_defense - client 6 selected fusion benigns: [0, 1, 2, 3, 4, 5, 8]
2025-05-12 11:14:36,633 - DEBUG - util_fusion - fusion_dual_defense - client 7 scores: {0: array([18559.99525723]), 1: array([18559.43203421]), 2: array([18559.83094028]), 3: array([18559.69141545]), 4: array([18559.73971577]), 5: array([18559.35131363]), 6: array([18559.05549713]), 7: array([18557.16871602]), 8: array([18559.40926048]), 9: array([18558.69821445])}
2025-05-12 11:14:36,634 - DEBUG - util_fusion - fusion_dual_defense - client 7 norm scores: {0: array([1.]), 1: array([0.80073773]), 2: array([0.94186643]), 3: array([0.89250404]), 4: array([0.90959217]), 5: array([0.77217965]), 6: array([0.66752295]), 7: array([0.]), 8: array([0.79268063]), 9: array([0.54112016])}
2025-05-12 11:14:36,634 - DEBUG - util_fusion - fusion_dual_defense - client 7 similarity threshold: 0.7318203757871798
2025-05-12 11:14:36,634 - INFO - util_fusion - fusion_dual_defense - client 7 selected fusion benigns: [0, 1, 2, 3, 4, 5, 8]
2025-05-12 11:14:36,642 - DEBUG - util_fusion - fusion_dual_defense - client 8 scores: {0: array([18559.99525723]), 1: array([18559.43203421]), 2: array([18559.83094028]), 3: array([18559.69141545]), 4: array([18559.73971577]), 5: array([18559.35131363]), 6: array([18559.05549713]), 7: array([18557.16871602]), 8: array([18559.40926048]), 9: array([18558.69821445])}
2025-05-12 11:14:36,643 - DEBUG - util_fusion - fusion_dual_defense - client 8 norm scores: {0: array([1.]), 1: array([0.80073773]), 2: array([0.94186643]), 3: array([0.89250404]), 4: array([0.90959217]), 5: array([0.77217965]), 6: array([0.66752295]), 7: array([0.]), 8: array([0.79268063]), 9: array([0.54112016])}
2025-05-12 11:14:36,643 - DEBUG - util_fusion - fusion_dual_defense - client 8 similarity threshold: 0.7318203757871798
2025-05-12 11:14:36,643 - INFO - util_fusion - fusion_dual_defense - client 8 selected fusion benigns: [0, 1, 2, 3, 4, 5, 8]
2025-05-12 11:14:36,651 - DEBUG - util_fusion - fusion_dual_defense - client 9 scores: {0: array([18559.99525723]), 1: array([18559.43203421]), 2: array([18559.83094028]), 3: array([18559.69141545]), 4: array([18559.73971577]), 5: array([18559.35131363]), 6: array([18559.05549713]), 7: array([18557.16871602]), 8: array([18559.40926048]), 9: array([18558.69821445])}
2025-05-12 11:14:36,652 - DEBUG - util_fusion - fusion_dual_defense - client 9 norm scores: {0: array([1.]), 1: array([0.80073773]), 2: array([0.94186643]), 3: array([0.89250404]), 4: array([0.90959217]), 5: array([0.77217965]), 6: array([0.66752295]), 7: array([0.]), 8: array([0.79268063]), 9: array([0.54112016])}
2025-05-12 11:14:36,652 - DEBUG - util_fusion - fusion_dual_defense - client 9 similarity threshold: 0.7318203757871798
2025-05-12 11:14:36,652 - INFO - util_fusion - fusion_dual_defense - client 9 selected fusion benigns: [0, 1, 2, 3, 4, 5, 8]
2025-05-12 11:14:36,652 - DEBUG - util_fusion - fusion_dual_defense - final fusion benigns: (0, 1, 2, 3, 4, 5, 8)
2025-05-12 11:14:38,471 - INFO - fl - start - global side -  test accuracy: 10.09
2025-05-12 11:14:38,471 - INFO - fl - start - global side iteration 15 -  test accuracy: 10.09
2025-05-12 11:14:38,471 - INFO - fl - start - start training round 16
2025-05-12 11:14:38,473 - INFO - fl - start - round 16 attackers: [5, 1]
2025-05-12 11:14:38,473 - INFO - fl - start - start client 0 training
2025-05-12 11:14:38,473 - INFO - fl - client_local_train - client 0 start local training ...
2025-05-12 11:14:46,160 - INFO - fl - start - end client 0 training
2025-05-12 11:14:46,160 - INFO - fl - start - client 0 evaluation metrics: {'train_loss': 38522356171603.12, 'test_acc': 10.28}
2025-05-12 11:14:46,160 - INFO - fl - start - start client 1 training
2025-05-12 11:14:46,160 - INFO - fl - client_local_train - client 1 start local training ...
2025-05-12 11:14:48,894 - INFO - fl - client_local_train - client 1 is attacker, start poisoning model
2025-05-12 11:14:53,057 - INFO - fl - start - end client 1 training
2025-05-12 11:14:53,057 - INFO - fl - start - client 1 evaluation metrics: {'train_loss': 1591117235517927.5, 'test_acc': 10.09}
2025-05-12 11:14:53,057 - INFO - fl - start - start client 2 training
2025-05-12 11:14:53,057 - INFO - fl - client_local_train - client 2 start local training ...
2025-05-12 11:14:58,452 - INFO - fl - start - end client 2 training
2025-05-12 11:14:58,453 - INFO - fl - start - client 2 evaluation metrics: {'train_loss': 36360991073760.66, 'test_acc': 10.28}
2025-05-12 11:14:58,453 - INFO - fl - start - start client 3 training
2025-05-12 11:14:58,453 - INFO - fl - client_local_train - client 3 start local training ...
2025-05-12 11:15:05,191 - INFO - fl - start - end client 3 training
2025-05-12 11:15:05,192 - INFO - fl - start - client 3 evaluation metrics: {'train_loss': 31530104953638.79, 'test_acc': 8.92}
2025-05-12 11:15:05,192 - INFO - fl - start - start client 4 training
2025-05-12 11:15:05,192 - INFO - fl - client_local_train - client 4 start local training ...
2025-05-12 11:15:14,306 - INFO - fl - start - end client 4 training
2025-05-12 11:15:14,306 - INFO - fl - start - client 4 evaluation metrics: {'train_loss': 14264140126912.338, 'test_acc': 10.1}
2025-05-12 11:15:14,306 - INFO - fl - start - start client 5 training
2025-05-12 11:15:14,306 - INFO - fl - client_local_train - client 5 start local training ...
2025-05-12 11:15:16,172 - INFO - fl - client_local_train - client 5 is attacker, start poisoning model
2025-05-12 11:15:19,877 - INFO - fl - start - end client 5 training
2025-05-12 11:15:19,877 - INFO - fl - start - client 5 evaluation metrics: {'train_loss': 1298403024229340.8, 'test_acc': 9.58}
2025-05-12 11:15:19,886 - INFO - fl - start - start client 6 training
2025-05-12 11:15:19,886 - INFO - fl - client_local_train - client 6 start local training ...
2025-05-12 11:15:24,553 - INFO - fl - start - end client 6 training
2025-05-12 11:15:24,553 - INFO - fl - start - client 6 evaluation metrics: {'train_loss': 31470667804115.754, 'test_acc': 9.58}
2025-05-12 11:15:24,553 - INFO - fl - start - start client 7 training
2025-05-12 11:15:24,553 - INFO - fl - client_local_train - client 7 start local training ...
2025-05-12 11:15:27,366 - INFO - fl - start - end client 7 training
2025-05-12 11:15:27,367 - INFO - fl - start - client 7 evaluation metrics: {'train_loss': 29882970596238.223, 'test_acc': 8.92}
2025-05-12 11:15:27,367 - INFO - fl - start - start client 8 training
2025-05-12 11:15:27,367 - INFO - fl - client_local_train - client 8 start local training ...
2025-05-12 11:15:30,465 - INFO - fl - start - end client 8 training
2025-05-12 11:15:30,465 - INFO - fl - start - client 8 evaluation metrics: {'train_loss': 32895107699926.324, 'test_acc': 10.1}
2025-05-12 11:15:30,465 - INFO - fl - start - start client 9 training
2025-05-12 11:15:30,465 - INFO - fl - client_local_train - client 9 start local training ...
2025-05-12 11:15:34,598 - INFO - fl - start - end client 9 training
2025-05-12 11:15:34,598 - INFO - fl - start - client 9 evaluation metrics: {'train_loss': 20551367316178.824, 'test_acc': 9.8}
2025-05-12 11:15:34,598 - INFO - fl - aggregate_model - start model aggregation...fusion method: dual_defense
2025-05-12 11:15:34,598 - INFO - fl - aggregate_model - start hyper-guard fusion with epsilon 0.01
2025-05-12 11:15:34,598 - INFO - fl - aggregate_model - round 16 attackers: [1, 5]
2025-05-12 11:15:45,734 - DEBUG - util_fusion - fusion_dual_defense - client 0 scores: {0: array([6713.81429761]), 1: array([6713.85266064]), 2: array([6713.67973907]), 3: array([6713.78912644]), 4: array([6713.59770543]), 5: array([6713.83065745]), 6: array([6713.78241505]), 7: array([6713.61291326]), 8: array([6713.12668288]), 9: array([6713.24381469])}
2025-05-12 11:15:45,735 - DEBUG - util_fusion - fusion_dual_defense - client 0 norm scores: {0: array([0.94715674]), 1: array([1.]), 2: array([0.76180872]), 3: array([0.91248464]), 4: array([0.64881127]), 5: array([0.96969164]), 6: array([0.90324002]), 7: array([0.66975933]), 8: array([0.]), 9: array([0.16134353])}
2025-05-12 11:15:45,735 - DEBUG - util_fusion - fusion_dual_defense - client 0 similarity threshold: 0.6974295884349156
2025-05-12 11:15:45,735 - INFO - util_fusion - fusion_dual_defense - client 0 selected fusion benigns: [0, 1, 2, 3, 5, 6]
2025-05-12 11:15:45,743 - DEBUG - util_fusion - fusion_dual_defense - client 1 scores: {0: array([6713.81429761]), 1: array([6713.85266064]), 2: array([6713.67973907]), 3: array([6713.78912644]), 4: array([6713.59770543]), 5: array([6713.83065745]), 6: array([6713.78241505]), 7: array([6713.61291326]), 8: array([6713.12668288]), 9: array([6713.24381469])}
2025-05-12 11:15:45,744 - DEBUG - util_fusion - fusion_dual_defense - client 1 norm scores: {0: array([0.94715674]), 1: array([1.]), 2: array([0.76180872]), 3: array([0.91248464]), 4: array([0.64881127]), 5: array([0.96969164]), 6: array([0.90324002]), 7: array([0.66975933]), 8: array([0.]), 9: array([0.16134353])}
2025-05-12 11:15:45,744 - DEBUG - util_fusion - fusion_dual_defense - client 1 similarity threshold: 0.6974295884349156
2025-05-12 11:15:45,744 - INFO - util_fusion - fusion_dual_defense - client 1 selected fusion benigns: [0, 1, 2, 3, 5, 6]
2025-05-12 11:15:45,752 - DEBUG - util_fusion - fusion_dual_defense - client 2 scores: {0: array([6713.81429761]), 1: array([6713.85266064]), 2: array([6713.67973907]), 3: array([6713.78912644]), 4: array([6713.59770543]), 5: array([6713.83065745]), 6: array([6713.78241505]), 7: array([6713.61291326]), 8: array([6713.12668288]), 9: array([6713.24381469])}
2025-05-12 11:15:45,753 - DEBUG - util_fusion - fusion_dual_defense - client 2 norm scores: {0: array([0.94715674]), 1: array([1.]), 2: array([0.76180872]), 3: array([0.91248464]), 4: array([0.64881127]), 5: array([0.96969164]), 6: array([0.90324002]), 7: array([0.66975933]), 8: array([0.]), 9: array([0.16134353])}
2025-05-12 11:15:45,753 - DEBUG - util_fusion - fusion_dual_defense - client 2 similarity threshold: 0.6974295884349156
2025-05-12 11:15:45,753 - INFO - util_fusion - fusion_dual_defense - client 2 selected fusion benigns: [0, 1, 2, 3, 5, 6]
2025-05-12 11:15:45,761 - DEBUG - util_fusion - fusion_dual_defense - client 3 scores: {0: array([6713.81429761]), 1: array([6713.85266064]), 2: array([6713.67973907]), 3: array([6713.78912644]), 4: array([6713.59770543]), 5: array([6713.83065745]), 6: array([6713.78241505]), 7: array([6713.61291326]), 8: array([6713.12668288]), 9: array([6713.24381469])}
2025-05-12 11:15:45,762 - DEBUG - util_fusion - fusion_dual_defense - client 3 norm scores: {0: array([0.94715674]), 1: array([1.]), 2: array([0.76180872]), 3: array([0.91248464]), 4: array([0.64881127]), 5: array([0.96969164]), 6: array([0.90324002]), 7: array([0.66975933]), 8: array([0.]), 9: array([0.16134353])}
2025-05-12 11:15:45,762 - DEBUG - util_fusion - fusion_dual_defense - client 3 similarity threshold: 0.6974295884349156
2025-05-12 11:15:45,762 - INFO - util_fusion - fusion_dual_defense - client 3 selected fusion benigns: [0, 1, 2, 3, 5, 6]
2025-05-12 11:15:45,771 - DEBUG - util_fusion - fusion_dual_defense - client 4 scores: {0: array([6713.81429761]), 1: array([6713.85266064]), 2: array([6713.67973907]), 3: array([6713.78912644]), 4: array([6713.59770543]), 5: array([6713.83065745]), 6: array([6713.78241505]), 7: array([6713.61291326]), 8: array([6713.12668288]), 9: array([6713.24381469])}
2025-05-12 11:15:45,771 - DEBUG - util_fusion - fusion_dual_defense - client 4 norm scores: {0: array([0.94715674]), 1: array([1.]), 2: array([0.76180872]), 3: array([0.91248464]), 4: array([0.64881127]), 5: array([0.96969164]), 6: array([0.90324002]), 7: array([0.66975933]), 8: array([0.]), 9: array([0.16134353])}
2025-05-12 11:15:45,771 - DEBUG - util_fusion - fusion_dual_defense - client 4 similarity threshold: 0.6974295884349156
2025-05-12 11:15:45,772 - INFO - util_fusion - fusion_dual_defense - client 4 selected fusion benigns: [0, 1, 2, 3, 5, 6]
2025-05-12 11:15:45,780 - DEBUG - util_fusion - fusion_dual_defense - client 5 scores: {0: array([6713.81429761]), 1: array([6713.85266064]), 2: array([6713.67973907]), 3: array([6713.78912644]), 4: array([6713.59770543]), 5: array([6713.83065745]), 6: array([6713.78241505]), 7: array([6713.61291326]), 8: array([6713.12668288]), 9: array([6713.24381469])}
2025-05-12 11:15:45,781 - DEBUG - util_fusion - fusion_dual_defense - client 5 norm scores: {0: array([0.94715674]), 1: array([1.]), 2: array([0.76180872]), 3: array([0.91248464]), 4: array([0.64881127]), 5: array([0.96969164]), 6: array([0.90324002]), 7: array([0.66975933]), 8: array([0.]), 9: array([0.16134353])}
2025-05-12 11:15:45,781 - DEBUG - util_fusion - fusion_dual_defense - client 5 similarity threshold: 0.6974295884349156
2025-05-12 11:15:45,781 - INFO - util_fusion - fusion_dual_defense - client 5 selected fusion benigns: [0, 1, 2, 3, 5, 6]
2025-05-12 11:15:45,789 - DEBUG - util_fusion - fusion_dual_defense - client 6 scores: {0: array([6713.81429761]), 1: array([6713.85266064]), 2: array([6713.67973907]), 3: array([6713.78912644]), 4: array([6713.59770543]), 5: array([6713.83065745]), 6: array([6713.78241505]), 7: array([6713.61291326]), 8: array([6713.12668288]), 9: array([6713.24381469])}
2025-05-12 11:15:45,790 - DEBUG - util_fusion - fusion_dual_defense - client 6 norm scores: {0: array([0.94715674]), 1: array([1.]), 2: array([0.76180872]), 3: array([0.91248464]), 4: array([0.64881127]), 5: array([0.96969164]), 6: array([0.90324002]), 7: array([0.66975933]), 8: array([0.]), 9: array([0.16134353])}
2025-05-12 11:15:45,790 - DEBUG - util_fusion - fusion_dual_defense - client 6 similarity threshold: 0.6974295884349156
2025-05-12 11:15:45,790 - INFO - util_fusion - fusion_dual_defense - client 6 selected fusion benigns: [0, 1, 2, 3, 5, 6]
2025-05-12 11:15:45,798 - DEBUG - util_fusion - fusion_dual_defense - client 7 scores: {0: array([6713.81429761]), 1: array([6713.85266064]), 2: array([6713.67973907]), 3: array([6713.78912644]), 4: array([6713.59770543]), 5: array([6713.83065745]), 6: array([6713.78241505]), 7: array([6713.61291326]), 8: array([6713.12668288]), 9: array([6713.24381469])}
2025-05-12 11:15:45,799 - DEBUG - util_fusion - fusion_dual_defense - client 7 norm scores: {0: array([0.94715674]), 1: array([1.]), 2: array([0.76180872]), 3: array([0.91248464]), 4: array([0.64881127]), 5: array([0.96969164]), 6: array([0.90324002]), 7: array([0.66975933]), 8: array([0.]), 9: array([0.16134353])}
2025-05-12 11:15:45,799 - DEBUG - util_fusion - fusion_dual_defense - client 7 similarity threshold: 0.6974295884349156
2025-05-12 11:15:45,799 - INFO - util_fusion - fusion_dual_defense - client 7 selected fusion benigns: [0, 1, 2, 3, 5, 6]
2025-05-12 11:15:45,807 - DEBUG - util_fusion - fusion_dual_defense - client 8 scores: {0: array([6713.81429761]), 1: array([6713.85266064]), 2: array([6713.67973907]), 3: array([6713.78912644]), 4: array([6713.59770543]), 5: array([6713.83065745]), 6: array([6713.78241505]), 7: array([6713.61291326]), 8: array([6713.12668288]), 9: array([6713.24381469])}
2025-05-12 11:15:45,808 - DEBUG - util_fusion - fusion_dual_defense - client 8 norm scores: {0: array([0.94715674]), 1: array([1.]), 2: array([0.76180872]), 3: array([0.91248464]), 4: array([0.64881127]), 5: array([0.96969164]), 6: array([0.90324002]), 7: array([0.66975933]), 8: array([0.]), 9: array([0.16134353])}
2025-05-12 11:15:45,808 - DEBUG - util_fusion - fusion_dual_defense - client 8 similarity threshold: 0.6974295884349156
2025-05-12 11:15:45,808 - INFO - util_fusion - fusion_dual_defense - client 8 selected fusion benigns: [0, 1, 2, 3, 5, 6]
2025-05-12 11:15:45,816 - DEBUG - util_fusion - fusion_dual_defense - client 9 scores: {0: array([6713.81429761]), 1: array([6713.85266064]), 2: array([6713.67973907]), 3: array([6713.78912644]), 4: array([6713.59770543]), 5: array([6713.83065745]), 6: array([6713.78241505]), 7: array([6713.61291326]), 8: array([6713.12668288]), 9: array([6713.24381469])}
2025-05-12 11:15:45,817 - DEBUG - util_fusion - fusion_dual_defense - client 9 norm scores: {0: array([0.94715674]), 1: array([1.]), 2: array([0.76180872]), 3: array([0.91248464]), 4: array([0.64881127]), 5: array([0.96969164]), 6: array([0.90324002]), 7: array([0.66975933]), 8: array([0.]), 9: array([0.16134353])}
2025-05-12 11:15:45,817 - DEBUG - util_fusion - fusion_dual_defense - client 9 similarity threshold: 0.6974295884349156
2025-05-12 11:15:45,817 - INFO - util_fusion - fusion_dual_defense - client 9 selected fusion benigns: [0, 1, 2, 3, 5, 6]
2025-05-12 11:15:45,817 - DEBUG - util_fusion - fusion_dual_defense - final fusion benigns: (0, 1, 2, 3, 5, 6)
2025-05-12 11:15:47,585 - INFO - fl - start - global side -  test accuracy: 9.58
2025-05-12 11:15:47,585 - INFO - fl - start - global side iteration 16 -  test accuracy: 9.58
2025-05-12 11:15:47,585 - INFO - fl - start - start training round 17
2025-05-12 11:15:47,587 - INFO - fl - start - round 17 attackers: [7, 3]
2025-05-12 11:15:47,587 - INFO - fl - start - start client 0 training
2025-05-12 11:15:47,587 - INFO - fl - client_local_train - client 0 start local training ...
2025-05-12 11:15:55,256 - INFO - fl - start - end client 0 training
2025-05-12 11:15:55,256 - INFO - fl - start - client 0 evaluation metrics: {'train_loss': 250144242348510.75, 'test_acc': 10.28}
2025-05-12 11:15:55,256 - INFO - fl - start - start client 1 training
2025-05-12 11:15:55,256 - INFO - fl - client_local_train - client 1 start local training ...
2025-05-12 11:16:00,078 - INFO - fl - start - end client 1 training
2025-05-12 11:16:00,078 - INFO - fl - start - client 1 evaluation metrics: {'train_loss': 302381719879680.0, 'test_acc': 10.09}
2025-05-12 11:16:00,078 - INFO - fl - start - start client 2 training
2025-05-12 11:16:00,078 - INFO - fl - client_local_train - client 2 start local training ...
2025-05-12 11:16:05,478 - INFO - fl - start - end client 2 training
2025-05-12 11:16:05,479 - INFO - fl - start - client 2 evaluation metrics: {'train_loss': 282141375605195.75, 'test_acc': 10.28}
2025-05-12 11:16:05,479 - INFO - fl - start - start client 3 training
2025-05-12 11:16:05,479 - INFO - fl - client_local_train - client 3 start local training ...
2025-05-12 11:16:09,765 - INFO - fl - client_local_train - client 3 is attacker, start poisoning model
2025-05-12 11:16:14,765 - INFO - fl - start - end client 3 training
2025-05-12 11:16:14,765 - INFO - fl - start - client 3 evaluation metrics: {'train_loss': 1.8148319396674096e+16, 'test_acc': 10.1}
2025-05-12 11:16:14,765 - INFO - fl - start - start client 4 training
2025-05-12 11:16:14,765 - INFO - fl - client_local_train - client 4 start local training ...
2025-05-12 11:16:23,872 - INFO - fl - start - end client 4 training
2025-05-12 11:16:23,872 - INFO - fl - start - client 4 evaluation metrics: {'train_loss': 137027584657440.52, 'test_acc': 9.82}
2025-05-12 11:16:23,872 - INFO - fl - start - start client 5 training
2025-05-12 11:16:23,873 - INFO - fl - client_local_train - client 5 start local training ...
2025-05-12 11:16:27,620 - INFO - fl - start - end client 5 training
2025-05-12 11:16:27,620 - INFO - fl - start - client 5 evaluation metrics: {'train_loss': 200693829752902.62, 'test_acc': 10.09}
2025-05-12 11:16:27,620 - INFO - fl - start - start client 6 training
2025-05-12 11:16:27,620 - INFO - fl - client_local_train - client 6 start local training ...
2025-05-12 11:16:32,315 - INFO - fl - start - end client 6 training
2025-05-12 11:16:32,315 - INFO - fl - start - client 6 evaluation metrics: {'train_loss': 240820904118044.44, 'test_acc': 9.58}
2025-05-12 11:16:32,315 - INFO - fl - start - start client 7 training
2025-05-12 11:16:32,315 - INFO - fl - client_local_train - client 7 start local training ...
2025-05-12 11:16:33,466 - INFO - fl - client_local_train - client 7 is attacker, start poisoning model
2025-05-12 11:16:36,793 - INFO - fl - start - end client 7 training
2025-05-12 11:16:36,794 - INFO - fl - start - client 7 evaluation metrics: {'train_loss': 1.8873201439160548e+16, 'test_acc': 10.28}
2025-05-12 11:16:36,794 - INFO - fl - start - start client 8 training
2025-05-12 11:16:36,794 - INFO - fl - client_local_train - client 8 start local training ...
2025-05-12 11:16:39,905 - INFO - fl - start - end client 8 training
2025-05-12 11:16:39,905 - INFO - fl - start - client 8 evaluation metrics: {'train_loss': 539546626683927.8, 'test_acc': 9.58}
2025-05-12 11:16:39,905 - INFO - fl - start - start client 9 training
2025-05-12 11:16:39,905 - INFO - fl - client_local_train - client 9 start local training ...
2025-05-12 11:16:44,022 - INFO - fl - start - end client 9 training
2025-05-12 11:16:44,022 - INFO - fl - start - client 9 evaluation metrics: {'train_loss': 234592592323041.88, 'test_acc': 10.32}
2025-05-12 11:16:44,022 - INFO - fl - aggregate_model - start model aggregation...fusion method: dual_defense
2025-05-12 11:16:44,022 - INFO - fl - aggregate_model - start hyper-guard fusion with epsilon 0.01
2025-05-12 11:16:44,022 - INFO - fl - aggregate_model - round 17 attackers: [3, 7]
2025-05-12 11:16:55,186 - DEBUG - util_fusion - fusion_dual_defense - client 0 scores: {0: array([12655.07054475]), 1: array([12654.94387544]), 2: array([12653.55524409]), 3: array([12655.29168489]), 4: array([12655.2608873]), 5: array([12655.08755418]), 6: array([12655.12151522]), 7: array([12653.5829746]), 8: array([12654.86519688]), 9: array([12654.79782581])}
2025-05-12 11:16:55,187 - DEBUG - util_fusion - fusion_dual_defense - client 0 norm scores: {0: array([0.87264747]), 1: array([0.7996998]), 2: array([0.]), 3: array([1.]), 4: array([0.98226396]), 5: array([0.88244304]), 6: array([0.90200088]), 7: array([0.01596974]), 8: array([0.75438955]), 9: array([0.71559118])}
2025-05-12 11:16:55,187 - DEBUG - util_fusion - fusion_dual_defense - client 0 similarity threshold: 0.6925005621541873
2025-05-12 11:16:55,187 - INFO - util_fusion - fusion_dual_defense - client 0 selected fusion benigns: [0, 1, 3, 4, 5, 6, 8, 9]
2025-05-12 11:16:55,195 - DEBUG - util_fusion - fusion_dual_defense - client 1 scores: {0: array([12655.07054475]), 1: array([12654.94387544]), 2: array([12653.55524409]), 3: array([12655.29168489]), 4: array([12655.2608873]), 5: array([12655.08755418]), 6: array([12655.12151522]), 7: array([12653.5829746]), 8: array([12654.86519688]), 9: array([12654.79782581])}
2025-05-12 11:16:55,196 - DEBUG - util_fusion - fusion_dual_defense - client 1 norm scores: {0: array([0.87264747]), 1: array([0.7996998]), 2: array([0.]), 3: array([1.]), 4: array([0.98226396]), 5: array([0.88244304]), 6: array([0.90200088]), 7: array([0.01596974]), 8: array([0.75438955]), 9: array([0.71559118])}
2025-05-12 11:16:55,196 - DEBUG - util_fusion - fusion_dual_defense - client 1 similarity threshold: 0.6925005621541873
2025-05-12 11:16:55,196 - INFO - util_fusion - fusion_dual_defense - client 1 selected fusion benigns: [0, 1, 3, 4, 5, 6, 8, 9]
2025-05-12 11:16:55,204 - DEBUG - util_fusion - fusion_dual_defense - client 2 scores: {0: array([12655.07054475]), 1: array([12654.94387544]), 2: array([12653.55524409]), 3: array([12655.29168489]), 4: array([12655.2608873]), 5: array([12655.08755418]), 6: array([12655.12151522]), 7: array([12653.5829746]), 8: array([12654.86519688]), 9: array([12654.79782581])}
2025-05-12 11:16:55,205 - DEBUG - util_fusion - fusion_dual_defense - client 2 norm scores: {0: array([0.87264747]), 1: array([0.7996998]), 2: array([0.]), 3: array([1.]), 4: array([0.98226396]), 5: array([0.88244304]), 6: array([0.90200088]), 7: array([0.01596974]), 8: array([0.75438955]), 9: array([0.71559118])}
2025-05-12 11:16:55,205 - DEBUG - util_fusion - fusion_dual_defense - client 2 similarity threshold: 0.6925005621541873
2025-05-12 11:16:55,205 - INFO - util_fusion - fusion_dual_defense - client 2 selected fusion benigns: [0, 1, 3, 4, 5, 6, 8, 9]
2025-05-12 11:16:55,213 - DEBUG - util_fusion - fusion_dual_defense - client 3 scores: {0: array([12655.07054475]), 1: array([12654.94387544]), 2: array([12653.55524409]), 3: array([12655.29168489]), 4: array([12655.2608873]), 5: array([12655.08755418]), 6: array([12655.12151522]), 7: array([12653.5829746]), 8: array([12654.86519688]), 9: array([12654.79782581])}
2025-05-12 11:16:55,214 - DEBUG - util_fusion - fusion_dual_defense - client 3 norm scores: {0: array([0.87264747]), 1: array([0.7996998]), 2: array([0.]), 3: array([1.]), 4: array([0.98226396]), 5: array([0.88244304]), 6: array([0.90200088]), 7: array([0.01596974]), 8: array([0.75438955]), 9: array([0.71559118])}
2025-05-12 11:16:55,214 - DEBUG - util_fusion - fusion_dual_defense - client 3 similarity threshold: 0.6925005621541873
2025-05-12 11:16:55,214 - INFO - util_fusion - fusion_dual_defense - client 3 selected fusion benigns: [0, 1, 3, 4, 5, 6, 8, 9]
2025-05-12 11:16:55,222 - DEBUG - util_fusion - fusion_dual_defense - client 4 scores: {0: array([12655.07054475]), 1: array([12654.94387544]), 2: array([12653.55524409]), 3: array([12655.29168489]), 4: array([12655.2608873]), 5: array([12655.08755418]), 6: array([12655.12151522]), 7: array([12653.5829746]), 8: array([12654.86519688]), 9: array([12654.79782581])}
2025-05-12 11:16:55,223 - DEBUG - util_fusion - fusion_dual_defense - client 4 norm scores: {0: array([0.87264747]), 1: array([0.7996998]), 2: array([0.]), 3: array([1.]), 4: array([0.98226396]), 5: array([0.88244304]), 6: array([0.90200088]), 7: array([0.01596974]), 8: array([0.75438955]), 9: array([0.71559118])}
2025-05-12 11:16:55,223 - DEBUG - util_fusion - fusion_dual_defense - client 4 similarity threshold: 0.6925005621541873
2025-05-12 11:16:55,223 - INFO - util_fusion - fusion_dual_defense - client 4 selected fusion benigns: [0, 1, 3, 4, 5, 6, 8, 9]
2025-05-12 11:16:55,231 - DEBUG - util_fusion - fusion_dual_defense - client 5 scores: {0: array([12655.07054475]), 1: array([12654.94387544]), 2: array([12653.55524409]), 3: array([12655.29168489]), 4: array([12655.2608873]), 5: array([12655.08755418]), 6: array([12655.12151522]), 7: array([12653.5829746]), 8: array([12654.86519688]), 9: array([12654.79782581])}
2025-05-12 11:16:55,232 - DEBUG - util_fusion - fusion_dual_defense - client 5 norm scores: {0: array([0.87264747]), 1: array([0.7996998]), 2: array([0.]), 3: array([1.]), 4: array([0.98226396]), 5: array([0.88244304]), 6: array([0.90200088]), 7: array([0.01596974]), 8: array([0.75438955]), 9: array([0.71559118])}
2025-05-12 11:16:55,232 - DEBUG - util_fusion - fusion_dual_defense - client 5 similarity threshold: 0.6925005621541873
2025-05-12 11:16:55,232 - INFO - util_fusion - fusion_dual_defense - client 5 selected fusion benigns: [0, 1, 3, 4, 5, 6, 8, 9]
2025-05-12 11:16:55,240 - DEBUG - util_fusion - fusion_dual_defense - client 6 scores: {0: array([12655.07054475]), 1: array([12654.94387544]), 2: array([12653.55524409]), 3: array([12655.29168489]), 4: array([12655.2608873]), 5: array([12655.08755418]), 6: array([12655.12151522]), 7: array([12653.5829746]), 8: array([12654.86519688]), 9: array([12654.79782581])}
2025-05-12 11:16:55,241 - DEBUG - util_fusion - fusion_dual_defense - client 6 norm scores: {0: array([0.87264747]), 1: array([0.7996998]), 2: array([0.]), 3: array([1.]), 4: array([0.98226396]), 5: array([0.88244304]), 6: array([0.90200088]), 7: array([0.01596974]), 8: array([0.75438955]), 9: array([0.71559118])}
2025-05-12 11:16:55,241 - DEBUG - util_fusion - fusion_dual_defense - client 6 similarity threshold: 0.6925005621541873
2025-05-12 11:16:55,241 - INFO - util_fusion - fusion_dual_defense - client 6 selected fusion benigns: [0, 1, 3, 4, 5, 6, 8, 9]
2025-05-12 11:16:55,249 - DEBUG - util_fusion - fusion_dual_defense - client 7 scores: {0: array([12655.07054475]), 1: array([12654.94387544]), 2: array([12653.55524409]), 3: array([12655.29168489]), 4: array([12655.2608873]), 5: array([12655.08755418]), 6: array([12655.12151522]), 7: array([12653.5829746]), 8: array([12654.86519688]), 9: array([12654.79782581])}
2025-05-12 11:16:55,250 - DEBUG - util_fusion - fusion_dual_defense - client 7 norm scores: {0: array([0.87264747]), 1: array([0.7996998]), 2: array([0.]), 3: array([1.]), 4: array([0.98226396]), 5: array([0.88244304]), 6: array([0.90200088]), 7: array([0.01596974]), 8: array([0.75438955]), 9: array([0.71559118])}
2025-05-12 11:16:55,250 - DEBUG - util_fusion - fusion_dual_defense - client 7 similarity threshold: 0.6925005621541873
2025-05-12 11:16:55,250 - INFO - util_fusion - fusion_dual_defense - client 7 selected fusion benigns: [0, 1, 3, 4, 5, 6, 8, 9]
2025-05-12 11:16:55,258 - DEBUG - util_fusion - fusion_dual_defense - client 8 scores: {0: array([12655.07054475]), 1: array([12654.94387544]), 2: array([12653.55524409]), 3: array([12655.29168489]), 4: array([12655.2608873]), 5: array([12655.08755418]), 6: array([12655.12151522]), 7: array([12653.5829746]), 8: array([12654.86519688]), 9: array([12654.79782581])}
2025-05-12 11:16:55,259 - DEBUG - util_fusion - fusion_dual_defense - client 8 norm scores: {0: array([0.87264747]), 1: array([0.7996998]), 2: array([0.]), 3: array([1.]), 4: array([0.98226396]), 5: array([0.88244304]), 6: array([0.90200088]), 7: array([0.01596974]), 8: array([0.75438955]), 9: array([0.71559118])}
2025-05-12 11:16:55,259 - DEBUG - util_fusion - fusion_dual_defense - client 8 similarity threshold: 0.6925005621541873
2025-05-12 11:16:55,259 - INFO - util_fusion - fusion_dual_defense - client 8 selected fusion benigns: [0, 1, 3, 4, 5, 6, 8, 9]
2025-05-12 11:16:55,267 - DEBUG - util_fusion - fusion_dual_defense - client 9 scores: {0: array([12655.07054475]), 1: array([12654.94387544]), 2: array([12653.55524409]), 3: array([12655.29168489]), 4: array([12655.2608873]), 5: array([12655.08755418]), 6: array([12655.12151522]), 7: array([12653.5829746]), 8: array([12654.86519688]), 9: array([12654.79782581])}
2025-05-12 11:16:55,268 - DEBUG - util_fusion - fusion_dual_defense - client 9 norm scores: {0: array([0.87264747]), 1: array([0.7996998]), 2: array([0.]), 3: array([1.]), 4: array([0.98226396]), 5: array([0.88244304]), 6: array([0.90200088]), 7: array([0.01596974]), 8: array([0.75438955]), 9: array([0.71559118])}
2025-05-12 11:16:55,268 - DEBUG - util_fusion - fusion_dual_defense - client 9 similarity threshold: 0.6925005621541873
2025-05-12 11:16:55,268 - INFO - util_fusion - fusion_dual_defense - client 9 selected fusion benigns: [0, 1, 3, 4, 5, 6, 8, 9]
2025-05-12 11:16:55,268 - DEBUG - util_fusion - fusion_dual_defense - final fusion benigns: (0, 1, 3, 4, 5, 6, 8, 9)
2025-05-12 11:16:57,135 - INFO - fl - start - global side -  test accuracy: 10.1
2025-05-12 11:16:57,135 - INFO - fl - start - global side iteration 17 -  test accuracy: 10.1
2025-05-12 11:16:57,135 - INFO - fl - start - start training round 18
2025-05-12 11:16:57,137 - INFO - fl - start - round 18 attackers: [7, 0]
2025-05-12 11:16:57,137 - INFO - fl - start - start client 0 training
2025-05-12 11:16:57,137 - INFO - fl - client_local_train - client 0 start local training ...
2025-05-12 11:17:02,097 - INFO - fl - client_local_train - client 0 is attacker, start poisoning model
2025-05-12 11:17:07,465 - INFO - fl - start - end client 0 training
2025-05-12 11:17:07,465 - INFO - fl - start - client 0 evaluation metrics: {'train_loss': 5.545162357144749e+16, 'test_acc': 9.8}
2025-05-12 11:17:07,465 - INFO - fl - start - start client 1 training
2025-05-12 11:17:07,465 - INFO - fl - client_local_train - client 1 start local training ...
2025-05-12 11:17:12,274 - INFO - fl - start - end client 1 training
2025-05-12 11:17:12,274 - INFO - fl - start - client 1 evaluation metrics: {'train_loss': 837423771530971.4, 'test_acc': 11.35}
2025-05-12 11:17:12,274 - INFO - fl - start - start client 2 training
2025-05-12 11:17:12,274 - INFO - fl - client_local_train - client 2 start local training ...
2025-05-12 11:17:17,649 - INFO - fl - start - end client 2 training
2025-05-12 11:17:17,649 - INFO - fl - start - client 2 evaluation metrics: {'train_loss': 267511718408275.6, 'test_acc': 11.35}
2025-05-12 11:17:17,649 - INFO - fl - start - start client 3 training
2025-05-12 11:17:17,649 - INFO - fl - client_local_train - client 3 start local training ...
2025-05-12 11:17:24,412 - INFO - fl - start - end client 3 training
2025-05-12 11:17:24,412 - INFO - fl - start - client 3 evaluation metrics: {'train_loss': 486194318846634.7, 'test_acc': 10.1}
2025-05-12 11:17:24,412 - INFO - fl - start - start client 4 training
2025-05-12 11:17:24,412 - INFO - fl - client_local_train - client 4 start local training ...
2025-05-12 11:17:33,540 - INFO - fl - start - end client 4 training
2025-05-12 11:17:33,540 - INFO - fl - start - client 4 evaluation metrics: {'train_loss': 635767260726895.1, 'test_acc': 9.82}
2025-05-12 11:17:33,540 - INFO - fl - start - start client 5 training
2025-05-12 11:17:33,540 - INFO - fl - client_local_train - client 5 start local training ...
2025-05-12 11:17:37,287 - INFO - fl - start - end client 5 training
2025-05-12 11:17:37,287 - INFO - fl - start - client 5 evaluation metrics: {'train_loss': 588861907655856.5, 'test_acc': 9.58}
2025-05-12 11:17:37,288 - INFO - fl - start - start client 6 training
2025-05-12 11:17:37,288 - INFO - fl - client_local_train - client 6 start local training ...
2025-05-12 11:17:41,922 - INFO - fl - start - end client 6 training
2025-05-12 11:17:41,922 - INFO - fl - start - client 6 evaluation metrics: {'train_loss': 714997502438665.5, 'test_acc': 10.1}
2025-05-12 11:17:41,922 - INFO - fl - start - start client 7 training
2025-05-12 11:17:41,922 - INFO - fl - client_local_train - client 7 start local training ...
2025-05-12 11:17:43,075 - INFO - fl - client_local_train - client 7 is attacker, start poisoning model
2025-05-12 11:17:46,371 - INFO - fl - start - end client 7 training
2025-05-12 11:17:46,371 - INFO - fl - start - client 7 evaluation metrics: {'train_loss': 5.427885656622877e+16, 'test_acc': 8.92}
2025-05-12 11:17:46,371 - INFO - fl - start - start client 8 training
2025-05-12 11:17:46,371 - INFO - fl - client_local_train - client 8 start local training ...
2025-05-12 11:17:49,460 - INFO - fl - start - end client 8 training
2025-05-12 11:17:49,460 - INFO - fl - start - client 8 evaluation metrics: {'train_loss': 1507047452954719.2, 'test_acc': 10.1}
2025-05-12 11:17:49,460 - INFO - fl - start - start client 9 training
2025-05-12 11:17:49,460 - INFO - fl - client_local_train - client 9 start local training ...
2025-05-12 11:17:53,571 - INFO - fl - start - end client 9 training
2025-05-12 11:17:53,571 - INFO - fl - start - client 9 evaluation metrics: {'train_loss': 825939310951484.2, 'test_acc': 10.32}
2025-05-12 11:17:53,571 - INFO - fl - aggregate_model - start model aggregation...fusion method: dual_defense
2025-05-12 11:17:53,571 - INFO - fl - aggregate_model - start hyper-guard fusion with epsilon 0.01
2025-05-12 11:17:53,572 - INFO - fl - aggregate_model - round 18 attackers: [0, 7]
2025-05-12 11:18:04,696 - DEBUG - util_fusion - fusion_dual_defense - client 0 scores: {0: array([12604.34765343]), 1: array([12606.30990988]), 2: array([12606.48504679]), 3: array([12606.4470217]), 4: array([12606.46517099]), 5: array([12605.47718784]), 6: array([12606.38579992]), 7: array([12606.18943444]), 8: array([12606.45072541]), 9: array([12604.58027259])}
2025-05-12 11:18:04,697 - DEBUG - util_fusion - fusion_dual_defense - client 0 norm scores: {0: array([0.]), 1: array([0.91806052]), 2: array([1.]), 3: array([0.9822096]), 4: array([0.99070092]), 5: array([0.52846352]), 6: array([0.9535664]), 7: array([0.86169493]), 8: array([0.98394242]), 9: array([0.10883311])}
2025-05-12 11:18:04,697 - DEBUG - util_fusion - fusion_dual_defense - client 0 similarity threshold: 0.732747140803883
2025-05-12 11:18:04,697 - INFO - util_fusion - fusion_dual_defense - client 0 selected fusion benigns: [1, 2, 3, 4, 6, 7, 8]
2025-05-12 11:18:04,705 - DEBUG - util_fusion - fusion_dual_defense - client 1 scores: {0: array([12604.34765343]), 1: array([12606.30990988]), 2: array([12606.48504679]), 3: array([12606.4470217]), 4: array([12606.46517099]), 5: array([12605.47718784]), 6: array([12606.38579992]), 7: array([12606.18943444]), 8: array([12606.45072541]), 9: array([12604.58027259])}
2025-05-12 11:18:04,706 - DEBUG - util_fusion - fusion_dual_defense - client 1 norm scores: {0: array([0.]), 1: array([0.91806052]), 2: array([1.]), 3: array([0.9822096]), 4: array([0.99070092]), 5: array([0.52846352]), 6: array([0.9535664]), 7: array([0.86169493]), 8: array([0.98394242]), 9: array([0.10883311])}
2025-05-12 11:18:04,706 - DEBUG - util_fusion - fusion_dual_defense - client 1 similarity threshold: 0.732747140803883
2025-05-12 11:18:04,706 - INFO - util_fusion - fusion_dual_defense - client 1 selected fusion benigns: [1, 2, 3, 4, 6, 7, 8]
2025-05-12 11:18:04,714 - DEBUG - util_fusion - fusion_dual_defense - client 2 scores: {0: array([12604.34765343]), 1: array([12606.30990988]), 2: array([12606.48504679]), 3: array([12606.4470217]), 4: array([12606.46517099]), 5: array([12605.47718784]), 6: array([12606.38579992]), 7: array([12606.18943444]), 8: array([12606.45072541]), 9: array([12604.58027259])}
2025-05-12 11:18:04,715 - DEBUG - util_fusion - fusion_dual_defense - client 2 norm scores: {0: array([0.]), 1: array([0.91806052]), 2: array([1.]), 3: array([0.9822096]), 4: array([0.99070092]), 5: array([0.52846352]), 6: array([0.9535664]), 7: array([0.86169493]), 8: array([0.98394242]), 9: array([0.10883311])}
2025-05-12 11:18:04,715 - DEBUG - util_fusion - fusion_dual_defense - client 2 similarity threshold: 0.732747140803883
2025-05-12 11:18:04,715 - INFO - util_fusion - fusion_dual_defense - client 2 selected fusion benigns: [1, 2, 3, 4, 6, 7, 8]
2025-05-12 11:18:04,724 - DEBUG - util_fusion - fusion_dual_defense - client 3 scores: {0: array([12604.34765343]), 1: array([12606.30990988]), 2: array([12606.48504679]), 3: array([12606.4470217]), 4: array([12606.46517099]), 5: array([12605.47718784]), 6: array([12606.38579992]), 7: array([12606.18943444]), 8: array([12606.45072541]), 9: array([12604.58027259])}
2025-05-12 11:18:04,724 - DEBUG - util_fusion - fusion_dual_defense - client 3 norm scores: {0: array([0.]), 1: array([0.91806052]), 2: array([1.]), 3: array([0.9822096]), 4: array([0.99070092]), 5: array([0.52846352]), 6: array([0.9535664]), 7: array([0.86169493]), 8: array([0.98394242]), 9: array([0.10883311])}
2025-05-12 11:18:04,724 - DEBUG - util_fusion - fusion_dual_defense - client 3 similarity threshold: 0.732747140803883
2025-05-12 11:18:04,724 - INFO - util_fusion - fusion_dual_defense - client 3 selected fusion benigns: [1, 2, 3, 4, 6, 7, 8]
2025-05-12 11:18:04,733 - DEBUG - util_fusion - fusion_dual_defense - client 4 scores: {0: array([12604.34765343]), 1: array([12606.30990988]), 2: array([12606.48504679]), 3: array([12606.4470217]), 4: array([12606.46517099]), 5: array([12605.47718784]), 6: array([12606.38579992]), 7: array([12606.18943444]), 8: array([12606.45072541]), 9: array([12604.58027259])}
2025-05-12 11:18:04,733 - DEBUG - util_fusion - fusion_dual_defense - client 4 norm scores: {0: array([0.]), 1: array([0.91806052]), 2: array([1.]), 3: array([0.9822096]), 4: array([0.99070092]), 5: array([0.52846352]), 6: array([0.9535664]), 7: array([0.86169493]), 8: array([0.98394242]), 9: array([0.10883311])}
2025-05-12 11:18:04,733 - DEBUG - util_fusion - fusion_dual_defense - client 4 similarity threshold: 0.732747140803883
2025-05-12 11:18:04,733 - INFO - util_fusion - fusion_dual_defense - client 4 selected fusion benigns: [1, 2, 3, 4, 6, 7, 8]
2025-05-12 11:18:04,742 - DEBUG - util_fusion - fusion_dual_defense - client 5 scores: {0: array([12604.34765343]), 1: array([12606.30990988]), 2: array([12606.48504679]), 3: array([12606.4470217]), 4: array([12606.46517099]), 5: array([12605.47718784]), 6: array([12606.38579992]), 7: array([12606.18943444]), 8: array([12606.45072541]), 9: array([12604.58027259])}
2025-05-12 11:18:04,742 - DEBUG - util_fusion - fusion_dual_defense - client 5 norm scores: {0: array([0.]), 1: array([0.91806052]), 2: array([1.]), 3: array([0.9822096]), 4: array([0.99070092]), 5: array([0.52846352]), 6: array([0.9535664]), 7: array([0.86169493]), 8: array([0.98394242]), 9: array([0.10883311])}
2025-05-12 11:18:04,742 - DEBUG - util_fusion - fusion_dual_defense - client 5 similarity threshold: 0.732747140803883
2025-05-12 11:18:04,742 - INFO - util_fusion - fusion_dual_defense - client 5 selected fusion benigns: [1, 2, 3, 4, 6, 7, 8]
2025-05-12 11:18:04,751 - DEBUG - util_fusion - fusion_dual_defense - client 6 scores: {0: array([12604.34765343]), 1: array([12606.30990988]), 2: array([12606.48504679]), 3: array([12606.4470217]), 4: array([12606.46517099]), 5: array([12605.47718784]), 6: array([12606.38579992]), 7: array([12606.18943444]), 8: array([12606.45072541]), 9: array([12604.58027259])}
2025-05-12 11:18:04,751 - DEBUG - util_fusion - fusion_dual_defense - client 6 norm scores: {0: array([0.]), 1: array([0.91806052]), 2: array([1.]), 3: array([0.9822096]), 4: array([0.99070092]), 5: array([0.52846352]), 6: array([0.9535664]), 7: array([0.86169493]), 8: array([0.98394242]), 9: array([0.10883311])}
2025-05-12 11:18:04,751 - DEBUG - util_fusion - fusion_dual_defense - client 6 similarity threshold: 0.732747140803883
2025-05-12 11:18:04,751 - INFO - util_fusion - fusion_dual_defense - client 6 selected fusion benigns: [1, 2, 3, 4, 6, 7, 8]
2025-05-12 11:18:04,760 - DEBUG - util_fusion - fusion_dual_defense - client 7 scores: {0: array([12604.34765343]), 1: array([12606.30990988]), 2: array([12606.48504679]), 3: array([12606.4470217]), 4: array([12606.46517099]), 5: array([12605.47718784]), 6: array([12606.38579992]), 7: array([12606.18943444]), 8: array([12606.45072541]), 9: array([12604.58027259])}
2025-05-12 11:18:04,760 - DEBUG - util_fusion - fusion_dual_defense - client 7 norm scores: {0: array([0.]), 1: array([0.91806052]), 2: array([1.]), 3: array([0.9822096]), 4: array([0.99070092]), 5: array([0.52846352]), 6: array([0.9535664]), 7: array([0.86169493]), 8: array([0.98394242]), 9: array([0.10883311])}
2025-05-12 11:18:04,760 - DEBUG - util_fusion - fusion_dual_defense - client 7 similarity threshold: 0.732747140803883
2025-05-12 11:18:04,760 - INFO - util_fusion - fusion_dual_defense - client 7 selected fusion benigns: [1, 2, 3, 4, 6, 7, 8]
2025-05-12 11:18:04,769 - DEBUG - util_fusion - fusion_dual_defense - client 8 scores: {0: array([12604.34765343]), 1: array([12606.30990988]), 2: array([12606.48504679]), 3: array([12606.4470217]), 4: array([12606.46517099]), 5: array([12605.47718784]), 6: array([12606.38579992]), 7: array([12606.18943444]), 8: array([12606.45072541]), 9: array([12604.58027259])}
2025-05-12 11:18:04,769 - DEBUG - util_fusion - fusion_dual_defense - client 8 norm scores: {0: array([0.]), 1: array([0.91806052]), 2: array([1.]), 3: array([0.9822096]), 4: array([0.99070092]), 5: array([0.52846352]), 6: array([0.9535664]), 7: array([0.86169493]), 8: array([0.98394242]), 9: array([0.10883311])}
2025-05-12 11:18:04,769 - DEBUG - util_fusion - fusion_dual_defense - client 8 similarity threshold: 0.732747140803883
2025-05-12 11:18:04,770 - INFO - util_fusion - fusion_dual_defense - client 8 selected fusion benigns: [1, 2, 3, 4, 6, 7, 8]
2025-05-12 11:18:04,778 - DEBUG - util_fusion - fusion_dual_defense - client 9 scores: {0: array([12604.34765343]), 1: array([12606.30990988]), 2: array([12606.48504679]), 3: array([12606.4470217]), 4: array([12606.46517099]), 5: array([12605.47718784]), 6: array([12606.38579992]), 7: array([12606.18943444]), 8: array([12606.45072541]), 9: array([12604.58027259])}
2025-05-12 11:18:04,779 - DEBUG - util_fusion - fusion_dual_defense - client 9 norm scores: {0: array([0.]), 1: array([0.91806052]), 2: array([1.]), 3: array([0.9822096]), 4: array([0.99070092]), 5: array([0.52846352]), 6: array([0.9535664]), 7: array([0.86169493]), 8: array([0.98394242]), 9: array([0.10883311])}
2025-05-12 11:18:04,779 - DEBUG - util_fusion - fusion_dual_defense - client 9 similarity threshold: 0.732747140803883
2025-05-12 11:18:04,779 - INFO - util_fusion - fusion_dual_defense - client 9 selected fusion benigns: [1, 2, 3, 4, 6, 7, 8]
2025-05-12 11:18:04,779 - DEBUG - util_fusion - fusion_dual_defense - final fusion benigns: (1, 2, 3, 4, 6, 7, 8)
2025-05-12 11:18:06,593 - INFO - fl - start - global side -  test accuracy: 10.1
2025-05-12 11:18:06,593 - INFO - fl - start - global side iteration 18 -  test accuracy: 10.1
2025-05-12 11:18:06,594 - INFO - fl - start - start training round 19
2025-05-12 11:18:06,595 - INFO - fl - start - round 19 attackers: [7, 9]
2025-05-12 11:18:06,595 - INFO - fl - start - start client 0 training
2025-05-12 11:18:06,595 - INFO - fl - client_local_train - client 0 start local training ...
2025-05-12 11:18:14,275 - INFO - fl - start - end client 0 training
2025-05-12 11:18:14,275 - INFO - fl - start - client 0 evaluation metrics: {'train_loss': 1361165534792611.0, 'test_acc': 9.8}
2025-05-12 11:18:14,275 - INFO - fl - start - start client 1 training
2025-05-12 11:18:14,275 - INFO - fl - client_local_train - client 1 start local training ...
2025-05-12 11:18:19,084 - INFO - fl - start - end client 1 training
2025-05-12 11:18:19,084 - INFO - fl - start - client 1 evaluation metrics: {'train_loss': 1541384829727695.2, 'test_acc': 9.82}
2025-05-12 11:18:19,084 - INFO - fl - start - start client 2 training
2025-05-12 11:18:19,084 - INFO - fl - client_local_train - client 2 start local training ...
2025-05-12 11:18:24,446 - INFO - fl - start - end client 2 training
2025-05-12 11:18:24,446 - INFO - fl - start - client 2 evaluation metrics: {'train_loss': 2184401055827591.8, 'test_acc': 11.35}
2025-05-12 11:18:24,446 - INFO - fl - start - start client 3 training
2025-05-12 11:18:24,446 - INFO - fl - client_local_train - client 3 start local training ...
2025-05-12 11:18:31,185 - INFO - fl - start - end client 3 training
2025-05-12 11:18:31,185 - INFO - fl - start - client 3 evaluation metrics: {'train_loss': 536330681577596.1, 'test_acc': 10.09}
2025-05-12 11:18:31,185 - INFO - fl - start - start client 4 training
2025-05-12 11:18:31,185 - INFO - fl - client_local_train - client 4 start local training ...
2025-05-12 11:18:40,279 - INFO - fl - start - end client 4 training
2025-05-12 11:18:40,279 - INFO - fl - start - client 4 evaluation metrics: {'train_loss': 937947769147110.2, 'test_acc': 10.1}
2025-05-12 11:18:40,279 - INFO - fl - start - start client 5 training
2025-05-12 11:18:40,279 - INFO - fl - client_local_train - client 5 start local training ...
2025-05-12 11:18:44,003 - INFO - fl - start - end client 5 training
2025-05-12 11:18:44,003 - INFO - fl - start - client 5 evaluation metrics: {'train_loss': 580296630943179.0, 'test_acc': 9.58}
2025-05-12 11:18:44,003 - INFO - fl - start - start client 6 training
2025-05-12 11:18:44,003 - INFO - fl - client_local_train - client 6 start local training ...
2025-05-12 11:18:48,688 - INFO - fl - start - end client 6 training
2025-05-12 11:18:48,688 - INFO - fl - start - client 6 evaluation metrics: {'train_loss': 873772110263738.5, 'test_acc': 10.32}
2025-05-12 11:18:48,688 - INFO - fl - start - start client 7 training
2025-05-12 11:18:48,688 - INFO - fl - client_local_train - client 7 start local training ...
2025-05-12 11:18:49,848 - INFO - fl - client_local_train - client 7 is attacker, start poisoning model
2025-05-12 11:18:53,157 - INFO - fl - start - end client 7 training
2025-05-12 11:18:53,157 - INFO - fl - start - client 7 evaluation metrics: {'train_loss': 5.65977902978899e+16, 'test_acc': 10.11}
2025-05-12 11:18:53,157 - INFO - fl - start - start client 8 training
2025-05-12 11:18:53,157 - INFO - fl - client_local_train - client 8 start local training ...
2025-05-12 11:18:56,249 - INFO - fl - start - end client 8 training
2025-05-12 11:18:56,249 - INFO - fl - start - client 8 evaluation metrics: {'train_loss': 1781662380549429.5, 'test_acc': 10.32}
2025-05-12 11:18:56,249 - INFO - fl - start - start client 9 training
2025-05-12 11:18:56,249 - INFO - fl - client_local_train - client 9 start local training ...
2025-05-12 11:18:58,417 - INFO - fl - client_local_train - client 9 is attacker, start poisoning model
2025-05-12 11:19:02,276 - INFO - fl - start - end client 9 training
2025-05-12 11:19:02,276 - INFO - fl - start - client 9 evaluation metrics: {'train_loss': 1.2818998798171582e+17, 'test_acc': 10.31}
2025-05-12 11:19:02,276 - INFO - fl - aggregate_model - start model aggregation...fusion method: dual_defense
2025-05-12 11:19:02,276 - INFO - fl - aggregate_model - start hyper-guard fusion with epsilon 0.01
2025-05-12 11:19:02,276 - INFO - fl - aggregate_model - round 19 attackers: [9, 7]
2025-05-12 11:19:13,447 - DEBUG - util_fusion - fusion_dual_defense - client 0 scores: {0: array([5747.60728033]), 1: array([5748.42344574]), 2: array([5748.37152134]), 3: array([5748.42250298]), 4: array([5748.43070461]), 5: array([5748.0368982]), 6: array([5748.40538338]), 7: array([5748.41344289]), 8: array([5748.38340642]), 9: array([5747.71434087])}
2025-05-12 11:19:13,448 - DEBUG - util_fusion - fusion_dual_defense - client 0 norm scores: {0: array([0.]), 1: array([0.99118453]), 2: array([0.92812543]), 3: array([0.99003961]), 4: array([1.]), 5: array([0.52174545]), 6: array([0.96924887]), 7: array([0.97903666]), 8: array([0.94255916]), 9: array([0.13001869])}
2025-05-12 11:19:13,448 - DEBUG - util_fusion - fusion_dual_defense - client 0 similarity threshold: 0.7451958400923308
2025-05-12 11:19:13,448 - INFO - util_fusion - fusion_dual_defense - client 0 selected fusion benigns: [1, 2, 3, 4, 6, 7, 8]
2025-05-12 11:19:13,457 - DEBUG - util_fusion - fusion_dual_defense - client 1 scores: {0: array([5747.60728033]), 1: array([5748.42344574]), 2: array([5748.37152134]), 3: array([5748.42250298]), 4: array([5748.43070461]), 5: array([5748.0368982]), 6: array([5748.40538338]), 7: array([5748.41344289]), 8: array([5748.38340642]), 9: array([5747.71434087])}
2025-05-12 11:19:13,457 - DEBUG - util_fusion - fusion_dual_defense - client 1 norm scores: {0: array([0.]), 1: array([0.99118453]), 2: array([0.92812543]), 3: array([0.99003961]), 4: array([1.]), 5: array([0.52174545]), 6: array([0.96924887]), 7: array([0.97903666]), 8: array([0.94255916]), 9: array([0.13001869])}
2025-05-12 11:19:13,457 - DEBUG - util_fusion - fusion_dual_defense - client 1 similarity threshold: 0.7451958400923308
2025-05-12 11:19:13,457 - INFO - util_fusion - fusion_dual_defense - client 1 selected fusion benigns: [1, 2, 3, 4, 6, 7, 8]
2025-05-12 11:19:13,466 - DEBUG - util_fusion - fusion_dual_defense - client 2 scores: {0: array([5747.60728033]), 1: array([5748.42344574]), 2: array([5748.37152134]), 3: array([5748.42250298]), 4: array([5748.43070461]), 5: array([5748.0368982]), 6: array([5748.40538338]), 7: array([5748.41344289]), 8: array([5748.38340642]), 9: array([5747.71434087])}
2025-05-12 11:19:13,466 - DEBUG - util_fusion - fusion_dual_defense - client 2 norm scores: {0: array([0.]), 1: array([0.99118453]), 2: array([0.92812543]), 3: array([0.99003961]), 4: array([1.]), 5: array([0.52174545]), 6: array([0.96924887]), 7: array([0.97903666]), 8: array([0.94255916]), 9: array([0.13001869])}
2025-05-12 11:19:13,466 - DEBUG - util_fusion - fusion_dual_defense - client 2 similarity threshold: 0.7451958400923308
2025-05-12 11:19:13,467 - INFO - util_fusion - fusion_dual_defense - client 2 selected fusion benigns: [1, 2, 3, 4, 6, 7, 8]
2025-05-12 11:19:13,475 - DEBUG - util_fusion - fusion_dual_defense - client 3 scores: {0: array([5747.60728033]), 1: array([5748.42344574]), 2: array([5748.37152134]), 3: array([5748.42250298]), 4: array([5748.43070461]), 5: array([5748.0368982]), 6: array([5748.40538338]), 7: array([5748.41344289]), 8: array([5748.38340642]), 9: array([5747.71434087])}
2025-05-12 11:19:13,475 - DEBUG - util_fusion - fusion_dual_defense - client 3 norm scores: {0: array([0.]), 1: array([0.99118453]), 2: array([0.92812543]), 3: array([0.99003961]), 4: array([1.]), 5: array([0.52174545]), 6: array([0.96924887]), 7: array([0.97903666]), 8: array([0.94255916]), 9: array([0.13001869])}
2025-05-12 11:19:13,475 - DEBUG - util_fusion - fusion_dual_defense - client 3 similarity threshold: 0.7451958400923308
2025-05-12 11:19:13,476 - INFO - util_fusion - fusion_dual_defense - client 3 selected fusion benigns: [1, 2, 3, 4, 6, 7, 8]
2025-05-12 11:19:13,484 - DEBUG - util_fusion - fusion_dual_defense - client 4 scores: {0: array([5747.60728033]), 1: array([5748.42344574]), 2: array([5748.37152134]), 3: array([5748.42250298]), 4: array([5748.43070461]), 5: array([5748.0368982]), 6: array([5748.40538338]), 7: array([5748.41344289]), 8: array([5748.38340642]), 9: array([5747.71434087])}
2025-05-12 11:19:13,484 - DEBUG - util_fusion - fusion_dual_defense - client 4 norm scores: {0: array([0.]), 1: array([0.99118453]), 2: array([0.92812543]), 3: array([0.99003961]), 4: array([1.]), 5: array([0.52174545]), 6: array([0.96924887]), 7: array([0.97903666]), 8: array([0.94255916]), 9: array([0.13001869])}
2025-05-12 11:19:13,484 - DEBUG - util_fusion - fusion_dual_defense - client 4 similarity threshold: 0.7451958400923308
2025-05-12 11:19:13,484 - INFO - util_fusion - fusion_dual_defense - client 4 selected fusion benigns: [1, 2, 3, 4, 6, 7, 8]
2025-05-12 11:19:13,493 - DEBUG - util_fusion - fusion_dual_defense - client 5 scores: {0: array([5747.60728033]), 1: array([5748.42344574]), 2: array([5748.37152134]), 3: array([5748.42250298]), 4: array([5748.43070461]), 5: array([5748.0368982]), 6: array([5748.40538338]), 7: array([5748.41344289]), 8: array([5748.38340642]), 9: array([5747.71434087])}
2025-05-12 11:19:13,494 - DEBUG - util_fusion - fusion_dual_defense - client 5 norm scores: {0: array([0.]), 1: array([0.99118453]), 2: array([0.92812543]), 3: array([0.99003961]), 4: array([1.]), 5: array([0.52174545]), 6: array([0.96924887]), 7: array([0.97903666]), 8: array([0.94255916]), 9: array([0.13001869])}
2025-05-12 11:19:13,494 - DEBUG - util_fusion - fusion_dual_defense - client 5 similarity threshold: 0.7451958400923308
2025-05-12 11:19:13,494 - INFO - util_fusion - fusion_dual_defense - client 5 selected fusion benigns: [1, 2, 3, 4, 6, 7, 8]
2025-05-12 11:19:13,502 - DEBUG - util_fusion - fusion_dual_defense - client 6 scores: {0: array([5747.60728033]), 1: array([5748.42344574]), 2: array([5748.37152134]), 3: array([5748.42250298]), 4: array([5748.43070461]), 5: array([5748.0368982]), 6: array([5748.40538338]), 7: array([5748.41344289]), 8: array([5748.38340642]), 9: array([5747.71434087])}
2025-05-12 11:19:13,503 - DEBUG - util_fusion - fusion_dual_defense - client 6 norm scores: {0: array([0.]), 1: array([0.99118453]), 2: array([0.92812543]), 3: array([0.99003961]), 4: array([1.]), 5: array([0.52174545]), 6: array([0.96924887]), 7: array([0.97903666]), 8: array([0.94255916]), 9: array([0.13001869])}
2025-05-12 11:19:13,503 - DEBUG - util_fusion - fusion_dual_defense - client 6 similarity threshold: 0.7451958400923308
2025-05-12 11:19:13,503 - INFO - util_fusion - fusion_dual_defense - client 6 selected fusion benigns: [1, 2, 3, 4, 6, 7, 8]
2025-05-12 11:19:13,511 - DEBUG - util_fusion - fusion_dual_defense - client 7 scores: {0: array([5747.60728033]), 1: array([5748.42344574]), 2: array([5748.37152134]), 3: array([5748.42250298]), 4: array([5748.43070461]), 5: array([5748.0368982]), 6: array([5748.40538338]), 7: array([5748.41344289]), 8: array([5748.38340642]), 9: array([5747.71434087])}
2025-05-12 11:19:13,512 - DEBUG - util_fusion - fusion_dual_defense - client 7 norm scores: {0: array([0.]), 1: array([0.99118453]), 2: array([0.92812543]), 3: array([0.99003961]), 4: array([1.]), 5: array([0.52174545]), 6: array([0.96924887]), 7: array([0.97903666]), 8: array([0.94255916]), 9: array([0.13001869])}
2025-05-12 11:19:13,512 - DEBUG - util_fusion - fusion_dual_defense - client 7 similarity threshold: 0.7451958400923308
2025-05-12 11:19:13,512 - INFO - util_fusion - fusion_dual_defense - client 7 selected fusion benigns: [1, 2, 3, 4, 6, 7, 8]
2025-05-12 11:19:13,520 - DEBUG - util_fusion - fusion_dual_defense - client 8 scores: {0: array([5747.60728033]), 1: array([5748.42344574]), 2: array([5748.37152134]), 3: array([5748.42250298]), 4: array([5748.43070461]), 5: array([5748.0368982]), 6: array([5748.40538338]), 7: array([5748.41344289]), 8: array([5748.38340642]), 9: array([5747.71434087])}
2025-05-12 11:19:13,521 - DEBUG - util_fusion - fusion_dual_defense - client 8 norm scores: {0: array([0.]), 1: array([0.99118453]), 2: array([0.92812543]), 3: array([0.99003961]), 4: array([1.]), 5: array([0.52174545]), 6: array([0.96924887]), 7: array([0.97903666]), 8: array([0.94255916]), 9: array([0.13001869])}
2025-05-12 11:19:13,521 - DEBUG - util_fusion - fusion_dual_defense - client 8 similarity threshold: 0.7451958400923308
2025-05-12 11:19:13,521 - INFO - util_fusion - fusion_dual_defense - client 8 selected fusion benigns: [1, 2, 3, 4, 6, 7, 8]
2025-05-12 11:19:13,529 - DEBUG - util_fusion - fusion_dual_defense - client 9 scores: {0: array([5747.60728033]), 1: array([5748.42344574]), 2: array([5748.37152134]), 3: array([5748.42250298]), 4: array([5748.43070461]), 5: array([5748.0368982]), 6: array([5748.40538338]), 7: array([5748.41344289]), 8: array([5748.38340642]), 9: array([5747.71434087])}
2025-05-12 11:19:13,530 - DEBUG - util_fusion - fusion_dual_defense - client 9 norm scores: {0: array([0.]), 1: array([0.99118453]), 2: array([0.92812543]), 3: array([0.99003961]), 4: array([1.]), 5: array([0.52174545]), 6: array([0.96924887]), 7: array([0.97903666]), 8: array([0.94255916]), 9: array([0.13001869])}
2025-05-12 11:19:13,530 - DEBUG - util_fusion - fusion_dual_defense - client 9 similarity threshold: 0.7451958400923308
2025-05-12 11:19:13,530 - INFO - util_fusion - fusion_dual_defense - client 9 selected fusion benigns: [1, 2, 3, 4, 6, 7, 8]
2025-05-12 11:19:13,530 - DEBUG - util_fusion - fusion_dual_defense - final fusion benigns: (1, 2, 3, 4, 6, 7, 8)
2025-05-12 11:19:15,340 - INFO - fl - start - global side -  test accuracy: 10.1
2025-05-12 11:19:15,341 - INFO - fl - start - global side iteration 19 -  test accuracy: 10.1
2025-05-12 11:19:15,341 - INFO - fl - start - start training round 20
2025-05-12 11:19:15,343 - INFO - fl - start - round 20 attackers: [1, 4]
2025-05-12 11:19:15,343 - INFO - fl - start - start client 0 training
2025-05-12 11:19:15,343 - INFO - fl - client_local_train - client 0 start local training ...
2025-05-12 11:19:22,975 - INFO - fl - start - end client 0 training
2025-05-12 11:19:22,976 - INFO - fl - start - client 0 evaluation metrics: {'train_loss': 2721394180165791.5, 'test_acc': 9.8}
2025-05-12 11:19:22,976 - INFO - fl - start - start client 1 training
2025-05-12 11:19:22,976 - INFO - fl - client_local_train - client 1 start local training ...
2025-05-12 11:19:25,704 - INFO - fl - client_local_train - client 1 is attacker, start poisoning model
2025-05-12 11:19:29,838 - INFO - fl - start - end client 1 training
2025-05-12 11:19:29,838 - INFO - fl - start - client 1 evaluation metrics: {'train_loss': 5.214379655426399e+16, 'test_acc': 10.08}
2025-05-12 11:19:29,838 - INFO - fl - start - start client 2 training
2025-05-12 11:19:29,838 - INFO - fl - client_local_train - client 2 start local training ...
2025-05-12 11:19:35,198 - INFO - fl - start - end client 2 training
2025-05-12 11:19:35,198 - INFO - fl - start - client 2 evaluation metrics: {'train_loss': 1276976318264382.8, 'test_acc': 11.35}
2025-05-12 11:19:35,198 - INFO - fl - start - start client 3 training
2025-05-12 11:19:35,198 - INFO - fl - client_local_train - client 3 start local training ...
2025-05-12 11:19:41,962 - INFO - fl - start - end client 3 training
2025-05-12 11:19:41,962 - INFO - fl - start - client 3 evaluation metrics: {'train_loss': 2220284661441256.8, 'test_acc': 8.92}
2025-05-12 11:19:41,962 - INFO - fl - start - start client 4 training
2025-05-12 11:19:41,962 - INFO - fl - client_local_train - client 4 start local training ...
2025-05-12 11:19:48,059 - INFO - fl - client_local_train - client 4 is attacker, start poisoning model
2025-05-12 11:19:54,018 - INFO - fl - start - end client 4 training
2025-05-12 11:19:54,019 - INFO - fl - start - client 4 evaluation metrics: {'train_loss': 1.8463562680604803e+17, 'test_acc': 8.92}
2025-05-12 11:19:54,019 - INFO - fl - start - start client 5 training
2025-05-12 11:19:54,019 - INFO - fl - client_local_train - client 5 start local training ...
2025-05-12 11:19:57,735 - INFO - fl - start - end client 5 training
2025-05-12 11:19:57,735 - INFO - fl - start - client 5 evaluation metrics: {'train_loss': 2130047191545644.2, 'test_acc': 9.8}
2025-05-12 11:19:57,735 - INFO - fl - start - start client 6 training
2025-05-12 11:19:57,735 - INFO - fl - client_local_train - client 6 start local training ...
2025-05-12 11:20:02,363 - INFO - fl - start - end client 6 training
2025-05-12 11:20:02,363 - INFO - fl - start - client 6 evaluation metrics: {'train_loss': 3809357905675656.0, 'test_acc': 9.58}
2025-05-12 11:20:02,363 - INFO - fl - start - start client 7 training
2025-05-12 11:20:02,363 - INFO - fl - client_local_train - client 7 start local training ...
2025-05-12 11:20:05,156 - INFO - fl - start - end client 7 training
2025-05-12 11:20:05,156 - INFO - fl - start - client 7 evaluation metrics: {'train_loss': 3079846967232284.5, 'test_acc': 8.92}
2025-05-12 11:20:05,156 - INFO - fl - start - start client 8 training
2025-05-12 11:20:05,156 - INFO - fl - client_local_train - client 8 start local training ...
2025-05-12 11:20:08,243 - INFO - fl - start - end client 8 training
2025-05-12 11:20:08,243 - INFO - fl - start - client 8 evaluation metrics: {'train_loss': 2101841199097903.8, 'test_acc': 9.82}
2025-05-12 11:20:08,243 - INFO - fl - start - start client 9 training
2025-05-12 11:20:08,243 - INFO - fl - client_local_train - client 9 start local training ...
2025-05-12 11:20:12,366 - INFO - fl - start - end client 9 training
2025-05-12 11:20:12,366 - INFO - fl - start - client 9 evaluation metrics: {'train_loss': 1818603036868608.0, 'test_acc': 10.32}
2025-05-12 11:20:12,366 - INFO - fl - aggregate_model - start model aggregation...fusion method: dual_defense
2025-05-12 11:20:12,366 - INFO - fl - aggregate_model - start hyper-guard fusion with epsilon 0.01
2025-05-12 11:20:12,366 - INFO - fl - aggregate_model - round 20 attackers: [1, 4]
2025-05-12 11:20:23,500 - DEBUG - util_fusion - fusion_dual_defense - client 0 scores: {0: array([13117.00609892]), 1: array([13117.22417749]), 2: array([13117.33135044]), 3: array([13117.28701981]), 4: array([13117.24424218]), 5: array([13117.24357054]), 6: array([13117.28075417]), 7: array([13116.99895283]), 8: array([13117.01734063]), 9: array([13117.23714841])}
2025-05-12 11:20:23,500 - DEBUG - util_fusion - fusion_dual_defense - client 0 norm scores: {0: array([0.02149861]), 1: array([0.67757604]), 2: array([1.]), 3: array([0.86663373]), 4: array([0.73793955]), 5: array([0.73591897]), 6: array([0.84778388]), 7: array([0.]), 8: array([0.05531869]), 9: array([0.71659835])}
2025-05-12 11:20:23,500 - DEBUG - util_fusion - fusion_dual_defense - client 0 similarity threshold: 0.5659267834971728
2025-05-12 11:20:23,500 - INFO - util_fusion - fusion_dual_defense - client 0 selected fusion benigns: [1, 2, 3, 4, 5, 6, 9]
2025-05-12 11:20:23,509 - DEBUG - util_fusion - fusion_dual_defense - client 1 scores: {0: array([13117.00609892]), 1: array([13117.22417749]), 2: array([13117.33135044]), 3: array([13117.28701981]), 4: array([13117.24424218]), 5: array([13117.24357054]), 6: array([13117.28075417]), 7: array([13116.99895283]), 8: array([13117.01734063]), 9: array([13117.23714841])}
2025-05-12 11:20:23,509 - DEBUG - util_fusion - fusion_dual_defense - client 1 norm scores: {0: array([0.02149861]), 1: array([0.67757604]), 2: array([1.]), 3: array([0.86663373]), 4: array([0.73793955]), 5: array([0.73591897]), 6: array([0.84778388]), 7: array([0.]), 8: array([0.05531869]), 9: array([0.71659835])}
2025-05-12 11:20:23,509 - DEBUG - util_fusion - fusion_dual_defense - client 1 similarity threshold: 0.5659267834971728
2025-05-12 11:20:23,510 - INFO - util_fusion - fusion_dual_defense - client 1 selected fusion benigns: [1, 2, 3, 4, 5, 6, 9]
2025-05-12 11:20:23,518 - DEBUG - util_fusion - fusion_dual_defense - client 2 scores: {0: array([13117.00609892]), 1: array([13117.22417749]), 2: array([13117.33135044]), 3: array([13117.28701981]), 4: array([13117.24424218]), 5: array([13117.24357054]), 6: array([13117.28075417]), 7: array([13116.99895283]), 8: array([13117.01734063]), 9: array([13117.23714841])}
2025-05-12 11:20:23,518 - DEBUG - util_fusion - fusion_dual_defense - client 2 norm scores: {0: array([0.02149861]), 1: array([0.67757604]), 2: array([1.]), 3: array([0.86663373]), 4: array([0.73793955]), 5: array([0.73591897]), 6: array([0.84778388]), 7: array([0.]), 8: array([0.05531869]), 9: array([0.71659835])}
2025-05-12 11:20:23,518 - DEBUG - util_fusion - fusion_dual_defense - client 2 similarity threshold: 0.5659267834971728
2025-05-12 11:20:23,519 - INFO - util_fusion - fusion_dual_defense - client 2 selected fusion benigns: [1, 2, 3, 4, 5, 6, 9]
2025-05-12 11:20:23,527 - DEBUG - util_fusion - fusion_dual_defense - client 3 scores: {0: array([13117.00609892]), 1: array([13117.22417749]), 2: array([13117.33135044]), 3: array([13117.28701981]), 4: array([13117.24424218]), 5: array([13117.24357054]), 6: array([13117.28075417]), 7: array([13116.99895283]), 8: array([13117.01734063]), 9: array([13117.23714841])}
2025-05-12 11:20:23,527 - DEBUG - util_fusion - fusion_dual_defense - client 3 norm scores: {0: array([0.02149861]), 1: array([0.67757604]), 2: array([1.]), 3: array([0.86663373]), 4: array([0.73793955]), 5: array([0.73591897]), 6: array([0.84778388]), 7: array([0.]), 8: array([0.05531869]), 9: array([0.71659835])}
2025-05-12 11:20:23,527 - DEBUG - util_fusion - fusion_dual_defense - client 3 similarity threshold: 0.5659267834971728
2025-05-12 11:20:23,528 - INFO - util_fusion - fusion_dual_defense - client 3 selected fusion benigns: [1, 2, 3, 4, 5, 6, 9]
2025-05-12 11:20:23,536 - DEBUG - util_fusion - fusion_dual_defense - client 4 scores: {0: array([13117.00609892]), 1: array([13117.22417749]), 2: array([13117.33135044]), 3: array([13117.28701981]), 4: array([13117.24424218]), 5: array([13117.24357054]), 6: array([13117.28075417]), 7: array([13116.99895283]), 8: array([13117.01734063]), 9: array([13117.23714841])}
2025-05-12 11:20:23,536 - DEBUG - util_fusion - fusion_dual_defense - client 4 norm scores: {0: array([0.02149861]), 1: array([0.67757604]), 2: array([1.]), 3: array([0.86663373]), 4: array([0.73793955]), 5: array([0.73591897]), 6: array([0.84778388]), 7: array([0.]), 8: array([0.05531869]), 9: array([0.71659835])}
2025-05-12 11:20:23,536 - DEBUG - util_fusion - fusion_dual_defense - client 4 similarity threshold: 0.5659267834971728
2025-05-12 11:20:23,537 - INFO - util_fusion - fusion_dual_defense - client 4 selected fusion benigns: [1, 2, 3, 4, 5, 6, 9]
2025-05-12 11:20:23,545 - DEBUG - util_fusion - fusion_dual_defense - client 5 scores: {0: array([13117.00609892]), 1: array([13117.22417749]), 2: array([13117.33135044]), 3: array([13117.28701981]), 4: array([13117.24424218]), 5: array([13117.24357054]), 6: array([13117.28075417]), 7: array([13116.99895283]), 8: array([13117.01734063]), 9: array([13117.23714841])}
2025-05-12 11:20:23,545 - DEBUG - util_fusion - fusion_dual_defense - client 5 norm scores: {0: array([0.02149861]), 1: array([0.67757604]), 2: array([1.]), 3: array([0.86663373]), 4: array([0.73793955]), 5: array([0.73591897]), 6: array([0.84778388]), 7: array([0.]), 8: array([0.05531869]), 9: array([0.71659835])}
2025-05-12 11:20:23,545 - DEBUG - util_fusion - fusion_dual_defense - client 5 similarity threshold: 0.5659267834971728
2025-05-12 11:20:23,545 - INFO - util_fusion - fusion_dual_defense - client 5 selected fusion benigns: [1, 2, 3, 4, 5, 6, 9]
2025-05-12 11:20:23,554 - DEBUG - util_fusion - fusion_dual_defense - client 6 scores: {0: array([13117.00609892]), 1: array([13117.22417749]), 2: array([13117.33135044]), 3: array([13117.28701981]), 4: array([13117.24424218]), 5: array([13117.24357054]), 6: array([13117.28075417]), 7: array([13116.99895283]), 8: array([13117.01734063]), 9: array([13117.23714841])}
2025-05-12 11:20:23,554 - DEBUG - util_fusion - fusion_dual_defense - client 6 norm scores: {0: array([0.02149861]), 1: array([0.67757604]), 2: array([1.]), 3: array([0.86663373]), 4: array([0.73793955]), 5: array([0.73591897]), 6: array([0.84778388]), 7: array([0.]), 8: array([0.05531869]), 9: array([0.71659835])}
2025-05-12 11:20:23,554 - DEBUG - util_fusion - fusion_dual_defense - client 6 similarity threshold: 0.5659267834971728
2025-05-12 11:20:23,555 - INFO - util_fusion - fusion_dual_defense - client 6 selected fusion benigns: [1, 2, 3, 4, 5, 6, 9]
2025-05-12 11:20:23,563 - DEBUG - util_fusion - fusion_dual_defense - client 7 scores: {0: array([13117.00609892]), 1: array([13117.22417749]), 2: array([13117.33135044]), 3: array([13117.28701981]), 4: array([13117.24424218]), 5: array([13117.24357054]), 6: array([13117.28075417]), 7: array([13116.99895283]), 8: array([13117.01734063]), 9: array([13117.23714841])}
2025-05-12 11:20:23,563 - DEBUG - util_fusion - fusion_dual_defense - client 7 norm scores: {0: array([0.02149861]), 1: array([0.67757604]), 2: array([1.]), 3: array([0.86663373]), 4: array([0.73793955]), 5: array([0.73591897]), 6: array([0.84778388]), 7: array([0.]), 8: array([0.05531869]), 9: array([0.71659835])}
2025-05-12 11:20:23,563 - DEBUG - util_fusion - fusion_dual_defense - client 7 similarity threshold: 0.5659267834971728
2025-05-12 11:20:23,564 - INFO - util_fusion - fusion_dual_defense - client 7 selected fusion benigns: [1, 2, 3, 4, 5, 6, 9]
2025-05-12 11:20:23,572 - DEBUG - util_fusion - fusion_dual_defense - client 8 scores: {0: array([13117.00609892]), 1: array([13117.22417749]), 2: array([13117.33135044]), 3: array([13117.28701981]), 4: array([13117.24424218]), 5: array([13117.24357054]), 6: array([13117.28075417]), 7: array([13116.99895283]), 8: array([13117.01734063]), 9: array([13117.23714841])}
2025-05-12 11:20:23,572 - DEBUG - util_fusion - fusion_dual_defense - client 8 norm scores: {0: array([0.02149861]), 1: array([0.67757604]), 2: array([1.]), 3: array([0.86663373]), 4: array([0.73793955]), 5: array([0.73591897]), 6: array([0.84778388]), 7: array([0.]), 8: array([0.05531869]), 9: array([0.71659835])}
2025-05-12 11:20:23,573 - DEBUG - util_fusion - fusion_dual_defense - client 8 similarity threshold: 0.5659267834971728
2025-05-12 11:20:23,573 - INFO - util_fusion - fusion_dual_defense - client 8 selected fusion benigns: [1, 2, 3, 4, 5, 6, 9]
2025-05-12 11:20:23,581 - DEBUG - util_fusion - fusion_dual_defense - client 9 scores: {0: array([13117.00609892]), 1: array([13117.22417749]), 2: array([13117.33135044]), 3: array([13117.28701981]), 4: array([13117.24424218]), 5: array([13117.24357054]), 6: array([13117.28075417]), 7: array([13116.99895283]), 8: array([13117.01734063]), 9: array([13117.23714841])}
2025-05-12 11:20:23,582 - DEBUG - util_fusion - fusion_dual_defense - client 9 norm scores: {0: array([0.02149861]), 1: array([0.67757604]), 2: array([1.]), 3: array([0.86663373]), 4: array([0.73793955]), 5: array([0.73591897]), 6: array([0.84778388]), 7: array([0.]), 8: array([0.05531869]), 9: array([0.71659835])}
2025-05-12 11:20:23,582 - DEBUG - util_fusion - fusion_dual_defense - client 9 similarity threshold: 0.5659267834971728
2025-05-12 11:20:23,582 - INFO - util_fusion - fusion_dual_defense - client 9 selected fusion benigns: [1, 2, 3, 4, 5, 6, 9]
2025-05-12 11:20:23,582 - DEBUG - util_fusion - fusion_dual_defense - final fusion benigns: (1, 2, 3, 4, 5, 6, 9)
2025-05-12 11:20:25,393 - INFO - fl - start - global side -  test accuracy: 8.92
2025-05-12 11:20:25,393 - INFO - fl - start - global side iteration 20 -  test accuracy: 8.92
2025-05-12 11:20:25,393 - INFO - fl - start - start training round 21
2025-05-12 11:20:25,395 - INFO - fl - start - round 21 attackers: [0, 7]
2025-05-12 11:20:25,395 - INFO - fl - start - start client 0 training
2025-05-12 11:20:25,395 - INFO - fl - client_local_train - client 0 start local training ...
2025-05-12 11:20:30,360 - INFO - fl - client_local_train - client 0 is attacker, start poisoning model
2025-05-12 11:20:35,706 - INFO - fl - start - end client 0 training
2025-05-12 11:20:35,706 - INFO - fl - start - client 0 evaluation metrics: {'train_loss': 1.3622245188823805e+18, 'test_acc': 10.29}
2025-05-12 11:20:35,706 - INFO - fl - start - start client 1 training
2025-05-12 11:20:35,706 - INFO - fl - client_local_train - client 1 start local training ...
2025-05-12 11:20:40,480 - INFO - fl - start - end client 1 training
2025-05-12 11:20:40,480 - INFO - fl - start - client 1 evaluation metrics: {'train_loss': 1.3702924337551458e+16, 'test_acc': 9.58}
2025-05-12 11:20:40,481 - INFO - fl - start - start client 2 training
2025-05-12 11:20:40,481 - INFO - fl - client_local_train - client 2 start local training ...
2025-05-12 11:20:45,837 - INFO - fl - start - end client 2 training
2025-05-12 11:20:45,837 - INFO - fl - start - client 2 evaluation metrics: {'train_loss': 1.5460800941843936e+16, 'test_acc': 10.28}
2025-05-12 11:20:45,837 - INFO - fl - start - start client 3 training
2025-05-12 11:20:45,837 - INFO - fl - client_local_train - client 3 start local training ...
2025-05-12 11:20:52,563 - INFO - fl - start - end client 3 training
2025-05-12 11:20:52,563 - INFO - fl - start - client 3 evaluation metrics: {'train_loss': 3.0083613841893064e+16, 'test_acc': 10.09}
2025-05-12 11:20:52,563 - INFO - fl - start - start client 4 training
2025-05-12 11:20:52,563 - INFO - fl - client_local_train - client 4 start local training ...
2025-05-12 11:21:01,663 - INFO - fl - start - end client 4 training
2025-05-12 11:21:01,663 - INFO - fl - start - client 4 evaluation metrics: {'train_loss': 1.9638604248856456e+16, 'test_acc': 10.32}
2025-05-12 11:21:01,663 - INFO - fl - start - start client 5 training
2025-05-12 11:21:01,663 - INFO - fl - client_local_train - client 5 start local training ...
2025-05-12 11:21:05,388 - INFO - fl - start - end client 5 training
2025-05-12 11:21:05,388 - INFO - fl - start - client 5 evaluation metrics: {'train_loss': 2.657837998405872e+16, 'test_acc': 9.74}
2025-05-12 11:21:05,388 - INFO - fl - start - start client 6 training
2025-05-12 11:21:05,388 - INFO - fl - client_local_train - client 6 start local training ...
2025-05-12 11:21:10,027 - INFO - fl - start - end client 6 training
2025-05-12 11:21:10,027 - INFO - fl - start - client 6 evaluation metrics: {'train_loss': 3.3407228730014124e+16, 'test_acc': 9.58}
2025-05-12 11:21:10,027 - INFO - fl - start - start client 7 training
2025-05-12 11:21:10,027 - INFO - fl - client_local_train - client 7 start local training ...
2025-05-12 11:21:11,174 - INFO - fl - client_local_train - client 7 is attacker, start poisoning model
2025-05-12 11:21:14,479 - INFO - fl - start - end client 7 training
2025-05-12 11:21:14,479 - INFO - fl - start - client 7 evaluation metrics: {'train_loss': 1.6157562590302336e+18, 'test_acc': 8.91}
2025-05-12 11:21:14,479 - INFO - fl - start - start client 8 training
2025-05-12 11:21:14,479 - INFO - fl - client_local_train - client 8 start local training ...
2025-05-12 11:21:17,563 - INFO - fl - start - end client 8 training
2025-05-12 11:21:17,564 - INFO - fl - start - client 8 evaluation metrics: {'train_loss': 7465055613866079.0, 'test_acc': 10.32}
2025-05-12 11:21:17,564 - INFO - fl - start - start client 9 training
2025-05-12 11:21:17,564 - INFO - fl - client_local_train - client 9 start local training ...
2025-05-12 11:21:21,658 - INFO - fl - start - end client 9 training
2025-05-12 11:21:21,658 - INFO - fl - start - client 9 evaluation metrics: {'train_loss': 1.881000135419109e+16, 'test_acc': 9.8}
2025-05-12 11:21:21,659 - INFO - fl - aggregate_model - start model aggregation...fusion method: dual_defense
2025-05-12 11:21:21,659 - INFO - fl - aggregate_model - start hyper-guard fusion with epsilon 0.01
2025-05-12 11:21:21,659 - INFO - fl - aggregate_model - round 21 attackers: [0, 7]
2025-05-12 11:21:32,841 - DEBUG - util_fusion - fusion_dual_defense - client 0 scores: {0: array([5408.25475413]), 1: array([5408.30582568]), 2: array([5408.36090586]), 3: array([5408.24846311]), 4: array([5408.36121548]), 5: array([5408.30685577]), 6: array([5408.26863251]), 7: array([5408.29109081]), 8: array([5408.24991918]), 9: array([5408.34387288])}
2025-05-12 11:21:32,841 - DEBUG - util_fusion - fusion_dual_defense - client 0 norm scores: {0: array([0.05579501]), 1: array([0.50874823]), 2: array([0.99725393]), 3: array([0.]), 4: array([1.]), 5: array([0.5178841]), 6: array([0.17888226]), 7: array([0.3780648]), 8: array([0.01291383]), 9: array([0.84618853])}
2025-05-12 11:21:32,841 - DEBUG - util_fusion - fusion_dual_defense - client 0 similarity threshold: 0.44957306844974615
2025-05-12 11:21:32,841 - INFO - util_fusion - fusion_dual_defense - client 0 selected fusion benigns: [1, 2, 4, 5, 9]
2025-05-12 11:21:32,850 - DEBUG - util_fusion - fusion_dual_defense - client 1 scores: {0: array([5408.25475413]), 1: array([5408.30582568]), 2: array([5408.36090586]), 3: array([5408.24846311]), 4: array([5408.36121548]), 5: array([5408.30685577]), 6: array([5408.26863251]), 7: array([5408.29109081]), 8: array([5408.24991918]), 9: array([5408.34387288])}
2025-05-12 11:21:32,850 - DEBUG - util_fusion - fusion_dual_defense - client 1 norm scores: {0: array([0.05579501]), 1: array([0.50874823]), 2: array([0.99725393]), 3: array([0.]), 4: array([1.]), 5: array([0.5178841]), 6: array([0.17888226]), 7: array([0.3780648]), 8: array([0.01291383]), 9: array([0.84618853])}
2025-05-12 11:21:32,851 - DEBUG - util_fusion - fusion_dual_defense - client 1 similarity threshold: 0.44957306844974615
2025-05-12 11:21:32,851 - INFO - util_fusion - fusion_dual_defense - client 1 selected fusion benigns: [1, 2, 4, 5, 9]
2025-05-12 11:21:32,859 - DEBUG - util_fusion - fusion_dual_defense - client 2 scores: {0: array([5408.25475413]), 1: array([5408.30582568]), 2: array([5408.36090586]), 3: array([5408.24846311]), 4: array([5408.36121548]), 5: array([5408.30685577]), 6: array([5408.26863251]), 7: array([5408.29109081]), 8: array([5408.24991918]), 9: array([5408.34387288])}
2025-05-12 11:21:32,859 - DEBUG - util_fusion - fusion_dual_defense - client 2 norm scores: {0: array([0.05579501]), 1: array([0.50874823]), 2: array([0.99725393]), 3: array([0.]), 4: array([1.]), 5: array([0.5178841]), 6: array([0.17888226]), 7: array([0.3780648]), 8: array([0.01291383]), 9: array([0.84618853])}
2025-05-12 11:21:32,860 - DEBUG - util_fusion - fusion_dual_defense - client 2 similarity threshold: 0.44957306844974615
2025-05-12 11:21:32,860 - INFO - util_fusion - fusion_dual_defense - client 2 selected fusion benigns: [1, 2, 4, 5, 9]
2025-05-12 11:21:32,868 - DEBUG - util_fusion - fusion_dual_defense - client 3 scores: {0: array([5408.25475413]), 1: array([5408.30582568]), 2: array([5408.36090586]), 3: array([5408.24846311]), 4: array([5408.36121548]), 5: array([5408.30685577]), 6: array([5408.26863251]), 7: array([5408.29109081]), 8: array([5408.24991918]), 9: array([5408.34387288])}
2025-05-12 11:21:32,868 - DEBUG - util_fusion - fusion_dual_defense - client 3 norm scores: {0: array([0.05579501]), 1: array([0.50874823]), 2: array([0.99725393]), 3: array([0.]), 4: array([1.]), 5: array([0.5178841]), 6: array([0.17888226]), 7: array([0.3780648]), 8: array([0.01291383]), 9: array([0.84618853])}
2025-05-12 11:21:32,869 - DEBUG - util_fusion - fusion_dual_defense - client 3 similarity threshold: 0.44957306844974615
2025-05-12 11:21:32,869 - INFO - util_fusion - fusion_dual_defense - client 3 selected fusion benigns: [1, 2, 4, 5, 9]
2025-05-12 11:21:32,877 - DEBUG - util_fusion - fusion_dual_defense - client 4 scores: {0: array([5408.25475413]), 1: array([5408.30582568]), 2: array([5408.36090586]), 3: array([5408.24846311]), 4: array([5408.36121548]), 5: array([5408.30685577]), 6: array([5408.26863251]), 7: array([5408.29109081]), 8: array([5408.24991918]), 9: array([5408.34387288])}
2025-05-12 11:21:32,878 - DEBUG - util_fusion - fusion_dual_defense - client 4 norm scores: {0: array([0.05579501]), 1: array([0.50874823]), 2: array([0.99725393]), 3: array([0.]), 4: array([1.]), 5: array([0.5178841]), 6: array([0.17888226]), 7: array([0.3780648]), 8: array([0.01291383]), 9: array([0.84618853])}
2025-05-12 11:21:32,878 - DEBUG - util_fusion - fusion_dual_defense - client 4 similarity threshold: 0.44957306844974615
2025-05-12 11:21:32,878 - INFO - util_fusion - fusion_dual_defense - client 4 selected fusion benigns: [1, 2, 4, 5, 9]
2025-05-12 11:21:32,886 - DEBUG - util_fusion - fusion_dual_defense - client 5 scores: {0: array([5408.25475413]), 1: array([5408.30582568]), 2: array([5408.36090586]), 3: array([5408.24846311]), 4: array([5408.36121548]), 5: array([5408.30685577]), 6: array([5408.26863251]), 7: array([5408.29109081]), 8: array([5408.24991918]), 9: array([5408.34387288])}
2025-05-12 11:21:32,887 - DEBUG - util_fusion - fusion_dual_defense - client 5 norm scores: {0: array([0.05579501]), 1: array([0.50874823]), 2: array([0.99725393]), 3: array([0.]), 4: array([1.]), 5: array([0.5178841]), 6: array([0.17888226]), 7: array([0.3780648]), 8: array([0.01291383]), 9: array([0.84618853])}
2025-05-12 11:21:32,887 - DEBUG - util_fusion - fusion_dual_defense - client 5 similarity threshold: 0.44957306844974615
2025-05-12 11:21:32,887 - INFO - util_fusion - fusion_dual_defense - client 5 selected fusion benigns: [1, 2, 4, 5, 9]
2025-05-12 11:21:32,895 - DEBUG - util_fusion - fusion_dual_defense - client 6 scores: {0: array([5408.25475413]), 1: array([5408.30582568]), 2: array([5408.36090586]), 3: array([5408.24846311]), 4: array([5408.36121548]), 5: array([5408.30685577]), 6: array([5408.26863251]), 7: array([5408.29109081]), 8: array([5408.24991918]), 9: array([5408.34387288])}
2025-05-12 11:21:32,896 - DEBUG - util_fusion - fusion_dual_defense - client 6 norm scores: {0: array([0.05579501]), 1: array([0.50874823]), 2: array([0.99725393]), 3: array([0.]), 4: array([1.]), 5: array([0.5178841]), 6: array([0.17888226]), 7: array([0.3780648]), 8: array([0.01291383]), 9: array([0.84618853])}
2025-05-12 11:21:32,896 - DEBUG - util_fusion - fusion_dual_defense - client 6 similarity threshold: 0.44957306844974615
2025-05-12 11:21:32,896 - INFO - util_fusion - fusion_dual_defense - client 6 selected fusion benigns: [1, 2, 4, 5, 9]
2025-05-12 11:21:32,904 - DEBUG - util_fusion - fusion_dual_defense - client 7 scores: {0: array([5408.25475413]), 1: array([5408.30582568]), 2: array([5408.36090586]), 3: array([5408.24846311]), 4: array([5408.36121548]), 5: array([5408.30685577]), 6: array([5408.26863251]), 7: array([5408.29109081]), 8: array([5408.24991918]), 9: array([5408.34387288])}
2025-05-12 11:21:32,905 - DEBUG - util_fusion - fusion_dual_defense - client 7 norm scores: {0: array([0.05579501]), 1: array([0.50874823]), 2: array([0.99725393]), 3: array([0.]), 4: array([1.]), 5: array([0.5178841]), 6: array([0.17888226]), 7: array([0.3780648]), 8: array([0.01291383]), 9: array([0.84618853])}
2025-05-12 11:21:32,905 - DEBUG - util_fusion - fusion_dual_defense - client 7 similarity threshold: 0.44957306844974615
2025-05-12 11:21:32,905 - INFO - util_fusion - fusion_dual_defense - client 7 selected fusion benigns: [1, 2, 4, 5, 9]
2025-05-12 11:21:32,913 - DEBUG - util_fusion - fusion_dual_defense - client 8 scores: {0: array([5408.25475413]), 1: array([5408.30582568]), 2: array([5408.36090586]), 3: array([5408.24846311]), 4: array([5408.36121548]), 5: array([5408.30685577]), 6: array([5408.26863251]), 7: array([5408.29109081]), 8: array([5408.24991918]), 9: array([5408.34387288])}
2025-05-12 11:21:32,914 - DEBUG - util_fusion - fusion_dual_defense - client 8 norm scores: {0: array([0.05579501]), 1: array([0.50874823]), 2: array([0.99725393]), 3: array([0.]), 4: array([1.]), 5: array([0.5178841]), 6: array([0.17888226]), 7: array([0.3780648]), 8: array([0.01291383]), 9: array([0.84618853])}
2025-05-12 11:21:32,914 - DEBUG - util_fusion - fusion_dual_defense - client 8 similarity threshold: 0.44957306844974615
2025-05-12 11:21:32,914 - INFO - util_fusion - fusion_dual_defense - client 8 selected fusion benigns: [1, 2, 4, 5, 9]
2025-05-12 11:21:32,922 - DEBUG - util_fusion - fusion_dual_defense - client 9 scores: {0: array([5408.25475413]), 1: array([5408.30582568]), 2: array([5408.36090586]), 3: array([5408.24846311]), 4: array([5408.36121548]), 5: array([5408.30685577]), 6: array([5408.26863251]), 7: array([5408.29109081]), 8: array([5408.24991918]), 9: array([5408.34387288])}
2025-05-12 11:21:32,923 - DEBUG - util_fusion - fusion_dual_defense - client 9 norm scores: {0: array([0.05579501]), 1: array([0.50874823]), 2: array([0.99725393]), 3: array([0.]), 4: array([1.]), 5: array([0.5178841]), 6: array([0.17888226]), 7: array([0.3780648]), 8: array([0.01291383]), 9: array([0.84618853])}
2025-05-12 11:21:32,923 - DEBUG - util_fusion - fusion_dual_defense - client 9 similarity threshold: 0.44957306844974615
2025-05-12 11:21:32,923 - INFO - util_fusion - fusion_dual_defense - client 9 selected fusion benigns: [1, 2, 4, 5, 9]
2025-05-12 11:21:32,923 - DEBUG - util_fusion - fusion_dual_defense - final fusion benigns: (1, 2, 4, 5, 9)
2025-05-12 11:21:34,623 - INFO - fl - start - global side -  test accuracy: 11.35
2025-05-12 11:21:34,623 - INFO - fl - start - global side iteration 21 -  test accuracy: 11.35
2025-05-12 11:21:34,624 - INFO - fl - start - start training round 22
2025-05-12 11:21:34,625 - INFO - fl - start - round 22 attackers: [4, 8]
2025-05-12 11:21:34,626 - INFO - fl - start - start client 0 training
2025-05-12 11:21:34,626 - INFO - fl - client_local_train - client 0 start local training ...
2025-05-12 11:21:42,286 - INFO - fl - start - end client 0 training
2025-05-12 11:21:42,286 - INFO - fl - start - client 0 evaluation metrics: {'train_loss': 6485426275206184.0, 'test_acc': 10.28}
2025-05-12 11:21:42,286 - INFO - fl - start - start client 1 training
2025-05-12 11:21:42,286 - INFO - fl - client_local_train - client 1 start local training ...
2025-05-12 11:21:47,045 - INFO - fl - start - end client 1 training
2025-05-12 11:21:47,045 - INFO - fl - start - client 1 evaluation metrics: {'train_loss': 1.1637736430083706e+16, 'test_acc': 10.28}
2025-05-12 11:21:47,045 - INFO - fl - start - start client 2 training
2025-05-12 11:21:47,045 - INFO - fl - client_local_train - client 2 start local training ...
2025-05-12 11:21:52,399 - INFO - fl - start - end client 2 training
2025-05-12 11:21:52,399 - INFO - fl - start - client 2 evaluation metrics: {'train_loss': 2231722267297415.8, 'test_acc': 10.28}
2025-05-12 11:21:52,399 - INFO - fl - start - start client 3 training
2025-05-12 11:21:52,399 - INFO - fl - client_local_train - client 3 start local training ...
2025-05-12 11:21:59,110 - INFO - fl - start - end client 3 training
2025-05-12 11:21:59,110 - INFO - fl - start - client 3 evaluation metrics: {'train_loss': 1.117418378282648e+16, 'test_acc': 9.8}
2025-05-12 11:21:59,110 - INFO - fl - start - start client 4 training
2025-05-12 11:21:59,110 - INFO - fl - client_local_train - client 4 start local training ...
2025-05-12 11:22:05,256 - INFO - fl - client_local_train - client 4 is attacker, start poisoning model
2025-05-12 11:22:11,215 - INFO - fl - start - end client 4 training
2025-05-12 11:22:11,215 - INFO - fl - start - client 4 evaluation metrics: {'train_loss': 5.953049039529568e+17, 'test_acc': 9.8}
2025-05-12 11:22:11,215 - INFO - fl - start - start client 5 training
2025-05-12 11:22:11,216 - INFO - fl - client_local_train - client 5 start local training ...
2025-05-12 11:22:14,923 - INFO - fl - start - end client 5 training
2025-05-12 11:22:14,923 - INFO - fl - start - client 5 evaluation metrics: {'train_loss': 1.5926615332690556e+16, 'test_acc': 9.58}
2025-05-12 11:22:14,923 - INFO - fl - start - start client 6 training
2025-05-12 11:22:14,923 - INFO - fl - client_local_train - client 6 start local training ...
2025-05-12 11:22:19,566 - INFO - fl - start - end client 6 training
2025-05-12 11:22:19,566 - INFO - fl - start - client 6 evaluation metrics: {'train_loss': 8023709434381906.0, 'test_acc': 10.1}
2025-05-12 11:22:19,566 - INFO - fl - start - start client 7 training
2025-05-12 11:22:19,566 - INFO - fl - client_local_train - client 7 start local training ...
2025-05-12 11:22:22,368 - INFO - fl - start - end client 7 training
2025-05-12 11:22:22,368 - INFO - fl - start - client 7 evaluation metrics: {'train_loss': 1.5150564871853398e+16, 'test_acc': 10.28}
2025-05-12 11:22:22,368 - INFO - fl - start - start client 8 training
2025-05-12 11:22:22,368 - INFO - fl - client_local_train - client 8 start local training ...
2025-05-12 11:22:23,762 - INFO - fl - client_local_train - client 8 is attacker, start poisoning model
2025-05-12 11:22:27,193 - INFO - fl - start - end client 8 training
2025-05-12 11:22:27,193 - INFO - fl - start - client 8 evaluation metrics: {'train_loss': 1.0253762715926665e+18, 'test_acc': 9.73}
2025-05-12 11:22:27,193 - INFO - fl - start - start client 9 training
2025-05-12 11:22:27,193 - INFO - fl - client_local_train - client 9 start local training ...
2025-05-12 11:22:31,309 - INFO - fl - start - end client 9 training
2025-05-12 11:22:31,310 - INFO - fl - start - client 9 evaluation metrics: {'train_loss': 1.3259818425847568e+16, 'test_acc': 10.32}
2025-05-12 11:22:31,310 - INFO - fl - aggregate_model - start model aggregation...fusion method: dual_defense
2025-05-12 11:22:31,310 - INFO - fl - aggregate_model - start hyper-guard fusion with epsilon 0.01
2025-05-12 11:22:31,310 - INFO - fl - aggregate_model - round 22 attackers: [8, 4]
2025-05-12 11:22:42,489 - DEBUG - util_fusion - fusion_dual_defense - client 0 scores: {0: array([2450.27063878]), 1: array([2450.29700384]), 2: array([2450.31646454]), 3: array([2450.26077292]), 4: array([2450.31719449]), 5: array([2450.30114133]), 6: array([2450.29474363]), 7: array([2450.31099452]), 8: array([2450.24996445]), 9: array([2450.30866376])}
2025-05-12 11:22:42,490 - DEBUG - util_fusion - fusion_dual_defense - client 0 norm scores: {0: array([0.3075163]), 1: array([0.69967818]), 2: array([0.98914242]), 3: array([0.16076845]), 4: array([1.]), 5: array([0.76122039]), 6: array([0.66605904]), 7: array([0.90777967]), 8: array([0.]), 9: array([0.87311127])}
2025-05-12 11:22:42,490 - DEBUG - util_fusion - fusion_dual_defense - client 0 similarity threshold: 0.6365275724153262
2025-05-12 11:22:42,490 - INFO - util_fusion - fusion_dual_defense - client 0 selected fusion benigns: [1, 2, 4, 5, 6, 7, 9]
2025-05-12 11:22:42,498 - DEBUG - util_fusion - fusion_dual_defense - client 1 scores: {0: array([2450.27063878]), 1: array([2450.29700384]), 2: array([2450.31646454]), 3: array([2450.26077292]), 4: array([2450.31719449]), 5: array([2450.30114133]), 6: array([2450.29474363]), 7: array([2450.31099452]), 8: array([2450.24996445]), 9: array([2450.30866376])}
2025-05-12 11:22:42,499 - DEBUG - util_fusion - fusion_dual_defense - client 1 norm scores: {0: array([0.3075163]), 1: array([0.69967818]), 2: array([0.98914242]), 3: array([0.16076845]), 4: array([1.]), 5: array([0.76122039]), 6: array([0.66605904]), 7: array([0.90777967]), 8: array([0.]), 9: array([0.87311127])}
2025-05-12 11:22:42,499 - DEBUG - util_fusion - fusion_dual_defense - client 1 similarity threshold: 0.6365275724153262
2025-05-12 11:22:42,499 - INFO - util_fusion - fusion_dual_defense - client 1 selected fusion benigns: [1, 2, 4, 5, 6, 7, 9]
2025-05-12 11:22:42,507 - DEBUG - util_fusion - fusion_dual_defense - client 2 scores: {0: array([2450.27063878]), 1: array([2450.29700384]), 2: array([2450.31646454]), 3: array([2450.26077292]), 4: array([2450.31719449]), 5: array([2450.30114133]), 6: array([2450.29474363]), 7: array([2450.31099452]), 8: array([2450.24996445]), 9: array([2450.30866376])}
2025-05-12 11:22:42,508 - DEBUG - util_fusion - fusion_dual_defense - client 2 norm scores: {0: array([0.3075163]), 1: array([0.69967818]), 2: array([0.98914242]), 3: array([0.16076845]), 4: array([1.]), 5: array([0.76122039]), 6: array([0.66605904]), 7: array([0.90777967]), 8: array([0.]), 9: array([0.87311127])}
2025-05-12 11:22:42,508 - DEBUG - util_fusion - fusion_dual_defense - client 2 similarity threshold: 0.6365275724153262
2025-05-12 11:22:42,508 - INFO - util_fusion - fusion_dual_defense - client 2 selected fusion benigns: [1, 2, 4, 5, 6, 7, 9]
2025-05-12 11:22:42,517 - DEBUG - util_fusion - fusion_dual_defense - client 3 scores: {0: array([2450.27063878]), 1: array([2450.29700384]), 2: array([2450.31646454]), 3: array([2450.26077292]), 4: array([2450.31719449]), 5: array([2450.30114133]), 6: array([2450.29474363]), 7: array([2450.31099452]), 8: array([2450.24996445]), 9: array([2450.30866376])}
2025-05-12 11:22:42,517 - DEBUG - util_fusion - fusion_dual_defense - client 3 norm scores: {0: array([0.3075163]), 1: array([0.69967818]), 2: array([0.98914242]), 3: array([0.16076845]), 4: array([1.]), 5: array([0.76122039]), 6: array([0.66605904]), 7: array([0.90777967]), 8: array([0.]), 9: array([0.87311127])}
2025-05-12 11:22:42,517 - DEBUG - util_fusion - fusion_dual_defense - client 3 similarity threshold: 0.6365275724153262
2025-05-12 11:22:42,517 - INFO - util_fusion - fusion_dual_defense - client 3 selected fusion benigns: [1, 2, 4, 5, 6, 7, 9]
2025-05-12 11:22:42,526 - DEBUG - util_fusion - fusion_dual_defense - client 4 scores: {0: array([2450.27063878]), 1: array([2450.29700384]), 2: array([2450.31646454]), 3: array([2450.26077292]), 4: array([2450.31719449]), 5: array([2450.30114133]), 6: array([2450.29474363]), 7: array([2450.31099452]), 8: array([2450.24996445]), 9: array([2450.30866376])}
2025-05-12 11:22:42,526 - DEBUG - util_fusion - fusion_dual_defense - client 4 norm scores: {0: array([0.3075163]), 1: array([0.69967818]), 2: array([0.98914242]), 3: array([0.16076845]), 4: array([1.]), 5: array([0.76122039]), 6: array([0.66605904]), 7: array([0.90777967]), 8: array([0.]), 9: array([0.87311127])}
2025-05-12 11:22:42,526 - DEBUG - util_fusion - fusion_dual_defense - client 4 similarity threshold: 0.6365275724153262
2025-05-12 11:22:42,526 - INFO - util_fusion - fusion_dual_defense - client 4 selected fusion benigns: [1, 2, 4, 5, 6, 7, 9]
2025-05-12 11:22:42,535 - DEBUG - util_fusion - fusion_dual_defense - client 5 scores: {0: array([2450.27063878]), 1: array([2450.29700384]), 2: array([2450.31646454]), 3: array([2450.26077292]), 4: array([2450.31719449]), 5: array([2450.30114133]), 6: array([2450.29474363]), 7: array([2450.31099452]), 8: array([2450.24996445]), 9: array([2450.30866376])}
2025-05-12 11:22:42,535 - DEBUG - util_fusion - fusion_dual_defense - client 5 norm scores: {0: array([0.3075163]), 1: array([0.69967818]), 2: array([0.98914242]), 3: array([0.16076845]), 4: array([1.]), 5: array([0.76122039]), 6: array([0.66605904]), 7: array([0.90777967]), 8: array([0.]), 9: array([0.87311127])}
2025-05-12 11:22:42,535 - DEBUG - util_fusion - fusion_dual_defense - client 5 similarity threshold: 0.6365275724153262
2025-05-12 11:22:42,535 - INFO - util_fusion - fusion_dual_defense - client 5 selected fusion benigns: [1, 2, 4, 5, 6, 7, 9]
2025-05-12 11:22:42,544 - DEBUG - util_fusion - fusion_dual_defense - client 6 scores: {0: array([2450.27063878]), 1: array([2450.29700384]), 2: array([2450.31646454]), 3: array([2450.26077292]), 4: array([2450.31719449]), 5: array([2450.30114133]), 6: array([2450.29474363]), 7: array([2450.31099452]), 8: array([2450.24996445]), 9: array([2450.30866376])}
2025-05-12 11:22:42,544 - DEBUG - util_fusion - fusion_dual_defense - client 6 norm scores: {0: array([0.3075163]), 1: array([0.69967818]), 2: array([0.98914242]), 3: array([0.16076845]), 4: array([1.]), 5: array([0.76122039]), 6: array([0.66605904]), 7: array([0.90777967]), 8: array([0.]), 9: array([0.87311127])}
2025-05-12 11:22:42,544 - DEBUG - util_fusion - fusion_dual_defense - client 6 similarity threshold: 0.6365275724153262
2025-05-12 11:22:42,544 - INFO - util_fusion - fusion_dual_defense - client 6 selected fusion benigns: [1, 2, 4, 5, 6, 7, 9]
2025-05-12 11:22:42,553 - DEBUG - util_fusion - fusion_dual_defense - client 7 scores: {0: array([2450.27063878]), 1: array([2450.29700384]), 2: array([2450.31646454]), 3: array([2450.26077292]), 4: array([2450.31719449]), 5: array([2450.30114133]), 6: array([2450.29474363]), 7: array([2450.31099452]), 8: array([2450.24996445]), 9: array([2450.30866376])}
2025-05-12 11:22:42,553 - DEBUG - util_fusion - fusion_dual_defense - client 7 norm scores: {0: array([0.3075163]), 1: array([0.69967818]), 2: array([0.98914242]), 3: array([0.16076845]), 4: array([1.]), 5: array([0.76122039]), 6: array([0.66605904]), 7: array([0.90777967]), 8: array([0.]), 9: array([0.87311127])}
2025-05-12 11:22:42,553 - DEBUG - util_fusion - fusion_dual_defense - client 7 similarity threshold: 0.6365275724153262
2025-05-12 11:22:42,553 - INFO - util_fusion - fusion_dual_defense - client 7 selected fusion benigns: [1, 2, 4, 5, 6, 7, 9]
2025-05-12 11:22:42,562 - DEBUG - util_fusion - fusion_dual_defense - client 8 scores: {0: array([2450.27063878]), 1: array([2450.29700384]), 2: array([2450.31646454]), 3: array([2450.26077292]), 4: array([2450.31719449]), 5: array([2450.30114133]), 6: array([2450.29474363]), 7: array([2450.31099452]), 8: array([2450.24996445]), 9: array([2450.30866376])}
2025-05-12 11:22:42,562 - DEBUG - util_fusion - fusion_dual_defense - client 8 norm scores: {0: array([0.3075163]), 1: array([0.69967818]), 2: array([0.98914242]), 3: array([0.16076845]), 4: array([1.]), 5: array([0.76122039]), 6: array([0.66605904]), 7: array([0.90777967]), 8: array([0.]), 9: array([0.87311127])}
2025-05-12 11:22:42,562 - DEBUG - util_fusion - fusion_dual_defense - client 8 similarity threshold: 0.6365275724153262
2025-05-12 11:22:42,562 - INFO - util_fusion - fusion_dual_defense - client 8 selected fusion benigns: [1, 2, 4, 5, 6, 7, 9]
2025-05-12 11:22:42,571 - DEBUG - util_fusion - fusion_dual_defense - client 9 scores: {0: array([2450.27063878]), 1: array([2450.29700384]), 2: array([2450.31646454]), 3: array([2450.26077292]), 4: array([2450.31719449]), 5: array([2450.30114133]), 6: array([2450.29474363]), 7: array([2450.31099452]), 8: array([2450.24996445]), 9: array([2450.30866376])}
2025-05-12 11:22:42,571 - DEBUG - util_fusion - fusion_dual_defense - client 9 norm scores: {0: array([0.3075163]), 1: array([0.69967818]), 2: array([0.98914242]), 3: array([0.16076845]), 4: array([1.]), 5: array([0.76122039]), 6: array([0.66605904]), 7: array([0.90777967]), 8: array([0.]), 9: array([0.87311127])}
2025-05-12 11:22:42,571 - DEBUG - util_fusion - fusion_dual_defense - client 9 similarity threshold: 0.6365275724153262
2025-05-12 11:22:42,571 - INFO - util_fusion - fusion_dual_defense - client 9 selected fusion benigns: [1, 2, 4, 5, 6, 7, 9]
2025-05-12 11:22:42,571 - DEBUG - util_fusion - fusion_dual_defense - final fusion benigns: (1, 2, 4, 5, 6, 7, 9)
2025-05-12 11:22:44,381 - INFO - fl - start - global side -  test accuracy: 10.08
2025-05-12 11:22:44,381 - INFO - fl - start - global side iteration 22 -  test accuracy: 10.08
2025-05-12 11:22:44,390 - INFO - fl - start - start training round 23
2025-05-12 11:22:44,394 - INFO - fl - start - round 23 attackers: [5, 8]
2025-05-12 11:22:44,395 - INFO - fl - start - start client 0 training
2025-05-12 11:22:44,395 - INFO - fl - client_local_train - client 0 start local training ...
2025-05-12 11:22:52,065 - INFO - fl - start - end client 0 training
2025-05-12 11:22:52,066 - INFO - fl - start - client 0 evaluation metrics: {'train_loss': 1.5913633161862678e+17, 'test_acc': 9.75}
2025-05-12 11:22:52,066 - INFO - fl - start - start client 1 training
2025-05-12 11:22:52,066 - INFO - fl - client_local_train - client 1 start local training ...
2025-05-12 11:22:56,860 - INFO - fl - start - end client 1 training
2025-05-12 11:22:56,860 - INFO - fl - start - client 1 evaluation metrics: {'train_loss': 1.2435486838520296e+17, 'test_acc': 9.81}
2025-05-12 11:22:56,860 - INFO - fl - start - start client 2 training
2025-05-12 11:22:56,860 - INFO - fl - client_local_train - client 2 start local training ...
2025-05-12 11:23:02,202 - INFO - fl - start - end client 2 training
2025-05-12 11:23:02,202 - INFO - fl - start - client 2 evaluation metrics: {'train_loss': 9.532745503758277e+16, 'test_acc': 10.26}
2025-05-12 11:23:02,202 - INFO - fl - start - start client 3 training
2025-05-12 11:23:02,202 - INFO - fl - client_local_train - client 3 start local training ...
2025-05-12 11:23:08,920 - INFO - fl - start - end client 3 training
2025-05-12 11:23:08,920 - INFO - fl - start - client 3 evaluation metrics: {'train_loss': 1.4372977137651787e+17, 'test_acc': 10.13}
2025-05-12 11:23:08,920 - INFO - fl - start - start client 4 training
2025-05-12 11:23:08,920 - INFO - fl - client_local_train - client 4 start local training ...
2025-05-12 11:23:17,998 - INFO - fl - start - end client 4 training
2025-05-12 11:23:17,998 - INFO - fl - start - client 4 evaluation metrics: {'train_loss': 1.2880608047848856e+17, 'test_acc': 8.89}
2025-05-12 11:23:17,998 - INFO - fl - start - start client 5 training
2025-05-12 11:23:17,998 - INFO - fl - client_local_train - client 5 start local training ...
2025-05-12 11:23:19,853 - INFO - fl - client_local_train - client 5 is attacker, start poisoning model
2025-05-12 11:23:23,545 - INFO - fl - start - end client 5 training
2025-05-12 11:23:23,545 - INFO - fl - start - client 5 evaluation metrics: {'train_loss': 7.471719115052612e+18, 'test_acc': 11.35}
2025-05-12 11:23:23,545 - INFO - fl - start - start client 6 training
2025-05-12 11:23:23,545 - INFO - fl - client_local_train - client 6 start local training ...
2025-05-12 11:23:28,178 - INFO - fl - start - end client 6 training
2025-05-12 11:23:28,178 - INFO - fl - start - client 6 evaluation metrics: {'train_loss': 8.54615129239999e+16, 'test_acc': 10.07}
2025-05-12 11:23:28,178 - INFO - fl - start - start client 7 training
2025-05-12 11:23:28,178 - INFO - fl - client_local_train - client 7 start local training ...
2025-05-12 11:23:30,972 - INFO - fl - start - end client 7 training
2025-05-12 11:23:30,973 - INFO - fl - start - client 7 evaluation metrics: {'train_loss': 1.9449359156705872e+17, 'test_acc': 8.91}
2025-05-12 11:23:30,973 - INFO - fl - start - start client 8 training
2025-05-12 11:23:30,973 - INFO - fl - client_local_train - client 8 start local training ...
2025-05-12 11:23:32,364 - INFO - fl - client_local_train - client 8 is attacker, start poisoning model
2025-05-12 11:23:35,801 - INFO - fl - start - end client 8 training
2025-05-12 11:23:35,801 - INFO - fl - start - client 8 evaluation metrics: {'train_loss': 9.037337162513767e+18, 'test_acc': 9.76}
2025-05-12 11:23:35,801 - INFO - fl - start - start client 9 training
2025-05-12 11:23:35,801 - INFO - fl - client_local_train - client 9 start local training ...
2025-05-12 11:23:39,924 - INFO - fl - start - end client 9 training
2025-05-12 11:23:39,924 - INFO - fl - start - client 9 evaluation metrics: {'train_loss': 3.377074300654098e+16, 'test_acc': 9.75}
2025-05-12 11:23:39,924 - INFO - fl - aggregate_model - start model aggregation...fusion method: dual_defense
2025-05-12 11:23:39,924 - INFO - fl - aggregate_model - start hyper-guard fusion with epsilon 0.01
2025-05-12 11:23:39,924 - INFO - fl - aggregate_model - round 23 attackers: [8, 5]
2025-05-12 11:23:51,151 - DEBUG - util_fusion - fusion_dual_defense - client 0 scores: {0: array([8949.47392041]), 1: array([8949.53606255]), 2: array([8949.55432846]), 3: array([8949.54852826]), 4: array([8949.56068708]), 5: array([8949.5430396]), 6: array([8949.54223782]), 7: array([8949.4653747]), 8: array([8949.54201725]), 9: array([8949.49486991])}
2025-05-12 11:23:51,152 - DEBUG - util_fusion - fusion_dual_defense - client 0 norm scores: {0: array([0.08966004]), 1: array([0.74164397]), 2: array([0.93328656]), 3: array([0.87243194]), 4: array([1.]), 5: array([0.81484595]), 6: array([0.80643375]), 7: array([0.]), 8: array([0.80411965]), 9: array([0.30945833])}
2025-05-12 11:23:51,152 - DEBUG - util_fusion - fusion_dual_defense - client 0 similarity threshold: 0.6371880192482811
2025-05-12 11:23:51,152 - INFO - util_fusion - fusion_dual_defense - client 0 selected fusion benigns: [1, 2, 3, 4, 5, 6, 8]
2025-05-12 11:23:51,160 - DEBUG - util_fusion - fusion_dual_defense - client 1 scores: {0: array([8949.47392041]), 1: array([8949.53606255]), 2: array([8949.55432846]), 3: array([8949.54852826]), 4: array([8949.56068708]), 5: array([8949.5430396]), 6: array([8949.54223782]), 7: array([8949.4653747]), 8: array([8949.54201725]), 9: array([8949.49486991])}
2025-05-12 11:23:51,161 - DEBUG - util_fusion - fusion_dual_defense - client 1 norm scores: {0: array([0.08966004]), 1: array([0.74164397]), 2: array([0.93328656]), 3: array([0.87243194]), 4: array([1.]), 5: array([0.81484595]), 6: array([0.80643375]), 7: array([0.]), 8: array([0.80411965]), 9: array([0.30945833])}
2025-05-12 11:23:51,161 - DEBUG - util_fusion - fusion_dual_defense - client 1 similarity threshold: 0.6371880192482811
2025-05-12 11:23:51,161 - INFO - util_fusion - fusion_dual_defense - client 1 selected fusion benigns: [1, 2, 3, 4, 5, 6, 8]
2025-05-12 11:23:51,169 - DEBUG - util_fusion - fusion_dual_defense - client 2 scores: {0: array([8949.47392041]), 1: array([8949.53606255]), 2: array([8949.55432846]), 3: array([8949.54852826]), 4: array([8949.56068708]), 5: array([8949.5430396]), 6: array([8949.54223782]), 7: array([8949.4653747]), 8: array([8949.54201725]), 9: array([8949.49486991])}
2025-05-12 11:23:51,170 - DEBUG - util_fusion - fusion_dual_defense - client 2 norm scores: {0: array([0.08966004]), 1: array([0.74164397]), 2: array([0.93328656]), 3: array([0.87243194]), 4: array([1.]), 5: array([0.81484595]), 6: array([0.80643375]), 7: array([0.]), 8: array([0.80411965]), 9: array([0.30945833])}
2025-05-12 11:23:51,170 - DEBUG - util_fusion - fusion_dual_defense - client 2 similarity threshold: 0.6371880192482811
2025-05-12 11:23:51,170 - INFO - util_fusion - fusion_dual_defense - client 2 selected fusion benigns: [1, 2, 3, 4, 5, 6, 8]
2025-05-12 11:23:51,178 - DEBUG - util_fusion - fusion_dual_defense - client 3 scores: {0: array([8949.47392041]), 1: array([8949.53606255]), 2: array([8949.55432846]), 3: array([8949.54852826]), 4: array([8949.56068708]), 5: array([8949.5430396]), 6: array([8949.54223782]), 7: array([8949.4653747]), 8: array([8949.54201725]), 9: array([8949.49486991])}
2025-05-12 11:23:51,179 - DEBUG - util_fusion - fusion_dual_defense - client 3 norm scores: {0: array([0.08966004]), 1: array([0.74164397]), 2: array([0.93328656]), 3: array([0.87243194]), 4: array([1.]), 5: array([0.81484595]), 6: array([0.80643375]), 7: array([0.]), 8: array([0.80411965]), 9: array([0.30945833])}
2025-05-12 11:23:51,179 - DEBUG - util_fusion - fusion_dual_defense - client 3 similarity threshold: 0.6371880192482811
2025-05-12 11:23:51,179 - INFO - util_fusion - fusion_dual_defense - client 3 selected fusion benigns: [1, 2, 3, 4, 5, 6, 8]
2025-05-12 11:23:51,187 - DEBUG - util_fusion - fusion_dual_defense - client 4 scores: {0: array([8949.47392041]), 1: array([8949.53606255]), 2: array([8949.55432846]), 3: array([8949.54852826]), 4: array([8949.56068708]), 5: array([8949.5430396]), 6: array([8949.54223782]), 7: array([8949.4653747]), 8: array([8949.54201725]), 9: array([8949.49486991])}
2025-05-12 11:23:51,188 - DEBUG - util_fusion - fusion_dual_defense - client 4 norm scores: {0: array([0.08966004]), 1: array([0.74164397]), 2: array([0.93328656]), 3: array([0.87243194]), 4: array([1.]), 5: array([0.81484595]), 6: array([0.80643375]), 7: array([0.]), 8: array([0.80411965]), 9: array([0.30945833])}
2025-05-12 11:23:51,188 - DEBUG - util_fusion - fusion_dual_defense - client 4 similarity threshold: 0.6371880192482811
2025-05-12 11:23:51,188 - INFO - util_fusion - fusion_dual_defense - client 4 selected fusion benigns: [1, 2, 3, 4, 5, 6, 8]
2025-05-12 11:23:51,196 - DEBUG - util_fusion - fusion_dual_defense - client 5 scores: {0: array([8949.47392041]), 1: array([8949.53606255]), 2: array([8949.55432846]), 3: array([8949.54852826]), 4: array([8949.56068708]), 5: array([8949.5430396]), 6: array([8949.54223782]), 7: array([8949.4653747]), 8: array([8949.54201725]), 9: array([8949.49486991])}
2025-05-12 11:23:51,197 - DEBUG - util_fusion - fusion_dual_defense - client 5 norm scores: {0: array([0.08966004]), 1: array([0.74164397]), 2: array([0.93328656]), 3: array([0.87243194]), 4: array([1.]), 5: array([0.81484595]), 6: array([0.80643375]), 7: array([0.]), 8: array([0.80411965]), 9: array([0.30945833])}
2025-05-12 11:23:51,197 - DEBUG - util_fusion - fusion_dual_defense - client 5 similarity threshold: 0.6371880192482811
2025-05-12 11:23:51,197 - INFO - util_fusion - fusion_dual_defense - client 5 selected fusion benigns: [1, 2, 3, 4, 5, 6, 8]
2025-05-12 11:23:51,205 - DEBUG - util_fusion - fusion_dual_defense - client 6 scores: {0: array([8949.47392041]), 1: array([8949.53606255]), 2: array([8949.55432846]), 3: array([8949.54852826]), 4: array([8949.56068708]), 5: array([8949.5430396]), 6: array([8949.54223782]), 7: array([8949.4653747]), 8: array([8949.54201725]), 9: array([8949.49486991])}
2025-05-12 11:23:51,206 - DEBUG - util_fusion - fusion_dual_defense - client 6 norm scores: {0: array([0.08966004]), 1: array([0.74164397]), 2: array([0.93328656]), 3: array([0.87243194]), 4: array([1.]), 5: array([0.81484595]), 6: array([0.80643375]), 7: array([0.]), 8: array([0.80411965]), 9: array([0.30945833])}
2025-05-12 11:23:51,206 - DEBUG - util_fusion - fusion_dual_defense - client 6 similarity threshold: 0.6371880192482811
2025-05-12 11:23:51,206 - INFO - util_fusion - fusion_dual_defense - client 6 selected fusion benigns: [1, 2, 3, 4, 5, 6, 8]
2025-05-12 11:23:51,214 - DEBUG - util_fusion - fusion_dual_defense - client 7 scores: {0: array([8949.47392041]), 1: array([8949.53606255]), 2: array([8949.55432846]), 3: array([8949.54852826]), 4: array([8949.56068708]), 5: array([8949.5430396]), 6: array([8949.54223782]), 7: array([8949.4653747]), 8: array([8949.54201725]), 9: array([8949.49486991])}
2025-05-12 11:23:51,215 - DEBUG - util_fusion - fusion_dual_defense - client 7 norm scores: {0: array([0.08966004]), 1: array([0.74164397]), 2: array([0.93328656]), 3: array([0.87243194]), 4: array([1.]), 5: array([0.81484595]), 6: array([0.80643375]), 7: array([0.]), 8: array([0.80411965]), 9: array([0.30945833])}
2025-05-12 11:23:51,215 - DEBUG - util_fusion - fusion_dual_defense - client 7 similarity threshold: 0.6371880192482811
2025-05-12 11:23:51,215 - INFO - util_fusion - fusion_dual_defense - client 7 selected fusion benigns: [1, 2, 3, 4, 5, 6, 8]
2025-05-12 11:23:51,223 - DEBUG - util_fusion - fusion_dual_defense - client 8 scores: {0: array([8949.47392041]), 1: array([8949.53606255]), 2: array([8949.55432846]), 3: array([8949.54852826]), 4: array([8949.56068708]), 5: array([8949.5430396]), 6: array([8949.54223782]), 7: array([8949.4653747]), 8: array([8949.54201725]), 9: array([8949.49486991])}
2025-05-12 11:23:51,224 - DEBUG - util_fusion - fusion_dual_defense - client 8 norm scores: {0: array([0.08966004]), 1: array([0.74164397]), 2: array([0.93328656]), 3: array([0.87243194]), 4: array([1.]), 5: array([0.81484595]), 6: array([0.80643375]), 7: array([0.]), 8: array([0.80411965]), 9: array([0.30945833])}
2025-05-12 11:23:51,224 - DEBUG - util_fusion - fusion_dual_defense - client 8 similarity threshold: 0.6371880192482811
2025-05-12 11:23:51,224 - INFO - util_fusion - fusion_dual_defense - client 8 selected fusion benigns: [1, 2, 3, 4, 5, 6, 8]
2025-05-12 11:23:51,232 - DEBUG - util_fusion - fusion_dual_defense - client 9 scores: {0: array([8949.47392041]), 1: array([8949.53606255]), 2: array([8949.55432846]), 3: array([8949.54852826]), 4: array([8949.56068708]), 5: array([8949.5430396]), 6: array([8949.54223782]), 7: array([8949.4653747]), 8: array([8949.54201725]), 9: array([8949.49486991])}
2025-05-12 11:23:51,233 - DEBUG - util_fusion - fusion_dual_defense - client 9 norm scores: {0: array([0.08966004]), 1: array([0.74164397]), 2: array([0.93328656]), 3: array([0.87243194]), 4: array([1.]), 5: array([0.81484595]), 6: array([0.80643375]), 7: array([0.]), 8: array([0.80411965]), 9: array([0.30945833])}
2025-05-12 11:23:51,233 - DEBUG - util_fusion - fusion_dual_defense - client 9 similarity threshold: 0.6371880192482811
2025-05-12 11:23:51,233 - INFO - util_fusion - fusion_dual_defense - client 9 selected fusion benigns: [1, 2, 3, 4, 5, 6, 8]
2025-05-12 11:23:51,233 - DEBUG - util_fusion - fusion_dual_defense - final fusion benigns: (1, 2, 3, 4, 5, 6, 8)
2025-05-12 11:23:53,044 - INFO - fl - start - global side -  test accuracy: 9.8
2025-05-12 11:23:53,044 - INFO - fl - start - global side iteration 23 -  test accuracy: 9.8
2025-05-12 11:23:53,044 - INFO - fl - start - start training round 24
2025-05-12 11:23:53,046 - INFO - fl - start - round 24 attackers: [4, 6]
2025-05-12 11:23:53,046 - INFO - fl - start - start client 0 training
2025-05-12 11:23:53,046 - INFO - fl - client_local_train - client 0 start local training ...
2025-05-12 11:24:00,694 - INFO - fl - start - end client 0 training
2025-05-12 11:24:00,694 - INFO - fl - start - client 0 evaluation metrics: {'train_loss': nan, 'test_acc': 9.8}
2025-05-12 11:24:00,694 - INFO - fl - start - start client 1 training
2025-05-12 11:24:00,694 - INFO - fl - client_local_train - client 1 start local training ...
2025-05-12 11:24:05,481 - INFO - fl - start - end client 1 training
2025-05-12 11:24:05,481 - INFO - fl - start - client 1 evaluation metrics: {'train_loss': nan, 'test_acc': 9.8}
2025-05-12 11:24:05,481 - INFO - fl - start - start client 2 training
2025-05-12 11:24:05,481 - INFO - fl - client_local_train - client 2 start local training ...
2025-05-12 11:24:10,884 - INFO - fl - start - end client 2 training
2025-05-12 11:24:10,884 - INFO - fl - start - client 2 evaluation metrics: {'train_loss': nan, 'test_acc': 9.8}
2025-05-12 11:24:10,884 - INFO - fl - start - start client 3 training
2025-05-12 11:24:10,884 - INFO - fl - client_local_train - client 3 start local training ...
2025-05-12 11:24:17,614 - INFO - fl - start - end client 3 training
2025-05-12 11:24:17,614 - INFO - fl - start - client 3 evaluation metrics: {'train_loss': nan, 'test_acc': 9.8}
2025-05-12 11:24:17,614 - INFO - fl - start - start client 4 training
2025-05-12 11:24:17,614 - INFO - fl - client_local_train - client 4 start local training ...
2025-05-12 11:24:23,715 - INFO - fl - client_local_train - client 4 is attacker, start poisoning model
2025-05-12 11:24:29,673 - INFO - fl - start - end client 4 training
2025-05-12 11:24:29,674 - INFO - fl - start - client 4 evaluation metrics: {'train_loss': nan, 'test_acc': 9.8}
2025-05-12 11:24:29,674 - INFO - fl - start - start client 5 training
2025-05-12 11:24:29,674 - INFO - fl - client_local_train - client 5 start local training ...
2025-05-12 11:24:33,378 - INFO - fl - start - end client 5 training
2025-05-12 11:24:33,378 - INFO - fl - start - client 5 evaluation metrics: {'train_loss': nan, 'test_acc': 9.8}
2025-05-12 11:24:33,378 - INFO - fl - start - start client 6 training
2025-05-12 11:24:33,378 - INFO - fl - client_local_train - client 6 start local training ...
2025-05-12 11:24:35,990 - INFO - fl - client_local_train - client 6 is attacker, start poisoning model
2025-05-12 11:24:40,078 - INFO - fl - start - end client 6 training
2025-05-12 11:24:40,078 - INFO - fl - start - client 6 evaluation metrics: {'train_loss': nan, 'test_acc': 9.8}
2025-05-12 11:24:40,078 - INFO - fl - start - start client 7 training
2025-05-12 11:24:40,078 - INFO - fl - client_local_train - client 7 start local training ...
2025-05-12 11:24:42,887 - INFO - fl - start - end client 7 training
2025-05-12 11:24:42,887 - INFO - fl - start - client 7 evaluation metrics: {'train_loss': nan, 'test_acc': 9.8}
2025-05-12 11:24:42,887 - INFO - fl - start - start client 8 training
2025-05-12 11:24:42,887 - INFO - fl - client_local_train - client 8 start local training ...
2025-05-12 11:24:45,990 - INFO - fl - start - end client 8 training
2025-05-12 11:24:45,990 - INFO - fl - start - client 8 evaluation metrics: {'train_loss': nan, 'test_acc': 9.8}
2025-05-12 11:24:45,990 - INFO - fl - start - start client 9 training
2025-05-12 11:24:45,990 - INFO - fl - client_local_train - client 9 start local training ...
2025-05-12 11:24:50,138 - INFO - fl - start - end client 9 training
2025-05-12 11:24:50,138 - INFO - fl - start - client 9 evaluation metrics: {'train_loss': nan, 'test_acc': 9.8}
2025-05-12 11:24:50,138 - INFO - fl - aggregate_model - start model aggregation...fusion method: dual_defense
2025-05-12 11:24:50,138 - INFO - fl - aggregate_model - start hyper-guard fusion with epsilon 0.01
2025-05-12 11:24:50,138 - INFO - fl - aggregate_model - round 24 attackers: [4, 6]
2025-05-12 11:25:01,137 - DEBUG - util_fusion - fusion_dual_defense - client 0 scores: {0: array([5.53330416e+11]), 1: array([5.53330416e+11]), 2: array([5.53330416e+11]), 3: array([5.53330416e+11]), 4: array([5.53330416e+11]), 5: array([5.53330416e+11]), 6: array([5.53330416e+11]), 7: array([5.53330416e+11]), 8: array([5.53330416e+11]), 9: array([5.53330416e+11])}
2025-05-12 11:25:01,138 - DEBUG - util_fusion - fusion_dual_defense - client 0 norm scores: {0: array([nan]), 1: array([nan]), 2: array([nan]), 3: array([nan]), 4: array([nan]), 5: array([nan]), 6: array([nan]), 7: array([nan]), 8: array([nan]), 9: array([nan])}
2025-05-12 11:25:01,138 - DEBUG - util_fusion - fusion_dual_defense - client 0 similarity threshold: nan
2025-05-12 11:25:01,138 - INFO - util_fusion - fusion_dual_defense - client 0 selected fusion benigns: []
