2025-05-12 11:25:05,024 - INFO - util_sys - get_available_device - no preferred device is specified, using the available device for pythorch
2025-05-12 11:25:05,061 - INFO - util_sys - get_available_device - using cuda device for pythorch
2025-05-12 11:25:05,061 - INFO - util_sys - create_folder_if_not_exists - Folder './data/mnist/' already exists.
2025-05-12 11:25:05,114 - INFO - util_data - get_client_data - partitioning the data into non-IID setting
2025-05-12 11:25:05,716 - INFO - util_data - record_data_statistic - Client 0 - total training samples: 3066
2025-05-12 11:25:05,716 - INFO - util_data - record_data_statistic - Client 0 - training label distribution: defaultdict(<class 'int'>, {0: 167, 1: 26, 2: 6, 3: 4, 4: 54, 5: 16, 6: 71, 7: 618, 8: 2104})
2025-05-12 11:25:07,044 - INFO - util_data - record_data_statistic - Client 1 - total training samples: 10599
2025-05-12 11:25:07,045 - INFO - util_data - record_data_statistic - Client 1 - training label distribution: defaultdict(<class 'int'>, {0: 1962, 1: 1806, 2: 554, 3: 674, 4: 2623, 5: 877, 6: 516, 7: 187, 9: 1400})
2025-05-12 11:25:07,314 - INFO - util_data - record_data_statistic - Client 2 - total training samples: 2179
2025-05-12 11:25:07,314 - INFO - util_data - record_data_statistic - Client 2 - training label distribution: defaultdict(<class 'int'>, {1: 870, 2: 31, 4: 659, 5: 228, 7: 1, 8: 371, 9: 19})
2025-05-12 11:25:07,533 - INFO - util_data - record_data_statistic - Client 3 - total training samples: 1803
2025-05-12 11:25:07,533 - INFO - util_data - record_data_statistic - Client 3 - training label distribution: defaultdict(<class 'int'>, {0: 1, 1: 137, 2: 20, 4: 1, 5: 4, 6: 37, 7: 261, 8: 802, 9: 540})
2025-05-12 11:25:07,924 - INFO - util_data - record_data_statistic - Client 4 - total training samples: 3207
2025-05-12 11:25:07,924 - INFO - util_data - record_data_statistic - Client 4 - training label distribution: defaultdict(<class 'int'>, {0: 1, 1: 474, 2: 62, 3: 7, 4: 610, 5: 116, 6: 1933, 7: 1, 8: 2, 9: 1})
2025-05-12 11:25:08,884 - INFO - util_data - record_data_statistic - Client 5 - total training samples: 7910
2025-05-12 11:25:08,884 - INFO - util_data - record_data_statistic - Client 5 - training label distribution: defaultdict(<class 'int'>, {0: 2642, 1: 630, 2: 61, 3: 4110, 5: 239, 6: 2, 8: 5, 9: 221})
2025-05-12 11:25:09,906 - INFO - util_data - record_data_statistic - Client 6 - total training samples: 8387
2025-05-12 11:25:09,906 - INFO - util_data - record_data_statistic - Client 6 - training label distribution: defaultdict(<class 'int'>, {0: 467, 1: 1113, 3: 807, 4: 618, 7: 4533, 8: 655, 9: 194})
2025-05-12 11:25:11,641 - INFO - util_data - record_data_statistic - Client 7 - total training samples: 14122
2025-05-12 11:25:11,641 - INFO - util_data - record_data_statistic - Client 7 - training label distribution: defaultdict(<class 'int'>, {0: 82, 1: 18, 2: 4539, 3: 1, 4: 450, 5: 3476, 7: 451, 8: 1900, 9: 3205})
2025-05-12 11:25:12,336 - INFO - util_data - record_data_statistic - Client 8 - total training samples: 5659
2025-05-12 11:25:12,336 - INFO - util_data - record_data_statistic - Client 8 - training label distribution: defaultdict(<class 'int'>, {0: 545, 1: 153, 3: 521, 4: 699, 6: 3209, 7: 172, 8: 11, 9: 349})
2025-05-12 11:25:12,710 - INFO - util_data - record_data_statistic - Client 9 - total training samples: 3068
2025-05-12 11:25:12,710 - INFO - util_data - record_data_statistic - Client 9 - training label distribution: defaultdict(<class 'int'>, {0: 56, 1: 1515, 2: 685, 3: 7, 4: 128, 5: 465, 6: 150, 7: 41, 8: 1, 9: 20})
2025-05-12 11:25:12,879 - INFO - fl - start - start the FL simulation
2025-05-12 11:25:12,879 - INFO - fl - start - start training round 0
2025-05-12 11:25:12,880 - INFO - fl - start - no attack at the round 0
2025-05-12 11:25:12,881 - INFO - fl - start - start client 0 training
2025-05-12 11:25:12,881 - INFO - fl - client_local_train - client 0 start local training ...
2025-05-12 11:25:16,449 - INFO - fl - start - end client 0 training
2025-05-12 11:25:16,449 - INFO - fl - start - client 0 evaluation metrics: {'train_loss': 0.14136420555102328, 'test_acc': 40.63}
2025-05-12 11:25:16,449 - INFO - fl - start - start client 1 training
2025-05-12 11:25:16,450 - INFO - fl - client_local_train - client 1 start local training ...
2025-05-12 11:25:24,492 - INFO - fl - start - end client 1 training
2025-05-12 11:25:24,493 - INFO - fl - start - client 1 evaluation metrics: {'train_loss': 0.06629158111558442, 'test_acc': 86.86}
2025-05-12 11:25:24,493 - INFO - fl - start - start client 2 training
2025-05-12 11:25:24,493 - INFO - fl - client_local_train - client 2 start local training ...
2025-05-12 11:25:27,235 - INFO - fl - start - end client 2 training
2025-05-12 11:25:27,235 - INFO - fl - start - client 2 evaluation metrics: {'train_loss': 0.20673750223858015, 'test_acc': 36.57}
2025-05-12 11:25:27,235 - INFO - fl - start - start client 3 training
2025-05-12 11:25:27,235 - INFO - fl - client_local_train - client 3 start local training ...
2025-05-12 11:25:29,720 - INFO - fl - start - end client 3 training
2025-05-12 11:25:29,721 - INFO - fl - start - client 3 evaluation metrics: {'train_loss': 0.3128150187689683, 'test_acc': 39.71}
2025-05-12 11:25:29,721 - INFO - fl - start - start client 4 training
2025-05-12 11:25:29,721 - INFO - fl - client_local_train - client 4 start local training ...
2025-05-12 11:25:33,088 - INFO - fl - start - end client 4 training
2025-05-12 11:25:33,088 - INFO - fl - start - client 4 evaluation metrics: {'train_loss': 0.11047321483127627, 'test_acc': 43.61}
2025-05-12 11:25:33,088 - INFO - fl - start - start client 5 training
2025-05-12 11:25:33,088 - INFO - fl - client_local_train - client 5 start local training ...
2025-05-12 11:25:39,437 - INFO - fl - start - end client 5 training
2025-05-12 11:25:39,437 - INFO - fl - start - client 5 evaluation metrics: {'train_loss': 0.052737836913776495, 'test_acc': 52.89}
2025-05-12 11:25:39,437 - INFO - fl - start - start client 6 training
2025-05-12 11:25:39,437 - INFO - fl - client_local_train - client 6 start local training ...
2025-05-12 11:25:46,078 - INFO - fl - start - end client 6 training
2025-05-12 11:25:46,078 - INFO - fl - start - client 6 evaluation metrics: {'train_loss': 0.0643783809500402, 'test_acc': 67.28}
2025-05-12 11:25:46,078 - INFO - fl - start - start client 7 training
2025-05-12 11:25:46,078 - INFO - fl - client_local_train - client 7 start local training ...
2025-05-12 11:25:56,356 - INFO - fl - start - end client 7 training
2025-05-12 11:25:56,356 - INFO - fl - start - client 7 evaluation metrics: {'train_loss': 0.04787191117658571, 'test_acc': 65.85}
2025-05-12 11:25:56,356 - INFO - fl - start - start client 8 training
2025-05-12 11:25:56,356 - INFO - fl - client_local_train - client 8 start local training ...
2025-05-12 11:26:01,257 - INFO - fl - start - end client 8 training
2025-05-12 11:26:01,257 - INFO - fl - start - client 8 evaluation metrics: {'train_loss': 0.06711370593690302, 'test_acc': 67.87}
2025-05-12 11:26:01,257 - INFO - fl - start - start client 9 training
2025-05-12 11:26:01,257 - INFO - fl - client_local_train - client 9 start local training ...
2025-05-12 11:26:04,530 - INFO - fl - start - end client 9 training
2025-05-12 11:26:04,531 - INFO - fl - start - client 9 evaluation metrics: {'train_loss': 0.12826534314081073, 'test_acc': 60.01}
2025-05-12 11:26:04,531 - INFO - fl - aggregate_model - start model aggregation...fusion method: dual_defense
2025-05-12 11:26:04,531 - INFO - fl - aggregate_model - start hyper-guard fusion with epsilon 0.01
2025-05-12 11:26:04,531 - INFO - fl - aggregate_model - round 0 attackers: []
2025-05-12 11:26:15,333 - DEBUG - util_fusion - fusion_dual_defense - client 0 scores: {0: array([84.96920035]), 1: array([60.30221684]), 2: array([84.54750399]), 3: array([86.86281285]), 4: array([83.40251748]), 5: array([74.43403]), 6: array([65.41762171]), 7: array([61.62172241]), 8: array([72.07985797]), 9: array([80.24729557])}
2025-05-12 11:26:15,334 - DEBUG - util_fusion - fusion_dual_defense - client 0 norm scores: {0: array([0.92870595]), 1: array([0.]), 2: array([0.91282918]), 3: array([1.]), 4: array([0.86972072]), 5: array([0.53205934]), 6: array([0.19259375]), 7: array([0.04967906]), 8: array([0.44342533]), 9: array([0.75092738])}
2025-05-12 11:26:15,334 - DEBUG - util_fusion - fusion_dual_defense - client 0 similarity threshold: 0.5679940718771952
2025-05-12 11:26:15,334 - INFO - util_fusion - fusion_dual_defense - client 0 selected fusion benigns: [0, 2, 3, 4, 9]
2025-05-12 11:26:15,343 - DEBUG - util_fusion - fusion_dual_defense - client 1 scores: {0: array([84.96920035]), 1: array([60.30221684]), 2: array([84.54750399]), 3: array([86.86281285]), 4: array([83.40251748]), 5: array([74.43403]), 6: array([65.41762171]), 7: array([61.62172241]), 8: array([72.07985797]), 9: array([80.24729557])}
2025-05-12 11:26:15,343 - DEBUG - util_fusion - fusion_dual_defense - client 1 norm scores: {0: array([0.92870595]), 1: array([0.]), 2: array([0.91282918]), 3: array([1.]), 4: array([0.86972072]), 5: array([0.53205934]), 6: array([0.19259375]), 7: array([0.04967906]), 8: array([0.44342533]), 9: array([0.75092738])}
2025-05-12 11:26:15,343 - DEBUG - util_fusion - fusion_dual_defense - client 1 similarity threshold: 0.5679940718771952
2025-05-12 11:26:15,343 - INFO - util_fusion - fusion_dual_defense - client 1 selected fusion benigns: [0, 2, 3, 4, 9]
2025-05-12 11:26:15,352 - DEBUG - util_fusion - fusion_dual_defense - client 2 scores: {0: array([84.96920035]), 1: array([60.30221684]), 2: array([84.54750399]), 3: array([86.86281285]), 4: array([83.40251748]), 5: array([74.43403]), 6: array([65.41762171]), 7: array([61.62172241]), 8: array([72.07985797]), 9: array([80.24729557])}
2025-05-12 11:26:15,353 - DEBUG - util_fusion - fusion_dual_defense - client 2 norm scores: {0: array([0.92870595]), 1: array([0.]), 2: array([0.91282918]), 3: array([1.]), 4: array([0.86972072]), 5: array([0.53205934]), 6: array([0.19259375]), 7: array([0.04967906]), 8: array([0.44342533]), 9: array([0.75092738])}
2025-05-12 11:26:15,353 - DEBUG - util_fusion - fusion_dual_defense - client 2 similarity threshold: 0.5679940718771952
2025-05-12 11:26:15,353 - INFO - util_fusion - fusion_dual_defense - client 2 selected fusion benigns: [0, 2, 3, 4, 9]
2025-05-12 11:26:15,361 - DEBUG - util_fusion - fusion_dual_defense - client 3 scores: {0: array([84.96920035]), 1: array([60.30221684]), 2: array([84.54750399]), 3: array([86.86281285]), 4: array([83.40251748]), 5: array([74.43403]), 6: array([65.41762171]), 7: array([61.62172241]), 8: array([72.07985797]), 9: array([80.24729557])}
2025-05-12 11:26:15,362 - DEBUG - util_fusion - fusion_dual_defense - client 3 norm scores: {0: array([0.92870595]), 1: array([0.]), 2: array([0.91282918]), 3: array([1.]), 4: array([0.86972072]), 5: array([0.53205934]), 6: array([0.19259375]), 7: array([0.04967906]), 8: array([0.44342533]), 9: array([0.75092738])}
2025-05-12 11:26:15,362 - DEBUG - util_fusion - fusion_dual_defense - client 3 similarity threshold: 0.5679940718771952
2025-05-12 11:26:15,362 - INFO - util_fusion - fusion_dual_defense - client 3 selected fusion benigns: [0, 2, 3, 4, 9]
2025-05-12 11:26:15,371 - DEBUG - util_fusion - fusion_dual_defense - client 4 scores: {0: array([84.96920035]), 1: array([60.30221684]), 2: array([84.54750399]), 3: array([86.86281285]), 4: array([83.40251748]), 5: array([74.43403]), 6: array([65.41762171]), 7: array([61.62172241]), 8: array([72.07985797]), 9: array([80.24729557])}
2025-05-12 11:26:15,371 - DEBUG - util_fusion - fusion_dual_defense - client 4 norm scores: {0: array([0.92870595]), 1: array([0.]), 2: array([0.91282918]), 3: array([1.]), 4: array([0.86972072]), 5: array([0.53205934]), 6: array([0.19259375]), 7: array([0.04967906]), 8: array([0.44342533]), 9: array([0.75092738])}
2025-05-12 11:26:15,371 - DEBUG - util_fusion - fusion_dual_defense - client 4 similarity threshold: 0.5679940718771952
2025-05-12 11:26:15,372 - INFO - util_fusion - fusion_dual_defense - client 4 selected fusion benigns: [0, 2, 3, 4, 9]
2025-05-12 11:26:15,380 - DEBUG - util_fusion - fusion_dual_defense - client 5 scores: {0: array([84.96920035]), 1: array([60.30221684]), 2: array([84.54750399]), 3: array([86.86281285]), 4: array([83.40251748]), 5: array([74.43403]), 6: array([65.41762171]), 7: array([61.62172241]), 8: array([72.07985797]), 9: array([80.24729557])}
2025-05-12 11:26:15,381 - DEBUG - util_fusion - fusion_dual_defense - client 5 norm scores: {0: array([0.92870595]), 1: array([0.]), 2: array([0.91282918]), 3: array([1.]), 4: array([0.86972072]), 5: array([0.53205934]), 6: array([0.19259375]), 7: array([0.04967906]), 8: array([0.44342533]), 9: array([0.75092738])}
2025-05-12 11:26:15,381 - DEBUG - util_fusion - fusion_dual_defense - client 5 similarity threshold: 0.5679940718771952
2025-05-12 11:26:15,381 - INFO - util_fusion - fusion_dual_defense - client 5 selected fusion benigns: [0, 2, 3, 4, 9]
2025-05-12 11:26:15,389 - DEBUG - util_fusion - fusion_dual_defense - client 6 scores: {0: array([84.96920035]), 1: array([60.30221684]), 2: array([84.54750399]), 3: array([86.86281285]), 4: array([83.40251748]), 5: array([74.43403]), 6: array([65.41762171]), 7: array([61.62172241]), 8: array([72.07985797]), 9: array([80.24729557])}
2025-05-12 11:26:15,390 - DEBUG - util_fusion - fusion_dual_defense - client 6 norm scores: {0: array([0.92870595]), 1: array([0.]), 2: array([0.91282918]), 3: array([1.]), 4: array([0.86972072]), 5: array([0.53205934]), 6: array([0.19259375]), 7: array([0.04967906]), 8: array([0.44342533]), 9: array([0.75092738])}
2025-05-12 11:26:15,390 - DEBUG - util_fusion - fusion_dual_defense - client 6 similarity threshold: 0.5679940718771952
2025-05-12 11:26:15,390 - INFO - util_fusion - fusion_dual_defense - client 6 selected fusion benigns: [0, 2, 3, 4, 9]
2025-05-12 11:26:15,400 - DEBUG - util_fusion - fusion_dual_defense - client 7 scores: {0: array([84.96920035]), 1: array([60.30221684]), 2: array([84.54750399]), 3: array([86.86281285]), 4: array([83.40251748]), 5: array([74.43403]), 6: array([65.41762171]), 7: array([61.62172241]), 8: array([72.07985797]), 9: array([80.24729557])}
2025-05-12 11:26:15,401 - DEBUG - util_fusion - fusion_dual_defense - client 7 norm scores: {0: array([0.92870595]), 1: array([0.]), 2: array([0.91282918]), 3: array([1.]), 4: array([0.86972072]), 5: array([0.53205934]), 6: array([0.19259375]), 7: array([0.04967906]), 8: array([0.44342533]), 9: array([0.75092738])}
2025-05-12 11:26:15,401 - DEBUG - util_fusion - fusion_dual_defense - client 7 similarity threshold: 0.5679940718771952
2025-05-12 11:26:15,401 - INFO - util_fusion - fusion_dual_defense - client 7 selected fusion benigns: [0, 2, 3, 4, 9]
2025-05-12 11:26:15,409 - DEBUG - util_fusion - fusion_dual_defense - client 8 scores: {0: array([84.96920035]), 1: array([60.30221684]), 2: array([84.54750399]), 3: array([86.86281285]), 4: array([83.40251748]), 5: array([74.43403]), 6: array([65.41762171]), 7: array([61.62172241]), 8: array([72.07985797]), 9: array([80.24729557])}
2025-05-12 11:26:15,410 - DEBUG - util_fusion - fusion_dual_defense - client 8 norm scores: {0: array([0.92870595]), 1: array([0.]), 2: array([0.91282918]), 3: array([1.]), 4: array([0.86972072]), 5: array([0.53205934]), 6: array([0.19259375]), 7: array([0.04967906]), 8: array([0.44342533]), 9: array([0.75092738])}
2025-05-12 11:26:15,410 - DEBUG - util_fusion - fusion_dual_defense - client 8 similarity threshold: 0.5679940718771952
2025-05-12 11:26:15,410 - INFO - util_fusion - fusion_dual_defense - client 8 selected fusion benigns: [0, 2, 3, 4, 9]
2025-05-12 11:26:15,419 - DEBUG - util_fusion - fusion_dual_defense - client 9 scores: {0: array([84.96920035]), 1: array([60.30221684]), 2: array([84.54750399]), 3: array([86.86281285]), 4: array([83.40251748]), 5: array([74.43403]), 6: array([65.41762171]), 7: array([61.62172241]), 8: array([72.07985797]), 9: array([80.24729557])}
2025-05-12 11:26:15,419 - DEBUG - util_fusion - fusion_dual_defense - client 9 norm scores: {0: array([0.92870595]), 1: array([0.]), 2: array([0.91282918]), 3: array([1.]), 4: array([0.86972072]), 5: array([0.53205934]), 6: array([0.19259375]), 7: array([0.04967906]), 8: array([0.44342533]), 9: array([0.75092738])}
2025-05-12 11:26:15,419 - DEBUG - util_fusion - fusion_dual_defense - client 9 similarity threshold: 0.5679940718771952
2025-05-12 11:26:15,419 - INFO - util_fusion - fusion_dual_defense - client 9 selected fusion benigns: [0, 2, 3, 4, 9]
2025-05-12 11:26:15,419 - DEBUG - util_fusion - fusion_dual_defense - final fusion benigns: (0, 2, 3, 4, 9)
2025-05-12 11:26:17,123 - INFO - fl - start - global side -  test accuracy: 59.8
2025-05-12 11:26:17,123 - INFO - fl - start - global side iteration 0 -  test accuracy: 59.8
2025-05-12 11:26:17,123 - INFO - fl - start - start training round 1
2025-05-12 11:26:17,125 - INFO - fl - start - round 1 attackers: [4, 3]
2025-05-12 11:26:17,125 - INFO - fl - start - start client 0 training
2025-05-12 11:26:17,125 - INFO - fl - client_local_train - client 0 start local training ...
2025-05-12 11:26:20,403 - INFO - fl - start - end client 0 training
2025-05-12 11:26:20,403 - INFO - fl - start - client 0 evaluation metrics: {'train_loss': 0.06170052369513238, 'test_acc': 56.23}
2025-05-12 11:26:20,403 - INFO - fl - start - start client 1 training
2025-05-12 11:26:20,412 - INFO - fl - client_local_train - client 1 start local training ...
2025-05-12 11:26:28,494 - INFO - fl - start - end client 1 training
2025-05-12 11:26:28,494 - INFO - fl - start - client 1 evaluation metrics: {'train_loss': 0.054840276033213606, 'test_acc': 86.92}
2025-05-12 11:26:28,494 - INFO - fl - start - start client 2 training
2025-05-12 11:26:28,494 - INFO - fl - client_local_train - client 2 start local training ...
2025-05-12 11:26:31,221 - INFO - fl - start - end client 2 training
2025-05-12 11:26:31,221 - INFO - fl - start - client 2 evaluation metrics: {'train_loss': 0.10806800943433441, 'test_acc': 42.64}
2025-05-12 11:26:31,221 - INFO - fl - start - start client 3 training
2025-05-12 11:26:31,221 - INFO - fl - client_local_train - client 3 start local training ...
2025-05-12 11:26:32,127 - INFO - fl - client_local_train - client 3 is attacker, start poisoning model
2025-05-12 11:26:35,273 - INFO - fl - start - end client 3 training
2025-05-12 11:26:35,273 - INFO - fl - start - client 3 evaluation metrics: {'train_loss': 298.9138788683661, 'test_acc': 50.88}
2025-05-12 11:26:35,273 - INFO - fl - start - start client 4 training
2025-05-12 11:26:35,273 - INFO - fl - client_local_train - client 4 start local training ...
2025-05-12 11:26:36,886 - INFO - fl - client_local_train - client 4 is attacker, start poisoning model
2025-05-12 11:26:40,406 - INFO - fl - start - end client 4 training
2025-05-12 11:26:40,406 - INFO - fl - start - client 4 evaluation metrics: {'train_loss': 105.85055671143346, 'test_acc': 48.55}
2025-05-12 11:26:40,406 - INFO - fl - start - start client 5 training
2025-05-12 11:26:40,406 - INFO - fl - client_local_train - client 5 start local training ...
2025-05-12 11:26:46,747 - INFO - fl - start - end client 5 training
2025-05-12 11:26:46,747 - INFO - fl - start - client 5 evaluation metrics: {'train_loss': 0.038767478772394, 'test_acc': 55.62}
2025-05-12 11:26:46,747 - INFO - fl - start - start client 6 training
2025-05-12 11:26:46,747 - INFO - fl - client_local_train - client 6 start local training ...
2025-05-12 11:26:53,406 - INFO - fl - start - end client 6 training
2025-05-12 11:26:53,406 - INFO - fl - start - client 6 evaluation metrics: {'train_loss': 0.06842463773147867, 'test_acc': 65.57}
2025-05-12 11:26:53,406 - INFO - fl - start - start client 7 training
2025-05-12 11:26:53,406 - INFO - fl - client_local_train - client 7 start local training ...
2025-05-12 11:27:03,682 - INFO - fl - start - end client 7 training
2025-05-12 11:27:03,682 - INFO - fl - start - client 7 evaluation metrics: {'train_loss': 0.046718916678759034, 'test_acc': 73.66}
2025-05-12 11:27:03,682 - INFO - fl - start - start client 8 training
2025-05-12 11:27:03,682 - INFO - fl - client_local_train - client 8 start local training ...
2025-05-12 11:27:08,627 - INFO - fl - start - end client 8 training
2025-05-12 11:27:08,627 - INFO - fl - start - client 8 evaluation metrics: {'train_loss': 0.04172071121146463, 'test_acc': 69.45}
2025-05-12 11:27:08,627 - INFO - fl - start - start client 9 training
2025-05-12 11:27:08,627 - INFO - fl - client_local_train - client 9 start local training ...
2025-05-12 11:27:11,892 - INFO - fl - start - end client 9 training
2025-05-12 11:27:11,893 - INFO - fl - start - client 9 evaluation metrics: {'train_loss': 0.056725684543683506, 'test_acc': 66.17}
2025-05-12 11:27:11,893 - INFO - fl - aggregate_model - start model aggregation...fusion method: dual_defense
2025-05-12 11:27:11,893 - INFO - fl - aggregate_model - start hyper-guard fusion with epsilon 0.01
2025-05-12 11:27:11,893 - INFO - fl - aggregate_model - round 1 attackers: [3, 4]
2025-05-12 11:27:22,634 - DEBUG - util_fusion - fusion_dual_defense - client 0 scores: {0: array([89.62651265]), 1: array([69.61482413]), 2: array([90.03144584]), 3: array([88.23082983]), 4: array([91.09874128]), 5: array([79.17033812]), 6: array([75.92049129]), 7: array([69.13825035]), 8: array([80.36915228]), 9: array([87.44151914])}
2025-05-12 11:27:22,634 - DEBUG - util_fusion - fusion_dual_defense - client 0 norm scores: {0: array([0.93296012]), 1: array([0.02170142]), 2: array([0.95139929]), 3: array([0.86940586]), 4: array([1.]), 5: array([0.45682439]), 6: array([0.30883831]), 7: array([0.]), 8: array([0.51141397]), 9: array([0.83346355])}
2025-05-12 11:27:22,635 - DEBUG - util_fusion - fusion_dual_defense - client 0 similarity threshold: 0.5886006911672885
2025-05-12 11:27:22,635 - INFO - util_fusion - fusion_dual_defense - client 0 selected fusion benigns: [0, 2, 3, 4, 9]
2025-05-12 11:27:22,643 - DEBUG - util_fusion - fusion_dual_defense - client 1 scores: {0: array([89.62651265]), 1: array([69.61482413]), 2: array([90.03144584]), 3: array([88.23082983]), 4: array([91.09874128]), 5: array([79.17033812]), 6: array([75.92049129]), 7: array([69.13825035]), 8: array([80.36915228]), 9: array([87.44151914])}
2025-05-12 11:27:22,644 - DEBUG - util_fusion - fusion_dual_defense - client 1 norm scores: {0: array([0.93296012]), 1: array([0.02170142]), 2: array([0.95139929]), 3: array([0.86940586]), 4: array([1.]), 5: array([0.45682439]), 6: array([0.30883831]), 7: array([0.]), 8: array([0.51141397]), 9: array([0.83346355])}
2025-05-12 11:27:22,644 - DEBUG - util_fusion - fusion_dual_defense - client 1 similarity threshold: 0.5886006911672885
2025-05-12 11:27:22,644 - INFO - util_fusion - fusion_dual_defense - client 1 selected fusion benigns: [0, 2, 3, 4, 9]
2025-05-12 11:27:22,652 - DEBUG - util_fusion - fusion_dual_defense - client 2 scores: {0: array([89.62651265]), 1: array([69.61482413]), 2: array([90.03144584]), 3: array([88.23082983]), 4: array([91.09874128]), 5: array([79.17033812]), 6: array([75.92049129]), 7: array([69.13825035]), 8: array([80.36915228]), 9: array([87.44151914])}
2025-05-12 11:27:22,653 - DEBUG - util_fusion - fusion_dual_defense - client 2 norm scores: {0: array([0.93296012]), 1: array([0.02170142]), 2: array([0.95139929]), 3: array([0.86940586]), 4: array([1.]), 5: array([0.45682439]), 6: array([0.30883831]), 7: array([0.]), 8: array([0.51141397]), 9: array([0.83346355])}
2025-05-12 11:27:22,653 - DEBUG - util_fusion - fusion_dual_defense - client 2 similarity threshold: 0.5886006911672885
2025-05-12 11:27:22,653 - INFO - util_fusion - fusion_dual_defense - client 2 selected fusion benigns: [0, 2, 3, 4, 9]
2025-05-12 11:27:22,661 - DEBUG - util_fusion - fusion_dual_defense - client 3 scores: {0: array([89.62651265]), 1: array([69.61482413]), 2: array([90.03144584]), 3: array([88.23082983]), 4: array([91.09874128]), 5: array([79.17033812]), 6: array([75.92049129]), 7: array([69.13825035]), 8: array([80.36915228]), 9: array([87.44151914])}
2025-05-12 11:27:22,662 - DEBUG - util_fusion - fusion_dual_defense - client 3 norm scores: {0: array([0.93296012]), 1: array([0.02170142]), 2: array([0.95139929]), 3: array([0.86940586]), 4: array([1.]), 5: array([0.45682439]), 6: array([0.30883831]), 7: array([0.]), 8: array([0.51141397]), 9: array([0.83346355])}
2025-05-12 11:27:22,662 - DEBUG - util_fusion - fusion_dual_defense - client 3 similarity threshold: 0.5886006911672885
2025-05-12 11:27:22,662 - INFO - util_fusion - fusion_dual_defense - client 3 selected fusion benigns: [0, 2, 3, 4, 9]
2025-05-12 11:27:22,670 - DEBUG - util_fusion - fusion_dual_defense - client 4 scores: {0: array([89.62651265]), 1: array([69.61482413]), 2: array([90.03144584]), 3: array([88.23082983]), 4: array([91.09874128]), 5: array([79.17033812]), 6: array([75.92049129]), 7: array([69.13825035]), 8: array([80.36915228]), 9: array([87.44151914])}
2025-05-12 11:27:22,671 - DEBUG - util_fusion - fusion_dual_defense - client 4 norm scores: {0: array([0.93296012]), 1: array([0.02170142]), 2: array([0.95139929]), 3: array([0.86940586]), 4: array([1.]), 5: array([0.45682439]), 6: array([0.30883831]), 7: array([0.]), 8: array([0.51141397]), 9: array([0.83346355])}
2025-05-12 11:27:22,671 - DEBUG - util_fusion - fusion_dual_defense - client 4 similarity threshold: 0.5886006911672885
2025-05-12 11:27:22,671 - INFO - util_fusion - fusion_dual_defense - client 4 selected fusion benigns: [0, 2, 3, 4, 9]
2025-05-12 11:27:22,679 - DEBUG - util_fusion - fusion_dual_defense - client 5 scores: {0: array([89.62651265]), 1: array([69.61482413]), 2: array([90.03144584]), 3: array([88.23082983]), 4: array([91.09874128]), 5: array([79.17033812]), 6: array([75.92049129]), 7: array([69.13825035]), 8: array([80.36915228]), 9: array([87.44151914])}
2025-05-12 11:27:22,680 - DEBUG - util_fusion - fusion_dual_defense - client 5 norm scores: {0: array([0.93296012]), 1: array([0.02170142]), 2: array([0.95139929]), 3: array([0.86940586]), 4: array([1.]), 5: array([0.45682439]), 6: array([0.30883831]), 7: array([0.]), 8: array([0.51141397]), 9: array([0.83346355])}
2025-05-12 11:27:22,680 - DEBUG - util_fusion - fusion_dual_defense - client 5 similarity threshold: 0.5886006911672885
2025-05-12 11:27:22,680 - INFO - util_fusion - fusion_dual_defense - client 5 selected fusion benigns: [0, 2, 3, 4, 9]
2025-05-12 11:27:22,688 - DEBUG - util_fusion - fusion_dual_defense - client 6 scores: {0: array([89.62651265]), 1: array([69.61482413]), 2: array([90.03144584]), 3: array([88.23082983]), 4: array([91.09874128]), 5: array([79.17033812]), 6: array([75.92049129]), 7: array([69.13825035]), 8: array([80.36915228]), 9: array([87.44151914])}
2025-05-12 11:27:22,689 - DEBUG - util_fusion - fusion_dual_defense - client 6 norm scores: {0: array([0.93296012]), 1: array([0.02170142]), 2: array([0.95139929]), 3: array([0.86940586]), 4: array([1.]), 5: array([0.45682439]), 6: array([0.30883831]), 7: array([0.]), 8: array([0.51141397]), 9: array([0.83346355])}
2025-05-12 11:27:22,689 - DEBUG - util_fusion - fusion_dual_defense - client 6 similarity threshold: 0.5886006911672885
2025-05-12 11:27:22,689 - INFO - util_fusion - fusion_dual_defense - client 6 selected fusion benigns: [0, 2, 3, 4, 9]
2025-05-12 11:27:22,697 - DEBUG - util_fusion - fusion_dual_defense - client 7 scores: {0: array([89.62651265]), 1: array([69.61482413]), 2: array([90.03144584]), 3: array([88.23082983]), 4: array([91.09874128]), 5: array([79.17033812]), 6: array([75.92049129]), 7: array([69.13825035]), 8: array([80.36915228]), 9: array([87.44151914])}
2025-05-12 11:27:22,698 - DEBUG - util_fusion - fusion_dual_defense - client 7 norm scores: {0: array([0.93296012]), 1: array([0.02170142]), 2: array([0.95139929]), 3: array([0.86940586]), 4: array([1.]), 5: array([0.45682439]), 6: array([0.30883831]), 7: array([0.]), 8: array([0.51141397]), 9: array([0.83346355])}
2025-05-12 11:27:22,698 - DEBUG - util_fusion - fusion_dual_defense - client 7 similarity threshold: 0.5886006911672885
2025-05-12 11:27:22,698 - INFO - util_fusion - fusion_dual_defense - client 7 selected fusion benigns: [0, 2, 3, 4, 9]
2025-05-12 11:27:22,706 - DEBUG - util_fusion - fusion_dual_defense - client 8 scores: {0: array([89.62651265]), 1: array([69.61482413]), 2: array([90.03144584]), 3: array([88.23082983]), 4: array([91.09874128]), 5: array([79.17033812]), 6: array([75.92049129]), 7: array([69.13825035]), 8: array([80.36915228]), 9: array([87.44151914])}
2025-05-12 11:27:22,707 - DEBUG - util_fusion - fusion_dual_defense - client 8 norm scores: {0: array([0.93296012]), 1: array([0.02170142]), 2: array([0.95139929]), 3: array([0.86940586]), 4: array([1.]), 5: array([0.45682439]), 6: array([0.30883831]), 7: array([0.]), 8: array([0.51141397]), 9: array([0.83346355])}
2025-05-12 11:27:22,707 - DEBUG - util_fusion - fusion_dual_defense - client 8 similarity threshold: 0.5886006911672885
2025-05-12 11:27:22,707 - INFO - util_fusion - fusion_dual_defense - client 8 selected fusion benigns: [0, 2, 3, 4, 9]
2025-05-12 11:27:22,715 - DEBUG - util_fusion - fusion_dual_defense - client 9 scores: {0: array([89.62651265]), 1: array([69.61482413]), 2: array([90.03144584]), 3: array([88.23082983]), 4: array([91.09874128]), 5: array([79.17033812]), 6: array([75.92049129]), 7: array([69.13825035]), 8: array([80.36915228]), 9: array([87.44151914])}
2025-05-12 11:27:22,716 - DEBUG - util_fusion - fusion_dual_defense - client 9 norm scores: {0: array([0.93296012]), 1: array([0.02170142]), 2: array([0.95139929]), 3: array([0.86940586]), 4: array([1.]), 5: array([0.45682439]), 6: array([0.30883831]), 7: array([0.]), 8: array([0.51141397]), 9: array([0.83346355])}
2025-05-12 11:27:22,716 - DEBUG - util_fusion - fusion_dual_defense - client 9 similarity threshold: 0.5886006911672885
2025-05-12 11:27:22,716 - INFO - util_fusion - fusion_dual_defense - client 9 selected fusion benigns: [0, 2, 3, 4, 9]
2025-05-12 11:27:22,716 - DEBUG - util_fusion - fusion_dual_defense - final fusion benigns: (0, 2, 3, 4, 9)
2025-05-12 11:27:24,408 - INFO - fl - start - global side -  test accuracy: 67.61
2025-05-12 11:27:24,408 - INFO - fl - start - global side iteration 1 -  test accuracy: 67.61
2025-05-12 11:27:24,409 - INFO - fl - start - start training round 2
2025-05-12 11:27:24,410 - INFO - fl - start - round 2 attackers: [4, 0]
2025-05-12 11:27:24,410 - INFO - fl - start - start client 0 training
2025-05-12 11:27:24,410 - INFO - fl - client_local_train - client 0 start local training ...
2025-05-12 11:27:25,948 - INFO - fl - client_local_train - client 0 is attacker, start poisoning model
2025-05-12 11:27:29,441 - INFO - fl - start - end client 0 training
2025-05-12 11:27:29,441 - INFO - fl - start - client 0 evaluation metrics: {'train_loss': 389.11007873217267, 'test_acc': 39.45}
2025-05-12 11:27:29,441 - INFO - fl - start - start client 1 training
2025-05-12 11:27:29,441 - INFO - fl - client_local_train - client 1 start local training ...
2025-05-12 11:27:37,529 - INFO - fl - start - end client 1 training
2025-05-12 11:27:37,529 - INFO - fl - start - client 1 evaluation metrics: {'train_loss': 0.31546504283884924, 'test_acc': 77.9}
2025-05-12 11:27:37,529 - INFO - fl - start - start client 2 training
2025-05-12 11:27:37,529 - INFO - fl - client_local_train - client 2 start local training ...
2025-05-12 11:27:40,256 - INFO - fl - start - end client 2 training
2025-05-12 11:27:40,256 - INFO - fl - start - client 2 evaluation metrics: {'train_loss': 0.17498092204332352, 'test_acc': 38.8}
2025-05-12 11:27:40,256 - INFO - fl - start - start client 3 training
2025-05-12 11:27:40,256 - INFO - fl - client_local_train - client 3 start local training ...
2025-05-12 11:27:42,756 - INFO - fl - start - end client 3 training
2025-05-12 11:27:42,756 - INFO - fl - start - client 3 evaluation metrics: {'train_loss': 1.3957466462562824, 'test_acc': 9.74}
2025-05-12 11:27:42,756 - INFO - fl - start - start client 4 training
2025-05-12 11:27:42,756 - INFO - fl - client_local_train - client 4 start local training ...
2025-05-12 11:27:44,380 - INFO - fl - client_local_train - client 4 is attacker, start poisoning model
2025-05-12 11:27:47,905 - INFO - fl - start - end client 4 training
2025-05-12 11:27:47,905 - INFO - fl - start - client 4 evaluation metrics: {'train_loss': 433.29285056918275, 'test_acc': 45.57}
2025-05-12 11:27:47,905 - INFO - fl - start - start client 5 training
2025-05-12 11:27:47,905 - INFO - fl - client_local_train - client 5 start local training ...
2025-05-12 11:27:54,295 - INFO - fl - start - end client 5 training
2025-05-12 11:27:54,295 - INFO - fl - start - client 5 evaluation metrics: {'train_loss': 0.20658007122936747, 'test_acc': 35.99}
2025-05-12 11:27:54,295 - INFO - fl - start - start client 6 training
2025-05-12 11:27:54,295 - INFO - fl - client_local_train - client 6 start local training ...
2025-05-12 11:28:00,979 - INFO - fl - start - end client 6 training
2025-05-12 11:28:00,979 - INFO - fl - start - client 6 evaluation metrics: {'train_loss': 0.08163641592966714, 'test_acc': 66.68}
2025-05-12 11:28:00,979 - INFO - fl - start - start client 7 training
2025-05-12 11:28:00,979 - INFO - fl - client_local_train - client 7 start local training ...
2025-05-12 11:28:11,336 - INFO - fl - start - end client 7 training
2025-05-12 11:28:11,336 - INFO - fl - start - client 7 evaluation metrics: {'train_loss': 1.5881624874486104, 'test_acc': 10.32}
2025-05-12 11:28:11,336 - INFO - fl - start - start client 8 training
2025-05-12 11:28:11,336 - INFO - fl - client_local_train - client 8 start local training ...
2025-05-12 11:28:16,259 - INFO - fl - start - end client 8 training
2025-05-12 11:28:16,259 - INFO - fl - start - client 8 evaluation metrics: {'train_loss': 0.10689970583058475, 'test_acc': 65.85}
2025-05-12 11:28:16,259 - INFO - fl - start - start client 9 training
2025-05-12 11:28:16,259 - INFO - fl - client_local_train - client 9 start local training ...
2025-05-12 11:28:19,557 - INFO - fl - start - end client 9 training
2025-05-12 11:28:19,557 - INFO - fl - start - client 9 evaluation metrics: {'train_loss': 0.1144275456899777, 'test_acc': 63.47}
2025-05-12 11:28:19,557 - INFO - fl - aggregate_model - start model aggregation...fusion method: dual_defense
2025-05-12 11:28:19,557 - INFO - fl - aggregate_model - start hyper-guard fusion with epsilon 0.01
2025-05-12 11:28:19,557 - INFO - fl - aggregate_model - round 2 attackers: [0, 4]
2025-05-12 11:28:30,352 - DEBUG - util_fusion - fusion_dual_defense - client 0 scores: {0: array([81.68109648]), 1: array([71.2755486]), 2: array([71.48583599]), 3: array([41.85780881]), 4: array([91.33511154]), 5: array([29.49833166]), 6: array([83.81661386]), 7: array([39.43563628]), 8: array([77.74304879]), 9: array([89.05482392])}
2025-05-12 11:28:30,353 - DEBUG - util_fusion - fusion_dual_defense - client 0 norm scores: {0: array([0.84387908]), 1: array([0.67560466]), 2: array([0.67900535]), 3: array([0.19987259]), 4: array([1.]), 5: array([0.]), 6: array([0.87841382]), 7: array([0.16070217]), 8: array([0.78019453]), 9: array([0.96312409])}
2025-05-12 11:28:30,353 - DEBUG - util_fusion - fusion_dual_defense - client 0 similarity threshold: 0.6180796284169863
2025-05-12 11:28:30,353 - INFO - util_fusion - fusion_dual_defense - client 0 selected fusion benigns: [0, 1, 2, 4, 6, 8, 9]
2025-05-12 11:28:30,361 - DEBUG - util_fusion - fusion_dual_defense - client 1 scores: {0: array([81.68109648]), 1: array([71.2755486]), 2: array([71.48583599]), 3: array([41.85780881]), 4: array([91.33511154]), 5: array([29.49833166]), 6: array([83.81661386]), 7: array([39.43563628]), 8: array([77.74304879]), 9: array([89.05482392])}
2025-05-12 11:28:30,362 - DEBUG - util_fusion - fusion_dual_defense - client 1 norm scores: {0: array([0.84387908]), 1: array([0.67560466]), 2: array([0.67900535]), 3: array([0.19987259]), 4: array([1.]), 5: array([0.]), 6: array([0.87841382]), 7: array([0.16070217]), 8: array([0.78019453]), 9: array([0.96312409])}
2025-05-12 11:28:30,362 - DEBUG - util_fusion - fusion_dual_defense - client 1 similarity threshold: 0.6180796284169863
2025-05-12 11:28:30,362 - INFO - util_fusion - fusion_dual_defense - client 1 selected fusion benigns: [0, 1, 2, 4, 6, 8, 9]
2025-05-12 11:28:30,371 - DEBUG - util_fusion - fusion_dual_defense - client 2 scores: {0: array([81.68109648]), 1: array([71.2755486]), 2: array([71.48583599]), 3: array([41.85780881]), 4: array([91.33511154]), 5: array([29.49833166]), 6: array([83.81661386]), 7: array([39.43563628]), 8: array([77.74304879]), 9: array([89.05482392])}
2025-05-12 11:28:30,371 - DEBUG - util_fusion - fusion_dual_defense - client 2 norm scores: {0: array([0.84387908]), 1: array([0.67560466]), 2: array([0.67900535]), 3: array([0.19987259]), 4: array([1.]), 5: array([0.]), 6: array([0.87841382]), 7: array([0.16070217]), 8: array([0.78019453]), 9: array([0.96312409])}
2025-05-12 11:28:30,371 - DEBUG - util_fusion - fusion_dual_defense - client 2 similarity threshold: 0.6180796284169863
2025-05-12 11:28:30,371 - INFO - util_fusion - fusion_dual_defense - client 2 selected fusion benigns: [0, 1, 2, 4, 6, 8, 9]
2025-05-12 11:28:30,380 - DEBUG - util_fusion - fusion_dual_defense - client 3 scores: {0: array([81.68109648]), 1: array([71.2755486]), 2: array([71.48583599]), 3: array([41.85780881]), 4: array([91.33511154]), 5: array([29.49833166]), 6: array([83.81661386]), 7: array([39.43563628]), 8: array([77.74304879]), 9: array([89.05482392])}
2025-05-12 11:28:30,380 - DEBUG - util_fusion - fusion_dual_defense - client 3 norm scores: {0: array([0.84387908]), 1: array([0.67560466]), 2: array([0.67900535]), 3: array([0.19987259]), 4: array([1.]), 5: array([0.]), 6: array([0.87841382]), 7: array([0.16070217]), 8: array([0.78019453]), 9: array([0.96312409])}
2025-05-12 11:28:30,380 - DEBUG - util_fusion - fusion_dual_defense - client 3 similarity threshold: 0.6180796284169863
2025-05-12 11:28:30,380 - INFO - util_fusion - fusion_dual_defense - client 3 selected fusion benigns: [0, 1, 2, 4, 6, 8, 9]
2025-05-12 11:28:30,389 - DEBUG - util_fusion - fusion_dual_defense - client 4 scores: {0: array([81.68109648]), 1: array([71.2755486]), 2: array([71.48583599]), 3: array([41.85780881]), 4: array([91.33511154]), 5: array([29.49833166]), 6: array([83.81661386]), 7: array([39.43563628]), 8: array([77.74304879]), 9: array([89.05482392])}
2025-05-12 11:28:30,389 - DEBUG - util_fusion - fusion_dual_defense - client 4 norm scores: {0: array([0.84387908]), 1: array([0.67560466]), 2: array([0.67900535]), 3: array([0.19987259]), 4: array([1.]), 5: array([0.]), 6: array([0.87841382]), 7: array([0.16070217]), 8: array([0.78019453]), 9: array([0.96312409])}
2025-05-12 11:28:30,389 - DEBUG - util_fusion - fusion_dual_defense - client 4 similarity threshold: 0.6180796284169863
2025-05-12 11:28:30,389 - INFO - util_fusion - fusion_dual_defense - client 4 selected fusion benigns: [0, 1, 2, 4, 6, 8, 9]
2025-05-12 11:28:30,398 - DEBUG - util_fusion - fusion_dual_defense - client 5 scores: {0: array([81.68109648]), 1: array([71.2755486]), 2: array([71.48583599]), 3: array([41.85780881]), 4: array([91.33511154]), 5: array([29.49833166]), 6: array([83.81661386]), 7: array([39.43563628]), 8: array([77.74304879]), 9: array([89.05482392])}
2025-05-12 11:28:30,398 - DEBUG - util_fusion - fusion_dual_defense - client 5 norm scores: {0: array([0.84387908]), 1: array([0.67560466]), 2: array([0.67900535]), 3: array([0.19987259]), 4: array([1.]), 5: array([0.]), 6: array([0.87841382]), 7: array([0.16070217]), 8: array([0.78019453]), 9: array([0.96312409])}
2025-05-12 11:28:30,398 - DEBUG - util_fusion - fusion_dual_defense - client 5 similarity threshold: 0.6180796284169863
2025-05-12 11:28:30,398 - INFO - util_fusion - fusion_dual_defense - client 5 selected fusion benigns: [0, 1, 2, 4, 6, 8, 9]
2025-05-12 11:28:30,407 - DEBUG - util_fusion - fusion_dual_defense - client 6 scores: {0: array([81.68109648]), 1: array([71.2755486]), 2: array([71.48583599]), 3: array([41.85780881]), 4: array([91.33511154]), 5: array([29.49833166]), 6: array([83.81661386]), 7: array([39.43563628]), 8: array([77.74304879]), 9: array([89.05482392])}
2025-05-12 11:28:30,407 - DEBUG - util_fusion - fusion_dual_defense - client 6 norm scores: {0: array([0.84387908]), 1: array([0.67560466]), 2: array([0.67900535]), 3: array([0.19987259]), 4: array([1.]), 5: array([0.]), 6: array([0.87841382]), 7: array([0.16070217]), 8: array([0.78019453]), 9: array([0.96312409])}
2025-05-12 11:28:30,407 - DEBUG - util_fusion - fusion_dual_defense - client 6 similarity threshold: 0.6180796284169863
2025-05-12 11:28:30,408 - INFO - util_fusion - fusion_dual_defense - client 6 selected fusion benigns: [0, 1, 2, 4, 6, 8, 9]
2025-05-12 11:28:30,416 - DEBUG - util_fusion - fusion_dual_defense - client 7 scores: {0: array([81.68109648]), 1: array([71.2755486]), 2: array([71.48583599]), 3: array([41.85780881]), 4: array([91.33511154]), 5: array([29.49833166]), 6: array([83.81661386]), 7: array([39.43563628]), 8: array([77.74304879]), 9: array([89.05482392])}
2025-05-12 11:28:30,416 - DEBUG - util_fusion - fusion_dual_defense - client 7 norm scores: {0: array([0.84387908]), 1: array([0.67560466]), 2: array([0.67900535]), 3: array([0.19987259]), 4: array([1.]), 5: array([0.]), 6: array([0.87841382]), 7: array([0.16070217]), 8: array([0.78019453]), 9: array([0.96312409])}
2025-05-12 11:28:30,417 - DEBUG - util_fusion - fusion_dual_defense - client 7 similarity threshold: 0.6180796284169863
2025-05-12 11:28:30,417 - INFO - util_fusion - fusion_dual_defense - client 7 selected fusion benigns: [0, 1, 2, 4, 6, 8, 9]
2025-05-12 11:28:30,425 - DEBUG - util_fusion - fusion_dual_defense - client 8 scores: {0: array([81.68109648]), 1: array([71.2755486]), 2: array([71.48583599]), 3: array([41.85780881]), 4: array([91.33511154]), 5: array([29.49833166]), 6: array([83.81661386]), 7: array([39.43563628]), 8: array([77.74304879]), 9: array([89.05482392])}
2025-05-12 11:28:30,425 - DEBUG - util_fusion - fusion_dual_defense - client 8 norm scores: {0: array([0.84387908]), 1: array([0.67560466]), 2: array([0.67900535]), 3: array([0.19987259]), 4: array([1.]), 5: array([0.]), 6: array([0.87841382]), 7: array([0.16070217]), 8: array([0.78019453]), 9: array([0.96312409])}
2025-05-12 11:28:30,426 - DEBUG - util_fusion - fusion_dual_defense - client 8 similarity threshold: 0.6180796284169863
2025-05-12 11:28:30,426 - INFO - util_fusion - fusion_dual_defense - client 8 selected fusion benigns: [0, 1, 2, 4, 6, 8, 9]
2025-05-12 11:28:30,436 - DEBUG - util_fusion - fusion_dual_defense - client 9 scores: {0: array([81.68109648]), 1: array([71.2755486]), 2: array([71.48583599]), 3: array([41.85780881]), 4: array([91.33511154]), 5: array([29.49833166]), 6: array([83.81661386]), 7: array([39.43563628]), 8: array([77.74304879]), 9: array([89.05482392])}
2025-05-12 11:28:30,436 - DEBUG - util_fusion - fusion_dual_defense - client 9 norm scores: {0: array([0.84387908]), 1: array([0.67560466]), 2: array([0.67900535]), 3: array([0.19987259]), 4: array([1.]), 5: array([0.]), 6: array([0.87841382]), 7: array([0.16070217]), 8: array([0.78019453]), 9: array([0.96312409])}
2025-05-12 11:28:30,436 - DEBUG - util_fusion - fusion_dual_defense - client 9 similarity threshold: 0.6180796284169863
2025-05-12 11:28:30,436 - INFO - util_fusion - fusion_dual_defense - client 9 selected fusion benigns: [0, 1, 2, 4, 6, 8, 9]
2025-05-12 11:28:30,436 - DEBUG - util_fusion - fusion_dual_defense - final fusion benigns: (0, 1, 2, 4, 6, 8, 9)
2025-05-12 11:28:32,243 - INFO - fl - start - global side -  test accuracy: 20.96
2025-05-12 11:28:32,243 - INFO - fl - start - global side iteration 2 -  test accuracy: 20.96
2025-05-12 11:28:32,243 - INFO - fl - start - start training round 3
2025-05-12 11:28:32,245 - INFO - fl - start - round 3 attackers: [0, 8]
2025-05-12 11:28:32,245 - INFO - fl - start - start client 0 training
2025-05-12 11:28:32,245 - INFO - fl - client_local_train - client 0 start local training ...
2025-05-12 11:28:33,788 - INFO - fl - client_local_train - client 0 is attacker, start poisoning model
2025-05-12 11:28:37,288 - INFO - fl - start - end client 0 training
2025-05-12 11:28:37,288 - INFO - fl - start - client 0 evaluation metrics: {'train_loss': 48.16354505221049, 'test_acc': 9.76}
2025-05-12 11:28:37,288 - INFO - fl - start - start client 1 training
2025-05-12 11:28:37,288 - INFO - fl - client_local_train - client 1 start local training ...
2025-05-12 11:28:45,373 - INFO - fl - start - end client 1 training
2025-05-12 11:28:45,374 - INFO - fl - start - client 1 evaluation metrics: {'train_loss': 1.9968677184667931, 'test_acc': 9.82}
2025-05-12 11:28:45,374 - INFO - fl - start - start client 2 training
2025-05-12 11:28:45,374 - INFO - fl - client_local_train - client 2 start local training ...
2025-05-12 11:28:48,119 - INFO - fl - start - end client 2 training
2025-05-12 11:28:48,119 - INFO - fl - start - client 2 evaluation metrics: {'train_loss': 1.4211333615439279, 'test_acc': 11.35}
2025-05-12 11:28:48,119 - INFO - fl - start - start client 3 training
2025-05-12 11:28:48,119 - INFO - fl - client_local_train - client 3 start local training ...
2025-05-12 11:28:50,602 - INFO - fl - start - end client 3 training
2025-05-12 11:28:50,602 - INFO - fl - start - client 3 evaluation metrics: {'train_loss': 1.3804460270651455, 'test_acc': 9.74}
2025-05-12 11:28:50,602 - INFO - fl - start - start client 4 training
2025-05-12 11:28:50,602 - INFO - fl - client_local_train - client 4 start local training ...
2025-05-12 11:28:53,969 - INFO - fl - start - end client 4 training
2025-05-12 11:28:53,969 - INFO - fl - start - client 4 evaluation metrics: {'train_loss': 1.1468381846652311, 'test_acc': 9.58}
2025-05-12 11:28:53,969 - INFO - fl - start - start client 5 training
2025-05-12 11:28:53,969 - INFO - fl - client_local_train - client 5 start local training ...
2025-05-12 11:29:00,350 - INFO - fl - start - end client 5 training
2025-05-12 11:29:00,350 - INFO - fl - start - client 5 evaluation metrics: {'train_loss': 1.1682274298321815, 'test_acc': 10.1}
2025-05-12 11:29:00,350 - INFO - fl - start - start client 6 training
2025-05-12 11:29:00,350 - INFO - fl - client_local_train - client 6 start local training ...
2025-05-12 11:29:07,057 - INFO - fl - start - end client 6 training
2025-05-12 11:29:07,058 - INFO - fl - start - client 6 evaluation metrics: {'train_loss': 1.482576143109437, 'test_acc': 10.28}
2025-05-12 11:29:07,058 - INFO - fl - start - start client 7 training
2025-05-12 11:29:07,058 - INFO - fl - client_local_train - client 7 start local training ...
2025-05-12 11:29:17,406 - INFO - fl - start - end client 7 training
2025-05-12 11:29:17,406 - INFO - fl - start - client 7 evaluation metrics: {'train_loss': 1.5820481421181518, 'test_acc': 10.32}
2025-05-12 11:29:17,406 - INFO - fl - start - start client 8 training
2025-05-12 11:29:17,406 - INFO - fl - client_local_train - client 8 start local training ...
2025-05-12 11:29:20,250 - INFO - fl - client_local_train - client 8 is attacker, start poisoning model
2025-05-12 11:29:24,436 - INFO - fl - start - end client 8 training
2025-05-12 11:29:24,436 - INFO - fl - start - client 8 evaluation metrics: {'train_loss': 29.234691469856863, 'test_acc': 9.57}
2025-05-12 11:29:24,437 - INFO - fl - start - start client 9 training
2025-05-12 11:29:24,437 - INFO - fl - client_local_train - client 9 start local training ...
2025-05-12 11:29:27,715 - INFO - fl - start - end client 9 training
2025-05-12 11:29:27,715 - INFO - fl - start - client 9 evaluation metrics: {'train_loss': 1.4457149083415668, 'test_acc': 11.35}
2025-05-12 11:29:27,715 - INFO - fl - aggregate_model - start model aggregation...fusion method: dual_defense
2025-05-12 11:29:27,715 - INFO - fl - aggregate_model - start hyper-guard fusion with epsilon 0.01
2025-05-12 11:29:27,715 - INFO - fl - aggregate_model - round 3 attackers: [0, 8]
2025-05-12 11:29:38,501 - DEBUG - util_fusion - fusion_dual_defense - client 0 scores: {0: array([106.28077471]), 1: array([106.16049747]), 2: array([105.88933564]), 3: array([106.00090725]), 4: array([106.09741009]), 5: array([106.0767263]), 6: array([106.12304764]), 7: array([105.92293526]), 8: array([106.25497526]), 9: array([105.82904493])}
2025-05-12 11:29:38,502 - DEBUG - util_fusion - fusion_dual_defense - client 0 norm scores: {0: array([1.]), 1: array([0.73374072]), 2: array([0.1334663]), 3: array([0.38045382]), 4: array([0.59408339]), 5: array([0.54829542]), 6: array([0.65083756]), 7: array([0.20784622]), 8: array([0.94288742]), 9: array([0.])}
2025-05-12 11:29:38,502 - DEBUG - util_fusion - fusion_dual_defense - client 0 similarity threshold: 0.519161085392949
2025-05-12 11:29:38,502 - INFO - util_fusion - fusion_dual_defense - client 0 selected fusion benigns: [0, 1, 4, 5, 6, 8]
2025-05-12 11:29:38,510 - DEBUG - util_fusion - fusion_dual_defense - client 1 scores: {0: array([106.28077471]), 1: array([106.16049747]), 2: array([105.88933564]), 3: array([106.00090725]), 4: array([106.09741009]), 5: array([106.0767263]), 6: array([106.12304764]), 7: array([105.92293526]), 8: array([106.25497526]), 9: array([105.82904493])}
2025-05-12 11:29:38,511 - DEBUG - util_fusion - fusion_dual_defense - client 1 norm scores: {0: array([1.]), 1: array([0.73374072]), 2: array([0.1334663]), 3: array([0.38045382]), 4: array([0.59408339]), 5: array([0.54829542]), 6: array([0.65083756]), 7: array([0.20784622]), 8: array([0.94288742]), 9: array([0.])}
2025-05-12 11:29:38,511 - DEBUG - util_fusion - fusion_dual_defense - client 1 similarity threshold: 0.519161085392949
2025-05-12 11:29:38,511 - INFO - util_fusion - fusion_dual_defense - client 1 selected fusion benigns: [0, 1, 4, 5, 6, 8]
2025-05-12 11:29:38,519 - DEBUG - util_fusion - fusion_dual_defense - client 2 scores: {0: array([106.28077471]), 1: array([106.16049747]), 2: array([105.88933564]), 3: array([106.00090725]), 4: array([106.09741009]), 5: array([106.0767263]), 6: array([106.12304764]), 7: array([105.92293526]), 8: array([106.25497526]), 9: array([105.82904493])}
2025-05-12 11:29:38,520 - DEBUG - util_fusion - fusion_dual_defense - client 2 norm scores: {0: array([1.]), 1: array([0.73374072]), 2: array([0.1334663]), 3: array([0.38045382]), 4: array([0.59408339]), 5: array([0.54829542]), 6: array([0.65083756]), 7: array([0.20784622]), 8: array([0.94288742]), 9: array([0.])}
2025-05-12 11:29:38,520 - DEBUG - util_fusion - fusion_dual_defense - client 2 similarity threshold: 0.519161085392949
2025-05-12 11:29:38,520 - INFO - util_fusion - fusion_dual_defense - client 2 selected fusion benigns: [0, 1, 4, 5, 6, 8]
2025-05-12 11:29:38,529 - DEBUG - util_fusion - fusion_dual_defense - client 3 scores: {0: array([106.28077471]), 1: array([106.16049747]), 2: array([105.88933564]), 3: array([106.00090725]), 4: array([106.09741009]), 5: array([106.0767263]), 6: array([106.12304764]), 7: array([105.92293526]), 8: array([106.25497526]), 9: array([105.82904493])}
2025-05-12 11:29:38,529 - DEBUG - util_fusion - fusion_dual_defense - client 3 norm scores: {0: array([1.]), 1: array([0.73374072]), 2: array([0.1334663]), 3: array([0.38045382]), 4: array([0.59408339]), 5: array([0.54829542]), 6: array([0.65083756]), 7: array([0.20784622]), 8: array([0.94288742]), 9: array([0.])}
2025-05-12 11:29:38,529 - DEBUG - util_fusion - fusion_dual_defense - client 3 similarity threshold: 0.519161085392949
2025-05-12 11:29:38,529 - INFO - util_fusion - fusion_dual_defense - client 3 selected fusion benigns: [0, 1, 4, 5, 6, 8]
2025-05-12 11:29:38,538 - DEBUG - util_fusion - fusion_dual_defense - client 4 scores: {0: array([106.28077471]), 1: array([106.16049747]), 2: array([105.88933564]), 3: array([106.00090725]), 4: array([106.09741009]), 5: array([106.0767263]), 6: array([106.12304764]), 7: array([105.92293526]), 8: array([106.25497526]), 9: array([105.82904493])}
2025-05-12 11:29:38,538 - DEBUG - util_fusion - fusion_dual_defense - client 4 norm scores: {0: array([1.]), 1: array([0.73374072]), 2: array([0.1334663]), 3: array([0.38045382]), 4: array([0.59408339]), 5: array([0.54829542]), 6: array([0.65083756]), 7: array([0.20784622]), 8: array([0.94288742]), 9: array([0.])}
2025-05-12 11:29:38,538 - DEBUG - util_fusion - fusion_dual_defense - client 4 similarity threshold: 0.519161085392949
2025-05-12 11:29:38,538 - INFO - util_fusion - fusion_dual_defense - client 4 selected fusion benigns: [0, 1, 4, 5, 6, 8]
2025-05-12 11:29:38,547 - DEBUG - util_fusion - fusion_dual_defense - client 5 scores: {0: array([106.28077471]), 1: array([106.16049747]), 2: array([105.88933564]), 3: array([106.00090725]), 4: array([106.09741009]), 5: array([106.0767263]), 6: array([106.12304764]), 7: array([105.92293526]), 8: array([106.25497526]), 9: array([105.82904493])}
2025-05-12 11:29:38,547 - DEBUG - util_fusion - fusion_dual_defense - client 5 norm scores: {0: array([1.]), 1: array([0.73374072]), 2: array([0.1334663]), 3: array([0.38045382]), 4: array([0.59408339]), 5: array([0.54829542]), 6: array([0.65083756]), 7: array([0.20784622]), 8: array([0.94288742]), 9: array([0.])}
2025-05-12 11:29:38,547 - DEBUG - util_fusion - fusion_dual_defense - client 5 similarity threshold: 0.519161085392949
2025-05-12 11:29:38,547 - INFO - util_fusion - fusion_dual_defense - client 5 selected fusion benigns: [0, 1, 4, 5, 6, 8]
2025-05-12 11:29:38,556 - DEBUG - util_fusion - fusion_dual_defense - client 6 scores: {0: array([106.28077471]), 1: array([106.16049747]), 2: array([105.88933564]), 3: array([106.00090725]), 4: array([106.09741009]), 5: array([106.0767263]), 6: array([106.12304764]), 7: array([105.92293526]), 8: array([106.25497526]), 9: array([105.82904493])}
2025-05-12 11:29:38,556 - DEBUG - util_fusion - fusion_dual_defense - client 6 norm scores: {0: array([1.]), 1: array([0.73374072]), 2: array([0.1334663]), 3: array([0.38045382]), 4: array([0.59408339]), 5: array([0.54829542]), 6: array([0.65083756]), 7: array([0.20784622]), 8: array([0.94288742]), 9: array([0.])}
2025-05-12 11:29:38,556 - DEBUG - util_fusion - fusion_dual_defense - client 6 similarity threshold: 0.519161085392949
2025-05-12 11:29:38,556 - INFO - util_fusion - fusion_dual_defense - client 6 selected fusion benigns: [0, 1, 4, 5, 6, 8]
2025-05-12 11:29:38,565 - DEBUG - util_fusion - fusion_dual_defense - client 7 scores: {0: array([106.28077471]), 1: array([106.16049747]), 2: array([105.88933564]), 3: array([106.00090725]), 4: array([106.09741009]), 5: array([106.0767263]), 6: array([106.12304764]), 7: array([105.92293526]), 8: array([106.25497526]), 9: array([105.82904493])}
2025-05-12 11:29:38,565 - DEBUG - util_fusion - fusion_dual_defense - client 7 norm scores: {0: array([1.]), 1: array([0.73374072]), 2: array([0.1334663]), 3: array([0.38045382]), 4: array([0.59408339]), 5: array([0.54829542]), 6: array([0.65083756]), 7: array([0.20784622]), 8: array([0.94288742]), 9: array([0.])}
2025-05-12 11:29:38,565 - DEBUG - util_fusion - fusion_dual_defense - client 7 similarity threshold: 0.519161085392949
2025-05-12 11:29:38,565 - INFO - util_fusion - fusion_dual_defense - client 7 selected fusion benigns: [0, 1, 4, 5, 6, 8]
2025-05-12 11:29:38,574 - DEBUG - util_fusion - fusion_dual_defense - client 8 scores: {0: array([106.28077471]), 1: array([106.16049747]), 2: array([105.88933564]), 3: array([106.00090725]), 4: array([106.09741009]), 5: array([106.0767263]), 6: array([106.12304764]), 7: array([105.92293526]), 8: array([106.25497526]), 9: array([105.82904493])}
2025-05-12 11:29:38,574 - DEBUG - util_fusion - fusion_dual_defense - client 8 norm scores: {0: array([1.]), 1: array([0.73374072]), 2: array([0.1334663]), 3: array([0.38045382]), 4: array([0.59408339]), 5: array([0.54829542]), 6: array([0.65083756]), 7: array([0.20784622]), 8: array([0.94288742]), 9: array([0.])}
2025-05-12 11:29:38,574 - DEBUG - util_fusion - fusion_dual_defense - client 8 similarity threshold: 0.519161085392949
2025-05-12 11:29:38,574 - INFO - util_fusion - fusion_dual_defense - client 8 selected fusion benigns: [0, 1, 4, 5, 6, 8]
2025-05-12 11:29:38,583 - DEBUG - util_fusion - fusion_dual_defense - client 9 scores: {0: array([106.28077471]), 1: array([106.16049747]), 2: array([105.88933564]), 3: array([106.00090725]), 4: array([106.09741009]), 5: array([106.0767263]), 6: array([106.12304764]), 7: array([105.92293526]), 8: array([106.25497526]), 9: array([105.82904493])}
2025-05-12 11:29:38,583 - DEBUG - util_fusion - fusion_dual_defense - client 9 norm scores: {0: array([1.]), 1: array([0.73374072]), 2: array([0.1334663]), 3: array([0.38045382]), 4: array([0.59408339]), 5: array([0.54829542]), 6: array([0.65083756]), 7: array([0.20784622]), 8: array([0.94288742]), 9: array([0.])}
2025-05-12 11:29:38,583 - DEBUG - util_fusion - fusion_dual_defense - client 9 similarity threshold: 0.519161085392949
2025-05-12 11:29:38,583 - INFO - util_fusion - fusion_dual_defense - client 9 selected fusion benigns: [0, 1, 4, 5, 6, 8]
2025-05-12 11:29:38,584 - DEBUG - util_fusion - fusion_dual_defense - final fusion benigns: (0, 1, 4, 5, 6, 8)
2025-05-12 11:29:40,340 - INFO - fl - start - global side -  test accuracy: 9.57
2025-05-12 11:29:40,340 - INFO - fl - start - global side iteration 3 -  test accuracy: 9.57
2025-05-12 11:29:40,340 - INFO - fl - start - start training round 4
2025-05-12 11:29:40,342 - INFO - fl - start - round 4 attackers: [8, 3]
2025-05-12 11:29:40,342 - INFO - fl - start - start client 0 training
2025-05-12 11:29:40,342 - INFO - fl - client_local_train - client 0 start local training ...
2025-05-12 11:29:43,635 - INFO - fl - start - end client 0 training
2025-05-12 11:29:43,635 - INFO - fl - start - client 0 evaluation metrics: {'train_loss': 1.012584072848161, 'test_acc': 9.74}
2025-05-12 11:29:43,635 - INFO - fl - start - start client 1 training
2025-05-12 11:29:43,635 - INFO - fl - client_local_train - client 1 start local training ...
2025-05-12 11:29:51,748 - INFO - fl - start - end client 1 training
2025-05-12 11:29:51,748 - INFO - fl - start - client 1 evaluation metrics: {'train_loss': 2.009290400757847, 'test_acc': 9.82}
2025-05-12 11:29:51,748 - INFO - fl - start - start client 2 training
2025-05-12 11:29:51,748 - INFO - fl - client_local_train - client 2 start local training ...
2025-05-12 11:29:54,479 - INFO - fl - start - end client 2 training
2025-05-12 11:29:54,479 - INFO - fl - start - client 2 evaluation metrics: {'train_loss': 1.502416695867266, 'test_acc': 11.35}
2025-05-12 11:29:54,479 - INFO - fl - start - start client 3 training
2025-05-12 11:29:54,479 - INFO - fl - client_local_train - client 3 start local training ...
2025-05-12 11:29:55,388 - INFO - fl - client_local_train - client 3 is attacker, start poisoning model
2025-05-12 11:29:58,552 - INFO - fl - start - end client 3 training
2025-05-12 11:29:58,552 - INFO - fl - start - client 3 evaluation metrics: {'train_loss': 46.32164747961636, 'test_acc': 10.09}
2025-05-12 11:29:58,552 - INFO - fl - start - start client 4 training
2025-05-12 11:29:58,552 - INFO - fl - client_local_train - client 4 start local training ...
2025-05-12 11:30:01,928 - INFO - fl - start - end client 4 training
2025-05-12 11:30:01,928 - INFO - fl - start - client 4 evaluation metrics: {'train_loss': 1.2137607780157351, 'test_acc': 9.57}
2025-05-12 11:30:01,928 - INFO - fl - start - start client 5 training
2025-05-12 11:30:01,928 - INFO - fl - client_local_train - client 5 start local training ...
2025-05-12 11:30:08,316 - INFO - fl - start - end client 5 training
2025-05-12 11:30:08,316 - INFO - fl - start - client 5 evaluation metrics: {'train_loss': 1.182569406205608, 'test_acc': 10.1}
2025-05-12 11:30:08,316 - INFO - fl - start - start client 6 training
2025-05-12 11:30:08,316 - INFO - fl - client_local_train - client 6 start local training ...
2025-05-12 11:30:15,043 - INFO - fl - start - end client 6 training
2025-05-12 11:30:15,043 - INFO - fl - start - client 6 evaluation metrics: {'train_loss': 1.497756616635756, 'test_acc': 10.28}
2025-05-12 11:30:15,043 - INFO - fl - start - start client 7 training
2025-05-12 11:30:15,043 - INFO - fl - client_local_train - client 7 start local training ...
2025-05-12 11:30:25,386 - INFO - fl - start - end client 7 training
2025-05-12 11:30:25,386 - INFO - fl - start - client 7 evaluation metrics: {'train_loss': 1.5923449647912074, 'test_acc': 10.32}
2025-05-12 11:30:25,386 - INFO - fl - start - start client 8 training
2025-05-12 11:30:25,386 - INFO - fl - client_local_train - client 8 start local training ...
2025-05-12 11:30:28,244 - INFO - fl - client_local_train - client 8 is attacker, start poisoning model
2025-05-12 11:30:32,438 - INFO - fl - start - end client 8 training
2025-05-12 11:30:32,438 - INFO - fl - start - client 8 evaluation metrics: {'train_loss': 22.29267016421543, 'test_acc': 9.57}
2025-05-12 11:30:32,438 - INFO - fl - start - start client 9 training
2025-05-12 11:30:32,438 - INFO - fl - client_local_train - client 9 start local training ...
2025-05-12 11:30:35,727 - INFO - fl - start - end client 9 training
2025-05-12 11:30:35,727 - INFO - fl - start - client 9 evaluation metrics: {'train_loss': 1.5136161868770917, 'test_acc': 11.35}
2025-05-12 11:30:35,727 - INFO - fl - aggregate_model - start model aggregation...fusion method: dual_defense
2025-05-12 11:30:35,727 - INFO - fl - aggregate_model - start hyper-guard fusion with epsilon 0.01
2025-05-12 11:30:35,727 - INFO - fl - aggregate_model - round 4 attackers: [8, 3]
2025-05-12 11:30:46,536 - DEBUG - util_fusion - fusion_dual_defense - client 0 scores: {0: array([103.88057139]), 1: array([103.88186932]), 2: array([103.88907256]), 3: array([103.8743656]), 4: array([103.85181641]), 5: array([103.83030463]), 6: array([103.8667899]), 7: array([103.90587558]), 8: array([103.81895381]), 9: array([103.895501])}
2025-05-12 11:30:46,536 - DEBUG - util_fusion - fusion_dual_defense - client 0 norm scores: {0: array([0.70888555]), 1: array([0.72381767]), 2: array([0.80668805]), 3: array([0.63749043]), 4: array([0.37807106]), 5: array([0.1305866]), 6: array([0.55033497]), 7: array([1.]), 8: array([0.]), 9: array([0.8806446])}
2025-05-12 11:30:46,536 - DEBUG - util_fusion - fusion_dual_defense - client 0 similarity threshold: 0.5816518933243603
2025-05-12 11:30:46,536 - INFO - util_fusion - fusion_dual_defense - client 0 selected fusion benigns: [0, 1, 2, 3, 7, 9]
2025-05-12 11:30:46,545 - DEBUG - util_fusion - fusion_dual_defense - client 1 scores: {0: array([103.88057139]), 1: array([103.88186932]), 2: array([103.88907256]), 3: array([103.8743656]), 4: array([103.85181641]), 5: array([103.83030463]), 6: array([103.8667899]), 7: array([103.90587558]), 8: array([103.81895381]), 9: array([103.895501])}
2025-05-12 11:30:46,545 - DEBUG - util_fusion - fusion_dual_defense - client 1 norm scores: {0: array([0.70888555]), 1: array([0.72381767]), 2: array([0.80668805]), 3: array([0.63749043]), 4: array([0.37807106]), 5: array([0.1305866]), 6: array([0.55033497]), 7: array([1.]), 8: array([0.]), 9: array([0.8806446])}
2025-05-12 11:30:46,546 - DEBUG - util_fusion - fusion_dual_defense - client 1 similarity threshold: 0.5816518933243603
2025-05-12 11:30:46,546 - INFO - util_fusion - fusion_dual_defense - client 1 selected fusion benigns: [0, 1, 2, 3, 7, 9]
2025-05-12 11:30:46,554 - DEBUG - util_fusion - fusion_dual_defense - client 2 scores: {0: array([103.88057139]), 1: array([103.88186932]), 2: array([103.88907256]), 3: array([103.8743656]), 4: array([103.85181641]), 5: array([103.83030463]), 6: array([103.8667899]), 7: array([103.90587558]), 8: array([103.81895381]), 9: array([103.895501])}
2025-05-12 11:30:46,555 - DEBUG - util_fusion - fusion_dual_defense - client 2 norm scores: {0: array([0.70888555]), 1: array([0.72381767]), 2: array([0.80668805]), 3: array([0.63749043]), 4: array([0.37807106]), 5: array([0.1305866]), 6: array([0.55033497]), 7: array([1.]), 8: array([0.]), 9: array([0.8806446])}
2025-05-12 11:30:46,555 - DEBUG - util_fusion - fusion_dual_defense - client 2 similarity threshold: 0.5816518933243603
2025-05-12 11:30:46,555 - INFO - util_fusion - fusion_dual_defense - client 2 selected fusion benigns: [0, 1, 2, 3, 7, 9]
2025-05-12 11:30:46,563 - DEBUG - util_fusion - fusion_dual_defense - client 3 scores: {0: array([103.88057139]), 1: array([103.88186932]), 2: array([103.88907256]), 3: array([103.8743656]), 4: array([103.85181641]), 5: array([103.83030463]), 6: array([103.8667899]), 7: array([103.90587558]), 8: array([103.81895381]), 9: array([103.895501])}
2025-05-12 11:30:46,564 - DEBUG - util_fusion - fusion_dual_defense - client 3 norm scores: {0: array([0.70888555]), 1: array([0.72381767]), 2: array([0.80668805]), 3: array([0.63749043]), 4: array([0.37807106]), 5: array([0.1305866]), 6: array([0.55033497]), 7: array([1.]), 8: array([0.]), 9: array([0.8806446])}
2025-05-12 11:30:46,564 - DEBUG - util_fusion - fusion_dual_defense - client 3 similarity threshold: 0.5816518933243603
2025-05-12 11:30:46,564 - INFO - util_fusion - fusion_dual_defense - client 3 selected fusion benigns: [0, 1, 2, 3, 7, 9]
2025-05-12 11:30:46,572 - DEBUG - util_fusion - fusion_dual_defense - client 4 scores: {0: array([103.88057139]), 1: array([103.88186932]), 2: array([103.88907256]), 3: array([103.8743656]), 4: array([103.85181641]), 5: array([103.83030463]), 6: array([103.8667899]), 7: array([103.90587558]), 8: array([103.81895381]), 9: array([103.895501])}
2025-05-12 11:30:46,573 - DEBUG - util_fusion - fusion_dual_defense - client 4 norm scores: {0: array([0.70888555]), 1: array([0.72381767]), 2: array([0.80668805]), 3: array([0.63749043]), 4: array([0.37807106]), 5: array([0.1305866]), 6: array([0.55033497]), 7: array([1.]), 8: array([0.]), 9: array([0.8806446])}
2025-05-12 11:30:46,573 - DEBUG - util_fusion - fusion_dual_defense - client 4 similarity threshold: 0.5816518933243603
2025-05-12 11:30:46,573 - INFO - util_fusion - fusion_dual_defense - client 4 selected fusion benigns: [0, 1, 2, 3, 7, 9]
2025-05-12 11:30:46,581 - DEBUG - util_fusion - fusion_dual_defense - client 5 scores: {0: array([103.88057139]), 1: array([103.88186932]), 2: array([103.88907256]), 3: array([103.8743656]), 4: array([103.85181641]), 5: array([103.83030463]), 6: array([103.8667899]), 7: array([103.90587558]), 8: array([103.81895381]), 9: array([103.895501])}
2025-05-12 11:30:46,582 - DEBUG - util_fusion - fusion_dual_defense - client 5 norm scores: {0: array([0.70888555]), 1: array([0.72381767]), 2: array([0.80668805]), 3: array([0.63749043]), 4: array([0.37807106]), 5: array([0.1305866]), 6: array([0.55033497]), 7: array([1.]), 8: array([0.]), 9: array([0.8806446])}
2025-05-12 11:30:46,582 - DEBUG - util_fusion - fusion_dual_defense - client 5 similarity threshold: 0.5816518933243603
2025-05-12 11:30:46,582 - INFO - util_fusion - fusion_dual_defense - client 5 selected fusion benigns: [0, 1, 2, 3, 7, 9]
2025-05-12 11:30:46,590 - DEBUG - util_fusion - fusion_dual_defense - client 6 scores: {0: array([103.88057139]), 1: array([103.88186932]), 2: array([103.88907256]), 3: array([103.8743656]), 4: array([103.85181641]), 5: array([103.83030463]), 6: array([103.8667899]), 7: array([103.90587558]), 8: array([103.81895381]), 9: array([103.895501])}
2025-05-12 11:30:46,591 - DEBUG - util_fusion - fusion_dual_defense - client 6 norm scores: {0: array([0.70888555]), 1: array([0.72381767]), 2: array([0.80668805]), 3: array([0.63749043]), 4: array([0.37807106]), 5: array([0.1305866]), 6: array([0.55033497]), 7: array([1.]), 8: array([0.]), 9: array([0.8806446])}
2025-05-12 11:30:46,591 - DEBUG - util_fusion - fusion_dual_defense - client 6 similarity threshold: 0.5816518933243603
2025-05-12 11:30:46,591 - INFO - util_fusion - fusion_dual_defense - client 6 selected fusion benigns: [0, 1, 2, 3, 7, 9]
2025-05-12 11:30:46,599 - DEBUG - util_fusion - fusion_dual_defense - client 7 scores: {0: array([103.88057139]), 1: array([103.88186932]), 2: array([103.88907256]), 3: array([103.8743656]), 4: array([103.85181641]), 5: array([103.83030463]), 6: array([103.8667899]), 7: array([103.90587558]), 8: array([103.81895381]), 9: array([103.895501])}
2025-05-12 11:30:46,600 - DEBUG - util_fusion - fusion_dual_defense - client 7 norm scores: {0: array([0.70888555]), 1: array([0.72381767]), 2: array([0.80668805]), 3: array([0.63749043]), 4: array([0.37807106]), 5: array([0.1305866]), 6: array([0.55033497]), 7: array([1.]), 8: array([0.]), 9: array([0.8806446])}
2025-05-12 11:30:46,600 - DEBUG - util_fusion - fusion_dual_defense - client 7 similarity threshold: 0.5816518933243603
2025-05-12 11:30:46,600 - INFO - util_fusion - fusion_dual_defense - client 7 selected fusion benigns: [0, 1, 2, 3, 7, 9]
2025-05-12 11:30:46,608 - DEBUG - util_fusion - fusion_dual_defense - client 8 scores: {0: array([103.88057139]), 1: array([103.88186932]), 2: array([103.88907256]), 3: array([103.8743656]), 4: array([103.85181641]), 5: array([103.83030463]), 6: array([103.8667899]), 7: array([103.90587558]), 8: array([103.81895381]), 9: array([103.895501])}
2025-05-12 11:30:46,609 - DEBUG - util_fusion - fusion_dual_defense - client 8 norm scores: {0: array([0.70888555]), 1: array([0.72381767]), 2: array([0.80668805]), 3: array([0.63749043]), 4: array([0.37807106]), 5: array([0.1305866]), 6: array([0.55033497]), 7: array([1.]), 8: array([0.]), 9: array([0.8806446])}
2025-05-12 11:30:46,609 - DEBUG - util_fusion - fusion_dual_defense - client 8 similarity threshold: 0.5816518933243603
2025-05-12 11:30:46,609 - INFO - util_fusion - fusion_dual_defense - client 8 selected fusion benigns: [0, 1, 2, 3, 7, 9]
2025-05-12 11:30:46,617 - DEBUG - util_fusion - fusion_dual_defense - client 9 scores: {0: array([103.88057139]), 1: array([103.88186932]), 2: array([103.88907256]), 3: array([103.8743656]), 4: array([103.85181641]), 5: array([103.83030463]), 6: array([103.8667899]), 7: array([103.90587558]), 8: array([103.81895381]), 9: array([103.895501])}
2025-05-12 11:30:46,618 - DEBUG - util_fusion - fusion_dual_defense - client 9 norm scores: {0: array([0.70888555]), 1: array([0.72381767]), 2: array([0.80668805]), 3: array([0.63749043]), 4: array([0.37807106]), 5: array([0.1305866]), 6: array([0.55033497]), 7: array([1.]), 8: array([0.]), 9: array([0.8806446])}
2025-05-12 11:30:46,618 - DEBUG - util_fusion - fusion_dual_defense - client 9 similarity threshold: 0.5816518933243603
2025-05-12 11:30:46,618 - INFO - util_fusion - fusion_dual_defense - client 9 selected fusion benigns: [0, 1, 2, 3, 7, 9]
2025-05-12 11:30:46,618 - DEBUG - util_fusion - fusion_dual_defense - final fusion benigns: (0, 1, 2, 3, 7, 9)
2025-05-12 11:30:48,366 - INFO - fl - start - global side -  test accuracy: 10.09
2025-05-12 11:30:48,366 - INFO - fl - start - global side iteration 4 -  test accuracy: 10.09
2025-05-12 11:30:48,366 - INFO - fl - start - start training round 5
2025-05-12 11:30:48,368 - INFO - fl - start - round 5 attackers: [7, 0]
2025-05-12 11:30:48,368 - INFO - fl - start - start client 0 training
2025-05-12 11:30:48,368 - INFO - fl - client_local_train - client 0 start local training ...
2025-05-12 11:30:49,924 - INFO - fl - client_local_train - client 0 is attacker, start poisoning model
2025-05-12 11:30:53,413 - INFO - fl - start - end client 0 training
2025-05-12 11:30:53,413 - INFO - fl - start - client 0 evaluation metrics: {'train_loss': 18.46634066104889, 'test_acc': 9.74}
2025-05-12 11:30:53,413 - INFO - fl - start - start client 1 training
2025-05-12 11:30:53,413 - INFO - fl - client_local_train - client 1 start local training ...
2025-05-12 11:31:01,511 - INFO - fl - start - end client 1 training
2025-05-12 11:31:01,511 - INFO - fl - start - client 1 evaluation metrics: {'train_loss': 1.9984076123639762, 'test_acc': 9.82}
2025-05-12 11:31:01,511 - INFO - fl - start - start client 2 training
2025-05-12 11:31:01,511 - INFO - fl - client_local_train - client 2 start local training ...
2025-05-12 11:31:04,247 - INFO - fl - start - end client 2 training
2025-05-12 11:31:04,247 - INFO - fl - start - client 2 evaluation metrics: {'train_loss': 1.483287981578282, 'test_acc': 11.35}
2025-05-12 11:31:04,247 - INFO - fl - start - start client 3 training
2025-05-12 11:31:04,247 - INFO - fl - client_local_train - client 3 start local training ...
2025-05-12 11:31:06,726 - INFO - fl - start - end client 3 training
2025-05-12 11:31:06,726 - INFO - fl - start - client 3 evaluation metrics: {'train_loss': 1.4299185728204662, 'test_acc': 9.74}
2025-05-12 11:31:06,726 - INFO - fl - start - start client 4 training
2025-05-12 11:31:06,726 - INFO - fl - client_local_train - client 4 start local training ...
2025-05-12 11:31:10,121 - INFO - fl - start - end client 4 training
2025-05-12 11:31:10,121 - INFO - fl - start - client 4 evaluation metrics: {'train_loss': 1.2051489914164824, 'test_acc': 9.57}
2025-05-12 11:31:10,121 - INFO - fl - start - start client 5 training
2025-05-12 11:31:10,121 - INFO - fl - client_local_train - client 5 start local training ...
2025-05-12 11:31:16,501 - INFO - fl - start - end client 5 training
2025-05-12 11:31:16,501 - INFO - fl - start - client 5 evaluation metrics: {'train_loss': 1.1943585608274705, 'test_acc': 10.1}
2025-05-12 11:31:16,501 - INFO - fl - start - start client 6 training
2025-05-12 11:31:16,501 - INFO - fl - client_local_train - client 6 start local training ...
2025-05-12 11:31:23,197 - INFO - fl - start - end client 6 training
2025-05-12 11:31:23,197 - INFO - fl - start - client 6 evaluation metrics: {'train_loss': 1.5123666308142922, 'test_acc': 10.28}
2025-05-12 11:31:23,197 - INFO - fl - start - start client 7 training
2025-05-12 11:31:23,197 - INFO - fl - client_local_train - client 7 start local training ...
2025-05-12 11:31:30,315 - INFO - fl - client_local_train - client 7 is attacker, start poisoning model
2025-05-12 11:31:36,775 - INFO - fl - start - end client 7 training
2025-05-12 11:31:36,775 - INFO - fl - start - client 7 evaluation metrics: {'train_loss': 4.86103368560653, 'test_acc': 10.09}
2025-05-12 11:31:36,775 - INFO - fl - start - start client 8 training
2025-05-12 11:31:36,775 - INFO - fl - client_local_train - client 8 start local training ...
2025-05-12 11:31:41,738 - INFO - fl - start - end client 8 training
2025-05-12 11:31:41,738 - INFO - fl - start - client 8 evaluation metrics: {'train_loss': 1.4796803774458638, 'test_acc': 9.57}
2025-05-12 11:31:41,738 - INFO - fl - start - start client 9 training
2025-05-12 11:31:41,738 - INFO - fl - client_local_train - client 9 start local training ...
2025-05-12 11:31:45,022 - INFO - fl - start - end client 9 training
2025-05-12 11:31:45,022 - INFO - fl - start - client 9 evaluation metrics: {'train_loss': 1.5020155534148216, 'test_acc': 11.35}
2025-05-12 11:31:45,022 - INFO - fl - aggregate_model - start model aggregation...fusion method: dual_defense
2025-05-12 11:31:45,022 - INFO - fl - aggregate_model - start hyper-guard fusion with epsilon 0.01
2025-05-12 11:31:45,023 - INFO - fl - aggregate_model - round 5 attackers: [0, 7]
2025-05-12 11:31:55,815 - DEBUG - util_fusion - fusion_dual_defense - client 0 scores: {0: array([125.32152247]), 1: array([125.32672169]), 2: array([125.32351553]), 3: array([125.32096936]), 4: array([125.32912268]), 5: array([125.31481804]), 6: array([125.32239264]), 7: array([125.33237289]), 8: array([125.3276483]), 9: array([125.3235877])}
2025-05-12 11:31:55,816 - DEBUG - util_fusion - fusion_dual_defense - client 0 norm scores: {0: array([0.38191331]), 1: array([0.6780833]), 2: array([0.49544636]), 3: array([0.35040557]), 4: array([0.81485385]), 5: array([0.]), 6: array([0.4314821]), 7: array([1.]), 8: array([0.73086673]), 9: array([0.49955743])}
2025-05-12 11:31:55,816 - DEBUG - util_fusion - fusion_dual_defense - client 0 similarity threshold: 0.5382608650840369
2025-05-12 11:31:55,816 - INFO - util_fusion - fusion_dual_defense - client 0 selected fusion benigns: [1, 4, 7, 8]
2025-05-12 11:31:55,824 - DEBUG - util_fusion - fusion_dual_defense - client 1 scores: {0: array([125.32152247]), 1: array([125.32672169]), 2: array([125.32351553]), 3: array([125.32096936]), 4: array([125.32912268]), 5: array([125.31481804]), 6: array([125.32239264]), 7: array([125.33237289]), 8: array([125.3276483]), 9: array([125.3235877])}
2025-05-12 11:31:55,825 - DEBUG - util_fusion - fusion_dual_defense - client 1 norm scores: {0: array([0.38191331]), 1: array([0.6780833]), 2: array([0.49544636]), 3: array([0.35040557]), 4: array([0.81485385]), 5: array([0.]), 6: array([0.4314821]), 7: array([1.]), 8: array([0.73086673]), 9: array([0.49955743])}
2025-05-12 11:31:55,825 - DEBUG - util_fusion - fusion_dual_defense - client 1 similarity threshold: 0.5382608650840369
2025-05-12 11:31:55,825 - INFO - util_fusion - fusion_dual_defense - client 1 selected fusion benigns: [1, 4, 7, 8]
2025-05-12 11:31:55,835 - DEBUG - util_fusion - fusion_dual_defense - client 2 scores: {0: array([125.32152247]), 1: array([125.32672169]), 2: array([125.32351553]), 3: array([125.32096936]), 4: array([125.32912268]), 5: array([125.31481804]), 6: array([125.32239264]), 7: array([125.33237289]), 8: array([125.3276483]), 9: array([125.3235877])}
2025-05-12 11:31:55,836 - DEBUG - util_fusion - fusion_dual_defense - client 2 norm scores: {0: array([0.38191331]), 1: array([0.6780833]), 2: array([0.49544636]), 3: array([0.35040557]), 4: array([0.81485385]), 5: array([0.]), 6: array([0.4314821]), 7: array([1.]), 8: array([0.73086673]), 9: array([0.49955743])}
2025-05-12 11:31:55,836 - DEBUG - util_fusion - fusion_dual_defense - client 2 similarity threshold: 0.5382608650840369
2025-05-12 11:31:55,836 - INFO - util_fusion - fusion_dual_defense - client 2 selected fusion benigns: [1, 4, 7, 8]
2025-05-12 11:31:55,844 - DEBUG - util_fusion - fusion_dual_defense - client 3 scores: {0: array([125.32152247]), 1: array([125.32672169]), 2: array([125.32351553]), 3: array([125.32096936]), 4: array([125.32912268]), 5: array([125.31481804]), 6: array([125.32239264]), 7: array([125.33237289]), 8: array([125.3276483]), 9: array([125.3235877])}
2025-05-12 11:31:55,845 - DEBUG - util_fusion - fusion_dual_defense - client 3 norm scores: {0: array([0.38191331]), 1: array([0.6780833]), 2: array([0.49544636]), 3: array([0.35040557]), 4: array([0.81485385]), 5: array([0.]), 6: array([0.4314821]), 7: array([1.]), 8: array([0.73086673]), 9: array([0.49955743])}
2025-05-12 11:31:55,845 - DEBUG - util_fusion - fusion_dual_defense - client 3 similarity threshold: 0.5382608650840369
2025-05-12 11:31:55,845 - INFO - util_fusion - fusion_dual_defense - client 3 selected fusion benigns: [1, 4, 7, 8]
2025-05-12 11:31:55,853 - DEBUG - util_fusion - fusion_dual_defense - client 4 scores: {0: array([125.32152247]), 1: array([125.32672169]), 2: array([125.32351553]), 3: array([125.32096936]), 4: array([125.32912268]), 5: array([125.31481804]), 6: array([125.32239264]), 7: array([125.33237289]), 8: array([125.3276483]), 9: array([125.3235877])}
2025-05-12 11:31:55,854 - DEBUG - util_fusion - fusion_dual_defense - client 4 norm scores: {0: array([0.38191331]), 1: array([0.6780833]), 2: array([0.49544636]), 3: array([0.35040557]), 4: array([0.81485385]), 5: array([0.]), 6: array([0.4314821]), 7: array([1.]), 8: array([0.73086673]), 9: array([0.49955743])}
2025-05-12 11:31:55,854 - DEBUG - util_fusion - fusion_dual_defense - client 4 similarity threshold: 0.5382608650840369
2025-05-12 11:31:55,854 - INFO - util_fusion - fusion_dual_defense - client 4 selected fusion benigns: [1, 4, 7, 8]
2025-05-12 11:31:55,862 - DEBUG - util_fusion - fusion_dual_defense - client 5 scores: {0: array([125.32152247]), 1: array([125.32672169]), 2: array([125.32351553]), 3: array([125.32096936]), 4: array([125.32912268]), 5: array([125.31481804]), 6: array([125.32239264]), 7: array([125.33237289]), 8: array([125.3276483]), 9: array([125.3235877])}
2025-05-12 11:31:55,863 - DEBUG - util_fusion - fusion_dual_defense - client 5 norm scores: {0: array([0.38191331]), 1: array([0.6780833]), 2: array([0.49544636]), 3: array([0.35040557]), 4: array([0.81485385]), 5: array([0.]), 6: array([0.4314821]), 7: array([1.]), 8: array([0.73086673]), 9: array([0.49955743])}
2025-05-12 11:31:55,863 - DEBUG - util_fusion - fusion_dual_defense - client 5 similarity threshold: 0.5382608650840369
2025-05-12 11:31:55,863 - INFO - util_fusion - fusion_dual_defense - client 5 selected fusion benigns: [1, 4, 7, 8]
2025-05-12 11:31:55,872 - DEBUG - util_fusion - fusion_dual_defense - client 6 scores: {0: array([125.32152247]), 1: array([125.32672169]), 2: array([125.32351553]), 3: array([125.32096936]), 4: array([125.32912268]), 5: array([125.31481804]), 6: array([125.32239264]), 7: array([125.33237289]), 8: array([125.3276483]), 9: array([125.3235877])}
2025-05-12 11:31:55,872 - DEBUG - util_fusion - fusion_dual_defense - client 6 norm scores: {0: array([0.38191331]), 1: array([0.6780833]), 2: array([0.49544636]), 3: array([0.35040557]), 4: array([0.81485385]), 5: array([0.]), 6: array([0.4314821]), 7: array([1.]), 8: array([0.73086673]), 9: array([0.49955743])}
2025-05-12 11:31:55,872 - DEBUG - util_fusion - fusion_dual_defense - client 6 similarity threshold: 0.5382608650840369
2025-05-12 11:31:55,872 - INFO - util_fusion - fusion_dual_defense - client 6 selected fusion benigns: [1, 4, 7, 8]
2025-05-12 11:31:55,881 - DEBUG - util_fusion - fusion_dual_defense - client 7 scores: {0: array([125.32152247]), 1: array([125.32672169]), 2: array([125.32351553]), 3: array([125.32096936]), 4: array([125.32912268]), 5: array([125.31481804]), 6: array([125.32239264]), 7: array([125.33237289]), 8: array([125.3276483]), 9: array([125.3235877])}
2025-05-12 11:31:55,881 - DEBUG - util_fusion - fusion_dual_defense - client 7 norm scores: {0: array([0.38191331]), 1: array([0.6780833]), 2: array([0.49544636]), 3: array([0.35040557]), 4: array([0.81485385]), 5: array([0.]), 6: array([0.4314821]), 7: array([1.]), 8: array([0.73086673]), 9: array([0.49955743])}
2025-05-12 11:31:55,881 - DEBUG - util_fusion - fusion_dual_defense - client 7 similarity threshold: 0.5382608650840369
2025-05-12 11:31:55,881 - INFO - util_fusion - fusion_dual_defense - client 7 selected fusion benigns: [1, 4, 7, 8]
2025-05-12 11:31:55,890 - DEBUG - util_fusion - fusion_dual_defense - client 8 scores: {0: array([125.32152247]), 1: array([125.32672169]), 2: array([125.32351553]), 3: array([125.32096936]), 4: array([125.32912268]), 5: array([125.31481804]), 6: array([125.32239264]), 7: array([125.33237289]), 8: array([125.3276483]), 9: array([125.3235877])}
2025-05-12 11:31:55,890 - DEBUG - util_fusion - fusion_dual_defense - client 8 norm scores: {0: array([0.38191331]), 1: array([0.6780833]), 2: array([0.49544636]), 3: array([0.35040557]), 4: array([0.81485385]), 5: array([0.]), 6: array([0.4314821]), 7: array([1.]), 8: array([0.73086673]), 9: array([0.49955743])}
2025-05-12 11:31:55,890 - DEBUG - util_fusion - fusion_dual_defense - client 8 similarity threshold: 0.5382608650840369
2025-05-12 11:31:55,890 - INFO - util_fusion - fusion_dual_defense - client 8 selected fusion benigns: [1, 4, 7, 8]
2025-05-12 11:31:55,899 - DEBUG - util_fusion - fusion_dual_defense - client 9 scores: {0: array([125.32152247]), 1: array([125.32672169]), 2: array([125.32351553]), 3: array([125.32096936]), 4: array([125.32912268]), 5: array([125.31481804]), 6: array([125.32239264]), 7: array([125.33237289]), 8: array([125.3276483]), 9: array([125.3235877])}
2025-05-12 11:31:55,899 - DEBUG - util_fusion - fusion_dual_defense - client 9 norm scores: {0: array([0.38191331]), 1: array([0.6780833]), 2: array([0.49544636]), 3: array([0.35040557]), 4: array([0.81485385]), 5: array([0.]), 6: array([0.4314821]), 7: array([1.]), 8: array([0.73086673]), 9: array([0.49955743])}
2025-05-12 11:31:55,899 - DEBUG - util_fusion - fusion_dual_defense - client 9 similarity threshold: 0.5382608650840369
2025-05-12 11:31:55,899 - INFO - util_fusion - fusion_dual_defense - client 9 selected fusion benigns: [1, 4, 7, 8]
2025-05-12 11:31:55,899 - DEBUG - util_fusion - fusion_dual_defense - final fusion benigns: (1, 4, 7, 8)
2025-05-12 11:31:57,542 - INFO - fl - start - global side -  test accuracy: 8.92
2025-05-12 11:31:57,542 - INFO - fl - start - global side iteration 5 -  test accuracy: 8.92
2025-05-12 11:31:57,542 - INFO - fl - start - start training round 6
2025-05-12 11:31:57,544 - INFO - fl - start - round 6 attackers: [2, 3]
2025-05-12 11:31:57,544 - INFO - fl - start - start client 0 training
2025-05-12 11:31:57,544 - INFO - fl - client_local_train - client 0 start local training ...
2025-05-12 11:32:00,839 - INFO - fl - start - end client 0 training
2025-05-12 11:32:00,839 - INFO - fl - start - client 0 evaluation metrics: {'train_loss': 2.035520943502585, 'test_acc': 9.74}
2025-05-12 11:32:00,839 - INFO - fl - start - start client 1 training
2025-05-12 11:32:00,848 - INFO - fl - client_local_train - client 1 start local training ...
2025-05-12 11:32:08,924 - INFO - fl - start - end client 1 training
2025-05-12 11:32:08,924 - INFO - fl - start - client 1 evaluation metrics: {'train_loss': 2.179834446993219, 'test_acc': 9.82}
2025-05-12 11:32:08,924 - INFO - fl - start - start client 2 training
2025-05-12 11:32:08,924 - INFO - fl - client_local_train - client 2 start local training ...
2025-05-12 11:32:10,019 - INFO - fl - client_local_train - client 2 is attacker, start poisoning model
2025-05-12 11:32:13,281 - INFO - fl - start - end client 2 training
2025-05-12 11:32:13,281 - INFO - fl - start - client 2 evaluation metrics: {'train_loss': 5.356235640389579, 'test_acc': 8.92}
2025-05-12 11:32:13,281 - INFO - fl - start - start client 3 training
2025-05-12 11:32:13,281 - INFO - fl - client_local_train - client 3 start local training ...
2025-05-12 11:32:14,189 - INFO - fl - client_local_train - client 3 is attacker, start poisoning model
2025-05-12 11:32:17,339 - INFO - fl - start - end client 3 training
2025-05-12 11:32:17,340 - INFO - fl - start - client 3 evaluation metrics: {'train_loss': 11.63959159522221, 'test_acc': 9.74}
2025-05-12 11:32:17,340 - INFO - fl - start - start client 4 training
2025-05-12 11:32:17,340 - INFO - fl - client_local_train - client 4 start local training ...
2025-05-12 11:32:20,722 - INFO - fl - start - end client 4 training
2025-05-12 11:32:20,723 - INFO - fl - start - client 4 evaluation metrics: {'train_loss': 1.5480261035993987, 'test_acc': 9.57}
2025-05-12 11:32:20,723 - INFO - fl - start - start client 5 training
2025-05-12 11:32:20,723 - INFO - fl - client_local_train - client 5 start local training ...
2025-05-12 11:32:27,079 - INFO - fl - start - end client 5 training
2025-05-12 11:32:27,080 - INFO - fl - start - client 5 evaluation metrics: {'train_loss': 1.2245417708350765, 'test_acc': 10.1}
2025-05-12 11:32:27,080 - INFO - fl - start - start client 6 training
2025-05-12 11:32:27,080 - INFO - fl - client_local_train - client 6 start local training ...
2025-05-12 11:32:33,775 - INFO - fl - start - end client 6 training
2025-05-12 11:32:33,775 - INFO - fl - start - client 6 evaluation metrics: {'train_loss': 2.0183848377430076, 'test_acc': 10.28}
2025-05-12 11:32:33,775 - INFO - fl - start - start client 7 training
2025-05-12 11:32:33,776 - INFO - fl - client_local_train - client 7 start local training ...
2025-05-12 11:32:44,097 - INFO - fl - start - end client 7 training
2025-05-12 11:32:44,097 - INFO - fl - start - client 7 evaluation metrics: {'train_loss': 1.6241705406844886, 'test_acc': 10.32}
2025-05-12 11:32:44,097 - INFO - fl - start - start client 8 training
2025-05-12 11:32:44,097 - INFO - fl - client_local_train - client 8 start local training ...
2025-05-12 11:32:49,041 - INFO - fl - start - end client 8 training
2025-05-12 11:32:49,041 - INFO - fl - start - client 8 evaluation metrics: {'train_loss': 2.386714659380109, 'test_acc': 9.57}
2025-05-12 11:32:49,041 - INFO - fl - start - start client 9 training
2025-05-12 11:32:49,041 - INFO - fl - client_local_train - client 9 start local training ...
2025-05-12 11:32:52,325 - INFO - fl - start - end client 9 training
2025-05-12 11:32:52,325 - INFO - fl - start - client 9 evaluation metrics: {'train_loss': 1.7988993649681408, 'test_acc': 11.35}
2025-05-12 11:32:52,325 - INFO - fl - aggregate_model - start model aggregation...fusion method: dual_defense
2025-05-12 11:32:52,325 - INFO - fl - aggregate_model - start hyper-guard fusion with epsilon 0.01
2025-05-12 11:32:52,325 - INFO - fl - aggregate_model - round 6 attackers: [2, 3]
2025-05-12 11:33:03,102 - DEBUG - util_fusion - fusion_dual_defense - client 0 scores: {0: array([23.32572815]), 1: array([23.32495827]), 2: array([23.32605755]), 3: array([23.32594208]), 4: array([23.32610264]), 5: array([23.32537126]), 6: array([23.32516049]), 7: array([23.32435831]), 8: array([23.32572493]), 9: array([23.32601655])}
2025-05-12 11:33:03,102 - DEBUG - util_fusion - fusion_dual_defense - client 0 norm scores: {0: array([0.78530917]), 1: array([0.34394855]), 2: array([0.97415074]), 3: array([0.90795363]), 4: array([1.]), 5: array([0.5807091]), 6: array([0.45988007]), 7: array([0.]), 8: array([0.78346486]), 9: array([0.95064677])}
2025-05-12 11:33:03,102 - DEBUG - util_fusion - fusion_dual_defense - client 0 similarity threshold: 0.6786062895675637
2025-05-12 11:33:03,102 - INFO - util_fusion - fusion_dual_defense - client 0 selected fusion benigns: [0, 2, 3, 4, 8, 9]
2025-05-12 11:33:03,111 - DEBUG - util_fusion - fusion_dual_defense - client 1 scores: {0: array([23.32572815]), 1: array([23.32495827]), 2: array([23.32605755]), 3: array([23.32594208]), 4: array([23.32610264]), 5: array([23.32537126]), 6: array([23.32516049]), 7: array([23.32435831]), 8: array([23.32572493]), 9: array([23.32601655])}
2025-05-12 11:33:03,112 - DEBUG - util_fusion - fusion_dual_defense - client 1 norm scores: {0: array([0.78530917]), 1: array([0.34394855]), 2: array([0.97415074]), 3: array([0.90795363]), 4: array([1.]), 5: array([0.5807091]), 6: array([0.45988007]), 7: array([0.]), 8: array([0.78346486]), 9: array([0.95064677])}
2025-05-12 11:33:03,112 - DEBUG - util_fusion - fusion_dual_defense - client 1 similarity threshold: 0.6786062895675637
2025-05-12 11:33:03,112 - INFO - util_fusion - fusion_dual_defense - client 1 selected fusion benigns: [0, 2, 3, 4, 8, 9]
2025-05-12 11:33:03,120 - DEBUG - util_fusion - fusion_dual_defense - client 2 scores: {0: array([23.32572815]), 1: array([23.32495827]), 2: array([23.32605755]), 3: array([23.32594208]), 4: array([23.32610264]), 5: array([23.32537126]), 6: array([23.32516049]), 7: array([23.32435831]), 8: array([23.32572493]), 9: array([23.32601655])}
2025-05-12 11:33:03,121 - DEBUG - util_fusion - fusion_dual_defense - client 2 norm scores: {0: array([0.78530917]), 1: array([0.34394855]), 2: array([0.97415074]), 3: array([0.90795363]), 4: array([1.]), 5: array([0.5807091]), 6: array([0.45988007]), 7: array([0.]), 8: array([0.78346486]), 9: array([0.95064677])}
2025-05-12 11:33:03,121 - DEBUG - util_fusion - fusion_dual_defense - client 2 similarity threshold: 0.6786062895675637
2025-05-12 11:33:03,121 - INFO - util_fusion - fusion_dual_defense - client 2 selected fusion benigns: [0, 2, 3, 4, 8, 9]
2025-05-12 11:33:03,129 - DEBUG - util_fusion - fusion_dual_defense - client 3 scores: {0: array([23.32572815]), 1: array([23.32495827]), 2: array([23.32605755]), 3: array([23.32594208]), 4: array([23.32610264]), 5: array([23.32537126]), 6: array([23.32516049]), 7: array([23.32435831]), 8: array([23.32572493]), 9: array([23.32601655])}
2025-05-12 11:33:03,130 - DEBUG - util_fusion - fusion_dual_defense - client 3 norm scores: {0: array([0.78530917]), 1: array([0.34394855]), 2: array([0.97415074]), 3: array([0.90795363]), 4: array([1.]), 5: array([0.5807091]), 6: array([0.45988007]), 7: array([0.]), 8: array([0.78346486]), 9: array([0.95064677])}
2025-05-12 11:33:03,130 - DEBUG - util_fusion - fusion_dual_defense - client 3 similarity threshold: 0.6786062895675637
2025-05-12 11:33:03,130 - INFO - util_fusion - fusion_dual_defense - client 3 selected fusion benigns: [0, 2, 3, 4, 8, 9]
2025-05-12 11:33:03,138 - DEBUG - util_fusion - fusion_dual_defense - client 4 scores: {0: array([23.32572815]), 1: array([23.32495827]), 2: array([23.32605755]), 3: array([23.32594208]), 4: array([23.32610264]), 5: array([23.32537126]), 6: array([23.32516049]), 7: array([23.32435831]), 8: array([23.32572493]), 9: array([23.32601655])}
2025-05-12 11:33:03,139 - DEBUG - util_fusion - fusion_dual_defense - client 4 norm scores: {0: array([0.78530917]), 1: array([0.34394855]), 2: array([0.97415074]), 3: array([0.90795363]), 4: array([1.]), 5: array([0.5807091]), 6: array([0.45988007]), 7: array([0.]), 8: array([0.78346486]), 9: array([0.95064677])}
2025-05-12 11:33:03,139 - DEBUG - util_fusion - fusion_dual_defense - client 4 similarity threshold: 0.6786062895675637
2025-05-12 11:33:03,139 - INFO - util_fusion - fusion_dual_defense - client 4 selected fusion benigns: [0, 2, 3, 4, 8, 9]
2025-05-12 11:33:03,147 - DEBUG - util_fusion - fusion_dual_defense - client 5 scores: {0: array([23.32572815]), 1: array([23.32495827]), 2: array([23.32605755]), 3: array([23.32594208]), 4: array([23.32610264]), 5: array([23.32537126]), 6: array([23.32516049]), 7: array([23.32435831]), 8: array([23.32572493]), 9: array([23.32601655])}
2025-05-12 11:33:03,148 - DEBUG - util_fusion - fusion_dual_defense - client 5 norm scores: {0: array([0.78530917]), 1: array([0.34394855]), 2: array([0.97415074]), 3: array([0.90795363]), 4: array([1.]), 5: array([0.5807091]), 6: array([0.45988007]), 7: array([0.]), 8: array([0.78346486]), 9: array([0.95064677])}
2025-05-12 11:33:03,148 - DEBUG - util_fusion - fusion_dual_defense - client 5 similarity threshold: 0.6786062895675637
2025-05-12 11:33:03,148 - INFO - util_fusion - fusion_dual_defense - client 5 selected fusion benigns: [0, 2, 3, 4, 8, 9]
2025-05-12 11:33:03,156 - DEBUG - util_fusion - fusion_dual_defense - client 6 scores: {0: array([23.32572815]), 1: array([23.32495827]), 2: array([23.32605755]), 3: array([23.32594208]), 4: array([23.32610264]), 5: array([23.32537126]), 6: array([23.32516049]), 7: array([23.32435831]), 8: array([23.32572493]), 9: array([23.32601655])}
2025-05-12 11:33:03,157 - DEBUG - util_fusion - fusion_dual_defense - client 6 norm scores: {0: array([0.78530917]), 1: array([0.34394855]), 2: array([0.97415074]), 3: array([0.90795363]), 4: array([1.]), 5: array([0.5807091]), 6: array([0.45988007]), 7: array([0.]), 8: array([0.78346486]), 9: array([0.95064677])}
2025-05-12 11:33:03,157 - DEBUG - util_fusion - fusion_dual_defense - client 6 similarity threshold: 0.6786062895675637
2025-05-12 11:33:03,157 - INFO - util_fusion - fusion_dual_defense - client 6 selected fusion benigns: [0, 2, 3, 4, 8, 9]
2025-05-12 11:33:03,165 - DEBUG - util_fusion - fusion_dual_defense - client 7 scores: {0: array([23.32572815]), 1: array([23.32495827]), 2: array([23.32605755]), 3: array([23.32594208]), 4: array([23.32610264]), 5: array([23.32537126]), 6: array([23.32516049]), 7: array([23.32435831]), 8: array([23.32572493]), 9: array([23.32601655])}
2025-05-12 11:33:03,166 - DEBUG - util_fusion - fusion_dual_defense - client 7 norm scores: {0: array([0.78530917]), 1: array([0.34394855]), 2: array([0.97415074]), 3: array([0.90795363]), 4: array([1.]), 5: array([0.5807091]), 6: array([0.45988007]), 7: array([0.]), 8: array([0.78346486]), 9: array([0.95064677])}
2025-05-12 11:33:03,166 - DEBUG - util_fusion - fusion_dual_defense - client 7 similarity threshold: 0.6786062895675637
2025-05-12 11:33:03,166 - INFO - util_fusion - fusion_dual_defense - client 7 selected fusion benigns: [0, 2, 3, 4, 8, 9]
2025-05-12 11:33:03,174 - DEBUG - util_fusion - fusion_dual_defense - client 8 scores: {0: array([23.32572815]), 1: array([23.32495827]), 2: array([23.32605755]), 3: array([23.32594208]), 4: array([23.32610264]), 5: array([23.32537126]), 6: array([23.32516049]), 7: array([23.32435831]), 8: array([23.32572493]), 9: array([23.32601655])}
2025-05-12 11:33:03,175 - DEBUG - util_fusion - fusion_dual_defense - client 8 norm scores: {0: array([0.78530917]), 1: array([0.34394855]), 2: array([0.97415074]), 3: array([0.90795363]), 4: array([1.]), 5: array([0.5807091]), 6: array([0.45988007]), 7: array([0.]), 8: array([0.78346486]), 9: array([0.95064677])}
2025-05-12 11:33:03,175 - DEBUG - util_fusion - fusion_dual_defense - client 8 similarity threshold: 0.6786062895675637
2025-05-12 11:33:03,175 - INFO - util_fusion - fusion_dual_defense - client 8 selected fusion benigns: [0, 2, 3, 4, 8, 9]
2025-05-12 11:33:03,183 - DEBUG - util_fusion - fusion_dual_defense - client 9 scores: {0: array([23.32572815]), 1: array([23.32495827]), 2: array([23.32605755]), 3: array([23.32594208]), 4: array([23.32610264]), 5: array([23.32537126]), 6: array([23.32516049]), 7: array([23.32435831]), 8: array([23.32572493]), 9: array([23.32601655])}
2025-05-12 11:33:03,184 - DEBUG - util_fusion - fusion_dual_defense - client 9 norm scores: {0: array([0.78530917]), 1: array([0.34394855]), 2: array([0.97415074]), 3: array([0.90795363]), 4: array([1.]), 5: array([0.5807091]), 6: array([0.45988007]), 7: array([0.]), 8: array([0.78346486]), 9: array([0.95064677])}
2025-05-12 11:33:03,184 - DEBUG - util_fusion - fusion_dual_defense - client 9 similarity threshold: 0.6786062895675637
2025-05-12 11:33:03,184 - INFO - util_fusion - fusion_dual_defense - client 9 selected fusion benigns: [0, 2, 3, 4, 8, 9]
2025-05-12 11:33:03,184 - DEBUG - util_fusion - fusion_dual_defense - final fusion benigns: (0, 2, 3, 4, 8, 9)
2025-05-12 11:33:04,937 - INFO - fl - start - global side -  test accuracy: 9.74
2025-05-12 11:33:04,937 - INFO - fl - start - global side iteration 6 -  test accuracy: 9.74
2025-05-12 11:33:04,937 - INFO - fl - start - start training round 7
2025-05-12 11:33:04,939 - INFO - fl - start - round 7 attackers: [1, 3]
2025-05-12 11:33:04,939 - INFO - fl - start - start client 0 training
2025-05-12 11:33:04,939 - INFO - fl - client_local_train - client 0 start local training ...
2025-05-12 11:33:08,238 - INFO - fl - start - end client 0 training
2025-05-12 11:33:08,238 - INFO - fl - start - client 0 evaluation metrics: {'train_loss': 3.465766116976738, 'test_acc': 9.74}
2025-05-12 11:33:08,238 - INFO - fl - start - start client 1 training
2025-05-12 11:33:08,238 - INFO - fl - client_local_train - client 1 start local training ...
2025-05-12 11:33:13,581 - INFO - fl - client_local_train - client 1 is attacker, start poisoning model
2025-05-12 11:33:19,095 - INFO - fl - start - end client 1 training
2025-05-12 11:33:19,095 - INFO - fl - start - client 1 evaluation metrics: {'train_loss': 23.563986531223158, 'test_acc': 9.82}
2025-05-12 11:33:19,095 - INFO - fl - start - start client 2 training
2025-05-12 11:33:19,095 - INFO - fl - client_local_train - client 2 start local training ...
2025-05-12 11:33:21,831 - INFO - fl - start - end client 2 training
2025-05-12 11:33:21,831 - INFO - fl - start - client 2 evaluation metrics: {'train_loss': 2.0671684435435704, 'test_acc': 9.74}
2025-05-12 11:33:21,831 - INFO - fl - start - start client 3 training
2025-05-12 11:33:21,831 - INFO - fl - client_local_train - client 3 start local training ...
2025-05-12 11:33:22,741 - INFO - fl - client_local_train - client 3 is attacker, start poisoning model
2025-05-12 11:33:25,893 - INFO - fl - start - end client 3 training
2025-05-12 11:33:25,893 - INFO - fl - start - client 3 evaluation metrics: {'train_loss': 18.455926303205818, 'test_acc': 9.74}
2025-05-12 11:33:25,893 - INFO - fl - start - start client 4 training
2025-05-12 11:33:25,893 - INFO - fl - client_local_train - client 4 start local training ...
2025-05-12 11:33:29,263 - INFO - fl - start - end client 4 training
2025-05-12 11:33:29,263 - INFO - fl - start - client 4 evaluation metrics: {'train_loss': 1.6098985040889067, 'test_acc': 9.57}
2025-05-12 11:33:29,263 - INFO - fl - start - start client 5 training
2025-05-12 11:33:29,263 - INFO - fl - client_local_train - client 5 start local training ...
2025-05-12 11:33:35,650 - INFO - fl - start - end client 5 training
2025-05-12 11:33:35,650 - INFO - fl - start - client 5 evaluation metrics: {'train_loss': 2.0261728648216493, 'test_acc': 10.1}
2025-05-12 11:33:35,650 - INFO - fl - start - start client 6 training
2025-05-12 11:33:35,650 - INFO - fl - client_local_train - client 6 start local training ...
2025-05-12 11:33:42,360 - INFO - fl - start - end client 6 training
2025-05-12 11:33:42,360 - INFO - fl - start - client 6 evaluation metrics: {'train_loss': 3.6276844505107766, 'test_acc': 10.28}
2025-05-12 11:33:42,360 - INFO - fl - start - start client 7 training
2025-05-12 11:33:42,360 - INFO - fl - client_local_train - client 7 start local training ...
2025-05-12 11:33:52,681 - INFO - fl - start - end client 7 training
2025-05-12 11:33:52,681 - INFO - fl - start - client 7 evaluation metrics: {'train_loss': 1.8021735023049748, 'test_acc': 10.32}
2025-05-12 11:33:52,681 - INFO - fl - start - start client 8 training
2025-05-12 11:33:52,681 - INFO - fl - client_local_train - client 8 start local training ...
2025-05-12 11:33:57,615 - INFO - fl - start - end client 8 training
2025-05-12 11:33:57,615 - INFO - fl - start - client 8 evaluation metrics: {'train_loss': 4.43196366878038, 'test_acc': 9.57}
2025-05-12 11:33:57,615 - INFO - fl - start - start client 9 training
2025-05-12 11:33:57,615 - INFO - fl - client_local_train - client 9 start local training ...
2025-05-12 11:34:00,919 - INFO - fl - start - end client 9 training
2025-05-12 11:34:00,919 - INFO - fl - start - client 9 evaluation metrics: {'train_loss': 2.2089291711648307, 'test_acc': 11.35}
2025-05-12 11:34:00,919 - INFO - fl - aggregate_model - start model aggregation...fusion method: dual_defense
2025-05-12 11:34:00,919 - INFO - fl - aggregate_model - start hyper-guard fusion with epsilon 0.01
2025-05-12 11:34:00,919 - INFO - fl - aggregate_model - round 7 attackers: [1, 3]
2025-05-12 11:34:11,681 - DEBUG - util_fusion - fusion_dual_defense - client 0 scores: {0: array([7.03922109]), 1: array([7.0386708]), 2: array([7.03928743]), 3: array([7.03931208]), 4: array([7.03921228]), 5: array([7.03887585]), 6: array([7.03883407]), 7: array([7.03840756]), 8: array([7.03904279]), 9: array([7.03922448])}
2025-05-12 11:34:11,681 - DEBUG - util_fusion - fusion_dual_defense - client 0 norm scores: {0: array([0.899406]), 1: array([0.29102431]), 2: array([0.97274248]), 3: array([1.]), 4: array([0.8896606]), 5: array([0.51772444]), 6: array([0.4715306]), 7: array([0.]), 8: array([0.70227796]), 9: array([0.90314712])}
2025-05-12 11:34:11,681 - DEBUG - util_fusion - fusion_dual_defense - client 0 similarity threshold: 0.6647513513499574
2025-05-12 11:34:11,681 - INFO - util_fusion - fusion_dual_defense - client 0 selected fusion benigns: [0, 2, 3, 4, 8, 9]
2025-05-12 11:34:11,690 - DEBUG - util_fusion - fusion_dual_defense - client 1 scores: {0: array([7.03922109]), 1: array([7.0386708]), 2: array([7.03928743]), 3: array([7.03931208]), 4: array([7.03921228]), 5: array([7.03887585]), 6: array([7.03883407]), 7: array([7.03840756]), 8: array([7.03904279]), 9: array([7.03922448])}
2025-05-12 11:34:11,691 - DEBUG - util_fusion - fusion_dual_defense - client 1 norm scores: {0: array([0.899406]), 1: array([0.29102431]), 2: array([0.97274248]), 3: array([1.]), 4: array([0.8896606]), 5: array([0.51772444]), 6: array([0.4715306]), 7: array([0.]), 8: array([0.70227796]), 9: array([0.90314712])}
2025-05-12 11:34:11,691 - DEBUG - util_fusion - fusion_dual_defense - client 1 similarity threshold: 0.6647513513499574
2025-05-12 11:34:11,691 - INFO - util_fusion - fusion_dual_defense - client 1 selected fusion benigns: [0, 2, 3, 4, 8, 9]
2025-05-12 11:34:11,699 - DEBUG - util_fusion - fusion_dual_defense - client 2 scores: {0: array([7.03922109]), 1: array([7.0386708]), 2: array([7.03928743]), 3: array([7.03931208]), 4: array([7.03921228]), 5: array([7.03887585]), 6: array([7.03883407]), 7: array([7.03840756]), 8: array([7.03904279]), 9: array([7.03922448])}
2025-05-12 11:34:11,700 - DEBUG - util_fusion - fusion_dual_defense - client 2 norm scores: {0: array([0.899406]), 1: array([0.29102431]), 2: array([0.97274248]), 3: array([1.]), 4: array([0.8896606]), 5: array([0.51772444]), 6: array([0.4715306]), 7: array([0.]), 8: array([0.70227796]), 9: array([0.90314712])}
2025-05-12 11:34:11,700 - DEBUG - util_fusion - fusion_dual_defense - client 2 similarity threshold: 0.6647513513499574
2025-05-12 11:34:11,700 - INFO - util_fusion - fusion_dual_defense - client 2 selected fusion benigns: [0, 2, 3, 4, 8, 9]
2025-05-12 11:34:11,708 - DEBUG - util_fusion - fusion_dual_defense - client 3 scores: {0: array([7.03922109]), 1: array([7.0386708]), 2: array([7.03928743]), 3: array([7.03931208]), 4: array([7.03921228]), 5: array([7.03887585]), 6: array([7.03883407]), 7: array([7.03840756]), 8: array([7.03904279]), 9: array([7.03922448])}
2025-05-12 11:34:11,709 - DEBUG - util_fusion - fusion_dual_defense - client 3 norm scores: {0: array([0.899406]), 1: array([0.29102431]), 2: array([0.97274248]), 3: array([1.]), 4: array([0.8896606]), 5: array([0.51772444]), 6: array([0.4715306]), 7: array([0.]), 8: array([0.70227796]), 9: array([0.90314712])}
2025-05-12 11:34:11,709 - DEBUG - util_fusion - fusion_dual_defense - client 3 similarity threshold: 0.6647513513499574
2025-05-12 11:34:11,709 - INFO - util_fusion - fusion_dual_defense - client 3 selected fusion benigns: [0, 2, 3, 4, 8, 9]
2025-05-12 11:34:11,717 - DEBUG - util_fusion - fusion_dual_defense - client 4 scores: {0: array([7.03922109]), 1: array([7.0386708]), 2: array([7.03928743]), 3: array([7.03931208]), 4: array([7.03921228]), 5: array([7.03887585]), 6: array([7.03883407]), 7: array([7.03840756]), 8: array([7.03904279]), 9: array([7.03922448])}
2025-05-12 11:34:11,718 - DEBUG - util_fusion - fusion_dual_defense - client 4 norm scores: {0: array([0.899406]), 1: array([0.29102431]), 2: array([0.97274248]), 3: array([1.]), 4: array([0.8896606]), 5: array([0.51772444]), 6: array([0.4715306]), 7: array([0.]), 8: array([0.70227796]), 9: array([0.90314712])}
2025-05-12 11:34:11,718 - DEBUG - util_fusion - fusion_dual_defense - client 4 similarity threshold: 0.6647513513499574
2025-05-12 11:34:11,718 - INFO - util_fusion - fusion_dual_defense - client 4 selected fusion benigns: [0, 2, 3, 4, 8, 9]
2025-05-12 11:34:11,726 - DEBUG - util_fusion - fusion_dual_defense - client 5 scores: {0: array([7.03922109]), 1: array([7.0386708]), 2: array([7.03928743]), 3: array([7.03931208]), 4: array([7.03921228]), 5: array([7.03887585]), 6: array([7.03883407]), 7: array([7.03840756]), 8: array([7.03904279]), 9: array([7.03922448])}
2025-05-12 11:34:11,727 - DEBUG - util_fusion - fusion_dual_defense - client 5 norm scores: {0: array([0.899406]), 1: array([0.29102431]), 2: array([0.97274248]), 3: array([1.]), 4: array([0.8896606]), 5: array([0.51772444]), 6: array([0.4715306]), 7: array([0.]), 8: array([0.70227796]), 9: array([0.90314712])}
2025-05-12 11:34:11,727 - DEBUG - util_fusion - fusion_dual_defense - client 5 similarity threshold: 0.6647513513499574
2025-05-12 11:34:11,727 - INFO - util_fusion - fusion_dual_defense - client 5 selected fusion benigns: [0, 2, 3, 4, 8, 9]
2025-05-12 11:34:11,735 - DEBUG - util_fusion - fusion_dual_defense - client 6 scores: {0: array([7.03922109]), 1: array([7.0386708]), 2: array([7.03928743]), 3: array([7.03931208]), 4: array([7.03921228]), 5: array([7.03887585]), 6: array([7.03883407]), 7: array([7.03840756]), 8: array([7.03904279]), 9: array([7.03922448])}
2025-05-12 11:34:11,736 - DEBUG - util_fusion - fusion_dual_defense - client 6 norm scores: {0: array([0.899406]), 1: array([0.29102431]), 2: array([0.97274248]), 3: array([1.]), 4: array([0.8896606]), 5: array([0.51772444]), 6: array([0.4715306]), 7: array([0.]), 8: array([0.70227796]), 9: array([0.90314712])}
2025-05-12 11:34:11,736 - DEBUG - util_fusion - fusion_dual_defense - client 6 similarity threshold: 0.6647513513499574
2025-05-12 11:34:11,736 - INFO - util_fusion - fusion_dual_defense - client 6 selected fusion benigns: [0, 2, 3, 4, 8, 9]
2025-05-12 11:34:11,744 - DEBUG - util_fusion - fusion_dual_defense - client 7 scores: {0: array([7.03922109]), 1: array([7.0386708]), 2: array([7.03928743]), 3: array([7.03931208]), 4: array([7.03921228]), 5: array([7.03887585]), 6: array([7.03883407]), 7: array([7.03840756]), 8: array([7.03904279]), 9: array([7.03922448])}
2025-05-12 11:34:11,745 - DEBUG - util_fusion - fusion_dual_defense - client 7 norm scores: {0: array([0.899406]), 1: array([0.29102431]), 2: array([0.97274248]), 3: array([1.]), 4: array([0.8896606]), 5: array([0.51772444]), 6: array([0.4715306]), 7: array([0.]), 8: array([0.70227796]), 9: array([0.90314712])}
2025-05-12 11:34:11,745 - DEBUG - util_fusion - fusion_dual_defense - client 7 similarity threshold: 0.6647513513499574
2025-05-12 11:34:11,745 - INFO - util_fusion - fusion_dual_defense - client 7 selected fusion benigns: [0, 2, 3, 4, 8, 9]
2025-05-12 11:34:11,753 - DEBUG - util_fusion - fusion_dual_defense - client 8 scores: {0: array([7.03922109]), 1: array([7.0386708]), 2: array([7.03928743]), 3: array([7.03931208]), 4: array([7.03921228]), 5: array([7.03887585]), 6: array([7.03883407]), 7: array([7.03840756]), 8: array([7.03904279]), 9: array([7.03922448])}
2025-05-12 11:34:11,754 - DEBUG - util_fusion - fusion_dual_defense - client 8 norm scores: {0: array([0.899406]), 1: array([0.29102431]), 2: array([0.97274248]), 3: array([1.]), 4: array([0.8896606]), 5: array([0.51772444]), 6: array([0.4715306]), 7: array([0.]), 8: array([0.70227796]), 9: array([0.90314712])}
2025-05-12 11:34:11,754 - DEBUG - util_fusion - fusion_dual_defense - client 8 similarity threshold: 0.6647513513499574
2025-05-12 11:34:11,754 - INFO - util_fusion - fusion_dual_defense - client 8 selected fusion benigns: [0, 2, 3, 4, 8, 9]
2025-05-12 11:34:11,762 - DEBUG - util_fusion - fusion_dual_defense - client 9 scores: {0: array([7.03922109]), 1: array([7.0386708]), 2: array([7.03928743]), 3: array([7.03931208]), 4: array([7.03921228]), 5: array([7.03887585]), 6: array([7.03883407]), 7: array([7.03840756]), 8: array([7.03904279]), 9: array([7.03922448])}
2025-05-12 11:34:11,763 - DEBUG - util_fusion - fusion_dual_defense - client 9 norm scores: {0: array([0.899406]), 1: array([0.29102431]), 2: array([0.97274248]), 3: array([1.]), 4: array([0.8896606]), 5: array([0.51772444]), 6: array([0.4715306]), 7: array([0.]), 8: array([0.70227796]), 9: array([0.90314712])}
2025-05-12 11:34:11,763 - DEBUG - util_fusion - fusion_dual_defense - client 9 similarity threshold: 0.6647513513499574
2025-05-12 11:34:11,763 - INFO - util_fusion - fusion_dual_defense - client 9 selected fusion benigns: [0, 2, 3, 4, 8, 9]
2025-05-12 11:34:11,763 - DEBUG - util_fusion - fusion_dual_defense - final fusion benigns: (0, 2, 3, 4, 8, 9)
2025-05-12 11:34:13,521 - INFO - fl - start - global side -  test accuracy: 9.74
2025-05-12 11:34:13,521 - INFO - fl - start - global side iteration 7 -  test accuracy: 9.74
2025-05-12 11:34:13,521 - INFO - fl - start - start training round 8
2025-05-12 11:34:13,523 - INFO - fl - start - round 8 attackers: [8, 5]
2025-05-12 11:34:13,523 - INFO - fl - start - start client 0 training
2025-05-12 11:34:13,523 - INFO - fl - client_local_train - client 0 start local training ...
2025-05-12 11:34:16,807 - INFO - fl - start - end client 0 training
2025-05-12 11:34:16,807 - INFO - fl - start - client 0 evaluation metrics: {'train_loss': 4.557071387767792, 'test_acc': 9.74}
2025-05-12 11:34:16,807 - INFO - fl - start - start client 1 training
2025-05-12 11:34:16,807 - INFO - fl - client_local_train - client 1 start local training ...
2025-05-12 11:34:24,902 - INFO - fl - start - end client 1 training
2025-05-12 11:34:24,902 - INFO - fl - start - client 1 evaluation metrics: {'train_loss': 6.8001946340124295, 'test_acc': 9.82}
2025-05-12 11:34:24,903 - INFO - fl - start - start client 2 training
2025-05-12 11:34:24,903 - INFO - fl - client_local_train - client 2 start local training ...
2025-05-12 11:34:27,625 - INFO - fl - start - end client 2 training
2025-05-12 11:34:27,625 - INFO - fl - start - client 2 evaluation metrics: {'train_loss': 1.858993969644819, 'test_acc': 9.82}
2025-05-12 11:34:27,625 - INFO - fl - start - start client 3 training
2025-05-12 11:34:27,625 - INFO - fl - client_local_train - client 3 start local training ...
2025-05-12 11:34:30,108 - INFO - fl - start - end client 3 training
2025-05-12 11:34:30,108 - INFO - fl - start - client 3 evaluation metrics: {'train_loss': 3.298353096534466, 'test_acc': 9.74}
2025-05-12 11:34:30,108 - INFO - fl - start - start client 4 training
2025-05-12 11:34:30,108 - INFO - fl - client_local_train - client 4 start local training ...
2025-05-12 11:34:33,490 - INFO - fl - start - end client 4 training
2025-05-12 11:34:33,490 - INFO - fl - start - client 4 evaluation metrics: {'train_loss': 1.5604832102270687, 'test_acc': 9.57}
2025-05-12 11:34:33,490 - INFO - fl - start - start client 5 training
2025-05-12 11:34:33,490 - INFO - fl - client_local_train - client 5 start local training ...
2025-05-12 11:34:37,464 - INFO - fl - client_local_train - client 5 is attacker, start poisoning model
2025-05-12 11:34:42,256 - INFO - fl - start - end client 5 training
2025-05-12 11:34:42,256 - INFO - fl - start - client 5 evaluation metrics: {'train_loss': 68.36762889739006, 'test_acc': 11.35}
2025-05-12 11:34:42,256 - INFO - fl - start - start client 6 training
2025-05-12 11:34:42,256 - INFO - fl - client_local_train - client 6 start local training ...
2025-05-12 11:34:48,954 - INFO - fl - start - end client 6 training
2025-05-12 11:34:48,954 - INFO - fl - start - client 6 evaluation metrics: {'train_loss': 5.227609632593213, 'test_acc': 10.28}
2025-05-12 11:34:48,954 - INFO - fl - start - start client 7 training
2025-05-12 11:34:48,954 - INFO - fl - client_local_train - client 7 start local training ...
2025-05-12 11:34:59,294 - INFO - fl - start - end client 7 training
2025-05-12 11:34:59,294 - INFO - fl - start - client 7 evaluation metrics: {'train_loss': 1.9540836018135106, 'test_acc': 10.32}
2025-05-12 11:34:59,294 - INFO - fl - start - start client 8 training
2025-05-12 11:34:59,294 - INFO - fl - client_local_train - client 8 start local training ...
2025-05-12 11:35:02,132 - INFO - fl - client_local_train - client 8 is attacker, start poisoning model
2025-05-12 11:35:06,318 - INFO - fl - start - end client 8 training
2025-05-12 11:35:06,318 - INFO - fl - start - client 8 evaluation metrics: {'train_loss': 48.38123698716753, 'test_acc': 9.57}
2025-05-12 11:35:06,318 - INFO - fl - start - start client 9 training
2025-05-12 11:35:06,318 - INFO - fl - client_local_train - client 9 start local training ...
2025-05-12 11:35:09,588 - INFO - fl - start - end client 9 training
2025-05-12 11:35:09,588 - INFO - fl - start - client 9 evaluation metrics: {'train_loss': 2.422625561555227, 'test_acc': 11.35}
2025-05-12 11:35:09,588 - INFO - fl - aggregate_model - start model aggregation...fusion method: dual_defense
2025-05-12 11:35:09,588 - INFO - fl - aggregate_model - start hyper-guard fusion with epsilon 0.01
2025-05-12 11:35:09,589 - INFO - fl - aggregate_model - round 8 attackers: [8, 5]
2025-05-12 11:35:20,354 - DEBUG - util_fusion - fusion_dual_defense - client 0 scores: {0: array([15.45380594]), 1: array([15.45364143]), 2: array([15.45382751]), 3: array([15.45384842]), 4: array([15.45379464]), 5: array([15.45364659]), 6: array([15.45364324]), 7: array([15.45366184]), 8: array([15.45371082]), 9: array([15.45379987])}
2025-05-12 11:35:20,354 - DEBUG - util_fusion - fusion_dual_defense - client 0 norm scores: {0: array([0.79476251]), 1: array([0.]), 2: array([0.89895126]), 3: array([1.]), 4: array([0.7401827]), 5: array([0.02493629]), 6: array([0.00874395]), 7: array([0.09860944]), 8: array([0.33525169]), 9: array([0.76545306])}
2025-05-12 11:35:20,355 - DEBUG - util_fusion - fusion_dual_defense - client 0 similarity threshold: 0.4666890898463766
2025-05-12 11:35:20,355 - INFO - util_fusion - fusion_dual_defense - client 0 selected fusion benigns: [0, 2, 3, 4, 9]
2025-05-12 11:35:20,363 - DEBUG - util_fusion - fusion_dual_defense - client 1 scores: {0: array([15.45380594]), 1: array([15.45364143]), 2: array([15.45382751]), 3: array([15.45384842]), 4: array([15.45379464]), 5: array([15.45364659]), 6: array([15.45364324]), 7: array([15.45366184]), 8: array([15.45371082]), 9: array([15.45379987])}
2025-05-12 11:35:20,364 - DEBUG - util_fusion - fusion_dual_defense - client 1 norm scores: {0: array([0.79476251]), 1: array([0.]), 2: array([0.89895126]), 3: array([1.]), 4: array([0.7401827]), 5: array([0.02493629]), 6: array([0.00874395]), 7: array([0.09860944]), 8: array([0.33525169]), 9: array([0.76545306])}
2025-05-12 11:35:20,364 - DEBUG - util_fusion - fusion_dual_defense - client 1 similarity threshold: 0.4666890898463766
2025-05-12 11:35:20,364 - INFO - util_fusion - fusion_dual_defense - client 1 selected fusion benigns: [0, 2, 3, 4, 9]
2025-05-12 11:35:20,374 - DEBUG - util_fusion - fusion_dual_defense - client 2 scores: {0: array([15.45380594]), 1: array([15.45364143]), 2: array([15.45382751]), 3: array([15.45384842]), 4: array([15.45379464]), 5: array([15.45364659]), 6: array([15.45364324]), 7: array([15.45366184]), 8: array([15.45371082]), 9: array([15.45379987])}
2025-05-12 11:35:20,375 - DEBUG - util_fusion - fusion_dual_defense - client 2 norm scores: {0: array([0.79476251]), 1: array([0.]), 2: array([0.89895126]), 3: array([1.]), 4: array([0.7401827]), 5: array([0.02493629]), 6: array([0.00874395]), 7: array([0.09860944]), 8: array([0.33525169]), 9: array([0.76545306])}
2025-05-12 11:35:20,375 - DEBUG - util_fusion - fusion_dual_defense - client 2 similarity threshold: 0.4666890898463766
2025-05-12 11:35:20,375 - INFO - util_fusion - fusion_dual_defense - client 2 selected fusion benigns: [0, 2, 3, 4, 9]
2025-05-12 11:35:20,383 - DEBUG - util_fusion - fusion_dual_defense - client 3 scores: {0: array([15.45380594]), 1: array([15.45364143]), 2: array([15.45382751]), 3: array([15.45384842]), 4: array([15.45379464]), 5: array([15.45364659]), 6: array([15.45364324]), 7: array([15.45366184]), 8: array([15.45371082]), 9: array([15.45379987])}
2025-05-12 11:35:20,384 - DEBUG - util_fusion - fusion_dual_defense - client 3 norm scores: {0: array([0.79476251]), 1: array([0.]), 2: array([0.89895126]), 3: array([1.]), 4: array([0.7401827]), 5: array([0.02493629]), 6: array([0.00874395]), 7: array([0.09860944]), 8: array([0.33525169]), 9: array([0.76545306])}
2025-05-12 11:35:20,384 - DEBUG - util_fusion - fusion_dual_defense - client 3 similarity threshold: 0.4666890898463766
2025-05-12 11:35:20,384 - INFO - util_fusion - fusion_dual_defense - client 3 selected fusion benigns: [0, 2, 3, 4, 9]
2025-05-12 11:35:20,392 - DEBUG - util_fusion - fusion_dual_defense - client 4 scores: {0: array([15.45380594]), 1: array([15.45364143]), 2: array([15.45382751]), 3: array([15.45384842]), 4: array([15.45379464]), 5: array([15.45364659]), 6: array([15.45364324]), 7: array([15.45366184]), 8: array([15.45371082]), 9: array([15.45379987])}
2025-05-12 11:35:20,393 - DEBUG - util_fusion - fusion_dual_defense - client 4 norm scores: {0: array([0.79476251]), 1: array([0.]), 2: array([0.89895126]), 3: array([1.]), 4: array([0.7401827]), 5: array([0.02493629]), 6: array([0.00874395]), 7: array([0.09860944]), 8: array([0.33525169]), 9: array([0.76545306])}
2025-05-12 11:35:20,393 - DEBUG - util_fusion - fusion_dual_defense - client 4 similarity threshold: 0.4666890898463766
2025-05-12 11:35:20,393 - INFO - util_fusion - fusion_dual_defense - client 4 selected fusion benigns: [0, 2, 3, 4, 9]
2025-05-12 11:35:20,401 - DEBUG - util_fusion - fusion_dual_defense - client 5 scores: {0: array([15.45380594]), 1: array([15.45364143]), 2: array([15.45382751]), 3: array([15.45384842]), 4: array([15.45379464]), 5: array([15.45364659]), 6: array([15.45364324]), 7: array([15.45366184]), 8: array([15.45371082]), 9: array([15.45379987])}
2025-05-12 11:35:20,402 - DEBUG - util_fusion - fusion_dual_defense - client 5 norm scores: {0: array([0.79476251]), 1: array([0.]), 2: array([0.89895126]), 3: array([1.]), 4: array([0.7401827]), 5: array([0.02493629]), 6: array([0.00874395]), 7: array([0.09860944]), 8: array([0.33525169]), 9: array([0.76545306])}
2025-05-12 11:35:20,402 - DEBUG - util_fusion - fusion_dual_defense - client 5 similarity threshold: 0.4666890898463766
2025-05-12 11:35:20,402 - INFO - util_fusion - fusion_dual_defense - client 5 selected fusion benigns: [0, 2, 3, 4, 9]
2025-05-12 11:35:20,410 - DEBUG - util_fusion - fusion_dual_defense - client 6 scores: {0: array([15.45380594]), 1: array([15.45364143]), 2: array([15.45382751]), 3: array([15.45384842]), 4: array([15.45379464]), 5: array([15.45364659]), 6: array([15.45364324]), 7: array([15.45366184]), 8: array([15.45371082]), 9: array([15.45379987])}
2025-05-12 11:35:20,411 - DEBUG - util_fusion - fusion_dual_defense - client 6 norm scores: {0: array([0.79476251]), 1: array([0.]), 2: array([0.89895126]), 3: array([1.]), 4: array([0.7401827]), 5: array([0.02493629]), 6: array([0.00874395]), 7: array([0.09860944]), 8: array([0.33525169]), 9: array([0.76545306])}
2025-05-12 11:35:20,411 - DEBUG - util_fusion - fusion_dual_defense - client 6 similarity threshold: 0.4666890898463766
2025-05-12 11:35:20,411 - INFO - util_fusion - fusion_dual_defense - client 6 selected fusion benigns: [0, 2, 3, 4, 9]
2025-05-12 11:35:20,419 - DEBUG - util_fusion - fusion_dual_defense - client 7 scores: {0: array([15.45380594]), 1: array([15.45364143]), 2: array([15.45382751]), 3: array([15.45384842]), 4: array([15.45379464]), 5: array([15.45364659]), 6: array([15.45364324]), 7: array([15.45366184]), 8: array([15.45371082]), 9: array([15.45379987])}
2025-05-12 11:35:20,420 - DEBUG - util_fusion - fusion_dual_defense - client 7 norm scores: {0: array([0.79476251]), 1: array([0.]), 2: array([0.89895126]), 3: array([1.]), 4: array([0.7401827]), 5: array([0.02493629]), 6: array([0.00874395]), 7: array([0.09860944]), 8: array([0.33525169]), 9: array([0.76545306])}
2025-05-12 11:35:20,420 - DEBUG - util_fusion - fusion_dual_defense - client 7 similarity threshold: 0.4666890898463766
2025-05-12 11:35:20,420 - INFO - util_fusion - fusion_dual_defense - client 7 selected fusion benigns: [0, 2, 3, 4, 9]
2025-05-12 11:35:20,428 - DEBUG - util_fusion - fusion_dual_defense - client 8 scores: {0: array([15.45380594]), 1: array([15.45364143]), 2: array([15.45382751]), 3: array([15.45384842]), 4: array([15.45379464]), 5: array([15.45364659]), 6: array([15.45364324]), 7: array([15.45366184]), 8: array([15.45371082]), 9: array([15.45379987])}
2025-05-12 11:35:20,429 - DEBUG - util_fusion - fusion_dual_defense - client 8 norm scores: {0: array([0.79476251]), 1: array([0.]), 2: array([0.89895126]), 3: array([1.]), 4: array([0.7401827]), 5: array([0.02493629]), 6: array([0.00874395]), 7: array([0.09860944]), 8: array([0.33525169]), 9: array([0.76545306])}
2025-05-12 11:35:20,429 - DEBUG - util_fusion - fusion_dual_defense - client 8 similarity threshold: 0.4666890898463766
2025-05-12 11:35:20,429 - INFO - util_fusion - fusion_dual_defense - client 8 selected fusion benigns: [0, 2, 3, 4, 9]
2025-05-12 11:35:20,437 - DEBUG - util_fusion - fusion_dual_defense - client 9 scores: {0: array([15.45380594]), 1: array([15.45364143]), 2: array([15.45382751]), 3: array([15.45384842]), 4: array([15.45379464]), 5: array([15.45364659]), 6: array([15.45364324]), 7: array([15.45366184]), 8: array([15.45371082]), 9: array([15.45379987])}
2025-05-12 11:35:20,438 - DEBUG - util_fusion - fusion_dual_defense - client 9 norm scores: {0: array([0.79476251]), 1: array([0.]), 2: array([0.89895126]), 3: array([1.]), 4: array([0.7401827]), 5: array([0.02493629]), 6: array([0.00874395]), 7: array([0.09860944]), 8: array([0.33525169]), 9: array([0.76545306])}
2025-05-12 11:35:20,438 - DEBUG - util_fusion - fusion_dual_defense - client 9 similarity threshold: 0.4666890898463766
2025-05-12 11:35:20,438 - INFO - util_fusion - fusion_dual_defense - client 9 selected fusion benigns: [0, 2, 3, 4, 9]
2025-05-12 11:35:20,438 - DEBUG - util_fusion - fusion_dual_defense - final fusion benigns: (0, 2, 3, 4, 9)
2025-05-12 11:35:22,133 - INFO - fl - start - global side -  test accuracy: 9.74
2025-05-12 11:35:22,133 - INFO - fl - start - global side iteration 8 -  test accuracy: 9.74
2025-05-12 11:35:22,134 - INFO - fl - start - start training round 9
2025-05-12 11:35:22,135 - INFO - fl - start - round 9 attackers: [7, 4]
2025-05-12 11:35:22,136 - INFO - fl - start - start client 0 training
2025-05-12 11:35:22,136 - INFO - fl - client_local_train - client 0 start local training ...
2025-05-12 11:35:25,429 - INFO - fl - start - end client 0 training
2025-05-12 11:35:25,429 - INFO - fl - start - client 0 evaluation metrics: {'train_loss': 3.999272957444191, 'test_acc': 9.74}
2025-05-12 11:35:25,429 - INFO - fl - start - start client 1 training
2025-05-12 11:35:25,429 - INFO - fl - client_local_train - client 1 start local training ...
2025-05-12 11:35:33,470 - INFO - fl - start - end client 1 training
2025-05-12 11:35:33,470 - INFO - fl - start - client 1 evaluation metrics: {'train_loss': 6.593693164457758, 'test_acc': 9.82}
2025-05-12 11:35:33,470 - INFO - fl - start - start client 2 training
2025-05-12 11:35:33,470 - INFO - fl - client_local_train - client 2 start local training ...
2025-05-12 11:35:36,186 - INFO - fl - start - end client 2 training
2025-05-12 11:35:36,187 - INFO - fl - start - client 2 evaluation metrics: {'train_loss': 1.4402784517833165, 'test_acc': 11.35}
2025-05-12 11:35:36,187 - INFO - fl - start - start client 3 training
2025-05-12 11:35:36,187 - INFO - fl - client_local_train - client 3 start local training ...
2025-05-12 11:35:38,676 - INFO - fl - start - end client 3 training
2025-05-12 11:35:38,676 - INFO - fl - start - client 3 evaluation metrics: {'train_loss': 2.734866006620999, 'test_acc': 9.74}
2025-05-12 11:35:38,676 - INFO - fl - start - start client 4 training
2025-05-12 11:35:38,676 - INFO - fl - client_local_train - client 4 start local training ...
2025-05-12 11:35:40,291 - INFO - fl - client_local_train - client 4 is attacker, start poisoning model
2025-05-12 11:35:43,822 - INFO - fl - start - end client 4 training
2025-05-12 11:35:43,822 - INFO - fl - start - client 4 evaluation metrics: {'train_loss': 5.783712602129169, 'test_acc': 9.57}
2025-05-12 11:35:43,822 - INFO - fl - start - start client 5 training
2025-05-12 11:35:43,822 - INFO - fl - client_local_train - client 5 start local training ...
2025-05-12 11:35:50,160 - INFO - fl - start - end client 5 training
2025-05-12 11:35:50,160 - INFO - fl - start - client 5 evaluation metrics: {'train_loss': 9.659143078711725, 'test_acc': 11.35}
2025-05-12 11:35:50,160 - INFO - fl - start - start client 6 training
2025-05-12 11:35:50,160 - INFO - fl - client_local_train - client 6 start local training ...
2025-05-12 11:35:56,853 - INFO - fl - start - end client 6 training
2025-05-12 11:35:56,853 - INFO - fl - start - client 6 evaluation metrics: {'train_loss': 5.1571536479574265, 'test_acc': 10.28}
2025-05-12 11:35:56,853 - INFO - fl - start - start client 7 training
2025-05-12 11:35:56,853 - INFO - fl - client_local_train - client 7 start local training ...
2025-05-12 11:36:03,955 - INFO - fl - client_local_train - client 7 is attacker, start poisoning model
2025-05-12 11:36:10,414 - INFO - fl - start - end client 7 training
2025-05-12 11:36:10,414 - INFO - fl - start - client 7 evaluation metrics: {'train_loss': 6.406155687651483, 'test_acc': 10.32}
2025-05-12 11:36:10,414 - INFO - fl - start - start client 8 training
2025-05-12 11:36:10,414 - INFO - fl - client_local_train - client 8 start local training ...
2025-05-12 11:36:15,391 - INFO - fl - start - end client 8 training
2025-05-12 11:36:15,391 - INFO - fl - start - client 8 evaluation metrics: {'train_loss': 6.4484402838717685, 'test_acc': 9.57}
2025-05-12 11:36:15,391 - INFO - fl - start - start client 9 training
2025-05-12 11:36:15,391 - INFO - fl - client_local_train - client 9 start local training ...
2025-05-12 11:36:18,675 - INFO - fl - start - end client 9 training
2025-05-12 11:36:18,675 - INFO - fl - start - client 9 evaluation metrics: {'train_loss': 2.219144423802694, 'test_acc': 11.35}
2025-05-12 11:36:18,675 - INFO - fl - aggregate_model - start model aggregation...fusion method: dual_defense
2025-05-12 11:36:18,675 - INFO - fl - aggregate_model - start hyper-guard fusion with epsilon 0.01
2025-05-12 11:36:18,675 - INFO - fl - aggregate_model - round 9 attackers: [4, 7]
2025-05-12 11:36:29,450 - DEBUG - util_fusion - fusion_dual_defense - client 0 scores: {0: array([103.83113485]), 1: array([103.83069722]), 2: array([103.83130064]), 3: array([103.83141156]), 4: array([103.83112718]), 5: array([103.83069953]), 6: array([103.83072348]), 7: array([103.83120868]), 8: array([103.83066135]), 9: array([103.83116627])}
2025-05-12 11:36:29,450 - DEBUG - util_fusion - fusion_dual_defense - client 0 norm scores: {0: array([0.63115235]), 1: array([0.04780415]), 2: array([0.85213894]), 3: array([1.]), 4: array([0.62092761]), 5: array([0.05089165]), 6: array([0.08280956]), 7: array([0.72956694]), 8: array([0.]), 9: array([0.67303837])}
2025-05-12 11:36:29,451 - DEBUG - util_fusion - fusion_dual_defense - client 0 similarity threshold: 0.4688329575691079
2025-05-12 11:36:29,451 - INFO - util_fusion - fusion_dual_defense - client 0 selected fusion benigns: [0, 2, 3, 4, 7, 9]
2025-05-12 11:36:29,459 - DEBUG - util_fusion - fusion_dual_defense - client 1 scores: {0: array([103.83113485]), 1: array([103.83069722]), 2: array([103.83130064]), 3: array([103.83141156]), 4: array([103.83112718]), 5: array([103.83069953]), 6: array([103.83072348]), 7: array([103.83120868]), 8: array([103.83066135]), 9: array([103.83116627])}
2025-05-12 11:36:29,460 - DEBUG - util_fusion - fusion_dual_defense - client 1 norm scores: {0: array([0.63115235]), 1: array([0.04780415]), 2: array([0.85213894]), 3: array([1.]), 4: array([0.62092761]), 5: array([0.05089165]), 6: array([0.08280956]), 7: array([0.72956694]), 8: array([0.]), 9: array([0.67303837])}
2025-05-12 11:36:29,460 - DEBUG - util_fusion - fusion_dual_defense - client 1 similarity threshold: 0.4688329575691079
2025-05-12 11:36:29,460 - INFO - util_fusion - fusion_dual_defense - client 1 selected fusion benigns: [0, 2, 3, 4, 7, 9]
2025-05-12 11:36:29,468 - DEBUG - util_fusion - fusion_dual_defense - client 2 scores: {0: array([103.83113485]), 1: array([103.83069722]), 2: array([103.83130064]), 3: array([103.83141156]), 4: array([103.83112718]), 5: array([103.83069953]), 6: array([103.83072348]), 7: array([103.83120868]), 8: array([103.83066135]), 9: array([103.83116627])}
2025-05-12 11:36:29,469 - DEBUG - util_fusion - fusion_dual_defense - client 2 norm scores: {0: array([0.63115235]), 1: array([0.04780415]), 2: array([0.85213894]), 3: array([1.]), 4: array([0.62092761]), 5: array([0.05089165]), 6: array([0.08280956]), 7: array([0.72956694]), 8: array([0.]), 9: array([0.67303837])}
2025-05-12 11:36:29,469 - DEBUG - util_fusion - fusion_dual_defense - client 2 similarity threshold: 0.4688329575691079
2025-05-12 11:36:29,469 - INFO - util_fusion - fusion_dual_defense - client 2 selected fusion benigns: [0, 2, 3, 4, 7, 9]
2025-05-12 11:36:29,477 - DEBUG - util_fusion - fusion_dual_defense - client 3 scores: {0: array([103.83113485]), 1: array([103.83069722]), 2: array([103.83130064]), 3: array([103.83141156]), 4: array([103.83112718]), 5: array([103.83069953]), 6: array([103.83072348]), 7: array([103.83120868]), 8: array([103.83066135]), 9: array([103.83116627])}
2025-05-12 11:36:29,478 - DEBUG - util_fusion - fusion_dual_defense - client 3 norm scores: {0: array([0.63115235]), 1: array([0.04780415]), 2: array([0.85213894]), 3: array([1.]), 4: array([0.62092761]), 5: array([0.05089165]), 6: array([0.08280956]), 7: array([0.72956694]), 8: array([0.]), 9: array([0.67303837])}
2025-05-12 11:36:29,478 - DEBUG - util_fusion - fusion_dual_defense - client 3 similarity threshold: 0.4688329575691079
2025-05-12 11:36:29,478 - INFO - util_fusion - fusion_dual_defense - client 3 selected fusion benigns: [0, 2, 3, 4, 7, 9]
2025-05-12 11:36:29,486 - DEBUG - util_fusion - fusion_dual_defense - client 4 scores: {0: array([103.83113485]), 1: array([103.83069722]), 2: array([103.83130064]), 3: array([103.83141156]), 4: array([103.83112718]), 5: array([103.83069953]), 6: array([103.83072348]), 7: array([103.83120868]), 8: array([103.83066135]), 9: array([103.83116627])}
2025-05-12 11:36:29,487 - DEBUG - util_fusion - fusion_dual_defense - client 4 norm scores: {0: array([0.63115235]), 1: array([0.04780415]), 2: array([0.85213894]), 3: array([1.]), 4: array([0.62092761]), 5: array([0.05089165]), 6: array([0.08280956]), 7: array([0.72956694]), 8: array([0.]), 9: array([0.67303837])}
2025-05-12 11:36:29,487 - DEBUG - util_fusion - fusion_dual_defense - client 4 similarity threshold: 0.4688329575691079
2025-05-12 11:36:29,487 - INFO - util_fusion - fusion_dual_defense - client 4 selected fusion benigns: [0, 2, 3, 4, 7, 9]
2025-05-12 11:36:29,495 - DEBUG - util_fusion - fusion_dual_defense - client 5 scores: {0: array([103.83113485]), 1: array([103.83069722]), 2: array([103.83130064]), 3: array([103.83141156]), 4: array([103.83112718]), 5: array([103.83069953]), 6: array([103.83072348]), 7: array([103.83120868]), 8: array([103.83066135]), 9: array([103.83116627])}
2025-05-12 11:36:29,496 - DEBUG - util_fusion - fusion_dual_defense - client 5 norm scores: {0: array([0.63115235]), 1: array([0.04780415]), 2: array([0.85213894]), 3: array([1.]), 4: array([0.62092761]), 5: array([0.05089165]), 6: array([0.08280956]), 7: array([0.72956694]), 8: array([0.]), 9: array([0.67303837])}
2025-05-12 11:36:29,496 - DEBUG - util_fusion - fusion_dual_defense - client 5 similarity threshold: 0.4688329575691079
2025-05-12 11:36:29,496 - INFO - util_fusion - fusion_dual_defense - client 5 selected fusion benigns: [0, 2, 3, 4, 7, 9]
2025-05-12 11:36:29,504 - DEBUG - util_fusion - fusion_dual_defense - client 6 scores: {0: array([103.83113485]), 1: array([103.83069722]), 2: array([103.83130064]), 3: array([103.83141156]), 4: array([103.83112718]), 5: array([103.83069953]), 6: array([103.83072348]), 7: array([103.83120868]), 8: array([103.83066135]), 9: array([103.83116627])}
2025-05-12 11:36:29,505 - DEBUG - util_fusion - fusion_dual_defense - client 6 norm scores: {0: array([0.63115235]), 1: array([0.04780415]), 2: array([0.85213894]), 3: array([1.]), 4: array([0.62092761]), 5: array([0.05089165]), 6: array([0.08280956]), 7: array([0.72956694]), 8: array([0.]), 9: array([0.67303837])}
2025-05-12 11:36:29,505 - DEBUG - util_fusion - fusion_dual_defense - client 6 similarity threshold: 0.4688329575691079
2025-05-12 11:36:29,505 - INFO - util_fusion - fusion_dual_defense - client 6 selected fusion benigns: [0, 2, 3, 4, 7, 9]
2025-05-12 11:36:29,513 - DEBUG - util_fusion - fusion_dual_defense - client 7 scores: {0: array([103.83113485]), 1: array([103.83069722]), 2: array([103.83130064]), 3: array([103.83141156]), 4: array([103.83112718]), 5: array([103.83069953]), 6: array([103.83072348]), 7: array([103.83120868]), 8: array([103.83066135]), 9: array([103.83116627])}
2025-05-12 11:36:29,514 - DEBUG - util_fusion - fusion_dual_defense - client 7 norm scores: {0: array([0.63115235]), 1: array([0.04780415]), 2: array([0.85213894]), 3: array([1.]), 4: array([0.62092761]), 5: array([0.05089165]), 6: array([0.08280956]), 7: array([0.72956694]), 8: array([0.]), 9: array([0.67303837])}
2025-05-12 11:36:29,514 - DEBUG - util_fusion - fusion_dual_defense - client 7 similarity threshold: 0.4688329575691079
2025-05-12 11:36:29,514 - INFO - util_fusion - fusion_dual_defense - client 7 selected fusion benigns: [0, 2, 3, 4, 7, 9]
2025-05-12 11:36:29,522 - DEBUG - util_fusion - fusion_dual_defense - client 8 scores: {0: array([103.83113485]), 1: array([103.83069722]), 2: array([103.83130064]), 3: array([103.83141156]), 4: array([103.83112718]), 5: array([103.83069953]), 6: array([103.83072348]), 7: array([103.83120868]), 8: array([103.83066135]), 9: array([103.83116627])}
2025-05-12 11:36:29,523 - DEBUG - util_fusion - fusion_dual_defense - client 8 norm scores: {0: array([0.63115235]), 1: array([0.04780415]), 2: array([0.85213894]), 3: array([1.]), 4: array([0.62092761]), 5: array([0.05089165]), 6: array([0.08280956]), 7: array([0.72956694]), 8: array([0.]), 9: array([0.67303837])}
2025-05-12 11:36:29,523 - DEBUG - util_fusion - fusion_dual_defense - client 8 similarity threshold: 0.4688329575691079
2025-05-12 11:36:29,523 - INFO - util_fusion - fusion_dual_defense - client 8 selected fusion benigns: [0, 2, 3, 4, 7, 9]
2025-05-12 11:36:29,532 - DEBUG - util_fusion - fusion_dual_defense - client 9 scores: {0: array([103.83113485]), 1: array([103.83069722]), 2: array([103.83130064]), 3: array([103.83141156]), 4: array([103.83112718]), 5: array([103.83069953]), 6: array([103.83072348]), 7: array([103.83120868]), 8: array([103.83066135]), 9: array([103.83116627])}
2025-05-12 11:36:29,532 - DEBUG - util_fusion - fusion_dual_defense - client 9 norm scores: {0: array([0.63115235]), 1: array([0.04780415]), 2: array([0.85213894]), 3: array([1.]), 4: array([0.62092761]), 5: array([0.05089165]), 6: array([0.08280956]), 7: array([0.72956694]), 8: array([0.]), 9: array([0.67303837])}
2025-05-12 11:36:29,532 - DEBUG - util_fusion - fusion_dual_defense - client 9 similarity threshold: 0.4688329575691079
2025-05-12 11:36:29,532 - INFO - util_fusion - fusion_dual_defense - client 9 selected fusion benigns: [0, 2, 3, 4, 7, 9]
2025-05-12 11:36:29,532 - DEBUG - util_fusion - fusion_dual_defense - final fusion benigns: (0, 2, 3, 4, 7, 9)
2025-05-12 11:36:31,281 - INFO - fl - start - global side -  test accuracy: 10.32
2025-05-12 11:36:31,281 - INFO - fl - start - global side iteration 9 -  test accuracy: 10.32
2025-05-12 11:36:31,282 - INFO - fl - start - start training round 10
2025-05-12 11:36:31,283 - INFO - fl - start - round 10 attackers: [5, 7]
2025-05-12 11:36:31,283 - INFO - fl - start - start client 0 training
2025-05-12 11:36:31,283 - INFO - fl - client_local_train - client 0 start local training ...
2025-05-12 11:36:34,578 - INFO - fl - start - end client 0 training
2025-05-12 11:36:34,578 - INFO - fl - start - client 0 evaluation metrics: {'train_loss': 18.46125328540802, 'test_acc': 9.74}
2025-05-12 11:36:34,578 - INFO - fl - start - start client 1 training
2025-05-12 11:36:34,578 - INFO - fl - client_local_train - client 1 start local training ...
2025-05-12 11:36:42,682 - INFO - fl - start - end client 1 training
2025-05-12 11:36:42,683 - INFO - fl - start - client 1 evaluation metrics: {'train_loss': 38.454335097807, 'test_acc': 9.82}
2025-05-12 11:36:42,683 - INFO - fl - start - start client 2 training
2025-05-12 11:36:42,683 - INFO - fl - client_local_train - client 2 start local training ...
2025-05-12 11:36:45,414 - INFO - fl - start - end client 2 training
2025-05-12 11:36:45,414 - INFO - fl - start - client 2 evaluation metrics: {'train_loss': 4.249521991184779, 'test_acc': 9.74}
2025-05-12 11:36:45,414 - INFO - fl - start - start client 3 training
2025-05-12 11:36:45,414 - INFO - fl - client_local_train - client 3 start local training ...
2025-05-12 11:36:47,892 - INFO - fl - start - end client 3 training
2025-05-12 11:36:47,892 - INFO - fl - start - client 3 evaluation metrics: {'train_loss': 8.842666519099268, 'test_acc': 9.74}
2025-05-12 11:36:47,892 - INFO - fl - start - start client 4 training
2025-05-12 11:36:47,901 - INFO - fl - client_local_train - client 4 start local training ...
2025-05-12 11:36:51,302 - INFO - fl - start - end client 4 training
2025-05-12 11:36:51,302 - INFO - fl - start - client 4 evaluation metrics: {'train_loss': 8.36127348507152, 'test_acc': 8.92}
2025-05-12 11:36:51,302 - INFO - fl - start - start client 5 training
2025-05-12 11:36:51,302 - INFO - fl - client_local_train - client 5 start local training ...
2025-05-12 11:36:55,271 - INFO - fl - client_local_train - client 5 is attacker, start poisoning model
2025-05-12 11:37:00,056 - INFO - fl - start - end client 5 training
2025-05-12 11:37:00,056 - INFO - fl - start - client 5 evaluation metrics: {'train_loss': 957.2689814413748, 'test_acc': 8.92}
2025-05-12 11:37:00,056 - INFO - fl - start - start client 6 training
2025-05-12 11:37:00,056 - INFO - fl - client_local_train - client 6 start local training ...
2025-05-12 11:37:06,754 - INFO - fl - start - end client 6 training
2025-05-12 11:37:06,754 - INFO - fl - start - client 6 evaluation metrics: {'train_loss': 35.30029368400574, 'test_acc': 11.35}
2025-05-12 11:37:06,754 - INFO - fl - start - start client 7 training
2025-05-12 11:37:06,754 - INFO - fl - client_local_train - client 7 start local training ...
2025-05-12 11:37:13,834 - INFO - fl - client_local_train - client 7 is attacker, start poisoning model
2025-05-12 11:37:20,310 - INFO - fl - start - end client 7 training
2025-05-12 11:37:20,310 - INFO - fl - start - client 7 evaluation metrics: {'train_loss': 21.635238815756406, 'test_acc': 10.32}
2025-05-12 11:37:20,310 - INFO - fl - start - start client 8 training
2025-05-12 11:37:20,310 - INFO - fl - client_local_train - client 8 start local training ...
2025-05-12 11:37:25,273 - INFO - fl - start - end client 8 training
2025-05-12 11:37:25,273 - INFO - fl - start - client 8 evaluation metrics: {'train_loss': 32.420619696713565, 'test_acc': 9.82}
2025-05-12 11:37:25,273 - INFO - fl - start - start client 9 training
2025-05-12 11:37:25,273 - INFO - fl - client_local_train - client 9 start local training ...
2025-05-12 11:37:28,560 - INFO - fl - start - end client 9 training
2025-05-12 11:37:28,560 - INFO - fl - start - client 9 evaluation metrics: {'train_loss': 7.229226340850194, 'test_acc': 10.32}
2025-05-12 11:37:28,560 - INFO - fl - aggregate_model - start model aggregation...fusion method: dual_defense
2025-05-12 11:37:28,560 - INFO - fl - aggregate_model - start hyper-guard fusion with epsilon 0.01
2025-05-12 11:37:28,560 - INFO - fl - aggregate_model - round 10 attackers: [5, 7]
2025-05-12 11:37:39,312 - DEBUG - util_fusion - fusion_dual_defense - client 0 scores: {0: array([64.3375559]), 1: array([64.33363954]), 2: array([64.33802582]), 3: array([64.33824862]), 4: array([64.33743567]), 5: array([64.33521836]), 6: array([64.33493257]), 7: array([64.33168661]), 8: array([64.33628423]), 9: array([64.33757898])}
2025-05-12 11:37:39,313 - DEBUG - util_fusion - fusion_dual_defense - client 0 norm scores: {0: array([0.89443458]), 1: array([0.29761139]), 2: array([0.9660469]), 3: array([1.]), 4: array([0.8761125]), 5: array([0.53821163]), 6: array([0.49465886]), 7: array([0.]), 8: array([0.70064232]), 9: array([0.89795109])}
2025-05-12 11:37:39,313 - DEBUG - util_fusion - fusion_dual_defense - client 0 similarity threshold: 0.6665669271337955
2025-05-12 11:37:39,313 - INFO - util_fusion - fusion_dual_defense - client 0 selected fusion benigns: [0, 2, 3, 4, 8, 9]
2025-05-12 11:37:39,321 - DEBUG - util_fusion - fusion_dual_defense - client 1 scores: {0: array([64.3375559]), 1: array([64.33363954]), 2: array([64.33802582]), 3: array([64.33824862]), 4: array([64.33743567]), 5: array([64.33521836]), 6: array([64.33493257]), 7: array([64.33168661]), 8: array([64.33628423]), 9: array([64.33757898])}
2025-05-12 11:37:39,322 - DEBUG - util_fusion - fusion_dual_defense - client 1 norm scores: {0: array([0.89443458]), 1: array([0.29761139]), 2: array([0.9660469]), 3: array([1.]), 4: array([0.8761125]), 5: array([0.53821163]), 6: array([0.49465886]), 7: array([0.]), 8: array([0.70064232]), 9: array([0.89795109])}
2025-05-12 11:37:39,322 - DEBUG - util_fusion - fusion_dual_defense - client 1 similarity threshold: 0.6665669271337955
2025-05-12 11:37:39,322 - INFO - util_fusion - fusion_dual_defense - client 1 selected fusion benigns: [0, 2, 3, 4, 8, 9]
2025-05-12 11:37:39,330 - DEBUG - util_fusion - fusion_dual_defense - client 2 scores: {0: array([64.3375559]), 1: array([64.33363954]), 2: array([64.33802582]), 3: array([64.33824862]), 4: array([64.33743567]), 5: array([64.33521836]), 6: array([64.33493257]), 7: array([64.33168661]), 8: array([64.33628423]), 9: array([64.33757898])}
2025-05-12 11:37:39,331 - DEBUG - util_fusion - fusion_dual_defense - client 2 norm scores: {0: array([0.89443458]), 1: array([0.29761139]), 2: array([0.9660469]), 3: array([1.]), 4: array([0.8761125]), 5: array([0.53821163]), 6: array([0.49465886]), 7: array([0.]), 8: array([0.70064232]), 9: array([0.89795109])}
2025-05-12 11:37:39,331 - DEBUG - util_fusion - fusion_dual_defense - client 2 similarity threshold: 0.6665669271337955
2025-05-12 11:37:39,331 - INFO - util_fusion - fusion_dual_defense - client 2 selected fusion benigns: [0, 2, 3, 4, 8, 9]
2025-05-12 11:37:39,339 - DEBUG - util_fusion - fusion_dual_defense - client 3 scores: {0: array([64.3375559]), 1: array([64.33363954]), 2: array([64.33802582]), 3: array([64.33824862]), 4: array([64.33743567]), 5: array([64.33521836]), 6: array([64.33493257]), 7: array([64.33168661]), 8: array([64.33628423]), 9: array([64.33757898])}
2025-05-12 11:37:39,340 - DEBUG - util_fusion - fusion_dual_defense - client 3 norm scores: {0: array([0.89443458]), 1: array([0.29761139]), 2: array([0.9660469]), 3: array([1.]), 4: array([0.8761125]), 5: array([0.53821163]), 6: array([0.49465886]), 7: array([0.]), 8: array([0.70064232]), 9: array([0.89795109])}
2025-05-12 11:37:39,340 - DEBUG - util_fusion - fusion_dual_defense - client 3 similarity threshold: 0.6665669271337955
2025-05-12 11:37:39,340 - INFO - util_fusion - fusion_dual_defense - client 3 selected fusion benigns: [0, 2, 3, 4, 8, 9]
2025-05-12 11:37:39,348 - DEBUG - util_fusion - fusion_dual_defense - client 4 scores: {0: array([64.3375559]), 1: array([64.33363954]), 2: array([64.33802582]), 3: array([64.33824862]), 4: array([64.33743567]), 5: array([64.33521836]), 6: array([64.33493257]), 7: array([64.33168661]), 8: array([64.33628423]), 9: array([64.33757898])}
2025-05-12 11:37:39,349 - DEBUG - util_fusion - fusion_dual_defense - client 4 norm scores: {0: array([0.89443458]), 1: array([0.29761139]), 2: array([0.9660469]), 3: array([1.]), 4: array([0.8761125]), 5: array([0.53821163]), 6: array([0.49465886]), 7: array([0.]), 8: array([0.70064232]), 9: array([0.89795109])}
2025-05-12 11:37:39,349 - DEBUG - util_fusion - fusion_dual_defense - client 4 similarity threshold: 0.6665669271337955
2025-05-12 11:37:39,349 - INFO - util_fusion - fusion_dual_defense - client 4 selected fusion benigns: [0, 2, 3, 4, 8, 9]
2025-05-12 11:37:39,357 - DEBUG - util_fusion - fusion_dual_defense - client 5 scores: {0: array([64.3375559]), 1: array([64.33363954]), 2: array([64.33802582]), 3: array([64.33824862]), 4: array([64.33743567]), 5: array([64.33521836]), 6: array([64.33493257]), 7: array([64.33168661]), 8: array([64.33628423]), 9: array([64.33757898])}
2025-05-12 11:37:39,358 - DEBUG - util_fusion - fusion_dual_defense - client 5 norm scores: {0: array([0.89443458]), 1: array([0.29761139]), 2: array([0.9660469]), 3: array([1.]), 4: array([0.8761125]), 5: array([0.53821163]), 6: array([0.49465886]), 7: array([0.]), 8: array([0.70064232]), 9: array([0.89795109])}
2025-05-12 11:37:39,358 - DEBUG - util_fusion - fusion_dual_defense - client 5 similarity threshold: 0.6665669271337955
2025-05-12 11:37:39,358 - INFO - util_fusion - fusion_dual_defense - client 5 selected fusion benigns: [0, 2, 3, 4, 8, 9]
2025-05-12 11:37:39,367 - DEBUG - util_fusion - fusion_dual_defense - client 6 scores: {0: array([64.3375559]), 1: array([64.33363954]), 2: array([64.33802582]), 3: array([64.33824862]), 4: array([64.33743567]), 5: array([64.33521836]), 6: array([64.33493257]), 7: array([64.33168661]), 8: array([64.33628423]), 9: array([64.33757898])}
2025-05-12 11:37:39,367 - DEBUG - util_fusion - fusion_dual_defense - client 6 norm scores: {0: array([0.89443458]), 1: array([0.29761139]), 2: array([0.9660469]), 3: array([1.]), 4: array([0.8761125]), 5: array([0.53821163]), 6: array([0.49465886]), 7: array([0.]), 8: array([0.70064232]), 9: array([0.89795109])}
2025-05-12 11:37:39,367 - DEBUG - util_fusion - fusion_dual_defense - client 6 similarity threshold: 0.6665669271337955
2025-05-12 11:37:39,367 - INFO - util_fusion - fusion_dual_defense - client 6 selected fusion benigns: [0, 2, 3, 4, 8, 9]
2025-05-12 11:37:39,376 - DEBUG - util_fusion - fusion_dual_defense - client 7 scores: {0: array([64.3375559]), 1: array([64.33363954]), 2: array([64.33802582]), 3: array([64.33824862]), 4: array([64.33743567]), 5: array([64.33521836]), 6: array([64.33493257]), 7: array([64.33168661]), 8: array([64.33628423]), 9: array([64.33757898])}
2025-05-12 11:37:39,376 - DEBUG - util_fusion - fusion_dual_defense - client 7 norm scores: {0: array([0.89443458]), 1: array([0.29761139]), 2: array([0.9660469]), 3: array([1.]), 4: array([0.8761125]), 5: array([0.53821163]), 6: array([0.49465886]), 7: array([0.]), 8: array([0.70064232]), 9: array([0.89795109])}
2025-05-12 11:37:39,376 - DEBUG - util_fusion - fusion_dual_defense - client 7 similarity threshold: 0.6665669271337955
2025-05-12 11:37:39,376 - INFO - util_fusion - fusion_dual_defense - client 7 selected fusion benigns: [0, 2, 3, 4, 8, 9]
2025-05-12 11:37:39,385 - DEBUG - util_fusion - fusion_dual_defense - client 8 scores: {0: array([64.3375559]), 1: array([64.33363954]), 2: array([64.33802582]), 3: array([64.33824862]), 4: array([64.33743567]), 5: array([64.33521836]), 6: array([64.33493257]), 7: array([64.33168661]), 8: array([64.33628423]), 9: array([64.33757898])}
2025-05-12 11:37:39,385 - DEBUG - util_fusion - fusion_dual_defense - client 8 norm scores: {0: array([0.89443458]), 1: array([0.29761139]), 2: array([0.9660469]), 3: array([1.]), 4: array([0.8761125]), 5: array([0.53821163]), 6: array([0.49465886]), 7: array([0.]), 8: array([0.70064232]), 9: array([0.89795109])}
2025-05-12 11:37:39,385 - DEBUG - util_fusion - fusion_dual_defense - client 8 similarity threshold: 0.6665669271337955
2025-05-12 11:37:39,385 - INFO - util_fusion - fusion_dual_defense - client 8 selected fusion benigns: [0, 2, 3, 4, 8, 9]
2025-05-12 11:37:39,394 - DEBUG - util_fusion - fusion_dual_defense - client 9 scores: {0: array([64.3375559]), 1: array([64.33363954]), 2: array([64.33802582]), 3: array([64.33824862]), 4: array([64.33743567]), 5: array([64.33521836]), 6: array([64.33493257]), 7: array([64.33168661]), 8: array([64.33628423]), 9: array([64.33757898])}
2025-05-12 11:37:39,394 - DEBUG - util_fusion - fusion_dual_defense - client 9 norm scores: {0: array([0.89443458]), 1: array([0.29761139]), 2: array([0.9660469]), 3: array([1.]), 4: array([0.8761125]), 5: array([0.53821163]), 6: array([0.49465886]), 7: array([0.]), 8: array([0.70064232]), 9: array([0.89795109])}
2025-05-12 11:37:39,394 - DEBUG - util_fusion - fusion_dual_defense - client 9 similarity threshold: 0.6665669271337955
2025-05-12 11:37:39,394 - INFO - util_fusion - fusion_dual_defense - client 9 selected fusion benigns: [0, 2, 3, 4, 8, 9]
2025-05-12 11:37:39,394 - DEBUG - util_fusion - fusion_dual_defense - final fusion benigns: (0, 2, 3, 4, 8, 9)
2025-05-12 11:37:41,143 - INFO - fl - start - global side -  test accuracy: 9.74
2025-05-12 11:37:41,143 - INFO - fl - start - global side iteration 10 -  test accuracy: 9.74
2025-05-12 11:37:41,144 - INFO - fl - start - start training round 11
2025-05-12 11:37:41,145 - INFO - fl - start - round 11 attackers: [1, 5]
2025-05-12 11:37:41,145 - INFO - fl - start - start client 0 training
2025-05-12 11:37:41,145 - INFO - fl - client_local_train - client 0 start local training ...
2025-05-12 11:37:44,436 - INFO - fl - start - end client 0 training
2025-05-12 11:37:44,436 - INFO - fl - start - client 0 evaluation metrics: {'train_loss': 17.24092107017835, 'test_acc': 9.74}
2025-05-12 11:37:44,436 - INFO - fl - start - start client 1 training
2025-05-12 11:37:44,436 - INFO - fl - client_local_train - client 1 start local training ...
2025-05-12 11:37:49,795 - INFO - fl - client_local_train - client 1 is attacker, start poisoning model
2025-05-12 11:37:55,331 - INFO - fl - start - end client 1 training
2025-05-12 11:37:55,331 - INFO - fl - start - client 1 evaluation metrics: {'train_loss': 289.7883010772337, 'test_acc': 9.82}
2025-05-12 11:37:55,331 - INFO - fl - start - start client 2 training
2025-05-12 11:37:55,331 - INFO - fl - client_local_train - client 2 start local training ...
2025-05-12 11:37:58,061 - INFO - fl - start - end client 2 training
2025-05-12 11:37:58,061 - INFO - fl - start - client 2 evaluation metrics: {'train_loss': 1.9698868444987705, 'test_acc': 9.82}
2025-05-12 11:37:58,061 - INFO - fl - start - start client 3 training
2025-05-12 11:37:58,061 - INFO - fl - client_local_train - client 3 start local training ...
2025-05-12 11:38:00,542 - INFO - fl - start - end client 3 training
2025-05-12 11:38:00,542 - INFO - fl - start - client 3 evaluation metrics: {'train_loss': 8.149397085452902, 'test_acc': 9.74}
2025-05-12 11:38:00,542 - INFO - fl - start - start client 4 training
2025-05-12 11:38:00,542 - INFO - fl - client_local_train - client 4 start local training ...
2025-05-12 11:38:03,942 - INFO - fl - start - end client 4 training
2025-05-12 11:38:03,942 - INFO - fl - start - client 4 evaluation metrics: {'train_loss': 2.9006737774493647, 'test_acc': 9.82}
2025-05-12 11:38:03,942 - INFO - fl - start - start client 5 training
2025-05-12 11:38:03,942 - INFO - fl - client_local_train - client 5 start local training ...
2025-05-12 11:38:07,973 - INFO - fl - client_local_train - client 5 is attacker, start poisoning model
2025-05-12 11:38:12,761 - INFO - fl - start - end client 5 training
2025-05-12 11:38:12,761 - INFO - fl - start - client 5 evaluation metrics: {'train_loss': 942.1523156935169, 'test_acc': 11.35}
2025-05-12 11:38:12,762 - INFO - fl - start - start client 6 training
2025-05-12 11:38:12,762 - INFO - fl - client_local_train - client 6 start local training ...
2025-05-12 11:38:19,447 - INFO - fl - start - end client 6 training
2025-05-12 11:38:19,447 - INFO - fl - start - client 6 evaluation metrics: {'train_loss': 33.78325749166084, 'test_acc': 11.35}
2025-05-12 11:38:19,447 - INFO - fl - start - start client 7 training
2025-05-12 11:38:19,447 - INFO - fl - client_local_train - client 7 start local training ...
2025-05-12 11:38:29,766 - INFO - fl - start - end client 7 training
2025-05-12 11:38:29,766 - INFO - fl - start - client 7 evaluation metrics: {'train_loss': 3.6038396444795358, 'test_acc': 10.32}
2025-05-12 11:38:29,766 - INFO - fl - start - start client 8 training
2025-05-12 11:38:29,766 - INFO - fl - client_local_train - client 8 start local training ...
2025-05-12 11:38:34,717 - INFO - fl - start - end client 8 training
2025-05-12 11:38:34,717 - INFO - fl - start - client 8 evaluation metrics: {'train_loss': 30.999175339602353, 'test_acc': 9.57}
2025-05-12 11:38:34,717 - INFO - fl - start - start client 9 training
2025-05-12 11:38:34,717 - INFO - fl - client_local_train - client 9 start local training ...
2025-05-12 11:38:38,010 - INFO - fl - start - end client 9 training
2025-05-12 11:38:38,010 - INFO - fl - start - client 9 evaluation metrics: {'train_loss': 5.40129803866148, 'test_acc': 11.35}
2025-05-12 11:38:38,010 - INFO - fl - aggregate_model - start model aggregation...fusion method: dual_defense
2025-05-12 11:38:38,010 - INFO - fl - aggregate_model - start hyper-guard fusion with epsilon 0.01
2025-05-12 11:38:38,010 - INFO - fl - aggregate_model - round 11 attackers: [1, 5]
2025-05-12 11:38:48,786 - DEBUG - util_fusion - fusion_dual_defense - client 0 scores: {0: array([22.53433317]), 1: array([22.53297249]), 2: array([22.53445613]), 3: array([22.53451045]), 4: array([22.53430347]), 5: array([22.53344937]), 6: array([22.53335622]), 7: array([22.53225301]), 8: array([22.53387939]), 9: array([22.53432205])}
2025-05-12 11:38:48,786 - DEBUG - util_fusion - fusion_dual_defense - client 0 norm scores: {0: array([0.92146898]), 1: array([0.31871571]), 2: array([0.97593577]), 3: array([1.]), 4: array([0.90831357]), 5: array([0.52996275]), 6: array([0.48870206]), 7: array([0.]), 8: array([0.72045177]), 9: array([0.91654227])}
2025-05-12 11:38:48,787 - DEBUG - util_fusion - fusion_dual_defense - client 0 similarity threshold: 0.6780092877139546
2025-05-12 11:38:48,787 - INFO - util_fusion - fusion_dual_defense - client 0 selected fusion benigns: [0, 2, 3, 4, 8, 9]
2025-05-12 11:38:48,795 - DEBUG - util_fusion - fusion_dual_defense - client 1 scores: {0: array([22.53433317]), 1: array([22.53297249]), 2: array([22.53445613]), 3: array([22.53451045]), 4: array([22.53430347]), 5: array([22.53344937]), 6: array([22.53335622]), 7: array([22.53225301]), 8: array([22.53387939]), 9: array([22.53432205])}
2025-05-12 11:38:48,796 - DEBUG - util_fusion - fusion_dual_defense - client 1 norm scores: {0: array([0.92146898]), 1: array([0.31871571]), 2: array([0.97593577]), 3: array([1.]), 4: array([0.90831357]), 5: array([0.52996275]), 6: array([0.48870206]), 7: array([0.]), 8: array([0.72045177]), 9: array([0.91654227])}
2025-05-12 11:38:48,796 - DEBUG - util_fusion - fusion_dual_defense - client 1 similarity threshold: 0.6780092877139546
2025-05-12 11:38:48,796 - INFO - util_fusion - fusion_dual_defense - client 1 selected fusion benigns: [0, 2, 3, 4, 8, 9]
2025-05-12 11:38:48,804 - DEBUG - util_fusion - fusion_dual_defense - client 2 scores: {0: array([22.53433317]), 1: array([22.53297249]), 2: array([22.53445613]), 3: array([22.53451045]), 4: array([22.53430347]), 5: array([22.53344937]), 6: array([22.53335622]), 7: array([22.53225301]), 8: array([22.53387939]), 9: array([22.53432205])}
2025-05-12 11:38:48,805 - DEBUG - util_fusion - fusion_dual_defense - client 2 norm scores: {0: array([0.92146898]), 1: array([0.31871571]), 2: array([0.97593577]), 3: array([1.]), 4: array([0.90831357]), 5: array([0.52996275]), 6: array([0.48870206]), 7: array([0.]), 8: array([0.72045177]), 9: array([0.91654227])}
2025-05-12 11:38:48,805 - DEBUG - util_fusion - fusion_dual_defense - client 2 similarity threshold: 0.6780092877139546
2025-05-12 11:38:48,805 - INFO - util_fusion - fusion_dual_defense - client 2 selected fusion benigns: [0, 2, 3, 4, 8, 9]
2025-05-12 11:38:48,813 - DEBUG - util_fusion - fusion_dual_defense - client 3 scores: {0: array([22.53433317]), 1: array([22.53297249]), 2: array([22.53445613]), 3: array([22.53451045]), 4: array([22.53430347]), 5: array([22.53344937]), 6: array([22.53335622]), 7: array([22.53225301]), 8: array([22.53387939]), 9: array([22.53432205])}
2025-05-12 11:38:48,814 - DEBUG - util_fusion - fusion_dual_defense - client 3 norm scores: {0: array([0.92146898]), 1: array([0.31871571]), 2: array([0.97593577]), 3: array([1.]), 4: array([0.90831357]), 5: array([0.52996275]), 6: array([0.48870206]), 7: array([0.]), 8: array([0.72045177]), 9: array([0.91654227])}
2025-05-12 11:38:48,814 - DEBUG - util_fusion - fusion_dual_defense - client 3 similarity threshold: 0.6780092877139546
2025-05-12 11:38:48,814 - INFO - util_fusion - fusion_dual_defense - client 3 selected fusion benigns: [0, 2, 3, 4, 8, 9]
2025-05-12 11:38:48,822 - DEBUG - util_fusion - fusion_dual_defense - client 4 scores: {0: array([22.53433317]), 1: array([22.53297249]), 2: array([22.53445613]), 3: array([22.53451045]), 4: array([22.53430347]), 5: array([22.53344937]), 6: array([22.53335622]), 7: array([22.53225301]), 8: array([22.53387939]), 9: array([22.53432205])}
2025-05-12 11:38:48,823 - DEBUG - util_fusion - fusion_dual_defense - client 4 norm scores: {0: array([0.92146898]), 1: array([0.31871571]), 2: array([0.97593577]), 3: array([1.]), 4: array([0.90831357]), 5: array([0.52996275]), 6: array([0.48870206]), 7: array([0.]), 8: array([0.72045177]), 9: array([0.91654227])}
2025-05-12 11:38:48,823 - DEBUG - util_fusion - fusion_dual_defense - client 4 similarity threshold: 0.6780092877139546
2025-05-12 11:38:48,823 - INFO - util_fusion - fusion_dual_defense - client 4 selected fusion benigns: [0, 2, 3, 4, 8, 9]
2025-05-12 11:38:48,831 - DEBUG - util_fusion - fusion_dual_defense - client 5 scores: {0: array([22.53433317]), 1: array([22.53297249]), 2: array([22.53445613]), 3: array([22.53451045]), 4: array([22.53430347]), 5: array([22.53344937]), 6: array([22.53335622]), 7: array([22.53225301]), 8: array([22.53387939]), 9: array([22.53432205])}
2025-05-12 11:38:48,832 - DEBUG - util_fusion - fusion_dual_defense - client 5 norm scores: {0: array([0.92146898]), 1: array([0.31871571]), 2: array([0.97593577]), 3: array([1.]), 4: array([0.90831357]), 5: array([0.52996275]), 6: array([0.48870206]), 7: array([0.]), 8: array([0.72045177]), 9: array([0.91654227])}
2025-05-12 11:38:48,832 - DEBUG - util_fusion - fusion_dual_defense - client 5 similarity threshold: 0.6780092877139546
2025-05-12 11:38:48,832 - INFO - util_fusion - fusion_dual_defense - client 5 selected fusion benigns: [0, 2, 3, 4, 8, 9]
2025-05-12 11:38:48,840 - DEBUG - util_fusion - fusion_dual_defense - client 6 scores: {0: array([22.53433317]), 1: array([22.53297249]), 2: array([22.53445613]), 3: array([22.53451045]), 4: array([22.53430347]), 5: array([22.53344937]), 6: array([22.53335622]), 7: array([22.53225301]), 8: array([22.53387939]), 9: array([22.53432205])}
2025-05-12 11:38:48,841 - DEBUG - util_fusion - fusion_dual_defense - client 6 norm scores: {0: array([0.92146898]), 1: array([0.31871571]), 2: array([0.97593577]), 3: array([1.]), 4: array([0.90831357]), 5: array([0.52996275]), 6: array([0.48870206]), 7: array([0.]), 8: array([0.72045177]), 9: array([0.91654227])}
2025-05-12 11:38:48,841 - DEBUG - util_fusion - fusion_dual_defense - client 6 similarity threshold: 0.6780092877139546
2025-05-12 11:38:48,841 - INFO - util_fusion - fusion_dual_defense - client 6 selected fusion benigns: [0, 2, 3, 4, 8, 9]
2025-05-12 11:38:48,849 - DEBUG - util_fusion - fusion_dual_defense - client 7 scores: {0: array([22.53433317]), 1: array([22.53297249]), 2: array([22.53445613]), 3: array([22.53451045]), 4: array([22.53430347]), 5: array([22.53344937]), 6: array([22.53335622]), 7: array([22.53225301]), 8: array([22.53387939]), 9: array([22.53432205])}
2025-05-12 11:38:48,850 - DEBUG - util_fusion - fusion_dual_defense - client 7 norm scores: {0: array([0.92146898]), 1: array([0.31871571]), 2: array([0.97593577]), 3: array([1.]), 4: array([0.90831357]), 5: array([0.52996275]), 6: array([0.48870206]), 7: array([0.]), 8: array([0.72045177]), 9: array([0.91654227])}
2025-05-12 11:38:48,850 - DEBUG - util_fusion - fusion_dual_defense - client 7 similarity threshold: 0.6780092877139546
2025-05-12 11:38:48,850 - INFO - util_fusion - fusion_dual_defense - client 7 selected fusion benigns: [0, 2, 3, 4, 8, 9]
2025-05-12 11:38:48,858 - DEBUG - util_fusion - fusion_dual_defense - client 8 scores: {0: array([22.53433317]), 1: array([22.53297249]), 2: array([22.53445613]), 3: array([22.53451045]), 4: array([22.53430347]), 5: array([22.53344937]), 6: array([22.53335622]), 7: array([22.53225301]), 8: array([22.53387939]), 9: array([22.53432205])}
2025-05-12 11:38:48,859 - DEBUG - util_fusion - fusion_dual_defense - client 8 norm scores: {0: array([0.92146898]), 1: array([0.31871571]), 2: array([0.97593577]), 3: array([1.]), 4: array([0.90831357]), 5: array([0.52996275]), 6: array([0.48870206]), 7: array([0.]), 8: array([0.72045177]), 9: array([0.91654227])}
2025-05-12 11:38:48,859 - DEBUG - util_fusion - fusion_dual_defense - client 8 similarity threshold: 0.6780092877139546
2025-05-12 11:38:48,859 - INFO - util_fusion - fusion_dual_defense - client 8 selected fusion benigns: [0, 2, 3, 4, 8, 9]
2025-05-12 11:38:48,868 - DEBUG - util_fusion - fusion_dual_defense - client 9 scores: {0: array([22.53433317]), 1: array([22.53297249]), 2: array([22.53445613]), 3: array([22.53451045]), 4: array([22.53430347]), 5: array([22.53344937]), 6: array([22.53335622]), 7: array([22.53225301]), 8: array([22.53387939]), 9: array([22.53432205])}
2025-05-12 11:38:48,868 - DEBUG - util_fusion - fusion_dual_defense - client 9 norm scores: {0: array([0.92146898]), 1: array([0.31871571]), 2: array([0.97593577]), 3: array([1.]), 4: array([0.90831357]), 5: array([0.52996275]), 6: array([0.48870206]), 7: array([0.]), 8: array([0.72045177]), 9: array([0.91654227])}
2025-05-12 11:38:48,868 - DEBUG - util_fusion - fusion_dual_defense - client 9 similarity threshold: 0.6780092877139546
2025-05-12 11:38:48,868 - INFO - util_fusion - fusion_dual_defense - client 9 selected fusion benigns: [0, 2, 3, 4, 8, 9]
2025-05-12 11:38:48,868 - DEBUG - util_fusion - fusion_dual_defense - final fusion benigns: (0, 2, 3, 4, 8, 9)
2025-05-12 11:38:50,616 - INFO - fl - start - global side -  test accuracy: 9.74
2025-05-12 11:38:50,616 - INFO - fl - start - global side iteration 11 -  test accuracy: 9.74
2025-05-12 11:38:50,616 - INFO - fl - start - start training round 12
2025-05-12 11:38:50,618 - INFO - fl - start - round 12 attackers: [8, 5]
2025-05-12 11:38:50,618 - INFO - fl - start - start client 0 training
2025-05-12 11:38:50,618 - INFO - fl - client_local_train - client 0 start local training ...
2025-05-12 11:38:53,908 - INFO - fl - start - end client 0 training
2025-05-12 11:38:53,908 - INFO - fl - start - client 0 evaluation metrics: {'train_loss': 16.394548177719116, 'test_acc': 9.74}
2025-05-12 11:38:53,908 - INFO - fl - start - start client 1 training
2025-05-12 11:38:53,908 - INFO - fl - client_local_train - client 1 start local training ...
2025-05-12 11:39:02,030 - INFO - fl - start - end client 1 training
2025-05-12 11:39:02,031 - INFO - fl - start - client 1 evaluation metrics: {'train_loss': 36.765245644443006, 'test_acc': 9.82}
2025-05-12 11:39:02,031 - INFO - fl - start - start client 2 training
2025-05-12 11:39:02,031 - INFO - fl - client_local_train - client 2 start local training ...
2025-05-12 11:39:04,751 - INFO - fl - start - end client 2 training
2025-05-12 11:39:04,751 - INFO - fl - start - client 2 evaluation metrics: {'train_loss': 1.4494060754776001, 'test_acc': 11.35}
2025-05-12 11:39:04,751 - INFO - fl - start - start client 3 training
2025-05-12 11:39:04,751 - INFO - fl - client_local_train - client 3 start local training ...
2025-05-12 11:39:07,248 - INFO - fl - start - end client 3 training
2025-05-12 11:39:07,249 - INFO - fl - start - client 3 evaluation metrics: {'train_loss': 7.191832575304755, 'test_acc': 9.74}
2025-05-12 11:39:07,249 - INFO - fl - start - start client 4 training
2025-05-12 11:39:07,249 - INFO - fl - client_local_train - client 4 start local training ...
2025-05-12 11:39:10,646 - INFO - fl - start - end client 4 training
2025-05-12 11:39:10,646 - INFO - fl - start - client 4 evaluation metrics: {'train_loss': 1.638382540029638, 'test_acc': 9.57}
2025-05-12 11:39:10,646 - INFO - fl - start - start client 5 training
2025-05-12 11:39:10,646 - INFO - fl - client_local_train - client 5 start local training ...
2025-05-12 11:39:14,611 - INFO - fl - client_local_train - client 5 is attacker, start poisoning model
2025-05-12 11:39:19,405 - INFO - fl - start - end client 5 training
2025-05-12 11:39:19,405 - INFO - fl - start - client 5 evaluation metrics: {'train_loss': 929.2254835559476, 'test_acc': 11.35}
2025-05-12 11:39:19,405 - INFO - fl - start - start client 6 training
2025-05-12 11:39:19,405 - INFO - fl - client_local_train - client 6 start local training ...
2025-05-12 11:39:26,075 - INFO - fl - start - end client 6 training
2025-05-12 11:39:26,075 - INFO - fl - start - client 6 evaluation metrics: {'train_loss': 32.88490275180701, 'test_acc': 11.35}
2025-05-12 11:39:26,075 - INFO - fl - start - start client 7 training
2025-05-12 11:39:26,075 - INFO - fl - client_local_train - client 7 start local training ...
2025-05-12 11:39:36,401 - INFO - fl - start - end client 7 training
2025-05-12 11:39:36,401 - INFO - fl - start - client 7 evaluation metrics: {'train_loss': 3.5210390975572405, 'test_acc': 10.32}
2025-05-12 11:39:36,401 - INFO - fl - start - start client 8 training
2025-05-12 11:39:36,401 - INFO - fl - client_local_train - client 8 start local training ...
2025-05-12 11:39:39,241 - INFO - fl - client_local_train - client 8 is attacker, start poisoning model
2025-05-12 11:39:43,418 - INFO - fl - start - end client 8 training
2025-05-12 11:39:43,418 - INFO - fl - start - client 8 evaluation metrics: {'train_loss': 241.92853126097262, 'test_acc': 9.57}
2025-05-12 11:39:43,418 - INFO - fl - start - start client 9 training
2025-05-12 11:39:43,418 - INFO - fl - client_local_train - client 9 start local training ...
2025-05-12 11:39:46,715 - INFO - fl - start - end client 9 training
2025-05-12 11:39:46,715 - INFO - fl - start - client 9 evaluation metrics: {'train_loss': 4.999690073231856, 'test_acc': 11.35}
2025-05-12 11:39:46,715 - INFO - fl - aggregate_model - start model aggregation...fusion method: dual_defense
2025-05-12 11:39:46,715 - INFO - fl - aggregate_model - start hyper-guard fusion with epsilon 0.01
2025-05-12 11:39:46,715 - INFO - fl - aggregate_model - round 12 attackers: [8, 5]
2025-05-12 11:39:57,458 - DEBUG - util_fusion - fusion_dual_defense - client 0 scores: {0: array([22.26268555]), 1: array([22.26126061]), 2: array([22.26285081]), 3: array([22.26291885]), 4: array([22.26265015]), 5: array([22.26178534]), 6: array([22.26168814]), 7: array([22.26057736]), 8: array([22.26221437]), 9: array([22.26268526])}
2025-05-12 11:39:57,459 - DEBUG - util_fusion - fusion_dual_defense - client 0 norm scores: {0: array([0.90036315]), 1: array([0.29180207]), 2: array([0.97093897]), 3: array([1.]), 4: array([0.88524395]), 5: array([0.51590052]), 6: array([0.47438853]), 7: array([0.]), 8: array([0.69912976]), 9: array([0.90023903])}
2025-05-12 11:39:57,459 - DEBUG - util_fusion - fusion_dual_defense - client 0 similarity threshold: 0.6638005984285551
2025-05-12 11:39:57,459 - INFO - util_fusion - fusion_dual_defense - client 0 selected fusion benigns: [0, 2, 3, 4, 8, 9]
2025-05-12 11:39:57,468 - DEBUG - util_fusion - fusion_dual_defense - client 1 scores: {0: array([22.26268555]), 1: array([22.26126061]), 2: array([22.26285081]), 3: array([22.26291885]), 4: array([22.26265015]), 5: array([22.26178534]), 6: array([22.26168814]), 7: array([22.26057736]), 8: array([22.26221437]), 9: array([22.26268526])}
2025-05-12 11:39:57,468 - DEBUG - util_fusion - fusion_dual_defense - client 1 norm scores: {0: array([0.90036315]), 1: array([0.29180207]), 2: array([0.97093897]), 3: array([1.]), 4: array([0.88524395]), 5: array([0.51590052]), 6: array([0.47438853]), 7: array([0.]), 8: array([0.69912976]), 9: array([0.90023903])}
2025-05-12 11:39:57,468 - DEBUG - util_fusion - fusion_dual_defense - client 1 similarity threshold: 0.6638005984285551
2025-05-12 11:39:57,468 - INFO - util_fusion - fusion_dual_defense - client 1 selected fusion benigns: [0, 2, 3, 4, 8, 9]
2025-05-12 11:39:57,477 - DEBUG - util_fusion - fusion_dual_defense - client 2 scores: {0: array([22.26268555]), 1: array([22.26126061]), 2: array([22.26285081]), 3: array([22.26291885]), 4: array([22.26265015]), 5: array([22.26178534]), 6: array([22.26168814]), 7: array([22.26057736]), 8: array([22.26221437]), 9: array([22.26268526])}
2025-05-12 11:39:57,477 - DEBUG - util_fusion - fusion_dual_defense - client 2 norm scores: {0: array([0.90036315]), 1: array([0.29180207]), 2: array([0.97093897]), 3: array([1.]), 4: array([0.88524395]), 5: array([0.51590052]), 6: array([0.47438853]), 7: array([0.]), 8: array([0.69912976]), 9: array([0.90023903])}
2025-05-12 11:39:57,477 - DEBUG - util_fusion - fusion_dual_defense - client 2 similarity threshold: 0.6638005984285551
2025-05-12 11:39:57,477 - INFO - util_fusion - fusion_dual_defense - client 2 selected fusion benigns: [0, 2, 3, 4, 8, 9]
2025-05-12 11:39:57,486 - DEBUG - util_fusion - fusion_dual_defense - client 3 scores: {0: array([22.26268555]), 1: array([22.26126061]), 2: array([22.26285081]), 3: array([22.26291885]), 4: array([22.26265015]), 5: array([22.26178534]), 6: array([22.26168814]), 7: array([22.26057736]), 8: array([22.26221437]), 9: array([22.26268526])}
2025-05-12 11:39:57,486 - DEBUG - util_fusion - fusion_dual_defense - client 3 norm scores: {0: array([0.90036315]), 1: array([0.29180207]), 2: array([0.97093897]), 3: array([1.]), 4: array([0.88524395]), 5: array([0.51590052]), 6: array([0.47438853]), 7: array([0.]), 8: array([0.69912976]), 9: array([0.90023903])}
2025-05-12 11:39:57,486 - DEBUG - util_fusion - fusion_dual_defense - client 3 similarity threshold: 0.6638005984285551
2025-05-12 11:39:57,486 - INFO - util_fusion - fusion_dual_defense - client 3 selected fusion benigns: [0, 2, 3, 4, 8, 9]
2025-05-12 11:39:57,495 - DEBUG - util_fusion - fusion_dual_defense - client 4 scores: {0: array([22.26268555]), 1: array([22.26126061]), 2: array([22.26285081]), 3: array([22.26291885]), 4: array([22.26265015]), 5: array([22.26178534]), 6: array([22.26168814]), 7: array([22.26057736]), 8: array([22.26221437]), 9: array([22.26268526])}
2025-05-12 11:39:57,495 - DEBUG - util_fusion - fusion_dual_defense - client 4 norm scores: {0: array([0.90036315]), 1: array([0.29180207]), 2: array([0.97093897]), 3: array([1.]), 4: array([0.88524395]), 5: array([0.51590052]), 6: array([0.47438853]), 7: array([0.]), 8: array([0.69912976]), 9: array([0.90023903])}
2025-05-12 11:39:57,495 - DEBUG - util_fusion - fusion_dual_defense - client 4 similarity threshold: 0.6638005984285551
2025-05-12 11:39:57,496 - INFO - util_fusion - fusion_dual_defense - client 4 selected fusion benigns: [0, 2, 3, 4, 8, 9]
2025-05-12 11:39:57,504 - DEBUG - util_fusion - fusion_dual_defense - client 5 scores: {0: array([22.26268555]), 1: array([22.26126061]), 2: array([22.26285081]), 3: array([22.26291885]), 4: array([22.26265015]), 5: array([22.26178534]), 6: array([22.26168814]), 7: array([22.26057736]), 8: array([22.26221437]), 9: array([22.26268526])}
2025-05-12 11:39:57,504 - DEBUG - util_fusion - fusion_dual_defense - client 5 norm scores: {0: array([0.90036315]), 1: array([0.29180207]), 2: array([0.97093897]), 3: array([1.]), 4: array([0.88524395]), 5: array([0.51590052]), 6: array([0.47438853]), 7: array([0.]), 8: array([0.69912976]), 9: array([0.90023903])}
2025-05-12 11:39:57,505 - DEBUG - util_fusion - fusion_dual_defense - client 5 similarity threshold: 0.6638005984285551
2025-05-12 11:39:57,505 - INFO - util_fusion - fusion_dual_defense - client 5 selected fusion benigns: [0, 2, 3, 4, 8, 9]
2025-05-12 11:39:57,513 - DEBUG - util_fusion - fusion_dual_defense - client 6 scores: {0: array([22.26268555]), 1: array([22.26126061]), 2: array([22.26285081]), 3: array([22.26291885]), 4: array([22.26265015]), 5: array([22.26178534]), 6: array([22.26168814]), 7: array([22.26057736]), 8: array([22.26221437]), 9: array([22.26268526])}
2025-05-12 11:39:57,514 - DEBUG - util_fusion - fusion_dual_defense - client 6 norm scores: {0: array([0.90036315]), 1: array([0.29180207]), 2: array([0.97093897]), 3: array([1.]), 4: array([0.88524395]), 5: array([0.51590052]), 6: array([0.47438853]), 7: array([0.]), 8: array([0.69912976]), 9: array([0.90023903])}
2025-05-12 11:39:57,514 - DEBUG - util_fusion - fusion_dual_defense - client 6 similarity threshold: 0.6638005984285551
2025-05-12 11:39:57,514 - INFO - util_fusion - fusion_dual_defense - client 6 selected fusion benigns: [0, 2, 3, 4, 8, 9]
2025-05-12 11:39:57,522 - DEBUG - util_fusion - fusion_dual_defense - client 7 scores: {0: array([22.26268555]), 1: array([22.26126061]), 2: array([22.26285081]), 3: array([22.26291885]), 4: array([22.26265015]), 5: array([22.26178534]), 6: array([22.26168814]), 7: array([22.26057736]), 8: array([22.26221437]), 9: array([22.26268526])}
2025-05-12 11:39:57,523 - DEBUG - util_fusion - fusion_dual_defense - client 7 norm scores: {0: array([0.90036315]), 1: array([0.29180207]), 2: array([0.97093897]), 3: array([1.]), 4: array([0.88524395]), 5: array([0.51590052]), 6: array([0.47438853]), 7: array([0.]), 8: array([0.69912976]), 9: array([0.90023903])}
2025-05-12 11:39:57,523 - DEBUG - util_fusion - fusion_dual_defense - client 7 similarity threshold: 0.6638005984285551
2025-05-12 11:39:57,523 - INFO - util_fusion - fusion_dual_defense - client 7 selected fusion benigns: [0, 2, 3, 4, 8, 9]
2025-05-12 11:39:57,531 - DEBUG - util_fusion - fusion_dual_defense - client 8 scores: {0: array([22.26268555]), 1: array([22.26126061]), 2: array([22.26285081]), 3: array([22.26291885]), 4: array([22.26265015]), 5: array([22.26178534]), 6: array([22.26168814]), 7: array([22.26057736]), 8: array([22.26221437]), 9: array([22.26268526])}
2025-05-12 11:39:57,532 - DEBUG - util_fusion - fusion_dual_defense - client 8 norm scores: {0: array([0.90036315]), 1: array([0.29180207]), 2: array([0.97093897]), 3: array([1.]), 4: array([0.88524395]), 5: array([0.51590052]), 6: array([0.47438853]), 7: array([0.]), 8: array([0.69912976]), 9: array([0.90023903])}
2025-05-12 11:39:57,532 - DEBUG - util_fusion - fusion_dual_defense - client 8 similarity threshold: 0.6638005984285551
2025-05-12 11:39:57,532 - INFO - util_fusion - fusion_dual_defense - client 8 selected fusion benigns: [0, 2, 3, 4, 8, 9]
2025-05-12 11:39:57,540 - DEBUG - util_fusion - fusion_dual_defense - client 9 scores: {0: array([22.26268555]), 1: array([22.26126061]), 2: array([22.26285081]), 3: array([22.26291885]), 4: array([22.26265015]), 5: array([22.26178534]), 6: array([22.26168814]), 7: array([22.26057736]), 8: array([22.26221437]), 9: array([22.26268526])}
2025-05-12 11:39:57,541 - DEBUG - util_fusion - fusion_dual_defense - client 9 norm scores: {0: array([0.90036315]), 1: array([0.29180207]), 2: array([0.97093897]), 3: array([1.]), 4: array([0.88524395]), 5: array([0.51590052]), 6: array([0.47438853]), 7: array([0.]), 8: array([0.69912976]), 9: array([0.90023903])}
2025-05-12 11:39:57,541 - DEBUG - util_fusion - fusion_dual_defense - client 9 similarity threshold: 0.6638005984285551
2025-05-12 11:39:57,541 - INFO - util_fusion - fusion_dual_defense - client 9 selected fusion benigns: [0, 2, 3, 4, 8, 9]
2025-05-12 11:39:57,541 - DEBUG - util_fusion - fusion_dual_defense - final fusion benigns: (0, 2, 3, 4, 8, 9)
2025-05-12 11:39:59,289 - INFO - fl - start - global side -  test accuracy: 9.57
2025-05-12 11:39:59,289 - INFO - fl - start - global side iteration 12 -  test accuracy: 9.57
2025-05-12 11:39:59,289 - INFO - fl - start - start training round 13
2025-05-12 11:39:59,291 - INFO - fl - start - round 13 attackers: [6, 4]
2025-05-12 11:39:59,291 - INFO - fl - start - start client 0 training
2025-05-12 11:39:59,291 - INFO - fl - client_local_train - client 0 start local training ...
2025-05-12 11:40:02,576 - INFO - fl - start - end client 0 training
2025-05-12 11:40:02,576 - INFO - fl - start - client 0 evaluation metrics: {'train_loss': 47.97288111845652, 'test_acc': 9.74}
2025-05-12 11:40:02,576 - INFO - fl - start - start client 1 training
2025-05-12 11:40:02,576 - INFO - fl - client_local_train - client 1 start local training ...
2025-05-12 11:40:10,661 - INFO - fl - start - end client 1 training
2025-05-12 11:40:10,661 - INFO - fl - start - client 1 evaluation metrics: {'train_loss': 112.5062359040042, 'test_acc': 9.82}
2025-05-12 11:40:10,661 - INFO - fl - start - start client 2 training
2025-05-12 11:40:10,661 - INFO - fl - client_local_train - client 2 start local training ...
2025-05-12 11:40:13,396 - INFO - fl - start - end client 2 training
2025-05-12 11:40:13,397 - INFO - fl - start - client 2 evaluation metrics: {'train_loss': 1.5900287560054234, 'test_acc': 11.35}
2025-05-12 11:40:13,397 - INFO - fl - start - start client 3 training
2025-05-12 11:40:13,397 - INFO - fl - client_local_train - client 3 start local training ...
2025-05-12 11:40:15,878 - INFO - fl - start - end client 3 training
2025-05-12 11:40:15,878 - INFO - fl - start - client 3 evaluation metrics: {'train_loss': 18.334461771208666, 'test_acc': 9.74}
2025-05-12 11:40:15,878 - INFO - fl - start - start client 4 training
2025-05-12 11:40:15,878 - INFO - fl - client_local_train - client 4 start local training ...
2025-05-12 11:40:17,501 - INFO - fl - client_local_train - client 4 is attacker, start poisoning model
2025-05-12 11:40:21,031 - INFO - fl - start - end client 4 training
2025-05-12 11:40:21,031 - INFO - fl - start - client 4 evaluation metrics: {'train_loss': 15.540476967306699, 'test_acc': 9.57}
2025-05-12 11:40:21,031 - INFO - fl - start - start client 5 training
2025-05-12 11:40:21,031 - INFO - fl - client_local_train - client 5 start local training ...
2025-05-12 11:40:27,378 - INFO - fl - start - end client 5 training
2025-05-12 11:40:27,379 - INFO - fl - start - client 5 evaluation metrics: {'train_loss': 389.35280904462263, 'test_acc': 11.35}
2025-05-12 11:40:27,379 - INFO - fl - start - start client 6 training
2025-05-12 11:40:27,379 - INFO - fl - client_local_train - client 6 start local training ...
2025-05-12 11:40:31,589 - INFO - fl - client_local_train - client 6 is attacker, start poisoning model
2025-05-12 11:40:36,517 - INFO - fl - start - end client 6 training
2025-05-12 11:40:36,517 - INFO - fl - start - client 6 evaluation metrics: {'train_loss': 972.8246936220112, 'test_acc': 11.35}
2025-05-12 11:40:36,517 - INFO - fl - start - start client 7 training
2025-05-12 11:40:36,517 - INFO - fl - client_local_train - client 7 start local training ...
2025-05-12 11:40:46,811 - INFO - fl - start - end client 7 training
2025-05-12 11:40:46,811 - INFO - fl - start - client 7 evaluation metrics: {'train_loss': 7.682685328285079, 'test_acc': 10.32}
2025-05-12 11:40:46,811 - INFO - fl - start - start client 8 training
2025-05-12 11:40:46,811 - INFO - fl - client_local_train - client 8 start local training ...
2025-05-12 11:40:51,758 - INFO - fl - start - end client 8 training
2025-05-12 11:40:51,758 - INFO - fl - start - client 8 evaluation metrics: {'train_loss': 91.70302427484748, 'test_acc': 9.57}
2025-05-12 11:40:51,758 - INFO - fl - start - start client 9 training
2025-05-12 11:40:51,758 - INFO - fl - client_local_train - client 9 start local training ...
2025-05-12 11:40:55,033 - INFO - fl - start - end client 9 training
2025-05-12 11:40:55,034 - INFO - fl - start - client 9 evaluation metrics: {'train_loss': 11.934493961433569, 'test_acc': 11.35}
2025-05-12 11:40:55,034 - INFO - fl - aggregate_model - start model aggregation...fusion method: dual_defense
2025-05-12 11:40:55,034 - INFO - fl - aggregate_model - start hyper-guard fusion with epsilon 0.01
2025-05-12 11:40:55,034 - INFO - fl - aggregate_model - round 13 attackers: [4, 6]
2025-05-12 11:41:05,792 - DEBUG - util_fusion - fusion_dual_defense - client 0 scores: {0: array([15.27920682]), 1: array([15.2791796]), 2: array([15.27922023]), 3: array([15.27922175]), 4: array([15.27921643]), 5: array([15.27919438]), 6: array([15.279192]), 7: array([15.27915708]), 8: array([15.27920572]), 9: array([15.2792185])}
2025-05-12 11:41:05,793 - DEBUG - util_fusion - fusion_dual_defense - client 0 norm scores: {0: array([0.76918337]), 1: array([0.34833755]), 2: array([0.97654203]), 3: array([1.]), 4: array([0.9177169]), 5: array([0.57676666]), 6: array([0.54008168]), 7: array([0.]), 8: array([0.75210117]), 9: array([0.94975702])}
2025-05-12 11:41:05,793 - DEBUG - util_fusion - fusion_dual_defense - client 0 similarity threshold: 0.6830486375026916
2025-05-12 11:41:05,793 - INFO - util_fusion - fusion_dual_defense - client 0 selected fusion benigns: [0, 2, 3, 4, 8, 9]
2025-05-12 11:41:05,801 - DEBUG - util_fusion - fusion_dual_defense - client 1 scores: {0: array([15.27920682]), 1: array([15.2791796]), 2: array([15.27922023]), 3: array([15.27922175]), 4: array([15.27921643]), 5: array([15.27919438]), 6: array([15.279192]), 7: array([15.27915708]), 8: array([15.27920572]), 9: array([15.2792185])}
2025-05-12 11:41:05,802 - DEBUG - util_fusion - fusion_dual_defense - client 1 norm scores: {0: array([0.76918337]), 1: array([0.34833755]), 2: array([0.97654203]), 3: array([1.]), 4: array([0.9177169]), 5: array([0.57676666]), 6: array([0.54008168]), 7: array([0.]), 8: array([0.75210117]), 9: array([0.94975702])}
2025-05-12 11:41:05,802 - DEBUG - util_fusion - fusion_dual_defense - client 1 similarity threshold: 0.6830486375026916
2025-05-12 11:41:05,802 - INFO - util_fusion - fusion_dual_defense - client 1 selected fusion benigns: [0, 2, 3, 4, 8, 9]
2025-05-12 11:41:05,810 - DEBUG - util_fusion - fusion_dual_defense - client 2 scores: {0: array([15.27920682]), 1: array([15.2791796]), 2: array([15.27922023]), 3: array([15.27922175]), 4: array([15.27921643]), 5: array([15.27919438]), 6: array([15.279192]), 7: array([15.27915708]), 8: array([15.27920572]), 9: array([15.2792185])}
2025-05-12 11:41:05,811 - DEBUG - util_fusion - fusion_dual_defense - client 2 norm scores: {0: array([0.76918337]), 1: array([0.34833755]), 2: array([0.97654203]), 3: array([1.]), 4: array([0.9177169]), 5: array([0.57676666]), 6: array([0.54008168]), 7: array([0.]), 8: array([0.75210117]), 9: array([0.94975702])}
2025-05-12 11:41:05,811 - DEBUG - util_fusion - fusion_dual_defense - client 2 similarity threshold: 0.6830486375026916
2025-05-12 11:41:05,811 - INFO - util_fusion - fusion_dual_defense - client 2 selected fusion benigns: [0, 2, 3, 4, 8, 9]
2025-05-12 11:41:05,819 - DEBUG - util_fusion - fusion_dual_defense - client 3 scores: {0: array([15.27920682]), 1: array([15.2791796]), 2: array([15.27922023]), 3: array([15.27922175]), 4: array([15.27921643]), 5: array([15.27919438]), 6: array([15.279192]), 7: array([15.27915708]), 8: array([15.27920572]), 9: array([15.2792185])}
2025-05-12 11:41:05,820 - DEBUG - util_fusion - fusion_dual_defense - client 3 norm scores: {0: array([0.76918337]), 1: array([0.34833755]), 2: array([0.97654203]), 3: array([1.]), 4: array([0.9177169]), 5: array([0.57676666]), 6: array([0.54008168]), 7: array([0.]), 8: array([0.75210117]), 9: array([0.94975702])}
2025-05-12 11:41:05,820 - DEBUG - util_fusion - fusion_dual_defense - client 3 similarity threshold: 0.6830486375026916
2025-05-12 11:41:05,820 - INFO - util_fusion - fusion_dual_defense - client 3 selected fusion benigns: [0, 2, 3, 4, 8, 9]
2025-05-12 11:41:05,828 - DEBUG - util_fusion - fusion_dual_defense - client 4 scores: {0: array([15.27920682]), 1: array([15.2791796]), 2: array([15.27922023]), 3: array([15.27922175]), 4: array([15.27921643]), 5: array([15.27919438]), 6: array([15.279192]), 7: array([15.27915708]), 8: array([15.27920572]), 9: array([15.2792185])}
2025-05-12 11:41:05,829 - DEBUG - util_fusion - fusion_dual_defense - client 4 norm scores: {0: array([0.76918337]), 1: array([0.34833755]), 2: array([0.97654203]), 3: array([1.]), 4: array([0.9177169]), 5: array([0.57676666]), 6: array([0.54008168]), 7: array([0.]), 8: array([0.75210117]), 9: array([0.94975702])}
2025-05-12 11:41:05,829 - DEBUG - util_fusion - fusion_dual_defense - client 4 similarity threshold: 0.6830486375026916
2025-05-12 11:41:05,829 - INFO - util_fusion - fusion_dual_defense - client 4 selected fusion benigns: [0, 2, 3, 4, 8, 9]
2025-05-12 11:41:05,838 - DEBUG - util_fusion - fusion_dual_defense - client 5 scores: {0: array([15.27920682]), 1: array([15.2791796]), 2: array([15.27922023]), 3: array([15.27922175]), 4: array([15.27921643]), 5: array([15.27919438]), 6: array([15.279192]), 7: array([15.27915708]), 8: array([15.27920572]), 9: array([15.2792185])}
2025-05-12 11:41:05,838 - DEBUG - util_fusion - fusion_dual_defense - client 5 norm scores: {0: array([0.76918337]), 1: array([0.34833755]), 2: array([0.97654203]), 3: array([1.]), 4: array([0.9177169]), 5: array([0.57676666]), 6: array([0.54008168]), 7: array([0.]), 8: array([0.75210117]), 9: array([0.94975702])}
2025-05-12 11:41:05,838 - DEBUG - util_fusion - fusion_dual_defense - client 5 similarity threshold: 0.6830486375026916
2025-05-12 11:41:05,838 - INFO - util_fusion - fusion_dual_defense - client 5 selected fusion benigns: [0, 2, 3, 4, 8, 9]
2025-05-12 11:41:05,847 - DEBUG - util_fusion - fusion_dual_defense - client 6 scores: {0: array([15.27920682]), 1: array([15.2791796]), 2: array([15.27922023]), 3: array([15.27922175]), 4: array([15.27921643]), 5: array([15.27919438]), 6: array([15.279192]), 7: array([15.27915708]), 8: array([15.27920572]), 9: array([15.2792185])}
2025-05-12 11:41:05,847 - DEBUG - util_fusion - fusion_dual_defense - client 6 norm scores: {0: array([0.76918337]), 1: array([0.34833755]), 2: array([0.97654203]), 3: array([1.]), 4: array([0.9177169]), 5: array([0.57676666]), 6: array([0.54008168]), 7: array([0.]), 8: array([0.75210117]), 9: array([0.94975702])}
2025-05-12 11:41:05,847 - DEBUG - util_fusion - fusion_dual_defense - client 6 similarity threshold: 0.6830486375026916
2025-05-12 11:41:05,847 - INFO - util_fusion - fusion_dual_defense - client 6 selected fusion benigns: [0, 2, 3, 4, 8, 9]
2025-05-12 11:41:05,856 - DEBUG - util_fusion - fusion_dual_defense - client 7 scores: {0: array([15.27920682]), 1: array([15.2791796]), 2: array([15.27922023]), 3: array([15.27922175]), 4: array([15.27921643]), 5: array([15.27919438]), 6: array([15.279192]), 7: array([15.27915708]), 8: array([15.27920572]), 9: array([15.2792185])}
2025-05-12 11:41:05,857 - DEBUG - util_fusion - fusion_dual_defense - client 7 norm scores: {0: array([0.76918337]), 1: array([0.34833755]), 2: array([0.97654203]), 3: array([1.]), 4: array([0.9177169]), 5: array([0.57676666]), 6: array([0.54008168]), 7: array([0.]), 8: array([0.75210117]), 9: array([0.94975702])}
2025-05-12 11:41:05,857 - DEBUG - util_fusion - fusion_dual_defense - client 7 similarity threshold: 0.6830486375026916
2025-05-12 11:41:05,857 - INFO - util_fusion - fusion_dual_defense - client 7 selected fusion benigns: [0, 2, 3, 4, 8, 9]
2025-05-12 11:41:05,865 - DEBUG - util_fusion - fusion_dual_defense - client 8 scores: {0: array([15.27920682]), 1: array([15.2791796]), 2: array([15.27922023]), 3: array([15.27922175]), 4: array([15.27921643]), 5: array([15.27919438]), 6: array([15.279192]), 7: array([15.27915708]), 8: array([15.27920572]), 9: array([15.2792185])}
2025-05-12 11:41:05,866 - DEBUG - util_fusion - fusion_dual_defense - client 8 norm scores: {0: array([0.76918337]), 1: array([0.34833755]), 2: array([0.97654203]), 3: array([1.]), 4: array([0.9177169]), 5: array([0.57676666]), 6: array([0.54008168]), 7: array([0.]), 8: array([0.75210117]), 9: array([0.94975702])}
2025-05-12 11:41:05,866 - DEBUG - util_fusion - fusion_dual_defense - client 8 similarity threshold: 0.6830486375026916
2025-05-12 11:41:05,866 - INFO - util_fusion - fusion_dual_defense - client 8 selected fusion benigns: [0, 2, 3, 4, 8, 9]
2025-05-12 11:41:05,874 - DEBUG - util_fusion - fusion_dual_defense - client 9 scores: {0: array([15.27920682]), 1: array([15.2791796]), 2: array([15.27922023]), 3: array([15.27922175]), 4: array([15.27921643]), 5: array([15.27919438]), 6: array([15.279192]), 7: array([15.27915708]), 8: array([15.27920572]), 9: array([15.2792185])}
2025-05-12 11:41:05,875 - DEBUG - util_fusion - fusion_dual_defense - client 9 norm scores: {0: array([0.76918337]), 1: array([0.34833755]), 2: array([0.97654203]), 3: array([1.]), 4: array([0.9177169]), 5: array([0.57676666]), 6: array([0.54008168]), 7: array([0.]), 8: array([0.75210117]), 9: array([0.94975702])}
2025-05-12 11:41:05,875 - DEBUG - util_fusion - fusion_dual_defense - client 9 similarity threshold: 0.6830486375026916
2025-05-12 11:41:05,875 - INFO - util_fusion - fusion_dual_defense - client 9 selected fusion benigns: [0, 2, 3, 4, 8, 9]
2025-05-12 11:41:05,875 - DEBUG - util_fusion - fusion_dual_defense - final fusion benigns: (0, 2, 3, 4, 8, 9)
2025-05-12 11:41:07,629 - INFO - fl - start - global side -  test accuracy: 9.57
2025-05-12 11:41:07,629 - INFO - fl - start - global side iteration 13 -  test accuracy: 9.57
2025-05-12 11:41:07,630 - INFO - fl - start - start training round 14
2025-05-12 11:41:07,631 - INFO - fl - start - round 14 attackers: [8, 0]
2025-05-12 11:41:07,631 - INFO - fl - start - start client 0 training
2025-05-12 11:41:07,631 - INFO - fl - client_local_train - client 0 start local training ...
2025-05-12 11:41:09,183 - INFO - fl - client_local_train - client 0 is attacker, start poisoning model
2025-05-12 11:41:12,686 - INFO - fl - start - end client 0 training
2025-05-12 11:41:12,686 - INFO - fl - start - client 0 evaluation metrics: {'train_loss': 828.8395455678304, 'test_acc': 9.74}
2025-05-12 11:41:12,686 - INFO - fl - start - start client 1 training
2025-05-12 11:41:12,686 - INFO - fl - client_local_train - client 1 start local training ...
2025-05-12 11:41:20,777 - INFO - fl - start - end client 1 training
2025-05-12 11:41:20,777 - INFO - fl - start - client 1 evaluation metrics: {'train_loss': 245.86259717826383, 'test_acc': 9.82}
2025-05-12 11:41:20,777 - INFO - fl - start - start client 2 training
2025-05-12 11:41:20,777 - INFO - fl - client_local_train - client 2 start local training ...
2025-05-12 11:41:23,507 - INFO - fl - start - end client 2 training
2025-05-12 11:41:23,507 - INFO - fl - start - client 2 evaluation metrics: {'train_loss': 1.8649622849055698, 'test_acc': 11.35}
2025-05-12 11:41:23,507 - INFO - fl - start - start client 3 training
2025-05-12 11:41:23,507 - INFO - fl - client_local_train - client 3 start local training ...
2025-05-12 11:41:25,993 - INFO - fl - start - end client 3 training
2025-05-12 11:41:25,994 - INFO - fl - start - client 3 evaluation metrics: {'train_loss': 38.40023501165982, 'test_acc': 9.74}
2025-05-12 11:41:25,994 - INFO - fl - start - start client 4 training
2025-05-12 11:41:26,002 - INFO - fl - client_local_train - client 4 start local training ...
2025-05-12 11:41:29,405 - INFO - fl - start - end client 4 training
2025-05-12 11:41:29,405 - INFO - fl - start - client 4 evaluation metrics: {'train_loss': 3.912275106299157, 'test_acc': 9.57}
2025-05-12 11:41:29,405 - INFO - fl - start - start client 5 training
2025-05-12 11:41:29,405 - INFO - fl - client_local_train - client 5 start local training ...
2025-05-12 11:41:35,807 - INFO - fl - start - end client 5 training
2025-05-12 11:41:35,807 - INFO - fl - start - client 5 evaluation metrics: {'train_loss': 867.2222457393523, 'test_acc': 11.35}
2025-05-12 11:41:35,807 - INFO - fl - start - start client 6 training
2025-05-12 11:41:35,807 - INFO - fl - client_local_train - client 6 start local training ...
2025-05-12 11:41:42,511 - INFO - fl - start - end client 6 training
2025-05-12 11:41:42,511 - INFO - fl - start - client 6 evaluation metrics: {'train_loss': 284.32468807336056, 'test_acc': 11.35}
2025-05-12 11:41:42,511 - INFO - fl - start - start client 7 training
2025-05-12 11:41:42,511 - INFO - fl - client_local_train - client 7 start local training ...
2025-05-12 11:41:52,866 - INFO - fl - start - end client 7 training
2025-05-12 11:41:52,866 - INFO - fl - start - client 7 evaluation metrics: {'train_loss': 15.02642311122083, 'test_acc': 10.32}
2025-05-12 11:41:52,866 - INFO - fl - start - start client 8 training
2025-05-12 11:41:52,866 - INFO - fl - client_local_train - client 8 start local training ...
2025-05-12 11:41:55,715 - INFO - fl - client_local_train - client 8 is attacker, start poisoning model
2025-05-12 11:41:59,917 - INFO - fl - start - end client 8 training
2025-05-12 11:41:59,917 - INFO - fl - start - client 8 evaluation metrics: {'train_loss': 1593.9650707459182, 'test_acc': 9.57}
2025-05-12 11:41:59,917 - INFO - fl - start - start client 9 training
2025-05-12 11:41:59,917 - INFO - fl - client_local_train - client 9 start local training ...
2025-05-12 11:42:03,199 - INFO - fl - start - end client 9 training
2025-05-12 11:42:03,199 - INFO - fl - start - client 9 evaluation metrics: {'train_loss': 24.416508411367733, 'test_acc': 11.35}
2025-05-12 11:42:03,199 - INFO - fl - aggregate_model - start model aggregation...fusion method: dual_defense
2025-05-12 11:42:03,199 - INFO - fl - aggregate_model - start hyper-guard fusion with epsilon 0.01
2025-05-12 11:42:03,199 - INFO - fl - aggregate_model - round 14 attackers: [8, 0]
2025-05-12 11:42:13,962 - DEBUG - util_fusion - fusion_dual_defense - client 0 scores: {0: array([0.88012351]), 1: array([0.88012104]), 2: array([0.88012373]), 3: array([0.88012337]), 4: array([0.88012311]), 5: array([0.88012219]), 6: array([0.88012183]), 7: array([0.88012015]), 8: array([0.88012259]), 9: array([0.8801235])}
2025-05-12 11:42:13,963 - DEBUG - util_fusion - fusion_dual_defense - client 0 norm scores: {0: array([0.93995302]), 1: array([0.24808756]), 2: array([1.]), 3: array([0.89926312]), 4: array([0.82815721]), 5: array([0.57093527]), 6: array([0.46842761]), 7: array([0.]), 8: array([0.68184468]), 9: array([0.93665391])}
2025-05-12 11:42:13,963 - DEBUG - util_fusion - fusion_dual_defense - client 0 similarity threshold: 0.6573322380831101
2025-05-12 11:42:13,963 - INFO - util_fusion - fusion_dual_defense - client 0 selected fusion benigns: [0, 2, 3, 4, 8, 9]
2025-05-12 11:42:13,972 - DEBUG - util_fusion - fusion_dual_defense - client 1 scores: {0: array([0.88012351]), 1: array([0.88012104]), 2: array([0.88012373]), 3: array([0.88012337]), 4: array([0.88012311]), 5: array([0.88012219]), 6: array([0.88012183]), 7: array([0.88012015]), 8: array([0.88012259]), 9: array([0.8801235])}
2025-05-12 11:42:13,973 - DEBUG - util_fusion - fusion_dual_defense - client 1 norm scores: {0: array([0.93995302]), 1: array([0.24808756]), 2: array([1.]), 3: array([0.89926312]), 4: array([0.82815721]), 5: array([0.57093527]), 6: array([0.46842761]), 7: array([0.]), 8: array([0.68184468]), 9: array([0.93665391])}
2025-05-12 11:42:13,973 - DEBUG - util_fusion - fusion_dual_defense - client 1 similarity threshold: 0.6573322380831101
2025-05-12 11:42:13,973 - INFO - util_fusion - fusion_dual_defense - client 1 selected fusion benigns: [0, 2, 3, 4, 8, 9]
2025-05-12 11:42:13,981 - DEBUG - util_fusion - fusion_dual_defense - client 2 scores: {0: array([0.88012351]), 1: array([0.88012104]), 2: array([0.88012373]), 3: array([0.88012337]), 4: array([0.88012311]), 5: array([0.88012219]), 6: array([0.88012183]), 7: array([0.88012015]), 8: array([0.88012259]), 9: array([0.8801235])}
2025-05-12 11:42:13,982 - DEBUG - util_fusion - fusion_dual_defense - client 2 norm scores: {0: array([0.93995302]), 1: array([0.24808756]), 2: array([1.]), 3: array([0.89926312]), 4: array([0.82815721]), 5: array([0.57093527]), 6: array([0.46842761]), 7: array([0.]), 8: array([0.68184468]), 9: array([0.93665391])}
2025-05-12 11:42:13,982 - DEBUG - util_fusion - fusion_dual_defense - client 2 similarity threshold: 0.6573322380831101
2025-05-12 11:42:13,982 - INFO - util_fusion - fusion_dual_defense - client 2 selected fusion benigns: [0, 2, 3, 4, 8, 9]
2025-05-12 11:42:13,990 - DEBUG - util_fusion - fusion_dual_defense - client 3 scores: {0: array([0.88012351]), 1: array([0.88012104]), 2: array([0.88012373]), 3: array([0.88012337]), 4: array([0.88012311]), 5: array([0.88012219]), 6: array([0.88012183]), 7: array([0.88012015]), 8: array([0.88012259]), 9: array([0.8801235])}
2025-05-12 11:42:13,991 - DEBUG - util_fusion - fusion_dual_defense - client 3 norm scores: {0: array([0.93995302]), 1: array([0.24808756]), 2: array([1.]), 3: array([0.89926312]), 4: array([0.82815721]), 5: array([0.57093527]), 6: array([0.46842761]), 7: array([0.]), 8: array([0.68184468]), 9: array([0.93665391])}
2025-05-12 11:42:13,991 - DEBUG - util_fusion - fusion_dual_defense - client 3 similarity threshold: 0.6573322380831101
2025-05-12 11:42:13,991 - INFO - util_fusion - fusion_dual_defense - client 3 selected fusion benigns: [0, 2, 3, 4, 8, 9]
2025-05-12 11:42:13,999 - DEBUG - util_fusion - fusion_dual_defense - client 4 scores: {0: array([0.88012351]), 1: array([0.88012104]), 2: array([0.88012373]), 3: array([0.88012337]), 4: array([0.88012311]), 5: array([0.88012219]), 6: array([0.88012183]), 7: array([0.88012015]), 8: array([0.88012259]), 9: array([0.8801235])}
2025-05-12 11:42:14,000 - DEBUG - util_fusion - fusion_dual_defense - client 4 norm scores: {0: array([0.93995302]), 1: array([0.24808756]), 2: array([1.]), 3: array([0.89926312]), 4: array([0.82815721]), 5: array([0.57093527]), 6: array([0.46842761]), 7: array([0.]), 8: array([0.68184468]), 9: array([0.93665391])}
2025-05-12 11:42:14,000 - DEBUG - util_fusion - fusion_dual_defense - client 4 similarity threshold: 0.6573322380831101
2025-05-12 11:42:14,000 - INFO - util_fusion - fusion_dual_defense - client 4 selected fusion benigns: [0, 2, 3, 4, 8, 9]
2025-05-12 11:42:14,008 - DEBUG - util_fusion - fusion_dual_defense - client 5 scores: {0: array([0.88012351]), 1: array([0.88012104]), 2: array([0.88012373]), 3: array([0.88012337]), 4: array([0.88012311]), 5: array([0.88012219]), 6: array([0.88012183]), 7: array([0.88012015]), 8: array([0.88012259]), 9: array([0.8801235])}
2025-05-12 11:42:14,009 - DEBUG - util_fusion - fusion_dual_defense - client 5 norm scores: {0: array([0.93995302]), 1: array([0.24808756]), 2: array([1.]), 3: array([0.89926312]), 4: array([0.82815721]), 5: array([0.57093527]), 6: array([0.46842761]), 7: array([0.]), 8: array([0.68184468]), 9: array([0.93665391])}
2025-05-12 11:42:14,009 - DEBUG - util_fusion - fusion_dual_defense - client 5 similarity threshold: 0.6573322380831101
2025-05-12 11:42:14,009 - INFO - util_fusion - fusion_dual_defense - client 5 selected fusion benigns: [0, 2, 3, 4, 8, 9]
2025-05-12 11:42:14,017 - DEBUG - util_fusion - fusion_dual_defense - client 6 scores: {0: array([0.88012351]), 1: array([0.88012104]), 2: array([0.88012373]), 3: array([0.88012337]), 4: array([0.88012311]), 5: array([0.88012219]), 6: array([0.88012183]), 7: array([0.88012015]), 8: array([0.88012259]), 9: array([0.8801235])}
2025-05-12 11:42:14,018 - DEBUG - util_fusion - fusion_dual_defense - client 6 norm scores: {0: array([0.93995302]), 1: array([0.24808756]), 2: array([1.]), 3: array([0.89926312]), 4: array([0.82815721]), 5: array([0.57093527]), 6: array([0.46842761]), 7: array([0.]), 8: array([0.68184468]), 9: array([0.93665391])}
2025-05-12 11:42:14,018 - DEBUG - util_fusion - fusion_dual_defense - client 6 similarity threshold: 0.6573322380831101
2025-05-12 11:42:14,018 - INFO - util_fusion - fusion_dual_defense - client 6 selected fusion benigns: [0, 2, 3, 4, 8, 9]
2025-05-12 11:42:14,026 - DEBUG - util_fusion - fusion_dual_defense - client 7 scores: {0: array([0.88012351]), 1: array([0.88012104]), 2: array([0.88012373]), 3: array([0.88012337]), 4: array([0.88012311]), 5: array([0.88012219]), 6: array([0.88012183]), 7: array([0.88012015]), 8: array([0.88012259]), 9: array([0.8801235])}
2025-05-12 11:42:14,027 - DEBUG - util_fusion - fusion_dual_defense - client 7 norm scores: {0: array([0.93995302]), 1: array([0.24808756]), 2: array([1.]), 3: array([0.89926312]), 4: array([0.82815721]), 5: array([0.57093527]), 6: array([0.46842761]), 7: array([0.]), 8: array([0.68184468]), 9: array([0.93665391])}
2025-05-12 11:42:14,027 - DEBUG - util_fusion - fusion_dual_defense - client 7 similarity threshold: 0.6573322380831101
2025-05-12 11:42:14,027 - INFO - util_fusion - fusion_dual_defense - client 7 selected fusion benigns: [0, 2, 3, 4, 8, 9]
2025-05-12 11:42:14,035 - DEBUG - util_fusion - fusion_dual_defense - client 8 scores: {0: array([0.88012351]), 1: array([0.88012104]), 2: array([0.88012373]), 3: array([0.88012337]), 4: array([0.88012311]), 5: array([0.88012219]), 6: array([0.88012183]), 7: array([0.88012015]), 8: array([0.88012259]), 9: array([0.8801235])}
2025-05-12 11:42:14,036 - DEBUG - util_fusion - fusion_dual_defense - client 8 norm scores: {0: array([0.93995302]), 1: array([0.24808756]), 2: array([1.]), 3: array([0.89926312]), 4: array([0.82815721]), 5: array([0.57093527]), 6: array([0.46842761]), 7: array([0.]), 8: array([0.68184468]), 9: array([0.93665391])}
2025-05-12 11:42:14,036 - DEBUG - util_fusion - fusion_dual_defense - client 8 similarity threshold: 0.6573322380831101
2025-05-12 11:42:14,036 - INFO - util_fusion - fusion_dual_defense - client 8 selected fusion benigns: [0, 2, 3, 4, 8, 9]
2025-05-12 11:42:14,045 - DEBUG - util_fusion - fusion_dual_defense - client 9 scores: {0: array([0.88012351]), 1: array([0.88012104]), 2: array([0.88012373]), 3: array([0.88012337]), 4: array([0.88012311]), 5: array([0.88012219]), 6: array([0.88012183]), 7: array([0.88012015]), 8: array([0.88012259]), 9: array([0.8801235])}
2025-05-12 11:42:14,045 - DEBUG - util_fusion - fusion_dual_defense - client 9 norm scores: {0: array([0.93995302]), 1: array([0.24808756]), 2: array([1.]), 3: array([0.89926312]), 4: array([0.82815721]), 5: array([0.57093527]), 6: array([0.46842761]), 7: array([0.]), 8: array([0.68184468]), 9: array([0.93665391])}
2025-05-12 11:42:14,045 - DEBUG - util_fusion - fusion_dual_defense - client 9 similarity threshold: 0.6573322380831101
2025-05-12 11:42:14,045 - INFO - util_fusion - fusion_dual_defense - client 9 selected fusion benigns: [0, 2, 3, 4, 8, 9]
2025-05-12 11:42:14,045 - DEBUG - util_fusion - fusion_dual_defense - final fusion benigns: (0, 2, 3, 4, 8, 9)
2025-05-12 11:42:15,798 - INFO - fl - start - global side -  test accuracy: 9.57
2025-05-12 11:42:15,798 - INFO - fl - start - global side iteration 14 -  test accuracy: 9.57
2025-05-12 11:42:15,799 - INFO - fl - start - start training round 15
2025-05-12 11:42:15,800 - INFO - fl - start - round 15 attackers: [5, 1]
2025-05-12 11:42:15,800 - INFO - fl - start - start client 0 training
2025-05-12 11:42:15,800 - INFO - fl - client_local_train - client 0 start local training ...
2025-05-12 11:42:19,127 - INFO - fl - start - end client 0 training
2025-05-12 11:42:19,127 - INFO - fl - start - client 0 evaluation metrics: {'train_loss': 435.05567773183185, 'test_acc': 9.74}
2025-05-12 11:42:19,127 - INFO - fl - start - start client 1 training
2025-05-12 11:42:19,127 - INFO - fl - client_local_train - client 1 start local training ...
2025-05-12 11:42:24,477 - INFO - fl - client_local_train - client 1 is attacker, start poisoning model
2025-05-12 11:42:30,013 - INFO - fl - start - end client 1 training
2025-05-12 11:42:30,013 - INFO - fl - start - client 1 evaluation metrics: {'train_loss': 8296.489287227034, 'test_acc': 9.82}
2025-05-12 11:42:30,013 - INFO - fl - start - start client 2 training
2025-05-12 11:42:30,013 - INFO - fl - client_local_train - client 2 start local training ...
2025-05-12 11:42:32,750 - INFO - fl - start - end client 2 training
2025-05-12 11:42:32,750 - INFO - fl - start - client 2 evaluation metrics: {'train_loss': 2.8905601348195757, 'test_acc': 11.35}
2025-05-12 11:42:32,750 - INFO - fl - start - start client 3 training
2025-05-12 11:42:32,751 - INFO - fl - client_local_train - client 3 start local training ...
2025-05-12 11:42:35,247 - INFO - fl - start - end client 3 training
2025-05-12 11:42:35,247 - INFO - fl - start - client 3 evaluation metrics: {'train_loss': 156.83317434376684, 'test_acc': 9.74}
2025-05-12 11:42:35,247 - INFO - fl - start - start client 4 training
2025-05-12 11:42:35,256 - INFO - fl - client_local_train - client 4 start local training ...
2025-05-12 11:42:38,656 - INFO - fl - start - end client 4 training
2025-05-12 11:42:38,656 - INFO - fl - start - client 4 evaluation metrics: {'train_loss': 13.042336098119325, 'test_acc': 9.57}
2025-05-12 11:42:38,656 - INFO - fl - start - start client 5 training
2025-05-12 11:42:38,656 - INFO - fl - client_local_train - client 5 start local training ...
2025-05-12 11:42:42,666 - INFO - fl - client_local_train - client 5 is attacker, start poisoning model
2025-05-12 11:42:47,475 - INFO - fl - start - end client 5 training
2025-05-12 11:42:47,475 - INFO - fl - start - client 5 evaluation metrics: {'train_loss': 29590.30093876008, 'test_acc': 11.35}
2025-05-12 11:42:47,475 - INFO - fl - start - start client 6 training
2025-05-12 11:42:47,475 - INFO - fl - client_local_train - client 6 start local training ...
2025-05-12 11:42:54,186 - INFO - fl - start - end client 6 training
2025-05-12 11:42:54,187 - INFO - fl - start - client 6 evaluation metrics: {'train_loss': 1224.946986805309, 'test_acc': 11.35}
2025-05-12 11:42:54,187 - INFO - fl - start - start client 7 training
2025-05-12 11:42:54,187 - INFO - fl - client_local_train - client 7 start local training ...
2025-05-12 11:43:04,561 - INFO - fl - start - end client 7 training
2025-05-12 11:43:04,561 - INFO - fl - start - client 7 evaluation metrics: {'train_loss': 58.43456268256606, 'test_acc': 10.32}
2025-05-12 11:43:04,561 - INFO - fl - start - start client 8 training
2025-05-12 11:43:04,561 - INFO - fl - client_local_train - client 8 start local training ...
2025-05-12 11:43:09,514 - INFO - fl - start - end client 8 training
2025-05-12 11:43:09,514 - INFO - fl - start - client 8 evaluation metrics: {'train_loss': 833.6130299085982, 'test_acc': 9.57}
2025-05-12 11:43:09,514 - INFO - fl - start - start client 9 training
2025-05-12 11:43:09,514 - INFO - fl - client_local_train - client 9 start local training ...
2025-05-12 11:43:12,807 - INFO - fl - start - end client 9 training
2025-05-12 11:43:12,807 - INFO - fl - start - client 9 evaluation metrics: {'train_loss': 100.11044795314471, 'test_acc': 11.35}
2025-05-12 11:43:12,807 - INFO - fl - aggregate_model - start model aggregation...fusion method: dual_defense
2025-05-12 11:43:12,807 - INFO - fl - aggregate_model - start hyper-guard fusion with epsilon 0.01
2025-05-12 11:43:12,807 - INFO - fl - aggregate_model - round 15 attackers: [1, 5]
2025-05-12 11:43:23,595 - DEBUG - util_fusion - fusion_dual_defense - client 0 scores: {0: array([31.84790449]), 1: array([31.84571965]), 2: array([31.84811503]), 3: array([31.84822062]), 4: array([31.84784091]), 5: array([31.84651635]), 6: array([31.84636998]), 7: array([31.84479265]), 8: array([31.84715376]), 9: array([31.84789296])}
2025-05-12 11:43:23,596 - DEBUG - util_fusion - fusion_dual_defense - client 0 norm scores: {0: array([0.90777884]), 1: array([0.27042243]), 2: array([0.96919617]), 3: array([1.]), 4: array([0.88923052]), 5: array([0.50283405]), 6: array([0.46013577]), 7: array([0.]), 8: array([0.68877876]), 9: array([0.90441536])}
2025-05-12 11:43:23,596 - DEBUG - util_fusion - fusion_dual_defense - client 0 similarity threshold: 0.6592791900905814
2025-05-12 11:43:23,596 - INFO - util_fusion - fusion_dual_defense - client 0 selected fusion benigns: [0, 2, 3, 4, 8, 9]
2025-05-12 11:43:23,605 - DEBUG - util_fusion - fusion_dual_defense - client 1 scores: {0: array([31.84790449]), 1: array([31.84571965]), 2: array([31.84811503]), 3: array([31.84822062]), 4: array([31.84784091]), 5: array([31.84651635]), 6: array([31.84636998]), 7: array([31.84479265]), 8: array([31.84715376]), 9: array([31.84789296])}
2025-05-12 11:43:23,605 - DEBUG - util_fusion - fusion_dual_defense - client 1 norm scores: {0: array([0.90777884]), 1: array([0.27042243]), 2: array([0.96919617]), 3: array([1.]), 4: array([0.88923052]), 5: array([0.50283405]), 6: array([0.46013577]), 7: array([0.]), 8: array([0.68877876]), 9: array([0.90441536])}
2025-05-12 11:43:23,606 - DEBUG - util_fusion - fusion_dual_defense - client 1 similarity threshold: 0.6592791900905814
2025-05-12 11:43:23,606 - INFO - util_fusion - fusion_dual_defense - client 1 selected fusion benigns: [0, 2, 3, 4, 8, 9]
2025-05-12 11:43:23,614 - DEBUG - util_fusion - fusion_dual_defense - client 2 scores: {0: array([31.84790449]), 1: array([31.84571965]), 2: array([31.84811503]), 3: array([31.84822062]), 4: array([31.84784091]), 5: array([31.84651635]), 6: array([31.84636998]), 7: array([31.84479265]), 8: array([31.84715376]), 9: array([31.84789296])}
2025-05-12 11:43:23,615 - DEBUG - util_fusion - fusion_dual_defense - client 2 norm scores: {0: array([0.90777884]), 1: array([0.27042243]), 2: array([0.96919617]), 3: array([1.]), 4: array([0.88923052]), 5: array([0.50283405]), 6: array([0.46013577]), 7: array([0.]), 8: array([0.68877876]), 9: array([0.90441536])}
2025-05-12 11:43:23,615 - DEBUG - util_fusion - fusion_dual_defense - client 2 similarity threshold: 0.6592791900905814
2025-05-12 11:43:23,615 - INFO - util_fusion - fusion_dual_defense - client 2 selected fusion benigns: [0, 2, 3, 4, 8, 9]
2025-05-12 11:43:23,623 - DEBUG - util_fusion - fusion_dual_defense - client 3 scores: {0: array([31.84790449]), 1: array([31.84571965]), 2: array([31.84811503]), 3: array([31.84822062]), 4: array([31.84784091]), 5: array([31.84651635]), 6: array([31.84636998]), 7: array([31.84479265]), 8: array([31.84715376]), 9: array([31.84789296])}
2025-05-12 11:43:23,624 - DEBUG - util_fusion - fusion_dual_defense - client 3 norm scores: {0: array([0.90777884]), 1: array([0.27042243]), 2: array([0.96919617]), 3: array([1.]), 4: array([0.88923052]), 5: array([0.50283405]), 6: array([0.46013577]), 7: array([0.]), 8: array([0.68877876]), 9: array([0.90441536])}
2025-05-12 11:43:23,624 - DEBUG - util_fusion - fusion_dual_defense - client 3 similarity threshold: 0.6592791900905814
2025-05-12 11:43:23,624 - INFO - util_fusion - fusion_dual_defense - client 3 selected fusion benigns: [0, 2, 3, 4, 8, 9]
2025-05-12 11:43:23,632 - DEBUG - util_fusion - fusion_dual_defense - client 4 scores: {0: array([31.84790449]), 1: array([31.84571965]), 2: array([31.84811503]), 3: array([31.84822062]), 4: array([31.84784091]), 5: array([31.84651635]), 6: array([31.84636998]), 7: array([31.84479265]), 8: array([31.84715376]), 9: array([31.84789296])}
2025-05-12 11:43:23,633 - DEBUG - util_fusion - fusion_dual_defense - client 4 norm scores: {0: array([0.90777884]), 1: array([0.27042243]), 2: array([0.96919617]), 3: array([1.]), 4: array([0.88923052]), 5: array([0.50283405]), 6: array([0.46013577]), 7: array([0.]), 8: array([0.68877876]), 9: array([0.90441536])}
2025-05-12 11:43:23,633 - DEBUG - util_fusion - fusion_dual_defense - client 4 similarity threshold: 0.6592791900905814
2025-05-12 11:43:23,633 - INFO - util_fusion - fusion_dual_defense - client 4 selected fusion benigns: [0, 2, 3, 4, 8, 9]
2025-05-12 11:43:23,641 - DEBUG - util_fusion - fusion_dual_defense - client 5 scores: {0: array([31.84790449]), 1: array([31.84571965]), 2: array([31.84811503]), 3: array([31.84822062]), 4: array([31.84784091]), 5: array([31.84651635]), 6: array([31.84636998]), 7: array([31.84479265]), 8: array([31.84715376]), 9: array([31.84789296])}
2025-05-12 11:43:23,642 - DEBUG - util_fusion - fusion_dual_defense - client 5 norm scores: {0: array([0.90777884]), 1: array([0.27042243]), 2: array([0.96919617]), 3: array([1.]), 4: array([0.88923052]), 5: array([0.50283405]), 6: array([0.46013577]), 7: array([0.]), 8: array([0.68877876]), 9: array([0.90441536])}
2025-05-12 11:43:23,642 - DEBUG - util_fusion - fusion_dual_defense - client 5 similarity threshold: 0.6592791900905814
2025-05-12 11:43:23,642 - INFO - util_fusion - fusion_dual_defense - client 5 selected fusion benigns: [0, 2, 3, 4, 8, 9]
2025-05-12 11:43:23,650 - DEBUG - util_fusion - fusion_dual_defense - client 6 scores: {0: array([31.84790449]), 1: array([31.84571965]), 2: array([31.84811503]), 3: array([31.84822062]), 4: array([31.84784091]), 5: array([31.84651635]), 6: array([31.84636998]), 7: array([31.84479265]), 8: array([31.84715376]), 9: array([31.84789296])}
2025-05-12 11:43:23,651 - DEBUG - util_fusion - fusion_dual_defense - client 6 norm scores: {0: array([0.90777884]), 1: array([0.27042243]), 2: array([0.96919617]), 3: array([1.]), 4: array([0.88923052]), 5: array([0.50283405]), 6: array([0.46013577]), 7: array([0.]), 8: array([0.68877876]), 9: array([0.90441536])}
2025-05-12 11:43:23,651 - DEBUG - util_fusion - fusion_dual_defense - client 6 similarity threshold: 0.6592791900905814
2025-05-12 11:43:23,651 - INFO - util_fusion - fusion_dual_defense - client 6 selected fusion benigns: [0, 2, 3, 4, 8, 9]
2025-05-12 11:43:23,659 - DEBUG - util_fusion - fusion_dual_defense - client 7 scores: {0: array([31.84790449]), 1: array([31.84571965]), 2: array([31.84811503]), 3: array([31.84822062]), 4: array([31.84784091]), 5: array([31.84651635]), 6: array([31.84636998]), 7: array([31.84479265]), 8: array([31.84715376]), 9: array([31.84789296])}
2025-05-12 11:43:23,660 - DEBUG - util_fusion - fusion_dual_defense - client 7 norm scores: {0: array([0.90777884]), 1: array([0.27042243]), 2: array([0.96919617]), 3: array([1.]), 4: array([0.88923052]), 5: array([0.50283405]), 6: array([0.46013577]), 7: array([0.]), 8: array([0.68877876]), 9: array([0.90441536])}
2025-05-12 11:43:23,660 - DEBUG - util_fusion - fusion_dual_defense - client 7 similarity threshold: 0.6592791900905814
2025-05-12 11:43:23,660 - INFO - util_fusion - fusion_dual_defense - client 7 selected fusion benigns: [0, 2, 3, 4, 8, 9]
2025-05-12 11:43:23,669 - DEBUG - util_fusion - fusion_dual_defense - client 8 scores: {0: array([31.84790449]), 1: array([31.84571965]), 2: array([31.84811503]), 3: array([31.84822062]), 4: array([31.84784091]), 5: array([31.84651635]), 6: array([31.84636998]), 7: array([31.84479265]), 8: array([31.84715376]), 9: array([31.84789296])}
2025-05-12 11:43:23,669 - DEBUG - util_fusion - fusion_dual_defense - client 8 norm scores: {0: array([0.90777884]), 1: array([0.27042243]), 2: array([0.96919617]), 3: array([1.]), 4: array([0.88923052]), 5: array([0.50283405]), 6: array([0.46013577]), 7: array([0.]), 8: array([0.68877876]), 9: array([0.90441536])}
2025-05-12 11:43:23,669 - DEBUG - util_fusion - fusion_dual_defense - client 8 similarity threshold: 0.6592791900905814
2025-05-12 11:43:23,669 - INFO - util_fusion - fusion_dual_defense - client 8 selected fusion benigns: [0, 2, 3, 4, 8, 9]
2025-05-12 11:43:23,678 - DEBUG - util_fusion - fusion_dual_defense - client 9 scores: {0: array([31.84790449]), 1: array([31.84571965]), 2: array([31.84811503]), 3: array([31.84822062]), 4: array([31.84784091]), 5: array([31.84651635]), 6: array([31.84636998]), 7: array([31.84479265]), 8: array([31.84715376]), 9: array([31.84789296])}
2025-05-12 11:43:23,678 - DEBUG - util_fusion - fusion_dual_defense - client 9 norm scores: {0: array([0.90777884]), 1: array([0.27042243]), 2: array([0.96919617]), 3: array([1.]), 4: array([0.88923052]), 5: array([0.50283405]), 6: array([0.46013577]), 7: array([0.]), 8: array([0.68877876]), 9: array([0.90441536])}
2025-05-12 11:43:23,678 - DEBUG - util_fusion - fusion_dual_defense - client 9 similarity threshold: 0.6592791900905814
2025-05-12 11:43:23,678 - INFO - util_fusion - fusion_dual_defense - client 9 selected fusion benigns: [0, 2, 3, 4, 8, 9]
2025-05-12 11:43:23,678 - DEBUG - util_fusion - fusion_dual_defense - final fusion benigns: (0, 2, 3, 4, 8, 9)
2025-05-12 11:43:25,433 - INFO - fl - start - global side -  test accuracy: 9.57
2025-05-12 11:43:25,433 - INFO - fl - start - global side iteration 15 -  test accuracy: 9.57
2025-05-12 11:43:25,433 - INFO - fl - start - start training round 16
2025-05-12 11:43:25,435 - INFO - fl - start - round 16 attackers: [2, 8]
2025-05-12 11:43:25,435 - INFO - fl - start - start client 0 training
2025-05-12 11:43:25,435 - INFO - fl - client_local_train - client 0 start local training ...
2025-05-12 11:43:28,737 - INFO - fl - start - end client 0 training
2025-05-12 11:43:28,737 - INFO - fl - start - client 0 evaluation metrics: {'train_loss': 434.40150451660156, 'test_acc': 9.74}
2025-05-12 11:43:28,737 - INFO - fl - start - start client 1 training
2025-05-12 11:43:28,737 - INFO - fl - client_local_train - client 1 start local training ...
2025-05-12 11:43:36,897 - INFO - fl - start - end client 1 training
2025-05-12 11:43:36,897 - INFO - fl - start - client 1 evaluation metrics: {'train_loss': 1035.825153764472, 'test_acc': 9.82}
2025-05-12 11:43:36,897 - INFO - fl - start - start client 2 training
2025-05-12 11:43:36,897 - INFO - fl - client_local_train - client 2 start local training ...
2025-05-12 11:43:38,006 - INFO - fl - client_local_train - client 2 is attacker, start poisoning model
2025-05-12 11:43:41,279 - INFO - fl - start - end client 2 training
2025-05-12 11:43:41,279 - INFO - fl - start - client 2 evaluation metrics: {'train_loss': 14.07953428540911, 'test_acc': 11.35}
2025-05-12 11:43:41,279 - INFO - fl - start - start client 3 training
2025-05-12 11:43:41,279 - INFO - fl - client_local_train - client 3 start local training ...
2025-05-12 11:43:43,770 - INFO - fl - start - end client 3 training
2025-05-12 11:43:43,770 - INFO - fl - start - client 3 evaluation metrics: {'train_loss': 159.16561021475957, 'test_acc': 9.74}
2025-05-12 11:43:43,770 - INFO - fl - start - start client 4 training
2025-05-12 11:43:43,770 - INFO - fl - client_local_train - client 4 start local training ...
2025-05-12 11:43:47,161 - INFO - fl - start - end client 4 training
2025-05-12 11:43:47,161 - INFO - fl - start - client 4 evaluation metrics: {'train_loss': 12.973215385979296, 'test_acc': 9.57}
2025-05-12 11:43:47,161 - INFO - fl - start - start client 5 training
2025-05-12 11:43:47,161 - INFO - fl - client_local_train - client 5 start local training ...
2025-05-12 11:43:53,557 - INFO - fl - start - end client 5 training
2025-05-12 11:43:53,557 - INFO - fl - start - client 5 evaluation metrics: {'train_loss': 3699.0015849451866, 'test_acc': 11.35}
2025-05-12 11:43:53,557 - INFO - fl - start - start client 6 training
2025-05-12 11:43:53,557 - INFO - fl - client_local_train - client 6 start local training ...
2025-05-12 11:44:00,308 - INFO - fl - start - end client 6 training
2025-05-12 11:44:00,308 - INFO - fl - start - client 6 evaluation metrics: {'train_loss': 1234.8126928156073, 'test_acc': 11.35}
2025-05-12 11:44:00,308 - INFO - fl - start - start client 7 training
2025-05-12 11:44:00,308 - INFO - fl - client_local_train - client 7 start local training ...
2025-05-12 11:44:10,700 - INFO - fl - start - end client 7 training
2025-05-12 11:44:10,700 - INFO - fl - start - client 7 evaluation metrics: {'train_loss': 58.37992504980769, 'test_acc': 10.32}
2025-05-12 11:44:10,700 - INFO - fl - start - start client 8 training
2025-05-12 11:44:10,700 - INFO - fl - client_local_train - client 8 start local training ...
2025-05-12 11:44:13,575 - INFO - fl - client_local_train - client 8 is attacker, start poisoning model
2025-05-12 11:44:17,761 - INFO - fl - start - end client 8 training
2025-05-12 11:44:17,761 - INFO - fl - start - client 8 evaluation metrics: {'train_loss': 6678.197479590941, 'test_acc': 9.57}
2025-05-12 11:44:17,761 - INFO - fl - start - start client 9 training
2025-05-12 11:44:17,761 - INFO - fl - client_local_train - client 9 start local training ...
2025-05-12 11:44:21,089 - INFO - fl - start - end client 9 training
2025-05-12 11:44:21,089 - INFO - fl - start - client 9 evaluation metrics: {'train_loss': 99.59045361479123, 'test_acc': 11.35}
2025-05-12 11:44:21,089 - INFO - fl - aggregate_model - start model aggregation...fusion method: dual_defense
2025-05-12 11:44:21,089 - INFO - fl - aggregate_model - start hyper-guard fusion with epsilon 0.01
2025-05-12 11:44:21,089 - INFO - fl - aggregate_model - round 16 attackers: [8, 2]
2025-05-12 11:44:31,880 - DEBUG - util_fusion - fusion_dual_defense - client 0 scores: {0: array([17.67832218]), 1: array([17.67704785]), 2: array([17.67846844]), 3: array([17.67853663]), 4: array([17.67828747]), 5: array([17.67748526]), 6: array([17.6773966]), 7: array([17.67655036]), 8: array([17.67786419]), 9: array([17.67832142])}
2025-05-12 11:44:31,881 - DEBUG - util_fusion - fusion_dual_defense - client 0 norm scores: {0: array([0.89203429]), 1: array([0.25046111]), 2: array([0.96567023]), 3: array([1.]), 4: array([0.87455504]), 5: array([0.47067787]), 6: array([0.42604294]), 7: array([0.]), 8: array([0.66145436]), 9: array([0.89165083])}
2025-05-12 11:44:31,881 - DEBUG - util_fusion - fusion_dual_defense - client 0 similarity threshold: 0.6432546673386237
2025-05-12 11:44:31,881 - INFO - util_fusion - fusion_dual_defense - client 0 selected fusion benigns: [0, 2, 3, 4, 8, 9]
2025-05-12 11:44:31,889 - DEBUG - util_fusion - fusion_dual_defense - client 1 scores: {0: array([17.67832218]), 1: array([17.67704785]), 2: array([17.67846844]), 3: array([17.67853663]), 4: array([17.67828747]), 5: array([17.67748526]), 6: array([17.6773966]), 7: array([17.67655036]), 8: array([17.67786419]), 9: array([17.67832142])}
2025-05-12 11:44:31,890 - DEBUG - util_fusion - fusion_dual_defense - client 1 norm scores: {0: array([0.89203429]), 1: array([0.25046111]), 2: array([0.96567023]), 3: array([1.]), 4: array([0.87455504]), 5: array([0.47067787]), 6: array([0.42604294]), 7: array([0.]), 8: array([0.66145436]), 9: array([0.89165083])}
2025-05-12 11:44:31,890 - DEBUG - util_fusion - fusion_dual_defense - client 1 similarity threshold: 0.6432546673386237
2025-05-12 11:44:31,890 - INFO - util_fusion - fusion_dual_defense - client 1 selected fusion benigns: [0, 2, 3, 4, 8, 9]
2025-05-12 11:44:31,898 - DEBUG - util_fusion - fusion_dual_defense - client 2 scores: {0: array([17.67832218]), 1: array([17.67704785]), 2: array([17.67846844]), 3: array([17.67853663]), 4: array([17.67828747]), 5: array([17.67748526]), 6: array([17.6773966]), 7: array([17.67655036]), 8: array([17.67786419]), 9: array([17.67832142])}
2025-05-12 11:44:31,899 - DEBUG - util_fusion - fusion_dual_defense - client 2 norm scores: {0: array([0.89203429]), 1: array([0.25046111]), 2: array([0.96567023]), 3: array([1.]), 4: array([0.87455504]), 5: array([0.47067787]), 6: array([0.42604294]), 7: array([0.]), 8: array([0.66145436]), 9: array([0.89165083])}
2025-05-12 11:44:31,899 - DEBUG - util_fusion - fusion_dual_defense - client 2 similarity threshold: 0.6432546673386237
2025-05-12 11:44:31,899 - INFO - util_fusion - fusion_dual_defense - client 2 selected fusion benigns: [0, 2, 3, 4, 8, 9]
2025-05-12 11:44:31,907 - DEBUG - util_fusion - fusion_dual_defense - client 3 scores: {0: array([17.67832218]), 1: array([17.67704785]), 2: array([17.67846844]), 3: array([17.67853663]), 4: array([17.67828747]), 5: array([17.67748526]), 6: array([17.6773966]), 7: array([17.67655036]), 8: array([17.67786419]), 9: array([17.67832142])}
2025-05-12 11:44:31,908 - DEBUG - util_fusion - fusion_dual_defense - client 3 norm scores: {0: array([0.89203429]), 1: array([0.25046111]), 2: array([0.96567023]), 3: array([1.]), 4: array([0.87455504]), 5: array([0.47067787]), 6: array([0.42604294]), 7: array([0.]), 8: array([0.66145436]), 9: array([0.89165083])}
2025-05-12 11:44:31,908 - DEBUG - util_fusion - fusion_dual_defense - client 3 similarity threshold: 0.6432546673386237
2025-05-12 11:44:31,908 - INFO - util_fusion - fusion_dual_defense - client 3 selected fusion benigns: [0, 2, 3, 4, 8, 9]
2025-05-12 11:44:31,916 - DEBUG - util_fusion - fusion_dual_defense - client 4 scores: {0: array([17.67832218]), 1: array([17.67704785]), 2: array([17.67846844]), 3: array([17.67853663]), 4: array([17.67828747]), 5: array([17.67748526]), 6: array([17.6773966]), 7: array([17.67655036]), 8: array([17.67786419]), 9: array([17.67832142])}
2025-05-12 11:44:31,917 - DEBUG - util_fusion - fusion_dual_defense - client 4 norm scores: {0: array([0.89203429]), 1: array([0.25046111]), 2: array([0.96567023]), 3: array([1.]), 4: array([0.87455504]), 5: array([0.47067787]), 6: array([0.42604294]), 7: array([0.]), 8: array([0.66145436]), 9: array([0.89165083])}
2025-05-12 11:44:31,917 - DEBUG - util_fusion - fusion_dual_defense - client 4 similarity threshold: 0.6432546673386237
2025-05-12 11:44:31,917 - INFO - util_fusion - fusion_dual_defense - client 4 selected fusion benigns: [0, 2, 3, 4, 8, 9]
2025-05-12 11:44:31,925 - DEBUG - util_fusion - fusion_dual_defense - client 5 scores: {0: array([17.67832218]), 1: array([17.67704785]), 2: array([17.67846844]), 3: array([17.67853663]), 4: array([17.67828747]), 5: array([17.67748526]), 6: array([17.6773966]), 7: array([17.67655036]), 8: array([17.67786419]), 9: array([17.67832142])}
2025-05-12 11:44:31,926 - DEBUG - util_fusion - fusion_dual_defense - client 5 norm scores: {0: array([0.89203429]), 1: array([0.25046111]), 2: array([0.96567023]), 3: array([1.]), 4: array([0.87455504]), 5: array([0.47067787]), 6: array([0.42604294]), 7: array([0.]), 8: array([0.66145436]), 9: array([0.89165083])}
2025-05-12 11:44:31,926 - DEBUG - util_fusion - fusion_dual_defense - client 5 similarity threshold: 0.6432546673386237
2025-05-12 11:44:31,926 - INFO - util_fusion - fusion_dual_defense - client 5 selected fusion benigns: [0, 2, 3, 4, 8, 9]
2025-05-12 11:44:31,934 - DEBUG - util_fusion - fusion_dual_defense - client 6 scores: {0: array([17.67832218]), 1: array([17.67704785]), 2: array([17.67846844]), 3: array([17.67853663]), 4: array([17.67828747]), 5: array([17.67748526]), 6: array([17.6773966]), 7: array([17.67655036]), 8: array([17.67786419]), 9: array([17.67832142])}
2025-05-12 11:44:31,935 - DEBUG - util_fusion - fusion_dual_defense - client 6 norm scores: {0: array([0.89203429]), 1: array([0.25046111]), 2: array([0.96567023]), 3: array([1.]), 4: array([0.87455504]), 5: array([0.47067787]), 6: array([0.42604294]), 7: array([0.]), 8: array([0.66145436]), 9: array([0.89165083])}
2025-05-12 11:44:31,935 - DEBUG - util_fusion - fusion_dual_defense - client 6 similarity threshold: 0.6432546673386237
2025-05-12 11:44:31,935 - INFO - util_fusion - fusion_dual_defense - client 6 selected fusion benigns: [0, 2, 3, 4, 8, 9]
2025-05-12 11:44:31,943 - DEBUG - util_fusion - fusion_dual_defense - client 7 scores: {0: array([17.67832218]), 1: array([17.67704785]), 2: array([17.67846844]), 3: array([17.67853663]), 4: array([17.67828747]), 5: array([17.67748526]), 6: array([17.6773966]), 7: array([17.67655036]), 8: array([17.67786419]), 9: array([17.67832142])}
2025-05-12 11:44:31,944 - DEBUG - util_fusion - fusion_dual_defense - client 7 norm scores: {0: array([0.89203429]), 1: array([0.25046111]), 2: array([0.96567023]), 3: array([1.]), 4: array([0.87455504]), 5: array([0.47067787]), 6: array([0.42604294]), 7: array([0.]), 8: array([0.66145436]), 9: array([0.89165083])}
2025-05-12 11:44:31,944 - DEBUG - util_fusion - fusion_dual_defense - client 7 similarity threshold: 0.6432546673386237
2025-05-12 11:44:31,944 - INFO - util_fusion - fusion_dual_defense - client 7 selected fusion benigns: [0, 2, 3, 4, 8, 9]
2025-05-12 11:44:31,952 - DEBUG - util_fusion - fusion_dual_defense - client 8 scores: {0: array([17.67832218]), 1: array([17.67704785]), 2: array([17.67846844]), 3: array([17.67853663]), 4: array([17.67828747]), 5: array([17.67748526]), 6: array([17.6773966]), 7: array([17.67655036]), 8: array([17.67786419]), 9: array([17.67832142])}
2025-05-12 11:44:31,953 - DEBUG - util_fusion - fusion_dual_defense - client 8 norm scores: {0: array([0.89203429]), 1: array([0.25046111]), 2: array([0.96567023]), 3: array([1.]), 4: array([0.87455504]), 5: array([0.47067787]), 6: array([0.42604294]), 7: array([0.]), 8: array([0.66145436]), 9: array([0.89165083])}
2025-05-12 11:44:31,953 - DEBUG - util_fusion - fusion_dual_defense - client 8 similarity threshold: 0.6432546673386237
2025-05-12 11:44:31,953 - INFO - util_fusion - fusion_dual_defense - client 8 selected fusion benigns: [0, 2, 3, 4, 8, 9]
2025-05-12 11:44:31,961 - DEBUG - util_fusion - fusion_dual_defense - client 9 scores: {0: array([17.67832218]), 1: array([17.67704785]), 2: array([17.67846844]), 3: array([17.67853663]), 4: array([17.67828747]), 5: array([17.67748526]), 6: array([17.6773966]), 7: array([17.67655036]), 8: array([17.67786419]), 9: array([17.67832142])}
2025-05-12 11:44:31,962 - DEBUG - util_fusion - fusion_dual_defense - client 9 norm scores: {0: array([0.89203429]), 1: array([0.25046111]), 2: array([0.96567023]), 3: array([1.]), 4: array([0.87455504]), 5: array([0.47067787]), 6: array([0.42604294]), 7: array([0.]), 8: array([0.66145436]), 9: array([0.89165083])}
2025-05-12 11:44:31,962 - DEBUG - util_fusion - fusion_dual_defense - client 9 similarity threshold: 0.6432546673386237
2025-05-12 11:44:31,962 - INFO - util_fusion - fusion_dual_defense - client 9 selected fusion benigns: [0, 2, 3, 4, 8, 9]
2025-05-12 11:44:31,962 - DEBUG - util_fusion - fusion_dual_defense - final fusion benigns: (0, 2, 3, 4, 8, 9)
2025-05-12 11:44:33,711 - INFO - fl - start - global side -  test accuracy: 9.57
2025-05-12 11:44:33,712 - INFO - fl - start - global side iteration 16 -  test accuracy: 9.57
2025-05-12 11:44:33,712 - INFO - fl - start - start training round 17
2025-05-12 11:44:33,714 - INFO - fl - start - round 17 attackers: [8, 7]
2025-05-12 11:44:33,714 - INFO - fl - start - start client 0 training
2025-05-12 11:44:33,714 - INFO - fl - client_local_train - client 0 start local training ...
2025-05-12 11:44:37,001 - INFO - fl - start - end client 0 training
2025-05-12 11:44:37,001 - INFO - fl - start - client 0 evaluation metrics: {'train_loss': 1688.6157048543294, 'test_acc': 9.74}
2025-05-12 11:44:37,001 - INFO - fl - start - start client 1 training
2025-05-12 11:44:37,001 - INFO - fl - client_local_train - client 1 start local training ...
2025-05-12 11:44:45,144 - INFO - fl - start - end client 1 training
2025-05-12 11:44:45,144 - INFO - fl - start - client 1 evaluation metrics: {'train_loss': 4034.93697642131, 'test_acc': 9.82}
2025-05-12 11:44:45,144 - INFO - fl - start - start client 2 training
2025-05-12 11:44:45,144 - INFO - fl - client_local_train - client 2 start local training ...
2025-05-12 11:44:47,885 - INFO - fl - start - end client 2 training
2025-05-12 11:44:47,885 - INFO - fl - start - client 2 evaluation metrics: {'train_loss': 6.510680150985718, 'test_acc': 11.35}
2025-05-12 11:44:47,885 - INFO - fl - start - start client 3 training
2025-05-12 11:44:47,885 - INFO - fl - client_local_train - client 3 start local training ...
2025-05-12 11:44:50,380 - INFO - fl - start - end client 3 training
2025-05-12 11:44:50,380 - INFO - fl - start - client 3 evaluation metrics: {'train_loss': 626.0298851276266, 'test_acc': 9.74}
2025-05-12 11:44:50,380 - INFO - fl - start - start client 4 training
2025-05-12 11:44:50,388 - INFO - fl - client_local_train - client 4 start local training ...
2025-05-12 11:44:53,794 - INFO - fl - start - end client 4 training
2025-05-12 11:44:53,795 - INFO - fl - start - client 4 evaluation metrics: {'train_loss': 47.288157151025885, 'test_acc': 9.57}
2025-05-12 11:44:53,795 - INFO - fl - start - start client 5 training
2025-05-12 11:44:53,795 - INFO - fl - client_local_train - client 5 start local training ...
2025-05-12 11:45:00,175 - INFO - fl - start - end client 5 training
2025-05-12 11:45:00,175 - INFO - fl - start - client 5 evaluation metrics: {'train_loss': 14426.958708732358, 'test_acc': 11.35}
2025-05-12 11:45:00,175 - INFO - fl - start - start client 6 training
2025-05-12 11:45:00,175 - INFO - fl - client_local_train - client 6 start local training ...
2025-05-12 11:45:06,876 - INFO - fl - start - end client 6 training
2025-05-12 11:45:06,876 - INFO - fl - start - client 6 evaluation metrics: {'train_loss': 4795.473507043087, 'test_acc': 11.35}
2025-05-12 11:45:06,876 - INFO - fl - start - start client 7 training
2025-05-12 11:45:06,876 - INFO - fl - client_local_train - client 7 start local training ...
2025-05-12 11:45:13,946 - INFO - fl - client_local_train - client 7 is attacker, start poisoning model
2025-05-12 11:45:20,405 - INFO - fl - start - end client 7 training
2025-05-12 11:45:20,405 - INFO - fl - start - client 7 evaluation metrics: {'train_loss': 1800.3425840921532, 'test_acc': 10.09}
2025-05-12 11:45:20,405 - INFO - fl - start - start client 8 training
2025-05-12 11:45:20,405 - INFO - fl - client_local_train - client 8 start local training ...
2025-05-12 11:45:23,255 - INFO - fl - client_local_train - client 8 is attacker, start poisoning model
2025-05-12 11:45:27,448 - INFO - fl - start - end client 8 training
2025-05-12 11:45:27,448 - INFO - fl - start - client 8 evaluation metrics: {'train_loss': 25965.2342872191, 'test_acc': 9.57}
2025-05-12 11:45:27,448 - INFO - fl - start - start client 9 training
2025-05-12 11:45:27,448 - INFO - fl - client_local_train - client 9 start local training ...
2025-05-12 11:45:30,730 - INFO - fl - start - end client 9 training
2025-05-12 11:45:30,730 - INFO - fl - start - client 9 evaluation metrics: {'train_loss': 386.0024397969246, 'test_acc': 11.35}
2025-05-12 11:45:30,730 - INFO - fl - aggregate_model - start model aggregation...fusion method: dual_defense
2025-05-12 11:45:30,730 - INFO - fl - aggregate_model - start hyper-guard fusion with epsilon 0.01
2025-05-12 11:45:30,730 - INFO - fl - aggregate_model - round 17 attackers: [8, 7]
2025-05-12 11:45:41,483 - DEBUG - util_fusion - fusion_dual_defense - client 0 scores: {0: array([9.34431012]), 1: array([9.34457067]), 2: array([9.34427857]), 3: array([9.34426389]), 4: array([9.34431962]), 5: array([9.34450328]), 6: array([9.34451804]), 7: array([9.34464004]), 8: array([9.34441759]), 9: array([9.34431955])}
2025-05-12 11:45:41,484 - DEBUG - util_fusion - fusion_dual_defense - client 0 norm scores: {0: array([0.1228977]), 1: array([0.81557465]), 2: array([0.03903836]), 3: array([0.]), 4: array([0.14816828]), 5: array([0.63641651]), 6: array([0.67566058]), 7: array([1.]), 8: array([0.40862605]), 9: array([0.14797119])}
2025-05-12 11:45:41,484 - DEBUG - util_fusion - fusion_dual_defense - client 0 similarity threshold: 0.3994353310179327
2025-05-12 11:45:41,484 - INFO - util_fusion - fusion_dual_defense - client 0 selected fusion benigns: [1, 5, 6, 7, 8]
2025-05-12 11:45:41,492 - DEBUG - util_fusion - fusion_dual_defense - client 1 scores: {0: array([9.34431012]), 1: array([9.34457067]), 2: array([9.34427857]), 3: array([9.34426389]), 4: array([9.34431962]), 5: array([9.34450328]), 6: array([9.34451804]), 7: array([9.34464004]), 8: array([9.34441759]), 9: array([9.34431955])}
2025-05-12 11:45:41,493 - DEBUG - util_fusion - fusion_dual_defense - client 1 norm scores: {0: array([0.1228977]), 1: array([0.81557465]), 2: array([0.03903836]), 3: array([0.]), 4: array([0.14816828]), 5: array([0.63641651]), 6: array([0.67566058]), 7: array([1.]), 8: array([0.40862605]), 9: array([0.14797119])}
2025-05-12 11:45:41,493 - DEBUG - util_fusion - fusion_dual_defense - client 1 similarity threshold: 0.3994353310179327
2025-05-12 11:45:41,493 - INFO - util_fusion - fusion_dual_defense - client 1 selected fusion benigns: [1, 5, 6, 7, 8]
2025-05-12 11:45:41,502 - DEBUG - util_fusion - fusion_dual_defense - client 2 scores: {0: array([9.34431012]), 1: array([9.34457067]), 2: array([9.34427857]), 3: array([9.34426389]), 4: array([9.34431962]), 5: array([9.34450328]), 6: array([9.34451804]), 7: array([9.34464004]), 8: array([9.34441759]), 9: array([9.34431955])}
2025-05-12 11:45:41,502 - DEBUG - util_fusion - fusion_dual_defense - client 2 norm scores: {0: array([0.1228977]), 1: array([0.81557465]), 2: array([0.03903836]), 3: array([0.]), 4: array([0.14816828]), 5: array([0.63641651]), 6: array([0.67566058]), 7: array([1.]), 8: array([0.40862605]), 9: array([0.14797119])}
2025-05-12 11:45:41,502 - DEBUG - util_fusion - fusion_dual_defense - client 2 similarity threshold: 0.3994353310179327
2025-05-12 11:45:41,502 - INFO - util_fusion - fusion_dual_defense - client 2 selected fusion benigns: [1, 5, 6, 7, 8]
2025-05-12 11:45:41,511 - DEBUG - util_fusion - fusion_dual_defense - client 3 scores: {0: array([9.34431012]), 1: array([9.34457067]), 2: array([9.34427857]), 3: array([9.34426389]), 4: array([9.34431962]), 5: array([9.34450328]), 6: array([9.34451804]), 7: array([9.34464004]), 8: array([9.34441759]), 9: array([9.34431955])}
2025-05-12 11:45:41,511 - DEBUG - util_fusion - fusion_dual_defense - client 3 norm scores: {0: array([0.1228977]), 1: array([0.81557465]), 2: array([0.03903836]), 3: array([0.]), 4: array([0.14816828]), 5: array([0.63641651]), 6: array([0.67566058]), 7: array([1.]), 8: array([0.40862605]), 9: array([0.14797119])}
2025-05-12 11:45:41,511 - DEBUG - util_fusion - fusion_dual_defense - client 3 similarity threshold: 0.3994353310179327
2025-05-12 11:45:41,511 - INFO - util_fusion - fusion_dual_defense - client 3 selected fusion benigns: [1, 5, 6, 7, 8]
2025-05-12 11:45:41,520 - DEBUG - util_fusion - fusion_dual_defense - client 4 scores: {0: array([9.34431012]), 1: array([9.34457067]), 2: array([9.34427857]), 3: array([9.34426389]), 4: array([9.34431962]), 5: array([9.34450328]), 6: array([9.34451804]), 7: array([9.34464004]), 8: array([9.34441759]), 9: array([9.34431955])}
2025-05-12 11:45:41,521 - DEBUG - util_fusion - fusion_dual_defense - client 4 norm scores: {0: array([0.1228977]), 1: array([0.81557465]), 2: array([0.03903836]), 3: array([0.]), 4: array([0.14816828]), 5: array([0.63641651]), 6: array([0.67566058]), 7: array([1.]), 8: array([0.40862605]), 9: array([0.14797119])}
2025-05-12 11:45:41,521 - DEBUG - util_fusion - fusion_dual_defense - client 4 similarity threshold: 0.3994353310179327
2025-05-12 11:45:41,521 - INFO - util_fusion - fusion_dual_defense - client 4 selected fusion benigns: [1, 5, 6, 7, 8]
2025-05-12 11:45:41,529 - DEBUG - util_fusion - fusion_dual_defense - client 5 scores: {0: array([9.34431012]), 1: array([9.34457067]), 2: array([9.34427857]), 3: array([9.34426389]), 4: array([9.34431962]), 5: array([9.34450328]), 6: array([9.34451804]), 7: array([9.34464004]), 8: array([9.34441759]), 9: array([9.34431955])}
2025-05-12 11:45:41,530 - DEBUG - util_fusion - fusion_dual_defense - client 5 norm scores: {0: array([0.1228977]), 1: array([0.81557465]), 2: array([0.03903836]), 3: array([0.]), 4: array([0.14816828]), 5: array([0.63641651]), 6: array([0.67566058]), 7: array([1.]), 8: array([0.40862605]), 9: array([0.14797119])}
2025-05-12 11:45:41,530 - DEBUG - util_fusion - fusion_dual_defense - client 5 similarity threshold: 0.3994353310179327
2025-05-12 11:45:41,530 - INFO - util_fusion - fusion_dual_defense - client 5 selected fusion benigns: [1, 5, 6, 7, 8]
2025-05-12 11:45:41,538 - DEBUG - util_fusion - fusion_dual_defense - client 6 scores: {0: array([9.34431012]), 1: array([9.34457067]), 2: array([9.34427857]), 3: array([9.34426389]), 4: array([9.34431962]), 5: array([9.34450328]), 6: array([9.34451804]), 7: array([9.34464004]), 8: array([9.34441759]), 9: array([9.34431955])}
2025-05-12 11:45:41,539 - DEBUG - util_fusion - fusion_dual_defense - client 6 norm scores: {0: array([0.1228977]), 1: array([0.81557465]), 2: array([0.03903836]), 3: array([0.]), 4: array([0.14816828]), 5: array([0.63641651]), 6: array([0.67566058]), 7: array([1.]), 8: array([0.40862605]), 9: array([0.14797119])}
2025-05-12 11:45:41,539 - DEBUG - util_fusion - fusion_dual_defense - client 6 similarity threshold: 0.3994353310179327
2025-05-12 11:45:41,539 - INFO - util_fusion - fusion_dual_defense - client 6 selected fusion benigns: [1, 5, 6, 7, 8]
2025-05-12 11:45:41,547 - DEBUG - util_fusion - fusion_dual_defense - client 7 scores: {0: array([9.34431012]), 1: array([9.34457067]), 2: array([9.34427857]), 3: array([9.34426389]), 4: array([9.34431962]), 5: array([9.34450328]), 6: array([9.34451804]), 7: array([9.34464004]), 8: array([9.34441759]), 9: array([9.34431955])}
2025-05-12 11:45:41,548 - DEBUG - util_fusion - fusion_dual_defense - client 7 norm scores: {0: array([0.1228977]), 1: array([0.81557465]), 2: array([0.03903836]), 3: array([0.]), 4: array([0.14816828]), 5: array([0.63641651]), 6: array([0.67566058]), 7: array([1.]), 8: array([0.40862605]), 9: array([0.14797119])}
2025-05-12 11:45:41,548 - DEBUG - util_fusion - fusion_dual_defense - client 7 similarity threshold: 0.3994353310179327
2025-05-12 11:45:41,548 - INFO - util_fusion - fusion_dual_defense - client 7 selected fusion benigns: [1, 5, 6, 7, 8]
2025-05-12 11:45:41,556 - DEBUG - util_fusion - fusion_dual_defense - client 8 scores: {0: array([9.34431012]), 1: array([9.34457067]), 2: array([9.34427857]), 3: array([9.34426389]), 4: array([9.34431962]), 5: array([9.34450328]), 6: array([9.34451804]), 7: array([9.34464004]), 8: array([9.34441759]), 9: array([9.34431955])}
2025-05-12 11:45:41,557 - DEBUG - util_fusion - fusion_dual_defense - client 8 norm scores: {0: array([0.1228977]), 1: array([0.81557465]), 2: array([0.03903836]), 3: array([0.]), 4: array([0.14816828]), 5: array([0.63641651]), 6: array([0.67566058]), 7: array([1.]), 8: array([0.40862605]), 9: array([0.14797119])}
2025-05-12 11:45:41,557 - DEBUG - util_fusion - fusion_dual_defense - client 8 similarity threshold: 0.3994353310179327
2025-05-12 11:45:41,557 - INFO - util_fusion - fusion_dual_defense - client 8 selected fusion benigns: [1, 5, 6, 7, 8]
2025-05-12 11:45:41,565 - DEBUG - util_fusion - fusion_dual_defense - client 9 scores: {0: array([9.34431012]), 1: array([9.34457067]), 2: array([9.34427857]), 3: array([9.34426389]), 4: array([9.34431962]), 5: array([9.34450328]), 6: array([9.34451804]), 7: array([9.34464004]), 8: array([9.34441759]), 9: array([9.34431955])}
2025-05-12 11:45:41,566 - DEBUG - util_fusion - fusion_dual_defense - client 9 norm scores: {0: array([0.1228977]), 1: array([0.81557465]), 2: array([0.03903836]), 3: array([0.]), 4: array([0.14816828]), 5: array([0.63641651]), 6: array([0.67566058]), 7: array([1.]), 8: array([0.40862605]), 9: array([0.14797119])}
2025-05-12 11:45:41,566 - DEBUG - util_fusion - fusion_dual_defense - client 9 similarity threshold: 0.3994353310179327
2025-05-12 11:45:41,566 - INFO - util_fusion - fusion_dual_defense - client 9 selected fusion benigns: [1, 5, 6, 7, 8]
2025-05-12 11:45:41,566 - DEBUG - util_fusion - fusion_dual_defense - final fusion benigns: (1, 5, 6, 7, 8)
2025-05-12 11:45:43,267 - INFO - fl - start - global side -  test accuracy: 10.09
2025-05-12 11:45:43,267 - INFO - fl - start - global side iteration 17 -  test accuracy: 10.09
2025-05-12 11:45:43,268 - INFO - fl - start - start training round 18
2025-05-12 11:45:43,269 - INFO - fl - start - round 18 attackers: [5, 0]
2025-05-12 11:45:43,269 - INFO - fl - start - start client 0 training
2025-05-12 11:45:43,269 - INFO - fl - client_local_train - client 0 start local training ...
2025-05-12 11:45:44,816 - INFO - fl - client_local_train - client 0 is attacker, start poisoning model
2025-05-12 11:45:48,318 - INFO - fl - start - end client 0 training
2025-05-12 11:45:48,318 - INFO - fl - start - client 0 evaluation metrics: {'train_loss': 53504.57275390625, 'test_acc': 9.74}
2025-05-12 11:45:48,318 - INFO - fl - start - start client 1 training
2025-05-12 11:45:48,318 - INFO - fl - client_local_train - client 1 start local training ...
2025-05-12 11:45:56,427 - INFO - fl - start - end client 1 training
2025-05-12 11:45:56,427 - INFO - fl - start - client 1 evaluation metrics: {'train_loss': 15978.437158791416, 'test_acc': 9.82}
2025-05-12 11:45:56,427 - INFO - fl - start - start client 2 training
2025-05-12 11:45:56,427 - INFO - fl - client_local_train - client 2 start local training ...
2025-05-12 11:45:59,160 - INFO - fl - start - end client 2 training
2025-05-12 11:45:59,160 - INFO - fl - start - client 2 evaluation metrics: {'train_loss': 15.486415576934814, 'test_acc': 11.35}
2025-05-12 11:45:59,160 - INFO - fl - start - start client 3 training
2025-05-12 11:45:59,160 - INFO - fl - client_local_train - client 3 start local training ...
2025-05-12 11:46:01,646 - INFO - fl - start - end client 3 training
2025-05-12 11:46:01,646 - INFO - fl - start - client 3 evaluation metrics: {'train_loss': 2386.7263057314117, 'test_acc': 9.74}
2025-05-12 11:46:01,646 - INFO - fl - start - start client 4 training
2025-05-12 11:46:01,646 - INFO - fl - client_local_train - client 4 start local training ...
2025-05-12 11:46:05,024 - INFO - fl - start - end client 4 training
2025-05-12 11:46:05,024 - INFO - fl - start - client 4 evaluation metrics: {'train_loss': 180.83637950233384, 'test_acc': 9.57}
2025-05-12 11:46:05,024 - INFO - fl - start - start client 5 training
2025-05-12 11:46:05,024 - INFO - fl - client_local_train - client 5 start local training ...
2025-05-12 11:46:09,019 - INFO - fl - client_local_train - client 5 is attacker, start poisoning model
2025-05-12 11:46:13,819 - INFO - fl - start - end client 5 training
2025-05-12 11:46:13,819 - INFO - fl - start - client 5 evaluation metrics: {'train_loss': 457624.2787298387, 'test_acc': 11.35}
2025-05-12 11:46:13,820 - INFO - fl - start - start client 6 training
2025-05-12 11:46:13,820 - INFO - fl - client_local_train - client 6 start local training ...
2025-05-12 11:46:20,526 - INFO - fl - start - end client 6 training
2025-05-12 11:46:20,526 - INFO - fl - start - client 6 evaluation metrics: {'train_loss': 19307.65156693892, 'test_acc': 11.35}
2025-05-12 11:46:20,526 - INFO - fl - start - start client 7 training
2025-05-12 11:46:20,526 - INFO - fl - client_local_train - client 7 start local training ...
2025-05-12 11:46:30,867 - INFO - fl - start - end client 7 training
2025-05-12 11:46:30,867 - INFO - fl - start - client 7 evaluation metrics: {'train_loss': 897.8368069747994, 'test_acc': 10.09}
2025-05-12 11:46:30,867 - INFO - fl - start - start client 8 training
2025-05-12 11:46:30,867 - INFO - fl - client_local_train - client 8 start local training ...
2025-05-12 11:46:35,810 - INFO - fl - start - end client 8 training
2025-05-12 11:46:35,810 - INFO - fl - start - client 8 evaluation metrics: {'train_loss': 12878.165680960323, 'test_acc': 9.57}
2025-05-12 11:46:35,810 - INFO - fl - start - start client 9 training
2025-05-12 11:46:35,810 - INFO - fl - client_local_train - client 9 start local training ...
2025-05-12 11:46:39,087 - INFO - fl - start - end client 9 training
2025-05-12 11:46:39,087 - INFO - fl - start - client 9 evaluation metrics: {'train_loss': 1504.4975765546162, 'test_acc': 11.35}
2025-05-12 11:46:39,087 - INFO - fl - aggregate_model - start model aggregation...fusion method: dual_defense
2025-05-12 11:46:39,087 - INFO - fl - aggregate_model - start hyper-guard fusion with epsilon 0.01
2025-05-12 11:46:39,087 - INFO - fl - aggregate_model - round 18 attackers: [0, 5]
2025-05-12 11:46:49,845 - DEBUG - util_fusion - fusion_dual_defense - client 0 scores: {0: array([41.18096062]), 1: array([41.18210948]), 2: array([41.18082494]), 3: array([41.18075727]), 4: array([41.18099864]), 5: array([41.18174129]), 6: array([41.1818217]), 7: array([41.18265527]), 8: array([41.1813645]), 9: array([41.18097153])}
2025-05-12 11:46:49,846 - DEBUG - util_fusion - fusion_dual_defense - client 0 norm scores: {0: array([0.10713803]), 1: array([0.71243937]), 2: array([0.03565392]), 3: array([0.]), 4: array([0.12717277]), 5: array([0.51844911]), 6: array([0.56081555]), 7: array([1.]), 8: array([0.31993147]), 9: array([0.11288648])}
2025-05-12 11:46:49,846 - DEBUG - util_fusion - fusion_dual_defense - client 0 similarity threshold: 0.3494486708625305
2025-05-12 11:46:49,846 - INFO - util_fusion - fusion_dual_defense - client 0 selected fusion benigns: [1, 5, 6, 7]
2025-05-12 11:46:49,855 - DEBUG - util_fusion - fusion_dual_defense - client 1 scores: {0: array([41.18096062]), 1: array([41.18210948]), 2: array([41.18082494]), 3: array([41.18075727]), 4: array([41.18099864]), 5: array([41.18174129]), 6: array([41.1818217]), 7: array([41.18265527]), 8: array([41.1813645]), 9: array([41.18097153])}
2025-05-12 11:46:49,855 - DEBUG - util_fusion - fusion_dual_defense - client 1 norm scores: {0: array([0.10713803]), 1: array([0.71243937]), 2: array([0.03565392]), 3: array([0.]), 4: array([0.12717277]), 5: array([0.51844911]), 6: array([0.56081555]), 7: array([1.]), 8: array([0.31993147]), 9: array([0.11288648])}
2025-05-12 11:46:49,855 - DEBUG - util_fusion - fusion_dual_defense - client 1 similarity threshold: 0.3494486708625305
2025-05-12 11:46:49,855 - INFO - util_fusion - fusion_dual_defense - client 1 selected fusion benigns: [1, 5, 6, 7]
2025-05-12 11:46:49,864 - DEBUG - util_fusion - fusion_dual_defense - client 2 scores: {0: array([41.18096062]), 1: array([41.18210948]), 2: array([41.18082494]), 3: array([41.18075727]), 4: array([41.18099864]), 5: array([41.18174129]), 6: array([41.1818217]), 7: array([41.18265527]), 8: array([41.1813645]), 9: array([41.18097153])}
2025-05-12 11:46:49,864 - DEBUG - util_fusion - fusion_dual_defense - client 2 norm scores: {0: array([0.10713803]), 1: array([0.71243937]), 2: array([0.03565392]), 3: array([0.]), 4: array([0.12717277]), 5: array([0.51844911]), 6: array([0.56081555]), 7: array([1.]), 8: array([0.31993147]), 9: array([0.11288648])}
2025-05-12 11:46:49,864 - DEBUG - util_fusion - fusion_dual_defense - client 2 similarity threshold: 0.3494486708625305
2025-05-12 11:46:49,864 - INFO - util_fusion - fusion_dual_defense - client 2 selected fusion benigns: [1, 5, 6, 7]
2025-05-12 11:46:49,873 - DEBUG - util_fusion - fusion_dual_defense - client 3 scores: {0: array([41.18096062]), 1: array([41.18210948]), 2: array([41.18082494]), 3: array([41.18075727]), 4: array([41.18099864]), 5: array([41.18174129]), 6: array([41.1818217]), 7: array([41.18265527]), 8: array([41.1813645]), 9: array([41.18097153])}
2025-05-12 11:46:49,873 - DEBUG - util_fusion - fusion_dual_defense - client 3 norm scores: {0: array([0.10713803]), 1: array([0.71243937]), 2: array([0.03565392]), 3: array([0.]), 4: array([0.12717277]), 5: array([0.51844911]), 6: array([0.56081555]), 7: array([1.]), 8: array([0.31993147]), 9: array([0.11288648])}
2025-05-12 11:46:49,873 - DEBUG - util_fusion - fusion_dual_defense - client 3 similarity threshold: 0.3494486708625305
2025-05-12 11:46:49,874 - INFO - util_fusion - fusion_dual_defense - client 3 selected fusion benigns: [1, 5, 6, 7]
2025-05-12 11:46:49,882 - DEBUG - util_fusion - fusion_dual_defense - client 4 scores: {0: array([41.18096062]), 1: array([41.18210948]), 2: array([41.18082494]), 3: array([41.18075727]), 4: array([41.18099864]), 5: array([41.18174129]), 6: array([41.1818217]), 7: array([41.18265527]), 8: array([41.1813645]), 9: array([41.18097153])}
2025-05-12 11:46:49,882 - DEBUG - util_fusion - fusion_dual_defense - client 4 norm scores: {0: array([0.10713803]), 1: array([0.71243937]), 2: array([0.03565392]), 3: array([0.]), 4: array([0.12717277]), 5: array([0.51844911]), 6: array([0.56081555]), 7: array([1.]), 8: array([0.31993147]), 9: array([0.11288648])}
2025-05-12 11:46:49,882 - DEBUG - util_fusion - fusion_dual_defense - client 4 similarity threshold: 0.3494486708625305
2025-05-12 11:46:49,883 - INFO - util_fusion - fusion_dual_defense - client 4 selected fusion benigns: [1, 5, 6, 7]
2025-05-12 11:46:49,891 - DEBUG - util_fusion - fusion_dual_defense - client 5 scores: {0: array([41.18096062]), 1: array([41.18210948]), 2: array([41.18082494]), 3: array([41.18075727]), 4: array([41.18099864]), 5: array([41.18174129]), 6: array([41.1818217]), 7: array([41.18265527]), 8: array([41.1813645]), 9: array([41.18097153])}
2025-05-12 11:46:49,892 - DEBUG - util_fusion - fusion_dual_defense - client 5 norm scores: {0: array([0.10713803]), 1: array([0.71243937]), 2: array([0.03565392]), 3: array([0.]), 4: array([0.12717277]), 5: array([0.51844911]), 6: array([0.56081555]), 7: array([1.]), 8: array([0.31993147]), 9: array([0.11288648])}
2025-05-12 11:46:49,892 - DEBUG - util_fusion - fusion_dual_defense - client 5 similarity threshold: 0.3494486708625305
2025-05-12 11:46:49,892 - INFO - util_fusion - fusion_dual_defense - client 5 selected fusion benigns: [1, 5, 6, 7]
2025-05-12 11:46:49,900 - DEBUG - util_fusion - fusion_dual_defense - client 6 scores: {0: array([41.18096062]), 1: array([41.18210948]), 2: array([41.18082494]), 3: array([41.18075727]), 4: array([41.18099864]), 5: array([41.18174129]), 6: array([41.1818217]), 7: array([41.18265527]), 8: array([41.1813645]), 9: array([41.18097153])}
2025-05-12 11:46:49,901 - DEBUG - util_fusion - fusion_dual_defense - client 6 norm scores: {0: array([0.10713803]), 1: array([0.71243937]), 2: array([0.03565392]), 3: array([0.]), 4: array([0.12717277]), 5: array([0.51844911]), 6: array([0.56081555]), 7: array([1.]), 8: array([0.31993147]), 9: array([0.11288648])}
2025-05-12 11:46:49,901 - DEBUG - util_fusion - fusion_dual_defense - client 6 similarity threshold: 0.3494486708625305
2025-05-12 11:46:49,901 - INFO - util_fusion - fusion_dual_defense - client 6 selected fusion benigns: [1, 5, 6, 7]
2025-05-12 11:46:49,909 - DEBUG - util_fusion - fusion_dual_defense - client 7 scores: {0: array([41.18096062]), 1: array([41.18210948]), 2: array([41.18082494]), 3: array([41.18075727]), 4: array([41.18099864]), 5: array([41.18174129]), 6: array([41.1818217]), 7: array([41.18265527]), 8: array([41.1813645]), 9: array([41.18097153])}
2025-05-12 11:46:49,910 - DEBUG - util_fusion - fusion_dual_defense - client 7 norm scores: {0: array([0.10713803]), 1: array([0.71243937]), 2: array([0.03565392]), 3: array([0.]), 4: array([0.12717277]), 5: array([0.51844911]), 6: array([0.56081555]), 7: array([1.]), 8: array([0.31993147]), 9: array([0.11288648])}
2025-05-12 11:46:49,910 - DEBUG - util_fusion - fusion_dual_defense - client 7 similarity threshold: 0.3494486708625305
2025-05-12 11:46:49,910 - INFO - util_fusion - fusion_dual_defense - client 7 selected fusion benigns: [1, 5, 6, 7]
2025-05-12 11:46:49,918 - DEBUG - util_fusion - fusion_dual_defense - client 8 scores: {0: array([41.18096062]), 1: array([41.18210948]), 2: array([41.18082494]), 3: array([41.18075727]), 4: array([41.18099864]), 5: array([41.18174129]), 6: array([41.1818217]), 7: array([41.18265527]), 8: array([41.1813645]), 9: array([41.18097153])}
2025-05-12 11:46:49,919 - DEBUG - util_fusion - fusion_dual_defense - client 8 norm scores: {0: array([0.10713803]), 1: array([0.71243937]), 2: array([0.03565392]), 3: array([0.]), 4: array([0.12717277]), 5: array([0.51844911]), 6: array([0.56081555]), 7: array([1.]), 8: array([0.31993147]), 9: array([0.11288648])}
2025-05-12 11:46:49,919 - DEBUG - util_fusion - fusion_dual_defense - client 8 similarity threshold: 0.3494486708625305
2025-05-12 11:46:49,919 - INFO - util_fusion - fusion_dual_defense - client 8 selected fusion benigns: [1, 5, 6, 7]
2025-05-12 11:46:49,927 - DEBUG - util_fusion - fusion_dual_defense - client 9 scores: {0: array([41.18096062]), 1: array([41.18210948]), 2: array([41.18082494]), 3: array([41.18075727]), 4: array([41.18099864]), 5: array([41.18174129]), 6: array([41.1818217]), 7: array([41.18265527]), 8: array([41.1813645]), 9: array([41.18097153])}
2025-05-12 11:46:49,928 - DEBUG - util_fusion - fusion_dual_defense - client 9 norm scores: {0: array([0.10713803]), 1: array([0.71243937]), 2: array([0.03565392]), 3: array([0.]), 4: array([0.12717277]), 5: array([0.51844911]), 6: array([0.56081555]), 7: array([1.]), 8: array([0.31993147]), 9: array([0.11288648])}
2025-05-12 11:46:49,928 - DEBUG - util_fusion - fusion_dual_defense - client 9 similarity threshold: 0.3494486708625305
2025-05-12 11:46:49,928 - INFO - util_fusion - fusion_dual_defense - client 9 selected fusion benigns: [1, 5, 6, 7]
2025-05-12 11:46:49,928 - DEBUG - util_fusion - fusion_dual_defense - final fusion benigns: (1, 5, 6, 7)
2025-05-12 11:46:51,565 - INFO - fl - start - global side -  test accuracy: 11.35
2025-05-12 11:46:51,565 - INFO - fl - start - global side iteration 18 -  test accuracy: 11.35
2025-05-12 11:46:51,565 - INFO - fl - start - start training round 19
2025-05-12 11:46:51,567 - INFO - fl - start - round 19 attackers: [5, 1]
2025-05-12 11:46:51,567 - INFO - fl - start - start client 0 training
2025-05-12 11:46:51,567 - INFO - fl - client_local_train - client 0 start local training ...
2025-05-12 11:46:54,861 - INFO - fl - start - end client 0 training
2025-05-12 11:46:54,861 - INFO - fl - start - client 0 evaluation metrics: {'train_loss': 15698.237701416016, 'test_acc': 9.74}
2025-05-12 11:46:54,861 - INFO - fl - start - start client 1 training
2025-05-12 11:46:54,861 - INFO - fl - client_local_train - client 1 start local training ...
2025-05-12 11:47:00,197 - INFO - fl - client_local_train - client 1 is attacker, start poisoning model
2025-05-12 11:47:05,715 - INFO - fl - start - end client 1 training
2025-05-12 11:47:05,715 - INFO - fl - start - client 1 evaluation metrics: {'train_loss': 300311.7265625, 'test_acc': 9.82}
2025-05-12 11:47:05,715 - INFO - fl - start - start client 2 training
2025-05-12 11:47:05,715 - INFO - fl - client_local_train - client 2 start local training ...
2025-05-12 11:47:08,447 - INFO - fl - start - end client 2 training
2025-05-12 11:47:08,447 - INFO - fl - start - client 2 evaluation metrics: {'train_loss': 29.955766229970113, 'test_acc': 11.35}
2025-05-12 11:47:08,447 - INFO - fl - start - start client 3 training
2025-05-12 11:47:08,447 - INFO - fl - client_local_train - client 3 start local training ...
2025-05-12 11:47:10,929 - INFO - fl - start - end client 3 training
2025-05-12 11:47:10,929 - INFO - fl - start - client 3 evaluation metrics: {'train_loss': 5501.450843325977, 'test_acc': 9.74}
2025-05-12 11:47:10,929 - INFO - fl - start - start client 4 training
2025-05-12 11:47:10,929 - INFO - fl - client_local_train - client 4 start local training ...
2025-05-12 11:47:14,318 - INFO - fl - start - end client 4 training
2025-05-12 11:47:14,318 - INFO - fl - start - client 4 evaluation metrics: {'train_loss': 422.32108767359864, 'test_acc': 9.57}
2025-05-12 11:47:14,318 - INFO - fl - start - start client 5 training
2025-05-12 11:47:14,318 - INFO - fl - client_local_train - client 5 start local training ...
2025-05-12 11:47:18,310 - INFO - fl - client_local_train - client 5 is attacker, start poisoning model
2025-05-12 11:47:23,110 - INFO - fl - start - end client 5 training
2025-05-12 11:47:23,110 - INFO - fl - start - client 5 evaluation metrics: {'train_loss': 1075125.2328629033, 'test_acc': 11.35}
2025-05-12 11:47:23,110 - INFO - fl - start - start client 6 training
2025-05-12 11:47:23,110 - INFO - fl - client_local_train - client 6 start local training ...
2025-05-12 11:47:29,809 - INFO - fl - start - end client 6 training
2025-05-12 11:47:29,809 - INFO - fl - start - client 6 evaluation metrics: {'train_loss': 44794.470865885414, 'test_acc': 11.35}
2025-05-12 11:47:29,809 - INFO - fl - start - start client 7 training
2025-05-12 11:47:29,809 - INFO - fl - client_local_train - client 7 start local training ...
2025-05-12 11:47:40,188 - INFO - fl - start - end client 7 training
2025-05-12 11:47:40,188 - INFO - fl - start - client 7 evaluation metrics: {'train_loss': 2112.6645197113176, 'test_acc': 10.09}
2025-05-12 11:47:40,188 - INFO - fl - start - start client 8 training
2025-05-12 11:47:40,188 - INFO - fl - client_local_train - client 8 start local training ...
2025-05-12 11:47:45,120 - INFO - fl - start - end client 8 training
2025-05-12 11:47:45,120 - INFO - fl - start - client 8 evaluation metrics: {'train_loss': 30175.63342696629, 'test_acc': 9.57}
2025-05-12 11:47:45,120 - INFO - fl - start - start client 9 training
2025-05-12 11:47:45,120 - INFO - fl - client_local_train - client 9 start local training ...
2025-05-12 11:47:48,407 - INFO - fl - start - end client 9 training
2025-05-12 11:47:48,407 - INFO - fl - start - client 9 evaluation metrics: {'train_loss': 3518.0994379520416, 'test_acc': 11.35}
2025-05-12 11:47:48,407 - INFO - fl - aggregate_model - start model aggregation...fusion method: dual_defense
2025-05-12 11:47:48,407 - INFO - fl - aggregate_model - start hyper-guard fusion with epsilon 0.01
2025-05-12 11:47:48,407 - INFO - fl - aggregate_model - round 19 attackers: [1, 5]
2025-05-12 11:47:59,176 - DEBUG - util_fusion - fusion_dual_defense - client 0 scores: {0: array([31.73123147]), 1: array([31.73117639]), 2: array([31.73122709]), 3: array([31.73125401]), 4: array([31.73121658]), 5: array([31.73117352]), 6: array([31.73116408]), 7: array([31.73103562]), 8: array([31.73122562]), 9: array([31.73123486])}
2025-05-12 11:47:59,177 - DEBUG - util_fusion - fusion_dual_defense - client 0 norm scores: {0: array([0.89680901]), 1: array([0.64459143]), 2: array([0.87671893]), 3: array([1.]), 4: array([0.82862285]), 5: array([0.63143777]), 6: array([0.58821341]), 7: array([0.]), 8: array([0.87001536]), 9: array([0.91230922])}
2025-05-12 11:47:59,177 - DEBUG - util_fusion - fusion_dual_defense - client 0 similarity threshold: 0.7248717974921335
2025-05-12 11:47:59,177 - INFO - util_fusion - fusion_dual_defense - client 0 selected fusion benigns: [0, 2, 3, 4, 8, 9]
2025-05-12 11:47:59,185 - DEBUG - util_fusion - fusion_dual_defense - client 1 scores: {0: array([31.73123147]), 1: array([31.73117639]), 2: array([31.73122709]), 3: array([31.73125401]), 4: array([31.73121658]), 5: array([31.73117352]), 6: array([31.73116408]), 7: array([31.73103562]), 8: array([31.73122562]), 9: array([31.73123486])}
2025-05-12 11:47:59,186 - DEBUG - util_fusion - fusion_dual_defense - client 1 norm scores: {0: array([0.89680901]), 1: array([0.64459143]), 2: array([0.87671893]), 3: array([1.]), 4: array([0.82862285]), 5: array([0.63143777]), 6: array([0.58821341]), 7: array([0.]), 8: array([0.87001536]), 9: array([0.91230922])}
2025-05-12 11:47:59,186 - DEBUG - util_fusion - fusion_dual_defense - client 1 similarity threshold: 0.7248717974921335
2025-05-12 11:47:59,186 - INFO - util_fusion - fusion_dual_defense - client 1 selected fusion benigns: [0, 2, 3, 4, 8, 9]
2025-05-12 11:47:59,194 - DEBUG - util_fusion - fusion_dual_defense - client 2 scores: {0: array([31.73123147]), 1: array([31.73117639]), 2: array([31.73122709]), 3: array([31.73125401]), 4: array([31.73121658]), 5: array([31.73117352]), 6: array([31.73116408]), 7: array([31.73103562]), 8: array([31.73122562]), 9: array([31.73123486])}
2025-05-12 11:47:59,195 - DEBUG - util_fusion - fusion_dual_defense - client 2 norm scores: {0: array([0.89680901]), 1: array([0.64459143]), 2: array([0.87671893]), 3: array([1.]), 4: array([0.82862285]), 5: array([0.63143777]), 6: array([0.58821341]), 7: array([0.]), 8: array([0.87001536]), 9: array([0.91230922])}
2025-05-12 11:47:59,195 - DEBUG - util_fusion - fusion_dual_defense - client 2 similarity threshold: 0.7248717974921335
2025-05-12 11:47:59,195 - INFO - util_fusion - fusion_dual_defense - client 2 selected fusion benigns: [0, 2, 3, 4, 8, 9]
2025-05-12 11:47:59,203 - DEBUG - util_fusion - fusion_dual_defense - client 3 scores: {0: array([31.73123147]), 1: array([31.73117639]), 2: array([31.73122709]), 3: array([31.73125401]), 4: array([31.73121658]), 5: array([31.73117352]), 6: array([31.73116408]), 7: array([31.73103562]), 8: array([31.73122562]), 9: array([31.73123486])}
2025-05-12 11:47:59,204 - DEBUG - util_fusion - fusion_dual_defense - client 3 norm scores: {0: array([0.89680901]), 1: array([0.64459143]), 2: array([0.87671893]), 3: array([1.]), 4: array([0.82862285]), 5: array([0.63143777]), 6: array([0.58821341]), 7: array([0.]), 8: array([0.87001536]), 9: array([0.91230922])}
2025-05-12 11:47:59,204 - DEBUG - util_fusion - fusion_dual_defense - client 3 similarity threshold: 0.7248717974921335
2025-05-12 11:47:59,204 - INFO - util_fusion - fusion_dual_defense - client 3 selected fusion benigns: [0, 2, 3, 4, 8, 9]
2025-05-12 11:47:59,212 - DEBUG - util_fusion - fusion_dual_defense - client 4 scores: {0: array([31.73123147]), 1: array([31.73117639]), 2: array([31.73122709]), 3: array([31.73125401]), 4: array([31.73121658]), 5: array([31.73117352]), 6: array([31.73116408]), 7: array([31.73103562]), 8: array([31.73122562]), 9: array([31.73123486])}
2025-05-12 11:47:59,213 - DEBUG - util_fusion - fusion_dual_defense - client 4 norm scores: {0: array([0.89680901]), 1: array([0.64459143]), 2: array([0.87671893]), 3: array([1.]), 4: array([0.82862285]), 5: array([0.63143777]), 6: array([0.58821341]), 7: array([0.]), 8: array([0.87001536]), 9: array([0.91230922])}
2025-05-12 11:47:59,213 - DEBUG - util_fusion - fusion_dual_defense - client 4 similarity threshold: 0.7248717974921335
2025-05-12 11:47:59,213 - INFO - util_fusion - fusion_dual_defense - client 4 selected fusion benigns: [0, 2, 3, 4, 8, 9]
2025-05-12 11:47:59,221 - DEBUG - util_fusion - fusion_dual_defense - client 5 scores: {0: array([31.73123147]), 1: array([31.73117639]), 2: array([31.73122709]), 3: array([31.73125401]), 4: array([31.73121658]), 5: array([31.73117352]), 6: array([31.73116408]), 7: array([31.73103562]), 8: array([31.73122562]), 9: array([31.73123486])}
2025-05-12 11:47:59,222 - DEBUG - util_fusion - fusion_dual_defense - client 5 norm scores: {0: array([0.89680901]), 1: array([0.64459143]), 2: array([0.87671893]), 3: array([1.]), 4: array([0.82862285]), 5: array([0.63143777]), 6: array([0.58821341]), 7: array([0.]), 8: array([0.87001536]), 9: array([0.91230922])}
2025-05-12 11:47:59,222 - DEBUG - util_fusion - fusion_dual_defense - client 5 similarity threshold: 0.7248717974921335
2025-05-12 11:47:59,222 - INFO - util_fusion - fusion_dual_defense - client 5 selected fusion benigns: [0, 2, 3, 4, 8, 9]
2025-05-12 11:47:59,230 - DEBUG - util_fusion - fusion_dual_defense - client 6 scores: {0: array([31.73123147]), 1: array([31.73117639]), 2: array([31.73122709]), 3: array([31.73125401]), 4: array([31.73121658]), 5: array([31.73117352]), 6: array([31.73116408]), 7: array([31.73103562]), 8: array([31.73122562]), 9: array([31.73123486])}
2025-05-12 11:47:59,231 - DEBUG - util_fusion - fusion_dual_defense - client 6 norm scores: {0: array([0.89680901]), 1: array([0.64459143]), 2: array([0.87671893]), 3: array([1.]), 4: array([0.82862285]), 5: array([0.63143777]), 6: array([0.58821341]), 7: array([0.]), 8: array([0.87001536]), 9: array([0.91230922])}
2025-05-12 11:47:59,231 - DEBUG - util_fusion - fusion_dual_defense - client 6 similarity threshold: 0.7248717974921335
2025-05-12 11:47:59,231 - INFO - util_fusion - fusion_dual_defense - client 6 selected fusion benigns: [0, 2, 3, 4, 8, 9]
2025-05-12 11:47:59,239 - DEBUG - util_fusion - fusion_dual_defense - client 7 scores: {0: array([31.73123147]), 1: array([31.73117639]), 2: array([31.73122709]), 3: array([31.73125401]), 4: array([31.73121658]), 5: array([31.73117352]), 6: array([31.73116408]), 7: array([31.73103562]), 8: array([31.73122562]), 9: array([31.73123486])}
2025-05-12 11:47:59,240 - DEBUG - util_fusion - fusion_dual_defense - client 7 norm scores: {0: array([0.89680901]), 1: array([0.64459143]), 2: array([0.87671893]), 3: array([1.]), 4: array([0.82862285]), 5: array([0.63143777]), 6: array([0.58821341]), 7: array([0.]), 8: array([0.87001536]), 9: array([0.91230922])}
2025-05-12 11:47:59,240 - DEBUG - util_fusion - fusion_dual_defense - client 7 similarity threshold: 0.7248717974921335
2025-05-12 11:47:59,240 - INFO - util_fusion - fusion_dual_defense - client 7 selected fusion benigns: [0, 2, 3, 4, 8, 9]
2025-05-12 11:47:59,248 - DEBUG - util_fusion - fusion_dual_defense - client 8 scores: {0: array([31.73123147]), 1: array([31.73117639]), 2: array([31.73122709]), 3: array([31.73125401]), 4: array([31.73121658]), 5: array([31.73117352]), 6: array([31.73116408]), 7: array([31.73103562]), 8: array([31.73122562]), 9: array([31.73123486])}
2025-05-12 11:47:59,249 - DEBUG - util_fusion - fusion_dual_defense - client 8 norm scores: {0: array([0.89680901]), 1: array([0.64459143]), 2: array([0.87671893]), 3: array([1.]), 4: array([0.82862285]), 5: array([0.63143777]), 6: array([0.58821341]), 7: array([0.]), 8: array([0.87001536]), 9: array([0.91230922])}
2025-05-12 11:47:59,249 - DEBUG - util_fusion - fusion_dual_defense - client 8 similarity threshold: 0.7248717974921335
2025-05-12 11:47:59,249 - INFO - util_fusion - fusion_dual_defense - client 8 selected fusion benigns: [0, 2, 3, 4, 8, 9]
2025-05-12 11:47:59,257 - DEBUG - util_fusion - fusion_dual_defense - client 9 scores: {0: array([31.73123147]), 1: array([31.73117639]), 2: array([31.73122709]), 3: array([31.73125401]), 4: array([31.73121658]), 5: array([31.73117352]), 6: array([31.73116408]), 7: array([31.73103562]), 8: array([31.73122562]), 9: array([31.73123486])}
2025-05-12 11:47:59,258 - DEBUG - util_fusion - fusion_dual_defense - client 9 norm scores: {0: array([0.89680901]), 1: array([0.64459143]), 2: array([0.87671893]), 3: array([1.]), 4: array([0.82862285]), 5: array([0.63143777]), 6: array([0.58821341]), 7: array([0.]), 8: array([0.87001536]), 9: array([0.91230922])}
2025-05-12 11:47:59,258 - DEBUG - util_fusion - fusion_dual_defense - client 9 similarity threshold: 0.7248717974921335
2025-05-12 11:47:59,258 - INFO - util_fusion - fusion_dual_defense - client 9 selected fusion benigns: [0, 2, 3, 4, 8, 9]
2025-05-12 11:47:59,258 - DEBUG - util_fusion - fusion_dual_defense - final fusion benigns: (0, 2, 3, 4, 8, 9)
2025-05-12 11:48:01,011 - INFO - fl - start - global side -  test accuracy: 9.57
2025-05-12 11:48:01,011 - INFO - fl - start - global side iteration 19 -  test accuracy: 9.57
2025-05-12 11:48:01,012 - INFO - fl - start - start training round 20
2025-05-12 11:48:01,013 - INFO - fl - start - round 20 attackers: [5, 0]
2025-05-12 11:48:01,013 - INFO - fl - start - start client 0 training
2025-05-12 11:48:01,013 - INFO - fl - client_local_train - client 0 start local training ...
2025-05-12 11:48:02,556 - INFO - fl - client_local_train - client 0 is attacker, start poisoning model
2025-05-12 11:48:06,057 - INFO - fl - start - end client 0 training
2025-05-12 11:48:06,058 - INFO - fl - start - client 0 evaluation metrics: {'train_loss': 125438.72900390625, 'test_acc': 9.74}
2025-05-12 11:48:06,058 - INFO - fl - start - start client 1 training
2025-05-12 11:48:06,058 - INFO - fl - client_local_train - client 1 start local training ...
2025-05-12 11:48:14,142 - INFO - fl - start - end client 1 training
2025-05-12 11:48:14,142 - INFO - fl - start - client 1 evaluation metrics: {'train_loss': 37555.92798145708, 'test_acc': 9.82}
2025-05-12 11:48:14,142 - INFO - fl - start - start client 2 training
2025-05-12 11:48:14,142 - INFO - fl - client_local_train - client 2 start local training ...
2025-05-12 11:48:16,862 - INFO - fl - start - end client 2 training
2025-05-12 11:48:16,862 - INFO - fl - start - client 2 evaluation metrics: {'train_loss': 29.81649601459503, 'test_acc': 11.35}
2025-05-12 11:48:16,862 - INFO - fl - start - start client 3 training
2025-05-12 11:48:16,863 - INFO - fl - client_local_train - client 3 start local training ...
2025-05-12 11:48:19,342 - INFO - fl - start - end client 3 training
2025-05-12 11:48:19,342 - INFO - fl - start - client 3 evaluation metrics: {'train_loss': 5900.922203327047, 'test_acc': 9.74}
2025-05-12 11:48:19,342 - INFO - fl - start - start client 4 training
2025-05-12 11:48:19,342 - INFO - fl - client_local_train - client 4 start local training ...
2025-05-12 11:48:22,721 - INFO - fl - start - end client 4 training
2025-05-12 11:48:22,721 - INFO - fl - start - client 4 evaluation metrics: {'train_loss': 421.85528249015994, 'test_acc': 9.57}
2025-05-12 11:48:22,721 - INFO - fl - start - start client 5 training
2025-05-12 11:48:22,721 - INFO - fl - client_local_train - client 5 start local training ...
2025-05-12 11:48:26,697 - INFO - fl - client_local_train - client 5 is attacker, start poisoning model
2025-05-12 11:48:31,489 - INFO - fl - start - end client 5 training
2025-05-12 11:48:31,489 - INFO - fl - start - client 5 evaluation metrics: {'train_loss': 1074488.963205645, 'test_acc': 11.35}
2025-05-12 11:48:31,489 - INFO - fl - start - start client 6 training
2025-05-12 11:48:31,490 - INFO - fl - client_local_train - client 6 start local training ...
2025-05-12 11:48:38,177 - INFO - fl - start - end client 6 training
2025-05-12 11:48:38,177 - INFO - fl - start - client 6 evaluation metrics: {'train_loss': 44693.471428148674, 'test_acc': 11.35}
2025-05-12 11:48:38,177 - INFO - fl - start - start client 7 training
2025-05-12 11:48:38,177 - INFO - fl - client_local_train - client 7 start local training ...
2025-05-12 11:48:48,528 - INFO - fl - start - end client 7 training
2025-05-12 11:48:48,528 - INFO - fl - start - client 7 evaluation metrics: {'train_loss': 2110.1787992624136, 'test_acc': 10.09}
2025-05-12 11:48:48,528 - INFO - fl - start - start client 8 training
2025-05-12 11:48:48,528 - INFO - fl - client_local_train - client 8 start local training ...
2025-05-12 11:48:53,456 - INFO - fl - start - end client 8 training
2025-05-12 11:48:53,456 - INFO - fl - start - client 8 evaluation metrics: {'train_loss': 30191.696321980337, 'test_acc': 9.57}
2025-05-12 11:48:53,456 - INFO - fl - start - start client 9 training
2025-05-12 11:48:53,456 - INFO - fl - client_local_train - client 9 start local training ...
2025-05-12 11:48:56,738 - INFO - fl - start - end client 9 training
2025-05-12 11:48:56,738 - INFO - fl - start - client 9 evaluation metrics: {'train_loss': 3521.7196044921875, 'test_acc': 11.35}
2025-05-12 11:48:56,738 - INFO - fl - aggregate_model - start model aggregation...fusion method: dual_defense
2025-05-12 11:48:56,738 - INFO - fl - aggregate_model - start hyper-guard fusion with epsilon 0.01
2025-05-12 11:48:56,738 - INFO - fl - aggregate_model - round 20 attackers: [0, 5]
2025-05-12 11:49:07,513 - DEBUG - util_fusion - fusion_dual_defense - client 0 scores: {0: array([9.77281507]), 1: array([9.77276416]), 2: array([9.77281684]), 3: array([9.77281746]), 4: array([9.77281072]), 5: array([9.77279432]), 6: array([9.77279118]), 7: array([9.77268309]), 8: array([9.77280672]), 9: array([9.77281208])}
2025-05-12 11:49:07,513 - DEBUG - util_fusion - fusion_dual_defense - client 0 norm scores: {0: array([0.98224521]), 1: array([0.6033482]), 2: array([0.99539777]), 3: array([1.]), 4: array([0.9498533]), 5: array([0.82781985]), 6: array([0.8044667]), 7: array([0.]), 8: array([0.92012338]), 9: array([0.9600067])}
2025-05-12 11:49:07,513 - DEBUG - util_fusion - fusion_dual_defense - client 0 similarity threshold: 0.8043261130272293
2025-05-12 11:49:07,513 - INFO - util_fusion - fusion_dual_defense - client 0 selected fusion benigns: [0, 2, 3, 4, 5, 6, 8, 9]
2025-05-12 11:49:07,522 - DEBUG - util_fusion - fusion_dual_defense - client 1 scores: {0: array([9.77281507]), 1: array([9.77276416]), 2: array([9.77281684]), 3: array([9.77281746]), 4: array([9.77281072]), 5: array([9.77279432]), 6: array([9.77279118]), 7: array([9.77268309]), 8: array([9.77280672]), 9: array([9.77281208])}
2025-05-12 11:49:07,522 - DEBUG - util_fusion - fusion_dual_defense - client 1 norm scores: {0: array([0.98224521]), 1: array([0.6033482]), 2: array([0.99539777]), 3: array([1.]), 4: array([0.9498533]), 5: array([0.82781985]), 6: array([0.8044667]), 7: array([0.]), 8: array([0.92012338]), 9: array([0.9600067])}
2025-05-12 11:49:07,523 - DEBUG - util_fusion - fusion_dual_defense - client 1 similarity threshold: 0.8043261130272293
2025-05-12 11:49:07,523 - INFO - util_fusion - fusion_dual_defense - client 1 selected fusion benigns: [0, 2, 3, 4, 5, 6, 8, 9]
2025-05-12 11:49:07,531 - DEBUG - util_fusion - fusion_dual_defense - client 2 scores: {0: array([9.77281507]), 1: array([9.77276416]), 2: array([9.77281684]), 3: array([9.77281746]), 4: array([9.77281072]), 5: array([9.77279432]), 6: array([9.77279118]), 7: array([9.77268309]), 8: array([9.77280672]), 9: array([9.77281208])}
2025-05-12 11:49:07,532 - DEBUG - util_fusion - fusion_dual_defense - client 2 norm scores: {0: array([0.98224521]), 1: array([0.6033482]), 2: array([0.99539777]), 3: array([1.]), 4: array([0.9498533]), 5: array([0.82781985]), 6: array([0.8044667]), 7: array([0.]), 8: array([0.92012338]), 9: array([0.9600067])}
2025-05-12 11:49:07,532 - DEBUG - util_fusion - fusion_dual_defense - client 2 similarity threshold: 0.8043261130272293
2025-05-12 11:49:07,532 - INFO - util_fusion - fusion_dual_defense - client 2 selected fusion benigns: [0, 2, 3, 4, 5, 6, 8, 9]
2025-05-12 11:49:07,540 - DEBUG - util_fusion - fusion_dual_defense - client 3 scores: {0: array([9.77281507]), 1: array([9.77276416]), 2: array([9.77281684]), 3: array([9.77281746]), 4: array([9.77281072]), 5: array([9.77279432]), 6: array([9.77279118]), 7: array([9.77268309]), 8: array([9.77280672]), 9: array([9.77281208])}
2025-05-12 11:49:07,541 - DEBUG - util_fusion - fusion_dual_defense - client 3 norm scores: {0: array([0.98224521]), 1: array([0.6033482]), 2: array([0.99539777]), 3: array([1.]), 4: array([0.9498533]), 5: array([0.82781985]), 6: array([0.8044667]), 7: array([0.]), 8: array([0.92012338]), 9: array([0.9600067])}
2025-05-12 11:49:07,541 - DEBUG - util_fusion - fusion_dual_defense - client 3 similarity threshold: 0.8043261130272293
2025-05-12 11:49:07,541 - INFO - util_fusion - fusion_dual_defense - client 3 selected fusion benigns: [0, 2, 3, 4, 5, 6, 8, 9]
2025-05-12 11:49:07,549 - DEBUG - util_fusion - fusion_dual_defense - client 4 scores: {0: array([9.77281507]), 1: array([9.77276416]), 2: array([9.77281684]), 3: array([9.77281746]), 4: array([9.77281072]), 5: array([9.77279432]), 6: array([9.77279118]), 7: array([9.77268309]), 8: array([9.77280672]), 9: array([9.77281208])}
2025-05-12 11:49:07,550 - DEBUG - util_fusion - fusion_dual_defense - client 4 norm scores: {0: array([0.98224521]), 1: array([0.6033482]), 2: array([0.99539777]), 3: array([1.]), 4: array([0.9498533]), 5: array([0.82781985]), 6: array([0.8044667]), 7: array([0.]), 8: array([0.92012338]), 9: array([0.9600067])}
2025-05-12 11:49:07,550 - DEBUG - util_fusion - fusion_dual_defense - client 4 similarity threshold: 0.8043261130272293
2025-05-12 11:49:07,550 - INFO - util_fusion - fusion_dual_defense - client 4 selected fusion benigns: [0, 2, 3, 4, 5, 6, 8, 9]
2025-05-12 11:49:07,558 - DEBUG - util_fusion - fusion_dual_defense - client 5 scores: {0: array([9.77281507]), 1: array([9.77276416]), 2: array([9.77281684]), 3: array([9.77281746]), 4: array([9.77281072]), 5: array([9.77279432]), 6: array([9.77279118]), 7: array([9.77268309]), 8: array([9.77280672]), 9: array([9.77281208])}
2025-05-12 11:49:07,559 - DEBUG - util_fusion - fusion_dual_defense - client 5 norm scores: {0: array([0.98224521]), 1: array([0.6033482]), 2: array([0.99539777]), 3: array([1.]), 4: array([0.9498533]), 5: array([0.82781985]), 6: array([0.8044667]), 7: array([0.]), 8: array([0.92012338]), 9: array([0.9600067])}
2025-05-12 11:49:07,559 - DEBUG - util_fusion - fusion_dual_defense - client 5 similarity threshold: 0.8043261130272293
2025-05-12 11:49:07,559 - INFO - util_fusion - fusion_dual_defense - client 5 selected fusion benigns: [0, 2, 3, 4, 5, 6, 8, 9]
2025-05-12 11:49:07,567 - DEBUG - util_fusion - fusion_dual_defense - client 6 scores: {0: array([9.77281507]), 1: array([9.77276416]), 2: array([9.77281684]), 3: array([9.77281746]), 4: array([9.77281072]), 5: array([9.77279432]), 6: array([9.77279118]), 7: array([9.77268309]), 8: array([9.77280672]), 9: array([9.77281208])}
2025-05-12 11:49:07,568 - DEBUG - util_fusion - fusion_dual_defense - client 6 norm scores: {0: array([0.98224521]), 1: array([0.6033482]), 2: array([0.99539777]), 3: array([1.]), 4: array([0.9498533]), 5: array([0.82781985]), 6: array([0.8044667]), 7: array([0.]), 8: array([0.92012338]), 9: array([0.9600067])}
2025-05-12 11:49:07,568 - DEBUG - util_fusion - fusion_dual_defense - client 6 similarity threshold: 0.8043261130272293
2025-05-12 11:49:07,568 - INFO - util_fusion - fusion_dual_defense - client 6 selected fusion benigns: [0, 2, 3, 4, 5, 6, 8, 9]
2025-05-12 11:49:07,576 - DEBUG - util_fusion - fusion_dual_defense - client 7 scores: {0: array([9.77281507]), 1: array([9.77276416]), 2: array([9.77281684]), 3: array([9.77281746]), 4: array([9.77281072]), 5: array([9.77279432]), 6: array([9.77279118]), 7: array([9.77268309]), 8: array([9.77280672]), 9: array([9.77281208])}
2025-05-12 11:49:07,577 - DEBUG - util_fusion - fusion_dual_defense - client 7 norm scores: {0: array([0.98224521]), 1: array([0.6033482]), 2: array([0.99539777]), 3: array([1.]), 4: array([0.9498533]), 5: array([0.82781985]), 6: array([0.8044667]), 7: array([0.]), 8: array([0.92012338]), 9: array([0.9600067])}
2025-05-12 11:49:07,577 - DEBUG - util_fusion - fusion_dual_defense - client 7 similarity threshold: 0.8043261130272293
2025-05-12 11:49:07,577 - INFO - util_fusion - fusion_dual_defense - client 7 selected fusion benigns: [0, 2, 3, 4, 5, 6, 8, 9]
2025-05-12 11:49:07,585 - DEBUG - util_fusion - fusion_dual_defense - client 8 scores: {0: array([9.77281507]), 1: array([9.77276416]), 2: array([9.77281684]), 3: array([9.77281746]), 4: array([9.77281072]), 5: array([9.77279432]), 6: array([9.77279118]), 7: array([9.77268309]), 8: array([9.77280672]), 9: array([9.77281208])}
2025-05-12 11:49:07,586 - DEBUG - util_fusion - fusion_dual_defense - client 8 norm scores: {0: array([0.98224521]), 1: array([0.6033482]), 2: array([0.99539777]), 3: array([1.]), 4: array([0.9498533]), 5: array([0.82781985]), 6: array([0.8044667]), 7: array([0.]), 8: array([0.92012338]), 9: array([0.9600067])}
2025-05-12 11:49:07,586 - DEBUG - util_fusion - fusion_dual_defense - client 8 similarity threshold: 0.8043261130272293
2025-05-12 11:49:07,586 - INFO - util_fusion - fusion_dual_defense - client 8 selected fusion benigns: [0, 2, 3, 4, 5, 6, 8, 9]
2025-05-12 11:49:07,594 - DEBUG - util_fusion - fusion_dual_defense - client 9 scores: {0: array([9.77281507]), 1: array([9.77276416]), 2: array([9.77281684]), 3: array([9.77281746]), 4: array([9.77281072]), 5: array([9.77279432]), 6: array([9.77279118]), 7: array([9.77268309]), 8: array([9.77280672]), 9: array([9.77281208])}
2025-05-12 11:49:07,595 - DEBUG - util_fusion - fusion_dual_defense - client 9 norm scores: {0: array([0.98224521]), 1: array([0.6033482]), 2: array([0.99539777]), 3: array([1.]), 4: array([0.9498533]), 5: array([0.82781985]), 6: array([0.8044667]), 7: array([0.]), 8: array([0.92012338]), 9: array([0.9600067])}
2025-05-12 11:49:07,595 - DEBUG - util_fusion - fusion_dual_defense - client 9 similarity threshold: 0.8043261130272293
2025-05-12 11:49:07,595 - INFO - util_fusion - fusion_dual_defense - client 9 selected fusion benigns: [0, 2, 3, 4, 5, 6, 8, 9]
2025-05-12 11:49:07,595 - DEBUG - util_fusion - fusion_dual_defense - final fusion benigns: (0, 2, 3, 4, 5, 6, 8, 9)
2025-05-12 11:49:09,456 - INFO - fl - start - global side -  test accuracy: 9.74
2025-05-12 11:49:09,456 - INFO - fl - start - global side iteration 20 -  test accuracy: 9.74
2025-05-12 11:49:09,456 - INFO - fl - start - start training round 21
2025-05-12 11:49:09,458 - INFO - fl - start - round 21 attackers: [0, 3]
2025-05-12 11:49:09,458 - INFO - fl - start - start client 0 training
2025-05-12 11:49:09,458 - INFO - fl - client_local_train - client 0 start local training ...
2025-05-12 11:49:11,003 - INFO - fl - client_local_train - client 0 is attacker, start poisoning model
2025-05-12 11:49:14,501 - INFO - fl - start - end client 0 training
2025-05-12 11:49:14,501 - INFO - fl - start - client 0 evaluation metrics: {'train_loss': 399165.9410807292, 'test_acc': 9.74}
2025-05-12 11:49:14,501 - INFO - fl - start - start client 1 training
2025-05-12 11:49:14,501 - INFO - fl - client_local_train - client 1 start local training ...
2025-05-12 11:49:22,575 - INFO - fl - start - end client 1 training
2025-05-12 11:49:22,575 - INFO - fl - start - client 1 evaluation metrics: {'train_loss': 119228.3576807229, 'test_acc': 9.82}
2025-05-12 11:49:22,575 - INFO - fl - start - start client 2 training
2025-05-12 11:49:22,575 - INFO - fl - client_local_train - client 2 start local training ...
2025-05-12 11:49:25,311 - INFO - fl - start - end client 2 training
2025-05-12 11:49:25,311 - INFO - fl - start - client 2 evaluation metrics: {'train_loss': 90.27249721799578, 'test_acc': 11.35}
2025-05-12 11:49:25,311 - INFO - fl - start - start client 3 training
2025-05-12 11:49:25,311 - INFO - fl - client_local_train - client 3 start local training ...
2025-05-12 11:49:26,230 - INFO - fl - client_local_train - client 3 is attacker, start poisoning model
2025-05-12 11:49:29,385 - INFO - fl - start - end client 3 training
2025-05-12 11:49:29,385 - INFO - fl - start - client 3 evaluation metrics: {'train_loss': 142295.0765086207, 'test_acc': 9.74}
2025-05-12 11:49:29,385 - INFO - fl - start - start client 4 training
2025-05-12 11:49:29,385 - INFO - fl - client_local_train - client 4 start local training ...
2025-05-12 11:49:32,768 - INFO - fl - start - end client 4 training
2025-05-12 11:49:32,768 - INFO - fl - start - client 4 evaluation metrics: {'train_loss': 1337.0752119807637, 'test_acc': 9.57}
2025-05-12 11:49:32,768 - INFO - fl - start - start client 5 training
2025-05-12 11:49:32,768 - INFO - fl - client_local_train - client 5 start local training ...
2025-05-12 11:49:39,167 - INFO - fl - start - end client 5 training
2025-05-12 11:49:39,167 - INFO - fl - start - client 5 evaluation metrics: {'train_loss': 426741.7361391129, 'test_acc': 11.35}
2025-05-12 11:49:39,167 - INFO - fl - start - start client 6 training
2025-05-12 11:49:39,167 - INFO - fl - client_local_train - client 6 start local training ...
2025-05-12 11:49:45,858 - INFO - fl - start - end client 6 training
2025-05-12 11:49:45,858 - INFO - fl - start - client 6 evaluation metrics: {'train_loss': 142000.32167376895, 'test_acc': 11.35}
2025-05-12 11:49:45,858 - INFO - fl - start - start client 7 training
2025-05-12 11:49:45,858 - INFO - fl - client_local_train - client 7 start local training ...
2025-05-12 11:49:56,211 - INFO - fl - start - end client 7 training
2025-05-12 11:49:56,211 - INFO - fl - start - client 7 evaluation metrics: {'train_loss': 6723.74081365663, 'test_acc': 10.09}
2025-05-12 11:49:56,211 - INFO - fl - start - start client 8 training
2025-05-12 11:49:56,211 - INFO - fl - client_local_train - client 8 start local training ...
2025-05-12 11:50:01,147 - INFO - fl - start - end client 8 training
2025-05-12 11:50:01,147 - INFO - fl - start - client 8 evaluation metrics: {'train_loss': 96330.2375790028, 'test_acc': 9.57}
2025-05-12 11:50:01,147 - INFO - fl - start - start client 9 training
2025-05-12 11:50:01,148 - INFO - fl - client_local_train - client 9 start local training ...
2025-05-12 11:50:04,425 - INFO - fl - start - end client 9 training
2025-05-12 11:50:04,425 - INFO - fl - start - client 9 evaluation metrics: {'train_loss': 11191.574546178183, 'test_acc': 11.35}
2025-05-12 11:50:04,425 - INFO - fl - aggregate_model - start model aggregation...fusion method: dual_defense
2025-05-12 11:50:04,425 - INFO - fl - aggregate_model - start hyper-guard fusion with epsilon 0.01
2025-05-12 11:50:04,425 - INFO - fl - aggregate_model - round 21 attackers: [0, 3]
2025-05-12 11:50:15,182 - DEBUG - util_fusion - fusion_dual_defense - client 0 scores: {0: array([64.20881131]), 1: array([64.20751335]), 2: array([64.2089487]), 3: array([64.20901422]), 4: array([64.20877872]), 5: array([64.2079177]), 6: array([64.20779764]), 7: array([64.20702928]), 8: array([64.20836478]), 9: array([64.20880912])}
2025-05-12 11:50:15,183 - DEBUG - util_fusion - fusion_dual_defense - client 0 norm scores: {0: array([0.89777511]), 1: array([0.24387444]), 2: array([0.96699203]), 3: array([1.]), 4: array([0.88135882]), 5: array([0.44757863]), 6: array([0.3870957]), 7: array([0.]), 8: array([0.67281633]), 9: array([0.8966747])}
2025-05-12 11:50:15,183 - DEBUG - util_fusion - fusion_dual_defense - client 0 similarity threshold: 0.639416576118813
2025-05-12 11:50:15,183 - INFO - util_fusion - fusion_dual_defense - client 0 selected fusion benigns: [0, 2, 3, 4, 8, 9]
2025-05-12 11:50:15,191 - DEBUG - util_fusion - fusion_dual_defense - client 1 scores: {0: array([64.20881131]), 1: array([64.20751335]), 2: array([64.2089487]), 3: array([64.20901422]), 4: array([64.20877872]), 5: array([64.2079177]), 6: array([64.20779764]), 7: array([64.20702928]), 8: array([64.20836478]), 9: array([64.20880912])}
2025-05-12 11:50:15,192 - DEBUG - util_fusion - fusion_dual_defense - client 1 norm scores: {0: array([0.89777511]), 1: array([0.24387444]), 2: array([0.96699203]), 3: array([1.]), 4: array([0.88135882]), 5: array([0.44757863]), 6: array([0.3870957]), 7: array([0.]), 8: array([0.67281633]), 9: array([0.8966747])}
2025-05-12 11:50:15,192 - DEBUG - util_fusion - fusion_dual_defense - client 1 similarity threshold: 0.639416576118813
2025-05-12 11:50:15,192 - INFO - util_fusion - fusion_dual_defense - client 1 selected fusion benigns: [0, 2, 3, 4, 8, 9]
2025-05-12 11:50:15,201 - DEBUG - util_fusion - fusion_dual_defense - client 2 scores: {0: array([64.20881131]), 1: array([64.20751335]), 2: array([64.2089487]), 3: array([64.20901422]), 4: array([64.20877872]), 5: array([64.2079177]), 6: array([64.20779764]), 7: array([64.20702928]), 8: array([64.20836478]), 9: array([64.20880912])}
2025-05-12 11:50:15,201 - DEBUG - util_fusion - fusion_dual_defense - client 2 norm scores: {0: array([0.89777511]), 1: array([0.24387444]), 2: array([0.96699203]), 3: array([1.]), 4: array([0.88135882]), 5: array([0.44757863]), 6: array([0.3870957]), 7: array([0.]), 8: array([0.67281633]), 9: array([0.8966747])}
2025-05-12 11:50:15,202 - DEBUG - util_fusion - fusion_dual_defense - client 2 similarity threshold: 0.639416576118813
2025-05-12 11:50:15,202 - INFO - util_fusion - fusion_dual_defense - client 2 selected fusion benigns: [0, 2, 3, 4, 8, 9]
2025-05-12 11:50:15,210 - DEBUG - util_fusion - fusion_dual_defense - client 3 scores: {0: array([64.20881131]), 1: array([64.20751335]), 2: array([64.2089487]), 3: array([64.20901422]), 4: array([64.20877872]), 5: array([64.2079177]), 6: array([64.20779764]), 7: array([64.20702928]), 8: array([64.20836478]), 9: array([64.20880912])}
2025-05-12 11:50:15,211 - DEBUG - util_fusion - fusion_dual_defense - client 3 norm scores: {0: array([0.89777511]), 1: array([0.24387444]), 2: array([0.96699203]), 3: array([1.]), 4: array([0.88135882]), 5: array([0.44757863]), 6: array([0.3870957]), 7: array([0.]), 8: array([0.67281633]), 9: array([0.8966747])}
2025-05-12 11:50:15,211 - DEBUG - util_fusion - fusion_dual_defense - client 3 similarity threshold: 0.639416576118813
2025-05-12 11:50:15,211 - INFO - util_fusion - fusion_dual_defense - client 3 selected fusion benigns: [0, 2, 3, 4, 8, 9]
2025-05-12 11:50:15,219 - DEBUG - util_fusion - fusion_dual_defense - client 4 scores: {0: array([64.20881131]), 1: array([64.20751335]), 2: array([64.2089487]), 3: array([64.20901422]), 4: array([64.20877872]), 5: array([64.2079177]), 6: array([64.20779764]), 7: array([64.20702928]), 8: array([64.20836478]), 9: array([64.20880912])}
2025-05-12 11:50:15,220 - DEBUG - util_fusion - fusion_dual_defense - client 4 norm scores: {0: array([0.89777511]), 1: array([0.24387444]), 2: array([0.96699203]), 3: array([1.]), 4: array([0.88135882]), 5: array([0.44757863]), 6: array([0.3870957]), 7: array([0.]), 8: array([0.67281633]), 9: array([0.8966747])}
2025-05-12 11:50:15,220 - DEBUG - util_fusion - fusion_dual_defense - client 4 similarity threshold: 0.639416576118813
2025-05-12 11:50:15,220 - INFO - util_fusion - fusion_dual_defense - client 4 selected fusion benigns: [0, 2, 3, 4, 8, 9]
2025-05-12 11:50:15,229 - DEBUG - util_fusion - fusion_dual_defense - client 5 scores: {0: array([64.20881131]), 1: array([64.20751335]), 2: array([64.2089487]), 3: array([64.20901422]), 4: array([64.20877872]), 5: array([64.2079177]), 6: array([64.20779764]), 7: array([64.20702928]), 8: array([64.20836478]), 9: array([64.20880912])}
2025-05-12 11:50:15,229 - DEBUG - util_fusion - fusion_dual_defense - client 5 norm scores: {0: array([0.89777511]), 1: array([0.24387444]), 2: array([0.96699203]), 3: array([1.]), 4: array([0.88135882]), 5: array([0.44757863]), 6: array([0.3870957]), 7: array([0.]), 8: array([0.67281633]), 9: array([0.8966747])}
2025-05-12 11:50:15,229 - DEBUG - util_fusion - fusion_dual_defense - client 5 similarity threshold: 0.639416576118813
2025-05-12 11:50:15,229 - INFO - util_fusion - fusion_dual_defense - client 5 selected fusion benigns: [0, 2, 3, 4, 8, 9]
2025-05-12 11:50:15,238 - DEBUG - util_fusion - fusion_dual_defense - client 6 scores: {0: array([64.20881131]), 1: array([64.20751335]), 2: array([64.2089487]), 3: array([64.20901422]), 4: array([64.20877872]), 5: array([64.2079177]), 6: array([64.20779764]), 7: array([64.20702928]), 8: array([64.20836478]), 9: array([64.20880912])}
2025-05-12 11:50:15,238 - DEBUG - util_fusion - fusion_dual_defense - client 6 norm scores: {0: array([0.89777511]), 1: array([0.24387444]), 2: array([0.96699203]), 3: array([1.]), 4: array([0.88135882]), 5: array([0.44757863]), 6: array([0.3870957]), 7: array([0.]), 8: array([0.67281633]), 9: array([0.8966747])}
2025-05-12 11:50:15,238 - DEBUG - util_fusion - fusion_dual_defense - client 6 similarity threshold: 0.639416576118813
2025-05-12 11:50:15,239 - INFO - util_fusion - fusion_dual_defense - client 6 selected fusion benigns: [0, 2, 3, 4, 8, 9]
2025-05-12 11:50:15,247 - DEBUG - util_fusion - fusion_dual_defense - client 7 scores: {0: array([64.20881131]), 1: array([64.20751335]), 2: array([64.2089487]), 3: array([64.20901422]), 4: array([64.20877872]), 5: array([64.2079177]), 6: array([64.20779764]), 7: array([64.20702928]), 8: array([64.20836478]), 9: array([64.20880912])}
2025-05-12 11:50:15,248 - DEBUG - util_fusion - fusion_dual_defense - client 7 norm scores: {0: array([0.89777511]), 1: array([0.24387444]), 2: array([0.96699203]), 3: array([1.]), 4: array([0.88135882]), 5: array([0.44757863]), 6: array([0.3870957]), 7: array([0.]), 8: array([0.67281633]), 9: array([0.8966747])}
2025-05-12 11:50:15,248 - DEBUG - util_fusion - fusion_dual_defense - client 7 similarity threshold: 0.639416576118813
2025-05-12 11:50:15,248 - INFO - util_fusion - fusion_dual_defense - client 7 selected fusion benigns: [0, 2, 3, 4, 8, 9]
2025-05-12 11:50:15,256 - DEBUG - util_fusion - fusion_dual_defense - client 8 scores: {0: array([64.20881131]), 1: array([64.20751335]), 2: array([64.2089487]), 3: array([64.20901422]), 4: array([64.20877872]), 5: array([64.2079177]), 6: array([64.20779764]), 7: array([64.20702928]), 8: array([64.20836478]), 9: array([64.20880912])}
2025-05-12 11:50:15,257 - DEBUG - util_fusion - fusion_dual_defense - client 8 norm scores: {0: array([0.89777511]), 1: array([0.24387444]), 2: array([0.96699203]), 3: array([1.]), 4: array([0.88135882]), 5: array([0.44757863]), 6: array([0.3870957]), 7: array([0.]), 8: array([0.67281633]), 9: array([0.8966747])}
2025-05-12 11:50:15,257 - DEBUG - util_fusion - fusion_dual_defense - client 8 similarity threshold: 0.639416576118813
2025-05-12 11:50:15,257 - INFO - util_fusion - fusion_dual_defense - client 8 selected fusion benigns: [0, 2, 3, 4, 8, 9]
2025-05-12 11:50:15,265 - DEBUG - util_fusion - fusion_dual_defense - client 9 scores: {0: array([64.20881131]), 1: array([64.20751335]), 2: array([64.2089487]), 3: array([64.20901422]), 4: array([64.20877872]), 5: array([64.2079177]), 6: array([64.20779764]), 7: array([64.20702928]), 8: array([64.20836478]), 9: array([64.20880912])}
2025-05-12 11:50:15,266 - DEBUG - util_fusion - fusion_dual_defense - client 9 norm scores: {0: array([0.89777511]), 1: array([0.24387444]), 2: array([0.96699203]), 3: array([1.]), 4: array([0.88135882]), 5: array([0.44757863]), 6: array([0.3870957]), 7: array([0.]), 8: array([0.67281633]), 9: array([0.8966747])}
2025-05-12 11:50:15,266 - DEBUG - util_fusion - fusion_dual_defense - client 9 similarity threshold: 0.639416576118813
2025-05-12 11:50:15,266 - INFO - util_fusion - fusion_dual_defense - client 9 selected fusion benigns: [0, 2, 3, 4, 8, 9]
2025-05-12 11:50:15,266 - DEBUG - util_fusion - fusion_dual_defense - final fusion benigns: (0, 2, 3, 4, 8, 9)
2025-05-12 11:50:17,018 - INFO - fl - start - global side -  test accuracy: 9.74
2025-05-12 11:50:17,018 - INFO - fl - start - global side iteration 21 -  test accuracy: 9.74
2025-05-12 11:50:17,018 - INFO - fl - start - start training round 22
2025-05-12 11:50:17,020 - INFO - fl - start - round 22 attackers: [7, 9]
2025-05-12 11:50:17,020 - INFO - fl - start - start client 0 training
2025-05-12 11:50:17,020 - INFO - fl - client_local_train - client 0 start local training ...
2025-05-12 11:50:20,318 - INFO - fl - start - end client 0 training
2025-05-12 11:50:20,318 - INFO - fl - start - client 0 evaluation metrics: {'train_loss': 139205.0919596354, 'test_acc': 9.74}
2025-05-12 11:50:20,318 - INFO - fl - start - start client 1 training
2025-05-12 11:50:20,318 - INFO - fl - client_local_train - client 1 start local training ...
2025-05-12 11:50:28,371 - INFO - fl - start - end client 1 training
2025-05-12 11:50:28,371 - INFO - fl - start - client 1 evaluation metrics: {'train_loss': 332994.8645519578, 'test_acc': 9.82}
2025-05-12 11:50:28,371 - INFO - fl - start - start client 2 training
2025-05-12 11:50:28,371 - INFO - fl - client_local_train - client 2 start local training ...
2025-05-12 11:50:31,091 - INFO - fl - start - end client 2 training
2025-05-12 11:50:31,091 - INFO - fl - start - client 2 evaluation metrics: {'train_loss': 250.07239899294717, 'test_acc': 11.35}
2025-05-12 11:50:31,091 - INFO - fl - start - start client 3 training
2025-05-12 11:50:31,091 - INFO - fl - client_local_train - client 3 start local training ...
2025-05-12 11:50:33,583 - INFO - fl - start - end client 3 training
2025-05-12 11:50:33,583 - INFO - fl - start - client 3 evaluation metrics: {'train_loss': 50602.54182381465, 'test_acc': 9.74}
2025-05-12 11:50:33,583 - INFO - fl - start - start client 4 training
2025-05-12 11:50:33,583 - INFO - fl - client_local_train - client 4 start local training ...
2025-05-12 11:50:36,979 - INFO - fl - start - end client 4 training
2025-05-12 11:50:36,979 - INFO - fl - start - client 4 evaluation metrics: {'train_loss': 3735.162989900393, 'test_acc': 9.57}
2025-05-12 11:50:36,979 - INFO - fl - start - start client 5 training
2025-05-12 11:50:36,979 - INFO - fl - client_local_train - client 5 start local training ...
2025-05-12 11:50:43,370 - INFO - fl - start - end client 5 training
2025-05-12 11:50:43,370 - INFO - fl - start - client 5 evaluation metrics: {'train_loss': 1193086.9304435484, 'test_acc': 11.35}
2025-05-12 11:50:43,370 - INFO - fl - start - start client 6 training
2025-05-12 11:50:43,370 - INFO - fl - client_local_train - client 6 start local training ...
2025-05-12 11:50:50,060 - INFO - fl - start - end client 6 training
2025-05-12 11:50:50,060 - INFO - fl - start - client 6 evaluation metrics: {'train_loss': 399137.1161221591, 'test_acc': 9.74}
2025-05-12 11:50:50,060 - INFO - fl - start - start client 7 training
2025-05-12 11:50:50,060 - INFO - fl - client_local_train - client 7 start local training ...
2025-05-12 11:50:57,141 - INFO - fl - client_local_train - client 7 is attacker, start poisoning model
2025-05-12 11:51:03,601 - INFO - fl - start - end client 7 training
2025-05-12 11:51:03,601 - INFO - fl - start - client 7 evaluation metrics: {'train_loss': 150643.3299521882, 'test_acc': 9.74}
2025-05-12 11:51:03,601 - INFO - fl - start - start client 8 training
2025-05-12 11:51:03,601 - INFO - fl - client_local_train - client 8 start local training ...
2025-05-12 11:51:08,533 - INFO - fl - start - end client 8 training
2025-05-12 11:51:08,533 - INFO - fl - start - client 8 evaluation metrics: {'train_loss': 268215.4195049157, 'test_acc': 9.57}
2025-05-12 11:51:08,533 - INFO - fl - start - start client 9 training
2025-05-12 11:51:08,533 - INFO - fl - client_local_train - client 9 start local training ...
2025-05-12 11:51:10,061 - INFO - fl - client_local_train - client 9 is attacker, start poisoning model
2025-05-12 11:51:13,544 - INFO - fl - start - end client 9 training
2025-05-12 11:51:13,544 - INFO - fl - start - client 9 evaluation metrics: {'train_loss': 250252.11458333334, 'test_acc': 11.35}
2025-05-12 11:51:13,544 - INFO - fl - aggregate_model - start model aggregation...fusion method: dual_defense
2025-05-12 11:51:13,544 - INFO - fl - aggregate_model - start hyper-guard fusion with epsilon 0.01
2025-05-12 11:51:13,544 - INFO - fl - aggregate_model - round 22 attackers: [9, 7]
2025-05-12 11:51:24,309 - DEBUG - util_fusion - fusion_dual_defense - client 0 scores: {0: array([120.82942675]), 1: array([120.82925477]), 2: array([120.82941462]), 3: array([120.82936059]), 4: array([120.82945199]), 5: array([120.82924737]), 6: array([120.82921477]), 7: array([120.82880327]), 8: array([120.82937816]), 9: array([120.8295296])}
2025-05-12 11:51:24,310 - DEBUG - util_fusion - fusion_dual_defense - client 0 norm scores: {0: array([0.85840833]), 1: array([0.62162011]), 2: array([0.84169806]), 3: array([0.76732112]), 4: array([0.8931545]), 5: array([0.61144236]), 6: array([0.56654732]), 7: array([0.]), 8: array([0.79150189]), 9: array([1.])}
2025-05-12 11:51:24,310 - DEBUG - util_fusion - fusion_dual_defense - client 0 similarity threshold: 0.6951693682009361
2025-05-12 11:51:24,310 - INFO - util_fusion - fusion_dual_defense - client 0 selected fusion benigns: [0, 2, 3, 4, 8, 9]
2025-05-12 11:51:24,318 - DEBUG - util_fusion - fusion_dual_defense - client 1 scores: {0: array([120.82942675]), 1: array([120.82925477]), 2: array([120.82941462]), 3: array([120.82936059]), 4: array([120.82945199]), 5: array([120.82924737]), 6: array([120.82921477]), 7: array([120.82880327]), 8: array([120.82937816]), 9: array([120.8295296])}
2025-05-12 11:51:24,319 - DEBUG - util_fusion - fusion_dual_defense - client 1 norm scores: {0: array([0.85840833]), 1: array([0.62162011]), 2: array([0.84169806]), 3: array([0.76732112]), 4: array([0.8931545]), 5: array([0.61144236]), 6: array([0.56654732]), 7: array([0.]), 8: array([0.79150189]), 9: array([1.])}
2025-05-12 11:51:24,319 - DEBUG - util_fusion - fusion_dual_defense - client 1 similarity threshold: 0.6951693682009361
2025-05-12 11:51:24,319 - INFO - util_fusion - fusion_dual_defense - client 1 selected fusion benigns: [0, 2, 3, 4, 8, 9]
2025-05-12 11:51:24,327 - DEBUG - util_fusion - fusion_dual_defense - client 2 scores: {0: array([120.82942675]), 1: array([120.82925477]), 2: array([120.82941462]), 3: array([120.82936059]), 4: array([120.82945199]), 5: array([120.82924737]), 6: array([120.82921477]), 7: array([120.82880327]), 8: array([120.82937816]), 9: array([120.8295296])}
2025-05-12 11:51:24,328 - DEBUG - util_fusion - fusion_dual_defense - client 2 norm scores: {0: array([0.85840833]), 1: array([0.62162011]), 2: array([0.84169806]), 3: array([0.76732112]), 4: array([0.8931545]), 5: array([0.61144236]), 6: array([0.56654732]), 7: array([0.]), 8: array([0.79150189]), 9: array([1.])}
2025-05-12 11:51:24,328 - DEBUG - util_fusion - fusion_dual_defense - client 2 similarity threshold: 0.6951693682009361
2025-05-12 11:51:24,328 - INFO - util_fusion - fusion_dual_defense - client 2 selected fusion benigns: [0, 2, 3, 4, 8, 9]
2025-05-12 11:51:24,336 - DEBUG - util_fusion - fusion_dual_defense - client 3 scores: {0: array([120.82942675]), 1: array([120.82925477]), 2: array([120.82941462]), 3: array([120.82936059]), 4: array([120.82945199]), 5: array([120.82924737]), 6: array([120.82921477]), 7: array([120.82880327]), 8: array([120.82937816]), 9: array([120.8295296])}
2025-05-12 11:51:24,337 - DEBUG - util_fusion - fusion_dual_defense - client 3 norm scores: {0: array([0.85840833]), 1: array([0.62162011]), 2: array([0.84169806]), 3: array([0.76732112]), 4: array([0.8931545]), 5: array([0.61144236]), 6: array([0.56654732]), 7: array([0.]), 8: array([0.79150189]), 9: array([1.])}
2025-05-12 11:51:24,337 - DEBUG - util_fusion - fusion_dual_defense - client 3 similarity threshold: 0.6951693682009361
2025-05-12 11:51:24,337 - INFO - util_fusion - fusion_dual_defense - client 3 selected fusion benigns: [0, 2, 3, 4, 8, 9]
2025-05-12 11:51:24,345 - DEBUG - util_fusion - fusion_dual_defense - client 4 scores: {0: array([120.82942675]), 1: array([120.82925477]), 2: array([120.82941462]), 3: array([120.82936059]), 4: array([120.82945199]), 5: array([120.82924737]), 6: array([120.82921477]), 7: array([120.82880327]), 8: array([120.82937816]), 9: array([120.8295296])}
2025-05-12 11:51:24,346 - DEBUG - util_fusion - fusion_dual_defense - client 4 norm scores: {0: array([0.85840833]), 1: array([0.62162011]), 2: array([0.84169806]), 3: array([0.76732112]), 4: array([0.8931545]), 5: array([0.61144236]), 6: array([0.56654732]), 7: array([0.]), 8: array([0.79150189]), 9: array([1.])}
2025-05-12 11:51:24,346 - DEBUG - util_fusion - fusion_dual_defense - client 4 similarity threshold: 0.6951693682009361
2025-05-12 11:51:24,346 - INFO - util_fusion - fusion_dual_defense - client 4 selected fusion benigns: [0, 2, 3, 4, 8, 9]
2025-05-12 11:51:24,354 - DEBUG - util_fusion - fusion_dual_defense - client 5 scores: {0: array([120.82942675]), 1: array([120.82925477]), 2: array([120.82941462]), 3: array([120.82936059]), 4: array([120.82945199]), 5: array([120.82924737]), 6: array([120.82921477]), 7: array([120.82880327]), 8: array([120.82937816]), 9: array([120.8295296])}
2025-05-12 11:51:24,355 - DEBUG - util_fusion - fusion_dual_defense - client 5 norm scores: {0: array([0.85840833]), 1: array([0.62162011]), 2: array([0.84169806]), 3: array([0.76732112]), 4: array([0.8931545]), 5: array([0.61144236]), 6: array([0.56654732]), 7: array([0.]), 8: array([0.79150189]), 9: array([1.])}
2025-05-12 11:51:24,355 - DEBUG - util_fusion - fusion_dual_defense - client 5 similarity threshold: 0.6951693682009361
2025-05-12 11:51:24,355 - INFO - util_fusion - fusion_dual_defense - client 5 selected fusion benigns: [0, 2, 3, 4, 8, 9]
2025-05-12 11:51:24,363 - DEBUG - util_fusion - fusion_dual_defense - client 6 scores: {0: array([120.82942675]), 1: array([120.82925477]), 2: array([120.82941462]), 3: array([120.82936059]), 4: array([120.82945199]), 5: array([120.82924737]), 6: array([120.82921477]), 7: array([120.82880327]), 8: array([120.82937816]), 9: array([120.8295296])}
2025-05-12 11:51:24,364 - DEBUG - util_fusion - fusion_dual_defense - client 6 norm scores: {0: array([0.85840833]), 1: array([0.62162011]), 2: array([0.84169806]), 3: array([0.76732112]), 4: array([0.8931545]), 5: array([0.61144236]), 6: array([0.56654732]), 7: array([0.]), 8: array([0.79150189]), 9: array([1.])}
2025-05-12 11:51:24,364 - DEBUG - util_fusion - fusion_dual_defense - client 6 similarity threshold: 0.6951693682009361
2025-05-12 11:51:24,364 - INFO - util_fusion - fusion_dual_defense - client 6 selected fusion benigns: [0, 2, 3, 4, 8, 9]
2025-05-12 11:51:24,372 - DEBUG - util_fusion - fusion_dual_defense - client 7 scores: {0: array([120.82942675]), 1: array([120.82925477]), 2: array([120.82941462]), 3: array([120.82936059]), 4: array([120.82945199]), 5: array([120.82924737]), 6: array([120.82921477]), 7: array([120.82880327]), 8: array([120.82937816]), 9: array([120.8295296])}
2025-05-12 11:51:24,373 - DEBUG - util_fusion - fusion_dual_defense - client 7 norm scores: {0: array([0.85840833]), 1: array([0.62162011]), 2: array([0.84169806]), 3: array([0.76732112]), 4: array([0.8931545]), 5: array([0.61144236]), 6: array([0.56654732]), 7: array([0.]), 8: array([0.79150189]), 9: array([1.])}
2025-05-12 11:51:24,373 - DEBUG - util_fusion - fusion_dual_defense - client 7 similarity threshold: 0.6951693682009361
2025-05-12 11:51:24,373 - INFO - util_fusion - fusion_dual_defense - client 7 selected fusion benigns: [0, 2, 3, 4, 8, 9]
2025-05-12 11:51:24,382 - DEBUG - util_fusion - fusion_dual_defense - client 8 scores: {0: array([120.82942675]), 1: array([120.82925477]), 2: array([120.82941462]), 3: array([120.82936059]), 4: array([120.82945199]), 5: array([120.82924737]), 6: array([120.82921477]), 7: array([120.82880327]), 8: array([120.82937816]), 9: array([120.8295296])}
2025-05-12 11:51:24,382 - DEBUG - util_fusion - fusion_dual_defense - client 8 norm scores: {0: array([0.85840833]), 1: array([0.62162011]), 2: array([0.84169806]), 3: array([0.76732112]), 4: array([0.8931545]), 5: array([0.61144236]), 6: array([0.56654732]), 7: array([0.]), 8: array([0.79150189]), 9: array([1.])}
2025-05-12 11:51:24,382 - DEBUG - util_fusion - fusion_dual_defense - client 8 similarity threshold: 0.6951693682009361
2025-05-12 11:51:24,382 - INFO - util_fusion - fusion_dual_defense - client 8 selected fusion benigns: [0, 2, 3, 4, 8, 9]
2025-05-12 11:51:24,391 - DEBUG - util_fusion - fusion_dual_defense - client 9 scores: {0: array([120.82942675]), 1: array([120.82925477]), 2: array([120.82941462]), 3: array([120.82936059]), 4: array([120.82945199]), 5: array([120.82924737]), 6: array([120.82921477]), 7: array([120.82880327]), 8: array([120.82937816]), 9: array([120.8295296])}
2025-05-12 11:51:24,391 - DEBUG - util_fusion - fusion_dual_defense - client 9 norm scores: {0: array([0.85840833]), 1: array([0.62162011]), 2: array([0.84169806]), 3: array([0.76732112]), 4: array([0.8931545]), 5: array([0.61144236]), 6: array([0.56654732]), 7: array([0.]), 8: array([0.79150189]), 9: array([1.])}
2025-05-12 11:51:24,391 - DEBUG - util_fusion - fusion_dual_defense - client 9 similarity threshold: 0.6951693682009361
2025-05-12 11:51:24,391 - INFO - util_fusion - fusion_dual_defense - client 9 selected fusion benigns: [0, 2, 3, 4, 8, 9]
2025-05-12 11:51:24,391 - DEBUG - util_fusion - fusion_dual_defense - final fusion benigns: (0, 2, 3, 4, 8, 9)
2025-05-12 11:51:26,139 - INFO - fl - start - global side -  test accuracy: 11.35
2025-05-12 11:51:26,139 - INFO - fl - start - global side iteration 22 -  test accuracy: 11.35
2025-05-12 11:51:26,140 - INFO - fl - start - start training round 23
2025-05-12 11:51:26,141 - INFO - fl - start - round 23 attackers: [1, 8]
2025-05-12 11:51:26,141 - INFO - fl - start - start client 0 training
2025-05-12 11:51:26,141 - INFO - fl - client_local_train - client 0 start local training ...
2025-05-12 11:51:29,432 - INFO - fl - start - end client 0 training
2025-05-12 11:51:29,432 - INFO - fl - start - client 0 evaluation metrics: {'train_loss': 297031.01774088544, 'test_acc': 9.74}
2025-05-12 11:51:29,432 - INFO - fl - start - start client 1 training
2025-05-12 11:51:29,432 - INFO - fl - client_local_train - client 1 start local training ...
2025-05-12 11:51:34,753 - INFO - fl - client_local_train - client 1 is attacker, start poisoning model
2025-05-12 11:51:40,285 - INFO - fl - start - end client 1 training
2025-05-12 11:51:40,285 - INFO - fl - start - client 1 evaluation metrics: {'train_loss': 5687225.290662651, 'test_acc': 9.82}
2025-05-12 11:51:40,285 - INFO - fl - start - start client 2 training
2025-05-12 11:51:40,285 - INFO - fl - client_local_train - client 2 start local training ...
2025-05-12 11:51:43,006 - INFO - fl - start - end client 2 training
2025-05-12 11:51:43,006 - INFO - fl - start - client 2 evaluation metrics: {'train_loss': 530.9164465733937, 'test_acc': 11.35}
2025-05-12 11:51:43,006 - INFO - fl - start - start client 3 training
2025-05-12 11:51:43,006 - INFO - fl - client_local_train - client 3 start local training ...
2025-05-12 11:51:45,487 - INFO - fl - start - end client 3 training
2025-05-12 11:51:45,487 - INFO - fl - start - client 3 evaluation metrics: {'train_loss': 104048.44165220343, 'test_acc': 10.09}
2025-05-12 11:51:45,487 - INFO - fl - start - start client 4 training
2025-05-12 11:51:45,496 - INFO - fl - client_local_train - client 4 start local training ...
2025-05-12 11:51:48,906 - INFO - fl - start - end client 4 training
2025-05-12 11:51:48,907 - INFO - fl - start - client 4 evaluation metrics: {'train_loss': 7958.406783923215, 'test_acc': 9.57}
2025-05-12 11:51:48,907 - INFO - fl - start - start client 5 training
2025-05-12 11:51:48,907 - INFO - fl - client_local_train - client 5 start local training ...
2025-05-12 11:51:55,271 - INFO - fl - start - end client 5 training
2025-05-12 11:51:55,271 - INFO - fl - start - client 5 evaluation metrics: {'train_loss': 2542928.1411290322, 'test_acc': 11.35}
2025-05-12 11:51:55,271 - INFO - fl - start - start client 6 training
2025-05-12 11:51:55,271 - INFO - fl - client_local_train - client 6 start local training ...
2025-05-12 11:52:02,006 - INFO - fl - start - end client 6 training
2025-05-12 11:52:02,006 - INFO - fl - start - client 6 evaluation metrics: {'train_loss': 845909.9810606061, 'test_acc': 11.35}
2025-05-12 11:52:02,006 - INFO - fl - start - start client 7 training
2025-05-12 11:52:02,006 - INFO - fl - client_local_train - client 7 start local training ...
2025-05-12 11:52:12,376 - INFO - fl - start - end client 7 training
2025-05-12 11:52:12,376 - INFO - fl - start - client 7 evaluation metrics: {'train_loss': 40191.08942092274, 'test_acc': 10.09}
2025-05-12 11:52:12,376 - INFO - fl - start - start client 8 training
2025-05-12 11:52:12,376 - INFO - fl - client_local_train - client 8 start local training ...
2025-05-12 11:52:15,219 - INFO - fl - client_local_train - client 8 is attacker, start poisoning model
2025-05-12 11:52:19,419 - INFO - fl - start - end client 8 training
2025-05-12 11:52:19,419 - INFO - fl - start - client 8 evaluation metrics: {'train_loss': 4576397.707865168, 'test_acc': 9.57}
2025-05-12 11:52:19,419 - INFO - fl - start - start client 9 training
2025-05-12 11:52:19,419 - INFO - fl - client_local_train - client 9 start local training ...
2025-05-12 11:52:22,728 - INFO - fl - start - end client 9 training
2025-05-12 11:52:22,728 - INFO - fl - start - client 9 evaluation metrics: {'train_loss': 66587.03659184773, 'test_acc': 11.35}
2025-05-12 11:52:22,728 - INFO - fl - aggregate_model - start model aggregation...fusion method: dual_defense
2025-05-12 11:52:22,728 - INFO - fl - aggregate_model - start hyper-guard fusion with epsilon 0.01
2025-05-12 11:52:22,728 - INFO - fl - aggregate_model - round 23 attackers: [8, 1]
2025-05-12 11:52:33,497 - DEBUG - util_fusion - fusion_dual_defense - client 0 scores: {0: array([35.76627537]), 1: array([35.76755937]), 2: array([35.76614549]), 3: array([35.76605598]), 4: array([35.76632276]), 5: array([35.76715106]), 6: array([35.76724772]), 7: array([35.76800618]), 8: array([35.76678031]), 9: array([35.76630002])}
2025-05-12 11:52:33,498 - DEBUG - util_fusion - fusion_dual_defense - client 0 norm scores: {0: array([0.11249461]), 1: array([0.77089262]), 2: array([0.04589634]), 3: array([0.]), 4: array([0.13679432]), 5: array([0.56151913]), 6: array([0.61108573]), 7: array([1.]), 8: array([0.37141037]), 9: array([0.1251367])}
2025-05-12 11:52:33,498 - DEBUG - util_fusion - fusion_dual_defense - client 0 similarity threshold: 0.37352298114568955
2025-05-12 11:52:33,498 - INFO - util_fusion - fusion_dual_defense - client 0 selected fusion benigns: [1, 5, 6, 7]
2025-05-12 11:52:33,506 - DEBUG - util_fusion - fusion_dual_defense - client 1 scores: {0: array([35.76627537]), 1: array([35.76755937]), 2: array([35.76614549]), 3: array([35.76605598]), 4: array([35.76632276]), 5: array([35.76715106]), 6: array([35.76724772]), 7: array([35.76800618]), 8: array([35.76678031]), 9: array([35.76630002])}
2025-05-12 11:52:33,507 - DEBUG - util_fusion - fusion_dual_defense - client 1 norm scores: {0: array([0.11249461]), 1: array([0.77089262]), 2: array([0.04589634]), 3: array([0.]), 4: array([0.13679432]), 5: array([0.56151913]), 6: array([0.61108573]), 7: array([1.]), 8: array([0.37141037]), 9: array([0.1251367])}
2025-05-12 11:52:33,507 - DEBUG - util_fusion - fusion_dual_defense - client 1 similarity threshold: 0.37352298114568955
2025-05-12 11:52:33,507 - INFO - util_fusion - fusion_dual_defense - client 1 selected fusion benigns: [1, 5, 6, 7]
2025-05-12 11:52:33,515 - DEBUG - util_fusion - fusion_dual_defense - client 2 scores: {0: array([35.76627537]), 1: array([35.76755937]), 2: array([35.76614549]), 3: array([35.76605598]), 4: array([35.76632276]), 5: array([35.76715106]), 6: array([35.76724772]), 7: array([35.76800618]), 8: array([35.76678031]), 9: array([35.76630002])}
2025-05-12 11:52:33,516 - DEBUG - util_fusion - fusion_dual_defense - client 2 norm scores: {0: array([0.11249461]), 1: array([0.77089262]), 2: array([0.04589634]), 3: array([0.]), 4: array([0.13679432]), 5: array([0.56151913]), 6: array([0.61108573]), 7: array([1.]), 8: array([0.37141037]), 9: array([0.1251367])}
2025-05-12 11:52:33,516 - DEBUG - util_fusion - fusion_dual_defense - client 2 similarity threshold: 0.37352298114568955
2025-05-12 11:52:33,516 - INFO - util_fusion - fusion_dual_defense - client 2 selected fusion benigns: [1, 5, 6, 7]
2025-05-12 11:52:33,524 - DEBUG - util_fusion - fusion_dual_defense - client 3 scores: {0: array([35.76627537]), 1: array([35.76755937]), 2: array([35.76614549]), 3: array([35.76605598]), 4: array([35.76632276]), 5: array([35.76715106]), 6: array([35.76724772]), 7: array([35.76800618]), 8: array([35.76678031]), 9: array([35.76630002])}
2025-05-12 11:52:33,525 - DEBUG - util_fusion - fusion_dual_defense - client 3 norm scores: {0: array([0.11249461]), 1: array([0.77089262]), 2: array([0.04589634]), 3: array([0.]), 4: array([0.13679432]), 5: array([0.56151913]), 6: array([0.61108573]), 7: array([1.]), 8: array([0.37141037]), 9: array([0.1251367])}
2025-05-12 11:52:33,525 - DEBUG - util_fusion - fusion_dual_defense - client 3 similarity threshold: 0.37352298114568955
2025-05-12 11:52:33,525 - INFO - util_fusion - fusion_dual_defense - client 3 selected fusion benigns: [1, 5, 6, 7]
2025-05-12 11:52:33,533 - DEBUG - util_fusion - fusion_dual_defense - client 4 scores: {0: array([35.76627537]), 1: array([35.76755937]), 2: array([35.76614549]), 3: array([35.76605598]), 4: array([35.76632276]), 5: array([35.76715106]), 6: array([35.76724772]), 7: array([35.76800618]), 8: array([35.76678031]), 9: array([35.76630002])}
2025-05-12 11:52:33,534 - DEBUG - util_fusion - fusion_dual_defense - client 4 norm scores: {0: array([0.11249461]), 1: array([0.77089262]), 2: array([0.04589634]), 3: array([0.]), 4: array([0.13679432]), 5: array([0.56151913]), 6: array([0.61108573]), 7: array([1.]), 8: array([0.37141037]), 9: array([0.1251367])}
2025-05-12 11:52:33,534 - DEBUG - util_fusion - fusion_dual_defense - client 4 similarity threshold: 0.37352298114568955
2025-05-12 11:52:33,534 - INFO - util_fusion - fusion_dual_defense - client 4 selected fusion benigns: [1, 5, 6, 7]
2025-05-12 11:52:33,543 - DEBUG - util_fusion - fusion_dual_defense - client 5 scores: {0: array([35.76627537]), 1: array([35.76755937]), 2: array([35.76614549]), 3: array([35.76605598]), 4: array([35.76632276]), 5: array([35.76715106]), 6: array([35.76724772]), 7: array([35.76800618]), 8: array([35.76678031]), 9: array([35.76630002])}
2025-05-12 11:52:33,543 - DEBUG - util_fusion - fusion_dual_defense - client 5 norm scores: {0: array([0.11249461]), 1: array([0.77089262]), 2: array([0.04589634]), 3: array([0.]), 4: array([0.13679432]), 5: array([0.56151913]), 6: array([0.61108573]), 7: array([1.]), 8: array([0.37141037]), 9: array([0.1251367])}
2025-05-12 11:52:33,543 - DEBUG - util_fusion - fusion_dual_defense - client 5 similarity threshold: 0.37352298114568955
2025-05-12 11:52:33,543 - INFO - util_fusion - fusion_dual_defense - client 5 selected fusion benigns: [1, 5, 6, 7]
2025-05-12 11:52:33,551 - DEBUG - util_fusion - fusion_dual_defense - client 6 scores: {0: array([35.76627537]), 1: array([35.76755937]), 2: array([35.76614549]), 3: array([35.76605598]), 4: array([35.76632276]), 5: array([35.76715106]), 6: array([35.76724772]), 7: array([35.76800618]), 8: array([35.76678031]), 9: array([35.76630002])}
2025-05-12 11:52:33,552 - DEBUG - util_fusion - fusion_dual_defense - client 6 norm scores: {0: array([0.11249461]), 1: array([0.77089262]), 2: array([0.04589634]), 3: array([0.]), 4: array([0.13679432]), 5: array([0.56151913]), 6: array([0.61108573]), 7: array([1.]), 8: array([0.37141037]), 9: array([0.1251367])}
2025-05-12 11:52:33,552 - DEBUG - util_fusion - fusion_dual_defense - client 6 similarity threshold: 0.37352298114568955
2025-05-12 11:52:33,552 - INFO - util_fusion - fusion_dual_defense - client 6 selected fusion benigns: [1, 5, 6, 7]
2025-05-12 11:52:33,560 - DEBUG - util_fusion - fusion_dual_defense - client 7 scores: {0: array([35.76627537]), 1: array([35.76755937]), 2: array([35.76614549]), 3: array([35.76605598]), 4: array([35.76632276]), 5: array([35.76715106]), 6: array([35.76724772]), 7: array([35.76800618]), 8: array([35.76678031]), 9: array([35.76630002])}
2025-05-12 11:52:33,561 - DEBUG - util_fusion - fusion_dual_defense - client 7 norm scores: {0: array([0.11249461]), 1: array([0.77089262]), 2: array([0.04589634]), 3: array([0.]), 4: array([0.13679432]), 5: array([0.56151913]), 6: array([0.61108573]), 7: array([1.]), 8: array([0.37141037]), 9: array([0.1251367])}
2025-05-12 11:52:33,561 - DEBUG - util_fusion - fusion_dual_defense - client 7 similarity threshold: 0.37352298114568955
2025-05-12 11:52:33,561 - INFO - util_fusion - fusion_dual_defense - client 7 selected fusion benigns: [1, 5, 6, 7]
2025-05-12 11:52:33,569 - DEBUG - util_fusion - fusion_dual_defense - client 8 scores: {0: array([35.76627537]), 1: array([35.76755937]), 2: array([35.76614549]), 3: array([35.76605598]), 4: array([35.76632276]), 5: array([35.76715106]), 6: array([35.76724772]), 7: array([35.76800618]), 8: array([35.76678031]), 9: array([35.76630002])}
2025-05-12 11:52:33,570 - DEBUG - util_fusion - fusion_dual_defense - client 8 norm scores: {0: array([0.11249461]), 1: array([0.77089262]), 2: array([0.04589634]), 3: array([0.]), 4: array([0.13679432]), 5: array([0.56151913]), 6: array([0.61108573]), 7: array([1.]), 8: array([0.37141037]), 9: array([0.1251367])}
2025-05-12 11:52:33,570 - DEBUG - util_fusion - fusion_dual_defense - client 8 similarity threshold: 0.37352298114568955
2025-05-12 11:52:33,570 - INFO - util_fusion - fusion_dual_defense - client 8 selected fusion benigns: [1, 5, 6, 7]
2025-05-12 11:52:33,578 - DEBUG - util_fusion - fusion_dual_defense - client 9 scores: {0: array([35.76627537]), 1: array([35.76755937]), 2: array([35.76614549]), 3: array([35.76605598]), 4: array([35.76632276]), 5: array([35.76715106]), 6: array([35.76724772]), 7: array([35.76800618]), 8: array([35.76678031]), 9: array([35.76630002])}
2025-05-12 11:52:33,579 - DEBUG - util_fusion - fusion_dual_defense - client 9 norm scores: {0: array([0.11249461]), 1: array([0.77089262]), 2: array([0.04589634]), 3: array([0.]), 4: array([0.13679432]), 5: array([0.56151913]), 6: array([0.61108573]), 7: array([1.]), 8: array([0.37141037]), 9: array([0.1251367])}
2025-05-12 11:52:33,579 - DEBUG - util_fusion - fusion_dual_defense - client 9 similarity threshold: 0.37352298114568955
2025-05-12 11:52:33,579 - INFO - util_fusion - fusion_dual_defense - client 9 selected fusion benigns: [1, 5, 6, 7]
2025-05-12 11:52:33,579 - DEBUG - util_fusion - fusion_dual_defense - final fusion benigns: (1, 5, 6, 7)
2025-05-12 11:52:35,221 - INFO - fl - start - global side -  test accuracy: 11.35
2025-05-12 11:52:35,221 - INFO - fl - start - global side iteration 23 -  test accuracy: 11.35
2025-05-12 11:52:35,221 - INFO - fl - start - start training round 24
2025-05-12 11:52:35,223 - INFO - fl - start - round 24 attackers: [9, 3]
2025-05-12 11:52:35,223 - INFO - fl - start - start client 0 training
2025-05-12 11:52:35,223 - INFO - fl - client_local_train - client 0 start local training ...
2025-05-12 11:52:38,552 - INFO - fl - start - end client 0 training
2025-05-12 11:52:38,552 - INFO - fl - start - client 0 evaluation metrics: {'train_loss': 833302.796875, 'test_acc': 9.74}
2025-05-12 11:52:38,552 - INFO - fl - start - start client 1 training
2025-05-12 11:52:38,552 - INFO - fl - client_local_train - client 1 start local training ...
2025-05-12 11:52:46,706 - INFO - fl - start - end client 1 training
2025-05-12 11:52:46,707 - INFO - fl - start - client 1 evaluation metrics: {'train_loss': 1993026.1069277108, 'test_acc': 9.82}
2025-05-12 11:52:46,707 - INFO - fl - start - start client 2 training
2025-05-12 11:52:46,707 - INFO - fl - client_local_train - client 2 start local training ...
2025-05-12 11:52:49,442 - INFO - fl - start - end client 2 training
2025-05-12 11:52:49,442 - INFO - fl - start - client 2 evaluation metrics: {'train_loss': 1523.0665457589287, 'test_acc': 11.35}
2025-05-12 11:52:49,442 - INFO - fl - start - start client 3 training
2025-05-12 11:52:49,442 - INFO - fl - client_local_train - client 3 start local training ...
2025-05-12 11:52:50,360 - INFO - fl - client_local_train - client 3 is attacker, start poisoning model
2025-05-12 11:52:53,522 - INFO - fl - start - end client 3 training
2025-05-12 11:52:53,522 - INFO - fl - start - client 3 evaluation metrics: {'train_loss': 2421844.521551724, 'test_acc': 9.74}
2025-05-12 11:52:53,522 - INFO - fl - start - start client 4 training
2025-05-12 11:52:53,522 - INFO - fl - client_local_train - client 4 start local training ...
2025-05-12 11:52:56,909 - INFO - fl - start - end client 4 training
2025-05-12 11:52:56,909 - INFO - fl - start - client 4 evaluation metrics: {'train_loss': 22337.096257319638, 'test_acc': 9.57}
2025-05-12 11:52:56,909 - INFO - fl - start - start client 5 training
2025-05-12 11:52:56,909 - INFO - fl - client_local_train - client 5 start local training ...
2025-05-12 11:53:03,325 - INFO - fl - start - end client 5 training
2025-05-12 11:53:03,325 - INFO - fl - start - client 5 evaluation metrics: {'train_loss': 7139070.411290322, 'test_acc': 11.35}
2025-05-12 11:53:03,325 - INFO - fl - start - start client 6 training
2025-05-12 11:53:03,325 - INFO - fl - client_local_train - client 6 start local training ...
2025-05-12 11:53:10,059 - INFO - fl - start - end client 6 training
2025-05-12 11:53:10,060 - INFO - fl - start - client 6 evaluation metrics: {'train_loss': 2391331.5303030303, 'test_acc': 11.35}
2025-05-12 11:53:10,060 - INFO - fl - start - start client 7 training
2025-05-12 11:53:10,060 - INFO - fl - client_local_train - client 7 start local training ...
2025-05-12 11:53:20,404 - INFO - fl - start - end client 7 training
2025-05-12 11:53:20,404 - INFO - fl - start - client 7 evaluation metrics: {'train_loss': 112799.11818615667, 'test_acc': 10.09}
2025-05-12 11:53:20,405 - INFO - fl - start - start client 8 training
2025-05-12 11:53:20,405 - INFO - fl - client_local_train - client 8 start local training ...
2025-05-12 11:53:25,353 - INFO - fl - start - end client 8 training
2025-05-12 11:53:25,353 - INFO - fl - start - client 8 evaluation metrics: {'train_loss': 1609421.6039325842, 'test_acc': 9.57}
2025-05-12 11:53:25,353 - INFO - fl - start - start client 9 training
2025-05-12 11:53:25,353 - INFO - fl - client_local_train - client 9 start local training ...
2025-05-12 11:53:26,897 - INFO - fl - client_local_train - client 9 is attacker, start poisoning model
2025-05-12 11:53:30,403 - INFO - fl - start - end client 9 training
2025-05-12 11:53:30,403 - INFO - fl - start - client 9 evaluation metrics: {'train_loss': 1495300.0338541667, 'test_acc': 11.35}
2025-05-12 11:53:30,403 - INFO - fl - aggregate_model - start model aggregation...fusion method: dual_defense
2025-05-12 11:53:30,403 - INFO - fl - aggregate_model - start hyper-guard fusion with epsilon 0.01
2025-05-12 11:53:30,403 - INFO - fl - aggregate_model - round 24 attackers: [9, 3]
2025-05-12 11:53:41,183 - DEBUG - util_fusion - fusion_dual_defense - client 0 scores: {0: array([17.5445444]), 1: array([17.54379204]), 2: array([17.54463174]), 3: array([17.54466847]), 4: array([17.54451535]), 5: array([17.54406434]), 6: array([17.54400254]), 7: array([17.54344353]), 8: array([17.54428794]), 9: array([17.54453623])}
2025-05-12 11:53:41,184 - DEBUG - util_fusion - fusion_dual_defense - client 0 norm scores: {0: array([0.89871738]), 1: array([0.28451692]), 2: array([0.97001487]), 3: array([1.]), 4: array([0.87499852]), 5: array([0.50681164]), 6: array([0.45636012]), 7: array([0.]), 8: array([0.68934821]), 9: array([0.8920437])}
2025-05-12 11:53:41,184 - DEBUG - util_fusion - fusion_dual_defense - client 0 similarity threshold: 0.6572811347827042
2025-05-12 11:53:41,184 - INFO - util_fusion - fusion_dual_defense - client 0 selected fusion benigns: [0, 2, 3, 4, 8, 9]
2025-05-12 11:53:41,192 - DEBUG - util_fusion - fusion_dual_defense - client 1 scores: {0: array([17.5445444]), 1: array([17.54379204]), 2: array([17.54463174]), 3: array([17.54466847]), 4: array([17.54451535]), 5: array([17.54406434]), 6: array([17.54400254]), 7: array([17.54344353]), 8: array([17.54428794]), 9: array([17.54453623])}
2025-05-12 11:53:41,193 - DEBUG - util_fusion - fusion_dual_defense - client 1 norm scores: {0: array([0.89871738]), 1: array([0.28451692]), 2: array([0.97001487]), 3: array([1.]), 4: array([0.87499852]), 5: array([0.50681164]), 6: array([0.45636012]), 7: array([0.]), 8: array([0.68934821]), 9: array([0.8920437])}
2025-05-12 11:53:41,193 - DEBUG - util_fusion - fusion_dual_defense - client 1 similarity threshold: 0.6572811347827042
2025-05-12 11:53:41,193 - INFO - util_fusion - fusion_dual_defense - client 1 selected fusion benigns: [0, 2, 3, 4, 8, 9]
2025-05-12 11:53:41,201 - DEBUG - util_fusion - fusion_dual_defense - client 2 scores: {0: array([17.5445444]), 1: array([17.54379204]), 2: array([17.54463174]), 3: array([17.54466847]), 4: array([17.54451535]), 5: array([17.54406434]), 6: array([17.54400254]), 7: array([17.54344353]), 8: array([17.54428794]), 9: array([17.54453623])}
2025-05-12 11:53:41,202 - DEBUG - util_fusion - fusion_dual_defense - client 2 norm scores: {0: array([0.89871738]), 1: array([0.28451692]), 2: array([0.97001487]), 3: array([1.]), 4: array([0.87499852]), 5: array([0.50681164]), 6: array([0.45636012]), 7: array([0.]), 8: array([0.68934821]), 9: array([0.8920437])}
2025-05-12 11:53:41,202 - DEBUG - util_fusion - fusion_dual_defense - client 2 similarity threshold: 0.6572811347827042
2025-05-12 11:53:41,202 - INFO - util_fusion - fusion_dual_defense - client 2 selected fusion benigns: [0, 2, 3, 4, 8, 9]
2025-05-12 11:53:41,210 - DEBUG - util_fusion - fusion_dual_defense - client 3 scores: {0: array([17.5445444]), 1: array([17.54379204]), 2: array([17.54463174]), 3: array([17.54466847]), 4: array([17.54451535]), 5: array([17.54406434]), 6: array([17.54400254]), 7: array([17.54344353]), 8: array([17.54428794]), 9: array([17.54453623])}
2025-05-12 11:53:41,211 - DEBUG - util_fusion - fusion_dual_defense - client 3 norm scores: {0: array([0.89871738]), 1: array([0.28451692]), 2: array([0.97001487]), 3: array([1.]), 4: array([0.87499852]), 5: array([0.50681164]), 6: array([0.45636012]), 7: array([0.]), 8: array([0.68934821]), 9: array([0.8920437])}
2025-05-12 11:53:41,211 - DEBUG - util_fusion - fusion_dual_defense - client 3 similarity threshold: 0.6572811347827042
2025-05-12 11:53:41,211 - INFO - util_fusion - fusion_dual_defense - client 3 selected fusion benigns: [0, 2, 3, 4, 8, 9]
2025-05-12 11:53:41,219 - DEBUG - util_fusion - fusion_dual_defense - client 4 scores: {0: array([17.5445444]), 1: array([17.54379204]), 2: array([17.54463174]), 3: array([17.54466847]), 4: array([17.54451535]), 5: array([17.54406434]), 6: array([17.54400254]), 7: array([17.54344353]), 8: array([17.54428794]), 9: array([17.54453623])}
2025-05-12 11:53:41,220 - DEBUG - util_fusion - fusion_dual_defense - client 4 norm scores: {0: array([0.89871738]), 1: array([0.28451692]), 2: array([0.97001487]), 3: array([1.]), 4: array([0.87499852]), 5: array([0.50681164]), 6: array([0.45636012]), 7: array([0.]), 8: array([0.68934821]), 9: array([0.8920437])}
2025-05-12 11:53:41,220 - DEBUG - util_fusion - fusion_dual_defense - client 4 similarity threshold: 0.6572811347827042
2025-05-12 11:53:41,220 - INFO - util_fusion - fusion_dual_defense - client 4 selected fusion benigns: [0, 2, 3, 4, 8, 9]
2025-05-12 11:53:41,228 - DEBUG - util_fusion - fusion_dual_defense - client 5 scores: {0: array([17.5445444]), 1: array([17.54379204]), 2: array([17.54463174]), 3: array([17.54466847]), 4: array([17.54451535]), 5: array([17.54406434]), 6: array([17.54400254]), 7: array([17.54344353]), 8: array([17.54428794]), 9: array([17.54453623])}
2025-05-12 11:53:41,229 - DEBUG - util_fusion - fusion_dual_defense - client 5 norm scores: {0: array([0.89871738]), 1: array([0.28451692]), 2: array([0.97001487]), 3: array([1.]), 4: array([0.87499852]), 5: array([0.50681164]), 6: array([0.45636012]), 7: array([0.]), 8: array([0.68934821]), 9: array([0.8920437])}
2025-05-12 11:53:41,229 - DEBUG - util_fusion - fusion_dual_defense - client 5 similarity threshold: 0.6572811347827042
2025-05-12 11:53:41,229 - INFO - util_fusion - fusion_dual_defense - client 5 selected fusion benigns: [0, 2, 3, 4, 8, 9]
2025-05-12 11:53:41,238 - DEBUG - util_fusion - fusion_dual_defense - client 6 scores: {0: array([17.5445444]), 1: array([17.54379204]), 2: array([17.54463174]), 3: array([17.54466847]), 4: array([17.54451535]), 5: array([17.54406434]), 6: array([17.54400254]), 7: array([17.54344353]), 8: array([17.54428794]), 9: array([17.54453623])}
2025-05-12 11:53:41,238 - DEBUG - util_fusion - fusion_dual_defense - client 6 norm scores: {0: array([0.89871738]), 1: array([0.28451692]), 2: array([0.97001487]), 3: array([1.]), 4: array([0.87499852]), 5: array([0.50681164]), 6: array([0.45636012]), 7: array([0.]), 8: array([0.68934821]), 9: array([0.8920437])}
2025-05-12 11:53:41,238 - DEBUG - util_fusion - fusion_dual_defense - client 6 similarity threshold: 0.6572811347827042
2025-05-12 11:53:41,238 - INFO - util_fusion - fusion_dual_defense - client 6 selected fusion benigns: [0, 2, 3, 4, 8, 9]
2025-05-12 11:53:41,247 - DEBUG - util_fusion - fusion_dual_defense - client 7 scores: {0: array([17.5445444]), 1: array([17.54379204]), 2: array([17.54463174]), 3: array([17.54466847]), 4: array([17.54451535]), 5: array([17.54406434]), 6: array([17.54400254]), 7: array([17.54344353]), 8: array([17.54428794]), 9: array([17.54453623])}
2025-05-12 11:53:41,247 - DEBUG - util_fusion - fusion_dual_defense - client 7 norm scores: {0: array([0.89871738]), 1: array([0.28451692]), 2: array([0.97001487]), 3: array([1.]), 4: array([0.87499852]), 5: array([0.50681164]), 6: array([0.45636012]), 7: array([0.]), 8: array([0.68934821]), 9: array([0.8920437])}
2025-05-12 11:53:41,247 - DEBUG - util_fusion - fusion_dual_defense - client 7 similarity threshold: 0.6572811347827042
2025-05-12 11:53:41,247 - INFO - util_fusion - fusion_dual_defense - client 7 selected fusion benigns: [0, 2, 3, 4, 8, 9]
2025-05-12 11:53:41,256 - DEBUG - util_fusion - fusion_dual_defense - client 8 scores: {0: array([17.5445444]), 1: array([17.54379204]), 2: array([17.54463174]), 3: array([17.54466847]), 4: array([17.54451535]), 5: array([17.54406434]), 6: array([17.54400254]), 7: array([17.54344353]), 8: array([17.54428794]), 9: array([17.54453623])}
2025-05-12 11:53:41,256 - DEBUG - util_fusion - fusion_dual_defense - client 8 norm scores: {0: array([0.89871738]), 1: array([0.28451692]), 2: array([0.97001487]), 3: array([1.]), 4: array([0.87499852]), 5: array([0.50681164]), 6: array([0.45636012]), 7: array([0.]), 8: array([0.68934821]), 9: array([0.8920437])}
2025-05-12 11:53:41,256 - DEBUG - util_fusion - fusion_dual_defense - client 8 similarity threshold: 0.6572811347827042
2025-05-12 11:53:41,257 - INFO - util_fusion - fusion_dual_defense - client 8 selected fusion benigns: [0, 2, 3, 4, 8, 9]
2025-05-12 11:53:41,265 - DEBUG - util_fusion - fusion_dual_defense - client 9 scores: {0: array([17.5445444]), 1: array([17.54379204]), 2: array([17.54463174]), 3: array([17.54466847]), 4: array([17.54451535]), 5: array([17.54406434]), 6: array([17.54400254]), 7: array([17.54344353]), 8: array([17.54428794]), 9: array([17.54453623])}
2025-05-12 11:53:41,266 - DEBUG - util_fusion - fusion_dual_defense - client 9 norm scores: {0: array([0.89871738]), 1: array([0.28451692]), 2: array([0.97001487]), 3: array([1.]), 4: array([0.87499852]), 5: array([0.50681164]), 6: array([0.45636012]), 7: array([0.]), 8: array([0.68934821]), 9: array([0.8920437])}
2025-05-12 11:53:41,266 - DEBUG - util_fusion - fusion_dual_defense - client 9 similarity threshold: 0.6572811347827042
2025-05-12 11:53:41,266 - INFO - util_fusion - fusion_dual_defense - client 9 selected fusion benigns: [0, 2, 3, 4, 8, 9]
2025-05-12 11:53:41,266 - DEBUG - util_fusion - fusion_dual_defense - final fusion benigns: (0, 2, 3, 4, 8, 9)
2025-05-12 11:53:43,020 - INFO - fl - start - global side -  test accuracy: 11.35
2025-05-12 11:53:43,020 - INFO - fl - start - global side iteration 24 -  test accuracy: 11.35
2025-05-12 11:53:43,020 - INFO - fl - start - start training round 25
2025-05-12 11:53:43,022 - INFO - fl - start - round 25 attackers: [5, 7]
2025-05-12 11:53:43,022 - INFO - fl - start - start client 0 training
2025-05-12 11:53:43,022 - INFO - fl - client_local_train - client 0 start local training ...
2025-05-12 11:53:46,326 - INFO - fl - start - end client 0 training
2025-05-12 11:53:46,327 - INFO - fl - start - client 0 evaluation metrics: {'train_loss': 2329140.6041666665, 'test_acc': 9.74}
2025-05-12 11:53:46,327 - INFO - fl - start - start client 1 training
2025-05-12 11:53:46,327 - INFO - fl - client_local_train - client 1 start local training ...
2025-05-12 11:53:54,467 - INFO - fl - start - end client 1 training
2025-05-12 11:53:54,467 - INFO - fl - start - client 1 evaluation metrics: {'train_loss': 5573862.176204819, 'test_acc': 11.35}
2025-05-12 11:53:54,467 - INFO - fl - start - start client 2 training
2025-05-12 11:53:54,467 - INFO - fl - client_local_train - client 2 start local training ...
2025-05-12 11:53:57,218 - INFO - fl - start - end client 2 training
2025-05-12 11:53:57,218 - INFO - fl - start - client 2 evaluation metrics: {'train_loss': 4256.235668945313, 'test_acc': 11.35}
2025-05-12 11:53:57,219 - INFO - fl - start - start client 3 training
2025-05-12 11:53:57,219 - INFO - fl - client_local_train - client 3 start local training ...
2025-05-12 11:53:59,726 - INFO - fl - start - end client 3 training
2025-05-12 11:53:59,726 - INFO - fl - start - client 3 evaluation metrics: {'train_loss': 846407.2984913794, 'test_acc': 9.74}
2025-05-12 11:53:59,726 - INFO - fl - start - start client 4 training
2025-05-12 11:53:59,735 - INFO - fl - client_local_train - client 4 start local training ...
2025-05-12 11:54:03,139 - INFO - fl - start - end client 4 training
2025-05-12 11:54:03,139 - INFO - fl - start - client 4 evaluation metrics: {'train_loss': 62527.91512863776, 'test_acc': 9.57}
2025-05-12 11:54:03,139 - INFO - fl - start - start client 5 training
2025-05-12 11:54:03,139 - INFO - fl - client_local_train - client 5 start local training ...
2025-05-12 11:54:07,080 - INFO - fl - client_local_train - client 5 is attacker, start poisoning model
2025-05-12 11:54:11,804 - INFO - fl - start - end client 5 training
2025-05-12 11:54:11,804 - INFO - fl - start - client 5 evaluation metrics: {'train_loss': 159710407.22580644, 'test_acc': 11.35}
2025-05-12 11:54:11,804 - INFO - fl - start - start client 6 training
2025-05-12 11:54:11,804 - INFO - fl - client_local_train - client 6 start local training ...
2025-05-12 11:54:18,425 - INFO - fl - start - end client 6 training
2025-05-12 11:54:18,425 - INFO - fl - start - client 6 evaluation metrics: {'train_loss': 6626068.636363637, 'test_acc': 11.35}
2025-05-12 11:54:18,425 - INFO - fl - start - start client 7 training
2025-05-12 11:54:18,425 - INFO - fl - client_local_train - client 7 start local training ...
2025-05-12 11:54:25,390 - INFO - fl - client_local_train - client 7 is attacker, start poisoning model
2025-05-12 11:54:31,744 - INFO - fl - start - end client 7 training
2025-05-12 11:54:31,744 - INFO - fl - start - client 7 evaluation metrics: {'train_loss': 2522482.1239748304, 'test_acc': 11.35}
2025-05-12 11:54:31,744 - INFO - fl - start - start client 8 training
2025-05-12 11:54:31,744 - INFO - fl - client_local_train - client 8 start local training ...
2025-05-12 11:54:36,610 - INFO - fl - start - end client 8 training
2025-05-12 11:54:36,610 - INFO - fl - start - client 8 evaluation metrics: {'train_loss': 4482780.448033708, 'test_acc': 9.57}
2025-05-12 11:54:36,610 - INFO - fl - start - start client 9 training
2025-05-12 11:54:36,610 - INFO - fl - client_local_train - client 9 start local training ...
2025-05-12 11:54:39,855 - INFO - fl - start - end client 9 training
2025-05-12 11:54:39,855 - INFO - fl - start - client 9 evaluation metrics: {'train_loss': 522014.51743570965, 'test_acc': 11.35}
2025-05-12 11:54:39,855 - INFO - fl - aggregate_model - start model aggregation...fusion method: dual_defense
2025-05-12 11:54:39,855 - INFO - fl - aggregate_model - start hyper-guard fusion with epsilon 0.01
2025-05-12 11:54:39,855 - INFO - fl - aggregate_model - round 25 attackers: [5, 7]
2025-05-12 11:54:50,485 - DEBUG - util_fusion - fusion_dual_defense - client 0 scores: {0: array([183.93353337]), 1: array([183.9379927]), 2: array([183.93294712]), 3: array([183.93265625]), 4: array([183.93366281]), 5: array([183.93646084]), 6: array([183.93670067]), 7: array([183.94008182]), 8: array([183.93515818]), 9: array([183.93348093])}
2025-05-12 11:54:50,485 - DEBUG - util_fusion - fusion_dual_defense - client 0 norm scores: {0: array([0.11812155]), 1: array([0.71865948]), 2: array([0.03917118]), 3: array([0.]), 4: array([0.13555374]), 5: array([0.51236399]), 6: array([0.54466196]), 7: array([1.]), 8: array([0.33693473]), 9: array([0.11105908])}
2025-05-12 11:54:50,486 - DEBUG - util_fusion - fusion_dual_defense - client 0 similarity threshold: 0.3516525710793931
2025-05-12 11:54:50,486 - INFO - util_fusion - fusion_dual_defense - client 0 selected fusion benigns: [1, 5, 6, 7]
2025-05-12 11:54:50,494 - DEBUG - util_fusion - fusion_dual_defense - client 1 scores: {0: array([183.93353337]), 1: array([183.9379927]), 2: array([183.93294712]), 3: array([183.93265625]), 4: array([183.93366281]), 5: array([183.93646084]), 6: array([183.93670067]), 7: array([183.94008182]), 8: array([183.93515818]), 9: array([183.93348093])}
2025-05-12 11:54:50,495 - DEBUG - util_fusion - fusion_dual_defense - client 1 norm scores: {0: array([0.11812155]), 1: array([0.71865948]), 2: array([0.03917118]), 3: array([0.]), 4: array([0.13555374]), 5: array([0.51236399]), 6: array([0.54466196]), 7: array([1.]), 8: array([0.33693473]), 9: array([0.11105908])}
2025-05-12 11:54:50,495 - DEBUG - util_fusion - fusion_dual_defense - client 1 similarity threshold: 0.3516525710793931
2025-05-12 11:54:50,495 - INFO - util_fusion - fusion_dual_defense - client 1 selected fusion benigns: [1, 5, 6, 7]
2025-05-12 11:54:50,503 - DEBUG - util_fusion - fusion_dual_defense - client 2 scores: {0: array([183.93353337]), 1: array([183.9379927]), 2: array([183.93294712]), 3: array([183.93265625]), 4: array([183.93366281]), 5: array([183.93646084]), 6: array([183.93670067]), 7: array([183.94008182]), 8: array([183.93515818]), 9: array([183.93348093])}
2025-05-12 11:54:50,504 - DEBUG - util_fusion - fusion_dual_defense - client 2 norm scores: {0: array([0.11812155]), 1: array([0.71865948]), 2: array([0.03917118]), 3: array([0.]), 4: array([0.13555374]), 5: array([0.51236399]), 6: array([0.54466196]), 7: array([1.]), 8: array([0.33693473]), 9: array([0.11105908])}
2025-05-12 11:54:50,504 - DEBUG - util_fusion - fusion_dual_defense - client 2 similarity threshold: 0.3516525710793931
2025-05-12 11:54:50,504 - INFO - util_fusion - fusion_dual_defense - client 2 selected fusion benigns: [1, 5, 6, 7]
2025-05-12 11:54:50,512 - DEBUG - util_fusion - fusion_dual_defense - client 3 scores: {0: array([183.93353337]), 1: array([183.9379927]), 2: array([183.93294712]), 3: array([183.93265625]), 4: array([183.93366281]), 5: array([183.93646084]), 6: array([183.93670067]), 7: array([183.94008182]), 8: array([183.93515818]), 9: array([183.93348093])}
2025-05-12 11:54:50,513 - DEBUG - util_fusion - fusion_dual_defense - client 3 norm scores: {0: array([0.11812155]), 1: array([0.71865948]), 2: array([0.03917118]), 3: array([0.]), 4: array([0.13555374]), 5: array([0.51236399]), 6: array([0.54466196]), 7: array([1.]), 8: array([0.33693473]), 9: array([0.11105908])}
2025-05-12 11:54:50,513 - DEBUG - util_fusion - fusion_dual_defense - client 3 similarity threshold: 0.3516525710793931
2025-05-12 11:54:50,513 - INFO - util_fusion - fusion_dual_defense - client 3 selected fusion benigns: [1, 5, 6, 7]
2025-05-12 11:54:50,521 - DEBUG - util_fusion - fusion_dual_defense - client 4 scores: {0: array([183.93353337]), 1: array([183.9379927]), 2: array([183.93294712]), 3: array([183.93265625]), 4: array([183.93366281]), 5: array([183.93646084]), 6: array([183.93670067]), 7: array([183.94008182]), 8: array([183.93515818]), 9: array([183.93348093])}
2025-05-12 11:54:50,522 - DEBUG - util_fusion - fusion_dual_defense - client 4 norm scores: {0: array([0.11812155]), 1: array([0.71865948]), 2: array([0.03917118]), 3: array([0.]), 4: array([0.13555374]), 5: array([0.51236399]), 6: array([0.54466196]), 7: array([1.]), 8: array([0.33693473]), 9: array([0.11105908])}
2025-05-12 11:54:50,522 - DEBUG - util_fusion - fusion_dual_defense - client 4 similarity threshold: 0.3516525710793931
2025-05-12 11:54:50,522 - INFO - util_fusion - fusion_dual_defense - client 4 selected fusion benigns: [1, 5, 6, 7]
2025-05-12 11:54:50,530 - DEBUG - util_fusion - fusion_dual_defense - client 5 scores: {0: array([183.93353337]), 1: array([183.9379927]), 2: array([183.93294712]), 3: array([183.93265625]), 4: array([183.93366281]), 5: array([183.93646084]), 6: array([183.93670067]), 7: array([183.94008182]), 8: array([183.93515818]), 9: array([183.93348093])}
2025-05-12 11:54:50,531 - DEBUG - util_fusion - fusion_dual_defense - client 5 norm scores: {0: array([0.11812155]), 1: array([0.71865948]), 2: array([0.03917118]), 3: array([0.]), 4: array([0.13555374]), 5: array([0.51236399]), 6: array([0.54466196]), 7: array([1.]), 8: array([0.33693473]), 9: array([0.11105908])}
2025-05-12 11:54:50,531 - DEBUG - util_fusion - fusion_dual_defense - client 5 similarity threshold: 0.3516525710793931
2025-05-12 11:54:50,531 - INFO - util_fusion - fusion_dual_defense - client 5 selected fusion benigns: [1, 5, 6, 7]
2025-05-12 11:54:50,539 - DEBUG - util_fusion - fusion_dual_defense - client 6 scores: {0: array([183.93353337]), 1: array([183.9379927]), 2: array([183.93294712]), 3: array([183.93265625]), 4: array([183.93366281]), 5: array([183.93646084]), 6: array([183.93670067]), 7: array([183.94008182]), 8: array([183.93515818]), 9: array([183.93348093])}
2025-05-12 11:54:50,540 - DEBUG - util_fusion - fusion_dual_defense - client 6 norm scores: {0: array([0.11812155]), 1: array([0.71865948]), 2: array([0.03917118]), 3: array([0.]), 4: array([0.13555374]), 5: array([0.51236399]), 6: array([0.54466196]), 7: array([1.]), 8: array([0.33693473]), 9: array([0.11105908])}
2025-05-12 11:54:50,540 - DEBUG - util_fusion - fusion_dual_defense - client 6 similarity threshold: 0.3516525710793931
2025-05-12 11:54:50,540 - INFO - util_fusion - fusion_dual_defense - client 6 selected fusion benigns: [1, 5, 6, 7]
2025-05-12 11:54:50,548 - DEBUG - util_fusion - fusion_dual_defense - client 7 scores: {0: array([183.93353337]), 1: array([183.9379927]), 2: array([183.93294712]), 3: array([183.93265625]), 4: array([183.93366281]), 5: array([183.93646084]), 6: array([183.93670067]), 7: array([183.94008182]), 8: array([183.93515818]), 9: array([183.93348093])}
2025-05-12 11:54:50,549 - DEBUG - util_fusion - fusion_dual_defense - client 7 norm scores: {0: array([0.11812155]), 1: array([0.71865948]), 2: array([0.03917118]), 3: array([0.]), 4: array([0.13555374]), 5: array([0.51236399]), 6: array([0.54466196]), 7: array([1.]), 8: array([0.33693473]), 9: array([0.11105908])}
2025-05-12 11:54:50,549 - DEBUG - util_fusion - fusion_dual_defense - client 7 similarity threshold: 0.3516525710793931
2025-05-12 11:54:50,549 - INFO - util_fusion - fusion_dual_defense - client 7 selected fusion benigns: [1, 5, 6, 7]
2025-05-12 11:54:50,557 - DEBUG - util_fusion - fusion_dual_defense - client 8 scores: {0: array([183.93353337]), 1: array([183.9379927]), 2: array([183.93294712]), 3: array([183.93265625]), 4: array([183.93366281]), 5: array([183.93646084]), 6: array([183.93670067]), 7: array([183.94008182]), 8: array([183.93515818]), 9: array([183.93348093])}
2025-05-12 11:54:50,558 - DEBUG - util_fusion - fusion_dual_defense - client 8 norm scores: {0: array([0.11812155]), 1: array([0.71865948]), 2: array([0.03917118]), 3: array([0.]), 4: array([0.13555374]), 5: array([0.51236399]), 6: array([0.54466196]), 7: array([1.]), 8: array([0.33693473]), 9: array([0.11105908])}
2025-05-12 11:54:50,558 - DEBUG - util_fusion - fusion_dual_defense - client 8 similarity threshold: 0.3516525710793931
2025-05-12 11:54:50,558 - INFO - util_fusion - fusion_dual_defense - client 8 selected fusion benigns: [1, 5, 6, 7]
2025-05-12 11:54:50,566 - DEBUG - util_fusion - fusion_dual_defense - client 9 scores: {0: array([183.93353337]), 1: array([183.9379927]), 2: array([183.93294712]), 3: array([183.93265625]), 4: array([183.93366281]), 5: array([183.93646084]), 6: array([183.93670067]), 7: array([183.94008182]), 8: array([183.93515818]), 9: array([183.93348093])}
2025-05-12 11:54:50,567 - DEBUG - util_fusion - fusion_dual_defense - client 9 norm scores: {0: array([0.11812155]), 1: array([0.71865948]), 2: array([0.03917118]), 3: array([0.]), 4: array([0.13555374]), 5: array([0.51236399]), 6: array([0.54466196]), 7: array([1.]), 8: array([0.33693473]), 9: array([0.11105908])}
2025-05-12 11:54:50,567 - DEBUG - util_fusion - fusion_dual_defense - client 9 similarity threshold: 0.3516525710793931
2025-05-12 11:54:50,567 - INFO - util_fusion - fusion_dual_defense - client 9 selected fusion benigns: [1, 5, 6, 7]
2025-05-12 11:54:50,567 - DEBUG - util_fusion - fusion_dual_defense - final fusion benigns: (1, 5, 6, 7)
2025-05-12 11:54:52,179 - INFO - fl - start - global side -  test accuracy: 11.35
2025-05-12 11:54:52,179 - INFO - fl - start - global side iteration 25 -  test accuracy: 11.35
2025-05-12 11:54:52,180 - INFO - fl - start - start training round 26
2025-05-12 11:54:52,181 - INFO - fl - start - round 26 attackers: [6, 0]
2025-05-12 11:54:52,181 - INFO - fl - start - start client 0 training
2025-05-12 11:54:52,181 - INFO - fl - client_local_train - client 0 start local training ...
2025-05-12 11:54:53,737 - INFO - fl - client_local_train - client 0 is attacker, start poisoning model
2025-05-12 11:54:57,220 - INFO - fl - start - end client 0 training
2025-05-12 11:54:57,220 - INFO - fl - start - client 0 evaluation metrics: {'train_loss': 88622569.33333333, 'test_acc': 9.74}
2025-05-12 11:54:57,220 - INFO - fl - start - start client 1 training
2025-05-12 11:54:57,220 - INFO - fl - client_local_train - client 1 start local training ...
2025-05-12 11:55:05,303 - INFO - fl - start - end client 1 training
2025-05-12 11:55:05,303 - INFO - fl - start - client 1 evaluation metrics: {'train_loss': 26504673.68674699, 'test_acc': 11.35}
2025-05-12 11:55:05,303 - INFO - fl - start - start client 2 training
2025-05-12 11:55:05,303 - INFO - fl - client_local_train - client 2 start local training ...
2025-05-12 11:55:08,021 - INFO - fl - start - end client 2 training
2025-05-12 11:55:08,021 - INFO - fl - start - client 2 evaluation metrics: {'train_loss': 19680.786776351928, 'test_acc': 11.35}
2025-05-12 11:55:08,021 - INFO - fl - start - start client 3 training
2025-05-12 11:55:08,021 - INFO - fl - client_local_train - client 3 start local training ...
2025-05-12 11:55:10,508 - INFO - fl - start - end client 3 training
2025-05-12 11:55:10,508 - INFO - fl - start - client 3 evaluation metrics: {'train_loss': 4168125.0517241377, 'test_acc': 11.35}
2025-05-12 11:55:10,508 - INFO - fl - start - start client 4 training
2025-05-12 11:55:10,509 - INFO - fl - client_local_train - client 4 start local training ...
2025-05-12 11:55:13,894 - INFO - fl - start - end client 4 training
2025-05-12 11:55:13,894 - INFO - fl - start - client 4 evaluation metrics: {'train_loss': 297100.02003779367, 'test_acc': 9.57}
2025-05-12 11:55:13,894 - INFO - fl - start - start client 5 training
2025-05-12 11:55:13,894 - INFO - fl - client_local_train - client 5 start local training ...
2025-05-12 11:55:20,257 - INFO - fl - start - end client 5 training
2025-05-12 11:55:20,257 - INFO - fl - start - client 5 evaluation metrics: {'train_loss': 94996875.87096775, 'test_acc': 11.35}
2025-05-12 11:55:20,257 - INFO - fl - start - start client 6 training
2025-05-12 11:55:20,257 - INFO - fl - client_local_train - client 6 start local training ...
2025-05-12 11:55:24,479 - INFO - fl - client_local_train - client 6 is attacker, start poisoning model
2025-05-12 11:55:29,391 - INFO - fl - start - end client 6 training
2025-05-12 11:55:29,391 - INFO - fl - start - client 6 evaluation metrics: {'train_loss': 253578685.57575756, 'test_acc': 11.35}
2025-05-12 11:55:29,391 - INFO - fl - start - start client 7 training
2025-05-12 11:55:29,391 - INFO - fl - client_local_train - client 7 start local training ...
2025-05-12 11:55:39,693 - INFO - fl - start - end client 7 training
2025-05-12 11:55:39,693 - INFO - fl - start - client 7 evaluation metrics: {'train_loss': 1501721.432709983, 'test_acc': 11.35}
2025-05-12 11:55:39,693 - INFO - fl - start - start client 8 training
2025-05-12 11:55:39,693 - INFO - fl - client_local_train - client 8 start local training ...
2025-05-12 11:55:44,623 - INFO - fl - start - end client 8 training
2025-05-12 11:55:44,623 - INFO - fl - start - client 8 evaluation metrics: {'train_loss': 21437874.292134833, 'test_acc': 11.35}
2025-05-12 11:55:44,623 - INFO - fl - start - start client 9 training
2025-05-12 11:55:44,623 - INFO - fl - client_local_train - client 9 start local training ...
2025-05-12 11:55:47,899 - INFO - fl - start - end client 9 training
2025-05-12 11:55:47,899 - INFO - fl - start - client 9 evaluation metrics: {'train_loss': 2489923.4760742188, 'test_acc': 11.35}
2025-05-12 11:55:47,899 - INFO - fl - aggregate_model - start model aggregation...fusion method: dual_defense
2025-05-12 11:55:47,899 - INFO - fl - aggregate_model - start hyper-guard fusion with epsilon 0.01
2025-05-12 11:55:47,899 - INFO - fl - aggregate_model - round 26 attackers: [0, 6]
2025-05-12 11:55:58,625 - DEBUG - util_fusion - fusion_dual_defense - client 0 scores: {0: array([131.37426061]), 1: array([131.37626852]), 2: array([131.37404982]), 3: array([131.3739825]), 4: array([131.37437006]), 5: array([131.37558589]), 6: array([131.37564021]), 7: array([131.37744027]), 8: array([131.37505319]), 9: array([131.37430885])}
2025-05-12 11:55:58,626 - DEBUG - util_fusion - fusion_dual_defense - client 0 norm scores: {0: array([0.08043128]), 1: array([0.66112726]), 2: array([0.01947044]), 3: array([0.]), 4: array([0.11208285]), 5: array([0.46370814]), 6: array([0.47941761]), 7: array([1.]), 8: array([0.30964785]), 9: array([0.09438106])}
2025-05-12 11:55:58,626 - DEBUG - util_fusion - fusion_dual_defense - client 0 similarity threshold: 0.3220266486917208
2025-05-12 11:55:58,626 - INFO - util_fusion - fusion_dual_defense - client 0 selected fusion benigns: [1, 5, 6, 7]
2025-05-12 11:55:58,635 - DEBUG - util_fusion - fusion_dual_defense - client 1 scores: {0: array([131.37426061]), 1: array([131.37626852]), 2: array([131.37404982]), 3: array([131.3739825]), 4: array([131.37437006]), 5: array([131.37558589]), 6: array([131.37564021]), 7: array([131.37744027]), 8: array([131.37505319]), 9: array([131.37430885])}
2025-05-12 11:55:58,635 - DEBUG - util_fusion - fusion_dual_defense - client 1 norm scores: {0: array([0.08043128]), 1: array([0.66112726]), 2: array([0.01947044]), 3: array([0.]), 4: array([0.11208285]), 5: array([0.46370814]), 6: array([0.47941761]), 7: array([1.]), 8: array([0.30964785]), 9: array([0.09438106])}
2025-05-12 11:55:58,635 - DEBUG - util_fusion - fusion_dual_defense - client 1 similarity threshold: 0.3220266486917208
2025-05-12 11:55:58,635 - INFO - util_fusion - fusion_dual_defense - client 1 selected fusion benigns: [1, 5, 6, 7]
2025-05-12 11:55:58,644 - DEBUG - util_fusion - fusion_dual_defense - client 2 scores: {0: array([131.37426061]), 1: array([131.37626852]), 2: array([131.37404982]), 3: array([131.3739825]), 4: array([131.37437006]), 5: array([131.37558589]), 6: array([131.37564021]), 7: array([131.37744027]), 8: array([131.37505319]), 9: array([131.37430885])}
2025-05-12 11:55:58,644 - DEBUG - util_fusion - fusion_dual_defense - client 2 norm scores: {0: array([0.08043128]), 1: array([0.66112726]), 2: array([0.01947044]), 3: array([0.]), 4: array([0.11208285]), 5: array([0.46370814]), 6: array([0.47941761]), 7: array([1.]), 8: array([0.30964785]), 9: array([0.09438106])}
2025-05-12 11:55:58,644 - DEBUG - util_fusion - fusion_dual_defense - client 2 similarity threshold: 0.3220266486917208
2025-05-12 11:55:58,645 - INFO - util_fusion - fusion_dual_defense - client 2 selected fusion benigns: [1, 5, 6, 7]
2025-05-12 11:55:58,653 - DEBUG - util_fusion - fusion_dual_defense - client 3 scores: {0: array([131.37426061]), 1: array([131.37626852]), 2: array([131.37404982]), 3: array([131.3739825]), 4: array([131.37437006]), 5: array([131.37558589]), 6: array([131.37564021]), 7: array([131.37744027]), 8: array([131.37505319]), 9: array([131.37430885])}
2025-05-12 11:55:58,653 - DEBUG - util_fusion - fusion_dual_defense - client 3 norm scores: {0: array([0.08043128]), 1: array([0.66112726]), 2: array([0.01947044]), 3: array([0.]), 4: array([0.11208285]), 5: array([0.46370814]), 6: array([0.47941761]), 7: array([1.]), 8: array([0.30964785]), 9: array([0.09438106])}
2025-05-12 11:55:58,654 - DEBUG - util_fusion - fusion_dual_defense - client 3 similarity threshold: 0.3220266486917208
2025-05-12 11:55:58,654 - INFO - util_fusion - fusion_dual_defense - client 3 selected fusion benigns: [1, 5, 6, 7]
2025-05-12 11:55:58,662 - DEBUG - util_fusion - fusion_dual_defense - client 4 scores: {0: array([131.37426061]), 1: array([131.37626852]), 2: array([131.37404982]), 3: array([131.3739825]), 4: array([131.37437006]), 5: array([131.37558589]), 6: array([131.37564021]), 7: array([131.37744027]), 8: array([131.37505319]), 9: array([131.37430885])}
2025-05-12 11:55:58,663 - DEBUG - util_fusion - fusion_dual_defense - client 4 norm scores: {0: array([0.08043128]), 1: array([0.66112726]), 2: array([0.01947044]), 3: array([0.]), 4: array([0.11208285]), 5: array([0.46370814]), 6: array([0.47941761]), 7: array([1.]), 8: array([0.30964785]), 9: array([0.09438106])}
2025-05-12 11:55:58,663 - DEBUG - util_fusion - fusion_dual_defense - client 4 similarity threshold: 0.3220266486917208
2025-05-12 11:55:58,663 - INFO - util_fusion - fusion_dual_defense - client 4 selected fusion benigns: [1, 5, 6, 7]
2025-05-12 11:55:58,671 - DEBUG - util_fusion - fusion_dual_defense - client 5 scores: {0: array([131.37426061]), 1: array([131.37626852]), 2: array([131.37404982]), 3: array([131.3739825]), 4: array([131.37437006]), 5: array([131.37558589]), 6: array([131.37564021]), 7: array([131.37744027]), 8: array([131.37505319]), 9: array([131.37430885])}
2025-05-12 11:55:58,672 - DEBUG - util_fusion - fusion_dual_defense - client 5 norm scores: {0: array([0.08043128]), 1: array([0.66112726]), 2: array([0.01947044]), 3: array([0.]), 4: array([0.11208285]), 5: array([0.46370814]), 6: array([0.47941761]), 7: array([1.]), 8: array([0.30964785]), 9: array([0.09438106])}
2025-05-12 11:55:58,672 - DEBUG - util_fusion - fusion_dual_defense - client 5 similarity threshold: 0.3220266486917208
2025-05-12 11:55:58,672 - INFO - util_fusion - fusion_dual_defense - client 5 selected fusion benigns: [1, 5, 6, 7]
2025-05-12 11:55:58,680 - DEBUG - util_fusion - fusion_dual_defense - client 6 scores: {0: array([131.37426061]), 1: array([131.37626852]), 2: array([131.37404982]), 3: array([131.3739825]), 4: array([131.37437006]), 5: array([131.37558589]), 6: array([131.37564021]), 7: array([131.37744027]), 8: array([131.37505319]), 9: array([131.37430885])}
2025-05-12 11:55:58,681 - DEBUG - util_fusion - fusion_dual_defense - client 6 norm scores: {0: array([0.08043128]), 1: array([0.66112726]), 2: array([0.01947044]), 3: array([0.]), 4: array([0.11208285]), 5: array([0.46370814]), 6: array([0.47941761]), 7: array([1.]), 8: array([0.30964785]), 9: array([0.09438106])}
2025-05-12 11:55:58,681 - DEBUG - util_fusion - fusion_dual_defense - client 6 similarity threshold: 0.3220266486917208
2025-05-12 11:55:58,681 - INFO - util_fusion - fusion_dual_defense - client 6 selected fusion benigns: [1, 5, 6, 7]
2025-05-12 11:55:58,689 - DEBUG - util_fusion - fusion_dual_defense - client 7 scores: {0: array([131.37426061]), 1: array([131.37626852]), 2: array([131.37404982]), 3: array([131.3739825]), 4: array([131.37437006]), 5: array([131.37558589]), 6: array([131.37564021]), 7: array([131.37744027]), 8: array([131.37505319]), 9: array([131.37430885])}
2025-05-12 11:55:58,690 - DEBUG - util_fusion - fusion_dual_defense - client 7 norm scores: {0: array([0.08043128]), 1: array([0.66112726]), 2: array([0.01947044]), 3: array([0.]), 4: array([0.11208285]), 5: array([0.46370814]), 6: array([0.47941761]), 7: array([1.]), 8: array([0.30964785]), 9: array([0.09438106])}
2025-05-12 11:55:58,690 - DEBUG - util_fusion - fusion_dual_defense - client 7 similarity threshold: 0.3220266486917208
2025-05-12 11:55:58,690 - INFO - util_fusion - fusion_dual_defense - client 7 selected fusion benigns: [1, 5, 6, 7]
2025-05-12 11:55:58,698 - DEBUG - util_fusion - fusion_dual_defense - client 8 scores: {0: array([131.37426061]), 1: array([131.37626852]), 2: array([131.37404982]), 3: array([131.3739825]), 4: array([131.37437006]), 5: array([131.37558589]), 6: array([131.37564021]), 7: array([131.37744027]), 8: array([131.37505319]), 9: array([131.37430885])}
2025-05-12 11:55:58,699 - DEBUG - util_fusion - fusion_dual_defense - client 8 norm scores: {0: array([0.08043128]), 1: array([0.66112726]), 2: array([0.01947044]), 3: array([0.]), 4: array([0.11208285]), 5: array([0.46370814]), 6: array([0.47941761]), 7: array([1.]), 8: array([0.30964785]), 9: array([0.09438106])}
2025-05-12 11:55:58,699 - DEBUG - util_fusion - fusion_dual_defense - client 8 similarity threshold: 0.3220266486917208
2025-05-12 11:55:58,699 - INFO - util_fusion - fusion_dual_defense - client 8 selected fusion benigns: [1, 5, 6, 7]
2025-05-12 11:55:58,707 - DEBUG - util_fusion - fusion_dual_defense - client 9 scores: {0: array([131.37426061]), 1: array([131.37626852]), 2: array([131.37404982]), 3: array([131.3739825]), 4: array([131.37437006]), 5: array([131.37558589]), 6: array([131.37564021]), 7: array([131.37744027]), 8: array([131.37505319]), 9: array([131.37430885])}
2025-05-12 11:55:58,708 - DEBUG - util_fusion - fusion_dual_defense - client 9 norm scores: {0: array([0.08043128]), 1: array([0.66112726]), 2: array([0.01947044]), 3: array([0.]), 4: array([0.11208285]), 5: array([0.46370814]), 6: array([0.47941761]), 7: array([1.]), 8: array([0.30964785]), 9: array([0.09438106])}
2025-05-12 11:55:58,708 - DEBUG - util_fusion - fusion_dual_defense - client 9 similarity threshold: 0.3220266486917208
2025-05-12 11:55:58,708 - INFO - util_fusion - fusion_dual_defense - client 9 selected fusion benigns: [1, 5, 6, 7]
2025-05-12 11:55:58,708 - DEBUG - util_fusion - fusion_dual_defense - final fusion benigns: (1, 5, 6, 7)
2025-05-12 11:56:00,350 - INFO - fl - start - global side -  test accuracy: 11.35
2025-05-12 11:56:00,350 - INFO - fl - start - global side iteration 26 -  test accuracy: 11.35
2025-05-12 11:56:00,350 - INFO - fl - start - start training round 27
2025-05-12 11:56:00,352 - INFO - fl - start - round 27 attackers: [2, 8]
2025-05-12 11:56:00,352 - INFO - fl - start - start client 0 training
2025-05-12 11:56:00,352 - INFO - fl - client_local_train - client 0 start local training ...
2025-05-12 11:56:03,630 - INFO - fl - start - end client 0 training
2025-05-12 11:56:03,630 - INFO - fl - start - client 0 evaluation metrics: {'train_loss': 26934155.270833332, 'test_acc': 11.35}
2025-05-12 11:56:03,631 - INFO - fl - start - start client 1 training
2025-05-12 11:56:03,631 - INFO - fl - client_local_train - client 1 start local training ...
2025-05-12 11:56:11,715 - INFO - fl - start - end client 1 training
2025-05-12 11:56:11,715 - INFO - fl - start - client 1 evaluation metrics: {'train_loss': 64398454.240963854, 'test_acc': 11.35}
2025-05-12 11:56:11,715 - INFO - fl - start - start client 2 training
2025-05-12 11:56:11,715 - INFO - fl - client_local_train - client 2 start local training ...
2025-05-12 11:56:12,808 - INFO - fl - client_local_train - client 2 is attacker, start poisoning model
2025-05-12 11:56:16,044 - INFO - fl - start - end client 2 training
2025-05-12 11:56:16,044 - INFO - fl - start - client 2 evaluation metrics: {'train_loss': 393641.37589285715, 'test_acc': 11.35}
2025-05-12 11:56:16,044 - INFO - fl - start - start client 3 training
2025-05-12 11:56:16,044 - INFO - fl - client_local_train - client 3 start local training ...
2025-05-12 11:56:18,533 - INFO - fl - start - end client 3 training
2025-05-12 11:56:18,533 - INFO - fl - start - client 3 evaluation metrics: {'train_loss': 9441956.908946136, 'test_acc': 11.35}
2025-05-12 11:56:18,533 - INFO - fl - start - start client 4 training
2025-05-12 11:56:18,533 - INFO - fl - client_local_train - client 4 start local training ...
2025-05-12 11:56:21,934 - INFO - fl - start - end client 4 training
2025-05-12 11:56:21,934 - INFO - fl - start - client 4 evaluation metrics: {'train_loss': 722401.1901245351, 'test_acc': 11.35}
2025-05-12 11:56:21,934 - INFO - fl - start - start client 5 training
2025-05-12 11:56:21,934 - INFO - fl - client_local_train - client 5 start local training ...
2025-05-12 11:56:28,303 - INFO - fl - start - end client 5 training
2025-05-12 11:56:28,303 - INFO - fl - start - client 5 evaluation metrics: {'train_loss': 230860530.96774194, 'test_acc': 11.35}
2025-05-12 11:56:28,303 - INFO - fl - start - start client 6 training
2025-05-12 11:56:28,303 - INFO - fl - client_local_train - client 6 start local training ...
2025-05-12 11:56:34,993 - INFO - fl - start - end client 6 training
2025-05-12 11:56:34,993 - INFO - fl - start - client 6 evaluation metrics: {'train_loss': 77459599.21212122, 'test_acc': 11.35}
2025-05-12 11:56:34,993 - INFO - fl - start - start client 7 training
2025-05-12 11:56:34,993 - INFO - fl - client_local_train - client 7 start local training ...
2025-05-12 11:56:45,364 - INFO - fl - start - end client 7 training
2025-05-12 11:56:45,364 - INFO - fl - start - client 7 evaluation metrics: {'train_loss': 3645517.910350679, 'test_acc': 11.35}
2025-05-12 11:56:45,364 - INFO - fl - start - start client 8 training
2025-05-12 11:56:45,364 - INFO - fl - client_local_train - client 8 start local training ...
2025-05-12 11:56:48,218 - INFO - fl - client_local_train - client 8 is attacker, start poisoning model
2025-05-12 11:56:52,411 - INFO - fl - start - end client 8 training
2025-05-12 11:56:52,411 - INFO - fl - start - client 8 evaluation metrics: {'train_loss': 412793825.8876405, 'test_acc': 11.35}
2025-05-12 11:56:52,411 - INFO - fl - start - start client 9 training
2025-05-12 11:56:52,411 - INFO - fl - client_local_train - client 9 start local training ...
2025-05-12 11:56:55,691 - INFO - fl - start - end client 9 training
2025-05-12 11:56:55,691 - INFO - fl - start - client 9 evaluation metrics: {'train_loss': 6053938.979573567, 'test_acc': 11.35}
2025-05-12 11:56:55,691 - INFO - fl - aggregate_model - start model aggregation...fusion method: dual_defense
2025-05-12 11:56:55,691 - INFO - fl - aggregate_model - start hyper-guard fusion with epsilon 0.01
2025-05-12 11:56:55,691 - INFO - fl - aggregate_model - round 27 attackers: [8, 2]
2025-05-12 11:57:06,441 - DEBUG - util_fusion - fusion_dual_defense - client 0 scores: {0: array([63.0061593]), 1: array([63.00735703]), 2: array([63.00601636]), 3: array([63.00596306]), 4: array([63.0061772]), 5: array([63.00703416]), 6: array([63.00708272]), 7: array([63.00783457]), 8: array([63.0066179]), 9: array([63.00619302])}
2025-05-12 11:57:06,441 - DEBUG - util_fusion - fusion_dual_defense - client 0 norm scores: {0: array([0.10485605]), 1: array([0.74483536]), 2: array([0.02848014]), 3: array([0.]), 4: array([0.11441857]), 5: array([0.57231606]), 6: array([0.59826784]), 7: array([1.]), 8: array([0.34989655]), 9: array([0.12287124])}
2025-05-12 11:57:06,441 - DEBUG - util_fusion - fusion_dual_defense - client 0 similarity threshold: 0.36359418200061694
2025-05-12 11:57:06,442 - INFO - util_fusion - fusion_dual_defense - client 0 selected fusion benigns: [1, 5, 6, 7]
2025-05-12 11:57:06,450 - DEBUG - util_fusion - fusion_dual_defense - client 1 scores: {0: array([63.0061593]), 1: array([63.00735703]), 2: array([63.00601636]), 3: array([63.00596306]), 4: array([63.0061772]), 5: array([63.00703416]), 6: array([63.00708272]), 7: array([63.00783457]), 8: array([63.0066179]), 9: array([63.00619302])}
2025-05-12 11:57:06,451 - DEBUG - util_fusion - fusion_dual_defense - client 1 norm scores: {0: array([0.10485605]), 1: array([0.74483536]), 2: array([0.02848014]), 3: array([0.]), 4: array([0.11441857]), 5: array([0.57231606]), 6: array([0.59826784]), 7: array([1.]), 8: array([0.34989655]), 9: array([0.12287124])}
2025-05-12 11:57:06,451 - DEBUG - util_fusion - fusion_dual_defense - client 1 similarity threshold: 0.36359418200061694
2025-05-12 11:57:06,451 - INFO - util_fusion - fusion_dual_defense - client 1 selected fusion benigns: [1, 5, 6, 7]
2025-05-12 11:57:06,459 - DEBUG - util_fusion - fusion_dual_defense - client 2 scores: {0: array([63.0061593]), 1: array([63.00735703]), 2: array([63.00601636]), 3: array([63.00596306]), 4: array([63.0061772]), 5: array([63.00703416]), 6: array([63.00708272]), 7: array([63.00783457]), 8: array([63.0066179]), 9: array([63.00619302])}
2025-05-12 11:57:06,460 - DEBUG - util_fusion - fusion_dual_defense - client 2 norm scores: {0: array([0.10485605]), 1: array([0.74483536]), 2: array([0.02848014]), 3: array([0.]), 4: array([0.11441857]), 5: array([0.57231606]), 6: array([0.59826784]), 7: array([1.]), 8: array([0.34989655]), 9: array([0.12287124])}
2025-05-12 11:57:06,460 - DEBUG - util_fusion - fusion_dual_defense - client 2 similarity threshold: 0.36359418200061694
2025-05-12 11:57:06,460 - INFO - util_fusion - fusion_dual_defense - client 2 selected fusion benigns: [1, 5, 6, 7]
2025-05-12 11:57:06,468 - DEBUG - util_fusion - fusion_dual_defense - client 3 scores: {0: array([63.0061593]), 1: array([63.00735703]), 2: array([63.00601636]), 3: array([63.00596306]), 4: array([63.0061772]), 5: array([63.00703416]), 6: array([63.00708272]), 7: array([63.00783457]), 8: array([63.0066179]), 9: array([63.00619302])}
2025-05-12 11:57:06,469 - DEBUG - util_fusion - fusion_dual_defense - client 3 norm scores: {0: array([0.10485605]), 1: array([0.74483536]), 2: array([0.02848014]), 3: array([0.]), 4: array([0.11441857]), 5: array([0.57231606]), 6: array([0.59826784]), 7: array([1.]), 8: array([0.34989655]), 9: array([0.12287124])}
2025-05-12 11:57:06,469 - DEBUG - util_fusion - fusion_dual_defense - client 3 similarity threshold: 0.36359418200061694
2025-05-12 11:57:06,469 - INFO - util_fusion - fusion_dual_defense - client 3 selected fusion benigns: [1, 5, 6, 7]
2025-05-12 11:57:06,477 - DEBUG - util_fusion - fusion_dual_defense - client 4 scores: {0: array([63.0061593]), 1: array([63.00735703]), 2: array([63.00601636]), 3: array([63.00596306]), 4: array([63.0061772]), 5: array([63.00703416]), 6: array([63.00708272]), 7: array([63.00783457]), 8: array([63.0066179]), 9: array([63.00619302])}
2025-05-12 11:57:06,478 - DEBUG - util_fusion - fusion_dual_defense - client 4 norm scores: {0: array([0.10485605]), 1: array([0.74483536]), 2: array([0.02848014]), 3: array([0.]), 4: array([0.11441857]), 5: array([0.57231606]), 6: array([0.59826784]), 7: array([1.]), 8: array([0.34989655]), 9: array([0.12287124])}
2025-05-12 11:57:06,478 - DEBUG - util_fusion - fusion_dual_defense - client 4 similarity threshold: 0.36359418200061694
2025-05-12 11:57:06,478 - INFO - util_fusion - fusion_dual_defense - client 4 selected fusion benigns: [1, 5, 6, 7]
2025-05-12 11:57:06,486 - DEBUG - util_fusion - fusion_dual_defense - client 5 scores: {0: array([63.0061593]), 1: array([63.00735703]), 2: array([63.00601636]), 3: array([63.00596306]), 4: array([63.0061772]), 5: array([63.00703416]), 6: array([63.00708272]), 7: array([63.00783457]), 8: array([63.0066179]), 9: array([63.00619302])}
2025-05-12 11:57:06,487 - DEBUG - util_fusion - fusion_dual_defense - client 5 norm scores: {0: array([0.10485605]), 1: array([0.74483536]), 2: array([0.02848014]), 3: array([0.]), 4: array([0.11441857]), 5: array([0.57231606]), 6: array([0.59826784]), 7: array([1.]), 8: array([0.34989655]), 9: array([0.12287124])}
2025-05-12 11:57:06,487 - DEBUG - util_fusion - fusion_dual_defense - client 5 similarity threshold: 0.36359418200061694
2025-05-12 11:57:06,487 - INFO - util_fusion - fusion_dual_defense - client 5 selected fusion benigns: [1, 5, 6, 7]
2025-05-12 11:57:06,495 - DEBUG - util_fusion - fusion_dual_defense - client 6 scores: {0: array([63.0061593]), 1: array([63.00735703]), 2: array([63.00601636]), 3: array([63.00596306]), 4: array([63.0061772]), 5: array([63.00703416]), 6: array([63.00708272]), 7: array([63.00783457]), 8: array([63.0066179]), 9: array([63.00619302])}
2025-05-12 11:57:06,496 - DEBUG - util_fusion - fusion_dual_defense - client 6 norm scores: {0: array([0.10485605]), 1: array([0.74483536]), 2: array([0.02848014]), 3: array([0.]), 4: array([0.11441857]), 5: array([0.57231606]), 6: array([0.59826784]), 7: array([1.]), 8: array([0.34989655]), 9: array([0.12287124])}
2025-05-12 11:57:06,496 - DEBUG - util_fusion - fusion_dual_defense - client 6 similarity threshold: 0.36359418200061694
2025-05-12 11:57:06,496 - INFO - util_fusion - fusion_dual_defense - client 6 selected fusion benigns: [1, 5, 6, 7]
2025-05-12 11:57:06,504 - DEBUG - util_fusion - fusion_dual_defense - client 7 scores: {0: array([63.0061593]), 1: array([63.00735703]), 2: array([63.00601636]), 3: array([63.00596306]), 4: array([63.0061772]), 5: array([63.00703416]), 6: array([63.00708272]), 7: array([63.00783457]), 8: array([63.0066179]), 9: array([63.00619302])}
2025-05-12 11:57:06,505 - DEBUG - util_fusion - fusion_dual_defense - client 7 norm scores: {0: array([0.10485605]), 1: array([0.74483536]), 2: array([0.02848014]), 3: array([0.]), 4: array([0.11441857]), 5: array([0.57231606]), 6: array([0.59826784]), 7: array([1.]), 8: array([0.34989655]), 9: array([0.12287124])}
2025-05-12 11:57:06,505 - DEBUG - util_fusion - fusion_dual_defense - client 7 similarity threshold: 0.36359418200061694
2025-05-12 11:57:06,505 - INFO - util_fusion - fusion_dual_defense - client 7 selected fusion benigns: [1, 5, 6, 7]
2025-05-12 11:57:06,513 - DEBUG - util_fusion - fusion_dual_defense - client 8 scores: {0: array([63.0061593]), 1: array([63.00735703]), 2: array([63.00601636]), 3: array([63.00596306]), 4: array([63.0061772]), 5: array([63.00703416]), 6: array([63.00708272]), 7: array([63.00783457]), 8: array([63.0066179]), 9: array([63.00619302])}
2025-05-12 11:57:06,514 - DEBUG - util_fusion - fusion_dual_defense - client 8 norm scores: {0: array([0.10485605]), 1: array([0.74483536]), 2: array([0.02848014]), 3: array([0.]), 4: array([0.11441857]), 5: array([0.57231606]), 6: array([0.59826784]), 7: array([1.]), 8: array([0.34989655]), 9: array([0.12287124])}
2025-05-12 11:57:06,514 - DEBUG - util_fusion - fusion_dual_defense - client 8 similarity threshold: 0.36359418200061694
2025-05-12 11:57:06,514 - INFO - util_fusion - fusion_dual_defense - client 8 selected fusion benigns: [1, 5, 6, 7]
2025-05-12 11:57:06,522 - DEBUG - util_fusion - fusion_dual_defense - client 9 scores: {0: array([63.0061593]), 1: array([63.00735703]), 2: array([63.00601636]), 3: array([63.00596306]), 4: array([63.0061772]), 5: array([63.00703416]), 6: array([63.00708272]), 7: array([63.00783457]), 8: array([63.0066179]), 9: array([63.00619302])}
2025-05-12 11:57:06,523 - DEBUG - util_fusion - fusion_dual_defense - client 9 norm scores: {0: array([0.10485605]), 1: array([0.74483536]), 2: array([0.02848014]), 3: array([0.]), 4: array([0.11441857]), 5: array([0.57231606]), 6: array([0.59826784]), 7: array([1.]), 8: array([0.34989655]), 9: array([0.12287124])}
2025-05-12 11:57:06,523 - DEBUG - util_fusion - fusion_dual_defense - client 9 similarity threshold: 0.36359418200061694
2025-05-12 11:57:06,523 - INFO - util_fusion - fusion_dual_defense - client 9 selected fusion benigns: [1, 5, 6, 7]
2025-05-12 11:57:06,523 - DEBUG - util_fusion - fusion_dual_defense - final fusion benigns: (1, 5, 6, 7)
2025-05-12 11:57:08,154 - INFO - fl - start - global side -  test accuracy: 11.35
2025-05-12 11:57:08,154 - INFO - fl - start - global side iteration 27 -  test accuracy: 11.35
2025-05-12 11:57:08,155 - INFO - fl - start - start training round 28
2025-05-12 11:57:08,156 - INFO - fl - start - round 28 attackers: [3, 4]
2025-05-12 11:57:08,156 - INFO - fl - start - start client 0 training
2025-05-12 11:57:08,157 - INFO - fl - client_local_train - client 0 start local training ...
2025-05-12 11:57:11,451 - INFO - fl - start - end client 0 training
2025-05-12 11:57:11,451 - INFO - fl - start - client 0 evaluation metrics: {'train_loss': 26912400.708333332, 'test_acc': 9.74}
2025-05-12 11:57:11,452 - INFO - fl - start - start client 1 training
2025-05-12 11:57:11,452 - INFO - fl - client_local_train - client 1 start local training ...
2025-05-12 11:57:19,525 - INFO - fl - start - end client 1 training
2025-05-12 11:57:19,525 - INFO - fl - start - client 1 evaluation metrics: {'train_loss': 64367695.807228915, 'test_acc': 11.35}
2025-05-12 11:57:19,525 - INFO - fl - start - start client 2 training
2025-05-12 11:57:19,525 - INFO - fl - client_local_train - client 2 start local training ...
2025-05-12 11:57:22,251 - INFO - fl - start - end client 2 training
2025-05-12 11:57:22,251 - INFO - fl - start - client 2 evaluation metrics: {'train_loss': 50563.81941964286, 'test_acc': 11.35}
2025-05-12 11:57:22,251 - INFO - fl - start - start client 3 training
2025-05-12 11:57:22,251 - INFO - fl - client_local_train - client 3 start local training ...
2025-05-12 11:57:23,158 - INFO - fl - client_local_train - client 3 is attacker, start poisoning model
2025-05-12 11:57:26,311 - INFO - fl - start - end client 3 training
2025-05-12 11:57:26,311 - INFO - fl - start - client 3 evaluation metrics: {'train_loss': 76870926.20689656, 'test_acc': 11.35}
2025-05-12 11:57:26,311 - INFO - fl - start - start client 4 training
2025-05-12 11:57:26,311 - INFO - fl - client_local_train - client 4 start local training ...
2025-05-12 11:57:27,928 - INFO - fl - client_local_train - client 4 is attacker, start poisoning model
2025-05-12 11:57:31,460 - INFO - fl - start - end client 4 training
2025-05-12 11:57:31,460 - INFO - fl - start - client 4 evaluation metrics: {'train_loss': 5773319.436200371, 'test_acc': 11.35}
2025-05-12 11:57:31,460 - INFO - fl - start - start client 5 training
2025-05-12 11:57:31,469 - INFO - fl - client_local_train - client 5 start local training ...
2025-05-12 11:57:37,834 - INFO - fl - start - end client 5 training
2025-05-12 11:57:37,834 - INFO - fl - start - client 5 evaluation metrics: {'train_loss': 230693191.61290324, 'test_acc': 11.35}
2025-05-12 11:57:37,834 - INFO - fl - start - start client 6 training
2025-05-12 11:57:37,834 - INFO - fl - client_local_train - client 6 start local training ...
2025-05-12 11:57:44,550 - INFO - fl - start - end client 6 training
2025-05-12 11:57:44,550 - INFO - fl - start - client 6 evaluation metrics: {'train_loss': 76568142.53030303, 'test_acc': 11.35}
2025-05-12 11:57:44,551 - INFO - fl - start - start client 7 training
2025-05-12 11:57:44,551 - INFO - fl - client_local_train - client 7 start local training ...
2025-05-12 11:57:54,882 - INFO - fl - start - end client 7 training
2025-05-12 11:57:54,882 - INFO - fl - start - client 7 evaluation metrics: {'train_loss': 3643660.5789734162, 'test_acc': 11.35}
2025-05-12 11:57:54,882 - INFO - fl - start - start client 8 training
2025-05-12 11:57:54,882 - INFO - fl - client_local_train - client 8 start local training ...
2025-05-12 11:57:59,803 - INFO - fl - start - end client 8 training
2025-05-12 11:57:59,803 - INFO - fl - start - client 8 evaluation metrics: {'train_loss': 51839747.640449435, 'test_acc': 11.35}
2025-05-12 11:57:59,803 - INFO - fl - start - start client 9 training
2025-05-12 11:57:59,803 - INFO - fl - client_local_train - client 9 start local training ...
2025-05-12 11:58:03,104 - INFO - fl - start - end client 9 training
2025-05-12 11:58:03,104 - INFO - fl - start - client 9 evaluation metrics: {'train_loss': 6032314.201334636, 'test_acc': 11.35}
2025-05-12 11:58:03,104 - INFO - fl - aggregate_model - start model aggregation...fusion method: dual_defense
2025-05-12 11:58:03,104 - INFO - fl - aggregate_model - start hyper-guard fusion with epsilon 0.01
2025-05-12 11:58:03,104 - INFO - fl - aggregate_model - round 28 attackers: [3, 4]
2025-05-12 11:58:13,886 - DEBUG - util_fusion - fusion_dual_defense - client 0 scores: {0: array([46.88965633]), 1: array([46.89039188]), 2: array([46.88955591]), 3: array([46.88952743]), 4: array([46.88966918]), 5: array([46.89020951]), 6: array([46.89026164]), 7: array([46.89056814]), 8: array([46.88994302]), 9: array([46.88966397])}
2025-05-12 11:58:13,887 - DEBUG - util_fusion - fusion_dual_defense - client 0 norm scores: {0: array([0.12385802]), 1: array([0.83063632]), 2: array([0.02737344]), 3: array([0.]), 4: array([0.13620912]), 5: array([0.6554025]), 6: array([0.70548676]), 7: array([1.]), 8: array([0.39933737]), 9: array([0.13120047])}
2025-05-12 11:58:13,887 - DEBUG - util_fusion - fusion_dual_defense - client 0 similarity threshold: 0.40095040090709294
2025-05-12 11:58:13,887 - INFO - util_fusion - fusion_dual_defense - client 0 selected fusion benigns: [1, 5, 6, 7]
2025-05-12 11:58:13,896 - DEBUG - util_fusion - fusion_dual_defense - client 1 scores: {0: array([46.88965633]), 1: array([46.89039188]), 2: array([46.88955591]), 3: array([46.88952743]), 4: array([46.88966918]), 5: array([46.89020951]), 6: array([46.89026164]), 7: array([46.89056814]), 8: array([46.88994302]), 9: array([46.88966397])}
2025-05-12 11:58:13,896 - DEBUG - util_fusion - fusion_dual_defense - client 1 norm scores: {0: array([0.12385802]), 1: array([0.83063632]), 2: array([0.02737344]), 3: array([0.]), 4: array([0.13620912]), 5: array([0.6554025]), 6: array([0.70548676]), 7: array([1.]), 8: array([0.39933737]), 9: array([0.13120047])}
2025-05-12 11:58:13,896 - DEBUG - util_fusion - fusion_dual_defense - client 1 similarity threshold: 0.40095040090709294
2025-05-12 11:58:13,897 - INFO - util_fusion - fusion_dual_defense - client 1 selected fusion benigns: [1, 5, 6, 7]
2025-05-12 11:58:13,905 - DEBUG - util_fusion - fusion_dual_defense - client 2 scores: {0: array([46.88965633]), 1: array([46.89039188]), 2: array([46.88955591]), 3: array([46.88952743]), 4: array([46.88966918]), 5: array([46.89020951]), 6: array([46.89026164]), 7: array([46.89056814]), 8: array([46.88994302]), 9: array([46.88966397])}
2025-05-12 11:58:13,905 - DEBUG - util_fusion - fusion_dual_defense - client 2 norm scores: {0: array([0.12385802]), 1: array([0.83063632]), 2: array([0.02737344]), 3: array([0.]), 4: array([0.13620912]), 5: array([0.6554025]), 6: array([0.70548676]), 7: array([1.]), 8: array([0.39933737]), 9: array([0.13120047])}
2025-05-12 11:58:13,906 - DEBUG - util_fusion - fusion_dual_defense - client 2 similarity threshold: 0.40095040090709294
2025-05-12 11:58:13,906 - INFO - util_fusion - fusion_dual_defense - client 2 selected fusion benigns: [1, 5, 6, 7]
2025-05-12 11:58:13,914 - DEBUG - util_fusion - fusion_dual_defense - client 3 scores: {0: array([46.88965633]), 1: array([46.89039188]), 2: array([46.88955591]), 3: array([46.88952743]), 4: array([46.88966918]), 5: array([46.89020951]), 6: array([46.89026164]), 7: array([46.89056814]), 8: array([46.88994302]), 9: array([46.88966397])}
2025-05-12 11:58:13,915 - DEBUG - util_fusion - fusion_dual_defense - client 3 norm scores: {0: array([0.12385802]), 1: array([0.83063632]), 2: array([0.02737344]), 3: array([0.]), 4: array([0.13620912]), 5: array([0.6554025]), 6: array([0.70548676]), 7: array([1.]), 8: array([0.39933737]), 9: array([0.13120047])}
2025-05-12 11:58:13,915 - DEBUG - util_fusion - fusion_dual_defense - client 3 similarity threshold: 0.40095040090709294
2025-05-12 11:58:13,915 - INFO - util_fusion - fusion_dual_defense - client 3 selected fusion benigns: [1, 5, 6, 7]
2025-05-12 11:58:13,923 - DEBUG - util_fusion - fusion_dual_defense - client 4 scores: {0: array([46.88965633]), 1: array([46.89039188]), 2: array([46.88955591]), 3: array([46.88952743]), 4: array([46.88966918]), 5: array([46.89020951]), 6: array([46.89026164]), 7: array([46.89056814]), 8: array([46.88994302]), 9: array([46.88966397])}
2025-05-12 11:58:13,924 - DEBUG - util_fusion - fusion_dual_defense - client 4 norm scores: {0: array([0.12385802]), 1: array([0.83063632]), 2: array([0.02737344]), 3: array([0.]), 4: array([0.13620912]), 5: array([0.6554025]), 6: array([0.70548676]), 7: array([1.]), 8: array([0.39933737]), 9: array([0.13120047])}
2025-05-12 11:58:13,924 - DEBUG - util_fusion - fusion_dual_defense - client 4 similarity threshold: 0.40095040090709294
2025-05-12 11:58:13,924 - INFO - util_fusion - fusion_dual_defense - client 4 selected fusion benigns: [1, 5, 6, 7]
2025-05-12 11:58:13,932 - DEBUG - util_fusion - fusion_dual_defense - client 5 scores: {0: array([46.88965633]), 1: array([46.89039188]), 2: array([46.88955591]), 3: array([46.88952743]), 4: array([46.88966918]), 5: array([46.89020951]), 6: array([46.89026164]), 7: array([46.89056814]), 8: array([46.88994302]), 9: array([46.88966397])}
2025-05-12 11:58:13,933 - DEBUG - util_fusion - fusion_dual_defense - client 5 norm scores: {0: array([0.12385802]), 1: array([0.83063632]), 2: array([0.02737344]), 3: array([0.]), 4: array([0.13620912]), 5: array([0.6554025]), 6: array([0.70548676]), 7: array([1.]), 8: array([0.39933737]), 9: array([0.13120047])}
2025-05-12 11:58:13,933 - DEBUG - util_fusion - fusion_dual_defense - client 5 similarity threshold: 0.40095040090709294
2025-05-12 11:58:13,933 - INFO - util_fusion - fusion_dual_defense - client 5 selected fusion benigns: [1, 5, 6, 7]
2025-05-12 11:58:13,941 - DEBUG - util_fusion - fusion_dual_defense - client 6 scores: {0: array([46.88965633]), 1: array([46.89039188]), 2: array([46.88955591]), 3: array([46.88952743]), 4: array([46.88966918]), 5: array([46.89020951]), 6: array([46.89026164]), 7: array([46.89056814]), 8: array([46.88994302]), 9: array([46.88966397])}
2025-05-12 11:58:13,942 - DEBUG - util_fusion - fusion_dual_defense - client 6 norm scores: {0: array([0.12385802]), 1: array([0.83063632]), 2: array([0.02737344]), 3: array([0.]), 4: array([0.13620912]), 5: array([0.6554025]), 6: array([0.70548676]), 7: array([1.]), 8: array([0.39933737]), 9: array([0.13120047])}
2025-05-12 11:58:13,942 - DEBUG - util_fusion - fusion_dual_defense - client 6 similarity threshold: 0.40095040090709294
2025-05-12 11:58:13,942 - INFO - util_fusion - fusion_dual_defense - client 6 selected fusion benigns: [1, 5, 6, 7]
2025-05-12 11:58:13,950 - DEBUG - util_fusion - fusion_dual_defense - client 7 scores: {0: array([46.88965633]), 1: array([46.89039188]), 2: array([46.88955591]), 3: array([46.88952743]), 4: array([46.88966918]), 5: array([46.89020951]), 6: array([46.89026164]), 7: array([46.89056814]), 8: array([46.88994302]), 9: array([46.88966397])}
2025-05-12 11:58:13,951 - DEBUG - util_fusion - fusion_dual_defense - client 7 norm scores: {0: array([0.12385802]), 1: array([0.83063632]), 2: array([0.02737344]), 3: array([0.]), 4: array([0.13620912]), 5: array([0.6554025]), 6: array([0.70548676]), 7: array([1.]), 8: array([0.39933737]), 9: array([0.13120047])}
2025-05-12 11:58:13,951 - DEBUG - util_fusion - fusion_dual_defense - client 7 similarity threshold: 0.40095040090709294
2025-05-12 11:58:13,951 - INFO - util_fusion - fusion_dual_defense - client 7 selected fusion benigns: [1, 5, 6, 7]
2025-05-12 11:58:13,959 - DEBUG - util_fusion - fusion_dual_defense - client 8 scores: {0: array([46.88965633]), 1: array([46.89039188]), 2: array([46.88955591]), 3: array([46.88952743]), 4: array([46.88966918]), 5: array([46.89020951]), 6: array([46.89026164]), 7: array([46.89056814]), 8: array([46.88994302]), 9: array([46.88966397])}
2025-05-12 11:58:13,960 - DEBUG - util_fusion - fusion_dual_defense - client 8 norm scores: {0: array([0.12385802]), 1: array([0.83063632]), 2: array([0.02737344]), 3: array([0.]), 4: array([0.13620912]), 5: array([0.6554025]), 6: array([0.70548676]), 7: array([1.]), 8: array([0.39933737]), 9: array([0.13120047])}
2025-05-12 11:58:13,960 - DEBUG - util_fusion - fusion_dual_defense - client 8 similarity threshold: 0.40095040090709294
2025-05-12 11:58:13,960 - INFO - util_fusion - fusion_dual_defense - client 8 selected fusion benigns: [1, 5, 6, 7]
2025-05-12 11:58:13,968 - DEBUG - util_fusion - fusion_dual_defense - client 9 scores: {0: array([46.88965633]), 1: array([46.89039188]), 2: array([46.88955591]), 3: array([46.88952743]), 4: array([46.88966918]), 5: array([46.89020951]), 6: array([46.89026164]), 7: array([46.89056814]), 8: array([46.88994302]), 9: array([46.88966397])}
2025-05-12 11:58:13,969 - DEBUG - util_fusion - fusion_dual_defense - client 9 norm scores: {0: array([0.12385802]), 1: array([0.83063632]), 2: array([0.02737344]), 3: array([0.]), 4: array([0.13620912]), 5: array([0.6554025]), 6: array([0.70548676]), 7: array([1.]), 8: array([0.39933737]), 9: array([0.13120047])}
2025-05-12 11:58:13,969 - DEBUG - util_fusion - fusion_dual_defense - client 9 similarity threshold: 0.40095040090709294
2025-05-12 11:58:13,969 - INFO - util_fusion - fusion_dual_defense - client 9 selected fusion benigns: [1, 5, 6, 7]
2025-05-12 11:58:13,969 - DEBUG - util_fusion - fusion_dual_defense - final fusion benigns: (1, 5, 6, 7)
2025-05-12 11:58:15,610 - INFO - fl - start - global side -  test accuracy: 11.35
2025-05-12 11:58:15,610 - INFO - fl - start - global side iteration 28 -  test accuracy: 11.35
2025-05-12 11:58:15,610 - INFO - fl - start - start training round 29
2025-05-12 11:58:15,612 - INFO - fl - start - round 29 attackers: [0, 7]
2025-05-12 11:58:15,612 - INFO - fl - start - start client 0 training
2025-05-12 11:58:15,612 - INFO - fl - client_local_train - client 0 start local training ...
2025-05-12 11:58:17,144 - INFO - fl - client_local_train - client 0 is attacker, start poisoning model
2025-05-12 11:58:20,643 - INFO - fl - start - end client 0 training
2025-05-12 11:58:20,643 - INFO - fl - start - client 0 evaluation metrics: {'train_loss': 215244058.16666666, 'test_acc': 11.35}
2025-05-12 11:58:20,643 - INFO - fl - start - start client 1 training
2025-05-12 11:58:20,643 - INFO - fl - client_local_train - client 1 start local training ...
2025-05-12 11:58:28,725 - INFO - fl - start - end client 1 training
2025-05-12 11:58:28,725 - INFO - fl - start - client 1 evaluation metrics: {'train_loss': 64358215.77108434, 'test_acc': 11.35}
2025-05-12 11:58:28,725 - INFO - fl - start - start client 2 training
2025-05-12 11:58:28,725 - INFO - fl - client_local_train - client 2 start local training ...
2025-05-12 11:58:31,443 - INFO - fl - start - end client 2 training
2025-05-12 11:58:31,443 - INFO - fl - start - client 2 evaluation metrics: {'train_loss': 49173.16456473214, 'test_acc': 11.35}
2025-05-12 11:58:31,443 - INFO - fl - start - start client 3 training
2025-05-12 11:58:31,443 - INFO - fl - client_local_train - client 3 start local training ...
2025-05-12 11:58:33,937 - INFO - fl - start - end client 3 training
2025-05-12 11:58:33,937 - INFO - fl - start - client 3 evaluation metrics: {'train_loss': 9775599.939655172, 'test_acc': 11.35}
2025-05-12 11:58:33,937 - INFO - fl - start - start client 4 training
2025-05-12 11:58:33,946 - INFO - fl - client_local_train - client 4 start local training ...
2025-05-12 11:58:37,348 - INFO - fl - start - end client 4 training
2025-05-12 11:58:37,348 - INFO - fl - start - client 4 evaluation metrics: {'train_loss': 721310.8472472499, 'test_acc': 9.57}
2025-05-12 11:58:37,348 - INFO - fl - start - start client 5 training
2025-05-12 11:58:37,348 - INFO - fl - client_local_train - client 5 start local training ...
2025-05-12 11:58:43,732 - INFO - fl - start - end client 5 training
2025-05-12 11:58:43,732 - INFO - fl - start - client 5 evaluation metrics: {'train_loss': 230534995.22580644, 'test_acc': 11.35}
2025-05-12 11:58:43,732 - INFO - fl - start - start client 6 training
2025-05-12 11:58:43,732 - INFO - fl - client_local_train - client 6 start local training ...
2025-05-12 11:58:50,410 - INFO - fl - start - end client 6 training
2025-05-12 11:58:50,410 - INFO - fl - start - client 6 evaluation metrics: {'train_loss': 77646732.87878788, 'test_acc': 11.35}
2025-05-12 11:58:50,410 - INFO - fl - start - start client 7 training
2025-05-12 11:58:50,410 - INFO - fl - client_local_train - client 7 start local training ...
2025-05-12 11:58:57,506 - INFO - fl - client_local_train - client 7 is attacker, start poisoning model
2025-05-12 11:59:03,964 - INFO - fl - start - end client 7 training
2025-05-12 11:59:03,964 - INFO - fl - start - client 7 evaluation metrics: {'train_loss': 29095754.53167421, 'test_acc': 10.09}
2025-05-12 11:59:03,964 - INFO - fl - start - start client 8 training
2025-05-12 11:59:03,964 - INFO - fl - client_local_train - client 8 start local training ...
2025-05-12 11:59:08,899 - INFO - fl - start - end client 8 training
2025-05-12 11:59:08,899 - INFO - fl - start - client 8 evaluation metrics: {'train_loss': 51723093.640449435, 'test_acc': 11.35}
2025-05-12 11:59:08,899 - INFO - fl - start - start client 9 training
2025-05-12 11:59:08,899 - INFO - fl - client_local_train - client 9 start local training ...
2025-05-12 11:59:12,170 - INFO - fl - start - end client 9 training
2025-05-12 11:59:12,170 - INFO - fl - start - client 9 evaluation metrics: {'train_loss': 6036036.4651692705, 'test_acc': 11.35}
2025-05-12 11:59:12,170 - INFO - fl - aggregate_model - start model aggregation...fusion method: dual_defense
2025-05-12 11:59:12,170 - INFO - fl - aggregate_model - start hyper-guard fusion with epsilon 0.01
2025-05-12 11:59:12,170 - INFO - fl - aggregate_model - round 29 attackers: [0, 7]
2025-05-12 11:59:22,944 - DEBUG - util_fusion - fusion_dual_defense - client 0 scores: {0: array([16.22880215]), 1: array([16.22894613]), 2: array([16.22878456]), 3: array([16.22877946]), 4: array([16.22880423]), 5: array([16.22885347]), 6: array([16.22886286]), 7: array([16.22915993]), 8: array([16.22881922]), 9: array([16.22880377])}
2025-05-12 11:59:22,945 - DEBUG - util_fusion - fusion_dual_defense - client 0 norm scores: {0: array([0.05964544]), 1: array([0.43807134]), 2: array([0.01340147]), 3: array([0.]), 4: array([0.06510335]), 5: array([0.19452803]), 6: array([0.21919771]), 7: array([1.]), 8: array([0.10450453]), 9: array([0.06390055])}
2025-05-12 11:59:22,945 - DEBUG - util_fusion - fusion_dual_defense - client 0 similarity threshold: 0.21583524216618505
2025-05-12 11:59:22,945 - INFO - util_fusion - fusion_dual_defense - client 0 selected fusion benigns: [1, 6, 7]
2025-05-12 11:59:22,953 - DEBUG - util_fusion - fusion_dual_defense - client 1 scores: {0: array([16.22880215]), 1: array([16.22894613]), 2: array([16.22878456]), 3: array([16.22877946]), 4: array([16.22880423]), 5: array([16.22885347]), 6: array([16.22886286]), 7: array([16.22915993]), 8: array([16.22881922]), 9: array([16.22880377])}
2025-05-12 11:59:22,954 - DEBUG - util_fusion - fusion_dual_defense - client 1 norm scores: {0: array([0.05964544]), 1: array([0.43807134]), 2: array([0.01340147]), 3: array([0.]), 4: array([0.06510335]), 5: array([0.19452803]), 6: array([0.21919771]), 7: array([1.]), 8: array([0.10450453]), 9: array([0.06390055])}
2025-05-12 11:59:22,954 - DEBUG - util_fusion - fusion_dual_defense - client 1 similarity threshold: 0.21583524216618505
2025-05-12 11:59:22,954 - INFO - util_fusion - fusion_dual_defense - client 1 selected fusion benigns: [1, 6, 7]
2025-05-12 11:59:22,962 - DEBUG - util_fusion - fusion_dual_defense - client 2 scores: {0: array([16.22880215]), 1: array([16.22894613]), 2: array([16.22878456]), 3: array([16.22877946]), 4: array([16.22880423]), 5: array([16.22885347]), 6: array([16.22886286]), 7: array([16.22915993]), 8: array([16.22881922]), 9: array([16.22880377])}
2025-05-12 11:59:22,963 - DEBUG - util_fusion - fusion_dual_defense - client 2 norm scores: {0: array([0.05964544]), 1: array([0.43807134]), 2: array([0.01340147]), 3: array([0.]), 4: array([0.06510335]), 5: array([0.19452803]), 6: array([0.21919771]), 7: array([1.]), 8: array([0.10450453]), 9: array([0.06390055])}
2025-05-12 11:59:22,963 - DEBUG - util_fusion - fusion_dual_defense - client 2 similarity threshold: 0.21583524216618505
2025-05-12 11:59:22,963 - INFO - util_fusion - fusion_dual_defense - client 2 selected fusion benigns: [1, 6, 7]
2025-05-12 11:59:22,971 - DEBUG - util_fusion - fusion_dual_defense - client 3 scores: {0: array([16.22880215]), 1: array([16.22894613]), 2: array([16.22878456]), 3: array([16.22877946]), 4: array([16.22880423]), 5: array([16.22885347]), 6: array([16.22886286]), 7: array([16.22915993]), 8: array([16.22881922]), 9: array([16.22880377])}
2025-05-12 11:59:22,972 - DEBUG - util_fusion - fusion_dual_defense - client 3 norm scores: {0: array([0.05964544]), 1: array([0.43807134]), 2: array([0.01340147]), 3: array([0.]), 4: array([0.06510335]), 5: array([0.19452803]), 6: array([0.21919771]), 7: array([1.]), 8: array([0.10450453]), 9: array([0.06390055])}
2025-05-12 11:59:22,972 - DEBUG - util_fusion - fusion_dual_defense - client 3 similarity threshold: 0.21583524216618505
2025-05-12 11:59:22,972 - INFO - util_fusion - fusion_dual_defense - client 3 selected fusion benigns: [1, 6, 7]
2025-05-12 11:59:22,981 - DEBUG - util_fusion - fusion_dual_defense - client 4 scores: {0: array([16.22880215]), 1: array([16.22894613]), 2: array([16.22878456]), 3: array([16.22877946]), 4: array([16.22880423]), 5: array([16.22885347]), 6: array([16.22886286]), 7: array([16.22915993]), 8: array([16.22881922]), 9: array([16.22880377])}
2025-05-12 11:59:22,981 - DEBUG - util_fusion - fusion_dual_defense - client 4 norm scores: {0: array([0.05964544]), 1: array([0.43807134]), 2: array([0.01340147]), 3: array([0.]), 4: array([0.06510335]), 5: array([0.19452803]), 6: array([0.21919771]), 7: array([1.]), 8: array([0.10450453]), 9: array([0.06390055])}
2025-05-12 11:59:22,981 - DEBUG - util_fusion - fusion_dual_defense - client 4 similarity threshold: 0.21583524216618505
2025-05-12 11:59:22,981 - INFO - util_fusion - fusion_dual_defense - client 4 selected fusion benigns: [1, 6, 7]
2025-05-12 11:59:22,990 - DEBUG - util_fusion - fusion_dual_defense - client 5 scores: {0: array([16.22880215]), 1: array([16.22894613]), 2: array([16.22878456]), 3: array([16.22877946]), 4: array([16.22880423]), 5: array([16.22885347]), 6: array([16.22886286]), 7: array([16.22915993]), 8: array([16.22881922]), 9: array([16.22880377])}
2025-05-12 11:59:22,991 - DEBUG - util_fusion - fusion_dual_defense - client 5 norm scores: {0: array([0.05964544]), 1: array([0.43807134]), 2: array([0.01340147]), 3: array([0.]), 4: array([0.06510335]), 5: array([0.19452803]), 6: array([0.21919771]), 7: array([1.]), 8: array([0.10450453]), 9: array([0.06390055])}
2025-05-12 11:59:22,991 - DEBUG - util_fusion - fusion_dual_defense - client 5 similarity threshold: 0.21583524216618505
2025-05-12 11:59:22,991 - INFO - util_fusion - fusion_dual_defense - client 5 selected fusion benigns: [1, 6, 7]
2025-05-12 11:59:22,999 - DEBUG - util_fusion - fusion_dual_defense - client 6 scores: {0: array([16.22880215]), 1: array([16.22894613]), 2: array([16.22878456]), 3: array([16.22877946]), 4: array([16.22880423]), 5: array([16.22885347]), 6: array([16.22886286]), 7: array([16.22915993]), 8: array([16.22881922]), 9: array([16.22880377])}
2025-05-12 11:59:23,000 - DEBUG - util_fusion - fusion_dual_defense - client 6 norm scores: {0: array([0.05964544]), 1: array([0.43807134]), 2: array([0.01340147]), 3: array([0.]), 4: array([0.06510335]), 5: array([0.19452803]), 6: array([0.21919771]), 7: array([1.]), 8: array([0.10450453]), 9: array([0.06390055])}
2025-05-12 11:59:23,000 - DEBUG - util_fusion - fusion_dual_defense - client 6 similarity threshold: 0.21583524216618505
2025-05-12 11:59:23,000 - INFO - util_fusion - fusion_dual_defense - client 6 selected fusion benigns: [1, 6, 7]
2025-05-12 11:59:23,008 - DEBUG - util_fusion - fusion_dual_defense - client 7 scores: {0: array([16.22880215]), 1: array([16.22894613]), 2: array([16.22878456]), 3: array([16.22877946]), 4: array([16.22880423]), 5: array([16.22885347]), 6: array([16.22886286]), 7: array([16.22915993]), 8: array([16.22881922]), 9: array([16.22880377])}
2025-05-12 11:59:23,009 - DEBUG - util_fusion - fusion_dual_defense - client 7 norm scores: {0: array([0.05964544]), 1: array([0.43807134]), 2: array([0.01340147]), 3: array([0.]), 4: array([0.06510335]), 5: array([0.19452803]), 6: array([0.21919771]), 7: array([1.]), 8: array([0.10450453]), 9: array([0.06390055])}
2025-05-12 11:59:23,009 - DEBUG - util_fusion - fusion_dual_defense - client 7 similarity threshold: 0.21583524216618505
2025-05-12 11:59:23,009 - INFO - util_fusion - fusion_dual_defense - client 7 selected fusion benigns: [1, 6, 7]
2025-05-12 11:59:23,017 - DEBUG - util_fusion - fusion_dual_defense - client 8 scores: {0: array([16.22880215]), 1: array([16.22894613]), 2: array([16.22878456]), 3: array([16.22877946]), 4: array([16.22880423]), 5: array([16.22885347]), 6: array([16.22886286]), 7: array([16.22915993]), 8: array([16.22881922]), 9: array([16.22880377])}
2025-05-12 11:59:23,018 - DEBUG - util_fusion - fusion_dual_defense - client 8 norm scores: {0: array([0.05964544]), 1: array([0.43807134]), 2: array([0.01340147]), 3: array([0.]), 4: array([0.06510335]), 5: array([0.19452803]), 6: array([0.21919771]), 7: array([1.]), 8: array([0.10450453]), 9: array([0.06390055])}
2025-05-12 11:59:23,018 - DEBUG - util_fusion - fusion_dual_defense - client 8 similarity threshold: 0.21583524216618505
2025-05-12 11:59:23,018 - INFO - util_fusion - fusion_dual_defense - client 8 selected fusion benigns: [1, 6, 7]
2025-05-12 11:59:23,026 - DEBUG - util_fusion - fusion_dual_defense - client 9 scores: {0: array([16.22880215]), 1: array([16.22894613]), 2: array([16.22878456]), 3: array([16.22877946]), 4: array([16.22880423]), 5: array([16.22885347]), 6: array([16.22886286]), 7: array([16.22915993]), 8: array([16.22881922]), 9: array([16.22880377])}
2025-05-12 11:59:23,027 - DEBUG - util_fusion - fusion_dual_defense - client 9 norm scores: {0: array([0.05964544]), 1: array([0.43807134]), 2: array([0.01340147]), 3: array([0.]), 4: array([0.06510335]), 5: array([0.19452803]), 6: array([0.21919771]), 7: array([1.]), 8: array([0.10450453]), 9: array([0.06390055])}
2025-05-12 11:59:23,027 - DEBUG - util_fusion - fusion_dual_defense - client 9 similarity threshold: 0.21583524216618505
2025-05-12 11:59:23,027 - INFO - util_fusion - fusion_dual_defense - client 9 selected fusion benigns: [1, 6, 7]
2025-05-12 11:59:23,027 - DEBUG - util_fusion - fusion_dual_defense - final fusion benigns: (1, 6, 7)
2025-05-12 11:59:24,605 - INFO - fl - start - global side -  test accuracy: 10.09
2025-05-12 11:59:24,605 - INFO - fl - start - global side iteration 29 -  test accuracy: 10.09
2025-05-12 11:59:24,605 - INFO - fl - start - end the FL simulation
2025-05-12 11:59:24,606 - INFO - fl - start - summarization - simulation metrics: {0: {'time': 64.24424049100344, 'parties': {0: {'train_loss': 0.14136420555102328, 'test_acc': 40.63}, 1: {'train_loss': 0.06629158111558442, 'test_acc': 86.86}, 2: {'train_loss': 0.20673750223858015, 'test_acc': 36.57}, 3: {'train_loss': 0.3128150187689683, 'test_acc': 39.71}, 4: {'train_loss': 0.11047321483127627, 'test_acc': 43.61}, 5: {'train_loss': 0.052737836913776495, 'test_acc': 52.89}, 6: {'train_loss': 0.0643783809500402, 'test_acc': 67.28}, 7: {'train_loss': 0.04787191117658571, 'test_acc': 65.85}, 8: {'train_loss': 0.06711370593690302, 'test_acc': 67.87}, 9: {'train_loss': 0.12826534314081073, 'test_acc': 60.01}}, 'server': {'test_acc': 59.8}}, 1: {'time': 131.52974969299976, 'parties': {0: {'train_loss': 0.06170052369513238, 'test_acc': 56.23}, 1: {'train_loss': 0.054840276033213606, 'test_acc': 86.92}, 2: {'train_loss': 0.10806800943433441, 'test_acc': 42.64}, 3: {'train_loss': 298.9138788683661, 'test_acc': 50.88}, 4: {'train_loss': 105.85055671143346, 'test_acc': 48.55}, 5: {'train_loss': 0.038767478772394, 'test_acc': 55.62}, 6: {'train_loss': 0.06842463773147867, 'test_acc': 65.57}, 7: {'train_loss': 0.046718916678759034, 'test_acc': 73.66}, 8: {'train_loss': 0.04172071121146463, 'test_acc': 69.45}, 9: {'train_loss': 0.056725684543683506, 'test_acc': 66.17}}, 'server': {'test_acc': 67.61}}, 2: {'time': 199.3644416410025, 'parties': {0: {'train_loss': 389.11007873217267, 'test_acc': 39.45}, 1: {'train_loss': 0.31546504283884924, 'test_acc': 77.9}, 2: {'train_loss': 0.17498092204332352, 'test_acc': 38.8}, 3: {'train_loss': 1.3957466462562824, 'test_acc': 9.74}, 4: {'train_loss': 433.29285056918275, 'test_acc': 45.57}, 5: {'train_loss': 0.20658007122936747, 'test_acc': 35.99}, 6: {'train_loss': 0.08163641592966714, 'test_acc': 66.68}, 7: {'train_loss': 1.5881624874486104, 'test_acc': 10.32}, 8: {'train_loss': 0.10689970583058475, 'test_acc': 65.85}, 9: {'train_loss': 0.1144275456899777, 'test_acc': 63.47}}, 'server': {'test_acc': 20.96}}, 3: {'time': 267.4614814930028, 'parties': {0: {'train_loss': 48.16354505221049, 'test_acc': 9.76}, 1: {'train_loss': 1.9968677184667931, 'test_acc': 9.82}, 2: {'train_loss': 1.4211333615439279, 'test_acc': 11.35}, 3: {'train_loss': 1.3804460270651455, 'test_acc': 9.74}, 4: {'train_loss': 1.1468381846652311, 'test_acc': 9.58}, 5: {'train_loss': 1.1682274298321815, 'test_acc': 10.1}, 6: {'train_loss': 1.482576143109437, 'test_acc': 10.28}, 7: {'train_loss': 1.5820481421181518, 'test_acc': 10.32}, 8: {'train_loss': 29.234691469856863, 'test_acc': 9.57}, 9: {'train_loss': 1.4457149083415668, 'test_acc': 11.35}}, 'server': {'test_acc': 9.57}}, 4: {'time': 335.4875428619998, 'parties': {0: {'train_loss': 1.012584072848161, 'test_acc': 9.74}, 1: {'train_loss': 2.009290400757847, 'test_acc': 9.82}, 2: {'train_loss': 1.502416695867266, 'test_acc': 11.35}, 3: {'train_loss': 46.32164747961636, 'test_acc': 10.09}, 4: {'train_loss': 1.2137607780157351, 'test_acc': 9.57}, 5: {'train_loss': 1.182569406205608, 'test_acc': 10.1}, 6: {'train_loss': 1.497756616635756, 'test_acc': 10.28}, 7: {'train_loss': 1.5923449647912074, 'test_acc': 10.32}, 8: {'train_loss': 22.29267016421543, 'test_acc': 9.57}, 9: {'train_loss': 1.5136161868770917, 'test_acc': 11.35}}, 'server': {'test_acc': 10.09}}, 5: {'time': 404.6632876939984, 'parties': {0: {'train_loss': 18.46634066104889, 'test_acc': 9.74}, 1: {'train_loss': 1.9984076123639762, 'test_acc': 9.82}, 2: {'train_loss': 1.483287981578282, 'test_acc': 11.35}, 3: {'train_loss': 1.4299185728204662, 'test_acc': 9.74}, 4: {'train_loss': 1.2051489914164824, 'test_acc': 9.57}, 5: {'train_loss': 1.1943585608274705, 'test_acc': 10.1}, 6: {'train_loss': 1.5123666308142922, 'test_acc': 10.28}, 7: {'train_loss': 4.86103368560653, 'test_acc': 10.09}, 8: {'train_loss': 1.4796803774458638, 'test_acc': 9.57}, 9: {'train_loss': 1.5020155534148216, 'test_acc': 11.35}}, 'server': {'test_acc': 8.92}}, 6: {'time': 472.0584323100047, 'parties': {0: {'train_loss': 2.035520943502585, 'test_acc': 9.74}, 1: {'train_loss': 2.179834446993219, 'test_acc': 9.82}, 2: {'train_loss': 5.356235640389579, 'test_acc': 8.92}, 3: {'train_loss': 11.63959159522221, 'test_acc': 9.74}, 4: {'train_loss': 1.5480261035993987, 'test_acc': 9.57}, 5: {'train_loss': 1.2245417708350765, 'test_acc': 10.1}, 6: {'train_loss': 2.0183848377430076, 'test_acc': 10.28}, 7: {'train_loss': 1.6241705406844886, 'test_acc': 10.32}, 8: {'train_loss': 2.386714659380109, 'test_acc': 9.57}, 9: {'train_loss': 1.7988993649681408, 'test_acc': 11.35}}, 'server': {'test_acc': 9.74}}, 7: {'time': 540.6425441460015, 'parties': {0: {'train_loss': 3.465766116976738, 'test_acc': 9.74}, 1: {'train_loss': 23.563986531223158, 'test_acc': 9.82}, 2: {'train_loss': 2.0671684435435704, 'test_acc': 9.74}, 3: {'train_loss': 18.455926303205818, 'test_acc': 9.74}, 4: {'train_loss': 1.6098985040889067, 'test_acc': 9.57}, 5: {'train_loss': 2.0261728648216493, 'test_acc': 10.1}, 6: {'train_loss': 3.6276844505107766, 'test_acc': 10.28}, 7: {'train_loss': 1.8021735023049748, 'test_acc': 10.32}, 8: {'train_loss': 4.43196366878038, 'test_acc': 9.57}, 9: {'train_loss': 2.2089291711648307, 'test_acc': 11.35}}, 'server': {'test_acc': 9.74}}, 8: {'time': 609.2550029570048, 'parties': {0: {'train_loss': 4.557071387767792, 'test_acc': 9.74}, 1: {'train_loss': 6.8001946340124295, 'test_acc': 9.82}, 2: {'train_loss': 1.858993969644819, 'test_acc': 9.82}, 3: {'train_loss': 3.298353096534466, 'test_acc': 9.74}, 4: {'train_loss': 1.5604832102270687, 'test_acc': 9.57}, 5: {'train_loss': 68.36762889739006, 'test_acc': 11.35}, 6: {'train_loss': 5.227609632593213, 'test_acc': 10.28}, 7: {'train_loss': 1.9540836018135106, 'test_acc': 10.32}, 8: {'train_loss': 48.38123698716753, 'test_acc': 9.57}, 9: {'train_loss': 2.422625561555227, 'test_acc': 11.35}}, 'server': {'test_acc': 9.74}}, 9: {'time': 678.4026824090033, 'parties': {0: {'train_loss': 3.999272957444191, 'test_acc': 9.74}, 1: {'train_loss': 6.593693164457758, 'test_acc': 9.82}, 2: {'train_loss': 1.4402784517833165, 'test_acc': 11.35}, 3: {'train_loss': 2.734866006620999, 'test_acc': 9.74}, 4: {'train_loss': 5.783712602129169, 'test_acc': 9.57}, 5: {'train_loss': 9.659143078711725, 'test_acc': 11.35}, 6: {'train_loss': 5.1571536479574265, 'test_acc': 10.28}, 7: {'train_loss': 6.406155687651483, 'test_acc': 10.32}, 8: {'train_loss': 6.4484402838717685, 'test_acc': 9.57}, 9: {'train_loss': 2.219144423802694, 'test_acc': 11.35}}, 'server': {'test_acc': 10.32}}, 10: {'time': 748.264845759004, 'parties': {0: {'train_loss': 18.46125328540802, 'test_acc': 9.74}, 1: {'train_loss': 38.454335097807, 'test_acc': 9.82}, 2: {'train_loss': 4.249521991184779, 'test_acc': 9.74}, 3: {'train_loss': 8.842666519099268, 'test_acc': 9.74}, 4: {'train_loss': 8.36127348507152, 'test_acc': 8.92}, 5: {'train_loss': 957.2689814413748, 'test_acc': 8.92}, 6: {'train_loss': 35.30029368400574, 'test_acc': 11.35}, 7: {'train_loss': 21.635238815756406, 'test_acc': 10.32}, 8: {'train_loss': 32.420619696713565, 'test_acc': 9.82}, 9: {'train_loss': 7.229226340850194, 'test_acc': 10.32}}, 'server': {'test_acc': 9.74}}, 11: {'time': 817.7374797220036, 'parties': {0: {'train_loss': 17.24092107017835, 'test_acc': 9.74}, 1: {'train_loss': 289.7883010772337, 'test_acc': 9.82}, 2: {'train_loss': 1.9698868444987705, 'test_acc': 9.82}, 3: {'train_loss': 8.149397085452902, 'test_acc': 9.74}, 4: {'train_loss': 2.9006737774493647, 'test_acc': 9.82}, 5: {'train_loss': 942.1523156935169, 'test_acc': 11.35}, 6: {'train_loss': 33.78325749166084, 'test_acc': 11.35}, 7: {'train_loss': 3.6038396444795358, 'test_acc': 10.32}, 8: {'train_loss': 30.999175339602353, 'test_acc': 9.57}, 9: {'train_loss': 5.40129803866148, 'test_acc': 11.35}}, 'server': {'test_acc': 9.74}}, 12: {'time': 886.4101999740014, 'parties': {0: {'train_loss': 16.394548177719116, 'test_acc': 9.74}, 1: {'train_loss': 36.765245644443006, 'test_acc': 9.82}, 2: {'train_loss': 1.4494060754776001, 'test_acc': 11.35}, 3: {'train_loss': 7.191832575304755, 'test_acc': 9.74}, 4: {'train_loss': 1.638382540029638, 'test_acc': 9.57}, 5: {'train_loss': 929.2254835559476, 'test_acc': 11.35}, 6: {'train_loss': 32.88490275180701, 'test_acc': 11.35}, 7: {'train_loss': 3.5210390975572405, 'test_acc': 10.32}, 8: {'train_loss': 241.92853126097262, 'test_acc': 9.57}, 9: {'train_loss': 4.999690073231856, 'test_acc': 11.35}}, 'server': {'test_acc': 9.57}}, 13: {'time': 954.7508139050042, 'parties': {0: {'train_loss': 47.97288111845652, 'test_acc': 9.74}, 1: {'train_loss': 112.5062359040042, 'test_acc': 9.82}, 2: {'train_loss': 1.5900287560054234, 'test_acc': 11.35}, 3: {'train_loss': 18.334461771208666, 'test_acc': 9.74}, 4: {'train_loss': 15.540476967306699, 'test_acc': 9.57}, 5: {'train_loss': 389.35280904462263, 'test_acc': 11.35}, 6: {'train_loss': 972.8246936220112, 'test_acc': 11.35}, 7: {'train_loss': 7.682685328285079, 'test_acc': 10.32}, 8: {'train_loss': 91.70302427484748, 'test_acc': 9.57}, 9: {'train_loss': 11.934493961433569, 'test_acc': 11.35}}, 'server': {'test_acc': 9.57}}, 14: {'time': 1022.9199012930039, 'parties': {0: {'train_loss': 828.8395455678304, 'test_acc': 9.74}, 1: {'train_loss': 245.86259717826383, 'test_acc': 9.82}, 2: {'train_loss': 1.8649622849055698, 'test_acc': 11.35}, 3: {'train_loss': 38.40023501165982, 'test_acc': 9.74}, 4: {'train_loss': 3.912275106299157, 'test_acc': 9.57}, 5: {'train_loss': 867.2222457393523, 'test_acc': 11.35}, 6: {'train_loss': 284.32468807336056, 'test_acc': 11.35}, 7: {'train_loss': 15.02642311122083, 'test_acc': 10.32}, 8: {'train_loss': 1593.9650707459182, 'test_acc': 9.57}, 9: {'train_loss': 24.416508411367733, 'test_acc': 11.35}}, 'server': {'test_acc': 9.57}}, 15: {'time': 1092.5542130530011, 'parties': {0: {'train_loss': 435.05567773183185, 'test_acc': 9.74}, 1: {'train_loss': 8296.489287227034, 'test_acc': 9.82}, 2: {'train_loss': 2.8905601348195757, 'test_acc': 11.35}, 3: {'train_loss': 156.83317434376684, 'test_acc': 9.74}, 4: {'train_loss': 13.042336098119325, 'test_acc': 9.57}, 5: {'train_loss': 29590.30093876008, 'test_acc': 11.35}, 6: {'train_loss': 1224.946986805309, 'test_acc': 11.35}, 7: {'train_loss': 58.43456268256606, 'test_acc': 10.32}, 8: {'train_loss': 833.6130299085982, 'test_acc': 9.57}, 9: {'train_loss': 100.11044795314471, 'test_acc': 11.35}}, 'server': {'test_acc': 9.57}}, 16: {'time': 1160.8331810210002, 'parties': {0: {'train_loss': 434.40150451660156, 'test_acc': 9.74}, 1: {'train_loss': 1035.825153764472, 'test_acc': 9.82}, 2: {'train_loss': 14.07953428540911, 'test_acc': 11.35}, 3: {'train_loss': 159.16561021475957, 'test_acc': 9.74}, 4: {'train_loss': 12.973215385979296, 'test_acc': 9.57}, 5: {'train_loss': 3699.0015849451866, 'test_acc': 11.35}, 6: {'train_loss': 1234.8126928156073, 'test_acc': 11.35}, 7: {'train_loss': 58.37992504980769, 'test_acc': 10.32}, 8: {'train_loss': 6678.197479590941, 'test_acc': 9.57}, 9: {'train_loss': 99.59045361479123, 'test_acc': 11.35}}, 'server': {'test_acc': 9.57}}, 17: {'time': 1230.3888433300017, 'parties': {0: {'train_loss': 1688.6157048543294, 'test_acc': 9.74}, 1: {'train_loss': 4034.93697642131, 'test_acc': 9.82}, 2: {'train_loss': 6.510680150985718, 'test_acc': 11.35}, 3: {'train_loss': 626.0298851276266, 'test_acc': 9.74}, 4: {'train_loss': 47.288157151025885, 'test_acc': 9.57}, 5: {'train_loss': 14426.958708732358, 'test_acc': 11.35}, 6: {'train_loss': 4795.473507043087, 'test_acc': 11.35}, 7: {'train_loss': 1800.3425840921532, 'test_acc': 10.09}, 8: {'train_loss': 25965.2342872191, 'test_acc': 9.57}, 9: {'train_loss': 386.0024397969246, 'test_acc': 11.35}}, 'server': {'test_acc': 10.09}}, 18: {'time': 1298.6865220370019, 'parties': {0: {'train_loss': 53504.57275390625, 'test_acc': 9.74}, 1: {'train_loss': 15978.437158791416, 'test_acc': 9.82}, 2: {'train_loss': 15.486415576934814, 'test_acc': 11.35}, 3: {'train_loss': 2386.7263057314117, 'test_acc': 9.74}, 4: {'train_loss': 180.83637950233384, 'test_acc': 9.57}, 5: {'train_loss': 457624.2787298387, 'test_acc': 11.35}, 6: {'train_loss': 19307.65156693892, 'test_acc': 11.35}, 7: {'train_loss': 897.8368069747994, 'test_acc': 10.09}, 8: {'train_loss': 12878.165680960323, 'test_acc': 9.57}, 9: {'train_loss': 1504.4975765546162, 'test_acc': 11.35}}, 'server': {'test_acc': 11.35}}, 19: {'time': 1368.132660397001, 'parties': {0: {'train_loss': 15698.237701416016, 'test_acc': 9.74}, 1: {'train_loss': 300311.7265625, 'test_acc': 9.82}, 2: {'train_loss': 29.955766229970113, 'test_acc': 11.35}, 3: {'train_loss': 5501.450843325977, 'test_acc': 9.74}, 4: {'train_loss': 422.32108767359864, 'test_acc': 9.57}, 5: {'train_loss': 1075125.2328629033, 'test_acc': 11.35}, 6: {'train_loss': 44794.470865885414, 'test_acc': 11.35}, 7: {'train_loss': 2112.6645197113176, 'test_acc': 10.09}, 8: {'train_loss': 30175.63342696629, 'test_acc': 9.57}, 9: {'train_loss': 3518.0994379520416, 'test_acc': 11.35}}, 'server': {'test_acc': 9.57}}, 20: {'time': 1436.5772933519984, 'parties': {0: {'train_loss': 125438.72900390625, 'test_acc': 9.74}, 1: {'train_loss': 37555.92798145708, 'test_acc': 9.82}, 2: {'train_loss': 29.81649601459503, 'test_acc': 11.35}, 3: {'train_loss': 5900.922203327047, 'test_acc': 9.74}, 4: {'train_loss': 421.85528249015994, 'test_acc': 9.57}, 5: {'train_loss': 1074488.963205645, 'test_acc': 11.35}, 6: {'train_loss': 44693.471428148674, 'test_acc': 11.35}, 7: {'train_loss': 2110.1787992624136, 'test_acc': 10.09}, 8: {'train_loss': 30191.696321980337, 'test_acc': 9.57}, 9: {'train_loss': 3521.7196044921875, 'test_acc': 11.35}}, 'server': {'test_acc': 9.74}}, 21: {'time': 1504.1395624720026, 'parties': {0: {'train_loss': 399165.9410807292, 'test_acc': 9.74}, 1: {'train_loss': 119228.3576807229, 'test_acc': 9.82}, 2: {'train_loss': 90.27249721799578, 'test_acc': 11.35}, 3: {'train_loss': 142295.0765086207, 'test_acc': 9.74}, 4: {'train_loss': 1337.0752119807637, 'test_acc': 9.57}, 5: {'train_loss': 426741.7361391129, 'test_acc': 11.35}, 6: {'train_loss': 142000.32167376895, 'test_acc': 11.35}, 7: {'train_loss': 6723.74081365663, 'test_acc': 10.09}, 8: {'train_loss': 96330.2375790028, 'test_acc': 9.57}, 9: {'train_loss': 11191.574546178183, 'test_acc': 11.35}}, 'server': {'test_acc': 9.74}}, 22: {'time': 1573.2608817350047, 'parties': {0: {'train_loss': 139205.0919596354, 'test_acc': 9.74}, 1: {'train_loss': 332994.8645519578, 'test_acc': 9.82}, 2: {'train_loss': 250.07239899294717, 'test_acc': 11.35}, 3: {'train_loss': 50602.54182381465, 'test_acc': 9.74}, 4: {'train_loss': 3735.162989900393, 'test_acc': 9.57}, 5: {'train_loss': 1193086.9304435484, 'test_acc': 11.35}, 6: {'train_loss': 399137.1161221591, 'test_acc': 9.74}, 7: {'train_loss': 150643.3299521882, 'test_acc': 9.74}, 8: {'train_loss': 268215.4195049157, 'test_acc': 9.57}, 9: {'train_loss': 250252.11458333334, 'test_acc': 11.35}}, 'server': {'test_acc': 11.35}}, 23: {'time': 1642.3423299600036, 'parties': {0: {'train_loss': 297031.01774088544, 'test_acc': 9.74}, 1: {'train_loss': 5687225.290662651, 'test_acc': 9.82}, 2: {'train_loss': 530.9164465733937, 'test_acc': 11.35}, 3: {'train_loss': 104048.44165220343, 'test_acc': 10.09}, 4: {'train_loss': 7958.406783923215, 'test_acc': 9.57}, 5: {'train_loss': 2542928.1411290322, 'test_acc': 11.35}, 6: {'train_loss': 845909.9810606061, 'test_acc': 11.35}, 7: {'train_loss': 40191.08942092274, 'test_acc': 10.09}, 8: {'train_loss': 4576397.707865168, 'test_acc': 9.57}, 9: {'train_loss': 66587.03659184773, 'test_acc': 11.35}}, 'server': {'test_acc': 11.35}}, 24: {'time': 1710.1414354910012, 'parties': {0: {'train_loss': 833302.796875, 'test_acc': 9.74}, 1: {'train_loss': 1993026.1069277108, 'test_acc': 9.82}, 2: {'train_loss': 1523.0665457589287, 'test_acc': 11.35}, 3: {'train_loss': 2421844.521551724, 'test_acc': 9.74}, 4: {'train_loss': 22337.096257319638, 'test_acc': 9.57}, 5: {'train_loss': 7139070.411290322, 'test_acc': 11.35}, 6: {'train_loss': 2391331.5303030303, 'test_acc': 11.35}, 7: {'train_loss': 112799.11818615667, 'test_acc': 10.09}, 8: {'train_loss': 1609421.6039325842, 'test_acc': 9.57}, 9: {'train_loss': 1495300.0338541667, 'test_acc': 11.35}}, 'server': {'test_acc': 11.35}}, 25: {'time': 1779.3006529760023, 'parties': {0: {'train_loss': 2329140.6041666665, 'test_acc': 9.74}, 1: {'train_loss': 5573862.176204819, 'test_acc': 11.35}, 2: {'train_loss': 4256.235668945313, 'test_acc': 11.35}, 3: {'train_loss': 846407.2984913794, 'test_acc': 9.74}, 4: {'train_loss': 62527.91512863776, 'test_acc': 9.57}, 5: {'train_loss': 159710407.22580644, 'test_acc': 11.35}, 6: {'train_loss': 6626068.636363637, 'test_acc': 11.35}, 7: {'train_loss': 2522482.1239748304, 'test_acc': 11.35}, 8: {'train_loss': 4482780.448033708, 'test_acc': 9.57}, 9: {'train_loss': 522014.51743570965, 'test_acc': 11.35}}, 'server': {'test_acc': 11.35}}, 26: {'time': 1847.4714748170009, 'parties': {0: {'train_loss': 88622569.33333333, 'test_acc': 9.74}, 1: {'train_loss': 26504673.68674699, 'test_acc': 11.35}, 2: {'train_loss': 19680.786776351928, 'test_acc': 11.35}, 3: {'train_loss': 4168125.0517241377, 'test_acc': 11.35}, 4: {'train_loss': 297100.02003779367, 'test_acc': 9.57}, 5: {'train_loss': 94996875.87096775, 'test_acc': 11.35}, 6: {'train_loss': 253578685.57575756, 'test_acc': 11.35}, 7: {'train_loss': 1501721.432709983, 'test_acc': 11.35}, 8: {'train_loss': 21437874.292134833, 'test_acc': 11.35}, 9: {'train_loss': 2489923.4760742188, 'test_acc': 11.35}}, 'server': {'test_acc': 11.35}}, 27: {'time': 1915.2759698279988, 'parties': {0: {'train_loss': 26934155.270833332, 'test_acc': 11.35}, 1: {'train_loss': 64398454.240963854, 'test_acc': 11.35}, 2: {'train_loss': 393641.37589285715, 'test_acc': 11.35}, 3: {'train_loss': 9441956.908946136, 'test_acc': 11.35}, 4: {'train_loss': 722401.1901245351, 'test_acc': 11.35}, 5: {'train_loss': 230860530.96774194, 'test_acc': 11.35}, 6: {'train_loss': 77459599.21212122, 'test_acc': 11.35}, 7: {'train_loss': 3645517.910350679, 'test_acc': 11.35}, 8: {'train_loss': 412793825.8876405, 'test_acc': 11.35}, 9: {'train_loss': 6053938.979573567, 'test_acc': 11.35}}, 'server': {'test_acc': 11.35}}, 28: {'time': 1982.7314519950014, 'parties': {0: {'train_loss': 26912400.708333332, 'test_acc': 9.74}, 1: {'train_loss': 64367695.807228915, 'test_acc': 11.35}, 2: {'train_loss': 50563.81941964286, 'test_acc': 11.35}, 3: {'train_loss': 76870926.20689656, 'test_acc': 11.35}, 4: {'train_loss': 5773319.436200371, 'test_acc': 11.35}, 5: {'train_loss': 230693191.61290324, 'test_acc': 11.35}, 6: {'train_loss': 76568142.53030303, 'test_acc': 11.35}, 7: {'train_loss': 3643660.5789734162, 'test_acc': 11.35}, 8: {'train_loss': 51839747.640449435, 'test_acc': 11.35}, 9: {'train_loss': 6032314.201334636, 'test_acc': 11.35}}, 'server': {'test_acc': 11.35}}, 29: {'time': 2051.726477451004, 'parties': {0: {'train_loss': 215244058.16666666, 'test_acc': 11.35}, 1: {'train_loss': 64358215.77108434, 'test_acc': 11.35}, 2: {'train_loss': 49173.16456473214, 'test_acc': 11.35}, 3: {'train_loss': 9775599.939655172, 'test_acc': 11.35}, 4: {'train_loss': 721310.8472472499, 'test_acc': 9.57}, 5: {'train_loss': 230534995.22580644, 'test_acc': 11.35}, 6: {'train_loss': 77646732.87878788, 'test_acc': 11.35}, 7: {'train_loss': 29095754.53167421, 'test_acc': 10.09}, 8: {'train_loss': 51723093.640449435, 'test_acc': 11.35}, 9: {'train_loss': 6036036.4651692705, 'test_acc': 11.35}}, 'server': {'test_acc': 10.09}}}
