2025-05-12 12:34:02,644 - INFO - util_sys - get_available_device - no preferred device is specified, using the available device for pythorch
2025-05-12 12:34:02,682 - INFO - util_sys - get_available_device - using cuda device for pythorch
2025-05-12 12:34:02,682 - INFO - util_sys - create_folder_if_not_exists - Folder './data/mnist/' already exists.
2025-05-12 12:34:02,735 - INFO - util_data - get_client_data - partitioning the data into non-IID setting
2025-05-12 12:34:03,988 - INFO - util_data - record_data_statistic - Client 0 - total training samples: 8123
2025-05-12 12:34:03,989 - INFO - util_data - record_data_statistic - Client 0 - training label distribution: defaultdict(<class 'int'>, {0: 130, 1: 2, 2: 330, 3: 37, 5: 391, 6: 2672, 8: 4095, 9: 466})
2025-05-12 12:34:04,287 - INFO - util_data - record_data_statistic - Client 1 - total training samples: 2389
2025-05-12 12:34:04,287 - INFO - util_data - record_data_statistic - Client 1 - training label distribution: defaultdict(<class 'int'>, {0: 1, 2: 5, 3: 42, 4: 735, 5: 913, 6: 272, 7: 414, 8: 5, 9: 2})
2025-05-12 12:34:04,477 - INFO - util_data - record_data_statistic - Client 2 - total training samples: 1531
2025-05-12 12:34:04,477 - INFO - util_data - record_data_statistic - Client 2 - training label distribution: defaultdict(<class 'int'>, {0: 816, 1: 42, 2: 147, 3: 113, 4: 192, 5: 22, 6: 31, 7: 45, 8: 116, 9: 7})
2025-05-12 12:34:05,374 - INFO - util_data - record_data_statistic - Client 3 - total training samples: 7285
2025-05-12 12:34:05,374 - INFO - util_data - record_data_statistic - Client 3 - training label distribution: defaultdict(<class 'int'>, {0: 667, 1: 166, 2: 669, 3: 4381, 4: 39, 5: 14, 6: 272, 7: 288, 8: 30, 9: 759})
2025-05-12 12:34:06,351 - INFO - util_data - record_data_statistic - Client 4 - total training samples: 7906
2025-05-12 12:34:06,351 - INFO - util_data - record_data_statistic - Client 4 - training label distribution: defaultdict(<class 'int'>, {0: 4, 1: 1264, 2: 3107, 4: 702, 5: 2133, 6: 412, 7: 81, 8: 73, 9: 130})
2025-05-12 12:34:07,081 - INFO - util_data - record_data_statistic - Client 5 - total training samples: 5867
2025-05-12 12:34:07,081 - INFO - util_data - record_data_statistic - Client 5 - training label distribution: defaultdict(<class 'int'>, {0: 3, 2: 485, 3: 11, 4: 2, 5: 269, 6: 2221, 7: 82, 8: 709, 9: 2085})
2025-05-12 12:34:07,707 - INFO - util_data - record_data_statistic - Client 6 - total training samples: 5033
2025-05-12 12:34:07,707 - INFO - util_data - record_data_statistic - Client 6 - training label distribution: defaultdict(<class 'int'>, {1: 31, 2: 64, 3: 3, 4: 506, 5: 4, 6: 1, 7: 4322, 8: 27, 9: 75})
2025-05-12 12:34:08,989 - INFO - util_data - record_data_statistic - Client 7 - total training samples: 10295
2025-05-12 12:34:08,989 - INFO - util_data - record_data_statistic - Client 7 - training label distribution: defaultdict(<class 'int'>, {0: 1824, 1: 5155, 2: 1108, 4: 1228, 5: 281, 6: 35, 7: 610, 8: 29, 9: 25})
2025-05-12 12:34:09,716 - INFO - util_data - record_data_statistic - Client 8 - total training samples: 5880
2025-05-12 12:34:09,716 - INFO - util_data - record_data_statistic - Client 8 - training label distribution: defaultdict(<class 'int'>, {0: 466, 1: 12, 2: 39, 3: 1488, 4: 228, 5: 61, 6: 1, 7: 421, 8: 766, 9: 2398})
2025-05-12 12:34:10,418 - INFO - util_data - record_data_statistic - Client 9 - total training samples: 5691
2025-05-12 12:34:10,419 - INFO - util_data - record_data_statistic - Client 9 - training label distribution: defaultdict(<class 'int'>, {0: 2012, 1: 70, 2: 4, 3: 56, 4: 2210, 5: 1333, 6: 1, 7: 2, 8: 1, 9: 2})
2025-05-12 12:34:10,589 - INFO - fl - start - start the FL simulation
2025-05-12 12:34:10,589 - INFO - fl - start - start training round 0
2025-05-12 12:34:10,590 - INFO - fl - start - no attack at the round 0
2025-05-12 12:34:10,590 - INFO - fl - start - start client 0 training
2025-05-12 12:34:10,590 - INFO - fl - client_local_train - client 0 start local training ...
2025-05-12 12:34:17,389 - INFO - fl - start - end client 0 training
2025-05-12 12:34:17,389 - INFO - fl - start - client 0 evaluation metrics: {'train_loss': 0.06670962594537519, 'test_acc': 58.36}
2025-05-12 12:34:17,389 - INFO - fl - start - start client 1 training
2025-05-12 12:34:17,389 - INFO - fl - client_local_train - client 1 start local training ...
2025-05-12 12:34:20,279 - INFO - fl - start - end client 1 training
2025-05-12 12:34:20,279 - INFO - fl - start - client 1 evaluation metrics: {'train_loss': 0.12748729810118675, 'test_acc': 41.86}
2025-05-12 12:34:20,279 - INFO - fl - start - start client 2 training
2025-05-12 12:34:20,279 - INFO - fl - client_local_train - client 2 start local training ...
2025-05-12 12:34:22,589 - INFO - fl - start - end client 2 training
2025-05-12 12:34:22,589 - INFO - fl - start - client 2 evaluation metrics: {'train_loss': 0.5413462817668915, 'test_acc': 47.86}
2025-05-12 12:34:22,589 - INFO - fl - start - start client 3 training
2025-05-12 12:34:22,589 - INFO - fl - client_local_train - client 3 start local training ...
2025-05-12 12:34:28,592 - INFO - fl - start - end client 3 training
2025-05-12 12:34:28,592 - INFO - fl - start - client 3 evaluation metrics: {'train_loss': 0.11555921126222402, 'test_acc': 67.49}
2025-05-12 12:34:28,592 - INFO - fl - start - start client 4 training
2025-05-12 12:34:28,592 - INFO - fl - client_local_train - client 4 start local training ...
2025-05-12 12:34:34,983 - INFO - fl - start - end client 4 training
2025-05-12 12:34:34,983 - INFO - fl - start - client 4 evaluation metrics: {'train_loss': 0.07392216750210331, 'test_acc': 70.58}
2025-05-12 12:34:34,983 - INFO - fl - start - start client 5 training
2025-05-12 12:34:34,984 - INFO - fl - client_local_train - client 5 start local training ...
2025-05-12 12:34:40,084 - INFO - fl - start - end client 5 training
2025-05-12 12:34:40,084 - INFO - fl - start - client 5 evaluation metrics: {'train_loss': 0.10604101917503969, 'test_acc': 52.02}
2025-05-12 12:34:40,085 - INFO - fl - start - start client 6 training
2025-05-12 12:34:40,085 - INFO - fl - client_local_train - client 6 start local training ...
2025-05-12 12:34:44,663 - INFO - fl - start - end client 6 training
2025-05-12 12:34:44,663 - INFO - fl - start - client 6 evaluation metrics: {'train_loss': 0.10145903246689446, 'test_acc': 28.88}
2025-05-12 12:34:44,663 - INFO - fl - start - start client 7 training
2025-05-12 12:34:44,663 - INFO - fl - client_local_train - client 7 start local training ...
2025-05-12 12:34:52,547 - INFO - fl - start - end client 7 training
2025-05-12 12:34:52,547 - INFO - fl - start - client 7 evaluation metrics: {'train_loss': 0.06222052770082532, 'test_acc': 61.83}
2025-05-12 12:34:52,547 - INFO - fl - start - start client 8 training
2025-05-12 12:34:52,547 - INFO - fl - client_local_train - client 8 start local training ...
2025-05-12 12:34:57,621 - INFO - fl - start - end client 8 training
2025-05-12 12:34:57,621 - INFO - fl - start - client 8 evaluation metrics: {'train_loss': 0.11379065765472858, 'test_acc': 61.7}
2025-05-12 12:34:57,621 - INFO - fl - start - start client 9 training
2025-05-12 12:34:57,621 - INFO - fl - client_local_train - client 9 start local training ...
2025-05-12 12:35:02,572 - INFO - fl - start - end client 9 training
2025-05-12 12:35:02,572 - INFO - fl - start - client 9 evaluation metrics: {'train_loss': 0.04321560895677363, 'test_acc': 41.16}
2025-05-12 12:35:02,572 - INFO - fl - aggregate_model - start model aggregation...fusion method: dual_defense
2025-05-12 12:35:02,572 - INFO - fl - aggregate_model - start hyper-guard fusion with epsilon 0.01
2025-05-12 12:35:02,572 - INFO - fl - aggregate_model - round 0 attackers: []
2025-05-12 12:35:13,435 - DEBUG - util_fusion - fusion_dual_defense - client 0 scores: {0: array([153.88572039]), 1: array([180.59084239]), 2: array([210.31129797]), 3: array([155.29696043]), 4: array([151.72945364]), 5: array([160.46116933]), 6: array([195.65728478]), 7: array([154.51269557]), 8: array([153.9734449]), 9: array([172.28479215])}
2025-05-12 12:35:13,436 - DEBUG - util_fusion - fusion_dual_defense - client 0 norm scores: {0: array([0.03680776]), 1: array([0.49266781]), 2: array([1.]), 3: array([0.06089782]), 4: array([0.]), 5: array([0.14905157]), 6: array([0.74985401]), 7: array([0.04751032]), 8: array([0.03830523]), 9: array([0.35088241])}
2025-05-12 12:35:13,436 - DEBUG - util_fusion - fusion_dual_defense - client 0 similarity threshold: 0.2925976932496653
2025-05-12 12:35:13,436 - INFO - util_fusion - fusion_dual_defense - client 0 selected fusion benigns: [1, 2, 6, 9]
2025-05-12 12:35:13,445 - DEBUG - util_fusion - fusion_dual_defense - client 1 scores: {0: array([153.88572039]), 1: array([180.59084239]), 2: array([210.31129797]), 3: array([155.29696043]), 4: array([151.72945364]), 5: array([160.46116933]), 6: array([195.65728478]), 7: array([154.51269557]), 8: array([153.9734449]), 9: array([172.28479215])}
2025-05-12 12:35:13,445 - DEBUG - util_fusion - fusion_dual_defense - client 1 norm scores: {0: array([0.03680776]), 1: array([0.49266781]), 2: array([1.]), 3: array([0.06089782]), 4: array([0.]), 5: array([0.14905157]), 6: array([0.74985401]), 7: array([0.04751032]), 8: array([0.03830523]), 9: array([0.35088241])}
2025-05-12 12:35:13,445 - DEBUG - util_fusion - fusion_dual_defense - client 1 similarity threshold: 0.2925976932496653
2025-05-12 12:35:13,445 - INFO - util_fusion - fusion_dual_defense - client 1 selected fusion benigns: [1, 2, 6, 9]
2025-05-12 12:35:13,454 - DEBUG - util_fusion - fusion_dual_defense - client 2 scores: {0: array([153.88572039]), 1: array([180.59084239]), 2: array([210.31129797]), 3: array([155.29696043]), 4: array([151.72945364]), 5: array([160.46116933]), 6: array([195.65728478]), 7: array([154.51269557]), 8: array([153.9734449]), 9: array([172.28479215])}
2025-05-12 12:35:13,454 - DEBUG - util_fusion - fusion_dual_defense - client 2 norm scores: {0: array([0.03680776]), 1: array([0.49266781]), 2: array([1.]), 3: array([0.06089782]), 4: array([0.]), 5: array([0.14905157]), 6: array([0.74985401]), 7: array([0.04751032]), 8: array([0.03830523]), 9: array([0.35088241])}
2025-05-12 12:35:13,454 - DEBUG - util_fusion - fusion_dual_defense - client 2 similarity threshold: 0.2925976932496653
2025-05-12 12:35:13,455 - INFO - util_fusion - fusion_dual_defense - client 2 selected fusion benigns: [1, 2, 6, 9]
2025-05-12 12:35:13,463 - DEBUG - util_fusion - fusion_dual_defense - client 3 scores: {0: array([153.88572039]), 1: array([180.59084239]), 2: array([210.31129797]), 3: array([155.29696043]), 4: array([151.72945364]), 5: array([160.46116933]), 6: array([195.65728478]), 7: array([154.51269557]), 8: array([153.9734449]), 9: array([172.28479215])}
2025-05-12 12:35:13,464 - DEBUG - util_fusion - fusion_dual_defense - client 3 norm scores: {0: array([0.03680776]), 1: array([0.49266781]), 2: array([1.]), 3: array([0.06089782]), 4: array([0.]), 5: array([0.14905157]), 6: array([0.74985401]), 7: array([0.04751032]), 8: array([0.03830523]), 9: array([0.35088241])}
2025-05-12 12:35:13,464 - DEBUG - util_fusion - fusion_dual_defense - client 3 similarity threshold: 0.2925976932496653
2025-05-12 12:35:13,464 - INFO - util_fusion - fusion_dual_defense - client 3 selected fusion benigns: [1, 2, 6, 9]
2025-05-12 12:35:13,473 - DEBUG - util_fusion - fusion_dual_defense - client 4 scores: {0: array([153.88572039]), 1: array([180.59084239]), 2: array([210.31129797]), 3: array([155.29696043]), 4: array([151.72945364]), 5: array([160.46116933]), 6: array([195.65728478]), 7: array([154.51269557]), 8: array([153.9734449]), 9: array([172.28479215])}
2025-05-12 12:35:13,473 - DEBUG - util_fusion - fusion_dual_defense - client 4 norm scores: {0: array([0.03680776]), 1: array([0.49266781]), 2: array([1.]), 3: array([0.06089782]), 4: array([0.]), 5: array([0.14905157]), 6: array([0.74985401]), 7: array([0.04751032]), 8: array([0.03830523]), 9: array([0.35088241])}
2025-05-12 12:35:13,473 - DEBUG - util_fusion - fusion_dual_defense - client 4 similarity threshold: 0.2925976932496653
2025-05-12 12:35:13,473 - INFO - util_fusion - fusion_dual_defense - client 4 selected fusion benigns: [1, 2, 6, 9]
2025-05-12 12:35:13,482 - DEBUG - util_fusion - fusion_dual_defense - client 5 scores: {0: array([153.88572039]), 1: array([180.59084239]), 2: array([210.31129797]), 3: array([155.29696043]), 4: array([151.72945364]), 5: array([160.46116933]), 6: array([195.65728478]), 7: array([154.51269557]), 8: array([153.9734449]), 9: array([172.28479215])}
2025-05-12 12:35:13,482 - DEBUG - util_fusion - fusion_dual_defense - client 5 norm scores: {0: array([0.03680776]), 1: array([0.49266781]), 2: array([1.]), 3: array([0.06089782]), 4: array([0.]), 5: array([0.14905157]), 6: array([0.74985401]), 7: array([0.04751032]), 8: array([0.03830523]), 9: array([0.35088241])}
2025-05-12 12:35:13,482 - DEBUG - util_fusion - fusion_dual_defense - client 5 similarity threshold: 0.2925976932496653
2025-05-12 12:35:13,483 - INFO - util_fusion - fusion_dual_defense - client 5 selected fusion benigns: [1, 2, 6, 9]
2025-05-12 12:35:13,491 - DEBUG - util_fusion - fusion_dual_defense - client 6 scores: {0: array([153.88572039]), 1: array([180.59084239]), 2: array([210.31129797]), 3: array([155.29696043]), 4: array([151.72945364]), 5: array([160.46116933]), 6: array([195.65728478]), 7: array([154.51269557]), 8: array([153.9734449]), 9: array([172.28479215])}
2025-05-12 12:35:13,492 - DEBUG - util_fusion - fusion_dual_defense - client 6 norm scores: {0: array([0.03680776]), 1: array([0.49266781]), 2: array([1.]), 3: array([0.06089782]), 4: array([0.]), 5: array([0.14905157]), 6: array([0.74985401]), 7: array([0.04751032]), 8: array([0.03830523]), 9: array([0.35088241])}
2025-05-12 12:35:13,492 - DEBUG - util_fusion - fusion_dual_defense - client 6 similarity threshold: 0.2925976932496653
2025-05-12 12:35:13,492 - INFO - util_fusion - fusion_dual_defense - client 6 selected fusion benigns: [1, 2, 6, 9]
2025-05-12 12:35:13,502 - DEBUG - util_fusion - fusion_dual_defense - client 7 scores: {0: array([153.88572039]), 1: array([180.59084239]), 2: array([210.31129797]), 3: array([155.29696043]), 4: array([151.72945364]), 5: array([160.46116933]), 6: array([195.65728478]), 7: array([154.51269557]), 8: array([153.9734449]), 9: array([172.28479215])}
2025-05-12 12:35:13,503 - DEBUG - util_fusion - fusion_dual_defense - client 7 norm scores: {0: array([0.03680776]), 1: array([0.49266781]), 2: array([1.]), 3: array([0.06089782]), 4: array([0.]), 5: array([0.14905157]), 6: array([0.74985401]), 7: array([0.04751032]), 8: array([0.03830523]), 9: array([0.35088241])}
2025-05-12 12:35:13,503 - DEBUG - util_fusion - fusion_dual_defense - client 7 similarity threshold: 0.2925976932496653
2025-05-12 12:35:13,503 - INFO - util_fusion - fusion_dual_defense - client 7 selected fusion benigns: [1, 2, 6, 9]
2025-05-12 12:35:13,511 - DEBUG - util_fusion - fusion_dual_defense - client 8 scores: {0: array([153.88572039]), 1: array([180.59084239]), 2: array([210.31129797]), 3: array([155.29696043]), 4: array([151.72945364]), 5: array([160.46116933]), 6: array([195.65728478]), 7: array([154.51269557]), 8: array([153.9734449]), 9: array([172.28479215])}
2025-05-12 12:35:13,512 - DEBUG - util_fusion - fusion_dual_defense - client 8 norm scores: {0: array([0.03680776]), 1: array([0.49266781]), 2: array([1.]), 3: array([0.06089782]), 4: array([0.]), 5: array([0.14905157]), 6: array([0.74985401]), 7: array([0.04751032]), 8: array([0.03830523]), 9: array([0.35088241])}
2025-05-12 12:35:13,512 - DEBUG - util_fusion - fusion_dual_defense - client 8 similarity threshold: 0.2925976932496653
2025-05-12 12:35:13,512 - INFO - util_fusion - fusion_dual_defense - client 8 selected fusion benigns: [1, 2, 6, 9]
2025-05-12 12:35:13,521 - DEBUG - util_fusion - fusion_dual_defense - client 9 scores: {0: array([153.88572039]), 1: array([180.59084239]), 2: array([210.31129797]), 3: array([155.29696043]), 4: array([151.72945364]), 5: array([160.46116933]), 6: array([195.65728478]), 7: array([154.51269557]), 8: array([153.9734449]), 9: array([172.28479215])}
2025-05-12 12:35:13,521 - DEBUG - util_fusion - fusion_dual_defense - client 9 norm scores: {0: array([0.03680776]), 1: array([0.49266781]), 2: array([1.]), 3: array([0.06089782]), 4: array([0.]), 5: array([0.14905157]), 6: array([0.74985401]), 7: array([0.04751032]), 8: array([0.03830523]), 9: array([0.35088241])}
2025-05-12 12:35:13,521 - DEBUG - util_fusion - fusion_dual_defense - client 9 similarity threshold: 0.2925976932496653
2025-05-12 12:35:13,521 - INFO - util_fusion - fusion_dual_defense - client 9 selected fusion benigns: [1, 2, 6, 9]
2025-05-12 12:35:13,521 - DEBUG - util_fusion - fusion_dual_defense - final fusion benigns: (1, 2, 6, 9)
2025-05-12 12:35:15,178 - INFO - fl - start - global side -  test accuracy: 41.18
2025-05-12 12:35:15,178 - INFO - fl - start - global side iteration 0 -  test accuracy: 41.18
2025-05-12 12:35:15,178 - INFO - fl - start - start training round 1
2025-05-12 12:35:15,180 - INFO - fl - start - round 1 attackers: [4, 9]
2025-05-12 12:35:15,180 - INFO - fl - start - start client 0 training
2025-05-12 12:35:15,180 - INFO - fl - client_local_train - client 0 start local training ...
2025-05-12 12:35:21,728 - INFO - fl - start - end client 0 training
2025-05-12 12:35:21,728 - INFO - fl - start - client 0 evaluation metrics: {'train_loss': 0.04330130902441644, 'test_acc': 60.1}
2025-05-12 12:35:21,728 - INFO - fl - start - start client 1 training
2025-05-12 12:35:21,728 - INFO - fl - client_local_train - client 1 start local training ...
2025-05-12 12:35:24,603 - INFO - fl - start - end client 1 training
2025-05-12 12:35:24,603 - INFO - fl - start - client 1 evaluation metrics: {'train_loss': 0.05971536835606553, 'test_acc': 44.35}
2025-05-12 12:35:24,603 - INFO - fl - start - start client 2 training
2025-05-12 12:35:24,603 - INFO - fl - client_local_train - client 2 start local training ...
2025-05-12 12:35:26,922 - INFO - fl - start - end client 2 training
2025-05-12 12:35:26,922 - INFO - fl - start - client 2 evaluation metrics: {'train_loss': 0.1437004511244595, 'test_acc': 76.35}
2025-05-12 12:35:26,922 - INFO - fl - start - start client 3 training
2025-05-12 12:35:26,922 - INFO - fl - client_local_train - client 3 start local training ...
2025-05-12 12:35:32,904 - INFO - fl - start - end client 3 training
2025-05-12 12:35:32,904 - INFO - fl - start - client 3 evaluation metrics: {'train_loss': 0.07346334398658783, 'test_acc': 78.35}
2025-05-12 12:35:32,904 - INFO - fl - start - start client 4 training
2025-05-12 12:35:32,904 - INFO - fl - client_local_train - client 4 start local training ...
2025-05-12 12:35:36,901 - INFO - fl - client_local_train - client 4 is attacker, start poisoning model
2025-05-12 12:35:41,706 - INFO - fl - start - end client 4 training
2025-05-12 12:35:41,707 - INFO - fl - start - client 4 evaluation metrics: {'train_loss': 137.15484797570014, 'test_acc': 72.39}
2025-05-12 12:35:41,707 - INFO - fl - start - start client 5 training
2025-05-12 12:35:41,707 - INFO - fl - client_local_train - client 5 start local training ...
2025-05-12 12:35:46,787 - INFO - fl - start - end client 5 training
2025-05-12 12:35:46,787 - INFO - fl - start - client 5 evaluation metrics: {'train_loss': 0.07904769632074496, 'test_acc': 55.36}
2025-05-12 12:35:46,787 - INFO - fl - start - start client 6 training
2025-05-12 12:35:46,787 - INFO - fl - client_local_train - client 6 start local training ...
2025-05-12 12:35:51,339 - INFO - fl - start - end client 6 training
2025-05-12 12:35:51,339 - INFO - fl - start - client 6 evaluation metrics: {'train_loss': 0.04756272446859298, 'test_acc': 52.01}
2025-05-12 12:35:51,339 - INFO - fl - start - start client 7 training
2025-05-12 12:35:51,339 - INFO - fl - client_local_train - client 7 start local training ...
2025-05-12 12:35:59,236 - INFO - fl - start - end client 7 training
2025-05-12 12:35:59,237 - INFO - fl - start - client 7 evaluation metrics: {'train_loss': 0.04044305416827686, 'test_acc': 70.57}
2025-05-12 12:35:59,237 - INFO - fl - start - start client 8 training
2025-05-12 12:35:59,237 - INFO - fl - client_local_train - client 8 start local training ...
2025-05-12 12:36:04,333 - INFO - fl - start - end client 8 training
2025-05-12 12:36:04,333 - INFO - fl - start - client 8 evaluation metrics: {'train_loss': 0.10140822528173095, 'test_acc': 70.5}
2025-05-12 12:36:04,333 - INFO - fl - start - start client 9 training
2025-05-12 12:36:04,333 - INFO - fl - client_local_train - client 9 start local training ...
2025-05-12 12:36:07,188 - INFO - fl - client_local_train - client 9 is attacker, start poisoning model
2025-05-12 12:36:11,399 - INFO - fl - start - end client 9 training
2025-05-12 12:36:11,399 - INFO - fl - start - client 9 evaluation metrics: {'train_loss': 41.934347431311444, 'test_acc': 46.86}
2025-05-12 12:36:11,400 - INFO - fl - aggregate_model - start model aggregation...fusion method: dual_defense
2025-05-12 12:36:11,400 - INFO - fl - aggregate_model - start hyper-guard fusion with epsilon 0.01
2025-05-12 12:36:11,400 - INFO - fl - aggregate_model - round 1 attackers: [9, 4]
2025-05-12 12:36:22,163 - DEBUG - util_fusion - fusion_dual_defense - client 0 scores: {0: array([227.60198866]), 1: array([271.74677201]), 2: array([271.1955263]), 3: array([228.71258231]), 4: array([232.14094031]), 5: array([235.72054272]), 6: array([275.77579974]), 7: array([236.87416581]), 8: array([227.35945912]), 9: array([267.11120915])}
2025-05-12 12:36:22,163 - DEBUG - util_fusion - fusion_dual_defense - client 0 norm scores: {0: array([0.00500925]), 1: array([0.91678372]), 2: array([0.90539819]), 3: array([0.02794766]), 4: array([0.09875759]), 5: array([0.17269136]), 6: array([1.]), 7: array([0.1965185]), 8: array([0.]), 9: array([0.82103995])}
2025-05-12 12:36:22,164 - DEBUG - util_fusion - fusion_dual_defense - client 0 similarity threshold: 0.41441462188435557
2025-05-12 12:36:22,164 - INFO - util_fusion - fusion_dual_defense - client 0 selected fusion benigns: [1, 2, 6, 9]
2025-05-12 12:36:22,172 - DEBUG - util_fusion - fusion_dual_defense - client 1 scores: {0: array([227.60198866]), 1: array([271.74677201]), 2: array([271.1955263]), 3: array([228.71258231]), 4: array([232.14094031]), 5: array([235.72054272]), 6: array([275.77579974]), 7: array([236.87416581]), 8: array([227.35945912]), 9: array([267.11120915])}
2025-05-12 12:36:22,173 - DEBUG - util_fusion - fusion_dual_defense - client 1 norm scores: {0: array([0.00500925]), 1: array([0.91678372]), 2: array([0.90539819]), 3: array([0.02794766]), 4: array([0.09875759]), 5: array([0.17269136]), 6: array([1.]), 7: array([0.1965185]), 8: array([0.]), 9: array([0.82103995])}
2025-05-12 12:36:22,173 - DEBUG - util_fusion - fusion_dual_defense - client 1 similarity threshold: 0.41441462188435557
2025-05-12 12:36:22,173 - INFO - util_fusion - fusion_dual_defense - client 1 selected fusion benigns: [1, 2, 6, 9]
2025-05-12 12:36:22,181 - DEBUG - util_fusion - fusion_dual_defense - client 2 scores: {0: array([227.60198866]), 1: array([271.74677201]), 2: array([271.1955263]), 3: array([228.71258231]), 4: array([232.14094031]), 5: array([235.72054272]), 6: array([275.77579974]), 7: array([236.87416581]), 8: array([227.35945912]), 9: array([267.11120915])}
2025-05-12 12:36:22,182 - DEBUG - util_fusion - fusion_dual_defense - client 2 norm scores: {0: array([0.00500925]), 1: array([0.91678372]), 2: array([0.90539819]), 3: array([0.02794766]), 4: array([0.09875759]), 5: array([0.17269136]), 6: array([1.]), 7: array([0.1965185]), 8: array([0.]), 9: array([0.82103995])}
2025-05-12 12:36:22,182 - DEBUG - util_fusion - fusion_dual_defense - client 2 similarity threshold: 0.41441462188435557
2025-05-12 12:36:22,182 - INFO - util_fusion - fusion_dual_defense - client 2 selected fusion benigns: [1, 2, 6, 9]
2025-05-12 12:36:22,190 - DEBUG - util_fusion - fusion_dual_defense - client 3 scores: {0: array([227.60198866]), 1: array([271.74677201]), 2: array([271.1955263]), 3: array([228.71258231]), 4: array([232.14094031]), 5: array([235.72054272]), 6: array([275.77579974]), 7: array([236.87416581]), 8: array([227.35945912]), 9: array([267.11120915])}
2025-05-12 12:36:22,191 - DEBUG - util_fusion - fusion_dual_defense - client 3 norm scores: {0: array([0.00500925]), 1: array([0.91678372]), 2: array([0.90539819]), 3: array([0.02794766]), 4: array([0.09875759]), 5: array([0.17269136]), 6: array([1.]), 7: array([0.1965185]), 8: array([0.]), 9: array([0.82103995])}
2025-05-12 12:36:22,191 - DEBUG - util_fusion - fusion_dual_defense - client 3 similarity threshold: 0.41441462188435557
2025-05-12 12:36:22,191 - INFO - util_fusion - fusion_dual_defense - client 3 selected fusion benigns: [1, 2, 6, 9]
2025-05-12 12:36:22,199 - DEBUG - util_fusion - fusion_dual_defense - client 4 scores: {0: array([227.60198866]), 1: array([271.74677201]), 2: array([271.1955263]), 3: array([228.71258231]), 4: array([232.14094031]), 5: array([235.72054272]), 6: array([275.77579974]), 7: array([236.87416581]), 8: array([227.35945912]), 9: array([267.11120915])}
2025-05-12 12:36:22,200 - DEBUG - util_fusion - fusion_dual_defense - client 4 norm scores: {0: array([0.00500925]), 1: array([0.91678372]), 2: array([0.90539819]), 3: array([0.02794766]), 4: array([0.09875759]), 5: array([0.17269136]), 6: array([1.]), 7: array([0.1965185]), 8: array([0.]), 9: array([0.82103995])}
2025-05-12 12:36:22,200 - DEBUG - util_fusion - fusion_dual_defense - client 4 similarity threshold: 0.41441462188435557
2025-05-12 12:36:22,200 - INFO - util_fusion - fusion_dual_defense - client 4 selected fusion benigns: [1, 2, 6, 9]
2025-05-12 12:36:22,208 - DEBUG - util_fusion - fusion_dual_defense - client 5 scores: {0: array([227.60198866]), 1: array([271.74677201]), 2: array([271.1955263]), 3: array([228.71258231]), 4: array([232.14094031]), 5: array([235.72054272]), 6: array([275.77579974]), 7: array([236.87416581]), 8: array([227.35945912]), 9: array([267.11120915])}
2025-05-12 12:36:22,209 - DEBUG - util_fusion - fusion_dual_defense - client 5 norm scores: {0: array([0.00500925]), 1: array([0.91678372]), 2: array([0.90539819]), 3: array([0.02794766]), 4: array([0.09875759]), 5: array([0.17269136]), 6: array([1.]), 7: array([0.1965185]), 8: array([0.]), 9: array([0.82103995])}
2025-05-12 12:36:22,209 - DEBUG - util_fusion - fusion_dual_defense - client 5 similarity threshold: 0.41441462188435557
2025-05-12 12:36:22,209 - INFO - util_fusion - fusion_dual_defense - client 5 selected fusion benigns: [1, 2, 6, 9]
2025-05-12 12:36:22,217 - DEBUG - util_fusion - fusion_dual_defense - client 6 scores: {0: array([227.60198866]), 1: array([271.74677201]), 2: array([271.1955263]), 3: array([228.71258231]), 4: array([232.14094031]), 5: array([235.72054272]), 6: array([275.77579974]), 7: array([236.87416581]), 8: array([227.35945912]), 9: array([267.11120915])}
2025-05-12 12:36:22,218 - DEBUG - util_fusion - fusion_dual_defense - client 6 norm scores: {0: array([0.00500925]), 1: array([0.91678372]), 2: array([0.90539819]), 3: array([0.02794766]), 4: array([0.09875759]), 5: array([0.17269136]), 6: array([1.]), 7: array([0.1965185]), 8: array([0.]), 9: array([0.82103995])}
2025-05-12 12:36:22,218 - DEBUG - util_fusion - fusion_dual_defense - client 6 similarity threshold: 0.41441462188435557
2025-05-12 12:36:22,218 - INFO - util_fusion - fusion_dual_defense - client 6 selected fusion benigns: [1, 2, 6, 9]
2025-05-12 12:36:22,226 - DEBUG - util_fusion - fusion_dual_defense - client 7 scores: {0: array([227.60198866]), 1: array([271.74677201]), 2: array([271.1955263]), 3: array([228.71258231]), 4: array([232.14094031]), 5: array([235.72054272]), 6: array([275.77579974]), 7: array([236.87416581]), 8: array([227.35945912]), 9: array([267.11120915])}
2025-05-12 12:36:22,227 - DEBUG - util_fusion - fusion_dual_defense - client 7 norm scores: {0: array([0.00500925]), 1: array([0.91678372]), 2: array([0.90539819]), 3: array([0.02794766]), 4: array([0.09875759]), 5: array([0.17269136]), 6: array([1.]), 7: array([0.1965185]), 8: array([0.]), 9: array([0.82103995])}
2025-05-12 12:36:22,227 - DEBUG - util_fusion - fusion_dual_defense - client 7 similarity threshold: 0.41441462188435557
2025-05-12 12:36:22,227 - INFO - util_fusion - fusion_dual_defense - client 7 selected fusion benigns: [1, 2, 6, 9]
2025-05-12 12:36:22,235 - DEBUG - util_fusion - fusion_dual_defense - client 8 scores: {0: array([227.60198866]), 1: array([271.74677201]), 2: array([271.1955263]), 3: array([228.71258231]), 4: array([232.14094031]), 5: array([235.72054272]), 6: array([275.77579974]), 7: array([236.87416581]), 8: array([227.35945912]), 9: array([267.11120915])}
2025-05-12 12:36:22,236 - DEBUG - util_fusion - fusion_dual_defense - client 8 norm scores: {0: array([0.00500925]), 1: array([0.91678372]), 2: array([0.90539819]), 3: array([0.02794766]), 4: array([0.09875759]), 5: array([0.17269136]), 6: array([1.]), 7: array([0.1965185]), 8: array([0.]), 9: array([0.82103995])}
2025-05-12 12:36:22,236 - DEBUG - util_fusion - fusion_dual_defense - client 8 similarity threshold: 0.41441462188435557
2025-05-12 12:36:22,236 - INFO - util_fusion - fusion_dual_defense - client 8 selected fusion benigns: [1, 2, 6, 9]
2025-05-12 12:36:22,245 - DEBUG - util_fusion - fusion_dual_defense - client 9 scores: {0: array([227.60198866]), 1: array([271.74677201]), 2: array([271.1955263]), 3: array([228.71258231]), 4: array([232.14094031]), 5: array([235.72054272]), 6: array([275.77579974]), 7: array([236.87416581]), 8: array([227.35945912]), 9: array([267.11120915])}
2025-05-12 12:36:22,245 - DEBUG - util_fusion - fusion_dual_defense - client 9 norm scores: {0: array([0.00500925]), 1: array([0.91678372]), 2: array([0.90539819]), 3: array([0.02794766]), 4: array([0.09875759]), 5: array([0.17269136]), 6: array([1.]), 7: array([0.1965185]), 8: array([0.]), 9: array([0.82103995])}
2025-05-12 12:36:22,245 - DEBUG - util_fusion - fusion_dual_defense - client 9 similarity threshold: 0.41441462188435557
2025-05-12 12:36:22,245 - INFO - util_fusion - fusion_dual_defense - client 9 selected fusion benigns: [1, 2, 6, 9]
2025-05-12 12:36:22,245 - DEBUG - util_fusion - fusion_dual_defense - final fusion benigns: (1, 2, 6, 9)
2025-05-12 12:36:23,885 - INFO - fl - start - global side -  test accuracy: 51.9
2025-05-12 12:36:23,885 - INFO - fl - start - global side iteration 1 -  test accuracy: 51.9
2025-05-12 12:36:23,885 - INFO - fl - start - start training round 2
2025-05-12 12:36:23,887 - INFO - fl - start - round 2 attackers: [8, 0]
2025-05-12 12:36:23,887 - INFO - fl - start - start client 0 training
2025-05-12 12:36:23,887 - INFO - fl - client_local_train - client 0 start local training ...
2025-05-12 12:36:27,972 - INFO - fl - client_local_train - client 0 is attacker, start poisoning model
2025-05-12 12:36:32,840 - INFO - fl - start - end client 0 training
2025-05-12 12:36:32,840 - INFO - fl - start - client 0 evaluation metrics: {'train_loss': 30.59511219234917, 'test_acc': 9.74}
2025-05-12 12:36:32,840 - INFO - fl - start - start client 1 training
2025-05-12 12:36:32,840 - INFO - fl - client_local_train - client 1 start local training ...
2025-05-12 12:36:35,708 - INFO - fl - start - end client 1 training
2025-05-12 12:36:35,709 - INFO - fl - start - client 1 evaluation metrics: {'train_loss': 0.10615678254122797, 'test_acc': 43.53}
2025-05-12 12:36:35,709 - INFO - fl - start - start client 2 training
2025-05-12 12:36:35,709 - INFO - fl - client_local_train - client 2 start local training ...
2025-05-12 12:36:38,031 - INFO - fl - start - end client 2 training
2025-05-12 12:36:38,031 - INFO - fl - start - client 2 evaluation metrics: {'train_loss': 1.3971109290917714, 'test_acc': 17.32}
2025-05-12 12:36:38,031 - INFO - fl - start - start client 3 training
2025-05-12 12:36:38,031 - INFO - fl - client_local_train - client 3 start local training ...
2025-05-12 12:36:44,034 - INFO - fl - start - end client 3 training
2025-05-12 12:36:44,034 - INFO - fl - start - client 3 evaluation metrics: {'train_loss': 1.3834520902550012, 'test_acc': 10.1}
2025-05-12 12:36:44,035 - INFO - fl - start - start client 4 training
2025-05-12 12:36:44,035 - INFO - fl - client_local_train - client 4 start local training ...
2025-05-12 12:36:50,429 - INFO - fl - start - end client 4 training
2025-05-12 12:36:50,429 - INFO - fl - start - client 4 evaluation metrics: {'train_loss': 0.1750652142049324, 'test_acc': 52.71}
2025-05-12 12:36:50,429 - INFO - fl - start - start client 5 training
2025-05-12 12:36:50,429 - INFO - fl - client_local_train - client 5 start local training ...
2025-05-12 12:36:55,528 - INFO - fl - start - end client 5 training
2025-05-12 12:36:55,528 - INFO - fl - start - client 5 evaluation metrics: {'train_loss': 1.4353425891503044, 'test_acc': 9.58}
2025-05-12 12:36:55,536 - INFO - fl - start - start client 6 training
2025-05-12 12:36:55,536 - INFO - fl - client_local_train - client 6 start local training ...
2025-05-12 12:37:00,158 - INFO - fl - start - end client 6 training
2025-05-12 12:37:00,158 - INFO - fl - start - client 6 evaluation metrics: {'train_loss': 0.24082142939861817, 'test_acc': 24.05}
2025-05-12 12:37:00,158 - INFO - fl - start - start client 7 training
2025-05-12 12:37:00,158 - INFO - fl - client_local_train - client 7 start local training ...
2025-05-12 12:37:08,091 - INFO - fl - start - end client 7 training
2025-05-12 12:37:08,091 - INFO - fl - start - client 7 evaluation metrics: {'train_loss': 0.09862578837837306, 'test_acc': 58.87}
2025-05-12 12:37:08,091 - INFO - fl - start - start client 8 training
2025-05-12 12:37:08,091 - INFO - fl - client_local_train - client 8 start local training ...
2025-05-12 12:37:11,046 - INFO - fl - client_local_train - client 8 is attacker, start poisoning model
2025-05-12 12:37:15,316 - INFO - fl - start - end client 8 training
2025-05-12 12:37:15,317 - INFO - fl - start - client 8 evaluation metrics: {'train_loss': 45.44942758394324, 'test_acc': 10.09}
2025-05-12 12:37:15,317 - INFO - fl - start - start client 9 training
2025-05-12 12:37:15,317 - INFO - fl - client_local_train - client 9 start local training ...
2025-05-12 12:37:20,300 - INFO - fl - start - end client 9 training
2025-05-12 12:37:20,300 - INFO - fl - start - client 9 evaluation metrics: {'train_loss': 0.035992015653349564, 'test_acc': 41.1}
2025-05-12 12:37:20,300 - INFO - fl - aggregate_model - start model aggregation...fusion method: dual_defense
2025-05-12 12:37:20,300 - INFO - fl - aggregate_model - start hyper-guard fusion with epsilon 0.01
2025-05-12 12:37:20,300 - INFO - fl - aggregate_model - round 2 attackers: [8, 0]
2025-05-12 12:37:31,093 - DEBUG - util_fusion - fusion_dual_defense - client 0 scores: {0: array([165.19277367]), 1: array([352.99390739]), 2: array([300.61215279]), 3: array([233.50515226]), 4: array([317.15053184]), 5: array([141.45487922]), 6: array([270.41928334]), 7: array([455.22241768]), 8: array([113.79089958]), 9: array([491.82602849])}
2025-05-12 12:37:31,094 - DEBUG - util_fusion - fusion_dual_defense - client 0 norm scores: {0: array([0.13597116]), 1: array([0.63275339]), 2: array([0.49419019]), 3: array([0.31667494]), 4: array([0.53793845]), 5: array([0.07317833]), 6: array([0.4143223]), 7: array([0.90317405]), 8: array([0.]), 9: array([1.])}
2025-05-12 12:37:31,094 - DEBUG - util_fusion - fusion_dual_defense - client 0 similarity threshold: 0.45082028099661714
2025-05-12 12:37:31,094 - INFO - util_fusion - fusion_dual_defense - client 0 selected fusion benigns: [1, 2, 4, 7, 9]
2025-05-12 12:37:31,102 - DEBUG - util_fusion - fusion_dual_defense - client 1 scores: {0: array([165.19277367]), 1: array([352.99390739]), 2: array([300.61215279]), 3: array([233.50515226]), 4: array([317.15053184]), 5: array([141.45487922]), 6: array([270.41928334]), 7: array([455.22241768]), 8: array([113.79089958]), 9: array([491.82602849])}
2025-05-12 12:37:31,103 - DEBUG - util_fusion - fusion_dual_defense - client 1 norm scores: {0: array([0.13597116]), 1: array([0.63275339]), 2: array([0.49419019]), 3: array([0.31667494]), 4: array([0.53793845]), 5: array([0.07317833]), 6: array([0.4143223]), 7: array([0.90317405]), 8: array([0.]), 9: array([1.])}
2025-05-12 12:37:31,103 - DEBUG - util_fusion - fusion_dual_defense - client 1 similarity threshold: 0.45082028099661714
2025-05-12 12:37:31,103 - INFO - util_fusion - fusion_dual_defense - client 1 selected fusion benigns: [1, 2, 4, 7, 9]
2025-05-12 12:37:31,111 - DEBUG - util_fusion - fusion_dual_defense - client 2 scores: {0: array([165.19277367]), 1: array([352.99390739]), 2: array([300.61215279]), 3: array([233.50515226]), 4: array([317.15053184]), 5: array([141.45487922]), 6: array([270.41928334]), 7: array([455.22241768]), 8: array([113.79089958]), 9: array([491.82602849])}
2025-05-12 12:37:31,112 - DEBUG - util_fusion - fusion_dual_defense - client 2 norm scores: {0: array([0.13597116]), 1: array([0.63275339]), 2: array([0.49419019]), 3: array([0.31667494]), 4: array([0.53793845]), 5: array([0.07317833]), 6: array([0.4143223]), 7: array([0.90317405]), 8: array([0.]), 9: array([1.])}
2025-05-12 12:37:31,112 - DEBUG - util_fusion - fusion_dual_defense - client 2 similarity threshold: 0.45082028099661714
2025-05-12 12:37:31,112 - INFO - util_fusion - fusion_dual_defense - client 2 selected fusion benigns: [1, 2, 4, 7, 9]
2025-05-12 12:37:31,120 - DEBUG - util_fusion - fusion_dual_defense - client 3 scores: {0: array([165.19277367]), 1: array([352.99390739]), 2: array([300.61215279]), 3: array([233.50515226]), 4: array([317.15053184]), 5: array([141.45487922]), 6: array([270.41928334]), 7: array([455.22241768]), 8: array([113.79089958]), 9: array([491.82602849])}
2025-05-12 12:37:31,121 - DEBUG - util_fusion - fusion_dual_defense - client 3 norm scores: {0: array([0.13597116]), 1: array([0.63275339]), 2: array([0.49419019]), 3: array([0.31667494]), 4: array([0.53793845]), 5: array([0.07317833]), 6: array([0.4143223]), 7: array([0.90317405]), 8: array([0.]), 9: array([1.])}
2025-05-12 12:37:31,121 - DEBUG - util_fusion - fusion_dual_defense - client 3 similarity threshold: 0.45082028099661714
2025-05-12 12:37:31,121 - INFO - util_fusion - fusion_dual_defense - client 3 selected fusion benigns: [1, 2, 4, 7, 9]
2025-05-12 12:37:31,130 - DEBUG - util_fusion - fusion_dual_defense - client 4 scores: {0: array([165.19277367]), 1: array([352.99390739]), 2: array([300.61215279]), 3: array([233.50515226]), 4: array([317.15053184]), 5: array([141.45487922]), 6: array([270.41928334]), 7: array([455.22241768]), 8: array([113.79089958]), 9: array([491.82602849])}
2025-05-12 12:37:31,130 - DEBUG - util_fusion - fusion_dual_defense - client 4 norm scores: {0: array([0.13597116]), 1: array([0.63275339]), 2: array([0.49419019]), 3: array([0.31667494]), 4: array([0.53793845]), 5: array([0.07317833]), 6: array([0.4143223]), 7: array([0.90317405]), 8: array([0.]), 9: array([1.])}
2025-05-12 12:37:31,130 - DEBUG - util_fusion - fusion_dual_defense - client 4 similarity threshold: 0.45082028099661714
2025-05-12 12:37:31,130 - INFO - util_fusion - fusion_dual_defense - client 4 selected fusion benigns: [1, 2, 4, 7, 9]
2025-05-12 12:37:31,139 - DEBUG - util_fusion - fusion_dual_defense - client 5 scores: {0: array([165.19277367]), 1: array([352.99390739]), 2: array([300.61215279]), 3: array([233.50515226]), 4: array([317.15053184]), 5: array([141.45487922]), 6: array([270.41928334]), 7: array([455.22241768]), 8: array([113.79089958]), 9: array([491.82602849])}
2025-05-12 12:37:31,139 - DEBUG - util_fusion - fusion_dual_defense - client 5 norm scores: {0: array([0.13597116]), 1: array([0.63275339]), 2: array([0.49419019]), 3: array([0.31667494]), 4: array([0.53793845]), 5: array([0.07317833]), 6: array([0.4143223]), 7: array([0.90317405]), 8: array([0.]), 9: array([1.])}
2025-05-12 12:37:31,139 - DEBUG - util_fusion - fusion_dual_defense - client 5 similarity threshold: 0.45082028099661714
2025-05-12 12:37:31,139 - INFO - util_fusion - fusion_dual_defense - client 5 selected fusion benigns: [1, 2, 4, 7, 9]
2025-05-12 12:37:31,148 - DEBUG - util_fusion - fusion_dual_defense - client 6 scores: {0: array([165.19277367]), 1: array([352.99390739]), 2: array([300.61215279]), 3: array([233.50515226]), 4: array([317.15053184]), 5: array([141.45487922]), 6: array([270.41928334]), 7: array([455.22241768]), 8: array([113.79089958]), 9: array([491.82602849])}
2025-05-12 12:37:31,148 - DEBUG - util_fusion - fusion_dual_defense - client 6 norm scores: {0: array([0.13597116]), 1: array([0.63275339]), 2: array([0.49419019]), 3: array([0.31667494]), 4: array([0.53793845]), 5: array([0.07317833]), 6: array([0.4143223]), 7: array([0.90317405]), 8: array([0.]), 9: array([1.])}
2025-05-12 12:37:31,148 - DEBUG - util_fusion - fusion_dual_defense - client 6 similarity threshold: 0.45082028099661714
2025-05-12 12:37:31,148 - INFO - util_fusion - fusion_dual_defense - client 6 selected fusion benigns: [1, 2, 4, 7, 9]
2025-05-12 12:37:31,157 - DEBUG - util_fusion - fusion_dual_defense - client 7 scores: {0: array([165.19277367]), 1: array([352.99390739]), 2: array([300.61215279]), 3: array([233.50515226]), 4: array([317.15053184]), 5: array([141.45487922]), 6: array([270.41928334]), 7: array([455.22241768]), 8: array([113.79089958]), 9: array([491.82602849])}
2025-05-12 12:37:31,157 - DEBUG - util_fusion - fusion_dual_defense - client 7 norm scores: {0: array([0.13597116]), 1: array([0.63275339]), 2: array([0.49419019]), 3: array([0.31667494]), 4: array([0.53793845]), 5: array([0.07317833]), 6: array([0.4143223]), 7: array([0.90317405]), 8: array([0.]), 9: array([1.])}
2025-05-12 12:37:31,157 - DEBUG - util_fusion - fusion_dual_defense - client 7 similarity threshold: 0.45082028099661714
2025-05-12 12:37:31,157 - INFO - util_fusion - fusion_dual_defense - client 7 selected fusion benigns: [1, 2, 4, 7, 9]
2025-05-12 12:37:31,166 - DEBUG - util_fusion - fusion_dual_defense - client 8 scores: {0: array([165.19277367]), 1: array([352.99390739]), 2: array([300.61215279]), 3: array([233.50515226]), 4: array([317.15053184]), 5: array([141.45487922]), 6: array([270.41928334]), 7: array([455.22241768]), 8: array([113.79089958]), 9: array([491.82602849])}
2025-05-12 12:37:31,166 - DEBUG - util_fusion - fusion_dual_defense - client 8 norm scores: {0: array([0.13597116]), 1: array([0.63275339]), 2: array([0.49419019]), 3: array([0.31667494]), 4: array([0.53793845]), 5: array([0.07317833]), 6: array([0.4143223]), 7: array([0.90317405]), 8: array([0.]), 9: array([1.])}
2025-05-12 12:37:31,166 - DEBUG - util_fusion - fusion_dual_defense - client 8 similarity threshold: 0.45082028099661714
2025-05-12 12:37:31,166 - INFO - util_fusion - fusion_dual_defense - client 8 selected fusion benigns: [1, 2, 4, 7, 9]
2025-05-12 12:37:31,177 - DEBUG - util_fusion - fusion_dual_defense - client 9 scores: {0: array([165.19277367]), 1: array([352.99390739]), 2: array([300.61215279]), 3: array([233.50515226]), 4: array([317.15053184]), 5: array([141.45487922]), 6: array([270.41928334]), 7: array([455.22241768]), 8: array([113.79089958]), 9: array([491.82602849])}
2025-05-12 12:37:31,177 - DEBUG - util_fusion - fusion_dual_defense - client 9 norm scores: {0: array([0.13597116]), 1: array([0.63275339]), 2: array([0.49419019]), 3: array([0.31667494]), 4: array([0.53793845]), 5: array([0.07317833]), 6: array([0.4143223]), 7: array([0.90317405]), 8: array([0.]), 9: array([1.])}
2025-05-12 12:37:31,177 - DEBUG - util_fusion - fusion_dual_defense - client 9 similarity threshold: 0.45082028099661714
2025-05-12 12:37:31,177 - INFO - util_fusion - fusion_dual_defense - client 9 selected fusion benigns: [1, 2, 4, 7, 9]
2025-05-12 12:37:31,177 - DEBUG - util_fusion - fusion_dual_defense - final fusion benigns: (1, 2, 4, 7, 9)
2025-05-12 12:37:32,874 - INFO - fl - start - global side -  test accuracy: 25.47
2025-05-12 12:37:32,874 - INFO - fl - start - global side iteration 2 -  test accuracy: 25.47
2025-05-12 12:37:32,874 - INFO - fl - start - start training round 3
2025-05-12 12:37:32,876 - INFO - fl - start - round 3 attackers: [0, 9]
2025-05-12 12:37:32,876 - INFO - fl - start - start client 0 training
2025-05-12 12:37:32,876 - INFO - fl - client_local_train - client 0 start local training ...
2025-05-12 12:37:36,953 - INFO - fl - client_local_train - client 0 is attacker, start poisoning model
2025-05-12 12:37:41,828 - INFO - fl - start - end client 0 training
2025-05-12 12:37:41,828 - INFO - fl - start - client 0 evaluation metrics: {'train_loss': 221.0719878129133, 'test_acc': 56.53}
2025-05-12 12:37:41,828 - INFO - fl - start - start client 1 training
2025-05-12 12:37:41,828 - INFO - fl - client_local_train - client 1 start local training ...
2025-05-12 12:37:44,707 - INFO - fl - start - end client 1 training
2025-05-12 12:37:44,707 - INFO - fl - start - client 1 evaluation metrics: {'train_loss': 0.15476084799554787, 'test_acc': 36.83}
2025-05-12 12:37:44,707 - INFO - fl - start - start client 2 training
2025-05-12 12:37:44,707 - INFO - fl - client_local_train - client 2 start local training ...
2025-05-12 12:37:47,025 - INFO - fl - start - end client 2 training
2025-05-12 12:37:47,025 - INFO - fl - start - client 2 evaluation metrics: {'train_loss': 0.37663007403413457, 'test_acc': 59.91}
2025-05-12 12:37:47,025 - INFO - fl - start - start client 3 training
2025-05-12 12:37:47,025 - INFO - fl - client_local_train - client 3 start local training ...
2025-05-12 12:37:52,997 - INFO - fl - start - end client 3 training
2025-05-12 12:37:52,998 - INFO - fl - start - client 3 evaluation metrics: {'train_loss': 0.19929338297234817, 'test_acc': 61.67}
2025-05-12 12:37:52,998 - INFO - fl - start - start client 4 training
2025-05-12 12:37:52,998 - INFO - fl - client_local_train - client 4 start local training ...
2025-05-12 12:37:59,393 - INFO - fl - start - end client 4 training
2025-05-12 12:37:59,393 - INFO - fl - start - client 4 evaluation metrics: {'train_loss': 0.14538788419937895, 'test_acc': 61.52}
2025-05-12 12:37:59,393 - INFO - fl - start - start client 5 training
2025-05-12 12:37:59,393 - INFO - fl - client_local_train - client 5 start local training ...
2025-05-12 12:38:04,522 - INFO - fl - start - end client 5 training
2025-05-12 12:38:04,522 - INFO - fl - start - client 5 evaluation metrics: {'train_loss': 0.16894135818533276, 'test_acc': 51.53}
2025-05-12 12:38:04,522 - INFO - fl - start - start client 6 training
2025-05-12 12:38:04,522 - INFO - fl - client_local_train - client 6 start local training ...
2025-05-12 12:38:09,126 - INFO - fl - start - end client 6 training
2025-05-12 12:38:09,126 - INFO - fl - start - client 6 evaluation metrics: {'train_loss': 0.07074235593074862, 'test_acc': 37.9}
2025-05-12 12:38:09,126 - INFO - fl - start - start client 7 training
2025-05-12 12:38:09,126 - INFO - fl - client_local_train - client 7 start local training ...
2025-05-12 12:38:17,064 - INFO - fl - start - end client 7 training
2025-05-12 12:38:17,064 - INFO - fl - start - client 7 evaluation metrics: {'train_loss': 0.11034288889040118, 'test_acc': 58.23}
2025-05-12 12:38:17,064 - INFO - fl - start - start client 8 training
2025-05-12 12:38:17,064 - INFO - fl - client_local_train - client 8 start local training ...
2025-05-12 12:38:22,188 - INFO - fl - start - end client 8 training
2025-05-12 12:38:22,188 - INFO - fl - start - client 8 evaluation metrics: {'train_loss': 0.21994833842567776, 'test_acc': 58.7}
2025-05-12 12:38:22,188 - INFO - fl - start - start client 9 training
2025-05-12 12:38:22,188 - INFO - fl - client_local_train - client 9 start local training ...
2025-05-12 12:38:25,085 - INFO - fl - client_local_train - client 9 is attacker, start poisoning model
2025-05-12 12:38:29,322 - INFO - fl - start - end client 9 training
2025-05-12 12:38:29,322 - INFO - fl - start - client 9 evaluation metrics: {'train_loss': 140.5692427131567, 'test_acc': 38.02}
2025-05-12 12:38:29,322 - INFO - fl - aggregate_model - start model aggregation...fusion method: dual_defense
2025-05-12 12:38:29,322 - INFO - fl - aggregate_model - start hyper-guard fusion with epsilon 0.01
2025-05-12 12:38:29,322 - INFO - fl - aggregate_model - round 3 attackers: [0, 9]
2025-05-12 12:38:40,136 - DEBUG - util_fusion - fusion_dual_defense - client 0 scores: {0: array([319.49317911]), 1: array([320.75502744]), 2: array([319.80854218]), 3: array([322.08225384]), 4: array([318.40658729]), 5: array([320.92095111]), 6: array([319.67566437]), 7: array([316.44600246]), 8: array([321.18296033]), 9: array([320.08167216])}
2025-05-12 12:38:40,137 - DEBUG - util_fusion - fusion_dual_defense - client 0 norm scores: {0: array([0.54063888]), 1: array([0.76451966]), 2: array([0.59659151]), 3: array([1.]), 4: array([0.34785262]), 5: array([0.79395832]), 6: array([0.57301595]), 7: array([0.]), 8: array([0.84044475]), 9: array([0.64505102])}
2025-05-12 12:38:40,137 - DEBUG - util_fusion - fusion_dual_defense - client 0 similarity threshold: 0.6102072703433266
2025-05-12 12:38:40,137 - INFO - util_fusion - fusion_dual_defense - client 0 selected fusion benigns: [1, 3, 5, 8, 9]
2025-05-12 12:38:40,145 - DEBUG - util_fusion - fusion_dual_defense - client 1 scores: {0: array([319.49317911]), 1: array([320.75502744]), 2: array([319.80854218]), 3: array([322.08225384]), 4: array([318.40658729]), 5: array([320.92095111]), 6: array([319.67566437]), 7: array([316.44600246]), 8: array([321.18296033]), 9: array([320.08167216])}
2025-05-12 12:38:40,146 - DEBUG - util_fusion - fusion_dual_defense - client 1 norm scores: {0: array([0.54063888]), 1: array([0.76451966]), 2: array([0.59659151]), 3: array([1.]), 4: array([0.34785262]), 5: array([0.79395832]), 6: array([0.57301595]), 7: array([0.]), 8: array([0.84044475]), 9: array([0.64505102])}
2025-05-12 12:38:40,146 - DEBUG - util_fusion - fusion_dual_defense - client 1 similarity threshold: 0.6102072703433266
2025-05-12 12:38:40,146 - INFO - util_fusion - fusion_dual_defense - client 1 selected fusion benigns: [1, 3, 5, 8, 9]
2025-05-12 12:38:40,154 - DEBUG - util_fusion - fusion_dual_defense - client 2 scores: {0: array([319.49317911]), 1: array([320.75502744]), 2: array([319.80854218]), 3: array([322.08225384]), 4: array([318.40658729]), 5: array([320.92095111]), 6: array([319.67566437]), 7: array([316.44600246]), 8: array([321.18296033]), 9: array([320.08167216])}
2025-05-12 12:38:40,155 - DEBUG - util_fusion - fusion_dual_defense - client 2 norm scores: {0: array([0.54063888]), 1: array([0.76451966]), 2: array([0.59659151]), 3: array([1.]), 4: array([0.34785262]), 5: array([0.79395832]), 6: array([0.57301595]), 7: array([0.]), 8: array([0.84044475]), 9: array([0.64505102])}
2025-05-12 12:38:40,155 - DEBUG - util_fusion - fusion_dual_defense - client 2 similarity threshold: 0.6102072703433266
2025-05-12 12:38:40,155 - INFO - util_fusion - fusion_dual_defense - client 2 selected fusion benigns: [1, 3, 5, 8, 9]
2025-05-12 12:38:40,164 - DEBUG - util_fusion - fusion_dual_defense - client 3 scores: {0: array([319.49317911]), 1: array([320.75502744]), 2: array([319.80854218]), 3: array([322.08225384]), 4: array([318.40658729]), 5: array([320.92095111]), 6: array([319.67566437]), 7: array([316.44600246]), 8: array([321.18296033]), 9: array([320.08167216])}
2025-05-12 12:38:40,164 - DEBUG - util_fusion - fusion_dual_defense - client 3 norm scores: {0: array([0.54063888]), 1: array([0.76451966]), 2: array([0.59659151]), 3: array([1.]), 4: array([0.34785262]), 5: array([0.79395832]), 6: array([0.57301595]), 7: array([0.]), 8: array([0.84044475]), 9: array([0.64505102])}
2025-05-12 12:38:40,164 - DEBUG - util_fusion - fusion_dual_defense - client 3 similarity threshold: 0.6102072703433266
2025-05-12 12:38:40,164 - INFO - util_fusion - fusion_dual_defense - client 3 selected fusion benigns: [1, 3, 5, 8, 9]
2025-05-12 12:38:40,173 - DEBUG - util_fusion - fusion_dual_defense - client 4 scores: {0: array([319.49317911]), 1: array([320.75502744]), 2: array([319.80854218]), 3: array([322.08225384]), 4: array([318.40658729]), 5: array([320.92095111]), 6: array([319.67566437]), 7: array([316.44600246]), 8: array([321.18296033]), 9: array([320.08167216])}
2025-05-12 12:38:40,173 - DEBUG - util_fusion - fusion_dual_defense - client 4 norm scores: {0: array([0.54063888]), 1: array([0.76451966]), 2: array([0.59659151]), 3: array([1.]), 4: array([0.34785262]), 5: array([0.79395832]), 6: array([0.57301595]), 7: array([0.]), 8: array([0.84044475]), 9: array([0.64505102])}
2025-05-12 12:38:40,173 - DEBUG - util_fusion - fusion_dual_defense - client 4 similarity threshold: 0.6102072703433266
2025-05-12 12:38:40,174 - INFO - util_fusion - fusion_dual_defense - client 4 selected fusion benigns: [1, 3, 5, 8, 9]
2025-05-12 12:38:40,182 - DEBUG - util_fusion - fusion_dual_defense - client 5 scores: {0: array([319.49317911]), 1: array([320.75502744]), 2: array([319.80854218]), 3: array([322.08225384]), 4: array([318.40658729]), 5: array([320.92095111]), 6: array([319.67566437]), 7: array([316.44600246]), 8: array([321.18296033]), 9: array([320.08167216])}
2025-05-12 12:38:40,182 - DEBUG - util_fusion - fusion_dual_defense - client 5 norm scores: {0: array([0.54063888]), 1: array([0.76451966]), 2: array([0.59659151]), 3: array([1.]), 4: array([0.34785262]), 5: array([0.79395832]), 6: array([0.57301595]), 7: array([0.]), 8: array([0.84044475]), 9: array([0.64505102])}
2025-05-12 12:38:40,183 - DEBUG - util_fusion - fusion_dual_defense - client 5 similarity threshold: 0.6102072703433266
2025-05-12 12:38:40,183 - INFO - util_fusion - fusion_dual_defense - client 5 selected fusion benigns: [1, 3, 5, 8, 9]
2025-05-12 12:38:40,191 - DEBUG - util_fusion - fusion_dual_defense - client 6 scores: {0: array([319.49317911]), 1: array([320.75502744]), 2: array([319.80854218]), 3: array([322.08225384]), 4: array([318.40658729]), 5: array([320.92095111]), 6: array([319.67566437]), 7: array([316.44600246]), 8: array([321.18296033]), 9: array([320.08167216])}
2025-05-12 12:38:40,192 - DEBUG - util_fusion - fusion_dual_defense - client 6 norm scores: {0: array([0.54063888]), 1: array([0.76451966]), 2: array([0.59659151]), 3: array([1.]), 4: array([0.34785262]), 5: array([0.79395832]), 6: array([0.57301595]), 7: array([0.]), 8: array([0.84044475]), 9: array([0.64505102])}
2025-05-12 12:38:40,192 - DEBUG - util_fusion - fusion_dual_defense - client 6 similarity threshold: 0.6102072703433266
2025-05-12 12:38:40,192 - INFO - util_fusion - fusion_dual_defense - client 6 selected fusion benigns: [1, 3, 5, 8, 9]
2025-05-12 12:38:40,200 - DEBUG - util_fusion - fusion_dual_defense - client 7 scores: {0: array([319.49317911]), 1: array([320.75502744]), 2: array([319.80854218]), 3: array([322.08225384]), 4: array([318.40658729]), 5: array([320.92095111]), 6: array([319.67566437]), 7: array([316.44600246]), 8: array([321.18296033]), 9: array([320.08167216])}
2025-05-12 12:38:40,201 - DEBUG - util_fusion - fusion_dual_defense - client 7 norm scores: {0: array([0.54063888]), 1: array([0.76451966]), 2: array([0.59659151]), 3: array([1.]), 4: array([0.34785262]), 5: array([0.79395832]), 6: array([0.57301595]), 7: array([0.]), 8: array([0.84044475]), 9: array([0.64505102])}
2025-05-12 12:38:40,201 - DEBUG - util_fusion - fusion_dual_defense - client 7 similarity threshold: 0.6102072703433266
2025-05-12 12:38:40,201 - INFO - util_fusion - fusion_dual_defense - client 7 selected fusion benigns: [1, 3, 5, 8, 9]
2025-05-12 12:38:40,209 - DEBUG - util_fusion - fusion_dual_defense - client 8 scores: {0: array([319.49317911]), 1: array([320.75502744]), 2: array([319.80854218]), 3: array([322.08225384]), 4: array([318.40658729]), 5: array([320.92095111]), 6: array([319.67566437]), 7: array([316.44600246]), 8: array([321.18296033]), 9: array([320.08167216])}
2025-05-12 12:38:40,210 - DEBUG - util_fusion - fusion_dual_defense - client 8 norm scores: {0: array([0.54063888]), 1: array([0.76451966]), 2: array([0.59659151]), 3: array([1.]), 4: array([0.34785262]), 5: array([0.79395832]), 6: array([0.57301595]), 7: array([0.]), 8: array([0.84044475]), 9: array([0.64505102])}
2025-05-12 12:38:40,210 - DEBUG - util_fusion - fusion_dual_defense - client 8 similarity threshold: 0.6102072703433266
2025-05-12 12:38:40,210 - INFO - util_fusion - fusion_dual_defense - client 8 selected fusion benigns: [1, 3, 5, 8, 9]
2025-05-12 12:38:40,218 - DEBUG - util_fusion - fusion_dual_defense - client 9 scores: {0: array([319.49317911]), 1: array([320.75502744]), 2: array([319.80854218]), 3: array([322.08225384]), 4: array([318.40658729]), 5: array([320.92095111]), 6: array([319.67566437]), 7: array([316.44600246]), 8: array([321.18296033]), 9: array([320.08167216])}
2025-05-12 12:38:40,219 - DEBUG - util_fusion - fusion_dual_defense - client 9 norm scores: {0: array([0.54063888]), 1: array([0.76451966]), 2: array([0.59659151]), 3: array([1.]), 4: array([0.34785262]), 5: array([0.79395832]), 6: array([0.57301595]), 7: array([0.]), 8: array([0.84044475]), 9: array([0.64505102])}
2025-05-12 12:38:40,219 - DEBUG - util_fusion - fusion_dual_defense - client 9 similarity threshold: 0.6102072703433266
2025-05-12 12:38:40,219 - INFO - util_fusion - fusion_dual_defense - client 9 selected fusion benigns: [1, 3, 5, 8, 9]
2025-05-12 12:38:40,219 - DEBUG - util_fusion - fusion_dual_defense - final fusion benigns: (1, 3, 5, 8, 9)
2025-05-12 12:38:41,919 - INFO - fl - start - global side -  test accuracy: 47.7
2025-05-12 12:38:41,919 - INFO - fl - start - global side iteration 3 -  test accuracy: 47.7
2025-05-12 12:38:41,920 - INFO - fl - start - start training round 4
2025-05-12 12:38:41,921 - INFO - fl - start - round 4 attackers: [2, 5]
2025-05-12 12:38:41,921 - INFO - fl - start - start client 0 training
2025-05-12 12:38:41,922 - INFO - fl - client_local_train - client 0 start local training ...
2025-05-12 12:38:48,461 - INFO - fl - start - end client 0 training
2025-05-12 12:38:48,461 - INFO - fl - start - client 0 evaluation metrics: {'train_loss': 1.2553903878204467, 'test_acc': 9.74}
2025-05-12 12:38:48,461 - INFO - fl - start - start client 1 training
2025-05-12 12:38:48,461 - INFO - fl - client_local_train - client 1 start local training ...
2025-05-12 12:38:51,345 - INFO - fl - start - end client 1 training
2025-05-12 12:38:51,345 - INFO - fl - start - client 1 evaluation metrics: {'train_loss': 1.335050055855199, 'test_acc': 9.45}
2025-05-12 12:38:51,345 - INFO - fl - start - start client 2 training
2025-05-12 12:38:51,345 - INFO - fl - client_local_train - client 2 start local training ...
2025-05-12 12:38:52,125 - INFO - fl - client_local_train - client 2 is attacker, start poisoning model
2025-05-12 12:38:55,231 - INFO - fl - start - end client 2 training
2025-05-12 12:38:55,231 - INFO - fl - start - client 2 evaluation metrics: {'train_loss': 38.864457527796425, 'test_acc': 9.79}
2025-05-12 12:38:55,231 - INFO - fl - start - start client 3 training
2025-05-12 12:38:55,231 - INFO - fl - client_local_train - client 3 start local training ...
2025-05-12 12:39:01,224 - INFO - fl - start - end client 3 training
2025-05-12 12:39:01,224 - INFO - fl - start - client 3 evaluation metrics: {'train_loss': 1.4211100977763795, 'test_acc': 10.1}
2025-05-12 12:39:01,224 - INFO - fl - start - start client 4 training
2025-05-12 12:39:01,224 - INFO - fl - client_local_train - client 4 start local training ...
2025-05-12 12:39:07,649 - INFO - fl - start - end client 4 training
2025-05-12 12:39:07,649 - INFO - fl - start - client 4 evaluation metrics: {'train_loss': 1.5762022426051479, 'test_acc': 10.32}
2025-05-12 12:39:07,649 - INFO - fl - start - start client 5 training
2025-05-12 12:39:07,649 - INFO - fl - client_local_train - client 5 start local training ...
2025-05-12 12:39:10,659 - INFO - fl - client_local_train - client 5 is attacker, start poisoning model
2025-05-12 12:39:14,942 - INFO - fl - start - end client 5 training
2025-05-12 12:39:14,942 - INFO - fl - start - client 5 evaluation metrics: {'train_loss': 32.830609902091645, 'test_acc': 9.58}
2025-05-12 12:39:14,942 - INFO - fl - start - start client 6 training
2025-05-12 12:39:14,942 - INFO - fl - client_local_train - client 6 start local training ...
2025-05-12 12:39:19,540 - INFO - fl - start - end client 6 training
2025-05-12 12:39:19,540 - INFO - fl - start - client 6 evaluation metrics: {'train_loss': 0.5568421935733361, 'test_acc': 10.28}
2025-05-12 12:39:19,540 - INFO - fl - start - start client 7 training
2025-05-12 12:39:19,540 - INFO - fl - client_local_train - client 7 start local training ...
2025-05-12 12:39:27,478 - INFO - fl - start - end client 7 training
2025-05-12 12:39:27,478 - INFO - fl - start - client 7 evaluation metrics: {'train_loss': 1.4815788394916132, 'test_acc': 11.35}
2025-05-12 12:39:27,478 - INFO - fl - start - start client 8 training
2025-05-12 12:39:27,478 - INFO - fl - client_local_train - client 8 start local training ...
2025-05-12 12:39:32,576 - INFO - fl - start - end client 8 training
2025-05-12 12:39:32,576 - INFO - fl - start - client 8 evaluation metrics: {'train_loss': 1.603242226268934, 'test_acc': 10.09}
2025-05-12 12:39:32,576 - INFO - fl - start - start client 9 training
2025-05-12 12:39:32,576 - INFO - fl - client_local_train - client 9 start local training ...
2025-05-12 12:39:37,575 - INFO - fl - start - end client 9 training
2025-05-12 12:39:37,575 - INFO - fl - start - client 9 evaluation metrics: {'train_loss': 0.26069337355621747, 'test_acc': 29.3}
2025-05-12 12:39:37,584 - INFO - fl - aggregate_model - start model aggregation...fusion method: dual_defense
2025-05-12 12:39:37,584 - INFO - fl - aggregate_model - start hyper-guard fusion with epsilon 0.01
2025-05-12 12:39:37,584 - INFO - fl - aggregate_model - round 4 attackers: [2, 5]
2025-05-12 12:39:48,412 - DEBUG - util_fusion - fusion_dual_defense - client 0 scores: {0: array([397.40140548]), 1: array([402.39152537]), 2: array([401.5499335]), 3: array([400.73730347]), 4: array([400.85109766]), 5: array([399.02429514]), 6: array([398.97883042]), 7: array([400.89735574]), 8: array([398.32379106]), 9: array([406.37744325])}
2025-05-12 12:39:48,413 - DEBUG - util_fusion - fusion_dual_defense - client 0 norm scores: {0: array([0.]), 1: array([0.55593793]), 2: array([0.46217809]), 3: array([0.37164483]), 4: array([0.38432238]), 5: array([0.18080245]), 6: array([0.17573733]), 7: array([0.38947589]), 8: array([0.10276088]), 9: array([1.])}
2025-05-12 12:39:48,413 - DEBUG - util_fusion - fusion_dual_defense - client 0 similarity threshold: 0.36228597864784196
2025-05-12 12:39:48,413 - INFO - util_fusion - fusion_dual_defense - client 0 selected fusion benigns: [1, 2, 3, 4, 7, 9]
2025-05-12 12:39:48,422 - DEBUG - util_fusion - fusion_dual_defense - client 1 scores: {0: array([397.40140548]), 1: array([402.39152537]), 2: array([401.5499335]), 3: array([400.73730347]), 4: array([400.85109766]), 5: array([399.02429514]), 6: array([398.97883042]), 7: array([400.89735574]), 8: array([398.32379106]), 9: array([406.37744325])}
2025-05-12 12:39:48,422 - DEBUG - util_fusion - fusion_dual_defense - client 1 norm scores: {0: array([0.]), 1: array([0.55593793]), 2: array([0.46217809]), 3: array([0.37164483]), 4: array([0.38432238]), 5: array([0.18080245]), 6: array([0.17573733]), 7: array([0.38947589]), 8: array([0.10276088]), 9: array([1.])}
2025-05-12 12:39:48,423 - DEBUG - util_fusion - fusion_dual_defense - client 1 similarity threshold: 0.36228597864784196
2025-05-12 12:39:48,423 - INFO - util_fusion - fusion_dual_defense - client 1 selected fusion benigns: [1, 2, 3, 4, 7, 9]
2025-05-12 12:39:48,431 - DEBUG - util_fusion - fusion_dual_defense - client 2 scores: {0: array([397.40140548]), 1: array([402.39152537]), 2: array([401.5499335]), 3: array([400.73730347]), 4: array([400.85109766]), 5: array([399.02429514]), 6: array([398.97883042]), 7: array([400.89735574]), 8: array([398.32379106]), 9: array([406.37744325])}
2025-05-12 12:39:48,432 - DEBUG - util_fusion - fusion_dual_defense - client 2 norm scores: {0: array([0.]), 1: array([0.55593793]), 2: array([0.46217809]), 3: array([0.37164483]), 4: array([0.38432238]), 5: array([0.18080245]), 6: array([0.17573733]), 7: array([0.38947589]), 8: array([0.10276088]), 9: array([1.])}
2025-05-12 12:39:48,432 - DEBUG - util_fusion - fusion_dual_defense - client 2 similarity threshold: 0.36228597864784196
2025-05-12 12:39:48,432 - INFO - util_fusion - fusion_dual_defense - client 2 selected fusion benigns: [1, 2, 3, 4, 7, 9]
2025-05-12 12:39:48,440 - DEBUG - util_fusion - fusion_dual_defense - client 3 scores: {0: array([397.40140548]), 1: array([402.39152537]), 2: array([401.5499335]), 3: array([400.73730347]), 4: array([400.85109766]), 5: array([399.02429514]), 6: array([398.97883042]), 7: array([400.89735574]), 8: array([398.32379106]), 9: array([406.37744325])}
2025-05-12 12:39:48,441 - DEBUG - util_fusion - fusion_dual_defense - client 3 norm scores: {0: array([0.]), 1: array([0.55593793]), 2: array([0.46217809]), 3: array([0.37164483]), 4: array([0.38432238]), 5: array([0.18080245]), 6: array([0.17573733]), 7: array([0.38947589]), 8: array([0.10276088]), 9: array([1.])}
2025-05-12 12:39:48,441 - DEBUG - util_fusion - fusion_dual_defense - client 3 similarity threshold: 0.36228597864784196
2025-05-12 12:39:48,441 - INFO - util_fusion - fusion_dual_defense - client 3 selected fusion benigns: [1, 2, 3, 4, 7, 9]
2025-05-12 12:39:48,449 - DEBUG - util_fusion - fusion_dual_defense - client 4 scores: {0: array([397.40140548]), 1: array([402.39152537]), 2: array([401.5499335]), 3: array([400.73730347]), 4: array([400.85109766]), 5: array([399.02429514]), 6: array([398.97883042]), 7: array([400.89735574]), 8: array([398.32379106]), 9: array([406.37744325])}
2025-05-12 12:39:48,450 - DEBUG - util_fusion - fusion_dual_defense - client 4 norm scores: {0: array([0.]), 1: array([0.55593793]), 2: array([0.46217809]), 3: array([0.37164483]), 4: array([0.38432238]), 5: array([0.18080245]), 6: array([0.17573733]), 7: array([0.38947589]), 8: array([0.10276088]), 9: array([1.])}
2025-05-12 12:39:48,450 - DEBUG - util_fusion - fusion_dual_defense - client 4 similarity threshold: 0.36228597864784196
2025-05-12 12:39:48,450 - INFO - util_fusion - fusion_dual_defense - client 4 selected fusion benigns: [1, 2, 3, 4, 7, 9]
2025-05-12 12:39:48,458 - DEBUG - util_fusion - fusion_dual_defense - client 5 scores: {0: array([397.40140548]), 1: array([402.39152537]), 2: array([401.5499335]), 3: array([400.73730347]), 4: array([400.85109766]), 5: array([399.02429514]), 6: array([398.97883042]), 7: array([400.89735574]), 8: array([398.32379106]), 9: array([406.37744325])}
2025-05-12 12:39:48,459 - DEBUG - util_fusion - fusion_dual_defense - client 5 norm scores: {0: array([0.]), 1: array([0.55593793]), 2: array([0.46217809]), 3: array([0.37164483]), 4: array([0.38432238]), 5: array([0.18080245]), 6: array([0.17573733]), 7: array([0.38947589]), 8: array([0.10276088]), 9: array([1.])}
2025-05-12 12:39:48,459 - DEBUG - util_fusion - fusion_dual_defense - client 5 similarity threshold: 0.36228597864784196
2025-05-12 12:39:48,459 - INFO - util_fusion - fusion_dual_defense - client 5 selected fusion benigns: [1, 2, 3, 4, 7, 9]
2025-05-12 12:39:48,467 - DEBUG - util_fusion - fusion_dual_defense - client 6 scores: {0: array([397.40140548]), 1: array([402.39152537]), 2: array([401.5499335]), 3: array([400.73730347]), 4: array([400.85109766]), 5: array([399.02429514]), 6: array([398.97883042]), 7: array([400.89735574]), 8: array([398.32379106]), 9: array([406.37744325])}
2025-05-12 12:39:48,468 - DEBUG - util_fusion - fusion_dual_defense - client 6 norm scores: {0: array([0.]), 1: array([0.55593793]), 2: array([0.46217809]), 3: array([0.37164483]), 4: array([0.38432238]), 5: array([0.18080245]), 6: array([0.17573733]), 7: array([0.38947589]), 8: array([0.10276088]), 9: array([1.])}
2025-05-12 12:39:48,468 - DEBUG - util_fusion - fusion_dual_defense - client 6 similarity threshold: 0.36228597864784196
2025-05-12 12:39:48,468 - INFO - util_fusion - fusion_dual_defense - client 6 selected fusion benigns: [1, 2, 3, 4, 7, 9]
2025-05-12 12:39:48,476 - DEBUG - util_fusion - fusion_dual_defense - client 7 scores: {0: array([397.40140548]), 1: array([402.39152537]), 2: array([401.5499335]), 3: array([400.73730347]), 4: array([400.85109766]), 5: array([399.02429514]), 6: array([398.97883042]), 7: array([400.89735574]), 8: array([398.32379106]), 9: array([406.37744325])}
2025-05-12 12:39:48,477 - DEBUG - util_fusion - fusion_dual_defense - client 7 norm scores: {0: array([0.]), 1: array([0.55593793]), 2: array([0.46217809]), 3: array([0.37164483]), 4: array([0.38432238]), 5: array([0.18080245]), 6: array([0.17573733]), 7: array([0.38947589]), 8: array([0.10276088]), 9: array([1.])}
2025-05-12 12:39:48,477 - DEBUG - util_fusion - fusion_dual_defense - client 7 similarity threshold: 0.36228597864784196
2025-05-12 12:39:48,477 - INFO - util_fusion - fusion_dual_defense - client 7 selected fusion benigns: [1, 2, 3, 4, 7, 9]
2025-05-12 12:39:48,485 - DEBUG - util_fusion - fusion_dual_defense - client 8 scores: {0: array([397.40140548]), 1: array([402.39152537]), 2: array([401.5499335]), 3: array([400.73730347]), 4: array([400.85109766]), 5: array([399.02429514]), 6: array([398.97883042]), 7: array([400.89735574]), 8: array([398.32379106]), 9: array([406.37744325])}
2025-05-12 12:39:48,486 - DEBUG - util_fusion - fusion_dual_defense - client 8 norm scores: {0: array([0.]), 1: array([0.55593793]), 2: array([0.46217809]), 3: array([0.37164483]), 4: array([0.38432238]), 5: array([0.18080245]), 6: array([0.17573733]), 7: array([0.38947589]), 8: array([0.10276088]), 9: array([1.])}
2025-05-12 12:39:48,486 - DEBUG - util_fusion - fusion_dual_defense - client 8 similarity threshold: 0.36228597864784196
2025-05-12 12:39:48,486 - INFO - util_fusion - fusion_dual_defense - client 8 selected fusion benigns: [1, 2, 3, 4, 7, 9]
2025-05-12 12:39:48,494 - DEBUG - util_fusion - fusion_dual_defense - client 9 scores: {0: array([397.40140548]), 1: array([402.39152537]), 2: array([401.5499335]), 3: array([400.73730347]), 4: array([400.85109766]), 5: array([399.02429514]), 6: array([398.97883042]), 7: array([400.89735574]), 8: array([398.32379106]), 9: array([406.37744325])}
2025-05-12 12:39:48,495 - DEBUG - util_fusion - fusion_dual_defense - client 9 norm scores: {0: array([0.]), 1: array([0.55593793]), 2: array([0.46217809]), 3: array([0.37164483]), 4: array([0.38432238]), 5: array([0.18080245]), 6: array([0.17573733]), 7: array([0.38947589]), 8: array([0.10276088]), 9: array([1.])}
2025-05-12 12:39:48,495 - DEBUG - util_fusion - fusion_dual_defense - client 9 similarity threshold: 0.36228597864784196
2025-05-12 12:39:48,495 - INFO - util_fusion - fusion_dual_defense - client 9 selected fusion benigns: [1, 2, 3, 4, 7, 9]
2025-05-12 12:39:48,495 - DEBUG - util_fusion - fusion_dual_defense - final fusion benigns: (1, 2, 3, 4, 7, 9)
2025-05-12 12:39:50,249 - INFO - fl - start - global side -  test accuracy: 9.8
2025-05-12 12:39:50,249 - INFO - fl - start - global side iteration 4 -  test accuracy: 9.8
2025-05-12 12:39:50,249 - INFO - fl - start - start training round 5
2025-05-12 12:39:50,251 - INFO - fl - start - round 5 attackers: [2, 5]
2025-05-12 12:39:50,251 - INFO - fl - start - start client 0 training
2025-05-12 12:39:50,251 - INFO - fl - client_local_train - client 0 start local training ...
2025-05-12 12:39:56,806 - INFO - fl - start - end client 0 training
2025-05-12 12:39:56,806 - INFO - fl - start - client 0 evaluation metrics: {'train_loss': 1.251686729314759, 'test_acc': 9.74}
2025-05-12 12:39:56,806 - INFO - fl - start - start client 1 training
2025-05-12 12:39:56,806 - INFO - fl - client_local_train - client 1 start local training ...
2025-05-12 12:39:59,695 - INFO - fl - start - end client 1 training
2025-05-12 12:39:59,695 - INFO - fl - start - client 1 evaluation metrics: {'train_loss': 1.4664338764391447, 'test_acc': 8.92}
2025-05-12 12:39:59,695 - INFO - fl - start - start client 2 training
2025-05-12 12:39:59,695 - INFO - fl - client_local_train - client 2 start local training ...
2025-05-12 12:40:00,466 - INFO - fl - client_local_train - client 2 is attacker, start poisoning model
2025-05-12 12:40:03,563 - INFO - fl - start - end client 2 training
2025-05-12 12:40:03,563 - INFO - fl - start - client 2 evaluation metrics: {'train_loss': 33.51135023434957, 'test_acc': 9.79}
2025-05-12 12:40:03,563 - INFO - fl - start - start client 3 training
2025-05-12 12:40:03,564 - INFO - fl - client_local_train - client 3 start local training ...
2025-05-12 12:40:09,573 - INFO - fl - start - end client 3 training
2025-05-12 12:40:09,573 - INFO - fl - start - client 3 evaluation metrics: {'train_loss': 1.3889358284180624, 'test_acc': 10.1}
2025-05-12 12:40:09,573 - INFO - fl - start - start client 4 training
2025-05-12 12:40:09,573 - INFO - fl - client_local_train - client 4 start local training ...
2025-05-12 12:40:15,980 - INFO - fl - start - end client 4 training
2025-05-12 12:40:15,980 - INFO - fl - start - client 4 evaluation metrics: {'train_loss': 1.5674808265701416, 'test_acc': 10.32}
2025-05-12 12:40:15,980 - INFO - fl - start - start client 5 training
2025-05-12 12:40:15,980 - INFO - fl - client_local_train - client 5 start local training ...
2025-05-12 12:40:18,940 - INFO - fl - client_local_train - client 5 is attacker, start poisoning model
2025-05-12 12:40:23,221 - INFO - fl - start - end client 5 training
2025-05-12 12:40:23,221 - INFO - fl - start - client 5 evaluation metrics: {'train_loss': 34.16353190463522, 'test_acc': 9.58}
2025-05-12 12:40:23,221 - INFO - fl - start - start client 6 training
2025-05-12 12:40:23,221 - INFO - fl - client_local_train - client 6 start local training ...
2025-05-12 12:40:27,810 - INFO - fl - start - end client 6 training
2025-05-12 12:40:27,810 - INFO - fl - start - client 6 evaluation metrics: {'train_loss': 0.564675049314016, 'test_acc': 10.28}
2025-05-12 12:40:27,810 - INFO - fl - start - start client 7 training
2025-05-12 12:40:27,810 - INFO - fl - client_local_train - client 7 start local training ...
2025-05-12 12:40:35,756 - INFO - fl - start - end client 7 training
2025-05-12 12:40:35,756 - INFO - fl - start - client 7 evaluation metrics: {'train_loss': 1.4785734629779128, 'test_acc': 11.35}
2025-05-12 12:40:35,756 - INFO - fl - start - start client 8 training
2025-05-12 12:40:35,756 - INFO - fl - client_local_train - client 8 start local training ...
2025-05-12 12:40:40,868 - INFO - fl - start - end client 8 training
2025-05-12 12:40:40,868 - INFO - fl - start - client 8 evaluation metrics: {'train_loss': 1.6108230132123698, 'test_acc': 10.09}
2025-05-12 12:40:40,868 - INFO - fl - start - start client 9 training
2025-05-12 12:40:40,869 - INFO - fl - client_local_train - client 9 start local training ...
2025-05-12 12:40:45,856 - INFO - fl - start - end client 9 training
2025-05-12 12:40:45,856 - INFO - fl - start - client 9 evaluation metrics: {'train_loss': 1.204265235515123, 'test_acc': 9.82}
2025-05-12 12:40:45,856 - INFO - fl - aggregate_model - start model aggregation...fusion method: dual_defense
2025-05-12 12:40:45,856 - INFO - fl - aggregate_model - start hyper-guard fusion with epsilon 0.01
2025-05-12 12:40:45,856 - INFO - fl - aggregate_model - round 5 attackers: [2, 5]
2025-05-12 12:40:56,700 - DEBUG - util_fusion - fusion_dual_defense - client 0 scores: {0: array([146.23606689]), 1: array([146.36664417]), 2: array([146.29928923]), 3: array([146.36624924]), 4: array([146.38032251]), 5: array([146.24284023]), 6: array([146.46113827]), 7: array([146.42557443]), 8: array([146.33947487]), 9: array([146.33381034])}
2025-05-12 12:40:56,701 - DEBUG - util_fusion - fusion_dual_defense - client 0 norm scores: {0: array([0.]), 1: array([0.58015941]), 2: array([0.28089908]), 3: array([0.57840471]), 4: array([0.64093278]), 5: array([0.03009416]), 6: array([1.]), 7: array([0.84198863]), 8: array([0.45944526]), 9: array([0.43427758])}
2025-05-12 12:40:56,701 - DEBUG - util_fusion - fusion_dual_defense - client 0 similarity threshold: 0.4846201616888209
2025-05-12 12:40:56,701 - INFO - util_fusion - fusion_dual_defense - client 0 selected fusion benigns: [1, 3, 4, 6, 7]
2025-05-12 12:40:56,710 - DEBUG - util_fusion - fusion_dual_defense - client 1 scores: {0: array([146.23606689]), 1: array([146.36664417]), 2: array([146.29928923]), 3: array([146.36624924]), 4: array([146.38032251]), 5: array([146.24284023]), 6: array([146.46113827]), 7: array([146.42557443]), 8: array([146.33947487]), 9: array([146.33381034])}
2025-05-12 12:40:56,710 - DEBUG - util_fusion - fusion_dual_defense - client 1 norm scores: {0: array([0.]), 1: array([0.58015941]), 2: array([0.28089908]), 3: array([0.57840471]), 4: array([0.64093278]), 5: array([0.03009416]), 6: array([1.]), 7: array([0.84198863]), 8: array([0.45944526]), 9: array([0.43427758])}
2025-05-12 12:40:56,710 - DEBUG - util_fusion - fusion_dual_defense - client 1 similarity threshold: 0.4846201616888209
2025-05-12 12:40:56,710 - INFO - util_fusion - fusion_dual_defense - client 1 selected fusion benigns: [1, 3, 4, 6, 7]
2025-05-12 12:40:56,721 - DEBUG - util_fusion - fusion_dual_defense - client 2 scores: {0: array([146.23606689]), 1: array([146.36664417]), 2: array([146.29928923]), 3: array([146.36624924]), 4: array([146.38032251]), 5: array([146.24284023]), 6: array([146.46113827]), 7: array([146.42557443]), 8: array([146.33947487]), 9: array([146.33381034])}
2025-05-12 12:40:56,721 - DEBUG - util_fusion - fusion_dual_defense - client 2 norm scores: {0: array([0.]), 1: array([0.58015941]), 2: array([0.28089908]), 3: array([0.57840471]), 4: array([0.64093278]), 5: array([0.03009416]), 6: array([1.]), 7: array([0.84198863]), 8: array([0.45944526]), 9: array([0.43427758])}
2025-05-12 12:40:56,721 - DEBUG - util_fusion - fusion_dual_defense - client 2 similarity threshold: 0.4846201616888209
2025-05-12 12:40:56,721 - INFO - util_fusion - fusion_dual_defense - client 2 selected fusion benigns: [1, 3, 4, 6, 7]
2025-05-12 12:40:56,730 - DEBUG - util_fusion - fusion_dual_defense - client 3 scores: {0: array([146.23606689]), 1: array([146.36664417]), 2: array([146.29928923]), 3: array([146.36624924]), 4: array([146.38032251]), 5: array([146.24284023]), 6: array([146.46113827]), 7: array([146.42557443]), 8: array([146.33947487]), 9: array([146.33381034])}
2025-05-12 12:40:56,730 - DEBUG - util_fusion - fusion_dual_defense - client 3 norm scores: {0: array([0.]), 1: array([0.58015941]), 2: array([0.28089908]), 3: array([0.57840471]), 4: array([0.64093278]), 5: array([0.03009416]), 6: array([1.]), 7: array([0.84198863]), 8: array([0.45944526]), 9: array([0.43427758])}
2025-05-12 12:40:56,730 - DEBUG - util_fusion - fusion_dual_defense - client 3 similarity threshold: 0.4846201616888209
2025-05-12 12:40:56,731 - INFO - util_fusion - fusion_dual_defense - client 3 selected fusion benigns: [1, 3, 4, 6, 7]
2025-05-12 12:40:56,739 - DEBUG - util_fusion - fusion_dual_defense - client 4 scores: {0: array([146.23606689]), 1: array([146.36664417]), 2: array([146.29928923]), 3: array([146.36624924]), 4: array([146.38032251]), 5: array([146.24284023]), 6: array([146.46113827]), 7: array([146.42557443]), 8: array([146.33947487]), 9: array([146.33381034])}
2025-05-12 12:40:56,740 - DEBUG - util_fusion - fusion_dual_defense - client 4 norm scores: {0: array([0.]), 1: array([0.58015941]), 2: array([0.28089908]), 3: array([0.57840471]), 4: array([0.64093278]), 5: array([0.03009416]), 6: array([1.]), 7: array([0.84198863]), 8: array([0.45944526]), 9: array([0.43427758])}
2025-05-12 12:40:56,740 - DEBUG - util_fusion - fusion_dual_defense - client 4 similarity threshold: 0.4846201616888209
2025-05-12 12:40:56,740 - INFO - util_fusion - fusion_dual_defense - client 4 selected fusion benigns: [1, 3, 4, 6, 7]
2025-05-12 12:40:56,748 - DEBUG - util_fusion - fusion_dual_defense - client 5 scores: {0: array([146.23606689]), 1: array([146.36664417]), 2: array([146.29928923]), 3: array([146.36624924]), 4: array([146.38032251]), 5: array([146.24284023]), 6: array([146.46113827]), 7: array([146.42557443]), 8: array([146.33947487]), 9: array([146.33381034])}
2025-05-12 12:40:56,749 - DEBUG - util_fusion - fusion_dual_defense - client 5 norm scores: {0: array([0.]), 1: array([0.58015941]), 2: array([0.28089908]), 3: array([0.57840471]), 4: array([0.64093278]), 5: array([0.03009416]), 6: array([1.]), 7: array([0.84198863]), 8: array([0.45944526]), 9: array([0.43427758])}
2025-05-12 12:40:56,749 - DEBUG - util_fusion - fusion_dual_defense - client 5 similarity threshold: 0.4846201616888209
2025-05-12 12:40:56,749 - INFO - util_fusion - fusion_dual_defense - client 5 selected fusion benigns: [1, 3, 4, 6, 7]
2025-05-12 12:40:56,757 - DEBUG - util_fusion - fusion_dual_defense - client 6 scores: {0: array([146.23606689]), 1: array([146.36664417]), 2: array([146.29928923]), 3: array([146.36624924]), 4: array([146.38032251]), 5: array([146.24284023]), 6: array([146.46113827]), 7: array([146.42557443]), 8: array([146.33947487]), 9: array([146.33381034])}
2025-05-12 12:40:56,758 - DEBUG - util_fusion - fusion_dual_defense - client 6 norm scores: {0: array([0.]), 1: array([0.58015941]), 2: array([0.28089908]), 3: array([0.57840471]), 4: array([0.64093278]), 5: array([0.03009416]), 6: array([1.]), 7: array([0.84198863]), 8: array([0.45944526]), 9: array([0.43427758])}
2025-05-12 12:40:56,758 - DEBUG - util_fusion - fusion_dual_defense - client 6 similarity threshold: 0.4846201616888209
2025-05-12 12:40:56,758 - INFO - util_fusion - fusion_dual_defense - client 6 selected fusion benigns: [1, 3, 4, 6, 7]
2025-05-12 12:40:56,766 - DEBUG - util_fusion - fusion_dual_defense - client 7 scores: {0: array([146.23606689]), 1: array([146.36664417]), 2: array([146.29928923]), 3: array([146.36624924]), 4: array([146.38032251]), 5: array([146.24284023]), 6: array([146.46113827]), 7: array([146.42557443]), 8: array([146.33947487]), 9: array([146.33381034])}
2025-05-12 12:40:56,767 - DEBUG - util_fusion - fusion_dual_defense - client 7 norm scores: {0: array([0.]), 1: array([0.58015941]), 2: array([0.28089908]), 3: array([0.57840471]), 4: array([0.64093278]), 5: array([0.03009416]), 6: array([1.]), 7: array([0.84198863]), 8: array([0.45944526]), 9: array([0.43427758])}
2025-05-12 12:40:56,767 - DEBUG - util_fusion - fusion_dual_defense - client 7 similarity threshold: 0.4846201616888209
2025-05-12 12:40:56,767 - INFO - util_fusion - fusion_dual_defense - client 7 selected fusion benigns: [1, 3, 4, 6, 7]
2025-05-12 12:40:56,775 - DEBUG - util_fusion - fusion_dual_defense - client 8 scores: {0: array([146.23606689]), 1: array([146.36664417]), 2: array([146.29928923]), 3: array([146.36624924]), 4: array([146.38032251]), 5: array([146.24284023]), 6: array([146.46113827]), 7: array([146.42557443]), 8: array([146.33947487]), 9: array([146.33381034])}
2025-05-12 12:40:56,776 - DEBUG - util_fusion - fusion_dual_defense - client 8 norm scores: {0: array([0.]), 1: array([0.58015941]), 2: array([0.28089908]), 3: array([0.57840471]), 4: array([0.64093278]), 5: array([0.03009416]), 6: array([1.]), 7: array([0.84198863]), 8: array([0.45944526]), 9: array([0.43427758])}
2025-05-12 12:40:56,776 - DEBUG - util_fusion - fusion_dual_defense - client 8 similarity threshold: 0.4846201616888209
2025-05-12 12:40:56,776 - INFO - util_fusion - fusion_dual_defense - client 8 selected fusion benigns: [1, 3, 4, 6, 7]
2025-05-12 12:40:56,784 - DEBUG - util_fusion - fusion_dual_defense - client 9 scores: {0: array([146.23606689]), 1: array([146.36664417]), 2: array([146.29928923]), 3: array([146.36624924]), 4: array([146.38032251]), 5: array([146.24284023]), 6: array([146.46113827]), 7: array([146.42557443]), 8: array([146.33947487]), 9: array([146.33381034])}
2025-05-12 12:40:56,785 - DEBUG - util_fusion - fusion_dual_defense - client 9 norm scores: {0: array([0.]), 1: array([0.58015941]), 2: array([0.28089908]), 3: array([0.57840471]), 4: array([0.64093278]), 5: array([0.03009416]), 6: array([1.]), 7: array([0.84198863]), 8: array([0.45944526]), 9: array([0.43427758])}
2025-05-12 12:40:56,785 - DEBUG - util_fusion - fusion_dual_defense - client 9 similarity threshold: 0.4846201616888209
2025-05-12 12:40:56,785 - INFO - util_fusion - fusion_dual_defense - client 9 selected fusion benigns: [1, 3, 4, 6, 7]
2025-05-12 12:40:56,785 - DEBUG - util_fusion - fusion_dual_defense - final fusion benigns: (1, 3, 4, 6, 7)
2025-05-12 12:40:58,497 - INFO - fl - start - global side -  test accuracy: 9.82
2025-05-12 12:40:58,497 - INFO - fl - start - global side iteration 5 -  test accuracy: 9.82
2025-05-12 12:40:58,497 - INFO - fl - start - start training round 6
2025-05-12 12:40:58,499 - INFO - fl - start - round 6 attackers: [5, 7]
2025-05-12 12:40:58,499 - INFO - fl - start - start client 0 training
2025-05-12 12:40:58,499 - INFO - fl - client_local_train - client 0 start local training ...
2025-05-12 12:41:05,092 - INFO - fl - start - end client 0 training
2025-05-12 12:41:05,092 - INFO - fl - start - client 0 evaluation metrics: {'train_loss': 1.2580164276708767, 'test_acc': 9.74}
2025-05-12 12:41:05,092 - INFO - fl - start - start client 1 training
2025-05-12 12:41:05,092 - INFO - fl - client_local_train - client 1 start local training ...
2025-05-12 12:41:07,975 - INFO - fl - start - end client 1 training
2025-05-12 12:41:07,975 - INFO - fl - start - client 1 evaluation metrics: {'train_loss': 1.5216551705410606, 'test_acc': 8.92}
2025-05-12 12:41:07,975 - INFO - fl - start - start client 2 training
2025-05-12 12:41:07,975 - INFO - fl - client_local_train - client 2 start local training ...
2025-05-12 12:41:10,310 - INFO - fl - start - end client 2 training
2025-05-12 12:41:10,310 - INFO - fl - start - client 2 evaluation metrics: {'train_loss': 1.6306003232796986, 'test_acc': 9.8}
2025-05-12 12:41:10,310 - INFO - fl - start - start client 3 training
2025-05-12 12:41:10,311 - INFO - fl - client_local_train - client 3 start local training ...
2025-05-12 12:41:16,337 - INFO - fl - start - end client 3 training
2025-05-12 12:41:16,337 - INFO - fl - start - client 3 evaluation metrics: {'train_loss': 1.3912519028312282, 'test_acc': 10.1}
2025-05-12 12:41:16,337 - INFO - fl - start - start client 4 training
2025-05-12 12:41:16,337 - INFO - fl - client_local_train - client 4 start local training ...
2025-05-12 12:41:22,776 - INFO - fl - start - end client 4 training
2025-05-12 12:41:22,776 - INFO - fl - start - client 4 evaluation metrics: {'train_loss': 1.566281145618808, 'test_acc': 10.32}
2025-05-12 12:41:22,776 - INFO - fl - start - start client 5 training
2025-05-12 12:41:22,776 - INFO - fl - client_local_train - client 5 start local training ...
2025-05-12 12:41:25,743 - INFO - fl - client_local_train - client 5 is attacker, start poisoning model
2025-05-12 12:41:30,050 - INFO - fl - start - end client 5 training
2025-05-12 12:41:30,050 - INFO - fl - start - client 5 evaluation metrics: {'train_loss': 21.83546075095301, 'test_acc': 9.58}
2025-05-12 12:41:30,050 - INFO - fl - start - start client 6 training
2025-05-12 12:41:30,050 - INFO - fl - client_local_train - client 6 start local training ...
2025-05-12 12:41:34,647 - INFO - fl - start - end client 6 training
2025-05-12 12:41:34,647 - INFO - fl - start - client 6 evaluation metrics: {'train_loss': 0.5600913144365142, 'test_acc': 10.28}
2025-05-12 12:41:34,647 - INFO - fl - start - start client 7 training
2025-05-12 12:41:34,647 - INFO - fl - client_local_train - client 7 start local training ...
2025-05-12 12:41:39,848 - INFO - fl - client_local_train - client 7 is attacker, start poisoning model
2025-05-12 12:41:45,344 - INFO - fl - start - end client 7 training
2025-05-12 12:41:45,344 - INFO - fl - start - client 7 evaluation metrics: {'train_loss': 12.872629473668448, 'test_acc': 11.35}
2025-05-12 12:41:45,344 - INFO - fl - start - start client 8 training
2025-05-12 12:41:45,344 - INFO - fl - client_local_train - client 8 start local training ...
2025-05-12 12:41:50,472 - INFO - fl - start - end client 8 training
2025-05-12 12:41:50,472 - INFO - fl - start - client 8 evaluation metrics: {'train_loss': 1.6083601557690164, 'test_acc': 10.09}
2025-05-12 12:41:50,472 - INFO - fl - start - start client 9 training
2025-05-12 12:41:50,472 - INFO - fl - client_local_train - client 9 start local training ...
2025-05-12 12:41:55,501 - INFO - fl - start - end client 9 training
2025-05-12 12:41:55,501 - INFO - fl - start - client 9 evaluation metrics: {'train_loss': 1.2320092487870977, 'test_acc': 9.82}
2025-05-12 12:41:55,501 - INFO - fl - aggregate_model - start model aggregation...fusion method: dual_defense
2025-05-12 12:41:55,502 - INFO - fl - aggregate_model - start hyper-guard fusion with epsilon 0.01
2025-05-12 12:41:55,502 - INFO - fl - aggregate_model - round 6 attackers: [5, 7]
2025-05-12 12:42:06,356 - DEBUG - util_fusion - fusion_dual_defense - client 0 scores: {0: array([462.61617678]), 1: array([462.93490417]), 2: array([462.90547144]), 3: array([462.84596587]), 4: array([462.87208542]), 5: array([462.54611378]), 6: array([463.03173876]), 7: array([462.94584395]), 8: array([462.81463168]), 9: array([462.9779823])}
2025-05-12 12:42:06,357 - DEBUG - util_fusion - fusion_dual_defense - client 0 norm scores: {0: array([0.14427388]), 1: array([0.800598]), 2: array([0.73999006]), 3: array([0.61745608]), 4: array([0.67124151]), 5: array([0.]), 6: array([1.]), 7: array([0.82312522]), 8: array([0.55293263]), 9: array([0.88930458])}
2025-05-12 12:42:06,357 - DEBUG - util_fusion - fusion_dual_defense - client 0 similarity threshold: 0.6238921945050151
2025-05-12 12:42:06,357 - INFO - util_fusion - fusion_dual_defense - client 0 selected fusion benigns: [1, 2, 4, 6, 7, 9]
2025-05-12 12:42:06,366 - DEBUG - util_fusion - fusion_dual_defense - client 1 scores: {0: array([462.61617678]), 1: array([462.93490417]), 2: array([462.90547144]), 3: array([462.84596587]), 4: array([462.87208542]), 5: array([462.54611378]), 6: array([463.03173876]), 7: array([462.94584395]), 8: array([462.81463168]), 9: array([462.9779823])}
2025-05-12 12:42:06,366 - DEBUG - util_fusion - fusion_dual_defense - client 1 norm scores: {0: array([0.14427388]), 1: array([0.800598]), 2: array([0.73999006]), 3: array([0.61745608]), 4: array([0.67124151]), 5: array([0.]), 6: array([1.]), 7: array([0.82312522]), 8: array([0.55293263]), 9: array([0.88930458])}
2025-05-12 12:42:06,367 - DEBUG - util_fusion - fusion_dual_defense - client 1 similarity threshold: 0.6238921945050151
2025-05-12 12:42:06,367 - INFO - util_fusion - fusion_dual_defense - client 1 selected fusion benigns: [1, 2, 4, 6, 7, 9]
2025-05-12 12:42:06,375 - DEBUG - util_fusion - fusion_dual_defense - client 2 scores: {0: array([462.61617678]), 1: array([462.93490417]), 2: array([462.90547144]), 3: array([462.84596587]), 4: array([462.87208542]), 5: array([462.54611378]), 6: array([463.03173876]), 7: array([462.94584395]), 8: array([462.81463168]), 9: array([462.9779823])}
2025-05-12 12:42:06,376 - DEBUG - util_fusion - fusion_dual_defense - client 2 norm scores: {0: array([0.14427388]), 1: array([0.800598]), 2: array([0.73999006]), 3: array([0.61745608]), 4: array([0.67124151]), 5: array([0.]), 6: array([1.]), 7: array([0.82312522]), 8: array([0.55293263]), 9: array([0.88930458])}
2025-05-12 12:42:06,376 - DEBUG - util_fusion - fusion_dual_defense - client 2 similarity threshold: 0.6238921945050151
2025-05-12 12:42:06,376 - INFO - util_fusion - fusion_dual_defense - client 2 selected fusion benigns: [1, 2, 4, 6, 7, 9]
2025-05-12 12:42:06,384 - DEBUG - util_fusion - fusion_dual_defense - client 3 scores: {0: array([462.61617678]), 1: array([462.93490417]), 2: array([462.90547144]), 3: array([462.84596587]), 4: array([462.87208542]), 5: array([462.54611378]), 6: array([463.03173876]), 7: array([462.94584395]), 8: array([462.81463168]), 9: array([462.9779823])}
2025-05-12 12:42:06,385 - DEBUG - util_fusion - fusion_dual_defense - client 3 norm scores: {0: array([0.14427388]), 1: array([0.800598]), 2: array([0.73999006]), 3: array([0.61745608]), 4: array([0.67124151]), 5: array([0.]), 6: array([1.]), 7: array([0.82312522]), 8: array([0.55293263]), 9: array([0.88930458])}
2025-05-12 12:42:06,385 - DEBUG - util_fusion - fusion_dual_defense - client 3 similarity threshold: 0.6238921945050151
2025-05-12 12:42:06,385 - INFO - util_fusion - fusion_dual_defense - client 3 selected fusion benigns: [1, 2, 4, 6, 7, 9]
2025-05-12 12:42:06,393 - DEBUG - util_fusion - fusion_dual_defense - client 4 scores: {0: array([462.61617678]), 1: array([462.93490417]), 2: array([462.90547144]), 3: array([462.84596587]), 4: array([462.87208542]), 5: array([462.54611378]), 6: array([463.03173876]), 7: array([462.94584395]), 8: array([462.81463168]), 9: array([462.9779823])}
2025-05-12 12:42:06,394 - DEBUG - util_fusion - fusion_dual_defense - client 4 norm scores: {0: array([0.14427388]), 1: array([0.800598]), 2: array([0.73999006]), 3: array([0.61745608]), 4: array([0.67124151]), 5: array([0.]), 6: array([1.]), 7: array([0.82312522]), 8: array([0.55293263]), 9: array([0.88930458])}
2025-05-12 12:42:06,394 - DEBUG - util_fusion - fusion_dual_defense - client 4 similarity threshold: 0.6238921945050151
2025-05-12 12:42:06,394 - INFO - util_fusion - fusion_dual_defense - client 4 selected fusion benigns: [1, 2, 4, 6, 7, 9]
2025-05-12 12:42:06,402 - DEBUG - util_fusion - fusion_dual_defense - client 5 scores: {0: array([462.61617678]), 1: array([462.93490417]), 2: array([462.90547144]), 3: array([462.84596587]), 4: array([462.87208542]), 5: array([462.54611378]), 6: array([463.03173876]), 7: array([462.94584395]), 8: array([462.81463168]), 9: array([462.9779823])}
2025-05-12 12:42:06,403 - DEBUG - util_fusion - fusion_dual_defense - client 5 norm scores: {0: array([0.14427388]), 1: array([0.800598]), 2: array([0.73999006]), 3: array([0.61745608]), 4: array([0.67124151]), 5: array([0.]), 6: array([1.]), 7: array([0.82312522]), 8: array([0.55293263]), 9: array([0.88930458])}
2025-05-12 12:42:06,403 - DEBUG - util_fusion - fusion_dual_defense - client 5 similarity threshold: 0.6238921945050151
2025-05-12 12:42:06,403 - INFO - util_fusion - fusion_dual_defense - client 5 selected fusion benigns: [1, 2, 4, 6, 7, 9]
2025-05-12 12:42:06,411 - DEBUG - util_fusion - fusion_dual_defense - client 6 scores: {0: array([462.61617678]), 1: array([462.93490417]), 2: array([462.90547144]), 3: array([462.84596587]), 4: array([462.87208542]), 5: array([462.54611378]), 6: array([463.03173876]), 7: array([462.94584395]), 8: array([462.81463168]), 9: array([462.9779823])}
2025-05-12 12:42:06,412 - DEBUG - util_fusion - fusion_dual_defense - client 6 norm scores: {0: array([0.14427388]), 1: array([0.800598]), 2: array([0.73999006]), 3: array([0.61745608]), 4: array([0.67124151]), 5: array([0.]), 6: array([1.]), 7: array([0.82312522]), 8: array([0.55293263]), 9: array([0.88930458])}
2025-05-12 12:42:06,412 - DEBUG - util_fusion - fusion_dual_defense - client 6 similarity threshold: 0.6238921945050151
2025-05-12 12:42:06,412 - INFO - util_fusion - fusion_dual_defense - client 6 selected fusion benigns: [1, 2, 4, 6, 7, 9]
2025-05-12 12:42:06,420 - DEBUG - util_fusion - fusion_dual_defense - client 7 scores: {0: array([462.61617678]), 1: array([462.93490417]), 2: array([462.90547144]), 3: array([462.84596587]), 4: array([462.87208542]), 5: array([462.54611378]), 6: array([463.03173876]), 7: array([462.94584395]), 8: array([462.81463168]), 9: array([462.9779823])}
2025-05-12 12:42:06,421 - DEBUG - util_fusion - fusion_dual_defense - client 7 norm scores: {0: array([0.14427388]), 1: array([0.800598]), 2: array([0.73999006]), 3: array([0.61745608]), 4: array([0.67124151]), 5: array([0.]), 6: array([1.]), 7: array([0.82312522]), 8: array([0.55293263]), 9: array([0.88930458])}
2025-05-12 12:42:06,421 - DEBUG - util_fusion - fusion_dual_defense - client 7 similarity threshold: 0.6238921945050151
2025-05-12 12:42:06,421 - INFO - util_fusion - fusion_dual_defense - client 7 selected fusion benigns: [1, 2, 4, 6, 7, 9]
2025-05-12 12:42:06,429 - DEBUG - util_fusion - fusion_dual_defense - client 8 scores: {0: array([462.61617678]), 1: array([462.93490417]), 2: array([462.90547144]), 3: array([462.84596587]), 4: array([462.87208542]), 5: array([462.54611378]), 6: array([463.03173876]), 7: array([462.94584395]), 8: array([462.81463168]), 9: array([462.9779823])}
2025-05-12 12:42:06,430 - DEBUG - util_fusion - fusion_dual_defense - client 8 norm scores: {0: array([0.14427388]), 1: array([0.800598]), 2: array([0.73999006]), 3: array([0.61745608]), 4: array([0.67124151]), 5: array([0.]), 6: array([1.]), 7: array([0.82312522]), 8: array([0.55293263]), 9: array([0.88930458])}
2025-05-12 12:42:06,430 - DEBUG - util_fusion - fusion_dual_defense - client 8 similarity threshold: 0.6238921945050151
2025-05-12 12:42:06,430 - INFO - util_fusion - fusion_dual_defense - client 8 selected fusion benigns: [1, 2, 4, 6, 7, 9]
2025-05-12 12:42:06,438 - DEBUG - util_fusion - fusion_dual_defense - client 9 scores: {0: array([462.61617678]), 1: array([462.93490417]), 2: array([462.90547144]), 3: array([462.84596587]), 4: array([462.87208542]), 5: array([462.54611378]), 6: array([463.03173876]), 7: array([462.94584395]), 8: array([462.81463168]), 9: array([462.9779823])}
2025-05-12 12:42:06,439 - DEBUG - util_fusion - fusion_dual_defense - client 9 norm scores: {0: array([0.14427388]), 1: array([0.800598]), 2: array([0.73999006]), 3: array([0.61745608]), 4: array([0.67124151]), 5: array([0.]), 6: array([1.]), 7: array([0.82312522]), 8: array([0.55293263]), 9: array([0.88930458])}
2025-05-12 12:42:06,439 - DEBUG - util_fusion - fusion_dual_defense - client 9 similarity threshold: 0.6238921945050151
2025-05-12 12:42:06,439 - INFO - util_fusion - fusion_dual_defense - client 9 selected fusion benigns: [1, 2, 4, 6, 7, 9]
2025-05-12 12:42:06,439 - DEBUG - util_fusion - fusion_dual_defense - final fusion benigns: (1, 2, 4, 6, 7, 9)
2025-05-12 12:42:08,203 - INFO - fl - start - global side -  test accuracy: 11.35
2025-05-12 12:42:08,203 - INFO - fl - start - global side iteration 6 -  test accuracy: 11.35
2025-05-12 12:42:08,203 - INFO - fl - start - start training round 7
2025-05-12 12:42:08,205 - INFO - fl - start - round 7 attackers: [7, 0]
2025-05-12 12:42:08,205 - INFO - fl - start - start client 0 training
2025-05-12 12:42:08,205 - INFO - fl - client_local_train - client 0 start local training ...
2025-05-12 12:42:12,312 - INFO - fl - client_local_train - client 0 is attacker, start poisoning model
2025-05-12 12:42:17,219 - INFO - fl - start - end client 0 training
2025-05-12 12:42:17,219 - INFO - fl - start - client 0 evaluation metrics: {'train_loss': 17.42790085499681, 'test_acc': 9.58}
2025-05-12 12:42:17,219 - INFO - fl - start - start client 1 training
2025-05-12 12:42:17,219 - INFO - fl - client_local_train - client 1 start local training ...
2025-05-12 12:42:20,118 - INFO - fl - start - end client 1 training
2025-05-12 12:42:20,118 - INFO - fl - start - client 1 evaluation metrics: {'train_loss': 2.3493072327814604, 'test_acc': 8.92}
2025-05-12 12:42:20,118 - INFO - fl - start - start client 2 training
2025-05-12 12:42:20,118 - INFO - fl - client_local_train - client 2 start local training ...
2025-05-12 12:42:22,460 - INFO - fl - start - end client 2 training
2025-05-12 12:42:22,460 - INFO - fl - start - client 2 evaluation metrics: {'train_loss': 2.4296330312887826, 'test_acc': 9.8}
2025-05-12 12:42:22,460 - INFO - fl - start - start client 3 training
2025-05-12 12:42:22,460 - INFO - fl - client_local_train - client 3 start local training ...
2025-05-12 12:42:28,529 - INFO - fl - start - end client 3 training
2025-05-12 12:42:28,529 - INFO - fl - start - client 3 evaluation metrics: {'train_loss': 1.7842989218862433, 'test_acc': 10.1}
2025-05-12 12:42:28,529 - INFO - fl - start - start client 4 training
2025-05-12 12:42:28,529 - INFO - fl - client_local_train - client 4 start local training ...
2025-05-12 12:42:34,974 - INFO - fl - start - end client 4 training
2025-05-12 12:42:34,974 - INFO - fl - start - client 4 evaluation metrics: {'train_loss': 1.8652320725302542, 'test_acc': 10.32}
2025-05-12 12:42:34,974 - INFO - fl - start - start client 5 training
2025-05-12 12:42:34,974 - INFO - fl - client_local_train - client 5 start local training ...
2025-05-12 12:42:40,111 - INFO - fl - start - end client 5 training
2025-05-12 12:42:40,111 - INFO - fl - start - client 5 evaluation metrics: {'train_loss': 1.852636606796928, 'test_acc': 9.58}
2025-05-12 12:42:40,111 - INFO - fl - start - start client 6 training
2025-05-12 12:42:40,111 - INFO - fl - client_local_train - client 6 start local training ...
2025-05-12 12:42:44,701 - INFO - fl - start - end client 6 training
2025-05-12 12:42:44,701 - INFO - fl - start - client 6 evaluation metrics: {'train_loss': 0.6904940925821473, 'test_acc': 10.28}
2025-05-12 12:42:44,701 - INFO - fl - start - start client 7 training
2025-05-12 12:42:44,701 - INFO - fl - client_local_train - client 7 start local training ...
2025-05-12 12:42:49,898 - INFO - fl - client_local_train - client 7 is attacker, start poisoning model
2025-05-12 12:42:55,402 - INFO - fl - start - end client 7 training
2025-05-12 12:42:55,402 - INFO - fl - start - client 7 evaluation metrics: {'train_loss': 5.985847596055972, 'test_acc': 11.35}
2025-05-12 12:42:55,402 - INFO - fl - start - start client 8 training
2025-05-12 12:42:55,402 - INFO - fl - client_local_train - client 8 start local training ...
2025-05-12 12:43:00,526 - INFO - fl - start - end client 8 training
2025-05-12 12:43:00,526 - INFO - fl - start - client 8 evaluation metrics: {'train_loss': 1.86967097417168, 'test_acc': 10.09}
2025-05-12 12:43:00,526 - INFO - fl - start - start client 9 training
2025-05-12 12:43:00,526 - INFO - fl - client_local_train - client 9 start local training ...
2025-05-12 12:43:05,517 - INFO - fl - start - end client 9 training
2025-05-12 12:43:05,517 - INFO - fl - start - client 9 evaluation metrics: {'train_loss': 1.2256348052721344, 'test_acc': 9.82}
2025-05-12 12:43:05,517 - INFO - fl - aggregate_model - start model aggregation...fusion method: dual_defense
2025-05-12 12:43:05,517 - INFO - fl - aggregate_model - start hyper-guard fusion with epsilon 0.01
2025-05-12 12:43:05,517 - INFO - fl - aggregate_model - round 7 attackers: [0, 7]
2025-05-12 12:43:16,348 - DEBUG - util_fusion - fusion_dual_defense - client 0 scores: {0: array([345.49834234]), 1: array([345.48759497]), 2: array([345.46216448]), 3: array([345.50965817]), 4: array([345.45004664]), 5: array([345.45695516]), 6: array([345.43309871]), 7: array([345.44996417]), 8: array([345.56258445]), 9: array([345.46670644])}
2025-05-12 12:43:16,349 - DEBUG - util_fusion - fusion_dual_defense - client 0 norm scores: {0: array([0.50386732]), 1: array([0.42086689]), 2: array([0.22447079]), 3: array([0.59125788]), 4: array([0.13088645]), 5: array([0.18423996]), 6: array([0.]), 7: array([0.13024956]), 8: array([1.]), 9: array([0.25954773])}
2025-05-12 12:43:16,349 - DEBUG - util_fusion - fusion_dual_defense - client 0 similarity threshold: 0.3445386582389379
2025-05-12 12:43:16,349 - INFO - util_fusion - fusion_dual_defense - client 0 selected fusion benigns: [0, 1, 3, 8]
2025-05-12 12:43:16,357 - DEBUG - util_fusion - fusion_dual_defense - client 1 scores: {0: array([345.49834234]), 1: array([345.48759497]), 2: array([345.46216448]), 3: array([345.50965817]), 4: array([345.45004664]), 5: array([345.45695516]), 6: array([345.43309871]), 7: array([345.44996417]), 8: array([345.56258445]), 9: array([345.46670644])}
2025-05-12 12:43:16,358 - DEBUG - util_fusion - fusion_dual_defense - client 1 norm scores: {0: array([0.50386732]), 1: array([0.42086689]), 2: array([0.22447079]), 3: array([0.59125788]), 4: array([0.13088645]), 5: array([0.18423996]), 6: array([0.]), 7: array([0.13024956]), 8: array([1.]), 9: array([0.25954773])}
2025-05-12 12:43:16,358 - DEBUG - util_fusion - fusion_dual_defense - client 1 similarity threshold: 0.3445386582389379
2025-05-12 12:43:16,358 - INFO - util_fusion - fusion_dual_defense - client 1 selected fusion benigns: [0, 1, 3, 8]
2025-05-12 12:43:16,366 - DEBUG - util_fusion - fusion_dual_defense - client 2 scores: {0: array([345.49834234]), 1: array([345.48759497]), 2: array([345.46216448]), 3: array([345.50965817]), 4: array([345.45004664]), 5: array([345.45695516]), 6: array([345.43309871]), 7: array([345.44996417]), 8: array([345.56258445]), 9: array([345.46670644])}
2025-05-12 12:43:16,367 - DEBUG - util_fusion - fusion_dual_defense - client 2 norm scores: {0: array([0.50386732]), 1: array([0.42086689]), 2: array([0.22447079]), 3: array([0.59125788]), 4: array([0.13088645]), 5: array([0.18423996]), 6: array([0.]), 7: array([0.13024956]), 8: array([1.]), 9: array([0.25954773])}
2025-05-12 12:43:16,367 - DEBUG - util_fusion - fusion_dual_defense - client 2 similarity threshold: 0.3445386582389379
2025-05-12 12:43:16,367 - INFO - util_fusion - fusion_dual_defense - client 2 selected fusion benigns: [0, 1, 3, 8]
2025-05-12 12:43:16,375 - DEBUG - util_fusion - fusion_dual_defense - client 3 scores: {0: array([345.49834234]), 1: array([345.48759497]), 2: array([345.46216448]), 3: array([345.50965817]), 4: array([345.45004664]), 5: array([345.45695516]), 6: array([345.43309871]), 7: array([345.44996417]), 8: array([345.56258445]), 9: array([345.46670644])}
2025-05-12 12:43:16,376 - DEBUG - util_fusion - fusion_dual_defense - client 3 norm scores: {0: array([0.50386732]), 1: array([0.42086689]), 2: array([0.22447079]), 3: array([0.59125788]), 4: array([0.13088645]), 5: array([0.18423996]), 6: array([0.]), 7: array([0.13024956]), 8: array([1.]), 9: array([0.25954773])}
2025-05-12 12:43:16,376 - DEBUG - util_fusion - fusion_dual_defense - client 3 similarity threshold: 0.3445386582389379
2025-05-12 12:43:16,376 - INFO - util_fusion - fusion_dual_defense - client 3 selected fusion benigns: [0, 1, 3, 8]
2025-05-12 12:43:16,384 - DEBUG - util_fusion - fusion_dual_defense - client 4 scores: {0: array([345.49834234]), 1: array([345.48759497]), 2: array([345.46216448]), 3: array([345.50965817]), 4: array([345.45004664]), 5: array([345.45695516]), 6: array([345.43309871]), 7: array([345.44996417]), 8: array([345.56258445]), 9: array([345.46670644])}
2025-05-12 12:43:16,385 - DEBUG - util_fusion - fusion_dual_defense - client 4 norm scores: {0: array([0.50386732]), 1: array([0.42086689]), 2: array([0.22447079]), 3: array([0.59125788]), 4: array([0.13088645]), 5: array([0.18423996]), 6: array([0.]), 7: array([0.13024956]), 8: array([1.]), 9: array([0.25954773])}
2025-05-12 12:43:16,385 - DEBUG - util_fusion - fusion_dual_defense - client 4 similarity threshold: 0.3445386582389379
2025-05-12 12:43:16,385 - INFO - util_fusion - fusion_dual_defense - client 4 selected fusion benigns: [0, 1, 3, 8]
2025-05-12 12:43:16,393 - DEBUG - util_fusion - fusion_dual_defense - client 5 scores: {0: array([345.49834234]), 1: array([345.48759497]), 2: array([345.46216448]), 3: array([345.50965817]), 4: array([345.45004664]), 5: array([345.45695516]), 6: array([345.43309871]), 7: array([345.44996417]), 8: array([345.56258445]), 9: array([345.46670644])}
2025-05-12 12:43:16,394 - DEBUG - util_fusion - fusion_dual_defense - client 5 norm scores: {0: array([0.50386732]), 1: array([0.42086689]), 2: array([0.22447079]), 3: array([0.59125788]), 4: array([0.13088645]), 5: array([0.18423996]), 6: array([0.]), 7: array([0.13024956]), 8: array([1.]), 9: array([0.25954773])}
2025-05-12 12:43:16,394 - DEBUG - util_fusion - fusion_dual_defense - client 5 similarity threshold: 0.3445386582389379
2025-05-12 12:43:16,394 - INFO - util_fusion - fusion_dual_defense - client 5 selected fusion benigns: [0, 1, 3, 8]
2025-05-12 12:43:16,403 - DEBUG - util_fusion - fusion_dual_defense - client 6 scores: {0: array([345.49834234]), 1: array([345.48759497]), 2: array([345.46216448]), 3: array([345.50965817]), 4: array([345.45004664]), 5: array([345.45695516]), 6: array([345.43309871]), 7: array([345.44996417]), 8: array([345.56258445]), 9: array([345.46670644])}
2025-05-12 12:43:16,403 - DEBUG - util_fusion - fusion_dual_defense - client 6 norm scores: {0: array([0.50386732]), 1: array([0.42086689]), 2: array([0.22447079]), 3: array([0.59125788]), 4: array([0.13088645]), 5: array([0.18423996]), 6: array([0.]), 7: array([0.13024956]), 8: array([1.]), 9: array([0.25954773])}
2025-05-12 12:43:16,403 - DEBUG - util_fusion - fusion_dual_defense - client 6 similarity threshold: 0.3445386582389379
2025-05-12 12:43:16,403 - INFO - util_fusion - fusion_dual_defense - client 6 selected fusion benigns: [0, 1, 3, 8]
2025-05-12 12:43:16,412 - DEBUG - util_fusion - fusion_dual_defense - client 7 scores: {0: array([345.49834234]), 1: array([345.48759497]), 2: array([345.46216448]), 3: array([345.50965817]), 4: array([345.45004664]), 5: array([345.45695516]), 6: array([345.43309871]), 7: array([345.44996417]), 8: array([345.56258445]), 9: array([345.46670644])}
2025-05-12 12:43:16,412 - DEBUG - util_fusion - fusion_dual_defense - client 7 norm scores: {0: array([0.50386732]), 1: array([0.42086689]), 2: array([0.22447079]), 3: array([0.59125788]), 4: array([0.13088645]), 5: array([0.18423996]), 6: array([0.]), 7: array([0.13024956]), 8: array([1.]), 9: array([0.25954773])}
2025-05-12 12:43:16,412 - DEBUG - util_fusion - fusion_dual_defense - client 7 similarity threshold: 0.3445386582389379
2025-05-12 12:43:16,412 - INFO - util_fusion - fusion_dual_defense - client 7 selected fusion benigns: [0, 1, 3, 8]
2025-05-12 12:43:16,421 - DEBUG - util_fusion - fusion_dual_defense - client 8 scores: {0: array([345.49834234]), 1: array([345.48759497]), 2: array([345.46216448]), 3: array([345.50965817]), 4: array([345.45004664]), 5: array([345.45695516]), 6: array([345.43309871]), 7: array([345.44996417]), 8: array([345.56258445]), 9: array([345.46670644])}
2025-05-12 12:43:16,421 - DEBUG - util_fusion - fusion_dual_defense - client 8 norm scores: {0: array([0.50386732]), 1: array([0.42086689]), 2: array([0.22447079]), 3: array([0.59125788]), 4: array([0.13088645]), 5: array([0.18423996]), 6: array([0.]), 7: array([0.13024956]), 8: array([1.]), 9: array([0.25954773])}
2025-05-12 12:43:16,421 - DEBUG - util_fusion - fusion_dual_defense - client 8 similarity threshold: 0.3445386582389379
2025-05-12 12:43:16,421 - INFO - util_fusion - fusion_dual_defense - client 8 selected fusion benigns: [0, 1, 3, 8]
2025-05-12 12:43:16,430 - DEBUG - util_fusion - fusion_dual_defense - client 9 scores: {0: array([345.49834234]), 1: array([345.48759497]), 2: array([345.46216448]), 3: array([345.50965817]), 4: array([345.45004664]), 5: array([345.45695516]), 6: array([345.43309871]), 7: array([345.44996417]), 8: array([345.56258445]), 9: array([345.46670644])}
2025-05-12 12:43:16,430 - DEBUG - util_fusion - fusion_dual_defense - client 9 norm scores: {0: array([0.50386732]), 1: array([0.42086689]), 2: array([0.22447079]), 3: array([0.59125788]), 4: array([0.13088645]), 5: array([0.18423996]), 6: array([0.]), 7: array([0.13024956]), 8: array([1.]), 9: array([0.25954773])}
2025-05-12 12:43:16,430 - DEBUG - util_fusion - fusion_dual_defense - client 9 similarity threshold: 0.3445386582389379
2025-05-12 12:43:16,430 - INFO - util_fusion - fusion_dual_defense - client 9 selected fusion benigns: [0, 1, 3, 8]
2025-05-12 12:43:16,430 - DEBUG - util_fusion - fusion_dual_defense - final fusion benigns: (0, 1, 3, 8)
2025-05-12 12:43:18,081 - INFO - fl - start - global side -  test accuracy: 9.74
2025-05-12 12:43:18,082 - INFO - fl - start - global side iteration 7 -  test accuracy: 9.74
2025-05-12 12:43:18,082 - INFO - fl - start - start training round 8
2025-05-12 12:43:18,084 - INFO - fl - start - round 8 attackers: [0, 5]
2025-05-12 12:43:18,084 - INFO - fl - start - start client 0 training
2025-05-12 12:43:18,084 - INFO - fl - client_local_train - client 0 start local training ...
2025-05-12 12:43:22,215 - INFO - fl - client_local_train - client 0 is attacker, start poisoning model
2025-05-12 12:43:27,141 - INFO - fl - start - end client 0 training
2025-05-12 12:43:27,141 - INFO - fl - start - client 0 evaluation metrics: {'train_loss': 7.551306649455874, 'test_acc': 9.74}
2025-05-12 12:43:27,141 - INFO - fl - start - start client 1 training
2025-05-12 12:43:27,141 - INFO - fl - client_local_train - client 1 start local training ...
2025-05-12 12:43:30,052 - INFO - fl - start - end client 1 training
2025-05-12 12:43:30,052 - INFO - fl - start - client 1 evaluation metrics: {'train_loss': 1.7885535453495227, 'test_acc': 8.92}
2025-05-12 12:43:30,052 - INFO - fl - start - start client 2 training
2025-05-12 12:43:30,052 - INFO - fl - client_local_train - client 2 start local training ...
2025-05-12 12:43:32,392 - INFO - fl - start - end client 2 training
2025-05-12 12:43:32,392 - INFO - fl - start - client 2 evaluation metrics: {'train_loss': 1.9875662724177043, 'test_acc': 9.8}
2025-05-12 12:43:32,392 - INFO - fl - start - start client 3 training
2025-05-12 12:43:32,392 - INFO - fl - client_local_train - client 3 start local training ...
2025-05-12 12:43:38,446 - INFO - fl - start - end client 3 training
2025-05-12 12:43:38,446 - INFO - fl - start - client 3 evaluation metrics: {'train_loss': 1.8571305808268095, 'test_acc': 10.1}
2025-05-12 12:43:38,446 - INFO - fl - start - start client 4 training
2025-05-12 12:43:38,446 - INFO - fl - client_local_train - client 4 start local training ...
2025-05-12 12:43:44,886 - INFO - fl - start - end client 4 training
2025-05-12 12:43:44,886 - INFO - fl - start - client 4 evaluation metrics: {'train_loss': 1.6656492852395581, 'test_acc': 10.32}
2025-05-12 12:43:44,886 - INFO - fl - start - start client 5 training
2025-05-12 12:43:44,886 - INFO - fl - client_local_train - client 5 start local training ...
2025-05-12 12:43:47,875 - INFO - fl - client_local_train - client 5 is attacker, start poisoning model
2025-05-12 12:43:52,192 - INFO - fl - start - end client 5 training
2025-05-12 12:43:52,193 - INFO - fl - start - client 5 evaluation metrics: {'train_loss': 4.449812834677489, 'test_acc': 9.58}
2025-05-12 12:43:52,193 - INFO - fl - start - start client 6 training
2025-05-12 12:43:52,193 - INFO - fl - client_local_train - client 6 start local training ...
2025-05-12 12:43:56,805 - INFO - fl - start - end client 6 training
2025-05-12 12:43:56,805 - INFO - fl - start - client 6 evaluation metrics: {'train_loss': 0.7115832665298558, 'test_acc': 10.28}
2025-05-12 12:43:56,805 - INFO - fl - start - start client 7 training
2025-05-12 12:43:56,805 - INFO - fl - client_local_train - client 7 start local training ...
2025-05-12 12:44:04,825 - INFO - fl - start - end client 7 training
2025-05-12 12:44:04,825 - INFO - fl - start - client 7 evaluation metrics: {'train_loss': 1.5014792251290743, 'test_acc': 11.35}
2025-05-12 12:44:04,825 - INFO - fl - start - start client 8 training
2025-05-12 12:44:04,825 - INFO - fl - client_local_train - client 8 start local training ...
2025-05-12 12:44:09,939 - INFO - fl - start - end client 8 training
2025-05-12 12:44:09,939 - INFO - fl - start - client 8 evaluation metrics: {'train_loss': 1.69963485132093, 'test_acc': 10.09}
2025-05-12 12:44:09,939 - INFO - fl - start - start client 9 training
2025-05-12 12:44:09,939 - INFO - fl - client_local_train - client 9 start local training ...
2025-05-12 12:44:14,944 - INFO - fl - start - end client 9 training
2025-05-12 12:44:14,944 - INFO - fl - start - client 9 evaluation metrics: {'train_loss': 1.2673977667026306, 'test_acc': 9.82}
2025-05-12 12:44:14,944 - INFO - fl - aggregate_model - start model aggregation...fusion method: dual_defense
2025-05-12 12:44:14,944 - INFO - fl - aggregate_model - start hyper-guard fusion with epsilon 0.01
2025-05-12 12:44:14,944 - INFO - fl - aggregate_model - round 8 attackers: [0, 5]
2025-05-12 12:44:25,737 - DEBUG - util_fusion - fusion_dual_defense - client 0 scores: {0: array([30.71747184]), 1: array([30.71766174]), 2: array([30.71767575]), 3: array([30.7174951]), 4: array([30.71748959]), 5: array([30.71751808]), 6: array([30.71756884]), 7: array([30.71743529]), 8: array([30.71754834]), 9: array([30.71755988])}
2025-05-12 12:44:25,737 - DEBUG - util_fusion - fusion_dual_defense - client 0 norm scores: {0: array([0.15200343]), 1: array([0.94171847]), 2: array([1.]), 3: array([0.24871895]), 4: array([0.22580216]), 5: array([0.34430196]), 6: array([0.55539386]), 7: array([0.]), 8: array([0.4701179]), 9: array([0.51812455])}
2025-05-12 12:44:25,737 - DEBUG - util_fusion - fusion_dual_defense - client 0 similarity threshold: 0.4456181275427932
2025-05-12 12:44:25,738 - INFO - util_fusion - fusion_dual_defense - client 0 selected fusion benigns: [1, 2, 6, 8, 9]
2025-05-12 12:44:25,746 - DEBUG - util_fusion - fusion_dual_defense - client 1 scores: {0: array([30.71747184]), 1: array([30.71766174]), 2: array([30.71767575]), 3: array([30.7174951]), 4: array([30.71748959]), 5: array([30.71751808]), 6: array([30.71756884]), 7: array([30.71743529]), 8: array([30.71754834]), 9: array([30.71755988])}
2025-05-12 12:44:25,747 - DEBUG - util_fusion - fusion_dual_defense - client 1 norm scores: {0: array([0.15200343]), 1: array([0.94171847]), 2: array([1.]), 3: array([0.24871895]), 4: array([0.22580216]), 5: array([0.34430196]), 6: array([0.55539386]), 7: array([0.]), 8: array([0.4701179]), 9: array([0.51812455])}
2025-05-12 12:44:25,747 - DEBUG - util_fusion - fusion_dual_defense - client 1 similarity threshold: 0.4456181275427932
2025-05-12 12:44:25,747 - INFO - util_fusion - fusion_dual_defense - client 1 selected fusion benigns: [1, 2, 6, 8, 9]
2025-05-12 12:44:25,757 - DEBUG - util_fusion - fusion_dual_defense - client 2 scores: {0: array([30.71747184]), 1: array([30.71766174]), 2: array([30.71767575]), 3: array([30.7174951]), 4: array([30.71748959]), 5: array([30.71751808]), 6: array([30.71756884]), 7: array([30.71743529]), 8: array([30.71754834]), 9: array([30.71755988])}
2025-05-12 12:44:25,757 - DEBUG - util_fusion - fusion_dual_defense - client 2 norm scores: {0: array([0.15200343]), 1: array([0.94171847]), 2: array([1.]), 3: array([0.24871895]), 4: array([0.22580216]), 5: array([0.34430196]), 6: array([0.55539386]), 7: array([0.]), 8: array([0.4701179]), 9: array([0.51812455])}
2025-05-12 12:44:25,757 - DEBUG - util_fusion - fusion_dual_defense - client 2 similarity threshold: 0.4456181275427932
2025-05-12 12:44:25,757 - INFO - util_fusion - fusion_dual_defense - client 2 selected fusion benigns: [1, 2, 6, 8, 9]
2025-05-12 12:44:25,766 - DEBUG - util_fusion - fusion_dual_defense - client 3 scores: {0: array([30.71747184]), 1: array([30.71766174]), 2: array([30.71767575]), 3: array([30.7174951]), 4: array([30.71748959]), 5: array([30.71751808]), 6: array([30.71756884]), 7: array([30.71743529]), 8: array([30.71754834]), 9: array([30.71755988])}
2025-05-12 12:44:25,766 - DEBUG - util_fusion - fusion_dual_defense - client 3 norm scores: {0: array([0.15200343]), 1: array([0.94171847]), 2: array([1.]), 3: array([0.24871895]), 4: array([0.22580216]), 5: array([0.34430196]), 6: array([0.55539386]), 7: array([0.]), 8: array([0.4701179]), 9: array([0.51812455])}
2025-05-12 12:44:25,766 - DEBUG - util_fusion - fusion_dual_defense - client 3 similarity threshold: 0.4456181275427932
2025-05-12 12:44:25,766 - INFO - util_fusion - fusion_dual_defense - client 3 selected fusion benigns: [1, 2, 6, 8, 9]
2025-05-12 12:44:25,775 - DEBUG - util_fusion - fusion_dual_defense - client 4 scores: {0: array([30.71747184]), 1: array([30.71766174]), 2: array([30.71767575]), 3: array([30.7174951]), 4: array([30.71748959]), 5: array([30.71751808]), 6: array([30.71756884]), 7: array([30.71743529]), 8: array([30.71754834]), 9: array([30.71755988])}
2025-05-12 12:44:25,775 - DEBUG - util_fusion - fusion_dual_defense - client 4 norm scores: {0: array([0.15200343]), 1: array([0.94171847]), 2: array([1.]), 3: array([0.24871895]), 4: array([0.22580216]), 5: array([0.34430196]), 6: array([0.55539386]), 7: array([0.]), 8: array([0.4701179]), 9: array([0.51812455])}
2025-05-12 12:44:25,776 - DEBUG - util_fusion - fusion_dual_defense - client 4 similarity threshold: 0.4456181275427932
2025-05-12 12:44:25,776 - INFO - util_fusion - fusion_dual_defense - client 4 selected fusion benigns: [1, 2, 6, 8, 9]
2025-05-12 12:44:25,784 - DEBUG - util_fusion - fusion_dual_defense - client 5 scores: {0: array([30.71747184]), 1: array([30.71766174]), 2: array([30.71767575]), 3: array([30.7174951]), 4: array([30.71748959]), 5: array([30.71751808]), 6: array([30.71756884]), 7: array([30.71743529]), 8: array([30.71754834]), 9: array([30.71755988])}
2025-05-12 12:44:25,784 - DEBUG - util_fusion - fusion_dual_defense - client 5 norm scores: {0: array([0.15200343]), 1: array([0.94171847]), 2: array([1.]), 3: array([0.24871895]), 4: array([0.22580216]), 5: array([0.34430196]), 6: array([0.55539386]), 7: array([0.]), 8: array([0.4701179]), 9: array([0.51812455])}
2025-05-12 12:44:25,785 - DEBUG - util_fusion - fusion_dual_defense - client 5 similarity threshold: 0.4456181275427932
2025-05-12 12:44:25,785 - INFO - util_fusion - fusion_dual_defense - client 5 selected fusion benigns: [1, 2, 6, 8, 9]
2025-05-12 12:44:25,793 - DEBUG - util_fusion - fusion_dual_defense - client 6 scores: {0: array([30.71747184]), 1: array([30.71766174]), 2: array([30.71767575]), 3: array([30.7174951]), 4: array([30.71748959]), 5: array([30.71751808]), 6: array([30.71756884]), 7: array([30.71743529]), 8: array([30.71754834]), 9: array([30.71755988])}
2025-05-12 12:44:25,793 - DEBUG - util_fusion - fusion_dual_defense - client 6 norm scores: {0: array([0.15200343]), 1: array([0.94171847]), 2: array([1.]), 3: array([0.24871895]), 4: array([0.22580216]), 5: array([0.34430196]), 6: array([0.55539386]), 7: array([0.]), 8: array([0.4701179]), 9: array([0.51812455])}
2025-05-12 12:44:25,793 - DEBUG - util_fusion - fusion_dual_defense - client 6 similarity threshold: 0.4456181275427932
2025-05-12 12:44:25,794 - INFO - util_fusion - fusion_dual_defense - client 6 selected fusion benigns: [1, 2, 6, 8, 9]
2025-05-12 12:44:25,802 - DEBUG - util_fusion - fusion_dual_defense - client 7 scores: {0: array([30.71747184]), 1: array([30.71766174]), 2: array([30.71767575]), 3: array([30.7174951]), 4: array([30.71748959]), 5: array([30.71751808]), 6: array([30.71756884]), 7: array([30.71743529]), 8: array([30.71754834]), 9: array([30.71755988])}
2025-05-12 12:44:25,802 - DEBUG - util_fusion - fusion_dual_defense - client 7 norm scores: {0: array([0.15200343]), 1: array([0.94171847]), 2: array([1.]), 3: array([0.24871895]), 4: array([0.22580216]), 5: array([0.34430196]), 6: array([0.55539386]), 7: array([0.]), 8: array([0.4701179]), 9: array([0.51812455])}
2025-05-12 12:44:25,803 - DEBUG - util_fusion - fusion_dual_defense - client 7 similarity threshold: 0.4456181275427932
2025-05-12 12:44:25,803 - INFO - util_fusion - fusion_dual_defense - client 7 selected fusion benigns: [1, 2, 6, 8, 9]
2025-05-12 12:44:25,811 - DEBUG - util_fusion - fusion_dual_defense - client 8 scores: {0: array([30.71747184]), 1: array([30.71766174]), 2: array([30.71767575]), 3: array([30.7174951]), 4: array([30.71748959]), 5: array([30.71751808]), 6: array([30.71756884]), 7: array([30.71743529]), 8: array([30.71754834]), 9: array([30.71755988])}
2025-05-12 12:44:25,812 - DEBUG - util_fusion - fusion_dual_defense - client 8 norm scores: {0: array([0.15200343]), 1: array([0.94171847]), 2: array([1.]), 3: array([0.24871895]), 4: array([0.22580216]), 5: array([0.34430196]), 6: array([0.55539386]), 7: array([0.]), 8: array([0.4701179]), 9: array([0.51812455])}
2025-05-12 12:44:25,812 - DEBUG - util_fusion - fusion_dual_defense - client 8 similarity threshold: 0.4456181275427932
2025-05-12 12:44:25,812 - INFO - util_fusion - fusion_dual_defense - client 8 selected fusion benigns: [1, 2, 6, 8, 9]
2025-05-12 12:44:25,820 - DEBUG - util_fusion - fusion_dual_defense - client 9 scores: {0: array([30.71747184]), 1: array([30.71766174]), 2: array([30.71767575]), 3: array([30.7174951]), 4: array([30.71748959]), 5: array([30.71751808]), 6: array([30.71756884]), 7: array([30.71743529]), 8: array([30.71754834]), 9: array([30.71755988])}
2025-05-12 12:44:25,821 - DEBUG - util_fusion - fusion_dual_defense - client 9 norm scores: {0: array([0.15200343]), 1: array([0.94171847]), 2: array([1.]), 3: array([0.24871895]), 4: array([0.22580216]), 5: array([0.34430196]), 6: array([0.55539386]), 7: array([0.]), 8: array([0.4701179]), 9: array([0.51812455])}
2025-05-12 12:44:25,821 - DEBUG - util_fusion - fusion_dual_defense - client 9 similarity threshold: 0.4456181275427932
2025-05-12 12:44:25,821 - INFO - util_fusion - fusion_dual_defense - client 9 selected fusion benigns: [1, 2, 6, 8, 9]
2025-05-12 12:44:25,821 - DEBUG - util_fusion - fusion_dual_defense - final fusion benigns: (1, 2, 6, 8, 9)
2025-05-12 12:44:27,519 - INFO - fl - start - global side -  test accuracy: 9.82
2025-05-12 12:44:27,520 - INFO - fl - start - global side iteration 8 -  test accuracy: 9.82
2025-05-12 12:44:27,520 - INFO - fl - start - start training round 9
2025-05-12 12:44:27,522 - INFO - fl - start - round 9 attackers: [6, 2]
2025-05-12 12:44:27,522 - INFO - fl - start - start client 0 training
2025-05-12 12:44:27,522 - INFO - fl - client_local_train - client 0 start local training ...
2025-05-12 12:44:34,084 - INFO - fl - start - end client 0 training
2025-05-12 12:44:34,084 - INFO - fl - start - client 0 evaluation metrics: {'train_loss': 1.4308489354576652, 'test_acc': 9.74}
2025-05-12 12:44:34,084 - INFO - fl - start - start client 1 training
2025-05-12 12:44:34,084 - INFO - fl - client_local_train - client 1 start local training ...
2025-05-12 12:44:36,976 - INFO - fl - start - end client 1 training
2025-05-12 12:44:36,976 - INFO - fl - start - client 1 evaluation metrics: {'train_loss': 1.5437609804304022, 'test_acc': 8.92}
2025-05-12 12:44:36,976 - INFO - fl - start - start client 2 training
2025-05-12 12:44:36,976 - INFO - fl - client_local_train - client 2 start local training ...
2025-05-12 12:44:37,745 - INFO - fl - client_local_train - client 2 is attacker, start poisoning model
2025-05-12 12:44:40,849 - INFO - fl - start - end client 2 training
2025-05-12 12:44:40,849 - INFO - fl - start - client 2 evaluation metrics: {'train_loss': 8.671964148680368, 'test_acc': 9.8}
2025-05-12 12:44:40,849 - INFO - fl - start - start client 3 training
2025-05-12 12:44:40,849 - INFO - fl - client_local_train - client 3 start local training ...
2025-05-12 12:44:46,855 - INFO - fl - start - end client 3 training
2025-05-12 12:44:46,855 - INFO - fl - start - client 3 evaluation metrics: {'train_loss': 1.5539506997978478, 'test_acc': 10.1}
2025-05-12 12:44:46,855 - INFO - fl - start - start client 4 training
2025-05-12 12:44:46,855 - INFO - fl - client_local_train - client 4 start local training ...
2025-05-12 12:44:53,283 - INFO - fl - start - end client 4 training
2025-05-12 12:44:53,283 - INFO - fl - start - client 4 evaluation metrics: {'train_loss': 1.6143606420486205, 'test_acc': 10.32}
2025-05-12 12:44:53,283 - INFO - fl - start - start client 5 training
2025-05-12 12:44:53,283 - INFO - fl - client_local_train - client 5 start local training ...
2025-05-12 12:44:58,387 - INFO - fl - start - end client 5 training
2025-05-12 12:44:58,387 - INFO - fl - start - client 5 evaluation metrics: {'train_loss': 1.4934242613937543, 'test_acc': 9.58}
2025-05-12 12:44:58,387 - INFO - fl - start - start client 6 training
2025-05-12 12:44:58,387 - INFO - fl - client_local_train - client 6 start local training ...
2025-05-12 12:45:00,942 - INFO - fl - client_local_train - client 6 is attacker, start poisoning model
2025-05-12 12:45:05,014 - INFO - fl - start - end client 6 training
2025-05-12 12:45:05,014 - INFO - fl - start - client 6 evaluation metrics: {'train_loss': 3.8667515297479267, 'test_acc': 10.28}
2025-05-12 12:45:05,015 - INFO - fl - start - start client 7 training
2025-05-12 12:45:05,015 - INFO - fl - client_local_train - client 7 start local training ...
2025-05-12 12:45:12,934 - INFO - fl - start - end client 7 training
2025-05-12 12:45:12,934 - INFO - fl - start - client 7 evaluation metrics: {'train_loss': 1.4814196891666198, 'test_acc': 11.35}
2025-05-12 12:45:12,934 - INFO - fl - start - start client 8 training
2025-05-12 12:45:12,934 - INFO - fl - client_local_train - client 8 start local training ...
2025-05-12 12:45:18,036 - INFO - fl - start - end client 8 training
2025-05-12 12:45:18,036 - INFO - fl - start - client 8 evaluation metrics: {'train_loss': 1.646828239378722, 'test_acc': 10.09}
2025-05-12 12:45:18,036 - INFO - fl - start - start client 9 training
2025-05-12 12:45:18,036 - INFO - fl - client_local_train - client 9 start local training ...
2025-05-12 12:45:23,071 - INFO - fl - start - end client 9 training
2025-05-12 12:45:23,071 - INFO - fl - start - client 9 evaluation metrics: {'train_loss': 1.2483839198444666, 'test_acc': 9.82}
2025-05-12 12:45:23,071 - INFO - fl - aggregate_model - start model aggregation...fusion method: dual_defense
2025-05-12 12:45:23,071 - INFO - fl - aggregate_model - start hyper-guard fusion with epsilon 0.01
2025-05-12 12:45:23,071 - INFO - fl - aggregate_model - round 9 attackers: [2, 6]
2025-05-12 12:45:33,925 - DEBUG - util_fusion - fusion_dual_defense - client 0 scores: {0: array([294.65130134]), 1: array([294.65286948]), 2: array([294.65314695]), 3: array([294.65153404]), 4: array([294.65133949]), 5: array([294.6519064]), 6: array([294.65216915]), 7: array([294.65062265]), 8: array([294.65190986]), 9: array([294.65196654])}
2025-05-12 12:45:33,926 - DEBUG - util_fusion - fusion_dual_defense - client 0 norm scores: {0: array([0.26886159]), 1: array([0.89007914]), 2: array([1.]), 3: array([0.36104729]), 4: array([0.2839767]), 5: array([0.50855752]), 6: array([0.61264707]), 7: array([0.]), 8: array([0.5099266]), 9: array([0.53237957])}
2025-05-12 12:45:33,926 - DEBUG - util_fusion - fusion_dual_defense - client 0 similarity threshold: 0.4967475470541949
2025-05-12 12:45:33,926 - INFO - util_fusion - fusion_dual_defense - client 0 selected fusion benigns: [1, 2, 5, 6, 8, 9]
2025-05-12 12:45:33,935 - DEBUG - util_fusion - fusion_dual_defense - client 1 scores: {0: array([294.65130134]), 1: array([294.65286948]), 2: array([294.65314695]), 3: array([294.65153404]), 4: array([294.65133949]), 5: array([294.6519064]), 6: array([294.65216915]), 7: array([294.65062265]), 8: array([294.65190986]), 9: array([294.65196654])}
2025-05-12 12:45:33,935 - DEBUG - util_fusion - fusion_dual_defense - client 1 norm scores: {0: array([0.26886159]), 1: array([0.89007914]), 2: array([1.]), 3: array([0.36104729]), 4: array([0.2839767]), 5: array([0.50855752]), 6: array([0.61264707]), 7: array([0.]), 8: array([0.5099266]), 9: array([0.53237957])}
2025-05-12 12:45:33,935 - DEBUG - util_fusion - fusion_dual_defense - client 1 similarity threshold: 0.4967475470541949
2025-05-12 12:45:33,935 - INFO - util_fusion - fusion_dual_defense - client 1 selected fusion benigns: [1, 2, 5, 6, 8, 9]
2025-05-12 12:45:33,944 - DEBUG - util_fusion - fusion_dual_defense - client 2 scores: {0: array([294.65130134]), 1: array([294.65286948]), 2: array([294.65314695]), 3: array([294.65153404]), 4: array([294.65133949]), 5: array([294.6519064]), 6: array([294.65216915]), 7: array([294.65062265]), 8: array([294.65190986]), 9: array([294.65196654])}
2025-05-12 12:45:33,944 - DEBUG - util_fusion - fusion_dual_defense - client 2 norm scores: {0: array([0.26886159]), 1: array([0.89007914]), 2: array([1.]), 3: array([0.36104729]), 4: array([0.2839767]), 5: array([0.50855752]), 6: array([0.61264707]), 7: array([0.]), 8: array([0.5099266]), 9: array([0.53237957])}
2025-05-12 12:45:33,944 - DEBUG - util_fusion - fusion_dual_defense - client 2 similarity threshold: 0.4967475470541949
2025-05-12 12:45:33,944 - INFO - util_fusion - fusion_dual_defense - client 2 selected fusion benigns: [1, 2, 5, 6, 8, 9]
2025-05-12 12:45:33,953 - DEBUG - util_fusion - fusion_dual_defense - client 3 scores: {0: array([294.65130134]), 1: array([294.65286948]), 2: array([294.65314695]), 3: array([294.65153404]), 4: array([294.65133949]), 5: array([294.6519064]), 6: array([294.65216915]), 7: array([294.65062265]), 8: array([294.65190986]), 9: array([294.65196654])}
2025-05-12 12:45:33,953 - DEBUG - util_fusion - fusion_dual_defense - client 3 norm scores: {0: array([0.26886159]), 1: array([0.89007914]), 2: array([1.]), 3: array([0.36104729]), 4: array([0.2839767]), 5: array([0.50855752]), 6: array([0.61264707]), 7: array([0.]), 8: array([0.5099266]), 9: array([0.53237957])}
2025-05-12 12:45:33,954 - DEBUG - util_fusion - fusion_dual_defense - client 3 similarity threshold: 0.4967475470541949
2025-05-12 12:45:33,954 - INFO - util_fusion - fusion_dual_defense - client 3 selected fusion benigns: [1, 2, 5, 6, 8, 9]
2025-05-12 12:45:33,962 - DEBUG - util_fusion - fusion_dual_defense - client 4 scores: {0: array([294.65130134]), 1: array([294.65286948]), 2: array([294.65314695]), 3: array([294.65153404]), 4: array([294.65133949]), 5: array([294.6519064]), 6: array([294.65216915]), 7: array([294.65062265]), 8: array([294.65190986]), 9: array([294.65196654])}
2025-05-12 12:45:33,962 - DEBUG - util_fusion - fusion_dual_defense - client 4 norm scores: {0: array([0.26886159]), 1: array([0.89007914]), 2: array([1.]), 3: array([0.36104729]), 4: array([0.2839767]), 5: array([0.50855752]), 6: array([0.61264707]), 7: array([0.]), 8: array([0.5099266]), 9: array([0.53237957])}
2025-05-12 12:45:33,963 - DEBUG - util_fusion - fusion_dual_defense - client 4 similarity threshold: 0.4967475470541949
2025-05-12 12:45:33,963 - INFO - util_fusion - fusion_dual_defense - client 4 selected fusion benigns: [1, 2, 5, 6, 8, 9]
2025-05-12 12:45:33,971 - DEBUG - util_fusion - fusion_dual_defense - client 5 scores: {0: array([294.65130134]), 1: array([294.65286948]), 2: array([294.65314695]), 3: array([294.65153404]), 4: array([294.65133949]), 5: array([294.6519064]), 6: array([294.65216915]), 7: array([294.65062265]), 8: array([294.65190986]), 9: array([294.65196654])}
2025-05-12 12:45:33,972 - DEBUG - util_fusion - fusion_dual_defense - client 5 norm scores: {0: array([0.26886159]), 1: array([0.89007914]), 2: array([1.]), 3: array([0.36104729]), 4: array([0.2839767]), 5: array([0.50855752]), 6: array([0.61264707]), 7: array([0.]), 8: array([0.5099266]), 9: array([0.53237957])}
2025-05-12 12:45:33,972 - DEBUG - util_fusion - fusion_dual_defense - client 5 similarity threshold: 0.4967475470541949
2025-05-12 12:45:33,972 - INFO - util_fusion - fusion_dual_defense - client 5 selected fusion benigns: [1, 2, 5, 6, 8, 9]
2025-05-12 12:45:33,980 - DEBUG - util_fusion - fusion_dual_defense - client 6 scores: {0: array([294.65130134]), 1: array([294.65286948]), 2: array([294.65314695]), 3: array([294.65153404]), 4: array([294.65133949]), 5: array([294.6519064]), 6: array([294.65216915]), 7: array([294.65062265]), 8: array([294.65190986]), 9: array([294.65196654])}
2025-05-12 12:45:33,981 - DEBUG - util_fusion - fusion_dual_defense - client 6 norm scores: {0: array([0.26886159]), 1: array([0.89007914]), 2: array([1.]), 3: array([0.36104729]), 4: array([0.2839767]), 5: array([0.50855752]), 6: array([0.61264707]), 7: array([0.]), 8: array([0.5099266]), 9: array([0.53237957])}
2025-05-12 12:45:33,981 - DEBUG - util_fusion - fusion_dual_defense - client 6 similarity threshold: 0.4967475470541949
2025-05-12 12:45:33,981 - INFO - util_fusion - fusion_dual_defense - client 6 selected fusion benigns: [1, 2, 5, 6, 8, 9]
2025-05-12 12:45:33,989 - DEBUG - util_fusion - fusion_dual_defense - client 7 scores: {0: array([294.65130134]), 1: array([294.65286948]), 2: array([294.65314695]), 3: array([294.65153404]), 4: array([294.65133949]), 5: array([294.6519064]), 6: array([294.65216915]), 7: array([294.65062265]), 8: array([294.65190986]), 9: array([294.65196654])}
2025-05-12 12:45:33,990 - DEBUG - util_fusion - fusion_dual_defense - client 7 norm scores: {0: array([0.26886159]), 1: array([0.89007914]), 2: array([1.]), 3: array([0.36104729]), 4: array([0.2839767]), 5: array([0.50855752]), 6: array([0.61264707]), 7: array([0.]), 8: array([0.5099266]), 9: array([0.53237957])}
2025-05-12 12:45:33,990 - DEBUG - util_fusion - fusion_dual_defense - client 7 similarity threshold: 0.4967475470541949
2025-05-12 12:45:33,990 - INFO - util_fusion - fusion_dual_defense - client 7 selected fusion benigns: [1, 2, 5, 6, 8, 9]
2025-05-12 12:45:33,999 - DEBUG - util_fusion - fusion_dual_defense - client 8 scores: {0: array([294.65130134]), 1: array([294.65286948]), 2: array([294.65314695]), 3: array([294.65153404]), 4: array([294.65133949]), 5: array([294.6519064]), 6: array([294.65216915]), 7: array([294.65062265]), 8: array([294.65190986]), 9: array([294.65196654])}
2025-05-12 12:45:33,999 - DEBUG - util_fusion - fusion_dual_defense - client 8 norm scores: {0: array([0.26886159]), 1: array([0.89007914]), 2: array([1.]), 3: array([0.36104729]), 4: array([0.2839767]), 5: array([0.50855752]), 6: array([0.61264707]), 7: array([0.]), 8: array([0.5099266]), 9: array([0.53237957])}
2025-05-12 12:45:33,999 - DEBUG - util_fusion - fusion_dual_defense - client 8 similarity threshold: 0.4967475470541949
2025-05-12 12:45:33,999 - INFO - util_fusion - fusion_dual_defense - client 8 selected fusion benigns: [1, 2, 5, 6, 8, 9]
2025-05-12 12:45:34,008 - DEBUG - util_fusion - fusion_dual_defense - client 9 scores: {0: array([294.65130134]), 1: array([294.65286948]), 2: array([294.65314695]), 3: array([294.65153404]), 4: array([294.65133949]), 5: array([294.6519064]), 6: array([294.65216915]), 7: array([294.65062265]), 8: array([294.65190986]), 9: array([294.65196654])}
2025-05-12 12:45:34,008 - DEBUG - util_fusion - fusion_dual_defense - client 9 norm scores: {0: array([0.26886159]), 1: array([0.89007914]), 2: array([1.]), 3: array([0.36104729]), 4: array([0.2839767]), 5: array([0.50855752]), 6: array([0.61264707]), 7: array([0.]), 8: array([0.5099266]), 9: array([0.53237957])}
2025-05-12 12:45:34,008 - DEBUG - util_fusion - fusion_dual_defense - client 9 similarity threshold: 0.4967475470541949
2025-05-12 12:45:34,008 - INFO - util_fusion - fusion_dual_defense - client 9 selected fusion benigns: [1, 2, 5, 6, 8, 9]
2025-05-12 12:45:34,008 - DEBUG - util_fusion - fusion_dual_defense - final fusion benigns: (1, 2, 5, 6, 8, 9)
2025-05-12 12:45:35,772 - INFO - fl - start - global side -  test accuracy: 10.28
2025-05-12 12:45:35,773 - INFO - fl - start - global side iteration 9 -  test accuracy: 10.28
2025-05-12 12:45:35,773 - INFO - fl - start - start training round 10
2025-05-12 12:45:35,775 - INFO - fl - start - round 10 attackers: [9, 8]
2025-05-12 12:45:35,775 - INFO - fl - start - start client 0 training
2025-05-12 12:45:35,775 - INFO - fl - client_local_train - client 0 start local training ...
2025-05-12 12:45:42,364 - INFO - fl - start - end client 0 training
2025-05-12 12:45:42,364 - INFO - fl - start - client 0 evaluation metrics: {'train_loss': 1.7816691248435674, 'test_acc': 9.74}
2025-05-12 12:45:42,364 - INFO - fl - start - start client 1 training
2025-05-12 12:45:42,364 - INFO - fl - client_local_train - client 1 start local training ...
2025-05-12 12:45:45,257 - INFO - fl - start - end client 1 training
2025-05-12 12:45:45,257 - INFO - fl - start - client 1 evaluation metrics: {'train_loss': 1.6467463123170953, 'test_acc': 8.92}
2025-05-12 12:45:45,257 - INFO - fl - start - start client 2 training
2025-05-12 12:45:45,257 - INFO - fl - client_local_train - client 2 start local training ...
2025-05-12 12:45:47,596 - INFO - fl - start - end client 2 training
2025-05-12 12:45:47,596 - INFO - fl - start - client 2 evaluation metrics: {'train_loss': 2.3590859721104303, 'test_acc': 9.8}
2025-05-12 12:45:47,596 - INFO - fl - start - start client 3 training
2025-05-12 12:45:47,596 - INFO - fl - client_local_train - client 3 start local training ...
2025-05-12 12:45:53,650 - INFO - fl - start - end client 3 training
2025-05-12 12:45:53,650 - INFO - fl - start - client 3 evaluation metrics: {'train_loss': 2.0891356593684147, 'test_acc': 10.1}
2025-05-12 12:45:53,650 - INFO - fl - start - start client 4 training
2025-05-12 12:45:53,650 - INFO - fl - client_local_train - client 4 start local training ...
2025-05-12 12:46:00,107 - INFO - fl - start - end client 4 training
2025-05-12 12:46:00,107 - INFO - fl - start - client 4 evaluation metrics: {'train_loss': 1.7155985389986346, 'test_acc': 10.32}
2025-05-12 12:46:00,107 - INFO - fl - start - start client 5 training
2025-05-12 12:46:00,107 - INFO - fl - client_local_train - client 5 start local training ...
2025-05-12 12:46:05,275 - INFO - fl - start - end client 5 training
2025-05-12 12:46:05,276 - INFO - fl - start - client 5 evaluation metrics: {'train_loss': 2.0474524394325586, 'test_acc': 9.58}
2025-05-12 12:46:05,276 - INFO - fl - start - start client 6 training
2025-05-12 12:46:05,276 - INFO - fl - client_local_train - client 6 start local training ...
2025-05-12 12:46:09,873 - INFO - fl - start - end client 6 training
2025-05-12 12:46:09,873 - INFO - fl - start - client 6 evaluation metrics: {'train_loss': 0.7391442762145514, 'test_acc': 10.28}
2025-05-12 12:46:09,873 - INFO - fl - start - start client 7 training
2025-05-12 12:46:09,873 - INFO - fl - client_local_train - client 7 start local training ...
2025-05-12 12:46:17,844 - INFO - fl - start - end client 7 training
2025-05-12 12:46:17,844 - INFO - fl - start - client 7 evaluation metrics: {'train_loss': 1.4871161006252218, 'test_acc': 11.35}
2025-05-12 12:46:17,844 - INFO - fl - start - start client 8 training
2025-05-12 12:46:17,844 - INFO - fl - client_local_train - client 8 start local training ...
2025-05-12 12:46:20,804 - INFO - fl - client_local_train - client 8 is attacker, start poisoning model
2025-05-12 12:46:25,114 - INFO - fl - start - end client 8 training
2025-05-12 12:46:25,114 - INFO - fl - start - client 8 evaluation metrics: {'train_loss': 2.2861718354017837, 'test_acc': 10.09}
2025-05-12 12:46:25,114 - INFO - fl - start - start client 9 training
2025-05-12 12:46:25,114 - INFO - fl - client_local_train - client 9 start local training ...
2025-05-12 12:46:27,982 - INFO - fl - client_local_train - client 9 is attacker, start poisoning model
2025-05-12 12:46:32,227 - INFO - fl - start - end client 9 training
2025-05-12 12:46:32,227 - INFO - fl - start - client 9 evaluation metrics: {'train_loss': 2.935230682405193, 'test_acc': 9.82}
2025-05-12 12:46:32,227 - INFO - fl - aggregate_model - start model aggregation...fusion method: dual_defense
2025-05-12 12:46:32,227 - INFO - fl - aggregate_model - start hyper-guard fusion with epsilon 0.01
2025-05-12 12:46:32,227 - INFO - fl - aggregate_model - round 10 attackers: [8, 9]
2025-05-12 12:46:43,082 - DEBUG - util_fusion - fusion_dual_defense - client 0 scores: {0: array([335.30970455]), 1: array([335.30678578]), 2: array([335.30633748]), 3: array([335.30929056]), 4: array([335.3096433]), 5: array([335.30852606]), 6: array([335.30810251]), 7: array([335.31078438]), 8: array([335.30852953]), 9: array([335.30843629])}
2025-05-12 12:46:43,083 - DEBUG - util_fusion - fusion_dual_defense - client 0 norm scores: {0: array([0.75717121]), 1: array([0.10081116]), 2: array([0.]), 3: array([0.66407608]), 4: array([0.74339919]), 5: array([0.49215891]), 6: array([0.39691216]), 7: array([1.]), 8: array([0.4929387]), 9: array([0.47197131])}
2025-05-12 12:46:43,083 - DEBUG - util_fusion - fusion_dual_defense - client 0 similarity threshold: 0.5119438713089474
2025-05-12 12:46:43,083 - INFO - util_fusion - fusion_dual_defense - client 0 selected fusion benigns: [0, 3, 4, 7]
2025-05-12 12:46:43,091 - DEBUG - util_fusion - fusion_dual_defense - client 1 scores: {0: array([335.30970455]), 1: array([335.30678578]), 2: array([335.30633748]), 3: array([335.30929056]), 4: array([335.3096433]), 5: array([335.30852606]), 6: array([335.30810251]), 7: array([335.31078438]), 8: array([335.30852953]), 9: array([335.30843629])}
2025-05-12 12:46:43,092 - DEBUG - util_fusion - fusion_dual_defense - client 1 norm scores: {0: array([0.75717121]), 1: array([0.10081116]), 2: array([0.]), 3: array([0.66407608]), 4: array([0.74339919]), 5: array([0.49215891]), 6: array([0.39691216]), 7: array([1.]), 8: array([0.4929387]), 9: array([0.47197131])}
2025-05-12 12:46:43,092 - DEBUG - util_fusion - fusion_dual_defense - client 1 similarity threshold: 0.5119438713089474
2025-05-12 12:46:43,092 - INFO - util_fusion - fusion_dual_defense - client 1 selected fusion benigns: [0, 3, 4, 7]
2025-05-12 12:46:43,101 - DEBUG - util_fusion - fusion_dual_defense - client 2 scores: {0: array([335.30970455]), 1: array([335.30678578]), 2: array([335.30633748]), 3: array([335.30929056]), 4: array([335.3096433]), 5: array([335.30852606]), 6: array([335.30810251]), 7: array([335.31078438]), 8: array([335.30852953]), 9: array([335.30843629])}
2025-05-12 12:46:43,101 - DEBUG - util_fusion - fusion_dual_defense - client 2 norm scores: {0: array([0.75717121]), 1: array([0.10081116]), 2: array([0.]), 3: array([0.66407608]), 4: array([0.74339919]), 5: array([0.49215891]), 6: array([0.39691216]), 7: array([1.]), 8: array([0.4929387]), 9: array([0.47197131])}
2025-05-12 12:46:43,101 - DEBUG - util_fusion - fusion_dual_defense - client 2 similarity threshold: 0.5119438713089474
2025-05-12 12:46:43,101 - INFO - util_fusion - fusion_dual_defense - client 2 selected fusion benigns: [0, 3, 4, 7]
2025-05-12 12:46:43,110 - DEBUG - util_fusion - fusion_dual_defense - client 3 scores: {0: array([335.30970455]), 1: array([335.30678578]), 2: array([335.30633748]), 3: array([335.30929056]), 4: array([335.3096433]), 5: array([335.30852606]), 6: array([335.30810251]), 7: array([335.31078438]), 8: array([335.30852953]), 9: array([335.30843629])}
2025-05-12 12:46:43,110 - DEBUG - util_fusion - fusion_dual_defense - client 3 norm scores: {0: array([0.75717121]), 1: array([0.10081116]), 2: array([0.]), 3: array([0.66407608]), 4: array([0.74339919]), 5: array([0.49215891]), 6: array([0.39691216]), 7: array([1.]), 8: array([0.4929387]), 9: array([0.47197131])}
2025-05-12 12:46:43,110 - DEBUG - util_fusion - fusion_dual_defense - client 3 similarity threshold: 0.5119438713089474
2025-05-12 12:46:43,110 - INFO - util_fusion - fusion_dual_defense - client 3 selected fusion benigns: [0, 3, 4, 7]
2025-05-12 12:46:43,119 - DEBUG - util_fusion - fusion_dual_defense - client 4 scores: {0: array([335.30970455]), 1: array([335.30678578]), 2: array([335.30633748]), 3: array([335.30929056]), 4: array([335.3096433]), 5: array([335.30852606]), 6: array([335.30810251]), 7: array([335.31078438]), 8: array([335.30852953]), 9: array([335.30843629])}
2025-05-12 12:46:43,119 - DEBUG - util_fusion - fusion_dual_defense - client 4 norm scores: {0: array([0.75717121]), 1: array([0.10081116]), 2: array([0.]), 3: array([0.66407608]), 4: array([0.74339919]), 5: array([0.49215891]), 6: array([0.39691216]), 7: array([1.]), 8: array([0.4929387]), 9: array([0.47197131])}
2025-05-12 12:46:43,119 - DEBUG - util_fusion - fusion_dual_defense - client 4 similarity threshold: 0.5119438713089474
2025-05-12 12:46:43,119 - INFO - util_fusion - fusion_dual_defense - client 4 selected fusion benigns: [0, 3, 4, 7]
2025-05-12 12:46:43,128 - DEBUG - util_fusion - fusion_dual_defense - client 5 scores: {0: array([335.30970455]), 1: array([335.30678578]), 2: array([335.30633748]), 3: array([335.30929056]), 4: array([335.3096433]), 5: array([335.30852606]), 6: array([335.30810251]), 7: array([335.31078438]), 8: array([335.30852953]), 9: array([335.30843629])}
2025-05-12 12:46:43,128 - DEBUG - util_fusion - fusion_dual_defense - client 5 norm scores: {0: array([0.75717121]), 1: array([0.10081116]), 2: array([0.]), 3: array([0.66407608]), 4: array([0.74339919]), 5: array([0.49215891]), 6: array([0.39691216]), 7: array([1.]), 8: array([0.4929387]), 9: array([0.47197131])}
2025-05-12 12:46:43,128 - DEBUG - util_fusion - fusion_dual_defense - client 5 similarity threshold: 0.5119438713089474
2025-05-12 12:46:43,128 - INFO - util_fusion - fusion_dual_defense - client 5 selected fusion benigns: [0, 3, 4, 7]
2025-05-12 12:46:43,137 - DEBUG - util_fusion - fusion_dual_defense - client 6 scores: {0: array([335.30970455]), 1: array([335.30678578]), 2: array([335.30633748]), 3: array([335.30929056]), 4: array([335.3096433]), 5: array([335.30852606]), 6: array([335.30810251]), 7: array([335.31078438]), 8: array([335.30852953]), 9: array([335.30843629])}
2025-05-12 12:46:43,137 - DEBUG - util_fusion - fusion_dual_defense - client 6 norm scores: {0: array([0.75717121]), 1: array([0.10081116]), 2: array([0.]), 3: array([0.66407608]), 4: array([0.74339919]), 5: array([0.49215891]), 6: array([0.39691216]), 7: array([1.]), 8: array([0.4929387]), 9: array([0.47197131])}
2025-05-12 12:46:43,137 - DEBUG - util_fusion - fusion_dual_defense - client 6 similarity threshold: 0.5119438713089474
2025-05-12 12:46:43,137 - INFO - util_fusion - fusion_dual_defense - client 6 selected fusion benigns: [0, 3, 4, 7]
2025-05-12 12:46:43,146 - DEBUG - util_fusion - fusion_dual_defense - client 7 scores: {0: array([335.30970455]), 1: array([335.30678578]), 2: array([335.30633748]), 3: array([335.30929056]), 4: array([335.3096433]), 5: array([335.30852606]), 6: array([335.30810251]), 7: array([335.31078438]), 8: array([335.30852953]), 9: array([335.30843629])}
2025-05-12 12:46:43,146 - DEBUG - util_fusion - fusion_dual_defense - client 7 norm scores: {0: array([0.75717121]), 1: array([0.10081116]), 2: array([0.]), 3: array([0.66407608]), 4: array([0.74339919]), 5: array([0.49215891]), 6: array([0.39691216]), 7: array([1.]), 8: array([0.4929387]), 9: array([0.47197131])}
2025-05-12 12:46:43,147 - DEBUG - util_fusion - fusion_dual_defense - client 7 similarity threshold: 0.5119438713089474
2025-05-12 12:46:43,147 - INFO - util_fusion - fusion_dual_defense - client 7 selected fusion benigns: [0, 3, 4, 7]
2025-05-12 12:46:43,155 - DEBUG - util_fusion - fusion_dual_defense - client 8 scores: {0: array([335.30970455]), 1: array([335.30678578]), 2: array([335.30633748]), 3: array([335.30929056]), 4: array([335.3096433]), 5: array([335.30852606]), 6: array([335.30810251]), 7: array([335.31078438]), 8: array([335.30852953]), 9: array([335.30843629])}
2025-05-12 12:46:43,156 - DEBUG - util_fusion - fusion_dual_defense - client 8 norm scores: {0: array([0.75717121]), 1: array([0.10081116]), 2: array([0.]), 3: array([0.66407608]), 4: array([0.74339919]), 5: array([0.49215891]), 6: array([0.39691216]), 7: array([1.]), 8: array([0.4929387]), 9: array([0.47197131])}
2025-05-12 12:46:43,156 - DEBUG - util_fusion - fusion_dual_defense - client 8 similarity threshold: 0.5119438713089474
2025-05-12 12:46:43,156 - INFO - util_fusion - fusion_dual_defense - client 8 selected fusion benigns: [0, 3, 4, 7]
2025-05-12 12:46:43,164 - DEBUG - util_fusion - fusion_dual_defense - client 9 scores: {0: array([335.30970455]), 1: array([335.30678578]), 2: array([335.30633748]), 3: array([335.30929056]), 4: array([335.3096433]), 5: array([335.30852606]), 6: array([335.30810251]), 7: array([335.31078438]), 8: array([335.30852953]), 9: array([335.30843629])}
2025-05-12 12:46:43,165 - DEBUG - util_fusion - fusion_dual_defense - client 9 norm scores: {0: array([0.75717121]), 1: array([0.10081116]), 2: array([0.]), 3: array([0.66407608]), 4: array([0.74339919]), 5: array([0.49215891]), 6: array([0.39691216]), 7: array([1.]), 8: array([0.4929387]), 9: array([0.47197131])}
2025-05-12 12:46:43,165 - DEBUG - util_fusion - fusion_dual_defense - client 9 similarity threshold: 0.5119438713089474
2025-05-12 12:46:43,165 - INFO - util_fusion - fusion_dual_defense - client 9 selected fusion benigns: [0, 3, 4, 7]
2025-05-12 12:46:43,165 - DEBUG - util_fusion - fusion_dual_defense - final fusion benigns: (0, 3, 4, 7)
2025-05-12 12:46:44,821 - INFO - fl - start - global side -  test accuracy: 10.32
2025-05-12 12:46:44,821 - INFO - fl - start - global side iteration 10 -  test accuracy: 10.32
2025-05-12 12:46:44,822 - INFO - fl - start - start training round 11
2025-05-12 12:46:44,824 - INFO - fl - start - round 11 attackers: [3, 5]
2025-05-12 12:46:44,824 - INFO - fl - start - start client 0 training
2025-05-12 12:46:44,824 - INFO - fl - client_local_train - client 0 start local training ...
2025-05-12 12:46:51,403 - INFO - fl - start - end client 0 training
2025-05-12 12:46:51,403 - INFO - fl - start - client 0 evaluation metrics: {'train_loss': 1.64867407834436, 'test_acc': 9.74}
2025-05-12 12:46:51,403 - INFO - fl - start - start client 1 training
2025-05-12 12:46:51,403 - INFO - fl - client_local_train - client 1 start local training ...
2025-05-12 12:46:54,311 - INFO - fl - start - end client 1 training
2025-05-12 12:46:54,311 - INFO - fl - start - client 1 evaluation metrics: {'train_loss': 1.5872430989616795, 'test_acc': 8.92}
2025-05-12 12:46:54,311 - INFO - fl - start - start client 2 training
2025-05-12 12:46:54,312 - INFO - fl - client_local_train - client 2 start local training ...
2025-05-12 12:46:56,643 - INFO - fl - start - end client 2 training
2025-05-12 12:46:56,643 - INFO - fl - start - client 2 evaluation metrics: {'train_loss': 1.8797460496425629, 'test_acc': 9.8}
2025-05-12 12:46:56,643 - INFO - fl - start - start client 3 training
2025-05-12 12:46:56,643 - INFO - fl - client_local_train - client 3 start local training ...
2025-05-12 12:47:00,328 - INFO - fl - client_local_train - client 3 is attacker, start poisoning model
2025-05-12 12:47:05,024 - INFO - fl - start - end client 3 training
2025-05-12 12:47:05,024 - INFO - fl - start - client 3 evaluation metrics: {'train_loss': 11.212315914923686, 'test_acc': 10.1}
2025-05-12 12:47:05,025 - INFO - fl - start - start client 4 training
2025-05-12 12:47:05,025 - INFO - fl - client_local_train - client 4 start local training ...
2025-05-12 12:47:11,458 - INFO - fl - start - end client 4 training
2025-05-12 12:47:11,458 - INFO - fl - start - client 4 evaluation metrics: {'train_loss': 1.6714945772001821, 'test_acc': 10.32}
2025-05-12 12:47:11,458 - INFO - fl - start - start client 5 training
2025-05-12 12:47:11,458 - INFO - fl - client_local_train - client 5 start local training ...
2025-05-12 12:47:14,451 - INFO - fl - client_local_train - client 5 is attacker, start poisoning model
2025-05-12 12:47:18,740 - INFO - fl - start - end client 5 training
2025-05-12 12:47:18,740 - INFO - fl - start - client 5 evaluation metrics: {'train_loss': 5.223732487015102, 'test_acc': 9.58}
2025-05-12 12:47:18,740 - INFO - fl - start - start client 6 training
2025-05-12 12:47:18,740 - INFO - fl - client_local_train - client 6 start local training ...
2025-05-12 12:47:23,299 - INFO - fl - start - end client 6 training
2025-05-12 12:47:23,299 - INFO - fl - start - client 6 evaluation metrics: {'train_loss': 0.7102688252925873, 'test_acc': 10.28}
2025-05-12 12:47:23,299 - INFO - fl - start - start client 7 training
2025-05-12 12:47:23,299 - INFO - fl - client_local_train - client 7 start local training ...
2025-05-12 12:47:31,239 - INFO - fl - start - end client 7 training
2025-05-12 12:47:31,239 - INFO - fl - start - client 7 evaluation metrics: {'train_loss': 1.4881194348661055, 'test_acc': 11.35}
2025-05-12 12:47:31,239 - INFO - fl - start - start client 8 training
2025-05-12 12:47:31,239 - INFO - fl - client_local_train - client 8 start local training ...
2025-05-12 12:47:36,343 - INFO - fl - start - end client 8 training
2025-05-12 12:47:36,343 - INFO - fl - start - client 8 evaluation metrics: {'train_loss': 1.6961914495281551, 'test_acc': 10.09}
2025-05-12 12:47:36,343 - INFO - fl - start - start client 9 training
2025-05-12 12:47:36,343 - INFO - fl - client_local_train - client 9 start local training ...
2025-05-12 12:47:41,333 - INFO - fl - start - end client 9 training
2025-05-12 12:47:41,333 - INFO - fl - start - client 9 evaluation metrics: {'train_loss': 1.2684049097339758, 'test_acc': 9.82}
2025-05-12 12:47:41,333 - INFO - fl - aggregate_model - start model aggregation...fusion method: dual_defense
2025-05-12 12:47:41,333 - INFO - fl - aggregate_model - start hyper-guard fusion with epsilon 0.01
2025-05-12 12:47:41,333 - INFO - fl - aggregate_model - round 11 attackers: [3, 5]
2025-05-12 12:47:52,103 - DEBUG - util_fusion - fusion_dual_defense - client 0 scores: {0: array([16.09495893]), 1: array([16.09484022]), 2: array([16.09481991]), 3: array([16.09494809]), 4: array([16.09495673]), 5: array([16.09492072]), 6: array([16.0949023]), 7: array([16.09499222]), 8: array([16.09491873]), 9: array([16.09491756])}
2025-05-12 12:47:52,103 - DEBUG - util_fusion - fusion_dual_defense - client 0 norm scores: {0: array([0.80681632]), 1: array([0.11784715]), 2: array([0.]), 3: array([0.7439091]), 4: array([0.79402009]), 5: array([0.58503919]), 6: array([0.47814156]), 7: array([1.]), 8: array([0.57347514]), 9: array([0.56670335])}
2025-05-12 12:47:52,103 - DEBUG - util_fusion - fusion_dual_defense - client 0 similarity threshold: 0.5665951908553716
2025-05-12 12:47:52,103 - INFO - util_fusion - fusion_dual_defense - client 0 selected fusion benigns: [0, 3, 4, 5, 7, 8, 9]
2025-05-12 12:47:52,112 - DEBUG - util_fusion - fusion_dual_defense - client 1 scores: {0: array([16.09495893]), 1: array([16.09484022]), 2: array([16.09481991]), 3: array([16.09494809]), 4: array([16.09495673]), 5: array([16.09492072]), 6: array([16.0949023]), 7: array([16.09499222]), 8: array([16.09491873]), 9: array([16.09491756])}
2025-05-12 12:47:52,112 - DEBUG - util_fusion - fusion_dual_defense - client 1 norm scores: {0: array([0.80681632]), 1: array([0.11784715]), 2: array([0.]), 3: array([0.7439091]), 4: array([0.79402009]), 5: array([0.58503919]), 6: array([0.47814156]), 7: array([1.]), 8: array([0.57347514]), 9: array([0.56670335])}
2025-05-12 12:47:52,113 - DEBUG - util_fusion - fusion_dual_defense - client 1 similarity threshold: 0.5665951908553716
2025-05-12 12:47:52,113 - INFO - util_fusion - fusion_dual_defense - client 1 selected fusion benigns: [0, 3, 4, 5, 7, 8, 9]
2025-05-12 12:47:52,121 - DEBUG - util_fusion - fusion_dual_defense - client 2 scores: {0: array([16.09495893]), 1: array([16.09484022]), 2: array([16.09481991]), 3: array([16.09494809]), 4: array([16.09495673]), 5: array([16.09492072]), 6: array([16.0949023]), 7: array([16.09499222]), 8: array([16.09491873]), 9: array([16.09491756])}
2025-05-12 12:47:52,122 - DEBUG - util_fusion - fusion_dual_defense - client 2 norm scores: {0: array([0.80681632]), 1: array([0.11784715]), 2: array([0.]), 3: array([0.7439091]), 4: array([0.79402009]), 5: array([0.58503919]), 6: array([0.47814156]), 7: array([1.]), 8: array([0.57347514]), 9: array([0.56670335])}
2025-05-12 12:47:52,122 - DEBUG - util_fusion - fusion_dual_defense - client 2 similarity threshold: 0.5665951908553716
2025-05-12 12:47:52,122 - INFO - util_fusion - fusion_dual_defense - client 2 selected fusion benigns: [0, 3, 4, 5, 7, 8, 9]
2025-05-12 12:47:52,130 - DEBUG - util_fusion - fusion_dual_defense - client 3 scores: {0: array([16.09495893]), 1: array([16.09484022]), 2: array([16.09481991]), 3: array([16.09494809]), 4: array([16.09495673]), 5: array([16.09492072]), 6: array([16.0949023]), 7: array([16.09499222]), 8: array([16.09491873]), 9: array([16.09491756])}
2025-05-12 12:47:52,131 - DEBUG - util_fusion - fusion_dual_defense - client 3 norm scores: {0: array([0.80681632]), 1: array([0.11784715]), 2: array([0.]), 3: array([0.7439091]), 4: array([0.79402009]), 5: array([0.58503919]), 6: array([0.47814156]), 7: array([1.]), 8: array([0.57347514]), 9: array([0.56670335])}
2025-05-12 12:47:52,131 - DEBUG - util_fusion - fusion_dual_defense - client 3 similarity threshold: 0.5665951908553716
2025-05-12 12:47:52,131 - INFO - util_fusion - fusion_dual_defense - client 3 selected fusion benigns: [0, 3, 4, 5, 7, 8, 9]
2025-05-12 12:47:52,139 - DEBUG - util_fusion - fusion_dual_defense - client 4 scores: {0: array([16.09495893]), 1: array([16.09484022]), 2: array([16.09481991]), 3: array([16.09494809]), 4: array([16.09495673]), 5: array([16.09492072]), 6: array([16.0949023]), 7: array([16.09499222]), 8: array([16.09491873]), 9: array([16.09491756])}
2025-05-12 12:47:52,140 - DEBUG - util_fusion - fusion_dual_defense - client 4 norm scores: {0: array([0.80681632]), 1: array([0.11784715]), 2: array([0.]), 3: array([0.7439091]), 4: array([0.79402009]), 5: array([0.58503919]), 6: array([0.47814156]), 7: array([1.]), 8: array([0.57347514]), 9: array([0.56670335])}
2025-05-12 12:47:52,140 - DEBUG - util_fusion - fusion_dual_defense - client 4 similarity threshold: 0.5665951908553716
2025-05-12 12:47:52,140 - INFO - util_fusion - fusion_dual_defense - client 4 selected fusion benigns: [0, 3, 4, 5, 7, 8, 9]
2025-05-12 12:47:52,148 - DEBUG - util_fusion - fusion_dual_defense - client 5 scores: {0: array([16.09495893]), 1: array([16.09484022]), 2: array([16.09481991]), 3: array([16.09494809]), 4: array([16.09495673]), 5: array([16.09492072]), 6: array([16.0949023]), 7: array([16.09499222]), 8: array([16.09491873]), 9: array([16.09491756])}
2025-05-12 12:47:52,149 - DEBUG - util_fusion - fusion_dual_defense - client 5 norm scores: {0: array([0.80681632]), 1: array([0.11784715]), 2: array([0.]), 3: array([0.7439091]), 4: array([0.79402009]), 5: array([0.58503919]), 6: array([0.47814156]), 7: array([1.]), 8: array([0.57347514]), 9: array([0.56670335])}
2025-05-12 12:47:52,149 - DEBUG - util_fusion - fusion_dual_defense - client 5 similarity threshold: 0.5665951908553716
2025-05-12 12:47:52,149 - INFO - util_fusion - fusion_dual_defense - client 5 selected fusion benigns: [0, 3, 4, 5, 7, 8, 9]
2025-05-12 12:47:52,157 - DEBUG - util_fusion - fusion_dual_defense - client 6 scores: {0: array([16.09495893]), 1: array([16.09484022]), 2: array([16.09481991]), 3: array([16.09494809]), 4: array([16.09495673]), 5: array([16.09492072]), 6: array([16.0949023]), 7: array([16.09499222]), 8: array([16.09491873]), 9: array([16.09491756])}
2025-05-12 12:47:52,158 - DEBUG - util_fusion - fusion_dual_defense - client 6 norm scores: {0: array([0.80681632]), 1: array([0.11784715]), 2: array([0.]), 3: array([0.7439091]), 4: array([0.79402009]), 5: array([0.58503919]), 6: array([0.47814156]), 7: array([1.]), 8: array([0.57347514]), 9: array([0.56670335])}
2025-05-12 12:47:52,158 - DEBUG - util_fusion - fusion_dual_defense - client 6 similarity threshold: 0.5665951908553716
2025-05-12 12:47:52,158 - INFO - util_fusion - fusion_dual_defense - client 6 selected fusion benigns: [0, 3, 4, 5, 7, 8, 9]
2025-05-12 12:47:52,166 - DEBUG - util_fusion - fusion_dual_defense - client 7 scores: {0: array([16.09495893]), 1: array([16.09484022]), 2: array([16.09481991]), 3: array([16.09494809]), 4: array([16.09495673]), 5: array([16.09492072]), 6: array([16.0949023]), 7: array([16.09499222]), 8: array([16.09491873]), 9: array([16.09491756])}
2025-05-12 12:47:52,167 - DEBUG - util_fusion - fusion_dual_defense - client 7 norm scores: {0: array([0.80681632]), 1: array([0.11784715]), 2: array([0.]), 3: array([0.7439091]), 4: array([0.79402009]), 5: array([0.58503919]), 6: array([0.47814156]), 7: array([1.]), 8: array([0.57347514]), 9: array([0.56670335])}
2025-05-12 12:47:52,167 - DEBUG - util_fusion - fusion_dual_defense - client 7 similarity threshold: 0.5665951908553716
2025-05-12 12:47:52,167 - INFO - util_fusion - fusion_dual_defense - client 7 selected fusion benigns: [0, 3, 4, 5, 7, 8, 9]
2025-05-12 12:47:52,175 - DEBUG - util_fusion - fusion_dual_defense - client 8 scores: {0: array([16.09495893]), 1: array([16.09484022]), 2: array([16.09481991]), 3: array([16.09494809]), 4: array([16.09495673]), 5: array([16.09492072]), 6: array([16.0949023]), 7: array([16.09499222]), 8: array([16.09491873]), 9: array([16.09491756])}
2025-05-12 12:47:52,176 - DEBUG - util_fusion - fusion_dual_defense - client 8 norm scores: {0: array([0.80681632]), 1: array([0.11784715]), 2: array([0.]), 3: array([0.7439091]), 4: array([0.79402009]), 5: array([0.58503919]), 6: array([0.47814156]), 7: array([1.]), 8: array([0.57347514]), 9: array([0.56670335])}
2025-05-12 12:47:52,176 - DEBUG - util_fusion - fusion_dual_defense - client 8 similarity threshold: 0.5665951908553716
2025-05-12 12:47:52,176 - INFO - util_fusion - fusion_dual_defense - client 8 selected fusion benigns: [0, 3, 4, 5, 7, 8, 9]
2025-05-12 12:47:52,184 - DEBUG - util_fusion - fusion_dual_defense - client 9 scores: {0: array([16.09495893]), 1: array([16.09484022]), 2: array([16.09481991]), 3: array([16.09494809]), 4: array([16.09495673]), 5: array([16.09492072]), 6: array([16.0949023]), 7: array([16.09499222]), 8: array([16.09491873]), 9: array([16.09491756])}
2025-05-12 12:47:52,185 - DEBUG - util_fusion - fusion_dual_defense - client 9 norm scores: {0: array([0.80681632]), 1: array([0.11784715]), 2: array([0.]), 3: array([0.7439091]), 4: array([0.79402009]), 5: array([0.58503919]), 6: array([0.47814156]), 7: array([1.]), 8: array([0.57347514]), 9: array([0.56670335])}
2025-05-12 12:47:52,185 - DEBUG - util_fusion - fusion_dual_defense - client 9 similarity threshold: 0.5665951908553716
2025-05-12 12:47:52,185 - INFO - util_fusion - fusion_dual_defense - client 9 selected fusion benigns: [0, 3, 4, 5, 7, 8, 9]
2025-05-12 12:47:52,185 - DEBUG - util_fusion - fusion_dual_defense - final fusion benigns: (0, 3, 4, 5, 7, 8, 9)
2025-05-12 12:47:53,994 - INFO - fl - start - global side -  test accuracy: 10.32
2025-05-12 12:47:53,994 - INFO - fl - start - global side iteration 11 -  test accuracy: 10.32
2025-05-12 12:47:53,995 - INFO - fl - start - start training round 12
2025-05-12 12:47:53,996 - INFO - fl - start - round 12 attackers: [5, 4]
2025-05-12 12:47:53,996 - INFO - fl - start - start client 0 training
2025-05-12 12:47:53,996 - INFO - fl - client_local_train - client 0 start local training ...
2025-05-12 12:48:00,534 - INFO - fl - start - end client 0 training
2025-05-12 12:48:00,534 - INFO - fl - start - client 0 evaluation metrics: {'train_loss': 1.6666567297432366, 'test_acc': 9.74}
2025-05-12 12:48:00,534 - INFO - fl - start - start client 1 training
2025-05-12 12:48:00,535 - INFO - fl - client_local_train - client 1 start local training ...
2025-05-12 12:48:03,405 - INFO - fl - start - end client 1 training
2025-05-12 12:48:03,406 - INFO - fl - start - client 1 evaluation metrics: {'train_loss': 1.5878841720129315, 'test_acc': 8.92}
2025-05-12 12:48:03,406 - INFO - fl - start - start client 2 training
2025-05-12 12:48:03,406 - INFO - fl - client_local_train - client 2 start local training ...
2025-05-12 12:48:05,733 - INFO - fl - start - end client 2 training
2025-05-12 12:48:05,733 - INFO - fl - start - client 2 evaluation metrics: {'train_loss': 1.8120880921681721, 'test_acc': 9.8}
2025-05-12 12:48:05,733 - INFO - fl - start - start client 3 training
2025-05-12 12:48:05,733 - INFO - fl - client_local_train - client 3 start local training ...
2025-05-12 12:48:11,744 - INFO - fl - start - end client 3 training
2025-05-12 12:48:11,744 - INFO - fl - start - client 3 evaluation metrics: {'train_loss': 1.9725579807632847, 'test_acc': 10.1}
2025-05-12 12:48:11,744 - INFO - fl - start - start client 4 training
2025-05-12 12:48:11,744 - INFO - fl - client_local_train - client 4 start local training ...
2025-05-12 12:48:15,756 - INFO - fl - client_local_train - client 4 is attacker, start poisoning model
2025-05-12 12:48:20,594 - INFO - fl - start - end client 4 training
2025-05-12 12:48:20,594 - INFO - fl - start - client 4 evaluation metrics: {'train_loss': 5.879836092072148, 'test_acc': 10.32}
2025-05-12 12:48:20,594 - INFO - fl - start - start client 5 training
2025-05-12 12:48:20,594 - INFO - fl - client_local_train - client 5 start local training ...
2025-05-12 12:48:23,589 - INFO - fl - client_local_train - client 5 is attacker, start poisoning model
2025-05-12 12:48:27,890 - INFO - fl - start - end client 5 training
2025-05-12 12:48:27,890 - INFO - fl - start - client 5 evaluation metrics: {'train_loss': 5.882447346397068, 'test_acc': 9.58}
2025-05-12 12:48:27,890 - INFO - fl - start - start client 6 training
2025-05-12 12:48:27,890 - INFO - fl - client_local_train - client 6 start local training ...
2025-05-12 12:48:32,497 - INFO - fl - start - end client 6 training
2025-05-12 12:48:32,497 - INFO - fl - start - client 6 evaluation metrics: {'train_loss': 0.7363266880753674, 'test_acc': 10.28}
2025-05-12 12:48:32,497 - INFO - fl - start - start client 7 training
2025-05-12 12:48:32,497 - INFO - fl - client_local_train - client 7 start local training ...
2025-05-12 12:48:40,431 - INFO - fl - start - end client 7 training
2025-05-12 12:48:40,431 - INFO - fl - start - client 7 evaluation metrics: {'train_loss': 1.4951058781665305, 'test_acc': 11.35}
2025-05-12 12:48:40,431 - INFO - fl - start - start client 8 training
2025-05-12 12:48:40,431 - INFO - fl - client_local_train - client 8 start local training ...
2025-05-12 12:48:45,551 - INFO - fl - start - end client 8 training
2025-05-12 12:48:45,551 - INFO - fl - start - client 8 evaluation metrics: {'train_loss': 1.7117481698160586, 'test_acc': 10.09}
2025-05-12 12:48:45,551 - INFO - fl - start - start client 9 training
2025-05-12 12:48:45,551 - INFO - fl - client_local_train - client 9 start local training ...
2025-05-12 12:48:50,554 - INFO - fl - start - end client 9 training
2025-05-12 12:48:50,554 - INFO - fl - start - client 9 evaluation metrics: {'train_loss': 1.2596599051121915, 'test_acc': 9.82}
2025-05-12 12:48:50,554 - INFO - fl - aggregate_model - start model aggregation...fusion method: dual_defense
2025-05-12 12:48:50,554 - INFO - fl - aggregate_model - start hyper-guard fusion with epsilon 0.01
2025-05-12 12:48:50,554 - INFO - fl - aggregate_model - round 12 attackers: [4, 5]
2025-05-12 12:49:01,364 - DEBUG - util_fusion - fusion_dual_defense - client 0 scores: {0: array([193.35468628]), 1: array([193.35449032]), 2: array([193.35442461]), 3: array([193.35465881]), 4: array([193.35468149]), 5: array([193.3546518]), 6: array([193.35462513]), 7: array([193.35477492]), 8: array([193.35464073]), 9: array([193.35459993])}
2025-05-12 12:49:01,365 - DEBUG - util_fusion - fusion_dual_defense - client 0 norm scores: {0: array([0.7469549]), 1: array([0.18755534]), 2: array([0.]), 3: array([0.66856125]), 4: array([0.73328582]), 5: array([0.64852715]), 6: array([0.57239506]), 7: array([1.]), 8: array([0.61694311]), 9: array([0.5004702])}
2025-05-12 12:49:01,365 - DEBUG - util_fusion - fusion_dual_defense - client 0 similarity threshold: 0.5674692829902781
2025-05-12 12:49:01,365 - INFO - util_fusion - fusion_dual_defense - client 0 selected fusion benigns: [0, 3, 4, 5, 6, 7, 8]
2025-05-12 12:49:01,374 - DEBUG - util_fusion - fusion_dual_defense - client 1 scores: {0: array([193.35468628]), 1: array([193.35449032]), 2: array([193.35442461]), 3: array([193.35465881]), 4: array([193.35468149]), 5: array([193.3546518]), 6: array([193.35462513]), 7: array([193.35477492]), 8: array([193.35464073]), 9: array([193.35459993])}
2025-05-12 12:49:01,374 - DEBUG - util_fusion - fusion_dual_defense - client 1 norm scores: {0: array([0.7469549]), 1: array([0.18755534]), 2: array([0.]), 3: array([0.66856125]), 4: array([0.73328582]), 5: array([0.64852715]), 6: array([0.57239506]), 7: array([1.]), 8: array([0.61694311]), 9: array([0.5004702])}
2025-05-12 12:49:01,374 - DEBUG - util_fusion - fusion_dual_defense - client 1 similarity threshold: 0.5674692829902781
2025-05-12 12:49:01,374 - INFO - util_fusion - fusion_dual_defense - client 1 selected fusion benigns: [0, 3, 4, 5, 6, 7, 8]
2025-05-12 12:49:01,383 - DEBUG - util_fusion - fusion_dual_defense - client 2 scores: {0: array([193.35468628]), 1: array([193.35449032]), 2: array([193.35442461]), 3: array([193.35465881]), 4: array([193.35468149]), 5: array([193.3546518]), 6: array([193.35462513]), 7: array([193.35477492]), 8: array([193.35464073]), 9: array([193.35459993])}
2025-05-12 12:49:01,383 - DEBUG - util_fusion - fusion_dual_defense - client 2 norm scores: {0: array([0.7469549]), 1: array([0.18755534]), 2: array([0.]), 3: array([0.66856125]), 4: array([0.73328582]), 5: array([0.64852715]), 6: array([0.57239506]), 7: array([1.]), 8: array([0.61694311]), 9: array([0.5004702])}
2025-05-12 12:49:01,383 - DEBUG - util_fusion - fusion_dual_defense - client 2 similarity threshold: 0.5674692829902781
2025-05-12 12:49:01,383 - INFO - util_fusion - fusion_dual_defense - client 2 selected fusion benigns: [0, 3, 4, 5, 6, 7, 8]
2025-05-12 12:49:01,392 - DEBUG - util_fusion - fusion_dual_defense - client 3 scores: {0: array([193.35468628]), 1: array([193.35449032]), 2: array([193.35442461]), 3: array([193.35465881]), 4: array([193.35468149]), 5: array([193.3546518]), 6: array([193.35462513]), 7: array([193.35477492]), 8: array([193.35464073]), 9: array([193.35459993])}
2025-05-12 12:49:01,392 - DEBUG - util_fusion - fusion_dual_defense - client 3 norm scores: {0: array([0.7469549]), 1: array([0.18755534]), 2: array([0.]), 3: array([0.66856125]), 4: array([0.73328582]), 5: array([0.64852715]), 6: array([0.57239506]), 7: array([1.]), 8: array([0.61694311]), 9: array([0.5004702])}
2025-05-12 12:49:01,392 - DEBUG - util_fusion - fusion_dual_defense - client 3 similarity threshold: 0.5674692829902781
2025-05-12 12:49:01,393 - INFO - util_fusion - fusion_dual_defense - client 3 selected fusion benigns: [0, 3, 4, 5, 6, 7, 8]
2025-05-12 12:49:01,401 - DEBUG - util_fusion - fusion_dual_defense - client 4 scores: {0: array([193.35468628]), 1: array([193.35449032]), 2: array([193.35442461]), 3: array([193.35465881]), 4: array([193.35468149]), 5: array([193.3546518]), 6: array([193.35462513]), 7: array([193.35477492]), 8: array([193.35464073]), 9: array([193.35459993])}
2025-05-12 12:49:01,401 - DEBUG - util_fusion - fusion_dual_defense - client 4 norm scores: {0: array([0.7469549]), 1: array([0.18755534]), 2: array([0.]), 3: array([0.66856125]), 4: array([0.73328582]), 5: array([0.64852715]), 6: array([0.57239506]), 7: array([1.]), 8: array([0.61694311]), 9: array([0.5004702])}
2025-05-12 12:49:01,401 - DEBUG - util_fusion - fusion_dual_defense - client 4 similarity threshold: 0.5674692829902781
2025-05-12 12:49:01,402 - INFO - util_fusion - fusion_dual_defense - client 4 selected fusion benigns: [0, 3, 4, 5, 6, 7, 8]
2025-05-12 12:49:01,410 - DEBUG - util_fusion - fusion_dual_defense - client 5 scores: {0: array([193.35468628]), 1: array([193.35449032]), 2: array([193.35442461]), 3: array([193.35465881]), 4: array([193.35468149]), 5: array([193.3546518]), 6: array([193.35462513]), 7: array([193.35477492]), 8: array([193.35464073]), 9: array([193.35459993])}
2025-05-12 12:49:01,410 - DEBUG - util_fusion - fusion_dual_defense - client 5 norm scores: {0: array([0.7469549]), 1: array([0.18755534]), 2: array([0.]), 3: array([0.66856125]), 4: array([0.73328582]), 5: array([0.64852715]), 6: array([0.57239506]), 7: array([1.]), 8: array([0.61694311]), 9: array([0.5004702])}
2025-05-12 12:49:01,411 - DEBUG - util_fusion - fusion_dual_defense - client 5 similarity threshold: 0.5674692829902781
2025-05-12 12:49:01,411 - INFO - util_fusion - fusion_dual_defense - client 5 selected fusion benigns: [0, 3, 4, 5, 6, 7, 8]
2025-05-12 12:49:01,419 - DEBUG - util_fusion - fusion_dual_defense - client 6 scores: {0: array([193.35468628]), 1: array([193.35449032]), 2: array([193.35442461]), 3: array([193.35465881]), 4: array([193.35468149]), 5: array([193.3546518]), 6: array([193.35462513]), 7: array([193.35477492]), 8: array([193.35464073]), 9: array([193.35459993])}
2025-05-12 12:49:01,420 - DEBUG - util_fusion - fusion_dual_defense - client 6 norm scores: {0: array([0.7469549]), 1: array([0.18755534]), 2: array([0.]), 3: array([0.66856125]), 4: array([0.73328582]), 5: array([0.64852715]), 6: array([0.57239506]), 7: array([1.]), 8: array([0.61694311]), 9: array([0.5004702])}
2025-05-12 12:49:01,420 - DEBUG - util_fusion - fusion_dual_defense - client 6 similarity threshold: 0.5674692829902781
2025-05-12 12:49:01,420 - INFO - util_fusion - fusion_dual_defense - client 6 selected fusion benigns: [0, 3, 4, 5, 6, 7, 8]
2025-05-12 12:49:01,428 - DEBUG - util_fusion - fusion_dual_defense - client 7 scores: {0: array([193.35468628]), 1: array([193.35449032]), 2: array([193.35442461]), 3: array([193.35465881]), 4: array([193.35468149]), 5: array([193.3546518]), 6: array([193.35462513]), 7: array([193.35477492]), 8: array([193.35464073]), 9: array([193.35459993])}
2025-05-12 12:49:01,429 - DEBUG - util_fusion - fusion_dual_defense - client 7 norm scores: {0: array([0.7469549]), 1: array([0.18755534]), 2: array([0.]), 3: array([0.66856125]), 4: array([0.73328582]), 5: array([0.64852715]), 6: array([0.57239506]), 7: array([1.]), 8: array([0.61694311]), 9: array([0.5004702])}
2025-05-12 12:49:01,429 - DEBUG - util_fusion - fusion_dual_defense - client 7 similarity threshold: 0.5674692829902781
2025-05-12 12:49:01,429 - INFO - util_fusion - fusion_dual_defense - client 7 selected fusion benigns: [0, 3, 4, 5, 6, 7, 8]
2025-05-12 12:49:01,437 - DEBUG - util_fusion - fusion_dual_defense - client 8 scores: {0: array([193.35468628]), 1: array([193.35449032]), 2: array([193.35442461]), 3: array([193.35465881]), 4: array([193.35468149]), 5: array([193.3546518]), 6: array([193.35462513]), 7: array([193.35477492]), 8: array([193.35464073]), 9: array([193.35459993])}
2025-05-12 12:49:01,438 - DEBUG - util_fusion - fusion_dual_defense - client 8 norm scores: {0: array([0.7469549]), 1: array([0.18755534]), 2: array([0.]), 3: array([0.66856125]), 4: array([0.73328582]), 5: array([0.64852715]), 6: array([0.57239506]), 7: array([1.]), 8: array([0.61694311]), 9: array([0.5004702])}
2025-05-12 12:49:01,438 - DEBUG - util_fusion - fusion_dual_defense - client 8 similarity threshold: 0.5674692829902781
2025-05-12 12:49:01,438 - INFO - util_fusion - fusion_dual_defense - client 8 selected fusion benigns: [0, 3, 4, 5, 6, 7, 8]
2025-05-12 12:49:01,446 - DEBUG - util_fusion - fusion_dual_defense - client 9 scores: {0: array([193.35468628]), 1: array([193.35449032]), 2: array([193.35442461]), 3: array([193.35465881]), 4: array([193.35468149]), 5: array([193.3546518]), 6: array([193.35462513]), 7: array([193.35477492]), 8: array([193.35464073]), 9: array([193.35459993])}
2025-05-12 12:49:01,447 - DEBUG - util_fusion - fusion_dual_defense - client 9 norm scores: {0: array([0.7469549]), 1: array([0.18755534]), 2: array([0.]), 3: array([0.66856125]), 4: array([0.73328582]), 5: array([0.64852715]), 6: array([0.57239506]), 7: array([1.]), 8: array([0.61694311]), 9: array([0.5004702])}
2025-05-12 12:49:01,447 - DEBUG - util_fusion - fusion_dual_defense - client 9 similarity threshold: 0.5674692829902781
2025-05-12 12:49:01,447 - INFO - util_fusion - fusion_dual_defense - client 9 selected fusion benigns: [0, 3, 4, 5, 6, 7, 8]
2025-05-12 12:49:01,447 - DEBUG - util_fusion - fusion_dual_defense - final fusion benigns: (0, 3, 4, 5, 6, 7, 8)
2025-05-12 12:49:03,262 - INFO - fl - start - global side -  test accuracy: 10.32
2025-05-12 12:49:03,262 - INFO - fl - start - global side iteration 12 -  test accuracy: 10.32
2025-05-12 12:49:03,263 - INFO - fl - start - start training round 13
2025-05-12 12:49:03,264 - INFO - fl - start - round 13 attackers: [3, 7]
2025-05-12 12:49:03,264 - INFO - fl - start - start client 0 training
2025-05-12 12:49:03,264 - INFO - fl - client_local_train - client 0 start local training ...
2025-05-12 12:49:09,841 - INFO - fl - start - end client 0 training
2025-05-12 12:49:09,841 - INFO - fl - start - client 0 evaluation metrics: {'train_loss': 2.024201162218109, 'test_acc': 9.74}
2025-05-12 12:49:09,841 - INFO - fl - start - start client 1 training
2025-05-12 12:49:09,841 - INFO - fl - client_local_train - client 1 start local training ...
2025-05-12 12:49:12,727 - INFO - fl - start - end client 1 training
2025-05-12 12:49:12,727 - INFO - fl - start - client 1 evaluation metrics: {'train_loss': 1.720326796958321, 'test_acc': 8.92}
2025-05-12 12:49:12,727 - INFO - fl - start - start client 2 training
2025-05-12 12:49:12,727 - INFO - fl - client_local_train - client 2 start local training ...
2025-05-12 12:49:15,070 - INFO - fl - start - end client 2 training
2025-05-12 12:49:15,070 - INFO - fl - start - client 2 evaluation metrics: {'train_loss': 2.2873689581950507, 'test_acc': 9.8}
2025-05-12 12:49:15,070 - INFO - fl - start - start client 3 training
2025-05-12 12:49:15,079 - INFO - fl - client_local_train - client 3 start local training ...
2025-05-12 12:49:18,779 - INFO - fl - client_local_train - client 3 is attacker, start poisoning model
2025-05-12 12:49:23,453 - INFO - fl - start - end client 3 training
2025-05-12 12:49:23,453 - INFO - fl - start - client 3 evaluation metrics: {'train_loss': 16.650216922425386, 'test_acc': 10.1}
2025-05-12 12:49:23,453 - INFO - fl - start - start client 4 training
2025-05-12 12:49:23,453 - INFO - fl - client_local_train - client 4 start local training ...
2025-05-12 12:49:29,940 - INFO - fl - start - end client 4 training
2025-05-12 12:49:29,940 - INFO - fl - start - client 4 evaluation metrics: {'train_loss': 1.763850123651566, 'test_acc': 10.32}
2025-05-12 12:49:29,940 - INFO - fl - start - start client 5 training
2025-05-12 12:49:29,940 - INFO - fl - client_local_train - client 5 start local training ...
2025-05-12 12:49:35,064 - INFO - fl - start - end client 5 training
2025-05-12 12:49:35,064 - INFO - fl - start - client 5 evaluation metrics: {'train_loss': 3.571525643701139, 'test_acc': 9.58}
2025-05-12 12:49:35,064 - INFO - fl - start - start client 6 training
2025-05-12 12:49:35,064 - INFO - fl - client_local_train - client 6 start local training ...
2025-05-12 12:49:39,675 - INFO - fl - start - end client 6 training
2025-05-12 12:49:39,675 - INFO - fl - start - client 6 evaluation metrics: {'train_loss': 0.8234574632554115, 'test_acc': 10.28}
2025-05-12 12:49:39,675 - INFO - fl - start - start client 7 training
2025-05-12 12:49:39,675 - INFO - fl - client_local_train - client 7 start local training ...
2025-05-12 12:49:44,902 - INFO - fl - client_local_train - client 7 is attacker, start poisoning model
2025-05-12 12:49:50,421 - INFO - fl - start - end client 7 training
2025-05-12 12:49:50,421 - INFO - fl - start - client 7 evaluation metrics: {'train_loss': 6.573272247492157, 'test_acc': 11.35}
2025-05-12 12:49:50,421 - INFO - fl - start - start client 8 training
2025-05-12 12:49:50,421 - INFO - fl - client_local_train - client 8 start local training ...
2025-05-12 12:49:55,588 - INFO - fl - start - end client 8 training
2025-05-12 12:49:55,588 - INFO - fl - start - client 8 evaluation metrics: {'train_loss': 3.2288029453028804, 'test_acc': 10.1}
2025-05-12 12:49:55,588 - INFO - fl - start - start client 9 training
2025-05-12 12:49:55,588 - INFO - fl - client_local_train - client 9 start local training ...
2025-05-12 12:50:00,607 - INFO - fl - start - end client 9 training
2025-05-12 12:50:00,607 - INFO - fl - start - client 9 evaluation metrics: {'train_loss': 1.287818169325925, 'test_acc': 9.82}
2025-05-12 12:50:00,607 - INFO - fl - aggregate_model - start model aggregation...fusion method: dual_defense
2025-05-12 12:50:00,607 - INFO - fl - aggregate_model - start hyper-guard fusion with epsilon 0.01
2025-05-12 12:50:00,607 - INFO - fl - aggregate_model - round 13 attackers: [3, 7]
2025-05-12 12:50:11,457 - DEBUG - util_fusion - fusion_dual_defense - client 0 scores: {0: array([174.23257098]), 1: array([174.23183485]), 2: array([174.23172918]), 3: array([174.2324582]), 4: array([174.23255513]), 5: array([174.23227269]), 6: array([174.23216359]), 7: array([174.23288227]), 8: array([174.23226656]), 9: array([174.23223851])}
2025-05-12 12:50:11,457 - DEBUG - util_fusion - fusion_dual_defense - client 0 norm scores: {0: array([0.73004061]), 1: array([0.09164603]), 2: array([0.]), 3: array([0.63223612]), 4: array([0.71629968]), 5: array([0.47135723]), 6: array([0.37674228]), 7: array([1.]), 8: array([0.46603779]), 9: array([0.44171445])}
2025-05-12 12:50:11,457 - DEBUG - util_fusion - fusion_dual_defense - client 0 similarity threshold: 0.4926074186568095
2025-05-12 12:50:11,458 - INFO - util_fusion - fusion_dual_defense - client 0 selected fusion benigns: [0, 3, 4, 7]
2025-05-12 12:50:11,466 - DEBUG - util_fusion - fusion_dual_defense - client 1 scores: {0: array([174.23257098]), 1: array([174.23183485]), 2: array([174.23172918]), 3: array([174.2324582]), 4: array([174.23255513]), 5: array([174.23227269]), 6: array([174.23216359]), 7: array([174.23288227]), 8: array([174.23226656]), 9: array([174.23223851])}
2025-05-12 12:50:11,467 - DEBUG - util_fusion - fusion_dual_defense - client 1 norm scores: {0: array([0.73004061]), 1: array([0.09164603]), 2: array([0.]), 3: array([0.63223612]), 4: array([0.71629968]), 5: array([0.47135723]), 6: array([0.37674228]), 7: array([1.]), 8: array([0.46603779]), 9: array([0.44171445])}
2025-05-12 12:50:11,467 - DEBUG - util_fusion - fusion_dual_defense - client 1 similarity threshold: 0.4926074186568095
2025-05-12 12:50:11,467 - INFO - util_fusion - fusion_dual_defense - client 1 selected fusion benigns: [0, 3, 4, 7]
2025-05-12 12:50:11,475 - DEBUG - util_fusion - fusion_dual_defense - client 2 scores: {0: array([174.23257098]), 1: array([174.23183485]), 2: array([174.23172918]), 3: array([174.2324582]), 4: array([174.23255513]), 5: array([174.23227269]), 6: array([174.23216359]), 7: array([174.23288227]), 8: array([174.23226656]), 9: array([174.23223851])}
2025-05-12 12:50:11,476 - DEBUG - util_fusion - fusion_dual_defense - client 2 norm scores: {0: array([0.73004061]), 1: array([0.09164603]), 2: array([0.]), 3: array([0.63223612]), 4: array([0.71629968]), 5: array([0.47135723]), 6: array([0.37674228]), 7: array([1.]), 8: array([0.46603779]), 9: array([0.44171445])}
2025-05-12 12:50:11,476 - DEBUG - util_fusion - fusion_dual_defense - client 2 similarity threshold: 0.4926074186568095
2025-05-12 12:50:11,476 - INFO - util_fusion - fusion_dual_defense - client 2 selected fusion benigns: [0, 3, 4, 7]
2025-05-12 12:50:11,484 - DEBUG - util_fusion - fusion_dual_defense - client 3 scores: {0: array([174.23257098]), 1: array([174.23183485]), 2: array([174.23172918]), 3: array([174.2324582]), 4: array([174.23255513]), 5: array([174.23227269]), 6: array([174.23216359]), 7: array([174.23288227]), 8: array([174.23226656]), 9: array([174.23223851])}
2025-05-12 12:50:11,485 - DEBUG - util_fusion - fusion_dual_defense - client 3 norm scores: {0: array([0.73004061]), 1: array([0.09164603]), 2: array([0.]), 3: array([0.63223612]), 4: array([0.71629968]), 5: array([0.47135723]), 6: array([0.37674228]), 7: array([1.]), 8: array([0.46603779]), 9: array([0.44171445])}
2025-05-12 12:50:11,485 - DEBUG - util_fusion - fusion_dual_defense - client 3 similarity threshold: 0.4926074186568095
2025-05-12 12:50:11,485 - INFO - util_fusion - fusion_dual_defense - client 3 selected fusion benigns: [0, 3, 4, 7]
2025-05-12 12:50:11,493 - DEBUG - util_fusion - fusion_dual_defense - client 4 scores: {0: array([174.23257098]), 1: array([174.23183485]), 2: array([174.23172918]), 3: array([174.2324582]), 4: array([174.23255513]), 5: array([174.23227269]), 6: array([174.23216359]), 7: array([174.23288227]), 8: array([174.23226656]), 9: array([174.23223851])}
2025-05-12 12:50:11,494 - DEBUG - util_fusion - fusion_dual_defense - client 4 norm scores: {0: array([0.73004061]), 1: array([0.09164603]), 2: array([0.]), 3: array([0.63223612]), 4: array([0.71629968]), 5: array([0.47135723]), 6: array([0.37674228]), 7: array([1.]), 8: array([0.46603779]), 9: array([0.44171445])}
2025-05-12 12:50:11,494 - DEBUG - util_fusion - fusion_dual_defense - client 4 similarity threshold: 0.4926074186568095
2025-05-12 12:50:11,494 - INFO - util_fusion - fusion_dual_defense - client 4 selected fusion benigns: [0, 3, 4, 7]
2025-05-12 12:50:11,502 - DEBUG - util_fusion - fusion_dual_defense - client 5 scores: {0: array([174.23257098]), 1: array([174.23183485]), 2: array([174.23172918]), 3: array([174.2324582]), 4: array([174.23255513]), 5: array([174.23227269]), 6: array([174.23216359]), 7: array([174.23288227]), 8: array([174.23226656]), 9: array([174.23223851])}
2025-05-12 12:50:11,503 - DEBUG - util_fusion - fusion_dual_defense - client 5 norm scores: {0: array([0.73004061]), 1: array([0.09164603]), 2: array([0.]), 3: array([0.63223612]), 4: array([0.71629968]), 5: array([0.47135723]), 6: array([0.37674228]), 7: array([1.]), 8: array([0.46603779]), 9: array([0.44171445])}
2025-05-12 12:50:11,503 - DEBUG - util_fusion - fusion_dual_defense - client 5 similarity threshold: 0.4926074186568095
2025-05-12 12:50:11,503 - INFO - util_fusion - fusion_dual_defense - client 5 selected fusion benigns: [0, 3, 4, 7]
2025-05-12 12:50:11,511 - DEBUG - util_fusion - fusion_dual_defense - client 6 scores: {0: array([174.23257098]), 1: array([174.23183485]), 2: array([174.23172918]), 3: array([174.2324582]), 4: array([174.23255513]), 5: array([174.23227269]), 6: array([174.23216359]), 7: array([174.23288227]), 8: array([174.23226656]), 9: array([174.23223851])}
2025-05-12 12:50:11,512 - DEBUG - util_fusion - fusion_dual_defense - client 6 norm scores: {0: array([0.73004061]), 1: array([0.09164603]), 2: array([0.]), 3: array([0.63223612]), 4: array([0.71629968]), 5: array([0.47135723]), 6: array([0.37674228]), 7: array([1.]), 8: array([0.46603779]), 9: array([0.44171445])}
2025-05-12 12:50:11,512 - DEBUG - util_fusion - fusion_dual_defense - client 6 similarity threshold: 0.4926074186568095
2025-05-12 12:50:11,512 - INFO - util_fusion - fusion_dual_defense - client 6 selected fusion benigns: [0, 3, 4, 7]
2025-05-12 12:50:11,520 - DEBUG - util_fusion - fusion_dual_defense - client 7 scores: {0: array([174.23257098]), 1: array([174.23183485]), 2: array([174.23172918]), 3: array([174.2324582]), 4: array([174.23255513]), 5: array([174.23227269]), 6: array([174.23216359]), 7: array([174.23288227]), 8: array([174.23226656]), 9: array([174.23223851])}
2025-05-12 12:50:11,521 - DEBUG - util_fusion - fusion_dual_defense - client 7 norm scores: {0: array([0.73004061]), 1: array([0.09164603]), 2: array([0.]), 3: array([0.63223612]), 4: array([0.71629968]), 5: array([0.47135723]), 6: array([0.37674228]), 7: array([1.]), 8: array([0.46603779]), 9: array([0.44171445])}
2025-05-12 12:50:11,521 - DEBUG - util_fusion - fusion_dual_defense - client 7 similarity threshold: 0.4926074186568095
2025-05-12 12:50:11,521 - INFO - util_fusion - fusion_dual_defense - client 7 selected fusion benigns: [0, 3, 4, 7]
2025-05-12 12:50:11,529 - DEBUG - util_fusion - fusion_dual_defense - client 8 scores: {0: array([174.23257098]), 1: array([174.23183485]), 2: array([174.23172918]), 3: array([174.2324582]), 4: array([174.23255513]), 5: array([174.23227269]), 6: array([174.23216359]), 7: array([174.23288227]), 8: array([174.23226656]), 9: array([174.23223851])}
2025-05-12 12:50:11,530 - DEBUG - util_fusion - fusion_dual_defense - client 8 norm scores: {0: array([0.73004061]), 1: array([0.09164603]), 2: array([0.]), 3: array([0.63223612]), 4: array([0.71629968]), 5: array([0.47135723]), 6: array([0.37674228]), 7: array([1.]), 8: array([0.46603779]), 9: array([0.44171445])}
2025-05-12 12:50:11,530 - DEBUG - util_fusion - fusion_dual_defense - client 8 similarity threshold: 0.4926074186568095
2025-05-12 12:50:11,530 - INFO - util_fusion - fusion_dual_defense - client 8 selected fusion benigns: [0, 3, 4, 7]
2025-05-12 12:50:11,538 - DEBUG - util_fusion - fusion_dual_defense - client 9 scores: {0: array([174.23257098]), 1: array([174.23183485]), 2: array([174.23172918]), 3: array([174.2324582]), 4: array([174.23255513]), 5: array([174.23227269]), 6: array([174.23216359]), 7: array([174.23288227]), 8: array([174.23226656]), 9: array([174.23223851])}
2025-05-12 12:50:11,539 - DEBUG - util_fusion - fusion_dual_defense - client 9 norm scores: {0: array([0.73004061]), 1: array([0.09164603]), 2: array([0.]), 3: array([0.63223612]), 4: array([0.71629968]), 5: array([0.47135723]), 6: array([0.37674228]), 7: array([1.]), 8: array([0.46603779]), 9: array([0.44171445])}
2025-05-12 12:50:11,539 - DEBUG - util_fusion - fusion_dual_defense - client 9 similarity threshold: 0.4926074186568095
2025-05-12 12:50:11,539 - INFO - util_fusion - fusion_dual_defense - client 9 selected fusion benigns: [0, 3, 4, 7]
2025-05-12 12:50:11,539 - DEBUG - util_fusion - fusion_dual_defense - final fusion benigns: (0, 3, 4, 7)
2025-05-12 12:50:13,192 - INFO - fl - start - global side -  test accuracy: 11.35
2025-05-12 12:50:13,192 - INFO - fl - start - global side iteration 13 -  test accuracy: 11.35
2025-05-12 12:50:13,192 - INFO - fl - start - start training round 14
2025-05-12 12:50:13,194 - INFO - fl - start - round 14 attackers: [0, 4]
2025-05-12 12:50:13,194 - INFO - fl - start - start client 0 training
2025-05-12 12:50:13,194 - INFO - fl - client_local_train - client 0 start local training ...
2025-05-12 12:50:17,322 - INFO - fl - client_local_train - client 0 is attacker, start poisoning model
2025-05-12 12:50:22,237 - INFO - fl - start - end client 0 training
2025-05-12 12:50:22,237 - INFO - fl - start - client 0 evaluation metrics: {'train_loss': 33.411499040333304, 'test_acc': 9.74}
2025-05-12 12:50:22,237 - INFO - fl - start - start client 1 training
2025-05-12 12:50:22,237 - INFO - fl - client_local_train - client 1 start local training ...
2025-05-12 12:50:25,139 - INFO - fl - start - end client 1 training
2025-05-12 12:50:25,139 - INFO - fl - start - client 1 evaluation metrics: {'train_loss': 2.323756578721498, 'test_acc': 9.82}
2025-05-12 12:50:25,140 - INFO - fl - start - start client 2 training
2025-05-12 12:50:25,140 - INFO - fl - client_local_train - client 2 start local training ...
2025-05-12 12:50:27,490 - INFO - fl - start - end client 2 training
2025-05-12 12:50:27,490 - INFO - fl - start - client 2 evaluation metrics: {'train_loss': 3.546254873275757, 'test_acc': 9.8}
2025-05-12 12:50:27,490 - INFO - fl - start - start client 3 training
2025-05-12 12:50:27,490 - INFO - fl - client_local_train - client 3 start local training ...
2025-05-12 12:50:33,575 - INFO - fl - start - end client 3 training
2025-05-12 12:50:33,575 - INFO - fl - start - client 3 evaluation metrics: {'train_loss': 7.520446856816609, 'test_acc': 10.1}
2025-05-12 12:50:33,584 - INFO - fl - start - start client 4 training
2025-05-12 12:50:33,584 - INFO - fl - client_local_train - client 4 start local training ...
2025-05-12 12:50:37,625 - INFO - fl - client_local_train - client 4 is attacker, start poisoning model
2025-05-12 12:50:42,488 - INFO - fl - start - end client 4 training
2025-05-12 12:50:42,488 - INFO - fl - start - client 4 evaluation metrics: {'train_loss': 13.687331157345925, 'test_acc': 10.32}
2025-05-12 12:50:42,488 - INFO - fl - start - start client 5 training
2025-05-12 12:50:42,488 - INFO - fl - client_local_train - client 5 start local training ...
2025-05-12 12:50:47,621 - INFO - fl - start - end client 5 training
2025-05-12 12:50:47,621 - INFO - fl - start - client 5 evaluation metrics: {'train_loss': 20.85177697306094, 'test_acc': 9.58}
2025-05-12 12:50:47,621 - INFO - fl - start - start client 6 training
2025-05-12 12:50:47,621 - INFO - fl - client_local_train - client 6 start local training ...
2025-05-12 12:50:52,191 - INFO - fl - start - end client 6 training
2025-05-12 12:50:52,191 - INFO - fl - start - client 6 evaluation metrics: {'train_loss': 1.563112939460368, 'test_acc': 10.28}
2025-05-12 12:50:52,191 - INFO - fl - start - start client 7 training
2025-05-12 12:50:52,191 - INFO - fl - client_local_train - client 7 start local training ...
2025-05-12 12:51:00,150 - INFO - fl - start - end client 7 training
2025-05-12 12:51:00,150 - INFO - fl - start - client 7 evaluation metrics: {'train_loss': 1.6323609974073328, 'test_acc': 11.35}
2025-05-12 12:51:00,150 - INFO - fl - start - start client 8 training
2025-05-12 12:51:00,150 - INFO - fl - client_local_train - client 8 start local training ...
2025-05-12 12:51:05,241 - INFO - fl - start - end client 8 training
2025-05-12 12:51:05,241 - INFO - fl - start - client 8 evaluation metrics: {'train_loss': 24.03090176375016, 'test_acc': 9.8}
2025-05-12 12:51:05,241 - INFO - fl - start - start client 9 training
2025-05-12 12:51:05,241 - INFO - fl - client_local_train - client 9 start local training ...
2025-05-12 12:51:10,276 - INFO - fl - start - end client 9 training
2025-05-12 12:51:10,277 - INFO - fl - start - client 9 evaluation metrics: {'train_loss': 1.3745451870928989, 'test_acc': 9.82}
2025-05-12 12:51:10,277 - INFO - fl - aggregate_model - start model aggregation...fusion method: dual_defense
2025-05-12 12:51:10,277 - INFO - fl - aggregate_model - start hyper-guard fusion with epsilon 0.01
2025-05-12 12:51:10,277 - INFO - fl - aggregate_model - round 14 attackers: [0, 4]
2025-05-12 12:51:21,109 - DEBUG - util_fusion - fusion_dual_defense - client 0 scores: {0: array([172.3977383]), 1: array([172.39707999]), 2: array([172.39695636]), 3: array([172.39765521]), 4: array([172.39771985]), 5: array([172.39750893]), 6: array([172.39741774]), 7: array([172.39793839]), 8: array([172.39751686]), 9: array([172.39748936])}
2025-05-12 12:51:21,110 - DEBUG - util_fusion - fusion_dual_defense - client 0 norm scores: {0: array([0.79624671]), 1: array([0.12589611]), 2: array([0.]), 3: array([0.71163525]), 4: array([0.77746453]), 5: array([0.56268452]), 6: array([0.46981887]), 7: array([1.]), 8: array([0.57075378]), 9: array([0.54275564])}
2025-05-12 12:51:21,110 - DEBUG - util_fusion - fusion_dual_defense - client 0 similarity threshold: 0.5557255420011599
2025-05-12 12:51:21,110 - INFO - util_fusion - fusion_dual_defense - client 0 selected fusion benigns: [0, 3, 4, 5, 7, 8]
2025-05-12 12:51:21,119 - DEBUG - util_fusion - fusion_dual_defense - client 1 scores: {0: array([172.3977383]), 1: array([172.39707999]), 2: array([172.39695636]), 3: array([172.39765521]), 4: array([172.39771985]), 5: array([172.39750893]), 6: array([172.39741774]), 7: array([172.39793839]), 8: array([172.39751686]), 9: array([172.39748936])}
2025-05-12 12:51:21,119 - DEBUG - util_fusion - fusion_dual_defense - client 1 norm scores: {0: array([0.79624671]), 1: array([0.12589611]), 2: array([0.]), 3: array([0.71163525]), 4: array([0.77746453]), 5: array([0.56268452]), 6: array([0.46981887]), 7: array([1.]), 8: array([0.57075378]), 9: array([0.54275564])}
2025-05-12 12:51:21,119 - DEBUG - util_fusion - fusion_dual_defense - client 1 similarity threshold: 0.5557255420011599
2025-05-12 12:51:21,119 - INFO - util_fusion - fusion_dual_defense - client 1 selected fusion benigns: [0, 3, 4, 5, 7, 8]
2025-05-12 12:51:21,128 - DEBUG - util_fusion - fusion_dual_defense - client 2 scores: {0: array([172.3977383]), 1: array([172.39707999]), 2: array([172.39695636]), 3: array([172.39765521]), 4: array([172.39771985]), 5: array([172.39750893]), 6: array([172.39741774]), 7: array([172.39793839]), 8: array([172.39751686]), 9: array([172.39748936])}
2025-05-12 12:51:21,128 - DEBUG - util_fusion - fusion_dual_defense - client 2 norm scores: {0: array([0.79624671]), 1: array([0.12589611]), 2: array([0.]), 3: array([0.71163525]), 4: array([0.77746453]), 5: array([0.56268452]), 6: array([0.46981887]), 7: array([1.]), 8: array([0.57075378]), 9: array([0.54275564])}
2025-05-12 12:51:21,128 - DEBUG - util_fusion - fusion_dual_defense - client 2 similarity threshold: 0.5557255420011599
2025-05-12 12:51:21,129 - INFO - util_fusion - fusion_dual_defense - client 2 selected fusion benigns: [0, 3, 4, 5, 7, 8]
2025-05-12 12:51:21,137 - DEBUG - util_fusion - fusion_dual_defense - client 3 scores: {0: array([172.3977383]), 1: array([172.39707999]), 2: array([172.39695636]), 3: array([172.39765521]), 4: array([172.39771985]), 5: array([172.39750893]), 6: array([172.39741774]), 7: array([172.39793839]), 8: array([172.39751686]), 9: array([172.39748936])}
2025-05-12 12:51:21,137 - DEBUG - util_fusion - fusion_dual_defense - client 3 norm scores: {0: array([0.79624671]), 1: array([0.12589611]), 2: array([0.]), 3: array([0.71163525]), 4: array([0.77746453]), 5: array([0.56268452]), 6: array([0.46981887]), 7: array([1.]), 8: array([0.57075378]), 9: array([0.54275564])}
2025-05-12 12:51:21,138 - DEBUG - util_fusion - fusion_dual_defense - client 3 similarity threshold: 0.5557255420011599
2025-05-12 12:51:21,138 - INFO - util_fusion - fusion_dual_defense - client 3 selected fusion benigns: [0, 3, 4, 5, 7, 8]
2025-05-12 12:51:21,146 - DEBUG - util_fusion - fusion_dual_defense - client 4 scores: {0: array([172.3977383]), 1: array([172.39707999]), 2: array([172.39695636]), 3: array([172.39765521]), 4: array([172.39771985]), 5: array([172.39750893]), 6: array([172.39741774]), 7: array([172.39793839]), 8: array([172.39751686]), 9: array([172.39748936])}
2025-05-12 12:51:21,147 - DEBUG - util_fusion - fusion_dual_defense - client 4 norm scores: {0: array([0.79624671]), 1: array([0.12589611]), 2: array([0.]), 3: array([0.71163525]), 4: array([0.77746453]), 5: array([0.56268452]), 6: array([0.46981887]), 7: array([1.]), 8: array([0.57075378]), 9: array([0.54275564])}
2025-05-12 12:51:21,147 - DEBUG - util_fusion - fusion_dual_defense - client 4 similarity threshold: 0.5557255420011599
2025-05-12 12:51:21,147 - INFO - util_fusion - fusion_dual_defense - client 4 selected fusion benigns: [0, 3, 4, 5, 7, 8]
2025-05-12 12:51:21,155 - DEBUG - util_fusion - fusion_dual_defense - client 5 scores: {0: array([172.3977383]), 1: array([172.39707999]), 2: array([172.39695636]), 3: array([172.39765521]), 4: array([172.39771985]), 5: array([172.39750893]), 6: array([172.39741774]), 7: array([172.39793839]), 8: array([172.39751686]), 9: array([172.39748936])}
2025-05-12 12:51:21,156 - DEBUG - util_fusion - fusion_dual_defense - client 5 norm scores: {0: array([0.79624671]), 1: array([0.12589611]), 2: array([0.]), 3: array([0.71163525]), 4: array([0.77746453]), 5: array([0.56268452]), 6: array([0.46981887]), 7: array([1.]), 8: array([0.57075378]), 9: array([0.54275564])}
2025-05-12 12:51:21,156 - DEBUG - util_fusion - fusion_dual_defense - client 5 similarity threshold: 0.5557255420011599
2025-05-12 12:51:21,156 - INFO - util_fusion - fusion_dual_defense - client 5 selected fusion benigns: [0, 3, 4, 5, 7, 8]
2025-05-12 12:51:21,164 - DEBUG - util_fusion - fusion_dual_defense - client 6 scores: {0: array([172.3977383]), 1: array([172.39707999]), 2: array([172.39695636]), 3: array([172.39765521]), 4: array([172.39771985]), 5: array([172.39750893]), 6: array([172.39741774]), 7: array([172.39793839]), 8: array([172.39751686]), 9: array([172.39748936])}
2025-05-12 12:51:21,165 - DEBUG - util_fusion - fusion_dual_defense - client 6 norm scores: {0: array([0.79624671]), 1: array([0.12589611]), 2: array([0.]), 3: array([0.71163525]), 4: array([0.77746453]), 5: array([0.56268452]), 6: array([0.46981887]), 7: array([1.]), 8: array([0.57075378]), 9: array([0.54275564])}
2025-05-12 12:51:21,165 - DEBUG - util_fusion - fusion_dual_defense - client 6 similarity threshold: 0.5557255420011599
2025-05-12 12:51:21,165 - INFO - util_fusion - fusion_dual_defense - client 6 selected fusion benigns: [0, 3, 4, 5, 7, 8]
2025-05-12 12:51:21,173 - DEBUG - util_fusion - fusion_dual_defense - client 7 scores: {0: array([172.3977383]), 1: array([172.39707999]), 2: array([172.39695636]), 3: array([172.39765521]), 4: array([172.39771985]), 5: array([172.39750893]), 6: array([172.39741774]), 7: array([172.39793839]), 8: array([172.39751686]), 9: array([172.39748936])}
2025-05-12 12:51:21,174 - DEBUG - util_fusion - fusion_dual_defense - client 7 norm scores: {0: array([0.79624671]), 1: array([0.12589611]), 2: array([0.]), 3: array([0.71163525]), 4: array([0.77746453]), 5: array([0.56268452]), 6: array([0.46981887]), 7: array([1.]), 8: array([0.57075378]), 9: array([0.54275564])}
2025-05-12 12:51:21,174 - DEBUG - util_fusion - fusion_dual_defense - client 7 similarity threshold: 0.5557255420011599
2025-05-12 12:51:21,174 - INFO - util_fusion - fusion_dual_defense - client 7 selected fusion benigns: [0, 3, 4, 5, 7, 8]
2025-05-12 12:51:21,182 - DEBUG - util_fusion - fusion_dual_defense - client 8 scores: {0: array([172.3977383]), 1: array([172.39707999]), 2: array([172.39695636]), 3: array([172.39765521]), 4: array([172.39771985]), 5: array([172.39750893]), 6: array([172.39741774]), 7: array([172.39793839]), 8: array([172.39751686]), 9: array([172.39748936])}
2025-05-12 12:51:21,183 - DEBUG - util_fusion - fusion_dual_defense - client 8 norm scores: {0: array([0.79624671]), 1: array([0.12589611]), 2: array([0.]), 3: array([0.71163525]), 4: array([0.77746453]), 5: array([0.56268452]), 6: array([0.46981887]), 7: array([1.]), 8: array([0.57075378]), 9: array([0.54275564])}
2025-05-12 12:51:21,183 - DEBUG - util_fusion - fusion_dual_defense - client 8 similarity threshold: 0.5557255420011599
2025-05-12 12:51:21,183 - INFO - util_fusion - fusion_dual_defense - client 8 selected fusion benigns: [0, 3, 4, 5, 7, 8]
2025-05-12 12:51:21,191 - DEBUG - util_fusion - fusion_dual_defense - client 9 scores: {0: array([172.3977383]), 1: array([172.39707999]), 2: array([172.39695636]), 3: array([172.39765521]), 4: array([172.39771985]), 5: array([172.39750893]), 6: array([172.39741774]), 7: array([172.39793839]), 8: array([172.39751686]), 9: array([172.39748936])}
2025-05-12 12:51:21,192 - DEBUG - util_fusion - fusion_dual_defense - client 9 norm scores: {0: array([0.79624671]), 1: array([0.12589611]), 2: array([0.]), 3: array([0.71163525]), 4: array([0.77746453]), 5: array([0.56268452]), 6: array([0.46981887]), 7: array([1.]), 8: array([0.57075378]), 9: array([0.54275564])}
2025-05-12 12:51:21,192 - DEBUG - util_fusion - fusion_dual_defense - client 9 similarity threshold: 0.5557255420011599
2025-05-12 12:51:21,192 - INFO - util_fusion - fusion_dual_defense - client 9 selected fusion benigns: [0, 3, 4, 5, 7, 8]
2025-05-12 12:51:21,192 - DEBUG - util_fusion - fusion_dual_defense - final fusion benigns: (0, 3, 4, 5, 7, 8)
2025-05-12 12:51:22,954 - INFO - fl - start - global side -  test accuracy: 10.32
2025-05-12 12:51:22,955 - INFO - fl - start - global side iteration 14 -  test accuracy: 10.32
2025-05-12 12:51:22,955 - INFO - fl - start - start training round 15
2025-05-12 12:51:22,957 - INFO - fl - start - round 15 attackers: [5, 9]
2025-05-12 12:51:22,957 - INFO - fl - start - start client 0 training
2025-05-12 12:51:22,957 - INFO - fl - client_local_train - client 0 start local training ...
2025-05-12 12:51:29,549 - INFO - fl - start - end client 0 training
2025-05-12 12:51:29,549 - INFO - fl - start - client 0 evaluation metrics: {'train_loss': 13.592424341074125, 'test_acc': 9.74}
2025-05-12 12:51:29,549 - INFO - fl - start - start client 1 training
2025-05-12 12:51:29,549 - INFO - fl - client_local_train - client 1 start local training ...
2025-05-12 12:51:32,444 - INFO - fl - start - end client 1 training
2025-05-12 12:51:32,444 - INFO - fl - start - client 1 evaluation metrics: {'train_loss': 3.398977411420722, 'test_acc': 8.92}
2025-05-12 12:51:32,444 - INFO - fl - start - start client 2 training
2025-05-12 12:51:32,444 - INFO - fl - client_local_train - client 2 start local training ...
2025-05-12 12:51:34,779 - INFO - fl - start - end client 2 training
2025-05-12 12:51:34,780 - INFO - fl - start - client 2 evaluation metrics: {'train_loss': 6.2757846514383955, 'test_acc': 9.8}
2025-05-12 12:51:34,780 - INFO - fl - start - start client 3 training
2025-05-12 12:51:34,780 - INFO - fl - client_local_train - client 3 start local training ...
2025-05-12 12:51:40,790 - INFO - fl - start - end client 3 training
2025-05-12 12:51:40,790 - INFO - fl - start - client 3 evaluation metrics: {'train_loss': 35.88043713151363, 'test_acc': 10.32}
2025-05-12 12:51:40,790 - INFO - fl - start - start client 4 training
2025-05-12 12:51:40,790 - INFO - fl - client_local_train - client 4 start local training ...
2025-05-12 12:51:47,152 - INFO - fl - start - end client 4 training
2025-05-12 12:51:47,152 - INFO - fl - start - client 4 evaluation metrics: {'train_loss': 5.089646119263865, 'test_acc': 10.32}
2025-05-12 12:51:47,152 - INFO - fl - start - start client 5 training
2025-05-12 12:51:47,152 - INFO - fl - client_local_train - client 5 start local training ...
2025-05-12 12:51:50,140 - INFO - fl - client_local_train - client 5 is attacker, start poisoning model
2025-05-12 12:51:54,398 - INFO - fl - start - end client 5 training
2025-05-12 12:51:54,399 - INFO - fl - start - client 5 evaluation metrics: {'train_loss': 588.6505266272503, 'test_acc': 9.58}
2025-05-12 12:51:54,399 - INFO - fl - start - start client 6 training
2025-05-12 12:51:54,399 - INFO - fl - client_local_train - client 6 start local training ...
2025-05-12 12:51:58,972 - INFO - fl - start - end client 6 training
2025-05-12 12:51:58,972 - INFO - fl - start - client 6 evaluation metrics: {'train_loss': 3.823473864341084, 'test_acc': 10.28}
2025-05-12 12:51:58,972 - INFO - fl - start - start client 7 training
2025-05-12 12:51:58,972 - INFO - fl - client_local_train - client 7 start local training ...
2025-05-12 12:52:06,875 - INFO - fl - start - end client 7 training
2025-05-12 12:52:06,875 - INFO - fl - start - client 7 evaluation metrics: {'train_loss': 2.1835726003469147, 'test_acc': 11.35}
2025-05-12 12:52:06,875 - INFO - fl - start - start client 8 training
2025-05-12 12:52:06,875 - INFO - fl - client_local_train - client 8 start local training ...
2025-05-12 12:52:11,951 - INFO - fl - start - end client 8 training
2025-05-12 12:52:11,951 - INFO - fl - start - client 8 evaluation metrics: {'train_loss': 92.84682174350904, 'test_acc': 9.8}
2025-05-12 12:52:11,951 - INFO - fl - start - start client 9 training
2025-05-12 12:52:11,951 - INFO - fl - client_local_train - client 9 start local training ...
2025-05-12 12:52:14,800 - INFO - fl - client_local_train - client 9 is attacker, start poisoning model
2025-05-12 12:52:19,003 - INFO - fl - start - end client 9 training
2025-05-12 12:52:19,003 - INFO - fl - start - client 9 evaluation metrics: {'train_loss': 6.170608353079035, 'test_acc': 9.82}
2025-05-12 12:52:19,003 - INFO - fl - aggregate_model - start model aggregation...fusion method: dual_defense
2025-05-12 12:52:19,003 - INFO - fl - aggregate_model - start hyper-guard fusion with epsilon 0.01
2025-05-12 12:52:19,003 - INFO - fl - aggregate_model - round 15 attackers: [9, 5]
2025-05-12 12:52:29,757 - DEBUG - util_fusion - fusion_dual_defense - client 0 scores: {0: array([469.42044374]), 1: array([469.41353198]), 2: array([469.41246163]), 3: array([469.41948929]), 4: array([469.42022471]), 5: array([469.41769982]), 6: array([469.41669695]), 7: array([469.42306384]), 8: array([469.41771]), 9: array([469.41747386])}
2025-05-12 12:52:29,758 - DEBUG - util_fusion - fusion_dual_defense - client 0 norm scores: {0: array([0.75287276]), 1: array([0.10095578]), 2: array([0.]), 3: array([0.66284877]), 4: array([0.73221324]), 5: array([0.49406632]), 6: array([0.3994751]), 7: array([1.]), 8: array([0.49502583]), 9: array([0.47275294])}
2025-05-12 12:52:29,758 - DEBUG - util_fusion - fusion_dual_defense - client 0 similarity threshold: 0.5110210748419226
2025-05-12 12:52:29,758 - INFO - util_fusion - fusion_dual_defense - client 0 selected fusion benigns: [0, 3, 4, 7]
2025-05-12 12:52:29,767 - DEBUG - util_fusion - fusion_dual_defense - client 1 scores: {0: array([469.42044374]), 1: array([469.41353198]), 2: array([469.41246163]), 3: array([469.41948929]), 4: array([469.42022471]), 5: array([469.41769982]), 6: array([469.41669695]), 7: array([469.42306384]), 8: array([469.41771]), 9: array([469.41747386])}
2025-05-12 12:52:29,767 - DEBUG - util_fusion - fusion_dual_defense - client 1 norm scores: {0: array([0.75287276]), 1: array([0.10095578]), 2: array([0.]), 3: array([0.66284877]), 4: array([0.73221324]), 5: array([0.49406632]), 6: array([0.3994751]), 7: array([1.]), 8: array([0.49502583]), 9: array([0.47275294])}
2025-05-12 12:52:29,767 - DEBUG - util_fusion - fusion_dual_defense - client 1 similarity threshold: 0.5110210748419226
2025-05-12 12:52:29,767 - INFO - util_fusion - fusion_dual_defense - client 1 selected fusion benigns: [0, 3, 4, 7]
2025-05-12 12:52:29,776 - DEBUG - util_fusion - fusion_dual_defense - client 2 scores: {0: array([469.42044374]), 1: array([469.41353198]), 2: array([469.41246163]), 3: array([469.41948929]), 4: array([469.42022471]), 5: array([469.41769982]), 6: array([469.41669695]), 7: array([469.42306384]), 8: array([469.41771]), 9: array([469.41747386])}
2025-05-12 12:52:29,776 - DEBUG - util_fusion - fusion_dual_defense - client 2 norm scores: {0: array([0.75287276]), 1: array([0.10095578]), 2: array([0.]), 3: array([0.66284877]), 4: array([0.73221324]), 5: array([0.49406632]), 6: array([0.3994751]), 7: array([1.]), 8: array([0.49502583]), 9: array([0.47275294])}
2025-05-12 12:52:29,776 - DEBUG - util_fusion - fusion_dual_defense - client 2 similarity threshold: 0.5110210748419226
2025-05-12 12:52:29,776 - INFO - util_fusion - fusion_dual_defense - client 2 selected fusion benigns: [0, 3, 4, 7]
2025-05-12 12:52:29,785 - DEBUG - util_fusion - fusion_dual_defense - client 3 scores: {0: array([469.42044374]), 1: array([469.41353198]), 2: array([469.41246163]), 3: array([469.41948929]), 4: array([469.42022471]), 5: array([469.41769982]), 6: array([469.41669695]), 7: array([469.42306384]), 8: array([469.41771]), 9: array([469.41747386])}
2025-05-12 12:52:29,786 - DEBUG - util_fusion - fusion_dual_defense - client 3 norm scores: {0: array([0.75287276]), 1: array([0.10095578]), 2: array([0.]), 3: array([0.66284877]), 4: array([0.73221324]), 5: array([0.49406632]), 6: array([0.3994751]), 7: array([1.]), 8: array([0.49502583]), 9: array([0.47275294])}
2025-05-12 12:52:29,786 - DEBUG - util_fusion - fusion_dual_defense - client 3 similarity threshold: 0.5110210748419226
2025-05-12 12:52:29,786 - INFO - util_fusion - fusion_dual_defense - client 3 selected fusion benigns: [0, 3, 4, 7]
2025-05-12 12:52:29,794 - DEBUG - util_fusion - fusion_dual_defense - client 4 scores: {0: array([469.42044374]), 1: array([469.41353198]), 2: array([469.41246163]), 3: array([469.41948929]), 4: array([469.42022471]), 5: array([469.41769982]), 6: array([469.41669695]), 7: array([469.42306384]), 8: array([469.41771]), 9: array([469.41747386])}
2025-05-12 12:52:29,795 - DEBUG - util_fusion - fusion_dual_defense - client 4 norm scores: {0: array([0.75287276]), 1: array([0.10095578]), 2: array([0.]), 3: array([0.66284877]), 4: array([0.73221324]), 5: array([0.49406632]), 6: array([0.3994751]), 7: array([1.]), 8: array([0.49502583]), 9: array([0.47275294])}
2025-05-12 12:52:29,795 - DEBUG - util_fusion - fusion_dual_defense - client 4 similarity threshold: 0.5110210748419226
2025-05-12 12:52:29,795 - INFO - util_fusion - fusion_dual_defense - client 4 selected fusion benigns: [0, 3, 4, 7]
2025-05-12 12:52:29,803 - DEBUG - util_fusion - fusion_dual_defense - client 5 scores: {0: array([469.42044374]), 1: array([469.41353198]), 2: array([469.41246163]), 3: array([469.41948929]), 4: array([469.42022471]), 5: array([469.41769982]), 6: array([469.41669695]), 7: array([469.42306384]), 8: array([469.41771]), 9: array([469.41747386])}
2025-05-12 12:52:29,804 - DEBUG - util_fusion - fusion_dual_defense - client 5 norm scores: {0: array([0.75287276]), 1: array([0.10095578]), 2: array([0.]), 3: array([0.66284877]), 4: array([0.73221324]), 5: array([0.49406632]), 6: array([0.3994751]), 7: array([1.]), 8: array([0.49502583]), 9: array([0.47275294])}
2025-05-12 12:52:29,804 - DEBUG - util_fusion - fusion_dual_defense - client 5 similarity threshold: 0.5110210748419226
2025-05-12 12:52:29,804 - INFO - util_fusion - fusion_dual_defense - client 5 selected fusion benigns: [0, 3, 4, 7]
2025-05-12 12:52:29,812 - DEBUG - util_fusion - fusion_dual_defense - client 6 scores: {0: array([469.42044374]), 1: array([469.41353198]), 2: array([469.41246163]), 3: array([469.41948929]), 4: array([469.42022471]), 5: array([469.41769982]), 6: array([469.41669695]), 7: array([469.42306384]), 8: array([469.41771]), 9: array([469.41747386])}
2025-05-12 12:52:29,813 - DEBUG - util_fusion - fusion_dual_defense - client 6 norm scores: {0: array([0.75287276]), 1: array([0.10095578]), 2: array([0.]), 3: array([0.66284877]), 4: array([0.73221324]), 5: array([0.49406632]), 6: array([0.3994751]), 7: array([1.]), 8: array([0.49502583]), 9: array([0.47275294])}
2025-05-12 12:52:29,813 - DEBUG - util_fusion - fusion_dual_defense - client 6 similarity threshold: 0.5110210748419226
2025-05-12 12:52:29,813 - INFO - util_fusion - fusion_dual_defense - client 6 selected fusion benigns: [0, 3, 4, 7]
2025-05-12 12:52:29,821 - DEBUG - util_fusion - fusion_dual_defense - client 7 scores: {0: array([469.42044374]), 1: array([469.41353198]), 2: array([469.41246163]), 3: array([469.41948929]), 4: array([469.42022471]), 5: array([469.41769982]), 6: array([469.41669695]), 7: array([469.42306384]), 8: array([469.41771]), 9: array([469.41747386])}
2025-05-12 12:52:29,822 - DEBUG - util_fusion - fusion_dual_defense - client 7 norm scores: {0: array([0.75287276]), 1: array([0.10095578]), 2: array([0.]), 3: array([0.66284877]), 4: array([0.73221324]), 5: array([0.49406632]), 6: array([0.3994751]), 7: array([1.]), 8: array([0.49502583]), 9: array([0.47275294])}
2025-05-12 12:52:29,822 - DEBUG - util_fusion - fusion_dual_defense - client 7 similarity threshold: 0.5110210748419226
2025-05-12 12:52:29,822 - INFO - util_fusion - fusion_dual_defense - client 7 selected fusion benigns: [0, 3, 4, 7]
2025-05-12 12:52:29,830 - DEBUG - util_fusion - fusion_dual_defense - client 8 scores: {0: array([469.42044374]), 1: array([469.41353198]), 2: array([469.41246163]), 3: array([469.41948929]), 4: array([469.42022471]), 5: array([469.41769982]), 6: array([469.41669695]), 7: array([469.42306384]), 8: array([469.41771]), 9: array([469.41747386])}
2025-05-12 12:52:29,831 - DEBUG - util_fusion - fusion_dual_defense - client 8 norm scores: {0: array([0.75287276]), 1: array([0.10095578]), 2: array([0.]), 3: array([0.66284877]), 4: array([0.73221324]), 5: array([0.49406632]), 6: array([0.3994751]), 7: array([1.]), 8: array([0.49502583]), 9: array([0.47275294])}
2025-05-12 12:52:29,831 - DEBUG - util_fusion - fusion_dual_defense - client 8 similarity threshold: 0.5110210748419226
2025-05-12 12:52:29,831 - INFO - util_fusion - fusion_dual_defense - client 8 selected fusion benigns: [0, 3, 4, 7]
2025-05-12 12:52:29,839 - DEBUG - util_fusion - fusion_dual_defense - client 9 scores: {0: array([469.42044374]), 1: array([469.41353198]), 2: array([469.41246163]), 3: array([469.41948929]), 4: array([469.42022471]), 5: array([469.41769982]), 6: array([469.41669695]), 7: array([469.42306384]), 8: array([469.41771]), 9: array([469.41747386])}
2025-05-12 12:52:29,840 - DEBUG - util_fusion - fusion_dual_defense - client 9 norm scores: {0: array([0.75287276]), 1: array([0.10095578]), 2: array([0.]), 3: array([0.66284877]), 4: array([0.73221324]), 5: array([0.49406632]), 6: array([0.3994751]), 7: array([1.]), 8: array([0.49502583]), 9: array([0.47275294])}
2025-05-12 12:52:29,840 - DEBUG - util_fusion - fusion_dual_defense - client 9 similarity threshold: 0.5110210748419226
2025-05-12 12:52:29,840 - INFO - util_fusion - fusion_dual_defense - client 9 selected fusion benigns: [0, 3, 4, 7]
2025-05-12 12:52:29,840 - DEBUG - util_fusion - fusion_dual_defense - final fusion benigns: (0, 3, 4, 7)
2025-05-12 12:52:31,480 - INFO - fl - start - global side -  test accuracy: 10.32
2025-05-12 12:52:31,480 - INFO - fl - start - global side iteration 15 -  test accuracy: 10.32
2025-05-12 12:52:31,480 - INFO - fl - start - start training round 16
2025-05-12 12:52:31,482 - INFO - fl - start - round 16 attackers: [9, 4]
2025-05-12 12:52:31,482 - INFO - fl - start - start client 0 training
2025-05-12 12:52:31,482 - INFO - fl - client_local_train - client 0 start local training ...
2025-05-12 12:52:38,045 - INFO - fl - start - end client 0 training
2025-05-12 12:52:38,045 - INFO - fl - start - client 0 evaluation metrics: {'train_loss': 13.420668062262648, 'test_acc': 9.74}
2025-05-12 12:52:38,045 - INFO - fl - start - start client 1 training
2025-05-12 12:52:38,045 - INFO - fl - client_local_train - client 1 start local training ...
2025-05-12 12:52:40,928 - INFO - fl - start - end client 1 training
2025-05-12 12:52:40,928 - INFO - fl - start - client 1 evaluation metrics: {'train_loss': 2.7968986724552356, 'test_acc': 8.92}
2025-05-12 12:52:40,928 - INFO - fl - start - start client 2 training
2025-05-12 12:52:40,928 - INFO - fl - client_local_train - client 2 start local training ...
2025-05-12 12:52:43,241 - INFO - fl - start - end client 2 training
2025-05-12 12:52:43,242 - INFO - fl - start - client 2 evaluation metrics: {'train_loss': 5.450857351223628, 'test_acc': 9.8}
2025-05-12 12:52:43,242 - INFO - fl - start - start client 3 training
2025-05-12 12:52:43,242 - INFO - fl - client_local_train - client 3 start local training ...
2025-05-12 12:52:49,240 - INFO - fl - start - end client 3 training
2025-05-12 12:52:49,240 - INFO - fl - start - client 3 evaluation metrics: {'train_loss': 32.331322477574936, 'test_acc': 10.32}
2025-05-12 12:52:49,240 - INFO - fl - start - start client 4 training
2025-05-12 12:52:49,240 - INFO - fl - client_local_train - client 4 start local training ...
2025-05-12 12:52:53,250 - INFO - fl - client_local_train - client 4 is attacker, start poisoning model
2025-05-12 12:52:58,058 - INFO - fl - start - end client 4 training
2025-05-12 12:52:58,058 - INFO - fl - start - client 4 evaluation metrics: {'train_loss': 32.636039153222114, 'test_acc': 10.32}
2025-05-12 12:52:58,058 - INFO - fl - start - start client 5 training
2025-05-12 12:52:58,058 - INFO - fl - client_local_train - client 5 start local training ...
2025-05-12 12:53:03,163 - INFO - fl - start - end client 5 training
2025-05-12 12:53:03,163 - INFO - fl - start - client 5 evaluation metrics: {'train_loss': 73.3584564457769, 'test_acc': 9.58}
2025-05-12 12:53:03,163 - INFO - fl - start - start client 6 training
2025-05-12 12:53:03,163 - INFO - fl - client_local_train - client 6 start local training ...
2025-05-12 12:53:07,722 - INFO - fl - start - end client 6 training
2025-05-12 12:53:07,722 - INFO - fl - start - client 6 evaluation metrics: {'train_loss': 3.763677077580102, 'test_acc': 10.28}
2025-05-12 12:53:07,722 - INFO - fl - start - start client 7 training
2025-05-12 12:53:07,722 - INFO - fl - client_local_train - client 7 start local training ...
2025-05-12 12:53:15,648 - INFO - fl - start - end client 7 training
2025-05-12 12:53:15,648 - INFO - fl - start - client 7 evaluation metrics: {'train_loss': 2.0395310547040855, 'test_acc': 11.35}
2025-05-12 12:53:15,648 - INFO - fl - start - start client 8 training
2025-05-12 12:53:15,648 - INFO - fl - client_local_train - client 8 start local training ...
2025-05-12 12:53:20,727 - INFO - fl - start - end client 8 training
2025-05-12 12:53:20,728 - INFO - fl - start - client 8 evaluation metrics: {'train_loss': 90.37699019390604, 'test_acc': 9.74}
2025-05-12 12:53:20,728 - INFO - fl - start - start client 9 training
2025-05-12 12:53:20,728 - INFO - fl - client_local_train - client 9 start local training ...
2025-05-12 12:53:23,582 - INFO - fl - client_local_train - client 9 is attacker, start poisoning model
2025-05-12 12:53:27,793 - INFO - fl - start - end client 9 training
2025-05-12 12:53:27,793 - INFO - fl - start - client 9 evaluation metrics: {'train_loss': 5.698393082350828, 'test_acc': 9.82}
2025-05-12 12:53:27,793 - INFO - fl - aggregate_model - start model aggregation...fusion method: dual_defense
2025-05-12 12:53:27,793 - INFO - fl - aggregate_model - start hyper-guard fusion with epsilon 0.01
2025-05-12 12:53:27,793 - INFO - fl - aggregate_model - round 16 attackers: [9, 4]
2025-05-12 12:53:38,568 - DEBUG - util_fusion - fusion_dual_defense - client 0 scores: {0: array([124.44077716]), 1: array([124.43877852]), 2: array([124.43849813]), 3: array([124.44049138]), 4: array([124.44070273]), 5: array([124.4399871]), 6: array([124.43970465]), 7: array([124.44150168]), 8: array([124.43999736]), 9: array([124.43992415])}
2025-05-12 12:53:38,568 - DEBUG - util_fusion - fusion_dual_defense - client 0 norm scores: {0: array([0.75877812]), 1: array([0.09335209]), 2: array([0.]), 3: array([0.66362988]), 4: array([0.73399649]), 5: array([0.49573532]), 6: array([0.40169849]), 7: array([1.]), 8: array([0.49915115]), 9: array([0.47477693])}
2025-05-12 12:53:38,569 - DEBUG - util_fusion - fusion_dual_defense - client 0 similarity threshold: 0.5121118462971228
2025-05-12 12:53:38,569 - INFO - util_fusion - fusion_dual_defense - client 0 selected fusion benigns: [0, 3, 4, 7]
2025-05-12 12:53:38,577 - DEBUG - util_fusion - fusion_dual_defense - client 1 scores: {0: array([124.44077716]), 1: array([124.43877852]), 2: array([124.43849813]), 3: array([124.44049138]), 4: array([124.44070273]), 5: array([124.4399871]), 6: array([124.43970465]), 7: array([124.44150168]), 8: array([124.43999736]), 9: array([124.43992415])}
2025-05-12 12:53:38,578 - DEBUG - util_fusion - fusion_dual_defense - client 1 norm scores: {0: array([0.75877812]), 1: array([0.09335209]), 2: array([0.]), 3: array([0.66362988]), 4: array([0.73399649]), 5: array([0.49573532]), 6: array([0.40169849]), 7: array([1.]), 8: array([0.49915115]), 9: array([0.47477693])}
2025-05-12 12:53:38,578 - DEBUG - util_fusion - fusion_dual_defense - client 1 similarity threshold: 0.5121118462971228
2025-05-12 12:53:38,578 - INFO - util_fusion - fusion_dual_defense - client 1 selected fusion benigns: [0, 3, 4, 7]
2025-05-12 12:53:38,586 - DEBUG - util_fusion - fusion_dual_defense - client 2 scores: {0: array([124.44077716]), 1: array([124.43877852]), 2: array([124.43849813]), 3: array([124.44049138]), 4: array([124.44070273]), 5: array([124.4399871]), 6: array([124.43970465]), 7: array([124.44150168]), 8: array([124.43999736]), 9: array([124.43992415])}
2025-05-12 12:53:38,587 - DEBUG - util_fusion - fusion_dual_defense - client 2 norm scores: {0: array([0.75877812]), 1: array([0.09335209]), 2: array([0.]), 3: array([0.66362988]), 4: array([0.73399649]), 5: array([0.49573532]), 6: array([0.40169849]), 7: array([1.]), 8: array([0.49915115]), 9: array([0.47477693])}
2025-05-12 12:53:38,587 - DEBUG - util_fusion - fusion_dual_defense - client 2 similarity threshold: 0.5121118462971228
2025-05-12 12:53:38,587 - INFO - util_fusion - fusion_dual_defense - client 2 selected fusion benigns: [0, 3, 4, 7]
2025-05-12 12:53:38,595 - DEBUG - util_fusion - fusion_dual_defense - client 3 scores: {0: array([124.44077716]), 1: array([124.43877852]), 2: array([124.43849813]), 3: array([124.44049138]), 4: array([124.44070273]), 5: array([124.4399871]), 6: array([124.43970465]), 7: array([124.44150168]), 8: array([124.43999736]), 9: array([124.43992415])}
2025-05-12 12:53:38,596 - DEBUG - util_fusion - fusion_dual_defense - client 3 norm scores: {0: array([0.75877812]), 1: array([0.09335209]), 2: array([0.]), 3: array([0.66362988]), 4: array([0.73399649]), 5: array([0.49573532]), 6: array([0.40169849]), 7: array([1.]), 8: array([0.49915115]), 9: array([0.47477693])}
2025-05-12 12:53:38,596 - DEBUG - util_fusion - fusion_dual_defense - client 3 similarity threshold: 0.5121118462971228
2025-05-12 12:53:38,596 - INFO - util_fusion - fusion_dual_defense - client 3 selected fusion benigns: [0, 3, 4, 7]
2025-05-12 12:53:38,604 - DEBUG - util_fusion - fusion_dual_defense - client 4 scores: {0: array([124.44077716]), 1: array([124.43877852]), 2: array([124.43849813]), 3: array([124.44049138]), 4: array([124.44070273]), 5: array([124.4399871]), 6: array([124.43970465]), 7: array([124.44150168]), 8: array([124.43999736]), 9: array([124.43992415])}
2025-05-12 12:53:38,605 - DEBUG - util_fusion - fusion_dual_defense - client 4 norm scores: {0: array([0.75877812]), 1: array([0.09335209]), 2: array([0.]), 3: array([0.66362988]), 4: array([0.73399649]), 5: array([0.49573532]), 6: array([0.40169849]), 7: array([1.]), 8: array([0.49915115]), 9: array([0.47477693])}
2025-05-12 12:53:38,605 - DEBUG - util_fusion - fusion_dual_defense - client 4 similarity threshold: 0.5121118462971228
2025-05-12 12:53:38,605 - INFO - util_fusion - fusion_dual_defense - client 4 selected fusion benigns: [0, 3, 4, 7]
2025-05-12 12:53:38,613 - DEBUG - util_fusion - fusion_dual_defense - client 5 scores: {0: array([124.44077716]), 1: array([124.43877852]), 2: array([124.43849813]), 3: array([124.44049138]), 4: array([124.44070273]), 5: array([124.4399871]), 6: array([124.43970465]), 7: array([124.44150168]), 8: array([124.43999736]), 9: array([124.43992415])}
2025-05-12 12:53:38,614 - DEBUG - util_fusion - fusion_dual_defense - client 5 norm scores: {0: array([0.75877812]), 1: array([0.09335209]), 2: array([0.]), 3: array([0.66362988]), 4: array([0.73399649]), 5: array([0.49573532]), 6: array([0.40169849]), 7: array([1.]), 8: array([0.49915115]), 9: array([0.47477693])}
2025-05-12 12:53:38,614 - DEBUG - util_fusion - fusion_dual_defense - client 5 similarity threshold: 0.5121118462971228
2025-05-12 12:53:38,614 - INFO - util_fusion - fusion_dual_defense - client 5 selected fusion benigns: [0, 3, 4, 7]
2025-05-12 12:53:38,622 - DEBUG - util_fusion - fusion_dual_defense - client 6 scores: {0: array([124.44077716]), 1: array([124.43877852]), 2: array([124.43849813]), 3: array([124.44049138]), 4: array([124.44070273]), 5: array([124.4399871]), 6: array([124.43970465]), 7: array([124.44150168]), 8: array([124.43999736]), 9: array([124.43992415])}
2025-05-12 12:53:38,623 - DEBUG - util_fusion - fusion_dual_defense - client 6 norm scores: {0: array([0.75877812]), 1: array([0.09335209]), 2: array([0.]), 3: array([0.66362988]), 4: array([0.73399649]), 5: array([0.49573532]), 6: array([0.40169849]), 7: array([1.]), 8: array([0.49915115]), 9: array([0.47477693])}
2025-05-12 12:53:38,623 - DEBUG - util_fusion - fusion_dual_defense - client 6 similarity threshold: 0.5121118462971228
2025-05-12 12:53:38,623 - INFO - util_fusion - fusion_dual_defense - client 6 selected fusion benigns: [0, 3, 4, 7]
2025-05-12 12:53:38,631 - DEBUG - util_fusion - fusion_dual_defense - client 7 scores: {0: array([124.44077716]), 1: array([124.43877852]), 2: array([124.43849813]), 3: array([124.44049138]), 4: array([124.44070273]), 5: array([124.4399871]), 6: array([124.43970465]), 7: array([124.44150168]), 8: array([124.43999736]), 9: array([124.43992415])}
2025-05-12 12:53:38,632 - DEBUG - util_fusion - fusion_dual_defense - client 7 norm scores: {0: array([0.75877812]), 1: array([0.09335209]), 2: array([0.]), 3: array([0.66362988]), 4: array([0.73399649]), 5: array([0.49573532]), 6: array([0.40169849]), 7: array([1.]), 8: array([0.49915115]), 9: array([0.47477693])}
2025-05-12 12:53:38,632 - DEBUG - util_fusion - fusion_dual_defense - client 7 similarity threshold: 0.5121118462971228
2025-05-12 12:53:38,632 - INFO - util_fusion - fusion_dual_defense - client 7 selected fusion benigns: [0, 3, 4, 7]
2025-05-12 12:53:38,640 - DEBUG - util_fusion - fusion_dual_defense - client 8 scores: {0: array([124.44077716]), 1: array([124.43877852]), 2: array([124.43849813]), 3: array([124.44049138]), 4: array([124.44070273]), 5: array([124.4399871]), 6: array([124.43970465]), 7: array([124.44150168]), 8: array([124.43999736]), 9: array([124.43992415])}
2025-05-12 12:53:38,641 - DEBUG - util_fusion - fusion_dual_defense - client 8 norm scores: {0: array([0.75877812]), 1: array([0.09335209]), 2: array([0.]), 3: array([0.66362988]), 4: array([0.73399649]), 5: array([0.49573532]), 6: array([0.40169849]), 7: array([1.]), 8: array([0.49915115]), 9: array([0.47477693])}
2025-05-12 12:53:38,641 - DEBUG - util_fusion - fusion_dual_defense - client 8 similarity threshold: 0.5121118462971228
2025-05-12 12:53:38,641 - INFO - util_fusion - fusion_dual_defense - client 8 selected fusion benigns: [0, 3, 4, 7]
2025-05-12 12:53:38,649 - DEBUG - util_fusion - fusion_dual_defense - client 9 scores: {0: array([124.44077716]), 1: array([124.43877852]), 2: array([124.43849813]), 3: array([124.44049138]), 4: array([124.44070273]), 5: array([124.4399871]), 6: array([124.43970465]), 7: array([124.44150168]), 8: array([124.43999736]), 9: array([124.43992415])}
2025-05-12 12:53:38,650 - DEBUG - util_fusion - fusion_dual_defense - client 9 norm scores: {0: array([0.75877812]), 1: array([0.09335209]), 2: array([0.]), 3: array([0.66362988]), 4: array([0.73399649]), 5: array([0.49573532]), 6: array([0.40169849]), 7: array([1.]), 8: array([0.49915115]), 9: array([0.47477693])}
2025-05-12 12:53:38,650 - DEBUG - util_fusion - fusion_dual_defense - client 9 similarity threshold: 0.5121118462971228
2025-05-12 12:53:38,650 - INFO - util_fusion - fusion_dual_defense - client 9 selected fusion benigns: [0, 3, 4, 7]
2025-05-12 12:53:38,650 - DEBUG - util_fusion - fusion_dual_defense - final fusion benigns: (0, 3, 4, 7)
2025-05-12 12:53:40,295 - INFO - fl - start - global side -  test accuracy: 10.32
2025-05-12 12:53:40,295 - INFO - fl - start - global side iteration 16 -  test accuracy: 10.32
2025-05-12 12:53:40,295 - INFO - fl - start - start training round 17
2025-05-12 12:53:40,297 - INFO - fl - start - round 17 attackers: [1, 9]
2025-05-12 12:53:40,297 - INFO - fl - start - start client 0 training
2025-05-12 12:53:40,297 - INFO - fl - client_local_train - client 0 start local training ...
2025-05-12 12:53:46,808 - INFO - fl - start - end client 0 training
2025-05-12 12:53:46,808 - INFO - fl - start - client 0 evaluation metrics: {'train_loss': 33.528311551086546, 'test_acc': 9.74}
2025-05-12 12:53:46,808 - INFO - fl - start - start client 1 training
2025-05-12 12:53:46,808 - INFO - fl - client_local_train - client 1 start local training ...
2025-05-12 12:53:48,018 - INFO - fl - client_local_train - client 1 is attacker, start poisoning model
2025-05-12 12:53:51,349 - INFO - fl - start - end client 1 training
2025-05-12 12:53:51,349 - INFO - fl - start - client 1 evaluation metrics: {'train_loss': 34.285364753321595, 'test_acc': 8.92}
2025-05-12 12:53:51,349 - INFO - fl - start - start client 2 training
2025-05-12 12:53:51,349 - INFO - fl - client_local_train - client 2 start local training ...
2025-05-12 12:53:53,662 - INFO - fl - start - end client 2 training
2025-05-12 12:53:53,662 - INFO - fl - start - client 2 evaluation metrics: {'train_loss': 11.97867121299108, 'test_acc': 10.32}
2025-05-12 12:53:53,662 - INFO - fl - start - start client 3 training
2025-05-12 12:53:53,662 - INFO - fl - client_local_train - client 3 start local training ...
2025-05-12 12:53:59,671 - INFO - fl - start - end client 3 training
2025-05-12 12:53:59,672 - INFO - fl - start - client 3 evaluation metrics: {'train_loss': 103.00979446946529, 'test_acc': 10.32}
2025-05-12 12:53:59,672 - INFO - fl - start - start client 4 training
2025-05-12 12:53:59,672 - INFO - fl - client_local_train - client 4 start local training ...
2025-05-12 12:54:06,047 - INFO - fl - start - end client 4 training
2025-05-12 12:54:06,047 - INFO - fl - start - client 4 evaluation metrics: {'train_loss': 10.861699790723863, 'test_acc': 10.32}
2025-05-12 12:54:06,047 - INFO - fl - start - start client 5 training
2025-05-12 12:54:06,047 - INFO - fl - client_local_train - client 5 start local training ...
2025-05-12 12:54:11,178 - INFO - fl - start - end client 5 training
2025-05-12 12:54:11,178 - INFO - fl - start - client 5 evaluation metrics: {'train_loss': 196.4748712622601, 'test_acc': 9.58}
2025-05-12 12:54:11,178 - INFO - fl - start - start client 6 training
2025-05-12 12:54:11,178 - INFO - fl - client_local_train - client 6 start local training ...
2025-05-12 12:54:15,727 - INFO - fl - start - end client 6 training
2025-05-12 12:54:15,727 - INFO - fl - start - client 6 evaluation metrics: {'train_loss': 8.974772843379009, 'test_acc': 10.28}
2025-05-12 12:54:15,727 - INFO - fl - start - start client 7 training
2025-05-12 12:54:15,727 - INFO - fl - client_local_train - client 7 start local training ...
2025-05-12 12:54:23,698 - INFO - fl - start - end client 7 training
2025-05-12 12:54:23,698 - INFO - fl - start - client 7 evaluation metrics: {'train_loss': 3.1956030374728375, 'test_acc': 11.35}
2025-05-12 12:54:23,698 - INFO - fl - start - start client 8 training
2025-05-12 12:54:23,698 - INFO - fl - client_local_train - client 8 start local training ...
2025-05-12 12:54:28,824 - INFO - fl - start - end client 8 training
2025-05-12 12:54:28,824 - INFO - fl - start - client 8 evaluation metrics: {'train_loss': 246.25315923276156, 'test_acc': 9.74}
2025-05-12 12:54:28,824 - INFO - fl - start - start client 9 training
2025-05-12 12:54:28,824 - INFO - fl - client_local_train - client 9 start local training ...
2025-05-12 12:54:31,701 - INFO - fl - client_local_train - client 9 is attacker, start poisoning model
2025-05-12 12:54:35,916 - INFO - fl - start - end client 9 training
2025-05-12 12:54:35,916 - INFO - fl - start - client 9 evaluation metrics: {'train_loss': 11.263879159863075, 'test_acc': 9.82}
2025-05-12 12:54:35,917 - INFO - fl - aggregate_model - start model aggregation...fusion method: dual_defense
2025-05-12 12:54:35,917 - INFO - fl - aggregate_model - start hyper-guard fusion with epsilon 0.01
2025-05-12 12:54:35,917 - INFO - fl - aggregate_model - round 17 attackers: [1, 9]
2025-05-12 12:54:46,692 - DEBUG - util_fusion - fusion_dual_defense - client 0 scores: {0: array([303.00573723]), 1: array([303.00615714]), 2: array([303.00622554]), 3: array([303.00579187]), 4: array([303.00569448]), 5: array([303.00586204]), 6: array([303.00595747]), 7: array([303.00559275]), 8: array([303.0058929]), 9: array([303.00589515])}
2025-05-12 12:54:46,693 - DEBUG - util_fusion - fusion_dual_defense - client 0 norm scores: {0: array([0.22832984]), 1: array([0.89190856]), 2: array([1.]), 3: array([0.31466823]), 4: array([0.16076726]), 5: array([0.42555937]), 6: array([0.57636217]), 7: array([0.]), 8: array([0.47432654]), 9: array([0.47787752])}
2025-05-12 12:54:46,693 - DEBUG - util_fusion - fusion_dual_defense - client 0 similarity threshold: 0.4549799477510816
2025-05-12 12:54:46,693 - INFO - util_fusion - fusion_dual_defense - client 0 selected fusion benigns: [1, 2, 6, 8, 9]
2025-05-12 12:54:46,701 - DEBUG - util_fusion - fusion_dual_defense - client 1 scores: {0: array([303.00573723]), 1: array([303.00615714]), 2: array([303.00622554]), 3: array([303.00579187]), 4: array([303.00569448]), 5: array([303.00586204]), 6: array([303.00595747]), 7: array([303.00559275]), 8: array([303.0058929]), 9: array([303.00589515])}
2025-05-12 12:54:46,702 - DEBUG - util_fusion - fusion_dual_defense - client 1 norm scores: {0: array([0.22832984]), 1: array([0.89190856]), 2: array([1.]), 3: array([0.31466823]), 4: array([0.16076726]), 5: array([0.42555937]), 6: array([0.57636217]), 7: array([0.]), 8: array([0.47432654]), 9: array([0.47787752])}
2025-05-12 12:54:46,702 - DEBUG - util_fusion - fusion_dual_defense - client 1 similarity threshold: 0.4549799477510816
2025-05-12 12:54:46,702 - INFO - util_fusion - fusion_dual_defense - client 1 selected fusion benigns: [1, 2, 6, 8, 9]
2025-05-12 12:54:46,710 - DEBUG - util_fusion - fusion_dual_defense - client 2 scores: {0: array([303.00573723]), 1: array([303.00615714]), 2: array([303.00622554]), 3: array([303.00579187]), 4: array([303.00569448]), 5: array([303.00586204]), 6: array([303.00595747]), 7: array([303.00559275]), 8: array([303.0058929]), 9: array([303.00589515])}
2025-05-12 12:54:46,711 - DEBUG - util_fusion - fusion_dual_defense - client 2 norm scores: {0: array([0.22832984]), 1: array([0.89190856]), 2: array([1.]), 3: array([0.31466823]), 4: array([0.16076726]), 5: array([0.42555937]), 6: array([0.57636217]), 7: array([0.]), 8: array([0.47432654]), 9: array([0.47787752])}
2025-05-12 12:54:46,711 - DEBUG - util_fusion - fusion_dual_defense - client 2 similarity threshold: 0.4549799477510816
2025-05-12 12:54:46,711 - INFO - util_fusion - fusion_dual_defense - client 2 selected fusion benigns: [1, 2, 6, 8, 9]
2025-05-12 12:54:46,719 - DEBUG - util_fusion - fusion_dual_defense - client 3 scores: {0: array([303.00573723]), 1: array([303.00615714]), 2: array([303.00622554]), 3: array([303.00579187]), 4: array([303.00569448]), 5: array([303.00586204]), 6: array([303.00595747]), 7: array([303.00559275]), 8: array([303.0058929]), 9: array([303.00589515])}
2025-05-12 12:54:46,720 - DEBUG - util_fusion - fusion_dual_defense - client 3 norm scores: {0: array([0.22832984]), 1: array([0.89190856]), 2: array([1.]), 3: array([0.31466823]), 4: array([0.16076726]), 5: array([0.42555937]), 6: array([0.57636217]), 7: array([0.]), 8: array([0.47432654]), 9: array([0.47787752])}
2025-05-12 12:54:46,720 - DEBUG - util_fusion - fusion_dual_defense - client 3 similarity threshold: 0.4549799477510816
2025-05-12 12:54:46,720 - INFO - util_fusion - fusion_dual_defense - client 3 selected fusion benigns: [1, 2, 6, 8, 9]
2025-05-12 12:54:46,728 - DEBUG - util_fusion - fusion_dual_defense - client 4 scores: {0: array([303.00573723]), 1: array([303.00615714]), 2: array([303.00622554]), 3: array([303.00579187]), 4: array([303.00569448]), 5: array([303.00586204]), 6: array([303.00595747]), 7: array([303.00559275]), 8: array([303.0058929]), 9: array([303.00589515])}
2025-05-12 12:54:46,729 - DEBUG - util_fusion - fusion_dual_defense - client 4 norm scores: {0: array([0.22832984]), 1: array([0.89190856]), 2: array([1.]), 3: array([0.31466823]), 4: array([0.16076726]), 5: array([0.42555937]), 6: array([0.57636217]), 7: array([0.]), 8: array([0.47432654]), 9: array([0.47787752])}
2025-05-12 12:54:46,729 - DEBUG - util_fusion - fusion_dual_defense - client 4 similarity threshold: 0.4549799477510816
2025-05-12 12:54:46,729 - INFO - util_fusion - fusion_dual_defense - client 4 selected fusion benigns: [1, 2, 6, 8, 9]
2025-05-12 12:54:46,737 - DEBUG - util_fusion - fusion_dual_defense - client 5 scores: {0: array([303.00573723]), 1: array([303.00615714]), 2: array([303.00622554]), 3: array([303.00579187]), 4: array([303.00569448]), 5: array([303.00586204]), 6: array([303.00595747]), 7: array([303.00559275]), 8: array([303.0058929]), 9: array([303.00589515])}
2025-05-12 12:54:46,738 - DEBUG - util_fusion - fusion_dual_defense - client 5 norm scores: {0: array([0.22832984]), 1: array([0.89190856]), 2: array([1.]), 3: array([0.31466823]), 4: array([0.16076726]), 5: array([0.42555937]), 6: array([0.57636217]), 7: array([0.]), 8: array([0.47432654]), 9: array([0.47787752])}
2025-05-12 12:54:46,738 - DEBUG - util_fusion - fusion_dual_defense - client 5 similarity threshold: 0.4549799477510816
2025-05-12 12:54:46,738 - INFO - util_fusion - fusion_dual_defense - client 5 selected fusion benigns: [1, 2, 6, 8, 9]
2025-05-12 12:54:46,746 - DEBUG - util_fusion - fusion_dual_defense - client 6 scores: {0: array([303.00573723]), 1: array([303.00615714]), 2: array([303.00622554]), 3: array([303.00579187]), 4: array([303.00569448]), 5: array([303.00586204]), 6: array([303.00595747]), 7: array([303.00559275]), 8: array([303.0058929]), 9: array([303.00589515])}
2025-05-12 12:54:46,747 - DEBUG - util_fusion - fusion_dual_defense - client 6 norm scores: {0: array([0.22832984]), 1: array([0.89190856]), 2: array([1.]), 3: array([0.31466823]), 4: array([0.16076726]), 5: array([0.42555937]), 6: array([0.57636217]), 7: array([0.]), 8: array([0.47432654]), 9: array([0.47787752])}
2025-05-12 12:54:46,747 - DEBUG - util_fusion - fusion_dual_defense - client 6 similarity threshold: 0.4549799477510816
2025-05-12 12:54:46,747 - INFO - util_fusion - fusion_dual_defense - client 6 selected fusion benigns: [1, 2, 6, 8, 9]
2025-05-12 12:54:46,755 - DEBUG - util_fusion - fusion_dual_defense - client 7 scores: {0: array([303.00573723]), 1: array([303.00615714]), 2: array([303.00622554]), 3: array([303.00579187]), 4: array([303.00569448]), 5: array([303.00586204]), 6: array([303.00595747]), 7: array([303.00559275]), 8: array([303.0058929]), 9: array([303.00589515])}
2025-05-12 12:54:46,756 - DEBUG - util_fusion - fusion_dual_defense - client 7 norm scores: {0: array([0.22832984]), 1: array([0.89190856]), 2: array([1.]), 3: array([0.31466823]), 4: array([0.16076726]), 5: array([0.42555937]), 6: array([0.57636217]), 7: array([0.]), 8: array([0.47432654]), 9: array([0.47787752])}
2025-05-12 12:54:46,756 - DEBUG - util_fusion - fusion_dual_defense - client 7 similarity threshold: 0.4549799477510816
2025-05-12 12:54:46,756 - INFO - util_fusion - fusion_dual_defense - client 7 selected fusion benigns: [1, 2, 6, 8, 9]
2025-05-12 12:54:46,764 - DEBUG - util_fusion - fusion_dual_defense - client 8 scores: {0: array([303.00573723]), 1: array([303.00615714]), 2: array([303.00622554]), 3: array([303.00579187]), 4: array([303.00569448]), 5: array([303.00586204]), 6: array([303.00595747]), 7: array([303.00559275]), 8: array([303.0058929]), 9: array([303.00589515])}
2025-05-12 12:54:46,765 - DEBUG - util_fusion - fusion_dual_defense - client 8 norm scores: {0: array([0.22832984]), 1: array([0.89190856]), 2: array([1.]), 3: array([0.31466823]), 4: array([0.16076726]), 5: array([0.42555937]), 6: array([0.57636217]), 7: array([0.]), 8: array([0.47432654]), 9: array([0.47787752])}
2025-05-12 12:54:46,765 - DEBUG - util_fusion - fusion_dual_defense - client 8 similarity threshold: 0.4549799477510816
2025-05-12 12:54:46,765 - INFO - util_fusion - fusion_dual_defense - client 8 selected fusion benigns: [1, 2, 6, 8, 9]
2025-05-12 12:54:46,773 - DEBUG - util_fusion - fusion_dual_defense - client 9 scores: {0: array([303.00573723]), 1: array([303.00615714]), 2: array([303.00622554]), 3: array([303.00579187]), 4: array([303.00569448]), 5: array([303.00586204]), 6: array([303.00595747]), 7: array([303.00559275]), 8: array([303.0058929]), 9: array([303.00589515])}
2025-05-12 12:54:46,774 - DEBUG - util_fusion - fusion_dual_defense - client 9 norm scores: {0: array([0.22832984]), 1: array([0.89190856]), 2: array([1.]), 3: array([0.31466823]), 4: array([0.16076726]), 5: array([0.42555937]), 6: array([0.57636217]), 7: array([0.]), 8: array([0.47432654]), 9: array([0.47787752])}
2025-05-12 12:54:46,774 - DEBUG - util_fusion - fusion_dual_defense - client 9 similarity threshold: 0.4549799477510816
2025-05-12 12:54:46,774 - INFO - util_fusion - fusion_dual_defense - client 9 selected fusion benigns: [1, 2, 6, 8, 9]
2025-05-12 12:54:46,774 - DEBUG - util_fusion - fusion_dual_defense - final fusion benigns: (1, 2, 6, 8, 9)
2025-05-12 12:54:48,471 - INFO - fl - start - global side -  test accuracy: 9.82
2025-05-12 12:54:48,471 - INFO - fl - start - global side iteration 17 -  test accuracy: 9.82
2025-05-12 12:54:48,472 - INFO - fl - start - start training round 18
2025-05-12 12:54:48,473 - INFO - fl - start - round 18 attackers: [5, 1]
2025-05-12 12:54:48,473 - INFO - fl - start - start client 0 training
2025-05-12 12:54:48,473 - INFO - fl - client_local_train - client 0 start local training ...
2025-05-12 12:54:55,004 - INFO - fl - start - end client 0 training
2025-05-12 12:54:55,004 - INFO - fl - start - client 0 evaluation metrics: {'train_loss': 122.6805486237909, 'test_acc': 9.74}
2025-05-12 12:54:55,004 - INFO - fl - start - start client 1 training
2025-05-12 12:54:55,004 - INFO - fl - client_local_train - client 1 start local training ...
2025-05-12 12:54:56,215 - INFO - fl - client_local_train - client 1 is attacker, start poisoning model
2025-05-12 12:54:59,534 - INFO - fl - start - end client 1 training
2025-05-12 12:54:59,534 - INFO - fl - start - client 1 evaluation metrics: {'train_loss': 119.74742899442974, 'test_acc': 8.92}
2025-05-12 12:54:59,534 - INFO - fl - start - start client 2 training
2025-05-12 12:54:59,534 - INFO - fl - client_local_train - client 2 start local training ...
2025-05-12 12:55:01,864 - INFO - fl - start - end client 2 training
2025-05-12 12:55:01,864 - INFO - fl - start - client 2 evaluation metrics: {'train_loss': 40.02895454565684, 'test_acc': 9.8}
2025-05-12 12:55:01,864 - INFO - fl - start - start client 3 training
2025-05-12 12:55:01,864 - INFO - fl - client_local_train - client 3 start local training ...
2025-05-12 12:55:07,861 - INFO - fl - start - end client 3 training
2025-05-12 12:55:07,861 - INFO - fl - start - client 3 evaluation metrics: {'train_loss': 420.66914836147373, 'test_acc': 10.32}
2025-05-12 12:55:07,861 - INFO - fl - start - start client 4 training
2025-05-12 12:55:07,861 - INFO - fl - client_local_train - client 4 start local training ...
2025-05-12 12:55:14,250 - INFO - fl - start - end client 4 training
2025-05-12 12:55:14,250 - INFO - fl - start - client 4 evaluation metrics: {'train_loss': 36.289623946912826, 'test_acc': 10.32}
2025-05-12 12:55:14,250 - INFO - fl - start - start client 5 training
2025-05-12 12:55:14,250 - INFO - fl - client_local_train - client 5 start local training ...
2025-05-12 12:55:17,231 - INFO - fl - client_local_train - client 5 is attacker, start poisoning model
2025-05-12 12:55:21,494 - INFO - fl - start - end client 5 training
2025-05-12 12:55:21,494 - INFO - fl - start - client 5 evaluation metrics: {'train_loss': 5937.854951278023, 'test_acc': 9.58}
2025-05-12 12:55:21,494 - INFO - fl - start - start client 6 training
2025-05-12 12:55:21,494 - INFO - fl - client_local_train - client 6 start local training ...
2025-05-12 12:55:26,063 - INFO - fl - start - end client 6 training
2025-05-12 12:55:26,063 - INFO - fl - start - client 6 evaluation metrics: {'train_loss': 43.20800394951543, 'test_acc': 9.82}
2025-05-12 12:55:26,063 - INFO - fl - start - start client 7 training
2025-05-12 12:55:26,063 - INFO - fl - client_local_train - client 7 start local training ...
2025-05-12 12:55:33,978 - INFO - fl - start - end client 7 training
2025-05-12 12:55:33,978 - INFO - fl - start - client 7 evaluation metrics: {'train_loss': 8.354944361663012, 'test_acc': 11.35}
2025-05-12 12:55:33,978 - INFO - fl - start - start client 8 training
2025-05-12 12:55:33,978 - INFO - fl - client_local_train - client 8 start local training ...
2025-05-12 12:55:39,090 - INFO - fl - start - end client 8 training
2025-05-12 12:55:39,091 - INFO - fl - start - client 8 evaluation metrics: {'train_loss': 940.6555142609969, 'test_acc': 9.8}
2025-05-12 12:55:39,091 - INFO - fl - start - start client 9 training
2025-05-12 12:55:39,091 - INFO - fl - client_local_train - client 9 start local training ...
2025-05-12 12:55:44,056 - INFO - fl - start - end client 9 training
2025-05-12 12:55:44,056 - INFO - fl - start - client 9 evaluation metrics: {'train_loss': 5.442910053756799, 'test_acc': 9.82}
2025-05-12 12:55:44,056 - INFO - fl - aggregate_model - start model aggregation...fusion method: dual_defense
2025-05-12 12:55:44,056 - INFO - fl - aggregate_model - start hyper-guard fusion with epsilon 0.01
2025-05-12 12:55:44,056 - INFO - fl - aggregate_model - round 18 attackers: [1, 5]
2025-05-12 12:55:54,828 - DEBUG - util_fusion - fusion_dual_defense - client 0 scores: {0: array([494.42830483]), 1: array([494.42987621]), 2: array([494.4301839]), 3: array([494.42852163]), 4: array([494.42834375]), 5: array([494.42890246]), 6: array([494.42905981]), 7: array([494.42749746]), 8: array([494.42889069]), 9: array([494.42899274])}
2025-05-12 12:55:54,829 - DEBUG - util_fusion - fusion_dual_defense - client 0 norm scores: {0: array([0.30053524]), 1: array([0.88546618]), 2: array([1.]), 3: array([0.38123634]), 4: array([0.31502303]), 5: array([0.52299706]), 6: array([0.58156776]), 7: array([0.]), 8: array([0.51861551]), 9: array([0.55660333])}
2025-05-12 12:55:54,829 - DEBUG - util_fusion - fusion_dual_defense - client 0 similarity threshold: 0.5062044447966485
2025-05-12 12:55:54,829 - INFO - util_fusion - fusion_dual_defense - client 0 selected fusion benigns: [1, 2, 5, 6, 8, 9]
2025-05-12 12:55:54,837 - DEBUG - util_fusion - fusion_dual_defense - client 1 scores: {0: array([494.42830483]), 1: array([494.42987621]), 2: array([494.4301839]), 3: array([494.42852163]), 4: array([494.42834375]), 5: array([494.42890246]), 6: array([494.42905981]), 7: array([494.42749746]), 8: array([494.42889069]), 9: array([494.42899274])}
2025-05-12 12:55:54,838 - DEBUG - util_fusion - fusion_dual_defense - client 1 norm scores: {0: array([0.30053524]), 1: array([0.88546618]), 2: array([1.]), 3: array([0.38123634]), 4: array([0.31502303]), 5: array([0.52299706]), 6: array([0.58156776]), 7: array([0.]), 8: array([0.51861551]), 9: array([0.55660333])}
2025-05-12 12:55:54,838 - DEBUG - util_fusion - fusion_dual_defense - client 1 similarity threshold: 0.5062044447966485
2025-05-12 12:55:54,838 - INFO - util_fusion - fusion_dual_defense - client 1 selected fusion benigns: [1, 2, 5, 6, 8, 9]
2025-05-12 12:55:54,846 - DEBUG - util_fusion - fusion_dual_defense - client 2 scores: {0: array([494.42830483]), 1: array([494.42987621]), 2: array([494.4301839]), 3: array([494.42852163]), 4: array([494.42834375]), 5: array([494.42890246]), 6: array([494.42905981]), 7: array([494.42749746]), 8: array([494.42889069]), 9: array([494.42899274])}
2025-05-12 12:55:54,847 - DEBUG - util_fusion - fusion_dual_defense - client 2 norm scores: {0: array([0.30053524]), 1: array([0.88546618]), 2: array([1.]), 3: array([0.38123634]), 4: array([0.31502303]), 5: array([0.52299706]), 6: array([0.58156776]), 7: array([0.]), 8: array([0.51861551]), 9: array([0.55660333])}
2025-05-12 12:55:54,847 - DEBUG - util_fusion - fusion_dual_defense - client 2 similarity threshold: 0.5062044447966485
2025-05-12 12:55:54,847 - INFO - util_fusion - fusion_dual_defense - client 2 selected fusion benigns: [1, 2, 5, 6, 8, 9]
2025-05-12 12:55:54,855 - DEBUG - util_fusion - fusion_dual_defense - client 3 scores: {0: array([494.42830483]), 1: array([494.42987621]), 2: array([494.4301839]), 3: array([494.42852163]), 4: array([494.42834375]), 5: array([494.42890246]), 6: array([494.42905981]), 7: array([494.42749746]), 8: array([494.42889069]), 9: array([494.42899274])}
2025-05-12 12:55:54,856 - DEBUG - util_fusion - fusion_dual_defense - client 3 norm scores: {0: array([0.30053524]), 1: array([0.88546618]), 2: array([1.]), 3: array([0.38123634]), 4: array([0.31502303]), 5: array([0.52299706]), 6: array([0.58156776]), 7: array([0.]), 8: array([0.51861551]), 9: array([0.55660333])}
2025-05-12 12:55:54,856 - DEBUG - util_fusion - fusion_dual_defense - client 3 similarity threshold: 0.5062044447966485
2025-05-12 12:55:54,856 - INFO - util_fusion - fusion_dual_defense - client 3 selected fusion benigns: [1, 2, 5, 6, 8, 9]
2025-05-12 12:55:54,864 - DEBUG - util_fusion - fusion_dual_defense - client 4 scores: {0: array([494.42830483]), 1: array([494.42987621]), 2: array([494.4301839]), 3: array([494.42852163]), 4: array([494.42834375]), 5: array([494.42890246]), 6: array([494.42905981]), 7: array([494.42749746]), 8: array([494.42889069]), 9: array([494.42899274])}
2025-05-12 12:55:54,865 - DEBUG - util_fusion - fusion_dual_defense - client 4 norm scores: {0: array([0.30053524]), 1: array([0.88546618]), 2: array([1.]), 3: array([0.38123634]), 4: array([0.31502303]), 5: array([0.52299706]), 6: array([0.58156776]), 7: array([0.]), 8: array([0.51861551]), 9: array([0.55660333])}
2025-05-12 12:55:54,865 - DEBUG - util_fusion - fusion_dual_defense - client 4 similarity threshold: 0.5062044447966485
2025-05-12 12:55:54,865 - INFO - util_fusion - fusion_dual_defense - client 4 selected fusion benigns: [1, 2, 5, 6, 8, 9]
2025-05-12 12:55:54,873 - DEBUG - util_fusion - fusion_dual_defense - client 5 scores: {0: array([494.42830483]), 1: array([494.42987621]), 2: array([494.4301839]), 3: array([494.42852163]), 4: array([494.42834375]), 5: array([494.42890246]), 6: array([494.42905981]), 7: array([494.42749746]), 8: array([494.42889069]), 9: array([494.42899274])}
2025-05-12 12:55:54,874 - DEBUG - util_fusion - fusion_dual_defense - client 5 norm scores: {0: array([0.30053524]), 1: array([0.88546618]), 2: array([1.]), 3: array([0.38123634]), 4: array([0.31502303]), 5: array([0.52299706]), 6: array([0.58156776]), 7: array([0.]), 8: array([0.51861551]), 9: array([0.55660333])}
2025-05-12 12:55:54,874 - DEBUG - util_fusion - fusion_dual_defense - client 5 similarity threshold: 0.5062044447966485
2025-05-12 12:55:54,874 - INFO - util_fusion - fusion_dual_defense - client 5 selected fusion benigns: [1, 2, 5, 6, 8, 9]
2025-05-12 12:55:54,882 - DEBUG - util_fusion - fusion_dual_defense - client 6 scores: {0: array([494.42830483]), 1: array([494.42987621]), 2: array([494.4301839]), 3: array([494.42852163]), 4: array([494.42834375]), 5: array([494.42890246]), 6: array([494.42905981]), 7: array([494.42749746]), 8: array([494.42889069]), 9: array([494.42899274])}
2025-05-12 12:55:54,883 - DEBUG - util_fusion - fusion_dual_defense - client 6 norm scores: {0: array([0.30053524]), 1: array([0.88546618]), 2: array([1.]), 3: array([0.38123634]), 4: array([0.31502303]), 5: array([0.52299706]), 6: array([0.58156776]), 7: array([0.]), 8: array([0.51861551]), 9: array([0.55660333])}
2025-05-12 12:55:54,883 - DEBUG - util_fusion - fusion_dual_defense - client 6 similarity threshold: 0.5062044447966485
2025-05-12 12:55:54,883 - INFO - util_fusion - fusion_dual_defense - client 6 selected fusion benigns: [1, 2, 5, 6, 8, 9]
2025-05-12 12:55:54,891 - DEBUG - util_fusion - fusion_dual_defense - client 7 scores: {0: array([494.42830483]), 1: array([494.42987621]), 2: array([494.4301839]), 3: array([494.42852163]), 4: array([494.42834375]), 5: array([494.42890246]), 6: array([494.42905981]), 7: array([494.42749746]), 8: array([494.42889069]), 9: array([494.42899274])}
2025-05-12 12:55:54,892 - DEBUG - util_fusion - fusion_dual_defense - client 7 norm scores: {0: array([0.30053524]), 1: array([0.88546618]), 2: array([1.]), 3: array([0.38123634]), 4: array([0.31502303]), 5: array([0.52299706]), 6: array([0.58156776]), 7: array([0.]), 8: array([0.51861551]), 9: array([0.55660333])}
2025-05-12 12:55:54,892 - DEBUG - util_fusion - fusion_dual_defense - client 7 similarity threshold: 0.5062044447966485
2025-05-12 12:55:54,892 - INFO - util_fusion - fusion_dual_defense - client 7 selected fusion benigns: [1, 2, 5, 6, 8, 9]
2025-05-12 12:55:54,900 - DEBUG - util_fusion - fusion_dual_defense - client 8 scores: {0: array([494.42830483]), 1: array([494.42987621]), 2: array([494.4301839]), 3: array([494.42852163]), 4: array([494.42834375]), 5: array([494.42890246]), 6: array([494.42905981]), 7: array([494.42749746]), 8: array([494.42889069]), 9: array([494.42899274])}
2025-05-12 12:55:54,901 - DEBUG - util_fusion - fusion_dual_defense - client 8 norm scores: {0: array([0.30053524]), 1: array([0.88546618]), 2: array([1.]), 3: array([0.38123634]), 4: array([0.31502303]), 5: array([0.52299706]), 6: array([0.58156776]), 7: array([0.]), 8: array([0.51861551]), 9: array([0.55660333])}
2025-05-12 12:55:54,901 - DEBUG - util_fusion - fusion_dual_defense - client 8 similarity threshold: 0.5062044447966485
2025-05-12 12:55:54,901 - INFO - util_fusion - fusion_dual_defense - client 8 selected fusion benigns: [1, 2, 5, 6, 8, 9]
2025-05-12 12:55:54,909 - DEBUG - util_fusion - fusion_dual_defense - client 9 scores: {0: array([494.42830483]), 1: array([494.42987621]), 2: array([494.4301839]), 3: array([494.42852163]), 4: array([494.42834375]), 5: array([494.42890246]), 6: array([494.42905981]), 7: array([494.42749746]), 8: array([494.42889069]), 9: array([494.42899274])}
2025-05-12 12:55:54,910 - DEBUG - util_fusion - fusion_dual_defense - client 9 norm scores: {0: array([0.30053524]), 1: array([0.88546618]), 2: array([1.]), 3: array([0.38123634]), 4: array([0.31502303]), 5: array([0.52299706]), 6: array([0.58156776]), 7: array([0.]), 8: array([0.51861551]), 9: array([0.55660333])}
2025-05-12 12:55:54,910 - DEBUG - util_fusion - fusion_dual_defense - client 9 similarity threshold: 0.5062044447966485
2025-05-12 12:55:54,910 - INFO - util_fusion - fusion_dual_defense - client 9 selected fusion benigns: [1, 2, 5, 6, 8, 9]
2025-05-12 12:55:54,910 - DEBUG - util_fusion - fusion_dual_defense - final fusion benigns: (1, 2, 5, 6, 8, 9)
2025-05-12 12:55:56,661 - INFO - fl - start - global side -  test accuracy: 8.92
2025-05-12 12:55:56,661 - INFO - fl - start - global side iteration 18 -  test accuracy: 8.92
2025-05-12 12:55:56,661 - INFO - fl - start - start training round 19
2025-05-12 12:55:56,663 - INFO - fl - start - round 19 attackers: [9, 8]
2025-05-12 12:55:56,663 - INFO - fl - start - start client 0 training
2025-05-12 12:55:56,663 - INFO - fl - client_local_train - client 0 start local training ...
2025-05-12 12:56:03,171 - INFO - fl - start - end client 0 training
2025-05-12 12:56:03,171 - INFO - fl - start - client 0 evaluation metrics: {'train_loss': 396.0152024171484, 'test_acc': 9.58}
2025-05-12 12:56:03,171 - INFO - fl - start - start client 1 training
2025-05-12 12:56:03,171 - INFO - fl - client_local_train - client 1 start local training ...
2025-05-12 12:56:06,030 - INFO - fl - start - end client 1 training
2025-05-12 12:56:06,030 - INFO - fl - start - client 1 evaluation metrics: {'train_loss': 43.357021507463955, 'test_acc': 8.92}
2025-05-12 12:56:06,030 - INFO - fl - start - start client 2 training
2025-05-12 12:56:06,030 - INFO - fl - client_local_train - client 2 start local training ...
2025-05-12 12:56:08,346 - INFO - fl - start - end client 2 training
2025-05-12 12:56:08,346 - INFO - fl - start - client 2 evaluation metrics: {'train_loss': 121.16561007499695, 'test_acc': 9.8}
2025-05-12 12:56:08,346 - INFO - fl - start - start client 3 training
2025-05-12 12:56:08,355 - INFO - fl - client_local_train - client 3 start local training ...
2025-05-12 12:56:14,379 - INFO - fl - start - end client 3 training
2025-05-12 12:56:14,379 - INFO - fl - start - client 3 evaluation metrics: {'train_loss': 1364.179553650973, 'test_acc': 9.8}
2025-05-12 12:56:14,379 - INFO - fl - start - start client 4 training
2025-05-12 12:56:14,379 - INFO - fl - client_local_train - client 4 start local training ...
2025-05-12 12:56:20,766 - INFO - fl - start - end client 4 training
2025-05-12 12:56:20,766 - INFO - fl - start - client 4 evaluation metrics: {'train_loss': 111.76148551990909, 'test_acc': 10.32}
2025-05-12 12:56:20,766 - INFO - fl - start - start client 5 training
2025-05-12 12:56:20,766 - INFO - fl - client_local_train - client 5 start local training ...
2025-05-12 12:56:25,873 - INFO - fl - start - end client 5 training
2025-05-12 12:56:25,873 - INFO - fl - start - client 5 evaluation metrics: {'train_loss': 2371.7635750148606, 'test_acc': 9.58}
2025-05-12 12:56:25,873 - INFO - fl - start - start client 6 training
2025-05-12 12:56:25,873 - INFO - fl - client_local_train - client 6 start local training ...
2025-05-12 12:56:30,430 - INFO - fl - start - end client 6 training
2025-05-12 12:56:30,430 - INFO - fl - start - client 6 evaluation metrics: {'train_loss': 167.11047585402864, 'test_acc': 9.82}
2025-05-12 12:56:30,430 - INFO - fl - start - start client 7 training
2025-05-12 12:56:30,430 - INFO - fl - client_local_train - client 7 start local training ...
2025-05-12 12:56:38,320 - INFO - fl - start - end client 7 training
2025-05-12 12:56:38,320 - INFO - fl - start - client 7 evaluation metrics: {'train_loss': 23.25268981249436, 'test_acc': 11.35}
2025-05-12 12:56:38,320 - INFO - fl - start - start client 8 training
2025-05-12 12:56:38,320 - INFO - fl - client_local_train - client 8 start local training ...
2025-05-12 12:56:41,269 - INFO - fl - client_local_train - client 8 is attacker, start poisoning model
2025-05-12 12:56:45,546 - INFO - fl - start - end client 8 training
2025-05-12 12:56:45,547 - INFO - fl - start - client 8 evaluation metrics: {'train_loss': 24018.69340183424, 'test_acc': 9.8}
2025-05-12 12:56:45,547 - INFO - fl - start - start client 9 training
2025-05-12 12:56:45,547 - INFO - fl - client_local_train - client 9 start local training ...
2025-05-12 12:56:48,415 - INFO - fl - client_local_train - client 9 is attacker, start poisoning model
2025-05-12 12:56:52,630 - INFO - fl - start - end client 9 training
2025-05-12 12:56:52,630 - INFO - fl - start - client 9 evaluation metrics: {'train_loss': 110.39133418142126, 'test_acc': 9.82}
2025-05-12 12:56:52,630 - INFO - fl - aggregate_model - start model aggregation...fusion method: dual_defense
2025-05-12 12:56:52,630 - INFO - fl - aggregate_model - start hyper-guard fusion with epsilon 0.01
2025-05-12 12:56:52,630 - INFO - fl - aggregate_model - round 19 attackers: [8, 9]
2025-05-12 12:57:03,405 - DEBUG - util_fusion - fusion_dual_defense - client 0 scores: {0: array([157.46220681]), 1: array([157.46143062]), 2: array([157.46131528]), 3: array([157.4620742]), 4: array([157.46216927]), 5: array([157.46182339]), 6: array([157.46172485]), 7: array([157.4625865]), 8: array([157.46182984]), 9: array([157.46181317])}
2025-05-12 12:57:03,406 - DEBUG - util_fusion - fusion_dual_defense - client 0 norm scores: {0: array([0.70131967]), 1: array([0.090734]), 2: array([0.]), 3: array([0.59700013]), 4: array([0.67178968]), 5: array([0.39970591]), 6: array([0.32218311]), 7: array([1.]), 8: array([0.40477489]), 9: array([0.39166636])}
2025-05-12 12:57:03,406 - DEBUG - util_fusion - fusion_dual_defense - client 0 similarity threshold: 0.4579173754618309
2025-05-12 12:57:03,406 - INFO - util_fusion - fusion_dual_defense - client 0 selected fusion benigns: [0, 3, 4, 7]
2025-05-12 12:57:03,414 - DEBUG - util_fusion - fusion_dual_defense - client 1 scores: {0: array([157.46220681]), 1: array([157.46143062]), 2: array([157.46131528]), 3: array([157.4620742]), 4: array([157.46216927]), 5: array([157.46182339]), 6: array([157.46172485]), 7: array([157.4625865]), 8: array([157.46182984]), 9: array([157.46181317])}
2025-05-12 12:57:03,415 - DEBUG - util_fusion - fusion_dual_defense - client 1 norm scores: {0: array([0.70131967]), 1: array([0.090734]), 2: array([0.]), 3: array([0.59700013]), 4: array([0.67178968]), 5: array([0.39970591]), 6: array([0.32218311]), 7: array([1.]), 8: array([0.40477489]), 9: array([0.39166636])}
2025-05-12 12:57:03,415 - DEBUG - util_fusion - fusion_dual_defense - client 1 similarity threshold: 0.4579173754618309
2025-05-12 12:57:03,415 - INFO - util_fusion - fusion_dual_defense - client 1 selected fusion benigns: [0, 3, 4, 7]
2025-05-12 12:57:03,423 - DEBUG - util_fusion - fusion_dual_defense - client 2 scores: {0: array([157.46220681]), 1: array([157.46143062]), 2: array([157.46131528]), 3: array([157.4620742]), 4: array([157.46216927]), 5: array([157.46182339]), 6: array([157.46172485]), 7: array([157.4625865]), 8: array([157.46182984]), 9: array([157.46181317])}
2025-05-12 12:57:03,424 - DEBUG - util_fusion - fusion_dual_defense - client 2 norm scores: {0: array([0.70131967]), 1: array([0.090734]), 2: array([0.]), 3: array([0.59700013]), 4: array([0.67178968]), 5: array([0.39970591]), 6: array([0.32218311]), 7: array([1.]), 8: array([0.40477489]), 9: array([0.39166636])}
2025-05-12 12:57:03,424 - DEBUG - util_fusion - fusion_dual_defense - client 2 similarity threshold: 0.4579173754618309
2025-05-12 12:57:03,424 - INFO - util_fusion - fusion_dual_defense - client 2 selected fusion benigns: [0, 3, 4, 7]
2025-05-12 12:57:03,432 - DEBUG - util_fusion - fusion_dual_defense - client 3 scores: {0: array([157.46220681]), 1: array([157.46143062]), 2: array([157.46131528]), 3: array([157.4620742]), 4: array([157.46216927]), 5: array([157.46182339]), 6: array([157.46172485]), 7: array([157.4625865]), 8: array([157.46182984]), 9: array([157.46181317])}
2025-05-12 12:57:03,433 - DEBUG - util_fusion - fusion_dual_defense - client 3 norm scores: {0: array([0.70131967]), 1: array([0.090734]), 2: array([0.]), 3: array([0.59700013]), 4: array([0.67178968]), 5: array([0.39970591]), 6: array([0.32218311]), 7: array([1.]), 8: array([0.40477489]), 9: array([0.39166636])}
2025-05-12 12:57:03,433 - DEBUG - util_fusion - fusion_dual_defense - client 3 similarity threshold: 0.4579173754618309
2025-05-12 12:57:03,433 - INFO - util_fusion - fusion_dual_defense - client 3 selected fusion benigns: [0, 3, 4, 7]
2025-05-12 12:57:03,441 - DEBUG - util_fusion - fusion_dual_defense - client 4 scores: {0: array([157.46220681]), 1: array([157.46143062]), 2: array([157.46131528]), 3: array([157.4620742]), 4: array([157.46216927]), 5: array([157.46182339]), 6: array([157.46172485]), 7: array([157.4625865]), 8: array([157.46182984]), 9: array([157.46181317])}
2025-05-12 12:57:03,442 - DEBUG - util_fusion - fusion_dual_defense - client 4 norm scores: {0: array([0.70131967]), 1: array([0.090734]), 2: array([0.]), 3: array([0.59700013]), 4: array([0.67178968]), 5: array([0.39970591]), 6: array([0.32218311]), 7: array([1.]), 8: array([0.40477489]), 9: array([0.39166636])}
2025-05-12 12:57:03,442 - DEBUG - util_fusion - fusion_dual_defense - client 4 similarity threshold: 0.4579173754618309
2025-05-12 12:57:03,442 - INFO - util_fusion - fusion_dual_defense - client 4 selected fusion benigns: [0, 3, 4, 7]
2025-05-12 12:57:03,450 - DEBUG - util_fusion - fusion_dual_defense - client 5 scores: {0: array([157.46220681]), 1: array([157.46143062]), 2: array([157.46131528]), 3: array([157.4620742]), 4: array([157.46216927]), 5: array([157.46182339]), 6: array([157.46172485]), 7: array([157.4625865]), 8: array([157.46182984]), 9: array([157.46181317])}
2025-05-12 12:57:03,451 - DEBUG - util_fusion - fusion_dual_defense - client 5 norm scores: {0: array([0.70131967]), 1: array([0.090734]), 2: array([0.]), 3: array([0.59700013]), 4: array([0.67178968]), 5: array([0.39970591]), 6: array([0.32218311]), 7: array([1.]), 8: array([0.40477489]), 9: array([0.39166636])}
2025-05-12 12:57:03,451 - DEBUG - util_fusion - fusion_dual_defense - client 5 similarity threshold: 0.4579173754618309
2025-05-12 12:57:03,451 - INFO - util_fusion - fusion_dual_defense - client 5 selected fusion benigns: [0, 3, 4, 7]
2025-05-12 12:57:03,459 - DEBUG - util_fusion - fusion_dual_defense - client 6 scores: {0: array([157.46220681]), 1: array([157.46143062]), 2: array([157.46131528]), 3: array([157.4620742]), 4: array([157.46216927]), 5: array([157.46182339]), 6: array([157.46172485]), 7: array([157.4625865]), 8: array([157.46182984]), 9: array([157.46181317])}
2025-05-12 12:57:03,460 - DEBUG - util_fusion - fusion_dual_defense - client 6 norm scores: {0: array([0.70131967]), 1: array([0.090734]), 2: array([0.]), 3: array([0.59700013]), 4: array([0.67178968]), 5: array([0.39970591]), 6: array([0.32218311]), 7: array([1.]), 8: array([0.40477489]), 9: array([0.39166636])}
2025-05-12 12:57:03,460 - DEBUG - util_fusion - fusion_dual_defense - client 6 similarity threshold: 0.4579173754618309
2025-05-12 12:57:03,460 - INFO - util_fusion - fusion_dual_defense - client 6 selected fusion benigns: [0, 3, 4, 7]
2025-05-12 12:57:03,468 - DEBUG - util_fusion - fusion_dual_defense - client 7 scores: {0: array([157.46220681]), 1: array([157.46143062]), 2: array([157.46131528]), 3: array([157.4620742]), 4: array([157.46216927]), 5: array([157.46182339]), 6: array([157.46172485]), 7: array([157.4625865]), 8: array([157.46182984]), 9: array([157.46181317])}
2025-05-12 12:57:03,469 - DEBUG - util_fusion - fusion_dual_defense - client 7 norm scores: {0: array([0.70131967]), 1: array([0.090734]), 2: array([0.]), 3: array([0.59700013]), 4: array([0.67178968]), 5: array([0.39970591]), 6: array([0.32218311]), 7: array([1.]), 8: array([0.40477489]), 9: array([0.39166636])}
2025-05-12 12:57:03,469 - DEBUG - util_fusion - fusion_dual_defense - client 7 similarity threshold: 0.4579173754618309
2025-05-12 12:57:03,469 - INFO - util_fusion - fusion_dual_defense - client 7 selected fusion benigns: [0, 3, 4, 7]
2025-05-12 12:57:03,477 - DEBUG - util_fusion - fusion_dual_defense - client 8 scores: {0: array([157.46220681]), 1: array([157.46143062]), 2: array([157.46131528]), 3: array([157.4620742]), 4: array([157.46216927]), 5: array([157.46182339]), 6: array([157.46172485]), 7: array([157.4625865]), 8: array([157.46182984]), 9: array([157.46181317])}
2025-05-12 12:57:03,478 - DEBUG - util_fusion - fusion_dual_defense - client 8 norm scores: {0: array([0.70131967]), 1: array([0.090734]), 2: array([0.]), 3: array([0.59700013]), 4: array([0.67178968]), 5: array([0.39970591]), 6: array([0.32218311]), 7: array([1.]), 8: array([0.40477489]), 9: array([0.39166636])}
2025-05-12 12:57:03,478 - DEBUG - util_fusion - fusion_dual_defense - client 8 similarity threshold: 0.4579173754618309
2025-05-12 12:57:03,478 - INFO - util_fusion - fusion_dual_defense - client 8 selected fusion benigns: [0, 3, 4, 7]
2025-05-12 12:57:03,486 - DEBUG - util_fusion - fusion_dual_defense - client 9 scores: {0: array([157.46220681]), 1: array([157.46143062]), 2: array([157.46131528]), 3: array([157.4620742]), 4: array([157.46216927]), 5: array([157.46182339]), 6: array([157.46172485]), 7: array([157.4625865]), 8: array([157.46182984]), 9: array([157.46181317])}
2025-05-12 12:57:03,487 - DEBUG - util_fusion - fusion_dual_defense - client 9 norm scores: {0: array([0.70131967]), 1: array([0.090734]), 2: array([0.]), 3: array([0.59700013]), 4: array([0.67178968]), 5: array([0.39970591]), 6: array([0.32218311]), 7: array([1.]), 8: array([0.40477489]), 9: array([0.39166636])}
2025-05-12 12:57:03,487 - DEBUG - util_fusion - fusion_dual_defense - client 9 similarity threshold: 0.4579173754618309
2025-05-12 12:57:03,487 - INFO - util_fusion - fusion_dual_defense - client 9 selected fusion benigns: [0, 3, 4, 7]
2025-05-12 12:57:03,487 - DEBUG - util_fusion - fusion_dual_defense - final fusion benigns: (0, 3, 4, 7)
2025-05-12 12:57:05,128 - INFO - fl - start - global side -  test accuracy: 10.32
2025-05-12 12:57:05,128 - INFO - fl - start - global side iteration 19 -  test accuracy: 10.32
2025-05-12 12:57:05,128 - INFO - fl - start - start training round 20
2025-05-12 12:57:05,130 - INFO - fl - start - round 20 attackers: [5, 7]
2025-05-12 12:57:05,130 - INFO - fl - start - start client 0 training
2025-05-12 12:57:05,130 - INFO - fl - client_local_train - client 0 start local training ...
2025-05-12 12:57:11,667 - INFO - fl - start - end client 0 training
2025-05-12 12:57:11,667 - INFO - fl - start - client 0 evaluation metrics: {'train_loss': 392.08615013182634, 'test_acc': 9.58}
2025-05-12 12:57:11,667 - INFO - fl - start - start client 1 training
2025-05-12 12:57:11,667 - INFO - fl - client_local_train - client 1 start local training ...
2025-05-12 12:57:14,553 - INFO - fl - start - end client 1 training
2025-05-12 12:57:14,553 - INFO - fl - start - client 1 evaluation metrics: {'train_loss': 45.243365363070836, 'test_acc': 8.92}
2025-05-12 12:57:14,553 - INFO - fl - start - start client 2 training
2025-05-12 12:57:14,553 - INFO - fl - client_local_train - client 2 start local training ...
2025-05-12 12:57:16,877 - INFO - fl - start - end client 2 training
2025-05-12 12:57:16,877 - INFO - fl - start - client 2 evaluation metrics: {'train_loss': 119.86501280466716, 'test_acc': 9.8}
2025-05-12 12:57:16,877 - INFO - fl - start - start client 3 training
2025-05-12 12:57:16,885 - INFO - fl - client_local_train - client 3 start local training ...
2025-05-12 12:57:22,886 - INFO - fl - start - end client 3 training
2025-05-12 12:57:22,886 - INFO - fl - start - client 3 evaluation metrics: {'train_loss': 1359.0574094538104, 'test_acc': 9.8}
2025-05-12 12:57:22,886 - INFO - fl - start - start client 4 training
2025-05-12 12:57:22,886 - INFO - fl - client_local_train - client 4 start local training ...
2025-05-12 12:57:29,294 - INFO - fl - start - end client 4 training
2025-05-12 12:57:29,294 - INFO - fl - start - client 4 evaluation metrics: {'train_loss': 111.57826578905505, 'test_acc': 10.32}
2025-05-12 12:57:29,294 - INFO - fl - start - start client 5 training
2025-05-12 12:57:29,294 - INFO - fl - client_local_train - client 5 start local training ...
2025-05-12 12:57:32,250 - INFO - fl - client_local_train - client 5 is attacker, start poisoning model
2025-05-12 12:57:36,526 - INFO - fl - start - end client 5 training
2025-05-12 12:57:36,527 - INFO - fl - start - client 5 evaluation metrics: {'train_loss': 18921.627664317257, 'test_acc': 9.58}
2025-05-12 12:57:36,527 - INFO - fl - start - start client 6 training
2025-05-12 12:57:36,527 - INFO - fl - client_local_train - client 6 start local training ...
2025-05-12 12:57:41,091 - INFO - fl - start - end client 6 training
2025-05-12 12:57:41,091 - INFO - fl - start - client 6 evaluation metrics: {'train_loss': 164.21438453770892, 'test_acc': 9.82}
2025-05-12 12:57:41,091 - INFO - fl - start - start client 7 training
2025-05-12 12:57:41,091 - INFO - fl - client_local_train - client 7 start local training ...
2025-05-12 12:57:46,268 - INFO - fl - client_local_train - client 7 is attacker, start poisoning model
2025-05-12 12:57:51,724 - INFO - fl - start - end client 7 training
2025-05-12 12:57:51,724 - INFO - fl - start - client 7 evaluation metrics: {'train_loss': 179.02810819993107, 'test_acc': 11.35}
2025-05-12 12:57:51,724 - INFO - fl - start - start client 8 training
2025-05-12 12:57:51,724 - INFO - fl - client_local_train - client 8 start local training ...
2025-05-12 12:57:56,829 - INFO - fl - start - end client 8 training
2025-05-12 12:57:56,829 - INFO - fl - start - client 8 evaluation metrics: {'train_loss': 2998.0704929517665, 'test_acc': 9.8}
2025-05-12 12:57:56,829 - INFO - fl - start - start client 9 training
2025-05-12 12:57:56,829 - INFO - fl - client_local_train - client 9 start local training ...
2025-05-12 12:58:01,804 - INFO - fl - start - end client 9 training
2025-05-12 12:58:01,804 - INFO - fl - start - client 9 evaluation metrics: {'train_loss': 14.633475019690696, 'test_acc': 9.82}
2025-05-12 12:58:01,804 - INFO - fl - aggregate_model - start model aggregation...fusion method: dual_defense
2025-05-12 12:58:01,804 - INFO - fl - aggregate_model - start hyper-guard fusion with epsilon 0.01
2025-05-12 12:58:01,804 - INFO - fl - aggregate_model - round 20 attackers: [5, 7]
2025-05-12 12:58:12,595 - DEBUG - util_fusion - fusion_dual_defense - client 0 scores: {0: array([10.41895378]), 1: array([10.41888551]), 2: array([10.41887386]), 3: array([10.4189436]), 4: array([10.41895208]), 5: array([10.41892698]), 6: array([10.4189169]), 7: array([10.41897747]), 8: array([10.41892712]), 9: array([10.41892339])}
2025-05-12 12:58:12,596 - DEBUG - util_fusion - fusion_dual_defense - client 0 norm scores: {0: array([0.77131152]), 1: array([0.11243042]), 2: array([0.]), 3: array([0.67306484]), 4: array([0.75492717]), 5: array([0.51270086]), 6: array([0.41539056]), 7: array([1.]), 8: array([0.51406238]), 9: array([0.47798211])}
2025-05-12 12:58:12,596 - DEBUG - util_fusion - fusion_dual_defense - client 0 similarity threshold: 0.5231869856911953
2025-05-12 12:58:12,596 - INFO - util_fusion - fusion_dual_defense - client 0 selected fusion benigns: [0, 3, 4, 7]
2025-05-12 12:58:12,605 - DEBUG - util_fusion - fusion_dual_defense - client 1 scores: {0: array([10.41895378]), 1: array([10.41888551]), 2: array([10.41887386]), 3: array([10.4189436]), 4: array([10.41895208]), 5: array([10.41892698]), 6: array([10.4189169]), 7: array([10.41897747]), 8: array([10.41892712]), 9: array([10.41892339])}
2025-05-12 12:58:12,605 - DEBUG - util_fusion - fusion_dual_defense - client 1 norm scores: {0: array([0.77131152]), 1: array([0.11243042]), 2: array([0.]), 3: array([0.67306484]), 4: array([0.75492717]), 5: array([0.51270086]), 6: array([0.41539056]), 7: array([1.]), 8: array([0.51406238]), 9: array([0.47798211])}
2025-05-12 12:58:12,605 - DEBUG - util_fusion - fusion_dual_defense - client 1 similarity threshold: 0.5231869856911953
2025-05-12 12:58:12,605 - INFO - util_fusion - fusion_dual_defense - client 1 selected fusion benigns: [0, 3, 4, 7]
2025-05-12 12:58:12,614 - DEBUG - util_fusion - fusion_dual_defense - client 2 scores: {0: array([10.41895378]), 1: array([10.41888551]), 2: array([10.41887386]), 3: array([10.4189436]), 4: array([10.41895208]), 5: array([10.41892698]), 6: array([10.4189169]), 7: array([10.41897747]), 8: array([10.41892712]), 9: array([10.41892339])}
2025-05-12 12:58:12,614 - DEBUG - util_fusion - fusion_dual_defense - client 2 norm scores: {0: array([0.77131152]), 1: array([0.11243042]), 2: array([0.]), 3: array([0.67306484]), 4: array([0.75492717]), 5: array([0.51270086]), 6: array([0.41539056]), 7: array([1.]), 8: array([0.51406238]), 9: array([0.47798211])}
2025-05-12 12:58:12,614 - DEBUG - util_fusion - fusion_dual_defense - client 2 similarity threshold: 0.5231869856911953
2025-05-12 12:58:12,614 - INFO - util_fusion - fusion_dual_defense - client 2 selected fusion benigns: [0, 3, 4, 7]
2025-05-12 12:58:12,623 - DEBUG - util_fusion - fusion_dual_defense - client 3 scores: {0: array([10.41895378]), 1: array([10.41888551]), 2: array([10.41887386]), 3: array([10.4189436]), 4: array([10.41895208]), 5: array([10.41892698]), 6: array([10.4189169]), 7: array([10.41897747]), 8: array([10.41892712]), 9: array([10.41892339])}
2025-05-12 12:58:12,623 - DEBUG - util_fusion - fusion_dual_defense - client 3 norm scores: {0: array([0.77131152]), 1: array([0.11243042]), 2: array([0.]), 3: array([0.67306484]), 4: array([0.75492717]), 5: array([0.51270086]), 6: array([0.41539056]), 7: array([1.]), 8: array([0.51406238]), 9: array([0.47798211])}
2025-05-12 12:58:12,623 - DEBUG - util_fusion - fusion_dual_defense - client 3 similarity threshold: 0.5231869856911953
2025-05-12 12:58:12,623 - INFO - util_fusion - fusion_dual_defense - client 3 selected fusion benigns: [0, 3, 4, 7]
2025-05-12 12:58:12,632 - DEBUG - util_fusion - fusion_dual_defense - client 4 scores: {0: array([10.41895378]), 1: array([10.41888551]), 2: array([10.41887386]), 3: array([10.4189436]), 4: array([10.41895208]), 5: array([10.41892698]), 6: array([10.4189169]), 7: array([10.41897747]), 8: array([10.41892712]), 9: array([10.41892339])}
2025-05-12 12:58:12,633 - DEBUG - util_fusion - fusion_dual_defense - client 4 norm scores: {0: array([0.77131152]), 1: array([0.11243042]), 2: array([0.]), 3: array([0.67306484]), 4: array([0.75492717]), 5: array([0.51270086]), 6: array([0.41539056]), 7: array([1.]), 8: array([0.51406238]), 9: array([0.47798211])}
2025-05-12 12:58:12,633 - DEBUG - util_fusion - fusion_dual_defense - client 4 similarity threshold: 0.5231869856911953
2025-05-12 12:58:12,633 - INFO - util_fusion - fusion_dual_defense - client 4 selected fusion benigns: [0, 3, 4, 7]
2025-05-12 12:58:12,641 - DEBUG - util_fusion - fusion_dual_defense - client 5 scores: {0: array([10.41895378]), 1: array([10.41888551]), 2: array([10.41887386]), 3: array([10.4189436]), 4: array([10.41895208]), 5: array([10.41892698]), 6: array([10.4189169]), 7: array([10.41897747]), 8: array([10.41892712]), 9: array([10.41892339])}
2025-05-12 12:58:12,641 - DEBUG - util_fusion - fusion_dual_defense - client 5 norm scores: {0: array([0.77131152]), 1: array([0.11243042]), 2: array([0.]), 3: array([0.67306484]), 4: array([0.75492717]), 5: array([0.51270086]), 6: array([0.41539056]), 7: array([1.]), 8: array([0.51406238]), 9: array([0.47798211])}
2025-05-12 12:58:12,642 - DEBUG - util_fusion - fusion_dual_defense - client 5 similarity threshold: 0.5231869856911953
2025-05-12 12:58:12,642 - INFO - util_fusion - fusion_dual_defense - client 5 selected fusion benigns: [0, 3, 4, 7]
2025-05-12 12:58:12,650 - DEBUG - util_fusion - fusion_dual_defense - client 6 scores: {0: array([10.41895378]), 1: array([10.41888551]), 2: array([10.41887386]), 3: array([10.4189436]), 4: array([10.41895208]), 5: array([10.41892698]), 6: array([10.4189169]), 7: array([10.41897747]), 8: array([10.41892712]), 9: array([10.41892339])}
2025-05-12 12:58:12,650 - DEBUG - util_fusion - fusion_dual_defense - client 6 norm scores: {0: array([0.77131152]), 1: array([0.11243042]), 2: array([0.]), 3: array([0.67306484]), 4: array([0.75492717]), 5: array([0.51270086]), 6: array([0.41539056]), 7: array([1.]), 8: array([0.51406238]), 9: array([0.47798211])}
2025-05-12 12:58:12,650 - DEBUG - util_fusion - fusion_dual_defense - client 6 similarity threshold: 0.5231869856911953
2025-05-12 12:58:12,651 - INFO - util_fusion - fusion_dual_defense - client 6 selected fusion benigns: [0, 3, 4, 7]
2025-05-12 12:58:12,659 - DEBUG - util_fusion - fusion_dual_defense - client 7 scores: {0: array([10.41895378]), 1: array([10.41888551]), 2: array([10.41887386]), 3: array([10.4189436]), 4: array([10.41895208]), 5: array([10.41892698]), 6: array([10.4189169]), 7: array([10.41897747]), 8: array([10.41892712]), 9: array([10.41892339])}
2025-05-12 12:58:12,659 - DEBUG - util_fusion - fusion_dual_defense - client 7 norm scores: {0: array([0.77131152]), 1: array([0.11243042]), 2: array([0.]), 3: array([0.67306484]), 4: array([0.75492717]), 5: array([0.51270086]), 6: array([0.41539056]), 7: array([1.]), 8: array([0.51406238]), 9: array([0.47798211])}
2025-05-12 12:58:12,659 - DEBUG - util_fusion - fusion_dual_defense - client 7 similarity threshold: 0.5231869856911953
2025-05-12 12:58:12,660 - INFO - util_fusion - fusion_dual_defense - client 7 selected fusion benigns: [0, 3, 4, 7]
2025-05-12 12:58:12,668 - DEBUG - util_fusion - fusion_dual_defense - client 8 scores: {0: array([10.41895378]), 1: array([10.41888551]), 2: array([10.41887386]), 3: array([10.4189436]), 4: array([10.41895208]), 5: array([10.41892698]), 6: array([10.4189169]), 7: array([10.41897747]), 8: array([10.41892712]), 9: array([10.41892339])}
2025-05-12 12:58:12,668 - DEBUG - util_fusion - fusion_dual_defense - client 8 norm scores: {0: array([0.77131152]), 1: array([0.11243042]), 2: array([0.]), 3: array([0.67306484]), 4: array([0.75492717]), 5: array([0.51270086]), 6: array([0.41539056]), 7: array([1.]), 8: array([0.51406238]), 9: array([0.47798211])}
2025-05-12 12:58:12,668 - DEBUG - util_fusion - fusion_dual_defense - client 8 similarity threshold: 0.5231869856911953
2025-05-12 12:58:12,668 - INFO - util_fusion - fusion_dual_defense - client 8 selected fusion benigns: [0, 3, 4, 7]
2025-05-12 12:58:12,677 - DEBUG - util_fusion - fusion_dual_defense - client 9 scores: {0: array([10.41895378]), 1: array([10.41888551]), 2: array([10.41887386]), 3: array([10.4189436]), 4: array([10.41895208]), 5: array([10.41892698]), 6: array([10.4189169]), 7: array([10.41897747]), 8: array([10.41892712]), 9: array([10.41892339])}
2025-05-12 12:58:12,677 - DEBUG - util_fusion - fusion_dual_defense - client 9 norm scores: {0: array([0.77131152]), 1: array([0.11243042]), 2: array([0.]), 3: array([0.67306484]), 4: array([0.75492717]), 5: array([0.51270086]), 6: array([0.41539056]), 7: array([1.]), 8: array([0.51406238]), 9: array([0.47798211])}
2025-05-12 12:58:12,677 - DEBUG - util_fusion - fusion_dual_defense - client 9 similarity threshold: 0.5231869856911953
2025-05-12 12:58:12,678 - INFO - util_fusion - fusion_dual_defense - client 9 selected fusion benigns: [0, 3, 4, 7]
2025-05-12 12:58:12,678 - DEBUG - util_fusion - fusion_dual_defense - final fusion benigns: (0, 3, 4, 7)
2025-05-12 12:58:14,322 - INFO - fl - start - global side -  test accuracy: 11.35
2025-05-12 12:58:14,322 - INFO - fl - start - global side iteration 20 -  test accuracy: 11.35
2025-05-12 12:58:14,322 - INFO - fl - start - start training round 21
2025-05-12 12:58:14,324 - INFO - fl - start - round 21 attackers: [9, 6]
2025-05-12 12:58:14,324 - INFO - fl - start - start client 0 training
2025-05-12 12:58:14,324 - INFO - fl - client_local_train - client 0 start local training ...
2025-05-12 12:58:20,891 - INFO - fl - start - end client 0 training
2025-05-12 12:58:20,891 - INFO - fl - start - client 0 evaluation metrics: {'train_loss': 1249.8467194264329, 'test_acc': 9.58}
2025-05-12 12:58:20,891 - INFO - fl - start - start client 1 training
2025-05-12 12:58:20,891 - INFO - fl - client_local_train - client 1 start local training ...
2025-05-12 12:58:23,758 - INFO - fl - start - end client 1 training
2025-05-12 12:58:23,758 - INFO - fl - start - client 1 evaluation metrics: {'train_loss': 129.7446783969277, 'test_acc': 9.82}
2025-05-12 12:58:23,758 - INFO - fl - start - start client 2 training
2025-05-12 12:58:23,758 - INFO - fl - client_local_train - client 2 start local training ...
2025-05-12 12:58:26,075 - INFO - fl - start - end client 2 training
2025-05-12 12:58:26,076 - INFO - fl - start - client 2 evaluation metrics: {'train_loss': 373.8350084622701, 'test_acc': 9.8}
2025-05-12 12:58:26,076 - INFO - fl - start - start client 3 training
2025-05-12 12:58:26,084 - INFO - fl - client_local_train - client 3 start local training ...
2025-05-12 12:58:32,079 - INFO - fl - start - end client 3 training
2025-05-12 12:58:32,079 - INFO - fl - start - client 3 evaluation metrics: {'train_loss': 4296.726879454495, 'test_acc': 10.32}
2025-05-12 12:58:32,079 - INFO - fl - start - start client 4 training
2025-05-12 12:58:32,079 - INFO - fl - client_local_train - client 4 start local training ...
2025-05-12 12:58:38,506 - INFO - fl - start - end client 4 training
2025-05-12 12:58:38,506 - INFO - fl - start - client 4 evaluation metrics: {'train_loss': 347.36380122842326, 'test_acc': 10.32}
2025-05-12 12:58:38,506 - INFO - fl - start - start client 5 training
2025-05-12 12:58:38,506 - INFO - fl - client_local_train - client 5 start local training ...
2025-05-12 12:58:43,620 - INFO - fl - start - end client 5 training
2025-05-12 12:58:43,620 - INFO - fl - start - client 5 evaluation metrics: {'train_loss': 7438.443558402683, 'test_acc': 9.58}
2025-05-12 12:58:43,620 - INFO - fl - start - start client 6 training
2025-05-12 12:58:43,620 - INFO - fl - client_local_train - client 6 start local training ...
2025-05-12 12:58:46,187 - INFO - fl - client_local_train - client 6 is attacker, start poisoning model
2025-05-12 12:58:50,231 - INFO - fl - start - end client 6 training
2025-05-12 12:58:50,231 - INFO - fl - start - client 6 evaluation metrics: {'train_loss': 4336.212856630736, 'test_acc': 9.82}
2025-05-12 12:58:50,231 - INFO - fl - start - start client 7 training
2025-05-12 12:58:50,231 - INFO - fl - client_local_train - client 7 start local training ...
2025-05-12 12:58:58,164 - INFO - fl - start - end client 7 training
2025-05-12 12:58:58,164 - INFO - fl - start - client 7 evaluation metrics: {'train_loss': 69.25404610322869, 'test_acc': 11.35}
2025-05-12 12:58:58,164 - INFO - fl - start - start client 8 training
2025-05-12 12:58:58,164 - INFO - fl - client_local_train - client 8 start local training ...
2025-05-12 12:59:03,244 - INFO - fl - start - end client 8 training
2025-05-12 12:59:03,244 - INFO - fl - start - client 8 evaluation metrics: {'train_loss': 9434.915872325068, 'test_acc': 9.8}
2025-05-12 12:59:03,244 - INFO - fl - start - start client 9 training
2025-05-12 12:59:03,244 - INFO - fl - client_local_train - client 9 start local training ...
2025-05-12 12:59:06,117 - INFO - fl - client_local_train - client 9 is attacker, start poisoning model
2025-05-12 12:59:10,339 - INFO - fl - start - end client 9 training
2025-05-12 12:59:10,339 - INFO - fl - start - client 9 evaluation metrics: {'train_loss': 339.55577311221134, 'test_acc': 9.82}
2025-05-12 12:59:10,339 - INFO - fl - aggregate_model - start model aggregation...fusion method: dual_defense
2025-05-12 12:59:10,339 - INFO - fl - aggregate_model - start hyper-guard fusion with epsilon 0.01
2025-05-12 12:59:10,339 - INFO - fl - aggregate_model - round 21 attackers: [9, 6]
2025-05-12 12:59:21,120 - DEBUG - util_fusion - fusion_dual_defense - client 0 scores: {0: array([588.75469207]), 1: array([588.75503821]), 2: array([588.75508307]), 3: array([588.75487654]), 4: array([588.75478105]), 5: array([588.75499569]), 6: array([588.75501235]), 7: array([588.75439033]), 8: array([588.75499255]), 9: array([588.75504876])}
2025-05-12 12:59:21,121 - DEBUG - util_fusion - fusion_dual_defense - client 0 norm scores: {0: array([0.43558153]), 1: array([0.93524372]), 2: array([1.]), 3: array([0.70187251]), 4: array([0.56402217]), 5: array([0.87386281]), 6: array([0.8979239]), 7: array([0.]), 8: array([0.86933058]), 9: array([0.95047598])}
2025-05-12 12:59:21,121 - DEBUG - util_fusion - fusion_dual_defense - client 0 similarity threshold: 0.7228313200073986
2025-05-12 12:59:21,121 - INFO - util_fusion - fusion_dual_defense - client 0 selected fusion benigns: [1, 2, 5, 6, 8, 9]
2025-05-12 12:59:21,129 - DEBUG - util_fusion - fusion_dual_defense - client 1 scores: {0: array([588.75469207]), 1: array([588.75503821]), 2: array([588.75508307]), 3: array([588.75487654]), 4: array([588.75478105]), 5: array([588.75499569]), 6: array([588.75501235]), 7: array([588.75439033]), 8: array([588.75499255]), 9: array([588.75504876])}
2025-05-12 12:59:21,130 - DEBUG - util_fusion - fusion_dual_defense - client 1 norm scores: {0: array([0.43558153]), 1: array([0.93524372]), 2: array([1.]), 3: array([0.70187251]), 4: array([0.56402217]), 5: array([0.87386281]), 6: array([0.8979239]), 7: array([0.]), 8: array([0.86933058]), 9: array([0.95047598])}
2025-05-12 12:59:21,130 - DEBUG - util_fusion - fusion_dual_defense - client 1 similarity threshold: 0.7228313200073986
2025-05-12 12:59:21,130 - INFO - util_fusion - fusion_dual_defense - client 1 selected fusion benigns: [1, 2, 5, 6, 8, 9]
2025-05-12 12:59:21,138 - DEBUG - util_fusion - fusion_dual_defense - client 2 scores: {0: array([588.75469207]), 1: array([588.75503821]), 2: array([588.75508307]), 3: array([588.75487654]), 4: array([588.75478105]), 5: array([588.75499569]), 6: array([588.75501235]), 7: array([588.75439033]), 8: array([588.75499255]), 9: array([588.75504876])}
2025-05-12 12:59:21,139 - DEBUG - util_fusion - fusion_dual_defense - client 2 norm scores: {0: array([0.43558153]), 1: array([0.93524372]), 2: array([1.]), 3: array([0.70187251]), 4: array([0.56402217]), 5: array([0.87386281]), 6: array([0.8979239]), 7: array([0.]), 8: array([0.86933058]), 9: array([0.95047598])}
2025-05-12 12:59:21,139 - DEBUG - util_fusion - fusion_dual_defense - client 2 similarity threshold: 0.7228313200073986
2025-05-12 12:59:21,139 - INFO - util_fusion - fusion_dual_defense - client 2 selected fusion benigns: [1, 2, 5, 6, 8, 9]
2025-05-12 12:59:21,147 - DEBUG - util_fusion - fusion_dual_defense - client 3 scores: {0: array([588.75469207]), 1: array([588.75503821]), 2: array([588.75508307]), 3: array([588.75487654]), 4: array([588.75478105]), 5: array([588.75499569]), 6: array([588.75501235]), 7: array([588.75439033]), 8: array([588.75499255]), 9: array([588.75504876])}
2025-05-12 12:59:21,148 - DEBUG - util_fusion - fusion_dual_defense - client 3 norm scores: {0: array([0.43558153]), 1: array([0.93524372]), 2: array([1.]), 3: array([0.70187251]), 4: array([0.56402217]), 5: array([0.87386281]), 6: array([0.8979239]), 7: array([0.]), 8: array([0.86933058]), 9: array([0.95047598])}
2025-05-12 12:59:21,148 - DEBUG - util_fusion - fusion_dual_defense - client 3 similarity threshold: 0.7228313200073986
2025-05-12 12:59:21,148 - INFO - util_fusion - fusion_dual_defense - client 3 selected fusion benigns: [1, 2, 5, 6, 8, 9]
2025-05-12 12:59:21,156 - DEBUG - util_fusion - fusion_dual_defense - client 4 scores: {0: array([588.75469207]), 1: array([588.75503821]), 2: array([588.75508307]), 3: array([588.75487654]), 4: array([588.75478105]), 5: array([588.75499569]), 6: array([588.75501235]), 7: array([588.75439033]), 8: array([588.75499255]), 9: array([588.75504876])}
2025-05-12 12:59:21,157 - DEBUG - util_fusion - fusion_dual_defense - client 4 norm scores: {0: array([0.43558153]), 1: array([0.93524372]), 2: array([1.]), 3: array([0.70187251]), 4: array([0.56402217]), 5: array([0.87386281]), 6: array([0.8979239]), 7: array([0.]), 8: array([0.86933058]), 9: array([0.95047598])}
2025-05-12 12:59:21,157 - DEBUG - util_fusion - fusion_dual_defense - client 4 similarity threshold: 0.7228313200073986
2025-05-12 12:59:21,157 - INFO - util_fusion - fusion_dual_defense - client 4 selected fusion benigns: [1, 2, 5, 6, 8, 9]
2025-05-12 12:59:21,165 - DEBUG - util_fusion - fusion_dual_defense - client 5 scores: {0: array([588.75469207]), 1: array([588.75503821]), 2: array([588.75508307]), 3: array([588.75487654]), 4: array([588.75478105]), 5: array([588.75499569]), 6: array([588.75501235]), 7: array([588.75439033]), 8: array([588.75499255]), 9: array([588.75504876])}
2025-05-12 12:59:21,166 - DEBUG - util_fusion - fusion_dual_defense - client 5 norm scores: {0: array([0.43558153]), 1: array([0.93524372]), 2: array([1.]), 3: array([0.70187251]), 4: array([0.56402217]), 5: array([0.87386281]), 6: array([0.8979239]), 7: array([0.]), 8: array([0.86933058]), 9: array([0.95047598])}
2025-05-12 12:59:21,166 - DEBUG - util_fusion - fusion_dual_defense - client 5 similarity threshold: 0.7228313200073986
2025-05-12 12:59:21,166 - INFO - util_fusion - fusion_dual_defense - client 5 selected fusion benigns: [1, 2, 5, 6, 8, 9]
2025-05-12 12:59:21,174 - DEBUG - util_fusion - fusion_dual_defense - client 6 scores: {0: array([588.75469207]), 1: array([588.75503821]), 2: array([588.75508307]), 3: array([588.75487654]), 4: array([588.75478105]), 5: array([588.75499569]), 6: array([588.75501235]), 7: array([588.75439033]), 8: array([588.75499255]), 9: array([588.75504876])}
2025-05-12 12:59:21,175 - DEBUG - util_fusion - fusion_dual_defense - client 6 norm scores: {0: array([0.43558153]), 1: array([0.93524372]), 2: array([1.]), 3: array([0.70187251]), 4: array([0.56402217]), 5: array([0.87386281]), 6: array([0.8979239]), 7: array([0.]), 8: array([0.86933058]), 9: array([0.95047598])}
2025-05-12 12:59:21,175 - DEBUG - util_fusion - fusion_dual_defense - client 6 similarity threshold: 0.7228313200073986
2025-05-12 12:59:21,175 - INFO - util_fusion - fusion_dual_defense - client 6 selected fusion benigns: [1, 2, 5, 6, 8, 9]
2025-05-12 12:59:21,183 - DEBUG - util_fusion - fusion_dual_defense - client 7 scores: {0: array([588.75469207]), 1: array([588.75503821]), 2: array([588.75508307]), 3: array([588.75487654]), 4: array([588.75478105]), 5: array([588.75499569]), 6: array([588.75501235]), 7: array([588.75439033]), 8: array([588.75499255]), 9: array([588.75504876])}
2025-05-12 12:59:21,184 - DEBUG - util_fusion - fusion_dual_defense - client 7 norm scores: {0: array([0.43558153]), 1: array([0.93524372]), 2: array([1.]), 3: array([0.70187251]), 4: array([0.56402217]), 5: array([0.87386281]), 6: array([0.8979239]), 7: array([0.]), 8: array([0.86933058]), 9: array([0.95047598])}
2025-05-12 12:59:21,184 - DEBUG - util_fusion - fusion_dual_defense - client 7 similarity threshold: 0.7228313200073986
2025-05-12 12:59:21,184 - INFO - util_fusion - fusion_dual_defense - client 7 selected fusion benigns: [1, 2, 5, 6, 8, 9]
2025-05-12 12:59:21,192 - DEBUG - util_fusion - fusion_dual_defense - client 8 scores: {0: array([588.75469207]), 1: array([588.75503821]), 2: array([588.75508307]), 3: array([588.75487654]), 4: array([588.75478105]), 5: array([588.75499569]), 6: array([588.75501235]), 7: array([588.75439033]), 8: array([588.75499255]), 9: array([588.75504876])}
2025-05-12 12:59:21,193 - DEBUG - util_fusion - fusion_dual_defense - client 8 norm scores: {0: array([0.43558153]), 1: array([0.93524372]), 2: array([1.]), 3: array([0.70187251]), 4: array([0.56402217]), 5: array([0.87386281]), 6: array([0.8979239]), 7: array([0.]), 8: array([0.86933058]), 9: array([0.95047598])}
2025-05-12 12:59:21,193 - DEBUG - util_fusion - fusion_dual_defense - client 8 similarity threshold: 0.7228313200073986
2025-05-12 12:59:21,193 - INFO - util_fusion - fusion_dual_defense - client 8 selected fusion benigns: [1, 2, 5, 6, 8, 9]
2025-05-12 12:59:21,201 - DEBUG - util_fusion - fusion_dual_defense - client 9 scores: {0: array([588.75469207]), 1: array([588.75503821]), 2: array([588.75508307]), 3: array([588.75487654]), 4: array([588.75478105]), 5: array([588.75499569]), 6: array([588.75501235]), 7: array([588.75439033]), 8: array([588.75499255]), 9: array([588.75504876])}
2025-05-12 12:59:21,202 - DEBUG - util_fusion - fusion_dual_defense - client 9 norm scores: {0: array([0.43558153]), 1: array([0.93524372]), 2: array([1.]), 3: array([0.70187251]), 4: array([0.56402217]), 5: array([0.87386281]), 6: array([0.8979239]), 7: array([0.]), 8: array([0.86933058]), 9: array([0.95047598])}
2025-05-12 12:59:21,202 - DEBUG - util_fusion - fusion_dual_defense - client 9 similarity threshold: 0.7228313200073986
2025-05-12 12:59:21,202 - INFO - util_fusion - fusion_dual_defense - client 9 selected fusion benigns: [1, 2, 5, 6, 8, 9]
2025-05-12 12:59:21,202 - DEBUG - util_fusion - fusion_dual_defense - final fusion benigns: (1, 2, 5, 6, 8, 9)
2025-05-12 12:59:22,948 - INFO - fl - start - global side -  test accuracy: 9.82
2025-05-12 12:59:22,948 - INFO - fl - start - global side iteration 21 -  test accuracy: 9.82
2025-05-12 12:59:22,949 - INFO - fl - start - start training round 22
2025-05-12 12:59:22,950 - INFO - fl - start - round 22 attackers: [0, 1]
2025-05-12 12:59:22,951 - INFO - fl - start - start client 0 training
2025-05-12 12:59:22,951 - INFO - fl - client_local_train - client 0 start local training ...
2025-05-12 12:59:27,039 - INFO - fl - client_local_train - client 0 is attacker, start poisoning model
2025-05-12 12:59:31,914 - INFO - fl - start - end client 0 training
2025-05-12 12:59:31,914 - INFO - fl - start - client 0 evaluation metrics: {'train_loss': 38605.54514775314, 'test_acc': 9.58}
2025-05-12 12:59:31,914 - INFO - fl - start - start client 1 training
2025-05-12 12:59:31,914 - INFO - fl - client_local_train - client 1 start local training ...
2025-05-12 12:59:33,113 - INFO - fl - client_local_train - client 1 is attacker, start poisoning model
2025-05-12 12:59:36,442 - INFO - fl - start - end client 1 training
2025-05-12 12:59:36,442 - INFO - fl - start - client 1 evaluation metrics: {'train_loss': 3907.1935103567025, 'test_acc': 8.92}
2025-05-12 12:59:36,442 - INFO - fl - start - start client 2 training
2025-05-12 12:59:36,442 - INFO - fl - client_local_train - client 2 start local training ...
2025-05-12 12:59:38,762 - INFO - fl - start - end client 2 training
2025-05-12 12:59:38,762 - INFO - fl - start - client 2 evaluation metrics: {'train_loss': 1426.0675144195557, 'test_acc': 9.8}
2025-05-12 12:59:38,762 - INFO - fl - start - start client 3 training
2025-05-12 12:59:38,762 - INFO - fl - client_local_train - client 3 start local training ...
2025-05-12 12:59:44,785 - INFO - fl - start - end client 3 training
2025-05-12 12:59:44,785 - INFO - fl - start - client 3 evaluation metrics: {'train_loss': 16543.276504248905, 'test_acc': 10.32}
2025-05-12 12:59:44,785 - INFO - fl - start - start client 4 training
2025-05-12 12:59:44,785 - INFO - fl - client_local_train - client 4 start local training ...
2025-05-12 12:59:51,161 - INFO - fl - start - end client 4 training
2025-05-12 12:59:51,161 - INFO - fl - start - client 4 evaluation metrics: {'train_loss': 1339.4370337503572, 'test_acc': 10.32}
2025-05-12 12:59:51,161 - INFO - fl - start - start client 5 training
2025-05-12 12:59:51,161 - INFO - fl - client_local_train - client 5 start local training ...
2025-05-12 12:59:56,278 - INFO - fl - start - end client 5 training
2025-05-12 12:59:56,279 - INFO - fl - start - client 5 evaluation metrics: {'train_loss': 28566.880052649456, 'test_acc': 9.58}
2025-05-12 12:59:56,279 - INFO - fl - start - start client 6 training
2025-05-12 12:59:56,279 - INFO - fl - client_local_train - client 6 start local training ...
2025-05-12 13:00:00,866 - INFO - fl - start - end client 6 training
2025-05-12 13:00:00,866 - INFO - fl - start - client 6 evaluation metrics: {'train_loss': 2108.1073229825947, 'test_acc': 9.82}
2025-05-12 13:00:00,866 - INFO - fl - start - start client 7 training
2025-05-12 13:00:00,866 - INFO - fl - client_local_train - client 7 start local training ...
2025-05-12 13:00:08,796 - INFO - fl - start - end client 7 training
2025-05-12 13:00:08,796 - INFO - fl - start - client 7 evaluation metrics: {'train_loss': 260.6732114442387, 'test_acc': 11.35}
2025-05-12 13:00:08,796 - INFO - fl - start - start client 8 training
2025-05-12 13:00:08,796 - INFO - fl - client_local_train - client 8 start local training ...
2025-05-12 13:00:13,892 - INFO - fl - start - end client 8 training
2025-05-12 13:00:13,892 - INFO - fl - start - client 8 evaluation metrics: {'train_loss': 36280.54059103261, 'test_acc': 9.8}
2025-05-12 13:00:13,892 - INFO - fl - start - start client 9 training
2025-05-12 13:00:13,892 - INFO - fl - client_local_train - client 9 start local training ...
2025-05-12 13:00:18,908 - INFO - fl - start - end client 9 training
2025-05-12 13:00:18,908 - INFO - fl - start - client 9 evaluation metrics: {'train_loss': 163.3441534859411, 'test_acc': 9.82}
2025-05-12 13:00:18,908 - INFO - fl - aggregate_model - start model aggregation...fusion method: dual_defense
2025-05-12 13:00:18,908 - INFO - fl - aggregate_model - start hyper-guard fusion with epsilon 0.01
2025-05-12 13:00:18,908 - INFO - fl - aggregate_model - round 22 attackers: [0, 1]
2025-05-12 13:00:29,699 - DEBUG - util_fusion - fusion_dual_defense - client 0 scores: {0: array([589.91583148]), 1: array([589.91035823]), 2: array([589.90951071]), 3: array([589.91510309]), 4: array([589.91574357]), 5: array([589.91366397]), 6: array([589.91289456]), 7: array([589.91785292]), 8: array([589.9136699]), 9: array([589.91342654])}
2025-05-12 13:00:29,700 - DEBUG - util_fusion - fusion_dual_defense - client 0 norm scores: {0: array([0.75768497]), 1: array([0.10159449]), 2: array([0.]), 3: array([0.67037148]), 4: array([0.74714734]), 5: array([0.49786104]), 6: array([0.40562977]), 7: array([1.]), 8: array([0.49857153]), 9: array([0.46939996])}
2025-05-12 13:00:29,700 - DEBUG - util_fusion - fusion_dual_defense - client 0 similarity threshold: 0.5148260561457414
2025-05-12 13:00:29,700 - INFO - util_fusion - fusion_dual_defense - client 0 selected fusion benigns: [0, 3, 4, 7]
2025-05-12 13:00:29,708 - DEBUG - util_fusion - fusion_dual_defense - client 1 scores: {0: array([589.91583148]), 1: array([589.91035823]), 2: array([589.90951071]), 3: array([589.91510309]), 4: array([589.91574357]), 5: array([589.91366397]), 6: array([589.91289456]), 7: array([589.91785292]), 8: array([589.9136699]), 9: array([589.91342654])}
2025-05-12 13:00:29,709 - DEBUG - util_fusion - fusion_dual_defense - client 1 norm scores: {0: array([0.75768497]), 1: array([0.10159449]), 2: array([0.]), 3: array([0.67037148]), 4: array([0.74714734]), 5: array([0.49786104]), 6: array([0.40562977]), 7: array([1.]), 8: array([0.49857153]), 9: array([0.46939996])}
2025-05-12 13:00:29,709 - DEBUG - util_fusion - fusion_dual_defense - client 1 similarity threshold: 0.5148260561457414
2025-05-12 13:00:29,709 - INFO - util_fusion - fusion_dual_defense - client 1 selected fusion benigns: [0, 3, 4, 7]
2025-05-12 13:00:29,717 - DEBUG - util_fusion - fusion_dual_defense - client 2 scores: {0: array([589.91583148]), 1: array([589.91035823]), 2: array([589.90951071]), 3: array([589.91510309]), 4: array([589.91574357]), 5: array([589.91366397]), 6: array([589.91289456]), 7: array([589.91785292]), 8: array([589.9136699]), 9: array([589.91342654])}
2025-05-12 13:00:29,718 - DEBUG - util_fusion - fusion_dual_defense - client 2 norm scores: {0: array([0.75768497]), 1: array([0.10159449]), 2: array([0.]), 3: array([0.67037148]), 4: array([0.74714734]), 5: array([0.49786104]), 6: array([0.40562977]), 7: array([1.]), 8: array([0.49857153]), 9: array([0.46939996])}
2025-05-12 13:00:29,718 - DEBUG - util_fusion - fusion_dual_defense - client 2 similarity threshold: 0.5148260561457414
2025-05-12 13:00:29,718 - INFO - util_fusion - fusion_dual_defense - client 2 selected fusion benigns: [0, 3, 4, 7]
2025-05-12 13:00:29,726 - DEBUG - util_fusion - fusion_dual_defense - client 3 scores: {0: array([589.91583148]), 1: array([589.91035823]), 2: array([589.90951071]), 3: array([589.91510309]), 4: array([589.91574357]), 5: array([589.91366397]), 6: array([589.91289456]), 7: array([589.91785292]), 8: array([589.9136699]), 9: array([589.91342654])}
2025-05-12 13:00:29,727 - DEBUG - util_fusion - fusion_dual_defense - client 3 norm scores: {0: array([0.75768497]), 1: array([0.10159449]), 2: array([0.]), 3: array([0.67037148]), 4: array([0.74714734]), 5: array([0.49786104]), 6: array([0.40562977]), 7: array([1.]), 8: array([0.49857153]), 9: array([0.46939996])}
2025-05-12 13:00:29,727 - DEBUG - util_fusion - fusion_dual_defense - client 3 similarity threshold: 0.5148260561457414
2025-05-12 13:00:29,727 - INFO - util_fusion - fusion_dual_defense - client 3 selected fusion benigns: [0, 3, 4, 7]
2025-05-12 13:00:29,735 - DEBUG - util_fusion - fusion_dual_defense - client 4 scores: {0: array([589.91583148]), 1: array([589.91035823]), 2: array([589.90951071]), 3: array([589.91510309]), 4: array([589.91574357]), 5: array([589.91366397]), 6: array([589.91289456]), 7: array([589.91785292]), 8: array([589.9136699]), 9: array([589.91342654])}
2025-05-12 13:00:29,736 - DEBUG - util_fusion - fusion_dual_defense - client 4 norm scores: {0: array([0.75768497]), 1: array([0.10159449]), 2: array([0.]), 3: array([0.67037148]), 4: array([0.74714734]), 5: array([0.49786104]), 6: array([0.40562977]), 7: array([1.]), 8: array([0.49857153]), 9: array([0.46939996])}
2025-05-12 13:00:29,736 - DEBUG - util_fusion - fusion_dual_defense - client 4 similarity threshold: 0.5148260561457414
2025-05-12 13:00:29,736 - INFO - util_fusion - fusion_dual_defense - client 4 selected fusion benigns: [0, 3, 4, 7]
2025-05-12 13:00:29,745 - DEBUG - util_fusion - fusion_dual_defense - client 5 scores: {0: array([589.91583148]), 1: array([589.91035823]), 2: array([589.90951071]), 3: array([589.91510309]), 4: array([589.91574357]), 5: array([589.91366397]), 6: array([589.91289456]), 7: array([589.91785292]), 8: array([589.9136699]), 9: array([589.91342654])}
2025-05-12 13:00:29,745 - DEBUG - util_fusion - fusion_dual_defense - client 5 norm scores: {0: array([0.75768497]), 1: array([0.10159449]), 2: array([0.]), 3: array([0.67037148]), 4: array([0.74714734]), 5: array([0.49786104]), 6: array([0.40562977]), 7: array([1.]), 8: array([0.49857153]), 9: array([0.46939996])}
2025-05-12 13:00:29,745 - DEBUG - util_fusion - fusion_dual_defense - client 5 similarity threshold: 0.5148260561457414
2025-05-12 13:00:29,745 - INFO - util_fusion - fusion_dual_defense - client 5 selected fusion benigns: [0, 3, 4, 7]
2025-05-12 13:00:29,753 - DEBUG - util_fusion - fusion_dual_defense - client 6 scores: {0: array([589.91583148]), 1: array([589.91035823]), 2: array([589.90951071]), 3: array([589.91510309]), 4: array([589.91574357]), 5: array([589.91366397]), 6: array([589.91289456]), 7: array([589.91785292]), 8: array([589.9136699]), 9: array([589.91342654])}
2025-05-12 13:00:29,754 - DEBUG - util_fusion - fusion_dual_defense - client 6 norm scores: {0: array([0.75768497]), 1: array([0.10159449]), 2: array([0.]), 3: array([0.67037148]), 4: array([0.74714734]), 5: array([0.49786104]), 6: array([0.40562977]), 7: array([1.]), 8: array([0.49857153]), 9: array([0.46939996])}
2025-05-12 13:00:29,754 - DEBUG - util_fusion - fusion_dual_defense - client 6 similarity threshold: 0.5148260561457414
2025-05-12 13:00:29,754 - INFO - util_fusion - fusion_dual_defense - client 6 selected fusion benigns: [0, 3, 4, 7]
2025-05-12 13:00:29,763 - DEBUG - util_fusion - fusion_dual_defense - client 7 scores: {0: array([589.91583148]), 1: array([589.91035823]), 2: array([589.90951071]), 3: array([589.91510309]), 4: array([589.91574357]), 5: array([589.91366397]), 6: array([589.91289456]), 7: array([589.91785292]), 8: array([589.9136699]), 9: array([589.91342654])}
2025-05-12 13:00:29,763 - DEBUG - util_fusion - fusion_dual_defense - client 7 norm scores: {0: array([0.75768497]), 1: array([0.10159449]), 2: array([0.]), 3: array([0.67037148]), 4: array([0.74714734]), 5: array([0.49786104]), 6: array([0.40562977]), 7: array([1.]), 8: array([0.49857153]), 9: array([0.46939996])}
2025-05-12 13:00:29,763 - DEBUG - util_fusion - fusion_dual_defense - client 7 similarity threshold: 0.5148260561457414
2025-05-12 13:00:29,763 - INFO - util_fusion - fusion_dual_defense - client 7 selected fusion benigns: [0, 3, 4, 7]
2025-05-12 13:00:29,772 - DEBUG - util_fusion - fusion_dual_defense - client 8 scores: {0: array([589.91583148]), 1: array([589.91035823]), 2: array([589.90951071]), 3: array([589.91510309]), 4: array([589.91574357]), 5: array([589.91366397]), 6: array([589.91289456]), 7: array([589.91785292]), 8: array([589.9136699]), 9: array([589.91342654])}
2025-05-12 13:00:29,772 - DEBUG - util_fusion - fusion_dual_defense - client 8 norm scores: {0: array([0.75768497]), 1: array([0.10159449]), 2: array([0.]), 3: array([0.67037148]), 4: array([0.74714734]), 5: array([0.49786104]), 6: array([0.40562977]), 7: array([1.]), 8: array([0.49857153]), 9: array([0.46939996])}
2025-05-12 13:00:29,772 - DEBUG - util_fusion - fusion_dual_defense - client 8 similarity threshold: 0.5148260561457414
2025-05-12 13:00:29,772 - INFO - util_fusion - fusion_dual_defense - client 8 selected fusion benigns: [0, 3, 4, 7]
2025-05-12 13:00:29,781 - DEBUG - util_fusion - fusion_dual_defense - client 9 scores: {0: array([589.91583148]), 1: array([589.91035823]), 2: array([589.90951071]), 3: array([589.91510309]), 4: array([589.91574357]), 5: array([589.91366397]), 6: array([589.91289456]), 7: array([589.91785292]), 8: array([589.9136699]), 9: array([589.91342654])}
2025-05-12 13:00:29,781 - DEBUG - util_fusion - fusion_dual_defense - client 9 norm scores: {0: array([0.75768497]), 1: array([0.10159449]), 2: array([0.]), 3: array([0.67037148]), 4: array([0.74714734]), 5: array([0.49786104]), 6: array([0.40562977]), 7: array([1.]), 8: array([0.49857153]), 9: array([0.46939996])}
2025-05-12 13:00:29,781 - DEBUG - util_fusion - fusion_dual_defense - client 9 similarity threshold: 0.5148260561457414
2025-05-12 13:00:29,781 - INFO - util_fusion - fusion_dual_defense - client 9 selected fusion benigns: [0, 3, 4, 7]
2025-05-12 13:00:29,781 - DEBUG - util_fusion - fusion_dual_defense - final fusion benigns: (0, 3, 4, 7)
2025-05-12 13:00:31,423 - INFO - fl - start - global side -  test accuracy: 10.32
2025-05-12 13:00:31,423 - INFO - fl - start - global side iteration 22 -  test accuracy: 10.32
2025-05-12 13:00:31,423 - INFO - fl - start - start training round 23
2025-05-12 13:00:31,425 - INFO - fl - start - round 23 attackers: [8, 2]
2025-05-12 13:00:31,425 - INFO - fl - start - start client 0 training
2025-05-12 13:00:31,425 - INFO - fl - client_local_train - client 0 start local training ...
2025-05-12 13:00:37,975 - INFO - fl - start - end client 0 training
2025-05-12 13:00:37,975 - INFO - fl - start - client 0 evaluation metrics: {'train_loss': 12983.036126805102, 'test_acc': 9.58}
2025-05-12 13:00:37,975 - INFO - fl - start - start client 1 training
2025-05-12 13:00:37,975 - INFO - fl - client_local_train - client 1 start local training ...
2025-05-12 13:00:40,840 - INFO - fl - start - end client 1 training
2025-05-12 13:00:40,840 - INFO - fl - start - client 1 evaluation metrics: {'train_loss': 1347.710767244038, 'test_acc': 8.92}
2025-05-12 13:00:40,840 - INFO - fl - start - start client 2 training
2025-05-12 13:00:40,840 - INFO - fl - client_local_train - client 2 start local training ...
2025-05-12 13:00:41,606 - INFO - fl - client_local_train - client 2 is attacker, start poisoning model
2025-05-12 13:00:44,711 - INFO - fl - start - end client 2 training
2025-05-12 13:00:44,711 - INFO - fl - start - client 2 evaluation metrics: {'train_loss': 30627.499877929688, 'test_acc': 9.8}
2025-05-12 13:00:44,711 - INFO - fl - start - start client 3 training
2025-05-12 13:00:44,711 - INFO - fl - client_local_train - client 3 start local training ...
2025-05-12 13:00:50,711 - INFO - fl - start - end client 3 training
2025-05-12 13:00:50,712 - INFO - fl - start - client 3 evaluation metrics: {'train_loss': 44541.17326274671, 'test_acc': 10.32}
2025-05-12 13:00:50,712 - INFO - fl - start - start client 4 training
2025-05-12 13:00:50,712 - INFO - fl - client_local_train - client 4 start local training ...
2025-05-12 13:00:57,147 - INFO - fl - start - end client 4 training
2025-05-12 13:00:57,148 - INFO - fl - start - client 4 evaluation metrics: {'train_loss': 3600.2761000529413, 'test_acc': 10.32}
2025-05-12 13:00:57,148 - INFO - fl - start - start client 5 training
2025-05-12 13:00:57,148 - INFO - fl - client_local_train - client 5 start local training ...
2025-05-12 13:01:02,249 - INFO - fl - start - end client 5 training
2025-05-12 13:01:02,249 - INFO - fl - start - client 5 evaluation metrics: {'train_loss': 76991.73259171196, 'test_acc': 9.58}
2025-05-12 13:01:02,249 - INFO - fl - start - start client 6 training
2025-05-12 13:01:02,249 - INFO - fl - client_local_train - client 6 start local training ...
2025-05-12 13:01:06,825 - INFO - fl - start - end client 6 training
2025-05-12 13:01:06,825 - INFO - fl - start - client 6 evaluation metrics: {'train_loss': 5691.100264537184, 'test_acc': 9.82}
2025-05-12 13:01:06,825 - INFO - fl - start - start client 7 training
2025-05-12 13:01:06,825 - INFO - fl - client_local_train - client 7 start local training ...
2025-05-12 13:01:14,748 - INFO - fl - start - end client 7 training
2025-05-12 13:01:14,748 - INFO - fl - start - client 7 evaluation metrics: {'train_loss': 698.5177570255647, 'test_acc': 11.35}
2025-05-12 13:01:14,749 - INFO - fl - start - start client 8 training
2025-05-12 13:01:14,749 - INFO - fl - client_local_train - client 8 start local training ...
2025-05-12 13:01:17,722 - INFO - fl - client_local_train - client 8 is attacker, start poisoning model
2025-05-12 13:01:21,996 - INFO - fl - start - end client 8 training
2025-05-12 13:01:21,996 - INFO - fl - start - client 8 evaluation metrics: {'train_loss': 781031.8817934783, 'test_acc': 9.8}
2025-05-12 13:01:21,996 - INFO - fl - start - start client 9 training
2025-05-12 13:01:21,996 - INFO - fl - client_local_train - client 9 start local training ...
2025-05-12 13:01:26,966 - INFO - fl - start - end client 9 training
2025-05-12 13:01:26,966 - INFO - fl - start - client 9 evaluation metrics: {'train_loss': 436.88142087084526, 'test_acc': 9.82}
2025-05-12 13:01:26,966 - INFO - fl - aggregate_model - start model aggregation...fusion method: dual_defense
2025-05-12 13:01:26,966 - INFO - fl - aggregate_model - start hyper-guard fusion with epsilon 0.01
2025-05-12 13:01:26,966 - INFO - fl - aggregate_model - round 23 attackers: [8, 2]
2025-05-12 13:01:37,745 - DEBUG - util_fusion - fusion_dual_defense - client 0 scores: {0: array([532.41461564]), 1: array([532.40964516]), 2: array([532.40878252]), 3: array([532.41394317]), 4: array([532.41454183]), 5: array([532.41267139]), 6: array([532.41191274]), 7: array([532.41673556]), 8: array([532.41266546]), 9: array([532.41255793])}
2025-05-12 13:01:37,746 - DEBUG - util_fusion - fusion_dual_defense - client 0 norm scores: {0: array([0.73344506]), 1: array([0.10846608]), 2: array([0.]), 3: array([0.6488893]), 4: array([0.72416413]), 5: array([0.48897938]), 6: array([0.39358746]), 7: array([1.]), 8: array([0.48823252]), 9: array([0.47471256])}
2025-05-12 13:01:37,746 - DEBUG - util_fusion - fusion_dual_defense - client 0 similarity threshold: 0.5060476487821003
2025-05-12 13:01:37,746 - INFO - util_fusion - fusion_dual_defense - client 0 selected fusion benigns: [0, 3, 4, 7]
2025-05-12 13:01:37,754 - DEBUG - util_fusion - fusion_dual_defense - client 1 scores: {0: array([532.41461564]), 1: array([532.40964516]), 2: array([532.40878252]), 3: array([532.41394317]), 4: array([532.41454183]), 5: array([532.41267139]), 6: array([532.41191274]), 7: array([532.41673556]), 8: array([532.41266546]), 9: array([532.41255793])}
2025-05-12 13:01:37,755 - DEBUG - util_fusion - fusion_dual_defense - client 1 norm scores: {0: array([0.73344506]), 1: array([0.10846608]), 2: array([0.]), 3: array([0.6488893]), 4: array([0.72416413]), 5: array([0.48897938]), 6: array([0.39358746]), 7: array([1.]), 8: array([0.48823252]), 9: array([0.47471256])}
2025-05-12 13:01:37,755 - DEBUG - util_fusion - fusion_dual_defense - client 1 similarity threshold: 0.5060476487821003
2025-05-12 13:01:37,755 - INFO - util_fusion - fusion_dual_defense - client 1 selected fusion benigns: [0, 3, 4, 7]
2025-05-12 13:01:37,763 - DEBUG - util_fusion - fusion_dual_defense - client 2 scores: {0: array([532.41461564]), 1: array([532.40964516]), 2: array([532.40878252]), 3: array([532.41394317]), 4: array([532.41454183]), 5: array([532.41267139]), 6: array([532.41191274]), 7: array([532.41673556]), 8: array([532.41266546]), 9: array([532.41255793])}
2025-05-12 13:01:37,764 - DEBUG - util_fusion - fusion_dual_defense - client 2 norm scores: {0: array([0.73344506]), 1: array([0.10846608]), 2: array([0.]), 3: array([0.6488893]), 4: array([0.72416413]), 5: array([0.48897938]), 6: array([0.39358746]), 7: array([1.]), 8: array([0.48823252]), 9: array([0.47471256])}
2025-05-12 13:01:37,764 - DEBUG - util_fusion - fusion_dual_defense - client 2 similarity threshold: 0.5060476487821003
2025-05-12 13:01:37,764 - INFO - util_fusion - fusion_dual_defense - client 2 selected fusion benigns: [0, 3, 4, 7]
2025-05-12 13:01:37,772 - DEBUG - util_fusion - fusion_dual_defense - client 3 scores: {0: array([532.41461564]), 1: array([532.40964516]), 2: array([532.40878252]), 3: array([532.41394317]), 4: array([532.41454183]), 5: array([532.41267139]), 6: array([532.41191274]), 7: array([532.41673556]), 8: array([532.41266546]), 9: array([532.41255793])}
2025-05-12 13:01:37,773 - DEBUG - util_fusion - fusion_dual_defense - client 3 norm scores: {0: array([0.73344506]), 1: array([0.10846608]), 2: array([0.]), 3: array([0.6488893]), 4: array([0.72416413]), 5: array([0.48897938]), 6: array([0.39358746]), 7: array([1.]), 8: array([0.48823252]), 9: array([0.47471256])}
2025-05-12 13:01:37,773 - DEBUG - util_fusion - fusion_dual_defense - client 3 similarity threshold: 0.5060476487821003
2025-05-12 13:01:37,773 - INFO - util_fusion - fusion_dual_defense - client 3 selected fusion benigns: [0, 3, 4, 7]
2025-05-12 13:01:37,781 - DEBUG - util_fusion - fusion_dual_defense - client 4 scores: {0: array([532.41461564]), 1: array([532.40964516]), 2: array([532.40878252]), 3: array([532.41394317]), 4: array([532.41454183]), 5: array([532.41267139]), 6: array([532.41191274]), 7: array([532.41673556]), 8: array([532.41266546]), 9: array([532.41255793])}
2025-05-12 13:01:37,782 - DEBUG - util_fusion - fusion_dual_defense - client 4 norm scores: {0: array([0.73344506]), 1: array([0.10846608]), 2: array([0.]), 3: array([0.6488893]), 4: array([0.72416413]), 5: array([0.48897938]), 6: array([0.39358746]), 7: array([1.]), 8: array([0.48823252]), 9: array([0.47471256])}
2025-05-12 13:01:37,782 - DEBUG - util_fusion - fusion_dual_defense - client 4 similarity threshold: 0.5060476487821003
2025-05-12 13:01:37,782 - INFO - util_fusion - fusion_dual_defense - client 4 selected fusion benigns: [0, 3, 4, 7]
2025-05-12 13:01:37,790 - DEBUG - util_fusion - fusion_dual_defense - client 5 scores: {0: array([532.41461564]), 1: array([532.40964516]), 2: array([532.40878252]), 3: array([532.41394317]), 4: array([532.41454183]), 5: array([532.41267139]), 6: array([532.41191274]), 7: array([532.41673556]), 8: array([532.41266546]), 9: array([532.41255793])}
2025-05-12 13:01:37,791 - DEBUG - util_fusion - fusion_dual_defense - client 5 norm scores: {0: array([0.73344506]), 1: array([0.10846608]), 2: array([0.]), 3: array([0.6488893]), 4: array([0.72416413]), 5: array([0.48897938]), 6: array([0.39358746]), 7: array([1.]), 8: array([0.48823252]), 9: array([0.47471256])}
2025-05-12 13:01:37,791 - DEBUG - util_fusion - fusion_dual_defense - client 5 similarity threshold: 0.5060476487821003
2025-05-12 13:01:37,791 - INFO - util_fusion - fusion_dual_defense - client 5 selected fusion benigns: [0, 3, 4, 7]
2025-05-12 13:01:37,799 - DEBUG - util_fusion - fusion_dual_defense - client 6 scores: {0: array([532.41461564]), 1: array([532.40964516]), 2: array([532.40878252]), 3: array([532.41394317]), 4: array([532.41454183]), 5: array([532.41267139]), 6: array([532.41191274]), 7: array([532.41673556]), 8: array([532.41266546]), 9: array([532.41255793])}
2025-05-12 13:01:37,800 - DEBUG - util_fusion - fusion_dual_defense - client 6 norm scores: {0: array([0.73344506]), 1: array([0.10846608]), 2: array([0.]), 3: array([0.6488893]), 4: array([0.72416413]), 5: array([0.48897938]), 6: array([0.39358746]), 7: array([1.]), 8: array([0.48823252]), 9: array([0.47471256])}
2025-05-12 13:01:37,800 - DEBUG - util_fusion - fusion_dual_defense - client 6 similarity threshold: 0.5060476487821003
2025-05-12 13:01:37,800 - INFO - util_fusion - fusion_dual_defense - client 6 selected fusion benigns: [0, 3, 4, 7]
2025-05-12 13:01:37,808 - DEBUG - util_fusion - fusion_dual_defense - client 7 scores: {0: array([532.41461564]), 1: array([532.40964516]), 2: array([532.40878252]), 3: array([532.41394317]), 4: array([532.41454183]), 5: array([532.41267139]), 6: array([532.41191274]), 7: array([532.41673556]), 8: array([532.41266546]), 9: array([532.41255793])}
2025-05-12 13:01:37,809 - DEBUG - util_fusion - fusion_dual_defense - client 7 norm scores: {0: array([0.73344506]), 1: array([0.10846608]), 2: array([0.]), 3: array([0.6488893]), 4: array([0.72416413]), 5: array([0.48897938]), 6: array([0.39358746]), 7: array([1.]), 8: array([0.48823252]), 9: array([0.47471256])}
2025-05-12 13:01:37,809 - DEBUG - util_fusion - fusion_dual_defense - client 7 similarity threshold: 0.5060476487821003
2025-05-12 13:01:37,809 - INFO - util_fusion - fusion_dual_defense - client 7 selected fusion benigns: [0, 3, 4, 7]
2025-05-12 13:01:37,817 - DEBUG - util_fusion - fusion_dual_defense - client 8 scores: {0: array([532.41461564]), 1: array([532.40964516]), 2: array([532.40878252]), 3: array([532.41394317]), 4: array([532.41454183]), 5: array([532.41267139]), 6: array([532.41191274]), 7: array([532.41673556]), 8: array([532.41266546]), 9: array([532.41255793])}
2025-05-12 13:01:37,818 - DEBUG - util_fusion - fusion_dual_defense - client 8 norm scores: {0: array([0.73344506]), 1: array([0.10846608]), 2: array([0.]), 3: array([0.6488893]), 4: array([0.72416413]), 5: array([0.48897938]), 6: array([0.39358746]), 7: array([1.]), 8: array([0.48823252]), 9: array([0.47471256])}
2025-05-12 13:01:37,818 - DEBUG - util_fusion - fusion_dual_defense - client 8 similarity threshold: 0.5060476487821003
2025-05-12 13:01:37,818 - INFO - util_fusion - fusion_dual_defense - client 8 selected fusion benigns: [0, 3, 4, 7]
2025-05-12 13:01:37,826 - DEBUG - util_fusion - fusion_dual_defense - client 9 scores: {0: array([532.41461564]), 1: array([532.40964516]), 2: array([532.40878252]), 3: array([532.41394317]), 4: array([532.41454183]), 5: array([532.41267139]), 6: array([532.41191274]), 7: array([532.41673556]), 8: array([532.41266546]), 9: array([532.41255793])}
2025-05-12 13:01:37,827 - DEBUG - util_fusion - fusion_dual_defense - client 9 norm scores: {0: array([0.73344506]), 1: array([0.10846608]), 2: array([0.]), 3: array([0.6488893]), 4: array([0.72416413]), 5: array([0.48897938]), 6: array([0.39358746]), 7: array([1.]), 8: array([0.48823252]), 9: array([0.47471256])}
2025-05-12 13:01:37,827 - DEBUG - util_fusion - fusion_dual_defense - client 9 similarity threshold: 0.5060476487821003
2025-05-12 13:01:37,827 - INFO - util_fusion - fusion_dual_defense - client 9 selected fusion benigns: [0, 3, 4, 7]
2025-05-12 13:01:37,827 - DEBUG - util_fusion - fusion_dual_defense - final fusion benigns: (0, 3, 4, 7)
2025-05-12 13:01:39,467 - INFO - fl - start - global side -  test accuracy: 11.35
2025-05-12 13:01:39,467 - INFO - fl - start - global side iteration 23 -  test accuracy: 11.35
2025-05-12 13:01:39,467 - INFO - fl - start - start training round 24
2025-05-12 13:01:39,469 - INFO - fl - start - round 24 attackers: [0, 2]
2025-05-12 13:01:39,469 - INFO - fl - start - start client 0 training
2025-05-12 13:01:39,469 - INFO - fl - client_local_train - client 0 start local training ...
2025-05-12 13:01:43,543 - INFO - fl - client_local_train - client 0 is attacker, start poisoning model
2025-05-12 13:01:48,434 - INFO - fl - start - end client 0 training
2025-05-12 13:01:48,434 - INFO - fl - start - client 0 evaluation metrics: {'train_loss': 103802.98438268946, 'test_acc': 9.58}
2025-05-12 13:01:48,435 - INFO - fl - start - start client 1 training
2025-05-12 13:01:48,435 - INFO - fl - client_local_train - client 1 start local training ...
2025-05-12 13:01:51,318 - INFO - fl - start - end client 1 training
2025-05-12 13:01:51,318 - INFO - fl - start - client 1 evaluation metrics: {'train_loss': 1306.003970497533, 'test_acc': 8.92}
2025-05-12 13:01:51,318 - INFO - fl - start - start client 2 training
2025-05-12 13:01:51,318 - INFO - fl - client_local_train - client 2 start local training ...
2025-05-12 13:01:52,095 - INFO - fl - client_local_train - client 2 is attacker, start poisoning model
2025-05-12 13:01:55,195 - INFO - fl - start - end client 2 training
2025-05-12 13:01:55,195 - INFO - fl - start - client 2 evaluation metrics: {'train_loss': 30621.555257161457, 'test_acc': 9.8}
2025-05-12 13:01:55,195 - INFO - fl - start - start client 3 training
2025-05-12 13:01:55,195 - INFO - fl - client_local_train - client 3 start local training ...
2025-05-12 13:02:01,211 - INFO - fl - start - end client 3 training
2025-05-12 13:02:01,211 - INFO - fl - start - client 3 evaluation metrics: {'train_loss': 44527.40140145285, 'test_acc': 9.8}
2025-05-12 13:02:01,211 - INFO - fl - start - start client 4 training
2025-05-12 13:02:01,211 - INFO - fl - client_local_train - client 4 start local training ...
2025-05-12 13:02:07,624 - INFO - fl - start - end client 4 training
2025-05-12 13:02:07,624 - INFO - fl - start - client 4 evaluation metrics: {'train_loss': 3574.8077493156156, 'test_acc': 10.32}
2025-05-12 13:02:07,624 - INFO - fl - start - start client 5 training
2025-05-12 13:02:07,624 - INFO - fl - client_local_train - client 5 start local training ...
2025-05-12 13:02:12,749 - INFO - fl - start - end client 5 training
2025-05-12 13:02:12,749 - INFO - fl - start - client 5 evaluation metrics: {'train_loss': 76956.96552309782, 'test_acc': 9.58}
2025-05-12 13:02:12,749 - INFO - fl - start - start client 6 training
2025-05-12 13:02:12,749 - INFO - fl - client_local_train - client 6 start local training ...
2025-05-12 13:02:17,318 - INFO - fl - start - end client 6 training
2025-05-12 13:02:17,318 - INFO - fl - start - client 6 evaluation metrics: {'train_loss': 5711.505055874209, 'test_acc': 9.82}
2025-05-12 13:02:17,318 - INFO - fl - start - start client 7 training
2025-05-12 13:02:17,318 - INFO - fl - client_local_train - client 7 start local training ...
2025-05-12 13:02:25,217 - INFO - fl - start - end client 7 training
2025-05-12 13:02:25,217 - INFO - fl - start - client 7 evaluation metrics: {'train_loss': 698.0179519623703, 'test_acc': 11.35}
2025-05-12 13:02:25,217 - INFO - fl - start - start client 8 training
2025-05-12 13:02:25,217 - INFO - fl - client_local_train - client 8 start local training ...
2025-05-12 13:02:30,303 - INFO - fl - start - end client 8 training
2025-05-12 13:02:30,303 - INFO - fl - start - client 8 evaluation metrics: {'train_loss': 97603.10733695653, 'test_acc': 9.8}
2025-05-12 13:02:30,303 - INFO - fl - start - start client 9 training
2025-05-12 13:02:30,303 - INFO - fl - client_local_train - client 9 start local training ...
2025-05-12 13:02:35,265 - INFO - fl - start - end client 9 training
2025-05-12 13:02:35,265 - INFO - fl - start - client 9 evaluation metrics: {'train_loss': 437.73383182086303, 'test_acc': 9.82}
2025-05-12 13:02:35,265 - INFO - fl - aggregate_model - start model aggregation...fusion method: dual_defense
2025-05-12 13:02:35,265 - INFO - fl - aggregate_model - start hyper-guard fusion with epsilon 0.01
2025-05-12 13:02:35,265 - INFO - fl - aggregate_model - round 24 attackers: [0, 2]
2025-05-12 13:02:46,042 - DEBUG - util_fusion - fusion_dual_defense - client 0 scores: {0: array([204.04356326]), 1: array([204.04164266]), 2: array([204.04135333]), 3: array([204.04326877]), 4: array([204.0434848]), 5: array([204.04282835]), 6: array([204.04253258]), 7: array([204.0443143]), 8: array([204.04282143]), 9: array([204.04277473])}
2025-05-12 13:02:46,043 - DEBUG - util_fusion - fusion_dual_defense - client 0 norm scores: {0: array([0.74635313]), 1: array([0.09771596]), 2: array([0.]), 3: array([0.64689534]), 4: array([0.71985441]), 5: array([0.49815346]), 6: array([0.39826297]), 7: array([1.]), 8: array([0.49581691]), 9: array([0.48004631])}
2025-05-12 13:02:46,043 - DEBUG - util_fusion - fusion_dual_defense - client 0 similarity threshold: 0.5083098481697625
2025-05-12 13:02:46,043 - INFO - util_fusion - fusion_dual_defense - client 0 selected fusion benigns: [0, 3, 4, 7]
2025-05-12 13:02:46,052 - DEBUG - util_fusion - fusion_dual_defense - client 1 scores: {0: array([204.04356326]), 1: array([204.04164266]), 2: array([204.04135333]), 3: array([204.04326877]), 4: array([204.0434848]), 5: array([204.04282835]), 6: array([204.04253258]), 7: array([204.0443143]), 8: array([204.04282143]), 9: array([204.04277473])}
2025-05-12 13:02:46,052 - DEBUG - util_fusion - fusion_dual_defense - client 1 norm scores: {0: array([0.74635313]), 1: array([0.09771596]), 2: array([0.]), 3: array([0.64689534]), 4: array([0.71985441]), 5: array([0.49815346]), 6: array([0.39826297]), 7: array([1.]), 8: array([0.49581691]), 9: array([0.48004631])}
2025-05-12 13:02:46,052 - DEBUG - util_fusion - fusion_dual_defense - client 1 similarity threshold: 0.5083098481697625
2025-05-12 13:02:46,052 - INFO - util_fusion - fusion_dual_defense - client 1 selected fusion benigns: [0, 3, 4, 7]
2025-05-12 13:02:46,061 - DEBUG - util_fusion - fusion_dual_defense - client 2 scores: {0: array([204.04356326]), 1: array([204.04164266]), 2: array([204.04135333]), 3: array([204.04326877]), 4: array([204.0434848]), 5: array([204.04282835]), 6: array([204.04253258]), 7: array([204.0443143]), 8: array([204.04282143]), 9: array([204.04277473])}
2025-05-12 13:02:46,061 - DEBUG - util_fusion - fusion_dual_defense - client 2 norm scores: {0: array([0.74635313]), 1: array([0.09771596]), 2: array([0.]), 3: array([0.64689534]), 4: array([0.71985441]), 5: array([0.49815346]), 6: array([0.39826297]), 7: array([1.]), 8: array([0.49581691]), 9: array([0.48004631])}
2025-05-12 13:02:46,061 - DEBUG - util_fusion - fusion_dual_defense - client 2 similarity threshold: 0.5083098481697625
2025-05-12 13:02:46,061 - INFO - util_fusion - fusion_dual_defense - client 2 selected fusion benigns: [0, 3, 4, 7]
2025-05-12 13:02:46,070 - DEBUG - util_fusion - fusion_dual_defense - client 3 scores: {0: array([204.04356326]), 1: array([204.04164266]), 2: array([204.04135333]), 3: array([204.04326877]), 4: array([204.0434848]), 5: array([204.04282835]), 6: array([204.04253258]), 7: array([204.0443143]), 8: array([204.04282143]), 9: array([204.04277473])}
2025-05-12 13:02:46,070 - DEBUG - util_fusion - fusion_dual_defense - client 3 norm scores: {0: array([0.74635313]), 1: array([0.09771596]), 2: array([0.]), 3: array([0.64689534]), 4: array([0.71985441]), 5: array([0.49815346]), 6: array([0.39826297]), 7: array([1.]), 8: array([0.49581691]), 9: array([0.48004631])}
2025-05-12 13:02:46,070 - DEBUG - util_fusion - fusion_dual_defense - client 3 similarity threshold: 0.5083098481697625
2025-05-12 13:02:46,070 - INFO - util_fusion - fusion_dual_defense - client 3 selected fusion benigns: [0, 3, 4, 7]
2025-05-12 13:02:46,079 - DEBUG - util_fusion - fusion_dual_defense - client 4 scores: {0: array([204.04356326]), 1: array([204.04164266]), 2: array([204.04135333]), 3: array([204.04326877]), 4: array([204.0434848]), 5: array([204.04282835]), 6: array([204.04253258]), 7: array([204.0443143]), 8: array([204.04282143]), 9: array([204.04277473])}
2025-05-12 13:02:46,079 - DEBUG - util_fusion - fusion_dual_defense - client 4 norm scores: {0: array([0.74635313]), 1: array([0.09771596]), 2: array([0.]), 3: array([0.64689534]), 4: array([0.71985441]), 5: array([0.49815346]), 6: array([0.39826297]), 7: array([1.]), 8: array([0.49581691]), 9: array([0.48004631])}
2025-05-12 13:02:46,079 - DEBUG - util_fusion - fusion_dual_defense - client 4 similarity threshold: 0.5083098481697625
2025-05-12 13:02:46,079 - INFO - util_fusion - fusion_dual_defense - client 4 selected fusion benigns: [0, 3, 4, 7]
2025-05-12 13:02:46,088 - DEBUG - util_fusion - fusion_dual_defense - client 5 scores: {0: array([204.04356326]), 1: array([204.04164266]), 2: array([204.04135333]), 3: array([204.04326877]), 4: array([204.0434848]), 5: array([204.04282835]), 6: array([204.04253258]), 7: array([204.0443143]), 8: array([204.04282143]), 9: array([204.04277473])}
2025-05-12 13:02:46,088 - DEBUG - util_fusion - fusion_dual_defense - client 5 norm scores: {0: array([0.74635313]), 1: array([0.09771596]), 2: array([0.]), 3: array([0.64689534]), 4: array([0.71985441]), 5: array([0.49815346]), 6: array([0.39826297]), 7: array([1.]), 8: array([0.49581691]), 9: array([0.48004631])}
2025-05-12 13:02:46,088 - DEBUG - util_fusion - fusion_dual_defense - client 5 similarity threshold: 0.5083098481697625
2025-05-12 13:02:46,088 - INFO - util_fusion - fusion_dual_defense - client 5 selected fusion benigns: [0, 3, 4, 7]
2025-05-12 13:02:46,097 - DEBUG - util_fusion - fusion_dual_defense - client 6 scores: {0: array([204.04356326]), 1: array([204.04164266]), 2: array([204.04135333]), 3: array([204.04326877]), 4: array([204.0434848]), 5: array([204.04282835]), 6: array([204.04253258]), 7: array([204.0443143]), 8: array([204.04282143]), 9: array([204.04277473])}
2025-05-12 13:02:46,097 - DEBUG - util_fusion - fusion_dual_defense - client 6 norm scores: {0: array([0.74635313]), 1: array([0.09771596]), 2: array([0.]), 3: array([0.64689534]), 4: array([0.71985441]), 5: array([0.49815346]), 6: array([0.39826297]), 7: array([1.]), 8: array([0.49581691]), 9: array([0.48004631])}
2025-05-12 13:02:46,097 - DEBUG - util_fusion - fusion_dual_defense - client 6 similarity threshold: 0.5083098481697625
2025-05-12 13:02:46,097 - INFO - util_fusion - fusion_dual_defense - client 6 selected fusion benigns: [0, 3, 4, 7]
2025-05-12 13:02:46,106 - DEBUG - util_fusion - fusion_dual_defense - client 7 scores: {0: array([204.04356326]), 1: array([204.04164266]), 2: array([204.04135333]), 3: array([204.04326877]), 4: array([204.0434848]), 5: array([204.04282835]), 6: array([204.04253258]), 7: array([204.0443143]), 8: array([204.04282143]), 9: array([204.04277473])}
2025-05-12 13:02:46,106 - DEBUG - util_fusion - fusion_dual_defense - client 7 norm scores: {0: array([0.74635313]), 1: array([0.09771596]), 2: array([0.]), 3: array([0.64689534]), 4: array([0.71985441]), 5: array([0.49815346]), 6: array([0.39826297]), 7: array([1.]), 8: array([0.49581691]), 9: array([0.48004631])}
2025-05-12 13:02:46,106 - DEBUG - util_fusion - fusion_dual_defense - client 7 similarity threshold: 0.5083098481697625
2025-05-12 13:02:46,106 - INFO - util_fusion - fusion_dual_defense - client 7 selected fusion benigns: [0, 3, 4, 7]
2025-05-12 13:02:46,115 - DEBUG - util_fusion - fusion_dual_defense - client 8 scores: {0: array([204.04356326]), 1: array([204.04164266]), 2: array([204.04135333]), 3: array([204.04326877]), 4: array([204.0434848]), 5: array([204.04282835]), 6: array([204.04253258]), 7: array([204.0443143]), 8: array([204.04282143]), 9: array([204.04277473])}
2025-05-12 13:02:46,115 - DEBUG - util_fusion - fusion_dual_defense - client 8 norm scores: {0: array([0.74635313]), 1: array([0.09771596]), 2: array([0.]), 3: array([0.64689534]), 4: array([0.71985441]), 5: array([0.49815346]), 6: array([0.39826297]), 7: array([1.]), 8: array([0.49581691]), 9: array([0.48004631])}
2025-05-12 13:02:46,115 - DEBUG - util_fusion - fusion_dual_defense - client 8 similarity threshold: 0.5083098481697625
2025-05-12 13:02:46,115 - INFO - util_fusion - fusion_dual_defense - client 8 selected fusion benigns: [0, 3, 4, 7]
2025-05-12 13:02:46,124 - DEBUG - util_fusion - fusion_dual_defense - client 9 scores: {0: array([204.04356326]), 1: array([204.04164266]), 2: array([204.04135333]), 3: array([204.04326877]), 4: array([204.0434848]), 5: array([204.04282835]), 6: array([204.04253258]), 7: array([204.0443143]), 8: array([204.04282143]), 9: array([204.04277473])}
2025-05-12 13:02:46,124 - DEBUG - util_fusion - fusion_dual_defense - client 9 norm scores: {0: array([0.74635313]), 1: array([0.09771596]), 2: array([0.]), 3: array([0.64689534]), 4: array([0.71985441]), 5: array([0.49815346]), 6: array([0.39826297]), 7: array([1.]), 8: array([0.49581691]), 9: array([0.48004631])}
2025-05-12 13:02:46,124 - DEBUG - util_fusion - fusion_dual_defense - client 9 similarity threshold: 0.5083098481697625
2025-05-12 13:02:46,124 - INFO - util_fusion - fusion_dual_defense - client 9 selected fusion benigns: [0, 3, 4, 7]
2025-05-12 13:02:46,124 - DEBUG - util_fusion - fusion_dual_defense - final fusion benigns: (0, 3, 4, 7)
2025-05-12 13:02:47,766 - INFO - fl - start - global side -  test accuracy: 9.58
2025-05-12 13:02:47,766 - INFO - fl - start - global side iteration 24 -  test accuracy: 9.58
2025-05-12 13:02:47,767 - INFO - fl - start - start training round 25
2025-05-12 13:02:47,768 - INFO - fl - start - round 25 attackers: [1, 7]
2025-05-12 13:02:47,768 - INFO - fl - start - start client 0 training
2025-05-12 13:02:47,768 - INFO - fl - client_local_train - client 0 start local training ...
2025-05-12 13:02:54,302 - INFO - fl - start - end client 0 training
2025-05-12 13:02:54,302 - INFO - fl - start - client 0 evaluation metrics: {'train_loss': 34928.90746974194, 'test_acc': 9.58}
2025-05-12 13:02:54,302 - INFO - fl - start - start client 1 training
2025-05-12 13:02:54,302 - INFO - fl - client_local_train - client 1 start local training ...
2025-05-12 13:02:55,519 - INFO - fl - client_local_train - client 1 is attacker, start poisoning model
2025-05-12 13:02:58,849 - INFO - fl - start - end client 1 training
2025-05-12 13:02:58,849 - INFO - fl - start - client 1 evaluation metrics: {'train_loss': 28843.689273231907, 'test_acc': 8.92}
2025-05-12 13:02:58,849 - INFO - fl - start - start client 2 training
2025-05-12 13:02:58,849 - INFO - fl - client_local_train - client 2 start local training ...
2025-05-12 13:03:01,165 - INFO - fl - start - end client 2 training
2025-05-12 13:03:01,165 - INFO - fl - start - client 2 evaluation metrics: {'train_loss': 10288.386312484741, 'test_acc': 9.8}
2025-05-12 13:03:01,165 - INFO - fl - start - start client 3 training
2025-05-12 13:03:01,165 - INFO - fl - client_local_train - client 3 start local training ...
2025-05-12 13:03:07,158 - INFO - fl - start - end client 3 training
2025-05-12 13:03:07,158 - INFO - fl - start - client 3 evaluation metrics: {'train_loss': 119840.0938870614, 'test_acc': 10.32}
2025-05-12 13:03:07,158 - INFO - fl - start - start client 4 training
2025-05-12 13:03:07,158 - INFO - fl - client_local_train - client 4 start local training ...
2025-05-12 13:03:13,538 - INFO - fl - start - end client 4 training
2025-05-12 13:03:13,538 - INFO - fl - start - client 4 evaluation metrics: {'train_loss': 9615.689723319585, 'test_acc': 10.32}
2025-05-12 13:03:13,538 - INFO - fl - start - start client 5 training
2025-05-12 13:03:13,538 - INFO - fl - client_local_train - client 5 start local training ...
2025-05-12 13:03:18,644 - INFO - fl - start - end client 5 training
2025-05-12 13:03:18,644 - INFO - fl - start - client 5 evaluation metrics: {'train_loss': 207167.50042459238, 'test_acc': 9.58}
2025-05-12 13:03:18,644 - INFO - fl - start - start client 6 training
2025-05-12 13:03:18,644 - INFO - fl - client_local_train - client 6 start local training ...
2025-05-12 13:03:23,218 - INFO - fl - start - end client 6 training
2025-05-12 13:03:23,218 - INFO - fl - start - client 6 evaluation metrics: {'train_loss': 15329.031429242485, 'test_acc': 9.82}
2025-05-12 13:03:23,218 - INFO - fl - start - start client 7 training
2025-05-12 13:03:23,218 - INFO - fl - client_local_train - client 7 start local training ...
2025-05-12 13:03:28,391 - INFO - fl - client_local_train - client 7 is attacker, start poisoning model
2025-05-12 13:03:33,857 - INFO - fl - start - end client 7 training
2025-05-12 13:03:33,857 - INFO - fl - start - client 7 evaluation metrics: {'train_loss': 15075.227026136765, 'test_acc': 11.35}
2025-05-12 13:03:33,857 - INFO - fl - start - start client 8 training
2025-05-12 13:03:33,857 - INFO - fl - client_local_train - client 8 start local training ...
2025-05-12 13:03:38,967 - INFO - fl - start - end client 8 training
2025-05-12 13:03:38,967 - INFO - fl - start - client 8 evaluation metrics: {'train_loss': 262574.8802649457, 'test_acc': 9.8}
2025-05-12 13:03:38,967 - INFO - fl - start - start client 9 training
2025-05-12 13:03:38,967 - INFO - fl - client_local_train - client 9 start local training ...
2025-05-12 13:03:43,929 - INFO - fl - start - end client 9 training
2025-05-12 13:03:43,929 - INFO - fl - start - client 9 evaluation metrics: {'train_loss': 1172.8004619057258, 'test_acc': 9.82}
2025-05-12 13:03:43,929 - INFO - fl - aggregate_model - start model aggregation...fusion method: dual_defense
2025-05-12 13:03:43,929 - INFO - fl - aggregate_model - start hyper-guard fusion with epsilon 0.01
2025-05-12 13:03:43,929 - INFO - fl - aggregate_model - round 25 attackers: [1, 7]
2025-05-12 13:03:54,701 - DEBUG - util_fusion - fusion_dual_defense - client 0 scores: {0: array([67.87021084]), 1: array([67.86998217]), 2: array([67.86992984]), 3: array([67.87018592]), 4: array([67.87019734]), 5: array([67.8701401]), 6: array([67.87011549]), 7: array([67.87026951]), 8: array([67.87014812]), 9: array([67.87013062])}
2025-05-12 13:03:54,702 - DEBUG - util_fusion - fusion_dual_defense - client 0 norm scores: {0: array([0.82728304]), 1: array([0.15405146]), 2: array([0.]), 3: array([0.75391816]), 4: array([0.78754199]), 5: array([0.61902161]), 6: array([0.54656679]), 7: array([1.]), 8: array([0.642633]), 9: array([0.5911204])}
2025-05-12 13:03:54,702 - DEBUG - util_fusion - fusion_dual_defense - client 0 similarity threshold: 0.5922136458144563
2025-05-12 13:03:54,702 - INFO - util_fusion - fusion_dual_defense - client 0 selected fusion benigns: [0, 3, 4, 5, 7, 8]
2025-05-12 13:03:54,710 - DEBUG - util_fusion - fusion_dual_defense - client 1 scores: {0: array([67.87021084]), 1: array([67.86998217]), 2: array([67.86992984]), 3: array([67.87018592]), 4: array([67.87019734]), 5: array([67.8701401]), 6: array([67.87011549]), 7: array([67.87026951]), 8: array([67.87014812]), 9: array([67.87013062])}
2025-05-12 13:03:54,711 - DEBUG - util_fusion - fusion_dual_defense - client 1 norm scores: {0: array([0.82728304]), 1: array([0.15405146]), 2: array([0.]), 3: array([0.75391816]), 4: array([0.78754199]), 5: array([0.61902161]), 6: array([0.54656679]), 7: array([1.]), 8: array([0.642633]), 9: array([0.5911204])}
2025-05-12 13:03:54,711 - DEBUG - util_fusion - fusion_dual_defense - client 1 similarity threshold: 0.5922136458144563
2025-05-12 13:03:54,711 - INFO - util_fusion - fusion_dual_defense - client 1 selected fusion benigns: [0, 3, 4, 5, 7, 8]
2025-05-12 13:03:54,719 - DEBUG - util_fusion - fusion_dual_defense - client 2 scores: {0: array([67.87021084]), 1: array([67.86998217]), 2: array([67.86992984]), 3: array([67.87018592]), 4: array([67.87019734]), 5: array([67.8701401]), 6: array([67.87011549]), 7: array([67.87026951]), 8: array([67.87014812]), 9: array([67.87013062])}
2025-05-12 13:03:54,720 - DEBUG - util_fusion - fusion_dual_defense - client 2 norm scores: {0: array([0.82728304]), 1: array([0.15405146]), 2: array([0.]), 3: array([0.75391816]), 4: array([0.78754199]), 5: array([0.61902161]), 6: array([0.54656679]), 7: array([1.]), 8: array([0.642633]), 9: array([0.5911204])}
2025-05-12 13:03:54,720 - DEBUG - util_fusion - fusion_dual_defense - client 2 similarity threshold: 0.5922136458144563
2025-05-12 13:03:54,720 - INFO - util_fusion - fusion_dual_defense - client 2 selected fusion benigns: [0, 3, 4, 5, 7, 8]
2025-05-12 13:03:54,728 - DEBUG - util_fusion - fusion_dual_defense - client 3 scores: {0: array([67.87021084]), 1: array([67.86998217]), 2: array([67.86992984]), 3: array([67.87018592]), 4: array([67.87019734]), 5: array([67.8701401]), 6: array([67.87011549]), 7: array([67.87026951]), 8: array([67.87014812]), 9: array([67.87013062])}
2025-05-12 13:03:54,729 - DEBUG - util_fusion - fusion_dual_defense - client 3 norm scores: {0: array([0.82728304]), 1: array([0.15405146]), 2: array([0.]), 3: array([0.75391816]), 4: array([0.78754199]), 5: array([0.61902161]), 6: array([0.54656679]), 7: array([1.]), 8: array([0.642633]), 9: array([0.5911204])}
2025-05-12 13:03:54,729 - DEBUG - util_fusion - fusion_dual_defense - client 3 similarity threshold: 0.5922136458144563
2025-05-12 13:03:54,729 - INFO - util_fusion - fusion_dual_defense - client 3 selected fusion benigns: [0, 3, 4, 5, 7, 8]
2025-05-12 13:03:54,737 - DEBUG - util_fusion - fusion_dual_defense - client 4 scores: {0: array([67.87021084]), 1: array([67.86998217]), 2: array([67.86992984]), 3: array([67.87018592]), 4: array([67.87019734]), 5: array([67.8701401]), 6: array([67.87011549]), 7: array([67.87026951]), 8: array([67.87014812]), 9: array([67.87013062])}
2025-05-12 13:03:54,738 - DEBUG - util_fusion - fusion_dual_defense - client 4 norm scores: {0: array([0.82728304]), 1: array([0.15405146]), 2: array([0.]), 3: array([0.75391816]), 4: array([0.78754199]), 5: array([0.61902161]), 6: array([0.54656679]), 7: array([1.]), 8: array([0.642633]), 9: array([0.5911204])}
2025-05-12 13:03:54,738 - DEBUG - util_fusion - fusion_dual_defense - client 4 similarity threshold: 0.5922136458144563
2025-05-12 13:03:54,738 - INFO - util_fusion - fusion_dual_defense - client 4 selected fusion benigns: [0, 3, 4, 5, 7, 8]
2025-05-12 13:03:54,746 - DEBUG - util_fusion - fusion_dual_defense - client 5 scores: {0: array([67.87021084]), 1: array([67.86998217]), 2: array([67.86992984]), 3: array([67.87018592]), 4: array([67.87019734]), 5: array([67.8701401]), 6: array([67.87011549]), 7: array([67.87026951]), 8: array([67.87014812]), 9: array([67.87013062])}
2025-05-12 13:03:54,747 - DEBUG - util_fusion - fusion_dual_defense - client 5 norm scores: {0: array([0.82728304]), 1: array([0.15405146]), 2: array([0.]), 3: array([0.75391816]), 4: array([0.78754199]), 5: array([0.61902161]), 6: array([0.54656679]), 7: array([1.]), 8: array([0.642633]), 9: array([0.5911204])}
2025-05-12 13:03:54,747 - DEBUG - util_fusion - fusion_dual_defense - client 5 similarity threshold: 0.5922136458144563
2025-05-12 13:03:54,747 - INFO - util_fusion - fusion_dual_defense - client 5 selected fusion benigns: [0, 3, 4, 5, 7, 8]
2025-05-12 13:03:54,755 - DEBUG - util_fusion - fusion_dual_defense - client 6 scores: {0: array([67.87021084]), 1: array([67.86998217]), 2: array([67.86992984]), 3: array([67.87018592]), 4: array([67.87019734]), 5: array([67.8701401]), 6: array([67.87011549]), 7: array([67.87026951]), 8: array([67.87014812]), 9: array([67.87013062])}
2025-05-12 13:03:54,756 - DEBUG - util_fusion - fusion_dual_defense - client 6 norm scores: {0: array([0.82728304]), 1: array([0.15405146]), 2: array([0.]), 3: array([0.75391816]), 4: array([0.78754199]), 5: array([0.61902161]), 6: array([0.54656679]), 7: array([1.]), 8: array([0.642633]), 9: array([0.5911204])}
2025-05-12 13:03:54,756 - DEBUG - util_fusion - fusion_dual_defense - client 6 similarity threshold: 0.5922136458144563
2025-05-12 13:03:54,756 - INFO - util_fusion - fusion_dual_defense - client 6 selected fusion benigns: [0, 3, 4, 5, 7, 8]
2025-05-12 13:03:54,764 - DEBUG - util_fusion - fusion_dual_defense - client 7 scores: {0: array([67.87021084]), 1: array([67.86998217]), 2: array([67.86992984]), 3: array([67.87018592]), 4: array([67.87019734]), 5: array([67.8701401]), 6: array([67.87011549]), 7: array([67.87026951]), 8: array([67.87014812]), 9: array([67.87013062])}
2025-05-12 13:03:54,765 - DEBUG - util_fusion - fusion_dual_defense - client 7 norm scores: {0: array([0.82728304]), 1: array([0.15405146]), 2: array([0.]), 3: array([0.75391816]), 4: array([0.78754199]), 5: array([0.61902161]), 6: array([0.54656679]), 7: array([1.]), 8: array([0.642633]), 9: array([0.5911204])}
2025-05-12 13:03:54,765 - DEBUG - util_fusion - fusion_dual_defense - client 7 similarity threshold: 0.5922136458144563
2025-05-12 13:03:54,765 - INFO - util_fusion - fusion_dual_defense - client 7 selected fusion benigns: [0, 3, 4, 5, 7, 8]
2025-05-12 13:03:54,773 - DEBUG - util_fusion - fusion_dual_defense - client 8 scores: {0: array([67.87021084]), 1: array([67.86998217]), 2: array([67.86992984]), 3: array([67.87018592]), 4: array([67.87019734]), 5: array([67.8701401]), 6: array([67.87011549]), 7: array([67.87026951]), 8: array([67.87014812]), 9: array([67.87013062])}
2025-05-12 13:03:54,774 - DEBUG - util_fusion - fusion_dual_defense - client 8 norm scores: {0: array([0.82728304]), 1: array([0.15405146]), 2: array([0.]), 3: array([0.75391816]), 4: array([0.78754199]), 5: array([0.61902161]), 6: array([0.54656679]), 7: array([1.]), 8: array([0.642633]), 9: array([0.5911204])}
2025-05-12 13:03:54,774 - DEBUG - util_fusion - fusion_dual_defense - client 8 similarity threshold: 0.5922136458144563
2025-05-12 13:03:54,774 - INFO - util_fusion - fusion_dual_defense - client 8 selected fusion benigns: [0, 3, 4, 5, 7, 8]
2025-05-12 13:03:54,782 - DEBUG - util_fusion - fusion_dual_defense - client 9 scores: {0: array([67.87021084]), 1: array([67.86998217]), 2: array([67.86992984]), 3: array([67.87018592]), 4: array([67.87019734]), 5: array([67.8701401]), 6: array([67.87011549]), 7: array([67.87026951]), 8: array([67.87014812]), 9: array([67.87013062])}
2025-05-12 13:03:54,783 - DEBUG - util_fusion - fusion_dual_defense - client 9 norm scores: {0: array([0.82728304]), 1: array([0.15405146]), 2: array([0.]), 3: array([0.75391816]), 4: array([0.78754199]), 5: array([0.61902161]), 6: array([0.54656679]), 7: array([1.]), 8: array([0.642633]), 9: array([0.5911204])}
2025-05-12 13:03:54,783 - DEBUG - util_fusion - fusion_dual_defense - client 9 similarity threshold: 0.5922136458144563
2025-05-12 13:03:54,783 - INFO - util_fusion - fusion_dual_defense - client 9 selected fusion benigns: [0, 3, 4, 5, 7, 8]
2025-05-12 13:03:54,783 - DEBUG - util_fusion - fusion_dual_defense - final fusion benigns: (0, 3, 4, 5, 7, 8)
2025-05-12 13:03:56,533 - INFO - fl - start - global side -  test accuracy: 11.35
2025-05-12 13:03:56,533 - INFO - fl - start - global side iteration 25 -  test accuracy: 11.35
2025-05-12 13:03:56,533 - INFO - fl - start - start training round 26
2025-05-12 13:03:56,535 - INFO - fl - start - round 26 attackers: [7, 8]
2025-05-12 13:03:56,535 - INFO - fl - start - start client 0 training
2025-05-12 13:03:56,535 - INFO - fl - client_local_train - client 0 start local training ...
2025-05-12 13:04:03,065 - INFO - fl - start - end client 0 training
2025-05-12 13:04:03,065 - INFO - fl - start - client 0 evaluation metrics: {'train_loss': 90354.07814806841, 'test_acc': 9.58}
2025-05-12 13:04:03,066 - INFO - fl - start - start client 1 training
2025-05-12 13:04:03,066 - INFO - fl - client_local_train - client 1 start local training ...
2025-05-12 13:04:05,951 - INFO - fl - start - end client 1 training
2025-05-12 13:04:05,951 - INFO - fl - start - client 1 evaluation metrics: {'train_loss': 9081.962129291735, 'test_acc': 8.92}
2025-05-12 13:04:05,951 - INFO - fl - start - start client 2 training
2025-05-12 13:04:05,951 - INFO - fl - client_local_train - client 2 start local training ...
2025-05-12 13:04:08,269 - INFO - fl - start - end client 2 training
2025-05-12 13:04:08,269 - INFO - fl - start - client 2 evaluation metrics: {'train_loss': 26680.526407877605, 'test_acc': 9.8}
2025-05-12 13:04:08,270 - INFO - fl - start - start client 3 training
2025-05-12 13:04:08,270 - INFO - fl - client_local_train - client 3 start local training ...
2025-05-12 13:04:14,307 - INFO - fl - start - end client 3 training
2025-05-12 13:04:14,307 - INFO - fl - start - client 3 evaluation metrics: {'train_loss': 309944.3159265351, 'test_acc': 10.32}
2025-05-12 13:04:14,307 - INFO - fl - start - start client 4 training
2025-05-12 13:04:14,307 - INFO - fl - client_local_train - client 4 start local training ...
2025-05-12 13:04:20,721 - INFO - fl - start - end client 4 training
2025-05-12 13:04:20,721 - INFO - fl - start - client 4 evaluation metrics: {'train_loss': 24881.28321260983, 'test_acc': 10.32}
2025-05-12 13:04:20,721 - INFO - fl - start - start client 5 training
2025-05-12 13:04:20,721 - INFO - fl - client_local_train - client 5 start local training ...
2025-05-12 13:04:25,821 - INFO - fl - start - end client 5 training
2025-05-12 13:04:25,821 - INFO - fl - start - client 5 evaluation metrics: {'train_loss': 534983.6334918478, 'test_acc': 9.58}
2025-05-12 13:04:25,821 - INFO - fl - start - start client 6 training
2025-05-12 13:04:25,821 - INFO - fl - client_local_train - client 6 start local training ...
2025-05-12 13:04:30,408 - INFO - fl - start - end client 6 training
2025-05-12 13:04:30,408 - INFO - fl - start - client 6 evaluation metrics: {'train_loss': 40010.47432505934, 'test_acc': 9.82}
2025-05-12 13:04:30,408 - INFO - fl - start - start client 7 training
2025-05-12 13:04:30,408 - INFO - fl - client_local_train - client 7 start local training ...
2025-05-12 13:04:35,584 - INFO - fl - client_local_train - client 7 is attacker, start poisoning model
2025-05-12 13:04:41,054 - INFO - fl - start - end client 7 training
2025-05-12 13:04:41,054 - INFO - fl - start - client 7 evaluation metrics: {'train_loss': 38812.87708112468, 'test_acc': 11.35}
2025-05-12 13:04:41,055 - INFO - fl - start - start client 8 training
2025-05-12 13:04:41,055 - INFO - fl - client_local_train - client 8 start local training ...
2025-05-12 13:04:44,041 - INFO - fl - client_local_train - client 8 is attacker, start poisoning model
2025-05-12 13:04:48,315 - INFO - fl - start - end client 8 training
2025-05-12 13:04:48,316 - INFO - fl - start - client 8 evaluation metrics: {'train_loss': 5435721.918478261, 'test_acc': 9.8}
2025-05-12 13:04:48,316 - INFO - fl - start - start client 9 training
2025-05-12 13:04:48,316 - INFO - fl - client_local_train - client 9 start local training ...
2025-05-12 13:04:53,335 - INFO - fl - start - end client 9 training
2025-05-12 13:04:53,335 - INFO - fl - start - client 9 evaluation metrics: {'train_loss': 3033.1223884057463, 'test_acc': 9.8}
2025-05-12 13:04:53,335 - INFO - fl - aggregate_model - start model aggregation...fusion method: dual_defense
2025-05-12 13:04:53,335 - INFO - fl - aggregate_model - start hyper-guard fusion with epsilon 0.01
2025-05-12 13:04:53,335 - INFO - fl - aggregate_model - round 26 attackers: [8, 7]
2025-05-12 13:05:04,127 - DEBUG - util_fusion - fusion_dual_defense - client 0 scores: {0: array([81.6472493]), 1: array([81.6466712]), 2: array([81.64660715]), 3: array([81.64716772]), 4: array([81.64722456]), 5: array([81.64700983]), 6: array([81.64693649]), 7: array([81.64743773]), 8: array([81.64701158]), 9: array([81.646998])}
2025-05-12 13:05:04,128 - DEBUG - util_fusion - fusion_dual_defense - client 0 norm scores: {0: array([0.77314044]), 1: array([0.0771185]), 2: array([0.]), 3: array([0.6749167]), 4: array([0.74334689]), 5: array([0.48482435]), 6: array([0.39652293]), 7: array([1.]), 8: array([0.486925]), 9: array([0.4705785])}
2025-05-12 13:05:04,128 - DEBUG - util_fusion - fusion_dual_defense - client 0 similarity threshold: 0.5107373295470128
2025-05-12 13:05:04,128 - INFO - util_fusion - fusion_dual_defense - client 0 selected fusion benigns: [0, 3, 4, 7]
2025-05-12 13:05:04,137 - DEBUG - util_fusion - fusion_dual_defense - client 1 scores: {0: array([81.6472493]), 1: array([81.6466712]), 2: array([81.64660715]), 3: array([81.64716772]), 4: array([81.64722456]), 5: array([81.64700983]), 6: array([81.64693649]), 7: array([81.64743773]), 8: array([81.64701158]), 9: array([81.646998])}
2025-05-12 13:05:04,137 - DEBUG - util_fusion - fusion_dual_defense - client 1 norm scores: {0: array([0.77314044]), 1: array([0.0771185]), 2: array([0.]), 3: array([0.6749167]), 4: array([0.74334689]), 5: array([0.48482435]), 6: array([0.39652293]), 7: array([1.]), 8: array([0.486925]), 9: array([0.4705785])}
2025-05-12 13:05:04,137 - DEBUG - util_fusion - fusion_dual_defense - client 1 similarity threshold: 0.5107373295470128
2025-05-12 13:05:04,137 - INFO - util_fusion - fusion_dual_defense - client 1 selected fusion benigns: [0, 3, 4, 7]
2025-05-12 13:05:04,146 - DEBUG - util_fusion - fusion_dual_defense - client 2 scores: {0: array([81.6472493]), 1: array([81.6466712]), 2: array([81.64660715]), 3: array([81.64716772]), 4: array([81.64722456]), 5: array([81.64700983]), 6: array([81.64693649]), 7: array([81.64743773]), 8: array([81.64701158]), 9: array([81.646998])}
2025-05-12 13:05:04,146 - DEBUG - util_fusion - fusion_dual_defense - client 2 norm scores: {0: array([0.77314044]), 1: array([0.0771185]), 2: array([0.]), 3: array([0.6749167]), 4: array([0.74334689]), 5: array([0.48482435]), 6: array([0.39652293]), 7: array([1.]), 8: array([0.486925]), 9: array([0.4705785])}
2025-05-12 13:05:04,146 - DEBUG - util_fusion - fusion_dual_defense - client 2 similarity threshold: 0.5107373295470128
2025-05-12 13:05:04,146 - INFO - util_fusion - fusion_dual_defense - client 2 selected fusion benigns: [0, 3, 4, 7]
2025-05-12 13:05:04,155 - DEBUG - util_fusion - fusion_dual_defense - client 3 scores: {0: array([81.6472493]), 1: array([81.6466712]), 2: array([81.64660715]), 3: array([81.64716772]), 4: array([81.64722456]), 5: array([81.64700983]), 6: array([81.64693649]), 7: array([81.64743773]), 8: array([81.64701158]), 9: array([81.646998])}
2025-05-12 13:05:04,155 - DEBUG - util_fusion - fusion_dual_defense - client 3 norm scores: {0: array([0.77314044]), 1: array([0.0771185]), 2: array([0.]), 3: array([0.6749167]), 4: array([0.74334689]), 5: array([0.48482435]), 6: array([0.39652293]), 7: array([1.]), 8: array([0.486925]), 9: array([0.4705785])}
2025-05-12 13:05:04,155 - DEBUG - util_fusion - fusion_dual_defense - client 3 similarity threshold: 0.5107373295470128
2025-05-12 13:05:04,156 - INFO - util_fusion - fusion_dual_defense - client 3 selected fusion benigns: [0, 3, 4, 7]
2025-05-12 13:05:04,164 - DEBUG - util_fusion - fusion_dual_defense - client 4 scores: {0: array([81.6472493]), 1: array([81.6466712]), 2: array([81.64660715]), 3: array([81.64716772]), 4: array([81.64722456]), 5: array([81.64700983]), 6: array([81.64693649]), 7: array([81.64743773]), 8: array([81.64701158]), 9: array([81.646998])}
2025-05-12 13:05:04,165 - DEBUG - util_fusion - fusion_dual_defense - client 4 norm scores: {0: array([0.77314044]), 1: array([0.0771185]), 2: array([0.]), 3: array([0.6749167]), 4: array([0.74334689]), 5: array([0.48482435]), 6: array([0.39652293]), 7: array([1.]), 8: array([0.486925]), 9: array([0.4705785])}
2025-05-12 13:05:04,165 - DEBUG - util_fusion - fusion_dual_defense - client 4 similarity threshold: 0.5107373295470128
2025-05-12 13:05:04,165 - INFO - util_fusion - fusion_dual_defense - client 4 selected fusion benigns: [0, 3, 4, 7]
2025-05-12 13:05:04,173 - DEBUG - util_fusion - fusion_dual_defense - client 5 scores: {0: array([81.6472493]), 1: array([81.6466712]), 2: array([81.64660715]), 3: array([81.64716772]), 4: array([81.64722456]), 5: array([81.64700983]), 6: array([81.64693649]), 7: array([81.64743773]), 8: array([81.64701158]), 9: array([81.646998])}
2025-05-12 13:05:04,174 - DEBUG - util_fusion - fusion_dual_defense - client 5 norm scores: {0: array([0.77314044]), 1: array([0.0771185]), 2: array([0.]), 3: array([0.6749167]), 4: array([0.74334689]), 5: array([0.48482435]), 6: array([0.39652293]), 7: array([1.]), 8: array([0.486925]), 9: array([0.4705785])}
2025-05-12 13:05:04,174 - DEBUG - util_fusion - fusion_dual_defense - client 5 similarity threshold: 0.5107373295470128
2025-05-12 13:05:04,174 - INFO - util_fusion - fusion_dual_defense - client 5 selected fusion benigns: [0, 3, 4, 7]
2025-05-12 13:05:04,182 - DEBUG - util_fusion - fusion_dual_defense - client 6 scores: {0: array([81.6472493]), 1: array([81.6466712]), 2: array([81.64660715]), 3: array([81.64716772]), 4: array([81.64722456]), 5: array([81.64700983]), 6: array([81.64693649]), 7: array([81.64743773]), 8: array([81.64701158]), 9: array([81.646998])}
2025-05-12 13:05:04,183 - DEBUG - util_fusion - fusion_dual_defense - client 6 norm scores: {0: array([0.77314044]), 1: array([0.0771185]), 2: array([0.]), 3: array([0.6749167]), 4: array([0.74334689]), 5: array([0.48482435]), 6: array([0.39652293]), 7: array([1.]), 8: array([0.486925]), 9: array([0.4705785])}
2025-05-12 13:05:04,183 - DEBUG - util_fusion - fusion_dual_defense - client 6 similarity threshold: 0.5107373295470128
2025-05-12 13:05:04,183 - INFO - util_fusion - fusion_dual_defense - client 6 selected fusion benigns: [0, 3, 4, 7]
2025-05-12 13:05:04,191 - DEBUG - util_fusion - fusion_dual_defense - client 7 scores: {0: array([81.6472493]), 1: array([81.6466712]), 2: array([81.64660715]), 3: array([81.64716772]), 4: array([81.64722456]), 5: array([81.64700983]), 6: array([81.64693649]), 7: array([81.64743773]), 8: array([81.64701158]), 9: array([81.646998])}
2025-05-12 13:05:04,192 - DEBUG - util_fusion - fusion_dual_defense - client 7 norm scores: {0: array([0.77314044]), 1: array([0.0771185]), 2: array([0.]), 3: array([0.6749167]), 4: array([0.74334689]), 5: array([0.48482435]), 6: array([0.39652293]), 7: array([1.]), 8: array([0.486925]), 9: array([0.4705785])}
2025-05-12 13:05:04,192 - DEBUG - util_fusion - fusion_dual_defense - client 7 similarity threshold: 0.5107373295470128
2025-05-12 13:05:04,192 - INFO - util_fusion - fusion_dual_defense - client 7 selected fusion benigns: [0, 3, 4, 7]
2025-05-12 13:05:04,200 - DEBUG - util_fusion - fusion_dual_defense - client 8 scores: {0: array([81.6472493]), 1: array([81.6466712]), 2: array([81.64660715]), 3: array([81.64716772]), 4: array([81.64722456]), 5: array([81.64700983]), 6: array([81.64693649]), 7: array([81.64743773]), 8: array([81.64701158]), 9: array([81.646998])}
2025-05-12 13:05:04,201 - DEBUG - util_fusion - fusion_dual_defense - client 8 norm scores: {0: array([0.77314044]), 1: array([0.0771185]), 2: array([0.]), 3: array([0.6749167]), 4: array([0.74334689]), 5: array([0.48482435]), 6: array([0.39652293]), 7: array([1.]), 8: array([0.486925]), 9: array([0.4705785])}
2025-05-12 13:05:04,201 - DEBUG - util_fusion - fusion_dual_defense - client 8 similarity threshold: 0.5107373295470128
2025-05-12 13:05:04,201 - INFO - util_fusion - fusion_dual_defense - client 8 selected fusion benigns: [0, 3, 4, 7]
2025-05-12 13:05:04,209 - DEBUG - util_fusion - fusion_dual_defense - client 9 scores: {0: array([81.6472493]), 1: array([81.6466712]), 2: array([81.64660715]), 3: array([81.64716772]), 4: array([81.64722456]), 5: array([81.64700983]), 6: array([81.64693649]), 7: array([81.64743773]), 8: array([81.64701158]), 9: array([81.646998])}
2025-05-12 13:05:04,210 - DEBUG - util_fusion - fusion_dual_defense - client 9 norm scores: {0: array([0.77314044]), 1: array([0.0771185]), 2: array([0.]), 3: array([0.6749167]), 4: array([0.74334689]), 5: array([0.48482435]), 6: array([0.39652293]), 7: array([1.]), 8: array([0.486925]), 9: array([0.4705785])}
2025-05-12 13:05:04,210 - DEBUG - util_fusion - fusion_dual_defense - client 9 similarity threshold: 0.5107373295470128
2025-05-12 13:05:04,210 - INFO - util_fusion - fusion_dual_defense - client 9 selected fusion benigns: [0, 3, 4, 7]
2025-05-12 13:05:04,210 - DEBUG - util_fusion - fusion_dual_defense - final fusion benigns: (0, 3, 4, 7)
2025-05-12 13:05:05,846 - INFO - fl - start - global side -  test accuracy: 11.35
2025-05-12 13:05:05,846 - INFO - fl - start - global side iteration 26 -  test accuracy: 11.35
2025-05-12 13:05:05,847 - INFO - fl - start - start training round 27
2025-05-12 13:05:05,848 - INFO - fl - start - round 27 attackers: [8, 7]
2025-05-12 13:05:05,848 - INFO - fl - start - start client 0 training
2025-05-12 13:05:05,849 - INFO - fl - client_local_train - client 0 start local training ...
2025-05-12 13:05:12,403 - INFO - fl - start - end client 0 training
2025-05-12 13:05:12,403 - INFO - fl - start - client 0 evaluation metrics: {'train_loss': 283841.57630259596, 'test_acc': 9.8}
2025-05-12 13:05:12,404 - INFO - fl - start - start client 1 training
2025-05-12 13:05:12,404 - INFO - fl - client_local_train - client 1 start local training ...
2025-05-12 13:05:15,277 - INFO - fl - start - end client 1 training
2025-05-12 13:05:15,277 - INFO - fl - start - client 1 evaluation metrics: {'train_loss': 28644.654296875, 'test_acc': 9.8}
2025-05-12 13:05:15,277 - INFO - fl - start - start client 2 training
2025-05-12 13:05:15,277 - INFO - fl - client_local_train - client 2 start local training ...
2025-05-12 13:05:17,608 - INFO - fl - start - end client 2 training
2025-05-12 13:05:17,608 - INFO - fl - start - client 2 evaluation metrics: {'train_loss': 83796.99536132812, 'test_acc': 9.8}
2025-05-12 13:05:17,608 - INFO - fl - start - start client 3 training
2025-05-12 13:05:17,616 - INFO - fl - client_local_train - client 3 start local training ...
2025-05-12 13:05:23,642 - INFO - fl - start - end client 3 training
2025-05-12 13:05:23,643 - INFO - fl - start - client 3 evaluation metrics: {'train_loss': 974697.1354166666, 'test_acc': 9.8}
2025-05-12 13:05:23,643 - INFO - fl - start - start client 4 training
2025-05-12 13:05:23,643 - INFO - fl - client_local_train - client 4 start local training ...
2025-05-12 13:05:30,051 - INFO - fl - start - end client 4 training
2025-05-12 13:05:30,051 - INFO - fl - start - client 4 evaluation metrics: {'train_loss': 78195.02756742123, 'test_acc': 10.32}
2025-05-12 13:05:30,051 - INFO - fl - start - start client 5 training
2025-05-12 13:05:30,051 - INFO - fl - client_local_train - client 5 start local training ...
2025-05-12 13:05:35,190 - INFO - fl - start - end client 5 training
2025-05-12 13:05:35,190 - INFO - fl - start - client 5 evaluation metrics: {'train_loss': 1682119.1970108696, 'test_acc': 10.32}
2025-05-12 13:05:35,190 - INFO - fl - start - start client 6 training
2025-05-12 13:05:35,190 - INFO - fl - client_local_train - client 6 start local training ...
2025-05-12 13:05:39,775 - INFO - fl - start - end client 6 training
2025-05-12 13:05:39,775 - INFO - fl - start - client 6 evaluation metrics: {'train_loss': 125357.87297270569, 'test_acc': 9.82}
2025-05-12 13:05:39,775 - INFO - fl - start - start client 7 training
2025-05-12 13:05:39,775 - INFO - fl - client_local_train - client 7 start local training ...
2025-05-12 13:05:45,001 - INFO - fl - client_local_train - client 7 is attacker, start poisoning model
2025-05-12 13:05:50,487 - INFO - fl - start - end client 7 training
2025-05-12 13:05:50,488 - INFO - fl - start - client 7 evaluation metrics: {'train_loss': 121931.25916626735, 'test_acc': 11.35}
2025-05-12 13:05:50,488 - INFO - fl - start - start client 8 training
2025-05-12 13:05:50,488 - INFO - fl - client_local_train - client 8 start local training ...
2025-05-12 13:05:53,461 - INFO - fl - client_local_train - client 8 is attacker, start poisoning model
2025-05-12 13:05:57,742 - INFO - fl - start - end client 8 training
2025-05-12 13:05:57,742 - INFO - fl - start - client 8 evaluation metrics: {'train_loss': 17082283.173913043, 'test_acc': 9.8}
2025-05-12 13:05:57,742 - INFO - fl - start - start client 9 training
2025-05-12 13:05:57,742 - INFO - fl - client_local_train - client 9 start local training ...
2025-05-12 13:06:02,715 - INFO - fl - start - end client 9 training
2025-05-12 13:06:02,715 - INFO - fl - start - client 9 evaluation metrics: {'train_loss': 9554.12356432636, 'test_acc': 9.8}
2025-05-12 13:06:02,715 - INFO - fl - aggregate_model - start model aggregation...fusion method: dual_defense
2025-05-12 13:06:02,715 - INFO - fl - aggregate_model - start hyper-guard fusion with epsilon 0.01
2025-05-12 13:06:02,715 - INFO - fl - aggregate_model - round 27 attackers: [8, 7]
2025-05-12 13:06:13,518 - DEBUG - util_fusion - fusion_dual_defense - client 0 scores: {0: array([235.95677914]), 1: array([235.95666351]), 2: array([235.95667095]), 3: array([235.95677466]), 4: array([235.95680628]), 5: array([235.9567694]), 6: array([235.95673906]), 7: array([235.9568574]), 8: array([235.956752]), 9: array([235.9567236])}
2025-05-12 13:06:13,518 - DEBUG - util_fusion - fusion_dual_defense - client 0 norm scores: {0: array([0.59634546]), 1: array([0.]), 2: array([0.03836278]), 3: array([0.57327266]), 4: array([0.73636256]), 5: array([0.54615789]), 6: array([0.3896303]), 7: array([1.]), 8: array([0.45639724]), 9: array([0.30989569])}
2025-05-12 13:06:13,518 - DEBUG - util_fusion - fusion_dual_defense - client 0 similarity threshold: 0.4646424581641696
2025-05-12 13:06:13,519 - INFO - util_fusion - fusion_dual_defense - client 0 selected fusion benigns: [0, 3, 4, 5, 7]
2025-05-12 13:06:13,527 - DEBUG - util_fusion - fusion_dual_defense - client 1 scores: {0: array([235.95677914]), 1: array([235.95666351]), 2: array([235.95667095]), 3: array([235.95677466]), 4: array([235.95680628]), 5: array([235.9567694]), 6: array([235.95673906]), 7: array([235.9568574]), 8: array([235.956752]), 9: array([235.9567236])}
2025-05-12 13:06:13,528 - DEBUG - util_fusion - fusion_dual_defense - client 1 norm scores: {0: array([0.59634546]), 1: array([0.]), 2: array([0.03836278]), 3: array([0.57327266]), 4: array([0.73636256]), 5: array([0.54615789]), 6: array([0.3896303]), 7: array([1.]), 8: array([0.45639724]), 9: array([0.30989569])}
2025-05-12 13:06:13,528 - DEBUG - util_fusion - fusion_dual_defense - client 1 similarity threshold: 0.4646424581641696
2025-05-12 13:06:13,528 - INFO - util_fusion - fusion_dual_defense - client 1 selected fusion benigns: [0, 3, 4, 5, 7]
2025-05-12 13:06:13,536 - DEBUG - util_fusion - fusion_dual_defense - client 2 scores: {0: array([235.95677914]), 1: array([235.95666351]), 2: array([235.95667095]), 3: array([235.95677466]), 4: array([235.95680628]), 5: array([235.9567694]), 6: array([235.95673906]), 7: array([235.9568574]), 8: array([235.956752]), 9: array([235.9567236])}
2025-05-12 13:06:13,537 - DEBUG - util_fusion - fusion_dual_defense - client 2 norm scores: {0: array([0.59634546]), 1: array([0.]), 2: array([0.03836278]), 3: array([0.57327266]), 4: array([0.73636256]), 5: array([0.54615789]), 6: array([0.3896303]), 7: array([1.]), 8: array([0.45639724]), 9: array([0.30989569])}
2025-05-12 13:06:13,537 - DEBUG - util_fusion - fusion_dual_defense - client 2 similarity threshold: 0.4646424581641696
2025-05-12 13:06:13,537 - INFO - util_fusion - fusion_dual_defense - client 2 selected fusion benigns: [0, 3, 4, 5, 7]
2025-05-12 13:06:13,545 - DEBUG - util_fusion - fusion_dual_defense - client 3 scores: {0: array([235.95677914]), 1: array([235.95666351]), 2: array([235.95667095]), 3: array([235.95677466]), 4: array([235.95680628]), 5: array([235.9567694]), 6: array([235.95673906]), 7: array([235.9568574]), 8: array([235.956752]), 9: array([235.9567236])}
2025-05-12 13:06:13,546 - DEBUG - util_fusion - fusion_dual_defense - client 3 norm scores: {0: array([0.59634546]), 1: array([0.]), 2: array([0.03836278]), 3: array([0.57327266]), 4: array([0.73636256]), 5: array([0.54615789]), 6: array([0.3896303]), 7: array([1.]), 8: array([0.45639724]), 9: array([0.30989569])}
2025-05-12 13:06:13,546 - DEBUG - util_fusion - fusion_dual_defense - client 3 similarity threshold: 0.4646424581641696
2025-05-12 13:06:13,546 - INFO - util_fusion - fusion_dual_defense - client 3 selected fusion benigns: [0, 3, 4, 5, 7]
2025-05-12 13:06:13,554 - DEBUG - util_fusion - fusion_dual_defense - client 4 scores: {0: array([235.95677914]), 1: array([235.95666351]), 2: array([235.95667095]), 3: array([235.95677466]), 4: array([235.95680628]), 5: array([235.9567694]), 6: array([235.95673906]), 7: array([235.9568574]), 8: array([235.956752]), 9: array([235.9567236])}
2025-05-12 13:06:13,555 - DEBUG - util_fusion - fusion_dual_defense - client 4 norm scores: {0: array([0.59634546]), 1: array([0.]), 2: array([0.03836278]), 3: array([0.57327266]), 4: array([0.73636256]), 5: array([0.54615789]), 6: array([0.3896303]), 7: array([1.]), 8: array([0.45639724]), 9: array([0.30989569])}
2025-05-12 13:06:13,555 - DEBUG - util_fusion - fusion_dual_defense - client 4 similarity threshold: 0.4646424581641696
2025-05-12 13:06:13,555 - INFO - util_fusion - fusion_dual_defense - client 4 selected fusion benigns: [0, 3, 4, 5, 7]
2025-05-12 13:06:13,563 - DEBUG - util_fusion - fusion_dual_defense - client 5 scores: {0: array([235.95677914]), 1: array([235.95666351]), 2: array([235.95667095]), 3: array([235.95677466]), 4: array([235.95680628]), 5: array([235.9567694]), 6: array([235.95673906]), 7: array([235.9568574]), 8: array([235.956752]), 9: array([235.9567236])}
2025-05-12 13:06:13,564 - DEBUG - util_fusion - fusion_dual_defense - client 5 norm scores: {0: array([0.59634546]), 1: array([0.]), 2: array([0.03836278]), 3: array([0.57327266]), 4: array([0.73636256]), 5: array([0.54615789]), 6: array([0.3896303]), 7: array([1.]), 8: array([0.45639724]), 9: array([0.30989569])}
2025-05-12 13:06:13,564 - DEBUG - util_fusion - fusion_dual_defense - client 5 similarity threshold: 0.4646424581641696
2025-05-12 13:06:13,564 - INFO - util_fusion - fusion_dual_defense - client 5 selected fusion benigns: [0, 3, 4, 5, 7]
2025-05-12 13:06:13,572 - DEBUG - util_fusion - fusion_dual_defense - client 6 scores: {0: array([235.95677914]), 1: array([235.95666351]), 2: array([235.95667095]), 3: array([235.95677466]), 4: array([235.95680628]), 5: array([235.9567694]), 6: array([235.95673906]), 7: array([235.9568574]), 8: array([235.956752]), 9: array([235.9567236])}
2025-05-12 13:06:13,573 - DEBUG - util_fusion - fusion_dual_defense - client 6 norm scores: {0: array([0.59634546]), 1: array([0.]), 2: array([0.03836278]), 3: array([0.57327266]), 4: array([0.73636256]), 5: array([0.54615789]), 6: array([0.3896303]), 7: array([1.]), 8: array([0.45639724]), 9: array([0.30989569])}
2025-05-12 13:06:13,573 - DEBUG - util_fusion - fusion_dual_defense - client 6 similarity threshold: 0.4646424581641696
2025-05-12 13:06:13,573 - INFO - util_fusion - fusion_dual_defense - client 6 selected fusion benigns: [0, 3, 4, 5, 7]
2025-05-12 13:06:13,581 - DEBUG - util_fusion - fusion_dual_defense - client 7 scores: {0: array([235.95677914]), 1: array([235.95666351]), 2: array([235.95667095]), 3: array([235.95677466]), 4: array([235.95680628]), 5: array([235.9567694]), 6: array([235.95673906]), 7: array([235.9568574]), 8: array([235.956752]), 9: array([235.9567236])}
2025-05-12 13:06:13,582 - DEBUG - util_fusion - fusion_dual_defense - client 7 norm scores: {0: array([0.59634546]), 1: array([0.]), 2: array([0.03836278]), 3: array([0.57327266]), 4: array([0.73636256]), 5: array([0.54615789]), 6: array([0.3896303]), 7: array([1.]), 8: array([0.45639724]), 9: array([0.30989569])}
2025-05-12 13:06:13,582 - DEBUG - util_fusion - fusion_dual_defense - client 7 similarity threshold: 0.4646424581641696
2025-05-12 13:06:13,582 - INFO - util_fusion - fusion_dual_defense - client 7 selected fusion benigns: [0, 3, 4, 5, 7]
2025-05-12 13:06:13,590 - DEBUG - util_fusion - fusion_dual_defense - client 8 scores: {0: array([235.95677914]), 1: array([235.95666351]), 2: array([235.95667095]), 3: array([235.95677466]), 4: array([235.95680628]), 5: array([235.9567694]), 6: array([235.95673906]), 7: array([235.9568574]), 8: array([235.956752]), 9: array([235.9567236])}
2025-05-12 13:06:13,591 - DEBUG - util_fusion - fusion_dual_defense - client 8 norm scores: {0: array([0.59634546]), 1: array([0.]), 2: array([0.03836278]), 3: array([0.57327266]), 4: array([0.73636256]), 5: array([0.54615789]), 6: array([0.3896303]), 7: array([1.]), 8: array([0.45639724]), 9: array([0.30989569])}
2025-05-12 13:06:13,591 - DEBUG - util_fusion - fusion_dual_defense - client 8 similarity threshold: 0.4646424581641696
2025-05-12 13:06:13,591 - INFO - util_fusion - fusion_dual_defense - client 8 selected fusion benigns: [0, 3, 4, 5, 7]
2025-05-12 13:06:13,599 - DEBUG - util_fusion - fusion_dual_defense - client 9 scores: {0: array([235.95677914]), 1: array([235.95666351]), 2: array([235.95667095]), 3: array([235.95677466]), 4: array([235.95680628]), 5: array([235.9567694]), 6: array([235.95673906]), 7: array([235.9568574]), 8: array([235.956752]), 9: array([235.9567236])}
2025-05-12 13:06:13,600 - DEBUG - util_fusion - fusion_dual_defense - client 9 norm scores: {0: array([0.59634546]), 1: array([0.]), 2: array([0.03836278]), 3: array([0.57327266]), 4: array([0.73636256]), 5: array([0.54615789]), 6: array([0.3896303]), 7: array([1.]), 8: array([0.45639724]), 9: array([0.30989569])}
2025-05-12 13:06:13,600 - DEBUG - util_fusion - fusion_dual_defense - client 9 similarity threshold: 0.4646424581641696
2025-05-12 13:06:13,600 - INFO - util_fusion - fusion_dual_defense - client 9 selected fusion benigns: [0, 3, 4, 5, 7]
2025-05-12 13:06:13,600 - DEBUG - util_fusion - fusion_dual_defense - final fusion benigns: (0, 3, 4, 5, 7)
2025-05-12 13:06:15,298 - INFO - fl - start - global side -  test accuracy: 11.35
2025-05-12 13:06:15,298 - INFO - fl - start - global side iteration 27 -  test accuracy: 11.35
2025-05-12 13:06:15,298 - INFO - fl - start - start training round 28
2025-05-12 13:06:15,300 - INFO - fl - start - round 28 attackers: [3, 8]
2025-05-12 13:06:15,300 - INFO - fl - start - start client 0 training
2025-05-12 13:06:15,300 - INFO - fl - client_local_train - client 0 start local training ...
2025-05-12 13:06:21,859 - INFO - fl - start - end client 0 training
2025-05-12 13:06:21,859 - INFO - fl - start - client 0 evaluation metrics: {'train_loss': 801997.7169352855, 'test_acc': 11.35}
2025-05-12 13:06:21,859 - INFO - fl - start - start client 1 training
2025-05-12 13:06:21,859 - INFO - fl - client_local_train - client 1 start local training ...
2025-05-12 13:06:24,734 - INFO - fl - start - end client 1 training
2025-05-12 13:06:24,734 - INFO - fl - start - client 1 evaluation metrics: {'train_loss': 81053.29990748355, 'test_acc': 11.35}
2025-05-12 13:06:24,734 - INFO - fl - start - start client 2 training
2025-05-12 13:06:24,734 - INFO - fl - client_local_train - client 2 start local training ...
2025-05-12 13:06:27,057 - INFO - fl - start - end client 2 training
2025-05-12 13:06:27,057 - INFO - fl - start - client 2 evaluation metrics: {'train_loss': 236561.96842447916, 'test_acc': 9.8}
2025-05-12 13:06:27,057 - INFO - fl - start - start client 3 training
2025-05-12 13:06:27,065 - INFO - fl - client_local_train - client 3 start local training ...
2025-05-12 13:06:30,789 - INFO - fl - client_local_train - client 3 is attacker, start poisoning model
2025-05-12 13:06:35,458 - INFO - fl - start - end client 3 training
2025-05-12 13:06:35,458 - INFO - fl - start - client 3 evaluation metrics: {'train_loss': 22022936.48245614, 'test_acc': 11.35}
2025-05-12 13:06:35,458 - INFO - fl - start - start client 4 training
2025-05-12 13:06:35,458 - INFO - fl - client_local_train - client 4 start local training ...
2025-05-12 13:06:41,888 - INFO - fl - start - end client 4 training
2025-05-12 13:06:41,888 - INFO - fl - start - client 4 evaluation metrics: {'train_loss': 222327.07281396465, 'test_acc': 11.35}
2025-05-12 13:06:41,888 - INFO - fl - start - start client 5 training
2025-05-12 13:06:41,888 - INFO - fl - client_local_train - client 5 start local training ...
2025-05-12 13:06:47,002 - INFO - fl - start - end client 5 training
2025-05-12 13:06:47,002 - INFO - fl - start - client 5 evaluation metrics: {'train_loss': 4755280.502717392, 'test_acc': 11.35}
2025-05-12 13:06:47,002 - INFO - fl - start - start client 6 training
2025-05-12 13:06:47,002 - INFO - fl - client_local_train - client 6 start local training ...
2025-05-12 13:06:51,583 - INFO - fl - start - end client 6 training
2025-05-12 13:06:51,583 - INFO - fl - start - client 6 evaluation metrics: {'train_loss': 352534.1528876582, 'test_acc': 11.35}
2025-05-12 13:06:51,583 - INFO - fl - start - start client 7 training
2025-05-12 13:06:51,583 - INFO - fl - client_local_train - client 7 start local training ...
2025-05-12 13:06:59,550 - INFO - fl - start - end client 7 training
2025-05-12 13:06:59,550 - INFO - fl - start - client 7 evaluation metrics: {'train_loss': 43054.23917962305, 'test_acc': 11.35}
2025-05-12 13:06:59,550 - INFO - fl - start - start client 8 training
2025-05-12 13:06:59,550 - INFO - fl - client_local_train - client 8 start local training ...
2025-05-12 13:07:02,534 - INFO - fl - client_local_train - client 8 is attacker, start poisoning model
2025-05-12 13:07:06,814 - INFO - fl - start - end client 8 training
2025-05-12 13:07:06,814 - INFO - fl - start - client 8 evaluation metrics: {'train_loss': 48237914.86956522, 'test_acc': 11.35}
2025-05-12 13:07:06,814 - INFO - fl - start - start client 9 training
2025-05-12 13:07:06,814 - INFO - fl - client_local_train - client 9 start local training ...
2025-05-12 13:07:11,813 - INFO - fl - start - end client 9 training
2025-05-12 13:07:11,813 - INFO - fl - start - client 9 evaluation metrics: {'train_loss': 26916.024587722306, 'test_acc': 11.35}
2025-05-12 13:07:11,814 - INFO - fl - aggregate_model - start model aggregation...fusion method: dual_defense
2025-05-12 13:07:11,814 - INFO - fl - aggregate_model - start hyper-guard fusion with epsilon 0.01
2025-05-12 13:07:11,814 - INFO - fl - aggregate_model - round 28 attackers: [8, 3]
2025-05-12 13:07:22,647 - DEBUG - util_fusion - fusion_dual_defense - client 0 scores: {0: array([780.0276844]), 1: array([780.02175424]), 2: array([780.02084522]), 3: array([780.02693355]), 4: array([780.02757361]), 5: array([780.02552672]), 6: array([780.02452869]), 7: array([780.0299816]), 8: array([780.02545184]), 9: array([780.02527456])}
2025-05-12 13:07:22,647 - DEBUG - util_fusion - fusion_dual_defense - client 0 norm scores: {0: array([0.74856556]), 1: array([0.09949439]), 2: array([0.]), 3: array([0.66638368]), 4: array([0.73643977]), 5: array([0.5124025]), 6: array([0.40316566]), 7: array([1.]), 8: array([0.50420648]), 9: array([0.48480279])}
2025-05-12 13:07:22,647 - DEBUG - util_fusion - fusion_dual_defense - client 0 similarity threshold: 0.5155460833043076
2025-05-12 13:07:22,648 - INFO - util_fusion - fusion_dual_defense - client 0 selected fusion benigns: [0, 3, 4, 7]
2025-05-12 13:07:22,656 - DEBUG - util_fusion - fusion_dual_defense - client 1 scores: {0: array([780.0276844]), 1: array([780.02175424]), 2: array([780.02084522]), 3: array([780.02693355]), 4: array([780.02757361]), 5: array([780.02552672]), 6: array([780.02452869]), 7: array([780.0299816]), 8: array([780.02545184]), 9: array([780.02527456])}
2025-05-12 13:07:22,657 - DEBUG - util_fusion - fusion_dual_defense - client 1 norm scores: {0: array([0.74856556]), 1: array([0.09949439]), 2: array([0.]), 3: array([0.66638368]), 4: array([0.73643977]), 5: array([0.5124025]), 6: array([0.40316566]), 7: array([1.]), 8: array([0.50420648]), 9: array([0.48480279])}
2025-05-12 13:07:22,657 - DEBUG - util_fusion - fusion_dual_defense - client 1 similarity threshold: 0.5155460833043076
2025-05-12 13:07:22,657 - INFO - util_fusion - fusion_dual_defense - client 1 selected fusion benigns: [0, 3, 4, 7]
2025-05-12 13:07:22,665 - DEBUG - util_fusion - fusion_dual_defense - client 2 scores: {0: array([780.0276844]), 1: array([780.02175424]), 2: array([780.02084522]), 3: array([780.02693355]), 4: array([780.02757361]), 5: array([780.02552672]), 6: array([780.02452869]), 7: array([780.0299816]), 8: array([780.02545184]), 9: array([780.02527456])}
2025-05-12 13:07:22,666 - DEBUG - util_fusion - fusion_dual_defense - client 2 norm scores: {0: array([0.74856556]), 1: array([0.09949439]), 2: array([0.]), 3: array([0.66638368]), 4: array([0.73643977]), 5: array([0.5124025]), 6: array([0.40316566]), 7: array([1.]), 8: array([0.50420648]), 9: array([0.48480279])}
2025-05-12 13:07:22,666 - DEBUG - util_fusion - fusion_dual_defense - client 2 similarity threshold: 0.5155460833043076
2025-05-12 13:07:22,666 - INFO - util_fusion - fusion_dual_defense - client 2 selected fusion benigns: [0, 3, 4, 7]
2025-05-12 13:07:22,674 - DEBUG - util_fusion - fusion_dual_defense - client 3 scores: {0: array([780.0276844]), 1: array([780.02175424]), 2: array([780.02084522]), 3: array([780.02693355]), 4: array([780.02757361]), 5: array([780.02552672]), 6: array([780.02452869]), 7: array([780.0299816]), 8: array([780.02545184]), 9: array([780.02527456])}
2025-05-12 13:07:22,675 - DEBUG - util_fusion - fusion_dual_defense - client 3 norm scores: {0: array([0.74856556]), 1: array([0.09949439]), 2: array([0.]), 3: array([0.66638368]), 4: array([0.73643977]), 5: array([0.5124025]), 6: array([0.40316566]), 7: array([1.]), 8: array([0.50420648]), 9: array([0.48480279])}
2025-05-12 13:07:22,675 - DEBUG - util_fusion - fusion_dual_defense - client 3 similarity threshold: 0.5155460833043076
2025-05-12 13:07:22,675 - INFO - util_fusion - fusion_dual_defense - client 3 selected fusion benigns: [0, 3, 4, 7]
2025-05-12 13:07:22,683 - DEBUG - util_fusion - fusion_dual_defense - client 4 scores: {0: array([780.0276844]), 1: array([780.02175424]), 2: array([780.02084522]), 3: array([780.02693355]), 4: array([780.02757361]), 5: array([780.02552672]), 6: array([780.02452869]), 7: array([780.0299816]), 8: array([780.02545184]), 9: array([780.02527456])}
2025-05-12 13:07:22,684 - DEBUG - util_fusion - fusion_dual_defense - client 4 norm scores: {0: array([0.74856556]), 1: array([0.09949439]), 2: array([0.]), 3: array([0.66638368]), 4: array([0.73643977]), 5: array([0.5124025]), 6: array([0.40316566]), 7: array([1.]), 8: array([0.50420648]), 9: array([0.48480279])}
2025-05-12 13:07:22,684 - DEBUG - util_fusion - fusion_dual_defense - client 4 similarity threshold: 0.5155460833043076
2025-05-12 13:07:22,684 - INFO - util_fusion - fusion_dual_defense - client 4 selected fusion benigns: [0, 3, 4, 7]
2025-05-12 13:07:22,692 - DEBUG - util_fusion - fusion_dual_defense - client 5 scores: {0: array([780.0276844]), 1: array([780.02175424]), 2: array([780.02084522]), 3: array([780.02693355]), 4: array([780.02757361]), 5: array([780.02552672]), 6: array([780.02452869]), 7: array([780.0299816]), 8: array([780.02545184]), 9: array([780.02527456])}
2025-05-12 13:07:22,693 - DEBUG - util_fusion - fusion_dual_defense - client 5 norm scores: {0: array([0.74856556]), 1: array([0.09949439]), 2: array([0.]), 3: array([0.66638368]), 4: array([0.73643977]), 5: array([0.5124025]), 6: array([0.40316566]), 7: array([1.]), 8: array([0.50420648]), 9: array([0.48480279])}
2025-05-12 13:07:22,693 - DEBUG - util_fusion - fusion_dual_defense - client 5 similarity threshold: 0.5155460833043076
2025-05-12 13:07:22,693 - INFO - util_fusion - fusion_dual_defense - client 5 selected fusion benigns: [0, 3, 4, 7]
2025-05-12 13:07:22,701 - DEBUG - util_fusion - fusion_dual_defense - client 6 scores: {0: array([780.0276844]), 1: array([780.02175424]), 2: array([780.02084522]), 3: array([780.02693355]), 4: array([780.02757361]), 5: array([780.02552672]), 6: array([780.02452869]), 7: array([780.0299816]), 8: array([780.02545184]), 9: array([780.02527456])}
2025-05-12 13:07:22,702 - DEBUG - util_fusion - fusion_dual_defense - client 6 norm scores: {0: array([0.74856556]), 1: array([0.09949439]), 2: array([0.]), 3: array([0.66638368]), 4: array([0.73643977]), 5: array([0.5124025]), 6: array([0.40316566]), 7: array([1.]), 8: array([0.50420648]), 9: array([0.48480279])}
2025-05-12 13:07:22,702 - DEBUG - util_fusion - fusion_dual_defense - client 6 similarity threshold: 0.5155460833043076
2025-05-12 13:07:22,702 - INFO - util_fusion - fusion_dual_defense - client 6 selected fusion benigns: [0, 3, 4, 7]
2025-05-12 13:07:22,710 - DEBUG - util_fusion - fusion_dual_defense - client 7 scores: {0: array([780.0276844]), 1: array([780.02175424]), 2: array([780.02084522]), 3: array([780.02693355]), 4: array([780.02757361]), 5: array([780.02552672]), 6: array([780.02452869]), 7: array([780.0299816]), 8: array([780.02545184]), 9: array([780.02527456])}
2025-05-12 13:07:22,711 - DEBUG - util_fusion - fusion_dual_defense - client 7 norm scores: {0: array([0.74856556]), 1: array([0.09949439]), 2: array([0.]), 3: array([0.66638368]), 4: array([0.73643977]), 5: array([0.5124025]), 6: array([0.40316566]), 7: array([1.]), 8: array([0.50420648]), 9: array([0.48480279])}
2025-05-12 13:07:22,711 - DEBUG - util_fusion - fusion_dual_defense - client 7 similarity threshold: 0.5155460833043076
2025-05-12 13:07:22,711 - INFO - util_fusion - fusion_dual_defense - client 7 selected fusion benigns: [0, 3, 4, 7]
2025-05-12 13:07:22,719 - DEBUG - util_fusion - fusion_dual_defense - client 8 scores: {0: array([780.0276844]), 1: array([780.02175424]), 2: array([780.02084522]), 3: array([780.02693355]), 4: array([780.02757361]), 5: array([780.02552672]), 6: array([780.02452869]), 7: array([780.0299816]), 8: array([780.02545184]), 9: array([780.02527456])}
2025-05-12 13:07:22,720 - DEBUG - util_fusion - fusion_dual_defense - client 8 norm scores: {0: array([0.74856556]), 1: array([0.09949439]), 2: array([0.]), 3: array([0.66638368]), 4: array([0.73643977]), 5: array([0.5124025]), 6: array([0.40316566]), 7: array([1.]), 8: array([0.50420648]), 9: array([0.48480279])}
2025-05-12 13:07:22,720 - DEBUG - util_fusion - fusion_dual_defense - client 8 similarity threshold: 0.5155460833043076
2025-05-12 13:07:22,720 - INFO - util_fusion - fusion_dual_defense - client 8 selected fusion benigns: [0, 3, 4, 7]
2025-05-12 13:07:22,728 - DEBUG - util_fusion - fusion_dual_defense - client 9 scores: {0: array([780.0276844]), 1: array([780.02175424]), 2: array([780.02084522]), 3: array([780.02693355]), 4: array([780.02757361]), 5: array([780.02552672]), 6: array([780.02452869]), 7: array([780.0299816]), 8: array([780.02545184]), 9: array([780.02527456])}
2025-05-12 13:07:22,729 - DEBUG - util_fusion - fusion_dual_defense - client 9 norm scores: {0: array([0.74856556]), 1: array([0.09949439]), 2: array([0.]), 3: array([0.66638368]), 4: array([0.73643977]), 5: array([0.5124025]), 6: array([0.40316566]), 7: array([1.]), 8: array([0.50420648]), 9: array([0.48480279])}
2025-05-12 13:07:22,729 - DEBUG - util_fusion - fusion_dual_defense - client 9 similarity threshold: 0.5155460833043076
2025-05-12 13:07:22,729 - INFO - util_fusion - fusion_dual_defense - client 9 selected fusion benigns: [0, 3, 4, 7]
2025-05-12 13:07:22,729 - DEBUG - util_fusion - fusion_dual_defense - final fusion benigns: (0, 3, 4, 7)
2025-05-12 13:07:24,377 - INFO - fl - start - global side -  test accuracy: 11.35
2025-05-12 13:07:24,377 - INFO - fl - start - global side iteration 28 -  test accuracy: 11.35
2025-05-12 13:07:24,377 - INFO - fl - start - start training round 29
2025-05-12 13:07:24,379 - INFO - fl - start - round 29 attackers: [3, 2]
2025-05-12 13:07:24,379 - INFO - fl - start - start client 0 training
2025-05-12 13:07:24,379 - INFO - fl - client_local_train - client 0 start local training ...
2025-05-12 13:07:30,906 - INFO - fl - start - end client 0 training
2025-05-12 13:07:30,906 - INFO - fl - start - client 0 evaluation metrics: {'train_loss': 2017296.202878937, 'test_acc': 9.58}
2025-05-12 13:07:30,906 - INFO - fl - start - start client 1 training
2025-05-12 13:07:30,906 - INFO - fl - client_local_train - client 1 start local training ...
2025-05-12 13:07:33,799 - INFO - fl - start - end client 1 training
2025-05-12 13:07:33,799 - INFO - fl - start - client 1 evaluation metrics: {'train_loss': 208441.33511513157, 'test_acc': 9.82}
2025-05-12 13:07:33,799 - INFO - fl - start - start client 2 training
2025-05-12 13:07:33,799 - INFO - fl - client_local_train - client 2 start local training ...
2025-05-12 13:07:34,570 - INFO - fl - client_local_train - client 2 is attacker, start poisoning model
2025-05-12 13:07:37,675 - INFO - fl - start - end client 2 training
2025-05-12 13:07:37,675 - INFO - fl - start - client 2 evaluation metrics: {'train_loss': 4756911.072916667, 'test_acc': 9.8}
2025-05-12 13:07:37,675 - INFO - fl - start - start client 3 training
2025-05-12 13:07:37,675 - INFO - fl - client_local_train - client 3 start local training ...
2025-05-12 13:07:41,377 - INFO - fl - client_local_train - client 3 is attacker, start poisoning model
2025-05-12 13:07:46,046 - INFO - fl - start - end client 3 training
2025-05-12 13:07:46,046 - INFO - fl - start - client 3 evaluation metrics: {'train_loss': 55388279.508771926, 'test_acc': 10.32}
2025-05-12 13:07:46,046 - INFO - fl - start - start client 4 training
2025-05-12 13:07:46,046 - INFO - fl - client_local_train - client 4 start local training ...
2025-05-12 13:07:52,450 - INFO - fl - start - end client 4 training
2025-05-12 13:07:52,450 - INFO - fl - start - client 4 evaluation metrics: {'train_loss': 559546.36104876, 'test_acc': 10.32}
2025-05-12 13:07:52,450 - INFO - fl - start - start client 5 training
2025-05-12 13:07:52,450 - INFO - fl - client_local_train - client 5 start local training ...
2025-05-12 13:07:57,562 - INFO - fl - start - end client 5 training
2025-05-12 13:07:57,563 - INFO - fl - start - client 5 evaluation metrics: {'train_loss': 11974466.695652174, 'test_acc': 9.58}
2025-05-12 13:07:57,563 - INFO - fl - start - start client 6 training
2025-05-12 13:07:57,563 - INFO - fl - client_local_train - client 6 start local training ...
2025-05-12 13:08:02,145 - INFO - fl - start - end client 6 training
2025-05-12 13:08:02,145 - INFO - fl - start - client 6 evaluation metrics: {'train_loss': 890100.4707278481, 'test_acc': 10.32}
2025-05-12 13:08:02,145 - INFO - fl - start - start client 7 training
2025-05-12 13:08:02,145 - INFO - fl - client_local_train - client 7 start local training ...
2025-05-12 13:08:10,109 - INFO - fl - start - end client 7 training
2025-05-12 13:08:10,109 - INFO - fl - start - client 7 evaluation metrics: {'train_loss': 108870.53948671329, 'test_acc': 11.35}
2025-05-12 13:08:10,109 - INFO - fl - start - start client 8 training
2025-05-12 13:08:10,109 - INFO - fl - client_local_train - client 8 start local training ...
2025-05-12 13:08:15,201 - INFO - fl - start - end client 8 training
2025-05-12 13:08:15,201 - INFO - fl - start - client 8 evaluation metrics: {'train_loss': 15173017.923913043, 'test_acc': 9.8}
2025-05-12 13:08:15,201 - INFO - fl - start - start client 9 training
2025-05-12 13:08:15,201 - INFO - fl - client_local_train - client 9 start local training ...
2025-05-12 13:08:20,177 - INFO - fl - start - end client 9 training
2025-05-12 13:08:20,177 - INFO - fl - start - client 9 evaluation metrics: {'train_loss': 67801.47124838695, 'test_acc': 9.8}
2025-05-12 13:08:20,177 - INFO - fl - aggregate_model - start model aggregation...fusion method: dual_defense
2025-05-12 13:08:20,177 - INFO - fl - aggregate_model - start hyper-guard fusion with epsilon 0.01
2025-05-12 13:08:20,177 - INFO - fl - aggregate_model - round 29 attackers: [2, 3]
2025-05-12 13:08:30,998 - DEBUG - util_fusion - fusion_dual_defense - client 0 scores: {0: array([55.43925374]), 1: array([55.43979459]), 2: array([55.43988219]), 3: array([55.43932764]), 4: array([55.43926945]), 5: array([55.43945065]), 6: array([55.43953264]), 7: array([55.43905985]), 8: array([55.43944788]), 9: array([55.43947009])}
2025-05-12 13:08:30,999 - DEBUG - util_fusion - fusion_dual_defense - client 0 norm scores: {0: array([0.23577552]), 1: array([0.89347515]), 2: array([1.]), 3: array([0.32564573]), 4: array([0.25488151]), 5: array([0.47522968]), 6: array([0.57492876]), 7: array([0.]), 8: array([0.47186161]), 9: array([0.49886297])}
2025-05-12 13:08:30,999 - DEBUG - util_fusion - fusion_dual_defense - client 0 similarity threshold: 0.4730660930030927
2025-05-12 13:08:30,999 - INFO - util_fusion - fusion_dual_defense - client 0 selected fusion benigns: [1, 2, 5, 6, 9]
2025-05-12 13:08:31,007 - DEBUG - util_fusion - fusion_dual_defense - client 1 scores: {0: array([55.43925374]), 1: array([55.43979459]), 2: array([55.43988219]), 3: array([55.43932764]), 4: array([55.43926945]), 5: array([55.43945065]), 6: array([55.43953264]), 7: array([55.43905985]), 8: array([55.43944788]), 9: array([55.43947009])}
2025-05-12 13:08:31,008 - DEBUG - util_fusion - fusion_dual_defense - client 1 norm scores: {0: array([0.23577552]), 1: array([0.89347515]), 2: array([1.]), 3: array([0.32564573]), 4: array([0.25488151]), 5: array([0.47522968]), 6: array([0.57492876]), 7: array([0.]), 8: array([0.47186161]), 9: array([0.49886297])}
2025-05-12 13:08:31,008 - DEBUG - util_fusion - fusion_dual_defense - client 1 similarity threshold: 0.4730660930030927
2025-05-12 13:08:31,008 - INFO - util_fusion - fusion_dual_defense - client 1 selected fusion benigns: [1, 2, 5, 6, 9]
2025-05-12 13:08:31,016 - DEBUG - util_fusion - fusion_dual_defense - client 2 scores: {0: array([55.43925374]), 1: array([55.43979459]), 2: array([55.43988219]), 3: array([55.43932764]), 4: array([55.43926945]), 5: array([55.43945065]), 6: array([55.43953264]), 7: array([55.43905985]), 8: array([55.43944788]), 9: array([55.43947009])}
2025-05-12 13:08:31,017 - DEBUG - util_fusion - fusion_dual_defense - client 2 norm scores: {0: array([0.23577552]), 1: array([0.89347515]), 2: array([1.]), 3: array([0.32564573]), 4: array([0.25488151]), 5: array([0.47522968]), 6: array([0.57492876]), 7: array([0.]), 8: array([0.47186161]), 9: array([0.49886297])}
2025-05-12 13:08:31,017 - DEBUG - util_fusion - fusion_dual_defense - client 2 similarity threshold: 0.4730660930030927
2025-05-12 13:08:31,017 - INFO - util_fusion - fusion_dual_defense - client 2 selected fusion benigns: [1, 2, 5, 6, 9]
2025-05-12 13:08:31,025 - DEBUG - util_fusion - fusion_dual_defense - client 3 scores: {0: array([55.43925374]), 1: array([55.43979459]), 2: array([55.43988219]), 3: array([55.43932764]), 4: array([55.43926945]), 5: array([55.43945065]), 6: array([55.43953264]), 7: array([55.43905985]), 8: array([55.43944788]), 9: array([55.43947009])}
2025-05-12 13:08:31,026 - DEBUG - util_fusion - fusion_dual_defense - client 3 norm scores: {0: array([0.23577552]), 1: array([0.89347515]), 2: array([1.]), 3: array([0.32564573]), 4: array([0.25488151]), 5: array([0.47522968]), 6: array([0.57492876]), 7: array([0.]), 8: array([0.47186161]), 9: array([0.49886297])}
2025-05-12 13:08:31,026 - DEBUG - util_fusion - fusion_dual_defense - client 3 similarity threshold: 0.4730660930030927
2025-05-12 13:08:31,026 - INFO - util_fusion - fusion_dual_defense - client 3 selected fusion benigns: [1, 2, 5, 6, 9]
2025-05-12 13:08:31,034 - DEBUG - util_fusion - fusion_dual_defense - client 4 scores: {0: array([55.43925374]), 1: array([55.43979459]), 2: array([55.43988219]), 3: array([55.43932764]), 4: array([55.43926945]), 5: array([55.43945065]), 6: array([55.43953264]), 7: array([55.43905985]), 8: array([55.43944788]), 9: array([55.43947009])}
2025-05-12 13:08:31,035 - DEBUG - util_fusion - fusion_dual_defense - client 4 norm scores: {0: array([0.23577552]), 1: array([0.89347515]), 2: array([1.]), 3: array([0.32564573]), 4: array([0.25488151]), 5: array([0.47522968]), 6: array([0.57492876]), 7: array([0.]), 8: array([0.47186161]), 9: array([0.49886297])}
2025-05-12 13:08:31,035 - DEBUG - util_fusion - fusion_dual_defense - client 4 similarity threshold: 0.4730660930030927
2025-05-12 13:08:31,035 - INFO - util_fusion - fusion_dual_defense - client 4 selected fusion benigns: [1, 2, 5, 6, 9]
2025-05-12 13:08:31,043 - DEBUG - util_fusion - fusion_dual_defense - client 5 scores: {0: array([55.43925374]), 1: array([55.43979459]), 2: array([55.43988219]), 3: array([55.43932764]), 4: array([55.43926945]), 5: array([55.43945065]), 6: array([55.43953264]), 7: array([55.43905985]), 8: array([55.43944788]), 9: array([55.43947009])}
2025-05-12 13:08:31,044 - DEBUG - util_fusion - fusion_dual_defense - client 5 norm scores: {0: array([0.23577552]), 1: array([0.89347515]), 2: array([1.]), 3: array([0.32564573]), 4: array([0.25488151]), 5: array([0.47522968]), 6: array([0.57492876]), 7: array([0.]), 8: array([0.47186161]), 9: array([0.49886297])}
2025-05-12 13:08:31,044 - DEBUG - util_fusion - fusion_dual_defense - client 5 similarity threshold: 0.4730660930030927
2025-05-12 13:08:31,044 - INFO - util_fusion - fusion_dual_defense - client 5 selected fusion benigns: [1, 2, 5, 6, 9]
2025-05-12 13:08:31,052 - DEBUG - util_fusion - fusion_dual_defense - client 6 scores: {0: array([55.43925374]), 1: array([55.43979459]), 2: array([55.43988219]), 3: array([55.43932764]), 4: array([55.43926945]), 5: array([55.43945065]), 6: array([55.43953264]), 7: array([55.43905985]), 8: array([55.43944788]), 9: array([55.43947009])}
2025-05-12 13:08:31,053 - DEBUG - util_fusion - fusion_dual_defense - client 6 norm scores: {0: array([0.23577552]), 1: array([0.89347515]), 2: array([1.]), 3: array([0.32564573]), 4: array([0.25488151]), 5: array([0.47522968]), 6: array([0.57492876]), 7: array([0.]), 8: array([0.47186161]), 9: array([0.49886297])}
2025-05-12 13:08:31,053 - DEBUG - util_fusion - fusion_dual_defense - client 6 similarity threshold: 0.4730660930030927
2025-05-12 13:08:31,053 - INFO - util_fusion - fusion_dual_defense - client 6 selected fusion benigns: [1, 2, 5, 6, 9]
2025-05-12 13:08:31,061 - DEBUG - util_fusion - fusion_dual_defense - client 7 scores: {0: array([55.43925374]), 1: array([55.43979459]), 2: array([55.43988219]), 3: array([55.43932764]), 4: array([55.43926945]), 5: array([55.43945065]), 6: array([55.43953264]), 7: array([55.43905985]), 8: array([55.43944788]), 9: array([55.43947009])}
2025-05-12 13:08:31,062 - DEBUG - util_fusion - fusion_dual_defense - client 7 norm scores: {0: array([0.23577552]), 1: array([0.89347515]), 2: array([1.]), 3: array([0.32564573]), 4: array([0.25488151]), 5: array([0.47522968]), 6: array([0.57492876]), 7: array([0.]), 8: array([0.47186161]), 9: array([0.49886297])}
2025-05-12 13:08:31,062 - DEBUG - util_fusion - fusion_dual_defense - client 7 similarity threshold: 0.4730660930030927
2025-05-12 13:08:31,062 - INFO - util_fusion - fusion_dual_defense - client 7 selected fusion benigns: [1, 2, 5, 6, 9]
2025-05-12 13:08:31,071 - DEBUG - util_fusion - fusion_dual_defense - client 8 scores: {0: array([55.43925374]), 1: array([55.43979459]), 2: array([55.43988219]), 3: array([55.43932764]), 4: array([55.43926945]), 5: array([55.43945065]), 6: array([55.43953264]), 7: array([55.43905985]), 8: array([55.43944788]), 9: array([55.43947009])}
2025-05-12 13:08:31,071 - DEBUG - util_fusion - fusion_dual_defense - client 8 norm scores: {0: array([0.23577552]), 1: array([0.89347515]), 2: array([1.]), 3: array([0.32564573]), 4: array([0.25488151]), 5: array([0.47522968]), 6: array([0.57492876]), 7: array([0.]), 8: array([0.47186161]), 9: array([0.49886297])}
2025-05-12 13:08:31,071 - DEBUG - util_fusion - fusion_dual_defense - client 8 similarity threshold: 0.4730660930030927
2025-05-12 13:08:31,071 - INFO - util_fusion - fusion_dual_defense - client 8 selected fusion benigns: [1, 2, 5, 6, 9]
2025-05-12 13:08:31,080 - DEBUG - util_fusion - fusion_dual_defense - client 9 scores: {0: array([55.43925374]), 1: array([55.43979459]), 2: array([55.43988219]), 3: array([55.43932764]), 4: array([55.43926945]), 5: array([55.43945065]), 6: array([55.43953264]), 7: array([55.43905985]), 8: array([55.43944788]), 9: array([55.43947009])}
2025-05-12 13:08:31,080 - DEBUG - util_fusion - fusion_dual_defense - client 9 norm scores: {0: array([0.23577552]), 1: array([0.89347515]), 2: array([1.]), 3: array([0.32564573]), 4: array([0.25488151]), 5: array([0.47522968]), 6: array([0.57492876]), 7: array([0.]), 8: array([0.47186161]), 9: array([0.49886297])}
2025-05-12 13:08:31,080 - DEBUG - util_fusion - fusion_dual_defense - client 9 similarity threshold: 0.4730660930030927
2025-05-12 13:08:31,080 - INFO - util_fusion - fusion_dual_defense - client 9 selected fusion benigns: [1, 2, 5, 6, 9]
2025-05-12 13:08:31,080 - DEBUG - util_fusion - fusion_dual_defense - final fusion benigns: (1, 2, 5, 6, 9)
2025-05-12 13:08:32,787 - INFO - fl - start - global side -  test accuracy: 9.8
2025-05-12 13:08:32,788 - INFO - fl - start - global side iteration 29 -  test accuracy: 9.8
2025-05-12 13:08:32,788 - INFO - fl - start - end the FL simulation
2025-05-12 13:08:32,788 - INFO - fl - start - summarization - simulation metrics: {0: {'time': 64.58960609300266, 'parties': {0: {'train_loss': 0.06670962594537519, 'test_acc': 58.36}, 1: {'train_loss': 0.12748729810118675, 'test_acc': 41.86}, 2: {'train_loss': 0.5413462817668915, 'test_acc': 47.86}, 3: {'train_loss': 0.11555921126222402, 'test_acc': 67.49}, 4: {'train_loss': 0.07392216750210331, 'test_acc': 70.58}, 5: {'train_loss': 0.10604101917503969, 'test_acc': 52.02}, 6: {'train_loss': 0.10145903246689446, 'test_acc': 28.88}, 7: {'train_loss': 0.06222052770082532, 'test_acc': 61.83}, 8: {'train_loss': 0.11379065765472858, 'test_acc': 61.7}, 9: {'train_loss': 0.04321560895677363, 'test_acc': 41.16}}, 'server': {'test_acc': 41.18}}, 1: {'time': 133.29638114599948, 'parties': {0: {'train_loss': 0.04330130902441644, 'test_acc': 60.1}, 1: {'train_loss': 0.05971536835606553, 'test_acc': 44.35}, 2: {'train_loss': 0.1437004511244595, 'test_acc': 76.35}, 3: {'train_loss': 0.07346334398658783, 'test_acc': 78.35}, 4: {'train_loss': 137.15484797570014, 'test_acc': 72.39}, 5: {'train_loss': 0.07904769632074496, 'test_acc': 55.36}, 6: {'train_loss': 0.04756272446859298, 'test_acc': 52.01}, 7: {'train_loss': 0.04044305416827686, 'test_acc': 70.57}, 8: {'train_loss': 0.10140822528173095, 'test_acc': 70.5}, 9: {'train_loss': 41.934347431311444, 'test_acc': 46.86}}, 'server': {'test_acc': 51.9}}, 2: {'time': 202.28570977799973, 'parties': {0: {'train_loss': 30.59511219234917, 'test_acc': 9.74}, 1: {'train_loss': 0.10615678254122797, 'test_acc': 43.53}, 2: {'train_loss': 1.3971109290917714, 'test_acc': 17.32}, 3: {'train_loss': 1.3834520902550012, 'test_acc': 10.1}, 4: {'train_loss': 0.1750652142049324, 'test_acc': 52.71}, 5: {'train_loss': 1.4353425891503044, 'test_acc': 9.58}, 6: {'train_loss': 0.24082142939861817, 'test_acc': 24.05}, 7: {'train_loss': 0.09862578837837306, 'test_acc': 58.87}, 8: {'train_loss': 45.44942758394324, 'test_acc': 10.09}, 9: {'train_loss': 0.035992015653349564, 'test_acc': 41.1}}, 'server': {'test_acc': 25.47}}, 3: {'time': 271.3310941150048, 'parties': {0: {'train_loss': 221.0719878129133, 'test_acc': 56.53}, 1: {'train_loss': 0.15476084799554787, 'test_acc': 36.83}, 2: {'train_loss': 0.37663007403413457, 'test_acc': 59.91}, 3: {'train_loss': 0.19929338297234817, 'test_acc': 61.67}, 4: {'train_loss': 0.14538788419937895, 'test_acc': 61.52}, 5: {'train_loss': 0.16894135818533276, 'test_acc': 51.53}, 6: {'train_loss': 0.07074235593074862, 'test_acc': 37.9}, 7: {'train_loss': 0.11034288889040118, 'test_acc': 58.23}, 8: {'train_loss': 0.21994833842567776, 'test_acc': 58.7}, 9: {'train_loss': 140.5692427131567, 'test_acc': 38.02}}, 'server': {'test_acc': 47.7}}, 4: {'time': 339.6604377240001, 'parties': {0: {'train_loss': 1.2553903878204467, 'test_acc': 9.74}, 1: {'train_loss': 1.335050055855199, 'test_acc': 9.45}, 2: {'train_loss': 38.864457527796425, 'test_acc': 9.79}, 3: {'train_loss': 1.4211100977763795, 'test_acc': 10.1}, 4: {'train_loss': 1.5762022426051479, 'test_acc': 10.32}, 5: {'train_loss': 32.830609902091645, 'test_acc': 9.58}, 6: {'train_loss': 0.5568421935733361, 'test_acc': 10.28}, 7: {'train_loss': 1.4815788394916132, 'test_acc': 11.35}, 8: {'train_loss': 1.603242226268934, 'test_acc': 10.09}, 9: {'train_loss': 0.26069337355621747, 'test_acc': 29.3}}, 'server': {'test_acc': 9.8}}, 5: {'time': 407.9087401479992, 'parties': {0: {'train_loss': 1.251686729314759, 'test_acc': 9.74}, 1: {'train_loss': 1.4664338764391447, 'test_acc': 8.92}, 2: {'train_loss': 33.51135023434957, 'test_acc': 9.79}, 3: {'train_loss': 1.3889358284180624, 'test_acc': 10.1}, 4: {'train_loss': 1.5674808265701416, 'test_acc': 10.32}, 5: {'train_loss': 34.16353190463522, 'test_acc': 9.58}, 6: {'train_loss': 0.564675049314016, 'test_acc': 10.28}, 7: {'train_loss': 1.4785734629779128, 'test_acc': 11.35}, 8: {'train_loss': 1.6108230132123698, 'test_acc': 10.09}, 9: {'train_loss': 1.204265235515123, 'test_acc': 9.82}}, 'server': {'test_acc': 9.82}}, 6: {'time': 477.6144742910037, 'parties': {0: {'train_loss': 1.2580164276708767, 'test_acc': 9.74}, 1: {'train_loss': 1.5216551705410606, 'test_acc': 8.92}, 2: {'train_loss': 1.6306003232796986, 'test_acc': 9.8}, 3: {'train_loss': 1.3912519028312282, 'test_acc': 10.1}, 4: {'train_loss': 1.566281145618808, 'test_acc': 10.32}, 5: {'train_loss': 21.83546075095301, 'test_acc': 9.58}, 6: {'train_loss': 0.5600913144365142, 'test_acc': 10.28}, 7: {'train_loss': 12.872629473668448, 'test_acc': 11.35}, 8: {'train_loss': 1.6083601557690164, 'test_acc': 10.09}, 9: {'train_loss': 1.2320092487870977, 'test_acc': 9.82}}, 'server': {'test_acc': 11.35}}, 7: {'time': 547.4933678610032, 'parties': {0: {'train_loss': 17.42790085499681, 'test_acc': 9.58}, 1: {'train_loss': 2.3493072327814604, 'test_acc': 8.92}, 2: {'train_loss': 2.4296330312887826, 'test_acc': 9.8}, 3: {'train_loss': 1.7842989218862433, 'test_acc': 10.1}, 4: {'train_loss': 1.8652320725302542, 'test_acc': 10.32}, 5: {'train_loss': 1.852636606796928, 'test_acc': 9.58}, 6: {'train_loss': 0.6904940925821473, 'test_acc': 10.28}, 7: {'train_loss': 5.985847596055972, 'test_acc': 11.35}, 8: {'train_loss': 1.86967097417168, 'test_acc': 10.09}, 9: {'train_loss': 1.2256348052721344, 'test_acc': 9.82}}, 'server': {'test_acc': 9.74}}, 8: {'time': 616.9311862870018, 'parties': {0: {'train_loss': 7.551306649455874, 'test_acc': 9.74}, 1: {'train_loss': 1.7885535453495227, 'test_acc': 8.92}, 2: {'train_loss': 1.9875662724177043, 'test_acc': 9.8}, 3: {'train_loss': 1.8571305808268095, 'test_acc': 10.1}, 4: {'train_loss': 1.6656492852395581, 'test_acc': 10.32}, 5: {'train_loss': 4.449812834677489, 'test_acc': 9.58}, 6: {'train_loss': 0.7115832665298558, 'test_acc': 10.28}, 7: {'train_loss': 1.5014792251290743, 'test_acc': 11.35}, 8: {'train_loss': 1.69963485132093, 'test_acc': 10.09}, 9: {'train_loss': 1.2673977667026306, 'test_acc': 9.82}}, 'server': {'test_acc': 9.82}}, 9: {'time': 685.1843862080059, 'parties': {0: {'train_loss': 1.4308489354576652, 'test_acc': 9.74}, 1: {'train_loss': 1.5437609804304022, 'test_acc': 8.92}, 2: {'train_loss': 8.671964148680368, 'test_acc': 9.8}, 3: {'train_loss': 1.5539506997978478, 'test_acc': 10.1}, 4: {'train_loss': 1.6143606420486205, 'test_acc': 10.32}, 5: {'train_loss': 1.4934242613937543, 'test_acc': 9.58}, 6: {'train_loss': 3.8667515297479267, 'test_acc': 10.28}, 7: {'train_loss': 1.4814196891666198, 'test_acc': 11.35}, 8: {'train_loss': 1.646828239378722, 'test_acc': 10.09}, 9: {'train_loss': 1.2483839198444666, 'test_acc': 9.82}}, 'server': {'test_acc': 10.28}}, 10: {'time': 754.2331688289996, 'parties': {0: {'train_loss': 1.7816691248435674, 'test_acc': 9.74}, 1: {'train_loss': 1.6467463123170953, 'test_acc': 8.92}, 2: {'train_loss': 2.3590859721104303, 'test_acc': 9.8}, 3: {'train_loss': 2.0891356593684147, 'test_acc': 10.1}, 4: {'train_loss': 1.7155985389986346, 'test_acc': 10.32}, 5: {'train_loss': 2.0474524394325586, 'test_acc': 9.58}, 6: {'train_loss': 0.7391442762145514, 'test_acc': 10.28}, 7: {'train_loss': 1.4871161006252218, 'test_acc': 11.35}, 8: {'train_loss': 2.2861718354017837, 'test_acc': 10.09}, 9: {'train_loss': 2.935230682405193, 'test_acc': 9.82}}, 'server': {'test_acc': 10.32}}, 11: {'time': 823.4059332230026, 'parties': {0: {'train_loss': 1.64867407834436, 'test_acc': 9.74}, 1: {'train_loss': 1.5872430989616795, 'test_acc': 8.92}, 2: {'train_loss': 1.8797460496425629, 'test_acc': 9.8}, 3: {'train_loss': 11.212315914923686, 'test_acc': 10.1}, 4: {'train_loss': 1.6714945772001821, 'test_acc': 10.32}, 5: {'train_loss': 5.223732487015102, 'test_acc': 9.58}, 6: {'train_loss': 0.7102688252925873, 'test_acc': 10.28}, 7: {'train_loss': 1.4881194348661055, 'test_acc': 11.35}, 8: {'train_loss': 1.6961914495281551, 'test_acc': 10.09}, 9: {'train_loss': 1.2684049097339758, 'test_acc': 9.82}}, 'server': {'test_acc': 10.32}}, 12: {'time': 892.6739817280031, 'parties': {0: {'train_loss': 1.6666567297432366, 'test_acc': 9.74}, 1: {'train_loss': 1.5878841720129315, 'test_acc': 8.92}, 2: {'train_loss': 1.8120880921681721, 'test_acc': 9.8}, 3: {'train_loss': 1.9725579807632847, 'test_acc': 10.1}, 4: {'train_loss': 5.879836092072148, 'test_acc': 10.32}, 5: {'train_loss': 5.882447346397068, 'test_acc': 9.58}, 6: {'train_loss': 0.7363266880753674, 'test_acc': 10.28}, 7: {'train_loss': 1.4951058781665305, 'test_acc': 11.35}, 8: {'train_loss': 1.7117481698160586, 'test_acc': 10.09}, 9: {'train_loss': 1.2596599051121915, 'test_acc': 9.82}}, 'server': {'test_acc': 10.32}}, 13: {'time': 962.6036914310025, 'parties': {0: {'train_loss': 2.024201162218109, 'test_acc': 9.74}, 1: {'train_loss': 1.720326796958321, 'test_acc': 8.92}, 2: {'train_loss': 2.2873689581950507, 'test_acc': 9.8}, 3: {'train_loss': 16.650216922425386, 'test_acc': 10.1}, 4: {'train_loss': 1.763850123651566, 'test_acc': 10.32}, 5: {'train_loss': 3.571525643701139, 'test_acc': 9.58}, 6: {'train_loss': 0.8234574632554115, 'test_acc': 10.28}, 7: {'train_loss': 6.573272247492157, 'test_acc': 11.35}, 8: {'train_loss': 3.2288029453028804, 'test_acc': 10.1}, 9: {'train_loss': 1.287818169325925, 'test_acc': 9.82}}, 'server': {'test_acc': 11.35}}, 14: {'time': 1032.3664202490036, 'parties': {0: {'train_loss': 33.411499040333304, 'test_acc': 9.74}, 1: {'train_loss': 2.323756578721498, 'test_acc': 9.82}, 2: {'train_loss': 3.546254873275757, 'test_acc': 9.8}, 3: {'train_loss': 7.520446856816609, 'test_acc': 10.1}, 4: {'train_loss': 13.687331157345925, 'test_acc': 10.32}, 5: {'train_loss': 20.85177697306094, 'test_acc': 9.58}, 6: {'train_loss': 1.563112939460368, 'test_acc': 10.28}, 7: {'train_loss': 1.6323609974073328, 'test_acc': 11.35}, 8: {'train_loss': 24.03090176375016, 'test_acc': 9.8}, 9: {'train_loss': 1.3745451870928989, 'test_acc': 9.82}}, 'server': {'test_acc': 10.32}}, 15: {'time': 1100.8917349420008, 'parties': {0: {'train_loss': 13.592424341074125, 'test_acc': 9.74}, 1: {'train_loss': 3.398977411420722, 'test_acc': 8.92}, 2: {'train_loss': 6.2757846514383955, 'test_acc': 9.8}, 3: {'train_loss': 35.88043713151363, 'test_acc': 10.32}, 4: {'train_loss': 5.089646119263865, 'test_acc': 10.32}, 5: {'train_loss': 588.6505266272503, 'test_acc': 9.58}, 6: {'train_loss': 3.823473864341084, 'test_acc': 10.28}, 7: {'train_loss': 2.1835726003469147, 'test_acc': 11.35}, 8: {'train_loss': 92.84682174350904, 'test_acc': 9.8}, 9: {'train_loss': 6.170608353079035, 'test_acc': 9.82}}, 'server': {'test_acc': 10.32}}, 16: {'time': 1169.7066233020014, 'parties': {0: {'train_loss': 13.420668062262648, 'test_acc': 9.74}, 1: {'train_loss': 2.7968986724552356, 'test_acc': 8.92}, 2: {'train_loss': 5.450857351223628, 'test_acc': 9.8}, 3: {'train_loss': 32.331322477574936, 'test_acc': 10.32}, 4: {'train_loss': 32.636039153222114, 'test_acc': 10.32}, 5: {'train_loss': 73.3584564457769, 'test_acc': 9.58}, 6: {'train_loss': 3.763677077580102, 'test_acc': 10.28}, 7: {'train_loss': 2.0395310547040855, 'test_acc': 11.35}, 8: {'train_loss': 90.37699019390604, 'test_acc': 9.74}, 9: {'train_loss': 5.698393082350828, 'test_acc': 9.82}}, 'server': {'test_acc': 10.32}}, 17: {'time': 1237.8830555630047, 'parties': {0: {'train_loss': 33.528311551086546, 'test_acc': 9.74}, 1: {'train_loss': 34.285364753321595, 'test_acc': 8.92}, 2: {'train_loss': 11.97867121299108, 'test_acc': 10.32}, 3: {'train_loss': 103.00979446946529, 'test_acc': 10.32}, 4: {'train_loss': 10.861699790723863, 'test_acc': 10.32}, 5: {'train_loss': 196.4748712622601, 'test_acc': 9.58}, 6: {'train_loss': 8.974772843379009, 'test_acc': 10.28}, 7: {'train_loss': 3.1956030374728375, 'test_acc': 11.35}, 8: {'train_loss': 246.25315923276156, 'test_acc': 9.74}, 9: {'train_loss': 11.263879159863075, 'test_acc': 9.82}}, 'server': {'test_acc': 9.82}}, 18: {'time': 1306.0725215710045, 'parties': {0: {'train_loss': 122.6805486237909, 'test_acc': 9.74}, 1: {'train_loss': 119.74742899442974, 'test_acc': 8.92}, 2: {'train_loss': 40.02895454565684, 'test_acc': 9.8}, 3: {'train_loss': 420.66914836147373, 'test_acc': 10.32}, 4: {'train_loss': 36.289623946912826, 'test_acc': 10.32}, 5: {'train_loss': 5937.854951278023, 'test_acc': 9.58}, 6: {'train_loss': 43.20800394951543, 'test_acc': 9.82}, 7: {'train_loss': 8.354944361663012, 'test_acc': 11.35}, 8: {'train_loss': 940.6555142609969, 'test_acc': 9.8}, 9: {'train_loss': 5.442910053756799, 'test_acc': 9.82}}, 'server': {'test_acc': 8.92}}, 19: {'time': 1374.5394919530008, 'parties': {0: {'train_loss': 396.0152024171484, 'test_acc': 9.58}, 1: {'train_loss': 43.357021507463955, 'test_acc': 8.92}, 2: {'train_loss': 121.16561007499695, 'test_acc': 9.8}, 3: {'train_loss': 1364.179553650973, 'test_acc': 9.8}, 4: {'train_loss': 111.76148551990909, 'test_acc': 10.32}, 5: {'train_loss': 2371.7635750148606, 'test_acc': 9.58}, 6: {'train_loss': 167.11047585402864, 'test_acc': 9.82}, 7: {'train_loss': 23.25268981249436, 'test_acc': 11.35}, 8: {'train_loss': 24018.69340183424, 'test_acc': 9.8}, 9: {'train_loss': 110.39133418142126, 'test_acc': 9.82}}, 'server': {'test_acc': 10.32}}, 20: {'time': 1443.733808334, 'parties': {0: {'train_loss': 392.08615013182634, 'test_acc': 9.58}, 1: {'train_loss': 45.243365363070836, 'test_acc': 8.92}, 2: {'train_loss': 119.86501280466716, 'test_acc': 9.8}, 3: {'train_loss': 1359.0574094538104, 'test_acc': 9.8}, 4: {'train_loss': 111.57826578905505, 'test_acc': 10.32}, 5: {'train_loss': 18921.627664317257, 'test_acc': 9.58}, 6: {'train_loss': 164.21438453770892, 'test_acc': 9.82}, 7: {'train_loss': 179.02810819993107, 'test_acc': 11.35}, 8: {'train_loss': 2998.0704929517665, 'test_acc': 9.8}, 9: {'train_loss': 14.633475019690696, 'test_acc': 9.82}}, 'server': {'test_acc': 11.35}}, 21: {'time': 1512.360160234006, 'parties': {0: {'train_loss': 1249.8467194264329, 'test_acc': 9.58}, 1: {'train_loss': 129.7446783969277, 'test_acc': 9.82}, 2: {'train_loss': 373.8350084622701, 'test_acc': 9.8}, 3: {'train_loss': 4296.726879454495, 'test_acc': 10.32}, 4: {'train_loss': 347.36380122842326, 'test_acc': 10.32}, 5: {'train_loss': 7438.443558402683, 'test_acc': 9.58}, 6: {'train_loss': 4336.212856630736, 'test_acc': 9.82}, 7: {'train_loss': 69.25404610322869, 'test_acc': 11.35}, 8: {'train_loss': 9434.915872325068, 'test_acc': 9.8}, 9: {'train_loss': 339.55577311221134, 'test_acc': 9.82}}, 'server': {'test_acc': 9.82}}, 22: {'time': 1580.834595239001, 'parties': {0: {'train_loss': 38605.54514775314, 'test_acc': 9.58}, 1: {'train_loss': 3907.1935103567025, 'test_acc': 8.92}, 2: {'train_loss': 1426.0675144195557, 'test_acc': 9.8}, 3: {'train_loss': 16543.276504248905, 'test_acc': 10.32}, 4: {'train_loss': 1339.4370337503572, 'test_acc': 10.32}, 5: {'train_loss': 28566.880052649456, 'test_acc': 9.58}, 6: {'train_loss': 2108.1073229825947, 'test_acc': 9.82}, 7: {'train_loss': 260.6732114442387, 'test_acc': 11.35}, 8: {'train_loss': 36280.54059103261, 'test_acc': 9.8}, 9: {'train_loss': 163.3441534859411, 'test_acc': 9.82}}, 'server': {'test_acc': 10.32}}, 23: {'time': 1648.8785023849996, 'parties': {0: {'train_loss': 12983.036126805102, 'test_acc': 9.58}, 1: {'train_loss': 1347.710767244038, 'test_acc': 8.92}, 2: {'train_loss': 30627.499877929688, 'test_acc': 9.8}, 3: {'train_loss': 44541.17326274671, 'test_acc': 10.32}, 4: {'train_loss': 3600.2761000529413, 'test_acc': 10.32}, 5: {'train_loss': 76991.73259171196, 'test_acc': 9.58}, 6: {'train_loss': 5691.100264537184, 'test_acc': 9.82}, 7: {'train_loss': 698.5177570255647, 'test_acc': 11.35}, 8: {'train_loss': 781031.8817934783, 'test_acc': 9.8}, 9: {'train_loss': 436.88142087084526, 'test_acc': 9.82}}, 'server': {'test_acc': 11.35}}, 24: {'time': 1717.177936359003, 'parties': {0: {'train_loss': 103802.98438268946, 'test_acc': 9.58}, 1: {'train_loss': 1306.003970497533, 'test_acc': 8.92}, 2: {'train_loss': 30621.555257161457, 'test_acc': 9.8}, 3: {'train_loss': 44527.40140145285, 'test_acc': 9.8}, 4: {'train_loss': 3574.8077493156156, 'test_acc': 10.32}, 5: {'train_loss': 76956.96552309782, 'test_acc': 9.58}, 6: {'train_loss': 5711.505055874209, 'test_acc': 9.82}, 7: {'train_loss': 698.0179519623703, 'test_acc': 11.35}, 8: {'train_loss': 97603.10733695653, 'test_acc': 9.8}, 9: {'train_loss': 437.73383182086303, 'test_acc': 9.82}}, 'server': {'test_acc': 9.58}}, 25: {'time': 1785.9447670760055, 'parties': {0: {'train_loss': 34928.90746974194, 'test_acc': 9.58}, 1: {'train_loss': 28843.689273231907, 'test_acc': 8.92}, 2: {'train_loss': 10288.386312484741, 'test_acc': 9.8}, 3: {'train_loss': 119840.0938870614, 'test_acc': 10.32}, 4: {'train_loss': 9615.689723319585, 'test_acc': 10.32}, 5: {'train_loss': 207167.50042459238, 'test_acc': 9.58}, 6: {'train_loss': 15329.031429242485, 'test_acc': 9.82}, 7: {'train_loss': 15075.227026136765, 'test_acc': 11.35}, 8: {'train_loss': 262574.8802649457, 'test_acc': 9.8}, 9: {'train_loss': 1172.8004619057258, 'test_acc': 9.82}}, 'server': {'test_acc': 11.35}}, 26: {'time': 1855.2580709350004, 'parties': {0: {'train_loss': 90354.07814806841, 'test_acc': 9.58}, 1: {'train_loss': 9081.962129291735, 'test_acc': 8.92}, 2: {'train_loss': 26680.526407877605, 'test_acc': 9.8}, 3: {'train_loss': 309944.3159265351, 'test_acc': 10.32}, 4: {'train_loss': 24881.28321260983, 'test_acc': 10.32}, 5: {'train_loss': 534983.6334918478, 'test_acc': 9.58}, 6: {'train_loss': 40010.47432505934, 'test_acc': 9.82}, 7: {'train_loss': 38812.87708112468, 'test_acc': 11.35}, 8: {'train_loss': 5435721.918478261, 'test_acc': 9.8}, 9: {'train_loss': 3033.1223884057463, 'test_acc': 9.8}}, 'server': {'test_acc': 11.35}}, 27: {'time': 1924.709785253006, 'parties': {0: {'train_loss': 283841.57630259596, 'test_acc': 9.8}, 1: {'train_loss': 28644.654296875, 'test_acc': 9.8}, 2: {'train_loss': 83796.99536132812, 'test_acc': 9.8}, 3: {'train_loss': 974697.1354166666, 'test_acc': 9.8}, 4: {'train_loss': 78195.02756742123, 'test_acc': 10.32}, 5: {'train_loss': 1682119.1970108696, 'test_acc': 10.32}, 6: {'train_loss': 125357.87297270569, 'test_acc': 9.82}, 7: {'train_loss': 121931.25916626735, 'test_acc': 11.35}, 8: {'train_loss': 17082283.173913043, 'test_acc': 9.8}, 9: {'train_loss': 9554.12356432636, 'test_acc': 9.8}}, 'server': {'test_acc': 11.35}}, 28: {'time': 1993.7886994180008, 'parties': {0: {'train_loss': 801997.7169352855, 'test_acc': 11.35}, 1: {'train_loss': 81053.29990748355, 'test_acc': 11.35}, 2: {'train_loss': 236561.96842447916, 'test_acc': 9.8}, 3: {'train_loss': 22022936.48245614, 'test_acc': 11.35}, 4: {'train_loss': 222327.07281396465, 'test_acc': 11.35}, 5: {'train_loss': 4755280.502717392, 'test_acc': 11.35}, 6: {'train_loss': 352534.1528876582, 'test_acc': 11.35}, 7: {'train_loss': 43054.23917962305, 'test_acc': 11.35}, 8: {'train_loss': 48237914.86956522, 'test_acc': 11.35}, 9: {'train_loss': 26916.024587722306, 'test_acc': 11.35}}, 'server': {'test_acc': 11.35}}, 29: {'time': 2062.1991086790003, 'parties': {0: {'train_loss': 2017296.202878937, 'test_acc': 9.58}, 1: {'train_loss': 208441.33511513157, 'test_acc': 9.82}, 2: {'train_loss': 4756911.072916667, 'test_acc': 9.8}, 3: {'train_loss': 55388279.508771926, 'test_acc': 10.32}, 4: {'train_loss': 559546.36104876, 'test_acc': 10.32}, 5: {'train_loss': 11974466.695652174, 'test_acc': 9.58}, 6: {'train_loss': 890100.4707278481, 'test_acc': 10.32}, 7: {'train_loss': 108870.53948671329, 'test_acc': 11.35}, 8: {'train_loss': 15173017.923913043, 'test_acc': 9.8}, 9: {'train_loss': 67801.47124838695, 'test_acc': 9.8}}, 'server': {'test_acc': 9.8}}}
