{"Agent0_Epoch1": 0.3003772497177124, "Agent1_Epoch1": 0.29418832063674927, "Agent2_Epoch1": 0.9932947158813477, "Agent0_Epoch2": 0.06439334154129028, "Agent1_Epoch2": 0.19380515813827515, "Agent2_Epoch2": 0.19608813524246216, "Agent0_Epoch3": 0.026051580905914307, "Agent1_Epoch3": 0.06311321258544922, "Agent2_Epoch3": 0.06536298990249634, "Agent0_Epoch4": 0.012951552867889404, "Agent1_Epoch4": 0.023629844188690186, "Agent2_Epoch4": 0.02441161870956421, "Agent0_Epoch5": 0.0075269341468811035, "Agent1_Epoch5": 0.01129084825515747, "Agent2_Epoch5": 0.012097775936126709, "Agent0_Epoch6": 0.004894435405731201, "Agent1_Epoch6": 0.006439089775085449, "Agent2_Epoch6": 0.0070479512214660645, "Agent0_Epoch7": 0.00355374813079834, "Agent1_Epoch7": 0.004289984703063965, "Agent2_Epoch7": 0.004465758800506592, "Agent0_Epoch8": 0.0028429031372070312, "Agent1_Epoch8": 0.003243386745452881, "Agent2_Epoch8": 0.0032237768173217773, "Agent0_Epoch9": 0.002338707447052002, "Agent1_Epoch9": 0.0025699734687805176, "Agent2_Epoch9": 0.0026165246963500977, "Agent0_Epoch10": 0.002011239528656006, "Agent1_Epoch10": 0.002155303955078125, "Agent2_Epoch10": 0.0021023154258728027, "Agent0_Epoch11": 0.0016949176788330078, "Agent1_Epoch11": 0.0017856359481811523, "Agent2_Epoch11": 0.0018025636672973633, "Agent0_Epoch12": 0.0013692378997802734, "Agent1_Epoch12": 0.0014258027076721191, "Agent2_Epoch12": 0.001414179801940918, "Agent0_Epoch13": 0.001001119613647461, "Agent1_Epoch13": 0.0010336637496948242, "Agent2_Epoch13": 0.0010846257209777832, "Agent0_Epoch14": 0.0007129311561584473, "Agent1_Epoch14": 0.0007314682006835938, "Agent2_Epoch14": 0.0007337331771850586, "Agent0_Epoch15": 0.00047409534454345703, "Agent1_Epoch15": 0.0004839301109313965, "Agent2_Epoch15": 0.000486910343170166, "Agent0_Epoch16": 0.0003032088279724121, "Agent1_Epoch16": 0.00030809640884399414, "Agent2_Epoch16": 0.00030922889709472656, "Agent0_Epoch17": 0.00018930435180664062, "Agent1_Epoch17": 0.00019180774688720703, "Agent2_Epoch17": 0.00019091367721557617, "Agent0_Epoch18": 0.00011408329010009766, "Agent1_Epoch18": 0.00011521577835083008, "Agent2_Epoch18": 0.00011914968490600586, "Agent0_Epoch19": 6.830692291259766e-05, "Agent1_Epoch19": 6.878376007080078e-05, "Agent2_Epoch19": 6.914138793945312e-05, "Agent0_Epoch20": 3.987550735473633e-05, "Agent1_Epoch20": 4.017353057861328e-05, "Agent2_Epoch20": 4.0650367736816406e-05, "Agent0_Epoch21": 2.3126602172851562e-05, "Agent1_Epoch21": 2.3126602172851562e-05, "Agent2_Epoch21": 2.3424625396728516e-05, "Agent0_Epoch22": 1.3172626495361328e-05, "Agent1_Epoch22": 1.3172626495361328e-05, "Agent2_Epoch22": 1.3172626495361328e-05, "Agent0_Epoch23": 7.3909759521484375e-06, "Agent1_Epoch23": 7.271766662597656e-06, "Agent2_Epoch23": 7.569789886474609e-06, "Agent0_Epoch24": 3.993511199951172e-06, "Agent1_Epoch24": 4.172325134277344e-06, "Agent2_Epoch24": 4.0531158447265625e-06, "Agent0_Epoch25": 2.205371856689453e-06, "Agent1_Epoch25": 2.2649765014648438e-06, "Agent2_Epoch25": 2.205371856689453e-06, "Agent0_Epoch26": 1.2516975402832031e-06, "Agent1_Epoch26": 1.1324882507324219e-06, "Agent2_Epoch26": 1.2516975402832031e-06, "Agent0_Epoch27": 6.556510925292969e-07, "Agent1_Epoch27": 4.76837158203125e-07, "Agent2_Epoch27": 6.556510925292969e-07, "Agent0_Epoch28": 4.76837158203125e-07, "Agent1_Epoch28": 3.5762786865234375e-07, "Agent2_Epoch28": 4.76837158203125e-07, "Agent0_Epoch29": 2.980232238769531e-07, "Agent1_Epoch29": 1.7881393432617188e-07, "Agent2_Epoch29": 1.7881393432617188e-07, "Agent0_Epoch30": 1.7881393432617188e-07, "Agent1_Epoch30": 1.7881393432617188e-07, "Agent2_Epoch30": 1.7881393432617188e-07, "Agent0_Epoch31": 1.1920928955078125e-07, "Agent1_Epoch31": 0.0, "Agent2_Epoch31": 1.1920928955078125e-07, "Agent0_Epoch32": 1.1920928955078125e-07, "Agent1_Epoch32": 0.0, "Agent2_Epoch32": -1.1920928955078125e-07, "Agent0_Epoch33": 1.1920928955078125e-07, "Agent1_Epoch33": 0.0, "Agent2_Epoch33": 0.0, "Agent0_Epoch34": 0.0, "Agent1_Epoch34": 0.0, "Agent2_Epoch34": 0.0, "Agent0_Epoch35": 1.7881393432617188e-07, "Agent1_Epoch35": 1.1920928955078125e-07, "Agent2_Epoch35": 1.1920928955078125e-07, "Agent0_Epoch36": 0.0, "Agent1_Epoch36": -1.1920928955078125e-07, "Agent2_Epoch36": -1.1920928955078125e-07, "Agent0_Epoch37": -1.1920928955078125e-07, "Agent1_Epoch37": 0.0, "Agent2_Epoch37": -1.1920928955078125e-07, "Agent0_Epoch38": 1.7881393432617188e-07, "Agent1_Epoch38": 0.0, "Agent2_Epoch38": -1.1920928955078125e-07, "Agent0_Epoch39": 0.0, "Agent1_Epoch39": -1.1920928955078125e-07, "Agent2_Epoch39": 1.1920928955078125e-07, "Agent0_Epoch40": 1.1920928955078125e-07, "Agent1_Epoch40": 1.1920928955078125e-07, "Agent2_Epoch40": 1.1920928955078125e-07, "Agent0_Epoch41": 0.0, "Agent1_Epoch41": -1.1920928955078125e-07, "Agent2_Epoch41": -1.1920928955078125e-07, "Agent0_Epoch42": 1.1920928955078125e-07, "Agent1_Epoch42": 0.0, "Agent2_Epoch42": 0.0, "Agent0_Epoch43": 0.0, "Agent1_Epoch43": -1.1920928955078125e-07, "Agent2_Epoch43": -1.1920928955078125e-07, "Agent0_Epoch44": 1.1920928955078125e-07, "Agent1_Epoch44": 0.0, "Agent2_Epoch44": 0.0, "Agent0_Epoch45": 1.1920928955078125e-07, "Agent1_Epoch45": 1.1920928955078125e-07, "Agent2_Epoch45": 1.1920928955078125e-07, "Agent0_Epoch46": 1.1920928955078125e-07, "Agent1_Epoch46": -1.1920928955078125e-07, "Agent2_Epoch46": -1.1920928955078125e-07, "Agent0_Epoch47": 1.1920928955078125e-07, "Agent1_Epoch47": 0.0, "Agent2_Epoch47": 0.0, "Agent0_Epoch48": 0.0, "Agent1_Epoch48": 0.0, "Agent2_Epoch48": -1.1920928955078125e-07, "Agent0_Epoch49": -1.1920928955078125e-07, "Agent1_Epoch49": 0.0, "Agent2_Epoch49": 0.0, "Agent0_Epoch50": -1.1920928955078125e-07, "Agent1_Epoch50": 0.0, "Agent2_Epoch50": 0.0}