{"E1_agent0_norm": 2.277559518814087, "E1_agent1_norm": 4.204501628875732, "E1_agent2_norm": 2.5214011669158936, "E2_agent0_norm": 3.5802125930786133, "E2_agent1_norm": 0.9518259167671204, "E2_agent2_norm": 3.663694143295288, "E3_agent0_norm": 0.6119346618652344, "E3_agent1_norm": 3.54272198677063, "E3_agent2_norm": 0.6973357796669006, "E4_agent0_norm": 3.569084644317627, "E4_agent1_norm": 0.5990809798240662, "E4_agent2_norm": 3.554997205734253, "E5_agent0_norm": 0.47688817977905273, "E5_agent1_norm": 0.47297510504722595, "E5_agent2_norm": 0.47293978929519653, "E6_agent0_norm": 3.5514283180236816, "E6_agent1_norm": 0.3567909896373749, "E6_agent2_norm": 3.5181093215942383, "E7_agent0_norm": 0.38976001739501953, "E7_agent1_norm": 3.4963696002960205, "E7_agent2_norm": 0.2846401333808899, "E8_agent0_norm": 0.36281755566596985, "E8_agent1_norm": 3.4896140098571777, "E8_agent2_norm": 0.23232464492321014, "E9_agent0_norm": 3.5472934246063232, "E9_agent1_norm": 0.2112095206975937, "E9_agent2_norm": 3.4937472343444824, "E10_agent0_norm": 0.3144948482513428, "E10_agent1_norm": 0.19559144973754883, "E10_agent2_norm": 3.492140769958496, "E11_agent0_norm": 0.28754091262817383, "E11_agent1_norm": 0.17110012471675873, "E11_agent2_norm": 0.16194474697113037, "E12_agent0_norm": 0.24302369356155396, "E12_agent1_norm": 0.13921749591827393, "E12_agent2_norm": 0.1323079764842987, "E13_agent0_norm": 0.19039250910282135, "E13_agent1_norm": 0.10826296359300613, "E13_agent2_norm": 0.10295139998197556, "E14_agent0_norm": 0.13425548374652863, "E14_agent1_norm": 0.07381341606378555, "E14_agent2_norm": 0.06986457854509354, "E15_agent0_norm": 0.10074252635240555, "E15_agent1_norm": 0.04857060685753822, "E15_agent2_norm": 0.05175785347819328, "E16_agent0_norm": 0.07195093482732773, "E16_agent1_norm": 0.05134260281920433, "E16_agent2_norm": 0.037482962012290955, "E17_agent0_norm": 0.052601709961891174, "E17_agent1_norm": 0.029259489849209785, "E17_agent2_norm": 0.02274237759411335, "E18_agent0_norm": 0.06229925528168678, "E18_agent1_norm": 0.024879654869437218, "E18_agent2_norm": 0.04699240252375603, "E19_agent0_norm": 0.03612486645579338, "E19_agent1_norm": 0.01136475708335638, "E19_agent2_norm": 0.02317955158650875, "E20_agent0_norm": 0.02348218485713005, "E20_agent1_norm": 0.007893646135926247, "E20_agent2_norm": 0.01360523421317339, "E21_agent0_norm": 0.05364277586340904, "E21_agent1_norm": 0.022464297711849213, "E21_agent2_norm": 0.012857005931437016, "E22_agent0_norm": 0.053025394678115845, "E22_agent1_norm": 0.022967075929045677, "E22_agent2_norm": 0.012950155884027481, "E23_agent0_norm": 0.0073323361575603485, "E23_agent1_norm": 0.013118013739585876, "E23_agent2_norm": 0.002712056739255786, "E24_agent0_norm": 0.015239703468978405, "E24_agent1_norm": 0.05092490464448929, "E24_agent2_norm": 0.0019385551568120718, "E25_agent0_norm": 0.052349381148815155, "E25_agent1_norm": 0.0013485002564266324, "E25_agent2_norm": 0.05132453143596649, "E26_agent0_norm": 0.024988818913698196, "E26_agent1_norm": 0.0009414920350536704, "E26_agent2_norm": 0.02429232932627201, "E27_agent0_norm": 0.014604803174734116, "E27_agent1_norm": 0.051780104637145996, "E27_agent2_norm": 0.014074934646487236, "E28_agent0_norm": 0.05226835235953331, "E28_agent1_norm": 0.024578671902418137, "E28_agent2_norm": 0.014195935800671577, "E29_agent0_norm": 0.05226307734847069, "E29_agent1_norm": 0.014294326305389404, "E29_agent2_norm": 0.052020490169525146, "E30_agent0_norm": 0.024901598691940308, "E30_agent1_norm": 0.014355534687638283, "E30_agent2_norm": 0.00022958079352974892, "E31_agent0_norm": 0.01452904473990202, "E31_agent1_norm": 0.05213664099574089, "E31_agent2_norm": 0.00016108261479530483, "E32_agent0_norm": 0.05225840583443642, "E32_agent1_norm": 0.024815892800688744, "E32_agent2_norm": 0.014442822895944118, "E33_agent0_norm": 0.00020879592921119183, "E33_agent1_norm": 0.014463766478002071, "E33_agent2_norm": 8.024146518437192e-05, "E34_agent0_norm": 0.0001502280792919919, "E34_agent1_norm": 0.014484346844255924, "E34_agent2_norm": 0.05221779644489288, "E35_agent0_norm": 0.024896446615457535, "E35_agent1_norm": 0.014494754374027252, "E35_agent2_norm": 3.9762478991178796e-05, "E36_agent0_norm": 0.052257850766181946, "E36_agent1_norm": 0.024876423180103302, "E36_agent2_norm": 0.014504424296319485, "E37_agent0_norm": 0.052257832139730453, "E37_agent1_norm": 0.014509744942188263, "E37_agent2_norm": 0.052243735641241074, "E38_agent0_norm": 0.014524416998028755, "E38_agent1_norm": 0.05224756523966789, "E38_agent2_norm": 1.3505858987628017e-05, "E39_agent0_norm": 0.05225782096385956, "E39_agent1_norm": 0.024888550862669945, "E39_agent2_norm": 9.600681551091839e-06, "E40_agent0_norm": 0.05225781723856926, "E40_agent1_norm": 0.024890782311558723, "E40_agent2_norm": 0.014518896117806435, "E41_agent0_norm": 0.05225781723856926, "E41_agent1_norm": 0.024891985580325127, "E41_agent2_norm": 0.014520412310957909, "E42_agent0_norm": 8.933569915825501e-06, "E42_agent1_norm": 0.014521538279950619, "E42_agent2_norm": 3.4172394407505635e-06, "E43_agent0_norm": 0.05225781723856926, "E43_agent1_norm": 0.02489369362592697, "E43_agent2_norm": 0.01452223863452673, "E44_agent0_norm": 0.05225781723856926, "E44_agent1_norm": 0.014522703364491463, "E44_agent2_norm": 0.05225665122270584, "E45_agent0_norm": 0.02489529363811016, "E45_agent1_norm": 0.014523089863359928, "E45_agent2_norm": 1.3963098126623663e-06, "E46_agent0_norm": 0.024936532601714134, "E46_agent1_norm": 0.024894725531339645, "E46_agent2_norm": 0.014523332938551903, "E47_agent0_norm": 0.049063943326473236, "E47_agent1_norm": 0.01452349778264761, "E47_agent2_norm": 0.0490635484457016, "E48_agent0_norm": 0.024936532601714134, "E48_agent1_norm": 0.04906369745731354, "E48_agent2_norm": 0.02493651770055294, "E49_agent0_norm": 0.049063943326473236, "E49_agent1_norm": 3.5044038781961717e-07, "E49_agent2_norm": 0.04906380549073219, "E50_agent0_norm": 0.02489529363811016, "E50_agent1_norm": 2.0607498640856647e-07, "E50_agent2_norm": 0.024895237758755684}