{"E1_agent0_norm": 5.231163501739502, "E1_agent1_norm": 2.4237184524536133, "E1_agent2_norm": 5.155759334564209, "E2_agent0_norm": 0.5166552066802979, "E2_agent1_norm": 4.660428047180176, "E2_agent2_norm": 1.074358344078064, "E3_agent0_norm": 0.6673554182052612, "E3_agent1_norm": 0.9311367273330688, "E3_agent2_norm": 0.701205313205719, "E4_agent0_norm": 0.8443391919136047, "E4_agent1_norm": 0.5876467823982239, "E4_agent2_norm": 0.8395451307296753, "E5_agent0_norm": 0.49746838212013245, "E5_agent1_norm": 4.527261734008789, "E5_agent2_norm": 0.7777789831161499, "E6_agent0_norm": 4.593621730804443, "E6_agent1_norm": 0.3960890769958496, "E6_agent2_norm": 0.7078469395637512, "E7_agent0_norm": 0.39257094264030457, "E7_agent1_norm": 0.6812103390693665, "E7_agent2_norm": 0.3210188150405884, "E8_agent0_norm": 4.589925765991211, "E8_agent1_norm": 0.2835063934326172, "E8_agent2_norm": 0.6614617109298706, "E9_agent0_norm": 4.58928918838501, "E9_agent1_norm": 0.26619258522987366, "E9_agent2_norm": 0.6452228426933289, "E10_agent0_norm": 0.37847545742988586, "E10_agent1_norm": 0.6371299028396606, "E10_agent2_norm": 0.15998901426792145, "E11_agent0_norm": 0.34383314847946167, "E11_agent1_norm": 0.13476239144802094, "E11_agent2_norm": 0.2305162400007248, "E12_agent0_norm": 0.23915566504001617, "E12_agent1_norm": 0.21663132309913635, "E12_agent2_norm": 0.10512768477201462, "E13_agent0_norm": 0.2649785280227661, "E13_agent1_norm": 0.07598952203989029, "E13_agent2_norm": 0.20327889919281006, "E14_agent0_norm": 0.138559490442276, "E14_agent1_norm": 0.056582849472761154, "E14_agent2_norm": 0.05541381984949112, "E15_agent0_norm": 0.21300925314426422, "E15_agent1_norm": 0.645980715751648, "E15_agent2_norm": 0.038207780569791794, "E16_agent0_norm": 0.2018108069896698, "E16_agent1_norm": 0.651012122631073, "E16_agent2_norm": 0.02667466178536415, "E17_agent0_norm": 0.6677404642105103, "E17_agent1_norm": 0.019396495074033737, "E17_agent2_norm": 0.6552730202674866, "E18_agent0_norm": 0.038598790764808655, "E18_agent1_norm": 0.0137565853074193, "E18_agent2_norm": 0.013881862163543701, "E19_agent0_norm": 0.6665931344032288, "E19_agent1_norm": 0.009559383615851402, "E19_agent2_norm": 0.0095008984208107, "E20_agent0_norm": 0.6664335131645203, "E20_agent1_norm": 0.00678625050932169, "E20_agent2_norm": 0.0068375649861991405, "E21_agent0_norm": 0.01460330281406641, "E21_agent1_norm": 0.0049850111827254295, "E21_agent2_norm": 0.004771239589899778, "E22_agent0_norm": 4.581709861755371, "E22_agent1_norm": 0.6637524366378784, "E22_agent2_norm": 0.003289902815595269, "E23_agent0_norm": 0.007552905939519405, "E23_agent1_norm": 0.0023543459828943014, "E23_agent2_norm": 0.002346311928704381, "E24_agent0_norm": 4.581705570220947, "E24_agent1_norm": 0.0016795339761301875, "E24_agent2_norm": 0.002353189280256629, "E25_agent0_norm": 4.581704616546631, "E25_agent1_norm": 0.0011559848207980394, "E25_agent2_norm": 0.0011543965665623546, "E26_agent0_norm": 4.581704616546631, "E26_agent1_norm": 0.0008262260816991329, "E26_agent2_norm": 4.580827236175537, "E27_agent0_norm": 0.001807392225600779, "E27_agent1_norm": 0.0005680234753526747, "E27_agent2_norm": 0.0005688145756721497, "E28_agent0_norm": 4.581704139709473, "E28_agent1_norm": 0.00040292670018970966, "E28_agent2_norm": 4.581268310546875, "E29_agent0_norm": 0.0008953157812356949, "E29_agent1_norm": 0.0002897394588217139, "E29_agent2_norm": 0.0002897540689446032, "E30_agent0_norm": 4.581704139709473, "E30_agent1_norm": 0.00020217733981553465, "E30_agent2_norm": 0.00020187754125799984, "E31_agent0_norm": 0.0004485585377551615, "E31_agent1_norm": 0.00014073983766138554, "E31_agent2_norm": 556335104.0, "E32_agent0_norm": 0.0003102429036516696, "E32_agent1_norm": 9.679249342298135e-05, "E32_agent2_norm": 556335104.0, "E33_agent0_norm": 0.0002129431813955307, "E33_agent1_norm": 7.073549932101741e-05, "E33_agent2_norm": 7.688559708185494e-05, "E34_agent0_norm": 0.00015273000462912023, "E34_agent1_norm": 5.778138802270405e-05, "E34_agent2_norm": 4.7764744522282854e-05, "E35_agent0_norm": 0.00010794914123835042, "E35_agent1_norm": 3.76038187823724e-05, "E35_agent2_norm": 3.549296525307e-05, "E36_agent0_norm": 4.581704139709473, "E36_agent1_norm": 3.420437496970408e-05, "E36_agent2_norm": 2.903474887716584e-05, "E37_agent0_norm": 4.581704139709473, "E37_agent1_norm": 2.354672506044153e-05, "E37_agent2_norm": 4.581686019897461, "E38_agent0_norm": 3.5992590710520744e-05, "E38_agent1_norm": 1.169778624898754e-05, "E38_agent2_norm": 1.1683203410939313e-05, "E39_agent0_norm": 4.581704139709473, "E39_agent1_norm": 8.292740858450998e-06, "E39_agent2_norm": 4.581695079803467, "E40_agent0_norm": 1.7944837964023463e-05, "E40_agent1_norm": 5.753722689405549e-06, "E40_agent2_norm": 5.759262876381399e-06, "E41_agent0_norm": 1.2262818017916288e-05, "E41_agent1_norm": 4.581699848175049, "E41_agent2_norm": 4.065161192556843e-06, "E42_agent0_norm": 4.581704139709473, "E42_agent1_norm": 2.985516402986832e-06, "E42_agent2_norm": 2.987556172229233e-06, "E43_agent0_norm": 4.581704139709473, "E43_agent1_norm": 2.087145958284964e-06, "E43_agent2_norm": 4.581701755523682, "E44_agent0_norm": 4.420865025167586e-06, "E44_agent1_norm": 1.6061422911661793e-06, "E44_agent2_norm": 1.6036098031690926e-06, "E45_agent0_norm": 0.1883305013179779, "E45_agent1_norm": 4.581703186035156, "E45_agent2_norm": 0.1883305013179779, "E46_agent0_norm": 4.581704139709473, "E46_agent1_norm": 0.1883305013179779, "E46_agent2_norm": 4.581703186035156, "E47_agent0_norm": 0.1883305013179779, "E47_agent1_norm": 4.5817036628723145, "E47_agent2_norm": 6.798313734179828e-07, "E48_agent0_norm": 0.1883305013179779, "E48_agent1_norm": 4.682784719989286e-07, "E48_agent2_norm": 4.712015027052985e-07, "E49_agent0_norm": 4.232335567474365, "E49_agent1_norm": 0.1883305013179779, "E49_agent2_norm": 4.232335567474365, "E50_agent0_norm": 0.1883305013179779, "E50_agent1_norm": 4.5817036628723145, "E50_agent2_norm": 1.9636389936295018e-07}