{"Agent0_Epoch1": 0.2989693880081177, "Agent1_Epoch1": 0.29204702377319336, "Agent2_Epoch1": 0.9939194321632385, "Agent0_Epoch2": 0.06240576505661011, "Agent1_Epoch2": 0.18765276670455933, "Agent2_Epoch2": 0.1908801794052124, "Agent0_Epoch3": 0.02442789077758789, "Agent1_Epoch3": 0.05884981155395508, "Agent2_Epoch3": 0.062140047550201416, "Agent0_Epoch4": 0.01165229082107544, "Agent1_Epoch4": 0.021340608596801758, "Agent2_Epoch4": 0.022521257400512695, "Agent0_Epoch5": 0.0067223310470581055, "Agent1_Epoch5": 0.010113835334777832, "Agent2_Epoch5": 0.010687828063964844, "Agent0_Epoch6": 0.004323840141296387, "Agent1_Epoch6": 0.00569915771484375, "Agent2_Epoch6": 0.0061196088790893555, "Agent0_Epoch7": 0.0032088756561279297, "Agent1_Epoch7": 0.0038784146308898926, "Agent2_Epoch7": 0.004321694374084473, "Agent0_Epoch8": 0.0025767087936401367, "Agent1_Epoch8": 0.002941906452178955, "Agent2_Epoch8": 0.0033994317054748535, "Agent0_Epoch9": 0.0021965503692626953, "Agent1_Epoch9": 0.0024147629737854004, "Agent2_Epoch9": 0.0026817917823791504, "Agent0_Epoch10": 0.0019358396530151367, "Agent1_Epoch10": 0.0020751953125, "Agent2_Epoch10": 0.00235593318939209, "Agent0_Epoch11": 0.001705169677734375, "Agent1_Epoch11": 0.001796424388885498, "Agent2_Epoch11": 0.0019994378089904785, "Agent0_Epoch12": 0.0014344453811645508, "Agent1_Epoch12": 0.0014931559562683105, "Agent2_Epoch12": 0.001661837100982666, "Agent0_Epoch13": 0.001114487648010254, "Agent1_Epoch13": 0.001150667667388916, "Agent2_Epoch13": 0.001215815544128418, "Agent0_Epoch14": 0.0007921457290649414, "Agent1_Epoch14": 0.0008126497268676758, "Agent2_Epoch14": 0.0008337497711181641, "Agent0_Epoch15": 0.0005259513854980469, "Agent1_Epoch15": 0.0005369186401367188, "Agent2_Epoch15": 0.0005495548248291016, "Agent0_Epoch16": 0.00033146142959594727, "Agent1_Epoch16": 0.0003368854522705078, "Agent2_Epoch16": 0.0003445148468017578, "Agent0_Epoch17": 0.00020313262939453125, "Agent1_Epoch17": 0.00020575523376464844, "Agent2_Epoch17": 0.0002105236053466797, "Agent0_Epoch18": 0.00012195110321044922, "Agent1_Epoch18": 0.00012314319610595703, "Agent2_Epoch18": 0.00012409687042236328, "Agent0_Epoch19": 7.176399230957031e-05, "Agent1_Epoch19": 7.236003875732422e-05, "Agent2_Epoch19": 7.30752944946289e-05, "Agent0_Epoch20": 4.166364669799805e-05, "Agent1_Epoch20": 4.184246063232422e-05, "Agent2_Epoch20": 4.202127456665039e-05, "Agent0_Epoch21": 2.378225326538086e-05, "Agent1_Epoch21": 2.384185791015625e-05, "Agent2_Epoch21": 2.4080276489257812e-05, "Agent0_Epoch22": 1.329183578491211e-05, "Agent1_Epoch22": 1.341104507446289e-05, "Agent2_Epoch22": 1.3709068298339844e-05, "Agent0_Epoch23": 7.569789886474609e-06, "Agent1_Epoch23": 7.510185241699219e-06, "Agent2_Epoch23": 7.510185241699219e-06, "Agent0_Epoch24": 4.112720489501953e-06, "Agent1_Epoch24": 4.112720489501953e-06, "Agent2_Epoch24": 4.231929779052734e-06, "Agent0_Epoch25": 2.2649765014648438e-06, "Agent1_Epoch25": 2.2649765014648438e-06, "Agent2_Epoch25": 2.1457672119140625e-06, "Agent0_Epoch26": 1.3113021850585938e-06, "Agent1_Epoch26": 1.1324882507324219e-06, "Agent2_Epoch26": 1.1920928955078125e-06, "Agent0_Epoch27": 6.556510925292969e-07, "Agent1_Epoch27": 5.364418029785156e-07, "Agent2_Epoch27": 6.556510925292969e-07, "Agent0_Epoch28": 2.980232238769531e-07, "Agent1_Epoch28": 3.5762786865234375e-07, "Agent2_Epoch28": 2.980232238769531e-07, "Agent0_Epoch29": 3.5762786865234375e-07, "Agent1_Epoch29": 2.980232238769531e-07, "Agent2_Epoch29": 1.7881393432617188e-07, "Agent0_Epoch30": 1.7881393432617188e-07, "Agent1_Epoch30": 1.1920928955078125e-07, "Agent2_Epoch30": 1.1920928955078125e-07, "Agent0_Epoch31": 0.0, "Agent1_Epoch31": 1.1920928955078125e-07, "Agent2_Epoch31": 0.0, "Agent0_Epoch32": 1.7881393432617188e-07, "Agent1_Epoch32": 0.0, "Agent2_Epoch32": 1.1920928955078125e-07, "Agent0_Epoch33": 0.0, "Agent1_Epoch33": 1.1920928955078125e-07, "Agent2_Epoch33": 1.1920928955078125e-07, "Agent0_Epoch34": 1.1920928955078125e-07, "Agent1_Epoch34": 1.1920928955078125e-07, "Agent2_Epoch34": 1.1920928955078125e-07, "Agent0_Epoch35": 1.1920928955078125e-07, "Agent1_Epoch35": 0.0, "Agent2_Epoch35": 0.0, "Agent0_Epoch36": 1.1920928955078125e-07, "Agent1_Epoch36": 0.0, "Agent2_Epoch36": 0.0, "Agent0_Epoch37": 1.1920928955078125e-07, "Agent1_Epoch37": 0.0, "Agent2_Epoch37": 1.1920928955078125e-07, "Agent0_Epoch38": 0.0, "Agent1_Epoch38": 0.0, "Agent2_Epoch38": -1.1920928955078125e-07, "Agent0_Epoch39": 1.1920928955078125e-07, "Agent1_Epoch39": -1.1920928955078125e-07, "Agent2_Epoch39": 0.0, "Agent0_Epoch40": 1.1920928955078125e-07, "Agent1_Epoch40": 0.0, "Agent2_Epoch40": 0.0, "Agent0_Epoch41": 1.1920928955078125e-07, "Agent1_Epoch41": 0.0, "Agent2_Epoch41": 0.0, "Agent0_Epoch42": 1.1920928955078125e-07, "Agent1_Epoch42": -1.1920928955078125e-07, "Agent2_Epoch42": -1.1920928955078125e-07, "Agent0_Epoch43": 1.7881393432617188e-07, "Agent1_Epoch43": 0.0, "Agent2_Epoch43": 0.0, "Agent0_Epoch44": 1.1920928955078125e-07, "Agent1_Epoch44": 1.1920928955078125e-07, "Agent2_Epoch44": 1.1920928955078125e-07, "Agent0_Epoch45": 1.7881393432617188e-07, "Agent1_Epoch45": 1.1920928955078125e-07, "Agent2_Epoch45": 1.1920928955078125e-07, "Agent0_Epoch46": 0.0, "Agent1_Epoch46": -1.1920928955078125e-07, "Agent2_Epoch46": -1.1920928955078125e-07, "Agent0_Epoch47": 1.1920928955078125e-07, "Agent1_Epoch47": 0.0, "Agent2_Epoch47": 0.0, "Agent0_Epoch48": 0.0, "Agent1_Epoch48": 0.0, "Agent2_Epoch48": 0.0, "Agent0_Epoch49": 1.1920928955078125e-07, "Agent1_Epoch49": 1.1920928955078125e-07, "Agent2_Epoch49": 1.1920928955078125e-07, "Agent0_Epoch50": 1.1920928955078125e-07, "Agent1_Epoch50": 0.0, "Agent2_Epoch50": 0.0}