{"Agent0_Epoch1": 0.2958933115005493, "Agent1_Epoch1": 0.28548115491867065, "Agent2_Epoch1": 0.9927307367324829, "Agent0_Epoch2": 0.0645453929901123, "Agent1_Epoch2": 0.18937861919403076, "Agent2_Epoch2": 0.19641202688217163, "Agent0_Epoch3": 0.02686220407485962, "Agent1_Epoch3": 0.06315714120864868, "Agent2_Epoch3": 0.06569892168045044, "Agent0_Epoch4": 0.01334691047668457, "Agent1_Epoch4": 0.02405250072479248, "Agent2_Epoch4": 0.02510470151901245, "Agent0_Epoch5": 0.007644474506378174, "Agent1_Epoch5": 0.011368751525878906, "Agent2_Epoch5": 0.012089550495147705, "Agent0_Epoch6": 0.005052149295806885, "Agent1_Epoch6": 0.006611168384552002, "Agent2_Epoch6": 0.006639003753662109, "Agent0_Epoch7": 0.0034809112548828125, "Agent1_Epoch7": 0.004187285900115967, "Agent2_Epoch7": 0.004116535186767578, "Agent0_Epoch8": 0.002682626247406006, "Agent1_Epoch8": 0.0030539631843566895, "Agent2_Epoch8": 0.003062725067138672, "Agent0_Epoch9": 0.0022422075271606445, "Agent1_Epoch9": 0.002460479736328125, "Agent2_Epoch9": 0.002347707748413086, "Agent0_Epoch10": 0.001880943775177002, "Agent1_Epoch10": 0.002013862133026123, "Agent2_Epoch10": 0.0018845796585083008, "Agent0_Epoch11": 0.0016080141067504883, "Agent1_Epoch11": 0.0016928911209106445, "Agent2_Epoch11": 0.0016190409660339355, "Agent0_Epoch12": 0.001309037208557129, "Agent1_Epoch12": 0.0013622045516967773, "Agent2_Epoch12": 0.0013143420219421387, "Agent0_Epoch13": 0.0009819865226745605, "Agent1_Epoch13": 0.0010134577751159668, "Agent2_Epoch13": 0.0010311603546142578, "Agent0_Epoch14": 0.0006891489028930664, "Agent1_Epoch14": 0.0007069110870361328, "Agent2_Epoch14": 0.0007225275039672852, "Agent0_Epoch15": 0.00046008825302124023, "Agent1_Epoch15": 0.0004696846008300781, "Agent2_Epoch15": 0.00047856569290161133, "Agent0_Epoch16": 0.00029331445693969727, "Agent1_Epoch16": 0.00029796361923217773, "Agent2_Epoch16": 0.00030165910720825195, "Agent0_Epoch17": 0.00018036365509033203, "Agent1_Epoch17": 0.00018262863159179688, "Agent2_Epoch17": 0.00018537044525146484, "Agent0_Epoch18": 0.00010758638381958008, "Agent1_Epoch18": 0.00010859966278076172, "Agent2_Epoch18": 0.0001119375228881836, "Agent0_Epoch19": 6.347894668579102e-05, "Agent1_Epoch19": 6.401538848876953e-05, "Agent2_Epoch19": 6.520748138427734e-05, "Agent0_Epoch20": 3.713369369506836e-05, "Agent1_Epoch20": 3.719329833984375e-05, "Agent2_Epoch20": 3.743171691894531e-05, "Agent0_Epoch21": 2.1457672119140625e-05, "Agent1_Epoch21": 2.1517276763916016e-05, "Agent2_Epoch21": 2.1219253540039062e-05, "Agent0_Epoch22": 1.2159347534179688e-05, "Agent1_Epoch22": 1.2218952178955078e-05, "Agent2_Epoch22": 1.239776611328125e-05, "Agent0_Epoch23": 6.735324859619141e-06, "Agent1_Epoch23": 6.854534149169922e-06, "Agent2_Epoch23": 6.854534149169922e-06, "Agent0_Epoch24": 3.7550926208496094e-06, "Agent1_Epoch24": 3.933906555175781e-06, "Agent2_Epoch24": 3.933906555175781e-06, "Agent0_Epoch25": 1.9669532775878906e-06, "Agent1_Epoch25": 1.9669532775878906e-06, "Agent2_Epoch25": 2.086162567138672e-06, "Agent0_Epoch26": 1.0132789611816406e-06, "Agent1_Epoch26": 1.1324882507324219e-06, "Agent2_Epoch26": 1.1324882507324219e-06, "Agent0_Epoch27": 6.556510925292969e-07, "Agent1_Epoch27": 5.364418029785156e-07, "Agent2_Epoch27": 5.364418029785156e-07, "Agent0_Epoch28": 1.7881393432617188e-07, "Agent1_Epoch28": 2.980232238769531e-07, "Agent2_Epoch28": 3.5762786865234375e-07, "Agent0_Epoch29": 1.1920928955078125e-07, "Agent1_Epoch29": 1.1920928955078125e-07, "Agent2_Epoch29": 2.980232238769531e-07, "Agent0_Epoch30": 1.1920928955078125e-07, "Agent1_Epoch30": 1.1920928955078125e-07, "Agent2_Epoch30": 1.1920928955078125e-07, "Agent0_Epoch31": 0.0, "Agent1_Epoch31": 1.1920928955078125e-07, "Agent2_Epoch31": 1.1920928955078125e-07, "Agent0_Epoch32": -1.1920928955078125e-07, "Agent1_Epoch32": 0.0, "Agent2_Epoch32": 0.0, "Agent0_Epoch33": 0.0, "Agent1_Epoch33": -1.1920928955078125e-07, "Agent2_Epoch33": -1.1920928955078125e-07, "Agent0_Epoch34": 0.0, "Agent1_Epoch34": 0.0, "Agent2_Epoch34": 0.0, "Agent0_Epoch35": -1.1920928955078125e-07, "Agent1_Epoch35": -1.1920928955078125e-07, "Agent2_Epoch35": -1.1920928955078125e-07, "Agent0_Epoch36": -1.1920928955078125e-07, "Agent1_Epoch36": 0.0, "Agent2_Epoch36": 0.0, "Agent0_Epoch37": 0.0, "Agent1_Epoch37": 0.0, "Agent2_Epoch37": 1.1920928955078125e-07, "Agent0_Epoch38": -1.1920928955078125e-07, "Agent1_Epoch38": -1.1920928955078125e-07, "Agent2_Epoch38": 0.0, "Agent0_Epoch39": -1.1920928955078125e-07, "Agent1_Epoch39": -1.1920928955078125e-07, "Agent2_Epoch39": -1.1920928955078125e-07, "Agent0_Epoch40": -1.1920928955078125e-07, "Agent1_Epoch40": 0.0, "Agent2_Epoch40": 0.0, "Agent0_Epoch41": -1.1920928955078125e-07, "Agent1_Epoch41": 0.0, "Agent2_Epoch41": 0.0, "Agent0_Epoch42": -1.1920928955078125e-07, "Agent1_Epoch42": 1.1920928955078125e-07, "Agent2_Epoch42": 1.1920928955078125e-07, "Agent0_Epoch43": -1.1920928955078125e-07, "Agent1_Epoch43": -1.1920928955078125e-07, "Agent2_Epoch43": -1.1920928955078125e-07, "Agent0_Epoch44": 0.0, "Agent1_Epoch44": 0.0, "Agent2_Epoch44": 0.0, "Agent0_Epoch45": 0.0, "Agent1_Epoch45": 0.0, "Agent2_Epoch45": 0.0, "Agent0_Epoch46": -1.1920928955078125e-07, "Agent1_Epoch46": -1.1920928955078125e-07, "Agent2_Epoch46": -1.1920928955078125e-07, "Agent0_Epoch47": 0.0, "Agent1_Epoch47": 0.0, "Agent2_Epoch47": 0.0, "Agent0_Epoch48": -2.384185791015625e-07, "Agent1_Epoch48": 0.0, "Agent2_Epoch48": 0.0, "Agent0_Epoch49": -1.1920928955078125e-07, "Agent1_Epoch49": 0.0, "Agent2_Epoch49": 0.0, "Agent0_Epoch50": -1.1920928955078125e-07, "Agent1_Epoch50": -1.1920928955078125e-07, "Agent2_Epoch50": -1.1920928955078125e-07}