{"E1_agent0_norm": 2.332444906234741, "E1_agent1_norm": 2.527724266052246, "E1_agent2_norm": 2.525299549102783, "E2_agent0_norm": 0.6330499053001404, "E2_agent1_norm": 1.1034207344055176, "E2_agent2_norm": 1.2066091299057007, "E3_agent0_norm": 0.8586752414703369, "E3_agent1_norm": 0.8498263955116272, "E3_agent2_norm": 0.7937459945678711, "E4_agent0_norm": 0.5740059018135071, "E4_agent1_norm": 0.6930767893791199, "E4_agent2_norm": 0.6892257332801819, "E5_agent0_norm": 0.5462662577629089, "E5_agent1_norm": 0.5144595503807068, "E5_agent2_norm": 0.49463286995887756, "E6_agent0_norm": 0.42969000339508057, "E6_agent1_norm": 0.38417816162109375, "E6_agent2_norm": 0.40302741527557373, "E7_agent0_norm": 0.40725240111351013, "E7_agent1_norm": 0.3236211836338043, "E7_agent2_norm": 0.3021857440471649, "E8_agent0_norm": 0.41797205805778503, "E8_agent1_norm": 0.25557219982147217, "E8_agent2_norm": 0.295037180185318, "E9_agent0_norm": 0.3886517584323883, "E9_agent1_norm": 0.24992826581001282, "E9_agent2_norm": 0.2311953753232956, "E10_agent0_norm": 0.36890092492103577, "E10_agent1_norm": 0.20084400475025177, "E10_agent2_norm": 0.23841498792171478, "E11_agent0_norm": 0.32424265146255493, "E11_agent1_norm": 0.20882928371429443, "E11_agent2_norm": 0.18437865376472473, "E12_agent0_norm": 0.269975870847702, "E12_agent1_norm": 0.17081253230571747, "E12_agent2_norm": 0.14249323308467865, "E13_agent0_norm": 0.21647390723228455, "E13_agent1_norm": 0.09119728207588196, "E13_agent2_norm": 0.09300236403942108, "E14_agent0_norm": 0.17178817093372345, "E14_agent1_norm": 0.05748097598552704, "E14_agent2_norm": 0.10873609036207199, "E15_agent0_norm": 0.1066562607884407, "E15_agent1_norm": 0.09641890227794647, "E15_agent2_norm": 0.03804252669215202, "E16_agent0_norm": 0.12403039634227753, "E16_agent1_norm": 0.026698237285017967, "E16_agent2_norm": 0.09360825270414352, "E17_agent0_norm": 0.0567716546356678, "E17_agent1_norm": 0.09431829303503036, "E17_agent2_norm": 0.018995650112628937, "E18_agent0_norm": 0.04212014377117157, "E18_agent1_norm": 0.09541018307209015, "E18_agent2_norm": 0.013427931815385818, "E19_agent0_norm": 0.10546627640724182, "E19_agent1_norm": 0.00936044380068779, "E19_agent2_norm": 0.09619785100221634, "E20_agent0_norm": 0.020971007645130157, "E20_agent1_norm": 0.09773252159357071, "E20_agent2_norm": 0.006740241311490536, "E21_agent0_norm": 0.10321520268917084, "E21_agent1_norm": 0.004877714905887842, "E21_agent2_norm": 0.004890737123787403, "E22_agent0_norm": 0.10280360281467438, "E22_agent1_norm": 0.0033780497033149004, "E22_agent2_norm": 0.09972502291202545, "E23_agent0_norm": 0.007955321110785007, "E23_agent1_norm": 0.10047450661659241, "E23_agent2_norm": 0.0023931723553687334, "E24_agent0_norm": 0.10251640528440475, "E24_agent1_norm": 0.001692997757345438, "E24_agent2_norm": 0.10098226368427277, "E25_agent0_norm": 0.004038605373352766, "E25_agent1_norm": 0.10145925730466843, "E25_agent2_norm": 0.0012208254775032401, "E26_agent0_norm": 0.002862523077055812, "E26_agent1_norm": 4.572940826416016, "E26_agent2_norm": 0.10168124735355377, "E27_agent0_norm": 4.573870658874512, "E27_agent1_norm": 0.10192031413316727, "E27_agent2_norm": 4.573216438293457, "E28_agent0_norm": 0.10242728888988495, "E28_agent1_norm": 4.573416709899902, "E28_agent2_norm": 0.10205865651369095, "E29_agent0_norm": 4.5738701820373535, "E29_agent1_norm": 0.10217161476612091, "E29_agent2_norm": 4.573542594909668, "E30_agent0_norm": 0.10242333263158798, "E30_agent1_norm": 0.0002072233910439536, "E30_agent2_norm": 0.10224097222089767, "E31_agent0_norm": 0.0008179357391782105, "E31_agent1_norm": 0.10229729115962982, "E31_agent2_norm": 0.0006231947336345911, "E32_agent0_norm": 0.10242234170436859, "E32_agent1_norm": 0.00037932515260763466, "E32_agent2_norm": 0.1023343950510025, "E33_agent0_norm": 0.00024520629085600376, "E33_agent1_norm": 0.10236049443483353, "E33_agent2_norm": 7.182411354733631e-05, "E34_agent0_norm": 0.000448122649686411, "E34_agent1_norm": 0.10237866640090942, "E34_agent2_norm": 4.994972186977975e-05, "E35_agent0_norm": 0.1024220809340477, "E35_agent1_norm": 3.509218731778674e-05, "E35_agent2_norm": 0.10239145904779434, "E36_agent0_norm": 8.189447544282302e-05, "E36_agent1_norm": 0.10240065306425095, "E36_agent2_norm": 2.4234745069406927e-05, "E37_agent0_norm": 5.679899186361581e-05, "E37_agent1_norm": 0.10240702331066132, "E37_agent2_norm": 0.00041152138146571815, "E38_agent0_norm": 4.1198163671651855e-05, "E38_agent1_norm": 0.1024114266037941, "E38_agent2_norm": 1.2363656423985958e-05, "E39_agent0_norm": 0.10242205113172531, "E39_agent1_norm": 0.0004182817065156996, "E39_agent2_norm": 8.630413503851742e-06, "E40_agent0_norm": 0.10242205113172531, "E40_agent1_norm": 5.974850409984356e-06, "E40_agent2_norm": 0.10241682827472687, "E41_agent0_norm": 0.000425470934715122, "E41_agent1_norm": 4.345341494627064e-06, "E41_agent2_norm": 0.10241837054491043, "E42_agent0_norm": 0.00042539724381640553, "E42_agent1_norm": 3.241153308408684e-06, "E42_agent2_norm": 0.10241945087909698, "E43_agent0_norm": 0.0004253590013831854, "E43_agent1_norm": 0.10242033004760742, "E43_agent2_norm": 2.139832758984994e-06, "E44_agent0_norm": 0.10242205113172531, "E44_agent1_norm": 1.5637500609955168e-06, "E44_agent2_norm": 0.10242075473070145, "E45_agent0_norm": 3.3755973163351882e-06, "E45_agent1_norm": 0.10242118686437607, "E45_agent2_norm": 1.2837001577281626e-06, "E46_agent0_norm": 0.10242205113172531, "E46_agent1_norm": 0.00042470035259611905, "E46_agent2_norm": 1.4165826769385603e-06, "E47_agent0_norm": 0.10242205113172531, "E47_agent1_norm": 1.2480182931540185e-06, "E47_agent2_norm": 0.10242163389921188, "E48_agent0_norm": 0.000425324629759416, "E48_agent1_norm": 0.1024218276143074, "E48_agent2_norm": 5.253453991826973e-07, "E49_agent0_norm": 0.00042532410589046776, "E49_agent1_norm": 0.10242191702127457, "E49_agent2_norm": 0.000425183359766379, "E50_agent0_norm": 0.10242205113172531, "E50_agent1_norm": 0.0004252622602507472, "E50_agent2_norm": 0.10242198407649994}