{"Agent0_Epoch1": 0.3007711172103882, "Agent1_Epoch1": 0.2946208119392395, "Agent2_Epoch1": 0.9947620630264282, "Agent0_Epoch2": 0.06285303831100464, "Agent1_Epoch2": 0.19128769636154175, "Agent2_Epoch2": 0.20327222347259521, "Agent0_Epoch3": 0.025703251361846924, "Agent1_Epoch3": 0.0620269775390625, "Agent2_Epoch3": 0.06516051292419434, "Agent0_Epoch4": 0.012891113758087158, "Agent1_Epoch4": 0.023534655570983887, "Agent2_Epoch4": 0.02504938840866089, "Agent0_Epoch5": 0.007606804370880127, "Agent1_Epoch5": 0.011404335498809814, "Agent2_Epoch5": 0.011700212955474854, "Agent0_Epoch6": 0.004973053932189941, "Agent1_Epoch6": 0.006546139717102051, "Agent2_Epoch6": 0.006747424602508545, "Agent0_Epoch7": 0.0035257935523986816, "Agent1_Epoch7": 0.004258215427398682, "Agent2_Epoch7": 0.004631936550140381, "Agent0_Epoch8": 0.002749502658843994, "Agent1_Epoch8": 0.0031380057334899902, "Agent2_Epoch8": 0.0033948421478271484, "Agent0_Epoch9": 0.0023103952407836914, "Agent1_Epoch9": 0.0025400519371032715, "Agent2_Epoch9": 0.002674579620361328, "Agent0_Epoch10": 0.001938164234161377, "Agent1_Epoch10": 0.002077460289001465, "Agent2_Epoch10": 0.0022425055503845215, "Agent0_Epoch11": 0.0016718506813049316, "Agent1_Epoch11": 0.0017611384391784668, "Agent2_Epoch11": 0.0019030570983886719, "Agent0_Epoch12": 0.001384139060974121, "Agent1_Epoch12": 0.0014410018920898438, "Agent2_Epoch12": 0.001477360725402832, "Agent0_Epoch13": 0.0010571479797363281, "Agent1_Epoch13": 0.001091301441192627, "Agent2_Epoch13": 0.001101672649383545, "Agent0_Epoch14": 0.0007380843162536621, "Agent1_Epoch14": 0.0007569193840026855, "Agent2_Epoch14": 0.000796198844909668, "Agent0_Epoch15": 0.000494837760925293, "Agent1_Epoch15": 0.0005049705505371094, "Agent2_Epoch15": 0.0005183219909667969, "Agent0_Epoch16": 0.0003142356872558594, "Agent1_Epoch16": 0.0003192424774169922, "Agent2_Epoch16": 0.0003293752670288086, "Agent0_Epoch17": 0.00019317865371704102, "Agent1_Epoch17": 0.00019592046737670898, "Agent2_Epoch17": 0.00020116567611694336, "Agent0_Epoch18": 0.00011622905731201172, "Agent1_Epoch18": 0.00011736154556274414, "Agent2_Epoch18": 0.0001208186149597168, "Agent0_Epoch19": 6.866455078125e-05, "Agent1_Epoch19": 6.92605972290039e-05, "Agent2_Epoch19": 7.098913192749023e-05, "Agent0_Epoch20": 3.975629806518555e-05, "Agent1_Epoch20": 3.987550735473633e-05, "Agent2_Epoch20": 4.076957702636719e-05, "Agent0_Epoch21": 2.276897430419922e-05, "Agent1_Epoch21": 2.2649765014648438e-05, "Agent2_Epoch21": 2.3484230041503906e-05, "Agent0_Epoch22": 1.3053417205810547e-05, "Agent1_Epoch22": 1.2814998626708984e-05, "Agent2_Epoch22": 1.3053417205810547e-05, "Agent0_Epoch23": 7.212162017822266e-06, "Agent1_Epoch23": 7.212162017822266e-06, "Agent2_Epoch23": 7.331371307373047e-06, "Agent0_Epoch24": 3.993511199951172e-06, "Agent1_Epoch24": 4.0531158447265625e-06, "Agent2_Epoch24": 3.993511199951172e-06, "Agent0_Epoch25": 2.205371856689453e-06, "Agent1_Epoch25": 2.1457672119140625e-06, "Agent2_Epoch25": 2.1457672119140625e-06, "Agent0_Epoch26": 1.3113021850585938e-06, "Agent1_Epoch26": 1.3113021850585938e-06, "Agent2_Epoch26": 1.1920928955078125e-06, "Agent0_Epoch27": 6.556510925292969e-07, "Agent1_Epoch27": 5.364418029785156e-07, "Agent2_Epoch27": 5.364418029785156e-07, "Agent0_Epoch28": 3.5762786865234375e-07, "Agent1_Epoch28": 3.5762786865234375e-07, "Agent2_Epoch28": 3.5762786865234375e-07, "Agent0_Epoch29": 1.7881393432617188e-07, "Agent1_Epoch29": 1.1920928955078125e-07, "Agent2_Epoch29": 1.7881393432617188e-07, "Agent0_Epoch30": 1.1920928955078125e-07, "Agent1_Epoch30": 1.1920928955078125e-07, "Agent2_Epoch30": 0.0, "Agent0_Epoch31": 0.0, "Agent1_Epoch31": 0.0, "Agent2_Epoch31": 1.1920928955078125e-07, "Agent0_Epoch32": 0.0, "Agent1_Epoch32": -1.1920928955078125e-07, "Agent2_Epoch32": 1.1920928955078125e-07, "Agent0_Epoch33": 1.1920928955078125e-07, "Agent1_Epoch33": 1.7881393432617188e-07, "Agent2_Epoch33": 1.1920928955078125e-07, "Agent0_Epoch34": 1.1920928955078125e-07, "Agent1_Epoch34": 1.1920928955078125e-07, "Agent2_Epoch34": 1.1920928955078125e-07, "Agent0_Epoch35": 0.0, "Agent1_Epoch35": -1.1920928955078125e-07, "Agent2_Epoch35": 0.0, "Agent0_Epoch36": 1.1920928955078125e-07, "Agent1_Epoch36": 1.1920928955078125e-07, "Agent2_Epoch36": 1.7881393432617188e-07, "Agent0_Epoch37": 1.1920928955078125e-07, "Agent1_Epoch37": 0.0, "Agent2_Epoch37": -1.1920928955078125e-07, "Agent0_Epoch38": 0.0, "Agent1_Epoch38": 1.1920928955078125e-07, "Agent2_Epoch38": 1.1920928955078125e-07, "Agent0_Epoch39": 1.7881393432617188e-07, "Agent1_Epoch39": 1.7881393432617188e-07, "Agent2_Epoch39": 0.0, "Agent0_Epoch40": 0.0, "Agent1_Epoch40": -1.1920928955078125e-07, "Agent2_Epoch40": -1.1920928955078125e-07, "Agent0_Epoch41": 0.0, "Agent1_Epoch41": 0.0, "Agent2_Epoch41": 0.0, "Agent0_Epoch42": 1.1920928955078125e-07, "Agent1_Epoch42": 1.1920928955078125e-07, "Agent2_Epoch42": 0.0, "Agent0_Epoch43": 1.1920928955078125e-07, "Agent1_Epoch43": 1.7881393432617188e-07, "Agent2_Epoch43": 1.7881393432617188e-07, "Agent0_Epoch44": 0.0, "Agent1_Epoch44": 1.7881393432617188e-07, "Agent2_Epoch44": 1.7881393432617188e-07, "Agent0_Epoch45": 0.0, "Agent1_Epoch45": 1.1920928955078125e-07, "Agent2_Epoch45": 1.1920928955078125e-07, "Agent0_Epoch46": 1.1920928955078125e-07, "Agent1_Epoch46": 0.0, "Agent2_Epoch46": 0.0, "Agent0_Epoch47": 1.1920928955078125e-07, "Agent1_Epoch47": 0.0, "Agent2_Epoch47": 0.0, "Agent0_Epoch48": 1.1920928955078125e-07, "Agent1_Epoch48": 0.0, "Agent2_Epoch48": 0.0, "Agent0_Epoch49": 0.0, "Agent1_Epoch49": 0.0, "Agent2_Epoch49": 1.1920928955078125e-07, "Agent0_Epoch50": 1.1920928955078125e-07, "Agent1_Epoch50": 1.1920928955078125e-07, "Agent2_Epoch50": 1.1920928955078125e-07}