{"Agent0_Epoch1": 0.29320794343948364, "Agent1_Epoch1": 0.29446035623550415, "Agent2_Epoch1": 0.9921561479568481, "Agent0_Epoch2": 0.06076502799987793, "Agent1_Epoch2": 0.1854591965675354, "Agent2_Epoch2": 0.18962472677230835, "Agent0_Epoch3": 0.024419844150543213, "Agent1_Epoch3": 0.05900639295578003, "Agent2_Epoch3": 0.06099194288253784, "Agent0_Epoch4": 0.01212930679321289, "Agent1_Epoch4": 0.022159218788146973, "Agent2_Epoch4": 0.022885680198669434, "Agent0_Epoch5": 0.006984055042266846, "Agent1_Epoch5": 0.010478198528289795, "Agent2_Epoch5": 0.011372566223144531, "Agent0_Epoch6": 0.00468677282333374, "Agent1_Epoch6": 0.00617140531539917, "Agent2_Epoch6": 0.006593465805053711, "Agent0_Epoch7": 0.003469407558441162, "Agent1_Epoch7": 0.004191696643829346, "Agent2_Epoch7": 0.0044179558753967285, "Agent0_Epoch8": 0.0027483701705932617, "Agent1_Epoch8": 0.0031393766403198242, "Agent2_Epoch8": 0.0034747719764709473, "Agent0_Epoch9": 0.0022999048233032227, "Agent1_Epoch9": 0.0025304555892944336, "Agent2_Epoch9": 0.0028600096702575684, "Agent0_Epoch10": 0.0020125508308410645, "Agent1_Epoch10": 0.0021593570709228516, "Agent2_Epoch10": 0.00233614444732666, "Agent0_Epoch11": 0.0016908645629882812, "Agent1_Epoch11": 0.0017833709716796875, "Agent2_Epoch11": 0.001980900764465332, "Agent0_Epoch12": 0.0013687610626220703, "Agent1_Epoch12": 0.0014267563819885254, "Agent2_Epoch12": 0.0015354752540588379, "Agent0_Epoch13": 0.0010218620300292969, "Agent1_Epoch13": 0.0010561347007751465, "Agent2_Epoch13": 0.0011137723922729492, "Agent0_Epoch14": 0.0006985664367675781, "Agent1_Epoch14": 0.0007170438766479492, "Agent2_Epoch14": 0.0007767677307128906, "Agent0_Epoch15": 0.0004611015319824219, "Agent1_Epoch15": 0.00047093629837036133, "Agent2_Epoch15": 0.000491797924041748, "Agent0_Epoch16": 0.00029027462005615234, "Agent1_Epoch16": 0.0002951622009277344, "Agent2_Epoch16": 0.0003103017807006836, "Agent0_Epoch17": 0.0001792311668395996, "Agent1_Epoch17": 0.00018155574798583984, "Agent2_Epoch17": 0.0001888871192932129, "Agent0_Epoch18": 0.00010848045349121094, "Agent1_Epoch18": 0.00010955333709716797, "Agent2_Epoch18": 0.00011229515075683594, "Agent0_Epoch19": 6.35385513305664e-05, "Agent1_Epoch19": 6.407499313354492e-05, "Agent2_Epoch19": 6.657838821411133e-05, "Agent0_Epoch20": 3.731250762939453e-05, "Agent1_Epoch20": 3.74913215637207e-05, "Agent2_Epoch20": 3.892183303833008e-05, "Agent0_Epoch21": 2.1457672119140625e-05, "Agent1_Epoch21": 2.1517276763916016e-05, "Agent2_Epoch21": 2.2530555725097656e-05, "Agent0_Epoch22": 1.2040138244628906e-05, "Agent1_Epoch22": 1.2159347534179688e-05, "Agent2_Epoch22": 1.2576580047607422e-05, "Agent0_Epoch23": 6.735324859619141e-06, "Agent1_Epoch23": 6.735324859619141e-06, "Agent2_Epoch23": 6.973743438720703e-06, "Agent0_Epoch24": 3.6954879760742188e-06, "Agent1_Epoch24": 3.814697265625e-06, "Agent2_Epoch24": 3.993511199951172e-06, "Agent0_Epoch25": 2.0265579223632812e-06, "Agent1_Epoch25": 2.1457672119140625e-06, "Agent2_Epoch25": 2.1457672119140625e-06, "Agent0_Epoch26": 1.1920928955078125e-06, "Agent1_Epoch26": 1.1920928955078125e-06, "Agent2_Epoch26": 1.1920928955078125e-06, "Agent0_Epoch27": 6.556510925292969e-07, "Agent1_Epoch27": 6.556510925292969e-07, "Agent2_Epoch27": 5.364418029785156e-07, "Agent0_Epoch28": 3.5762786865234375e-07, "Agent1_Epoch28": 3.5762786865234375e-07, "Agent2_Epoch28": 4.76837158203125e-07, "Agent0_Epoch29": 1.1920928955078125e-07, "Agent1_Epoch29": 1.7881393432617188e-07, "Agent2_Epoch29": 1.1920928955078125e-07, "Agent0_Epoch30": 1.1920928955078125e-07, "Agent1_Epoch30": 0.0, "Agent2_Epoch30": 1.1920928955078125e-07, "Agent0_Epoch31": -1.1920928955078125e-07, "Agent1_Epoch31": 1.1920928955078125e-07, "Agent2_Epoch31": 1.1920928955078125e-07, "Agent0_Epoch32": 0.0, "Agent1_Epoch32": 0.0, "Agent2_Epoch32": 1.1920928955078125e-07, "Agent0_Epoch33": 0.0, "Agent1_Epoch33": 0.0, "Agent2_Epoch33": 1.1920928955078125e-07, "Agent0_Epoch34": -1.1920928955078125e-07, "Agent1_Epoch34": 1.1920928955078125e-07, "Agent2_Epoch34": 0.0, "Agent0_Epoch35": -1.1920928955078125e-07, "Agent1_Epoch35": 0.0, "Agent2_Epoch35": -1.1920928955078125e-07, "Agent0_Epoch36": -1.1920928955078125e-07, "Agent1_Epoch36": -1.1920928955078125e-07, "Agent2_Epoch36": 0.0, "Agent0_Epoch37": -1.1920928955078125e-07, "Agent1_Epoch37": 0.0, "Agent2_Epoch37": 0.0, "Agent0_Epoch38": 0.0, "Agent1_Epoch38": 0.0, "Agent2_Epoch38": 0.0, "Agent0_Epoch39": 0.0, "Agent1_Epoch39": 0.0, "Agent2_Epoch39": 0.0, "Agent0_Epoch40": -2.384185791015625e-07, "Agent1_Epoch40": 0.0, "Agent2_Epoch40": 0.0, "Agent0_Epoch41": 0.0, "Agent1_Epoch41": -1.1920928955078125e-07, "Agent2_Epoch41": -1.1920928955078125e-07, "Agent0_Epoch42": 0.0, "Agent1_Epoch42": 1.1920928955078125e-07, "Agent2_Epoch42": 0.0, "Agent0_Epoch43": 0.0, "Agent1_Epoch43": 0.0, "Agent2_Epoch43": 0.0, "Agent0_Epoch44": -2.384185791015625e-07, "Agent1_Epoch44": -1.1920928955078125e-07, "Agent2_Epoch44": -1.1920928955078125e-07, "Agent0_Epoch45": 0.0, "Agent1_Epoch45": 1.1920928955078125e-07, "Agent2_Epoch45": 1.1920928955078125e-07, "Agent0_Epoch46": 0.0, "Agent1_Epoch46": 0.0, "Agent2_Epoch46": 0.0, "Agent0_Epoch47": -1.1920928955078125e-07, "Agent1_Epoch47": 0.0, "Agent2_Epoch47": 0.0, "Agent0_Epoch48": -1.1920928955078125e-07, "Agent1_Epoch48": -1.1920928955078125e-07, "Agent2_Epoch48": -1.1920928955078125e-07, "Agent0_Epoch49": 0.0, "Agent1_Epoch49": 0.0, "Agent2_Epoch49": 0.0, "Agent0_Epoch50": 0.0, "Agent1_Epoch50": 1.1920928955078125e-07, "Agent2_Epoch50": 1.1920928955078125e-07}