{"Agent0_Epoch1": 0.2945445775985718, "Agent1_Epoch1": 0.299726665019989, "Agent2_Epoch1": 0.9996508359909058, "Agent0_Epoch2": 0.06329470872879028, "Agent1_Epoch2": 0.19369709491729736, "Agent2_Epoch2": 0.19822543859481812, "Agent0_Epoch3": 0.025404691696166992, "Agent1_Epoch3": 0.06166195869445801, "Agent2_Epoch3": 0.06516724824905396, "Agent0_Epoch4": 0.01257181167602539, "Agent1_Epoch4": 0.02307981252670288, "Agent2_Epoch4": 0.024232089519500732, "Agent0_Epoch5": 0.00732499361038208, "Agent1_Epoch5": 0.011023759841918945, "Agent2_Epoch5": 0.012086927890777588, "Agent0_Epoch6": 0.004797816276550293, "Agent1_Epoch6": 0.006326019763946533, "Agent2_Epoch6": 0.006674647331237793, "Agent0_Epoch7": 0.0034839510917663574, "Agent1_Epoch7": 0.004212796688079834, "Agent2_Epoch7": 0.004252791404724121, "Agent0_Epoch8": 0.002728760242462158, "Agent1_Epoch8": 0.0031175613403320312, "Agent2_Epoch8": 0.0031496286392211914, "Agent0_Epoch9": 0.0022414326667785645, "Agent1_Epoch9": 0.00246584415435791, "Agent2_Epoch9": 0.00238800048828125, "Agent0_Epoch10": 0.0019115209579467773, "Agent1_Epoch10": 0.0020496249198913574, "Agent2_Epoch10": 0.0020880699157714844, "Agent0_Epoch11": 0.0016497373580932617, "Agent1_Epoch11": 0.0017383694648742676, "Agent2_Epoch11": 0.001750171184539795, "Agent0_Epoch12": 0.001337885856628418, "Agent1_Epoch12": 0.0013927817344665527, "Agent2_Epoch12": 0.0014525651931762695, "Agent0_Epoch13": 0.0010203719139099121, "Agent1_Epoch13": 0.0010532140731811523, "Agent2_Epoch13": 0.0010702013969421387, "Agent0_Epoch14": 0.0007172822952270508, "Agent1_Epoch14": 0.0007357001304626465, "Agent2_Epoch14": 0.0007441043853759766, "Agent0_Epoch15": 0.0004763007164001465, "Agent1_Epoch15": 0.00048601627349853516, "Agent2_Epoch15": 0.0004870891571044922, "Agent0_Epoch16": 0.0003044605255126953, "Agent1_Epoch16": 0.00030940771102905273, "Agent2_Epoch16": 0.00030750036239624023, "Agent0_Epoch17": 0.00018846988677978516, "Agent1_Epoch17": 0.00019091367721557617, "Agent2_Epoch17": 0.00018996000289916992, "Agent0_Epoch18": 0.00011301040649414062, "Agent1_Epoch18": 0.00011402368545532227, "Agent2_Epoch18": 0.00011521577835083008, "Agent0_Epoch19": 6.717443466186523e-05, "Agent1_Epoch19": 6.771087646484375e-05, "Agent2_Epoch19": 6.783008575439453e-05, "Agent0_Epoch20": 3.8743019104003906e-05, "Agent1_Epoch20": 3.898143768310547e-05, "Agent2_Epoch20": 3.9696693420410156e-05, "Agent0_Epoch21": 2.2411346435546875e-05, "Agent1_Epoch21": 2.2470951080322266e-05, "Agent2_Epoch21": 2.2470951080322266e-05, "Agent0_Epoch22": 1.2576580047607422e-05, "Agent1_Epoch22": 1.2695789337158203e-05, "Agent2_Epoch22": 1.2755393981933594e-05, "Agent0_Epoch23": 6.973743438720703e-06, "Agent1_Epoch23": 6.973743438720703e-06, "Agent2_Epoch23": 7.152557373046875e-06, "Agent0_Epoch24": 3.933906555175781e-06, "Agent1_Epoch24": 3.933906555175781e-06, "Agent2_Epoch24": 4.0531158447265625e-06, "Agent0_Epoch25": 2.086162567138672e-06, "Agent1_Epoch25": 2.086162567138672e-06, "Agent2_Epoch25": 2.0265579223632812e-06, "Agent0_Epoch26": 1.0728836059570312e-06, "Agent1_Epoch26": 1.0132789611816406e-06, "Agent2_Epoch26": 1.0728836059570312e-06, "Agent0_Epoch27": 6.556510925292969e-07, "Agent1_Epoch27": 6.556510925292969e-07, "Agent2_Epoch27": 5.364418029785156e-07, "Agent0_Epoch28": 2.980232238769531e-07, "Agent1_Epoch28": 1.7881393432617188e-07, "Agent2_Epoch28": 3.5762786865234375e-07, "Agent0_Epoch29": 1.1920928955078125e-07, "Agent1_Epoch29": 1.1920928955078125e-07, "Agent2_Epoch29": 1.7881393432617188e-07, "Agent0_Epoch30": 0.0, "Agent1_Epoch30": 1.1920928955078125e-07, "Agent2_Epoch30": 1.1920928955078125e-07, "Agent0_Epoch31": 0.0, "Agent1_Epoch31": -1.1920928955078125e-07, "Agent2_Epoch31": 0.0, "Agent0_Epoch32": 0.0, "Agent1_Epoch32": 1.1920928955078125e-07, "Agent2_Epoch32": 1.1920928955078125e-07, "Agent0_Epoch33": 0.0, "Agent1_Epoch33": 1.1920928955078125e-07, "Agent2_Epoch33": 0.0, "Agent0_Epoch34": -1.1920928955078125e-07, "Agent1_Epoch34": -1.1920928955078125e-07, "Agent2_Epoch34": -1.1920928955078125e-07, "Agent0_Epoch35": 0.0, "Agent1_Epoch35": 1.1920928955078125e-07, "Agent2_Epoch35": 0.0, "Agent0_Epoch36": -1.1920928955078125e-07, "Agent1_Epoch36": -1.1920928955078125e-07, "Agent2_Epoch36": -1.1920928955078125e-07, "Agent0_Epoch37": 0.0, "Agent1_Epoch37": 1.1920928955078125e-07, "Agent2_Epoch37": 1.1920928955078125e-07, "Agent0_Epoch38": -1.1920928955078125e-07, "Agent1_Epoch38": 0.0, "Agent2_Epoch38": 0.0, "Agent0_Epoch39": 0.0, "Agent1_Epoch39": 0.0, "Agent2_Epoch39": 0.0, "Agent0_Epoch40": -1.1920928955078125e-07, "Agent1_Epoch40": 0.0, "Agent2_Epoch40": 0.0, "Agent0_Epoch41": 0.0, "Agent1_Epoch41": 0.0, "Agent2_Epoch41": 0.0, "Agent0_Epoch42": 1.1920928955078125e-07, "Agent1_Epoch42": 0.0, "Agent2_Epoch42": 0.0, "Agent0_Epoch43": 0.0, "Agent1_Epoch43": 0.0, "Agent2_Epoch43": 0.0, "Agent0_Epoch44": -1.1920928955078125e-07, "Agent1_Epoch44": 1.1920928955078125e-07, "Agent2_Epoch44": 1.1920928955078125e-07, "Agent0_Epoch45": -1.1920928955078125e-07, "Agent1_Epoch45": 1.1920928955078125e-07, "Agent2_Epoch45": 0.0, "Agent0_Epoch46": 0.0, "Agent1_Epoch46": 1.1920928955078125e-07, "Agent2_Epoch46": 1.1920928955078125e-07, "Agent0_Epoch47": -1.1920928955078125e-07, "Agent1_Epoch47": -1.1920928955078125e-07, "Agent2_Epoch47": -1.1920928955078125e-07, "Agent0_Epoch48": 1.1920928955078125e-07, "Agent1_Epoch48": 1.1920928955078125e-07, "Agent2_Epoch48": 1.1920928955078125e-07, "Agent0_Epoch49": 0.0, "Agent1_Epoch49": 0.0, "Agent2_Epoch49": 0.0, "Agent0_Epoch50": 0.0, "Agent1_Epoch50": 0.0, "Agent2_Epoch50": 0.0}