{"E1_agent0_norm": 2.4038708209991455, "E1_agent1_norm": 2.425955295562744, "E1_agent2_norm": 2.1833763122558594, "E2_agent0_norm": 0.6196708679199219, "E2_agent1_norm": 1.0507351160049438, "E2_agent2_norm": 0.9781885147094727, "E3_agent0_norm": 0.6940538883209229, "E3_agent1_norm": 0.6998974680900574, "E3_agent2_norm": 131675.0, "E4_agent0_norm": 0.5211836695671082, "E4_agent1_norm": 131675.0, "E4_agent2_norm": 0.5581838488578796, "E5_agent0_norm": 0.4412960708141327, "E5_agent1_norm": 0.4454764127731323, "E5_agent2_norm": 0.4187120497226715, "E6_agent0_norm": 0.41708919405937195, "E6_agent1_norm": 0.3414837718009949, "E6_agent2_norm": 0.3381800949573517, "E7_agent0_norm": 0.3738228678703308, "E7_agent1_norm": 0.2745084762573242, "E7_agent2_norm": 0.2585064470767975, "E8_agent0_norm": 0.35883527994155884, "E8_agent1_norm": 0.20812422037124634, "E8_agent2_norm": 0.20418915152549744, "E9_agent0_norm": 0.346894234418869, "E9_agent1_norm": 0.1743423193693161, "E9_agent2_norm": 0.1823410987854004, "E10_agent0_norm": 0.3246781527996063, "E10_agent1_norm": 0.13934582471847534, "E10_agent2_norm": 0.14220163226127625, "E11_agent0_norm": 0.2947986125946045, "E11_agent1_norm": 0.12016303092241287, "E11_agent2_norm": 0.1259225606918335, "E12_agent0_norm": 0.23781046271324158, "E12_agent1_norm": 0.09334633499383926, "E12_agent2_norm": 0.09751573204994202, "E13_agent0_norm": 0.18204861879348755, "E13_agent1_norm": 0.06840194016695023, "E13_agent2_norm": 0.06994769722223282, "E14_agent0_norm": 0.1328950971364975, "E14_agent1_norm": 0.04727489501237869, "E14_agent2_norm": 0.04707862809300423, "E15_agent0_norm": 0.10117130726575851, "E15_agent1_norm": 0.03505218029022217, "E15_agent2_norm": 0.0348687618970871, "E16_agent0_norm": 0.07208666950464249, "E16_agent1_norm": 0.023146852850914, "E16_agent2_norm": 0.023319721221923828, "E17_agent0_norm": 0.0536799356341362, "E17_agent1_norm": 0.015527967363595963, "E17_agent2_norm": 0.015896739438176155, "E18_agent0_norm": 0.038793325424194336, "E18_agent1_norm": 0.010792137123644352, "E18_agent2_norm": 0.01071426086127758, "E19_agent0_norm": 0.02774708904325962, "E19_agent1_norm": 0.007074643392115831, "E19_agent2_norm": 0.007002746686339378, "E20_agent0_norm": 0.01968814991414547, "E20_agent1_norm": 0.005012110341340303, "E20_agent2_norm": 0.004946221597492695, "E21_agent0_norm": 0.014177295379340649, "E21_agent1_norm": 0.0034441144671291113, "E21_agent2_norm": 0.003677333937957883, "E22_agent0_norm": 0.010169895365834236, "E22_agent1_norm": 0.002590490970760584, "E22_agent2_norm": 0.002584497444331646, "E23_agent0_norm": 0.007152683567255735, "E23_agent1_norm": 0.0018062919843941927, "E23_agent2_norm": 0.0017231329111382365, "E24_agent0_norm": 0.005145965609699488, "E24_agent1_norm": 0.0012611618731170893, "E24_agent2_norm": 0.0012498719152063131, "E25_agent0_norm": 0.003964812960475683, "E25_agent1_norm": 0.0009063793695531785, "E25_agent2_norm": 0.00168485171161592, "E26_agent0_norm": 0.0025040109176188707, "E26_agent1_norm": 0.0008236296707764268, "E26_agent2_norm": 0.0006213953602127731, "E27_agent0_norm": 0.0018169210525229573, "E27_agent1_norm": 0.00043823913438245654, "E27_agent2_norm": 0.000451230735052377, "E28_agent0_norm": 0.0021482817828655243, "E28_agent1_norm": 0.0003170420532114804, "E28_agent2_norm": 0.001606431440450251, "E29_agent0_norm": 0.0008924590656533837, "E29_agent1_norm": 39454.75, "E29_agent2_norm": 0.0002565137401688844, "E30_agent0_norm": 0.0006181897479109466, "E30_agent1_norm": 0.0001522563397884369, "E30_agent2_norm": 0.0002067270688712597, "E31_agent0_norm": 0.0004401882761158049, "E31_agent1_norm": 0.00010756709525594488, "E31_agent2_norm": 0.00017770040722098202, "E32_agent0_norm": 0.0003175374586135149, "E32_agent1_norm": 7.594594353577122e-05, "E32_agent2_norm": 0.0001039794078678824, "E33_agent0_norm": 0.00021732125605922192, "E33_agent1_norm": 8.788289414951578e-05, "E33_agent2_norm": 5.16367654199712e-05, "E34_agent0_norm": 0.00016884882643353194, "E34_agent1_norm": 3.780370388994925e-05, "E34_agent2_norm": 8.154507668223232e-05, "E35_agent0_norm": 0.00010614900384098291, "E35_agent1_norm": 2.593587305455003e-05, "E35_agent2_norm": 5.429382508737035e-05, "E36_agent0_norm": 7.444770744768903e-05, "E36_agent1_norm": 1.870939740911126e-05, "E36_agent2_norm": 5.146498006070033e-05, "E37_agent0_norm": 5.260278703644872e-05, "E37_agent1_norm": 1.2502790013968479e-05, "E37_agent2_norm": 4.968679422745481e-05, "E38_agent0_norm": 3.724892667378299e-05, "E38_agent1_norm": 8.997121767606586e-06, "E38_agent2_norm": 4.9011767259798944e-05, "E39_agent0_norm": 2.536217652959749e-05, "E39_agent1_norm": 4.85746786580421e-05, "E39_agent2_norm": 9.645529644330963e-05, "E40_agent0_norm": 1.7913460396812297e-05, "E40_agent1_norm": 9.632180444896221e-05, "E40_agent2_norm": 6.472972745541483e-05, "E41_agent0_norm": 1.2425210115907248e-05, "E41_agent1_norm": 6.46390690235421e-05, "E41_agent2_norm": 3.1218432923196815e-06, "E42_agent0_norm": 8.803317541605793e-06, "E42_agent1_norm": 2.247310703751282e-06, "E42_agent2_norm": 2.2393464860215317e-06, "E43_agent0_norm": 6.287593805609504e-06, "E43_agent1_norm": 1.656080144130101e-06, "E43_agent2_norm": 1.6523579233762575e-06, "E44_agent0_norm": 4.4260227696213406e-06, "E44_agent1_norm": 1.2448851975932484e-06, "E44_agent2_norm": 1.2425974773577764e-06, "E45_agent0_norm": 3.061454435737687e-06, "E45_agent1_norm": 1.0306050626240904e-06, "E45_agent2_norm": 1.0328060398023808e-06, "E46_agent0_norm": 2.192130523326341e-06, "E46_agent1_norm": 7.344671075770748e-07, "E46_agent2_norm": 7.336463454521436e-07, "E47_agent0_norm": 1.541814185657131e-06, "E47_agent1_norm": 5.826634037475742e-07, "E47_agent2_norm": 5.925111281612772e-07, "E48_agent0_norm": 9.458906902182207e-07, "E48_agent1_norm": 4.119325751616998e-07, "E48_agent2_norm": 4.117786147617153e-07, "E49_agent0_norm": 6.488974122476066e-07, "E49_agent1_norm": 2.696775993626943e-07, "E49_agent2_norm": 2.694943646019965e-07, "E50_agent0_norm": 3.843343279186229e-07, "E50_agent1_norm": 1.8120422851097828e-07, "E50_agent2_norm": 1.811743430835122e-07}