{"Agent0_Epoch1": 0.28993064165115356, "Agent1_Epoch1": 0.29381436109542847, "Agent2_Epoch1": 0.995905339717865, "Agent0_Epoch2": 0.059610843658447266, "Agent1_Epoch2": 0.18257766962051392, "Agent2_Epoch2": 0.1880115270614624, "Agent0_Epoch3": 0.02428990602493286, "Agent1_Epoch3": 0.05762141942977905, "Agent2_Epoch3": 0.060301899909973145, "Agent0_Epoch4": 0.012125968933105469, "Agent1_Epoch4": 0.021867573261260986, "Agent2_Epoch4": 0.023115873336791992, "Agent0_Epoch5": 0.0069959163665771484, "Agent1_Epoch5": 0.010397851467132568, "Agent2_Epoch5": 0.01082688570022583, "Agent0_Epoch6": 0.0045296549797058105, "Agent1_Epoch6": 0.005924522876739502, "Agent2_Epoch6": 0.0060482025146484375, "Agent0_Epoch7": 0.003122985363006592, "Agent1_Epoch7": 0.0037551522254943848, "Agent2_Epoch7": 0.003996789455413818, "Agent0_Epoch8": 0.002445518970489502, "Agent1_Epoch8": 0.0027818679809570312, "Agent2_Epoch8": 0.0028007030487060547, "Agent0_Epoch9": 0.002003788948059082, "Agent1_Epoch9": 0.002196967601776123, "Agent2_Epoch9": 0.002174556255340576, "Agent0_Epoch10": 0.0016939640045166016, "Agent1_Epoch10": 0.0018116235733032227, "Agent2_Epoch10": 0.001782059669494629, "Agent0_Epoch11": 0.0014421343803405762, "Agent1_Epoch11": 0.0015165209770202637, "Agent2_Epoch11": 0.0015163421630859375, "Agent0_Epoch12": 0.0011938810348510742, "Agent1_Epoch12": 0.0012410879135131836, "Agent2_Epoch12": 0.0012268424034118652, "Agent0_Epoch13": 0.0009181499481201172, "Agent1_Epoch13": 0.0009467601776123047, "Agent2_Epoch13": 0.0009459257125854492, "Agent0_Epoch14": 0.0006532669067382812, "Agent1_Epoch14": 0.0006693005561828613, "Agent2_Epoch14": 0.0006682276725769043, "Agent0_Epoch15": 0.00043189525604248047, "Agent1_Epoch15": 0.0004405379295349121, "Agent2_Epoch15": 0.0004469752311706543, "Agent0_Epoch16": 0.00027686357498168945, "Agent1_Epoch16": 0.00028127431869506836, "Agent2_Epoch16": 0.00028127431869506836, "Agent0_Epoch17": 0.00017207860946655273, "Agent1_Epoch17": 0.00017404556274414062, "Agent2_Epoch17": 0.00017309188842773438, "Agent0_Epoch18": 0.00010377168655395508, "Agent1_Epoch18": 0.00010478496551513672, "Agent2_Epoch18": 0.00010561943054199219, "Agent0_Epoch19": 6.204843521118164e-05, "Agent1_Epoch19": 6.252527236938477e-05, "Agent2_Epoch19": 6.181001663208008e-05, "Agent0_Epoch20": 3.635883331298828e-05, "Agent1_Epoch20": 3.653764724731445e-05, "Agent2_Epoch20": 3.618001937866211e-05, "Agent0_Epoch21": 2.092123031616211e-05, "Agent1_Epoch21": 2.09808349609375e-05, "Agent2_Epoch21": 2.09808349609375e-05, "Agent0_Epoch22": 1.1920928955078125e-05, "Agent1_Epoch22": 1.1920928955078125e-05, "Agent2_Epoch22": 1.1980533599853516e-05, "Agent0_Epoch23": 6.735324859619141e-06, "Agent1_Epoch23": 6.735324859619141e-06, "Agent2_Epoch23": 6.9141387939453125e-06, "Agent0_Epoch24": 3.6954879760742188e-06, "Agent1_Epoch24": 3.7550926208496094e-06, "Agent2_Epoch24": 3.874301910400391e-06, "Agent0_Epoch25": 2.1457672119140625e-06, "Agent1_Epoch25": 2.0265579223632812e-06, "Agent2_Epoch25": 2.1457672119140625e-06, "Agent0_Epoch26": 1.1324882507324219e-06, "Agent1_Epoch26": 1.1324882507324219e-06, "Agent2_Epoch26": 1.1920928955078125e-06, "Agent0_Epoch27": 5.364418029785156e-07, "Agent1_Epoch27": 4.76837158203125e-07, "Agent2_Epoch27": 6.556510925292969e-07, "Agent0_Epoch28": 4.76837158203125e-07, "Agent1_Epoch28": 1.7881393432617188e-07, "Agent2_Epoch28": 3.5762786865234375e-07, "Agent0_Epoch29": 1.7881393432617188e-07, "Agent1_Epoch29": 1.1920928955078125e-07, "Agent2_Epoch29": 1.1920928955078125e-07, "Agent0_Epoch30": 1.7881393432617188e-07, "Agent1_Epoch30": 1.1920928955078125e-07, "Agent2_Epoch30": 1.7881393432617188e-07, "Agent0_Epoch31": 1.7881393432617188e-07, "Agent1_Epoch31": 0.0, "Agent2_Epoch31": 0.0, "Agent0_Epoch32": 1.1920928955078125e-07, "Agent1_Epoch32": -1.1920928955078125e-07, "Agent2_Epoch32": 0.0, "Agent0_Epoch33": 1.1920928955078125e-07, "Agent1_Epoch33": -1.1920928955078125e-07, "Agent2_Epoch33": 0.0, "Agent0_Epoch34": 1.1920928955078125e-07, "Agent1_Epoch34": -1.1920928955078125e-07, "Agent2_Epoch34": 0.0, "Agent0_Epoch35": 1.1920928955078125e-07, "Agent1_Epoch35": -1.1920928955078125e-07, "Agent2_Epoch35": 0.0, "Agent0_Epoch36": 0.0, "Agent1_Epoch36": 0.0, "Agent2_Epoch36": 0.0, "Agent0_Epoch37": 1.1920928955078125e-07, "Agent1_Epoch37": 0.0, "Agent2_Epoch37": -1.1920928955078125e-07, "Agent0_Epoch38": 0.0, "Agent1_Epoch38": -1.1920928955078125e-07, "Agent2_Epoch38": -1.1920928955078125e-07, "Agent0_Epoch39": 1.1920928955078125e-07, "Agent1_Epoch39": 1.1920928955078125e-07, "Agent2_Epoch39": 1.1920928955078125e-07, "Agent0_Epoch40": 0.0, "Agent1_Epoch40": -1.1920928955078125e-07, "Agent2_Epoch40": -1.1920928955078125e-07, "Agent0_Epoch41": 1.1920928955078125e-07, "Agent1_Epoch41": 0.0, "Agent2_Epoch41": 0.0, "Agent0_Epoch42": 1.1920928955078125e-07, "Agent1_Epoch42": 0.0, "Agent2_Epoch42": 0.0, "Agent0_Epoch43": 1.1920928955078125e-07, "Agent1_Epoch43": -1.1920928955078125e-07, "Agent2_Epoch43": -1.1920928955078125e-07, "Agent0_Epoch44": 0.0, "Agent1_Epoch44": -1.1920928955078125e-07, "Agent2_Epoch44": -1.1920928955078125e-07, "Agent0_Epoch45": 1.1920928955078125e-07, "Agent1_Epoch45": -1.1920928955078125e-07, "Agent2_Epoch45": -1.1920928955078125e-07, "Agent0_Epoch46": 0.0, "Agent1_Epoch46": 0.0, "Agent2_Epoch46": 0.0, "Agent0_Epoch47": 1.7881393432617188e-07, "Agent1_Epoch47": 0.0, "Agent2_Epoch47": 0.0, "Agent0_Epoch48": 1.1920928955078125e-07, "Agent1_Epoch48": -1.1920928955078125e-07, "Agent2_Epoch48": -1.1920928955078125e-07, "Agent0_Epoch49": 1.7881393432617188e-07, "Agent1_Epoch49": 0.0, "Agent2_Epoch49": 0.0, "Agent0_Epoch50": 1.7881393432617188e-07, "Agent1_Epoch50": 1.1920928955078125e-07, "Agent2_Epoch50": 1.1920928955078125e-07}