{"Agent0_Epoch1": 0.29339534044265747, "Agent1_Epoch1": 0.293073832988739, "Agent2_Epoch1": 0.9887281656265259, "Agent0_Epoch2": 0.057828545570373535, "Agent1_Epoch2": 0.18547338247299194, "Agent2_Epoch2": 0.18743401765823364, "Agent0_Epoch3": 0.02179574966430664, "Agent1_Epoch3": 0.054319798946380615, "Agent2_Epoch3": 0.055319905281066895, "Agent0_Epoch4": 0.01003175973892212, "Agent1_Epoch4": 0.018766283988952637, "Agent2_Epoch4": 0.019356131553649902, "Agent0_Epoch5": 0.005762159824371338, "Agent1_Epoch5": 0.00876396894454956, "Agent2_Epoch5": 0.008563339710235596, "Agent0_Epoch6": 0.003870666027069092, "Agent1_Epoch6": 0.005138278007507324, "Agent2_Epoch6": 0.005153536796569824, "Agent0_Epoch7": 0.0029712319374084473, "Agent1_Epoch7": 0.00360715389251709, "Agent2_Epoch7": 0.0037769079208374023, "Agent0_Epoch8": 0.002582848072052002, "Agent1_Epoch8": 0.002956688404083252, "Agent2_Epoch8": 0.0029099583625793457, "Agent0_Epoch9": 0.002316117286682129, "Agent1_Epoch9": 0.0025498270988464355, "Agent2_Epoch9": 0.0025573372840881348, "Agent0_Epoch10": 0.0020679831504821777, "Agent1_Epoch10": 0.0022178292274475098, "Agent2_Epoch10": 0.0023195743560791016, "Agent0_Epoch11": 0.001799464225769043, "Agent1_Epoch11": 0.0018961429595947266, "Agent2_Epoch11": 0.0019627809524536133, "Agent0_Epoch12": 0.0014511942863464355, "Agent1_Epoch12": 0.0015110373497009277, "Agent2_Epoch12": 0.001569211483001709, "Agent0_Epoch13": 0.0010673999786376953, "Agent1_Epoch13": 0.001101851463317871, "Agent2_Epoch13": 0.001163780689239502, "Agent0_Epoch14": 0.0007501840591430664, "Agent1_Epoch14": 0.0007693767547607422, "Agent2_Epoch14": 0.0007678866386413574, "Agent0_Epoch15": 0.00048547983169555664, "Agent1_Epoch15": 0.0004955530166625977, "Agent2_Epoch15": 0.0005084872245788574, "Agent0_Epoch16": 0.00030535459518432617, "Agent1_Epoch16": 0.0003103017807006836, "Agent2_Epoch16": 0.0003108382225036621, "Agent0_Epoch17": 0.0001849532127380371, "Agent1_Epoch17": 0.00018721818923950195, "Agent2_Epoch17": 0.00019121170043945312, "Agent0_Epoch18": 0.00011020898818969727, "Agent1_Epoch18": 0.0001112222671508789, "Agent2_Epoch18": 0.00011140108108520508, "Agent0_Epoch19": 6.461143493652344e-05, "Agent1_Epoch19": 6.502866744995117e-05, "Agent2_Epoch19": 6.496906280517578e-05, "Agent0_Epoch20": 3.7550926208496094e-05, "Agent1_Epoch20": 3.7670135498046875e-05, "Agent2_Epoch20": 3.719329833984375e-05, "Agent0_Epoch21": 2.1219253540039062e-05, "Agent1_Epoch21": 2.1457672119140625e-05, "Agent2_Epoch21": 2.1278858184814453e-05, "Agent0_Epoch22": 1.2040138244628906e-05, "Agent1_Epoch22": 1.1980533599853516e-05, "Agent2_Epoch22": 1.2159347534179688e-05, "Agent0_Epoch23": 6.735324859619141e-06, "Agent1_Epoch23": 6.735324859619141e-06, "Agent2_Epoch23": 6.735324859619141e-06, "Agent0_Epoch24": 3.635883331298828e-06, "Agent1_Epoch24": 3.635883331298828e-06, "Agent2_Epoch24": 3.5762786865234375e-06, "Agent0_Epoch25": 1.9669532775878906e-06, "Agent1_Epoch25": 1.9669532775878906e-06, "Agent2_Epoch25": 1.9669532775878906e-06, "Agent0_Epoch26": 1.0132789611816406e-06, "Agent1_Epoch26": 1.0132789611816406e-06, "Agent2_Epoch26": 1.0132789611816406e-06, "Agent0_Epoch27": 6.556510925292969e-07, "Agent1_Epoch27": 6.556510925292969e-07, "Agent2_Epoch27": 6.556510925292969e-07, "Agent0_Epoch28": 3.5762786865234375e-07, "Agent1_Epoch28": 2.980232238769531e-07, "Agent2_Epoch28": 3.5762786865234375e-07, "Agent0_Epoch29": 1.7881393432617188e-07, "Agent1_Epoch29": 1.1920928955078125e-07, "Agent2_Epoch29": 0.0, "Agent0_Epoch30": 1.7881393432617188e-07, "Agent1_Epoch30": 1.7881393432617188e-07, "Agent2_Epoch30": 1.7881393432617188e-07, "Agent0_Epoch31": 0.0, "Agent1_Epoch31": -1.1920928955078125e-07, "Agent2_Epoch31": 0.0, "Agent0_Epoch32": 1.1920928955078125e-07, "Agent1_Epoch32": 1.1920928955078125e-07, "Agent2_Epoch32": 1.1920928955078125e-07, "Agent0_Epoch33": -1.1920928955078125e-07, "Agent1_Epoch33": 0.0, "Agent2_Epoch33": 0.0, "Agent0_Epoch34": 0.0, "Agent1_Epoch34": 1.1920928955078125e-07, "Agent2_Epoch34": 1.1920928955078125e-07, "Agent0_Epoch35": 0.0, "Agent1_Epoch35": 0.0, "Agent2_Epoch35": -2.384185791015625e-07, "Agent0_Epoch36": 0.0, "Agent1_Epoch36": 0.0, "Agent2_Epoch36": 1.1920928955078125e-07, "Agent0_Epoch37": 1.1920928955078125e-07, "Agent1_Epoch37": 0.0, "Agent2_Epoch37": 0.0, "Agent0_Epoch38": 0.0, "Agent1_Epoch38": 0.0, "Agent2_Epoch38": 0.0, "Agent0_Epoch39": 0.0, "Agent1_Epoch39": 0.0, "Agent2_Epoch39": 0.0, "Agent0_Epoch40": 0.0, "Agent1_Epoch40": -1.1920928955078125e-07, "Agent2_Epoch40": 0.0, "Agent0_Epoch41": 1.1920928955078125e-07, "Agent1_Epoch41": 0.0, "Agent2_Epoch41": 0.0, "Agent0_Epoch42": 1.1920928955078125e-07, "Agent1_Epoch42": 1.1920928955078125e-07, "Agent2_Epoch42": 0.0, "Agent0_Epoch43": 1.7881393432617188e-07, "Agent1_Epoch43": 1.1920928955078125e-07, "Agent2_Epoch43": 1.1920928955078125e-07, "Agent0_Epoch44": 0.0, "Agent1_Epoch44": -1.1920928955078125e-07, "Agent2_Epoch44": -1.1920928955078125e-07, "Agent0_Epoch45": 0.0, "Agent1_Epoch45": 1.1920928955078125e-07, "Agent2_Epoch45": 1.1920928955078125e-07, "Agent0_Epoch46": 0.0, "Agent1_Epoch46": -1.1920928955078125e-07, "Agent2_Epoch46": -1.1920928955078125e-07, "Agent0_Epoch47": 0.0, "Agent1_Epoch47": -1.1920928955078125e-07, "Agent2_Epoch47": -1.1920928955078125e-07, "Agent0_Epoch48": 1.1920928955078125e-07, "Agent1_Epoch48": 1.1920928955078125e-07, "Agent2_Epoch48": 1.1920928955078125e-07, "Agent0_Epoch49": -1.1920928955078125e-07, "Agent1_Epoch49": -1.1920928955078125e-07, "Agent2_Epoch49": -1.1920928955078125e-07, "Agent0_Epoch50": 0.0, "Agent1_Epoch50": 1.1920928955078125e-07, "Agent2_Epoch50": 1.1920928955078125e-07}