{"Agent0_Epoch1": 0.28808605670928955, "Agent1_Epoch1": 0.2890324592590332, "Agent2_Epoch1": 0.9946660995483398, "Agent0_Epoch2": 0.0582844614982605, "Agent1_Epoch2": 0.18332862854003906, "Agent2_Epoch2": 0.18687236309051514, "Agent0_Epoch3": 0.022519171237945557, "Agent1_Epoch3": 0.05486041307449341, "Agent2_Epoch3": 0.055934786796569824, "Agent0_Epoch4": 0.010441839694976807, "Agent1_Epoch4": 0.019259631633758545, "Agent2_Epoch4": 0.020341813564300537, "Agent0_Epoch5": 0.0058422088623046875, "Agent1_Epoch5": 0.008803725242614746, "Agent2_Epoch5": 0.009480893611907959, "Agent0_Epoch6": 0.0037946105003356934, "Agent1_Epoch6": 0.005007565021514893, "Agent2_Epoch6": 0.0055449604988098145, "Agent0_Epoch7": 0.0029113292694091797, "Agent1_Epoch7": 0.003520667552947998, "Agent2_Epoch7": 0.0038115382194519043, "Agent0_Epoch8": 0.002388894557952881, "Agent1_Epoch8": 0.002727031707763672, "Agent2_Epoch8": 0.0028624534606933594, "Agent0_Epoch9": 0.002043426036834717, "Agent1_Epoch9": 0.002245485782623291, "Agent2_Epoch9": 0.0023937225341796875, "Agent0_Epoch10": 0.001802980899810791, "Agent1_Epoch10": 0.0019311904907226562, "Agent2_Epoch10": 0.002118051052093506, "Agent0_Epoch11": 0.0016017556190490723, "Agent1_Epoch11": 0.0016867518424987793, "Agent2_Epoch11": 0.001794576644897461, "Agent0_Epoch12": 0.001358628273010254, "Agent1_Epoch12": 0.0014139413833618164, "Agent2_Epoch12": 0.0014573335647583008, "Agent0_Epoch13": 0.0010353326797485352, "Agent1_Epoch13": 0.0010685324668884277, "Agent2_Epoch13": 0.0010885000228881836, "Agent0_Epoch14": 0.0007302761077880859, "Agent1_Epoch14": 0.0007489323616027832, "Agent2_Epoch14": 0.000766456127166748, "Agent0_Epoch15": 0.00048363208770751953, "Agent1_Epoch15": 0.000493466854095459, "Agent2_Epoch15": 0.0004998445510864258, "Agent0_Epoch16": 0.0003102421760559082, "Agent1_Epoch16": 0.0003153681755065918, "Agent2_Epoch16": 0.0003192424774169922, "Agent0_Epoch17": 0.00019180774688720703, "Agent1_Epoch17": 0.00019425153732299805, "Agent2_Epoch17": 0.00019598007202148438, "Agent0_Epoch18": 0.0001163482666015625, "Agent1_Epoch18": 0.00011748075485229492, "Agent2_Epoch18": 0.00011724233627319336, "Agent0_Epoch19": 6.920099258422852e-05, "Agent1_Epoch19": 6.955862045288086e-05, "Agent2_Epoch19": 6.920099258422852e-05, "Agent0_Epoch20": 4.0590763092041016e-05, "Agent1_Epoch20": 4.07099723815918e-05, "Agent2_Epoch20": 4.017353057861328e-05, "Agent0_Epoch21": 2.3186206817626953e-05, "Agent1_Epoch21": 2.3365020751953125e-05, "Agent2_Epoch21": 2.288818359375e-05, "Agent0_Epoch22": 1.3113021850585938e-05, "Agent1_Epoch22": 1.3232231140136719e-05, "Agent2_Epoch22": 1.3113021850585938e-05, "Agent0_Epoch23": 7.3909759521484375e-06, "Agent1_Epoch23": 7.3909759521484375e-06, "Agent2_Epoch23": 7.331371307373047e-06, "Agent0_Epoch24": 4.112720489501953e-06, "Agent1_Epoch24": 4.0531158447265625e-06, "Agent2_Epoch24": 4.112720489501953e-06, "Agent0_Epoch25": 2.3245811462402344e-06, "Agent1_Epoch25": 2.2649765014648438e-06, "Agent2_Epoch25": 2.2649765014648438e-06, "Agent0_Epoch26": 1.1920928955078125e-06, "Agent1_Epoch26": 1.1324882507324219e-06, "Agent2_Epoch26": 1.1920928955078125e-06, "Agent0_Epoch27": 5.364418029785156e-07, "Agent1_Epoch27": 6.556510925292969e-07, "Agent2_Epoch27": 6.556510925292969e-07, "Agent0_Epoch28": 4.76837158203125e-07, "Agent1_Epoch28": 3.5762786865234375e-07, "Agent2_Epoch28": 4.76837158203125e-07, "Agent0_Epoch29": 1.7881393432617188e-07, "Agent1_Epoch29": 1.1920928955078125e-07, "Agent2_Epoch29": 1.7881393432617188e-07, "Agent0_Epoch30": 1.1920928955078125e-07, "Agent1_Epoch30": 1.7881393432617188e-07, "Agent2_Epoch30": 1.1920928955078125e-07, "Agent0_Epoch31": 0.0, "Agent1_Epoch31": 0.0, "Agent2_Epoch31": 1.1920928955078125e-07, "Agent0_Epoch32": 1.1920928955078125e-07, "Agent1_Epoch32": 1.1920928955078125e-07, "Agent2_Epoch32": 0.0, "Agent0_Epoch33": 0.0, "Agent1_Epoch33": 0.0, "Agent2_Epoch33": 0.0, "Agent0_Epoch34": 1.1920928955078125e-07, "Agent1_Epoch34": 0.0, "Agent2_Epoch34": 0.0, "Agent0_Epoch35": 1.1920928955078125e-07, "Agent1_Epoch35": 1.1920928955078125e-07, "Agent2_Epoch35": 0.0, "Agent0_Epoch36": 0.0, "Agent1_Epoch36": 0.0, "Agent2_Epoch36": 0.0, "Agent0_Epoch37": 1.1920928955078125e-07, "Agent1_Epoch37": 0.0, "Agent2_Epoch37": 0.0, "Agent0_Epoch38": 1.1920928955078125e-07, "Agent1_Epoch38": 0.0, "Agent2_Epoch38": 0.0, "Agent0_Epoch39": 1.1920928955078125e-07, "Agent1_Epoch39": -1.1920928955078125e-07, "Agent2_Epoch39": 0.0, "Agent0_Epoch40": 1.1920928955078125e-07, "Agent1_Epoch40": 1.1920928955078125e-07, "Agent2_Epoch40": 1.1920928955078125e-07, "Agent0_Epoch41": 1.1920928955078125e-07, "Agent1_Epoch41": 0.0, "Agent2_Epoch41": 0.0, "Agent0_Epoch42": -1.1920928955078125e-07, "Agent1_Epoch42": 0.0, "Agent2_Epoch42": 0.0, "Agent0_Epoch43": 0.0, "Agent1_Epoch43": 1.1920928955078125e-07, "Agent2_Epoch43": 1.1920928955078125e-07, "Agent0_Epoch44": 0.0, "Agent1_Epoch44": 0.0, "Agent2_Epoch44": 0.0, "Agent0_Epoch45": 0.0, "Agent1_Epoch45": -1.1920928955078125e-07, "Agent2_Epoch45": -1.1920928955078125e-07, "Agent0_Epoch46": 1.1920928955078125e-07, "Agent1_Epoch46": -1.1920928955078125e-07, "Agent2_Epoch46": -1.1920928955078125e-07, "Agent0_Epoch47": 1.1920928955078125e-07, "Agent1_Epoch47": 0.0, "Agent2_Epoch47": 0.0, "Agent0_Epoch48": 1.1920928955078125e-07, "Agent1_Epoch48": 1.1920928955078125e-07, "Agent2_Epoch48": 1.1920928955078125e-07, "Agent0_Epoch49": 0.0, "Agent1_Epoch49": 1.1920928955078125e-07, "Agent2_Epoch49": 0.0, "Agent0_Epoch50": 1.1920928955078125e-07, "Agent1_Epoch50": 1.1920928955078125e-07, "Agent2_Epoch50": 1.1920928955078125e-07}