{"Agent0_Epoch1": 0.2947387099266052, "Agent1_Epoch1": 0.2990761399269104, "Agent2_Epoch1": 0.9828488230705261, "Agent0_Epoch2": 0.06049543619155884, "Agent1_Epoch2": 0.1903960108757019, "Agent2_Epoch2": 0.19676369428634644, "Agent0_Epoch3": 0.024218201637268066, "Agent1_Epoch3": 0.05949997901916504, "Agent2_Epoch3": 0.06176191568374634, "Agent0_Epoch4": 0.011740446090698242, "Agent1_Epoch4": 0.021707892417907715, "Agent2_Epoch4": 0.022855758666992188, "Agent0_Epoch5": 0.006785869598388672, "Agent1_Epoch5": 0.010247349739074707, "Agent2_Epoch5": 0.010634064674377441, "Agent0_Epoch6": 0.004432201385498047, "Agent1_Epoch6": 0.005854606628417969, "Agent2_Epoch6": 0.005842626094818115, "Agent0_Epoch7": 0.003225386142730713, "Agent1_Epoch7": 0.0039035677909851074, "Agent2_Epoch7": 0.0041089653968811035, "Agent0_Epoch8": 0.0026412606239318848, "Agent1_Epoch8": 0.0030181407928466797, "Agent2_Epoch8": 0.003099977970123291, "Agent0_Epoch9": 0.0022459030151367188, "Agent1_Epoch9": 0.0024703145027160645, "Agent2_Epoch9": 0.0025687813758850098, "Agent0_Epoch10": 0.0019379258155822754, "Agent1_Epoch10": 0.0020774006843566895, "Agent2_Epoch10": 0.0021585822105407715, "Agent0_Epoch11": 0.0016908645629882812, "Agent1_Epoch11": 0.0017815232276916504, "Agent2_Epoch11": 0.0016958117485046387, "Agent0_Epoch12": 0.0013347864151000977, "Agent1_Epoch12": 0.0013898015022277832, "Agent2_Epoch12": 0.001340627670288086, "Agent0_Epoch13": 0.0009735226631164551, "Agent1_Epoch13": 0.0010048747062683105, "Agent2_Epoch13": 0.0009897351264953613, "Agent0_Epoch14": 0.0006762146949768066, "Agent1_Epoch14": 0.0006935596466064453, "Agent2_Epoch14": 0.0006662607192993164, "Agent0_Epoch15": 0.00044339895248413086, "Agent1_Epoch15": 0.00045233964920043945, "Agent2_Epoch15": 0.0004391670227050781, "Agent0_Epoch16": 0.0002796649932861328, "Agent1_Epoch16": 0.0002841949462890625, "Agent2_Epoch16": 0.00028324127197265625, "Agent0_Epoch17": 0.0001722574234008789, "Agent1_Epoch17": 0.00017446279525756836, "Agent2_Epoch17": 0.00017410516738891602, "Agent0_Epoch18": 0.00010377168655395508, "Agent1_Epoch18": 0.00010472536087036133, "Agent2_Epoch18": 0.0001055598258972168, "Agent0_Epoch19": 6.133317947387695e-05, "Agent1_Epoch19": 6.181001663208008e-05, "Agent2_Epoch19": 6.23464584350586e-05, "Agent0_Epoch20": 3.606081008911133e-05, "Agent1_Epoch20": 3.612041473388672e-05, "Agent2_Epoch20": 3.612041473388672e-05, "Agent0_Epoch21": 2.0563602447509766e-05, "Agent1_Epoch21": 2.0682811737060547e-05, "Agent2_Epoch21": 2.0563602447509766e-05, "Agent0_Epoch22": 1.1801719665527344e-05, "Agent1_Epoch22": 1.1801719665527344e-05, "Agent2_Epoch22": 1.1622905731201172e-05, "Agent0_Epoch23": 6.616115570068359e-06, "Agent1_Epoch23": 6.794929504394531e-06, "Agent2_Epoch23": 6.735324859619141e-06, "Agent0_Epoch24": 3.6954879760742188e-06, "Agent1_Epoch24": 3.5762786865234375e-06, "Agent2_Epoch24": 3.5762786865234375e-06, "Agent0_Epoch25": 2.0265579223632812e-06, "Agent1_Epoch25": 2.0265579223632812e-06, "Agent2_Epoch25": 1.9073486328125e-06, "Agent0_Epoch26": 1.0132789611816406e-06, "Agent1_Epoch26": 1.1920928955078125e-06, "Agent2_Epoch26": 1.1324882507324219e-06, "Agent0_Epoch27": 5.364418029785156e-07, "Agent1_Epoch27": 5.364418029785156e-07, "Agent2_Epoch27": 4.76837158203125e-07, "Agent0_Epoch28": 2.980232238769531e-07, "Agent1_Epoch28": 3.5762786865234375e-07, "Agent2_Epoch28": 2.980232238769531e-07, "Agent0_Epoch29": 2.980232238769531e-07, "Agent1_Epoch29": 2.980232238769531e-07, "Agent2_Epoch29": 1.7881393432617188e-07, "Agent0_Epoch30": 1.1920928955078125e-07, "Agent1_Epoch30": 1.1920928955078125e-07, "Agent2_Epoch30": 1.1920928955078125e-07, "Agent0_Epoch31": 0.0, "Agent1_Epoch31": 0.0, "Agent2_Epoch31": -1.1920928955078125e-07, "Agent0_Epoch32": -1.1920928955078125e-07, "Agent1_Epoch32": 1.1920928955078125e-07, "Agent2_Epoch32": 0.0, "Agent0_Epoch33": 0.0, "Agent1_Epoch33": 0.0, "Agent2_Epoch33": 0.0, "Agent0_Epoch34": 0.0, "Agent1_Epoch34": 0.0, "Agent2_Epoch34": 1.1920928955078125e-07, "Agent0_Epoch35": 0.0, "Agent1_Epoch35": -1.1920928955078125e-07, "Agent2_Epoch35": 1.1920928955078125e-07, "Agent0_Epoch36": 0.0, "Agent1_Epoch36": 1.1920928955078125e-07, "Agent2_Epoch36": 0.0, "Agent0_Epoch37": 0.0, "Agent1_Epoch37": 0.0, "Agent2_Epoch37": 0.0, "Agent0_Epoch38": 1.1920928955078125e-07, "Agent1_Epoch38": 0.0, "Agent2_Epoch38": 0.0, "Agent0_Epoch39": 0.0, "Agent1_Epoch39": -1.1920928955078125e-07, "Agent2_Epoch39": -2.384185791015625e-07, "Agent0_Epoch40": 0.0, "Agent1_Epoch40": -1.1920928955078125e-07, "Agent2_Epoch40": 0.0, "Agent0_Epoch41": 1.1920928955078125e-07, "Agent1_Epoch41": 0.0, "Agent2_Epoch41": 0.0, "Agent0_Epoch42": 0.0, "Agent1_Epoch42": 1.1920928955078125e-07, "Agent2_Epoch42": 1.1920928955078125e-07, "Agent0_Epoch43": -1.1920928955078125e-07, "Agent1_Epoch43": 0.0, "Agent2_Epoch43": 0.0, "Agent0_Epoch44": 1.1920928955078125e-07, "Agent1_Epoch44": 1.1920928955078125e-07, "Agent2_Epoch44": 1.1920928955078125e-07, "Agent0_Epoch45": 0.0, "Agent1_Epoch45": 0.0, "Agent2_Epoch45": 0.0, "Agent0_Epoch46": 0.0, "Agent1_Epoch46": -1.1920928955078125e-07, "Agent2_Epoch46": -1.1920928955078125e-07, "Agent0_Epoch47": 0.0, "Agent1_Epoch47": 0.0, "Agent2_Epoch47": 0.0, "Agent0_Epoch48": 0.0, "Agent1_Epoch48": 1.1920928955078125e-07, "Agent2_Epoch48": 1.1920928955078125e-07, "Agent0_Epoch49": 0.0, "Agent1_Epoch49": 0.0, "Agent2_Epoch49": 0.0, "Agent0_Epoch50": -1.1920928955078125e-07, "Agent1_Epoch50": -1.1920928955078125e-07, "Agent2_Epoch50": -1.1920928955078125e-07}