{"E1_agent0_norm": 2.4180986881256104, "E1_agent1_norm": 2.3308119773864746, "E1_agent2_norm": 2.3300061225891113, "E2_agent0_norm": 0.7501903772354126, "E2_agent1_norm": 1.1471991539001465, "E2_agent2_norm": 1.0943138599395752, "E3_agent0_norm": 0.7432439923286438, "E3_agent1_norm": 0.9513731598854065, "E3_agent2_norm": 0.9017491340637207, "E4_agent0_norm": 0.6125298738479614, "E4_agent1_norm": 0.6582123637199402, "E4_agent2_norm": 0.6333442330360413, "E5_agent0_norm": 0.4761061370372772, "E5_agent1_norm": 0.5168738961219788, "E5_agent2_norm": 0.5092891454696655, "E6_agent0_norm": 0.39726293087005615, "E6_agent1_norm": 554172416.0, "E6_agent2_norm": 0.3545776903629303, "E7_agent0_norm": 0.3468027710914612, "E7_agent1_norm": 0.28706398606300354, "E7_agent2_norm": 0.2920658588409424, "E8_agent0_norm": 554172416.0, "E8_agent1_norm": 0.2350083887577057, "E8_agent2_norm": 554172416.0, "E9_agent0_norm": 0.3347766697406769, "E9_agent1_norm": 554172416.0, "E9_agent2_norm": 0.20125779509544373, "E10_agent0_norm": 0.3138466477394104, "E10_agent1_norm": 0.17500357329845428, "E10_agent2_norm": 0.17322154343128204, "E11_agent0_norm": 0.28932511806488037, "E11_agent1_norm": 554172416.0, "E11_agent2_norm": 0.1485043466091156, "E12_agent0_norm": 0.2355305254459381, "E12_agent1_norm": 0.11326360702514648, "E12_agent2_norm": 0.11619716137647629, "E13_agent0_norm": 0.18359360098838806, "E13_agent1_norm": 0.0745345950126648, "E13_agent2_norm": 0.07454393804073334, "E14_agent0_norm": 0.13069863617420197, "E14_agent1_norm": 0.049219515174627304, "E14_agent2_norm": 0.04903418570756912, "E15_agent0_norm": 0.09800446778535843, "E15_agent1_norm": 0.03483925014734268, "E15_agent2_norm": 0.03490867838263512, "E16_agent0_norm": 0.07143913954496384, "E16_agent1_norm": 0.02395804412662983, "E16_agent2_norm": 0.024097304791212082, "E17_agent0_norm": 554172416.0, "E17_agent1_norm": 0.017274906858801842, "E17_agent2_norm": 0.017248619347810745, "E18_agent0_norm": 0.03724644333124161, "E18_agent1_norm": 0.012021304108202457, "E18_agent2_norm": 0.012050023302435875, "E19_agent0_norm": 0.02730521187186241, "E19_agent1_norm": 0.013794845901429653, "E19_agent2_norm": 0.008455418050289154, "E20_agent0_norm": 0.019701514393091202, "E20_agent1_norm": 0.005945967044681311, "E20_agent2_norm": 0.005937912035733461, "E21_agent0_norm": 0.017962828278541565, "E21_agent1_norm": 0.004364136140793562, "E21_agent2_norm": 0.0043921638280153275, "E22_agent0_norm": 0.014926690608263016, "E22_agent1_norm": 0.0030066214967519045, "E22_agent2_norm": 0.01133048813790083, "E23_agent0_norm": 0.007334396708756685, "E23_agent1_norm": 0.0022032212000340223, "E23_agent2_norm": 0.011149660684168339, "E24_agent0_norm": 0.005286955740302801, "E24_agent1_norm": 0.011040431447327137, "E24_agent2_norm": 0.0016026099910959601, "E25_agent0_norm": 0.0036563791800290346, "E25_agent1_norm": 0.010996398515999317, "E25_agent2_norm": 0.0010860064066946507, "E26_agent0_norm": 0.002609476912766695, "E26_agent1_norm": 0.010969245806336403, "E26_agent2_norm": 0.0007689521298743784, "E27_agent0_norm": 0.001817699521780014, "E27_agent1_norm": 0.010957528837025166, "E27_agent2_norm": 0.0005378999630920589, "E28_agent0_norm": 0.01102368626743555, "E28_agent1_norm": 0.000383921928005293, "E28_agent2_norm": 0.0006585566443391144, "E29_agent0_norm": 0.0009297003853134811, "E29_agent1_norm": 0.010949186980724335, "E29_agent2_norm": 0.0006022895686328411, "E30_agent0_norm": 0.01096685603260994, "E30_agent1_norm": 0.00018858961993828416, "E30_agent2_norm": 0.0005705675575882196, "E31_agent0_norm": 0.0004864188376814127, "E31_agent1_norm": 0.0005540145793929696, "E31_agent2_norm": 0.00022481086489278823, "E32_agent0_norm": 0.0006278558284975588, "E32_agent1_norm": 0.0002092023496516049, "E32_agent2_norm": 9.495625272393227e-05, "E33_agent0_norm": 0.00030474725645035505, "E33_agent1_norm": 6.518635200336576e-05, "E33_agent2_norm": 0.00020337451132945716, "E34_agent0_norm": 0.00015619814803358167, "E34_agent1_norm": 0.00020463686087168753, "E34_agent2_norm": 4.647883542929776e-05, "E35_agent0_norm": 0.0002474227221682668, "E35_agent1_norm": 3.206880501238629e-05, "E35_agent2_norm": 0.00020854426838923246, "E36_agent0_norm": 7.560482481494546e-05, "E36_agent1_norm": 0.0002129463682649657, "E36_agent2_norm": 2.304086046933662e-05, "E37_agent0_norm": 4.5738701820373535, "E37_agent1_norm": 0.00021690531866624951, "E37_agent2_norm": 4.573851585388184, "E38_agent0_norm": 0.0006478811847046018, "E38_agent1_norm": 1.0992449460900389e-05, "E38_agent2_norm": 0.0006353524513542652, "E39_agent0_norm": 2.6026802515843883e-05, "E39_agent1_norm": 0.00010800878226291388, "E39_agent2_norm": 7.831727089069318e-06, "E40_agent0_norm": 0.00011118313705082983, "E40_agent1_norm": 5.43542819286813e-06, "E40_agent2_norm": 0.00010841224138857797, "E41_agent0_norm": 1.2905767107440624e-05, "E41_agent1_norm": 0.00010880562331294641, "E41_agent2_norm": 3.887021193804685e-06, "E42_agent0_norm": 0.0001103565446101129, "E42_agent1_norm": 668008448.0, "E42_agent2_norm": 2.7613471047516214e-06, "E43_agent0_norm": 0.00011024331615772098, "E43_agent1_norm": 668008448.0, "E43_agent2_norm": 1.9768517631746363e-06, "E44_agent0_norm": 0.00011018863006029278, "E44_agent1_norm": 668008448.0, "E44_agent2_norm": 1.4909281844666111e-06, "E45_agent0_norm": 0.00011016171629307792, "E45_agent1_norm": 668008448.0, "E45_agent2_norm": 1.2646470395338838e-06, "E46_agent0_norm": 2.251082833026885e-06, "E46_agent1_norm": 0.00010985700646415353, "E46_agent2_norm": 668008448.0, "E47_agent0_norm": 1.5298126072593732e-06, "E47_agent1_norm": 668008448.0, "E47_agent2_norm": 7.113034143912955e-07, "E48_agent0_norm": 9.788516308617545e-07, "E48_agent1_norm": 4.873837724517216e-07, "E48_agent2_norm": 5.746270517192897e-07, "E49_agent0_norm": 0.00011013715993613005, "E49_agent1_norm": 668008448.0, "E49_agent2_norm": 3.1477003403779236e-07, "E50_agent0_norm": 3.5254396379968966e-07, "E50_agent1_norm": 0.00011010911839548498, "E50_agent2_norm": 668008448.0}