{"Agent0_Epoch1": 0.2939876317977905, "Agent1_Epoch1": 0.2948176860809326, "Agent2_Epoch1": 0.9924874901771545, "Agent0_Epoch2": 0.0620235800743103, "Agent1_Epoch2": 0.185910165309906, "Agent2_Epoch2": 0.18969565629959106, "Agent0_Epoch3": 0.024871110916137695, "Agent1_Epoch3": 0.059181153774261475, "Agent2_Epoch3": 0.06139177083969116, "Agent0_Epoch4": 0.012024521827697754, "Agent1_Epoch4": 0.02181112766265869, "Agent2_Epoch4": 0.023002326488494873, "Agent0_Epoch5": 0.00685805082321167, "Agent1_Epoch5": 0.010234355926513672, "Agent2_Epoch5": 0.010456979274749756, "Agent0_Epoch6": 0.004417359828948975, "Agent1_Epoch6": 0.005797147750854492, "Agent2_Epoch6": 0.006130993366241455, "Agent0_Epoch7": 0.0031180977821350098, "Agent1_Epoch7": 0.0037570595741271973, "Agent2_Epoch7": 0.004051089286804199, "Agent0_Epoch8": 0.0024129748344421387, "Agent1_Epoch8": 0.0027489066123962402, "Agent2_Epoch8": 0.00294649600982666, "Agent0_Epoch9": 0.0019437074661254883, "Agent1_Epoch9": 0.002132713794708252, "Agent2_Epoch9": 0.002455592155456543, "Agent0_Epoch10": 0.001646876335144043, "Agent1_Epoch10": 0.0017620325088500977, "Agent2_Epoch10": 0.0019878745079040527, "Agent0_Epoch11": 0.0013960003852844238, "Agent1_Epoch11": 0.001468062400817871, "Agent2_Epoch11": 0.0016782283782958984, "Agent0_Epoch12": 0.0011434555053710938, "Agent1_Epoch12": 0.0011883974075317383, "Agent2_Epoch12": 0.0012871623039245605, "Agent0_Epoch13": 0.0008635520935058594, "Agent1_Epoch13": 0.0008900165557861328, "Agent2_Epoch13": 0.0009381771087646484, "Agent0_Epoch14": 0.0006097555160522461, "Agent1_Epoch14": 0.0006244778633117676, "Agent2_Epoch14": 0.000632166862487793, "Agent0_Epoch15": 0.00040590763092041016, "Agent1_Epoch15": 0.00041365623474121094, "Agent2_Epoch15": 0.000424802303314209, "Agent0_Epoch16": 0.00026166439056396484, "Agent1_Epoch16": 0.0002657771110534668, "Agent2_Epoch16": 0.000264585018157959, "Agent0_Epoch17": 0.0001614689826965332, "Agent1_Epoch17": 0.00016349554061889648, "Agent2_Epoch17": 0.0001666545867919922, "Agent0_Epoch18": 9.715557098388672e-05, "Agent1_Epoch18": 9.799003601074219e-05, "Agent2_Epoch18": 0.00010085105895996094, "Agent0_Epoch19": 5.78761100769043e-05, "Agent1_Epoch19": 5.823373794555664e-05, "Agent2_Epoch19": 5.8770179748535156e-05, "Agent0_Epoch20": 3.355741500854492e-05, "Agent1_Epoch20": 3.3855438232421875e-05, "Agent2_Epoch20": 3.3855438232421875e-05, "Agent0_Epoch21": 1.913309097290039e-05, "Agent1_Epoch21": 1.9371509552001953e-05, "Agent2_Epoch21": 1.9490718841552734e-05, "Agent0_Epoch22": 1.0788440704345703e-05, "Agent1_Epoch22": 1.0907649993896484e-05, "Agent2_Epoch22": 1.0967254638671875e-05, "Agent0_Epoch23": 5.9604644775390625e-06, "Agent1_Epoch23": 6.139278411865234e-06, "Agent2_Epoch23": 6.139278411865234e-06, "Agent0_Epoch24": 3.337860107421875e-06, "Agent1_Epoch24": 3.337860107421875e-06, "Agent2_Epoch24": 3.4570693969726562e-06, "Agent0_Epoch25": 1.8477439880371094e-06, "Agent1_Epoch25": 1.9669532775878906e-06, "Agent2_Epoch25": 2.0265579223632812e-06, "Agent0_Epoch26": 9.5367431640625e-07, "Agent1_Epoch26": 9.5367431640625e-07, "Agent2_Epoch26": 1.0132789611816406e-06, "Agent0_Epoch27": 5.364418029785156e-07, "Agent1_Epoch27": 6.556510925292969e-07, "Agent2_Epoch27": 4.76837158203125e-07, "Agent0_Epoch28": 2.980232238769531e-07, "Agent1_Epoch28": 3.5762786865234375e-07, "Agent2_Epoch28": 3.5762786865234375e-07, "Agent0_Epoch29": 1.1920928955078125e-07, "Agent1_Epoch29": 1.1920928955078125e-07, "Agent2_Epoch29": 1.7881393432617188e-07, "Agent0_Epoch30": 1.1920928955078125e-07, "Agent1_Epoch30": 0.0, "Agent2_Epoch30": 0.0, "Agent0_Epoch31": 0.0, "Agent1_Epoch31": 1.1920928955078125e-07, "Agent2_Epoch31": 0.0, "Agent0_Epoch32": 0.0, "Agent1_Epoch32": 1.1920928955078125e-07, "Agent2_Epoch32": 1.1920928955078125e-07, "Agent0_Epoch33": 0.0, "Agent1_Epoch33": -1.1920928955078125e-07, "Agent2_Epoch33": -1.1920928955078125e-07, "Agent0_Epoch34": 0.0, "Agent1_Epoch34": 0.0, "Agent2_Epoch34": 0.0, "Agent0_Epoch35": 0.0, "Agent1_Epoch35": 1.1920928955078125e-07, "Agent2_Epoch35": 0.0, "Agent0_Epoch36": 0.0, "Agent1_Epoch36": -1.1920928955078125e-07, "Agent2_Epoch36": -1.1920928955078125e-07, "Agent0_Epoch37": -1.1920928955078125e-07, "Agent1_Epoch37": 1.1920928955078125e-07, "Agent2_Epoch37": 0.0, "Agent0_Epoch38": 0.0, "Agent1_Epoch38": -1.1920928955078125e-07, "Agent2_Epoch38": -1.1920928955078125e-07, "Agent0_Epoch39": 0.0, "Agent1_Epoch39": 0.0, "Agent2_Epoch39": -1.1920928955078125e-07, "Agent0_Epoch40": 0.0, "Agent1_Epoch40": 0.0, "Agent2_Epoch40": 0.0, "Agent0_Epoch41": -1.1920928955078125e-07, "Agent1_Epoch41": -1.1920928955078125e-07, "Agent2_Epoch41": -1.1920928955078125e-07, "Agent0_Epoch42": 1.1920928955078125e-07, "Agent1_Epoch42": 1.1920928955078125e-07, "Agent2_Epoch42": 1.1920928955078125e-07, "Agent0_Epoch43": 0.0, "Agent1_Epoch43": 0.0, "Agent2_Epoch43": 0.0, "Agent0_Epoch44": 1.1920928955078125e-07, "Agent1_Epoch44": 0.0, "Agent2_Epoch44": 1.1920928955078125e-07, "Agent0_Epoch45": 0.0, "Agent1_Epoch45": 0.0, "Agent2_Epoch45": 0.0, "Agent0_Epoch46": 0.0, "Agent1_Epoch46": 0.0, "Agent2_Epoch46": 0.0, "Agent0_Epoch47": 0.0, "Agent1_Epoch47": 0.0, "Agent2_Epoch47": 0.0, "Agent0_Epoch48": 1.1920928955078125e-07, "Agent1_Epoch48": 0.0, "Agent2_Epoch48": 0.0, "Agent0_Epoch49": -1.1920928955078125e-07, "Agent1_Epoch49": 0.0, "Agent2_Epoch49": 0.0, "Agent0_Epoch50": 0.0, "Agent1_Epoch50": 1.1920928955078125e-07, "Agent2_Epoch50": 1.1920928955078125e-07}