{"Agent0_Epoch1": 0.2879183292388916, "Agent1_Epoch1": 0.288943886756897, "Agent2_Epoch1": 0.9829674959182739, "Agent0_Epoch2": 0.061199843883514404, "Agent1_Epoch2": 0.18842291831970215, "Agent2_Epoch2": 0.19376122951507568, "Agent0_Epoch3": 0.0246121883392334, "Agent1_Epoch3": 0.05966639518737793, "Agent2_Epoch3": 0.06166797876358032, "Agent0_Epoch4": 0.012000799179077148, "Agent1_Epoch4": 0.022103190422058105, "Agent2_Epoch4": 0.02264273166656494, "Agent0_Epoch5": 0.0069879889488220215, "Agent1_Epoch5": 0.010534524917602539, "Agent2_Epoch5": 0.01065593957901001, "Agent0_Epoch6": 0.004622101783752441, "Agent1_Epoch6": 0.006103336811065674, "Agent2_Epoch6": 0.005952000617980957, "Agent0_Epoch7": 0.003430783748626709, "Agent1_Epoch7": 0.00415271520614624, "Agent2_Epoch7": 0.003921985626220703, "Agent0_Epoch8": 0.002720057964324951, "Agent1_Epoch8": 0.003110229969024658, "Agent2_Epoch8": 0.0028647780418395996, "Agent0_Epoch9": 0.0023565292358398438, "Agent1_Epoch9": 0.002593696117401123, "Agent2_Epoch9": 0.0023410916328430176, "Agent0_Epoch10": 0.002048313617706299, "Agent1_Epoch10": 0.0021976828575134277, "Agent2_Epoch10": 0.002049565315246582, "Agent0_Epoch11": 0.0017483830451965332, "Agent1_Epoch11": 0.0018434524536132812, "Agent2_Epoch11": 0.0017406940460205078, "Agent0_Epoch12": 0.0014182329177856445, "Agent1_Epoch12": 0.0014778971672058105, "Agent2_Epoch12": 0.0014150142669677734, "Agent0_Epoch13": 0.0010392069816589355, "Agent1_Epoch13": 0.0010736584663391113, "Agent2_Epoch13": 0.0010502934455871582, "Agent0_Epoch14": 0.0007178187370300293, "Agent1_Epoch14": 0.0007368922233581543, "Agent2_Epoch14": 0.0007447004318237305, "Agent0_Epoch15": 0.00047457218170166016, "Agent1_Epoch15": 0.00048470497131347656, "Agent2_Epoch15": 0.00047147274017333984, "Agent0_Epoch16": 0.0002982020378112793, "Agent1_Epoch16": 0.0003032684326171875, "Agent2_Epoch16": 0.00029671192169189453, "Agent0_Epoch17": 0.0001831650733947754, "Agent1_Epoch17": 0.00018548965454101562, "Agent2_Epoch17": 0.00018733739852905273, "Agent0_Epoch18": 0.00011026859283447266, "Agent1_Epoch18": 0.00011140108108520508, "Agent2_Epoch18": 0.00011301040649414062, "Agent0_Epoch19": 6.526708602905273e-05, "Agent1_Epoch19": 6.580352783203125e-05, "Agent2_Epoch19": 6.705522537231445e-05, "Agent0_Epoch20": 3.826618194580078e-05, "Agent1_Epoch20": 3.844499588012695e-05, "Agent2_Epoch20": 3.838539123535156e-05, "Agent0_Epoch21": 2.181529998779297e-05, "Agent1_Epoch21": 2.181529998779297e-05, "Agent2_Epoch21": 2.187490463256836e-05, "Agent0_Epoch22": 1.233816146850586e-05, "Agent1_Epoch22": 1.245737075805664e-05, "Agent2_Epoch22": 1.2218952178955078e-05, "Agent0_Epoch23": 6.9141387939453125e-06, "Agent1_Epoch23": 6.9141387939453125e-06, "Agent2_Epoch23": 6.9141387939453125e-06, "Agent0_Epoch24": 3.814697265625e-06, "Agent1_Epoch24": 3.933906555175781e-06, "Agent2_Epoch24": 3.814697265625e-06, "Agent0_Epoch25": 2.086162567138672e-06, "Agent1_Epoch25": 2.086162567138672e-06, "Agent2_Epoch25": 2.1457672119140625e-06, "Agent0_Epoch26": 1.1920928955078125e-06, "Agent1_Epoch26": 1.1920928955078125e-06, "Agent2_Epoch26": 1.1920928955078125e-06, "Agent0_Epoch27": 5.364418029785156e-07, "Agent1_Epoch27": 5.364418029785156e-07, "Agent2_Epoch27": 6.556510925292969e-07, "Agent0_Epoch28": 3.5762786865234375e-07, "Agent1_Epoch28": 2.980232238769531e-07, "Agent2_Epoch28": 2.980232238769531e-07, "Agent0_Epoch29": 1.7881393432617188e-07, "Agent1_Epoch29": 3.5762786865234375e-07, "Agent2_Epoch29": 2.980232238769531e-07, "Agent0_Epoch30": 1.1920928955078125e-07, "Agent1_Epoch30": 0.0, "Agent2_Epoch30": 1.1920928955078125e-07, "Agent0_Epoch31": 1.7881393432617188e-07, "Agent1_Epoch31": 0.0, "Agent2_Epoch31": 1.7881393432617188e-07, "Agent0_Epoch32": 1.1920928955078125e-07, "Agent1_Epoch32": 0.0, "Agent2_Epoch32": 1.1920928955078125e-07, "Agent0_Epoch33": 0.0, "Agent1_Epoch33": 0.0, "Agent2_Epoch33": 0.0, "Agent0_Epoch34": 1.1920928955078125e-07, "Agent1_Epoch34": 0.0, "Agent2_Epoch34": 1.1920928955078125e-07, "Agent0_Epoch35": 0.0, "Agent1_Epoch35": -1.1920928955078125e-07, "Agent2_Epoch35": -1.1920928955078125e-07, "Agent0_Epoch36": 1.1920928955078125e-07, "Agent1_Epoch36": 0.0, "Agent2_Epoch36": -1.1920928955078125e-07, "Agent0_Epoch37": 1.1920928955078125e-07, "Agent1_Epoch37": 1.1920928955078125e-07, "Agent2_Epoch37": 0.0, "Agent0_Epoch38": 0.0, "Agent1_Epoch38": 1.1920928955078125e-07, "Agent2_Epoch38": 1.1920928955078125e-07, "Agent0_Epoch39": 1.1920928955078125e-07, "Agent1_Epoch39": -2.384185791015625e-07, "Agent2_Epoch39": -1.1920928955078125e-07, "Agent0_Epoch40": 1.1920928955078125e-07, "Agent1_Epoch40": 0.0, "Agent2_Epoch40": 1.1920928955078125e-07, "Agent0_Epoch41": 0.0, "Agent1_Epoch41": 0.0, "Agent2_Epoch41": 0.0, "Agent0_Epoch42": 1.1920928955078125e-07, "Agent1_Epoch42": 1.1920928955078125e-07, "Agent2_Epoch42": 0.0, "Agent0_Epoch43": 0.0, "Agent1_Epoch43": 0.0, "Agent2_Epoch43": 0.0, "Agent0_Epoch44": 0.0, "Agent1_Epoch44": 0.0, "Agent2_Epoch44": 0.0, "Agent0_Epoch45": 1.1920928955078125e-07, "Agent1_Epoch45": 0.0, "Agent2_Epoch45": 0.0, "Agent0_Epoch46": 1.1920928955078125e-07, "Agent1_Epoch46": 1.1920928955078125e-07, "Agent2_Epoch46": 1.1920928955078125e-07, "Agent0_Epoch47": 1.1920928955078125e-07, "Agent1_Epoch47": -1.1920928955078125e-07, "Agent2_Epoch47": -1.1920928955078125e-07, "Agent0_Epoch48": 1.1920928955078125e-07, "Agent1_Epoch48": 1.1920928955078125e-07, "Agent2_Epoch48": 0.0, "Agent0_Epoch49": 1.1920928955078125e-07, "Agent1_Epoch49": 0.0, "Agent2_Epoch49": 0.0, "Agent0_Epoch50": 0.0, "Agent1_Epoch50": 0.0, "Agent2_Epoch50": 0.0}