{"E1_agent0_norm": 7.1015706062316895, "E1_agent1_norm": 1.838879108428955, "E1_agent2_norm": 2.1275041103363037, "E1_agent3_norm": 1.8730489015579224, "E1_agent4_norm": 2.155386447906494, "E2_agent0_norm": 3.2903032302856445, "E2_agent1_norm": 0.8504835367202759, "E2_agent2_norm": 0.806838870048523, "E2_agent3_norm": 0.9523305296897888, "E2_agent4_norm": 0.9325463175773621, "E3_agent0_norm": 2.184527635574341, "E3_agent1_norm": 0.4469767212867737, "E3_agent2_norm": 0.521126389503479, "E3_agent3_norm": 0.4559059739112854, "E3_agent4_norm": 0.488119512796402, "E4_agent0_norm": 1.4695394039154053, "E4_agent1_norm": 0.32207658886909485, "E4_agent2_norm": 0.35832908749580383, "E4_agent3_norm": 0.3574533462524414, "E4_agent4_norm": 0.5128658413887024, "E5_agent0_norm": 1.013665795326233, "E5_agent1_norm": 0.25532904267311096, "E5_agent2_norm": 0.25994330644607544, "E5_agent3_norm": 0.2253955751657486, "E5_agent4_norm": 0.29623112082481384, "E6_agent0_norm": 0.7442718744277954, "E6_agent1_norm": 0.20158886909484863, "E6_agent2_norm": 0.20632001757621765, "E6_agent3_norm": 0.1922127604484558, "E6_agent4_norm": 0.2555384337902069, "E7_agent0_norm": 0.5240303874015808, "E7_agent1_norm": 0.14704205095767975, "E7_agent2_norm": 0.15626214444637299, "E7_agent3_norm": 0.1263851523399353, "E7_agent4_norm": 0.15285688638687134, "E8_agent0_norm": 0.38243141770362854, "E8_agent1_norm": 0.11722712218761444, "E8_agent2_norm": 0.10901384055614471, "E8_agent3_norm": 0.10504201799631119, "E8_agent4_norm": 0.13594642281532288, "E9_agent0_norm": 0.2681722342967987, "E9_agent1_norm": 0.07416769862174988, "E9_agent2_norm": 0.07769927382469177, "E9_agent3_norm": 0.06832050532102585, "E9_agent4_norm": 0.0901661366224289, "E10_agent0_norm": 0.18796010315418243, "E10_agent1_norm": 0.05708729848265648, "E10_agent2_norm": 0.062211405485868454, "E10_agent3_norm": 0.06477437913417816, "E10_agent4_norm": 0.07428421080112457, "E11_agent0_norm": 0.13691529631614685, "E11_agent1_norm": 0.04643549397587776, "E11_agent2_norm": 0.040831416845321655, "E11_agent3_norm": 0.040577683597803116, "E11_agent4_norm": 0.050568390637636185, "E12_agent0_norm": 0.09773096442222595, "E12_agent1_norm": 0.03455551713705063, "E12_agent2_norm": 0.0281766839325428, "E12_agent3_norm": 0.03186889737844467, "E12_agent4_norm": 0.03526674583554268, "E13_agent0_norm": 0.07277290523052216, "E13_agent1_norm": 0.02242276631295681, "E13_agent2_norm": 0.020562196150422096, "E13_agent3_norm": 0.024030519649386406, "E13_agent4_norm": 0.030155127868056297, "E14_agent0_norm": 0.05016925930976868, "E14_agent1_norm": 0.014874204061925411, "E14_agent2_norm": 0.016225550323724747, "E14_agent3_norm": 0.013709189370274544, "E14_agent4_norm": 0.016532842069864273, "E15_agent0_norm": 0.036994319409132004, "E15_agent1_norm": 0.010528857819736004, "E15_agent2_norm": 0.010187755338847637, "E15_agent3_norm": 0.01019539125263691, "E15_agent4_norm": 0.013220802880823612, "E16_agent0_norm": 0.024556854739785194, "E16_agent1_norm": 0.008226239122450352, "E16_agent2_norm": 0.007536020595580339, "E16_agent3_norm": 0.007966319099068642, "E16_agent4_norm": 0.008042631670832634, "E17_agent0_norm": 0.017913050949573517, "E17_agent1_norm": 0.004911377560347319, "E17_agent2_norm": 0.005118354689329863, "E17_agent3_norm": 0.0051666065119206905, "E17_agent4_norm": 0.005515399854630232, "E18_agent0_norm": 0.011954579502344131, "E18_agent1_norm": 0.0036428452003747225, "E18_agent2_norm": 0.004286126233637333, "E18_agent3_norm": 0.003136376151815057, "E18_agent4_norm": 0.004012916702777147, "E19_agent0_norm": 0.008197728544473648, "E19_agent1_norm": 0.002721672412008047, "E19_agent2_norm": 0.003021580632776022, "E19_agent3_norm": 0.002624685410410166, "E19_agent4_norm": 0.0032061594538390636, "E20_agent0_norm": 0.006338868290185928, "E20_agent1_norm": 0.0019134022295475006, "E20_agent2_norm": 0.001773257041350007, "E20_agent3_norm": 0.0017849532887339592, "E20_agent4_norm": 0.0019018050516024232, "E21_agent0_norm": 0.0042371065355837345, "E21_agent1_norm": 0.0011457554064691067, "E21_agent2_norm": 0.001225195243023336, "E21_agent3_norm": 0.0010623704874888062, "E21_agent4_norm": 0.0014970209449529648, "E22_agent0_norm": 0.0029811090789735317, "E22_agent1_norm": 0.0011503477580845356, "E22_agent2_norm": 0.0009818233083933592, "E22_agent3_norm": 0.0008397292112931609, "E22_agent4_norm": 0.0009488885989412665, "E23_agent0_norm": 0.0020226985216140747, "E23_agent1_norm": 0.0007264773594215512, "E23_agent2_norm": 0.0006535427528433502, "E23_agent3_norm": 0.0006327008595690131, "E23_agent4_norm": 0.0008247290970757604, "E24_agent0_norm": 0.0014150451170280576, "E24_agent1_norm": 0.00060372578445822, "E24_agent2_norm": 0.0004645520821213722, "E24_agent3_norm": 0.0004386616055853665, "E24_agent4_norm": 0.00042936322279274464, "E25_agent0_norm": 0.0010107576381415129, "E25_agent1_norm": 0.0003806533059105277, "E25_agent2_norm": 0.00029557725065387785, "E25_agent3_norm": 0.0003185632813256234, "E25_agent4_norm": 0.00038356054574251175, "E26_agent0_norm": 0.0007496175821870565, "E26_agent1_norm": 0.00032512826146557927, "E26_agent2_norm": 0.00022452446864917874, "E26_agent3_norm": 0.00023431665613316, "E26_agent4_norm": 0.00029473696486093104, "E27_agent0_norm": 0.0005156091065146029, "E27_agent1_norm": 0.0002116221294272691, "E27_agent2_norm": 0.00014943277346901596, "E27_agent3_norm": 0.00019917526515200734, "E27_agent4_norm": 0.00014990533236414194, "E28_agent0_norm": 0.0003557763120625168, "E28_agent1_norm": 0.00015359825920313597, "E28_agent2_norm": 0.00010265521268593147, "E28_agent3_norm": 0.0001087122000171803, "E28_agent4_norm": 0.00010297044354956597, "E29_agent0_norm": 0.00024324261175934225, "E29_agent1_norm": 7.324890611926094e-05, "E29_agent2_norm": 7.506309339078143e-05, "E29_agent3_norm": 7.034713780740276e-05, "E29_agent4_norm": 8.768933912506327e-05, "E30_agent0_norm": 0.00016852306725922972, "E30_agent1_norm": 7.312309026019648e-05, "E30_agent2_norm": 6.127619417384267e-05, "E30_agent3_norm": 5.291410707286559e-05, "E30_agent4_norm": 4.89947633468546e-05, "E31_agent0_norm": 0.00011872174218297005, "E31_agent1_norm": 3.9028236642479897e-05, "E31_agent2_norm": 3.231543450965546e-05, "E31_agent3_norm": 3.2371444831369445e-05, "E31_agent4_norm": 5.0414888391969725e-05, "E32_agent0_norm": 8.179101132554933e-05, "E32_agent1_norm": 2.6566780434222892e-05, "E32_agent2_norm": 2.8065169317414984e-05, "E32_agent3_norm": 2.4989722078316845e-05, "E32_agent4_norm": 2.7277525077806786e-05, "E33_agent0_norm": 6.065961497370154e-05, "E33_agent1_norm": 1.8039607311948203e-05, "E33_agent2_norm": 1.6871967090992257e-05, "E33_agent3_norm": 1.6992145901895128e-05, "E33_agent4_norm": 1.8415526938042603e-05, "E34_agent0_norm": 3.898302384186536e-05, "E34_agent1_norm": 1.929575955728069e-05, "E34_agent2_norm": 1.5562116459477693e-05, "E34_agent3_norm": 1.399978827976156e-05, "E34_agent4_norm": 1.4110967640590388e-05, "E35_agent0_norm": 3.2862673833733425e-05, "E35_agent1_norm": 1.013530527416151e-05, "E35_agent2_norm": 1.0181091056438163e-05, "E35_agent3_norm": 1.2499011063482612e-05, "E35_agent4_norm": 1.2420982784533408e-05, "E36_agent0_norm": 2.1479767383425497e-05, "E36_agent1_norm": 7.039121555862948e-06, "E36_agent2_norm": 6.4005648710008245e-06, "E36_agent3_norm": 5.070598035672447e-06, "E36_agent4_norm": 7.1494073381472845e-06, "E37_agent0_norm": 1.542609606985934e-05, "E37_agent1_norm": 5.449091077025514e-06, "E37_agent2_norm": 4.9302925617666915e-06, "E37_agent3_norm": 4.631334832083667e-06, "E37_agent4_norm": 5.86179976380663e-06, "E38_agent0_norm": 1.120831166190328e-05, "E38_agent1_norm": 2.903279892052524e-06, "E38_agent2_norm": 3.2884199754334986e-06, "E38_agent3_norm": 3.0301641800178913e-06, "E38_agent4_norm": 3.4401659831928555e-06, "E39_agent0_norm": 9.311994290328585e-06, "E39_agent1_norm": 1.893254193419125e-06, "E39_agent2_norm": 2.0287454844947206e-06, "E39_agent3_norm": 1.98870634449122e-06, "E39_agent4_norm": 2.292093313371879e-06,