{"Agent0_Epoch1": 0.20875489711761475, "Agent1_Epoch1": 0.3846386671066284, "Agent2_Epoch1": 0.9997078776359558, "Agent3_Epoch1": 0.9993630051612854, "Agent4_Epoch1": 0.9989024996757507, "Agent0_Epoch2": 0.06248277425765991, "Agent1_Epoch2": 0.6492798328399658, "Agent2_Epoch2": 0.6589475870132446, "Agent3_Epoch2": 0.6573370099067688, "Agent4_Epoch2": 0.6594562530517578, "Agent0_Epoch3": 0.06015825271606445, "Agent1_Epoch3": 0.6550998687744141, "Agent2_Epoch3": 0.6572198867797852, "Agent3_Epoch3": 0.6568766832351685, "Agent4_Epoch3": 0.65766841173172, "Agent0_Epoch4": 0.05790829658508301, "Agent1_Epoch4": 0.6621236205101013, "Agent2_Epoch4": 0.6630524396896362, "Agent3_Epoch4": 0.663015604019165, "Agent4_Epoch4": 0.6633243560791016, "Agent0_Epoch5": 0.05736589431762695, "Agent1_Epoch5": 0.6636984348297119, "Agent2_Epoch5": 0.6646130681037903, "Agent3_Epoch5": 0.6639599204063416, "Agent4_Epoch5": 0.6643414497375488, "Agent0_Epoch6": 0.05688244104385376, "Agent1_Epoch6": 0.6644030809402466, "Agent2_Epoch6": 0.6650234460830688, "Agent3_Epoch6": 0.6648464202880859, "Agent4_Epoch6": 0.6649565696716309, "Agent0_Epoch7": 0.056609928607940674, "Agent1_Epoch7": 0.6655792593955994, "Agent2_Epoch7": 0.6656256318092346, "Agent3_Epoch7": 0.6656054258346558, "Agent4_Epoch7": 0.6656604409217834, "Agent0_Epoch8": 0.056344687938690186, "Agent1_Epoch8": 0.666064441204071, "Agent2_Epoch8": 0.6662232875823975, "Agent3_Epoch8": 0.6661163568496704, "Agent4_Epoch8": 0.6661454439163208, "Agent0_Epoch9": 0.056280553340911865, "Agent1_Epoch9": 0.6661708354949951, "Agent2_Epoch9": 0.6662363409996033, "Agent3_Epoch9": 0.6661847233772278, "Agent4_Epoch9": 0.6661989092826843, "Agent0_Epoch10": 0.05623883008956909, "Agent1_Epoch10": 0.666164219379425, "Agent2_Epoch10": 0.6662757992744446, "Agent3_Epoch10": 0.6662793159484863, "Agent4_Epoch10": 0.6662530899047852, "Agent0_Epoch11": 0.056195080280303955, "Agent1_Epoch11": 0.666372537612915, "Agent2_Epoch11": 0.6663675308227539, "Agent3_Epoch11": 0.666340708732605, "Agent4_Epoch11": 0.6664388179779053, "Agent0_Epoch12": 0.05617964267730713, "Agent1_Epoch12": 0.6663850545883179, "Agent2_Epoch12": 0.666344165802002, "Agent3_Epoch12": 0.6663466691970825, "Agent4_Epoch12": 0.6664153337478638, "Agent0_Epoch13": 0.05613893270492554, "Agent1_Epoch13": 0.6664555072784424, "Agent2_Epoch13": 0.6664526462554932, "Agent3_Epoch13": 0.6664544343948364, "Agent4_Epoch13": 0.6664139032363892, "Agent0_Epoch14": 0.056127071380615234, "Agent1_Epoch14": 0.666447639465332, "Agent2_Epoch14": 0.6664530038833618, "Agent3_Epoch14": 0.6664338707923889, "Agent4_Epoch14": 0.6664422750473022, "Agent0_Epoch15": 0.05612051486968994, "Agent1_Epoch15": 0.6664615869522095, "Agent2_Epoch15": 0.6664501428604126, "Agent3_Epoch15": 0.6664572954177856, "Agent4_Epoch15": 0.666468620300293, "Agent0_Epoch16": 0.056122422218322754, "Agent1_Epoch16": 0.666447639465332, "Agent2_Epoch16": 0.6664373874664307, "Agent3_Epoch16": 0.6664503812789917, "Agent4_Epoch16": 0.6664421558380127, "Agent0_Epoch17": 0.056118905544281006, "Agent1_Epoch17": 0.666444718837738, "Agent2_Epoch17": 0.6664368510246277, "Agent3_Epoch17": 0.6664354801177979, "Agent4_Epoch17": 0.6664297580718994, "Agent0_Epoch18": 0.056116700172424316, "Agent1_Epoch18": 0.6664468050003052, "Agent2_Epoch18": 0.6664487719535828, "Agent3_Epoch18": 0.6664409637451172, "Agent4_Epoch18": 0.6664427518844604, "Agent0_Epoch19": 0.05611395835876465, "Agent1_Epoch19": 0.6664474010467529, "Agent2_Epoch19": 0.6664496660232544, "Agent3_Epoch19": 0.666447103023529, "Agent4_Epoch19": 0.6664474010467529, "Agent0_Epoch20": 0.05611175298690796, "Agent1_Epoch20": 0.6664496064186096, "Agent2_Epoch20": 0.6664471626281738, "Agent3_Epoch20": 0.6664485931396484, "Agent4_Epoch20": 0.6664475798606873, "Agent0_Epoch21": 0.05611121654510498, "Agent1_Epoch21": 0.6664505004882812, "Agent2_Epoch21": 0.6664507389068604, "Agent3_Epoch21": 0.6664518117904663, "Agent4_Epoch21": 0.6664482355117798, "Agent0_Epoch22": 0.05610978603363037, "Agent1_Epoch22": 0.6664530634880066, "Agent2_Epoch22": 0.6664512157440186, "Agent3_Epoch22": 0.6664522886276245, "Agent4_Epoch22": 0.6664526462554932, "Agent0_Epoch23": 0.05610865354537964, "Agent1_Epoch23": 0.6664551496505737, "Agent2_Epoch23": 0.6664561033248901, "Agent3_Epoch23": 0.6664556264877319, "Agent4_Epoch23": 0.6664552688598633, "Agent0_Epoch24": 0.05610930919647217, "Agent1_Epoch24": 0.6664527654647827, "Agent2_Epoch24": 0.6664522886276245, "Agent3_Epoch24": 0.6664525866508484, "Agent4_Epoch24": 0.6664528846740723, "Agent0_Epoch25": 0.05610877275466919, "Agent1_Epoch25": 0.6664547324180603, "Agent2_Epoch25": 0.6664540767669678, "Agent3_Epoch25": 0.6664547920227051, "Agent4_Epoch25": 0.666454553604126, "Agent0_Epoch26": 0.05610877275466919, "Agent1_Epoch26": 0.6664547920227051, "Agent2_Epoch26": 0.666454553604126, "Agent3_Epoch26": 0.6664547324180603, "Agent4_Epoch26": 0.6664544343948364, "Agent0_Epoch27": 0.05610865354537964, "Agent1_Epoch27": 0.6664551496505737, "Agent2_Epoch27": 0.6664551496505737, "Agent3_Epoch27": 0.6664551496505737, "Agent4_Epoch27": 0.6664549112319946, "Agent0_Epoch28": 0.05610853433609009, "Agent1_Epoch28": 0.6664552688598633, "Agent2_Epoch28": 0.6664553880691528, "Agent3_Epoch28": 0.6664555072784424, "Agent4_Epoch28": 0.6664555072784424, "Agent0_Epoch29": 0.05610877275466919, "Agent1_Epoch29": 0.6664549112319946, "Agent2_Epoch29": 0.6664549112319946, "Agent3_Epoch29": 0.6664549112319946, "Agent4_Epoch29": 0.6664547920227051, "Agent0_Epoch30": 0.05610859394073486, "Agent1_Epoch30": 0.6664549112319946, "Agent2_Epoch30": 0.6664549112319946, "Agent3_Epoch30": 0.6664549112319946, "Agent4_Epoch30": 0.6664550304412842, "Agent0_Epoch31": 0.05610853433609009, "Agent1_Epoch31": 0.6664549112319946, "Agent2_Epoch31": 0.6664548516273499, "Agent3_Epoch31": 0.6664549112319946, "Agent4_Epoch31": 0.6664547920227051, "Agent0_Epoch32": 0.05610847473144531, "Agent1_Epoch32": 0.6664550304412842, "Agent2_Epoch32": 0.6664550304412842, "Agent3_Epoch32": 0.6664549708366394, "Agent4_Epoch32": 0.6664549708366394, "Agent0_Epoch33": 0.05610847473144531, "Agent1_Epoch33": 0.6664549708366394, "Agent2_Epoch33": 0.6664549112319946, "Agent3_Epoch33": 0.6664549708366394, "Agent4_Epoch33": 0.6664549112319946, "Agent0_Epoch34": 0.05610859394073486, "Agent1_Epoch34": 0.6664549708366394, "Agent2_Epoch34": 0.6664549708366394, "Agent3_Epoch34": 0.6664549112319946, "Agent4_Epoch34": 0.6664549112319946, "Agent0_Epoch35": 0.05610853433609009, "Agent1_Epoch35": 0.6664549708366394, "Agent2_Epoch35": 0.6664550304412842, "Agent3_Epoch35": 0.6664550304412842, "Agent4_Epoch35": 0.6664549708366394, "Agent0_Epoch36": 0.05610859394073486, "Agent1_Epoch36": 0.6664549708366394, "Agent2_Epoch36": 0.6664549708366394, "Agent3_Epoch36": 0.6664549708366394, "Agent4_Epoch36": 0.6664549708366394, "Agent0_Epoch37": 0.05610847473144531, "Agent1_Epoch37": 0.6664549112319946, "Agent2_Epoch37": 0.6664549112319946, "Agent3_Epoch37": 0.6664549112319946, "Agent4_Epoch37": 0.6664549112319946, "Agent0_Epoch38": 0.05610847473144531, "Agent1_Epoch38": 0.6664549708366394, "Agent2_Epoch38": 0.6664549708366394, "Agent3_Epoch38": 0.6664549112319946, "Agent4_Epoch38": 0.6664549708366394, "Agent0_Epoch39": 0.05610865354537964, "Agent1_Epoch39": 0.6664549708366394, "Agent2_Epoch39": 0.6664549708366394, "Agent3_Epoch39": 0.6664549708366394, "Agent4_Epoch39": 0.6664549708366394, "Agent0_Epoch40": 0.05610853433609009, "Agent1_Epoch40": 0.6664549708366394, "Agent2_Epoch40": 0.6664549708366394, "Agent3_Epoch40": 0.6664550304412842, "Agent4_Epoch40": 0.6664549708366394, "Agent0_Epoch41": 0.05610853433609009, "Agent1_Epoch41": 0.6664549708366394, "Agent2_Epoch41": 0.6664549708366394, "Agent3_Epoch41": 0.6664550304412842, "Agent4_Epoch41": 0.6664549708366394, "Agent0_Epoch42": 0.05610865354537964, "Agent1_Epoch42": 0.6664550304412842, "Agent2_Epoch42": 0.6664549708366394, "Agent3_Epoch42": 0.6664549708366394, "Agent4_Epoch42": 0.6664549708366394,