{"Agent0_Epoch1": 0.212976336479187, "Agent1_Epoch1": 0.3768802285194397, "Agent2_Epoch1": 0.9995948076248169, "Agent3_Epoch1": 0.9970005750656128, "Agent4_Epoch1": 0.9976399540901184, "Agent0_Epoch2": 0.06258457899093628, "Agent1_Epoch2": 0.6483676433563232, "Agent2_Epoch2": 0.6612443923950195, "Agent3_Epoch2": 0.6598919630050659, "Agent4_Epoch2": 0.6581375598907471, "Agent0_Epoch3": 0.060695111751556396, "Agent1_Epoch3": 0.6539313793182373, "Agent2_Epoch3": 0.6549830436706543, "Agent3_Epoch3": 0.6557831764221191, "Agent4_Epoch3": 0.6543740034103394, "Agent0_Epoch4": 0.05919831991195679, "Agent1_Epoch4": 0.6578047871589661, "Agent2_Epoch4": 0.6586853265762329, "Agent3_Epoch4": 0.6585124731063843, "Agent4_Epoch4": 0.6583868265151978, "Agent0_Epoch5": 0.05797046422958374, "Agent1_Epoch5": 0.6600784063339233, "Agent2_Epoch5": 0.6611478328704834, "Agent3_Epoch5": 0.6606788635253906, "Agent4_Epoch5": 0.6606878638267517, "Agent0_Epoch6": 0.05771154165267944, "Agent1_Epoch6": 0.6607526540756226, "Agent2_Epoch6": 0.6615501642227173, "Agent3_Epoch6": 0.661229133605957, "Agent4_Epoch6": 0.6613132953643799, "Agent0_Epoch7": 0.057443320751190186, "Agent1_Epoch7": 0.6613513231277466, "Agent2_Epoch7": 0.661502480506897, "Agent3_Epoch7": 0.6617608070373535, "Agent4_Epoch7": 0.661376953125, "Agent0_Epoch8": 0.05746567249298096, "Agent1_Epoch8": 0.6613683700561523, "Agent2_Epoch8": 0.6614669561386108, "Agent3_Epoch8": 0.6613850593566895, "Agent4_Epoch8": 0.661382794380188, "Agent0_Epoch9": 0.057399094104766846, "Agent1_Epoch9": 0.6614912748336792, "Agent2_Epoch9": 0.6614702939987183, "Agent3_Epoch9": 0.6614755392074585, "Agent4_Epoch9": 0.6612592935562134, "Agent0_Epoch10": 0.057281672954559326, "Agent1_Epoch10": 0.6614066362380981, "Agent2_Epoch10": 0.6615893840789795, "Agent3_Epoch10": 0.6615967750549316, "Agent4_Epoch10": 0.6614762544631958, "Agent0_Epoch11": 0.05721408128738403, "Agent1_Epoch11": 0.6614800691604614, "Agent2_Epoch11": 0.6615900993347168, "Agent3_Epoch11": 0.6615281105041504, "Agent4_Epoch11": 0.6615985631942749, "Agent0_Epoch12": 0.05719637870788574, "Agent1_Epoch12": 0.6615155935287476, "Agent2_Epoch12": 0.6615045070648193, "Agent3_Epoch12": 0.6615144610404968, "Agent4_Epoch12": 0.6614399552345276, "Agent0_Epoch13": 0.05717068910598755, "Agent1_Epoch13": 0.6615575551986694, "Agent2_Epoch13": 0.6615821123123169, "Agent3_Epoch13": 0.6615646481513977, "Agent4_Epoch13": 0.6615563035011292, "Agent0_Epoch14": 0.05717951059341431, "Agent1_Epoch14": 0.6615017056465149, "Agent2_Epoch14": 0.6615486145019531, "Agent3_Epoch14": 0.6615296602249146, "Agent4_Epoch14": 0.6614981889724731, "Agent0_Epoch15": 0.057181715965270996, "Agent1_Epoch15": 0.6614773273468018, "Agent2_Epoch15": 0.6615028381347656, "Agent3_Epoch15": 0.6615121960639954, "Agent4_Epoch15": 0.6614983677864075, "Agent0_Epoch16": 0.05717921257019043, "Agent1_Epoch16": 0.6614731550216675, "Agent2_Epoch16": 0.6615088582038879, "Agent3_Epoch16": 0.6614971160888672, "Agent4_Epoch16": 0.6615087985992432, "Agent0_Epoch17": 0.05717998743057251, "Agent1_Epoch17": 0.6614777445793152, "Agent2_Epoch17": 0.6614832878112793, "Agent3_Epoch17": 0.6614915132522583, "Agent4_Epoch17": 0.6614868640899658, "Agent0_Epoch18": 0.057179927825927734, "Agent1_Epoch18": 0.6614704132080078, "Agent2_Epoch18": 0.6614890098571777, "Agent3_Epoch18": 0.6614861488342285, "Agent4_Epoch18": 0.6614794731140137, "Agent0_Epoch19": 0.057182371616363525, "Agent1_Epoch19": 0.6614687442779541, "Agent2_Epoch19": 0.6614664793014526, "Agent3_Epoch19": 0.661476731300354, "Agent4_Epoch19": 0.6614693999290466, "Agent0_Epoch20": 0.05717587471008301, "Agent1_Epoch20": 0.6614794135093689, "Agent2_Epoch20": 0.6614863276481628, "Agent3_Epoch20": 0.6614864468574524, "Agent4_Epoch20": 0.661484956741333, "Agent0_Epoch21": 0.05717754364013672, "Agent1_Epoch21": 0.6614762544631958, "Agent2_Epoch21": 0.6614794731140137, "Agent3_Epoch21": 0.6614798903465271, "Agent4_Epoch21": 0.6614755392074585, "Agent0_Epoch22": 0.057177066802978516, "Agent1_Epoch22": 0.6614774465560913, "Agent2_Epoch22": 0.6614787578582764, "Agent3_Epoch22": 0.6614784002304077, "Agent4_Epoch22": 0.6614752411842346, "Agent0_Epoch23": 0.05717653036117554, "Agent1_Epoch23": 0.6614784002304077, "Agent2_Epoch23": 0.6614774465560913, "Agent3_Epoch23": 0.6614785194396973, "Agent4_Epoch23": 0.6614766120910645, "Agent0_Epoch24": 0.05717635154724121, "Agent1_Epoch24": 0.6614769101142883, "Agent2_Epoch24": 0.6614765524864197, "Agent3_Epoch24": 0.6614779829978943, "Agent4_Epoch24": 0.6614766120910645, "Agent0_Epoch25": 0.05717593431472778, "Agent1_Epoch25": 0.6614774465560913, "Agent2_Epoch25": 0.6614781618118286, "Agent3_Epoch25": 0.6614782214164734, "Agent4_Epoch25": 0.6614781618118286, "Agent0_Epoch26": 0.05717575550079346, "Agent1_Epoch26": 0.6614782810211182, "Agent2_Epoch26": 0.6614782810211182, "Agent3_Epoch26": 0.6614789962768555, "Agent4_Epoch26": 0.6614785194396973, "Agent0_Epoch27": 0.05717593431472778, "Agent1_Epoch27": 0.6614781618118286, "Agent2_Epoch27": 0.6614781618118286, "Agent3_Epoch27": 0.6614782810211182, "Agent4_Epoch27": 0.6614785194396973, "Agent0_Epoch28": 0.05717581510543823, "Agent1_Epoch28": 0.6614780426025391, "Agent2_Epoch28": 0.66147780418396, "Agent3_Epoch28": 0.6614781618118286, "Agent4_Epoch28": 0.6614780426025391, "Agent0_Epoch29": 0.05717575550079346, "Agent1_Epoch29": 0.66147780418396, "Agent2_Epoch29": 0.6614778637886047, "Agent3_Epoch29": 0.6614779233932495, "Agent4_Epoch29": 0.6614778637886047, "Agent0_Epoch30": 0.05717569589614868, "Agent1_Epoch30": 0.6614779829978943, "Agent2_Epoch30": 0.6614781618118286, "Agent3_Epoch30": 0.6614781618118286, "Agent4_Epoch30": 0.6614780426025391, "Agent0_Epoch31": 0.05717581510543823, "Agent1_Epoch31": 0.6614779233932495, "Agent2_Epoch31": 0.6614779829978943, "Agent3_Epoch31": 0.6614779829978943, "Agent4_Epoch31": 0.6614779829978943, "Agent0_Epoch32": 0.05717587471008301, "Agent1_Epoch32": 0.66147780418396, "Agent2_Epoch32": 0.6614779233932495, "Agent3_Epoch32": 0.6614778637886047, "Agent4_Epoch32": 0.66147780418396, "Agent0_Epoch33": 0.05717587471008301, "Agent1_Epoch33": 0.6614777445793152, "Agent2_Epoch33": 0.66147780418396, "Agent3_Epoch33": 0.66147780418396, "Agent4_Epoch33": 0.66147780418396, "Agent0_Epoch34": 0.05717581510543823, "Agent1_Epoch34": 0.66147780418396, "Agent2_Epoch34": 0.6614777445793152, "Agent3_Epoch34": 0.6614777445793152, "Agent4_Epoch34": 0.66147780418396, "Agent0_Epoch35": 0.05717587471008301, "Agent1_Epoch35": 0.6614777445793152, "Agent2_Epoch35": 0.66147780418396, "Agent3_Epoch35": 0.6614777445793152, "Agent4_Epoch35": 0.66147780418396, "Agent0_Epoch36": 0.05717587471008301, "Agent1_Epoch36": 0.6614777445793152, "Agent2_Epoch36": 0.66147780418396, "Agent3_Epoch36": 0.66147780418396, "Agent4_Epoch36": 0.6614777445793152, "Agent0_Epoch37": 0.05717581510543823, "Agent1_Epoch37": 0.6614776849746704, "Agent2_Epoch37": 0.6614776849746704, "Agent3_Epoch37": 0.6614776849746704, "Agent4_Epoch37": 0.6614776849746704, "Agent0_Epoch38": 0.05717593431472778, "Agent1_Epoch38": 0.6614776849746704, "Agent2_Epoch38": 0.6614776849746704, "Agent3_Epoch38": 0.6614776849746704, "Agent4_Epoch38": 0.6614776849746704, "Agent0_Epoch39": 0.05717587471008301, "Agent1_Epoch39": 0.6614776849746704, "Agent2_Epoch39": 0.6614776849746704, "Agent3_Epoch39": 0.6614776849746704, "Agent4_Epoch39": 0.6614776849746704, "Agent0_Epoch40": 0.05717587471008301, "Agent1_Epoch40": 0.6614776849746704, "Agent2_Epoch40": 0.6614776849746704, "Agent3_Epoch40": 0.6614776849746704, "Agent4_Epoch40": 0.6614776849746704, "Agent0_Epoch41": 0.05717587471008301, "Agent1_Epoch41": 0.6614776849746704, "Agent2_Epoch41": 0.6614776849746704, "Agent3_Epoch41": 0.6614776849746704, "Agent4_Epoch41": 0.6614776849746704, "Agent0_Epoch42": 0.05717593431472778, "Agent1_Epoch42": 0.6614776849746704, "Agent2_Epoch42": 0.6614776849746704, "Agent3_Epoch42": 0.6614776849746704, "Agent4_Epoch42": 0.6614776849746704, "Agent0_Epoch43": 0.05717587471008301,