{"Agent0_Epoch1": 0.21334582567214966, "Agent1_Epoch1": 0.382681667804718, "Agent2_Epoch1": 0.9980168342590332, "Agent3_Epoch1": 0.9960192441940308, "Agent4_Epoch1": 0.998753547668457, "Agent0_Epoch2": 0.06414169073104858, "Agent1_Epoch2": 0.6519839763641357, "Agent2_Epoch2": 0.6608909368515015, "Agent3_Epoch2": 0.6630147695541382, "Agent4_Epoch2": 0.6630210280418396, "Agent0_Epoch3": 0.06175965070724487, "Agent1_Epoch3": 0.6594353318214417, "Agent2_Epoch3": 0.6607300043106079, "Agent3_Epoch3": 0.6597815155982971, "Agent4_Epoch3": 0.6601194143295288, "Agent0_Epoch4": 0.059233129024505615, "Agent1_Epoch4": 0.6638196706771851, "Agent2_Epoch4": 0.6648186445236206, "Agent3_Epoch4": 0.6657264828681946, "Agent4_Epoch4": 0.6645735502243042, "Agent0_Epoch5": 0.05861258506774902, "Agent1_Epoch5": 0.6655080914497375, "Agent2_Epoch5": 0.6656605005264282, "Agent3_Epoch5": 0.6664146184921265, "Agent4_Epoch5": 0.6660794019699097, "Agent0_Epoch6": 0.058228909969329834, "Agent1_Epoch6": 0.6662676930427551, "Agent2_Epoch6": 0.666458785533905, "Agent3_Epoch6": 0.6663933992385864, "Agent4_Epoch6": 0.666287899017334, "Agent0_Epoch7": 0.05776423215866089, "Agent1_Epoch7": 0.6671711206436157, "Agent2_Epoch7": 0.6674869060516357, "Agent3_Epoch7": 0.6673630475997925, "Agent4_Epoch7": 0.6673319935798645, "Agent0_Epoch8": 0.057632386684417725, "Agent1_Epoch8": 0.6672862768173218, "Agent2_Epoch8": 0.6674094796180725, "Agent3_Epoch8": 0.6674476861953735, "Agent4_Epoch8": 0.6674405932426453, "Agent0_Epoch9": 0.05760324001312256, "Agent1_Epoch9": 0.6671620607376099, "Agent2_Epoch9": 0.6672776937484741, "Agent3_Epoch9": 0.6671450138092041, "Agent4_Epoch9": 0.6670483350753784, "Agent0_Epoch10": 0.05763447284698486, "Agent1_Epoch10": 0.6671334505081177, "Agent2_Epoch10": 0.6671282052993774, "Agent3_Epoch10": 0.6671448945999146, "Agent4_Epoch10": 0.6669931411743164, "Agent0_Epoch11": 0.057594895362854004, "Agent1_Epoch11": 0.6671515703201294, "Agent2_Epoch11": 0.667136013507843, "Agent3_Epoch11": 0.6672260761260986, "Agent4_Epoch11": 0.6670944690704346, "Agent0_Epoch12": 0.05754202604293823, "Agent1_Epoch12": 0.6672860980033875, "Agent2_Epoch12": 0.6672928333282471, "Agent3_Epoch12": 0.6672430038452148, "Agent4_Epoch12": 0.6672059297561646, "Agent0_Epoch13": 0.05748331546783447, "Agent1_Epoch13": 0.6673811674118042, "Agent2_Epoch13": 0.6673684120178223, "Agent3_Epoch13": 0.6673793196678162, "Agent4_Epoch13": 0.6673563718795776, "Agent0_Epoch14": 0.05747175216674805, "Agent1_Epoch14": 0.6673725843429565, "Agent2_Epoch14": 0.6673719882965088, "Agent3_Epoch14": 0.6674044132232666, "Agent4_Epoch14": 0.6673698425292969, "Agent0_Epoch15": 0.05744147300720215, "Agent1_Epoch15": 0.6674502491950989, "Agent2_Epoch15": 0.667427659034729, "Agent3_Epoch15": 0.667473316192627, "Agent4_Epoch15": 0.6674487590789795, "Agent0_Epoch16": 0.05745196342468262, "Agent1_Epoch16": 0.6674075126647949, "Agent2_Epoch16": 0.6673941612243652, "Agent3_Epoch16": 0.6674031019210815, "Agent4_Epoch16": 0.667400598526001, "Agent0_Epoch17": 0.057443976402282715, "Agent1_Epoch17": 0.667410671710968, "Agent2_Epoch17": 0.6674031019210815, "Agent3_Epoch17": 0.6674195528030396, "Agent4_Epoch17": 0.6673992872238159, "Agent0_Epoch18": 0.05743598937988281, "Agent1_Epoch18": 0.6674195528030396, "Agent2_Epoch18": 0.6674219369888306, "Agent3_Epoch18": 0.6674270033836365, "Agent4_Epoch18": 0.667401909828186, "Agent0_Epoch19": 0.057431042194366455, "Agent1_Epoch19": 0.6674340963363647, "Agent2_Epoch19": 0.6674259901046753, "Agent3_Epoch19": 0.6674333810806274, "Agent4_Epoch19": 0.6674237847328186, "Agent0_Epoch20": 0.057427167892456055, "Agent1_Epoch20": 0.6674379110336304, "Agent2_Epoch20": 0.6674352884292603, "Agent3_Epoch20": 0.6674367189407349, "Agent4_Epoch20": 0.6674361228942871, "Agent0_Epoch21": 0.05742841958999634, "Agent1_Epoch21": 0.6674312353134155, "Agent2_Epoch21": 0.6674288511276245, "Agent3_Epoch21": 0.667429506778717, "Agent4_Epoch21": 0.6674286127090454, "Agent0_Epoch22": 0.05742710828781128, "Agent1_Epoch22": 0.6674320697784424, "Agent2_Epoch22": 0.6674306392669678, "Agent3_Epoch22": 0.6674323081970215, "Agent4_Epoch22": 0.6674320101737976, "Agent0_Epoch23": 0.05742692947387695, "Agent1_Epoch23": 0.6674318313598633, "Agent2_Epoch23": 0.667431116104126, "Agent3_Epoch23": 0.6674324870109558, "Agent4_Epoch23": 0.6674306392669678, "Agent0_Epoch24": 0.05742686986923218, "Agent1_Epoch24": 0.6674304008483887, "Agent2_Epoch24": 0.6674304008483887, "Agent3_Epoch24": 0.6674310564994812, "Agent4_Epoch24": 0.6674296855926514, "Agent0_Epoch25": 0.0574263334274292, "Agent1_Epoch25": 0.6674318909645081, "Agent2_Epoch25": 0.6674322485923767, "Agent3_Epoch25": 0.6674321889877319, "Agent4_Epoch25": 0.6674313545227051, "Agent0_Epoch26": 0.0574263334274292, "Agent1_Epoch26": 0.6674308776855469, "Agent2_Epoch26": 0.6674308776855469, "Agent3_Epoch26": 0.6674313545227051, "Agent4_Epoch26": 0.6674306392669678, "Agent0_Epoch27": 0.05742621421813965, "Agent1_Epoch27": 0.6674309968948364, "Agent2_Epoch27": 0.6674309968948364, "Agent3_Epoch27": 0.6674313545227051, "Agent4_Epoch27": 0.6674308776855469, "Agent0_Epoch28": 0.05742615461349487, "Agent1_Epoch28": 0.6674309968948364, "Agent2_Epoch28": 0.6674312353134155, "Agent3_Epoch28": 0.6674312353134155, "Agent4_Epoch28": 0.6674309968948364, "Agent0_Epoch29": 0.0574260950088501, "Agent1_Epoch29": 0.6674307584762573, "Agent2_Epoch29": 0.6674307584762573, "Agent3_Epoch29": 0.6674307584762573, "Agent4_Epoch29": 0.6674306392669678, "Agent0_Epoch30": 0.05742621421813965, "Agent1_Epoch30": 0.6674306392669678, "Agent2_Epoch30": 0.6674306392669678, "Agent3_Epoch30": 0.6674307584762573, "Agent4_Epoch30": 0.667430579662323, "Agent0_Epoch31": 0.05742621421813965, "Agent1_Epoch31": 0.6674305200576782, "Agent2_Epoch31": 0.667430579662323, "Agent3_Epoch31": 0.6674305200576782, "Agent4_Epoch31": 0.6674305200576782, "Agent0_Epoch32": 0.05742615461349487, "Agent1_Epoch32": 0.667430579662323, "Agent2_Epoch32": 0.6674305200576782, "Agent3_Epoch32": 0.6674306392669678, "Agent4_Epoch32": 0.6674304604530334, "Agent0_Epoch33": 0.0574260950088501, "Agent1_Epoch33": 0.667430579662323, "Agent2_Epoch33": 0.6674305200576782, "Agent3_Epoch33": 0.6674306392669678, "Agent4_Epoch33": 0.6674305200576782, "Agent0_Epoch34": 0.05742615461349487, "Agent1_Epoch34": 0.667430579662323, "Agent2_Epoch34": 0.6674305200576782, "Agent3_Epoch34": 0.667430579662323, "Agent4_Epoch34": 0.6674305200576782, "Agent0_Epoch35": 0.05742615461349487, "Agent1_Epoch35": 0.6674305200576782, "Agent2_Epoch35": 0.6674305200576782, "Agent3_Epoch35": 0.6674305200576782, "Agent4_Epoch35": 0.6674305200576782, "Agent0_Epoch36": 0.05742621421813965, "Agent1_Epoch36": 0.6674305200576782, "Agent2_Epoch36": 0.6674305200576782, "Agent3_Epoch36": 0.6674305200576782, "Agent4_Epoch36": 0.6674305200576782, "Agent0_Epoch37": 0.05742621421813965, "Agent1_Epoch37": 0.6674304604530334, "Agent2_Epoch37": 0.6674304008483887, "Agent3_Epoch37": 0.6674304604530334, "Agent4_Epoch37": 0.6674304008483887, "Agent0_Epoch38": 0.05742621421813965, "Agent1_Epoch38": 0.6674304604530334, "Agent2_Epoch38": 0.6674304604530334, "Agent3_Epoch38": 0.6674304604530334, "Agent4_Epoch38": 0.6674305200576782, "Agent0_Epoch39": 0.05742615461349487, "Agent1_Epoch39": 0.6674304604530334, "Agent2_Epoch39": 0.6674305200576782, "Agent3_Epoch39": 0.6674304604530334, "Agent4_Epoch39": 0.6674304604530334, "Agent0_Epoch40": 0.05742621421813965, "Agent1_Epoch40": 0.6674304604530334, "Agent2_Epoch40": 0.6674305200576782, "Agent3_Epoch40": 0.6674305200576782, "Agent4_Epoch40": 0.6674304604530334, "Agent0_Epoch41": 0.05742621421813965, "Agent1_Epoch41": 0.6674305200576782, "Agent2_Epoch41": 0.6674304604530334, "Agent3_Epoch41": 0.6674304604530334, "Agent4_Epoch41": 0.6674305200576782, "Agent0_Epoch42": 0.05742621421813965, "Agent1_Epoch42": 0.6674305200576782, "Agent2_Epoch42": 0.6674305200576782, "Agent3_Epoch42": 0.6674305200576782, "Agent4_Epoch42": 0.6674304604530334,