{"E1_agent0_norm": 7.127408981323242, "E1_agent1_norm": 2.1230111122131348, "E1_agent2_norm": 2.3617844581604004, "E1_agent3_norm": 1.9752819538116455, "E1_agent4_norm": 1.8960288763046265, "E2_agent0_norm": 3.3828725814819336, "E2_agent1_norm": 0.8961919546127319, "E2_agent2_norm": 1.1039149761199951, "E2_agent3_norm": 1.0212560892105103, "E2_agent4_norm": 1.0430043935775757, "E3_agent0_norm": 2.1451594829559326, "E3_agent1_norm": 0.46119698882102966, "E3_agent2_norm": 0.4526592791080475, "E3_agent3_norm": 0.4871220290660858, "E3_agent4_norm": 0.5199425220489502, "E4_agent0_norm": 1.4719375371932983, "E4_agent1_norm": 0.3162619471549988, "E4_agent2_norm": 0.3470667004585266, "E4_agent3_norm": 0.30285128951072693, "E4_agent4_norm": 0.3809026777744293, "E5_agent0_norm": 1.011667251586914, "E5_agent1_norm": 0.24472276866436005, "E5_agent2_norm": 0.28306683897972107, "E5_agent3_norm": 0.24628259241580963, "E5_agent4_norm": 0.28227660059928894, "E6_agent0_norm": 0.7337672114372253, "E6_agent1_norm": 0.1794547140598297, "E6_agent2_norm": 0.21809716522693634, "E6_agent3_norm": 0.1777796596288681, "E6_agent4_norm": 0.25837716460227966, "E7_agent0_norm": 0.5042282938957214, "E7_agent1_norm": 0.1445363163948059, "E7_agent2_norm": 0.15400312840938568, "E7_agent3_norm": 0.1580144464969635, "E7_agent4_norm": 0.17358900606632233, "E8_agent0_norm": 0.3533976674079895, "E8_agent1_norm": 0.1106276586651802, "E8_agent2_norm": 0.11955361813306808, "E8_agent3_norm": 0.10385799407958984, "E8_agent4_norm": 0.11143684387207031, "E9_agent0_norm": 0.25631654262542725, "E9_agent1_norm": 0.07725384086370468, "E9_agent2_norm": 0.08777028322219849, "E9_agent3_norm": 0.08031044155359268, "E9_agent4_norm": 0.09827688336372375, "E10_agent0_norm": 0.1818855255842209, "E10_agent1_norm": 0.06571181118488312, "E10_agent2_norm": 0.05353758484125137, "E10_agent3_norm": 0.04779231175780296, "E10_agent4_norm": 0.055493246763944626, "E11_agent0_norm": 0.12178988754749298, "E11_agent1_norm": 0.04049522429704666, "E11_agent2_norm": 0.04273474961519241, "E11_agent3_norm": 0.0360795222222805, "E11_agent4_norm": 0.03938116133213043, "E12_agent0_norm": 0.08956579118967056, "E12_agent1_norm": 0.03016188181936741, "E12_agent2_norm": 0.027262143790721893, "E12_agent3_norm": 0.027432845905423164, "E12_agent4_norm": 0.03821296617388725, "E13_agent0_norm": 0.0660364106297493, "E13_agent1_norm": 0.025629309937357903, "E13_agent2_norm": 0.021434081718325615, "E13_agent3_norm": 0.02247321978211403, "E13_agent4_norm": 0.02094709314405918, "E14_agent0_norm": 0.04648047313094139, "E14_agent1_norm": 0.015568537637591362, "E14_agent2_norm": 0.01599564030766487, "E14_agent3_norm": 0.014610673300921917, "E14_agent4_norm": 0.015573324635624886, "E15_agent0_norm": 0.03263170272111893, "E15_agent1_norm": 0.012362143956124783, "E15_agent2_norm": 0.012991901487112045, "E15_agent3_norm": 0.009705208241939545, "E15_agent4_norm": 0.011640136130154133, "E16_agent0_norm": 0.02202063985168934, "E16_agent1_norm": 0.007889904081821442, "E16_agent2_norm": 0.0072762444615364075, "E16_agent3_norm": 0.0068494537845253944, "E16_agent4_norm": 0.00881371833384037, "E17_agent0_norm": 0.015585185959935188, "E17_agent1_norm": 0.005675899796187878, "E17_agent2_norm": 0.005066269543021917, "E17_agent3_norm": 0.005908238235861063, "E17_agent4_norm": 0.006036214996129274, "E18_agent0_norm": 0.010905702598392963, "E18_agent1_norm": 0.004598895087838173, "E18_agent2_norm": 0.0037603152450174093, "E18_agent3_norm": 0.0031295581720769405, "E18_agent4_norm": 0.004361798521131277, "E19_agent0_norm": 0.007811663672327995, "E19_agent1_norm": 0.00265685236081481, "E19_agent2_norm": 0.002562653971835971, "E19_agent3_norm": 0.0032811344135552645, "E19_agent4_norm": 0.0026820360217243433, "E20_agent0_norm": 0.005734916310757399, "E20_agent1_norm": 0.0020628508646041155, "E20_agent2_norm": 0.0019438402960076928, "E20_agent3_norm": 0.0015493889804929495, "E20_agent4_norm": 0.0019631432369351387, "E21_agent0_norm": 0.003880599047988653, "E21_agent1_norm": 0.0015396985691040754, "E21_agent2_norm": 0.0015175651060417295, "E21_agent3_norm": 0.0011070246109738946, "E21_agent4_norm": 0.0013449231628328562, "E22_agent0_norm": 0.00276896427385509, "E22_agent1_norm": 0.0008856524946168065, "E22_agent2_norm": 0.001044118544086814, "E22_agent3_norm": 0.0007505081593990326, "E22_agent4_norm": 0.0010589404264464974, "E23_agent0_norm": 0.0017930788453668356, "E23_agent1_norm": 0.0006115387659519911, "E23_agent2_norm": 0.0006172672146931291, "E23_agent3_norm": 0.0006079960148781538, "E23_agent4_norm": 0.0007831064867787063, "E24_agent0_norm": 0.0013377148425206542, "E24_agent1_norm": 0.0004092424060218036, "E24_agent2_norm": 0.0004447887768037617, "E24_agent3_norm": 0.0003877358394674957, "E24_agent4_norm": 0.0005389665602706373, "E25_agent0_norm": 0.0008773960289545357, "E25_agent1_norm": 0.0004460492928046733, "E25_agent2_norm": 0.0003113186394330114, "E25_agent3_norm": 0.00025493965949863195, "E25_agent4_norm": 0.0003120198380202055, "E26_agent0_norm": 0.0006398546975106001, "E26_agent1_norm": 0.00022433926642406732, "E26_agent2_norm": 0.00021031471260357648, "E26_agent3_norm": 0.00021405116422101855, "E26_agent4_norm": 0.000216446744161658, "E27_agent0_norm": 0.00043688237201422453, "E27_agent1_norm": 0.00016810682427603751, "E27_agent2_norm": 0.00013837630103807896, "E27_agent3_norm": 0.0001420061889803037, "E27_agent4_norm": 0.0001741465530358255, "E28_agent0_norm": 0.0003269768494646996, "E28_agent1_norm": 0.00010739157733041793, "E28_agent2_norm": 0.00011134254600619897, "E28_agent3_norm": 0.00013921558274887502, "E28_agent4_norm": 0.00012114576384192333, "E29_agent0_norm": 0.00022813900432083756, "E29_agent1_norm": 8.050131873460487e-05, "E29_agent2_norm": 8.123899897327647e-05, "E29_agent3_norm": 7.397129957098514e-05, "E29_agent4_norm": 7.853390707168728e-05, "E30_agent0_norm": 0.00015120202442631125, "E30_agent1_norm": 6.489814404631034e-05, "E30_agent2_norm": 6.23191226623021e-05, "E30_agent3_norm": 5.57230923732277e-05, "E30_agent4_norm": 5.3437641327036545e-05, "E31_agent0_norm": 0.0001121516979765147, "E31_agent1_norm": 3.6666839150711894e-05, "E31_agent2_norm": 3.5291759559186175e-05, "E31_agent3_norm": 2.7837868401547894e-05, "E31_agent4_norm": 3.614912202465348e-05, "E32_agent0_norm": 7.784374611219391e-05, "E32_agent1_norm": 3.194569580955431e-05, "E32_agent2_norm": 3.180362909915857e-05, "E32_agent3_norm": 2.5339146304759197e-05, "E32_agent4_norm": 2.8088474209653214e-05, "E33_agent0_norm": 5.231802424532361e-05, "E33_agent1_norm": 2.2105907191871665e-05, "E33_agent2_norm": 1.79630678758258e-05, "E33_agent3_norm": 2.0192965166643262e-05, "E33_agent4_norm": 1.7672426110948436e-05, "E34_agent0_norm": 3.988567550550215e-05, "E34_agent1_norm": 1.157343194790883e-05, "E34_agent2_norm": 1.3504221897164825e-05, "E34_agent3_norm": 1.0569735422905069e-05, "E34_agent4_norm": 1.2124364729970694e-05, "E35_agent0_norm": 2.8197422579978593e-05, "E35_agent1_norm": 9.603405487723649e-06, "E35_agent2_norm": 1.2058007087034639e-05, "E35_agent3_norm": 8.226144927903078e-06, "E35_agent4_norm": 9.987841622205451e-06, "E36_agent0_norm": 1.9800638256128877e-05, "E36_agent1_norm": 6.197956281539518e-06, "E36_agent2_norm": 5.295932169246953e-06, "E36_agent3_norm": 5.1880952014471404e-06, "E36_agent4_norm": 7.221773557830602e-06, "E37_agent0_norm": 1.4085151633480564e-05, "E37_agent1_norm": 4.571452791424235e-06, "E37_agent2_norm": 5.031036380387377e-06, "E37_agent3_norm": 4.0665818232810125e-06, "E37_agent4_norm": 4.738280949823093e-06, "E38_agent0_norm": 1.0000466318160761e-05, "E38_agent1_norm": 3.0765863812121097e-06, "E38_agent2_norm": 3.367330464243423e-06, "E38_agent3_norm": 2.790947064568172e-06, "E38_agent4_norm": 3.2114617170009296e-06, "E39_agent0_norm": 8.12788766779704e-06, "E39_agent1_norm": 2.0281318029446993e-06, "E39_agent2_norm": 2.3173861336545087e-06, "E39_agent3_norm": 1.912367224576883e-06, "E39_agent4_norm": 2.448741042826441e-06,