{"Agent0_Epoch1": 0.20782452821731567, "Agent1_Epoch1": 0.38389450311660767, "Agent2_Epoch1": 0.994319498538971, "Agent3_Epoch1": 0.9924793839454651, "Agent4_Epoch1": 0.9966422915458679, "Agent0_Epoch2": 0.031293511390686035, "Agent1_Epoch2": 0.2899370789527893, "Agent2_Epoch2": 0.30303966999053955, "Agent3_Epoch2": 0.29934728145599365, "Agent4_Epoch2": 0.30393844842910767, "Agent0_Epoch3": 0.01783895492553711, "Agent1_Epoch3": 0.10846012830734253, "Agent2_Epoch3": 0.11220753192901611, "Agent3_Epoch3": 0.11014193296432495, "Agent4_Epoch3": 0.11262845993041992, "Agent0_Epoch4": 0.010945618152618408, "Agent1_Epoch4": 0.04493898153305054, "Agent2_Epoch4": 0.046459078788757324, "Agent3_Epoch4": 0.045677006244659424, "Agent4_Epoch4": 0.04770529270172119, "Agent0_Epoch5": 0.007075309753417969, "Agent1_Epoch5": 0.021279513835906982, "Agent2_Epoch5": 0.021976590156555176, "Agent3_Epoch5": 0.022539198398590088, "Agent4_Epoch5": 0.022793292999267578, "Agent0_Epoch6": 0.004848480224609375, "Agent1_Epoch6": 0.011482417583465576, "Agent2_Epoch6": 0.01181650161743164, "Agent3_Epoch6": 0.011133193969726562, "Agent4_Epoch6": 0.012064456939697266, "Agent0_Epoch7": 0.0033504366874694824, "Agent1_Epoch7": 0.006610095500946045, "Agent2_Epoch7": 0.006646275520324707, "Agent3_Epoch7": 0.006840944290161133, "Agent4_Epoch7": 0.0069506168365478516, "Agent0_Epoch8": 0.0023916959762573242, "Agent1_Epoch8": 0.004093289375305176, "Agent2_Epoch8": 0.004129230976104736, "Agent3_Epoch8": 0.004102945327758789, "Agent4_Epoch8": 0.00429987907409668, "Agent0_Epoch9": 0.0017242431640625, "Agent1_Epoch9": 0.002642214298248291, "Agent2_Epoch9": 0.002751648426055908, "Agent3_Epoch9": 0.002664029598236084, "Agent4_Epoch9": 0.0030484795570373535, "Agent0_Epoch10": 0.0012670159339904785, "Agent1_Epoch10": 0.0017800331115722656, "Agent2_Epoch10": 0.0018581748008728027, "Agent3_Epoch10": 0.0017369985580444336, "Agent4_Epoch10": 0.002157747745513916, "Agent0_Epoch11": 0.0009221434593200684, "Agent1_Epoch11": 0.0012096762657165527, "Agent2_Epoch11": 0.0013049840927124023, "Agent3_Epoch11": 0.001367807388305664, "Agent4_Epoch11": 0.0014820694923400879, "Agent0_Epoch12": 0.0006981492042541504, "Agent1_Epoch12": 0.000867307186126709, "Agent2_Epoch12": 0.0009344220161437988, "Agent3_Epoch12": 0.0008530020713806152, "Agent4_Epoch12": 0.0010683536529541016, "Agent0_Epoch13": 0.0005225539207458496, "Agent1_Epoch13": 0.0006219148635864258, "Agent2_Epoch13": 0.0006902217864990234, "Agent3_Epoch13": 0.0006120204925537109, "Agent4_Epoch13": 0.0007974505424499512, "Agent0_Epoch14": 0.00040084123611450195, "Agent1_Epoch14": 0.0004608631134033203, "Agent2_Epoch14": 0.0004891753196716309, "Agent3_Epoch14": 0.00037997961044311523, "Agent4_Epoch14": 0.0005348324775695801, "Agent0_Epoch15": 0.00029593706130981445, "Agent1_Epoch15": 0.00033104419708251953, "Agent2_Epoch15": 0.00034624338150024414, "Agent3_Epoch15": 0.00033473968505859375, "Agent4_Epoch15": 0.0004080533981323242, "Agent0_Epoch16": 0.0002225041389465332, "Agent1_Epoch16": 0.0002434253692626953, "Agent2_Epoch16": 0.00025135278701782227, "Agent3_Epoch16": 0.0002474188804626465, "Agent4_Epoch16": 0.0002778768539428711, "Agent0_Epoch17": 0.00016605854034423828, "Agent1_Epoch17": 0.00017851591110229492, "Agent2_Epoch17": 0.0001837611198425293, "Agent3_Epoch17": 0.00016266107559204102, "Agent4_Epoch17": 0.00020396709442138672, "Agent0_Epoch18": 0.00011909008026123047, "Agent1_Epoch18": 0.00012636184692382812, "Agent2_Epoch18": 0.00012952089309692383, "Agent3_Epoch18": 0.0001315474510192871, "Agent4_Epoch18": 0.00013720989227294922, "Agent0_Epoch19": 8.565187454223633e-05, "Agent1_Epoch19": 8.976459503173828e-05, "Agent2_Epoch19": 9.101629257202148e-05, "Agent3_Epoch19": 8.475780487060547e-05, "Agent4_Epoch19": 9.554624557495117e-05, "Agent0_Epoch20": 5.9485435485839844e-05, "Agent1_Epoch20": 6.181001663208008e-05, "Agent2_Epoch20": 6.371736526489258e-05, "Agent3_Epoch20": 5.924701690673828e-05, "Agent4_Epoch20": 6.651878356933594e-05, "Agent0_Epoch21": 4.088878631591797e-05, "Agent1_Epoch21": 4.2319297790527344e-05, "Agent2_Epoch21": 4.291534423828125e-05, "Agent3_Epoch21": 4.0531158447265625e-05, "Agent4_Epoch21": 4.392862319946289e-05, "Agent0_Epoch22": 2.8014183044433594e-05, "Agent1_Epoch22": 2.849102020263672e-05, "Agent2_Epoch22": 2.9027462005615234e-05, "Agent3_Epoch22": 2.6702880859375e-05, "Agent4_Epoch22": 3.236532211303711e-05, "Agent0_Epoch23": 1.8894672393798828e-05, "Agent1_Epoch23": 1.9311904907226562e-05, "Agent2_Epoch23": 1.9490718841552734e-05, "Agent3_Epoch23": 1.8715858459472656e-05, "Agent4_Epoch23": 1.9431114196777344e-05, "Agent0_Epoch24": 1.2516975402832031e-05, "Agent1_Epoch24": 1.2874603271484375e-05, "Agent2_Epoch24": 1.2934207916259766e-05, "Agent3_Epoch24": 1.245737075805664e-05, "Agent4_Epoch24": 1.3470649719238281e-05, "Agent0_Epoch25": 8.52346420288086e-06, "Agent1_Epoch25": 8.52346420288086e-06, "Agent2_Epoch25": 8.64267349243164e-06, "Agent3_Epoch25": 8.225440979003906e-06, "Agent4_Epoch25": 8.702278137207031e-06, "Agent0_Epoch26": 5.543231964111328e-06, "Agent1_Epoch26": 5.7220458984375e-06, "Agent2_Epoch26": 5.662441253662109e-06, "Agent3_Epoch26": 5.543231964111328e-06, "Agent4_Epoch26": 5.781650543212891e-06, "Agent0_Epoch27": 3.6954879760742188e-06, "Agent1_Epoch27": 3.7550926208496094e-06, "Agent2_Epoch27": 3.7550926208496094e-06, "Agent3_Epoch27": 3.814697265625e-06, "Agent4_Epoch27": 3.814697265625e-06, "Agent0_Epoch28": 2.5033950805664062e-06, "Agent1_Epoch28": 2.4437904357910156e-06, "Agent2_Epoch28": 2.4437904357910156e-06, "Agent3_Epoch28": 2.5033950805664062e-06, "Agent4_Epoch28": 2.4437904357910156e-06, "Agent0_Epoch29": 1.6093254089355469e-06, "Agent1_Epoch29": 1.4901161193847656e-06, "Agent2_Epoch29": 1.6689300537109375e-06, "Agent3_Epoch29": 1.4901161193847656e-06, "Agent4_Epoch29": 1.6093254089355469e-06, "Agent0_Epoch30": 1.0132789611816406e-06, "Agent1_Epoch30": 1.0728836059570312e-06, "Agent2_Epoch30": 8.940696716308594e-07, "Agent3_Epoch30": 1.0728836059570312e-06, "Agent4_Epoch30": 1.0728836059570312e-06, "Agent0_Epoch31": 6.556510925292969e-07, "Agent1_Epoch31": 7.748603820800781e-07, "Agent2_Epoch31": 5.960464477539062e-07, "Agent3_Epoch31": 7.748603820800781e-07, "Agent4_Epoch31": 6.556510925292969e-07, "Agent0_Epoch32": 3.5762786865234375e-07, "Agent1_Epoch32": 5.364418029785156e-07, "Agent2_Epoch32": 4.76837158203125e-07, "Agent3_Epoch32": 4.76837158203125e-07, "Agent4_Epoch32": 4.76837158203125e-07, "Agent0_Epoch33": 2.980232238769531e-07, "Agent1_Epoch33": 3.5762786865234375e-07, "Agent2_Epoch33": 2.384185791015625e-07, "Agent3_Epoch33": 2.980232238769531e-07, "Agent4_Epoch33": 1.7881393432617188e-07, "Agent0_Epoch34": 1.7881393432617188e-07, "Agent1_Epoch34": 1.7881393432617188e-07, "Agent2_Epoch34": 1.7881393432617188e-07, "Agent3_Epoch34": 5.960464477539063e-08, "Agent4_Epoch34": 5.960464477539063e-08, "Agent0_Epoch35": 5.960464477539063e-08, "Agent1_Epoch35": 1.7881393432617188e-07, "Agent2_Epoch35": 5.960464477539063e-08, "Agent3_Epoch35": 0.0, "Agent4_Epoch35": 5.960464477539063e-08, "Agent0_Epoch36": 0.0, "Agent1_Epoch36": 0.0, "Agent2_Epoch36": 0.0, "Agent3_Epoch36": 5.960464477539063e-08, "Agent4_Epoch36": 0.0, "Agent0_Epoch37": 0.0, "Agent1_Epoch37": 5.960464477539063e-08, "Agent2_Epoch37": 0.0, "Agent3_Epoch37": 0.0, "Agent4_Epoch37": 1.7881393432617188e-07, "Agent0_Epoch38": -1.1920928955078125e-07, "Agent1_Epoch38": -1.1920928955078125e-07, "Agent2_Epoch38": 0.0, "Agent3_Epoch38": 5.960464477539063e-08, "Agent4_Epoch38": -1.1920928955078125e-07, "Agent0_Epoch39": 0.0, "Agent1_Epoch39": 0.0, "Agent2_Epoch39": 5.960464477539063e-08, "Agent3_Epoch39": 0.0, "Agent4_Epoch39": 0.0, "Agent0_Epoch40": 0.0, "Agent1_Epoch40": 0.0, "Agent2_Epoch40": 5.960464477539063e-08, "Agent3_Epoch40": 5.960464477539063e-08, "Agent4_Epoch40": 5.960464477539063e-08, "Agent0_Epoch41": -1.1920928955078125e-07, "Agent1_Epoch41": 0.0, "Agent2_Epoch41": 0.0, "Agent3_Epoch41": 0.0, "Agent4_Epoch41": 0.0,