{"Agent0_Epoch1": 0.20965522527694702, "Agent1_Epoch1": 0.3803785443305969, "Agent2_Epoch1": 0.9984244108200073, "Agent3_Epoch1": 0.9973118901252747, "Agent4_Epoch1": 0.9977412819862366, "Agent0_Epoch2": 0.03278827667236328, "Agent1_Epoch2": 0.29375624656677246, "Agent2_Epoch2": 0.303841233253479, "Agent3_Epoch2": 0.29797250032424927, "Agent4_Epoch2": 0.3127773404121399, "Agent0_Epoch3": 0.018472790718078613, "Agent1_Epoch3": 0.1115638017654419, "Agent2_Epoch3": 0.11060941219329834, "Agent3_Epoch3": 0.11114233732223511, "Agent4_Epoch3": 0.11623990535736084, "Agent0_Epoch4": 0.01136171817779541, "Agent1_Epoch4": 0.04653209447860718, "Agent2_Epoch4": 0.0473400354385376, "Agent3_Epoch4": 0.044261932373046875, "Agent4_Epoch4": 0.04870957136154175, "Agent0_Epoch5": 0.007296562194824219, "Agent1_Epoch5": 0.021929621696472168, "Agent2_Epoch5": 0.022750437259674072, "Agent3_Epoch5": 0.022356152534484863, "Agent4_Epoch5": 0.023447751998901367, "Agent0_Epoch6": 0.004930734634399414, "Agent1_Epoch6": 0.01166003942489624, "Agent2_Epoch6": 0.012139379978179932, "Agent3_Epoch6": 0.011798083782196045, "Agent4_Epoch6": 0.012254595756530762, "Agent0_Epoch7": 0.0034058690071105957, "Agent1_Epoch7": 0.006714880466461182, "Agent2_Epoch7": 0.006838381290435791, "Agent3_Epoch7": 0.006212890148162842, "Agent4_Epoch7": 0.007478594779968262, "Agent0_Epoch8": 0.0023823976516723633, "Agent1_Epoch8": 0.004076957702636719, "Agent2_Epoch8": 0.0042378902435302734, "Agent3_Epoch8": 0.004170835018157959, "Agent4_Epoch8": 0.0042220354080200195, "Agent0_Epoch9": 0.0017000436782836914, "Agent1_Epoch9": 0.0026051998138427734, "Agent2_Epoch9": 0.0027105212211608887, "Agent3_Epoch9": 0.002590358257293701, "Agent4_Epoch9": 0.002917468547821045, "Agent0_Epoch10": 0.0012410879135131836, "Agent1_Epoch10": 0.0017434954643249512, "Agent2_Epoch10": 0.001834094524383545, "Agent3_Epoch10": 0.0018024444580078125, "Agent4_Epoch10": 0.001865088939666748, "Agent0_Epoch11": 0.0009179115295410156, "Agent1_Epoch11": 0.0012037158012390137, "Agent2_Epoch11": 0.001277327537536621, "Agent3_Epoch11": 0.0012739896774291992, "Agent4_Epoch11": 0.0013278722763061523, "Agent0_Epoch12": 0.0006732344627380371, "Agent1_Epoch12": 0.0008363127708435059, "Agent2_Epoch12": 0.0009226799011230469, "Agent3_Epoch12": 0.0007730722427368164, "Agent4_Epoch12": 0.0009014010429382324, "Agent0_Epoch13": 0.0004998445510864258, "Agent1_Epoch13": 0.0005945563316345215, "Agent2_Epoch13": 0.000643610954284668, "Agent3_Epoch13": 0.0006086230278015137, "Agent4_Epoch13": 0.0006426572799682617, "Agent0_Epoch14": 0.00037932395935058594, "Agent1_Epoch14": 0.0004360675811767578, "Agent2_Epoch14": 0.00046443939208984375, "Agent3_Epoch14": 0.00044792890548706055, "Agent4_Epoch14": 0.000436246395111084, "Agent0_Epoch15": 0.00028008222579956055, "Agent1_Epoch15": 0.00031316280364990234, "Agent2_Epoch15": 0.0003434419631958008, "Agent3_Epoch15": 0.00030982494354248047, "Agent4_Epoch15": 0.00036388635635375977, "Agent0_Epoch16": 0.00020748376846313477, "Agent1_Epoch16": 0.00022679567337036133, "Agent2_Epoch16": 0.0002472996711730957, "Agent3_Epoch16": 0.00022161006927490234, "Agent4_Epoch16": 0.000258028507232666, "Agent0_Epoch17": 0.0001571178436279297, "Agent1_Epoch17": 0.00016891956329345703, "Agent2_Epoch17": 0.0001684427261352539, "Agent3_Epoch17": 0.0001556873321533203, "Agent4_Epoch17": 0.00016450881958007812, "Agent0_Epoch18": 0.00011008977890014648, "Agent1_Epoch18": 0.00011664628982543945, "Agent2_Epoch18": 0.00012117624282836914, "Agent3_Epoch18": 0.00012069940567016602, "Agent4_Epoch18": 0.00012308359146118164, "Agent0_Epoch19": 7.897615432739258e-05, "Agent1_Epoch19": 8.273124694824219e-05, "Agent2_Epoch19": 8.26716423034668e-05, "Agent3_Epoch19": 8.541345596313477e-05, "Agent4_Epoch19": 8.606910705566406e-05, "Agent0_Epoch20": 5.5849552154541016e-05, "Agent1_Epoch20": 5.811452865600586e-05, "Agent2_Epoch20": 5.5909156799316406e-05, "Agent3_Epoch20": 5.3942203521728516e-05, "Agent4_Epoch20": 6.54458999633789e-05, "Agent0_Epoch21": 3.8564205169677734e-05, "Agent1_Epoch21": 3.975629806518555e-05, "Agent2_Epoch21": 4.011392593383789e-05, "Agent3_Epoch21": 3.796815872192383e-05, "Agent4_Epoch21": 4.225969314575195e-05, "Agent0_Epoch22": 2.6345252990722656e-05, "Agent1_Epoch22": 2.7000904083251953e-05, "Agent2_Epoch22": 2.7000904083251953e-05, "Agent3_Epoch22": 2.6404857635498047e-05, "Agent4_Epoch22": 2.7298927307128906e-05, "Agent0_Epoch23": 1.7821788787841797e-05, "Agent1_Epoch23": 1.817941665649414e-05, "Agent2_Epoch23": 1.817941665649414e-05, "Agent3_Epoch23": 1.817941665649414e-05, "Agent4_Epoch23": 1.8656253814697266e-05, "Agent0_Epoch24": 1.1920928955078125e-05, "Agent1_Epoch24": 1.2040138244628906e-05, "Agent2_Epoch24": 1.2159347534179688e-05, "Agent3_Epoch24": 1.1682510375976562e-05, "Agent4_Epoch24": 1.239776611328125e-05, "Agent0_Epoch25": 7.927417755126953e-06, "Agent1_Epoch25": 7.987022399902344e-06, "Agent2_Epoch25": 8.046627044677734e-06, "Agent3_Epoch25": 7.68899917602539e-06, "Agent4_Epoch25": 8.225440979003906e-06, "Agent0_Epoch26": 5.245208740234375e-06, "Agent1_Epoch26": 5.424022674560547e-06, "Agent2_Epoch26": 5.304813385009766e-06, "Agent3_Epoch26": 5.304813385009766e-06, "Agent4_Epoch26": 5.424022674560547e-06, "Agent0_Epoch27": 3.3974647521972656e-06, "Agent1_Epoch27": 3.4570693969726562e-06, "Agent2_Epoch27": 3.3974647521972656e-06, "Agent3_Epoch27": 3.4570693969726562e-06, "Agent4_Epoch27": 3.4570693969726562e-06, "Agent0_Epoch28": 2.384185791015625e-06, "Agent1_Epoch28": 2.3245811462402344e-06, "Agent2_Epoch28": 2.3245811462402344e-06, "Agent3_Epoch28": 2.1457672119140625e-06, "Agent4_Epoch28": 2.3245811462402344e-06, "Agent0_Epoch29": 1.3709068298339844e-06, "Agent1_Epoch29": 1.3709068298339844e-06, "Agent2_Epoch29": 1.4901161193847656e-06, "Agent3_Epoch29": 1.4901161193847656e-06, "Agent4_Epoch29": 1.4901161193847656e-06, "Agent0_Epoch30": 1.0132789611816406e-06, "Agent1_Epoch30": 8.940696716308594e-07, "Agent2_Epoch30": 8.940696716308594e-07, "Agent3_Epoch30": 1.0132789611816406e-06, "Agent4_Epoch30": 1.0132789611816406e-06, "Agent0_Epoch31": 7.152557373046875e-07, "Agent1_Epoch31": 5.960464477539062e-07, "Agent2_Epoch31": 5.960464477539062e-07, "Agent3_Epoch31": 5.960464477539062e-07, "Agent4_Epoch31": 7.152557373046875e-07, "Agent0_Epoch32": 4.76837158203125e-07, "Agent1_Epoch32": 3.5762786865234375e-07, "Agent2_Epoch32": 3.5762786865234375e-07, "Agent3_Epoch32": 3.5762786865234375e-07, "Agent4_Epoch32": 4.76837158203125e-07, "Agent0_Epoch33": 2.980232238769531e-07, "Agent1_Epoch33": 2.384185791015625e-07, "Agent2_Epoch33": 1.7881393432617188e-07, "Agent3_Epoch33": 2.384185791015625e-07, "Agent4_Epoch33": 2.980232238769531e-07, "Agent0_Epoch34": 5.960464477539063e-08, "Agent1_Epoch34": 5.960464477539063e-08, "Agent2_Epoch34": 0.0, "Agent3_Epoch34": 0.0, "Agent4_Epoch34": 1.7881393432617188e-07, "Agent0_Epoch35": 2.384185791015625e-07, "Agent1_Epoch35": 5.960464477539063e-08, "Agent2_Epoch35": 0.0, "Agent3_Epoch35": 1.7881393432617188e-07, "Agent4_Epoch35": 1.7881393432617188e-07, "Agent0_Epoch36": 5.960464477539063e-08, "Agent1_Epoch36": 0.0, "Agent2_Epoch36": 0.0, "Agent3_Epoch36": 1.7881393432617188e-07, "Agent4_Epoch36": 1.7881393432617188e-07, "Agent0_Epoch37": 5.960464477539063e-08, "Agent1_Epoch37": 0.0, "Agent2_Epoch37": 5.960464477539063e-08, "Agent3_Epoch37": 0.0, "Agent4_Epoch37": 5.960464477539063e-08, "Agent0_Epoch38": 0.0, "Agent1_Epoch38": 5.960464477539063e-08, "Agent2_Epoch38": 5.960464477539063e-08, "Agent3_Epoch38": 5.960464477539063e-08, "Agent4_Epoch38": 5.960464477539063e-08, "Agent0_Epoch39": 0.0, "Agent1_Epoch39": 0.0, "Agent2_Epoch39": 0.0, "Agent3_Epoch39": 0.0, "Agent4_Epoch39": -1.1920928955078125e-07, "Agent0_Epoch40": 5.960464477539063e-08, "Agent1_Epoch40": 5.960464477539063e-08, "Agent2_Epoch40": 0.0, "Agent3_Epoch40": 5.960464477539063e-08, "Agent4_Epoch40": 5.960464477539063e-08, "Agent0_Epoch41": 5.960464477539063e-08, "Agent1_Epoch41": 0.0, "Agent2_Epoch41": 0.0,