{"E1_agent0_norm": 7.203948974609375, "E1_agent1_norm": 1.7395786046981812, "E1_agent2_norm": 2.049983024597168, "E1_agent3_norm": 1.8197394609451294, "E1_agent4_norm": 1.929200291633606, "E2_agent0_norm": 3.3663244247436523, "E2_agent1_norm": 1.0088746547698975, "E2_agent2_norm": 1.0324777364730835, "E2_agent3_norm": 0.8662478923797607, "E2_agent4_norm": 1.1351945400238037, "E3_agent0_norm": 2.2521207332611084, "E3_agent1_norm": 0.6193181276321411, "E3_agent2_norm": 0.6726872324943542, "E3_agent3_norm": 0.5212407112121582, "E3_agent4_norm": 0.7008894681930542, "E4_agent0_norm": 1.5249838829040527, "E4_agent1_norm": 0.41961753368377686, "E4_agent2_norm": 0.440582275390625, "E4_agent3_norm": 0.40500608086586, "E4_agent4_norm": 0.4043577313423157, "E5_agent0_norm": 1.0436431169509888, "E5_agent1_norm": 0.3401593565940857, "E5_agent2_norm": 0.3411415219306946, "E5_agent3_norm": 0.30484598875045776, "E5_agent4_norm": 0.3723008334636688, "E6_agent0_norm": 0.7745094895362854, "E6_agent1_norm": 0.2869338095188141, "E6_agent2_norm": 0.2927265763282776, "E6_agent3_norm": 0.26463061571121216, "E6_agent4_norm": 0.31834426522254944, "E7_agent0_norm": 0.5672879815101624, "E7_agent1_norm": 0.21249456703662872, "E7_agent2_norm": 0.19849435985088348, "E7_agent3_norm": 0.18226611614227295, "E7_agent4_norm": 0.23070909082889557, "E8_agent0_norm": 0.4204986095428467, "E8_agent1_norm": 0.17777450382709503, "E8_agent2_norm": 0.17874956130981445, "E8_agent3_norm": 0.14789587259292603, "E8_agent4_norm": 0.20707109570503235, "E9_agent0_norm": 0.34936872124671936, "E9_agent1_norm": 0.11674375832080841, "E9_agent2_norm": 0.13028016686439514, "E9_agent3_norm": 0.12782712280750275, "E9_agent4_norm": 0.15695904195308685, "E10_agent0_norm": 0.2538541853427887, "E10_agent1_norm": 0.09990257024765015, "E10_agent2_norm": 0.11365236341953278, "E10_agent3_norm": 0.09285272657871246, "E10_agent4_norm": 0.10340610891580582, "E11_agent0_norm": 0.18333765864372253, "E11_agent1_norm": 0.08370037376880646, "E11_agent2_norm": 0.07490944117307663, "E11_agent3_norm": 0.0706615298986435, "E11_agent4_norm": 0.08550921827554703, "E12_agent0_norm": 0.17087627947330475, "E12_agent1_norm": 0.06129730865359306, "E12_agent2_norm": 0.06347434222698212, "E12_agent3_norm": 0.06342606991529465, "E12_agent4_norm": 0.06343521922826767, "E13_agent0_norm": 0.12787097692489624, "E13_agent1_norm": 0.04655618220567703, "E13_agent2_norm": 0.04845806211233139, "E13_agent3_norm": 0.04696735739707947, "E13_agent4_norm": 0.07243014872074127, "E14_agent0_norm": 0.10599882155656815, "E14_agent1_norm": 0.0348624512553215, "E14_agent2_norm": 0.040437813848257065, "E14_agent3_norm": 0.036072440445423126, "E14_agent4_norm": 0.055647991597652435, "E15_agent0_norm": 0.08164394646883011, "E15_agent1_norm": 0.03512571007013321, "E15_agent2_norm": 0.03423753380775452, "E15_agent3_norm": 0.03889758884906769, "E15_agent4_norm": 0.051375482231378555, "E16_agent0_norm": 0.057681284844875336, "E16_agent1_norm": 0.02162148617208004, "E16_agent2_norm": 0.025958314538002014, "E16_agent3_norm": 0.025676479563117027, "E16_agent4_norm": 0.036210644990205765, "E17_agent0_norm": 0.04737717658281326, "E17_agent1_norm": 0.021713653579354286, "E17_agent2_norm": 0.020848318934440613, "E17_agent3_norm": 0.02836432307958603, "E17_agent4_norm": 0.030695272609591484, "E18_agent0_norm": 0.032523076981306076, "E18_agent1_norm": 0.011153198778629303, "E18_agent2_norm": 0.012453951872885227, "E18_agent3_norm": 0.011522256769239902, "E18_agent4_norm": 0.0184183232486248, "E19_agent0_norm": 0.02288028411567211, "E19_agent1_norm": 0.00865519605576992, "E19_agent2_norm": 0.009121499955654144, "E19_agent3_norm": 0.00993689801543951, "E19_agent4_norm": 0.010880212299525738, "E20_agent0_norm": 0.019190384075045586, "E20_agent1_norm": 0.005416591186076403, "E20_agent2_norm": 0.0067750150337815285, "E20_agent3_norm": 0.0060460506938397884, "E20_agent4_norm": 0.00846857763826847, "E21_agent0_norm": 0.0128108449280262, "E21_agent1_norm": 0.005117105320096016, "E21_agent2_norm": 0.005198818165808916, "E21_agent3_norm": 0.00776669243350625, "E21_agent4_norm": 0.006378240417689085, "E22_agent0_norm": 0.008289487101137638, "E22_agent1_norm": 0.0033355008345097303, "E22_agent2_norm": 0.0036401222459971905, "E22_agent3_norm": 0.004665225278586149, "E22_agent4_norm": 0.003407722571864724, "E23_agent0_norm": 0.00700408685952425, "E23_agent1_norm": 0.0027497035916894674, "E23_agent2_norm": 0.0030792178586125374, "E23_agent3_norm": 0.005359692499041557, "E23_agent4_norm": 0.004429180175065994, "E24_agent0_norm": 0.004524454474449158, "E24_agent1_norm": 0.0013104310492053628, "E24_agent2_norm": 0.001606049481779337, "E24_agent3_norm": 0.0013380271848291159, "E24_agent4_norm": 0.0020804523956030607, "E25_agent0_norm": 0.003134683007374406, "E25_agent1_norm": 0.000964582257438451, "E25_agent2_norm": 0.001126936636865139, "E25_agent3_norm": 0.001177252153865993, "E25_agent4_norm": 0.0019733819644898176, "E26_agent0_norm": 0.002289816038683057, "E26_agent1_norm": 0.0007059408235363662, "E26_agent2_norm": 0.0008382743108086288, "E26_agent3_norm": 0.0008056141086854041, "E26_agent4_norm": 0.0013797982828691602, "E27_agent0_norm": 0.0017187886405736208, "E27_agent1_norm": 0.000517668726388365, "E27_agent2_norm": 0.0006233452004380524, "E27_agent3_norm": 0.0005532940849661827, "E27_agent4_norm": 0.0009803732391446829, "E28_agent0_norm": 0.001186939189210534, "E28_agent1_norm": 0.00036688754335045815, "E28_agent2_norm": 0.0004102546372450888, "E28_agent3_norm": 0.00047416522284038365, "E28_agent4_norm": 0.0006105959764681756, "E29_agent0_norm": 0.0008127668406814337, "E29_agent1_norm": 0.0002634049451444298, "E29_agent2_norm": 0.0002875640639103949, "E29_agent3_norm": 0.00028162592207081616, "E29_agent4_norm": 0.0002598903374746442, "E30_agent0_norm": 0.0006101272301748395, "E30_agent1_norm": 0.00018176613957621157, "E30_agent2_norm": 0.00020594838133547455, "E30_agent3_norm": 0.00018121128960046917, "E30_agent4_norm": 0.0002981892030220479, "E31_agent0_norm": 0.0003948854864574969, "E31_agent1_norm": 0.0001244346349267289, "E31_agent2_norm": 0.00014166523760650307, "E31_agent3_norm": 0.00012892202357761562, "E31_agent4_norm": 0.00020616358960978687, "E32_agent0_norm": 0.00027069917996414006, "E32_agent1_norm": 9.06531568034552e-05, "E32_agent2_norm": 0.00010563417890807614, "E32_agent3_norm": 0.00012201772187836468, "E32_agent4_norm": 0.00017276416474487633, "E33_agent0_norm": 0.0001806682557798922, "E33_agent1_norm": 6.393952207872644e-05, "E33_agent2_norm": 6.740564276697114e-05, "E33_agent3_norm": 5.993438753648661e-05, "E33_agent4_norm": 5.783432789030485e-05, "E34_agent0_norm": 0.00014009779260959476, "E34_agent1_norm": 4.1795094148255885e-05, "E34_agent2_norm": 4.554427141556516e-05, "E34_agent3_norm": 4.162267941865139e-05, "E34_agent4_norm": 4.369815724203363e-05, "E35_agent0_norm": 9.115980356000364e-05, "E35_agent1_norm": 3.215923788957298e-05, "E35_agent2_norm": 3.205037137377076e-05, "E35_agent3_norm": 3.592512439354323e-05, "E35_agent4_norm": 3.772263153223321e-05, "E36_agent0_norm": 6.532602856168523e-05, "E36_agent1_norm": 2.3869437427492812e-05, "E36_agent2_norm": 2.4543476683902554e-05, "E36_agent3_norm": 4.138385702390224e-05, "E36_agent4_norm": 3.8521109672728926e-05, "E37_agent0_norm": 5.075960871181451e-05, "E37_agent1_norm": 1.5798717868165113e-05, "E37_agent2_norm": 1.973188409465365e-05, "E37_agent3_norm": 1.6533289453946054e-05, "E37_agent4_norm": 2.8064501748303883e-05, "E38_agent0_norm": 3.112278500339016e-05, "E38_agent1_norm": 1.0377228136349004e-05, "E38_agent2_norm": 1.1543754226295277e-05, "E38_agent3_norm": 1.4090891454543453e-05, "E38_agent4_norm": 2.2704049115418456e-05, "E39_agent0_norm": 2.1044725144747645e-05, "E39_agent1_norm": 7.674381777178496e-06, "E39_agent2_norm": 7.941375770315062e-06, "E39_agent3_norm": 7.773187462589704e-06, "E39_agent4_norm": 7.120670034055365e-06, "E40_agent0_norm": 1.4576308785763104e-05,