{"Agent0_Epoch1": 0.2147412896156311, "Agent1_Epoch1": 0.37980395555496216, "Agent2_Epoch1": 0.999098539352417, "Agent3_Epoch1": 0.9982439279556274, "Agent4_Epoch1": 0.9975345730781555, "Agent0_Epoch2": 0.03371769189834595, "Agent1_Epoch2": 0.2936285138130188, "Agent2_Epoch2": 0.300784170627594, "Agent3_Epoch2": 0.2941010594367981, "Agent4_Epoch2": 0.30235981941223145, "Agent0_Epoch3": 0.01870262622833252, "Agent1_Epoch3": 0.11189782619476318, "Agent2_Epoch3": 0.11372995376586914, "Agent3_Epoch3": 0.11137193441390991, "Agent4_Epoch3": 0.11674964427947998, "Agent0_Epoch4": 0.011574625968933105, "Agent1_Epoch4": 0.04715442657470703, "Agent2_Epoch4": 0.0481867790222168, "Agent3_Epoch4": 0.046472251415252686, "Agent4_Epoch4": 0.04876011610031128, "Agent0_Epoch5": 0.0073860883712768555, "Agent1_Epoch5": 0.022202253341674805, "Agent2_Epoch5": 0.022794127464294434, "Agent3_Epoch5": 0.021938681602478027, "Agent4_Epoch5": 0.024256587028503418, "Agent0_Epoch6": 0.005065739154815674, "Agent1_Epoch6": 0.012013375759124756, "Agent2_Epoch6": 0.012313544750213623, "Agent3_Epoch6": 0.011562943458557129, "Agent4_Epoch6": 0.01316368579864502, "Agent0_Epoch7": 0.0035379528999328613, "Agent1_Epoch7": 0.0069945454597473145, "Agent2_Epoch7": 0.007063150405883789, "Agent3_Epoch7": 0.007097721099853516, "Agent4_Epoch7": 0.007459878921508789, "Agent0_Epoch8": 0.0025216341018676758, "Agent1_Epoch8": 0.004325151443481445, "Agent2_Epoch8": 0.004252195358276367, "Agent3_Epoch8": 0.004046261310577393, "Agent4_Epoch8": 0.004846811294555664, "Agent0_Epoch9": 0.0018236041069030762, "Agent1_Epoch9": 0.00279921293258667, "Agent2_Epoch9": 0.0027437210083007812, "Agent3_Epoch9": 0.0027196407318115234, "Agent4_Epoch9": 0.0030664801597595215, "Agent0_Epoch10": 0.001339733600616455, "Agent1_Epoch10": 0.0018845200538635254, "Agent2_Epoch10": 0.0018351078033447266, "Agent3_Epoch10": 0.0018336176872253418, "Agent4_Epoch10": 0.0019428730010986328, "Agent0_Epoch11": 0.0009976625442504883, "Agent1_Epoch11": 0.001310110092163086, "Agent2_Epoch11": 0.0012905597686767578, "Agent3_Epoch11": 0.0012910962104797363, "Agent4_Epoch11": 0.0014172196388244629, "Agent0_Epoch12": 0.00074005126953125, "Agent1_Epoch12": 0.0009203553199768066, "Agent2_Epoch12": 0.0008988380432128906, "Agent3_Epoch12": 0.0008856058120727539, "Agent4_Epoch12": 0.00098341703414917, "Agent0_Epoch13": 0.0005477666854858398, "Agent1_Epoch13": 0.0006524920463562012, "Agent2_Epoch13": 0.0006306171417236328, "Agent3_Epoch13": 0.0004924535751342773, "Agent4_Epoch13": 0.0007242560386657715, "Agent0_Epoch14": 0.0004088878631591797, "Agent1_Epoch14": 0.00047028064727783203, "Agent2_Epoch14": 0.00043326616287231445, "Agent3_Epoch14": 0.0004011988639831543, "Agent4_Epoch14": 0.0005154013633728027, "Agent0_Epoch15": 0.0002970099449157715, "Agent1_Epoch15": 0.0003323554992675781, "Agent2_Epoch15": 0.0003241896629333496, "Agent3_Epoch15": 0.00031262636184692383, "Agent4_Epoch15": 0.0003491640090942383, "Agent0_Epoch16": 0.00022077560424804688, "Agent1_Epoch16": 0.00024169683456420898, "Agent2_Epoch16": 0.00023502111434936523, "Agent3_Epoch16": 0.0002173781394958496, "Agent4_Epoch16": 0.0002498030662536621, "Agent0_Epoch17": 0.00016003847122192383, "Agent1_Epoch17": 0.00017213821411132812, "Agent2_Epoch17": 0.00016868114471435547, "Agent3_Epoch17": 0.00013697147369384766, "Agent4_Epoch17": 0.00019210577011108398, "Agent0_Epoch18": 0.00011467933654785156, "Agent1_Epoch18": 0.00012153387069702148, "Agent2_Epoch18": 0.00011914968490600586, "Agent3_Epoch18": 0.00011330842971801758, "Agent4_Epoch18": 0.00013530254364013672, "Agent0_Epoch19": 8.279085159301758e-05, "Agent1_Epoch19": 8.684396743774414e-05, "Agent2_Epoch19": 8.219480514526367e-05, "Agent3_Epoch19": 7.992982864379883e-05, "Agent4_Epoch19": 9.369850158691406e-05, "Agent0_Epoch20": 5.8710575103759766e-05, "Agent1_Epoch20": 6.103515625e-05, "Agent2_Epoch20": 5.8710575103759766e-05, "Agent3_Epoch20": 5.424022674560547e-05, "Agent4_Epoch20": 6.288290023803711e-05, "Agent0_Epoch21": 4.035234451293945e-05, "Agent1_Epoch21": 4.1604042053222656e-05, "Agent2_Epoch21": 4.118680953979492e-05, "Agent3_Epoch21": 3.921985626220703e-05, "Agent4_Epoch21": 4.398822784423828e-05, "Agent0_Epoch22": 2.7835369110107422e-05, "Agent1_Epoch22": 2.849102020263672e-05, "Agent2_Epoch22": 2.8431415557861328e-05, "Agent3_Epoch22": 2.7298927307128906e-05, "Agent4_Epoch22": 3.0040740966796875e-05, "Agent0_Epoch23": 1.9073486328125e-05, "Agent1_Epoch23": 1.9311904907226562e-05, "Agent2_Epoch23": 1.9252300262451172e-05, "Agent3_Epoch23": 1.7762184143066406e-05, "Agent4_Epoch23": 1.996755599975586e-05, "Agent0_Epoch24": 1.2814998626708984e-05, "Agent1_Epoch24": 1.2874603271484375e-05, "Agent2_Epoch24": 1.2874603271484375e-05, "Agent3_Epoch24": 1.2516975402832031e-05, "Agent4_Epoch24": 1.329183578491211e-05, "Agent0_Epoch25": 8.58306884765625e-06, "Agent1_Epoch25": 8.702278137207031e-06, "Agent2_Epoch25": 8.463859558105469e-06, "Agent3_Epoch25": 8.404254913330078e-06, "Agent4_Epoch25": 8.940696716308594e-06, "Agent0_Epoch26": 5.662441253662109e-06, "Agent1_Epoch26": 5.7220458984375e-06, "Agent2_Epoch26": 5.781650543212891e-06, "Agent3_Epoch26": 5.4836273193359375e-06, "Agent4_Epoch26": 5.9604644775390625e-06, "Agent0_Epoch27": 3.814697265625e-06, "Agent1_Epoch27": 3.6954879760742188e-06, "Agent2_Epoch27": 3.814697265625e-06, "Agent3_Epoch27": 3.6954879760742188e-06, "Agent4_Epoch27": 3.933906555175781e-06, "Agent0_Epoch28": 2.3245811462402344e-06, "Agent1_Epoch28": 2.4437904357910156e-06, "Agent2_Epoch28": 2.5033950805664062e-06, "Agent3_Epoch28": 2.4437904357910156e-06, "Agent4_Epoch28": 2.5033950805664062e-06, "Agent0_Epoch29": 1.6093254089355469e-06, "Agent1_Epoch29": 1.5497207641601562e-06, "Agent2_Epoch29": 1.5497207641601562e-06, "Agent3_Epoch29": 1.4901161193847656e-06, "Agent4_Epoch29": 1.6689300537109375e-06, "Agent0_Epoch30": 1.0728836059570312e-06, "Agent1_Epoch30": 1.0132789611816406e-06, "Agent2_Epoch30": 1.0132789611816406e-06, "Agent3_Epoch30": 1.0728836059570312e-06, "Agent4_Epoch30": 1.0132789611816406e-06, "Agent0_Epoch31": 5.960464477539062e-07, "Agent1_Epoch31": 5.960464477539062e-07, "Agent2_Epoch31": 7.152557373046875e-07, "Agent3_Epoch31": 5.960464477539062e-07, "Agent4_Epoch31": 7.748603820800781e-07, "Agent0_Epoch32": 4.76837158203125e-07, "Agent1_Epoch32": 4.76837158203125e-07, "Agent2_Epoch32": 4.172325134277344e-07, "Agent3_Epoch32": 4.76837158203125e-07, "Agent4_Epoch32": 4.172325134277344e-07, "Agent0_Epoch33": 4.172325134277344e-07, "Agent1_Epoch33": 2.980232238769531e-07, "Agent2_Epoch33": 2.384185791015625e-07, "Agent3_Epoch33": 1.7881393432617188e-07, "Agent4_Epoch33": 2.384185791015625e-07, "Agent0_Epoch34": 5.960464477539063e-08, "Agent1_Epoch34": 2.384185791015625e-07, "Agent2_Epoch34": 5.960464477539063e-08, "Agent3_Epoch34": 2.384185791015625e-07, "Agent4_Epoch34": 1.7881393432617188e-07, "Agent0_Epoch35": 1.7881393432617188e-07, "Agent1_Epoch35": 1.7881393432617188e-07, "Agent2_Epoch35": 5.960464477539063e-08, "Agent3_Epoch35": 1.7881393432617188e-07, "Agent4_Epoch35": 5.960464477539063e-08, "Agent0_Epoch36": 0.0, "Agent1_Epoch36": 5.960464477539063e-08, "Agent2_Epoch36": 0.0, "Agent3_Epoch36": 5.960464477539063e-08, "Agent4_Epoch36": 5.960464477539063e-08, "Agent0_Epoch37": 5.960464477539063e-08, "Agent1_Epoch37": 1.7881393432617188e-07, "Agent2_Epoch37": 5.960464477539063e-08, "Agent3_Epoch37": 0.0, "Agent4_Epoch37": 1.7881393432617188e-07, "Agent0_Epoch38": 0.0, "Agent1_Epoch38": 0.0, "Agent2_Epoch38": 0.0, "Agent3_Epoch38": -1.1920928955078125e-07, "Agent4_Epoch38": 0.0, "Agent0_Epoch39": 0.0, "Agent1_Epoch39": 5.960464477539063e-08, "Agent2_Epoch39": -1.1920928955078125e-07, "Agent3_Epoch39": -1.1920928955078125e-07, "Agent4_Epoch39": 5.960464477539063e-08, "Agent0_Epoch40": 5.960464477539063e-08, "Agent1_Epoch40": 5.960464477539063e-08, "Agent2_Epoch40": 5.960464477539063e-08, "Agent3_Epoch40": 5.960464477539063e-08, "Agent4_Epoch40": 5.960464477539063e-08,