{"E1_agent0_norm": 7.001012802124023, "E1_agent1_norm": 1.980613350868225, "E1_agent2_norm": 2.159147024154663, "E1_agent3_norm": 2.0350396633148193, "E1_agent4_norm": 2.1800336837768555, "E2_agent0_norm": 3.3948211669921875, "E2_agent1_norm": 0.8149122595787048, "E2_agent2_norm": 0.8491754531860352, "E2_agent3_norm": 0.9166707992553711, "E2_agent4_norm": 1.1617941856384277, "E3_agent0_norm": 2.1642682552337646, "E3_agent1_norm": 0.5559601783752441, "E3_agent2_norm": 0.6018126010894775, "E3_agent3_norm": 0.5871355533599854, "E3_agent4_norm": 0.6932981610298157, "E4_agent0_norm": 1.5072232484817505, "E4_agent1_norm": 0.4094943404197693, "E4_agent2_norm": 0.42366063594818115, "E4_agent3_norm": 0.4064265787601471, "E4_agent4_norm": 0.4499562978744507, "E5_agent0_norm": 1.0054442882537842, "E5_agent1_norm": 0.32970207929611206, "E5_agent2_norm": 0.3614169955253601, "E5_agent3_norm": 0.31972700357437134, "E5_agent4_norm": 0.45480987429618835, "E6_agent0_norm": 0.7657002210617065, "E6_agent1_norm": 0.2509089410305023, "E6_agent2_norm": 0.2468538135290146, "E6_agent3_norm": 0.21511715650558472, "E6_agent4_norm": 0.28599634766578674, "E7_agent0_norm": 0.5403124094009399, "E7_agent1_norm": 0.2080463021993637, "E7_agent2_norm": 0.20065195858478546, "E7_agent3_norm": 0.17289605736732483, "E7_agent4_norm": 0.23875528573989868, "E8_agent0_norm": 0.424445778131485, "E8_agent1_norm": 0.16089899837970734, "E8_agent2_norm": 0.17068727314472198, "E8_agent3_norm": 0.1476007103919983, "E8_agent4_norm": 0.184126615524292, "E9_agent0_norm": 0.33476772904396057, "E9_agent1_norm": 0.12523144483566284, "E9_agent2_norm": 0.1356419324874878, "E9_agent3_norm": 0.131069615483284, "E9_agent4_norm": 0.15953268110752106, "E10_agent0_norm": 0.24136817455291748, "E10_agent1_norm": 0.10968092083930969, "E10_agent2_norm": 0.11113082617521286, "E10_agent3_norm": 0.10642741620540619, "E10_agent4_norm": 0.12350211292505264, "E11_agent0_norm": 0.20025525987148285, "E11_agent1_norm": 0.09277327358722687, "E11_agent2_norm": 0.0827680379152298, "E11_agent3_norm": 0.0836087167263031, "E11_agent4_norm": 0.10709469765424728, "E12_agent0_norm": 0.1501373052597046, "E12_agent1_norm": 0.06226643547415733, "E12_agent2_norm": 0.06604626774787903, "E12_agent3_norm": 0.06242525577545166, "E12_agent4_norm": 0.09979881346225739, "E13_agent0_norm": 0.12572965025901794, "E13_agent1_norm": 0.05656671151518822, "E13_agent2_norm": 0.060333188623189926, "E13_agent3_norm": 0.06432955712080002, "E13_agent4_norm": 0.07733841985464096, "E14_agent0_norm": 0.10230901092290878, "E14_agent1_norm": 0.04059170186519623, "E14_agent2_norm": 0.043391451239585876, "E14_agent3_norm": 0.044088028371334076, "E14_agent4_norm": 0.05092286691069603, "E15_agent0_norm": 0.08251214772462845, "E15_agent1_norm": 0.032018523663282394, "E15_agent2_norm": 0.03394452482461929, "E15_agent3_norm": 0.03778870776295662, "E15_agent4_norm": 0.04777677357196808, "E16_agent0_norm": 0.06117779761552811, "E16_agent1_norm": 0.02092830091714859, "E16_agent2_norm": 0.02294209599494934, "E16_agent3_norm": 0.02497900277376175, "E16_agent4_norm": 0.03554489091038704, "E17_agent0_norm": 0.041755907237529755, "E17_agent1_norm": 0.015056491829454899, "E17_agent2_norm": 0.02039007656276226, "E17_agent3_norm": 0.016867654398083687, "E17_agent4_norm": 0.016522927209734917, "E18_agent0_norm": 0.03485783562064171, "E18_agent1_norm": 0.011545884422957897, "E18_agent2_norm": 0.01214870810508728, "E18_agent3_norm": 0.01317657995969057, "E18_agent4_norm": 0.02023177407681942, "E19_agent0_norm": 0.02547217346727848, "E19_agent1_norm": 0.00946899875998497, "E19_agent2_norm": 0.009161309339106083, "E19_agent3_norm": 0.009830072522163391, "E19_agent4_norm": 0.014209331013262272, "E20_agent0_norm": 0.017786864191293716, "E20_agent1_norm": 0.006888280156999826, "E20_agent2_norm": 0.008164078928530216, "E20_agent3_norm": 0.011334206908941269, "E20_agent4_norm": 0.011598784476518631, "E21_agent0_norm": 0.013211489655077457, "E21_agent1_norm": 0.0041819061152637005, "E21_agent2_norm": 0.004342458210885525, "E21_agent3_norm": 0.0045844330452382565, "E21_agent4_norm": 0.00808749534189701, "E22_agent0_norm": 0.008700607344508171, "E22_agent1_norm": 0.0032939703669399023, "E22_agent2_norm": 0.0037711800541728735, "E22_agent3_norm": 0.004285601899027824, "E22_agent4_norm": 0.004539768677204847, "E23_agent0_norm": 0.007870353758335114, "E23_agent1_norm": 0.0025114226154983044, "E23_agent2_norm": 0.0026131710037589073, "E23_agent3_norm": 0.002763299271464348, "E23_agent4_norm": 0.004636650905013084, "E24_agent0_norm": 0.0050595044158399105, "E24_agent1_norm": 0.0015515424311161041, "E24_agent2_norm": 0.0015973815461620688, "E24_agent3_norm": 0.0017157216789200902, "E24_agent4_norm": 0.0028050094842910767, "E25_agent0_norm": 0.0036076826509088278, "E25_agent1_norm": 0.001136067439801991, "E25_agent2_norm": 0.00148504669778049, "E25_agent3_norm": 0.0016402823384851217, "E25_agent4_norm": 0.0016192091861739755, "E26_agent0_norm": 0.0021633352153003216, "E26_agent1_norm": 0.0007648275350220501, "E26_agent2_norm": 0.0009754715138114989, "E26_agent3_norm": 0.0009629106498323381, "E26_agent4_norm": 0.0008044199785217643, "E27_agent0_norm": 0.0015971704851835966, "E27_agent1_norm": 0.00057149154599756, "E27_agent2_norm": 0.0007661713752895594, "E27_agent3_norm": 0.0010210524778813124, "E27_agent4_norm": 0.0007062372169457376, "E28_agent0_norm": 0.0012549319071695209, "E28_agent1_norm": 0.0004530694568529725, "E28_agent2_norm": 0.00046800985001027584, "E28_agent3_norm": 0.0007927147089503706, "E28_agent4_norm": 0.0009603261714801192, "E29_agent0_norm": 0.0008707598317414522, "E29_agent1_norm": 0.0002897277008742094, "E29_agent2_norm": 0.00029792089480906725, "E29_agent3_norm": 0.0003943449119105935, "E29_agent4_norm": 0.0005016163340769708, "E30_agent0_norm": 0.0006422097212634981, "E30_agent1_norm": 0.0001927291159518063, "E30_agent2_norm": 0.000207080171094276, "E30_agent3_norm": 0.00023882741515990347, "E30_agent4_norm": 0.00033789241570048034, "E31_agent0_norm": 0.00044835577136836946, "E31_agent1_norm": 0.00013834171113558114, "E31_agent2_norm": 0.00014711898984387517, "E31_agent3_norm": 0.00016845694335643202, "E31_agent4_norm": 0.00031044421484693885, "E32_agent0_norm": 0.0003180764615535736, "E32_agent1_norm": 9.922474418999627e-05, "E32_agent2_norm": 0.00010686047608032823, "E32_agent3_norm": 0.0001555551280034706, "E32_agent4_norm": 0.000178911883267574, "E33_agent0_norm": 0.0002365977707086131, "E33_agent1_norm": 7.506991096306592e-05, "E33_agent2_norm": 7.396946602966636e-05, "E33_agent3_norm": 7.830915274098516e-05, "E33_agent4_norm": 0.0001395952422171831, "E34_agent0_norm": 0.0001435428421245888, "E34_agent1_norm": 4.6685003326274455e-05, "E34_agent2_norm": 4.8648129450157285e-05, "E34_agent3_norm": 5.23483868164476e-05, "E34_agent4_norm": 5.577904812525958e-05, "E35_agent0_norm": 0.00011027741857105866, "E35_agent1_norm": 3.399265551706776e-05, "E35_agent2_norm": 3.7968737160554156e-05, "E35_agent3_norm": 5.3359122830443084e-05, "E35_agent4_norm": 6.604952795896679e-05, "E36_agent0_norm": 6.536337605211884e-05, "E36_agent1_norm": 2.48805863520829e-05, "E36_agent2_norm": 2.9027061827946454e-05, "E36_agent3_norm": 4.9851547373691574e-05, "E36_agent4_norm": 3.7665995478164405e-05, "E37_agent0_norm": 4.423588688950986e-05, "E37_agent1_norm": 1.415850238117855e-05, "E37_agent2_norm": 1.6992658856906928e-05, "E37_agent3_norm": 1.6142210370162502e-05, "E37_agent4_norm": 1.935211184900254e-05, "E38_agent0_norm": 3.055545676033944e-05, "E38_agent1_norm": 1.0324411050532945e-05, "E38_agent2_norm": 1.3397359907685313e-05, "E38_agent3_norm": 1.619895192561671e-05, "E38_agent4_norm": 1.4346811440191232e-05, "E39_agent0_norm": 2.2327078113448806e-05, "E39_agent1_norm": 7.608312898810254e-06, "E39_agent2_norm": 8.199886906368192e-06, "E39_agent3_norm": 8.926414011511952e-06, "E39_agent4_norm": 8.596758561907336e-06, "E40_agent0_norm": 1.515091753390152e-05,