{"Agent0_Epoch1": 0.20668071508407593, "Agent1_Epoch1": 0.38329678773880005, "Agent2_Epoch1": 0.9980970621109009, "Agent3_Epoch1": 0.993988573551178, "Agent4_Epoch1": 0.9913837313652039, "Agent0_Epoch2": 0.03255957365036011, "Agent1_Epoch2": 0.28713202476501465, "Agent2_Epoch2": 0.29982227087020874, "Agent3_Epoch2": 0.29075729846954346, "Agent4_Epoch2": 0.30008918046951294, "Agent0_Epoch3": 0.01799684762954712, "Agent1_Epoch3": 0.10627949237823486, "Agent2_Epoch3": 0.10859942436218262, "Agent3_Epoch3": 0.1102597713470459, "Agent4_Epoch3": 0.11448901891708374, "Agent0_Epoch4": 0.011014282703399658, "Agent1_Epoch4": 0.04416990280151367, "Agent2_Epoch4": 0.04538363218307495, "Agent3_Epoch4": 0.0433499813079834, "Agent4_Epoch4": 0.046204209327697754, "Agent0_Epoch5": 0.007174074649810791, "Agent1_Epoch5": 0.021220922470092773, "Agent2_Epoch5": 0.02153545618057251, "Agent3_Epoch5": 0.020122766494750977, "Agent4_Epoch5": 0.02238786220550537, "Agent0_Epoch6": 0.0048059821128845215, "Agent1_Epoch6": 0.011246979236602783, "Agent2_Epoch6": 0.011230111122131348, "Agent3_Epoch6": 0.011241257190704346, "Agent4_Epoch6": 0.01249784231185913, "Agent0_Epoch7": 0.003360152244567871, "Agent1_Epoch7": 0.006562948226928711, "Agent2_Epoch7": 0.00653684139251709, "Agent3_Epoch7": 0.006290316581726074, "Agent4_Epoch7": 0.006672978401184082, "Agent0_Epoch8": 0.0023736953735351562, "Agent1_Epoch8": 0.004029691219329834, "Agent2_Epoch8": 0.003955066204071045, "Agent3_Epoch8": 0.0039313435554504395, "Agent4_Epoch8": 0.004423081874847412, "Agent0_Epoch9": 0.0016963481903076172, "Agent1_Epoch9": 0.0025823116302490234, "Agent2_Epoch9": 0.002576887607574463, "Agent3_Epoch9": 0.0024365782737731934, "Agent4_Epoch9": 0.0026206374168395996, "Agent0_Epoch10": 0.001225292682647705, "Agent1_Epoch10": 0.0017118453979492188, "Agent2_Epoch10": 0.0017319917678833008, "Agent3_Epoch10": 0.0016939640045166016, "Agent4_Epoch10": 0.0019559264183044434, "Agent0_Epoch11": 0.0008962750434875488, "Agent1_Epoch11": 0.001170516014099121, "Agent2_Epoch11": 0.0012077689170837402, "Agent3_Epoch11": 0.0010919570922851562, "Agent4_Epoch11": 0.0013278722763061523, "Agent0_Epoch12": 0.0006633996963500977, "Agent1_Epoch12": 0.0008211135864257812, "Agent2_Epoch12": 0.0008317232131958008, "Agent3_Epoch12": 0.0007597208023071289, "Agent4_Epoch12": 0.0009134411811828613, "Agent0_Epoch13": 0.0004888772964477539, "Agent1_Epoch13": 0.0005798935890197754, "Agent2_Epoch13": 0.0005946159362792969, "Agent3_Epoch13": 0.000558018684387207, "Agent4_Epoch13": 0.0006631612777709961, "Agent0_Epoch14": 0.0003657341003417969, "Agent1_Epoch14": 0.00041919946670532227, "Agent2_Epoch14": 0.00043076276779174805, "Agent3_Epoch14": 0.00035774707794189453, "Agent4_Epoch14": 0.0004862546920776367, "Agent0_Epoch15": 0.0002753138542175293, "Agent1_Epoch15": 0.0003072023391723633, "Agent2_Epoch15": 0.0003134608268737793, "Agent3_Epoch15": 0.0002835988998413086, "Agent4_Epoch15": 0.00032401084899902344, "Agent0_Epoch16": 0.00020110607147216797, "Agent1_Epoch16": 0.00021958351135253906, "Agent2_Epoch16": 0.00022524595260620117, "Agent3_Epoch16": 0.00019735097885131836, "Agent4_Epoch16": 0.00024318695068359375, "Agent0_Epoch17": 0.0001437664031982422, "Agent1_Epoch17": 0.00015425682067871094, "Agent2_Epoch17": 0.00016504526138305664, "Agent3_Epoch17": 0.00014781951904296875, "Agent4_Epoch17": 0.0001792311668395996, "Agent0_Epoch18": 0.00010579824447631836, "Agent1_Epoch18": 0.0001119375228881836, "Agent2_Epoch18": 0.00011247396469116211, "Agent3_Epoch18": 0.0001036524772644043, "Agent4_Epoch18": 0.00013077259063720703, "Agent0_Epoch19": 7.528066635131836e-05, "Agent1_Epoch19": 7.87973403930664e-05, "Agent2_Epoch19": 8.213520050048828e-05, "Agent3_Epoch19": 7.259845733642578e-05, "Agent4_Epoch19": 8.571147918701172e-05, "Agent0_Epoch20": 5.3048133850097656e-05, "Agent1_Epoch20": 5.4955482482910156e-05, "Agent2_Epoch20": 5.65648078918457e-05, "Agent3_Epoch20": 5.435943603515625e-05, "Agent4_Epoch20": 5.7816505432128906e-05, "Agent0_Epoch21": 3.6776065826416016e-05, "Agent1_Epoch21": 3.784894943237305e-05, "Agent2_Epoch21": 3.916025161743164e-05, "Agent3_Epoch21": 3.516674041748047e-05, "Agent4_Epoch21": 3.808736801147461e-05, "Agent0_Epoch22": 2.4974346160888672e-05, "Agent1_Epoch22": 2.5510787963867188e-05, "Agent2_Epoch22": 2.6106834411621094e-05, "Agent3_Epoch22": 2.580881118774414e-05, "Agent4_Epoch22": 2.574920654296875e-05, "Agent0_Epoch23": 1.704692840576172e-05, "Agent1_Epoch23": 1.7344951629638672e-05, "Agent2_Epoch23": 1.7821788787841797e-05, "Agent3_Epoch23": 1.621246337890625e-05, "Agent4_Epoch23": 1.9073486328125e-05, "Agent0_Epoch24": 1.138448715209961e-05, "Agent1_Epoch24": 1.1622905731201172e-05, "Agent2_Epoch24": 1.1622905731201172e-05, "Agent3_Epoch24": 1.1324882507324219e-05, "Agent4_Epoch24": 1.233816146850586e-05, "Agent0_Epoch25": 7.62939453125e-06, "Agent1_Epoch25": 7.748603820800781e-06, "Agent2_Epoch25": 7.927417755126953e-06, "Agent3_Epoch25": 7.748603820800781e-06, "Agent4_Epoch25": 7.987022399902344e-06, "Agent0_Epoch26": 5.185604095458984e-06, "Agent1_Epoch26": 5.185604095458984e-06, "Agent2_Epoch26": 5.245208740234375e-06, "Agent3_Epoch26": 5.066394805908203e-06, "Agent4_Epoch26": 5.304813385009766e-06, "Agent0_Epoch27": 3.3974647521972656e-06, "Agent1_Epoch27": 3.4570693969726562e-06, "Agent2_Epoch27": 3.4570693969726562e-06, "Agent3_Epoch27": 3.4570693969726562e-06, "Agent4_Epoch27": 3.635883331298828e-06, "Agent0_Epoch28": 2.2649765014648438e-06, "Agent1_Epoch28": 2.2649765014648438e-06, "Agent2_Epoch28": 2.3245811462402344e-06, "Agent3_Epoch28": 2.1457672119140625e-06, "Agent4_Epoch28": 2.2649765014648438e-06, "Agent0_Epoch29": 1.4901161193847656e-06, "Agent1_Epoch29": 1.4901161193847656e-06, "Agent2_Epoch29": 1.430511474609375e-06, "Agent3_Epoch29": 1.4901161193847656e-06, "Agent4_Epoch29": 1.6093254089355469e-06, "Agent0_Epoch30": 9.5367431640625e-07, "Agent1_Epoch30": 9.5367431640625e-07, "Agent2_Epoch30": 9.5367431640625e-07, "Agent3_Epoch30": 9.5367431640625e-07, "Agent4_Epoch30": 1.0728836059570312e-06, "Agent0_Epoch31": 5.364418029785156e-07, "Agent1_Epoch31": 5.960464477539062e-07, "Agent2_Epoch31": 5.960464477539062e-07, "Agent3_Epoch31": 5.960464477539062e-07, "Agent4_Epoch31": 6.556510925292969e-07, "Agent0_Epoch32": 3.5762786865234375e-07, "Agent1_Epoch32": 2.980232238769531e-07, "Agent2_Epoch32": 3.5762786865234375e-07, "Agent3_Epoch32": 3.5762786865234375e-07, "Agent4_Epoch32": 2.384185791015625e-07, "Agent0_Epoch33": 3.5762786865234375e-07, "Agent1_Epoch33": 2.980232238769531e-07, "Agent2_Epoch33": 3.5762786865234375e-07, "Agent3_Epoch33": 2.980232238769531e-07, "Agent4_Epoch33": 2.980232238769531e-07, "Agent0_Epoch34": 1.7881393432617188e-07, "Agent1_Epoch34": 2.980232238769531e-07, "Agent2_Epoch34": 2.384185791015625e-07, "Agent3_Epoch34": 2.384185791015625e-07, "Agent4_Epoch34": 2.384185791015625e-07, "Agent0_Epoch35": 0.0, "Agent1_Epoch35": 0.0, "Agent2_Epoch35": 5.960464477539063e-08, "Agent3_Epoch35": 0.0, "Agent4_Epoch35": 0.0, "Agent0_Epoch36": 0.0, "Agent1_Epoch36": -1.1920928955078125e-07, "Agent2_Epoch36": 0.0, "Agent3_Epoch36": -1.1920928955078125e-07, "Agent4_Epoch36": 0.0, "Agent0_Epoch37": 0.0, "Agent1_Epoch37": 1.7881393432617188e-07, "Agent2_Epoch37": 1.7881393432617188e-07, "Agent3_Epoch37": 1.7881393432617188e-07, "Agent4_Epoch37": 1.7881393432617188e-07, "Agent0_Epoch38": 5.960464477539063e-08, "Agent1_Epoch38": 5.960464477539063e-08, "Agent2_Epoch38": 0.0, "Agent3_Epoch38": 0.0, "Agent4_Epoch38": 0.0, "Agent0_Epoch39": 5.960464477539063e-08, "Agent1_Epoch39": 0.0, "Agent2_Epoch39": 0.0, "Agent3_Epoch39": 0.0, "Agent4_Epoch39": 5.960464477539063e-08, "Agent0_Epoch40": 0.0, "Agent1_Epoch40": 0.0, "Agent2_Epoch40": 0.0, "Agent3_Epoch40": 0.0, "Agent4_Epoch40": 0.0, "Agent0_Epoch41": 0.0, "Agent1_Epoch41": 5.960464477539063e-08, "Agent2_Epoch41": 5.960464477539063e-08, "Agent3_Epoch41": 0.0, "Agent4_Epoch41": 5.960464477539063e-08, "Agent0_Epoch42": 0.0, "Agent1_Epoch42": 0.0,