{"Agent0_Epoch1": 0.21438908576965332, "Agent1_Epoch1": 0.3818783164024353, "Agent2_Epoch1": 0.9978746175765991, "Agent3_Epoch1": 0.9974234104156494, "Agent4_Epoch1": 0.9989932775497437, "Agent0_Epoch2": 0.03353935480117798, "Agent1_Epoch2": 0.29669803380966187, "Agent2_Epoch2": 0.3026343584060669, "Agent3_Epoch2": 0.30075472593307495, "Agent4_Epoch2": 0.3063570261001587, "Agent0_Epoch3": 0.018398046493530273, "Agent1_Epoch3": 0.11167585849761963, "Agent2_Epoch3": 0.11552810668945312, "Agent3_Epoch3": 0.1102253794670105, "Agent4_Epoch3": 0.11749941110610962, "Agent0_Epoch4": 0.011182844638824463, "Agent1_Epoch4": 0.04614543914794922, "Agent2_Epoch4": 0.04807204008102417, "Agent3_Epoch4": 0.04569864273071289, "Agent4_Epoch4": 0.04824942350387573, "Agent0_Epoch5": 0.007337629795074463, "Agent1_Epoch5": 0.022147297859191895, "Agent2_Epoch5": 0.02260643243789673, "Agent3_Epoch5": 0.02125871181488037, "Agent4_Epoch5": 0.022159337997436523, "Agent0_Epoch6": 0.004898190498352051, "Agent1_Epoch6": 0.011643469333648682, "Agent2_Epoch6": 0.011605262756347656, "Agent3_Epoch6": 0.01107555627822876, "Agent4_Epoch6": 0.011382520198822021, "Agent0_Epoch7": 0.003428936004638672, "Agent1_Epoch7": 0.0067819952964782715, "Agent2_Epoch7": 0.006654560565948486, "Agent3_Epoch7": 0.006128966808319092, "Agent4_Epoch7": 0.007046997547149658, "Agent0_Epoch8": 0.0024358034133911133, "Agent1_Epoch8": 0.004177570343017578, "Agent2_Epoch8": 0.004084169864654541, "Agent3_Epoch8": 0.003858029842376709, "Agent4_Epoch8": 0.004306316375732422, "Agent0_Epoch9": 0.0017423033714294434, "Agent1_Epoch9": 0.0026732683181762695, "Agent2_Epoch9": 0.002682507038116455, "Agent3_Epoch9": 0.002429187297821045, "Agent4_Epoch9": 0.0026863813400268555, "Agent0_Epoch10": 0.0012956857681274414, "Agent1_Epoch10": 0.0018219351768493652, "Agent2_Epoch10": 0.0017645955085754395, "Agent3_Epoch10": 0.0016898512840270996, "Agent4_Epoch10": 0.0018919706344604492, "Agent0_Epoch11": 0.0009775757789611816, "Agent1_Epoch11": 0.0012831687927246094, "Agent2_Epoch11": 0.0012785792350769043, "Agent3_Epoch11": 0.0011719465255737305, "Agent4_Epoch11": 0.0013400912284851074, "Agent0_Epoch12": 0.0007368326187133789, "Agent1_Epoch12": 0.000915825366973877, "Agent2_Epoch12": 0.0008921027183532715, "Agent3_Epoch12": 0.0008478164672851562, "Agent4_Epoch12": 0.0009522438049316406, "Agent0_Epoch13": 0.0005587935447692871, "Agent1_Epoch13": 0.000665128231048584, "Agent2_Epoch13": 0.000672757625579834, "Agent3_Epoch13": 0.000534355640411377, "Agent4_Epoch13": 0.0007088184356689453, "Agent0_Epoch14": 0.0004261136054992676, "Agent1_Epoch14": 0.0004900693893432617, "Agent2_Epoch14": 0.00047451257705688477, "Agent3_Epoch14": 0.00042808055877685547, "Agent4_Epoch14": 0.0004928112030029297, "Agent0_Epoch15": 0.00031876564025878906, "Agent1_Epoch15": 0.0003565549850463867, "Agent2_Epoch15": 0.00035685300827026367, "Agent3_Epoch15": 0.00033164024353027344, "Agent4_Epoch15": 0.00040596723556518555, "Agent0_Epoch16": 0.0002402663230895996, "Agent1_Epoch16": 0.00026303529739379883, "Agent2_Epoch16": 0.00026667118072509766, "Agent3_Epoch16": 0.00024366378784179688, "Agent4_Epoch16": 0.0002664327621459961, "Agent0_Epoch17": 0.00017684698104858398, "Agent1_Epoch17": 0.00019019842147827148, "Agent2_Epoch17": 0.00019222497940063477, "Agent3_Epoch17": 0.0001862645149230957, "Agent4_Epoch17": 0.00020003318786621094, "Agent0_Epoch18": 0.0001291036605834961, "Agent1_Epoch18": 0.00013679265975952148, "Agent2_Epoch18": 0.00013816356658935547, "Agent3_Epoch18": 0.00011670589447021484, "Agent4_Epoch18": 0.00015091896057128906, "Agent0_Epoch19": 9.09566879272461e-05, "Agent1_Epoch19": 9.5367431640625e-05, "Agent2_Epoch19": 9.799003601074219e-05, "Agent3_Epoch19": 8.70823860168457e-05, "Agent4_Epoch19": 0.00011277198791503906, "Agent0_Epoch20": 6.42538070678711e-05, "Agent1_Epoch20": 6.663799285888672e-05, "Agent2_Epoch20": 6.896257400512695e-05, "Agent3_Epoch20": 6.490945816040039e-05, "Agent4_Epoch20": 7.009506225585938e-05, "Agent0_Epoch21": 4.458427429199219e-05, "Agent1_Epoch21": 4.595518112182617e-05, "Agent2_Epoch21": 4.667043685913086e-05, "Agent3_Epoch21": 4.357099533081055e-05, "Agent4_Epoch21": 4.750490188598633e-05, "Agent0_Epoch22": 3.0219554901123047e-05, "Agent1_Epoch22": 3.1054019927978516e-05, "Agent2_Epoch22": 3.147125244140625e-05, "Agent3_Epoch22": 2.8431415557861328e-05, "Agent4_Epoch22": 3.248453140258789e-05, "Agent0_Epoch23": 2.0265579223632812e-05, "Agent1_Epoch23": 2.0682811737060547e-05, "Agent2_Epoch23": 2.0742416381835938e-05, "Agent3_Epoch23": 1.9788742065429688e-05, "Agent4_Epoch23": 2.1159648895263672e-05, "Agent0_Epoch24": 1.3530254364013672e-05, "Agent1_Epoch24": 1.3768672943115234e-05, "Agent2_Epoch24": 1.3887882232666016e-05, "Agent3_Epoch24": 1.341104507446289e-05, "Agent4_Epoch24": 1.4185905456542969e-05, "Agent0_Epoch25": 9.059906005859375e-06, "Agent1_Epoch25": 9.059906005859375e-06, "Agent2_Epoch25": 8.940696716308594e-06, "Agent3_Epoch25": 9.059906005859375e-06, "Agent4_Epoch25": 9.179115295410156e-06, "Agent0_Epoch26": 5.900859832763672e-06, "Agent1_Epoch26": 6.020069122314453e-06, "Agent2_Epoch26": 6.020069122314453e-06, "Agent3_Epoch26": 5.841255187988281e-06, "Agent4_Epoch26": 6.079673767089844e-06, "Agent0_Epoch27": 3.993511199951172e-06, "Agent1_Epoch27": 3.933906555175781e-06, "Agent2_Epoch27": 3.993511199951172e-06, "Agent3_Epoch27": 3.933906555175781e-06, "Agent4_Epoch27": 3.933906555175781e-06, "Agent0_Epoch28": 2.6226043701171875e-06, "Agent1_Epoch28": 2.6226043701171875e-06, "Agent2_Epoch28": 2.6226043701171875e-06, "Agent3_Epoch28": 2.6226043701171875e-06, "Agent4_Epoch28": 2.682209014892578e-06, "Agent0_Epoch29": 1.7285346984863281e-06, "Agent1_Epoch29": 1.6689300537109375e-06, "Agent2_Epoch29": 1.6093254089355469e-06, "Agent3_Epoch29": 1.6093254089355469e-06, "Agent4_Epoch29": 1.6689300537109375e-06, "Agent0_Epoch30": 1.0728836059570312e-06, "Agent1_Epoch30": 1.1324882507324219e-06, "Agent2_Epoch30": 1.1324882507324219e-06, "Agent3_Epoch30": 1.0728836059570312e-06, "Agent4_Epoch30": 1.0728836059570312e-06, "Agent0_Epoch31": 7.152557373046875e-07, "Agent1_Epoch31": 7.748603820800781e-07, "Agent2_Epoch31": 7.748603820800781e-07, "Agent3_Epoch31": 7.152557373046875e-07, "Agent4_Epoch31": 7.152557373046875e-07, "Agent0_Epoch32": 5.364418029785156e-07, "Agent1_Epoch32": 4.76837158203125e-07, "Agent2_Epoch32": 5.364418029785156e-07, "Agent3_Epoch32": 3.5762786865234375e-07, "Agent4_Epoch32": 3.5762786865234375e-07, "Agent0_Epoch33": 2.980232238769531e-07, "Agent1_Epoch33": 2.980232238769531e-07, "Agent2_Epoch33": 3.5762786865234375e-07, "Agent3_Epoch33": 3.5762786865234375e-07, "Agent4_Epoch33": 3.5762786865234375e-07, "Agent0_Epoch34": 1.7881393432617188e-07, "Agent1_Epoch34": 2.384185791015625e-07, "Agent2_Epoch34": 2.384185791015625e-07, "Agent3_Epoch34": 2.384185791015625e-07, "Agent4_Epoch34": 1.7881393432617188e-07, "Agent0_Epoch35": 1.7881393432617188e-07, "Agent1_Epoch35": 1.7881393432617188e-07, "Agent2_Epoch35": 1.7881393432617188e-07, "Agent3_Epoch35": 5.960464477539063e-08, "Agent4_Epoch35": 1.7881393432617188e-07, "Agent0_Epoch36": 1.7881393432617188e-07, "Agent1_Epoch36": 0.0, "Agent2_Epoch36": 5.960464477539063e-08, "Agent3_Epoch36": 5.960464477539063e-08, "Agent4_Epoch36": 0.0, "Agent0_Epoch37": 0.0, "Agent1_Epoch37": 5.960464477539063e-08, "Agent2_Epoch37": 5.960464477539063e-08, "Agent3_Epoch37": 5.960464477539063e-08, "Agent4_Epoch37": 0.0, "Agent0_Epoch38": -1.1920928955078125e-07, "Agent1_Epoch38": 5.960464477539063e-08, "Agent2_Epoch38": 0.0, "Agent3_Epoch38": 0.0, "Agent4_Epoch38": -1.1920928955078125e-07, "Agent0_Epoch39": 0.0, "Agent1_Epoch39": 5.960464477539063e-08, "Agent2_Epoch39": 5.960464477539063e-08, "Agent3_Epoch39": 5.960464477539063e-08, "Agent4_Epoch39": 5.960464477539063e-08, "Agent0_Epoch40": 0.0, "Agent1_Epoch40": 5.960464477539063e-08, "Agent2_Epoch40": 0.0, "Agent3_Epoch40": 0.0, "Agent4_Epoch40": 5.960464477539063e-08, "Agent0_Epoch41": 0.0,