{"E1_agent0_norm": 7.308398246765137, "E1_agent1_norm": 1.8777445554733276, "E1_agent2_norm": 1.9177309274673462, "E1_agent3_norm": 1.6517033576965332, "E1_agent4_norm": 1.9419715404510498, "E2_agent0_norm": 3.3297760486602783, "E2_agent1_norm": 0.9619784355163574, "E2_agent2_norm": 1.0085601806640625, "E2_agent3_norm": 0.8506762385368347, "E2_agent4_norm": 1.218404769897461, "E3_agent0_norm": 2.1189069747924805, "E3_agent1_norm": 0.6463010907173157, "E3_agent2_norm": 0.6458972096443176, "E3_agent3_norm": 0.6096810102462769, "E3_agent4_norm": 0.7300875782966614, "E4_agent0_norm": 1.4472676515579224, "E4_agent1_norm": 0.5055477023124695, "E4_agent2_norm": 0.5211387872695923, "E4_agent3_norm": 0.4740980267524719, "E4_agent4_norm": 0.579136073589325, "E5_agent0_norm": 1.0179692506790161, "E5_agent1_norm": 0.3759092390537262, "E5_agent2_norm": 0.3883849084377289, "E5_agent3_norm": 0.35153472423553467, "E5_agent4_norm": 0.42053890228271484, "E6_agent0_norm": 0.7662497162818909, "E6_agent1_norm": 0.30331480503082275, "E6_agent2_norm": 0.31284505128860474, "E6_agent3_norm": 0.29720792174339294, "E6_agent4_norm": 0.36068084836006165, "E7_agent0_norm": 0.5584892630577087, "E7_agent1_norm": 0.22821034491062164, "E7_agent2_norm": 0.24201205372810364, "E7_agent3_norm": 0.24796247482299805, "E7_agent4_norm": 0.23772092163562775, "E8_agent0_norm": 0.41096171736717224, "E8_agent1_norm": 0.17642340064048767, "E8_agent2_norm": 0.18304011225700378, "E8_agent3_norm": 0.19388005137443542, "E8_agent4_norm": 0.23204152286052704, "E9_agent0_norm": 0.30090972781181335, "E9_agent1_norm": 0.14483903348445892, "E9_agent2_norm": 0.14781346917152405, "E9_agent3_norm": 0.1463421881198883, "E9_agent4_norm": 0.17616023123264313, "E10_agent0_norm": 0.23024047911167145, "E10_agent1_norm": 0.10026639699935913, "E10_agent2_norm": 0.10519204288721085, "E10_agent3_norm": 0.1256542056798935, "E10_agent4_norm": 0.12975242733955383, "E11_agent0_norm": 0.18759474158287048, "E11_agent1_norm": 0.07919725030660629, "E11_agent2_norm": 0.07901140302419662, "E11_agent3_norm": 0.10369864851236343, "E11_agent4_norm": 0.115477554500103, "E12_agent0_norm": 0.14109820127487183, "E12_agent1_norm": 0.06223157048225403, "E12_agent2_norm": 0.06417744606733322, "E12_agent3_norm": 0.08864645659923553, "E12_agent4_norm": 0.0709952563047409, "E13_agent0_norm": 0.11647946387529373, "E13_agent1_norm": 0.04768067225813866, "E13_agent2_norm": 0.05451257899403572, "E13_agent3_norm": 0.0589292049407959, "E13_agent4_norm": 0.05798536539077759, "E14_agent0_norm": 0.10032767802476883, "E14_agent1_norm": 0.03831998631358147, "E14_agent2_norm": 0.041680335998535156, "E14_agent3_norm": 0.047657351940870285, "E14_agent4_norm": 0.05953649803996086, "E15_agent0_norm": 0.07309749722480774, "E15_agent1_norm": 0.03391280025243759, "E15_agent2_norm": 0.03302387520670891, "E15_agent3_norm": 0.038124363869428635, "E15_agent4_norm": 0.06285875290632248, "E16_agent0_norm": 0.06547519564628601, "E16_agent1_norm": 0.022816818207502365, "E16_agent2_norm": 0.0240136981010437, "E16_agent3_norm": 0.03445902839303017, "E16_agent4_norm": 0.034606724977493286, "E17_agent0_norm": 0.04784028232097626, "E17_agent1_norm": 0.024965886026620865, "E17_agent2_norm": 0.026010138913989067, "E17_agent3_norm": 0.030105700716376305, "E17_agent4_norm": 0.03503112122416496, "E18_agent0_norm": 0.037144433706998825, "E18_agent1_norm": 0.016880925744771957, "E18_agent2_norm": 0.018408283591270447, "E18_agent3_norm": 0.020871412009000778, "E18_agent4_norm": 0.032850395888090134, "E19_agent0_norm": 0.027925394475460052, "E19_agent1_norm": 0.01713648997247219, "E19_agent2_norm": 0.016532598063349724, "E19_agent3_norm": 0.025688711553812027, "E19_agent4_norm": 0.027253974229097366, "E20_agent0_norm": 0.01968318410217762, "E20_agent1_norm": 0.007253124378621578, "E20_agent2_norm": 0.007290782406926155, "E20_agent3_norm": 0.008776516653597355, "E20_agent4_norm": 0.014522595331072807, "E21_agent0_norm": 0.014007010497152805, "E21_agent1_norm": 0.006179737858474255, "E21_agent2_norm": 0.006754914298653603, "E21_agent3_norm": 0.008783647790551186, "E21_agent4_norm": 0.009614594280719757, "E22_agent0_norm": 0.009859689511358738, "E22_agent1_norm": 0.00408379640430212, "E22_agent2_norm": 0.004401301499456167, "E22_agent3_norm": 0.004970957990735769, "E22_agent4_norm": 0.0047844634391367435, "E23_agent0_norm": 0.007550308480858803, "E23_agent1_norm": 0.0028468568343669176, "E23_agent2_norm": 0.0030775039922446012, "E23_agent3_norm": 0.0034036787692457438, "E23_agent4_norm": 0.005600614007562399, "E24_agent0_norm": 0.0049195862375199795, "E24_agent1_norm": 0.001857709838077426, "E24_agent2_norm": 0.0019884926732629538, "E24_agent3_norm": 0.0022568018175661564, "E24_agent4_norm": 0.0025790315121412277, "E25_agent0_norm": 0.0033596428111195564, "E25_agent1_norm": 0.0012574901338666677, "E25_agent2_norm": 0.0013365638442337513, "E25_agent3_norm": 0.0017689313972368836, "E25_agent4_norm": 0.0016585852717980742, "E26_agent0_norm": 0.0025874238926917315, "E26_agent1_norm": 0.000859285588376224, "E26_agent2_norm": 0.0008912399061955512, "E26_agent3_norm": 0.0011148540070280433, "E26_agent4_norm": 0.0014580023707821965, "E27_agent0_norm": 0.001822617370635271, "E27_agent1_norm": 0.0005867666332051158, "E27_agent2_norm": 0.0006454415852203965, "E27_agent3_norm": 0.0007786641363054514, "E27_agent4_norm": 0.0006974157877266407, "E28_agent0_norm": 0.0011757059255614877, "E28_agent1_norm": 0.0004776513378601521, "E28_agent2_norm": 0.00042668040259741247, "E28_agent3_norm": 0.0006118997116573155, "E28_agent4_norm": 0.0007541894447058439, "E29_agent0_norm": 0.0008557983092032373, "E29_agent1_norm": 0.0003045414050575346, "E29_agent2_norm": 0.0003222672385163605, "E29_agent3_norm": 0.0005430737510323524, "E29_agent4_norm": 0.0005580353317782283, "E30_agent0_norm": 0.0006366054294630885, "E30_agent1_norm": 0.00021448203187901527, "E30_agent2_norm": 0.00021838977409061044, "E30_agent3_norm": 0.00028321752324700356, "E30_agent4_norm": 0.00030893704388290644, "E31_agent0_norm": 0.00045861222315579653, "E31_agent1_norm": 0.00014521015691570938, "E31_agent2_norm": 0.00014782910875510424, "E31_agent3_norm": 0.00019693223293870687, "E31_agent4_norm": 0.00022568699205294251, "E32_agent0_norm": 0.00029838777845725417, "E32_agent1_norm": 0.00010225916048511863, "E32_agent2_norm": 0.00010697231482481584, "E32_agent3_norm": 0.00014719627506565303, "E32_agent4_norm": 0.0002384419203735888, "E33_agent0_norm": 0.00019892632553819567, "E33_agent1_norm": 6.466668128268793e-05, "E33_agent2_norm": 6.758638483006507e-05, "E33_agent3_norm": 8.87910500750877e-05, "E33_agent4_norm": 8.894062921172008e-05, "E34_agent0_norm": 0.00014644353359472007, "E34_agent1_norm": 4.633708522305824e-05, "E34_agent2_norm": 5.3669318731408566e-05, "E34_agent3_norm": 6.623067747568712e-05, "E34_agent4_norm": 5.957275061518885e-05, "E35_agent0_norm": 0.00010208020103164017, "E35_agent1_norm": 3.600471973186359e-05, "E35_agent2_norm": 4.400772741064429e-05, "E35_agent3_norm": 8.159725257428363e-05, "E35_agent4_norm": 5.1719940529437736e-05, "E36_agent0_norm": 6.568893149960786e-05, "E36_agent1_norm": 2.1513384126592427e-05, "E36_agent2_norm": 2.44900984398555e-05, "E36_agent3_norm": 3.172963988617994e-05, "E36_agent4_norm": 2.0019264411530457e-05, "E37_agent0_norm": 4.2859908717218786e-05, "E37_agent1_norm": 1.7632986782700755e-05, "E37_agent2_norm": 2.103650513163302e-05, "E37_agent3_norm": 3.7662615795852616e-05, "E37_agent4_norm": 1.6282077922369353e-05, "E38_agent0_norm": 2.7338581276126206e-05, "E38_agent1_norm": 1.184219308925094e-05, "E38_agent2_norm": 1.2466576663427986e-05, "E38_agent3_norm": 1.799354504328221e-05, "E38_agent4_norm": 1.1008110959664918e-05, "E39_agent0_norm": 2.191238854720723e-05, "E39_agent1_norm": 8.415617230639327e-06, "E39_agent2_norm": 8.506812264386099e-06, "E39_agent3_norm": 1.1934577742067631e-05, "E39_agent4_norm": 7.4876552389469e-06, "E40_agent0_norm": 1.5004054148448631e-05,