{"Agent0_Epoch1": 0.21008288860321045, "Agent1_Epoch1": 0.3873702883720398, "Agent2_Epoch1": 0.9929051399230957, "Agent3_Epoch1": 0.9992359280586243, "Agent4_Epoch1": 0.998412013053894, "Agent0_Epoch2": 0.032011449337005615, "Agent1_Epoch2": 0.28808438777923584, "Agent2_Epoch2": 0.29639554023742676, "Agent3_Epoch2": 0.2900582551956177, "Agent4_Epoch2": 0.30312126874923706, "Agent0_Epoch3": 0.017649590969085693, "Agent1_Epoch3": 0.10643762350082397, "Agent2_Epoch3": 0.11075371503829956, "Agent3_Epoch3": 0.10735422372817993, "Agent4_Epoch3": 0.11478257179260254, "Agent0_Epoch4": 0.010954141616821289, "Agent1_Epoch4": 0.044703662395477295, "Agent2_Epoch4": 0.0466080904006958, "Agent3_Epoch4": 0.04510951042175293, "Agent4_Epoch4": 0.046061158180236816, "Agent0_Epoch5": 0.0070320963859558105, "Agent1_Epoch5": 0.02108067274093628, "Agent2_Epoch5": 0.021920204162597656, "Agent3_Epoch5": 0.02002793550491333, "Agent4_Epoch5": 0.021979093551635742, "Agent0_Epoch6": 0.004834473133087158, "Agent1_Epoch6": 0.01143258810043335, "Agent2_Epoch6": 0.011938929557800293, "Agent3_Epoch6": 0.011368215084075928, "Agent4_Epoch6": 0.012273967266082764, "Agent0_Epoch7": 0.0033001303672790527, "Agent1_Epoch7": 0.0065018534660339355, "Agent2_Epoch7": 0.00697481632232666, "Agent3_Epoch7": 0.006884634494781494, "Agent4_Epoch7": 0.00680387020111084, "Agent0_Epoch8": 0.002322077751159668, "Agent1_Epoch8": 0.0039705634117126465, "Agent2_Epoch8": 0.004187107086181641, "Agent3_Epoch8": 0.004160881042480469, "Agent4_Epoch8": 0.004471778869628906, "Agent0_Epoch9": 0.0016959309577941895, "Agent1_Epoch9": 0.0025959014892578125, "Agent2_Epoch9": 0.002713441848754883, "Agent3_Epoch9": 0.002584099769592285, "Agent4_Epoch9": 0.0028391480445861816, "Agent0_Epoch10": 0.0012090206146240234, "Agent1_Epoch10": 0.0016968846321105957, "Agent2_Epoch10": 0.0018268227577209473, "Agent3_Epoch10": 0.0018736720085144043, "Agent4_Epoch10": 0.0019429326057434082, "Agent0_Epoch11": 0.0009083151817321777, "Agent1_Epoch11": 0.0011902451515197754, "Agent2_Epoch11": 0.0012406110763549805, "Agent3_Epoch11": 0.0012742280960083008, "Agent4_Epoch11": 0.0013634562492370605, "Agent0_Epoch12": 0.0006670951843261719, "Agent1_Epoch12": 0.0008280277252197266, "Agent2_Epoch12": 0.0008648037910461426, "Agent3_Epoch12": 0.0009145736694335938, "Agent4_Epoch12": 0.000915229320526123, "Agent0_Epoch13": 0.0005090832710266113, "Agent1_Epoch13": 0.0006052255630493164, "Agent2_Epoch13": 0.000621497631072998, "Agent3_Epoch13": 0.0006096959114074707, "Agent4_Epoch13": 0.0006487369537353516, "Agent0_Epoch14": 0.0003859400749206543, "Agent1_Epoch14": 0.0004432201385498047, "Agent2_Epoch14": 0.0004532337188720703, "Agent3_Epoch14": 0.0004253983497619629, "Agent4_Epoch14": 0.0004997849464416504, "Agent0_Epoch15": 0.0002911686897277832, "Agent1_Epoch15": 0.0003253817558288574, "Agent2_Epoch15": 0.0003210306167602539, "Agent3_Epoch15": 0.00028896331787109375, "Agent4_Epoch15": 0.00037854909896850586, "Agent0_Epoch16": 0.0002167820930480957, "Agent1_Epoch16": 0.00023686885833740234, "Agent2_Epoch16": 0.0002378225326538086, "Agent3_Epoch16": 0.0002461075782775879, "Agent4_Epoch16": 0.00026535987854003906, "Agent0_Epoch17": 0.00016295909881591797, "Agent1_Epoch17": 0.00017505884170532227, "Agent2_Epoch17": 0.00017708539962768555, "Agent3_Epoch17": 0.0001481175422668457, "Agent4_Epoch17": 0.00019061565399169922, "Agent0_Epoch18": 0.00011736154556274414, "Agent1_Epoch18": 0.00012427568435668945, "Agent2_Epoch18": 0.0001277327537536621, "Agent3_Epoch18": 0.00011152029037475586, "Agent4_Epoch18": 0.00014460086822509766, "Agent0_Epoch19": 8.529424667358398e-05, "Agent1_Epoch19": 8.934736251831055e-05, "Agent2_Epoch19": 8.893013000488281e-05, "Agent3_Epoch19": 7.086992263793945e-05, "Agent4_Epoch19": 9.965896606445312e-05, "Agent0_Epoch20": 5.906820297241211e-05, "Agent1_Epoch20": 6.133317947387695e-05, "Agent2_Epoch20": 6.127357482910156e-05, "Agent3_Epoch20": 5.936622619628906e-05, "Agent4_Epoch20": 6.771087646484375e-05, "Agent0_Epoch21": 4.13060188293457e-05, "Agent1_Epoch21": 4.2557716369628906e-05, "Agent2_Epoch21": 4.285573959350586e-05, "Agent3_Epoch21": 3.8564205169677734e-05, "Agent4_Epoch21": 4.506111145019531e-05, "Agent0_Epoch22": 2.8312206268310547e-05, "Agent1_Epoch22": 2.8967857360839844e-05, "Agent2_Epoch22": 2.9206275939941406e-05, "Agent3_Epoch22": 2.7418136596679688e-05, "Agent4_Epoch22": 2.956390380859375e-05, "Agent0_Epoch23": 1.919269561767578e-05, "Agent1_Epoch23": 1.9431114196777344e-05, "Agent2_Epoch23": 1.9669532775878906e-05, "Agent3_Epoch23": 1.913309097290039e-05, "Agent4_Epoch23": 2.086162567138672e-05, "Agent0_Epoch24": 1.2934207916259766e-05, "Agent1_Epoch24": 1.2993812561035156e-05, "Agent2_Epoch24": 1.3172626495361328e-05, "Agent3_Epoch24": 1.2874603271484375e-05, "Agent4_Epoch24": 1.3470649719238281e-05, "Agent0_Epoch25": 8.64267349243164e-06, "Agent1_Epoch25": 8.64267349243164e-06, "Agent2_Epoch25": 8.761882781982422e-06, "Agent3_Epoch25": 8.463859558105469e-06, "Agent4_Epoch25": 8.881092071533203e-06, "Agent0_Epoch26": 5.662441253662109e-06, "Agent1_Epoch26": 5.841255187988281e-06, "Agent2_Epoch26": 5.7220458984375e-06, "Agent3_Epoch26": 5.662441253662109e-06, "Agent4_Epoch26": 5.9604644775390625e-06, "Agent0_Epoch27": 3.874301910400391e-06, "Agent1_Epoch27": 3.874301910400391e-06, "Agent2_Epoch27": 3.874301910400391e-06, "Agent3_Epoch27": 3.814697265625e-06, "Agent4_Epoch27": 3.814697265625e-06, "Agent0_Epoch28": 2.5033950805664062e-06, "Agent1_Epoch28": 2.5033950805664062e-06, "Agent2_Epoch28": 2.5033950805664062e-06, "Agent3_Epoch28": 2.562999725341797e-06, "Agent4_Epoch28": 2.682209014892578e-06, "Agent0_Epoch29": 1.6689300537109375e-06, "Agent1_Epoch29": 1.6093254089355469e-06, "Agent2_Epoch29": 1.6689300537109375e-06, "Agent3_Epoch29": 1.6093254089355469e-06, "Agent4_Epoch29": 1.6689300537109375e-06, "Agent0_Epoch30": 1.0728836059570312e-06, "Agent1_Epoch30": 1.0728836059570312e-06, "Agent2_Epoch30": 1.0132789611816406e-06, "Agent3_Epoch30": 1.0728836059570312e-06, "Agent4_Epoch30": 1.1324882507324219e-06, "Agent0_Epoch31": 5.960464477539062e-07, "Agent1_Epoch31": 6.556510925292969e-07, "Agent2_Epoch31": 6.556510925292969e-07, "Agent3_Epoch31": 6.556510925292969e-07, "Agent4_Epoch31": 6.556510925292969e-07, "Agent0_Epoch32": 4.76837158203125e-07, "Agent1_Epoch32": 5.364418029785156e-07, "Agent2_Epoch32": 5.364418029785156e-07, "Agent3_Epoch32": 3.5762786865234375e-07, "Agent4_Epoch32": 5.364418029785156e-07, "Agent0_Epoch33": 2.980232238769531e-07, "Agent1_Epoch33": 2.980232238769531e-07, "Agent2_Epoch33": 2.384185791015625e-07, "Agent3_Epoch33": 2.980232238769531e-07, "Agent4_Epoch33": 2.384185791015625e-07, "Agent0_Epoch34": 1.7881393432617188e-07, "Agent1_Epoch34": 1.7881393432617188e-07, "Agent2_Epoch34": 1.7881393432617188e-07, "Agent3_Epoch34": 2.384185791015625e-07, "Agent4_Epoch34": 1.7881393432617188e-07, "Agent0_Epoch35": 5.960464477539063e-08, "Agent1_Epoch35": 1.7881393432617188e-07, "Agent2_Epoch35": 5.960464477539063e-08, "Agent3_Epoch35": 0.0, "Agent4_Epoch35": 5.960464477539063e-08, "Agent0_Epoch36": 5.960464477539063e-08, "Agent1_Epoch36": 5.960464477539063e-08, "Agent2_Epoch36": 5.960464477539063e-08, "Agent3_Epoch36": 5.960464477539063e-08, "Agent4_Epoch36": 5.960464477539063e-08, "Agent0_Epoch37": 0.0, "Agent1_Epoch37": 5.960464477539063e-08, "Agent2_Epoch37": 5.960464477539063e-08, "Agent3_Epoch37": 0.0, "Agent4_Epoch37": 0.0, "Agent0_Epoch38": 0.0, "Agent1_Epoch38": 0.0, "Agent2_Epoch38": 5.960464477539063e-08, "Agent3_Epoch38": 5.960464477539063e-08, "Agent4_Epoch38": 0.0, "Agent0_Epoch39": 5.960464477539063e-08, "Agent1_Epoch39": 0.0, "Agent2_Epoch39": 0.0, "Agent3_Epoch39": 5.960464477539063e-08, "Agent4_Epoch39": 0.0, "Agent0_Epoch40": 5.960464477539063e-08, "Agent1_Epoch40": 0.0, "Agent2_Epoch40": 0.0, "Agent3_Epoch40": 0.0, "Agent4_Epoch40": 0.0, "Agent0_Epoch41": 5.960464477539063e-08, "Agent1_Epoch41": 5.960464477539063e-08, "Agent2_Epoch41": 5.960464477539063e-08,