{"E1_agent0_norm": 7.1041579246521, "E1_agent1_norm": 1.9488483667373657, "E1_agent2_norm": 1.8882299661636353, "E1_agent3_norm": 2.024390935897827, "E1_agent4_norm": 2.2302193641662598, "E2_agent0_norm": 3.278548240661621, "E2_agent1_norm": 1.0428929328918457, "E2_agent2_norm": 0.9268393516540527, "E2_agent3_norm": 0.9200340509414673, "E2_agent4_norm": 1.1070420742034912, "E3_agent0_norm": 2.11222767829895, "E3_agent1_norm": 0.584347665309906, "E3_agent2_norm": 0.6337633728981018, "E3_agent3_norm": 0.5892949104309082, "E3_agent4_norm": 0.7115880250930786, "E4_agent0_norm": 1.437648057937622, "E4_agent1_norm": 0.4478321671485901, "E4_agent2_norm": 0.500542163848877, "E4_agent3_norm": 0.42886653542518616, "E4_agent4_norm": 0.6003269553184509, "E5_agent0_norm": 0.9864326119422913, "E5_agent1_norm": 0.34813523292541504, "E5_agent2_norm": 0.35791245102882385, "E5_agent3_norm": 0.35986995697021484, "E5_agent4_norm": 0.38160592317581177, "E6_agent0_norm": 0.722755491733551, "E6_agent1_norm": 0.275905042886734, "E6_agent2_norm": 0.3156764507293701, "E6_agent3_norm": 0.28220275044441223, "E6_agent4_norm": 0.286081999540329, "E7_agent0_norm": 0.5530639886856079, "E7_agent1_norm": 0.2350335717201233, "E7_agent2_norm": 0.2579275965690613, "E7_agent3_norm": 0.2885504961013794, "E7_agent4_norm": 0.24684447050094604, "E8_agent0_norm": 0.4032668173313141, "E8_agent1_norm": 0.17452798783779144, "E8_agent2_norm": 0.18541550636291504, "E8_agent3_norm": 0.19653384387493134, "E8_agent4_norm": 0.191444531083107, "E9_agent0_norm": 0.31935372948646545, "E9_agent1_norm": 0.15390834212303162, "E9_agent2_norm": 0.1600092649459839, "E9_agent3_norm": 0.1881948858499527, "E9_agent4_norm": 0.14155061542987823, "E10_agent0_norm": 0.2600592076778412, "E10_agent1_norm": 0.13488221168518066, "E10_agent2_norm": 0.13362228870391846, "E10_agent3_norm": 0.16586972773075104, "E10_agent4_norm": 0.13554534316062927, "E11_agent0_norm": 0.1935720294713974, "E11_agent1_norm": 0.09741797298192978, "E11_agent2_norm": 0.08953099697828293, "E11_agent3_norm": 0.09796669334173203, "E11_agent4_norm": 0.12193791568279266, "E12_agent0_norm": 0.14933843910694122, "E12_agent1_norm": 0.08053853362798691, "E12_agent2_norm": 0.07577063143253326, "E12_agent3_norm": 0.0835379809141159, "E12_agent4_norm": 0.09799394756555557, "E13_agent0_norm": 0.1340462565422058, "E13_agent1_norm": 0.059518001973629, "E13_agent2_norm": 0.05855917930603027, "E13_agent3_norm": 0.0665297657251358, "E13_agent4_norm": 0.07658165693283081, "E14_agent0_norm": 0.11697650700807571, "E14_agent1_norm": 0.05035638436675072, "E14_agent2_norm": 0.048515673726797104, "E14_agent3_norm": 0.06211058422923088, "E14_agent4_norm": 0.05810755118727684, "E15_agent0_norm": 0.0805126205086708, "E15_agent1_norm": 0.03962504491209984, "E15_agent2_norm": 0.03622071072459221, "E15_agent3_norm": 0.040602173656225204, "E15_agent4_norm": 0.06787988543510437, "E16_agent0_norm": 0.06008294224739075, "E16_agent1_norm": 0.03007989004254341, "E16_agent2_norm": 0.025904567912220955, "E16_agent3_norm": 0.026616737246513367, "E16_agent4_norm": 0.026425642892718315, "E17_agent0_norm": 0.05035451427102089, "E17_agent1_norm": 0.022057456895709038, "E17_agent2_norm": 0.020290523767471313, "E17_agent3_norm": 0.021859077736735344, "E17_agent4_norm": 0.027695773169398308, "E18_agent0_norm": 0.03511975705623627, "E18_agent1_norm": 0.01977347955107689, "E18_agent2_norm": 0.018948273733258247, "E18_agent3_norm": 0.0225503072142601, "E18_agent4_norm": 0.023284727707505226, "E19_agent0_norm": 0.024031057953834534, "E19_agent1_norm": 0.00991903617978096, "E19_agent2_norm": 0.011669820174574852, "E19_agent3_norm": 0.011280854232609272, "E19_agent4_norm": 0.018900027498602867, "E20_agent0_norm": 0.019321385771036148, "E20_agent1_norm": 0.007514800410717726, "E20_agent2_norm": 0.008067073300480843, "E20_agent3_norm": 0.008507318794727325, "E20_agent4_norm": 0.013185416348278522, "E21_agent0_norm": 0.014153026975691319, "E21_agent1_norm": 0.0060178120620548725, "E21_agent2_norm": 0.0068752458319067955, "E21_agent3_norm": 0.008120788261294365, "E21_agent4_norm": 0.012372881174087524, "E22_agent0_norm": 0.010841979645192623, "E22_agent1_norm": 0.004453466273844242, "E22_agent2_norm": 0.0044465214014053345, "E22_agent3_norm": 0.005603916943073273, "E22_agent4_norm": 0.009472978301346302, "E23_agent0_norm": 0.0072783431969583035, "E23_agent1_norm": 0.003443219233304262, "E23_agent2_norm": 0.003453816520050168, "E23_agent3_norm": 0.005549371242523193, "E23_agent4_norm": 0.00548153929412365, "E24_agent0_norm": 0.005365107208490372, "E24_agent1_norm": 0.001973554491996765, "E24_agent2_norm": 0.0018894674722105265, "E24_agent3_norm": 0.0024628518149256706, "E24_agent4_norm": 0.002232080325484276, "E25_agent0_norm": 0.003475372213870287, "E25_agent1_norm": 0.0015222590882331133, "E25_agent2_norm": 0.0015854199882596731, "E25_agent3_norm": 0.0021516280248761177, "E25_agent4_norm": 0.001698073698207736, "E26_agent0_norm": 0.0028570082504302263, "E26_agent1_norm": 0.0009849496418610215, "E26_agent2_norm": 0.00104823790024966, "E26_agent3_norm": 0.0012010016944259405, "E26_agent4_norm": 0.0017196289263665676, "E27_agent0_norm": 0.0017377816839143634, "E27_agent1_norm": 0.0006527127115987241, "E27_agent2_norm": 0.000713092798832804, "E27_agent3_norm": 0.0007764397305436432, "E27_agent4_norm": 0.0008438927470706403, "E28_agent0_norm": 0.001294331275857985, "E28_agent1_norm": 0.00046342110726982355, "E28_agent2_norm": 0.0004900426138192415, "E28_agent3_norm": 0.000658640346955508, "E28_agent4_norm": 0.0008681725012138486, "E29_agent0_norm": 0.0008360283100046217, "E29_agent1_norm": 0.0003623926022555679, "E29_agent2_norm": 0.0003235509211663157, "E29_agent3_norm": 0.00040983641520142555, "E29_agent4_norm": 0.0004225753655191511, "E30_agent0_norm": 0.0005522610736079514, "E30_agent1_norm": 0.00024834656505845487, "E30_agent2_norm": 0.0002553564263507724, "E30_agent3_norm": 0.0003862328303512186, "E30_agent4_norm": 0.0003396546235308051, "E31_agent0_norm": 0.0004252541984897107, "E31_agent1_norm": 0.00016475557640660554, "E31_agent2_norm": 0.0001570823515066877, "E31_agent3_norm": 0.00017940507677849382, "E31_agent4_norm": 0.0002071220806101337, "E32_agent0_norm": 0.0002896097139455378, "E32_agent1_norm": 0.0001271118235308677, "E32_agent2_norm": 0.00010856080189114437, "E32_agent3_norm": 0.00015331892063841224, "E32_agent4_norm": 0.00013536914775613695, "E33_agent0_norm": 0.00024223612854257226, "E33_agent1_norm": 8.388821152038872e-05, "E33_agent2_norm": 8.583563612774014e-05, "E33_agent3_norm": 0.00010588170698611066, "E33_agent4_norm": 0.00014555547386407852, "E34_agent0_norm": 0.00014728528913110495, "E34_agent1_norm": 5.537628021556884e-05, "E34_agent2_norm": 5.470954056363553e-05, "E34_agent3_norm": 7.067865954013541e-05, "E34_agent4_norm": 6.541462062159553e-05, "E35_agent0_norm": 9.086075442610309e-05, "E35_agent1_norm": 4.2890169424936175e-05, "E35_agent2_norm": 4.387067383504473e-05, "E35_agent3_norm": 5.3717805712949485e-05, "E35_agent4_norm": 3.746554284589365e-05, "E36_agent0_norm": 6.649950228165835e-05, "E36_agent1_norm": 2.8445145289879292e-05, "E36_agent2_norm": 2.5899325919453986e-05, "E36_agent3_norm": 3.725240458152257e-05, "E36_agent4_norm": 4.1905135731212795e-05, "E37_agent0_norm": 4.249829726177268e-05, "E37_agent1_norm": 2.0318861061241478e-05, "E37_agent2_norm": 1.8769007510854863e-05, "E37_agent3_norm": 2.1083060346427374e-05, "E37_agent4_norm": 2.0323579519754276e-05, "E38_agent0_norm": 3.495513738016598e-05, "E38_agent1_norm": 1.2894477549707517e-05, "E38_agent2_norm": 1.3276365280034952e-05, "E38_agent3_norm": 1.6002828488126397e-05, "E38_agent4_norm": 2.0383116861921735e-05, "E39_agent0_norm": 2.2452144548879005e-05, "E39_agent1_norm": 1.043082829710329e-05, "E39_agent2_norm": 1.0087382179335691e-05, "E39_agent3_norm": 1.2936828170495573e-05, "E39_agent4_norm": 1.2181014426460024e-05, "E40_agent0_norm": 1.3585352462541778e-05,