{"E1_agent0_norm": 7.044430255889893, "E1_agent1_norm": 1.6870368719100952, "E1_agent2_norm": 1.9296554327011108, "E1_agent3_norm": 1.8157232999801636, "E1_agent4_norm": 2.4594273567199707, "E2_agent0_norm": 3.39099383354187, "E2_agent1_norm": 1.063117265701294, "E2_agent2_norm": 0.9469054937362671, "E2_agent3_norm": 0.9012496471405029, "E2_agent4_norm": 1.2025519609451294, "E3_agent0_norm": 2.277317523956299, "E3_agent1_norm": 0.6238277554512024, "E3_agent2_norm": 0.5455617904663086, "E3_agent3_norm": 0.6031266450881958, "E3_agent4_norm": 0.811030387878418, "E4_agent0_norm": 1.4834991693496704, "E4_agent1_norm": 0.4210589528083801, "E4_agent2_norm": 0.3959563672542572, "E4_agent3_norm": 0.3799184560775757, "E4_agent4_norm": 0.44865965843200684, "E5_agent0_norm": 1.0757766962051392, "E5_agent1_norm": 0.34616658091545105, "E5_agent2_norm": 0.3433781564235687, "E5_agent3_norm": 0.3716583251953125, "E5_agent4_norm": 0.37631332874298096, "E6_agent0_norm": 0.7675949931144714, "E6_agent1_norm": 0.26266318559646606, "E6_agent2_norm": 0.27286919951438904, "E6_agent3_norm": 0.2866854965686798, "E6_agent4_norm": 0.29385611414909363, "E7_agent0_norm": 0.5843372941017151, "E7_agent1_norm": 0.22091801464557648, "E7_agent2_norm": 0.22543182969093323, "E7_agent3_norm": 0.2333448827266693, "E7_agent4_norm": 0.24306145310401917, "E8_agent0_norm": 0.4122787415981293, "E8_agent1_norm": 0.16669440269470215, "E8_agent2_norm": 0.18028518557548523, "E8_agent3_norm": 0.15760831534862518, "E8_agent4_norm": 0.18396729230880737, "E9_agent0_norm": 0.32512375712394714, "E9_agent1_norm": 0.15935082733631134, "E9_agent2_norm": 0.16103172302246094, "E9_agent3_norm": 0.1418544203042984, "E9_agent4_norm": 0.1726698875427246, "E10_agent0_norm": 0.24814310669898987, "E10_agent1_norm": 0.10685890167951584, "E10_agent2_norm": 0.11712361127138138, "E10_agent3_norm": 0.11668910831212997, "E10_agent4_norm": 0.11779437959194183, "E11_agent0_norm": 0.19429785013198853, "E11_agent1_norm": 0.08930563181638718, "E11_agent2_norm": 0.08892141282558441, "E11_agent3_norm": 0.08045227825641632, "E11_agent4_norm": 0.09278382360935211, "E12_agent0_norm": 0.15654519200325012, "E12_agent1_norm": 0.07942267507314682, "E12_agent2_norm": 0.0712752714753151, "E12_agent3_norm": 0.07404407113790512, "E12_agent4_norm": 0.09811748564243317, "E13_agent0_norm": 0.14400215446949005, "E13_agent1_norm": 0.049670085310935974, "E13_agent2_norm": 0.05984906479716301, "E13_agent3_norm": 0.05521457642316818, "E13_agent4_norm": 0.057845450937747955, "E14_agent0_norm": 0.10797936469316483, "E14_agent1_norm": 0.05049630254507065, "E14_agent2_norm": 0.05637267231941223, "E14_agent3_norm": 0.06138434633612633, "E14_agent4_norm": 0.07121283560991287, "E15_agent0_norm": 0.08430885523557663, "E15_agent1_norm": 0.037369199097156525, "E15_agent2_norm": 0.03800119087100029, "E15_agent3_norm": 0.04289714992046356, "E15_agent4_norm": 0.05187135189771652, "E16_agent0_norm": 0.07014349848031998, "E16_agent1_norm": 0.0241645909845829, "E16_agent2_norm": 0.02658292092382908, "E16_agent3_norm": 0.0271138995885849, "E16_agent4_norm": 0.04375118762254715, "E17_agent0_norm": 0.05183690786361694, "E17_agent1_norm": 0.02057563327252865, "E17_agent2_norm": 0.02234017476439476, "E17_agent3_norm": 0.02669774740934372, "E17_agent4_norm": 0.03481682017445564, "E18_agent0_norm": 0.03534751757979393, "E18_agent1_norm": 0.016859883442521095, "E18_agent2_norm": 0.019358254969120026, "E18_agent3_norm": 0.021536827087402344, "E18_agent4_norm": 0.01782555878162384, "E19_agent0_norm": 0.02819070592522621, "E19_agent1_norm": 0.010558078996837139, "E19_agent2_norm": 0.011246390640735626, "E19_agent3_norm": 0.011947721242904663, "E19_agent4_norm": 0.011909503489732742, "E20_agent0_norm": 0.01929793879389763, "E20_agent1_norm": 0.00788419134914875, "E20_agent2_norm": 0.007345218677073717, "E20_agent3_norm": 0.009954667650163174, "E20_agent4_norm": 0.023829767480492592, "E21_agent0_norm": 0.016079161316156387, "E21_agent1_norm": 0.005346428137272596, "E21_agent2_norm": 0.005373850464820862, "E21_agent3_norm": 0.005832670722156763, "E21_agent4_norm": 0.00876619853079319, "E22_agent0_norm": 0.01031033881008625, "E22_agent1_norm": 0.00438151229172945, "E22_agent2_norm": 0.004868269897997379, "E22_agent3_norm": 0.006308172829449177, "E22_agent4_norm": 0.005688778590410948, "E23_agent0_norm": 0.008185484446585178, "E23_agent1_norm": 0.0028016450814902782, "E23_agent2_norm": 0.0030361865647137165, "E23_agent3_norm": 0.003242005128413439, "E23_agent4_norm": 0.004194031469523907, "E24_agent0_norm": 0.004727219231426716, "E24_agent1_norm": 0.002243248512968421, "E24_agent2_norm": 0.0024759534280747175, "E24_agent3_norm": 0.003829389810562134, "E24_agent4_norm": 0.0020155631937086582, "E25_agent0_norm": 0.0038102660328149796, "E25_agent1_norm": 0.00129491847474128, "E25_agent2_norm": 0.0015582803171128035, "E25_agent3_norm": 0.0020905386190861464, "E25_agent4_norm": 0.001965072238817811, "E26_agent0_norm": 0.002639551879838109, "E26_agent1_norm": 0.0009371555061079562, "E26_agent2_norm": 0.0009446899639442563, "E26_agent3_norm": 0.001352883642539382, "E26_agent4_norm": 0.0015244211535900831, "E27_agent0_norm": 0.0019076004391536117, "E27_agent1_norm": 0.0006477582501247525, "E27_agent2_norm": 0.0006773583590984344, "E27_agent3_norm": 0.0009166055242531002, "E27_agent4_norm": 0.001306305406615138, "E28_agent0_norm": 0.0013285750756040215, "E28_agent1_norm": 0.00042921010754071176, "E28_agent2_norm": 0.00045541280996985734, "E28_agent3_norm": 0.0005258339806459844, "E28_agent4_norm": 0.0007017302559688687, "E29_agent0_norm": 0.00082667067181319, "E29_agent1_norm": 0.00031107538961805403, "E29_agent2_norm": 0.0002619465230964124, "E29_agent3_norm": 0.00030451087513938546, "E29_agent4_norm": 0.0002659476303961128, "E30_agent0_norm": 0.000640878570266068, "E30_agent1_norm": 0.00020690028031822294, "E30_agent2_norm": 0.00023239594884216785, "E30_agent3_norm": 0.00024431891506537795, "E30_agent4_norm": 0.00020122862770222127, "E31_agent0_norm": 0.0004308377974666655, "E31_agent1_norm": 0.00013978491188026965, "E31_agent2_norm": 0.0001819198951125145, "E31_agent3_norm": 0.00020866969134658575, "E31_agent4_norm": 0.00016842575860209763, "E32_agent0_norm": 0.00033185991924256086, "E32_agent1_norm": 0.00010963192471535876, "E32_agent2_norm": 0.00011556987010408193, "E32_agent3_norm": 0.00013834181299898773, "E32_agent4_norm": 0.0002733119763433933, "E33_agent0_norm": 0.0002130073116859421, "E33_agent1_norm": 8.175546827260405e-05, "E33_agent2_norm": 9.121960465563461e-05, "E33_agent3_norm": 0.0001407652162015438, "E33_agent4_norm": 0.000201669754460454, "E34_agent0_norm": 0.00014832691522315145, "E34_agent1_norm": 4.803386764251627e-05, "E34_agent2_norm": 5.93948716414161e-05, "E34_agent3_norm": 5.792970478069037e-05, "E34_agent4_norm": 5.4527314205188304e-05, "E35_agent0_norm": 9.817857790039852e-05, "E35_agent1_norm": 3.710709643200971e-05, "E35_agent2_norm": 4.151888788328506e-05, "E35_agent3_norm": 4.648230242310092e-05, "E35_agent4_norm": 3.281956378486939e-05, "E36_agent0_norm": 7.600442768307403e-05, "E36_agent1_norm": 2.4590344764874317e-05, "E36_agent2_norm": 2.6113028070540167e-05, "E36_agent3_norm": 2.799583126034122e-05, "E36_agent4_norm": 3.798169200308621e-05, "E37_agent0_norm": 5.3788557124789804e-05, "E37_agent1_norm": 1.8482045561540872e-05, "E37_agent2_norm": 1.970838820852805e-05, "E37_agent3_norm": 2.3792403226252645e-05, "E37_agent4_norm": 3.339819886605255e-05, "E38_agent0_norm": 3.332873893668875e-05, "E38_agent1_norm": 1.2013729246973526e-05, "E38_agent2_norm": 1.3196661711845081e-05, "E38_agent3_norm": 1.333516865997808e-05, "E38_agent4_norm": 1.5350176909123547e-05, "E39_agent0_norm": 2.5276287487940863e-05, "E39_agent1_norm": 8.88495287654223e-06, "E39_agent2_norm": 9.168761607725173e-06, "E39_agent3_norm": 9.985415090341121e-06, "E39_agent4_norm": 1.139757387136342e-05, "E40_agent0_norm": 1.628306563361548e-05, "E40_agent1_norm": 6.03290254730382e-06,