{"Agent0_Epoch1": 0.2074229121208191, "Agent1_Epoch1": 0.3907213807106018, "Agent2_Epoch1": 0.997689425945282, "Agent3_Epoch1": 0.9960537552833557, "Agent4_Epoch1": 0.9902675151824951, "Agent0_Epoch2": 0.031663358211517334, "Agent1_Epoch2": 0.28901588916778564, "Agent2_Epoch2": 0.29688334465026855, "Agent3_Epoch2": 0.29919469356536865, "Agent4_Epoch2": 0.2968972325325012, "Agent0_Epoch3": 0.01756453514099121, "Agent1_Epoch3": 0.10552209615707397, "Agent2_Epoch3": 0.10903233289718628, "Agent3_Epoch3": 0.10610300302505493, "Agent4_Epoch3": 0.10997956991195679, "Agent0_Epoch4": 0.010832905769348145, "Agent1_Epoch4": 0.043969929218292236, "Agent2_Epoch4": 0.044859349727630615, "Agent3_Epoch4": 0.04369521141052246, "Agent4_Epoch4": 0.04616659879684448, "Agent0_Epoch5": 0.00703805685043335, "Agent1_Epoch5": 0.02098536491394043, "Agent2_Epoch5": 0.020551681518554688, "Agent3_Epoch5": 0.02118295431137085, "Agent4_Epoch5": 0.021667540073394775, "Agent0_Epoch6": 0.00467228889465332, "Agent1_Epoch6": 0.010999798774719238, "Agent2_Epoch6": 0.01118481159210205, "Agent3_Epoch6": 0.010656893253326416, "Agent4_Epoch6": 0.011459290981292725, "Agent0_Epoch7": 0.00321352481842041, "Agent1_Epoch7": 0.006301403045654297, "Agent2_Epoch7": 0.006527960300445557, "Agent3_Epoch7": 0.005907893180847168, "Agent4_Epoch7": 0.006537377834320068, "Agent0_Epoch8": 0.002285301685333252, "Agent1_Epoch8": 0.0038918256759643555, "Agent2_Epoch8": 0.0039032697677612305, "Agent3_Epoch8": 0.0037122368812561035, "Agent4_Epoch8": 0.004095733165740967, "Agent0_Epoch9": 0.0016493797302246094, "Agent1_Epoch9": 0.002516627311706543, "Agent2_Epoch9": 0.00257033109664917, "Agent3_Epoch9": 0.0025115013122558594, "Agent4_Epoch9": 0.002559959888458252, "Agent0_Epoch10": 0.001224517822265625, "Agent1_Epoch10": 0.0017141103744506836, "Agent2_Epoch10": 0.001697838306427002, "Agent3_Epoch10": 0.0015004873275756836, "Agent4_Epoch10": 0.0017458796501159668, "Agent0_Epoch11": 0.0008875131607055664, "Agent1_Epoch11": 0.0011605024337768555, "Agent2_Epoch11": 0.001203775405883789, "Agent3_Epoch11": 0.0010909438133239746, "Agent4_Epoch11": 0.0011194348335266113, "Agent0_Epoch12": 0.0006688237190246582, "Agent1_Epoch12": 0.0008286833763122559, "Agent2_Epoch12": 0.000838160514831543, "Agent3_Epoch12": 0.0007607936859130859, "Agent4_Epoch12": 0.0008238554000854492, "Agent0_Epoch13": 0.0005044937133789062, "Agent1_Epoch13": 0.000598907470703125, "Agent2_Epoch13": 0.000622093677520752, "Agent3_Epoch13": 0.0005347728729248047, "Agent4_Epoch13": 0.0006044507026672363, "Agent0_Epoch14": 0.0003839731216430664, "Agent1_Epoch14": 0.0004405379295349121, "Agent2_Epoch14": 0.00044208765029907227, "Agent3_Epoch14": 0.00036460161209106445, "Agent4_Epoch14": 0.00042188167572021484, "Agent0_Epoch15": 0.000279843807220459, "Agent1_Epoch15": 0.00031250715255737305, "Agent2_Epoch15": 0.0003255009651184082, "Agent3_Epoch15": 0.0003349184989929199, "Agent4_Epoch15": 0.00031882524490356445, "Agent0_Epoch16": 0.00021249055862426758, "Agent1_Epoch16": 0.00023227930068969727, "Agent2_Epoch16": 0.00023823976516723633, "Agent3_Epoch16": 0.0002110004425048828, "Agent4_Epoch16": 0.0002200603485107422, "Agent0_Epoch17": 0.0001544952392578125, "Agent1_Epoch17": 0.00016576051712036133, "Agent2_Epoch17": 0.00017505884170532227, "Agent3_Epoch17": 0.0001494288444519043, "Agent4_Epoch17": 0.0001576542854309082, "Agent0_Epoch18": 0.00011020898818969727, "Agent1_Epoch18": 0.00011670589447021484, "Agent2_Epoch18": 0.00012171268463134766, "Agent3_Epoch18": 0.00011461973190307617, "Agent4_Epoch18": 0.00011688470840454102, "Agent0_Epoch19": 7.933378219604492e-05, "Agent1_Epoch19": 8.302927017211914e-05, "Agent2_Epoch19": 8.606910705566406e-05, "Agent3_Epoch19": 8.124113082885742e-05, "Agent4_Epoch19": 8.791685104370117e-05, "Agent0_Epoch20": 5.632638931274414e-05, "Agent1_Epoch20": 5.835294723510742e-05, "Agent2_Epoch20": 5.9485435485839844e-05, "Agent3_Epoch20": 5.46574592590332e-05, "Agent4_Epoch20": 6.014108657836914e-05, "Agent0_Epoch21": 3.8504600524902344e-05, "Agent1_Epoch21": 3.9696693420410156e-05, "Agent2_Epoch21": 4.124641418457031e-05, "Agent3_Epoch21": 3.55839729309082e-05, "Agent4_Epoch21": 4.076957702636719e-05, "Agent0_Epoch22": 2.5987625122070312e-05, "Agent1_Epoch22": 2.6464462280273438e-05, "Agent2_Epoch22": 2.765655517578125e-05, "Agent3_Epoch22": 2.491474151611328e-05, "Agent4_Epoch22": 2.6404857635498047e-05, "Agent0_Epoch23": 1.7583370208740234e-05, "Agent1_Epoch23": 1.7881393432617188e-05, "Agent2_Epoch23": 1.7940998077392578e-05, "Agent3_Epoch23": 1.728534698486328e-05, "Agent4_Epoch23": 1.8835067749023438e-05, "Agent0_Epoch24": 1.1742115020751953e-05, "Agent1_Epoch24": 1.2040138244628906e-05, "Agent2_Epoch24": 1.2159347534179688e-05, "Agent3_Epoch24": 1.1682510375976562e-05, "Agent4_Epoch24": 1.2516975402832031e-05, "Agent0_Epoch25": 7.927417755126953e-06, "Agent1_Epoch25": 7.987022399902344e-06, "Agent2_Epoch25": 8.225440979003906e-06, "Agent3_Epoch25": 7.927417755126953e-06, "Agent4_Epoch25": 8.225440979003906e-06, "Agent0_Epoch26": 5.304813385009766e-06, "Agent1_Epoch26": 5.4836273193359375e-06, "Agent2_Epoch26": 5.364418029785156e-06, "Agent3_Epoch26": 5.364418029785156e-06, "Agent4_Epoch26": 5.4836273193359375e-06, "Agent0_Epoch27": 3.4570693969726562e-06, "Agent1_Epoch27": 3.5762786865234375e-06, "Agent2_Epoch27": 3.516674041748047e-06, "Agent3_Epoch27": 3.516674041748047e-06, "Agent4_Epoch27": 3.5762786865234375e-06, "Agent0_Epoch28": 2.3245811462402344e-06, "Agent1_Epoch28": 2.205371856689453e-06, "Agent2_Epoch28": 2.2649765014648438e-06, "Agent3_Epoch28": 2.384185791015625e-06, "Agent4_Epoch28": 2.3245811462402344e-06, "Agent0_Epoch29": 1.4901161193847656e-06, "Agent1_Epoch29": 1.4901161193847656e-06, "Agent2_Epoch29": 1.5497207641601562e-06, "Agent3_Epoch29": 1.4901161193847656e-06, "Agent4_Epoch29": 1.4901161193847656e-06, "Agent0_Epoch30": 1.0728836059570312e-06, "Agent1_Epoch30": 9.5367431640625e-07, "Agent2_Epoch30": 1.0728836059570312e-06, "Agent3_Epoch30": 9.5367431640625e-07, "Agent4_Epoch30": 9.5367431640625e-07, "Agent0_Epoch31": 6.556510925292969e-07, "Agent1_Epoch31": 7.748603820800781e-07, "Agent2_Epoch31": 5.960464477539062e-07, "Agent3_Epoch31": 7.748603820800781e-07, "Agent4_Epoch31": 5.960464477539062e-07, "Agent0_Epoch32": 3.5762786865234375e-07, "Agent1_Epoch32": 3.5762786865234375e-07, "Agent2_Epoch32": 3.5762786865234375e-07, "Agent3_Epoch32": 3.5762786865234375e-07, "Agent4_Epoch32": 2.980232238769531e-07, "Agent0_Epoch33": 3.5762786865234375e-07, "Agent1_Epoch33": 2.384185791015625e-07, "Agent2_Epoch33": 3.5762786865234375e-07, "Agent3_Epoch33": 2.980232238769531e-07, "Agent4_Epoch33": 2.980232238769531e-07, "Agent0_Epoch34": 1.7881393432617188e-07, "Agent1_Epoch34": 2.384185791015625e-07, "Agent2_Epoch34": 2.384185791015625e-07, "Agent3_Epoch34": 1.7881393432617188e-07, "Agent4_Epoch34": 2.384185791015625e-07, "Agent0_Epoch35": 0.0, "Agent1_Epoch35": 0.0, "Agent2_Epoch35": 5.960464477539063e-08, "Agent3_Epoch35": 1.7881393432617188e-07, "Agent4_Epoch35": 2.384185791015625e-07, "Agent0_Epoch36": 0.0, "Agent1_Epoch36": 0.0, "Agent2_Epoch36": 5.960464477539063e-08, "Agent3_Epoch36": 0.0, "Agent4_Epoch36": 0.0, "Agent0_Epoch37": 0.0, "Agent1_Epoch37": 5.960464477539063e-08, "Agent2_Epoch37": 0.0, "Agent3_Epoch37": 5.960464477539063e-08, "Agent4_Epoch37": 5.960464477539063e-08, "Agent0_Epoch38": 0.0, "Agent1_Epoch38": 0.0, "Agent2_Epoch38": 0.0, "Agent3_Epoch38": 5.960464477539063e-08, "Agent4_Epoch38": 0.0, "Agent0_Epoch39": 0.0, "Agent1_Epoch39": -1.1920928955078125e-07, "Agent2_Epoch39": -1.1920928955078125e-07, "Agent3_Epoch39": 0.0, "Agent4_Epoch39": 0.0, "Agent0_Epoch40": 0.0, "Agent1_Epoch40": -1.1920928955078125e-07, "Agent2_Epoch40": -1.1920928955078125e-07, "Agent3_Epoch40": -1.1920928955078125e-07, "Agent4_Epoch40": 0.0, "Agent0_Epoch41": 5.960464477539063e-08, "Agent1_Epoch41": -1.1920928955078125e-07, "Agent2_Epoch41": -1.1920928955078125e-07, "Agent3_Epoch41": -1.1920928955078125e-07,