{"Agent0_Epoch1": 0.21060878038406372, "Agent1_Epoch1": 0.3820001482963562, "Agent2_Epoch1": 0.9910982251167297, "Agent3_Epoch1": 0.9952032566070557, "Agent4_Epoch1": 0.9944204092025757, "Agent0_Epoch2": 0.03307998180389404, "Agent1_Epoch2": 0.29206717014312744, "Agent2_Epoch2": 0.29687774181365967, "Agent3_Epoch2": 0.2996622920036316, "Agent4_Epoch2": 0.3037759065628052, "Agent0_Epoch3": 0.01808232069015503, "Agent1_Epoch3": 0.10841375589370728, "Agent2_Epoch3": 0.11193734407424927, "Agent3_Epoch3": 0.10950994491577148, "Agent4_Epoch3": 0.11585330963134766, "Agent0_Epoch4": 0.01129847764968872, "Agent1_Epoch4": 0.04580414295196533, "Agent2_Epoch4": 0.04632669687271118, "Agent3_Epoch4": 0.04660141468048096, "Agent4_Epoch4": 0.04654121398925781, "Agent0_Epoch5": 0.007279515266418457, "Agent1_Epoch5": 0.02176380157470703, "Agent2_Epoch5": 0.022365927696228027, "Agent3_Epoch5": 0.021726608276367188, "Agent4_Epoch5": 0.023174762725830078, "Agent0_Epoch6": 0.004995286464691162, "Agent1_Epoch6": 0.011786043643951416, "Agent2_Epoch6": 0.012069284915924072, "Agent3_Epoch6": 0.011138439178466797, "Agent4_Epoch6": 0.01294165849685669, "Agent0_Epoch7": 0.003509700298309326, "Agent1_Epoch7": 0.006908237934112549, "Agent2_Epoch7": 0.006982684135437012, "Agent3_Epoch7": 0.0066735148429870605, "Agent4_Epoch7": 0.007460892200469971, "Agent0_Epoch8": 0.0025179386138916016, "Agent1_Epoch8": 0.0043065547943115234, "Agent2_Epoch8": 0.004350006580352783, "Agent3_Epoch8": 0.004173159599304199, "Agent4_Epoch8": 0.004636108875274658, "Agent0_Epoch9": 0.0018247365951538086, "Agent1_Epoch9": 0.002796351909637451, "Agent2_Epoch9": 0.0028839111328125, "Agent3_Epoch9": 0.002809464931488037, "Agent4_Epoch9": 0.0030582547187805176, "Agent0_Epoch10": 0.0013530254364013672, "Agent1_Epoch10": 0.001901090145111084, "Agent2_Epoch10": 0.0019475221633911133, "Agent3_Epoch10": 0.001933455467224121, "Agent4_Epoch10": 0.001910388469696045, "Agent0_Epoch11": 0.0010089874267578125, "Agent1_Epoch11": 0.0013240575790405273, "Agent2_Epoch11": 0.0013473033905029297, "Agent3_Epoch11": 0.0012971162796020508, "Agent4_Epoch11": 0.0013775825500488281, "Agent0_Epoch12": 0.0007602572441101074, "Agent1_Epoch12": 0.0009447932243347168, "Agent2_Epoch12": 0.0009360313415527344, "Agent3_Epoch12": 0.0008758306503295898, "Agent4_Epoch12": 0.0009903907775878906, "Agent0_Epoch13": 0.0005718469619750977, "Agent1_Epoch13": 0.0006807446479797363, "Agent2_Epoch13": 0.0006853342056274414, "Agent3_Epoch13": 0.0006673336029052734, "Agent4_Epoch13": 0.0007132887840270996, "Agent0_Epoch14": 0.0004222393035888672, "Agent1_Epoch14": 0.00048553943634033203, "Agent2_Epoch14": 0.0004956722259521484, "Agent3_Epoch14": 0.0004870891571044922, "Agent4_Epoch14": 0.0005519986152648926, "Agent0_Epoch15": 0.0003186464309692383, "Agent1_Epoch15": 0.00035649538040161133, "Agent2_Epoch15": 0.0003590583801269531, "Agent3_Epoch15": 0.00033152103424072266, "Agent4_Epoch15": 0.00038945674896240234, "Agent0_Epoch16": 0.00023669004440307617, "Agent1_Epoch16": 0.00025910139083862305, "Agent2_Epoch16": 0.00025838613510131836, "Agent3_Epoch16": 0.00024127960205078125, "Agent4_Epoch16": 0.00027167797088623047, "Agent0_Epoch17": 0.00017243623733520508, "Agent1_Epoch17": 0.00018543004989624023, "Agent2_Epoch17": 0.00018733739852905273, "Agent3_Epoch17": 0.0001709461212158203, "Agent4_Epoch17": 0.00019025802612304688, "Agent0_Epoch18": 0.0001239180564880371, "Agent1_Epoch18": 0.00013124942779541016, "Agent2_Epoch18": 0.00012969970703125, "Agent3_Epoch18": 0.00012928247451782227, "Agent4_Epoch18": 0.00012725591659545898, "Agent0_Epoch19": 8.7738037109375e-05, "Agent1_Epoch19": 9.202957153320312e-05, "Agent2_Epoch19": 9.256601333618164e-05, "Agent3_Epoch19": 8.440017700195312e-05, "Agent4_Epoch19": 9.28044319152832e-05, "Agent0_Epoch20": 6.192922592163086e-05, "Agent1_Epoch20": 6.413459777832031e-05, "Agent2_Epoch20": 6.288290023803711e-05, "Agent3_Epoch20": 6.073713302612305e-05, "Agent4_Epoch20": 6.389617919921875e-05, "Agent0_Epoch21": 4.2498111724853516e-05, "Agent1_Epoch21": 4.38690185546875e-05, "Agent2_Epoch21": 4.404783248901367e-05, "Agent3_Epoch21": 4.208087921142578e-05, "Agent4_Epoch21": 4.583597183227539e-05, "Agent0_Epoch22": 2.9325485229492188e-05, "Agent1_Epoch22": 3.0159950256347656e-05, "Agent2_Epoch22": 2.9802322387695312e-05, "Agent3_Epoch22": 2.759695053100586e-05, "Agent4_Epoch22": 3.057718276977539e-05, "Agent0_Epoch23": 1.9788742065429688e-05, "Agent1_Epoch23": 2.0325183868408203e-05, "Agent2_Epoch23": 2.014636993408203e-05, "Agent3_Epoch23": 1.9311904907226562e-05, "Agent4_Epoch23": 2.0623207092285156e-05, "Agent0_Epoch24": 1.329183578491211e-05, "Agent1_Epoch24": 1.3470649719238281e-05, "Agent2_Epoch24": 1.3589859008789062e-05, "Agent3_Epoch24": 1.3053417205810547e-05, "Agent4_Epoch24": 1.3887882232666016e-05, "Agent0_Epoch25": 8.881092071533203e-06, "Agent1_Epoch25": 8.940696716308594e-06, "Agent2_Epoch25": 8.821487426757812e-06, "Agent3_Epoch25": 8.58306884765625e-06, "Agent4_Epoch25": 9.238719940185547e-06, "Agent0_Epoch26": 5.841255187988281e-06, "Agent1_Epoch26": 5.841255187988281e-06, "Agent2_Epoch26": 5.9604644775390625e-06, "Agent3_Epoch26": 5.602836608886719e-06, "Agent4_Epoch26": 5.841255187988281e-06, "Agent0_Epoch27": 3.993511199951172e-06, "Agent1_Epoch27": 4.0531158447265625e-06, "Agent2_Epoch27": 3.814697265625e-06, "Agent3_Epoch27": 3.874301910400391e-06, "Agent4_Epoch27": 3.993511199951172e-06, "Agent0_Epoch28": 2.562999725341797e-06, "Agent1_Epoch28": 2.562999725341797e-06, "Agent2_Epoch28": 2.6226043701171875e-06, "Agent3_Epoch28": 2.5033950805664062e-06, "Agent4_Epoch28": 2.6226043701171875e-06, "Agent0_Epoch29": 1.5497207641601562e-06, "Agent1_Epoch29": 1.6093254089355469e-06, "Agent2_Epoch29": 1.6093254089355469e-06, "Agent3_Epoch29": 1.6093254089355469e-06, "Agent4_Epoch29": 1.6093254089355469e-06, "Agent0_Epoch30": 1.0728836059570312e-06, "Agent1_Epoch30": 1.0728836059570312e-06, "Agent2_Epoch30": 1.1920928955078125e-06, "Agent3_Epoch30": 1.1920928955078125e-06, "Agent4_Epoch30": 1.1920928955078125e-06, "Agent0_Epoch31": 7.152557373046875e-07, "Agent1_Epoch31": 7.748603820800781e-07, "Agent2_Epoch31": 7.748603820800781e-07, "Agent3_Epoch31": 7.748603820800781e-07, "Agent4_Epoch31": 5.960464477539062e-07, "Agent0_Epoch32": 4.172325134277344e-07, "Agent1_Epoch32": 4.76837158203125e-07, "Agent2_Epoch32": 5.364418029785156e-07, "Agent3_Epoch32": 5.960464477539062e-07, "Agent4_Epoch32": 5.364418029785156e-07, "Agent0_Epoch33": 2.980232238769531e-07, "Agent1_Epoch33": 2.980232238769531e-07, "Agent2_Epoch33": 2.384185791015625e-07, "Agent3_Epoch33": 2.384185791015625e-07, "Agent4_Epoch33": 2.980232238769531e-07, "Agent0_Epoch34": 5.960464477539063e-08, "Agent1_Epoch34": 5.960464477539063e-08, "Agent2_Epoch34": 2.384185791015625e-07, "Agent3_Epoch34": 2.384185791015625e-07, "Agent4_Epoch34": 2.384185791015625e-07, "Agent0_Epoch35": 2.384185791015625e-07, "Agent1_Epoch35": 5.960464477539063e-08, "Agent2_Epoch35": 1.7881393432617188e-07, "Agent3_Epoch35": 2.384185791015625e-07, "Agent4_Epoch35": 5.960464477539063e-08, "Agent0_Epoch36": 5.960464477539063e-08, "Agent1_Epoch36": 5.960464477539063e-08, "Agent2_Epoch36": 5.960464477539063e-08, "Agent3_Epoch36": 5.960464477539063e-08, "Agent4_Epoch36": 5.960464477539063e-08, "Agent0_Epoch37": 5.960464477539063e-08, "Agent1_Epoch37": -1.1920928955078125e-07, "Agent2_Epoch37": -1.1920928955078125e-07, "Agent3_Epoch37": 0.0, "Agent4_Epoch37": -1.1920928955078125e-07, "Agent0_Epoch38": -1.1920928955078125e-07, "Agent1_Epoch38": 5.960464477539063e-08, "Agent2_Epoch38": -1.1920928955078125e-07, "Agent3_Epoch38": 0.0, "Agent4_Epoch38": 5.960464477539063e-08, "Agent0_Epoch39": 5.960464477539063e-08, "Agent1_Epoch39": 0.0, "Agent2_Epoch39": 0.0, "Agent3_Epoch39": 0.0, "Agent4_Epoch39": 0.0, "Agent0_Epoch40": -1.1920928955078125e-07, "Agent1_Epoch40": 0.0, "Agent2_Epoch40": 0.0, "Agent3_Epoch40": 0.0, "Agent4_Epoch40": 5.960464477539063e-08, "Agent0_Epoch41": 0.0,