{"E1_agent0_norm": 2.2896969318389893, "E1_agent1_norm": 2.0038440227508545, "E1_agent2_norm": 1.9830883741378784, "E1_agent3_norm": 1.7317149639129639, "E1_agent4_norm": 2.211332321166992, "E2_agent0_norm": 0.5785688161849976, "E2_agent1_norm": 0.9351170659065247, "E2_agent2_norm": 0.8067267537117004, "E2_agent3_norm": 0.5537101626396179, "E2_agent4_norm": 1.0718703269958496, "E3_agent0_norm": 0.6898435354232788, "E3_agent1_norm": 0.5068541765213013, "E3_agent2_norm": 0.5486220121383667, "E3_agent3_norm": 0.46208956837654114, "E3_agent4_norm": 0.7421956658363342, "E4_agent0_norm": 0.47120901942253113, "E4_agent1_norm": 0.3481816053390503, "E4_agent2_norm": 0.34094393253326416, "E4_agent3_norm": 0.35060521960258484, "E4_agent4_norm": 0.4295737147331238, "E5_agent0_norm": 0.39852163195610046, "E5_agent1_norm": 0.26509732007980347, "E5_agent2_norm": 0.2978196144104004, "E5_agent3_norm": 0.23054660856723785, "E5_agent4_norm": 0.25868475437164307, "E6_agent0_norm": 0.344379723072052, "E6_agent1_norm": 0.21128329634666443, "E6_agent2_norm": 0.21027009189128876, "E6_agent3_norm": 0.21209679543972015, "E6_agent4_norm": 0.25381729006767273, "E7_agent0_norm": 0.3214308023452759, "E7_agent1_norm": 0.1562940776348114, "E7_agent2_norm": 0.17575277388095856, "E7_agent3_norm": 0.19632488489151, "E7_agent4_norm": 0.1980080008506775, "E8_agent0_norm": 0.2794102132320404, "E8_agent1_norm": 0.1335865706205368, "E8_agent2_norm": 0.1574157327413559, "E8_agent3_norm": 0.1300506591796875, "E8_agent4_norm": 0.1565929800271988, "E9_agent0_norm": 0.2531455457210541, "E9_agent1_norm": 0.10890890657901764, "E9_agent2_norm": 0.10863795131444931, "E9_agent3_norm": 0.11118444800376892, "E9_agent4_norm": 0.13567323982715607, "E10_agent0_norm": 0.07083108276128769, "E10_agent1_norm": 0.07200246304273605, "E10_agent2_norm": 0.06876915693283081, "E10_agent3_norm": 0.06329227983951569, "E10_agent4_norm": 0.07871394604444504, "E11_agent0_norm": 0.03629498928785324, "E11_agent1_norm": 0.04876595735549927, "E11_agent2_norm": 0.04893926903605461, "E11_agent3_norm": 0.033667273819446564, "E11_agent4_norm": 0.04648523032665253, "E12_agent0_norm": 0.02818506583571434, "E12_agent1_norm": 0.03724997490644455, "E12_agent2_norm": 0.02858518622815609, "E12_agent3_norm": 0.025569157674908638, "E12_agent4_norm": 0.03864095360040665, "E13_agent0_norm": 0.02039729803800583, "E13_agent1_norm": 0.027370436117053032, "E13_agent2_norm": 0.03372221067547798, "E13_agent3_norm": 0.020523423328995705, "E13_agent4_norm": 0.027780689299106598, "E14_agent0_norm": 0.017731845378875732, "E14_agent1_norm": 0.024540850892663002, "E14_agent2_norm": 0.023031864315271378, "E14_agent3_norm": 0.01870792545378208, "E14_agent4_norm": 0.022739240899682045, "E15_agent0_norm": 0.010895350016653538, "E15_agent1_norm": 0.013393566943705082, "E15_agent2_norm": 0.015463396906852722, "E15_agent3_norm": 0.012981160543859005, "E15_agent4_norm": 0.01870647817850113, "E16_agent0_norm": 0.007161069195717573, "E16_agent1_norm": 0.010923095047473907, "E16_agent2_norm": 0.01091024186462164, "E16_agent3_norm": 0.0074899327009916306, "E16_agent4_norm": 0.010476460680365562, "E17_agent0_norm": 0.005650929640978575, "E17_agent1_norm": 0.0071134306490421295, "E17_agent2_norm": 0.007010120432823896, "E17_agent3_norm": 0.007409638725221157, "E17_agent4_norm": 0.009041025303304195, "E18_agent0_norm": 0.003415033221244812, "E18_agent1_norm": 0.005306680221110582, "E18_agent2_norm": 0.0048186141066253185, "E18_agent3_norm": 0.003876500064507127, "E18_agent4_norm": 0.004529220517724752, "E19_agent0_norm": 0.002812167163938284, "E19_agent1_norm": 0.003298397408798337, "E19_agent2_norm": 0.004744966048747301, "E19_agent3_norm": 0.003295089118182659, "E19_agent4_norm": 0.0038080827798694372, "E20_agent0_norm": 0.002023221692070365, "E20_agent1_norm": 0.0023310063406825066, "E20_agent2_norm": 0.0029095506761223078, "E20_agent3_norm": 0.0025564732495695353, "E20_agent4_norm": 0.0024662958458065987, "E21_agent0_norm": 0.0013769324868917465, "E21_agent1_norm": 0.0026057343930006027, "E21_agent2_norm": 0.0020625200122594833, "E21_agent3_norm": 0.0017947686137631536, "E21_agent4_norm": 0.002131965709850192, "E22_agent0_norm": 0.0009679705835878849, "E22_agent1_norm": 0.0010942306835204363, "E22_agent2_norm": 0.0011429190635681152, "E22_agent3_norm": 0.0011365105165168643, "E22_agent4_norm": 0.0015016073593869805, "E23_agent0_norm": 0.0006602142821066082, "E23_agent1_norm": 0.0010047388495877385, "E23_agent2_norm": 0.0011774838203564286, "E23_agent3_norm": 0.0006854506209492683, "E23_agent4_norm": 0.0011115737725049257, "E24_agent0_norm": 0.00045194991980679333, "E24_agent1_norm": 0.0008120270213112235, "E24_agent2_norm": 0.0007080811192281544, "E24_agent3_norm": 0.0005457049701362848, "E24_agent4_norm": 0.0007192753837443888, "E25_agent0_norm": 0.00034264387795701623, "E25_agent1_norm": 0.0005540340207517147, "E25_agent2_norm": 0.0005350080318748951, "E25_agent3_norm": 0.0003949984675273299, "E25_agent4_norm": 0.0005673027480952442, "E26_agent0_norm": 0.00023890170268714428, "E26_agent1_norm": 0.0003384821175131947, "E26_agent2_norm": 0.0003305539139546454, "E26_agent3_norm": 0.00028584248502738774, "E26_agent4_norm": 0.0003766562440432608, "E27_agent0_norm": 0.00017923153063748032, "E27_agent1_norm": 0.0002594425459392369, "E27_agent2_norm": 0.00028452041442506015, "E27_agent3_norm": 0.00021934128017164767, "E27_agent4_norm": 0.00025405819178558886, "E28_agent0_norm": 0.00010441579797770828, "E28_agent1_norm": 0.00016100499487947673, "E28_agent2_norm": 0.00013037672033533454, "E28_agent3_norm": 0.0001102426613215357, "E28_agent4_norm": 0.00019191554747521877, "E29_agent0_norm": 8.475405047647655e-05, "E29_agent1_norm": 0.00012847251491621137, "E29_agent2_norm": 9.553609561407939e-05, "E29_agent3_norm": 0.00011371431173756719, "E29_agent4_norm": 0.00013603997649624944, "E30_agent0_norm": 4.891215212410316e-05, "E30_agent1_norm": 7.620322139700875e-05, "E30_agent2_norm": 7.463541260221973e-05, "E30_agent3_norm": 6.334165664156899e-05, "E30_agent4_norm": 6.464921170845628e-05, "E31_agent0_norm": 4.076222830917686e-05, "E31_agent1_norm": 9.01669918675907e-05, "E31_agent2_norm": 5.271133341011591e-05, "E31_agent3_norm": 4.330851515987888e-05, "E31_agent4_norm": 6.569748802576214e-05, "E32_agent0_norm": 2.7059366402681917e-05, "E32_agent1_norm": 4.271178841008805e-05, "E32_agent2_norm": 6.106432556407526e-05, "E32_agent3_norm": 3.123467831755988e-05, "E32_agent4_norm": 5.8548008382786065e-05, "E33_agent0_norm": 1.6961672372417524e-05, "E33_agent1_norm": 2.56816201726906e-05, "E33_agent2_norm": 2.7979829610558227e-05, "E33_agent3_norm": 1.948206772794947e-05, "E33_agent4_norm": 2.3164564481703565e-05, "E34_agent0_norm": 1.3749686331721023e-05, "E34_agent1_norm": 1.8200640624854714e-05, "E34_agent2_norm": 2.518941619200632e-05, "E34_agent3_norm": 1.471223367843777e-05, "E34_agent4_norm": 1.926661207107827e-05, "E35_agent0_norm": 9.808572031033691e-06, "E35_agent1_norm": 1.614013126527425e-05, "E35_agent2_norm": 1.2583777788677253e-05, "E35_agent3_norm": 1.2579020221892279e-05, "E35_agent4_norm": 1.3147823665349279e-05, "E36_agent0_norm": 6.7644164118974e-06, "E36_agent1_norm": 9.578819117450621e-06, "E36_agent2_norm": 1.3233157915237825e-05, "E36_agent3_norm": 8.370523573830724e-06, "E36_agent4_norm": 1.1370380889275111e-05, "E37_agent0_norm": 3.6797830489376793e-06, "E37_agent1_norm": 5.520305421669036e-06, "E37_agent2_norm": 5.3490889513341244e-06, "E37_agent3_norm": 3.758196953640436e-06, "E37_agent4_norm": 6.466726063081296e-06, "E38_agent0_norm": 3.3229232485609828e-06, "E38_agent1_norm": 4.1938869799196254e-06, "E38_agent2_norm": 4.337409791332902e-06, "E38_agent3_norm": 2.996133162014303e-06, "E38_agent4_norm": 4.976947366230888e-06, "E39_agent0_norm": 2.3177824459708063e-06, "E39_agent1_norm": 3.0726409931958187e-06, "E39_agent2_norm": 2.6946086109091993e-06, "E39_agent3_norm": 2.3097368284652475e-06, "E39_agent4_norm": 3.987240688729798e-06,