{"Agent0_Epoch1": 0.295366108417511, "Agent1_Epoch1": 0.29329532384872437, "Agent2_Epoch1": 0.9957073926925659, "Agent3_Epoch1": 0.9966972470283508, "Agent4_Epoch1": 0.9997556805610657, "Agent0_Epoch2": 0.058461546897888184, "Agent1_Epoch2": 0.29399579763412476, "Agent2_Epoch2": 0.30029547214508057, "Agent3_Epoch2": 0.30114996433258057, "Agent4_Epoch2": 0.31319260597229004, "Agent0_Epoch3": 0.033894479274749756, "Agent1_Epoch3": 0.1363944411277771, "Agent2_Epoch3": 0.13948369026184082, "Agent3_Epoch3": 0.13643336296081543, "Agent4_Epoch3": 0.13987314701080322, "Agent0_Epoch4": 0.020996570587158203, "Agent1_Epoch4": 0.06528007984161377, "Agent2_Epoch4": 0.06524550914764404, "Agent3_Epoch4": 0.06196928024291992, "Agent4_Epoch4": 0.07006633281707764, "Agent0_Epoch5": 0.013598144054412842, "Agent1_Epoch5": 0.03355675935745239, "Agent2_Epoch5": 0.033136188983917236, "Agent3_Epoch5": 0.034508466720581055, "Agent4_Epoch5": 0.03373807668685913, "Agent0_Epoch6": 0.009013712406158447, "Agent1_Epoch6": 0.01844799518585205, "Agent2_Epoch6": 0.01909273862838745, "Agent3_Epoch6": 0.018481314182281494, "Agent4_Epoch6": 0.019676804542541504, "Agent0_Epoch7": 0.006670892238616943, "Agent1_Epoch7": 0.011793911457061768, "Agent2_Epoch7": 0.011570453643798828, "Agent3_Epoch7": 0.011202692985534668, "Agent4_Epoch7": 0.012584209442138672, "Agent0_Epoch8": 0.004855096340179443, "Agent1_Epoch8": 0.007644057273864746, "Agent2_Epoch8": 0.007955968379974365, "Agent3_Epoch8": 0.008014142513275146, "Agent4_Epoch8": 0.00826406478881836, "Agent0_Epoch9": 0.00383150577545166, "Agent1_Epoch9": 0.005508720874786377, "Agent2_Epoch9": 0.006207764148712158, "Agent3_Epoch9": 0.005497455596923828, "Agent4_Epoch9": 0.006156563758850098, "Agent0_Epoch10": 0.003283381462097168, "Agent1_Epoch10": 0.00440138578414917, "Agent2_Epoch10": 0.004564046859741211, "Agent3_Epoch10": 0.004015624523162842, "Agent4_Epoch10": 0.00494152307510376, "Agent0_Epoch11": 0.0034450888633728027, "Agent1_Epoch11": 0.00461500883102417, "Agent2_Epoch11": 0.004639923572540283, "Agent3_Epoch11": 0.0044266581535339355, "Agent4_Epoch11": 0.004632174968719482, "Agent0_Epoch12": 0.0034936070442199707, "Agent1_Epoch12": 0.004678606986999512, "Agent2_Epoch12": 0.0047258734703063965, "Agent3_Epoch12": 0.004481911659240723, "Agent4_Epoch12": 0.0047803521156311035, "Agent0_Epoch13": 0.0035285353660583496, "Agent1_Epoch13": 0.004724979400634766, "Agent2_Epoch13": 0.004706442356109619, "Agent3_Epoch13": 0.004539549350738525, "Agent4_Epoch13": 0.004786491394042969, "Agent0_Epoch14": 0.0035672783851623535, "Agent1_Epoch14": 0.004775345325469971, "Agent2_Epoch14": 0.004712820053100586, "Agent3_Epoch14": 0.0046231746673583984, "Agent4_Epoch14": 0.004854798316955566, "Agent0_Epoch15": 0.0035744905471801758, "Agent1_Epoch15": 0.0047841668128967285, "Agent2_Epoch15": 0.004827320575714111, "Agent3_Epoch15": 0.004688918590545654, "Agent4_Epoch15": 0.004896819591522217, "Agent0_Epoch16": 0.003580033779144287, "Agent1_Epoch16": 0.0047907233238220215, "Agent2_Epoch16": 0.00486147403717041, "Agent3_Epoch16": 0.004791438579559326, "Agent4_Epoch16": 0.004807889461517334, "Agent0_Epoch17": 0.0036016106605529785, "Agent1_Epoch17": 0.004818856716156006, "Agent2_Epoch17": 0.004820764064788818, "Agent3_Epoch17": 0.004801630973815918, "Agent4_Epoch17": 0.0048323869705200195, "Agent0_Epoch18": 0.0036008358001708984, "Agent1_Epoch18": 0.004817783832550049, "Agent2_Epoch18": 0.004871189594268799, "Agent3_Epoch18": 0.004832029342651367, "Agent4_Epoch18": 0.004848182201385498, "Agent0_Epoch19": 0.003620147705078125, "Agent1_Epoch19": 0.004842996597290039, "Agent2_Epoch19": 0.004839301109313965, "Agent3_Epoch19": 0.004832148551940918, "Agent4_Epoch19": 0.004858791828155518, "Agent0_Epoch20": 0.0036263465881347656, "Agent1_Epoch20": 0.00485152006149292, "Agent2_Epoch20": 0.004845738410949707, "Agent3_Epoch20": 0.004849135875701904, "Agent4_Epoch20": 0.004860341548919678, "Agent0_Epoch21": 0.003629744052886963, "Agent1_Epoch21": 0.0048558712005615234, "Agent2_Epoch21": 0.004860401153564453, "Agent3_Epoch21": 0.004847347736358643, "Agent4_Epoch21": 0.0048635005950927734, "Agent0_Epoch22": 0.0036316514015197754, "Agent1_Epoch22": 0.00485837459564209, "Agent2_Epoch22": 0.004860997200012207, "Agent3_Epoch22": 0.004852116107940674, "Agent4_Epoch22": 0.00487363338470459, "Agent0_Epoch23": 0.003633558750152588, "Agent1_Epoch23": 0.004860877990722656, "Agent2_Epoch23": 0.004859805107116699, "Agent3_Epoch23": 0.0048593878746032715, "Agent4_Epoch23": 0.0048621296882629395, "Agent0_Epoch24": 0.003634631633758545, "Agent1_Epoch24": 0.0048621296882629395, "Agent2_Epoch24": 0.004862964153289795, "Agent3_Epoch24": 0.0048607587814331055, "Agent4_Epoch24": 0.004866898059844971, "Agent0_Epoch25": 0.003635108470916748, "Agent1_Epoch25": 0.0048629045486450195, "Agent2_Epoch25": 0.004864096641540527, "Agent3_Epoch25": 0.004862785339355469, "Agent4_Epoch25": 0.004864513874053955, "Agent0_Epoch26": 0.0036362409591674805, "Agent1_Epoch26": 0.004864156246185303, "Agent2_Epoch26": 0.004863381385803223, "Agent3_Epoch26": 0.0048615336418151855, "Agent4_Epoch26": 0.004863142967224121, "Agent0_Epoch27": 0.0036362409591674805, "Agent1_Epoch27": 0.004864156246185303, "Agent2_Epoch27": 0.004865467548370361, "Agent3_Epoch27": 0.004862189292907715, "Agent4_Epoch27": 0.004862308502197266, "Agent0_Epoch28": 0.0036359429359436035, "Agent1_Epoch28": 0.004863917827606201, "Agent2_Epoch28": 0.004864394664764404, "Agent3_Epoch28": 0.004863381385803223, "Agent4_Epoch28": 0.004864752292633057, "Agent0_Epoch29": 0.0036361217498779297, "Agent1_Epoch29": 0.004864156246185303, "Agent2_Epoch29": 0.004864633083343506, "Agent3_Epoch29": 0.0048636794090271, "Agent4_Epoch29": 0.004864871501922607, "Agent0_Epoch30": 0.0036363601684570312, "Agent1_Epoch30": 0.004864394664764404, "Agent2_Epoch30": 0.004864156246185303, "Agent3_Epoch30": 0.004864037036895752, "Agent4_Epoch30": 0.004865050315856934, "Agent0_Epoch31": 0.0036364197731018066, "Agent1_Epoch31": 0.004864633083343506, "Agent2_Epoch31": 0.0048642754554748535, "Agent3_Epoch31": 0.004864037036895752, "Agent4_Epoch31": 0.004864513874053955, "Agent0_Epoch32": 0.0036364197731018066, "Agent1_Epoch32": 0.004864513874053955, "Agent2_Epoch32": 0.004864394664764404, "Agent3_Epoch32": 0.004864394664764404, "Agent4_Epoch32": 0.004864513874053955, "Agent0_Epoch33": 0.0036363601684570312, "Agent1_Epoch33": 0.004864633083343506, "Agent2_Epoch33": 0.004864633083343506, "Agent3_Epoch33": 0.004864394664764404, "Agent4_Epoch33": 0.004864752292633057, "Agent0_Epoch34": 0.0036365389823913574, "Agent1_Epoch34": 0.004864633083343506, "Agent2_Epoch34": 0.004864871501922607, "Agent3_Epoch34": 0.004864633083343506, "Agent4_Epoch34": 0.004864752292633057, "Agent0_Epoch35": 0.0036365389823913574, "Agent1_Epoch35": 0.004864752292633057, "Agent2_Epoch35": 0.004864752292633057, "Agent3_Epoch35": 0.004864633083343506, "Agent4_Epoch35": 0.004864871501922607, "Agent0_Epoch36": 0.003636658191680908, "Agent1_Epoch36": 0.004864752292633057, "Agent2_Epoch36": 0.004864633083343506, "Agent3_Epoch36": 0.004864633083343506, "Agent4_Epoch36": 0.004864752292633057, "Agent0_Epoch37": 0.003636658191680908, "Agent1_Epoch37": 0.004864633083343506, "Agent2_Epoch37": 0.004864633083343506, "Agent3_Epoch37": 0.004864633083343506, "Agent4_Epoch37": 0.004864633083343506, "Agent0_Epoch38": 0.003636658191680908, "Agent1_Epoch38": 0.004864633083343506, "Agent2_Epoch38": 0.004864633083343506, "Agent3_Epoch38": 0.004864633083343506, "Agent4_Epoch38": 0.004864752292633057, "Agent0_Epoch39": 0.003636658191680908, "Agent1_Epoch39": 0.004864752292633057, "Agent2_Epoch39": 0.004864752292633057, "Agent3_Epoch39": 0.004864752292633057, "Agent4_Epoch39": 0.004864752292633057, "Agent0_Epoch40": 0.003636658191680908, "Agent1_Epoch40": 0.004864752292633057, "Agent2_Epoch40": 0.004864752292633057, "Agent3_Epoch40": 0.004864752292633057, "Agent4_Epoch40": 0.004864752292633057, "Agent0_Epoch41": 0.003636658191680908,