{"Agent0_Epoch1": 0.29244518280029297, "Agent1_Epoch1": 0.29036688804626465, "Agent2_Epoch1": 0.9954890608787537, "Agent3_Epoch1": 0.9930328726768494, "Agent4_Epoch1": 0.9966723322868347, "Agent0_Epoch2": 0.05664283037185669, "Agent1_Epoch2": 0.2905244827270508, "Agent2_Epoch2": 0.29847967624664307, "Agent3_Epoch2": 0.291877806186676, "Agent4_Epoch2": 0.29839199781417847, "Agent0_Epoch3": 0.03227454423904419, "Agent1_Epoch3": 0.13350671529769897, "Agent2_Epoch3": 0.13796907663345337, "Agent3_Epoch3": 0.12790775299072266, "Agent4_Epoch3": 0.14368504285812378, "Agent0_Epoch4": 0.02018517255783081, "Agent1_Epoch4": 0.06297904253005981, "Agent2_Epoch4": 0.06431370973587036, "Agent3_Epoch4": 0.06083536148071289, "Agent4_Epoch4": 0.06563436985015869, "Agent0_Epoch5": 0.01319730281829834, "Agent1_Epoch5": 0.03263747692108154, "Agent2_Epoch5": 0.032597362995147705, "Agent3_Epoch5": 0.03141099214553833, "Agent4_Epoch5": 0.03417837619781494, "Agent0_Epoch6": 0.009245812892913818, "Agent1_Epoch6": 0.018942177295684814, "Agent2_Epoch6": 0.018160641193389893, "Agent3_Epoch6": 0.01858532428741455, "Agent4_Epoch6": 0.018909573554992676, "Agent0_Epoch7": 0.0064373016357421875, "Agent1_Epoch7": 0.011370956897735596, "Agent2_Epoch7": 0.011545002460479736, "Agent3_Epoch7": 0.01079469919204712, "Agent4_Epoch7": 0.011556863784790039, "Agent0_Epoch8": 0.004919588565826416, "Agent1_Epoch8": 0.0077495574951171875, "Agent2_Epoch8": 0.007808327674865723, "Agent3_Epoch8": 0.007066667079925537, "Agent4_Epoch8": 0.007947802543640137, "Agent0_Epoch9": 0.0038453340530395508, "Agent1_Epoch9": 0.00553739070892334, "Agent2_Epoch9": 0.005783677101135254, "Agent3_Epoch9": 0.005221128463745117, "Agent4_Epoch9": 0.006020247936248779, "Agent0_Epoch10": 0.003945112228393555, "Agent1_Epoch10": 0.005672752857208252, "Agent2_Epoch10": 0.0057517290115356445, "Agent3_Epoch10": 0.005699634552001953, "Agent4_Epoch10": 0.00583881139755249, "Agent0_Epoch11": 0.004103899002075195, "Agent1_Epoch11": 0.005894184112548828, "Agent2_Epoch11": 0.00569075345993042, "Agent3_Epoch11": 0.005578398704528809, "Agent4_Epoch11": 0.005794942378997803, "Agent0_Epoch12": 0.0041304826736450195, "Agent1_Epoch12": 0.00592958927154541, "Agent2_Epoch12": 0.005774080753326416, "Agent3_Epoch12": 0.0056517720222473145, "Agent4_Epoch12": 0.0057495832443237305, "Agent0_Epoch13": 0.0041390061378479, "Agent1_Epoch13": 0.005938708782196045, "Agent2_Epoch13": 0.005870938301086426, "Agent3_Epoch13": 0.005837440490722656, "Agent4_Epoch13": 0.005834460258483887, "Agent0_Epoch14": 0.004187643527984619, "Agent1_Epoch14": 0.006006956100463867, "Agent2_Epoch14": 0.005908071994781494, "Agent3_Epoch14": 0.005901217460632324, "Agent4_Epoch14": 0.0058512091636657715, "Agent0_Epoch15": 0.004199624061584473, "Agent1_Epoch15": 0.006022214889526367, "Agent2_Epoch15": 0.005969226360321045, "Agent3_Epoch15": 0.005891203880310059, "Agent4_Epoch15": 0.005983412265777588, "Agent0_Epoch16": 0.004199683666229248, "Agent1_Epoch16": 0.0060214996337890625, "Agent2_Epoch16": 0.006016433238983154, "Agent3_Epoch16": 0.0059514641761779785, "Agent4_Epoch16": 0.0060607194900512695, "Agent0_Epoch17": 0.00421065092086792, "Agent1_Epoch17": 0.0060364603996276855, "Agent2_Epoch17": 0.006000339984893799, "Agent3_Epoch17": 0.006005823612213135, "Agent4_Epoch17": 0.006016850471496582, "Agent0_Epoch18": 0.004210472106933594, "Agent1_Epoch18": 0.006035506725311279, "Agent2_Epoch18": 0.006023764610290527, "Agent3_Epoch18": 0.00601351261138916, "Agent4_Epoch18": 0.006041109561920166, "Agent0_Epoch19": 0.004212737083435059, "Agent1_Epoch19": 0.006038248538970947, "Agent2_Epoch19": 0.006056070327758789, "Agent3_Epoch19": 0.006032347679138184, "Agent4_Epoch19": 0.006043910980224609, "Agent0_Epoch20": 0.004216253757476807, "Agent1_Epoch20": 0.006043076515197754, "Agent2_Epoch20": 0.00604856014251709, "Agent3_Epoch20": 0.006037712097167969, "Agent4_Epoch20": 0.006037354469299316, "Agent0_Epoch21": 0.0042212605476379395, "Agent1_Epoch21": 0.006050169467926025, "Agent2_Epoch21": 0.006045639514923096, "Agent3_Epoch21": 0.006041765213012695, "Agent4_Epoch21": 0.00604015588760376, "Agent0_Epoch22": 0.004223346710205078, "Agent1_Epoch22": 0.006053030490875244, "Agent2_Epoch22": 0.006043374538421631, "Agent3_Epoch22": 0.006042301654815674, "Agent4_Epoch22": 0.006045937538146973, "Agent0_Epoch23": 0.004223465919494629, "Agent1_Epoch23": 0.006053149700164795, "Agent2_Epoch23": 0.006048321723937988, "Agent3_Epoch23": 0.006046295166015625, "Agent4_Epoch23": 0.006048023700714111, "Agent0_Epoch24": 0.004224240779876709, "Agent1_Epoch24": 0.006054341793060303, "Agent2_Epoch24": 0.006051898002624512, "Agent3_Epoch24": 0.006048142910003662, "Agent4_Epoch24": 0.006052911281585693, "Agent0_Epoch25": 0.0042244791984558105, "Agent1_Epoch25": 0.006054341793060303, "Agent2_Epoch25": 0.006053507328033447, "Agent3_Epoch25": 0.006050229072570801, "Agent4_Epoch25": 0.0060558319091796875, "Agent0_Epoch26": 0.004225373268127441, "Agent1_Epoch26": 0.006055593490600586, "Agent2_Epoch26": 0.006054401397705078, "Agent3_Epoch26": 0.006052970886230469, "Agent4_Epoch26": 0.006054580211639404, "Agent0_Epoch27": 0.00422513484954834, "Agent1_Epoch27": 0.006055295467376709, "Agent2_Epoch27": 0.0060558319091796875, "Agent3_Epoch27": 0.006054282188415527, "Agent4_Epoch27": 0.006055235862731934, "Agent0_Epoch28": 0.004225552082061768, "Agent1_Epoch28": 0.006055951118469238, "Agent2_Epoch28": 0.006055116653442383, "Agent3_Epoch28": 0.006055474281311035, "Agent4_Epoch28": 0.006055057048797607, "Agent0_Epoch29": 0.0042258501052856445, "Agent1_Epoch29": 0.006056249141693115, "Agent2_Epoch29": 0.0060561299324035645, "Agent3_Epoch29": 0.006054580211639404, "Agent4_Epoch29": 0.006055295467376709, "Agent0_Epoch30": 0.0042258501052856445, "Agent1_Epoch30": 0.006056308746337891, "Agent2_Epoch30": 0.0060561299324035645, "Agent3_Epoch30": 0.006055712699890137, "Agent4_Epoch30": 0.006056308746337891, "Agent0_Epoch31": 0.004225790500640869, "Agent1_Epoch31": 0.006056249141693115, "Agent2_Epoch31": 0.006055891513824463, "Agent3_Epoch31": 0.006056010723114014, "Agent4_Epoch31": 0.006055951118469238, "Agent0_Epoch32": 0.0042258501052856445, "Agent1_Epoch32": 0.006056308746337891, "Agent2_Epoch32": 0.006056249141693115, "Agent3_Epoch32": 0.0060561299324035645, "Agent4_Epoch32": 0.006056308746337891, "Agent0_Epoch33": 0.0042258501052856445, "Agent1_Epoch33": 0.006056308746337891, "Agent2_Epoch33": 0.006056427955627441, "Agent3_Epoch33": 0.006056368350982666, "Agent4_Epoch33": 0.006056368350982666, "Agent0_Epoch34": 0.0042258501052856445, "Agent1_Epoch34": 0.006056487560272217, "Agent2_Epoch34": 0.006056368350982666, "Agent3_Epoch34": 0.006056249141693115, "Agent4_Epoch34": 0.006056308746337891, "Agent0_Epoch35": 0.0042258501052856445, "Agent1_Epoch35": 0.006056368350982666, "Agent2_Epoch35": 0.006056308746337891, "Agent3_Epoch35": 0.006056308746337891, "Agent4_Epoch35": 0.006056427955627441, "Agent0_Epoch36": 0.0042258501052856445, "Agent1_Epoch36": 0.006056308746337891, "Agent2_Epoch36": 0.006056368350982666, "Agent3_Epoch36": 0.006056308746337891, "Agent4_Epoch36": 0.006056368350982666, "Agent0_Epoch37": 0.0042258501052856445, "Agent1_Epoch37": 0.006056368350982666, "Agent2_Epoch37": 0.006056249141693115, "Agent3_Epoch37": 0.006056368350982666, "Agent4_Epoch37": 0.006056308746337891, "Agent0_Epoch38": 0.004225969314575195, "Agent1_Epoch38": 0.006056368350982666, "Agent2_Epoch38": 0.006056427955627441, "Agent3_Epoch38": 0.006056427955627441, "Agent4_Epoch38": 0.006056427955627441, "Agent0_Epoch39": 0.004225969314575195, "Agent1_Epoch39": 0.006056427955627441, "Agent2_Epoch39": 0.006056368350982666, "Agent3_Epoch39": 0.006056368350982666, "Agent4_Epoch39": 0.006056427955627441, "Agent0_Epoch40": 0.004225969314575195, "Agent1_Epoch40": 0.006056427955627441, "Agent2_Epoch40": 0.006056427955627441, "Agent3_Epoch40": 0.006056427955627441, "Agent4_Epoch40": 0.006056427955627441, "Agent0_Epoch41": 0.0042258501052856445,