{"E1_agent0_norm": 2.1212961673736572, "E1_agent1_norm": 1.736011266708374, "E1_agent2_norm": 1.9902094602584839, "E1_agent3_norm": 1.6493654251098633, "E1_agent4_norm": 2.280566692352295, "E2_agent0_norm": 0.7833374738693237, "E2_agent1_norm": 0.8849191665649414, "E2_agent2_norm": 0.9892328977584839, "E2_agent3_norm": 0.8501830697059631, "E2_agent4_norm": 1.0220966339111328, "E3_agent0_norm": 0.6767221093177795, "E3_agent1_norm": 0.4770733416080475, "E3_agent2_norm": 0.5550496578216553, "E3_agent3_norm": 0.41304948925971985, "E3_agent4_norm": 0.621840238571167, "E4_agent0_norm": 0.44041773676872253, "E4_agent1_norm": 0.3875158131122589, "E4_agent2_norm": 0.41603466868400574, "E4_agent3_norm": 0.361926794052124, "E4_agent4_norm": 0.5489445924758911, "E5_agent0_norm": 0.3934100866317749, "E5_agent1_norm": 0.3267161250114441, "E5_agent2_norm": 0.3451579809188843, "E5_agent3_norm": 0.3928278684616089, "E5_agent4_norm": 0.4550205171108246, "E6_agent0_norm": 0.34010085463523865, "E6_agent1_norm": 0.2346334010362625, "E6_agent2_norm": 0.23425137996673584, "E6_agent3_norm": 0.19952456653118134, "E6_agent4_norm": 0.28137463331222534, "E7_agent0_norm": 0.2693006098270416, "E7_agent1_norm": 0.161075159907341, "E7_agent2_norm": 0.15752291679382324, "E7_agent3_norm": 0.15469470620155334, "E7_agent4_norm": 0.18688836693763733, "E8_agent0_norm": 0.25179341435432434, "E8_agent1_norm": 0.13498085737228394, "E8_agent2_norm": 0.14417554438114166, "E8_agent3_norm": 0.11720173060894012, "E8_agent4_norm": 0.1707499474287033, "E9_agent0_norm": 0.24927838146686554, "E9_agent1_norm": 0.11801634728908539, "E9_agent2_norm": 0.1261686086654663, "E9_agent3_norm": 0.11010504513978958, "E9_agent4_norm": 0.12329532206058502, "E10_agent0_norm": 0.21446333825588226, "E10_agent1_norm": 0.09651384502649307, "E10_agent2_norm": 0.09827793389558792, "E10_agent3_norm": 0.08794891834259033, "E10_agent4_norm": 0.0949724093079567, "E11_agent0_norm": 0.21508382260799408, "E11_agent1_norm": 0.07541728019714355, "E11_agent2_norm": 0.0852150097489357, "E11_agent3_norm": 0.07655555009841919, "E11_agent4_norm": 0.09215403348207474, "E12_agent0_norm": 0.04534650966525078, "E12_agent1_norm": 0.03375837206840515, "E12_agent2_norm": 0.034527286887168884, "E12_agent3_norm": 0.0407860204577446, "E12_agent4_norm": 0.03734246641397476, "E13_agent0_norm": 0.026279516518115997, "E13_agent1_norm": 0.02423105761408806, "E13_agent2_norm": 0.03358144313097, "E13_agent3_norm": 0.03353174030780792, "E13_agent4_norm": 0.025671085342764854, "E14_agent0_norm": 0.018029777333140373, "E14_agent1_norm": 0.017781374976038933, "E14_agent2_norm": 0.019382419064641, "E14_agent3_norm": 0.028031501919031143, "E14_agent4_norm": 0.018262432888150215, "E15_agent0_norm": 0.010429896414279938, "E15_agent1_norm": 0.010840659961104393, "E15_agent2_norm": 0.013611526228487492, "E15_agent3_norm": 0.010675603523850441, "E15_agent4_norm": 0.01162377092987299, "E16_agent0_norm": 0.008958018384873867, "E16_agent1_norm": 0.008152792230248451, "E16_agent2_norm": 0.00945807620882988, "E16_agent3_norm": 0.009110940620303154, "E16_agent4_norm": 0.015164786018431187, "E17_agent0_norm": 0.00746475113555789, "E17_agent1_norm": 0.007097545545548201, "E17_agent2_norm": 0.00736469030380249, "E17_agent3_norm": 0.010372907854616642, "E17_agent4_norm": 0.008787951432168484, "E18_agent0_norm": 0.0038360594771802425, "E18_agent1_norm": 0.004849195014685392, "E18_agent2_norm": 0.00419746246188879, "E18_agent3_norm": 0.004079671110957861, "E18_agent4_norm": 0.0051373643800616264, "E19_agent0_norm": 0.0031566694378852844, "E19_agent1_norm": 0.0028667945880442858, "E19_agent2_norm": 0.0035409554839134216, "E19_agent3_norm": 0.0033938256092369556, "E19_agent4_norm": 0.003919470589607954, "E20_agent0_norm": 0.002153431298211217, "E20_agent1_norm": 0.0024879653938114643, "E20_agent2_norm": 0.0026392354629933834, "E20_agent3_norm": 0.002923592459410429, "E20_agent4_norm": 0.002711353823542595, "E21_agent0_norm": 0.0016789482906460762, "E21_agent1_norm": 0.001761148334480822, "E21_agent2_norm": 0.0017770329723134637, "E21_agent3_norm": 0.0022678771056234837, "E21_agent4_norm": 0.0021092358510941267, "E22_agent0_norm": 0.0010732811642810702, "E22_agent1_norm": 0.0009982615010812879, "E22_agent2_norm": 0.0011709927348420024, "E22_agent3_norm": 0.0023724723141640425, "E22_agent4_norm": 0.0011135931126773357, "E23_agent0_norm": 0.000811440113466233, "E23_agent1_norm": 0.0008379627834074199, "E23_agent2_norm": 0.000755220593418926, "E23_agent3_norm": 0.0013304396998137236, "E23_agent4_norm": 0.0008693205309100449, "E24_agent0_norm": 0.0006099346792325377, "E24_agent1_norm": 0.0006866328185424209, "E24_agent2_norm": 0.0005948980106040835, "E24_agent3_norm": 0.0006797927198931575, "E24_agent4_norm": 0.0007909676642157137, "E25_agent0_norm": 0.00041546201100572944, "E25_agent1_norm": 0.0003891039814334363, "E25_agent2_norm": 0.000515030522365123, "E25_agent3_norm": 0.0008568105404265225, "E25_agent4_norm": 0.0004796518769580871, "E26_agent0_norm": 0.0003050906816497445, "E26_agent1_norm": 0.00033996152342297137, "E26_agent2_norm": 0.00032085677958093584, "E26_agent3_norm": 0.00043071870459243655, "E26_agent4_norm": 0.0004886831738986075, "E27_agent0_norm": 0.00018113019177690148, "E27_agent1_norm": 0.00018331246974412352, "E27_agent2_norm": 0.0003254662733525038, "E27_agent3_norm": 0.0002758698246907443, "E27_agent4_norm": 0.00020131331984885037, "E28_agent0_norm": 0.00012818421237170696, "E28_agent1_norm": 0.00014347484102472663, "E28_agent2_norm": 0.00018800758698489517, "E28_agent3_norm": 0.000161918462254107, "E28_agent4_norm": 0.00022391683887690306, "E29_agent0_norm": 0.00010192285117227584, "E29_agent1_norm": 9.287284774472937e-05, "E29_agent2_norm": 0.00011291293048998341, "E29_agent3_norm": 0.00014274579007178545, "E29_agent4_norm": 0.00011397791240597144, "E30_agent0_norm": 6.909449439262971e-05, "E30_agent1_norm": 6.613283767364919e-05, "E30_agent2_norm": 6.981868500588462e-05, "E30_agent3_norm": 7.637086673639715e-05, "E30_agent4_norm": 9.27804721868597e-05, "E31_agent0_norm": 5.0976119382539764e-05, "E31_agent1_norm": 4.7382018237840384e-05, "E31_agent2_norm": 5.899908137507737e-05, "E31_agent3_norm": 7.862911297706887e-05, "E31_agent4_norm": 6.154615402920172e-05, "E32_agent0_norm": 3.4283009881619364e-05, "E32_agent1_norm": 3.705538983922452e-05, "E32_agent2_norm": 3.118598033324815e-05, "E32_agent3_norm": 5.993902595946565e-05, "E32_agent4_norm": 3.814265437540598e-05, "E33_agent0_norm": 2.6903357138508e-05, "E33_agent1_norm": 2.7185838916921057e-05, "E33_agent2_norm": 3.127193485852331e-05, "E33_agent3_norm": 4.461144999368116e-05, "E33_agent4_norm": 3.783713691518642e-05, "E34_agent0_norm": 1.6443505955976434e-05, "E34_agent1_norm": 1.4821460354141891e-05, "E34_agent2_norm": 1.6735704775783233e-05, "E34_agent3_norm": 1.690208591753617e-05, "E34_agent4_norm": 2.614959521451965e-05, "E35_agent0_norm": 1.2671664990193676e-05, "E35_agent1_norm": 1.067300127033377e-05, "E35_agent2_norm": 1.4925368304830045e-05, "E35_agent3_norm": 1.5994866771507077e-05, "E35_agent4_norm": 1.684713970462326e-05, "E36_agent0_norm": 8.100199920590967e-06, "E36_agent1_norm": 7.69483176554786e-06, "E36_agent2_norm": 8.350087227881886e-06, "E36_agent3_norm": 1.2213140507810749e-05, "E36_agent4_norm": 1.1479629392852075e-05, "E37_agent0_norm": 6.115118594607338e-06, "E37_agent1_norm": 6.233115982468007e-06, "E37_agent2_norm": 5.8584651014825795e-06, "E37_agent3_norm": 9.91639171843417e-06, "E37_agent4_norm": 6.8069084591115825e-06, "E38_agent0_norm": 4.152873316343175e-06, "E38_agent1_norm": 4.096978500456316e-06, "E38_agent2_norm": 4.694486051448621e-06, "E38_agent3_norm": 6.663216481683776e-06, "E38_agent4_norm": 4.8555853027210105e-06, "E39_agent0_norm": 3.271189370934735e-06, "E39_agent1_norm": 3.4371516903775046e-06, "E39_agent2_norm": 3.7513557344937e-06, "E39_agent3_norm": 5.9149638218514156e-06, "E39_agent4_norm": 4.136424649914261e-06,