{"Agent0_Epoch1": 0.2897544503211975, "Agent1_Epoch1": 0.29448872804641724, "Agent2_Epoch1": 0.99769526720047, "Agent3_Epoch1": 0.9935717582702637, "Agent4_Epoch1": 0.9948922991752625, "Agent0_Epoch2": 0.057749032974243164, "Agent1_Epoch2": 0.29148799180984497, "Agent2_Epoch2": 0.29849278926849365, "Agent3_Epoch2": 0.29520338773727417, "Agent4_Epoch2": 0.30569761991500854, "Agent0_Epoch3": 0.033606767654418945, "Agent1_Epoch3": 0.13323098421096802, "Agent2_Epoch3": 0.13542252779006958, "Agent3_Epoch3": 0.12799137830734253, "Agent4_Epoch3": 0.13455075025558472, "Agent0_Epoch4": 0.020681798458099365, "Agent1_Epoch4": 0.0635109543800354, "Agent2_Epoch4": 0.0670899748802185, "Agent3_Epoch4": 0.06402641534805298, "Agent4_Epoch4": 0.06681102514266968, "Agent0_Epoch5": 0.013693094253540039, "Agent1_Epoch5": 0.033294618129730225, "Agent2_Epoch5": 0.03322941064834595, "Agent3_Epoch5": 0.03040945529937744, "Agent4_Epoch5": 0.03403949737548828, "Agent0_Epoch6": 0.00923454761505127, "Agent1_Epoch6": 0.018689453601837158, "Agent2_Epoch6": 0.01859050989151001, "Agent3_Epoch6": 0.01922917366027832, "Agent4_Epoch6": 0.01893031597137451, "Agent0_Epoch7": 0.006442844867706299, "Agent1_Epoch7": 0.011284291744232178, "Agent2_Epoch7": 0.01167529821395874, "Agent3_Epoch7": 0.0114823579788208, "Agent4_Epoch7": 0.012435197830200195, "Agent0_Epoch8": 0.004889130592346191, "Agent1_Epoch8": 0.007645606994628906, "Agent2_Epoch8": 0.007553279399871826, "Agent3_Epoch8": 0.007673144340515137, "Agent4_Epoch8": 0.007564544677734375, "Agent0_Epoch9": 0.003811359405517578, "Agent1_Epoch9": 0.005452096462249756, "Agent2_Epoch9": 0.005438268184661865, "Agent3_Epoch9": 0.005448877811431885, "Agent4_Epoch9": 0.005490481853485107, "Agent0_Epoch10": 0.003918111324310303, "Agent1_Epoch10": 0.0055994391441345215, "Agent2_Epoch10": 0.005691170692443848, "Agent3_Epoch10": 0.005614280700683594, "Agent4_Epoch10": 0.005767166614532471, "Agent0_Epoch11": 0.004028499126434326, "Agent1_Epoch11": 0.005749046802520752, "Agent2_Epoch11": 0.005693256855010986, "Agent3_Epoch11": 0.005789637565612793, "Agent4_Epoch11": 0.005855977535247803, "Agent0_Epoch12": 0.004083693027496338, "Agent1_Epoch12": 0.0058249831199646, "Agent2_Epoch12": 0.005755364894866943, "Agent3_Epoch12": 0.0057593584060668945, "Agent4_Epoch12": 0.0057375431060791016, "Agent0_Epoch13": 0.004118382930755615, "Agent1_Epoch13": 0.005871891975402832, "Agent2_Epoch13": 0.005978405475616455, "Agent3_Epoch13": 0.005812108516693115, "Agent4_Epoch13": 0.005802571773529053, "Agent0_Epoch14": 0.004151821136474609, "Agent1_Epoch14": 0.0059182047843933105, "Agent2_Epoch14": 0.005913197994232178, "Agent3_Epoch14": 0.00596088171005249, "Agent4_Epoch14": 0.005890607833862305, "Agent0_Epoch15": 0.004177868366241455, "Agent1_Epoch15": 0.005953788757324219, "Agent2_Epoch15": 0.0058928728103637695, "Agent3_Epoch15": 0.005979359149932861, "Agent4_Epoch15": 0.005928456783294678, "Agent0_Epoch16": 0.0041961669921875, "Agent1_Epoch16": 0.005978822708129883, "Agent2_Epoch16": 0.005952894687652588, "Agent3_Epoch16": 0.005971670150756836, "Agent4_Epoch16": 0.00590968132019043, "Agent0_Epoch17": 0.00419992208480835, "Agent1_Epoch17": 0.005983471870422363, "Agent2_Epoch17": 0.005972504615783691, "Agent3_Epoch17": 0.005991697311401367, "Agent4_Epoch17": 0.005976736545562744, "Agent0_Epoch18": 0.004203200340270996, "Agent1_Epoch18": 0.005987882614135742, "Agent2_Epoch18": 0.005990028381347656, "Agent3_Epoch18": 0.005983948707580566, "Agent4_Epoch18": 0.005958676338195801, "Agent0_Epoch19": 0.004204928874969482, "Agent1_Epoch19": 0.005990028381347656, "Agent2_Epoch19": 0.005993247032165527, "Agent3_Epoch19": 0.005988478660583496, "Agent4_Epoch19": 0.005987226963043213, "Agent0_Epoch20": 0.004209697246551514, "Agent1_Epoch20": 0.005996525287628174, "Agent2_Epoch20": 0.006000399589538574, "Agent3_Epoch20": 0.005996763706207275, "Agent4_Epoch20": 0.0059893131256103516, "Agent0_Epoch21": 0.004217028617858887, "Agent1_Epoch21": 0.006006598472595215, "Agent2_Epoch21": 0.006003737449645996, "Agent3_Epoch21": 0.005998194217681885, "Agent4_Epoch21": 0.005984842777252197, "Agent0_Epoch22": 0.004215419292449951, "Agent1_Epoch22": 0.00600433349609375, "Agent2_Epoch22": 0.006001591682434082, "Agent3_Epoch22": 0.006009817123413086, "Agent4_Epoch22": 0.005999743938446045, "Agent0_Epoch23": 0.004217088222503662, "Agent1_Epoch23": 0.006006598472595215, "Agent2_Epoch23": 0.006001889705657959, "Agent3_Epoch23": 0.00601273775100708, "Agent4_Epoch23": 0.006003737449645996, "Agent0_Epoch24": 0.004218399524688721, "Agent1_Epoch24": 0.006008148193359375, "Agent2_Epoch24": 0.006006360054016113, "Agent3_Epoch24": 0.006009876728057861, "Agent4_Epoch24": 0.006005823612213135, "Agent0_Epoch25": 0.004218995571136475, "Agent1_Epoch25": 0.006009101867675781, "Agent2_Epoch25": 0.00600820779800415, "Agent3_Epoch25": 0.006010115146636963, "Agent4_Epoch25": 0.006007552146911621, "Agent0_Epoch26": 0.004219174385070801, "Agent1_Epoch26": 0.006009459495544434, "Agent2_Epoch26": 0.006008803844451904, "Agent3_Epoch26": 0.006010890007019043, "Agent4_Epoch26": 0.006009876728057861, "Agent0_Epoch27": 0.0042198896408081055, "Agent1_Epoch27": 0.00601041316986084, "Agent2_Epoch27": 0.006009101867675781, "Agent3_Epoch27": 0.006010115146636963, "Agent4_Epoch27": 0.006009101867675781, "Agent0_Epoch28": 0.004220008850097656, "Agent1_Epoch28": 0.00601041316986084, "Agent2_Epoch28": 0.0060097575187683105, "Agent3_Epoch28": 0.006011903285980225, "Agent4_Epoch28": 0.006009340286254883, "Agent0_Epoch29": 0.004220128059387207, "Agent1_Epoch29": 0.006010532379150391, "Agent2_Epoch29": 0.006010949611663818, "Agent3_Epoch29": 0.006010770797729492, "Agent4_Epoch29": 0.006010293960571289, "Agent0_Epoch30": 0.004220306873321533, "Agent1_Epoch30": 0.006010830402374268, "Agent2_Epoch30": 0.006011068820953369, "Agent3_Epoch30": 0.006011068820953369, "Agent4_Epoch30": 0.006010532379150391, "Agent0_Epoch31": 0.004220426082611084, "Agent1_Epoch31": 0.006011009216308594, "Agent2_Epoch31": 0.006010830402374268, "Agent3_Epoch31": 0.006010711193084717, "Agent4_Epoch31": 0.006010770797729492, "Agent0_Epoch32": 0.004220485687255859, "Agent1_Epoch32": 0.006010949611663818, "Agent2_Epoch32": 0.006010949611663818, "Agent3_Epoch32": 0.006010949611663818, "Agent4_Epoch32": 0.006010890007019043, "Agent0_Epoch33": 0.004220426082611084, "Agent1_Epoch33": 0.0060111284255981445, "Agent2_Epoch33": 0.006011009216308594, "Agent3_Epoch33": 0.006010949611663818, "Agent4_Epoch33": 0.006011009216308594, "Agent0_Epoch34": 0.004220426082611084, "Agent1_Epoch34": 0.006011068820953369, "Agent2_Epoch34": 0.0060111284255981445, "Agent3_Epoch34": 0.006011009216308594, "Agent4_Epoch34": 0.0060111284255981445, "Agent0_Epoch35": 0.004220485687255859, "Agent1_Epoch35": 0.0060111284255981445, "Agent2_Epoch35": 0.00601118803024292, "Agent3_Epoch35": 0.006011068820953369, "Agent4_Epoch35": 0.006011009216308594, "Agent0_Epoch36": 0.00422060489654541, "Agent1_Epoch36": 0.006011247634887695, "Agent2_Epoch36": 0.006011247634887695, "Agent3_Epoch36": 0.006011247634887695, "Agent4_Epoch36": 0.006011247634887695, "Agent0_Epoch37": 0.00422060489654541, "Agent1_Epoch37": 0.006011247634887695, "Agent2_Epoch37": 0.006011247634887695, "Agent3_Epoch37": 0.006011307239532471, "Agent4_Epoch37": 0.006011247634887695, "Agent0_Epoch38": 0.00422060489654541, "Agent1_Epoch38": 0.006011307239532471, "Agent2_Epoch38": 0.006011247634887695, "Agent3_Epoch38": 0.006011307239532471, "Agent4_Epoch38": 0.006011247634887695, "Agent0_Epoch39": 0.00422060489654541, "Agent1_Epoch39": 0.006011247634887695, "Agent2_Epoch39": 0.006011247634887695, "Agent3_Epoch39": 0.006011247634887695, "Agent4_Epoch39": 0.0060111284255981445, "Agent0_Epoch40": 0.00422060489654541, "Agent1_Epoch40": 0.0060111284255981445, "Agent2_Epoch40": 0.0060111284255981445, "Agent3_Epoch40": 0.0060111284255981445, "Agent4_Epoch40": 0.0060111284255981445, "Agent0_Epoch41": 0.00422060489654541, "Agent1_Epoch41": 0.00601118803024292,