{"Agent0_Epoch1": 0.28755778074264526, "Agent1_Epoch1": 0.29132312536239624, "Agent2_Epoch1": 0.9882306456565857, "Agent3_Epoch1": 0.9985740184783936, "Agent4_Epoch1": 0.9910941123962402, "Agent0_Epoch2": 0.057470738887786865, "Agent1_Epoch2": 0.2864905595779419, "Agent2_Epoch2": 0.2934521436691284, "Agent3_Epoch2": 0.29174578189849854, "Agent4_Epoch2": 0.3044901490211487, "Agent0_Epoch3": 0.0334588885307312, "Agent1_Epoch3": 0.13296639919281006, "Agent2_Epoch3": 0.1319211721420288, "Agent3_Epoch3": 0.1374518871307373, "Agent4_Epoch3": 0.1339157223701477, "Agent0_Epoch4": 0.02063089609146118, "Agent1_Epoch4": 0.06261348724365234, "Agent2_Epoch4": 0.06384718418121338, "Agent3_Epoch4": 0.06080430746078491, "Agent4_Epoch4": 0.06814050674438477, "Agent0_Epoch5": 0.013322532176971436, "Agent1_Epoch5": 0.0322529673576355, "Agent2_Epoch5": 0.03168630599975586, "Agent3_Epoch5": 0.03222304582595825, "Agent4_Epoch5": 0.0362887978553772, "Agent0_Epoch6": 0.009035825729370117, "Agent1_Epoch6": 0.018210887908935547, "Agent2_Epoch6": 0.018499374389648438, "Agent3_Epoch6": 0.017708957195281982, "Agent4_Epoch6": 0.020762920379638672, "Agent0_Epoch7": 0.006619930267333984, "Agent1_Epoch7": 0.011544346809387207, "Agent2_Epoch7": 0.011491775512695312, "Agent3_Epoch7": 0.010928332805633545, "Agent4_Epoch7": 0.011497437953948975, "Agent0_Epoch8": 0.004792988300323486, "Agent1_Epoch8": 0.007470905780792236, "Agent2_Epoch8": 0.007689177989959717, "Agent3_Epoch8": 0.007202565670013428, "Agent4_Epoch8": 0.00833672285079956, "Agent0_Epoch9": 0.0037755370140075684, "Agent1_Epoch9": 0.005389213562011719, "Agent2_Epoch9": 0.005624651908874512, "Agent3_Epoch9": 0.005213677883148193, "Agent4_Epoch9": 0.00575864315032959, "Agent0_Epoch10": 0.0038860440254211426, "Agent1_Epoch10": 0.005536794662475586, "Agent2_Epoch10": 0.0056084394454956055, "Agent3_Epoch10": 0.005560874938964844, "Agent4_Epoch10": 0.005923748016357422, "Agent0_Epoch11": 0.0039044618606567383, "Agent1_Epoch11": 0.005558311939239502, "Agent2_Epoch11": 0.0057912468910217285, "Agent3_Epoch11": 0.00550687313079834, "Agent4_Epoch11": 0.006095528602600098, "Agent0_Epoch12": 0.004005491733551025, "Agent1_Epoch12": 0.0056986212730407715, "Agent2_Epoch12": 0.005795836448669434, "Agent3_Epoch12": 0.005697667598724365, "Agent4_Epoch12": 0.006038248538970947, "Agent0_Epoch13": 0.004056215286254883, "Agent1_Epoch13": 0.00576859712600708, "Agent2_Epoch13": 0.005855560302734375, "Agent3_Epoch13": 0.005678236484527588, "Agent4_Epoch13": 0.006093442440032959, "Agent0_Epoch14": 0.004122793674468994, "Agent1_Epoch14": 0.005861878395080566, "Agent2_Epoch14": 0.005791366100311279, "Agent3_Epoch14": 0.005748927593231201, "Agent4_Epoch14": 0.00600820779800415, "Agent0_Epoch15": 0.004135429859161377, "Agent1_Epoch15": 0.005879044532775879, "Agent2_Epoch15": 0.0058762431144714355, "Agent3_Epoch15": 0.005835354328155518, "Agent4_Epoch15": 0.005976080894470215, "Agent0_Epoch16": 0.004149079322814941, "Agent1_Epoch16": 0.0058966875076293945, "Agent2_Epoch16": 0.0059157609939575195, "Agent3_Epoch16": 0.005863547325134277, "Agent4_Epoch16": 0.005988061428070068, "Agent0_Epoch17": 0.004162311553955078, "Agent1_Epoch17": 0.00591510534286499, "Agent2_Epoch17": 0.005906522274017334, "Agent3_Epoch17": 0.005887210369110107, "Agent4_Epoch17": 0.006025493144989014, "Agent0_Epoch18": 0.004179716110229492, "Agent1_Epoch18": 0.005939662456512451, "Agent2_Epoch18": 0.0059462785720825195, "Agent3_Epoch18": 0.005907833576202393, "Agent4_Epoch18": 0.005990386009216309, "Agent0_Epoch19": 0.004179716110229492, "Agent1_Epoch19": 0.005938887596130371, "Agent2_Epoch19": 0.0059528350830078125, "Agent3_Epoch19": 0.005938231945037842, "Agent4_Epoch19": 0.0059770941734313965, "Agent0_Epoch20": 0.0041847825050354, "Agent1_Epoch20": 0.005946218967437744, "Agent2_Epoch20": 0.005952119827270508, "Agent3_Epoch20": 0.005943596363067627, "Agent4_Epoch20": 0.005966007709503174, "Agent0_Epoch21": 0.004188060760498047, "Agent1_Epoch21": 0.005950570106506348, "Agent2_Epoch21": 0.00595402717590332, "Agent3_Epoch21": 0.005939841270446777, "Agent4_Epoch21": 0.005968332290649414, "Agent0_Epoch22": 0.004188716411590576, "Agent1_Epoch22": 0.005951344966888428, "Agent2_Epoch22": 0.005959153175354004, "Agent3_Epoch22": 0.005952954292297363, "Agent4_Epoch22": 0.0059773921966552734, "Agent0_Epoch23": 0.0041907429695129395, "Agent1_Epoch23": 0.005954265594482422, "Agent2_Epoch23": 0.005961418151855469, "Agent3_Epoch23": 0.005957961082458496, "Agent4_Epoch23": 0.005969405174255371, "Agent0_Epoch24": 0.0041939616203308105, "Agent1_Epoch24": 0.005958437919616699, "Agent2_Epoch24": 0.005960524082183838, "Agent3_Epoch24": 0.0059555768966674805, "Agent4_Epoch24": 0.005964994430541992, "Agent0_Epoch25": 0.004194140434265137, "Agent1_Epoch25": 0.005958914756774902, "Agent2_Epoch25": 0.005959868431091309, "Agent3_Epoch25": 0.005956411361694336, "Agent4_Epoch25": 0.005963921546936035, "Agent0_Epoch26": 0.00419461727142334, "Agent1_Epoch26": 0.0059593915939331055, "Agent2_Epoch26": 0.0059601664543151855, "Agent3_Epoch26": 0.00595933198928833, "Agent4_Epoch26": 0.005962491035461426, "Agent0_Epoch27": 0.004194736480712891, "Agent1_Epoch27": 0.005959749221801758, "Agent2_Epoch27": 0.005960047245025635, "Agent3_Epoch27": 0.00596010684967041, "Agent4_Epoch27": 0.005962371826171875, "Agent0_Epoch28": 0.004194855690002441, "Agent1_Epoch28": 0.005959749221801758, "Agent2_Epoch28": 0.005961418151855469, "Agent3_Epoch28": 0.00596010684967041, "Agent4_Epoch28": 0.005962729454040527, "Agent0_Epoch29": 0.004195451736450195, "Agent1_Epoch29": 0.005960702896118164, "Agent2_Epoch29": 0.00596088171005249, "Agent3_Epoch29": 0.005960345268249512, "Agent4_Epoch29": 0.005961418151855469, "Agent0_Epoch30": 0.004195451736450195, "Agent1_Epoch30": 0.005960643291473389, "Agent2_Epoch30": 0.005961418151855469, "Agent3_Epoch30": 0.005961060523986816, "Agent4_Epoch30": 0.0059615373611450195, "Agent0_Epoch31": 0.004195451736450195, "Agent1_Epoch31": 0.0059607625007629395, "Agent2_Epoch31": 0.005961000919342041, "Agent3_Epoch31": 0.0059607625007629395, "Agent4_Epoch31": 0.005961477756500244, "Agent0_Epoch32": 0.004195570945739746, "Agent1_Epoch32": 0.0059607625007629395, "Agent2_Epoch32": 0.005961060523986816, "Agent3_Epoch32": 0.005961000919342041, "Agent4_Epoch32": 0.005961358547210693, "Agent0_Epoch33": 0.0041956305503845215, "Agent1_Epoch33": 0.005960941314697266, "Agent2_Epoch33": 0.005961239337921143, "Agent3_Epoch33": 0.005960941314697266, "Agent4_Epoch33": 0.005961358547210693, "Agent0_Epoch34": 0.004195749759674072, "Agent1_Epoch34": 0.005961060523986816, "Agent2_Epoch34": 0.00596088171005249, "Agent3_Epoch34": 0.005961060523986816, "Agent4_Epoch34": 0.005961179733276367, "Agent0_Epoch35": 0.004195749759674072, "Agent1_Epoch35": 0.005960822105407715, "Agent2_Epoch35": 0.005960941314697266, "Agent3_Epoch35": 0.005960941314697266, "Agent4_Epoch35": 0.005961120128631592, "Agent0_Epoch36": 0.004195749759674072, "Agent1_Epoch36": 0.005960941314697266, "Agent2_Epoch36": 0.005960941314697266, "Agent3_Epoch36": 0.005960941314697266, "Agent4_Epoch36": 0.005961120128631592, "Agent0_Epoch37": 0.004195749759674072, "Agent1_Epoch37": 0.005961120128631592, "Agent2_Epoch37": 0.00596088171005249, "Agent3_Epoch37": 0.005960941314697266, "Agent4_Epoch37": 0.005961060523986816, "Agent0_Epoch38": 0.004195749759674072, "Agent1_Epoch38": 0.005961000919342041, "Agent2_Epoch38": 0.005961120128631592, "Agent3_Epoch38": 0.005961000919342041, "Agent4_Epoch38": 0.005961120128631592, "Agent0_Epoch39": 0.004195749759674072, "Agent1_Epoch39": 0.005961000919342041, "Agent2_Epoch39": 0.005961000919342041, "Agent3_Epoch39": 0.005961000919342041, "Agent4_Epoch39": 0.005961120128631592, "Agent0_Epoch40": 0.004195749759674072, "Agent1_Epoch40": 0.005961000919342041, "Agent2_Epoch40": 0.005961179733276367, "Agent3_Epoch40": 0.005961000919342041, "Agent4_Epoch40": 0.005961179733276367, "Agent0_Epoch41": 0.004195749759674072,