{"E1_agent0_norm": 2.1902413368225098, "E1_agent1_norm": 2.0515975952148438, "E1_agent2_norm": 2.1636250019073486, "E1_agent3_norm": 1.8928523063659668, "E1_agent4_norm": 2.3542919158935547, "E2_agent0_norm": 1.1058542728424072, "E2_agent1_norm": 0.9994938969612122, "E2_agent2_norm": 0.9800014495849609, "E2_agent3_norm": 1.0027446746826172, "E2_agent4_norm": 1.2884290218353271, "E3_agent0_norm": 0.5668350458145142, "E3_agent1_norm": 0.5111111998558044, "E3_agent2_norm": 0.5452808141708374, "E3_agent3_norm": 0.514651358127594, "E3_agent4_norm": 0.5380539894104004, "E4_agent0_norm": 0.5227833986282349, "E4_agent1_norm": 0.320823073387146, "E4_agent2_norm": 0.3051440417766571, "E4_agent3_norm": 0.32835474610328674, "E4_agent4_norm": 0.4995619058609009, "E5_agent0_norm": 0.34383729100227356, "E5_agent1_norm": 0.23492810130119324, "E5_agent2_norm": 0.2728874981403351, "E5_agent3_norm": 0.22746872901916504, "E5_agent4_norm": 0.27402400970458984, "E6_agent0_norm": 0.33565130829811096, "E6_agent1_norm": 0.19463461637496948, "E6_agent2_norm": 0.20757347345352173, "E6_agent3_norm": 0.18399161100387573, "E6_agent4_norm": 0.23958654701709747, "E7_agent0_norm": 0.26097211241722107, "E7_agent1_norm": 0.1551733762025833, "E7_agent2_norm": 0.16648195683956146, "E7_agent3_norm": 0.1465449035167694, "E7_agent4_norm": 0.17265093326568604, "E8_agent0_norm": 0.2774483859539032, "E8_agent1_norm": 0.12510734796524048, "E8_agent2_norm": 0.12993746995925903, "E8_agent3_norm": 0.11399679630994797, "E8_agent4_norm": 0.17337776720523834, "E9_agent0_norm": 0.24901142716407776, "E9_agent1_norm": 0.11674302816390991, "E9_agent2_norm": 0.11525321006774902, "E9_agent3_norm": 0.09986445307731628, "E9_agent4_norm": 0.09852339327335358, "E10_agent0_norm": 0.21665821969509125, "E10_agent1_norm": 0.08001971989870071, "E10_agent2_norm": 0.08445660769939423, "E10_agent3_norm": 0.07342914491891861, "E10_agent4_norm": 0.10552548617124557, "E11_agent0_norm": 0.04634954407811165, "E11_agent1_norm": 0.048365816473960876, "E11_agent2_norm": 0.03574775531888008, "E11_agent3_norm": 0.053551435470581055, "E11_agent4_norm": 0.049036383628845215, "E12_agent0_norm": 0.030096014961600304, "E12_agent1_norm": 0.03311467915773392, "E12_agent2_norm": 0.026579206809401512, "E12_agent3_norm": 0.04115985706448555, "E12_agent4_norm": 0.029655713587999344, "E13_agent0_norm": 0.023737912997603416, "E13_agent1_norm": 0.020793253555893898, "E13_agent2_norm": 0.021526791155338287, "E13_agent3_norm": 0.03710789978504181, "E13_agent4_norm": 0.03794174641370773, "E14_agent0_norm": 0.014719194732606411, "E14_agent1_norm": 0.015064576640725136, "E14_agent2_norm": 0.01542352419346571, "E14_agent3_norm": 0.02027704566717148, "E14_agent4_norm": 0.024078644812107086, "E15_agent0_norm": 0.01038032304495573, "E15_agent1_norm": 0.010023805312812328, "E15_agent2_norm": 0.010395164601504803, "E15_agent3_norm": 0.01680673658847809, "E15_agent4_norm": 0.010734129697084427, "E16_agent0_norm": 0.007841917686164379, "E16_agent1_norm": 0.010185813531279564, "E16_agent2_norm": 0.0072687952779233456, "E16_agent3_norm": 0.010064128786325455, "E16_agent4_norm": 0.008148791268467903, "E17_agent0_norm": 0.006062576547265053, "E17_agent1_norm": 0.00577086117118597, "E17_agent2_norm": 0.0064162639901041985, "E17_agent3_norm": 0.012781623750925064, "E17_agent4_norm": 0.007980285212397575, "E18_agent0_norm": 0.004036576487123966, "E18_agent1_norm": 0.0037530299741774797, "E18_agent2_norm": 0.004504299256950617, "E18_agent3_norm": 0.007308531552553177, "E18_agent4_norm": 0.004736974835395813, "E19_agent0_norm": 0.0027228007093071938, "E19_agent1_norm": 0.002636971417814493, "E19_agent2_norm": 0.002779740374535322, "E19_agent3_norm": 0.004499037750065327, "E19_agent4_norm": 0.003984523005783558, "E20_agent0_norm": 0.001850954140536487, "E20_agent1_norm": 0.0021363943815231323, "E20_agent2_norm": 0.001873797969892621, "E20_agent3_norm": 0.002900697523728013, "E20_agent4_norm": 0.0025696426164358854, "E21_agent0_norm": 0.0012342538684606552, "E21_agent1_norm": 0.0014878329820930958, "E21_agent2_norm": 0.001432101591490209, "E21_agent3_norm": 0.0016566821141168475, "E21_agent4_norm": 0.001615201705135405, "E22_agent0_norm": 0.0010379105806350708, "E22_agent1_norm": 0.001343547715805471, "E22_agent2_norm": 0.0011012769537046552, "E22_agent3_norm": 0.0022628929000347853, "E22_agent4_norm": 0.0012044309405609965, "E23_agent0_norm": 0.0006608801777474582, "E23_agent1_norm": 0.0007106350967660546, "E23_agent2_norm": 0.0006689404835924506, "E23_agent3_norm": 0.0009734537452459335, "E23_agent4_norm": 0.0010137457866221666, "E24_agent0_norm": 0.0004741565207950771, "E24_agent1_norm": 0.00048089210758917034, "E24_agent2_norm": 0.0005143792950548232, "E24_agent3_norm": 0.0006792112835682929, "E24_agent4_norm": 0.0006425270112231374, "E25_agent0_norm": 0.0003777106467168778, "E25_agent1_norm": 0.00036916459794156253, "E25_agent2_norm": 0.00045343503006733954, "E25_agent3_norm": 0.0007553931209258735, "E25_agent4_norm": 0.0004787392099387944}