{"E1_agent0_norm": 2.08414626121521, "E1_agent1_norm": 2.2395553588867188, "E1_agent2_norm": 2.074662446975708, "E1_agent3_norm": 2.2226381301879883, "E1_agent4_norm": 2.340280294418335, "E2_agent0_norm": 0.9159448146820068, "E2_agent1_norm": 0.9829088449478149, "E2_agent2_norm": 1.136164903640747, "E2_agent3_norm": 1.1321253776550293, "E2_agent4_norm": 1.1410365104675293, "E3_agent0_norm": 0.6599376797676086, "E3_agent1_norm": 0.4555092453956604, "E3_agent2_norm": 0.46011659502983093, "E3_agent3_norm": 0.3872237801551819, "E3_agent4_norm": 0.5053930282592773, "E4_agent0_norm": 0.34118735790252686, "E4_agent1_norm": 0.36919790506362915, "E4_agent2_norm": 0.3774983584880829, "E4_agent3_norm": 0.28324034810066223, "E4_agent4_norm": 0.4176308512687683, "E5_agent0_norm": 0.35577550530433655, "E5_agent1_norm": 0.2691756784915924, "E5_agent2_norm": 0.2797941267490387, "E5_agent3_norm": 0.20886610448360443, "E5_agent4_norm": 0.30924421548843384, "E6_agent0_norm": 0.3692157566547394, "E6_agent1_norm": 0.19204893708229065, "E6_agent2_norm": 0.20592929422855377, "E6_agent3_norm": 0.18874050676822662, "E6_agent4_norm": 0.24188876152038574, "E7_agent0_norm": 0.29960551857948303, "E7_agent1_norm": 0.17709709703922272, "E7_agent2_norm": 0.17314742505550385, "E7_agent3_norm": 0.14584222435951233, "E7_agent4_norm": 0.1850450187921524, "E8_agent0_norm": 0.2550748288631439, "E8_agent1_norm": 0.13846591114997864, "E8_agent2_norm": 0.12865030765533447, "E8_agent3_norm": 0.11202487349510193, "E8_agent4_norm": 0.1212359368801117, "E9_agent0_norm": 0.25843915343284607, "E9_agent1_norm": 0.10035314410924911, "E9_agent2_norm": 0.09599117934703827, "E9_agent3_norm": 0.09733383357524872, "E9_agent4_norm": 0.11013844609260559, "E10_agent0_norm": 0.05596460774540901, "E10_agent1_norm": 0.0655214786529541, "E10_agent2_norm": 0.0747455358505249, "E10_agent3_norm": 0.054883260279893875, "E10_agent4_norm": 0.047182224690914154, "E11_agent0_norm": 0.038799356669187546, "E11_agent1_norm": 0.03968184068799019, "E11_agent2_norm": 0.040507763624191284, "E11_agent3_norm": 0.036122143268585205, "E11_agent4_norm": 0.04143502563238144, "E12_agent0_norm": 0.028080446645617485, "E12_agent1_norm": 0.026288103312253952, "E12_agent2_norm": 0.043050616979599, "E12_agent3_norm": 0.038815125823020935, "E12_agent4_norm": 0.040601566433906555, "E13_agent0_norm": 0.0190525371581316, "E13_agent1_norm": 0.02061525359749794, "E13_agent2_norm": 0.024128764867782593, "E13_agent3_norm": 0.019114861264824867, "E13_agent4_norm": 0.026803474873304367, "E14_agent0_norm": 0.013151989318430424, "E14_agent1_norm": 0.0168962050229311, "E14_agent2_norm": 0.022399788722395897, "E14_agent3_norm": 0.01577138900756836, "E14_agent4_norm": 0.021044613793492317, "E15_agent0_norm": 0.010225753299891949, "E15_agent1_norm": 0.011831794865429401, "E15_agent2_norm": 0.013925047591328621, "E15_agent3_norm": 0.012878778390586376, "E15_agent4_norm": 0.013718903996050358, "E16_agent0_norm": 0.007102344185113907, "E16_agent1_norm": 0.007851091213524342, "E16_agent2_norm": 0.0080425925552845, "E16_agent3_norm": 0.008282043039798737, "E16_agent4_norm": 0.008614047430455685, "E17_agent0_norm": 0.006090184673666954, "E17_agent1_norm": 0.00793831329792738, "E17_agent2_norm": 0.0082727475091815, "E17_agent3_norm": 0.010464221239089966, "E17_agent4_norm": 0.00982730183750391, "E18_agent0_norm": 0.0033836381044238806, "E18_agent1_norm": 0.003177296370267868, "E18_agent2_norm": 0.0042232945561409, "E18_agent3_norm": 0.004305045586079359, "E18_agent4_norm": 0.00532380910590291, "E19_agent0_norm": 0.002529596444219351, "E19_agent1_norm": 0.002702913014218211, "E19_agent2_norm": 0.004022826440632343, "E19_agent3_norm": 0.0028908897656947374, "E19_agent4_norm": 0.0053685386665165424, "E20_agent0_norm": 0.001984003931283951, "E20_agent1_norm": 0.0020963477436453104, "E20_agent2_norm": 0.0021011177450418472, "E20_agent3_norm": 0.004029644187539816, "E20_agent4_norm": 0.002872792538255453, "E21_agent0_norm": 0.0012591674458235502, "E21_agent1_norm": 0.0014810912543907762, "E21_agent2_norm": 0.0017893539043143392, "E21_agent3_norm": 0.0013907663524150848, "E21_agent4_norm": 0.002233571605756879, "E22_agent0_norm": 0.0010209623724222183, "E22_agent1_norm": 0.0016869280952960253, "E22_agent2_norm": 0.001809472218155861, "E22_agent3_norm": 0.001372931175865233, "E22_agent4_norm": 0.0013637267984449863, "E23_agent0_norm": 0.0006972732371650636, "E23_agent1_norm": 0.0009747007861733437, "E23_agent2_norm": 0.0014853704487904906, "E23_agent3_norm": 0.0009694169857539237, "E23_agent4_norm": 0.0011361796641722322, "E24_agent0_norm": 0.0004463386139832437, "E24_agent1_norm": 0.0005261884653009474, "E24_agent2_norm": 0.0008552306680940092, "E24_agent3_norm": 0.0005616612615995109, "E24_agent4_norm": 0.0006058246945030987, "E25_agent0_norm": 0.00034975670860148966, "E25_agent1_norm": 0.00041237336699850857, "E25_agent2_norm": 0.0005520355189219117, "E25_agent3_norm": 0.000789395475294441, "E25_agent4_norm": 0.0006195565802045166}