{"E1_agent0_norm": 2.1865017414093018, "E1_agent1_norm": 2.0993528366088867, "E1_agent2_norm": 1.8790422677993774, "E1_agent3_norm": 2.0136964321136475, "E1_agent4_norm": 2.5293984413146973, "E2_agent0_norm": 0.7833217978477478, "E2_agent1_norm": 1.078865647315979, "E2_agent2_norm": 1.1581774950027466, "E2_agent3_norm": 0.9335352778434753, "E2_agent4_norm": 1.1994348764419556, "E3_agent0_norm": 0.6215764284133911, "E3_agent1_norm": 0.5364586114883423, "E3_agent2_norm": 0.5047183036804199, "E3_agent3_norm": 0.43814656138420105, "E3_agent4_norm": 0.7124086618423462, "E4_agent0_norm": 0.50767582654953, "E4_agent1_norm": 0.3056955933570862, "E4_agent2_norm": 0.33202338218688965, "E4_agent3_norm": 0.3237622380256653, "E4_agent4_norm": 0.3447142243385315, "E5_agent0_norm": 0.2883218228816986, "E5_agent1_norm": 0.25358596444129944, "E5_agent2_norm": 0.2529177665710449, "E5_agent3_norm": 0.21868999302387238, "E5_agent4_norm": 0.32689982652664185, "E6_agent0_norm": 0.32723477482795715, "E6_agent1_norm": 0.19228988885879517, "E6_agent2_norm": 0.2254061996936798, "E6_agent3_norm": 0.17296801507472992, "E6_agent4_norm": 0.22322627902030945, "E7_agent0_norm": 0.27135345339775085, "E7_agent1_norm": 0.14153148233890533, "E7_agent2_norm": 0.1606857031583786, "E7_agent3_norm": 0.1869218796491623, "E7_agent4_norm": 0.1623518019914627, "E8_agent0_norm": 0.23422853648662567, "E8_agent1_norm": 0.10744474083185196, "E8_agent2_norm": 0.12657836079597473, "E8_agent3_norm": 0.11385206878185272, "E8_agent4_norm": 0.15654374659061432, "E9_agent0_norm": 0.2524726986885071, "E9_agent1_norm": 0.09210951626300812, "E9_agent2_norm": 0.10293646156787872, "E9_agent3_norm": 0.09619422256946564, "E9_agent4_norm": 0.11267198622226715, "E10_agent0_norm": 0.0601387694478035, "E10_agent1_norm": 0.06087895855307579, "E10_agent2_norm": 0.05259959027171135, "E10_agent3_norm": 0.05094614252448082, "E10_agent4_norm": 0.07988522201776505, "E11_agent0_norm": 0.0386180505156517, "E11_agent1_norm": 0.059804920107126236, "E11_agent2_norm": 0.04249335825443268, "E11_agent3_norm": 0.03256269916892052, "E11_agent4_norm": 0.06226610392332077, "E12_agent0_norm": 0.03389809653162956, "E12_agent1_norm": 0.05049633979797363, "E12_agent2_norm": 0.03321341797709465, "E12_agent3_norm": 0.0393899530172348, "E12_agent4_norm": 0.038200169801712036, "E13_agent0_norm": 0.018283408135175705, "E13_agent1_norm": 0.035017311573028564, "E13_agent2_norm": 0.023523492738604546, "E13_agent3_norm": 0.01803702674806118, "E13_agent4_norm": 0.032684311270713806, "E14_agent0_norm": 0.01277843676507473, "E14_agent1_norm": 0.02375308983027935, "E14_agent2_norm": 0.016041530296206474, "E14_agent3_norm": 0.013089417479932308, "E14_agent4_norm": 0.02274785004556179, "E15_agent0_norm": 0.008909625932574272, "E15_agent1_norm": 0.016003290191292763, "E15_agent2_norm": 0.010627170093357563, "E15_agent3_norm": 0.008121773600578308, "E15_agent4_norm": 0.012288739904761314, "E16_agent0_norm": 0.006279573310166597, "E16_agent1_norm": 0.01180108729749918, "E16_agent2_norm": 0.009057688526809216, "E16_agent3_norm": 0.006202428601682186, "E16_agent4_norm": 0.0119828125461936, "E17_agent0_norm": 0.005066982936114073, "E17_agent1_norm": 0.011290187016129494, "E17_agent2_norm": 0.006117081735283136, "E17_agent3_norm": 0.005763967055827379, "E17_agent4_norm": 0.00777654442936182, "E18_agent0_norm": 0.0031089559197425842, "E18_agent1_norm": 0.003986393567174673, "E18_agent2_norm": 0.00419494928792119, "E18_agent3_norm": 0.0028356476686894894, "E18_agent4_norm": 0.005056880880147219, "E19_agent0_norm": 0.0029529740568250418, "E19_agent1_norm": 0.005266741383820772, "E19_agent2_norm": 0.0031114115845412016, "E19_agent3_norm": 0.003384549403563142, "E19_agent4_norm": 0.0038460344076156616, "E20_agent0_norm": 0.0017900128150358796, "E20_agent1_norm": 0.0037566563114523888, "E20_agent2_norm": 0.0021099906880408525, "E20_agent3_norm": 0.002080354141071439, "E20_agent4_norm": 0.0035733943805098534, "E21_agent0_norm": 0.0012680640211328864, "E21_agent1_norm": 0.0024582587648183107, "E21_agent2_norm": 0.0014004037948325276, "E21_agent3_norm": 0.0012877467088401318, "E21_agent4_norm": 0.0020007030107080936, "E22_agent0_norm": 0.0009154110448434949, "E22_agent1_norm": 0.0017019017832353711, "E22_agent2_norm": 0.0013565272092819214, "E22_agent3_norm": 0.0009226184920407832, "E22_agent4_norm": 0.0019834802951663733, "E23_agent0_norm": 0.0005547648761421442, "E23_agent1_norm": 0.0012315217172726989, "E23_agent2_norm": 0.0007169771706685424, "E23_agent3_norm": 0.0008290005498565733, "E23_agent4_norm": 0.0005791809526272118, "E24_agent0_norm": 0.0004564890987239778, "E24_agent1_norm": 0.001128298114053905, "E24_agent2_norm": 0.0004879854677710682, "E24_agent3_norm": 0.0004624869907274842, "E24_agent4_norm": 0.0009758787346072495, "E25_agent0_norm": 0.000279462052276358, "E25_agent1_norm": 0.0005814765463583171, "E25_agent2_norm": 0.0003309341554995626, "E25_agent3_norm": 0.0002713929570745677, "E25_agent4_norm": 0.0005894966307096183}