{"Agent0_Epoch1": 0.29237979650497437, "Agent1_Epoch1": 0.296165406703949, "Agent2_Epoch1": 0.996088445186615, "Agent3_Epoch1": 0.995884358882904, "Agent4_Epoch1": 0.995106041431427, "Agent0_Epoch2": 0.05749619007110596, "Agent1_Epoch2": 0.2942180633544922, "Agent2_Epoch2": 0.30751246213912964, "Agent3_Epoch2": 0.30736637115478516, "Agent4_Epoch2": 0.30786335468292236, "Agent0_Epoch3": 0.03267979621887207, "Agent1_Epoch3": 0.13169902563095093, "Agent2_Epoch3": 0.13924825191497803, "Agent3_Epoch3": 0.13395261764526367, "Agent4_Epoch3": 0.1357824206352234, "Agent0_Epoch4": 0.02047783136367798, "Agent1_Epoch4": 0.06348538398742676, "Agent2_Epoch4": 0.06187659502029419, "Agent3_Epoch4": 0.06347149610519409, "Agent4_Epoch4": 0.0673297643661499, "Agent0_Epoch5": 0.013452589511871338, "Agent1_Epoch5": 0.0330735445022583, "Agent2_Epoch5": 0.033305227756500244, "Agent3_Epoch5": 0.029854893684387207, "Agent4_Epoch5": 0.034187912940979004, "Agent0_Epoch6": 0.00907599925994873, "Agent1_Epoch6": 0.018537402153015137, "Agent2_Epoch6": 0.018259286880493164, "Agent3_Epoch6": 0.016713380813598633, "Agent4_Epoch6": 0.020537734031677246, "Agent0_Epoch7": 0.006380021572113037, "Agent1_Epoch7": 0.011250138282775879, "Agent2_Epoch7": 0.011382997035980225, "Agent3_Epoch7": 0.011201918125152588, "Agent4_Epoch7": 0.012122929096221924, "Agent0_Epoch8": 0.004804790019989014, "Agent1_Epoch8": 0.007559657096862793, "Agent2_Epoch8": 0.0073500871658325195, "Agent3_Epoch8": 0.007175564765930176, "Agent4_Epoch8": 0.007830679416656494, "Agent0_Epoch9": 0.003916442394256592, "Agent1_Epoch9": 0.005629777908325195, "Agent2_Epoch9": 0.005246579647064209, "Agent3_Epoch9": 0.005127012729644775, "Agent4_Epoch9": 0.005461513996124268, "Agent0_Epoch10": 0.003982484340667725, "Agent1_Epoch10": 0.005717754364013672, "Agent2_Epoch10": 0.005571246147155762, "Agent3_Epoch10": 0.005446910858154297, "Agent4_Epoch10": 0.005647599697113037, "Agent0_Epoch11": 0.004030883312225342, "Agent1_Epoch11": 0.005782008171081543, "Agent2_Epoch11": 0.005737185478210449, "Agent3_Epoch11": 0.0056610107421875, "Agent4_Epoch11": 0.0060291290283203125, "Agent0_Epoch12": 0.004062056541442871, "Agent1_Epoch12": 0.005821943283081055, "Agent2_Epoch12": 0.005748391151428223, "Agent3_Epoch12": 0.0057558417320251465, "Agent4_Epoch12": 0.005912840366363525, "Agent0_Epoch13": 0.004111349582672119, "Agent1_Epoch13": 0.005889832973480225, "Agent2_Epoch13": 0.0057021379470825195, "Agent3_Epoch13": 0.005762994289398193, "Agent4_Epoch13": 0.005912661552429199, "Agent0_Epoch14": 0.004138350486755371, "Agent1_Epoch14": 0.005926728248596191, "Agent2_Epoch14": 0.005874752998352051, "Agent3_Epoch14": 0.005823254585266113, "Agent4_Epoch14": 0.0058689117431640625, "Agent0_Epoch15": 0.004138350486755371, "Agent1_Epoch15": 0.005926311016082764, "Agent2_Epoch15": 0.00590282678604126, "Agent3_Epoch15": 0.005837082862854004, "Agent4_Epoch15": 0.005928397178649902, "Agent0_Epoch16": 0.00417482852935791, "Agent1_Epoch16": 0.00597691535949707, "Agent2_Epoch16": 0.005882859230041504, "Agent3_Epoch16": 0.005876779556274414, "Agent4_Epoch16": 0.005920827388763428, "Agent0_Epoch17": 0.004170775413513184, "Agent1_Epoch17": 0.005970358848571777, "Agent2_Epoch17": 0.00590437650680542, "Agent3_Epoch17": 0.005935788154602051, "Agent4_Epoch17": 0.005944550037384033, "Agent0_Epoch18": 0.004175364971160889, "Agent1_Epoch18": 0.005976557731628418, "Agent2_Epoch18": 0.005919992923736572, "Agent3_Epoch18": 0.005924642086029053, "Agent4_Epoch18": 0.005964756011962891, "Agent0_Epoch19": 0.004177093505859375, "Agent1_Epoch19": 0.005978703498840332, "Agent2_Epoch19": 0.005939006805419922, "Agent3_Epoch19": 0.005958259105682373, "Agent4_Epoch19": 0.0059542059898376465, "Agent0_Epoch20": 0.004172623157501221, "Agent1_Epoch20": 0.005971968173980713, "Agent2_Epoch20": 0.005961120128631592, "Agent3_Epoch20": 0.005972564220428467, "Agent4_Epoch20": 0.005970358848571777, "Agent0_Epoch21": 0.004175424575805664, "Agent1_Epoch21": 0.005975782871246338, "Agent2_Epoch21": 0.005960524082183838, "Agent3_Epoch21": 0.0059623122215271, "Agent4_Epoch21": 0.005976617336273193, "Agent0_Epoch22": 0.004175901412963867, "Agent1_Epoch22": 0.00597614049911499, "Agent2_Epoch22": 0.005967080593109131, "Agent3_Epoch22": 0.005966305732727051, "Agent4_Epoch22": 0.005977332592010498, "Agent0_Epoch23": 0.0041776299476623535, "Agent1_Epoch23": 0.005978584289550781, "Agent2_Epoch23": 0.005967497825622559, "Agent3_Epoch23": 0.005971372127532959, "Agent4_Epoch23": 0.0059735774993896484, "Agent0_Epoch24": 0.004177570343017578, "Agent1_Epoch24": 0.005978584289550781, "Agent2_Epoch24": 0.005971252918243408, "Agent3_Epoch24": 0.0059743523597717285, "Agent4_Epoch24": 0.005972325801849365, "Agent0_Epoch25": 0.0041765570640563965, "Agent1_Epoch25": 0.005977213382720947, "Agent2_Epoch25": 0.005976319313049316, "Agent3_Epoch25": 0.0059775710105896, "Agent4_Epoch25": 0.005977988243103027}