{"E1_agent0_norm": 2.228811025619507, "E1_agent1_norm": 2.0641512870788574, "E1_agent2_norm": 2.0861473083496094, "E1_agent3_norm": 1.898789405822754, "E1_agent4_norm": 2.4519193172454834, "E2_agent0_norm": 0.7579162120819092, "E2_agent1_norm": 0.9281471967697144, "E2_agent2_norm": 1.0244261026382446, "E2_agent3_norm": 1.0739094018936157, "E2_agent4_norm": 1.0644677877426147, "E3_agent0_norm": 0.5710614323616028, "E3_agent1_norm": 0.5337650179862976, "E3_agent2_norm": 0.5166208744049072, "E3_agent3_norm": 0.44615113735198975, "E3_agent4_norm": 0.6778430938720703, "E4_agent0_norm": 0.4967615604400635, "E4_agent1_norm": 0.32178351283073425, "E4_agent2_norm": 0.29080963134765625, "E4_agent3_norm": 0.27729952335357666, "E4_agent4_norm": 0.3754897117614746, "E5_agent0_norm": 0.3383599817752838, "E5_agent1_norm": 0.30728068947792053, "E5_agent2_norm": 0.23553285002708435, "E5_agent3_norm": 0.23964515328407288, "E5_agent4_norm": 0.2842918336391449, "E6_agent0_norm": 0.3208838403224945, "E6_agent1_norm": 0.2257692813873291, "E6_agent2_norm": 0.181943878531456, "E6_agent3_norm": 0.18165655434131622, "E6_agent4_norm": 0.28612220287323, "E7_agent0_norm": 0.2842353284358978, "E7_agent1_norm": 0.15754827857017517, "E7_agent2_norm": 0.15333043038845062, "E7_agent3_norm": 0.16044078767299652, "E7_agent4_norm": 0.19470569491386414, "E8_agent0_norm": 0.2525750398635864, "E8_agent1_norm": 0.127207949757576, "E8_agent2_norm": 0.1315295398235321, "E8_agent3_norm": 0.12595513463020325, "E8_agent4_norm": 0.1528889536857605, "E9_agent0_norm": 0.2515585422515869, "E9_agent1_norm": 0.1323915272951126, "E9_agent2_norm": 0.11080262809991837, "E9_agent3_norm": 0.09715872257947922, "E9_agent4_norm": 0.13058806955814362, "E10_agent0_norm": 0.24756479263305664, "E10_agent1_norm": 0.10167986154556274, "E10_agent2_norm": 0.08406960219144821, "E10_agent3_norm": 0.08004167675971985, "E10_agent4_norm": 0.08993057906627655, "E11_agent0_norm": 0.047518040984869, "E11_agent1_norm": 0.04308703914284706, "E11_agent2_norm": 0.04689548537135124, "E11_agent3_norm": 0.034098610281944275, "E11_agent4_norm": 0.05342641472816467, "E12_agent0_norm": 0.031946294009685516, "E12_agent1_norm": 0.03283980116248131, "E12_agent2_norm": 0.025654567405581474, "E12_agent3_norm": 0.02611982636153698, "E12_agent4_norm": 0.04898976907134056, "E13_agent0_norm": 0.02126285806298256, "E13_agent1_norm": 0.021702459082007408, "E13_agent2_norm": 0.017878470942378044, "E13_agent3_norm": 0.016933679580688477, "E13_agent4_norm": 0.031480368226766586, "E14_agent0_norm": 0.013434324413537979, "E14_agent1_norm": 0.019549613818526268, "E14_agent2_norm": 0.012071527540683746, "E14_agent3_norm": 0.013130715116858482, "E14_agent4_norm": 0.029939068481326103, "E15_agent0_norm": 0.009833788499236107, "E15_agent1_norm": 0.014441277831792831, "E15_agent2_norm": 0.009542572312057018, "E15_agent3_norm": 0.008377761580049992, "E15_agent4_norm": 0.016700098291039467, "E16_agent0_norm": 0.006991624366492033, "E16_agent1_norm": 0.012516810558736324, "E16_agent2_norm": 0.007047628052532673, "E16_agent3_norm": 0.00829277466982603, "E16_agent4_norm": 0.013846121728420258, "E17_agent0_norm": 0.0067528714425861835, "E17_agent1_norm": 0.008941501379013062, "E17_agent2_norm": 0.006708492524921894, "E17_agent3_norm": 0.0055779945105314255, "E17_agent4_norm": 0.009695138782262802, "E18_agent0_norm": 0.003383240196853876, "E18_agent1_norm": 0.004874358884990215, "E18_agent2_norm": 0.003488764399662614, "E18_agent3_norm": 0.003120006062090397, "E18_agent4_norm": 0.00878705270588398, "E19_agent0_norm": 0.0025936460588127375, "E19_agent1_norm": 0.0028184978291392326, "E19_agent2_norm": 0.002312419703230262, "E19_agent3_norm": 0.003030923893675208, "E19_agent4_norm": 0.003715523984283209, "E20_agent0_norm": 0.0018344396958127618, "E20_agent1_norm": 0.002956700511276722, "E20_agent2_norm": 0.001671784557402134, "E20_agent3_norm": 0.0016692082863301039, "E20_agent4_norm": 0.0036296553444117308, "E21_agent0_norm": 0.0011769962729886174, "E21_agent1_norm": 0.001505803084000945, "E21_agent2_norm": 0.0015550381503999233, "E21_agent3_norm": 0.0011975847883149981, "E21_agent4_norm": 0.0014748714165762067, "E22_agent0_norm": 0.0010037022875621915, "E22_agent1_norm": 0.002056742087006569, "E22_agent2_norm": 0.0010212408378720284, "E22_agent3_norm": 0.0009039429714903235, "E22_agent4_norm": 0.002374137518927455, "E23_agent0_norm": 0.000618434336502105, "E23_agent1_norm": 0.0010780765442177653, "E23_agent2_norm": 0.0006574590224772692, "E23_agent3_norm": 0.0005682737682946026, "E23_agent4_norm": 0.0016845643986016512, "E24_agent0_norm": 0.00038238969864323735, "E24_agent1_norm": 0.0005134047823958099, "E24_agent2_norm": 0.0004748466017190367, "E24_agent3_norm": 0.00037429830990731716, "E24_agent4_norm": 0.0008302303031086922, "E25_agent0_norm": 0.00029258744325488806, "E25_agent1_norm": 0.00045856545330025256, "E25_agent2_norm": 0.00037938563036732376, "E25_agent3_norm": 0.0003014164976775646, "E25_agent4_norm": 0.0005635936977341771}