{"Agent0_Epoch1": 0.288790225982666, "Agent1_Epoch1": 0.2913115620613098, "Agent2_Epoch1": 0.9977093935012817, "Agent3_Epoch1": 0.9949934482574463, "Agent4_Epoch1": 0.9991922378540039, "Agent0_Epoch2": 0.05635160207748413, "Agent1_Epoch2": 0.2860909700393677, "Agent2_Epoch2": 0.30229705572128296, "Agent3_Epoch2": 0.29541051387786865, "Agent4_Epoch2": 0.30493515729904175, "Agent0_Epoch3": 0.032564759254455566, "Agent1_Epoch3": 0.12893563508987427, "Agent2_Epoch3": 0.1362619400024414, "Agent3_Epoch3": 0.12668508291244507, "Agent4_Epoch3": 0.138444721698761, "Agent0_Epoch4": 0.020146191120147705, "Agent1_Epoch4": 0.06174248456954956, "Agent2_Epoch4": 0.06323492527008057, "Agent3_Epoch4": 0.06125837564468384, "Agent4_Epoch4": 0.06512284278869629, "Agent0_Epoch5": 0.01336294412612915, "Agent1_Epoch5": 0.03255420923233032, "Agent2_Epoch5": 0.031395018100738525, "Agent3_Epoch5": 0.028978049755096436, "Agent4_Epoch5": 0.031278133392333984, "Agent0_Epoch6": 0.008917510509490967, "Agent1_Epoch6": 0.018100738525390625, "Agent2_Epoch6": 0.01725536584854126, "Agent3_Epoch6": 0.01677781343460083, "Agent4_Epoch6": 0.01927340030670166, "Agent0_Epoch7": 0.006259620189666748, "Agent1_Epoch7": 0.010971605777740479, "Agent2_Epoch7": 0.011186182498931885, "Agent3_Epoch7": 0.010751545429229736, "Agent4_Epoch7": 0.011311769485473633, "Agent0_Epoch8": 0.004620075225830078, "Agent1_Epoch8": 0.0072269439697265625, "Agent2_Epoch8": 0.007462620735168457, "Agent3_Epoch8": 0.007084667682647705, "Agent4_Epoch8": 0.0076577067375183105, "Agent0_Epoch9": 0.0037615299224853516, "Agent1_Epoch9": 0.005381166934967041, "Agent2_Epoch9": 0.0053351521492004395, "Agent3_Epoch9": 0.004605472087860107, "Agent4_Epoch9": 0.005299866199493408, "Agent0_Epoch10": 0.003056049346923828, "Agent1_Epoch10": 0.004074573516845703, "Agent2_Epoch10": 0.0041046142578125, "Agent3_Epoch10": 0.004000306129455566, "Agent4_Epoch10": 0.003959953784942627, "Agent0_Epoch11": 0.003176867961883545, "Agent1_Epoch11": 0.004233837127685547, "Agent2_Epoch11": 0.00394970178604126, "Agent3_Epoch11": 0.004054903984069824, "Agent4_Epoch11": 0.004204213619232178, "Agent0_Epoch12": 0.0032290220260620117, "Agent1_Epoch12": 0.004300832748413086, "Agent2_Epoch12": 0.004128754138946533, "Agent3_Epoch12": 0.004127204418182373, "Agent4_Epoch12": 0.004171609878540039, "Agent0_Epoch13": 0.003255903720855713, "Agent1_Epoch13": 0.004334926605224609, "Agent2_Epoch13": 0.004289686679840088, "Agent3_Epoch13": 0.004193603992462158, "Agent4_Epoch13": 0.004219710826873779, "Agent0_Epoch14": 0.003283858299255371, "Agent1_Epoch14": 0.004370570182800293, "Agent2_Epoch14": 0.004272639751434326, "Agent3_Epoch14": 0.0042247772216796875, "Agent4_Epoch14": 0.004227340221405029, "Agent0_Epoch15": 0.003294825553894043, "Agent1_Epoch15": 0.004384279251098633, "Agent2_Epoch15": 0.004285275936126709, "Agent3_Epoch15": 0.0043141841888427734, "Agent4_Epoch15": 0.0042792558670043945, "Agent0_Epoch16": 0.0033010244369506836, "Agent1_Epoch16": 0.004392087459564209, "Agent2_Epoch16": 0.004331648349761963, "Agent3_Epoch16": 0.0042795538902282715, "Agent4_Epoch16": 0.00427621603012085, "Agent0_Epoch17": 0.0033054351806640625, "Agent1_Epoch17": 0.004397392272949219, "Agent2_Epoch17": 0.004330754280090332, "Agent3_Epoch17": 0.00435638427734375, "Agent4_Epoch17": 0.004323422908782959, "Agent0_Epoch18": 0.00330197811126709, "Agent1_Epoch18": 0.0043926239013671875, "Agent2_Epoch18": 0.0043738484382629395, "Agent3_Epoch18": 0.00436025857925415, "Agent4_Epoch18": 0.0043267011642456055, "Agent0_Epoch19": 0.0032976269721984863, "Agent1_Epoch19": 0.004386305809020996, "Agent2_Epoch19": 0.004378020763397217, "Agent3_Epoch19": 0.004358172416687012, "Agent4_Epoch19": 0.0043700337409973145, "Agent0_Epoch20": 0.0033026933670043945, "Agent1_Epoch20": 0.0043929219245910645, "Agent2_Epoch20": 0.004376471042633057, "Agent3_Epoch20": 0.004379093647003174, "Agent4_Epoch20": 0.004365086555480957, "Agent0_Epoch21": 0.003300964832305908, "Agent1_Epoch21": 0.0043906569480896, "Agent2_Epoch21": 0.004378080368041992, "Agent3_Epoch21": 0.004384160041809082, "Agent4_Epoch21": 0.0043822526931762695, "Agent0_Epoch22": 0.003305971622467041, "Agent1_Epoch22": 0.004397094249725342, "Agent2_Epoch22": 0.004383087158203125, "Agent3_Epoch22": 0.00438082218170166, "Agent4_Epoch22": 0.004376053810119629, "Agent0_Epoch23": 0.0033043622970581055, "Agent1_Epoch23": 0.004394829273223877, "Agent2_Epoch23": 0.004389584064483643, "Agent3_Epoch23": 0.004386484622955322, "Agent4_Epoch23": 0.004382073879241943, "Agent0_Epoch24": 0.0033031702041625977, "Agent1_Epoch24": 0.004393279552459717, "Agent2_Epoch24": 0.004390299320220947, "Agent3_Epoch24": 0.004390716552734375, "Agent4_Epoch24": 0.004389643669128418, "Agent0_Epoch25": 0.003303825855255127, "Agent1_Epoch25": 0.004394233226776123, "Agent2_Epoch25": 0.004392743110656738, "Agent3_Epoch25": 0.004390120506286621, "Agent4_Epoch25": 0.004390299320220947}