{"Agent0_Epoch1": 0.2897578477859497, "Agent1_Epoch1": 0.29258960485458374, "Agent2_Epoch1": 0.9996691346168518, "Agent3_Epoch1": 0.9966402649879456, "Agent4_Epoch1": 0.9979614615440369, "Agent0_Epoch2": 0.05799978971481323, "Agent1_Epoch2": 0.28392618894577026, "Agent2_Epoch2": 0.2985290288925171, "Agent3_Epoch2": 0.29234451055526733, "Agent4_Epoch2": 0.29835832118988037, "Agent0_Epoch3": 0.03325706720352173, "Agent1_Epoch3": 0.1322653889656067, "Agent2_Epoch3": 0.13436073064804077, "Agent3_Epoch3": 0.1310732364654541, "Agent4_Epoch3": 0.13631540536880493, "Agent0_Epoch4": 0.020458459854125977, "Agent1_Epoch4": 0.06297492980957031, "Agent2_Epoch4": 0.06420683860778809, "Agent3_Epoch4": 0.06402868032455444, "Agent4_Epoch4": 0.06881195306777954, "Agent0_Epoch5": 0.013140618801116943, "Agent1_Epoch5": 0.03214496374130249, "Agent2_Epoch5": 0.0336950421333313, "Agent3_Epoch5": 0.032200515270233154, "Agent4_Epoch5": 0.03536081314086914, "Agent0_Epoch6": 0.009173214435577393, "Agent1_Epoch6": 0.01865839958190918, "Agent2_Epoch6": 0.019297122955322266, "Agent3_Epoch6": 0.01829361915588379, "Agent4_Epoch6": 0.0189703106880188, "Agent0_Epoch7": 0.006694912910461426, "Agent1_Epoch7": 0.01178044080734253, "Agent2_Epoch7": 0.01162046194076538, "Agent3_Epoch7": 0.01087266206741333, "Agent4_Epoch7": 0.012032926082611084, "Agent0_Epoch8": 0.005120396614074707, "Agent1_Epoch8": 0.008038103580474854, "Agent2_Epoch8": 0.00804436206817627, "Agent3_Epoch8": 0.007167816162109375, "Agent4_Epoch8": 0.008137106895446777, "Agent0_Epoch9": 0.0052391886711120605, "Agent1_Epoch9": 0.008211970329284668, "Agent2_Epoch9": 0.00817173719406128, "Agent3_Epoch9": 0.007460832595825195, "Agent4_Epoch9": 0.008291184902191162, "Agent0_Epoch10": 0.005393028259277344, "Agent1_Epoch10": 0.008438706398010254, "Agent2_Epoch10": 0.008572518825531006, "Agent3_Epoch10": 0.007911205291748047, "Agent4_Epoch10": 0.008388400077819824, "Agent0_Epoch11": 0.005439817905426025, "Agent1_Epoch11": 0.008502721786499023, "Agent2_Epoch11": 0.008666753768920898, "Agent3_Epoch11": 0.008242368698120117, "Agent4_Epoch11": 0.00855320692062378, "Agent0_Epoch12": 0.005513489246368408, "Agent1_Epoch12": 0.008609473705291748, "Agent2_Epoch12": 0.008571207523345947, "Agent3_Epoch12": 0.008229672908782959, "Agent4_Epoch12": 0.008611321449279785, "Agent0_Epoch13": 0.005540788173675537, "Agent1_Epoch13": 0.008647739887237549, "Agent2_Epoch13": 0.008601903915405273, "Agent3_Epoch13": 0.008448541164398193, "Agent4_Epoch13": 0.0085640549659729, "Agent0_Epoch14": 0.005564868450164795, "Agent1_Epoch14": 0.008682489395141602, "Agent2_Epoch14": 0.008592605590820312, "Agent3_Epoch14": 0.008471667766571045, "Agent4_Epoch14": 0.008687436580657959, "Agent0_Epoch15": 0.005583405494689941, "Agent1_Epoch15": 0.00870811939239502, "Agent2_Epoch15": 0.008656322956085205, "Agent3_Epoch15": 0.008582830429077148, "Agent4_Epoch15": 0.00869816541671753, "Agent0_Epoch16": 0.005577504634857178, "Agent1_Epoch16": 0.008697152137756348, "Agent2_Epoch16": 0.008720040321350098, "Agent3_Epoch16": 0.008610963821411133, "Agent4_Epoch16": 0.008741140365600586, "Agent0_Epoch17": 0.005597949028015137, "Agent1_Epoch17": 0.008727669715881348, "Agent2_Epoch17": 0.008708953857421875, "Agent3_Epoch17": 0.008639693260192871, "Agent4_Epoch17": 0.008707284927368164, "Agent0_Epoch18": 0.005603611469268799, "Agent1_Epoch18": 0.008735835552215576, "Agent2_Epoch18": 0.008732140064239502, "Agent3_Epoch18": 0.008662879467010498, "Agent4_Epoch18": 0.0087319016456604, "Agent0_Epoch19": 0.005607187747955322, "Agent1_Epoch19": 0.00874108076095581, "Agent2_Epoch19": 0.008735835552215576, "Agent3_Epoch19": 0.008694291114807129, "Agent4_Epoch19": 0.00873255729675293, "Agent0_Epoch20": 0.005610227584838867, "Agent1_Epoch20": 0.008745193481445312, "Agent2_Epoch20": 0.0087319016456604, "Agent3_Epoch20": 0.008699953556060791, "Agent4_Epoch20": 0.008730888366699219, "Agent0_Epoch21": 0.0056098103523254395, "Agent1_Epoch21": 0.00874406099319458, "Agent2_Epoch21": 0.008738875389099121, "Agent3_Epoch21": 0.008724212646484375, "Agent4_Epoch21": 0.008736073970794678, "Agent0_Epoch22": 0.005608797073364258, "Agent1_Epoch22": 0.008742570877075195, "Agent2_Epoch22": 0.008747577667236328, "Agent3_Epoch22": 0.008726954460144043, "Agent4_Epoch22": 0.00874638557434082, "Agent0_Epoch23": 0.005612075328826904, "Agent1_Epoch23": 0.008747458457946777, "Agent2_Epoch23": 0.008740067481994629, "Agent3_Epoch23": 0.00873267650604248, "Agent4_Epoch23": 0.008739769458770752, "Agent0_Epoch24": 0.005611836910247803, "Agent1_Epoch24": 0.008746922016143799, "Agent2_Epoch24": 0.00874239206314087, "Agent3_Epoch24": 0.008738815784454346, "Agent4_Epoch24": 0.008744955062866211, "Agent0_Epoch25": 0.0056119561195373535, "Agent1_Epoch25": 0.008747220039367676, "Agent2_Epoch25": 0.008742928504943848, "Agent3_Epoch25": 0.00874185562133789, "Agent4_Epoch25": 0.008742749691009521}