{"E1_agent0_norm": 1.9058339595794678, "E1_agent1_norm": 2.0992519855499268, "E1_agent2_norm": 2.0640411376953125, "E1_agent3_norm": 2.1543619632720947, "E1_agent4_norm": 2.0433833599090576, "E2_agent0_norm": 0.2999660074710846, "E2_agent1_norm": 0.8496236801147461, "E2_agent2_norm": 0.9719753861427307, "E2_agent3_norm": 0.8806090354919434, "E2_agent4_norm": 0.8916071653366089, "E3_agent0_norm": 0.2982555031776428, "E3_agent1_norm": 1.009771704673767, "E3_agent2_norm": 0.986224889755249, "E3_agent3_norm": 1.0224089622497559, "E3_agent4_norm": 1.0182852745056152, "E4_agent0_norm": 0.2616833746433258, "E4_agent1_norm": 0.7501268982887268, "E4_agent2_norm": 0.6999955773353577, "E4_agent3_norm": 0.7285423874855042, "E4_agent4_norm": 0.7325278520584106, "E5_agent0_norm": 0.003643840318545699, "E5_agent1_norm": 0.5080540776252747, "E5_agent2_norm": 0.5363784432411194, "E5_agent3_norm": 0.54423588514328, "E5_agent4_norm": 0.5474965572357178, "E6_agent0_norm": 0.1802893877029419, "E6_agent1_norm": 0.4190272092819214, "E6_agent2_norm": 0.3792133927345276, "E6_agent3_norm": 0.4517785906791687, "E6_agent4_norm": 0.39113837480545044, "E7_agent0_norm": 0.0015239027561619878, "E7_agent1_norm": 0.32058006525039673, "E7_agent2_norm": 0.3392828404903412, "E7_agent3_norm": 0.32201042771339417, "E7_agent4_norm": 0.3383900821208954, "E8_agent0_norm": 0.14365820586681366, "E8_agent1_norm": 0.3057727813720703, "E8_agent2_norm": 0.27132925391197205, "E8_agent3_norm": 0.29655760526657104, "E8_agent4_norm": 0.26331809163093567, "E9_agent0_norm": 0.0006569490651600063, "E9_agent1_norm": 0.23211608827114105, "E9_agent2_norm": 0.2682456970214844, "E9_agent3_norm": 0.23067648708820343, "E9_agent4_norm": 0.2629777193069458, "E10_agent0_norm": 0.0004462939396034926, "E10_agent1_norm": 0.20935772359371185, "E10_agent2_norm": 0.24133798480033875, "E10_agent3_norm": 0.21203862130641937, "E10_agent4_norm": 0.23838502168655396, "E11_agent0_norm": 0.033749502152204514, "E11_agent1_norm": 0.23037810623645782, "E11_agent2_norm": 0.21647800505161285, "E11_agent3_norm": 0.21597284078598022, "E11_agent4_norm": 0.20636245608329773, "E12_agent0_norm": 0.00025874804123304784, "E12_agent1_norm": 0.19373854994773865, "E12_agent2_norm": 0.20125679671764374, "E12_agent3_norm": 0.17769835889339447, "E12_agent4_norm": 0.19165530800819397, "E13_agent0_norm": 0.05000336840748787, "E13_agent1_norm": 0.1750621199607849, "E13_agent2_norm": 0.17128071188926697, "E13_agent3_norm": 0.16268056631088257, "E13_agent4_norm": 0.15892758965492249, "E14_agent0_norm": 0.04598475620150566, "E14_agent1_norm": 0.13887940347194672, "E14_agent2_norm": 0.1266109198331833, "E14_agent3_norm": 0.13770081102848053, "E14_agent4_norm": 0.1253332793712616, "E15_agent0_norm": 8.090327173704281e-05, "E15_agent1_norm": 0.10427407920360565, "E15_agent2_norm": 0.0946156308054924, "E15_agent3_norm": 0.10580555349588394, "E15_agent4_norm": 0.093834288418293, "E16_agent0_norm": 4.151148459641263e-05, "E16_agent1_norm": 0.07594187557697296, "E16_agent2_norm": 0.06935276836156845, "E16_agent3_norm": 0.07853050529956818, "E16_agent4_norm": 0.07584933936595917, "E17_agent0_norm": 0.015620806254446507, "E17_agent1_norm": 0.055614009499549866, "E17_agent2_norm": 0.05634173005819321, "E17_agent3_norm": 0.05677059665322304, "E17_agent4_norm": 0.054577428847551346, "E18_agent0_norm": 0.012243633158504963, "E18_agent1_norm": 0.04062850400805473, "E18_agent2_norm": 0.0384698249399662, "E18_agent3_norm": 0.04118052124977112, "E18_agent4_norm": 0.03803178295493126, "E19_agent0_norm": 2.0778863472514786e-05, "E19_agent1_norm": 0.030409129336476326, "E19_agent2_norm": 0.027926970273256302, "E19_agent3_norm": 0.031005341559648514, "E19_agent4_norm": 0.027362611144781113, "E20_agent0_norm": 1.3159725313016679e-05, "E20_agent1_norm": 0.02071276679635048, "E20_agent2_norm": 0.022226590663194656, "E20_agent3_norm": 0.02097354643046856, "E20_agent4_norm": 0.021836576983332634, "E21_agent0_norm": 0.007064790464937687, "E21_agent1_norm": 0.01489705964922905, "E21_agent2_norm": 0.01614631898701191, "E21_agent3_norm": 0.014979512430727482, "E21_agent4_norm": 0.01610197313129902, "E22_agent0_norm": 7.1738559199729934e-06, "E22_agent1_norm": 0.010593781247735023, "E22_agent2_norm": 0.011028921231627464, "E22_agent3_norm": 0.011588631197810173, "E22_agent4_norm": 0.01089157722890377, "E23_agent0_norm": 2.2475619516626466e-06, "E23_agent1_norm": 0.008419686928391457, "E23_agent2_norm": 0.008436525240540504, "E23_agent3_norm": 0.008907275274395943, "E23_agent4_norm": 0.008359359577298164, "E24_agent0_norm": 0.00010015505540650338, "E24_agent1_norm": 0.005499548744410276, "E24_agent2_norm": 0.005860974080860615, "E24_agent3_norm": 0.005526205059140921, "E24_agent4_norm": 0.006111116614192724, "E25_agent0_norm": 0.0019133449532091618, "E25_agent1_norm": 0.004367781337350607, "E25_agent2_norm": 0.003868306055665016, "E25_agent3_norm": 0.004515637177973986, "E25_agent4_norm": 0.0038981421384960413, "E26_agent0_norm": 1.2987464970137808e-06, "E26_agent1_norm": 0.0027672613505274057, "E26_agent2_norm": 0.003123764181509614, "E26_agent3_norm": 0.002824681345373392, "E26_agent4_norm": 0.003229962196201086, "E27_agent0_norm": 9.132719469562289e-07, "E27_agent1_norm": 0.0020173753146082163, "E27_agent2_norm": 0.002304505556821823, "E27_agent3_norm": 0.0020520640537142754, "E27_agent4_norm": 0.002192053245380521, "E28_agent0_norm": 0.0007052074070088565, "E28_agent1_norm": 0.0015905097825452685, "E28_agent2_norm": 0.0014381548389792442, "E28_agent3_norm": 0.0016083884984254837, "E28_agent4_norm": 0.0013787064235657454, "E29_agent0_norm": 4.1022212826646864e-07, "E29_agent1_norm": 0.001001794938929379, "E29_agent2_norm": 0.001131691038608551, "E29_agent3_norm": 0.0010166516294702888, "E29_agent4_norm": 0.0011095909867435694, "E30_agent0_norm": 1.3546183197377104e-07, "E30_agent1_norm": 0.0007235989905893803, "E30_agent2_norm": 0.0007975937915034592, "E30_agent3_norm": 0.0007192202028818429, "E30_agent4_norm": 0.0007881167693994939, "E31_agent0_norm": 0.00025373249081894755, "E31_agent1_norm": 0.000565427471883595, "E31_agent2_norm": 0.0005074545624665916, "E31_agent3_norm": 0.0005534341908060014, "E31_agent4_norm": 0.0005014227353967726, "E32_agent0_norm": 2.7885917575076746e-08, "E32_agent1_norm": 0.0003419252170715481, "E32_agent2_norm": 0.0004037044709548354, "E32_agent3_norm": 0.0003533686394803226, "E32_agent4_norm": 0.0004026894166599959, "E33_agent0_norm": 0.00012605161464307457, "E33_agent1_norm": 0.0002697607851587236, "E33_agent2_norm": 0.00024491865769959986, "E33_agent3_norm": 0.0002878744271583855, "E33_agent4_norm": 0.00024774097255431116, "E34_agent0_norm": 4.7809095349293784e-08, "E34_agent1_norm": 0.00017349908011965454, "E34_agent2_norm": 0.0001937410852406174, "E34_agent3_norm": 0.0001772570249158889, "E34_agent4_norm": 0.00019573817553464323, "E35_agent0_norm": 6.376563396770507e-05, "E35_agent1_norm": 0.0001368085213471204, "E35_agent2_norm": 0.0001255603856407106, "E35_agent3_norm": 0.00013923661026638, "E35_agent4_norm": 0.00012433284427970648, "E36_agent0_norm": 9.78316361255338e-09, "E36_agent1_norm": 8.870659075910226e-05, "E36_agent2_norm": 9.551579569233581e-05, "E36_agent3_norm": 8.629354124423116e-05, "E36_agent4_norm": 9.662340016802773e-05, "E37_agent0_norm": 3.0624913051724434e-05, "E37_agent1_norm": 6.770200707251206e-05, "E37_agent2_norm": 6.0947961173951626e-05, "E37_agent3_norm": 6.944000779185444e-05, "E37_agent4_norm": 6.056639540474862e-05, "E38_agent0_norm": 2.5231829070548883e-08, "E38_agent1_norm": 4.180693213129416e-05, "E38_agent2_norm": 4.835806612391025e-05, "E38_agent3_norm": 4.384657586342655e-05, "E38_agent4_norm": 4.826765871257521e-05, "E39_agent0_norm": 1.5146288205869496e-05, "E39_agent1_norm": 3.2645755709381774e-05, "E39_agent2_norm": 2.9826940590282902e-05, "E39_agent3_norm": 3.384473893675022e-05, "E39_agent4_norm": 2.965159364975989e-05, "E40_agent0_norm": 3.853114216578746e-10,