{"Agent0_Epoch1": 0.3000580668449402, "Agent1_Epoch1": 0.288651704788208, "Agent2_Epoch1": 0.997153103351593, "Agent3_Epoch1": 0.9901373386383057, "Agent4_Epoch1": 0.9983059167861938, "Agent0_Epoch2": 0.05253887176513672, "Agent1_Epoch2": 0.2883481979370117, "Agent2_Epoch2": 0.2940405607223511, "Agent3_Epoch2": 0.2904961109161377, "Agent4_Epoch2": 0.2891995310783386, "Agent0_Epoch3": 0.030479490756988525, "Agent1_Epoch3": 0.12765967845916748, "Agent2_Epoch3": 0.1330069899559021, "Agent3_Epoch3": 0.13345867395401, "Agent4_Epoch3": 0.12975740432739258, "Agent0_Epoch4": 0.020297884941101074, "Agent1_Epoch4": 0.062136948108673096, "Agent2_Epoch4": 0.06457632780075073, "Agent3_Epoch4": 0.0637388825416565, "Agent4_Epoch4": 0.06455814838409424, "Agent0_Epoch5": 0.014074504375457764, "Agent1_Epoch5": 0.03370940685272217, "Agent2_Epoch5": 0.03472405672073364, "Agent3_Epoch5": 0.03412318229675293, "Agent4_Epoch5": 0.03385442495346069, "Agent0_Epoch6": 0.009919226169586182, "Agent1_Epoch6": 0.019720911979675293, "Agent2_Epoch6": 0.019994735717773438, "Agent3_Epoch6": 0.020395100116729736, "Agent4_Epoch6": 0.02039778232574463, "Agent0_Epoch7": 0.007178008556365967, "Agent1_Epoch7": 0.012367963790893555, "Agent2_Epoch7": 0.012509703636169434, "Agent3_Epoch7": 0.012640833854675293, "Agent4_Epoch7": 0.012486696243286133, "Agent0_Epoch8": 0.005267322063446045, "Agent1_Epoch8": 0.008125126361846924, "Agent2_Epoch8": 0.008317291736602783, "Agent3_Epoch8": 0.008326888084411621, "Agent4_Epoch8": 0.008345961570739746, "Agent0_Epoch9": 0.00398409366607666, "Agent1_Epoch9": 0.00563734769821167, "Agent2_Epoch9": 0.005869925022125244, "Agent3_Epoch9": 0.00587385892868042, "Agent4_Epoch9": 0.005893349647521973, "Agent0_Epoch10": 0.003163278102874756, "Agent1_Epoch10": 0.004184722900390625, "Agent2_Epoch10": 0.004328727722167969, "Agent3_Epoch10": 0.004427790641784668, "Agent4_Epoch10": 0.004406392574310303, "Agent0_Epoch11": 0.0025824308395385742, "Agent1_Epoch11": 0.003239572048187256, "Agent2_Epoch11": 0.0032948851585388184, "Agent3_Epoch11": 0.0034419894218444824, "Agent4_Epoch11": 0.0034082531929016113, "Agent0_Epoch12": 0.0021393299102783203, "Agent1_Epoch12": 0.002573370933532715, "Agent2_Epoch12": 0.002652764320373535, "Agent3_Epoch12": 0.002672851085662842, "Agent4_Epoch12": 0.002685248851776123, "Agent0_Epoch13": 0.0017574429512023926, "Agent1_Epoch13": 0.0020442605018615723, "Agent2_Epoch13": 0.002113044261932373, "Agent3_Epoch13": 0.0020987391471862793, "Agent4_Epoch13": 0.0020746588706970215, "Agent0_Epoch14": 0.0014037489891052246, "Agent1_Epoch14": 0.001589655876159668, "Agent2_Epoch14": 0.001603543758392334, "Agent3_Epoch14": 0.0016259551048278809, "Agent4_Epoch14": 0.0016191601753234863, "Agent0_Epoch15": 0.001078963279724121, "Agent1_Epoch15": 0.001195073127746582, "Agent2_Epoch15": 0.0012257695198059082, "Agent3_Epoch15": 0.0012221932411193848, "Agent4_Epoch15": 0.0012134909629821777, "Agent0_Epoch16": 0.0008140802383422852, "Agent1_Epoch16": 0.0008857846260070801, "Agent2_Epoch16": 0.0008834600448608398, "Agent3_Epoch16": 0.0008867979049682617, "Agent4_Epoch16": 0.0008878707885742188, "Agent0_Epoch17": 0.0005922913551330566, "Agent1_Epoch17": 0.0006348490715026855, "Agent2_Epoch17": 0.000642240047454834, "Agent3_Epoch17": 0.0006368160247802734, "Agent4_Epoch17": 0.0006428956985473633, "Agent0_Epoch18": 0.0004259943962097168, "Agent1_Epoch18": 0.0004509091377258301, "Agent2_Epoch18": 0.00044721364974975586, "Agent3_Epoch18": 0.0004501938819885254, "Agent4_Epoch18": 0.00044971704483032227, "Agent0_Epoch19": 0.0002995133399963379, "Agent1_Epoch19": 0.00031387805938720703, "Agent2_Epoch19": 0.00031435489654541016, "Agent3_Epoch19": 0.00031304359436035156, "Agent4_Epoch19": 0.00031626224517822266, "Agent0_Epoch20": 0.0002085566520690918, "Agent1_Epoch20": 0.0002168416976928711, "Agent2_Epoch20": 0.00021690130233764648, "Agent3_Epoch20": 0.0002174973487854004, "Agent4_Epoch20": 0.00021904706954956055, "Agent0_Epoch21": 0.00014454126358032227, "Agent1_Epoch21": 0.00014913082122802734, "Agent2_Epoch21": 0.0001488327980041504, "Agent3_Epoch21": 0.0001475214958190918, "Agent4_Epoch21": 0.00014835596084594727, "Agent0_Epoch22": 9.912252426147461e-05, "Agent1_Epoch22": 0.00010162591934204102, "Agent2_Epoch22": 0.00010114908218383789, "Agent3_Epoch22": 0.00010085105895996094, "Agent4_Epoch22": 0.00010114908218383789, "Agent0_Epoch23": 6.711483001708984e-05, "Agent1_Epoch23": 6.848573684692383e-05, "Agent2_Epoch23": 6.872415542602539e-05, "Agent3_Epoch23": 6.854534149169922e-05, "Agent4_Epoch23": 6.848573684692383e-05, "Agent0_Epoch24": 4.5299530029296875e-05, "Agent1_Epoch24": 4.595518112182617e-05, "Agent2_Epoch24": 4.6193599700927734e-05, "Agent3_Epoch24": 4.589557647705078e-05, "Agent4_Epoch24": 4.6193599700927734e-05, "Agent0_Epoch25": 3.0338764190673828e-05, "Agent1_Epoch25": 3.075599670410156e-05, "Agent2_Epoch25": 3.081560134887695e-05, "Agent3_Epoch25": 3.081560134887695e-05, "Agent4_Epoch25": 3.081560134887695e-05, "Agent0_Epoch26": 2.0265579223632812e-05, "Agent1_Epoch26": 2.0563602447509766e-05, "Agent2_Epoch26": 2.0384788513183594e-05, "Agent3_Epoch26": 2.0503997802734375e-05, "Agent4_Epoch26": 2.0563602447509766e-05, "Agent0_Epoch27": 1.3530254364013672e-05, "Agent1_Epoch27": 1.3470649719238281e-05, "Agent2_Epoch27": 1.3649463653564453e-05, "Agent3_Epoch27": 1.3470649719238281e-05, "Agent4_Epoch27": 1.3649463653564453e-05, "Agent0_Epoch28": 8.881092071533203e-06, "Agent1_Epoch28": 8.940696716308594e-06, "Agent2_Epoch28": 8.940696716308594e-06, "Agent3_Epoch28": 9.059906005859375e-06, "Agent4_Epoch28": 8.940696716308594e-06, "Agent0_Epoch29": 5.900859832763672e-06, "Agent1_Epoch29": 5.841255187988281e-06, "Agent2_Epoch29": 5.900859832763672e-06, "Agent3_Epoch29": 5.900859832763672e-06, "Agent4_Epoch29": 5.900859832763672e-06, "Agent0_Epoch30": 3.814697265625e-06, "Agent1_Epoch30": 3.635883331298828e-06, "Agent2_Epoch30": 3.874301910400391e-06, "Agent3_Epoch30": 3.874301910400391e-06, "Agent4_Epoch30": 3.874301910400391e-06, "Agent0_Epoch31": 2.6226043701171875e-06, "Agent1_Epoch31": 2.562999725341797e-06, "Agent2_Epoch31": 2.6226043701171875e-06, "Agent3_Epoch31": 2.562999725341797e-06, "Agent4_Epoch31": 2.6226043701171875e-06, "Agent0_Epoch32": 1.6689300537109375e-06, "Agent1_Epoch32": 1.6093254089355469e-06, "Agent2_Epoch32": 1.6093254089355469e-06, "Agent3_Epoch32": 1.6093254089355469e-06, "Agent4_Epoch32": 1.6689300537109375e-06, "Agent0_Epoch33": 1.0132789611816406e-06, "Agent1_Epoch33": 1.1324882507324219e-06, "Agent2_Epoch33": 1.1324882507324219e-06, "Agent3_Epoch33": 1.0132789611816406e-06, "Agent4_Epoch33": 1.0132789611816406e-06, "Agent0_Epoch34": 7.748603820800781e-07, "Agent1_Epoch34": 7.748603820800781e-07, "Agent2_Epoch34": 6.556510925292969e-07, "Agent3_Epoch34": 6.556510925292969e-07, "Agent4_Epoch34": 6.556510925292969e-07, "Agent0_Epoch35": 4.76837158203125e-07, "Agent1_Epoch35": 4.76837158203125e-07, "Agent2_Epoch35": 4.76837158203125e-07, "Agent3_Epoch35": 5.364418029785156e-07, "Agent4_Epoch35": 4.76837158203125e-07, "Agent0_Epoch36": 2.980232238769531e-07, "Agent1_Epoch36": 2.980232238769531e-07, "Agent2_Epoch36": 3.5762786865234375e-07, "Agent3_Epoch36": 3.5762786865234375e-07, "Agent4_Epoch36": 3.5762786865234375e-07, "Agent0_Epoch37": 1.7881393432617188e-07, "Agent1_Epoch37": 2.980232238769531e-07, "Agent2_Epoch37": 2.980232238769531e-07, "Agent3_Epoch37": 2.980232238769531e-07, "Agent4_Epoch37": 2.980232238769531e-07, "Agent0_Epoch38": 2.980232238769531e-07, "Agent1_Epoch38": 1.7881393432617188e-07, "Agent2_Epoch38": 1.7881393432617188e-07, "Agent3_Epoch38": 1.1920928955078125e-07, "Agent4_Epoch38": 1.7881393432617188e-07, "Agent0_Epoch39": 1.7881393432617188e-07, "Agent1_Epoch39": 1.1920928955078125e-07, "Agent2_Epoch39": 1.1920928955078125e-07, "Agent3_Epoch39": 1.1920928955078125e-07, "Agent4_Epoch39": 1.1920928955078125e-07, "Agent0_Epoch40": 1.7881393432617188e-07, "Agent1_Epoch40": 1.1920928955078125e-07,