{"E1_agent0_norm": 1.9322329759597778, "E1_agent1_norm": 2.0653021335601807, "E1_agent2_norm": 2.171541929244995, "E1_agent3_norm": 1.8711079359054565, "E1_agent4_norm": 2.008826971054077, "E2_agent0_norm": 0.026872307062149048, "E2_agent1_norm": 0.6110154390335083, "E2_agent2_norm": 0.534420907497406, "E2_agent3_norm": 0.6151365041732788, "E2_agent4_norm": 0.6643002033233643, "E3_agent0_norm": 0.25165602564811707, "E3_agent1_norm": 0.964820921421051, "E3_agent2_norm": 0.9319266676902771, "E3_agent3_norm": 0.9236100316047668, "E3_agent4_norm": 0.9583559632301331, "E4_agent0_norm": 0.007955488748848438, "E4_agent1_norm": 0.6971703767776489, "E4_agent2_norm": 0.6664074659347534, "E4_agent3_norm": 0.701245129108429, "E4_agent4_norm": 0.6805550456047058, "E5_agent0_norm": 0.0035248645581305027, "E5_agent1_norm": 0.4876473844051361, "E5_agent2_norm": 0.48839613795280457, "E5_agent3_norm": 0.5369483828544617, "E5_agent4_norm": 0.5290642976760864, "E6_agent0_norm": 0.0022643946576863527, "E6_agent1_norm": 0.39218249917030334, "E6_agent2_norm": 0.4182348847389221, "E6_agent3_norm": 0.4067242443561554, "E6_agent4_norm": 0.4071420133113861, "E7_agent0_norm": 0.15783299505710602, "E7_agent1_norm": 0.31994572281837463, "E7_agent2_norm": 0.30895328521728516, "E7_agent3_norm": 0.3151378035545349, "E7_agent4_norm": 0.3177894055843353, "E8_agent0_norm": 0.0012066963827237487, "E8_agent1_norm": 0.2768402397632599, "E8_agent2_norm": 0.247773215174675, "E8_agent3_norm": 0.27302515506744385, "E8_agent4_norm": 0.26859644055366516, "E9_agent0_norm": 0.0010534636676311493, "E9_agent1_norm": 0.2103581726551056, "E9_agent2_norm": 0.24658165872097015, "E9_agent3_norm": 0.2553194761276245, "E9_agent4_norm": 0.2567616105079651, "E10_agent0_norm": 0.12865979969501495, "E10_agent1_norm": 0.23074571788311005, "E10_agent2_norm": 0.24785546958446503, "E10_agent3_norm": 0.25219762325286865, "E10_agent4_norm": 0.2342967689037323, "E11_agent0_norm": 0.00033447702298872173, "E11_agent1_norm": 0.223755344748497, "E11_agent2_norm": 0.2295340746641159, "E11_agent3_norm": 0.23917436599731445, "E11_agent4_norm": 0.22283309698104858, "E12_agent0_norm": 0.00029287819052115083, "E12_agent1_norm": 0.1614050716161728, "E12_agent2_norm": 0.2076808363199234, "E12_agent3_norm": 0.22037038207054138, "E12_agent4_norm": 0.20577992498874664, "E13_agent0_norm": 0.1022396832704544, "E13_agent1_norm": 0.16966348886489868, "E13_agent2_norm": 0.18468232452869415, "E13_agent3_norm": 0.17640888690948486, "E13_agent4_norm": 0.17299874126911163, "E14_agent0_norm": 0.03035232611000538, "E14_agent1_norm": 0.14080023765563965, "E14_agent2_norm": 0.141356959939003, "E14_agent3_norm": 0.1367204189300537, "E14_agent4_norm": 0.14230914413928986, "E15_agent0_norm": 8.329605043400079e-05, "E15_agent1_norm": 0.07896789908409119, "E15_agent2_norm": 0.09774454683065414, "E15_agent3_norm": 0.10575294494628906, "E15_agent4_norm": 0.09659325331449509, "E16_agent0_norm": 5.085631346446462e-05, "E16_agent1_norm": 0.058011144399642944, "E16_agent2_norm": 0.07978029549121857, "E16_agent3_norm": 0.0608706921339035, "E16_agent4_norm": 0.07856352627277374, "E17_agent0_norm": 3.827098771580495e-05, "E17_agent1_norm": 0.04270002990961075, "E17_agent2_norm": 0.056773994117975235, "E17_agent3_norm": 0.045190274715423584, "E17_agent4_norm": 0.056370243430137634, "E18_agent0_norm": 0.027116935700178146, "E18_agent1_norm": 0.039555564522743225, "E18_agent2_norm": 0.0314524807035923, "E18_agent3_norm": 0.042711932212114334, "E18_agent4_norm": 0.031097950413823128, "E19_agent0_norm": 1.4734459000464994e-05, "E19_agent1_norm": 0.022438863292336464, "E19_agent2_norm": 0.030299963429570198, "E19_agent3_norm": 0.0233752578496933, "E19_agent4_norm": 0.030759962275624275, "E20_agent0_norm": 0.014690831303596497, "E20_agent1_norm": 0.021164698526263237, "E20_agent2_norm": 0.016807187348604202, "E20_agent3_norm": 0.022522779181599617, "E20_agent4_norm": 0.016812946647405624, "E21_agent0_norm": 6.172547273308737e-06, "E21_agent1_norm": 0.011735523119568825, "E21_agent2_norm": 0.015590301714837551, "E21_agent3_norm": 0.01277359202504158, "E21_agent4_norm": 0.016286466270685196, "E22_agent0_norm": 0.007785479538142681, "E22_agent1_norm": 0.011498670093715191, "E22_agent2_norm": 0.008674387820065022, "E22_agent3_norm": 0.011952122673392296, "E22_agent4_norm": 0.008635998703539371, "E23_agent0_norm": 3.2737780202296562e-06, "E23_agent1_norm": 0.0060761356726288795, "E23_agent2_norm": 0.00825792457908392, "E23_agent3_norm": 0.006441645324230194, "E23_agent4_norm": 0.00855284370481968, "E24_agent0_norm": 0.004232154693454504, "E24_agent1_norm": 0.006088860798627138, "E24_agent2_norm": 0.0044020917266607285, "E24_agent3_norm": 0.006391771137714386, "E24_agent4_norm": 0.0046316031366586685, "E25_agent0_norm": 7.415453069370415e-07, "E25_agent1_norm": 0.003220120444893837, "E25_agent2_norm": 0.004269925411790609, "E25_agent3_norm": 0.0032916939817368984, "E25_agent4_norm": 0.004194877576082945, "E26_agent0_norm": 0.0021598776802420616, "E26_agent1_norm": 0.0030485449824482203, "E26_agent2_norm": 0.0029819547198712826, "E26_agent3_norm": 0.0032569437753409147, "E26_agent4_norm": 0.0031284380238503218, "E27_agent0_norm": 0.0015118682058528066, "E27_agent1_norm": 0.002172473818063736, "E27_agent2_norm": 0.0015819122781977057, "E27_agent3_norm": 0.002297678031027317, "E27_agent4_norm": 0.0016328142955899239, "E28_agent0_norm": 5.263794946586131e-07, "E28_agent1_norm": 0.0011252542026340961, "E28_agent2_norm": 0.001563526806421578, "E28_agent3_norm": 0.00118227896746248, "E28_agent4_norm": 0.0015911231748759747, "E29_agent0_norm": 0.0007549086585640907, "E29_agent1_norm": 0.0010741486912593246, "E29_agent2_norm": 0.0010823255870491266, "E29_agent3_norm": 0.0011069022584706545, "E29_agent4_norm": 0.0010916820028796792, "E30_agent0_norm": 0.000538512715138495, "E30_agent1_norm": 0.0007746406481601298, "E30_agent2_norm": 0.0005688766250386834, "E30_agent3_norm": 0.0007989470614120364, "E30_agent4_norm": 0.0005755542078986764, "E31_agent0_norm": 1.2988482467335416e-07, "E31_agent1_norm": 0.0004000282206106931, "E31_agent2_norm": 0.0005338160553947091, "E31_agent3_norm": 0.00041711455560289323, "E31_agent4_norm": 0.0005605467595160007, "E32_agent0_norm": 0.0002691666013561189, "E32_agent1_norm": 0.00038143846904858947, "E32_agent2_norm": 0.0002853074693121016, "E32_agent3_norm": 0.0003900810261256993, "E32_agent4_norm": 0.00028729686164297163, "E33_agent0_norm": 7.447028593787763e-08, "E33_agent1_norm": 0.00019975495524704456, "E33_agent2_norm": 0.0002698622120078653, "E33_agent3_norm": 0.00020859419601038098, "E33_agent4_norm": 0.0002774599124677479, "E34_agent0_norm": 2.199287330029165e-08, "E34_agent1_norm": 0.00014161135186441243, "E34_agent2_norm": 0.00018649832054506987, "E34_agent3_norm": 0.00014758940960746258, "E34_agent4_norm": 0.00019586335110943764, "E35_agent0_norm": 9.347990271635354e-05, "E35_agent1_norm": 0.00013066713290754706, "E35_agent2_norm": 9.965259960154071e-05, "E35_agent3_norm": 0.00013989838771522045, "E35_agent4_norm": 9.961961040971801e-05, "E36_agent0_norm": 2.825542466666775e-09, "E36_agent1_norm": 6.830890924902633e-05, "E36_agent2_norm": 9.220039646606892e-05, "E36_agent3_norm": 7.184326386777684e-05, "E36_agent4_norm": 9.633041190681979e-05, "E37_agent0_norm": 4.4779553718399256e-05, "E37_agent1_norm": 6.63302926113829e-05, "E37_agent2_norm": 4.820630419999361e-05, "E37_agent3_norm": 6.924445187905803e-05, "E37_agent4_norm": 4.8191635869443417e-05, "E38_agent0_norm": 3.748564569860946e-09, "E38_agent1_norm": 3.445452966843732e-05, "E38_agent2_norm": 4.5028111344436184e-05, "E38_agent3_norm": 3.485216439003125e-05, "E38_agent4_norm": 4.6553846914321184e-05, "E39_agent0_norm": 2.305029374838341e-05, "E39_agent1_norm": 3.2309300877386704e-05, "E39_agent2_norm": 2.4060296709649265e-05, "E39_agent3_norm": 3.349940016050823e-05, "E39_agent4_norm": 2.459041388647165e-05, "E40_agent0_norm": 7.421190328926741e-10,