{"Agent0_Epoch1": 0.29284900426864624, "Agent1_Epoch1": 0.29537373781204224, "Agent2_Epoch1": 0.9892651438713074, "Agent3_Epoch1": 0.9900924563407898, "Agent4_Epoch1": 0.99314284324646, "Agent0_Epoch2": 0.05312037467956543, "Agent1_Epoch2": 0.285091757774353, "Agent2_Epoch2": 0.28813040256500244, "Agent3_Epoch2": 0.286918580532074, "Agent4_Epoch2": 0.2848420739173889, "Agent0_Epoch3": 0.031717896461486816, "Agent1_Epoch3": 0.1294461488723755, "Agent2_Epoch3": 0.13376575708389282, "Agent3_Epoch3": 0.13385283946990967, "Agent4_Epoch3": 0.1306314468383789, "Agent0_Epoch4": 0.021685540676116943, "Agent1_Epoch4": 0.06535381078720093, "Agent2_Epoch4": 0.0670175552368164, "Agent3_Epoch4": 0.06710493564605713, "Agent4_Epoch4": 0.06667578220367432, "Agent0_Epoch5": 0.014603018760681152, "Agent1_Epoch5": 0.034877657890319824, "Agent2_Epoch5": 0.0368422269821167, "Agent3_Epoch5": 0.037457168102264404, "Agent4_Epoch5": 0.03710693120956421, "Agent0_Epoch6": 0.010558903217315674, "Agent1_Epoch6": 0.02095574140548706, "Agent2_Epoch6": 0.021459221839904785, "Agent3_Epoch6": 0.021738290786743164, "Agent4_Epoch6": 0.021601438522338867, "Agent0_Epoch7": 0.007642507553100586, "Agent1_Epoch7": 0.01315993070602417, "Agent2_Epoch7": 0.01349097490310669, "Agent3_Epoch7": 0.01378697156906128, "Agent4_Epoch7": 0.01382821798324585, "Agent0_Epoch8": 0.005718529224395752, "Agent1_Epoch8": 0.008823931217193604, "Agent2_Epoch8": 0.008999168872833252, "Agent3_Epoch8": 0.009210705757141113, "Agent4_Epoch8": 0.009178638458251953, "Agent0_Epoch9": 0.004457354545593262, "Agent1_Epoch9": 0.006317198276519775, "Agent2_Epoch9": 0.006315052509307861, "Agent3_Epoch9": 0.006356775760650635, "Agent4_Epoch9": 0.006417751312255859, "Agent0_Epoch10": 0.003481924533843994, "Agent1_Epoch10": 0.004616796970367432, "Agent2_Epoch10": 0.004710495471954346, "Agent3_Epoch10": 0.004761457443237305, "Agent4_Epoch10": 0.004787325859069824, "Agent0_Epoch11": 0.0028252601623535156, "Agent1_Epoch11": 0.003553926944732666, "Agent2_Epoch11": 0.0035724639892578125, "Agent3_Epoch11": 0.003638744354248047, "Agent4_Epoch11": 0.0036323070526123047, "Agent0_Epoch12": 0.002293884754180908, "Agent1_Epoch12": 0.002767205238342285, "Agent2_Epoch12": 0.002762138843536377, "Agent3_Epoch12": 0.0028310418128967285, "Agent4_Epoch12": 0.002807319164276123, "Agent0_Epoch13": 0.0018507838249206543, "Agent1_Epoch13": 0.0021587610244750977, "Agent2_Epoch13": 0.002130448818206787, "Agent3_Epoch13": 0.0021973252296447754, "Agent4_Epoch13": 0.0022295713424682617, "Agent0_Epoch14": 0.00145035982131958, "Agent1_Epoch14": 0.0016463994979858398, "Agent2_Epoch14": 0.0016725659370422363, "Agent3_Epoch14": 0.0017021894454956055, "Agent4_Epoch14": 0.0016993284225463867, "Agent0_Epoch15": 0.0011184215545654297, "Agent1_Epoch15": 0.0012416839599609375, "Agent2_Epoch15": 0.00125885009765625, "Agent3_Epoch15": 0.001287221908569336, "Agent4_Epoch15": 0.0012627840042114258, "Agent0_Epoch16": 0.0008401274681091309, "Agent1_Epoch16": 0.0009159445762634277, "Agent2_Epoch16": 0.0009268522262573242, "Agent3_Epoch16": 0.0009453892707824707, "Agent4_Epoch16": 0.0009388327598571777, "Agent0_Epoch17": 0.0006209611892700195, "Agent1_Epoch17": 0.0006666779518127441, "Agent2_Epoch17": 0.0006651878356933594, "Agent3_Epoch17": 0.0006694197654724121, "Agent4_Epoch17": 0.0006681680679321289, "Agent0_Epoch18": 0.00044590234756469727, "Agent1_Epoch18": 0.00047272443771362305, "Agent2_Epoch18": 0.0004741549491882324, "Agent3_Epoch18": 0.0004801154136657715, "Agent4_Epoch18": 0.0004773736000061035, "Agent0_Epoch19": 0.0003165006637573242, "Agent1_Epoch19": 0.00033217668533325195, "Agent2_Epoch19": 0.00033420324325561523, "Agent3_Epoch19": 0.00033545494079589844, "Agent4_Epoch19": 0.00033611059188842773, "Agent0_Epoch20": 0.0002219080924987793, "Agent1_Epoch20": 0.0002307295799255371, "Agent2_Epoch20": 0.00023186206817626953, "Agent3_Epoch20": 0.0002338886260986328, "Agent4_Epoch20": 0.0002334117889404297, "Agent0_Epoch21": 0.00015425682067871094, "Agent1_Epoch21": 0.00015920400619506836, "Agent2_Epoch21": 0.00015938282012939453, "Agent3_Epoch21": 0.00016045570373535156, "Agent4_Epoch21": 0.00016051530838012695, "Agent0_Epoch22": 0.00010597705841064453, "Agent1_Epoch22": 0.00010877847671508789, "Agent2_Epoch22": 0.00010907649993896484, "Agent3_Epoch22": 0.00010991096496582031, "Agent4_Epoch22": 0.00010961294174194336, "Agent0_Epoch23": 7.218122482299805e-05, "Agent1_Epoch23": 7.390975952148438e-05, "Agent2_Epoch23": 7.420778274536133e-05, "Agent3_Epoch23": 7.43865966796875e-05, "Agent4_Epoch23": 7.426738739013672e-05, "Agent0_Epoch24": 4.887580871582031e-05, "Agent1_Epoch24": 4.982948303222656e-05, "Agent2_Epoch24": 4.982948303222656e-05, "Agent3_Epoch24": 5.0008296966552734e-05, "Agent4_Epoch24": 5.0127506256103516e-05, "Agent0_Epoch25": 3.3020973205566406e-05, "Agent1_Epoch25": 3.343820571899414e-05, "Agent2_Epoch25": 3.343820571899414e-05, "Agent3_Epoch25": 3.361701965332031e-05, "Agent4_Epoch25": 3.343820571899414e-05, "Agent0_Epoch26": 2.199411392211914e-05, "Agent1_Epoch26": 2.2351741790771484e-05, "Agent2_Epoch26": 2.2351741790771484e-05, "Agent3_Epoch26": 2.2232532501220703e-05, "Agent4_Epoch26": 2.2232532501220703e-05, "Agent0_Epoch27": 1.4662742614746094e-05, "Agent1_Epoch27": 1.4662742614746094e-05, "Agent2_Epoch27": 1.4722347259521484e-05, "Agent3_Epoch27": 1.4722347259521484e-05, "Agent4_Epoch27": 1.4841556549072266e-05, "Agent0_Epoch28": 9.655952453613281e-06, "Agent1_Epoch28": 9.775161743164062e-06, "Agent2_Epoch28": 9.775161743164062e-06, "Agent3_Epoch28": 9.775161743164062e-06, "Agent4_Epoch28": 9.894371032714844e-06, "Agent0_Epoch29": 6.318092346191406e-06, "Agent1_Epoch29": 6.318092346191406e-06, "Agent2_Epoch29": 6.4373016357421875e-06, "Agent3_Epoch29": 6.496906280517578e-06, "Agent4_Epoch29": 6.4373016357421875e-06, "Agent0_Epoch30": 4.351139068603516e-06, "Agent1_Epoch30": 4.291534423828125e-06, "Agent2_Epoch30": 4.351139068603516e-06, "Agent3_Epoch30": 4.291534423828125e-06, "Agent4_Epoch30": 4.291534423828125e-06, "Agent0_Epoch31": 2.682209014892578e-06, "Agent1_Epoch31": 2.8014183044433594e-06, "Agent2_Epoch31": 2.682209014892578e-06, "Agent3_Epoch31": 2.8014183044433594e-06, "Agent4_Epoch31": 2.682209014892578e-06, "Agent0_Epoch32": 1.7881393432617188e-06, "Agent1_Epoch32": 1.8477439880371094e-06, "Agent2_Epoch32": 1.7881393432617188e-06, "Agent3_Epoch32": 1.8477439880371094e-06, "Agent4_Epoch32": 1.7881393432617188e-06, "Agent0_Epoch33": 1.1324882507324219e-06, "Agent1_Epoch33": 1.0132789611816406e-06, "Agent2_Epoch33": 1.1324882507324219e-06, "Agent3_Epoch33": 1.1920928955078125e-06, "Agent4_Epoch33": 1.1920928955078125e-06, "Agent0_Epoch34": 7.152557373046875e-07, "Agent1_Epoch34": 8.344650268554688e-07, "Agent2_Epoch34": 8.344650268554688e-07, "Agent3_Epoch34": 8.344650268554688e-07, "Agent4_Epoch34": 8.344650268554688e-07, "Agent0_Epoch35": 4.76837158203125e-07, "Agent1_Epoch35": 4.76837158203125e-07, "Agent2_Epoch35": 4.76837158203125e-07, "Agent3_Epoch35": 4.76837158203125e-07, "Agent4_Epoch35": 4.76837158203125e-07, "Agent0_Epoch36": 3.5762786865234375e-07, "Agent1_Epoch36": 3.5762786865234375e-07, "Agent2_Epoch36": 2.980232238769531e-07, "Agent3_Epoch36": 2.980232238769531e-07, "Agent4_Epoch36": 3.5762786865234375e-07, "Agent0_Epoch37": 2.980232238769531e-07, "Agent1_Epoch37": 1.7881393432617188e-07, "Agent2_Epoch37": 1.7881393432617188e-07, "Agent3_Epoch37": 2.980232238769531e-07, "Agent4_Epoch37": 2.980232238769531e-07, "Agent0_Epoch38": 1.7881393432617188e-07, "Agent1_Epoch38": 1.7881393432617188e-07, "Agent2_Epoch38": 1.7881393432617188e-07, "Agent3_Epoch38": 1.7881393432617188e-07, "Agent4_Epoch38": 1.7881393432617188e-07, "Agent0_Epoch39": 1.1920928955078125e-07, "Agent1_Epoch39": 1.1920928955078125e-07, "Agent2_Epoch39": 0.0, "Agent3_Epoch39": 1.1920928955078125e-07, "Agent4_Epoch39": 1.1920928955078125e-07, "Agent0_Epoch40": 1.1920928955078125e-07, "Agent1_Epoch40": 0.0, "Agent2_Epoch40": 0.0, "Agent3_Epoch40": 0.0,