{"E1_agent0_norm": 1.881946086883545, "E1_agent1_norm": 1.9802322387695312, "E1_agent2_norm": 2.153860330581665, "E1_agent3_norm": 2.225435256958008, "E1_agent4_norm": 2.1085023880004883, "E2_agent0_norm": 0.023698905482888222, "E2_agent1_norm": 0.36876434087753296, "E2_agent2_norm": 0.3486197292804718, "E2_agent3_norm": 0.40732502937316895, "E2_agent4_norm": 0.4235648512840271, "E3_agent0_norm": 0.04597930237650871, "E3_agent1_norm": 0.5662118792533875, "E3_agent2_norm": 0.5306281447410583, "E3_agent3_norm": 0.5594257116317749, "E3_agent4_norm": 0.5795445442199707, "E4_agent0_norm": 0.0046828435733914375, "E4_agent1_norm": 0.6056651473045349, "E4_agent2_norm": 0.6837059855461121, "E4_agent3_norm": 0.6622295379638672, "E4_agent4_norm": 0.6109399795532227, "E5_agent0_norm": 0.06235456094145775, "E5_agent1_norm": 0.5324551463127136, "E5_agent2_norm": 0.5337561368942261, "E5_agent3_norm": 0.5374165773391724, "E5_agent4_norm": 0.5113885402679443, "E6_agent0_norm": 0.0020634846296161413, "E6_agent1_norm": 0.4168739914894104, "E6_agent2_norm": 0.3997699022293091, "E6_agent3_norm": 0.42649683356285095, "E6_agent4_norm": 0.4120745062828064, "E7_agent0_norm": 0.0013509010896086693, "E7_agent1_norm": 0.3306807577610016, "E7_agent2_norm": 0.322895348072052, "E7_agent3_norm": 0.3439215421676636, "E7_agent4_norm": 0.3400164842605591, "E8_agent0_norm": 0.0008057024679146707, "E8_agent1_norm": 0.2857891321182251, "E8_agent2_norm": 0.27624472975730896, "E8_agent3_norm": 0.28925231099128723, "E8_agent4_norm": 0.27961018681526184, "E9_agent0_norm": 0.0006166946259327233, "E9_agent1_norm": 0.2510499358177185, "E9_agent2_norm": 0.2539081275463104, "E9_agent3_norm": 0.24620795249938965, "E9_agent4_norm": 0.2651945948600769, "E10_agent0_norm": 0.00047542055835947394, "E10_agent1_norm": 0.24063453078269958, "E10_agent2_norm": 0.23472605645656586, "E10_agent3_norm": 0.22916574776172638, "E10_agent4_norm": 0.23996303975582123, "E11_agent0_norm": 0.00029292338876985013, "E11_agent1_norm": 0.21999907493591309, "E11_agent2_norm": 0.21227402985095978, "E11_agent3_norm": 0.20808781683444977, "E11_agent4_norm": 0.22521154582500458, "E12_agent0_norm": 0.0001778250007191673, "E12_agent1_norm": 0.19239692389965057, "E12_agent2_norm": 0.19469447433948517, "E12_agent3_norm": 0.1939425766468048, "E12_agent4_norm": 0.19927716255187988, "E13_agent0_norm": 0.00019019970204681158, "E13_agent1_norm": 0.1663651019334793, "E13_agent2_norm": 0.17303341627120972, "E13_agent3_norm": 0.16089259088039398, "E13_agent4_norm": 0.1707945019006729, "E14_agent0_norm": 7.890165579738095e-05, "E14_agent1_norm": 0.13511016964912415, "E14_agent2_norm": 0.13933506608009338, "E14_agent3_norm": 0.13505704700946808, "E14_agent4_norm": 0.14255410432815552, "E15_agent0_norm": 6.285445851972327e-05, "E15_agent1_norm": 0.10654191672801971, "E15_agent2_norm": 0.10774792730808258, "E15_agent3_norm": 0.10557271540164948, "E15_agent4_norm": 0.10814264416694641, "E16_agent0_norm": 5.00180249218829e-05, "E16_agent1_norm": 0.08068185299634933, "E16_agent2_norm": 0.08150836825370789, "E16_agent3_norm": 0.07933992147445679, "E16_agent4_norm": 0.0807979479432106, "E17_agent0_norm": 3.269614899181761e-05, "E17_agent1_norm": 0.060028351843357086, "E17_agent2_norm": 0.059743382036685944, "E17_agent3_norm": 0.059191420674324036, "E17_agent4_norm": 0.059097204357385635, "E18_agent0_norm": 0.018520787358283997, "E18_agent1_norm": 0.04359859973192215, "E18_agent2_norm": 0.03942406177520752, "E18_agent3_norm": 0.042563386261463165, "E18_agent4_norm": 0.039678726345300674, "E19_agent0_norm": 1.7789356206776574e-05, "E19_agent1_norm": 0.031702443957328796, "E19_agent2_norm": 0.03221822902560234, "E19_agent3_norm": 0.03151383996009827, "E19_agent4_norm": 0.03217194601893425, "E20_agent0_norm": 1.2251891348569188e-05, "E20_agent1_norm": 0.022977190092206, "E20_agent2_norm": 0.023616930469870567, "E20_agent3_norm": 0.02303863689303398, "E20_agent4_norm": 0.023517953231930733, "E21_agent0_norm": 8.079328836174682e-06, "E21_agent1_norm": 0.01717541553080082, "E21_agent2_norm": 0.016797378659248352, "E21_agent3_norm": 0.01692330837249756, "E21_agent4_norm": 0.01678602211177349, "E22_agent0_norm": 5.044282715971349e-06, "E22_agent1_norm": 0.012608869932591915, "E22_agent2_norm": 0.012518258765339851, "E22_agent3_norm": 0.012334655039012432, "E22_agent4_norm": 0.012428829446434975, "E23_agent0_norm": 4.003405138064409e-06, "E23_agent1_norm": 0.008887468837201595, "E23_agent2_norm": 0.00904933549463749, "E23_agent3_norm": 0.008990537375211716, "E23_agent4_norm": 0.009206213988363743, "E24_agent0_norm": 2.086059566863696e-06, "E24_agent1_norm": 0.006426092702895403, "E24_agent2_norm": 0.006519257556647062, "E24_agent3_norm": 0.006417710334062576, "E24_agent4_norm": 0.006359473802149296, "E25_agent0_norm": 1.5211159052341827e-06, "E25_agent1_norm": 0.004557154607027769, "E25_agent2_norm": 0.004675271920859814, "E25_agent3_norm": 0.004515630193054676, "E25_agent4_norm": 0.00458849873393774, "E26_agent0_norm": 1.0298592769686366e-06, "E26_agent1_norm": 0.003295642789453268, "E26_agent2_norm": 0.0033588255755603313, "E26_agent3_norm": 0.0033615226857364178, "E26_agent4_norm": 0.0031739913392812014, "E27_agent0_norm": 8.501094725943403e-07, "E27_agent1_norm": 0.00229596602730453, "E27_agent2_norm": 0.002401223173364997, "E27_agent3_norm": 0.0023882826790213585, "E27_agent4_norm": 0.002373272320255637, "E28_agent0_norm": 7.527646062044369e-07, "E28_agent1_norm": 0.0016566152917221189, "E28_agent2_norm": 0.00165287044364959, "E28_agent3_norm": 0.0016729109920561314, "E28_agent4_norm": 0.001693574246019125, "E29_agent0_norm": 1.721131184240221e-07, "E29_agent1_norm": 0.001170842326246202, "E29_agent2_norm": 0.0012068144278600812, "E29_agent3_norm": 0.001183433923870325, "E29_agent4_norm": 0.0012044698232784867, "E30_agent0_norm": 2.2931891408006777e-07, "E30_agent1_norm": 0.0008493202039971948, "E30_agent2_norm": 0.0008548334008082747, "E30_agent3_norm": 0.0008207184728235006, "E30_agent4_norm": 0.0008328633848577738, "E31_agent0_norm": 7.141370019780879e-07, "E31_agent1_norm": 0.0005906245205551386, "E31_agent2_norm": 0.0005893721245229244, "E31_agent3_norm": 0.0005867634317837656, "E31_agent4_norm": 0.0005850274465046823, "E32_agent0_norm": 3.694103156703932e-08, "E32_agent1_norm": 0.0004089494759682566, "E32_agent2_norm": 0.00041680282447487116, "E32_agent3_norm": 0.0004177390073891729, "E32_agent4_norm": 0.0004194217617623508, "E33_agent0_norm": 6.765837383682083e-07, "E33_agent1_norm": 0.0002911993069574237, "E33_agent2_norm": 0.00028497716994024813, "E33_agent3_norm": 0.00028989973361603916, "E33_agent4_norm": 0.0002929513284470886, "E34_agent0_norm": 3.03378584476377e-08, "E34_agent1_norm": 0.00020710182434413582, "E34_agent2_norm": 0.00020874239271506667, "E34_agent3_norm": 0.0002047632005997002, "E34_agent4_norm": 0.0002092406793963164, "E35_agent0_norm": 6.762664952475461e-07, "E35_agent1_norm": 0.00014601227303501219, "E35_agent2_norm": 0.00014349998673424125, "E35_agent3_norm": 0.00014614607789553702, "E35_agent4_norm": 0.0001478668418712914, "E36_agent0_norm": 1.04127888533867e-08, "E36_agent1_norm": 0.00010059003398055211, "E36_agent2_norm": 0.00010159732482861727, "E36_agent3_norm": 0.00010189915337832645, "E36_agent4_norm": 0.00010017626482294872, "E37_agent0_norm": 6.726341439389216e-07, "E37_agent1_norm": 7.053560693748295e-05, "E37_agent2_norm": 6.971309630898759e-05, "E37_agent3_norm": 7.174025085987523e-05, "E37_agent4_norm": 7.417461165459827e-05, "E38_agent0_norm": 6.764189763863726e-10, "E38_agent1_norm": 4.912538861390203e-05, "E38_agent2_norm": 5.017534567741677e-05, "E38_agent3_norm": 4.9909813242265955e-05, "E38_agent4_norm": 4.976740092388354e-05, "E39_agent0_norm": 1.8227119813474246e-10, "E39_agent1_norm": 3.4975480957655236e-05, "E39_agent2_norm": 3.490652670734562e-05, "E39_agent3_norm": 3.4598346246639267e-05, "E39_agent4_norm": 3.484954504529014e-05, "E40_agent0_norm": 6.030735448803171e-07,