{"E1_agent0_norm": 2.4292547702789307, "E1_agent1_norm": 2.999713182449341, "E1_agent2_norm": 3.2033419609069824, "E1_agent3_norm": 3.4128732681274414, "E1_agent4_norm": 2.914539337158203, "E1_agent5_norm": 2.8536176681518555, "E2_agent0_norm": 0.8780332207679749, "E2_agent1_norm": 2.3197214603424072, "E2_agent2_norm": 2.2759525775909424, "E2_agent3_norm": 2.474184513092041, "E2_agent4_norm": 2.401676654815674, "E2_agent5_norm": 2.553572654724121, "E3_agent0_norm": 0.8133692741394043, "E3_agent1_norm": 2.1042277812957764, "E3_agent2_norm": 2.112739086151123, "E3_agent3_norm": 1.988166332244873, "E3_agent4_norm": 2.2489876747131348, "E3_agent5_norm": 2.218092203140259, "E4_agent0_norm": 0.8541119694709778, "E4_agent1_norm": 1.7126659154891968, "E4_agent2_norm": 2.105966091156006, "E4_agent3_norm": 2.206777334213257, "E4_agent4_norm": 2.030780553817749, "E4_agent5_norm": 2.027013063430786, "E5_agent0_norm": 0.8047451376914978, "E5_agent1_norm": 1.7641593217849731, "E5_agent2_norm": 1.7644038200378418, "E5_agent3_norm": 2.0249147415161133, "E5_agent4_norm": 1.5968008041381836, "E5_agent5_norm": 1.5305485725402832, "E6_agent0_norm": 0.695655107498169, "E6_agent1_norm": 1.4204826354980469, "E6_agent2_norm": 1.5194309949874878, "E6_agent3_norm": 1.655624508857727, "E6_agent4_norm": 1.2803294658660889, "E6_agent5_norm": 1.2506495714187622, "E7_agent0_norm": 0.5758686065673828, "E7_agent1_norm": 1.2115594148635864, "E7_agent2_norm": 1.1713935136795044, "E7_agent3_norm": 1.3015942573547363, "E7_agent4_norm": 0.9561232924461365, "E7_agent5_norm": 1.0178301334381104, "E8_agent0_norm": 0.4783598482608795, "E8_agent1_norm": 0.982624351978302, "E8_agent2_norm": 0.970954179763794, "E8_agent3_norm": 1.0273889303207397, "E8_agent4_norm": 0.7823154330253601, "E8_agent5_norm": 0.8692024946212769, "E9_agent0_norm": 0.4046669602394104, "E9_agent1_norm": 0.7616915106773376, "E9_agent2_norm": 0.7672472596168518, "E9_agent3_norm": 0.8241076469421387, "E9_agent4_norm": 0.6621934771537781, "E9_agent5_norm": 0.7877416610717773, "E10_agent0_norm": 0.34997376799583435, "E10_agent1_norm": 0.656852126121521, "E10_agent2_norm": 0.687497615814209, "E10_agent3_norm": 0.6967806220054626, "E10_agent4_norm": 0.5374534130096436, "E10_agent5_norm": 0.641941487789154, "E11_agent0_norm": 0.3015861511230469, "E11_agent1_norm": 0.5393862724304199, "E11_agent2_norm": 0.5816552042961121, "E11_agent3_norm": 0.5814775824546814, "E11_agent4_norm": 0.46498730778694153, "E11_agent5_norm": 0.5170797109603882, "E12_agent0_norm": 0.2664494514465332, "E12_agent1_norm": 0.4520948827266693, "E12_agent2_norm": 0.47965747117996216, "E12_agent3_norm": 0.4818032383918762, "E12_agent4_norm": 0.3785693943500519, "E12_agent5_norm": 0.44292357563972473, "E13_agent0_norm": 0.2588481605052948, "E13_agent1_norm": 0.38405564427375793, "E13_agent2_norm": 0.4052327275276184, "E13_agent3_norm": 0.4010296165943146, "E13_agent4_norm": 0.3464488089084625, "E13_agent5_norm": 0.4039834141731262, "E14_agent0_norm": 0.2414638251066208, "E14_agent1_norm": 0.32845500111579895, "E14_agent2_norm": 0.35406097769737244, "E14_agent3_norm": 0.3292422294616699, "E14_agent4_norm": 0.2927734851837158, "E14_agent5_norm": 0.3662737309932709, "E15_agent0_norm": 0.22687827050685883, "E15_agent1_norm": 0.2883537709712982, "E15_agent2_norm": 0.29064661264419556, "E15_agent3_norm": 0.2845897674560547, "E15_agent4_norm": 0.2531968355178833, "E15_agent5_norm": 0.31594014167785645, "E16_agent0_norm": 0.22352991998195648, "E16_agent1_norm": 0.23610058426856995, "E16_agent2_norm": 0.24728171527385712, "E16_agent3_norm": 0.238825723528862, "E16_agent4_norm": 0.20895960927009583, "E16_agent5_norm": 0.2746767997741699, "E17_agent0_norm": 0.20406174659729004, "E17_agent1_norm": 0.1867750734090805, "E17_agent2_norm": 0.19752253592014313, "E17_agent3_norm": 0.18815918266773224, "E17_agent4_norm": 0.17505644261837006, "E17_agent5_norm": 0.2370864301919937, "E18_agent0_norm": 0.20109573006629944, "E18_agent1_norm": 0.1479266881942749, "E18_agent2_norm": 0.153434619307518, "E18_agent3_norm": 0.14225131273269653, "E18_agent4_norm": 0.14482493698596954, "E18_agent5_norm": 0.191910058259964, "E19_agent0_norm": 0.1794319897890091, "E19_agent1_norm": 0.10893456637859344, "E19_agent2_norm": 0.11590517312288284, "E19_agent3_norm": 0.10989294946193695, "E19_agent4_norm": 0.11631443351507187, "E19_agent5_norm": 0.1498176008462906, "E20_agent0_norm": 0.1492130607366562, "E20_agent1_norm": 0.08186288177967072, "E20_agent2_norm": 0.08357899636030197, "E20_agent3_norm": 0.08414085954427719, "E20_agent4_norm": 0.08649999648332596, "E20_agent5_norm": 0.10747162997722626, "E21_agent0_norm": 0.12268365919589996, "E21_agent1_norm": 0.0601571723818779, "E21_agent2_norm": 0.06359321624040604, "E21_agent3_norm": 0.06483404338359833, "E21_agent4_norm": 0.05954008549451828, "E21_agent5_norm": 0.0892014279961586, "E22_agent0_norm": 0.09560082107782364, "E22_agent1_norm": 0.04375096783041954, "E22_agent2_norm": 0.049575526267290115, "E22_agent3_norm": 0.04657091572880745, "E22_agent4_norm": 0.042888615280389786, "E22_agent5_norm": 0.0796009823679924, "E23_agent0_norm": 0.06792377680540085, "E23_agent1_norm": 0.03159800171852112, "E23_agent2_norm": 0.0353461317718029, "E23_agent3_norm": 0.034142784774303436, "E23_agent4_norm": 0.03270723298192024, "E23_agent5_norm": 0.05450853332877159, "E24_agent0_norm": 0.04776943102478981, "E24_agent1_norm": 0.02149033173918724, "E24_agent2_norm": 0.024915620684623718, "E24_agent3_norm": 0.024799425154924393, "E24_agent4_norm": 0.02293594367802143, "E24_agent5_norm": 0.034483764320611954, "E25_agent0_norm": 0.03326978161931038, "E25_agent1_norm": 0.01489215437322855, "E25_agent2_norm": 0.01738816499710083, "E25_agent3_norm": 0.017103880643844604, "E25_agent4_norm": 0.015948200598359108, "E25_agent5_norm": 0.02329177036881447, "E26_agent0_norm": 0.023083411157131195, "E26_agent1_norm": 0.010918310843408108, "E26_agent2_norm": 0.013588094152510166, "E26_agent3_norm": 0.012988731265068054, "E26_agent4_norm": 0.011751141399145126, "E26_agent5_norm": 0.014726412482559681, "E27_agent0_norm": 0.016077594831585884, "E27_agent1_norm": 0.00782617088407278, "E27_agent2_norm": 0.010068146511912346, "E27_agent3_norm": 0.009241168387234211, "E27_agent4_norm": 0.008272436447441578, "E27_agent5_norm": 0.010001125745475292, "E28_agent0_norm": 0.01155006606131792, "E28_agent1_norm": 0.005677954293787479, "E28_agent2_norm": 0.007488928269594908, "E28_agent3_norm": 0.007042383775115013, "E28_agent4_norm": 0.005940358620136976, "E28_agent5_norm": 0.007117434870451689, "E29_agent0_norm": 0.008132359944283962, "E29_agent1_norm": 0.004061611369252205, "E29_agent2_norm": 0.005364891607314348, "E29_agent3_norm": 0.005144392605870962, "E29_agent4_norm": 0.004163239151239395, "E29_agent5_norm": 0.004814045503735542, "E30_agent0_norm": 0.00580036174505949, "E30_agent1_norm": 0.003024469828233123, "E30_agent2_norm": 0.003879823023453355, "E30_agent3_norm": 0.0036529104690998793, "E30_agent4_norm": 0.0029243980534374714, "E30_agent5_norm": 0.0038428413681685925, "E31_agent0_norm": 0.004047943279147148, "E31_agent1_norm": 0.0021264890674501657, "E31_agent2_norm": 0.002849182579666376, "E31_agent3_norm": 0.0027034992817789316, "E31_agent4_norm": 0.0021317636128515005, "E31_agent5_norm": 0.0025837752036750317, "E32_agent0_norm": 0.0028828377835452557, "E32_agent1_norm": 0.0015218062326312065, "E32_agent2_norm": 0.0020627339836210012, "E32_agent3_norm": 0.0019262507557868958, "E32_agent4_norm": 0.0015216799220070243, "E32_agent5_norm": 0.0017893135081976652, "E33_agent0_norm": 0.00202671205624938, "E33_agent1_norm": 0.001071216189302504, "E33_agent2_norm": 0.0014603459276258945, "E33_agent3_norm": 0.001388014992699027, "E33_agent4_norm": 0.0010982021922245622, "E33_agent5_norm": 0.001331574865616858, "E34_agent0_norm": 0.0014290999388322234, "E34_agent1_norm": 0.000778879679273814, "E34_agent2_norm": 0.0010669243056327105, "E34_agent3_norm": 0.00099173653870821,