{"Agent0_Epoch1": 0.30442893505096436, "Agent1_Epoch1": 0.2891694903373718, "Agent2_Epoch1": 0.9932788014411926, "Agent3_Epoch1": 0.9895074367523193, "Agent4_Epoch1": 0.9850820302963257, "Agent5_Epoch1": 0.986890435218811, "Agent0_Epoch2": 0.07674068212509155, "Agent1_Epoch2": 0.3283413052558899, "Agent2_Epoch2": 0.41630011796951294, "Agent3_Epoch2": 0.43940412998199463, "Agent4_Epoch2": 0.4350837469100952, "Agent5_Epoch2": 0.4205528497695923, "Agent0_Epoch3": 0.05076092481613159, "Agent1_Epoch3": 0.19023197889328003, "Agent2_Epoch3": 0.25033682584762573, "Agent3_Epoch3": 0.2808544635772705, "Agent4_Epoch3": 0.2818930745124817, "Agent5_Epoch3": 0.25217288732528687, "Agent0_Epoch4": 0.03899538516998291, "Agent1_Epoch4": 0.11479395627975464, "Agent2_Epoch4": 0.1716793179512024, "Agent3_Epoch4": 0.18131011724472046, "Agent4_Epoch4": 0.18105119466781616, "Agent5_Epoch4": 0.15369731187820435, "Agent0_Epoch5": 0.029530704021453857, "Agent1_Epoch5": 0.07300174236297607, "Agent2_Epoch5": 0.10072332620620728, "Agent3_Epoch5": 0.10698312520980835, "Agent4_Epoch5": 0.09997940063476562, "Agent5_Epoch5": 0.09910315275192261, "Agent0_Epoch6": 0.02285057306289673, "Agent1_Epoch6": 0.04870396852493286, "Agent2_Epoch6": 0.05893975496292114, "Agent3_Epoch6": 0.07257694005966187, "Agent4_Epoch6": 0.06406307220458984, "Agent5_Epoch6": 0.06264561414718628, "Agent0_Epoch7": 0.018074750900268555, "Agent1_Epoch7": 0.033945560455322266, "Agent2_Epoch7": 0.04109299182891846, "Agent3_Epoch7": 0.046143174171447754, "Agent4_Epoch7": 0.042040228843688965, "Agent5_Epoch7": 0.04018735885620117, "Agent0_Epoch8": 0.014298558235168457, "Agent1_Epoch8": 0.024194419384002686, "Agent2_Epoch8": 0.02814871072769165, "Agent3_Epoch8": 0.03131300210952759, "Agent4_Epoch8": 0.028004765510559082, "Agent5_Epoch8": 0.027778327465057373, "Agent0_Epoch9": 0.011407136917114258, "Agent1_Epoch9": 0.017721951007843018, "Agent2_Epoch9": 0.019318461418151855, "Agent3_Epoch9": 0.02270132303237915, "Agent4_Epoch9": 0.018282294273376465, "Agent5_Epoch9": 0.019537270069122314, "Agent0_Epoch10": 0.009257018566131592, "Agent1_Epoch10": 0.013398230075836182, "Agent2_Epoch10": 0.014483869075775146, "Agent3_Epoch10": 0.016651272773742676, "Agent4_Epoch10": 0.01361083984375, "Agent5_Epoch10": 0.013775765895843506, "Agent0_Epoch11": 0.0075896382331848145, "Agent1_Epoch11": 0.010359644889831543, "Agent2_Epoch11": 0.0106428861618042, "Agent3_Epoch11": 0.012837052345275879, "Agent4_Epoch11": 0.010226786136627197, "Agent5_Epoch11": 0.01051872968673706, "Agent0_Epoch12": 0.0064588189125061035, "Agent1_Epoch12": 0.0083962082862854, "Agent2_Epoch12": 0.008647263050079346, "Agent3_Epoch12": 0.009376168251037598, "Agent4_Epoch12": 0.007613718509674072, "Agent5_Epoch12": 0.008119344711303711, "Agent0_Epoch13": 0.00545811653137207, "Agent1_Epoch13": 0.006817996501922607, "Agent2_Epoch13": 0.006720006465911865, "Agent3_Epoch13": 0.007557034492492676, "Agent4_Epoch13": 0.006469607353210449, "Agent5_Epoch13": 0.006595253944396973, "Agent0_Epoch14": 0.0047866106033325195, "Agent1_Epoch14": 0.0057808756828308105, "Agent2_Epoch14": 0.005540132522583008, "Agent3_Epoch14": 0.006064414978027344, "Agent4_Epoch14": 0.005022525787353516, "Agent5_Epoch14": 0.005386948585510254, "Agent0_Epoch15": 0.00419771671295166, "Agent1_Epoch15": 0.00493234395980835, "Agent2_Epoch15": 0.004742026329040527, "Agent3_Epoch15": 0.005080759525299072, "Agent4_Epoch15": 0.004463255405426025, "Agent5_Epoch15": 0.004236459732055664, "Agent0_Epoch16": 0.003763258457183838, "Agent1_Epoch16": 0.004321575164794922, "Agent2_Epoch16": 0.004104137420654297, "Agent3_Epoch16": 0.004325926303863525, "Agent4_Epoch16": 0.0035073161125183105, "Agent5_Epoch16": 0.003874540328979492, "Agent0_Epoch17": 0.003381490707397461, "Agent1_Epoch17": 0.0038091540336608887, "Agent2_Epoch17": 0.0037003755569458008, "Agent3_Epoch17": 0.0038198232650756836, "Agent4_Epoch17": 0.0034685134887695312, "Agent5_Epoch17": 0.0031728744506835938, "Agent0_Epoch18": 0.003054320812225342, "Agent1_Epoch18": 0.0033864974975585938, "Agent2_Epoch18": 0.0033465027809143066, "Agent3_Epoch18": 0.0033025741577148438, "Agent4_Epoch18": 0.0031960606575012207, "Agent5_Epoch18": 0.0032132863998413086, "Agent0_Epoch19": 0.0027273893356323242, "Agent1_Epoch19": 0.002983689308166504, "Agent2_Epoch19": 0.0030052661895751953, "Agent3_Epoch19": 0.0029333829879760742, "Agent4_Epoch19": 0.0029124021530151367, "Agent5_Epoch19": 0.002985537052154541, "Agent0_Epoch20": 0.0023567676544189453, "Agent1_Epoch20": 0.002549111843109131, "Agent2_Epoch20": 0.002709507942199707, "Agent3_Epoch20": 0.002605140209197998, "Agent4_Epoch20": 0.0025257468223571777, "Agent5_Epoch20": 0.0028589963912963867, "Agent0_Epoch21": 0.0020333528518676758, "Agent1_Epoch21": 0.002178192138671875, "Agent2_Epoch21": 0.0022636055946350098, "Agent3_Epoch21": 0.002221524715423584, "Agent4_Epoch21": 0.002101719379425049, "Agent5_Epoch21": 0.0024810433387756348, "Agent0_Epoch22": 0.001682579517364502, "Agent1_Epoch22": 0.0017876029014587402, "Agent2_Epoch22": 0.0018767714500427246, "Agent3_Epoch22": 0.0018538832664489746, "Agent4_Epoch22": 0.0017143487930297852, "Agent5_Epoch22": 0.00202101469039917, "Agent0_Epoch23": 0.0013437271118164062, "Agent1_Epoch23": 0.001416921615600586, "Agent2_Epoch23": 0.0014747977256774902, "Agent3_Epoch23": 0.0014742612838745117, "Agent4_Epoch23": 0.0013657212257385254, "Agent5_Epoch23": 0.0015036463737487793, "Agent0_Epoch24": 0.0010442733764648438, "Agent1_Epoch24": 0.0010938048362731934, "Agent2_Epoch24": 0.001112818717956543, "Agent3_Epoch24": 0.0011163949966430664, "Agent4_Epoch24": 0.0010458827018737793, "Agent5_Epoch24": 0.0011444091796875, "Agent0_Epoch25": 0.0007901787757873535, "Agent1_Epoch25": 0.0008227825164794922, "Agent2_Epoch25": 0.0008339285850524902, "Agent3_Epoch25": 0.0008397102355957031, "Agent4_Epoch25": 0.0007845759391784668, "Agent5_Epoch25": 0.0008500814437866211, "Agent0_Epoch26": 0.0005874037742614746, "Agent1_Epoch26": 0.0006082057952880859, "Agent2_Epoch26": 0.0006147027015686035, "Agent3_Epoch26": 0.0006186962127685547, "Agent4_Epoch26": 0.0005905032157897949, "Agent5_Epoch26": 0.0006334781646728516, "Agent0_Epoch27": 0.0004317760467529297, "Agent1_Epoch27": 0.0004450678825378418, "Agent2_Epoch27": 0.00045031309127807617, "Agent3_Epoch27": 0.0004521012306213379, "Agent4_Epoch27": 0.000431060791015625, "Agent5_Epoch27": 0.00045627355575561523, "Agent0_Epoch28": 0.0003142356872558594, "Agent1_Epoch28": 0.00032210350036621094, "Agent2_Epoch28": 0.00032520294189453125, "Agent3_Epoch28": 0.00032585859298706055, "Agent4_Epoch28": 0.0003129243850708008, "Agent5_Epoch28": 0.0003275871276855469, "Agent0_Epoch29": 0.00022655725479125977, "Agent1_Epoch29": 0.00023168325424194336, "Agent2_Epoch29": 0.00023311376571655273, "Agent3_Epoch29": 0.00023365020751953125, "Agent4_Epoch29": 0.00022614002227783203, "Agent5_Epoch29": 0.00023376941680908203, "Agent0_Epoch30": 0.0001621842384338379, "Agent1_Epoch30": 0.00016516447067260742, "Agent2_Epoch30": 0.00016629695892333984, "Agent3_Epoch30": 0.00016677379608154297, "Agent4_Epoch30": 0.00016194581985473633, "Agent5_Epoch30": 0.00016629695892333984, "Agent0_Epoch31": 0.00011563301086425781, "Agent1_Epoch31": 0.00011730194091796875, "Agent2_Epoch31": 0.00011807680130004883, "Agent3_Epoch31": 0.000118255615234375, "Agent4_Epoch31": 0.00011563301086425781, "Agent5_Epoch31": 0.00011837482452392578, "Agent0_Epoch32": 8.213520050048828e-05, "Agent1_Epoch32": 8.32676887512207e-05, "Agent2_Epoch32": 8.344650268554688e-05, "Agent3_Epoch32": 8.362531661987305e-05, "Agent4_Epoch32": 8.159875869750977e-05, "Agent5_Epoch32": 8.356571197509766e-05, "Agent0_Epoch33": 5.799531936645508e-05, "Agent1_Epoch33": 5.8591365814208984e-05, "Agent2_Epoch33": 5.906820297241211e-05, "Agent3_Epoch33": 5.894899368286133e-05, "Agent4_Epoch33": 5.793571472167969e-05, "Agent5_Epoch33": 5.91278076171875e-05, "Agent0_Epoch34": 4.088878631591797e-05, "Agent1_Epoch34": 4.118680953979492e-05,