{"Agent0_Epoch1": 0.29767000675201416, "Agent1_Epoch1": 0.28194063901901245, "Agent2_Epoch1": 0.988786518573761, "Agent3_Epoch1": 0.9855185747146606, "Agent4_Epoch1": 0.9792107939720154, "Agent5_Epoch1": 0.9787732362747192, "Agent0_Epoch2": 0.07756984233856201, "Agent1_Epoch2": 0.32699453830718994, "Agent2_Epoch2": 0.4441201686859131, "Agent3_Epoch2": 0.4558912515640259, "Agent4_Epoch2": 0.45810985565185547, "Agent5_Epoch2": 0.4527543783187866, "Agent0_Epoch3": 0.051941633224487305, "Agent1_Epoch3": 0.1904582381248474, "Agent2_Epoch3": 0.2726374864578247, "Agent3_Epoch3": 0.24872875213623047, "Agent4_Epoch3": 0.26415592432022095, "Agent5_Epoch3": 0.25748497247695923, "Agent0_Epoch4": 0.03784608840942383, "Agent1_Epoch4": 0.11456954479217529, "Agent2_Epoch4": 0.16905909776687622, "Agent3_Epoch4": 0.170432448387146, "Agent4_Epoch4": 0.16982656717300415, "Agent5_Epoch4": 0.15781348943710327, "Agent0_Epoch5": 0.026774883270263672, "Agent1_Epoch5": 0.0684734582901001, "Agent2_Epoch5": 0.10313212871551514, "Agent3_Epoch5": 0.10745418071746826, "Agent4_Epoch5": 0.10307151079177856, "Agent5_Epoch5": 0.09301316738128662, "Agent0_Epoch6": 0.019650816917419434, "Agent1_Epoch6": 0.04301643371582031, "Agent2_Epoch6": 0.06513375043869019, "Agent3_Epoch6": 0.07087498903274536, "Agent4_Epoch6": 0.060265541076660156, "Agent5_Epoch6": 0.05700951814651489, "Agent0_Epoch7": 0.01528024673461914, "Agent1_Epoch7": 0.029175221920013428, "Agent2_Epoch7": 0.04290264844894409, "Agent3_Epoch7": 0.04439753293991089, "Agent4_Epoch7": 0.03916293382644653, "Agent5_Epoch7": 0.03967726230621338, "Agent0_Epoch8": 0.012662231922149658, "Agent1_Epoch8": 0.021565794944763184, "Agent2_Epoch8": 0.029942095279693604, "Agent3_Epoch8": 0.030941128730773926, "Agent4_Epoch8": 0.027437269687652588, "Agent5_Epoch8": 0.028039216995239258, "Agent0_Epoch9": 0.010430395603179932, "Agent1_Epoch9": 0.016234755516052246, "Agent2_Epoch9": 0.020487189292907715, "Agent3_Epoch9": 0.0213547945022583, "Agent4_Epoch9": 0.019221186637878418, "Agent5_Epoch9": 0.020480632781982422, "Agent0_Epoch10": 0.008546948432922363, "Agent1_Epoch10": 0.012376368045806885, "Agent2_Epoch10": 0.01612454652786255, "Agent3_Epoch10": 0.015374481678009033, "Agent4_Epoch10": 0.014333486557006836, "Agent5_Epoch10": 0.014410793781280518, "Agent0_Epoch11": 0.006884217262268066, "Agent1_Epoch11": 0.009407997131347656, "Agent2_Epoch11": 0.011819839477539062, "Agent3_Epoch11": 0.011137008666992188, "Agent4_Epoch11": 0.010029077529907227, "Agent5_Epoch11": 0.010774075984954834, "Agent0_Epoch12": 0.0057929158210754395, "Agent1_Epoch12": 0.0075310468673706055, "Agent2_Epoch12": 0.008753180503845215, "Agent3_Epoch12": 0.008400678634643555, "Agent4_Epoch12": 0.007924437522888184, "Agent5_Epoch12": 0.008323132991790771, "Agent0_Epoch13": 0.004882335662841797, "Agent1_Epoch13": 0.006095170974731445, "Agent2_Epoch13": 0.006805121898651123, "Agent3_Epoch13": 0.006438553333282471, "Agent4_Epoch13": 0.006258606910705566, "Agent5_Epoch13": 0.00661700963973999, "Agent0_Epoch14": 0.004195094108581543, "Agent1_Epoch14": 0.005063474178314209, "Agent2_Epoch14": 0.005536556243896484, "Agent3_Epoch14": 0.00527113676071167, "Agent4_Epoch14": 0.004860043525695801, "Agent5_Epoch14": 0.005323588848114014, "Agent0_Epoch15": 0.0036821365356445312, "Agent1_Epoch15": 0.004322350025177002, "Agent2_Epoch15": 0.004587650299072266, "Agent3_Epoch15": 0.004282593727111816, "Agent4_Epoch15": 0.004275083541870117, "Agent5_Epoch15": 0.004271566867828369, "Agent0_Epoch16": 0.0032687783241271973, "Agent1_Epoch16": 0.0037485361099243164, "Agent2_Epoch16": 0.003868699073791504, "Agent3_Epoch16": 0.003614485263824463, "Agent4_Epoch16": 0.0036867260932922363, "Agent5_Epoch16": 0.003558218479156494, "Agent0_Epoch17": 0.002927124500274658, "Agent1_Epoch17": 0.0032923221588134766, "Agent2_Epoch17": 0.0033389925956726074, "Agent3_Epoch17": 0.0030781030654907227, "Agent4_Epoch17": 0.0032122135162353516, "Agent5_Epoch17": 0.00315701961517334, "Agent0_Epoch18": 0.0026159286499023438, "Agent1_Epoch18": 0.0028946399688720703, "Agent2_Epoch18": 0.0029047727584838867, "Agent3_Epoch18": 0.0026741623878479004, "Agent4_Epoch18": 0.0026468634605407715, "Agent5_Epoch18": 0.0027835965156555176, "Agent0_Epoch19": 0.0023319125175476074, "Agent1_Epoch19": 0.002545773983001709, "Agent2_Epoch19": 0.0024985074996948242, "Agent3_Epoch19": 0.0023016929626464844, "Agent4_Epoch19": 0.002240002155303955, "Agent5_Epoch19": 0.0027310848236083984, "Agent0_Epoch20": 0.0020200014114379883, "Agent1_Epoch20": 0.0021799802780151367, "Agent2_Epoch20": 0.002195119857788086, "Agent3_Epoch20": 0.002044498920440674, "Agent4_Epoch20": 0.0021160244941711426, "Agent5_Epoch20": 0.0023703575134277344, "Agent0_Epoch21": 0.0017374753952026367, "Agent1_Epoch21": 0.001856982707977295, "Agent2_Epoch21": 0.0018721818923950195, "Agent3_Epoch21": 0.0017407536506652832, "Agent4_Epoch21": 0.0017117857933044434, "Agent5_Epoch21": 0.002128899097442627, "Agent0_Epoch22": 0.0014417171478271484, "Agent1_Epoch22": 0.0015279650688171387, "Agent2_Epoch22": 0.0015429854393005371, "Agent3_Epoch22": 0.001477956771850586, "Agent4_Epoch22": 0.0014235973358154297, "Agent5_Epoch22": 0.0018381476402282715, "Agent0_Epoch23": 0.0011661052703857422, "Agent1_Epoch23": 0.0012269020080566406, "Agent2_Epoch23": 0.0012416243553161621, "Agent3_Epoch23": 0.0012041330337524414, "Agent4_Epoch23": 0.0011527538299560547, "Agent5_Epoch23": 0.001387953758239746, "Agent0_Epoch24": 0.0009160637855529785, "Agent1_Epoch24": 0.0009576082229614258, "Agent2_Epoch24": 0.0009592771530151367, "Agent3_Epoch24": 0.0009436607360839844, "Agent4_Epoch24": 0.0008965730667114258, "Agent5_Epoch24": 0.001015782356262207, "Agent0_Epoch25": 0.0006976127624511719, "Agent1_Epoch25": 0.0007250308990478516, "Agent2_Epoch25": 0.0007281303405761719, "Agent3_Epoch25": 0.0007207393646240234, "Agent4_Epoch25": 0.000676572322845459, "Agent5_Epoch25": 0.0007552504539489746, "Agent0_Epoch26": 0.0005213022232055664, "Agent1_Epoch26": 0.0005390048027038574, "Agent2_Epoch26": 0.0005407333374023438, "Agent3_Epoch26": 0.0005363225936889648, "Agent4_Epoch26": 0.0005107522010803223, "Agent5_Epoch26": 0.0005526542663574219, "Agent0_Epoch27": 0.0003845095634460449, "Agent1_Epoch27": 0.0003955364227294922, "Agent2_Epoch27": 0.0003973245620727539, "Agent3_Epoch27": 0.000394284725189209, "Agent4_Epoch27": 0.0003789067268371582, "Agent5_Epoch27": 0.0004055500030517578, "Agent0_Epoch28": 0.00028079748153686523, "Agent1_Epoch28": 0.00028771162033081055, "Agent2_Epoch28": 0.0002884864807128906, "Agent3_Epoch28": 0.00028699636459350586, "Agent4_Epoch28": 0.00027751922607421875, "Agent5_Epoch28": 0.00029218196868896484, "Agent0_Epoch29": 0.00020319223403930664, "Agent1_Epoch29": 0.00020748376846313477, "Agent2_Epoch29": 0.00020837783813476562, "Agent3_Epoch29": 0.00020742416381835938, "Agent4_Epoch29": 0.00020176172256469727, "Agent5_Epoch29": 0.0002104043960571289, "Agent0_Epoch30": 0.00014591217041015625, "Agent1_Epoch30": 0.00014859437942504883, "Agent2_Epoch30": 0.00014919042587280273, "Agent3_Epoch30": 0.00014841556549072266, "Agent4_Epoch30": 0.0001443028450012207, "Agent5_Epoch30": 0.00014972686767578125, "Agent0_Epoch31": 0.0001042485237121582, "Agent1_Epoch31": 0.00010585784912109375, "Agent2_Epoch31": 0.0001061558723449707, "Agent3_Epoch31": 0.00010579824447631836, "Agent4_Epoch31": 0.00010335445404052734, "Agent5_Epoch31": 0.00010645389556884766, "Agent0_Epoch32": 7.396936416625977e-05, "Agent1_Epoch32": 7.49826431274414e-05, "Agent2_Epoch32": 7.528066635131836e-05, "Agent3_Epoch32": 7.49826431274414e-05, "Agent4_Epoch32": 7.349252700805664e-05, "Agent5_Epoch32": 7.528066635131836e-05, "Agent0_Epoch33": 5.245208740234375e-05, "Agent1_Epoch33": 5.3048133850097656e-05, "Agent2_Epoch33": 5.310773849487305e-05, "Agent3_Epoch33": 5.3048133850097656e-05, "Agent4_Epoch33": 5.2034854888916016e-05, "Agent5_Epoch33": 5.310773849487305e-05, "Agent0_Epoch34": 3.695487976074219e-05,