{"E1_agent0_norm": 2.589776039123535, "E1_agent1_norm": 2.8304500579833984, "E1_agent2_norm": 3.2694709300994873, "E1_agent3_norm": 3.2029612064361572, "E1_agent4_norm": 2.962897539138794, "E1_agent5_norm": 2.66796875, "E2_agent0_norm": 0.9008156657218933, "E2_agent1_norm": 2.7119853496551514, "E2_agent2_norm": 2.0700159072875977, "E2_agent3_norm": 2.681410074234009, "E2_agent4_norm": 2.5045793056488037, "E2_agent5_norm": 2.551589012145996, "E3_agent0_norm": 0.8915947079658508, "E3_agent1_norm": 2.3721871376037598, "E3_agent2_norm": 2.1355533599853516, "E3_agent3_norm": 2.226970672607422, "E3_agent4_norm": 2.3160481452941895, "E3_agent5_norm": 2.4672183990478516, "E4_agent0_norm": 1.0117716789245605, "E4_agent1_norm": 2.078497886657715, "E4_agent2_norm": 2.1423635482788086, "E4_agent3_norm": 1.9739017486572266, "E4_agent4_norm": 2.1213762760162354, "E4_agent5_norm": 2.073761224746704, "E5_agent0_norm": 0.839562177658081, "E5_agent1_norm": 1.7276722192764282, "E5_agent2_norm": 1.7272002696990967, "E5_agent3_norm": 1.785367488861084, "E5_agent4_norm": 1.6578484773635864, "E5_agent5_norm": 1.6701338291168213, "E6_agent0_norm": 0.8112429976463318, "E6_agent1_norm": 1.5449007749557495, "E6_agent2_norm": 1.5259461402893066, "E6_agent3_norm": 1.6579495668411255, "E6_agent4_norm": 1.3129616975784302, "E6_agent5_norm": 1.3135712146759033, "E7_agent0_norm": 0.6427738666534424, "E7_agent1_norm": 1.2401564121246338, "E7_agent2_norm": 1.1132203340530396, "E7_agent3_norm": 1.373653531074524, "E7_agent4_norm": 1.0793503522872925, "E7_agent5_norm": 1.1182228326797485, "E8_agent0_norm": 0.5451623797416687, "E8_agent1_norm": 1.024071455001831, "E8_agent2_norm": 1.0253936052322388, "E8_agent3_norm": 1.1980481147766113, "E8_agent4_norm": 0.9304299354553223, "E8_agent5_norm": 0.9428037405014038, "E9_agent0_norm": 0.46202006936073303, "E9_agent1_norm": 0.925351083278656, "E9_agent2_norm": 0.8605945110321045, "E9_agent3_norm": 0.9702460765838623, "E9_agent4_norm": 0.799216091632843, "E9_agent5_norm": 0.7799416184425354, "E10_agent0_norm": 0.40491023659706116, "E10_agent1_norm": 0.7690351605415344, "E10_agent2_norm": 0.7245724201202393, "E10_agent3_norm": 0.7989522814750671, "E10_agent4_norm": 0.6958535313606262, "E10_agent5_norm": 0.7049386501312256, "E11_agent0_norm": 0.3697013258934021, "E11_agent1_norm": 0.6497264504432678, "E11_agent2_norm": 0.6360082626342773, "E11_agent3_norm": 0.6903552412986755, "E11_agent4_norm": 0.6044264435768127, "E11_agent5_norm": 0.6181653141975403, "E12_agent0_norm": 0.322920024394989, "E12_agent1_norm": 0.5696589946746826, "E12_agent2_norm": 0.5324347019195557, "E12_agent3_norm": 0.5810040235519409, "E12_agent4_norm": 0.4998117983341217, "E12_agent5_norm": 0.5317596197128296, "E13_agent0_norm": 0.3071140944957733, "E13_agent1_norm": 0.4829826056957245, "E13_agent2_norm": 0.45126888155937195, "E13_agent3_norm": 0.4778776168823242, "E13_agent4_norm": 0.4248029589653015, "E13_agent5_norm": 0.4561401903629303, "E14_agent0_norm": 0.2683281898498535, "E14_agent1_norm": 0.40036338567733765, "E14_agent2_norm": 0.38336536288261414, "E14_agent3_norm": 0.3823913037776947, "E14_agent4_norm": 0.36261099576950073, "E14_agent5_norm": 0.404080867767334, "E15_agent0_norm": 0.26324236392974854, "E15_agent1_norm": 0.3259551227092743, "E15_agent2_norm": 0.3252272307872772, "E15_agent3_norm": 0.32640695571899414, "E15_agent4_norm": 0.305799663066864, "E15_agent5_norm": 0.3291175663471222, "E16_agent0_norm": 0.2430250346660614, "E16_agent1_norm": 0.2724297344684601, "E16_agent2_norm": 0.27743399143218994, "E16_agent3_norm": 0.2668468654155731, "E16_agent4_norm": 0.25766557455062866, "E16_agent5_norm": 0.2981387972831726, "E17_agent0_norm": 0.22957544028759003, "E17_agent1_norm": 0.22605621814727783, "E17_agent2_norm": 0.2281077355146408, "E17_agent3_norm": 0.21337850391864777, "E17_agent4_norm": 0.20605798065662384, "E17_agent5_norm": 0.24267980456352234, "E18_agent0_norm": 0.20588693022727966, "E18_agent1_norm": 0.17172381281852722, "E18_agent2_norm": 0.17858901619911194, "E18_agent3_norm": 0.16000990569591522, "E18_agent4_norm": 0.15822063386440277, "E18_agent5_norm": 0.19710752367973328, "E19_agent0_norm": 0.1739622801542282, "E19_agent1_norm": 0.13868209719657898, "E19_agent2_norm": 0.1416698843240738, "E19_agent3_norm": 0.12936420738697052, "E19_agent4_norm": 0.11752986907958984, "E19_agent5_norm": 0.15603487193584442, "E20_agent0_norm": 0.15340007841587067, "E20_agent1_norm": 0.10163235664367676, "E20_agent2_norm": 0.11315842717885971, "E20_agent3_norm": 0.09888480603694916, "E20_agent4_norm": 0.08784382045269012, "E20_agent5_norm": 0.12238171696662903, "E21_agent0_norm": 0.1273498684167862, "E21_agent1_norm": 0.07590309530496597, "E21_agent2_norm": 0.08259130269289017, "E21_agent3_norm": 0.07513441145420074, "E21_agent4_norm": 0.06632127612829208, "E21_agent5_norm": 0.1065540686249733, "E22_agent0_norm": 0.09673071652650833, "E22_agent1_norm": 0.05541548877954483, "E22_agent2_norm": 0.06030126288533211, "E22_agent3_norm": 0.05590246245265007, "E22_agent4_norm": 0.05037347972393036, "E22_agent5_norm": 0.0849175900220871, "E23_agent0_norm": 0.06875523924827576, "E23_agent1_norm": 0.03965456783771515, "E23_agent2_norm": 0.04484118893742561, "E23_agent3_norm": 0.04155562445521355, "E23_agent4_norm": 0.03556597977876663, "E23_agent5_norm": 0.05942791327834129, "E24_agent0_norm": 0.04932703822851181, "E24_agent1_norm": 0.028368286788463593, "E24_agent2_norm": 0.03141026943922043, "E24_agent3_norm": 0.0289171040058136, "E24_agent4_norm": 0.025566427037119865, "E24_agent5_norm": 0.041299108415842056, "E25_agent0_norm": 0.03453094884753227, "E25_agent1_norm": 0.020749730989336967, "E25_agent2_norm": 0.023392051458358765, "E25_agent3_norm": 0.02030070126056671, "E25_agent4_norm": 0.017939334735274315, "E25_agent5_norm": 0.02659067139029503, "E26_agent0_norm": 0.024866508319973946, "E26_agent1_norm": 0.014793766662478447, "E26_agent2_norm": 0.016786878928542137, "E26_agent3_norm": 0.014415545389056206, "E26_agent4_norm": 0.01281485240906477, "E26_agent5_norm": 0.01993001252412796, "E27_agent0_norm": 0.017694437876343727, "E27_agent1_norm": 0.010603171773254871, "E27_agent2_norm": 0.012275355868041515, "E27_agent3_norm": 0.01057447586208582, "E27_agent4_norm": 0.009363558143377304, "E27_agent5_norm": 0.01377158798277378, "E28_agent0_norm": 0.01218296866863966, "E28_agent1_norm": 0.007551532704383135, "E28_agent2_norm": 0.008696761913597584, "E28_agent3_norm": 0.007676027715206146, "E28_agent4_norm": 0.006779759656637907, "E28_agent5_norm": 0.008349578827619553, "E29_agent0_norm": 0.008694191463291645, "E29_agent1_norm": 0.005453366786241531, "E29_agent2_norm": 0.006663312204182148, "E29_agent3_norm": 0.005633178632706404, "E29_agent4_norm": 0.00484348414465785, "E29_agent5_norm": 0.0063781654462218285, "E30_agent0_norm": 0.006239588838070631, "E30_agent1_norm": 0.003907410893589258, "E30_agent2_norm": 0.0046809022314846516, "E30_agent3_norm": 0.0040086135268211365, "E30_agent4_norm": 0.0034993456210941076, "E30_agent5_norm": 0.004570255056023598, "E31_agent0_norm": 0.004393293522298336, "E31_agent1_norm": 0.002862675115466118, "E31_agent2_norm": 0.0034163021482527256, "E31_agent3_norm": 0.0028466314543038607, "E31_agent4_norm": 0.0025115739554166794, "E31_agent5_norm": 0.003358142916113138, "E32_agent0_norm": 0.0030821289401501417, "E32_agent1_norm": 0.002029872266575694, "E32_agent2_norm": 0.0024691876024007797, "E32_agent3_norm": 0.0020964588038623333, "E32_agent4_norm": 0.001747312257066369, "E32_agent5_norm": 0.0020077787339687347, "E33_agent0_norm": 0.002146568149328232, "E33_agent1_norm": 0.0014894910855218768, "E33_agent2_norm": 0.001744372770190239, "E33_agent3_norm": 0.0015642783837392926, "E33_agent4_norm": 0.0012685107067227364, "E33_agent5_norm": 0.001454655546694994, "E34_agent0_norm": 0.0015043196035549045, "E34_agent1_norm": 0.0010584149276837707, "E34_agent2_norm": 0.0013081716606393456, "E34_agent3_norm": 0.001109192380681634,