{"E1_agent0_norm": 2.4485580921173096, "E1_agent1_norm": 2.921445369720459, "E1_agent2_norm": 2.9716479778289795, "E1_agent3_norm": 3.3067867755889893, "E1_agent4_norm": 2.816607713699341, "E1_agent5_norm": 2.8742358684539795, "E2_agent0_norm": 0.9784151315689087, "E2_agent1_norm": 2.48776912689209, "E2_agent2_norm": 2.6103222370147705, "E2_agent3_norm": 2.4817519187927246, "E2_agent4_norm": 2.6541130542755127, "E2_agent5_norm": 2.443333625793457, "E3_agent0_norm": 0.935977041721344, "E3_agent1_norm": 2.535200595855713, "E3_agent2_norm": 2.60518479347229, "E3_agent3_norm": 2.466399669647217, "E3_agent4_norm": 2.243255376815796, "E3_agent5_norm": 2.6252098083496094, "E4_agent0_norm": 0.9434563517570496, "E4_agent1_norm": 2.0735573768615723, "E4_agent2_norm": 2.328173875808716, "E4_agent3_norm": 2.1055214405059814, "E4_agent4_norm": 2.0860252380371094, "E4_agent5_norm": 2.1867504119873047, "E5_agent0_norm": 0.868058443069458, "E5_agent1_norm": 1.6519365310668945, "E5_agent2_norm": 1.9113538265228271, "E5_agent3_norm": 1.9976482391357422, "E5_agent4_norm": 1.8402079343795776, "E5_agent5_norm": 1.740173101425171, "E6_agent0_norm": 0.7755534052848816, "E6_agent1_norm": 1.4817825555801392, "E6_agent2_norm": 1.557545781135559, "E6_agent3_norm": 1.572553038597107, "E6_agent4_norm": 1.4936342239379883, "E6_agent5_norm": 1.420162320137024, "E7_agent0_norm": 0.6442334055900574, "E7_agent1_norm": 1.2434275150299072, "E7_agent2_norm": 1.3189643621444702, "E7_agent3_norm": 1.2955785989761353, "E7_agent4_norm": 1.147076964378357, "E7_agent5_norm": 1.1674717664718628, "E8_agent0_norm": 0.5522468686103821, "E8_agent1_norm": 1.0842269659042358, "E8_agent2_norm": 1.1480470895767212, "E8_agent3_norm": 1.0101804733276367, "E8_agent4_norm": 0.9249405264854431, "E8_agent5_norm": 0.9921994805335999, "E9_agent0_norm": 0.4558010995388031, "E9_agent1_norm": 0.9009137749671936, "E9_agent2_norm": 0.9146161079406738, "E9_agent3_norm": 0.8102180361747742, "E9_agent4_norm": 0.7450522184371948, "E9_agent5_norm": 0.8942989110946655, "E10_agent0_norm": 0.39258119463920593, "E10_agent1_norm": 0.7511792182922363, "E10_agent2_norm": 0.7872628569602966, "E10_agent3_norm": 0.6774247288703918, "E10_agent4_norm": 0.6136971116065979, "E10_agent5_norm": 0.7072674036026001, "E11_agent0_norm": 0.3380817472934723, "E11_agent1_norm": 0.6228723526000977, "E11_agent2_norm": 0.6443643569946289, "E11_agent3_norm": 0.5655838251113892, "E11_agent4_norm": 0.49271950125694275, "E11_agent5_norm": 0.6069414615631104, "E12_agent0_norm": 0.2968307137489319, "E12_agent1_norm": 0.5248456597328186, "E12_agent2_norm": 0.5393744707107544, "E12_agent3_norm": 0.5135049819946289, "E12_agent4_norm": 0.40614593029022217, "E12_agent5_norm": 0.5320801734924316, "E13_agent0_norm": 0.25681060552597046, "E13_agent1_norm": 0.43887513875961304, "E13_agent2_norm": 0.4598388969898224, "E13_agent3_norm": 0.42495498061180115, "E13_agent4_norm": 0.3243868350982666, "E13_agent5_norm": 0.46830254793167114, "E14_agent0_norm": 0.2575318515300751, "E14_agent1_norm": 0.36755838990211487, "E14_agent2_norm": 0.38413602113723755, "E14_agent3_norm": 0.36400797963142395, "E14_agent4_norm": 0.2958679497241974, "E14_agent5_norm": 0.40443357825279236, "E15_agent0_norm": 0.2410474568605423, "E15_agent1_norm": 0.2871045768260956, "E15_agent2_norm": 0.3133372664451599, "E15_agent3_norm": 0.2989068925380707, "E15_agent4_norm": 0.2494719922542572, "E15_agent5_norm": 0.3489435911178589, "E16_agent0_norm": 0.2303561419248581, "E16_agent1_norm": 0.22955305874347687, "E16_agent2_norm": 0.2558708190917969, "E16_agent3_norm": 0.24272418022155762, "E16_agent4_norm": 0.2176608443260193, "E16_agent5_norm": 0.2972487807273865, "E17_agent0_norm": 0.2113962024450302, "E17_agent1_norm": 0.18859928846359253, "E17_agent2_norm": 0.2123180329799652, "E17_agent3_norm": 0.20289559662342072, "E17_agent4_norm": 0.1710178405046463, "E17_agent5_norm": 0.2533106803894043, "E18_agent0_norm": 0.1983325332403183, "E18_agent1_norm": 0.14960266649723053, "E18_agent2_norm": 0.16020549833774567, "E18_agent3_norm": 0.15890365839004517, "E18_agent4_norm": 0.15004830062389374, "E18_agent5_norm": 0.20986580848693848, "E19_agent0_norm": 0.17504529654979706, "E19_agent1_norm": 0.1171955093741417, "E19_agent2_norm": 0.12262270599603653, "E19_agent3_norm": 0.1231912225484848, "E19_agent4_norm": 0.11102709919214249, "E19_agent5_norm": 0.164530411362648, "E20_agent0_norm": 0.1563374251127243, "E20_agent1_norm": 0.09213075041770935, "E20_agent2_norm": 0.10138846188783646, "E20_agent3_norm": 0.09285274147987366, "E20_agent4_norm": 0.08766267448663712, "E20_agent5_norm": 0.13324931263923645, "E21_agent0_norm": 0.12626208364963531, "E21_agent1_norm": 0.0669759064912796, "E21_agent2_norm": 0.0708753913640976, "E21_agent3_norm": 0.06230032816529274, "E21_agent4_norm": 0.06403471529483795, "E21_agent5_norm": 0.10801553726196289, "E22_agent0_norm": 0.09409075975418091, "E22_agent1_norm": 0.05115839093923569, "E22_agent2_norm": 0.054456036537885666, "E22_agent3_norm": 0.048389337956905365, "E22_agent4_norm": 0.04576597362756729, "E22_agent5_norm": 0.07978744059801102, "E23_agent0_norm": 0.06889589130878448, "E23_agent1_norm": 0.03724759444594383, "E23_agent2_norm": 0.03996853157877922, "E23_agent3_norm": 0.03385992720723152, "E23_agent4_norm": 0.033689070492982864, "E23_agent5_norm": 0.053108397871255875, "E24_agent0_norm": 0.04901517927646637, "E24_agent1_norm": 0.02697070874273777, "E24_agent2_norm": 0.029245728626847267, "E24_agent3_norm": 0.024699075147509575, "E24_agent4_norm": 0.02402961440384388, "E24_agent5_norm": 0.034760914742946625, "E25_agent0_norm": 0.03490995243191719, "E25_agent1_norm": 0.01937817968428135, "E25_agent2_norm": 0.02054389752447605, "E25_agent3_norm": 0.018125833943486214, "E25_agent4_norm": 0.017703827470541, "E25_agent5_norm": 0.025455880910158157, "E26_agent0_norm": 0.02515672706067562, "E26_agent1_norm": 0.013807856477797031, "E26_agent2_norm": 0.015310063026845455, "E26_agent3_norm": 0.013838180340826511, "E26_agent4_norm": 0.013899112120270729, "E26_agent5_norm": 0.018749473616480827, "E27_agent0_norm": 0.017947450280189514, "E27_agent1_norm": 0.009930647909641266, "E27_agent2_norm": 0.011221343651413918, "E27_agent3_norm": 0.01013033464550972, "E27_agent4_norm": 0.009956832975149155, "E27_agent5_norm": 0.01330268383026123, "E28_agent0_norm": 0.012501944787800312, "E28_agent1_norm": 0.007066729944199324, "E28_agent2_norm": 0.008435486815869808, "E28_agent3_norm": 0.007381359580904245, "E28_agent4_norm": 0.007015514653176069, "E28_agent5_norm": 0.007943758741021156, "E29_agent0_norm": 0.008899050764739513, "E29_agent1_norm": 0.005354438908398151, "E29_agent2_norm": 0.00641598692163825, "E29_agent3_norm": 0.0055787754245102406, "E29_agent4_norm": 0.004827580880373716, "E29_agent5_norm": 0.005802000407129526, "E30_agent0_norm": 0.006406422704458237, "E30_agent1_norm": 0.0037717754021286964, "E30_agent2_norm": 0.004594079684466124, "E30_agent3_norm": 0.004050607327371836, "E30_agent4_norm": 0.0034824227914214134, "E30_agent5_norm": 0.004258008673787117, "E31_agent0_norm": 0.004561687353998423, "E31_agent1_norm": 0.002769150072708726, "E31_agent2_norm": 0.0033028863836079836, "E31_agent3_norm": 0.002885282039642334, "E31_agent4_norm": 0.002523410599678755, "E31_agent5_norm": 0.0032446105033159256, "E32_agent0_norm": 0.003206417430192232, "E32_agent1_norm": 0.0019869557581841946, "E32_agent2_norm": 0.0024078369606286287, "E32_agent3_norm": 0.002042330801486969, "E32_agent4_norm": 0.0017602260923013091, "E32_agent5_norm": 0.0022356922272592783, "E33_agent0_norm": 0.0022470797412097454, "E33_agent1_norm": 0.0013928732369095087, "E33_agent2_norm": 0.0017272772965952754, "E33_agent3_norm": 0.0015537622384727001, "E33_agent4_norm": 0.0013137557543814182, "E33_agent5_norm": 0.0014870082959532738, "E34_agent0_norm": 0.001597137190401554, "E34_agent1_norm": 0.0009940771851688623, "E34_agent2_norm": 0.0012173396535217762, "E34_agent3_norm": 0.00107127137016505,