{"Agent0_Epoch1": 0.30335408449172974, "Agent1_Epoch1": 0.28977513313293457, "Agent2_Epoch1": 0.9867167472839355, "Agent3_Epoch1": 0.9885435700416565, "Agent4_Epoch1": 0.9816851615905762, "Agent5_Epoch1": 0.988692045211792, "Agent0_Epoch2": 0.07951301336288452, "Agent1_Epoch2": 0.32698380947113037, "Agent2_Epoch2": 0.43506163358688354, "Agent3_Epoch2": 0.42849719524383545, "Agent4_Epoch2": 0.4331636428833008, "Agent5_Epoch2": 0.4274883270263672, "Agent0_Epoch3": 0.05089139938354492, "Agent1_Epoch3": 0.1891217827796936, "Agent2_Epoch3": 0.2564559578895569, "Agent3_Epoch3": 0.252891480922699, "Agent4_Epoch3": 0.28550928831100464, "Agent5_Epoch3": 0.25193649530410767, "Agent0_Epoch4": 0.03798198699951172, "Agent1_Epoch4": 0.11343652009963989, "Agent2_Epoch4": 0.15226304531097412, "Agent3_Epoch4": 0.1735667586326599, "Agent4_Epoch4": 0.17569994926452637, "Agent5_Epoch4": 0.14884406328201294, "Agent0_Epoch5": 0.027584850788116455, "Agent1_Epoch5": 0.06926405429840088, "Agent2_Epoch5": 0.0901835560798645, "Agent3_Epoch5": 0.12017595767974854, "Agent4_Epoch5": 0.10550540685653687, "Agent5_Epoch5": 0.08648741245269775, "Agent0_Epoch6": 0.02104085683822632, "Agent1_Epoch6": 0.045273423194885254, "Agent2_Epoch6": 0.057746052742004395, "Agent3_Epoch6": 0.07531535625457764, "Agent4_Epoch6": 0.06597566604614258, "Agent5_Epoch6": 0.05406320095062256, "Agent0_Epoch7": 0.016634762287139893, "Agent1_Epoch7": 0.031420350074768066, "Agent2_Epoch7": 0.03827780485153198, "Agent3_Epoch7": 0.047974228858947754, "Agent4_Epoch7": 0.04013955593109131, "Agent5_Epoch7": 0.03850257396697998, "Agent0_Epoch8": 0.013276875019073486, "Agent1_Epoch8": 0.02255725860595703, "Agent2_Epoch8": 0.026940226554870605, "Agent3_Epoch8": 0.03379696607589722, "Agent4_Epoch8": 0.026576578617095947, "Agent5_Epoch8": 0.02683478593826294, "Agent0_Epoch9": 0.010449647903442383, "Agent1_Epoch9": 0.016302824020385742, "Agent2_Epoch9": 0.018924295902252197, "Agent3_Epoch9": 0.02429640293121338, "Agent4_Epoch9": 0.01788926124572754, "Agent5_Epoch9": 0.01930105686187744, "Agent0_Epoch10": 0.008506417274475098, "Agent1_Epoch10": 0.012346148490905762, "Agent2_Epoch10": 0.013905763626098633, "Agent3_Epoch10": 0.01720815896987915, "Agent4_Epoch10": 0.012956500053405762, "Agent5_Epoch10": 0.013718605041503906, "Agent0_Epoch11": 0.007178187370300293, "Agent1_Epoch11": 0.009808182716369629, "Agent2_Epoch11": 0.0104902982711792, "Agent3_Epoch11": 0.01282113790512085, "Agent4_Epoch11": 0.010142326354980469, "Agent5_Epoch11": 0.010027408599853516, "Agent0_Epoch12": 0.005992233753204346, "Agent1_Epoch12": 0.007797062397003174, "Agent2_Epoch12": 0.008104085922241211, "Agent3_Epoch12": 0.009791851043701172, "Agent4_Epoch12": 0.007619202136993408, "Agent5_Epoch12": 0.007994294166564941, "Agent0_Epoch13": 0.005108296871185303, "Agent1_Epoch13": 0.006383240222930908, "Agent2_Epoch13": 0.006533980369567871, "Agent3_Epoch13": 0.007713377475738525, "Agent4_Epoch13": 0.00616532564163208, "Agent5_Epoch13": 0.006139039993286133, "Agent0_Epoch14": 0.0044558048248291016, "Agent1_Epoch14": 0.0053822994232177734, "Agent2_Epoch14": 0.005419254302978516, "Agent3_Epoch14": 0.006188690662384033, "Agent4_Epoch14": 0.0046790242195129395, "Agent5_Epoch14": 0.004904508590698242, "Agent0_Epoch15": 0.003977298736572266, "Agent1_Epoch15": 0.004671871662139893, "Agent2_Epoch15": 0.00456392765045166, "Agent3_Epoch15": 0.005129992961883545, "Agent4_Epoch15": 0.004203081130981445, "Agent5_Epoch15": 0.004265546798706055, "Agent0_Epoch16": 0.00356292724609375, "Agent1_Epoch16": 0.004089176654815674, "Agent2_Epoch16": 0.003987133502960205, "Agent3_Epoch16": 0.004292666912078857, "Agent4_Epoch16": 0.003729522228240967, "Agent5_Epoch16": 0.0035130977630615234, "Agent0_Epoch17": 0.0032190680503845215, "Agent1_Epoch17": 0.0036244988441467285, "Agent2_Epoch17": 0.003580927848815918, "Agent3_Epoch17": 0.0036520957946777344, "Agent4_Epoch17": 0.003423154354095459, "Agent5_Epoch17": 0.0033062100410461426, "Agent0_Epoch18": 0.002909541130065918, "Agent1_Epoch18": 0.0032234787940979004, "Agent2_Epoch18": 0.003255605697631836, "Agent3_Epoch18": 0.0032095909118652344, "Agent4_Epoch18": 0.003071606159210205, "Agent5_Epoch18": 0.003112196922302246, "Agent0_Epoch19": 0.0026224255561828613, "Agent1_Epoch19": 0.002866983413696289, "Agent2_Epoch19": 0.0029152631759643555, "Agent3_Epoch19": 0.002794802188873291, "Agent4_Epoch19": 0.0027781128883361816, "Agent5_Epoch19": 0.0029500722885131836, "Agent0_Epoch20": 0.0023106932640075684, "Agent1_Epoch20": 0.002497851848602295, "Agent2_Epoch20": 0.002591371536254883, "Agent3_Epoch20": 0.0024988651275634766, "Agent4_Epoch20": 0.002462923526763916, "Agent5_Epoch20": 0.0027076005935668945, "Agent0_Epoch21": 0.001978158950805664, "Agent1_Epoch21": 0.002118051052093506, "Agent2_Epoch21": 0.0021862387657165527, "Agent3_Epoch21": 0.0021652579307556152, "Agent4_Epoch21": 0.002084195613861084, "Agent5_Epoch21": 0.002457916736602783, "Agent0_Epoch22": 0.0016406774520874023, "Agent1_Epoch22": 0.0017421841621398926, "Agent2_Epoch22": 0.0018128752708435059, "Agent3_Epoch22": 0.0018185973167419434, "Agent4_Epoch22": 0.0016924738883972168, "Agent5_Epoch22": 0.0020141005516052246, "Agent0_Epoch23": 0.001321256160736084, "Agent1_Epoch23": 0.0013927221298217773, "Agent2_Epoch23": 0.001421809196472168, "Agent3_Epoch23": 0.0014421939849853516, "Agent4_Epoch23": 0.0013227462768554688, "Agent5_Epoch23": 0.0014913082122802734, "Agent0_Epoch24": 0.0010259747505187988, "Agent1_Epoch24": 0.0010744929313659668, "Agent2_Epoch24": 0.0010938644409179688, "Agent3_Epoch24": 0.0010985732078552246, "Agent4_Epoch24": 0.001024782657623291, "Agent5_Epoch24": 0.0011373162269592285, "Agent0_Epoch25": 0.0007783770561218262, "Agent1_Epoch25": 0.0008103847503662109, "Agent2_Epoch25": 0.0008217096328735352, "Agent3_Epoch25": 0.0008245706558227539, "Agent4_Epoch25": 0.0007795095443725586, "Agent5_Epoch25": 0.0008489489555358887, "Agent0_Epoch26": 0.0005797743797302246, "Agent1_Epoch26": 0.0006003975868225098, "Agent2_Epoch26": 0.0006096363067626953, "Agent3_Epoch26": 0.000610053539276123, "Agent4_Epoch26": 0.0005862116813659668, "Agent5_Epoch26": 0.0006165504455566406, "Agent0_Epoch27": 0.0004267692565917969, "Agent1_Epoch27": 0.0004398822784423828, "Agent2_Epoch27": 0.00044459104537963867, "Agent3_Epoch27": 0.0004457235336303711, "Agent4_Epoch27": 0.0004279017448425293, "Agent5_Epoch27": 0.0004476308822631836, "Agent0_Epoch28": 0.00031054019927978516, "Agent1_Epoch28": 0.0003185868263244629, "Agent2_Epoch28": 0.0003211498260498047, "Agent3_Epoch28": 0.000322878360748291, "Agent4_Epoch28": 0.00031125545501708984, "Agent5_Epoch28": 0.00032192468643188477, "Agent0_Epoch29": 0.00022417306900024414, "Agent1_Epoch29": 0.00022917985916137695, "Agent2_Epoch29": 0.00023049116134643555, "Agent3_Epoch29": 0.00023120641708374023, "Agent4_Epoch29": 0.00022423267364501953, "Agent5_Epoch29": 0.00023049116134643555, "Agent0_Epoch30": 0.00016069412231445312, "Agent1_Epoch30": 0.00016367435455322266, "Agent2_Epoch30": 0.0001646280288696289, "Agent3_Epoch30": 0.0001652836799621582, "Agent4_Epoch30": 0.00016134977340698242, "Agent5_Epoch30": 0.00016576051712036133, "Agent0_Epoch31": 0.00011461973190307617, "Agent1_Epoch31": 0.00011646747589111328, "Agent2_Epoch31": 0.0001169443130493164, "Agent3_Epoch31": 0.00011736154556274414, "Agent4_Epoch31": 0.00011473894119262695, "Agent5_Epoch31": 0.0001176595687866211, "Agent0_Epoch32": 8.14199447631836e-05, "Agent1_Epoch32": 8.249282836914062e-05, "Agent2_Epoch32": 8.279085159301758e-05, "Agent3_Epoch32": 8.296966552734375e-05, "Agent4_Epoch32": 8.165836334228516e-05, "Agent5_Epoch32": 8.308887481689453e-05, "Agent0_Epoch33": 5.7816505432128906e-05, "Agent1_Epoch33": 5.841255187988281e-05, "Agent2_Epoch33": 5.84721565246582e-05, "Agent3_Epoch33": 5.8650970458984375e-05, "Agent4_Epoch33": 5.7578086853027344e-05, "Agent5_Epoch33": 5.8591365814208984e-05, "Agent0_Epoch34": 4.07099723815918e-05, "Agent1_Epoch34": 4.106760025024414e-05,