{"E1_agent0_norm": 2.4515414237976074, "E1_agent1_norm": 2.8140296936035156, "E1_agent2_norm": 3.099140167236328, "E1_agent3_norm": 2.9168365001678467, "E1_agent4_norm": 2.8496084213256836, "E1_agent5_norm": 2.9142634868621826, "E2_agent0_norm": 0.7998206615447998, "E2_agent1_norm": 2.6552481651306152, "E2_agent2_norm": 2.178210973739624, "E2_agent3_norm": 2.4520561695098877, "E2_agent4_norm": 2.761209011077881, "E2_agent5_norm": 2.978391170501709, "E3_agent0_norm": 0.8405666947364807, "E3_agent1_norm": 2.435875654220581, "E3_agent2_norm": 1.9780360460281372, "E3_agent3_norm": 2.1978650093078613, "E3_agent4_norm": 2.5530900955200195, "E3_agent5_norm": 2.4478280544281006, "E4_agent0_norm": 0.9472840428352356, "E4_agent1_norm": 2.045804023742676, "E4_agent2_norm": 1.93986177444458, "E4_agent3_norm": 2.181579113006592, "E4_agent4_norm": 2.4317233562469482, "E4_agent5_norm": 2.0707874298095703, "E5_agent0_norm": 0.7970419526100159, "E5_agent1_norm": 1.6600795984268188, "E5_agent2_norm": 1.508764386177063, "E5_agent3_norm": 1.935302495956421, "E5_agent4_norm": 1.7333784103393555, "E5_agent5_norm": 1.5435184240341187, "E6_agent0_norm": 0.6916881203651428, "E6_agent1_norm": 1.3604377508163452, "E6_agent2_norm": 1.4824343919754028, "E6_agent3_norm": 1.4249024391174316, "E6_agent4_norm": 1.2249650955200195, "E6_agent5_norm": 1.3257944583892822, "E7_agent0_norm": 0.6511611938476562, "E7_agent1_norm": 1.1845817565917969, "E7_agent2_norm": 1.1884106397628784, "E7_agent3_norm": 1.1554503440856934, "E7_agent4_norm": 1.030095100402832, "E7_agent5_norm": 1.082952618598938, "E8_agent0_norm": 0.5285350680351257, "E8_agent1_norm": 0.9346806406974792, "E8_agent2_norm": 0.9847345352172852, "E8_agent3_norm": 0.9652648568153381, "E8_agent4_norm": 0.8309905529022217, "E8_agent5_norm": 0.8716573715209961, "E9_agent0_norm": 0.40917354822158813, "E9_agent1_norm": 0.7827043533325195, "E9_agent2_norm": 0.7809081077575684, "E9_agent3_norm": 0.7806347012519836, "E9_agent4_norm": 0.6905669569969177, "E9_agent5_norm": 0.750375509262085, "E10_agent0_norm": 0.3731374442577362, "E10_agent1_norm": 0.6433097720146179, "E10_agent2_norm": 0.6661549806594849, "E10_agent3_norm": 0.651425302028656, "E10_agent4_norm": 0.5754948854446411, "E10_agent5_norm": 0.6435443758964539, "E11_agent0_norm": 0.3122818171977997, "E11_agent1_norm": 0.518162190914154, "E11_agent2_norm": 0.5427977442741394, "E11_agent3_norm": 0.5293853282928467, "E11_agent4_norm": 0.48198363184928894, "E11_agent5_norm": 0.5149560570716858, "E12_agent0_norm": 0.28160035610198975, "E12_agent1_norm": 0.4532412588596344, "E12_agent2_norm": 0.45315253734588623, "E12_agent3_norm": 0.4488815367221832, "E12_agent4_norm": 0.4183734357357025, "E12_agent5_norm": 0.44115257263183594, "E13_agent0_norm": 0.257367342710495, "E13_agent1_norm": 0.37556102871894836, "E13_agent2_norm": 0.3717707395553589, "E13_agent3_norm": 0.3807797431945801, "E13_agent4_norm": 0.3627173900604248, "E13_agent5_norm": 0.381854385137558, "E14_agent0_norm": 0.23793047666549683, "E14_agent1_norm": 0.320675790309906, "E14_agent2_norm": 0.31849196553230286, "E14_agent3_norm": 0.3244767487049103, "E14_agent4_norm": 0.3053692579269409, "E14_agent5_norm": 0.3380884528160095, "E15_agent0_norm": 0.22888410091400146, "E15_agent1_norm": 0.274333655834198, "E15_agent2_norm": 0.2656996250152588, "E15_agent3_norm": 0.27033671736717224, "E15_agent4_norm": 0.25840985774993896, "E15_agent5_norm": 0.2985778748989105, "E16_agent0_norm": 0.22419551014900208, "E16_agent1_norm": 0.22570878267288208, "E16_agent2_norm": 0.21779239177703857, "E16_agent3_norm": 0.22961001098155975, "E16_agent4_norm": 0.2219991385936737, "E16_agent5_norm": 0.24339735507965088, "E17_agent0_norm": 0.19737546145915985, "E17_agent1_norm": 0.19260016083717346, "E17_agent2_norm": 0.17723523080348969, "E17_agent3_norm": 0.19092264771461487, "E17_agent4_norm": 0.1805807203054428, "E17_agent5_norm": 0.2083170861005783, "E18_agent0_norm": 0.19839130342006683, "E18_agent1_norm": 0.15625642240047455, "E18_agent2_norm": 0.1463833898305893, "E18_agent3_norm": 0.15650606155395508, "E18_agent4_norm": 0.15473854541778564, "E18_agent5_norm": 0.17598877847194672, "E19_agent0_norm": 0.1740274727344513, "E19_agent1_norm": 0.11930616945028305, "E19_agent2_norm": 0.115495465695858, "E19_agent3_norm": 0.12122482806444168, "E19_agent4_norm": 0.12429526448249817, "E19_agent5_norm": 0.13969320058822632, "E20_agent0_norm": 0.14941911399364471, "E20_agent1_norm": 0.09284669160842896, "E20_agent2_norm": 0.08711398392915726, "E20_agent3_norm": 0.0883692130446434, "E20_agent4_norm": 0.08310047537088394, "E20_agent5_norm": 0.12393464893102646, "E21_agent0_norm": 0.12110745161771774, "E21_agent1_norm": 0.06979354470968246, "E21_agent2_norm": 0.0646723285317421, "E21_agent3_norm": 0.06393852829933167, "E21_agent4_norm": 0.06313996762037277, "E21_agent5_norm": 0.10378539562225342, "E22_agent0_norm": 0.0935785174369812, "E22_agent1_norm": 0.051631540060043335, "E22_agent2_norm": 0.0479707345366478, "E22_agent3_norm": 0.04600701853632927, "E22_agent4_norm": 0.04583187401294708, "E22_agent5_norm": 0.08750192821025848, "E23_agent0_norm": 0.06817623972892761, "E23_agent1_norm": 0.03739535063505173, "E23_agent2_norm": 0.037123631685972214, "E23_agent3_norm": 0.03574705868959427, "E23_agent4_norm": 0.03331705182790756, "E23_agent5_norm": 0.059104304760694504, "E24_agent0_norm": 0.04890478402376175, "E24_agent1_norm": 0.02602541632950306, "E24_agent2_norm": 0.025762448087334633, "E24_agent3_norm": 0.025213591754436493, "E24_agent4_norm": 0.02477145567536354, "E24_agent5_norm": 0.04264170303940773, "E25_agent0_norm": 0.03413962945342064, "E25_agent1_norm": 0.018636077642440796, "E25_agent2_norm": 0.018114320933818817, "E25_agent3_norm": 0.01713530533015728, "E25_agent4_norm": 0.017160706222057343, "E25_agent5_norm": 0.026304058730602264, "E26_agent0_norm": 0.02374701015651226, "E26_agent1_norm": 0.012929658405482769, "E26_agent2_norm": 0.01344216801226139, "E26_agent3_norm": 0.01254411693662405, "E26_agent4_norm": 0.011826963163912296, "E26_agent5_norm": 0.017140693962574005, "E27_agent0_norm": 0.016866806894540787, "E27_agent1_norm": 0.008974313735961914, "E27_agent2_norm": 0.009678819216787815, "E27_agent3_norm": 0.009602876380085945, "E27_agent4_norm": 0.008269663900136948, "E27_agent5_norm": 0.01134007889777422, "E28_agent0_norm": 0.011852345429360867, "E28_agent1_norm": 0.006581094115972519, "E28_agent2_norm": 0.0071010407991707325, "E28_agent3_norm": 0.006663134787231684, "E28_agent4_norm": 0.005736629944294691, "E28_agent5_norm": 0.00881155114620924, "E29_agent0_norm": 0.008244241587817669, "E29_agent1_norm": 0.004833615384995937, "E29_agent2_norm": 0.0054015167988836765, "E29_agent3_norm": 0.005114533007144928, "E29_agent4_norm": 0.004226425662636757, "E29_agent5_norm": 0.005753548815846443, "E30_agent0_norm": 0.005827557761222124, "E30_agent1_norm": 0.003542771562933922, "E30_agent2_norm": 0.0038496165070682764, "E30_agent3_norm": 0.003665682626888156, "E30_agent4_norm": 0.003009155159816146, "E30_agent5_norm": 0.00417181383818388, "E31_agent0_norm": 0.004175854846835136, "E31_agent1_norm": 0.002505767624825239, "E31_agent2_norm": 0.0028284124564379454, "E31_agent3_norm": 0.0026341169141232967, "E31_agent4_norm": 0.002157028531655669, "E31_agent5_norm": 0.0027894857339560986, "E32_agent0_norm": 0.0029281936585903168, "E32_agent1_norm": 0.0017981227720156312, "E32_agent2_norm": 0.0021039131097495556, "E32_agent3_norm": 0.0019387493375688791, "E32_agent4_norm": 0.0015634424053132534, "E32_agent5_norm": 0.002016946440562606, "E33_agent0_norm": 0.0020688516087830067, "E33_agent1_norm": 0.0012721720850095153, "E33_agent2_norm": 0.0014673765981569886, "E33_agent3_norm": 0.0013541958760470152, "E33_agent4_norm": 0.0011067979503422976, "E33_agent5_norm": 0.001488532405346632, "E34_agent0_norm": 0.0014430920127779245, "E34_agent1_norm": 0.0009079757146537304, "E34_agent2_norm": 0.0010745504405349493, "E34_agent3_norm": 0.0009913641260936856,