{"E1_agent0_norm": 2.3938305377960205, "E1_agent1_norm": 2.6931052207946777, "E1_agent2_norm": 2.9179177284240723, "E1_agent3_norm": 2.770103931427002, "E1_agent4_norm": 2.550788164138794, "E1_agent5_norm": 2.9780471324920654, "E2_agent0_norm": 0.958757221698761, "E2_agent1_norm": 2.6289315223693848, "E2_agent2_norm": 2.652557611465454, "E2_agent3_norm": 2.6849756240844727, "E2_agent4_norm": 2.5566437244415283, "E2_agent5_norm": 2.3999176025390625, "E3_agent0_norm": 0.946556568145752, "E3_agent1_norm": 2.4687023162841797, "E3_agent2_norm": 1.808990478515625, "E3_agent3_norm": 2.532149076461792, "E3_agent4_norm": 2.4030356407165527, "E3_agent5_norm": 2.319228172302246, "E4_agent0_norm": 0.9172308444976807, "E4_agent1_norm": 2.2544138431549072, "E4_agent2_norm": 2.081976890563965, "E4_agent3_norm": 2.0485634803771973, "E4_agent4_norm": 1.9018394947052002, "E4_agent5_norm": 2.1159732341766357, "E5_agent0_norm": 0.8104953169822693, "E5_agent1_norm": 1.6489313840866089, "E5_agent2_norm": 1.7518213987350464, "E5_agent3_norm": 1.7469984292984009, "E5_agent4_norm": 1.5194981098175049, "E5_agent5_norm": 1.676666498184204, "E6_agent0_norm": 0.7042871713638306, "E6_agent1_norm": 1.5858827829360962, "E6_agent2_norm": 1.478570818901062, "E6_agent3_norm": 1.477040410041809, "E6_agent4_norm": 1.4101004600524902, "E6_agent5_norm": 1.4410605430603027, "E7_agent0_norm": 0.6391236186027527, "E7_agent1_norm": 1.3775826692581177, "E7_agent2_norm": 1.3889280557632446, "E7_agent3_norm": 1.203428864479065, "E7_agent4_norm": 1.1472188234329224, "E7_agent5_norm": 1.2043942213058472, "E8_agent0_norm": 0.5518946647644043, "E8_agent1_norm": 1.1658743619918823, "E8_agent2_norm": 1.103359580039978, "E8_agent3_norm": 1.0416650772094727, "E8_agent4_norm": 0.894291877746582, "E8_agent5_norm": 0.9651076793670654, "E9_agent0_norm": 0.4406341016292572, "E9_agent1_norm": 0.964519739151001, "E9_agent2_norm": 0.9189966320991516, "E9_agent3_norm": 0.8835992217063904, "E9_agent4_norm": 0.7441374063491821, "E9_agent5_norm": 0.813133180141449, "E10_agent0_norm": 0.3926021456718445, "E10_agent1_norm": 0.7800219655036926, "E10_agent2_norm": 0.7434174418449402, "E10_agent3_norm": 0.7203576564788818, "E10_agent4_norm": 0.5970351099967957, "E10_agent5_norm": 0.720369279384613, "E11_agent0_norm": 0.33122318983078003, "E11_agent1_norm": 0.6779986619949341, "E11_agent2_norm": 0.6023820042610168, "E11_agent3_norm": 0.5873445868492126, "E11_agent4_norm": 0.5134140253067017, "E11_agent5_norm": 0.6171367764472961, "E12_agent0_norm": 0.31189095973968506, "E12_agent1_norm": 0.5673447847366333, "E12_agent2_norm": 0.5084447264671326, "E12_agent3_norm": 0.5145014524459839, "E12_agent4_norm": 0.42566582560539246, "E12_agent5_norm": 0.5197521448135376, "E13_agent0_norm": 0.28082579374313354, "E13_agent1_norm": 0.4508439600467682, "E13_agent2_norm": 0.4072979688644409, "E13_agent3_norm": 0.4291357398033142, "E13_agent4_norm": 0.36098191142082214, "E13_agent5_norm": 0.4416075646877289, "E14_agent0_norm": 0.254677414894104, "E14_agent1_norm": 0.36825960874557495, "E14_agent2_norm": 0.3366885185241699, "E14_agent3_norm": 0.34802237153053284, "E14_agent4_norm": 0.3007754385471344, "E14_agent5_norm": 0.36883828043937683, "E15_agent0_norm": 0.24320288002490997, "E15_agent1_norm": 0.29377281665802, "E15_agent2_norm": 0.28315800428390503, "E15_agent3_norm": 0.27849340438842773, "E15_agent4_norm": 0.247532919049263, "E15_agent5_norm": 0.3212243616580963, "E16_agent0_norm": 0.23594775795936584, "E16_agent1_norm": 0.24315737187862396, "E16_agent2_norm": 0.2269306629896164, "E16_agent3_norm": 0.2293081283569336, "E16_agent4_norm": 0.21702958643436432, "E16_agent5_norm": 0.2684549391269684, "E17_agent0_norm": 0.2204275131225586, "E17_agent1_norm": 0.18090328574180603, "E17_agent2_norm": 0.18033666908740997, "E17_agent3_norm": 0.18962056934833527, "E17_agent4_norm": 0.17905902862548828, "E17_agent5_norm": 0.22199746966362, "E18_agent0_norm": 0.19601531326770782, "E18_agent1_norm": 0.14979691803455353, "E18_agent2_norm": 0.13721506297588348, "E18_agent3_norm": 0.14567577838897705, "E18_agent4_norm": 0.13568232953548431, "E18_agent5_norm": 0.183411106467247, "E19_agent0_norm": 0.17131219804286957, "E19_agent1_norm": 0.12237203866243362, "E19_agent2_norm": 0.1109851747751236, "E19_agent3_norm": 0.11656102538108826, "E19_agent4_norm": 0.09621531516313553, "E19_agent5_norm": 0.15444312989711761, "E20_agent0_norm": 0.15428918600082397, "E20_agent1_norm": 0.09159912168979645, "E20_agent2_norm": 0.08013857901096344, "E20_agent3_norm": 0.08945169299840927, "E20_agent4_norm": 0.07883735746145248, "E20_agent5_norm": 0.12496138364076614, "E21_agent0_norm": 0.12521469593048096, "E21_agent1_norm": 0.07013611495494843, "E21_agent2_norm": 0.06146742030978203, "E21_agent3_norm": 0.0718589499592781, "E21_agent4_norm": 0.058823686093091965, "E21_agent5_norm": 0.11743725091218948, "E22_agent0_norm": 0.09592873603105545, "E22_agent1_norm": 0.05185602977871895, "E22_agent2_norm": 0.04514022171497345, "E22_agent3_norm": 0.0485529862344265, "E22_agent4_norm": 0.04378177598118782, "E22_agent5_norm": 0.09323965013027191, "E23_agent0_norm": 0.06855329871177673, "E23_agent1_norm": 0.03852462396025658, "E23_agent2_norm": 0.03543961048126221, "E23_agent3_norm": 0.03648482635617256, "E23_agent4_norm": 0.032456304877996445, "E23_agent5_norm": 0.05486350134015083, "E24_agent0_norm": 0.049498990178108215, "E24_agent1_norm": 0.02745113894343376, "E24_agent2_norm": 0.02571648359298706, "E24_agent3_norm": 0.02636282704770565, "E24_agent4_norm": 0.023844674229621887, "E24_agent5_norm": 0.03936439007520676, "E25_agent0_norm": 0.034465767443180084, "E25_agent1_norm": 0.020432425662875175, "E25_agent2_norm": 0.01922292448580265, "E25_agent3_norm": 0.018379708752036095, "E25_agent4_norm": 0.01688602939248085, "E25_agent5_norm": 0.023100877180695534, "E26_agent0_norm": 0.024825548753142357, "E26_agent1_norm": 0.01486190129071474, "E26_agent2_norm": 0.01361569669097662, "E26_agent3_norm": 0.01308298110961914, "E26_agent4_norm": 0.012203715741634369, "E26_agent5_norm": 0.01821407675743103, "E27_agent0_norm": 0.017840605229139328, "E27_agent1_norm": 0.010934492573142052, "E27_agent2_norm": 0.010837851092219353, "E27_agent3_norm": 0.010333305224776268, "E27_agent4_norm": 0.009429249912500381, "E27_agent5_norm": 0.012193278409540653, "E28_agent0_norm": 0.012582512572407722, "E28_agent1_norm": 0.007851126603782177, "E28_agent2_norm": 0.008220170624554157, "E28_agent3_norm": 0.007773836608976126, "E28_agent4_norm": 0.0069030215963721275, "E28_agent5_norm": 0.008177857846021652, "E29_agent0_norm": 0.008892685174942017, "E29_agent1_norm": 0.005703398492187262, "E29_agent2_norm": 0.005883726757019758, "E29_agent3_norm": 0.005689205601811409, "E29_agent4_norm": 0.004755592439323664, "E29_agent5_norm": 0.0054851677268743515, "E30_agent0_norm": 0.006399556063115597, "E30_agent1_norm": 0.0040784901939332485, "E30_agent2_norm": 0.004316138103604317, "E30_agent3_norm": 0.004045472480356693, "E30_agent4_norm": 0.0034825277980417013, "E30_agent5_norm": 0.004437685944139957, "E31_agent0_norm": 0.0044930558651685715, "E31_agent1_norm": 0.0029007296543568373, "E31_agent2_norm": 0.0031230472959578037, "E31_agent3_norm": 0.002982525620609522, "E31_agent4_norm": 0.002454380737617612, "E31_agent5_norm": 0.002967145526781678, "E32_agent0_norm": 0.0031923737842589617, "E32_agent1_norm": 0.0020908622536808252, "E32_agent2_norm": 0.002298610517755151, "E32_agent3_norm": 0.002215556101873517, "E32_agent4_norm": 0.0017134372610598803, "E32_agent5_norm": 0.0019924244843423367, "E33_agent0_norm": 0.0022469160612672567, "E33_agent1_norm": 0.00152099528349936, "E33_agent2_norm": 0.0016846790676936507, "E33_agent3_norm": 0.0016044077929109335, "E33_agent4_norm": 0.0012298929505050182, "E33_agent5_norm": 0.0014206568012014031, "E34_agent0_norm": 0.0015863305889070034, "E34_agent1_norm": 0.0010352515382692218, "E34_agent2_norm": 0.0012013999512419105, "E34_agent3_norm": 0.0011356115574017167,