{"Agent0_Epoch1": 0.29632723331451416, "Agent1_Epoch1": 0.2877417802810669, "Agent2_Epoch1": 0.9762873649597168, "Agent3_Epoch1": 0.990491509437561, "Agent4_Epoch1": 0.9868961572647095, "Agent5_Epoch1": 0.9946046471595764, "Agent0_Epoch2": 0.07621681690216064, "Agent1_Epoch2": 0.3310326337814331, "Agent2_Epoch2": 0.44813424348831177, "Agent3_Epoch2": 0.4587152600288391, "Agent4_Epoch2": 0.44072675704956055, "Agent5_Epoch2": 0.42483627796173096, "Agent0_Epoch3": 0.05589795112609863, "Agent1_Epoch3": 0.19812500476837158, "Agent2_Epoch3": 0.23236286640167236, "Agent3_Epoch3": 0.27917587757110596, "Agent4_Epoch3": 0.25347012281417847, "Agent5_Epoch3": 0.2571840286254883, "Agent0_Epoch4": 0.0411529541015625, "Agent1_Epoch4": 0.12028181552886963, "Agent2_Epoch4": 0.1618208885192871, "Agent3_Epoch4": 0.15890181064605713, "Agent4_Epoch4": 0.16026848554611206, "Agent5_Epoch4": 0.15936613082885742, "Agent0_Epoch5": 0.027576029300689697, "Agent1_Epoch5": 0.07026016712188721, "Agent2_Epoch5": 0.09526723623275757, "Agent3_Epoch5": 0.09728288650512695, "Agent4_Epoch5": 0.08726674318313599, "Agent5_Epoch5": 0.08841192722320557, "Agent0_Epoch6": 0.020789504051208496, "Agent1_Epoch6": 0.04497891664505005, "Agent2_Epoch6": 0.060458600521087646, "Agent3_Epoch6": 0.06953686475753784, "Agent4_Epoch6": 0.0623626708984375, "Agent5_Epoch6": 0.057281434535980225, "Agent0_Epoch7": 0.016256511211395264, "Agent1_Epoch7": 0.030815184116363525, "Agent2_Epoch7": 0.04213517904281616, "Agent3_Epoch7": 0.04500257968902588, "Agent4_Epoch7": 0.03990405797958374, "Agent5_Epoch7": 0.039004385471343994, "Agent0_Epoch8": 0.01311260461807251, "Agent1_Epoch8": 0.022274672985076904, "Agent2_Epoch8": 0.029804527759552002, "Agent3_Epoch8": 0.03217589855194092, "Agent4_Epoch8": 0.026998579502105713, "Agent5_Epoch8": 0.0262681245803833, "Agent0_Epoch9": 0.010712921619415283, "Agent1_Epoch9": 0.016649603843688965, "Agent2_Epoch9": 0.021819710731506348, "Agent3_Epoch9": 0.023376941680908203, "Agent4_Epoch9": 0.0186384916305542, "Agent5_Epoch9": 0.01915687322616577, "Agent0_Epoch10": 0.008857190608978271, "Agent1_Epoch10": 0.012802720069885254, "Agent2_Epoch10": 0.015756309032440186, "Agent3_Epoch10": 0.017055153846740723, "Agent4_Epoch10": 0.013315916061401367, "Agent5_Epoch10": 0.01439124345779419, "Agent0_Epoch11": 0.0075206756591796875, "Agent1_Epoch11": 0.010227859020233154, "Agent2_Epoch11": 0.011670470237731934, "Agent3_Epoch11": 0.012571334838867188, "Agent4_Epoch11": 0.009892463684082031, "Agent5_Epoch11": 0.010754227638244629, "Agent0_Epoch12": 0.006322920322418213, "Agent1_Epoch12": 0.008189678192138672, "Agent2_Epoch12": 0.009373307228088379, "Agent3_Epoch12": 0.00993955135345459, "Agent4_Epoch12": 0.0077443718910217285, "Agent5_Epoch12": 0.008462011814117432, "Agent0_Epoch13": 0.005389750003814697, "Agent1_Epoch13": 0.0067081451416015625, "Agent2_Epoch13": 0.0071749091148376465, "Agent3_Epoch13": 0.007801949977874756, "Agent4_Epoch13": 0.006260693073272705, "Agent5_Epoch13": 0.006591498851776123, "Agent0_Epoch14": 0.004631996154785156, "Agent1_Epoch14": 0.005577683448791504, "Agent2_Epoch14": 0.005824267864227295, "Agent3_Epoch14": 0.006179213523864746, "Agent4_Epoch14": 0.005054175853729248, "Agent5_Epoch14": 0.005507230758666992, "Agent0_Epoch15": 0.004056811332702637, "Agent1_Epoch15": 0.004753172397613525, "Agent2_Epoch15": 0.004908561706542969, "Agent3_Epoch15": 0.005144655704498291, "Agent4_Epoch15": 0.0042975544929504395, "Agent5_Epoch15": 0.004404425621032715, "Agent0_Epoch16": 0.003550291061401367, "Agent1_Epoch16": 0.004066050052642822, "Agent2_Epoch16": 0.004166007041931152, "Agent3_Epoch16": 0.004267275333404541, "Agent4_Epoch16": 0.004040718078613281, "Agent5_Epoch16": 0.003948211669921875, "Agent0_Epoch17": 0.003167867660522461, "Agent1_Epoch17": 0.0035602450370788574, "Agent2_Epoch17": 0.003636300563812256, "Agent3_Epoch17": 0.0037102699279785156, "Agent4_Epoch17": 0.0035076141357421875, "Agent5_Epoch17": 0.003468334674835205, "Agent0_Epoch18": 0.0028185248374938965, "Agent1_Epoch18": 0.0031175613403320312, "Agent2_Epoch18": 0.003191530704498291, "Agent3_Epoch18": 0.0031768083572387695, "Agent4_Epoch18": 0.0030291080474853516, "Agent5_Epoch18": 0.00327223539352417, "Agent0_Epoch19": 0.002535998821258545, "Agent1_Epoch19": 0.0027681589126586914, "Agent2_Epoch19": 0.0027738213539123535, "Agent3_Epoch19": 0.0027021169662475586, "Agent4_Epoch19": 0.0024051666259765625, "Agent5_Epoch19": 0.0029292702674865723, "Agent0_Epoch20": 0.0022251009941101074, "Agent1_Epoch20": 0.002401590347290039, "Agent2_Epoch20": 0.0023920536041259766, "Agent3_Epoch20": 0.0023198723793029785, "Agent4_Epoch20": 0.0022290945053100586, "Agent5_Epoch20": 0.002626657485961914, "Agent0_Epoch21": 0.0019071102142333984, "Agent1_Epoch21": 0.0020389556884765625, "Agent2_Epoch21": 0.0020405054092407227, "Agent3_Epoch21": 0.001963376998901367, "Agent4_Epoch21": 0.0018410682678222656, "Agent5_Epoch21": 0.00241696834564209, "Agent0_Epoch22": 0.0015909075736999512, "Agent1_Epoch22": 0.0016871094703674316, "Agent2_Epoch22": 0.00168687105178833, "Agent3_Epoch22": 0.0016390085220336914, "Agent4_Epoch22": 0.001551508903503418, "Agent5_Epoch22": 0.0019759535789489746, "Agent0_Epoch23": 0.0012857317924499512, "Agent1_Epoch23": 0.0013538002967834473, "Agent2_Epoch23": 0.001355290412902832, "Agent3_Epoch23": 0.0013172030448913574, "Agent4_Epoch23": 0.0012211203575134277, "Agent5_Epoch23": 0.001451253890991211, "Agent0_Epoch24": 0.0009984970092773438, "Agent1_Epoch24": 0.0010443925857543945, "Agent2_Epoch24": 0.0010474324226379395, "Agent3_Epoch24": 0.0010232925415039062, "Agent4_Epoch24": 0.0009531974792480469, "Agent5_Epoch24": 0.001105189323425293, "Agent0_Epoch25": 0.0007586479187011719, "Agent1_Epoch25": 0.0007891058921813965, "Agent2_Epoch25": 0.0007880926132202148, "Agent3_Epoch25": 0.0007725954055786133, "Agent4_Epoch25": 0.0007285475730895996, "Agent5_Epoch25": 0.0007998943328857422, "Agent0_Epoch26": 0.0005642175674438477, "Agent1_Epoch26": 0.0005838871002197266, "Agent2_Epoch26": 0.000582277774810791, "Agent3_Epoch26": 0.0005730986595153809, "Agent4_Epoch26": 0.0005466341972351074, "Agent5_Epoch26": 0.0005964040756225586, "Agent0_Epoch27": 0.0004150271415710449, "Agent1_Epoch27": 0.0004273056983947754, "Agent2_Epoch27": 0.00042682886123657227, "Agent3_Epoch27": 0.0004215836524963379, "Agent4_Epoch27": 0.0004018545150756836, "Agent5_Epoch27": 0.00043135881423950195, "Agent0_Epoch28": 0.00030153989791870117, "Agent1_Epoch28": 0.00030928850173950195, "Agent2_Epoch28": 0.00030922889709472656, "Agent3_Epoch28": 0.00030601024627685547, "Agent4_Epoch28": 0.0002931952476501465, "Agent5_Epoch28": 0.00030988454818725586, "Agent0_Epoch29": 0.000217437744140625, "Agent1_Epoch29": 0.00022220611572265625, "Agent2_Epoch29": 0.0002219080924987793, "Agent3_Epoch29": 0.00022023916244506836, "Agent4_Epoch29": 0.00021350383758544922, "Agent5_Epoch29": 0.00022143125534057617, "Agent0_Epoch30": 0.00015586614608764648, "Agent1_Epoch30": 0.00015866756439208984, "Agent2_Epoch30": 0.00015860795974731445, "Agent3_Epoch30": 0.00015729665756225586, "Agent4_Epoch30": 0.00015306472778320312, "Agent5_Epoch30": 0.00015926361083984375, "Agent0_Epoch31": 0.00011104345321655273, "Agent1_Epoch31": 0.00011283159255981445, "Agent2_Epoch31": 0.00011265277862548828, "Agent3_Epoch31": 0.00011217594146728516, "Agent4_Epoch31": 0.00010949373245239258, "Agent5_Epoch31": 0.00011283159255981445, "Agent0_Epoch32": 7.861852645874023e-05, "Agent1_Epoch32": 7.975101470947266e-05, "Agent2_Epoch32": 7.975101470947266e-05, "Agent3_Epoch32": 7.939338684082031e-05, "Agent4_Epoch32": 7.790327072143555e-05, "Agent5_Epoch32": 7.969141006469727e-05, "Agent0_Epoch33": 5.5789947509765625e-05, "Agent1_Epoch33": 5.638599395751953e-05, "Agent2_Epoch33": 5.644559860229492e-05, "Agent3_Epoch33": 5.608797073364258e-05, "Agent4_Epoch33": 5.537271499633789e-05, "Agent5_Epoch33": 5.626678466796875e-05, "Agent0_Epoch34": 3.921985626220703e-05,