{"E1_agent0_norm": 2.464715003967285, "E1_agent1_norm": 2.6990513801574707, "E1_agent2_norm": 3.151909828186035, "E1_agent3_norm": 2.892665147781372, "E1_agent4_norm": 2.820444107055664, "E1_agent5_norm": 3.0059964656829834, "E2_agent0_norm": 0.952318549156189, "E2_agent1_norm": 2.637319564819336, "E2_agent2_norm": 2.439786195755005, "E2_agent3_norm": 2.3653576374053955, "E2_agent4_norm": 2.5239784717559814, "E2_agent5_norm": 2.369945764541626, "E3_agent0_norm": 0.972815752029419, "E3_agent1_norm": 2.0512607097625732, "E3_agent2_norm": 2.319288730621338, "E3_agent3_norm": 1.9557052850723267, "E3_agent4_norm": 2.2241370677948, "E3_agent5_norm": 2.0705299377441406, "E4_agent0_norm": 0.816234827041626, "E4_agent1_norm": 2.129063367843628, "E4_agent2_norm": 1.8800495862960815, "E4_agent3_norm": 1.9804725646972656, "E4_agent4_norm": 1.9410041570663452, "E4_agent5_norm": 1.6990569829940796, "E5_agent0_norm": 0.7401396632194519, "E5_agent1_norm": 1.5643073320388794, "E5_agent2_norm": 1.761721134185791, "E5_agent3_norm": 1.8122217655181885, "E5_agent4_norm": 1.4284437894821167, "E5_agent5_norm": 1.4504103660583496, "E6_agent0_norm": 0.6550712585449219, "E6_agent1_norm": 1.3404381275177002, "E6_agent2_norm": 1.4554046392440796, "E6_agent3_norm": 1.4802165031433105, "E6_agent4_norm": 1.2939157485961914, "E6_agent5_norm": 1.2593607902526855, "E7_agent0_norm": 0.5031381845474243, "E7_agent1_norm": 1.088052749633789, "E7_agent2_norm": 1.1844265460968018, "E7_agent3_norm": 1.0936697721481323, "E7_agent4_norm": 0.9581083655357361, "E7_agent5_norm": 1.0012800693511963, "E8_agent0_norm": 0.43717512488365173, "E8_agent1_norm": 0.9655098915100098, "E8_agent2_norm": 1.0185219049453735, "E8_agent3_norm": 0.8575455546379089, "E8_agent4_norm": 0.7938427329063416, "E8_agent5_norm": 0.7859281301498413, "E9_agent0_norm": 0.3852458894252777, "E9_agent1_norm": 0.8175467848777771, "E9_agent2_norm": 0.8358035683631897, "E9_agent3_norm": 0.7584381103515625, "E9_agent4_norm": 0.662733256816864, "E9_agent5_norm": 0.7167320847511292, "E10_agent0_norm": 0.3419402241706848, "E10_agent1_norm": 0.6945263743400574, "E10_agent2_norm": 0.6980388164520264, "E10_agent3_norm": 0.6239863634109497, "E10_agent4_norm": 0.5671375393867493, "E10_agent5_norm": 0.5835081338882446, "E11_agent0_norm": 0.2869480550289154, "E11_agent1_norm": 0.5668303370475769, "E11_agent2_norm": 0.6022521257400513, "E11_agent3_norm": 0.5287793874740601, "E11_agent4_norm": 0.44095271825790405, "E11_agent5_norm": 0.47735705971717834, "E12_agent0_norm": 0.27638116478919983, "E12_agent1_norm": 0.5043434500694275, "E12_agent2_norm": 0.4884239733219147, "E12_agent3_norm": 0.45908135175704956, "E12_agent4_norm": 0.38921093940734863, "E12_agent5_norm": 0.4283353388309479, "E13_agent0_norm": 0.2506200969219208, "E13_agent1_norm": 0.42052844166755676, "E13_agent2_norm": 0.4118233621120453, "E13_agent3_norm": 0.39185091853141785, "E13_agent4_norm": 0.33662351965904236, "E13_agent5_norm": 0.3688110113143921, "E14_agent0_norm": 0.24240326881408691, "E14_agent1_norm": 0.36859771609306335, "E14_agent2_norm": 0.343036413192749, "E14_agent3_norm": 0.33332952857017517, "E14_agent4_norm": 0.2883422076702118, "E14_agent5_norm": 0.322086900472641, "E15_agent0_norm": 0.23436935245990753, "E15_agent1_norm": 0.30879172682762146, "E15_agent2_norm": 0.29919862747192383, "E15_agent3_norm": 0.29500389099121094, "E15_agent4_norm": 0.2476307600736618, "E15_agent5_norm": 0.2900809943675995, "E16_agent0_norm": 0.21915268898010254, "E16_agent1_norm": 0.2571512758731842, "E16_agent2_norm": 0.2564321458339691, "E16_agent3_norm": 0.23780293762683868, "E16_agent4_norm": 0.20527513325214386, "E16_agent5_norm": 0.24721495807170868, "E17_agent0_norm": 0.22066812217235565, "E17_agent1_norm": 0.20268824696540833, "E17_agent2_norm": 0.19608278572559357, "E17_agent3_norm": 0.1989876925945282, "E17_agent4_norm": 0.18936245143413544, "E17_agent5_norm": 0.21929413080215454, "E18_agent0_norm": 0.20464427769184113, "E18_agent1_norm": 0.15744729340076447, "E18_agent2_norm": 0.15705440938472748, "E18_agent3_norm": 0.16192467510700226, "E18_agent4_norm": 0.14680030941963196, "E18_agent5_norm": 0.18342220783233643, "E19_agent0_norm": 0.17932280898094177, "E19_agent1_norm": 0.12409790605306625, "E19_agent2_norm": 0.13125234842300415, "E19_agent3_norm": 0.12014077603816986, "E19_agent4_norm": 0.10969550162553787, "E19_agent5_norm": 0.15188392996788025, "E20_agent0_norm": 0.1559537947177887, "E20_agent1_norm": 0.08589303493499756, "E20_agent2_norm": 0.09978187829256058, "E20_agent3_norm": 0.08861953020095825, "E20_agent4_norm": 0.08454565703868866, "E20_agent5_norm": 0.12309110164642334, "E21_agent0_norm": 0.12297917902469635, "E21_agent1_norm": 0.06256537139415741, "E21_agent2_norm": 0.07128018885850906, "E21_agent3_norm": 0.06549413502216339, "E21_agent4_norm": 0.06340648233890533, "E21_agent5_norm": 0.09479715675115585, "E22_agent0_norm": 0.09037179499864578, "E22_agent1_norm": 0.04638233780860901, "E22_agent2_norm": 0.052064199000597, "E22_agent3_norm": 0.046327587217092514, "E22_agent4_norm": 0.04339420422911644, "E22_agent5_norm": 0.06855929642915726, "E23_agent0_norm": 0.06380803138017654, "E23_agent1_norm": 0.033338017761707306, "E23_agent2_norm": 0.03738381713628769, "E23_agent3_norm": 0.033575572073459625, "E23_agent4_norm": 0.031458474695682526, "E23_agent5_norm": 0.047904402017593384, "E24_agent0_norm": 0.04496649280190468, "E24_agent1_norm": 0.023020636290311813, "E24_agent2_norm": 0.025062227621674538, "E24_agent3_norm": 0.022957338020205498, "E24_agent4_norm": 0.02164936065673828, "E24_agent5_norm": 0.03294111043214798, "E25_agent0_norm": 0.031790222972631454, "E25_agent1_norm": 0.016762632876634598, "E25_agent2_norm": 0.019702550023794174, "E25_agent3_norm": 0.016253983601927757, "E25_agent4_norm": 0.015195769257843494, "E25_agent5_norm": 0.022968309000134468, "E26_agent0_norm": 0.022210847586393356, "E26_agent1_norm": 0.012075191363692284, "E26_agent2_norm": 0.014550559222698212, "E26_agent3_norm": 0.012702270410954952, "E26_agent4_norm": 0.011068961583077908, "E26_agent5_norm": 0.01498362235724926, "E27_agent0_norm": 0.01579117961227894, "E27_agent1_norm": 0.008996322751045227, "E27_agent2_norm": 0.010621394030749798, "E27_agent3_norm": 0.009356892667710781, "E27_agent4_norm": 0.007999123074114323, "E27_agent5_norm": 0.010726675391197205, "E28_agent0_norm": 0.011545520275831223, "E28_agent1_norm": 0.006443563383072615, "E28_agent2_norm": 0.007948054932057858, "E28_agent3_norm": 0.006830716971307993, "E28_agent4_norm": 0.0058966432698071, "E28_agent5_norm": 0.007991760969161987, "E29_agent0_norm": 0.00806131400167942, "E29_agent1_norm": 0.004681938793510199, "E29_agent2_norm": 0.005752520635724068, "E29_agent3_norm": 0.004909134935587645, "E29_agent4_norm": 0.004010820295661688, "E29_agent5_norm": 0.005460948217660189, "E30_agent0_norm": 0.005683314520865679, "E30_agent1_norm": 0.003397800726816058, "E30_agent2_norm": 0.004064835608005524, "E30_agent3_norm": 0.003731667995452881, "E30_agent4_norm": 0.0030275958124548197, "E30_agent5_norm": 0.0037589059211313725, "E31_agent0_norm": 0.004012376070022583, "E31_agent1_norm": 0.002464872784912586, "E31_agent2_norm": 0.0030020063277333975, "E31_agent3_norm": 0.0027844125870615244, "E31_agent4_norm": 0.00215769256465137, "E31_agent5_norm": 0.0025550308637320995, "E32_agent0_norm": 0.002856095554307103, "E32_agent1_norm": 0.0017839603824540973, "E32_agent2_norm": 0.002191222971305251, "E32_agent3_norm": 0.0020037363283336163, "E32_agent4_norm": 0.0015053499955683947, "E32_agent5_norm": 0.0019172640750184655, "E33_agent0_norm": 0.0020018320064991713, "E33_agent1_norm": 0.0012568701058626175, "E33_agent2_norm": 0.0015766139840707183, "E33_agent3_norm": 0.0014283572090789676, "E33_agent4_norm": 0.0010829530656337738, "E33_agent5_norm": 0.0012933183461427689, "E34_agent0_norm": 0.0014341098722070456, "E34_agent1_norm": 0.0009016201365739107, "E34_agent2_norm": 0.0011319922050461173,