{"E1_agent0_norm": 2.5157692432403564, "E1_agent1_norm": 2.7340304851531982, "E1_agent2_norm": 3.145277500152588, "E1_agent3_norm": 3.0016562938690186, "E1_agent4_norm": 2.777667760848999, "E1_agent5_norm": 2.7450482845306396, "E2_agent0_norm": 0.9260573983192444, "E2_agent1_norm": 2.3626577854156494, "E2_agent2_norm": 2.607137441635132, "E2_agent3_norm": 2.546356439590454, "E2_agent4_norm": 2.8310580253601074, "E2_agent5_norm": 2.3965935707092285, "E3_agent0_norm": 0.8677986860275269, "E3_agent1_norm": 2.1728498935699463, "E3_agent2_norm": 2.431922674179077, "E3_agent3_norm": 2.495481491088867, "E3_agent4_norm": 2.1479578018188477, "E3_agent5_norm": 2.3534302711486816, "E4_agent0_norm": 0.8825424313545227, "E4_agent1_norm": 1.8128241300582886, "E4_agent2_norm": 2.242046594619751, "E4_agent3_norm": 2.284248113632202, "E4_agent4_norm": 2.017561197280884, "E4_agent5_norm": 1.992946982383728, "E5_agent0_norm": 0.8192535638809204, "E5_agent1_norm": 1.6889665126800537, "E5_agent2_norm": 1.884445071220398, "E5_agent3_norm": 2.1108012199401855, "E5_agent4_norm": 1.677980899810791, "E5_agent5_norm": 1.6181989908218384, "E6_agent0_norm": 0.7187508344650269, "E6_agent1_norm": 1.440556526184082, "E6_agent2_norm": 1.5848041772842407, "E6_agent3_norm": 1.5916986465454102, "E6_agent4_norm": 1.2488901615142822, "E6_agent5_norm": 1.3310863971710205, "E7_agent0_norm": 0.5957117080688477, "E7_agent1_norm": 1.246313452720642, "E7_agent2_norm": 1.241829514503479, "E7_agent3_norm": 1.2208157777786255, "E7_agent4_norm": 1.0047110319137573, "E7_agent5_norm": 1.0504711866378784, "E8_agent0_norm": 0.5054880976676941, "E8_agent1_norm": 1.079420804977417, "E8_agent2_norm": 1.0664771795272827, "E8_agent3_norm": 0.9831396341323853, "E8_agent4_norm": 0.8241072297096252, "E8_agent5_norm": 0.8930343985557556, "E9_agent0_norm": 0.46127817034721375, "E9_agent1_norm": 0.8599201440811157, "E9_agent2_norm": 0.8575688600540161, "E9_agent3_norm": 0.7982773780822754, "E9_agent4_norm": 0.6349534392356873, "E9_agent5_norm": 0.6964240670204163, "E10_agent0_norm": 0.38006722927093506, "E10_agent1_norm": 0.7140906453132629, "E10_agent2_norm": 0.6699965000152588, "E10_agent3_norm": 0.6489859223365784, "E10_agent4_norm": 0.5347694754600525, "E10_agent5_norm": 0.6041610836982727, "E11_agent0_norm": 0.33293601870536804, "E11_agent1_norm": 0.6100532412528992, "E11_agent2_norm": 0.5858217477798462, "E11_agent3_norm": 0.5541857481002808, "E11_agent4_norm": 0.45213523507118225, "E11_agent5_norm": 0.521694540977478, "E12_agent0_norm": 0.29987117648124695, "E12_agent1_norm": 0.5091331601142883, "E12_agent2_norm": 0.4597920775413513, "E12_agent3_norm": 0.4614855647087097, "E12_agent4_norm": 0.3934810757637024, "E12_agent5_norm": 0.41004982590675354, "E13_agent0_norm": 0.2673269212245941, "E13_agent1_norm": 0.42279356718063354, "E13_agent2_norm": 0.38973531126976013, "E13_agent3_norm": 0.3900940418243408, "E13_agent4_norm": 0.3277355432510376, "E13_agent5_norm": 0.37612849473953247, "E14_agent0_norm": 0.26416105031967163, "E14_agent1_norm": 0.3560042977333069, "E14_agent2_norm": 0.3215349614620209, "E14_agent3_norm": 0.324332058429718, "E14_agent4_norm": 0.2863090932369232, "E14_agent5_norm": 0.30317166447639465, "E15_agent0_norm": 0.2401605099439621, "E15_agent1_norm": 0.28509020805358887, "E15_agent2_norm": 0.2749176025390625, "E15_agent3_norm": 0.2719540596008301, "E15_agent4_norm": 0.25672173500061035, "E15_agent5_norm": 0.27776867151260376, "E16_agent0_norm": 0.23651492595672607, "E16_agent1_norm": 0.24233801662921906, "E16_agent2_norm": 0.22406631708145142, "E16_agent3_norm": 0.21929527819156647, "E16_agent4_norm": 0.20456816256046295, "E16_agent5_norm": 0.2365109771490097, "E17_agent0_norm": 0.21866990625858307, "E17_agent1_norm": 0.18582944571971893, "E17_agent2_norm": 0.18105395138263702, "E17_agent3_norm": 0.17528915405273438, "E17_agent4_norm": 0.1722555011510849, "E17_agent5_norm": 0.1976827085018158, "E18_agent0_norm": 0.2025756984949112, "E18_agent1_norm": 0.14827172458171844, "E18_agent2_norm": 0.1417064666748047, "E18_agent3_norm": 0.14070698618888855, "E18_agent4_norm": 0.13636183738708496, "E18_agent5_norm": 0.16776245832443237, "E19_agent0_norm": 0.18091721832752228, "E19_agent1_norm": 0.12140180915594101, "E19_agent2_norm": 0.11517657339572906, "E19_agent3_norm": 0.11728793382644653, "E19_agent4_norm": 0.10548371821641922, "E19_agent5_norm": 0.13644112646579742, "E20_agent0_norm": 0.1577804535627365, "E20_agent1_norm": 0.09153175354003906, "E20_agent2_norm": 0.09164077043533325, "E20_agent3_norm": 0.08554922789335251, "E20_agent4_norm": 0.07917635887861252, "E20_agent5_norm": 0.11948050558567047, "E21_agent0_norm": 0.12736527621746063, "E21_agent1_norm": 0.0654510036110878, "E21_agent2_norm": 0.06909462064504623, "E21_agent3_norm": 0.06123780086636543, "E21_agent4_norm": 0.05952376872301102, "E21_agent5_norm": 0.09963138401508331, "E22_agent0_norm": 0.09467683732509613, "E22_agent1_norm": 0.04657713323831558, "E22_agent2_norm": 0.04955441132187843, "E22_agent3_norm": 0.04338240250945091, "E22_agent4_norm": 0.04163714125752449, "E22_agent5_norm": 0.0730825737118721, "E23_agent0_norm": 0.06579915434122086, "E23_agent1_norm": 0.03394279628992081, "E23_agent2_norm": 0.03759249299764633, "E23_agent3_norm": 0.0338657908141613, "E23_agent4_norm": 0.030852194875478745, "E23_agent5_norm": 0.046155255287885666, "E24_agent0_norm": 0.046031929552555084, "E24_agent1_norm": 0.024435119703412056, "E24_agent2_norm": 0.026307230815291405, "E24_agent3_norm": 0.023774102330207825, "E24_agent4_norm": 0.021528450772166252, "E24_agent5_norm": 0.029474014416337013, "E25_agent0_norm": 0.032863274216651917, "E25_agent1_norm": 0.017910633236169815, "E25_agent2_norm": 0.019723616540431976, "E25_agent3_norm": 0.01743321493268013, "E25_agent4_norm": 0.014558235183358192, "E25_agent5_norm": 0.020391270518302917, "E26_agent0_norm": 0.02360120415687561, "E26_agent1_norm": 0.013006911613047123, "E26_agent2_norm": 0.014091165736317635, "E26_agent3_norm": 0.012593233957886696, "E26_agent4_norm": 0.010911595076322556, "E26_agent5_norm": 0.015826720744371414, "E27_agent0_norm": 0.01680435612797737, "E27_agent1_norm": 0.010019246488809586, "E27_agent2_norm": 0.010837052017450333, "E27_agent3_norm": 0.009435459971427917, "E27_agent4_norm": 0.00879904255270958, "E27_agent5_norm": 0.010864632204174995, "E28_agent0_norm": 0.011894160881638527, "E28_agent1_norm": 0.007047136314213276, "E28_agent2_norm": 0.00816483236849308, "E28_agent3_norm": 0.006791731342673302, "E28_agent4_norm": 0.006103874649852514, "E28_agent5_norm": 0.007247614208608866, "E29_agent0_norm": 0.008584330789744854, "E29_agent1_norm": 0.0051442463882267475, "E29_agent2_norm": 0.0060846274718642235, "E29_agent3_norm": 0.005033271387219429, "E29_agent4_norm": 0.004573342390358448, "E29_agent5_norm": 0.005512404255568981, "E30_agent0_norm": 0.00603460380807519, "E30_agent1_norm": 0.0037618796341121197, "E30_agent2_norm": 0.004395848140120506, "E30_agent3_norm": 0.0036871980410069227, "E30_agent4_norm": 0.0031321935821324587, "E30_agent5_norm": 0.003474840195849538, "E31_agent0_norm": 0.0042450912296772, "E31_agent1_norm": 0.0027812933549284935, "E31_agent2_norm": 0.0033960568252950907, "E31_agent3_norm": 0.002741859992966056, "E31_agent4_norm": 0.0023192784283310175, "E31_agent5_norm": 0.0025657739024609327, "E32_agent0_norm": 0.002977489959448576, "E32_agent1_norm": 0.0020517301745712757, "E32_agent2_norm": 0.002438215771690011, "E32_agent3_norm": 0.0020034126937389374, "E32_agent4_norm": 0.00155056978110224, "E32_agent5_norm": 0.0017032810719683766, "E33_agent0_norm": 0.0020968301687389612, "E33_agent1_norm": 0.0014478390803560615, "E33_agent2_norm": 0.0017821936635300517, "E33_agent3_norm": 0.0014815428294241428, "E33_agent4_norm": 0.0011171980295330286, "E33_agent5_norm": 0.0012392046628519893, "E34_agent0_norm": 0.001469968119636178, "E34_agent1_norm": 0.001016164431348443, "E34_agent2_norm": 0.0012768987799063325, "E34_agent3_norm": 0.0010741673177108169,