{"Agent0_Epoch1": 0.30079299211502075, "Agent1_Epoch1": 0.28201931715011597, "Agent2_Epoch1": 0.9937589764595032, "Agent3_Epoch1": 0.9963012337684631, "Agent4_Epoch1": 0.9993776082992554, "Agent5_Epoch1": 0.9954676032066345, "Agent0_Epoch2": 0.08231741189956665, "Agent1_Epoch2": 0.33930134773254395, "Agent2_Epoch2": 0.4527846574783325, "Agent3_Epoch2": 0.46231675148010254, "Agent4_Epoch2": 0.46632033586502075, "Agent5_Epoch2": 0.44600969552993774, "Agent0_Epoch3": 0.05519193410873413, "Agent1_Epoch3": 0.20410174131393433, "Agent2_Epoch3": 0.2505176067352295, "Agent3_Epoch3": 0.29454827308654785, "Agent4_Epoch3": 0.24837273359298706, "Agent5_Epoch3": 0.28298914432525635, "Agent0_Epoch4": 0.0393180251121521, "Agent1_Epoch4": 0.12025213241577148, "Agent2_Epoch4": 0.15752822160720825, "Agent3_Epoch4": 0.18432027101516724, "Agent4_Epoch4": 0.17222881317138672, "Agent5_Epoch4": 0.16731786727905273, "Agent0_Epoch5": 0.028565645217895508, "Agent1_Epoch5": 0.07346540689468384, "Agent2_Epoch5": 0.09804093837738037, "Agent3_Epoch5": 0.11728644371032715, "Agent4_Epoch5": 0.10709422826766968, "Agent5_Epoch5": 0.09936320781707764, "Agent0_Epoch6": 0.021673917770385742, "Agent1_Epoch6": 0.047527015209198, "Agent2_Epoch6": 0.05673062801361084, "Agent3_Epoch6": 0.07239663600921631, "Agent4_Epoch6": 0.05880707502365112, "Agent5_Epoch6": 0.05968427658081055, "Agent0_Epoch7": 0.017068028450012207, "Agent1_Epoch7": 0.03280794620513916, "Agent2_Epoch7": 0.03928351402282715, "Agent3_Epoch7": 0.047911226749420166, "Agent4_Epoch7": 0.03895998001098633, "Agent5_Epoch7": 0.036720871925354004, "Agent0_Epoch8": 0.01397705078125, "Agent1_Epoch8": 0.023994743824005127, "Agent2_Epoch8": 0.027571916580200195, "Agent3_Epoch8": 0.03187817335128784, "Agent4_Epoch8": 0.02530604600906372, "Agent5_Epoch8": 0.025463461875915527, "Agent0_Epoch9": 0.011256694793701172, "Agent1_Epoch9": 0.017687082290649414, "Agent2_Epoch9": 0.019050776958465576, "Agent3_Epoch9": 0.022488415241241455, "Agent4_Epoch9": 0.018053293228149414, "Agent5_Epoch9": 0.01912665367126465, "Agent0_Epoch10": 0.00912410020828247, "Agent1_Epoch10": 0.01332247257232666, "Agent2_Epoch10": 0.014316797256469727, "Agent3_Epoch10": 0.016450941562652588, "Agent4_Epoch10": 0.013364732265472412, "Agent5_Epoch10": 0.013535857200622559, "Agent0_Epoch11": 0.007543027400970459, "Agent1_Epoch11": 0.010369062423706055, "Agent2_Epoch11": 0.01131594181060791, "Agent3_Epoch11": 0.012656807899475098, "Agent4_Epoch11": 0.010238289833068848, "Agent5_Epoch11": 0.010862410068511963, "Agent0_Epoch12": 0.006344497203826904, "Agent1_Epoch12": 0.008294403553009033, "Agent2_Epoch12": 0.008588135242462158, "Agent3_Epoch12": 0.00972217321395874, "Agent4_Epoch12": 0.007966995239257812, "Agent5_Epoch12": 0.008321285247802734, "Agent0_Epoch13": 0.005382359027862549, "Agent1_Epoch13": 0.006749331951141357, "Agent2_Epoch13": 0.006932616233825684, "Agent3_Epoch13": 0.007803380489349365, "Agent4_Epoch13": 0.006304264068603516, "Agent5_Epoch13": 0.006462812423706055, "Agent0_Epoch14": 0.004626572132110596, "Agent1_Epoch14": 0.005606949329376221, "Agent2_Epoch14": 0.005730152130126953, "Agent3_Epoch14": 0.0063931941986083984, "Agent4_Epoch14": 0.005064129829406738, "Agent5_Epoch14": 0.005485475063323975, "Agent0_Epoch15": 0.004004955291748047, "Agent1_Epoch15": 0.004718124866485596, "Agent2_Epoch15": 0.004863321781158447, "Agent3_Epoch15": 0.005395412445068359, "Agent4_Epoch15": 0.004577040672302246, "Agent5_Epoch15": 0.004562854766845703, "Agent0_Epoch16": 0.0035871267318725586, "Agent1_Epoch16": 0.004127025604248047, "Agent2_Epoch16": 0.0042209625244140625, "Agent3_Epoch16": 0.004584074020385742, "Agent4_Epoch16": 0.003668546676635742, "Agent5_Epoch16": 0.004077434539794922, "Agent0_Epoch17": 0.003196537494659424, "Agent1_Epoch17": 0.0036063194274902344, "Agent2_Epoch17": 0.0037994980812072754, "Agent3_Epoch17": 0.004000425338745117, "Agent4_Epoch17": 0.003203094005584717, "Agent5_Epoch17": 0.003316819667816162, "Agent0_Epoch18": 0.002870619297027588, "Agent1_Epoch18": 0.003185749053955078, "Agent2_Epoch18": 0.003308415412902832, "Agent3_Epoch18": 0.0034683942794799805, "Agent4_Epoch18": 0.0028760433197021484, "Agent5_Epoch18": 0.0032613277435302734, "Agent0_Epoch19": 0.0025402307510375977, "Agent1_Epoch19": 0.002780735492706299, "Agent2_Epoch19": 0.0029600858688354492, "Agent3_Epoch19": 0.0029796361923217773, "Agent4_Epoch19": 0.0027502775192260742, "Agent5_Epoch19": 0.002947509288787842, "Agent0_Epoch20": 0.0022202730178833008, "Agent1_Epoch20": 0.0024025440216064453, "Agent2_Epoch20": 0.002559840679168701, "Agent3_Epoch20": 0.0025324225425720215, "Agent4_Epoch20": 0.0023383498191833496, "Agent5_Epoch20": 0.0027260184288024902, "Agent0_Epoch21": 0.0018916130065917969, "Agent1_Epoch21": 0.002026677131652832, "Agent2_Epoch21": 0.0021449923515319824, "Agent3_Epoch21": 0.002085745334625244, "Agent4_Epoch21": 0.0019540786743164062, "Agent5_Epoch21": 0.002344965934753418, "Agent0_Epoch22": 0.001550912857055664, "Agent1_Epoch22": 0.0016474723815917969, "Agent2_Epoch22": 0.0017534494400024414, "Agent3_Epoch22": 0.0016959309577941895, "Agent4_Epoch22": 0.0015676021575927734, "Agent5_Epoch22": 0.0018856525421142578, "Agent0_Epoch23": 0.0012363791465759277, "Agent1_Epoch23": 0.0013034939765930176, "Agent2_Epoch23": 0.0013523101806640625, "Agent3_Epoch23": 0.001324772834777832, "Agent4_Epoch23": 0.0012704133987426758, "Agent5_Epoch23": 0.0013772249221801758, "Agent0_Epoch24": 0.0009537935256958008, "Agent1_Epoch24": 0.00099867582321167, "Agent2_Epoch24": 0.0010328888893127441, "Agent3_Epoch24": 0.0010110139846801758, "Agent4_Epoch24": 0.0009516477584838867, "Agent5_Epoch24": 0.001060187816619873, "Agent0_Epoch25": 0.0007211565971374512, "Agent1_Epoch25": 0.000750422477722168, "Agent2_Epoch25": 0.0007690191268920898, "Agent3_Epoch25": 0.0007546544075012207, "Agent4_Epoch25": 0.0007112026214599609, "Agent5_Epoch25": 0.0007705092430114746, "Agent0_Epoch26": 0.0005339980125427246, "Agent1_Epoch26": 0.0005525350570678711, "Agent2_Epoch26": 0.0005645751953125, "Agent3_Epoch26": 0.0005581378936767578, "Agent4_Epoch26": 0.0005330443382263184, "Agent5_Epoch26": 0.0005578994750976562, "Agent0_Epoch27": 0.0003905296325683594, "Agent1_Epoch27": 0.0004023313522338867, "Agent2_Epoch27": 0.00041049718856811523, "Agent3_Epoch27": 0.0004055500030517578, "Agent4_Epoch27": 0.0003885030746459961, "Agent5_Epoch27": 0.0004105567932128906, "Agent0_Epoch28": 0.0002835392951965332, "Agent1_Epoch28": 0.0002906918525695801, "Agent2_Epoch28": 0.000295102596282959, "Agent3_Epoch28": 0.0002931952476501465, "Agent4_Epoch28": 0.00028228759765625, "Agent5_Epoch28": 0.0002949237823486328, "Agent0_Epoch29": 0.0002040863037109375, "Agent1_Epoch29": 0.0002085566520690918, "Agent2_Epoch29": 0.00021135807037353516, "Agent3_Epoch29": 0.000209808349609375, "Agent4_Epoch29": 0.00020331144332885742, "Agent5_Epoch29": 0.00021094083786010742, "Agent0_Epoch30": 0.00014609098434448242, "Agent1_Epoch30": 0.000148773193359375, "Agent2_Epoch30": 0.0001506805419921875, "Agent3_Epoch30": 0.00014990568161010742, "Agent4_Epoch30": 0.00014656782150268555, "Agent5_Epoch30": 0.00015091896057128906, "Agent0_Epoch31": 0.00010406970977783203, "Agent1_Epoch31": 0.00010573863983154297, "Agent2_Epoch31": 0.00010669231414794922, "Agent3_Epoch31": 0.00010633468627929688, "Agent4_Epoch31": 0.0001042485237121582, "Agent5_Epoch31": 0.00010669231414794922, "Agent0_Epoch32": 7.390975952148438e-05, "Agent1_Epoch32": 7.486343383789062e-05, "Agent2_Epoch32": 7.545948028564453e-05, "Agent3_Epoch32": 7.528066635131836e-05, "Agent4_Epoch32": 7.402896881103516e-05, "Agent5_Epoch32": 7.545948028564453e-05, "Agent0_Epoch33": 5.227327346801758e-05, "Agent1_Epoch33": 5.2928924560546875e-05, "Agent2_Epoch33": 5.322694778442383e-05, "Agent3_Epoch33": 5.310773849487305e-05, "Agent4_Epoch33": 5.21540641784668e-05, "Agent5_Epoch33": 5.322694778442383e-05, "Agent0_Epoch34": 3.6716461181640625e-05, "Agent1_Epoch34": 3.707408905029297e-05,