{"E1_agent0_norm": 2.5740957260131836, "E1_agent1_norm": 2.986576795578003, "E1_agent2_norm": 3.109483480453491, "E1_agent3_norm": 3.2303757667541504, "E1_agent4_norm": 3.014573097229004, "E1_agent5_norm": 3.004629135131836, "E2_agent0_norm": 0.8909775614738464, "E2_agent1_norm": 2.779825448989868, "E2_agent2_norm": 2.5969555377960205, "E2_agent3_norm": 2.6141722202301025, "E2_agent4_norm": 2.68147611618042, "E2_agent5_norm": 2.639681577682495, "E3_agent0_norm": 0.9072723388671875, "E3_agent1_norm": 2.387342691421509, "E3_agent2_norm": 2.0838253498077393, "E3_agent3_norm": 2.3824098110198975, "E3_agent4_norm": 1.7920317649841309, "E3_agent5_norm": 2.4108142852783203, "E4_agent0_norm": 1.0372722148895264, "E4_agent1_norm": 2.130600929260254, "E4_agent2_norm": 2.1693012714385986, "E4_agent3_norm": 2.2908895015716553, "E4_agent4_norm": 2.0785722732543945, "E4_agent5_norm": 2.1099228858947754, "E5_agent0_norm": 0.7895994782447815, "E5_agent1_norm": 1.7475087642669678, "E5_agent2_norm": 1.8175158500671387, "E5_agent3_norm": 1.9454965591430664, "E5_agent4_norm": 1.7487006187438965, "E5_agent5_norm": 1.7254581451416016, "E6_agent0_norm": 0.6965249180793762, "E6_agent1_norm": 1.4607213735580444, "E6_agent2_norm": 1.3874210119247437, "E6_agent3_norm": 1.5616556406021118, "E6_agent4_norm": 1.2236799001693726, "E6_agent5_norm": 1.3448758125305176, "E7_agent0_norm": 0.6166177988052368, "E7_agent1_norm": 1.1891083717346191, "E7_agent2_norm": 1.1426268815994263, "E7_agent3_norm": 1.3258339166641235, "E7_agent4_norm": 1.0710691213607788, "E7_agent5_norm": 1.0298833847045898, "E8_agent0_norm": 0.48793917894363403, "E8_agent1_norm": 1.0101739168167114, "E8_agent2_norm": 0.9615067839622498, "E8_agent3_norm": 1.0267990827560425, "E8_agent4_norm": 0.8225880861282349, "E8_agent5_norm": 0.8926416635513306, "E9_agent0_norm": 0.4255952835083008, "E9_agent1_norm": 0.8395258784294128, "E9_agent2_norm": 0.7677199244499207, "E9_agent3_norm": 0.8465107083320618, "E9_agent4_norm": 0.7068626284599304, "E9_agent5_norm": 0.8193308711051941, "E10_agent0_norm": 0.38086190819740295, "E10_agent1_norm": 0.7016940116882324, "E10_agent2_norm": 0.6593366861343384, "E10_agent3_norm": 0.681774377822876, "E10_agent4_norm": 0.5901338458061218, "E10_agent5_norm": 0.6159114241600037, "E11_agent0_norm": 0.3416682481765747, "E11_agent1_norm": 0.6120175719261169, "E11_agent2_norm": 0.5880444049835205, "E11_agent3_norm": 0.5860852599143982, "E11_agent4_norm": 0.4960384666919708, "E11_agent5_norm": 0.5828412771224976, "E12_agent0_norm": 0.3031091094017029, "E12_agent1_norm": 0.5244264006614685, "E12_agent2_norm": 0.47520604729652405, "E12_agent3_norm": 0.4779718518257141, "E12_agent4_norm": 0.4333527982234955, "E12_agent5_norm": 0.48705264925956726, "E13_agent0_norm": 0.27421098947525024, "E13_agent1_norm": 0.4429290294647217, "E13_agent2_norm": 0.4134508967399597, "E13_agent3_norm": 0.4194549024105072, "E13_agent4_norm": 0.368710458278656, "E13_agent5_norm": 0.4254109263420105, "E14_agent0_norm": 0.2665588855743408, "E14_agent1_norm": 0.3702784478664398, "E14_agent2_norm": 0.35694512724876404, "E14_agent3_norm": 0.3575684428215027, "E14_agent4_norm": 0.3238235414028168, "E14_agent5_norm": 0.3797694742679596, "E15_agent0_norm": 0.2551615238189697, "E15_agent1_norm": 0.3011183738708496, "E15_agent2_norm": 0.2980576455593109, "E15_agent3_norm": 0.29584938287734985, "E15_agent4_norm": 0.27849480509757996, "E15_agent5_norm": 0.3386518955230713, "E16_agent0_norm": 0.24039006233215332, "E16_agent1_norm": 0.23069040477275848, "E16_agent2_norm": 0.2578115463256836, "E16_agent3_norm": 0.24811436235904694, "E16_agent4_norm": 0.22431384027004242, "E16_agent5_norm": 0.2810255289077759, "E17_agent0_norm": 0.2134556621313095, "E17_agent1_norm": 0.19007711112499237, "E17_agent2_norm": 0.22212937474250793, "E17_agent3_norm": 0.20828382670879364, "E17_agent4_norm": 0.17949305474758148, "E17_agent5_norm": 0.23761536180973053, "E18_agent0_norm": 0.2091657817363739, "E18_agent1_norm": 0.15147006511688232, "E18_agent2_norm": 0.16865935921669006, "E18_agent3_norm": 0.16884200274944305, "E18_agent4_norm": 0.1452220380306244, "E18_agent5_norm": 0.19742749631404877, "E19_agent0_norm": 0.1845688819885254, "E19_agent1_norm": 0.1120678037405014, "E19_agent2_norm": 0.1374717652797699, "E19_agent3_norm": 0.12568581104278564, "E19_agent4_norm": 0.11272183805704117, "E19_agent5_norm": 0.15689927339553833, "E20_agent0_norm": 0.1533515304327011, "E20_agent1_norm": 0.08709648996591568, "E20_agent2_norm": 0.10106360167264938, "E20_agent3_norm": 0.0918162539601326, "E20_agent4_norm": 0.08052308112382889, "E20_agent5_norm": 0.130548357963562, "E21_agent0_norm": 0.12124612182378769, "E21_agent1_norm": 0.06678253412246704, "E21_agent2_norm": 0.07366820424795151, "E21_agent3_norm": 0.06627114117145538, "E21_agent4_norm": 0.05920650064945221, "E21_agent5_norm": 0.1080072745680809, "E22_agent0_norm": 0.09059244394302368, "E22_agent1_norm": 0.048538971692323685, "E22_agent2_norm": 0.05644359812140465, "E22_agent3_norm": 0.04818403720855713, "E22_agent4_norm": 0.04480133578181267, "E22_agent5_norm": 0.08186040073633194, "E23_agent0_norm": 0.06387001276016235, "E23_agent1_norm": 0.03571435064077377, "E23_agent2_norm": 0.04009084776043892, "E23_agent3_norm": 0.034358344972133636, "E23_agent4_norm": 0.031733185052871704, "E23_agent5_norm": 0.04874438792467117, "E24_agent0_norm": 0.04547793045639992, "E24_agent1_norm": 0.025955213233828545, "E24_agent2_norm": 0.029484398663043976, "E24_agent3_norm": 0.025347355753183365, "E24_agent4_norm": 0.022266661748290062, "E24_agent5_norm": 0.03757403790950775, "E25_agent0_norm": 0.031313199549913406, "E25_agent1_norm": 0.018940841779112816, "E25_agent2_norm": 0.02160358801484108, "E25_agent3_norm": 0.01787213794887066, "E25_agent4_norm": 0.01598227024078369, "E25_agent5_norm": 0.02385285310447216, "E26_agent0_norm": 0.022101247683167458, "E26_agent1_norm": 0.013541060499846935, "E26_agent2_norm": 0.01545622292906046, "E26_agent3_norm": 0.013406839221715927, "E26_agent4_norm": 0.010864884592592716, "E26_agent5_norm": 0.01481802947819233, "E27_agent0_norm": 0.015707876533269882, "E27_agent1_norm": 0.0097626568749547, "E27_agent2_norm": 0.011167253367602825, "E27_agent3_norm": 0.009648146107792854, "E27_agent4_norm": 0.00816946942359209, "E27_agent5_norm": 0.011904547922313213, "E28_agent0_norm": 0.01114518940448761, "E28_agent1_norm": 0.007057646755129099, "E28_agent2_norm": 0.008056987076997757, "E28_agent3_norm": 0.007338147144764662, "E28_agent4_norm": 0.0057381875813007355, "E28_agent5_norm": 0.008154883049428463, "E29_agent0_norm": 0.007911541499197483, "E29_agent1_norm": 0.005052302964031696, "E29_agent2_norm": 0.005901815835386515, "E29_agent3_norm": 0.0051772212609648705, "E29_agent4_norm": 0.004082852508872747, "E29_agent5_norm": 0.005814042408019304, "E30_agent0_norm": 0.005641202908009291, "E30_agent1_norm": 0.0035963912960141897, "E30_agent2_norm": 0.004222298972308636, "E30_agent3_norm": 0.0037216225173324347, "E30_agent4_norm": 0.0028219495434314013, "E30_agent5_norm": 0.0043641915544867516, "E31_agent0_norm": 0.004007795825600624, "E31_agent1_norm": 0.002550022676587105, "E31_agent2_norm": 0.003002230077981949, "E31_agent3_norm": 0.002690181601792574, "E31_agent4_norm": 0.0020515965297818184, "E31_agent5_norm": 0.0029138464014977217, "E32_agent0_norm": 0.0028208494186401367, "E32_agent1_norm": 0.001810637884773314, "E32_agent2_norm": 0.0021769762970507145, "E32_agent3_norm": 0.0019025556975975633, "E32_agent4_norm": 0.001438354724086821, "E32_agent5_norm": 0.002087072702124715, "E33_agent0_norm": 0.0019520391942933202, "E33_agent1_norm": 0.0012651022989302874, "E33_agent2_norm": 0.0015763865085318685, "E33_agent3_norm": 0.001355077838525176, "E33_agent4_norm": 0.0010038143955171108, "E33_agent5_norm": 0.0014241461176425219, "E34_agent0_norm": 0.0013800134183838964, "E34_agent1_norm": 0.0008977850084193051, "E34_agent2_norm": 0.0011230662930756807, "E34_agent3_norm": 0.000985431019216776,