{"E1_agent0_norm": 2.514035940170288, "E1_agent1_norm": 2.7704389095306396, "E1_agent2_norm": 3.07243013381958, "E1_agent3_norm": 2.8907244205474854, "E1_agent4_norm": 2.6166439056396484, "E1_agent5_norm": 2.7881968021392822, "E2_agent0_norm": 0.8875887989997864, "E2_agent1_norm": 2.6480278968811035, "E2_agent2_norm": 2.742828369140625, "E2_agent3_norm": 2.6523890495300293, "E2_agent4_norm": 2.7373852729797363, "E2_agent5_norm": 2.7164571285247803, "E3_agent0_norm": 0.9161887764930725, "E3_agent1_norm": 2.3850579261779785, "E3_agent2_norm": 2.470250129699707, "E3_agent3_norm": 1.820459008216858, "E3_agent4_norm": 2.197028398513794, "E3_agent5_norm": 2.069627285003662, "E4_agent0_norm": 0.9101613163948059, "E4_agent1_norm": 2.1284048557281494, "E4_agent2_norm": 2.2492759227752686, "E4_agent3_norm": 2.2082884311676025, "E4_agent4_norm": 2.142714500427246, "E4_agent5_norm": 2.1184258460998535, "E5_agent0_norm": 0.8190069198608398, "E5_agent1_norm": 1.7446094751358032, "E5_agent2_norm": 1.850549578666687, "E5_agent3_norm": 1.9423768520355225, "E5_agent4_norm": 1.8358261585235596, "E5_agent5_norm": 1.778192400932312, "E6_agent0_norm": 0.6844722628593445, "E6_agent1_norm": 1.4366027116775513, "E6_agent2_norm": 1.4962196350097656, "E6_agent3_norm": 1.6104542016983032, "E6_agent4_norm": 1.3690418004989624, "E6_agent5_norm": 1.3082064390182495, "E7_agent0_norm": 0.6549704074859619, "E7_agent1_norm": 1.268985390663147, "E7_agent2_norm": 1.2766988277435303, "E7_agent3_norm": 1.2882338762283325, "E7_agent4_norm": 1.0455288887023926, "E7_agent5_norm": 1.1727728843688965, "E8_agent0_norm": 0.6048921346664429, "E8_agent1_norm": 1.0913165807724, "E8_agent2_norm": 1.1652531623840332, "E8_agent3_norm": 1.0570030212402344, "E8_agent4_norm": 0.8998875021934509, "E8_agent5_norm": 1.031144618988037, "E9_agent0_norm": 0.5059460997581482, "E9_agent1_norm": 0.8991194367408752, "E9_agent2_norm": 0.9760646224021912, "E9_agent3_norm": 0.84144127368927, "E9_agent4_norm": 0.758784294128418, "E9_agent5_norm": 0.8967207670211792, "E10_agent0_norm": 0.4350963830947876, "E10_agent1_norm": 0.7590916156768799, "E10_agent2_norm": 0.8378844857215881, "E10_agent3_norm": 0.6815223097801208, "E10_agent4_norm": 0.6651663184165955, "E10_agent5_norm": 0.7550693154335022, "E11_agent0_norm": 0.3507424294948578, "E11_agent1_norm": 0.5905240178108215, "E11_agent2_norm": 0.6683809757232666, "E11_agent3_norm": 0.5374033451080322, "E11_agent4_norm": 0.5364493727684021, "E11_agent5_norm": 0.5779606699943542, "E12_agent0_norm": 0.3249092996120453, "E12_agent1_norm": 0.5173389315605164, "E12_agent2_norm": 0.5242934823036194, "E12_agent3_norm": 0.43665415048599243, "E12_agent4_norm": 0.47244125604629517, "E12_agent5_norm": 0.5272306203842163, "E13_agent0_norm": 0.2767006456851959, "E13_agent1_norm": 0.41818535327911377, "E13_agent2_norm": 0.43324556946754456, "E13_agent3_norm": 0.3565046191215515, "E13_agent4_norm": 0.37701472640037537, "E13_agent5_norm": 0.4575072228908539, "E14_agent0_norm": 0.25868484377861023, "E14_agent1_norm": 0.3532378375530243, "E14_agent2_norm": 0.3614639341831207, "E14_agent3_norm": 0.29169854521751404, "E14_agent4_norm": 0.32383373379707336, "E14_agent5_norm": 0.3920304775238037, "E15_agent0_norm": 0.24608498811721802, "E15_agent1_norm": 0.28506362438201904, "E15_agent2_norm": 0.31146353483200073, "E15_agent3_norm": 0.23608750104904175, "E15_agent4_norm": 0.26779064536094666, "E15_agent5_norm": 0.3465892970561981, "E16_agent0_norm": 0.23626010119915009, "E16_agent1_norm": 0.2324386090040207, "E16_agent2_norm": 0.24972042441368103, "E16_agent3_norm": 0.19566749036312103, "E16_agent4_norm": 0.24013440310955048, "E16_agent5_norm": 0.2848908603191376, "E17_agent0_norm": 0.211233988404274, "E17_agent1_norm": 0.18816609680652618, "E17_agent2_norm": 0.20512962341308594, "E17_agent3_norm": 0.16299444437026978, "E17_agent4_norm": 0.1896108090877533, "E17_agent5_norm": 0.24393871426582336, "E18_agent0_norm": 0.18672262132167816, "E18_agent1_norm": 0.1531824767589569, "E18_agent2_norm": 0.15705521404743195, "E18_agent3_norm": 0.12881016731262207, "E18_agent4_norm": 0.14310865104198456, "E18_agent5_norm": 0.1998981088399887, "E19_agent0_norm": 0.16893766820430756, "E19_agent1_norm": 0.12428081035614014, "E19_agent2_norm": 0.11824876070022583, "E19_agent3_norm": 0.10255500674247742, "E19_agent4_norm": 0.10526341199874878, "E19_agent5_norm": 0.16870136559009552, "E20_agent0_norm": 0.1473647803068161, "E20_agent1_norm": 0.09227585047483444, "E20_agent2_norm": 0.08944407850503922, "E20_agent3_norm": 0.08240606635808945, "E20_agent4_norm": 0.0860794261097908, "E20_agent5_norm": 0.13315969705581665, "E21_agent0_norm": 0.11868688464164734, "E21_agent1_norm": 0.07129581272602081, "E21_agent2_norm": 0.06766432523727417, "E21_agent3_norm": 0.06324271857738495, "E21_agent4_norm": 0.05952063947916031, "E21_agent5_norm": 0.11341076344251633, "E22_agent0_norm": 0.09345169365406036, "E22_agent1_norm": 0.05091610178351402, "E22_agent2_norm": 0.0478341206908226, "E22_agent3_norm": 0.04579298943281174, "E22_agent4_norm": 0.043972425162792206, "E22_agent5_norm": 0.09784157574176788, "E23_agent0_norm": 0.0679093450307846, "E23_agent1_norm": 0.03639577329158783, "E23_agent2_norm": 0.036400966346263885, "E23_agent3_norm": 0.034023430198431015, "E23_agent4_norm": 0.0317966490983963, "E23_agent5_norm": 0.06348001211881638, "E24_agent0_norm": 0.04807019233703613, "E24_agent1_norm": 0.02536194957792759, "E24_agent2_norm": 0.026322420686483383, "E24_agent3_norm": 0.024182600900530815, "E24_agent4_norm": 0.02158159390091896, "E24_agent5_norm": 0.03884926810860634, "E25_agent0_norm": 0.033948615193367004, "E25_agent1_norm": 0.018417492508888245, "E25_agent2_norm": 0.01944054663181305, "E25_agent3_norm": 0.017844460904598236, "E25_agent4_norm": 0.01667507365345955, "E25_agent5_norm": 0.025996534153819084, "E26_agent0_norm": 0.024068467319011688, "E26_agent1_norm": 0.013341440819203854, "E26_agent2_norm": 0.014574765227735043, "E26_agent3_norm": 0.013206497766077518, "E26_agent4_norm": 0.011561248451471329, "E26_agent5_norm": 0.017179731279611588, "E27_agent0_norm": 0.017375104129314423, "E27_agent1_norm": 0.009746775031089783, "E27_agent2_norm": 0.010505135171115398, "E27_agent3_norm": 0.009405169636011124, "E27_agent4_norm": 0.008386139757931232, "E27_agent5_norm": 0.012659386731684208, "E28_agent0_norm": 0.01248667761683464, "E28_agent1_norm": 0.00706488685682416, "E28_agent2_norm": 0.0077527835965156555, "E28_agent3_norm": 0.007163357920944691, "E28_agent4_norm": 0.005932996980845928, "E28_agent5_norm": 0.008764542639255524, "E29_agent0_norm": 0.00895833782851696, "E29_agent1_norm": 0.005018356256186962, "E29_agent2_norm": 0.005738752894103527, "E29_agent3_norm": 0.0052009811624884605, "E29_agent4_norm": 0.004333458840847015, "E29_agent5_norm": 0.006137444172054529, "E30_agent0_norm": 0.006199224386364222, "E30_agent1_norm": 0.0035911051090806723, "E30_agent2_norm": 0.004330917727202177, "E30_agent3_norm": 0.003842826932668686, "E30_agent4_norm": 0.0031940119806677103, "E30_agent5_norm": 0.004219668917357922, "E31_agent0_norm": 0.004380530212074518, "E31_agent1_norm": 0.002625821391120553, "E31_agent2_norm": 0.0030781424138695, "E31_agent3_norm": 0.0027796512003988028, "E31_agent4_norm": 0.002310479525476694, "E31_agent5_norm": 0.002913318108767271, "E32_agent0_norm": 0.0030876104719936848, "E32_agent1_norm": 0.0018837888492271304, "E32_agent2_norm": 0.0022108755074441433, "E32_agent3_norm": 0.002000992652028799, "E32_agent4_norm": 0.0016228716121986508, "E32_agent5_norm": 0.0020538484677672386, "E33_agent0_norm": 0.002187439939007163, "E33_agent1_norm": 0.0013675690861418843, "E33_agent2_norm": 0.001614382490515709, "E33_agent3_norm": 0.0014892210019752383, "E33_agent4_norm": 0.0012054535327479243, "E33_agent5_norm": 0.001452468684874475, "E34_agent0_norm": 0.0015241960063576698, "E34_agent1_norm": 0.0009781067492440343, "E34_agent2_norm": 0.0011555439559742808, "E34_agent3_norm": 0.0010392642579972744,