{"E1_agent0_norm": 2.5115184783935547, "E1_agent1_norm": 2.710521697998047, "E1_agent2_norm": 3.0314292907714844, "E1_agent3_norm": 3.2751855850219727, "E1_agent4_norm": 2.805158853530884, "E1_agent5_norm": 2.7323391437530518, "E2_agent0_norm": 1.1250636577606201, "E2_agent1_norm": 2.460548162460327, "E2_agent2_norm": 2.3123419284820557, "E2_agent3_norm": 2.618072271347046, "E2_agent4_norm": 2.637049913406372, "E2_agent5_norm": 2.5855159759521484, "E3_agent0_norm": 0.9711788892745972, "E3_agent1_norm": 2.392620325088501, "E3_agent2_norm": 2.7280266284942627, "E3_agent3_norm": 2.6860849857330322, "E3_agent4_norm": 2.127659320831299, "E3_agent5_norm": 2.3138036727905273, "E4_agent0_norm": 0.9119251370429993, "E4_agent1_norm": 2.023106098175049, "E4_agent2_norm": 2.0496299266815186, "E4_agent3_norm": 2.3194656372070312, "E4_agent4_norm": 2.0276927947998047, "E4_agent5_norm": 1.9268484115600586, "E5_agent0_norm": 0.835499107837677, "E5_agent1_norm": 1.804713249206543, "E5_agent2_norm": 1.680595874786377, "E5_agent3_norm": 1.8517093658447266, "E5_agent4_norm": 1.6431838274002075, "E5_agent5_norm": 1.5374345779418945, "E6_agent0_norm": 0.6924617290496826, "E6_agent1_norm": 1.5032731294631958, "E6_agent2_norm": 1.3694792985916138, "E6_agent3_norm": 1.4879752397537231, "E6_agent4_norm": 1.252544641494751, "E6_agent5_norm": 1.2575812339782715, "E7_agent0_norm": 0.6484755277633667, "E7_agent1_norm": 1.1967023611068726, "E7_agent2_norm": 1.199403166770935, "E7_agent3_norm": 1.2799409627914429, "E7_agent4_norm": 1.0387245416641235, "E7_agent5_norm": 1.097987413406372, "E8_agent0_norm": 0.5059695243835449, "E8_agent1_norm": 0.9421839118003845, "E8_agent2_norm": 0.9876543879508972, "E8_agent3_norm": 1.0327075719833374, "E8_agent4_norm": 0.8566904067993164, "E8_agent5_norm": 0.9015305638313293, "E9_agent0_norm": 0.45555418729782104, "E9_agent1_norm": 0.8056636452674866, "E9_agent2_norm": 0.8962202072143555, "E9_agent3_norm": 0.8620381951332092, "E9_agent4_norm": 0.7113663554191589, "E9_agent5_norm": 0.7666811943054199, "E10_agent0_norm": 0.4056825637817383, "E10_agent1_norm": 0.663611114025116, "E10_agent2_norm": 0.7710051536560059, "E10_agent3_norm": 0.702034056186676, "E10_agent4_norm": 0.6163138747215271, "E10_agent5_norm": 0.673383355140686, "E11_agent0_norm": 0.3672527074813843, "E11_agent1_norm": 0.5801055431365967, "E11_agent2_norm": 0.6573231816291809, "E11_agent3_norm": 0.5812637805938721, "E11_agent4_norm": 0.5244501829147339, "E11_agent5_norm": 0.5491326451301575, "E12_agent0_norm": 0.32274606823921204, "E12_agent1_norm": 0.48764845728874207, "E12_agent2_norm": 0.5416078567504883, "E12_agent3_norm": 0.4819871485233307, "E12_agent4_norm": 0.45119592547416687, "E12_agent5_norm": 0.48670694231987, "E13_agent0_norm": 0.3026237487792969, "E13_agent1_norm": 0.44216814637184143, "E13_agent2_norm": 0.44518154859542847, "E13_agent3_norm": 0.41954416036605835, "E13_agent4_norm": 0.38553112745285034, "E13_agent5_norm": 0.40497177839279175, "E14_agent0_norm": 0.2961989939212799, "E14_agent1_norm": 0.36702680587768555, "E14_agent2_norm": 0.3821273446083069, "E14_agent3_norm": 0.3606651723384857, "E14_agent4_norm": 0.3124149441719055, "E14_agent5_norm": 0.3612007200717926, "E15_agent0_norm": 0.265312135219574, "E15_agent1_norm": 0.30376705527305603, "E15_agent2_norm": 0.3262171447277069, "E15_agent3_norm": 0.29444077610969543, "E15_agent4_norm": 0.2758704423904419, "E15_agent5_norm": 0.3174997568130493, "E16_agent0_norm": 0.260824054479599, "E16_agent1_norm": 0.24802547693252563, "E16_agent2_norm": 0.27042198181152344, "E16_agent3_norm": 0.2500421106815338, "E16_agent4_norm": 0.2248186320066452, "E16_agent5_norm": 0.2660106122493744, "E17_agent0_norm": 0.24003422260284424, "E17_agent1_norm": 0.20842266082763672, "E17_agent2_norm": 0.22616110742092133, "E17_agent3_norm": 0.20090170204639435, "E17_agent4_norm": 0.1796899288892746, "E17_agent5_norm": 0.23185808956623077, "E18_agent0_norm": 0.2221975028514862, "E18_agent1_norm": 0.1589314341545105, "E18_agent2_norm": 0.17554356157779694, "E18_agent3_norm": 0.16167983412742615, "E18_agent4_norm": 0.1495220810174942, "E18_agent5_norm": 0.189275324344635, "E19_agent0_norm": 0.1954575628042221, "E19_agent1_norm": 0.12679393589496613, "E19_agent2_norm": 0.13378360867500305, "E19_agent3_norm": 0.1254124492406845, "E19_agent4_norm": 0.11194449663162231, "E19_agent5_norm": 0.14262209832668304, "E20_agent0_norm": 0.16513128578662872, "E20_agent1_norm": 0.10141071677207947, "E20_agent2_norm": 0.09932058304548264, "E20_agent3_norm": 0.09431883692741394, "E20_agent4_norm": 0.08993831276893616, "E20_agent5_norm": 0.11248781532049179, "E21_agent0_norm": 0.13503186404705048, "E21_agent1_norm": 0.07582368701696396, "E21_agent2_norm": 0.07476045191287994, "E21_agent3_norm": 0.06914934515953064, "E21_agent4_norm": 0.06876169145107269, "E21_agent5_norm": 0.09406288713216782, "E22_agent0_norm": 0.09895175695419312, "E22_agent1_norm": 0.05275919660925865, "E22_agent2_norm": 0.05629081651568413, "E22_agent3_norm": 0.047488100826740265, "E22_agent4_norm": 0.050152815878391266, "E22_agent5_norm": 0.06939617544412613, "E23_agent0_norm": 0.06842163950204849, "E23_agent1_norm": 0.03873898461461067, "E23_agent2_norm": 0.03929295018315315, "E23_agent3_norm": 0.03560486063361168, "E23_agent4_norm": 0.036399587988853455, "E23_agent5_norm": 0.04798173904418945, "E24_agent0_norm": 0.049199458211660385, "E24_agent1_norm": 0.026276351884007454, "E24_agent2_norm": 0.027908561751246452, "E24_agent3_norm": 0.024614354595541954, "E24_agent4_norm": 0.023989342153072357, "E24_agent5_norm": 0.03310183435678482, "E25_agent0_norm": 0.03532028943300247, "E25_agent1_norm": 0.01926586404442787, "E25_agent2_norm": 0.019642772153019905, "E25_agent3_norm": 0.01866699941456318, "E25_agent4_norm": 0.01796521618962288, "E25_agent5_norm": 0.02503238432109356, "E26_agent0_norm": 0.02493222802877426, "E26_agent1_norm": 0.013648802414536476, "E26_agent2_norm": 0.014398767612874508, "E26_agent3_norm": 0.013802562840282917, "E26_agent4_norm": 0.012209771201014519, "E26_agent5_norm": 0.01616065949201584, "E27_agent0_norm": 0.01789054088294506, "E27_agent1_norm": 0.0098320497199893, "E27_agent2_norm": 0.010218151845037937, "E27_agent3_norm": 0.009450114332139492, "E27_agent4_norm": 0.009092113003134727, "E27_agent5_norm": 0.012716798111796379, "E28_agent0_norm": 0.012614842504262924, "E28_agent1_norm": 0.007082954980432987, "E28_agent2_norm": 0.007478654384613037, "E28_agent3_norm": 0.007323145400732756, "E28_agent4_norm": 0.006610512267798185, "E28_agent5_norm": 0.009168954566121101, "E29_agent0_norm": 0.00895107351243496, "E29_agent1_norm": 0.005105081479996443, "E29_agent2_norm": 0.005938798654824495, "E29_agent3_norm": 0.00536042544990778, "E29_agent4_norm": 0.00472209881991148, "E29_agent5_norm": 0.005983308423310518, "E30_agent0_norm": 0.0062978435307741165, "E30_agent1_norm": 0.003798112040385604, "E30_agent2_norm": 0.004348699934780598, "E30_agent3_norm": 0.004110397771000862, "E30_agent4_norm": 0.003500391496345401, "E30_agent5_norm": 0.004047338850796223, "E31_agent0_norm": 0.004428638145327568, "E31_agent1_norm": 0.002745426259934902, "E31_agent2_norm": 0.0031926215160638094, "E31_agent3_norm": 0.003110414370894432, "E31_agent4_norm": 0.0025434221606701612, "E31_agent5_norm": 0.0028984290547668934, "E32_agent0_norm": 0.0031186023261398077, "E32_agent1_norm": 0.0020191078074276447, "E32_agent2_norm": 0.0023674392141401768, "E32_agent3_norm": 0.002278763335198164, "E32_agent4_norm": 0.001772796269506216, "E32_agent5_norm": 0.00194571353495121, "E33_agent0_norm": 0.0022259713150560856, "E33_agent1_norm": 0.0013990930747240782, "E33_agent2_norm": 0.0016831731190904975, "E33_agent3_norm": 0.001607708865776658, "E33_agent4_norm": 0.0012213934678584337, "E33_agent5_norm": 0.0013931005960330367, "E34_agent0_norm": 0.001546935411170125, "E34_agent1_norm": 0.0010178751545026898, "E34_agent2_norm": 0.0011927519226446748, "E34_agent3_norm": 0.0011661951430141926,