{"Agent0_Epoch1": 0.3033241629600525, "Agent1_Epoch1": 0.2923835515975952, "Agent2_Epoch1": 0.9851571917533875, "Agent3_Epoch1": 0.9987143874168396, "Agent4_Epoch1": 0.9879963994026184, "Agent5_Epoch1": 0.9991114735603333, "Agent0_Epoch2": 0.07605403661727905, "Agent1_Epoch2": 0.3396446704864502, "Agent2_Epoch2": 0.46274465322494507, "Agent3_Epoch2": 0.45113104581832886, "Agent4_Epoch2": 0.43725985288619995, "Agent5_Epoch2": 0.45125603675842285, "Agent0_Epoch3": 0.04902780055999756, "Agent1_Epoch3": 0.19359928369522095, "Agent2_Epoch3": 0.2716562747955322, "Agent3_Epoch3": 0.27260351181030273, "Agent4_Epoch3": 0.26428258419036865, "Agent5_Epoch3": 0.2544616460800171, "Agent0_Epoch4": 0.03808623552322388, "Agent1_Epoch4": 0.11729812622070312, "Agent2_Epoch4": 0.1645219922065735, "Agent3_Epoch4": 0.17253661155700684, "Agent4_Epoch4": 0.16531014442443848, "Agent5_Epoch4": 0.16353487968444824, "Agent0_Epoch5": 0.027302086353302002, "Agent1_Epoch5": 0.07083958387374878, "Agent2_Epoch5": 0.09510678052902222, "Agent3_Epoch5": 0.10449230670928955, "Agent4_Epoch5": 0.098507821559906, "Agent5_Epoch5": 0.09085983037948608, "Agent0_Epoch6": 0.020082056522369385, "Agent1_Epoch6": 0.04491066932678223, "Agent2_Epoch6": 0.05845952033996582, "Agent3_Epoch6": 0.06465256214141846, "Agent4_Epoch6": 0.052751123905181885, "Agent5_Epoch6": 0.05342137813568115, "Agent0_Epoch7": 0.016145765781402588, "Agent1_Epoch7": 0.03132021427154541, "Agent2_Epoch7": 0.038166701793670654, "Agent3_Epoch7": 0.04132193326950073, "Agent4_Epoch7": 0.03345280885696411, "Agent5_Epoch7": 0.034574806690216064, "Agent0_Epoch8": 0.013005256652832031, "Agent1_Epoch8": 0.022532939910888672, "Agent2_Epoch8": 0.026863396167755127, "Agent3_Epoch8": 0.02942025661468506, "Agent4_Epoch8": 0.022846102714538574, "Agent5_Epoch8": 0.0239410400390625, "Agent0_Epoch9": 0.010763585567474365, "Agent1_Epoch9": 0.01697707176208496, "Agent2_Epoch9": 0.019304394721984863, "Agent3_Epoch9": 0.02057725191116333, "Agent4_Epoch9": 0.01596158742904663, "Agent5_Epoch9": 0.01828932762145996, "Agent0_Epoch10": 0.008879482746124268, "Agent1_Epoch10": 0.012998640537261963, "Agent2_Epoch10": 0.015009045600891113, "Agent3_Epoch10": 0.015296459197998047, "Agent4_Epoch10": 0.011914312839508057, "Agent5_Epoch10": 0.012887001037597656, "Agent0_Epoch11": 0.0074462890625, "Agent1_Epoch11": 0.01025456190109253, "Agent2_Epoch11": 0.011275947093963623, "Agent3_Epoch11": 0.011552035808563232, "Agent4_Epoch11": 0.009265661239624023, "Agent5_Epoch11": 0.010098159313201904, "Agent0_Epoch12": 0.0062378644943237305, "Agent1_Epoch12": 0.00816357135772705, "Agent2_Epoch12": 0.008962154388427734, "Agent3_Epoch12": 0.00930166244506836, "Agent4_Epoch12": 0.0070552825927734375, "Agent5_Epoch12": 0.008157551288604736, "Agent0_Epoch13": 0.005363285541534424, "Agent1_Epoch13": 0.006733298301696777, "Agent2_Epoch13": 0.007092177867889404, "Agent3_Epoch13": 0.007567226886749268, "Agent4_Epoch13": 0.005847573280334473, "Agent5_Epoch13": 0.006352484226226807, "Agent0_Epoch14": 0.004646360874176025, "Agent1_Epoch14": 0.005637705326080322, "Agent2_Epoch14": 0.005667984485626221, "Agent3_Epoch14": 0.006136834621429443, "Agent4_Epoch14": 0.004614770412445068, "Agent5_Epoch14": 0.005295932292938232, "Agent0_Epoch15": 0.0041048526763916016, "Agent1_Epoch15": 0.004841446876525879, "Agent2_Epoch15": 0.004761636257171631, "Agent3_Epoch15": 0.004985451698303223, "Agent4_Epoch15": 0.004116237163543701, "Agent5_Epoch15": 0.0043939948081970215, "Agent0_Epoch16": 0.0036094188690185547, "Agent1_Epoch16": 0.004158139228820801, "Agent2_Epoch16": 0.0041255950927734375, "Agent3_Epoch16": 0.004235565662384033, "Agent4_Epoch16": 0.003488898277282715, "Agent5_Epoch16": 0.004053473472595215, "Agent0_Epoch17": 0.0032525062561035156, "Agent1_Epoch17": 0.003674447536468506, "Agent2_Epoch17": 0.00356215238571167, "Agent3_Epoch17": 0.0036287903785705566, "Agent4_Epoch17": 0.0032160282135009766, "Agent5_Epoch17": 0.003382265567779541, "Agent0_Epoch18": 0.0028924942016601562, "Agent1_Epoch18": 0.003214418888092041, "Agent2_Epoch18": 0.0031244754791259766, "Agent3_Epoch18": 0.0031882524490356445, "Agent4_Epoch18": 0.0027781128883361816, "Agent5_Epoch18": 0.0031836628913879395, "Agent0_Epoch19": 0.002530395984649658, "Agent1_Epoch19": 0.0027735233306884766, "Agent2_Epoch19": 0.00277632474899292, "Agent3_Epoch19": 0.0027793049812316895, "Agent4_Epoch19": 0.0027241110801696777, "Agent5_Epoch19": 0.0029212236404418945, "Agent0_Epoch20": 0.002192676067352295, "Agent1_Epoch20": 0.002375304698944092, "Agent2_Epoch20": 0.0024492740631103516, "Agent3_Epoch20": 0.0024149417877197266, "Agent4_Epoch20": 0.0023282766342163086, "Agent5_Epoch20": 0.002640962600708008, "Agent0_Epoch21": 0.001856684684753418, "Agent1_Epoch21": 0.0019913911819458008, "Agent2_Epoch21": 0.0020723342895507812, "Agent3_Epoch21": 0.002022087574005127, "Agent4_Epoch21": 0.0019735097885131836, "Agent5_Epoch21": 0.0022971034049987793, "Agent0_Epoch22": 0.001531064510345459, "Agent1_Epoch22": 0.0016280412673950195, "Agent2_Epoch22": 0.0017009377479553223, "Agent3_Epoch22": 0.001649320125579834, "Agent4_Epoch22": 0.0015777349472045898, "Agent5_Epoch22": 0.0018265247344970703, "Agent0_Epoch23": 0.001219034194946289, "Agent1_Epoch23": 0.001286327838897705, "Agent2_Epoch23": 0.0013288259506225586, "Agent3_Epoch23": 0.0012993216514587402, "Agent4_Epoch23": 0.0012357234954833984, "Agent5_Epoch23": 0.0013555288314819336, "Agent0_Epoch24": 0.0009403228759765625, "Agent1_Epoch24": 0.000985264778137207, "Agent2_Epoch24": 0.0010030269622802734, "Agent3_Epoch24": 0.0009853243827819824, "Agent4_Epoch24": 0.0009469985961914062, "Agent5_Epoch24": 0.0010128617286682129, "Agent0_Epoch25": 0.0007062554359436035, "Agent1_Epoch25": 0.0007357001304626465, "Agent2_Epoch25": 0.0007499456405639648, "Agent3_Epoch25": 0.0007398128509521484, "Agent4_Epoch25": 0.0007142424583435059, "Agent5_Epoch25": 0.0007516145706176758, "Agent0_Epoch26": 0.0005236268043518066, "Agent1_Epoch26": 0.0005423426628112793, "Agent2_Epoch26": 0.0005509853363037109, "Agent3_Epoch26": 0.0005451440811157227, "Agent4_Epoch26": 0.0005220770835876465, "Agent5_Epoch26": 0.0005493760108947754, "Agent0_Epoch27": 0.00038301944732666016, "Agent1_Epoch27": 0.0003947615623474121, "Agent2_Epoch27": 0.00040072202682495117, "Agent3_Epoch27": 0.00039762258529663086, "Agent4_Epoch27": 0.0003826022148132324, "Agent5_Epoch27": 0.0004016757011413574, "Agent0_Epoch28": 0.0002779364585876465, "Agent1_Epoch28": 0.00028508901596069336, "Agent2_Epoch28": 0.00028842687606811523, "Agent3_Epoch28": 0.00028693675994873047, "Agent4_Epoch28": 0.00027817487716674805, "Agent5_Epoch28": 0.00028973817825317383, "Agent0_Epoch29": 0.0002002120018005371, "Agent1_Epoch29": 0.0002047419548034668, "Agent2_Epoch29": 0.00020635128021240234, "Agent3_Epoch29": 0.00020575523376464844, "Agent4_Epoch29": 0.00019943714141845703, "Agent5_Epoch29": 0.00020706653594970703, "Agent0_Epoch30": 0.00014328956604003906, "Agent1_Epoch30": 0.00014585256576538086, "Agent2_Epoch30": 0.0001469254493713379, "Agent3_Epoch30": 0.00014644861221313477, "Agent4_Epoch30": 0.0001430511474609375, "Agent5_Epoch30": 0.00014704465866088867, "Agent0_Epoch31": 0.00010198354721069336, "Agent1_Epoch31": 0.0001036524772644043, "Agent2_Epoch31": 0.00010401010513305664, "Agent3_Epoch31": 0.00010383129119873047, "Agent4_Epoch31": 0.00010210275650024414, "Agent5_Epoch31": 0.00010401010513305664, "Agent0_Epoch32": 7.230043411254883e-05, "Agent1_Epoch32": 7.337331771850586e-05, "Agent2_Epoch32": 7.355213165283203e-05, "Agent3_Epoch32": 7.355213165283203e-05, "Agent4_Epoch32": 7.224082946777344e-05, "Agent5_Epoch32": 7.361173629760742e-05, "Agent0_Epoch33": 5.1140785217285156e-05, "Agent1_Epoch33": 5.1856040954589844e-05, "Agent2_Epoch33": 5.1915645599365234e-05, "Agent3_Epoch33": 5.1856040954589844e-05, "Agent4_Epoch33": 5.120038986206055e-05, "Agent5_Epoch33": 5.1856040954589844e-05, "Agent0_Epoch34": 3.600120544433594e-05,