{"E1_agent0_norm": 2.4336235523223877, "E1_agent1_norm": 2.8440487384796143, "E1_agent2_norm": 3.0629916191101074, "E1_agent3_norm": 2.928514003753662, "E1_agent4_norm": 2.6109914779663086, "E1_agent5_norm": 2.9687118530273438, "E2_agent0_norm": 1.0426030158996582, "E2_agent1_norm": 2.5643439292907715, "E2_agent2_norm": 2.426006555557251, "E2_agent3_norm": 2.5838704109191895, "E2_agent4_norm": 2.559331178665161, "E2_agent5_norm": 2.318384885787964, "E3_agent0_norm": 0.8514764904975891, "E3_agent1_norm": 2.3045570850372314, "E3_agent2_norm": 1.9802491664886475, "E3_agent3_norm": 2.185227632522583, "E3_agent4_norm": 1.7891755104064941, "E3_agent5_norm": 2.269845724105835, "E4_agent0_norm": 1.0048458576202393, "E4_agent1_norm": 2.033766984939575, "E4_agent2_norm": 1.9199298620224, "E4_agent3_norm": 2.3591034412384033, "E4_agent4_norm": 2.1258997917175293, "E4_agent5_norm": 2.147890090942383, "E5_agent0_norm": 0.8499911427497864, "E5_agent1_norm": 1.7832118272781372, "E5_agent2_norm": 1.714095115661621, "E5_agent3_norm": 1.8010048866271973, "E5_agent4_norm": 1.7082667350769043, "E5_agent5_norm": 1.6634914875030518, "E6_agent0_norm": 0.6959866881370544, "E6_agent1_norm": 1.5678645372390747, "E6_agent2_norm": 1.3963360786437988, "E6_agent3_norm": 1.3325527906417847, "E6_agent4_norm": 1.2793865203857422, "E6_agent5_norm": 1.302642822265625, "E7_agent0_norm": 0.5825539231300354, "E7_agent1_norm": 1.3421541452407837, "E7_agent2_norm": 1.1055532693862915, "E7_agent3_norm": 1.128623366355896, "E7_agent4_norm": 0.964868426322937, "E7_agent5_norm": 1.077500343322754, "E8_agent0_norm": 0.5054750442504883, "E8_agent1_norm": 1.0719327926635742, "E8_agent2_norm": 0.9148115515708923, "E8_agent3_norm": 0.9506990909576416, "E8_agent4_norm": 0.8067707419395447, "E8_agent5_norm": 0.8888548612594604, "E9_agent0_norm": 0.39778926968574524, "E9_agent1_norm": 0.8664994835853577, "E9_agent2_norm": 0.7352855801582336, "E9_agent3_norm": 0.794402539730072, "E9_agent4_norm": 0.6336178779602051, "E9_agent5_norm": 0.7634174823760986, "E10_agent0_norm": 0.3582758903503418, "E10_agent1_norm": 0.7079319357872009, "E10_agent2_norm": 0.6234281063079834, "E10_agent3_norm": 0.7026917934417725, "E10_agent4_norm": 0.5272760987281799, "E10_agent5_norm": 0.6914361715316772, "E11_agent0_norm": 0.31387096643447876, "E11_agent1_norm": 0.6058531999588013, "E11_agent2_norm": 0.5412959456443787, "E11_agent3_norm": 0.599822461605072, "E11_agent4_norm": 0.450959712266922, "E11_agent5_norm": 0.603849470615387, "E12_agent0_norm": 0.2777547538280487, "E12_agent1_norm": 0.5044324398040771, "E12_agent2_norm": 0.4527854919433594, "E12_agent3_norm": 0.5057874321937561, "E12_agent4_norm": 0.37797048687934875, "E12_agent5_norm": 0.5337295532226562, "E13_agent0_norm": 0.27712881565093994, "E13_agent1_norm": 0.40408796072006226, "E13_agent2_norm": 0.3707641065120697, "E13_agent3_norm": 0.41389134526252747, "E13_agent4_norm": 0.32656994462013245, "E13_agent5_norm": 0.4700471758842468, "E14_agent0_norm": 0.23836636543273926, "E14_agent1_norm": 0.3325755298137665, "E14_agent2_norm": 0.3260027766227722, "E14_agent3_norm": 0.33033129572868347, "E14_agent4_norm": 0.2691600024700165, "E14_agent5_norm": 0.40636366605758667, "E15_agent0_norm": 0.24044767022132874, "E15_agent1_norm": 0.26528221368789673, "E15_agent2_norm": 0.2807914614677429, "E15_agent3_norm": 0.2848394215106964, "E15_agent4_norm": 0.2310570329427719, "E15_agent5_norm": 0.33690258860588074, "E16_agent0_norm": 0.21233351528644562, "E16_agent1_norm": 0.2241215854883194, "E16_agent2_norm": 0.24176818132400513, "E16_agent3_norm": 0.24568060040473938, "E16_agent4_norm": 0.19558443129062653, "E16_agent5_norm": 0.3005797863006592, "E17_agent0_norm": 0.218667134642601, "E17_agent1_norm": 0.17324312031269073, "E17_agent2_norm": 0.18353794515132904, "E17_agent3_norm": 0.1808168888092041, "E17_agent4_norm": 0.16623708605766296, "E17_agent5_norm": 0.25979602336883545, "E18_agent0_norm": 0.19239969551563263, "E18_agent1_norm": 0.14034298062324524, "E18_agent2_norm": 0.15860740840435028, "E18_agent3_norm": 0.15097829699516296, "E18_agent4_norm": 0.1310894787311554, "E18_agent5_norm": 0.2116459310054779, "E19_agent0_norm": 0.17531879246234894, "E19_agent1_norm": 0.11172735691070557, "E19_agent2_norm": 0.12002646178007126, "E19_agent3_norm": 0.11700118333101273, "E19_agent4_norm": 0.10653239488601685, "E19_agent5_norm": 0.1631547063589096, "E20_agent0_norm": 0.14921431243419647, "E20_agent1_norm": 0.08703616261482239, "E20_agent2_norm": 0.09566899389028549, "E20_agent3_norm": 0.08862141519784927, "E20_agent4_norm": 0.08191463351249695, "E20_agent5_norm": 0.13424846529960632, "E21_agent0_norm": 0.123810313642025, "E21_agent1_norm": 0.061895713210105896, "E21_agent2_norm": 0.07071197032928467, "E21_agent3_norm": 0.06412621587514877, "E21_agent4_norm": 0.062167368829250336, "E21_agent5_norm": 0.09823086857795715, "E22_agent0_norm": 0.09233835339546204, "E22_agent1_norm": 0.04480934143066406, "E22_agent2_norm": 0.05247703567147255, "E22_agent3_norm": 0.04459528997540474, "E22_agent4_norm": 0.045347604900598526, "E22_agent5_norm": 0.07090208679437637, "E23_agent0_norm": 0.06611191481351852, "E23_agent1_norm": 0.03183453902602196, "E23_agent2_norm": 0.03794185817241669, "E23_agent3_norm": 0.031629085540771484, "E23_agent4_norm": 0.031198831275105476, "E23_agent5_norm": 0.04789980128407478, "E24_agent0_norm": 0.04628411680459976, "E24_agent1_norm": 0.02278185449540615, "E24_agent2_norm": 0.02760571613907814, "E24_agent3_norm": 0.02371227741241455, "E24_agent4_norm": 0.02204764075577259, "E24_agent5_norm": 0.03229076415300369, "E25_agent0_norm": 0.033327311277389526, "E25_agent1_norm": 0.016184788197278976, "E25_agent2_norm": 0.01897048018872738, "E25_agent3_norm": 0.01656091958284378, "E25_agent4_norm": 0.016413532197475433, "E25_agent5_norm": 0.02259030006825924, "E26_agent0_norm": 0.022863810881972313, "E26_agent1_norm": 0.011832361109554768, "E26_agent2_norm": 0.013883397914469242, "E26_agent3_norm": 0.012013663537800312, "E26_agent4_norm": 0.011001087725162506, "E26_agent5_norm": 0.015334970317780972, "E27_agent0_norm": 0.016292814165353775, "E27_agent1_norm": 0.008449266664683819, "E27_agent2_norm": 0.010027066804468632, "E27_agent3_norm": 0.00892991665750742, "E27_agent4_norm": 0.007811035495251417, "E27_agent5_norm": 0.01054360531270504, "E28_agent0_norm": 0.011555423960089684, "E28_agent1_norm": 0.006148629356175661, "E28_agent2_norm": 0.007910759188234806, "E28_agent3_norm": 0.006570602301508188, "E28_agent4_norm": 0.006116059143096209, "E28_agent5_norm": 0.007951788604259491, "E29_agent0_norm": 0.008063841611146927, "E29_agent1_norm": 0.004501291550695896, "E29_agent2_norm": 0.005793519783765078, "E29_agent3_norm": 0.00490231066942215, "E29_agent4_norm": 0.00421398039907217, "E29_agent5_norm": 0.005222206003963947, "E30_agent0_norm": 0.005776111967861652, "E30_agent1_norm": 0.003167487448081374, "E30_agent2_norm": 0.003917039837688208, "E30_agent3_norm": 0.003530707210302353, "E30_agent4_norm": 0.0029290313832461834, "E30_agent5_norm": 0.003913870546966791, "E31_agent0_norm": 0.004124343860894442, "E31_agent1_norm": 0.002274154219776392, "E31_agent2_norm": 0.002840907545760274, "E31_agent3_norm": 0.002492292318493128, "E31_agent4_norm": 0.00217530713416636, "E31_agent5_norm": 0.002893929136916995, "E32_agent0_norm": 0.0028662378899753094, "E32_agent1_norm": 0.0016033552819862962, "E32_agent2_norm": 0.0019992601592093706, "E32_agent3_norm": 0.0017705296631902456, "E32_agent4_norm": 0.0014934639912098646, "E32_agent5_norm": 0.0019623413681983948, "E33_agent0_norm": 0.0020255069248378277, "E33_agent1_norm": 0.0011528157629072666, "E33_agent2_norm": 0.0014846324920654297, "E33_agent3_norm": 0.0012757520889863372, "E33_agent4_norm": 0.001039016991853714, "E33_agent5_norm": 0.001419154112227261, "E34_agent0_norm": 0.0014265304198488593, "E34_agent1_norm": 0.0008365932735614479, "E34_agent2_norm": 0.0010905290255323052, "E34_agent3_norm": 0.0009291805326938629,