{"Agent0_Epoch1": 0.293532133102417, "Agent1_Epoch1": 0.29753005504608154, "Agent2_Epoch1": 0.9995719194412231, "Agent3_Epoch1": 0.994072675704956, "Agent4_Epoch1": 0.9925179481506348, "Agent0_Epoch2": 0.052083373069763184, "Agent1_Epoch2": 0.2916851043701172, "Agent2_Epoch2": 0.29421019554138184, "Agent3_Epoch2": 0.29234981536865234, "Agent4_Epoch2": 0.29847681522369385, "Agent0_Epoch3": 0.02976292371749878, "Agent1_Epoch3": 0.1281697154045105, "Agent2_Epoch3": 0.13113456964492798, "Agent3_Epoch3": 0.13001161813735962, "Agent4_Epoch3": 0.13520443439483643, "Agent0_Epoch4": 0.01946038007736206, "Agent1_Epoch4": 0.06144404411315918, "Agent2_Epoch4": 0.06317609548568726, "Agent3_Epoch4": 0.06258004903793335, "Agent4_Epoch4": 0.0633089542388916, "Agent0_Epoch5": 0.013527989387512207, "Agent1_Epoch5": 0.03317713737487793, "Agent2_Epoch5": 0.0331992506980896, "Agent3_Epoch5": 0.03348273038864136, "Agent4_Epoch5": 0.03409212827682495, "Agent0_Epoch6": 0.009657800197601318, "Agent1_Epoch6": 0.019501924514770508, "Agent2_Epoch6": 0.01979297399520874, "Agent3_Epoch6": 0.01939302682876587, "Agent4_Epoch6": 0.020152509212493896, "Agent0_Epoch7": 0.007034718990325928, "Agent1_Epoch7": 0.012260019779205322, "Agent2_Epoch7": 0.012341141700744629, "Agent3_Epoch7": 0.01211172342300415, "Agent4_Epoch7": 0.012453734874725342, "Agent0_Epoch8": 0.005185127258300781, "Agent1_Epoch8": 0.008075356483459473, "Agent2_Epoch8": 0.007924437522888184, "Agent3_Epoch8": 0.00815117359161377, "Agent4_Epoch8": 0.00810384750366211, "Agent0_Epoch9": 0.003977775573730469, "Agent1_Epoch9": 0.005675315856933594, "Agent2_Epoch9": 0.005578100681304932, "Agent3_Epoch9": 0.005654513835906982, "Agent4_Epoch9": 0.005690395832061768, "Agent0_Epoch10": 0.003168463706970215, "Agent1_Epoch10": 0.004221975803375244, "Agent2_Epoch10": 0.0042160749435424805, "Agent3_Epoch10": 0.004210710525512695, "Agent4_Epoch10": 0.004179120063781738, "Agent0_Epoch11": 0.0025731921195983887, "Agent1_Epoch11": 0.0032479166984558105, "Agent2_Epoch11": 0.0031927824020385742, "Agent3_Epoch11": 0.003277719020843506, "Agent4_Epoch11": 0.003200232982635498, "Agent0_Epoch12": 0.0021143555641174316, "Agent1_Epoch12": 0.0025566816329956055, "Agent2_Epoch12": 0.0025243163108825684, "Agent3_Epoch12": 0.002530515193939209, "Agent4_Epoch12": 0.002542257308959961, "Agent0_Epoch13": 0.0017212629318237305, "Agent1_Epoch13": 0.002011239528656006, "Agent2_Epoch13": 0.002007007598876953, "Agent3_Epoch13": 0.0019965767860412598, "Agent4_Epoch13": 0.0019852519035339355, "Agent0_Epoch14": 0.0013777613639831543, "Agent1_Epoch14": 0.0015658140182495117, "Agent2_Epoch14": 0.0015399456024169922, "Agent3_Epoch14": 0.001561880111694336, "Agent4_Epoch14": 0.0015816092491149902, "Agent0_Epoch15": 0.0010719895362854004, "Agent1_Epoch15": 0.0011911988258361816, "Agent2_Epoch15": 0.0011960864067077637, "Agent3_Epoch15": 0.001196444034576416, "Agent4_Epoch15": 0.001200258731842041, "Agent0_Epoch16": 0.0008116364479064941, "Agent1_Epoch16": 0.0008850693702697754, "Agent2_Epoch16": 0.0008977651596069336, "Agent3_Epoch16": 0.0009001493453979492, "Agent4_Epoch16": 0.0009074211120605469, "Agent0_Epoch17": 0.0006044507026672363, "Agent1_Epoch17": 0.0006492733955383301, "Agent2_Epoch17": 0.0006530284881591797, "Agent3_Epoch17": 0.0006502866744995117, "Agent4_Epoch17": 0.0006573200225830078, "Agent0_Epoch18": 0.00044018030166625977, "Agent1_Epoch18": 0.0004667043685913086, "Agent2_Epoch18": 0.0004686117172241211, "Agent3_Epoch18": 0.00046581029891967773, "Agent4_Epoch18": 0.00047272443771362305, "Agent0_Epoch19": 0.0003135800361633301, "Agent1_Epoch19": 0.00032901763916015625, "Agent2_Epoch19": 0.00032973289489746094, "Agent3_Epoch19": 0.0003331303596496582, "Agent4_Epoch19": 0.00033539533615112305, "Agent0_Epoch20": 0.00022143125534057617, "Agent1_Epoch20": 0.00023037195205688477, "Agent2_Epoch20": 0.00023049116134643555, "Agent3_Epoch20": 0.00023174285888671875, "Agent4_Epoch20": 0.00023305416107177734, "Agent0_Epoch21": 0.00015413761138916016, "Agent1_Epoch21": 0.00015926361083984375, "Agent2_Epoch21": 0.00015985965728759766, "Agent3_Epoch21": 0.00015991926193237305, "Agent4_Epoch21": 0.00016039609909057617, "Agent0_Epoch22": 0.00010639429092407227, "Agent1_Epoch22": 0.00010919570922851562, "Agent2_Epoch22": 0.00010865926742553711, "Agent3_Epoch22": 0.00010949373245239258, "Agent4_Epoch22": 0.00011014938354492188, "Agent0_Epoch23": 7.271766662597656e-05, "Agent1_Epoch23": 7.432699203491211e-05, "Agent2_Epoch23": 7.426738739013672e-05, "Agent3_Epoch23": 7.444620132446289e-05, "Agent4_Epoch23": 7.49826431274414e-05, "Agent0_Epoch24": 4.9114227294921875e-05, "Agent1_Epoch24": 5.0067901611328125e-05, "Agent2_Epoch24": 5.030632019042969e-05, "Agent3_Epoch24": 5.0127506256103516e-05, "Agent4_Epoch24": 5.042552947998047e-05, "Agent0_Epoch25": 3.30805778503418e-05, "Agent1_Epoch25": 3.361701965332031e-05, "Agent2_Epoch25": 3.361701965332031e-05, "Agent3_Epoch25": 3.361701965332031e-05, "Agent4_Epoch25": 3.361701965332031e-05, "Agent0_Epoch26": 2.2172927856445312e-05, "Agent1_Epoch26": 2.2292137145996094e-05, "Agent2_Epoch26": 2.2411346435546875e-05, "Agent3_Epoch26": 2.2470951080322266e-05, "Agent4_Epoch26": 2.2470951080322266e-05, "Agent0_Epoch27": 1.4662742614746094e-05, "Agent1_Epoch27": 1.4781951904296875e-05, "Agent2_Epoch27": 1.4841556549072266e-05, "Agent3_Epoch27": 1.4960765838623047e-05, "Agent4_Epoch27": 1.4960765838623047e-05, "Agent0_Epoch28": 9.894371032714844e-06, "Agent1_Epoch28": 9.715557098388672e-06, "Agent2_Epoch28": 1.0013580322265625e-05, "Agent3_Epoch28": 9.894371032714844e-06, "Agent4_Epoch28": 9.894371032714844e-06, "Agent0_Epoch29": 6.4373016357421875e-06, "Agent1_Epoch29": 6.556510925292969e-06, "Agent2_Epoch29": 6.496906280517578e-06, "Agent3_Epoch29": 6.556510925292969e-06, "Agent4_Epoch29": 6.496906280517578e-06, "Agent0_Epoch30": 4.231929779052734e-06, "Agent1_Epoch30": 4.172325134277344e-06, "Agent2_Epoch30": 4.172325134277344e-06, "Agent3_Epoch30": 4.351139068603516e-06, "Agent4_Epoch30": 4.351139068603516e-06, "Agent0_Epoch31": 2.7418136596679688e-06, "Agent1_Epoch31": 2.86102294921875e-06, "Agent2_Epoch31": 2.682209014892578e-06, "Agent3_Epoch31": 2.562999725341797e-06, "Agent4_Epoch31": 2.8014183044433594e-06, "Agent0_Epoch32": 1.7285346984863281e-06, "Agent1_Epoch32": 1.6689300537109375e-06, "Agent2_Epoch32": 1.7285346984863281e-06, "Agent3_Epoch32": 1.7285346984863281e-06, "Agent4_Epoch32": 1.7285346984863281e-06, "Agent0_Epoch33": 1.1324882507324219e-06, "Agent1_Epoch33": 1.1920928955078125e-06, "Agent2_Epoch33": 1.1324882507324219e-06, "Agent3_Epoch33": 1.1920928955078125e-06, "Agent4_Epoch33": 1.1920928955078125e-06, "Agent0_Epoch34": 7.152557373046875e-07, "Agent1_Epoch34": 6.556510925292969e-07, "Agent2_Epoch34": 7.152557373046875e-07, "Agent3_Epoch34": 7.152557373046875e-07, "Agent4_Epoch34": 6.556510925292969e-07, "Agent0_Epoch35": 5.364418029785156e-07, "Agent1_Epoch35": 5.364418029785156e-07, "Agent2_Epoch35": 5.364418029785156e-07, "Agent3_Epoch35": 6.556510925292969e-07, "Agent4_Epoch35": 5.364418029785156e-07, "Agent0_Epoch36": 3.5762786865234375e-07, "Agent1_Epoch36": 4.76837158203125e-07, "Agent2_Epoch36": 4.76837158203125e-07, "Agent3_Epoch36": 3.5762786865234375e-07, "Agent4_Epoch36": 4.76837158203125e-07, "Agent0_Epoch37": 2.980232238769531e-07, "Agent1_Epoch37": 1.1920928955078125e-07, "Agent2_Epoch37": 1.7881393432617188e-07, "Agent3_Epoch37": 2.980232238769531e-07, "Agent4_Epoch37": 2.980232238769531e-07, "Agent0_Epoch38": 1.7881393432617188e-07, "Agent1_Epoch38": 1.7881393432617188e-07, "Agent2_Epoch38": 0.0, "Agent3_Epoch38": 2.980232238769531e-07, "Agent4_Epoch38": 1.7881393432617188e-07, "Agent0_Epoch39": 0.0, "Agent1_Epoch39": 1.1920928955078125e-07, "Agent2_Epoch39": 1.7881393432617188e-07, "Agent3_Epoch39": 1.7881393432617188e-07, "Agent4_Epoch39": 1.7881393432617188e-07, "Agent0_Epoch40": 0.0, "Agent1_Epoch40": 0.0, "Agent2_Epoch40": 0.0, "Agent3_Epoch40": 0.0, "Agent4_Epoch40": 0.0,