{"Agent0_Epoch1": 0.30036985874176025, "Agent1_Epoch1": 0.29109442234039307, "Agent2_Epoch1": 0.9827212691307068, "Agent3_Epoch1": 0.9967893958091736, "Agent4_Epoch1": 0.9943490028381348, "Agent0_Epoch2": 0.05382567644119263, "Agent1_Epoch2": 0.29363685846328735, "Agent2_Epoch2": 0.2942972779273987, "Agent3_Epoch2": 0.2951008677482605, "Agent4_Epoch2": 0.29623258113861084, "Agent0_Epoch3": 0.031789422035217285, "Agent1_Epoch3": 0.13191860914230347, "Agent2_Epoch3": 0.13703572750091553, "Agent3_Epoch3": 0.1343204379081726, "Agent4_Epoch3": 0.13705062866210938, "Agent0_Epoch4": 0.021319448947906494, "Agent1_Epoch4": 0.06556785106658936, "Agent2_Epoch4": 0.06777477264404297, "Agent3_Epoch4": 0.06578260660171509, "Agent4_Epoch4": 0.06563043594360352, "Agent0_Epoch5": 0.01469796895980835, "Agent1_Epoch5": 0.03544819355010986, "Agent2_Epoch5": 0.0365864634513855, "Agent3_Epoch5": 0.03669172525405884, "Agent4_Epoch5": 0.03562760353088379, "Agent0_Epoch6": 0.010503709316253662, "Agent1_Epoch6": 0.021000206470489502, "Agent2_Epoch6": 0.021334528923034668, "Agent3_Epoch6": 0.021526336669921875, "Agent4_Epoch6": 0.02100205421447754, "Agent0_Epoch7": 0.007731795310974121, "Agent1_Epoch7": 0.013398587703704834, "Agent2_Epoch7": 0.013202190399169922, "Agent3_Epoch7": 0.013314545154571533, "Agent4_Epoch7": 0.013265609741210938, "Agent0_Epoch8": 0.00574725866317749, "Agent1_Epoch8": 0.008910834789276123, "Agent2_Epoch8": 0.008943617343902588, "Agent3_Epoch8": 0.009268105030059814, "Agent4_Epoch8": 0.008845031261444092, "Agent0_Epoch9": 0.004435062408447266, "Agent1_Epoch9": 0.006306052207946777, "Agent2_Epoch9": 0.006330907344818115, "Agent3_Epoch9": 0.006462574005126953, "Agent4_Epoch9": 0.006320595741271973, "Agent0_Epoch10": 0.0035384297370910645, "Agent1_Epoch10": 0.004701733589172363, "Agent2_Epoch10": 0.004728436470031738, "Agent3_Epoch10": 0.004845917224884033, "Agent4_Epoch10": 0.004659295082092285, "Agent0_Epoch11": 0.0028635263442993164, "Agent1_Epoch11": 0.0036063194274902344, "Agent2_Epoch11": 0.003619849681854248, "Agent3_Epoch11": 0.003699958324432373, "Agent4_Epoch11": 0.0035616159439086914, "Agent0_Epoch12": 0.0023185014724731445, "Agent1_Epoch12": 0.0027990341186523438, "Agent2_Epoch12": 0.002781212329864502, "Agent3_Epoch12": 0.0028352737426757812, "Agent4_Epoch12": 0.0027561187744140625, "Agent0_Epoch13": 0.0018334388732910156, "Agent1_Epoch13": 0.002139747142791748, "Agent2_Epoch13": 0.0021952390670776367, "Agent3_Epoch13": 0.002148449420928955, "Agent4_Epoch13": 0.0021236538887023926, "Agent0_Epoch14": 0.0014191865921020508, "Agent1_Epoch14": 0.0016112327575683594, "Agent2_Epoch14": 0.0016230344772338867, "Agent3_Epoch14": 0.0016309618949890137, "Agent4_Epoch14": 0.0016198158264160156, "Agent0_Epoch15": 0.0010789036750793457, "Agent1_Epoch15": 0.0011976957321166992, "Agent2_Epoch15": 0.0011927485466003418, "Agent3_Epoch15": 0.00116807222366333, "Agent4_Epoch15": 0.001177072525024414, "Agent0_Epoch16": 0.0007890462875366211, "Agent1_Epoch16": 0.0008597970008850098, "Agent2_Epoch16": 0.0008667111396789551, "Agent3_Epoch16": 0.0008679032325744629, "Agent4_Epoch16": 0.0008558034896850586, "Agent0_Epoch17": 0.0005734562873840332, "Agent1_Epoch17": 0.0006153583526611328, "Agent2_Epoch17": 0.0006099343299865723, "Agent3_Epoch17": 0.0006096959114074707, "Agent4_Epoch17": 0.0006089210510253906, "Agent0_Epoch18": 0.00040906667709350586, "Agent1_Epoch18": 0.0004334449768066406, "Agent2_Epoch18": 0.00042700767517089844, "Agent3_Epoch18": 0.00042742490768432617, "Agent4_Epoch18": 0.00042766332626342773, "Agent0_Epoch19": 0.0002866387367248535, "Agent1_Epoch19": 0.0003005862236022949, "Agent2_Epoch19": 0.00030046701431274414, "Agent3_Epoch19": 0.00029921531677246094, "Agent4_Epoch19": 0.000298917293548584, "Agent0_Epoch20": 0.00019949674606323242, "Agent1_Epoch20": 0.00020742416381835938, "Agent2_Epoch20": 0.00020694732666015625, "Agent3_Epoch20": 0.00020676851272583008, "Agent4_Epoch20": 0.00020647048950195312, "Agent0_Epoch21": 0.00013762712478637695, "Agent1_Epoch21": 0.00014203786849975586, "Agent2_Epoch21": 0.0001423954963684082, "Agent3_Epoch21": 0.00014156103134155273, "Agent4_Epoch21": 0.00014138221740722656, "Agent0_Epoch22": 9.423494338989258e-05, "Agent1_Epoch22": 9.673833847045898e-05, "Agent2_Epoch22": 9.644031524658203e-05, "Agent3_Epoch22": 9.614229202270508e-05, "Agent4_Epoch22": 9.626150131225586e-05, "Agent0_Epoch23": 6.395578384399414e-05, "Agent1_Epoch23": 6.526708602905273e-05, "Agent2_Epoch23": 6.508827209472656e-05, "Agent3_Epoch23": 6.538629531860352e-05, "Agent4_Epoch23": 6.520748138427734e-05, "Agent0_Epoch24": 4.315376281738281e-05, "Agent1_Epoch24": 4.392862319946289e-05, "Agent2_Epoch24": 4.374980926513672e-05, "Agent3_Epoch24": 4.363059997558594e-05, "Agent4_Epoch24": 4.357099533081055e-05, "Agent0_Epoch25": 2.8908252716064453e-05, "Agent1_Epoch25": 2.9206275939941406e-05, "Agent2_Epoch25": 2.9325485229492188e-05, "Agent3_Epoch25": 2.9206275939941406e-05, "Agent4_Epoch25": 2.9206275939941406e-05, "Agent0_Epoch26": 1.919269561767578e-05, "Agent1_Epoch26": 1.9550323486328125e-05, "Agent2_Epoch26": 1.9550323486328125e-05, "Agent3_Epoch26": 1.9490718841552734e-05, "Agent4_Epoch26": 1.9490718841552734e-05, "Agent0_Epoch27": 1.2814998626708984e-05, "Agent1_Epoch27": 1.2874603271484375e-05, "Agent2_Epoch27": 1.3053417205810547e-05, "Agent3_Epoch27": 1.2934207916259766e-05, "Agent4_Epoch27": 1.2874603271484375e-05, "Agent0_Epoch28": 8.52346420288086e-06, "Agent1_Epoch28": 8.64267349243164e-06, "Agent2_Epoch28": 8.52346420288086e-06, "Agent3_Epoch28": 8.463859558105469e-06, "Agent4_Epoch28": 8.52346420288086e-06, "Agent0_Epoch29": 5.424022674560547e-06, "Agent1_Epoch29": 5.602836608886719e-06, "Agent2_Epoch29": 5.543231964111328e-06, "Agent3_Epoch29": 5.543231964111328e-06, "Agent4_Epoch29": 5.543231964111328e-06, "Agent0_Epoch30": 3.635883331298828e-06, "Agent1_Epoch30": 3.5762786865234375e-06, "Agent2_Epoch30": 3.5762786865234375e-06, "Agent3_Epoch30": 3.7550926208496094e-06, "Agent4_Epoch30": 3.5762786865234375e-06, "Agent0_Epoch31": 2.2649765014648438e-06, "Agent1_Epoch31": 2.2649765014648438e-06, "Agent2_Epoch31": 2.2649765014648438e-06, "Agent3_Epoch31": 2.3245811462402344e-06, "Agent4_Epoch31": 2.4437904357910156e-06, "Agent0_Epoch32": 1.6093254089355469e-06, "Agent1_Epoch32": 1.6093254089355469e-06, "Agent2_Epoch32": 1.6689300537109375e-06, "Agent3_Epoch32": 1.4901161193847656e-06, "Agent4_Epoch32": 1.4901161193847656e-06, "Agent0_Epoch33": 9.5367431640625e-07, "Agent1_Epoch33": 1.0132789611816406e-06, "Agent2_Epoch33": 9.5367431640625e-07, "Agent3_Epoch33": 1.0132789611816406e-06, "Agent4_Epoch33": 1.0132789611816406e-06, "Agent0_Epoch34": 5.364418029785156e-07, "Agent1_Epoch34": 6.556510925292969e-07, "Agent2_Epoch34": 6.556510925292969e-07, "Agent3_Epoch34": 6.556510925292969e-07, "Agent4_Epoch34": 5.364418029785156e-07, "Agent0_Epoch35": 3.5762786865234375e-07, "Agent1_Epoch35": 3.5762786865234375e-07, "Agent2_Epoch35": 3.5762786865234375e-07, "Agent3_Epoch35": 3.5762786865234375e-07, "Agent4_Epoch35": 3.5762786865234375e-07, "Agent0_Epoch36": 1.7881393432617188e-07, "Agent1_Epoch36": 2.980232238769531e-07, "Agent2_Epoch36": 2.980232238769531e-07, "Agent3_Epoch36": 1.1920928955078125e-07, "Agent4_Epoch36": 1.7881393432617188e-07, "Agent0_Epoch37": 2.980232238769531e-07, "Agent1_Epoch37": 2.980232238769531e-07, "Agent2_Epoch37": 3.5762786865234375e-07, "Agent3_Epoch37": 2.980232238769531e-07, "Agent4_Epoch37": 2.980232238769531e-07, "Agent0_Epoch38": 1.1920928955078125e-07, "Agent1_Epoch38": 0.0, "Agent2_Epoch38": 1.7881393432617188e-07, "Agent3_Epoch38": 0.0, "Agent4_Epoch38": 1.7881393432617188e-07, "Agent0_Epoch39": 1.1920928955078125e-07, "Agent1_Epoch39": 1.7881393432617188e-07, "Agent2_Epoch39": 1.7881393432617188e-07, "Agent3_Epoch39": 1.1920928955078125e-07, "Agent4_Epoch39": 1.1920928955078125e-07, "Agent0_Epoch40": 1.1920928955078125e-07, "Agent1_Epoch40": 0.0, "Agent2_Epoch40": 0.0, "Agent3_Epoch40": 0.0,