{"Agent0_Epoch1": 0.2910730242729187, "Agent1_Epoch1": 0.2911587357521057, "Agent2_Epoch1": 0.9941318035125732, "Agent3_Epoch1": 0.9907625913619995, "Agent4_Epoch1": 0.9905520081520081, "Agent0_Epoch2": 0.05129271745681763, "Agent1_Epoch2": 0.29013746976852417, "Agent2_Epoch2": 0.2940255403518677, "Agent3_Epoch2": 0.29158830642700195, "Agent4_Epoch2": 0.29230672121047974, "Agent0_Epoch3": 0.02892512083053589, "Agent1_Epoch3": 0.12513196468353271, "Agent2_Epoch3": 0.12757039070129395, "Agent3_Epoch3": 0.12451249361038208, "Agent4_Epoch3": 0.1271299123764038, "Agent0_Epoch4": 0.018543541431427002, "Agent1_Epoch4": 0.058757245540618896, "Agent2_Epoch4": 0.06232905387878418, "Agent3_Epoch4": 0.05855804681777954, "Agent4_Epoch4": 0.06061506271362305, "Agent0_Epoch5": 0.012807369232177734, "Agent1_Epoch5": 0.031411051750183105, "Agent2_Epoch5": 0.032287001609802246, "Agent3_Epoch5": 0.03149425983428955, "Agent4_Epoch5": 0.03289210796356201, "Agent0_Epoch6": 0.00916224718093872, "Agent1_Epoch6": 0.018532633781433105, "Agent2_Epoch6": 0.018970966339111328, "Agent3_Epoch6": 0.018939077854156494, "Agent4_Epoch6": 0.018985331058502197, "Agent0_Epoch7": 0.006754398345947266, "Agent1_Epoch7": 0.01178210973739624, "Agent2_Epoch7": 0.011943817138671875, "Agent3_Epoch7": 0.011823892593383789, "Agent4_Epoch7": 0.012015700340270996, "Agent0_Epoch8": 0.005096375942230225, "Agent1_Epoch8": 0.00793999433517456, "Agent2_Epoch8": 0.008027076721191406, "Agent3_Epoch8": 0.00805807113647461, "Agent4_Epoch8": 0.008237957954406738, "Agent0_Epoch9": 0.004039347171783447, "Agent1_Epoch9": 0.005763411521911621, "Agent2_Epoch9": 0.005770087242126465, "Agent3_Epoch9": 0.005767643451690674, "Agent4_Epoch9": 0.0057792067527771, "Agent0_Epoch10": 0.0032825469970703125, "Agent1_Epoch10": 0.004373311996459961, "Agent2_Epoch10": 0.004331409931182861, "Agent3_Epoch10": 0.004393398761749268, "Agent4_Epoch10": 0.004334151744842529, "Agent0_Epoch11": 0.0027457475662231445, "Agent1_Epoch11": 0.00346529483795166, "Agent2_Epoch11": 0.0034627318382263184, "Agent3_Epoch11": 0.003461778163909912, "Agent4_Epoch11": 0.0034195780754089355, "Agent0_Epoch12": 0.0023044347763061523, "Agent1_Epoch12": 0.0027867555618286133, "Agent2_Epoch12": 0.0027794241905212402, "Agent3_Epoch12": 0.0027651190757751465, "Agent4_Epoch12": 0.002733767032623291, "Agent0_Epoch13": 0.0018997788429260254, "Agent1_Epoch13": 0.0022203922271728516, "Agent2_Epoch13": 0.002286970615386963, "Agent3_Epoch13": 0.0022193193435668945, "Agent4_Epoch13": 0.002206146717071533, "Agent0_Epoch14": 0.0015396475791931152, "Agent1_Epoch14": 0.0017505288124084473, "Agent2_Epoch14": 0.001740872859954834, "Agent3_Epoch14": 0.0017300248146057129, "Agent4_Epoch14": 0.0017292499542236328, "Agent0_Epoch15": 0.00119781494140625, "Agent1_Epoch15": 0.0013318061828613281, "Agent2_Epoch15": 0.0013332366943359375, "Agent3_Epoch15": 0.0013051033020019531, "Agent4_Epoch15": 0.0013051033020019531, "Agent0_Epoch16": 0.0008988380432128906, "Agent1_Epoch16": 0.000980973243713379, "Agent2_Epoch16": 0.00098496675491333, "Agent3_Epoch16": 0.0009746551513671875, "Agent4_Epoch16": 0.0009683966636657715, "Agent0_Epoch17": 0.0006582736968994141, "Agent1_Epoch17": 0.0007073283195495605, "Agent2_Epoch17": 0.0007092952728271484, "Agent3_Epoch17": 0.0007076859474182129, "Agent4_Epoch17": 0.0007040500640869141, "Agent0_Epoch18": 0.00047320127487182617, "Agent1_Epoch18": 0.0005019903182983398, "Agent2_Epoch18": 0.0005027651786804199, "Agent3_Epoch18": 0.0005067586898803711, "Agent4_Epoch18": 0.000499725341796875, "Agent0_Epoch19": 0.0003374814987182617, "Agent1_Epoch19": 0.00035440921783447266, "Agent2_Epoch19": 0.00035268068313598633, "Agent3_Epoch19": 0.00035011768341064453, "Agent4_Epoch19": 0.00035130977630615234, "Agent0_Epoch20": 0.00023597478866577148, "Agent1_Epoch20": 0.00024563074111938477, "Agent2_Epoch20": 0.0002466440200805664, "Agent3_Epoch20": 0.00024586915969848633, "Agent4_Epoch20": 0.00024503469467163086, "Agent0_Epoch21": 0.00016373395919799805, "Agent1_Epoch21": 0.00016921758651733398, "Agent2_Epoch21": 0.00016987323760986328, "Agent3_Epoch21": 0.0001690983772277832, "Agent4_Epoch21": 0.00016897916793823242, "Agent0_Epoch22": 0.00011295080184936523, "Agent1_Epoch22": 0.00011599063873291016, "Agent2_Epoch22": 0.00011581182479858398, "Agent3_Epoch22": 0.00011533498764038086, "Agent4_Epoch22": 0.00011557340621948242, "Agent0_Epoch23": 7.683038711547852e-05, "Agent1_Epoch23": 7.843971252441406e-05, "Agent2_Epoch23": 7.849931716918945e-05, "Agent3_Epoch23": 7.796287536621094e-05, "Agent4_Epoch23": 7.832050323486328e-05, "Agent0_Epoch24": 5.173683166503906e-05, "Agent1_Epoch24": 5.263090133666992e-05, "Agent2_Epoch24": 5.3048133850097656e-05, "Agent3_Epoch24": 5.27501106262207e-05, "Agent4_Epoch24": 5.2928924560546875e-05, "Agent0_Epoch25": 3.4868717193603516e-05, "Agent1_Epoch25": 3.552436828613281e-05, "Agent2_Epoch25": 3.534555435180664e-05, "Agent3_Epoch25": 3.540515899658203e-05, "Agent4_Epoch25": 3.540515899658203e-05, "Agent0_Epoch26": 2.3305416107177734e-05, "Agent1_Epoch26": 2.3603439331054688e-05, "Agent2_Epoch26": 2.3543834686279297e-05, "Agent3_Epoch26": 2.3543834686279297e-05, "Agent4_Epoch26": 2.3603439331054688e-05, "Agent0_Epoch27": 1.5437602996826172e-05, "Agent1_Epoch27": 1.5735626220703125e-05, "Agent2_Epoch27": 1.5616416931152344e-05, "Agent3_Epoch27": 1.5616416931152344e-05, "Agent4_Epoch27": 1.5735626220703125e-05, "Agent0_Epoch28": 1.0311603546142578e-05, "Agent1_Epoch28": 1.0371208190917969e-05, "Agent2_Epoch28": 1.0371208190917969e-05, "Agent3_Epoch28": 1.0311603546142578e-05, "Agent4_Epoch28": 1.0371208190917969e-05, "Agent0_Epoch29": 6.794929504394531e-06, "Agent1_Epoch29": 6.794929504394531e-06, "Agent2_Epoch29": 6.9141387939453125e-06, "Agent3_Epoch29": 6.794929504394531e-06, "Agent4_Epoch29": 6.9141387939453125e-06, "Agent0_Epoch30": 4.470348358154297e-06, "Agent1_Epoch30": 4.470348358154297e-06, "Agent2_Epoch30": 4.470348358154297e-06, "Agent3_Epoch30": 4.470348358154297e-06, "Agent4_Epoch30": 4.470348358154297e-06, "Agent0_Epoch31": 2.86102294921875e-06, "Agent1_Epoch31": 2.86102294921875e-06, "Agent2_Epoch31": 2.8014183044433594e-06, "Agent3_Epoch31": 2.9802322387695312e-06, "Agent4_Epoch31": 2.86102294921875e-06, "Agent0_Epoch32": 1.8477439880371094e-06, "Agent1_Epoch32": 1.9669532775878906e-06, "Agent2_Epoch32": 1.8477439880371094e-06, "Agent3_Epoch32": 1.9669532775878906e-06, "Agent4_Epoch32": 1.8477439880371094e-06, "Agent0_Epoch33": 1.1324882507324219e-06, "Agent1_Epoch33": 1.1920928955078125e-06, "Agent2_Epoch33": 1.3113021850585938e-06, "Agent3_Epoch33": 1.1920928955078125e-06, "Agent4_Epoch33": 1.1920928955078125e-06, "Agent0_Epoch34": 8.344650268554688e-07, "Agent1_Epoch34": 8.344650268554688e-07, "Agent2_Epoch34": 8.344650268554688e-07, "Agent3_Epoch34": 9.5367431640625e-07, "Agent4_Epoch34": 9.5367431640625e-07, "Agent0_Epoch35": 4.76837158203125e-07, "Agent1_Epoch35": 5.364418029785156e-07, "Agent2_Epoch35": 4.76837158203125e-07, "Agent3_Epoch35": 5.364418029785156e-07, "Agent4_Epoch35": 5.364418029785156e-07, "Agent0_Epoch36": 2.980232238769531e-07, "Agent1_Epoch36": 3.5762786865234375e-07, "Agent2_Epoch36": 3.5762786865234375e-07, "Agent3_Epoch36": 2.980232238769531e-07, "Agent4_Epoch36": 1.7881393432617188e-07, "Agent0_Epoch37": 1.7881393432617188e-07, "Agent1_Epoch37": 2.980232238769531e-07, "Agent2_Epoch37": 1.7881393432617188e-07, "Agent3_Epoch37": 2.980232238769531e-07, "Agent4_Epoch37": 2.980232238769531e-07, "Agent0_Epoch38": 1.1920928955078125e-07, "Agent1_Epoch38": 1.7881393432617188e-07, "Agent2_Epoch38": 1.1920928955078125e-07, "Agent3_Epoch38": 1.1920928955078125e-07, "Agent4_Epoch38": 1.1920928955078125e-07, "Agent0_Epoch39": 1.1920928955078125e-07, "Agent1_Epoch39": 1.1920928955078125e-07, "Agent2_Epoch39": 1.1920928955078125e-07, "Agent3_Epoch39": 2.980232238769531e-07, "Agent4_Epoch39": 1.1920928955078125e-07, "Agent0_Epoch40": 0.0, "Agent1_Epoch40": 0.0, "Agent2_Epoch40": 1.1920928955078125e-07,