{"E1_agent0_norm": 1.8229501247406006, "E1_agent1_norm": 2.0655055046081543, "E1_agent2_norm": 2.229362726211548, "E1_agent3_norm": 1.728185772895813, "E1_agent4_norm": 2.0383212566375732, "E2_agent0_norm": 0.02092604525387287, "E2_agent1_norm": 0.31266072392463684, "E2_agent2_norm": 0.34523874521255493, "E2_agent3_norm": 0.3698473572731018, "E2_agent4_norm": 0.25924378633499146, "E3_agent0_norm": 0.012026662938296795, "E3_agent1_norm": 0.4992859959602356, "E3_agent2_norm": 0.49068430066108704, "E3_agent3_norm": 0.45382553339004517, "E3_agent4_norm": 0.4003337621688843, "E4_agent0_norm": 0.006265255622565746, "E4_agent1_norm": 0.5839817523956299, "E4_agent2_norm": 0.5076671838760376, "E4_agent3_norm": 0.5352771282196045, "E4_agent4_norm": 0.5198792219161987, "E5_agent0_norm": 0.0030520791187882423, "E5_agent1_norm": 0.4997802972793579, "E5_agent2_norm": 0.5144779086112976, "E5_agent3_norm": 0.5031797885894775, "E5_agent4_norm": 0.5175934433937073, "E6_agent0_norm": 0.0037296467926353216, "E6_agent1_norm": 0.4121328890323639, "E6_agent2_norm": 0.4416823387145996, "E6_agent3_norm": 0.39095351099967957, "E6_agent4_norm": 0.41543713212013245, "E7_agent0_norm": 0.010167155414819717, "E7_agent1_norm": 0.3322977125644684, "E7_agent2_norm": 0.3257793188095093, "E7_agent3_norm": 0.325447142124176, "E7_agent4_norm": 0.3376220166683197, "E8_agent0_norm": 0.003126147435978055, "E8_agent1_norm": 0.2761535048484802, "E8_agent2_norm": 0.27618423104286194, "E8_agent3_norm": 0.27497124671936035, "E8_agent4_norm": 0.2689877152442932, "E9_agent0_norm": 0.0006292718462646008, "E9_agent1_norm": 0.25466886162757874, "E9_agent2_norm": 0.23391421139240265, "E9_agent3_norm": 0.22830674052238464, "E9_agent4_norm": 0.24417103826999664, "E10_agent0_norm": 0.00038772125844843686, "E10_agent1_norm": 0.22451312839984894, "E10_agent2_norm": 0.21123170852661133, "E10_agent3_norm": 0.21796166896820068, "E10_agent4_norm": 0.21824458241462708, "E11_agent0_norm": 0.0029903107788413763, "E11_agent1_norm": 0.20195046067237854, "E11_agent2_norm": 0.18638193607330322, "E11_agent3_norm": 0.2052910178899765, "E11_agent4_norm": 0.19454838335514069, "E12_agent0_norm": 0.0002509373298380524, "E12_agent1_norm": 0.18776489794254303, "E12_agent2_norm": 0.17179349064826965, "E12_agent3_norm": 0.18615859746932983, "E12_agent4_norm": 0.17436572909355164, "E13_agent0_norm": 0.002992104273289442, "E13_agent1_norm": 0.15314273536205292, "E13_agent2_norm": 0.14061899483203888, "E13_agent3_norm": 0.1537775695323944, "E13_agent4_norm": 0.15355466306209564, "E14_agent0_norm": 0.00016940475325100124, "E14_agent1_norm": 0.13296259939670563, "E14_agent2_norm": 0.12198616564273834, "E14_agent3_norm": 0.12935800850391388, "E14_agent4_norm": 0.12742552161216736, "E15_agent0_norm": 0.002971422392874956, "E15_agent1_norm": 0.10001067817211151, "E15_agent2_norm": 0.09345114976167679, "E15_agent3_norm": 0.09944089502096176, "E15_agent4_norm": 0.09990296512842178, "E16_agent0_norm": 0.010135961696505547, "E16_agent1_norm": 0.07695118337869644, "E16_agent2_norm": 0.0681041032075882, "E16_agent3_norm": 0.07575812935829163, "E16_agent4_norm": 0.0714186280965805, "E17_agent0_norm": 4.076592449564487e-05, "E17_agent1_norm": 0.05619252100586891, "E17_agent2_norm": 0.0541960671544075, "E17_agent3_norm": 0.057147495448589325, "E17_agent4_norm": 0.05611693114042282, "E18_agent0_norm": 0.002899657469242811, "E18_agent1_norm": 0.03935035690665245, "E18_agent2_norm": 0.039972204715013504, "E18_agent3_norm": 0.037742141634225845, "E18_agent4_norm": 0.04121151939034462, "E19_agent0_norm": 0.008683477528393269, "E19_agent1_norm": 0.030897026881575584, "E19_agent2_norm": 0.029529033228754997, "E19_agent3_norm": 0.031208278611302376, "E19_agent4_norm": 0.030967922881245613, "E20_agent0_norm": 0.0028145117685198784, "E20_agent1_norm": 0.022819766774773598, "E20_agent2_norm": 0.020343521609902382, "E20_agent3_norm": 0.022102076560258865, "E20_agent4_norm": 0.021405572071671486, "E21_agent0_norm": 6.197489710757509e-06, "E21_agent1_norm": 0.015550695359706879, "E21_agent2_norm": 0.016195114701986313, "E21_agent3_norm": 0.01469928678125143, "E21_agent4_norm": 0.0162186361849308, "E22_agent0_norm": 4.60976525573642e-06, "E22_agent1_norm": 0.010726920329034328, "E22_agent2_norm": 0.011689906939864159, "E22_agent3_norm": 0.010352928191423416, "E22_agent4_norm": 0.01213522907346487, "E23_agent0_norm": 0.002578010316938162, "E23_agent1_norm": 0.008671276271343231, "E23_agent2_norm": 0.0072887190617620945, "E23_agent3_norm": 0.00864189863204956, "E23_agent4_norm": 0.007505272049456835, "E24_agent0_norm": 2.1083619685668964e-06, "E24_agent1_norm": 0.0051460531540215015, "E24_agent2_norm": 0.006142570171505213, "E24_agent3_norm": 0.005171458702534437, "E24_agent4_norm": 0.006219121627509594, "E25_agent0_norm": 1.0984269920299994e-06, "E25_agent1_norm": 0.0037103130016475916, "E25_agent2_norm": 0.004263850394636393, "E25_agent3_norm": 0.00355732929892838, "E25_agent4_norm": 0.004516717977821827, "E26_agent0_norm": 1.5549924228253076e-06, "E26_agent1_norm": 0.002670885296538472, "E26_agent2_norm": 0.0030621765181422234, "E26_agent3_norm": 0.0025976316537708044, "E26_agent4_norm": 0.003179681021720171, "E27_agent0_norm": 0.0018176535377278924, "E27_agent1_norm": 0.002234054496511817, "E27_agent2_norm": 0.001959702465683222, "E27_agent3_norm": 0.002270228462293744, "E27_agent4_norm": 0.001953300554305315, "E28_agent0_norm": 3.052948329695937e-07, "E28_agent1_norm": 0.00161218480207026, "E28_agent2_norm": 0.0015666643157601357, "E28_agent3_norm": 0.0015813511563465, "E28_agent4_norm": 0.0016078016487881541, "E29_agent0_norm": 0.001513893948867917, "E29_agent1_norm": 0.001723998342640698, "E29_agent2_norm": 0.0011049120221287012, "E29_agent3_norm": 0.0017163485754281282, "E29_agent4_norm": 0.0011358732590451837, "E30_agent0_norm": 0.0014315949520096183, "E30_agent1_norm": 0.0016715058591216803, "E30_agent2_norm": 0.0007815067656338215, "E30_agent3_norm": 0.001669840537942946, "E30_agent4_norm": 0.0007992483442649245, "E31_agent0_norm": 0.0013820831663906574, "E31_agent1_norm": 0.0016627097502350807, "E31_agent2_norm": 0.000552857993170619, "E31_agent3_norm": 0.001662102877162397, "E31_agent4_norm": 0.0005541806458495557, "E32_agent0_norm": 0.0017339615151286125, "E32_agent1_norm": 0.00039322575321421027, "E32_agent2_norm": 0.0016705332091078162, "E32_agent3_norm": 0.0004004088696092367, "E32_agent4_norm": 0.001669460441917181, "E33_agent0_norm": 2.132900966955731e-08, "E33_agent1_norm": 0.0012930167140439153, "E33_agent2_norm": 0.0002782367810141295, "E33_agent3_norm": 0.0012938500149175525, "E33_agent4_norm": 0.0002870493335649371, "E34_agent0_norm": 0.0013334664981812239, "E34_agent1_norm": 0.0016823596088215709, "E34_agent2_norm": 0.00019004194473382086, "E34_agent3_norm": 0.0016835515853017569, "E34_agent4_norm": 0.00020030600717291236, "E35_agent0_norm": 0.0017147166654467583, "E35_agent1_norm": 0.00013832627155352384, "E35_agent2_norm": 0.0016922738868743181, "E35_agent3_norm": 0.00013330834917724133, "E35_agent4_norm": 0.001690612523816526, "E36_agent0_norm": 1.7953344366716806e-09, "E36_agent1_norm": 0.0013105450198054314, "E36_agent2_norm": 9.337335359305143e-05, "E36_agent3_norm": 0.0013111018342897296, "E36_agent4_norm": 9.883088932838291e-05, "E37_agent0_norm": 5.623499443885294e-10, "E37_agent1_norm": 0.0013145065167918801, "E37_agent2_norm": 0.0017015645280480385, "E37_agent3_norm": 6.557882443303242e-05, "E37_agent4_norm": 0.0017011306481435895, "E38_agent0_norm": 3.2180116904534373e-10, "E38_agent1_norm": 0.0013174921041354537, "E38_agent2_norm": 4.702652950072661e-05, "E38_agent3_norm": 0.0013176247011870146, "E38_agent4_norm": 4.823177368962206e-05, "E39_agent0_norm": 0.0013252595672383904, "E39_agent1_norm": 0.001705752918496728, "E39_agent2_norm": 3.1203828257275745e-05, "E39_agent3_norm": 0.001706010545603931, "E39_agent4_norm": 3.315540379844606e-05, "E40_agent0_norm": 0.0013251424534246325,