{"E1_agent0_norm": 1.7423593997955322, "E1_agent1_norm": 1.9984811544418335, "E1_agent2_norm": 2.0820534229278564, "E1_agent3_norm": 1.7061175107955933, "E1_agent4_norm": 2.168400287628174, "E2_agent0_norm": 0.021755581721663475, "E2_agent1_norm": 0.5763893127441406, "E2_agent2_norm": 0.5625093579292297, "E2_agent3_norm": 0.49755969643592834, "E2_agent4_norm": 0.5373745560646057, "E3_agent0_norm": 0.09329047054052353, "E3_agent1_norm": 0.8874547481536865, "E3_agent2_norm": 0.9110347628593445, "E3_agent3_norm": 0.8469576239585876, "E3_agent4_norm": 0.8068007230758667, "E4_agent0_norm": 0.005064538214355707, "E4_agent1_norm": 0.759760856628418, "E4_agent2_norm": 0.7727372646331787, "E4_agent3_norm": 0.71681809425354, "E4_agent4_norm": 0.73825603723526, "E5_agent0_norm": 0.003218097146600485, "E5_agent1_norm": 0.5771841406822205, "E5_agent2_norm": 0.58774334192276, "E5_agent3_norm": 0.5606417655944824, "E5_agent4_norm": 0.5466863512992859, "E6_agent0_norm": 0.07248441874980927, "E6_agent1_norm": 0.4294773042201996, "E6_agent2_norm": 0.43730106949806213, "E6_agent3_norm": 0.43838563561439514, "E6_agent4_norm": 0.39437395334243774, "E7_agent0_norm": 0.0013465509982779622, "E7_agent1_norm": 0.3220060169696808, "E7_agent2_norm": 0.33389806747436523, "E7_agent3_norm": 0.32042157649993896, "E7_agent4_norm": 0.32292377948760986, "E8_agent0_norm": 0.06577976047992706, "E8_agent1_norm": 0.2823386788368225, "E8_agent2_norm": 0.27609044313430786, "E8_agent3_norm": 0.3017701506614685, "E8_agent4_norm": 0.27154257893562317, "E9_agent0_norm": 0.0005329647101461887, "E9_agent1_norm": 0.23939156532287598, "E9_agent2_norm": 0.2561742663383484, "E9_agent3_norm": 0.25885283946990967, "E9_agent4_norm": 0.23499876260757446, "E10_agent0_norm": 0.05957717075943947, "E10_agent1_norm": 0.23067118227481842, "E10_agent2_norm": 0.24210622906684875, "E10_agent3_norm": 0.2531872093677521, "E10_agent4_norm": 0.21952776610851288, "E11_agent0_norm": 0.05772928148508072, "E11_agent1_norm": 0.21794182062149048, "E11_agent2_norm": 0.2191234976053238, "E11_agent3_norm": 0.24201661348342896, "E11_agent4_norm": 0.204511359333992, "E12_agent0_norm": 0.0010611023753881454, "E12_agent1_norm": 0.18823766708374023, "E12_agent2_norm": 0.19760754704475403, "E12_agent3_norm": 0.2175101786851883, "E12_agent4_norm": 0.18667161464691162, "E13_agent0_norm": 0.00017609947826713324, "E13_agent1_norm": 0.15887141227722168, "E13_agent2_norm": 0.1667913943529129, "E13_agent3_norm": 0.16979384422302246, "E13_agent4_norm": 0.1561128795146942, "E14_agent0_norm": 0.045289963483810425, "E14_agent1_norm": 0.13575665652751923, "E14_agent2_norm": 0.13669319450855255, "E14_agent3_norm": 0.14259019494056702, "E14_agent4_norm": 0.13108022511005402, "E15_agent0_norm": 0.0365862175822258, "E15_agent1_norm": 0.10669180750846863, "E15_agent2_norm": 0.10449263453483582, "E15_agent3_norm": 0.1073395162820816, "E15_agent4_norm": 0.09827876836061478, "E16_agent0_norm": 0.03003971464931965, "E16_agent1_norm": 0.07874579727649689, "E16_agent2_norm": 0.07580263167619705, "E16_agent3_norm": 0.0790359303355217, "E16_agent4_norm": 0.07595424354076385, "E17_agent0_norm": 0.02350580506026745, "E17_agent1_norm": 0.05813221633434296, "E17_agent2_norm": 0.056629981845617294, "E17_agent3_norm": 0.059039585292339325, "E17_agent4_norm": 0.055892352014780045, "E18_agent0_norm": 9.390804189024493e-05, "E18_agent1_norm": 0.04203607141971588, "E18_agent2_norm": 0.04056071862578392, "E18_agent3_norm": 0.043510861694812775, "E18_agent4_norm": 0.040496088564395905, "E19_agent0_norm": 1.878206603578292e-05, "E19_agent1_norm": 0.030877307057380676, "E19_agent2_norm": 0.030611198395490646, "E19_agent3_norm": 0.03071925975382328, "E19_agent4_norm": 0.029255224391818047, "E20_agent0_norm": 1.0272739018546417e-05, "E20_agent1_norm": 0.019528476521372795, "E20_agent2_norm": 0.02216748148202896, "E20_agent3_norm": 0.01902228221297264, "E20_agent4_norm": 0.021044233813881874, "E21_agent0_norm": 0.008105120621621609, "E21_agent1_norm": 0.016288911923766136, "E21_agent2_norm": 0.016187923029065132, "E21_agent3_norm": 0.016260895878076553, "E21_agent4_norm": 0.016023440286517143, "E22_agent0_norm": 0.00606303196400404, "E22_agent1_norm": 0.012000476941466331, "E22_agent2_norm": 0.011709246784448624, "E22_agent3_norm": 0.011939648538827896, "E22_agent4_norm": 0.011422071605920792, "E23_agent0_norm": 0.004737350158393383, "E23_agent1_norm": 0.008571228012442589, "E23_agent2_norm": 0.008663119748234749, "E23_agent3_norm": 0.008609678596258163, "E23_agent4_norm": 0.008279277943074703, "E24_agent0_norm": 2.1229677713563433e-06, "E24_agent1_norm": 0.005010287277400494, "E24_agent2_norm": 0.00604692567139864, "E24_agent3_norm": 0.0061873383820056915, "E24_agent4_norm": 0.005913120228797197, "E25_agent0_norm": 1.170579139397887e-06, "E25_agent1_norm": 0.0037312547210603952, "E25_agent2_norm": 0.004362302832305431, "E25_agent3_norm": 0.0036748831626027822, "E25_agent4_norm": 0.004366906825453043, "E26_agent0_norm": 0.0026810423005372286, "E26_agent1_norm": 0.0031677584629505873, "E26_agent2_norm": 0.003127128817141056, "E26_agent3_norm": 0.0031146907713264227, "E26_agent4_norm": 0.0031583295203745365, "E27_agent0_norm": 0.002360397484153509, "E27_agent1_norm": 0.0022829289082437754, "E27_agent2_norm": 0.0022406363859772682, "E27_agent3_norm": 0.0023005937691777945, "E27_agent4_norm": 0.0022326649632304907, "E28_agent0_norm": 4.28756578685352e-07, "E28_agent1_norm": 0.0016285486053675413, "E28_agent2_norm": 0.0016171737806871533, "E28_agent3_norm": 0.0016234110807999969, "E28_agent4_norm": 0.001547683379612863, "E29_agent0_norm": 2.0336887018856942e-07, "E29_agent1_norm": 0.0011492825578898191, "E29_agent2_norm": 0.0011319441255182028, "E29_agent3_norm": 0.001150769297964871, "E29_agent4_norm": 0.0011013045441359282, "E30_agent0_norm": 8.409171670109572e-08, "E30_agent1_norm": 0.0018670072313398123, "E30_agent2_norm": 0.000790436111856252, "E30_agent3_norm": 0.0008031852194108069, "E30_agent4_norm": 0.0007648178725503385, "E31_agent0_norm": 4.112933993383194e-08, "E31_agent1_norm": 0.000584637513384223, "E31_agent2_norm": 0.0018589604878798127, "E31_agent3_norm": 0.0005664857453666627, "E31_agent4_norm": 0.0005335083696991205, "E32_agent0_norm": 1.9123059246339835e-05, "E32_agent1_norm": 0.00040242032264359295, "E32_agent2_norm": 0.00038127778680063784, "E32_agent3_norm": 0.00040066451765596867, "E32_agent4_norm": 0.00039695139275863767, "E33_agent0_norm": 0.001918661524541676, "E33_agent1_norm": 0.0002891237672884017, "E33_agent2_norm": 0.001872432418167591, "E33_agent3_norm": 0.00027853375650011003, "E33_agent4_norm": 0.0018745987908914685, "E34_agent0_norm": 2.2952074019144675e-08, "E34_agent1_norm": 0.001879349467344582, "E34_agent2_norm": 0.00019761687144637108, "E34_agent3_norm": 0.0018800001125782728, "E34_agent4_norm": 0.000198242167243734, "E35_agent0_norm": 0.0019104668172076344, "E35_agent1_norm": 0.00014343469229061157, "E35_agent2_norm": 0.0018879439448937774, "E35_agent3_norm": 0.00013816125283483416, "E35_agent4_norm": 0.0018888985505327582, "E36_agent0_norm": 1.7485283221319037e-09, "E36_agent1_norm": 0.0018930681981146336, "E36_agent2_norm": 9.927951032295823e-05, "E36_agent3_norm": 0.0018929087091237307, "E36_agent4_norm": 9.485287591814995e-05, "E37_agent0_norm": 0.0019084819359704852, "E37_agent1_norm": 6.899975414853543e-05, "E37_agent2_norm": 6.807725003454834e-05, "E37_agent3_norm": 6.852644582977518e-05, "E37_agent4_norm": 6.738412048434839e-05, "E38_agent0_norm": 0.001908144331537187, "E38_agent1_norm": 4.868541145697236e-05, "E38_agent2_norm": 0.0019004381028935313, "E38_agent3_norm": 4.7290337533922866e-05, "E38_agent4_norm": 0.0019008229719474912, "E39_agent0_norm": 2.385456276954301e-09, "E39_agent1_norm": 0.001902258605696261, "E39_agent2_norm": 3.3428779715904966e-05, "E39_agent3_norm": 0.0019023468485102057, "E39_agent4_norm": 3.3271655411226675e-05, "E40_agent0_norm": 0.0019079067278653383, "E40_agent1_norm": 2.4146593204932287e-05,