{"Agent0_Epoch1": 0.2967109680175781, "Agent1_Epoch1": 0.2869241237640381, "Agent2_Epoch1": 0.9931797385215759, "Agent3_Epoch1": 0.9896783232688904, "Agent4_Epoch1": 0.9996694326400757, "Agent0_Epoch2": 0.05478191375732422, "Agent1_Epoch2": 0.2915145754814148, "Agent2_Epoch2": 0.29361218214035034, "Agent3_Epoch2": 0.2961917519569397, "Agent4_Epoch2": 0.2948806881904602, "Agent0_Epoch3": 0.035274386405944824, "Agent1_Epoch3": 0.13826560974121094, "Agent2_Epoch3": 0.1455633044242859, "Agent3_Epoch3": 0.14479756355285645, "Agent4_Epoch3": 0.14561140537261963, "Agent0_Epoch4": 0.024202287197113037, "Agent1_Epoch4": 0.07126307487487793, "Agent2_Epoch4": 0.07645308971405029, "Agent3_Epoch4": 0.07408225536346436, "Agent4_Epoch4": 0.07550960779190063, "Agent0_Epoch5": 0.016872882843017578, "Agent1_Epoch5": 0.039530038833618164, "Agent2_Epoch5": 0.04160588979721069, "Agent3_Epoch5": 0.042021334171295166, "Agent4_Epoch5": 0.04172682762145996, "Agent0_Epoch6": 0.01194155216217041, "Agent1_Epoch6": 0.023512959480285645, "Agent2_Epoch6": 0.024757564067840576, "Agent3_Epoch6": 0.024306416511535645, "Agent4_Epoch6": 0.02403390407562256, "Agent0_Epoch7": 0.008683383464813232, "Agent1_Epoch7": 0.014897406101226807, "Agent2_Epoch7": 0.015348553657531738, "Agent3_Epoch7": 0.015584766864776611, "Agent4_Epoch7": 0.01563495397567749, "Agent0_Epoch8": 0.006618857383728027, "Agent1_Epoch8": 0.010201513767242432, "Agent2_Epoch8": 0.010087192058563232, "Agent3_Epoch8": 0.010004878044128418, "Agent4_Epoch8": 0.01028662919998169, "Agent0_Epoch9": 0.005078017711639404, "Agent1_Epoch9": 0.0071950554847717285, "Agent2_Epoch9": 0.0071032047271728516, "Agent3_Epoch9": 0.007097065448760986, "Agent4_Epoch9": 0.007192015647888184, "Agent0_Epoch10": 0.004037797451019287, "Agent1_Epoch10": 0.005356013774871826, "Agent2_Epoch10": 0.005319416522979736, "Agent3_Epoch10": 0.005213916301727295, "Agent4_Epoch10": 0.005314052104949951, "Agent0_Epoch11": 0.003292381763458252, "Agent1_Epoch11": 0.004144787788391113, "Agent2_Epoch11": 0.004159867763519287, "Agent3_Epoch11": 0.0039746761322021484, "Agent4_Epoch11": 0.004048824310302734, "Agent0_Epoch12": 0.0026909708976745605, "Agent1_Epoch12": 0.0032491683959960938, "Agent2_Epoch12": 0.0032477974891662598, "Agent3_Epoch12": 0.0031341910362243652, "Agent4_Epoch12": 0.003174424171447754, "Agent0_Epoch13": 0.002161681652069092, "Agent1_Epoch13": 0.002524137496948242, "Agent2_Epoch13": 0.0025488734245300293, "Agent3_Epoch13": 0.0024336576461791992, "Agent4_Epoch13": 0.002477109432220459, "Agent0_Epoch14": 0.0017046332359313965, "Agent1_Epoch14": 0.0019368529319763184, "Agent2_Epoch14": 0.0019729137420654297, "Agent3_Epoch14": 0.0018631219863891602, "Agent4_Epoch14": 0.0019352436065673828, "Agent0_Epoch15": 0.0013073086738586426, "Agent1_Epoch15": 0.0014527440071105957, "Agent2_Epoch15": 0.0014725327491760254, "Agent3_Epoch15": 0.001413106918334961, "Agent4_Epoch15": 0.00143355131149292, "Agent0_Epoch16": 0.0009679198265075684, "Agent1_Epoch16": 0.0010563135147094727, "Agent2_Epoch16": 0.0010767579078674316, "Agent3_Epoch16": 0.0010429620742797852, "Agent4_Epoch16": 0.0010550618171691895, "Agent0_Epoch17": 0.0007044076919555664, "Agent1_Epoch17": 0.0007569789886474609, "Agent2_Epoch17": 0.0007637739181518555, "Agent3_Epoch17": 0.0007491111755371094, "Agent4_Epoch17": 0.0007525086402893066, "Agent0_Epoch18": 0.0004992485046386719, "Agent1_Epoch18": 0.0005297660827636719, "Agent2_Epoch18": 0.0005421042442321777, "Agent3_Epoch18": 0.0005313754081726074, "Agent4_Epoch18": 0.0005356073379516602, "Agent0_Epoch19": 0.0003533363342285156, "Agent1_Epoch19": 0.00037103891372680664, "Agent2_Epoch19": 0.0003707408905029297, "Agent3_Epoch19": 0.0003676414489746094, "Agent4_Epoch19": 0.00036913156509399414, "Agent0_Epoch20": 0.00024563074111938477, "Agent1_Epoch20": 0.0002554655075073242, "Agent2_Epoch20": 0.0002556443214416504, "Agent3_Epoch20": 0.0002544522285461426, "Agent4_Epoch20": 0.0002555251121520996, "Agent0_Epoch21": 0.0001690387725830078, "Agent1_Epoch21": 0.0001748204231262207, "Agent2_Epoch21": 0.00017577409744262695, "Agent3_Epoch21": 0.00017434358596801758, "Agent4_Epoch21": 0.00017523765563964844, "Agent0_Epoch22": 0.00011557340621948242, "Agent1_Epoch22": 0.00011873245239257812, "Agent2_Epoch22": 0.0001188516616821289, "Agent3_Epoch22": 0.00011843442916870117, "Agent4_Epoch22": 0.00011903047561645508, "Agent0_Epoch23": 7.826089859008789e-05, "Agent1_Epoch23": 8.0108642578125e-05, "Agent2_Epoch23": 8.058547973632812e-05, "Agent3_Epoch23": 8.034706115722656e-05, "Agent4_Epoch23": 8.016824722290039e-05, "Agent0_Epoch24": 5.2809715270996094e-05, "Agent1_Epoch24": 5.3763389587402344e-05, "Agent2_Epoch24": 5.40614128112793e-05, "Agent3_Epoch24": 5.358457565307617e-05, "Agent4_Epoch24": 5.40614128112793e-05, "Agent0_Epoch25": 3.534555435180664e-05, "Agent1_Epoch25": 3.600120544433594e-05, "Agent2_Epoch25": 3.618001937866211e-05, "Agent3_Epoch25": 3.5822391510009766e-05, "Agent4_Epoch25": 3.600120544433594e-05, "Agent0_Epoch26": 2.3424625396728516e-05, "Agent1_Epoch26": 2.378225326538086e-05, "Agent2_Epoch26": 2.396106719970703e-05, "Agent3_Epoch26": 2.378225326538086e-05, "Agent4_Epoch26": 2.4080276489257812e-05, "Agent0_Epoch27": 1.537799835205078e-05, "Agent1_Epoch27": 1.5735626220703125e-05, "Agent2_Epoch27": 1.5735626220703125e-05, "Agent3_Epoch27": 1.5676021575927734e-05, "Agent4_Epoch27": 1.5854835510253906e-05, "Agent0_Epoch28": 1.0371208190917969e-05, "Agent1_Epoch28": 1.043081283569336e-05, "Agent2_Epoch28": 1.043081283569336e-05, "Agent3_Epoch28": 1.043081283569336e-05, "Agent4_Epoch28": 1.049041748046875e-05, "Agent0_Epoch29": 6.794929504394531e-06, "Agent1_Epoch29": 6.794929504394531e-06, "Agent2_Epoch29": 6.735324859619141e-06, "Agent3_Epoch29": 6.794929504394531e-06, "Agent4_Epoch29": 6.9141387939453125e-06, "Agent0_Epoch30": 4.410743713378906e-06, "Agent1_Epoch30": 4.470348358154297e-06, "Agent2_Epoch30": 4.470348358154297e-06, "Agent3_Epoch30": 4.470348358154297e-06, "Agent4_Epoch30": 4.5299530029296875e-06, "Agent0_Epoch31": 3.039836883544922e-06, "Agent1_Epoch31": 2.9206275939941406e-06, "Agent2_Epoch31": 3.039836883544922e-06, "Agent3_Epoch31": 2.9206275939941406e-06, "Agent4_Epoch31": 3.039836883544922e-06, "Agent0_Epoch32": 1.9073486328125e-06, "Agent1_Epoch32": 1.9073486328125e-06, "Agent2_Epoch32": 1.9073486328125e-06, "Agent3_Epoch32": 1.9073486328125e-06, "Agent4_Epoch32": 1.9073486328125e-06, "Agent0_Epoch33": 1.1324882507324219e-06, "Agent1_Epoch33": 1.1324882507324219e-06, "Agent2_Epoch33": 1.0132789611816406e-06, "Agent3_Epoch33": 1.1324882507324219e-06, "Agent4_Epoch33": 1.1324882507324219e-06, "Agent0_Epoch34": 7.748603820800781e-07, "Agent1_Epoch34": 7.748603820800781e-07, "Agent2_Epoch34": 7.748603820800781e-07, "Agent3_Epoch34": 6.556510925292969e-07, "Agent4_Epoch34": 7.748603820800781e-07, "Agent0_Epoch35": 4.76837158203125e-07, "Agent1_Epoch35": 4.76837158203125e-07, "Agent2_Epoch35": 4.76837158203125e-07, "Agent3_Epoch35": 4.76837158203125e-07, "Agent4_Epoch35": 4.76837158203125e-07, "Agent0_Epoch36": 3.5762786865234375e-07, "Agent1_Epoch36": 1.7881393432617188e-07, "Agent2_Epoch36": 1.7881393432617188e-07, "Agent3_Epoch36": 1.7881393432617188e-07, "Agent4_Epoch36": 2.980232238769531e-07, "Agent0_Epoch37": 1.7881393432617188e-07, "Agent1_Epoch37": 1.7881393432617188e-07, "Agent2_Epoch37": 1.7881393432617188e-07, "Agent3_Epoch37": 1.1920928955078125e-07, "Agent4_Epoch37": 1.7881393432617188e-07, "Agent0_Epoch38": 1.1920928955078125e-07, "Agent1_Epoch38": 1.7881393432617188e-07, "Agent2_Epoch38": 1.7881393432617188e-07, "Agent3_Epoch38": 1.7881393432617188e-07, "Agent4_Epoch38": 1.7881393432617188e-07, "Agent0_Epoch39": 1.1920928955078125e-07, "Agent1_Epoch39": 1.1920928955078125e-07, "Agent2_Epoch39": 1.1920928955078125e-07, "Agent3_Epoch39": 1.1920928955078125e-07, "Agent4_Epoch39": 0.0, "Agent0_Epoch40": 0.0, "Agent1_Epoch40": -1.1920928955078125e-07, "Agent2_Epoch40": -1.1920928955078125e-07, "Agent3_Epoch40": 0.0,