{"Agent0_Epoch1": 0.29368454217910767, "Agent1_Epoch1": 0.29304683208465576, "Agent2_Epoch1": 0.9954851269721985, "Agent3_Epoch1": 0.99586421251297, "Agent4_Epoch1": 0.9985643029212952, "Agent0_Epoch2": 0.05517590045928955, "Agent1_Epoch2": 0.29125046730041504, "Agent2_Epoch2": 0.29458051919937134, "Agent3_Epoch2": 0.29394668340682983, "Agent4_Epoch2": 0.29393965005874634, "Agent0_Epoch3": 0.03453487157821655, "Agent1_Epoch3": 0.13801509141921997, "Agent2_Epoch3": 0.14146029949188232, "Agent3_Epoch3": 0.14581084251403809, "Agent4_Epoch3": 0.14214086532592773, "Agent0_Epoch4": 0.02311885356903076, "Agent1_Epoch4": 0.0692477822303772, "Agent2_Epoch4": 0.071505606174469, "Agent3_Epoch4": 0.07245087623596191, "Agent4_Epoch4": 0.07469809055328369, "Agent0_Epoch5": 0.01601773500442505, "Agent1_Epoch5": 0.0378650426864624, "Agent2_Epoch5": 0.03931427001953125, "Agent3_Epoch5": 0.0404353141784668, "Agent4_Epoch5": 0.03879904747009277, "Agent0_Epoch6": 0.011275649070739746, "Agent1_Epoch6": 0.02232903242111206, "Agent2_Epoch6": 0.022659003734588623, "Agent3_Epoch6": 0.02300053834915161, "Agent4_Epoch6": 0.02304089069366455, "Agent0_Epoch7": 0.008214175701141357, "Agent1_Epoch7": 0.014139115810394287, "Agent2_Epoch7": 0.014342904090881348, "Agent3_Epoch7": 0.014528632164001465, "Agent4_Epoch7": 0.014321744441986084, "Agent0_Epoch8": 0.006077408790588379, "Agent1_Epoch8": 0.009385406970977783, "Agent2_Epoch8": 0.009693384170532227, "Agent3_Epoch8": 0.00964289903640747, "Agent4_Epoch8": 0.00947272777557373, "Agent0_Epoch9": 0.004765212535858154, "Agent1_Epoch9": 0.0067574381828308105, "Agent2_Epoch9": 0.0066245198249816895, "Agent3_Epoch9": 0.006618916988372803, "Agent4_Epoch9": 0.006596744060516357, "Agent0_Epoch10": 0.0037847161293029785, "Agent1_Epoch10": 0.005020022392272949, "Agent2_Epoch10": 0.004866659641265869, "Agent3_Epoch10": 0.004915058612823486, "Agent4_Epoch10": 0.004927277565002441, "Agent0_Epoch11": 0.0030548572540283203, "Agent1_Epoch11": 0.0038433074951171875, "Agent2_Epoch11": 0.003819108009338379, "Agent3_Epoch11": 0.0036893486976623535, "Agent4_Epoch11": 0.003730595111846924, "Agent0_Epoch12": 0.0024685263633728027, "Agent1_Epoch12": 0.0029778480529785156, "Agent2_Epoch12": 0.0029274821281433105, "Agent3_Epoch12": 0.0029039382934570312, "Agent4_Epoch12": 0.00291287899017334, "Agent0_Epoch13": 0.001981079578399658, "Agent1_Epoch13": 0.002310454845428467, "Agent2_Epoch13": 0.002242743968963623, "Agent3_Epoch13": 0.002264559268951416, "Agent4_Epoch13": 0.0022589564323425293, "Agent0_Epoch14": 0.001552283763885498, "Agent1_Epoch14": 0.0017613768577575684, "Agent2_Epoch14": 0.0017383694648742676, "Agent3_Epoch14": 0.0017243027687072754, "Agent4_Epoch14": 0.0017601251602172852, "Agent0_Epoch15": 0.001185774803161621, "Agent1_Epoch15": 0.0013158917427062988, "Agent2_Epoch15": 0.0013129711151123047, "Agent3_Epoch15": 0.0012963414192199707, "Agent4_Epoch15": 0.001322031021118164, "Agent0_Epoch16": 0.000884711742401123, "Agent1_Epoch16": 0.0009639859199523926, "Agent2_Epoch16": 0.0009571313858032227, "Agent3_Epoch16": 0.0009484291076660156, "Agent4_Epoch16": 0.0009642839431762695, "Agent0_Epoch17": 0.0006448626518249512, "Agent1_Epoch17": 0.0006921887397766113, "Agent2_Epoch17": 0.0006927251815795898, "Agent3_Epoch17": 0.0006873607635498047, "Agent4_Epoch17": 0.0006941556930541992, "Agent0_Epoch18": 0.00046199560165405273, "Agent1_Epoch18": 0.0004895329475402832, "Agent2_Epoch18": 0.0004914999008178711, "Agent3_Epoch18": 0.0004898309707641602, "Agent4_Epoch18": 0.0004926323890686035, "Agent0_Epoch19": 0.00032633543014526367, "Agent1_Epoch19": 0.00034236907958984375, "Agent2_Epoch19": 0.0003414750099182129, "Agent3_Epoch19": 0.0003427267074584961, "Agent4_Epoch19": 0.0003440976142883301, "Agent0_Epoch20": 0.00022792816162109375, "Agent1_Epoch20": 0.00023698806762695312, "Agent2_Epoch20": 0.00023597478866577148, "Agent3_Epoch20": 0.00023674964904785156, "Agent4_Epoch20": 0.00023651123046875, "Agent0_Epoch21": 0.00015729665756225586, "Agent1_Epoch21": 0.0001621842384338379, "Agent2_Epoch21": 0.00016134977340698242, "Agent3_Epoch21": 0.00016134977340698242, "Agent4_Epoch21": 0.0001627802848815918, "Agent0_Epoch22": 0.0001074075698852539, "Agent1_Epoch22": 0.00011032819747924805, "Agent2_Epoch22": 0.00011050701141357422, "Agent3_Epoch22": 0.00011020898818969727, "Agent4_Epoch22": 0.00011032819747924805, "Agent0_Epoch23": 7.277727127075195e-05, "Agent1_Epoch23": 7.450580596923828e-05, "Agent2_Epoch23": 7.444620132446289e-05, "Agent3_Epoch23": 7.432699203491211e-05, "Agent4_Epoch23": 7.426738739013672e-05, "Agent0_Epoch24": 4.9114227294921875e-05, "Agent1_Epoch24": 4.988908767700195e-05, "Agent2_Epoch24": 5.0008296966552734e-05, "Agent3_Epoch24": 5.0187110900878906e-05, "Agent4_Epoch24": 5.030632019042969e-05, "Agent0_Epoch25": 3.2961368560791016e-05, "Agent1_Epoch25": 3.337860107421875e-05, "Agent2_Epoch25": 3.337860107421875e-05, "Agent3_Epoch25": 3.331899642944336e-05, "Agent4_Epoch25": 3.331899642944336e-05, "Agent0_Epoch26": 2.199411392211914e-05, "Agent1_Epoch26": 2.2232532501220703e-05, "Agent2_Epoch26": 2.2232532501220703e-05, "Agent3_Epoch26": 2.2113323211669922e-05, "Agent4_Epoch26": 2.2113323211669922e-05, "Agent0_Epoch27": 1.4543533325195312e-05, "Agent1_Epoch27": 1.4662742614746094e-05, "Agent2_Epoch27": 1.4722347259521484e-05, "Agent3_Epoch27": 1.4722347259521484e-05, "Agent4_Epoch27": 1.4722347259521484e-05, "Agent0_Epoch28": 9.5367431640625e-06, "Agent1_Epoch28": 9.59634780883789e-06, "Agent2_Epoch28": 9.59634780883789e-06, "Agent3_Epoch28": 9.59634780883789e-06, "Agent4_Epoch28": 9.655952453613281e-06, "Agent0_Epoch29": 6.318092346191406e-06, "Agent1_Epoch29": 6.4373016357421875e-06, "Agent2_Epoch29": 6.4373016357421875e-06, "Agent3_Epoch29": 6.318092346191406e-06, "Agent4_Epoch29": 6.318092346191406e-06, "Agent0_Epoch30": 4.172325134277344e-06, "Agent1_Epoch30": 4.112720489501953e-06, "Agent2_Epoch30": 4.172325134277344e-06, "Agent3_Epoch30": 4.112720489501953e-06, "Agent4_Epoch30": 4.112720489501953e-06, "Agent0_Epoch31": 2.8014183044433594e-06, "Agent1_Epoch31": 2.8014183044433594e-06, "Agent2_Epoch31": 2.8014183044433594e-06, "Agent3_Epoch31": 2.682209014892578e-06, "Agent4_Epoch31": 2.682209014892578e-06, "Agent0_Epoch32": 1.6689300537109375e-06, "Agent1_Epoch32": 1.7881393432617188e-06, "Agent2_Epoch32": 1.7881393432617188e-06, "Agent3_Epoch32": 1.7881393432617188e-06, "Agent4_Epoch32": 1.8477439880371094e-06, "Agent0_Epoch33": 1.1920928955078125e-06, "Agent1_Epoch33": 1.1920928955078125e-06, "Agent2_Epoch33": 1.1324882507324219e-06, "Agent3_Epoch33": 1.1324882507324219e-06, "Agent4_Epoch33": 1.1324882507324219e-06, "Agent0_Epoch34": 7.152557373046875e-07, "Agent1_Epoch34": 7.152557373046875e-07, "Agent2_Epoch34": 7.152557373046875e-07, "Agent3_Epoch34": 8.344650268554688e-07, "Agent4_Epoch34": 8.344650268554688e-07, "Agent0_Epoch35": 4.76837158203125e-07, "Agent1_Epoch35": 5.364418029785156e-07, "Agent2_Epoch35": 5.364418029785156e-07, "Agent3_Epoch35": 5.364418029785156e-07, "Agent4_Epoch35": 5.364418029785156e-07, "Agent0_Epoch36": 2.980232238769531e-07, "Agent1_Epoch36": 2.980232238769531e-07, "Agent2_Epoch36": 3.5762786865234375e-07, "Agent3_Epoch36": 3.5762786865234375e-07, "Agent4_Epoch36": 2.980232238769531e-07, "Agent0_Epoch37": 1.7881393432617188e-07, "Agent1_Epoch37": 1.1920928955078125e-07, "Agent2_Epoch37": 1.1920928955078125e-07, "Agent3_Epoch37": 1.1920928955078125e-07, "Agent4_Epoch37": 1.1920928955078125e-07, "Agent0_Epoch38": 2.980232238769531e-07, "Agent1_Epoch38": 1.7881393432617188e-07, "Agent2_Epoch38": 1.1920928955078125e-07, "Agent3_Epoch38": 1.7881393432617188e-07, "Agent4_Epoch38": 1.7881393432617188e-07, "Agent0_Epoch39": 1.1920928955078125e-07, "Agent1_Epoch39": 1.7881393432617188e-07, "Agent2_Epoch39": 1.1920928955078125e-07, "Agent3_Epoch39": 1.1920928955078125e-07, "Agent4_Epoch39": 0.0, "Agent0_Epoch40": 1.1920928955078125e-07, "Agent1_Epoch40": 1.1920928955078125e-07,