{"Agent0_Epoch1": 0.29524779319763184, "Agent1_Epoch1": 0.2959035634994507, "Agent2_Epoch1": 0.9882165193557739, "Agent3_Epoch1": 0.9909079074859619, "Agent4_Epoch1": 0.9972624182701111, "Agent0_Epoch2": 0.05204230546951294, "Agent1_Epoch2": 0.29005563259124756, "Agent2_Epoch2": 0.2907015085220337, "Agent3_Epoch2": 0.29065489768981934, "Agent4_Epoch2": 0.2908972501754761, "Agent0_Epoch3": 0.02953791618347168, "Agent1_Epoch3": 0.12586277723312378, "Agent2_Epoch3": 0.1257498860359192, "Agent3_Epoch3": 0.12514156103134155, "Agent4_Epoch3": 0.12450921535491943, "Agent0_Epoch4": 0.019092917442321777, "Agent1_Epoch4": 0.05950140953063965, "Agent2_Epoch4": 0.05988830327987671, "Agent3_Epoch4": 0.060678839683532715, "Agent4_Epoch4": 0.05975550413131714, "Agent0_Epoch5": 0.013217568397521973, "Agent1_Epoch5": 0.032060205936431885, "Agent2_Epoch5": 0.032917320728302, "Agent3_Epoch5": 0.03354299068450928, "Agent4_Epoch5": 0.0328974723815918, "Agent0_Epoch6": 0.009540200233459473, "Agent1_Epoch6": 0.01908695697784424, "Agent2_Epoch6": 0.019603252410888672, "Agent3_Epoch6": 0.020004451274871826, "Agent4_Epoch6": 0.019313573837280273, "Agent0_Epoch7": 0.006982922554016113, "Agent1_Epoch7": 0.01206660270690918, "Agent2_Epoch7": 0.01238161325454712, "Agent3_Epoch7": 0.012344837188720703, "Agent4_Epoch7": 0.012011408805847168, "Agent0_Epoch8": 0.005198001861572266, "Agent1_Epoch8": 0.008036434650421143, "Agent2_Epoch8": 0.00841069221496582, "Agent3_Epoch8": 0.008249044418334961, "Agent4_Epoch8": 0.007984399795532227, "Agent0_Epoch9": 0.003981947898864746, "Agent1_Epoch9": 0.005645155906677246, "Agent2_Epoch9": 0.006053030490875244, "Agent3_Epoch9": 0.005837500095367432, "Agent4_Epoch9": 0.005637168884277344, "Agent0_Epoch10": 0.0031739473342895508, "Agent1_Epoch10": 0.004206299781799316, "Agent2_Epoch10": 0.0043738484382629395, "Agent3_Epoch10": 0.004202842712402344, "Agent4_Epoch10": 0.004141509532928467, "Agent0_Epoch11": 0.0025574564933776855, "Agent1_Epoch11": 0.00321352481842041, "Agent2_Epoch11": 0.0033972859382629395, "Agent3_Epoch11": 0.0032501816749572754, "Agent4_Epoch11": 0.003167390823364258, "Agent0_Epoch12": 0.0021017789840698242, "Agent1_Epoch12": 0.002531766891479492, "Agent2_Epoch12": 0.0026476383209228516, "Agent3_Epoch12": 0.0025458335876464844, "Agent4_Epoch12": 0.0024477243423461914, "Agent0_Epoch13": 0.0017035603523254395, "Agent1_Epoch13": 0.001983821392059326, "Agent2_Epoch13": 0.0020792484283447266, "Agent3_Epoch13": 0.002013981342315674, "Agent4_Epoch13": 0.0019460320472717285, "Agent0_Epoch14": 0.0013689994812011719, "Agent1_Epoch14": 0.0015514492988586426, "Agent2_Epoch14": 0.0015946030616760254, "Agent3_Epoch14": 0.001560509204864502, "Agent4_Epoch14": 0.0015351176261901855, "Agent0_Epoch15": 0.0010734796524047852, "Agent1_Epoch15": 0.0011900663375854492, "Agent2_Epoch15": 0.001187145709991455, "Agent3_Epoch15": 0.0011906623840332031, "Agent4_Epoch15": 0.001174628734588623, "Agent0_Epoch16": 0.000811159610748291, "Agent1_Epoch16": 0.0008828639984130859, "Agent2_Epoch16": 0.0008949637413024902, "Agent3_Epoch16": 0.0008897185325622559, "Agent4_Epoch16": 0.0008933544158935547, "Agent0_Epoch17": 0.0006006360054016113, "Agent1_Epoch17": 0.0006440281867980957, "Agent2_Epoch17": 0.0006504058837890625, "Agent3_Epoch17": 0.0006538033485412598, "Agent4_Epoch17": 0.0006499886512756348, "Agent0_Epoch18": 0.0004374384880065918, "Agent1_Epoch18": 0.0004634261131286621, "Agent2_Epoch18": 0.000466763973236084, "Agent3_Epoch18": 0.0004659891128540039, "Agent4_Epoch18": 0.0004652738571166992, "Agent0_Epoch19": 0.0003122091293334961, "Agent1_Epoch19": 0.00032722949981689453, "Agent2_Epoch19": 0.00033211708068847656, "Agent3_Epoch19": 0.00033015012741088867, "Agent4_Epoch19": 0.0003299117088317871, "Agent0_Epoch20": 0.00021988153457641602, "Agent1_Epoch20": 0.00022852420806884766, "Agent2_Epoch20": 0.00023102760314941406, "Agent3_Epoch20": 0.00023156404495239258, "Agent4_Epoch20": 0.00023090839385986328, "Agent0_Epoch21": 0.00015360116958618164, "Agent1_Epoch21": 0.00015866756439208984, "Agent2_Epoch21": 0.00015866756439208984, "Agent3_Epoch21": 0.00015914440155029297, "Agent4_Epoch21": 0.00015848875045776367, "Agent0_Epoch22": 0.00010579824447631836, "Agent1_Epoch22": 0.00010859966278076172, "Agent2_Epoch22": 0.00010925531387329102, "Agent3_Epoch22": 0.00010889768600463867, "Agent4_Epoch22": 0.00010848045349121094, "Agent0_Epoch23": 7.230043411254883e-05, "Agent1_Epoch23": 7.37309455871582e-05, "Agent2_Epoch23": 7.402896881103516e-05, "Agent3_Epoch23": 7.402896881103516e-05, "Agent4_Epoch23": 7.402896881103516e-05, "Agent0_Epoch24": 4.8995018005371094e-05, "Agent1_Epoch24": 4.982948303222656e-05, "Agent2_Epoch24": 5.0067901611328125e-05, "Agent3_Epoch24": 5.0067901611328125e-05, "Agent4_Epoch24": 4.988908767700195e-05, "Agent0_Epoch25": 3.3020973205566406e-05, "Agent1_Epoch25": 3.331899642944336e-05, "Agent2_Epoch25": 3.343820571899414e-05, "Agent3_Epoch25": 3.343820571899414e-05, "Agent4_Epoch25": 3.343820571899414e-05, "Agent0_Epoch26": 2.205371856689453e-05, "Agent1_Epoch26": 2.2351741790771484e-05, "Agent2_Epoch26": 2.2351741790771484e-05, "Agent3_Epoch26": 2.2292137145996094e-05, "Agent4_Epoch26": 2.2292137145996094e-05, "Agent0_Epoch27": 1.4722347259521484e-05, "Agent1_Epoch27": 1.4781951904296875e-05, "Agent2_Epoch27": 1.4781951904296875e-05, "Agent3_Epoch27": 1.4781951904296875e-05, "Agent4_Epoch27": 1.4781951904296875e-05, "Agent0_Epoch28": 9.5367431640625e-06, "Agent1_Epoch28": 9.655952453613281e-06, "Agent2_Epoch28": 9.775161743164062e-06, "Agent3_Epoch28": 9.775161743164062e-06, "Agent4_Epoch28": 9.655952453613281e-06, "Agent0_Epoch29": 6.377696990966797e-06, "Agent1_Epoch29": 6.377696990966797e-06, "Agent2_Epoch29": 6.496906280517578e-06, "Agent3_Epoch29": 6.496906280517578e-06, "Agent4_Epoch29": 6.496906280517578e-06, "Agent0_Epoch30": 4.231929779052734e-06, "Agent1_Epoch30": 4.291534423828125e-06, "Agent2_Epoch30": 4.291534423828125e-06, "Agent3_Epoch30": 4.291534423828125e-06, "Agent4_Epoch30": 4.291534423828125e-06, "Agent0_Epoch31": 2.8014183044433594e-06, "Agent1_Epoch31": 2.86102294921875e-06, "Agent2_Epoch31": 2.8014183044433594e-06, "Agent3_Epoch31": 2.86102294921875e-06, "Agent4_Epoch31": 2.8014183044433594e-06, "Agent0_Epoch32": 1.8477439880371094e-06, "Agent1_Epoch32": 1.7881393432617188e-06, "Agent2_Epoch32": 1.7881393432617188e-06, "Agent3_Epoch32": 1.7881393432617188e-06, "Agent4_Epoch32": 1.8477439880371094e-06, "Agent0_Epoch33": 1.1920928955078125e-06, "Agent1_Epoch33": 1.1324882507324219e-06, "Agent2_Epoch33": 1.1920928955078125e-06, "Agent3_Epoch33": 1.1920928955078125e-06, "Agent4_Epoch33": 1.1324882507324219e-06, "Agent0_Epoch34": 7.152557373046875e-07, "Agent1_Epoch34": 7.152557373046875e-07, "Agent2_Epoch34": 8.344650268554688e-07, "Agent3_Epoch34": 8.344650268554688e-07, "Agent4_Epoch34": 8.344650268554688e-07, "Agent0_Epoch35": 5.364418029785156e-07, "Agent1_Epoch35": 5.364418029785156e-07, "Agent2_Epoch35": 4.76837158203125e-07, "Agent3_Epoch35": 6.556510925292969e-07, "Agent4_Epoch35": 4.76837158203125e-07, "Agent0_Epoch36": 3.5762786865234375e-07, "Agent1_Epoch36": 3.5762786865234375e-07, "Agent2_Epoch36": 3.5762786865234375e-07, "Agent3_Epoch36": 3.5762786865234375e-07, "Agent4_Epoch36": 1.7881393432617188e-07, "Agent0_Epoch37": 2.980232238769531e-07, "Agent1_Epoch37": 1.7881393432617188e-07, "Agent2_Epoch37": 1.7881393432617188e-07, "Agent3_Epoch37": 1.7881393432617188e-07, "Agent4_Epoch37": 1.1920928955078125e-07, "Agent0_Epoch38": 1.7881393432617188e-07, "Agent1_Epoch38": 1.1920928955078125e-07, "Agent2_Epoch38": 1.7881393432617188e-07, "Agent3_Epoch38": 1.7881393432617188e-07, "Agent4_Epoch38": 1.1920928955078125e-07, "Agent0_Epoch39": 1.1920928955078125e-07, "Agent1_Epoch39": 1.1920928955078125e-07, "Agent2_Epoch39": 1.1920928955078125e-07, "Agent3_Epoch39": 1.1920928955078125e-07, "Agent4_Epoch39": 0.0, "Agent0_Epoch40": 1.7881393432617188e-07, "Agent1_Epoch40": 1.1920928955078125e-07,