{"E1_agent0_norm": 1.8066786527633667, "E1_agent1_norm": 2.0964837074279785, "E1_agent2_norm": 2.203916311264038, "E1_agent3_norm": 2.047281265258789, "E1_agent4_norm": 2.2290964126586914, "E2_agent0_norm": 0.04608118534088135, "E2_agent1_norm": 0.5122883319854736, "E2_agent2_norm": 0.5025685429573059, "E2_agent3_norm": 0.5133699774742126, "E2_agent4_norm": 0.42693012952804565, "E3_agent0_norm": 0.00917007401585579, "E3_agent1_norm": 0.8072994947433472, "E3_agent2_norm": 0.7557229399681091, "E3_agent3_norm": 0.8220123052597046, "E3_agent4_norm": 0.7614254355430603, "E4_agent0_norm": 0.005885794293135405, "E4_agent1_norm": 0.7673161625862122, "E4_agent2_norm": 0.7823547720909119, "E4_agent3_norm": 0.7853580713272095, "E4_agent4_norm": 0.6998605132102966, "E5_agent0_norm": 0.08780737966299057, "E5_agent1_norm": 0.575573742389679, "E5_agent2_norm": 0.5595710873603821, "E5_agent3_norm": 0.5776550769805908, "E5_agent4_norm": 0.5766564011573792, "E6_agent0_norm": 0.002717878669500351, "E6_agent1_norm": 0.44348999857902527, "E6_agent2_norm": 0.4463082253932953, "E6_agent3_norm": 0.44741207361221313, "E6_agent4_norm": 0.43237021565437317, "E7_agent0_norm": 0.072688028216362, "E7_agent1_norm": 0.36420831084251404, "E7_agent2_norm": 0.3329911530017853, "E7_agent3_norm": 0.3543415367603302, "E7_agent4_norm": 0.3517310321331024, "E8_agent0_norm": 0.0008198574068956077, "E8_agent1_norm": 0.3038603365421295, "E8_agent2_norm": 0.2940756678581238, "E8_agent3_norm": 0.31362977623939514, "E8_agent4_norm": 0.2937523126602173, "E9_agent0_norm": 0.06599214673042297, "E9_agent1_norm": 0.2780000567436218, "E9_agent2_norm": 0.2484813779592514, "E9_agent3_norm": 0.289555162191391, "E9_agent4_norm": 0.24857597053050995, "E10_agent0_norm": 0.00041536218486726284, "E10_agent1_norm": 0.2380390167236328, "E10_agent2_norm": 0.23425330221652985, "E10_agent3_norm": 0.24729742109775543, "E10_agent4_norm": 0.23956403136253357, "E11_agent0_norm": 0.06442298740148544, "E11_agent1_norm": 0.2272600531578064, "E11_agent2_norm": 0.21287083625793457, "E11_agent3_norm": 0.25120651721954346, "E11_agent4_norm": 0.21498523652553558, "E12_agent0_norm": 0.00020655120897572488, "E12_agent1_norm": 0.18546004593372345, "E12_agent2_norm": 0.19596712291240692, "E12_agent3_norm": 0.2221146672964096, "E12_agent4_norm": 0.19706480205059052, "E13_agent0_norm": 0.05362451449036598, "E13_agent1_norm": 0.16709712147712708, "E13_agent2_norm": 0.17081907391548157, "E13_agent3_norm": 0.1904795914888382, "E13_agent4_norm": 0.1640653908252716, "E14_agent0_norm": 0.002671710215508938, "E14_agent1_norm": 0.13697366416454315, "E14_agent2_norm": 0.13818415999412537, "E14_agent3_norm": 0.1530245691537857, "E14_agent4_norm": 0.1342650204896927, "E15_agent0_norm": 6.82438985677436e-05, "E15_agent1_norm": 0.08649991452693939, "E15_agent2_norm": 0.10550664365291595, "E15_agent3_norm": 0.09584623575210571, "E15_agent4_norm": 0.10570821166038513, "E16_agent0_norm": 6.15751778241247e-05, "E16_agent1_norm": 0.06230408698320389, "E16_agent2_norm": 0.08099920302629471, "E16_agent3_norm": 0.06976234912872314, "E16_agent4_norm": 0.0756777822971344, "E17_agent0_norm": 0.03238161653280258, "E17_agent1_norm": 0.05850330367684364, "E17_agent2_norm": 0.04441298916935921, "E17_agent3_norm": 0.06494233012199402, "E17_agent4_norm": 0.045529816299676895, "E18_agent0_norm": 1.7761527487891726e-05, "E18_agent1_norm": 0.0324191078543663, "E18_agent2_norm": 0.042021241039037704, "E18_agent3_norm": 0.03566145524382591, "E18_agent4_norm": 0.04218200594186783, "E19_agent0_norm": 0.002525580581277609, "E19_agent1_norm": 0.031290486454963684, "E19_agent2_norm": 0.030067376792430878, "E19_agent3_norm": 0.0335734486579895, "E19_agent4_norm": 0.029268797487020493, "E20_agent0_norm": 8.250089194916654e-06, "E20_agent1_norm": 0.023053642362356186, "E20_agent2_norm": 0.0230264812707901, "E20_agent3_norm": 0.024416891857981682, "E20_agent4_norm": 0.022981952875852585, "E21_agent0_norm": 0.009009964764118195, "E21_agent1_norm": 0.016942692920565605, "E21_agent2_norm": 0.012659244239330292, "E21_agent3_norm": 0.017675349488854408, "E21_agent4_norm": 0.012453440576791763, "E22_agent0_norm": 3.7450879517564317e-06, "E22_agent1_norm": 0.009129855781793594, "E22_agent2_norm": 0.012178706005215645, "E22_agent3_norm": 0.009682461619377136, "E22_agent4_norm": 0.011861054226756096, "E23_agent0_norm": 0.005927641410380602, "E23_agent1_norm": 0.00851814728230238, "E23_agent2_norm": 0.006358633283525705, "E23_agent3_norm": 0.009493465535342693, "E23_agent4_norm": 0.006518579088151455, "E24_agent0_norm": 1.0648371926436084e-06, "E24_agent1_norm": 0.004602896515280008, "E24_agent2_norm": 0.00617877347394824, "E24_agent3_norm": 0.00485160993412137, "E24_agent4_norm": 0.006354996468871832, "E25_agent0_norm": 0.0039915237575769424, "E25_agent1_norm": 0.004488835576921701, "E25_agent2_norm": 0.004487310536205769, "E25_agent3_norm": 0.0049415528774261475, "E25_agent4_norm": 0.0044978102669119835, "E26_agent0_norm": 0.003433224279433489, "E26_agent1_norm": 0.003192941891029477, "E26_agent2_norm": 0.0030849615577608347, "E26_agent3_norm": 0.0035527225118130445, "E26_agent4_norm": 0.0031671442557126284, "E27_agent0_norm": 0.003078882349655032, "E27_agent1_norm": 0.002289551543071866, "E27_agent2_norm": 0.0026112617924809456, "E27_agent3_norm": 0.0025175977498292923, "E27_agent4_norm": 0.0026270956732332706, "E28_agent0_norm": 3.2239586289506406e-07, "E28_agent1_norm": 0.002488856902346015, "E28_agent2_norm": 0.0016267120372503996, "E28_agent3_norm": 0.0024852075148373842, "E28_agent4_norm": 0.0016247483436018229, "E29_agent0_norm": 0.0027623067144304514, "E29_agent1_norm": 0.001154690166004002, "E29_agent2_norm": 0.0024844014551490545, "E29_agent3_norm": 0.0012347148731350899, "E29_agent4_norm": 0.0024926725309342146, "E30_agent0_norm": 7.487092545943597e-08, "E30_agent1_norm": 0.0024980315938591957, "E30_agent2_norm": 0.0008130856440402567, "E30_agent3_norm": 0.002478343667462468, "E30_agent4_norm": 0.0008078489336185157, "E31_agent0_norm": 0.0004459004558157176, "E31_agent1_norm": 0.0005867939908057451, "E31_agent2_norm": 0.0005301720229908824, "E31_agent3_norm": 0.0006203585653565824, "E31_agent4_norm": 0.000543193134944886, "E32_agent0_norm": 2.8872984003669444e-08, "E32_agent1_norm": 0.0004305304610170424, "E32_agent2_norm": 0.00041081293602474034, "E32_agent3_norm": 0.00044006819371134043, "E32_agent4_norm": 0.0003973928978666663, "E33_agent0_norm": 0.00036002675187774, "E33_agent1_norm": 0.00028491378179751337, "E33_agent2_norm": 0.00036279475898481905, "E33_agent3_norm": 0.0003079868038184941, "E33_agent4_norm": 0.00036446814192458987, "E34_agent0_norm": 3.812060445085308e-09, "E34_agent1_norm": 0.00017312397540081292, "E34_agent2_norm": 0.00020161089196335524, "E34_agent3_norm": 0.00021863971778657287, "E34_agent4_norm": 0.00019987350970041007, "E35_agent0_norm": 3.414070137708336e-09, "E35_agent1_norm": 0.00014050203026272357, "E35_agent2_norm": 0.0001410970144206658, "E35_agent3_norm": 0.00015289361181203276, "E35_agent4_norm": 0.00013865162327419966, "E36_agent0_norm": 0.00018143618945032358, "E36_agent1_norm": 0.00010382090113125741, "E36_agent2_norm": 0.00015502363385166973, "E36_agent3_norm": 0.0001095602274290286, "E36_agent4_norm": 0.00015573248674627393, "E37_agent0_norm": 1.135779470473608e-09, "E37_agent1_norm": 0.0001547048013890162, "E37_agent2_norm": 7.055208698147908e-05, "E37_agent3_norm": 0.00015355848881881684, "E37_agent4_norm": 6.8919915065635e-05, "E38_agent0_norm": 0.00016982508532237262, "E38_agent1_norm": 4.95939384563826e-05, "E38_agent2_norm": 4.90977217850741e-05, "E38_agent3_norm": 5.292864443617873e-05, "E38_agent4_norm": 4.9558573664398864e-05, "E39_agent0_norm": 3.7307495981409033e-10, "E39_agent1_norm": 3.530282265273854e-05, "E39_agent2_norm": 3.423103044042364e-05, "E39_agent3_norm": 3.774961442104541e-05, "E39_agent4_norm": 3.374960942892358e-05, "E40_agent0_norm": 4.981487791155814e-07, "E40_agent1_norm": 2.3894755941000767e-05,