{"E1_agent0_norm": 1.8720123767852783, "E1_agent1_norm": 1.8340771198272705, "E1_agent2_norm": 2.039900779724121, "E1_agent3_norm": 2.067307472229004, "E1_agent4_norm": 1.8912460803985596, "E2_agent0_norm": 0.028179926797747612, "E2_agent1_norm": 0.619685709476471, "E2_agent2_norm": 0.3999994993209839, "E2_agent3_norm": 0.47747498750686646, "E2_agent4_norm": 0.5451028943061829, "E3_agent0_norm": 0.009611556306481361, "E3_agent1_norm": 0.9369542598724365, "E3_agent2_norm": 0.8440964221954346, "E3_agent3_norm": 0.9083335995674133, "E3_agent4_norm": 0.8908006548881531, "E4_agent0_norm": 0.005894805770367384, "E4_agent1_norm": 0.7626481652259827, "E4_agent2_norm": 0.7959810495376587, "E4_agent3_norm": 0.7739124298095703, "E4_agent4_norm": 0.7690830230712891, "E5_agent0_norm": 0.0028505423106253147, "E5_agent1_norm": 0.5940742492675781, "E5_agent2_norm": 0.573091983795166, "E5_agent3_norm": 0.5403110980987549, "E5_agent4_norm": 0.5743284225463867, "E6_agent0_norm": 0.0020662923343479633, "E6_agent1_norm": 0.42268335819244385, "E6_agent2_norm": 0.4302060008049011, "E6_agent3_norm": 0.43573102355003357, "E6_agent4_norm": 0.4320811331272125, "E7_agent0_norm": 0.003532836679369211, "E7_agent1_norm": 0.33278486132621765, "E7_agent2_norm": 0.34813621640205383, "E7_agent3_norm": 0.3425602614879608, "E7_agent4_norm": 0.33687424659729004, "E8_agent0_norm": 0.0012731044553220272, "E8_agent1_norm": 0.2797586917877197, "E8_agent2_norm": 0.29701536893844604, "E8_agent3_norm": 0.29579979181289673, "E8_agent4_norm": 0.2983325123786926, "E9_agent0_norm": 0.0032012895680963993, "E9_agent1_norm": 0.2511070966720581, "E9_agent2_norm": 0.258184552192688, "E9_agent3_norm": 0.2722928524017334, "E9_agent4_norm": 0.269368052482605, "E10_agent0_norm": 0.0031505809165537357, "E10_agent1_norm": 0.24045893549919128, "E10_agent2_norm": 0.24893438816070557, "E10_agent3_norm": 0.2522687613964081, "E10_agent4_norm": 0.24717594683170319, "E11_agent0_norm": 0.0030894025694578886, "E11_agent1_norm": 0.2241392284631729, "E11_agent2_norm": 0.22871527075767517, "E11_agent3_norm": 0.24015069007873535, "E11_agent4_norm": 0.22611010074615479, "E12_agent0_norm": 0.0031190512236207724, "E12_agent1_norm": 0.1998453140258789, "E12_agent2_norm": 0.19899293780326843, "E12_agent3_norm": 0.20580874383449554, "E12_agent4_norm": 0.20122669637203217, "E13_agent0_norm": 0.00014643307076767087, "E13_agent1_norm": 0.1671234667301178, "E13_agent2_norm": 0.1707911640405655, "E13_agent3_norm": 0.17309902608394623, "E13_agent4_norm": 0.17654311656951904, "E14_agent0_norm": 0.0030846919398754835, "E14_agent1_norm": 0.14018614590168, "E14_agent2_norm": 0.13787499070167542, "E14_agent3_norm": 0.13599784672260284, "E14_agent4_norm": 0.13683731853961945, "E15_agent0_norm": 0.003053904278203845, "E15_agent1_norm": 0.10738334059715271, "E15_agent2_norm": 0.10042426735162735, "E15_agent3_norm": 0.10283619910478592, "E15_agent4_norm": 0.10426891595125198, "E16_agent0_norm": 4.1443978261668235e-05, "E16_agent1_norm": 0.0782785639166832, "E16_agent2_norm": 0.0755724087357521, "E16_agent3_norm": 0.07499754428863525, "E16_agent4_norm": 0.07657887041568756, "E17_agent0_norm": 3.7340098060667515e-05, "E17_agent1_norm": 0.055268850177526474, "E17_agent2_norm": 0.05397813022136688, "E17_agent3_norm": 0.0529208667576313, "E17_agent4_norm": 0.057453498244285583, "E18_agent0_norm": 0.0029756601434201, "E18_agent1_norm": 0.041457999497652054, "E18_agent2_norm": 0.04059528931975365, "E18_agent3_norm": 0.038123901933431625, "E18_agent4_norm": 0.041233789175748825, "E19_agent0_norm": 0.002956708427518606, "E19_agent1_norm": 0.030609767884016037, "E19_agent2_norm": 0.02771179750561714, "E19_agent3_norm": 0.029365671798586845, "E19_agent4_norm": 0.028459103778004646, "E20_agent0_norm": 1.4345876479637809e-05, "E20_agent1_norm": 0.02153339609503746, "E20_agent2_norm": 0.019903643056750298, "E20_agent3_norm": 0.021829938516020775, "E20_agent4_norm": 0.020559756085276604, "E21_agent0_norm": 9.49073273659451e-06, "E21_agent1_norm": 0.014823561534285545, "E21_agent2_norm": 0.015772899612784386, "E21_agent3_norm": 0.013949071057140827, "E21_agent4_norm": 0.016096850857138634, "E22_agent0_norm": 0.0027997151482850313, "E22_agent1_norm": 0.011710941791534424, "E22_agent2_norm": 0.009656424634158611, "E22_agent3_norm": 0.011231246404349804, "E22_agent4_norm": 0.01017717644572258, "E23_agent0_norm": 3.3015853659890126e-06, "E23_agent1_norm": 0.007221356965601444, "E23_agent2_norm": 0.007923315279185772, "E23_agent3_norm": 0.006866350304335356, "E23_agent4_norm": 0.00838286429643631, "E24_agent0_norm": 0.002569069853052497, "E24_agent1_norm": 0.006268385797739029, "E24_agent2_norm": 0.0059096598997712135, "E24_agent3_norm": 0.005893771070986986, "E24_agent4_norm": 0.00586723955348134, "E25_agent0_norm": 0.002371483016759157, "E25_agent1_norm": 0.004220268223434687, "E25_agent2_norm": 0.004239483270794153, "E25_agent3_norm": 0.0040726205334067345, "E25_agent4_norm": 0.004259828012436628, "E26_agent0_norm": 6.617501071559673e-07, "E26_agent1_norm": 0.0031325204763561487, "E26_agent2_norm": 0.0029735355637967587, "E26_agent3_norm": 0.002956980373710394, "E26_agent4_norm": 0.0030397926457226276, "E27_agent0_norm": 7.354816489169025e-07, "E27_agent1_norm": 0.0022168129216879606, "E27_agent2_norm": 0.002166307531297207, "E27_agent3_norm": 0.0020799387712031603, "E27_agent4_norm": 0.0021296327468007803, "E28_agent0_norm": 4.922265475215681e-07, "E28_agent1_norm": 0.0015804193681105971, "E28_agent2_norm": 0.0015309728914871812, "E28_agent3_norm": 0.0014679281739518046, "E28_agent4_norm": 0.0015785428695380688, "E29_agent0_norm": 1.39682057920254e-07, "E29_agent1_norm": 0.0011105475714430213, "E29_agent2_norm": 0.001091957208700478, "E29_agent3_norm": 0.0010750658111646771, "E29_agent4_norm": 0.001061056973412633, "E30_agent0_norm": 0.0005282086785882711, "E30_agent1_norm": 0.0007940167561173439, "E30_agent2_norm": 0.0005815860931761563, "E30_agent3_norm": 0.0007619271636940539, "E30_agent4_norm": 0.00057897565420717, "E31_agent0_norm": 1.3764284290118667e-07, "E31_agent1_norm": 0.0005549906054511666, "E31_agent2_norm": 0.00055086420616135, "E31_agent3_norm": 0.0005253027193248272, "E31_agent4_norm": 0.0005372080486267805, "E32_agent0_norm": 4.573112022399073e-08, "E32_agent1_norm": 0.00038762661279179156, "E32_agent2_norm": 0.0003798239922616631, "E32_agent3_norm": 0.00037638345384038985, "E32_agent4_norm": 0.00037184692337177694, "E33_agent0_norm": 4.310771117843615e-08, "E33_agent1_norm": 0.00027627783128991723, "E33_agent2_norm": 0.000266201765043661, "E33_agent3_norm": 0.00026389426784589887, "E33_agent4_norm": 0.00026402572984807193, "E34_agent0_norm": 3.7376665318333835e-08, "E34_agent1_norm": 0.000190756720257923, "E34_agent2_norm": 0.00018655115854926407, "E34_agent3_norm": 0.00017957479576580226, "E34_agent4_norm": 0.0001892370346467942, "E35_agent0_norm": 4.140346288039609e-09, "E35_agent1_norm": 0.0001366829383186996, "E35_agent2_norm": 0.00012864723976235837, "E35_agent3_norm": 0.00012859773414675146, "E35_agent4_norm": 0.00013175686763133854, "E36_agent0_norm": 6.786815998083284e-09, "E36_agent1_norm": 9.342459088657051e-05, "E36_agent2_norm": 9.366479935124516e-05, "E36_agent3_norm": 9.384022268932313e-05, "E36_agent4_norm": 9.112661064136773e-05, "E37_agent0_norm": 1.789882242420049e-09, "E37_agent1_norm": 6.834110536146909e-05, "E37_agent2_norm": 6.500150630017743e-05, "E37_agent3_norm": 6.470007792813703e-05, "E37_agent4_norm": 6.573938298970461e-05, "E38_agent0_norm": 4.070630499342087e-09, "E38_agent1_norm": 4.7631408961024135e-05, "E38_agent2_norm": 4.5609478547703475e-05, "E38_agent3_norm": 4.525468830252066e-05, "E38_agent4_norm": 4.586487193591893e-05, "E39_agent0_norm": 9.214887741748612e-10, "E39_agent1_norm": 3.259761433582753e-05, "E39_agent2_norm": 3.1895928259473294e-05, "E39_agent3_norm": 3.192794611095451e-05, "E39_agent4_norm": 3.226363332942128e-05, "E40_agent0_norm": 6.328436108482549e-10,