{"E1_agent0_norm": 2.068336009979248, "E1_agent1_norm": 1.9358704090118408, "E1_agent2_norm": 1.9987232685089111, "E1_agent3_norm": 1.993422508239746, "E1_agent4_norm": 2.168045997619629, "E2_agent0_norm": 0.025158142670989037, "E2_agent1_norm": 0.45450830459594727, "E2_agent2_norm": 0.4759397804737091, "E2_agent3_norm": 0.5764747262001038, "E2_agent4_norm": 0.5175749659538269, "E3_agent0_norm": 0.01180186402052641, "E3_agent1_norm": 0.7815858721733093, "E3_agent2_norm": 0.850548267364502, "E3_agent3_norm": 0.8451155424118042, "E3_agent4_norm": 0.9086349010467529, "E4_agent0_norm": 0.010036319494247437, "E4_agent1_norm": 0.729245126247406, "E4_agent2_norm": 0.7934985160827637, "E4_agent3_norm": 0.7521151900291443, "E4_agent4_norm": 0.7493004202842712, "E5_agent0_norm": 0.009311583824455738, "E5_agent1_norm": 0.5710131525993347, "E5_agent2_norm": 0.5716915726661682, "E5_agent3_norm": 0.5754793286323547, "E5_agent4_norm": 0.5418475270271301, "E6_agent0_norm": 0.002351660281419754, "E6_agent1_norm": 0.41548338532447815, "E6_agent2_norm": 0.4216640889644623, "E6_agent3_norm": 0.4181879460811615, "E6_agent4_norm": 0.419584721326828, "E7_agent0_norm": 0.009293493814766407, "E7_agent1_norm": 0.33498549461364746, "E7_agent2_norm": 0.35129037499427795, "E7_agent3_norm": 0.3422912657260895, "E7_agent4_norm": 0.3336827754974365, "E8_agent0_norm": 0.0009208815172314644, "E8_agent1_norm": 0.2963017225265503, "E8_agent2_norm": 0.2822362780570984, "E8_agent3_norm": 0.2945134937763214, "E8_agent4_norm": 0.2779647409915924, "E9_agent0_norm": 0.000595065183006227, "E9_agent1_norm": 0.26237723231315613, "E9_agent2_norm": 0.25883790850639343, "E9_agent3_norm": 0.26080116629600525, "E9_agent4_norm": 0.2522872984409332, "E10_agent0_norm": 0.009347938001155853, "E10_agent1_norm": 0.26950544118881226, "E10_agent2_norm": 0.24853858351707458, "E10_agent3_norm": 0.2557445466518402, "E10_agent4_norm": 0.2479649782180786, "E11_agent0_norm": 0.00023751788830850273, "E11_agent1_norm": 0.2376776784658432, "E11_agent2_norm": 0.22415080666542053, "E11_agent3_norm": 0.22790929675102234, "E11_agent4_norm": 0.22640348970890045, "E12_agent0_norm": 0.00023942765255924314, "E12_agent1_norm": 0.2033683955669403, "E12_agent2_norm": 0.20425784587860107, "E12_agent3_norm": 0.2073611319065094, "E12_agent4_norm": 0.20196324586868286, "E13_agent0_norm": 0.009516788646578789, "E13_agent1_norm": 0.17820261418819427, "E13_agent2_norm": 0.16859915852546692, "E13_agent3_norm": 0.17275850474834442, "E13_agent4_norm": 0.166384756565094, "E14_agent0_norm": 8.528505713911727e-05, "E14_agent1_norm": 0.13314537703990936, "E14_agent2_norm": 0.13224194943904877, "E14_agent3_norm": 0.12911154329776764, "E14_agent4_norm": 0.13655994832515717, "E15_agent0_norm": 6.333828059723601e-05, "E15_agent1_norm": 0.09990231692790985, "E15_agent2_norm": 0.10154218971729279, "E15_agent3_norm": 0.096324123442173, "E15_agent4_norm": 0.10179415345191956, "E16_agent0_norm": 0.009174143895506859, "E16_agent1_norm": 0.07490906119346619, "E16_agent2_norm": 0.07589023560285568, "E16_agent3_norm": 0.07450365275144577, "E16_agent4_norm": 0.07624399662017822, "E17_agent0_norm": 3.558019670890644e-05, "E17_agent1_norm": 0.056642696261405945, "E17_agent2_norm": 0.05731566995382309, "E17_agent3_norm": 0.05622420832514763, "E17_agent4_norm": 0.05740179121494293, "E18_agent0_norm": 2.4546412532799877e-05, "E18_agent1_norm": 0.041353385895490646, "E18_agent2_norm": 0.042047254741191864, "E18_agent3_norm": 0.04261001944541931, "E18_agent4_norm": 0.04192202910780907, "E19_agent0_norm": 1.592225999047514e-05, "E19_agent1_norm": 0.031254734843969345, "E19_agent2_norm": 0.03216572105884552, "E19_agent3_norm": 0.03143807500600815, "E19_agent4_norm": 0.031332843005657196, "E20_agent0_norm": 9.183686415781267e-06, "E20_agent1_norm": 0.023043951019644737, "E20_agent2_norm": 0.02346698008477688, "E20_agent3_norm": 0.022449230775237083, "E20_agent4_norm": 0.023074444383382797, "E21_agent0_norm": 0.00666796462610364, "E21_agent1_norm": 0.016657860949635506, "E21_agent2_norm": 0.01704385131597519, "E21_agent3_norm": 0.014315598644316196, "E21_agent4_norm": 0.017448941245675087, "E22_agent0_norm": 0.005632024724036455, "E22_agent1_norm": 0.012336528860032558, "E22_agent2_norm": 0.012167597189545631, "E22_agent3_norm": 0.012560823000967503, "E22_agent4_norm": 0.012607910670340061, "E23_agent0_norm": 2.574470272520557e-06, "E23_agent1_norm": 0.009096712805330753, "E23_agent2_norm": 0.0092415576800704, "E23_agent3_norm": 0.009070519357919693, "E23_agent4_norm": 0.009004738181829453, "E24_agent0_norm": 1.714274503683555e-06, "E24_agent1_norm": 0.00651901587843895, "E24_agent2_norm": 0.006484489422291517, "E24_agent3_norm": 0.006467295810580254, "E24_agent4_norm": 0.00647389143705368, "E25_agent0_norm": 1.322604475717526e-06, "E25_agent1_norm": 0.0047557782381772995, "E25_agent2_norm": 0.004689399152994156, "E25_agent3_norm": 0.0046830615028738976, "E25_agent4_norm": 0.004815267398953438, "E26_agent0_norm": 1.162173816737777e-06, "E26_agent1_norm": 0.003507225541397929, "E26_agent2_norm": 0.0033621059264987707, "E26_agent3_norm": 0.003400005865842104, "E26_agent4_norm": 0.003519165562465787, "E27_agent0_norm": 4.982944687981217e-07, "E27_agent1_norm": 0.002386378590017557, "E27_agent2_norm": 0.002457382157444954, "E27_agent3_norm": 0.002344565000385046, "E27_agent4_norm": 0.0024585193023085594, "E28_agent0_norm": 3.475853418422048e-07, "E28_agent1_norm": 0.001691191690042615, "E28_agent2_norm": 0.001749712391756475, "E28_agent3_norm": 0.0016862693009898067, "E28_agent4_norm": 0.0017852591117843986, "E29_agent0_norm": 2.5803441872085386e-07, "E29_agent1_norm": 0.001253166003152728, "E29_agent2_norm": 0.001214026240631938, "E29_agent3_norm": 0.0012231622822582722, "E29_agent4_norm": 0.0012273156316950917, "E30_agent0_norm": 1.2929355364121875e-07, "E30_agent1_norm": 0.0008694375865161419, "E30_agent2_norm": 0.0008508173632435501, "E30_agent3_norm": 0.0008482769480906427, "E30_agent4_norm": 0.0008842408424243331, "E31_agent0_norm": 8.236034432229644e-08, "E31_agent1_norm": 0.0006054754485376179, "E31_agent2_norm": 0.0006111480761319399, "E31_agent3_norm": 0.0006019622087478638, "E31_agent4_norm": 0.0006032896926626563, "E32_agent0_norm": 3.413543225860849e-08, "E32_agent1_norm": 0.00042045448208227754, "E32_agent2_norm": 0.00043981883209198713, "E32_agent3_norm": 0.00043371046194806695, "E32_agent4_norm": 0.0004425058141350746, "E33_agent0_norm": 5.842834127633978e-08, "E33_agent1_norm": 0.0021788820158690214, "E33_agent2_norm": 0.00030271714786067605, "E33_agent3_norm": 0.0021794724743813276, "E33_agent4_norm": 0.0003046883502975106, "E34_agent0_norm": 0.0022369856014847755, "E34_agent1_norm": 0.00020931815379299223, "E34_agent2_norm": 0.00021396641386672854, "E34_agent3_norm": 0.0021911654621362686, "E34_agent4_norm": 0.0002152765664504841, "E35_agent0_norm": 0.0022340724244713783, "E35_agent1_norm": 0.00014910691243130714, "E35_agent2_norm": 0.00015231696306727827, "E35_agent3_norm": 0.00014896231004968286, "E35_agent4_norm": 0.00015209417324513197, "E36_agent0_norm": 1.093830714893329e-08, "E36_agent1_norm": 0.0001040650240611285, "E36_agent2_norm": 0.00010716691758716479, "E36_agent3_norm": 0.00010414837743155658, "E36_agent4_norm": 0.00010540139192016795, "E37_agent0_norm": 3.0381508420163073e-09, "E37_agent1_norm": 7.209069735836238e-05, "E37_agent2_norm": 7.558424113085493e-05, "E37_agent3_norm": 7.244587322929874e-05, "E37_agent4_norm": 7.235060911625624e-05, "E38_agent0_norm": 1.2986057784658556e-09, "E38_agent1_norm": 5.216679346631281e-05, "E38_agent2_norm": 5.263624552753754e-05, "E38_agent3_norm": 5.0536553317215294e-05, "E38_agent4_norm": 5.1841216190950945e-05, "E39_agent0_norm": 8.436418785784383e-10, "E39_agent1_norm": 3.6837296647718176e-05, "E39_agent2_norm": 3.630527135101147e-05, "E39_agent3_norm": 3.6266512324800715e-05, "E39_agent4_norm": 3.7602261727442965e-05, "E40_agent0_norm": 3.5309202783828653e-10,