{"E1_agent0_norm": 1.9661800861358643, "E1_agent1_norm": 2.1665639877319336, "E1_agent2_norm": 1.9755688905715942, "E1_agent3_norm": 1.9423671960830688, "E1_agent4_norm": 1.8902589082717896, "E2_agent0_norm": 0.02439253218472004, "E2_agent1_norm": 0.5065733194351196, "E2_agent2_norm": 0.5155823826789856, "E2_agent3_norm": 0.48192426562309265, "E2_agent4_norm": 0.5879044532775879, "E3_agent0_norm": 0.010148642584681511, "E3_agent1_norm": 0.7524744272232056, "E3_agent2_norm": 0.8082857728004456, "E3_agent3_norm": 0.7544421553611755, "E3_agent4_norm": 0.7584662437438965, "E4_agent0_norm": 0.005738548468798399, "E4_agent1_norm": 0.6974784731864929, "E4_agent2_norm": 0.7160578966140747, "E4_agent3_norm": 0.6503586173057556, "E4_agent4_norm": 0.672738254070282, "E5_agent0_norm": 0.0037870004307478666, "E5_agent1_norm": 0.5583746433258057, "E5_agent2_norm": 0.5481137037277222, "E5_agent3_norm": 0.5222522616386414, "E5_agent4_norm": 0.5118973851203918, "E6_agent0_norm": 0.00184755923692137, "E6_agent1_norm": 0.4104980528354645, "E6_agent2_norm": 0.41446444392204285, "E6_agent3_norm": 0.39143210649490356, "E6_agent4_norm": 0.4230309724807739, "E7_agent0_norm": 0.0015962534816935658, "E7_agent1_norm": 0.3248418867588043, "E7_agent2_norm": 0.30699464678764343, "E7_agent3_norm": 0.31527388095855713, "E7_agent4_norm": 0.3255637288093567, "E8_agent0_norm": 0.000984497251920402, "E8_agent1_norm": 0.3071596622467041, "E8_agent2_norm": 0.26732075214385986, "E8_agent3_norm": 0.28469085693359375, "E8_agent4_norm": 0.28236278891563416, "E9_agent0_norm": 0.0006519884336739779, "E9_agent1_norm": 0.26633578538894653, "E9_agent2_norm": 0.2407962530851364, "E9_agent3_norm": 0.2438778132200241, "E9_agent4_norm": 0.2596149742603302, "E10_agent0_norm": 0.0005347643746063113, "E10_agent1_norm": 0.24952450394630432, "E10_agent2_norm": 0.22722545266151428, "E10_agent3_norm": 0.2307271659374237, "E10_agent4_norm": 0.2510068416595459, "E11_agent0_norm": 0.0003618290356826037, "E11_agent1_norm": 0.23394325375556946, "E11_agent2_norm": 0.2098313271999359, "E11_agent3_norm": 0.2138308733701706, "E11_agent4_norm": 0.229792520403862, "E12_agent0_norm": 0.13398057222366333, "E12_agent1_norm": 0.2128511220216751, "E12_agent2_norm": 0.15056806802749634, "E12_agent3_norm": 0.18978136777877808, "E12_agent4_norm": 0.16820381581783295, "E13_agent0_norm": 0.000142535544000566, "E13_agent1_norm": 0.14485938847064972, "E13_agent2_norm": 0.1536172330379486, "E13_agent3_norm": 0.12712714076042175, "E13_agent4_norm": 0.1757034808397293, "E14_agent0_norm": 0.0930926725268364, "E14_agent1_norm": 0.14359809458255768, "E14_agent2_norm": 0.0998532772064209, "E14_agent3_norm": 0.1315097063779831, "E14_agent4_norm": 0.10934661328792572, "E15_agent0_norm": 7.889795961091295e-05, "E15_agent1_norm": 0.08252614736557007, "E15_agent2_norm": 0.09854836016893387, "E15_agent3_norm": 0.07618734985589981, "E15_agent4_norm": 0.10751957446336746, "E16_agent0_norm": 6.179679621709511e-05, "E16_agent1_norm": 0.062181662768125534, "E16_agent2_norm": 0.07350622117519379, "E16_agent3_norm": 0.05666482448577881, "E16_agent4_norm": 0.0793251246213913, "E17_agent0_norm": 0.0402337983250618, "E17_agent1_norm": 0.061391908675432205, "E17_agent2_norm": 0.05502893775701523, "E17_agent3_norm": 0.05256786197423935, "E17_agent4_norm": 0.05866923928260803, "E18_agent0_norm": 0.02981976605951786, "E18_agent1_norm": 0.04441576451063156, "E18_agent2_norm": 0.03129329904913902, "E18_agent3_norm": 0.03924253210425377, "E18_agent4_norm": 0.033289067447185516, "E19_agent0_norm": 1.5276034901035018e-05, "E19_agent1_norm": 0.03241394832730293, "E19_agent2_norm": 0.0303381085395813, "E19_agent3_norm": 0.028782695531845093, "E19_agent4_norm": 0.032262008637189865, "E20_agent0_norm": 1.0688837392081041e-05, "E20_agent1_norm": 0.022974584251642227, "E20_agent2_norm": 0.02229621820151806, "E20_agent3_norm": 0.02125818096101284, "E20_agent4_norm": 0.023513497784733772, "E21_agent0_norm": 7.733943675702903e-06, "E21_agent1_norm": 0.017567310482263565, "E21_agent2_norm": 0.016336796805262566, "E21_agent3_norm": 0.015791434794664383, "E21_agent4_norm": 0.016942499205470085, "E22_agent0_norm": 4.0613508645037655e-06, "E22_agent1_norm": 0.01281284261494875, "E22_agent2_norm": 0.01195154432207346, "E22_agent3_norm": 0.011471899226307869, "E22_agent4_norm": 0.012420153245329857, "E23_agent0_norm": 2.785236802083091e-06, "E23_agent1_norm": 0.009001907892525196, "E23_agent2_norm": 0.008674848824739456, "E23_agent3_norm": 0.008243412710726261, "E23_agent4_norm": 0.008846784010529518, "E24_agent0_norm": 1.778750515768479e-06, "E24_agent1_norm": 0.006632980890572071, "E24_agent2_norm": 0.006186554208397865, "E24_agent3_norm": 0.005998202599585056, "E24_agent4_norm": 0.006562667433172464, "E25_agent0_norm": 1.912354491651058e-06, "E25_agent1_norm": 0.004746373742818832, "E25_agent2_norm": 0.004514866042882204, "E25_agent3_norm": 0.004319036845117807, "E25_agent4_norm": 0.004569641314446926, "E26_agent0_norm": 5.867188974661985e-07, "E26_agent1_norm": 0.0033782520331442356, "E26_agent2_norm": 0.003173881210386753, "E26_agent3_norm": 0.0030623709317296743, "E26_agent4_norm": 0.0032543244305998087, "E27_agent0_norm": 7.275166353792883e-07, "E27_agent1_norm": 0.0024352651089429855, "E27_agent2_norm": 0.002251055557280779, "E27_agent3_norm": 0.00217793439514935, "E27_agent4_norm": 0.0023273443803191185, "E28_agent0_norm": 1.1537318300725019e-07, "E28_agent1_norm": 0.001704390742816031, "E28_agent2_norm": 0.0016195924254134297, "E28_agent3_norm": 0.0015342276310548186, "E28_agent4_norm": 0.00171996362041682, "E29_agent0_norm": 1.5303825762202905e-07, "E29_agent1_norm": 0.001221743761561811, "E29_agent2_norm": 0.001158896484412253, "E29_agent3_norm": 0.0010914314771071076, "E29_agent4_norm": 0.0012090376112610102, "E30_agent0_norm": 5.1314717808281785e-08, "E30_agent1_norm": 0.0008519007824361324, "E30_agent2_norm": 0.000799122266471386, "E30_agent3_norm": 0.0007690095226280391, "E30_agent4_norm": 0.0008178572752512991, "E31_agent0_norm": 1.419575426098163e-07, "E31_agent1_norm": 0.0005975629901513457, "E31_agent2_norm": 0.0005923663266003132, "E31_agent3_norm": 0.0005315515445545316, "E31_agent4_norm": 0.0005825884290970862, "E32_agent0_norm": 1.0470338565937709e-05, "E32_agent1_norm": 0.0004258947737980634, "E32_agent2_norm": 0.00041285401675850153, "E32_agent3_norm": 0.00037980027263984084, "E32_agent4_norm": 0.00041864940430969, "E33_agent0_norm": 6.9581900241644234e-09, "E33_agent1_norm": 0.0002993963425979018, "E33_agent2_norm": 0.0002871596661861986, "E33_agent3_norm": 0.00027575541753321886, "E33_agent4_norm": 0.0002894472854677588, "E34_agent0_norm": 4.451426782736689e-09, "E34_agent1_norm": 0.00021053201635368168, "E34_agent2_norm": 0.00019900331972166896, "E34_agent3_norm": 0.0001933906605700031, "E34_agent4_norm": 0.00020637543639168143, "E35_agent0_norm": 2.093593820973183e-06, "E35_agent1_norm": 0.00014700667816214263, "E35_agent2_norm": 0.00014065316645428538, "E35_agent3_norm": 0.00013366719940677285, "E35_agent4_norm": 0.00014366538380272686, "E36_agent0_norm": 3.334465592530478e-09, "E36_agent1_norm": 0.00010582490358501673, "E36_agent2_norm": 9.894936374621466e-05, "E36_agent3_norm": 9.476389095652848e-05, "E36_agent4_norm": 0.00010059959458885714, "E37_agent0_norm": 7.845397664851816e-10, "E37_agent1_norm": 7.240873674163595e-05, "E37_agent2_norm": 7.016264862613752e-05, "E37_agent3_norm": 6.528329686261714e-05, "E37_agent4_norm": 7.100356742739677e-05, "E38_agent0_norm": 5.794175694795456e-10, "E38_agent1_norm": 5.21823822055012e-05, "E38_agent2_norm": 4.968860594090074e-05, "E38_agent3_norm": 4.6438275603577495e-05, "E38_agent4_norm": 4.9876940465765074e-05, "E39_agent0_norm": 2.7909247135582405e-10, "E39_agent1_norm": 3.586642924346961e-05, "E39_agent2_norm": 3.476403435342945e-05, "E39_agent3_norm": 3.290679524070583e-05, "E39_agent4_norm": 3.597981412895024e-05, "E40_agent0_norm": 1.818521305763099e-10,