{"Agent0_Epoch1": 0.29813963174819946, "Agent1_Epoch1": 0.29091840982437134, "Agent2_Epoch1": 0.9848945736885071, "Agent3_Epoch1": 0.9935518503189087, "Agent4_Epoch1": 0.9947911500930786, "Agent0_Epoch2": 0.05373173952102661, "Agent1_Epoch2": 0.29162710905075073, "Agent2_Epoch2": 0.2938324213027954, "Agent3_Epoch2": 0.29357999563217163, "Agent4_Epoch2": 0.2936156392097473, "Agent0_Epoch3": 0.032500624656677246, "Agent1_Epoch3": 0.13257819414138794, "Agent2_Epoch3": 0.1358095407485962, "Agent3_Epoch3": 0.13436555862426758, "Agent4_Epoch3": 0.13616132736206055, "Agent0_Epoch4": 0.021819233894348145, "Agent1_Epoch4": 0.06659108400344849, "Agent2_Epoch4": 0.06827670335769653, "Agent3_Epoch4": 0.06986290216445923, "Agent4_Epoch4": 0.0691908597946167, "Agent0_Epoch5": 0.015167772769927979, "Agent1_Epoch5": 0.036260366439819336, "Agent2_Epoch5": 0.03740602731704712, "Agent3_Epoch5": 0.037261784076690674, "Agent4_Epoch5": 0.0371970534324646, "Agent0_Epoch6": 0.010741114616394043, "Agent1_Epoch6": 0.021378934383392334, "Agent2_Epoch6": 0.021968483924865723, "Agent3_Epoch6": 0.02191847562789917, "Agent4_Epoch6": 0.02202904224395752, "Agent0_Epoch7": 0.007801711559295654, "Agent1_Epoch7": 0.01346510648727417, "Agent2_Epoch7": 0.013850629329681396, "Agent3_Epoch7": 0.013563573360443115, "Agent4_Epoch7": 0.013723909854888916, "Agent0_Epoch8": 0.0058342814445495605, "Agent1_Epoch8": 0.009030699729919434, "Agent2_Epoch8": 0.009112179279327393, "Agent3_Epoch8": 0.009097635746002197, "Agent4_Epoch8": 0.009059369564056396, "Agent0_Epoch9": 0.0044710636138916016, "Agent1_Epoch9": 0.006350576877593994, "Agent2_Epoch9": 0.006431996822357178, "Agent3_Epoch9": 0.006296992301940918, "Agent4_Epoch9": 0.006339967250823975, "Agent0_Epoch10": 0.003576338291168213, "Agent1_Epoch10": 0.00475078821182251, "Agent2_Epoch10": 0.004701018333435059, "Agent3_Epoch10": 0.004769504070281982, "Agent4_Epoch10": 0.00466310977935791, "Agent0_Epoch11": 0.0029419660568237305, "Agent1_Epoch11": 0.0037064552307128906, "Agent2_Epoch11": 0.0036833882331848145, "Agent3_Epoch11": 0.0036308765411376953, "Agent4_Epoch11": 0.0035628676414489746, "Agent0_Epoch12": 0.002409815788269043, "Agent1_Epoch12": 0.002911090850830078, "Agent2_Epoch12": 0.0028835535049438477, "Agent3_Epoch12": 0.002854466438293457, "Agent4_Epoch12": 0.002768993377685547, "Agent0_Epoch13": 0.0019088387489318848, "Agent1_Epoch13": 0.0022296905517578125, "Agent2_Epoch13": 0.0022196173667907715, "Agent3_Epoch13": 0.0022528767585754395, "Agent4_Epoch13": 0.002162933349609375, "Agent0_Epoch14": 0.0014840960502624512, "Agent1_Epoch14": 0.0016865134239196777, "Agent2_Epoch14": 0.0016927719116210938, "Agent3_Epoch14": 0.0016955733299255371, "Agent4_Epoch14": 0.0016595721244812012, "Agent0_Epoch15": 0.0011296272277832031, "Agent1_Epoch15": 0.0012552738189697266, "Agent2_Epoch15": 0.0012562870979309082, "Agent3_Epoch15": 0.001267850399017334, "Agent4_Epoch15": 0.0012394189834594727, "Agent0_Epoch16": 0.0008407831192016602, "Agent1_Epoch16": 0.0009170770645141602, "Agent2_Epoch16": 0.0009072422981262207, "Agent3_Epoch16": 0.0009279251098632812, "Agent4_Epoch16": 0.0009148120880126953, "Agent0_Epoch17": 0.0006156563758850098, "Agent1_Epoch17": 0.0006613731384277344, "Agent2_Epoch17": 0.0006567239761352539, "Agent3_Epoch17": 0.0006669163703918457, "Agent4_Epoch17": 0.0006554722785949707, "Agent0_Epoch18": 0.0004417896270751953, "Agent1_Epoch18": 0.0004687309265136719, "Agent2_Epoch18": 0.0004658699035644531, "Agent3_Epoch18": 0.00047081708908081055, "Agent4_Epoch18": 0.0004654526710510254, "Agent0_Epoch19": 0.0003127455711364746, "Agent1_Epoch19": 0.0003281831741333008, "Agent2_Epoch19": 0.0003267526626586914, "Agent3_Epoch19": 0.00032955408096313477, "Agent4_Epoch19": 0.00032383203506469727, "Agent0_Epoch20": 0.0002186894416809082, "Agent1_Epoch20": 0.00022745132446289062, "Agent2_Epoch20": 0.00022649765014648438, "Agent3_Epoch20": 0.00022792816162109375, "Agent4_Epoch20": 0.00022685527801513672, "Agent0_Epoch21": 0.00015145540237426758, "Agent1_Epoch21": 0.0001564621925354004, "Agent2_Epoch21": 0.00015676021575927734, "Agent3_Epoch21": 0.00015723705291748047, "Agent4_Epoch21": 0.0001557469367980957, "Agent0_Epoch22": 0.0001042485237121582, "Agent1_Epoch22": 0.00010699033737182617, "Agent2_Epoch22": 0.00010639429092407227, "Agent3_Epoch22": 0.00010699033737182617, "Agent4_Epoch22": 0.0001062154769897461, "Agent0_Epoch23": 7.110834121704102e-05, "Agent1_Epoch23": 7.253885269165039e-05, "Agent2_Epoch23": 7.224082946777344e-05, "Agent3_Epoch23": 7.224082946777344e-05, "Agent4_Epoch23": 7.206201553344727e-05, "Agent0_Epoch24": 4.8100948333740234e-05, "Agent1_Epoch24": 4.89354133605957e-05, "Agent2_Epoch24": 4.851818084716797e-05, "Agent3_Epoch24": 4.89354133605957e-05, "Agent4_Epoch24": 4.851818084716797e-05, "Agent0_Epoch25": 3.236532211303711e-05, "Agent1_Epoch25": 3.2782554626464844e-05, "Agent2_Epoch25": 3.2782554626464844e-05, "Agent3_Epoch25": 3.266334533691406e-05, "Agent4_Epoch25": 3.248453140258789e-05, "Agent0_Epoch26": 2.1636486053466797e-05, "Agent1_Epoch26": 2.1755695343017578e-05, "Agent2_Epoch26": 2.187490463256836e-05, "Agent3_Epoch26": 2.187490463256836e-05, "Agent4_Epoch26": 2.1696090698242188e-05, "Agent0_Epoch27": 1.436471939086914e-05, "Agent1_Epoch27": 1.4543533325195312e-05, "Agent2_Epoch27": 1.4424324035644531e-05, "Agent3_Epoch27": 1.4543533325195312e-05, "Agent4_Epoch27": 1.4543533325195312e-05, "Agent0_Epoch28": 9.5367431640625e-06, "Agent1_Epoch28": 9.47713851928711e-06, "Agent2_Epoch28": 9.59634780883789e-06, "Agent3_Epoch28": 9.47713851928711e-06, "Agent4_Epoch28": 9.47713851928711e-06, "Agent0_Epoch29": 6.318092346191406e-06, "Agent1_Epoch29": 6.318092346191406e-06, "Agent2_Epoch29": 6.258487701416016e-06, "Agent3_Epoch29": 6.318092346191406e-06, "Agent4_Epoch29": 6.4373016357421875e-06, "Agent0_Epoch30": 4.172325134277344e-06, "Agent1_Epoch30": 4.172325134277344e-06, "Agent2_Epoch30": 4.172325134277344e-06, "Agent3_Epoch30": 4.0531158447265625e-06, "Agent4_Epoch30": 4.0531158447265625e-06, "Agent0_Epoch31": 2.7418136596679688e-06, "Agent1_Epoch31": 2.6226043701171875e-06, "Agent2_Epoch31": 2.6226043701171875e-06, "Agent3_Epoch31": 2.6226043701171875e-06, "Agent4_Epoch31": 2.7418136596679688e-06, "Agent0_Epoch32": 1.6689300537109375e-06, "Agent1_Epoch32": 1.7285346984863281e-06, "Agent2_Epoch32": 1.7285346984863281e-06, "Agent3_Epoch32": 1.7881393432617188e-06, "Agent4_Epoch32": 1.7285346984863281e-06, "Agent0_Epoch33": 1.1324882507324219e-06, "Agent1_Epoch33": 1.0132789611816406e-06, "Agent2_Epoch33": 1.1324882507324219e-06, "Agent3_Epoch33": 1.0132789611816406e-06, "Agent4_Epoch33": 1.1324882507324219e-06, "Agent0_Epoch34": 8.344650268554688e-07, "Agent1_Epoch34": 8.344650268554688e-07, "Agent2_Epoch34": 8.344650268554688e-07, "Agent3_Epoch34": 7.748603820800781e-07, "Agent4_Epoch34": 7.748603820800781e-07, "Agent0_Epoch35": 5.364418029785156e-07, "Agent1_Epoch35": 4.76837158203125e-07, "Agent2_Epoch35": 5.960464477539062e-07, "Agent3_Epoch35": 6.556510925292969e-07, "Agent4_Epoch35": 4.76837158203125e-07, "Agent0_Epoch36": 3.5762786865234375e-07, "Agent1_Epoch36": 3.5762786865234375e-07, "Agent2_Epoch36": 1.7881393432617188e-07, "Agent3_Epoch36": 3.5762786865234375e-07, "Agent4_Epoch36": 2.980232238769531e-07, "Agent0_Epoch37": 1.1920928955078125e-07, "Agent1_Epoch37": 0.0, "Agent2_Epoch37": 0.0, "Agent3_Epoch37": 1.7881393432617188e-07, "Agent4_Epoch37": 1.1920928955078125e-07, "Agent0_Epoch38": 1.1920928955078125e-07, "Agent1_Epoch38": 1.7881393432617188e-07, "Agent2_Epoch38": 1.7881393432617188e-07, "Agent3_Epoch38": 1.7881393432617188e-07, "Agent4_Epoch38": 1.7881393432617188e-07, "Agent0_Epoch39": 1.1920928955078125e-07, "Agent1_Epoch39": 1.7881393432617188e-07, "Agent2_Epoch39": 1.1920928955078125e-07, "Agent3_Epoch39": 2.980232238769531e-07, "Agent4_Epoch39": 1.1920928955078125e-07, "Agent0_Epoch40": 1.1920928955078125e-07, "Agent1_Epoch40": 1.1920928955078125e-07, "Agent2_Epoch40": 1.1920928955078125e-07,