{"E1_agent0_norm": 1.9979827404022217, "E1_agent1_norm": 1.811144232749939, "E1_agent2_norm": 2.058157205581665, "E1_agent3_norm": 2.2515182495117188, "E1_agent4_norm": 1.9121366739273071, "E2_agent0_norm": 0.05629737302660942, "E2_agent1_norm": 0.5354028344154358, "E2_agent2_norm": 0.5698871612548828, "E2_agent3_norm": 0.5928966999053955, "E2_agent4_norm": 0.6035568714141846, "E3_agent0_norm": 0.28520312905311584, "E3_agent1_norm": 0.9004811644554138, "E3_agent2_norm": 0.9247031211853027, "E3_agent3_norm": 0.8862009644508362, "E3_agent4_norm": 0.9545911550521851, "E4_agent0_norm": 0.08340498805046082, "E4_agent1_norm": 0.7632239460945129, "E4_agent2_norm": 0.7788360118865967, "E4_agent3_norm": 0.7620401382446289, "E4_agent4_norm": 0.771698534488678, "E5_agent0_norm": 0.07565848529338837, "E5_agent1_norm": 0.5579423308372498, "E5_agent2_norm": 0.5893955230712891, "E5_agent3_norm": 0.5521559715270996, "E5_agent4_norm": 0.5441529750823975, "E6_agent0_norm": 0.21409106254577637, "E6_agent1_norm": 0.4209877550601959, "E6_agent2_norm": 0.39781245589256287, "E6_agent3_norm": 0.3983674645423889, "E6_agent4_norm": 0.4229942858219147, "E7_agent0_norm": 0.07190711796283722, "E7_agent1_norm": 0.2997642755508423, "E7_agent2_norm": 0.3245609700679779, "E7_agent3_norm": 0.2946014106273651, "E7_agent4_norm": 0.3126671612262726, "E8_agent0_norm": 0.16029396653175354, "E8_agent1_norm": 0.27496644854545593, "E8_agent2_norm": 0.28795334696769714, "E8_agent3_norm": 0.2753638029098511, "E8_agent4_norm": 0.29071104526519775, "E9_agent0_norm": 0.06680133938789368, "E9_agent1_norm": 0.25321823358535767, "E9_agent2_norm": 0.2592446208000183, "E9_agent3_norm": 0.2574074864387512, "E9_agent4_norm": 0.24451036751270294, "E10_agent0_norm": 0.14538796246051788, "E10_agent1_norm": 0.23521681129932404, "E10_agent2_norm": 0.24800509214401245, "E10_agent3_norm": 0.22108876705169678, "E10_agent4_norm": 0.23814424872398376, "E11_agent0_norm": 0.13869184255599976, "E11_agent1_norm": 0.2077692449092865, "E11_agent2_norm": 0.23528389632701874, "E11_agent3_norm": 0.19600829482078552, "E11_agent4_norm": 0.21701447665691376, "E12_agent0_norm": 0.12902690470218658, "E12_agent1_norm": 0.19504085183143616, "E12_agent2_norm": 0.2188461869955063, "E12_agent3_norm": 0.18294227123260498, "E12_agent4_norm": 0.19597561657428741, "E13_agent0_norm": 0.05908123776316643, "E13_agent1_norm": 0.17641007900238037, "E13_agent2_norm": 0.15920019149780273, "E13_agent3_norm": 0.163465678691864, "E13_agent4_norm": 0.1451985239982605, "E14_agent0_norm": 0.00011059198004659265, "E14_agent1_norm": 0.13064445555210114, "E14_agent2_norm": 0.14475850760936737, "E14_agent3_norm": 0.12223752588033676, "E14_agent4_norm": 0.13486281037330627, "E15_agent0_norm": 0.04420093446969986, "E15_agent1_norm": 0.10863597691059113, "E15_agent2_norm": 0.1005977913737297, "E15_agent3_norm": 0.10621970146894455, "E15_agent4_norm": 0.09100133180618286, "E16_agent0_norm": 4.116672425880097e-05, "E16_agent1_norm": 0.0713030993938446, "E16_agent2_norm": 0.08524597436189651, "E16_agent3_norm": 0.06967443972826004, "E16_agent4_norm": 0.07870650291442871, "E17_agent0_norm": 0.02740366756916046, "E17_agent1_norm": 0.06006374582648277, "E17_agent2_norm": 0.0536494255065918, "E17_agent3_norm": 0.0582256019115448, "E17_agent4_norm": 0.05190538614988327, "E18_agent0_norm": 0.00013316990225575864, "E18_agent1_norm": 0.0375014990568161, "E18_agent2_norm": 0.045552968978881836, "E18_agent3_norm": 0.04378342628479004, "E18_agent4_norm": 0.0374140702188015, "E19_agent0_norm": 5.339218841982074e-05, "E19_agent1_norm": 0.027401667088270187, "E19_agent2_norm": 0.03341343626379967, "E19_agent3_norm": 0.026957297697663307, "E19_agent4_norm": 0.03202815353870392, "E20_agent0_norm": 0.010834851302206516, "E20_agent1_norm": 0.023487787693738937, "E20_agent2_norm": 0.024147920310497284, "E20_agent3_norm": 0.019956503063440323, "E20_agent4_norm": 0.022487668320536613, "E21_agent0_norm": 0.008279640227556229, "E21_agent1_norm": 0.01688442938029766, "E21_agent2_norm": 0.017175527289509773, "E21_agent3_norm": 0.014575710520148277, "E21_agent4_norm": 0.017047440633177757, "E22_agent0_norm": 0.0001789321395335719, "E22_agent1_norm": 0.010860372334718704, "E22_agent2_norm": 0.012795096263289452, "E22_agent3_norm": 0.010891159065067768, "E22_agent4_norm": 0.012386580929160118, "E23_agent0_norm": 0.006456475704908371, "E23_agent1_norm": 0.007662457879632711, "E23_agent2_norm": 0.006421044003218412, "E23_agent3_norm": 0.007523511536419392, "E23_agent4_norm": 0.006297292187809944, "E24_agent0_norm": 0.0033067716285586357, "E24_agent1_norm": 0.006439677905291319, "E24_agent2_norm": 0.005682800430804491, "E24_agent3_norm": 0.006395750213414431, "E24_agent4_norm": 0.0055427150800824165, "E25_agent0_norm": 0.0033421816769987345, "E25_agent1_norm": 0.003944725729525089, "E25_agent2_norm": 0.003377530723810196, "E25_agent3_norm": 0.0038655896205455065, "E25_agent4_norm": 0.0032601773273199797, "E26_agent0_norm": 0.0017923143459483981, "E26_agent1_norm": 0.0032499234657734632, "E26_agent2_norm": 0.002843295456841588, "E26_agent3_norm": 0.0032985175494104624, "E26_agent4_norm": 0.0027969053480774164, "E27_agent0_norm": 4.969504630025767e-07, "E27_agent1_norm": 0.0019702715799212456, "E27_agent2_norm": 0.00243283249437809, "E27_agent3_norm": 0.0019926202949136496, "E27_agent4_norm": 0.00229655927978456, "E28_agent0_norm": 0.0012360874097794294, "E28_agent1_norm": 0.001397149870172143, "E28_agent2_norm": 0.0011806630063802004, "E28_agent3_norm": 0.0014228456420823932, "E28_agent4_norm": 0.0011985433520749211, "E29_agent0_norm": 0.0008601837325841188, "E29_agent1_norm": 0.0011955738300457597, "E29_agent2_norm": 0.001112541533075273, "E29_agent3_norm": 0.0011987262405455112, "E29_agent4_norm": 0.0010531197767704725, "E30_agent0_norm": 0.0006112840492278337, "E30_agent1_norm": 0.0008217584108933806, "E30_agent2_norm": 0.0005921080010011792, "E30_agent3_norm": 0.0008201951859518886, "E30_agent4_norm": 0.0005955658853054047, "E31_agent0_norm": 0.0006719613447785378, "E31_agent1_norm": 0.0005798059864901006, "E31_agent2_norm": 0.000695393537171185, "E31_agent3_norm": 0.0005792286247014999, "E31_agent4_norm": 0.0006999102770350873, "E32_agent0_norm": 0.0003080114256590605, "E32_agent1_norm": 0.0006231848965398967, "E32_agent2_norm": 0.0004335086268838495, "E32_agent3_norm": 0.000620461069047451, "E32_agent4_norm": 0.0004206052399240434, "E33_agent0_norm": 0.0006014227401465178, "E33_agent1_norm": 0.00029285496566444635, "E33_agent2_norm": 0.0005899091484025121, "E33_agent3_norm": 0.0002890625037252903, "E33_agent4_norm": 0.0005895287613384426, "E34_agent0_norm": 1.5300571476473124e-08, "E34_agent1_norm": 0.0005751003045588732, "E34_agent2_norm": 0.00021731543529313058, "E34_agent3_norm": 0.000574472185689956, "E34_agent4_norm": 0.000206019205506891, "E35_agent0_norm": 0.0005816983757540584, "E35_agent1_norm": 0.00014457368524745107, "E35_agent2_norm": 0.00015165016520768404, "E35_agent3_norm": 0.0005694131250493228, "E35_agent4_norm": 0.00014390007709152997, "E36_agent0_norm": 7.310166984098032e-05, "E36_agent1_norm": 0.000568241928704083, "E36_agent2_norm": 0.00010478893091203645, "E36_agent3_norm": 0.0005690102698281407, "E36_agent4_norm": 9.997929009841755e-05, "E37_agent0_norm": 5.306637103785761e-05, "E37_agent1_norm": 0.0005688680685125291, "E37_agent2_norm": 7.330908556468785e-05, "E37_agent3_norm": 0.0005693290149793029, "E37_agent4_norm": 7.230661140056327e-05, "E38_agent0_norm": 3.5881846997654065e-05, "E38_agent1_norm": 0.0005701637710444629, "E38_agent2_norm": 3.6331472074380144e-05, "E38_agent3_norm": 0.0005704841460101306, "E38_agent4_norm": 3.503050174913369e-05, "E39_agent0_norm": 0.0005749004776589572, "E39_agent1_norm": 3.505553468130529e-05, "E39_agent2_norm": 3.5899909562431276e-05, "E39_agent3_norm": 0.0005712634883821011, "E39_agent4_norm": 3.488772199489176e-05, "E40_agent0_norm": 1.8087182979797944e-05, "E40_agent1_norm": 0.0005720039480365813,