{"E1_agent0_norm": 2.1192662715911865, "E1_agent1_norm": 2.1759114265441895, "E1_agent2_norm": 2.1906158924102783, "E1_agent3_norm": 2.0174007415771484, "E1_agent4_norm": 2.1630663871765137, "E2_agent0_norm": 0.019581373780965805, "E2_agent1_norm": 0.7233027219772339, "E2_agent2_norm": 0.6841657161712646, "E2_agent3_norm": 0.7222673296928406, "E2_agent4_norm": 0.5518127679824829, "E3_agent0_norm": 0.010350060649216175, "E3_agent1_norm": 0.9923738241195679, "E3_agent2_norm": 0.9816100597381592, "E3_agent3_norm": 0.9903181791305542, "E3_agent4_norm": 0.9104978442192078, "E4_agent0_norm": 0.005514740943908691, "E4_agent1_norm": 0.7224947214126587, "E4_agent2_norm": 0.7250971794128418, "E4_agent3_norm": 0.7857982516288757, "E4_agent4_norm": 0.7188768982887268, "E5_agent0_norm": 0.005222455132752657, "E5_agent1_norm": 0.5314178466796875, "E5_agent2_norm": 0.5350046157836914, "E5_agent3_norm": 0.5546308755874634, "E5_agent4_norm": 0.5460063219070435, "E6_agent0_norm": 0.0016139141516759992, "E6_agent1_norm": 0.4135556221008301, "E6_agent2_norm": 0.42049187421798706, "E6_agent3_norm": 0.4244215786457062, "E6_agent4_norm": 0.41067689657211304, "E7_agent0_norm": 0.0016338506247848272, "E7_agent1_norm": 0.3355174958705902, "E7_agent2_norm": 0.3390333950519562, "E7_agent3_norm": 0.3361417353153229, "E7_agent4_norm": 0.32352617383003235, "E8_agent0_norm": 0.003154170699417591, "E8_agent1_norm": 0.28459635376930237, "E8_agent2_norm": 0.2869463860988617, "E8_agent3_norm": 0.2824137508869171, "E8_agent4_norm": 0.28553012013435364, "E9_agent0_norm": 0.0005655671120621264, "E9_agent1_norm": 0.2603088319301605, "E9_agent2_norm": 0.25527021288871765, "E9_agent3_norm": 0.27123966813087463, "E9_agent4_norm": 0.2788628339767456, "E10_agent0_norm": 0.0031948538962751627, "E10_agent1_norm": 0.2413480132818222, "E10_agent2_norm": 0.23471097648143768, "E10_agent3_norm": 0.26758670806884766, "E10_agent4_norm": 0.24866428971290588, "E11_agent0_norm": 0.0031190228182822466, "E11_agent1_norm": 0.22230297327041626, "E11_agent2_norm": 0.22027769684791565, "E11_agent3_norm": 0.24046024680137634, "E11_agent4_norm": 0.231881245970726, "E12_agent0_norm": 0.00014112729695625603, "E12_agent1_norm": 0.18388430774211884, "E12_agent2_norm": 0.18604283034801483, "E12_agent3_norm": 0.19986161589622498, "E12_agent4_norm": 0.20462489128112793, "E13_agent0_norm": 0.0030819345265626907, "E13_agent1_norm": 0.15986782312393188, "E13_agent2_norm": 0.15486212074756622, "E13_agent3_norm": 0.17071478068828583, "E13_agent4_norm": 0.17358948290348053, "E14_agent0_norm": 7.836645818315446e-05, "E14_agent1_norm": 0.11774323880672455, "E14_agent2_norm": 0.12345470488071442, "E14_agent3_norm": 0.12782421708106995, "E14_agent4_norm": 0.13291622698307037, "E15_agent0_norm": 0.0030432483181357384, "E15_agent1_norm": 0.09385278075933456, "E15_agent2_norm": 0.09361336380243301, "E15_agent3_norm": 0.09905492514371872, "E15_agent4_norm": 0.10208315402269363, "E16_agent0_norm": 4.029587944387458e-05, "E16_agent1_norm": 0.06799820810556412, "E16_agent2_norm": 0.07226640731096268, "E16_agent3_norm": 0.07103100419044495, "E16_agent4_norm": 0.07577715069055557, "E17_agent0_norm": 4.718301715911366e-05, "E17_agent1_norm": 0.04983772709965706, "E17_agent2_norm": 0.05406256392598152, "E17_agent3_norm": 0.054635655134916306, "E17_agent4_norm": 0.05596155300736427, "E18_agent0_norm": 2.163791941711679e-05, "E18_agent1_norm": 0.03798195347189903, "E18_agent2_norm": 0.04035402089357376, "E18_agent3_norm": 0.039989713579416275, "E18_agent4_norm": 0.04105650633573532, "E19_agent0_norm": 0.0029113562777638435, "E19_agent1_norm": 0.029651422053575516, "E19_agent2_norm": 0.028363240882754326, "E19_agent3_norm": 0.03056326135993004, "E19_agent4_norm": 0.030665116384625435, "E20_agent0_norm": 1.2373743629723322e-05, "E20_agent1_norm": 0.020403023809194565, "E20_agent2_norm": 0.022296931594610214, "E20_agent3_norm": 0.02072666585445404, "E20_agent4_norm": 0.022994214668869972, "E21_agent0_norm": 0.0028254056815057993, "E21_agent1_norm": 0.01576520875096321, "E21_agent2_norm": 0.016872843727469444, "E21_agent3_norm": 0.01664373092353344, "E21_agent4_norm": 0.017513014376163483, "E22_agent0_norm": 5.15438659931533e-06, "E22_agent1_norm": 0.01176790613681078, "E22_agent2_norm": 0.012019637040793896, "E22_agent3_norm": 0.012193948030471802, "E22_agent4_norm": 0.012327363714575768, "E23_agent0_norm": 0.00014619712601415813, "E23_agent1_norm": 0.008620829321444035, "E23_agent2_norm": 0.008810563012957573, "E23_agent3_norm": 0.008601153269410133, "E23_agent4_norm": 0.009255487471818924, "E24_agent0_norm": 1.583797825333022e-06, "E24_agent1_norm": 0.006054517347365618, "E24_agent2_norm": 0.006470720749348402, "E24_agent3_norm": 0.006356594618409872, "E24_agent4_norm": 0.006411826238036156, "E25_agent0_norm": 0.0024116733111441135, "E25_agent1_norm": 0.004425039514899254, "E25_agent2_norm": 0.003742806613445282, "E25_agent3_norm": 0.0046259937807917595, "E25_agent4_norm": 0.0037338025867938995, "E26_agent0_norm": 1.0011265203502262e-06, "E26_agent1_norm": 0.0025185327976942062, "E26_agent2_norm": 0.003270242363214493, "E26_agent3_norm": 0.0025756298564374447, "E26_agent4_norm": 0.0033741251099854708, "E27_agent0_norm": 2.601898927423463e-07, "E27_agent1_norm": 0.0018843646394088864, "E27_agent2_norm": 0.002346799010410905, "E27_agent3_norm": 0.0018957549473270774, "E27_agent4_norm": 0.002331936964765191, "E28_agent0_norm": 0.0016993270255625248, "E28_agent1_norm": 0.0015839494299143553, "E28_agent2_norm": 0.0016198797384276986, "E28_agent3_norm": 0.0016978253843262792, "E28_agent4_norm": 0.0015794081846252084, "E29_agent0_norm": 1.078378986107964e-07, "E29_agent1_norm": 0.001378029352054, "E29_agent2_norm": 0.0012018419802188873, "E29_agent3_norm": 0.0013772351667284966, "E29_agent4_norm": 0.0011644444894045591, "E30_agent0_norm": 8.218302838258751e-08, "E30_agent1_norm": 0.0013096166076138616, "E30_agent2_norm": 0.0008443127735517919, "E30_agent3_norm": 0.0013042852515354753, "E30_agent4_norm": 0.0008446210413239896, "E31_agent0_norm": 0.001394985942170024, "E31_agent1_norm": 0.000553121673874557, "E31_agent2_norm": 0.0012888432247564197, "E31_agent3_norm": 0.0006048622308298945, "E31_agent4_norm": 0.0012811943888664246, "E32_agent0_norm": 3.861351061118512e-08, "E32_agent1_norm": 0.0012866355245932937, "E32_agent2_norm": 0.00042754673631861806, "E32_agent3_norm": 0.0012792499037459493, "E32_agent4_norm": 0.0004222502466291189, "E33_agent0_norm": 0.0013443969655781984, "E33_agent1_norm": 0.00028105286764912307, "E33_agent2_norm": 0.0012889221543446183, "E33_agent3_norm": 0.0002900655090343207, "E33_agent4_norm": 0.0012854181695729494, "E34_agent0_norm": 5.720109541584861e-08, "E34_agent1_norm": 0.0012987848604097962, "E34_agent2_norm": 0.00021002387802582234, "E34_agent3_norm": 0.0012959577143192291, "E34_agent4_norm": 0.00020883098477497697, "E35_agent0_norm": 0.001329693361185491, "E35_agent1_norm": 0.00013629630848299712, "E35_agent2_norm": 0.0013037349563091993, "E35_agent3_norm": 0.00014274239947553724, "E35_agent4_norm": 0.0013022227212786674, "E36_agent0_norm": 7.842973381855245e-09, "E36_agent1_norm": 0.0013108000857755542, "E36_agent2_norm": 0.00010398784797871485, "E36_agent3_norm": 0.0013084826059639454, "E36_agent4_norm": 0.00010140126687474549, "E37_agent0_norm": 0.00132620835211128, "E37_agent1_norm": 6.827226025052369e-05, "E37_agent2_norm": 0.0013134225737303495, "E37_agent3_norm": 7.006157102296129e-05, "E37_agent4_norm": 0.0013126225676387548, "E38_agent0_norm": 1.8051080630243632e-08, "E38_agent1_norm": 0.0013172706821933389, "E38_agent2_norm": 4.988988803233951e-05, "E38_agent3_norm": 0.001316244131885469, "E38_agent4_norm": 5.078835238236934e-05, "E39_agent0_norm": 0.0013253043871372938, "E39_agent1_norm": 3.2675852708052844e-05, "E39_agent2_norm": 0.001319166156463325, "E39_agent3_norm": 3.46176530001685e-05, "E39_agent4_norm": 0.0013187610311433673, "E40_agent0_norm": 2.8677221708406364e-10,