{"Agent0_Epoch1": 0.29562026262283325, "Agent1_Epoch1": 0.29151779413223267, "Agent2_Epoch1": 0.9906709790229797, "Agent3_Epoch1": 0.990573525428772, "Agent4_Epoch1": 0.996523916721344, "Agent0_Epoch2": 0.05147266387939453, "Agent1_Epoch2": 0.29067617654800415, "Agent2_Epoch2": 0.29079556465148926, "Agent3_Epoch2": 0.2913733124732971, "Agent4_Epoch2": 0.29115694761276245, "Agent0_Epoch3": 0.028362274169921875, "Agent1_Epoch3": 0.12410956621170044, "Agent2_Epoch3": 0.12303835153579712, "Agent3_Epoch3": 0.12506353855133057, "Agent4_Epoch3": 0.12444669008255005, "Agent0_Epoch4": 0.017513275146484375, "Agent1_Epoch4": 0.05609041452407837, "Agent2_Epoch4": 0.0565987229347229, "Agent3_Epoch4": 0.05834609270095825, "Agent4_Epoch4": 0.05848461389541626, "Agent0_Epoch5": 0.012006580829620361, "Agent1_Epoch5": 0.02965480089187622, "Agent2_Epoch5": 0.030063211917877197, "Agent3_Epoch5": 0.030449390411376953, "Agent4_Epoch5": 0.030539989471435547, "Agent0_Epoch6": 0.008485376834869385, "Agent1_Epoch6": 0.017214953899383545, "Agent2_Epoch6": 0.017221927642822266, "Agent3_Epoch6": 0.01796478033065796, "Agent4_Epoch6": 0.017713487148284912, "Agent0_Epoch7": 0.006285905838012695, "Agent1_Epoch7": 0.010975241661071777, "Agent2_Epoch7": 0.011152803897857666, "Agent3_Epoch7": 0.01118171215057373, "Agent4_Epoch7": 0.011412858963012695, "Agent0_Epoch8": 0.004739701747894287, "Agent1_Epoch8": 0.007380306720733643, "Agent2_Epoch8": 0.007502555847167969, "Agent3_Epoch8": 0.007486999034881592, "Agent4_Epoch8": 0.007574260234832764, "Agent0_Epoch9": 0.003750622272491455, "Agent1_Epoch9": 0.005344092845916748, "Agent2_Epoch9": 0.005162060260772705, "Agent3_Epoch9": 0.005419135093688965, "Agent4_Epoch9": 0.005501389503479004, "Agent0_Epoch10": 0.0030747652053833008, "Agent1_Epoch10": 0.004088282585144043, "Agent2_Epoch10": 0.0039917826652526855, "Agent3_Epoch10": 0.004014313220977783, "Agent4_Epoch10": 0.004188179969787598, "Agent0_Epoch11": 0.002564072608947754, "Agent1_Epoch11": 0.003229498863220215, "Agent2_Epoch11": 0.0031386613845825195, "Agent3_Epoch11": 0.003219306468963623, "Agent4_Epoch11": 0.003328561782836914, "Agent0_Epoch12": 0.002167999744415283, "Agent1_Epoch12": 0.002615988254547119, "Agent2_Epoch12": 0.0025401711463928223, "Agent3_Epoch12": 0.0026453137397766113, "Agent4_Epoch12": 0.002696812152862549, "Agent0_Epoch13": 0.001827239990234375, "Agent1_Epoch13": 0.002131044864654541, "Agent2_Epoch13": 0.0021141767501831055, "Agent3_Epoch13": 0.0020911097526550293, "Agent4_Epoch13": 0.002149045467376709, "Agent0_Epoch14": 0.0014770030975341797, "Agent1_Epoch14": 0.0016762018203735352, "Agent2_Epoch14": 0.0017029643058776855, "Agent3_Epoch14": 0.00169450044631958, "Agent4_Epoch14": 0.0017444491386413574, "Agent0_Epoch15": 0.0011720061302185059, "Agent1_Epoch15": 0.0013007521629333496, "Agent2_Epoch15": 0.0013086199760437012, "Agent3_Epoch15": 0.001314401626586914, "Agent4_Epoch15": 0.00131148099899292, "Agent0_Epoch16": 0.0008890032768249512, "Agent1_Epoch16": 0.0009687542915344238, "Agent2_Epoch16": 0.0009832978248596191, "Agent3_Epoch16": 0.0009830594062805176, "Agent4_Epoch16": 0.0009812712669372559, "Agent0_Epoch17": 0.0006620883941650391, "Agent1_Epoch17": 0.0007107853889465332, "Agent2_Epoch17": 0.0007179379463195801, "Agent3_Epoch17": 0.0007146000862121582, "Agent4_Epoch17": 0.0007132291793823242, "Agent0_Epoch18": 0.00047981739044189453, "Agent1_Epoch18": 0.0005087852478027344, "Agent2_Epoch18": 0.000519871711730957, "Agent3_Epoch18": 0.0005168318748474121, "Agent4_Epoch18": 0.0005157589912414551, "Agent0_Epoch19": 0.00034493207931518555, "Agent1_Epoch19": 0.0003619194030761719, "Agent2_Epoch19": 0.0003643035888671875, "Agent3_Epoch19": 0.00036454200744628906, "Agent4_Epoch19": 0.0003650784492492676, "Agent0_Epoch20": 0.00024318695068359375, "Agent1_Epoch20": 0.00025278329849243164, "Agent2_Epoch20": 0.00025528669357299805, "Agent3_Epoch20": 0.00025403499603271484, "Agent4_Epoch20": 0.0002549886703491211, "Agent0_Epoch21": 0.00016951560974121094, "Agent1_Epoch21": 0.00017493963241577148, "Agent2_Epoch21": 0.00017535686492919922, "Agent3_Epoch21": 0.00017559528350830078, "Agent4_Epoch21": 0.00017654895782470703, "Agent0_Epoch22": 0.00011682510375976562, "Agent1_Epoch22": 0.0001201629638671875, "Agent2_Epoch22": 0.00012046098709106445, "Agent3_Epoch22": 0.00011992454528808594, "Agent4_Epoch22": 0.00012028217315673828, "Agent0_Epoch23": 7.998943328857422e-05, "Agent1_Epoch23": 8.159875869750977e-05, "Agent2_Epoch23": 8.183717727661133e-05, "Agent3_Epoch23": 8.159875869750977e-05, "Agent4_Epoch23": 8.14199447631836e-05, "Agent0_Epoch24": 5.40614128112793e-05, "Agent1_Epoch24": 5.4955482482910156e-05, "Agent2_Epoch24": 5.519390106201172e-05, "Agent3_Epoch24": 5.4955482482910156e-05, "Agent4_Epoch24": 5.549192428588867e-05, "Agent0_Epoch25": 3.635883331298828e-05, "Agent1_Epoch25": 3.695487976074219e-05, "Agent2_Epoch25": 3.68952751159668e-05, "Agent3_Epoch25": 3.68952751159668e-05, "Agent4_Epoch25": 3.707408905029297e-05, "Agent0_Epoch26": 2.4497509002685547e-05, "Agent1_Epoch26": 2.47955322265625e-05, "Agent2_Epoch26": 2.47955322265625e-05, "Agent3_Epoch26": 2.4616718292236328e-05, "Agent4_Epoch26": 2.473592758178711e-05, "Agent0_Epoch27": 1.621246337890625e-05, "Agent1_Epoch27": 1.6450881958007812e-05, "Agent2_Epoch27": 1.6450881958007812e-05, "Agent3_Epoch27": 1.6391277313232422e-05, "Agent4_Epoch27": 1.6450881958007812e-05, "Agent0_Epoch28": 1.0788440704345703e-05, "Agent1_Epoch28": 1.0728836059570312e-05, "Agent2_Epoch28": 1.0728836059570312e-05, "Agent3_Epoch28": 1.0728836059570312e-05, "Agent4_Epoch28": 1.0728836059570312e-05, "Agent0_Epoch29": 7.152557373046875e-06, "Agent1_Epoch29": 7.152557373046875e-06, "Agent2_Epoch29": 7.152557373046875e-06, "Agent3_Epoch29": 6.973743438720703e-06, "Agent4_Epoch29": 7.092952728271484e-06, "Agent0_Epoch30": 4.76837158203125e-06, "Agent1_Epoch30": 4.76837158203125e-06, "Agent2_Epoch30": 4.649162292480469e-06, "Agent3_Epoch30": 4.649162292480469e-06, "Agent4_Epoch30": 4.649162292480469e-06, "Agent0_Epoch31": 3.039836883544922e-06, "Agent1_Epoch31": 2.9802322387695312e-06, "Agent2_Epoch31": 2.9802322387695312e-06, "Agent3_Epoch31": 3.0994415283203125e-06, "Agent4_Epoch31": 3.0994415283203125e-06, "Agent0_Epoch32": 2.1457672119140625e-06, "Agent1_Epoch32": 2.0265579223632812e-06, "Agent2_Epoch32": 2.0265579223632812e-06, "Agent3_Epoch32": 2.0265579223632812e-06, "Agent4_Epoch32": 2.0265579223632812e-06, "Agent0_Epoch33": 1.3709068298339844e-06, "Agent1_Epoch33": 1.1920928955078125e-06, "Agent2_Epoch33": 1.3709068298339844e-06, "Agent3_Epoch33": 1.3113021850585938e-06, "Agent4_Epoch33": 1.1920928955078125e-06, "Agent0_Epoch34": 7.152557373046875e-07, "Agent1_Epoch34": 6.556510925292969e-07, "Agent2_Epoch34": 6.556510925292969e-07, "Agent3_Epoch34": 7.152557373046875e-07, "Agent4_Epoch34": 7.152557373046875e-07, "Agent0_Epoch35": 5.364418029785156e-07, "Agent1_Epoch35": 5.364418029785156e-07, "Agent2_Epoch35": 5.364418029785156e-07, "Agent3_Epoch35": 5.364418029785156e-07, "Agent4_Epoch35": 5.364418029785156e-07, "Agent0_Epoch36": 4.76837158203125e-07, "Agent1_Epoch36": 4.76837158203125e-07, "Agent2_Epoch36": 4.76837158203125e-07, "Agent3_Epoch36": 4.76837158203125e-07, "Agent4_Epoch36": 4.76837158203125e-07, "Agent0_Epoch37": 3.5762786865234375e-07, "Agent1_Epoch37": 2.980232238769531e-07, "Agent2_Epoch37": 2.980232238769531e-07, "Agent3_Epoch37": 1.7881393432617188e-07, "Agent4_Epoch37": 3.5762786865234375e-07, "Agent0_Epoch38": 2.980232238769531e-07, "Agent1_Epoch38": 2.980232238769531e-07, "Agent2_Epoch38": 1.1920928955078125e-07, "Agent3_Epoch38": 2.980232238769531e-07, "Agent4_Epoch38": 2.980232238769531e-07, "Agent0_Epoch39": 0.0, "Agent1_Epoch39": 0.0, "Agent2_Epoch39": 0.0, "Agent3_Epoch39": 0.0, "Agent4_Epoch39": 0.0, "Agent0_Epoch40": 1.7881393432617188e-07, "Agent1_Epoch40": 0.0, "Agent2_Epoch40": 0.0, "Agent3_Epoch40": 1.7881393432617188e-07, "Agent4_Epoch40": 0.0, "Agent0_Epoch41": 0.0,