{"E1_agent0_norm": 1.8271619081497192, "E1_agent1_norm": 2.078711748123169, "E1_agent2_norm": 1.9118363857269287, "E1_agent3_norm": 2.3237409591674805, "E1_agent4_norm": 2.2248504161834717, "E2_agent0_norm": 0.020446252077817917, "E2_agent1_norm": 0.576599657535553, "E2_agent2_norm": 0.41488730907440186, "E2_agent3_norm": 0.4621833562850952, "E2_agent4_norm": 0.4566863179206848, "E3_agent0_norm": 0.010169844143092632, "E3_agent1_norm": 0.7976408004760742, "E3_agent2_norm": 0.6808814406394958, "E3_agent3_norm": 0.684019923210144, "E3_agent4_norm": 0.6901597380638123, "E4_agent0_norm": 0.005808512680232525, "E4_agent1_norm": 0.7706438899040222, "E4_agent2_norm": 0.755412757396698, "E4_agent3_norm": 0.8049284815788269, "E4_agent4_norm": 0.758812427520752, "E5_agent0_norm": 0.002823584945872426, "E5_agent1_norm": 0.5819052457809448, "E5_agent2_norm": 0.5524080991744995, "E5_agent3_norm": 0.5687165856361389, "E5_agent4_norm": 0.5608645081520081, "E6_agent0_norm": 0.0026953963097184896, "E6_agent1_norm": 0.44523510336875916, "E6_agent2_norm": 0.41873645782470703, "E6_agent3_norm": 0.43905943632125854, "E6_agent4_norm": 0.4411279857158661, "E7_agent0_norm": 0.0012043174356222153, "E7_agent1_norm": 0.31923750042915344, "E7_agent2_norm": 0.3134126365184784, "E7_agent3_norm": 0.3155784606933594, "E7_agent4_norm": 0.3352653384208679, "E8_agent0_norm": 0.0010382344480603933, "E8_agent1_norm": 0.3055357336997986, "E8_agent2_norm": 0.28003090620040894, "E8_agent3_norm": 0.2835766673088074, "E8_agent4_norm": 0.282194584608078, "E9_agent0_norm": 0.0006170611013658345, "E9_agent1_norm": 0.26889127492904663, "E9_agent2_norm": 0.234956294298172, "E9_agent3_norm": 0.23135793209075928, "E9_agent4_norm": 0.24204722046852112, "E10_agent0_norm": 0.00039384147385135293, "E10_agent1_norm": 0.2565726339817047, "E10_agent2_norm": 0.2288081794977188, "E10_agent3_norm": 0.22104321420192719, "E10_agent4_norm": 0.23141852021217346, "E11_agent0_norm": 0.00047504191752523184, "E11_agent1_norm": 0.2367750108242035, "E11_agent2_norm": 0.20709127187728882, "E11_agent3_norm": 0.19953002035617828, "E11_agent4_norm": 0.19965295493602753, "E12_agent0_norm": 0.00019210443133488297, "E12_agent1_norm": 0.20837117731571198, "E12_agent2_norm": 0.18388527631759644, "E12_agent3_norm": 0.17993959784507751, "E12_agent4_norm": 0.18452446162700653, "E13_agent0_norm": 0.0002820201334543526, "E13_agent1_norm": 0.18104399740695953, "E13_agent2_norm": 0.16073253750801086, "E13_agent3_norm": 0.1538776457309723, "E13_agent4_norm": 0.15352393686771393, "E14_agent0_norm": 0.00012424116721376777, "E14_agent1_norm": 0.14012131094932556, "E14_agent2_norm": 0.12956656515598297, "E14_agent3_norm": 0.12750743329524994, "E14_agent4_norm": 0.13036131858825684, "E15_agent0_norm": 0.000202861032448709, "E15_agent1_norm": 0.10637897253036499, "E15_agent2_norm": 0.09783192723989487, "E15_agent3_norm": 0.10140649229288101, "E15_agent4_norm": 0.09963426738977432, "E16_agent0_norm": 4.663714935304597e-05, "E16_agent1_norm": 0.07798271626234055, "E16_agent2_norm": 0.07573803514242172, "E16_agent3_norm": 0.07887208461761475, "E16_agent4_norm": 0.07686825096607208, "E17_agent0_norm": 2.919383223343175e-05, "E17_agent1_norm": 0.057733774185180664, "E17_agent2_norm": 0.05543431639671326, "E17_agent3_norm": 0.05712379142642021, "E17_agent4_norm": 0.0566132627427578, "E18_agent0_norm": 1.6784766557975672e-05, "E18_agent1_norm": 0.041246648877859116, "E18_agent2_norm": 0.04050947353243828, "E18_agent3_norm": 0.042673509567976, "E18_agent4_norm": 0.04228300601243973, "E19_agent0_norm": 1.5390018234029412e-05, "E19_agent1_norm": 0.030844833701848984, "E19_agent2_norm": 0.029146995395421982, "E19_agent3_norm": 0.03138153254985809, "E19_agent4_norm": 0.030792372301220894, "E20_agent0_norm": 7.83092309575295e-06, "E20_agent1_norm": 0.021643752232193947, "E20_agent2_norm": 0.021997837349772453, "E20_agent3_norm": 0.02235112152993679, "E20_agent4_norm": 0.02265208773314953, "E21_agent0_norm": 4.7826006266404875e-06, "E21_agent1_norm": 0.016232434660196304, "E21_agent2_norm": 0.015337616205215454, "E21_agent3_norm": 0.016067668795585632, "E21_agent4_norm": 0.01652192883193493, "E22_agent0_norm": 3.98557949665701e-06, "E22_agent1_norm": 0.011511963792145252, "E22_agent2_norm": 0.011379072442650795, "E22_agent3_norm": 0.011669375002384186, "E22_agent4_norm": 0.011612883768975735, "E23_agent0_norm": 2.584685944384546e-06, "E23_agent1_norm": 0.008422447368502617, "E23_agent2_norm": 0.008182023651897907, "E23_agent3_norm": 0.008450279943645, "E23_agent4_norm": 0.008365297690033913, "E24_agent0_norm": 2.2105741663835943e-06, "E24_agent1_norm": 0.006026657298207283, "E24_agent2_norm": 0.0059563759714365005, "E24_agent3_norm": 0.006205103360116482, "E24_agent4_norm": 0.006110963877290487, "E25_agent0_norm": 2.9897632884967607e-06, "E25_agent1_norm": 0.004307217430323362, "E25_agent2_norm": 0.004301257897168398, "E25_agent3_norm": 0.004266978707164526, "E25_agent4_norm": 0.004228079691529274, "E26_agent0_norm": 4.403258628826734e-07, "E26_agent1_norm": 0.0031553504522889853, "E26_agent2_norm": 0.0029970405157655478, "E26_agent3_norm": 0.0030666766688227654, "E26_agent4_norm": 0.003026903374120593, "E27_agent0_norm": 6.314829192888283e-07, "E27_agent1_norm": 0.0021782980766147375, "E27_agent2_norm": 0.0021468917839229107, "E27_agent3_norm": 0.002247400116175413, "E27_agent4_norm": 0.0022282139398157597, "E28_agent0_norm": 2.490864403625892e-07, "E28_agent1_norm": 0.0015646114479750395, "E28_agent2_norm": 0.0015079730655997992, "E28_agent3_norm": 0.0015688170678913593, "E28_agent4_norm": 0.0015397361712530255, "E29_agent0_norm": 3.5495140764396638e-06, "E29_agent1_norm": 0.0011222108732908964, "E29_agent2_norm": 0.0010639949468895793, "E29_agent3_norm": 0.0011053482303395867, "E29_agent4_norm": 0.00111235526856035, "E30_agent0_norm": 9.548617185828334e-08, "E30_agent1_norm": 0.0007967684068717062, "E30_agent2_norm": 0.0007739108405075967, "E30_agent3_norm": 0.000803056638687849, "E30_agent4_norm": 0.0007705638417974114, "E31_agent0_norm": 1.7743952867022017e-06, "E31_agent1_norm": 0.000558247440494597, "E31_agent2_norm": 0.000531944097019732, "E31_agent3_norm": 0.0005628311773762107, "E31_agent4_norm": 0.0005587916821241379, "E32_agent0_norm": 8.652013150367566e-08, "E32_agent1_norm": 0.0003885671612806618, "E32_agent2_norm": 0.00037825299659743905, "E32_agent3_norm": 0.0003825100720860064, "E32_agent4_norm": 0.00038635655073449016, "E33_agent0_norm": 6.50341689834022e-06, "E33_agent1_norm": 0.0002662723418325186, "E33_agent2_norm": 0.0002671917318366468, "E33_agent3_norm": 0.00027788514853455126, "E33_agent4_norm": 0.0002639460435602814, "E34_agent0_norm": 9.19841092184015e-09, "E34_agent1_norm": 0.00019392601097933948, "E34_agent2_norm": 0.0001926941331475973, "E34_agent3_norm": 0.00019017605518456548, "E34_agent4_norm": 0.0001926335389725864, "E35_agent0_norm": 5.320281104559399e-09, "E35_agent1_norm": 0.00013489145203493536, "E35_agent2_norm": 0.00013388639490585774, "E35_agent3_norm": 0.00013555778423324227, "E35_agent4_norm": 0.00013133823813404888, "E36_agent0_norm": 3.2092348778434143e-09, "E36_agent1_norm": 9.57637166720815e-05, "E36_agent2_norm": 9.220904757967219e-05, "E36_agent3_norm": 9.473675163462758e-05, "E36_agent4_norm": 9.364652942167595e-05, "E37_agent0_norm": 2.844175783778269e-09, "E37_agent1_norm": 6.656511686742306e-05, "E37_agent2_norm": 6.506189674837515e-05, "E37_agent3_norm": 6.779321847716346e-05, "E37_agent4_norm": 6.690737791359425e-05, "E38_agent0_norm": 2.691751044281432e-09, "E38_agent1_norm": 4.725140024675056e-05, "E38_agent2_norm": 4.626045483746566e-05, "E38_agent3_norm": 4.7428151447093114e-05, "E38_agent4_norm": 4.629470640793443e-05, "E39_agent0_norm": 1.191408527390081e-09, "E39_agent1_norm": 3.290030872449279e-05, "E39_agent2_norm": 3.246529377065599e-05, "E39_agent3_norm": 3.3424777939217165e-05, "E39_agent4_norm": 3.3458025427535176e-05, "E40_agent0_norm": 7.449034167272828e-10,