{"E1_agent0_norm": 2.015740156173706, "E1_agent1_norm": 2.387636661529541, "E1_agent2_norm": 2.196749687194824, "E1_agent3_norm": 2.1695480346679688, "E1_agent4_norm": 1.90864098072052, "E2_agent0_norm": 0.022539515048265457, "E2_agent1_norm": 0.5239384174346924, "E2_agent2_norm": 0.47119712829589844, "E2_agent3_norm": 0.5294999480247498, "E2_agent4_norm": 0.5492826700210571, "E3_agent0_norm": 0.010394707322120667, "E3_agent1_norm": 0.8018839955329895, "E3_agent2_norm": 0.8298799395561218, "E3_agent3_norm": 0.7994571924209595, "E3_agent4_norm": 0.86922687292099, "E4_agent0_norm": 0.005413173232227564, "E4_agent1_norm": 0.7242540121078491, "E4_agent2_norm": 0.726382851600647, "E4_agent3_norm": 0.667995810508728, "E4_agent4_norm": 0.6663199663162231, "E5_agent0_norm": 0.0054733408614993095, "E5_agent1_norm": 0.5396472215652466, "E5_agent2_norm": 0.5397709608078003, "E5_agent3_norm": 0.5511537790298462, "E5_agent4_norm": 0.508953869342804, "E6_agent0_norm": 0.004624225664883852, "E6_agent1_norm": 0.42856672406196594, "E6_agent2_norm": 0.42115017771720886, "E6_agent3_norm": 0.4221937954425812, "E6_agent4_norm": 0.4054010510444641, "E7_agent0_norm": 0.0011443194234743714, "E7_agent1_norm": 0.35672062635421753, "E7_agent2_norm": 0.3297179341316223, "E7_agent3_norm": 0.3395993709564209, "E7_agent4_norm": 0.33052897453308105, "E8_agent0_norm": 0.0009345114231109619, "E8_agent1_norm": 0.2877083420753479, "E8_agent2_norm": 0.2850952446460724, "E8_agent3_norm": 0.31573599576950073, "E8_agent4_norm": 0.2792922854423523, "E9_agent0_norm": 0.00182674964889884, "E9_agent1_norm": 0.2532464563846588, "E9_agent2_norm": 0.2564384341239929, "E9_agent3_norm": 0.26735934615135193, "E9_agent4_norm": 0.2536758780479431, "E10_agent0_norm": 0.0014479475794360042, "E10_agent1_norm": 0.2409134954214096, "E10_agent2_norm": 0.23910093307495117, "E10_agent3_norm": 0.2551723122596741, "E10_agent4_norm": 0.2351384460926056, "E11_agent0_norm": 0.0009088080259971321, "E11_agent1_norm": 0.21247722208499908, "E11_agent2_norm": 0.215653657913208, "E11_agent3_norm": 0.22683852910995483, "E11_agent4_norm": 0.2067708820104599, "E12_agent0_norm": 0.0009085246711038053, "E12_agent1_norm": 0.18917948007583618, "E12_agent2_norm": 0.18624179065227509, "E12_agent3_norm": 0.19669252634048462, "E12_agent4_norm": 0.18392406404018402, "E13_agent0_norm": 0.00016922244685702026, "E13_agent1_norm": 0.15438416600227356, "E13_agent2_norm": 0.16103839874267578, "E13_agent3_norm": 0.15851864218711853, "E13_agent4_norm": 0.15096566081047058, "E14_agent0_norm": 8.87147689354606e-05, "E14_agent1_norm": 0.12258964776992798, "E14_agent2_norm": 0.12295055389404297, "E14_agent3_norm": 0.12663748860359192, "E14_agent4_norm": 0.12282155454158783, "E15_agent0_norm": 8.278447785414755e-05, "E15_agent1_norm": 0.09517334401607513, "E15_agent2_norm": 0.09329567849636078, "E15_agent3_norm": 0.08983207494020462, "E15_agent4_norm": 0.09066284447908401, "E16_agent0_norm": 7.051716966088861e-05, "E16_agent1_norm": 0.06843654066324234, "E16_agent2_norm": 0.06926024705171585, "E16_agent3_norm": 0.07120371609926224, "E16_agent4_norm": 0.06698162853717804, "E17_agent0_norm": 3.994904182036407e-05, "E17_agent1_norm": 0.05249584838747978, "E17_agent2_norm": 0.050104811787605286, "E17_agent3_norm": 0.05120252072811127, "E17_agent4_norm": 0.050129905343055725, "E18_agent0_norm": 3.436484621488489e-05, "E18_agent1_norm": 0.03931644186377525, "E18_agent2_norm": 0.036441341042518616, "E18_agent3_norm": 0.03733722120523453, "E18_agent4_norm": 0.037061434239149094, "E19_agent0_norm": 1.512953622295754e-05, "E19_agent1_norm": 0.028008170425891876, "E19_agent2_norm": 0.027620689943432808, "E19_agent3_norm": 0.027536021545529366, "E19_agent4_norm": 0.027105804532766342, "E20_agent0_norm": 7.340963747992646e-06, "E20_agent1_norm": 0.020541314035654068, "E20_agent2_norm": 0.020132074132561684, "E20_agent3_norm": 0.020346680656075478, "E20_agent4_norm": 0.01988576538860798, "E21_agent0_norm": 7.364698376477463e-06, "E21_agent1_norm": 0.015140029601752758, "E21_agent2_norm": 0.015130220912396908, "E21_agent3_norm": 0.014856817200779915, "E21_agent4_norm": 0.014588028192520142, "E22_agent0_norm": 4.6087816372164525e-06, "E22_agent1_norm": 0.01101048942655325, "E22_agent2_norm": 0.010769245214760303, "E22_agent3_norm": 0.010639065876603127, "E22_agent4_norm": 0.01063532941043377, "E23_agent0_norm": 2.291760893058381e-06, "E23_agent1_norm": 0.007946595549583435, "E23_agent2_norm": 0.00758436368778348, "E23_agent3_norm": 0.007995197549462318, "E23_agent4_norm": 0.007807886227965355, "E24_agent0_norm": 3.7003930628998205e-05, "E24_agent1_norm": 0.005795606411993504, "E24_agent2_norm": 0.005608654115349054, "E24_agent3_norm": 0.005500635597854853, "E24_agent4_norm": 0.005494792480021715, "E25_agent0_norm": 1.547387796563271e-06, "E25_agent1_norm": 0.004065157845616341, "E25_agent2_norm": 0.004062704276293516, "E25_agent3_norm": 0.004080822225660086, "E25_agent4_norm": 0.004074060823768377, "E26_agent0_norm": 8.772058208705857e-07, "E26_agent1_norm": 0.0028540301136672497, "E26_agent2_norm": 0.002882835455238819, "E26_agent3_norm": 0.002871172269806266, "E26_agent4_norm": 0.002861272543668747, "E27_agent0_norm": 8.07145454473357e-07, "E27_agent1_norm": 0.0020594350062310696, "E27_agent2_norm": 0.0020039782393723726, "E27_agent3_norm": 0.0020287807565182447, "E27_agent4_norm": 0.0020226784981787205, "E28_agent0_norm": 1.386856547469506e-05, "E28_agent1_norm": 0.0013950864085927606, "E28_agent2_norm": 0.0014927282463759184, "E28_agent3_norm": 0.0014308044919744134, "E28_agent4_norm": 0.0014754742151126266, "E29_agent0_norm": 1.6424216653376789e-07, "E29_agent1_norm": 0.0010413291165605187, "E29_agent2_norm": 0.0010486283572390676, "E29_agent3_norm": 0.0010291311191394925, "E29_agent4_norm": 0.0010134850163012743, "E30_agent0_norm": 7.101974460965721e-06, "E30_agent1_norm": 0.0007370320381596684, "E30_agent2_norm": 0.0007171232136897743, "E30_agent3_norm": 0.0007242115680128336, "E30_agent4_norm": 0.0007178320083767176, "E31_agent0_norm": 1.311616131260962e-07, "E31_agent1_norm": 0.0005156900151632726, "E31_agent2_norm": 0.0005133909289725125, "E31_agent3_norm": 0.0005100994603708386, "E31_agent4_norm": 0.0005225938512012362, "E32_agent0_norm": 3.58298635205756e-08, "E32_agent1_norm": 0.0003613751905504614, "E32_agent2_norm": 0.00036950173671357334, "E32_agent3_norm": 0.000358387129381299, "E32_agent4_norm": 0.000356945936800912, "E33_agent0_norm": 3.676083437653688e-08, "E33_agent1_norm": 0.0002562892623245716, "E33_agent2_norm": 0.0002524134761188179, "E33_agent3_norm": 0.00025311001809313893, "E33_agent4_norm": 0.00025529824779368937, "E34_agent0_norm": 1.0566625263663809e-07, "E34_agent1_norm": 0.00017497793305665255, "E34_agent2_norm": 0.00017603996093384922, "E34_agent3_norm": 0.000181635346962139, "E34_agent4_norm": 0.00017854952602647245, "E35_agent0_norm": 1.5914496387381405e-08, "E35_agent1_norm": 0.0001267686893697828, "E35_agent2_norm": 0.00012256386980880052, "E35_agent3_norm": 0.0001256947434740141, "E35_agent4_norm": 0.00012552783300634474, "E36_agent0_norm": 2.796667963878008e-08, "E36_agent1_norm": 8.911939949030057e-05, "E36_agent2_norm": 8.677252480993047e-05, "E36_agent3_norm": 9.211701399181038e-05, "E36_agent4_norm": 8.818959031486884e-05, "E37_agent0_norm": 2.2684414346940684e-09, "E37_agent1_norm": 6.31763759884052e-05, "E37_agent2_norm": 6.105087231844664e-05, "E37_agent3_norm": 6.222768570296466e-05, "E37_agent4_norm": 6.0369533457560465e-05, "E38_agent0_norm": 7.038650773338873e-10, "E38_agent1_norm": 4.319834988564253e-05, "E38_agent2_norm": 4.2003630369435996e-05, "E38_agent3_norm": 4.3201282096561044e-05, "E38_agent4_norm": 4.31582193414215e-05, "E39_agent0_norm": 2.318660152766938e-09, "E39_agent1_norm": 3.093343912041746e-05, "E39_agent2_norm": 3.1535055313725024e-05, "E39_agent3_norm": 3.058132278965786e-05, "E39_agent4_norm": 2.9616714527946897e-05, "E40_agent0_norm": 6.363756188676462e-10,