{"Agent0_Epoch1": 0.29191333055496216, "Agent1_Epoch1": 0.29251039028167725, "Agent2_Epoch1": 0.9991981983184814, "Agent3_Epoch1": 0.9890817999839783, "Agent4_Epoch1": 0.9939946532249451, "Agent0_Epoch2": 0.0539742112159729, "Agent1_Epoch2": 0.30073171854019165, "Agent2_Epoch2": 0.30545639991760254, "Agent3_Epoch2": 0.3050599694252014, "Agent4_Epoch2": 0.3042517900466919, "Agent0_Epoch3": 0.0331575870513916, "Agent1_Epoch3": 0.13653093576431274, "Agent2_Epoch3": 0.14841467142105103, "Agent3_Epoch3": 0.1464429497718811, "Agent4_Epoch3": 0.140994131565094, "Agent0_Epoch4": 0.022277235984802246, "Agent1_Epoch4": 0.06850916147232056, "Agent2_Epoch4": 0.06979626417160034, "Agent3_Epoch4": 0.07025974988937378, "Agent4_Epoch4": 0.07071191072463989, "Agent0_Epoch5": 0.015324056148529053, "Agent1_Epoch5": 0.03710085153579712, "Agent2_Epoch5": 0.03825348615646362, "Agent3_Epoch5": 0.03818124532699585, "Agent4_Epoch5": 0.0383305549621582, "Agent0_Epoch6": 0.010803699493408203, "Agent1_Epoch6": 0.021728157997131348, "Agent2_Epoch6": 0.02267354726791382, "Agent3_Epoch6": 0.022468864917755127, "Agent4_Epoch6": 0.0228121280670166, "Agent0_Epoch7": 0.007807135581970215, "Agent1_Epoch7": 0.013586282730102539, "Agent2_Epoch7": 0.014053583145141602, "Agent3_Epoch7": 0.014248311519622803, "Agent4_Epoch7": 0.014210283756256104, "Agent0_Epoch8": 0.005888640880584717, "Agent1_Epoch8": 0.009166717529296875, "Agent2_Epoch8": 0.009197235107421875, "Agent3_Epoch8": 0.009368181228637695, "Agent4_Epoch8": 0.009286344051361084, "Agent0_Epoch9": 0.0045122504234313965, "Agent1_Epoch9": 0.0064383745193481445, "Agent2_Epoch9": 0.0064015984535217285, "Agent3_Epoch9": 0.006601512432098389, "Agent4_Epoch9": 0.006649494171142578, "Agent0_Epoch10": 0.0036159157752990723, "Agent1_Epoch10": 0.004819154739379883, "Agent2_Epoch10": 0.004737913608551025, "Agent3_Epoch10": 0.004834890365600586, "Agent4_Epoch10": 0.0049626827239990234, "Agent0_Epoch11": 0.0029482245445251465, "Agent1_Epoch11": 0.003722250461578369, "Agent2_Epoch11": 0.0036827921867370605, "Agent3_Epoch11": 0.0037503838539123535, "Agent4_Epoch11": 0.0038071870803833008, "Agent0_Epoch12": 0.002418041229248047, "Agent1_Epoch12": 0.002924501895904541, "Agent2_Epoch12": 0.0029304027557373047, "Agent3_Epoch12": 0.002945840358734131, "Agent4_Epoch12": 0.002987086772918701, "Agent0_Epoch13": 0.0019747018814086914, "Agent1_Epoch13": 0.002307116985321045, "Agent2_Epoch13": 0.0022490620613098145, "Agent3_Epoch13": 0.002281010150909424, "Agent4_Epoch13": 0.0023499131202697754, "Agent0_Epoch14": 0.0015687346458435059, "Agent1_Epoch14": 0.0017827749252319336, "Agent2_Epoch14": 0.0017486810684204102, "Agent3_Epoch14": 0.0017672181129455566, "Agent4_Epoch14": 0.0017939209938049316, "Agent0_Epoch15": 0.0012021064758300781, "Agent1_Epoch15": 0.0013356804847717285, "Agent2_Epoch15": 0.0013265609741210938, "Agent3_Epoch15": 0.0013507604598999023, "Agent4_Epoch15": 0.001341700553894043, "Agent0_Epoch16": 0.0009002685546875, "Agent1_Epoch16": 0.0009819865226745605, "Agent2_Epoch16": 0.0009716153144836426, "Agent3_Epoch16": 0.0009760856628417969, "Agent4_Epoch16": 0.0009865164756774902, "Agent0_Epoch17": 0.0006585121154785156, "Agent1_Epoch17": 0.0007073879241943359, "Agent2_Epoch17": 0.0006905794143676758, "Agent3_Epoch17": 0.0007021427154541016, "Agent4_Epoch17": 0.0006985068321228027, "Agent0_Epoch18": 0.0004685521125793457, "Agent1_Epoch18": 0.0004968643188476562, "Agent2_Epoch18": 0.0004926919937133789, "Agent3_Epoch18": 0.0004985332489013672, "Agent4_Epoch18": 0.000497281551361084, "Agent0_Epoch19": 0.00033032894134521484, "Agent1_Epoch19": 0.0003466010093688965, "Agent2_Epoch19": 0.00034332275390625, "Agent3_Epoch19": 0.0003476738929748535, "Agent4_Epoch19": 0.00034552812576293945, "Agent0_Epoch20": 0.0002300739288330078, "Agent1_Epoch20": 0.00023931264877319336, "Agent2_Epoch20": 0.0002378225326538086, "Agent3_Epoch20": 0.00023937225341796875, "Agent4_Epoch20": 0.00023937225341796875, "Agent0_Epoch21": 0.00015914440155029297, "Agent1_Epoch21": 0.00016433000564575195, "Agent2_Epoch21": 0.00016194581985473633, "Agent3_Epoch21": 0.00016319751739501953, "Agent4_Epoch21": 0.00016355514526367188, "Agent0_Epoch22": 0.00010854005813598633, "Agent1_Epoch22": 0.00011140108108520508, "Agent2_Epoch22": 0.00011056661605834961, "Agent3_Epoch22": 0.00011134147644042969, "Agent4_Epoch22": 0.00011152029037475586, "Agent0_Epoch23": 7.349252700805664e-05, "Agent1_Epoch23": 7.516145706176758e-05, "Agent2_Epoch23": 7.468461990356445e-05, "Agent3_Epoch23": 7.539987564086914e-05, "Agent4_Epoch23": 7.492303848266602e-05, "Agent0_Epoch24": 4.9591064453125e-05, "Agent1_Epoch24": 5.042552947998047e-05, "Agent2_Epoch24": 5.02467155456543e-05, "Agent3_Epoch24": 5.048513412475586e-05, "Agent4_Epoch24": 5.042552947998047e-05, "Agent0_Epoch25": 3.314018249511719e-05, "Agent1_Epoch25": 3.36766242980957e-05, "Agent2_Epoch25": 3.361701965332031e-05, "Agent3_Epoch25": 3.349781036376953e-05, "Agent4_Epoch25": 3.361701965332031e-05, "Agent0_Epoch26": 2.199411392211914e-05, "Agent1_Epoch26": 2.2232532501220703e-05, "Agent2_Epoch26": 2.2232532501220703e-05, "Agent3_Epoch26": 2.2292137145996094e-05, "Agent4_Epoch26": 2.2232532501220703e-05, "Agent0_Epoch27": 1.4662742614746094e-05, "Agent1_Epoch27": 1.4781951904296875e-05, "Agent2_Epoch27": 1.4543533325195312e-05, "Agent3_Epoch27": 1.4662742614746094e-05, "Agent4_Epoch27": 1.4662742614746094e-05, "Agent0_Epoch28": 9.715557098388672e-06, "Agent1_Epoch28": 9.775161743164062e-06, "Agent2_Epoch28": 9.655952453613281e-06, "Agent3_Epoch28": 9.655952453613281e-06, "Agent4_Epoch28": 9.775161743164062e-06, "Agent0_Epoch29": 6.377696990966797e-06, "Agent1_Epoch29": 6.258487701416016e-06, "Agent2_Epoch29": 6.377696990966797e-06, "Agent3_Epoch29": 6.377696990966797e-06, "Agent4_Epoch29": 6.258487701416016e-06, "Agent0_Epoch30": 4.231929779052734e-06, "Agent1_Epoch30": 4.231929779052734e-06, "Agent2_Epoch30": 4.231929779052734e-06, "Agent3_Epoch30": 4.231929779052734e-06, "Agent4_Epoch30": 4.291534423828125e-06, "Agent0_Epoch31": 2.682209014892578e-06, "Agent1_Epoch31": 2.7418136596679688e-06, "Agent2_Epoch31": 2.6226043701171875e-06, "Agent3_Epoch31": 2.7418136596679688e-06, "Agent4_Epoch31": 2.8014183044433594e-06, "Agent0_Epoch32": 1.7881393432617188e-06, "Agent1_Epoch32": 1.7881393432617188e-06, "Agent2_Epoch32": 1.7881393432617188e-06, "Agent3_Epoch32": 1.7881393432617188e-06, "Agent4_Epoch32": 1.7881393432617188e-06, "Agent0_Epoch33": 1.3113021850585938e-06, "Agent1_Epoch33": 1.1920928955078125e-06, "Agent2_Epoch33": 1.1920928955078125e-06, "Agent3_Epoch33": 1.1920928955078125e-06, "Agent4_Epoch33": 1.1920928955078125e-06, "Agent0_Epoch34": 7.748603820800781e-07, "Agent1_Epoch34": 7.748603820800781e-07, "Agent2_Epoch34": 6.556510925292969e-07, "Agent3_Epoch34": 7.748603820800781e-07, "Agent4_Epoch34": 6.556510925292969e-07, "Agent0_Epoch35": 4.76837158203125e-07, "Agent1_Epoch35": 4.76837158203125e-07, "Agent2_Epoch35": 4.76837158203125e-07, "Agent3_Epoch35": 5.364418029785156e-07, "Agent4_Epoch35": 3.5762786865234375e-07, "Agent0_Epoch36": 3.5762786865234375e-07, "Agent1_Epoch36": 2.980232238769531e-07, "Agent2_Epoch36": 3.5762786865234375e-07, "Agent3_Epoch36": 3.5762786865234375e-07, "Agent4_Epoch36": 3.5762786865234375e-07, "Agent0_Epoch37": 2.980232238769531e-07, "Agent1_Epoch37": 1.1920928955078125e-07, "Agent2_Epoch37": 1.1920928955078125e-07, "Agent3_Epoch37": 1.1920928955078125e-07, "Agent4_Epoch37": 1.1920928955078125e-07, "Agent0_Epoch38": 1.1920928955078125e-07, "Agent1_Epoch38": 1.7881393432617188e-07, "Agent2_Epoch38": 1.1920928955078125e-07, "Agent3_Epoch38": 0.0, "Agent4_Epoch38": 1.1920928955078125e-07, "Agent0_Epoch39": 1.7881393432617188e-07, "Agent1_Epoch39": 1.7881393432617188e-07, "Agent2_Epoch39": 1.7881393432617188e-07, "Agent3_Epoch39": 1.7881393432617188e-07, "Agent4_Epoch39": 1.7881393432617188e-07, "Agent0_Epoch40": 0.0, "Agent1_Epoch40": 0.0, "Agent2_Epoch40": 0.0, "Agent3_Epoch40": 0.0, "Agent4_Epoch40": 0.0,