{"Agent0_Epoch1": 0.2949211597442627, "Agent1_Epoch1": 0.295606791973114, "Agent2_Epoch1": 0.9997646808624268, "Agent3_Epoch1": 0.9904057383537292, "Agent4_Epoch1": 0.9904575943946838, "Agent0_Epoch2": 0.05152332782745361, "Agent1_Epoch2": 0.28922027349472046, "Agent2_Epoch2": 0.29152607917785645, "Agent3_Epoch2": 0.2913062572479248, "Agent4_Epoch2": 0.29346710443496704, "Agent0_Epoch3": 0.03015601634979248, "Agent1_Epoch3": 0.12779968976974487, "Agent2_Epoch3": 0.13108932971954346, "Agent3_Epoch3": 0.13015609979629517, "Agent4_Epoch3": 0.1309710144996643, "Agent0_Epoch4": 0.02002084255218506, "Agent1_Epoch4": 0.06221550703048706, "Agent2_Epoch4": 0.0645744800567627, "Agent3_Epoch4": 0.06262558698654175, "Agent4_Epoch4": 0.06335306167602539, "Agent0_Epoch5": 0.014048874378204346, "Agent1_Epoch5": 0.03396099805831909, "Agent2_Epoch5": 0.03477323055267334, "Agent3_Epoch5": 0.03402543067932129, "Agent4_Epoch5": 0.03385019302368164, "Agent0_Epoch6": 0.009920656681060791, "Agent1_Epoch6": 0.019873738288879395, "Agent2_Epoch6": 0.020456910133361816, "Agent3_Epoch6": 0.019741714000701904, "Agent4_Epoch6": 0.020536959171295166, "Agent0_Epoch7": 0.0072266459465026855, "Agent1_Epoch7": 0.012526869773864746, "Agent2_Epoch7": 0.012586474418640137, "Agent3_Epoch7": 0.012516617774963379, "Agent4_Epoch7": 0.012773990631103516, "Agent0_Epoch8": 0.005478978157043457, "Agent1_Epoch8": 0.008491039276123047, "Agent2_Epoch8": 0.008248686790466309, "Agent3_Epoch8": 0.00828462839126587, "Agent4_Epoch8": 0.00827014446258545, "Agent0_Epoch9": 0.0042095184326171875, "Agent1_Epoch9": 0.005981564521789551, "Agent2_Epoch9": 0.005789220333099365, "Agent3_Epoch9": 0.005776822566986084, "Agent4_Epoch9": 0.005893409252166748, "Agent0_Epoch10": 0.003349781036376953, "Agent1_Epoch10": 0.004448235034942627, "Agent2_Epoch10": 0.0043198466300964355, "Agent3_Epoch10": 0.004303574562072754, "Agent4_Epoch10": 0.004486024379730225, "Agent0_Epoch11": 0.002762019634246826, "Agent1_Epoch11": 0.0034766793251037598, "Agent2_Epoch11": 0.003327012062072754, "Agent3_Epoch11": 0.0033440589904785156, "Agent4_Epoch11": 0.0034558773040771484, "Agent0_Epoch12": 0.002303600311279297, "Agent1_Epoch12": 0.0027791857719421387, "Agent2_Epoch12": 0.0026178956031799316, "Agent3_Epoch12": 0.002629578113555908, "Agent4_Epoch12": 0.0027646422386169434, "Agent0_Epoch13": 0.0018995404243469238, "Agent1_Epoch13": 0.0022158026695251465, "Agent2_Epoch13": 0.0020453333854675293, "Agent3_Epoch13": 0.002077162265777588, "Agent4_Epoch13": 0.002172410488128662, "Agent0_Epoch14": 0.001501619815826416, "Agent1_Epoch14": 0.0017044544219970703, "Agent2_Epoch14": 0.001628279685974121, "Agent3_Epoch14": 0.001650989055633545, "Agent4_Epoch14": 0.0016930699348449707, "Agent0_Epoch15": 0.0011544227600097656, "Agent1_Epoch15": 0.0012813210487365723, "Agent2_Epoch15": 0.0012477636337280273, "Agent3_Epoch15": 0.00124436616897583, "Agent4_Epoch15": 0.0012888908386230469, "Agent0_Epoch16": 0.0008669495582580566, "Agent1_Epoch16": 0.0009450316429138184, "Agent2_Epoch16": 0.0009211301803588867, "Agent3_Epoch16": 0.0009187459945678711, "Agent4_Epoch16": 0.0009438991546630859, "Agent0_Epoch17": 0.0006382465362548828, "Agent1_Epoch17": 0.000685274600982666, "Agent2_Epoch17": 0.0006661415100097656, "Agent3_Epoch17": 0.0006583929061889648, "Agent4_Epoch17": 0.000677645206451416, "Agent0_Epoch18": 0.00045752525329589844, "Agent1_Epoch18": 0.0004850029945373535, "Agent2_Epoch18": 0.0004763603210449219, "Agent3_Epoch18": 0.0004724264144897461, "Agent4_Epoch18": 0.0004839897155761719, "Agent0_Epoch19": 0.00032401084899902344, "Agent1_Epoch19": 0.00033986568450927734, "Agent2_Epoch19": 0.0003357529640197754, "Agent3_Epoch19": 0.00033229589462280273, "Agent4_Epoch19": 0.00034034252166748047, "Agent0_Epoch20": 0.00022596120834350586, "Agent1_Epoch20": 0.00023508071899414062, "Agent2_Epoch20": 0.0002339482307434082, "Agent3_Epoch20": 0.00023233890533447266, "Agent4_Epoch20": 0.00023663043975830078, "Agent0_Epoch21": 0.00015729665756225586, "Agent1_Epoch21": 0.00016230344772338867, "Agent2_Epoch21": 0.00016051530838012695, "Agent3_Epoch21": 0.00015991926193237305, "Agent4_Epoch21": 0.00016164779663085938, "Agent0_Epoch22": 0.00010794401168823242, "Agent1_Epoch22": 0.00011068582534790039, "Agent2_Epoch22": 0.00010973215103149414, "Agent3_Epoch22": 0.00010925531387329102, "Agent4_Epoch22": 0.00011038780212402344, "Agent0_Epoch23": 7.337331771850586e-05, "Agent1_Epoch23": 7.480382919311523e-05, "Agent2_Epoch23": 7.462501525878906e-05, "Agent3_Epoch23": 7.426738739013672e-05, "Agent4_Epoch23": 7.492303848266602e-05, "Agent0_Epoch24": 4.965066909790039e-05, "Agent1_Epoch24": 5.054473876953125e-05, "Agent2_Epoch24": 5.0067901611328125e-05, "Agent3_Epoch24": 4.9948692321777344e-05, "Agent4_Epoch24": 5.060434341430664e-05, "Agent0_Epoch25": 3.337860107421875e-05, "Agent1_Epoch25": 3.36766242980957e-05, "Agent2_Epoch25": 3.361701965332031e-05, "Agent3_Epoch25": 3.349781036376953e-05, "Agent4_Epoch25": 3.36766242980957e-05, "Agent0_Epoch26": 2.2232532501220703e-05, "Agent1_Epoch26": 2.2530555725097656e-05, "Agent2_Epoch26": 2.2470951080322266e-05, "Agent3_Epoch26": 2.2351741790771484e-05, "Agent4_Epoch26": 2.2470951080322266e-05, "Agent0_Epoch27": 1.4722347259521484e-05, "Agent1_Epoch27": 1.4960765838623047e-05, "Agent2_Epoch27": 1.4901161193847656e-05, "Agent3_Epoch27": 1.4781951904296875e-05, "Agent4_Epoch27": 1.4960765838623047e-05, "Agent0_Epoch28": 9.834766387939453e-06, "Agent1_Epoch28": 9.834766387939453e-06, "Agent2_Epoch28": 9.775161743164062e-06, "Agent3_Epoch28": 9.775161743164062e-06, "Agent4_Epoch28": 9.834766387939453e-06, "Agent0_Epoch29": 6.377696990966797e-06, "Agent1_Epoch29": 6.496906280517578e-06, "Agent2_Epoch29": 6.377696990966797e-06, "Agent3_Epoch29": 6.377696990966797e-06, "Agent4_Epoch29": 6.496906280517578e-06, "Agent0_Epoch30": 4.172325134277344e-06, "Agent1_Epoch30": 4.291534423828125e-06, "Agent2_Epoch30": 4.172325134277344e-06, "Agent3_Epoch30": 4.291534423828125e-06, "Agent4_Epoch30": 4.291534423828125e-06, "Agent0_Epoch31": 2.8014183044433594e-06, "Agent1_Epoch31": 2.8014183044433594e-06, "Agent2_Epoch31": 2.682209014892578e-06, "Agent3_Epoch31": 2.8014183044433594e-06, "Agent4_Epoch31": 2.8014183044433594e-06, "Agent0_Epoch32": 1.7285346984863281e-06, "Agent1_Epoch32": 1.6689300537109375e-06, "Agent2_Epoch32": 1.7881393432617188e-06, "Agent3_Epoch32": 1.6689300537109375e-06, "Agent4_Epoch32": 1.7881393432617188e-06, "Agent0_Epoch33": 1.1920928955078125e-06, "Agent1_Epoch33": 1.1324882507324219e-06, "Agent2_Epoch33": 1.1920928955078125e-06, "Agent3_Epoch33": 1.1324882507324219e-06, "Agent4_Epoch33": 1.1324882507324219e-06, "Agent0_Epoch34": 7.152557373046875e-07, "Agent1_Epoch34": 7.152557373046875e-07, "Agent2_Epoch34": 9.5367431640625e-07, "Agent3_Epoch34": 8.344650268554688e-07, "Agent4_Epoch34": 8.344650268554688e-07, "Agent0_Epoch35": 4.76837158203125e-07, "Agent1_Epoch35": 5.364418029785156e-07, "Agent2_Epoch35": 3.5762786865234375e-07, "Agent3_Epoch35": 5.364418029785156e-07, "Agent4_Epoch35": 4.76837158203125e-07, "Agent0_Epoch36": 2.980232238769531e-07, "Agent1_Epoch36": 3.5762786865234375e-07, "Agent2_Epoch36": 2.980232238769531e-07, "Agent3_Epoch36": 3.5762786865234375e-07, "Agent4_Epoch36": 3.5762786865234375e-07, "Agent0_Epoch37": 2.980232238769531e-07, "Agent1_Epoch37": 1.1920928955078125e-07, "Agent2_Epoch37": 1.7881393432617188e-07, "Agent3_Epoch37": 1.7881393432617188e-07, "Agent4_Epoch37": 1.1920928955078125e-07, "Agent0_Epoch38": 1.1920928955078125e-07, "Agent1_Epoch38": 1.7881393432617188e-07, "Agent2_Epoch38": 1.1920928955078125e-07, "Agent3_Epoch38": 1.7881393432617188e-07, "Agent4_Epoch38": 1.1920928955078125e-07, "Agent0_Epoch39": 1.1920928955078125e-07, "Agent1_Epoch39": 1.1920928955078125e-07, "Agent2_Epoch39": 1.7881393432617188e-07, "Agent3_Epoch39": 1.1920928955078125e-07, "Agent4_Epoch39": 1.1920928955078125e-07, "Agent0_Epoch40": 1.1920928955078125e-07, "Agent1_Epoch40": 0.0, "Agent2_Epoch40": 0.0,