{"Agent0_Epoch1": 0.29680997133255005, "Agent1_Epoch1": 0.29198575019836426, "Agent2_Epoch1": 0.9989612102508545, "Agent3_Epoch1": 0.9783393144607544, "Agent4_Epoch1": 0.9928040504455566, "Agent0_Epoch2": 0.05426579713821411, "Agent1_Epoch2": 0.300981342792511, "Agent2_Epoch2": 0.30294346809387207, "Agent3_Epoch2": 0.3024381995201111, "Agent4_Epoch2": 0.30221450328826904, "Agent0_Epoch3": 0.03148484230041504, "Agent1_Epoch3": 0.13357877731323242, "Agent2_Epoch3": 0.13374018669128418, "Agent3_Epoch3": 0.13284832239151, "Agent4_Epoch3": 0.13375872373580933, "Agent0_Epoch4": 0.02052837610244751, "Agent1_Epoch4": 0.0639488697052002, "Agent2_Epoch4": 0.0680360198020935, "Agent3_Epoch4": 0.06658464670181274, "Agent4_Epoch4": 0.06719464063644409, "Agent0_Epoch5": 0.014021694660186768, "Agent1_Epoch5": 0.03420215845108032, "Agent2_Epoch5": 0.03704476356506348, "Agent3_Epoch5": 0.03614777326583862, "Agent4_Epoch5": 0.03645986318588257, "Agent0_Epoch6": 0.010115206241607666, "Agent1_Epoch6": 0.020347118377685547, "Agent2_Epoch6": 0.021242797374725342, "Agent3_Epoch6": 0.020766019821166992, "Agent4_Epoch6": 0.021081924438476562, "Agent0_Epoch7": 0.007349371910095215, "Agent1_Epoch7": 0.012768089771270752, "Agent2_Epoch7": 0.013121604919433594, "Agent3_Epoch7": 0.013023436069488525, "Agent4_Epoch7": 0.013225078582763672, "Agent0_Epoch8": 0.005473911762237549, "Agent1_Epoch8": 0.008504033088684082, "Agent2_Epoch8": 0.008940339088439941, "Agent3_Epoch8": 0.008604705333709717, "Agent4_Epoch8": 0.008836090564727783, "Agent0_Epoch9": 0.0042476654052734375, "Agent1_Epoch9": 0.006045103073120117, "Agent2_Epoch9": 0.0064386725425720215, "Agent3_Epoch9": 0.006027281284332275, "Agent4_Epoch9": 0.006253063678741455, "Agent0_Epoch10": 0.0033929944038391113, "Agent1_Epoch10": 0.0045087337493896484, "Agent2_Epoch10": 0.004667222499847412, "Agent3_Epoch10": 0.0043678879737854, "Agent4_Epoch10": 0.004677176475524902, "Agent0_Epoch11": 0.002789616584777832, "Agent1_Epoch11": 0.0035126805305480957, "Agent2_Epoch11": 0.0036774873733520508, "Agent3_Epoch11": 0.003379225730895996, "Agent4_Epoch11": 0.0036154985427856445, "Agent0_Epoch12": 0.0023010969161987305, "Agent1_Epoch12": 0.0027762651443481445, "Agent2_Epoch12": 0.0029453635215759277, "Agent3_Epoch12": 0.0027251243591308594, "Agent4_Epoch12": 0.0029558539390563965, "Agent0_Epoch13": 0.0019276738166809082, "Agent1_Epoch13": 0.002248108386993408, "Agent2_Epoch13": 0.0023314952850341797, "Agent3_Epoch13": 0.002179861068725586, "Agent4_Epoch13": 0.002318441867828369, "Agent0_Epoch14": 0.001560211181640625, "Agent1_Epoch14": 0.0017704367637634277, "Agent2_Epoch14": 0.001843094825744629, "Agent3_Epoch14": 0.0017513036727905273, "Agent4_Epoch14": 0.0018138289451599121, "Agent0_Epoch15": 0.001221299171447754, "Agent1_Epoch15": 0.0013555288314819336, "Agent2_Epoch15": 0.0014074444770812988, "Agent3_Epoch15": 0.0013334155082702637, "Agent4_Epoch15": 0.0013840198516845703, "Agent0_Epoch16": 0.0009277462959289551, "Agent1_Epoch16": 0.0010111331939697266, "Agent2_Epoch16": 0.001028895378112793, "Agent3_Epoch16": 0.0010050535202026367, "Agent4_Epoch16": 0.0010191798210144043, "Agent0_Epoch17": 0.00067901611328125, "Agent1_Epoch17": 0.000728905200958252, "Agent2_Epoch17": 0.0007506608963012695, "Agent3_Epoch17": 0.0007344484329223633, "Agent4_Epoch17": 0.0007331967353820801, "Agent0_Epoch18": 0.0004899501800537109, "Agent1_Epoch18": 0.0005194544792175293, "Agent2_Epoch18": 0.0005227923393249512, "Agent3_Epoch18": 0.0005177855491638184, "Agent4_Epoch18": 0.0005242228507995605, "Agent0_Epoch19": 0.00034624338150024414, "Agent1_Epoch19": 0.00036323070526123047, "Agent2_Epoch19": 0.00036895275115966797, "Agent3_Epoch19": 0.00036448240280151367, "Agent4_Epoch19": 0.00036460161209106445, "Agent0_Epoch20": 0.0002429485321044922, "Agent1_Epoch20": 0.00025272369384765625, "Agent2_Epoch20": 0.0002542734146118164, "Agent3_Epoch20": 0.00025075674057006836, "Agent4_Epoch20": 0.0002541542053222656, "Agent0_Epoch21": 0.00016802549362182617, "Agent1_Epoch21": 0.00017333030700683594, "Agent2_Epoch21": 0.0001755356788635254, "Agent3_Epoch21": 0.0001728534698486328, "Agent4_Epoch21": 0.00017380714416503906, "Agent0_Epoch22": 0.0001150965690612793, "Agent1_Epoch22": 0.00011819601058959961, "Agent2_Epoch22": 0.00011932849884033203, "Agent3_Epoch22": 0.000118255615234375, "Agent4_Epoch22": 0.00011914968490600586, "Agent0_Epoch23": 7.855892181396484e-05, "Agent1_Epoch23": 8.022785186767578e-05, "Agent2_Epoch23": 8.052587509155273e-05, "Agent3_Epoch23": 7.987022399902344e-05, "Agent4_Epoch23": 8.004903793334961e-05, "Agent0_Epoch24": 5.310773849487305e-05, "Agent1_Epoch24": 5.3942203521728516e-05, "Agent2_Epoch24": 5.424022674560547e-05, "Agent3_Epoch24": 5.3942203521728516e-05, "Agent4_Epoch24": 5.412101745605469e-05, "Agent0_Epoch25": 3.55839729309082e-05, "Agent1_Epoch25": 3.606081008911133e-05, "Agent2_Epoch25": 3.641843795776367e-05, "Agent3_Epoch25": 3.606081008911133e-05, "Agent4_Epoch25": 3.612041473388672e-05, "Agent0_Epoch26": 2.372264862060547e-05, "Agent1_Epoch26": 2.4080276489257812e-05, "Agent2_Epoch26": 2.4080276489257812e-05, "Agent3_Epoch26": 2.396106719970703e-05, "Agent4_Epoch26": 2.396106719970703e-05, "Agent0_Epoch27": 1.5795230865478516e-05, "Agent1_Epoch27": 1.5854835510253906e-05, "Agent2_Epoch27": 1.5854835510253906e-05, "Agent3_Epoch27": 1.5854835510253906e-05, "Agent4_Epoch27": 1.5854835510253906e-05, "Agent0_Epoch28": 1.043081283569336e-05, "Agent1_Epoch28": 1.049041748046875e-05, "Agent2_Epoch28": 1.055002212524414e-05, "Agent3_Epoch28": 1.055002212524414e-05, "Agent4_Epoch28": 1.049041748046875e-05, "Agent0_Epoch29": 6.854534149169922e-06, "Agent1_Epoch29": 6.854534149169922e-06, "Agent2_Epoch29": 6.854534149169922e-06, "Agent3_Epoch29": 6.67572021484375e-06, "Agent4_Epoch29": 6.854534149169922e-06, "Agent0_Epoch30": 4.589557647705078e-06, "Agent1_Epoch30": 4.589557647705078e-06, "Agent2_Epoch30": 4.5299530029296875e-06, "Agent3_Epoch30": 4.589557647705078e-06, "Agent4_Epoch30": 4.589557647705078e-06, "Agent0_Epoch31": 2.9802322387695312e-06, "Agent1_Epoch31": 2.9206275939941406e-06, "Agent2_Epoch31": 2.9206275939941406e-06, "Agent3_Epoch31": 3.039836883544922e-06, "Agent4_Epoch31": 2.9206275939941406e-06, "Agent0_Epoch32": 1.9669532775878906e-06, "Agent1_Epoch32": 1.9073486328125e-06, "Agent2_Epoch32": 1.9669532775878906e-06, "Agent3_Epoch32": 1.9669532775878906e-06, "Agent4_Epoch32": 1.9669532775878906e-06, "Agent0_Epoch33": 1.430511474609375e-06, "Agent1_Epoch33": 1.3113021850585938e-06, "Agent2_Epoch33": 1.2516975402832031e-06, "Agent3_Epoch33": 1.2516975402832031e-06, "Agent4_Epoch33": 1.3113021850585938e-06, "Agent0_Epoch34": 7.748603820800781e-07, "Agent1_Epoch34": 8.344650268554688e-07, "Agent2_Epoch34": 8.344650268554688e-07, "Agent3_Epoch34": 7.748603820800781e-07, "Agent4_Epoch34": 8.344650268554688e-07, "Agent0_Epoch35": 4.76837158203125e-07, "Agent1_Epoch35": 5.364418029785156e-07, "Agent2_Epoch35": 5.364418029785156e-07, "Agent3_Epoch35": 5.364418029785156e-07, "Agent4_Epoch35": 5.364418029785156e-07, "Agent0_Epoch36": 3.5762786865234375e-07, "Agent1_Epoch36": 2.980232238769531e-07, "Agent2_Epoch36": 1.7881393432617188e-07, "Agent3_Epoch36": 1.7881393432617188e-07, "Agent4_Epoch36": 1.7881393432617188e-07, "Agent0_Epoch37": 2.980232238769531e-07, "Agent1_Epoch37": 2.980232238769531e-07, "Agent2_Epoch37": 2.980232238769531e-07, "Agent3_Epoch37": 2.980232238769531e-07, "Agent4_Epoch37": 2.980232238769531e-07, "Agent0_Epoch38": 1.7881393432617188e-07, "Agent1_Epoch38": 1.1920928955078125e-07, "Agent2_Epoch38": 0.0, "Agent3_Epoch38": 1.1920928955078125e-07, "Agent4_Epoch38": 1.1920928955078125e-07, "Agent0_Epoch39": 1.1920928955078125e-07, "Agent1_Epoch39": 1.1920928955078125e-07, "Agent2_Epoch39": 1.1920928955078125e-07, "Agent3_Epoch39": 1.1920928955078125e-07, "Agent4_Epoch39": 1.1920928955078125e-07, "Agent0_Epoch40": 0.0, "Agent1_Epoch40": 0.0, "Agent2_Epoch40": 1.1920928955078125e-07, "Agent3_Epoch40": 0.0,