{"E1_agent0_norm": 1.7836883068084717, "E1_agent1_norm": 1.9418549537658691, "E1_agent2_norm": 1.9206386804580688, "E1_agent3_norm": 2.1129605770111084, "E1_agent4_norm": 2.207082748413086, "E2_agent0_norm": 0.026176761835813522, "E2_agent1_norm": 0.6087087988853455, "E2_agent2_norm": 0.791930079460144, "E2_agent3_norm": 0.9177610874176025, "E2_agent4_norm": 0.6428189277648926, "E3_agent0_norm": 0.010976921766996384, "E3_agent1_norm": 1.0363811254501343, "E3_agent2_norm": 1.013340950012207, "E3_agent3_norm": 1.0527249574661255, "E3_agent4_norm": 0.9174289703369141, "E4_agent0_norm": 0.007914701476693153, "E4_agent1_norm": 0.770903468132019, "E4_agent2_norm": 0.7870990633964539, "E4_agent3_norm": 0.8023041486740112, "E4_agent4_norm": 0.7312734127044678, "E5_agent0_norm": 0.010025854222476482, "E5_agent1_norm": 0.570082426071167, "E5_agent2_norm": 0.5736348628997803, "E5_agent3_norm": 0.560574471950531, "E5_agent4_norm": 0.557203471660614, "E6_agent0_norm": 0.0023085884749889374, "E6_agent1_norm": 0.4236835539340973, "E6_agent2_norm": 0.41522690653800964, "E6_agent3_norm": 0.4176560938358307, "E6_agent4_norm": 0.41418004035949707, "E7_agent0_norm": 0.0014806194230914116, "E7_agent1_norm": 0.33930933475494385, "E7_agent2_norm": 0.332405149936676, "E7_agent3_norm": 0.32877489924430847, "E7_agent4_norm": 0.3410784900188446, "E8_agent0_norm": 0.0011372172739356756, "E8_agent1_norm": 0.26736918091773987, "E8_agent2_norm": 0.2794913053512573, "E8_agent3_norm": 0.27282577753067017, "E8_agent4_norm": 0.28167814016342163, "E9_agent0_norm": 0.0007194598438218236, "E9_agent1_norm": 0.2504051625728607, "E9_agent2_norm": 0.24693186581134796, "E9_agent3_norm": 0.23970331251621246, "E9_agent4_norm": 0.2546231150627136, "E10_agent0_norm": 0.00048734236042946577, "E10_agent1_norm": 0.2340976595878601, "E10_agent2_norm": 0.23360340297222137, "E10_agent3_norm": 0.22807465493679047, "E10_agent4_norm": 0.2447039783000946, "E11_agent0_norm": 0.00907630193978548, "E11_agent1_norm": 0.22003495693206787, "E11_agent2_norm": 0.2138696014881134, "E11_agent3_norm": 0.2082124501466751, "E11_agent4_norm": 0.2191423624753952, "E12_agent0_norm": 0.00026299396995455027, "E12_agent1_norm": 0.1947251409292221, "E12_agent2_norm": 0.19376273453235626, "E12_agent3_norm": 0.18848781287670135, "E12_agent4_norm": 0.19245915114879608, "E13_agent0_norm": 0.00015400347183458507, "E13_agent1_norm": 0.16694650053977966, "E13_agent2_norm": 0.15326517820358276, "E13_agent3_norm": 0.1599380075931549, "E13_agent4_norm": 0.15884076058864594, "E14_agent0_norm": 0.00011073236964875832, "E14_agent1_norm": 0.13089363276958466, "E14_agent2_norm": 0.12622769176959991, "E14_agent3_norm": 0.12471882253885269, "E14_agent4_norm": 0.12308210134506226, "E15_agent0_norm": 7.756233389955014e-05, "E15_agent1_norm": 0.10185394436120987, "E15_agent2_norm": 0.09155156463384628, "E15_agent3_norm": 0.09590184688568115, "E15_agent4_norm": 0.09384103119373322, "E16_agent0_norm": 4.411368354340084e-05, "E16_agent1_norm": 0.07311242818832397, "E16_agent2_norm": 0.06653439998626709, "E16_agent3_norm": 0.06876188516616821, "E16_agent4_norm": 0.06875336170196533, "E17_agent0_norm": 3.358887988724746e-05, "E17_agent1_norm": 0.05468890815973282, "E17_agent2_norm": 0.049712155014276505, "E17_agent3_norm": 0.05232694745063782, "E17_agent4_norm": 0.0496094673871994, "E18_agent0_norm": 2.7461237550596707e-05, "E18_agent1_norm": 0.039555974304676056, "E18_agent2_norm": 0.035046786069869995, "E18_agent3_norm": 0.03870314359664917, "E18_agent4_norm": 0.03379584476351738, "E19_agent0_norm": 1.383885319228284e-05, "E19_agent1_norm": 0.025966383516788483, "E19_agent2_norm": 0.029038993641734123, "E19_agent3_norm": 0.025888018310070038, "E19_agent4_norm": 0.02834225445985794, "E20_agent0_norm": 0.006945832632482052, "E20_agent1_norm": 0.020994534716010094, "E20_agent2_norm": 0.020987749099731445, "E20_agent3_norm": 0.018074991181492805, "E20_agent4_norm": 0.021362271159887314, "E21_agent0_norm": 6.8696558628289495e-06, "E21_agent1_norm": 0.013743597082793713, "E21_agent2_norm": 0.0152458930388093, "E21_agent3_norm": 0.01346562709659338, "E21_agent4_norm": 0.015346570871770382, "E22_agent0_norm": 0.005092155188322067, "E22_agent1_norm": 0.011673484928905964, "E22_agent2_norm": 0.011135573498904705, "E22_agent3_norm": 0.011209098622202873, "E22_agent4_norm": 0.011123208329081535, "E23_agent0_norm": 0.004228676203638315, "E23_agent1_norm": 0.00847847480326891, "E23_agent2_norm": 0.008114641532301903, "E23_agent3_norm": 0.006908657029271126, "E23_agent4_norm": 0.007934153079986572, "E24_agent0_norm": 0.0036336316261440516, "E24_agent1_norm": 0.006090653128921986, "E24_agent2_norm": 0.004999867174774408, "E24_agent3_norm": 0.005903978366404772, "E24_agent4_norm": 0.004965560045093298, "E25_agent0_norm": 1.105215687857708e-06, "E25_agent1_norm": 0.0042235637083649635, "E25_agent2_norm": 0.003718865802511573, "E25_agent3_norm": 0.004268239717930555, "E25_agent4_norm": 0.0036962321028113365, "E26_agent0_norm": 8.047914548114932e-07, "E26_agent1_norm": 0.0031005763448774815, "E26_agent2_norm": 0.0029522136319428682, "E26_agent3_norm": 0.0030565462075173855, "E26_agent4_norm": 0.0029703688342124224, "E27_agent0_norm": 4.717117292329931e-07, "E27_agent1_norm": 0.0025164010003209114, "E27_agent2_norm": 0.00216851057484746, "E27_agent3_norm": 0.002518225461244583, "E27_agent4_norm": 0.0021256092004477978, "E28_agent0_norm": 0.0024225234519690275, "E28_agent1_norm": 0.001559545285999775, "E28_agent2_norm": 0.0015501052839681506, "E28_agent3_norm": 0.0023013250902295113, "E28_agent4_norm": 0.0015163669595494866, "E29_agent0_norm": 0.0023370960261672735, "E29_agent1_norm": 0.0011152348015457392, "E29_agent2_norm": 0.0022060892079025507, "E29_agent3_norm": 0.001122471410781145, "E29_agent4_norm": 0.00220924592576921, "E30_agent0_norm": 9.908344367204336e-08, "E30_agent1_norm": 0.0007872636197134852, "E30_agent2_norm": 0.0021821320988237858, "E30_agent3_norm": 0.0007935907924547791, "E30_agent4_norm": 0.0021849435288459063, "E31_agent0_norm": 1.5678612896863342e-07, "E31_agent1_norm": 0.002182113705202937, "E31_agent2_norm": 0.000537431740667671, "E31_agent3_norm": 0.002183528384193778, "E31_agent4_norm": 0.000540087406989187, "E32_agent0_norm": 0.002248672768473625, "E32_agent1_norm": 0.0004011683922726661, "E32_agent2_norm": 0.0003684473049361259, "E32_agent3_norm": 0.002190516097471118, "E32_agent4_norm": 0.0003825435123872012, "E33_agent0_norm": 0.0022398808505386114, "E33_agent1_norm": 0.0002799010253511369, "E33_agent2_norm": 0.0021976963616907597, "E33_agent3_norm": 0.0002772120642475784, "E33_agent4_norm": 0.002198613015934825, "E34_agent0_norm": 1.3481613159171957e-08, "E34_agent1_norm": 0.00018993088451679796, "E34_agent2_norm": 0.0022058123722672462, "E34_agent3_norm": 0.00019610513118095696, "E34_agent4_norm": 0.002207142300903797, "E35_agent0_norm": 4.8952251141543e-09, "E35_agent1_norm": 0.00013894893345423043, "E35_agent2_norm": 0.0022125199902802706, "E35_agent3_norm": 0.0001336589193670079, "E35_agent4_norm": 0.002213408937677741, "E36_agent0_norm": 4.1099035286151775e-09, "E36_agent1_norm": 9.466054325457662e-05, "E36_agent2_norm": 0.0022181207314133644, "E36_agent3_norm": 9.397474059369415e-05, "E36_agent4_norm": 0.0022180741652846336, "E37_agent0_norm": 2.6229729499505083e-09, "E37_agent1_norm": 6.81917808833532e-05, "E37_agent2_norm": 0.0022216136567294598, "E37_agent3_norm": 6.575556471943855e-05, "E37_agent4_norm": 0.00222168886102736, "E38_agent0_norm": 8.431119691287847e-10, "E38_agent1_norm": 0.002224271185696125, "E38_agent2_norm": 4.554140832624398e-05, "E38_agent3_norm": 0.0022243147250264883, "E38_agent4_norm": 4.4560158130479977e-05, "E39_agent0_norm": 0.0022311543580144644, "E39_agent1_norm": 3.2490068406332284e-05, "E39_agent2_norm": 3.1642481189919636e-05, "E39_agent3_norm": 0.0022265263833105564, "E39_agent4_norm": 3.285983621026389e-05, "E40_agent0_norm": 0.002231079386547208, "E40_agent1_norm": 2.3552107450086623e-05,