{"Agent0_Epoch1": 0.2929629683494568, "Agent1_Epoch1": 0.2897353172302246, "Agent2_Epoch1": 0.9961739182472229, "Agent3_Epoch1": 0.9951083064079285, "Agent4_Epoch1": 0.9969569444656372, "Agent0_Epoch2": 0.05267864465713501, "Agent1_Epoch2": 0.2935250401496887, "Agent2_Epoch2": 0.29575037956237793, "Agent3_Epoch2": 0.2963981032371521, "Agent4_Epoch2": 0.2971000671386719, "Agent0_Epoch3": 0.028917253017425537, "Agent1_Epoch3": 0.12629377841949463, "Agent2_Epoch3": 0.13038420677185059, "Agent3_Epoch3": 0.1300458312034607, "Agent4_Epoch3": 0.129616379737854, "Agent0_Epoch4": 0.018193721771240234, "Agent1_Epoch4": 0.05827885866165161, "Agent2_Epoch4": 0.06170922517776489, "Agent3_Epoch4": 0.0615086555480957, "Agent4_Epoch4": 0.062360286712646484, "Agent0_Epoch5": 0.012759625911712646, "Agent1_Epoch5": 0.031433284282684326, "Agent2_Epoch5": 0.03251689672470093, "Agent3_Epoch5": 0.03202170133590698, "Agent4_Epoch5": 0.03269541263580322, "Agent0_Epoch6": 0.00909566879272461, "Agent1_Epoch6": 0.018421828746795654, "Agent2_Epoch6": 0.018890082836151123, "Agent3_Epoch6": 0.0188295841217041, "Agent4_Epoch6": 0.019324123859405518, "Agent0_Epoch7": 0.006516456604003906, "Agent1_Epoch7": 0.01137089729309082, "Agent2_Epoch7": 0.011762261390686035, "Agent3_Epoch7": 0.011922776699066162, "Agent4_Epoch7": 0.012056887149810791, "Agent0_Epoch8": 0.00489574670791626, "Agent1_Epoch8": 0.007620036602020264, "Agent2_Epoch8": 0.007738471031188965, "Agent3_Epoch8": 0.007789671421051025, "Agent4_Epoch8": 0.00790095329284668, "Agent0_Epoch9": 0.0037283897399902344, "Agent1_Epoch9": 0.005312561988830566, "Agent2_Epoch9": 0.005419492721557617, "Agent3_Epoch9": 0.0056160688400268555, "Agent4_Epoch9": 0.005485653877258301, "Agent0_Epoch10": 0.0029691457748413086, "Agent1_Epoch10": 0.00394749641418457, "Agent2_Epoch10": 0.0039058923721313477, "Agent3_Epoch10": 0.004051268100738525, "Agent4_Epoch10": 0.003964543342590332, "Agent0_Epoch11": 0.0023967623710632324, "Agent1_Epoch11": 0.0030183792114257812, "Agent2_Epoch11": 0.002940833568572998, "Agent3_Epoch11": 0.0030951499938964844, "Agent4_Epoch11": 0.0029571056365966797, "Agent0_Epoch12": 0.0019540786743164062, "Agent1_Epoch12": 0.002357006072998047, "Agent2_Epoch12": 0.0023038387298583984, "Agent3_Epoch12": 0.0024151206016540527, "Agent4_Epoch12": 0.0023253560066223145, "Agent0_Epoch13": 0.0015732049942016602, "Agent1_Epoch13": 0.001833200454711914, "Agent2_Epoch13": 0.0017938017845153809, "Agent3_Epoch13": 0.0019025206565856934, "Agent4_Epoch13": 0.0018315315246582031, "Agent0_Epoch14": 0.0012700557708740234, "Agent1_Epoch14": 0.0014395713806152344, "Agent2_Epoch14": 0.0014142394065856934, "Agent3_Epoch14": 0.0014517903327941895, "Agent4_Epoch14": 0.001408219337463379, "Agent0_Epoch15": 0.0009937882423400879, "Agent1_Epoch15": 0.0011011362075805664, "Agent2_Epoch15": 0.0011205673217773438, "Agent3_Epoch15": 0.0011090636253356934, "Agent4_Epoch15": 0.001100301742553711, "Agent0_Epoch16": 0.0007635951042175293, "Agent1_Epoch16": 0.0008308291435241699, "Agent2_Epoch16": 0.0008593201637268066, "Agent3_Epoch16": 0.0008458495140075684, "Agent4_Epoch16": 0.0008352994918823242, "Agent0_Epoch17": 0.0005737543106079102, "Agent1_Epoch17": 0.0006150603294372559, "Agent2_Epoch17": 0.0006279349327087402, "Agent3_Epoch17": 0.0006228089332580566, "Agent4_Epoch17": 0.0006128549575805664, "Agent0_Epoch18": 0.00041997432708740234, "Agent1_Epoch18": 0.00044465065002441406, "Agent2_Epoch18": 0.00045299530029296875, "Agent3_Epoch18": 0.00044786930084228516, "Agent4_Epoch18": 0.00044524669647216797, "Agent0_Epoch19": 0.00030118227005004883, "Agent1_Epoch19": 0.00031572580337524414, "Agent2_Epoch19": 0.0003229975700378418, "Agent3_Epoch19": 0.0003178715705871582, "Agent4_Epoch19": 0.00031888484954833984, "Agent0_Epoch20": 0.0002130270004272461, "Agent1_Epoch20": 0.0002213120460510254, "Agent2_Epoch20": 0.00022411346435546875, "Agent3_Epoch20": 0.0002225637435913086, "Agent4_Epoch20": 0.00022161006927490234, "Agent0_Epoch21": 0.00014847517013549805, "Agent1_Epoch21": 0.0001532435417175293, "Agent2_Epoch21": 0.00015598535537719727, "Agent3_Epoch21": 0.0001545548439025879, "Agent4_Epoch21": 0.00015425682067871094, "Agent0_Epoch22": 0.00010257959365844727, "Agent1_Epoch22": 0.00010526180267333984, "Agent2_Epoch22": 0.00010627508163452148, "Agent3_Epoch22": 0.00010579824447631836, "Agent4_Epoch22": 0.00010603666305541992, "Agent0_Epoch23": 6.99162483215332e-05, "Agent1_Epoch23": 7.140636444091797e-05, "Agent2_Epoch23": 7.236003875732422e-05, "Agent3_Epoch23": 7.230043411254883e-05, "Agent4_Epoch23": 7.218122482299805e-05, "Agent0_Epoch24": 4.738569259643555e-05, "Agent1_Epoch24": 4.8160552978515625e-05, "Agent2_Epoch24": 4.863739013671875e-05, "Agent3_Epoch24": 4.83393669128418e-05, "Agent4_Epoch24": 4.845857620239258e-05, "Agent0_Epoch25": 3.1828880310058594e-05, "Agent1_Epoch25": 3.230571746826172e-05, "Agent2_Epoch25": 3.260374069213867e-05, "Agent3_Epoch25": 3.24249267578125e-05, "Agent4_Epoch25": 3.230571746826172e-05, "Agent0_Epoch26": 2.1338462829589844e-05, "Agent1_Epoch26": 2.1636486053466797e-05, "Agent2_Epoch26": 2.1755695343017578e-05, "Agent3_Epoch26": 2.1576881408691406e-05, "Agent4_Epoch26": 2.1576881408691406e-05, "Agent0_Epoch27": 1.4185905456542969e-05, "Agent1_Epoch27": 1.424551010131836e-05, "Agent2_Epoch27": 1.436471939086914e-05, "Agent3_Epoch27": 1.436471939086914e-05, "Agent4_Epoch27": 1.436471939086914e-05, "Agent0_Epoch28": 9.298324584960938e-06, "Agent1_Epoch28": 9.417533874511719e-06, "Agent2_Epoch28": 9.417533874511719e-06, "Agent3_Epoch28": 9.59634780883789e-06, "Agent4_Epoch28": 9.417533874511719e-06, "Agent0_Epoch29": 6.198883056640625e-06, "Agent1_Epoch29": 6.198883056640625e-06, "Agent2_Epoch29": 6.198883056640625e-06, "Agent3_Epoch29": 6.318092346191406e-06, "Agent4_Epoch29": 6.318092346191406e-06, "Agent0_Epoch30": 4.0531158447265625e-06, "Agent1_Epoch30": 4.0531158447265625e-06, "Agent2_Epoch30": 4.112720489501953e-06, "Agent3_Epoch30": 4.0531158447265625e-06, "Agent4_Epoch30": 4.0531158447265625e-06, "Agent0_Epoch31": 2.6226043701171875e-06, "Agent1_Epoch31": 2.6226043701171875e-06, "Agent2_Epoch31": 2.7418136596679688e-06, "Agent3_Epoch31": 2.7418136596679688e-06, "Agent4_Epoch31": 2.7418136596679688e-06, "Agent0_Epoch32": 1.7881393432617188e-06, "Agent1_Epoch32": 1.6093254089355469e-06, "Agent2_Epoch32": 1.7881393432617188e-06, "Agent3_Epoch32": 1.6689300537109375e-06, "Agent4_Epoch32": 1.6689300537109375e-06, "Agent0_Epoch33": 1.1324882507324219e-06, "Agent1_Epoch33": 1.1324882507324219e-06, "Agent2_Epoch33": 1.1920928955078125e-06, "Agent3_Epoch33": 1.1324882507324219e-06, "Agent4_Epoch33": 1.1324882507324219e-06, "Agent0_Epoch34": 6.556510925292969e-07, "Agent1_Epoch34": 6.556510925292969e-07, "Agent2_Epoch34": 7.748603820800781e-07, "Agent3_Epoch34": 7.748603820800781e-07, "Agent4_Epoch34": 6.556510925292969e-07, "Agent0_Epoch35": 4.76837158203125e-07, "Agent1_Epoch35": 5.364418029785156e-07, "Agent2_Epoch35": 4.76837158203125e-07, "Agent3_Epoch35": 4.76837158203125e-07, "Agent4_Epoch35": 4.76837158203125e-07, "Agent0_Epoch36": 1.7881393432617188e-07, "Agent1_Epoch36": 2.980232238769531e-07, "Agent2_Epoch36": 2.980232238769531e-07, "Agent3_Epoch36": 2.980232238769531e-07, "Agent4_Epoch36": 3.5762786865234375e-07, "Agent0_Epoch37": 1.7881393432617188e-07, "Agent1_Epoch37": 1.7881393432617188e-07, "Agent2_Epoch37": 1.7881393432617188e-07, "Agent3_Epoch37": 1.7881393432617188e-07, "Agent4_Epoch37": 1.7881393432617188e-07, "Agent0_Epoch38": 2.980232238769531e-07, "Agent1_Epoch38": 1.7881393432617188e-07, "Agent2_Epoch38": 1.7881393432617188e-07, "Agent3_Epoch38": 2.980232238769531e-07, "Agent4_Epoch38": 2.980232238769531e-07, "Agent0_Epoch39": 0.0, "Agent1_Epoch39": 1.1920928955078125e-07, "Agent2_Epoch39": 0.0, "Agent3_Epoch39": 0.0, "Agent4_Epoch39": 1.1920928955078125e-07, "Agent0_Epoch40": 0.0, "Agent1_Epoch40": 0.0, "Agent2_Epoch40": 1.1920928955078125e-07, "Agent3_Epoch40": 1.1920928955078125e-07,