{"Agent0_Epoch1": 0.29402297735214233, "Agent1_Epoch1": 0.2904287576675415, "Agent2_Epoch1": 0.9995722770690918, "Agent3_Epoch1": 0.9965792298316956, "Agent4_Epoch1": 0.9994006752967834, "Agent0_Epoch2": 0.054160892963409424, "Agent1_Epoch2": 0.2954404354095459, "Agent2_Epoch2": 0.29671281576156616, "Agent3_Epoch2": 0.29897797107696533, "Agent4_Epoch2": 0.29931503534317017, "Agent0_Epoch3": 0.03206348419189453, "Agent1_Epoch3": 0.1333397626876831, "Agent2_Epoch3": 0.13501131534576416, "Agent3_Epoch3": 0.13366961479187012, "Agent4_Epoch3": 0.13743507862091064, "Agent0_Epoch4": 0.020916342735290527, "Agent1_Epoch4": 0.06450045108795166, "Agent2_Epoch4": 0.0661306381225586, "Agent3_Epoch4": 0.06682223081588745, "Agent4_Epoch4": 0.06520432233810425, "Agent0_Epoch5": 0.01464003324508667, "Agent1_Epoch5": 0.03540968894958496, "Agent2_Epoch5": 0.03562319278717041, "Agent3_Epoch5": 0.03466612100601196, "Agent4_Epoch5": 0.03584861755371094, "Agent0_Epoch6": 0.010199666023254395, "Agent1_Epoch6": 0.02045750617980957, "Agent2_Epoch6": 0.02084892988204956, "Agent3_Epoch6": 0.021141350269317627, "Agent4_Epoch6": 0.02103281021118164, "Agent0_Epoch7": 0.0074114203453063965, "Agent1_Epoch7": 0.01285862922668457, "Agent2_Epoch7": 0.013141930103302002, "Agent3_Epoch7": 0.013115525245666504, "Agent4_Epoch7": 0.012987494468688965, "Agent0_Epoch8": 0.00558096170425415, "Agent1_Epoch8": 0.008668303489685059, "Agent2_Epoch8": 0.00860297679901123, "Agent3_Epoch8": 0.008716285228729248, "Agent4_Epoch8": 0.008595108985900879, "Agent0_Epoch9": 0.00428086519241333, "Agent1_Epoch9": 0.00609588623046875, "Agent2_Epoch9": 0.006206393241882324, "Agent3_Epoch9": 0.006181776523590088, "Agent4_Epoch9": 0.006004393100738525, "Agent0_Epoch10": 0.0034345388412475586, "Agent1_Epoch10": 0.004570305347442627, "Agent2_Epoch10": 0.004649996757507324, "Agent3_Epoch10": 0.004650473594665527, "Agent4_Epoch10": 0.004509925842285156, "Agent0_Epoch11": 0.002820312976837158, "Agent1_Epoch11": 0.00355684757232666, "Agent2_Epoch11": 0.0034633278846740723, "Agent3_Epoch11": 0.0035254359245300293, "Agent4_Epoch11": 0.0034168362617492676, "Agent0_Epoch12": 0.0023151040077209473, "Agent1_Epoch12": 0.0027979016304016113, "Agent2_Epoch12": 0.0027375221252441406, "Agent3_Epoch12": 0.002770066261291504, "Agent4_Epoch12": 0.0026996731758117676, "Agent0_Epoch13": 0.0018903017044067383, "Agent1_Epoch13": 0.0022078752517700195, "Agent2_Epoch13": 0.002209186553955078, "Agent3_Epoch13": 0.00220489501953125, "Agent4_Epoch13": 0.002129971981048584, "Agent0_Epoch14": 0.0015028119087219238, "Agent1_Epoch14": 0.0017075538635253906, "Agent2_Epoch14": 0.001704394817352295, "Agent3_Epoch14": 0.001721203327178955, "Agent4_Epoch14": 0.0017101764678955078, "Agent0_Epoch15": 0.0011720061302185059, "Agent1_Epoch15": 0.0013022422790527344, "Agent2_Epoch15": 0.0012962818145751953, "Agent3_Epoch15": 0.0012853145599365234, "Agent4_Epoch15": 0.0012663602828979492, "Agent0_Epoch16": 0.0008810758590698242, "Agent1_Epoch16": 0.000961005687713623, "Agent2_Epoch16": 0.0009430646896362305, "Agent3_Epoch16": 0.0009473562240600586, "Agent4_Epoch16": 0.0009600520133972168, "Agent0_Epoch17": 0.000647127628326416, "Agent1_Epoch17": 0.0006949901580810547, "Agent2_Epoch17": 0.0006871819496154785, "Agent3_Epoch17": 0.0006895661354064941, "Agent4_Epoch17": 0.0006952881813049316, "Agent0_Epoch18": 0.00046622753143310547, "Agent1_Epoch18": 0.0004946589469909668, "Agent2_Epoch18": 0.000492095947265625, "Agent3_Epoch18": 0.0004943609237670898, "Agent4_Epoch18": 0.0004908442497253418, "Agent0_Epoch19": 0.0003313422203063965, "Agent1_Epoch19": 0.0003478527069091797, "Agent2_Epoch19": 0.00034606456756591797, "Agent3_Epoch19": 0.0003460049629211426, "Agent4_Epoch19": 0.00034618377685546875, "Agent0_Epoch20": 0.00023281574249267578, "Agent1_Epoch20": 0.00024211406707763672, "Agent2_Epoch20": 0.00024068355560302734, "Agent3_Epoch20": 0.00023990869522094727, "Agent4_Epoch20": 0.00024110078811645508, "Agent0_Epoch21": 0.00016099214553833008, "Agent1_Epoch21": 0.00016629695892333984, "Agent2_Epoch21": 0.00016564130783081055, "Agent3_Epoch21": 0.00016641616821289062, "Agent4_Epoch21": 0.0001665949821472168, "Agent0_Epoch22": 0.00011086463928222656, "Agent1_Epoch22": 0.00011366605758666992, "Agent2_Epoch22": 0.00011277198791503906, "Agent3_Epoch22": 0.00011348724365234375, "Agent4_Epoch22": 0.0001138448715209961, "Agent0_Epoch23": 7.539987564086914e-05, "Agent1_Epoch23": 7.712841033935547e-05, "Agent2_Epoch23": 7.677078247070312e-05, "Agent3_Epoch23": 7.683038711547852e-05, "Agent4_Epoch23": 7.69495964050293e-05, "Agent0_Epoch24": 5.1081180572509766e-05, "Agent1_Epoch24": 5.2034854888916016e-05, "Agent2_Epoch24": 5.167722702026367e-05, "Agent3_Epoch24": 5.167722702026367e-05, "Agent4_Epoch24": 5.2094459533691406e-05, "Agent0_Epoch25": 3.4332275390625e-05, "Agent1_Epoch25": 3.4689903259277344e-05, "Agent2_Epoch25": 3.4749507904052734e-05, "Agent3_Epoch25": 3.4689903259277344e-05, "Agent4_Epoch25": 3.4749507904052734e-05, "Agent0_Epoch26": 2.294778823852539e-05, "Agent1_Epoch26": 2.294778823852539e-05, "Agent2_Epoch26": 2.3066997528076172e-05, "Agent3_Epoch26": 2.3126602172851562e-05, "Agent4_Epoch26": 2.3066997528076172e-05, "Agent0_Epoch27": 1.519918441772461e-05, "Agent1_Epoch27": 1.537799835205078e-05, "Agent2_Epoch27": 1.519918441772461e-05, "Agent3_Epoch27": 1.52587890625e-05, "Agent4_Epoch27": 1.52587890625e-05, "Agent0_Epoch28": 1.0073184967041016e-05, "Agent1_Epoch28": 1.0073184967041016e-05, "Agent2_Epoch28": 1.0013580322265625e-05, "Agent3_Epoch28": 9.894371032714844e-06, "Agent4_Epoch28": 1.0073184967041016e-05, "Agent0_Epoch29": 6.735324859619141e-06, "Agent1_Epoch29": 6.67572021484375e-06, "Agent2_Epoch29": 6.67572021484375e-06, "Agent3_Epoch29": 6.794929504394531e-06, "Agent4_Epoch29": 6.854534149169922e-06, "Agent0_Epoch30": 4.291534423828125e-06, "Agent1_Epoch30": 4.351139068603516e-06, "Agent2_Epoch30": 4.410743713378906e-06, "Agent3_Epoch30": 4.410743713378906e-06, "Agent4_Epoch30": 4.410743713378906e-06, "Agent0_Epoch31": 2.7418136596679688e-06, "Agent1_Epoch31": 2.9802322387695312e-06, "Agent2_Epoch31": 2.8014183044433594e-06, "Agent3_Epoch31": 2.7418136596679688e-06, "Agent4_Epoch31": 2.8014183044433594e-06, "Agent0_Epoch32": 1.9669532775878906e-06, "Agent1_Epoch32": 1.9669532775878906e-06, "Agent2_Epoch32": 1.9669532775878906e-06, "Agent3_Epoch32": 1.9669532775878906e-06, "Agent4_Epoch32": 1.7881393432617188e-06, "Agent0_Epoch33": 1.1324882507324219e-06, "Agent1_Epoch33": 1.1324882507324219e-06, "Agent2_Epoch33": 1.0132789611816406e-06, "Agent3_Epoch33": 1.1324882507324219e-06, "Agent4_Epoch33": 1.1920928955078125e-06, "Agent0_Epoch34": 8.344650268554688e-07, "Agent1_Epoch34": 7.748603820800781e-07, "Agent2_Epoch34": 9.5367431640625e-07, "Agent3_Epoch34": 7.748603820800781e-07, "Agent4_Epoch34": 7.748603820800781e-07, "Agent0_Epoch35": 4.76837158203125e-07, "Agent1_Epoch35": 4.76837158203125e-07, "Agent2_Epoch35": 5.364418029785156e-07, "Agent3_Epoch35": 3.5762786865234375e-07, "Agent4_Epoch35": 4.76837158203125e-07, "Agent0_Epoch36": 3.5762786865234375e-07, "Agent1_Epoch36": 2.980232238769531e-07, "Agent2_Epoch36": 3.5762786865234375e-07, "Agent3_Epoch36": 3.5762786865234375e-07, "Agent4_Epoch36": 3.5762786865234375e-07, "Agent0_Epoch37": 2.980232238769531e-07, "Agent1_Epoch37": 1.1920928955078125e-07, "Agent2_Epoch37": 1.7881393432617188e-07, "Agent3_Epoch37": 1.7881393432617188e-07, "Agent4_Epoch37": 1.7881393432617188e-07, "Agent0_Epoch38": 1.7881393432617188e-07, "Agent1_Epoch38": 1.1920928955078125e-07, "Agent2_Epoch38": 1.1920928955078125e-07, "Agent3_Epoch38": 1.1920928955078125e-07, "Agent4_Epoch38": 0.0, "Agent0_Epoch39": 0.0, "Agent1_Epoch39": 0.0, "Agent2_Epoch39": 0.0, "Agent3_Epoch39": 1.1920928955078125e-07, "Agent4_Epoch39": 0.0, "Agent0_Epoch40": 0.0, "Agent1_Epoch40": -1.1920928955078125e-07, "Agent2_Epoch40": 0.0, "Agent3_Epoch40": 0.0, "Agent4_Epoch40": 0.0, "Agent0_Epoch41": 1.7881393432617188e-07,