{"Agent0_Epoch1": 0.29190170764923096, "Agent1_Epoch1": 0.28908175230026245, "Agent2_Epoch1": 0.9981946349143982, "Agent3_Epoch1": 0.98387211561203, "Agent4_Epoch1": 0.9931279420852661, "Agent5_Epoch1": 0.9880219101905823, "Agent0_Epoch2": 0.06055337190628052, "Agent1_Epoch2": 0.055691301822662354, "Agent2_Epoch2": 0.18572288751602173, "Agent3_Epoch2": 0.1902313232421875, "Agent4_Epoch2": 0.19077813625335693, "Agent5_Epoch2": 0.1836056113243103, "Agent0_Epoch3": 0.04453974962234497, "Agent1_Epoch3": 0.03977912664413452, "Agent2_Epoch3": 0.12567925453186035, "Agent3_Epoch3": 0.169544517993927, "Agent4_Epoch3": 0.1062544584274292, "Agent5_Epoch3": 0.12717533111572266, "Agent0_Epoch4": 0.028636038303375244, "Agent1_Epoch4": 0.026424288749694824, "Agent2_Epoch4": 0.10209822654724121, "Agent3_Epoch4": 0.10333186388015747, "Agent4_Epoch4": 0.09685856103897095, "Agent5_Epoch4": 0.10715407133102417, "Agent0_Epoch5": 0.01650857925415039, "Agent1_Epoch5": 0.015590310096740723, "Agent2_Epoch5": 0.05744284391403198, "Agent3_Epoch5": 0.06515681743621826, "Agent4_Epoch5": 0.060906052589416504, "Agent5_Epoch5": 0.05338221788406372, "Agent0_Epoch6": 0.009823799133300781, "Agent1_Epoch6": 0.009429872035980225, "Agent2_Epoch6": 0.0340878963470459, "Agent3_Epoch6": 0.04059869050979614, "Agent4_Epoch6": 0.04366648197174072, "Agent5_Epoch6": 0.03877967596054077, "Agent0_Epoch7": 0.007164061069488525, "Agent1_Epoch7": 0.006949365139007568, "Agent2_Epoch7": 0.019720256328582764, "Agent3_Epoch7": 0.025335609912872314, "Agent4_Epoch7": 0.030798733234405518, "Agent5_Epoch7": 0.026611804962158203, "Agent0_Epoch8": 0.004990875720977783, "Agent1_Epoch8": 0.004888713359832764, "Agent2_Epoch8": 0.01583993434906006, "Agent3_Epoch8": 0.01743215322494507, "Agent4_Epoch8": 0.021800696849822998, "Agent5_Epoch8": 0.018579959869384766, "Agent0_Epoch9": 0.003383815288543701, "Agent1_Epoch9": 0.0033261775970458984, "Agent2_Epoch9": 0.011227309703826904, "Agent3_Epoch9": 0.013386070728302002, "Agent4_Epoch9": 0.015378713607788086, "Agent5_Epoch9": 0.01422107219696045, "Agent0_Epoch10": 0.002205193042755127, "Agent1_Epoch10": 0.002171456813812256, "Agent2_Epoch10": 0.008123934268951416, "Agent3_Epoch10": 0.009474456310272217, "Agent4_Epoch10": 0.01135939359664917, "Agent5_Epoch10": 0.009938836097717285, "Agent0_Epoch11": 0.0015420317649841309, "Agent1_Epoch11": 0.0015255212783813477, "Agent2_Epoch11": 0.005766093730926514, "Agent3_Epoch11": 0.006754279136657715, "Agent4_Epoch11": 0.008383750915527344, "Agent5_Epoch11": 0.006853759288787842, "Agent0_Epoch12": 0.0011734366416931152, "Agent1_Epoch12": 0.0011634230613708496, "Agent2_Epoch12": 0.004351794719696045, "Agent3_Epoch12": 0.004877567291259766, "Agent4_Epoch12": 0.005844175815582275, "Agent5_Epoch12": 0.004622697830200195, "Agent0_Epoch13": 0.0007138848304748535, "Agent1_Epoch13": 0.0007102489471435547, "Agent2_Epoch13": 0.0028130412101745605, "Agent3_Epoch13": 0.003678560256958008, "Agent4_Epoch13": 0.004186570644378662, "Agent5_Epoch13": 0.0030542612075805664, "Agent0_Epoch14": 0.0004636049270629883, "Agent1_Epoch14": 0.0004615187644958496, "Agent2_Epoch14": 0.0018901228904724121, "Agent3_Epoch14": 0.0024977922439575195, "Agent4_Epoch14": 0.0029708147048950195, "Agent5_Epoch14": 0.0019439458847045898, "Agent0_Epoch15": 0.0003121495246887207, "Agent1_Epoch15": 0.00031113624572753906, "Agent2_Epoch15": 0.001250147819519043, "Agent3_Epoch15": 0.0016472339630126953, "Agent4_Epoch15": 0.002028822898864746, "Agent5_Epoch15": 0.00152587890625, "Agent0_Epoch16": 0.00019812583923339844, "Agent1_Epoch16": 0.00019758939743041992, "Agent2_Epoch16": 0.0008697509765625, "Agent3_Epoch16": 0.0011008977890014648, "Agent4_Epoch16": 0.001428067684173584, "Agent5_Epoch16": 0.0007084012031555176, "Agent0_Epoch17": 0.00010925531387329102, "Agent1_Epoch17": 0.00010907649993896484, "Agent2_Epoch17": 0.0005025267601013184, "Agent3_Epoch17": 0.0007330179214477539, "Agent4_Epoch17": 0.0009161829948425293, "Agent5_Epoch17": 0.00047600269317626953, "Agent0_Epoch18": 5.352497100830078e-05, "Agent1_Epoch18": 5.358457565307617e-05, "Agent2_Epoch18": 0.00034123659133911133, "Agent3_Epoch18": 0.00047278404235839844, "Agent4_Epoch18": 0.0005518794059753418, "Agent5_Epoch18": 0.0003483891487121582, "Agent0_Epoch19": 2.9027462005615234e-05, "Agent1_Epoch19": 2.9027462005615234e-05, "Agent2_Epoch19": 0.00021028518676757812, "Agent3_Epoch19": 0.0002715587615966797, "Agent4_Epoch19": 0.00030350685119628906, "Agent5_Epoch19": 0.00015336275100708008, "Agent0_Epoch20": 1.4603137969970703e-05, "Agent1_Epoch20": 1.4722347259521484e-05, "Agent2_Epoch20": 0.00010186433792114258, "Agent3_Epoch20": 0.00017273426055908203, "Agent4_Epoch20": 0.00017970800399780273, "Agent5_Epoch20": 0.0001341104507446289, "Agent0_Epoch21": 5.9604644775390625e-06, "Agent1_Epoch21": 6.079673767089844e-06, "Agent2_Epoch21": 6.580352783203125e-05, "Agent3_Epoch21": 8.863210678100586e-05, "Agent4_Epoch21": 9.620189666748047e-05, "Agent5_Epoch21": 6.103515625e-05, "Agent0_Epoch22": 3.159046173095703e-06, "Agent1_Epoch22": 3.159046173095703e-06, "Agent2_Epoch22": 3.3915042877197266e-05, "Agent3_Epoch22": 4.5180320739746094e-05, "Agent4_Epoch22": 4.947185516357422e-05, "Agent5_Epoch22": 2.2470951080322266e-05, "Agent0_Epoch23": 2.086162567138672e-06, "Agent1_Epoch23": 2.0265579223632812e-06, "Agent2_Epoch23": 1.7404556274414062e-05, "Agent3_Epoch23": 2.4318695068359375e-05, "Agent4_Epoch23": 2.7120113372802734e-05, "Agent5_Epoch23": 1.5795230865478516e-05, "Agent0_Epoch24": 1.0132789611816406e-06, "Agent1_Epoch24": 1.1324882507324219e-06, "Agent2_Epoch24": 8.344650268554688e-06, "Agent3_Epoch24": 1.2099742889404297e-05, "Agent4_Epoch24": 1.2993812561035156e-05, "Agent5_Epoch24": 8.702278137207031e-06, "Agent0_Epoch25": 7.152557373046875e-07, "Agent1_Epoch25": 5.960464477539062e-07, "Agent2_Epoch25": 4.172325134277344e-06, "Agent3_Epoch25": 6.258487701416016e-06, "Agent4_Epoch25": 6.973743438720703e-06, "Agent5_Epoch25": 4.351139068603516e-06, "Agent0_Epoch26": 3.5762786865234375e-07, "Agent1_Epoch26": 2.980232238769531e-07, "Agent2_Epoch26": 1.9669532775878906e-06, "Agent3_Epoch26": 3.337860107421875e-06, "Agent4_Epoch26": 3.337860107421875e-06, "Agent5_Epoch26": 2.9206275939941406e-06, "Agent0_Epoch27": 5.960464477539063e-08, "Agent1_Epoch27": 1.1920928955078125e-07, "Agent2_Epoch27": 1.0132789611816406e-06, "Agent3_Epoch27": 1.5497207641601562e-06, "Agent4_Epoch27": 1.6689300537109375e-06, "Agent5_Epoch27": 8.940696716308594e-07, "Agent0_Epoch28": 5.960464477539063e-08, "Agent1_Epoch28": 5.960464477539063e-08, "Agent2_Epoch28": 5.364418029785156e-07, "Agent3_Epoch28": 7.152557373046875e-07, "Agent4_Epoch28": 8.344650268554688e-07, "Agent5_Epoch28": 4.76837158203125e-07, "Agent0_Epoch29": 0.0, "Agent1_Epoch29": -1.1920928955078125e-07, "Agent2_Epoch29": 2.980232238769531e-07, "Agent3_Epoch29": 3.5762786865234375e-07, "Agent4_Epoch29": 1.7881393432617188e-07, "Agent5_Epoch29": 1.7881393432617188e-07, "Agent0_Epoch30": -1.1920928955078125e-07, "Agent1_Epoch30": -1.1920928955078125e-07, "Agent2_Epoch30": 0.0, "Agent3_Epoch30": 5.960464477539063e-08, "Agent4_Epoch30": 1.7881393432617188e-07, "Agent5_Epoch30": 0.0, "Agent0_Epoch31": 1.1920928955078125e-07, "Agent1_Epoch31": 0.0, "Agent2_Epoch31": 1.1920928955078125e-07, "Agent3_Epoch31": 1.1920928955078125e-07, "Agent4_Epoch31": 1.7881393432617188e-07, "Agent5_Epoch31": 5.960464477539063e-08, "Agent0_Epoch32": 0.0, "Agent1_Epoch32": 5.960464477539063e-08, "Agent2_Epoch32": 1.1920928955078125e-07, "Agent3_Epoch32": 5.960464477539063e-08, "Agent4_Epoch32": 1.1920928955078125e-07, "Agent5_Epoch32": 0.0, "Agent0_Epoch33": 0.0, "Agent1_Epoch33": -1.1920928955078125e-07, "Agent2_Epoch33": 0.0, "Agent3_Epoch33": -1.1920928955078125e-07, "Agent4_Epoch33": -1.1920928955078125e-07, "Agent5_Epoch33": 5.960464477539063e-08, "Agent0_Epoch34": 1.1920928955078125e-07, "Agent1_Epoch34": 5.960464477539063e-08, "Agent2_Epoch34": 5.960464477539063e-08, "Agent3_Epoch34": 0.0,