{"Agent0_Epoch1": 0.29131925106048584, "Agent1_Epoch1": 0.29100358486175537, "Agent2_Epoch1": 0.9919605255126953, "Agent3_Epoch1": 0.9822033047676086, "Agent4_Epoch1": 0.9784005880355835, "Agent5_Epoch1": 0.9971552491188049, "Agent0_Epoch2": 0.062201499938964844, "Agent1_Epoch2": 0.05458188056945801, "Agent2_Epoch2": 0.21284329891204834, "Agent3_Epoch2": 0.22443687915802002, "Agent4_Epoch2": 0.23648202419281006, "Agent5_Epoch2": 0.19018065929412842, "Agent0_Epoch3": 0.04109358787536621, "Agent1_Epoch3": 0.03793454170227051, "Agent2_Epoch3": 0.16292715072631836, "Agent3_Epoch3": 0.1790698766708374, "Agent4_Epoch3": 0.20614701509475708, "Agent5_Epoch3": 0.16015136241912842, "Agent0_Epoch4": 0.032765865325927734, "Agent1_Epoch4": 0.030292987823486328, "Agent2_Epoch4": 0.11729073524475098, "Agent3_Epoch4": 0.14277571439743042, "Agent4_Epoch4": 0.1399695873260498, "Agent5_Epoch4": 0.12175160646438599, "Agent0_Epoch5": 0.020689785480499268, "Agent1_Epoch5": 0.019439756870269775, "Agent2_Epoch5": 0.06168633699417114, "Agent3_Epoch5": 0.08649712800979614, "Agent4_Epoch5": 0.09087234735488892, "Agent5_Epoch5": 0.07036590576171875, "Agent0_Epoch6": 0.013147711753845215, "Agent1_Epoch6": 0.0125502347946167, "Agent2_Epoch6": 0.04243844747543335, "Agent3_Epoch6": 0.058740198612213135, "Agent4_Epoch6": 0.0540810227394104, "Agent5_Epoch6": 0.053990721702575684, "Agent0_Epoch7": 0.008836805820465088, "Agent1_Epoch7": 0.00859302282333374, "Agent2_Epoch7": 0.02906191349029541, "Agent3_Epoch7": 0.04488736391067505, "Agent4_Epoch7": 0.041526079177856445, "Agent5_Epoch7": 0.03611314296722412, "Agent0_Epoch8": 0.005922794342041016, "Agent1_Epoch8": 0.00580066442489624, "Agent2_Epoch8": 0.020579516887664795, "Agent3_Epoch8": 0.03125554323196411, "Agent4_Epoch8": 0.029184818267822266, "Agent5_Epoch8": 0.025064587593078613, "Agent0_Epoch9": 0.004114747047424316, "Agent1_Epoch9": 0.004059135913848877, "Agent2_Epoch9": 0.015345454216003418, "Agent3_Epoch9": 0.02265113592147827, "Agent4_Epoch9": 0.019782185554504395, "Agent5_Epoch9": 0.018445253372192383, "Agent0_Epoch10": 0.00281679630279541, "Agent1_Epoch10": 0.0027838945388793945, "Agent2_Epoch10": 0.01084822416305542, "Agent3_Epoch10": 0.016122937202453613, "Agent4_Epoch10": 0.014991343021392822, "Agent5_Epoch10": 0.01198965311050415, "Agent0_Epoch11": 0.00193101167678833, "Agent1_Epoch11": 0.001913607120513916, "Agent2_Epoch11": 0.006754457950592041, "Agent3_Epoch11": 0.011269569396972656, "Agent4_Epoch11": 0.010199248790740967, "Agent5_Epoch11": 0.008123636245727539, "Agent0_Epoch12": 0.0010337233543395996, "Agent1_Epoch12": 0.0010245442390441895, "Agent2_Epoch12": 0.005156576633453369, "Agent3_Epoch12": 0.007599472999572754, "Agent4_Epoch12": 0.0067708492279052734, "Agent5_Epoch12": 0.005293011665344238, "Agent0_Epoch13": 0.0007889270782470703, "Agent1_Epoch13": 0.0007851719856262207, "Agent2_Epoch13": 0.003528416156768799, "Agent3_Epoch13": 0.005113542079925537, "Agent4_Epoch13": 0.00500410795211792, "Agent5_Epoch13": 0.003934621810913086, "Agent0_Epoch14": 0.0004692673683166504, "Agent1_Epoch14": 0.0004680156707763672, "Agent2_Epoch14": 0.0026494860649108887, "Agent3_Epoch14": 0.0033535361289978027, "Agent4_Epoch14": 0.003377079963684082, "Agent5_Epoch14": 0.0019017457962036133, "Agent0_Epoch15": 0.0003253817558288574, "Agent1_Epoch15": 0.00032448768615722656, "Agent2_Epoch15": 0.0017483830451965332, "Agent3_Epoch15": 0.0021858811378479004, "Agent4_Epoch15": 0.002217531204223633, "Agent5_Epoch15": 0.001111745834350586, "Agent0_Epoch16": 0.00018328428268432617, "Agent1_Epoch16": 0.00018274784088134766, "Agent2_Epoch16": 0.0011087656021118164, "Agent3_Epoch16": 0.0013312101364135742, "Agent4_Epoch16": 0.0013783574104309082, "Agent5_Epoch16": 0.0006931424140930176, "Agent0_Epoch17": 6.920099258422852e-05, "Agent1_Epoch17": 6.920099258422852e-05, "Agent2_Epoch17": 0.0007486939430236816, "Agent3_Epoch17": 0.0007303357124328613, "Agent4_Epoch17": 0.0008614659309387207, "Agent5_Epoch17": 0.0005452632904052734, "Agent0_Epoch18": 3.5822391510009766e-05, "Agent1_Epoch18": 3.5881996154785156e-05, "Agent2_Epoch18": 0.00045162439346313477, "Agent3_Epoch18": 0.0004596114158630371, "Agent4_Epoch18": 0.000516355037689209, "Agent5_Epoch18": 0.00025206804275512695, "Agent0_Epoch19": 2.205371856689453e-05, "Agent1_Epoch19": 2.2172927856445312e-05, "Agent2_Epoch19": 0.0002608299255371094, "Agent3_Epoch19": 0.00025349855422973633, "Agent4_Epoch19": 0.00029665231704711914, "Agent5_Epoch19": 0.00014454126358032227, "Agent0_Epoch20": 1.5676021575927734e-05, "Agent1_Epoch20": 1.5616416931152344e-05, "Agent2_Epoch20": 0.00013679265975952148, "Agent3_Epoch20": 0.00014227628707885742, "Agent4_Epoch20": 0.0001698136329650879, "Agent5_Epoch20": 9.447336196899414e-05, "Agent0_Epoch21": 5.304813385009766e-06, "Agent1_Epoch21": 5.185604095458984e-06, "Agent2_Epoch21": 7.76052474975586e-05, "Agent3_Epoch21": 7.545948028564453e-05, "Agent4_Epoch21": 8.493661880493164e-05, "Agent5_Epoch21": 4.5299530029296875e-05, "Agent0_Epoch22": 2.2649765014648438e-06, "Agent1_Epoch22": 2.3245811462402344e-06, "Agent2_Epoch22": 4.291534423828125e-05, "Agent3_Epoch22": 4.100799560546875e-05, "Agent4_Epoch22": 4.667043685913086e-05, "Agent5_Epoch22": 2.7120113372802734e-05, "Agent0_Epoch23": 1.2516975402832031e-06, "Agent1_Epoch23": 1.3113021850585938e-06, "Agent2_Epoch23": 2.3543834686279297e-05, "Agent3_Epoch23": 2.1696090698242188e-05, "Agent4_Epoch23": 2.467632293701172e-05, "Agent5_Epoch23": 1.4007091522216797e-05, "Agent0_Epoch24": 7.748603820800781e-07, "Agent1_Epoch24": 5.960464477539062e-07, "Agent2_Epoch24": 1.2218952178955078e-05, "Agent3_Epoch24": 9.655952453613281e-06, "Agent4_Epoch24": 1.1205673217773438e-05, "Agent5_Epoch24": 7.331371307373047e-06, "Agent0_Epoch25": 2.384185791015625e-07, "Agent1_Epoch25": 1.7881393432617188e-07, "Agent2_Epoch25": 5.602836608886719e-06, "Agent3_Epoch25": 5.304813385009766e-06, "Agent4_Epoch25": 6.198883056640625e-06, "Agent5_Epoch25": 4.112720489501953e-06, "Agent0_Epoch26": 1.1920928955078125e-07, "Agent1_Epoch26": 1.7881393432617188e-07, "Agent2_Epoch26": 3.3974647521972656e-06, "Agent3_Epoch26": 2.7418136596679688e-06, "Agent4_Epoch26": 2.9206275939941406e-06, "Agent5_Epoch26": 1.9669532775878906e-06, "Agent0_Epoch27": 1.7881393432617188e-07, "Agent1_Epoch27": 5.960464477539063e-08, "Agent2_Epoch27": 1.430511474609375e-06, "Agent3_Epoch27": 1.2516975402832031e-06, "Agent4_Epoch27": 1.3709068298339844e-06, "Agent5_Epoch27": 9.5367431640625e-07, "Agent0_Epoch28": -1.1920928955078125e-07, "Agent1_Epoch28": 5.960464477539063e-08, "Agent2_Epoch28": 7.152557373046875e-07, "Agent3_Epoch28": 5.960464477539062e-07, "Agent4_Epoch28": 7.152557373046875e-07, "Agent5_Epoch28": 4.76837158203125e-07, "Agent0_Epoch29": 5.960464477539063e-08, "Agent1_Epoch29": 5.960464477539063e-08, "Agent2_Epoch29": 4.172325134277344e-07, "Agent3_Epoch29": 4.172325134277344e-07, "Agent4_Epoch29": 4.172325134277344e-07, "Agent5_Epoch29": 2.384185791015625e-07, "Agent0_Epoch30": 5.960464477539063e-08, "Agent1_Epoch30": 5.960464477539063e-08, "Agent2_Epoch30": 1.1920928955078125e-07, "Agent3_Epoch30": 2.384185791015625e-07, "Agent4_Epoch30": 1.1920928955078125e-07, "Agent5_Epoch30": 0.0, "Agent0_Epoch31": 1.1920928955078125e-07, "Agent1_Epoch31": 5.960464477539063e-08, "Agent2_Epoch31": 1.7881393432617188e-07, "Agent3_Epoch31": 5.960464477539063e-08, "Agent4_Epoch31": 5.960464477539063e-08, "Agent5_Epoch31": 5.960464477539063e-08, "Agent0_Epoch32": 5.960464477539063e-08, "Agent1_Epoch32": -1.1920928955078125e-07, "Agent2_Epoch32": 5.960464477539063e-08, "Agent3_Epoch32": 5.960464477539063e-08, "Agent4_Epoch32": 5.960464477539063e-08, "Agent5_Epoch32": -1.1920928955078125e-07, "Agent0_Epoch33": -1.1920928955078125e-07, "Agent1_Epoch33": -1.1920928955078125e-07, "Agent2_Epoch33": 0.0, "Agent3_Epoch33": 5.960464477539063e-08, "Agent4_Epoch33": 0.0, "Agent5_Epoch33": 0.0, "Agent0_Epoch34": 0.0, "Agent1_Epoch34": 5.960464477539063e-08,