{"Agent0_Epoch1": 0.2889103293418884, "Agent1_Epoch1": 0.29069119691848755, "Agent2_Epoch1": 0.9991888403892517, "Agent3_Epoch1": 0.9891560673713684, "Agent4_Epoch1": 0.9901027083396912, "Agent5_Epoch1": 0.9979074597358704, "Agent0_Epoch2": 0.05080825090408325, "Agent1_Epoch2": 0.04944181442260742, "Agent2_Epoch2": 0.20360291004180908, "Agent3_Epoch2": 0.22467368841171265, "Agent4_Epoch2": 0.23344075679779053, "Agent5_Epoch2": 0.1836104393005371, "Agent0_Epoch3": 0.04165226221084595, "Agent1_Epoch3": 0.04094487428665161, "Agent2_Epoch3": 0.14544087648391724, "Agent3_Epoch3": 0.17008811235427856, "Agent4_Epoch3": 0.16905081272125244, "Agent5_Epoch3": 0.11788827180862427, "Agent0_Epoch4": 0.029988646507263184, "Agent1_Epoch4": 0.02824622392654419, "Agent2_Epoch4": 0.10567700862884521, "Agent3_Epoch4": 0.1352616548538208, "Agent4_Epoch4": 0.1045791506767273, "Agent5_Epoch4": 0.07457447052001953, "Agent0_Epoch5": 0.017349064350128174, "Agent1_Epoch5": 0.016898691654205322, "Agent2_Epoch5": 0.061454594135284424, "Agent3_Epoch5": 0.0761340856552124, "Agent4_Epoch5": 0.07153195142745972, "Agent5_Epoch5": 0.05016934871673584, "Agent0_Epoch6": 0.011366844177246094, "Agent1_Epoch6": 0.011108219623565674, "Agent2_Epoch6": 0.03624570369720459, "Agent3_Epoch6": 0.050621211528778076, "Agent4_Epoch6": 0.050737619400024414, "Agent5_Epoch6": 0.037358641624450684, "Agent0_Epoch7": 0.007321655750274658, "Agent1_Epoch7": 0.007216513156890869, "Agent2_Epoch7": 0.022607862949371338, "Agent3_Epoch7": 0.03431493043899536, "Agent4_Epoch7": 0.034008026123046875, "Agent5_Epoch7": 0.026878654956817627, "Agent0_Epoch8": 0.005295455455780029, "Agent1_Epoch8": 0.00527268648147583, "Agent2_Epoch8": 0.01770961284637451, "Agent3_Epoch8": 0.024088382720947266, "Agent4_Epoch8": 0.025387704372406006, "Agent5_Epoch8": 0.02003532648086548, "Agent0_Epoch9": 0.0038114190101623535, "Agent1_Epoch9": 0.0038179755210876465, "Agent2_Epoch9": 0.012330174446105957, "Agent3_Epoch9": 0.01773655414581299, "Agent4_Epoch9": 0.018569469451904297, "Agent5_Epoch9": 0.01318734884262085, "Agent0_Epoch10": 0.0026714205741882324, "Agent1_Epoch10": 0.0026643872261047363, "Agent2_Epoch10": 0.008650422096252441, "Agent3_Epoch10": 0.012768149375915527, "Agent4_Epoch10": 0.013419747352600098, "Agent5_Epoch10": 0.009911596775054932, "Agent0_Epoch11": 0.0018333196640014648, "Agent1_Epoch11": 0.0018358826637268066, "Agent2_Epoch11": 0.006167173385620117, "Agent3_Epoch11": 0.009634256362915039, "Agent4_Epoch11": 0.009930193424224854, "Agent5_Epoch11": 0.0073479413986206055, "Agent0_Epoch12": 0.0012649297714233398, "Agent1_Epoch12": 0.0012643933296203613, "Agent2_Epoch12": 0.0046288371086120605, "Agent3_Epoch12": 0.006599724292755127, "Agent4_Epoch12": 0.0071010589599609375, "Agent5_Epoch12": 0.004845738410949707, "Agent0_Epoch13": 0.0007101297378540039, "Agent1_Epoch13": 0.0007086992263793945, "Agent2_Epoch13": 0.003027021884918213, "Agent3_Epoch13": 0.0043738484382629395, "Agent4_Epoch13": 0.0048070549964904785, "Agent5_Epoch13": 0.00334775447845459, "Agent0_Epoch14": 0.0004438161849975586, "Agent1_Epoch14": 0.00044411420822143555, "Agent2_Epoch14": 0.002041935920715332, "Agent3_Epoch14": 0.0029715895652770996, "Agent4_Epoch14": 0.003368973731994629, "Agent5_Epoch14": 0.0018744468688964844, "Agent0_Epoch15": 0.0003033876419067383, "Agent1_Epoch15": 0.0003032088279724121, "Agent2_Epoch15": 0.0012761950492858887, "Agent3_Epoch15": 0.002093374729156494, "Agent4_Epoch15": 0.0023471713066101074, "Agent5_Epoch15": 0.0012755393981933594, "Agent0_Epoch16": 0.0001837015151977539, "Agent1_Epoch16": 0.00018346309661865234, "Agent2_Epoch16": 0.0009577274322509766, "Agent3_Epoch16": 0.0013508200645446777, "Agent4_Epoch16": 0.0015604496002197266, "Agent5_Epoch16": 0.0007998347282409668, "Agent0_Epoch17": 9.34600830078125e-05, "Agent1_Epoch17": 9.334087371826172e-05, "Agent2_Epoch17": 0.0005946159362792969, "Agent3_Epoch17": 0.0008912086486816406, "Agent4_Epoch17": 0.0009502172470092773, "Agent5_Epoch17": 0.0006461143493652344, "Agent0_Epoch18": 5.269050598144531e-05, "Agent1_Epoch18": 5.269050598144531e-05, "Agent2_Epoch18": 0.0003361701965332031, "Agent3_Epoch18": 0.0005072355270385742, "Agent4_Epoch18": 0.000603020191192627, "Agent5_Epoch18": 0.0002713203430175781, "Agent0_Epoch19": 3.421306610107422e-05, "Agent1_Epoch19": 3.421306610107422e-05, "Agent2_Epoch19": 0.00019347667694091797, "Agent3_Epoch19": 0.0003120303153991699, "Agent4_Epoch19": 0.00034993886947631836, "Agent5_Epoch19": 0.00018334388732910156, "Agent0_Epoch20": 1.5735626220703125e-05, "Agent1_Epoch20": 1.5676021575927734e-05, "Agent2_Epoch20": 0.000102996826171875, "Agent3_Epoch20": 0.00018036365509033203, "Agent4_Epoch20": 0.00019538402557373047, "Agent5_Epoch20": 0.00010287761688232422, "Agent0_Epoch21": 7.748603820800781e-06, "Agent1_Epoch21": 7.808208465576172e-06, "Agent2_Epoch21": 5.930662155151367e-05, "Agent3_Epoch21": 9.41157341003418e-05, "Agent4_Epoch21": 0.00010222196578979492, "Agent5_Epoch21": 4.83393669128418e-05, "Agent0_Epoch22": 3.6954879760742188e-06, "Agent1_Epoch22": 3.5762786865234375e-06, "Agent2_Epoch22": 3.266334533691406e-05, "Agent3_Epoch22": 4.887580871582031e-05, "Agent4_Epoch22": 5.424022674560547e-05, "Agent5_Epoch22": 2.8789043426513672e-05, "Agent0_Epoch23": 1.6689300537109375e-06, "Agent1_Epoch23": 1.6689300537109375e-06, "Agent2_Epoch23": 1.722574234008789e-05, "Agent3_Epoch23": 2.7060508728027344e-05, "Agent4_Epoch23": 2.7954578399658203e-05, "Agent5_Epoch23": 1.5079975128173828e-05, "Agent0_Epoch24": 8.940696716308594e-07, "Agent1_Epoch24": 8.940696716308594e-07, "Agent2_Epoch24": 8.821487426757812e-06, "Agent3_Epoch24": 1.33514404296875e-05, "Agent4_Epoch24": 1.3232231140136719e-05, "Agent5_Epoch24": 9.179115295410156e-06, "Agent0_Epoch25": 6.556510925292969e-07, "Agent1_Epoch25": 5.364418029785156e-07, "Agent2_Epoch25": 4.0531158447265625e-06, "Agent3_Epoch25": 7.092952728271484e-06, "Agent4_Epoch25": 7.033348083496094e-06, "Agent5_Epoch25": 4.172325134277344e-06, "Agent0_Epoch26": 1.1920928955078125e-07, "Agent1_Epoch26": 1.7881393432617188e-07, "Agent2_Epoch26": 2.205371856689453e-06, "Agent3_Epoch26": 3.2782554626464844e-06, "Agent4_Epoch26": 3.337860107421875e-06, "Agent5_Epoch26": 2.1457672119140625e-06, "Agent0_Epoch27": 1.7881393432617188e-07, "Agent1_Epoch27": 1.1920928955078125e-07, "Agent2_Epoch27": 8.940696716308594e-07, "Agent3_Epoch27": 1.8477439880371094e-06, "Agent4_Epoch27": 1.7881393432617188e-06, "Agent5_Epoch27": 9.5367431640625e-07, "Agent0_Epoch28": 5.960464477539063e-08, "Agent1_Epoch28": 5.960464477539063e-08, "Agent2_Epoch28": 4.76837158203125e-07, "Agent3_Epoch28": 8.344650268554688e-07, "Agent4_Epoch28": 6.556510925292969e-07, "Agent5_Epoch28": 4.172325134277344e-07, "Agent0_Epoch29": 0.0, "Agent1_Epoch29": 0.0, "Agent2_Epoch29": 1.1920928955078125e-07, "Agent3_Epoch29": 4.172325134277344e-07, "Agent4_Epoch29": 4.172325134277344e-07, "Agent5_Epoch29": 1.1920928955078125e-07, "Agent0_Epoch30": 1.1920928955078125e-07, "Agent1_Epoch30": 5.960464477539063e-08, "Agent2_Epoch30": 1.1920928955078125e-07, "Agent3_Epoch30": 2.980232238769531e-07, "Agent4_Epoch30": 1.7881393432617188e-07, "Agent5_Epoch30": 1.7881393432617188e-07, "Agent0_Epoch31": 0.0, "Agent1_Epoch31": 1.1920928955078125e-07, "Agent2_Epoch31": -1.1920928955078125e-07, "Agent3_Epoch31": 1.1920928955078125e-07, "Agent4_Epoch31": 1.1920928955078125e-07, "Agent5_Epoch31": -1.1920928955078125e-07, "Agent0_Epoch32": 5.960464477539063e-08, "Agent1_Epoch32": 0.0, "Agent2_Epoch32": 0.0, "Agent3_Epoch32": 1.1920928955078125e-07, "Agent4_Epoch32": 0.0, "Agent5_Epoch32": 5.960464477539063e-08, "Agent0_Epoch33": 5.960464477539063e-08, "Agent1_Epoch33": -1.1920928955078125e-07, "Agent2_Epoch33": -1.1920928955078125e-07, "Agent3_Epoch33": 0.0, "Agent4_Epoch33": -1.1920928955078125e-07, "Agent5_Epoch33": 0.0, "Agent0_Epoch34": 0.0, "Agent1_Epoch34": 5.960464477539063e-08, "Agent2_Epoch34": 0.0, "Agent3_Epoch34": 5.960464477539063e-08,