{"E1_agent0_norm": 2.745455265045166, "E1_agent1_norm": 2.9691503047943115, "E1_agent2_norm": 2.9135324954986572, "E1_agent3_norm": 2.9918556213378906, "E1_agent4_norm": 2.895951509475708, "E1_agent5_norm": 3.0186734199523926, "E2_agent0_norm": 2.1191823482513428, "E2_agent1_norm": 2.730442762374878, "E2_agent2_norm": 2.4236505031585693, "E2_agent3_norm": 2.3939669132232666, "E2_agent4_norm": 2.884610652923584, "E2_agent5_norm": 2.627183437347412, "E3_agent0_norm": 2.123662233352661, "E3_agent1_norm": 2.337959051132202, "E3_agent2_norm": 2.364488363265991, "E3_agent3_norm": 2.261598587036133, "E3_agent4_norm": 2.690927028656006, "E3_agent5_norm": 2.280459403991699, "E4_agent0_norm": 1.684240698814392, "E4_agent1_norm": 2.238337993621826, "E4_agent2_norm": 2.1025774478912354, "E4_agent3_norm": 1.62183678150177, "E4_agent4_norm": 2.0528218746185303, "E4_agent5_norm": 1.8450636863708496, "E5_agent0_norm": 1.4141573905944824, "E5_agent1_norm": 1.9519861936569214, "E5_agent2_norm": 1.921567440032959, "E5_agent3_norm": 1.943611979484558, "E5_agent4_norm": 1.7553504705429077, "E5_agent5_norm": 1.56505286693573, "E6_agent0_norm": 1.1497195959091187, "E6_agent1_norm": 1.6336162090301514, "E6_agent2_norm": 1.4103114604949951, "E6_agent3_norm": 1.6889526844024658, "E6_agent4_norm": 1.3131563663482666, "E6_agent5_norm": 1.1667624711990356, "E7_agent0_norm": 0.977605402469635, "E7_agent1_norm": 1.3478888273239136, "E7_agent2_norm": 1.249003529548645, "E7_agent3_norm": 1.3776586055755615, "E7_agent4_norm": 1.066832184791565, "E7_agent5_norm": 0.8746575117111206, "E8_agent0_norm": 0.8498691916465759, "E8_agent1_norm": 1.1852859258651733, "E8_agent2_norm": 1.000443458557129, "E8_agent3_norm": 1.134204626083374, "E8_agent4_norm": 0.9091969132423401, "E8_agent5_norm": 0.8108373284339905, "E9_agent0_norm": 0.6950045228004456, "E9_agent1_norm": 0.9687596559524536, "E9_agent2_norm": 0.8517356514930725, "E9_agent3_norm": 0.8968732953071594, "E9_agent4_norm": 0.7460072040557861, "E9_agent5_norm": 0.6843920350074768, "E10_agent0_norm": 0.5913465023040771, "E10_agent1_norm": 0.814974844455719, "E10_agent2_norm": 0.7192245125770569, "E10_agent3_norm": 0.7892038822174072, "E10_agent4_norm": 0.6648041605949402, "E10_agent5_norm": 0.5623447895050049, "E11_agent0_norm": 0.5106858015060425, "E11_agent1_norm": 0.671113908290863, "E11_agent2_norm": 0.6202630996704102, "E11_agent3_norm": 0.6113652586936951, "E11_agent4_norm": 0.5809782147407532, "E11_agent5_norm": 0.4799926280975342, "E12_agent0_norm": 0.3889465630054474, "E12_agent1_norm": 0.5576459169387817, "E12_agent2_norm": 0.5176218748092651, "E12_agent3_norm": 0.5346692800521851, "E12_agent4_norm": 0.48947617411613464, "E12_agent5_norm": 0.3987685739994049, "E13_agent0_norm": 0.29768118262290955, "E13_agent1_norm": 0.430607408285141, "E13_agent2_norm": 0.4385843873023987, "E13_agent3_norm": 0.4342374801635742, "E13_agent4_norm": 0.4167065918445587, "E13_agent5_norm": 0.30830448865890503, "E14_agent0_norm": 0.2558968663215637, "E14_agent1_norm": 0.3589303195476532, "E14_agent2_norm": 0.3718051016330719, "E14_agent3_norm": 0.3418329656124115, "E14_agent4_norm": 0.36175474524497986, "E14_agent5_norm": 0.27866077423095703, "E15_agent0_norm": 0.200649231672287, "E15_agent1_norm": 0.2517717182636261, "E15_agent2_norm": 0.2962956428527832, "E15_agent3_norm": 0.26611754298210144, "E15_agent4_norm": 0.3125339150428772, "E15_agent5_norm": 0.22451350092887878, "E16_agent0_norm": 0.15523183345794678, "E16_agent1_norm": 0.2091163694858551, "E16_agent2_norm": 0.24050214886665344, "E16_agent3_norm": 0.23691460490226746, "E16_agent4_norm": 0.2535857558250427, "E16_agent5_norm": 0.18944814801216125, "E17_agent0_norm": 0.11091573536396027, "E17_agent1_norm": 0.15431737899780273, "E17_agent2_norm": 0.1904272586107254, "E17_agent3_norm": 0.18603003025054932, "E17_agent4_norm": 0.19815629720687866, "E17_agent5_norm": 0.1496182531118393, "E18_agent0_norm": 0.08513536304235458, "E18_agent1_norm": 0.12968797981739044, "E18_agent2_norm": 0.1581844687461853, "E18_agent3_norm": 0.14818736910820007, "E18_agent4_norm": 0.15467283129692078, "E18_agent5_norm": 0.13221946358680725, "E19_agent0_norm": 0.06203843280673027, "E19_agent1_norm": 0.08831661939620972, "E19_agent2_norm": 0.11780261248350143, "E19_agent3_norm": 0.11854921281337738, "E19_agent4_norm": 0.12025810033082962, "E19_agent5_norm": 0.0996083989739418, "E20_agent0_norm": 0.04627981781959534, "E20_agent1_norm": 0.0703568086028099, "E20_agent2_norm": 0.08709484338760376, "E20_agent3_norm": 0.08645322173833847, "E20_agent4_norm": 0.09125388413667679, "E20_agent5_norm": 0.07639677077531815, "E21_agent0_norm": 0.030067110434174538, "E21_agent1_norm": 0.05043325573205948, "E21_agent2_norm": 0.06746239215135574, "E21_agent3_norm": 0.06653233617544174, "E21_agent4_norm": 0.06537384539842606, "E21_agent5_norm": 0.0559120699763298, "E22_agent0_norm": 0.024926383048295975, "E22_agent1_norm": 0.0356736034154892, "E22_agent2_norm": 0.050006017088890076, "E22_agent3_norm": 0.04751114174723625, "E22_agent4_norm": 0.049165550619363785, "E22_agent5_norm": 0.046480029821395874, "E23_agent0_norm": 0.016610898077487946, "E23_agent1_norm": 0.02581874094903469, "E23_agent2_norm": 0.034871067851781845, "E23_agent3_norm": 0.03588908538222313, "E23_agent4_norm": 0.03582865744829178, "E23_agent5_norm": 0.03331007808446884, "E24_agent0_norm": 0.011788859032094479, "E24_agent1_norm": 0.01834191381931305, "E24_agent2_norm": 0.023783521726727486, "E24_agent3_norm": 0.02456466667354107, "E24_agent4_norm": 0.025380553677678108, "E24_agent5_norm": 0.023752424865961075, "E25_agent0_norm": 0.008346116170287132, "E25_agent1_norm": 0.013417637906968594, "E25_agent2_norm": 0.01823490299284458, "E25_agent3_norm": 0.018477443605661392, "E25_agent4_norm": 0.01857762038707733, "E25_agent5_norm": 0.017605848610401154, "E26_agent0_norm": 0.0057122898288071156, "E26_agent1_norm": 0.008869662880897522, "E26_agent2_norm": 0.012789520435035229, "E26_agent3_norm": 0.01238720677793026, "E26_agent4_norm": 0.012990483082830906, "E26_agent5_norm": 0.012462354265153408, "E27_agent0_norm": 0.004090785980224609, "E27_agent1_norm": 0.006039901170879602, "E27_agent2_norm": 0.008569627068936825, "E27_agent3_norm": 0.008291489444673061, "E27_agent4_norm": 0.00892441812902689, "E27_agent5_norm": 0.00925296638160944, "E28_agent0_norm": 0.0030415167566388845, "E28_agent1_norm": 0.004226286895573139, "E28_agent2_norm": 0.0062309023924171925, "E28_agent3_norm": 0.0064061488956213, "E28_agent4_norm": 0.0065557025372982025, "E28_agent5_norm": 0.006463851314038038, "E29_agent0_norm": 0.002142374636605382, "E29_agent1_norm": 0.0032642490696161985, "E29_agent2_norm": 0.0044054607860744, "E29_agent3_norm": 0.004388799890875816, "E29_agent4_norm": 0.004420585464686155, "E29_agent5_norm": 0.004591767210513353, "E30_agent0_norm": 0.001387079362757504, "E30_agent1_norm": 0.0020606101024895906, "E30_agent2_norm": 0.0029300160240381956, "E30_agent3_norm": 0.003207380883395672, "E30_agent4_norm": 0.003187230322510004, "E30_agent5_norm": 0.0030291208531707525, "E31_agent0_norm": 0.0010807731887325644, "E31_agent1_norm": 0.001532293506897986, "E31_agent2_norm": 0.002162782009691, "E31_agent3_norm": 0.002244911389425397, "E31_agent4_norm": 0.002280138898640871, "E31_agent5_norm": 0.0021233430597931147, "E32_agent0_norm": 0.0007438072352670133, "E32_agent1_norm": 0.0010885486844927073, "E32_agent2_norm": 0.0014546201564371586, "E32_agent3_norm": 0.0015372794587165117, "E32_agent4_norm": 0.001592337735928595, "E32_agent5_norm": 0.0015927153872326016, "E33_agent0_norm": 0.0004845481598749757, "E33_agent1_norm": 0.0007348537328653038, "E33_agent2_norm": 0.0010186934377998114, "E33_agent3_norm": 0.0010646801674738526, "E33_agent4_norm": 0.0010774252004921436, "E33_agent5_norm": 0.0011065782746300101, "E34_agent0_norm": 0.0003562055353540927, "E34_agent1_norm": 0.00047615973744541407, "E34_agent2_norm": 0.0007088836864568293, "E34_agent3_norm": 0.0007333888206630945,