{"E1_agent0_norm": 2.7079203128814697, "E1_agent1_norm": 2.970954418182373, "E1_agent2_norm": 3.0599758625030518, "E1_agent3_norm": 3.138690233230591, "E1_agent4_norm": 2.9833309650421143, "E1_agent5_norm": 2.955151319503784, "E2_agent0_norm": 2.2248592376708984, "E2_agent1_norm": 2.6486928462982178, "E2_agent2_norm": 2.724546432495117, "E2_agent3_norm": 2.671718120574951, "E2_agent4_norm": 2.485279083251953, "E2_agent5_norm": 2.3364505767822266, "E3_agent0_norm": 1.9778599739074707, "E3_agent1_norm": 2.518022060394287, "E3_agent2_norm": 2.0973310470581055, "E3_agent3_norm": 2.4226982593536377, "E3_agent4_norm": 2.3478188514709473, "E3_agent5_norm": 2.330007314682007, "E4_agent0_norm": 1.7690984010696411, "E4_agent1_norm": 2.0797343254089355, "E4_agent2_norm": 2.283320188522339, "E4_agent3_norm": 2.240246295928955, "E4_agent4_norm": 2.040408134460449, "E4_agent5_norm": 1.8953585624694824, "E5_agent0_norm": 1.492152214050293, "E5_agent1_norm": 1.712435007095337, "E5_agent2_norm": 1.894553542137146, "E5_agent3_norm": 1.9090309143066406, "E5_agent4_norm": 1.6748771667480469, "E5_agent5_norm": 1.5901304483413696, "E6_agent0_norm": 1.1611740589141846, "E6_agent1_norm": 1.4593855142593384, "E6_agent2_norm": 1.7710485458374023, "E6_agent3_norm": 1.5961353778839111, "E6_agent4_norm": 1.2848292589187622, "E6_agent5_norm": 1.2681806087493896, "E7_agent0_norm": 0.980487048625946, "E7_agent1_norm": 1.2153911590576172, "E7_agent2_norm": 1.413817048072815, "E7_agent3_norm": 1.2226557731628418, "E7_agent4_norm": 1.0513075590133667, "E7_agent5_norm": 1.0492111444473267, "E8_agent0_norm": 0.8308382034301758, "E8_agent1_norm": 1.04150390625, "E8_agent2_norm": 1.2212172746658325, "E8_agent3_norm": 0.9942437410354614, "E8_agent4_norm": 0.9021461606025696, "E8_agent5_norm": 0.908866286277771, "E9_agent0_norm": 0.7186022996902466, "E9_agent1_norm": 0.8998399972915649, "E9_agent2_norm": 0.9933294057846069, "E9_agent3_norm": 0.7969644665718079, "E9_agent4_norm": 0.7872742414474487, "E9_agent5_norm": 0.759520947933197, "E10_agent0_norm": 0.618408739566803, "E10_agent1_norm": 0.7389447689056396, "E10_agent2_norm": 0.833073616027832, "E10_agent3_norm": 0.6689486503601074, "E10_agent4_norm": 0.6664023399353027, "E10_agent5_norm": 0.6771118640899658, "E11_agent0_norm": 0.510080099105835, "E11_agent1_norm": 0.6330695152282715, "E11_agent2_norm": 0.7345423698425293, "E11_agent3_norm": 0.5563117861747742, "E11_agent4_norm": 0.5663745403289795, "E11_agent5_norm": 0.5656322240829468, "E12_agent0_norm": 0.39668649435043335, "E12_agent1_norm": 0.5062224268913269, "E12_agent2_norm": 0.6115235686302185, "E12_agent3_norm": 0.48091498017311096, "E12_agent4_norm": 0.48736870288848877, "E12_agent5_norm": 0.4562467038631439, "E13_agent0_norm": 0.33250054717063904, "E13_agent1_norm": 0.4027622640132904, "E13_agent2_norm": 0.5231397747993469, "E13_agent3_norm": 0.380294531583786, "E13_agent4_norm": 0.4301115572452545, "E13_agent5_norm": 0.38498058915138245, "E14_agent0_norm": 0.25620993971824646, "E14_agent1_norm": 0.31164610385894775, "E14_agent2_norm": 0.3957563638687134, "E14_agent3_norm": 0.3146189749240875, "E14_agent4_norm": 0.363667756319046, "E14_agent5_norm": 0.3416362404823303, "E15_agent0_norm": 0.20574957132339478, "E15_agent1_norm": 0.260172039270401, "E15_agent2_norm": 0.3356810510158539, "E15_agent3_norm": 0.26717057824134827, "E15_agent4_norm": 0.303314745426178, "E15_agent5_norm": 0.2647412121295929, "E16_agent0_norm": 0.15015585720539093, "E16_agent1_norm": 0.19544760882854462, "E16_agent2_norm": 0.259634792804718, "E16_agent3_norm": 0.21283267438411713, "E16_agent4_norm": 0.24524986743927002, "E16_agent5_norm": 0.21369366347789764, "E17_agent0_norm": 0.11744291335344315, "E17_agent1_norm": 0.16090722382068634, "E17_agent2_norm": 0.20902545750141144, "E17_agent3_norm": 0.17074903845787048, "E17_agent4_norm": 0.1962917596101761, "E17_agent5_norm": 0.17644798755645752, "E18_agent0_norm": 0.09305723756551743, "E18_agent1_norm": 0.12962371110916138, "E18_agent2_norm": 0.15456493198871613, "E18_agent3_norm": 0.1405506134033203, "E18_agent4_norm": 0.15578065812587738, "E18_agent5_norm": 0.14196813106536865, "E19_agent0_norm": 0.06905706226825714, "E19_agent1_norm": 0.09321440011262894, "E19_agent2_norm": 0.11757063865661621, "E19_agent3_norm": 0.11649832129478455, "E19_agent4_norm": 0.12465643882751465, "E19_agent5_norm": 0.11212857812643051, "E20_agent0_norm": 0.05963650345802307, "E20_agent1_norm": 0.0768180713057518, "E20_agent2_norm": 0.09053225815296173, "E20_agent3_norm": 0.08530817925930023, "E20_agent4_norm": 0.09319593012332916, "E20_agent5_norm": 0.08896682411432266, "E21_agent0_norm": 0.03235030174255371, "E21_agent1_norm": 0.04862945154309273, "E21_agent2_norm": 0.06683168560266495, "E21_agent3_norm": 0.06669092923402786, "E21_agent4_norm": 0.07278788834810257, "E21_agent5_norm": 0.05862918123602867, "E22_agent0_norm": 0.028807274997234344, "E22_agent1_norm": 0.03534412756562233, "E22_agent2_norm": 0.04892176389694214, "E22_agent3_norm": 0.052130308002233505, "E22_agent4_norm": 0.05418785288929939, "E22_agent5_norm": 0.04513939842581749, "E23_agent0_norm": 0.020946817472577095, "E23_agent1_norm": 0.026349497959017754, "E23_agent2_norm": 0.03614366054534912, "E23_agent3_norm": 0.03611500561237335, "E23_agent4_norm": 0.03719698637723923, "E23_agent5_norm": 0.03242338076233864, "E24_agent0_norm": 0.013060340657830238, "E24_agent1_norm": 0.018756719306111336, "E24_agent2_norm": 0.02497406303882599, "E24_agent3_norm": 0.026335321366786957, "E24_agent4_norm": 0.026726946234703064, "E24_agent5_norm": 0.022340277209877968, "E25_agent0_norm": 0.009262089617550373, "E25_agent1_norm": 0.01309392973780632, "E25_agent2_norm": 0.016535378992557526, "E25_agent3_norm": 0.017663761973381042, "E25_agent4_norm": 0.01863902248442173, "E25_agent5_norm": 0.01785212941467762, "E26_agent0_norm": 0.006171324755996466, "E26_agent1_norm": 0.009528336115181446, "E26_agent2_norm": 0.011891763657331467, "E26_agent3_norm": 0.012716157361865044, "E26_agent4_norm": 0.013361562974750996, "E26_agent5_norm": 0.012711266055703163, "E27_agent0_norm": 0.004712297581136227, "E27_agent1_norm": 0.00664847157895565, "E27_agent2_norm": 0.00849241204559803, "E27_agent3_norm": 0.008655663579702377, "E27_agent4_norm": 0.009875062853097916, "E27_agent5_norm": 0.009361078031361103, "E28_agent0_norm": 0.0034255515784025192, "E28_agent1_norm": 0.004540874157100916, "E28_agent2_norm": 0.0058820610865950584, "E28_agent3_norm": 0.006240729708224535, "E28_agent4_norm": 0.006870255805552006, "E28_agent5_norm": 0.0061544738709926605, "E29_agent0_norm": 0.0024637430906295776, "E29_agent1_norm": 0.003240469377487898, "E29_agent2_norm": 0.004343150649219751, "E29_agent3_norm": 0.004506811965256929, "E29_agent4_norm": 0.004820321686565876, "E29_agent5_norm": 0.004627115558832884, "E30_agent0_norm": 0.0014220798620954156, "E30_agent1_norm": 0.0022786688059568405, "E30_agent2_norm": 0.0029682074673473835, "E30_agent3_norm": 0.003205037908628583, "E30_agent4_norm": 0.003244582563638687, "E30_agent5_norm": 0.003236094955354929, "E31_agent0_norm": 0.0012371493503451347, "E31_agent1_norm": 0.0017159725539386272, "E31_agent2_norm": 0.002201376250013709, "E31_agent3_norm": 0.0022998396307229996, "E31_agent4_norm": 0.0023663996253162622, "E31_agent5_norm": 0.0022702577989548445, "E32_agent0_norm": 0.000728268176317215, "E32_agent1_norm": 0.0010472261346876621, "E32_agent2_norm": 0.0014989296905696392, "E32_agent3_norm": 0.0015963041223585606, "E32_agent4_norm": 0.0016942109214141965, "E32_agent5_norm": 0.001409482560120523, "E33_agent0_norm": 0.0004991850582882762, "E33_agent1_norm": 0.0007566978456452489, "E33_agent2_norm": 0.0010246431920677423, "E33_agent3_norm": 0.0010406516958028078, "E33_agent4_norm": 0.0011568383779376745, "E33_agent5_norm": 0.0010425652144476771, "E34_agent0_norm": 0.0003864156606141478, "E34_agent1_norm": 0.0005574059905484319, "E34_agent2_norm": 0.0007280237623490393, "E34_agent3_norm": 0.0007255526725202799,