{"E1_agent0_norm": 2.8235442638397217, "E1_agent1_norm": 2.5354502201080322, "E1_agent2_norm": 3.1066665649414062, "E1_agent3_norm": 2.838574171066284, "E1_agent4_norm": 2.6651268005371094, "E1_agent5_norm": 3.055358648300171, "E2_agent0_norm": 1.9724197387695312, "E2_agent1_norm": 2.308746576309204, "E2_agent2_norm": 2.2292044162750244, "E2_agent3_norm": 2.2909414768218994, "E2_agent4_norm": 2.5836331844329834, "E2_agent5_norm": 2.013519048690796, "E3_agent0_norm": 1.7905242443084717, "E3_agent1_norm": 2.278531312942505, "E3_agent2_norm": 2.3916919231414795, "E3_agent3_norm": 2.186795473098755, "E3_agent4_norm": 2.353429079055786, "E3_agent5_norm": 1.9423065185546875, "E4_agent0_norm": 1.5064435005187988, "E4_agent1_norm": 1.971948266029358, "E4_agent2_norm": 2.2731382846832275, "E4_agent3_norm": 1.9216843843460083, "E4_agent4_norm": 1.9924052953720093, "E4_agent5_norm": 1.795676350593567, "E5_agent0_norm": 1.2763618230819702, "E5_agent1_norm": 1.7264271974563599, "E5_agent2_norm": 2.120058298110962, "E5_agent3_norm": 1.8060111999511719, "E5_agent4_norm": 1.683263897895813, "E5_agent5_norm": 1.4421168565750122, "E6_agent0_norm": 1.0665249824523926, "E6_agent1_norm": 1.4058988094329834, "E6_agent2_norm": 1.686009168624878, "E6_agent3_norm": 1.4515758752822876, "E6_agent4_norm": 1.285577654838562, "E6_agent5_norm": 1.1681660413742065, "E7_agent0_norm": 0.9382452368736267, "E7_agent1_norm": 1.1595903635025024, "E7_agent2_norm": 1.344456672668457, "E7_agent3_norm": 1.2299894094467163, "E7_agent4_norm": 1.0578285455703735, "E7_agent5_norm": 0.9959903359413147, "E8_agent0_norm": 0.7754921317100525, "E8_agent1_norm": 0.9763718843460083, "E8_agent2_norm": 1.1311686038970947, "E8_agent3_norm": 0.9760980606079102, "E8_agent4_norm": 0.8650624752044678, "E8_agent5_norm": 0.8105716705322266, "E9_agent0_norm": 0.6841036081314087, "E9_agent1_norm": 0.8342899680137634, "E9_agent2_norm": 0.9298604726791382, "E9_agent3_norm": 0.8373057246208191, "E9_agent4_norm": 0.7173464894294739, "E9_agent5_norm": 0.6747140884399414, "E10_agent0_norm": 0.5734944939613342, "E10_agent1_norm": 0.6943450570106506, "E10_agent2_norm": 0.7529284954071045, "E10_agent3_norm": 0.6648175716400146, "E10_agent4_norm": 0.6131184697151184, "E10_agent5_norm": 0.5543418526649475, "E11_agent0_norm": 0.47391942143440247, "E11_agent1_norm": 0.5762811303138733, "E11_agent2_norm": 0.6407569646835327, "E11_agent3_norm": 0.5542619824409485, "E11_agent4_norm": 0.49546346068382263, "E11_agent5_norm": 0.4753952622413635, "E12_agent0_norm": 0.3721275329589844, "E12_agent1_norm": 0.477131187915802, "E12_agent2_norm": 0.5358448624610901, "E12_agent3_norm": 0.46913349628448486, "E12_agent4_norm": 0.4401583671569824, "E12_agent5_norm": 0.3991958200931549, "E13_agent0_norm": 0.33329880237579346, "E13_agent1_norm": 0.432226300239563, "E13_agent2_norm": 0.4545856714248657, "E13_agent3_norm": 0.36019450426101685, "E13_agent4_norm": 0.3531366288661957, "E13_agent5_norm": 0.366471529006958, "E14_agent0_norm": 0.253837525844574, "E14_agent1_norm": 0.3064820468425751, "E14_agent2_norm": 0.3659718632698059, "E14_agent3_norm": 0.3011852502822876, "E14_agent4_norm": 0.31866809725761414, "E14_agent5_norm": 0.29483741521835327, "E15_agent0_norm": 0.21751680970191956, "E15_agent1_norm": 0.2532951533794403, "E15_agent2_norm": 0.31270694732666016, "E15_agent3_norm": 0.2410399168729782, "E15_agent4_norm": 0.2652972936630249, "E15_agent5_norm": 0.252433180809021, "E16_agent0_norm": 0.15752741694450378, "E16_agent1_norm": 0.1852683573961258, "E16_agent2_norm": 0.25358718633651733, "E16_agent3_norm": 0.2033102959394455, "E16_agent4_norm": 0.22391028702259064, "E16_agent5_norm": 0.2000836431980133, "E17_agent0_norm": 0.14349788427352905, "E17_agent1_norm": 0.15560835599899292, "E17_agent2_norm": 0.21024446189403534, "E17_agent3_norm": 0.15304142236709595, "E17_agent4_norm": 0.16260482370853424, "E17_agent5_norm": 0.16862916946411133, "E18_agent0_norm": 0.10188966244459152, "E18_agent1_norm": 0.11636707931756973, "E18_agent2_norm": 0.15792477130889893, "E18_agent3_norm": 0.13066232204437256, "E18_agent4_norm": 0.13363410532474518, "E18_agent5_norm": 0.13983769714832306, "E19_agent0_norm": 0.0683830976486206, "E19_agent1_norm": 0.08628915250301361, "E19_agent2_norm": 0.12735487520694733, "E19_agent3_norm": 0.09938637167215347, "E19_agent4_norm": 0.1049007996916771, "E19_agent5_norm": 0.09988625347614288, "E20_agent0_norm": 0.05120394378900528, "E20_agent1_norm": 0.06351210922002792, "E20_agent2_norm": 0.09451057761907578, "E20_agent3_norm": 0.0737329050898552, "E20_agent4_norm": 0.07898404449224472, "E20_agent5_norm": 0.08290232717990875, "E21_agent0_norm": 0.04041331633925438, "E21_agent1_norm": 0.043709855526685715, "E21_agent2_norm": 0.06848428398370743, "E21_agent3_norm": 0.05462249368429184, "E21_agent4_norm": 0.05849718302488327, "E21_agent5_norm": 0.06664310395717621, "E22_agent0_norm": 0.025088733062148094, "E22_agent1_norm": 0.027545953169465065, "E22_agent2_norm": 0.052213966846466064, "E22_agent3_norm": 0.04127270728349686, "E22_agent4_norm": 0.04102728143334389, "E22_agent5_norm": 0.043239183723926544, "E23_agent0_norm": 0.015622367151081562, "E23_agent1_norm": 0.019252218306064606, "E23_agent2_norm": 0.036513298749923706, "E23_agent3_norm": 0.028806110844016075, "E23_agent4_norm": 0.029993407428264618, "E23_agent5_norm": 0.02949155867099762, "E24_agent0_norm": 0.014456968754529953, "E24_agent1_norm": 0.017842143774032593, "E24_agent2_norm": 0.02698218822479248, "E24_agent3_norm": 0.019999556243419647, "E24_agent4_norm": 0.023411300033330917, "E24_agent5_norm": 0.026646418496966362, "E25_agent0_norm": 0.009979085065424442, "E25_agent1_norm": 0.010869796387851238, "E25_agent2_norm": 0.019652634859085083, "E25_agent3_norm": 0.014979380182921886, "E25_agent4_norm": 0.016309205442667007, "E25_agent5_norm": 0.01614256575703621, "E26_agent0_norm": 0.007301452569663525, "E26_agent1_norm": 0.00804148893803358, "E26_agent2_norm": 0.013207441195845604, "E26_agent3_norm": 0.009966862387955189, "E26_agent4_norm": 0.011311441659927368, "E26_agent5_norm": 0.012116004712879658, "E27_agent0_norm": 0.005336322821676731, "E27_agent1_norm": 0.006011245772242546, "E27_agent2_norm": 0.009014345705509186, "E27_agent3_norm": 0.007066395599395037, "E27_agent4_norm": 0.008244199678301811, "E27_agent5_norm": 0.009501219727098942, "E28_agent0_norm": 0.0032960851676762104, "E28_agent1_norm": 0.003824540413916111, "E28_agent2_norm": 0.006451158784329891, "E28_agent3_norm": 0.005234966985881329, "E28_agent4_norm": 0.00563870370388031, "E28_agent5_norm": 0.006081475876271725, "E29_agent0_norm": 0.0020595805253833532, "E29_agent1_norm": 0.0025191958993673325, "E29_agent2_norm": 0.00471180584281683, "E29_agent3_norm": 0.003403237322345376, "E29_agent4_norm": 0.0038527133874595165, "E29_agent5_norm": 0.004056659992784262, "E30_agent0_norm": 0.0017047004075720906, "E30_agent1_norm": 0.0018167936941608787, "E30_agent2_norm": 0.003116163657978177, "E30_agent3_norm": 0.0025637312792241573, "E30_agent4_norm": 0.0028923763893544674, "E30_agent5_norm": 0.0029929117299616337, "E31_agent0_norm": 0.0012385690351948142, "E31_agent1_norm": 0.001307187252677977, "E31_agent2_norm": 0.0022813109681010246, "E31_agent3_norm": 0.0017970326589420438, "E31_agent4_norm": 0.0018733309116214514, "E31_agent5_norm": 0.002195552922785282, "E32_agent0_norm": 0.0007229750626720488, "E32_agent1_norm": 0.0008017979562282562, "E32_agent2_norm": 0.0015560145257040858, "E32_agent3_norm": 0.0012550969840958714, "E32_agent4_norm": 0.0013657599920406938, "E32_agent5_norm": 0.0013442238559946418, "E33_agent0_norm": 0.0005898232921026647, "E33_agent1_norm": 0.0006556239095516503, "E33_agent2_norm": 0.0011180576402693987, "E33_agent3_norm": 0.0008649494266137481, "E33_agent4_norm": 0.0009552482515573502, "E33_agent5_norm": 0.0010882170172408223, "E34_agent0_norm": 0.00035853576264344156, "E34_agent1_norm": 0.00043322466081008315, "E34_agent2_norm": 0.0007574586197733879,