{"E1_agent0_norm": 2.692986011505127, "E1_agent1_norm": 2.8065779209136963, "E1_agent2_norm": 3.1459848880767822, "E1_agent3_norm": 3.247602701187134, "E1_agent4_norm": 2.8301024436950684, "E1_agent5_norm": 2.672550916671753, "E2_agent0_norm": 1.8707693815231323, "E2_agent1_norm": 2.4085628986358643, "E2_agent2_norm": 2.5471177101135254, "E2_agent3_norm": 2.623044967651367, "E2_agent4_norm": 2.625559091567993, "E2_agent5_norm": 2.3134679794311523, "E3_agent0_norm": 1.770240068435669, "E3_agent1_norm": 2.1193830966949463, "E3_agent2_norm": 2.4045491218566895, "E3_agent3_norm": 2.501615047454834, "E3_agent4_norm": 2.1168291568756104, "E3_agent5_norm": 2.0202274322509766, "E4_agent0_norm": 1.742096185684204, "E4_agent1_norm": 2.1408541202545166, "E4_agent2_norm": 1.8495122194290161, "E4_agent3_norm": 2.1972110271453857, "E4_agent4_norm": 1.924901008605957, "E4_agent5_norm": 1.990001916885376, "E5_agent0_norm": 1.3695878982543945, "E5_agent1_norm": 1.657114028930664, "E5_agent2_norm": 1.8638337850570679, "E5_agent3_norm": 1.7097570896148682, "E5_agent4_norm": 1.4553545713424683, "E5_agent5_norm": 1.4430005550384521, "E6_agent0_norm": 1.1544100046157837, "E6_agent1_norm": 1.4317857027053833, "E6_agent2_norm": 1.5197420120239258, "E6_agent3_norm": 1.4921311140060425, "E6_agent4_norm": 1.2049353122711182, "E6_agent5_norm": 1.1606541872024536, "E7_agent0_norm": 0.9716153740882874, "E7_agent1_norm": 1.1451548337936401, "E7_agent2_norm": 1.298539400100708, "E7_agent3_norm": 1.1846864223480225, "E7_agent4_norm": 0.993948757648468, "E7_agent5_norm": 0.9719884991645813, "E8_agent0_norm": 0.8226826786994934, "E8_agent1_norm": 1.0133776664733887, "E8_agent2_norm": 1.0072888135910034, "E8_agent3_norm": 0.9455420970916748, "E8_agent4_norm": 0.8243682384490967, "E8_agent5_norm": 0.8259565830230713, "E9_agent0_norm": 0.671695351600647, "E9_agent1_norm": 0.8048953413963318, "E9_agent2_norm": 0.8392964601516724, "E9_agent3_norm": 0.7798182368278503, "E9_agent4_norm": 0.7222573757171631, "E9_agent5_norm": 0.6673255562782288, "E10_agent0_norm": 0.5692524909973145, "E10_agent1_norm": 0.6891714334487915, "E10_agent2_norm": 0.719852864742279, "E10_agent3_norm": 0.6537966132164001, "E10_agent4_norm": 0.5746049284934998, "E10_agent5_norm": 0.5761429071426392, "E11_agent0_norm": 0.48547056317329407, "E11_agent1_norm": 0.5988141298294067, "E11_agent2_norm": 0.5900902152061462, "E11_agent3_norm": 0.5526607632637024, "E11_agent4_norm": 0.49296557903289795, "E11_agent5_norm": 0.4934439957141876, "E12_agent0_norm": 0.37986132502555847, "E12_agent1_norm": 0.4557192325592041, "E12_agent2_norm": 0.4955586791038513, "E12_agent3_norm": 0.455518513917923, "E12_agent4_norm": 0.4123671054840088, "E12_agent5_norm": 0.42675963044166565, "E13_agent0_norm": 0.32336077094078064, "E13_agent1_norm": 0.37919747829437256, "E13_agent2_norm": 0.4118037819862366, "E13_agent3_norm": 0.3999006152153015, "E13_agent4_norm": 0.3685455024242401, "E13_agent5_norm": 0.3431941866874695, "E14_agent0_norm": 0.2751474678516388, "E14_agent1_norm": 0.3160471022129059, "E14_agent2_norm": 0.3532085418701172, "E14_agent3_norm": 0.3205265402793884, "E14_agent4_norm": 0.314209520816803, "E14_agent5_norm": 0.32782042026519775, "E15_agent0_norm": 0.2224399894475937, "E15_agent1_norm": 0.2402641475200653, "E15_agent2_norm": 0.29719409346580505, "E15_agent3_norm": 0.25528889894485474, "E15_agent4_norm": 0.26711010932922363, "E15_agent5_norm": 0.26502636075019836, "E16_agent0_norm": 0.16648834943771362, "E16_agent1_norm": 0.18950554728507996, "E16_agent2_norm": 0.23849883675575256, "E16_agent3_norm": 0.2000267654657364, "E16_agent4_norm": 0.21469931304454803, "E16_agent5_norm": 0.2202128916978836, "E17_agent0_norm": 0.13167539238929749, "E17_agent1_norm": 0.14548122882843018, "E17_agent2_norm": 0.19017016887664795, "E17_agent3_norm": 0.15788324177265167, "E17_agent4_norm": 0.17133523523807526, "E17_agent5_norm": 0.17835570871829987, "E18_agent0_norm": 0.09705540537834167, "E18_agent1_norm": 0.11235474795103073, "E18_agent2_norm": 0.15035603940486908, "E18_agent3_norm": 0.11645617336034775, "E18_agent4_norm": 0.13599930703639984, "E18_agent5_norm": 0.13873884081840515, "E19_agent0_norm": 0.07752274721860886, "E19_agent1_norm": 0.09207122027873993, "E19_agent2_norm": 0.1133139580488205, "E19_agent3_norm": 0.0926176980137825, "E19_agent4_norm": 0.10574338585138321, "E19_agent5_norm": 0.11983975023031235, "E20_agent0_norm": 0.05937521532177925, "E20_agent1_norm": 0.06762798875570297, "E20_agent2_norm": 0.08961611241102219, "E20_agent3_norm": 0.07254185527563095, "E20_agent4_norm": 0.0786445364356041, "E20_agent5_norm": 0.08953791111707687, "E21_agent0_norm": 0.037573132663965225, "E21_agent1_norm": 0.04339311644434929, "E21_agent2_norm": 0.06446084380149841, "E21_agent3_norm": 0.05169575661420822, "E21_agent4_norm": 0.05567909777164459, "E21_agent5_norm": 0.06678041815757751, "E22_agent0_norm": 0.03275035321712494, "E22_agent1_norm": 0.035653937608003616, "E22_agent2_norm": 0.04877537861466408, "E22_agent3_norm": 0.03909405693411827, "E22_agent4_norm": 0.041983917355537415, "E22_agent5_norm": 0.053368449211120605, "E23_agent0_norm": 0.022937865927815437, "E23_agent1_norm": 0.02358352206647396, "E23_agent2_norm": 0.035595618188381195, "E23_agent3_norm": 0.03067832626402378, "E23_agent4_norm": 0.03251224383711815, "E23_agent5_norm": 0.034787219017744064, "E24_agent0_norm": 0.012610872276127338, "E24_agent1_norm": 0.01549466885626316, "E24_agent2_norm": 0.02389712445437908, "E24_agent3_norm": 0.02040710113942623, "E24_agent4_norm": 0.020824678242206573, "E24_agent5_norm": 0.02476583607494831, "E25_agent0_norm": 0.009901045821607113, "E25_agent1_norm": 0.01175190880894661, "E25_agent2_norm": 0.01723157800734043, "E25_agent3_norm": 0.013301875442266464, "E25_agent4_norm": 0.015264014713466167, "E25_agent5_norm": 0.018237194046378136, "E26_agent0_norm": 0.006483221426606178, "E26_agent1_norm": 0.007472432684153318, "E26_agent2_norm": 0.012176182121038437, "E26_agent3_norm": 0.009954579174518585, "E26_agent4_norm": 0.011208858340978622, "E26_agent5_norm": 0.012210181914269924, "E27_agent0_norm": 0.005176819860935211, "E27_agent1_norm": 0.005738622974604368, "E27_agent2_norm": 0.00891530979424715, "E27_agent3_norm": 0.006950260140001774, "E27_agent4_norm": 0.007954658940434456, "E27_agent5_norm": 0.009355287067592144, "E28_agent0_norm": 0.003527385415509343, "E28_agent1_norm": 0.00406242161989212, "E28_agent2_norm": 0.006206694524735212, "E28_agent3_norm": 0.004694188479334116, "E28_agent4_norm": 0.005328428465873003, "E28_agent5_norm": 0.006636963691562414, "E29_agent0_norm": 0.0025402954779565334, "E29_agent1_norm": 0.002803580602630973, "E29_agent2_norm": 0.0042411829344928265, "E29_agent3_norm": 0.003527587978169322, "E29_agent4_norm": 0.003753317054361105, "E29_agent5_norm": 0.004395697731524706, "E30_agent0_norm": 0.0015995886642485857, "E30_agent1_norm": 0.0019471249543130398, "E30_agent2_norm": 0.0029818101320415735, "E30_agent3_norm": 0.002273540012538433, "E30_agent4_norm": 0.0026344016660004854, "E30_agent5_norm": 0.003229514230042696, "E31_agent0_norm": 0.001231157686561346, "E31_agent1_norm": 0.001443766406737268, "E31_agent2_norm": 0.002155239460989833, "E31_agent3_norm": 0.0016471025301143527, "E31_agent4_norm": 0.0018494356190785766, "E31_agent5_norm": 0.002220936119556427, "E32_agent0_norm": 0.0008033891790546477, "E32_agent1_norm": 0.0009480969747528434, "E32_agent2_norm": 0.001548271393403411, "E32_agent3_norm": 0.0011735905427485704, "E32_agent4_norm": 0.001310535822995007, "E32_agent5_norm": 0.00152453628834337, "E33_agent0_norm": 0.0006060001906007528, "E33_agent1_norm": 0.0007223242428153753, "E33_agent2_norm": 0.001048724283464253, "E33_agent3_norm": 0.0007588787120766938, "E33_agent4_norm": 0.0008525676093995571, "E33_agent5_norm": 0.0010914267040789127, "E34_agent0_norm": 0.00039235089207068086, "E34_agent1_norm": 0.0004529919824562967, "E34_agent2_norm": 0.0007142102112993598,