{"E1_agent0_norm": 2.803622245788574, "E1_agent1_norm": 3.0180580615997314, "E1_agent2_norm": 3.2298617362976074, "E1_agent3_norm": 3.1901683807373047, "E1_agent4_norm": 2.9672939777374268, "E1_agent5_norm": 2.9246973991394043, "E2_agent0_norm": 2.1720478534698486, "E2_agent1_norm": 2.4259986877441406, "E2_agent2_norm": 2.104099988937378, "E2_agent3_norm": 2.4196510314941406, "E2_agent4_norm": 2.468122959136963, "E2_agent5_norm": 2.6945602893829346, "E3_agent0_norm": 1.935203194618225, "E3_agent1_norm": 2.3224239349365234, "E3_agent2_norm": 2.117199182510376, "E3_agent3_norm": 1.9260615110397339, "E3_agent4_norm": 2.0311267375946045, "E3_agent5_norm": 2.2878808975219727, "E4_agent0_norm": 1.6490751504898071, "E4_agent1_norm": 1.9449867010116577, "E4_agent2_norm": 1.8199260234832764, "E4_agent3_norm": 2.176950454711914, "E4_agent4_norm": 1.9691349267959595, "E4_agent5_norm": 1.9222686290740967, "E5_agent0_norm": 1.2952059507369995, "E5_agent1_norm": 1.6962504386901855, "E5_agent2_norm": 1.7720011472702026, "E5_agent3_norm": 1.8831746578216553, "E5_agent4_norm": 1.6752517223358154, "E5_agent5_norm": 1.4435272216796875, "E6_agent0_norm": 1.0899608135223389, "E6_agent1_norm": 1.4314136505126953, "E6_agent2_norm": 1.5145660638809204, "E6_agent3_norm": 1.6173417568206787, "E6_agent4_norm": 1.2693897485733032, "E6_agent5_norm": 1.2623008489608765, "E7_agent0_norm": 0.9408032298088074, "E7_agent1_norm": 1.2299691438674927, "E7_agent2_norm": 1.3330906629562378, "E7_agent3_norm": 1.3174200057983398, "E7_agent4_norm": 1.09308660030365, "E7_agent5_norm": 1.1174139976501465, "E8_agent0_norm": 0.7716750502586365, "E8_agent1_norm": 1.0352383852005005, "E8_agent2_norm": 1.0579653978347778, "E8_agent3_norm": 1.0657532215118408, "E8_agent4_norm": 0.9174105525016785, "E8_agent5_norm": 1.0279293060302734, "E9_agent0_norm": 0.6688678860664368, "E9_agent1_norm": 0.8976538777351379, "E9_agent2_norm": 0.9442929625511169, "E9_agent3_norm": 0.9147869944572449, "E9_agent4_norm": 0.7888699769973755, "E9_agent5_norm": 0.8640487790107727, "E10_agent0_norm": 0.5513087511062622, "E10_agent1_norm": 0.7657362222671509, "E10_agent2_norm": 0.7590934634208679, "E10_agent3_norm": 0.7474067211151123, "E10_agent4_norm": 0.6753211617469788, "E10_agent5_norm": 0.7245647311210632, "E11_agent0_norm": 0.46593374013900757, "E11_agent1_norm": 0.6741456389427185, "E11_agent2_norm": 0.651788055896759, "E11_agent3_norm": 0.6142012476921082, "E11_agent4_norm": 0.5579151511192322, "E11_agent5_norm": 0.6358275413513184, "E12_agent0_norm": 0.3884908854961395, "E12_agent1_norm": 0.569263219833374, "E12_agent2_norm": 0.5389552116394043, "E12_agent3_norm": 0.5371893048286438, "E12_agent4_norm": 0.49455922842025757, "E12_agent5_norm": 0.5129650235176086, "E13_agent0_norm": 0.3434375822544098, "E13_agent1_norm": 0.47376322746276855, "E13_agent2_norm": 0.4365677535533905, "E13_agent3_norm": 0.419217973947525, "E13_agent4_norm": 0.41565367579460144, "E13_agent5_norm": 0.43635666370391846, "E14_agent0_norm": 0.25978609919548035, "E14_agent1_norm": 0.37752822041511536, "E14_agent2_norm": 0.35405826568603516, "E14_agent3_norm": 0.34996601939201355, "E14_agent4_norm": 0.35424384474754333, "E14_agent5_norm": 0.3509480655193329, "E15_agent0_norm": 0.2239682972431183, "E15_agent1_norm": 0.3120429217815399, "E15_agent2_norm": 0.29885637760162354, "E15_agent3_norm": 0.29075750708580017, "E15_agent4_norm": 0.2848842442035675, "E15_agent5_norm": 0.3090658485889435, "E16_agent0_norm": 0.17034652829170227, "E16_agent1_norm": 0.2256850302219391, "E16_agent2_norm": 0.23594218492507935, "E16_agent3_norm": 0.2400732785463333, "E16_agent4_norm": 0.2388608157634735, "E16_agent5_norm": 0.2268553078174591, "E17_agent0_norm": 0.11703714728355408, "E17_agent1_norm": 0.17253975570201874, "E17_agent2_norm": 0.18455177545547485, "E17_agent3_norm": 0.17591826617717743, "E17_agent4_norm": 0.18878056108951569, "E17_agent5_norm": 0.18498456478118896, "E18_agent0_norm": 0.0993051826953888, "E18_agent1_norm": 0.1341627687215805, "E18_agent2_norm": 0.15073949098587036, "E18_agent3_norm": 0.15615558624267578, "E18_agent4_norm": 0.1499868780374527, "E18_agent5_norm": 0.14961545169353485, "E19_agent0_norm": 0.06365776807069778, "E19_agent1_norm": 0.09194130450487137, "E19_agent2_norm": 0.10868684947490692, "E19_agent3_norm": 0.11403126269578934, "E19_agent4_norm": 0.11250769346952438, "E19_agent5_norm": 0.10201308131217957, "E20_agent0_norm": 0.04489925503730774, "E20_agent1_norm": 0.06652377545833588, "E20_agent2_norm": 0.08034886419773102, "E20_agent3_norm": 0.08592593669891357, "E20_agent4_norm": 0.08655308932065964, "E20_agent5_norm": 0.0797731876373291, "E21_agent0_norm": 0.03698510676622391, "E21_agent1_norm": 0.052418336272239685, "E21_agent2_norm": 0.05638910084962845, "E21_agent3_norm": 0.07112501561641693, "E21_agent4_norm": 0.0650433674454689, "E21_agent5_norm": 0.06338532269001007, "E22_agent0_norm": 0.026592660695314407, "E22_agent1_norm": 0.03543413430452347, "E22_agent2_norm": 0.042620863765478134, "E22_agent3_norm": 0.051778409630060196, "E22_agent4_norm": 0.0452936589717865, "E22_agent5_norm": 0.044012218713760376, "E23_agent0_norm": 0.01772911660373211, "E23_agent1_norm": 0.02651439793407917, "E23_agent2_norm": 0.028659731149673462, "E23_agent3_norm": 0.03579671308398247, "E23_agent4_norm": 0.03317505121231079, "E23_agent5_norm": 0.033834341913461685, "E24_agent0_norm": 0.011737742461264133, "E24_agent1_norm": 0.016554182395339012, "E24_agent2_norm": 0.020901892334222794, "E24_agent3_norm": 0.026925960555672646, "E24_agent4_norm": 0.023759832605719566, "E24_agent5_norm": 0.02396640181541443, "E25_agent0_norm": 0.008545847609639168, "E25_agent1_norm": 0.013751758262515068, "E25_agent2_norm": 0.01429135724902153, "E25_agent3_norm": 0.018504269421100616, "E25_agent4_norm": 0.016102438792586327, "E25_agent5_norm": 0.01689939759671688, "E26_agent0_norm": 0.005995513871312141, "E26_agent1_norm": 0.008238312788307667, "E26_agent2_norm": 0.00984656810760498, "E26_agent3_norm": 0.012881343252956867, "E26_agent4_norm": 0.011835216544568539, "E26_agent5_norm": 0.011163223534822464, "E27_agent0_norm": 0.0038992164190858603, "E27_agent1_norm": 0.005921325646340847, "E27_agent2_norm": 0.007443057838827372, "E27_agent3_norm": 0.009043562225997448, "E27_agent4_norm": 0.008288733661174774, "E27_agent5_norm": 0.008209609426558018, "E28_agent0_norm": 0.003075825748965144, "E28_agent1_norm": 0.004189217928797007, "E28_agent2_norm": 0.005103692412376404, "E28_agent3_norm": 0.006714027374982834, "E28_agent4_norm": 0.005959842354059219, "E28_agent5_norm": 0.005721741821616888, "E29_agent0_norm": 0.002251935191452503, "E29_agent1_norm": 0.0030039199627935886, "E29_agent2_norm": 0.0035988097079098225, "E29_agent3_norm": 0.004831754136830568, "E29_agent4_norm": 0.0041752709075808525, "E29_agent5_norm": 0.004279607441276312, "E30_agent0_norm": 0.0015368795720860362, "E30_agent1_norm": 0.002146197482943535, "E30_agent2_norm": 0.0024493110831826925, "E30_agent3_norm": 0.0031558151822537184, "E30_agent4_norm": 0.0028140353970229626, "E30_agent5_norm": 0.0028194133192300797, "E31_agent0_norm": 0.0010928118135780096, "E31_agent1_norm": 0.0014493047492578626, "E31_agent2_norm": 0.0016667277086526155, "E31_agent3_norm": 0.0021839963737875223, "E31_agent4_norm": 0.002000251319259405, "E31_agent5_norm": 0.002138658659532666, "E32_agent0_norm": 0.0008426986751146615, "E32_agent1_norm": 0.0010561938397586346, "E32_agent2_norm": 0.0012735986383631825, "E32_agent3_norm": 0.0016243831487372518, "E32_agent4_norm": 0.001454878249205649, "E32_agent5_norm": 0.0014632248785346746, "E33_agent0_norm": 0.0005110553465783596, "E33_agent1_norm": 0.0007412622217088938, "E33_agent2_norm": 0.0008144323946908116, "E33_agent3_norm": 0.0011779320193454623, "E33_agent4_norm": 0.0009984089992940426, "E33_agent5_norm": 0.0009791660122573376, "E34_agent0_norm": 0.00034123851219192147, "E34_agent1_norm": 0.0005047775339335203, "E34_agent2_norm": 0.0006087164510972798,