{"E1_agent0_norm": 2.7443912029266357, "E1_agent1_norm": 2.87808895111084, "E1_agent2_norm": 3.0209121704101562, "E1_agent3_norm": 3.0229697227478027, "E1_agent4_norm": 2.7981176376342773, "E1_agent5_norm": 2.7816758155822754, "E2_agent0_norm": 2.1824374198913574, "E2_agent1_norm": 2.3215668201446533, "E2_agent2_norm": 2.496807813644409, "E2_agent3_norm": 2.728529214859009, "E2_agent4_norm": 2.6153323650360107, "E2_agent5_norm": 2.358074426651001, "E3_agent0_norm": 2.0207786560058594, "E3_agent1_norm": 1.8337717056274414, "E3_agent2_norm": 2.1890645027160645, "E3_agent3_norm": 1.9909276962280273, "E3_agent4_norm": 2.2298498153686523, "E3_agent5_norm": 2.048839807510376, "E4_agent0_norm": 1.6843066215515137, "E4_agent1_norm": 1.6831880807876587, "E4_agent2_norm": 1.8608925342559814, "E4_agent3_norm": 2.138690233230591, "E4_agent4_norm": 1.9332176446914673, "E4_agent5_norm": 1.7466365098953247, "E5_agent0_norm": 1.3764538764953613, "E5_agent1_norm": 1.522587776184082, "E5_agent2_norm": 1.5802704095840454, "E5_agent3_norm": 1.9541115760803223, "E5_agent4_norm": 1.3749138116836548, "E5_agent5_norm": 1.2207255363464355, "E6_agent0_norm": 1.1612125635147095, "E6_agent1_norm": 1.3077404499053955, "E6_agent2_norm": 1.2888432741165161, "E6_agent3_norm": 1.5824130773544312, "E6_agent4_norm": 1.1812347173690796, "E6_agent5_norm": 1.086923360824585, "E7_agent0_norm": 0.9920125007629395, "E7_agent1_norm": 1.1246079206466675, "E7_agent2_norm": 1.1647372245788574, "E7_agent3_norm": 1.3197373151779175, "E7_agent4_norm": 0.9893314242362976, "E7_agent5_norm": 0.9706944823265076, "E8_agent0_norm": 0.8354343175888062, "E8_agent1_norm": 0.9664984345436096, "E8_agent2_norm": 1.014601230621338, "E8_agent3_norm": 1.0778846740722656, "E8_agent4_norm": 0.8474975228309631, "E8_agent5_norm": 0.8614327907562256, "E9_agent0_norm": 0.6788917183876038, "E9_agent1_norm": 0.8593376874923706, "E9_agent2_norm": 0.8513314127922058, "E9_agent3_norm": 0.8604459762573242, "E9_agent4_norm": 0.6962211728096008, "E9_agent5_norm": 0.6981886029243469, "E10_agent0_norm": 0.5839943289756775, "E10_agent1_norm": 0.7314653992652893, "E10_agent2_norm": 0.7032800316810608, "E10_agent3_norm": 0.7367819547653198, "E10_agent4_norm": 0.6253476142883301, "E10_agent5_norm": 0.6429917216300964, "E11_agent0_norm": 0.494340181350708, "E11_agent1_norm": 0.6204389929771423, "E11_agent2_norm": 0.6075630784034729, "E11_agent3_norm": 0.6329323053359985, "E11_agent4_norm": 0.5379270911216736, "E11_agent5_norm": 0.5100465416908264, "E12_agent0_norm": 0.40343156456947327, "E12_agent1_norm": 0.5139998197555542, "E12_agent2_norm": 0.501465916633606, "E12_agent3_norm": 0.4878012537956238, "E12_agent4_norm": 0.47220033407211304, "E12_agent5_norm": 0.4285271465778351, "E13_agent0_norm": 0.3239457309246063, "E13_agent1_norm": 0.4343630373477936, "E13_agent2_norm": 0.4299914538860321, "E13_agent3_norm": 0.44630324840545654, "E13_agent4_norm": 0.3913430869579315, "E13_agent5_norm": 0.3499860465526581, "E14_agent0_norm": 0.26879093050956726, "E14_agent1_norm": 0.34800413250923157, "E14_agent2_norm": 0.3545967638492584, "E14_agent3_norm": 0.3539746105670929, "E14_agent4_norm": 0.3549688458442688, "E14_agent5_norm": 0.30035120248794556, "E15_agent0_norm": 0.21730190515518188, "E15_agent1_norm": 0.2754173278808594, "E15_agent2_norm": 0.29309946298599243, "E15_agent3_norm": 0.29822462797164917, "E15_agent4_norm": 0.26625728607177734, "E15_agent5_norm": 0.26402658224105835, "E16_agent0_norm": 0.16832605004310608, "E16_agent1_norm": 0.2098740190267563, "E16_agent2_norm": 0.2400456666946411, "E16_agent3_norm": 0.23966951668262482, "E16_agent4_norm": 0.227288618683815, "E16_agent5_norm": 0.21606941521167755, "E17_agent0_norm": 0.1437230110168457, "E17_agent1_norm": 0.1742856800556183, "E17_agent2_norm": 0.19940201938152313, "E17_agent3_norm": 0.20349657535552979, "E17_agent4_norm": 0.19179007411003113, "E17_agent5_norm": 0.191852867603302, "E18_agent0_norm": 0.10912454128265381, "E18_agent1_norm": 0.13650652766227722, "E18_agent2_norm": 0.15113022923469543, "E18_agent3_norm": 0.15307949483394623, "E18_agent4_norm": 0.15330496430397034, "E18_agent5_norm": 0.15752749145030975, "E19_agent0_norm": 0.0742519348859787, "E19_agent1_norm": 0.08868256211280823, "E19_agent2_norm": 0.1189378947019577, "E19_agent3_norm": 0.1267624944448471, "E19_agent4_norm": 0.11552532017230988, "E19_agent5_norm": 0.11772666126489639, "E20_agent0_norm": 0.05835338309407234, "E20_agent1_norm": 0.07069724798202515, "E20_agent2_norm": 0.08862405270338058, "E20_agent3_norm": 0.09347715228796005, "E20_agent4_norm": 0.08610790222883224, "E20_agent5_norm": 0.09635777771472931, "E21_agent0_norm": 0.039371658116579056, "E21_agent1_norm": 0.04604089632630348, "E21_agent2_norm": 0.06410440057516098, "E21_agent3_norm": 0.06661281734704971, "E21_agent4_norm": 0.06256699562072754, "E21_agent5_norm": 0.06767714768648148, "E22_agent0_norm": 0.024488074705004692, "E22_agent1_norm": 0.03228574991226196, "E22_agent2_norm": 0.04681491479277611, "E22_agent3_norm": 0.05293864756822586, "E22_agent4_norm": 0.04662390425801277, "E22_agent5_norm": 0.05340055003762245, "E23_agent0_norm": 0.022668730467557907, "E23_agent1_norm": 0.022596724331378937, "E23_agent2_norm": 0.03681917488574982, "E23_agent3_norm": 0.039384569972753525, "E23_agent4_norm": 0.03647981956601143, "E23_agent5_norm": 0.03730856627225876, "E24_agent0_norm": 0.012493367306888103, "E24_agent1_norm": 0.015794795006513596, "E24_agent2_norm": 0.024939460679888725, "E24_agent3_norm": 0.026708148419857025, "E24_agent4_norm": 0.023731831461191177, "E24_agent5_norm": 0.02615300565958023, "E25_agent0_norm": 0.010715135373175144, "E25_agent1_norm": 0.011674357578158379, "E25_agent2_norm": 0.017903517931699753, "E25_agent3_norm": 0.01947931945323944, "E25_agent4_norm": 0.017418747767806053, "E25_agent5_norm": 0.019659629091620445, "E26_agent0_norm": 0.006569955497980118, "E26_agent1_norm": 0.007666860707104206, "E26_agent2_norm": 0.012110929004848003, "E26_agent3_norm": 0.014146975241601467, "E26_agent4_norm": 0.011899750679731369, "E26_agent5_norm": 0.013644023798406124, "E27_agent0_norm": 0.004771903157234192, "E27_agent1_norm": 0.005340518429875374, "E27_agent2_norm": 0.00870471354573965, "E27_agent3_norm": 0.009590924717485905, "E27_agent4_norm": 0.008650335483253002, "E27_agent5_norm": 0.009478666819632053, "E28_agent0_norm": 0.0032593044452369213, "E28_agent1_norm": 0.0038287872448563576, "E28_agent2_norm": 0.0061954958364367485, "E28_agent3_norm": 0.006761071737855673, "E28_agent4_norm": 0.005753675010055304, "E28_agent5_norm": 0.006568548269569874, "E29_agent0_norm": 0.0027183154597878456, "E29_agent1_norm": 0.0028019018936902285, "E29_agent2_norm": 0.00408759294077754, "E29_agent3_norm": 0.004749353975057602, "E29_agent4_norm": 0.004336141049861908, "E29_agent5_norm": 0.004806998651474714, "E30_agent0_norm": 0.001775221200659871, "E30_agent1_norm": 0.002019253559410572, "E30_agent2_norm": 0.0030172530096024275, "E30_agent3_norm": 0.0033789104782044888, "E30_agent4_norm": 0.0030576372519135475, "E30_agent5_norm": 0.003630967577919364, "E31_agent0_norm": 0.0011913334019482136, "E31_agent1_norm": 0.0013730819337069988, "E31_agent2_norm": 0.002050621435046196, "E31_agent3_norm": 0.0022896318696439266, "E31_agent4_norm": 0.0022098806221038103, "E31_agent5_norm": 0.002392736729234457, "E32_agent0_norm": 0.0008694515563547611, "E32_agent1_norm": 0.0010102788219228387, "E32_agent2_norm": 0.0013709359336644411, "E32_agent3_norm": 0.0015821302076801658, "E32_agent4_norm": 0.0014340991619974375, "E32_agent5_norm": 0.0016958611086010933, "E33_agent0_norm": 0.0006483340403065085, "E33_agent1_norm": 0.0006584433722309768, "E33_agent2_norm": 0.0010042908834293485, "E33_agent3_norm": 0.0011636752169579268, "E33_agent4_norm": 0.0010681601706892252, "E33_agent5_norm": 0.0011947974562644958, "E34_agent0_norm": 0.0004280677530914545, "E34_agent1_norm": 0.0004524946853052825, "E34_agent2_norm": 0.0007503607193939388,