{"E1_agent0_norm": 2.900082588195801, "E1_agent1_norm": 2.8815488815307617, "E1_agent2_norm": 3.0219078063964844, "E1_agent3_norm": 3.2711684703826904, "E1_agent4_norm": 2.7855396270751953, "E1_agent5_norm": 3.1764683723449707, "E2_agent0_norm": 2.124324083328247, "E2_agent1_norm": 2.615719795227051, "E2_agent2_norm": 2.723808765411377, "E2_agent3_norm": 2.625685453414917, "E2_agent4_norm": 2.8329105377197266, "E2_agent5_norm": 2.7353508472442627, "E3_agent0_norm": 1.9951245784759521, "E3_agent1_norm": 2.3505067825317383, "E3_agent2_norm": 2.549701452255249, "E3_agent3_norm": 2.4667980670928955, "E3_agent4_norm": 2.5174074172973633, "E3_agent5_norm": 2.356703996658325, "E4_agent0_norm": 1.7012362480163574, "E4_agent1_norm": 2.1480135917663574, "E4_agent2_norm": 2.1135778427124023, "E4_agent3_norm": 2.0581889152526855, "E4_agent4_norm": 1.9501742124557495, "E4_agent5_norm": 2.115400791168213, "E5_agent0_norm": 1.4589499235153198, "E5_agent1_norm": 1.7245668172836304, "E5_agent2_norm": 1.8531932830810547, "E5_agent3_norm": 1.7456433773040771, "E5_agent4_norm": 1.739963173866272, "E5_agent5_norm": 1.6105109453201294, "E6_agent0_norm": 1.1821664571762085, "E6_agent1_norm": 1.4584966897964478, "E6_agent2_norm": 1.4540129899978638, "E6_agent3_norm": 1.512193202972412, "E6_agent4_norm": 1.2866038084030151, "E6_agent5_norm": 1.24976646900177, "E7_agent0_norm": 0.9843690991401672, "E7_agent1_norm": 1.206691026687622, "E7_agent2_norm": 1.2298789024353027, "E7_agent3_norm": 1.2709566354751587, "E7_agent4_norm": 0.9973291158676147, "E7_agent5_norm": 1.0054105520248413, "E8_agent0_norm": 0.7967085242271423, "E8_agent1_norm": 1.0458321571350098, "E8_agent2_norm": 1.0196428298950195, "E8_agent3_norm": 1.087401270866394, "E8_agent4_norm": 0.8603189587593079, "E8_agent5_norm": 0.9122002720832825, "E9_agent0_norm": 0.6976694464683533, "E9_agent1_norm": 0.9250546097755432, "E9_agent2_norm": 0.8644384741783142, "E9_agent3_norm": 0.9178307056427002, "E9_agent4_norm": 0.747917890548706, "E9_agent5_norm": 0.7763697504997253, "E10_agent0_norm": 0.5966116189956665, "E10_agent1_norm": 0.7802364230155945, "E10_agent2_norm": 0.7426483035087585, "E10_agent3_norm": 0.7960153818130493, "E10_agent4_norm": 0.6394288539886475, "E10_agent5_norm": 0.6453244090080261, "E11_agent0_norm": 0.4891733229160309, "E11_agent1_norm": 0.6807150840759277, "E11_agent2_norm": 0.6383461952209473, "E11_agent3_norm": 0.66683429479599, "E11_agent4_norm": 0.5649038553237915, "E11_agent5_norm": 0.5594606995582581, "E12_agent0_norm": 0.4297260642051697, "E12_agent1_norm": 0.5864818096160889, "E12_agent2_norm": 0.5615597367286682, "E12_agent3_norm": 0.5543872117996216, "E12_agent4_norm": 0.47166842222213745, "E12_agent5_norm": 0.47816336154937744, "E13_agent0_norm": 0.3541831076145172, "E13_agent1_norm": 0.4773865044116974, "E13_agent2_norm": 0.47559887170791626, "E13_agent3_norm": 0.411345899105072, "E13_agent4_norm": 0.4351939558982849, "E13_agent5_norm": 0.422756552696228, "E14_agent0_norm": 0.248060405254364, "E14_agent1_norm": 0.3762442171573639, "E14_agent2_norm": 0.38634711503982544, "E14_agent3_norm": 0.3517862558364868, "E14_agent4_norm": 0.3441964089870453, "E14_agent5_norm": 0.3390626609325409, "E15_agent0_norm": 0.2152978479862213, "E15_agent1_norm": 0.2971969544887543, "E15_agent2_norm": 0.3207532465457916, "E15_agent3_norm": 0.2682654857635498, "E15_agent4_norm": 0.3108185827732086, "E15_agent5_norm": 0.2857810854911804, "E16_agent0_norm": 0.175317645072937, "E16_agent1_norm": 0.23783598840236664, "E16_agent2_norm": 0.27193477749824524, "E16_agent3_norm": 0.2333049178123474, "E16_agent4_norm": 0.25806257128715515, "E16_agent5_norm": 0.24336108565330505, "E17_agent0_norm": 0.12876076996326447, "E17_agent1_norm": 0.18410691618919373, "E17_agent2_norm": 0.22185289859771729, "E17_agent3_norm": 0.17535336315631866, "E17_agent4_norm": 0.23346076905727386, "E17_agent5_norm": 0.19093899428844452, "E18_agent0_norm": 0.0929190069437027, "E18_agent1_norm": 0.12770353257656097, "E18_agent2_norm": 0.167455792427063, "E18_agent3_norm": 0.12744677066802979, "E18_agent4_norm": 0.1704503744840622, "E18_agent5_norm": 0.1515967696905136, "E19_agent0_norm": 0.07018371671438217, "E19_agent1_norm": 0.09424110502004623, "E19_agent2_norm": 0.14059379696846008, "E19_agent3_norm": 0.1022946909070015, "E19_agent4_norm": 0.12219580262899399, "E19_agent5_norm": 0.11691316217184067, "E20_agent0_norm": 0.05512535572052002, "E20_agent1_norm": 0.06969046592712402, "E20_agent2_norm": 0.10170123726129532, "E20_agent3_norm": 0.07552537322044373, "E20_agent4_norm": 0.09414765983819962, "E20_agent5_norm": 0.0987752303481102, "E21_agent0_norm": 0.03720243275165558, "E21_agent1_norm": 0.048481181263923645, "E21_agent2_norm": 0.07596208155155182, "E21_agent3_norm": 0.05834810063242912, "E21_agent4_norm": 0.06983168423175812, "E21_agent5_norm": 0.06707014888525009, "E22_agent0_norm": 0.02932119183242321, "E22_agent1_norm": 0.03572839871048927, "E22_agent2_norm": 0.05625227838754654, "E22_agent3_norm": 0.04075226932764053, "E22_agent4_norm": 0.05234408378601074, "E22_agent5_norm": 0.05418214574456215, "E23_agent0_norm": 0.018095005303621292, "E23_agent1_norm": 0.02466723322868347, "E23_agent2_norm": 0.039283882826566696, "E23_agent3_norm": 0.030188214033842087, "E23_agent4_norm": 0.0376814603805542, "E23_agent5_norm": 0.03533979505300522, "E24_agent0_norm": 0.011072410270571709, "E24_agent1_norm": 0.015670087188482285, "E24_agent2_norm": 0.028878802433609962, "E24_agent3_norm": 0.021234318614006042, "E24_agent4_norm": 0.023468369618058205, "E24_agent5_norm": 0.024199161678552628, "E25_agent0_norm": 0.008939027786254883, "E25_agent1_norm": 0.011205439455807209, "E25_agent2_norm": 0.019538957625627518, "E25_agent3_norm": 0.015449107624590397, "E25_agent4_norm": 0.018583498895168304, "E25_agent5_norm": 0.01770184375345707, "E26_agent0_norm": 0.005980235990136862, "E26_agent1_norm": 0.0081201596185565, "E26_agent2_norm": 0.01412936020642519, "E26_agent3_norm": 0.010311215184628963, "E26_agent4_norm": 0.011991957202553749, "E26_agent5_norm": 0.013273547403514385, "E27_agent0_norm": 0.004255018662661314, "E27_agent1_norm": 0.005785178858786821, "E27_agent2_norm": 0.010477881878614426, "E27_agent3_norm": 0.007722500246018171, "E27_agent4_norm": 0.008686017245054245, "E27_agent5_norm": 0.009275252930819988, "E28_agent0_norm": 0.0034553029108792543, "E28_agent1_norm": 0.004278301727026701, "E28_agent2_norm": 0.007388728205114603, "E28_agent3_norm": 0.005215628072619438, "E28_agent4_norm": 0.006329112686216831, "E28_agent5_norm": 0.006889724638313055, "E29_agent0_norm": 0.0022265708539634943, "E29_agent1_norm": 0.002926160581409931, "E29_agent2_norm": 0.0049057211726903915, "E29_agent3_norm": 0.0037564055528491735, "E29_agent4_norm": 0.004216751083731651, "E29_agent5_norm": 0.00474815396592021, "E30_agent0_norm": 0.0015462030423805118, "E30_agent1_norm": 0.0021448289044201374, "E30_agent2_norm": 0.003505197586491704, "E30_agent3_norm": 0.0025725411251187325, "E30_agent4_norm": 0.003020748496055603, "E30_agent5_norm": 0.0031712448690086603, "E31_agent0_norm": 0.0010980727383866906, "E31_agent1_norm": 0.0014026284916326404, "E31_agent2_norm": 0.002334927674382925, "E31_agent3_norm": 0.0018029568018391728, "E31_agent4_norm": 0.002189688151702285, "E31_agent5_norm": 0.002230034675449133, "E32_agent0_norm": 0.0009140276233665645, "E32_agent1_norm": 0.0010571434395387769, "E32_agent2_norm": 0.00175390113145113, "E32_agent3_norm": 0.0012736344942823052, "E32_agent4_norm": 0.0015681036747992039, "E32_agent5_norm": 0.0016964614624157548, "E33_agent0_norm": 0.0005360503564588726, "E33_agent1_norm": 0.0007083798409439623, "E33_agent2_norm": 0.0011330799898132682, "E33_agent3_norm": 0.0009647119441069663, "E33_agent4_norm": 0.001086956006474793, "E33_agent5_norm": 0.0010895781451836228, "E34_agent0_norm": 0.0003982614434789866, "E34_agent1_norm": 0.0005371674778871238, "E34_agent2_norm": 0.0008828405407257378, "E34_agent3_norm": 0.0006443362217396498,