{"Agent0_Epoch1": 0.2980763912200928, "Agent1_Epoch1": 0.290727436542511, "Agent2_Epoch1": 0.9860193133354187, "Agent3_Epoch1": 0.9888262152671814, "Agent4_Epoch1": 0.9928976893424988, "Agent5_Epoch1": 0.9914910197257996, "Agent0_Epoch2": 0.05822473764419556, "Agent1_Epoch2": 0.05418580770492554, "Agent2_Epoch2": 0.17259562015533447, "Agent3_Epoch2": 0.22378641366958618, "Agent4_Epoch2": 0.20992231369018555, "Agent5_Epoch2": 0.20245003700256348, "Agent0_Epoch3": 0.03622257709503174, "Agent1_Epoch3": 0.03460627794265747, "Agent2_Epoch3": 0.14799928665161133, "Agent3_Epoch3": 0.19559568166732788, "Agent4_Epoch3": 0.15873485803604126, "Agent5_Epoch3": 0.14426106214523315, "Agent0_Epoch4": 0.028822779655456543, "Agent1_Epoch4": 0.026206254959106445, "Agent2_Epoch4": 0.11292022466659546, "Agent3_Epoch4": 0.1354990005493164, "Agent4_Epoch4": 0.11021620035171509, "Agent5_Epoch4": 0.10468775033950806, "Agent0_Epoch5": 0.014961302280426025, "Agent1_Epoch5": 0.01421511173248291, "Agent2_Epoch5": 0.07097959518432617, "Agent3_Epoch5": 0.07640606164932251, "Agent4_Epoch5": 0.08697777986526489, "Agent5_Epoch5": 0.06492781639099121, "Agent0_Epoch6": 0.009616196155548096, "Agent1_Epoch6": 0.009177625179290771, "Agent2_Epoch6": 0.04730170965194702, "Agent3_Epoch6": 0.050222694873809814, "Agent4_Epoch6": 0.04900938272476196, "Agent5_Epoch6": 0.04639875888824463, "Agent0_Epoch7": 0.006495475769042969, "Agent1_Epoch7": 0.006280660629272461, "Agent2_Epoch7": 0.029572129249572754, "Agent3_Epoch7": 0.032773613929748535, "Agent4_Epoch7": 0.03213256597518921, "Agent5_Epoch7": 0.030146241188049316, "Agent0_Epoch8": 0.0046707987785339355, "Agent1_Epoch8": 0.004548907279968262, "Agent2_Epoch8": 0.021522998809814453, "Agent3_Epoch8": 0.022034168243408203, "Agent4_Epoch8": 0.022171735763549805, "Agent5_Epoch8": 0.021841585636138916, "Agent0_Epoch9": 0.0030475258827209473, "Agent1_Epoch9": 0.002984344959259033, "Agent2_Epoch9": 0.013845860958099365, "Agent3_Epoch9": 0.01516503095626831, "Agent4_Epoch9": 0.014620780944824219, "Agent5_Epoch9": 0.015222549438476562, "Agent0_Epoch10": 0.002019941806793213, "Agent1_Epoch10": 0.0019868016242980957, "Agent2_Epoch10": 0.009499549865722656, "Agent3_Epoch10": 0.010194540023803711, "Agent4_Epoch10": 0.009708881378173828, "Agent5_Epoch10": 0.009602487087249756, "Agent0_Epoch11": 0.0014824867248535156, "Agent1_Epoch11": 0.0014674067497253418, "Agent2_Epoch11": 0.005911588668823242, "Agent3_Epoch11": 0.007006585597991943, "Agent4_Epoch11": 0.006912887096405029, "Agent5_Epoch11": 0.006518185138702393, "Agent0_Epoch12": 0.0009198188781738281, "Agent1_Epoch12": 0.0009109973907470703, "Agent2_Epoch12": 0.004212021827697754, "Agent3_Epoch12": 0.00507509708404541, "Agent4_Epoch12": 0.004911243915557861, "Agent5_Epoch12": 0.004817187786102295, "Agent0_Epoch13": 0.0006315112113952637, "Agent1_Epoch13": 0.0006275773048400879, "Agent2_Epoch13": 0.002808868885040283, "Agent3_Epoch13": 0.003515958786010742, "Agent4_Epoch13": 0.003439486026763916, "Agent5_Epoch13": 0.0030270814895629883, "Agent0_Epoch14": 0.00042062997817993164, "Agent1_Epoch14": 0.0004188418388366699, "Agent2_Epoch14": 0.0018845200538635254, "Agent3_Epoch14": 0.0026894211769104004, "Agent4_Epoch14": 0.0025182366371154785, "Agent5_Epoch14": 0.0019398331642150879, "Agent0_Epoch15": 0.00026792287826538086, "Agent1_Epoch15": 0.0002669692039489746, "Agent2_Epoch15": 0.0014823675155639648, "Agent3_Epoch15": 0.0016658902168273926, "Agent4_Epoch15": 0.0017758011817932129, "Agent5_Epoch15": 0.0011791586875915527, "Agent0_Epoch16": 0.00013440847396850586, "Agent1_Epoch16": 0.0001341104507446289, "Agent2_Epoch16": 0.0009244084358215332, "Agent3_Epoch16": 0.0010686516761779785, "Agent4_Epoch16": 0.0011783242225646973, "Agent5_Epoch16": 0.0008314251899719238, "Agent0_Epoch17": 8.016824722290039e-05, "Agent1_Epoch17": 7.998943328857422e-05, "Agent2_Epoch17": 0.0005530118942260742, "Agent3_Epoch17": 0.0006985068321228027, "Agent4_Epoch17": 0.0007464289665222168, "Agent5_Epoch17": 0.00043064355850219727, "Agent0_Epoch18": 5.930662155151367e-05, "Agent1_Epoch18": 5.924701690673828e-05, "Agent2_Epoch18": 0.00029599666595458984, "Agent3_Epoch18": 0.00045287609100341797, "Agent4_Epoch18": 0.0005020499229431152, "Agent5_Epoch18": 0.0003272891044616699, "Agent0_Epoch19": 2.5391578674316406e-05, "Agent1_Epoch19": 2.5451183319091797e-05, "Agent2_Epoch19": 0.00019562244415283203, "Agent3_Epoch19": 0.00024431943893432617, "Agent4_Epoch19": 0.00032007694244384766, "Agent5_Epoch19": 0.0001754164695739746, "Agent0_Epoch20": 1.0967254638671875e-05, "Agent1_Epoch20": 1.1026859283447266e-05, "Agent2_Epoch20": 0.00010728836059570312, "Agent3_Epoch20": 0.00013583898544311523, "Agent4_Epoch20": 0.0001658797264099121, "Agent5_Epoch20": 9.959936141967773e-05, "Agent0_Epoch21": 5.781650543212891e-06, "Agent1_Epoch21": 5.7220458984375e-06, "Agent2_Epoch21": 6.729364395141602e-05, "Agent3_Epoch21": 7.95125961303711e-05, "Agent4_Epoch21": 9.959936141967773e-05, "Agent5_Epoch21": 4.0471553802490234e-05, "Agent0_Epoch22": 4.231929779052734e-06, "Agent1_Epoch22": 4.351139068603516e-06, "Agent2_Epoch22": 3.081560134887695e-05, "Agent3_Epoch22": 4.1365623474121094e-05, "Agent4_Epoch22": 4.863739013671875e-05, "Agent5_Epoch22": 3.17692756652832e-05, "Agent0_Epoch23": 1.7285346984863281e-06, "Agent1_Epoch23": 1.6093254089355469e-06, "Agent2_Epoch23": 1.6987323760986328e-05, "Agent3_Epoch23": 1.919269561767578e-05, "Agent4_Epoch23": 2.574920654296875e-05, "Agent5_Epoch23": 1.2278556823730469e-05, "Agent0_Epoch24": 8.344650268554688e-07, "Agent1_Epoch24": 8.344650268554688e-07, "Agent2_Epoch24": 8.702278137207031e-06, "Agent3_Epoch24": 1.0788440704345703e-05, "Agent4_Epoch24": 1.3232231140136719e-05, "Agent5_Epoch24": 4.708766937255859e-06, "Agent0_Epoch25": 5.960464477539062e-07, "Agent1_Epoch25": 5.364418029785156e-07, "Agent2_Epoch25": 3.4570693969726562e-06, "Agent3_Epoch25": 5.0067901611328125e-06, "Agent4_Epoch25": 6.4373016357421875e-06, "Agent5_Epoch25": 3.2782554626464844e-06, "Agent0_Epoch26": 1.1920928955078125e-07, "Agent1_Epoch26": 1.1920928955078125e-07, "Agent2_Epoch26": 2.3245811462402344e-06, "Agent3_Epoch26": 2.9206275939941406e-06, "Agent4_Epoch26": 3.2186508178710938e-06, "Agent5_Epoch26": 1.4901161193847656e-06, "Agent0_Epoch27": 5.960464477539063e-08, "Agent1_Epoch27": 5.960464477539063e-08, "Agent2_Epoch27": 1.0132789611816406e-06, "Agent3_Epoch27": 1.4901161193847656e-06, "Agent4_Epoch27": 1.6093254089355469e-06, "Agent5_Epoch27": 1.0728836059570312e-06, "Agent0_Epoch28": 1.1920928955078125e-07, "Agent1_Epoch28": 5.960464477539063e-08, "Agent2_Epoch28": 4.76837158203125e-07, "Agent3_Epoch28": 7.748603820800781e-07, "Agent4_Epoch28": 6.556510925292969e-07, "Agent5_Epoch28": 4.76837158203125e-07, "Agent0_Epoch29": 0.0, "Agent1_Epoch29": 5.960464477539063e-08, "Agent2_Epoch29": 1.7881393432617188e-07, "Agent3_Epoch29": 3.5762786865234375e-07, "Agent4_Epoch29": 3.5762786865234375e-07, "Agent5_Epoch29": 1.7881393432617188e-07, "Agent0_Epoch30": 0.0, "Agent1_Epoch30": 0.0, "Agent2_Epoch30": 5.960464477539063e-08, "Agent3_Epoch30": 1.7881393432617188e-07, "Agent4_Epoch30": 1.1920928955078125e-07, "Agent5_Epoch30": 0.0, "Agent0_Epoch31": 0.0, "Agent1_Epoch31": -1.1920928955078125e-07, "Agent2_Epoch31": 5.960464477539063e-08, "Agent3_Epoch31": 5.960464477539063e-08, "Agent4_Epoch31": 5.960464477539063e-08, "Agent5_Epoch31": 5.960464477539063e-08, "Agent0_Epoch32": 1.1920928955078125e-07, "Agent1_Epoch32": 5.960464477539063e-08, "Agent2_Epoch32": 0.0, "Agent3_Epoch32": 5.960464477539063e-08, "Agent4_Epoch32": 0.0, "Agent5_Epoch32": 5.960464477539063e-08, "Agent0_Epoch33": 0.0, "Agent1_Epoch33": 5.960464477539063e-08, "Agent2_Epoch33": 5.960464477539063e-08, "Agent3_Epoch33": 0.0, "Agent4_Epoch33": 1.7881393432617188e-07, "Agent5_Epoch33": 0.0, "Agent0_Epoch34": 0.0, "Agent1_Epoch34": 0.0, "Agent2_Epoch34": 0.0, "Agent3_Epoch34": 5.960464477539063e-08, "Agent4_Epoch34": 0.0, "Agent5_Epoch34": 5.960464477539063e-08,