{"Agent0_Epoch1": 0.28404974937438965, "Agent1_Epoch1": 0.29261481761932373, "Agent2_Epoch1": 0.9867883920669556, "Agent3_Epoch1": 0.9920001029968262, "Agent4_Epoch1": 0.9896854162216187, "Agent5_Epoch1": 0.9946824908256531, "Agent0_Epoch2": 0.05258381366729736, "Agent1_Epoch2": 0.04933696985244751, "Agent2_Epoch2": 0.1660841703414917, "Agent3_Epoch2": 0.1784672737121582, "Agent4_Epoch2": 0.20116448402404785, "Agent5_Epoch2": 0.135101318359375, "Agent0_Epoch3": 0.03887981176376343, "Agent1_Epoch3": 0.035132646560668945, "Agent2_Epoch3": 0.15746480226516724, "Agent3_Epoch3": 0.1655735969543457, "Agent4_Epoch3": 0.17622148990631104, "Agent5_Epoch3": 0.10725516080856323, "Agent0_Epoch4": 0.023720622062683105, "Agent1_Epoch4": 0.021776914596557617, "Agent2_Epoch4": 0.10711449384689331, "Agent3_Epoch4": 0.11353212594985962, "Agent4_Epoch4": 0.115142822265625, "Agent5_Epoch4": 0.08466392755508423, "Agent0_Epoch5": 0.01619112491607666, "Agent1_Epoch5": 0.01508629322052002, "Agent2_Epoch5": 0.07706379890441895, "Agent3_Epoch5": 0.0841485857963562, "Agent4_Epoch5": 0.07386529445648193, "Agent5_Epoch5": 0.055719614028930664, "Agent0_Epoch6": 0.009323596954345703, "Agent1_Epoch6": 0.008898794651031494, "Agent2_Epoch6": 0.04856514930725098, "Agent3_Epoch6": 0.054156601428985596, "Agent4_Epoch6": 0.04621046781539917, "Agent5_Epoch6": 0.037445902824401855, "Agent0_Epoch7": 0.0062198638916015625, "Agent1_Epoch7": 0.006045818328857422, "Agent2_Epoch7": 0.029418766498565674, "Agent3_Epoch7": 0.03699737787246704, "Agent4_Epoch7": 0.03292006254196167, "Agent5_Epoch7": 0.02743905782699585, "Agent0_Epoch8": 0.004274904727935791, "Agent1_Epoch8": 0.004140317440032959, "Agent2_Epoch8": 0.020756065845489502, "Agent3_Epoch8": 0.024321377277374268, "Agent4_Epoch8": 0.022553861141204834, "Agent5_Epoch8": 0.01841181516647339, "Agent0_Epoch9": 0.003123760223388672, "Agent1_Epoch9": 0.0030547380447387695, "Agent2_Epoch9": 0.013156116008758545, "Agent3_Epoch9": 0.017818093299865723, "Agent4_Epoch9": 0.016179919242858887, "Agent5_Epoch9": 0.013547718524932861, "Agent0_Epoch10": 0.002187013626098633, "Agent1_Epoch10": 0.002150595188140869, "Agent2_Epoch10": 0.009362518787384033, "Agent3_Epoch10": 0.011610686779022217, "Agent4_Epoch10": 0.011717617511749268, "Agent5_Epoch10": 0.008939981460571289, "Agent0_Epoch11": 0.001484513282775879, "Agent1_Epoch11": 0.001466989517211914, "Agent2_Epoch11": 0.006537437438964844, "Agent3_Epoch11": 0.00809544324874878, "Agent4_Epoch11": 0.008089244365692139, "Agent5_Epoch11": 0.006433069705963135, "Agent0_Epoch12": 0.0009507536888122559, "Agent1_Epoch12": 0.0009410381317138672, "Agent2_Epoch12": 0.004410922527313232, "Agent3_Epoch12": 0.005774140357971191, "Agent4_Epoch12": 0.005944728851318359, "Agent5_Epoch12": 0.004400432109832764, "Agent0_Epoch13": 0.000817418098449707, "Agent1_Epoch13": 0.0008107423782348633, "Agent2_Epoch13": 0.0032869577407836914, "Agent3_Epoch13": 0.0037928223609924316, "Agent4_Epoch13": 0.004147171974182129, "Agent5_Epoch13": 0.003361523151397705, "Agent0_Epoch14": 0.0004088282585144043, "Agent1_Epoch14": 0.0004068613052368164, "Agent2_Epoch14": 0.0021176934242248535, "Agent3_Epoch14": 0.0025238990783691406, "Agent4_Epoch14": 0.002971053123474121, "Agent5_Epoch14": 0.0019154548645019531, "Agent0_Epoch15": 0.0002682209014892578, "Agent1_Epoch15": 0.0002675652503967285, "Agent2_Epoch15": 0.0015407800674438477, "Agent3_Epoch15": 0.001594841480255127, "Agent4_Epoch15": 0.0019857287406921387, "Agent5_Epoch15": 0.0013745427131652832, "Agent0_Epoch16": 0.00013756752014160156, "Agent1_Epoch16": 0.00013715028762817383, "Agent2_Epoch16": 0.0009750127792358398, "Agent3_Epoch16": 0.0010318160057067871, "Agent4_Epoch16": 0.0012740492820739746, "Agent5_Epoch16": 0.0007969141006469727, "Agent0_Epoch17": 0.000102996826171875, "Agent1_Epoch17": 0.00010281801223754883, "Agent2_Epoch17": 0.0007148385047912598, "Agent3_Epoch17": 0.0006690025329589844, "Agent4_Epoch17": 0.000742793083190918, "Agent5_Epoch17": 0.0005228519439697266, "Agent0_Epoch18": 5.716085433959961e-05, "Agent1_Epoch18": 5.698204040527344e-05, "Agent2_Epoch18": 0.00036603212356567383, "Agent3_Epoch18": 0.00040912628173828125, "Agent4_Epoch18": 0.0004162788391113281, "Agent5_Epoch18": 0.0003267526626586914, "Agent0_Epoch19": 2.7477741241455078e-05, "Agent1_Epoch19": 2.753734588623047e-05, "Agent2_Epoch19": 0.00021719932556152344, "Agent3_Epoch19": 0.00022780895233154297, "Agent4_Epoch19": 0.0002575516700744629, "Agent5_Epoch19": 0.00016736984252929688, "Agent0_Epoch20": 1.4424324035644531e-05, "Agent1_Epoch20": 1.430511474609375e-05, "Agent2_Epoch20": 0.00011593103408813477, "Agent3_Epoch20": 0.00011640787124633789, "Agent4_Epoch20": 0.00013452768325805664, "Agent5_Epoch20": 0.00010985136032104492, "Agent0_Epoch21": 6.258487701416016e-06, "Agent1_Epoch21": 6.198883056640625e-06, "Agent2_Epoch21": 7.134675979614258e-05, "Agent3_Epoch21": 7.009506225585938e-05, "Agent4_Epoch21": 7.730722427368164e-05, "Agent5_Epoch21": 6.41942024230957e-05, "Agent0_Epoch22": 2.4437904357910156e-06, "Agent1_Epoch22": 2.4437904357910156e-06, "Agent2_Epoch22": 4.4405460357666016e-05, "Agent3_Epoch22": 3.6835670471191406e-05, "Agent4_Epoch22": 3.6776065826416016e-05, "Agent5_Epoch22": 2.5212764739990234e-05, "Agent0_Epoch23": 8.344650268554688e-07, "Agent1_Epoch23": 8.344650268554688e-07, "Agent2_Epoch23": 2.205371856689453e-05, "Agent3_Epoch23": 1.8417835235595703e-05, "Agent4_Epoch23": 2.002716064453125e-05, "Agent5_Epoch23": 1.2576580047607422e-05, "Agent0_Epoch24": 1.1324882507324219e-06, "Agent1_Epoch24": 1.0132789611816406e-06, "Agent2_Epoch24": 9.59634780883789e-06, "Agent3_Epoch24": 8.225440979003906e-06, "Agent4_Epoch24": 1.138448715209961e-05, "Agent5_Epoch24": 1.0371208190917969e-05, "Agent0_Epoch25": 3.5762786865234375e-07, "Agent1_Epoch25": 4.172325134277344e-07, "Agent2_Epoch25": 5.841255187988281e-06, "Agent3_Epoch25": 4.76837158203125e-06, "Agent4_Epoch25": 5.662441253662109e-06, "Agent5_Epoch25": 3.3974647521972656e-06, "Agent0_Epoch26": 1.1920928955078125e-07, "Agent1_Epoch26": 2.980232238769531e-07, "Agent2_Epoch26": 2.562999725341797e-06, "Agent3_Epoch26": 2.086162567138672e-06, "Agent4_Epoch26": 2.6226043701171875e-06, "Agent5_Epoch26": 1.7881393432617188e-06, "Agent0_Epoch27": 1.1920928955078125e-07, "Agent1_Epoch27": 1.1920928955078125e-07, "Agent2_Epoch27": 1.2516975402832031e-06, "Agent3_Epoch27": 1.1324882507324219e-06, "Agent4_Epoch27": 1.3113021850585938e-06, "Agent5_Epoch27": 1.1920928955078125e-06, "Agent0_Epoch28": -1.1920928955078125e-07, "Agent1_Epoch28": 0.0, "Agent2_Epoch28": 5.960464477539062e-07, "Agent3_Epoch28": 4.76837158203125e-07, "Agent4_Epoch28": 5.364418029785156e-07, "Agent5_Epoch28": 4.76837158203125e-07, "Agent0_Epoch29": 5.960464477539063e-08, "Agent1_Epoch29": 0.0, "Agent2_Epoch29": 2.980232238769531e-07, "Agent3_Epoch29": 3.5762786865234375e-07, "Agent4_Epoch29": 4.172325134277344e-07, "Agent5_Epoch29": 1.1920928955078125e-07, "Agent0_Epoch30": -1.1920928955078125e-07, "Agent1_Epoch30": 0.0, "Agent2_Epoch30": 5.960464477539063e-08, "Agent3_Epoch30": 5.960464477539063e-08, "Agent4_Epoch30": 1.1920928955078125e-07, "Agent5_Epoch30": 5.960464477539063e-08, "Agent0_Epoch31": 0.0, "Agent1_Epoch31": 0.0, "Agent2_Epoch31": 0.0, "Agent3_Epoch31": 0.0, "Agent4_Epoch31": 5.960464477539063e-08, "Agent5_Epoch31": 1.1920928955078125e-07, "Agent0_Epoch32": 0.0, "Agent1_Epoch32": 1.1920928955078125e-07, "Agent2_Epoch32": -1.1920928955078125e-07, "Agent3_Epoch32": 5.960464477539063e-08, "Agent4_Epoch32": 0.0, "Agent5_Epoch32": 5.960464477539063e-08, "Agent0_Epoch33": -1.1920928955078125e-07, "Agent1_Epoch33": 0.0, "Agent2_Epoch33": 0.0, "Agent3_Epoch33": 0.0, "Agent4_Epoch33": 1.1920928955078125e-07, "Agent5_Epoch33": 0.0, "Agent0_Epoch34": 0.0, "Agent1_Epoch34": 0.0, "Agent2_Epoch34": 0.0, "Agent3_Epoch34": 0.0, "Agent4_Epoch34": 5.960464477539063e-08, "Agent5_Epoch34": 0.0, "Agent0_Epoch35": 5.960464477539063e-08, "Agent1_Epoch35": 0.0,