{"Agent0_Epoch1": 0.28933680057525635, "Agent1_Epoch1": 0.2843373417854309, "Agent2_Epoch1": 0.9939746856689453, "Agent3_Epoch1": 0.9927473664283752, "Agent4_Epoch1": 0.9949173331260681, "Agent5_Epoch1": 0.9895879626274109, "Agent0_Epoch2": 0.04330044984817505, "Agent1_Epoch2": 0.04325377941131592, "Agent2_Epoch2": 0.2010190486907959, "Agent3_Epoch2": 0.21334373950958252, "Agent4_Epoch2": 0.20179790258407593, "Agent5_Epoch2": 0.1808120608329773, "Agent0_Epoch3": 0.039809346199035645, "Agent1_Epoch3": 0.03764212131500244, "Agent2_Epoch3": 0.17685246467590332, "Agent3_Epoch3": 0.1648765206336975, "Agent4_Epoch3": 0.15503525733947754, "Agent5_Epoch3": 0.16208922863006592, "Agent0_Epoch4": 0.025247514247894287, "Agent1_Epoch4": 0.02396082878112793, "Agent2_Epoch4": 0.09077632427215576, "Agent3_Epoch4": 0.10748094320297241, "Agent4_Epoch4": 0.11720621585845947, "Agent5_Epoch4": 0.10225462913513184, "Agent0_Epoch5": 0.016364753246307373, "Agent1_Epoch5": 0.015476226806640625, "Agent2_Epoch5": 0.06324636936187744, "Agent3_Epoch5": 0.0759705901145935, "Agent4_Epoch5": 0.07403159141540527, "Agent5_Epoch5": 0.05626767873764038, "Agent0_Epoch6": 0.010513842105865479, "Agent1_Epoch6": 0.0101776123046875, "Agent2_Epoch6": 0.042143404483795166, "Agent3_Epoch6": 0.05226820707321167, "Agent4_Epoch6": 0.04696214199066162, "Agent5_Epoch6": 0.041162192821502686, "Agent0_Epoch7": 0.007123172283172607, "Agent1_Epoch7": 0.006920993328094482, "Agent2_Epoch7": 0.028638601303100586, "Agent3_Epoch7": 0.0375523567199707, "Agent4_Epoch7": 0.030380070209503174, "Agent5_Epoch7": 0.029128849506378174, "Agent0_Epoch8": 0.005296587944030762, "Agent1_Epoch8": 0.0051514506340026855, "Agent2_Epoch8": 0.020885944366455078, "Agent3_Epoch8": 0.026912987232208252, "Agent4_Epoch8": 0.022015929222106934, "Agent5_Epoch8": 0.01937258243560791, "Agent0_Epoch9": 0.0037528276443481445, "Agent1_Epoch9": 0.0036538243293762207, "Agent2_Epoch9": 0.015487611293792725, "Agent3_Epoch9": 0.017951548099517822, "Agent4_Epoch9": 0.01459425687789917, "Agent5_Epoch9": 0.015525579452514648, "Agent0_Epoch10": 0.002464771270751953, "Agent1_Epoch10": 0.0024244189262390137, "Agent2_Epoch10": 0.00827723741531372, "Agent3_Epoch10": 0.01370382308959961, "Agent4_Epoch10": 0.010307729244232178, "Agent5_Epoch10": 0.009684622287750244, "Agent0_Epoch11": 0.0017435550689697266, "Agent1_Epoch11": 0.0017132759094238281, "Agent2_Epoch11": 0.006500601768493652, "Agent3_Epoch11": 0.009485781192779541, "Agent4_Epoch11": 0.0074959397315979, "Agent5_Epoch11": 0.006139397621154785, "Agent0_Epoch12": 0.0010837316513061523, "Agent1_Epoch12": 0.0010703206062316895, "Agent2_Epoch12": 0.003992319107055664, "Agent3_Epoch12": 0.006176769733428955, "Agent4_Epoch12": 0.005307972431182861, "Agent5_Epoch12": 0.00423884391784668, "Agent0_Epoch13": 0.0007750988006591797, "Agent1_Epoch13": 0.0007684826850891113, "Agent2_Epoch13": 0.003383934497833252, "Agent3_Epoch13": 0.004297912120819092, "Agent4_Epoch13": 0.003876924514770508, "Agent5_Epoch13": 0.003226757049560547, "Agent0_Epoch14": 0.0004957318305969238, "Agent1_Epoch14": 0.0004928708076477051, "Agent2_Epoch14": 0.0020867586135864258, "Agent3_Epoch14": 0.002944648265838623, "Agent4_Epoch14": 0.002673804759979248, "Agent5_Epoch14": 0.00204622745513916, "Agent0_Epoch15": 0.0002460479736328125, "Agent1_Epoch15": 0.00024515390396118164, "Agent2_Epoch15": 0.0013243556022644043, "Agent3_Epoch15": 0.0019487738609313965, "Agent4_Epoch15": 0.0017609596252441406, "Agent5_Epoch15": 0.0011144280433654785, "Agent0_Epoch16": 0.00021034479141235352, "Agent1_Epoch16": 0.000209808349609375, "Agent2_Epoch16": 0.0007991194725036621, "Agent3_Epoch16": 0.00135040283203125, "Agent4_Epoch16": 0.0011296272277832031, "Agent5_Epoch16": 0.0008279085159301758, "Agent0_Epoch17": 9.810924530029297e-05, "Agent1_Epoch17": 9.781122207641602e-05, "Agent2_Epoch17": 0.000558018684387207, "Agent3_Epoch17": 0.0008348822593688965, "Agent4_Epoch17": 0.0007033944129943848, "Agent5_Epoch17": 0.0005644559860229492, "Agent0_Epoch18": 6.300210952758789e-05, "Agent1_Epoch18": 6.288290023803711e-05, "Agent2_Epoch18": 0.00033360719680786133, "Agent3_Epoch18": 0.0004906058311462402, "Agent4_Epoch18": 0.0004367828369140625, "Agent5_Epoch18": 0.0003103017807006836, "Agent0_Epoch19": 2.658367156982422e-05, "Agent1_Epoch19": 2.658367156982422e-05, "Agent2_Epoch19": 0.0001933574676513672, "Agent3_Epoch19": 0.0002855062484741211, "Agent4_Epoch19": 0.00025767087936401367, "Agent5_Epoch19": 0.0001723766326904297, "Agent0_Epoch20": 1.609325408935547e-05, "Agent1_Epoch20": 1.609325408935547e-05, "Agent2_Epoch20": 0.00010496377944946289, "Agent3_Epoch20": 0.00016415119171142578, "Agent4_Epoch20": 0.0001398324966430664, "Agent5_Epoch20": 9.107589721679688e-05, "Agent0_Epoch21": 7.152557373046875e-06, "Agent1_Epoch21": 7.152557373046875e-06, "Agent2_Epoch21": 5.805492401123047e-05, "Agent3_Epoch21": 8.320808410644531e-05, "Agent4_Epoch21": 7.259845733642578e-05, "Agent5_Epoch21": 5.1140785217285156e-05, "Agent0_Epoch22": 4.172325134277344e-06, "Agent1_Epoch22": 4.0531158447265625e-06, "Agent2_Epoch22": 3.0159950256347656e-05, "Agent3_Epoch22": 4.8041343688964844e-05, "Agent4_Epoch22": 3.7550926208496094e-05, "Agent5_Epoch22": 2.9742717742919922e-05, "Agent0_Epoch23": 1.9669532775878906e-06, "Agent1_Epoch23": 1.9073486328125e-06, "Agent2_Epoch23": 1.4483928680419922e-05, "Agent3_Epoch23": 2.6106834411621094e-05, "Agent4_Epoch23": 1.9431114196777344e-05, "Agent5_Epoch23": 1.5854835510253906e-05, "Agent0_Epoch24": 9.5367431640625e-07, "Agent1_Epoch24": 8.940696716308594e-07, "Agent2_Epoch24": 8.165836334228516e-06, "Agent3_Epoch24": 1.33514404296875e-05, "Agent4_Epoch24": 1.0132789611816406e-05, "Agent5_Epoch24": 8.225440979003906e-06, "Agent0_Epoch25": 4.172325134277344e-07, "Agent1_Epoch25": 2.980232238769531e-07, "Agent2_Epoch25": 4.649162292480469e-06, "Agent3_Epoch25": 5.662441253662109e-06, "Agent4_Epoch25": 4.76837158203125e-06, "Agent5_Epoch25": 3.7550926208496094e-06, "Agent0_Epoch26": 1.1920928955078125e-07, "Agent1_Epoch26": 1.7881393432617188e-07, "Agent2_Epoch26": 2.7418136596679688e-06, "Agent3_Epoch26": 3.3974647521972656e-06, "Agent4_Epoch26": 2.562999725341797e-06, "Agent5_Epoch26": 1.430511474609375e-06, "Agent0_Epoch27": 1.1920928955078125e-07, "Agent1_Epoch27": 1.7881393432617188e-07, "Agent2_Epoch27": 9.5367431640625e-07, "Agent3_Epoch27": 1.430511474609375e-06, "Agent4_Epoch27": 1.1324882507324219e-06, "Agent5_Epoch27": 9.5367431640625e-07, "Agent0_Epoch28": 1.1920928955078125e-07, "Agent1_Epoch28": 5.960464477539063e-08, "Agent2_Epoch28": 4.76837158203125e-07, "Agent3_Epoch28": 5.960464477539062e-07, "Agent4_Epoch28": 5.364418029785156e-07, "Agent5_Epoch28": 4.76837158203125e-07, "Agent0_Epoch29": 5.960464477539063e-08, "Agent1_Epoch29": -1.1920928955078125e-07, "Agent2_Epoch29": 1.7881393432617188e-07, "Agent3_Epoch29": 4.172325134277344e-07, "Agent4_Epoch29": 2.980232238769531e-07, "Agent5_Epoch29": 1.1920928955078125e-07, "Agent0_Epoch30": -1.1920928955078125e-07, "Agent1_Epoch30": 0.0, "Agent2_Epoch30": 1.1920928955078125e-07, "Agent3_Epoch30": 5.960464477539063e-08, "Agent4_Epoch30": 5.960464477539063e-08, "Agent5_Epoch30": 5.960464477539063e-08, "Agent0_Epoch31": 0.0, "Agent1_Epoch31": 0.0, "Agent2_Epoch31": 0.0, "Agent3_Epoch31": 1.1920928955078125e-07, "Agent4_Epoch31": 5.960464477539063e-08, "Agent5_Epoch31": 0.0, "Agent0_Epoch32": 5.960464477539063e-08, "Agent1_Epoch32": 0.0, "Agent2_Epoch32": 5.960464477539063e-08, "Agent3_Epoch32": 5.960464477539063e-08, "Agent4_Epoch32": 5.960464477539063e-08, "Agent5_Epoch32": 1.1920928955078125e-07, "Agent0_Epoch33": -1.1920928955078125e-07, "Agent1_Epoch33": -1.1920928955078125e-07, "Agent2_Epoch33": -1.1920928955078125e-07, "Agent3_Epoch33": -1.1920928955078125e-07, "Agent4_Epoch33": 0.0, "Agent5_Epoch33": -1.1920928955078125e-07, "Agent0_Epoch34": -1.1920928955078125e-07, "Agent1_Epoch34": 0.0, "Agent2_Epoch34": -1.1920928955078125e-07, "Agent3_Epoch34": 0.0,