{"Agent0_Epoch1": 0.29293012619018555, "Agent1_Epoch1": 0.29447442293167114, "Agent2_Epoch1": 0.9928987622261047, "Agent3_Epoch1": 0.9932944774627686, "Agent4_Epoch1": 0.9915086030960083, "Agent0_Epoch2": 0.054267168045043945, "Agent1_Epoch2": 0.2982967495918274, "Agent2_Epoch2": 0.30474352836608887, "Agent3_Epoch2": 0.3046611547470093, "Agent4_Epoch2": 0.30539655685424805, "Agent0_Epoch3": 0.03289639949798584, "Agent1_Epoch3": 0.1362707018852234, "Agent2_Epoch3": 0.14519977569580078, "Agent3_Epoch3": 0.14785456657409668, "Agent4_Epoch3": 0.14419853687286377, "Agent0_Epoch4": 0.022348344326019287, "Agent1_Epoch4": 0.06803524494171143, "Agent2_Epoch4": 0.07330232858657837, "Agent3_Epoch4": 0.07371658086776733, "Agent4_Epoch4": 0.07308077812194824, "Agent0_Epoch5": 0.015373766422271729, "Agent1_Epoch5": 0.036966800689697266, "Agent2_Epoch5": 0.03977823257446289, "Agent3_Epoch5": 0.03985881805419922, "Agent4_Epoch5": 0.0393337607383728, "Agent0_Epoch6": 0.010927081108093262, "Agent1_Epoch6": 0.021796047687530518, "Agent2_Epoch6": 0.023090779781341553, "Agent3_Epoch6": 0.02280116081237793, "Agent4_Epoch6": 0.022723615169525146, "Agent0_Epoch7": 0.008008062839508057, "Agent1_Epoch7": 0.013853609561920166, "Agent2_Epoch7": 0.014317929744720459, "Agent3_Epoch7": 0.014097809791564941, "Agent4_Epoch7": 0.01412290334701538, "Agent0_Epoch8": 0.0059989094734191895, "Agent1_Epoch8": 0.009290933609008789, "Agent2_Epoch8": 0.00941246747970581, "Agent3_Epoch8": 0.009460091590881348, "Agent4_Epoch8": 0.009402453899383545, "Agent0_Epoch9": 0.004603207111358643, "Agent1_Epoch9": 0.0065427422523498535, "Agent2_Epoch9": 0.006656646728515625, "Agent3_Epoch9": 0.006641507148742676, "Agent4_Epoch9": 0.006578505039215088, "Agent0_Epoch10": 0.0036882758140563965, "Agent1_Epoch10": 0.004900455474853516, "Agent2_Epoch10": 0.004849672317504883, "Agent3_Epoch10": 0.0048487186431884766, "Agent4_Epoch10": 0.00483858585357666, "Agent0_Epoch11": 0.0038523077964782715, "Agent1_Epoch11": 0.00510936975479126, "Agent2_Epoch11": 0.005093634128570557, "Agent3_Epoch11": 0.00504225492477417, "Agent4_Epoch11": 0.005063533782958984, "Agent0_Epoch12": 0.003953814506530762, "Agent1_Epoch12": 0.005237698554992676, "Agent2_Epoch12": 0.005226314067840576, "Agent3_Epoch12": 0.005171477794647217, "Agent4_Epoch12": 0.0052298903465271, "Agent0_Epoch13": 0.004037141799926758, "Agent1_Epoch13": 0.005343019962310791, "Agent2_Epoch13": 0.005355477333068848, "Agent3_Epoch13": 0.005345523357391357, "Agent4_Epoch13": 0.005322515964508057, "Agent0_Epoch14": 0.004103899002075195, "Agent1_Epoch14": 0.005427658557891846, "Agent2_Epoch14": 0.005417466163635254, "Agent3_Epoch14": 0.0053781867027282715, "Agent4_Epoch14": 0.0053637027740478516, "Agent0_Epoch15": 0.004132449626922607, "Agent1_Epoch15": 0.005462944507598877, "Agent2_Epoch15": 0.005460500717163086, "Agent3_Epoch15": 0.0054364800453186035, "Agent4_Epoch15": 0.0054375529289245605, "Agent0_Epoch16": 0.004164278507232666, "Agent1_Epoch16": 0.005503416061401367, "Agent2_Epoch16": 0.005487203598022461, "Agent3_Epoch16": 0.005483150482177734, "Agent4_Epoch16": 0.0054746270179748535, "Agent0_Epoch17": 0.004180729389190674, "Agent1_Epoch17": 0.0055234432220458984, "Agent2_Epoch17": 0.005512654781341553, "Agent3_Epoch17": 0.005503594875335693, "Agent4_Epoch17": 0.005492031574249268, "Agent0_Epoch18": 0.004189014434814453, "Agent1_Epoch18": 0.005533814430236816, "Agent2_Epoch18": 0.0055353641510009766, "Agent3_Epoch18": 0.005526065826416016, "Agent4_Epoch18": 0.005528748035430908, "Agent0_Epoch19": 0.004203140735626221, "Agent1_Epoch19": 0.005551815032958984, "Agent2_Epoch19": 0.00554269552230835, "Agent3_Epoch19": 0.00553661584854126, "Agent4_Epoch19": 0.005537867546081543, "Agent0_Epoch20": 0.004209697246551514, "Agent1_Epoch20": 0.005559861660003662, "Agent2_Epoch20": 0.005556762218475342, "Agent3_Epoch20": 0.0055484771728515625, "Agent4_Epoch20": 0.005548954010009766, "Agent0_Epoch21": 0.004214167594909668, "Agent1_Epoch21": 0.0055654048919677734, "Agent2_Epoch21": 0.005559265613555908, "Agent3_Epoch21": 0.005559265613555908, "Agent4_Epoch21": 0.005556881427764893, "Agent0_Epoch22": 0.0042168498039245605, "Agent1_Epoch22": 0.00556868314743042, "Agent2_Epoch22": 0.00556570291519165, "Agent3_Epoch22": 0.005566954612731934, "Agent4_Epoch22": 0.005563497543334961, "Agent0_Epoch23": 0.004219233989715576, "Agent1_Epoch23": 0.005571901798248291, "Agent2_Epoch23": 0.00557100772857666, "Agent3_Epoch23": 0.005568325519561768, "Agent4_Epoch23": 0.005567312240600586, "Agent0_Epoch24": 0.004220485687255859, "Agent1_Epoch24": 0.0055733323097229, "Agent2_Epoch24": 0.005573570728302002, "Agent3_Epoch24": 0.005572199821472168, "Agent4_Epoch24": 0.005572199821472168, "Agent0_Epoch25": 0.004221975803375244, "Agent1_Epoch25": 0.005575358867645264, "Agent2_Epoch25": 0.005574285984039307, "Agent3_Epoch25": 0.005573868751525879, "Agent4_Epoch25": 0.005572676658630371, "Agent0_Epoch26": 0.004222393035888672, "Agent1_Epoch26": 0.005575776100158691, "Agent2_Epoch26": 0.005574703216552734, "Agent3_Epoch26": 0.005574285984039307, "Agent4_Epoch26": 0.0055751800537109375, "Agent0_Epoch27": 0.004222989082336426, "Agent1_Epoch27": 0.00557631254196167, "Agent2_Epoch27": 0.005576431751251221, "Agent3_Epoch27": 0.005575716495513916, "Agent4_Epoch27": 0.005575358867645264, "Agent0_Epoch28": 0.004223167896270752, "Agent1_Epoch28": 0.005576729774475098, "Agent2_Epoch28": 0.005576431751251221, "Agent3_Epoch28": 0.0055768489837646484, "Agent4_Epoch28": 0.005576193332672119, "Agent0_Epoch29": 0.004223465919494629, "Agent1_Epoch29": 0.005577206611633301, "Agent2_Epoch29": 0.005576968193054199, "Agent3_Epoch29": 0.005576610565185547, "Agent4_Epoch29": 0.005576491355895996, "Agent0_Epoch30": 0.004223644733428955, "Agent1_Epoch30": 0.0055773258209228516, "Agent2_Epoch30": 0.00557708740234375, "Agent3_Epoch30": 0.00557708740234375, "Agent4_Epoch30": 0.00557708740234375}