{"E1_agent0_norm": 2.2705438137054443, "E1_agent1_norm": 2.23520827293396, "E1_agent2_norm": 2.2756528854370117, "E1_agent3_norm": 2.281733989715576, "E1_agent4_norm": 2.314833164215088, "E2_agent0_norm": 0.6573692560195923, "E2_agent1_norm": 0.6079286336898804, "E2_agent2_norm": 0.6633374094963074, "E2_agent3_norm": 0.5734467506408691, "E2_agent4_norm": 0.5593558549880981, "E3_agent0_norm": 0.869941234588623, "E3_agent1_norm": 0.7015589475631714, "E3_agent2_norm": 0.8100686073303223, "E3_agent3_norm": 0.7030095458030701, "E3_agent4_norm": 0.7139639258384705, "E4_agent0_norm": 0.6636582016944885, "E4_agent1_norm": 0.5282265543937683, "E4_agent2_norm": 0.5803220272064209, "E4_agent3_norm": 0.5691319108009338, "E4_agent4_norm": 0.50373774766922, "E5_agent0_norm": 0.49207550287246704, "E5_agent1_norm": 0.3738616406917572, "E5_agent2_norm": 0.386065810918808, "E5_agent3_norm": 0.3962978720664978, "E5_agent4_norm": 0.38634294271469116, "E6_agent0_norm": 0.3861883580684662, "E6_agent1_norm": 0.2945464551448822, "E6_agent2_norm": 0.2819008529186249, "E6_agent3_norm": 0.28169065713882446, "E6_agent4_norm": 0.2836518883705139, "E7_agent0_norm": 0.3229111135005951, "E7_agent1_norm": 0.2121259868144989, "E7_agent2_norm": 0.20804305374622345, "E7_agent3_norm": 0.21696141362190247, "E7_agent4_norm": 0.21560102701187134, "E8_agent0_norm": 0.2812842130661011, "E8_agent1_norm": 0.1594437211751938, "E8_agent2_norm": 0.15753322839736938, "E8_agent3_norm": 0.15397563576698303, "E8_agent4_norm": 0.16352447867393494, "E9_agent0_norm": 0.26009705662727356, "E9_agent1_norm": 0.11237875372171402, "E9_agent2_norm": 0.11532358080148697, "E9_agent3_norm": 0.11604668200016022, "E9_agent4_norm": 0.12024825066328049, "E10_agent0_norm": 0.08299735188484192, "E10_agent1_norm": 0.07571247220039368, "E10_agent2_norm": 0.07802273333072662, "E10_agent3_norm": 0.08320897817611694, "E10_agent4_norm": 0.07949069142341614, "E11_agent0_norm": 0.05776015669107437, "E11_agent1_norm": 0.05528837814927101, "E11_agent2_norm": 0.054138582199811935, "E11_agent3_norm": 0.05827125906944275, "E11_agent4_norm": 0.05540405586361885, "E12_agent0_norm": 0.038868729025125504, "E12_agent1_norm": 0.039309654384851456, "E12_agent2_norm": 0.03818964585661888, "E12_agent3_norm": 0.04008182883262634, "E12_agent4_norm": 0.04016713798046112, "E13_agent0_norm": 0.027798239141702652, "E13_agent1_norm": 0.02848346345126629, "E13_agent2_norm": 0.02789020910859108, "E13_agent3_norm": 0.030259892344474792, "E13_agent4_norm": 0.02989969030022621, "E14_agent0_norm": 0.01951712928712368, "E14_agent1_norm": 0.02008800208568573, "E14_agent2_norm": 0.021224096417427063, "E14_agent3_norm": 0.02139996737241745, "E14_agent4_norm": 0.021641366183757782, "E15_agent0_norm": 0.014119238592684269, "E15_agent1_norm": 0.015785828232765198, "E15_agent2_norm": 0.016650035977363586, "E15_agent3_norm": 0.016007045283913612, "E15_agent4_norm": 0.01555146835744381, "E16_agent0_norm": 0.01009557768702507, "E16_agent1_norm": 0.010623633861541748, "E16_agent2_norm": 0.010673703625798225, "E16_agent3_norm": 0.011347821913659573, "E16_agent4_norm": 0.011667679063975811, "E17_agent0_norm": 0.0072236210107803345, "E17_agent1_norm": 0.007364251185208559, "E17_agent2_norm": 0.008209592662751675, "E17_agent3_norm": 0.007923102006316185, "E17_agent4_norm": 0.008137655444443226, "E18_agent0_norm": 0.004941032733768225, "E18_agent1_norm": 0.005329476669430733, "E18_agent2_norm": 0.005657296162098646, "E18_agent3_norm": 0.0058970702812075615, "E18_agent4_norm": 0.005591200664639473, "E19_agent0_norm": 0.003525634529069066, "E19_agent1_norm": 0.004155478440225124, "E19_agent2_norm": 0.004188287537544966, "E19_agent3_norm": 0.0038637930992990732, "E19_agent4_norm": 0.0042782430537045, "E20_agent0_norm": 0.0023883020039647818, "E20_agent1_norm": 0.002514459891244769, "E20_agent2_norm": 0.002601168816909194, "E20_agent3_norm": 0.0027214325964450836, "E20_agent4_norm": 0.0027375235222280025, "E21_agent0_norm": 0.001820731908082962, "E21_agent1_norm": 0.0021338548976927996, "E21_agent2_norm": 0.0018959150183945894, "E21_agent3_norm": 0.0019775228574872017, "E21_agent4_norm": 0.0018566650105640292, "E22_agent0_norm": 0.0012566783698275685, "E22_agent1_norm": 0.0013956752372905612, "E22_agent2_norm": 0.0013195887440815568, "E22_agent3_norm": 0.001332530053332448, "E22_agent4_norm": 0.0013206757139414549, "E23_agent0_norm": 0.0008900334360077977, "E23_agent1_norm": 0.0009955853456631303, "E23_agent2_norm": 0.001001031487248838, "E23_agent3_norm": 0.0011425177799537778, "E23_agent4_norm": 0.000972283654846251, "E24_agent0_norm": 0.0006142441416159272, "E24_agent1_norm": 0.0006731261964887381, "E24_agent2_norm": 0.0006537077133543789, "E24_agent3_norm": 0.0007273677038028836, "E24_agent4_norm": 0.0006888200878165662, "E25_agent0_norm": 0.00046056925202719867, "E25_agent1_norm": 0.0004915266763418913, "E25_agent2_norm": 0.0004798936424776912, "E25_agent3_norm": 0.0005972877261228859, "E25_agent4_norm": 0.0004825567011721432, "E26_agent0_norm": 0.00030896050157025456, "E26_agent1_norm": 0.0003319809038657695, "E26_agent2_norm": 0.0003170813724864274, "E26_agent3_norm": 0.0003552905982360244, "E26_agent4_norm": 0.0003572529531084001, "E27_agent0_norm": 0.00021667090186383575, "E27_agent1_norm": 0.0002683931961655617, "E27_agent2_norm": 0.00023240952577907592, "E27_agent3_norm": 0.00025523832300677896, "E27_agent4_norm": 0.0002461606345605105, "E28_agent0_norm": 0.00014874715998303145, "E28_agent1_norm": 0.000164343262440525, "E28_agent2_norm": 0.00017557042883709073, "E28_agent3_norm": 0.00017490723985247314, "E28_agent4_norm": 0.00016819516895338893, "E29_agent0_norm": 0.0001060834911186248, "E29_agent1_norm": 0.00011784343951148912, "E29_agent2_norm": 0.00011745520168915391, "E29_agent3_norm": 0.00011771157005568966, "E29_agent4_norm": 0.00012271321611478925, "E30_agent0_norm": 7.652831845916808e-05, "E30_agent1_norm": 8.321133645949885e-05, "E30_agent2_norm": 8.195790724130347e-05, "E30_agent3_norm": 7.977733184816316e-05, "E30_agent4_norm": 8.448703010799363e-05}