{"E1_agent0_norm": 2.3605663776397705, "E1_agent1_norm": 2.7303466796875, "E1_agent2_norm": 2.0954346656799316, "E1_agent3_norm": 2.4226527214050293, "E1_agent4_norm": 2.331514358520508, "E2_agent0_norm": 0.26173239946365356, "E2_agent1_norm": 0.31511443853378296, "E2_agent2_norm": 0.3099685311317444, "E2_agent3_norm": 0.3426210284233093, "E2_agent4_norm": 0.28282392024993896, "E3_agent0_norm": 0.5669769048690796, "E3_agent1_norm": 0.44768381118774414, "E3_agent2_norm": 0.42624613642692566, "E3_agent3_norm": 0.4566156268119812, "E3_agent4_norm": 0.4196215569972992, "E4_agent0_norm": 0.6152096390724182, "E4_agent1_norm": 0.4332280158996582, "E4_agent2_norm": 0.4199678897857666, "E4_agent3_norm": 0.4117666184902191, "E4_agent4_norm": 0.43396028876304626, "E5_agent0_norm": 0.48392388224601746, "E5_agent1_norm": 0.3419657051563263, "E5_agent2_norm": 0.34384992718696594, "E5_agent3_norm": 0.3390616476535797, "E5_agent4_norm": 0.3404926061630249, "E6_agent0_norm": 0.3748299181461334, "E6_agent1_norm": 0.26486650109291077, "E6_agent2_norm": 0.25241851806640625, "E6_agent3_norm": 0.25043076276779175, "E6_agent4_norm": 0.25453492999076843, "E7_agent0_norm": 0.3075387477874756, "E7_agent1_norm": 0.1890231817960739, "E7_agent2_norm": 0.19147200882434845, "E7_agent3_norm": 0.185703843832016, "E7_agent4_norm": 0.1831754595041275, "E8_agent0_norm": 0.26812905073165894, "E8_agent1_norm": 0.14232763648033142, "E8_agent2_norm": 0.14319880306720734, "E8_agent3_norm": 0.14429619908332825, "E8_agent4_norm": 0.14233219623565674, "E9_agent0_norm": 0.25239208340644836, "E9_agent1_norm": 0.11213323473930359, "E9_agent2_norm": 0.11143600195646286, "E9_agent3_norm": 0.11045779287815094, "E9_agent4_norm": 0.10862309485673904, "E10_agent0_norm": 0.077114038169384, "E10_agent1_norm": 0.07038255780935287, "E10_agent2_norm": 0.0675930604338646, "E10_agent3_norm": 0.06759801506996155, "E10_agent4_norm": 0.07144461572170258, "E11_agent0_norm": 0.05355408415198326, "E11_agent1_norm": 0.052738774567842484, "E11_agent2_norm": 0.050307150930166245, "E11_agent3_norm": 0.050529226660728455, "E11_agent4_norm": 0.047875188291072845, "E12_agent0_norm": 0.0362245999276638, "E12_agent1_norm": 0.038804784417152405, "E12_agent2_norm": 0.03352577984333038, "E12_agent3_norm": 0.0371784083545208, "E12_agent4_norm": 0.03593986853957176, "E13_agent0_norm": 0.02639550156891346, "E13_agent1_norm": 0.027659226208925247, "E13_agent2_norm": 0.028963346034288406, "E13_agent3_norm": 0.030006326735019684, "E13_agent4_norm": 0.024958351626992226, "E14_agent0_norm": 0.01888754591345787, "E14_agent1_norm": 0.020026186481118202, "E14_agent2_norm": 0.017997024580836296, "E14_agent3_norm": 0.020023291930556297, "E14_agent4_norm": 0.0197374876588583, "E15_agent0_norm": 0.012630674988031387, "E15_agent1_norm": 0.014948063530027866, "E15_agent2_norm": 0.013405920006334782, "E15_agent3_norm": 0.013172018341720104, "E15_agent4_norm": 0.014273116365075111, "E16_agent0_norm": 0.009258894249796867, "E16_agent1_norm": 0.010773999616503716, "E16_agent2_norm": 0.011052321642637253, "E16_agent3_norm": 0.011201418936252594, "E16_agent4_norm": 0.011079598218202591, "E17_agent0_norm": 0.0062369052320718765, "E17_agent1_norm": 0.007097730878740549, "E17_agent2_norm": 0.006756907794624567, "E17_agent3_norm": 0.006482994649559259, "E17_agent4_norm": 0.006940495688468218, "E18_agent0_norm": 0.0046758223325014114, "E18_agent1_norm": 0.005452199839055538, "E18_agent2_norm": 0.005216867662966251, "E18_agent3_norm": 0.004948391113430262, "E18_agent4_norm": 0.005085896234959364, "E19_agent0_norm": 0.003240143181756139, "E19_agent1_norm": 0.0037139153573662043, "E19_agent2_norm": 0.003547602565959096, "E19_agent3_norm": 0.003664798103272915, "E19_agent4_norm": 0.0034674033522605896, "E20_agent0_norm": 0.002371605485677719, "E20_agent1_norm": 0.002735159592702985, "E20_agent2_norm": 0.0022346428595483303, "E20_agent3_norm": 0.002583365188911557, "E20_agent4_norm": 0.0027317849453538656, "E21_agent0_norm": 0.0015737662324681878, "E21_agent1_norm": 0.0016966587863862514, "E21_agent2_norm": 0.0016229625325649977, "E21_agent3_norm": 0.0017712769331410527, "E21_agent4_norm": 0.001689192489720881, "E22_agent0_norm": 0.001130398828536272, "E22_agent1_norm": 0.001293386216275394, "E22_agent2_norm": 0.0011872388422489166, "E22_agent3_norm": 0.0013387927319854498, "E22_agent4_norm": 0.0012555980356410146, "E23_agent0_norm": 0.0008342578657902777, "E23_agent1_norm": 0.000906672328710556, "E23_agent2_norm": 0.0009131804690696299, "E23_agent3_norm": 0.0009545246139168739, "E23_agent4_norm": 0.0009481034940108657, "E24_agent0_norm": 0.0005618177237920463, "E24_agent1_norm": 0.0006697805947624147, "E24_agent2_norm": 0.0006019141292199492, "E24_agent3_norm": 0.000617257144767791, "E24_agent4_norm": 0.000562944624107331, "E25_agent0_norm": 0.0003942649345844984, "E25_agent1_norm": 0.000525323033798486, "E25_agent2_norm": 0.0004340728046372533, "E25_agent3_norm": 0.0004221531853545457, "E25_agent4_norm": 0.00041020079515874386, "E26_agent0_norm": 0.00030162103939801455, "E26_agent1_norm": 0.0003251511661801487, "E26_agent2_norm": 0.000324410037137568, "E26_agent3_norm": 0.0003355411172378808, "E26_agent4_norm": 0.0003514281415846199, "E27_agent0_norm": 0.00019327463814988732, "E27_agent1_norm": 0.0002405563573120162, "E27_agent2_norm": 0.00020733002747874707, "E27_agent3_norm": 0.00020923186093568802, "E27_agent4_norm": 0.00021657077013514936, "E28_agent0_norm": 0.00014247512444853783, "E28_agent1_norm": 0.00015263476234395057, "E28_agent2_norm": 0.00016158944345079362, "E28_agent3_norm": 0.0001797207078197971, "E28_agent4_norm": 0.0001584680430823937, "E29_agent0_norm": 9.913058602251112e-05, "E29_agent1_norm": 0.00011386453843442723, "E29_agent2_norm": 0.00010559282964095473, "E29_agent3_norm": 0.00010357796418247744, "E29_agent4_norm": 0.00010964922694256529, "E30_agent0_norm": 6.859082350274548e-05, "E30_agent1_norm": 8.996960968943313e-05, "E30_agent2_norm": 7.584540435345843e-05, "E30_agent3_norm": 7.000366167631e-05, "E30_agent4_norm": 7.420678593916818e-05}