{"E1_agent0_norm": 2.3226265907287598, "E1_agent1_norm": 2.2474584579467773, "E1_agent2_norm": 2.3392558097839355, "E1_agent3_norm": 2.2606687545776367, "E1_agent4_norm": 2.1536519527435303, "E2_agent0_norm": 0.37736377120018005, "E2_agent1_norm": 0.41297367215156555, "E2_agent2_norm": 0.44507142901420593, "E2_agent3_norm": 0.4009002149105072, "E2_agent4_norm": 0.39744412899017334, "E3_agent0_norm": 0.7573577165603638, "E3_agent1_norm": 0.5980218052864075, "E3_agent2_norm": 0.609364926815033, "E3_agent3_norm": 0.5802571177482605, "E3_agent4_norm": 0.5666096210479736, "E4_agent0_norm": 0.6744547486305237, "E4_agent1_norm": 0.49007564783096313, "E4_agent2_norm": 0.4881564676761627, "E4_agent3_norm": 0.4992336630821228, "E4_agent4_norm": 0.5038604736328125, "E5_agent0_norm": 0.493961900472641, "E5_agent1_norm": 0.3718152642250061, "E5_agent2_norm": 0.39547237753868103, "E5_agent3_norm": 0.3686402440071106, "E5_agent4_norm": 0.3939194083213806, "E6_agent0_norm": 0.3976900279521942, "E6_agent1_norm": 0.28839826583862305, "E6_agent2_norm": 0.29838988184928894, "E6_agent3_norm": 0.2916221022605896, "E6_agent4_norm": 0.29803168773651123, "E7_agent0_norm": 0.32882875204086304, "E7_agent1_norm": 0.21772722899913788, "E7_agent2_norm": 0.2283785194158554, "E7_agent3_norm": 0.20983679592609406, "E7_agent4_norm": 0.2248060703277588, "E8_agent0_norm": 0.29076167941093445, "E8_agent1_norm": 0.15996746718883514, "E8_agent2_norm": 0.1692202091217041, "E8_agent3_norm": 0.16287347674369812, "E8_agent4_norm": 0.16713957488536835, "E9_agent0_norm": 0.27485936880111694, "E9_agent1_norm": 0.12943707406520844, "E9_agent2_norm": 0.13115566968917847, "E9_agent3_norm": 0.12871874868869781, "E9_agent4_norm": 0.13129892945289612, "E10_agent0_norm": 0.25964534282684326, "E10_agent1_norm": 0.10058172792196274, "E10_agent2_norm": 0.10323790460824966, "E10_agent3_norm": 0.10022088885307312, "E10_agent4_norm": 0.0939951166510582, "E11_agent0_norm": 0.06649425625801086, "E11_agent1_norm": 0.060169368982315063, "E11_agent2_norm": 0.06012186408042908, "E11_agent3_norm": 0.05837816372513771, "E11_agent4_norm": 0.05861173942685127, "E12_agent0_norm": 0.044412583112716675, "E12_agent1_norm": 0.043914247304201126, "E12_agent2_norm": 0.04236184060573578, "E12_agent3_norm": 0.04266270250082016, "E12_agent4_norm": 0.04392901062965393, "E13_agent0_norm": 0.030434055253863335, "E13_agent1_norm": 0.03184749558568001, "E13_agent2_norm": 0.029042767360806465, "E13_agent3_norm": 0.028956400230526924, "E13_agent4_norm": 0.031710781157016754, "E14_agent0_norm": 0.021077856421470642, "E14_agent1_norm": 0.02275574579834938, "E14_agent2_norm": 0.022901900112628937, "E14_agent3_norm": 0.022452184930443764, "E14_agent4_norm": 0.023931585252285004, "E15_agent0_norm": 0.014760186895728111, "E15_agent1_norm": 0.015869680792093277, "E15_agent2_norm": 0.017230303958058357, "E15_agent3_norm": 0.015932705253362656, "E15_agent4_norm": 0.017572633922100067, "E16_agent0_norm": 0.010343575850129128, "E16_agent1_norm": 0.011982769705355167, "E16_agent2_norm": 0.010934770107269287, "E16_agent3_norm": 0.010883270762860775, "E16_agent4_norm": 0.012189343571662903, "E17_agent0_norm": 0.007502157241106033, "E17_agent1_norm": 0.007651485037058592, "E17_agent2_norm": 0.008267906494438648, "E17_agent3_norm": 0.008175233379006386, "E17_agent4_norm": 0.009369914419949055, "E18_agent0_norm": 0.005155264865607023, "E18_agent1_norm": 0.0057757520116865635, "E18_agent2_norm": 0.005913665518164635, "E18_agent3_norm": 0.005593618843704462, "E18_agent4_norm": 0.006233936175704002, "E19_agent0_norm": 0.003729434683918953, "E19_agent1_norm": 0.004188620485365391, "E19_agent2_norm": 0.004113924689590931, "E19_agent3_norm": 0.004181926138699055, "E19_agent4_norm": 0.004283455666154623, "E20_agent0_norm": 0.0026411707513034344, "E20_agent1_norm": 0.002949826419353485, "E20_agent2_norm": 0.003157027531415224, "E20_agent3_norm": 0.0029904386028647423, "E20_agent4_norm": 0.003014109330251813, "E21_agent0_norm": 0.0018843634752556682, "E21_agent1_norm": 0.002018807688727975, "E21_agent2_norm": 0.002076237928122282, "E21_agent3_norm": 0.001917273155413568, "E21_agent4_norm": 0.0024542768951505423, "E22_agent0_norm": 0.0013196333311498165, "E22_agent1_norm": 0.001516030984930694, "E22_agent2_norm": 0.0015803478891029954, "E22_agent3_norm": 0.0014547393657267094, "E22_agent4_norm": 0.0015380935510620475, "E23_agent0_norm": 0.0009361125412397087, "E23_agent1_norm": 0.0010669362964108586, "E23_agent2_norm": 0.0010595732601359487, "E23_agent3_norm": 0.0010094450553879142, "E23_agent4_norm": 0.0011891047470271587, "E24_agent0_norm": 0.0006350548355840147, "E24_agent1_norm": 0.0007466105744242668, "E24_agent2_norm": 0.000728174636606127, "E24_agent3_norm": 0.0006759748794138432, "E24_agent4_norm": 0.0008396744960919023, "E25_agent0_norm": 0.0004658552061300725, "E25_agent1_norm": 0.0005618504947051406, "E25_agent2_norm": 0.0005492595373652875, "E25_agent3_norm": 0.0005378308705985546, "E25_agent4_norm": 0.0005330264684744179, "E26_agent0_norm": 0.0003305517602711916, "E26_agent1_norm": 0.0003522404294926673, "E26_agent2_norm": 0.0003722791443578899, "E26_agent3_norm": 0.0003900651936419308, "E26_agent4_norm": 0.0004313593963161111, "E27_agent0_norm": 0.0002227591903647408, "E27_agent1_norm": 0.0002721071941778064, "E27_agent2_norm": 0.00023694509582128376, "E27_agent3_norm": 0.0002448342856951058, "E27_agent4_norm": 0.0002774711756501347, "E28_agent0_norm": 0.0001667148753767833, "E28_agent1_norm": 0.00018011464271694422, "E28_agent2_norm": 0.00017777286120690405, "E28_agent3_norm": 0.00017203384777531028, "E28_agent4_norm": 0.0001841905468609184, "E29_agent0_norm": 0.00011678763257805258, "E29_agent1_norm": 0.00012409129703883082, "E29_agent2_norm": 0.00013073002628516406, "E29_agent3_norm": 0.00012182453065179288, "E29_agent4_norm": 0.00014820935030002147, "E30_agent0_norm": 7.813856791472062e-05, "E30_agent1_norm": 9.327941370429471e-05, "E30_agent2_norm": 9.127875819103792e-05, "E30_agent3_norm": 9.204463276546448e-05, "E30_agent4_norm": 9.518956358078867e-05}