{"Agent0_Epoch1": 0.29903554916381836, "Agent1_Epoch1": 0.29793471097946167, "Agent2_Epoch1": 0.9990493655204773, "Agent3_Epoch1": 0.9999606609344482, "Agent4_Epoch1": 0.9988501667976379, "Agent0_Epoch2": 0.054884254932403564, "Agent1_Epoch2": 0.301571249961853, "Agent2_Epoch2": 0.3008689284324646, "Agent3_Epoch2": 0.30254608392715454, "Agent4_Epoch2": 0.30228328704833984, "Agent0_Epoch3": 0.03338819742202759, "Agent1_Epoch3": 0.1384260058403015, "Agent2_Epoch3": 0.14601075649261475, "Agent3_Epoch3": 0.14613300561904907, "Agent4_Epoch3": 0.14702165126800537, "Agent0_Epoch4": 0.023649632930755615, "Agent1_Epoch4": 0.0715322494506836, "Agent2_Epoch4": 0.07464438676834106, "Agent3_Epoch4": 0.07430046796798706, "Agent4_Epoch4": 0.07556265592575073, "Agent0_Epoch5": 0.016045331954956055, "Agent1_Epoch5": 0.03833693265914917, "Agent2_Epoch5": 0.04322928190231323, "Agent3_Epoch5": 0.04336947202682495, "Agent4_Epoch5": 0.04164081811904907, "Agent0_Epoch6": 0.011795461177825928, "Agent1_Epoch6": 0.02343881130218506, "Agent2_Epoch6": 0.02448415756225586, "Agent3_Epoch6": 0.02481299638748169, "Agent4_Epoch6": 0.024480044841766357, "Agent0_Epoch7": 0.008520543575286865, "Agent1_Epoch7": 0.014694392681121826, "Agent2_Epoch7": 0.01553124189376831, "Agent3_Epoch7": 0.015358984470367432, "Agent4_Epoch7": 0.015646398067474365, "Agent0_Epoch8": 0.006408393383026123, "Agent1_Epoch8": 0.009906768798828125, "Agent2_Epoch8": 0.010215222835540771, "Agent3_Epoch8": 0.010317683219909668, "Agent4_Epoch8": 0.0102882981300354, "Agent0_Epoch9": 0.004967451095581055, "Agent1_Epoch9": 0.007052958011627197, "Agent2_Epoch9": 0.0071964263916015625, "Agent3_Epoch9": 0.007281661033630371, "Agent4_Epoch9": 0.0070770978927612305, "Agent0_Epoch10": 0.003952503204345703, "Agent1_Epoch10": 0.005247712135314941, "Agent2_Epoch10": 0.005394041538238525, "Agent3_Epoch10": 0.005482614040374756, "Agent4_Epoch10": 0.005400896072387695, "Agent0_Epoch11": 0.003612518310546875, "Agent1_Epoch11": 0.004800319671630859, "Agent2_Epoch11": 0.0049495697021484375, "Agent3_Epoch11": 0.004771709442138672, "Agent4_Epoch11": 0.004832744598388672, "Agent0_Epoch12": 0.0037177205085754395, "Agent1_Epoch12": 0.00493389368057251, "Agent2_Epoch12": 0.005038142204284668, "Agent3_Epoch12": 0.004923820495605469, "Agent4_Epoch12": 0.004945278167724609, "Agent0_Epoch13": 0.003800332546234131, "Agent1_Epoch13": 0.005039215087890625, "Agent2_Epoch13": 0.005125582218170166, "Agent3_Epoch13": 0.004982471466064453, "Agent4_Epoch13": 0.005023598670959473, "Agent0_Epoch14": 0.0038494467735290527, "Agent1_Epoch14": 0.005101323127746582, "Agent2_Epoch14": 0.005183100700378418, "Agent3_Epoch14": 0.005080163478851318, "Agent4_Epoch14": 0.005117535591125488, "Agent0_Epoch15": 0.003892183303833008, "Agent1_Epoch15": 0.0051558613777160645, "Agent2_Epoch15": 0.005165040493011475, "Agent3_Epoch15": 0.005126237869262695, "Agent4_Epoch15": 0.005154609680175781, "Agent0_Epoch16": 0.003913938999176025, "Agent1_Epoch16": 0.005183041095733643, "Agent2_Epoch16": 0.0052106380462646484, "Agent3_Epoch16": 0.005157351493835449, "Agent4_Epoch16": 0.005162835121154785, "Agent0_Epoch17": 0.00392460823059082, "Agent1_Epoch17": 0.005195975303649902, "Agent2_Epoch17": 0.005240917205810547, "Agent3_Epoch17": 0.005194664001464844, "Agent4_Epoch17": 0.00520557165145874, "Agent0_Epoch18": 0.0039421916007995605, "Agent1_Epoch18": 0.0052182674407958984, "Agent2_Epoch18": 0.005244195461273193, "Agent3_Epoch18": 0.005208015441894531, "Agent4_Epoch18": 0.005215585231781006, "Agent0_Epoch19": 0.00395125150680542, "Agent1_Epoch19": 0.005229771137237549, "Agent2_Epoch19": 0.005240023136138916, "Agent3_Epoch19": 0.005229473114013672, "Agent4_Epoch19": 0.005233645439147949, "Agent0_Epoch20": 0.0039580464363098145, "Agent1_Epoch20": 0.005238473415374756, "Agent2_Epoch20": 0.005256831645965576, "Agent3_Epoch20": 0.005236983299255371, "Agent4_Epoch20": 0.005238890647888184, "Agent0_Epoch21": 0.003963172435760498, "Agent1_Epoch21": 0.005244910717010498, "Agent2_Epoch21": 0.00525277853012085, "Agent3_Epoch21": 0.00524061918258667, "Agent4_Epoch21": 0.005243480205535889, "Agent0_Epoch22": 0.003966331481933594, "Agent1_Epoch22": 0.0052490234375, "Agent2_Epoch22": 0.005255758762359619, "Agent3_Epoch22": 0.0052449703216552734, "Agent4_Epoch22": 0.005250513553619385, "Agent0_Epoch23": 0.00396883487701416, "Agent1_Epoch23": 0.0052523016929626465, "Agent2_Epoch23": 0.005256593227386475, "Agent3_Epoch23": 0.005249738693237305, "Agent4_Epoch23": 0.005251944065093994, "Agent0_Epoch24": 0.003969907760620117, "Agent1_Epoch24": 0.005253493785858154, "Agent2_Epoch24": 0.005257904529571533, "Agent3_Epoch24": 0.005253136157989502, "Agent4_Epoch24": 0.005254387855529785, "Agent0_Epoch25": 0.003971517086029053, "Agent1_Epoch25": 0.005255520343780518, "Agent2_Epoch25": 0.005257964134216309, "Agent3_Epoch25": 0.005255520343780518, "Agent4_Epoch25": 0.005255281925201416, "Agent0_Epoch26": 0.003972291946411133, "Agent1_Epoch26": 0.0052564144134521484, "Agent2_Epoch26": 0.005258500576019287, "Agent3_Epoch26": 0.0052564144134521484, "Agent4_Epoch26": 0.005256295204162598, "Agent0_Epoch27": 0.003972828388214111, "Agent1_Epoch27": 0.005257308483123779, "Agent2_Epoch27": 0.005258679389953613, "Agent3_Epoch27": 0.005256950855255127, "Agent4_Epoch27": 0.005257546901702881, "Agent0_Epoch28": 0.0039733052253723145, "Agent1_Epoch28": 0.005257666110992432, "Agent2_Epoch28": 0.005258679389953613, "Agent3_Epoch28": 0.00525820255279541, "Agent4_Epoch28": 0.00525820255279541, "Agent0_Epoch29": 0.003973722457885742, "Agent1_Epoch29": 0.005258321762084961, "Agent2_Epoch29": 0.005258917808532715, "Agent3_Epoch29": 0.005258440971374512, "Agent4_Epoch29": 0.005258440971374512, "Agent0_Epoch30": 0.003973782062530518, "Agent1_Epoch30": 0.0052585601806640625, "Agent2_Epoch30": 0.005259037017822266, "Agent3_Epoch30": 0.005258440971374512, "Agent4_Epoch30": 0.005258679389953613}