{"E1_agent0_norm": 2.471885919570923, "E1_agent1_norm": 2.617877721786499, "E1_agent2_norm": 2.2760002613067627, "E1_agent3_norm": 2.2656188011169434, "E1_agent4_norm": 2.3671927452087402, "E2_agent0_norm": 0.49590057134628296, "E2_agent1_norm": 0.5095129609107971, "E2_agent2_norm": 0.4812518060207367, "E2_agent3_norm": 0.42137596011161804, "E2_agent4_norm": 0.5672460794448853, "E3_agent0_norm": 0.8546353578567505, "E3_agent1_norm": 0.6601890921592712, "E3_agent2_norm": 0.6408587694168091, "E3_agent3_norm": 0.5993194580078125, "E3_agent4_norm": 0.6632892489433289, "E4_agent0_norm": 0.7031949162483215, "E4_agent1_norm": 0.5261064767837524, "E4_agent2_norm": 0.5182169675827026, "E4_agent3_norm": 0.5638731122016907, "E4_agent4_norm": 0.534085750579834, "E5_agent0_norm": 0.5216870903968811, "E5_agent1_norm": 0.4014591872692108, "E5_agent2_norm": 0.3902546167373657, "E5_agent3_norm": 0.4174480438232422, "E5_agent4_norm": 0.38845786452293396, "E6_agent0_norm": 0.41659897565841675, "E6_agent1_norm": 0.28898507356643677, "E6_agent2_norm": 0.28446048498153687, "E6_agent3_norm": 0.29915520548820496, "E6_agent4_norm": 0.28145864605903625, "E7_agent0_norm": 0.3449457883834839, "E7_agent1_norm": 0.21510101854801178, "E7_agent2_norm": 0.21982523798942566, "E7_agent3_norm": 0.21474044024944305, "E7_agent4_norm": 0.20013360679149628, "E8_agent0_norm": 0.2991412878036499, "E8_agent1_norm": 0.1595669686794281, "E8_agent2_norm": 0.1583186686038971, "E8_agent3_norm": 0.1568189561367035, "E8_agent4_norm": 0.1643550544977188, "E9_agent0_norm": 0.2905854880809784, "E9_agent1_norm": 0.11698870360851288, "E9_agent2_norm": 0.12954507768154144, "E9_agent3_norm": 0.12493815273046494, "E9_agent4_norm": 0.12009896337985992, "E10_agent0_norm": 0.08985870331525803, "E10_agent1_norm": 0.08043445646762848, "E10_agent2_norm": 0.07337607443332672, "E10_agent3_norm": 0.08253835886716843, "E10_agent4_norm": 0.07614849507808685, "E11_agent0_norm": 0.06049160286784172, "E11_agent1_norm": 0.05783454701304436, "E11_agent2_norm": 0.05676747113466263, "E11_agent3_norm": 0.05869552120566368, "E11_agent4_norm": 0.05640382692217827, "E12_agent0_norm": 0.04121251031756401, "E12_agent1_norm": 0.04419400542974472, "E12_agent2_norm": 0.03857508674263954, "E12_agent3_norm": 0.0393519401550293, "E12_agent4_norm": 0.041094303131103516, "E13_agent0_norm": 0.02912307344377041, "E13_agent1_norm": 0.031114844605326653, "E13_agent2_norm": 0.03269175812602043, "E13_agent3_norm": 0.03164242208003998, "E13_agent4_norm": 0.029292678460478783, "E14_agent0_norm": 0.020897209644317627, "E14_agent1_norm": 0.021701520308852196, "E14_agent2_norm": 0.020803043618798256, "E14_agent3_norm": 0.02203119359910488, "E14_agent4_norm": 0.021438350901007652, "E15_agent0_norm": 0.014284060336649418, "E15_agent1_norm": 0.015299363993108273, "E15_agent2_norm": 0.015852123498916626, "E15_agent3_norm": 0.01638071984052658, "E15_agent4_norm": 0.015377487987279892, "E16_agent0_norm": 0.010457503609359264, "E16_agent1_norm": 0.011194389313459396, "E16_agent2_norm": 0.010959494858980179, "E16_agent3_norm": 0.01149758230894804, "E16_agent4_norm": 0.010593298822641373, "E17_agent0_norm": 0.007442647125571966, "E17_agent1_norm": 0.008050313219428062, "E17_agent2_norm": 0.008151542395353317, "E17_agent3_norm": 0.008666587993502617, "E17_agent4_norm": 0.008126363158226013, "E18_agent0_norm": 0.005503477528691292, "E18_agent1_norm": 0.00596576277166605, "E18_agent2_norm": 0.005497706588357687, "E18_agent3_norm": 0.005824359133839607, "E18_agent4_norm": 0.005894163623452187, "E19_agent0_norm": 0.0037488064263015985, "E19_agent1_norm": 0.004692216869443655, "E19_agent2_norm": 0.004119658377021551, "E19_agent3_norm": 0.004729324020445347, "E19_agent4_norm": 0.003987009171396494, "E20_agent0_norm": 0.016297366470098495, "E20_agent1_norm": 0.004063080530613661, "E20_agent2_norm": 0.004100637976080179, "E20_agent3_norm": 0.004305864684283733, "E20_agent4_norm": 0.004018302541226149}