{"E1_agent0_norm": 2.343707323074341, "E1_agent1_norm": 2.497838258743286, "E1_agent2_norm": 2.1751880645751953, "E1_agent3_norm": 2.1229989528656006, "E1_agent4_norm": 2.52447509765625, "E2_agent0_norm": 0.36488863825798035, "E2_agent1_norm": 0.3607618808746338, "E2_agent2_norm": 0.3722853660583496, "E2_agent3_norm": 0.38985416293144226, "E2_agent4_norm": 0.37080320715904236, "E3_agent0_norm": 0.6914986371994019, "E3_agent1_norm": 0.526637077331543, "E3_agent2_norm": 0.49857908487319946, "E3_agent3_norm": 0.5220928192138672, "E3_agent4_norm": 0.5460362434387207, "E4_agent0_norm": 0.6792539954185486, "E4_agent1_norm": 0.47512075304985046, "E4_agent2_norm": 0.5205233693122864, "E4_agent3_norm": 0.49876198172569275, "E4_agent4_norm": 0.4911024868488312, "E5_agent0_norm": 0.5127617120742798, "E5_agent1_norm": 0.38819941878318787, "E5_agent2_norm": 0.39755094051361084, "E5_agent3_norm": 0.4137747287750244, "E5_agent4_norm": 0.40321508049964905, "E6_agent0_norm": 0.3966352343559265, "E6_agent1_norm": 0.26876533031463623, "E6_agent2_norm": 0.27595391869544983, "E6_agent3_norm": 0.27734753489494324, "E6_agent4_norm": 0.27456390857696533, "E7_agent0_norm": 0.3260467052459717, "E7_agent1_norm": 0.20391952991485596, "E7_agent2_norm": 0.21081972122192383, "E7_agent3_norm": 0.20866894721984863, "E7_agent4_norm": 0.19527758657932281, "E8_agent0_norm": 0.2741931080818176, "E8_agent1_norm": 0.1495092511177063, "E8_agent2_norm": 0.15751387178897858, "E8_agent3_norm": 0.15000446140766144, "E8_agent4_norm": 0.14632560312747955, "E9_agent0_norm": 0.25742146372795105, "E9_agent1_norm": 0.11270095407962799, "E9_agent2_norm": 0.11639270931482315, "E9_agent3_norm": 0.10922160744667053, "E9_agent4_norm": 0.10582578182220459, "E10_agent0_norm": 0.08487948030233383, "E10_agent1_norm": 0.07183510810136795, "E10_agent2_norm": 0.07221921533346176, "E10_agent3_norm": 0.07359600812196732, "E10_agent4_norm": 0.07169532030820847, "E11_agent0_norm": 0.057237520813941956, "E11_agent1_norm": 0.052978262305259705, "E11_agent2_norm": 0.05497537553310394, "E11_agent3_norm": 0.05632028728723526, "E11_agent4_norm": 0.05869744345545769, "E12_agent0_norm": 0.03967490419745445, "E12_agent1_norm": 0.0397588275372982, "E12_agent2_norm": 0.03720037266612053, "E12_agent3_norm": 0.04141084477305412, "E12_agent4_norm": 0.03952573984861374, "E13_agent0_norm": 0.027349423617124557, "E13_agent1_norm": 0.027410561218857765, "E13_agent2_norm": 0.027837036177515984, "E13_agent3_norm": 0.0303810965269804, "E13_agent4_norm": 0.029341459274291992, "E14_agent0_norm": 0.01975139230489731, "E14_agent1_norm": 0.020754240453243256, "E14_agent2_norm": 0.019974129274487495, "E14_agent3_norm": 0.02105097658932209, "E14_agent4_norm": 0.02311040833592415, "E15_agent0_norm": 0.013854101300239563, "E15_agent1_norm": 0.014721021056175232, "E15_agent2_norm": 0.014832948334515095, "E15_agent3_norm": 0.014544697478413582, "E15_agent4_norm": 0.014598644338548183, "E16_agent0_norm": 0.01018108893185854, "E16_agent1_norm": 0.010288191959261894, "E16_agent2_norm": 0.010514331050217152, "E16_agent3_norm": 0.010913060046732426, "E16_agent4_norm": 0.010856935754418373, "E17_agent0_norm": 0.00685519352555275, "E17_agent1_norm": 0.007062864955514669, "E17_agent2_norm": 0.007625929545611143, "E17_agent3_norm": 0.008086932823061943, "E17_agent4_norm": 0.007544009014964104, "E18_agent0_norm": 0.005156199913471937, "E18_agent1_norm": 0.005828197579830885, "E18_agent2_norm": 0.005463511683046818, "E18_agent3_norm": 0.0059038992039859295, "E18_agent4_norm": 0.006026935763657093, "E19_agent0_norm": 0.003514071460813284, "E19_agent1_norm": 0.0039335270412266254, "E19_agent2_norm": 0.003865006612613797, "E19_agent3_norm": 0.004010461270809174, "E19_agent4_norm": 0.004072969313710928, "E20_agent0_norm": 0.0024869884364306927, "E20_agent1_norm": 0.0025964214000850916, "E20_agent2_norm": 0.0026689860969781876, "E20_agent3_norm": 0.002652866765856743, "E20_agent4_norm": 0.0025634984485805035, "E21_agent0_norm": 0.0017660155426710844, "E21_agent1_norm": 0.0018269651336595416, "E21_agent2_norm": 0.0019721565768122673, "E21_agent3_norm": 0.0017625142354518175, "E21_agent4_norm": 0.0019172898028045893, "E22_agent0_norm": 0.0012007245095446706, "E22_agent1_norm": 0.0014537771930918097, "E22_agent2_norm": 0.001223643310368061, "E22_agent3_norm": 0.0014107751194387674, "E22_agent4_norm": 0.0015002655563876033, "E23_agent0_norm": 0.0008772169821895659, "E23_agent1_norm": 0.0010142753599211574, "E23_agent2_norm": 0.000982662197202444, "E23_agent3_norm": 0.0010422440245747566, "E23_agent4_norm": 0.0012872414663434029, "E24_agent0_norm": 0.0006044916226528585, "E24_agent1_norm": 0.0006676880875602365, "E24_agent2_norm": 0.0006234028842300177, "E24_agent3_norm": 0.0006744210841134191, "E24_agent4_norm": 0.0008179362630471587, "E25_agent0_norm": 0.0004481119103729725, "E25_agent1_norm": 0.0005105813615955412, "E25_agent2_norm": 0.00047489695134572685, "E25_agent3_norm": 0.000508065742906183, "E25_agent4_norm": 0.0004994368064217269, "E26_agent0_norm": 0.0003066383069381118, "E26_agent1_norm": 0.0003597270115278661, "E26_agent2_norm": 0.0003489818482194096, "E26_agent3_norm": 0.0003617461188696325, "E26_agent4_norm": 0.00033287875703535974, "E27_agent0_norm": 0.0002247330266982317, "E27_agent1_norm": 0.00024057028349488974, "E27_agent2_norm": 0.00021824179566465318, "E27_agent3_norm": 0.00023769380641169846, "E27_agent4_norm": 0.00030209904070943594, "E28_agent0_norm": 0.00015187691315077245, "E28_agent1_norm": 0.00015691235603298992, "E28_agent2_norm": 0.0001750112569425255, "E28_agent3_norm": 0.00015600874030496925, "E28_agent4_norm": 0.00018527446081861854, "E29_agent0_norm": 0.00011338819604134187, "E29_agent1_norm": 0.0001297524431720376, "E29_agent2_norm": 0.0001142878900282085, "E29_agent3_norm": 0.00011935744259972125, "E29_agent4_norm": 0.00014588303747586906, "E30_agent0_norm": 7.713185914326459e-05, "E30_agent1_norm": 8.430524030700326e-05, "E30_agent2_norm": 8.331444405484945e-05, "E30_agent3_norm": 8.228627848438919e-05, "E30_agent4_norm": 8.37679035612382e-05}