{"Agent0_Epoch1": 0.296974241733551, "Agent1_Epoch1": 0.2938600182533264, "Agent2_Epoch1": 0.9954082369804382, "Agent3_Epoch1": 0.9971757531166077, "Agent4_Epoch1": 0.9924166202545166, "Agent0_Epoch2": 0.05478394031524658, "Agent1_Epoch2": 0.2936549186706543, "Agent2_Epoch2": 0.2967910170555115, "Agent3_Epoch2": 0.30072152614593506, "Agent4_Epoch2": 0.29862910509109497, "Agent0_Epoch3": 0.03477376699447632, "Agent1_Epoch3": 0.13926386833190918, "Agent2_Epoch3": 0.14310592412948608, "Agent3_Epoch3": 0.14473283290863037, "Agent4_Epoch3": 0.14262795448303223, "Agent0_Epoch4": 0.023174703121185303, "Agent1_Epoch4": 0.06955379247665405, "Agent2_Epoch4": 0.07085520029067993, "Agent3_Epoch4": 0.07211309671401978, "Agent4_Epoch4": 0.0720474123954773, "Agent0_Epoch5": 0.016220569610595703, "Agent1_Epoch5": 0.03842794895172119, "Agent2_Epoch5": 0.03936284780502319, "Agent3_Epoch5": 0.03880208730697632, "Agent4_Epoch5": 0.03893887996673584, "Agent0_Epoch6": 0.011516273021697998, "Agent1_Epoch6": 0.02283477783203125, "Agent2_Epoch6": 0.02359592914581299, "Agent3_Epoch6": 0.023109138011932373, "Agent4_Epoch6": 0.023756563663482666, "Agent0_Epoch7": 0.00843900442123413, "Agent1_Epoch7": 0.014523565769195557, "Agent2_Epoch7": 0.014653027057647705, "Agent3_Epoch7": 0.014751732349395752, "Agent4_Epoch7": 0.014659106731414795, "Agent0_Epoch8": 0.006207406520843506, "Agent1_Epoch8": 0.009583353996276855, "Agent2_Epoch8": 0.00985187292098999, "Agent3_Epoch8": 0.009882152080535889, "Agent4_Epoch8": 0.010315537452697754, "Agent0_Epoch9": 0.004812896251678467, "Agent1_Epoch9": 0.0068285465240478516, "Agent2_Epoch9": 0.00688701868057251, "Agent3_Epoch9": 0.0068885087966918945, "Agent4_Epoch9": 0.0073427557945251465, "Agent0_Epoch10": 0.003829658031463623, "Agent1_Epoch10": 0.005082547664642334, "Agent2_Epoch10": 0.005218565464019775, "Agent3_Epoch10": 0.005166172981262207, "Agent4_Epoch10": 0.005488932132720947, "Agent0_Epoch11": 0.0040604472160339355, "Agent1_Epoch11": 0.005379736423492432, "Agent2_Epoch11": 0.0053713321685791016, "Agent3_Epoch11": 0.00544428825378418, "Agent4_Epoch11": 0.005690336227416992, "Agent0_Epoch12": 0.004215598106384277, "Agent1_Epoch12": 0.005577266216278076, "Agent2_Epoch12": 0.00563359260559082, "Agent3_Epoch12": 0.005583345890045166, "Agent4_Epoch12": 0.005717575550079346, "Agent0_Epoch13": 0.004320025444030762, "Agent1_Epoch13": 0.005709707736968994, "Agent2_Epoch13": 0.005697965621948242, "Agent3_Epoch13": 0.005691051483154297, "Agent4_Epoch13": 0.005834400653839111, "Agent0_Epoch14": 0.00438237190246582, "Agent1_Epoch14": 0.005788624286651611, "Agent2_Epoch14": 0.005809307098388672, "Agent3_Epoch14": 0.005753695964813232, "Agent4_Epoch14": 0.005901694297790527, "Agent0_Epoch15": 0.004436135292053223, "Agent1_Epoch15": 0.005856812000274658, "Agent2_Epoch15": 0.005833566188812256, "Agent3_Epoch15": 0.005832791328430176, "Agent4_Epoch15": 0.005928099155426025, "Agent0_Epoch16": 0.004472017288208008, "Agent1_Epoch16": 0.005902349948883057, "Agent2_Epoch16": 0.005896925926208496, "Agent3_Epoch16": 0.005883157253265381, "Agent4_Epoch16": 0.005961239337921143, "Agent0_Epoch17": 0.004493594169616699, "Agent1_Epoch17": 0.005929470062255859, "Agent2_Epoch17": 0.005938172340393066, "Agent3_Epoch17": 0.005925118923187256, "Agent4_Epoch17": 0.005978941917419434, "Agent0_Epoch18": 0.004508256912231445, "Agent1_Epoch18": 0.0059479475021362305, "Agent2_Epoch18": 0.005957365036010742, "Agent3_Epoch18": 0.0059500932693481445, "Agent4_Epoch18": 0.0059882402420043945, "Agent0_Epoch19": 0.004520118236541748, "Agent1_Epoch19": 0.005962729454040527, "Agent2_Epoch19": 0.0059708356857299805, "Agent3_Epoch19": 0.005961060523986816, "Agent4_Epoch19": 0.006001472473144531, "Agent0_Epoch20": 0.004531919956207275, "Agent1_Epoch20": 0.005977749824523926, "Agent2_Epoch20": 0.005977451801300049, "Agent3_Epoch20": 0.005972862243652344, "Agent4_Epoch20": 0.005993545055389404, "Agent0_Epoch21": 0.004538297653198242, "Agent1_Epoch21": 0.0059857964515686035, "Agent2_Epoch21": 0.005990564823150635, "Agent3_Epoch21": 0.005986630916595459, "Agent4_Epoch21": 0.005998492240905762, "Agent0_Epoch22": 0.004542887210845947, "Agent1_Epoch22": 0.005991756916046143, "Agent2_Epoch22": 0.005994081497192383, "Agent3_Epoch22": 0.005990028381347656, "Agent4_Epoch22": 0.0060048699378967285, "Agent0_Epoch23": 0.004545927047729492, "Agent1_Epoch23": 0.005995571613311768, "Agent2_Epoch23": 0.005998194217681885, "Agent3_Epoch23": 0.005994200706481934, "Agent4_Epoch23": 0.006005346775054932, "Agent0_Epoch24": 0.004548549652099609, "Agent1_Epoch24": 0.0059989094734191895, "Agent2_Epoch24": 0.006000339984893799, "Agent3_Epoch24": 0.005997776985168457, "Agent4_Epoch24": 0.006006777286529541, "Agent0_Epoch25": 0.004550516605377197, "Agent1_Epoch25": 0.006001532077789307, "Agent2_Epoch25": 0.006002664566040039, "Agent3_Epoch25": 0.005999565124511719, "Agent4_Epoch25": 0.006006360054016113, "Agent0_Epoch26": 0.004551947116851807, "Agent1_Epoch26": 0.006003201007843018, "Agent2_Epoch26": 0.006003439426422119, "Agent3_Epoch26": 0.006001949310302734, "Agent4_Epoch26": 0.006006300449371338, "Agent0_Epoch27": 0.00455242395401001, "Agent1_Epoch27": 0.006003737449645996, "Agent2_Epoch27": 0.006004452705383301, "Agent3_Epoch27": 0.006003320217132568, "Agent4_Epoch27": 0.00600665807723999, "Agent0_Epoch28": 0.0045531392097473145, "Agent1_Epoch28": 0.006004631519317627, "Agent2_Epoch28": 0.0060048699378967285, "Agent3_Epoch28": 0.006004452705383301, "Agent4_Epoch28": 0.0060059428215026855, "Agent0_Epoch29": 0.004553556442260742, "Agent1_Epoch29": 0.006005227565765381, "Agent2_Epoch29": 0.006005585193634033, "Agent3_Epoch29": 0.0060048699378967285, "Agent4_Epoch29": 0.006006121635437012, "Agent0_Epoch30": 0.004553854465484619, "Agent1_Epoch30": 0.006005585193634033, "Agent2_Epoch30": 0.006005644798278809, "Agent3_Epoch30": 0.006005227565765381, "Agent4_Epoch30": 0.006006121635437012}