{"Agent0_Epoch1": 0.29439878463745117, "Agent1_Epoch1": 0.29077041149139404, "Agent2_Epoch1": 0.9990957975387573, "Agent3_Epoch1": 0.9964463710784912, "Agent4_Epoch1": 0.9949073195457458, "Agent5_Epoch1": 0.995353102684021, "Agent0_Epoch2": 0.04811429977416992, "Agent1_Epoch2": 0.33195722103118896, "Agent2_Epoch2": 0.33334314823150635, "Agent3_Epoch2": 0.333285391330719, "Agent4_Epoch2": 0.3327927589416504, "Agent5_Epoch2": 0.33336395025253296, "Agent0_Epoch3": 0.029388070106506348, "Agent1_Epoch3": 0.15814703702926636, "Agent2_Epoch3": 0.16032540798187256, "Agent3_Epoch3": 0.15629351139068604, "Agent4_Epoch3": 0.159356951713562, "Agent5_Epoch3": 0.15955698490142822, "Agent0_Epoch4": 0.020615220069885254, "Agent1_Epoch4": 0.08029133081436157, "Agent2_Epoch4": 0.08197885751724243, "Agent3_Epoch4": 0.08127331733703613, "Agent4_Epoch4": 0.08101516962051392, "Agent5_Epoch4": 0.08407443761825562, "Agent0_Epoch5": 0.015667319297790527, "Agent1_Epoch5": 0.046579837799072266, "Agent2_Epoch5": 0.04686540365219116, "Agent3_Epoch5": 0.0470271110534668, "Agent4_Epoch5": 0.04788440465927124, "Agent5_Epoch5": 0.0476531982421875, "Agent0_Epoch6": 0.012015104293823242, "Agent1_Epoch6": 0.028977274894714355, "Agent2_Epoch6": 0.028750300407409668, "Agent3_Epoch6": 0.029002130031585693, "Agent4_Epoch6": 0.029342710971832275, "Agent5_Epoch6": 0.029105663299560547, "Agent0_Epoch7": 0.009070813655853271, "Agent1_Epoch7": 0.018659651279449463, "Agent2_Epoch7": 0.018819332122802734, "Agent3_Epoch7": 0.01887422800064087, "Agent4_Epoch7": 0.01898413896560669, "Agent5_Epoch7": 0.01892232894897461, "Agent0_Epoch8": 0.007070183753967285, "Agent1_Epoch8": 0.012805402278900146, "Agent2_Epoch8": 0.01261591911315918, "Agent3_Epoch8": 0.012793958187103271, "Agent4_Epoch8": 0.012705385684967041, "Agent5_Epoch8": 0.01271355152130127, "Agent0_Epoch9": 0.005518078804016113, "Agent1_Epoch9": 0.009019613265991211, "Agent2_Epoch9": 0.009003281593322754, "Agent3_Epoch9": 0.009117484092712402, "Agent4_Epoch9": 0.00912487506866455, "Agent5_Epoch9": 0.008925795555114746, "Agent0_Epoch10": 0.004401564598083496, "Agent1_Epoch10": 0.00662684440612793, "Agent2_Epoch10": 0.006657600402832031, "Agent3_Epoch10": 0.0066925883293151855, "Agent4_Epoch10": 0.00676882266998291, "Agent5_Epoch10": 0.0065770745277404785, "Agent0_Epoch11": 0.003587484359741211, "Agent1_Epoch11": 0.005051851272583008, "Agent2_Epoch11": 0.005025744438171387, "Agent3_Epoch11": 0.005087435245513916, "Agent4_Epoch11": 0.005122363567352295, "Agent5_Epoch11": 0.005132853984832764, "Agent0_Epoch12": 0.003768324851989746, "Agent1_Epoch12": 0.005300045013427734, "Agent2_Epoch12": 0.005284130573272705, "Agent3_Epoch12": 0.005264759063720703, "Agent4_Epoch12": 0.005298018455505371, "Agent5_Epoch12": 0.005278527736663818, "Agent0_Epoch13": 0.003861665725708008, "Agent1_Epoch13": 0.005425989627838135, "Agent2_Epoch13": 0.005385935306549072, "Agent3_Epoch13": 0.005412578582763672, "Agent4_Epoch13": 0.0054351091384887695, "Agent5_Epoch13": 0.005395174026489258, "Agent0_Epoch14": 0.003916501998901367, "Agent1_Epoch14": 0.005499660968780518, "Agent2_Epoch14": 0.0054531097412109375, "Agent3_Epoch14": 0.005486547946929932, "Agent4_Epoch14": 0.005466759204864502, "Agent5_Epoch14": 0.0054877400398254395, "Agent0_Epoch15": 0.003959834575653076, "Agent1_Epoch15": 0.005558371543884277, "Agent2_Epoch15": 0.005506575107574463, "Agent3_Epoch15": 0.0055207014083862305, "Agent4_Epoch15": 0.005535602569580078, "Agent5_Epoch15": 0.005520641803741455, "Agent0_Epoch16": 0.003982186317443848, "Agent1_Epoch16": 0.005587518215179443, "Agent2_Epoch16": 0.0055547356605529785, "Agent3_Epoch16": 0.0055808424949646, "Agent4_Epoch16": 0.00557553768157959, "Agent5_Epoch16": 0.005568981170654297, "Agent0_Epoch17": 0.003999292850494385, "Agent1_Epoch17": 0.005610406398773193, "Agent2_Epoch17": 0.00560075044631958, "Agent3_Epoch17": 0.005611777305603027, "Agent4_Epoch17": 0.005614280700683594, "Agent5_Epoch17": 0.0056021809577941895, "Agent0_Epoch18": 0.004014372825622559, "Agent1_Epoch18": 0.005630612373352051, "Agent2_Epoch18": 0.005620181560516357, "Agent3_Epoch18": 0.005621910095214844, "Agent4_Epoch18": 0.005629122257232666, "Agent5_Epoch18": 0.0056340694427490234, "Agent0_Epoch19": 0.004026949405670166, "Agent1_Epoch19": 0.005647540092468262, "Agent2_Epoch19": 0.005635261535644531, "Agent3_Epoch19": 0.005636930465698242, "Agent4_Epoch19": 0.005640268325805664, "Agent5_Epoch19": 0.005645155906677246, "Agent0_Epoch20": 0.004035234451293945, "Agent1_Epoch20": 0.005658626556396484, "Agent2_Epoch20": 0.0056455135345458984, "Agent3_Epoch20": 0.005647003650665283, "Agent4_Epoch20": 0.005655646324157715, "Agent5_Epoch20": 0.0056517720222473145, "Agent0_Epoch21": 0.004037976264953613, "Agent1_Epoch21": 0.005662262439727783, "Agent2_Epoch21": 0.005658090114593506, "Agent3_Epoch21": 0.00565946102142334, "Agent4_Epoch21": 0.0056591033935546875, "Agent5_Epoch21": 0.0056601762771606445, "Agent0_Epoch22": 0.004041731357574463, "Agent1_Epoch22": 0.005667209625244141, "Agent2_Epoch22": 0.0056612491607666016, "Agent3_Epoch22": 0.005665421485900879, "Agent4_Epoch22": 0.005668580532073975, "Agent5_Epoch22": 0.005665481090545654, "Agent0_Epoch23": 0.004044055938720703, "Agent1_Epoch23": 0.005670607089996338, "Agent2_Epoch23": 0.005666553974151611, "Agent3_Epoch23": 0.005667626857757568, "Agent4_Epoch23": 0.00567173957824707, "Agent5_Epoch23": 0.005669534206390381, "Agent0_Epoch24": 0.004046261310577393, "Agent1_Epoch24": 0.005673408508300781, "Agent2_Epoch24": 0.005671262741088867, "Agent3_Epoch24": 0.005669891834259033, "Agent4_Epoch24": 0.005671083927154541, "Agent5_Epoch24": 0.005670130252838135, "Agent0_Epoch25": 0.0040468573570251465, "Agent1_Epoch25": 0.005674004554748535, "Agent2_Epoch25": 0.005672574043273926, "Agent3_Epoch25": 0.0056726932525634766, "Agent4_Epoch25": 0.005675017833709717, "Agent5_Epoch25": 0.005673468112945557, "Agent0_Epoch26": 0.0040476322174072266, "Agent1_Epoch26": 0.005675017833709717, "Agent2_Epoch26": 0.005674481391906738, "Agent3_Epoch26": 0.00567471981048584, "Agent4_Epoch26": 0.005675315856933594, "Agent5_Epoch26": 0.005675673484802246, "Agent0_Epoch27": 0.004048347473144531, "Agent1_Epoch27": 0.005675971508026123, "Agent2_Epoch27": 0.00567549467086792, "Agent3_Epoch27": 0.005675077438354492, "Agent4_Epoch27": 0.005676448345184326, "Agent5_Epoch27": 0.0056757330894470215, "Agent0_Epoch28": 0.004048764705657959, "Agent1_Epoch28": 0.005676627159118652, "Agent2_Epoch28": 0.005676567554473877, "Agent3_Epoch28": 0.005676090717315674, "Agent4_Epoch28": 0.005676627159118652, "Agent5_Epoch28": 0.005676448345184326, "Agent0_Epoch29": 0.004048943519592285, "Agent1_Epoch29": 0.005676925182342529, "Agent2_Epoch29": 0.005676567554473877, "Agent3_Epoch29": 0.005676686763763428, "Agent4_Epoch29": 0.005677223205566406, "Agent5_Epoch29": 0.005676746368408203, "Agent0_Epoch30": 0.004049360752105713, "Agent1_Epoch30": 0.005677402019500732, "Agent2_Epoch30": 0.00567704439163208, "Agent3_Epoch30": 0.0056771039962768555, "Agent4_Epoch30": 0.005677223205566406, "Agent5_Epoch30": 0.0056771039962768555}