{"E1_agent0_norm": 2.0799694061279297, "E1_agent1_norm": 2.18173885345459, "E1_agent2_norm": 2.254584550857544, "E1_agent3_norm": 2.0810887813568115, "E1_agent4_norm": 2.250147819519043, "E1_agent5_norm": 2.3316400051116943, "E2_agent0_norm": 0.44722265005111694, "E2_agent1_norm": 0.48029735684394836, "E2_agent2_norm": 0.3841665983200073, "E2_agent3_norm": 0.34994614124298096, "E2_agent4_norm": 0.4194132387638092, "E2_agent5_norm": 0.44461384415626526, "E3_agent0_norm": 0.796247124671936, "E3_agent1_norm": 0.5549144148826599, "E3_agent2_norm": 0.5525678992271423, "E3_agent3_norm": 0.5393438935279846, "E3_agent4_norm": 0.605458676815033, "E3_agent5_norm": 0.5885617733001709, "E4_agent0_norm": 0.610328733921051, "E4_agent1_norm": 0.5505722165107727, "E4_agent2_norm": 0.4772082269191742, "E4_agent3_norm": 0.529187798500061, "E4_agent4_norm": 0.5044424533843994, "E4_agent5_norm": 0.5363402366638184, "E5_agent0_norm": 0.44110411405563354, "E5_agent1_norm": 0.38131335377693176, "E5_agent2_norm": 0.36642441153526306, "E5_agent3_norm": 0.3560914397239685, "E5_agent4_norm": 0.3871675133705139, "E5_agent5_norm": 0.37702858448028564, "E6_agent0_norm": 0.346962571144104, "E6_agent1_norm": 0.29519760608673096, "E6_agent2_norm": 0.28546884655952454, "E6_agent3_norm": 0.2706778943538666, "E6_agent4_norm": 0.2793954610824585, "E6_agent5_norm": 0.27710020542144775, "E7_agent0_norm": 0.27855953574180603, "E7_agent1_norm": 0.1997586339712143, "E7_agent2_norm": 0.20076288282871246, "E7_agent3_norm": 0.198228657245636, "E7_agent4_norm": 0.1980622559785843, "E7_agent5_norm": 0.19505485892295837, "E8_agent0_norm": 0.2394506186246872, "E8_agent1_norm": 0.14584852755069733, "E8_agent2_norm": 0.154541477560997, "E8_agent3_norm": 0.14798380434513092, "E8_agent4_norm": 0.14664655923843384, "E8_agent5_norm": 0.1488252431154251, "E9_agent0_norm": 0.2077954113483429, "E9_agent1_norm": 0.11160372942686081, "E9_agent2_norm": 0.11853155493736267, "E9_agent3_norm": 0.11032438278198242, "E9_agent4_norm": 0.11566821485757828, "E9_agent5_norm": 0.10800047218799591, "E10_agent0_norm": 0.2055230736732483, "E10_agent1_norm": 0.08305332064628601, "E10_agent2_norm": 0.0950944796204567, "E10_agent3_norm": 0.08473750948905945, "E10_agent4_norm": 0.0844038873910904, "E10_agent5_norm": 0.08688883483409882, "E11_agent0_norm": 0.182545006275177, "E11_agent1_norm": 0.06349734216928482, "E11_agent2_norm": 0.06976677477359772, "E11_agent3_norm": 0.06929228454828262, "E11_agent4_norm": 0.07283123582601547, "E11_agent5_norm": 0.06389620900154114, "E12_agent0_norm": 0.04631767049431801, "E12_agent1_norm": 0.03888482600450516, "E12_agent2_norm": 0.041366927325725555, "E12_agent3_norm": 0.03719973564147949, "E12_agent4_norm": 0.036860547959804535, "E12_agent5_norm": 0.039899054914712906, "E13_agent0_norm": 0.03030899539589882, "E13_agent1_norm": 0.028829578310251236, "E13_agent2_norm": 0.029565922915935516, "E13_agent3_norm": 0.026796748861670494, "E13_agent4_norm": 0.027254411950707436, "E13_agent5_norm": 0.026766467839479446, "E14_agent0_norm": 0.020279210060834885, "E14_agent1_norm": 0.018404865637421608, "E14_agent2_norm": 0.022307248786091805, "E14_agent3_norm": 0.019819770008325577, "E14_agent4_norm": 0.020156130194664, "E14_agent5_norm": 0.019602274522185326, "E15_agent0_norm": 0.014030964113771915, "E15_agent1_norm": 0.014778457581996918, "E15_agent2_norm": 0.015561849810183048, "E15_agent3_norm": 0.013071342371404171, "E15_agent4_norm": 0.013504449278116226, "E15_agent5_norm": 0.015386756509542465, "E16_agent0_norm": 0.010164933279156685, "E16_agent1_norm": 0.009822545573115349, "E16_agent2_norm": 0.010433359071612358, "E16_agent3_norm": 0.010485834442079067, "E16_agent4_norm": 0.010321446694433689, "E16_agent5_norm": 0.010292433202266693, "E17_agent0_norm": 0.007273942697793245, "E17_agent1_norm": 0.007165051065385342, "E17_agent2_norm": 0.00809745118021965, "E17_agent3_norm": 0.006973526440560818, "E17_agent4_norm": 0.007133776322007179, "E17_agent5_norm": 0.007331226021051407, "E18_agent0_norm": 0.0051083131693303585, "E18_agent1_norm": 0.005221229512244463, "E18_agent2_norm": 0.005316370632499456, "E18_agent3_norm": 0.00497906981036067, "E18_agent4_norm": 0.005405216943472624, "E18_agent5_norm": 0.005366441328078508, "E19_agent0_norm": 0.0037225522100925446, "E19_agent1_norm": 0.0036661052145063877, "E19_agent2_norm": 0.004112426657229662, "E19_agent3_norm": 0.0038566975854337215, "E19_agent4_norm": 0.003857548115774989, "E19_agent5_norm": 0.0038647681940346956, "E20_agent0_norm": 0.0025578911881893873, "E20_agent1_norm": 0.0026319294702261686, "E20_agent2_norm": 0.0026205379981547594, "E20_agent3_norm": 0.0025949240662157536, "E20_agent4_norm": 0.0028736141975969076, "E20_agent5_norm": 0.0026737123262137175, "E21_agent0_norm": 0.0018206345848739147, "E21_agent1_norm": 0.0018399475375190377, "E21_agent2_norm": 0.0020989589393138885, "E21_agent3_norm": 0.0021109518129378557, "E21_agent4_norm": 0.0020968501921743155, "E21_agent5_norm": 0.002069483045488596, "E22_agent0_norm": 0.0012351690093055367, "E22_agent1_norm": 0.0013372126268222928, "E22_agent2_norm": 0.0018907353514805436, "E22_agent3_norm": 0.001423043548129499, "E22_agent4_norm": 0.0014416371705010533, "E22_agent5_norm": 0.0012861653231084347, "E23_agent0_norm": 0.0009225640096701682, "E23_agent1_norm": 0.0009836803656071424, "E23_agent2_norm": 0.0010469312546774745, "E23_agent3_norm": 0.0008868726436048746, "E23_agent4_norm": 0.0009420366259291768, "E23_agent5_norm": 0.0009637947077862918, "E24_agent0_norm": 0.0006524260388687253, "E24_agent1_norm": 0.0006781776319257915, "E24_agent2_norm": 0.0008149804198183119, "E24_agent3_norm": 0.0008135315729305148, "E24_agent4_norm": 0.0007098634960129857, "E24_agent5_norm": 0.0006486924248747528, "E25_agent0_norm": 0.0004625660367310047, "E25_agent1_norm": 0.000490604666993022, "E25_agent2_norm": 0.000587803078815341, "E25_agent3_norm": 0.0005469369352795184, "E25_agent4_norm": 0.00047590097528882325, "E25_agent5_norm": 0.0005048435996286571, "E26_agent0_norm": 0.0003278265066910535, "E26_agent1_norm": 0.0004243800649419427, "E26_agent2_norm": 0.00042116219992749393, "E26_agent3_norm": 0.00030061107827350497, "E26_agent4_norm": 0.00032983935670927167, "E26_agent5_norm": 0.0003409970668144524, "E27_agent0_norm": 0.00023019003856461495, "E27_agent1_norm": 0.00024399902031291276, "E27_agent2_norm": 0.0002672836708370596, "E27_agent3_norm": 0.00023733715352136642, "E27_agent4_norm": 0.00022180043742991984, "E27_agent5_norm": 0.00023431725276168436, "E28_agent0_norm": 0.0001636688393773511, "E28_agent1_norm": 0.00017387501429766417, "E28_agent2_norm": 0.00020691088866442442, "E28_agent3_norm": 0.00017096557712648064, "E28_agent4_norm": 0.00018285283294972032, "E28_agent5_norm": 0.00018229175475426018, "E29_agent0_norm": 0.00011573504889383912, "E29_agent1_norm": 0.00012146906374255195, "E29_agent2_norm": 0.0001424733200110495, "E29_agent3_norm": 0.00012621001224033535, "E29_agent4_norm": 0.00011970321793342009, "E29_agent5_norm": 0.000124725338537246, "E30_agent0_norm": 7.604777783853933e-05, "E30_agent1_norm": 9.189682896248996e-05, "E30_agent2_norm": 8.482579869451001e-05, "E30_agent3_norm": 8.38623454910703e-05, "E30_agent4_norm": 9.784858411876485e-05, "E30_agent5_norm": 7.463199290214106e-05}