{"E1_agent0_norm": 2.08555006980896, "E1_agent1_norm": 2.4245498180389404, "E1_agent2_norm": 2.186908483505249, "E1_agent3_norm": 2.0449116230010986, "E1_agent4_norm": 2.276322364807129, "E1_agent5_norm": 2.003255844116211, "E2_agent0_norm": 0.25877508521080017, "E2_agent1_norm": 0.2398863583803177, "E2_agent2_norm": 0.24512533843517303, "E2_agent3_norm": 0.26920831203460693, "E2_agent4_norm": 0.26110079884529114, "E2_agent5_norm": 0.2792219817638397, "E3_agent0_norm": 0.4223881959915161, "E3_agent1_norm": 0.3242814540863037, "E3_agent2_norm": 0.28646963834762573, "E3_agent3_norm": 0.3021000325679779, "E3_agent4_norm": 0.34115004539489746, "E3_agent5_norm": 0.35209283232688904, "E4_agent0_norm": 0.5442190170288086, "E4_agent1_norm": 0.3698059916496277, "E4_agent2_norm": 0.3680652976036072, "E4_agent3_norm": 0.3629818856716156, "E4_agent4_norm": 0.3658459782600403, "E4_agent5_norm": 0.35728543996810913, "E5_agent0_norm": 0.4407314658164978, "E5_agent1_norm": 0.30886489152908325, "E5_agent2_norm": 0.32492056488990784, "E5_agent3_norm": 0.28270378708839417, "E5_agent4_norm": 0.31742826104164124, "E5_agent5_norm": 0.28889092803001404, "E6_agent0_norm": 0.37332218885421753, "E6_agent1_norm": 0.2515667676925659, "E6_agent2_norm": 0.21791695058345795, "E6_agent3_norm": 0.24547743797302246, "E6_agent4_norm": 0.2602069675922394, "E6_agent5_norm": 0.25331732630729675, "E7_agent0_norm": 0.3101743459701538, "E7_agent1_norm": 0.18679171800613403, "E7_agent2_norm": 0.1908148229122162, "E7_agent3_norm": 0.1892009973526001, "E7_agent4_norm": 0.197817862033844, "E7_agent5_norm": 0.1846567988395691, "E8_agent0_norm": 0.24708768725395203, "E8_agent1_norm": 0.14193464815616608, "E8_agent2_norm": 0.14825491607189178, "E8_agent3_norm": 0.14265049993991852, "E8_agent4_norm": 0.14351683855056763, "E8_agent5_norm": 0.13255079090595245, "E9_agent0_norm": 0.22430600225925446, "E9_agent1_norm": 0.10162133723497391, "E9_agent2_norm": 0.10758298635482788, "E9_agent3_norm": 0.10034125298261642, "E9_agent4_norm": 0.10311499238014221, "E9_agent5_norm": 0.10666214674711227, "E10_agent0_norm": 0.20524123311042786, "E10_agent1_norm": 0.08206471055746078, "E10_agent2_norm": 0.08685553073883057, "E10_agent3_norm": 0.07520019263029099, "E10_agent4_norm": 0.08838467299938202, "E10_agent5_norm": 0.07941128313541412, "E11_agent0_norm": 0.19292420148849487, "E11_agent1_norm": 0.0640086680650711, "E11_agent2_norm": 0.06880191713571548, "E11_agent3_norm": 0.0601651594042778, "E11_agent4_norm": 0.06712531298398972, "E11_agent5_norm": 0.06612174212932587, "E12_agent0_norm": 0.04983669891953468, "E12_agent1_norm": 0.04251011088490486, "E12_agent2_norm": 0.041531793773174286, "E12_agent3_norm": 0.039636749774217606, "E12_agent4_norm": 0.038712576031684875, "E12_agent5_norm": 0.04267727583646774, "E13_agent0_norm": 0.03384316340088844, "E13_agent1_norm": 0.0333813838660717, "E13_agent2_norm": 0.030268333852291107, "E13_agent3_norm": 0.03400009498000145, "E13_agent4_norm": 0.028685618191957474, "E13_agent5_norm": 0.03096211701631546, "E14_agent0_norm": 0.02284332364797592, "E14_agent1_norm": 0.022969776764512062, "E14_agent2_norm": 0.021997546777129173, "E14_agent3_norm": 0.02082885429263115, "E14_agent4_norm": 0.019707275554537773, "E14_agent5_norm": 0.021063847467303276, "E15_agent0_norm": 0.01590432971715927, "E15_agent1_norm": 0.01608121208846569, "E15_agent2_norm": 0.014992075972259045, "E15_agent3_norm": 0.01550496555864811, "E15_agent4_norm": 0.015787195414304733, "E15_agent5_norm": 0.015719616785645485, "E16_agent0_norm": 0.011220124550163746, "E16_agent1_norm": 0.013183326460421085, "E16_agent2_norm": 0.010780660435557365, "E16_agent3_norm": 0.01158706471323967, "E16_agent4_norm": 0.010161878541111946, "E16_agent5_norm": 0.011000928469002247, "E17_agent0_norm": 0.00807228684425354, "E17_agent1_norm": 0.007678821682929993, "E17_agent2_norm": 0.007469056639820337, "E17_agent3_norm": 0.009213032200932503, "E17_agent4_norm": 0.007689322344958782, "E17_agent5_norm": 0.007579730823636055, "E18_agent0_norm": 0.005738550331443548, "E18_agent1_norm": 0.006933992728590965, "E18_agent2_norm": 0.006458152551203966, "E18_agent3_norm": 0.007382149342447519, "E18_agent4_norm": 0.005670475773513317, "E18_agent5_norm": 0.006182592827826738, "E19_agent0_norm": 0.003817571559920907, "E19_agent1_norm": 0.004200269002467394, "E19_agent2_norm": 0.004190893843770027, "E19_agent3_norm": 0.005026415456086397, "E19_agent4_norm": 0.003784504719078541, "E19_agent5_norm": 0.004039360675960779, "E20_agent0_norm": 0.002949084620922804, "E20_agent1_norm": 0.003051804844290018, "E20_agent2_norm": 0.00292587629519403, "E20_agent3_norm": 0.002718608360737562, "E20_agent4_norm": 0.00277130794711411, "E20_agent5_norm": 0.0026624412275850773, "E21_agent0_norm": 0.002033799421042204, "E21_agent1_norm": 0.002441483549773693, "E21_agent2_norm": 0.001953884493559599, "E21_agent3_norm": 0.002297923667356372, "E21_agent4_norm": 0.0019466743106022477, "E21_agent5_norm": 0.00247679534368217, "E22_agent0_norm": 0.0013854621211066842, "E22_agent1_norm": 0.001664788112975657, "E22_agent2_norm": 0.0017466965364292264, "E22_agent3_norm": 0.0016442440683022141, "E22_agent4_norm": 0.0013175599742680788, "E22_agent5_norm": 0.0013459193287417293, "E23_agent0_norm": 0.0010275760432705283, "E23_agent1_norm": 0.0011162908049300313, "E23_agent2_norm": 0.0009708723518997431, "E23_agent3_norm": 0.00130022584926337, "E23_agent4_norm": 0.0011545905144885182, "E23_agent5_norm": 0.0010507821571081877, "E24_agent0_norm": 0.0007056687609292567, "E24_agent1_norm": 0.0009017515112645924, "E24_agent2_norm": 0.0008007504511624575, "E24_agent3_norm": 0.0007706075557507575, "E24_agent4_norm": 0.0008383113308809698, "E24_agent5_norm": 0.0006808796897530556, "E25_agent0_norm": 0.0004956693155691028, "E25_agent1_norm": 0.000623813655693084, "E25_agent2_norm": 0.0005593704991042614, "E25_agent3_norm": 0.0005774829187430441, "E25_agent4_norm": 0.000522201822604984, "E25_agent5_norm": 0.0006496348651126027, "E26_agent0_norm": 0.000352328090230003, "E26_agent1_norm": 0.00038190255872905254, "E26_agent2_norm": 0.0004455254238564521, "E26_agent3_norm": 0.00046691190800629556, "E26_agent4_norm": 0.00032410884159617126, "E26_agent5_norm": 0.0003868859203066677, "E27_agent0_norm": 0.00025174993788823485, "E27_agent1_norm": 0.00033968532807193696, "E27_agent2_norm": 0.00027041503926739097, "E27_agent3_norm": 0.00031482966733165085, "E27_agent4_norm": 0.00025616984930820763, "E27_agent5_norm": 0.0002887829323299229, "E28_agent0_norm": 0.00017621254664845765, "E28_agent1_norm": 0.00020145734015386552, "E28_agent2_norm": 0.00019781931769102812, "E28_agent3_norm": 0.0002156500268029049, "E28_agent4_norm": 0.0002047138405032456, "E28_agent5_norm": 0.00018726852431427687, "E29_agent0_norm": 0.00012611219426617026, "E29_agent1_norm": 0.00016971651348285377, "E29_agent2_norm": 0.00015034091484267265, "E29_agent3_norm": 0.00016786066407803446, "E29_agent4_norm": 0.00013935028982814401, "E29_agent5_norm": 0.00011721181363100186, "E30_agent0_norm": 8.906434231903404e-05, "E30_agent1_norm": 9.58857563091442e-05, "E30_agent2_norm": 0.00010471511632204056, "E30_agent3_norm": 0.00010160483361687511, "E30_agent4_norm": 0.00010536580521147698, "E30_agent5_norm": 8.223678742069751e-05}