{"E1_agent0_norm": 2.075526237487793, "E1_agent1_norm": 2.0684633255004883, "E1_agent2_norm": 1.9943389892578125, "E1_agent3_norm": 2.2393524646759033, "E1_agent4_norm": 2.087766647338867, "E1_agent5_norm": 2.241610527038574, "E2_agent0_norm": 0.4399043619632721, "E2_agent1_norm": 0.3359355628490448, "E2_agent2_norm": 0.3788246810436249, "E2_agent3_norm": 0.37255412340164185, "E2_agent4_norm": 0.3551039397716522, "E2_agent5_norm": 0.423856258392334, "E3_agent0_norm": 0.7793580889701843, "E3_agent1_norm": 0.4677424430847168, "E3_agent2_norm": 0.5950533747673035, "E3_agent3_norm": 0.532990574836731, "E3_agent4_norm": 0.511694073677063, "E3_agent5_norm": 0.581645131111145, "E4_agent0_norm": 0.6880117654800415, "E4_agent1_norm": 0.546616792678833, "E4_agent2_norm": 0.5739219188690186, "E4_agent3_norm": 0.547307550907135, "E4_agent4_norm": 0.513753354549408, "E4_agent5_norm": 0.5725952982902527, "E5_agent0_norm": 0.4510234594345093, "E5_agent1_norm": 0.4023853838443756, "E5_agent2_norm": 0.3932817876338959, "E5_agent3_norm": 0.3992902934551239, "E5_agent4_norm": 0.4097338914871216, "E5_agent5_norm": 0.41149988770484924, "E6_agent0_norm": 0.3477817177772522, "E6_agent1_norm": 0.2819311022758484, "E6_agent2_norm": 0.2991291582584381, "E6_agent3_norm": 0.30207788944244385, "E6_agent4_norm": 0.28628164529800415, "E6_agent5_norm": 0.29346758127212524, "E7_agent0_norm": 0.2789444625377655, "E7_agent1_norm": 0.19778677821159363, "E7_agent2_norm": 0.20179371535778046, "E7_agent3_norm": 0.195590540766716, "E7_agent4_norm": 0.17276638746261597, "E7_agent5_norm": 0.20023813843727112, "E8_agent0_norm": 0.24990957975387573, "E8_agent1_norm": 0.14966818690299988, "E8_agent2_norm": 0.14742980897426605, "E8_agent3_norm": 0.13891488313674927, "E8_agent4_norm": 0.14372161030769348, "E8_agent5_norm": 0.15213307738304138, "E9_agent0_norm": 0.2179744988679886, "E9_agent1_norm": 0.11025892943143845, "E9_agent2_norm": 0.10745017975568771, "E9_agent3_norm": 0.10483546555042267, "E9_agent4_norm": 0.10220017284154892, "E9_agent5_norm": 0.1111038401722908, "E10_agent0_norm": 0.21298055350780487, "E10_agent1_norm": 0.08297298848628998, "E10_agent2_norm": 0.08539965748786926, "E10_agent3_norm": 0.08081357926130295, "E10_agent4_norm": 0.07814942300319672, "E10_agent5_norm": 0.08343474566936493, "E11_agent0_norm": 0.059646837413311005, "E11_agent1_norm": 0.05299418792128563, "E11_agent2_norm": 0.053425781428813934, "E11_agent3_norm": 0.04891868308186531, "E11_agent4_norm": 0.05094197764992714, "E11_agent5_norm": 0.048782702535390854, "E12_agent0_norm": 0.03821491450071335, "E12_agent1_norm": 0.03903580456972122, "E12_agent2_norm": 0.03304168954491615, "E12_agent3_norm": 0.037012409418821335, "E12_agent4_norm": 0.04185672849416733, "E12_agent5_norm": 0.04067859426140785, "E13_agent0_norm": 0.027123451232910156, "E13_agent1_norm": 0.028537839651107788, "E13_agent2_norm": 0.024948514997959137, "E13_agent3_norm": 0.028641635552048683, "E13_agent4_norm": 0.03014722838997841, "E13_agent5_norm": 0.02825935184955597, "E14_agent0_norm": 0.01972920075058937, "E14_agent1_norm": 0.018154187127947807, "E14_agent2_norm": 0.01796882040798664, "E14_agent3_norm": 0.019091051071882248, "E14_agent4_norm": 0.021410176530480385, "E14_agent5_norm": 0.020248359069228172, "E15_agent0_norm": 0.013371173292398453, "E15_agent1_norm": 0.01541855838149786, "E15_agent2_norm": 0.013484098948538303, "E15_agent3_norm": 0.013380325399339199, "E15_agent4_norm": 0.015758121386170387, "E15_agent5_norm": 0.013634799048304558, "E16_agent0_norm": 0.00951483566313982, "E16_agent1_norm": 0.012872756458818913, "E16_agent2_norm": 0.011042189784348011, "E16_agent3_norm": 0.009535154327750206, "E16_agent4_norm": 0.011480594053864479, "E16_agent5_norm": 0.009866747073829174, "E17_agent0_norm": 0.006824611686170101, "E17_agent1_norm": 0.007828829810023308, "E17_agent2_norm": 0.006686307489871979, "E17_agent3_norm": 0.007560683414340019, "E17_agent4_norm": 0.00710486713796854, "E17_agent5_norm": 0.008033961988985538, "E18_agent0_norm": 0.0048474520444869995, "E18_agent1_norm": 0.005934228654950857, "E18_agent2_norm": 0.005925814621150494, "E18_agent3_norm": 0.005232668481767178, "E18_agent4_norm": 0.005629120860248804, "E18_agent5_norm": 0.005237850826233625, "E19_agent0_norm": 0.0034759072586894035, "E19_agent1_norm": 0.0041299303993582726, "E19_agent2_norm": 0.0044702221639454365, "E19_agent3_norm": 0.003881586715579033, "E19_agent4_norm": 0.0038441382348537445, "E19_agent5_norm": 0.0037065530195832253, "E20_agent0_norm": 0.0025015457067638636, "E20_agent1_norm": 0.003042935160920024, "E20_agent2_norm": 0.0025981946382671595, "E20_agent3_norm": 0.0026612896472215652, "E20_agent4_norm": 0.002815624000504613, "E20_agent5_norm": 0.0027828991878777742, "E21_agent0_norm": 0.0017357257893308997, "E21_agent1_norm": 0.002213844330981374, "E21_agent2_norm": 0.0021272313315421343, "E21_agent3_norm": 0.0018931031227111816, "E21_agent4_norm": 0.0023046883288770914, "E21_agent5_norm": 0.001956683350726962, "E22_agent0_norm": 0.0012454934185370803, "E22_agent1_norm": 0.0015721009112894535, "E22_agent2_norm": 0.0016287966864183545, "E22_agent3_norm": 0.0014911502366885543, "E22_agent4_norm": 0.0015398120740428567, "E22_agent5_norm": 0.0013924393570050597, "E23_agent0_norm": 0.0008471663459204137, "E23_agent1_norm": 0.0011478083906695247, "E23_agent2_norm": 0.0008717901655472815, "E23_agent3_norm": 0.0009086261852644384, "E23_agent4_norm": 0.0009743848931975663, "E23_agent5_norm": 0.0010062821675091982, "E24_agent0_norm": 0.0006292100297287107, "E24_agent1_norm": 0.0008168002823367715, "E24_agent2_norm": 0.0007594208000227809, "E24_agent3_norm": 0.0007340069278143346, "E24_agent4_norm": 0.0008124232990667224, "E24_agent5_norm": 0.0007425295189023018, "E25_agent0_norm": 0.00043058747542090714, "E25_agent1_norm": 0.0005095361266285181, "E25_agent2_norm": 0.0004445322847459465, "E25_agent3_norm": 0.00046191547880880535, "E25_agent4_norm": 0.0005254296120256186, "E25_agent5_norm": 0.00044514620094560087, "E26_agent0_norm": 0.0003120799665339291, "E26_agent1_norm": 0.00042110265349037945, "E26_agent2_norm": 0.000359936646418646, "E26_agent3_norm": 0.0003289021260570735, "E26_agent4_norm": 0.0003678995999507606, "E26_agent5_norm": 0.00033558119321241975, "E27_agent0_norm": 0.00020581994613166898, "E27_agent1_norm": 0.00025557572371326387, "E27_agent2_norm": 0.0002654478885233402, "E27_agent3_norm": 0.00021687506523448974, "E27_agent4_norm": 0.000258274027146399, "E27_agent5_norm": 0.00022018792515154928, "E28_agent0_norm": 0.00015537744911853224, "E28_agent1_norm": 0.00019524715025909245, "E28_agent2_norm": 0.00018331350293010473, "E28_agent3_norm": 0.00018367628217674792, "E28_agent4_norm": 0.00018490044749341905, "E28_agent5_norm": 0.00019739478011615574, "E29_agent0_norm": 0.00011234527482884005, "E29_agent1_norm": 0.0001410591503372416, "E29_agent2_norm": 0.00011789722339017317, "E29_agent3_norm": 0.00011547078611329198, "E29_agent4_norm": 0.00011868107685586438, "E29_agent5_norm": 0.00010993651085300371, "E30_agent0_norm": 7.554962212452665e-05, "E30_agent1_norm": 8.55357720865868e-05, "E30_agent2_norm": 8.589461504016072e-05, "E30_agent3_norm": 8.159931167028844e-05, "E30_agent4_norm": 9.685773693490773e-05, "E30_agent5_norm": 8.348438859684393e-05}