{"Agent0_Epoch1": 0.2884042263031006, "Agent1_Epoch1": 0.29727619886398315, "Agent2_Epoch1": 0.9886932373046875, "Agent3_Epoch1": 0.9964538216590881, "Agent4_Epoch1": 0.9875573515892029, "Agent5_Epoch1": 0.9932679533958435, "Agent0_Epoch2": 0.048056960105895996, "Agent1_Epoch2": 0.33386504650115967, "Agent2_Epoch2": 0.3354787230491638, "Agent3_Epoch2": 0.334842324256897, "Agent4_Epoch2": 0.3341054320335388, "Agent5_Epoch2": 0.33523088693618774, "Agent0_Epoch3": 0.029699206352233887, "Agent1_Epoch3": 0.15891236066818237, "Agent2_Epoch3": 0.16084080934524536, "Agent3_Epoch3": 0.15973323583602905, "Agent4_Epoch3": 0.15957850217819214, "Agent5_Epoch3": 0.16008830070495605, "Agent0_Epoch4": 0.020978212356567383, "Agent1_Epoch4": 0.08159303665161133, "Agent2_Epoch4": 0.08332264423370361, "Agent3_Epoch4": 0.08381670713424683, "Agent4_Epoch4": 0.08394169807434082, "Agent5_Epoch4": 0.08333802223205566, "Agent0_Epoch5": 0.01570737361907959, "Agent1_Epoch5": 0.04663491249084473, "Agent2_Epoch5": 0.04832649230957031, "Agent3_Epoch5": 0.048253536224365234, "Agent4_Epoch5": 0.048994243144989014, "Agent5_Epoch5": 0.04758042097091675, "Agent0_Epoch6": 0.011729836463928223, "Agent1_Epoch6": 0.028379857540130615, "Agent2_Epoch6": 0.029341936111450195, "Agent3_Epoch6": 0.02927476167678833, "Agent4_Epoch6": 0.029263615608215332, "Agent5_Epoch6": 0.028849482536315918, "Agent0_Epoch7": 0.008822798728942871, "Agent1_Epoch7": 0.018189549446105957, "Agent2_Epoch7": 0.018608570098876953, "Agent3_Epoch7": 0.01871311664581299, "Agent4_Epoch7": 0.018837809562683105, "Agent5_Epoch7": 0.018637537956237793, "Agent0_Epoch8": 0.006742894649505615, "Agent1_Epoch8": 0.012224018573760986, "Agent2_Epoch8": 0.011900782585144043, "Agent3_Epoch8": 0.012382745742797852, "Agent4_Epoch8": 0.012612223625183105, "Agent5_Epoch8": 0.012036144733428955, "Agent0_Epoch9": 0.005195260047912598, "Agent1_Epoch9": 0.008506953716278076, "Agent2_Epoch9": 0.008593440055847168, "Agent3_Epoch9": 0.008266329765319824, "Agent4_Epoch9": 0.008609533309936523, "Agent5_Epoch9": 0.00853949785232544, "Agent0_Epoch10": 0.0040877461433410645, "Agent1_Epoch10": 0.006160080432891846, "Agent2_Epoch10": 0.006156563758850098, "Agent3_Epoch10": 0.006216824054718018, "Agent4_Epoch10": 0.006275355815887451, "Agent5_Epoch10": 0.006237626075744629, "Agent0_Epoch11": 0.0033097267150878906, "Agent1_Epoch11": 0.004660904407501221, "Agent2_Epoch11": 0.00468975305557251, "Agent3_Epoch11": 0.004555761814117432, "Agent4_Epoch11": 0.004751443862915039, "Agent5_Epoch11": 0.004657387733459473, "Agent0_Epoch12": 0.003441154956817627, "Agent1_Epoch12": 0.004841148853302002, "Agent2_Epoch12": 0.004822432994842529, "Agent3_Epoch12": 0.004849731922149658, "Agent4_Epoch12": 0.004927456378936768, "Agent5_Epoch12": 0.004839122295379639, "Agent0_Epoch13": 0.0035209059715270996, "Agent1_Epoch13": 0.004948973655700684, "Agent2_Epoch13": 0.004900753498077393, "Agent3_Epoch13": 0.004972398281097412, "Agent4_Epoch13": 0.005019843578338623, "Agent5_Epoch13": 0.004951179027557373, "Agent0_Epoch14": 0.0035750865936279297, "Agent1_Epoch14": 0.00502169132232666, "Agent2_Epoch14": 0.005021452903747559, "Agent3_Epoch14": 0.005024254322052002, "Agent4_Epoch14": 0.0050923824310302734, "Agent5_Epoch14": 0.005015194416046143, "Agent0_Epoch15": 0.0036173462867736816, "Agent1_Epoch15": 0.005078554153442383, "Agent2_Epoch15": 0.005080044269561768, "Agent3_Epoch15": 0.005080223083496094, "Agent4_Epoch15": 0.005116105079650879, "Agent5_Epoch15": 0.005070865154266357, "Agent0_Epoch16": 0.0036453604698181152, "Agent1_Epoch16": 0.005116462707519531, "Agent2_Epoch16": 0.005113184452056885, "Agent3_Epoch16": 0.005123734474182129, "Agent4_Epoch16": 0.005157649517059326, "Agent5_Epoch16": 0.00512009859085083, "Agent0_Epoch17": 0.0036670565605163574, "Agent1_Epoch17": 0.005145609378814697, "Agent2_Epoch17": 0.00515437126159668, "Agent3_Epoch17": 0.005149900913238525, "Agent4_Epoch17": 0.005169570446014404, "Agent5_Epoch17": 0.0051451921463012695, "Agent0_Epoch18": 0.003681004047393799, "Agent1_Epoch18": 0.0051642656326293945, "Agent2_Epoch18": 0.005169391632080078, "Agent3_Epoch18": 0.005165219306945801, "Agent4_Epoch18": 0.0051836371421813965, "Agent5_Epoch18": 0.0051659345626831055, "Agent0_Epoch19": 0.003692626953125, "Agent1_Epoch19": 0.005180060863494873, "Agent2_Epoch19": 0.005178689956665039, "Agent3_Epoch19": 0.005182921886444092, "Agent4_Epoch19": 0.005188584327697754, "Agent5_Epoch19": 0.0051763057708740234, "Agent0_Epoch20": 0.0036992430686950684, "Agent1_Epoch20": 0.005189001560211182, "Agent2_Epoch20": 0.005192458629608154, "Agent3_Epoch20": 0.005189359188079834, "Agent4_Epoch20": 0.005197405815124512, "Agent5_Epoch20": 0.005184769630432129, "Agent0_Epoch21": 0.003703892230987549, "Agent1_Epoch21": 0.005195438861846924, "Agent2_Epoch21": 0.005195319652557373, "Agent3_Epoch21": 0.005197346210479736, "Agent4_Epoch21": 0.005202531814575195, "Agent5_Epoch21": 0.005195677280426025, "Agent0_Epoch22": 0.003708183765411377, "Agent1_Epoch22": 0.005201101303100586, "Agent2_Epoch22": 0.005200386047363281, "Agent3_Epoch22": 0.005199432373046875, "Agent4_Epoch22": 0.005203068256378174, "Agent5_Epoch22": 0.005200028419494629, "Agent0_Epoch23": 0.003710150718688965, "Agent1_Epoch23": 0.005203723907470703, "Agent2_Epoch23": 0.005204260349273682, "Agent3_Epoch23": 0.005206167697906494, "Agent4_Epoch23": 0.0052075982093811035, "Agent5_Epoch23": 0.005203425884246826, "Agent0_Epoch24": 0.0037122368812561035, "Agent1_Epoch24": 0.00520634651184082, "Agent2_Epoch24": 0.005206584930419922, "Agent3_Epoch24": 0.00520634651184082, "Agent4_Epoch24": 0.005207657814025879, "Agent5_Epoch24": 0.00520634651184082, "Agent0_Epoch25": 0.003713369369506836, "Agent1_Epoch25": 0.005207955837249756, "Agent2_Epoch25": 0.005208194255828857, "Agent3_Epoch25": 0.005208313465118408, "Agent4_Epoch25": 0.005209505558013916, "Agent5_Epoch25": 0.005207955837249756, "Agent0_Epoch26": 0.003714144229888916, "Agent1_Epoch26": 0.005209088325500488, "Agent2_Epoch26": 0.005208730697631836, "Agent3_Epoch26": 0.005209207534790039, "Agent4_Epoch26": 0.0052106380462646484, "Agent5_Epoch26": 0.005208611488342285, "Agent0_Epoch27": 0.00371474027633667, "Agent1_Epoch27": 0.005209743976593018, "Agent2_Epoch27": 0.005210220813751221, "Agent3_Epoch27": 0.005209863185882568, "Agent4_Epoch27": 0.005210697650909424, "Agent5_Epoch27": 0.005209982395172119, "Agent0_Epoch28": 0.0037150979042053223, "Agent1_Epoch28": 0.005210459232330322, "Agent2_Epoch28": 0.005210578441619873, "Agent3_Epoch28": 0.0052103400230407715, "Agent4_Epoch28": 0.005210936069488525, "Agent5_Epoch28": 0.005210220813751221, "Agent0_Epoch29": 0.0037153959274291992, "Agent1_Epoch29": 0.005210816860198975, "Agent2_Epoch29": 0.005211055278778076, "Agent3_Epoch29": 0.005210816860198975, "Agent4_Epoch29": 0.005211174488067627, "Agent5_Epoch29": 0.005210697650909424, "Agent0_Epoch30": 0.003715813159942627, "Agent1_Epoch30": 0.005211174488067627, "Agent2_Epoch30": 0.005211055278778076, "Agent3_Epoch30": 0.005211174488067627, "Agent4_Epoch30": 0.005211532115936279, "Agent5_Epoch30": 0.005210936069488525}