{"Agent0_Epoch1": 0.2976304888725281, "Agent1_Epoch1": 0.29073452949523926, "Agent2_Epoch1": 0.9993367195129395, "Agent3_Epoch1": 0.9938279986381531, "Agent4_Epoch1": 0.9968202710151672, "Agent5_Epoch1": 0.9903725981712341, "Agent0_Epoch2": 0.0491672158241272, "Agent1_Epoch2": 0.3313295841217041, "Agent2_Epoch2": 0.33303165435791016, "Agent3_Epoch2": 0.33279818296432495, "Agent4_Epoch2": 0.3327866196632385, "Agent5_Epoch2": 0.33267563581466675, "Agent0_Epoch3": 0.03148466348648071, "Agent1_Epoch3": 0.161862313747406, "Agent2_Epoch3": 0.15960931777954102, "Agent3_Epoch3": 0.16360050439834595, "Agent4_Epoch3": 0.16636711359024048, "Agent5_Epoch3": 0.16402208805084229, "Agent0_Epoch4": 0.02272862195968628, "Agent1_Epoch4": 0.08540397882461548, "Agent2_Epoch4": 0.08781278133392334, "Agent3_Epoch4": 0.08794134855270386, "Agent4_Epoch4": 0.08802324533462524, "Agent5_Epoch4": 0.08823287487030029, "Agent0_Epoch5": 0.01652318239212036, "Agent1_Epoch5": 0.048550188541412354, "Agent2_Epoch5": 0.051399946212768555, "Agent3_Epoch5": 0.05173879861831665, "Agent4_Epoch5": 0.05138850212097168, "Agent5_Epoch5": 0.051362812519073486, "Agent0_Epoch6": 0.01251155138015747, "Agent1_Epoch6": 0.02996993064880371, "Agent2_Epoch6": 0.030101656913757324, "Agent3_Epoch6": 0.03051769733428955, "Agent4_Epoch6": 0.029042482376098633, "Agent5_Epoch6": 0.030138790607452393, "Agent0_Epoch7": 0.009271502494812012, "Agent1_Epoch7": 0.0190008282661438, "Agent2_Epoch7": 0.018680334091186523, "Agent3_Epoch7": 0.01917898654937744, "Agent4_Epoch7": 0.01911616325378418, "Agent5_Epoch7": 0.018488645553588867, "Agent0_Epoch8": 0.00686192512512207, "Agent1_Epoch8": 0.012397825717926025, "Agent2_Epoch8": 0.012847363948822021, "Agent3_Epoch8": 0.012677788734436035, "Agent4_Epoch8": 0.012594759464263916, "Agent5_Epoch8": 0.012842535972595215, "Agent0_Epoch9": 0.005324304103851318, "Agent1_Epoch9": 0.008694708347320557, "Agent2_Epoch9": 0.008745312690734863, "Agent3_Epoch9": 0.008843064308166504, "Agent4_Epoch9": 0.008706748485565186, "Agent5_Epoch9": 0.008793652057647705, "Agent0_Epoch10": 0.004210710525512695, "Agent1_Epoch10": 0.006327986717224121, "Agent2_Epoch10": 0.006306767463684082, "Agent3_Epoch10": 0.006310641765594482, "Agent4_Epoch10": 0.006299376487731934, "Agent5_Epoch10": 0.006288886070251465, "Agent0_Epoch11": 0.003405451774597168, "Agent1_Epoch11": 0.004784226417541504, "Agent2_Epoch11": 0.004750251770019531, "Agent3_Epoch11": 0.004715979099273682, "Agent4_Epoch11": 0.004747986793518066, "Agent5_Epoch11": 0.0047893524169921875, "Agent0_Epoch12": 0.003518521785736084, "Agent1_Epoch12": 0.004937469959259033, "Agent2_Epoch12": 0.004914045333862305, "Agent3_Epoch12": 0.0049135684967041016, "Agent4_Epoch12": 0.004867374897003174, "Agent5_Epoch12": 0.00492781400680542, "Agent0_Epoch13": 0.003593623638153076, "Agent1_Epoch13": 0.005038619041442871, "Agent2_Epoch13": 0.00497204065322876, "Agent3_Epoch13": 0.004969775676727295, "Agent4_Epoch13": 0.004981815814971924, "Agent5_Epoch13": 0.005020618438720703, "Agent0_Epoch14": 0.0036226511001586914, "Agent1_Epoch14": 0.005076408386230469, "Agent2_Epoch14": 0.005067050457000732, "Agent3_Epoch14": 0.005085885524749756, "Agent4_Epoch14": 0.005076885223388672, "Agent5_Epoch14": 0.005088388919830322, "Agent0_Epoch15": 0.003663361072540283, "Agent1_Epoch15": 0.00513070821762085, "Agent2_Epoch15": 0.005100607872009277, "Agent3_Epoch15": 0.005135834217071533, "Agent4_Epoch15": 0.005101144313812256, "Agent5_Epoch15": 0.005114853382110596, "Agent0_Epoch16": 0.003687143325805664, "Agent1_Epoch16": 0.005162537097930908, "Agent2_Epoch16": 0.005138695240020752, "Agent3_Epoch16": 0.005143225193023682, "Agent4_Epoch16": 0.005136430263519287, "Agent5_Epoch16": 0.005161941051483154, "Agent0_Epoch17": 0.003703594207763672, "Agent1_Epoch17": 0.0051847100257873535, "Agent2_Epoch17": 0.00517582893371582, "Agent3_Epoch17": 0.0051847100257873535, "Agent4_Epoch17": 0.005158066749572754, "Agent5_Epoch17": 0.0051822662353515625, "Agent0_Epoch18": 0.0037156343460083008, "Agent1_Epoch18": 0.005200684070587158, "Agent2_Epoch18": 0.00519639253616333, "Agent3_Epoch18": 0.005192935466766357, "Agent4_Epoch18": 0.005186915397644043, "Agent5_Epoch18": 0.00518953800201416, "Agent0_Epoch19": 0.00372314453125, "Agent1_Epoch19": 0.005210578441619873, "Agent2_Epoch19": 0.005203306674957275, "Agent3_Epoch19": 0.005204617977142334, "Agent4_Epoch19": 0.005201935768127441, "Agent5_Epoch19": 0.005203545093536377, "Agent0_Epoch20": 0.003728926181793213, "Agent1_Epoch20": 0.005218327045440674, "Agent2_Epoch20": 0.005216777324676514, "Agent3_Epoch20": 0.005217254161834717, "Agent4_Epoch20": 0.00521242618560791, "Agent5_Epoch20": 0.005216121673583984, "Agent0_Epoch21": 0.0037335753440856934, "Agent1_Epoch21": 0.005224466323852539, "Agent2_Epoch21": 0.005224168300628662, "Agent3_Epoch21": 0.005220890045166016, "Agent4_Epoch21": 0.005222678184509277, "Agent5_Epoch21": 0.0052228569984436035, "Agent0_Epoch22": 0.003736138343811035, "Agent1_Epoch22": 0.0052280426025390625, "Agent2_Epoch22": 0.00522845983505249, "Agent3_Epoch22": 0.005227029323577881, "Agent4_Epoch22": 0.005227029323577881, "Agent5_Epoch22": 0.005229949951171875, "Agent0_Epoch23": 0.0037381649017333984, "Agent1_Epoch23": 0.00523066520690918, "Agent2_Epoch23": 0.005230724811553955, "Agent3_Epoch23": 0.005231142044067383, "Agent4_Epoch23": 0.005228877067565918, "Agent5_Epoch23": 0.005231797695159912, "Agent0_Epoch24": 0.003739774227142334, "Agent1_Epoch24": 0.005232691764831543, "Agent2_Epoch24": 0.005232632160186768, "Agent3_Epoch24": 0.0052340030670166016, "Agent4_Epoch24": 0.00523144006729126, "Agent5_Epoch24": 0.005232334136962891, "Agent0_Epoch25": 0.003741025924682617, "Agent1_Epoch25": 0.005234420299530029, "Agent2_Epoch25": 0.005234062671661377, "Agent3_Epoch25": 0.005233824253082275, "Agent4_Epoch25": 0.005234181880950928, "Agent5_Epoch25": 0.0052345991134643555, "Agent0_Epoch26": 0.0037418007850646973, "Agent1_Epoch26": 0.0052356719970703125, "Agent2_Epoch26": 0.005234956741333008, "Agent3_Epoch26": 0.005234062671661377, "Agent4_Epoch26": 0.005234241485595703, "Agent5_Epoch26": 0.005235731601715088, "Agent0_Epoch27": 0.0037423372268676758, "Agent1_Epoch27": 0.005236148834228516, "Agent2_Epoch27": 0.005235552787780762, "Agent3_Epoch27": 0.00523608922958374, "Agent4_Epoch27": 0.005235433578491211, "Agent5_Epoch27": 0.005236446857452393, "Agent0_Epoch28": 0.0037429332733154297, "Agent1_Epoch28": 0.005236983299255371, "Agent2_Epoch28": 0.005236625671386719, "Agent3_Epoch28": 0.005236327648162842, "Agent4_Epoch28": 0.005236268043518066, "Agent5_Epoch28": 0.005236327648162842, "Agent0_Epoch29": 0.0037430524826049805, "Agent1_Epoch29": 0.005237221717834473, "Agent2_Epoch29": 0.0052367448806762695, "Agent3_Epoch29": 0.005236923694610596, "Agent4_Epoch29": 0.005236685276031494, "Agent5_Epoch29": 0.005236983299255371, "Agent0_Epoch30": 0.003743112087249756, "Agent1_Epoch30": 0.0052373409271240234, "Agent2_Epoch30": 0.005236983299255371, "Agent3_Epoch30": 0.0052373409271240234, "Agent4_Epoch30": 0.005236923694610596, "Agent5_Epoch30": 0.005237460136413574}