{"E1_agent0_norm": 2.0815582275390625, "E1_agent1_norm": 2.37679386138916, "E1_agent2_norm": 2.1576240062713623, "E1_agent3_norm": 2.3168559074401855, "E1_agent4_norm": 2.0796525478363037, "E1_agent5_norm": 2.0793073177337646, "E2_agent0_norm": 0.24864253401756287, "E2_agent1_norm": 0.2186509072780609, "E2_agent2_norm": 0.3278766870498657, "E2_agent3_norm": 0.31577998399734497, "E2_agent4_norm": 0.27919134497642517, "E2_agent5_norm": 0.23134832084178925, "E3_agent0_norm": 0.48110347986221313, "E3_agent1_norm": 0.3066449761390686, "E3_agent2_norm": 0.3420058786869049, "E3_agent3_norm": 0.4043472707271576, "E3_agent4_norm": 0.36225149035453796, "E3_agent5_norm": 0.3672301471233368, "E4_agent0_norm": 0.5980457067489624, "E4_agent1_norm": 0.38142573833465576, "E4_agent2_norm": 0.4101569652557373, "E4_agent3_norm": 0.423261433839798, "E4_agent4_norm": 0.4168236553668976, "E4_agent5_norm": 0.38975730538368225, "E5_agent0_norm": 0.4939422011375427, "E5_agent1_norm": 0.34327995777130127, "E5_agent2_norm": 0.35481274127960205, "E5_agent3_norm": 0.3460254669189453, "E5_agent4_norm": 0.35116392374038696, "E5_agent5_norm": 0.3276960253715515, "E6_agent0_norm": 0.37675219774246216, "E6_agent1_norm": 0.26845046877861023, "E6_agent2_norm": 0.2584626078605652, "E6_agent3_norm": 0.25427183508872986, "E6_agent4_norm": 0.2607685625553131, "E6_agent5_norm": 0.25867384672164917, "E7_agent0_norm": 0.29540419578552246, "E7_agent1_norm": 0.19280683994293213, "E7_agent2_norm": 0.1995611935853958, "E7_agent3_norm": 0.19698496162891388, "E7_agent4_norm": 0.19964124262332916, "E7_agent5_norm": 0.19450980424880981, "E8_agent0_norm": 0.2478976845741272, "E8_agent1_norm": 0.15155372023582458, "E8_agent2_norm": 0.15016832947731018, "E8_agent3_norm": 0.14416751265525818, "E8_agent4_norm": 0.1544182449579239, "E8_agent5_norm": 0.14716140925884247, "E9_agent0_norm": 0.2229541689157486, "E9_agent1_norm": 0.11284452676773071, "E9_agent2_norm": 0.11138270795345306, "E9_agent3_norm": 0.11114318668842316, "E9_agent4_norm": 0.11029671132564545, "E9_agent5_norm": 0.10860397666692734, "E10_agent0_norm": 0.19711840152740479, "E10_agent1_norm": 0.08572467416524887, "E10_agent2_norm": 0.09016472101211548, "E10_agent3_norm": 0.0919441431760788, "E10_agent4_norm": 0.08581230044364929, "E10_agent5_norm": 0.08294585347175598, "E11_agent0_norm": 0.19284650683403015, "E11_agent1_norm": 0.06815754622220993, "E11_agent2_norm": 0.06860674172639847, "E11_agent3_norm": 0.08167703449726105, "E11_agent4_norm": 0.07548405975103378, "E11_agent5_norm": 0.0692872405052185, "E12_agent0_norm": 0.0504320003092289, "E12_agent1_norm": 0.0380835086107254, "E12_agent2_norm": 0.04044727981090546, "E12_agent3_norm": 0.038561929017305374, "E12_agent4_norm": 0.03719042241573334, "E12_agent5_norm": 0.036502592265605927, "E13_agent0_norm": 0.03300425410270691, "E13_agent1_norm": 0.026648346334695816, "E13_agent2_norm": 0.028056049719452858, "E13_agent3_norm": 0.027055539190769196, "E13_agent4_norm": 0.029979374259710312, "E13_agent5_norm": 0.026230597868561745, "E14_agent0_norm": 0.022130455821752548, "E14_agent1_norm": 0.018146231770515442, "E14_agent2_norm": 0.021767718717455864, "E14_agent3_norm": 0.021322807297110558, "E14_agent4_norm": 0.01869291625916958, "E14_agent5_norm": 0.01947835460305214, "E15_agent0_norm": 0.015663878992199898, "E15_agent1_norm": 0.013942237943410873, "E15_agent2_norm": 0.01632443629205227, "E15_agent3_norm": 0.016638727858662605, "E15_agent4_norm": 0.01640598475933075, "E15_agent5_norm": 0.013079684227705002, "E16_agent0_norm": 0.010703591629862785, "E16_agent1_norm": 0.009557181969285011, "E16_agent2_norm": 0.01189443003386259, "E16_agent3_norm": 0.011425175704061985, "E16_agent4_norm": 0.010247520171105862, "E16_agent5_norm": 0.00932314433157444, "E17_agent0_norm": 0.0076593151316046715, "E17_agent1_norm": 0.007289929781109095, "E17_agent2_norm": 0.008286246098577976, "E17_agent3_norm": 0.007495719939470291, "E17_agent4_norm": 0.00716465525329113, "E17_agent5_norm": 0.006842625327408314, "E18_agent0_norm": 0.005284121260046959, "E18_agent1_norm": 0.004858484026044607, "E18_agent2_norm": 0.005452177952975035, "E18_agent3_norm": 0.005137127358466387, "E18_agent4_norm": 0.00568684097379446, "E18_agent5_norm": 0.004799102433025837, "E19_agent0_norm": 0.0037822946906089783, "E19_agent1_norm": 0.0038984925486147404, "E19_agent2_norm": 0.00382627104409039, "E19_agent3_norm": 0.0039749969728291035, "E19_agent4_norm": 0.0038405105005949736, "E19_agent5_norm": 0.003240586258471012, "E20_agent0_norm": 0.0026367222890257835, "E20_agent1_norm": 0.002507333643734455, "E20_agent2_norm": 0.0027516966219991446, "E20_agent3_norm": 0.002392682246863842, "E20_agent4_norm": 0.0030150979291647673, "E20_agent5_norm": 0.00255411583930254, "E21_agent0_norm": 0.0018521861638873816, "E21_agent1_norm": 0.0018620948540046811, "E21_agent2_norm": 0.00189266970846802, "E21_agent3_norm": 0.0018912622472271323, "E21_agent4_norm": 0.002003018744289875, "E21_agent5_norm": 0.0018464978784322739, "E22_agent0_norm": 0.0013235703809186816, "E22_agent1_norm": 0.0012920019216835499, "E22_agent2_norm": 0.001624738797545433, "E22_agent3_norm": 0.0012766900472342968, "E22_agent4_norm": 0.0014817024348303676, "E22_agent5_norm": 0.0012530628591775894, "E23_agent0_norm": 0.0009461352601647377, "E23_agent1_norm": 0.0009332559420727193, "E23_agent2_norm": 0.0010233682114630938, "E23_agent3_norm": 0.0011304416693747044, "E23_agent4_norm": 0.0009094784036278725, "E23_agent5_norm": 0.0009171389392577112, "E24_agent0_norm": 0.000648133922368288, "E24_agent1_norm": 0.0006283351685851812, "E24_agent2_norm": 0.0007204960566014051, "E24_agent3_norm": 0.0007347076898440719, "E24_agent4_norm": 0.000641567341517657, "E24_agent5_norm": 0.0006136081647127867, "E25_agent0_norm": 0.00044916002661921084, "E25_agent1_norm": 0.00045147218042984605, "E25_agent2_norm": 0.000503211747854948, "E25_agent3_norm": 0.0005056440131738782, "E25_agent4_norm": 0.0004610083415172994, "E25_agent5_norm": 0.0004329602525103837, "E26_agent0_norm": 0.00033496340620331466, "E26_agent1_norm": 0.0003263720718678087, "E26_agent2_norm": 0.00038069160655140877, "E26_agent3_norm": 0.00042894401121884584, "E26_agent4_norm": 0.0003106012591160834, "E26_agent5_norm": 0.00033435088698752224, "E27_agent0_norm": 0.0002293940051458776, "E27_agent1_norm": 0.00021334712801035494, "E27_agent2_norm": 0.0002676504373084754, "E27_agent3_norm": 0.00023426995903719217, "E27_agent4_norm": 0.00024134234990924597, "E27_agent5_norm": 0.00022262640413828194, "E28_agent0_norm": 0.0001617515372345224, "E28_agent1_norm": 0.00015924377657938749, "E28_agent2_norm": 0.0002040949184447527, "E28_agent3_norm": 0.0001639880210859701, "E28_agent4_norm": 0.00017119482799898833, "E28_agent5_norm": 0.00015110582171473652, "E29_agent0_norm": 0.00011477326916065067, "E29_agent1_norm": 0.00011538657417986542, "E29_agent2_norm": 0.00013768831558991224, "E29_agent3_norm": 0.00013555305486079305, "E29_agent4_norm": 0.00011906617874046788, "E29_agent5_norm": 0.00010868027311516926, "E30_agent0_norm": 8.143705053953454e-05, "E30_agent1_norm": 7.350798114202917e-05, "E30_agent2_norm": 8.275399159174412e-05, "E30_agent3_norm": 9.962638432625681e-05, "E30_agent4_norm": 8.22044603410177e-05, "E30_agent5_norm": 7.70873375586234e-05}