{"E1_agent0_norm": 1.8648834228515625, "E1_agent1_norm": 2.210653066635132, "E1_agent2_norm": 1.8504550457000732, "E1_agent3_norm": 2.0904107093811035, "E1_agent4_norm": 2.00777268409729, "E2_agent0_norm": 0.04852954298257828, "E2_agent1_norm": 0.42177411913871765, "E2_agent2_norm": 0.5046684741973877, "E2_agent3_norm": 0.4722287356853485, "E2_agent4_norm": 0.510054886341095, "E3_agent0_norm": 0.0108095807954669, "E3_agent1_norm": 0.8220782279968262, "E3_agent2_norm": 0.8853060007095337, "E3_agent3_norm": 0.8650275468826294, "E3_agent4_norm": 0.7920678853988647, "E4_agent0_norm": 0.07139397412538528, "E4_agent1_norm": 0.7126399278640747, "E4_agent2_norm": 0.7549983859062195, "E4_agent3_norm": 0.7095319628715515, "E4_agent4_norm": 0.7036373615264893, "E5_agent0_norm": 0.0029285517521202564, "E5_agent1_norm": 0.5227898955345154, "E5_agent2_norm": 0.5286967158317566, "E5_agent3_norm": 0.5505899786949158, "E5_agent4_norm": 0.5173958539962769, "E6_agent0_norm": 0.06908693164587021, "E6_agent1_norm": 0.39618441462516785, "E6_agent2_norm": 0.40153804421424866, "E6_agent3_norm": 0.40594133734703064, "E6_agent4_norm": 0.3811500668525696, "E7_agent0_norm": 0.0014296085573732853, "E7_agent1_norm": 0.30028852820396423, "E7_agent2_norm": 0.32471051812171936, "E7_agent3_norm": 0.30658626556396484, "E7_agent4_norm": 0.3167737126350403, "E8_agent0_norm": 0.06206200644373894, "E8_agent1_norm": 0.27721258997917175, "E8_agent2_norm": 0.2561286389827728, "E8_agent3_norm": 0.2662091553211212, "E8_agent4_norm": 0.247715026140213, "E9_agent0_norm": 0.0013234418584033847, "E9_agent1_norm": 0.23122833669185638, "E9_agent2_norm": 0.239339217543602, "E9_agent3_norm": 0.23024201393127441, "E9_agent4_norm": 0.25753316283226013, "E10_agent0_norm": 0.0004519954964052886, "E10_agent1_norm": 0.22238664329051971, "E10_agent2_norm": 0.22746706008911133, "E10_agent3_norm": 0.2053040862083435, "E10_agent4_norm": 0.24475835263729095, "E11_agent0_norm": 0.06299155950546265, "E11_agent1_norm": 0.2188696563243866, "E11_agent2_norm": 0.1978859007358551, "E11_agent3_norm": 0.21299812197685242, "E11_agent4_norm": 0.20633898675441742, "E12_agent0_norm": 0.0002620109880808741, "E12_agent1_norm": 0.18818482756614685, "E12_agent2_norm": 0.1997646987438202, "E12_agent3_norm": 0.1853087991476059, "E12_agent4_norm": 0.20551341772079468, "E13_agent0_norm": 0.00020668642537202686, "E13_agent1_norm": 0.15903761982917786, "E13_agent2_norm": 0.17659485340118408, "E13_agent3_norm": 0.1602662056684494, "E13_agent4_norm": 0.17840635776519775, "E14_agent0_norm": 0.00012071383389411494, "E14_agent1_norm": 0.12464826554059982, "E14_agent2_norm": 0.13735315203666687, "E14_agent3_norm": 0.1261979639530182, "E14_agent4_norm": 0.1390019953250885, "E15_agent0_norm": 0.040083665400743484, "E15_agent1_norm": 0.10144492238759995, "E15_agent2_norm": 0.09513016045093536, "E15_agent3_norm": 0.10693765431642532, "E15_agent4_norm": 0.09700238704681396, "E16_agent0_norm": 6.277469219639897e-05, "E16_agent1_norm": 0.06843329221010208, "E16_agent2_norm": 0.07675433158874512, "E16_agent3_norm": 0.07128618657588959, "E16_agent4_norm": 0.08021967858076096, "E17_agent0_norm": 0.024537120014429092, "E17_agent1_norm": 0.05427125468850136, "E17_agent2_norm": 0.0495632141828537, "E17_agent3_norm": 0.05721819028258324, "E17_agent4_norm": 0.04918736219406128, "E18_agent0_norm": 2.659069468791131e-05, "E18_agent1_norm": 0.033793505281209946, "E18_agent2_norm": 0.04108279198408127, "E18_agent3_norm": 0.03656261786818504, "E18_agent4_norm": 0.039659302681684494, "E19_agent0_norm": 0.013980928808450699, "E19_agent1_norm": 0.02881384827196598, "E19_agent2_norm": 0.026303764432668686, "E19_agent3_norm": 0.030649332329630852, "E19_agent4_norm": 0.026047131046652794, "E20_agent0_norm": 1.2064506336173508e-05, "E20_agent1_norm": 0.018448546528816223, "E20_agent2_norm": 0.022539013996720314, "E20_agent3_norm": 0.01969016343355179, "E20_agent4_norm": 0.02145540900528431, "E21_agent0_norm": 9.57464271778008e-06, "E21_agent1_norm": 0.01312072854489088, "E21_agent2_norm": 0.016041094437241554, "E21_agent3_norm": 0.014315611682832241, "E21_agent4_norm": 0.015980472788214684, "E22_agent0_norm": 0.0057758549228310585, "E22_agent1_norm": 0.011341283097863197, "E22_agent2_norm": 0.010222424753010273, "E22_agent3_norm": 0.011762168258428574, "E22_agent4_norm": 0.009815926663577557, "E23_agent0_norm": 2.218982899648836e-06, "E23_agent1_norm": 0.006823588628321886, "E23_agent2_norm": 0.008765099570155144, "E23_agent3_norm": 0.007317456882447004, "E23_agent4_norm": 0.007902937941253185, "E24_agent0_norm": 0.0031084243673831224, "E24_agent1_norm": 0.005849544890224934, "E24_agent2_norm": 0.006086896639317274, "E24_agent3_norm": 0.005358448717743158, "E24_agent4_norm": 0.005929390899837017, "E25_agent0_norm": 0.0022450974211096764, "E25_agent1_norm": 0.004218104295432568, "E25_agent2_norm": 0.004413140472024679, "E25_agent3_norm": 0.0037981264758855104, "E25_agent4_norm": 0.004204619210213423, "E26_agent0_norm": 0.0017266214126721025, "E26_agent1_norm": 0.002987529616802931, "E26_agent2_norm": 0.003074232954531908, "E26_agent3_norm": 0.0028017282020300627, "E26_agent4_norm": 0.003079454880207777, "E27_agent0_norm": 0.0012907558120787144, "E27_agent1_norm": 0.0021560301538556814, "E27_agent2_norm": 0.0019168617436662316, "E27_agent3_norm": 0.0022932381834834814, "E27_agent4_norm": 0.0018600167240947485, "E28_agent0_norm": 3.502834431401425e-07, "E28_agent1_norm": 0.0013224032009020448, "E28_agent2_norm": 0.0016173028852790594, "E28_agent3_norm": 0.0014038686640560627, "E28_agent4_norm": 0.0015030817594379187, "E29_agent0_norm": 0.0008330772398039699, "E29_agent1_norm": 0.0010940362699329853, "E29_agent2_norm": 0.0010432996787130833, "E29_agent3_norm": 0.0011371794389560819, "E29_agent4_norm": 0.0010187039151787758, "E30_agent0_norm": 1.5854070056775527e-07, "E30_agent1_norm": 0.0008095619268715382, "E30_agent2_norm": 0.0008089169859886169, "E30_agent3_norm": 0.0008355049067176878, "E30_agent4_norm": 0.0007818155572749674, "E31_agent0_norm": 0.00065543845994398, "E31_agent1_norm": 0.0005394433974288404, "E31_agent2_norm": 0.0005674012936651707, "E31_agent3_norm": 0.0007056471076793969, "E31_agent4_norm": 0.0005408577853813767, "E32_agent0_norm": 0.0006192291621118784, "E32_agent1_norm": 0.0003819628618657589, "E32_agent2_norm": 0.0006229829741641879, "E32_agent3_norm": 0.0004054902819916606, "E32_agent4_norm": 0.0006210078136064112, "E33_agent0_norm": 3.766974998598016e-08, "E33_agent1_norm": 0.0005893656052649021, "E33_agent2_norm": 0.0002819372748490423, "E33_agent3_norm": 0.0005936705856584013, "E33_agent4_norm": 0.000274352147243917, "E34_agent0_norm": 0.0005868299631401896, "E34_agent1_norm": 0.00019081099890172482, "E34_agent2_norm": 0.0005779687780886889, "E34_agent3_norm": 0.00019433008856140077, "E34_agent4_norm": 0.0005767063121311367, "E35_agent0_norm": 2.2005297140026414e-08, "E35_agent1_norm": 0.0005724719376303256, "E35_agent2_norm": 0.00014154745440464467, "E35_agent3_norm": 0.0005730922566726804, "E35_agent4_norm": 0.00013137568021193147, "E36_agent0_norm": 0.0005776151665486395, "E36_agent1_norm": 9.189326374325901e-05, "E36_agent2_norm": 0.0005711539997719228, "E36_agent3_norm": 9.916051203617826e-05, "E36_agent4_norm": 0.0005710286204703152, "E37_agent0_norm": 1.3449754199257313e-08, "E37_agent1_norm": 0.0005713102291338146, "E37_agent2_norm": 6.800288247177377e-05, "E37_agent3_norm": 0.0005715684383176267, "E37_agent4_norm": 6.549622776219621e-05, "E38_agent0_norm": 0.0005752444267272949, "E38_agent1_norm": 4.4769149099010974e-05, "E38_agent2_norm": 0.0005716332816518843, "E38_agent3_norm": 4.8855014028958976e-05, "E38_agent4_norm": 0.0005715668085031211, "E39_agent0_norm": 1.1175998082535443e-07, "E39_agent1_norm": 0.0005722499918192625, "E39_agent2_norm": 3.4257853258168325e-05, "E39_agent3_norm": 0.0005721713532693684, "E39_agent4_norm": 3.248051871196367e-05, "E40_agent0_norm": 4.2756559537338035e-07,