{"E1_agent0_norm": 1.7651149034500122, "E1_agent1_norm": 2.1094136238098145, "E1_agent2_norm": 2.128523826599121, "E1_agent3_norm": 1.920795202255249, "E1_agent4_norm": 2.065354824066162, "E2_agent0_norm": 0.08260781317949295, "E2_agent1_norm": 0.4308927357196808, "E2_agent2_norm": 0.3258936107158661, "E2_agent3_norm": 0.3445928692817688, "E2_agent4_norm": 0.3319043219089508, "E3_agent0_norm": 0.18234993517398834, "E3_agent1_norm": 0.6542266607284546, "E3_agent2_norm": 0.5086048245429993, "E3_agent3_norm": 0.5292290449142456, "E3_agent4_norm": 0.5264835953712463, "E4_agent0_norm": 0.005106143653392792, "E4_agent1_norm": 0.6788564920425415, "E4_agent2_norm": 0.6377661824226379, "E4_agent3_norm": 0.6124005913734436, "E4_agent4_norm": 0.64605712890625, "E5_agent0_norm": 0.21768133342266083, "E5_agent1_norm": 0.5555281639099121, "E5_agent2_norm": 0.5429649353027344, "E5_agent3_norm": 0.5243708491325378, "E5_agent4_norm": 0.5482346415519714, "E6_agent0_norm": 0.038805752992630005, "E6_agent1_norm": 0.44152069091796875, "E6_agent2_norm": 0.4129502475261688, "E6_agent3_norm": 0.4071944057941437, "E6_agent4_norm": 0.41307899355888367, "E7_agent0_norm": 0.0013416246511042118, "E7_agent1_norm": 0.3274116814136505, "E7_agent2_norm": 0.34164395928382874, "E7_agent3_norm": 0.3291362524032593, "E7_agent4_norm": 0.34725403785705566, "E8_agent0_norm": 0.16660946607589722, "E8_agent1_norm": 0.27992168068885803, "E8_agent2_norm": 0.2533617317676544, "E8_agent3_norm": 0.2784446179866791, "E8_agent4_norm": 0.26128050684928894, "E9_agent0_norm": 0.0005638530128635466, "E9_agent1_norm": 0.2028256058692932, "E9_agent2_norm": 0.24068911373615265, "E9_agent3_norm": 0.21509207785129547, "E9_agent4_norm": 0.24352695047855377, "E10_agent0_norm": 0.1353365182876587, "E10_agent1_norm": 0.1982877105474472, "E10_agent2_norm": 0.18153320252895355, "E10_agent3_norm": 0.2153586894273758, "E10_agent4_norm": 0.18449728190898895, "E11_agent0_norm": 0.07032059133052826, "E11_agent1_norm": 0.16713747382164001, "E11_agent2_norm": 0.21179012954235077, "E11_agent3_norm": 0.1803179234266281, "E11_agent4_norm": 0.21479228138923645, "E12_agent0_norm": 0.12268973886966705, "E12_agent1_norm": 0.19083285331726074, "E12_agent2_norm": 0.1876394897699356, "E12_agent3_norm": 0.19888053834438324, "E12_agent4_norm": 0.19391469657421112, "E13_agent0_norm": 0.0001324879558524117, "E13_agent1_norm": 0.1597682386636734, "E13_agent2_norm": 0.16208197176456451, "E13_agent3_norm": 0.1666380614042282, "E13_agent4_norm": 0.15931130945682526, "E14_agent0_norm": 0.09460771828889847, "E14_agent1_norm": 0.1357704997062683, "E14_agent2_norm": 0.12300818413496017, "E14_agent3_norm": 0.13827936351299286, "E14_agent4_norm": 0.12211085855960846, "E15_agent0_norm": 6.553075945703313e-05, "E15_agent1_norm": 0.10001008212566376, "E15_agent2_norm": 0.10232667624950409, "E15_agent3_norm": 0.10031801462173462, "E15_agent4_norm": 0.10504081100225449, "E16_agent0_norm": 0.05616776645183563, "E16_agent1_norm": 0.08514610677957535, "E16_agent2_norm": 0.05875374376773834, "E16_agent3_norm": 0.08320507407188416, "E16_agent4_norm": 0.05689089000225067, "E17_agent0_norm": 0.07502587139606476, "E17_agent1_norm": 0.05849176272749901, "E17_agent2_norm": 0.07592964917421341, "E17_agent3_norm": 0.05908174440264702, "E17_agent4_norm": 0.07546928524971008, "E18_agent0_norm": 2.043656240857672e-05, "E18_agent1_norm": 0.06957965344190598, "E18_agent2_norm": 0.04378857836127281, "E18_agent3_norm": 0.06956526637077332, "E18_agent4_norm": 0.04372882843017578, "E19_agent0_norm": 0.06883325427770615, "E19_agent1_norm": 0.032068610191345215, "E19_agent2_norm": 0.03239912912249565, "E19_agent3_norm": 0.031227413564920425, "E19_agent4_norm": 0.0307705570012331, "E20_agent0_norm": 0.01724620908498764, "E20_agent1_norm": 0.02333884872496128, "E20_agent2_norm": 0.016539646312594414, "E20_agent3_norm": 0.022606901824474335, "E20_agent4_norm": 0.0164013858884573, "E21_agent0_norm": 0.011025343090295792, "E21_agent1_norm": 0.016975924372673035, "E21_agent2_norm": 0.017579033970832825, "E21_agent3_norm": 0.016496896743774414, "E21_agent4_norm": 0.01680690422654152, "E22_agent0_norm": 0.009329359047114849, "E22_agent1_norm": 0.009348416700959206, "E22_agent2_norm": 0.008694306015968323, "E22_agent3_norm": 0.00945774931460619, "E22_agent4_norm": 0.008658485487103462, "E23_agent0_norm": 0.005985814146697521, "E23_agent1_norm": 0.008801298215985298, "E23_agent2_norm": 0.006879724096506834, "E23_agent3_norm": 0.008643029257655144, "E23_agent4_norm": 0.007156064733862877, "E24_agent0_norm": 0.00483795627951622, "E24_agent1_norm": 0.005026896484196186, "E24_agent2_norm": 0.006546489894390106, "E24_agent3_norm": 0.004853957798331976, "E24_agent4_norm": 0.006299308966845274, "E25_agent0_norm": 0.003543544327840209, "E25_agent1_norm": 0.0035913388710469007, "E25_agent2_norm": 0.0032070784363895655, "E25_agent3_norm": 0.003454353893175721, "E25_agent4_norm": 0.003198409453034401, "E26_agent0_norm": 0.002147407503798604, "E26_agent1_norm": 0.0022387399803847075, "E26_agent2_norm": 0.0033329010475426912, "E26_agent3_norm": 0.0021918744314461946, "E26_agent4_norm": 0.0032455353066325188, "E27_agent0_norm": 0.0017796658212319016, "E27_agent1_norm": 0.0023283488117158413, "E27_agent2_norm": 0.0016155051998794079, "E27_agent3_norm": 0.0022264185827225447, "E27_agent4_norm": 0.0015813050558790565, "E28_agent0_norm": 2.326399197727369e-07, "E28_agent1_norm": 0.0016638451488688588, "E28_agent2_norm": 0.001671421225182712, "E28_agent3_norm": 0.0015479836147278547, "E28_agent4_norm": 0.0016367221251130104, "E29_agent0_norm": 0.0008890682947821915, "E29_agent1_norm": 0.0021074858959764242, "E29_agent2_norm": 0.0008114587399177253, "E29_agent3_norm": 0.002092573791742325, "E29_agent4_norm": 0.0007922521908767521, "E30_agent0_norm": 0.0021840182598680258, "E30_agent1_norm": 0.0007844296051189303, "E30_agent2_norm": 0.0020686534699052572, "E30_agent3_norm": 0.0007818987942300737, "E30_agent4_norm": 0.002068267436698079, "E31_agent0_norm": 3.431579642665383e-08, "E31_agent1_norm": 0.002061733976006508, "E31_agent2_norm": 0.0005786205292679369, "E31_agent3_norm": 0.0020558973774313927, "E31_agent4_norm": 0.0005727327661588788, "E32_agent0_norm": 0.00047686853213235736, "E32_agent1_norm": 0.00041412387508898973, "E32_agent2_norm": 0.0004866178787779063, "E32_agent3_norm": 0.0003933141124434769, "E32_agent4_norm": 0.0004825559153687209, "E33_agent0_norm": 0.00022485270164906979, "E33_agent1_norm": 0.00043906248174607754, "E33_agent2_norm": 0.00029114235076121986, "E33_agent3_norm": 0.0004312961536925286, "E33_agent4_norm": 0.00028938171453773975, "E34_agent0_norm": 0.00043412548257037997, "E34_agent1_norm": 0.00020192164811305702, "E34_agent2_norm": 0.00041714159306138754, "E34_agent3_norm": 0.00019604791305027902, "E34_agent4_norm": 0.0004178578092250973, "E35_agent0_norm": 0.00010823633783729747, "E35_agent1_norm": 0.0004108988796360791, "E35_agent2_norm": 0.00014524724974762648, "E35_agent3_norm": 0.0004086412372998893, "E35_agent4_norm": 0.00013880582991987467, "E36_agent0_norm": 0.00042130498331971467, "E36_agent1_norm": 0.00010096956975758076, "E36_agent2_norm": 0.0004093375464435667, "E36_agent3_norm": 9.584268264006823e-05, "E36_agent4_norm": 0.00040915748104453087, "E37_agent0_norm": 5.455088466987945e-05, "E37_agent1_norm": 0.00041002818034030497, "E37_agent2_norm": 7.041883509373292e-05, "E37_agent3_norm": 0.00040892232209444046, "E37_agent4_norm": 7.008042302913964e-05, "E38_agent0_norm": 0.0004182657285127789, "E38_agent1_norm": 4.9740054237190634e-05, "E38_agent2_norm": 0.0004112590686418116, "E38_agent3_norm": 4.7264897148124874e-05, "E38_agent4_norm": 0.00041130336467176676, "E39_agent0_norm": 2.645488530106377e-05, "E39_agent1_norm": 0.00041290020453743637, "E39_agent2_norm": 3.424570240895264e-05, "E39_agent3_norm": 0.0004124652477912605, "E39_agent4_norm": 3.395052408450283e-05, "E40_agent0_norm": 0.00041746406350284815, "E40_agent1_norm": 2.4742952518863603e-05,