{"Agent0_Epoch1": 0.2956545352935791, "Agent1_Epoch1": 0.2968106269836426, "Agent2_Epoch1": 0.9805938005447388, "Agent3_Epoch1": 0.9891930222511292, "Agent4_Epoch1": 0.9910179972648621, "Agent0_Epoch2": 0.052933573722839355, "Agent1_Epoch2": 0.29178446531295776, "Agent2_Epoch2": 0.2951430678367615, "Agent3_Epoch2": 0.29434889554977417, "Agent4_Epoch2": 0.2961266040802002, "Agent0_Epoch3": 0.03230297565460205, "Agent1_Epoch3": 0.1325569748878479, "Agent2_Epoch3": 0.13930273056030273, "Agent3_Epoch3": 0.1370711326599121, "Agent4_Epoch3": 0.13966137170791626, "Agent0_Epoch4": 0.022203445434570312, "Agent1_Epoch4": 0.06684654951095581, "Agent2_Epoch4": 0.06975626945495605, "Agent3_Epoch4": 0.07086122035980225, "Agent4_Epoch4": 0.06945252418518066, "Agent0_Epoch5": 0.015266120433807373, "Agent1_Epoch5": 0.0362887978553772, "Agent2_Epoch5": 0.037235379219055176, "Agent3_Epoch5": 0.037028610706329346, "Agent4_Epoch5": 0.0375218391418457, "Agent0_Epoch6": 0.01079338788986206, "Agent1_Epoch6": 0.021448612213134766, "Agent2_Epoch6": 0.02172720432281494, "Agent3_Epoch6": 0.021740734577178955, "Agent4_Epoch6": 0.021622776985168457, "Agent0_Epoch7": 0.007765412330627441, "Agent1_Epoch7": 0.013378322124481201, "Agent2_Epoch7": 0.013601601123809814, "Agent3_Epoch7": 0.013556599617004395, "Agent4_Epoch7": 0.013610482215881348, "Agent0_Epoch8": 0.005770325660705566, "Agent1_Epoch8": 0.008907437324523926, "Agent2_Epoch8": 0.009162724018096924, "Agent3_Epoch8": 0.008929133415222168, "Agent4_Epoch8": 0.008942723274230957, "Agent0_Epoch9": 0.0044318437576293945, "Agent1_Epoch9": 0.0062798261642456055, "Agent2_Epoch9": 0.006328463554382324, "Agent3_Epoch9": 0.006375014781951904, "Agent4_Epoch9": 0.006297290325164795, "Agent0_Epoch10": 0.0034853219985961914, "Agent1_Epoch10": 0.004618227481842041, "Agent2_Epoch10": 0.004658877849578857, "Agent3_Epoch10": 0.004640758037567139, "Agent4_Epoch10": 0.00463944673538208, "Agent0_Epoch11": 0.002829432487487793, "Agent1_Epoch11": 0.00355607271194458, "Agent2_Epoch11": 0.003587067127227783, "Agent3_Epoch11": 0.0035788416862487793, "Agent4_Epoch11": 0.0035202503204345703, "Agent0_Epoch12": 0.0023093819618225098, "Agent1_Epoch12": 0.002783656120300293, "Agent2_Epoch12": 0.002786576747894287, "Agent3_Epoch12": 0.0027671456336975098, "Agent4_Epoch12": 0.0027744174003601074, "Agent0_Epoch13": 0.0018544793128967285, "Agent1_Epoch13": 0.0021612048149108887, "Agent2_Epoch13": 0.0021682381629943848, "Agent3_Epoch13": 0.0021845102310180664, "Agent4_Epoch13": 0.0021742582321166992, "Agent0_Epoch14": 0.0014728307723999023, "Agent1_Epoch14": 0.0016704201698303223, "Agent2_Epoch14": 0.0016689300537109375, "Agent3_Epoch14": 0.001671135425567627, "Agent4_Epoch14": 0.001692652702331543, "Agent0_Epoch15": 0.0011391043663024902, "Agent1_Epoch15": 0.0012638568878173828, "Agent2_Epoch15": 0.001240551471710205, "Agent3_Epoch15": 0.0012653470039367676, "Agent4_Epoch15": 0.0012711882591247559, "Agent0_Epoch16": 0.0008474588394165039, "Agent1_Epoch16": 0.0009233355522155762, "Agent2_Epoch16": 0.0009312033653259277, "Agent3_Epoch16": 0.0009401440620422363, "Agent4_Epoch16": 0.000946044921875, "Agent0_Epoch17": 0.0006224513053894043, "Agent1_Epoch17": 0.0006679296493530273, "Agent2_Epoch17": 0.0006628632545471191, "Agent3_Epoch17": 0.000671684741973877, "Agent4_Epoch17": 0.0006718635559082031, "Agent0_Epoch18": 0.000446319580078125, "Agent1_Epoch18": 0.0004729628562927246, "Agent2_Epoch18": 0.0004693269729614258, "Agent3_Epoch18": 0.00047641992568969727, "Agent4_Epoch18": 0.0004768967628479004, "Agent0_Epoch19": 0.0003159046173095703, "Agent1_Epoch19": 0.0003314018249511719, "Agent2_Epoch19": 0.0003294944763183594, "Agent3_Epoch19": 0.00033277273178100586, "Agent4_Epoch19": 0.00033169984817504883, "Agent0_Epoch20": 0.00022071599960327148, "Agent1_Epoch20": 0.0002294778823852539, "Agent2_Epoch20": 0.00022780895233154297, "Agent3_Epoch20": 0.00023090839385986328, "Agent4_Epoch20": 0.00023037195205688477, "Agent0_Epoch21": 0.00015294551849365234, "Agent1_Epoch21": 0.00015795230865478516, "Agent2_Epoch21": 0.00015676021575927734, "Agent3_Epoch21": 0.00015789270401000977, "Agent4_Epoch21": 0.0001583695411682129, "Agent0_Epoch22": 0.00010484457015991211, "Agent1_Epoch22": 0.00010764598846435547, "Agent2_Epoch22": 0.00010734796524047852, "Agent3_Epoch22": 0.0001081228256225586, "Agent4_Epoch22": 0.00010776519775390625, "Agent0_Epoch23": 7.140636444091797e-05, "Agent1_Epoch23": 7.277727127075195e-05, "Agent2_Epoch23": 7.301568984985352e-05, "Agent3_Epoch23": 7.30752944946289e-05, "Agent4_Epoch23": 7.319450378417969e-05, "Agent0_Epoch24": 4.8220157623291016e-05, "Agent1_Epoch24": 4.881620407104492e-05, "Agent2_Epoch24": 4.89354133605957e-05, "Agent3_Epoch24": 4.8995018005371094e-05, "Agent4_Epoch24": 4.9173831939697266e-05, "Agent0_Epoch25": 3.254413604736328e-05, "Agent1_Epoch25": 3.30805778503418e-05, "Agent2_Epoch25": 3.30805778503418e-05, "Agent3_Epoch25": 3.30805778503418e-05, "Agent4_Epoch25": 3.30805778503418e-05, "Agent0_Epoch26": 2.1755695343017578e-05, "Agent1_Epoch26": 2.199411392211914e-05, "Agent2_Epoch26": 2.187490463256836e-05, "Agent3_Epoch26": 2.199411392211914e-05, "Agent4_Epoch26": 2.199411392211914e-05, "Agent0_Epoch27": 1.430511474609375e-05, "Agent1_Epoch27": 1.4483928680419922e-05, "Agent2_Epoch27": 1.4662742614746094e-05, "Agent3_Epoch27": 1.4603137969970703e-05, "Agent4_Epoch27": 1.4603137969970703e-05, "Agent0_Epoch28": 9.5367431640625e-06, "Agent1_Epoch28": 9.59634780883789e-06, "Agent2_Epoch28": 9.47713851928711e-06, "Agent3_Epoch28": 9.59634780883789e-06, "Agent4_Epoch28": 9.655952453613281e-06, "Agent0_Epoch29": 6.318092346191406e-06, "Agent1_Epoch29": 6.4373016357421875e-06, "Agent2_Epoch29": 6.377696990966797e-06, "Agent3_Epoch29": 6.258487701416016e-06, "Agent4_Epoch29": 6.4373016357421875e-06, "Agent0_Epoch30": 4.0531158447265625e-06, "Agent1_Epoch30": 4.112720489501953e-06, "Agent2_Epoch30": 4.112720489501953e-06, "Agent3_Epoch30": 4.112720489501953e-06, "Agent4_Epoch30": 4.231929779052734e-06, "Agent0_Epoch31": 2.682209014892578e-06, "Agent1_Epoch31": 2.7418136596679688e-06, "Agent2_Epoch31": 2.682209014892578e-06, "Agent3_Epoch31": 2.7418136596679688e-06, "Agent4_Epoch31": 2.682209014892578e-06, "Agent0_Epoch32": 1.8477439880371094e-06, "Agent1_Epoch32": 1.6689300537109375e-06, "Agent2_Epoch32": 1.8477439880371094e-06, "Agent3_Epoch32": 1.8477439880371094e-06, "Agent4_Epoch32": 1.6689300537109375e-06, "Agent0_Epoch33": 1.1920928955078125e-06, "Agent1_Epoch33": 1.1920928955078125e-06, "Agent2_Epoch33": 1.3113021850585938e-06, "Agent3_Epoch33": 1.1920928955078125e-06, "Agent4_Epoch33": 1.1920928955078125e-06, "Agent0_Epoch34": 7.152557373046875e-07, "Agent1_Epoch34": 6.556510925292969e-07, "Agent2_Epoch34": 6.556510925292969e-07, "Agent3_Epoch34": 7.152557373046875e-07, "Agent4_Epoch34": 6.556510925292969e-07, "Agent0_Epoch35": 4.76837158203125e-07, "Agent1_Epoch35": 4.76837158203125e-07, "Agent2_Epoch35": 3.5762786865234375e-07, "Agent3_Epoch35": 3.5762786865234375e-07, "Agent4_Epoch35": 4.76837158203125e-07, "Agent0_Epoch36": 2.980232238769531e-07, "Agent1_Epoch36": 2.980232238769531e-07, "Agent2_Epoch36": 2.980232238769531e-07, "Agent3_Epoch36": 1.7881393432617188e-07, "Agent4_Epoch36": 1.7881393432617188e-07, "Agent0_Epoch37": 2.980232238769531e-07, "Agent1_Epoch37": 1.7881393432617188e-07, "Agent2_Epoch37": 1.7881393432617188e-07, "Agent3_Epoch37": 1.7881393432617188e-07, "Agent4_Epoch37": 1.7881393432617188e-07, "Agent0_Epoch38": 1.1920928955078125e-07, "Agent1_Epoch38": 1.1920928955078125e-07, "Agent2_Epoch38": 1.1920928955078125e-07, "Agent3_Epoch38": 1.1920928955078125e-07, "Agent4_Epoch38": 1.1920928955078125e-07, "Agent0_Epoch39": 1.1920928955078125e-07, "Agent1_Epoch39": 1.1920928955078125e-07, "Agent2_Epoch39": 1.1920928955078125e-07, "Agent3_Epoch39": 1.7881393432617188e-07, "Agent4_Epoch39": 1.7881393432617188e-07, "Agent0_Epoch40": 0.0, "Agent1_Epoch40": 1.1920928955078125e-07,