{"Agent0_Epoch1": 0.29178518056869507, "Agent1_Epoch1": 0.28985607624053955, "Agent2_Epoch1": 0.9910203218460083, "Agent3_Epoch1": 0.9969870448112488, "Agent4_Epoch1": 0.9936923384666443, "Agent0_Epoch2": 0.05443376302719116, "Agent1_Epoch2": 0.29274141788482666, "Agent2_Epoch2": 0.296230673789978, "Agent3_Epoch2": 0.29572248458862305, "Agent4_Epoch2": 0.29984134435653687, "Agent0_Epoch3": 0.03464895486831665, "Agent1_Epoch3": 0.13748013973236084, "Agent2_Epoch3": 0.14250022172927856, "Agent3_Epoch3": 0.1402139663696289, "Agent4_Epoch3": 0.14157021045684814, "Agent0_Epoch4": 0.022937536239624023, "Agent1_Epoch4": 0.06873995065689087, "Agent2_Epoch4": 0.07238346338272095, "Agent3_Epoch4": 0.07195371389389038, "Agent4_Epoch4": 0.07001286745071411, "Agent0_Epoch5": 0.015488743782043457, "Agent1_Epoch5": 0.0368770956993103, "Agent2_Epoch5": 0.03870445489883423, "Agent3_Epoch5": 0.038165152072906494, "Agent4_Epoch5": 0.03907811641693115, "Agent0_Epoch6": 0.010946214199066162, "Agent1_Epoch6": 0.0217246413230896, "Agent2_Epoch6": 0.02282029390335083, "Agent3_Epoch6": 0.022270560264587402, "Agent4_Epoch6": 0.022537410259246826, "Agent0_Epoch7": 0.007851183414459229, "Agent1_Epoch7": 0.013525903224945068, "Agent2_Epoch7": 0.014034867286682129, "Agent3_Epoch7": 0.014033198356628418, "Agent4_Epoch7": 0.013775289058685303, "Agent0_Epoch8": 0.005797445774078369, "Agent1_Epoch8": 0.008946895599365234, "Agent2_Epoch8": 0.00927358865737915, "Agent3_Epoch8": 0.009175479412078857, "Agent4_Epoch8": 0.009049177169799805, "Agent0_Epoch9": 0.004410386085510254, "Agent1_Epoch9": 0.00624692440032959, "Agent2_Epoch9": 0.006506443023681641, "Agent3_Epoch9": 0.0063593387603759766, "Agent4_Epoch9": 0.006141781806945801, "Agent0_Epoch10": 0.0035170912742614746, "Agent1_Epoch10": 0.004657626152038574, "Agent2_Epoch10": 0.004788875579833984, "Agent3_Epoch10": 0.004670083522796631, "Agent4_Epoch10": 0.004441618919372559, "Agent0_Epoch11": 0.0028190016746520996, "Agent1_Epoch11": 0.0035398006439208984, "Agent2_Epoch11": 0.003593146800994873, "Agent3_Epoch11": 0.003619551658630371, "Agent4_Epoch11": 0.0034506916999816895, "Agent0_Epoch12": 0.002298116683959961, "Agent1_Epoch12": 0.002766549587249756, "Agent2_Epoch12": 0.0028535127639770508, "Agent3_Epoch12": 0.002828359603881836, "Agent4_Epoch12": 0.00267791748046875, "Agent0_Epoch13": 0.0018867254257202148, "Agent1_Epoch13": 0.002196013927459717, "Agent2_Epoch13": 0.002234816551208496, "Agent3_Epoch13": 0.0021671652793884277, "Agent4_Epoch13": 0.0021392107009887695, "Agent0_Epoch14": 0.0014908313751220703, "Agent1_Epoch14": 0.0016890764236450195, "Agent2_Epoch14": 0.0017195343971252441, "Agent3_Epoch14": 0.0017060637474060059, "Agent4_Epoch14": 0.0016562342643737793, "Agent0_Epoch15": 0.0011345148086547852, "Agent1_Epoch15": 0.001257181167602539, "Agent2_Epoch15": 0.001280367374420166, "Agent3_Epoch15": 0.0012633800506591797, "Agent4_Epoch15": 0.0012691617012023926, "Agent0_Epoch16": 0.0008438825607299805, "Agent1_Epoch16": 0.000918269157409668, "Agent2_Epoch16": 0.0009214878082275391, "Agent3_Epoch16": 0.0009074211120605469, "Agent4_Epoch16": 0.0009194016456604004, "Agent0_Epoch17": 0.0006087422370910645, "Agent1_Epoch17": 0.0006525516510009766, "Agent2_Epoch17": 0.0006572604179382324, "Agent3_Epoch17": 0.0006481409072875977, "Agent4_Epoch17": 0.0006456375122070312, "Agent0_Epoch18": 0.0004323720932006836, "Agent1_Epoch18": 0.0004578232765197754, "Agent2_Epoch18": 0.0004603266716003418, "Agent3_Epoch18": 0.0004563331604003906, "Agent4_Epoch18": 0.00045675039291381836, "Agent0_Epoch19": 0.0003039240837097168, "Agent1_Epoch19": 0.0003184676170349121, "Agent2_Epoch19": 0.0003177523612976074, "Agent3_Epoch19": 0.00031697750091552734, "Agent4_Epoch19": 0.00031572580337524414, "Agent0_Epoch20": 0.00021058320999145508, "Agent1_Epoch20": 0.00021886825561523438, "Agent2_Epoch20": 0.00021904706954956055, "Agent3_Epoch20": 0.00021702051162719727, "Agent4_Epoch20": 0.00021761655807495117, "Agent0_Epoch21": 0.0001448988914489746, "Agent1_Epoch21": 0.0001494884490966797, "Agent2_Epoch21": 0.00014919042587280273, "Agent3_Epoch21": 0.00014889240264892578, "Agent4_Epoch21": 0.00014889240264892578, "Agent0_Epoch22": 9.864568710327148e-05, "Agent1_Epoch22": 0.00010114908218383789, "Agent2_Epoch22": 0.00010126829147338867, "Agent3_Epoch22": 0.00010114908218383789, "Agent4_Epoch22": 0.0001004338264465332, "Agent0_Epoch23": 6.669759750366211e-05, "Agent1_Epoch23": 6.812810897827148e-05, "Agent2_Epoch23": 6.80685043334961e-05, "Agent3_Epoch23": 6.783008575439453e-05, "Agent4_Epoch23": 6.765127182006836e-05, "Agent0_Epoch24": 4.470348358154297e-05, "Agent1_Epoch24": 4.547834396362305e-05, "Agent2_Epoch24": 4.559755325317383e-05, "Agent3_Epoch24": 4.547834396362305e-05, "Agent4_Epoch24": 4.559755325317383e-05, "Agent0_Epoch25": 3.0040740966796875e-05, "Agent1_Epoch25": 3.0517578125e-05, "Agent2_Epoch25": 3.045797348022461e-05, "Agent3_Epoch25": 3.0219554901123047e-05, "Agent4_Epoch25": 3.0338764190673828e-05, "Agent0_Epoch26": 1.9848346710205078e-05, "Agent1_Epoch26": 2.014636993408203e-05, "Agent2_Epoch26": 2.002716064453125e-05, "Agent3_Epoch26": 2.002716064453125e-05, "Agent4_Epoch26": 2.014636993408203e-05, "Agent0_Epoch27": 1.3172626495361328e-05, "Agent1_Epoch27": 1.329183578491211e-05, "Agent2_Epoch27": 1.3232231140136719e-05, "Agent3_Epoch27": 1.329183578491211e-05, "Agent4_Epoch27": 1.3232231140136719e-05, "Agent0_Epoch28": 8.702278137207031e-06, "Agent1_Epoch28": 8.64267349243164e-06, "Agent2_Epoch28": 8.761882781982422e-06, "Agent3_Epoch28": 8.64267349243164e-06, "Agent4_Epoch28": 8.821487426757812e-06, "Agent0_Epoch29": 5.662441253662109e-06, "Agent1_Epoch29": 5.781650543212891e-06, "Agent2_Epoch29": 5.662441253662109e-06, "Agent3_Epoch29": 5.781650543212891e-06, "Agent4_Epoch29": 5.662441253662109e-06, "Agent0_Epoch30": 3.814697265625e-06, "Agent1_Epoch30": 3.6954879760742188e-06, "Agent2_Epoch30": 3.6954879760742188e-06, "Agent3_Epoch30": 3.6954879760742188e-06, "Agent4_Epoch30": 3.635883331298828e-06, "Agent0_Epoch31": 2.5033950805664062e-06, "Agent1_Epoch31": 2.384185791015625e-06, "Agent2_Epoch31": 2.6226043701171875e-06, "Agent3_Epoch31": 2.5033950805664062e-06, "Agent4_Epoch31": 2.384185791015625e-06, "Agent0_Epoch32": 1.5497207641601562e-06, "Agent1_Epoch32": 1.6689300537109375e-06, "Agent2_Epoch32": 1.6689300537109375e-06, "Agent3_Epoch32": 1.6689300537109375e-06, "Agent4_Epoch32": 1.5497207641601562e-06, "Agent0_Epoch33": 1.0132789611816406e-06, "Agent1_Epoch33": 1.1324882507324219e-06, "Agent2_Epoch33": 1.1324882507324219e-06, "Agent3_Epoch33": 1.1324882507324219e-06, "Agent4_Epoch33": 1.1324882507324219e-06, "Agent0_Epoch34": 6.556510925292969e-07, "Agent1_Epoch34": 6.556510925292969e-07, "Agent2_Epoch34": 6.556510925292969e-07, "Agent3_Epoch34": 7.152557373046875e-07, "Agent4_Epoch34": 7.152557373046875e-07, "Agent0_Epoch35": 4.76837158203125e-07, "Agent1_Epoch35": 5.364418029785156e-07, "Agent2_Epoch35": 6.556510925292969e-07, "Agent3_Epoch35": 5.364418029785156e-07, "Agent4_Epoch35": 4.76837158203125e-07, "Agent0_Epoch36": 3.5762786865234375e-07, "Agent1_Epoch36": 2.980232238769531e-07, "Agent2_Epoch36": 3.5762786865234375e-07, "Agent3_Epoch36": 2.980232238769531e-07, "Agent4_Epoch36": 3.5762786865234375e-07, "Agent0_Epoch37": 1.1920928955078125e-07, "Agent1_Epoch37": 1.7881393432617188e-07, "Agent2_Epoch37": 1.7881393432617188e-07, "Agent3_Epoch37": 1.7881393432617188e-07, "Agent4_Epoch37": 1.7881393432617188e-07, "Agent0_Epoch38": 0.0, "Agent1_Epoch38": 1.1920928955078125e-07, "Agent2_Epoch38": 1.1920928955078125e-07, "Agent3_Epoch38": 1.1920928955078125e-07, "Agent4_Epoch38": 1.1920928955078125e-07, "Agent0_Epoch39": 1.1920928955078125e-07, "Agent1_Epoch39": 1.1920928955078125e-07, "Agent2_Epoch39": 0.0, "Agent3_Epoch39": 0.0, "Agent4_Epoch39": 1.1920928955078125e-07, "Agent0_Epoch40": 1.1920928955078125e-07, "Agent1_Epoch40": 1.1920928955078125e-07, "Agent2_Epoch40": 1.1920928955078125e-07,