{"E1_agent0_norm": 1.99286687374115, "E1_agent1_norm": 2.008528470993042, "E1_agent2_norm": 1.8527096509933472, "E1_agent3_norm": 2.0651562213897705, "E1_agent4_norm": 1.9301276206970215, "E2_agent0_norm": 0.026668334379792213, "E2_agent1_norm": 0.3866558074951172, "E2_agent2_norm": 0.4278135299682617, "E2_agent3_norm": 0.3081045150756836, "E2_agent4_norm": 0.38770684599876404, "E3_agent0_norm": 0.012356637977063656, "E3_agent1_norm": 0.5377312898635864, "E3_agent2_norm": 0.5982346534729004, "E3_agent3_norm": 0.554067075252533, "E3_agent4_norm": 0.6016427874565125, "E4_agent0_norm": 0.007105620577931404, "E4_agent1_norm": 0.723353922367096, "E4_agent2_norm": 0.7110210657119751, "E4_agent3_norm": 0.7224823236465454, "E4_agent4_norm": 0.6545320153236389, "E5_agent0_norm": 0.002979997778311372, "E5_agent1_norm": 0.5137015581130981, "E5_agent2_norm": 0.5011224150657654, "E5_agent3_norm": 0.5645474195480347, "E5_agent4_norm": 0.5337377190589905, "E6_agent0_norm": 0.0017860004445537925, "E6_agent1_norm": 0.4097626507282257, "E6_agent2_norm": 0.38758236169815063, "E6_agent3_norm": 0.4249262809753418, "E6_agent4_norm": 0.39559322595596313, "E7_agent0_norm": 0.0010323675815016031, "E7_agent1_norm": 0.30676722526550293, "E7_agent2_norm": 0.33912503719329834, "E7_agent3_norm": 0.31136682629585266, "E7_agent4_norm": 0.3306583762168884, "E8_agent0_norm": 0.13934360444545746, "E8_agent1_norm": 0.2927841246128082, "E8_agent2_norm": 0.29054659605026245, "E8_agent3_norm": 0.25186392664909363, "E8_agent4_norm": 0.26787060499191284, "E9_agent0_norm": 0.14582644402980804, "E9_agent1_norm": 0.26699432730674744, "E9_agent2_norm": 0.27788046002388, "E9_agent3_norm": 0.25029492378234863, "E9_agent4_norm": 0.2616303563117981, "E10_agent0_norm": 0.07120849192142487, "E10_agent1_norm": 0.2496325671672821, "E10_agent2_norm": 0.24755392968654633, "E10_agent3_norm": 0.2391664832830429, "E10_agent4_norm": 0.21783724427223206, "E11_agent0_norm": 0.0003412261139601469, "E11_agent1_norm": 0.2133597433567047, "E11_agent2_norm": 0.24779163300991058, "E11_agent3_norm": 0.21597839891910553, "E11_agent4_norm": 0.2208080142736435, "E12_agent0_norm": 0.06854350119829178, "E12_agent1_norm": 0.20462918281555176, "E12_agent2_norm": 0.1936294287443161, "E12_agent3_norm": 0.2003125250339508, "E12_agent4_norm": 0.1739244908094406, "E13_agent0_norm": 0.00027150652022100985, "E13_agent1_norm": 0.1760178506374359, "E13_agent2_norm": 0.18397626280784607, "E13_agent3_norm": 0.17701579630374908, "E13_agent4_norm": 0.17201797664165497, "E14_agent0_norm": 0.05769822373986244, "E14_agent1_norm": 0.1449664682149887, "E14_agent2_norm": 0.1462526023387909, "E14_agent3_norm": 0.12500712275505066, "E14_agent4_norm": 0.13817594945430756, "E15_agent0_norm": 0.047947801649570465, "E15_agent1_norm": 0.11042970418930054, "E15_agent2_norm": 0.09224449098110199, "E15_agent3_norm": 0.10689697414636612, "E15_agent4_norm": 0.09178829193115234, "E16_agent0_norm": 4.1499755752738565e-05, "E16_agent1_norm": 0.07967174053192139, "E16_agent2_norm": 0.08161962032318115, "E16_agent3_norm": 0.08064939081668854, "E16_agent4_norm": 0.07915101945400238, "E17_agent0_norm": 0.029797809198498726, "E17_agent1_norm": 0.06017844006419182, "E17_agent2_norm": 0.04941374063491821, "E17_agent3_norm": 0.0593276210129261, "E17_agent4_norm": 0.04967288672924042, "E18_agent0_norm": 0.030856575816869736, "E18_agent1_norm": 0.042942583560943604, "E18_agent2_norm": 0.029487913474440575, "E18_agent3_norm": 0.0439460426568985, "E18_agent4_norm": 0.029344694688916206, "E19_agent0_norm": 0.017033062875270844, "E19_agent1_norm": 0.03090299479663372, "E19_agent2_norm": 0.026184560731053352, "E19_agent3_norm": 0.031413108110427856, "E19_agent4_norm": 0.026393674314022064, "E20_agent0_norm": 1.0427270353829954e-05, "E20_agent1_norm": 0.0184310395270586, "E20_agent2_norm": 0.022297251969575882, "E20_agent3_norm": 0.019237319007515907, "E20_agent4_norm": 0.022493235766887665, "E21_agent0_norm": 6.582265541510424e-06, "E21_agent1_norm": 0.01357202511280775, "E21_agent2_norm": 0.016781529411673546, "E21_agent3_norm": 0.013390779495239258, "E21_agent4_norm": 0.016030777245759964, "E22_agent0_norm": 7.185917638707906e-06, "E22_agent1_norm": 0.0095811253413558, "E22_agent2_norm": 0.01205432415008545, "E22_agent3_norm": 0.009508365765213966, "E22_agent4_norm": 0.011699696071445942, "E23_agent0_norm": 0.004669985268265009, "E23_agent1_norm": 0.008572304621338844, "E23_agent2_norm": 0.0070634447038173676, "E23_agent3_norm": 0.008606954477727413, "E23_agent4_norm": 0.006923312321305275, "E24_agent0_norm": 0.0044992598704993725, "E24_agent1_norm": 0.005014427471905947, "E24_agent2_norm": 0.00601872056722641, "E24_agent3_norm": 0.006111880298703909, "E24_agent4_norm": 0.004875541664659977, "E25_agent0_norm": 0.003322234144434333, "E25_agent1_norm": 0.0035291537642478943, "E25_agent2_norm": 0.004328398033976555, "E25_agent3_norm": 0.004284480586647987, "E25_agent4_norm": 0.0035756740253418684, "E26_agent0_norm": 0.002343228552490473, "E26_agent1_norm": 0.002465014113113284, "E26_agent2_norm": 0.0020833336748182774, "E26_agent3_norm": 0.0026023653335869312, "E26_agent4_norm": 0.0020676685962826014, "E27_agent0_norm": 0.0013936664909124374, "E27_agent1_norm": 0.002259924542158842, "E27_agent2_norm": 0.0022075220476835966, "E27_agent3_norm": 0.0017954081995412707, "E27_agent4_norm": 0.0022308449260890484, "E28_agent0_norm": 5.21830600064277e-07, "E28_agent1_norm": 0.0013310936046764255, "E28_agent2_norm": 0.0015558118466287851, "E28_agent3_norm": 0.0013410901883617043, "E28_agent4_norm": 0.0015417399117723107, "E29_agent0_norm": 5.037263122176228e-07, "E29_agent1_norm": 0.0007631175685673952, "E29_agent2_norm": 0.0009945156052708626, "E29_agent3_norm": 0.0007762351888231933, "E29_agent4_norm": 0.0009699168149381876, "E30_agent0_norm": 0.0006027588970027864, "E30_agent1_norm": 0.0007900309865362942, "E30_agent2_norm": 0.0007651674095541239, "E30_agent3_norm": 0.0007809828384779394, "E30_agent4_norm": 0.0007961283554323018, "E31_agent0_norm": 0.00041617703391239047, "E31_agent1_norm": 0.0006698497454635799, "E31_agent2_norm": 0.0003858603595290333, "E31_agent3_norm": 0.0006784694851376116, "E31_agent4_norm": 0.000370344816474244, "E32_agent0_norm": 0.0006238349596969783, "E32_agent1_norm": 0.0003881608135998249, "E32_agent2_norm": 0.0006161986384540796, "E32_agent3_norm": 0.0003890773223247379, "E32_agent4_norm": 0.0003809119516517967, "E33_agent0_norm": 0.00020444137044250965, "E33_agent1_norm": 0.0005870460299775004, "E33_agent2_norm": 0.00018458710110280663, "E33_agent3_norm": 0.0005891192704439163, "E33_agent4_norm": 0.00018124267808161676, "E34_agent0_norm": 0.0005879534874111414, "E34_agent1_norm": 0.00019325486209709197, "E34_agent2_norm": 0.00019445826183073223, "E34_agent3_norm": 0.0005772812874056399, "E34_agent4_norm": 0.0001882974902400747, "E35_agent0_norm": 0.00010128229041583836, "E35_agent1_norm": 0.0005713122081942856, "E35_agent2_norm": 9.161279740510508e-05, "E35_agent3_norm": 0.00057222944451496, "E35_agent4_norm": 9.03097097761929e-05, "E36_agent0_norm": 0.0005780495703220367, "E36_agent1_norm": 9.550907270750031e-05, "E36_agent2_norm": 0.0005708044045604765, "E36_agent3_norm": 9.501778549747542e-05, "E36_agent4_norm": 9.422399307368323e-05, "E37_agent0_norm": 0.0005762912915088236, "E37_agent1_norm": 6.602938083233312e-05, "E37_agent2_norm": 6.605251110158861e-05, "E37_agent3_norm": 0.0005710616242140532, "E37_agent4_norm": 6.684107211185619e-05, "E38_agent0_norm": 0.0005753274308517575, "E38_agent1_norm": 4.771692329086363e-05, "E38_agent2_norm": 0.0005715356091968715, "E38_agent3_norm": 4.6008914068806916e-05, "E38_agent4_norm": 0.0005715992301702499, "E39_agent0_norm": 4.949291532163613e-10, "E39_agent1_norm": 3.298411320429295e-05, "E39_agent2_norm": 0.0005722040659748018, "E39_agent3_norm": 3.30842231051065e-05, "E39_agent4_norm": 3.190551433362998e-05, "E40_agent0_norm": 1.78284080902813e-05, "E40_agent1_norm": 0.0005726689705625176,