{"E1_agent0_norm": 2.052483558654785, "E1_agent1_norm": 2.039299726486206, "E1_agent2_norm": 1.980919599533081, "E1_agent3_norm": 2.097202777862549, "E1_agent4_norm": 2.169916868209839, "E2_agent0_norm": 0.06062273308634758, "E2_agent1_norm": 0.6975714564323425, "E2_agent2_norm": 0.5802515745162964, "E2_agent3_norm": 0.625828206539154, "E2_agent4_norm": 0.6024674773216248, "E3_agent0_norm": 0.2840398848056793, "E3_agent1_norm": 1.0254271030426025, "E3_agent2_norm": 0.8813311457633972, "E3_agent3_norm": 0.8928359746932983, "E3_agent4_norm": 0.8381889462471008, "E4_agent0_norm": 0.08101977407932281, "E4_agent1_norm": 0.821317195892334, "E4_agent2_norm": 0.7170268297195435, "E4_agent3_norm": 0.7575472593307495, "E4_agent4_norm": 0.7407938838005066, "E5_agent0_norm": 0.2548854649066925, "E5_agent1_norm": 0.5714175701141357, "E5_agent2_norm": 0.5083760023117065, "E5_agent3_norm": 0.5832159519195557, "E5_agent4_norm": 0.5188982486724854, "E6_agent0_norm": 0.07291426509618759, "E6_agent1_norm": 0.428559809923172, "E6_agent2_norm": 0.42639845609664917, "E6_agent3_norm": 0.44635042548179626, "E6_agent4_norm": 0.4243241250514984, "E7_agent0_norm": 0.1944304257631302, "E7_agent1_norm": 0.353420615196228, "E7_agent2_norm": 0.29893365502357483, "E7_agent3_norm": 0.3573472201824188, "E7_agent4_norm": 0.307567834854126, "E8_agent0_norm": 0.0010341902961954474, "E8_agent1_norm": 0.3094787001609802, "E8_agent2_norm": 0.2808796167373657, "E8_agent3_norm": 0.2872254550457001, "E8_agent4_norm": 0.28622621297836304, "E9_agent0_norm": 0.0006151836132630706, "E9_agent1_norm": 0.2768559455871582, "E9_agent2_norm": 0.2637789249420166, "E9_agent3_norm": 0.2773650288581848, "E9_agent4_norm": 0.2684055268764496, "E10_agent0_norm": 0.000579983985517174, "E10_agent1_norm": 0.26184892654418945, "E10_agent2_norm": 0.25148460268974304, "E10_agent3_norm": 0.2550591826438904, "E10_agent4_norm": 0.2428162544965744, "E11_agent0_norm": 0.0004065049288328737, "E11_agent1_norm": 0.2414734810590744, "E11_agent2_norm": 0.2166137844324112, "E11_agent3_norm": 0.23502753674983978, "E11_agent4_norm": 0.22607490420341492, "E12_agent0_norm": 0.000195964690647088, "E12_agent1_norm": 0.21972452104091644, "E12_agent2_norm": 0.20859287679195404, "E12_agent3_norm": 0.21480397880077362, "E12_agent4_norm": 0.206235870718956, "E13_agent0_norm": 0.0001607364829396829, "E13_agent1_norm": 0.18586957454681396, "E13_agent2_norm": 0.17104537785053253, "E13_agent3_norm": 0.17588169872760773, "E13_agent4_norm": 0.16931596398353577, "E14_agent0_norm": 0.0998629704117775, "E14_agent1_norm": 0.1488100290298462, "E14_agent2_norm": 0.13754595816135406, "E14_agent3_norm": 0.1429324597120285, "E14_agent4_norm": 0.14091864228248596, "E15_agent0_norm": 0.0774310976266861, "E15_agent1_norm": 0.11234637349843979, "E15_agent2_norm": 0.07362265884876251, "E15_agent3_norm": 0.10874705761671066, "E15_agent4_norm": 0.07557258754968643, "E16_agent0_norm": 5.534028969123028e-05, "E16_agent1_norm": 0.08157892525196075, "E16_agent2_norm": 0.0810496136546135, "E16_agent3_norm": 0.08397533744573593, "E16_agent4_norm": 0.07815635949373245, "E17_agent0_norm": 0.024526886641979218, "E17_agent1_norm": 0.060770485550165176, "E17_agent2_norm": 0.05193241313099861, "E17_agent3_norm": 0.06141772121191025, "E17_agent4_norm": 0.05238577350974083, "E18_agent0_norm": 2.160893563996069e-05, "E18_agent1_norm": 0.043426401913166046, "E18_agent2_norm": 0.04262624680995941, "E18_agent3_norm": 0.045487746596336365, "E18_agent4_norm": 0.041862551122903824, "E19_agent0_norm": 0.023416951298713684, "E19_agent1_norm": 0.03302353620529175, "E19_agent2_norm": 0.021744733676314354, "E19_agent3_norm": 0.03349554166197777, "E19_agent4_norm": 0.022450456395745277, "E20_agent0_norm": 1.0220965123153292e-05, "E20_agent1_norm": 0.024433309212327003, "E20_agent2_norm": 0.02348428964614868, "E20_agent3_norm": 0.02455352433025837, "E20_agent4_norm": 0.023291442543268204, "E21_agent0_norm": 0.012310859747231007, "E21_agent1_norm": 0.018302258104085922, "E21_agent2_norm": 0.016632115468382835, "E21_agent3_norm": 0.01793784648180008, "E21_agent4_norm": 0.016584349796175957, "E22_agent0_norm": 0.009158473461866379, "E22_agent1_norm": 0.01159549131989479, "E22_agent2_norm": 0.008559630252420902, "E22_agent3_norm": 0.011453353799879551, "E22_agent4_norm": 0.00872706901282072, "E23_agent0_norm": 0.00423756567761302, "E23_agent1_norm": 0.009766960516571999, "E23_agent2_norm": 0.00918315164744854, "E23_agent3_norm": 0.00937053095549345, "E23_agent4_norm": 0.00897130649536848, "E24_agent0_norm": 2.053523076028796e-06, "E24_agent1_norm": 0.007026595529168844, "E24_agent2_norm": 0.00658310204744339, "E24_agent3_norm": 0.00690696993842721, "E24_agent4_norm": 0.00637662410736084, "E25_agent0_norm": 1.0177518561249599e-06, "E25_agent1_norm": 0.004985204432159662, "E25_agent2_norm": 0.004748641978949308, "E25_agent3_norm": 0.004892634227871895, "E25_agent4_norm": 0.004615309648215771, "E26_agent0_norm": 9.740275572767132e-07, "E26_agent1_norm": 0.0035210514906793833, "E26_agent2_norm": 0.003324351739138365, "E26_agent3_norm": 0.003597456030547619, "E26_agent4_norm": 0.0033932034857571125, "E27_agent0_norm": 3.271466368914844e-07, "E27_agent1_norm": 0.0024766798596829176, "E27_agent2_norm": 0.002331259660422802, "E27_agent3_norm": 0.0025495700538158417, "E27_agent4_norm": 0.002240424510091543, "E28_agent0_norm": 3.891002052114345e-05, "E28_agent1_norm": 0.00174701155629009, "E28_agent2_norm": 0.0016948697157204151, "E28_agent3_norm": 0.001808017841540277, "E28_agent4_norm": 0.0016760217258706689, "E29_agent0_norm": 0.000885080371517688, "E29_agent1_norm": 0.0012661843793466687, "E29_agent2_norm": 0.000809089164249599, "E29_agent3_norm": 0.001288880594074726, "E29_agent4_norm": 0.0008317790925502777, "E30_agent0_norm": 2.0914027118124068e-05, "E30_agent1_norm": 0.0006114204879850149, "E30_agent2_norm": 0.0008565699099563062, "E30_agent3_norm": 0.0006283581024035811, "E30_agent4_norm": 0.0008456490468233824, "E31_agent0_norm": 0.0004341134335845709, "E31_agent1_norm": 0.0006368128233589232, "E31_agent2_norm": 0.0004099644720554352, "E31_agent3_norm": 0.0006295006605796516, "E31_agent4_norm": 0.00040790895582176745, "E32_agent0_norm": 5.061234276126925e-08, "E32_agent1_norm": 0.0004373704141471535, "E32_agent2_norm": 0.0004146992869209498, "E32_agent3_norm": 0.00045582655002363026, "E32_agent4_norm": 0.0004221296403557062, "E33_agent0_norm": 0.00021602037304546684, "E33_agent1_norm": 0.0003123104106634855, "E33_agent2_norm": 0.00020242382015567273, "E33_agent3_norm": 0.00031281806877814233, "E33_agent4_norm": 0.00020439534273464233, "E34_agent0_norm": 1.0810992989718216e-08, "E34_agent1_norm": 0.00021671046852134168, "E34_agent2_norm": 0.00020904172561131418, "E34_agent3_norm": 0.0002136346884071827, "E34_agent4_norm": 0.0001987233554245904, "E35_agent0_norm": 0.00010864991054404527, "E35_agent1_norm": 0.00015472750237677246, "E35_agent2_norm": 0.00010339554137317464, "E35_agent3_norm": 0.00015181164781097323, "E35_agent4_norm": 0.00010107149864779785, "E36_agent0_norm": 1.4890498833963761e-09, "E36_agent1_norm": 0.00010620705870678648, "E36_agent2_norm": 0.00010002078488469124, "E36_agent3_norm": 0.00010635070793796331, "E36_agent4_norm": 0.00010190917237196118, "E37_agent0_norm": 5.331276042852551e-05, "E37_agent1_norm": 7.631141488673165e-05, "E37_agent2_norm": 5.035509093431756e-05, "E37_agent3_norm": 7.657483365619555e-05, "E37_agent4_norm": 4.969608926330693e-05, "E38_agent0_norm": 1.5960800965331146e-06, "E38_agent1_norm": 3.736815779120661e-05, "E38_agent2_norm": 4.964370236848481e-05, "E38_agent3_norm": 3.674144682008773e-05, "E38_agent4_norm": 5.0812952395062894e-05, "E39_agent0_norm": 2.6384697775938548e-05, "E39_agent1_norm": 3.621219002525322e-05, "E39_agent2_norm": 0.0005735708400607109, "E39_agent3_norm": 3.727243165485561e-05, "E39_agent4_norm": 0.0005736618768423796, "E40_agent0_norm": 1.8358736269874498e-05, "E40_agent1_norm": 2.591792872408405e-05,