{"Agent0_Epoch1": 0.291263222694397, "Agent1_Epoch1": 0.2816135287284851, "Agent2_Epoch1": 0.9856919050216675, "Agent3_Epoch1": 0.9923712611198425, "Agent4_Epoch1": 0.9997145533561707, "Agent0_Epoch2": 0.05535644292831421, "Agent1_Epoch2": 0.29794979095458984, "Agent2_Epoch2": 0.29732733964920044, "Agent3_Epoch2": 0.301813006401062, "Agent4_Epoch2": 0.29839611053466797, "Agent0_Epoch3": 0.032955825328826904, "Agent1_Epoch3": 0.13583701848983765, "Agent2_Epoch3": 0.14061087369918823, "Agent3_Epoch3": 0.14468789100646973, "Agent4_Epoch3": 0.13949257135391235, "Agent0_Epoch4": 0.022774159908294678, "Agent1_Epoch4": 0.06916135549545288, "Agent2_Epoch4": 0.07303857803344727, "Agent3_Epoch4": 0.07055872678756714, "Agent4_Epoch4": 0.07066750526428223, "Agent0_Epoch5": 0.015869736671447754, "Agent1_Epoch5": 0.037979960441589355, "Agent2_Epoch5": 0.040299415588378906, "Agent3_Epoch5": 0.039142072200775146, "Agent4_Epoch5": 0.038685500621795654, "Agent0_Epoch6": 0.011348128318786621, "Agent1_Epoch6": 0.02258443832397461, "Agent2_Epoch6": 0.023230254650115967, "Agent3_Epoch6": 0.023207545280456543, "Agent4_Epoch6": 0.023784995079040527, "Agent0_Epoch7": 0.008295655250549316, "Agent1_Epoch7": 0.01430809497833252, "Agent2_Epoch7": 0.014638125896453857, "Agent3_Epoch7": 0.01466149091720581, "Agent4_Epoch7": 0.014496326446533203, "Agent0_Epoch8": 0.006184875965118408, "Agent1_Epoch8": 0.009566307067871094, "Agent2_Epoch8": 0.010076463222503662, "Agent3_Epoch8": 0.009827196598052979, "Agent4_Epoch8": 0.009988248348236084, "Agent0_Epoch9": 0.0048073530197143555, "Agent1_Epoch9": 0.006823718547821045, "Agent2_Epoch9": 0.007076263427734375, "Agent3_Epoch9": 0.006907343864440918, "Agent4_Epoch9": 0.006823837757110596, "Agent0_Epoch10": 0.0038101673126220703, "Agent1_Epoch10": 0.0050577521324157715, "Agent2_Epoch10": 0.005298614501953125, "Agent3_Epoch10": 0.005066394805908203, "Agent4_Epoch10": 0.00515592098236084, "Agent0_Epoch11": 0.003102540969848633, "Agent1_Epoch11": 0.0039057135581970215, "Agent2_Epoch11": 0.003964543342590332, "Agent3_Epoch11": 0.0039060115814208984, "Agent4_Epoch11": 0.003922581672668457, "Agent0_Epoch12": 0.0025063753128051758, "Agent1_Epoch12": 0.0030254125595092773, "Agent2_Epoch12": 0.0030219554901123047, "Agent3_Epoch12": 0.0030498504638671875, "Agent4_Epoch12": 0.003015458583831787, "Agent0_Epoch13": 0.002006053924560547, "Agent1_Epoch13": 0.0023407936096191406, "Agent2_Epoch13": 0.002351820468902588, "Agent3_Epoch13": 0.002380192279815674, "Agent4_Epoch13": 0.0023155808448791504, "Agent0_Epoch14": 0.001579880714416504, "Agent1_Epoch14": 0.0017938613891601562, "Agent2_Epoch14": 0.0018155574798583984, "Agent3_Epoch14": 0.0018075108528137207, "Agent4_Epoch14": 0.0017719864845275879, "Agent0_Epoch15": 0.0012215971946716309, "Agent1_Epoch15": 0.0013565421104431152, "Agent2_Epoch15": 0.0013669729232788086, "Agent3_Epoch15": 0.0013613104820251465, "Agent4_Epoch15": 0.0013471245765686035, "Agent0_Epoch16": 0.0009196996688842773, "Agent1_Epoch16": 0.0010026097297668457, "Agent2_Epoch16": 0.0010056495666503906, "Agent3_Epoch16": 0.0010028481483459473, "Agent4_Epoch16": 0.0009932518005371094, "Agent0_Epoch17": 0.0006754398345947266, "Agent1_Epoch17": 0.0007251501083374023, "Agent2_Epoch17": 0.0007337331771850586, "Agent3_Epoch17": 0.0007319450378417969, "Agent4_Epoch17": 0.0007258057594299316, "Agent0_Epoch18": 0.00048828125, "Agent1_Epoch18": 0.0005178451538085938, "Agent2_Epoch18": 0.0005201101303100586, "Agent3_Epoch18": 0.0005218386650085449, "Agent4_Epoch18": 0.0005145072937011719, "Agent0_Epoch19": 0.00034797191619873047, "Agent1_Epoch19": 0.00036525726318359375, "Agent2_Epoch19": 0.00036537647247314453, "Agent3_Epoch19": 0.00036460161209106445, "Agent4_Epoch19": 0.0003628730773925781, "Agent0_Epoch20": 0.0002446174621582031, "Agent1_Epoch20": 0.0002543330192565918, "Agent2_Epoch20": 0.0002548098564147949, "Agent3_Epoch20": 0.0002537369728088379, "Agent4_Epoch20": 0.00025469064712524414, "Agent0_Epoch21": 0.00017011165618896484, "Agent1_Epoch21": 0.00017559528350830078, "Agent2_Epoch21": 0.00017511844635009766, "Agent3_Epoch21": 0.00017499923706054688, "Agent4_Epoch21": 0.00017452239990234375, "Agent0_Epoch22": 0.00011688470840454102, "Agent1_Epoch22": 0.00012004375457763672, "Agent2_Epoch22": 0.00011986494064331055, "Agent3_Epoch22": 0.00011968612670898438, "Agent4_Epoch22": 0.00011938810348510742, "Agent0_Epoch23": 7.957220077514648e-05, "Agent1_Epoch23": 8.130073547363281e-05, "Agent2_Epoch23": 8.147954940795898e-05, "Agent3_Epoch23": 8.118152618408203e-05, "Agent4_Epoch23": 8.118152618408203e-05, "Agent0_Epoch24": 5.3882598876953125e-05, "Agent1_Epoch24": 5.4776668548583984e-05, "Agent2_Epoch24": 5.4776668548583984e-05, "Agent3_Epoch24": 5.453824996948242e-05, "Agent4_Epoch24": 5.4776668548583984e-05, "Agent0_Epoch25": 3.62396240234375e-05, "Agent1_Epoch25": 3.6716461181640625e-05, "Agent2_Epoch25": 3.6716461181640625e-05, "Agent3_Epoch25": 3.6716461181640625e-05, "Agent4_Epoch25": 3.647804260253906e-05, "Agent0_Epoch26": 2.4259090423583984e-05, "Agent1_Epoch26": 2.4378299713134766e-05, "Agent2_Epoch26": 2.4497509002685547e-05, "Agent3_Epoch26": 2.4497509002685547e-05, "Agent4_Epoch26": 2.4497509002685547e-05, "Agent0_Epoch27": 1.5974044799804688e-05, "Agent1_Epoch27": 1.609325408935547e-05, "Agent2_Epoch27": 1.615285873413086e-05, "Agent3_Epoch27": 1.609325408935547e-05, "Agent4_Epoch27": 1.615285873413086e-05, "Agent0_Epoch28": 1.0728836059570312e-05, "Agent1_Epoch28": 1.0788440704345703e-05, "Agent2_Epoch28": 1.0728836059570312e-05, "Agent3_Epoch28": 1.0609626770019531e-05, "Agent4_Epoch28": 1.0788440704345703e-05, "Agent0_Epoch29": 6.9141387939453125e-06, "Agent1_Epoch29": 7.033348083496094e-06, "Agent2_Epoch29": 6.9141387939453125e-06, "Agent3_Epoch29": 7.033348083496094e-06, "Agent4_Epoch29": 6.9141387939453125e-06, "Agent0_Epoch30": 4.649162292480469e-06, "Agent1_Epoch30": 4.589557647705078e-06, "Agent2_Epoch30": 4.589557647705078e-06, "Agent3_Epoch30": 4.589557647705078e-06, "Agent4_Epoch30": 4.589557647705078e-06, "Agent0_Epoch31": 3.0994415283203125e-06, "Agent1_Epoch31": 2.9802322387695312e-06, "Agent2_Epoch31": 2.9802322387695312e-06, "Agent3_Epoch31": 3.0994415283203125e-06, "Agent4_Epoch31": 2.9802322387695312e-06, "Agent0_Epoch32": 1.9669532775878906e-06, "Agent1_Epoch32": 1.9669532775878906e-06, "Agent2_Epoch32": 2.086162567138672e-06, "Agent3_Epoch32": 2.086162567138672e-06, "Agent4_Epoch32": 2.086162567138672e-06, "Agent0_Epoch33": 1.3113021850585938e-06, "Agent1_Epoch33": 1.430511474609375e-06, "Agent2_Epoch33": 1.3113021850585938e-06, "Agent3_Epoch33": 1.430511474609375e-06, "Agent4_Epoch33": 1.3113021850585938e-06, "Agent0_Epoch34": 9.5367431640625e-07, "Agent1_Epoch34": 8.344650268554688e-07, "Agent2_Epoch34": 9.5367431640625e-07, "Agent3_Epoch34": 8.344650268554688e-07, "Agent4_Epoch34": 8.344650268554688e-07, "Agent0_Epoch35": 6.556510925292969e-07, "Agent1_Epoch35": 5.364418029785156e-07, "Agent2_Epoch35": 5.364418029785156e-07, "Agent3_Epoch35": 5.364418029785156e-07, "Agent4_Epoch35": 5.364418029785156e-07, "Agent0_Epoch36": 2.980232238769531e-07, "Agent1_Epoch36": 3.5762786865234375e-07, "Agent2_Epoch36": 3.5762786865234375e-07, "Agent3_Epoch36": 3.5762786865234375e-07, "Agent4_Epoch36": 4.76837158203125e-07, "Agent0_Epoch37": 2.980232238769531e-07, "Agent1_Epoch37": 1.7881393432617188e-07, "Agent2_Epoch37": 1.7881393432617188e-07, "Agent3_Epoch37": 1.7881393432617188e-07, "Agent4_Epoch37": 1.7881393432617188e-07, "Agent0_Epoch38": 1.7881393432617188e-07, "Agent1_Epoch38": 2.980232238769531e-07, "Agent2_Epoch38": 2.980232238769531e-07, "Agent3_Epoch38": 2.980232238769531e-07, "Agent4_Epoch38": 2.980232238769531e-07, "Agent0_Epoch39": 1.7881393432617188e-07, "Agent1_Epoch39": 1.1920928955078125e-07, "Agent2_Epoch39": 1.7881393432617188e-07, "Agent3_Epoch39": 1.1920928955078125e-07, "Agent4_Epoch39": 1.1920928955078125e-07, "Agent0_Epoch40": 1.1920928955078125e-07, "Agent1_Epoch40": 0.0, "Agent2_Epoch40": 0.0,