{"Agent0_Epoch1": 0.2892100214958191, "Agent1_Epoch1": 0.2979474663734436, "Agent2_Epoch1": 0.9999241232872009, "Agent3_Epoch1": 0.9983062744140625, "Agent4_Epoch1": 0.9978370666503906, "Agent0_Epoch2": 0.05553025007247925, "Agent1_Epoch2": 0.28582149744033813, "Agent2_Epoch2": 0.30376195907592773, "Agent3_Epoch2": 0.29656052589416504, "Agent4_Epoch2": 0.30502063035964966, "Agent0_Epoch3": 0.032746195793151855, "Agent1_Epoch3": 0.13299494981765747, "Agent2_Epoch3": 0.1341126561164856, "Agent3_Epoch3": 0.13271915912628174, "Agent4_Epoch3": 0.13871175050735474, "Agent0_Epoch4": 0.019995450973510742, "Agent1_Epoch4": 0.06268274784088135, "Agent2_Epoch4": 0.06486940383911133, "Agent3_Epoch4": 0.06176292896270752, "Agent4_Epoch4": 0.06784707307815552, "Agent0_Epoch5": 0.013220429420471191, "Agent1_Epoch5": 0.032488465309143066, "Agent2_Epoch5": 0.033560216426849365, "Agent3_Epoch5": 0.03320205211639404, "Agent4_Epoch5": 0.03459155559539795, "Agent0_Epoch6": 0.009040594100952148, "Agent1_Epoch6": 0.01843017339706421, "Agent2_Epoch6": 0.019236505031585693, "Agent3_Epoch6": 0.01854175329208374, "Agent4_Epoch6": 0.01992100477218628, "Agent0_Epoch7": 0.00654447078704834, "Agent1_Epoch7": 0.011522829532623291, "Agent2_Epoch7": 0.01221776008605957, "Agent3_Epoch7": 0.011499941349029541, "Agent4_Epoch7": 0.012292623519897461, "Agent0_Epoch8": 0.004982411861419678, "Agent1_Epoch8": 0.007815062999725342, "Agent2_Epoch8": 0.007955372333526611, "Agent3_Epoch8": 0.007799267768859863, "Agent4_Epoch8": 0.008450984954833984, "Agent0_Epoch9": 0.0038257837295532227, "Agent1_Epoch9": 0.005488872528076172, "Agent2_Epoch9": 0.006076037883758545, "Agent3_Epoch9": 0.005692183971405029, "Agent4_Epoch9": 0.006495177745819092, "Agent0_Epoch10": 0.004071235656738281, "Agent1_Epoch10": 0.005832552909851074, "Agent2_Epoch10": 0.006256461143493652, "Agent3_Epoch10": 0.005988121032714844, "Agent4_Epoch10": 0.006493568420410156, "Agent0_Epoch11": 0.004145383834838867, "Agent1_Epoch11": 0.005934953689575195, "Agent2_Epoch11": 0.006284356117248535, "Agent3_Epoch11": 0.006082117557525635, "Agent4_Epoch11": 0.006586194038391113, "Agent0_Epoch12": 0.004198968410491943, "Agent1_Epoch12": 0.006009221076965332, "Agent2_Epoch12": 0.006258070468902588, "Agent3_Epoch12": 0.006198287010192871, "Agent4_Epoch12": 0.006419062614440918, "Agent0_Epoch13": 0.004217267036437988, "Agent1_Epoch13": 0.0060326457023620605, "Agent2_Epoch13": 0.006257057189941406, "Agent3_Epoch13": 0.0064013004302978516, "Agent4_Epoch13": 0.006585419178009033, "Agent0_Epoch14": 0.004316389560699463, "Agent1_Epoch14": 0.006173908710479736, "Agent2_Epoch14": 0.006336808204650879, "Agent3_Epoch14": 0.00626683235168457, "Agent4_Epoch14": 0.006548404693603516, "Agent0_Epoch15": 0.0043370723724365234, "Agent1_Epoch15": 0.006201803684234619, "Agent2_Epoch15": 0.006302237510681152, "Agent3_Epoch15": 0.006386399269104004, "Agent4_Epoch15": 0.006472289562225342, "Agent0_Epoch16": 0.004359781742095947, "Agent1_Epoch16": 0.006234347820281982, "Agent2_Epoch16": 0.006355643272399902, "Agent3_Epoch16": 0.0063492655754089355, "Agent4_Epoch16": 0.006468355655670166, "Agent0_Epoch17": 0.004405379295349121, "Agent1_Epoch17": 0.006298542022705078, "Agent2_Epoch17": 0.0063285231590271, "Agent3_Epoch17": 0.006310939788818359, "Agent4_Epoch17": 0.006428241729736328, "Agent0_Epoch18": 0.004412233829498291, "Agent1_Epoch18": 0.006307840347290039, "Agent2_Epoch18": 0.0063512325286865234, "Agent3_Epoch18": 0.006356358528137207, "Agent4_Epoch18": 0.0064067840576171875, "Agent0_Epoch19": 0.0044245123863220215, "Agent1_Epoch19": 0.0063250064849853516, "Agent2_Epoch19": 0.006364345550537109, "Agent3_Epoch19": 0.006342649459838867, "Agent4_Epoch19": 0.006414949893951416, "Agent0_Epoch20": 0.004433333873748779, "Agent1_Epoch20": 0.006337404251098633, "Agent2_Epoch20": 0.0063710808753967285, "Agent3_Epoch20": 0.006363511085510254, "Agent4_Epoch20": 0.006374239921569824, "Agent0_Epoch21": 0.00443577766418457, "Agent1_Epoch21": 0.0063408613204956055, "Agent2_Epoch21": 0.006368577480316162, "Agent3_Epoch21": 0.006365537643432617, "Agent4_Epoch21": 0.0063874125480651855, "Agent0_Epoch22": 0.004441380500793457, "Agent1_Epoch22": 0.006348788738250732, "Agent2_Epoch22": 0.006362736225128174, "Agent3_Epoch22": 0.006361782550811768, "Agent4_Epoch22": 0.006383538246154785, "Agent0_Epoch23": 0.004444479942321777, "Agent1_Epoch23": 0.0063530802726745605, "Agent2_Epoch23": 0.006365954875946045, "Agent3_Epoch23": 0.006365180015563965, "Agent4_Epoch23": 0.00637507438659668, "Agent0_Epoch24": 0.00444793701171875, "Agent1_Epoch24": 0.006358027458190918, "Agent2_Epoch24": 0.0063648223876953125, "Agent3_Epoch24": 0.006361961364746094, "Agent4_Epoch24": 0.00636976957321167, "Agent0_Epoch25": 0.004448950290679932, "Agent1_Epoch25": 0.006359577178955078, "Agent2_Epoch25": 0.006367504596710205, "Agent3_Epoch25": 0.006365418434143066, "Agent4_Epoch25": 0.006369531154632568, "Agent0_Epoch26": 0.004450082778930664, "Agent1_Epoch26": 0.006360888481140137, "Agent2_Epoch26": 0.006366729736328125, "Agent3_Epoch26": 0.006364345550537109, "Agent4_Epoch26": 0.0063683390617370605, "Agent0_Epoch27": 0.0044509172439575195, "Agent1_Epoch27": 0.006362318992614746, "Agent2_Epoch27": 0.006364166736602783, "Agent3_Epoch27": 0.006365060806274414, "Agent4_Epoch27": 0.006368875503540039, "Agent0_Epoch28": 0.0044516921043396, "Agent1_Epoch28": 0.006363272666931152, "Agent2_Epoch28": 0.0063651204109191895, "Agent3_Epoch28": 0.006364583969116211, "Agent4_Epoch28": 0.0063658952713012695, "Agent0_Epoch29": 0.0044519901275634766, "Agent1_Epoch29": 0.006363809108734131, "Agent2_Epoch29": 0.006364881992340088, "Agent3_Epoch29": 0.006364762783050537, "Agent4_Epoch29": 0.006366372108459473, "Agent0_Epoch30": 0.004452228546142578, "Agent1_Epoch30": 0.006363987922668457, "Agent2_Epoch30": 0.006364643573760986, "Agent3_Epoch30": 0.006365180015563965, "Agent4_Epoch30": 0.006366133689880371, "Agent0_Epoch31": 0.004452407360076904, "Agent1_Epoch31": 0.006364226341247559, "Agent2_Epoch31": 0.006365060806274414, "Agent3_Epoch31": 0.006364941596984863, "Agent4_Epoch31": 0.006365537643432617, "Agent0_Epoch32": 0.004452526569366455, "Agent1_Epoch32": 0.006364345550537109, "Agent2_Epoch32": 0.006365001201629639, "Agent3_Epoch32": 0.0063648223876953125, "Agent4_Epoch32": 0.006365060806274414, "Agent0_Epoch33": 0.004452705383300781, "Agent1_Epoch33": 0.006364643573760986, "Agent2_Epoch33": 0.006364941596984863, "Agent3_Epoch33": 0.0063648223876953125, "Agent4_Epoch33": 0.006365299224853516, "Agent0_Epoch34": 0.004452705383300781, "Agent1_Epoch34": 0.006364762783050537, "Agent2_Epoch34": 0.006365060806274414, "Agent3_Epoch34": 0.0063651204109191895, "Agent4_Epoch34": 0.00636523962020874, "Agent0_Epoch35": 0.004452824592590332, "Agent1_Epoch35": 0.006364881992340088, "Agent2_Epoch35": 0.006365060806274414, "Agent3_Epoch35": 0.006364881992340088, "Agent4_Epoch35": 0.006365060806274414, "Agent0_Epoch36": 0.004452824592590332, "Agent1_Epoch36": 0.006364881992340088, "Agent2_Epoch36": 0.006365001201629639, "Agent3_Epoch36": 0.006364941596984863, "Agent4_Epoch36": 0.0063651204109191895, "Agent0_Epoch37": 0.004452824592590332, "Agent1_Epoch37": 0.006364941596984863, "Agent2_Epoch37": 0.006364941596984863, "Agent3_Epoch37": 0.006365001201629639, "Agent4_Epoch37": 0.006365001201629639, "Agent0_Epoch38": 0.004452824592590332, "Agent1_Epoch38": 0.006364941596984863, "Agent2_Epoch38": 0.006365001201629639, "Agent3_Epoch38": 0.006365001201629639, "Agent4_Epoch38": 0.006365060806274414, "Agent0_Epoch39": 0.004452705383300781, "Agent1_Epoch39": 0.006364881992340088, "Agent2_Epoch39": 0.006364881992340088, "Agent3_Epoch39": 0.006364881992340088, "Agent4_Epoch39": 0.006364881992340088, "Agent0_Epoch40": 0.004452705383300781, "Agent1_Epoch40": 0.0063648223876953125, "Agent2_Epoch40": 0.006364881992340088, "Agent3_Epoch40": 0.006364881992340088, "Agent4_Epoch40": 0.006364881992340088, "Agent0_Epoch41": 0.004452824592590332,