{"E1_agent0_norm": 2.1900975704193115, "E1_agent1_norm": 1.95567786693573, "E1_agent2_norm": 1.9066227674484253, "E1_agent3_norm": 1.9180665016174316, "E1_agent4_norm": 1.978764295578003, "E2_agent0_norm": 0.7130187749862671, "E2_agent1_norm": 1.0446546077728271, "E2_agent2_norm": 1.0656088590621948, "E2_agent3_norm": 0.6351505517959595, "E2_agent4_norm": 1.2698055505752563, "E3_agent0_norm": 0.6555696725845337, "E3_agent1_norm": 0.4520406424999237, "E3_agent2_norm": 0.49233099818229675, "E3_agent3_norm": 0.5376763343811035, "E3_agent4_norm": 0.5651635527610779, "E4_agent0_norm": 0.5012856125831604, "E4_agent1_norm": 0.38003718852996826, "E4_agent2_norm": 0.3335178792476654, "E4_agent3_norm": 0.36615604162216187, "E4_agent4_norm": 0.40564000606536865, "E5_agent0_norm": 0.40702855587005615, "E5_agent1_norm": 0.2881809175014496, "E5_agent2_norm": 0.2993529736995697, "E5_agent3_norm": 0.2932737171649933, "E5_agent4_norm": 0.41483569145202637, "E6_agent0_norm": 0.31106069684028625, "E6_agent1_norm": 0.20824281871318817, "E6_agent2_norm": 0.21836666762828827, "E6_agent3_norm": 0.21887250244617462, "E6_agent4_norm": 0.24356164038181305, "E7_agent0_norm": 0.3209487497806549, "E7_agent1_norm": 0.16783370077610016, "E7_agent2_norm": 0.18537479639053345, "E7_agent3_norm": 0.1801697164773941, "E7_agent4_norm": 0.19396160542964935, "E8_agent0_norm": 0.30089110136032104, "E8_agent1_norm": 0.14528979361057281, "E8_agent2_norm": 0.13535764813423157, "E8_agent3_norm": 0.15031757950782776, "E8_agent4_norm": 0.17000460624694824, "E9_agent0_norm": 0.2671673595905304, "E9_agent1_norm": 0.10638254135847092, "E9_agent2_norm": 0.11782066524028778, "E9_agent3_norm": 0.11079734563827515, "E9_agent4_norm": 0.14425678551197052, "E10_agent0_norm": 0.06507183611392975, "E10_agent1_norm": 0.08191154152154922, "E10_agent2_norm": 0.06403473764657974, "E10_agent3_norm": 0.06683230400085449, "E10_agent4_norm": 0.07944886386394501, "E11_agent0_norm": 0.0445079505443573, "E11_agent1_norm": 0.06381483376026154, "E11_agent2_norm": 0.04775496944785118, "E11_agent3_norm": 0.04418069124221802, "E11_agent4_norm": 0.05855370685458183, "E12_agent0_norm": 0.03391497954726219, "E12_agent1_norm": 0.047748640179634094, "E12_agent2_norm": 0.041796594858169556, "E12_agent3_norm": 0.042430490255355835, "E12_agent4_norm": 0.05522245541214943, "E13_agent0_norm": 0.02699308469891548, "E13_agent1_norm": 0.04154173657298088, "E13_agent2_norm": 0.032592564821243286, "E13_agent3_norm": 0.037436798214912415, "E13_agent4_norm": 0.03970005735754967, "E14_agent0_norm": 0.01697022095322609, "E14_agent1_norm": 0.025311866775155067, "E14_agent2_norm": 0.018175723031163216, "E14_agent3_norm": 0.022823819890618324, "E14_agent4_norm": 0.025431010872125626, "E15_agent0_norm": 0.01247687079012394, "E15_agent1_norm": 0.01987641490995884, "E15_agent2_norm": 0.01563752442598343, "E15_agent3_norm": 0.018431667238473892, "E15_agent4_norm": 0.01728416234254837, "E16_agent0_norm": 0.008861965499818325, "E16_agent1_norm": 0.010929998010396957, "E16_agent2_norm": 0.009273616597056389, "E16_agent3_norm": 0.01529709529131651, "E16_agent4_norm": 0.013485132716596127, "E17_agent0_norm": 0.006440729834139347, "E17_agent1_norm": 0.010742323473095894, "E17_agent2_norm": 0.007448395248502493, "E17_agent3_norm": 0.0071257613599300385, "E17_agent4_norm": 0.0121636763215065, "E18_agent0_norm": 0.004390608984977007, "E18_agent1_norm": 0.008537719026207924, "E18_agent2_norm": 0.007470168173313141, "E18_agent3_norm": 0.005375540349632502, "E18_agent4_norm": 0.006457686889916658, "E19_agent0_norm": 0.0028539467602968216, "E19_agent1_norm": 0.004885633941739798, "E19_agent2_norm": 0.0030531873926520348, "E19_agent3_norm": 0.002935395110398531, "E19_agent4_norm": 0.006015547551214695, "E20_agent0_norm": 0.0023249671794474125, "E20_agent1_norm": 0.005400952883064747, "E20_agent2_norm": 0.0027325553819537163, "E20_agent3_norm": 0.0030836977530270815, "E20_agent4_norm": 0.003992156125605106, "E21_agent0_norm": 0.0016911356942728162, "E21_agent1_norm": 0.0028492205310612917, "E21_agent2_norm": 0.0019588645081967115, "E21_agent3_norm": 0.002850435907021165, "E21_agent4_norm": 0.0028474214486777782, "E22_agent0_norm": 0.0011795599712058902, "E22_agent1_norm": 0.0022264018189162016, "E22_agent2_norm": 0.0013897856697440147, "E22_agent3_norm": 0.0018055804539471865, "E22_agent4_norm": 0.002104853978380561, "E23_agent0_norm": 0.0006410862552002072, "E23_agent1_norm": 0.0009100256720557809, "E23_agent2_norm": 0.0009070135420188308, "E23_agent3_norm": 0.0010545343393459916, "E23_agent4_norm": 0.0007537040510214865, "E24_agent0_norm": 0.0006169971893541515, "E24_agent1_norm": 0.0009999522008001804, "E24_agent2_norm": 0.0007110257865861058, "E24_agent3_norm": 0.0007093261810950935, "E24_agent4_norm": 0.0006895584519952536, "E25_agent0_norm": 0.00039030256448313594, "E25_agent1_norm": 0.0006973175914026797, "E25_agent2_norm": 0.00038647186011075974, "E25_agent3_norm": 0.0003532988193910569, "E25_agent4_norm": 0.0006029523792676628, "E26_agent0_norm": 0.0002750299172475934, "E26_agent1_norm": 0.00040613545570522547, "E26_agent2_norm": 0.00040488221566192806, "E26_agent3_norm": 0.0004529925645329058, "E26_agent4_norm": 0.00034947574022226036, "E27_agent0_norm": 0.00017875725461635739, "E27_agent1_norm": 0.0003216943587176502, "E27_agent2_norm": 0.00021997197472956032, "E27_agent3_norm": 0.00027506108745001256, "E27_agent4_norm": 0.0003139771579299122, "E28_agent0_norm": 0.00015742571849841624, "E28_agent1_norm": 0.0002751435968093574, "E28_agent2_norm": 0.0001694050442893058, "E28_agent3_norm": 0.0003125181538052857, "E28_agent4_norm": 0.0003129438846372068, "E29_agent0_norm": 0.00013396538270171732, "E29_agent1_norm": 0.0002276270679431036, "E29_agent2_norm": 0.00016601964307483286, "E29_agent3_norm": 0.00019877596059814095, "E29_agent4_norm": 0.000252916244789958, "E30_agent0_norm": 5.9001824411097914e-05, "E30_agent1_norm": 0.00011082729906775057, "E30_agent2_norm": 6.66346459183842e-05, "E30_agent3_norm": 7.496398757211864e-05, "E30_agent4_norm": 8.348532719537616e-05, "E31_agent0_norm": 4.330355295678601e-05, "E31_agent1_norm": 9.175220475299284e-05, "E31_agent2_norm": 5.587408668361604e-05, "E31_agent3_norm": 5.3041942010167986e-05, "E31_agent4_norm": 8.513854118064046e-05, "E32_agent0_norm": 3.095609645242803e-05, "E32_agent1_norm": 5.460649117594585e-05, "E32_agent2_norm": 3.442483284743503e-05, "E32_agent3_norm": 4.3298186938045546e-05, "E32_agent4_norm": 5.181252709007822e-05, "E33_agent0_norm": 1.943353890965227e-05, "E33_agent1_norm": 4.4573807826964185e-05, "E33_agent2_norm": 3.06889669445809e-05, "E33_agent3_norm": 2.7010390112991445e-05, "E33_agent4_norm": 2.6786670787259936e-05, "E34_agent0_norm": 1.7492551705799997e-05, "E34_agent1_norm": 2.471288462402299e-05, "E34_agent2_norm": 2.2391677703126334e-05, "E34_agent3_norm": 2.8715508960885927e-05, "E34_agent4_norm": 2.6255849661538377e-05, "E35_agent0_norm": 1.060216254700208e-05, "E35_agent1_norm": 2.0559684344334528e-05, "E35_agent2_norm": 1.17053577923798e-05, "E35_agent3_norm": 1.4439319784287363e-05, "E35_agent4_norm": 2.0239742298144847e-05, "E36_agent0_norm": 7.846494554542005e-06, "E36_agent1_norm": 1.077874912880361e-05, "E36_agent2_norm": 9.991090337280184e-06, "E36_agent3_norm": 1.5153382264543325e-05, "E36_agent4_norm": 1.1020450983778574e-05, "E37_agent0_norm": 6.0063052842451725e-06, "E37_agent1_norm": 9.820622835832182e-06, "E37_agent2_norm": 6.67632548356778e-06, "E37_agent3_norm": 9.068664439837448e-06, "E37_agent4_norm": 1.3796860002912581e-05, "E38_agent0_norm": 3.254514012951404e-06, "E38_agent1_norm": 8.620991138741374e-06, "E38_agent2_norm": 4.868200903729303e-06, "E38_agent3_norm": 4.552035534288734e-06, "E38_agent4_norm": 5.1130073188687675e-06, "E39_agent0_norm": 2.6768514089781092e-06, "E39_agent1_norm": 4.778160473506432e-06, "E39_agent2_norm": 2.922777184721781e-06, "E39_agent3_norm": 2.743277946137823e-06, "E39_agent4_norm": 3.9781843952368945e-06,