{"Agent0_Epoch1": 0.2887997031211853, "Agent1_Epoch1": 0.2957577109336853, "Agent2_Epoch1": 0.9958735108375549, "Agent3_Epoch1": 0.9908809661865234, "Agent4_Epoch1": 0.9960225820541382, "Agent0_Epoch2": 0.05848926305770874, "Agent1_Epoch2": 0.2891918420791626, "Agent2_Epoch2": 0.29149186611175537, "Agent3_Epoch2": 0.29373693466186523, "Agent4_Epoch2": 0.3012040853500366, "Agent0_Epoch3": 0.03421449661254883, "Agent1_Epoch3": 0.13586872816085815, "Agent2_Epoch3": 0.13350534439086914, "Agent3_Epoch3": 0.13346391916275024, "Agent4_Epoch3": 0.1342976689338684, "Agent0_Epoch4": 0.021092653274536133, "Agent1_Epoch4": 0.06443655490875244, "Agent2_Epoch4": 0.06474626064300537, "Agent3_Epoch4": 0.05990147590637207, "Agent4_Epoch4": 0.06824558973312378, "Agent0_Epoch5": 0.013316571712493896, "Agent1_Epoch5": 0.0325237512588501, "Agent2_Epoch5": 0.033512651920318604, "Agent3_Epoch5": 0.03190958499908447, "Agent4_Epoch5": 0.03404223918914795, "Agent0_Epoch6": 0.00908195972442627, "Agent1_Epoch6": 0.0184098482131958, "Agent2_Epoch6": 0.01986086368560791, "Agent3_Epoch6": 0.018479585647583008, "Agent4_Epoch6": 0.020818889141082764, "Agent0_Epoch7": 0.006675243377685547, "Agent1_Epoch7": 0.01172029972076416, "Agent2_Epoch7": 0.011378169059753418, "Agent3_Epoch7": 0.011540889739990234, "Agent4_Epoch7": 0.01227569580078125, "Agent0_Epoch8": 0.005024075508117676, "Agent1_Epoch8": 0.007864296436309814, "Agent2_Epoch8": 0.0076375603675842285, "Agent3_Epoch8": 0.0076018571853637695, "Agent4_Epoch8": 0.008088171482086182, "Agent0_Epoch9": 0.003965198993682861, "Agent1_Epoch9": 0.005680859088897705, "Agent2_Epoch9": 0.005664229393005371, "Agent3_Epoch9": 0.0051767826080322266, "Agent4_Epoch9": 0.0059847235679626465, "Agent0_Epoch10": 0.004077136516571045, "Agent1_Epoch10": 0.005835592746734619, "Agent2_Epoch10": 0.005862116813659668, "Agent3_Epoch10": 0.005696535110473633, "Agent4_Epoch10": 0.006072342395782471, "Agent0_Epoch11": 0.004209399223327637, "Agent1_Epoch11": 0.006018638610839844, "Agent2_Epoch11": 0.00599515438079834, "Agent3_Epoch11": 0.0059470534324646, "Agent4_Epoch11": 0.006136417388916016, "Agent0_Epoch12": 0.0042691826820373535, "Agent1_Epoch12": 0.006099522113800049, "Agent2_Epoch12": 0.006124258041381836, "Agent3_Epoch12": 0.006008565425872803, "Agent4_Epoch12": 0.006028354167938232, "Agent0_Epoch13": 0.0043027400970458984, "Agent1_Epoch13": 0.006145298480987549, "Agent2_Epoch13": 0.0061376094818115234, "Agent3_Epoch13": 0.006120264530181885, "Agent4_Epoch13": 0.006260931491851807, "Agent0_Epoch14": 0.004358053207397461, "Agent1_Epoch14": 0.006223499774932861, "Agent2_Epoch14": 0.006083130836486816, "Agent3_Epoch14": 0.006159484386444092, "Agent4_Epoch14": 0.006197154521942139, "Agent0_Epoch15": 0.00435405969619751, "Agent1_Epoch15": 0.006215810775756836, "Agent2_Epoch15": 0.006229281425476074, "Agent3_Epoch15": 0.00621187686920166, "Agent4_Epoch15": 0.00627368688583374, "Agent0_Epoch16": 0.004378616809844971, "Agent1_Epoch16": 0.006249606609344482, "Agent2_Epoch16": 0.006237804889678955, "Agent3_Epoch16": 0.006241440773010254, "Agent4_Epoch16": 0.006253540515899658, "Agent0_Epoch17": 0.004396498203277588, "Agent1_Epoch17": 0.006274282932281494, "Agent2_Epoch17": 0.006227552890777588, "Agent3_Epoch17": 0.006243348121643066, "Agent4_Epoch17": 0.006245791912078857, "Agent0_Epoch18": 0.004398822784423828, "Agent1_Epoch18": 0.0062770843505859375, "Agent2_Epoch18": 0.006262838840484619, "Agent3_Epoch18": 0.006253182888031006, "Agent4_Epoch18": 0.006308317184448242, "Agent0_Epoch19": 0.0044037699699401855, "Agent1_Epoch19": 0.006283879280090332, "Agent2_Epoch19": 0.006276130676269531, "Agent3_Epoch19": 0.006280124187469482, "Agent4_Epoch19": 0.006266593933105469, "Agent0_Epoch20": 0.004410922527313232, "Agent1_Epoch20": 0.006293773651123047, "Agent2_Epoch20": 0.006267666816711426, "Agent3_Epoch20": 0.0062830448150634766, "Agent4_Epoch20": 0.006274580955505371, "Agent0_Epoch21": 0.004407823085784912, "Agent1_Epoch21": 0.006289303302764893, "Agent2_Epoch21": 0.006274223327636719, "Agent3_Epoch21": 0.006292879581451416, "Agent4_Epoch21": 0.0062934160232543945, "Agent0_Epoch22": 0.004408538341522217, "Agent1_Epoch22": 0.006290078163146973, "Agent2_Epoch22": 0.006287872791290283, "Agent3_Epoch22": 0.0062909722328186035, "Agent4_Epoch22": 0.006291687488555908, "Agent0_Epoch23": 0.004410505294799805, "Agent1_Epoch23": 0.006292879581451416, "Agent2_Epoch23": 0.006286680698394775, "Agent3_Epoch23": 0.006291031837463379, "Agent4_Epoch23": 0.006292164325714111, "Agent0_Epoch24": 0.004411935806274414, "Agent1_Epoch24": 0.006294548511505127, "Agent2_Epoch24": 0.006289780139923096, "Agent3_Epoch24": 0.006292402744293213, "Agent4_Epoch24": 0.006290733814239502, "Agent0_Epoch25": 0.004411816596984863, "Agent1_Epoch25": 0.006294429302215576, "Agent2_Epoch25": 0.006293296813964844, "Agent3_Epoch25": 0.006293118000030518, "Agent4_Epoch25": 0.006294131278991699, "Agent0_Epoch26": 0.004411578178405762, "Agent1_Epoch26": 0.006294190883636475, "Agent2_Epoch26": 0.006295919418334961, "Agent3_Epoch26": 0.006294131278991699, "Agent4_Epoch26": 0.0062961578369140625, "Agent0_Epoch27": 0.00441211462020874, "Agent1_Epoch27": 0.006294846534729004, "Agent2_Epoch27": 0.006295919418334961, "Agent3_Epoch27": 0.0062950849533081055, "Agent4_Epoch27": 0.006296396255493164, "Agent0_Epoch28": 0.004412591457366943, "Agent1_Epoch28": 0.006295502185821533, "Agent2_Epoch28": 0.006294906139373779, "Agent3_Epoch28": 0.006294727325439453, "Agent4_Epoch28": 0.006296098232269287, "Agent0_Epoch29": 0.00441288948059082, "Agent1_Epoch29": 0.006295740604400635, "Agent2_Epoch29": 0.006296038627624512, "Agent3_Epoch29": 0.006295561790466309, "Agent4_Epoch29": 0.006296038627624512, "Agent0_Epoch30": 0.00441288948059082, "Agent1_Epoch30": 0.006295919418334961, "Agent2_Epoch30": 0.006295919418334961, "Agent3_Epoch30": 0.00629580020904541, "Agent4_Epoch30": 0.006296098232269287, "Agent0_Epoch31": 0.0044130682945251465, "Agent1_Epoch31": 0.006296038627624512, "Agent2_Epoch31": 0.006296038627624512, "Agent3_Epoch31": 0.006296217441558838, "Agent4_Epoch31": 0.006296217441558838, "Agent0_Epoch32": 0.004413187503814697, "Agent1_Epoch32": 0.006296277046203613, "Agent2_Epoch32": 0.006296396255493164, "Agent3_Epoch32": 0.006296396255493164, "Agent4_Epoch32": 0.0062964558601379395, "Agent0_Epoch33": 0.004413187503814697, "Agent1_Epoch33": 0.006296277046203613, "Agent2_Epoch33": 0.006296277046203613, "Agent3_Epoch33": 0.006296277046203613, "Agent4_Epoch33": 0.006296396255493164, "Agent0_Epoch34": 0.004413187503814697, "Agent1_Epoch34": 0.006296277046203613, "Agent2_Epoch34": 0.0062964558601379395, "Agent3_Epoch34": 0.006296396255493164, "Agent4_Epoch34": 0.006296515464782715, "Agent0_Epoch35": 0.004413306713104248, "Agent1_Epoch35": 0.006296396255493164, "Agent2_Epoch35": 0.006296277046203613, "Agent3_Epoch35": 0.006296277046203613, "Agent4_Epoch35": 0.006296336650848389, "Agent0_Epoch36": 0.004413306713104248, "Agent1_Epoch36": 0.006296396255493164, "Agent2_Epoch36": 0.006296396255493164, "Agent3_Epoch36": 0.006296336650848389, "Agent4_Epoch36": 0.006296515464782715, "Agent0_Epoch37": 0.004413306713104248, "Agent1_Epoch37": 0.006296396255493164, "Agent2_Epoch37": 0.006296396255493164, "Agent3_Epoch37": 0.006296396255493164, "Agent4_Epoch37": 0.006296396255493164, "Agent0_Epoch38": 0.004413306713104248, "Agent1_Epoch38": 0.0062964558601379395, "Agent2_Epoch38": 0.0062964558601379395, "Agent3_Epoch38": 0.006296396255493164, "Agent4_Epoch38": 0.0062964558601379395, "Agent0_Epoch39": 0.004413306713104248, "Agent1_Epoch39": 0.0062964558601379395, "Agent2_Epoch39": 0.0062964558601379395, "Agent3_Epoch39": 0.0062964558601379395, "Agent4_Epoch39": 0.0062964558601379395, "Agent0_Epoch40": 0.004413306713104248, "Agent1_Epoch40": 0.006296515464782715, "Agent2_Epoch40": 0.006296515464782715, "Agent3_Epoch40": 0.006296396255493164, "Agent4_Epoch40": 0.0062964558601379395, "Agent0_Epoch41": 0.004413306713104248,