{"Agent0_Epoch1": 0.2926219701766968, "Agent1_Epoch1": 0.29158347845077515, "Agent2_Epoch1": 0.9978750944137573, "Agent3_Epoch1": 0.99732506275177, "Agent4_Epoch1": 0.9973287582397461, "Agent0_Epoch2": 0.05796283483505249, "Agent1_Epoch2": 0.29079997539520264, "Agent2_Epoch2": 0.30159974098205566, "Agent3_Epoch2": 0.29536086320877075, "Agent4_Epoch2": 0.3023225665092468, "Agent0_Epoch3": 0.03360927104949951, "Agent1_Epoch3": 0.1345805525779724, "Agent2_Epoch3": 0.13538169860839844, "Agent3_Epoch3": 0.13220733404159546, "Agent4_Epoch3": 0.1424325704574585, "Agent0_Epoch4": 0.021336138248443604, "Agent1_Epoch4": 0.06563079357147217, "Agent2_Epoch4": 0.06402349472045898, "Agent3_Epoch4": 0.06290113925933838, "Agent4_Epoch4": 0.06797891855239868, "Agent0_Epoch5": 0.013768792152404785, "Agent1_Epoch5": 0.03362560272216797, "Agent2_Epoch5": 0.03443312644958496, "Agent3_Epoch5": 0.02987438440322876, "Agent4_Epoch5": 0.034036993980407715, "Agent0_Epoch6": 0.00929248332977295, "Agent1_Epoch6": 0.018890380859375, "Agent2_Epoch6": 0.01940685510635376, "Agent3_Epoch6": 0.01816946268081665, "Agent4_Epoch6": 0.02012544870376587, "Agent0_Epoch7": 0.0067596435546875, "Agent1_Epoch7": 0.011879444122314453, "Agent2_Epoch7": 0.012242734432220459, "Agent3_Epoch7": 0.012078166007995605, "Agent4_Epoch7": 0.011846780776977539, "Agent0_Epoch8": 0.005091071128845215, "Agent1_Epoch8": 0.007981181144714355, "Agent2_Epoch8": 0.008325815200805664, "Agent3_Epoch8": 0.007544517517089844, "Agent4_Epoch8": 0.008583009243011475, "Agent0_Epoch9": 0.004155158996582031, "Agent1_Epoch9": 0.005959868431091309, "Agent2_Epoch9": 0.005747973918914795, "Agent3_Epoch9": 0.005063235759735107, "Agent4_Epoch9": 0.006227374076843262, "Agent0_Epoch10": 0.0034044981002807617, "Agent1_Epoch10": 0.004551827907562256, "Agent2_Epoch10": 0.004507899284362793, "Agent3_Epoch10": 0.0043582916259765625, "Agent4_Epoch10": 0.004496395587921143, "Agent0_Epoch11": 0.0034638643264770508, "Agent1_Epoch11": 0.004626333713531494, "Agent2_Epoch11": 0.00479888916015625, "Agent3_Epoch11": 0.004739820957183838, "Agent4_Epoch11": 0.004950344562530518, "Agent0_Epoch12": 0.003605186939239502, "Agent1_Epoch12": 0.004812836647033691, "Agent2_Epoch12": 0.00479203462600708, "Agent3_Epoch12": 0.004820644855499268, "Agent4_Epoch12": 0.00495302677154541, "Agent0_Epoch13": 0.003670811653137207, "Agent1_Epoch13": 0.00489884614944458, "Agent2_Epoch13": 0.004959225654602051, "Agent3_Epoch13": 0.00492405891418457, "Agent4_Epoch13": 0.004929661750793457, "Agent0_Epoch14": 0.003702878952026367, "Agent1_Epoch14": 0.004939854145050049, "Agent2_Epoch14": 0.004927694797515869, "Agent3_Epoch14": 0.004911541938781738, "Agent4_Epoch14": 0.005011498928070068, "Agent0_Epoch15": 0.0037401914596557617, "Agent1_Epoch15": 0.004988431930541992, "Agent2_Epoch15": 0.004931211471557617, "Agent3_Epoch15": 0.004917919635772705, "Agent4_Epoch15": 0.0050147175788879395, "Agent0_Epoch16": 0.003746926784515381, "Agent1_Epoch16": 0.004996001720428467, "Agent2_Epoch16": 0.005007624626159668, "Agent3_Epoch16": 0.004968464374542236, "Agent4_Epoch16": 0.005028724670410156, "Agent0_Epoch17": 0.0037484169006347656, "Agent1_Epoch17": 0.004997551441192627, "Agent2_Epoch17": 0.005044341087341309, "Agent3_Epoch17": 0.0050106048583984375, "Agent4_Epoch17": 0.005038440227508545, "Agent0_Epoch18": 0.003764212131500244, "Agent1_Epoch18": 0.005018413066864014, "Agent2_Epoch18": 0.005017876625061035, "Agent3_Epoch18": 0.0050046443939208984, "Agent4_Epoch18": 0.0050359368324279785, "Agent0_Epoch19": 0.003769099712371826, "Agent1_Epoch19": 0.005024850368499756, "Agent2_Epoch19": 0.0050449371337890625, "Agent3_Epoch19": 0.005021154880523682, "Agent4_Epoch19": 0.005043983459472656, "Agent0_Epoch20": 0.003778815269470215, "Agent1_Epoch20": 0.005037426948547363, "Agent2_Epoch20": 0.005029737949371338, "Agent3_Epoch20": 0.005032777786254883, "Agent4_Epoch20": 0.00503695011138916, "Agent0_Epoch21": 0.0037822723388671875, "Agent1_Epoch21": 0.005041837692260742, "Agent2_Epoch21": 0.005043089389801025, "Agent3_Epoch21": 0.005029261112213135, "Agent4_Epoch21": 0.0050408244132995605, "Agent0_Epoch22": 0.0037824511528015137, "Agent1_Epoch22": 0.00504225492477417, "Agent2_Epoch22": 0.005037665367126465, "Agent3_Epoch22": 0.005042374134063721, "Agent4_Epoch22": 0.0050528645515441895, "Agent0_Epoch23": 0.003786146640777588, "Agent1_Epoch23": 0.005046963691711426, "Agent2_Epoch23": 0.005040943622589111, "Agent3_Epoch23": 0.0050400495529174805, "Agent4_Epoch23": 0.005046725273132324, "Agent0_Epoch24": 0.0037853121757507324, "Agent1_Epoch24": 0.005045890808105469, "Agent2_Epoch24": 0.0050470829010009766, "Agent3_Epoch24": 0.005048692226409912, "Agent4_Epoch24": 0.005051910877227783, "Agent0_Epoch25": 0.003787219524383545, "Agent1_Epoch25": 0.0050484538078308105, "Agent2_Epoch25": 0.0050498247146606445, "Agent3_Epoch25": 0.005045771598815918, "Agent4_Epoch25": 0.0050525665283203125, "Agent0_Epoch26": 0.0037883520126342773, "Agent1_Epoch26": 0.0050498247146606445, "Agent2_Epoch26": 0.005050599575042725, "Agent3_Epoch26": 0.005049228668212891, "Agent4_Epoch26": 0.005050480365753174, "Agent0_Epoch27": 0.0037885308265686035, "Agent1_Epoch27": 0.0050501227378845215, "Agent2_Epoch27": 0.005049645900726318, "Agent3_Epoch27": 0.005050718784332275, "Agent4_Epoch27": 0.0050525665283203125, "Agent0_Epoch28": 0.0037889480590820312, "Agent1_Epoch28": 0.005050599575042725, "Agent2_Epoch28": 0.00504988431930542, "Agent3_Epoch28": 0.005050837993621826, "Agent4_Epoch28": 0.0050514936447143555, "Agent0_Epoch29": 0.0037891268730163574, "Agent1_Epoch29": 0.005050837993621826, "Agent2_Epoch29": 0.005050718784332275, "Agent3_Epoch29": 0.005050837993621826, "Agent4_Epoch29": 0.005050837993621826, "Agent0_Epoch30": 0.0037889480590820312, "Agent1_Epoch30": 0.005050837993621826, "Agent2_Epoch30": 0.0050508975982666016, "Agent3_Epoch30": 0.005050718784332275, "Agent4_Epoch30": 0.005051374435424805, "Agent0_Epoch31": 0.003789067268371582, "Agent1_Epoch31": 0.0050508975982666016, "Agent2_Epoch31": 0.005051016807556152, "Agent3_Epoch31": 0.005051016807556152, "Agent4_Epoch31": 0.005051374435424805, "Agent0_Epoch32": 0.003789246082305908, "Agent1_Epoch32": 0.005051016807556152, "Agent2_Epoch32": 0.005051016807556152, "Agent3_Epoch32": 0.0050508975982666016, "Agent4_Epoch32": 0.0050514936447143555, "Agent0_Epoch33": 0.003789246082305908, "Agent1_Epoch33": 0.005051136016845703, "Agent2_Epoch33": 0.005051016807556152, "Agent3_Epoch33": 0.005051136016845703, "Agent4_Epoch33": 0.005051136016845703, "Agent0_Epoch34": 0.003789246082305908, "Agent1_Epoch34": 0.005051136016845703, "Agent2_Epoch34": 0.005051136016845703, "Agent3_Epoch34": 0.005051016807556152, "Agent4_Epoch34": 0.005051016807556152, "Agent0_Epoch35": 0.0037894248962402344, "Agent1_Epoch35": 0.005051255226135254, "Agent2_Epoch35": 0.005051255226135254, "Agent3_Epoch35": 0.005051136016845703, "Agent4_Epoch35": 0.005051136016845703, "Agent0_Epoch36": 0.0037894248962402344, "Agent1_Epoch36": 0.005051136016845703, "Agent2_Epoch36": 0.005051136016845703, "Agent3_Epoch36": 0.005051136016845703, "Agent4_Epoch36": 0.005051136016845703, "Agent0_Epoch37": 0.003789365291595459, "Agent1_Epoch37": 0.005051136016845703, "Agent2_Epoch37": 0.005051255226135254, "Agent3_Epoch37": 0.005051136016845703, "Agent4_Epoch37": 0.005051136016845703, "Agent0_Epoch38": 0.0037894248962402344, "Agent1_Epoch38": 0.005051255226135254, "Agent2_Epoch38": 0.005051255226135254, "Agent3_Epoch38": 0.005051136016845703, "Agent4_Epoch38": 0.005051136016845703, "Agent0_Epoch39": 0.003789365291595459, "Agent1_Epoch39": 0.005051136016845703, "Agent2_Epoch39": 0.005051255226135254, "Agent3_Epoch39": 0.005051136016845703, "Agent4_Epoch39": 0.005051136016845703, "Agent0_Epoch40": 0.0037894248962402344, "Agent1_Epoch40": 0.005051374435424805, "Agent2_Epoch40": 0.005051255226135254, "Agent3_Epoch40": 0.005051136016845703, "Agent4_Epoch40": 0.005051136016845703, "Agent0_Epoch41": 0.0037894248962402344,