{"E1_agent0_norm": 2.1820921897888184, "E1_agent1_norm": 1.9343512058258057, "E1_agent2_norm": 2.0708348751068115, "E1_agent3_norm": 1.5920919179916382, "E1_agent4_norm": 2.270876884460449, "E2_agent0_norm": 0.9218291640281677, "E2_agent1_norm": 0.810090959072113, "E2_agent2_norm": 0.8904280066490173, "E2_agent3_norm": 0.7453677654266357, "E2_agent4_norm": 0.931505024433136, "E3_agent0_norm": 0.6886757612228394, "E3_agent1_norm": 0.4816633462905884, "E3_agent2_norm": 0.46690306067466736, "E3_agent3_norm": 0.44966915249824524, "E3_agent4_norm": 0.6238675117492676, "E4_agent0_norm": 0.5109166502952576, "E4_agent1_norm": 0.4010777175426483, "E4_agent2_norm": 0.3880598843097687, "E4_agent3_norm": 0.3472237288951874, "E4_agent4_norm": 0.42382389307022095, "E5_agent0_norm": 0.43875160813331604, "E5_agent1_norm": 0.3127168118953705, "E5_agent2_norm": 0.3477061688899994, "E5_agent3_norm": 0.3336145579814911, "E5_agent4_norm": 0.44055047631263733, "E6_agent0_norm": 0.35108867287635803, "E6_agent1_norm": 0.23506702482700348, "E6_agent2_norm": 0.25664740800857544, "E6_agent3_norm": 0.2963145077228546, "E6_agent4_norm": 0.3193944990634918, "E7_agent0_norm": 0.3044717609882355, "E7_agent1_norm": 0.1829424798488617, "E7_agent2_norm": 0.1887306571006775, "E7_agent3_norm": 0.17477399110794067, "E7_agent4_norm": 0.22927767038345337, "E8_agent0_norm": 0.2881242334842682, "E8_agent1_norm": 0.1427052766084671, "E8_agent2_norm": 0.16148869693279266, "E8_agent3_norm": 0.13713693618774414, "E8_agent4_norm": 0.19332283735275269, "E9_agent0_norm": 0.3073985278606415, "E9_agent1_norm": 0.12582533061504364, "E9_agent2_norm": 0.14190304279327393, "E9_agent3_norm": 0.1151818335056305, "E9_agent4_norm": 0.13284119963645935, "E10_agent0_norm": 0.06992645561695099, "E10_agent1_norm": 0.0694085955619812, "E10_agent2_norm": 0.06324329227209091, "E10_agent3_norm": 0.06408099830150604, "E10_agent4_norm": 0.06893110275268555, "E11_agent0_norm": 0.04912206530570984, "E11_agent1_norm": 0.05368252471089363, "E11_agent2_norm": 0.04715118557214737, "E11_agent3_norm": 0.04578716307878494, "E11_agent4_norm": 0.0712852030992508, "E12_agent0_norm": 0.03222298622131348, "E12_agent1_norm": 0.038238782435655594, "E12_agent2_norm": 0.03839679807424545, "E12_agent3_norm": 0.03423949331045151, "E12_agent4_norm": 0.04703304171562195, "E13_agent0_norm": 0.025188535451889038, "E13_agent1_norm": 0.02989405207335949, "E13_agent2_norm": 0.027925103902816772, "E13_agent3_norm": 0.030366498976945877, "E13_agent4_norm": 0.030906233936548233, "E14_agent0_norm": 0.01660485751926899, "E14_agent1_norm": 0.017665157094597816, "E14_agent2_norm": 0.017661990597844124, "E14_agent3_norm": 0.01569746434688568, "E14_agent4_norm": 0.02307284250855446, "E15_agent0_norm": 0.01278458908200264, "E15_agent1_norm": 0.013644239865243435, "E15_agent2_norm": 0.01561532262712717, "E15_agent3_norm": 0.01273743249475956, "E15_agent4_norm": 0.015765413641929626, "E16_agent0_norm": 0.00788888894021511, "E16_agent1_norm": 0.009658058173954487, "E16_agent2_norm": 0.009042870253324509, "E16_agent3_norm": 0.008081887848675251, "E16_agent4_norm": 0.008770378306508064, "E17_agent0_norm": 0.006421002559363842, "E17_agent1_norm": 0.009114613756537437, "E17_agent2_norm": 0.00898218248039484, "E17_agent3_norm": 0.0056222365237772465, "E17_agent4_norm": 0.010026352480053902, "E18_agent0_norm": 0.004659013822674751, "E18_agent1_norm": 0.006797869224101305, "E18_agent2_norm": 0.00601396756246686, "E18_agent3_norm": 0.00513766473159194, "E18_agent4_norm": 0.007947636768221855, "E19_agent0_norm": 0.003111480502411723, "E19_agent1_norm": 0.003795922501012683, "E19_agent2_norm": 0.0033995003905147314, "E19_agent3_norm": 0.0028535558376461267, "E19_agent4_norm": 0.005765934940427542, "E20_agent0_norm": 0.002260334324091673, "E20_agent1_norm": 0.0028509721159934998, "E20_agent2_norm": 0.0021197302266955376, "E20_agent3_norm": 0.002217956818640232, "E20_agent4_norm": 0.0036824215203523636, "E21_agent0_norm": 0.0013493923470377922, "E21_agent1_norm": 0.0016553018940612674, "E21_agent2_norm": 0.0016141689848154783, "E21_agent3_norm": 0.001248090760782361, "E21_agent4_norm": 0.0022793991956859827, "E22_agent0_norm": 0.0010803602635860443, "E22_agent1_norm": 0.0013424574863165617, "E22_agent2_norm": 0.0011941676493734121, "E22_agent3_norm": 0.0009905011393129826, "E22_agent4_norm": 0.0014734106371179223, "E23_agent0_norm": 0.0006558877066709101, "E23_agent1_norm": 0.000833003839943558, "E23_agent2_norm": 0.0008502706768922508, "E23_agent3_norm": 0.000602824438828975, "E23_agent4_norm": 0.0012529324740171432, "E24_agent0_norm": 0.0004950465518049896, "E24_agent1_norm": 0.0005814012256450951, "E24_agent2_norm": 0.0006216986221261322, "E24_agent3_norm": 0.00048077278188429773, "E24_agent4_norm": 0.0007756301201879978, "E25_agent0_norm": 0.00033369759330525994, "E25_agent1_norm": 0.00042708226828835905, "E25_agent2_norm": 0.0003684794355649501, "E25_agent3_norm": 0.00030185870127752423, "E25_agent4_norm": 0.000483296113088727, "E26_agent0_norm": 0.00026587399770505726, "E26_agent1_norm": 0.00038047757698222995, "E26_agent2_norm": 0.00037255696952342987, "E26_agent3_norm": 0.0002782556402962655, "E26_agent4_norm": 0.00036827055737376213, "E27_agent0_norm": 0.00019971792062278837, "E27_agent1_norm": 0.00031418100115843117, "E27_agent2_norm": 0.0003170765412505716, "E27_agent3_norm": 0.0001872550492407754, "E27_agent4_norm": 0.00031149349524639547, "E28_agent0_norm": 0.00011393130989745259, "E28_agent1_norm": 0.00013812832185067236, "E28_agent2_norm": 0.00016148730355780572, "E28_agent3_norm": 0.00011214722326258197, "E28_agent4_norm": 0.0002124173624906689, "E29_agent0_norm": 9.14088886929676e-05, "E29_agent1_norm": 0.0001155611316789873, "E29_agent2_norm": 0.00014540227130055428, "E29_agent3_norm": 9.584243525750935e-05, "E29_agent4_norm": 0.00014856443158350885, "E30_agent0_norm": 6.176123133627698e-05, "E30_agent1_norm": 7.522524538217112e-05, "E30_agent2_norm": 7.032907160464674e-05, "E30_agent3_norm": 6.945341010577977e-05, "E30_agent4_norm": 9.635105379857123e-05, "E31_agent0_norm": 4.541215457720682e-05, "E31_agent1_norm": 4.79108166473452e-05, "E31_agent2_norm": 4.962847742717713e-05, "E31_agent3_norm": 5.309307016432285e-05, "E31_agent4_norm": 5.223301923251711e-05, "E32_agent0_norm": 3.0785427952650934e-05, "E32_agent1_norm": 5.56876948394347e-05, "E32_agent2_norm": 4.706873733084649e-05, "E32_agent3_norm": 2.931281051132828e-05, "E32_agent4_norm": 3.708758231368847e-05, "E33_agent0_norm": 2.2409714802051894e-05, "E33_agent1_norm": 2.2450805772677995e-05, "E33_agent2_norm": 2.242381015093997e-05, "E33_agent3_norm": 2.0518767996691167e-05, "E33_agent4_norm": 4.128400541958399e-05, "E34_agent0_norm": 1.610359140613582e-05, "E34_agent1_norm": 1.7981234122999012e-05, "E34_agent2_norm": 2.441932520014234e-05, "E34_agent3_norm": 1.9877550585079007e-05, "E34_agent4_norm": 1.9548082491382957e-05, "E35_agent0_norm": 1.1019286830560304e-05, "E35_agent1_norm": 1.4093117897573393e-05, "E35_agent2_norm": 1.15858820208814e-05, "E35_agent3_norm": 1.3077704352326691e-05, "E35_agent4_norm": 1.6191450413316488e-05, "E36_agent0_norm": 7.2940515565278474e-06, "E36_agent1_norm": 8.749751032155473e-06, "E36_agent2_norm": 1.0561592716840096e-05, "E36_agent3_norm": 7.172843197622569e-06, "E36_agent4_norm": 1.1994011401839089e-05, "E37_agent0_norm": 5.054432222095784e-06, "E37_agent1_norm": 5.7755792113312054e-06, "E37_agent2_norm": 7.0642663558828644e-06, "E37_agent3_norm": 4.7422431634913664e-06, "E37_agent4_norm": 1.0426616427139379e-05, "E38_agent0_norm": 3.8054740798543207e-06, "E38_agent1_norm": 4.859407908952562e-06, "E38_agent2_norm": 5.685299584001768e-06, "E38_agent3_norm": 4.019540028821211e-06, "E38_agent4_norm": 5.940952632954577e-06, "E39_agent0_norm": 2.6005864128819667e-06, "E39_agent1_norm": 3.2202367492573103e-06, "E39_agent2_norm": 2.9058790005365154e-06, "E39_agent3_norm": 2.739981937338598e-06, "E39_agent4_norm": 3.4752195006149122e-06,