{"E1_agent0_norm": 2.179044246673584, "E1_agent1_norm": 2.00522518157959, "E1_agent2_norm": 1.8145877122879028, "E1_agent3_norm": 1.5438686609268188, "E1_agent4_norm": 2.264162302017212, "E2_agent0_norm": 0.7569777965545654, "E2_agent1_norm": 0.8427162766456604, "E2_agent2_norm": 0.8549410700798035, "E2_agent3_norm": 0.6380798816680908, "E2_agent4_norm": 0.9208606481552124, "E3_agent0_norm": 0.6842502355575562, "E3_agent1_norm": 0.5294257998466492, "E3_agent2_norm": 0.5797081589698792, "E3_agent3_norm": 0.48450133204460144, "E3_agent4_norm": 0.7612378001213074, "E4_agent0_norm": 0.5488443970680237, "E4_agent1_norm": 0.3708982467651367, "E4_agent2_norm": 0.384853333234787, "E4_agent3_norm": 0.36543354392051697, "E4_agent4_norm": 0.5627326965332031, "E5_agent0_norm": 0.3837200701236725, "E5_agent1_norm": 0.30624327063560486, "E5_agent2_norm": 0.30388143658638, "E5_agent3_norm": 0.2799568772315979, "E5_agent4_norm": 0.34903863072395325, "E6_agent0_norm": 0.3665107488632202, "E6_agent1_norm": 0.21729865670204163, "E6_agent2_norm": 0.23687399923801422, "E6_agent3_norm": 0.21719574928283691, "E6_agent4_norm": 0.23591767251491547, "E7_agent0_norm": 0.30348798632621765, "E7_agent1_norm": 0.1786595731973648, "E7_agent2_norm": 0.15915992856025696, "E7_agent3_norm": 0.1595914512872696, "E7_agent4_norm": 0.21726620197296143, "E8_agent0_norm": 0.28295308351516724, "E8_agent1_norm": 0.14242538809776306, "E8_agent2_norm": 0.1346588432788849, "E8_agent3_norm": 0.12928034365177155, "E8_agent4_norm": 0.1755465567111969, "E9_agent0_norm": 0.29543840885162354, "E9_agent1_norm": 0.10104451328516006, "E9_agent2_norm": 0.11235123872756958, "E9_agent3_norm": 0.11029769480228424, "E9_agent4_norm": 0.10989406704902649, "E10_agent0_norm": 0.07397853583097458, "E10_agent1_norm": 0.06546583771705627, "E10_agent2_norm": 0.06773009896278381, "E10_agent3_norm": 0.07182148844003677, "E10_agent4_norm": 0.07615204155445099, "E11_agent0_norm": 0.04244622588157654, "E11_agent1_norm": 0.05194303020834923, "E11_agent2_norm": 0.04698610678315163, "E11_agent3_norm": 0.04123733937740326, "E11_agent4_norm": 0.06770067662000656, "E12_agent0_norm": 0.033593256026506424, "E12_agent1_norm": 0.03985953330993652, "E12_agent2_norm": 0.033092085272073746, "E12_agent3_norm": 0.03549821302294731, "E12_agent4_norm": 0.04059138149023056, "E13_agent0_norm": 0.02030380629003048, "E13_agent1_norm": 0.024228660389780998, "E13_agent2_norm": 0.02320229634642601, "E13_agent3_norm": 0.018317824229598045, "E13_agent4_norm": 0.030665269121527672, "E14_agent0_norm": 0.014277080073952675, "E14_agent1_norm": 0.021232251077890396, "E14_agent2_norm": 0.01793043501675129, "E14_agent3_norm": 0.015144480392336845, "E14_agent4_norm": 0.021974459290504456, "E15_agent0_norm": 0.010414345189929008, "E15_agent1_norm": 0.01172245480120182, "E15_agent2_norm": 0.013728569261729717, "E15_agent3_norm": 0.009790556505322456, "E15_agent4_norm": 0.017074475064873695, "E16_agent0_norm": 0.008153747767210007, "E16_agent1_norm": 0.011093296110630035, "E16_agent2_norm": 0.009900534525513649, "E16_agent3_norm": 0.010372315533459187, "E16_agent4_norm": 0.0114723676815629, "E17_agent0_norm": 0.004744463134557009, "E17_agent1_norm": 0.007211971562355757, "E17_agent2_norm": 0.0066389050334692, "E17_agent3_norm": 0.004920493811368942, "E17_agent4_norm": 0.009371068328619003, "E18_agent0_norm": 0.003574082627892494, "E18_agent1_norm": 0.004677745513617992, "E18_agent2_norm": 0.004438807722181082, "E18_agent3_norm": 0.0037231415044516325, "E18_agent4_norm": 0.006431709509342909, "E19_agent0_norm": 0.0028854950796812773, "E19_agent1_norm": 0.004317417275160551, "E19_agent2_norm": 0.0038014366291463375, "E19_agent3_norm": 0.003382406895980239, "E19_agent4_norm": 0.00572958355769515, "E20_agent0_norm": 0.0019977125339210033, "E20_agent1_norm": 0.002308434806764126, "E20_agent2_norm": 0.0020194093231111765, "E20_agent3_norm": 0.002308043884113431, "E20_agent4_norm": 0.003427678719162941, "E21_agent0_norm": 0.001371722319163382, "E21_agent1_norm": 0.002386369276791811, "E21_agent2_norm": 0.0016555334441363811, "E21_agent3_norm": 0.0014980518026277423, "E21_agent4_norm": 0.0023532358463853598, "E22_agent0_norm": 0.0008638124563731253, "E22_agent1_norm": 0.001100781955756247, "E22_agent2_norm": 0.0009857439436018467, "E22_agent3_norm": 0.0008141872240230441, "E22_agent4_norm": 0.00136179244145751, "E23_agent0_norm": 0.0008151281508617103, "E23_agent1_norm": 0.0009279881487600505, "E23_agent2_norm": 0.0007585903513245285, "E23_agent3_norm": 0.0009666981059126556, "E23_agent4_norm": 0.0011717936722561717, "E24_agent0_norm": 0.0005126729374751449, "E24_agent1_norm": 0.0007942074444144964, "E24_agent2_norm": 0.0007165770512074232, "E24_agent3_norm": 0.0006606887909583747, "E24_agent4_norm": 0.0005878244410268962, "E25_agent0_norm": 0.00032028352143242955, "E25_agent1_norm": 0.0004909483250230551, "E25_agent2_norm": 0.0003773218486458063, "E25_agent3_norm": 0.00035269910586066544, "E25_agent4_norm": 0.00046952502452768385, "E26_agent0_norm": 0.00023779418552294374, "E26_agent1_norm": 0.0003052398096770048, "E26_agent2_norm": 0.00026048021391034126, "E26_agent3_norm": 0.0002281977649545297, "E26_agent4_norm": 0.0004307506314944476, "E27_agent0_norm": 0.00018619107140693814, "E27_agent1_norm": 0.0003170552081428468, "E27_agent2_norm": 0.00019328812777530402, "E27_agent3_norm": 0.00022868595260661095, "E27_agent4_norm": 0.00028877402655780315, "E28_agent0_norm": 0.0001242260477738455, "E28_agent1_norm": 0.000150372798088938, "E28_agent2_norm": 0.0001682955480646342, "E28_agent3_norm": 0.00014775095041841269, "E28_agent4_norm": 0.000176805435330607, "E29_agent0_norm": 7.346366328420117e-05, "E29_agent1_norm": 0.00013219616084825248, "E29_agent2_norm": 9.443142334930599e-05, "E29_agent3_norm": 6.823721923865378e-05, "E29_agent4_norm": 0.00011432755127316341, "E30_agent0_norm": 6.533361738547683e-05, "E30_agent1_norm": 0.0001068639030563645, "E30_agent2_norm": 7.002713391557336e-05, "E30_agent3_norm": 9.813617361942306e-05, "E30_agent4_norm": 9.214834426529706e-05, "E31_agent0_norm": 4.012899808003567e-05, "E31_agent1_norm": 5.715093720937148e-05, "E31_agent2_norm": 4.486072430154309e-05, "E31_agent3_norm": 5.452378900372423e-05, "E31_agent4_norm": 8.875314961187541e-05, "E32_agent0_norm": 2.9599765184684657e-05, "E32_agent1_norm": 3.855458999169059e-05, "E32_agent2_norm": 3.468638897174969e-05, "E32_agent3_norm": 3.525963984429836e-05, "E32_agent4_norm": 5.680650065187365e-05, "E33_agent0_norm": 2.1369780370150693e-05, "E33_agent1_norm": 2.452595072099939e-05, "E33_agent2_norm": 3.193462544004433e-05, "E33_agent3_norm": 2.7171616238774732e-05, "E33_agent4_norm": 3.3759730285964906e-05, "E34_agent0_norm": 1.9392475223867223e-05, "E34_agent1_norm": 2.885556750698015e-05, "E34_agent2_norm": 2.5768842533580028e-05, "E34_agent3_norm": 2.8950873456778936e-05, "E34_agent4_norm": 2.2964781237533316e-05, "E35_agent0_norm": 1.0002660019381437e-05, "E35_agent1_norm": 1.3052175745542627e-05, "E35_agent2_norm": 1.1102007192675956e-05, "E35_agent3_norm": 1.3290255083120428e-05, "E35_agent4_norm": 1.864976729848422e-05, "E36_agent0_norm": 6.281474270508625e-06, "E36_agent1_norm": 9.40285826800391e-06, "E36_agent2_norm": 7.1545100581715815e-06, "E36_agent3_norm": 6.23428695689654e-06, "E36_agent4_norm": 8.7655653260299e-06, "E37_agent0_norm": 4.489188086154172e-06, "E37_agent1_norm": 5.58970987185603e-06, "E37_agent2_norm": 5.70638439967297e-06, "E37_agent3_norm": 4.42514510723413e-06, "E37_agent4_norm": 6.4333125919802114e-06, "E38_agent0_norm": 4.550020548776956e-06, "E38_agent1_norm": 5.680227332049981e-06, "E38_agent2_norm": 4.438593805389246e-06, "E38_agent3_norm": 6.972343271627324e-06, "E38_agent4_norm": 6.996116098889615e-06, "E39_agent0_norm": 2.387426320638042e-06, "E39_agent1_norm": 3.7874060581088997e-06, "E39_agent2_norm": 2.8504259717010427e-06, "E39_agent3_norm": 3.1426498026121408e-06, "E39_agent4_norm": 2.8916942937939893e-06,