{"E1_agent0_norm": 2.227236270904541, "E1_agent1_norm": 2.0276901721954346, "E1_agent2_norm": 1.9524937868118286, "E1_agent3_norm": 1.5543493032455444, "E1_agent4_norm": 2.0631535053253174, "E2_agent0_norm": 0.8962281346321106, "E2_agent1_norm": 0.8646285533905029, "E2_agent2_norm": 0.8598569631576538, "E2_agent3_norm": 0.8616354465484619, "E2_agent4_norm": 1.141072392463684, "E3_agent0_norm": 0.6418020129203796, "E3_agent1_norm": 0.46611469984054565, "E3_agent2_norm": 0.46470579504966736, "E3_agent3_norm": 0.44681406021118164, "E3_agent4_norm": 0.5760864019393921, "E4_agent0_norm": 0.5092647075653076, "E4_agent1_norm": 0.3360655605792999, "E4_agent2_norm": 0.3406353294849396, "E4_agent3_norm": 0.33507394790649414, "E4_agent4_norm": 0.46663698554039, "E5_agent0_norm": 0.3484249413013458, "E5_agent1_norm": 0.2579893171787262, "E5_agent2_norm": 0.302246630191803, "E5_agent3_norm": 0.24156895279884338, "E5_agent4_norm": 0.2935970425605774, "E6_agent0_norm": 0.32264235615730286, "E6_agent1_norm": 0.22637887299060822, "E6_agent2_norm": 0.18425524234771729, "E6_agent3_norm": 0.1908903419971466, "E6_agent4_norm": 0.3148002326488495, "E7_agent0_norm": 0.3227293789386749, "E7_agent1_norm": 0.1556299775838852, "E7_agent2_norm": 0.16229066252708435, "E7_agent3_norm": 0.17257486283779144, "E7_agent4_norm": 0.21694009006023407, "E8_agent0_norm": 0.271565705537796, "E8_agent1_norm": 0.13037605583667755, "E8_agent2_norm": 0.12125463783740997, "E8_agent3_norm": 0.12430368363857269, "E8_agent4_norm": 0.16211101412773132, "E9_agent0_norm": 0.2600330710411072, "E9_agent1_norm": 0.10461276769638062, "E9_agent2_norm": 0.10038546472787857, "E9_agent3_norm": 0.11008130013942719, "E9_agent4_norm": 0.11871495097875595, "E10_agent0_norm": 0.06689442694187164, "E10_agent1_norm": 0.05733134225010872, "E10_agent2_norm": 0.06021042540669441, "E10_agent3_norm": 0.05462329462170601, "E10_agent4_norm": 0.07268872857093811, "E11_agent0_norm": 0.04587359353899956, "E11_agent1_norm": 0.03933423012495041, "E11_agent2_norm": 0.044655691832304, "E11_agent3_norm": 0.03878340870141983, "E11_agent4_norm": 0.05036849528551102, "E12_agent0_norm": 0.028082935139536858, "E12_agent1_norm": 0.03387431055307388, "E12_agent2_norm": 0.03503292053937912, "E12_agent3_norm": 0.027310961857438087, "E12_agent4_norm": 0.036569561809301376, "E13_agent0_norm": 0.02078467607498169, "E13_agent1_norm": 0.021080859005451202, "E13_agent2_norm": 0.021293457597494125, "E13_agent3_norm": 0.019098343327641487, "E13_agent4_norm": 0.02433847077190876, "E14_agent0_norm": 0.01563817262649536, "E14_agent1_norm": 0.01669047586619854, "E14_agent2_norm": 0.017230456694960594, "E14_agent3_norm": 0.017077350988984108, "E14_agent4_norm": 0.01973218284547329, "E15_agent0_norm": 0.010250656865537167, "E15_agent1_norm": 0.011642875149846077, "E15_agent2_norm": 0.01100246049463749, "E15_agent3_norm": 0.009989636950194836, "E15_agent4_norm": 0.015836412087082863, "E16_agent0_norm": 0.008503993041813374, "E16_agent1_norm": 0.007966432720422745, "E16_agent2_norm": 0.008015373721718788, "E16_agent3_norm": 0.008364110253751278, "E16_agent4_norm": 0.011155982501804829, "E17_agent0_norm": 0.004208013880997896, "E17_agent1_norm": 0.0067995632998645306, "E17_agent2_norm": 0.005333486013114452, "E17_agent3_norm": 0.004180189687758684, "E17_agent4_norm": 0.007363948505371809, "E18_agent0_norm": 0.003546386491507292, "E18_agent1_norm": 0.003867431776598096, "E18_agent2_norm": 0.004600011743605137, "E18_agent3_norm": 0.00310393120162189, "E18_agent4_norm": 0.005324674304574728, "E19_agent0_norm": 0.002234202576801181, "E19_agent1_norm": 0.0027984834741801023, "E19_agent2_norm": 0.0028859092853963375, "E19_agent3_norm": 0.0020135212689638138, "E19_agent4_norm": 0.0027546552009880543, "E20_agent0_norm": 0.0017864728579297662, "E20_agent1_norm": 0.0020098071545362473, "E20_agent2_norm": 0.0018452807562425733, "E20_agent3_norm": 0.0016497561009600759, "E20_agent4_norm": 0.0030926167964935303, "E21_agent0_norm": 0.001195699442178011, "E21_agent1_norm": 0.001224979292601347, "E21_agent2_norm": 0.0014124795561656356, "E21_agent3_norm": 0.0012035544496029615, "E21_agent4_norm": 0.0017356665339320898, "E22_agent0_norm": 0.0010636603692546487, "E22_agent1_norm": 0.001139828353188932, "E22_agent2_norm": 0.0009560115868225694, "E22_agent3_norm": 0.0010370148811489344, "E22_agent4_norm": 0.0011532073840498924, "E23_agent0_norm": 0.0006131490808911622, "E23_agent1_norm": 0.0006699234945699573, "E23_agent2_norm": 0.0007263965671882033, "E23_agent3_norm": 0.000540522625669837, "E23_agent4_norm": 0.0009318778174929321, "E24_agent0_norm": 0.0004590461903717369, "E24_agent1_norm": 0.0006185631500557065, "E24_agent2_norm": 0.0004705299506895244, "E24_agent3_norm": 0.0005850913585163653, "E24_agent4_norm": 0.0004823038470931351, "E25_agent0_norm": 0.0003250116715207696, "E25_agent1_norm": 0.00036814084160141647, "E25_agent2_norm": 0.0004522033268585801, "E25_agent3_norm": 0.000361919665010646, "E25_agent4_norm": 0.0005443402915261686, "E26_agent0_norm": 0.00021371654293034226, "E26_agent1_norm": 0.0002283889043610543, "E26_agent2_norm": 0.000283923523966223, "E26_agent3_norm": 0.0002303544752066955, "E26_agent4_norm": 0.00029244419420138, "E27_agent0_norm": 0.000166543381055817, "E27_agent1_norm": 0.0001647347235120833, "E27_agent2_norm": 0.00021049325005151331, "E27_agent3_norm": 0.00019950595742557198, "E27_agent4_norm": 0.00018758635269477963, "E28_agent0_norm": 0.00012405995221342891, "E28_agent1_norm": 0.00013115748879499733, "E28_agent2_norm": 0.00013072657748125494, "E28_agent3_norm": 0.00017477234359830618, "E28_agent4_norm": 0.00014933674538042396, "E29_agent0_norm": 8.295875886688009e-05, "E29_agent1_norm": 9.648553532315418e-05, "E29_agent2_norm": 8.529023034498096e-05, "E29_agent3_norm": 0.00010517470218474045, "E29_agent4_norm": 0.0001164931381936185, "E30_agent0_norm": 4.73566324217245e-05, "E30_agent1_norm": 5.2503757615340874e-05, "E30_agent2_norm": 4.99279449286405e-05, "E30_agent3_norm": 4.6664375986438245e-05, "E30_agent4_norm": 9.04683256521821e-05, "E31_agent0_norm": 3.7101050111232325e-05, "E31_agent1_norm": 4.549118602881208e-05, "E31_agent2_norm": 5.7594774261815473e-05, "E31_agent3_norm": 4.0912807889981195e-05, "E31_agent4_norm": 5.391136073740199e-05, "E32_agent0_norm": 2.608500471978914e-05, "E32_agent1_norm": 2.814463368849829e-05, "E32_agent2_norm": 2.787283119687345e-05, "E32_agent3_norm": 2.964623854495585e-05, "E32_agent4_norm": 4.3920437747146934e-05, "E33_agent0_norm": 1.8765373170026578e-05, "E33_agent1_norm": 2.5839250156423077e-05, "E33_agent2_norm": 2.1094017938594334e-05, "E33_agent3_norm": 2.1893001758144237e-05, "E33_agent4_norm": 2.1120145902386867e-05, "E34_agent0_norm": 1.3159570698917378e-05, "E34_agent1_norm": 1.3947495972388424e-05, "E34_agent2_norm": 1.547613828734029e-05, "E34_agent3_norm": 1.3964616300654598e-05, "E34_agent4_norm": 1.5958901713020168e-05, "E35_agent0_norm": 8.44306850922294e-06, "E35_agent1_norm": 9.14713746169582e-06, "E35_agent2_norm": 1.0948560884571634e-05, "E35_agent3_norm": 8.943375178205315e-06, "E35_agent4_norm": 1.3113000022713095e-05, "E36_agent0_norm": 6.195085916260723e-06, "E36_agent1_norm": 6.562336238857824e-06, "E36_agent2_norm": 6.891830707900226e-06, "E36_agent3_norm": 6.5247299971815664e-06, "E36_agent4_norm": 7.494017609133152e-06, "E37_agent0_norm": 3.780215592996683e-06, "E37_agent1_norm": 5.076000434200978e-06, "E37_agent2_norm": 6.360614406730747e-06, "E37_agent3_norm": 3.907113296008902e-06, "E37_agent4_norm": 5.2760756261704955e-06, "E38_agent0_norm": 3.1084546208148822e-06, "E38_agent1_norm": 3.075869472013437e-06, "E38_agent2_norm": 3.262200152676087e-06, "E38_agent3_norm": 3.161302174703451e-06, "E38_agent4_norm": 4.6063423724262975e-06, "E39_agent0_norm": 2.0577031136781443e-06, "E39_agent1_norm": 2.319200802958221e-06, "E39_agent2_norm": 2.286332346557174e-06, "E39_agent3_norm": 2.0209711237839656e-06, "E39_agent4_norm": 2.5829026526480448e-06,