{"E1_agent0_norm": 2.2113256454467773, "E1_agent1_norm": 2.0123651027679443, "E1_agent2_norm": 1.9957785606384277, "E1_agent3_norm": 1.8568533658981323, "E1_agent4_norm": 2.385087251663208, "E2_agent0_norm": 0.9467775821685791, "E2_agent1_norm": 0.9339491724967957, "E2_agent2_norm": 0.8291179537773132, "E2_agent3_norm": 0.9660851955413818, "E2_agent4_norm": 0.8522970080375671, "E3_agent0_norm": 0.6081662178039551, "E3_agent1_norm": 0.6168285608291626, "E3_agent2_norm": 0.5324670672416687, "E3_agent3_norm": 0.48687314987182617, "E3_agent4_norm": 0.6306554079055786, "E4_agent0_norm": 0.5015134811401367, "E4_agent1_norm": 0.37654268741607666, "E4_agent2_norm": 0.4128231108188629, "E4_agent3_norm": 0.38638386130332947, "E4_agent4_norm": 0.40390780568122864, "E5_agent0_norm": 0.42315346002578735, "E5_agent1_norm": 0.27698153257369995, "E5_agent2_norm": 0.30281201004981995, "E5_agent3_norm": 0.243136465549469, "E5_agent4_norm": 0.3051975965499878, "E6_agent0_norm": 0.3634431064128876, "E6_agent1_norm": 0.21786989271640778, "E6_agent2_norm": 0.2264961451292038, "E6_agent3_norm": 0.2040664404630661, "E6_agent4_norm": 0.24822361767292023, "E7_agent0_norm": 0.30481281876564026, "E7_agent1_norm": 0.17227324843406677, "E7_agent2_norm": 0.17006747424602509, "E7_agent3_norm": 0.1581192910671234, "E7_agent4_norm": 0.1928478628396988, "E8_agent0_norm": 0.3000824749469757, "E8_agent1_norm": 0.12672607600688934, "E8_agent2_norm": 0.15669679641723633, "E8_agent3_norm": 0.12832728028297424, "E8_agent4_norm": 0.17585168778896332, "E9_agent0_norm": 0.28743118047714233, "E9_agent1_norm": 0.1059064120054245, "E9_agent2_norm": 0.10269729793071747, "E9_agent3_norm": 0.09898551553487778, "E9_agent4_norm": 0.13683871924877167, "E10_agent0_norm": 0.06598418951034546, "E10_agent1_norm": 0.08874153345823288, "E10_agent2_norm": 0.06615441292524338, "E10_agent3_norm": 0.06394921243190765, "E10_agent4_norm": 0.07092725485563278, "E11_agent0_norm": 0.047055743634700775, "E11_agent1_norm": 0.06360765546560287, "E11_agent2_norm": 0.04227951169013977, "E11_agent3_norm": 0.045068856328725815, "E11_agent4_norm": 0.060892991721630096, "E12_agent0_norm": 0.03047456219792366, "E12_agent1_norm": 0.05403084680438042, "E12_agent2_norm": 0.033442046493291855, "E12_agent3_norm": 0.027294272556900978, "E12_agent4_norm": 0.047363851219415665, "E13_agent0_norm": 0.02441638521850109, "E13_agent1_norm": 0.030415348708629608, "E13_agent2_norm": 0.022694721817970276, "E13_agent3_norm": 0.02193330228328705, "E13_agent4_norm": 0.03464365750551224, "E14_agent0_norm": 0.015400866977870464, "E14_agent1_norm": 0.029691606760025024, "E14_agent2_norm": 0.016574092209339142, "E14_agent3_norm": 0.01356039009988308, "E14_agent4_norm": 0.025888709351420403, "E15_agent0_norm": 0.012110879644751549, "E15_agent1_norm": 0.02562898024916649, "E15_agent2_norm": 0.013033992610871792, "E15_agent3_norm": 0.013428819365799427, "E15_agent4_norm": 0.024498185142874718, "E16_agent0_norm": 0.007723783142864704, "E16_agent1_norm": 0.021327991038560867, "E16_agent2_norm": 0.008248718455433846, "E16_agent3_norm": 0.007314782124012709, "E16_agent4_norm": 0.017796590924263, "E17_agent0_norm": 0.006561767775565386, "E17_agent1_norm": 0.010802166536450386, "E17_agent2_norm": 0.006938926409929991, "E17_agent3_norm": 0.007646527141332626, "E17_agent4_norm": 0.011304061859846115, "E18_agent0_norm": 0.004975783172994852, "E18_agent1_norm": 0.009860223159193993, "E18_agent2_norm": 0.00503738084807992, "E18_agent3_norm": 0.0048703090287745, "E18_agent4_norm": 0.008882061578333378, "E19_agent0_norm": 0.0032470249570906162, "E19_agent1_norm": 0.006896499078720808, "E19_agent2_norm": 0.003708530217409134, "E19_agent3_norm": 0.004077414982020855, "E19_agent4_norm": 0.005410508718341589, "E20_agent0_norm": 0.001998983323574066, "E20_agent1_norm": 0.002678483258932829, "E20_agent2_norm": 0.0021286141127347946, "E20_agent3_norm": 0.0029571123886853456, "E20_agent4_norm": 0.003465790767222643, "E21_agent0_norm": 0.001373893115669489, "E21_agent1_norm": 0.0031242803670465946, "E21_agent2_norm": 0.0015118278097361326, "E21_agent3_norm": 0.0012898952700197697, "E21_agent4_norm": 0.001656408072449267, "E22_agent0_norm": 0.0010525111574679613, "E22_agent1_norm": 0.0018000551499426365, "E22_agent2_norm": 0.0011424320982769132, "E22_agent3_norm": 0.0015834624646231532, "E22_agent4_norm": 0.001804739935323596, "E23_agent0_norm": 0.0007484208908863366, "E23_agent1_norm": 0.0013404281344264746, "E23_agent2_norm": 0.0008412208408117294, "E23_agent3_norm": 0.0009258207282982767, "E23_agent4_norm": 0.001752623007632792, "E24_agent0_norm": 0.0005694269202649593, "E24_agent1_norm": 0.001198453246615827, "E24_agent2_norm": 0.0005758123588748276, "E24_agent3_norm": 0.0005454261554405093, "E24_agent4_norm": 0.000960829493124038, "E25_agent0_norm": 0.00041396141750738025, "E25_agent1_norm": 0.0008527840836904943, "E25_agent2_norm": 0.0005681178299710155, "E25_agent3_norm": 0.00032898562494665384, "E25_agent4_norm": 0.00040194508619606495, "E26_agent0_norm": 0.00025591981830075383, "E26_agent1_norm": 0.0006039919680915773, "E26_agent2_norm": 0.00027287463308312, "E26_agent3_norm": 0.0002411336317891255, "E26_agent4_norm": 0.00045762371155433357, "E27_agent0_norm": 0.0001460025378037244, "E27_agent1_norm": 0.00034495978616178036, "E27_agent2_norm": 0.00019050489936489612, "E27_agent3_norm": 0.00015734836051706225, "E27_agent4_norm": 0.00027128084911964834, "E28_agent0_norm": 0.000111138288048096, "E28_agent1_norm": 0.000296107231406495, "E28_agent2_norm": 0.0001377902226522565, "E28_agent3_norm": 0.00012577934830915183, "E28_agent4_norm": 0.0002497007662896067, "E29_agent0_norm": 7.597039802931249e-05, "E29_agent1_norm": 0.00013464305084198713, "E29_agent2_norm": 7.868147076806054e-05, "E29_agent3_norm": 6.938648584764451e-05, "E29_agent4_norm": 0.00011899411038029939, "E30_agent0_norm": 6.091156319598667e-05, "E30_agent1_norm": 0.00013510843564290553, "E30_agent2_norm": 6.989250687183812e-05, "E30_agent3_norm": 5.951330604148097e-05, "E30_agent4_norm": 0.00010947039845632389, "E31_agent0_norm": 4.673234434449114e-05, "E31_agent1_norm": 0.00010407956870039925, "E31_agent2_norm": 5.232531111687422e-05, "E31_agent3_norm": 4.5206561480881646e-05, "E31_agent4_norm": 7.63916177675128e-05, "E32_agent0_norm": 2.8405385819496587e-05, "E32_agent1_norm": 6.756903894711286e-05, "E32_agent2_norm": 2.9394623197731562e-05, "E32_agent3_norm": 2.9588261895696633e-05, "E32_agent4_norm": 9.022666927194223e-05, "E33_agent0_norm": 2.1388663299148902e-05, "E33_agent1_norm": 5.1713861466851085e-05, "E33_agent2_norm": 2.8111267965869047e-05, "E33_agent3_norm": 1.9979715943918563e-05, "E33_agent4_norm": 4.928301859763451e-05, "E34_agent0_norm": 1.3102535376674496e-05, "E34_agent1_norm": 2.539800334488973e-05, "E34_agent2_norm": 1.6333347957697697e-05, "E34_agent3_norm": 1.3019410289416555e-05, "E34_agent4_norm": 2.7588797820499167e-05, "E35_agent0_norm": 1.0661560736480169e-05, "E35_agent1_norm": 2.320693056390155e-05, "E35_agent2_norm": 1.1047133739339188e-05, "E35_agent3_norm": 1.1699614333338104e-05, "E35_agent4_norm": 2.022754961217288e-05, "E36_agent0_norm": 7.415337222482776e-06, "E36_agent1_norm": 1.9461514966678806e-05, "E36_agent2_norm": 8.724816325411666e-06, "E36_agent3_norm": 7.192959401436383e-06, "E36_agent4_norm": 1.7620004655327648e-05, "E37_agent0_norm": 5.301587862049928e-06, "E37_agent1_norm": 1.2753534065268468e-05, "E37_agent2_norm": 5.646471890941029e-06, "E37_agent3_norm": 5.34474656888051e-06, "E37_agent4_norm": 7.265050498972414e-06, "E38_agent0_norm": 4.139990323892562e-06, "E38_agent1_norm": 9.14414704311639e-06, "E38_agent2_norm": 6.010840024828212e-06, "E38_agent3_norm": 4.915561476082075e-06, "E38_agent4_norm": 4.327679562265985e-06, "E39_agent0_norm": 2.6058360163006e-06, "E39_agent1_norm": 4.864069524046499e-06, "E39_agent2_norm": 2.7558485271583777e-06, "E39_agent3_norm": 2.597578486529528e-06, "E39_agent4_norm": 3.5610808026831364e-06,