{"Agent0_Epoch1": 0.28878456354141235, "Agent1_Epoch1": 0.298909068107605, "Agent2_Epoch1": 0.9986786842346191, "Agent3_Epoch1": 0.9916704297065735, "Agent4_Epoch1": 0.994844913482666, "Agent0_Epoch2": 0.057401299476623535, "Agent1_Epoch2": 0.28679001331329346, "Agent2_Epoch2": 0.2963692545890808, "Agent3_Epoch2": 0.2944943904876709, "Agent4_Epoch2": 0.3040686249732971, "Agent0_Epoch3": 0.03263729810714722, "Agent1_Epoch3": 0.13214528560638428, "Agent2_Epoch3": 0.13353502750396729, "Agent3_Epoch3": 0.13074302673339844, "Agent4_Epoch3": 0.13396048545837402, "Agent0_Epoch4": 0.019854724407196045, "Agent1_Epoch4": 0.06188684701919556, "Agent2_Epoch4": 0.06147068738937378, "Agent3_Epoch4": 0.06111937761306763, "Agent4_Epoch4": 0.06621700525283813, "Agent0_Epoch5": 0.012951672077178955, "Agent1_Epoch5": 0.03191035985946655, "Agent2_Epoch5": 0.032573699951171875, "Agent3_Epoch5": 0.03166133165359497, "Agent4_Epoch5": 0.03144568204879761, "Agent0_Epoch6": 0.0090256929397583, "Agent1_Epoch6": 0.01841115951538086, "Agent2_Epoch6": 0.016893088817596436, "Agent3_Epoch6": 0.01709681749343872, "Agent4_Epoch6": 0.018477141857147217, "Agent0_Epoch7": 0.006307125091552734, "Agent1_Epoch7": 0.011110424995422363, "Agent2_Epoch7": 0.011024236679077148, "Agent3_Epoch7": 0.010848939418792725, "Agent4_Epoch7": 0.011486947536468506, "Agent0_Epoch8": 0.004768252372741699, "Agent1_Epoch8": 0.007492423057556152, "Agent2_Epoch8": 0.007376313209533691, "Agent3_Epoch8": 0.007348239421844482, "Agent4_Epoch8": 0.0077953338623046875, "Agent0_Epoch9": 0.0035845041275024414, "Agent1_Epoch9": 0.005143284797668457, "Agent2_Epoch9": 0.005404293537139893, "Agent3_Epoch9": 0.005517125129699707, "Agent4_Epoch9": 0.005870938301086426, "Agent0_Epoch10": 0.0038698315620422363, "Agent1_Epoch10": 0.005548655986785889, "Agent2_Epoch10": 0.0054247379302978516, "Agent3_Epoch10": 0.00545889139175415, "Agent4_Epoch10": 0.005874812602996826, "Agent0_Epoch11": 0.003934144973754883, "Agent1_Epoch11": 0.005635082721710205, "Agent2_Epoch11": 0.005634009838104248, "Agent3_Epoch11": 0.005629897117614746, "Agent4_Epoch11": 0.005758821964263916, "Agent0_Epoch12": 0.004024505615234375, "Agent1_Epoch12": 0.005761682987213135, "Agent2_Epoch12": 0.005665183067321777, "Agent3_Epoch12": 0.005828976631164551, "Agent4_Epoch12": 0.005861818790435791, "Agent0_Epoch13": 0.004079043865203857, "Agent1_Epoch13": 0.0058370232582092285, "Agent2_Epoch13": 0.005765795707702637, "Agent3_Epoch13": 0.0058293938636779785, "Agent4_Epoch13": 0.005852103233337402, "Agent0_Epoch14": 0.004096627235412598, "Agent1_Epoch14": 0.005860269069671631, "Agent2_Epoch14": 0.005820333957672119, "Agent3_Epoch14": 0.005872189998626709, "Agent4_Epoch14": 0.0059067606925964355, "Agent0_Epoch15": 0.004114687442779541, "Agent1_Epoch15": 0.005884885787963867, "Agent2_Epoch15": 0.005867481231689453, "Agent3_Epoch15": 0.005883693695068359, "Agent4_Epoch15": 0.005926966667175293, "Agent0_Epoch16": 0.004128873348236084, "Agent1_Epoch16": 0.005903840065002441, "Agent2_Epoch16": 0.005900204181671143, "Agent3_Epoch16": 0.005927085876464844, "Agent4_Epoch16": 0.005915343761444092, "Agent0_Epoch17": 0.004142582416534424, "Agent1_Epoch17": 0.005922853946685791, "Agent2_Epoch17": 0.00591510534286499, "Agent3_Epoch17": 0.005959153175354004, "Agent4_Epoch17": 0.005903303623199463, "Agent0_Epoch18": 0.004143238067626953, "Agent1_Epoch18": 0.005923151969909668, "Agent2_Epoch18": 0.005938112735748291, "Agent3_Epoch18": 0.005947589874267578, "Agent4_Epoch18": 0.005968451499938965, "Agent0_Epoch19": 0.004155933856964111, "Agent1_Epoch19": 0.00594097375869751, "Agent2_Epoch19": 0.0059378743171691895, "Agent3_Epoch19": 0.005949258804321289, "Agent4_Epoch19": 0.005945861339569092, "Agent0_Epoch20": 0.004156589508056641, "Agent1_Epoch20": 0.005941629409790039, "Agent2_Epoch20": 0.005927562713623047, "Agent3_Epoch20": 0.0059629082679748535, "Agent4_Epoch20": 0.005961954593658447, "Agent0_Epoch21": 0.004162490367889404, "Agent1_Epoch21": 0.005950033664703369, "Agent2_Epoch21": 0.005938231945037842, "Agent3_Epoch21": 0.005947589874267578, "Agent4_Epoch21": 0.0059465765953063965, "Agent0_Epoch22": 0.004161417484283447, "Agent1_Epoch22": 0.005948424339294434, "Agent2_Epoch22": 0.0059473514556884766, "Agent3_Epoch22": 0.005952060222625732, "Agent4_Epoch22": 0.005963921546936035, "Agent0_Epoch23": 0.004163205623626709, "Agent1_Epoch23": 0.005950987339019775, "Agent2_Epoch23": 0.005950868129730225, "Agent3_Epoch23": 0.005956768989562988, "Agent4_Epoch23": 0.005953490734100342, "Agent0_Epoch24": 0.004165053367614746, "Agent1_Epoch24": 0.005953311920166016, "Agent2_Epoch24": 0.005951881408691406, "Agent3_Epoch24": 0.00595545768737793, "Agent4_Epoch24": 0.005952656269073486, "Agent0_Epoch25": 0.004164993762969971, "Agent1_Epoch25": 0.00595325231552124, "Agent2_Epoch25": 0.005954742431640625, "Agent3_Epoch25": 0.005954921245574951, "Agent4_Epoch25": 0.005955696105957031, "Agent0_Epoch26": 0.004165530204772949, "Agent1_Epoch26": 0.00595402717590332, "Agent2_Epoch26": 0.005953490734100342, "Agent3_Epoch26": 0.005956113338470459, "Agent4_Epoch26": 0.00595623254776001, "Agent0_Epoch27": 0.0041661858558654785, "Agent1_Epoch27": 0.005954921245574951, "Agent2_Epoch27": 0.005954861640930176, "Agent3_Epoch27": 0.005955755710601807, "Agent4_Epoch27": 0.005954623222351074, "Agent0_Epoch28": 0.004166305065155029, "Agent1_Epoch28": 0.005955040454864502, "Agent2_Epoch28": 0.005954742431640625, "Agent3_Epoch28": 0.005955219268798828, "Agent4_Epoch28": 0.005955398082733154, "Agent0_Epoch29": 0.0041664838790893555, "Agent1_Epoch29": 0.005955338478088379, "Agent2_Epoch29": 0.005955040454864502, "Agent3_Epoch29": 0.005955517292022705, "Agent4_Epoch29": 0.00595545768737793, "Agent0_Epoch30": 0.004166841506958008, "Agent1_Epoch30": 0.005955636501312256, "Agent2_Epoch30": 0.005955219268798828, "Agent3_Epoch30": 0.005955815315246582, "Agent4_Epoch30": 0.005955636501312256, "Agent0_Epoch31": 0.004166901111602783, "Agent1_Epoch31": 0.005955755710601807, "Agent2_Epoch31": 0.005955517292022705, "Agent3_Epoch31": 0.005956053733825684, "Agent4_Epoch31": 0.005956172943115234, "Agent0_Epoch32": 0.004167020320892334, "Agent1_Epoch32": 0.005955934524536133, "Agent2_Epoch32": 0.005955994129180908, "Agent3_Epoch32": 0.005956113338470459, "Agent4_Epoch32": 0.005956172943115234, "Agent0_Epoch33": 0.004167020320892334, "Agent1_Epoch33": 0.005955994129180908, "Agent2_Epoch33": 0.005955874919891357, "Agent3_Epoch33": 0.005956292152404785, "Agent4_Epoch33": 0.00595623254776001, "Agent0_Epoch34": 0.004167020320892334, "Agent1_Epoch34": 0.005956172943115234, "Agent2_Epoch34": 0.005956113338470459, "Agent3_Epoch34": 0.005956113338470459, "Agent4_Epoch34": 0.005956113338470459, "Agent0_Epoch35": 0.004167139530181885, "Agent1_Epoch35": 0.005956053733825684, "Agent2_Epoch35": 0.005956172943115234, "Agent3_Epoch35": 0.005956172943115234, "Agent4_Epoch35": 0.005956113338470459, "Agent0_Epoch36": 0.00416719913482666, "Agent1_Epoch36": 0.00595623254776001, "Agent2_Epoch36": 0.00595623254776001, "Agent3_Epoch36": 0.005956172943115234, "Agent4_Epoch36": 0.00595623254776001, "Agent0_Epoch37": 0.00416719913482666, "Agent1_Epoch37": 0.00595623254776001, "Agent2_Epoch37": 0.00595623254776001, "Agent3_Epoch37": 0.0059563517570495605, "Agent4_Epoch37": 0.00595623254776001, "Agent0_Epoch38": 0.00416719913482666, "Agent1_Epoch38": 0.00595623254776001, "Agent2_Epoch38": 0.00595623254776001, "Agent3_Epoch38": 0.005956292152404785, "Agent4_Epoch38": 0.0059563517570495605, "Agent0_Epoch39": 0.00416719913482666, "Agent1_Epoch39": 0.005956172943115234, "Agent2_Epoch39": 0.005956172943115234, "Agent3_Epoch39": 0.005956292152404785, "Agent4_Epoch39": 0.005956292152404785, "Agent0_Epoch40": 0.004167318344116211, "Agent1_Epoch40": 0.005956292152404785, "Agent2_Epoch40": 0.005956292152404785, "Agent3_Epoch40": 0.005956292152404785, "Agent4_Epoch40": 0.00595623254776001, "Agent0_Epoch41": 0.004167318344116211, "Agent1_Epoch41": 0.005956292152404785,