{"E1_agent0_norm": 2.3325886726379395, "E1_agent1_norm": 1.8146616220474243, "E1_agent2_norm": 2.044808864593506, "E1_agent3_norm": 1.774090051651001, "E1_agent4_norm": 1.8414336442947388, "E2_agent0_norm": 0.7762637734413147, "E2_agent1_norm": 0.8465344309806824, "E2_agent2_norm": 0.9471492171287537, "E2_agent3_norm": 0.9670771360397339, "E2_agent4_norm": 1.3288986682891846, "E3_agent0_norm": 0.6786102056503296, "E3_agent1_norm": 0.4946253299713135, "E3_agent2_norm": 0.501602828502655, "E3_agent3_norm": 0.45092254877090454, "E3_agent4_norm": 0.6958285570144653, "E4_agent0_norm": 0.47223830223083496, "E4_agent1_norm": 0.3538271188735962, "E4_agent2_norm": 0.3629057705402374, "E4_agent3_norm": 0.32657209038734436, "E4_agent4_norm": 0.4395867586135864, "E5_agent0_norm": 0.40532034635543823, "E5_agent1_norm": 0.30819183588027954, "E5_agent2_norm": 0.25347059965133667, "E5_agent3_norm": 0.23323696851730347, "E5_agent4_norm": 0.3766408860683441, "E6_agent0_norm": 0.3223612904548645, "E6_agent1_norm": 0.22541876137256622, "E6_agent2_norm": 0.21248863637447357, "E6_agent3_norm": 0.22441154718399048, "E6_agent4_norm": 0.3250557780265808, "E7_agent0_norm": 0.3372040092945099, "E7_agent1_norm": 0.18421174585819244, "E7_agent2_norm": 0.20959621667861938, "E7_agent3_norm": 0.16538913547992706, "E7_agent4_norm": 0.19567282497882843, "E8_agent0_norm": 0.2736915349960327, "E8_agent1_norm": 0.13952825963497162, "E8_agent2_norm": 0.13761277496814728, "E8_agent3_norm": 0.1250200718641281, "E8_agent4_norm": 0.15373679995536804, "E9_agent0_norm": 0.29009729623794556, "E9_agent1_norm": 0.1108185350894928, "E9_agent2_norm": 0.13461048901081085, "E9_agent3_norm": 0.11650907248258591, "E9_agent4_norm": 0.11362317949533463, "E10_agent0_norm": 0.07064419984817505, "E10_agent1_norm": 0.07109745591878891, "E10_agent2_norm": 0.07232087105512619, "E10_agent3_norm": 0.06105184182524681, "E10_agent4_norm": 0.08260800689458847, "E11_agent0_norm": 0.04767325893044472, "E11_agent1_norm": 0.051184967160224915, "E11_agent2_norm": 0.050748560577631, "E11_agent3_norm": 0.047203563153743744, "E11_agent4_norm": 0.0664602741599083, "E12_agent0_norm": 0.03063228912651539, "E12_agent1_norm": 0.042242929339408875, "E12_agent2_norm": 0.052572596818208694, "E12_agent3_norm": 0.026534246280789375, "E12_agent4_norm": 0.04636684060096741, "E13_agent0_norm": 0.01847059093415737, "E13_agent1_norm": 0.029068490490317345, "E13_agent2_norm": 0.026324307546019554, "E13_agent3_norm": 0.018109826371073723, "E13_agent4_norm": 0.028223473578691483, "E14_agent0_norm": 0.0146352993324399, "E14_agent1_norm": 0.019462859258055687, "E14_agent2_norm": 0.021421389654278755, "E14_agent3_norm": 0.013485120609402657, "E14_agent4_norm": 0.021808186545968056, "E15_agent0_norm": 0.010730985552072525, "E15_agent1_norm": 0.016279462724924088, "E15_agent2_norm": 0.017821604385972023, "E15_agent3_norm": 0.010998193174600601, "E15_agent4_norm": 0.021674824878573418, "E16_agent0_norm": 0.007702331058681011, "E16_agent1_norm": 0.008204597979784012, "E16_agent2_norm": 0.012445035390555859, "E16_agent3_norm": 0.007646043784916401, "E16_agent4_norm": 0.011837572790682316, "E17_agent0_norm": 0.00636381097137928, "E17_agent1_norm": 0.012444806285202503, "E17_agent2_norm": 0.008239243179559708, "E17_agent3_norm": 0.008031423203647137, "E17_agent4_norm": 0.010534935630857944, "E18_agent0_norm": 0.004426781553775072, "E18_agent1_norm": 0.00631358940154314, "E18_agent2_norm": 0.006760604213923216, "E18_agent3_norm": 0.00427056523039937, "E18_agent4_norm": 0.00808241218328476, "E19_agent0_norm": 0.00311406422406435, "E19_agent1_norm": 0.004571449942886829, "E19_agent2_norm": 0.0064597721211612225, "E19_agent3_norm": 0.0029058295767754316, "E19_agent4_norm": 0.005819234531372786, "E20_agent0_norm": 0.0021710910368710756, "E20_agent1_norm": 0.002256602281704545, "E20_agent2_norm": 0.0035425054375082254, "E20_agent3_norm": 0.0019271482015028596, "E20_agent4_norm": 0.0034543198999017477, "E21_agent0_norm": 0.001998254330828786, "E21_agent1_norm": 0.00237658922560513, "E21_agent2_norm": 0.002914939308539033, "E21_agent3_norm": 0.0020371528808027506, "E21_agent4_norm": 0.0031169133726507425, "E22_agent0_norm": 0.0009704382391646504, "E22_agent1_norm": 0.001638573594391346, "E22_agent2_norm": 0.0024543744511902332, "E22_agent3_norm": 0.0009381781565025449, "E22_agent4_norm": 0.0015762604307383299, "E23_agent0_norm": 0.0007672487408854067, "E23_agent1_norm": 0.0009317536023445427, "E23_agent2_norm": 0.0014435613993555307, "E23_agent3_norm": 0.000742623524274677, "E23_agent4_norm": 0.0015788184246048331, "E24_agent0_norm": 0.00047645450104027987, "E24_agent1_norm": 0.0005600885488092899, "E24_agent2_norm": 0.0007766912458464503, "E24_agent3_norm": 0.0004560776287689805, "E24_agent4_norm": 0.0007571118185296655, "E25_agent0_norm": 0.00038604484871029854, "E25_agent1_norm": 0.0005212326650507748, "E25_agent2_norm": 0.0007348846993409097, "E25_agent3_norm": 0.0004038366605527699, "E25_agent4_norm": 0.0007067836122587323, "E26_agent0_norm": 0.00024410855257883668, "E26_agent1_norm": 0.00031511785346083343, "E26_agent2_norm": 0.0005658915033563972, "E26_agent3_norm": 0.00023979961406439543, "E26_agent4_norm": 0.00047708104830235243, "E27_agent0_norm": 0.00015971831453498453, "E27_agent1_norm": 0.0003324995923321694, "E27_agent2_norm": 0.00037481036270037293, "E27_agent3_norm": 0.00014767274842597544, "E27_agent4_norm": 0.00025815507979132235, "E28_agent0_norm": 0.00013780986773781478, "E28_agent1_norm": 0.00022520095808431506, "E28_agent2_norm": 0.00024118392320815474, "E28_agent3_norm": 0.00014472348266281188, "E28_agent4_norm": 0.00021718619973398745, "E29_agent0_norm": 7.89891419117339e-05, "E29_agent1_norm": 0.00012007288751192391, "E29_agent2_norm": 0.0001531462330603972, "E29_agent3_norm": 8.366852125618607e-05, "E29_agent4_norm": 0.0001000456468318589, "E30_agent0_norm": 4.8461406549904495e-05, "E30_agent1_norm": 9.676245099399239e-05, "E30_agent2_norm": 7.298419950529933e-05, "E30_agent3_norm": 4.843415808863938e-05, "E30_agent4_norm": 7.555467163911089e-05, "E31_agent0_norm": 4.388058005133644e-05, "E31_agent1_norm": 5.072661588201299e-05, "E31_agent2_norm": 7.731740333838388e-05, "E31_agent3_norm": 3.764838766073808e-05, "E31_agent4_norm": 9.933811088558286e-05, "E32_agent0_norm": 3.180645944667049e-05, "E32_agent1_norm": 4.35285473940894e-05, "E32_agent2_norm": 7.311033550649881e-05, "E32_agent3_norm": 2.8233009288669564e-05, "E32_agent4_norm": 5.888769737794064e-05, "E33_agent0_norm": 2.2592570530832745e-05, "E33_agent1_norm": 3.546658263076097e-05, "E33_agent2_norm": 4.220320988679305e-05, "E33_agent3_norm": 2.510261765564792e-05, "E33_agent4_norm": 3.99333584937267e-05, "E34_agent0_norm": 1.4715697943756822e-05, "E34_agent1_norm": 1.7727739759720862e-05, "E34_agent2_norm": 2.2386420823750086e-05, "E34_agent3_norm": 1.4628829376306385e-05, "E34_agent4_norm": 2.5715115043567494e-05, "E35_agent0_norm": 9.968201993615367e-06, "E35_agent1_norm": 1.2087117283954285e-05, "E35_agent2_norm": 2.7745494662667625e-05, "E35_agent3_norm": 9.393447726324666e-06, "E35_agent4_norm": 1.785685344657395e-05, "E36_agent0_norm": 6.2786270973447245e-06, "E36_agent1_norm": 9.058929208549671e-06, "E36_agent2_norm": 1.9314287783345208e-05, "E36_agent3_norm": 5.973594852548558e-06, "E36_agent4_norm": 1.2316147149249446e-05, "E37_agent0_norm": 4.353332315076841e-06, "E37_agent1_norm": 6.72609075991204e-06, "E37_agent2_norm": 8.499680916429497e-06, "E37_agent3_norm": 4.452579560165759e-06, "E37_agent4_norm": 6.061028216208797e-06, "E38_agent0_norm": 3.4648469409148674e-06, "E38_agent1_norm": 5.227376277616713e-06, "E38_agent2_norm": 7.778212420816999e-06, "E38_agent3_norm": 3.668016006486141e-06, "E38_agent4_norm": 7.72785824665334e-06, "E39_agent0_norm": 2.413861693639774e-06, "E39_agent1_norm": 3.721710527315736e-06, "E39_agent2_norm": 5.956081622571219e-06, "E39_agent3_norm": 2.212725576100638e-06, "E39_agent4_norm": 4.438039923115866e-06,