{"Agent0_Epoch1": 0.28832584619522095, "Agent1_Epoch1": 0.2943704128265381, "Agent2_Epoch1": 0.9960626363754272, "Agent3_Epoch1": 0.9985286593437195, "Agent4_Epoch1": 0.9990387558937073, "Agent0_Epoch2": 0.056039392948150635, "Agent1_Epoch2": 0.29105621576309204, "Agent2_Epoch2": 0.3040328621864319, "Agent3_Epoch2": 0.29481226205825806, "Agent4_Epoch2": 0.3162267208099365, "Agent0_Epoch3": 0.03291898965835571, "Agent1_Epoch3": 0.13332021236419678, "Agent2_Epoch3": 0.1335034966468811, "Agent3_Epoch3": 0.13536673784255981, "Agent4_Epoch3": 0.1433730125427246, "Agent0_Epoch4": 0.020692944526672363, "Agent1_Epoch4": 0.06418609619140625, "Agent2_Epoch4": 0.06612664461135864, "Agent3_Epoch4": 0.06213176250457764, "Agent4_Epoch4": 0.06638771295547485, "Agent0_Epoch5": 0.013573944568634033, "Agent1_Epoch5": 0.0334620475769043, "Agent2_Epoch5": 0.03296405076980591, "Agent3_Epoch5": 0.03240656852722168, "Agent4_Epoch5": 0.035365521907806396, "Agent0_Epoch6": 0.0094146728515625, "Agent1_Epoch6": 0.019228756427764893, "Agent2_Epoch6": 0.018212199211120605, "Agent3_Epoch6": 0.018627583980560303, "Agent4_Epoch6": 0.01976996660232544, "Agent0_Epoch7": 0.0067247748374938965, "Agent1_Epoch7": 0.011861979961395264, "Agent2_Epoch7": 0.011930286884307861, "Agent3_Epoch7": 0.011879563331604004, "Agent4_Epoch7": 0.012818992137908936, "Agent0_Epoch8": 0.005174160003662109, "Agent1_Epoch8": 0.008133292198181152, "Agent2_Epoch8": 0.00805121660232544, "Agent3_Epoch8": 0.007789015769958496, "Agent4_Epoch8": 0.008592545986175537, "Agent0_Epoch9": 0.005352020263671875, "Agent1_Epoch9": 0.00839221477508545, "Agent2_Epoch9": 0.008405089378356934, "Agent3_Epoch9": 0.007875919342041016, "Agent4_Epoch9": 0.009376227855682373, "Agent0_Epoch10": 0.005590975284576416, "Agent1_Epoch10": 0.008756697177886963, "Agent2_Epoch10": 0.008969426155090332, "Agent3_Epoch10": 0.008520245552062988, "Agent4_Epoch10": 0.008875250816345215, "Agent0_Epoch11": 0.005556702613830566, "Agent1_Epoch11": 0.008693933486938477, "Agent2_Epoch11": 0.009009003639221191, "Agent3_Epoch11": 0.008820652961730957, "Agent4_Epoch11": 0.009194374084472656, "Agent0_Epoch12": 0.0056296586990356445, "Agent1_Epoch12": 0.008798658847808838, "Agent2_Epoch12": 0.009045720100402832, "Agent3_Epoch12": 0.008898437023162842, "Agent4_Epoch12": 0.009290218353271484, "Agent0_Epoch13": 0.005749881267547607, "Agent1_Epoch13": 0.008983314037322998, "Agent2_Epoch13": 0.008982956409454346, "Agent3_Epoch13": 0.008884310722351074, "Agent4_Epoch13": 0.009129345417022705, "Agent0_Epoch14": 0.005771994590759277, "Agent1_Epoch14": 0.009014129638671875, "Agent2_Epoch14": 0.00906682014465332, "Agent3_Epoch14": 0.008905887603759766, "Agent4_Epoch14": 0.009104132652282715, "Agent0_Epoch15": 0.005784809589385986, "Agent1_Epoch15": 0.009030401706695557, "Agent2_Epoch15": 0.00907433032989502, "Agent3_Epoch15": 0.00903242826461792, "Agent4_Epoch15": 0.009150445461273193, "Agent0_Epoch16": 0.005814790725708008, "Agent1_Epoch16": 0.009076297283172607, "Agent2_Epoch16": 0.009117364883422852, "Agent3_Epoch16": 0.009060323238372803, "Agent4_Epoch16": 0.009122192859649658, "Agent0_Epoch17": 0.005849778652191162, "Agent1_Epoch17": 0.00912940502166748, "Agent2_Epoch17": 0.009093761444091797, "Agent3_Epoch17": 0.009090185165405273, "Agent4_Epoch17": 0.00914090871810913, "Agent0_Epoch18": 0.005848288536071777, "Agent1_Epoch18": 0.009126842021942139, "Agent2_Epoch18": 0.009157180786132812, "Agent3_Epoch18": 0.009092152118682861, "Agent4_Epoch18": 0.009191334247589111, "Agent0_Epoch19": 0.005856990814208984, "Agent1_Epoch19": 0.009139418601989746, "Agent2_Epoch19": 0.009149670600891113, "Agent3_Epoch19": 0.009153425693511963, "Agent4_Epoch19": 0.009170472621917725, "Agent0_Epoch20": 0.0058632493019104, "Agent1_Epoch20": 0.009148836135864258, "Agent2_Epoch20": 0.009153127670288086, "Agent3_Epoch20": 0.009139180183410645, "Agent4_Epoch20": 0.009150683879852295, "Agent0_Epoch21": 0.005862414836883545, "Agent1_Epoch21": 0.0091477632522583, "Agent2_Epoch21": 0.009165167808532715, "Agent3_Epoch21": 0.009144902229309082, "Agent4_Epoch21": 0.009167969226837158, "Agent0_Epoch22": 0.005866944789886475, "Agent1_Epoch22": 0.009154260158538818, "Agent2_Epoch22": 0.009162306785583496, "Agent3_Epoch22": 0.009153127670288086, "Agent4_Epoch22": 0.009158730506896973, "Agent0_Epoch23": 0.005868375301361084, "Agent1_Epoch23": 0.009156405925750732, "Agent2_Epoch23": 0.009161829948425293, "Agent3_Epoch23": 0.009157657623291016, "Agent4_Epoch23": 0.009162366390228271, "Agent0_Epoch24": 0.005869269371032715, "Agent1_Epoch24": 0.00915759801864624, "Agent2_Epoch24": 0.00916212797164917, "Agent3_Epoch24": 0.009158432483673096, "Agent4_Epoch24": 0.009164929389953613, "Agent0_Epoch25": 0.0058707594871521, "Agent1_Epoch25": 0.009159743785858154, "Agent2_Epoch25": 0.009161293506622314, "Agent3_Epoch25": 0.009158015251159668, "Agent4_Epoch25": 0.00916224718093872, "Agent0_Epoch26": 0.005870938301086426, "Agent1_Epoch26": 0.00915992259979248, "Agent2_Epoch26": 0.009161114692687988, "Agent3_Epoch26": 0.009160518646240234, "Agent4_Epoch26": 0.00916379690170288, "Agent0_Epoch27": 0.0058716535568237305, "Agent1_Epoch27": 0.009161174297332764, "Agent2_Epoch27": 0.00916200876235962, "Agent3_Epoch27": 0.009160816669464111, "Agent4_Epoch27": 0.009161055088043213, "Agent0_Epoch28": 0.005872070789337158, "Agent1_Epoch28": 0.009161770343780518, "Agent2_Epoch28": 0.009160995483398438, "Agent3_Epoch28": 0.00915980339050293, "Agent4_Epoch28": 0.009162187576293945, "Agent0_Epoch29": 0.005871951580047607, "Agent1_Epoch29": 0.009161531925201416, "Agent2_Epoch29": 0.009161412715911865, "Agent3_Epoch29": 0.009161174297332764, "Agent4_Epoch29": 0.009161829948425293, "Agent0_Epoch30": 0.005871832370758057, "Agent1_Epoch30": 0.009161531925201416, "Agent2_Epoch30": 0.009162068367004395, "Agent3_Epoch30": 0.00916135311126709, "Agent4_Epoch30": 0.009162187576293945, "Agent0_Epoch31": 0.005872070789337158, "Agent1_Epoch31": 0.009161889553070068, "Agent2_Epoch31": 0.009162068367004395, "Agent3_Epoch31": 0.009161710739135742, "Agent4_Epoch31": 0.009161829948425293, "Agent0_Epoch32": 0.005872130393981934, "Agent1_Epoch32": 0.009161829948425293, "Agent2_Epoch32": 0.00916200876235962, "Agent3_Epoch32": 0.009161591529846191, "Agent4_Epoch32": 0.009161949157714844, "Agent0_Epoch33": 0.005872070789337158, "Agent1_Epoch33": 0.009161949157714844, "Agent2_Epoch33": 0.009162068367004395, "Agent3_Epoch33": 0.009161889553070068, "Agent4_Epoch33": 0.00916200876235962, "Agent0_Epoch34": 0.005872130393981934, "Agent1_Epoch34": 0.009161949157714844, "Agent2_Epoch34": 0.00916212797164917, "Agent3_Epoch34": 0.00916212797164917, "Agent4_Epoch34": 0.00916200876235962, "Agent0_Epoch35": 0.005872130393981934, "Agent1_Epoch35": 0.009162068367004395, "Agent2_Epoch35": 0.00916200876235962, "Agent3_Epoch35": 0.00916200876235962, "Agent4_Epoch35": 0.00916212797164917, "Agent0_Epoch36": 0.005872130393981934, "Agent1_Epoch36": 0.009161949157714844, "Agent2_Epoch36": 0.00916212797164917, "Agent3_Epoch36": 0.009161949157714844, "Agent4_Epoch36": 0.00916212797164917, "Agent0_Epoch37": 0.005872130393981934, "Agent1_Epoch37": 0.00916200876235962, "Agent2_Epoch37": 0.00916200876235962, "Agent3_Epoch37": 0.00916200876235962, "Agent4_Epoch37": 0.00916200876235962, "Agent0_Epoch38": 0.005872130393981934, "Agent1_Epoch38": 0.00916200876235962, "Agent2_Epoch38": 0.00916200876235962, "Agent3_Epoch38": 0.00916200876235962, "Agent4_Epoch38": 0.00916200876235962, "Agent0_Epoch39": 0.005872130393981934, "Agent1_Epoch39": 0.009162068367004395, "Agent2_Epoch39": 0.00916200876235962, "Agent3_Epoch39": 0.00916200876235962, "Agent4_Epoch39": 0.009162068367004395, "Agent0_Epoch40": 0.005872130393981934, "Agent1_Epoch40": 0.00916212797164917, "Agent2_Epoch40": 0.00916200876235962, "Agent3_Epoch40": 0.00916200876235962, "Agent4_Epoch40": 0.009162068367004395, "Agent0_Epoch41": 0.005872130393981934, "Agent1_Epoch41": 0.009162068367004395,