{"Agent0_Epoch1": 0.2951287031173706, "Agent1_Epoch1": 0.2968541979789734, "Agent2_Epoch1": 0.9984641075134277, "Agent3_Epoch1": 0.9912484288215637, "Agent4_Epoch1": 0.998703122138977, "Agent0_Epoch2": 0.05782276391983032, "Agent1_Epoch2": 0.2954782247543335, "Agent2_Epoch2": 0.3030085563659668, "Agent3_Epoch2": 0.29403066635131836, "Agent4_Epoch2": 0.30871886014938354, "Agent0_Epoch3": 0.03378576040267944, "Agent1_Epoch3": 0.13564664125442505, "Agent2_Epoch3": 0.13436675071716309, "Agent3_Epoch3": 0.13450759649276733, "Agent4_Epoch3": 0.13885605335235596, "Agent0_Epoch4": 0.020843446254730225, "Agent1_Epoch4": 0.06453061103820801, "Agent2_Epoch4": 0.06507861614227295, "Agent3_Epoch4": 0.06376981735229492, "Agent4_Epoch4": 0.06972652673721313, "Agent0_Epoch5": 0.013627409934997559, "Agent1_Epoch5": 0.03335529565811157, "Agent2_Epoch5": 0.03403878211975098, "Agent3_Epoch5": 0.032052457332611084, "Agent4_Epoch5": 0.034638822078704834, "Agent0_Epoch6": 0.009362220764160156, "Agent1_Epoch6": 0.0190274715423584, "Agent2_Epoch6": 0.01820671558380127, "Agent3_Epoch6": 0.01875150203704834, "Agent4_Epoch6": 0.020711243152618408, "Agent0_Epoch7": 0.006698668003082275, "Agent1_Epoch7": 0.011762619018554688, "Agent2_Epoch7": 0.012039005756378174, "Agent3_Epoch7": 0.012041985988616943, "Agent4_Epoch7": 0.013317406177520752, "Agent0_Epoch8": 0.005108654499053955, "Agent1_Epoch8": 0.007995247840881348, "Agent2_Epoch8": 0.007973015308380127, "Agent3_Epoch8": 0.00787651538848877, "Agent4_Epoch8": 0.008762717247009277, "Agent0_Epoch9": 0.004063785076141357, "Agent1_Epoch9": 0.005820930004119873, "Agent2_Epoch9": 0.005572140216827393, "Agent3_Epoch9": 0.005930423736572266, "Agent4_Epoch9": 0.006015777587890625, "Agent0_Epoch10": 0.004239082336425781, "Agent1_Epoch10": 0.006062984466552734, "Agent2_Epoch10": 0.0058915019035339355, "Agent3_Epoch10": 0.006006300449371338, "Agent4_Epoch10": 0.0061536431312561035, "Agent0_Epoch11": 0.004376053810119629, "Agent1_Epoch11": 0.006251335144042969, "Agent2_Epoch11": 0.0061013102531433105, "Agent3_Epoch11": 0.006255209445953369, "Agent4_Epoch11": 0.0063283443450927734, "Agent0_Epoch12": 0.0044127702713012695, "Agent1_Epoch12": 0.006297945976257324, "Agent2_Epoch12": 0.006256282329559326, "Agent3_Epoch12": 0.006334185600280762, "Agent4_Epoch12": 0.00640714168548584, "Agent0_Epoch13": 0.004470884799957275, "Agent1_Epoch13": 0.006379187107086182, "Agent2_Epoch13": 0.006369590759277344, "Agent3_Epoch13": 0.006354391574859619, "Agent4_Epoch13": 0.0062944889068603516, "Agent0_Epoch14": 0.004496216773986816, "Agent1_Epoch14": 0.006412088871002197, "Agent2_Epoch14": 0.006398022174835205, "Agent3_Epoch14": 0.006452322006225586, "Agent4_Epoch14": 0.0064705610275268555, "Agent0_Epoch15": 0.0045400261878967285, "Agent1_Epoch15": 0.006473958492279053, "Agent2_Epoch15": 0.006440222263336182, "Agent3_Epoch15": 0.00646519660949707, "Agent4_Epoch15": 0.0064015984535217285, "Agent0_Epoch16": 0.004549562931060791, "Agent1_Epoch16": 0.006486237049102783, "Agent2_Epoch16": 0.0064795613288879395, "Agent3_Epoch16": 0.006486177444458008, "Agent4_Epoch16": 0.0065152645111083984, "Agent0_Epoch17": 0.004565715789794922, "Agent1_Epoch17": 0.006509006023406982, "Agent2_Epoch17": 0.006499767303466797, "Agent3_Epoch17": 0.0064830780029296875, "Agent4_Epoch17": 0.0065097808837890625, "Agent0_Epoch18": 0.004572868347167969, "Agent1_Epoch18": 0.006518185138702393, "Agent2_Epoch18": 0.00649946928024292, "Agent3_Epoch18": 0.006498873233795166, "Agent4_Epoch18": 0.006511092185974121, "Agent0_Epoch19": 0.0045771002769470215, "Agent1_Epoch19": 0.00652390718460083, "Agent2_Epoch19": 0.006506741046905518, "Agent3_Epoch19": 0.006509840488433838, "Agent4_Epoch19": 0.0065155029296875, "Agent0_Epoch20": 0.004577338695526123, "Agent1_Epoch20": 0.006524145603179932, "Agent2_Epoch20": 0.006523489952087402, "Agent3_Epoch20": 0.0065190792083740234, "Agent4_Epoch20": 0.006514191627502441, "Agent0_Epoch21": 0.004580080509185791, "Agent1_Epoch21": 0.006527543067932129, "Agent2_Epoch21": 0.00652313232421875, "Agent3_Epoch21": 0.006523847579956055, "Agent4_Epoch21": 0.0065264105796813965, "Agent0_Epoch22": 0.004581451416015625, "Agent1_Epoch22": 0.006529569625854492, "Agent2_Epoch22": 0.006529331207275391, "Agent3_Epoch22": 0.00653451681137085, "Agent4_Epoch22": 0.006533682346343994, "Agent0_Epoch23": 0.0045847296714782715, "Agent1_Epoch23": 0.006533980369567871, "Agent2_Epoch23": 0.006531953811645508, "Agent3_Epoch23": 0.006533026695251465, "Agent4_Epoch23": 0.006531417369842529, "Agent0_Epoch24": 0.004584610462188721, "Agent1_Epoch24": 0.00653386116027832, "Agent2_Epoch24": 0.006535530090332031, "Agent3_Epoch24": 0.006539046764373779, "Agent4_Epoch24": 0.006537497043609619, "Agent0_Epoch25": 0.00458681583404541, "Agent1_Epoch25": 0.006536900997161865, "Agent2_Epoch25": 0.006534159183502197, "Agent3_Epoch25": 0.006535649299621582, "Agent4_Epoch25": 0.0065364837646484375, "Agent0_Epoch26": 0.004587113857269287, "Agent1_Epoch26": 0.006537258625030518, "Agent2_Epoch26": 0.006536304950714111, "Agent3_Epoch26": 0.006535887718200684, "Agent4_Epoch26": 0.006538212299346924, "Agent0_Epoch27": 0.004587411880493164, "Agent1_Epoch27": 0.006537795066833496, "Agent2_Epoch27": 0.006536960601806641, "Agent3_Epoch27": 0.0065386295318603516, "Agent4_Epoch27": 0.006537437438964844, "Agent0_Epoch28": 0.004587769508361816, "Agent1_Epoch28": 0.006538093090057373, "Agent2_Epoch28": 0.006537795066833496, "Agent3_Epoch28": 0.006538867950439453, "Agent4_Epoch28": 0.006537973880767822, "Agent0_Epoch29": 0.004587829113006592, "Agent1_Epoch29": 0.006538331508636475, "Agent2_Epoch29": 0.006538450717926025, "Agent3_Epoch29": 0.006538808345794678, "Agent4_Epoch29": 0.0065386295318603516, "Agent0_Epoch30": 0.004588067531585693, "Agent1_Epoch30": 0.0065386295318603516, "Agent2_Epoch30": 0.006538569927215576, "Agent3_Epoch30": 0.006538569927215576, "Agent4_Epoch30": 0.006538331508636475, "Agent0_Epoch31": 0.004588127136230469, "Agent1_Epoch31": 0.006538748741149902, "Agent2_Epoch31": 0.006538331508636475, "Agent3_Epoch31": 0.0065386295318603516, "Agent4_Epoch31": 0.006538569927215576, "Agent0_Epoch32": 0.004588127136230469, "Agent1_Epoch32": 0.0065386295318603516, "Agent2_Epoch32": 0.006538569927215576, "Agent3_Epoch32": 0.006538748741149902, "Agent4_Epoch32": 0.006538510322570801, "Agent0_Epoch33": 0.004588127136230469, "Agent1_Epoch33": 0.006538689136505127, "Agent2_Epoch33": 0.006538748741149902, "Agent3_Epoch33": 0.006538867950439453, "Agent4_Epoch33": 0.006538748741149902, "Agent0_Epoch34": 0.004588067531585693, "Agent1_Epoch34": 0.006538748741149902, "Agent2_Epoch34": 0.006538689136505127, "Agent3_Epoch34": 0.006538748741149902, "Agent4_Epoch34": 0.006538689136505127, "Agent0_Epoch35": 0.0045882463455200195, "Agent1_Epoch35": 0.006538748741149902, "Agent2_Epoch35": 0.006538748741149902, "Agent3_Epoch35": 0.006538808345794678, "Agent4_Epoch35": 0.006538867950439453, "Agent0_Epoch36": 0.0045882463455200195, "Agent1_Epoch36": 0.006538867950439453, "Agent2_Epoch36": 0.006538808345794678, "Agent3_Epoch36": 0.006538808345794678, "Agent4_Epoch36": 0.006538748741149902, "Agent0_Epoch37": 0.0045882463455200195, "Agent1_Epoch37": 0.006538689136505127, "Agent2_Epoch37": 0.006538689136505127, "Agent3_Epoch37": 0.006538748741149902, "Agent4_Epoch37": 0.006538867950439453, "Agent0_Epoch38": 0.0045882463455200195, "Agent1_Epoch38": 0.006538748741149902, "Agent2_Epoch38": 0.006538748741149902, "Agent3_Epoch38": 0.006538808345794678, "Agent4_Epoch38": 0.006538748741149902, "Agent0_Epoch39": 0.0045882463455200195, "Agent1_Epoch39": 0.006538748741149902, "Agent2_Epoch39": 0.006538748741149902, "Agent3_Epoch39": 0.006538748741149902, "Agent4_Epoch39": 0.006538808345794678, "Agent0_Epoch40": 0.0045882463455200195, "Agent1_Epoch40": 0.006538808345794678, "Agent2_Epoch40": 0.006538748741149902, "Agent3_Epoch40": 0.006538808345794678, "Agent4_Epoch40": 0.006538808345794678, "Agent0_Epoch41": 0.0045882463455200195,