{"E1_agent0_norm": 2.2431042194366455, "E1_agent1_norm": 1.9114694595336914, "E1_agent2_norm": 2.003077268600464, "E1_agent3_norm": 1.5262428522109985, "E1_agent4_norm": 2.1790833473205566, "E2_agent0_norm": 0.8609106540679932, "E2_agent1_norm": 0.8086308836936951, "E2_agent2_norm": 0.8679512739181519, "E2_agent3_norm": 0.9160037636756897, "E2_agent4_norm": 1.2815450429916382, "E3_agent0_norm": 0.6271185278892517, "E3_agent1_norm": 0.47402605414390564, "E3_agent2_norm": 0.5308367609977722, "E3_agent3_norm": 0.5198379755020142, "E3_agent4_norm": 0.6740040183067322, "E4_agent0_norm": 0.5034017562866211, "E4_agent1_norm": 0.3515160083770752, "E4_agent2_norm": 0.3752233684062958, "E4_agent3_norm": 0.3122699558734894, "E4_agent4_norm": 0.4312066435813904, "E5_agent0_norm": 0.39006149768829346, "E5_agent1_norm": 0.2937491238117218, "E5_agent2_norm": 0.24570022523403168, "E5_agent3_norm": 0.25568363070487976, "E5_agent4_norm": 0.33194661140441895, "E6_agent0_norm": 0.32652461528778076, "E6_agent1_norm": 0.23568591475486755, "E6_agent2_norm": 0.21881885826587677, "E6_agent3_norm": 0.21170787513256073, "E6_agent4_norm": 0.2619684338569641, "E7_agent0_norm": 0.32413169741630554, "E7_agent1_norm": 0.1687583476305008, "E7_agent2_norm": 0.16925038397312164, "E7_agent3_norm": 0.1803540289402008, "E7_agent4_norm": 0.20979316532611847, "E8_agent0_norm": 0.284318208694458, "E8_agent1_norm": 0.12622037529945374, "E8_agent2_norm": 0.1268225610256195, "E8_agent3_norm": 0.12142374366521835, "E8_agent4_norm": 0.14706744253635406, "E9_agent0_norm": 0.09203951060771942, "E9_agent1_norm": 0.09138724952936172, "E9_agent2_norm": 0.0810372605919838, "E9_agent3_norm": 0.09011214226484299, "E9_agent4_norm": 0.13619229197502136, "E10_agent0_norm": 0.062479566782712936, "E10_agent1_norm": 0.055486585944890976, "E10_agent2_norm": 0.06315716356039047, "E10_agent3_norm": 0.06165850907564163, "E10_agent4_norm": 0.07223086804151535, "E11_agent0_norm": 0.04663660004734993, "E11_agent1_norm": 0.0580732636153698, "E11_agent2_norm": 0.04959338903427124, "E11_agent3_norm": 0.04655536636710167, "E11_agent4_norm": 0.06302370876073837, "E12_agent0_norm": 0.029843488708138466, "E12_agent1_norm": 0.03840683773159981, "E12_agent2_norm": 0.031684428453445435, "E12_agent3_norm": 0.03144776076078415, "E12_agent4_norm": 0.043071575462818146, "E13_agent0_norm": 0.02194570004940033, "E13_agent1_norm": 0.023982835933566093, "E13_agent2_norm": 0.02553574927151203, "E13_agent3_norm": 0.02660185471177101, "E13_agent4_norm": 0.02958100289106369, "E14_agent0_norm": 0.016693927347660065, "E14_agent1_norm": 0.01703265681862831, "E14_agent2_norm": 0.016704563051462173, "E14_agent3_norm": 0.021422313526272774, "E14_agent4_norm": 0.02234124019742012, "E15_agent0_norm": 0.009752889163792133, "E15_agent1_norm": 0.013931121677160263, "E15_agent2_norm": 0.011167429387569427, "E15_agent3_norm": 0.009401879273355007, "E15_agent4_norm": 0.018954847007989883, "E16_agent0_norm": 0.007596550974994898, "E16_agent1_norm": 0.008125454187393188, "E16_agent2_norm": 0.008378667756915092, "E16_agent3_norm": 0.008882096037268639, "E16_agent4_norm": 0.010890630073845387, "E17_agent0_norm": 0.0058288974687457085, "E17_agent1_norm": 0.0061746868304908276, "E17_agent2_norm": 0.006361896172165871, "E17_agent3_norm": 0.0052794720977544785, "E17_agent4_norm": 0.007777617312967777, "E18_agent0_norm": 0.004446364939212799, "E18_agent1_norm": 0.005186769179999828, "E18_agent2_norm": 0.0048482585698366165, "E18_agent3_norm": 0.006659930106252432, "E18_agent4_norm": 0.0074449824169278145, "E19_agent0_norm": 0.002725171623751521, "E19_agent1_norm": 0.003638427471742034, "E19_agent2_norm": 0.0027817492373287678, "E19_agent3_norm": 0.0027627781964838505, "E19_agent4_norm": 0.0038992101326584816, "E20_agent0_norm": 0.0016818962758406997, "E20_agent1_norm": 0.001988622359931469, "E20_agent2_norm": 0.002280611777678132, "E20_agent3_norm": 0.001675730338320136, "E20_agent4_norm": 0.0024704786483198404, "E21_agent0_norm": 0.0013502069050446153, "E21_agent1_norm": 0.0017732188571244478, "E21_agent2_norm": 0.0018777430523186922, "E21_agent3_norm": 0.0018236140022054315, "E21_agent4_norm": 0.0022633045446127653, "E22_agent0_norm": 0.000849876378197223, "E22_agent1_norm": 0.001174439792521298, "E22_agent2_norm": 0.0011444713454693556, "E22_agent3_norm": 0.0008851661114022136, "E22_agent4_norm": 0.0011851968010887504, "E23_agent0_norm": 0.000640703015960753, "E23_agent1_norm": 0.0008009385201148689, "E23_agent2_norm": 0.0009305213461630046, "E23_agent3_norm": 0.0006209335988387465, "E23_agent4_norm": 0.0009602365316823125, "E24_agent0_norm": 0.0004925421089865267, "E24_agent1_norm": 0.0006607651594094932, "E24_agent2_norm": 0.0005621981108561158, "E24_agent3_norm": 0.0005870558088645339, "E24_agent4_norm": 0.0007136124186217785, "E25_agent0_norm": 0.00032119418028742075, "E25_agent1_norm": 0.0004166470607742667, "E25_agent2_norm": 0.0004061118816025555, "E25_agent3_norm": 0.0004325461923144758, "E25_agent4_norm": 0.0004049593408126384, "E26_agent0_norm": 0.00022436404833570123, "E26_agent1_norm": 0.0003571591805666685, "E26_agent2_norm": 0.0002415817289147526, "E26_agent3_norm": 0.000218794506508857, "E26_agent4_norm": 0.00035893480526283383, "E27_agent0_norm": 0.00015808347961865366, "E27_agent1_norm": 0.0001682090078247711, "E27_agent2_norm": 0.00019219660316593945, "E27_agent3_norm": 0.00018987337534781545, "E27_agent4_norm": 0.0001951004669535905, "E28_agent0_norm": 0.00010727954941103235, "E28_agent1_norm": 0.00012762213009409606, "E28_agent2_norm": 0.0001433408906450495, "E28_agent3_norm": 0.0001970760349649936, "E28_agent4_norm": 0.00015566492220386863, "E29_agent0_norm": 7.13156841811724e-05, "E29_agent1_norm": 8.50429423735477e-05, "E29_agent2_norm": 8.820339280646294e-05, "E29_agent3_norm": 8.937392703955993e-05, "E29_agent4_norm": 9.340701944893226e-05, "E30_agent0_norm": 5.5274813348660246e-05, "E30_agent1_norm": 6.674193718936294e-05, "E30_agent2_norm": 7.327132334467024e-05, "E30_agent3_norm": 5.9895381127716973e-05, "E30_agent4_norm": 9.180396591546014e-05, "E31_agent0_norm": 3.3744170650606975e-05, "E31_agent1_norm": 4.082030136487447e-05, "E31_agent2_norm": 4.077760240761563e-05, "E31_agent3_norm": 3.6610559618566185e-05, "E31_agent4_norm": 4.79871996503789e-05, "E32_agent0_norm": 2.7788897568825632e-05, "E32_agent1_norm": 3.0860504921292886e-05, "E32_agent2_norm": 3.391869176994078e-05, "E32_agent3_norm": 3.636774999904446e-05, "E32_agent4_norm": 3.415979881538078e-05, "E33_agent0_norm": 2.0858202333329245e-05, "E33_agent1_norm": 2.4349252271349542e-05, "E33_agent2_norm": 2.236104046460241e-05, "E33_agent3_norm": 1.9848446754622273e-05, "E33_agent4_norm": 2.2568547137780115e-05, "E34_agent0_norm": 1.1745020856324118e-05, "E34_agent1_norm": 1.5060240002640057e-05, "E34_agent2_norm": 1.630541737540625e-05, "E34_agent3_norm": 1.2627557225641795e-05, "E34_agent4_norm": 2.104949817294255e-05, "E35_agent0_norm": 9.343264537164941e-06, "E35_agent1_norm": 1.225767846335657e-05, "E35_agent2_norm": 1.2603912182385102e-05, "E35_agent3_norm": 9.907488674798515e-06, "E35_agent4_norm": 1.1096558409917634e-05, "E36_agent0_norm": 7.041357548587257e-06, "E36_agent1_norm": 8.620268999948166e-06, "E36_agent2_norm": 7.914604793768376e-06, "E36_agent3_norm": 9.739640518091619e-06, "E36_agent4_norm": 9.675363799033221e-06, "E37_agent0_norm": 4.668511337513337e-06, "E37_agent1_norm": 6.142609890957829e-06, "E37_agent2_norm": 5.035672984377015e-06, "E37_agent3_norm": 5.529755981115159e-06, "E37_agent4_norm": 5.2751547627849504e-06, "E38_agent0_norm": 3.130108780169394e-06, "E38_agent1_norm": 4.753687335323775e-06, "E38_agent2_norm": 4.164051460975315e-06, "E38_agent3_norm": 3.7174124827288324e-06, "E38_agent4_norm": 4.912406893708976e-06, "E39_agent0_norm": 2.216482698713662e-06, "E39_agent1_norm": 2.82563428299909e-06, "E39_agent2_norm": 2.531397967686644e-06, "E39_agent3_norm": 2.5480530894128606e-06, "E39_agent4_norm": 4.437887582753319e-06,