{"E1_agent0_norm": 2.2455694675445557, "E1_agent1_norm": 1.8812427520751953, "E1_agent2_norm": 1.6827518939971924, "E1_agent3_norm": 1.4791184663772583, "E1_agent4_norm": 2.2037994861602783, "E2_agent0_norm": 0.8534170985221863, "E2_agent1_norm": 0.9324223399162292, "E2_agent2_norm": 0.9757497310638428, "E2_agent3_norm": 0.8499436974525452, "E2_agent4_norm": 1.1048940420150757, "E3_agent0_norm": 0.6362009048461914, "E3_agent1_norm": 0.4992123544216156, "E3_agent2_norm": 0.5959277749061584, "E3_agent3_norm": 0.5135815739631653, "E3_agent4_norm": 0.5501695871353149, "E4_agent0_norm": 0.5375250577926636, "E4_agent1_norm": 0.35109904408454895, "E4_agent2_norm": 0.40152880549430847, "E4_agent3_norm": 0.3726760447025299, "E4_agent4_norm": 0.4264256954193115, "E5_agent0_norm": 0.46627700328826904, "E5_agent1_norm": 0.2774157226085663, "E5_agent2_norm": 0.30216294527053833, "E5_agent3_norm": 0.2650544345378876, "E5_agent4_norm": 0.3073427379131317, "E6_agent0_norm": 0.349686861038208, "E6_agent1_norm": 0.21576456725597382, "E6_agent2_norm": 0.26016005873680115, "E6_agent3_norm": 0.20077157020568848, "E6_agent4_norm": 0.23990082740783691, "E7_agent0_norm": 0.32427701354026794, "E7_agent1_norm": 0.1559012532234192, "E7_agent2_norm": 0.1653558909893036, "E7_agent3_norm": 0.16658969223499298, "E7_agent4_norm": 0.20096899569034576, "E8_agent0_norm": 0.29389163851737976, "E8_agent1_norm": 0.13177704811096191, "E8_agent2_norm": 0.13907060027122498, "E8_agent3_norm": 0.1281503438949585, "E8_agent4_norm": 0.19467699527740479, "E9_agent0_norm": 0.2755607068538666, "E9_agent1_norm": 0.10221055895090103, "E9_agent2_norm": 0.1045299768447876, "E9_agent3_norm": 0.10854630172252655, "E9_agent4_norm": 0.11960706859827042, "E10_agent0_norm": 0.0674019306898117, "E10_agent1_norm": 0.052457619458436966, "E10_agent2_norm": 0.06353015452623367, "E10_agent3_norm": 0.056077007204294205, "E10_agent4_norm": 0.09119914472103119, "E11_agent0_norm": 0.04143442586064339, "E11_agent1_norm": 0.04730190336704254, "E11_agent2_norm": 0.06292540580034256, "E11_agent3_norm": 0.03938132897019386, "E11_agent4_norm": 0.060897018760442734, "E12_agent0_norm": 0.03173442929983139, "E12_agent1_norm": 0.03022906742990017, "E12_agent2_norm": 0.035589076578617096, "E12_agent3_norm": 0.03496047109365463, "E12_agent4_norm": 0.04783325269818306, "E13_agent0_norm": 0.02193266712129116, "E13_agent1_norm": 0.02411050722002983, "E13_agent2_norm": 0.030291298404335976, "E13_agent3_norm": 0.021514417603611946, "E13_agent4_norm": 0.026892349123954773, "E14_agent0_norm": 0.01617489941418171, "E14_agent1_norm": 0.020398389548063278, "E14_agent2_norm": 0.023227490484714508, "E14_agent3_norm": 0.020050469785928726, "E14_agent4_norm": 0.02324450947344303, "E15_agent0_norm": 0.010200011543929577, "E15_agent1_norm": 0.015023622661828995, "E15_agent2_norm": 0.014606603421270847, "E15_agent3_norm": 0.011503639630973339, "E15_agent4_norm": 0.02078929916024208, "E16_agent0_norm": 0.007368054706603289, "E16_agent1_norm": 0.008956082165241241, "E16_agent2_norm": 0.009548141621053219, "E16_agent3_norm": 0.007532067596912384, "E16_agent4_norm": 0.011912782676517963, "E17_agent0_norm": 0.005933081731200218, "E17_agent1_norm": 0.005369692109525204, "E17_agent2_norm": 0.007452576421201229, "E17_agent3_norm": 0.005006544757634401, "E17_agent4_norm": 0.007905636914074421, "E18_agent0_norm": 0.00402643671259284, "E18_agent1_norm": 0.006187601946294308, "E18_agent2_norm": 0.005809932481497526, "E18_agent3_norm": 0.004243975039571524, "E18_agent4_norm": 0.005312812514603138, "E19_agent0_norm": 0.002589048817753792, "E19_agent1_norm": 0.0029440235812216997, "E19_agent2_norm": 0.004704557824879885, "E19_agent3_norm": 0.002657476579770446, "E19_agent4_norm": 0.004085131920874119, "E20_agent0_norm": 0.0019429222447797656, "E20_agent1_norm": 0.002291908487677574, "E20_agent2_norm": 0.003846745705232024, "E20_agent3_norm": 0.0025161458179354668, "E20_agent4_norm": 0.0025280602276325226, "E21_agent0_norm": 0.0013148552970960736, "E21_agent1_norm": 0.0017063417471945286, "E21_agent2_norm": 0.0019966643303632736, "E21_agent3_norm": 0.0015064720064401627, "E21_agent4_norm": 0.002262439811602235, "E22_agent0_norm": 0.0011116729583591223, "E22_agent1_norm": 0.0010367174400016665, "E22_agent2_norm": 0.0014306080993264914, "E22_agent3_norm": 0.0010845018550753593, "E22_agent4_norm": 0.001674689119681716, "E23_agent0_norm": 0.0006490681553259492, "E23_agent1_norm": 0.0007492514559999108, "E23_agent2_norm": 0.0007751740049570799, "E23_agent3_norm": 0.0006551024853251874, "E23_agent4_norm": 0.0008564901072531939, "E24_agent0_norm": 0.0004863541107624769, "E24_agent1_norm": 0.0006196676986292005, "E24_agent2_norm": 0.0006152171990834177, "E24_agent3_norm": 0.0005850935121998191, "E24_agent4_norm": 0.0008187905768863857, "E25_agent0_norm": 0.0003398620174266398, "E25_agent1_norm": 0.0003490248054731637, "E25_agent2_norm": 0.0004707851621787995, "E25_agent3_norm": 0.00045430928003042936, "E25_agent4_norm": 0.0004058504418935627, "E26_agent0_norm": 0.000267345632892102, "E26_agent1_norm": 0.00045703654177486897, "E26_agent2_norm": 0.0004354693810455501, "E26_agent3_norm": 0.0003134814905934036, "E26_agent4_norm": 0.00047113854088820517, "E27_agent0_norm": 0.0001662582071730867, "E27_agent1_norm": 0.00019386131316423416, "E27_agent2_norm": 0.00019355247786734253, "E27_agent3_norm": 0.000189548620255664, "E27_agent4_norm": 0.00022584969701711088, "E28_agent0_norm": 0.00012584349315147847, "E28_agent1_norm": 0.00012663962843362242, "E28_agent2_norm": 0.00016476369637530297, "E28_agent3_norm": 0.00018826084851752967, "E28_agent4_norm": 0.00021453706722240895, "E29_agent0_norm": 8.405749395024031e-05, "E29_agent1_norm": 0.00010428461246192455, "E29_agent2_norm": 0.00010150364687433466, "E29_agent3_norm": 0.00012588729441631585, "E29_agent4_norm": 0.00010564737749518827, "E30_agent0_norm": 5.58149695280008e-05, "E30_agent1_norm": 6.5853055275511e-05, "E30_agent2_norm": 6.794885848648846e-05, "E30_agent3_norm": 6.047093847882934e-05, "E30_agent4_norm": 9.963501361198723e-05, "E31_agent0_norm": 3.953040868509561e-05, "E31_agent1_norm": 5.075164881418459e-05, "E31_agent2_norm": 7.056598406052217e-05, "E31_agent3_norm": 4.48096361651551e-05, "E31_agent4_norm": 5.587614214164205e-05, "E32_agent0_norm": 2.6921266908175312e-05, "E32_agent1_norm": 3.540448597050272e-05, "E32_agent2_norm": 4.835412255488336e-05, "E32_agent3_norm": 2.893884084187448e-05, "E32_agent4_norm": 4.302033630665392e-05, "E33_agent0_norm": 2.1367262888816185e-05, "E33_agent1_norm": 2.7506694095791318e-05, "E33_agent2_norm": 3.3485997846582904e-05, "E33_agent3_norm": 3.054755870834924e-05, "E33_agent4_norm": 3.165835369145498e-05, "E34_agent0_norm": 1.7998067050939426e-05, "E34_agent1_norm": 1.9370274458196945e-05, "E34_agent2_norm": 2.8475655199144967e-05, "E34_agent3_norm": 2.1653286239597946e-05, "E34_agent4_norm": 2.4714223400224e-05, "E35_agent0_norm": 8.560679816582706e-06, "E35_agent1_norm": 1.2394715668051504e-05, "E35_agent2_norm": 1.2244269782968331e-05, "E35_agent3_norm": 8.990452442958485e-06, "E35_agent4_norm": 1.349069680145476e-05, "E36_agent0_norm": 8.066122973104939e-06, "E36_agent1_norm": 8.761098797549494e-06, "E36_agent2_norm": 1.2551829968288075e-05, "E36_agent3_norm": 9.040944860316813e-06, "E36_agent4_norm": 9.043373211170547e-06, "E37_agent0_norm": 4.6972709242254496e-06, "E37_agent1_norm": 5.509992661245633e-06, "E37_agent2_norm": 6.033421868778532e-06, "E37_agent3_norm": 4.758403520099819e-06, "E37_agent4_norm": 7.487158200092381e-06, "E38_agent0_norm": 3.486020887066843e-06, "E38_agent1_norm": 3.6176293178868946e-06, "E38_agent2_norm": 4.691301910497714e-06, "E38_agent3_norm": 3.6039616588823264e-06, "E38_agent4_norm": 5.230071565165417e-06, "E39_agent0_norm": 2.3240611426444957e-06, "E39_agent1_norm": 2.8405211196513847e-06, "E39_agent2_norm": 4.345373781688977e-06, "E39_agent3_norm": 2.7236219466431066e-06, "E39_agent4_norm": 2.769915909084375e-06,