{"E1_agent0_norm": 2.1539406776428223, "E1_agent1_norm": 2.0033254623413086, "E1_agent2_norm": 1.9105637073516846, "E1_agent3_norm": 1.9500170946121216, "E1_agent4_norm": 2.2004101276397705, "E2_agent0_norm": 0.8269438147544861, "E2_agent1_norm": 0.7871206998825073, "E2_agent2_norm": 0.8487050533294678, "E2_agent3_norm": 0.7534240484237671, "E2_agent4_norm": 1.1295384168624878, "E3_agent0_norm": 0.6275335550308228, "E3_agent1_norm": 0.47830983996391296, "E3_agent2_norm": 0.4651850759983063, "E3_agent3_norm": 0.4417269825935364, "E3_agent4_norm": 0.6354526281356812, "E4_agent0_norm": 0.46359002590179443, "E4_agent1_norm": 0.3840895891189575, "E4_agent2_norm": 0.3840602934360504, "E4_agent3_norm": 0.3313257694244385, "E4_agent4_norm": 0.6102812886238098, "E5_agent0_norm": 0.4349157512187958, "E5_agent1_norm": 0.29257577657699585, "E5_agent2_norm": 0.2880156636238098, "E5_agent3_norm": 0.2607475817203522, "E5_agent4_norm": 0.31849318742752075, "E6_agent0_norm": 0.32675209641456604, "E6_agent1_norm": 0.1996801346540451, "E6_agent2_norm": 0.2008969932794571, "E6_agent3_norm": 0.1951097548007965, "E6_agent4_norm": 0.2677481174468994, "E7_agent0_norm": 0.2898842692375183, "E7_agent1_norm": 0.16101932525634766, "E7_agent2_norm": 0.15236468613147736, "E7_agent3_norm": 0.13488565385341644, "E7_agent4_norm": 0.21366634964942932, "E8_agent0_norm": 0.29002615809440613, "E8_agent1_norm": 0.12865488231182098, "E8_agent2_norm": 0.12556320428848267, "E8_agent3_norm": 0.1214301586151123, "E8_agent4_norm": 0.1877804845571518, "E9_agent0_norm": 0.0869036465883255, "E9_agent1_norm": 0.08315174281597137, "E9_agent2_norm": 0.08167940378189087, "E9_agent3_norm": 0.07929380238056183, "E9_agent4_norm": 0.10951435565948486, "E10_agent0_norm": 0.06461261212825775, "E10_agent1_norm": 0.06254556030035019, "E10_agent2_norm": 0.06448706984519958, "E10_agent3_norm": 0.06871724128723145, "E10_agent4_norm": 0.08471157401800156, "E11_agent0_norm": 0.04149562120437622, "E11_agent1_norm": 0.047030843794345856, "E11_agent2_norm": 0.041134074330329895, "E11_agent3_norm": 0.04177504777908325, "E11_agent4_norm": 0.051263611763715744, "E12_agent0_norm": 0.033062901347875595, "E12_agent1_norm": 0.032273419201374054, "E12_agent2_norm": 0.036498356610536575, "E12_agent3_norm": 0.03957311436533928, "E12_agent4_norm": 0.03828377276659012, "E13_agent0_norm": 0.019533948972821236, "E13_agent1_norm": 0.023471659049391747, "E13_agent2_norm": 0.02489670366048813, "E13_agent3_norm": 0.020649712532758713, "E13_agent4_norm": 0.03058665059506893, "E14_agent0_norm": 0.014015242457389832, "E14_agent1_norm": 0.018826277926564217, "E14_agent2_norm": 0.01652475632727146, "E14_agent3_norm": 0.01480049453675747, "E14_agent4_norm": 0.016884762793779373, "E15_agent0_norm": 0.010179123841226101, "E15_agent1_norm": 0.012967824935913086, "E15_agent2_norm": 0.011872914619743824, "E15_agent3_norm": 0.011800368316471577, "E15_agent4_norm": 0.015271738171577454, "E16_agent0_norm": 0.008009335026144981, "E16_agent1_norm": 0.00773856695741415, "E16_agent2_norm": 0.008036886341869831, "E16_agent3_norm": 0.008562387898564339, "E16_agent4_norm": 0.00915005337446928, "E17_agent0_norm": 0.005252644885331392, "E17_agent1_norm": 0.0068939751945436, "E17_agent2_norm": 0.006022362038493156, "E17_agent3_norm": 0.0058415173552930355, "E17_agent4_norm": 0.007611789740622044, "E18_agent0_norm": 0.00370916654355824, "E18_agent1_norm": 0.0046997820027172565, "E18_agent2_norm": 0.004408623091876507, "E18_agent3_norm": 0.0049074930138885975, "E18_agent4_norm": 0.00505096185952425, "E19_agent0_norm": 0.002894225064665079, "E19_agent1_norm": 0.003276500850915909, "E19_agent2_norm": 0.004234721418470144, "E19_agent3_norm": 0.0036501935683190823, "E19_agent4_norm": 0.004106050822883844, "E20_agent0_norm": 0.002244768664240837, "E20_agent1_norm": 0.0026651956140995026, "E20_agent2_norm": 0.0022195957135409117, "E20_agent3_norm": 0.0021523269824683666, "E20_agent4_norm": 0.003764542518183589, "E21_agent0_norm": 0.0012846948811784387, "E21_agent1_norm": 0.001472868025302887, "E21_agent2_norm": 0.0013948519481346011, "E21_agent3_norm": 0.0016581047093495727, "E21_agent4_norm": 0.0016585985431447625, "E22_agent0_norm": 0.0008676081779412925, "E22_agent1_norm": 0.0012140633771196008, "E22_agent2_norm": 0.0010240457486361265, "E22_agent3_norm": 0.0011727072997018695, "E22_agent4_norm": 0.0011744479415938258, "E23_agent0_norm": 0.0006124051287770271, "E23_agent1_norm": 0.000750922947190702, "E23_agent2_norm": 0.0008275677100755274, "E23_agent3_norm": 0.0006929579540155828, "E23_agent4_norm": 0.0008675124263390899, "E24_agent0_norm": 0.00044706137850880623, "E24_agent1_norm": 0.0005916962400078773, "E24_agent2_norm": 0.0005019526579417288, "E24_agent3_norm": 0.0005663949414156377, "E24_agent4_norm": 0.0007289203349500895, "E25_agent0_norm": 0.0003426004550419748, "E25_agent1_norm": 0.00047971593448892236, "E25_agent2_norm": 0.00039100911817513406, "E25_agent3_norm": 0.0005480365944094956, "E25_agent4_norm": 0.00046369555639103055, "E26_agent0_norm": 0.00020865205442532897, "E26_agent1_norm": 0.00025672177434898913, "E26_agent2_norm": 0.0002494758809916675, "E26_agent3_norm": 0.00020571408094838262, "E26_agent4_norm": 0.0003547269443515688, "E27_agent0_norm": 0.00017216618289239705, "E27_agent1_norm": 0.00019659989629872143, "E27_agent2_norm": 0.00018690351862460375, "E27_agent3_norm": 0.00023796528694219887, "E27_agent4_norm": 0.0002297540195286274, "E28_agent0_norm": 0.00011597215780057013, "E28_agent1_norm": 0.00013067532563582063, "E28_agent2_norm": 0.00015096322749741375, "E28_agent3_norm": 0.00011618393182288855, "E28_agent4_norm": 0.0001753174001350999, "E29_agent0_norm": 8.368505223188549e-05, "E29_agent1_norm": 9.626062819734216e-05, "E29_agent2_norm": 0.00010727102198870853, "E29_agent3_norm": 9.758710075402632e-05, "E29_agent4_norm": 0.00013852152915205806, "E30_agent0_norm": 6.257917993934825e-05, "E30_agent1_norm": 0.00010698907863115892, "E30_agent2_norm": 6.612686411244795e-05, "E30_agent3_norm": 7.069449929986149e-05, "E30_agent4_norm": 0.0001154043129645288, "E31_agent0_norm": 4.054965029354207e-05, "E31_agent1_norm": 4.89225858473219e-05, "E31_agent2_norm": 4.94781052111648e-05, "E31_agent3_norm": 5.0682680011959746e-05, "E31_agent4_norm": 6.536704313475639e-05, "E32_agent0_norm": 2.6315488867112435e-05, "E32_agent1_norm": 4.029290721518919e-05, "E32_agent2_norm": 3.9094211388146505e-05, "E32_agent3_norm": 3.275622657383792e-05, "E32_agent4_norm": 4.687788896262646e-05, "E33_agent0_norm": 2.0271945686545223e-05, "E33_agent1_norm": 2.4242495783255436e-05, "E33_agent2_norm": 2.1484742319444194e-05, "E33_agent3_norm": 2.319272971362807e-05, "E33_agent4_norm": 3.064603515667841e-05, "E34_agent0_norm": 1.2619981134776026e-05, "E34_agent1_norm": 1.497089397162199e-05, "E34_agent2_norm": 1.726339542074129e-05, "E34_agent3_norm": 1.404363865731284e-05, "E34_agent4_norm": 1.794260424503591e-05, "E35_agent0_norm": 9.008830602397211e-06, "E35_agent1_norm": 1.0498407391423825e-05, "E35_agent2_norm": 1.2351168152235914e-05, "E35_agent3_norm": 1.5808378520887345e-05, "E35_agent4_norm": 1.1362369150447194e-05, "E36_agent0_norm": 5.433044862002134e-06, "E36_agent1_norm": 7.341503987845499e-06, "E36_agent2_norm": 7.444660695909988e-06, "E36_agent3_norm": 5.242319730314193e-06, "E36_agent4_norm": 1.278180116059957e-05, "E37_agent0_norm": 4.201065621600719e-06, "E37_agent1_norm": 6.091069280955708e-06, "E37_agent2_norm": 4.644952241505962e-06, "E37_agent3_norm": 5.1117813200107776e-06, "E37_agent4_norm": 6.387710072885966e-06, "E38_agent0_norm": 2.7831738407257944e-06, "E38_agent1_norm": 4.714903298008721e-06, "E38_agent2_norm": 3.8014111396478256e-06, "E38_agent3_norm": 2.946017275462509e-06, "E38_agent4_norm": 3.7890622479608282e-06, "E39_agent0_norm": 2.331581299586105e-06, "E39_agent1_norm": 2.6192715267825406e-06, "E39_agent2_norm": 2.405155782980728e-06, "E39_agent3_norm": 2.739347337410436e-06, "E39_agent4_norm": 3.096178716077702e-06,