{"E1_agent0_norm": 1.9600715637207031, "E1_agent1_norm": 1.9109383821487427, "E1_agent2_norm": 1.979987382888794, "E1_agent3_norm": 1.7034937143325806, "E1_agent4_norm": 1.9903055429458618, "E2_agent0_norm": 0.8266175985336304, "E2_agent1_norm": 0.9225660562515259, "E2_agent2_norm": 0.8132613301277161, "E2_agent3_norm": 0.8102593421936035, "E2_agent4_norm": 1.149430513381958, "E3_agent0_norm": 0.6508551239967346, "E3_agent1_norm": 0.5147252678871155, "E3_agent2_norm": 0.5084279179573059, "E3_agent3_norm": 0.4813879132270813, "E3_agent4_norm": 0.5852583050727844, "E4_agent0_norm": 0.473401814699173, "E4_agent1_norm": 0.372732013463974, "E4_agent2_norm": 0.39403286576271057, "E4_agent3_norm": 0.32897916436195374, "E4_agent4_norm": 0.4764689803123474, "E5_agent0_norm": 0.41919150948524475, "E5_agent1_norm": 0.3225802183151245, "E5_agent2_norm": 0.28466323018074036, "E5_agent3_norm": 0.32045498490333557, "E5_agent4_norm": 0.33399057388305664, "E6_agent0_norm": 0.32453396916389465, "E6_agent1_norm": 0.23761165142059326, "E6_agent2_norm": 0.2512087821960449, "E6_agent3_norm": 0.20151256024837494, "E6_agent4_norm": 0.2523162066936493, "E7_agent0_norm": 0.3094555735588074, "E7_agent1_norm": 0.19439485669136047, "E7_agent2_norm": 0.1797991544008255, "E7_agent3_norm": 0.15769293904304504, "E7_agent4_norm": 0.24893830716609955, "E8_agent0_norm": 0.2624058127403259, "E8_agent1_norm": 0.14750689268112183, "E8_agent2_norm": 0.1322304606437683, "E8_agent3_norm": 0.14083029329776764, "E8_agent4_norm": 0.18841160833835602, "E9_agent0_norm": 0.2611883282661438, "E9_agent1_norm": 0.1348394900560379, "E9_agent2_norm": 0.14144614338874817, "E9_agent3_norm": 0.12574531137943268, "E9_agent4_norm": 0.17300836741924286, "E10_agent0_norm": 0.24399876594543457, "E10_agent1_norm": 0.09821926057338715, "E10_agent2_norm": 0.10412953048944473, "E10_agent3_norm": 0.09918681532144547, "E10_agent4_norm": 0.14974962174892426, "E11_agent0_norm": 0.06514246016740799, "E11_agent1_norm": 0.05906585231423378, "E11_agent2_norm": 0.04394019767642021, "E11_agent3_norm": 0.05907090753316879, "E11_agent4_norm": 0.09743632376194, "E12_agent0_norm": 0.036406781524419785, "E12_agent1_norm": 0.05852542445063591, "E12_agent2_norm": 0.03973803296685219, "E12_agent3_norm": 0.04391676187515259, "E12_agent4_norm": 0.06009816378355026, "E13_agent0_norm": 0.03026941977441311, "E13_agent1_norm": 0.035889655351638794, "E13_agent2_norm": 0.027647871524095535, "E13_agent3_norm": 0.04276265203952789, "E13_agent4_norm": 0.05028018727898598, "E14_agent0_norm": 0.021867474541068077, "E14_agent1_norm": 0.034440550953149796, "E14_agent2_norm": 0.02326866239309311, "E14_agent3_norm": 0.02790018916130066, "E14_agent4_norm": 0.03537556529045105, "E15_agent0_norm": 0.014445117674767971, "E15_agent1_norm": 0.023608272895216942, "E15_agent2_norm": 0.015977410599589348, "E15_agent3_norm": 0.02540113776922226, "E15_agent4_norm": 0.025151200592517853, "E16_agent0_norm": 0.009549224749207497, "E16_agent1_norm": 0.01686081849038601, "E16_agent2_norm": 0.008603540249168873, "E16_agent3_norm": 0.01400254387408495, "E16_agent4_norm": 0.02114981971681118, "E17_agent0_norm": 0.007813943549990654, "E17_agent1_norm": 0.013275875709950924, "E17_agent2_norm": 0.00825013592839241, "E17_agent3_norm": 0.010819539427757263, "E17_agent4_norm": 0.018013250082731247, "E18_agent0_norm": 0.004864067304879427, "E18_agent1_norm": 0.008192728273570538, "E18_agent2_norm": 0.005326329730451107, "E18_agent3_norm": 0.008170105516910553, "E18_agent4_norm": 0.011751745827496052, "E19_agent0_norm": 0.003579705720767379, "E19_agent1_norm": 0.0061269113793969154, "E19_agent2_norm": 0.003999475389719009, "E19_agent3_norm": 0.0053072297014296055, "E19_agent4_norm": 0.006857938598841429, "E20_agent0_norm": 0.002098686061799526, "E20_agent1_norm": 0.004505593329668045, "E20_agent2_norm": 0.0023151873610913754, "E20_agent3_norm": 0.0029924758709967136, "E20_agent4_norm": 0.0060402811504900455, "E21_agent0_norm": 0.002167163183912635, "E21_agent1_norm": 0.0045303418301045895, "E21_agent2_norm": 0.002349224640056491, "E21_agent3_norm": 0.00319357356056571, "E21_agent4_norm": 0.005545873660594225, "E22_agent0_norm": 0.0014292889973148704, "E22_agent1_norm": 0.002214163774624467, "E22_agent2_norm": 0.0013632061891257763, "E22_agent3_norm": 0.0023812202271074057, "E22_agent4_norm": 0.0036241665948182344, "E23_agent0_norm": 0.0008261500624939799, "E23_agent1_norm": 0.0015522113535553217, "E23_agent2_norm": 0.0008458137745037675, "E23_agent3_norm": 0.0011847550049424171, "E23_agent4_norm": 0.0021422915160655975, "E24_agent0_norm": 0.0006635973695665598, "E24_agent1_norm": 0.0010993265314027667, "E24_agent2_norm": 0.0007582200923934579, "E24_agent3_norm": 0.0009361904812976718, "E24_agent4_norm": 0.0017623042222112417, "E25_agent0_norm": 0.0004760915762744844, "E25_agent1_norm": 0.0009983368217945099, "E25_agent2_norm": 0.0005449478630907834, "E25_agent3_norm": 0.0007197152590379119, "E25_agent4_norm": 0.0013958041090518236, "E26_agent0_norm": 0.0002622647734824568, "E26_agent1_norm": 0.0004299765860196203, "E26_agent2_norm": 0.0003839442506432533, "E26_agent3_norm": 0.0002596366684883833, "E26_agent4_norm": 0.0009123008348979056, "E27_agent0_norm": 0.00022346031619235873, "E27_agent1_norm": 0.00040510771214030683, "E27_agent2_norm": 0.00020978647808078676, "E27_agent3_norm": 0.0003379472764208913, "E27_agent4_norm": 0.0006009662174619734, "E28_agent0_norm": 0.00014791512512601912, "E28_agent1_norm": 0.00023381829669233412, "E28_agent2_norm": 0.00017229623335879296, "E28_agent3_norm": 0.0002574981190264225, "E28_agent4_norm": 0.00045804737601429224, "E29_agent0_norm": 0.0001385159557685256, "E29_agent1_norm": 0.00020788046822417527, "E29_agent2_norm": 0.00015517094288952649, "E29_agent3_norm": 0.00020925137505400926, "E29_agent4_norm": 0.0003710919991135597, "E30_agent0_norm": 6.789027975173667e-05, "E30_agent1_norm": 0.0001165117064374499, "E30_agent2_norm": 6.819020927650854e-05, "E30_agent3_norm": 8.978193363873288e-05, "E30_agent4_norm": 0.00017531609046272933, "E31_agent0_norm": 4.746152990264818e-05, "E31_agent1_norm": 8.077780512394384e-05, "E31_agent2_norm": 4.6760957047808915e-05, "E31_agent3_norm": 6.381078128470108e-05, "E31_agent4_norm": 0.0001388680248055607, "E32_agent0_norm": 4.014367732452229e-05, "E32_agent1_norm": 6.679245416307822e-05, "E32_agent2_norm": 4.724830068880692e-05, "E32_agent3_norm": 5.6658609537407756e-05, "E32_agent4_norm": 8.512991189491004e-05, "E33_agent0_norm": 2.411008972558193e-05, "E33_agent1_norm": 5.63859794056043e-05, "E33_agent2_norm": 2.7072524972027168e-05, "E33_agent3_norm": 3.428400668781251e-05, "E33_agent4_norm": 5.351291474653408e-05, "E34_agent0_norm": 1.5535482816630974e-05, "E34_agent1_norm": 2.8021502657793462e-05, "E34_agent2_norm": 1.590004649187904e-05, "E34_agent3_norm": 2.2358173737302423e-05, "E34_agent4_norm": 4.051123687531799e-05, "E35_agent0_norm": 1.1601572623476386e-05, "E35_agent1_norm": 2.0020406736875884e-05, "E35_agent2_norm": 1.2374208381515928e-05, "E35_agent3_norm": 1.796980905055534e-05, "E35_agent4_norm": 3.347589881741442e-05, "E36_agent0_norm": 8.572566002840176e-06, "E36_agent1_norm": 1.5308647562051192e-05, "E36_agent2_norm": 1.0273362931911834e-05, "E36_agent3_norm": 1.8106004063156433e-05, "E36_agent4_norm": 1.3909420886193402e-05, "E37_agent0_norm": 8.18615808384493e-06, "E37_agent1_norm": 1.2754646377288736e-05, "E37_agent2_norm": 9.56975418375805e-06, "E37_agent3_norm": 1.358357894787332e-05, "E37_agent4_norm": 1.2863120900874492e-05, "E38_agent0_norm": 4.438577889231965e-06, "E38_agent1_norm": 7.664661097805947e-06, "E38_agent2_norm": 6.023608875693753e-06, "E38_agent3_norm": 6.93445690558292e-06, "E38_agent4_norm": 9.926840903062839e-06, "E39_agent0_norm": 3.116883362963563e-06, "E39_agent1_norm": 5.152777703187894e-06, "E39_agent2_norm": 3.2964226193143986e-06, "E39_agent3_norm": 4.9619484343566e-06, "E39_agent4_norm": 7.066205398587044e-06,