{"Agent0_Epoch1": 0.2896796464920044, "Agent1_Epoch1": 0.29473984241485596, "Agent2_Epoch1": 0.9967766404151917, "Agent3_Epoch1": 0.9957848787307739, "Agent4_Epoch1": 0.9988427758216858, "Agent0_Epoch2": 0.05741077661514282, "Agent1_Epoch2": 0.2877936363220215, "Agent2_Epoch2": 0.3049912452697754, "Agent3_Epoch2": 0.2961019277572632, "Agent4_Epoch2": 0.31906658411026, "Agent0_Epoch3": 0.03364068269729614, "Agent1_Epoch3": 0.13566803932189941, "Agent2_Epoch3": 0.13685840368270874, "Agent3_Epoch3": 0.12516874074935913, "Agent4_Epoch3": 0.14226102828979492, "Agent0_Epoch4": 0.02029663324356079, "Agent1_Epoch4": 0.06310677528381348, "Agent2_Epoch4": 0.06570148468017578, "Agent3_Epoch4": 0.0607033371925354, "Agent4_Epoch4": 0.06712156534194946, "Agent0_Epoch5": 0.013270854949951172, "Agent1_Epoch5": 0.032559216022491455, "Agent2_Epoch5": 0.03206700086593628, "Agent3_Epoch5": 0.03178572654724121, "Agent4_Epoch5": 0.036178410053253174, "Agent0_Epoch6": 0.009050428867340088, "Agent1_Epoch6": 0.018437683582305908, "Agent2_Epoch6": 0.018889904022216797, "Agent3_Epoch6": 0.01859450340270996, "Agent4_Epoch6": 0.019915878772735596, "Agent0_Epoch7": 0.0063904523849487305, "Agent1_Epoch7": 0.011225223541259766, "Agent2_Epoch7": 0.011486649513244629, "Agent3_Epoch7": 0.010945379734039307, "Agent4_Epoch7": 0.012568116188049316, "Agent0_Epoch8": 0.004682660102844238, "Agent1_Epoch8": 0.007330656051635742, "Agent2_Epoch8": 0.007820487022399902, "Agent3_Epoch8": 0.0067476630210876465, "Agent4_Epoch8": 0.00820380449295044, "Agent0_Epoch9": 0.00368499755859375, "Agent1_Epoch9": 0.005275070667266846, "Agent2_Epoch9": 0.005499899387359619, "Agent3_Epoch9": 0.004732787609100342, "Agent4_Epoch9": 0.005536198616027832, "Agent0_Epoch10": 0.002923905849456787, "Agent1_Epoch10": 0.0039010047912597656, "Agent2_Epoch10": 0.004168450832366943, "Agent3_Epoch10": 0.003304779529571533, "Agent4_Epoch10": 0.004512667655944824, "Agent0_Epoch11": 0.00245589017868042, "Agent1_Epoch11": 0.0031003952026367188, "Agent2_Epoch11": 0.0030760765075683594, "Agent3_Epoch11": 0.0024256110191345215, "Agent4_Epoch11": 0.0037554502487182617, "Agent0_Epoch12": 0.002057313919067383, "Agent1_Epoch12": 0.002485513687133789, "Agent2_Epoch12": 0.0024439096450805664, "Agent3_Epoch12": 0.001874089241027832, "Agent4_Epoch12": 0.0028728842735290527, "Agent0_Epoch13": 0.0016683340072631836, "Agent1_Epoch13": 0.0019462108612060547, "Agent2_Epoch13": 0.0018880367279052734, "Agent3_Epoch13": 0.001801609992980957, "Agent4_Epoch13": 0.002302110195159912, "Agent0_Epoch14": 0.001869499683380127, "Agent1_Epoch14": 0.0021808743476867676, "Agent2_Epoch14": 0.0021545886993408203, "Agent3_Epoch14": 0.0020073652267456055, "Agent4_Epoch14": 0.002259194850921631, "Agent0_Epoch15": 0.0019285082817077637, "Agent1_Epoch15": 0.002249300479888916, "Agent2_Epoch15": 0.002290070056915283, "Agent3_Epoch15": 0.002142012119293213, "Agent4_Epoch15": 0.00242006778717041, "Agent0_Epoch16": 0.0019805431365966797, "Agent1_Epoch16": 0.0023093223571777344, "Agent2_Epoch16": 0.0023422837257385254, "Agent3_Epoch16": 0.0021952390670776367, "Agent4_Epoch16": 0.002433598041534424, "Agent0_Epoch17": 0.0019995570182800293, "Agent1_Epoch17": 0.002331554889678955, "Agent2_Epoch17": 0.0023688077926635742, "Agent3_Epoch17": 0.002261340618133545, "Agent4_Epoch17": 0.002424895763397217, "Agent0_Epoch18": 0.002022683620452881, "Agent1_Epoch18": 0.0023581385612487793, "Agent2_Epoch18": 0.0023828744888305664, "Agent3_Epoch18": 0.002313673496246338, "Agent4_Epoch18": 0.002410292625427246, "Agent0_Epoch19": 0.0020321011543273926, "Agent1_Epoch19": 0.002369225025177002, "Agent2_Epoch19": 0.0023842453956604004, "Agent3_Epoch19": 0.0023403167724609375, "Agent4_Epoch19": 0.002413511276245117, "Agent0_Epoch20": 0.002038300037384033, "Agent1_Epoch20": 0.0023763179779052734, "Agent2_Epoch20": 0.002387702465057373, "Agent3_Epoch20": 0.0023580193519592285, "Agent4_Epoch20": 0.0024070143699645996, "Agent0_Epoch21": 0.0020429491996765137, "Agent1_Epoch21": 0.002381742000579834, "Agent2_Epoch21": 0.0023884177207946777, "Agent3_Epoch21": 0.002367675304412842, "Agent4_Epoch21": 0.0024007558822631836, "Agent0_Epoch22": 0.0020455121994018555, "Agent1_Epoch22": 0.002384662628173828, "Agent2_Epoch22": 0.0023910999298095703, "Agent3_Epoch22": 0.0023743510246276855, "Agent4_Epoch22": 0.002405703067779541, "Agent0_Epoch23": 0.0020486116409301758, "Agent1_Epoch23": 0.0023881196975708008, "Agent2_Epoch23": 0.0023935437202453613, "Agent3_Epoch23": 0.0023824572563171387, "Agent4_Epoch23": 0.0023995637893676758, "Agent0_Epoch24": 0.002050936222076416, "Agent1_Epoch24": 0.002390742301940918, "Agent2_Epoch24": 0.0023941397666931152, "Agent3_Epoch24": 0.0023849010467529297, "Agent4_Epoch24": 0.0024012327194213867, "Agent0_Epoch25": 0.0020522475242614746, "Agent1_Epoch25": 0.002392411231994629, "Agent2_Epoch25": 0.0023949742317199707, "Agent3_Epoch25": 0.00238877534866333, "Agent4_Epoch25": 0.002399265766143799, "Agent0_Epoch26": 0.0020536184310913086, "Agent1_Epoch26": 0.002393960952758789, "Agent2_Epoch26": 0.0023952126502990723, "Agent3_Epoch26": 0.002391040325164795, "Agent4_Epoch26": 0.0023989081382751465, "Agent0_Epoch27": 0.0020543932914733887, "Agent1_Epoch27": 0.0023949742317199707, "Agent2_Epoch27": 0.0023955106735229492, "Agent3_Epoch27": 0.0023924708366394043, "Agent4_Epoch27": 0.0023973584175109863, "Agent0_Epoch28": 0.002054572105407715, "Agent1_Epoch28": 0.002395153045654297, "Agent2_Epoch28": 0.00239640474319458, "Agent3_Epoch28": 0.0023940205574035645, "Agent4_Epoch28": 0.0023972392082214355, "Agent0_Epoch29": 0.0020551681518554688, "Agent1_Epoch29": 0.0023955702781677246, "Agent2_Epoch29": 0.0023959875106811523, "Agent3_Epoch29": 0.0023940205574035645, "Agent4_Epoch29": 0.002398073673248291, "Agent0_Epoch30": 0.002055346965789795, "Agent1_Epoch30": 0.002396106719970703, "Agent2_Epoch30": 0.002396225929260254, "Agent3_Epoch30": 0.002395153045654297, "Agent4_Epoch30": 0.0023972392082214355, "Agent0_Epoch31": 0.002055525779724121, "Agent1_Epoch31": 0.002396225929260254, "Agent2_Epoch31": 0.002396225929260254, "Agent3_Epoch31": 0.0023955702781677246, "Agent4_Epoch31": 0.0023969411849975586, "Agent0_Epoch32": 0.002055525779724121, "Agent1_Epoch32": 0.002396106719970703, "Agent2_Epoch32": 0.002396523952484131, "Agent3_Epoch32": 0.0023959875106811523, "Agent4_Epoch32": 0.002396523952484131, "Agent0_Epoch33": 0.0020557045936584473, "Agent1_Epoch33": 0.002396523952484131, "Agent2_Epoch33": 0.002396702766418457, "Agent3_Epoch33": 0.002396225929260254, "Agent4_Epoch33": 0.002396821975708008, "Agent0_Epoch34": 0.0020557045936584473, "Agent1_Epoch34": 0.00239640474319458, "Agent2_Epoch34": 0.002396523952484131, "Agent3_Epoch34": 0.002396225929260254, "Agent4_Epoch34": 0.002396702766418457, "Agent0_Epoch35": 0.0020557045936584473, "Agent1_Epoch35": 0.002396523952484131, "Agent2_Epoch35": 0.0023966431617736816, "Agent3_Epoch35": 0.0023962855339050293, "Agent4_Epoch35": 0.002396702766418457, "Agent0_Epoch36": 0.0020557045936584473, "Agent1_Epoch36": 0.002396523952484131, "Agent2_Epoch36": 0.002396523952484131, "Agent3_Epoch36": 0.00239640474319458, "Agent4_Epoch36": 0.002396702766418457, "Agent0_Epoch37": 0.002055823802947998, "Agent1_Epoch37": 0.0023966431617736816, "Agent2_Epoch37": 0.0023966431617736816, "Agent3_Epoch37": 0.002396523952484131, "Agent4_Epoch37": 0.002396702766418457, "Agent0_Epoch38": 0.002055943012237549, "Agent1_Epoch38": 0.0023966431617736816, "Agent2_Epoch38": 0.0023966431617736816, "Agent3_Epoch38": 0.0023966431617736816, "Agent4_Epoch38": 0.0023966431617736816, "Agent0_Epoch39": 0.002055823802947998, "Agent1_Epoch39": 0.0023966431617736816, "Agent2_Epoch39": 0.002396702766418457, "Agent3_Epoch39": 0.0023966431617736816, "Agent4_Epoch39": 0.002396702766418457, "Agent0_Epoch40": 0.002055823802947998, "Agent1_Epoch40": 0.0023966431617736816, "Agent2_Epoch40": 0.002396702766418457, "Agent3_Epoch40": 0.0023966431617736816, "Agent4_Epoch40": 0.0023966431617736816,