{"E1_agent0_norm": 2.1236846446990967, "E1_agent1_norm": 1.7754642963409424, "E1_agent2_norm": 2.0294690132141113, "E1_agent3_norm": 1.6765072345733643, "E1_agent4_norm": 2.1955275535583496, "E2_agent0_norm": 0.7309214472770691, "E2_agent1_norm": 1.0419412851333618, "E2_agent2_norm": 0.8918442130088806, "E2_agent3_norm": 0.6990196108818054, "E2_agent4_norm": 0.7219789624214172, "E3_agent0_norm": 0.741213858127594, "E3_agent1_norm": 0.5061884522438049, "E3_agent2_norm": 0.5683282017707825, "E3_agent3_norm": 0.4922110140323639, "E3_agent4_norm": 0.6519113183021545, "E4_agent0_norm": 0.5112412571907043, "E4_agent1_norm": 0.3322769105434418, "E4_agent2_norm": 0.3703822195529938, "E4_agent3_norm": 0.4074978232383728, "E4_agent4_norm": 0.4493933916091919, "E5_agent0_norm": 0.37486377358436584, "E5_agent1_norm": 0.34539708495140076, "E5_agent2_norm": 0.3243073523044586, "E5_agent3_norm": 0.27844905853271484, "E5_agent4_norm": 0.4059394299983978, "E6_agent0_norm": 0.3013286888599396, "E6_agent1_norm": 0.21061962842941284, "E6_agent2_norm": 0.2442425936460495, "E6_agent3_norm": 0.18906594812870026, "E6_agent4_norm": 0.20795246958732605, "E7_agent0_norm": 0.2697376608848572, "E7_agent1_norm": 0.17801903188228607, "E7_agent2_norm": 0.16386941075325012, "E7_agent3_norm": 0.14143158495426178, "E7_agent4_norm": 0.2065860629081726, "E8_agent0_norm": 0.284579873085022, "E8_agent1_norm": 0.12818977236747742, "E8_agent2_norm": 0.12946642935276031, "E8_agent3_norm": 0.12034660577774048, "E8_agent4_norm": 0.15287292003631592, "E9_agent0_norm": 0.24023310840129852, "E9_agent1_norm": 0.11476211249828339, "E9_agent2_norm": 0.10931006819009781, "E9_agent3_norm": 0.0920703187584877, "E9_agent4_norm": 0.11094924062490463, "E10_agent0_norm": 0.2362629473209381, "E10_agent1_norm": 0.08088389039039612, "E10_agent2_norm": 0.08966764807701111, "E10_agent3_norm": 0.0790787935256958, "E10_agent4_norm": 0.11527107656002045, "E11_agent0_norm": 0.22067315876483917, "E11_agent1_norm": 0.11461781710386276, "E11_agent2_norm": 0.11946851015090942, "E11_agent3_norm": 0.1586512178182602, "E11_agent4_norm": 0.14009568095207214, "E12_agent0_norm": 0.2113046497106552, "E12_agent1_norm": 0.11485666781663895, "E12_agent2_norm": 0.10960577428340912, "E12_agent3_norm": 0.16344819962978363, "E12_agent4_norm": 0.14171385765075684, "E13_agent0_norm": 0.17915287613868713, "E13_agent1_norm": 0.06689086556434631, "E13_agent2_norm": 0.0636688619852066, "E13_agent3_norm": 0.08145631849765778, "E13_agent4_norm": 0.0923251062631607, "E14_agent0_norm": 0.13622038066387177, "E14_agent1_norm": 0.043493978679180145, "E14_agent2_norm": 0.04417851194739342, "E14_agent3_norm": 0.04297810047864914, "E14_agent4_norm": 0.07243651151657104, "E15_agent0_norm": 0.09900924563407898, "E15_agent1_norm": 0.03877311199903488, "E15_agent2_norm": 0.038072552531957626, "E15_agent3_norm": 0.045957569032907486, "E15_agent4_norm": 0.06770724803209305, "E16_agent0_norm": 0.06860028952360153, "E16_agent1_norm": 0.02510797046124935, "E16_agent2_norm": 0.02588481269776821, "E16_agent3_norm": 0.03364177048206329, "E16_agent4_norm": 0.03909548744559288, "E17_agent0_norm": 0.05195998027920723, "E17_agent1_norm": 0.016694724559783936, "E17_agent2_norm": 0.01707482524216175, "E17_agent3_norm": 0.016733696684241295, "E17_agent4_norm": 0.03777477890253067, "E18_agent0_norm": 0.03583044931292534, "E18_agent1_norm": 0.011697628535330296, "E18_agent2_norm": 0.011947955936193466, "E18_agent3_norm": 0.012434253469109535, "E18_agent4_norm": 0.01688009686768055, "E19_agent0_norm": 0.025337859988212585, "E19_agent1_norm": 0.007586379069834948, "E19_agent2_norm": 0.008156297728419304, "E19_agent3_norm": 0.008410725742578506, "E19_agent4_norm": 0.008581869304180145, "E20_agent0_norm": 0.01769576594233513, "E20_agent1_norm": 0.006967378314584494, "E20_agent2_norm": 0.006805563345551491, "E20_agent3_norm": 0.008316672407090664, "E20_agent4_norm": 0.014061902649700642, "E21_agent0_norm": 0.012360313907265663, "E21_agent1_norm": 0.004408610984683037, "E21_agent2_norm": 0.004796513356268406, "E21_agent3_norm": 0.007813991978764534, "E21_agent4_norm": 0.005385564640164375, "E22_agent0_norm": 0.009121204726397991, "E22_agent1_norm": 0.0031386828050017357, "E22_agent2_norm": 0.0031472137197852135, "E22_agent3_norm": 0.00452944403514266, "E22_agent4_norm": 0.0052139637991786, "E23_agent0_norm": 0.006602921523153782, "E23_agent1_norm": 0.002183977048844099, "E23_agent2_norm": 0.002370240166783333, "E23_agent3_norm": 0.0042108395136892796, "E23_agent4_norm": 0.002689894987270236, "E24_agent0_norm": 0.004650254268199205, "E24_agent1_norm": 0.0013606948778033257, "E24_agent2_norm": 0.0015058795688673854, "E24_agent3_norm": 0.0015298989601433277, "E24_agent4_norm": 0.0016420724568888545, "E25_agent0_norm": 0.003291708417236805, "E25_agent1_norm": 0.0009671392617747188, "E25_agent2_norm": 0.001075433217920363, "E25_agent3_norm": 0.0012015273096039891, "E25_agent4_norm": 0.0011986925965175033, "E26_agent0_norm": 0.002391174202784896, "E26_agent1_norm": 0.0007928419508971274, "E26_agent2_norm": 0.0007909440901130438, "E26_agent3_norm": 0.0015640499768778682, "E26_agent4_norm": 0.0015866068424656987, "E27_agent0_norm": 0.0018666767282411456, "E27_agent1_norm": 0.0005282954662106931, "E27_agent2_norm": 0.0005988655611872673, "E27_agent3_norm": 0.0005697859451174736, "E27_agent4_norm": 0.0007306186598725617, "E28_agent0_norm": 0.0011981853749603033, "E28_agent1_norm": 0.00034641483216546476, "E28_agent2_norm": 0.0003732577315531671, "E28_agent3_norm": 0.0004286580951884389, "E28_agent4_norm": 0.0006140174809843302, "E29_agent0_norm": 0.0009246859699487686, "E29_agent1_norm": 0.00027654736186377704, "E29_agent2_norm": 0.0003152630524709821, "E29_agent3_norm": 0.00028426467906683683, "E29_agent4_norm": 0.0005489668110385537, "E30_agent0_norm": 0.0006364018772728741, "E30_agent1_norm": 0.00019102758960798383, "E30_agent2_norm": 0.0001888896949822083, "E30_agent3_norm": 0.00018442627333570272, "E30_agent4_norm": 0.00034773701918311417, "E31_agent0_norm": 0.0004018144099973142, "E31_agent1_norm": 0.0001247303152922541, "E31_agent2_norm": 0.00014340164489112794, "E31_agent3_norm": 0.0002650517853908241, "E31_agent4_norm": 0.0001454017765354365, "E32_agent0_norm": 0.0002957202959805727, "E32_agent1_norm": 9.143321949522942e-05, "E32_agent2_norm": 9.673705062596127e-05, "E32_agent3_norm": 0.0001559945521876216, "E32_agent4_norm": 0.00020483523258008063, "E33_agent0_norm": 0.00020759168546646833, "E33_agent1_norm": 6.177613249747083e-05, "E33_agent2_norm": 6.573546852450818e-05, "E33_agent3_norm": 9.542140469420701e-05, "E33_agent4_norm": 0.0001049734783009626, "E34_agent0_norm": 0.00014429610746446997, "E34_agent1_norm": 4.27095583290793e-05, "E34_agent2_norm": 4.498666385188699e-05, "E34_agent3_norm": 4.7943773097358644e-05, "E34_agent4_norm": 6.843203300377354e-05, "E35_agent0_norm": 0.00010697283869376406, "E35_agent1_norm": 3.152876524836756e-05, "E35_agent2_norm": 3.2867315894691274e-05, "E35_agent3_norm": 4.119353252463043e-05, "E35_agent4_norm": 4.4211359636392444e-05, "E36_agent0_norm": 6.740988465026021e-05, "E36_agent1_norm": 2.034142926277127e-05, "E36_agent2_norm": 2.395841875113547e-05, "E36_agent3_norm": 4.3399548303568736e-05, "E36_agent4_norm": 2.8522976208478212e-05, "E37_agent0_norm": 4.679662743001245e-05, "E37_agent1_norm": 1.701715518720448e-05, "E37_agent2_norm": 1.7054664567695e-05, "E37_agent3_norm": 2.105807107000146e-05, "E37_agent4_norm": 1.4889285921526607e-05, "E38_agent0_norm": 3.6321263905847445e-05, "E38_agent1_norm": 1.0622523404890671e-05, "E38_agent2_norm": 1.12924517452484e-05, "E38_agent3_norm": 1.685464485490229e-05, "E38_agent4_norm": 2.214827691204846e-05, "E39_agent0_norm": 2.5108947738772258e-05, "E39_agent1_norm": 7.2913917392725125e-06, "E39_agent2_norm": 7.938087946968153e-06, "E39_agent3_norm": 8.272529157693498e-06, "E39_agent4_norm": 8.96154233487323e-06, "E40_agent0_norm": 1.839787364588119e-05,