{"E1_agent0_norm": 2.2511215209960938, "E1_agent1_norm": 1.9790427684783936, "E1_agent2_norm": 1.993171215057373, "E1_agent3_norm": 1.9230698347091675, "E1_agent4_norm": 2.0321803092956543, "E2_agent0_norm": 0.878982424736023, "E2_agent1_norm": 0.8053271174430847, "E2_agent2_norm": 0.9812233448028564, "E2_agent3_norm": 0.7491431832313538, "E2_agent4_norm": 1.126813292503357, "E3_agent0_norm": 0.6493862271308899, "E3_agent1_norm": 0.5333143472671509, "E3_agent2_norm": 0.5406752824783325, "E3_agent3_norm": 0.5185394883155823, "E3_agent4_norm": 0.6437388062477112, "E4_agent0_norm": 0.5296613574028015, "E4_agent1_norm": 0.38626012206077576, "E4_agent2_norm": 0.3672052025794983, "E4_agent3_norm": 0.4559050500392914, "E4_agent4_norm": 0.454701691865921, "E5_agent0_norm": 0.38973355293273926, "E5_agent1_norm": 0.26922959089279175, "E5_agent2_norm": 0.29650378227233887, "E5_agent3_norm": 0.23809601366519928, "E5_agent4_norm": 0.340381383895874, "E6_agent0_norm": 0.3455214500427246, "E6_agent1_norm": 0.19737118482589722, "E6_agent2_norm": 0.22043989598751068, "E6_agent3_norm": 0.21704335510730743, "E6_agent4_norm": 0.2873847186565399, "E7_agent0_norm": 0.2840447723865509, "E7_agent1_norm": 0.17093399167060852, "E7_agent2_norm": 0.18393993377685547, "E7_agent3_norm": 0.15871527791023254, "E7_agent4_norm": 0.23252606391906738, "E8_agent0_norm": 0.31838175654411316, "E8_agent1_norm": 0.1492411345243454, "E8_agent2_norm": 0.14146924018859863, "E8_agent3_norm": 0.13647885620594025, "E8_agent4_norm": 0.1354326456785202, "E9_agent0_norm": 0.2615281045436859, "E9_agent1_norm": 0.11629893630743027, "E9_agent2_norm": 0.11970991641283035, "E9_agent3_norm": 0.1066068634390831, "E9_agent4_norm": 0.13162636756896973, "E10_agent0_norm": 0.2571687400341034, "E10_agent1_norm": 0.1360543817281723, "E10_agent2_norm": 0.12103275209665298, "E10_agent3_norm": 0.1293448656797409, "E10_agent4_norm": 0.13549278676509857, "E11_agent0_norm": 0.25323864817619324, "E11_agent1_norm": 0.09326999634504318, "E11_agent2_norm": 0.09252263605594635, "E11_agent3_norm": 0.0874280110001564, "E11_agent4_norm": 0.117339126765728, "E12_agent0_norm": 0.21757911145687103, "E12_agent1_norm": 0.10644939541816711, "E12_agent2_norm": 0.0979594886302948, "E12_agent3_norm": 0.1255582720041275, "E12_agent4_norm": 0.14634807407855988, "E13_agent0_norm": 0.18171291053295135, "E13_agent1_norm": 0.06768881529569626, "E13_agent2_norm": 0.06564760208129883, "E13_agent3_norm": 0.06573709845542908, "E13_agent4_norm": 0.08096069097518921, "E14_agent0_norm": 0.13206970691680908, "E14_agent1_norm": 0.05531953647732735, "E14_agent2_norm": 0.055471986532211304, "E14_agent3_norm": 0.049406711012125015, "E14_agent4_norm": 0.046228811144828796, "E15_agent0_norm": 0.0949941873550415, "E15_agent1_norm": 0.04354631155729294, "E15_agent2_norm": 0.04443974420428276, "E15_agent3_norm": 0.04570106789469719, "E15_agent4_norm": 0.03717217221856117, "E16_agent0_norm": 0.07164710015058517, "E16_agent1_norm": 0.02912428043782711, "E16_agent2_norm": 0.02832857333123684, "E16_agent3_norm": 0.03385389223694801, "E16_agent4_norm": 0.031773921102285385, "E17_agent0_norm": 0.0515730082988739, "E17_agent1_norm": 0.021635420620441437, "E17_agent2_norm": 0.022380618378520012, "E17_agent3_norm": 0.03434733301401138, "E17_agent4_norm": 0.02977009490132332, "E18_agent0_norm": 0.037271831184625626, "E18_agent1_norm": 0.015232080593705177, "E18_agent2_norm": 0.01589622162282467, "E18_agent3_norm": 0.031020237132906914, "E18_agent4_norm": 0.029487593099474907, "E19_agent0_norm": 0.024663135409355164, "E19_agent1_norm": 0.009141131304204464, "E19_agent2_norm": 0.00968716386705637, "E19_agent3_norm": 0.009009704925119877, "E19_agent4_norm": 0.008187107741832733, "E20_agent0_norm": 0.01930403895676136, "E20_agent1_norm": 0.0062708426266908646, "E20_agent2_norm": 0.006894097197800875, "E20_agent3_norm": 0.008371628820896149, "E20_agent4_norm": 0.009274106472730637, "E21_agent0_norm": 0.013351934030652046, "E21_agent1_norm": 0.004604988731443882, "E21_agent2_norm": 0.0048494185321033, "E21_agent3_norm": 0.006616871803998947, "E21_agent4_norm": 0.005173475481569767, "E22_agent0_norm": 0.009992974810302258, "E22_agent1_norm": 0.0035766365472227335, "E22_agent2_norm": 0.003634865628555417, "E22_agent3_norm": 0.0063086021691560745, "E22_agent4_norm": 0.005125750787556171, "E23_agent0_norm": 0.0067985872738063335, "E23_agent1_norm": 0.0023542579729110003, "E23_agent2_norm": 0.0025241090916097164, "E23_agent3_norm": 0.0032146405428647995, "E23_agent4_norm": 0.002354556228965521, "E24_agent0_norm": 0.004515052307397127, "E24_agent1_norm": 0.0016710256459191442, "E24_agent2_norm": 0.0018889181083068252, "E24_agent3_norm": 0.002622016938403249, "E24_agent4_norm": 0.001515640178695321, "E25_agent0_norm": 0.0034613306634128094, "E25_agent1_norm": 0.0010710754431784153, "E25_agent2_norm": 0.001186193316243589, "E25_agent3_norm": 0.001140653737820685, "E25_agent4_norm": 0.0011158565757796168, "E26_agent0_norm": 0.002618027850985527, "E26_agent1_norm": 0.0007795226410962641, "E26_agent2_norm": 0.0008535037632100284, "E26_agent3_norm": 0.0009642423829063773, "E26_agent4_norm": 0.0011882613180205226, "E27_agent0_norm": 0.0016631498001515865, "E27_agent1_norm": 0.0005892655462957919, "E27_agent2_norm": 0.0006091046961955726, "E27_agent3_norm": 0.0007748499047011137, "E27_agent4_norm": 0.0005527965258806944, "E28_agent0_norm": 0.00130428874399513, "E28_agent1_norm": 0.00039085623575374484, "E28_agent2_norm": 0.00042447319719940424, "E28_agent3_norm": 0.0005169649957679212, "E28_agent4_norm": 0.0006377741228789091, "E29_agent0_norm": 0.0009107336518354714, "E29_agent1_norm": 0.00027223056531511247, "E29_agent2_norm": 0.0003001863369718194, "E29_agent3_norm": 0.00034438795410096645, "E29_agent4_norm": 0.0006007995689287782, "E30_agent0_norm": 0.00062836694996804, "E30_agent1_norm": 0.00019116948533337563, "E30_agent2_norm": 0.00021396626834757626, "E30_agent3_norm": 0.00022889698448125273, "E30_agent4_norm": 0.00041079535731114447, "E31_agent0_norm": 0.00045303936349228024, "E31_agent1_norm": 0.00014251178072299808, "E31_agent2_norm": 0.00015130113752093166, "E31_agent3_norm": 0.00029007645207457244, "E31_agent4_norm": 0.00022196020290721208, "E32_agent0_norm": 0.0003217315534129739, "E32_agent1_norm": 0.00010104493412654847, "E32_agent2_norm": 0.00010548615682637319, "E32_agent3_norm": 0.00012157338642282411, "E32_agent4_norm": 0.0001272521330974996, "E33_agent0_norm": 0.00021435519738588482, "E33_agent1_norm": 7.28834347683005e-05, "E33_agent2_norm": 7.62419804232195e-05, "E33_agent3_norm": 7.817507139407098e-05, "E33_agent4_norm": 0.0001031974534271285, "E34_agent0_norm": 0.00015738507499918342, "E34_agent1_norm": 4.772456668433733e-05, "E34_agent2_norm": 5.059491013525985e-05, "E34_agent3_norm": 5.254087227513082e-05, "E34_agent4_norm": 5.895588401472196e-05, "E35_agent0_norm": 0.0001040204442688264, "E35_agent1_norm": 3.587982791941613e-05, "E35_agent2_norm": 3.4820921428035945e-05, "E35_agent3_norm": 3.6341039958642796e-05, "E35_agent4_norm": 3.010684304172173e-05, "E36_agent0_norm": 7.618060044478625e-05, "E36_agent1_norm": 2.3403417799272574e-05, "E36_agent2_norm": 2.4335940906894393e-05, "E36_agent3_norm": 3.7259989767335355e-05, "E36_agent4_norm": 4.1800496546784416e-05, "E37_agent0_norm": 5.461571709020063e-05, "E37_agent1_norm": 1.6220314137171954e-05, "E37_agent2_norm": 1.696649815130513e-05, "E37_agent3_norm": 2.5851490136119537e-05, "E37_agent4_norm": 3.5858829505741596e-05, "E38_agent0_norm": 3.457809361862019e-05, "E38_agent1_norm": 1.3548600691137835e-05, "E38_agent2_norm": 1.1605742656684015e-05, "E38_agent3_norm": 1.4398652638192289e-05, "E38_agent4_norm": 1.0245835255773272e-05, "E39_agent0_norm": 2.694727481866721e-05, "E39_agent1_norm": 7.679952432226855e-06, "E39_agent2_norm": 8.442703801847529e-06, "E39_agent3_norm": 8.537460416846443e-06, "E39_agent4_norm": 1.568937295814976e-05, "E40_agent0_norm": 1.9187198631698266e-05,