{"Agent0_Epoch1": 0.28784245252609253, "Agent1_Epoch1": 0.29513853788375854, "Agent2_Epoch1": 0.9951040148735046, "Agent3_Epoch1": 0.9993362426757812, "Agent4_Epoch1": 0.9934313297271729, "Agent0_Epoch2": 0.055231332778930664, "Agent1_Epoch2": 0.2884933352470398, "Agent2_Epoch2": 0.29945337772369385, "Agent3_Epoch2": 0.2979426383972168, "Agent4_Epoch2": 0.2994006872177124, "Agent0_Epoch3": 0.03085803985595703, "Agent1_Epoch3": 0.12842267751693726, "Agent2_Epoch3": 0.1288621425628662, "Agent3_Epoch3": 0.12363302707672119, "Agent4_Epoch3": 0.13471466302871704, "Agent0_Epoch4": 0.01868605613708496, "Agent1_Epoch4": 0.059162795543670654, "Agent2_Epoch4": 0.06129258871078491, "Agent3_Epoch4": 0.05711239576339722, "Agent4_Epoch4": 0.06550908088684082, "Agent0_Epoch5": 0.012315988540649414, "Agent1_Epoch5": 0.03056049346923828, "Agent2_Epoch5": 0.030309975147247314, "Agent3_Epoch5": 0.028836190700531006, "Agent4_Epoch5": 0.029928982257843018, "Agent0_Epoch6": 0.008334517478942871, "Agent1_Epoch6": 0.017100989818572998, "Agent2_Epoch6": 0.01803112030029297, "Agent3_Epoch6": 0.017252564430236816, "Agent4_Epoch6": 0.018528342247009277, "Agent0_Epoch7": 0.006117820739746094, "Agent1_Epoch7": 0.010819852352142334, "Agent2_Epoch7": 0.010579288005828857, "Agent3_Epoch7": 0.010327041149139404, "Agent4_Epoch7": 0.011365354061126709, "Agent0_Epoch8": 0.004624843597412109, "Agent1_Epoch8": 0.007285594940185547, "Agent2_Epoch8": 0.007284402847290039, "Agent3_Epoch8": 0.0069887638092041016, "Agent4_Epoch8": 0.008082091808319092, "Agent0_Epoch9": 0.0037459731101989746, "Agent1_Epoch9": 0.005390644073486328, "Agent2_Epoch9": 0.0052144527435302734, "Agent3_Epoch9": 0.005221903324127197, "Agent4_Epoch9": 0.005756199359893799, "Agent0_Epoch10": 0.0030900239944458008, "Agent1_Epoch10": 0.004141569137573242, "Agent2_Epoch10": 0.004139304161071777, "Agent3_Epoch10": 0.003832519054412842, "Agent4_Epoch10": 0.004391729831695557, "Agent0_Epoch11": 0.0025776028633117676, "Agent1_Epoch11": 0.003267228603363037, "Agent2_Epoch11": 0.0033218860626220703, "Agent3_Epoch11": 0.002969086170196533, "Agent4_Epoch11": 0.003725588321685791, "Agent0_Epoch12": 0.002243936061859131, "Agent1_Epoch12": 0.0027213096618652344, "Agent2_Epoch12": 0.0025882720947265625, "Agent3_Epoch12": 0.0016956329345703125, "Agent4_Epoch12": 0.0032213926315307617, "Agent0_Epoch13": 0.0018177032470703125, "Agent1_Epoch13": 0.002128124237060547, "Agent2_Epoch13": 0.0020987987518310547, "Agent3_Epoch13": 0.0017325282096862793, "Agent4_Epoch13": 0.002937138080596924, "Agent0_Epoch14": 0.001495361328125, "Agent1_Epoch14": 0.00170212984085083, "Agent2_Epoch14": 0.0016827583312988281, "Agent3_Epoch14": 0.001551806926727295, "Agent4_Epoch14": 0.0020337700843811035, "Agent0_Epoch15": 0.0011768341064453125, "Agent1_Epoch15": 0.0013091564178466797, "Agent2_Epoch15": 0.001191258430480957, "Agent3_Epoch15": 0.001191556453704834, "Agent4_Epoch15": 0.0015102028846740723, "Agent0_Epoch16": 0.0008665323257446289, "Agent1_Epoch16": 0.0009462833404541016, "Agent2_Epoch16": 0.0009403824806213379, "Agent3_Epoch16": 0.0007949471473693848, "Agent4_Epoch16": 0.0010928511619567871, "Agent0_Epoch17": 0.0006247162818908691, "Agent1_Epoch17": 0.0006715059280395508, "Agent2_Epoch17": 0.0006566643714904785, "Agent3_Epoch17": 0.0006033182144165039, "Agent4_Epoch17": 0.0007485747337341309, "Agent0_Epoch18": 0.00043904781341552734, "Agent1_Epoch18": 0.0004659295082092285, "Agent2_Epoch18": 0.00047081708908081055, "Agent3_Epoch18": 0.00046557188034057617, "Agent4_Epoch18": 0.0005286335945129395, "Agent0_Epoch19": 0.0003102421760559082, "Agent1_Epoch19": 0.00032573938369750977, "Agent2_Epoch19": 0.0003279447555541992, "Agent3_Epoch19": 0.0003024935722351074, "Agent4_Epoch19": 0.0003624558448791504, "Agent0_Epoch20": 0.0002148747444152832, "Agent1_Epoch20": 0.00022357702255249023, "Agent2_Epoch20": 0.00022035837173461914, "Agent3_Epoch20": 0.0002110600471496582, "Agent4_Epoch20": 0.00023889541625976562, "Agent0_Epoch21": 0.00014609098434448242, "Agent1_Epoch21": 0.00015097856521606445, "Agent2_Epoch21": 0.00015109777450561523, "Agent3_Epoch21": 0.0001474618911743164, "Agent4_Epoch21": 0.00015604496002197266, "Agent0_Epoch22": 9.894371032714844e-05, "Agent1_Epoch22": 0.00010180473327636719, "Agent2_Epoch22": 0.00010132789611816406, "Agent3_Epoch22": 9.638071060180664e-05, "Agent4_Epoch22": 0.00010138750076293945, "Agent0_Epoch23": 6.592273712158203e-05, "Agent1_Epoch23": 6.73532485961914e-05, "Agent2_Epoch23": 6.717443466186523e-05, "Agent3_Epoch23": 6.324052810668945e-05, "Agent4_Epoch23": 6.955862045288086e-05, "Agent0_Epoch24": 4.369020462036133e-05, "Agent1_Epoch24": 4.4465065002441406e-05, "Agent2_Epoch24": 4.4345855712890625e-05, "Agent3_Epoch24": 4.357099533081055e-05, "Agent4_Epoch24": 4.601478576660156e-05, "Agent0_Epoch25": 2.9027462005615234e-05, "Agent1_Epoch25": 2.944469451904297e-05, "Agent2_Epoch25": 2.968311309814453e-05, "Agent3_Epoch25": 2.8848648071289062e-05, "Agent4_Epoch25": 3.081560134887695e-05, "Agent0_Epoch26": 1.9252300262451172e-05, "Agent1_Epoch26": 1.9431114196777344e-05, "Agent2_Epoch26": 1.9371509552001953e-05, "Agent3_Epoch26": 1.9431114196777344e-05, "Agent4_Epoch26": 1.9609928131103516e-05, "Agent0_Epoch27": 1.2636184692382812e-05, "Agent1_Epoch27": 1.2814998626708984e-05, "Agent2_Epoch27": 1.2576580047607422e-05, "Agent3_Epoch27": 1.2516975402832031e-05, "Agent4_Epoch27": 1.2874603271484375e-05, "Agent0_Epoch28": 8.285045623779297e-06, "Agent1_Epoch28": 8.285045623779297e-06, "Agent2_Epoch28": 8.404254913330078e-06, "Agent3_Epoch28": 8.225440979003906e-06, "Agent4_Epoch28": 8.404254913330078e-06, "Agent0_Epoch29": 5.304813385009766e-06, "Agent1_Epoch29": 5.4836273193359375e-06, "Agent2_Epoch29": 5.304813385009766e-06, "Agent3_Epoch29": 5.424022674560547e-06, "Agent4_Epoch29": 5.424022674560547e-06, "Agent0_Epoch30": 3.4570693969726562e-06, "Agent1_Epoch30": 3.516674041748047e-06, "Agent2_Epoch30": 3.635883331298828e-06, "Agent3_Epoch30": 3.635883331298828e-06, "Agent4_Epoch30": 3.516674041748047e-06, "Agent0_Epoch31": 2.205371856689453e-06, "Agent1_Epoch31": 2.205371856689453e-06, "Agent2_Epoch31": 2.3245811462402344e-06, "Agent3_Epoch31": 2.3245811462402344e-06, "Agent4_Epoch31": 2.3245811462402344e-06, "Agent0_Epoch32": 1.3113021850585938e-06, "Agent1_Epoch32": 1.4901161193847656e-06, "Agent2_Epoch32": 1.4901161193847656e-06, "Agent3_Epoch32": 1.3709068298339844e-06, "Agent4_Epoch32": 1.4901161193847656e-06, "Agent0_Epoch33": 9.5367431640625e-07, "Agent1_Epoch33": 1.0132789611816406e-06, "Agent2_Epoch33": 1.1324882507324219e-06, "Agent3_Epoch33": 1.1324882507324219e-06, "Agent4_Epoch33": 1.1324882507324219e-06, "Agent0_Epoch34": 5.364418029785156e-07, "Agent1_Epoch34": 5.364418029785156e-07, "Agent2_Epoch34": 6.556510925292969e-07, "Agent3_Epoch34": 5.364418029785156e-07, "Agent4_Epoch34": 6.556510925292969e-07, "Agent0_Epoch35": 3.5762786865234375e-07, "Agent1_Epoch35": 3.5762786865234375e-07, "Agent2_Epoch35": 3.5762786865234375e-07, "Agent3_Epoch35": 3.5762786865234375e-07, "Agent4_Epoch35": 3.5762786865234375e-07, "Agent0_Epoch36": 1.7881393432617188e-07, "Agent1_Epoch36": 1.7881393432617188e-07, "Agent2_Epoch36": 2.980232238769531e-07, "Agent3_Epoch36": 3.5762786865234375e-07, "Agent4_Epoch36": 2.980232238769531e-07, "Agent0_Epoch37": 1.7881393432617188e-07, "Agent1_Epoch37": 1.7881393432617188e-07, "Agent2_Epoch37": 1.1920928955078125e-07, "Agent3_Epoch37": 1.7881393432617188e-07, "Agent4_Epoch37": 1.7881393432617188e-07, "Agent0_Epoch38": 1.1920928955078125e-07, "Agent1_Epoch38": 1.7881393432617188e-07, "Agent2_Epoch38": 0.0, "Agent3_Epoch38": 0.0, "Agent4_Epoch38": 1.1920928955078125e-07, "Agent0_Epoch39": 0.0, "Agent1_Epoch39": 1.1920928955078125e-07, "Agent2_Epoch39": 1.1920928955078125e-07, "Agent3_Epoch39": -1.1920928955078125e-07, "Agent4_Epoch39": 1.1920928955078125e-07, "Agent0_Epoch40": 0.0, "Agent1_Epoch40": 0.0, "Agent2_Epoch40": 0.0, "Agent3_Epoch40": 0.0,