{"E1_agent0_norm": 2.2789933681488037, "E1_agent1_norm": 2.005718469619751, "E1_agent2_norm": 1.8608956336975098, "E1_agent3_norm": 1.6356078386306763, "E1_agent4_norm": 2.2135190963745117, "E2_agent0_norm": 0.750457227230072, "E2_agent1_norm": 0.8829830288887024, "E2_agent2_norm": 1.0098172426223755, "E2_agent3_norm": 0.760696291923523, "E2_agent4_norm": 1.054203987121582, "E3_agent0_norm": 0.5986079573631287, "E3_agent1_norm": 0.5677107572555542, "E3_agent2_norm": 0.5310385823249817, "E3_agent3_norm": 0.45863044261932373, "E3_agent4_norm": 0.5591716170310974, "E4_agent0_norm": 0.5566348433494568, "E4_agent1_norm": 0.35173577070236206, "E4_agent2_norm": 0.34791672229766846, "E4_agent3_norm": 0.30905863642692566, "E4_agent4_norm": 0.46076980233192444, "E5_agent0_norm": 0.3884007930755615, "E5_agent1_norm": 0.28543969988822937, "E5_agent2_norm": 0.2431028187274933, "E5_agent3_norm": 0.21904359757900238, "E5_agent4_norm": 0.4165402054786682, "E6_agent0_norm": 0.3063659071922302, "E6_agent1_norm": 0.21607162058353424, "E6_agent2_norm": 0.19102081656455994, "E6_agent3_norm": 0.17789940536022186, "E6_agent4_norm": 0.2892753481864929, "E7_agent0_norm": 0.3356005847454071, "E7_agent1_norm": 0.1552785187959671, "E7_agent2_norm": 0.15545929968357086, "E7_agent3_norm": 0.1864684522151947, "E7_agent4_norm": 0.20350313186645508, "E8_agent0_norm": 0.26350241899490356, "E8_agent1_norm": 0.11505444347858429, "E8_agent2_norm": 0.12147819995880127, "E8_agent3_norm": 0.12126782536506653, "E8_agent4_norm": 0.12445075809955597, "E9_agent0_norm": 0.26182806491851807, "E9_agent1_norm": 0.11525861918926239, "E9_agent2_norm": 0.106051005423069, "E9_agent3_norm": 0.0946362316608429, "E9_agent4_norm": 0.11472205817699432, "E10_agent0_norm": 0.27096328139305115, "E10_agent1_norm": 0.08756044507026672, "E10_agent2_norm": 0.08008682727813721, "E10_agent3_norm": 0.08237013965845108, "E10_agent4_norm": 0.09701519459486008, "E11_agent0_norm": 0.23074284195899963, "E11_agent1_norm": 0.06916248053312302, "E11_agent2_norm": 0.07211756706237793, "E11_agent3_norm": 0.0667462944984436, "E11_agent4_norm": 0.08926403522491455, "E12_agent0_norm": 0.2058286964893341, "E12_agent1_norm": 0.06320948153734207, "E12_agent2_norm": 0.062296267598867416, "E12_agent3_norm": 0.06851088255643845, "E12_agent4_norm": 0.12222564220428467, "E13_agent0_norm": 0.17467035353183746, "E13_agent1_norm": 0.050695955753326416, "E13_agent2_norm": 0.047652583569288254, "E13_agent3_norm": 0.055701687932014465, "E13_agent4_norm": 0.0503581240773201, "E14_agent0_norm": 0.13284070789813995, "E14_agent1_norm": 0.044035132974386215, "E14_agent2_norm": 0.04335338994860649, "E14_agent3_norm": 0.05350597947835922, "E14_agent4_norm": 0.10893954336643219, "E15_agent0_norm": 0.09692178666591644, "E15_agent1_norm": 0.048088643699884415, "E15_agent2_norm": 0.045031528919935226, "E15_agent3_norm": 0.07406499236822128, "E15_agent4_norm": 0.061906833201646805, "E16_agent0_norm": 0.07357274740934372, "E16_agent1_norm": 0.021451720967888832, "E16_agent2_norm": 0.02024991065263748, "E16_agent3_norm": 0.021355992183089256, "E16_agent4_norm": 0.03627153858542442, "E17_agent0_norm": 0.05013194680213928, "E17_agent1_norm": 0.01590077392756939, "E17_agent2_norm": 0.015156976878643036, "E17_agent3_norm": 0.021164391189813614, "E17_agent4_norm": 0.032273124903440475, "E18_agent0_norm": 0.033782415091991425, "E18_agent1_norm": 0.016186874359846115, "E18_agent2_norm": 0.013554587960243225, "E18_agent3_norm": 0.026143470779061317, "E18_agent4_norm": 0.014762723818421364, "E19_agent0_norm": 0.0254775770008564, "E19_agent1_norm": 0.007488988805562258, "E19_agent2_norm": 0.007208195980638266, "E19_agent3_norm": 0.006972599774599075, "E19_agent4_norm": 0.011943504214286804, "E20_agent0_norm": 0.01874692551791668, "E20_agent1_norm": 0.005665710661560297, "E20_agent2_norm": 0.005164126865565777, "E20_agent3_norm": 0.005790313705801964, "E20_agent4_norm": 0.007235023193061352, "E21_agent0_norm": 0.013322041369974613, "E21_agent1_norm": 0.004092028364539146, "E21_agent2_norm": 0.0039651356637477875, "E21_agent3_norm": 0.005645015276968479, "E21_agent4_norm": 0.008555310778319836, "E22_agent0_norm": 0.009516254998743534, "E22_agent1_norm": 0.0028379587456583977, "E22_agent2_norm": 0.0026943518314510584, "E22_agent3_norm": 0.003660023445263505, "E22_agent4_norm": 0.006802127230912447, "E23_agent0_norm": 0.0068242899142205715, "E23_agent1_norm": 0.00192589545622468, "E23_agent2_norm": 0.0018530205124989152, "E23_agent3_norm": 0.0020846326369792223, "E23_agent4_norm": 0.003737258492037654, "E24_agent0_norm": 0.004762774799019098, "E24_agent1_norm": 0.0014406979316845536, "E24_agent2_norm": 0.0013327552005648613, "E24_agent3_norm": 0.0020763613283634186, "E24_agent4_norm": 0.002208238933235407, "E25_agent0_norm": 0.003385142656043172, "E25_agent1_norm": 0.0010134999174624681, "E25_agent2_norm": 0.000929000205360353, "E25_agent3_norm": 0.0010910757118836045, "E25_agent4_norm": 0.001228930545039475, "E26_agent0_norm": 0.002298648003488779, "E26_agent1_norm": 0.0006856884574517608, "E26_agent2_norm": 0.0006412978400476277, "E26_agent3_norm": 0.0006833765073679388, "E26_agent4_norm": 0.0006848351913504303, "E27_agent0_norm": 0.0017174502136185765, "E27_agent1_norm": 0.00047747482312843204, "E27_agent2_norm": 0.0004600195388775319, "E27_agent3_norm": 0.0005304542137309909, "E27_agent4_norm": 0.0006707605207338929, "E28_agent0_norm": 0.0011462304973974824, "E28_agent1_norm": 0.00037907157093286514, "E28_agent2_norm": 0.00036099430872127414, "E28_agent3_norm": 0.0004980164230801165, "E28_agent4_norm": 0.0008002393296919763, "E29_agent0_norm": 0.0008745673694647849, "E29_agent1_norm": 0.00025275879306718707, "E29_agent2_norm": 0.00023876657360233366, "E29_agent3_norm": 0.00041224135202355683, "E29_agent4_norm": 0.0005743785877712071, "E30_agent0_norm": 0.0005858703516423702, "E30_agent1_norm": 0.00018338157678954303, "E30_agent2_norm": 0.00016379450971726328, "E30_agent3_norm": 0.0003835717507172376, "E30_agent4_norm": 0.0003478364378679544, "E31_agent0_norm": 0.00042661334737204015, "E31_agent1_norm": 0.0001228894107043743, "E31_agent2_norm": 0.00011648413055809215, "E31_agent3_norm": 0.00017792500148061663, "E31_agent4_norm": 0.00025259339599870145, "E32_agent0_norm": 0.0003055078850593418, "E32_agent1_norm": 8.296035957755521e-05, "E32_agent2_norm": 8.11647332739085e-05, "E32_agent3_norm": 8.207763312384486e-05, "E32_agent4_norm": 0.00011527175229275599, "E33_agent0_norm": 0.00021278695203363895, "E33_agent1_norm": 5.852508547832258e-05, "E33_agent2_norm": 5.642596443067305e-05, "E33_agent3_norm": 6.077298166928813e-05, "E33_agent4_norm": 7.303859456442297e-05, "E34_agent0_norm": 0.00014563555305358022, "E34_agent1_norm": 5.00959504279308e-05, "E34_agent2_norm": 3.936767461709678e-05, "E34_agent3_norm": 0.00012007705663563684, "E34_agent4_norm": 6.151581328595057e-05, "E35_agent0_norm": 0.00010871169797610492, "E35_agent1_norm": 2.9443650419125333e-05, "E35_agent2_norm": 3.195885074092075e-05, "E35_agent3_norm": 2.815010884660296e-05, "E35_agent4_norm": 5.3798863518750295e-05, "E36_agent0_norm": 7.454529986716807e-05, "E36_agent1_norm": 2.333755219297018e-05, "E36_agent2_norm": 2.147940540453419e-05, "E36_agent3_norm": 4.683377483161166e-05, "E36_agent4_norm": 5.688648161594756e-05, "E37_agent0_norm": 5.684770076186396e-05, "E37_agent1_norm": 1.5823794456082396e-05, "E37_agent2_norm": 1.815384348446969e-05, "E37_agent3_norm": 1.5070832887431607e-05, "E37_agent4_norm": 3.341956835356541e-05, "E38_agent0_norm": 3.489680966595188e-05, "E38_agent1_norm": 9.4283996077138e-06, "E38_agent2_norm": 9.511964890407398e-06, "E38_agent3_norm": 1.0915448910964187e-05, "E38_agent4_norm": 1.7240186934941448e-05, "E39_agent0_norm": 2.5064937290153466e-05, "E39_agent1_norm": 7.259576250362443e-06, "E39_agent2_norm": 6.913144716236275e-06, "E39_agent3_norm": 1.5287963833543472e-05, "E39_agent4_norm": 1.8886468751588836e-05, "E40_agent0_norm": 1.686077484919224e-05,