{"Agent0_Epoch1": 0.29367947578430176, "Agent1_Epoch1": 0.29621171951293945, "Agent2_Epoch1": 0.9938106536865234, "Agent3_Epoch1": 0.9938551187515259, "Agent4_Epoch1": 0.9973815083503723, "Agent0_Epoch2": 0.05645245313644409, "Agent1_Epoch2": 0.289725124835968, "Agent2_Epoch2": 0.2967703342437744, "Agent3_Epoch2": 0.2906337380409241, "Agent4_Epoch2": 0.3188924193382263, "Agent0_Epoch3": 0.03247958421707153, "Agent1_Epoch3": 0.13362914323806763, "Agent2_Epoch3": 0.13753777742385864, "Agent3_Epoch3": 0.136113703250885, "Agent4_Epoch3": 0.15010923147201538, "Agent0_Epoch4": 0.020701587200164795, "Agent1_Epoch4": 0.06439429521560669, "Agent2_Epoch4": 0.06392449140548706, "Agent3_Epoch4": 0.06278055906295776, "Agent4_Epoch4": 0.06640726327896118, "Agent0_Epoch5": 0.013593494892120361, "Agent1_Epoch5": 0.03356468677520752, "Agent2_Epoch5": 0.034567832946777344, "Agent3_Epoch5": 0.0337216854095459, "Agent4_Epoch5": 0.03796279430389404, "Agent0_Epoch6": 0.009714245796203613, "Agent1_Epoch6": 0.019816935062408447, "Agent2_Epoch6": 0.01892232894897461, "Agent3_Epoch6": 0.01939934492111206, "Agent4_Epoch6": 0.019913017749786377, "Agent0_Epoch7": 0.006797373294830322, "Agent1_Epoch7": 0.011996448040008545, "Agent2_Epoch7": 0.012897312641143799, "Agent3_Epoch7": 0.011864244937896729, "Agent4_Epoch7": 0.013464689254760742, "Agent0_Epoch8": 0.005298435688018799, "Agent1_Epoch8": 0.008340418338775635, "Agent2_Epoch8": 0.008318126201629639, "Agent3_Epoch8": 0.00807112455368042, "Agent4_Epoch8": 0.008801162242889404, "Agent0_Epoch9": 0.004224658012390137, "Agent1_Epoch9": 0.006085216999053955, "Agent2_Epoch9": 0.006277978420257568, "Agent3_Epoch9": 0.00613480806350708, "Agent4_Epoch9": 0.006884455680847168, "Agent0_Epoch10": 0.0034749507904052734, "Agent1_Epoch10": 0.004662513732910156, "Agent2_Epoch10": 0.0050542354583740234, "Agent3_Epoch10": 0.004915595054626465, "Agent4_Epoch10": 0.005595028400421143, "Agent0_Epoch11": 0.0030182600021362305, "Agent1_Epoch11": 0.003828585147857666, "Agent2_Epoch11": 0.004139602184295654, "Agent3_Epoch11": 0.003409266471862793, "Agent4_Epoch11": 0.004339635372161865, "Agent0_Epoch12": 0.0025627613067626953, "Agent1_Epoch12": 0.0031122565269470215, "Agent2_Epoch12": 0.0032953619956970215, "Agent3_Epoch12": 0.003119945526123047, "Agent4_Epoch12": 0.0037983059883117676, "Agent0_Epoch13": 0.002134084701538086, "Agent1_Epoch13": 0.0025020837783813477, "Agent2_Epoch13": 0.002620220184326172, "Agent3_Epoch13": 0.0024459362030029297, "Agent4_Epoch13": 0.0031918883323669434, "Agent0_Epoch14": 0.0017359256744384766, "Agent1_Epoch14": 0.0019792914390563965, "Agent2_Epoch14": 0.0020186901092529297, "Agent3_Epoch14": 0.001704096794128418, "Agent4_Epoch14": 0.002149522304534912, "Agent0_Epoch15": 0.0013067126274108887, "Agent1_Epoch15": 0.0014562010765075684, "Agent2_Epoch15": 0.0014458298683166504, "Agent3_Epoch15": 0.0010910630226135254, "Agent4_Epoch15": 0.0016124844551086426, "Agent0_Epoch16": 0.0009347200393676758, "Agent1_Epoch16": 0.0010218024253845215, "Agent2_Epoch16": 0.0010100603103637695, "Agent3_Epoch16": 0.0009813308715820312, "Agent4_Epoch16": 0.00109785795211792, "Agent0_Epoch17": 0.0006710290908813477, "Agent1_Epoch17": 0.000722348690032959, "Agent2_Epoch17": 0.0007127523422241211, "Agent3_Epoch17": 0.0006240010261535645, "Agent4_Epoch17": 0.0007405877113342285, "Agent0_Epoch18": 0.00046265125274658203, "Agent1_Epoch18": 0.0004912018775939941, "Agent2_Epoch18": 0.0004935860633850098, "Agent3_Epoch18": 0.0004973411560058594, "Agent4_Epoch18": 0.0005105733871459961, "Agent0_Epoch19": 0.0003218650817871094, "Agent1_Epoch19": 0.000338137149810791, "Agent2_Epoch19": 0.00033980607986450195, "Agent3_Epoch19": 0.0003197789192199707, "Agent4_Epoch19": 0.00034934282302856445, "Agent0_Epoch20": 0.00022029876708984375, "Agent1_Epoch20": 0.00022929906845092773, "Agent2_Epoch20": 0.00023025274276733398, "Agent3_Epoch20": 0.00022995471954345703, "Agent4_Epoch20": 0.00023955106735229492, "Agent0_Epoch21": 0.00015038251876831055, "Agent1_Epoch21": 0.00015544891357421875, "Agent2_Epoch21": 0.00015586614608764648, "Agent3_Epoch21": 0.00015544891357421875, "Agent4_Epoch21": 0.00016129016876220703, "Agent0_Epoch22": 0.00010162591934204102, "Agent1_Epoch22": 0.00010454654693603516, "Agent2_Epoch22": 0.0001049041748046875, "Agent3_Epoch22": 9.834766387939453e-05, "Agent4_Epoch22": 0.00010830163955688477, "Agent0_Epoch23": 6.783008575439453e-05, "Agent1_Epoch23": 6.920099258422852e-05, "Agent2_Epoch23": 6.961822509765625e-05, "Agent3_Epoch23": 6.73532485961914e-05, "Agent4_Epoch23": 7.224082946777344e-05, "Agent0_Epoch24": 4.5239925384521484e-05, "Agent1_Epoch24": 4.6133995056152344e-05, "Agent2_Epoch24": 4.6133995056152344e-05, "Agent3_Epoch24": 4.6133995056152344e-05, "Agent4_Epoch24": 4.696846008300781e-05, "Agent0_Epoch25": 3.0100345611572266e-05, "Agent1_Epoch25": 3.0517578125e-05, "Agent2_Epoch25": 3.069639205932617e-05, "Agent3_Epoch25": 3.057718276977539e-05, "Agent4_Epoch25": 3.0279159545898438e-05, "Agent0_Epoch26": 1.9788742065429688e-05, "Agent1_Epoch26": 2.008676528930664e-05, "Agent2_Epoch26": 2.008676528930664e-05, "Agent3_Epoch26": 1.9311904907226562e-05, "Agent4_Epoch26": 2.014636993408203e-05, "Agent0_Epoch27": 1.2874603271484375e-05, "Agent1_Epoch27": 1.3232231140136719e-05, "Agent2_Epoch27": 1.3113021850585938e-05, "Agent3_Epoch27": 1.3232231140136719e-05, "Agent4_Epoch27": 1.3053417205810547e-05, "Agent0_Epoch28": 8.463859558105469e-06, "Agent1_Epoch28": 8.64267349243164e-06, "Agent2_Epoch28": 8.58306884765625e-06, "Agent3_Epoch28": 8.463859558105469e-06, "Agent4_Epoch28": 8.821487426757812e-06, "Agent0_Epoch29": 5.543231964111328e-06, "Agent1_Epoch29": 5.662441253662109e-06, "Agent2_Epoch29": 5.602836608886719e-06, "Agent3_Epoch29": 5.4836273193359375e-06, "Agent4_Epoch29": 5.781650543212891e-06, "Agent0_Epoch30": 3.635883331298828e-06, "Agent1_Epoch30": 3.516674041748047e-06, "Agent2_Epoch30": 3.635883331298828e-06, "Agent3_Epoch30": 3.635883331298828e-06, "Agent4_Epoch30": 3.6954879760742188e-06, "Agent0_Epoch31": 2.3245811462402344e-06, "Agent1_Epoch31": 2.3245811462402344e-06, "Agent2_Epoch31": 2.384185791015625e-06, "Agent3_Epoch31": 2.384185791015625e-06, "Agent4_Epoch31": 2.384185791015625e-06, "Agent0_Epoch32": 1.5497207641601562e-06, "Agent1_Epoch32": 1.5497207641601562e-06, "Agent2_Epoch32": 1.6689300537109375e-06, "Agent3_Epoch32": 1.5497207641601562e-06, "Agent4_Epoch32": 1.7881393432617188e-06, "Agent0_Epoch33": 7.152557373046875e-07, "Agent1_Epoch33": 9.5367431640625e-07, "Agent2_Epoch33": 8.344650268554688e-07, "Agent3_Epoch33": 8.344650268554688e-07, "Agent4_Epoch33": 1.0132789611816406e-06, "Agent0_Epoch34": 5.364418029785156e-07, "Agent1_Epoch34": 5.364418029785156e-07, "Agent2_Epoch34": 6.556510925292969e-07, "Agent3_Epoch34": 6.556510925292969e-07, "Agent4_Epoch34": 5.364418029785156e-07, "Agent0_Epoch35": 3.5762786865234375e-07, "Agent1_Epoch35": 2.980232238769531e-07, "Agent2_Epoch35": 3.5762786865234375e-07, "Agent3_Epoch35": 3.5762786865234375e-07, "Agent4_Epoch35": 3.5762786865234375e-07, "Agent0_Epoch36": 1.7881393432617188e-07, "Agent1_Epoch36": 1.7881393432617188e-07, "Agent2_Epoch36": 2.980232238769531e-07, "Agent3_Epoch36": 2.980232238769531e-07, "Agent4_Epoch36": 3.5762786865234375e-07, "Agent0_Epoch37": 0.0, "Agent1_Epoch37": 1.7881393432617188e-07, "Agent2_Epoch37": 1.1920928955078125e-07, "Agent3_Epoch37": 0.0, "Agent4_Epoch37": 0.0, "Agent0_Epoch38": 0.0, "Agent1_Epoch38": 1.7881393432617188e-07, "Agent2_Epoch38": 1.7881393432617188e-07, "Agent3_Epoch38": 1.1920928955078125e-07, "Agent4_Epoch38": 1.7881393432617188e-07, "Agent0_Epoch39": -1.1920928955078125e-07, "Agent1_Epoch39": 0.0, "Agent2_Epoch39": 0.0, "Agent3_Epoch39": 0.0, "Agent4_Epoch39": 1.1920928955078125e-07, "Agent0_Epoch40": 1.1920928955078125e-07, "Agent1_Epoch40": 1.1920928955078125e-07, "Agent2_Epoch40": 1.1920928955078125e-07, "Agent3_Epoch40": 0.0, "Agent4_Epoch40": 1.1920928955078125e-07,