{"E1_agent0_norm": 2.170012950897217, "E1_agent1_norm": 1.9780809879302979, "E1_agent2_norm": 1.9316552877426147, "E1_agent3_norm": 1.5934268236160278, "E1_agent4_norm": 2.3573691844940186, "E2_agent0_norm": 0.9733779430389404, "E2_agent1_norm": 0.9085186719894409, "E2_agent2_norm": 0.9216632843017578, "E2_agent3_norm": 0.8794901371002197, "E2_agent4_norm": 1.1019197702407837, "E3_agent0_norm": 0.6115805506706238, "E3_agent1_norm": 0.6070302128791809, "E3_agent2_norm": 0.4830474257469177, "E3_agent3_norm": 0.4712049663066864, "E3_agent4_norm": 0.725317120552063, "E4_agent0_norm": 0.5023823380470276, "E4_agent1_norm": 0.4030036926269531, "E4_agent2_norm": 0.37061360478401184, "E4_agent3_norm": 0.34432777762413025, "E4_agent4_norm": 0.4495256841182709, "E5_agent0_norm": 0.393371045589447, "E5_agent1_norm": 0.3071244955062866, "E5_agent2_norm": 0.30242547392845154, "E5_agent3_norm": 0.26958751678466797, "E5_agent4_norm": 0.3631630837917328, "E6_agent0_norm": 0.36633622646331787, "E6_agent1_norm": 0.22965285181999207, "E6_agent2_norm": 0.23596885800361633, "E6_agent3_norm": 0.23297619819641113, "E6_agent4_norm": 0.3156975209712982, "E7_agent0_norm": 0.3102968633174896, "E7_agent1_norm": 0.17733758687973022, "E7_agent2_norm": 0.15706411004066467, "E7_agent3_norm": 0.1506294459104538, "E7_agent4_norm": 0.26222676038742065, "E8_agent0_norm": 0.27383631467819214, "E8_agent1_norm": 0.14746256172657013, "E8_agent2_norm": 0.13628801703453064, "E8_agent3_norm": 0.12267251312732697, "E8_agent4_norm": 0.14152219891548157, "E9_agent0_norm": 0.26949238777160645, "E9_agent1_norm": 0.10711738467216492, "E9_agent2_norm": 0.10171543061733246, "E9_agent3_norm": 0.10626492649316788, "E9_agent4_norm": 0.11774394661188126, "E10_agent0_norm": 0.2414567768573761, "E10_agent1_norm": 0.09815853089094162, "E10_agent2_norm": 0.08896276354789734, "E10_agent3_norm": 0.09935013949871063, "E10_agent4_norm": 0.12750953435897827, "E11_agent0_norm": 0.22968140244483948, "E11_agent1_norm": 0.07659125328063965, "E11_agent2_norm": 0.07525879144668579, "E11_agent3_norm": 0.07363969087600708, "E11_agent4_norm": 0.08524491637945175, "E12_agent0_norm": 0.20561447739601135, "E12_agent1_norm": 0.06581094861030579, "E12_agent2_norm": 0.06667842715978622, "E12_agent3_norm": 0.07101905345916748, "E12_agent4_norm": 0.10640734434127808, "E13_agent0_norm": 0.182124525308609, "E13_agent1_norm": 0.0581984780728817, "E13_agent2_norm": 0.054904598742723465, "E13_agent3_norm": 0.060891419649124146, "E13_agent4_norm": 0.07851294428110123, "E14_agent0_norm": 0.1369953751564026, "E14_agent1_norm": 0.045298606157302856, "E14_agent2_norm": 0.04493989050388336, "E14_agent3_norm": 0.0496751107275486, "E14_agent4_norm": 0.061423178762197495, "E15_agent0_norm": 0.08915593475103378, "E15_agent1_norm": 0.03749469295144081, "E15_agent2_norm": 0.03728359192609787, "E15_agent3_norm": 0.05188203230500221, "E15_agent4_norm": 0.04806481674313545, "E16_agent0_norm": 0.06787604093551636, "E16_agent1_norm": 0.024423295632004738, "E16_agent2_norm": 0.024296903982758522, "E16_agent3_norm": 0.03054015338420868, "E16_agent4_norm": 0.06112692132592201, "E17_agent0_norm": 0.050441090017557144, "E17_agent1_norm": 0.018008939921855927, "E17_agent2_norm": 0.016865771263837814, "E17_agent3_norm": 0.01788002997636795, "E17_agent4_norm": 0.027546891942620277, "E18_agent0_norm": 0.03694666922092438, "E18_agent1_norm": 0.012643364258110523, "E18_agent2_norm": 0.012424665503203869, "E18_agent3_norm": 0.01232493482530117, "E18_agent4_norm": 0.01864558830857277, "E19_agent0_norm": 0.026589050889015198, "E19_agent1_norm": 0.009487705305218697, "E19_agent2_norm": 0.008811961859464645, "E19_agent3_norm": 0.00890448596328497, "E19_agent4_norm": 0.017201734706759453, "E20_agent0_norm": 0.017482679337263107, "E20_agent1_norm": 0.00608080206438899, "E20_agent2_norm": 0.005918999668210745, "E20_agent3_norm": 0.0061692469753324986, "E20_agent4_norm": 0.006082908716052771, "E21_agent0_norm": 0.013256565667688847, "E21_agent1_norm": 0.004610033240169287, "E21_agent2_norm": 0.004345551133155823, "E21_agent3_norm": 0.0046758041717112064, "E21_agent4_norm": 0.007234761491417885, "E22_agent0_norm": 0.009589794091880322, "E22_agent1_norm": 0.003469078568741679, "E22_agent2_norm": 0.0033976095728576183, "E22_agent3_norm": 0.006048716604709625, "E22_agent4_norm": 0.008619698695838451, "E23_agent0_norm": 0.006288514938205481, "E23_agent1_norm": 0.0025471721310168505, "E23_agent2_norm": 0.0023308931849896908, "E23_agent3_norm": 0.0028014290146529675, "E23_agent4_norm": 0.0022655604407191277, "E24_agent0_norm": 0.0050756786949932575, "E24_agent1_norm": 0.0016452472191303968, "E24_agent2_norm": 0.0015868006739765406, "E24_agent3_norm": 0.001508887391537428, "E24_agent4_norm": 0.0019196210196241736, "E25_agent0_norm": 0.0036171814426779747, "E25_agent1_norm": 0.0012102784821763635, "E25_agent2_norm": 0.0011407311540096998, "E25_agent3_norm": 0.0011143123265355825, "E25_agent4_norm": 0.0017020172672346234, "E26_agent0_norm": 0.0022144794929772615, "E26_agent1_norm": 0.000762391893658787, "E26_agent2_norm": 0.0007932675653137267, "E26_agent3_norm": 0.000849698728416115, "E26_agent4_norm": 0.0008196297567337751, "E27_agent0_norm": 0.0017075834330171347, "E27_agent1_norm": 0.0005747442482970655, "E27_agent2_norm": 0.000541487883310765, "E27_agent3_norm": 0.0005446409340947866, "E27_agent4_norm": 0.0006759048555977643, "E28_agent0_norm": 0.0011897278018295765, "E28_agent1_norm": 0.0003874264075420797, "E28_agent2_norm": 0.0003678230568766594, "E28_agent3_norm": 0.0003859512507915497, "E28_agent4_norm": 0.0005146140465512872, "E29_agent0_norm": 0.0008056777296587825, "E29_agent1_norm": 0.00027148888329975307, "E29_agent2_norm": 0.00027159208548255265, "E29_agent3_norm": 0.0003859899297822267, "E29_agent4_norm": 0.00045094051165506244, "E30_agent0_norm": 0.0006004684255458415, "E30_agent1_norm": 0.00020774554286617786, "E30_agent2_norm": 0.00021310019656084478, "E30_agent3_norm": 0.00028564504464156926, "E30_agent4_norm": 0.0003494254779070616, "E31_agent0_norm": 0.0004147543222643435, "E31_agent1_norm": 0.00013525073882192373, "E31_agent2_norm": 0.00013146584387868643, "E31_agent3_norm": 0.00013385496276896447, "E31_agent4_norm": 0.0002144117170246318, "E32_agent0_norm": 0.00028729334007948637, "E32_agent1_norm": 9.413041698280722e-05, "E32_agent2_norm": 9.329034219263121e-05, "E32_agent3_norm": 0.00012984023487661034, "E32_agent4_norm": 0.00018262046796735376, "E33_agent0_norm": 0.0001928997808136046, "E33_agent1_norm": 6.239934737095609e-05, "E33_agent2_norm": 6.387398025253788e-05, "E33_agent3_norm": 8.200234151445329e-05, "E33_agent4_norm": 8.642159809824079e-05, "E34_agent0_norm": 0.00015039868594612926, "E34_agent1_norm": 4.85089622088708e-05, "E34_agent2_norm": 4.7256839025067165e-05, "E34_agent3_norm": 6.85621562297456e-05, "E34_agent4_norm": 0.00013553239114116877, "E35_agent0_norm": 0.000101113946584519, "E35_agent1_norm": 3.367017052369192e-05, "E35_agent2_norm": 3.380611815373413e-05, "E35_agent3_norm": 4.8247540689771995e-05, "E35_agent4_norm": 4.3259322410449386e-05, "E36_agent0_norm": 6.974336429266259e-05, "E36_agent1_norm": 2.3516666260547936e-05, "E36_agent2_norm": 2.2478507162304595e-05, "E36_agent3_norm": 3.0417928428505547e-05, "E36_agent4_norm": 3.880166696035303e-05, "E37_agent0_norm": 4.885985254077241e-05, "E37_agent1_norm": 1.6916254026000388e-05, "E37_agent2_norm": 1.5598539903294295e-05, "E37_agent3_norm": 2.1777024812763557e-05, "E37_agent4_norm": 1.9186671124771237e-05, "E38_agent0_norm": 3.426347393542528e-05, "E38_agent1_norm": 1.1850691407744307e-05, "E38_agent2_norm": 1.1689578968798742e-05, "E38_agent3_norm": 2.1311039745341986e-05, "E38_agent4_norm": 1.713136225589551e-05, "E39_agent0_norm": 2.4766370188444853e-05, "E39_agent1_norm": 7.904648555268068e-06, "E39_agent2_norm": 7.717774678894784e-06, "E39_agent3_norm": 8.61959415487945e-06, "E39_agent4_norm": 1.5978823284967802e-05, "E40_agent0_norm": 1.8152271877625026e-05,