{"E1_agent0_norm": 2.2203609943389893, "E1_agent1_norm": 2.04841947555542, "E1_agent2_norm": 1.872707724571228, "E1_agent3_norm": 1.5699899196624756, "E1_agent4_norm": 2.311565637588501, "E2_agent0_norm": 0.821707010269165, "E2_agent1_norm": 0.8294158577919006, "E2_agent2_norm": 0.9005407691001892, "E2_agent3_norm": 0.851643979549408, "E2_agent4_norm": 0.9411303997039795, "E3_agent0_norm": 0.6216185688972473, "E3_agent1_norm": 0.5499523878097534, "E3_agent2_norm": 0.6781346797943115, "E3_agent3_norm": 0.42876091599464417, "E3_agent4_norm": 0.6157868504524231, "E4_agent0_norm": 0.5556896924972534, "E4_agent1_norm": 0.37840116024017334, "E4_agent2_norm": 0.36670875549316406, "E4_agent3_norm": 0.3282228410243988, "E4_agent4_norm": 0.4457801282405853, "E5_agent0_norm": 0.4178692698478699, "E5_agent1_norm": 0.30130958557128906, "E5_agent2_norm": 0.3218812346458435, "E5_agent3_norm": 0.27847421169281006, "E5_agent4_norm": 0.3041462004184723, "E6_agent0_norm": 0.40029627084732056, "E6_agent1_norm": 0.23672766983509064, "E6_agent2_norm": 0.23852092027664185, "E6_agent3_norm": 0.23713375627994537, "E6_agent4_norm": 0.3041020929813385, "E7_agent0_norm": 0.2770727574825287, "E7_agent1_norm": 0.1728505641222, "E7_agent2_norm": 0.1666392982006073, "E7_agent3_norm": 0.15299983322620392, "E7_agent4_norm": 0.18131659924983978, "E8_agent0_norm": 0.2835851013660431, "E8_agent1_norm": 0.1378791630268097, "E8_agent2_norm": 0.14078351855278015, "E8_agent3_norm": 0.12735913693904877, "E8_agent4_norm": 0.16964396834373474, "E9_agent0_norm": 0.29013267159461975, "E9_agent1_norm": 0.10745043307542801, "E9_agent2_norm": 0.10401241481304169, "E9_agent3_norm": 0.11120153963565826, "E9_agent4_norm": 0.12326332181692123, "E10_agent0_norm": 0.26823890209198, "E10_agent1_norm": 0.08083481341600418, "E10_agent2_norm": 0.08154016733169556, "E10_agent3_norm": 0.0854504182934761, "E10_agent4_norm": 0.10793360322713852, "E11_agent0_norm": 0.22632591426372528, "E11_agent1_norm": 0.07020122557878494, "E11_agent2_norm": 0.07085758447647095, "E11_agent3_norm": 0.06947171688079834, "E11_agent4_norm": 0.08145362138748169, "E12_agent0_norm": 0.22119665145874023, "E12_agent1_norm": 0.07157609611749649, "E12_agent2_norm": 0.06901957839727402, "E12_agent3_norm": 0.0796806663274765, "E12_agent4_norm": 0.10199882090091705, "E13_agent0_norm": 0.19464080035686493, "E13_agent1_norm": 0.056343965232372284, "E13_agent2_norm": 0.05395573377609253, "E13_agent3_norm": 0.05696781724691391, "E13_agent4_norm": 0.1101032942533493, "E14_agent0_norm": 0.14457249641418457, "E14_agent1_norm": 0.04587673023343086, "E14_agent2_norm": 0.04700801149010658, "E14_agent3_norm": 0.05694637820124626, "E14_agent4_norm": 0.08117912709712982, "E15_agent0_norm": 0.11579889804124832, "E15_agent1_norm": 0.03316766768693924, "E15_agent2_norm": 0.03481287136673927, "E15_agent3_norm": 0.03488259017467499, "E15_agent4_norm": 0.054586511105298996, "E16_agent0_norm": 0.07738449424505234, "E16_agent1_norm": 0.026099635288119316, "E16_agent2_norm": 0.025460457429289818, "E16_agent3_norm": 0.03389270231127739, "E16_agent4_norm": 0.06120280548930168, "E17_agent0_norm": 0.057049985975027084, "E17_agent1_norm": 0.016338210552930832, "E17_agent2_norm": 0.01640956848859787, "E17_agent3_norm": 0.01667913980782032, "E17_agent4_norm": 0.03921891003847122, "E18_agent0_norm": 0.04245002940297127, "E18_agent1_norm": 0.011956704780459404, "E18_agent2_norm": 0.011549054645001888, "E18_agent3_norm": 0.011674790643155575, "E18_agent4_norm": 0.02513498067855835, "E19_agent0_norm": 0.029682084918022156, "E19_agent1_norm": 0.00937472004443407, "E19_agent2_norm": 0.00901012122631073, "E19_agent3_norm": 0.013832706026732922, "E19_agent4_norm": 0.016314854845404625, "E20_agent0_norm": 0.02072162739932537, "E20_agent1_norm": 0.006195500958710909, "E20_agent2_norm": 0.005969523917883635, "E20_agent3_norm": 0.00925958901643753, "E20_agent4_norm": 0.011847035028040409, "E21_agent0_norm": 0.014341972768306732, "E21_agent1_norm": 0.004096894059330225, "E21_agent2_norm": 0.0042036185041069984, "E21_agent3_norm": 0.0068942829966545105, "E21_agent4_norm": 0.006256645079702139, "E22_agent0_norm": 0.010334575548768044, "E22_agent1_norm": 0.0027825445868074894, "E22_agent2_norm": 0.002800852060317993, "E22_agent3_norm": 0.002745324745774269, "E22_agent4_norm": 0.0031346811447292566, "E23_agent0_norm": 0.007689381949603558, "E23_agent1_norm": 0.0020929095335304737, "E23_agent2_norm": 0.0021239242050796747, "E23_agent3_norm": 0.003383747534826398, "E23_agent4_norm": 0.004043906461447477, "E24_agent0_norm": 0.005620134063065052, "E24_agent1_norm": 0.0014345626113936305, "E24_agent2_norm": 0.0014675285201519728, "E24_agent3_norm": 0.0019204849377274513, "E24_agent4_norm": 0.0035990893375128508, "E25_agent0_norm": 0.0037957520689815283, "E25_agent1_norm": 0.001027810387313366, "E25_agent2_norm": 0.0010004170471802354, "E25_agent3_norm": 0.0017670787638053298, "E25_agent4_norm": 0.0017524559516459703, "E26_agent0_norm": 0.002634897828102112, "E26_agent1_norm": 0.0008339424384757876, "E26_agent2_norm": 0.0006926802452653646, "E26_agent3_norm": 0.0007462879293598235, "E26_agent4_norm": 0.0007630619220435619, "E27_agent0_norm": 0.0019715933594852686, "E27_agent1_norm": 0.0005236401339061558, "E27_agent2_norm": 0.0005255966098047793, "E27_agent3_norm": 0.0008691412513144314, "E27_agent4_norm": 0.0006895991391502321, "E28_agent0_norm": 0.0013996954075992107, "E28_agent1_norm": 0.0003471541858743876, "E28_agent2_norm": 0.0003375642409082502, "E28_agent3_norm": 0.0003727638686541468, "E28_agent4_norm": 0.0008426381973549724, "E29_agent0_norm": 0.0009389284532517195, "E29_agent1_norm": 0.0002502386341802776, "E29_agent2_norm": 0.000246359093580395, "E29_agent3_norm": 0.00043716636719182134, "E29_agent4_norm": 0.0003715975326485932, "E30_agent0_norm": 0.0006671565352007747, "E30_agent1_norm": 0.0001669711055001244, "E30_agent2_norm": 0.0001833574497140944, "E30_agent3_norm": 0.0002950017515104264, "E30_agent4_norm": 0.000253086443990469, "E31_agent0_norm": 0.0004951017326675355, "E31_agent1_norm": 0.00014175241813063622, "E31_agent2_norm": 0.00013954374298918992, "E31_agent3_norm": 0.0003021122538484633, "E31_agent4_norm": 0.00037378346314653754, "E32_agent0_norm": 0.00033263248042203486, "E32_agent1_norm": 9.477732965024188e-05, "E32_agent2_norm": 8.671309478813782e-05, "E32_agent3_norm": 0.0001450528361601755, "E32_agent4_norm": 0.00011116037785541266, "E33_agent0_norm": 0.0002481456031091511, "E33_agent1_norm": 5.950384365860373e-05, "E33_agent2_norm": 5.9691770729841664e-05, "E33_agent3_norm": 6.15038225078024e-05, "E33_agent4_norm": 7.097918569343165e-05, "E34_agent0_norm": 0.00016974042227957398, "E34_agent1_norm": 4.1024712118087336e-05, "E34_agent2_norm": 4.4053595047444105e-05, "E34_agent3_norm": 4.226542296237312e-05, "E34_agent4_norm": 5.697334199794568e-05, "E35_agent0_norm": 0.00011580070713534951, "E35_agent1_norm": 2.790453982015606e-05, "E35_agent2_norm": 3.0122771931928582e-05, "E35_agent3_norm": 6.894181569805369e-05, "E35_agent4_norm": 4.472126602195203e-05, "E36_agent0_norm": 8.653021359350532e-05, "E36_agent1_norm": 2.1852665668120608e-05, "E36_agent2_norm": 2.1569016098510474e-05, "E36_agent3_norm": 3.193179509253241e-05, "E36_agent4_norm": 5.6109838624252006e-05, "E37_agent0_norm": 5.9319751017028466e-05, "E37_agent1_norm": 1.4981946151237935e-05, "E37_agent2_norm": 1.5933472241158597e-05, "E37_agent3_norm": 3.957239823648706e-05, "E37_agent4_norm": 2.8736454623867758e-05, "E38_agent0_norm": 4.1007875552168116e-05, "E38_agent1_norm": 1.0589230441837572e-05, "E38_agent2_norm": 1.0869290235859808e-05, "E38_agent3_norm": 1.384671668347437e-05, "E38_agent4_norm": 2.2183159671840258e-05, "E39_agent0_norm": 2.9718392397626303e-05, "E39_agent1_norm": 7.4932195275323465e-06, "E39_agent2_norm": 7.490415555366781e-06, "E39_agent3_norm": 9.942402357410174e-06, "E39_agent4_norm": 1.9220320609747432e-05, "E40_agent0_norm": 1.98617981368443e-05,