{"Agent0_Epoch1": 0.28718191385269165, "Agent1_Epoch1": 0.29361462593078613, "Agent2_Epoch1": 0.9994524121284485, "Agent3_Epoch1": 0.9979715347290039, "Agent4_Epoch1": 0.9998853802680969, "Agent0_Epoch2": 0.056447505950927734, "Agent1_Epoch2": 0.2875179648399353, "Agent2_Epoch2": 0.2942248582839966, "Agent3_Epoch2": 0.2874653935432434, "Agent4_Epoch2": 0.29786813259124756, "Agent0_Epoch3": 0.03311365842819214, "Agent1_Epoch3": 0.13445895910263062, "Agent2_Epoch3": 0.13222956657409668, "Agent3_Epoch3": 0.13085800409317017, "Agent4_Epoch3": 0.13913607597351074, "Agent0_Epoch4": 0.020566165447235107, "Agent1_Epoch4": 0.06378155946731567, "Agent2_Epoch4": 0.06397819519042969, "Agent3_Epoch4": 0.06454163789749146, "Agent4_Epoch4": 0.06971919536590576, "Agent0_Epoch5": 0.013238787651062012, "Agent1_Epoch5": 0.032577693462371826, "Agent2_Epoch5": 0.03481370210647583, "Agent3_Epoch5": 0.03315252065658569, "Agent4_Epoch5": 0.032980263233184814, "Agent0_Epoch6": 0.009117364883422852, "Agent1_Epoch6": 0.018603622913360596, "Agent2_Epoch6": 0.019875049591064453, "Agent3_Epoch6": 0.016680002212524414, "Agent4_Epoch6": 0.020975768566131592, "Agent0_Epoch7": 0.006670117378234863, "Agent1_Epoch7": 0.011769533157348633, "Agent2_Epoch7": 0.011677563190460205, "Agent3_Epoch7": 0.011135876178741455, "Agent4_Epoch7": 0.012175202369689941, "Agent0_Epoch8": 0.005109846591949463, "Agent1_Epoch8": 0.00803917646408081, "Agent2_Epoch8": 0.008206069469451904, "Agent3_Epoch8": 0.007975161075592041, "Agent4_Epoch8": 0.00856107473373413, "Agent0_Epoch9": 0.004056870937347412, "Agent1_Epoch9": 0.005836367607116699, "Agent2_Epoch9": 0.006134748458862305, "Agent3_Epoch9": 0.005576789379119873, "Agent4_Epoch9": 0.006107985973358154, "Agent0_Epoch10": 0.003473043441772461, "Agent1_Epoch10": 0.0046593546867370605, "Agent2_Epoch10": 0.004660546779632568, "Agent3_Epoch10": 0.003994166851043701, "Agent4_Epoch10": 0.004642665386199951, "Agent0_Epoch11": 0.0029813051223754883, "Agent1_Epoch11": 0.0037825703620910645, "Agent2_Epoch11": 0.004097342491149902, "Agent3_Epoch11": 0.003335237503051758, "Agent4_Epoch11": 0.0039411187171936035, "Agent0_Epoch12": 0.002663910388946533, "Agent1_Epoch12": 0.0032351016998291016, "Agent2_Epoch12": 0.0033025741577148438, "Agent3_Epoch12": 0.002766132354736328, "Agent4_Epoch12": 0.0032154321670532227, "Agent0_Epoch13": 0.00228118896484375, "Agent1_Epoch13": 0.0026747584342956543, "Agent2_Epoch13": 0.0026835203170776367, "Agent3_Epoch13": 0.0021317601203918457, "Agent4_Epoch13": 0.0026810169219970703, "Agent0_Epoch14": 0.0018546581268310547, "Agent1_Epoch14": 0.002114415168762207, "Agent2_Epoch14": 0.002125978469848633, "Agent3_Epoch14": 0.0021890997886657715, "Agent4_Epoch14": 0.00251692533493042, "Agent0_Epoch15": 0.0015030503273010254, "Agent1_Epoch15": 0.0016751885414123535, "Agent2_Epoch15": 0.0016220808029174805, "Agent3_Epoch15": 0.0012988448143005371, "Agent4_Epoch15": 0.0020633935928344727, "Agent0_Epoch16": 0.0011355876922607422, "Agent1_Epoch16": 0.0012423396110534668, "Agent2_Epoch16": 0.0012004375457763672, "Agent3_Epoch16": 0.0011761188507080078, "Agent4_Epoch16": 0.001365363597869873, "Agent0_Epoch17": 0.0008431077003479004, "Agent1_Epoch17": 0.0009084343910217285, "Agent2_Epoch17": 0.0008725523948669434, "Agent3_Epoch17": 0.0008613467216491699, "Agent4_Epoch17": 0.0010253190994262695, "Agent0_Epoch18": 0.0005993843078613281, "Agent1_Epoch18": 0.0006376504898071289, "Agent2_Epoch18": 0.0006366372108459473, "Agent3_Epoch18": 0.0006597638130187988, "Agent4_Epoch18": 0.0007154941558837891, "Agent0_Epoch19": 0.0004298686981201172, "Agent1_Epoch19": 0.00045228004455566406, "Agent2_Epoch19": 0.0004279017448425293, "Agent3_Epoch19": 0.0004228949546813965, "Agent4_Epoch19": 0.0004863739013671875, "Agent0_Epoch20": 0.0002962946891784668, "Agent1_Epoch20": 0.0003089308738708496, "Agent2_Epoch20": 0.0003040432929992676, "Agent3_Epoch20": 0.0002903938293457031, "Agent4_Epoch20": 0.00031006336212158203, "Agent0_Epoch21": 0.0001996755599975586, "Agent1_Epoch21": 0.0002065896987915039, "Agent2_Epoch21": 0.00020545721054077148, "Agent3_Epoch21": 0.0002048015594482422, "Agent4_Epoch21": 0.00021189451217651367, "Agent0_Epoch22": 0.00013464689254760742, "Agent1_Epoch22": 0.0001385211944580078, "Agent2_Epoch22": 0.0001386404037475586, "Agent3_Epoch22": 0.00013017654418945312, "Agent4_Epoch22": 0.0001385211944580078, "Agent0_Epoch23": 8.96453857421875e-05, "Agent1_Epoch23": 9.179115295410156e-05, "Agent2_Epoch23": 9.161233901977539e-05, "Agent3_Epoch23": 8.672475814819336e-05, "Agent4_Epoch23": 9.369850158691406e-05, "Agent0_Epoch24": 5.9664249420166016e-05, "Agent1_Epoch24": 6.073713302612305e-05, "Agent2_Epoch24": 6.020069122314453e-05, "Agent3_Epoch24": 5.984306335449219e-05, "Agent4_Epoch24": 6.330013275146484e-05, "Agent0_Epoch25": 3.9637088775634766e-05, "Agent1_Epoch25": 4.023313522338867e-05, "Agent2_Epoch25": 3.993511199951172e-05, "Agent3_Epoch25": 3.987550735473633e-05, "Agent4_Epoch25": 4.100799560546875e-05, "Agent0_Epoch26": 2.6106834411621094e-05, "Agent1_Epoch26": 2.6404857635498047e-05, "Agent2_Epoch26": 2.6524066925048828e-05, "Agent3_Epoch26": 2.586841583251953e-05, "Agent4_Epoch26": 2.682209014892578e-05, "Agent0_Epoch27": 1.722574234008789e-05, "Agent1_Epoch27": 1.7404556274414062e-05, "Agent2_Epoch27": 1.722574234008789e-05, "Agent3_Epoch27": 1.6748905181884766e-05, "Agent4_Epoch27": 1.7523765563964844e-05, "Agent0_Epoch28": 1.1146068572998047e-05, "Agent1_Epoch28": 1.1265277862548828e-05, "Agent2_Epoch28": 1.1205673217773438e-05, "Agent3_Epoch28": 1.1086463928222656e-05, "Agent4_Epoch28": 1.1622905731201172e-05, "Agent0_Epoch29": 7.450580596923828e-06, "Agent1_Epoch29": 7.450580596923828e-06, "Agent2_Epoch29": 7.3909759521484375e-06, "Agent3_Epoch29": 7.3909759521484375e-06, "Agent4_Epoch29": 7.3909759521484375e-06, "Agent0_Epoch30": 4.76837158203125e-06, "Agent1_Epoch30": 4.887580871582031e-06, "Agent2_Epoch30": 4.76837158203125e-06, "Agent3_Epoch30": 4.708766937255859e-06, "Agent4_Epoch30": 4.887580871582031e-06, "Agent0_Epoch31": 3.0994415283203125e-06, "Agent1_Epoch31": 3.2186508178710938e-06, "Agent2_Epoch31": 3.039836883544922e-06, "Agent3_Epoch31": 3.159046173095703e-06, "Agent4_Epoch31": 3.159046173095703e-06, "Agent0_Epoch32": 2.0265579223632812e-06, "Agent1_Epoch32": 2.1457672119140625e-06, "Agent2_Epoch32": 2.0265579223632812e-06, "Agent3_Epoch32": 1.9073486328125e-06, "Agent4_Epoch32": 2.1457672119140625e-06, "Agent0_Epoch33": 1.3113021850585938e-06, "Agent1_Epoch33": 1.1920928955078125e-06, "Agent2_Epoch33": 1.1920928955078125e-06, "Agent3_Epoch33": 1.3709068298339844e-06, "Agent4_Epoch33": 1.3709068298339844e-06, "Agent0_Epoch34": 8.344650268554688e-07, "Agent1_Epoch34": 8.344650268554688e-07, "Agent2_Epoch34": 8.344650268554688e-07, "Agent3_Epoch34": 8.940696716308594e-07, "Agent4_Epoch34": 1.0132789611816406e-06, "Agent0_Epoch35": 4.76837158203125e-07, "Agent1_Epoch35": 5.364418029785156e-07, "Agent2_Epoch35": 5.364418029785156e-07, "Agent3_Epoch35": 4.76837158203125e-07, "Agent4_Epoch35": 5.364418029785156e-07, "Agent0_Epoch36": 3.5762786865234375e-07, "Agent1_Epoch36": 4.76837158203125e-07, "Agent2_Epoch36": 4.76837158203125e-07, "Agent3_Epoch36": 2.980232238769531e-07, "Agent4_Epoch36": 1.7881393432617188e-07, "Agent0_Epoch37": 1.7881393432617188e-07, "Agent1_Epoch37": 1.7881393432617188e-07, "Agent2_Epoch37": 1.7881393432617188e-07, "Agent3_Epoch37": 2.980232238769531e-07, "Agent4_Epoch37": 1.1920928955078125e-07, "Agent0_Epoch38": 2.980232238769531e-07, "Agent1_Epoch38": 1.1920928955078125e-07, "Agent2_Epoch38": 1.1920928955078125e-07, "Agent3_Epoch38": 2.980232238769531e-07, "Agent4_Epoch38": 1.1920928955078125e-07, "Agent0_Epoch39": 1.7881393432617188e-07, "Agent1_Epoch39": 1.7881393432617188e-07, "Agent2_Epoch39": 1.7881393432617188e-07, "Agent3_Epoch39": 1.1920928955078125e-07, "Agent4_Epoch39": 1.7881393432617188e-07, "Agent0_Epoch40": 1.1920928955078125e-07, "Agent1_Epoch40": 0.0,