{"Agent0_Epoch1": 0.29301297664642334, "Agent1_Epoch1": 0.29313820600509644, "Agent2_Epoch1": 0.9925762414932251, "Agent3_Epoch1": 0.9965329170227051, "Agent4_Epoch1": 0.9974056482315063, "Agent0_Epoch2": 0.055879950523376465, "Agent1_Epoch2": 0.2875719666481018, "Agent2_Epoch2": 0.30483055114746094, "Agent3_Epoch2": 0.2955593466758728, "Agent4_Epoch2": 0.29554492235183716, "Agent0_Epoch3": 0.033035874366760254, "Agent1_Epoch3": 0.13321101665496826, "Agent2_Epoch3": 0.13660413026809692, "Agent3_Epoch3": 0.13140475749969482, "Agent4_Epoch3": 0.13816994428634644, "Agent0_Epoch4": 0.0198899507522583, "Agent1_Epoch4": 0.06153374910354614, "Agent2_Epoch4": 0.06565392017364502, "Agent3_Epoch4": 0.06311321258544922, "Agent4_Epoch4": 0.06961756944656372, "Agent0_Epoch5": 0.013494670391082764, "Agent1_Epoch5": 0.03313201665878296, "Agent2_Epoch5": 0.03324621915817261, "Agent3_Epoch5": 0.03069669008255005, "Agent4_Epoch5": 0.03631347417831421, "Agent0_Epoch6": 0.008960366249084473, "Agent1_Epoch6": 0.018218278884887695, "Agent2_Epoch6": 0.020427584648132324, "Agent3_Epoch6": 0.018530070781707764, "Agent4_Epoch6": 0.02055138349533081, "Agent0_Epoch7": 0.00681382417678833, "Agent1_Epoch7": 0.011985242366790771, "Agent2_Epoch7": 0.012050449848175049, "Agent3_Epoch7": 0.011305570602416992, "Agent4_Epoch7": 0.01300358772277832, "Agent0_Epoch8": 0.00519716739654541, "Agent1_Epoch8": 0.00814586877822876, "Agent2_Epoch8": 0.00805354118347168, "Agent3_Epoch8": 0.007769763469696045, "Agent4_Epoch8": 0.008801937103271484, "Agent0_Epoch9": 0.004092574119567871, "Agent1_Epoch9": 0.005864858627319336, "Agent2_Epoch9": 0.005882322788238525, "Agent3_Epoch9": 0.005983412265777588, "Agent4_Epoch9": 0.0063953399658203125, "Agent0_Epoch10": 0.003503859043121338, "Agent1_Epoch10": 0.004680812358856201, "Agent2_Epoch10": 0.004532873630523682, "Agent3_Epoch10": 0.004169583320617676, "Agent4_Epoch10": 0.0047820210456848145, "Agent0_Epoch11": 0.0029453039169311523, "Agent1_Epoch11": 0.0037238001823425293, "Agent2_Epoch11": 0.0035144686698913574, "Agent3_Epoch11": 0.002959311008453369, "Agent4_Epoch11": 0.004082620143890381, "Agent0_Epoch12": 0.002534806728363037, "Agent1_Epoch12": 0.0030683279037475586, "Agent2_Epoch12": 0.002869844436645508, "Agent3_Epoch12": 0.002559065818786621, "Agent4_Epoch12": 0.003298342227935791, "Agent0_Epoch13": 0.0020972490310668945, "Agent1_Epoch13": 0.002452254295349121, "Agent2_Epoch13": 0.002375364303588867, "Agent3_Epoch13": 0.002033829689025879, "Agent4_Epoch13": 0.002793550491333008, "Agent0_Epoch14": 0.0016505718231201172, "Agent1_Epoch14": 0.0018769502639770508, "Agent2_Epoch14": 0.0018994808197021484, "Agent3_Epoch14": 0.0016174912452697754, "Agent4_Epoch14": 0.0019052624702453613, "Agent0_Epoch15": 0.0012500882148742676, "Agent1_Epoch15": 0.001389920711517334, "Agent2_Epoch15": 0.001377403736114502, "Agent3_Epoch15": 0.0013268589973449707, "Agent4_Epoch15": 0.0015901923179626465, "Agent0_Epoch16": 0.0009291768074035645, "Agent1_Epoch16": 0.0010139942169189453, "Agent2_Epoch16": 0.0010239481925964355, "Agent3_Epoch16": 0.0009276866912841797, "Agent4_Epoch16": 0.0010842680931091309, "Agent0_Epoch17": 0.0006657242774963379, "Agent1_Epoch17": 0.0007153153419494629, "Agent2_Epoch17": 0.0007377862930297852, "Agent3_Epoch17": 0.000695645809173584, "Agent4_Epoch17": 0.0007892847061157227, "Agent0_Epoch18": 0.00047641992568969727, "Agent1_Epoch18": 0.0005056262016296387, "Agent2_Epoch18": 0.000507056713104248, "Agent3_Epoch18": 0.0004884004592895508, "Agent4_Epoch18": 0.0006197094917297363, "Agent0_Epoch19": 0.00033932924270629883, "Agent1_Epoch19": 0.00035625696182250977, "Agent2_Epoch19": 0.00035881996154785156, "Agent3_Epoch19": 0.00033354759216308594, "Agent4_Epoch19": 0.0003619194030761719, "Agent0_Epoch20": 0.00023156404495239258, "Agent1_Epoch20": 0.0002409219741821289, "Agent2_Epoch20": 0.0002452731132507324, "Agent3_Epoch20": 0.0002270340919494629, "Agent4_Epoch20": 0.00024902820587158203, "Agent0_Epoch21": 0.00015693902969360352, "Agent1_Epoch21": 0.00016236305236816406, "Agent2_Epoch21": 0.0001627206802368164, "Agent3_Epoch21": 0.00015550851821899414, "Agent4_Epoch21": 0.0001736283302307129, "Agent0_Epoch22": 0.00010627508163452148, "Agent1_Epoch22": 0.00010925531387329102, "Agent2_Epoch22": 0.00010955333709716797, "Agent3_Epoch22": 0.00010406970977783203, "Agent4_Epoch22": 0.00011307001113891602, "Agent0_Epoch23": 7.140636444091797e-05, "Agent1_Epoch23": 7.283687591552734e-05, "Agent2_Epoch23": 7.2479248046875e-05, "Agent3_Epoch23": 6.830692291259766e-05, "Agent4_Epoch23": 7.677078247070312e-05, "Agent0_Epoch24": 4.744529724121094e-05, "Agent1_Epoch24": 4.8100948333740234e-05, "Agent2_Epoch24": 4.8279762268066406e-05, "Agent3_Epoch24": 4.774332046508789e-05, "Agent4_Epoch24": 4.9054622650146484e-05, "Agent0_Epoch25": 3.141164779663086e-05, "Agent1_Epoch25": 3.1888484954833984e-05, "Agent2_Epoch25": 3.2067298889160156e-05, "Agent3_Epoch25": 3.2067298889160156e-05, "Agent4_Epoch25": 3.266334533691406e-05, "Agent0_Epoch26": 2.0802021026611328e-05, "Agent1_Epoch26": 2.110004425048828e-05, "Agent2_Epoch26": 2.110004425048828e-05, "Agent3_Epoch26": 2.110004425048828e-05, "Agent4_Epoch26": 2.110004425048828e-05, "Agent0_Epoch27": 1.3649463653564453e-05, "Agent1_Epoch27": 1.3887882232666016e-05, "Agent2_Epoch27": 1.3768672943115234e-05, "Agent3_Epoch27": 1.3530254364013672e-05, "Agent4_Epoch27": 1.4066696166992188e-05, "Agent0_Epoch28": 8.821487426757812e-06, "Agent1_Epoch28": 8.940696716308594e-06, "Agent2_Epoch28": 8.821487426757812e-06, "Agent3_Epoch28": 8.821487426757812e-06, "Agent4_Epoch28": 8.940696716308594e-06, "Agent0_Epoch29": 5.841255187988281e-06, "Agent1_Epoch29": 6.020069122314453e-06, "Agent2_Epoch29": 5.9604644775390625e-06, "Agent3_Epoch29": 5.841255187988281e-06, "Agent4_Epoch29": 6.139278411865234e-06, "Agent0_Epoch30": 3.814697265625e-06, "Agent1_Epoch30": 3.874301910400391e-06, "Agent2_Epoch30": 3.874301910400391e-06, "Agent3_Epoch30": 3.814697265625e-06, "Agent4_Epoch30": 3.993511199951172e-06, "Agent0_Epoch31": 2.5033950805664062e-06, "Agent1_Epoch31": 2.5033950805664062e-06, "Agent2_Epoch31": 2.5033950805664062e-06, "Agent3_Epoch31": 2.5033950805664062e-06, "Agent4_Epoch31": 2.6226043701171875e-06, "Agent0_Epoch32": 1.5497207641601562e-06, "Agent1_Epoch32": 1.6689300537109375e-06, "Agent2_Epoch32": 1.4901161193847656e-06, "Agent3_Epoch32": 1.4901161193847656e-06, "Agent4_Epoch32": 1.5497207641601562e-06, "Agent0_Epoch33": 1.0132789611816406e-06, "Agent1_Epoch33": 1.1324882507324219e-06, "Agent2_Epoch33": 1.1324882507324219e-06, "Agent3_Epoch33": 1.0132789611816406e-06, "Agent4_Epoch33": 1.1324882507324219e-06, "Agent0_Epoch34": 7.152557373046875e-07, "Agent1_Epoch34": 6.556510925292969e-07, "Agent2_Epoch34": 7.152557373046875e-07, "Agent3_Epoch34": 8.344650268554688e-07, "Agent4_Epoch34": 7.152557373046875e-07, "Agent0_Epoch35": 4.76837158203125e-07, "Agent1_Epoch35": 4.76837158203125e-07, "Agent2_Epoch35": 3.5762786865234375e-07, "Agent3_Epoch35": 3.5762786865234375e-07, "Agent4_Epoch35": 4.76837158203125e-07, "Agent0_Epoch36": 2.980232238769531e-07, "Agent1_Epoch36": 1.7881393432617188e-07, "Agent2_Epoch36": 2.980232238769531e-07, "Agent3_Epoch36": 3.5762786865234375e-07, "Agent4_Epoch36": 2.980232238769531e-07, "Agent0_Epoch37": 1.7881393432617188e-07, "Agent1_Epoch37": 1.7881393432617188e-07, "Agent2_Epoch37": 1.1920928955078125e-07, "Agent3_Epoch37": 1.1920928955078125e-07, "Agent4_Epoch37": 1.7881393432617188e-07, "Agent0_Epoch38": 1.7881393432617188e-07, "Agent1_Epoch38": 1.7881393432617188e-07, "Agent2_Epoch38": 1.7881393432617188e-07, "Agent3_Epoch38": 1.7881393432617188e-07, "Agent4_Epoch38": 1.7881393432617188e-07, "Agent0_Epoch39": 1.1920928955078125e-07, "Agent1_Epoch39": 1.1920928955078125e-07, "Agent2_Epoch39": 1.7881393432617188e-07, "Agent3_Epoch39": 1.1920928955078125e-07, "Agent4_Epoch39": 1.1920928955078125e-07, "Agent0_Epoch40": 0.0, "Agent1_Epoch40": 0.0, "Agent2_Epoch40": 0.0,