{"E1_agent0_norm": 2.230511426925659, "E1_agent1_norm": 2.057537317276001, "E1_agent2_norm": 2.0225465297698975, "E1_agent3_norm": 1.601280927658081, "E1_agent4_norm": 2.273803472518921, "E2_agent0_norm": 0.8845459818840027, "E2_agent1_norm": 0.8849531412124634, "E2_agent2_norm": 0.8683698773384094, "E2_agent3_norm": 0.8730460405349731, "E2_agent4_norm": 0.986221969127655, "E3_agent0_norm": 0.6239894032478333, "E3_agent1_norm": 0.5386868715286255, "E3_agent2_norm": 0.4394649565219879, "E3_agent3_norm": 0.4017637073993683, "E3_agent4_norm": 0.5013401508331299, "E4_agent0_norm": 0.5036851167678833, "E4_agent1_norm": 0.35140034556388855, "E4_agent2_norm": 0.33747246861457825, "E4_agent3_norm": 0.35965418815612793, "E4_agent4_norm": 0.40708279609680176, "E5_agent0_norm": 0.37639307975769043, "E5_agent1_norm": 0.27428680658340454, "E5_agent2_norm": 0.28268858790397644, "E5_agent3_norm": 0.2978723347187042, "E5_agent4_norm": 0.36034226417541504, "E6_agent0_norm": 0.3271998167037964, "E6_agent1_norm": 0.20660965144634247, "E6_agent2_norm": 0.19669504463672638, "E6_agent3_norm": 0.17835085093975067, "E6_agent4_norm": 0.25433415174484253, "E7_agent0_norm": 0.30674201250076294, "E7_agent1_norm": 0.16270574927330017, "E7_agent2_norm": 0.16353581845760345, "E7_agent3_norm": 0.17051132023334503, "E7_agent4_norm": 0.1886855661869049, "E8_agent0_norm": 0.2776847779750824, "E8_agent1_norm": 0.13085365295410156, "E8_agent2_norm": 0.135951429605484, "E8_agent3_norm": 0.12345513701438904, "E8_agent4_norm": 0.1494661569595337, "E9_agent0_norm": 0.2728462219238281, "E9_agent1_norm": 0.10212407261133194, "E9_agent2_norm": 0.10699216276407242, "E9_agent3_norm": 0.11393038183450699, "E9_agent4_norm": 0.11992025375366211, "E10_agent0_norm": 0.27208420634269714, "E10_agent1_norm": 0.08925392478704453, "E10_agent2_norm": 0.09473220258951187, "E10_agent3_norm": 0.09436187893152237, "E10_agent4_norm": 0.11742306500673294, "E11_agent0_norm": 0.22248610854148865, "E11_agent1_norm": 0.0728379413485527, "E11_agent2_norm": 0.06976339966058731, "E11_agent3_norm": 0.07648810744285583, "E11_agent4_norm": 0.1345614641904831, "E12_agent0_norm": 0.21169233322143555, "E12_agent1_norm": 0.06544385105371475, "E12_agent2_norm": 0.06473920494318008, "E12_agent3_norm": 0.06469307094812393, "E12_agent4_norm": 0.11363214254379272, "E13_agent0_norm": 0.18275389075279236, "E13_agent1_norm": 0.06402444839477539, "E13_agent2_norm": 0.06331188976764679, "E13_agent3_norm": 0.07778047025203705, "E13_agent4_norm": 0.10783383250236511, "E14_agent0_norm": 0.13918697834014893, "E14_agent1_norm": 0.04841623455286026, "E14_agent2_norm": 0.04667952284216881, "E14_agent3_norm": 0.057365961372852325, "E14_agent4_norm": 0.06806503981351852, "E15_agent0_norm": 0.11364992707967758, "E15_agent1_norm": 0.033571042120456696, "E15_agent2_norm": 0.03205494210124016, "E15_agent3_norm": 0.035919513553380966, "E15_agent4_norm": 0.054970353841781616, "E16_agent0_norm": 0.08285786211490631, "E16_agent1_norm": 0.024827351793646812, "E16_agent2_norm": 0.023789770901203156, "E16_agent3_norm": 0.027181731536984444, "E16_agent4_norm": 0.036702994257211685, "E17_agent0_norm": 0.05577952414751053, "E17_agent1_norm": 0.017315907403826714, "E17_agent2_norm": 0.015907205641269684, "E17_agent3_norm": 0.01932498626410961, "E17_agent4_norm": 0.025397470220923424, "E18_agent0_norm": 0.038544174283742905, "E18_agent1_norm": 0.015062114223837852, "E18_agent2_norm": 0.014512858353555202, "E18_agent3_norm": 0.025255225598812103, "E18_agent4_norm": 0.020422792062163353, "E19_agent0_norm": 0.027130914852023125, "E19_agent1_norm": 0.01074454840272665, "E19_agent2_norm": 0.011433939449489117, "E19_agent3_norm": 0.01687682792544365, "E19_agent4_norm": 0.01109482441097498, "E20_agent0_norm": 0.021823430433869362, "E20_agent1_norm": 0.006439248099923134, "E20_agent2_norm": 0.005884076468646526, "E20_agent3_norm": 0.0070023383013904095, "E20_agent4_norm": 0.0076877642422914505, "E21_agent0_norm": 0.015467442572116852, "E21_agent1_norm": 0.00463371304795146, "E21_agent2_norm": 0.0041616628877818584, "E21_agent3_norm": 0.004943758249282837, "E21_agent4_norm": 0.01245717890560627, "E22_agent0_norm": 0.011355506256222725, "E22_agent1_norm": 0.0034372848458588123, "E22_agent2_norm": 0.003037050599232316, "E22_agent3_norm": 0.004048650152981281, "E22_agent4_norm": 0.00749673368409276, "E23_agent0_norm": 0.0076920874416828156, "E23_agent1_norm": 0.002727491781115532, "E23_agent2_norm": 0.002610584953799844, "E23_agent3_norm": 0.0048422073014080524, "E23_agent4_norm": 0.004223025403916836, "E24_agent0_norm": 0.005542362108826637, "E24_agent1_norm": 0.0016198026714846492, "E24_agent2_norm": 0.0014330800622701645, "E24_agent3_norm": 0.0017240300076082349, "E24_agent4_norm": 0.0021697862539440393, "E25_agent0_norm": 0.003327916609123349, "E25_agent1_norm": 0.001131015713326633, "E25_agent2_norm": 0.0009472542442381382, "E25_agent3_norm": 0.0014617081033065915, "E25_agent4_norm": 0.0017301294719800353, "E26_agent0_norm": 0.002809857949614525, "E26_agent1_norm": 0.0008043572888709605, "E26_agent2_norm": 0.0006852670339867473, "E26_agent3_norm": 0.0008416815544478595, "E26_agent4_norm": 0.0009199504856951535, "E27_agent0_norm": 0.0020880831871181726, "E27_agent1_norm": 0.0006076904246583581, "E27_agent2_norm": 0.0005910217296332121, "E27_agent3_norm": 0.0006088783266022801, "E27_agent4_norm": 0.0012508200015872717, "E28_agent0_norm": 0.0014265819918364286, "E28_agent1_norm": 0.00041764043271541595, "E28_agent2_norm": 0.00039466371526941657, "E28_agent3_norm": 0.0006584626971744001, "E28_agent4_norm": 0.0008745526429265738, "E29_agent0_norm": 0.0009174463339149952, "E29_agent1_norm": 0.00026607801555655897, "E29_agent2_norm": 0.0002486448211129755, "E29_agent3_norm": 0.00040272236219607294, "E29_agent4_norm": 0.0003406602190807462, "E30_agent0_norm": 0.0006209185812622309, "E30_agent1_norm": 0.0001788502704584971, "E30_agent2_norm": 0.0001813593553379178, "E30_agent3_norm": 0.00019468249229248613, "E30_agent4_norm": 0.00017349673726130277, "E31_agent0_norm": 0.00047657257528044283, "E31_agent1_norm": 0.0001428740069968626, "E31_agent2_norm": 0.0001381089969072491, "E31_agent3_norm": 0.00022095430176705122, "E31_agent4_norm": 0.00024397294328082353, "E32_agent0_norm": 0.000347794295521453, "E32_agent1_norm": 0.00010362259490648285, "E32_agent2_norm": 8.748885738896206e-05, "E32_agent3_norm": 0.00010087178088724613, "E32_agent4_norm": 0.00022083689691498876, "E33_agent0_norm": 0.0002369184367125854, "E33_agent1_norm": 6.817166286054999e-05, "E33_agent2_norm": 5.983248047414236e-05, "E33_agent3_norm": 7.848583481973037e-05, "E33_agent4_norm": 8.354579040315002e-05, "E34_agent0_norm": 0.00017011078307405114, "E34_agent1_norm": 4.88470759592019e-05, "E34_agent2_norm": 4.302318120608106e-05, "E34_agent3_norm": 5.412245445768349e-05, "E34_agent4_norm": 9.925812628353015e-05, "E35_agent0_norm": 0.00011554853699635714, "E35_agent1_norm": 3.460803418420255e-05, "E35_agent2_norm": 3.126039882772602e-05, "E35_agent3_norm": 5.868769221706316e-05, "E35_agent4_norm": 4.257783803041093e-05, "E36_agent0_norm": 8.175712719094008e-05, "E36_agent1_norm": 2.3353033611783758e-05, "E36_agent2_norm": 2.002060500672087e-05, "E36_agent3_norm": 2.455518551869318e-05, "E36_agent4_norm": 2.637764009705279e-05, "E37_agent0_norm": 5.790111026726663e-05, "E37_agent1_norm": 1.6779171346570365e-05, "E37_agent2_norm": 1.5371866538771428e-05, "E37_agent3_norm": 2.815897278196644e-05, "E37_agent4_norm": 4.416394222062081e-05, "E38_agent0_norm": 4.049807830597274e-05, "E38_agent1_norm": 1.1397523849154823e-05, "E38_agent2_norm": 9.922998287947848e-06, "E38_agent3_norm": 1.2462975064408965e-05, "E38_agent4_norm": 2.1102236132719554e-05, "E39_agent0_norm": 2.6916717615677044e-05, "E39_agent1_norm": 7.947913218231406e-06, "E39_agent2_norm": 7.865083716751542e-06, "E39_agent3_norm": 8.471884029859211e-06, "E39_agent4_norm": 1.566662649565842e-05, "E40_agent0_norm": 1.9014491044799797e-05,