{"E1_agent0_norm": 2.0872647762298584, "E1_agent1_norm": 1.9407415390014648, "E1_agent2_norm": 1.9715981483459473, "E1_agent3_norm": 1.852468490600586, "E1_agent4_norm": 1.869593858718872, "E2_agent0_norm": 0.6450640559196472, "E2_agent1_norm": 0.8169544339179993, "E2_agent2_norm": 0.8108252286911011, "E2_agent3_norm": 0.8457717895507812, "E2_agent4_norm": 1.0602967739105225, "E3_agent0_norm": 0.6562736630439758, "E3_agent1_norm": 0.4698604941368103, "E3_agent2_norm": 0.5470036864280701, "E3_agent3_norm": 0.43490639328956604, "E3_agent4_norm": 0.6549789309501648, "E4_agent0_norm": 0.5054647326469421, "E4_agent1_norm": 0.3519657254219055, "E4_agent2_norm": 0.35362786054611206, "E4_agent3_norm": 0.31361788511276245, "E4_agent4_norm": 0.5632369518280029, "E5_agent0_norm": 0.3639950156211853, "E5_agent1_norm": 0.28894925117492676, "E5_agent2_norm": 0.27315354347229004, "E5_agent3_norm": 0.23834550380706787, "E5_agent4_norm": 0.2541598081588745, "E6_agent0_norm": 0.2763558030128479, "E6_agent1_norm": 0.19762662053108215, "E6_agent2_norm": 0.23209087550640106, "E6_agent3_norm": 0.19132456183433533, "E6_agent4_norm": 0.23507867753505707, "E7_agent0_norm": 0.2876548171043396, "E7_agent1_norm": 0.15133999288082123, "E7_agent2_norm": 0.17432749271392822, "E7_agent3_norm": 0.1491299271583557, "E7_agent4_norm": 0.15351736545562744, "E8_agent0_norm": 0.24787820875644684, "E8_agent1_norm": 0.12211885303258896, "E8_agent2_norm": 0.14010320603847504, "E8_agent3_norm": 0.1087263971567154, "E8_agent4_norm": 0.13785375654697418, "E9_agent0_norm": 0.2165527045726776, "E9_agent1_norm": 0.09972888976335526, "E9_agent2_norm": 0.10779036581516266, "E9_agent3_norm": 0.0920499935746193, "E9_agent4_norm": 0.11599147319793701, "E10_agent0_norm": 0.22364994883537292, "E10_agent1_norm": 0.0923849567770958, "E10_agent2_norm": 0.08907432109117508, "E10_agent3_norm": 0.08183504641056061, "E10_agent4_norm": 0.11942494660615921, "E11_agent0_norm": 0.21104204654693604, "E11_agent1_norm": 0.07277366518974304, "E11_agent2_norm": 0.0822826623916626, "E11_agent3_norm": 0.07302142679691315, "E11_agent4_norm": 0.08341077715158463, "E12_agent0_norm": 0.19608084857463837, "E12_agent1_norm": 0.05994167551398277, "E12_agent2_norm": 0.06825125217437744, "E12_agent3_norm": 0.05856182053685188, "E12_agent4_norm": 0.08624047040939331, "E13_agent0_norm": 0.16978038847446442, "E13_agent1_norm": 0.054434698075056076, "E13_agent2_norm": 0.06138952448964119, "E13_agent3_norm": 0.05701679363846779, "E13_agent4_norm": 0.09011518210172653, "E14_agent0_norm": 0.14291995763778687, "E14_agent1_norm": 0.041351307183504105, "E14_agent2_norm": 0.0500866137444973, "E14_agent3_norm": 0.04268719255924225, "E14_agent4_norm": 0.08496144413948059, "E15_agent0_norm": 0.11284205317497253, "E15_agent1_norm": 0.03301744908094406, "E15_agent2_norm": 0.04025775566697121, "E15_agent3_norm": 0.03552159667015076, "E15_agent4_norm": 0.07822516560554504, "E16_agent0_norm": 0.07808776944875717, "E16_agent1_norm": 0.02270246110856533, "E16_agent2_norm": 0.028662892058491707, "E16_agent3_norm": 0.02472190372645855, "E16_agent4_norm": 0.02839791215956211, "E17_agent0_norm": 0.05244424194097519, "E17_agent1_norm": 0.015686530619859695, "E17_agent2_norm": 0.01967521198093891, "E17_agent3_norm": 0.017117971554398537, "E17_agent4_norm": 0.020653221756219864, "E18_agent0_norm": 0.036504387855529785, "E18_agent1_norm": 0.01182620320469141, "E18_agent2_norm": 0.013873030431568623, "E18_agent3_norm": 0.016330577433109283, "E18_agent4_norm": 0.02947746403515339, "E19_agent0_norm": 0.02693365141749382, "E19_agent1_norm": 0.00802761223167181, "E19_agent2_norm": 0.01004651840776205, "E19_agent3_norm": 0.008579651825129986, "E19_agent4_norm": 0.013267663307487965, "E20_agent0_norm": 0.020754622295498848, "E20_agent1_norm": 0.005854560993611813, "E20_agent2_norm": 0.007674111053347588, "E20_agent3_norm": 0.006541240960359573, "E20_agent4_norm": 0.008520402945578098, "E21_agent0_norm": 0.013865169137716293, "E21_agent1_norm": 0.004089608788490295, "E21_agent2_norm": 0.004920314997434616, "E21_agent3_norm": 0.004663766361773014, "E21_agent4_norm": 0.004996666684746742, "E22_agent0_norm": 0.009447513148188591, "E22_agent1_norm": 0.003089477075263858, "E22_agent2_norm": 0.0033958677668124437, "E22_agent3_norm": 0.004596101585775614, "E22_agent4_norm": 0.004335443489253521, "E23_agent0_norm": 0.007253724150359631, "E23_agent1_norm": 0.0021104016341269016, "E23_agent2_norm": 0.0025035208091139793, "E23_agent3_norm": 0.0024660376366227865, "E23_agent4_norm": 0.004842995200306177, "E24_agent0_norm": 0.004981065168976784, "E24_agent1_norm": 0.0014508210588246584, "E24_agent2_norm": 0.001683922833763063, "E24_agent3_norm": 0.0018331398023292422, "E24_agent4_norm": 0.002702123485505581, "E25_agent0_norm": 0.0035682586021721363, "E25_agent1_norm": 0.0010261585703119636, "E25_agent2_norm": 0.0011838377686217427, "E25_agent3_norm": 0.001171700656414032, "E25_agent4_norm": 0.001794316340237856, "E26_agent0_norm": 0.002381891943514347, "E26_agent1_norm": 0.0007864402723498642, "E26_agent2_norm": 0.000832117279060185, "E26_agent3_norm": 0.0011001351522281766, "E26_agent4_norm": 0.0009656198089942336, "E27_agent0_norm": 0.0017728196689859033, "E27_agent1_norm": 0.0004956375923939049, "E27_agent2_norm": 0.0005868954467587173, "E27_agent3_norm": 0.0006510970997624099, "E27_agent4_norm": 0.0008025550632737577, "E28_agent0_norm": 0.0011970233172178268, "E28_agent1_norm": 0.0003426584298722446, "E28_agent2_norm": 0.00040060156607069075, "E28_agent3_norm": 0.00039513950468972325, "E28_agent4_norm": 0.0004128625732846558, "E29_agent0_norm": 0.000883977860212326, "E29_agent1_norm": 0.000269674084847793, "E29_agent2_norm": 0.0002956132811959833, "E29_agent3_norm": 0.00039675176958553493, "E29_agent4_norm": 0.0005978887202218175, "E30_agent0_norm": 0.0006551117985509336, "E30_agent1_norm": 0.000182904172106646, "E30_agent2_norm": 0.00022178032668307424, "E30_agent3_norm": 0.00019529825658537447, "E30_agent4_norm": 0.00021899788407608867, "E31_agent0_norm": 0.00041533735929988325, "E31_agent1_norm": 0.000130577536765486, "E31_agent2_norm": 0.00014156856923364103, "E31_agent3_norm": 0.00019325717585161328, "E31_agent4_norm": 0.00030448901816271245, "E32_agent0_norm": 0.0003113900020252913, "E32_agent1_norm": 0.0001011634522001259, "E32_agent2_norm": 0.00010382306936662644, "E32_agent3_norm": 0.0002031379408435896, "E32_agent4_norm": 0.00017689426022116095, "E33_agent0_norm": 0.0002250252291560173, "E33_agent1_norm": 6.196196045493707e-05, "E33_agent2_norm": 7.644545257790014e-05, "E33_agent3_norm": 6.854838284198195e-05, "E33_agent4_norm": 9.63188213063404e-05, "E34_agent0_norm": 0.00015176103624980897, "E34_agent1_norm": 4.6464894694508985e-05, "E34_agent2_norm": 5.0689937779679894e-05, "E34_agent3_norm": 6.916310667293146e-05, "E34_agent4_norm": 0.000107436346297618, "E35_agent0_norm": 0.00010919383930740878, "E35_agent1_norm": 3.1468454835703596e-05, "E35_agent2_norm": 3.615860623540357e-05, "E35_agent3_norm": 3.3381671528331935e-05, "E35_agent4_norm": 3.787982859648764e-05, "E36_agent0_norm": 6.940104503883049e-05, "E36_agent1_norm": 2.098481127177365e-05, "E36_agent2_norm": 2.3293407139135525e-05, "E36_agent3_norm": 2.2442069166572765e-05, "E36_agent4_norm": 1.8389595425105654e-05, "E37_agent0_norm": 5.063531352789141e-05, "E37_agent1_norm": 1.4726770132256206e-05, "E37_agent2_norm": 1.691880970611237e-05, "E37_agent3_norm": 1.5804254871909507e-05, "E37_agent4_norm": 2.588340976217296e-05, "E38_agent0_norm": 3.5918750654673204e-05, "E38_agent1_norm": 1.1041516700061038e-05, "E38_agent2_norm": 1.2089093615941238e-05, "E38_agent3_norm": 1.4894806554366369e-05, "E38_agent4_norm": 1.2404561857692897e-05, "E39_agent0_norm": 2.450313877488952e-05, "E39_agent1_norm": 7.85172960604541e-06, "E39_agent2_norm": 8.493425411870703e-06, "E39_agent3_norm": 1.1039422133762855e-05, "E39_agent4_norm": 1.3871474948246032e-05, "E40_agent0_norm": 1.7727650629240088e-05,