{"Agent0_Epoch1": 0.2900272607803345, "Agent1_Epoch1": 0.29652953147888184, "Agent2_Epoch1": 0.9977673888206482, "Agent3_Epoch1": 0.9945859313011169, "Agent4_Epoch1": 0.9922611713409424, "Agent0_Epoch2": 0.05581730604171753, "Agent1_Epoch2": 0.2900216579437256, "Agent2_Epoch2": 0.3034261465072632, "Agent3_Epoch2": 0.2937961220741272, "Agent4_Epoch2": 0.30974000692367554, "Agent0_Epoch3": 0.03265756368637085, "Agent1_Epoch3": 0.13341975212097168, "Agent2_Epoch3": 0.1358170509338379, "Agent3_Epoch3": 0.13076996803283691, "Agent4_Epoch3": 0.14275383949279785, "Agent0_Epoch4": 0.019733011722564697, "Agent1_Epoch4": 0.061390221118927, "Agent2_Epoch4": 0.06457048654556274, "Agent3_Epoch4": 0.060598671436309814, "Agent4_Epoch4": 0.06540197134017944, "Agent0_Epoch5": 0.013263046741485596, "Agent1_Epoch5": 0.03257930278778076, "Agent2_Epoch5": 0.0326198935508728, "Agent3_Epoch5": 0.032486796379089355, "Agent4_Epoch5": 0.032945871353149414, "Agent0_Epoch6": 0.008939743041992188, "Agent1_Epoch6": 0.01821810007095337, "Agent2_Epoch6": 0.018920838832855225, "Agent3_Epoch6": 0.01791614294052124, "Agent4_Epoch6": 0.019881129264831543, "Agent0_Epoch7": 0.006474018096923828, "Agent1_Epoch7": 0.011390268802642822, "Agent2_Epoch7": 0.01157236099243164, "Agent3_Epoch7": 0.011061310768127441, "Agent4_Epoch7": 0.011660575866699219, "Agent0_Epoch8": 0.004977583885192871, "Agent1_Epoch8": 0.007810473442077637, "Agent2_Epoch8": 0.007887065410614014, "Agent3_Epoch8": 0.007049381732940674, "Agent4_Epoch8": 0.00852501392364502, "Agent0_Epoch9": 0.003969073295593262, "Agent1_Epoch9": 0.005693316459655762, "Agent2_Epoch9": 0.005693256855010986, "Agent3_Epoch9": 0.005098819732666016, "Agent4_Epoch9": 0.005513191223144531, "Agent0_Epoch10": 0.00330960750579834, "Agent1_Epoch10": 0.0044255852699279785, "Agent2_Epoch10": 0.004362583160400391, "Agent3_Epoch10": 0.0038282275199890137, "Agent4_Epoch10": 0.0042594075202941895, "Agent0_Epoch11": 0.0027870535850524902, "Agent1_Epoch11": 0.00352632999420166, "Agent2_Epoch11": 0.0036777257919311523, "Agent3_Epoch11": 0.0029091238975524902, "Agent4_Epoch11": 0.0035209059715270996, "Agent0_Epoch12": 0.0023427605628967285, "Agent1_Epoch12": 0.002837240695953369, "Agent2_Epoch12": 0.0031194686889648438, "Agent3_Epoch12": 0.00280916690826416, "Agent4_Epoch12": 0.002886474132537842, "Agent0_Epoch13": 0.0020226240158081055, "Agent1_Epoch13": 0.0023656487464904785, "Agent2_Epoch13": 0.00245589017868042, "Agent3_Epoch13": 0.0018957853317260742, "Agent4_Epoch13": 0.0026116371154785156, "Agent0_Epoch14": 0.0016269087791442871, "Agent1_Epoch14": 0.0018501877784729004, "Agent2_Epoch14": 0.0019161701202392578, "Agent3_Epoch14": 0.0016602873802185059, "Agent4_Epoch14": 0.001900017261505127, "Agent0_Epoch15": 0.0012482404708862305, "Agent1_Epoch15": 0.0013878345489501953, "Agent2_Epoch15": 0.0014385581016540527, "Agent3_Epoch15": 0.0012455582618713379, "Agent4_Epoch15": 0.0015842914581298828, "Agent0_Epoch16": 0.0009350180625915527, "Agent1_Epoch16": 0.0010204315185546875, "Agent2_Epoch16": 0.001047372817993164, "Agent3_Epoch16": 0.0010442733764648438, "Agent4_Epoch16": 0.0012010931968688965, "Agent0_Epoch17": 0.000689387321472168, "Agent1_Epoch17": 0.0007408857345581055, "Agent2_Epoch17": 0.0007699131965637207, "Agent3_Epoch17": 0.0007143616676330566, "Agent4_Epoch17": 0.0007761716842651367, "Agent0_Epoch18": 0.0004914402961730957, "Agent1_Epoch18": 0.0005216598510742188, "Agent2_Epoch18": 0.0005297660827636719, "Agent3_Epoch18": 0.0005029439926147461, "Agent4_Epoch18": 0.0005779266357421875, "Agent0_Epoch19": 0.0003434419631958008, "Agent1_Epoch19": 0.00036072731018066406, "Agent2_Epoch19": 0.0003674030303955078, "Agent3_Epoch19": 0.0003706812858581543, "Agent4_Epoch19": 0.0003902316093444824, "Agent0_Epoch20": 0.0002396106719970703, "Agent1_Epoch20": 0.0002493858337402344, "Agent2_Epoch20": 0.00025159120559692383, "Agent3_Epoch20": 0.00023621320724487305, "Agent4_Epoch20": 0.00026232004165649414, "Agent0_Epoch21": 0.00016295909881591797, "Agent1_Epoch21": 0.0001685023307800293, "Agent2_Epoch21": 0.00016957521438598633, "Agent3_Epoch21": 0.0001640915870666504, "Agent4_Epoch21": 0.00017148256301879883, "Agent0_Epoch22": 0.00010925531387329102, "Agent1_Epoch22": 0.00011217594146728516, "Agent2_Epoch22": 0.00011348724365234375, "Agent3_Epoch22": 0.00011396408081054688, "Agent4_Epoch22": 0.00011718273162841797, "Agent0_Epoch23": 7.355213165283203e-05, "Agent1_Epoch23": 7.522106170654297e-05, "Agent2_Epoch23": 7.510185241699219e-05, "Agent3_Epoch23": 7.277727127075195e-05, "Agent4_Epoch23": 7.843971252441406e-05, "Agent0_Epoch24": 4.887580871582031e-05, "Agent1_Epoch24": 4.988908767700195e-05, "Agent2_Epoch24": 5.0187110900878906e-05, "Agent3_Epoch24": 4.857778549194336e-05, "Agent4_Epoch24": 5.227327346801758e-05, "Agent0_Epoch25": 3.260374069213867e-05, "Agent1_Epoch25": 3.2901763916015625e-05, "Agent2_Epoch25": 3.314018249511719e-05, "Agent3_Epoch25": 3.224611282348633e-05, "Agent4_Epoch25": 3.36766242980957e-05, "Agent0_Epoch26": 2.1576881408691406e-05, "Agent1_Epoch26": 2.1696090698242188e-05, "Agent2_Epoch26": 2.1696090698242188e-05, "Agent3_Epoch26": 2.1517276763916016e-05, "Agent4_Epoch26": 2.2172927856445312e-05, "Agent0_Epoch27": 1.4007091522216797e-05, "Agent1_Epoch27": 1.424551010131836e-05, "Agent2_Epoch27": 1.424551010131836e-05, "Agent3_Epoch27": 1.4066696166992188e-05, "Agent4_Epoch27": 1.4126300811767578e-05, "Agent0_Epoch28": 9.238719940185547e-06, "Agent1_Epoch28": 9.179115295410156e-06, "Agent2_Epoch28": 9.238719940185547e-06, "Agent3_Epoch28": 9.059906005859375e-06, "Agent4_Epoch28": 9.5367431640625e-06, "Agent0_Epoch29": 6.079673767089844e-06, "Agent1_Epoch29": 6.198883056640625e-06, "Agent2_Epoch29": 6.079673767089844e-06, "Agent3_Epoch29": 5.9604644775390625e-06, "Agent4_Epoch29": 6.258487701416016e-06, "Agent0_Epoch30": 3.933906555175781e-06, "Agent1_Epoch30": 3.933906555175781e-06, "Agent2_Epoch30": 3.933906555175781e-06, "Agent3_Epoch30": 3.933906555175781e-06, "Agent4_Epoch30": 3.993511199951172e-06, "Agent0_Epoch31": 2.6226043701171875e-06, "Agent1_Epoch31": 2.6226043701171875e-06, "Agent2_Epoch31": 2.5033950805664062e-06, "Agent3_Epoch31": 2.5033950805664062e-06, "Agent4_Epoch31": 2.6226043701171875e-06, "Agent0_Epoch32": 1.6093254089355469e-06, "Agent1_Epoch32": 1.6689300537109375e-06, "Agent2_Epoch32": 1.6689300537109375e-06, "Agent3_Epoch32": 1.6093254089355469e-06, "Agent4_Epoch32": 1.6689300537109375e-06, "Agent0_Epoch33": 1.1324882507324219e-06, "Agent1_Epoch33": 9.5367431640625e-07, "Agent2_Epoch33": 1.1324882507324219e-06, "Agent3_Epoch33": 1.0132789611816406e-06, "Agent4_Epoch33": 1.1324882507324219e-06, "Agent0_Epoch34": 7.152557373046875e-07, "Agent1_Epoch34": 6.556510925292969e-07, "Agent2_Epoch34": 6.556510925292969e-07, "Agent3_Epoch34": 6.556510925292969e-07, "Agent4_Epoch34": 6.556510925292969e-07, "Agent0_Epoch35": 4.76837158203125e-07, "Agent1_Epoch35": 4.76837158203125e-07, "Agent2_Epoch35": 4.76837158203125e-07, "Agent3_Epoch35": 4.76837158203125e-07, "Agent4_Epoch35": 3.5762786865234375e-07, "Agent0_Epoch36": 4.76837158203125e-07, "Agent1_Epoch36": 2.980232238769531e-07, "Agent2_Epoch36": 2.980232238769531e-07, "Agent3_Epoch36": 3.5762786865234375e-07, "Agent4_Epoch36": 2.980232238769531e-07, "Agent0_Epoch37": 1.7881393432617188e-07, "Agent1_Epoch37": 1.7881393432617188e-07, "Agent2_Epoch37": 1.7881393432617188e-07, "Agent3_Epoch37": 1.7881393432617188e-07, "Agent4_Epoch37": 1.7881393432617188e-07, "Agent0_Epoch38": 1.7881393432617188e-07, "Agent1_Epoch38": 0.0, "Agent2_Epoch38": 0.0, "Agent3_Epoch38": 1.7881393432617188e-07, "Agent4_Epoch38": 1.1920928955078125e-07, "Agent0_Epoch39": 2.980232238769531e-07, "Agent1_Epoch39": 1.1920928955078125e-07, "Agent2_Epoch39": 0.0, "Agent3_Epoch39": 1.7881393432617188e-07, "Agent4_Epoch39": 1.1920928955078125e-07, "Agent0_Epoch40": 1.7881393432617188e-07, "Agent1_Epoch40": 1.1920928955078125e-07, "Agent2_Epoch40": 1.1920928955078125e-07,