{"E1_agent0_norm": 2.0842084884643555, "E1_agent1_norm": 1.931656837463379, "E1_agent2_norm": 1.83139169216156, "E1_agent3_norm": 1.4440847635269165, "E1_agent4_norm": 2.26568603515625, "E2_agent0_norm": 0.8458408117294312, "E2_agent1_norm": 0.9778235554695129, "E2_agent2_norm": 0.8557096719741821, "E2_agent3_norm": 0.9758455157279968, "E2_agent4_norm": 1.284070372581482, "E3_agent0_norm": 0.604536235332489, "E3_agent1_norm": 0.5265820026397705, "E3_agent2_norm": 0.5495744347572327, "E3_agent3_norm": 0.5091005563735962, "E3_agent4_norm": 0.5740340352058411, "E4_agent0_norm": 0.45912590622901917, "E4_agent1_norm": 0.42412200570106506, "E4_agent2_norm": 0.3838059604167938, "E4_agent3_norm": 0.4303571283817291, "E4_agent4_norm": 0.4482060372829437, "E5_agent0_norm": 0.3901749849319458, "E5_agent1_norm": 0.28209537267684937, "E5_agent2_norm": 0.2866942584514618, "E5_agent3_norm": 0.2625245451927185, "E5_agent4_norm": 0.3317760229110718, "E6_agent0_norm": 0.35388100147247314, "E6_agent1_norm": 0.22203555703163147, "E6_agent2_norm": 0.21323859691619873, "E6_agent3_norm": 0.2059689164161682, "E6_agent4_norm": 0.30550891160964966, "E7_agent0_norm": 0.2913567125797272, "E7_agent1_norm": 0.17075784504413605, "E7_agent2_norm": 0.17308194935321808, "E7_agent3_norm": 0.1512281745672226, "E7_agent4_norm": 0.20033161342144012, "E8_agent0_norm": 0.24234120547771454, "E8_agent1_norm": 0.12855495512485504, "E8_agent2_norm": 0.1449929177761078, "E8_agent3_norm": 0.1162789985537529, "E8_agent4_norm": 0.139179065823555, "E9_agent0_norm": 0.2616928517818451, "E9_agent1_norm": 0.11832819879055023, "E9_agent2_norm": 0.10995978116989136, "E9_agent3_norm": 0.09429524838924408, "E9_agent4_norm": 0.12403805553913116, "E10_agent0_norm": 0.2381235957145691, "E10_agent1_norm": 0.08819764852523804, "E10_agent2_norm": 0.09454619884490967, "E10_agent3_norm": 0.08357693254947662, "E10_agent4_norm": 0.09519932419061661, "E11_agent0_norm": 0.22852669656276703, "E11_agent1_norm": 0.08029589802026749, "E11_agent2_norm": 0.07048485428094864, "E11_agent3_norm": 0.06683499366044998, "E11_agent4_norm": 0.09141695499420166, "E12_agent0_norm": 0.19913919270038605, "E12_agent1_norm": 0.08119764924049377, "E12_agent2_norm": 0.08893001079559326, "E12_agent3_norm": 0.09858006238937378, "E12_agent4_norm": 0.10612092167139053, "E13_agent0_norm": 0.17117273807525635, "E13_agent1_norm": 0.09092587232589722, "E13_agent2_norm": 0.09610779583454132, "E13_agent3_norm": 0.13298660516738892, "E13_agent4_norm": 0.11677689850330353, "E14_agent0_norm": 0.1378566473722458, "E14_agent1_norm": 0.04662328585982323, "E14_agent2_norm": 0.043638862669467926, "E14_agent3_norm": 0.04409050941467285, "E14_agent4_norm": 0.06485532224178314, "E15_agent0_norm": 0.09067484736442566, "E15_agent1_norm": 0.032375119626522064, "E15_agent2_norm": 0.035111475735902786, "E15_agent3_norm": 0.03506062552332878, "E15_agent4_norm": 0.03685290738940239, "E16_agent0_norm": 0.06765052676200867, "E16_agent1_norm": 0.025445513427257538, "E16_agent2_norm": 0.024335691705346107, "E16_agent3_norm": 0.03328647091984749, "E16_agent4_norm": 0.04170631989836693, "E17_agent0_norm": 0.049995530396699905, "E17_agent1_norm": 0.018387118354439735, "E17_agent2_norm": 0.017642321065068245, "E17_agent3_norm": 0.017612377181649208, "E17_agent4_norm": 0.027641650289297104, "E18_agent0_norm": 0.03073902241885662, "E18_agent1_norm": 0.01226339116692543, "E18_agent2_norm": 0.014783074147999287, "E18_agent3_norm": 0.018092328682541847, "E18_agent4_norm": 0.011312603019177914, "E19_agent0_norm": 0.02388947829604149, "E19_agent1_norm": 0.008776910603046417, "E19_agent2_norm": 0.008286617696285248, "E19_agent3_norm": 0.011047366075217724, "E19_agent4_norm": 0.013230482116341591, "E20_agent0_norm": 0.01795090362429619, "E20_agent1_norm": 0.006334970705211163, "E20_agent2_norm": 0.006141919642686844, "E20_agent3_norm": 0.008333845064043999, "E20_agent4_norm": 0.008706031367182732, "E21_agent0_norm": 0.013676468282938004, "E21_agent1_norm": 0.004604439716786146, "E21_agent2_norm": 0.0043448181822896, "E21_agent3_norm": 0.0051518771797418594, "E21_agent4_norm": 0.009307471103966236, "E22_agent0_norm": 0.009164499118924141, "E22_agent1_norm": 0.0031171778682619333, "E22_agent2_norm": 0.0029854620806872845, "E22_agent3_norm": 0.0029901801608502865, "E22_agent4_norm": 0.003039558418095112, "E23_agent0_norm": 0.006630046293139458, "E23_agent1_norm": 0.002258510561659932, "E23_agent2_norm": 0.0022031860426068306, "E23_agent3_norm": 0.003325049299746752, "E23_agent4_norm": 0.003469425719231367, "E24_agent0_norm": 0.004484586883336306, "E24_agent1_norm": 0.0015489984070882201, "E24_agent2_norm": 0.0014557346003130078, "E24_agent3_norm": 0.002038232982158661, "E24_agent4_norm": 0.0019728043116629124, "E25_agent0_norm": 0.0033578865695744753, "E25_agent1_norm": 0.0011278289603069425, "E25_agent2_norm": 0.0010693272342905402, "E25_agent3_norm": 0.0011794284218922257, "E25_agent4_norm": 0.0013383039040490985, "E26_agent0_norm": 0.0023823066148906946, "E26_agent1_norm": 0.0008177970303222537, "E26_agent2_norm": 0.0007554948679171503, "E26_agent3_norm": 0.0007607972365804017, "E26_agent4_norm": 0.0011007590219378471, "E27_agent0_norm": 0.0016162293031811714, "E27_agent1_norm": 0.000547391886357218, "E27_agent2_norm": 0.0005172518431209028, "E27_agent3_norm": 0.0006044551846571267, "E27_agent4_norm": 0.0008459182572551072, "E28_agent0_norm": 0.0012056491104885936, "E28_agent1_norm": 0.0003920239978469908, "E28_agent2_norm": 0.0003829793131444603, "E28_agent3_norm": 0.000357128563337028, "E28_agent4_norm": 0.00039450632175430655, "E29_agent0_norm": 0.0008243350312113762, "E29_agent1_norm": 0.00027545675402507186, "E29_agent2_norm": 0.0002653443079907447, "E29_agent3_norm": 0.00038262404268607497, "E29_agent4_norm": 0.0006463885656557977, "E30_agent0_norm": 0.000612917821854353, "E30_agent1_norm": 0.00020782879437319934, "E30_agent2_norm": 0.00018876286048907787, "E30_agent3_norm": 0.0001783454790711403, "E30_agent4_norm": 0.0002681158948689699, "E31_agent0_norm": 0.00043535156873986125, "E31_agent1_norm": 0.00014759755867999047, "E31_agent2_norm": 0.00014736315642949194, "E31_agent3_norm": 0.0003615298483055085, "E31_agent4_norm": 0.00036681187339127064, "E32_agent0_norm": 0.00029230923973955214, "E32_agent1_norm": 9.786654118215665e-05, "E32_agent2_norm": 9.362145647173747e-05, "E32_agent3_norm": 0.00013609971210826188, "E32_agent4_norm": 0.000225340569159016, "E33_agent0_norm": 0.0001853142457548529, "E33_agent1_norm": 7.110630394890904e-05, "E33_agent2_norm": 7.388436642941087e-05, "E33_agent3_norm": 0.00015372315829154104, "E33_agent4_norm": 6.0919377574464306e-05, "E34_agent0_norm": 0.00014076294610276818, "E34_agent1_norm": 4.582487599691376e-05, "E34_agent2_norm": 4.566782445181161e-05, "E34_agent3_norm": 6.083552216296084e-05, "E34_agent4_norm": 6.476427370216697e-05, "E35_agent0_norm": 8.785242243902758e-05, "E35_agent1_norm": 3.3008189348038286e-05, "E35_agent2_norm": 2.9453993192873895e-05, "E35_agent3_norm": 5.344648161553778e-05, "E35_agent4_norm": 2.9771570552838966e-05, "E36_agent0_norm": 7.216946687549353e-05, "E36_agent1_norm": 2.385960215178784e-05, "E36_agent2_norm": 2.42933147092117e-05, "E36_agent3_norm": 3.7831778172403574e-05, "E36_agent4_norm": 2.7210928237764165e-05, "E37_agent0_norm": 4.639992766897194e-05, "E37_agent1_norm": 1.571413486090023e-05, "E37_agent2_norm": 1.532806345494464e-05, "E37_agent3_norm": 1.4930134057067335e-05, "E37_agent4_norm": 1.4460243619396351e-05, "E38_agent0_norm": 3.5884324461221695e-05, "E38_agent1_norm": 1.2009892998321448e-05, "E38_agent2_norm": 1.2109901035728399e-05, "E38_agent3_norm": 2.2854861526866443e-05, "E38_agent4_norm": 2.0831002984778024e-05, "E39_agent0_norm": 2.5123294108198024e-05, "E39_agent1_norm": 8.302764399559237e-06, "E39_agent2_norm": 7.89940168033354e-06, "E39_agent3_norm": 8.808853635855485e-06, "E39_agent4_norm": 1.257976964552654e-05, "E40_agent0_norm": 1.6654128558002412e-05,