{"E1_agent0_norm": 2.2599244117736816, "E1_agent1_norm": 1.9921807050704956, "E1_agent2_norm": 1.7648160457611084, "E1_agent3_norm": 1.7858401536941528, "E1_agent4_norm": 2.039466619491577, "E2_agent0_norm": 0.872909426689148, "E2_agent1_norm": 0.8667909502983093, "E2_agent2_norm": 0.9254019856452942, "E2_agent3_norm": 0.8421506881713867, "E2_agent4_norm": 0.9431460499763489, "E3_agent0_norm": 0.6719801425933838, "E3_agent1_norm": 0.48970288038253784, "E3_agent2_norm": 0.499234676361084, "E3_agent3_norm": 0.46016645431518555, "E3_agent4_norm": 0.5665738582611084, "E4_agent0_norm": 0.47791025042533875, "E4_agent1_norm": 0.39668452739715576, "E4_agent2_norm": 0.42089545726776123, "E4_agent3_norm": 0.3528263568878174, "E4_agent4_norm": 0.4145938456058502, "E5_agent0_norm": 0.4503602087497711, "E5_agent1_norm": 0.2942521572113037, "E5_agent2_norm": 0.28766968846321106, "E5_agent3_norm": 0.2832983434200287, "E5_agent4_norm": 0.34364989399909973, "E6_agent0_norm": 0.35547104477882385, "E6_agent1_norm": 0.20555326342582703, "E6_agent2_norm": 0.22502954304218292, "E6_agent3_norm": 0.19730648398399353, "E6_agent4_norm": 0.25158289074897766, "E7_agent0_norm": 0.3560979664325714, "E7_agent1_norm": 0.1693231761455536, "E7_agent2_norm": 0.1661253571510315, "E7_agent3_norm": 0.16608741879463196, "E7_agent4_norm": 0.21383561193943024, "E8_agent0_norm": 0.2934817969799042, "E8_agent1_norm": 0.13722294569015503, "E8_agent2_norm": 0.131571426987648, "E8_agent3_norm": 0.13545046746730804, "E8_agent4_norm": 0.12374988943338394, "E9_agent0_norm": 0.2797795236110687, "E9_agent1_norm": 0.11459643393754959, "E9_agent2_norm": 0.1067657396197319, "E9_agent3_norm": 0.10720239579677582, "E9_agent4_norm": 0.11920071393251419, "E10_agent0_norm": 0.27384403347969055, "E10_agent1_norm": 0.10104765743017197, "E10_agent2_norm": 0.08372922986745834, "E10_agent3_norm": 0.0910993441939354, "E10_agent4_norm": 0.0981278344988823, "E11_agent0_norm": 0.2425415962934494, "E11_agent1_norm": 0.0845751091837883, "E11_agent2_norm": 0.06823145598173141, "E11_agent3_norm": 0.07731267809867859, "E11_agent4_norm": 0.07038126140832901, "E12_agent0_norm": 0.20781683921813965, "E12_agent1_norm": 0.10235654562711716, "E12_agent2_norm": 0.09430070966482162, "E12_agent3_norm": 0.15669302642345428, "E12_agent4_norm": 0.1334686279296875, "E13_agent0_norm": 0.18466012179851532, "E13_agent1_norm": 0.06161649897694588, "E13_agent2_norm": 0.055534571409225464, "E13_agent3_norm": 0.07238385826349258, "E13_agent4_norm": 0.08600808680057526, "E14_agent0_norm": 0.14169062674045563, "E14_agent1_norm": 0.04177527129650116, "E14_agent2_norm": 0.04090160131454468, "E14_agent3_norm": 0.042386073619127274, "E14_agent4_norm": 0.05913359299302101, "E15_agent0_norm": 0.1004352793097496, "E15_agent1_norm": 0.03224310278892517, "E15_agent2_norm": 0.032742030918598175, "E15_agent3_norm": 0.032390840351581573, "E15_agent4_norm": 0.03294724225997925, "E16_agent0_norm": 0.07756444811820984, "E16_agent1_norm": 0.02728532999753952, "E16_agent2_norm": 0.02519926242530346, "E16_agent3_norm": 0.03758472576737404, "E16_agent4_norm": 0.06308361887931824, "E17_agent0_norm": 0.05567912384867668, "E17_agent1_norm": 0.016964195296168327, "E17_agent2_norm": 0.015168290585279465, "E17_agent3_norm": 0.0175480954349041, "E17_agent4_norm": 0.028560465201735497, "E18_agent0_norm": 0.03831591084599495, "E18_agent1_norm": 0.01227863971143961, "E18_agent2_norm": 0.011961838230490685, "E18_agent3_norm": 0.01831783540546894, "E18_agent4_norm": 0.018940873444080353, "E19_agent0_norm": 0.027095049619674683, "E19_agent1_norm": 0.010116358287632465, "E19_agent2_norm": 0.009125485084950924, "E19_agent3_norm": 0.016602089628577232, "E19_agent4_norm": 0.012687946669757366, "E20_agent0_norm": 0.020305078476667404, "E20_agent1_norm": 0.006843265611678362, "E20_agent2_norm": 0.006324348505586386, "E20_agent3_norm": 0.013234749436378479, "E20_agent4_norm": 0.015285945497453213, "E21_agent0_norm": 0.01489307451993227, "E21_agent1_norm": 0.004427825566381216, "E21_agent2_norm": 0.004138851072639227, "E21_agent3_norm": 0.007179351057857275, "E21_agent4_norm": 0.012765021063387394, "E22_agent0_norm": 0.011422280222177505, "E22_agent1_norm": 0.003112465376034379, "E22_agent2_norm": 0.0029844953678548336, "E22_agent3_norm": 0.0030024773441255093, "E22_agent4_norm": 0.007471821736544371, "E23_agent0_norm": 0.00731623126193881, "E23_agent1_norm": 0.002144220983609557, "E23_agent2_norm": 0.00222626980394125, "E23_agent3_norm": 0.0047803656198084354, "E23_agent4_norm": 0.0033947674091905355, "E24_agent0_norm": 0.005080513656139374, "E24_agent1_norm": 0.0013137940550222993, "E24_agent2_norm": 0.001232733717188239, "E24_agent3_norm": 0.0014807209372520447, "E24_agent4_norm": 0.002063176827505231, "E25_agent0_norm": 0.003756368299946189, "E25_agent1_norm": 0.00098605512175709, "E25_agent2_norm": 0.0009577849414199591, "E25_agent3_norm": 0.0017860197694972157, "E25_agent4_norm": 0.002084673149511218, "E26_agent0_norm": 0.002886537229642272, "E26_agent1_norm": 0.000789312063716352, "E26_agent2_norm": 0.0007330337539315224, "E26_agent3_norm": 0.0007044048397801816, "E26_agent4_norm": 0.0014748361427336931, "E27_agent0_norm": 0.0018497513374313712, "E27_agent1_norm": 0.000511383987031877, "E27_agent2_norm": 0.00048371971934102476, "E27_agent3_norm": 0.0008253563428297639, "E27_agent4_norm": 0.0014841770753264427, "E28_agent0_norm": 0.001290115644223988, "E28_agent1_norm": 0.0003453868848737329, "E28_agent2_norm": 0.00036994743277318776, "E28_agent3_norm": 0.0010441431077197194, "E28_agent4_norm": 0.0006070187664590776, "E29_agent0_norm": 0.0009293492184951901, "E29_agent1_norm": 0.0002363106032134965, "E29_agent2_norm": 0.00022439533495344222, "E29_agent3_norm": 0.0002853255136869848, "E29_agent4_norm": 0.00036942819133400917, "E30_agent0_norm": 0.000687797786667943, "E30_agent1_norm": 0.00016668607713654637, "E30_agent2_norm": 0.00016109271382447332, "E30_agent3_norm": 0.00023324396170210093, "E30_agent4_norm": 0.0003671361191663891, "E31_agent0_norm": 0.0004087412962689996, "E31_agent1_norm": 0.00011243477638345212, "E31_agent2_norm": 0.00012125093053327873, "E31_agent3_norm": 0.00023666140623390675, "E31_agent4_norm": 0.00013018590107094496, "E32_agent0_norm": 0.0003287514264229685, "E32_agent1_norm": 8.708844688953832e-05, "E32_agent2_norm": 8.866256393957883e-05, "E32_agent3_norm": 0.00027109988150186837, "E32_agent4_norm": 0.00013650245091412216, "E33_agent0_norm": 0.00024000076518859714, "E33_agent1_norm": 6.348710303427652e-05, "E33_agent2_norm": 6.24735839664936e-05, "E33_agent3_norm": 0.00011185398034285754, "E33_agent4_norm": 0.00016846357902977616, "E34_agent0_norm": 0.00016930057608988136, "E34_agent1_norm": 4.055896351928823e-05, "E34_agent2_norm": 4.011794590041973e-05, "E34_agent3_norm": 5.521789353224449e-05, "E34_agent4_norm": 9.258508362108842e-05, "E35_agent0_norm": 0.00011808743875008076, "E35_agent1_norm": 3.00862557196524e-05, "E35_agent2_norm": 2.8575143005582504e-05, "E35_agent3_norm": 4.180368341621943e-05, "E35_agent4_norm": 7.644513243576512e-05, "E36_agent0_norm": 7.816031575202942e-05, "E36_agent1_norm": 1.9992319721495733e-05, "E36_agent2_norm": 2.021242107730359e-05, "E36_agent3_norm": 3.398040644242428e-05, "E36_agent4_norm": 3.2971925975289196e-05, "E37_agent0_norm": 5.7224355259677395e-05, "E37_agent1_norm": 1.4428778740693815e-05, "E37_agent2_norm": 1.3812904398946557e-05, "E37_agent3_norm": 1.8121765606338158e-05, "E37_agent4_norm": 2.6267071007168852e-05, "E38_agent0_norm": 3.8231879443628713e-05, "E38_agent1_norm": 1.0165572348341811e-05, "E38_agent2_norm": 9.95592290564673e-06, "E38_agent3_norm": 1.719714782666415e-05, "E38_agent4_norm": 1.6891819541342556e-05, "E39_agent0_norm": 2.7143376428284682e-05, "E39_agent1_norm": 6.955999651836464e-06, "E39_agent2_norm": 7.07786875864258e-06, "E39_agent3_norm": 1.2764794519171119e-05, "E39_agent4_norm": 1.0158659279113635e-05, "E40_agent0_norm": 1.95574411918642e-05,