{"E1_agent0_norm": 2.198699474334717, "E1_agent1_norm": 1.9932212829589844, "E1_agent2_norm": 2.1443018913269043, "E1_agent3_norm": 1.9117671251296997, "E1_agent4_norm": 2.2445483207702637, "E2_agent0_norm": 0.720768392086029, "E2_agent1_norm": 0.8703451156616211, "E2_agent2_norm": 1.0299726724624634, "E2_agent3_norm": 0.9464855194091797, "E2_agent4_norm": 1.0915182828903198, "E3_agent0_norm": 0.5707380771636963, "E3_agent1_norm": 0.5567951798439026, "E3_agent2_norm": 0.574496328830719, "E3_agent3_norm": 0.4881434440612793, "E3_agent4_norm": 0.7688195109367371, "E4_agent0_norm": 0.46627187728881836, "E4_agent1_norm": 0.3369254171848297, "E4_agent2_norm": 0.3717348575592041, "E4_agent3_norm": 0.30715426802635193, "E4_agent4_norm": 0.536566972732544, "E5_agent0_norm": 0.39823266863822937, "E5_agent1_norm": 0.2654583752155304, "E5_agent2_norm": 0.29231584072113037, "E5_agent3_norm": 0.24425777792930603, "E5_agent4_norm": 0.35634204745292664, "E6_agent0_norm": 0.28834590315818787, "E6_agent1_norm": 0.23535117506980896, "E6_agent2_norm": 0.21750982105731964, "E6_agent3_norm": 0.18427762389183044, "E6_agent4_norm": 0.2738376557826996, "E7_agent0_norm": 0.27671921253204346, "E7_agent1_norm": 0.15509499609470367, "E7_agent2_norm": 0.1716877818107605, "E7_agent3_norm": 0.15923015773296356, "E7_agent4_norm": 0.1717657744884491, "E8_agent0_norm": 0.25258204340934753, "E8_agent1_norm": 0.12431802600622177, "E8_agent2_norm": 0.111034095287323, "E8_agent3_norm": 0.11714080721139908, "E8_agent4_norm": 0.14702028036117554, "E9_agent0_norm": 0.22966226935386658, "E9_agent1_norm": 0.10386017709970474, "E9_agent2_norm": 0.1035904660820961, "E9_agent3_norm": 0.09395124763250351, "E9_agent4_norm": 0.13275596499443054, "E10_agent0_norm": 0.23446547985076904, "E10_agent1_norm": 0.0909838080406189, "E10_agent2_norm": 0.09277337044477463, "E10_agent3_norm": 0.08229364454746246, "E10_agent4_norm": 0.11994540691375732, "E11_agent0_norm": 0.20521335303783417, "E11_agent1_norm": 0.08108355104923248, "E11_agent2_norm": 0.07378742098808289, "E11_agent3_norm": 0.07915639132261276, "E11_agent4_norm": 0.10905681550502777, "E12_agent0_norm": 0.1782275289297104, "E12_agent1_norm": 0.06361036002635956, "E12_agent2_norm": 0.06835688650608063, "E12_agent3_norm": 0.060112662613391876, "E12_agent4_norm": 0.09513163566589355, "E13_agent0_norm": 0.14448797702789307, "E13_agent1_norm": 0.06148802116513252, "E13_agent2_norm": 0.06478434801101685, "E13_agent3_norm": 0.061346910893917084, "E13_agent4_norm": 0.06182192638516426, "E14_agent0_norm": 0.10689003020524979, "E14_agent1_norm": 0.04626946523785591, "E14_agent2_norm": 0.04486113414168358, "E14_agent3_norm": 0.041994377970695496, "E14_agent4_norm": 0.047259192913770676, "E15_agent0_norm": 0.09316916018724442, "E15_agent1_norm": 0.03487463295459747, "E15_agent2_norm": 0.03494834527373314, "E15_agent3_norm": 0.03393540903925896, "E15_agent4_norm": 0.052752528339624405, "E16_agent0_norm": 0.06358174979686737, "E16_agent1_norm": 0.030267275869846344, "E16_agent2_norm": 0.029736019670963287, "E16_agent3_norm": 0.0417734794318676, "E16_agent4_norm": 0.04535571113228798, "E17_agent0_norm": 0.04612152650952339, "E17_agent1_norm": 0.019099745899438858, "E17_agent2_norm": 0.018602214753627777, "E17_agent3_norm": 0.02237786538898945, "E17_agent4_norm": 0.03211039677262306, "E18_agent0_norm": 0.03375083580613136, "E18_agent1_norm": 0.013166334480047226, "E18_agent2_norm": 0.013729357160627842, "E18_agent3_norm": 0.01649835705757141, "E18_agent4_norm": 0.017682690173387527, "E19_agent0_norm": 0.02418258786201477, "E19_agent1_norm": 0.009274371899664402, "E19_agent2_norm": 0.008686089888215065, "E19_agent3_norm": 0.008892828598618507, "E19_agent4_norm": 0.014778869226574898, "E20_agent0_norm": 0.017942877486348152, "E20_agent1_norm": 0.006380906328558922, "E20_agent2_norm": 0.006081769708544016, "E20_agent3_norm": 0.006250655744224787, "E20_agent4_norm": 0.017192155122756958, "E21_agent0_norm": 0.012365869246423244, "E21_agent1_norm": 0.004272793419659138, "E21_agent2_norm": 0.004127394407987595, "E21_agent3_norm": 0.004054988268762827, "E21_agent4_norm": 0.010129918344318867, "E22_agent0_norm": 0.008911172859370708, "E22_agent1_norm": 0.003237283555790782, "E22_agent2_norm": 0.0033665443770587444, "E22_agent3_norm": 0.004328927956521511, "E22_agent4_norm": 0.004203377291560173, "E23_agent0_norm": 0.006645786110311747, "E23_agent1_norm": 0.002514089457690716, "E23_agent2_norm": 0.002553402679041028, "E23_agent3_norm": 0.00445068022236228, "E23_agent4_norm": 0.003989760298281908, "E24_agent0_norm": 0.004371051676571369, "E24_agent1_norm": 0.0014808373525738716, "E24_agent2_norm": 0.0015287484275177121, "E24_agent3_norm": 0.001903917989693582, "E24_agent4_norm": 0.0021763211116194725, "E25_agent0_norm": 0.002934564370661974, "E25_agent1_norm": 0.001030297833494842, "E25_agent2_norm": 0.0011657392606139183, "E25_agent3_norm": 0.0013485001400113106, "E25_agent4_norm": 0.0009762780391611159, "E26_agent0_norm": 0.002467268379405141, "E26_agent1_norm": 0.0007917867042124271, "E26_agent2_norm": 0.0007613254128955305, "E26_agent3_norm": 0.0009115631110034883, "E26_agent4_norm": 0.0015175985172390938, "E27_agent0_norm": 0.0016548680141568184, "E27_agent1_norm": 0.0005118057015351951, "E27_agent2_norm": 0.0005267704254947603, "E27_agent3_norm": 0.0006104740896262228, "E27_agent4_norm": 0.0010277214460074902, "E28_agent0_norm": 0.0011306528467684984, "E28_agent1_norm": 0.000363445928087458, "E28_agent2_norm": 0.0003917080466635525, "E28_agent3_norm": 0.0009036851115524769, "E28_agent4_norm": 0.0006711755413562059, "E29_agent0_norm": 0.0008066116133704782, "E29_agent1_norm": 0.0002448138839099556, "E29_agent2_norm": 0.0002599562576506287, "E29_agent3_norm": 0.0003765680594369769, "E29_agent4_norm": 0.00047214070218615234, "E30_agent0_norm": 0.000588602910283953, "E30_agent1_norm": 0.00019016989972442389, "E30_agent2_norm": 0.00018822477431967854, "E30_agent3_norm": 0.0003195872122887522, "E30_agent4_norm": 0.0004121716774534434, "E31_agent0_norm": 0.0004324582405388355, "E31_agent1_norm": 0.00013780589506495744, "E31_agent2_norm": 0.0001353895931970328, "E31_agent3_norm": 0.00012052755482727662, "E31_agent4_norm": 0.00025283172726631165, "E32_agent0_norm": 0.0002679795434232801, "E32_agent1_norm": 8.870231249602512e-05, "E32_agent2_norm": 9.115174907492474e-05, "E32_agent3_norm": 0.00017030681192409247, "E32_agent4_norm": 0.0002774119784589857, "E33_agent0_norm": 0.00019197145593352616, "E33_agent1_norm": 5.893847992410883e-05, "E33_agent2_norm": 6.042581662768498e-05, "E33_agent3_norm": 8.945972513174638e-05, "E33_agent4_norm": 8.320981578435749e-05, "E34_agent0_norm": 0.00012697443889919668, "E34_agent1_norm": 4.060442006448284e-05, "E34_agent2_norm": 4.716427065432072e-05, "E34_agent3_norm": 5.5162694479804486e-05, "E34_agent4_norm": 3.912001920980401e-05, "E35_agent0_norm": 0.00010049678530776873, "E35_agent1_norm": 3.0316281481646e-05, "E35_agent2_norm": 3.0112058084341697e-05, "E35_agent3_norm": 3.525114880176261e-05, "E35_agent4_norm": 6.385838787537068e-05, "E36_agent0_norm": 7.02989345882088e-05, "E36_agent1_norm": 2.1528201614273712e-05, "E36_agent2_norm": 2.1661979189957492e-05, "E36_agent3_norm": 3.4145461540902033e-05, "E36_agent4_norm": 4.6248514991020784e-05, "E37_agent0_norm": 4.925054599880241e-05, "E37_agent1_norm": 1.5545727364951745e-05, "E37_agent2_norm": 1.5958648873493075e-05, "E37_agent3_norm": 3.3223896025447175e-05, "E37_agent4_norm": 2.7197529561817646e-05, "E38_agent0_norm": 3.3878841350087896e-05, "E38_agent1_norm": 1.064050320565002e-05, "E38_agent2_norm": 1.063863055605907e-05, "E38_agent3_norm": 1.0790100532176439e-05, "E38_agent4_norm": 1.7885033230413683e-05, "E39_agent0_norm": 2.295377998962067e-05, "E39_agent1_norm": 7.119056135707069e-06, "E39_agent2_norm": 7.030972028587712e-06, "E39_agent3_norm": 6.8321978687890805e-06, "E39_agent4_norm": 8.96817073225975e-06, "E40_agent0_norm": 1.65636301971972e-05,