{"Agent0_Epoch1": 0.2938988208770752, "Agent1_Epoch1": 0.2973966598510742, "Agent2_Epoch1": 0.9997287392616272, "Agent3_Epoch1": 0.9891384840011597, "Agent4_Epoch1": 0.9978285431861877, "Agent0_Epoch2": 0.056959450244903564, "Agent1_Epoch2": 0.29123586416244507, "Agent2_Epoch2": 0.3039662837982178, "Agent3_Epoch2": 0.29135704040527344, "Agent4_Epoch2": 0.309833824634552, "Agent0_Epoch3": 0.034017980098724365, "Agent1_Epoch3": 0.13602083921432495, "Agent2_Epoch3": 0.1367650032043457, "Agent3_Epoch3": 0.13269191980361938, "Agent4_Epoch3": 0.1435059905052185, "Agent0_Epoch4": 0.021004438400268555, "Agent1_Epoch4": 0.06481468677520752, "Agent2_Epoch4": 0.06603842973709106, "Agent3_Epoch4": 0.06560063362121582, "Agent4_Epoch4": 0.0673416256904602, "Agent0_Epoch5": 0.01342618465423584, "Agent1_Epoch5": 0.03289484977722168, "Agent2_Epoch5": 0.03366369009017944, "Agent3_Epoch5": 0.034080445766448975, "Agent4_Epoch5": 0.03386026620864868, "Agent0_Epoch6": 0.00933992862701416, "Agent1_Epoch6": 0.019028902053833008, "Agent2_Epoch6": 0.0193026065826416, "Agent3_Epoch6": 0.018870949745178223, "Agent4_Epoch6": 0.019144415855407715, "Agent0_Epoch7": 0.006639719009399414, "Agent1_Epoch7": 0.011675834655761719, "Agent2_Epoch7": 0.011211156845092773, "Agent3_Epoch7": 0.011331915855407715, "Agent4_Epoch7": 0.01224297285079956, "Agent0_Epoch8": 0.005018115043640137, "Agent1_Epoch8": 0.007872521877288818, "Agent2_Epoch8": 0.00787806510925293, "Agent3_Epoch8": 0.007715165615081787, "Agent4_Epoch8": 0.008460819721221924, "Agent0_Epoch9": 0.003960251808166504, "Agent1_Epoch9": 0.005679905414581299, "Agent2_Epoch9": 0.0056542158126831055, "Agent3_Epoch9": 0.005090534687042236, "Agent4_Epoch9": 0.0057176947593688965, "Agent0_Epoch10": 0.003225982189178467, "Agent1_Epoch10": 0.004311800003051758, "Agent2_Epoch10": 0.003984212875366211, "Agent3_Epoch10": 0.0039116740226745605, "Agent4_Epoch10": 0.00450366735458374, "Agent0_Epoch11": 0.0026414990425109863, "Agent1_Epoch11": 0.003339111804962158, "Agent2_Epoch11": 0.0033216476440429688, "Agent3_Epoch11": 0.0026220083236694336, "Agent4_Epoch11": 0.003505706787109375, "Agent0_Epoch12": 0.002177417278289795, "Agent1_Epoch12": 0.0026340484619140625, "Agent2_Epoch12": 0.0025434494018554688, "Agent3_Epoch12": 0.0024642348289489746, "Agent4_Epoch12": 0.0029553771018981934, "Agent0_Epoch13": 0.001780867576599121, "Agent1_Epoch13": 0.002080678939819336, "Agent2_Epoch13": 0.002042710781097412, "Agent3_Epoch13": 0.0017489790916442871, "Agent4_Epoch13": 0.0026627779006958008, "Agent0_Epoch14": 0.0014264583587646484, "Agent1_Epoch14": 0.0016203522682189941, "Agent2_Epoch14": 0.0015831589698791504, "Agent3_Epoch14": 0.0016592144966125488, "Agent4_Epoch14": 0.0020206570625305176, "Agent0_Epoch15": 0.0011109709739685059, "Agent1_Epoch15": 0.0012337565422058105, "Agent2_Epoch15": 0.0012187957763671875, "Agent3_Epoch15": 0.0010824799537658691, "Agent4_Epoch15": 0.0013908743858337402, "Agent0_Epoch16": 0.0008150339126586914, "Agent1_Epoch16": 0.0008883476257324219, "Agent2_Epoch16": 0.0008768439292907715, "Agent3_Epoch16": 0.0007942318916320801, "Agent4_Epoch16": 0.000983595848083496, "Agent0_Epoch17": 0.0005869865417480469, "Agent1_Epoch17": 0.0006301999092102051, "Agent2_Epoch17": 0.0006210803985595703, "Agent3_Epoch17": 0.0005396008491516113, "Agent4_Epoch17": 0.0006502270698547363, "Agent0_Epoch18": 0.00040668249130249023, "Agent1_Epoch18": 0.00043082237243652344, "Agent2_Epoch18": 0.00042629241943359375, "Agent3_Epoch18": 0.0004151463508605957, "Agent4_Epoch18": 0.00046068429946899414, "Agent0_Epoch19": 0.0002835392951965332, "Agent1_Epoch19": 0.00029724836349487305, "Agent2_Epoch19": 0.00028330087661743164, "Agent3_Epoch19": 0.00028717517852783203, "Agent4_Epoch19": 0.0002937912940979004, "Agent0_Epoch20": 0.00019246339797973633, "Agent1_Epoch20": 0.00020003318786621094, "Agent2_Epoch20": 0.00019729137420654297, "Agent3_Epoch20": 0.0001944899559020996, "Agent4_Epoch20": 0.00021034479141235352, "Agent0_Epoch21": 0.00013113021850585938, "Agent1_Epoch21": 0.0001354813575744629, "Agent2_Epoch21": 0.00013309717178344727, "Agent3_Epoch21": 0.0001316666603088379, "Agent4_Epoch21": 0.00014126300811767578, "Agent0_Epoch22": 8.851289749145508e-05, "Agent1_Epoch22": 9.077787399291992e-05, "Agent2_Epoch22": 9.08970832824707e-05, "Agent3_Epoch22": 8.869171142578125e-05, "Agent4_Epoch22": 9.381771087646484e-05, "Agent0_Epoch23": 5.936622619628906e-05, "Agent1_Epoch23": 6.0677528381347656e-05, "Agent2_Epoch23": 6.03795051574707e-05, "Agent3_Epoch23": 6.091594696044922e-05, "Agent4_Epoch23": 6.383657455444336e-05, "Agent0_Epoch24": 3.981590270996094e-05, "Agent1_Epoch24": 4.0531158447265625e-05, "Agent2_Epoch24": 4.011392593383789e-05, "Agent3_Epoch24": 3.93986701965332e-05, "Agent4_Epoch24": 4.1604042053222656e-05, "Agent0_Epoch25": 2.6285648345947266e-05, "Agent1_Epoch25": 2.664327621459961e-05, "Agent2_Epoch25": 2.658367156982422e-05, "Agent3_Epoch25": 2.6285648345947266e-05, "Agent4_Epoch25": 2.7298927307128906e-05, "Agent0_Epoch26": 1.7344951629638672e-05, "Agent1_Epoch26": 1.7523765563964844e-05, "Agent2_Epoch26": 1.7642974853515625e-05, "Agent3_Epoch26": 1.7344951629638672e-05, "Agent4_Epoch26": 1.7940998077392578e-05, "Agent0_Epoch27": 1.138448715209961e-05, "Agent1_Epoch27": 1.1563301086425781e-05, "Agent2_Epoch27": 1.1622905731201172e-05, "Agent3_Epoch27": 1.138448715209961e-05, "Agent4_Epoch27": 1.1563301086425781e-05, "Agent0_Epoch28": 7.3909759521484375e-06, "Agent1_Epoch28": 7.510185241699219e-06, "Agent2_Epoch28": 7.62939453125e-06, "Agent3_Epoch28": 7.450580596923828e-06, "Agent4_Epoch28": 7.510185241699219e-06, "Agent0_Epoch29": 4.827976226806641e-06, "Agent1_Epoch29": 4.827976226806641e-06, "Agent2_Epoch29": 4.827976226806641e-06, "Agent3_Epoch29": 4.76837158203125e-06, "Agent4_Epoch29": 4.947185516357422e-06, "Agent0_Epoch30": 3.039836883544922e-06, "Agent1_Epoch30": 3.159046173095703e-06, "Agent2_Epoch30": 3.159046173095703e-06, "Agent3_Epoch30": 3.159046173095703e-06, "Agent4_Epoch30": 3.2782554626464844e-06, "Agent0_Epoch31": 2.1457672119140625e-06, "Agent1_Epoch31": 2.1457672119140625e-06, "Agent2_Epoch31": 2.1457672119140625e-06, "Agent3_Epoch31": 2.0265579223632812e-06, "Agent4_Epoch31": 2.205371856689453e-06, "Agent0_Epoch32": 1.3113021850585938e-06, "Agent1_Epoch32": 1.3113021850585938e-06, "Agent2_Epoch32": 1.3113021850585938e-06, "Agent3_Epoch32": 1.1920928955078125e-06, "Agent4_Epoch32": 1.3709068298339844e-06, "Agent0_Epoch33": 9.5367431640625e-07, "Agent1_Epoch33": 9.5367431640625e-07, "Agent2_Epoch33": 9.5367431640625e-07, "Agent3_Epoch33": 9.5367431640625e-07, "Agent4_Epoch33": 9.5367431640625e-07, "Agent0_Epoch34": 5.364418029785156e-07, "Agent1_Epoch34": 5.364418029785156e-07, "Agent2_Epoch34": 5.364418029785156e-07, "Agent3_Epoch34": 5.364418029785156e-07, "Agent4_Epoch34": 4.76837158203125e-07, "Agent0_Epoch35": 3.5762786865234375e-07, "Agent1_Epoch35": 4.76837158203125e-07, "Agent2_Epoch35": 2.980232238769531e-07, "Agent3_Epoch35": 4.76837158203125e-07, "Agent4_Epoch35": 3.5762786865234375e-07, "Agent0_Epoch36": 1.7881393432617188e-07, "Agent1_Epoch36": 1.7881393432617188e-07, "Agent2_Epoch36": 3.5762786865234375e-07, "Agent3_Epoch36": 2.980232238769531e-07, "Agent4_Epoch36": 1.7881393432617188e-07, "Agent0_Epoch37": 1.1920928955078125e-07, "Agent1_Epoch37": 1.1920928955078125e-07, "Agent2_Epoch37": 1.7881393432617188e-07, "Agent3_Epoch37": 1.1920928955078125e-07, "Agent4_Epoch37": 1.1920928955078125e-07, "Agent0_Epoch38": 1.1920928955078125e-07, "Agent1_Epoch38": 1.1920928955078125e-07, "Agent2_Epoch38": 1.1920928955078125e-07, "Agent3_Epoch38": 1.1920928955078125e-07, "Agent4_Epoch38": 0.0, "Agent0_Epoch39": 0.0, "Agent1_Epoch39": 1.1920928955078125e-07, "Agent2_Epoch39": 0.0, "Agent3_Epoch39": 1.1920928955078125e-07, "Agent4_Epoch39": 1.1920928955078125e-07, "Agent0_Epoch40": 0.0, "Agent1_Epoch40": 1.1920928955078125e-07, "Agent2_Epoch40": 1.1920928955078125e-07, "Agent3_Epoch40": 1.1920928955078125e-07,