{"E1_agent0_norm": 2.072458028793335, "E1_agent1_norm": 1.869778037071228, "E1_agent2_norm": 2.017944097518921, "E1_agent3_norm": 1.6616301536560059, "E1_agent4_norm": 2.056124210357666, "E2_agent0_norm": 0.7438140511512756, "E2_agent1_norm": 0.7317526936531067, "E2_agent2_norm": 0.9251076579093933, "E2_agent3_norm": 0.8943322896957397, "E2_agent4_norm": 1.2006911039352417, "E3_agent0_norm": 0.6191262602806091, "E3_agent1_norm": 0.5262044072151184, "E3_agent2_norm": 0.6771408915519714, "E3_agent3_norm": 0.5399074554443359, "E3_agent4_norm": 0.5708593130111694, "E4_agent0_norm": 0.4892623722553253, "E4_agent1_norm": 0.34171125292778015, "E4_agent2_norm": 0.3718826472759247, "E4_agent3_norm": 0.33711835741996765, "E4_agent4_norm": 0.4495016634464264, "E5_agent0_norm": 0.4332875609397888, "E5_agent1_norm": 0.2995459735393524, "E5_agent2_norm": 0.28290432691574097, "E5_agent3_norm": 0.2763175964355469, "E5_agent4_norm": 0.4143144488334656, "E6_agent0_norm": 0.30349308252334595, "E6_agent1_norm": 0.2179454118013382, "E6_agent2_norm": 0.21407583355903625, "E6_agent3_norm": 0.21295395493507385, "E6_agent4_norm": 0.27188897132873535, "E7_agent0_norm": 0.2665748596191406, "E7_agent1_norm": 0.15707559883594513, "E7_agent2_norm": 0.1528794914484024, "E7_agent3_norm": 0.14216433465480804, "E7_agent4_norm": 0.17901992797851562, "E8_agent0_norm": 0.24955248832702637, "E8_agent1_norm": 0.126600980758667, "E8_agent2_norm": 0.13772790133953094, "E8_agent3_norm": 0.11915730684995651, "E8_agent4_norm": 0.18193866312503815, "E9_agent0_norm": 0.2500128448009491, "E9_agent1_norm": 0.09763271361589432, "E9_agent2_norm": 0.11121951043605804, "E9_agent3_norm": 0.09285391122102737, "E9_agent4_norm": 0.12726853787899017, "E10_agent0_norm": 0.22147177159786224, "E10_agent1_norm": 0.0740538090467453, "E10_agent2_norm": 0.08874765783548355, "E10_agent3_norm": 0.0752989798784256, "E10_agent4_norm": 0.08675161749124527, "E11_agent0_norm": 0.20118387043476105, "E11_agent1_norm": 0.0760066881775856, "E11_agent2_norm": 0.08779904246330261, "E11_agent3_norm": 0.08085473626852036, "E11_agent4_norm": 0.07915528863668442, "E12_agent0_norm": 0.2019183337688446, "E12_agent1_norm": 0.06109701097011566, "E12_agent2_norm": 0.06900191307067871, "E12_agent3_norm": 0.05662430450320244, "E12_agent4_norm": 0.08530157059431076, "E13_agent0_norm": 0.17254436016082764, "E13_agent1_norm": 0.04928547143936157, "E13_agent2_norm": 0.05827435478568077, "E13_agent3_norm": 0.04882337152957916, "E13_agent4_norm": 0.08635184168815613, "E14_agent0_norm": 0.13172757625579834, "E14_agent1_norm": 0.05116329714655876, "E14_agent2_norm": 0.054868970066308975, "E14_agent3_norm": 0.07365574687719345, "E14_agent4_norm": 0.11385445296764374, "E15_agent0_norm": 0.09942596405744553, "E15_agent1_norm": 0.03217916935682297, "E15_agent2_norm": 0.03520631045103073, "E15_agent3_norm": 0.04024727642536163, "E15_agent4_norm": 0.06408616900444031, "E16_agent0_norm": 0.07317309081554413, "E16_agent1_norm": 0.023710666224360466, "E16_agent2_norm": 0.02967839315533638, "E16_agent3_norm": 0.029242265969514847, "E16_agent4_norm": 0.030372561886906624, "E17_agent0_norm": 0.05237312614917755, "E17_agent1_norm": 0.016762636601924896, "E17_agent2_norm": 0.020519787445664406, "E17_agent3_norm": 0.022502660751342773, "E17_agent4_norm": 0.030883533880114555, "E18_agent0_norm": 0.0355532243847847, "E18_agent1_norm": 0.0112240519374609, "E18_agent2_norm": 0.013874567113816738, "E18_agent3_norm": 0.01567871682345867, "E18_agent4_norm": 0.016574222594499588, "E19_agent0_norm": 0.026798371225595474, "E19_agent1_norm": 0.00776551803573966, "E19_agent2_norm": 0.009572144597768784, "E19_agent3_norm": 0.008205312304198742, "E19_agent4_norm": 0.009713666513562202, "E20_agent0_norm": 0.01842103712260723, "E20_agent1_norm": 0.006469034124165773, "E20_agent2_norm": 0.007351301610469818, "E20_agent3_norm": 0.010996926575899124, "E20_agent4_norm": 0.007595760747790337, "E21_agent0_norm": 0.013840611092746258, "E21_agent1_norm": 0.004547649994492531, "E21_agent2_norm": 0.005346653051674366, "E21_agent3_norm": 0.006610588636249304, "E21_agent4_norm": 0.008296173997223377, "E22_agent0_norm": 0.009321659803390503, "E22_agent1_norm": 0.00308580556884408, "E22_agent2_norm": 0.0034182837698608637, "E22_agent3_norm": 0.005452054087072611, "E22_agent4_norm": 0.006101615261286497, "E23_agent0_norm": 0.006784799043089151, "E23_agent1_norm": 0.0020856063347309828, "E23_agent2_norm": 0.002569842617958784, "E23_agent3_norm": 0.002817399799823761, "E23_agent4_norm": 0.0028300301637500525, "E24_agent0_norm": 0.005100175738334656, "E24_agent1_norm": 0.0014298205496743321, "E24_agent2_norm": 0.0018313763430342078, "E24_agent3_norm": 0.0016600284725427628, "E24_agent4_norm": 0.0016640335088595748, "E25_agent0_norm": 0.0036969513166695833, "E25_agent1_norm": 0.0010580079397186637, "E25_agent2_norm": 0.0012431571958586574, "E25_agent3_norm": 0.0012949295341968536, "E25_agent4_norm": 0.0023246053606271744, "E26_agent0_norm": 0.002527038101106882, "E26_agent1_norm": 0.0007091977167874575, "E26_agent2_norm": 0.0008705375948920846, "E26_agent3_norm": 0.0007724004681222141, "E26_agent4_norm": 0.0009218856575898826, "E27_agent0_norm": 0.001673606806434691, "E27_agent1_norm": 0.0005207248032093048, "E27_agent2_norm": 0.0006077306461520493, "E27_agent3_norm": 0.0007494571036659181, "E27_agent4_norm": 0.000666390114929527, "E28_agent0_norm": 0.0012261137599125504, "E28_agent1_norm": 0.00038156870868988335, "E28_agent2_norm": 0.000437587674241513, "E28_agent3_norm": 0.0007548956200480461, "E28_agent4_norm": 0.0007393034757114947, "E29_agent0_norm": 0.0008515536901541054, "E29_agent1_norm": 0.00023987909662537277, "E29_agent2_norm": 0.0002910095208790153, "E29_agent3_norm": 0.00026294137933291495, "E29_agent4_norm": 0.00035217756521888077, "E30_agent0_norm": 0.0006543353083543479, "E30_agent1_norm": 0.00019558865460567176, "E30_agent2_norm": 0.00023232285457197577, "E30_agent3_norm": 0.0002020138199441135, "E30_agent4_norm": 0.0002992558875121176, "E31_agent0_norm": 0.0004436933377292007, "E31_agent1_norm": 0.00013125420082360506, "E31_agent2_norm": 0.00015393814828712493, "E31_agent3_norm": 0.000199709422304295, "E31_agent4_norm": 0.00024154734273906797, "E32_agent0_norm": 0.0003118983586318791, "E32_agent1_norm": 8.763284859014675e-05, "E32_agent2_norm": 0.00010964033572236076, "E32_agent3_norm": 9.7541073046159e-05, "E32_agent4_norm": 8.723479550099e-05, "E33_agent0_norm": 0.0002168647333746776, "E33_agent1_norm": 6.367269088514149e-05, "E33_agent2_norm": 7.304532482521608e-05, "E33_agent3_norm": 9.94874571915716e-05, "E33_agent4_norm": 0.0001184007924166508, "E34_agent0_norm": 0.00015099548909347504, "E34_agent1_norm": 4.359109152574092e-05, "E34_agent2_norm": 5.1936120144091547e-05, "E34_agent3_norm": 5.34504433744587e-05, "E34_agent4_norm": 7.7640957897529e-05, "E35_agent0_norm": 0.00011007884313585237, "E35_agent1_norm": 3.2569951144978404e-05, "E35_agent2_norm": 3.788963658735156e-05, "E35_agent3_norm": 5.339541894500144e-05, "E35_agent4_norm": 5.219814556767233e-05, "E36_agent0_norm": 7.858569733798504e-05, "E36_agent1_norm": 2.132460576831363e-05, "E36_agent2_norm": 2.7167785447090864e-05, "E36_agent3_norm": 2.3621834770892747e-05, "E36_agent4_norm": 3.211617877241224e-05, "E37_agent0_norm": 5.0759310397552326e-05, "E37_agent1_norm": 1.5473891835426912e-05, "E37_agent2_norm": 1.8223076040158048e-05, "E37_agent3_norm": 2.9935870770714246e-05, "E37_agent4_norm": 2.1089919755468145e-05, "E38_agent0_norm": 3.6610785173252225e-05, "E38_agent1_norm": 1.1296982847852632e-05, "E38_agent2_norm": 1.2704767868854105e-05, "E38_agent3_norm": 2.2905551304575056e-05, "E38_agent4_norm": 2.1436340830405243e-05, "E39_agent0_norm": 2.5688070309115574e-05, "E39_agent1_norm": 8.06324533186853e-06, "E39_agent2_norm": 9.548284651827998e-06, "E39_agent3_norm": 1.6329026038874872e-05, "E39_agent4_norm": 1.13217438411084e-05, "E40_agent0_norm": 1.7774218576960266e-05,