{"E1_agent0_norm": 2.2590084075927734, "E1_agent1_norm": 1.8952317237854004, "E1_agent2_norm": 1.9280312061309814, "E1_agent3_norm": 1.834478497505188, "E1_agent4_norm": 2.01814341545105, "E2_agent0_norm": 0.7656425833702087, "E2_agent1_norm": 0.9980557560920715, "E2_agent2_norm": 1.0064833164215088, "E2_agent3_norm": 0.9933328032493591, "E2_agent4_norm": 1.0222355127334595, "E3_agent0_norm": 0.6722323298454285, "E3_agent1_norm": 0.46775439381599426, "E3_agent2_norm": 0.4592429995536804, "E3_agent3_norm": 0.440954327583313, "E3_agent4_norm": 0.5966460108757019, "E4_agent0_norm": 0.4677354097366333, "E4_agent1_norm": 0.346110999584198, "E4_agent2_norm": 0.36162155866622925, "E4_agent3_norm": 0.32557788491249084, "E4_agent4_norm": 0.36521831154823303, "E5_agent0_norm": 0.4673823416233063, "E5_agent1_norm": 0.2636973261833191, "E5_agent2_norm": 0.3009159564971924, "E5_agent3_norm": 0.2979796230792999, "E5_agent4_norm": 0.3200060725212097, "E6_agent0_norm": 0.356851726770401, "E6_agent1_norm": 0.24282123148441315, "E6_agent2_norm": 0.2114851325750351, "E6_agent3_norm": 0.25040850043296814, "E6_agent4_norm": 0.2818089723587036, "E7_agent0_norm": 0.31249406933784485, "E7_agent1_norm": 0.1818946897983551, "E7_agent2_norm": 0.1591644138097763, "E7_agent3_norm": 0.1671038120985031, "E7_agent4_norm": 0.18639492988586426, "E8_agent0_norm": 0.2722451388835907, "E8_agent1_norm": 0.13564112782478333, "E8_agent2_norm": 0.12141472846269608, "E8_agent3_norm": 0.12058676034212112, "E8_agent4_norm": 0.14834479987621307, "E9_agent0_norm": 0.27910128235816956, "E9_agent1_norm": 0.1207781657576561, "E9_agent2_norm": 0.10539403557777405, "E9_agent3_norm": 0.11324214190244675, "E9_agent4_norm": 0.14004813134670258, "E10_agent0_norm": 0.24438902735710144, "E10_agent1_norm": 0.09117700904607773, "E10_agent2_norm": 0.08875924348831177, "E10_agent3_norm": 0.09839102625846863, "E10_agent4_norm": 0.1307598203420639, "E11_agent0_norm": 0.22335185110569, "E11_agent1_norm": 0.07257761806249619, "E11_agent2_norm": 0.07458578050136566, "E11_agent3_norm": 0.0870884358882904, "E11_agent4_norm": 0.09749867767095566, "E12_agent0_norm": 0.207876518368721, "E12_agent1_norm": 0.060302551835775375, "E12_agent2_norm": 0.06054629385471344, "E12_agent3_norm": 0.06627731025218964, "E12_agent4_norm": 0.07538139075040817, "E13_agent0_norm": 0.16057564318180084, "E13_agent1_norm": 0.05083971098065376, "E13_agent2_norm": 0.04631006717681885, "E13_agent3_norm": 0.04944374039769173, "E13_agent4_norm": 0.06617686152458191, "E14_agent0_norm": 0.13505950570106506, "E14_agent1_norm": 0.05365799367427826, "E14_agent2_norm": 0.05009111016988754, "E14_agent3_norm": 0.08891808241605759, "E14_agent4_norm": 0.09767160564661026, "E15_agent0_norm": 0.09813382476568222, "E15_agent1_norm": 0.03003968670964241, "E15_agent2_norm": 0.029805898666381836, "E15_agent3_norm": 0.03609061241149902, "E15_agent4_norm": 0.0719122365117073, "E16_agent0_norm": 0.07087071239948273, "E16_agent1_norm": 0.022790800780057907, "E16_agent2_norm": 0.022258711978793144, "E16_agent3_norm": 0.02562418021261692, "E16_agent4_norm": 0.02817869931459427, "E17_agent0_norm": 0.04999503120779991, "E17_agent1_norm": 0.016377994790673256, "E17_agent2_norm": 0.015130877494812012, "E17_agent3_norm": 0.024968871846795082, "E17_agent4_norm": 0.03999719023704529, "E18_agent0_norm": 0.032082315534353256, "E18_agent1_norm": 0.012174516916275024, "E18_agent2_norm": 0.011908799409866333, "E18_agent3_norm": 0.019947614520788193, "E18_agent4_norm": 0.011580153368413448, "E19_agent0_norm": 0.026729464530944824, "E19_agent1_norm": 0.008318559266626835, "E19_agent2_norm": 0.007653614040464163, "E19_agent3_norm": 0.008852764964103699, "E19_agent4_norm": 0.011241061612963676, "E20_agent0_norm": 0.018202759325504303, "E20_agent1_norm": 0.006188895087689161, "E20_agent2_norm": 0.005370762664824724, "E20_agent3_norm": 0.006241583731025457, "E20_agent4_norm": 0.005622032098472118, "E21_agent0_norm": 0.014109842479228973, "E21_agent1_norm": 0.00464725261554122, "E21_agent2_norm": 0.004256262443959713, "E21_agent3_norm": 0.00736961979418993, "E21_agent4_norm": 0.005565444473177195, "E22_agent0_norm": 0.010014178231358528, "E22_agent1_norm": 0.003505338914692402, "E22_agent2_norm": 0.003214015159755945, "E22_agent3_norm": 0.00825124979019165, "E22_agent4_norm": 0.005279523320496082, "E23_agent0_norm": 0.007390899118036032, "E23_agent1_norm": 0.0022263838909566402, "E23_agent2_norm": 0.00206512538716197, "E23_agent3_norm": 0.003508260240778327, "E23_agent4_norm": 0.004169328138232231, "E24_agent0_norm": 0.004910013638436794, "E24_agent1_norm": 0.0017069290624931455, "E24_agent2_norm": 0.0013846056535840034, "E24_agent3_norm": 0.002376336371526122, "E24_agent4_norm": 0.001527500106021762, "E25_agent0_norm": 0.003730807453393936, "E25_agent1_norm": 0.0011568107875064015, "E25_agent2_norm": 0.0010507494444027543, "E25_agent3_norm": 0.001299919793382287, "E25_agent4_norm": 0.0013832916738465428, "E26_agent0_norm": 0.0024001894053071737, "E26_agent1_norm": 0.0008167288033291698, "E26_agent2_norm": 0.000770998012740165, "E26_agent3_norm": 0.0010276230750605464, "E26_agent4_norm": 0.0007008991669863462, "E27_agent0_norm": 0.0019111171131953597, "E27_agent1_norm": 0.0005521954735741019, "E27_agent2_norm": 0.0005198830622248352, "E27_agent3_norm": 0.001028931699693203, "E27_agent4_norm": 0.0010034437291324139, "E28_agent0_norm": 0.001240887795574963, "E28_agent1_norm": 0.00041462574154138565, "E28_agent2_norm": 0.00036116299452260137, "E28_agent3_norm": 0.0005532987415790558, "E28_agent4_norm": 0.00037827153573744, "E29_agent0_norm": 0.0009546936489641666, "E29_agent1_norm": 0.0002791706647258252, "E29_agent2_norm": 0.0002648323425091803, "E29_agent3_norm": 0.0003681683156173676, "E29_agent4_norm": 0.0008771693683229387, "E30_agent0_norm": 0.0006739991367794573, "E30_agent1_norm": 0.00019232791964896023, "E30_agent2_norm": 0.00018340836686547846, "E30_agent3_norm": 0.00033952773083001375, "E30_agent4_norm": 0.0003831310314126313, "E31_agent0_norm": 0.00044482183875516057, "E31_agent1_norm": 0.00012962402252014726, "E31_agent2_norm": 0.00012870601494796574, "E31_agent3_norm": 0.00021457078400999308, "E31_agent4_norm": 0.000188497404451482, "E32_agent0_norm": 0.0003411410143598914, "E32_agent1_norm": 9.542090265313163e-05, "E32_agent2_norm": 9.092738764593378e-05, "E32_agent3_norm": 0.00010416098666610196, "E32_agent4_norm": 0.000141004886245355, "E33_agent0_norm": 0.00022933020954951644, "E33_agent1_norm": 6.868601485621184e-05, "E33_agent2_norm": 6.498584116343409e-05, "E33_agent3_norm": 0.00015515249106101692, "E33_agent4_norm": 9.153561404673383e-05, "E34_agent0_norm": 0.000166940939379856, "E34_agent1_norm": 4.6977227611932904e-05, "E34_agent2_norm": 4.960387013852596e-05, "E34_agent3_norm": 4.679548874264583e-05, "E34_agent4_norm": 8.364289533346891e-05, "E35_agent0_norm": 0.00011543528671609238, "E35_agent1_norm": 3.4932189009850845e-05, "E35_agent2_norm": 3.1605581170879304e-05, "E35_agent3_norm": 8.245430217357352e-05, "E35_agent4_norm": 6.53806418995373e-05, "E36_agent0_norm": 7.921567157609388e-05, "E36_agent1_norm": 2.2702412024955265e-05, "E36_agent2_norm": 2.149010651919525e-05, "E36_agent3_norm": 5.196837446419522e-05, "E36_agent4_norm": 5.455334030557424e-05, "E37_agent0_norm": 5.656438952428289e-05, "E37_agent1_norm": 1.6435384168289602e-05, "E37_agent2_norm": 1.5223175978462677e-05, "E37_agent3_norm": 2.8039499738952145e-05, "E37_agent4_norm": 4.059364437125623e-05, "E38_agent0_norm": 3.8907601265236735e-05, "E38_agent1_norm": 1.0950864634651225e-05, "E38_agent2_norm": 1.0202811608905904e-05, "E38_agent3_norm": 1.5001779502199497e-05, "E38_agent4_norm": 2.289727854076773e-05, "E39_agent0_norm": 2.8115853638155386e-05, "E39_agent1_norm": 7.975063454068732e-06, "E39_agent2_norm": 7.542668754467741e-06, "E39_agent3_norm": 1.1598996024986263e-05, "E39_agent4_norm": 1.5832145436434075e-05, "E40_agent0_norm": 1.9327471818542108e-05,