{"E1_agent0_norm": 2.2104575634002686, "E1_agent1_norm": 1.9108529090881348, "E1_agent2_norm": 1.9026459455490112, "E1_agent3_norm": 1.6620397567749023, "E1_agent4_norm": 2.1174004077911377, "E2_agent0_norm": 0.796482503414154, "E2_agent1_norm": 0.791005551815033, "E2_agent2_norm": 0.8981590867042542, "E2_agent3_norm": 0.900557279586792, "E2_agent4_norm": 1.0622872114181519, "E3_agent0_norm": 0.6572429537773132, "E3_agent1_norm": 0.46979156136512756, "E3_agent2_norm": 0.45242103934288025, "E3_agent3_norm": 0.4500686824321747, "E3_agent4_norm": 0.6033691763877869, "E4_agent0_norm": 0.46573248505592346, "E4_agent1_norm": 0.3487566411495209, "E4_agent2_norm": 0.33358234167099, "E4_agent3_norm": 0.3214014768600464, "E4_agent4_norm": 0.5276246666908264, "E5_agent0_norm": 0.43951913714408875, "E5_agent1_norm": 0.3402908146381378, "E5_agent2_norm": 0.27678442001342773, "E5_agent3_norm": 0.32899126410484314, "E5_agent4_norm": 0.3716643452644348, "E6_agent0_norm": 0.31916359066963196, "E6_agent1_norm": 0.2258039265871048, "E6_agent2_norm": 0.19191056489944458, "E6_agent3_norm": 0.20465034246444702, "E6_agent4_norm": 0.21044376492500305, "E7_agent0_norm": 0.3100929260253906, "E7_agent1_norm": 0.18242938816547394, "E7_agent2_norm": 0.15765266120433807, "E7_agent3_norm": 0.15257705748081207, "E7_agent4_norm": 0.2045840173959732, "E8_agent0_norm": 0.3060288727283478, "E8_agent1_norm": 0.14137279987335205, "E8_agent2_norm": 0.13977183401584625, "E8_agent3_norm": 0.14335280656814575, "E8_agent4_norm": 0.20397956669330597, "E9_agent0_norm": 0.25463151931762695, "E9_agent1_norm": 0.10369790345430374, "E9_agent2_norm": 0.10704400390386581, "E9_agent3_norm": 0.09222999960184097, "E9_agent4_norm": 0.1402967870235443, "E10_agent0_norm": 0.26730504631996155, "E10_agent1_norm": 0.08869832009077072, "E10_agent2_norm": 0.08702756464481354, "E10_agent3_norm": 0.08545028418302536, "E10_agent4_norm": 0.1277673989534378, "E11_agent0_norm": 0.24617093801498413, "E11_agent1_norm": 0.07715214043855667, "E11_agent2_norm": 0.08840916305780411, "E11_agent3_norm": 0.0893530398607254, "E11_agent4_norm": 0.12841403484344482, "E12_agent0_norm": 0.22875887155532837, "E12_agent1_norm": 0.06637252867221832, "E12_agent2_norm": 0.06942406296730042, "E12_agent3_norm": 0.08249866962432861, "E12_agent4_norm": 0.12094297260046005, "E13_agent0_norm": 0.18873758614063263, "E13_agent1_norm": 0.07849329710006714, "E13_agent2_norm": 0.07978285104036331, "E13_agent3_norm": 0.11445440351963043, "E13_agent4_norm": 0.1461280882358551, "E14_agent0_norm": 0.150716632604599, "E14_agent1_norm": 0.04657120257616043, "E14_agent2_norm": 0.04442962259054184, "E14_agent3_norm": 0.04738690331578255, "E14_agent4_norm": 0.11040317267179489, "E15_agent0_norm": 0.11545633524656296, "E15_agent1_norm": 0.03687215968966484, "E15_agent2_norm": 0.03335336223244667, "E15_agent3_norm": 0.03536626324057579, "E15_agent4_norm": 0.06446477025747299, "E16_agent0_norm": 0.07540704309940338, "E16_agent1_norm": 0.02417747490108013, "E16_agent2_norm": 0.02378646656870842, "E16_agent3_norm": 0.025859596207737923, "E16_agent4_norm": 0.06380973756313324, "E17_agent0_norm": 0.05010868236422539, "E17_agent1_norm": 0.017087077721953392, "E17_agent2_norm": 0.016035547479987144, "E17_agent3_norm": 0.016139037907123566, "E17_agent4_norm": 0.018601367250084877, "E18_agent0_norm": 0.03832874074578285, "E18_agent1_norm": 0.012594432570040226, "E18_agent2_norm": 0.012723714113235474, "E18_agent3_norm": 0.017490360885858536, "E18_agent4_norm": 0.032060153782367706, "E19_agent0_norm": 0.024636970832943916, "E19_agent1_norm": 0.009382156655192375, "E19_agent2_norm": 0.010111533105373383, "E19_agent3_norm": 0.019248923286795616, "E19_agent4_norm": 0.010989313013851643, "E20_agent0_norm": 0.019388210028409958, "E20_agent1_norm": 0.00667655561119318, "E20_agent2_norm": 0.00689702108502388, "E20_agent3_norm": 0.012185734696686268, "E20_agent4_norm": 0.011675592511892319, "E21_agent0_norm": 0.013987984508275986, "E21_agent1_norm": 0.004472035448998213, "E21_agent2_norm": 0.00436391169205308, "E21_agent3_norm": 0.0048221140168607235, "E21_agent4_norm": 0.010405515320599079, "E22_agent0_norm": 0.009782309643924236, "E22_agent1_norm": 0.003195998491719365, "E22_agent2_norm": 0.0030301790684461594, "E22_agent3_norm": 0.0032992269843816757, "E22_agent4_norm": 0.004128257278352976, "E23_agent0_norm": 0.00693761371076107, "E23_agent1_norm": 0.0023649362847208977, "E23_agent2_norm": 0.0022482844069600105, "E23_agent3_norm": 0.0025613969191908836, "E23_agent4_norm": 0.003298870986327529, "E24_agent0_norm": 0.0053852922283113, "E24_agent1_norm": 0.001773430616594851, "E24_agent2_norm": 0.0016982940724119544, "E24_agent3_norm": 0.0016971585573628545, "E24_agent4_norm": 0.003436611732468009, "E25_agent0_norm": 0.003468942828476429, "E25_agent1_norm": 0.001128247706219554, "E25_agent2_norm": 0.0010762620950117707, "E25_agent3_norm": 0.0011410032166168094, "E25_agent4_norm": 0.0015612809220328927, "E26_agent0_norm": 0.002420110162347555, "E26_agent1_norm": 0.0009207780822180212, "E26_agent2_norm": 0.0007539333892054856, "E26_agent3_norm": 0.00078276835847646, "E26_agent4_norm": 0.0008210985106416047, "E27_agent0_norm": 0.0017178766429424286, "E27_agent1_norm": 0.0005586603656411171, "E27_agent2_norm": 0.0005312723806127906, "E27_agent3_norm": 0.0007588520529679954, "E27_agent4_norm": 0.0007763062603771687, "E28_agent0_norm": 0.001231732894666493, "E28_agent1_norm": 0.00042760581709444523, "E28_agent2_norm": 0.00038218210102058947, "E28_agent3_norm": 0.00043505782377906144, "E28_agent4_norm": 0.000475430628284812, "E29_agent0_norm": 0.000892411160748452, "E29_agent1_norm": 0.0002992339141201228, "E29_agent2_norm": 0.00027745033730752766, "E29_agent3_norm": 0.0003850717912428081, "E29_agent4_norm": 0.00035904927062802017, "E30_agent0_norm": 0.0006321077235043049, "E30_agent1_norm": 0.00020760743063874543, "E30_agent2_norm": 0.00020665247575379908, "E30_agent3_norm": 0.00038905753172002733, "E30_agent4_norm": 0.00037768753827549517, "E31_agent0_norm": 0.0004430542467162013, "E31_agent1_norm": 0.0001454622542951256, "E31_agent2_norm": 0.00013844722707290202, "E31_agent3_norm": 0.00020123830472584814, "E31_agent4_norm": 0.0001867076789494604, "E32_agent0_norm": 0.00030479198903776705, "E32_agent1_norm": 0.00010250135528622195, "E32_agent2_norm": 0.00010051752178696916, "E32_agent3_norm": 0.00014479277888312936, "E32_agent4_norm": 0.00015887842164374888, "E33_agent0_norm": 0.00022580192307941616, "E33_agent1_norm": 7.281887519638985e-05, "E33_agent2_norm": 7.166434807004407e-05, "E33_agent3_norm": 0.00015199321205727756, "E33_agent4_norm": 0.00019809036166407168, "E34_agent0_norm": 0.00015178823377937078, "E34_agent1_norm": 4.8966558097163215e-05, "E34_agent2_norm": 4.745980550069362e-05, "E34_agent3_norm": 5.2798692195210606e-05, "E34_agent4_norm": 8.852688188198954e-05, "E35_agent0_norm": 0.00010718777048168704, "E35_agent1_norm": 3.692531754495576e-05, "E35_agent2_norm": 3.7123165384400636e-05, "E35_agent3_norm": 6.575525912921876e-05, "E35_agent4_norm": 4.27899431088008e-05, "E36_agent0_norm": 7.94009247329086e-05, "E36_agent1_norm": 2.4532304450985976e-05, "E36_agent2_norm": 2.3636050173081458e-05, "E36_agent3_norm": 2.95470526907593e-05, "E36_agent4_norm": 4.029200863442384e-05, "E37_agent0_norm": 5.45752263860777e-05, "E37_agent1_norm": 1.7750724509824067e-05, "E37_agent2_norm": 1.6828986190375872e-05, "E37_agent3_norm": 2.8261127226869576e-05, "E37_agent4_norm": 2.8772676159860566e-05, "E38_agent0_norm": 3.8148093153722584e-05, "E38_agent1_norm": 1.2465555300877895e-05, "E38_agent2_norm": 1.1884104424098041e-05, "E38_agent3_norm": 1.246109968633391e-05, "E38_agent4_norm": 2.1870942873647436e-05, "E39_agent0_norm": 2.442287041048985e-05, "E39_agent1_norm": 8.462027835776098e-06, "E39_agent2_norm": 8.241169780376367e-06, "E39_agent3_norm": 1.0724668754846789e-05, "E39_agent4_norm": 9.036183655553032e-06, "E40_agent0_norm": 1.827722735470161e-05,