{"Agent0_Epoch1": 0.29501044750213623, "Agent1_Epoch1": 0.29285407066345215, "Agent2_Epoch1": 0.9936169981956482, "Agent3_Epoch1": 0.9993794560432434, "Agent4_Epoch1": 0.9998504519462585, "Agent0_Epoch2": 0.058165669441223145, "Agent1_Epoch2": 0.2929675579071045, "Agent2_Epoch2": 0.3022347688674927, "Agent3_Epoch2": 0.3014097809791565, "Agent4_Epoch2": 0.30968838930130005, "Agent0_Epoch3": 0.033609092235565186, "Agent1_Epoch3": 0.13586407899856567, "Agent2_Epoch3": 0.14106154441833496, "Agent3_Epoch3": 0.1347218155860901, "Agent4_Epoch3": 0.14464032649993896, "Agent0_Epoch4": 0.021084308624267578, "Agent1_Epoch4": 0.06567561626434326, "Agent2_Epoch4": 0.06576251983642578, "Agent3_Epoch4": 0.06392073631286621, "Agent4_Epoch4": 0.06966185569763184, "Agent0_Epoch5": 0.01395106315612793, "Agent1_Epoch5": 0.034173548221588135, "Agent2_Epoch5": 0.034242451190948486, "Agent3_Epoch5": 0.03408318758010864, "Agent4_Epoch5": 0.03533214330673218, "Agent0_Epoch6": 0.009526073932647705, "Agent1_Epoch6": 0.01935654878616333, "Agent2_Epoch6": 0.019040048122406006, "Agent3_Epoch6": 0.019068777561187744, "Agent4_Epoch6": 0.020715415477752686, "Agent0_Epoch7": 0.006770193576812744, "Agent1_Epoch7": 0.011899232864379883, "Agent2_Epoch7": 0.012107491493225098, "Agent3_Epoch7": 0.011582255363464355, "Agent4_Epoch7": 0.012567639350891113, "Agent0_Epoch8": 0.005111992359161377, "Agent1_Epoch8": 0.008026123046875, "Agent2_Epoch8": 0.008355379104614258, "Agent3_Epoch8": 0.007738351821899414, "Agent4_Epoch8": 0.009283125400543213, "Agent0_Epoch9": 0.004085540771484375, "Agent1_Epoch9": 0.0058632493019104, "Agent2_Epoch9": 0.006147027015686035, "Agent3_Epoch9": 0.005526602268218994, "Agent4_Epoch9": 0.006701350212097168, "Agent0_Epoch10": 0.003335416316986084, "Agent1_Epoch10": 0.00446164608001709, "Agent2_Epoch10": 0.004935324192047119, "Agent3_Epoch10": 0.003947317600250244, "Agent4_Epoch10": 0.005130350589752197, "Agent0_Epoch11": 0.002830326557159424, "Agent1_Epoch11": 0.0035817623138427734, "Agent2_Epoch11": 0.003965318202972412, "Agent3_Epoch11": 0.0033684372901916504, "Agent4_Epoch11": 0.004260838031768799, "Agent0_Epoch12": 0.0025048255920410156, "Agent1_Epoch12": 0.00303494930267334, "Agent2_Epoch12": 0.003274202346801758, "Agent3_Epoch12": 0.0025663375854492188, "Agent4_Epoch12": 0.0036696195602416992, "Agent0_Epoch13": 0.0021382570266723633, "Agent1_Epoch13": 0.0025017857551574707, "Agent2_Epoch13": 0.0026792287826538086, "Agent3_Epoch13": 0.0020904541015625, "Agent4_Epoch13": 0.0030559301376342773, "Agent0_Epoch14": 0.0017645955085754395, "Agent1_Epoch14": 0.0020079612731933594, "Agent2_Epoch14": 0.0019940733909606934, "Agent3_Epoch14": 0.0016847848892211914, "Agent4_Epoch14": 0.002021491527557373, "Agent0_Epoch15": 0.0013298988342285156, "Agent1_Epoch15": 0.0014792680740356445, "Agent2_Epoch15": 0.0014740228652954102, "Agent3_Epoch15": 0.0013917088508605957, "Agent4_Epoch15": 0.0017154216766357422, "Agent0_Epoch16": 0.0009927153587341309, "Agent1_Epoch16": 0.0010840296745300293, "Agent2_Epoch16": 0.001095592975616455, "Agent3_Epoch16": 0.0009908676147460938, "Agent4_Epoch16": 0.001220107078552246, "Agent0_Epoch17": 0.0007190704345703125, "Agent1_Epoch17": 0.0007732510566711426, "Agent2_Epoch17": 0.0007851719856262207, "Agent3_Epoch17": 0.0007147789001464844, "Agent4_Epoch17": 0.0007579326629638672, "Agent0_Epoch18": 0.0004989504814147949, "Agent1_Epoch18": 0.0005297064781188965, "Agent2_Epoch18": 0.0005347728729248047, "Agent3_Epoch18": 0.0005224943161010742, "Agent4_Epoch18": 0.0005638599395751953, "Agent0_Epoch19": 0.0003466606140136719, "Agent1_Epoch19": 0.0003642439842224121, "Agent2_Epoch19": 0.0003655552864074707, "Agent3_Epoch19": 0.000345766544342041, "Agent4_Epoch19": 0.00038868188858032227, "Agent0_Epoch20": 0.0002371072769165039, "Agent1_Epoch20": 0.0002467632293701172, "Agent2_Epoch20": 0.0002478957176208496, "Agent3_Epoch20": 0.0002497434616088867, "Agent4_Epoch20": 0.00025457143783569336, "Agent0_Epoch21": 0.00016188621520996094, "Agent1_Epoch21": 0.00016736984252929688, "Agent2_Epoch21": 0.00016671419143676758, "Agent3_Epoch21": 0.00016736984252929688, "Agent4_Epoch21": 0.00017660856246948242, "Agent0_Epoch22": 0.00010973215103149414, "Agent1_Epoch22": 0.00011277198791503906, "Agent2_Epoch22": 0.00011235475540161133, "Agent3_Epoch22": 0.00011223554611206055, "Agent4_Epoch22": 0.00011879205703735352, "Agent0_Epoch23": 7.37905502319336e-05, "Agent1_Epoch23": 7.534027099609375e-05, "Agent2_Epoch23": 7.37905502319336e-05, "Agent3_Epoch23": 7.152557373046875e-05, "Agent4_Epoch23": 7.647275924682617e-05, "Agent0_Epoch24": 4.875659942626953e-05, "Agent1_Epoch24": 4.965066909790039e-05, "Agent2_Epoch24": 4.982948303222656e-05, "Agent3_Epoch24": 4.869699478149414e-05, "Agent4_Epoch24": 5.1081180572509766e-05, "Agent0_Epoch25": 3.230571746826172e-05, "Agent1_Epoch25": 3.2901763916015625e-05, "Agent2_Epoch25": 3.2901763916015625e-05, "Agent3_Epoch25": 3.24249267578125e-05, "Agent4_Epoch25": 3.2961368560791016e-05, "Agent0_Epoch26": 2.1338462829589844e-05, "Agent1_Epoch26": 2.1576881408691406e-05, "Agent2_Epoch26": 2.1636486053466797e-05, "Agent3_Epoch26": 2.1219253540039062e-05, "Agent4_Epoch26": 2.1636486053466797e-05, "Agent0_Epoch27": 1.4007091522216797e-05, "Agent1_Epoch27": 1.4126300811767578e-05, "Agent2_Epoch27": 1.4126300811767578e-05, "Agent3_Epoch27": 1.4066696166992188e-05, "Agent4_Epoch27": 1.4424324035644531e-05, "Agent0_Epoch28": 9.238719940185547e-06, "Agent1_Epoch28": 9.238719940185547e-06, "Agent2_Epoch28": 9.238719940185547e-06, "Agent3_Epoch28": 9.000301361083984e-06, "Agent4_Epoch28": 9.417533874511719e-06, "Agent0_Epoch29": 5.9604644775390625e-06, "Agent1_Epoch29": 6.079673767089844e-06, "Agent2_Epoch29": 5.9604644775390625e-06, "Agent3_Epoch29": 5.9604644775390625e-06, "Agent4_Epoch29": 6.079673767089844e-06, "Agent0_Epoch30": 3.814697265625e-06, "Agent1_Epoch30": 3.814697265625e-06, "Agent2_Epoch30": 3.814697265625e-06, "Agent3_Epoch30": 3.7550926208496094e-06, "Agent4_Epoch30": 3.814697265625e-06, "Agent0_Epoch31": 2.5033950805664062e-06, "Agent1_Epoch31": 2.5033950805664062e-06, "Agent2_Epoch31": 2.5033950805664062e-06, "Agent3_Epoch31": 2.5033950805664062e-06, "Agent4_Epoch31": 2.5033950805664062e-06, "Agent0_Epoch32": 1.6093254089355469e-06, "Agent1_Epoch32": 1.4901161193847656e-06, "Agent2_Epoch32": 1.6093254089355469e-06, "Agent3_Epoch32": 1.6093254089355469e-06, "Agent4_Epoch32": 1.6093254089355469e-06, "Agent0_Epoch33": 1.0132789611816406e-06, "Agent1_Epoch33": 9.5367431640625e-07, "Agent2_Epoch33": 1.0132789611816406e-06, "Agent3_Epoch33": 1.0132789611816406e-06, "Agent4_Epoch33": 1.1324882507324219e-06, "Agent0_Epoch34": 6.556510925292969e-07, "Agent1_Epoch34": 7.152557373046875e-07, "Agent2_Epoch34": 7.152557373046875e-07, "Agent3_Epoch34": 7.152557373046875e-07, "Agent4_Epoch34": 7.152557373046875e-07, "Agent0_Epoch35": 3.5762786865234375e-07, "Agent1_Epoch35": 3.5762786865234375e-07, "Agent2_Epoch35": 4.76837158203125e-07, "Agent3_Epoch35": 3.5762786865234375e-07, "Agent4_Epoch35": 4.76837158203125e-07, "Agent0_Epoch36": 1.7881393432617188e-07, "Agent1_Epoch36": 1.7881393432617188e-07, "Agent2_Epoch36": 2.980232238769531e-07, "Agent3_Epoch36": 1.7881393432617188e-07, "Agent4_Epoch36": 1.7881393432617188e-07, "Agent0_Epoch37": 1.1920928955078125e-07, "Agent1_Epoch37": 1.7881393432617188e-07, "Agent2_Epoch37": 1.1920928955078125e-07, "Agent3_Epoch37": 1.1920928955078125e-07, "Agent4_Epoch37": 1.1920928955078125e-07, "Agent0_Epoch38": 1.1920928955078125e-07, "Agent1_Epoch38": 0.0, "Agent2_Epoch38": 1.1920928955078125e-07, "Agent3_Epoch38": 0.0, "Agent4_Epoch38": 1.1920928955078125e-07, "Agent0_Epoch39": -1.1920928955078125e-07, "Agent1_Epoch39": 1.1920928955078125e-07, "Agent2_Epoch39": 0.0, "Agent3_Epoch39": 1.1920928955078125e-07, "Agent4_Epoch39": 0.0, "Agent0_Epoch40": 1.1920928955078125e-07, "Agent1_Epoch40": 0.0, "Agent2_Epoch40": 0.0, "Agent3_Epoch40": -1.1920928955078125e-07, "Agent4_Epoch40": 0.0,