{"E1_agent0_norm": 2.3307535648345947, "E1_agent1_norm": 1.7764581441879272, "E1_agent2_norm": 1.9510915279388428, "E1_agent3_norm": 1.7364840507507324, "E1_agent4_norm": 2.0574755668640137, "E2_agent0_norm": 0.7886538505554199, "E2_agent1_norm": 0.9559354186058044, "E2_agent2_norm": 0.9675804376602173, "E2_agent3_norm": 0.6941903233528137, "E2_agent4_norm": 0.9205033779144287, "E3_agent0_norm": 0.6552218794822693, "E3_agent1_norm": 0.43294286727905273, "E3_agent2_norm": 0.5624127984046936, "E3_agent3_norm": 0.42722055315971375, "E3_agent4_norm": 0.6633904576301575, "E4_agent0_norm": 0.46960335969924927, "E4_agent1_norm": 0.30532610416412354, "E4_agent2_norm": 0.3833240270614624, "E4_agent3_norm": 0.3122830390930176, "E4_agent4_norm": 0.3432276248931885, "E5_agent0_norm": 0.3834671676158905, "E5_agent1_norm": 0.2470802217721939, "E5_agent2_norm": 0.28189617395401, "E5_agent3_norm": 0.265165776014328, "E5_agent4_norm": 0.4137209355831146, "E6_agent0_norm": 0.3517860770225525, "E6_agent1_norm": 0.21528886258602142, "E6_agent2_norm": 0.2281302958726883, "E6_agent3_norm": 0.20839406549930573, "E6_agent4_norm": 0.26229938864707947, "E7_agent0_norm": 0.30550432205200195, "E7_agent1_norm": 0.16824063658714294, "E7_agent2_norm": 0.1628435105085373, "E7_agent3_norm": 0.1550041288137436, "E7_agent4_norm": 0.19541874527931213, "E8_agent0_norm": 0.3049222230911255, "E8_agent1_norm": 0.13343383371829987, "E8_agent2_norm": 0.11798350512981415, "E8_agent3_norm": 0.10738768428564072, "E8_agent4_norm": 0.15010596811771393, "E9_agent0_norm": 0.2552933394908905, "E9_agent1_norm": 0.0962209403514862, "E9_agent2_norm": 0.09304029494524002, "E9_agent3_norm": 0.0946420431137085, "E9_agent4_norm": 0.12995393574237823, "E10_agent0_norm": 0.24668791890144348, "E10_agent1_norm": 0.13306672871112823, "E10_agent2_norm": 0.10850000381469727, "E10_agent3_norm": 0.15095557272434235, "E10_agent4_norm": 0.1351606547832489, "E11_agent0_norm": 0.2581091821193695, "E11_agent1_norm": 0.08056649565696716, "E11_agent2_norm": 0.07624129205942154, "E11_agent3_norm": 0.07974333316087723, "E11_agent4_norm": 0.10266908258199692, "E12_agent0_norm": 0.22477638721466064, "E12_agent1_norm": 0.06992325931787491, "E12_agent2_norm": 0.06747428327798843, "E12_agent3_norm": 0.0700874924659729, "E12_agent4_norm": 0.08363273739814758, "E13_agent0_norm": 0.17113377153873444, "E13_agent1_norm": 0.05708833038806915, "E13_agent2_norm": 0.05190258100628853, "E13_agent3_norm": 0.0640421062707901, "E13_agent4_norm": 0.09978189319372177, "E14_agent0_norm": 0.14831046760082245, "E14_agent1_norm": 0.04223257675766945, "E14_agent2_norm": 0.04453284293413162, "E14_agent3_norm": 0.04919659346342087, "E14_agent4_norm": 0.06803560256958008, "E15_agent0_norm": 0.09449196606874466, "E15_agent1_norm": 0.03403331711888313, "E15_agent2_norm": 0.033946339040994644, "E15_agent3_norm": 0.034591272473335266, "E15_agent4_norm": 0.030702216550707817, "E16_agent0_norm": 0.07432050257921219, "E16_agent1_norm": 0.025890132412314415, "E16_agent2_norm": 0.025858541950583458, "E16_agent3_norm": 0.03455791622400284, "E16_agent4_norm": 0.051025524735450745, "E17_agent0_norm": 0.05433886498212814, "E17_agent1_norm": 0.016147227957844734, "E17_agent2_norm": 0.017155125737190247, "E17_agent3_norm": 0.017450571060180664, "E17_agent4_norm": 0.02760435827076435, "E18_agent0_norm": 0.03755050152540207, "E18_agent1_norm": 0.012210473418235779, "E18_agent2_norm": 0.012094283476471901, "E18_agent3_norm": 0.016765734180808067, "E18_agent4_norm": 0.018378639593720436, "E19_agent0_norm": 0.03124971129000187, "E19_agent1_norm": 0.010139540769159794, "E19_agent2_norm": 0.009469219483435154, "E19_agent3_norm": 0.009682408533990383, "E19_agent4_norm": 0.02067769318819046, "E20_agent0_norm": 0.01935945451259613, "E20_agent1_norm": 0.0073216683231294155, "E20_agent2_norm": 0.00649936031550169, "E20_agent3_norm": 0.012132641859352589, "E20_agent4_norm": 0.00852716900408268, "E21_agent0_norm": 0.014457862824201584, "E21_agent1_norm": 0.004029484465718269, "E21_agent2_norm": 0.0044607846066355705, "E21_agent3_norm": 0.0043922602199018, "E21_agent4_norm": 0.0068827904760837555, "E22_agent0_norm": 0.010555642656981945, "E22_agent1_norm": 0.002884584479033947, "E22_agent2_norm": 0.0030788967851549387, "E22_agent3_norm": 0.0033402936533093452, "E22_agent4_norm": 0.004541242495179176, "E23_agent0_norm": 0.007132289931178093, "E23_agent1_norm": 0.002102764556184411, "E23_agent2_norm": 0.002218743087723851, "E23_agent3_norm": 0.003143522422760725, "E23_agent4_norm": 0.0029910749290138483, "E24_agent0_norm": 0.0050762491300702095, "E24_agent1_norm": 0.0014087235322222114, "E24_agent2_norm": 0.0014856801135465503, "E24_agent3_norm": 0.0015864218585193157, "E24_agent4_norm": 0.0017994194058701396, "E25_agent0_norm": 0.0037093423306941986, "E25_agent1_norm": 0.0010871171252802014, "E25_agent2_norm": 0.0011634866241365671, "E25_agent3_norm": 0.0022641243413090706, "E25_agent4_norm": 0.002737692790105939, "E26_agent0_norm": 0.002691401867195964, "E26_agent1_norm": 0.0007311724475584924, "E26_agent2_norm": 0.0007764230249449611, "E26_agent3_norm": 0.0008741625351831317, "E26_agent4_norm": 0.0016630449099466205, "E27_agent0_norm": 0.0017891585594043136, "E27_agent1_norm": 0.00048013211926445365, "E27_agent2_norm": 0.0005243621999397874, "E27_agent3_norm": 0.0005514507065527141, "E27_agent4_norm": 0.0007639691466465592, "E28_agent0_norm": 0.0013522531371563673, "E28_agent1_norm": 0.0003687295538838953, "E28_agent2_norm": 0.00039859896060079336, "E28_agent3_norm": 0.0004089768335688859, "E28_agent4_norm": 0.0008404151303693652, "E29_agent0_norm": 0.0009605322848074138, "E29_agent1_norm": 0.0002535231178626418, "E29_agent2_norm": 0.00027910928474739194, "E29_agent3_norm": 0.00029525053105317056, "E29_agent4_norm": 0.0006191094289533794, "E30_agent0_norm": 0.0006756740622222424, "E30_agent1_norm": 0.00018417189130559564, "E30_agent2_norm": 0.00020177921396680176, "E30_agent3_norm": 0.00021563029440585524, "E30_agent4_norm": 0.00032452194136567414, "E31_agent0_norm": 0.0004213561478536576, "E31_agent1_norm": 0.00011755221930798143, "E31_agent2_norm": 0.0001538276846986264, "E31_agent3_norm": 0.0001632957864785567, "E31_agent4_norm": 0.0001138967927545309, "E32_agent0_norm": 0.00033829506719484925, "E32_agent1_norm": 9.0557019575499e-05, "E32_agent2_norm": 9.757609223015606e-05, "E32_agent3_norm": 0.00010600803943816572, "E32_agent4_norm": 0.0002331703290110454, "E33_agent0_norm": 0.0002280498738400638, "E33_agent1_norm": 6.0511996707646176e-05, "E33_agent2_norm": 6.434468377847224e-05, "E33_agent3_norm": 6.860407302156091e-05, "E33_agent4_norm": 5.59858453925699e-05, "E34_agent0_norm": 0.00015744063421152532, "E34_agent1_norm": 4.6616492909379303e-05, "E34_agent2_norm": 4.6707282308489084e-05, "E34_agent3_norm": 7.194255158537999e-05, "E34_agent4_norm": 6.019572902005166e-05, "E35_agent0_norm": 0.0001155912468675524, "E35_agent1_norm": 3.099370587733574e-05, "E35_agent2_norm": 3.258219294366427e-05, "E35_agent3_norm": 3.5470377042656764e-05, "E35_agent4_norm": 5.540321581065655e-05, "E36_agent0_norm": 7.399843889288604e-05, "E36_agent1_norm": 2.2025084035703912e-05, "E36_agent2_norm": 2.803103780024685e-05, "E36_agent3_norm": 2.2127458578324877e-05, "E36_agent4_norm": 3.387230754015036e-05, "E37_agent0_norm": 5.675015563610941e-05, "E37_agent1_norm": 1.5936871932353824e-05, "E37_agent2_norm": 1.6704634617781267e-05, "E37_agent3_norm": 2.6498824809095822e-05, "E37_agent4_norm": 2.8193713660584763e-05, "E38_agent0_norm": 4.218255344312638e-05, "E38_agent1_norm": 1.1767602700274438e-05, "E38_agent2_norm": 1.1782555702666286e-05, "E38_agent3_norm": 1.1411082596168853e-05, "E38_agent4_norm": 1.5876850739005022e-05, "E39_agent0_norm": 2.8007247237837873e-05, "E39_agent1_norm": 7.722475857008249e-06, "E39_agent2_norm": 8.19464275991777e-06, "E39_agent3_norm": 1.3601498721982352e-05, "E39_agent4_norm": 1.3709436643694062e-05, "E40_agent0_norm": 1.8031963918474503e-05,