{"E1_agent0_norm": 2.262082576751709, "E1_agent1_norm": 1.9608029127120972, "E1_agent2_norm": 1.9528030157089233, "E1_agent3_norm": 1.7828309535980225, "E1_agent4_norm": 2.2766690254211426, "E2_agent0_norm": 0.7925291657447815, "E2_agent1_norm": 0.8511162400245667, "E2_agent2_norm": 0.780046820640564, "E2_agent3_norm": 0.885707437992096, "E2_agent4_norm": 1.12690007686615, "E3_agent0_norm": 0.6084197163581848, "E3_agent1_norm": 0.5210599899291992, "E3_agent2_norm": 0.5288046002388, "E3_agent3_norm": 0.45895978808403015, "E3_agent4_norm": 0.5729064345359802, "E4_agent0_norm": 0.596505343914032, "E4_agent1_norm": 0.4030250906944275, "E4_agent2_norm": 0.36447927355766296, "E4_agent3_norm": 0.3873479962348938, "E4_agent4_norm": 0.5780029892921448, "E5_agent0_norm": 0.4165259003639221, "E5_agent1_norm": 0.2948010265827179, "E5_agent2_norm": 0.27171486616134644, "E5_agent3_norm": 0.29011255502700806, "E5_agent4_norm": 0.3988094925880432, "E6_agent0_norm": 0.37911826372146606, "E6_agent1_norm": 0.23532402515411377, "E6_agent2_norm": 0.23269987106323242, "E6_agent3_norm": 0.2089889794588089, "E6_agent4_norm": 0.24830305576324463, "E7_agent0_norm": 0.3264414370059967, "E7_agent1_norm": 0.1789616346359253, "E7_agent2_norm": 0.164062961935997, "E7_agent3_norm": 0.18480566143989563, "E7_agent4_norm": 0.1909097582101822, "E8_agent0_norm": 0.2939372658729553, "E8_agent1_norm": 0.14684543013572693, "E8_agent2_norm": 0.14625737071037292, "E8_agent3_norm": 0.1400148719549179, "E8_agent4_norm": 0.15918423235416412, "E9_agent0_norm": 0.30357635021209717, "E9_agent1_norm": 0.11816026270389557, "E9_agent2_norm": 0.12035330384969711, "E9_agent3_norm": 0.10947396606206894, "E9_agent4_norm": 0.139154314994812, "E10_agent0_norm": 0.26701557636260986, "E10_agent1_norm": 0.08738063275814056, "E10_agent2_norm": 0.08289360255002975, "E10_agent3_norm": 0.0852971002459526, "E10_agent4_norm": 0.11069859564304352, "E11_agent0_norm": 0.24828875064849854, "E11_agent1_norm": 0.08432561904191971, "E11_agent2_norm": 0.10633757710456848, "E11_agent3_norm": 0.1204715147614479, "E11_agent4_norm": 0.12788519263267517, "E12_agent0_norm": 0.21380673348903656, "E12_agent1_norm": 0.0974430963397026, "E12_agent2_norm": 0.10612782835960388, "E12_agent3_norm": 0.16593216359615326, "E12_agent4_norm": 0.14229273796081543, "E13_agent0_norm": 0.1634390652179718, "E13_agent1_norm": 0.05601301044225693, "E13_agent2_norm": 0.06503063440322876, "E13_agent3_norm": 0.0676090344786644, "E13_agent4_norm": 0.05736975744366646, "E14_agent0_norm": 0.13100436329841614, "E14_agent1_norm": 0.037578221410512924, "E14_agent2_norm": 0.03932513669133186, "E14_agent3_norm": 0.04060928151011467, "E14_agent4_norm": 0.05397561565041542, "E15_agent0_norm": 0.09328510612249374, "E15_agent1_norm": 0.03731345012784004, "E15_agent2_norm": 0.03442227467894554, "E15_agent3_norm": 0.06327784061431885, "E15_agent4_norm": 0.06185215339064598, "E16_agent0_norm": 0.06552281975746155, "E16_agent1_norm": 0.02612735517323017, "E16_agent2_norm": 0.02439761720597744, "E16_agent3_norm": 0.042662251740694046, "E16_agent4_norm": 0.029524065554142, "E17_agent0_norm": 0.0491940900683403, "E17_agent1_norm": 0.016745679080486298, "E17_agent2_norm": 0.015488184057176113, "E17_agent3_norm": 0.02300916239619255, "E17_agent4_norm": 0.02765779197216034, "E18_agent0_norm": 0.032703299075365067, "E18_agent1_norm": 0.01108070369809866, "E18_agent2_norm": 0.01038346067070961, "E18_agent3_norm": 0.014824227429926395, "E18_agent4_norm": 0.015622887760400772, "E19_agent0_norm": 0.026721129193902016, "E19_agent1_norm": 0.007832946255803108, "E19_agent2_norm": 0.0073898229748010635, "E19_agent3_norm": 0.00838327407836914, "E19_agent4_norm": 0.011459318920969963, "E20_agent0_norm": 0.018382227048277855, "E20_agent1_norm": 0.00593887735158205, "E20_agent2_norm": 0.005793580785393715, "E20_agent3_norm": 0.009164700284600258, "E20_agent4_norm": 0.009796409867703915, "E21_agent0_norm": 0.013189510442316532, "E21_agent1_norm": 0.0038908019196242094, "E21_agent2_norm": 0.003567016450688243, "E21_agent3_norm": 0.004075982607901096, "E21_agent4_norm": 0.004471078515052795, "E22_agent0_norm": 0.008434518240392208, "E22_agent1_norm": 0.002886091358959675, "E22_agent2_norm": 0.003061609575524926, "E22_agent3_norm": 0.0036192242987453938, "E22_agent4_norm": 0.0028476102743297815, "E23_agent0_norm": 0.0070746964775025845, "E23_agent1_norm": 0.0020726160146296024, "E23_agent2_norm": 0.001879928633570671, "E23_agent3_norm": 0.002212819643318653, "E23_agent4_norm": 0.004319492261856794, "E24_agent0_norm": 0.004980897530913353, "E24_agent1_norm": 0.001494256081059575, "E24_agent2_norm": 0.0013567677233368158, "E24_agent3_norm": 0.0018487867200747132, "E24_agent4_norm": 0.0026768941897898912, "E25_agent0_norm": 0.003584530670195818, "E25_agent1_norm": 0.0011235602432861924, "E25_agent2_norm": 0.001008654129691422, "E25_agent3_norm": 0.0015220006462186575, "E25_agent4_norm": 0.0021413301583379507, "E26_agent0_norm": 0.0023721468169242144, "E26_agent1_norm": 0.0007282349397428334, "E26_agent2_norm": 0.0006777188391424716, "E26_agent3_norm": 0.000891749863512814, "E26_agent4_norm": 0.0008911594632081687, "E27_agent0_norm": 0.001799008110538125, "E27_agent1_norm": 0.0005487664020620286, "E27_agent2_norm": 0.0004653497599065304, "E27_agent3_norm": 0.0005213181721046567, "E27_agent4_norm": 0.0008446757565252483, "E28_agent0_norm": 0.0011742979986593127, "E28_agent1_norm": 0.0003634536114986986, "E28_agent2_norm": 0.0003234831092413515, "E28_agent3_norm": 0.0005307370447553694, "E28_agent4_norm": 0.0006745192222297192, "E29_agent0_norm": 0.0008549064514227211, "E29_agent1_norm": 0.0002518701949156821, "E29_agent2_norm": 0.0002268480893690139, "E29_agent3_norm": 0.0002559931599535048, "E29_agent4_norm": 0.0002956005628220737, "E30_agent0_norm": 0.0005954653024673462, "E30_agent1_norm": 0.00018043794261757284, "E30_agent2_norm": 0.0001672149373916909, "E30_agent3_norm": 0.0002790102153085172, "E30_agent4_norm": 0.00021888662013225257, "E31_agent0_norm": 0.0004352666437625885, "E31_agent1_norm": 0.00012250653526280075, "E31_agent2_norm": 0.00011608546628849581, "E31_agent3_norm": 0.00014306444791145623, "E31_agent4_norm": 0.00015057674318086356, "E32_agent0_norm": 0.0002961076679639518, "E32_agent1_norm": 8.60004365677014e-05, "E32_agent2_norm": 7.969172293087468e-05, "E32_agent3_norm": 0.00011043237464036793, "E32_agent4_norm": 0.00015953161346260458, "E33_agent0_norm": 0.00020359948393888772, "E33_agent1_norm": 6.195613968884572e-05, "E33_agent2_norm": 5.709530523745343e-05, "E33_agent3_norm": 8.974919910542667e-05, "E33_agent4_norm": 7.338148134294897e-05, "E34_agent0_norm": 0.00015219373744912446, "E34_agent1_norm": 4.5540615246864036e-05, "E34_agent2_norm": 4.255643580108881e-05, "E34_agent3_norm": 5.944646545685828e-05, "E34_agent4_norm": 9.098341251956299e-05, "E35_agent0_norm": 9.452446101931855e-05, "E35_agent1_norm": 3.198292324668728e-05, "E35_agent2_norm": 2.8705673685180955e-05, "E35_agent3_norm": 4.82937139167916e-05, "E35_agent4_norm": 6.479858711827546e-05, "E36_agent0_norm": 7.15271380613558e-05, "E36_agent1_norm": 2.345456050534267e-05, "E36_agent2_norm": 1.990423879760783e-05, "E36_agent3_norm": 4.583997360896319e-05, "E36_agent4_norm": 2.5333605663035996e-05, "E37_agent0_norm": 4.9307389417663217e-05, "E37_agent1_norm": 1.5071520465426147e-05, "E37_agent2_norm": 1.35650498123141e-05, "E37_agent3_norm": 1.779640297172591e-05, "E37_agent4_norm": 1.919243368320167e-05, "E38_agent0_norm": 3.3414635254302993e-05, "E38_agent1_norm": 1.1647439350781497e-05, "E38_agent2_norm": 1.056368273566477e-05, "E38_agent3_norm": 1.6148815120686777e-05, "E38_agent4_norm": 9.923172001435887e-06, "E39_agent0_norm": 2.457303889968898e-05, "E39_agent1_norm": 7.668821126571856e-06, "E39_agent2_norm": 7.473956429748796e-06, "E39_agent3_norm": 1.288219846173888e-05, "E39_agent4_norm": 1.276048624276882e-05, "E40_agent0_norm": 1.8505135813029483e-05, "E40_agent1_norm": 5.2625578064180445e-06,