{"Agent0_Epoch1": 0.291143536567688, "Agent1_Epoch1": 0.29697316884994507, "Agent2_Epoch1": 0.9916238188743591, "Agent3_Epoch1": 0.9910646080970764, "Agent4_Epoch1": 0.9981105923652649, "Agent0_Epoch2": 0.05641824007034302, "Agent1_Epoch2": 0.28750085830688477, "Agent2_Epoch2": 0.29642486572265625, "Agent3_Epoch2": 0.29769521951675415, "Agent4_Epoch2": 0.3117160201072693, "Agent0_Epoch3": 0.031889498233795166, "Agent1_Epoch3": 0.13023406267166138, "Agent2_Epoch3": 0.13190901279449463, "Agent3_Epoch3": 0.12523126602172852, "Agent4_Epoch3": 0.13850080966949463, "Agent0_Epoch4": 0.019794940948486328, "Agent1_Epoch4": 0.061773836612701416, "Agent2_Epoch4": 0.06302487850189209, "Agent3_Epoch4": 0.06192910671234131, "Agent4_Epoch4": 0.06477600336074829, "Agent0_Epoch5": 0.012801051139831543, "Agent1_Epoch5": 0.031417667865753174, "Agent2_Epoch5": 0.03212916851043701, "Agent3_Epoch5": 0.026236534118652344, "Agent4_Epoch5": 0.034254491329193115, "Agent0_Epoch6": 0.008812904357910156, "Agent1_Epoch6": 0.017974853515625, "Agent2_Epoch6": 0.017843186855316162, "Agent3_Epoch6": 0.016236543655395508, "Agent4_Epoch6": 0.018514633178710938, "Agent0_Epoch7": 0.006283283233642578, "Agent1_Epoch7": 0.011072218418121338, "Agent2_Epoch7": 0.011358976364135742, "Agent3_Epoch7": 0.009874045848846436, "Agent4_Epoch7": 0.011783897876739502, "Agent0_Epoch8": 0.004778146743774414, "Agent1_Epoch8": 0.007493078708648682, "Agent2_Epoch8": 0.0076476335525512695, "Agent3_Epoch8": 0.006917178630828857, "Agent4_Epoch8": 0.007967591285705566, "Agent0_Epoch9": 0.003805875778198242, "Agent1_Epoch9": 0.005454123020172119, "Agent2_Epoch9": 0.005594372749328613, "Agent3_Epoch9": 0.004595696926116943, "Agent4_Epoch9": 0.00544363260269165, "Agent0_Epoch10": 0.0031772851943969727, "Agent1_Epoch10": 0.004240512847900391, "Agent2_Epoch10": 0.003995120525360107, "Agent3_Epoch10": 0.0036517977714538574, "Agent4_Epoch10": 0.00422358512878418, "Agent0_Epoch11": 0.0026439428329467773, "Agent1_Epoch11": 0.003337681293487549, "Agent2_Epoch11": 0.0033217668533325195, "Agent3_Epoch11": 0.0024564266204833984, "Agent4_Epoch11": 0.003561258316040039, "Agent0_Epoch12": 0.0022004246711730957, "Agent1_Epoch12": 0.0026586055755615234, "Agent2_Epoch12": 0.002592027187347412, "Agent3_Epoch12": 0.0024029016494750977, "Agent4_Epoch12": 0.0028006434440612793, "Agent0_Epoch13": 0.001791536808013916, "Agent1_Epoch13": 0.0020897388458251953, "Agent2_Epoch13": 0.0021918416023254395, "Agent3_Epoch13": 0.0017313361167907715, "Agent4_Epoch13": 0.0023602843284606934, "Agent0_Epoch14": 0.0014435052871704102, "Agent1_Epoch14": 0.001637578010559082, "Agent2_Epoch14": 0.0016692280769348145, "Agent3_Epoch14": 0.0012611746788024902, "Agent4_Epoch14": 0.0017615556716918945, "Agent0_Epoch15": 0.001100003719329834, "Agent1_Epoch15": 0.0012198686599731445, "Agent2_Epoch15": 0.0012323856353759766, "Agent3_Epoch15": 0.001135706901550293, "Agent4_Epoch15": 0.001417696475982666, "Agent0_Epoch16": 0.0008350610733032227, "Agent1_Epoch16": 0.0009093880653381348, "Agent2_Epoch16": 0.0009163618087768555, "Agent3_Epoch16": 0.0007894635200500488, "Agent4_Epoch16": 0.0010721087455749512, "Agent0_Epoch17": 0.0006151795387268066, "Agent1_Epoch17": 0.0006597042083740234, "Agent2_Epoch17": 0.0006590485572814941, "Agent3_Epoch17": 0.0005931258201599121, "Agent4_Epoch17": 0.000680088996887207, "Agent0_Epoch18": 0.0004329681396484375, "Agent1_Epoch18": 0.0004584789276123047, "Agent2_Epoch18": 0.0004660487174987793, "Agent3_Epoch18": 0.00046759843826293945, "Agent4_Epoch18": 0.0005390644073486328, "Agent0_Epoch19": 0.0003097653388977051, "Agent1_Epoch19": 0.0003247857093811035, "Agent2_Epoch19": 0.0003306865692138672, "Agent3_Epoch19": 0.0003038644790649414, "Agent4_Epoch19": 0.0003775358200073242, "Agent0_Epoch20": 0.00021779537200927734, "Agent1_Epoch20": 0.0002263784408569336, "Agent2_Epoch20": 0.00022542476654052734, "Agent3_Epoch20": 0.00022542476654052734, "Agent4_Epoch20": 0.00023615360260009766, "Agent0_Epoch21": 0.0001493692398071289, "Agent1_Epoch21": 0.00015413761138916016, "Agent2_Epoch21": 0.00015431642532348633, "Agent3_Epoch21": 0.00014638900756835938, "Agent4_Epoch21": 0.0001633763313293457, "Agent0_Epoch22": 0.00010132789611816406, "Agent1_Epoch22": 0.00010383129119873047, "Agent2_Epoch22": 0.00010412931442260742, "Agent3_Epoch22": 9.930133819580078e-05, "Agent4_Epoch22": 0.00010347366333007812, "Agent0_Epoch23": 6.73532485961914e-05, "Agent1_Epoch23": 6.878376007080078e-05, "Agent2_Epoch23": 6.979703903198242e-05, "Agent3_Epoch23": 6.681680679321289e-05, "Agent4_Epoch23": 7.081031799316406e-05, "Agent0_Epoch24": 4.488229751586914e-05, "Agent1_Epoch24": 4.565715789794922e-05, "Agent2_Epoch24": 4.565715789794922e-05, "Agent3_Epoch24": 4.51207160949707e-05, "Agent4_Epoch24": 4.7326087951660156e-05, "Agent0_Epoch25": 2.9802322387695312e-05, "Agent1_Epoch25": 3.0279159545898438e-05, "Agent2_Epoch25": 3.0279159545898438e-05, "Agent3_Epoch25": 2.9385089874267578e-05, "Agent4_Epoch25": 3.1054019927978516e-05, "Agent0_Epoch26": 1.9848346710205078e-05, "Agent1_Epoch26": 2.002716064453125e-05, "Agent2_Epoch26": 1.996755599975586e-05, "Agent3_Epoch26": 1.9729137420654297e-05, "Agent4_Epoch26": 2.0205974578857422e-05, "Agent0_Epoch27": 1.2814998626708984e-05, "Agent1_Epoch27": 1.3053417205810547e-05, "Agent2_Epoch27": 1.3172626495361328e-05, "Agent3_Epoch27": 1.2576580047607422e-05, "Agent4_Epoch27": 1.3232231140136719e-05, "Agent0_Epoch28": 8.404254913330078e-06, "Agent1_Epoch28": 8.52346420288086e-06, "Agent2_Epoch28": 8.52346420288086e-06, "Agent3_Epoch28": 8.344650268554688e-06, "Agent4_Epoch28": 8.58306884765625e-06, "Agent0_Epoch29": 5.543231964111328e-06, "Agent1_Epoch29": 5.662441253662109e-06, "Agent2_Epoch29": 5.543231964111328e-06, "Agent3_Epoch29": 5.543231964111328e-06, "Agent4_Epoch29": 5.662441253662109e-06, "Agent0_Epoch30": 3.6954879760742188e-06, "Agent1_Epoch30": 3.5762786865234375e-06, "Agent2_Epoch30": 3.5762786865234375e-06, "Agent3_Epoch30": 3.5762786865234375e-06, "Agent4_Epoch30": 3.5762786865234375e-06, "Agent0_Epoch31": 2.3245811462402344e-06, "Agent1_Epoch31": 2.384185791015625e-06, "Agent2_Epoch31": 2.384185791015625e-06, "Agent3_Epoch31": 2.384185791015625e-06, "Agent4_Epoch31": 2.3245811462402344e-06, "Agent0_Epoch32": 1.5497207641601562e-06, "Agent1_Epoch32": 1.5497207641601562e-06, "Agent2_Epoch32": 1.5497207641601562e-06, "Agent3_Epoch32": 1.4901161193847656e-06, "Agent4_Epoch32": 1.5497207641601562e-06, "Agent0_Epoch33": 8.940696716308594e-07, "Agent1_Epoch33": 1.0132789611816406e-06, "Agent2_Epoch33": 1.0132789611816406e-06, "Agent3_Epoch33": 1.1324882507324219e-06, "Agent4_Epoch33": 1.0132789611816406e-06, "Agent0_Epoch34": 6.556510925292969e-07, "Agent1_Epoch34": 7.152557373046875e-07, "Agent2_Epoch34": 5.364418029785156e-07, "Agent3_Epoch34": 6.556510925292969e-07, "Agent4_Epoch34": 6.556510925292969e-07, "Agent0_Epoch35": 3.5762786865234375e-07, "Agent1_Epoch35": 3.5762786865234375e-07, "Agent2_Epoch35": 3.5762786865234375e-07, "Agent3_Epoch35": 4.76837158203125e-07, "Agent4_Epoch35": 3.5762786865234375e-07, "Agent0_Epoch36": 2.980232238769531e-07, "Agent1_Epoch36": 2.980232238769531e-07, "Agent2_Epoch36": 2.980232238769531e-07, "Agent3_Epoch36": 2.980232238769531e-07, "Agent4_Epoch36": 2.980232238769531e-07, "Agent0_Epoch37": 1.1920928955078125e-07, "Agent1_Epoch37": 1.1920928955078125e-07, "Agent2_Epoch37": 1.1920928955078125e-07, "Agent3_Epoch37": 1.7881393432617188e-07, "Agent4_Epoch37": 1.7881393432617188e-07, "Agent0_Epoch38": 1.1920928955078125e-07, "Agent1_Epoch38": 0.0, "Agent2_Epoch38": 1.1920928955078125e-07, "Agent3_Epoch38": 1.1920928955078125e-07, "Agent4_Epoch38": 0.0, "Agent0_Epoch39": 1.7881393432617188e-07, "Agent1_Epoch39": 1.7881393432617188e-07, "Agent2_Epoch39": 0.0, "Agent3_Epoch39": 1.1920928955078125e-07, "Agent4_Epoch39": 1.1920928955078125e-07, "Agent0_Epoch40": 1.1920928955078125e-07, "Agent1_Epoch40": 0.0, "Agent2_Epoch40": -1.1920928955078125e-07, "Agent3_Epoch40": 0.0,