{"Agent0_Epoch1": 0.28657305240631104, "Agent1_Epoch1": 0.29293859004974365, "Agent2_Epoch1": 0.9942601323127747, "Agent3_Epoch1": 0.9972834587097168, "Agent4_Epoch1": 0.999693751335144, "Agent0_Epoch2": 0.05652940273284912, "Agent1_Epoch2": 0.2822818160057068, "Agent2_Epoch2": 0.29000037908554077, "Agent3_Epoch2": 0.2845131754875183, "Agent4_Epoch2": 0.2945985198020935, "Agent0_Epoch3": 0.03193873167037964, "Agent1_Epoch3": 0.12940317392349243, "Agent2_Epoch3": 0.1358920931816101, "Agent3_Epoch3": 0.12914776802062988, "Agent4_Epoch3": 0.13996285200119019, "Agent0_Epoch4": 0.01993042230606079, "Agent1_Epoch4": 0.06170088052749634, "Agent2_Epoch4": 0.06432563066482544, "Agent3_Epoch4": 0.06240367889404297, "Agent4_Epoch4": 0.06366616487503052, "Agent0_Epoch5": 0.012838900089263916, "Agent1_Epoch5": 0.03158658742904663, "Agent2_Epoch5": 0.03286045789718628, "Agent3_Epoch5": 0.031084179878234863, "Agent4_Epoch5": 0.03673666715621948, "Agent0_Epoch6": 0.008905351161956787, "Agent1_Epoch6": 0.018135488033294678, "Agent2_Epoch6": 0.01912635564804077, "Agent3_Epoch6": 0.01904428005218506, "Agent4_Epoch6": 0.019639313220977783, "Agent0_Epoch7": 0.006530463695526123, "Agent1_Epoch7": 0.011496126651763916, "Agent2_Epoch7": 0.011307477951049805, "Agent3_Epoch7": 0.011592864990234375, "Agent4_Epoch7": 0.012384355068206787, "Agent0_Epoch8": 0.005086660385131836, "Agent1_Epoch8": 0.007984519004821777, "Agent2_Epoch8": 0.007906913757324219, "Agent3_Epoch8": 0.007697463035583496, "Agent4_Epoch8": 0.008435964584350586, "Agent0_Epoch9": 0.003999829292297363, "Agent1_Epoch9": 0.005743861198425293, "Agent2_Epoch9": 0.0056937336921691895, "Agent3_Epoch9": 0.0053789615631103516, "Agent4_Epoch9": 0.0062944889068603516, "Agent0_Epoch10": 0.003397643566131592, "Agent1_Epoch10": 0.004550755023956299, "Agent2_Epoch10": 0.00427091121673584, "Agent3_Epoch10": 0.0031530261039733887, "Agent4_Epoch10": 0.004702389240264893, "Agent0_Epoch11": 0.0028397440910339355, "Agent1_Epoch11": 0.0035988688468933105, "Agent2_Epoch11": 0.003466963768005371, "Agent3_Epoch11": 0.0033310651779174805, "Agent4_Epoch11": 0.003979980945587158, "Agent0_Epoch12": 0.0024967193603515625, "Agent1_Epoch12": 0.0030286312103271484, "Agent2_Epoch12": 0.002783477306365967, "Agent3_Epoch12": 0.0028897523880004883, "Agent4_Epoch12": 0.0032287240028381348, "Agent0_Epoch13": 0.0020691752433776855, "Agent1_Epoch13": 0.0024237632751464844, "Agent2_Epoch13": 0.0023279786109924316, "Agent3_Epoch13": 0.0020813345909118652, "Agent4_Epoch13": 0.002856314182281494, "Agent0_Epoch14": 0.001674354076385498, "Agent1_Epoch14": 0.0019072294235229492, "Agent2_Epoch14": 0.0018443465232849121, "Agent3_Epoch14": 0.001990377902984619, "Agent4_Epoch14": 0.0022173523902893066, "Agent0_Epoch15": 0.0013214349746704102, "Agent1_Epoch15": 0.0014716386795043945, "Agent2_Epoch15": 0.001471877098083496, "Agent3_Epoch15": 0.0013079643249511719, "Agent4_Epoch15": 0.0014429688453674316, "Agent0_Epoch16": 0.000971376895904541, "Agent1_Epoch16": 0.0010616183280944824, "Agent2_Epoch16": 0.001054227352142334, "Agent3_Epoch16": 0.0009363889694213867, "Agent4_Epoch16": 0.0012198686599731445, "Agent0_Epoch17": 0.0007017850875854492, "Agent1_Epoch17": 0.0007551312446594238, "Agent2_Epoch17": 0.0007666945457458496, "Agent3_Epoch17": 0.0007461309432983398, "Agent4_Epoch17": 0.0008355975151062012, "Agent0_Epoch18": 0.000504910945892334, "Agent1_Epoch18": 0.0005364418029785156, "Agent2_Epoch18": 0.0005312561988830566, "Agent3_Epoch18": 0.0004931092262268066, "Agent4_Epoch18": 0.0005627274513244629, "Agent0_Epoch19": 0.0003483891487121582, "Agent1_Epoch19": 0.0003661513328552246, "Agent2_Epoch19": 0.0003737807273864746, "Agent3_Epoch19": 0.000379025936126709, "Agent4_Epoch19": 0.0004203319549560547, "Agent0_Epoch20": 0.00024700164794921875, "Agent1_Epoch20": 0.00025725364685058594, "Agent2_Epoch20": 0.0002524852752685547, "Agent3_Epoch20": 0.00023227930068969727, "Agent4_Epoch20": 0.00026088953018188477, "Agent0_Epoch21": 0.00016629695892333984, "Agent1_Epoch21": 0.00017207860946655273, "Agent2_Epoch21": 0.0001697540283203125, "Agent3_Epoch21": 0.0001690983772277832, "Agent4_Epoch21": 0.000179290771484375, "Agent0_Epoch22": 0.00011271238327026367, "Agent1_Epoch22": 0.0001157522201538086, "Agent2_Epoch22": 0.00011557340621948242, "Agent3_Epoch22": 0.00011420249938964844, "Agent4_Epoch22": 0.00011974573135375977, "Agent0_Epoch23": 7.56978988647461e-05, "Agent1_Epoch23": 7.736682891845703e-05, "Agent2_Epoch23": 7.718801498413086e-05, "Agent3_Epoch23": 7.468461990356445e-05, "Agent4_Epoch23": 7.897615432739258e-05, "Agent0_Epoch24": 5.030632019042969e-05, "Agent1_Epoch24": 5.131959915161133e-05, "Agent2_Epoch24": 5.0961971282958984e-05, "Agent3_Epoch24": 5.048513412475586e-05, "Agent4_Epoch24": 5.1975250244140625e-05, "Agent0_Epoch25": 3.325939178466797e-05, "Agent1_Epoch25": 3.36766242980957e-05, "Agent2_Epoch25": 3.3795833587646484e-05, "Agent3_Epoch25": 3.236532211303711e-05, "Agent4_Epoch25": 3.528594970703125e-05, "Agent0_Epoch26": 2.199411392211914e-05, "Agent1_Epoch26": 2.2232532501220703e-05, "Agent2_Epoch26": 2.2232532501220703e-05, "Agent3_Epoch26": 2.2232532501220703e-05, "Agent4_Epoch26": 2.3066997528076172e-05, "Agent0_Epoch27": 1.4543533325195312e-05, "Agent1_Epoch27": 1.4662742614746094e-05, "Agent2_Epoch27": 1.4722347259521484e-05, "Agent3_Epoch27": 1.4483928680419922e-05, "Agent4_Epoch27": 1.4901161193847656e-05, "Agent0_Epoch28": 9.5367431640625e-06, "Agent1_Epoch28": 9.59634780883789e-06, "Agent2_Epoch28": 9.59634780883789e-06, "Agent3_Epoch28": 9.47713851928711e-06, "Agent4_Epoch28": 9.775161743164062e-06, "Agent0_Epoch29": 6.318092346191406e-06, "Agent1_Epoch29": 6.318092346191406e-06, "Agent2_Epoch29": 6.258487701416016e-06, "Agent3_Epoch29": 6.318092346191406e-06, "Agent4_Epoch29": 6.318092346191406e-06, "Agent0_Epoch30": 4.0531158447265625e-06, "Agent1_Epoch30": 3.993511199951172e-06, "Agent2_Epoch30": 3.993511199951172e-06, "Agent3_Epoch30": 3.993511199951172e-06, "Agent4_Epoch30": 4.112720489501953e-06, "Agent0_Epoch31": 2.8014183044433594e-06, "Agent1_Epoch31": 2.682209014892578e-06, "Agent2_Epoch31": 2.682209014892578e-06, "Agent3_Epoch31": 2.682209014892578e-06, "Agent4_Epoch31": 2.6226043701171875e-06, "Agent0_Epoch32": 1.8477439880371094e-06, "Agent1_Epoch32": 1.7881393432617188e-06, "Agent2_Epoch32": 1.6689300537109375e-06, "Agent3_Epoch32": 1.8477439880371094e-06, "Agent4_Epoch32": 1.7881393432617188e-06, "Agent0_Epoch33": 1.1920928955078125e-06, "Agent1_Epoch33": 1.1324882507324219e-06, "Agent2_Epoch33": 1.1920928955078125e-06, "Agent3_Epoch33": 1.1324882507324219e-06, "Agent4_Epoch33": 1.0132789611816406e-06, "Agent0_Epoch34": 7.152557373046875e-07, "Agent1_Epoch34": 7.152557373046875e-07, "Agent2_Epoch34": 7.152557373046875e-07, "Agent3_Epoch34": 7.152557373046875e-07, "Agent4_Epoch34": 8.344650268554688e-07, "Agent0_Epoch35": 4.76837158203125e-07, "Agent1_Epoch35": 4.76837158203125e-07, "Agent2_Epoch35": 3.5762786865234375e-07, "Agent3_Epoch35": 3.5762786865234375e-07, "Agent4_Epoch35": 4.76837158203125e-07, "Agent0_Epoch36": 3.5762786865234375e-07, "Agent1_Epoch36": 2.980232238769531e-07, "Agent2_Epoch36": 2.980232238769531e-07, "Agent3_Epoch36": 4.76837158203125e-07, "Agent4_Epoch36": 3.5762786865234375e-07, "Agent0_Epoch37": 1.7881393432617188e-07, "Agent1_Epoch37": 1.1920928955078125e-07, "Agent2_Epoch37": 1.7881393432617188e-07, "Agent3_Epoch37": 1.7881393432617188e-07, "Agent4_Epoch37": 1.7881393432617188e-07, "Agent0_Epoch38": 1.1920928955078125e-07, "Agent1_Epoch38": 1.1920928955078125e-07, "Agent2_Epoch38": 1.1920928955078125e-07, "Agent3_Epoch38": 1.1920928955078125e-07, "Agent4_Epoch38": 1.1920928955078125e-07, "Agent0_Epoch39": 1.7881393432617188e-07, "Agent1_Epoch39": 0.0, "Agent2_Epoch39": 1.1920928955078125e-07, "Agent3_Epoch39": 1.1920928955078125e-07, "Agent4_Epoch39": 1.1920928955078125e-07, "Agent0_Epoch40": 1.1920928955078125e-07, "Agent1_Epoch40": 0.0, "Agent2_Epoch40": 0.0, "Agent3_Epoch40": 0.0,