{"Agent0_Epoch1": 0.2944567799568176, "Agent1_Epoch1": 0.29637688398361206, "Agent2_Epoch1": 0.997233510017395, "Agent3_Epoch1": 0.995231568813324, "Agent4_Epoch1": 0.9926608204841614, "Agent0_Epoch2": 0.05582737922668457, "Agent1_Epoch2": 0.28512048721313477, "Agent2_Epoch2": 0.30381232500076294, "Agent3_Epoch2": 0.29793548583984375, "Agent4_Epoch2": 0.29761040210723877, "Agent0_Epoch3": 0.03162801265716553, "Agent1_Epoch3": 0.12870895862579346, "Agent2_Epoch3": 0.13023990392684937, "Agent3_Epoch3": 0.1316799521446228, "Agent4_Epoch3": 0.13957983255386353, "Agent0_Epoch4": 0.019472599029541016, "Agent1_Epoch4": 0.06038248538970947, "Agent2_Epoch4": 0.0636591911315918, "Agent3_Epoch4": 0.06053990125656128, "Agent4_Epoch4": 0.06337213516235352, "Agent0_Epoch5": 0.012791931629180908, "Agent1_Epoch5": 0.03154301643371582, "Agent2_Epoch5": 0.03341865539550781, "Agent3_Epoch5": 0.03221410512924194, "Agent4_Epoch5": 0.03394603729248047, "Agent0_Epoch6": 0.008816778659820557, "Agent1_Epoch6": 0.017977595329284668, "Agent2_Epoch6": 0.018671512603759766, "Agent3_Epoch6": 0.018507957458496094, "Agent4_Epoch6": 0.020251035690307617, "Agent0_Epoch7": 0.006525158882141113, "Agent1_Epoch7": 0.0114707350730896, "Agent2_Epoch7": 0.011179149150848389, "Agent3_Epoch7": 0.011442303657531738, "Agent4_Epoch7": 0.011892974376678467, "Agent0_Epoch8": 0.004886448383331299, "Agent1_Epoch8": 0.0076656341552734375, "Agent2_Epoch8": 0.007766127586364746, "Agent3_Epoch8": 0.007400155067443848, "Agent4_Epoch8": 0.008095979690551758, "Agent0_Epoch9": 0.0038849711418151855, "Agent1_Epoch9": 0.005571126937866211, "Agent2_Epoch9": 0.005541801452636719, "Agent3_Epoch9": 0.005746126174926758, "Agent4_Epoch9": 0.006140232086181641, "Agent0_Epoch10": 0.0032095909118652344, "Agent1_Epoch10": 0.004294455051422119, "Agent2_Epoch10": 0.004281342029571533, "Agent3_Epoch10": 0.003787398338317871, "Agent4_Epoch10": 0.004761874675750732, "Agent0_Epoch11": 0.00267869234085083, "Agent1_Epoch11": 0.0033913254737854004, "Agent2_Epoch11": 0.003436744213104248, "Agent3_Epoch11": 0.002912461757659912, "Agent4_Epoch11": 0.003664731979370117, "Agent0_Epoch12": 0.0022556185722351074, "Agent1_Epoch12": 0.0027335286140441895, "Agent2_Epoch12": 0.002755105495452881, "Agent3_Epoch12": 0.002669990062713623, "Agent4_Epoch12": 0.0029091835021972656, "Agent0_Epoch13": 0.0018488168716430664, "Agent1_Epoch13": 0.0021629929542541504, "Agent2_Epoch13": 0.0021581053733825684, "Agent3_Epoch13": 0.0021410584449768066, "Agent4_Epoch13": 0.00236356258392334, "Agent0_Epoch14": 0.0015162229537963867, "Agent1_Epoch14": 0.0017251968383789062, "Agent2_Epoch14": 0.0016834139823913574, "Agent3_Epoch14": 0.0012599825859069824, "Agent4_Epoch14": 0.0020697712898254395, "Agent0_Epoch15": 0.00114363431930542, "Agent1_Epoch15": 0.0012718439102172852, "Agent2_Epoch15": 0.001289963722229004, "Agent3_Epoch15": 0.0011762380599975586, "Agent4_Epoch15": 0.0015640854835510254, "Agent0_Epoch16": 0.0008729100227355957, "Agent1_Epoch16": 0.0009530186653137207, "Agent2_Epoch16": 0.0009500980377197266, "Agent3_Epoch16": 0.0008811354637145996, "Agent4_Epoch16": 0.0009863972663879395, "Agent0_Epoch17": 0.0006272196769714355, "Agent1_Epoch17": 0.0006743073463439941, "Agent2_Epoch17": 0.0006679296493530273, "Agent3_Epoch17": 0.0006068944931030273, "Agent4_Epoch17": 0.0007787346839904785, "Agent0_Epoch18": 0.00044465065002441406, "Agent1_Epoch18": 0.0004718899726867676, "Agent2_Epoch18": 0.0004730224609375, "Agent3_Epoch18": 0.00041562318801879883, "Agent4_Epoch18": 0.0004680752754211426, "Agent0_Epoch19": 0.0003070235252380371, "Agent1_Epoch19": 0.0003222823143005371, "Agent2_Epoch19": 0.0003185272216796875, "Agent3_Epoch19": 0.0003115534782409668, "Agent4_Epoch19": 0.00033408403396606445, "Agent0_Epoch20": 0.00021225214004516602, "Agent1_Epoch20": 0.00022089481353759766, "Agent2_Epoch20": 0.00021910667419433594, "Agent3_Epoch20": 0.0002123713493347168, "Agent4_Epoch20": 0.00022023916244506836, "Agent0_Epoch21": 0.00014507770538330078, "Agent1_Epoch21": 0.00014978647232055664, "Agent2_Epoch21": 0.00014930963516235352, "Agent3_Epoch21": 0.00013959407806396484, "Agent4_Epoch21": 0.00015240907669067383, "Agent0_Epoch22": 9.775161743164062e-05, "Agent1_Epoch22": 0.00010037422180175781, "Agent2_Epoch22": 0.00010019540786743164, "Agent3_Epoch22": 9.071826934814453e-05, "Agent4_Epoch22": 0.00010371208190917969, "Agent0_Epoch23": 6.562471389770508e-05, "Agent1_Epoch23": 6.687641143798828e-05, "Agent2_Epoch23": 6.651878356933594e-05, "Agent3_Epoch23": 6.389617919921875e-05, "Agent4_Epoch23": 6.955862045288086e-05, "Agent0_Epoch24": 4.392862319946289e-05, "Agent1_Epoch24": 4.476308822631836e-05, "Agent2_Epoch24": 4.4286251068115234e-05, "Agent3_Epoch24": 4.273653030395508e-05, "Agent4_Epoch24": 4.45246696472168e-05, "Agent0_Epoch25": 2.9265880584716797e-05, "Agent1_Epoch25": 2.956390380859375e-05, "Agent2_Epoch25": 2.9206275939941406e-05, "Agent3_Epoch25": 2.8908252716064453e-05, "Agent4_Epoch25": 2.9861927032470703e-05, "Agent0_Epoch26": 1.919269561767578e-05, "Agent1_Epoch26": 1.9490718841552734e-05, "Agent2_Epoch26": 1.9490718841552734e-05, "Agent3_Epoch26": 1.8894672393798828e-05, "Agent4_Epoch26": 1.9311904907226562e-05, "Agent0_Epoch27": 1.2636184692382812e-05, "Agent1_Epoch27": 1.2695789337158203e-05, "Agent2_Epoch27": 1.2814998626708984e-05, "Agent3_Epoch27": 1.233816146850586e-05, "Agent4_Epoch27": 1.2874603271484375e-05, "Agent0_Epoch28": 8.285045623779297e-06, "Agent1_Epoch28": 8.285045623779297e-06, "Agent2_Epoch28": 8.285045623779297e-06, "Agent3_Epoch28": 8.285045623779297e-06, "Agent4_Epoch28": 8.404254913330078e-06, "Agent0_Epoch29": 5.364418029785156e-06, "Agent1_Epoch29": 5.602836608886719e-06, "Agent2_Epoch29": 5.4836273193359375e-06, "Agent3_Epoch29": 5.4836273193359375e-06, "Agent4_Epoch29": 5.662441253662109e-06, "Agent0_Epoch30": 3.516674041748047e-06, "Agent1_Epoch30": 3.635883331298828e-06, "Agent2_Epoch30": 3.516674041748047e-06, "Agent3_Epoch30": 3.516674041748047e-06, "Agent4_Epoch30": 3.635883331298828e-06, "Agent0_Epoch31": 2.4437904357910156e-06, "Agent1_Epoch31": 2.4437904357910156e-06, "Agent2_Epoch31": 2.3245811462402344e-06, "Agent3_Epoch31": 2.3245811462402344e-06, "Agent4_Epoch31": 2.4437904357910156e-06, "Agent0_Epoch32": 1.6093254089355469e-06, "Agent1_Epoch32": 1.6093254089355469e-06, "Agent2_Epoch32": 1.6093254089355469e-06, "Agent3_Epoch32": 1.6093254089355469e-06, "Agent4_Epoch32": 1.6093254089355469e-06, "Agent0_Epoch33": 1.0132789611816406e-06, "Agent1_Epoch33": 1.0132789611816406e-06, "Agent2_Epoch33": 9.5367431640625e-07, "Agent3_Epoch33": 1.0132789611816406e-06, "Agent4_Epoch33": 1.0132789611816406e-06, "Agent0_Epoch34": 6.556510925292969e-07, "Agent1_Epoch34": 5.364418029785156e-07, "Agent2_Epoch34": 5.364418029785156e-07, "Agent3_Epoch34": 5.364418029785156e-07, "Agent4_Epoch34": 5.364418029785156e-07, "Agent0_Epoch35": 4.76837158203125e-07, "Agent1_Epoch35": 3.5762786865234375e-07, "Agent2_Epoch35": 3.5762786865234375e-07, "Agent3_Epoch35": 2.980232238769531e-07, "Agent4_Epoch35": 3.5762786865234375e-07, "Agent0_Epoch36": 2.980232238769531e-07, "Agent1_Epoch36": 2.980232238769531e-07, "Agent2_Epoch36": 2.980232238769531e-07, "Agent3_Epoch36": 2.980232238769531e-07, "Agent4_Epoch36": 3.5762786865234375e-07, "Agent0_Epoch37": 1.1920928955078125e-07, "Agent1_Epoch37": 1.1920928955078125e-07, "Agent2_Epoch37": 1.1920928955078125e-07, "Agent3_Epoch37": 1.1920928955078125e-07, "Agent4_Epoch37": 0.0, "Agent0_Epoch38": 0.0, "Agent1_Epoch38": 1.1920928955078125e-07, "Agent2_Epoch38": 1.1920928955078125e-07, "Agent3_Epoch38": 1.1920928955078125e-07, "Agent4_Epoch38": 1.1920928955078125e-07, "Agent0_Epoch39": 1.1920928955078125e-07, "Agent1_Epoch39": 0.0, "Agent2_Epoch39": 0.0, "Agent3_Epoch39": 1.1920928955078125e-07, "Agent4_Epoch39": 1.1920928955078125e-07, "Agent0_Epoch40": 1.1920928955078125e-07, "Agent1_Epoch40": 1.7881393432617188e-07, "Agent2_Epoch40": 0.0, "Agent3_Epoch40": 1.1920928955078125e-07,