{"Agent0_Epoch1": 0.28992390632629395, "Agent1_Epoch1": 0.29682332277297974, "Agent2_Epoch1": 0.9991533160209656, "Agent3_Epoch1": 0.9906891584396362, "Agent4_Epoch1": 0.9942424893379211, "Agent0_Epoch2": 0.056475281715393066, "Agent1_Epoch2": 0.2880920171737671, "Agent2_Epoch2": 0.2946077585220337, "Agent3_Epoch2": 0.29183369874954224, "Agent4_Epoch2": 0.2997690439224243, "Agent0_Epoch3": 0.0326082706451416, "Agent1_Epoch3": 0.13234084844589233, "Agent2_Epoch3": 0.13572853803634644, "Agent3_Epoch3": 0.13190168142318726, "Agent4_Epoch3": 0.13571304082870483, "Agent0_Epoch4": 0.020141661167144775, "Agent1_Epoch4": 0.06218606233596802, "Agent2_Epoch4": 0.06373894214630127, "Agent3_Epoch4": 0.061120688915252686, "Agent4_Epoch4": 0.06484448909759521, "Agent0_Epoch5": 0.013307273387908936, "Agent1_Epoch5": 0.032509028911590576, "Agent2_Epoch5": 0.03254199028015137, "Agent3_Epoch5": 0.031176328659057617, "Agent4_Epoch5": 0.03296738862991333, "Agent0_Epoch6": 0.00872582197189331, "Agent1_Epoch6": 0.017802834510803223, "Agent2_Epoch6": 0.018221676349639893, "Agent3_Epoch6": 0.018252432346343994, "Agent4_Epoch6": 0.02089822292327881, "Agent0_Epoch7": 0.006457924842834473, "Agent1_Epoch7": 0.01133960485458374, "Agent2_Epoch7": 0.010980188846588135, "Agent3_Epoch7": 0.01106184720993042, "Agent4_Epoch7": 0.01228344440460205, "Agent0_Epoch8": 0.004732012748718262, "Agent1_Epoch8": 0.007408857345581055, "Agent2_Epoch8": 0.007580697536468506, "Agent3_Epoch8": 0.00789344310760498, "Agent4_Epoch8": 0.008344411849975586, "Agent0_Epoch9": 0.0037714242935180664, "Agent1_Epoch9": 0.0054007768630981445, "Agent2_Epoch9": 0.005437314510345459, "Agent3_Epoch9": 0.005600273609161377, "Agent4_Epoch9": 0.0059378743171691895, "Agent0_Epoch10": 0.0031912922859191895, "Agent1_Epoch10": 0.004260361194610596, "Agent2_Epoch10": 0.004012882709503174, "Agent3_Epoch10": 0.004258453845977783, "Agent4_Epoch10": 0.004183650016784668, "Agent0_Epoch11": 0.0025950074195861816, "Agent1_Epoch11": 0.0032777786254882812, "Agent2_Epoch11": 0.0032594799995422363, "Agent3_Epoch11": 0.002756059169769287, "Agent4_Epoch11": 0.003388643264770508, "Agent0_Epoch12": 0.0021879076957702637, "Agent1_Epoch12": 0.0026445984840393066, "Agent2_Epoch12": 0.0025981664657592773, "Agent3_Epoch12": 0.002812206745147705, "Agent4_Epoch12": 0.0026875734329223633, "Agent0_Epoch13": 0.0018585920333862305, "Agent1_Epoch13": 0.0021701455116271973, "Agent2_Epoch13": 0.002089262008666992, "Agent3_Epoch13": 0.0018103718757629395, "Agent4_Epoch13": 0.002428889274597168, "Agent0_Epoch14": 0.0014780163764953613, "Agent1_Epoch14": 0.001678466796875, "Agent2_Epoch14": 0.0017104148864746094, "Agent3_Epoch14": 0.0012589097023010254, "Agent4_Epoch14": 0.001958310604095459, "Agent0_Epoch15": 0.0011413097381591797, "Agent1_Epoch15": 0.0012671947479248047, "Agent2_Epoch15": 0.0012436509132385254, "Agent3_Epoch15": 0.0011658072471618652, "Agent4_Epoch15": 0.0015009045600891113, "Agent0_Epoch16": 0.0008723735809326172, "Agent1_Epoch16": 0.0009511709213256836, "Agent2_Epoch16": 0.0009349584579467773, "Agent3_Epoch16": 0.0009314417839050293, "Agent4_Epoch16": 0.0010014772415161133, "Agent0_Epoch17": 0.0006392598152160645, "Agent1_Epoch17": 0.0006864070892333984, "Agent2_Epoch17": 0.000672459602355957, "Agent3_Epoch17": 0.0006415247917175293, "Agent4_Epoch17": 0.0007568001747131348, "Agent0_Epoch18": 0.00045669078826904297, "Agent1_Epoch18": 0.00048416852951049805, "Agent2_Epoch18": 0.0004749894142150879, "Agent3_Epoch18": 0.0004419684410095215, "Agent4_Epoch18": 0.0005011558532714844, "Agent0_Epoch19": 0.0003147721290588379, "Agent1_Epoch19": 0.00033020973205566406, "Agent2_Epoch19": 0.000333249568939209, "Agent3_Epoch19": 0.00031000375747680664, "Agent4_Epoch19": 0.00033968687057495117, "Agent0_Epoch20": 0.00021708011627197266, "Agent1_Epoch20": 0.0002256631851196289, "Agent2_Epoch20": 0.00022208690643310547, "Agent3_Epoch20": 0.0002110600471496582, "Agent4_Epoch20": 0.0002599954605102539, "Agent0_Epoch21": 0.00014925003051757812, "Agent1_Epoch21": 0.00015401840209960938, "Agent2_Epoch21": 0.00015270709991455078, "Agent3_Epoch21": 0.0001500844955444336, "Agent4_Epoch21": 0.00015693902969360352, "Agent0_Epoch22": 0.00010120868682861328, "Agent1_Epoch22": 0.00010377168655395508, "Agent2_Epoch22": 0.00010263919830322266, "Agent3_Epoch22": 9.828805923461914e-05, "Agent4_Epoch22": 0.00010758638381958008, "Agent0_Epoch23": 6.777048110961914e-05, "Agent1_Epoch23": 6.914138793945312e-05, "Agent2_Epoch23": 6.866455078125e-05, "Agent3_Epoch23": 6.586313247680664e-05, "Agent4_Epoch23": 7.468461990356445e-05, "Agent0_Epoch24": 4.5418739318847656e-05, "Agent1_Epoch24": 4.6253204345703125e-05, "Agent2_Epoch24": 4.595518112182617e-05, "Agent3_Epoch24": 4.458427429199219e-05, "Agent4_Epoch24": 4.744529724121094e-05, "Agent0_Epoch25": 3.0040740966796875e-05, "Agent1_Epoch25": 3.057718276977539e-05, "Agent2_Epoch25": 3.057718276977539e-05, "Agent3_Epoch25": 2.950429916381836e-05, "Agent4_Epoch25": 3.129243850708008e-05, "Agent0_Epoch26": 1.996755599975586e-05, "Agent1_Epoch26": 2.014636993408203e-05, "Agent2_Epoch26": 2.014636993408203e-05, "Agent3_Epoch26": 1.990795135498047e-05, "Agent4_Epoch26": 2.092123031616211e-05, "Agent0_Epoch27": 1.3172626495361328e-05, "Agent1_Epoch27": 1.33514404296875e-05, "Agent2_Epoch27": 1.3232231140136719e-05, "Agent3_Epoch27": 1.3232231140136719e-05, "Agent4_Epoch27": 1.3232231140136719e-05, "Agent0_Epoch28": 8.58306884765625e-06, "Agent1_Epoch28": 8.821487426757812e-06, "Agent2_Epoch28": 8.702278137207031e-06, "Agent3_Epoch28": 8.344650268554688e-06, "Agent4_Epoch28": 8.64267349243164e-06, "Agent0_Epoch29": 5.602836608886719e-06, "Agent1_Epoch29": 5.602836608886719e-06, "Agent2_Epoch29": 5.662441253662109e-06, "Agent3_Epoch29": 5.662441253662109e-06, "Agent4_Epoch29": 5.781650543212891e-06, "Agent0_Epoch30": 3.635883331298828e-06, "Agent1_Epoch30": 3.7550926208496094e-06, "Agent2_Epoch30": 3.7550926208496094e-06, "Agent3_Epoch30": 3.5762786865234375e-06, "Agent4_Epoch30": 3.7550926208496094e-06, "Agent0_Epoch31": 2.384185791015625e-06, "Agent1_Epoch31": 2.384185791015625e-06, "Agent2_Epoch31": 2.384185791015625e-06, "Agent3_Epoch31": 2.384185791015625e-06, "Agent4_Epoch31": 2.4437904357910156e-06, "Agent0_Epoch32": 1.5497207641601562e-06, "Agent1_Epoch32": 1.5497207641601562e-06, "Agent2_Epoch32": 1.5497207641601562e-06, "Agent3_Epoch32": 1.6689300537109375e-06, "Agent4_Epoch32": 1.4901161193847656e-06, "Agent0_Epoch33": 1.0132789611816406e-06, "Agent1_Epoch33": 1.0132789611816406e-06, "Agent2_Epoch33": 1.0132789611816406e-06, "Agent3_Epoch33": 8.940696716308594e-07, "Agent4_Epoch33": 1.0728836059570312e-06, "Agent0_Epoch34": 5.364418029785156e-07, "Agent1_Epoch34": 5.364418029785156e-07, "Agent2_Epoch34": 6.556510925292969e-07, "Agent3_Epoch34": 6.556510925292969e-07, "Agent4_Epoch34": 6.556510925292969e-07, "Agent0_Epoch35": 2.980232238769531e-07, "Agent1_Epoch35": 3.5762786865234375e-07, "Agent2_Epoch35": 2.980232238769531e-07, "Agent3_Epoch35": 2.980232238769531e-07, "Agent4_Epoch35": 3.5762786865234375e-07, "Agent0_Epoch36": 2.980232238769531e-07, "Agent1_Epoch36": 1.7881393432617188e-07, "Agent2_Epoch36": 3.5762786865234375e-07, "Agent3_Epoch36": 2.980232238769531e-07, "Agent4_Epoch36": 1.1920928955078125e-07, "Agent0_Epoch37": 1.7881393432617188e-07, "Agent1_Epoch37": 1.7881393432617188e-07, "Agent2_Epoch37": 1.7881393432617188e-07, "Agent3_Epoch37": 1.1920928955078125e-07, "Agent4_Epoch37": 0.0, "Agent0_Epoch38": 1.7881393432617188e-07, "Agent1_Epoch38": 1.1920928955078125e-07, "Agent2_Epoch38": 0.0, "Agent3_Epoch38": 1.7881393432617188e-07, "Agent4_Epoch38": 1.7881393432617188e-07, "Agent0_Epoch39": 1.1920928955078125e-07, "Agent1_Epoch39": 1.1920928955078125e-07, "Agent2_Epoch39": 0.0, "Agent3_Epoch39": 1.1920928955078125e-07, "Agent4_Epoch39": 1.1920928955078125e-07, "Agent0_Epoch40": 1.1920928955078125e-07, "Agent1_Epoch40": -1.1920928955078125e-07, "Agent2_Epoch40": 0.0, "Agent3_Epoch40": 0.0,