{"E1_agent0_norm": 1.9609673023223877, "E1_agent1_norm": 1.8783074617385864, "E1_agent2_norm": 1.992647647857666, "E1_agent3_norm": 1.610919713973999, "E1_agent4_norm": 2.172452449798584, "E2_agent0_norm": 0.827566921710968, "E2_agent1_norm": 1.1356794834136963, "E2_agent2_norm": 1.0928276777267456, "E2_agent3_norm": 0.9352222084999084, "E2_agent4_norm": 1.2462631464004517, "E3_agent0_norm": 0.6743074059486389, "E3_agent1_norm": 0.49099618196487427, "E3_agent2_norm": 0.5234493613243103, "E3_agent3_norm": 0.4806312322616577, "E3_agent4_norm": 0.9309693574905396, "E4_agent0_norm": 0.5361016392707825, "E4_agent1_norm": 0.38800114393234253, "E4_agent2_norm": 0.4209885001182556, "E4_agent3_norm": 0.41126248240470886, "E4_agent4_norm": 0.5610451698303223, "E5_agent0_norm": 0.37104102969169617, "E5_agent1_norm": 0.3109571635723114, "E5_agent2_norm": 0.356391578912735, "E5_agent3_norm": 0.28579434752464294, "E5_agent4_norm": 0.3712051510810852, "E6_agent0_norm": 0.310260146856308, "E6_agent1_norm": 0.24862271547317505, "E6_agent2_norm": 0.26356416940689087, "E6_agent3_norm": 0.21093453466892242, "E6_agent4_norm": 0.280524343252182, "E7_agent0_norm": 0.31677213311195374, "E7_agent1_norm": 0.1705378293991089, "E7_agent2_norm": 0.16216392815113068, "E7_agent3_norm": 0.15264026820659637, "E7_agent4_norm": 0.2226252257823944, "E8_agent0_norm": 0.25001776218414307, "E8_agent1_norm": 0.13532152771949768, "E8_agent2_norm": 0.1363050788640976, "E8_agent3_norm": 0.1272994577884674, "E8_agent4_norm": 0.16381071507930756, "E9_agent0_norm": 0.27139851450920105, "E9_agent1_norm": 0.10087130218744278, "E9_agent2_norm": 0.10491497814655304, "E9_agent3_norm": 0.09604638069868088, "E9_agent4_norm": 0.11122003197669983, "E10_agent0_norm": 0.2620580196380615, "E10_agent1_norm": 0.08914556354284286, "E10_agent2_norm": 0.09015382081270218, "E10_agent3_norm": 0.09223072975873947, "E10_agent4_norm": 0.11158425360918045, "E11_agent0_norm": 0.2279941439628601, "E11_agent1_norm": 0.0763435810804367, "E11_agent2_norm": 0.07691533118486404, "E11_agent3_norm": 0.0956094041466713, "E11_agent4_norm": 0.11013807356357574, "E12_agent0_norm": 0.22170579433441162, "E12_agent1_norm": 0.061084672808647156, "E12_agent2_norm": 0.06109863892197609, "E12_agent3_norm": 0.06037808209657669, "E12_agent4_norm": 0.11403163522481918, "E13_agent0_norm": 0.18039745092391968, "E13_agent1_norm": 0.05735911801457405, "E13_agent2_norm": 0.05634084716439247, "E13_agent3_norm": 0.06161551922559738, "E13_agent4_norm": 0.06332708895206451, "E14_agent0_norm": 0.14851079881191254, "E14_agent1_norm": 0.04082304611802101, "E14_agent2_norm": 0.04135043919086456, "E14_agent3_norm": 0.0442110113799572, "E14_agent4_norm": 0.08280541747808456, "E15_agent0_norm": 0.10858291387557983, "E15_agent1_norm": 0.02843407355248928, "E15_agent2_norm": 0.02847331389784813, "E15_agent3_norm": 0.029244599863886833, "E15_agent4_norm": 0.03220541402697563, "E16_agent0_norm": 0.07575687021017075, "E16_agent1_norm": 0.023329665884375572, "E16_agent2_norm": 0.020980006083846092, "E16_agent3_norm": 0.022855469956994057, "E16_agent4_norm": 0.02786228619515896, "E17_agent0_norm": 0.05249524116516113, "E17_agent1_norm": 0.016921084374189377, "E17_agent2_norm": 0.016559401527047157, "E17_agent3_norm": 0.023426923900842667, "E17_agent4_norm": 0.021786658093333244, "E18_agent0_norm": 0.03904232010245323, "E18_agent1_norm": 0.012353452853858471, "E18_agent2_norm": 0.011892328038811684, "E18_agent3_norm": 0.017086368054151535, "E18_agent4_norm": 0.022024454548954964, "E19_agent0_norm": 0.02769293263554573, "E19_agent1_norm": 0.008094235323369503, "E19_agent2_norm": 0.008635268546640873, "E19_agent3_norm": 0.011716139502823353, "E19_agent4_norm": 0.011128033511340618, "E20_agent0_norm": 0.02065436914563179, "E20_agent1_norm": 0.0059870826080441475, "E20_agent2_norm": 0.00600305013358593, "E20_agent3_norm": 0.006769763305783272, "E20_agent4_norm": 0.00997992791235447, "E21_agent0_norm": 0.015100366435945034, "E21_agent1_norm": 0.00451488746330142, "E21_agent2_norm": 0.0045522283762693405, "E21_agent3_norm": 0.007395030464977026, "E21_agent4_norm": 0.012245715595781803, "E22_agent0_norm": 0.010475292801856995, "E22_agent1_norm": 0.003248948836699128, "E22_agent2_norm": 0.0031233045738190413, "E22_agent3_norm": 0.00486147403717041, "E22_agent4_norm": 0.006211187224835157, "E23_agent0_norm": 0.007607061881572008, "E23_agent1_norm": 0.0022829612717032433, "E23_agent2_norm": 0.0021970297675579786, "E23_agent3_norm": 0.003369907382875681, "E23_agent4_norm": 0.004021590109914541, "E24_agent0_norm": 0.005247613415122032, "E24_agent1_norm": 0.001474865130148828, "E24_agent2_norm": 0.0014502776321023703, "E24_agent3_norm": 0.0015117519069463015, "E24_agent4_norm": 0.0018663631053641438, "E25_agent0_norm": 0.0038421552162617445, "E25_agent1_norm": 0.0010986911365762353, "E25_agent2_norm": 0.0011024496052414179, "E25_agent3_norm": 0.0013188879238441586, "E25_agent4_norm": 0.0027373707853257656, "E26_agent0_norm": 0.0024458798579871655, "E26_agent1_norm": 0.0008399538928642869, "E26_agent2_norm": 0.0007908267434686422, "E26_agent3_norm": 0.0014562750002369285, "E26_agent4_norm": 0.0007292262744158506, "E27_agent0_norm": 0.0018424028530716896, "E27_agent1_norm": 0.0005459897220134735, "E27_agent2_norm": 0.0005106226308271289, "E27_agent3_norm": 0.0008473412017337978, "E27_agent4_norm": 0.0007350678206421435, "E28_agent0_norm": 0.0013348100474104285, "E28_agent1_norm": 0.0004244344891048968, "E28_agent2_norm": 0.0003933233383577317, "E28_agent3_norm": 0.0008361762156710029, "E28_agent4_norm": 0.0007573980838060379, "E29_agent0_norm": 0.0009769211756065488, "E29_agent1_norm": 0.00026560568949207664, "E29_agent2_norm": 0.0002713601861614734, "E29_agent3_norm": 0.0002644074847921729, "E29_agent4_norm": 0.00042957960977219045, "E30_agent0_norm": 0.0006577803287655115, "E30_agent1_norm": 0.00019072508439421654, "E30_agent2_norm": 0.00018106368952430785, "E30_agent3_norm": 0.00030591548420488834, "E30_agent4_norm": 0.00023300097382161766, "E31_agent0_norm": 0.0004826477379538119, "E31_agent1_norm": 0.00013190925528761, "E31_agent2_norm": 0.00012545408389996737, "E31_agent3_norm": 0.00014261600153986365, "E31_agent4_norm": 0.00014219489821698517, "E32_agent0_norm": 0.00032370653934776783, "E32_agent1_norm": 9.283949475502595e-05, "E32_agent2_norm": 9.240143845090643e-05, "E32_agent3_norm": 0.00013766641495749354, "E32_agent4_norm": 0.00011094963701907545, "E33_agent0_norm": 0.0002309887349838391, "E33_agent1_norm": 6.303193367784843e-05, "E33_agent2_norm": 6.221962394192815e-05, "E33_agent3_norm": 6.537193985423073e-05, "E33_agent4_norm": 0.00011992721556453034, "E34_agent0_norm": 0.00016309134662151337, "E34_agent1_norm": 4.4653726945398375e-05, "E34_agent2_norm": 4.5849152229493484e-05, "E34_agent3_norm": 5.798823985969648e-05, "E34_agent4_norm": 5.8451376389712095e-05, "E35_agent0_norm": 0.00010961131192743778, "E35_agent1_norm": 3.218657002435066e-05, "E35_agent2_norm": 3.1175593903753906e-05, "E35_agent3_norm": 5.454831989482045e-05, "E35_agent4_norm": 6.306401337496936e-05, "E36_agent0_norm": 7.564964471384883e-05, "E36_agent1_norm": 2.270664663228672e-05, "E36_agent2_norm": 2.1997942894813605e-05, "E36_agent3_norm": 4.328997965785675e-05, "E36_agent4_norm": 3.0205477742129005e-05, "E37_agent0_norm": 5.231869363342412e-05, "E37_agent1_norm": 1.515919211669825e-05, "E37_agent2_norm": 1.51130998347071e-05, "E37_agent3_norm": 2.406255225650966e-05, "E37_agent4_norm": 2.0096576918149367e-05, "E38_agent0_norm": 4.0450377127854154e-05, "E38_agent1_norm": 1.0843889867828693e-05, "E38_agent2_norm": 1.0737645425251685e-05, "E38_agent3_norm": 1.3027422937739175e-05, "E38_agent4_norm": 1.9942268409067765e-05, "E39_agent0_norm": 2.69883603323251e-05, "E39_agent1_norm": 7.890634151408449e-06, "E39_agent2_norm": 7.335986538237194e-06, "E39_agent3_norm": 8.621042979939375e-06, "E39_agent4_norm": 9.336583389085717e-06, "E40_agent0_norm": 1.9148004867020063e-05,