{"Agent0_Epoch1": 0.301247775554657, "Agent1_Epoch1": 0.28005367517471313, "Agent2_Epoch1": 0.9973496198654175, "Agent3_Epoch1": 0.9977414011955261, "Agent4_Epoch1": 0.9953470230102539, "Agent0_Epoch2": 0.030802011489868164, "Agent1_Epoch2": 0.026851654052734375, "Agent2_Epoch2": 0.07976067066192627, "Agent3_Epoch2": 0.07066673040390015, "Agent4_Epoch2": 0.10095864534378052, "Agent0_Epoch3": 0.007720828056335449, "Agent1_Epoch3": 0.007146596908569336, "Agent2_Epoch3": 0.022463202476501465, "Agent3_Epoch3": 0.019015371799468994, "Agent4_Epoch3": 0.026412367820739746, "Agent0_Epoch4": 0.0033984780311584473, "Agent1_Epoch4": 0.003244459629058838, "Agent2_Epoch4": 0.011091113090515137, "Agent3_Epoch4": 0.010222136974334717, "Agent4_Epoch4": 0.01434624195098877, "Agent0_Epoch5": 0.0016440749168395996, "Agent1_Epoch5": 0.0016205310821533203, "Agent2_Epoch5": 0.005238711833953857, "Agent3_Epoch5": 0.0038872957229614258, "Agent4_Epoch5": 0.006598472595214844, "Agent0_Epoch6": 0.0008400082588195801, "Agent1_Epoch6": 0.0008320808410644531, "Agent2_Epoch6": 0.0023723840713500977, "Agent3_Epoch6": 0.002278923988342285, "Agent4_Epoch6": 0.0032826662063598633, "Agent0_Epoch7": 0.000423431396484375, "Agent1_Epoch7": 0.0004202127456665039, "Agent2_Epoch7": 0.0012906193733215332, "Agent3_Epoch7": 0.0010802149772644043, "Agent4_Epoch7": 0.0018305778503417969, "Agent0_Epoch8": 0.00022774934768676758, "Agent1_Epoch8": 0.00022655725479125977, "Agent2_Epoch8": 0.0007519721984863281, "Agent3_Epoch8": 0.0005643963813781738, "Agent4_Epoch8": 0.000836789608001709, "Agent0_Epoch9": 0.00011557340621948242, "Agent1_Epoch9": 0.00011515617370605469, "Agent2_Epoch9": 0.00041157007217407227, "Agent3_Epoch9": 0.0003491640090942383, "Agent4_Epoch9": 0.00045984983444213867, "Agent0_Epoch10": 6.16312026977539e-05, "Agent1_Epoch10": 6.151199340820312e-05, "Agent2_Epoch10": 0.00020706653594970703, "Agent3_Epoch10": 0.0001748204231262207, "Agent4_Epoch10": 0.00024014711380004883}