{"E1_agent0_norm": 2.4943604469299316, "E1_agent1_norm": 2.6902058124542236, "E1_agent2_norm": 2.9149656295776367, "E1_agent3_norm": 3.320389747619629, "E1_agent4_norm": 2.8632936477661133, "E1_agent5_norm": 2.8882429599761963, "E2_agent0_norm": 0.8319283127784729, "E2_agent1_norm": 2.3466529846191406, "E2_agent2_norm": 2.7152671813964844, "E2_agent3_norm": 2.813328981399536, "E2_agent4_norm": 2.569155216217041, "E2_agent5_norm": 2.537848949432373, "E3_agent0_norm": 0.8596746921539307, "E3_agent1_norm": 2.341616153717041, "E3_agent2_norm": 1.9498984813690186, "E3_agent3_norm": 2.3029656410217285, "E3_agent4_norm": 2.2649500370025635, "E3_agent5_norm": 2.345987558364868, "E4_agent0_norm": 0.8863288164138794, "E4_agent1_norm": 1.9890477657318115, "E4_agent2_norm": 2.3001677989959717, "E4_agent3_norm": 2.2613072395324707, "E4_agent4_norm": 2.0368709564208984, "E4_agent5_norm": 2.0113580226898193, "E5_agent0_norm": 0.816843569278717, "E5_agent1_norm": 1.8739409446716309, "E5_agent2_norm": 2.1567273139953613, "E5_agent3_norm": 1.6761647462844849, "E5_agent4_norm": 1.6185119152069092, "E5_agent5_norm": 1.6467760801315308, "E6_agent0_norm": 0.6183220148086548, "E6_agent1_norm": 1.5375361442565918, "E6_agent2_norm": 1.6687108278274536, "E6_agent3_norm": 1.4075573682785034, "E6_agent4_norm": 1.2410390377044678, "E6_agent5_norm": 1.1979566812515259, "E7_agent0_norm": 0.5551843643188477, "E7_agent1_norm": 1.3442059755325317, "E7_agent2_norm": 1.4321659803390503, "E7_agent3_norm": 1.1129118204116821, "E7_agent4_norm": 1.0368252992630005, "E7_agent5_norm": 1.0565165281295776, "E8_agent0_norm": 0.4674570858478546, "E8_agent1_norm": 1.0805598497390747, "E8_agent2_norm": 1.184619426727295, "E8_agent3_norm": 0.988071084022522, "E8_agent4_norm": 0.8467704057693481, "E8_agent5_norm": 0.9067032933235168, "E9_agent0_norm": 0.4061812460422516, "E9_agent1_norm": 0.9069347977638245, "E9_agent2_norm": 0.9672204852104187, "E9_agent3_norm": 0.8639785051345825, "E9_agent4_norm": 0.7349762320518494, "E9_agent5_norm": 0.7926872968673706, "E10_agent0_norm": 0.32312530279159546, "E10_agent1_norm": 0.7260700464248657, "E10_agent2_norm": 0.7832781672477722, "E10_agent3_norm": 0.7695838212966919, "E10_agent4_norm": 0.6196276545524597, "E10_agent5_norm": 0.6113952994346619, "E11_agent0_norm": 0.2671615481376648, "E11_agent1_norm": 0.5810063481330872, "E11_agent2_norm": 0.6956326365470886, "E11_agent3_norm": 0.636925995349884, "E11_agent4_norm": 0.5567882657051086, "E11_agent5_norm": 0.5352303385734558, "E12_agent0_norm": 0.20797739923000336, "E12_agent1_norm": 0.48423144221305847, "E12_agent2_norm": 0.5342488884925842, "E12_agent3_norm": 0.5050506591796875, "E12_agent4_norm": 0.415781706571579, "E12_agent5_norm": 0.4830217957496643, "E13_agent0_norm": 0.17083384096622467, "E13_agent1_norm": 0.3959992229938507, "E13_agent2_norm": 0.4565414786338806, "E13_agent3_norm": 0.41560104489326477, "E13_agent4_norm": 0.3857116401195526, "E13_agent5_norm": 0.38775667548179626, "E14_agent0_norm": 0.12904688715934753, "E14_agent1_norm": 0.2975352704524994, "E14_agent2_norm": 0.3819870948791504, "E14_agent3_norm": 0.3352213203907013, "E14_agent4_norm": 0.3208787739276886, "E14_agent5_norm": 0.32758939266204834, "E15_agent0_norm": 0.1047285944223404, "E15_agent1_norm": 0.22630728781223297, "E15_agent2_norm": 0.27756744623184204, "E15_agent3_norm": 0.2690017819404602, "E15_agent4_norm": 0.2775464951992035, "E15_agent5_norm": 0.2725364565849304, "E16_agent0_norm": 0.08413298428058624, "E16_agent1_norm": 0.1818160116672516, "E16_agent2_norm": 0.2350614368915558, "E16_agent3_norm": 0.2059333771467209, "E16_agent4_norm": 0.22174373269081116, "E16_agent5_norm": 0.24855460226535797, "E17_agent0_norm": 0.06124471500515938, "E17_agent1_norm": 0.12823757529258728, "E17_agent2_norm": 0.18230503797531128, "E17_agent3_norm": 0.16256044805049896, "E17_agent4_norm": 0.19046664237976074, "E17_agent5_norm": 0.1972212940454483, "E18_agent0_norm": 0.04646945744752884, "E18_agent1_norm": 0.09486693143844604, "E18_agent2_norm": 0.12704409658908844, "E18_agent3_norm": 0.12797001004219055, "E18_agent4_norm": 0.14440056681632996, "E18_agent5_norm": 0.1544208973646164, "E19_agent0_norm": 0.03544998541474342, "E19_agent1_norm": 0.07496658712625504, "E19_agent2_norm": 0.10175511240959167, "E19_agent3_norm": 0.09647096693515778, "E19_agent4_norm": 0.10665286332368851, "E19_agent5_norm": 0.12272650003433228, "E20_agent0_norm": 0.02491212822496891, "E20_agent1_norm": 0.0519750714302063, "E20_agent2_norm": 0.07573067396879196, "E20_agent3_norm": 0.07724916189908981, "E20_agent4_norm": 0.07911279797554016, "E20_agent5_norm": 0.09320489317178726, "E21_agent0_norm": 0.018479501828551292, "E21_agent1_norm": 0.04226117581129074, "E21_agent2_norm": 0.057667817920446396, "E21_agent3_norm": 0.05581307038664818, "E21_agent4_norm": 0.05932535603642464, "E21_agent5_norm": 0.07072881609201431, "E22_agent0_norm": 0.013912132941186428, "E22_agent1_norm": 0.028117045760154724, "E22_agent2_norm": 0.03890780732035637, "E22_agent3_norm": 0.04177642613649368, "E22_agent4_norm": 0.04482066258788109, "E22_agent5_norm": 0.05025240033864975, "E23_agent0_norm": 0.00984887219965458, "E23_agent1_norm": 0.02243107557296753, "E23_agent2_norm": 0.028666753321886063, "E23_agent3_norm": 0.030474001541733742, "E23_agent4_norm": 0.03126903250813484, "E23_agent5_norm": 0.038438379764556885, "E24_agent0_norm": 0.0070142424665391445, "E24_agent1_norm": 0.012497655116021633, "E24_agent2_norm": 0.019253147765994072, "E24_agent3_norm": 0.01981249824166298, "E24_agent4_norm": 0.024043051525950432, "E24_agent5_norm": 0.026021219789981842, "E25_agent0_norm": 0.004443159326910973, "E25_agent1_norm": 0.009114312008023262, "E25_agent2_norm": 0.014389761723577976, "E25_agent3_norm": 0.013388300314545631, "E25_agent4_norm": 0.016203857958316803, "E25_agent5_norm": 0.019650718197226524, "E26_agent0_norm": 0.0031969973351806402, "E26_agent1_norm": 0.006168832071125507, "E26_agent2_norm": 0.009468204341828823, "E26_agent3_norm": 0.01002911664545536, "E26_agent4_norm": 0.011690414510667324, "E26_agent5_norm": 0.013450074940919876, "E27_agent0_norm": 0.002424483885988593, "E27_agent1_norm": 0.005228418856859207, "E27_agent2_norm": 0.007433655206114054, "E27_agent3_norm": 0.0074203708209097385, "E27_agent4_norm": 0.007733776234090328, "E27_agent5_norm": 0.009484246373176575, "E28_agent0_norm": 0.0017898388905450702, "E28_agent1_norm": 0.003343018004670739, "E28_agent2_norm": 0.004814522806555033, "E28_agent3_norm": 0.005459070671349764, "E28_agent4_norm": 0.006018225569278002, "E28_agent5_norm": 0.006866073235869408, "E29_agent0_norm": 0.0011901448015123606, "E29_agent1_norm": 0.002372640883550048, "E29_agent2_norm": 0.0033752138260751963, "E29_agent3_norm": 0.0039169020019471645, "E29_agent4_norm": 0.004073987249284983, "E29_agent5_norm": 0.004785208031535149, "E30_agent0_norm": 0.0008255007560364902, "E30_agent1_norm": 0.001611620537005365, "E30_agent2_norm": 0.0023162388242781162, "E30_agent3_norm": 0.002672820817679167, "E30_agent4_norm": 0.002830077428370714, "E30_agent5_norm": 0.003279557218775153, "E31_agent0_norm": 0.0005651002284139395, "E31_agent1_norm": 0.0011427165009081364, "E31_agent2_norm": 0.001648033270612359, "E31_agent3_norm": 0.0018320136005058885, "E31_agent4_norm": 0.001975612947717309, "E31_agent5_norm": 0.0023560815025120974, "E32_agent0_norm": 0.0004301997250877321, "E32_agent1_norm": 0.0008423022227361798, "E32_agent2_norm": 0.0011718167224898934, "E32_agent3_norm": 0.0012275967746973038, "E32_agent4_norm": 0.0014533370267599821, "E32_agent5_norm": 0.0016653402708470821, "E33_agent0_norm": 0.0003030213702004403, "E33_agent1_norm": 0.0005947721656411886, "E33_agent2_norm": 0.0007982690585777164, "E33_agent3_norm": 0.0009796075755730271, "E33_agent4_norm": 0.0010052319848909974, "E33_agent5_norm": 0.0011338905896991491, "E34_agent0_norm": 0.00019137494382448494, "E34_agent1_norm": 0.00038317812141031027, "E34_agent2_norm": 0.0005613892572000623,