{"Agent0_Epoch1": 0.2961438298225403, "Agent1_Epoch1": 0.28248995542526245, "Agent2_Epoch1": 0.9916002154350281, "Agent3_Epoch1": 0.9752936363220215, "Agent4_Epoch1": 0.9875043034553528, "Agent5_Epoch1": 0.9939064383506775, "Agent0_Epoch2": 0.0710679292678833, "Agent1_Epoch2": 0.33106040954589844, "Agent2_Epoch2": 0.41126400232315063, "Agent3_Epoch2": 0.42793023586273193, "Agent4_Epoch2": 0.4274289011955261, "Agent5_Epoch2": 0.4216573238372803, "Agent0_Epoch3": 0.07603436708450317, "Agent1_Epoch3": 0.32841646671295166, "Agent2_Epoch3": 0.4020143151283264, "Agent3_Epoch3": 0.41396403312683105, "Agent4_Epoch3": 0.40916043519973755, "Agent5_Epoch3": 0.3929601311683655, "Agent0_Epoch4": 0.07844197750091553, "Agent1_Epoch4": 0.32634299993515015, "Agent2_Epoch4": 0.3821139931678772, "Agent3_Epoch4": 0.39485496282577515, "Agent4_Epoch4": 0.3827540874481201, "Agent5_Epoch4": 0.3755364418029785, "Agent0_Epoch5": 0.081928551197052, "Agent1_Epoch5": 0.32521378993988037, "Agent2_Epoch5": 0.35855209827423096, "Agent3_Epoch5": 0.37499165534973145, "Agent4_Epoch5": 0.36045920848846436, "Agent5_Epoch5": 0.3593263030052185, "Agent0_Epoch6": 0.08527904748916626, "Agent1_Epoch6": 0.32531124353408813, "Agent2_Epoch6": 0.3489497900009155, "Agent3_Epoch6": 0.3563193082809448, "Agent4_Epoch6": 0.34856873750686646, "Agent5_Epoch6": 0.3465424180030823, "Agent0_Epoch7": 0.08873903751373291, "Agent1_Epoch7": 0.3249455690383911, "Agent2_Epoch7": 0.339108407497406, "Agent3_Epoch7": 0.34542667865753174, "Agent4_Epoch7": 0.3389664888381958, "Agent5_Epoch7": 0.3396430015563965, "Agent0_Epoch8": 0.09005790948867798, "Agent1_Epoch8": 0.32445329427719116, "Agent2_Epoch8": 0.33265596628189087, "Agent3_Epoch8": 0.33850038051605225, "Agent4_Epoch8": 0.3330605626106262, "Agent5_Epoch8": 0.33355069160461426, "Agent0_Epoch9": 0.09235310554504395, "Agent1_Epoch9": 0.32348716259002686, "Agent2_Epoch9": 0.3276762366294861, "Agent3_Epoch9": 0.3335200548171997, "Agent4_Epoch9": 0.32893258333206177, "Agent5_Epoch9": 0.3289647698402405, "Agent0_Epoch10": 0.0941113829612732, "Agent1_Epoch10": 0.3223101496696472, "Agent2_Epoch10": 0.32601016759872437, "Agent3_Epoch10": 0.3295464515686035, "Agent4_Epoch10": 0.3258579969406128, "Agent5_Epoch10": 0.32577961683273315, "Agent0_Epoch11": 0.0956200361251831, "Agent1_Epoch11": 0.3210334777832031, "Agent2_Epoch11": 0.3242405652999878, "Agent3_Epoch11": 0.32683342695236206, "Agent4_Epoch11": 0.3238754868507385, "Agent5_Epoch11": 0.3233110308647156, "Agent0_Epoch12": 0.09681165218353271, "Agent1_Epoch12": 0.32025063037872314, "Agent2_Epoch12": 0.32277482748031616, "Agent3_Epoch12": 0.32423830032348633, "Agent4_Epoch12": 0.32239651679992676, "Agent5_Epoch12": 0.3211374878883362, "Agent0_Epoch13": 0.09778827428817749, "Agent1_Epoch13": 0.3195018172264099, "Agent2_Epoch13": 0.3213001489639282, "Agent3_Epoch13": 0.3226557970046997, "Agent4_Epoch13": 0.3208509087562561, "Agent5_Epoch13": 0.3202017545700073, "Agent0_Epoch14": 0.09858059883117676, "Agent1_Epoch14": 0.31895798444747925, "Agent2_Epoch14": 0.32055073976516724, "Agent3_Epoch14": 0.3211281895637512, "Agent4_Epoch14": 0.31996840238571167, "Agent5_Epoch14": 0.3192838430404663, "Agent0_Epoch15": 0.09922146797180176, "Agent1_Epoch15": 0.3185424208641052, "Agent2_Epoch15": 0.3197253346443176, "Agent3_Epoch15": 0.32022416591644287, "Agent4_Epoch15": 0.31949806213378906, "Agent5_Epoch15": 0.3185065984725952, "Agent0_Epoch16": 0.09969592094421387, "Agent1_Epoch16": 0.3182164430618286, "Agent2_Epoch16": 0.3191889524459839, "Agent3_Epoch16": 0.3194390535354614, "Agent4_Epoch16": 0.31897127628326416, "Agent5_Epoch16": 0.3180920481681824, "Agent0_Epoch17": 0.1000412106513977, "Agent1_Epoch17": 0.31797778606414795, "Agent2_Epoch17": 0.31874942779541016, "Agent3_Epoch17": 0.31891632080078125, "Agent4_Epoch17": 0.3187577724456787, "Agent5_Epoch17": 0.3177584409713745, "Agent0_Epoch18": 0.1003006100654602, "Agent1_Epoch18": 0.3178409934043884, "Agent2_Epoch18": 0.31843137741088867, "Agent3_Epoch18": 0.31846529245376587, "Agent4_Epoch18": 0.3184775710105896, "Agent5_Epoch18": 0.3176369071006775, "Agent0_Epoch19": 0.10049986839294434, "Agent1_Epoch19": 0.3177732229232788, "Agent2_Epoch19": 0.3181804418563843, "Agent3_Epoch19": 0.31815820932388306, "Agent4_Epoch19": 0.3181349039077759, "Agent5_Epoch19": 0.3176044225692749, "Agent0_Epoch20": 0.10063296556472778, "Agent1_Epoch20": 0.3177158236503601, "Agent2_Epoch20": 0.3179830312728882, "Agent3_Epoch20": 0.31800729036331177, "Agent4_Epoch20": 0.31799012422561646, "Agent5_Epoch20": 0.3175491690635681, "Agent0_Epoch21": 0.10073572397232056, "Agent1_Epoch21": 0.3176785111427307, "Agent2_Epoch21": 0.31786978244781494, "Agent3_Epoch21": 0.3178965449333191, "Agent4_Epoch21": 0.31784337759017944, "Agent5_Epoch21": 0.3174888491630554, "Agent0_Epoch22": 0.10080283880233765, "Agent1_Epoch22": 0.31764453649520874, "Agent2_Epoch22": 0.31780219078063965, "Agent3_Epoch22": 0.3177897334098816, "Agent4_Epoch22": 0.317751407623291, "Agent5_Epoch22": 0.31752079725265503, "Agent0_Epoch23": 0.10084903240203857, "Agent1_Epoch23": 0.31761592626571655, "Agent2_Epoch23": 0.31773680448532104, "Agent3_Epoch23": 0.31772559881210327, "Agent4_Epoch23": 0.31772059202194214, "Agent5_Epoch23": 0.3175254464149475, "Agent0_Epoch24": 0.10088646411895752, "Agent1_Epoch24": 0.3176097273826599, "Agent2_Epoch24": 0.31767910718917847, "Agent3_Epoch24": 0.3176708221435547, "Agent4_Epoch24": 0.31766408681869507, "Agent5_Epoch24": 0.3175531029701233, "Agent0_Epoch25": 0.10090935230255127, "Agent1_Epoch25": 0.3176004886627197, "Agent2_Epoch25": 0.3176582455635071, "Agent3_Epoch25": 0.31765520572662354, "Agent4_Epoch25": 0.3176352381706238, "Agent5_Epoch25": 0.31756681203842163, "Agent0_Epoch26": 0.10092753171920776, "Agent1_Epoch26": 0.3176000714302063, "Agent2_Epoch26": 0.3176332712173462, "Agent3_Epoch26": 0.3176316022872925, "Agent4_Epoch26": 0.31762880086898804, "Agent5_Epoch26": 0.3175576329231262, "Agent0_Epoch27": 0.10093897581100464, "Agent1_Epoch27": 0.317593514919281, "Agent2_Epoch27": 0.3176211714744568, "Agent3_Epoch27": 0.31761908531188965, "Agent4_Epoch27": 0.31761616468429565, "Agent5_Epoch27": 0.3175685405731201, "Agent0_Epoch28": 0.10094743967056274, "Agent1_Epoch28": 0.3175904154777527, "Agent2_Epoch28": 0.31761103868484497, "Agent3_Epoch28": 0.3176087737083435, "Agent4_Epoch28": 0.3176048994064331, "Agent5_Epoch28": 0.31757718324661255, "Agent0_Epoch29": 0.10095387697219849, "Agent1_Epoch29": 0.31759166717529297, "Agent2_Epoch29": 0.31760162115097046, "Agent3_Epoch29": 0.3176012635231018, "Agent4_Epoch29": 0.31759119033813477, "Agent5_Epoch29": 0.31757909059524536, "Agent0_Epoch30": 0.10095745325088501, "Agent1_Epoch30": 0.3175883889198303, "Agent2_Epoch30": 0.31759774684906006, "Agent3_Epoch30": 0.317596971988678, "Agent4_Epoch30": 0.31759387254714966, "Agent5_Epoch30": 0.3175797462463379, "Agent0_Epoch31": 0.10096031427383423, "Agent1_Epoch31": 0.31758832931518555, "Agent2_Epoch31": 0.31759387254714966, "Agent3_Epoch31": 0.3175932765007019, "Agent4_Epoch31": 0.3175899386405945, "Agent5_Epoch31": 0.3175816535949707, "Agent0_Epoch32": 0.10096222162246704, "Agent1_Epoch32": 0.3175872564315796, "Agent2_Epoch32": 0.3175916075706482, "Agent3_Epoch32": 0.31759113073349, "Agent4_Epoch32": 0.31758981943130493, "Agent5_Epoch32": 0.31758224964141846, "Agent0_Epoch33": 0.1009635329246521, "Agent1_Epoch33": 0.31758636236190796, "Agent2_Epoch33": 0.31758999824523926, "Agent3_Epoch33": 0.3175896406173706, "Agent4_Epoch33": 0.31758952140808105, "Agent5_Epoch33": 0.31758391857147217, "Agent0_Epoch34": 0.10096460580825806, "Agent1_Epoch34": 0.31758666038513184, "Agent2_Epoch34": 0.317588746547699, "Agent3_Epoch34": 0.31758856773376465, "Agent4_Epoch34": 0.31758785247802734, "Agent5_Epoch34": 0.31758493185043335, "Agent0_Epoch35": 0.10096526145935059, "Agent1_Epoch35": 0.31758642196655273, "Agent2_Epoch35": 0.31758803129196167, "Agent3_Epoch35": 0.31758785247802734, "Agent4_Epoch35": 0.31758713722229004,