{"Agent0_Epoch1": 0.30220234394073486, "Agent1_Epoch1": 0.28859472274780273, "Agent2_Epoch1": 0.9966974258422852, "Agent3_Epoch1": 0.9909460544586182, "Agent4_Epoch1": 0.9989277720451355, "Agent5_Epoch1": 0.9851263761520386, "Agent0_Epoch2": 0.08246409893035889, "Agent1_Epoch2": 0.3372637629508972, "Agent2_Epoch2": 0.44256895780563354, "Agent3_Epoch2": 0.4606304168701172, "Agent4_Epoch2": 0.4515395760536194, "Agent5_Epoch2": 0.4449447989463806, "Agent0_Epoch3": 0.08475059270858765, "Agent1_Epoch3": 0.337518572807312, "Agent2_Epoch3": 0.4205935597419739, "Agent3_Epoch3": 0.4181210398674011, "Agent4_Epoch3": 0.44751226902008057, "Agent5_Epoch3": 0.41745901107788086, "Agent0_Epoch4": 0.08838975429534912, "Agent1_Epoch4": 0.33426958322525024, "Agent2_Epoch4": 0.38529086112976074, "Agent3_Epoch4": 0.41554099321365356, "Agent4_Epoch4": 0.40269339084625244, "Agent5_Epoch4": 0.4027561545372009, "Agent0_Epoch5": 0.09016448259353638, "Agent1_Epoch5": 0.33168649673461914, "Agent2_Epoch5": 0.36376142501831055, "Agent3_Epoch5": 0.38285529613494873, "Agent4_Epoch5": 0.3765936493873596, "Agent5_Epoch5": 0.37807077169418335, "Agent0_Epoch6": 0.09230542182922363, "Agent1_Epoch6": 0.33000266551971436, "Agent2_Epoch6": 0.347959041595459, "Agent3_Epoch6": 0.36587852239608765, "Agent4_Epoch6": 0.3623921871185303, "Agent5_Epoch6": 0.36379456520080566, "Agent0_Epoch7": 0.09352964162826538, "Agent1_Epoch7": 0.32929569482803345, "Agent2_Epoch7": 0.34217679500579834, "Agent3_Epoch7": 0.35105079412460327, "Agent4_Epoch7": 0.3491451144218445, "Agent5_Epoch7": 0.34733909368515015, "Agent0_Epoch8": 0.09565520286560059, "Agent1_Epoch8": 0.32805246114730835, "Agent2_Epoch8": 0.33536994457244873, "Agent3_Epoch8": 0.33797580003738403, "Agent4_Epoch8": 0.3389754295349121, "Agent5_Epoch8": 0.3375927805900574, "Agent0_Epoch9": 0.09721881151199341, "Agent1_Epoch9": 0.3268078565597534, "Agent2_Epoch9": 0.33036184310913086, "Agent3_Epoch9": 0.3325197100639343, "Agent4_Epoch9": 0.33301281929016113, "Agent5_Epoch9": 0.3324432969093323, "Agent0_Epoch10": 0.09859943389892578, "Agent1_Epoch10": 0.32582032680511475, "Agent2_Epoch10": 0.32804256677627563, "Agent3_Epoch10": 0.32955241203308105, "Agent4_Epoch10": 0.3291800022125244, "Agent5_Epoch10": 0.32880592346191406, "Agent0_Epoch11": 0.0997382402420044, "Agent1_Epoch11": 0.3251115679740906, "Agent2_Epoch11": 0.32663917541503906, "Agent3_Epoch11": 0.3277297019958496, "Agent4_Epoch11": 0.32673418521881104, "Agent5_Epoch11": 0.32677382230758667, "Agent0_Epoch12": 0.10070431232452393, "Agent1_Epoch12": 0.324415385723114, "Agent2_Epoch12": 0.32548266649246216, "Agent3_Epoch12": 0.32650601863861084, "Agent4_Epoch12": 0.32545220851898193, "Agent5_Epoch12": 0.3253486752510071, "Agent0_Epoch13": 0.10160261392593384, "Agent1_Epoch13": 0.32406651973724365, "Agent2_Epoch13": 0.3245024085044861, "Agent3_Epoch13": 0.3249015212059021, "Agent4_Epoch13": 0.3245329260826111, "Agent5_Epoch13": 0.32414060831069946, "Agent0_Epoch14": 0.10234570503234863, "Agent1_Epoch14": 0.3236980438232422, "Agent2_Epoch14": 0.32385188341140747, "Agent3_Epoch14": 0.323962926864624, "Agent4_Epoch14": 0.32354074716567993, "Agent5_Epoch14": 0.3234575390815735, "Agent0_Epoch15": 0.10289782285690308, "Agent1_Epoch15": 0.3233368396759033, "Agent2_Epoch15": 0.3235231637954712, "Agent3_Epoch15": 0.323225200176239, "Agent4_Epoch15": 0.3231855034828186, "Agent5_Epoch15": 0.3229590654373169, "Agent0_Epoch16": 0.10327863693237305, "Agent1_Epoch16": 0.3230839967727661, "Agent2_Epoch16": 0.3231658339500427, "Agent3_Epoch16": 0.32289808988571167, "Agent4_Epoch16": 0.3228667974472046, "Agent5_Epoch16": 0.3228246569633484, "Agent0_Epoch17": 0.10357934236526489, "Agent1_Epoch17": 0.32288479804992676, "Agent2_Epoch17": 0.32298392057418823, "Agent3_Epoch17": 0.3227176070213318, "Agent4_Epoch17": 0.32255756855010986, "Agent5_Epoch17": 0.3226545453071594, "Agent0_Epoch18": 0.10382735729217529, "Agent1_Epoch18": 0.322695791721344, "Agent2_Epoch18": 0.32285934686660767, "Agent3_Epoch18": 0.32247841358184814, "Agent4_Epoch18": 0.3225212097167969, "Agent5_Epoch18": 0.32247674465179443, "Agent0_Epoch19": 0.10398036241531372, "Agent1_Epoch19": 0.3226218819618225, "Agent2_Epoch19": 0.32268232107162476, "Agent3_Epoch19": 0.32245439291000366, "Agent4_Epoch19": 0.32250291109085083, "Agent5_Epoch19": 0.3224390149116516, "Agent0_Epoch20": 0.10409653186798096, "Agent1_Epoch20": 0.32255566120147705, "Agent2_Epoch20": 0.32272541522979736, "Agent3_Epoch20": 0.32241034507751465, "Agent4_Epoch20": 0.32238566875457764, "Agent5_Epoch20": 0.3224408030509949, "Agent0_Epoch21": 0.10418325662612915, "Agent1_Epoch21": 0.3225255012512207, "Agent2_Epoch21": 0.32263433933258057, "Agent3_Epoch21": 0.322371244430542, "Agent4_Epoch21": 0.322420597076416, "Agent5_Epoch21": 0.32241207361221313, "Agent0_Epoch22": 0.10424113273620605, "Agent1_Epoch22": 0.32250338792800903, "Agent2_Epoch22": 0.32253557443618774, "Agent3_Epoch22": 0.32241004705429077, "Agent4_Epoch22": 0.3224404454231262, "Agent5_Epoch22": 0.3224313259124756, "Agent0_Epoch23": 0.10428154468536377, "Agent1_Epoch23": 0.32248133420944214, "Agent2_Epoch23": 0.32252705097198486, "Agent3_Epoch23": 0.32242506742477417, "Agent4_Epoch23": 0.32241153717041016, "Agent5_Epoch23": 0.3224138617515564, "Agent0_Epoch24": 0.10431152582168579, "Agent1_Epoch24": 0.3224645256996155, "Agent2_Epoch24": 0.32248032093048096, "Agent3_Epoch24": 0.32241934537887573, "Agent4_Epoch24": 0.3224334120750427, "Agent5_Epoch24": 0.32242000102996826, "Agent0_Epoch25": 0.10433244705200195, "Agent1_Epoch25": 0.32245075702667236, "Agent2_Epoch25": 0.322468101978302, "Agent3_Epoch25": 0.32241350412368774, "Agent4_Epoch25": 0.3224300146102905, "Agent5_Epoch25": 0.3224335312843323, "Agent0_Epoch26": 0.10434621572494507, "Agent1_Epoch26": 0.3224475383758545, "Agent2_Epoch26": 0.3224552273750305, "Agent3_Epoch26": 0.32242339849472046, "Agent4_Epoch26": 0.3224257230758667, "Agent5_Epoch26": 0.32242339849472046, "Agent0_Epoch27": 0.10435640811920166, "Agent1_Epoch27": 0.3224424719810486, "Agent2_Epoch27": 0.3224492073059082, "Agent3_Epoch27": 0.32242006063461304, "Agent4_Epoch27": 0.32243025302886963, "Agent5_Epoch27": 0.32242852449417114, "Agent0_Epoch28": 0.1043628454208374, "Agent1_Epoch28": 0.3224378824234009, "Agent2_Epoch28": 0.32244324684143066, "Agent3_Epoch28": 0.3224252462387085, "Agent4_Epoch28": 0.3224310278892517, "Agent5_Epoch28": 0.3224298357963562, "Agent0_Epoch29": 0.10436797142028809, "Agent1_Epoch29": 0.32243484258651733, "Agent2_Epoch29": 0.32244086265563965, "Agent3_Epoch29": 0.32242631912231445, "Agent4_Epoch29": 0.32242846488952637, "Agent5_Epoch29": 0.3224301338195801, "Agent0_Epoch30": 0.10437160730361938, "Agent1_Epoch30": 0.32243454456329346, "Agent2_Epoch30": 0.3224368095397949, "Agent3_Epoch30": 0.32242733240127563, "Agent4_Epoch30": 0.3224273920059204, "Agent5_Epoch30": 0.3224284052848816, "Agent0_Epoch31": 0.10437381267547607, "Agent1_Epoch31": 0.32243287563323975, "Agent2_Epoch31": 0.3224334120750427, "Agent3_Epoch31": 0.3224281668663025, "Agent4_Epoch31": 0.3224303126335144, "Agent5_Epoch31": 0.3224300742149353, "Agent0_Epoch32": 0.10437560081481934, "Agent1_Epoch32": 0.3224318027496338, "Agent2_Epoch32": 0.3224349021911621, "Agent3_Epoch32": 0.3224285840988159, "Agent4_Epoch32": 0.322429895401001, "Agent5_Epoch32": 0.32243019342422485, "Agent0_Epoch33": 0.10437673330307007, "Agent1_Epoch33": 0.32243216037750244, "Agent2_Epoch33": 0.32243311405181885, "Agent3_Epoch33": 0.3224301338195801, "Agent4_Epoch33": 0.3224300146102905, "Agent5_Epoch33": 0.3224300146102905, "Agent0_Epoch34": 0.10437756776809692, "Agent1_Epoch34": 0.32243162393569946, "Agent2_Epoch34": 0.32243233919143677, "Agent3_Epoch34": 0.32243043184280396, "Agent4_Epoch34": 0.32243043184280396, "Agent5_Epoch34": 0.3224306106567383, "Agent0_Epoch35": 0.10437816381454468, "Agent1_Epoch35": 0.32243138551712036, "Agent2_Epoch35": 0.32243192195892334, "Agent3_Epoch35": 0.3224303126335144, "Agent4_Epoch35": 0.3224303722381592,