{"E1_agent0_norm": 2.3958749771118164, "E1_agent1_norm": 2.9163413047790527, "E1_agent2_norm": 2.79190993309021, "E1_agent3_norm": 3.0224835872650146, "E1_agent4_norm": 2.7650365829467773, "E1_agent5_norm": 3.070127487182617, "E2_agent0_norm": 0.92030930519104, "E2_agent1_norm": 2.6247920989990234, "E2_agent2_norm": 2.5636374950408936, "E2_agent3_norm": 2.578352928161621, "E2_agent4_norm": 2.5364532470703125, "E2_agent5_norm": 2.4075918197631836, "E3_agent0_norm": 0.9533635973930359, "E3_agent1_norm": 2.3866026401519775, "E3_agent2_norm": 2.4935543537139893, "E3_agent3_norm": 2.313716173171997, "E3_agent4_norm": 2.1264922618865967, "E3_agent5_norm": 2.3071701526641846, "E4_agent0_norm": 0.8784885406494141, "E4_agent1_norm": 2.0840601921081543, "E4_agent2_norm": 1.872719407081604, "E4_agent3_norm": 1.9298756122589111, "E4_agent4_norm": 2.003570795059204, "E4_agent5_norm": 2.2282216548919678, "E5_agent0_norm": 0.7335252165794373, "E5_agent1_norm": 1.7138746976852417, "E5_agent2_norm": 1.6814645528793335, "E5_agent3_norm": 1.8343912363052368, "E5_agent4_norm": 1.6973543167114258, "E5_agent5_norm": 1.8529777526855469, "E6_agent0_norm": 0.6541867256164551, "E6_agent1_norm": 1.4372888803482056, "E6_agent2_norm": 1.3627084493637085, "E6_agent3_norm": 1.4991883039474487, "E6_agent4_norm": 1.3403871059417725, "E6_agent5_norm": 1.3559921979904175, "E7_agent0_norm": 0.5394013524055481, "E7_agent1_norm": 1.2107256650924683, "E7_agent2_norm": 1.134846568107605, "E7_agent3_norm": 1.2062667608261108, "E7_agent4_norm": 1.0291556119918823, "E7_agent5_norm": 1.1001324653625488, "E8_agent0_norm": 0.42613059282302856, "E8_agent1_norm": 1.013568639755249, "E8_agent2_norm": 0.9505943655967712, "E8_agent3_norm": 0.9901036620140076, "E8_agent4_norm": 0.758047342300415, "E8_agent5_norm": 0.8900970816612244, "E9_agent0_norm": 0.34887436032295227, "E9_agent1_norm": 0.8804395794868469, "E9_agent2_norm": 0.842279851436615, "E9_agent3_norm": 0.8214402198791504, "E9_agent4_norm": 0.6260347366333008, "E9_agent5_norm": 0.7195470929145813, "E10_agent0_norm": 0.29370391368865967, "E10_agent1_norm": 0.7418506741523743, "E10_agent2_norm": 0.7066925764083862, "E10_agent3_norm": 0.6857313513755798, "E10_agent4_norm": 0.5103020071983337, "E10_agent5_norm": 0.6334960460662842, "E11_agent0_norm": 0.23849260807037354, "E11_agent1_norm": 0.6102434992790222, "E11_agent2_norm": 0.5863564014434814, "E11_agent3_norm": 0.5656082630157471, "E11_agent4_norm": 0.44134822487831116, "E11_agent5_norm": 0.5237457156181335, "E12_agent0_norm": 0.19847066700458527, "E12_agent1_norm": 0.503734290599823, "E12_agent2_norm": 0.48806971311569214, "E12_agent3_norm": 0.4734219014644623, "E12_agent4_norm": 0.3920588791370392, "E12_agent5_norm": 0.4628998339176178, "E13_agent0_norm": 0.15337614715099335, "E13_agent1_norm": 0.3990461826324463, "E13_agent2_norm": 0.4103884696960449, "E13_agent3_norm": 0.4008137583732605, "E13_agent4_norm": 0.3310629427433014, "E13_agent5_norm": 0.39751821756362915, "E14_agent0_norm": 0.13033682107925415, "E14_agent1_norm": 0.34008267521858215, "E14_agent2_norm": 0.3297645151615143, "E14_agent3_norm": 0.3316277861595154, "E14_agent4_norm": 0.305976927280426, "E14_agent5_norm": 0.3258131444454193, "E15_agent0_norm": 0.09597717225551605, "E15_agent1_norm": 0.26837512850761414, "E15_agent2_norm": 0.2790597379207611, "E15_agent3_norm": 0.27174705266952515, "E15_agent4_norm": 0.24206112325191498, "E15_agent5_norm": 0.28408265113830566, "E16_agent0_norm": 0.08192360401153564, "E16_agent1_norm": 0.21908071637153625, "E16_agent2_norm": 0.22422407567501068, "E16_agent3_norm": 0.221404567360878, "E16_agent4_norm": 0.21590419113636017, "E16_agent5_norm": 0.24390843510627747, "E17_agent0_norm": 0.06229724735021591, "E17_agent1_norm": 0.160151869058609, "E17_agent2_norm": 0.17430560290813446, "E17_agent3_norm": 0.18510109186172485, "E17_agent4_norm": 0.1742137372493744, "E17_agent5_norm": 0.19407333433628082, "E18_agent0_norm": 0.05070328339934349, "E18_agent1_norm": 0.12272777408361435, "E18_agent2_norm": 0.1326841562986374, "E18_agent3_norm": 0.1521906554698944, "E18_agent4_norm": 0.151262104511261, "E18_agent5_norm": 0.16058360040187836, "E19_agent0_norm": 0.03987046703696251, "E19_agent1_norm": 0.0948093980550766, "E19_agent2_norm": 0.10829607397317886, "E19_agent3_norm": 0.11831516027450562, "E19_agent4_norm": 0.11278853565454483, "E19_agent5_norm": 0.1204683929681778, "E20_agent0_norm": 0.02980375662446022, "E20_agent1_norm": 0.06967923790216446, "E20_agent2_norm": 0.08085938543081284, "E20_agent3_norm": 0.08258768916130066, "E20_agent4_norm": 0.08645705878734589, "E20_agent5_norm": 0.09888418018817902, "E21_agent0_norm": 0.020197199657559395, "E21_agent1_norm": 0.049159642308950424, "E21_agent2_norm": 0.0568874254822731, "E21_agent3_norm": 0.06304877996444702, "E21_agent4_norm": 0.06295493990182877, "E21_agent5_norm": 0.06995934993028641, "E22_agent0_norm": 0.015243256464600563, "E22_agent1_norm": 0.03577341511845589, "E22_agent2_norm": 0.03977048397064209, "E22_agent3_norm": 0.043769776821136475, "E22_agent4_norm": 0.045993294566869736, "E22_agent5_norm": 0.04966649040579796, "E23_agent0_norm": 0.01061421912163496, "E23_agent1_norm": 0.02539881318807602, "E23_agent2_norm": 0.02879982814192772, "E23_agent3_norm": 0.03341206908226013, "E23_agent4_norm": 0.033183079212903976, "E23_agent5_norm": 0.037377841770648956, "E24_agent0_norm": 0.008093136362731457, "E24_agent1_norm": 0.01803300343453884, "E24_agent2_norm": 0.02076316811144352, "E24_agent3_norm": 0.023630352690815926, "E24_agent4_norm": 0.024074038490653038, "E24_agent5_norm": 0.02572224847972393, "E25_agent0_norm": 0.005569755099713802, "E25_agent1_norm": 0.012122477404773235, "E25_agent2_norm": 0.013605505228042603, "E25_agent3_norm": 0.017547043040394783, "E25_agent4_norm": 0.017442936077713966, "E25_agent5_norm": 0.018743032589554787, "E26_agent0_norm": 0.00391132989898324, "E26_agent1_norm": 0.008489065803587437, "E26_agent2_norm": 0.010168145410716534, "E26_agent3_norm": 0.011119217611849308, "E26_agent4_norm": 0.011962768621742725, "E26_agent5_norm": 0.013294351287186146, "E27_agent0_norm": 0.0028376851696521044, "E27_agent1_norm": 0.006016225088387728, "E27_agent2_norm": 0.007432945538312197, "E27_agent3_norm": 0.009112573228776455, "E27_agent4_norm": 0.00873531959950924, "E27_agent5_norm": 0.00923736672848463, "E28_agent0_norm": 0.0020278366282582283, "E28_agent1_norm": 0.004493133630603552, "E28_agent2_norm": 0.00504919420927763, "E28_agent3_norm": 0.0059494683519005775, "E28_agent4_norm": 0.006279950961470604, "E28_agent5_norm": 0.00680155586451292, "E29_agent0_norm": 0.00132907391525805, "E29_agent1_norm": 0.003046545200049877, "E29_agent2_norm": 0.003503121668472886, "E29_agent3_norm": 0.0037540073972195387, "E29_agent4_norm": 0.004073006566613913, "E29_agent5_norm": 0.004697727505117655, "E30_agent0_norm": 0.001022161217406392, "E30_agent1_norm": 0.0022358191199600697, "E30_agent2_norm": 0.002609898103401065, "E30_agent3_norm": 0.0029815356247127056, "E30_agent4_norm": 0.003020365722477436, "E30_agent5_norm": 0.0030920866411179304, "E31_agent0_norm": 0.0006529784295707941, "E31_agent1_norm": 0.0016088492702692747, "E31_agent2_norm": 0.0022036016453057528, "E31_agent3_norm": 0.0018796740332618356, "E31_agent4_norm": 0.0016861842013895512, "E31_agent5_norm": 0.0021654951851814985, "E32_agent0_norm": 0.0004830152029171586, "E32_agent1_norm": 0.0011451893951743841, "E32_agent2_norm": 0.0013940625358372927, "E32_agent3_norm": 0.0013804921181872487, "E32_agent4_norm": 0.0013449593679979444, "E32_agent5_norm": 0.0016036486485973, "E33_agent0_norm": 0.00034436065470799804, "E33_agent1_norm": 0.0008105475571937859, "E33_agent2_norm": 0.001080219284631312, "E33_agent3_norm": 0.000962106219958514, "E33_agent4_norm": 0.000943794206250459, "E33_agent5_norm": 0.0010998535435646772, "E34_agent0_norm": 0.0002073062350973487, "E34_agent1_norm": 0.0005560486461035907, "E34_agent2_norm": 0.0007145038689486682,