{"Agent0_Epoch1": 0.300640344619751, "Agent1_Epoch1": 0.2829834222793579, "Agent2_Epoch1": 0.9938142895698547, "Agent3_Epoch1": 0.990510106086731, "Agent4_Epoch1": 0.9899300336837769, "Agent5_Epoch1": 0.9982077479362488, "Agent0_Epoch2": 0.0741686224937439, "Agent1_Epoch2": 0.3306735157966614, "Agent2_Epoch2": 0.4618784785270691, "Agent3_Epoch2": 0.4415131211280823, "Agent4_Epoch2": 0.45845890045166016, "Agent5_Epoch2": 0.43240320682525635, "Agent0_Epoch3": 0.07795608043670654, "Agent1_Epoch3": 0.33285123109817505, "Agent2_Epoch3": 0.4338040351867676, "Agent3_Epoch3": 0.42522430419921875, "Agent4_Epoch3": 0.4061358571052551, "Agent5_Epoch3": 0.4149419069290161, "Agent0_Epoch4": 0.07723987102508545, "Agent1_Epoch4": 0.33225017786026, "Agent2_Epoch4": 0.4021272659301758, "Agent3_Epoch4": 0.3933964967727661, "Agent4_Epoch4": 0.3976246118545532, "Agent5_Epoch4": 0.40176039934158325, "Agent0_Epoch5": 0.08311522006988525, "Agent1_Epoch5": 0.3288036584854126, "Agent2_Epoch5": 0.37254971265792847, "Agent3_Epoch5": 0.3793060779571533, "Agent4_Epoch5": 0.37536197900772095, "Agent5_Epoch5": 0.3789142966270447, "Agent0_Epoch6": 0.08451187610626221, "Agent1_Epoch6": 0.32651323080062866, "Agent2_Epoch6": 0.3549220561981201, "Agent3_Epoch6": 0.3629816770553589, "Agent4_Epoch6": 0.3540397882461548, "Agent5_Epoch6": 0.3539734482765198, "Agent0_Epoch7": 0.08769798278808594, "Agent1_Epoch7": 0.32463932037353516, "Agent2_Epoch7": 0.3448277711868286, "Agent3_Epoch7": 0.3494473695755005, "Agent4_Epoch7": 0.3452368378639221, "Agent5_Epoch7": 0.3475082516670227, "Agent0_Epoch8": 0.09037292003631592, "Agent1_Epoch8": 0.32389938831329346, "Agent2_Epoch8": 0.3380730152130127, "Agent3_Epoch8": 0.3403507471084595, "Agent4_Epoch8": 0.33751577138900757, "Agent5_Epoch8": 0.33924680948257446, "Agent0_Epoch9": 0.0923992395401001, "Agent1_Epoch9": 0.3227393627166748, "Agent2_Epoch9": 0.33342599868774414, "Agent3_Epoch9": 0.33453553915023804, "Agent4_Epoch9": 0.3331844210624695, "Agent5_Epoch9": 0.3357827067375183, "Agent0_Epoch10": 0.09424364566802979, "Agent1_Epoch10": 0.3218255639076233, "Agent2_Epoch10": 0.32990020513534546, "Agent3_Epoch10": 0.3301001191139221, "Agent4_Epoch10": 0.32948821783065796, "Agent5_Epoch10": 0.33128803968429565, "Agent0_Epoch11": 0.09580463171005249, "Agent1_Epoch11": 0.32098740339279175, "Agent2_Epoch11": 0.32678186893463135, "Agent3_Epoch11": 0.3274509310722351, "Agent4_Epoch11": 0.3270374536514282, "Agent5_Epoch11": 0.3278194069862366, "Agent0_Epoch12": 0.09698617458343506, "Agent1_Epoch12": 0.3203153610229492, "Agent2_Epoch12": 0.32365578413009644, "Agent3_Epoch12": 0.3254716396331787, "Agent4_Epoch12": 0.32519078254699707, "Agent5_Epoch12": 0.3253830671310425, "Agent0_Epoch13": 0.09794110059738159, "Agent1_Epoch13": 0.3199559450149536, "Agent2_Epoch13": 0.32235902547836304, "Agent3_Epoch13": 0.3237755298614502, "Agent4_Epoch13": 0.3237621784210205, "Agent5_Epoch13": 0.32275402545928955, "Agent0_Epoch14": 0.09864729642868042, "Agent1_Epoch14": 0.31967735290527344, "Agent2_Epoch14": 0.320842981338501, "Agent3_Epoch14": 0.3225017189979553, "Agent4_Epoch14": 0.3222755789756775, "Agent5_Epoch14": 0.3215153217315674, "Agent0_Epoch15": 0.09921717643737793, "Agent1_Epoch15": 0.31943780183792114, "Agent2_Epoch15": 0.3200082778930664, "Agent3_Epoch15": 0.3214254379272461, "Agent4_Epoch15": 0.3213813304901123, "Agent5_Epoch15": 0.3206601142883301, "Agent0_Epoch16": 0.0995977520942688, "Agent1_Epoch16": 0.31931638717651367, "Agent2_Epoch16": 0.31971704959869385, "Agent3_Epoch16": 0.32098478078842163, "Agent4_Epoch16": 0.32081764936447144, "Agent5_Epoch16": 0.3204100728034973, "Agent0_Epoch17": 0.09992676973342896, "Agent1_Epoch17": 0.3192715644836426, "Agent2_Epoch17": 0.31937968730926514, "Agent3_Epoch17": 0.3204305171966553, "Agent4_Epoch17": 0.3201727867126465, "Agent5_Epoch17": 0.32010382413864136, "Agent0_Epoch18": 0.10014224052429199, "Agent1_Epoch18": 0.3192451596260071, "Agent2_Epoch18": 0.31924426555633545, "Agent3_Epoch18": 0.32010990381240845, "Agent4_Epoch18": 0.3199884295463562, "Agent5_Epoch18": 0.31965726613998413, "Agent0_Epoch19": 0.10032498836517334, "Agent1_Epoch19": 0.319227397441864, "Agent2_Epoch19": 0.319161057472229, "Agent3_Epoch19": 0.3197801113128662, "Agent4_Epoch19": 0.31966131925582886, "Agent5_Epoch19": 0.3195232152938843, "Agent0_Epoch20": 0.10042643547058105, "Agent1_Epoch20": 0.3192223906517029, "Agent2_Epoch20": 0.3191787600517273, "Agent3_Epoch20": 0.31960487365722656, "Agent4_Epoch20": 0.3195365071296692, "Agent5_Epoch20": 0.3193962574005127, "Agent0_Epoch21": 0.10050249099731445, "Agent1_Epoch21": 0.31921494007110596, "Agent2_Epoch21": 0.3191465735435486, "Agent3_Epoch21": 0.31948941946029663, "Agent4_Epoch21": 0.31947141885757446, "Agent5_Epoch21": 0.3193508982658386, "Agent0_Epoch22": 0.10056746006011963, "Agent1_Epoch22": 0.3192172050476074, "Agent2_Epoch22": 0.31915736198425293, "Agent3_Epoch22": 0.31940436363220215, "Agent4_Epoch22": 0.3193543553352356, "Agent5_Epoch22": 0.3192932605743408, "Agent0_Epoch23": 0.10060733556747437, "Agent1_Epoch23": 0.3192172646522522, "Agent2_Epoch23": 0.3191722631454468, "Agent3_Epoch23": 0.31935083866119385, "Agent4_Epoch23": 0.31931227445602417, "Agent5_Epoch23": 0.3192669153213501, "Agent0_Epoch24": 0.10063791275024414, "Agent1_Epoch24": 0.31921714544296265, "Agent2_Epoch24": 0.31918609142303467, "Agent3_Epoch24": 0.31929445266723633, "Agent4_Epoch24": 0.3192713260650635, "Agent5_Epoch24": 0.31926852464675903, "Agent0_Epoch25": 0.10065662860870361, "Agent1_Epoch25": 0.3192177414894104, "Agent2_Epoch25": 0.3191944360733032, "Agent3_Epoch25": 0.31927210092544556, "Agent4_Epoch25": 0.31926512718200684, "Agent5_Epoch25": 0.3192599415779114, "Agent0_Epoch26": 0.10067236423492432, "Agent1_Epoch26": 0.319219172000885, "Agent2_Epoch26": 0.31920576095581055, "Agent3_Epoch26": 0.3192610740661621, "Agent4_Epoch26": 0.3192468285560608, "Agent5_Epoch26": 0.31923753023147583, "Agent0_Epoch27": 0.1006823182106018, "Agent1_Epoch27": 0.31922000646591187, "Agent2_Epoch27": 0.31921064853668213, "Agent3_Epoch27": 0.31924527883529663, "Agent4_Epoch27": 0.31923943758010864, "Agent5_Epoch27": 0.319233775138855, "Agent0_Epoch28": 0.10068953037261963, "Agent1_Epoch28": 0.31921958923339844, "Agent2_Epoch28": 0.31921327114105225, "Agent3_Epoch28": 0.3192365765571594, "Agent4_Epoch28": 0.3192324638366699, "Agent5_Epoch28": 0.319230854511261, "Agent0_Epoch29": 0.10069406032562256, "Agent1_Epoch29": 0.31922000646591187, "Agent2_Epoch29": 0.3192170262336731, "Agent3_Epoch29": 0.3192344903945923, "Agent4_Epoch29": 0.31923049688339233, "Agent5_Epoch29": 0.3192269802093506, "Agent0_Epoch30": 0.10069817304611206, "Agent1_Epoch30": 0.3192201852798462, "Agent2_Epoch30": 0.31921619176864624, "Agent3_Epoch30": 0.31922948360443115, "Agent4_Epoch30": 0.31922703981399536, "Agent5_Epoch30": 0.31922537088394165, "Agent0_Epoch31": 0.1007002592086792, "Agent1_Epoch31": 0.3192201852798462, "Agent2_Epoch31": 0.31921857595443726, "Agent3_Epoch31": 0.31922733783721924, "Agent4_Epoch31": 0.31922513246536255, "Agent5_Epoch31": 0.31922435760498047, "Agent0_Epoch32": 0.10070228576660156, "Agent1_Epoch32": 0.31922048330307007, "Agent2_Epoch32": 0.31921857595443726, "Agent3_Epoch32": 0.3192247152328491, "Agent4_Epoch32": 0.3192231059074402, "Agent5_Epoch32": 0.31922268867492676, "Agent0_Epoch33": 0.10070323944091797, "Agent1_Epoch33": 0.31922030448913574, "Agent2_Epoch33": 0.319219708442688, "Agent3_Epoch33": 0.3192237615585327, "Agent4_Epoch33": 0.3192231059074402, "Agent5_Epoch33": 0.3192228674888611, "Agent0_Epoch34": 0.10070425271987915, "Agent1_Epoch34": 0.3192206621170044, "Agent2_Epoch34": 0.3192198872566223, "Agent3_Epoch34": 0.31922245025634766, "Agent4_Epoch34": 0.31922221183776855, "Agent5_Epoch34": 0.3192219138145447, "Agent0_Epoch35": 0.1007048487663269, "Agent1_Epoch35": 0.31922048330307007, "Agent2_Epoch35": 0.31922006607055664, "Agent3_Epoch35": 0.319222092628479, "Agent4_Epoch35": 0.3192219138145447,