{"E1_agent0_norm": 2.4598567485809326, "E1_agent1_norm": 2.746342420578003, "E1_agent2_norm": 3.119809627532959, "E1_agent3_norm": 3.3379080295562744, "E1_agent4_norm": 2.8156166076660156, "E1_agent5_norm": 2.951695442199707, "E2_agent0_norm": 0.8594737648963928, "E2_agent1_norm": 2.5690863132476807, "E2_agent2_norm": 2.459820508956909, "E2_agent3_norm": 2.4879603385925293, "E2_agent4_norm": 2.5465853214263916, "E2_agent5_norm": 2.52972674369812, "E3_agent0_norm": 0.7948112487792969, "E3_agent1_norm": 1.9596102237701416, "E3_agent2_norm": 2.186523199081421, "E3_agent3_norm": 2.1744797229766846, "E3_agent4_norm": 2.2781214714050293, "E3_agent5_norm": 2.139446496963501, "E4_agent0_norm": 0.897162914276123, "E4_agent1_norm": 1.906402826309204, "E4_agent2_norm": 1.8910514116287231, "E4_agent3_norm": 2.038872718811035, "E4_agent4_norm": 1.9581187963485718, "E4_agent5_norm": 1.8773789405822754, "E5_agent0_norm": 0.7538720965385437, "E5_agent1_norm": 1.8302804231643677, "E5_agent2_norm": 1.8013908863067627, "E5_agent3_norm": 1.7570741176605225, "E5_agent4_norm": 1.4919480085372925, "E5_agent5_norm": 1.8119215965270996, "E6_agent0_norm": 0.6123965978622437, "E6_agent1_norm": 1.5471559762954712, "E6_agent2_norm": 1.4583126306533813, "E6_agent3_norm": 1.434868574142456, "E6_agent4_norm": 1.1940408945083618, "E6_agent5_norm": 1.1948649883270264, "E7_agent0_norm": 0.510962724685669, "E7_agent1_norm": 1.3276280164718628, "E7_agent2_norm": 1.3062071800231934, "E7_agent3_norm": 1.2171778678894043, "E7_agent4_norm": 1.0035510063171387, "E7_agent5_norm": 1.0680313110351562, "E8_agent0_norm": 0.45871493220329285, "E8_agent1_norm": 1.0861362218856812, "E8_agent2_norm": 1.1027354001998901, "E8_agent3_norm": 1.0626845359802246, "E8_agent4_norm": 0.8172019720077515, "E8_agent5_norm": 0.8834363222122192, "E9_agent0_norm": 0.36983001232147217, "E9_agent1_norm": 0.9369282126426697, "E9_agent2_norm": 0.8960273861885071, "E9_agent3_norm": 0.8641602396965027, "E9_agent4_norm": 0.7364796996116638, "E9_agent5_norm": 0.7929366827011108, "E10_agent0_norm": 0.31060054898262024, "E10_agent1_norm": 0.7590653896331787, "E10_agent2_norm": 0.7830190658569336, "E10_agent3_norm": 0.7287952303886414, "E10_agent4_norm": 0.5932531952857971, "E10_agent5_norm": 0.6829790472984314, "E11_agent0_norm": 0.250039279460907, "E11_agent1_norm": 0.6463667750358582, "E11_agent2_norm": 0.6682143807411194, "E11_agent3_norm": 0.5846840739250183, "E11_agent4_norm": 0.4530715346336365, "E11_agent5_norm": 0.5707619190216064, "E12_agent0_norm": 0.2030472755432129, "E12_agent1_norm": 0.5191776752471924, "E12_agent2_norm": 0.5012925863265991, "E12_agent3_norm": 0.48422542214393616, "E12_agent4_norm": 0.38156411051750183, "E12_agent5_norm": 0.49089959263801575, "E13_agent0_norm": 0.166574627161026, "E13_agent1_norm": 0.4389810562133789, "E13_agent2_norm": 0.41402238607406616, "E13_agent3_norm": 0.4059353172779083, "E13_agent4_norm": 0.33978167176246643, "E13_agent5_norm": 0.41813579201698303, "E14_agent0_norm": 0.1279599517583847, "E14_agent1_norm": 0.3312806487083435, "E14_agent2_norm": 0.31156063079833984, "E14_agent3_norm": 0.3324066400527954, "E14_agent4_norm": 0.2957037091255188, "E14_agent5_norm": 0.3477853834629059, "E15_agent0_norm": 0.1099865511059761, "E15_agent1_norm": 0.2922322452068329, "E15_agent2_norm": 0.27143964171409607, "E15_agent3_norm": 0.28009748458862305, "E15_agent4_norm": 0.2373759001493454, "E15_agent5_norm": 0.3042352497577667, "E16_agent0_norm": 0.09075319021940231, "E16_agent1_norm": 0.22681573033332825, "E16_agent2_norm": 0.2180064469575882, "E16_agent3_norm": 0.23957380652427673, "E16_agent4_norm": 0.1994941085577011, "E16_agent5_norm": 0.24738895893096924, "E17_agent0_norm": 0.06792119890451431, "E17_agent1_norm": 0.1685434877872467, "E17_agent2_norm": 0.15617519617080688, "E17_agent3_norm": 0.18373993039131165, "E17_agent4_norm": 0.1621883362531662, "E17_agent5_norm": 0.1969105303287506, "E18_agent0_norm": 0.05290168896317482, "E18_agent1_norm": 0.1310105323791504, "E18_agent2_norm": 0.1261330246925354, "E18_agent3_norm": 0.15709257125854492, "E18_agent4_norm": 0.1267634779214859, "E18_agent5_norm": 0.15274713933467865, "E19_agent0_norm": 0.03928614780306816, "E19_agent1_norm": 0.09368924051523209, "E19_agent2_norm": 0.09376361221075058, "E19_agent3_norm": 0.12051928788423538, "E19_agent4_norm": 0.09982217103242874, "E19_agent5_norm": 0.12307713180780411, "E20_agent0_norm": 0.02796112559735775, "E20_agent1_norm": 0.06771719455718994, "E20_agent2_norm": 0.06733615696430206, "E20_agent3_norm": 0.08974793553352356, "E20_agent4_norm": 0.07138335704803467, "E20_agent5_norm": 0.09452655166387558, "E21_agent0_norm": 0.020230337977409363, "E21_agent1_norm": 0.05164442956447601, "E21_agent2_norm": 0.05107513815164566, "E21_agent3_norm": 0.06543377041816711, "E21_agent4_norm": 0.049874864518642426, "E21_agent5_norm": 0.07247132807970047, "E22_agent0_norm": 0.014828749932348728, "E22_agent1_norm": 0.03575904294848442, "E22_agent2_norm": 0.0354895144701004, "E22_agent3_norm": 0.04492264986038208, "E22_agent4_norm": 0.038337986916303635, "E22_agent5_norm": 0.0518009178340435, "E23_agent0_norm": 0.010446419008076191, "E23_agent1_norm": 0.02363131381571293, "E23_agent2_norm": 0.023461751639842987, "E23_agent3_norm": 0.03339356556534767, "E23_agent4_norm": 0.028794806450605392, "E23_agent5_norm": 0.0375187061727047, "E24_agent0_norm": 0.00820766668766737, "E24_agent1_norm": 0.017522800713777542, "E24_agent2_norm": 0.017777521163225174, "E24_agent3_norm": 0.0239699799567461, "E24_agent4_norm": 0.020990440621972084, "E24_agent5_norm": 0.02675597369670868, "E25_agent0_norm": 0.00506548909470439, "E25_agent1_norm": 0.012763356789946556, "E25_agent2_norm": 0.012759986333549023, "E25_agent3_norm": 0.017210477963089943, "E25_agent4_norm": 0.014333313331007957, "E25_agent5_norm": 0.019296852871775627, "E26_agent0_norm": 0.0039044246077537537, "E26_agent1_norm": 0.008424804545938969, "E26_agent2_norm": 0.008796906098723412, "E26_agent3_norm": 0.011995487846434116, "E26_agent4_norm": 0.010415864177048206, "E26_agent5_norm": 0.013431866653263569, "E27_agent0_norm": 0.0027910550124943256, "E27_agent1_norm": 0.006486471276730299, "E27_agent2_norm": 0.006655255798250437, "E27_agent3_norm": 0.00826825387775898, "E27_agent4_norm": 0.006499930284917355, "E27_agent5_norm": 0.009902353398501873, "E28_agent0_norm": 0.0018996577709913254, "E28_agent1_norm": 0.004144817590713501, "E28_agent2_norm": 0.004241469316184521, "E28_agent3_norm": 0.006074860226362944, "E28_agent4_norm": 0.004630845505744219, "E28_agent5_norm": 0.006838430184870958, "E29_agent0_norm": 0.0013431933475658298, "E29_agent1_norm": 0.0032268648501485586, "E29_agent2_norm": 0.0031517527531832457, "E29_agent3_norm": 0.004295645747333765, "E29_agent4_norm": 0.0037278023082762957, "E29_agent5_norm": 0.00497667770832777, "E30_agent0_norm": 0.0008748140535317361, "E30_agent1_norm": 0.0020721345208585262, "E30_agent2_norm": 0.002105737803503871, "E30_agent3_norm": 0.0028138014022260904, "E30_agent4_norm": 0.0024194789584726095, "E30_agent5_norm": 0.0034580316860228777, "E31_agent0_norm": 0.000645803171209991, "E31_agent1_norm": 0.0014975926605984569, "E31_agent2_norm": 0.0014585908502340317, "E31_agent3_norm": 0.0021482703741639853, "E31_agent4_norm": 0.0016403318149968982, "E31_agent5_norm": 0.002330727642402053, "E32_agent0_norm": 0.00044196253293193877, "E32_agent1_norm": 0.0010416994336992502, "E32_agent2_norm": 0.001038252143189311, "E32_agent3_norm": 0.0014528625179082155, "E32_agent4_norm": 0.0011608840432018042, "E32_agent5_norm": 0.0015886294422671199, "E33_agent0_norm": 0.0003231646551284939, "E33_agent1_norm": 0.0007378030568361282, "E33_agent2_norm": 0.0007447658572345972, "E33_agent3_norm": 0.0009611345012672246, "E33_agent4_norm": 0.0008219183073379099, "E33_agent5_norm": 0.0011810973519459367, "E34_agent0_norm": 0.0002178935828851536, "E34_agent1_norm": 0.0005069305771030486, "E34_agent2_norm": 0.0005123791634105146,