{"E1_agent0_norm": 2.36664080619812, "E1_agent1_norm": 1.86280357837677, "E1_agent2_norm": 2.0685276985168457, "E1_agent3_norm": 2.0305182933807373, "E1_agent4_norm": 1.9290218353271484, "E1_agent5_norm": 1.9437791109085083, "E2_agent0_norm": 0.020830819383263588, "E2_agent1_norm": 0.11576206982135773, "E2_agent2_norm": 0.07405835390090942, "E2_agent3_norm": 0.05160687863826752, "E2_agent4_norm": 0.03804102912545204, "E2_agent5_norm": 0.44896039366722107, "E3_agent0_norm": 0.06775852292776108, "E3_agent1_norm": 0.33774903416633606, "E3_agent2_norm": 0.14041900634765625, "E3_agent3_norm": 0.13893955945968628, "E3_agent4_norm": 0.19490206241607666, "E3_agent5_norm": 0.8680163025856018, "E4_agent0_norm": 0.1593371033668518, "E4_agent1_norm": 0.4430854022502899, "E4_agent2_norm": 0.30943650007247925, "E4_agent3_norm": 0.3629441261291504, "E4_agent4_norm": 0.3752986490726471, "E4_agent5_norm": 0.7230704426765442, "E5_agent0_norm": 0.2524307370185852, "E5_agent1_norm": 0.5316879153251648, "E5_agent2_norm": 0.42472898960113525, "E5_agent3_norm": 0.5047117471694946, "E5_agent4_norm": 0.5219979286193848, "E5_agent5_norm": 0.7715494632720947, "E6_agent0_norm": 0.24218562245368958, "E6_agent1_norm": 0.42836377024650574, "E6_agent2_norm": 0.34456026554107666, "E6_agent3_norm": 0.4191157817840576, "E6_agent4_norm": 0.48673564195632935, "E6_agent5_norm": 0.4534182846546173, "E7_agent0_norm": 0.18238893151283264, "E7_agent1_norm": 0.3803372085094452, "E7_agent2_norm": 0.3751215636730194, "E7_agent3_norm": 0.4121726155281067, "E7_agent4_norm": 0.4132305681705475, "E7_agent5_norm": 0.4196804463863373, "E8_agent0_norm": 0.26034218072891235, "E8_agent1_norm": 0.3231516480445862, "E8_agent2_norm": 0.30694499611854553, "E8_agent3_norm": 0.3095526695251465, "E8_agent4_norm": 0.3404892385005951, "E8_agent5_norm": 0.3440386652946472, "E9_agent0_norm": 0.2387358397245407, "E9_agent1_norm": 0.2547008991241455, "E9_agent2_norm": 0.24728426337242126, "E9_agent3_norm": 0.24792060256004333, "E9_agent4_norm": 0.29481229186058044, "E9_agent5_norm": 0.3153667151927948, "E10_agent0_norm": 0.22088263928890228, "E10_agent1_norm": 0.21587489545345306, "E10_agent2_norm": 0.21322908997535706, "E10_agent3_norm": 0.1971641480922699, "E10_agent4_norm": 0.20375525951385498, "E10_agent5_norm": 0.2178017646074295, "E11_agent0_norm": 0.18049325048923492, "E11_agent1_norm": 0.1995062381029129, "E11_agent2_norm": 0.19061024487018585, "E11_agent3_norm": 0.15309089422225952, "E11_agent4_norm": 0.1402445286512375, "E11_agent5_norm": 0.23352770507335663, "E12_agent0_norm": 0.15558010339736938, "E12_agent1_norm": 0.15742896497249603, "E12_agent2_norm": 0.13407905399799347, "E12_agent3_norm": 0.13970793783664703, "E12_agent4_norm": 0.10458669066429138, "E12_agent5_norm": 0.157162144780159, "E13_agent0_norm": 0.1545310765504837, "E13_agent1_norm": 0.12194005399942398, "E13_agent2_norm": 0.11135587841272354, "E13_agent3_norm": 0.09649325907230377, "E13_agent4_norm": 0.10043153911828995, "E13_agent5_norm": 0.16356824338436127, "E14_agent0_norm": 0.11365470290184021, "E14_agent1_norm": 0.08558546006679535, "E14_agent2_norm": 0.08814109116792679, "E14_agent3_norm": 0.07135981321334839, "E14_agent4_norm": 0.07869736105203629, "E14_agent5_norm": 0.09075313061475754, "E15_agent0_norm": 0.08513634651899338, "E15_agent1_norm": 0.05201089009642601, "E15_agent2_norm": 0.07293061912059784, "E15_agent3_norm": 0.0724189430475235, "E15_agent4_norm": 0.04786742851138115, "E15_agent5_norm": 0.07471375912427902, "E16_agent0_norm": 0.06280262768268585, "E16_agent1_norm": 0.040421877056360245, "E16_agent2_norm": 0.04948202520608902, "E16_agent3_norm": 0.04141845554113388, "E16_agent4_norm": 0.03728388622403145, "E16_agent5_norm": 0.040767062455415726, "E17_agent0_norm": 0.04981764778494835, "E17_agent1_norm": 0.031083427369594574, "E17_agent2_norm": 0.030690433457493782, "E17_agent3_norm": 0.029939651489257812, "E17_agent4_norm": 0.03068041056394577, "E17_agent5_norm": 0.035704195499420166, "E18_agent0_norm": 0.036348938941955566, "E18_agent1_norm": 0.022627076134085655, "E18_agent2_norm": 0.023915469646453857, "E18_agent3_norm": 0.026304399594664574, "E18_agent4_norm": 0.02014780603349209, "E18_agent5_norm": 0.026060376316308975, "E19_agent0_norm": 0.025237733498215675, "E19_agent1_norm": 0.01608152873814106, "E19_agent2_norm": 0.020041031762957573, "E19_agent3_norm": 0.01730489544570446, "E19_agent4_norm": 0.01470713410526514, "E19_agent5_norm": 0.015427689999341965, "E20_agent0_norm": 0.016503702849149704, "E20_agent1_norm": 0.013080114498734474, "E20_agent2_norm": 0.01576140895485878, "E20_agent3_norm": 0.014402473345398903, "E20_agent4_norm": 0.010638688690960407, "E20_agent5_norm": 0.012160315178334713, "E21_agent0_norm": 0.013174199499189854, "E21_agent1_norm": 0.00819004513323307, "E21_agent2_norm": 0.01168807689100504, "E21_agent3_norm": 0.009173792786896229, "E21_agent4_norm": 0.00713807437568903, "E21_agent5_norm": 0.009998336434364319, "E22_agent0_norm": 0.008638884872198105, "E22_agent1_norm": 0.0063512129709124565, "E22_agent2_norm": 0.007954399101436138, "E22_agent3_norm": 0.006876678206026554, "E22_agent4_norm": 0.005429076962172985, "E22_agent5_norm": 0.0062177651561796665, "E23_agent0_norm": 0.006467359606176615, "E23_agent1_norm": 0.004985583946108818, "E23_agent2_norm": 0.005375584587454796, "E23_agent3_norm": 0.005228021647781134, "E23_agent4_norm": 0.005311683751642704, "E23_agent5_norm": 0.006312099751085043, "E24_agent0_norm": 0.0045483908616006374, "E24_agent1_norm": 0.0031315386295318604, "E24_agent2_norm": 0.003513324772939086, "E24_agent3_norm": 0.003453882411122322, "E24_agent4_norm": 0.0029390668496489525, "E24_agent5_norm": 0.003480066079646349, "E25_agent0_norm": 0.003727604867890477, "E25_agent1_norm": 0.0023058324586600065, "E25_agent2_norm": 0.0024860098492354155, "E25_agent3_norm": 0.002471228362992406, "E25_agent4_norm": 0.001941526890732348, "E25_agent5_norm": 0.003502947511151433, "E26_agent0_norm": 0.002501870272681117, "E26_agent1_norm": 0.0014758092584088445, "E26_agent2_norm": 0.0017289308598265052, "E26_agent3_norm": 0.0015024836175143719, "E26_agent4_norm": 0.001521265716291964, "E26_agent5_norm": 0.001607417594641447, "E27_agent0_norm": 0.0017091146437451243, "E27_agent1_norm": 0.0010509788990020752, "E27_agent2_norm": 0.001441567437723279, "E27_agent3_norm": 0.001097753643989563, "E27_agent4_norm": 0.0009979202877730131, "E27_agent5_norm": 0.0011002119863405824, "E28_agent0_norm": 0.001172534073702991, "E28_agent1_norm": 0.0007543990504927933, "E28_agent2_norm": 0.0008963649743236601, "E28_agent3_norm": 0.0008335625752806664, "E28_agent4_norm": 0.0007218208047561347, "E28_agent5_norm": 0.0010503637604415417, "E29_agent0_norm": 0.0008543948060832918, "E29_agent1_norm": 0.0004930016002617776, "E29_agent2_norm": 0.0005397506756708026, "E29_agent3_norm": 0.0005853287875652313, "E29_agent4_norm": 0.0005459034582599998, "E29_agent5_norm": 0.0005480071413330734, "E30_agent0_norm": 0.0005886918515898287, "E30_agent1_norm": 0.00037845943006686866, "E30_agent2_norm": 0.0004483469820115715, "E30_agent3_norm": 0.0004132791655138135, "E30_agent4_norm": 0.00035663737799040973, "E30_agent5_norm": 0.0004789841186720878, "E31_agent0_norm": 1.1018184522981755e-05, "E31_agent1_norm": 2.7009768018615432e-05, "E31_agent2_norm": 2.545647839724552e-05, "E31_agent3_norm": 2.3433858586940914e-05, "E31_agent4_norm": 2.497226705600042e-05, "E31_agent5_norm": 5.5429351050406694e-05, "E32_agent0_norm": 8.693529707670677e-06, "E32_agent1_norm": 1.7793763618101366e-05, "E32_agent2_norm": 1.930641519720666e-05, "E32_agent3_norm": 1.7883807231555693e-05, "E32_agent4_norm": 2.030506766459439e-05, "E32_agent5_norm": 2.474625944159925e-05, "E33_agent0_norm": 6.8987301347078755e-06, "E33_agent1_norm": 1.1996265129710082e-05, "E33_agent2_norm": 1.680638342804741e-05, "E33_agent3_norm": 1.4195094991009682e-05, "E33_agent4_norm": 1.5801202607690357e-05, "E33_agent5_norm": 2.0838630007347092e-05,