{"Agent0_Epoch1": 0.29843199253082275, "Agent1_Epoch1": 0.2851441502571106, "Agent2_Epoch1": 0.9997653961181641, "Agent3_Epoch1": 0.9986908435821533, "Agent4_Epoch1": 0.9844143390655518, "Agent5_Epoch1": 0.9957932829856873, "Agent0_Epoch2": 0.07200932502746582, "Agent1_Epoch2": 0.33111846446990967, "Agent2_Epoch2": 0.43823814392089844, "Agent3_Epoch2": 0.43944650888442993, "Agent4_Epoch2": 0.4332957863807678, "Agent5_Epoch2": 0.43098700046539307, "Agent0_Epoch3": 0.07885122299194336, "Agent1_Epoch3": 0.3346225619316101, "Agent2_Epoch3": 0.3865383267402649, "Agent3_Epoch3": 0.39957743883132935, "Agent4_Epoch3": 0.4111310839653015, "Agent5_Epoch3": 0.4127938151359558, "Agent0_Epoch4": 0.08205127716064453, "Agent1_Epoch4": 0.33149659633636475, "Agent2_Epoch4": 0.3668956756591797, "Agent3_Epoch4": 0.37321120500564575, "Agent4_Epoch4": 0.38869959115982056, "Agent5_Epoch4": 0.38751405477523804, "Agent0_Epoch5": 0.08370834589004517, "Agent1_Epoch5": 0.32792192697525024, "Agent2_Epoch5": 0.3616107702255249, "Agent3_Epoch5": 0.3785591721534729, "Agent4_Epoch5": 0.3643890619277954, "Agent5_Epoch5": 0.36807548999786377, "Agent0_Epoch6": 0.0844353437423706, "Agent1_Epoch6": 0.32712358236312866, "Agent2_Epoch6": 0.3496786952018738, "Agent3_Epoch6": 0.35662102699279785, "Agent4_Epoch6": 0.3497610092163086, "Agent5_Epoch6": 0.3480682373046875, "Agent0_Epoch7": 0.08549416065216064, "Agent1_Epoch7": 0.3261985778808594, "Agent2_Epoch7": 0.34143978357315063, "Agent3_Epoch7": 0.3471696972846985, "Agent4_Epoch7": 0.33983123302459717, "Agent5_Epoch7": 0.3427134156227112, "Agent0_Epoch8": 0.0878722071647644, "Agent1_Epoch8": 0.32490307092666626, "Agent2_Epoch8": 0.3369184136390686, "Agent3_Epoch8": 0.3408103585243225, "Agent4_Epoch8": 0.335829496383667, "Agent5_Epoch8": 0.33506470918655396, "Agent0_Epoch9": 0.08981674909591675, "Agent1_Epoch9": 0.3238690495491028, "Agent2_Epoch9": 0.33072274923324585, "Agent3_Epoch9": 0.3353627920150757, "Agent4_Epoch9": 0.3309730887413025, "Agent5_Epoch9": 0.3313291072845459, "Agent0_Epoch10": 0.09149295091629028, "Agent1_Epoch10": 0.323066771030426, "Agent2_Epoch10": 0.32700812816619873, "Agent3_Epoch10": 0.33110272884368896, "Agent4_Epoch10": 0.3282293677330017, "Agent5_Epoch10": 0.3284154534339905, "Agent0_Epoch11": 0.0931125283241272, "Agent1_Epoch11": 0.32206088304519653, "Agent2_Epoch11": 0.3255383372306824, "Agent3_Epoch11": 0.3277636766433716, "Agent4_Epoch11": 0.3260195851325989, "Agent5_Epoch11": 0.3252902626991272, "Agent0_Epoch12": 0.09418600797653198, "Agent1_Epoch12": 0.3214789628982544, "Agent2_Epoch12": 0.3238735795021057, "Agent3_Epoch12": 0.3259289860725403, "Agent4_Epoch12": 0.3242841362953186, "Agent5_Epoch12": 0.3236619234085083, "Agent0_Epoch13": 0.0950324535369873, "Agent1_Epoch13": 0.32109296321868896, "Agent2_Epoch13": 0.3226568102836609, "Agent3_Epoch13": 0.32457053661346436, "Agent4_Epoch13": 0.3231359124183655, "Agent5_Epoch13": 0.32241350412368774, "Agent0_Epoch14": 0.0957677960395813, "Agent1_Epoch14": 0.32051700353622437, "Agent2_Epoch14": 0.3224645256996155, "Agent3_Epoch14": 0.32323896884918213, "Agent4_Epoch14": 0.32227498292922974, "Agent5_Epoch14": 0.32163017988204956, "Agent0_Epoch15": 0.09632289409637451, "Agent1_Epoch15": 0.3202586770057678, "Agent2_Epoch15": 0.32157301902770996, "Agent3_Epoch15": 0.3223763704299927, "Agent4_Epoch15": 0.3214845061302185, "Agent5_Epoch15": 0.32096511125564575, "Agent0_Epoch16": 0.09672152996063232, "Agent1_Epoch16": 0.3200950026512146, "Agent2_Epoch16": 0.32095223665237427, "Agent3_Epoch16": 0.3217698335647583, "Agent4_Epoch16": 0.32117342948913574, "Agent5_Epoch16": 0.32045507431030273, "Agent0_Epoch17": 0.09702914953231812, "Agent1_Epoch17": 0.31997519731521606, "Agent2_Epoch17": 0.32070159912109375, "Agent3_Epoch17": 0.3212181329727173, "Agent4_Epoch17": 0.3206935524940491, "Agent5_Epoch17": 0.32017505168914795, "Agent0_Epoch18": 0.09726107120513916, "Agent1_Epoch18": 0.3199161887168884, "Agent2_Epoch18": 0.3203999400138855, "Agent3_Epoch18": 0.3208535313606262, "Agent4_Epoch18": 0.3204736113548279, "Agent5_Epoch18": 0.3199045658111572, "Agent0_Epoch19": 0.09741675853729248, "Agent1_Epoch19": 0.3198317885398865, "Agent2_Epoch19": 0.32023584842681885, "Agent3_Epoch19": 0.320567786693573, "Agent4_Epoch19": 0.3202230930328369, "Agent5_Epoch19": 0.3198336362838745, "Agent0_Epoch20": 0.09752786159515381, "Agent1_Epoch20": 0.31980496644973755, "Agent2_Epoch20": 0.32014375925064087, "Agent3_Epoch20": 0.32036328315734863, "Agent4_Epoch20": 0.3200899362564087, "Agent5_Epoch20": 0.3197905421257019, "Agent0_Epoch21": 0.09761983156204224, "Agent1_Epoch21": 0.319815456867218, "Agent2_Epoch21": 0.3200033903121948, "Agent3_Epoch21": 0.320162832736969, "Agent4_Epoch21": 0.31999409198760986, "Agent5_Epoch21": 0.3197576403617859, "Agent0_Epoch22": 0.09767204523086548, "Agent1_Epoch22": 0.3197997808456421, "Agent2_Epoch22": 0.3199869394302368, "Agent3_Epoch22": 0.3200616240501404, "Agent4_Epoch22": 0.3199607729911804, "Agent5_Epoch22": 0.31977176666259766, "Agent0_Epoch23": 0.09771996736526489, "Agent1_Epoch23": 0.31981295347213745, "Agent2_Epoch23": 0.319919228553772, "Agent3_Epoch23": 0.31997811794281006, "Agent4_Epoch23": 0.3199043869972229, "Agent5_Epoch23": 0.3197755813598633, "Agent0_Epoch24": 0.09774893522262573, "Agent1_Epoch24": 0.31981152296066284, "Agent2_Epoch24": 0.3198930621147156, "Agent3_Epoch24": 0.31993240118026733, "Agent4_Epoch24": 0.31987547874450684, "Agent5_Epoch24": 0.3197823762893677, "Agent0_Epoch25": 0.09776908159255981, "Agent1_Epoch25": 0.31981122493743896, "Agent2_Epoch25": 0.31986528635025024, "Agent3_Epoch25": 0.31989777088165283, "Agent4_Epoch25": 0.31986600160598755, "Agent5_Epoch25": 0.3197851777076721, "Agent0_Epoch26": 0.09778457880020142, "Agent1_Epoch26": 0.31981146335601807, "Agent2_Epoch26": 0.319851279258728, "Agent3_Epoch26": 0.3198696970939636, "Agent4_Epoch26": 0.3198400139808655, "Agent5_Epoch26": 0.3197972774505615, "Agent0_Epoch27": 0.0977942943572998, "Agent1_Epoch27": 0.319807767868042, "Agent2_Epoch27": 0.31983667612075806, "Agent3_Epoch27": 0.31985265016555786, "Agent4_Epoch27": 0.3198368549346924, "Agent5_Epoch27": 0.3198007345199585, "Agent0_Epoch28": 0.09780287742614746, "Agent1_Epoch28": 0.31981390714645386, "Agent2_Epoch28": 0.319826602935791, "Agent3_Epoch28": 0.319837749004364, "Agent4_Epoch28": 0.3198245167732239, "Agent5_Epoch28": 0.3198015093803406, "Agent0_Epoch29": 0.09780770540237427, "Agent1_Epoch29": 0.31981003284454346, "Agent2_Epoch29": 0.31982421875, "Agent3_Epoch29": 0.3198312520980835, "Agent4_Epoch29": 0.31982094049453735, "Agent5_Epoch29": 0.3198045492172241, "Agent0_Epoch30": 0.09781134128570557, "Agent1_Epoch30": 0.3198108673095703, "Agent2_Epoch30": 0.31981921195983887, "Agent3_Epoch30": 0.3198246359825134, "Agent4_Epoch30": 0.31981873512268066, "Agent5_Epoch30": 0.3198051452636719, "Agent0_Epoch31": 0.09781360626220703, "Agent1_Epoch31": 0.31980955600738525, "Agent2_Epoch31": 0.3198169469833374, "Agent3_Epoch31": 0.31982070207595825, "Agent4_Epoch31": 0.3198167681694031, "Agent5_Epoch31": 0.31980741024017334, "Agent0_Epoch32": 0.09781539440155029, "Agent1_Epoch32": 0.31981027126312256, "Agent2_Epoch32": 0.31981515884399414, "Agent3_Epoch32": 0.3198172450065613, "Agent4_Epoch32": 0.31981438398361206, "Agent5_Epoch32": 0.3198079466819763, "Agent0_Epoch33": 0.0978165864944458, "Agent1_Epoch33": 0.3198102116584778, "Agent2_Epoch33": 0.31981348991394043, "Agent3_Epoch33": 0.31981509923934937, "Agent4_Epoch33": 0.3198128342628479, "Agent5_Epoch33": 0.3198087811470032, "Agent0_Epoch34": 0.09781748056411743, "Agent1_Epoch34": 0.31981056928634644, "Agent2_Epoch34": 0.319812536239624, "Agent3_Epoch34": 0.31981372833251953, "Agent4_Epoch34": 0.3198122978210449, "Agent5_Epoch34": 0.3198092579841614, "Agent0_Epoch35": 0.09781801700592041, "Agent1_Epoch35": 0.3198103904724121, "Agent2_Epoch35": 0.3198121190071106, "Agent3_Epoch35": 0.3198127746582031, "Agent4_Epoch35": 0.3198116421699524,