{"E1_agent0_norm": 2.481032609939575, "E1_agent1_norm": 2.7955985069274902, "E1_agent2_norm": 2.855746269226074, "E1_agent3_norm": 3.261664867401123, "E1_agent4_norm": 2.776942014694214, "E1_agent5_norm": 2.8947954177856445, "E2_agent0_norm": 0.8370473980903625, "E2_agent1_norm": 2.770381212234497, "E2_agent2_norm": 2.737982988357544, "E2_agent3_norm": 2.580902338027954, "E2_agent4_norm": 2.3696413040161133, "E2_agent5_norm": 2.5261144638061523, "E3_agent0_norm": 0.8309977650642395, "E3_agent1_norm": 2.59950590133667, "E3_agent2_norm": 2.1150026321411133, "E3_agent3_norm": 2.35003662109375, "E3_agent4_norm": 2.2272450923919678, "E3_agent5_norm": 2.4082396030426025, "E4_agent0_norm": 1.019727110862732, "E4_agent1_norm": 2.151937246322632, "E4_agent2_norm": 1.856161117553711, "E4_agent3_norm": 2.1767146587371826, "E4_agent4_norm": 2.1613879203796387, "E4_agent5_norm": 2.1721980571746826, "E5_agent0_norm": 0.8183972239494324, "E5_agent1_norm": 1.7618328332901, "E5_agent2_norm": 1.5401110649108887, "E5_agent3_norm": 1.8375834226608276, "E5_agent4_norm": 1.5859012603759766, "E5_agent5_norm": 1.5675441026687622, "E6_agent0_norm": 0.6815418601036072, "E6_agent1_norm": 1.460560917854309, "E6_agent2_norm": 1.535500407218933, "E6_agent3_norm": 1.5835622549057007, "E6_agent4_norm": 1.337887167930603, "E6_agent5_norm": 1.2733824253082275, "E7_agent0_norm": 0.5764108300209045, "E7_agent1_norm": 1.2825978994369507, "E7_agent2_norm": 1.2740381956100464, "E7_agent3_norm": 1.3880813121795654, "E7_agent4_norm": 1.054787278175354, "E7_agent5_norm": 1.0789929628372192, "E8_agent0_norm": 0.49088892340660095, "E8_agent1_norm": 1.1242772340774536, "E8_agent2_norm": 1.0787416696548462, "E8_agent3_norm": 1.1205341815948486, "E8_agent4_norm": 0.9288095831871033, "E8_agent5_norm": 0.9059388637542725, "E9_agent0_norm": 0.3864800035953522, "E9_agent1_norm": 0.9358303546905518, "E9_agent2_norm": 0.8377152681350708, "E9_agent3_norm": 0.9144245982170105, "E9_agent4_norm": 0.742514431476593, "E9_agent5_norm": 0.7423378825187683, "E10_agent0_norm": 0.3157723844051361, "E10_agent1_norm": 0.7553805708885193, "E10_agent2_norm": 0.7248026728630066, "E10_agent3_norm": 0.7534314393997192, "E10_agent4_norm": 0.6289377212524414, "E10_agent5_norm": 0.6229966282844543, "E11_agent0_norm": 0.25821349024772644, "E11_agent1_norm": 0.6266179084777832, "E11_agent2_norm": 0.5840986967086792, "E11_agent3_norm": 0.6224856376647949, "E11_agent4_norm": 0.5206435918807983, "E11_agent5_norm": 0.5006913542747498, "E12_agent0_norm": 0.19933488965034485, "E12_agent1_norm": 0.5236905813217163, "E12_agent2_norm": 0.5104697346687317, "E12_agent3_norm": 0.4866460859775543, "E12_agent4_norm": 0.41789108514785767, "E12_agent5_norm": 0.4423973858356476, "E13_agent0_norm": 0.15987615287303925, "E13_agent1_norm": 0.39859944581985474, "E13_agent2_norm": 0.4037419259548187, "E13_agent3_norm": 0.37681108713150024, "E13_agent4_norm": 0.36246123909950256, "E13_agent5_norm": 0.3695286214351654, "E14_agent0_norm": 0.1298225373029709, "E14_agent1_norm": 0.32110199332237244, "E14_agent2_norm": 0.3297225534915924, "E14_agent3_norm": 0.30146145820617676, "E14_agent4_norm": 0.3096061050891876, "E14_agent5_norm": 0.2914997935295105, "E15_agent0_norm": 0.1003413274884224, "E15_agent1_norm": 0.2494199275970459, "E15_agent2_norm": 0.26187270879745483, "E15_agent3_norm": 0.24577467143535614, "E15_agent4_norm": 0.2712341547012329, "E15_agent5_norm": 0.2569029927253723, "E16_agent0_norm": 0.07434531301259995, "E16_agent1_norm": 0.1894730180501938, "E16_agent2_norm": 0.20977206528186798, "E16_agent3_norm": 0.1782412976026535, "E16_agent4_norm": 0.22114558517932892, "E16_agent5_norm": 0.19704900681972504, "E17_agent0_norm": 0.054244883358478546, "E17_agent1_norm": 0.14402054250240326, "E17_agent2_norm": 0.16930130124092102, "E17_agent3_norm": 0.16385848820209503, "E17_agent4_norm": 0.17729070782661438, "E17_agent5_norm": 0.15440180897712708, "E18_agent0_norm": 0.04068511351943016, "E18_agent1_norm": 0.10927973687648773, "E18_agent2_norm": 0.13189275562763214, "E18_agent3_norm": 0.11715707182884216, "E18_agent4_norm": 0.13359403610229492, "E18_agent5_norm": 0.12647666037082672, "E19_agent0_norm": 0.03165826573967934, "E19_agent1_norm": 0.08587184548377991, "E19_agent2_norm": 0.10353963822126389, "E19_agent3_norm": 0.08750975877046585, "E19_agent4_norm": 0.10416214168071747, "E19_agent5_norm": 0.09613369405269623, "E20_agent0_norm": 0.02332344464957714, "E20_agent1_norm": 0.06736584007740021, "E20_agent2_norm": 0.07429304718971252, "E20_agent3_norm": 0.06726018339395523, "E20_agent4_norm": 0.07959378510713577, "E20_agent5_norm": 0.0748642310500145, "E21_agent0_norm": 0.01770779676735401, "E21_agent1_norm": 0.04523827135562897, "E21_agent2_norm": 0.05908731743693352, "E21_agent3_norm": 0.04841019958257675, "E21_agent4_norm": 0.057173531502485275, "E21_agent5_norm": 0.0593026727437973, "E22_agent0_norm": 0.012548922561109066, "E22_agent1_norm": 0.03133145347237587, "E22_agent2_norm": 0.042731206864118576, "E22_agent3_norm": 0.03390686959028244, "E22_agent4_norm": 0.042664337903261185, "E22_agent5_norm": 0.04230830818414688, "E23_agent0_norm": 0.00895509123802185, "E23_agent1_norm": 0.024942385032773018, "E23_agent2_norm": 0.0293697789311409, "E23_agent3_norm": 0.025893405079841614, "E23_agent4_norm": 0.029811270534992218, "E23_agent5_norm": 0.030605575069785118, "E24_agent0_norm": 0.00643095001578331, "E24_agent1_norm": 0.016354670748114586, "E24_agent2_norm": 0.02095370553433895, "E24_agent3_norm": 0.017641087993979454, "E24_agent4_norm": 0.021588196977972984, "E24_agent5_norm": 0.02225835807621479, "E25_agent0_norm": 0.004569851327687502, "E25_agent1_norm": 0.013193863444030285, "E25_agent2_norm": 0.016719866544008255, "E25_agent3_norm": 0.012792952358722687, "E25_agent4_norm": 0.014966665767133236, "E25_agent5_norm": 0.016184985637664795, "E26_agent0_norm": 0.0030926871113479137, "E26_agent1_norm": 0.008440391160547733, "E26_agent2_norm": 0.00998849980533123, "E26_agent3_norm": 0.010076121427118778, "E26_agent4_norm": 0.010600295849144459, "E26_agent5_norm": 0.011136538349092007, "E27_agent0_norm": 0.0021733934991061687, "E27_agent1_norm": 0.005767964757978916, "E27_agent2_norm": 0.007736084517091513, "E27_agent3_norm": 0.005872607231140137, "E27_agent4_norm": 0.007408131379634142, "E27_agent5_norm": 0.008261424489319324, "E28_agent0_norm": 0.0015299860388040543, "E28_agent1_norm": 0.003989961929619312, "E28_agent2_norm": 0.0050941756926476955, "E28_agent3_norm": 0.004451462998986244, "E28_agent4_norm": 0.0053688595071434975, "E28_agent5_norm": 0.005435734987258911, "E29_agent0_norm": 0.0009943124605342746, "E29_agent1_norm": 0.0028735168743878603, "E29_agent2_norm": 0.003635489149019122, "E29_agent3_norm": 0.003089696867391467, "E29_agent4_norm": 0.0034356547985225916, "E29_agent5_norm": 0.004066043999046087, "E30_agent0_norm": 0.0007780309533700347, "E30_agent1_norm": 0.0020197967533022165, "E30_agent2_norm": 0.0025625505950301886, "E30_agent3_norm": 0.002239858265966177, "E30_agent4_norm": 0.0026154001243412495, "E30_agent5_norm": 0.0029521267861127853, "E31_agent0_norm": 0.0005300066550262272, "E31_agent1_norm": 0.0015179807087406516, "E31_agent2_norm": 0.0017687133513391018, "E31_agent3_norm": 0.0014860790688544512, "E31_agent4_norm": 0.0018571725813671947, "E31_agent5_norm": 0.0020730041433125734, "E32_agent0_norm": 0.00037828649510629475, "E32_agent1_norm": 0.0010925306705757976, "E32_agent2_norm": 0.0012229833519086242, "E32_agent3_norm": 0.0010092781158164144, "E32_agent4_norm": 0.0012476571137085557, "E32_agent5_norm": 0.0014412056189030409, "E33_agent0_norm": 0.0002552511577960104, "E33_agent1_norm": 0.0007631328189745545, "E33_agent2_norm": 0.000859438965562731, "E33_agent3_norm": 0.0008040288812480867, "E33_agent4_norm": 0.000851836462970823, "E33_agent5_norm": 0.0009447350166738033, "E34_agent0_norm": 0.00017916937940753996, "E34_agent1_norm": 0.0005178625578992069, "E34_agent2_norm": 0.0006574285798706114,