{"E1_agent0_norm": 2.4848129749298096, "E1_agent1_norm": 2.6932897567749023, "E1_agent2_norm": 2.9885542392730713, "E1_agent3_norm": 3.1072304248809814, "E1_agent4_norm": 2.67254376411438, "E1_agent5_norm": 3.039686679840088, "E2_agent0_norm": 0.8735085725784302, "E2_agent1_norm": 2.2622532844543457, "E2_agent2_norm": 2.312713861465454, "E2_agent3_norm": 2.5086426734924316, "E2_agent4_norm": 2.5623133182525635, "E2_agent5_norm": 2.2574355602264404, "E3_agent0_norm": 0.7731094360351562, "E3_agent1_norm": 2.225440502166748, "E3_agent2_norm": 2.240615129470825, "E3_agent3_norm": 2.321969509124756, "E3_agent4_norm": 2.3016295433044434, "E3_agent5_norm": 2.2125744819641113, "E4_agent0_norm": 0.8237784504890442, "E4_agent1_norm": 1.91200852394104, "E4_agent2_norm": 1.9537206888198853, "E4_agent3_norm": 2.051215887069702, "E4_agent4_norm": 2.293503999710083, "E4_agent5_norm": 1.9288227558135986, "E5_agent0_norm": 0.8234911561012268, "E5_agent1_norm": 1.7788724899291992, "E5_agent2_norm": 1.5741912126541138, "E5_agent3_norm": 1.8708511590957642, "E5_agent4_norm": 1.5881879329681396, "E5_agent5_norm": 1.5210230350494385, "E6_agent0_norm": 0.6597428321838379, "E6_agent1_norm": 1.505484938621521, "E6_agent2_norm": 1.5386523008346558, "E6_agent3_norm": 1.4663294553756714, "E6_agent4_norm": 1.1980382204055786, "E6_agent5_norm": 1.283223271369934, "E7_agent0_norm": 0.5992011427879333, "E7_agent1_norm": 1.3321031332015991, "E7_agent2_norm": 1.1384308338165283, "E7_agent3_norm": 1.2054238319396973, "E7_agent4_norm": 1.0246509313583374, "E7_agent5_norm": 1.155307650566101, "E8_agent0_norm": 0.48289623856544495, "E8_agent1_norm": 1.085292100906372, "E8_agent2_norm": 0.9528005123138428, "E8_agent3_norm": 0.9875389337539673, "E8_agent4_norm": 0.8062872290611267, "E8_agent5_norm": 0.8732408881187439, "E9_agent0_norm": 0.3844064474105835, "E9_agent1_norm": 0.8755118250846863, "E9_agent2_norm": 0.8151028752326965, "E9_agent3_norm": 0.8077118992805481, "E9_agent4_norm": 0.6925011277198792, "E9_agent5_norm": 0.7555992007255554, "E10_agent0_norm": 0.304985910654068, "E10_agent1_norm": 0.7149814963340759, "E10_agent2_norm": 0.6679400205612183, "E10_agent3_norm": 0.6675549149513245, "E10_agent4_norm": 0.5557855367660522, "E10_agent5_norm": 0.6010378003120422, "E11_agent0_norm": 0.24155879020690918, "E11_agent1_norm": 0.589496374130249, "E11_agent2_norm": 0.5633199214935303, "E11_agent3_norm": 0.5453785061836243, "E11_agent4_norm": 0.4322442412376404, "E11_agent5_norm": 0.47918492555618286, "E12_agent0_norm": 0.18938881158828735, "E12_agent1_norm": 0.4884718656539917, "E12_agent2_norm": 0.4572087824344635, "E12_agent3_norm": 0.423510879278183, "E12_agent4_norm": 0.38789427280426025, "E12_agent5_norm": 0.4559203088283539, "E13_agent0_norm": 0.15072505176067352, "E13_agent1_norm": 0.4030991792678833, "E13_agent2_norm": 0.3853590190410614, "E13_agent3_norm": 0.35689571499824524, "E13_agent4_norm": 0.3258766531944275, "E13_agent5_norm": 0.36399155855178833, "E14_agent0_norm": 0.12015724927186966, "E14_agent1_norm": 0.3095271587371826, "E14_agent2_norm": 0.30946871638298035, "E14_agent3_norm": 0.29355642199516296, "E14_agent4_norm": 0.29155537486076355, "E14_agent5_norm": 0.32602205872535706, "E15_agent0_norm": 0.09323663264513016, "E15_agent1_norm": 0.25053879618644714, "E15_agent2_norm": 0.2621057331562042, "E15_agent3_norm": 0.22449429333209991, "E15_agent4_norm": 0.2412942349910736, "E15_agent5_norm": 0.26933667063713074, "E16_agent0_norm": 0.07545558363199234, "E16_agent1_norm": 0.18251152336597443, "E16_agent2_norm": 0.20822064578533173, "E16_agent3_norm": 0.1911512166261673, "E16_agent4_norm": 0.20535263419151306, "E16_agent5_norm": 0.21294555068016052, "E17_agent0_norm": 0.0598798543214798, "E17_agent1_norm": 0.15687108039855957, "E17_agent2_norm": 0.16716870665550232, "E17_agent3_norm": 0.1516430526971817, "E17_agent4_norm": 0.1696656495332718, "E17_agent5_norm": 0.19261552393436432, "E18_agent0_norm": 0.045457933098077774, "E18_agent1_norm": 0.1122850626707077, "E18_agent2_norm": 0.13171958923339844, "E18_agent3_norm": 0.12290813773870468, "E18_agent4_norm": 0.1300819218158722, "E18_agent5_norm": 0.15533851087093353, "E19_agent0_norm": 0.03320185840129852, "E19_agent1_norm": 0.08501765877008438, "E19_agent2_norm": 0.10502547025680542, "E19_agent3_norm": 0.09155498445034027, "E19_agent4_norm": 0.10575356334447861, "E19_agent5_norm": 0.11516181379556656, "E20_agent0_norm": 0.025988547131419182, "E20_agent1_norm": 0.06437349319458008, "E20_agent2_norm": 0.07768476009368896, "E20_agent3_norm": 0.0657678171992302, "E20_agent4_norm": 0.07616113871335983, "E20_agent5_norm": 0.0921509861946106, "E21_agent0_norm": 0.018650634214282036, "E21_agent1_norm": 0.04382971301674843, "E21_agent2_norm": 0.054359715431928635, "E21_agent3_norm": 0.04927504435181618, "E21_agent4_norm": 0.05784051492810249, "E21_agent5_norm": 0.06884416192770004, "E22_agent0_norm": 0.013469724915921688, "E22_agent1_norm": 0.0319225937128067, "E22_agent2_norm": 0.038481857627630234, "E22_agent3_norm": 0.034989818930625916, "E22_agent4_norm": 0.04293135553598404, "E22_agent5_norm": 0.05139145255088806, "E23_agent0_norm": 0.009717564098536968, "E23_agent1_norm": 0.022619817405939102, "E23_agent2_norm": 0.028298107907176018, "E23_agent3_norm": 0.025091389194130898, "E23_agent4_norm": 0.030454641208052635, "E23_agent5_norm": 0.035449203103780746, "E24_agent0_norm": 0.006968914996832609, "E24_agent1_norm": 0.01567527838051319, "E24_agent2_norm": 0.019671760499477386, "E24_agent3_norm": 0.01841425709426403, "E24_agent4_norm": 0.022198079153895378, "E24_agent5_norm": 0.02614717185497284, "E25_agent0_norm": 0.0048746755346655846, "E25_agent1_norm": 0.011734462343156338, "E25_agent2_norm": 0.014334079809486866, "E25_agent3_norm": 0.012079928070306778, "E25_agent4_norm": 0.013703227043151855, "E25_agent5_norm": 0.01999937742948532, "E26_agent0_norm": 0.0035137503873556852, "E26_agent1_norm": 0.00805492140352726, "E26_agent2_norm": 0.010600944980978966, "E26_agent3_norm": 0.009203987196087837, "E26_agent4_norm": 0.01049110945314169, "E26_agent5_norm": 0.013191222213208675, "E27_agent0_norm": 0.0022743321023881435, "E27_agent1_norm": 0.005550725385546684, "E27_agent2_norm": 0.007186752278357744, "E27_agent3_norm": 0.006453566253185272, "E27_agent4_norm": 0.007189781870692968, "E27_agent5_norm": 0.009344414807856083, "E28_agent0_norm": 0.0016801526071503758, "E28_agent1_norm": 0.0038356566801667213, "E28_agent2_norm": 0.004812796600162983, "E28_agent3_norm": 0.0043519907630980015, "E28_agent4_norm": 0.005007655825465918, "E28_agent5_norm": 0.006663089618086815, "E29_agent0_norm": 0.0011890992755070329, "E29_agent1_norm": 0.0027508048806339502, "E29_agent2_norm": 0.003671887796372175, "E29_agent3_norm": 0.003215107601135969, "E29_agent4_norm": 0.0035407384857535362, "E29_agent5_norm": 0.0048015424981713295, "E30_agent0_norm": 0.0008521206909790635, "E30_agent1_norm": 0.0018134111305698752, "E30_agent2_norm": 0.0023747982922941446, "E30_agent3_norm": 0.0021554860286414623, "E30_agent4_norm": 0.0024854131042957306, "E30_agent5_norm": 0.0033365723211318254, "E31_agent0_norm": 0.0006051778909750283, "E31_agent1_norm": 0.001272869179956615, "E31_agent2_norm": 0.0017107576131820679, "E31_agent3_norm": 0.001500683487392962, "E31_agent4_norm": 0.0016977388877421618, "E31_agent5_norm": 0.002408040687441826, "E32_agent0_norm": 0.0004088162968400866, "E32_agent1_norm": 0.0009687815909273922, "E32_agent2_norm": 0.00120055943261832, "E32_agent3_norm": 0.0010766965569928288, "E32_agent4_norm": 0.0012087345821782947, "E32_agent5_norm": 0.0016254255315288901, "E33_agent0_norm": 0.0002479022368788719, "E33_agent1_norm": 0.0006498551811091602, "E33_agent2_norm": 0.0008584004826843739, "E33_agent3_norm": 0.0007071984582580626, "E33_agent4_norm": 0.0007550949230790138, "E33_agent5_norm": 0.0012070236261934042, "E34_agent0_norm": 0.00018829693726729602, "E34_agent1_norm": 0.00045512380893342197, "E34_agent2_norm": 0.0006074410048313439,