{"Agent0_Epoch1": 0.3075866103172302, "Agent1_Epoch1": 0.28607213497161865, "Agent2_Epoch1": 0.9893350601196289, "Agent3_Epoch1": 0.9918784499168396, "Agent4_Epoch1": 0.9920889139175415, "Agent5_Epoch1": 0.9964423775672913, "Agent0_Epoch2": 0.07873886823654175, "Agent1_Epoch2": 0.3357638716697693, "Agent2_Epoch2": 0.4511581063270569, "Agent3_Epoch2": 0.4421544671058655, "Agent4_Epoch2": 0.4413878917694092, "Agent5_Epoch2": 0.44980746507644653, "Agent0_Epoch3": 0.0811842679977417, "Agent1_Epoch3": 0.33546221256256104, "Agent2_Epoch3": 0.41658657789230347, "Agent3_Epoch3": 0.42812633514404297, "Agent4_Epoch3": 0.4083823561668396, "Agent5_Epoch3": 0.40871864557266235, "Agent0_Epoch4": 0.08285820484161377, "Agent1_Epoch4": 0.3333684206008911, "Agent2_Epoch4": 0.39507365226745605, "Agent3_Epoch4": 0.40019887685775757, "Agent4_Epoch4": 0.39941591024398804, "Agent5_Epoch4": 0.39851289987564087, "Agent0_Epoch5": 0.08505314588546753, "Agent1_Epoch5": 0.33028000593185425, "Agent2_Epoch5": 0.3686707615852356, "Agent3_Epoch5": 0.37213975191116333, "Agent4_Epoch5": 0.37452030181884766, "Agent5_Epoch5": 0.372081995010376, "Agent0_Epoch6": 0.08791846036911011, "Agent1_Epoch6": 0.32777172327041626, "Agent2_Epoch6": 0.35355907678604126, "Agent3_Epoch6": 0.35868942737579346, "Agent4_Epoch6": 0.3620259761810303, "Agent5_Epoch6": 0.35494065284729004, "Agent0_Epoch7": 0.09051918983459473, "Agent1_Epoch7": 0.32568204402923584, "Agent2_Epoch7": 0.3447988033294678, "Agent3_Epoch7": 0.344485342502594, "Agent4_Epoch7": 0.3469427227973938, "Agent5_Epoch7": 0.3458443880081177, "Agent0_Epoch8": 0.09366083145141602, "Agent1_Epoch8": 0.32385194301605225, "Agent2_Epoch8": 0.33529651165008545, "Agent3_Epoch8": 0.3378382921218872, "Agent4_Epoch8": 0.33723264932632446, "Agent5_Epoch8": 0.34021085500717163, "Agent0_Epoch9": 0.09600865840911865, "Agent1_Epoch9": 0.3222593665122986, "Agent2_Epoch9": 0.32969099283218384, "Agent3_Epoch9": 0.3315683603286743, "Agent4_Epoch9": 0.3314060568809509, "Agent5_Epoch9": 0.3325205445289612, "Agent0_Epoch10": 0.0980755090713501, "Agent1_Epoch10": 0.3210294842720032, "Agent2_Epoch10": 0.3264230489730835, "Agent3_Epoch10": 0.3273617625236511, "Agent4_Epoch10": 0.3275275230407715, "Agent5_Epoch10": 0.32776522636413574, "Agent0_Epoch11": 0.0998462438583374, "Agent1_Epoch11": 0.32013076543807983, "Agent2_Epoch11": 0.3234086036682129, "Agent3_Epoch11": 0.3246070146560669, "Agent4_Epoch11": 0.3245227336883545, "Agent5_Epoch11": 0.3249170184135437, "Agent0_Epoch12": 0.10127437114715576, "Agent1_Epoch12": 0.3193134665489197, "Agent2_Epoch12": 0.3215993046760559, "Agent3_Epoch12": 0.3226073980331421, "Agent4_Epoch12": 0.3224085569381714, "Agent5_Epoch12": 0.32148849964141846, "Agent0_Epoch13": 0.10236972570419312, "Agent1_Epoch13": 0.31868404150009155, "Agent2_Epoch13": 0.3202279210090637, "Agent3_Epoch13": 0.32109665870666504, "Agent4_Epoch13": 0.3207637071609497, "Agent5_Epoch13": 0.32076436281204224, "Agent0_Epoch14": 0.1031997799873352, "Agent1_Epoch14": 0.3182232975959778, "Agent2_Epoch14": 0.31920725107192993, "Agent3_Epoch14": 0.32002341747283936, "Agent4_Epoch14": 0.31966185569763184, "Agent5_Epoch14": 0.3194592595100403, "Agent0_Epoch15": 0.10381317138671875, "Agent1_Epoch15": 0.3177894353866577, "Agent2_Epoch15": 0.31844741106033325, "Agent3_Epoch15": 0.31915152072906494, "Agent4_Epoch15": 0.31886720657348633, "Agent5_Epoch15": 0.3187100887298584, "Agent0_Epoch16": 0.10431015491485596, "Agent1_Epoch16": 0.31756919622421265, "Agent2_Epoch16": 0.3179585337638855, "Agent3_Epoch16": 0.3185397982597351, "Agent4_Epoch16": 0.31831514835357666, "Agent5_Epoch16": 0.3181626796722412, "Agent0_Epoch17": 0.1046673059463501, "Agent1_Epoch17": 0.31738030910491943, "Agent2_Epoch17": 0.31762516498565674, "Agent3_Epoch17": 0.3180379271507263, "Agent4_Epoch17": 0.31790488958358765, "Agent5_Epoch17": 0.3178062438964844, "Agent0_Epoch18": 0.10493940114974976, "Agent1_Epoch18": 0.3172755241394043, "Agent2_Epoch18": 0.31739622354507446, "Agent3_Epoch18": 0.3176916837692261, "Agent4_Epoch18": 0.31767475605010986, "Agent5_Epoch18": 0.31757891178131104, "Agent0_Epoch19": 0.1051298975944519, "Agent1_Epoch19": 0.31715041399002075, "Agent2_Epoch19": 0.31727731227874756, "Agent3_Epoch19": 0.31746000051498413, "Agent4_Epoch19": 0.31747835874557495, "Agent5_Epoch19": 0.31735944747924805, "Agent0_Epoch20": 0.10526829957962036, "Agent1_Epoch20": 0.31713563203811646, "Agent2_Epoch20": 0.3171840310096741, "Agent3_Epoch20": 0.317319393157959, "Agent4_Epoch20": 0.31730765104293823, "Agent5_Epoch20": 0.31721705198287964, "Agent0_Epoch21": 0.10536926984786987, "Agent1_Epoch21": 0.31709957122802734, "Agent2_Epoch21": 0.3171117901802063, "Agent3_Epoch21": 0.3172234892845154, "Agent4_Epoch21": 0.3172098398208618, "Agent5_Epoch21": 0.3171537518501282, "Agent0_Epoch22": 0.10543864965438843, "Agent1_Epoch22": 0.3170713782310486, "Agent2_Epoch22": 0.31707972288131714, "Agent3_Epoch22": 0.3171607255935669, "Agent4_Epoch22": 0.3171459436416626, "Agent5_Epoch22": 0.3170925974845886, "Agent0_Epoch23": 0.10548138618469238, "Agent1_Epoch23": 0.31705743074417114, "Agent2_Epoch23": 0.31707239151000977, "Agent3_Epoch23": 0.31711888313293457, "Agent4_Epoch23": 0.3171194791793823, "Agent5_Epoch23": 0.31709253787994385, "Agent0_Epoch24": 0.10551708936691284, "Agent1_Epoch24": 0.31704986095428467, "Agent2_Epoch24": 0.3170577883720398, "Agent3_Epoch24": 0.3170849680900574, "Agent4_Epoch24": 0.3170861005783081, "Agent5_Epoch24": 0.3170584440231323, "Agent0_Epoch25": 0.10553997755050659, "Agent1_Epoch25": 0.3170439600944519, "Agent2_Epoch25": 0.31704920530319214, "Agent3_Epoch25": 0.317071795463562, "Agent4_Epoch25": 0.31706905364990234, "Agent5_Epoch25": 0.3170473575592041, "Agent0_Epoch26": 0.1055566668510437, "Agent1_Epoch26": 0.3170367479324341, "Agent2_Epoch26": 0.31704068183898926, "Agent3_Epoch26": 0.3170555830001831, "Agent4_Epoch26": 0.3170522451400757, "Agent5_Epoch26": 0.31704282760620117, "Agent0_Epoch27": 0.10556834936141968, "Agent1_Epoch27": 0.3170340657234192, "Agent2_Epoch27": 0.31703561544418335, "Agent3_Epoch27": 0.3170456290245056, "Agent4_Epoch27": 0.31704574823379517, "Agent5_Epoch27": 0.3170393705368042, "Agent0_Epoch28": 0.10557681322097778, "Agent1_Epoch28": 0.3170316815376282, "Agent2_Epoch28": 0.3170325756072998, "Agent3_Epoch28": 0.3170393109321594, "Agent4_Epoch28": 0.31703782081604004, "Agent5_Epoch28": 0.3170342445373535, "Agent0_Epoch29": 0.10558187961578369, "Agent1_Epoch29": 0.3170304298400879, "Agent2_Epoch29": 0.3170309066772461, "Agent3_Epoch29": 0.3170356750488281, "Agent4_Epoch29": 0.3170369863510132, "Agent5_Epoch29": 0.3170316815376282, "Agent0_Epoch30": 0.10558575391769409, "Agent1_Epoch30": 0.3170296549797058, "Agent2_Epoch30": 0.317030131816864, "Agent3_Epoch30": 0.3170332908630371, "Agent4_Epoch30": 0.31703317165374756, "Agent5_Epoch30": 0.31703078746795654, "Agent0_Epoch31": 0.10558873414993286, "Agent1_Epoch31": 0.3170285224914551, "Agent2_Epoch31": 0.3170287609100342, "Agent3_Epoch31": 0.31703102588653564, "Agent4_Epoch31": 0.3170314431190491, "Agent5_Epoch31": 0.3170297145843506, "Agent0_Epoch32": 0.1055908203125, "Agent1_Epoch32": 0.317027747631073, "Agent2_Epoch32": 0.3170282244682312, "Agent3_Epoch32": 0.31702953577041626, "Agent4_Epoch32": 0.31702953577041626, "Agent5_Epoch32": 0.3170284032821655, "Agent0_Epoch33": 0.10559219121932983, "Agent1_Epoch33": 0.31702733039855957, "Agent2_Epoch33": 0.3170274496078491, "Agent3_Epoch33": 0.3170285224914551, "Agent4_Epoch33": 0.31702882051467896, "Agent5_Epoch33": 0.3170279264450073, "Agent0_Epoch34": 0.10559302568435669, "Agent1_Epoch34": 0.31702691316604614, "Agent2_Epoch34": 0.31702715158462524, "Agent3_Epoch34": 0.3170278072357178, "Agent4_Epoch34": 0.3170279264450073, "Agent5_Epoch34": 0.31702762842178345, "Agent0_Epoch35": 0.10559386014938354, "Agent1_Epoch35": 0.3170267939567566, "Agent2_Epoch35": 0.31702691316604614, "Agent3_Epoch35": 0.3170272707939148, "Agent4_Epoch35": 0.3170274496078491,