{"Agent0_Epoch1": 0.3168560862541199, "Agent1_Epoch1": 0.2659306526184082, "Agent2_Epoch1": 0.9932011961936951, "Agent3_Epoch1": 0.9994088411331177, "Agent4_Epoch1": 0.9963356256484985, "Agent0_Epoch2": 0.09478527307510376, "Agent1_Epoch2": 0.28832435607910156, "Agent2_Epoch2": 0.3330390453338623, "Agent3_Epoch2": 0.32396137714385986, "Agent4_Epoch2": 0.34767085313796997, "Agent0_Epoch3": 0.06451529264450073, "Agent1_Epoch3": 0.17044973373413086, "Agent2_Epoch3": 0.183324933052063, "Agent3_Epoch3": 0.1728684902191162, "Agent4_Epoch3": 0.19060838222503662, "Agent0_Epoch4": 0.0456203818321228, "Agent1_Epoch4": 0.10271531343460083, "Agent2_Epoch4": 0.10497182607650757, "Agent3_Epoch4": 0.0988277792930603, "Agent4_Epoch4": 0.11122703552246094, "Agent0_Epoch5": 0.0326274037361145, "Agent1_Epoch5": 0.06354868412017822, "Agent2_Epoch5": 0.06419289112091064, "Agent3_Epoch5": 0.06033825874328613, "Agent4_Epoch5": 0.06982749700546265, "Agent0_Epoch6": 0.024042248725891113, "Agent1_Epoch6": 0.04116368293762207, "Agent2_Epoch6": 0.04139429330825806, "Agent3_Epoch6": 0.039508044719696045, "Agent4_Epoch6": 0.04282122850418091, "Agent0_Epoch7": 0.018170714378356934, "Agent1_Epoch7": 0.02803826332092285, "Agent2_Epoch7": 0.027346670627593994, "Agent3_Epoch7": 0.026529431343078613, "Agent4_Epoch7": 0.029744386672973633, "Agent0_Epoch8": 0.013966679573059082, "Agent1_Epoch8": 0.01984095573425293, "Agent2_Epoch8": 0.019780993461608887, "Agent3_Epoch8": 0.018351078033447266, "Agent4_Epoch8": 0.0217587947845459, "Agent0_Epoch9": 0.01107168197631836, "Agent1_Epoch9": 0.014690756797790527, "Agent2_Epoch9": 0.014362812042236328, "Agent3_Epoch9": 0.013513803482055664, "Agent4_Epoch9": 0.014973759651184082, "Agent0_Epoch10": 0.008800685405731201, "Agent1_Epoch10": 0.01107853651046753, "Agent2_Epoch10": 0.010757982730865479, "Agent3_Epoch10": 0.01051473617553711, "Agent4_Epoch10": 0.011931121349334717, "Agent0_Epoch11": 0.007202506065368652, "Agent1_Epoch11": 0.008691668510437012, "Agent2_Epoch11": 0.00853949785232544, "Agent3_Epoch11": 0.008276879787445068, "Agent4_Epoch11": 0.009350180625915527, "Agent0_Epoch12": 0.005981922149658203, "Agent1_Epoch12": 0.006978869438171387, "Agent2_Epoch12": 0.006934940814971924, "Agent3_Epoch12": 0.006560087203979492, "Agent4_Epoch12": 0.0075054168701171875, "Agent0_Epoch13": 0.00506591796875, "Agent1_Epoch13": 0.005757153034210205, "Agent2_Epoch13": 0.005793511867523193, "Agent3_Epoch13": 0.005690932273864746, "Agent4_Epoch13": 0.006158113479614258, "Agent0_Epoch14": 0.004406571388244629, "Agent1_Epoch14": 0.004902899265289307, "Agent2_Epoch14": 0.004827320575714111, "Agent3_Epoch14": 0.004710078239440918, "Agent4_Epoch14": 0.005239665508270264, "Agent0_Epoch15": 0.003844022750854492, "Agent1_Epoch15": 0.004204928874969482, "Agent2_Epoch15": 0.004211783409118652, "Agent3_Epoch15": 0.004031479358673096, "Agent4_Epoch15": 0.004506826400756836, "Agent0_Epoch16": 0.0033521652221679688, "Agent1_Epoch16": 0.0036177635192871094, "Agent2_Epoch16": 0.003726661205291748, "Agent3_Epoch16": 0.003444969654083252, "Agent4_Epoch16": 0.003943681716918945, "Agent0_Epoch17": 0.0029374361038208008, "Agent1_Epoch17": 0.0031357407569885254, "Agent2_Epoch17": 0.0032835006713867188, "Agent3_Epoch17": 0.00318145751953125, "Agent4_Epoch17": 0.003399074077606201, "Agent0_Epoch18": 0.002562880516052246, "Agent1_Epoch18": 0.002711653709411621, "Agent2_Epoch18": 0.0028285980224609375, "Agent3_Epoch18": 0.0024917125701904297, "Agent4_Epoch18": 0.003048837184906006, "Agent0_Epoch19": 0.002139151096343994, "Agent1_Epoch19": 0.0022467374801635742, "Agent2_Epoch19": 0.002367258071899414, "Agent3_Epoch19": 0.0019685029983520508, "Agent4_Epoch19": 0.0025853514671325684, "Agent0_Epoch20": 0.0017147064208984375, "Agent1_Epoch20": 0.0017900466918945312, "Agent2_Epoch20": 0.0018726587295532227, "Agent3_Epoch20": 0.0015373826026916504, "Agent4_Epoch20": 0.002094566822052002, "Agent0_Epoch21": 0.001325845718383789, "Agent1_Epoch21": 0.0013766884803771973, "Agent2_Epoch21": 0.001395881175994873, "Agent3_Epoch21": 0.0012750029563903809, "Agent4_Epoch21": 0.0015038847923278809, "Agent0_Epoch22": 0.0009859204292297363, "Agent1_Epoch22": 0.0010187625885009766, "Agent2_Epoch22": 0.0010277032852172852, "Agent3_Epoch22": 0.0008840560913085938, "Agent4_Epoch22": 0.0011570453643798828, "Agent0_Epoch23": 0.0007102489471435547, "Agent1_Epoch23": 0.0007306337356567383, "Agent2_Epoch23": 0.0007412433624267578, "Agent3_Epoch23": 0.0006961226463317871, "Agent4_Epoch23": 0.0008001327514648438, "Agent0_Epoch24": 0.0005053281784057617, "Agent1_Epoch24": 0.0005178451538085938, "Agent2_Epoch24": 0.0005211234092712402, "Agent3_Epoch24": 0.0004843473434448242, "Agent4_Epoch24": 0.0005512237548828125, "Agent0_Epoch25": 0.00035065412521362305, "Agent1_Epoch25": 0.0003579854965209961, "Agent2_Epoch25": 0.0003624558448791504, "Agent3_Epoch25": 0.0003408193588256836, "Agent4_Epoch25": 0.00038295984268188477, "Agent0_Epoch26": 0.00024205446243286133, "Agent1_Epoch26": 0.00024622678756713867, "Agent2_Epoch26": 0.0002478361129760742, "Agent3_Epoch26": 0.00023728609085083008, "Agent4_Epoch26": 0.0002611875534057617, "Agent0_Epoch27": 0.00016516447067260742, "Agent1_Epoch27": 0.00016760826110839844, "Agent2_Epoch27": 0.00016838312149047852, "Agent3_Epoch27": 0.00016289949417114258, "Agent4_Epoch27": 0.00017768144607543945, "Agent0_Epoch28": 0.0001119375228881836, "Agent1_Epoch28": 0.00011330842971801758, "Agent2_Epoch28": 0.00011366605758666992, "Agent3_Epoch28": 0.00011014938354492188, "Agent4_Epoch28": 0.0001169443130493164, "Agent0_Epoch29": 7.492303848266602e-05, "Agent1_Epoch29": 7.557868957519531e-05, "Agent2_Epoch29": 7.605552673339844e-05, "Agent3_Epoch29": 7.390975952148438e-05, "Agent4_Epoch29": 7.849931716918945e-05, "Agent0_Epoch30": 5.0067901611328125e-05, "Agent1_Epoch30": 5.036592483520508e-05, "Agent2_Epoch30": 5.030632019042969e-05, "Agent3_Epoch30": 4.881620407104492e-05, "Agent4_Epoch30": 5.167722702026367e-05, "Agent0_Epoch31": 3.3020973205566406e-05, "Agent1_Epoch31": 3.314018249511719e-05, "Agent2_Epoch31": 3.319978713989258e-05, "Agent3_Epoch31": 3.272294998168945e-05, "Agent4_Epoch31": 3.4332275390625e-05, "Agent0_Epoch32": 2.1696090698242188e-05, "Agent1_Epoch32": 2.187490463256836e-05, "Agent2_Epoch32": 2.193450927734375e-05, "Agent3_Epoch32": 2.1517276763916016e-05, "Agent4_Epoch32": 2.2232532501220703e-05, "Agent0_Epoch33": 1.424551010131836e-05, "Agent1_Epoch33": 1.430511474609375e-05, "Agent2_Epoch33": 1.436471939086914e-05, "Agent3_Epoch33": 1.4126300811767578e-05, "Agent4_Epoch33": 1.4781951904296875e-05, "Agent0_Epoch34": 9.417533874511719e-06, "Agent1_Epoch34": 9.417533874511719e-06, "Agent2_Epoch34": 9.357929229736328e-06, "Agent3_Epoch34": 9.238719940185547e-06, "Agent4_Epoch34": 9.357929229736328e-06, "Agent0_Epoch35": 6.139278411865234e-06, "Agent1_Epoch35": 6.139278411865234e-06, "Agent2_Epoch35": 6.079673767089844e-06, "Agent3_Epoch35": 6.079673767089844e-06, "Agent4_Epoch35": 6.079673767089844e-06, "Agent0_Epoch36": 3.993511199951172e-06, "Agent1_Epoch36": 3.933906555175781e-06, "Agent2_Epoch36": 3.993511199951172e-06, "Agent3_Epoch36": 3.814697265625e-06, "Agent4_Epoch36": 3.993511199951172e-06, "Agent0_Epoch37": 2.5033950805664062e-06, "Agent1_Epoch37": 2.5033950805664062e-06, "Agent2_Epoch37": 2.6226043701171875e-06, "Agent3_Epoch37": 2.6226043701171875e-06, "Agent4_Epoch37": 2.5033950805664062e-06, "Agent0_Epoch38": 1.6689300537109375e-06, "Agent1_Epoch38": 1.6689300537109375e-06, "Agent2_Epoch38": 1.6689300537109375e-06, "Agent3_Epoch38": 1.6093254089355469e-06, "Agent4_Epoch38": 1.6689300537109375e-06, "Agent0_Epoch39": 1.1324882507324219e-06, "Agent1_Epoch39": 1.1324882507324219e-06, "Agent2_Epoch39": 1.1920928955078125e-06, "Agent3_Epoch39": 1.1324882507324219e-06, "Agent4_Epoch39": 1.1324882507324219e-06, "Agent0_Epoch40": 8.344650268554688e-07, "Agent1_Epoch40": 7.748603820800781e-07, "Agent2_Epoch40": 6.556510925292969e-07,