{"E1_agent0_norm": 2.7400801181793213, "E1_agent1_norm": 3.9084367752075195, "E1_agent2_norm": 3.951796293258667, "E1_agent3_norm": 3.698502779006958, "E1_agent4_norm": 4.384963035583496, "E2_agent0_norm": 2.3857195377349854, "E2_agent1_norm": 2.076616048812866, "E2_agent2_norm": 2.1717631816864014, "E2_agent3_norm": 1.8672102689743042, "E2_agent4_norm": 2.30045485496521, "E3_agent0_norm": 1.282139539718628, "E3_agent1_norm": 1.0696836709976196, "E3_agent2_norm": 1.0821908712387085, "E3_agent3_norm": 1.0456081628799438, "E3_agent4_norm": 1.1819608211517334, "E4_agent0_norm": 0.8385137319564819, "E4_agent1_norm": 0.7216169238090515, "E4_agent2_norm": 0.7240091562271118, "E4_agent3_norm": 0.767379641532898, "E4_agent4_norm": 0.8374003767967224, "E5_agent0_norm": 0.6493630409240723, "E5_agent1_norm": 0.5251844525337219, "E5_agent2_norm": 0.554756224155426, "E5_agent3_norm": 0.49691182374954224, "E5_agent4_norm": 0.5963925123214722, "E6_agent0_norm": 0.5495678782463074, "E6_agent1_norm": 0.42136573791503906, "E6_agent2_norm": 0.41918984055519104, "E6_agent3_norm": 0.4024827182292938, "E6_agent4_norm": 0.46910935640335083, "E7_agent0_norm": 0.46279409527778625, "E7_agent1_norm": 0.3177589774131775, "E7_agent2_norm": 0.3262692093849182, "E7_agent3_norm": 0.30038440227508545, "E7_agent4_norm": 0.3578563332557678, "E8_agent0_norm": 0.4407831132411957, "E8_agent1_norm": 0.24302075803279877, "E8_agent2_norm": 0.26180300116539, "E8_agent3_norm": 0.2410746067762375, "E8_agent4_norm": 0.2965417206287384, "E9_agent0_norm": 0.39832836389541626, "E9_agent1_norm": 0.1958044469356537, "E9_agent2_norm": 0.21398383378982544, "E9_agent3_norm": 0.18906494975090027, "E9_agent4_norm": 0.26321351528167725, "E10_agent0_norm": 0.3722057640552521, "E10_agent1_norm": 0.16517357528209686, "E10_agent2_norm": 0.17065024375915527, "E10_agent3_norm": 0.15196536481380463, "E10_agent4_norm": 0.18097348511219025, "E11_agent0_norm": 0.37892967462539673, "E11_agent1_norm": 0.1365727335214615, "E11_agent2_norm": 0.14157696068286896, "E11_agent3_norm": 0.13880614936351776, "E11_agent4_norm": 0.15823186933994293, "E12_agent0_norm": 0.3401992917060852, "E12_agent1_norm": 0.11512807011604309, "E12_agent2_norm": 0.11216433346271515, "E12_agent3_norm": 0.12452244758605957, "E12_agent4_norm": 0.14205525815486908, "E13_agent0_norm": 0.33070847392082214, "E13_agent1_norm": 0.09911943227052689, "E13_agent2_norm": 0.09578811377286911, "E13_agent3_norm": 0.10786668956279755, "E13_agent4_norm": 0.120792917907238, "E14_agent0_norm": 0.31432420015335083, "E14_agent1_norm": 0.09418501704931259, "E14_agent2_norm": 0.08811785280704498, "E14_agent3_norm": 0.09687986969947815, "E14_agent4_norm": 0.10778447240591049, "E15_agent0_norm": 0.30408117175102234, "E15_agent1_norm": 0.09353425353765488, "E15_agent2_norm": 0.07411620020866394, "E15_agent3_norm": 0.08707462251186371, "E15_agent4_norm": 0.09633628278970718, "E16_agent0_norm": 0.28476235270500183, "E16_agent1_norm": 0.08772332966327667, "E16_agent2_norm": 0.06710720807313919, "E16_agent3_norm": 0.0751124694943428, "E16_agent4_norm": 0.07806478440761566, "E17_agent0_norm": 0.2661406695842743, "E17_agent1_norm": 0.08985390514135361, "E17_agent2_norm": 0.06486376374959946, "E17_agent3_norm": 0.0777708888053894, "E17_agent4_norm": 0.0810733363032341, "E18_agent0_norm": 0.23923365771770477, "E18_agent1_norm": 0.07229748368263245, "E18_agent2_norm": 0.05638661980628967, "E18_agent3_norm": 0.0637994334101677, "E18_agent4_norm": 0.08391942828893661, "E19_agent0_norm": 0.18815632164478302, "E19_agent1_norm": 0.05655652657151222, "E19_agent2_norm": 0.049954045563936234, "E19_agent3_norm": 0.05756523460149765, "E19_agent4_norm": 0.09363477677106857, "E20_agent0_norm": 0.14030209183692932, "E20_agent1_norm": 0.04385136440396309, "E20_agent2_norm": 0.04193548858165741, "E20_agent3_norm": 0.05278439447283745, "E20_agent4_norm": 0.07902872562408447, "E21_agent0_norm": 0.10247407108545303, "E21_agent1_norm": 0.034210775047540665, "E21_agent2_norm": 0.032321445643901825, "E21_agent3_norm": 0.0444808267056942, "E21_agent4_norm": 0.05739826709032059, "E22_agent0_norm": 0.07183203101158142, "E22_agent1_norm": 0.021011870354413986, "E22_agent2_norm": 0.020595449954271317, "E22_agent3_norm": 0.026269739493727684, "E22_agent4_norm": 0.04777514562010765, "E23_agent0_norm": 0.050876785069704056, "E23_agent1_norm": 0.01578441634774208, "E23_agent2_norm": 0.014725588262081146, "E23_agent3_norm": 0.019894596189260483, "E23_agent4_norm": 0.02468968741595745, "E24_agent0_norm": 0.03739885985851288, "E24_agent1_norm": 0.01098616048693657, "E24_agent2_norm": 0.010792380198836327, "E24_agent3_norm": 0.01416857074946165, "E24_agent4_norm": 0.02135426551103592, "E25_agent0_norm": 0.026015935465693474, "E25_agent1_norm": 0.007540917489677668, "E25_agent2_norm": 0.007354324217885733, "E25_agent3_norm": 0.009628886356949806, "E25_agent4_norm": 0.015634335577487946, "E26_agent0_norm": 0.018823960795998573, "E26_agent1_norm": 0.005183245055377483, "E26_agent2_norm": 0.00516223581507802, "E26_agent3_norm": 0.005896863527595997, "E26_agent4_norm": 0.008951275609433651, "E27_agent0_norm": 0.013312525115907192, "E27_agent1_norm": 0.004089717753231525, "E27_agent2_norm": 0.0039235190488398075, "E27_agent3_norm": 0.00553620420396328, "E27_agent4_norm": 0.0069596003741025925, "E28_agent0_norm": 0.009465503506362438, "E28_agent1_norm": 0.002761546289548278, "E28_agent2_norm": 0.002740517957136035, "E28_agent3_norm": 0.00392364664003253, "E28_agent4_norm": 0.005674254149198532, "E29_agent0_norm": 0.006603438872843981, "E29_agent1_norm": 0.0018840074772015214, "E29_agent2_norm": 0.0018921343144029379, "E29_agent3_norm": 0.002819931833073497, "E29_agent4_norm": 0.002964299637824297, "E30_agent0_norm": 0.004668219480663538, "E30_agent1_norm": 0.001250709523446858, "E30_agent2_norm": 0.0012751431204378605, "E30_agent3_norm": 0.0018089782679453492, "E30_agent4_norm": 0.0025843875482678413, "E31_agent0_norm": 0.0033128538634628057, "E31_agent1_norm": 0.0009095601853914559, "E31_agent2_norm": 0.0009103716583922505, "E31_agent3_norm": 0.0014537994284182787, "E31_agent4_norm": 0.001795969670638442, "E32_agent0_norm": 0.002303699031472206, "E32_agent1_norm": 0.0006368241738528013, "E32_agent2_norm": 0.0006319045787677169, "E32_agent3_norm": 0.0010283739538863301, "E32_agent4_norm": 0.0012066581984981894, "E33_agent0_norm": 0.001625178032554686, "E33_agent1_norm": 0.0004075673350598663, "E33_agent2_norm": 0.0004399075696710497, "E33_agent3_norm": 0.0004836799344047904, "E33_agent4_norm": 0.00071096105966717, "E34_agent0_norm": 0.0011405650293454528, "E34_agent1_norm": 0.00030926495674066246, "E34_agent2_norm": 0.00030758444336242974, "E34_agent3_norm": 0.0005298170144669712, "E34_agent4_norm": 0.0006761872209608555, "E35_agent0_norm": 0.0007988080615177751, "E35_agent1_norm": 0.00021161687618587166, "E35_agent2_norm": 0.00021529440709855407, "E35_agent3_norm": 0.00030748933204449713, "E35_agent4_norm": 0.0004771366948261857, "E36_agent0_norm": 0.0005663317278958857, "E36_agent1_norm": 0.00015514408005401492, "E36_agent2_norm": 0.00015499882283620536, "E36_agent3_norm": 0.0002546282485127449, "E36_agent4_norm": 0.00028426037169992924, "E37_agent0_norm": 0.000399420183384791, "E37_agent1_norm": 0.00011799336789408699, "E37_agent2_norm": 0.00011279228783678263, "E37_agent3_norm": 0.00022037116286810488, "E37_agent4_norm": 0.00022734439698979259, "E38_agent0_norm": 0.0002793273888528347, "E38_agent1_norm": 7.409987301798537e-05, "E38_agent2_norm": 7.541637751273811e-05, "E38_agent3_norm": 0.00010267301695421338, "E38_agent4_norm": 0.00015042198356240988, "E39_agent0_norm": 0.00019477511523291469, "E39_agent1_norm": 5.4197302233660594e-05, "E39_agent2_norm": 5.299924669088796e-05, "E39_agent3_norm": 8.570517093176022e-05, "E39_agent4_norm": 8.986170723801479e-05, "E40_agent0_norm": 0.00013632829359266907, "E40_agent1_norm": 3.6690242268377915e-05, "E40_agent2_norm": 3.6657744203694165e-05,