{"E1_agent0_norm": 2.6234793663024902, "E1_agent1_norm": 3.8987045288085938, "E1_agent2_norm": 3.9734532833099365, "E1_agent3_norm": 3.5840156078338623, "E1_agent4_norm": 4.276737213134766, "E2_agent0_norm": 2.3518624305725098, "E2_agent1_norm": 1.9457193613052368, "E2_agent2_norm": 2.0672030448913574, "E2_agent3_norm": 1.8037117719650269, "E2_agent4_norm": 2.1959238052368164, "E3_agent0_norm": 1.2902904748916626, "E3_agent1_norm": 1.0243500471115112, "E3_agent2_norm": 0.9992140531539917, "E3_agent3_norm": 0.9506626725196838, "E3_agent4_norm": 1.2237348556518555, "E4_agent0_norm": 0.8428307175636292, "E4_agent1_norm": 0.7162253856658936, "E4_agent2_norm": 0.6761561036109924, "E4_agent3_norm": 0.6272889375686646, "E4_agent4_norm": 0.8651873469352722, "E5_agent0_norm": 0.6155675649642944, "E5_agent1_norm": 0.5076920390129089, "E5_agent2_norm": 0.5060545206069946, "E5_agent3_norm": 0.4517620801925659, "E5_agent4_norm": 0.5698118805885315, "E6_agent0_norm": 0.526283323764801, "E6_agent1_norm": 0.39503178000450134, "E6_agent2_norm": 0.3918215036392212, "E6_agent3_norm": 0.3689700663089752, "E6_agent4_norm": 0.46523553133010864, "E7_agent0_norm": 0.4604257047176361, "E7_agent1_norm": 0.31634271144866943, "E7_agent2_norm": 0.3100215196609497, "E7_agent3_norm": 0.2910650670528412, "E7_agent4_norm": 0.35848137736320496, "E8_agent0_norm": 0.39270755648612976, "E8_agent1_norm": 0.2526608407497406, "E8_agent2_norm": 0.24812419712543488, "E8_agent3_norm": 0.23620030283927917, "E8_agent4_norm": 0.28976136445999146, "E9_agent0_norm": 0.38231298327445984, "E9_agent1_norm": 0.21511638164520264, "E9_agent2_norm": 0.20370721817016602, "E9_agent3_norm": 0.20728076994419098, "E9_agent4_norm": 0.2602832615375519, "E10_agent0_norm": 0.3568629026412964, "E10_agent1_norm": 0.16635727882385254, "E10_agent2_norm": 0.16053350269794464, "E10_agent3_norm": 0.18327075242996216, "E10_agent4_norm": 0.20419155061244965, "E11_agent0_norm": 0.3247748613357544, "E11_agent1_norm": 0.14748767018318176, "E11_agent2_norm": 0.14046810567378998, "E11_agent3_norm": 0.14300580322742462, "E11_agent4_norm": 0.17251642048358917, "E12_agent0_norm": 0.32114145159721375, "E12_agent1_norm": 0.1204533725976944, "E12_agent2_norm": 0.11094088107347488, "E12_agent3_norm": 0.1267547905445099, "E12_agent4_norm": 0.14350521564483643, "E13_agent0_norm": 0.29383593797683716, "E13_agent1_norm": 0.10147204250097275, "E13_agent2_norm": 0.09580545127391815, "E13_agent3_norm": 0.11924321204423904, "E13_agent4_norm": 0.12313990294933319, "E14_agent0_norm": 0.2790607511997223, "E14_agent1_norm": 0.09273567795753479, "E14_agent2_norm": 0.08260234445333481, "E14_agent3_norm": 0.11285699903964996, "E14_agent4_norm": 0.10711438208818436, "E15_agent0_norm": 0.2664155960083008, "E15_agent1_norm": 0.0837988629937172, "E15_agent2_norm": 0.07440581917762756, "E15_agent3_norm": 0.09833533316850662, "E15_agent4_norm": 0.09055865556001663, "E16_agent0_norm": 0.2539776861667633, "E16_agent1_norm": 0.08229570090770721, "E16_agent2_norm": 0.07274210453033447, "E16_agent3_norm": 0.08733047544956207, "E16_agent4_norm": 0.08594387024641037, "E17_agent0_norm": 0.23280289769172668, "E17_agent1_norm": 0.07608041167259216, "E17_agent2_norm": 0.0663767158985138, "E17_agent3_norm": 0.07056374847888947, "E17_agent4_norm": 0.07294319570064545, "E18_agent0_norm": 0.2159455120563507, "E18_agent1_norm": 0.06643795967102051, "E18_agent2_norm": 0.06020554527640343, "E18_agent3_norm": 0.06201130524277687, "E18_agent4_norm": 0.07354975491762161, "E19_agent0_norm": 0.17652572691440582, "E19_agent1_norm": 0.058581627905368805, "E19_agent2_norm": 0.05531715229153633, "E19_agent3_norm": 0.059274159371852875, "E19_agent4_norm": 0.08044824749231339, "E20_agent0_norm": 0.13666418194770813, "E20_agent1_norm": 0.04574286565184593, "E20_agent2_norm": 0.048470403999090195, "E20_agent3_norm": 0.05118408054113388, "E20_agent4_norm": 0.08797173202037811, "E21_agent0_norm": 0.09899229556322098, "E21_agent1_norm": 0.03432402387261391, "E21_agent2_norm": 0.036173488944768906, "E21_agent3_norm": 0.04153577610850334, "E21_agent4_norm": 0.08040645718574524, "E22_agent0_norm": 0.06976885348558426, "E22_agent1_norm": 0.024023203179240227, "E22_agent2_norm": 0.02565506473183632, "E22_agent3_norm": 0.030565045773983, "E22_agent4_norm": 0.05070563033223152, "E23_agent0_norm": 0.05094314366579056, "E23_agent1_norm": 0.016956262290477753, "E23_agent2_norm": 0.017251327633857727, "E23_agent3_norm": 0.020237943157553673, "E23_agent4_norm": 0.04087028652429581, "E24_agent0_norm": 0.03517457842826843, "E24_agent1_norm": 0.011536723002791405, "E24_agent2_norm": 0.012502321973443031, "E24_agent3_norm": 0.013854027725756168, "E24_agent4_norm": 0.02623102068901062, "E25_agent0_norm": 0.024980708956718445, "E25_agent1_norm": 0.008057982660830021, "E25_agent2_norm": 0.008325595408678055, "E25_agent3_norm": 0.009779672138392925, "E25_agent4_norm": 0.019668756052851677, "E26_agent0_norm": 0.017724746838212013, "E26_agent1_norm": 0.0056870803236961365, "E26_agent2_norm": 0.005991968791931868, "E26_agent3_norm": 0.0072938804514706135, "E26_agent4_norm": 0.014579723589122295, "E27_agent0_norm": 0.012725986540317535, "E27_agent1_norm": 0.003996614366769791, "E27_agent2_norm": 0.004478646907955408, "E27_agent3_norm": 0.005591750144958496, "E27_agent4_norm": 0.009057248942553997, "E28_agent0_norm": 0.008990895003080368, "E28_agent1_norm": 0.0027337109204381704, "E28_agent2_norm": 0.003036963287740946, "E28_agent3_norm": 0.0035811844281852245, "E28_agent4_norm": 0.005292659159749746, "E29_agent0_norm": 0.006212969776242971, "E29_agent1_norm": 0.001884843222796917, "E29_agent2_norm": 0.002018663566559553, "E29_agent3_norm": 0.0023996958043426275, "E29_agent4_norm": 0.004907326772809029, "E30_agent0_norm": 0.0045465570874512196, "E30_agent1_norm": 0.0013768317876383662, "E30_agent2_norm": 0.0015388779575005174, "E30_agent3_norm": 0.0019921318162232637, "E30_agent4_norm": 0.0033420315012335777, "E31_agent0_norm": 0.0031477552838623524, "E31_agent1_norm": 0.000939185731112957, "E31_agent2_norm": 0.0009999899193644524, "E31_agent3_norm": 0.0011327958200126886, "E31_agent4_norm": 0.002428187523037195, "E32_agent0_norm": 0.0022204257547855377, "E32_agent1_norm": 0.000654588860925287, "E32_agent2_norm": 0.000712151697371155, "E32_agent3_norm": 0.0008218678995035589, "E32_agent4_norm": 0.0013662345008924603, "E33_agent0_norm": 0.0015437963884323835, "E33_agent1_norm": 0.0004699493001680821, "E33_agent2_norm": 0.0005053519271314144, "E33_agent3_norm": 0.0007289446657523513, "E33_agent4_norm": 0.0008880930836312473, "E34_agent0_norm": 0.0010822309413924813, "E34_agent1_norm": 0.00032818110776133835, "E34_agent2_norm": 0.000363360857591033, "E34_agent3_norm": 0.0005223914049565792, "E34_agent4_norm": 0.000734437198843807, "E35_agent0_norm": 0.0007672125939279795, "E35_agent1_norm": 0.00023054564371705055, "E35_agent2_norm": 0.00025228585582226515, "E35_agent3_norm": 0.0003797055978793651, "E35_agent4_norm": 0.00045597439748235047, "E36_agent0_norm": 0.0005440161330625415, "E36_agent1_norm": 0.00015955856360960752, "E36_agent2_norm": 0.00017328059766441584, "E36_agent3_norm": 0.00023303339548874646, "E36_agent4_norm": 0.0003287505533080548, "E37_agent0_norm": 0.0003754317876882851, "E37_agent1_norm": 0.00011167799675604329, "E37_agent2_norm": 0.00012089327356079593, "E37_agent3_norm": 0.0001635812659515068, "E37_agent4_norm": 0.0002338058693567291, "E38_agent0_norm": 0.00026504401466809213, "E38_agent1_norm": 7.893874135334045e-05, "E38_agent2_norm": 8.412676106672734e-05, "E38_agent3_norm": 0.000106479310488794, "E38_agent4_norm": 0.0001837054587667808, "E39_agent0_norm": 0.00018809748871717602, "E39_agent1_norm": 5.470195537782274e-05, "E39_agent2_norm": 5.951838829787448e-05, "E39_agent3_norm": 7.452877616742626e-05, "E39_agent4_norm": 0.00011456498032202944, "E40_agent0_norm": 0.00013148001744411886, "E40_agent1_norm": 3.9188416849356145e-05, "E40_agent2_norm": 4.319127765484154e-05,