{"E1_agent0_norm": 2.486328601837158, "E1_agent1_norm": 4.038600921630859, "E1_agent2_norm": 3.925626516342163, "E1_agent3_norm": 3.677112579345703, "E1_agent4_norm": 4.191278457641602, "E2_agent0_norm": 2.4467685222625732, "E2_agent1_norm": 2.10518479347229, "E2_agent2_norm": 1.9464669227600098, "E2_agent3_norm": 1.793381929397583, "E2_agent4_norm": 2.254215717315674, "E3_agent0_norm": 1.2772927284240723, "E3_agent1_norm": 1.0893990993499756, "E3_agent2_norm": 1.032232642173767, "E3_agent3_norm": 0.9116711020469666, "E3_agent4_norm": 1.203721523284912, "E4_agent0_norm": 0.8247103095054626, "E4_agent1_norm": 0.752000629901886, "E4_agent2_norm": 0.7221295237541199, "E4_agent3_norm": 0.6544068455696106, "E4_agent4_norm": 0.8543142080307007, "E5_agent0_norm": 0.6111655831336975, "E5_agent1_norm": 0.5434064865112305, "E5_agent2_norm": 0.5219812393188477, "E5_agent3_norm": 0.48210927844047546, "E5_agent4_norm": 0.5480467677116394, "E6_agent0_norm": 0.5256611108779907, "E6_agent1_norm": 0.4034181237220764, "E6_agent2_norm": 0.40665578842163086, "E6_agent3_norm": 0.370054692029953, "E6_agent4_norm": 0.4659160077571869, "E7_agent0_norm": 0.4446667432785034, "E7_agent1_norm": 0.3067221939563751, "E7_agent2_norm": 0.3098900616168976, "E7_agent3_norm": 0.2876618504524231, "E7_agent4_norm": 0.36484935879707336, "E8_agent0_norm": 0.4122743606567383, "E8_agent1_norm": 0.2517696022987366, "E8_agent2_norm": 0.2559276521205902, "E8_agent3_norm": 0.22267556190490723, "E8_agent4_norm": 0.28113487362861633, "E9_agent0_norm": 0.37676337361335754, "E9_agent1_norm": 0.19619077444076538, "E9_agent2_norm": 0.20259982347488403, "E9_agent3_norm": 0.17826883494853973, "E9_agent4_norm": 0.21547436714172363, "E10_agent0_norm": 0.36759787797927856, "E10_agent1_norm": 0.17082764208316803, "E10_agent2_norm": 0.15898144245147705, "E10_agent3_norm": 0.15379415452480316, "E10_agent4_norm": 0.2188941240310669, "E11_agent0_norm": 0.34576261043548584, "E11_agent1_norm": 0.14486773312091827, "E11_agent2_norm": 0.14513711631298065, "E11_agent3_norm": 0.1381857544183731, "E11_agent4_norm": 0.14970289170742035, "E12_agent0_norm": 0.31978335976600647, "E12_agent1_norm": 0.12154723703861237, "E12_agent2_norm": 0.12120106816291809, "E12_agent3_norm": 0.12869736552238464, "E12_agent4_norm": 0.13644066452980042, "E13_agent0_norm": 0.32459884881973267, "E13_agent1_norm": 0.09450165182352066, "E13_agent2_norm": 0.10442903637886047, "E13_agent3_norm": 0.10427098721265793, "E13_agent4_norm": 0.12071193009614944, "E14_agent0_norm": 0.29766833782196045, "E14_agent1_norm": 0.08312617242336273, "E14_agent2_norm": 0.09452106058597565, "E14_agent3_norm": 0.09487568587064743, "E14_agent4_norm": 0.09962808340787888, "E15_agent0_norm": 0.29433536529541016, "E15_agent1_norm": 0.07633690536022186, "E15_agent2_norm": 0.09229060262441635, "E15_agent3_norm": 0.0892367884516716, "E15_agent4_norm": 0.0944618284702301, "E16_agent0_norm": 0.274406760931015, "E16_agent1_norm": 0.07168497890233994, "E16_agent2_norm": 0.08553504198789597, "E16_agent3_norm": 0.07788349688053131, "E16_agent4_norm": 0.08943396806716919, "E17_agent0_norm": 0.25399094820022583, "E17_agent1_norm": 0.07038748264312744, "E17_agent2_norm": 0.0807732418179512, "E17_agent3_norm": 0.07100416719913483, "E17_agent4_norm": 0.08836396038532257, "E18_agent0_norm": 0.22632765769958496, "E18_agent1_norm": 0.06660270690917969, "E18_agent2_norm": 0.0678972601890564, "E18_agent3_norm": 0.0644516870379448, "E18_agent4_norm": 0.08551672101020813, "E19_agent0_norm": 0.17811094224452972, "E19_agent1_norm": 0.05323432758450508, "E19_agent2_norm": 0.05206948518753052, "E19_agent3_norm": 0.05024049058556557, "E19_agent4_norm": 0.0830807313323021, "E20_agent0_norm": 0.1332520842552185, "E20_agent1_norm": 0.04180781915783882, "E20_agent2_norm": 0.04100332036614418, "E20_agent3_norm": 0.04401414468884468, "E20_agent4_norm": 0.06795965135097504, "E21_agent0_norm": 0.09570429474115372, "E21_agent1_norm": 0.032981470227241516, "E21_agent2_norm": 0.03340822085738182, "E21_agent3_norm": 0.04086020216345787, "E21_agent4_norm": 0.04625916853547096, "E22_agent0_norm": 0.06831233203411102, "E22_agent1_norm": 0.023141076788306236, "E22_agent2_norm": 0.022330475971102715, "E22_agent3_norm": 0.027723634615540504, "E22_agent4_norm": 0.04254757612943649, "E23_agent0_norm": 0.0485309474170208, "E23_agent1_norm": 0.015355793759226799, "E23_agent2_norm": 0.015304642729461193, "E23_agent3_norm": 0.018076280131936073, "E23_agent4_norm": 0.02016925998032093, "E24_agent0_norm": 0.034813784062862396, "E24_agent1_norm": 0.010163169354200363, "E24_agent2_norm": 0.010270862840116024, "E24_agent3_norm": 0.010727638378739357, "E24_agent4_norm": 0.018798084929585457, "E25_agent0_norm": 0.024504076689481735, "E25_agent1_norm": 0.007378285750746727, "E25_agent2_norm": 0.007425691932439804, "E25_agent3_norm": 0.009233608841896057, "E25_agent4_norm": 0.012475898489356041, "E26_agent0_norm": 0.017617804929614067, "E26_agent1_norm": 0.005159557331353426, "E26_agent2_norm": 0.005383558105677366, "E26_agent3_norm": 0.006391508970409632, "E26_agent4_norm": 0.009410045109689236, "E27_agent0_norm": 0.012650806456804276, "E27_agent1_norm": 0.0036897193640470505, "E27_agent2_norm": 0.003808391047641635, "E27_agent3_norm": 0.004747944884002209, "E27_agent4_norm": 0.006008797325193882, "E28_agent0_norm": 0.009020746685564518, "E28_agent1_norm": 0.0026451917365193367, "E28_agent2_norm": 0.002728598192334175, "E28_agent3_norm": 0.0037438382860273123, "E28_agent4_norm": 0.004809550009667873, "E29_agent0_norm": 0.006355748046189547, "E29_agent1_norm": 0.0018410669872537255, "E29_agent2_norm": 0.0019467558013275266, "E29_agent3_norm": 0.0028255342040210962, "E29_agent4_norm": 0.003187639871612191, "E30_agent0_norm": 0.004492238629609346, "E30_agent1_norm": 0.0012629767879843712, "E30_agent2_norm": 0.0013312511146068573, "E30_agent3_norm": 0.001722626737318933, "E30_agent4_norm": 0.002018521074205637, "E31_agent0_norm": 0.0031944066286087036, "E31_agent1_norm": 0.0008869536686688662, "E31_agent2_norm": 0.0009565079817548394, "E31_agent3_norm": 0.0012049347860738635, "E31_agent4_norm": 0.0016269180923700333, "E32_agent0_norm": 0.002232056111097336, "E32_agent1_norm": 0.0006305200513452291, "E32_agent2_norm": 0.0006770274485461414, "E32_agent3_norm": 0.0009339136304333806, "E32_agent4_norm": 0.0011865516426041722, "E33_agent0_norm": 0.0015988443046808243, "E33_agent1_norm": 0.000430108979344368, "E33_agent2_norm": 0.00047375421854667366, "E33_agent3_norm": 0.0005473258206620812, "E33_agent4_norm": 0.0006864647730253637, "E34_agent0_norm": 0.001121890265494585, "E34_agent1_norm": 0.00031262647826224566, "E34_agent2_norm": 0.00033531131339259446, "E34_agent3_norm": 0.0005036239745095372, "E34_agent4_norm": 0.0005406353739090264, "E35_agent0_norm": 0.0007924893870949745, "E35_agent1_norm": 0.00021665664098691195, "E35_agent2_norm": 0.0002364875836065039, "E35_agent3_norm": 0.00027020074776373804, "E35_agent4_norm": 0.000413481640862301, "E36_agent0_norm": 0.0005498059908859432, "E36_agent1_norm": 0.00014968945470172912, "E36_agent2_norm": 0.00016221114492509514, "E36_agent3_norm": 0.00019572573364712298, "E36_agent4_norm": 0.0002471626503393054, "E37_agent0_norm": 0.0003872629313264042, "E37_agent1_norm": 0.00010776231647469103, "E37_agent2_norm": 0.00011798356717918068, "E37_agent3_norm": 0.00016637939552310854, "E37_agent4_norm": 0.00019838845764752477, "E38_agent0_norm": 0.0002700810437090695, "E38_agent1_norm": 7.478008774342015e-05, "E38_agent2_norm": 8.195878763217479e-05, "E38_agent3_norm": 9.172159479930997e-05, "E38_agent4_norm": 0.0001336287532467395, "E39_agent0_norm": 0.00019043698557652533, "E39_agent1_norm": 5.4418083891505376e-05, "E39_agent2_norm": 5.9216879890300333e-05, "E39_agent3_norm": 9.090530511457473e-05, "E39_agent4_norm": 9.995770233217627e-05, "E40_agent0_norm": 0.00013360995217226446, "E40_agent1_norm": 3.719630331033841e-05, "E40_agent2_norm": 4.082537270733155e-05,