{"Agent0_Epoch1": 0.31683599948883057, "Agent1_Epoch1": 0.2702792286872864, "Agent2_Epoch1": 0.9956810474395752, "Agent3_Epoch1": 0.9967206716537476, "Agent4_Epoch1": 0.9943124651908875, "Agent0_Epoch2": 0.09513622522354126, "Agent1_Epoch2": 0.2912382483482361, "Agent2_Epoch2": 0.33427441120147705, "Agent3_Epoch2": 0.32108402252197266, "Agent4_Epoch2": 0.3482375144958496, "Agent0_Epoch3": 0.06501168012619019, "Agent1_Epoch3": 0.17189931869506836, "Agent2_Epoch3": 0.18242299556732178, "Agent3_Epoch3": 0.17409920692443848, "Agent4_Epoch3": 0.1968458890914917, "Agent0_Epoch4": 0.04579561948776245, "Agent1_Epoch4": 0.10307610034942627, "Agent2_Epoch4": 0.10667204856872559, "Agent3_Epoch4": 0.10094338655471802, "Agent4_Epoch4": 0.11174798011779785, "Agent0_Epoch5": 0.03273838758468628, "Agent1_Epoch5": 0.06368505954742432, "Agent2_Epoch5": 0.06352084875106812, "Agent3_Epoch5": 0.06327509880065918, "Agent4_Epoch5": 0.06874221563339233, "Agent0_Epoch6": 0.023907840251922607, "Agent1_Epoch6": 0.04110729694366455, "Agent2_Epoch6": 0.04075777530670166, "Agent3_Epoch6": 0.04017674922943115, "Agent4_Epoch6": 0.04448288679122925, "Agent0_Epoch7": 0.017841637134552002, "Agent1_Epoch7": 0.027665793895721436, "Agent2_Epoch7": 0.02752518653869629, "Agent3_Epoch7": 0.02641063928604126, "Agent4_Epoch7": 0.030785679817199707, "Agent0_Epoch8": 0.01372671127319336, "Agent1_Epoch8": 0.01953786611557007, "Agent2_Epoch8": 0.01887434720993042, "Agent3_Epoch8": 0.01858389377593994, "Agent4_Epoch8": 0.0209847092628479, "Agent0_Epoch9": 0.010732710361480713, "Agent1_Epoch9": 0.014301836490631104, "Agent2_Epoch9": 0.013911128044128418, "Agent3_Epoch9": 0.013577103614807129, "Agent4_Epoch9": 0.01567971706390381, "Agent0_Epoch10": 0.008613765239715576, "Agent1_Epoch10": 0.010891616344451904, "Agent2_Epoch10": 0.010765433311462402, "Agent3_Epoch10": 0.01045072078704834, "Agent4_Epoch10": 0.011944353580474854, "Agent0_Epoch11": 0.007104933261871338, "Agent1_Epoch11": 0.008616328239440918, "Agent2_Epoch11": 0.008493244647979736, "Agent3_Epoch11": 0.0079725980758667, "Agent4_Epoch11": 0.009375989437103271, "Agent0_Epoch12": 0.005984127521514893, "Agent1_Epoch12": 0.007016777992248535, "Agent2_Epoch12": 0.006970822811126709, "Agent3_Epoch12": 0.006578266620635986, "Agent4_Epoch12": 0.007624983787536621, "Agent0_Epoch13": 0.005095839500427246, "Agent1_Epoch13": 0.005818068981170654, "Agent2_Epoch13": 0.005802333354949951, "Agent3_Epoch13": 0.005496561527252197, "Agent4_Epoch13": 0.006388366222381592, "Agent0_Epoch14": 0.0044329166412353516, "Agent1_Epoch14": 0.004954695701599121, "Agent2_Epoch14": 0.0049651265144348145, "Agent3_Epoch14": 0.004635274410247803, "Agent4_Epoch14": 0.0055176615715026855, "Agent0_Epoch15": 0.003913462162017822, "Agent1_Epoch15": 0.00429922342300415, "Agent2_Epoch15": 0.004314601421356201, "Agent3_Epoch15": 0.0040122270584106445, "Agent4_Epoch15": 0.004656851291656494, "Agent0_Epoch16": 0.0034756064414978027, "Agent1_Epoch16": 0.0037653446197509766, "Agent2_Epoch16": 0.003845393657684326, "Agent3_Epoch16": 0.0034032464027404785, "Agent4_Epoch16": 0.004103422164916992, "Agent0_Epoch17": 0.00306624174118042, "Agent1_Epoch17": 0.0032843351364135742, "Agent2_Epoch17": 0.003425419330596924, "Agent3_Epoch17": 0.002826392650604248, "Agent4_Epoch17": 0.003766357898712158, "Agent0_Epoch18": 0.0026703476905822754, "Agent1_Epoch18": 0.002834141254425049, "Agent2_Epoch18": 0.0029388070106506348, "Agent3_Epoch18": 0.0023001432418823242, "Agent4_Epoch18": 0.0033934712409973145, "Agent0_Epoch19": 0.0022413134574890137, "Agent1_Epoch19": 0.0023605823516845703, "Agent2_Epoch19": 0.0024053454399108887, "Agent3_Epoch19": 0.001963019371032715, "Agent4_Epoch19": 0.002771914005279541, "Agent0_Epoch20": 0.0017938613891601562, "Agent1_Epoch20": 0.001877129077911377, "Agent2_Epoch20": 0.0018877387046813965, "Agent3_Epoch20": 0.0016571879386901855, "Agent4_Epoch20": 0.002141714096069336, "Agent0_Epoch21": 0.0013760924339294434, "Agent1_Epoch21": 0.001431882381439209, "Agent2_Epoch21": 0.001456141471862793, "Agent3_Epoch21": 0.0012676119804382324, "Agent4_Epoch21": 0.0016840100288391113, "Agent0_Epoch22": 0.0010274052619934082, "Agent1_Epoch22": 0.0010635852813720703, "Agent2_Epoch22": 0.0010659098625183105, "Agent3_Epoch22": 0.0009513497352600098, "Agent4_Epoch22": 0.0011704564094543457, "Agent0_Epoch23": 0.0007390379905700684, "Agent1_Epoch23": 0.000761568546295166, "Agent2_Epoch23": 0.0007638931274414062, "Agent3_Epoch23": 0.0006783604621887207, "Agent4_Epoch23": 0.0008361935615539551, "Agent0_Epoch24": 0.0005211234092712402, "Agent1_Epoch24": 0.0005345940589904785, "Agent2_Epoch24": 0.0005295872688293457, "Agent3_Epoch24": 0.0004913210868835449, "Agent4_Epoch24": 0.0005663633346557617, "Agent0_Epoch25": 0.0003603696823120117, "Agent1_Epoch25": 0.0003681182861328125, "Agent2_Epoch25": 0.0003667473793029785, "Agent3_Epoch25": 0.0003504753112792969, "Agent4_Epoch25": 0.00039005279541015625, "Agent0_Epoch26": 0.0002466440200805664, "Agent1_Epoch26": 0.0002511739730834961, "Agent2_Epoch26": 0.0002529621124267578, "Agent3_Epoch26": 0.00024127960205078125, "Agent4_Epoch26": 0.0002669095993041992, "Agent0_Epoch27": 0.0001677870750427246, "Agent1_Epoch27": 0.0001704096794128418, "Agent2_Epoch27": 0.00017076730728149414, "Agent3_Epoch27": 0.00016117095947265625, "Agent4_Epoch27": 0.00017726421356201172, "Agent0_Epoch28": 0.00011289119720458984, "Agent1_Epoch28": 0.00011444091796875, "Agent2_Epoch28": 0.00011426210403442383, "Agent3_Epoch28": 0.0001112818717956543, "Agent4_Epoch28": 0.00011736154556274414, "Agent0_Epoch29": 7.56382942199707e-05, "Agent1_Epoch29": 7.635354995727539e-05, "Agent2_Epoch29": 7.659196853637695e-05, "Agent3_Epoch29": 7.408857345581055e-05, "Agent4_Epoch29": 7.838010787963867e-05, "Agent0_Epoch30": 5.0187110900878906e-05, "Agent1_Epoch30": 5.066394805908203e-05, "Agent2_Epoch30": 5.066394805908203e-05, "Agent3_Epoch30": 4.9173831939697266e-05, "Agent4_Epoch30": 5.1856040954589844e-05, "Agent0_Epoch31": 3.30805778503418e-05, "Agent1_Epoch31": 3.343820571899414e-05, "Agent2_Epoch31": 3.355741500854492e-05, "Agent3_Epoch31": 3.260374069213867e-05, "Agent4_Epoch31": 3.427267074584961e-05, "Agent0_Epoch32": 2.193450927734375e-05, "Agent1_Epoch32": 2.187490463256836e-05, "Agent2_Epoch32": 2.199411392211914e-05, "Agent3_Epoch32": 2.1576881408691406e-05, "Agent4_Epoch32": 2.2411346435546875e-05, "Agent0_Epoch33": 1.430511474609375e-05, "Agent1_Epoch33": 1.4424324035644531e-05, "Agent2_Epoch33": 1.430511474609375e-05, "Agent3_Epoch33": 1.4066696166992188e-05, "Agent4_Epoch33": 1.4603137969970703e-05, "Agent0_Epoch34": 9.357929229736328e-06, "Agent1_Epoch34": 9.298324584960938e-06, "Agent2_Epoch34": 9.417533874511719e-06, "Agent3_Epoch34": 9.298324584960938e-06, "Agent4_Epoch34": 9.47713851928711e-06, "Agent0_Epoch35": 6.198883056640625e-06, "Agent1_Epoch35": 6.198883056640625e-06, "Agent2_Epoch35": 6.198883056640625e-06, "Agent3_Epoch35": 6.139278411865234e-06, "Agent4_Epoch35": 6.139278411865234e-06, "Agent0_Epoch36": 3.993511199951172e-06, "Agent1_Epoch36": 3.874301910400391e-06, "Agent2_Epoch36": 4.112720489501953e-06, "Agent3_Epoch36": 3.993511199951172e-06, "Agent4_Epoch36": 3.993511199951172e-06, "Agent0_Epoch37": 2.6226043701171875e-06, "Agent1_Epoch37": 2.6226043701171875e-06, "Agent2_Epoch37": 2.6226043701171875e-06, "Agent3_Epoch37": 2.5033950805664062e-06, "Agent4_Epoch37": 2.6226043701171875e-06, "Agent0_Epoch38": 1.6689300537109375e-06, "Agent1_Epoch38": 1.6689300537109375e-06, "Agent2_Epoch38": 1.6689300537109375e-06, "Agent3_Epoch38": 1.5497207641601562e-06, "Agent4_Epoch38": 1.5497207641601562e-06, "Agent0_Epoch39": 1.1324882507324219e-06, "Agent1_Epoch39": 1.1324882507324219e-06, "Agent2_Epoch39": 1.1324882507324219e-06, "Agent3_Epoch39": 1.0132789611816406e-06, "Agent4_Epoch39": 1.1324882507324219e-06, "Agent0_Epoch40": 6.556510925292969e-07, "Agent1_Epoch40": 6.556510925292969e-07, "Agent2_Epoch40": 7.152557373046875e-07,