{"E1_agent0_norm": 2.5560195446014404, "E1_agent1_norm": 3.867398738861084, "E1_agent2_norm": 3.9536406993865967, "E1_agent3_norm": 3.297457456588745, "E1_agent4_norm": 4.249175548553467, "E2_agent0_norm": 2.501051664352417, "E2_agent1_norm": 2.2378218173980713, "E2_agent2_norm": 2.1426522731781006, "E2_agent3_norm": 1.9507124423980713, "E2_agent4_norm": 2.329169750213623, "E3_agent0_norm": 1.2834972143173218, "E3_agent1_norm": 1.100928783416748, "E3_agent2_norm": 1.082068681716919, "E3_agent3_norm": 0.9359468817710876, "E3_agent4_norm": 1.2088866233825684, "E4_agent0_norm": 0.8497997522354126, "E4_agent1_norm": 0.7257943153381348, "E4_agent2_norm": 0.7558553218841553, "E4_agent3_norm": 0.677486777305603, "E4_agent4_norm": 0.7892003059387207, "E5_agent0_norm": 0.6507807970046997, "E5_agent1_norm": 0.5610901117324829, "E5_agent2_norm": 0.5457758903503418, "E5_agent3_norm": 0.48688942193984985, "E5_agent4_norm": 0.6348971128463745, "E6_agent0_norm": 0.5111663937568665, "E6_agent1_norm": 0.4119645059108734, "E6_agent2_norm": 0.39848095178604126, "E6_agent3_norm": 0.3806226849555969, "E6_agent4_norm": 0.4586753249168396, "E7_agent0_norm": 0.4714322090148926, "E7_agent1_norm": 0.3069215416908264, "E7_agent2_norm": 0.32802876830101013, "E7_agent3_norm": 0.2864108383655548, "E7_agent4_norm": 0.3597249388694763, "E8_agent0_norm": 0.42271891236305237, "E8_agent1_norm": 0.254686564207077, "E8_agent2_norm": 0.2632158100605011, "E8_agent3_norm": 0.22831915318965912, "E8_agent4_norm": 0.29435086250305176, "E9_agent0_norm": 0.400944322347641, "E9_agent1_norm": 0.2074347883462906, "E9_agent2_norm": 0.2133835107088089, "E9_agent3_norm": 0.18952509760856628, "E9_agent4_norm": 0.23653867840766907, "E10_agent0_norm": 0.3909617066383362, "E10_agent1_norm": 0.16439451277256012, "E10_agent2_norm": 0.17956691980361938, "E10_agent3_norm": 0.15860524773597717, "E10_agent4_norm": 0.19439715147018433, "E11_agent0_norm": 0.35106658935546875, "E11_agent1_norm": 0.1380407065153122, "E11_agent2_norm": 0.15228253602981567, "E11_agent3_norm": 0.12972015142440796, "E11_agent4_norm": 0.1559101790189743, "E12_agent0_norm": 0.34769681096076965, "E12_agent1_norm": 0.1098800078034401, "E12_agent2_norm": 0.13793334364891052, "E12_agent3_norm": 0.11032859236001968, "E12_agent4_norm": 0.14200197160243988, "E13_agent0_norm": 0.3301319479942322, "E13_agent1_norm": 0.09018189460039139, "E13_agent2_norm": 0.12304744869470596, "E13_agent3_norm": 0.10196144133806229, "E13_agent4_norm": 0.1127883642911911, "E14_agent0_norm": 0.3287949860095978, "E14_agent1_norm": 0.08974653482437134, "E14_agent2_norm": 0.10879173129796982, "E14_agent3_norm": 0.09322379529476166, "E14_agent4_norm": 0.10395298898220062, "E15_agent0_norm": 0.3155463933944702, "E15_agent1_norm": 0.07912556082010269, "E15_agent2_norm": 0.10185587406158447, "E15_agent3_norm": 0.08213686943054199, "E15_agent4_norm": 0.08909906446933746, "E16_agent0_norm": 0.306794673204422, "E16_agent1_norm": 0.07381012290716171, "E16_agent2_norm": 0.096231609582901, "E16_agent3_norm": 0.07366807758808136, "E16_agent4_norm": 0.08300089091062546, "E17_agent0_norm": 0.2854219973087311, "E17_agent1_norm": 0.07634074240922928, "E17_agent2_norm": 0.09921463578939438, "E17_agent3_norm": 0.08585961908102036, "E17_agent4_norm": 0.08884166181087494, "E18_agent0_norm": 0.26164674758911133, "E18_agent1_norm": 0.07677338272333145, "E18_agent2_norm": 0.09369997680187225, "E18_agent3_norm": 0.09803861379623413, "E18_agent4_norm": 0.11200140416622162, "E19_agent0_norm": 0.2122596949338913, "E19_agent1_norm": 0.058225613087415695, "E19_agent2_norm": 0.06945345550775528, "E19_agent3_norm": 0.07075447589159012, "E19_agent4_norm": 0.10863104462623596, "E20_agent0_norm": 0.15389958024024963, "E20_agent1_norm": 0.04898682236671448, "E20_agent2_norm": 0.05337362736463547, "E20_agent3_norm": 0.06506749987602234, "E20_agent4_norm": 0.10878755897283554, "E21_agent0_norm": 0.1104494258761406, "E21_agent1_norm": 0.029087096452713013, "E21_agent2_norm": 0.03270358592271805, "E21_agent3_norm": 0.0353325754404068, "E21_agent4_norm": 0.0673847645521164, "E22_agent0_norm": 0.07949406653642654, "E22_agent1_norm": 0.022834977135062218, "E22_agent2_norm": 0.025184499099850655, "E22_agent3_norm": 0.03198722377419472, "E22_agent4_norm": 0.043555501848459244, "E23_agent0_norm": 0.05680927261710167, "E23_agent1_norm": 0.015180476009845734, "E23_agent2_norm": 0.01704627089202404, "E23_agent3_norm": 0.02105947956442833, "E23_agent4_norm": 0.04150787368416786, "E24_agent0_norm": 0.040798287838697433, "E24_agent1_norm": 0.01123487763106823, "E24_agent2_norm": 0.013047496788203716, "E24_agent3_norm": 0.016726918518543243, "E24_agent4_norm": 0.020216738805174828, "E25_agent0_norm": 0.02906464971601963, "E25_agent1_norm": 0.008243154734373093, "E25_agent2_norm": 0.009392572566866875, "E25_agent3_norm": 0.013302339240908623, "E25_agent4_norm": 0.01588294468820095, "E26_agent0_norm": 0.02084609866142273, "E26_agent1_norm": 0.005422971677035093, "E26_agent2_norm": 0.006255730055272579, "E26_agent3_norm": 0.008350633084774017, "E26_agent4_norm": 0.01165811624377966, "E27_agent0_norm": 0.014602125622332096, "E27_agent1_norm": 0.0033157789148390293, "E27_agent2_norm": 0.004057582002133131, "E27_agent3_norm": 0.0040145814418792725, "E27_agent4_norm": 0.00810595229268074, "E28_agent0_norm": 0.01034512184560299, "E28_agent1_norm": 0.002448145765811205, "E28_agent2_norm": 0.003004835220053792, "E28_agent3_norm": 0.0036256194580346346, "E28_agent4_norm": 0.005814358592033386, "E29_agent0_norm": 0.007352324202656746, "E29_agent1_norm": 0.0017728491220623255, "E29_agent2_norm": 0.0021045778412371874, "E29_agent3_norm": 0.0027747952844947577, "E29_agent4_norm": 0.004820650443434715, "E30_agent0_norm": 0.005198211409151554, "E30_agent1_norm": 0.0012740906095132232, "E30_agent2_norm": 0.0015095624839887023, "E30_agent3_norm": 0.0021798997186124325, "E30_agent4_norm": 0.003293087240308523, "E31_agent0_norm": 0.003695668885484338, "E31_agent1_norm": 0.0009000579011626542, "E31_agent2_norm": 0.0010611393954604864, "E31_agent3_norm": 0.0016047274693846703, "E31_agent4_norm": 0.0020020275842398405, "E32_agent0_norm": 0.0025828625075519085, "E32_agent1_norm": 0.0006043122266419232, "E32_agent2_norm": 0.0007412098930217326, "E32_agent3_norm": 0.0010089015122503042, "E32_agent4_norm": 0.0013576991623267531, "E33_agent0_norm": 0.0018200528575107455, "E33_agent1_norm": 0.0004332877870183438, "E33_agent2_norm": 0.0005292855785228312, "E33_agent3_norm": 0.0007861612248234451, "E33_agent4_norm": 0.0010270860511809587, "E34_agent0_norm": 0.001286871382035315, "E34_agent1_norm": 0.0003083900373894721, "E34_agent2_norm": 0.00037340359995141625, "E34_agent3_norm": 0.0005589748616330326, "E34_agent4_norm": 0.0007936320034787059, "E35_agent0_norm": 0.0009291275637224317, "E35_agent1_norm": 0.0002139058051398024, "E35_agent2_norm": 0.00026592062204144895, "E35_agent3_norm": 0.0003649653517641127, "E35_agent4_norm": 0.0005520660197362304, "E36_agent0_norm": 0.0006415998213924468, "E36_agent1_norm": 0.0001520207297289744, "E36_agent2_norm": 0.00018555692804511636, "E36_agent3_norm": 0.00027473593945614994, "E36_agent4_norm": 0.0004236177774146199, "E37_agent0_norm": 0.0004565779527183622, "E37_agent1_norm": 0.00010861717601073906, "E37_agent2_norm": 0.00013443667558021843, "E37_agent3_norm": 0.00019755243556573987, "E37_agent4_norm": 0.00022622740652877837, "E38_agent0_norm": 0.00032043264945968986, "E38_agent1_norm": 7.517926133004948e-05, "E38_agent2_norm": 9.296122152591124e-05, "E38_agent3_norm": 0.00012198393233120441, "E38_agent4_norm": 0.00016962134395726025, "E39_agent0_norm": 0.0002250669349450618, "E39_agent1_norm": 5.3902349463896826e-05, "E39_agent2_norm": 6.68328648316674e-05, "E39_agent3_norm": 9.465043694945052e-05, "E39_agent4_norm": 0.00011933167843380943, "E40_agent0_norm": 0.00015881394210737199, "E40_agent1_norm": 3.91508438042365e-05, "E40_agent2_norm": 4.7518566134385765e-05,