{"Agent0_Epoch1": 0.3135833144187927, "Agent1_Epoch1": 0.2663035988807678, "Agent2_Epoch1": 0.9962036609649658, "Agent3_Epoch1": 0.9962245225906372, "Agent4_Epoch1": 0.994777500629425, "Agent0_Epoch2": 0.0970451831817627, "Agent1_Epoch2": 0.2895631194114685, "Agent2_Epoch2": 0.3310776948928833, "Agent3_Epoch2": 0.3160542845726013, "Agent4_Epoch2": 0.339485228061676, "Agent0_Epoch3": 0.06748944520950317, "Agent1_Epoch3": 0.1730596423149109, "Agent2_Epoch3": 0.1817527413368225, "Agent3_Epoch3": 0.16772246360778809, "Agent4_Epoch3": 0.19293415546417236, "Agent0_Epoch4": 0.04701727628707886, "Agent1_Epoch4": 0.10442954301834106, "Agent2_Epoch4": 0.10793507099151611, "Agent3_Epoch4": 0.10143303871154785, "Agent4_Epoch4": 0.11348682641983032, "Agent0_Epoch5": 0.03323715925216675, "Agent1_Epoch5": 0.06430953741073608, "Agent2_Epoch5": 0.0671539306640625, "Agent3_Epoch5": 0.0619165301322937, "Agent4_Epoch5": 0.0670921802520752, "Agent0_Epoch6": 0.024047672748565674, "Agent1_Epoch6": 0.0412975549697876, "Agent2_Epoch6": 0.04233407974243164, "Agent3_Epoch6": 0.03987306356430054, "Agent4_Epoch6": 0.04584956169128418, "Agent0_Epoch7": 0.01786983013153076, "Agent1_Epoch7": 0.02770054340362549, "Agent2_Epoch7": 0.02846580743789673, "Agent3_Epoch7": 0.026685655117034912, "Agent4_Epoch7": 0.030517280101776123, "Agent0_Epoch8": 0.013631641864776611, "Agent1_Epoch8": 0.019440531730651855, "Agent2_Epoch8": 0.02005589008331299, "Agent3_Epoch8": 0.018535375595092773, "Agent4_Epoch8": 0.021214723587036133, "Agent0_Epoch9": 0.010642051696777344, "Agent1_Epoch9": 0.014201521873474121, "Agent2_Epoch9": 0.014309227466583252, "Agent3_Epoch9": 0.013280212879180908, "Agent4_Epoch9": 0.01510399580001831, "Agent0_Epoch10": 0.00843346118927002, "Agent1_Epoch10": 0.010679125785827637, "Agent2_Epoch10": 0.010878026485443115, "Agent3_Epoch10": 0.010203540325164795, "Agent4_Epoch10": 0.012144029140472412, "Agent0_Epoch11": 0.0069380998611450195, "Agent1_Epoch11": 0.00841599702835083, "Agent2_Epoch11": 0.008662581443786621, "Agent3_Epoch11": 0.00816577672958374, "Agent4_Epoch11": 0.008884668350219727, "Agent0_Epoch12": 0.005745410919189453, "Agent1_Epoch12": 0.0067359209060668945, "Agent2_Epoch12": 0.006959438323974609, "Agent3_Epoch12": 0.006563663482666016, "Agent4_Epoch12": 0.00723344087600708, "Agent0_Epoch13": 0.004936397075653076, "Agent1_Epoch13": 0.005634903907775879, "Agent2_Epoch13": 0.0058942437171936035, "Agent3_Epoch13": 0.005591630935668945, "Agent4_Epoch13": 0.006094574928283691, "Agent0_Epoch14": 0.004308938980102539, "Agent1_Epoch14": 0.004812359809875488, "Agent2_Epoch14": 0.0050427913665771484, "Agent3_Epoch14": 0.0047422051429748535, "Agent4_Epoch14": 0.005090773105621338, "Agent0_Epoch15": 0.003838062286376953, "Agent1_Epoch15": 0.00421297550201416, "Agent2_Epoch15": 0.004427492618560791, "Agent3_Epoch15": 0.0040923357009887695, "Agent4_Epoch15": 0.004548788070678711, "Agent0_Epoch16": 0.003448188304901123, "Agent1_Epoch16": 0.003732442855834961, "Agent2_Epoch16": 0.003918766975402832, "Agent3_Epoch16": 0.003515303134918213, "Agent4_Epoch16": 0.004069983959197998, "Agent0_Epoch17": 0.0031008124351501465, "Agent1_Epoch17": 0.0033186674118041992, "Agent2_Epoch17": 0.003462076187133789, "Agent3_Epoch17": 0.003007829189300537, "Agent4_Epoch17": 0.003619074821472168, "Agent0_Epoch18": 0.0027399063110351562, "Agent1_Epoch18": 0.002905905246734619, "Agent2_Epoch18": 0.0029410719871520996, "Agent3_Epoch18": 0.00262296199798584, "Agent4_Epoch18": 0.0032012462615966797, "Agent0_Epoch19": 0.0022925734519958496, "Agent1_Epoch19": 0.0024136900901794434, "Agent2_Epoch19": 0.002415955066680908, "Agent3_Epoch19": 0.002230823040008545, "Agent4_Epoch19": 0.002778470516204834, "Agent0_Epoch20": 0.0018417835235595703, "Agent1_Epoch20": 0.0019273161888122559, "Agent2_Epoch20": 0.0019084811210632324, "Agent3_Epoch20": 0.0017186403274536133, "Agent4_Epoch20": 0.0021791458129882812, "Agent0_Epoch21": 0.0014047026634216309, "Agent1_Epoch21": 0.0014617443084716797, "Agent2_Epoch21": 0.0014695525169372559, "Agent3_Epoch21": 0.0012758970260620117, "Agent4_Epoch21": 0.0015854239463806152, "Agent0_Epoch22": 0.001031339168548584, "Agent1_Epoch22": 0.0010678768157958984, "Agent2_Epoch22": 0.0010611414909362793, "Agent3_Epoch22": 0.0009620189666748047, "Agent4_Epoch22": 0.0012000799179077148, "Agent0_Epoch23": 0.0007423162460327148, "Agent1_Epoch23": 0.0007650852203369141, "Agent2_Epoch23": 0.0007635951042175293, "Agent3_Epoch23": 0.000709235668182373, "Agent4_Epoch23": 0.0008026957511901855, "Agent0_Epoch24": 0.0005207657814025879, "Agent1_Epoch24": 0.0005344748497009277, "Agent2_Epoch24": 0.0005339980125427246, "Agent3_Epoch24": 0.0005128979682922363, "Agent4_Epoch24": 0.0005778074264526367, "Agent0_Epoch25": 0.0003628730773925781, "Agent1_Epoch25": 0.00037086009979248047, "Agent2_Epoch25": 0.0003693699836730957, "Agent3_Epoch25": 0.0003517270088195801, "Agent4_Epoch25": 0.0003916621208190918, "Agent0_Epoch26": 0.00024831295013427734, "Agent1_Epoch26": 0.0002530813217163086, "Agent2_Epoch26": 0.00025337934494018555, "Agent3_Epoch26": 0.00024318695068359375, "Agent4_Epoch26": 0.0002670884132385254, "Agent0_Epoch27": 0.00016891956329345703, "Agent1_Epoch27": 0.00017154216766357422, "Agent2_Epoch27": 0.00017148256301879883, "Agent3_Epoch27": 0.0001652240753173828, "Agent4_Epoch27": 0.00017839670181274414, "Agent0_Epoch28": 0.0001137852668762207, "Agent1_Epoch28": 0.00011515617370605469, "Agent2_Epoch28": 0.00011515617370605469, "Agent3_Epoch28": 0.00011098384857177734, "Agent4_Epoch28": 0.00011986494064331055, "Agent0_Epoch29": 7.599592208862305e-05, "Agent1_Epoch29": 7.683038711547852e-05, "Agent2_Epoch29": 7.69495964050293e-05, "Agent3_Epoch29": 7.420778274536133e-05, "Agent4_Epoch29": 7.933378219604492e-05, "Agent0_Epoch30": 5.042552947998047e-05, "Agent1_Epoch30": 5.1021575927734375e-05, "Agent2_Epoch30": 5.0902366638183594e-05, "Agent3_Epoch30": 4.976987838745117e-05, "Agent4_Epoch30": 5.21540641784668e-05, "Agent0_Epoch31": 3.325939178466797e-05, "Agent1_Epoch31": 3.361701965332031e-05, "Agent2_Epoch31": 3.361701965332031e-05, "Agent3_Epoch31": 3.3020973205566406e-05, "Agent4_Epoch31": 3.451108932495117e-05, "Agent0_Epoch32": 2.187490463256836e-05, "Agent1_Epoch32": 2.2113323211669922e-05, "Agent2_Epoch32": 2.2113323211669922e-05, "Agent3_Epoch32": 2.1636486053466797e-05, "Agent4_Epoch32": 2.2590160369873047e-05, "Agent0_Epoch33": 1.436471939086914e-05, "Agent1_Epoch33": 1.4543533325195312e-05, "Agent2_Epoch33": 1.4722347259521484e-05, "Agent3_Epoch33": 1.4424324035644531e-05, "Agent4_Epoch33": 1.4722347259521484e-05, "Agent0_Epoch34": 9.357929229736328e-06, "Agent1_Epoch34": 9.47713851928711e-06, "Agent2_Epoch34": 9.47713851928711e-06, "Agent3_Epoch34": 9.238719940185547e-06, "Agent4_Epoch34": 9.715557098388672e-06, "Agent0_Epoch35": 6.079673767089844e-06, "Agent1_Epoch35": 6.198883056640625e-06, "Agent2_Epoch35": 6.198883056640625e-06, "Agent3_Epoch35": 6.198883056640625e-06, "Agent4_Epoch35": 6.258487701416016e-06, "Agent0_Epoch36": 3.933906555175781e-06, "Agent1_Epoch36": 3.993511199951172e-06, "Agent2_Epoch36": 3.993511199951172e-06, "Agent3_Epoch36": 3.993511199951172e-06, "Agent4_Epoch36": 4.112720489501953e-06, "Agent0_Epoch37": 2.5033950805664062e-06, "Agent1_Epoch37": 2.5033950805664062e-06, "Agent2_Epoch37": 2.5033950805664062e-06, "Agent3_Epoch37": 2.5033950805664062e-06, "Agent4_Epoch37": 2.5033950805664062e-06, "Agent0_Epoch38": 1.6093254089355469e-06, "Agent1_Epoch38": 1.6689300537109375e-06, "Agent2_Epoch38": 1.6689300537109375e-06, "Agent3_Epoch38": 1.7881393432617188e-06, "Agent4_Epoch38": 1.6093254089355469e-06, "Agent0_Epoch39": 1.1324882507324219e-06, "Agent1_Epoch39": 1.1324882507324219e-06, "Agent2_Epoch39": 1.1324882507324219e-06, "Agent3_Epoch39": 1.1324882507324219e-06, "Agent4_Epoch39": 1.1324882507324219e-06, "Agent0_Epoch40": 7.748603820800781e-07, "Agent1_Epoch40": 8.344650268554688e-07, "Agent2_Epoch40": 7.748603820800781e-07,