{"Agent0_Epoch1": 0.29023557901382446, "Agent1_Epoch1": 0.2979477047920227, "Agent2_Epoch1": 0.9940314292907715, "Agent0_Epoch2": 0.06033200025558472, "Agent1_Epoch2": 0.18159514665603638, "Agent2_Epoch2": 0.19785749912261963, "Agent0_Epoch3": 0.024063050746917725, "Agent1_Epoch3": 0.05792278051376343, "Agent2_Epoch3": 0.06280511617660522, "Agent0_Epoch4": 0.011498034000396729, "Agent1_Epoch4": 0.021052300930023193, "Agent2_Epoch4": 0.023415446281433105, "Agent0_Epoch5": 0.006354272365570068, "Agent1_Epoch5": 0.009604990482330322, "Agent2_Epoch5": 0.01176297664642334, "Agent0_Epoch6": 0.004177987575531006, "Agent1_Epoch6": 0.00552976131439209, "Agent2_Epoch6": 0.007855057716369629, "Agent0_Epoch7": 0.003305196762084961, "Agent1_Epoch7": 0.0040073394775390625, "Agent2_Epoch7": 0.004609942436218262, "Agent0_Epoch8": 0.0027817487716674805, "Agent1_Epoch8": 0.003183901309967041, "Agent2_Epoch8": 0.0035848021507263184, "Agent0_Epoch9": 0.0024436116218566895, "Agent1_Epoch9": 0.0026903748512268066, "Agent2_Epoch9": 0.0028995275497436523, "Agent0_Epoch10": 0.0019071102142333984, "Agent1_Epoch10": 0.002046346664428711, "Agent2_Epoch10": 0.002847731113433838, "Agent0_Epoch11": 0.0018173456192016602, "Agent1_Epoch11": 0.0019175410270690918, "Agent2_Epoch11": 0.0024806857109069824, "Agent0_Epoch12": 0.0012167692184448242, "Agent1_Epoch12": 0.0012680888175964355, "Agent2_Epoch12": 0.0023749470710754395, "Agent0_Epoch13": 0.0008597373962402344, "Agent1_Epoch13": 0.0008881688117980957, "Agent2_Epoch13": 0.0014202594757080078, "Agent0_Epoch14": 0.0006527900695800781, "Agent1_Epoch14": 0.0006706118583679199, "Agent2_Epoch14": 0.0007613897323608398, "Agent0_Epoch15": 0.00039124488830566406, "Agent1_Epoch15": 0.00039970874786376953, "Agent2_Epoch15": 0.0004527568817138672, "Agent0_Epoch16": 0.0002453327178955078, "Agent1_Epoch16": 0.0002493858337402344, "Agent2_Epoch16": 0.0002789497375488281, "Agent0_Epoch17": 0.00013381242752075195, "Agent1_Epoch17": 0.0001353621482849121, "Agent2_Epoch17": 0.00019419193267822266, "Agent0_Epoch18": 8.45789909362793e-05, "Agent1_Epoch18": 8.529424667358398e-05, "Agent2_Epoch18": 9.226799011230469e-05, "Agent0_Epoch19": 4.458427429199219e-05, "Agent1_Epoch19": 4.482269287109375e-05, "Agent2_Epoch19": 5.6803226470947266e-05, "Agent0_Epoch20": 2.4199485778808594e-05, "Agent1_Epoch20": 2.4378299713134766e-05, "Agent2_Epoch20": 3.170967102050781e-05, "Agent0_Epoch21": 1.4603137969970703e-05, "Agent1_Epoch21": 1.4603137969970703e-05, "Agent2_Epoch21": 1.5556812286376953e-05, "Agent0_Epoch22": 7.212162017822266e-06, "Agent1_Epoch22": 7.3909759521484375e-06, "Agent2_Epoch22": 1.055002212524414e-05, "Agent0_Epoch23": 3.874301910400391e-06, "Agent1_Epoch23": 3.993511199951172e-06, "Agent2_Epoch23": 5.0067901611328125e-06, "Agent0_Epoch24": 2.0265579223632812e-06, "Agent1_Epoch24": 2.0265579223632812e-06, "Agent2_Epoch24": 3.516674041748047e-06, "Agent0_Epoch25": 1.1920928955078125e-06, "Agent1_Epoch25": 1.1920928955078125e-06, "Agent2_Epoch25": 1.5497207641601562e-06, "Agent0_Epoch26": 6.556510925292969e-07, "Agent1_Epoch26": 6.556510925292969e-07, "Agent2_Epoch26": 8.940696716308594e-07, "Agent0_Epoch27": 3.5762786865234375e-07, "Agent1_Epoch27": 4.76837158203125e-07, "Agent2_Epoch27": 3.5762786865234375e-07, "Agent0_Epoch28": 1.7881393432617188e-07, "Agent1_Epoch28": 2.980232238769531e-07, "Agent2_Epoch28": 1.7881393432617188e-07, "Agent0_Epoch29": 1.1920928955078125e-07, "Agent1_Epoch29": 0.0, "Agent2_Epoch29": 0.0, "Agent0_Epoch30": 1.1920928955078125e-07, "Agent1_Epoch30": 1.1920928955078125e-07, "Agent2_Epoch30": 0.0, "Agent0_Epoch31": 1.1920928955078125e-07, "Agent1_Epoch31": 0.0, "Agent2_Epoch31": 0.0, "Agent0_Epoch32": 1.1920928955078125e-07, "Agent1_Epoch32": -1.1920928955078125e-07, "Agent2_Epoch32": 1.1920928955078125e-07, "Agent0_Epoch33": 1.1920928955078125e-07, "Agent1_Epoch33": 1.1920928955078125e-07, "Agent2_Epoch33": 0.0, "Agent0_Epoch34": 1.1920928955078125e-07, "Agent1_Epoch34": 0.0, "Agent2_Epoch34": 1.1920928955078125e-07, "Agent0_Epoch35": 0.0, "Agent1_Epoch35": 0.0, "Agent2_Epoch35": 1.1920928955078125e-07, "Agent0_Epoch36": 1.1920928955078125e-07, "Agent1_Epoch36": -1.1920928955078125e-07, "Agent2_Epoch36": 0.0, "Agent0_Epoch37": 1.1920928955078125e-07, "Agent1_Epoch37": 0.0, "Agent2_Epoch37": -1.1920928955078125e-07, "Agent0_Epoch38": 1.7881393432617188e-07, "Agent1_Epoch38": 0.0, "Agent2_Epoch38": -1.1920928955078125e-07, "Agent0_Epoch39": 1.1920928955078125e-07, "Agent1_Epoch39": 0.0, "Agent2_Epoch39": -1.1920928955078125e-07, "Agent0_Epoch40": 1.1920928955078125e-07, "Agent1_Epoch40": -1.1920928955078125e-07, "Agent2_Epoch40": 0.0, "Agent0_Epoch41": 1.1920928955078125e-07, "Agent1_Epoch41": 1.1920928955078125e-07, "Agent2_Epoch41": -1.1920928955078125e-07, "Agent0_Epoch42": 1.1920928955078125e-07, "Agent1_Epoch42": 0.0, "Agent2_Epoch42": 0.0, "Agent0_Epoch43": 1.7881393432617188e-07, "Agent1_Epoch43": 1.1920928955078125e-07, "Agent2_Epoch43": 1.1920928955078125e-07, "Agent0_Epoch44": 0.0, "Agent1_Epoch44": 1.1920928955078125e-07, "Agent2_Epoch44": -1.1920928955078125e-07, "Agent0_Epoch45": 1.7881393432617188e-07, "Agent1_Epoch45": 0.0, "Agent2_Epoch45": 1.1920928955078125e-07, "Agent0_Epoch46": 1.1920928955078125e-07, "Agent1_Epoch46": 1.1920928955078125e-07, "Agent2_Epoch46": 0.0, "Agent0_Epoch47": 0.0, "Agent1_Epoch47": -1.1920928955078125e-07, "Agent2_Epoch47": -1.1920928955078125e-07, "Agent0_Epoch48": 0.0, "Agent1_Epoch48": -1.1920928955078125e-07, "Agent2_Epoch48": -1.1920928955078125e-07, "Agent0_Epoch49": 1.7881393432617188e-07, "Agent1_Epoch49": 0.0, "Agent2_Epoch49": 0.0, "Agent0_Epoch50": 1.1920928955078125e-07, "Agent1_Epoch50": 0.0, "Agent2_Epoch50": 0.0}