{"Agent0_Epoch1": 0.28977590799331665, "Agent1_Epoch1": 0.29381585121154785, "Agent2_Epoch1": 0.9994474649429321, "Agent0_Epoch2": 0.062126874923706055, "Agent1_Epoch2": 0.18476778268814087, "Agent2_Epoch2": 0.20344120264053345, "Agent0_Epoch3": 0.024467647075653076, "Agent1_Epoch3": 0.05927819013595581, "Agent2_Epoch3": 0.07252609729766846, "Agent0_Epoch4": 0.011870265007019043, "Agent1_Epoch4": 0.021466612815856934, "Agent2_Epoch4": 0.02608346939086914, "Agent0_Epoch5": 0.006510257720947266, "Agent1_Epoch5": 0.009722411632537842, "Agent2_Epoch5": 0.011626362800598145, "Agent0_Epoch6": 0.0039310455322265625, "Agent1_Epoch6": 0.005150735378265381, "Agent2_Epoch6": 0.006879150867462158, "Agent0_Epoch7": 0.0030285120010375977, "Agent1_Epoch7": 0.0036396384239196777, "Agent2_Epoch7": 0.004134774208068848, "Agent0_Epoch8": 0.002185523509979248, "Agent1_Epoch8": 0.0024810433387756348, "Agent2_Epoch8": 0.002923905849456787, "Agent0_Epoch9": 0.0017465949058532715, "Agent1_Epoch9": 0.001911163330078125, "Agent2_Epoch9": 0.002519845962524414, "Agent0_Epoch10": 0.0015680789947509766, "Agent1_Epoch10": 0.0016730427742004395, "Agent2_Epoch10": 0.0020088553428649902, "Agent0_Epoch11": 0.0010245442390441895, "Agent1_Epoch11": 0.001074373722076416, "Agent2_Epoch11": 0.002355635166168213, "Agent0_Epoch12": 0.0009189844131469727, "Agent1_Epoch12": 0.0009533166885375977, "Agent2_Epoch12": 0.0013083815574645996, "Agent0_Epoch13": 0.0005922913551330566, "Agent1_Epoch13": 0.0006091594696044922, "Agent2_Epoch13": 0.0012685060501098633, "Agent0_Epoch14": 0.00041753053665161133, "Agent1_Epoch14": 0.0004267692565917969, "Agent2_Epoch14": 0.000703275203704834, "Agent0_Epoch15": 0.0002834200859069824, "Agent1_Epoch15": 0.0002884864807128906, "Agent2_Epoch15": 0.00035500526428222656, "Agent0_Epoch16": 0.00015282630920410156, "Agent1_Epoch16": 0.00015497207641601562, "Agent2_Epoch16": 0.00024235248565673828, "Agent0_Epoch17": 9.679794311523438e-05, "Agent1_Epoch17": 9.78708267211914e-05, "Agent2_Epoch17": 0.00011485815048217773, "Agent0_Epoch18": 5.924701690673828e-05, "Agent1_Epoch18": 5.9545040130615234e-05, "Agent2_Epoch18": 7.909536361694336e-05, "Agent0_Epoch19": 3.331899642944336e-05, "Agent1_Epoch19": 3.355741500854492e-05, "Agent2_Epoch19": 4.4226646423339844e-05, "Agent0_Epoch20": 1.7523765563964844e-05, "Agent1_Epoch20": 1.7642974853515625e-05, "Agent2_Epoch20": 2.7835369110107422e-05, "Agent0_Epoch21": 1.1205673217773438e-05, "Agent1_Epoch21": 1.1205673217773438e-05, "Agent2_Epoch21": 1.1980533599853516e-05, "Agent0_Epoch22": 5.841255187988281e-06, "Agent1_Epoch22": 5.7220458984375e-06, "Agent2_Epoch22": 7.987022399902344e-06, "Agent0_Epoch23": 3.3974647521972656e-06, "Agent1_Epoch23": 3.516674041748047e-06, "Agent2_Epoch23": 4.231929779052734e-06, "Agent0_Epoch24": 1.8477439880371094e-06, "Agent1_Epoch24": 1.7881393432617188e-06, "Agent2_Epoch24": 2.562999725341797e-06, "Agent0_Epoch25": 9.5367431640625e-07, "Agent1_Epoch25": 1.0132789611816406e-06, "Agent2_Epoch25": 1.1920928955078125e-06, "Agent0_Epoch26": 5.364418029785156e-07, "Agent1_Epoch26": 5.364418029785156e-07, "Agent2_Epoch26": 7.152557373046875e-07, "Agent0_Epoch27": 1.7881393432617188e-07, "Agent1_Epoch27": 1.7881393432617188e-07, "Agent2_Epoch27": 3.5762786865234375e-07, "Agent0_Epoch28": 1.1920928955078125e-07, "Agent1_Epoch28": 2.980232238769531e-07, "Agent2_Epoch28": 3.5762786865234375e-07, "Agent0_Epoch29": 1.1920928955078125e-07, "Agent1_Epoch29": 1.1920928955078125e-07, "Agent2_Epoch29": 0.0, "Agent0_Epoch30": 1.1920928955078125e-07, "Agent1_Epoch30": 1.7881393432617188e-07, "Agent2_Epoch30": 1.1920928955078125e-07, "Agent0_Epoch31": 0.0, "Agent1_Epoch31": 0.0, "Agent2_Epoch31": 1.1920928955078125e-07, "Agent0_Epoch32": 0.0, "Agent1_Epoch32": 1.1920928955078125e-07, "Agent2_Epoch32": 1.1920928955078125e-07, "Agent0_Epoch33": 0.0, "Agent1_Epoch33": 1.1920928955078125e-07, "Agent2_Epoch33": 0.0, "Agent0_Epoch34": 0.0, "Agent1_Epoch34": 0.0, "Agent2_Epoch34": -1.1920928955078125e-07, "Agent0_Epoch35": 1.1920928955078125e-07, "Agent1_Epoch35": 0.0, "Agent2_Epoch35": 1.1920928955078125e-07, "Agent0_Epoch36": -1.1920928955078125e-07, "Agent1_Epoch36": 1.7881393432617188e-07, "Agent2_Epoch36": 0.0, "Agent0_Epoch37": 0.0, "Agent1_Epoch37": 1.1920928955078125e-07, "Agent2_Epoch37": 0.0, "Agent0_Epoch38": -1.1920928955078125e-07, "Agent1_Epoch38": 0.0, "Agent2_Epoch38": 0.0, "Agent0_Epoch39": -1.1920928955078125e-07, "Agent1_Epoch39": -1.1920928955078125e-07, "Agent2_Epoch39": 1.1920928955078125e-07, "Agent0_Epoch40": 0.0, "Agent1_Epoch40": 1.1920928955078125e-07, "Agent2_Epoch40": 0.0, "Agent0_Epoch41": 0.0, "Agent1_Epoch41": 0.0, "Agent2_Epoch41": 0.0, "Agent0_Epoch42": 0.0, "Agent1_Epoch42": 0.0, "Agent2_Epoch42": 1.1920928955078125e-07, "Agent0_Epoch43": -1.1920928955078125e-07, "Agent1_Epoch43": -1.1920928955078125e-07, "Agent2_Epoch43": -1.1920928955078125e-07, "Agent0_Epoch44": 0.0, "Agent1_Epoch44": 1.1920928955078125e-07, "Agent2_Epoch44": 1.1920928955078125e-07, "Agent0_Epoch45": 0.0, "Agent1_Epoch45": 0.0, "Agent2_Epoch45": 1.1920928955078125e-07, "Agent0_Epoch46": -1.1920928955078125e-07, "Agent1_Epoch46": 0.0, "Agent2_Epoch46": 0.0, "Agent0_Epoch47": 0.0, "Agent1_Epoch47": 0.0, "Agent2_Epoch47": 0.0, "Agent0_Epoch48": 0.0, "Agent1_Epoch48": -1.1920928955078125e-07, "Agent2_Epoch48": -1.1920928955078125e-07, "Agent0_Epoch49": 0.0, "Agent1_Epoch49": 0.0, "Agent2_Epoch49": 0.0, "Agent0_Epoch50": 0.0, "Agent1_Epoch50": 1.1920928955078125e-07, "Agent2_Epoch50": 1.1920928955078125e-07}