{"E1_agent0_norm": 2.5785164833068848, "E1_agent1_norm": 2.1891958713531494, "E1_agent2_norm": 2.4986608028411865, "E2_agent0_norm": 0.9042323231697083, "E2_agent1_norm": 0.999982476234436, "E2_agent2_norm": 1.4826033115386963, "E3_agent0_norm": 0.823266327381134, "E3_agent1_norm": 0.692497968673706, "E3_agent2_norm": 0.7499727010726929, "E4_agent0_norm": 0.7045727372169495, "E4_agent1_norm": 0.5086808800697327, "E4_agent2_norm": 0.6132014989852905, "E5_agent0_norm": 0.5899500250816345, "E5_agent1_norm": 0.38373157382011414, "E5_agent2_norm": 0.4826776683330536, "E6_agent0_norm": 0.4599846601486206, "E6_agent1_norm": 0.2998484671115875, "E6_agent2_norm": 0.3892967998981476, "E7_agent0_norm": 0.4630241394042969, "E7_agent1_norm": 0.2932804226875305, "E7_agent2_norm": 0.33550316095352173, "E8_agent0_norm": 0.4025685787200928, "E8_agent1_norm": 0.24912020564079285, "E8_agent2_norm": 0.2915683090686798, "E9_agent0_norm": 0.40390002727508545, "E9_agent1_norm": 0.22775740921497345, "E9_agent2_norm": 0.2622828185558319, "E10_agent0_norm": 0.3297024369239807, "E10_agent1_norm": 0.17706722021102905, "E10_agent2_norm": 0.23418965935707092, "E11_agent0_norm": 0.33923906087875366, "E11_agent1_norm": 0.20184355974197388, "E11_agent2_norm": 0.2799712121486664, "E12_agent0_norm": 0.3182373344898224, "E12_agent1_norm": 0.2417265623807907, "E12_agent2_norm": 0.2990501821041107, "E13_agent0_norm": 0.1731196492910385, "E13_agent1_norm": 0.09585230052471161, "E13_agent2_norm": 0.1192535012960434, "E14_agent0_norm": 0.1116374209523201, "E14_agent1_norm": 0.09442883729934692, "E14_agent2_norm": 0.10432492196559906, "E15_agent0_norm": 0.10125245153903961, "E15_agent1_norm": 0.05419646203517914, "E15_agent2_norm": 0.061873506754636765, "E16_agent0_norm": 0.08066385984420776, "E16_agent1_norm": 0.04943220317363739, "E16_agent2_norm": 0.05577045679092407, "E17_agent0_norm": 0.06430420279502869, "E17_agent1_norm": 0.0433780662715435, "E17_agent2_norm": 0.04728107154369354, "E18_agent0_norm": 0.040765754878520966, "E18_agent1_norm": 0.021008901298046112, "E18_agent2_norm": 0.023470908403396606, "E19_agent0_norm": 0.024778177961707115, "E19_agent1_norm": 0.014451658353209496, "E19_agent2_norm": 0.015719089657068253, "E20_agent0_norm": 0.02381003648042679, "E20_agent1_norm": 0.012738657183945179, "E20_agent2_norm": 0.013781613670289516, "E21_agent0_norm": 0.011325397528707981, "E21_agent1_norm": 0.004606811795383692, "E21_agent2_norm": 0.004882629029452801, "E22_agent0_norm": 0.010593101382255554, "E22_agent1_norm": 0.007694062776863575, "E22_agent2_norm": 0.007871601730585098, "E23_agent0_norm": 0.0071296701207757, "E23_agent1_norm": 0.005304479505866766, "E23_agent2_norm": 0.005436417646706104, "E24_agent0_norm": 0.0065375263802707195, "E24_agent1_norm": 0.004739691037684679, "E24_agent2_norm": 0.004815677646547556, "E25_agent0_norm": 0.003164537949487567, "E25_agent1_norm": 0.0017463995609432459, "E25_agent2_norm": 0.001782890991307795, "E26_agent0_norm": 0.0021457900293171406, "E26_agent1_norm": 0.0017767942044883966, "E26_agent2_norm": 0.0018039733404293656, "E27_agent0_norm": 0.0018254240276291966, "E27_agent1_norm": 0.0009311041212640703, "E27_agent2_norm": 0.0009605800732970238, "E28_agent0_norm": 0.0016101801302284002, "E28_agent1_norm": 0.0009892116067931056, "E28_agent2_norm": 0.0010032489662989974, "E29_agent0_norm": 0.0009077987051568925, "E29_agent1_norm": 0.0006567100645042956, "E29_agent2_norm": 0.000667588145006448, "E30_agent0_norm": 0.0006423455779440701, "E30_agent1_norm": 0.0003309700405225158, "E30_agent2_norm": 0.00033611967228353024, "E31_agent0_norm": 0.0004287172923795879, "E31_agent1_norm": 0.00020180516003165394, "E31_agent2_norm": 0.00020747169037349522, "E32_agent0_norm": 0.00026916348724626005, "E32_agent1_norm": 0.0001556125353090465, "E32_agent2_norm": 0.0001583454286446795, "E33_agent0_norm": 0.00020911051251459867, "E33_agent1_norm": 8.595550752943382e-05, "E33_agent2_norm": 8.908989548217505e-05, "E34_agent0_norm": 0.00010789402585942298, "E34_agent1_norm": 3.848222331725992e-05, "E34_agent2_norm": 3.946334254578687e-05, "E35_agent0_norm": 9.302679245593026e-05, "E35_agent1_norm": 4.2234772990923375e-05, "E35_agent2_norm": 4.312950113671832e-05, "E36_agent0_norm": 7.547460700152442e-05, "E36_agent1_norm": 4.863599315285683e-05, "E36_agent2_norm": 4.9505357310408726e-05, "E37_agent0_norm": 5.363340096664615e-05, "E37_agent1_norm": 3.1989042327040806e-05, "E37_agent2_norm": 3.2630556233925745e-05, "E38_agent0_norm": 3.489414666546509e-05, "E38_agent1_norm": 1.6620031601632945e-05, "E38_agent2_norm": 1.709910611680243e-05, "E39_agent0_norm": 2.6490808522794396e-05, "E39_agent1_norm": 1.1515469850564841e-05, "E39_agent2_norm": 1.1855398042825982e-05, "E40_agent0_norm": 1.7689262676867656e-05, "E40_agent1_norm": 1.0549523722147569e-05, "E40_agent2_norm": 1.0752218258858193e-05, "E41_agent0_norm": 1.1546337191248313e-05, "E41_agent1_norm": 5.3280205065675545e-06, "E41_agent2_norm": 5.462181889015483e-06, "E42_agent0_norm": 8.859503395797219e-06, "E42_agent1_norm": 4.753486336994683e-06, "E42_agent2_norm": 4.8285692173521966e-06, "E43_agent0_norm": 5.194041932554683e-06, "E43_agent1_norm": 2.840115939761745e-06, "E43_agent2_norm": 2.8890565317851724e-06, "E44_agent0_norm": 3.5333675896254135e-06, "E44_agent1_norm": 2.3795782908564433e-06, "E44_agent2_norm": 2.4195437617891002e-06, "E45_agent0_norm": 3.142534978906042e-06, "E45_agent1_norm": 1.621620526748302e-06, "E45_agent2_norm": 1.6512210549990414e-06, "E46_agent0_norm": 1.8860498585127061e-06, "E46_agent1_norm": 9.529513249617594e-07, "E46_agent2_norm": 9.664548770160764e-07, "E47_agent0_norm": 1.3205501545598963e-06, "E47_agent1_norm": 5.784443146694684e-07, "E47_agent2_norm": 5.879310265299864e-07, "E48_agent0_norm": 9.015822683977603e-07, "E48_agent1_norm": 6.920836881363357e-07, "E48_agent2_norm": 7.002886377449613e-07, "E49_agent0_norm": 5.813175221192068e-07, "E49_agent1_norm": 3.4237348245369503e-07, "E49_agent2_norm": 3.4660766345950833e-07, "E50_agent0_norm": 2.9930009759482346e-07, "E50_agent1_norm": 1.3594048198228847e-07, "E50_agent2_norm": 1.373884259692204e-07}