{"E1_agent0_norm": 2.7818994522094727, "E1_agent1_norm": 2.129195213317871, "E1_agent2_norm": 2.657336950302124, "E2_agent0_norm": 0.957723081111908, "E2_agent1_norm": 1.1169346570968628, "E2_agent2_norm": 1.2630044221878052, "E3_agent0_norm": 0.6676315069198608, "E3_agent1_norm": 0.5739194750785828, "E3_agent2_norm": 0.8278195858001709, "E4_agent0_norm": 0.7686504125595093, "E4_agent1_norm": 0.5538097620010376, "E4_agent2_norm": 0.7482430338859558, "E5_agent0_norm": 0.579447865486145, "E5_agent1_norm": 0.3944278955459595, "E5_agent2_norm": 0.4857991337776184, "E6_agent0_norm": 0.454787939786911, "E6_agent1_norm": 0.3030557334423065, "E6_agent2_norm": 0.38673168420791626, "E7_agent0_norm": 0.5013839602470398, "E7_agent1_norm": 0.3130989968776703, "E7_agent2_norm": 0.35431692004203796, "E8_agent0_norm": 0.4733389616012573, "E8_agent1_norm": 0.31458911299705505, "E8_agent2_norm": 0.3250270485877991, "E9_agent0_norm": 0.43686604499816895, "E9_agent1_norm": 0.2614561915397644, "E9_agent2_norm": 0.2692016065120697, "E10_agent0_norm": 0.4290519654750824, "E10_agent1_norm": 0.2568055987358093, "E10_agent2_norm": 0.2670377790927887, "E11_agent0_norm": 0.3114880621433258, "E11_agent1_norm": 0.19493474066257477, "E11_agent2_norm": 0.277569442987442, "E12_agent0_norm": 0.2657506763935089, "E12_agent1_norm": 0.15886478126049042, "E12_agent2_norm": 0.2143232375383377, "E13_agent0_norm": 0.20472723245620728, "E13_agent1_norm": 0.10062193125486374, "E13_agent2_norm": 0.11675327271223068, "E14_agent0_norm": 0.1524239182472229, "E14_agent1_norm": 0.07675134390592575, "E14_agent2_norm": 0.09267239272594452, "E15_agent0_norm": 0.10449814051389694, "E15_agent1_norm": 0.07748614251613617, "E15_agent2_norm": 0.08845914900302887, "E16_agent0_norm": 0.06689419597387314, "E16_agent1_norm": 0.04554297775030136, "E16_agent2_norm": 0.05050516873598099, "E17_agent0_norm": 0.051379330456256866, "E17_agent1_norm": 0.021318739280104637, "E17_agent2_norm": 0.02230469137430191, "E18_agent0_norm": 0.03357619047164917, "E18_agent1_norm": 0.01763460598886013, "E18_agent2_norm": 0.019668949767947197, "E19_agent0_norm": 0.026891212910413742, "E19_agent1_norm": 0.010364407673478127, "E19_agent2_norm": 0.010880673304200172, "E20_agent0_norm": 0.020846907049417496, "E20_agent1_norm": 0.007720293011516333, "E20_agent2_norm": 0.008260402828454971, "E21_agent0_norm": 0.016790715977549553, "E21_agent1_norm": 0.010703890584409237, "E21_agent2_norm": 0.010930303484201431, "E22_agent0_norm": 0.01194701436907053, "E22_agent1_norm": 0.00629020482301712, "E22_agent2_norm": 0.006454943213611841, "E23_agent0_norm": 0.007289111614227295, "E23_agent1_norm": 0.005362689029425383, "E23_agent2_norm": 0.005420912057161331, "E24_agent0_norm": 0.005306861363351345, "E24_agent1_norm": 0.002020413987338543, "E24_agent2_norm": 0.0020438903011381626, "E25_agent0_norm": 0.004785006400197744, "E25_agent1_norm": 0.0031850298400968313, "E25_agent2_norm": 0.003210985567420721, "E26_agent0_norm": 0.0025815279223024845, "E26_agent1_norm": 0.0011858351062983274, "E26_agent2_norm": 0.001208032132126391, "E27_agent0_norm": 0.0015491957310587168, "E27_agent1_norm": 0.0008464609854854643, "E27_agent2_norm": 0.0008533860673196614, "E28_agent0_norm": 0.0010836537694558501, "E28_agent1_norm": 0.0005352824809961021, "E28_agent2_norm": 0.0005414106999523938, "E29_agent0_norm": 0.0009233486489392817, "E29_agent1_norm": 0.0004101137164980173, "E29_agent2_norm": 0.0004139815573580563, "E30_agent0_norm": 0.0006664790562354028, "E30_agent1_norm": 0.00042868306627497077, "E30_agent2_norm": 0.00043107729288749397, "E31_agent0_norm": 0.00038383237551897764, "E31_agent1_norm": 0.00020330303232185543, "E31_agent2_norm": 0.0002050508774118498, "E32_agent0_norm": 0.00021056181867606938, "E32_agent1_norm": 0.00011782435467466712, "E32_agent2_norm": 0.00011918654490727931, "E33_agent0_norm": 0.00023194871027953923, "E33_agent1_norm": 0.00011090874613728374, "E33_agent2_norm": 0.0001119998560170643, "E34_agent0_norm": 0.00010968356218654662, "E34_agent1_norm": 3.97495023207739e-05, "E34_agent2_norm": 3.9918617403600365e-05, "E35_agent0_norm": 0.00011425850243540481, "E35_agent1_norm": 7.096376066328958e-05, "E35_agent2_norm": 7.145807467168197e-05, "E36_agent0_norm": 9.65491562965326e-05, "E36_agent1_norm": 5.565724495681934e-05, "E36_agent2_norm": 5.6004839279921725e-05, "E37_agent0_norm": 5.3143641707720235e-05, "E37_agent1_norm": 4.661958882934414e-05, "E37_agent2_norm": 4.678653203882277e-05, "E38_agent0_norm": 3.813051080214791e-05, "E38_agent1_norm": 1.7796903193811886e-05, "E38_agent2_norm": 1.7978558389586397e-05, "E39_agent0_norm": 2.2909764084033668e-05, "E39_agent1_norm": 9.479935215495061e-06, "E39_agent2_norm": 9.622080142435152e-06, "E40_agent0_norm": 1.6402276742155664e-05, "E40_agent1_norm": 9.081294592760969e-06, "E40_agent2_norm": 9.178476830129512e-06, "E41_agent0_norm": 9.031145964399911e-06, "E41_agent1_norm": 5.393468654801836e-06, "E41_agent2_norm": 5.437446816358715e-06, "E42_agent0_norm": 1.0528397069720086e-05, "E42_agent1_norm": 7.88293982623145e-06, "E42_agent2_norm": 7.923944394860882e-06, "E43_agent0_norm": 5.423031325335614e-06, "E43_agent1_norm": 2.8842446226917673e-06, "E43_agent2_norm": 2.9033176360826474e-06, "E44_agent0_norm": 4.038875431433553e-06, "E44_agent1_norm": 1.801338157747523e-06, "E44_agent2_norm": 1.8107468804373639e-06, "E45_agent0_norm": 2.8505432965175714e-06, "E45_agent1_norm": 1.4373972589964978e-06, "E45_agent2_norm": 1.4475577927441918e-06, "E46_agent0_norm": 1.9020360468857689e-06, "E46_agent1_norm": 1.0652684068190865e-06, "E46_agent2_norm": 1.069462314262637e-06, "E47_agent0_norm": 1.2875447055193945e-06, "E47_agent1_norm": 6.841313506811275e-07, "E47_agent2_norm": 6.881672902636637e-07, "E48_agent0_norm": 7.996235353857628e-07, "E48_agent1_norm": 4.1427693986406666e-07, "E48_agent2_norm": 4.1602950773267366e-07, "E49_agent0_norm": 5.5007421906339e-07, "E49_agent1_norm": 2.838841623997723e-07, "E49_agent2_norm": 2.8424724973774573e-07, "E50_agent0_norm": 3.855011527775787e-07, "E50_agent1_norm": 2.411589434814232e-07, "E50_agent2_norm": 2.420300688754651e-07}