{"Agent0_Epoch1": 0.2914676070213318, "Agent1_Epoch1": 0.2935117483139038, "Agent2_Epoch1": 0.9969825148582458, "Agent0_Epoch2": 0.05988645553588867, "Agent1_Epoch2": 0.18462520837783813, "Agent2_Epoch2": 0.19981300830841064, "Agent0_Epoch3": 0.024250924587249756, "Agent1_Epoch3": 0.05776554346084595, "Agent2_Epoch3": 0.06692630052566528, "Agent0_Epoch4": 0.011153459548950195, "Agent1_Epoch4": 0.02048593759536743, "Agent2_Epoch4": 0.028608977794647217, "Agent0_Epoch5": 0.006419718265533447, "Agent1_Epoch5": 0.009640336036682129, "Agent2_Epoch5": 0.013950884342193604, "Agent0_Epoch6": 0.0044519901275634766, "Agent1_Epoch6": 0.005872666835784912, "Agent2_Epoch6": 0.006926894187927246, "Agent0_Epoch7": 0.0031691789627075195, "Agent1_Epoch7": 0.0038419365882873535, "Agent2_Epoch7": 0.004905879497528076, "Agent0_Epoch8": 0.0026532411575317383, "Agent1_Epoch8": 0.003034353256225586, "Agent2_Epoch8": 0.0040915608406066895, "Agent0_Epoch9": 0.0023464560508728027, "Agent1_Epoch9": 0.0025833845138549805, "Agent2_Epoch9": 0.0032567381858825684, "Agent0_Epoch10": 0.0018042325973510742, "Agent1_Epoch10": 0.00193709135055542, "Agent2_Epoch10": 0.0032558441162109375, "Agent0_Epoch11": 0.0016704797744750977, "Agent1_Epoch11": 0.0017634034156799316, "Agent2_Epoch11": 0.002961575984954834, "Agent0_Epoch12": 0.0012040138244628906, "Agent1_Epoch12": 0.0012552738189697266, "Agent2_Epoch12": 0.0022887587547302246, "Agent0_Epoch13": 0.0009916424751281738, "Agent1_Epoch13": 0.0010256767272949219, "Agent2_Epoch13": 0.0015351176261901855, "Agent0_Epoch14": 0.0006086230278015137, "Agent1_Epoch14": 0.0006247758865356445, "Agent2_Epoch14": 0.001132667064666748, "Agent0_Epoch15": 0.00041663646697998047, "Agent1_Epoch15": 0.00042569637298583984, "Agent2_Epoch15": 0.0005495548248291016, "Agent0_Epoch16": 0.0002104640007019043, "Agent1_Epoch16": 0.00021374225616455078, "Agent2_Epoch16": 0.0003872513771057129, "Agent0_Epoch17": 0.0001226663589477539, "Agent1_Epoch17": 0.00012415647506713867, "Agent2_Epoch17": 0.0002065896987915039, "Agent0_Epoch18": 7.712841033935547e-05, "Agent1_Epoch18": 7.784366607666016e-05, "Agent2_Epoch18": 9.644031524658203e-05, "Agent0_Epoch19": 4.398822784423828e-05, "Agent1_Epoch19": 4.4405460357666016e-05, "Agent2_Epoch19": 4.83393669128418e-05, "Agent0_Epoch20": 2.4378299713134766e-05, "Agent1_Epoch20": 2.4557113647460938e-05, "Agent2_Epoch20": 2.8073787689208984e-05, "Agent0_Epoch21": 1.3589859008789062e-05, "Agent1_Epoch21": 1.3589859008789062e-05, "Agent2_Epoch21": 1.6570091247558594e-05, "Agent0_Epoch22": 7.092952728271484e-06, "Agent1_Epoch22": 7.092952728271484e-06, "Agent2_Epoch22": 1.0788440704345703e-05, "Agent0_Epoch23": 4.172325134277344e-06, "Agent1_Epoch23": 4.0531158447265625e-06, "Agent2_Epoch23": 4.708766937255859e-06, "Agent0_Epoch24": 2.1457672119140625e-06, "Agent1_Epoch24": 2.205371856689453e-06, "Agent2_Epoch24": 2.9802322387695312e-06, "Agent0_Epoch25": 1.3113021850585938e-06, "Agent1_Epoch25": 1.3113021850585938e-06, "Agent2_Epoch25": 1.1920928955078125e-06, "Agent0_Epoch26": 5.364418029785156e-07, "Agent1_Epoch26": 6.556510925292969e-07, "Agent2_Epoch26": 6.556510925292969e-07, "Agent0_Epoch27": 3.5762786865234375e-07, "Agent1_Epoch27": 3.5762786865234375e-07, "Agent2_Epoch27": 3.5762786865234375e-07, "Agent0_Epoch28": 1.7881393432617188e-07, "Agent1_Epoch28": 1.7881393432617188e-07, "Agent2_Epoch28": 3.5762786865234375e-07, "Agent0_Epoch29": 1.1920928955078125e-07, "Agent1_Epoch29": 1.7881393432617188e-07, "Agent2_Epoch29": 1.7881393432617188e-07, "Agent0_Epoch30": 0.0, "Agent1_Epoch30": 1.1920928955078125e-07, "Agent2_Epoch30": 0.0, "Agent0_Epoch31": -1.1920928955078125e-07, "Agent1_Epoch31": 1.1920928955078125e-07, "Agent2_Epoch31": 1.1920928955078125e-07, "Agent0_Epoch32": 0.0, "Agent1_Epoch32": -1.1920928955078125e-07, "Agent2_Epoch32": -1.1920928955078125e-07, "Agent0_Epoch33": 1.1920928955078125e-07, "Agent1_Epoch33": 0.0, "Agent2_Epoch33": 0.0, "Agent0_Epoch34": 1.1920928955078125e-07, "Agent1_Epoch34": 0.0, "Agent2_Epoch34": 0.0, "Agent0_Epoch35": 0.0, "Agent1_Epoch35": 0.0, "Agent2_Epoch35": 1.1920928955078125e-07, "Agent0_Epoch36": 1.1920928955078125e-07, "Agent1_Epoch36": 1.1920928955078125e-07, "Agent2_Epoch36": 0.0, "Agent0_Epoch37": 0.0, "Agent1_Epoch37": 0.0, "Agent2_Epoch37": 0.0, "Agent0_Epoch38": 0.0, "Agent1_Epoch38": 0.0, "Agent2_Epoch38": 0.0, "Agent0_Epoch39": -1.1920928955078125e-07, "Agent1_Epoch39": -1.1920928955078125e-07, "Agent2_Epoch39": 0.0, "Agent0_Epoch40": 0.0, "Agent1_Epoch40": 0.0, "Agent2_Epoch40": -1.1920928955078125e-07, "Agent0_Epoch41": 0.0, "Agent1_Epoch41": 0.0, "Agent2_Epoch41": 1.1920928955078125e-07, "Agent0_Epoch42": 1.1920928955078125e-07, "Agent1_Epoch42": 0.0, "Agent2_Epoch42": 1.1920928955078125e-07, "Agent0_Epoch43": 0.0, "Agent1_Epoch43": 0.0, "Agent2_Epoch43": 1.1920928955078125e-07, "Agent0_Epoch44": 0.0, "Agent1_Epoch44": -1.1920928955078125e-07, "Agent2_Epoch44": -1.1920928955078125e-07, "Agent0_Epoch45": 0.0, "Agent1_Epoch45": 1.1920928955078125e-07, "Agent2_Epoch45": 1.1920928955078125e-07, "Agent0_Epoch46": -1.1920928955078125e-07, "Agent1_Epoch46": 0.0, "Agent2_Epoch46": -1.1920928955078125e-07, "Agent0_Epoch47": 0.0, "Agent1_Epoch47": 0.0, "Agent2_Epoch47": 0.0, "Agent0_Epoch48": 1.1920928955078125e-07, "Agent1_Epoch48": 0.0, "Agent2_Epoch48": 0.0, "Agent0_Epoch49": 0.0, "Agent1_Epoch49": 1.1920928955078125e-07, "Agent2_Epoch49": 1.1920928955078125e-07, "Agent0_Epoch50": 0.0, "Agent1_Epoch50": 1.1920928955078125e-07, "Agent2_Epoch50": 1.1920928955078125e-07}