{"E1_agent0_norm": 2.5811104774475098, "E1_agent1_norm": 2.0136466026306152, "E1_agent2_norm": 2.2166762351989746, "E2_agent0_norm": 1.0443007946014404, "E2_agent1_norm": 1.0726107358932495, "E2_agent2_norm": 1.4017434120178223, "E3_agent0_norm": 0.9264817833900452, "E3_agent1_norm": 0.6724101901054382, "E3_agent2_norm": 0.8532879948616028, "E4_agent0_norm": 0.6225873231887817, "E4_agent1_norm": 0.4732920527458191, "E4_agent2_norm": 0.6152892112731934, "E5_agent0_norm": 0.5501940846443176, "E5_agent1_norm": 0.36221134662628174, "E5_agent2_norm": 0.4398699700832367, "E6_agent0_norm": 0.48499828577041626, "E6_agent1_norm": 0.3090018928050995, "E6_agent2_norm": 0.36207321286201477, "E7_agent0_norm": 0.495662122964859, "E7_agent1_norm": 0.2966805398464203, "E7_agent2_norm": 0.3552776575088501, "E8_agent0_norm": 0.4478076100349426, "E8_agent1_norm": 0.28879961371421814, "E8_agent2_norm": 0.32267409563064575, "E9_agent0_norm": 0.43596965074539185, "E9_agent1_norm": 0.2490813434123993, "E9_agent2_norm": 0.2601865530014038, "E10_agent0_norm": 0.3367079496383667, "E10_agent1_norm": 0.1787594109773636, "E10_agent2_norm": 0.21881361305713654, "E11_agent0_norm": 0.28982317447662354, "E11_agent1_norm": 0.18979911506175995, "E11_agent2_norm": 0.23315012454986572, "E12_agent0_norm": 0.2601477801799774, "E12_agent1_norm": 0.1271551251411438, "E12_agent2_norm": 0.147452250123024, "E13_agent0_norm": 0.17712454497814178, "E13_agent1_norm": 0.09754127264022827, "E13_agent2_norm": 0.11776967346668243, "E14_agent0_norm": 0.1291418820619583, "E14_agent1_norm": 0.06773123890161514, "E14_agent2_norm": 0.07820981740951538, "E15_agent0_norm": 0.09127499163150787, "E15_agent1_norm": 0.07703965157270432, "E15_agent2_norm": 0.08240187168121338, "E16_agent0_norm": 0.09671398252248764, "E16_agent1_norm": 0.057087186723947525, "E16_agent2_norm": 0.06289884448051453, "E17_agent0_norm": 0.05786436051130295, "E17_agent1_norm": 0.030400468036532402, "E17_agent2_norm": 0.034018758684396744, "E18_agent0_norm": 0.0452384278178215, "E18_agent1_norm": 0.03399284929037094, "E18_agent2_norm": 0.036003876477479935, "E19_agent0_norm": 0.03271976113319397, "E19_agent1_norm": 0.017854826524853706, "E19_agent2_norm": 0.019081460312008858, "E20_agent0_norm": 0.022224200889468193, "E20_agent1_norm": 0.011228032410144806, "E20_agent2_norm": 0.011642259545624256, "E21_agent0_norm": 0.012543496675789356, "E21_agent1_norm": 0.008297388441860676, "E21_agent2_norm": 0.008469726890325546, "E22_agent0_norm": 0.008511805906891823, "E22_agent1_norm": 0.0028191087767481804, "E22_agent2_norm": 0.00278290337882936, "E23_agent0_norm": 0.006673026829957962, "E23_agent1_norm": 0.002859179861843586, "E23_agent2_norm": 0.002902007196098566, "E24_agent0_norm": 0.004913821816444397, "E24_agent1_norm": 0.002246012445539236, "E24_agent2_norm": 0.0022751041688024998, "E25_agent0_norm": 0.0039528836496174335, "E25_agent1_norm": 0.001959976041689515, "E25_agent2_norm": 0.001980567816644907, "E26_agent0_norm": 0.0028318448457866907, "E26_agent1_norm": 0.0011703510535880923, "E26_agent2_norm": 0.001184048829600215, "E27_agent0_norm": 0.0021484950557351112, "E27_agent1_norm": 0.0013621811522170901, "E27_agent2_norm": 0.0013789504300802946, "E28_agent0_norm": 0.0012659815838560462, "E28_agent1_norm": 0.00047729420475661755, "E28_agent2_norm": 0.0004849874821957201, "E29_agent0_norm": 0.0008191099623218179, "E29_agent1_norm": 0.0004728678031824529, "E29_agent2_norm": 0.00047706550685688853, "E30_agent0_norm": 0.0005842599202878773, "E30_agent1_norm": 0.0002728558029048145, "E30_agent2_norm": 0.0002757826296146959, "E31_agent0_norm": 0.000503762683365494, "E31_agent1_norm": 0.0003076358698308468, "E31_agent2_norm": 0.0003107480879407376, "E32_agent0_norm": 0.0003482948523014784, "E32_agent1_norm": 0.0002641080063767731, "E32_agent2_norm": 0.00026587527827359736, "E33_agent0_norm": 0.00022863849881105125, "E33_agent1_norm": 8.645346679259092e-05, "E33_agent2_norm": 8.77495258464478e-05, "E34_agent0_norm": 0.00015328190056607127, "E34_agent1_norm": 8.847322169458494e-05, "E34_agent2_norm": 8.923130371840671e-05, "E35_agent0_norm": 7.461721543222666e-05, "E35_agent1_norm": 3.302395998616703e-05, "E35_agent2_norm": 3.359553011250682e-05, "E36_agent0_norm": 7.538470526924357e-05, "E36_agent1_norm": 4.362739491625689e-05, "E36_agent2_norm": 4.405617437441833e-05, "E37_agent0_norm": 4.6674584154970944e-05, "E37_agent1_norm": 1.8916287444881164e-05, "E37_agent2_norm": 1.9080091078649275e-05, "E38_agent0_norm": 3.886302874889225e-05, "E38_agent1_norm": 1.5941885067149997e-05, "E38_agent2_norm": 1.6187410437851213e-05, "E39_agent0_norm": 2.2882752091391012e-05, "E39_agent1_norm": 1.2382919521769509e-05, "E39_agent2_norm": 1.2494319889810868e-05, "E40_agent0_norm": 1.579560739628505e-05, "E40_agent1_norm": 6.277041393332183e-06, "E40_agent2_norm": 6.3463930928264745e-06, "E41_agent0_norm": 1.364202853437746e-05, "E41_agent1_norm": 8.447821528534405e-06, "E41_agent2_norm": 8.518496542819776e-06, "E42_agent0_norm": 1.0329510587325785e-05, "E42_agent1_norm": 5.625654466712149e-06, "E42_agent2_norm": 5.677386070601642e-06, "E43_agent0_norm": 5.016613158659311e-06, "E43_agent1_norm": 1.7923102859640494e-06, "E43_agent2_norm": 1.8001484249907662e-06, "E44_agent0_norm": 4.072843239555368e-06, "E44_agent1_norm": 1.7541048009661608e-06, "E44_agent2_norm": 1.7726224541547708e-06, "E45_agent0_norm": 3.191511268596514e-06, "E45_agent1_norm": 1.3006639392187935e-06, "E45_agent2_norm": 1.2995685665373458e-06, "E46_agent0_norm": 2.7412072540755617e-06, "E46_agent1_norm": 1.892275236059504e-06, "E46_agent2_norm": 1.9033631133424933e-06, "E47_agent0_norm": 1.3587628018285614e-06, "E47_agent1_norm": 8.788235845713643e-07, "E47_agent2_norm": 8.813469207780145e-07, "E48_agent0_norm": 9.271776093555673e-07, "E48_agent1_norm": 5.360195132197987e-07, "E48_agent2_norm": 5.371131805986806e-07, "E49_agent0_norm": 6.388243605215393e-07, "E49_agent1_norm": 4.290089066216751e-07, "E49_agent2_norm": 4.302337401895784e-07, "E50_agent0_norm": 3.116849427442503e-07, "E50_agent1_norm": 1.4021598815361358e-07, "E50_agent2_norm": 1.4097707889959565e-07}