{"E1_agent0_norm": 2.71472430229187, "E1_agent1_norm": 2.3800156116485596, "E1_agent2_norm": 2.3983237743377686, "E2_agent0_norm": 0.8608132600784302, "E2_agent1_norm": 1.0578241348266602, "E2_agent2_norm": 1.2159690856933594, "E3_agent0_norm": 0.8417844772338867, "E3_agent1_norm": 0.6457229256629944, "E3_agent2_norm": 0.898632287979126, "E4_agent0_norm": 0.6225702166557312, "E4_agent1_norm": 0.44903475046157837, "E4_agent2_norm": 0.5093507170677185, "E5_agent0_norm": 0.5592931509017944, "E5_agent1_norm": 0.4046991467475891, "E5_agent2_norm": 0.5014517903327942, "E6_agent0_norm": 0.5181737542152405, "E6_agent1_norm": 0.33520975708961487, "E6_agent2_norm": 0.3851280212402344, "E7_agent0_norm": 0.45275795459747314, "E7_agent1_norm": 0.29116350412368774, "E7_agent2_norm": 0.35250136256217957, "E8_agent0_norm": 0.42481911182403564, "E8_agent1_norm": 0.23790735006332397, "E8_agent2_norm": 0.28830695152282715, "E9_agent0_norm": 0.3808220624923706, "E9_agent1_norm": 0.21401260793209076, "E9_agent2_norm": 0.2484462559223175, "E10_agent0_norm": 0.3645893335342407, "E10_agent1_norm": 0.20263569056987762, "E10_agent2_norm": 0.27674439549446106, "E11_agent0_norm": 0.30821749567985535, "E11_agent1_norm": 0.17562325298786163, "E11_agent2_norm": 0.22500064969062805, "E12_agent0_norm": 0.20100699365139008, "E12_agent1_norm": 0.10284366458654404, "E12_agent2_norm": 0.12001335620880127, "E13_agent0_norm": 0.19433292746543884, "E13_agent1_norm": 0.11190050095319748, "E13_agent2_norm": 0.1259068250656128, "E14_agent0_norm": 0.12391409277915955, "E14_agent1_norm": 0.06404302269220352, "E14_agent2_norm": 0.07150045037269592, "E15_agent0_norm": 0.10787543654441833, "E15_agent1_norm": 0.0639805719256401, "E15_agent2_norm": 0.06895186007022858, "E16_agent0_norm": 0.062068842351436615, "E16_agent1_norm": 0.0407409705221653, "E16_agent2_norm": 0.04346200078725815, "E17_agent0_norm": 0.039233505725860596, "E17_agent1_norm": 0.018822332844138145, "E17_agent2_norm": 0.02035663276910782, "E18_agent0_norm": 0.0345490500330925, "E18_agent1_norm": 0.014009772799909115, "E18_agent2_norm": 0.014841954223811626, "E19_agent0_norm": 0.03467096760869026, "E19_agent1_norm": 0.01766703650355339, "E19_agent2_norm": 0.018336469307541847, "E20_agent0_norm": 0.02262505702674389, "E20_agent1_norm": 0.013757743872702122, "E20_agent2_norm": 0.013941632583737373, "E21_agent0_norm": 0.016456283628940582, "E21_agent1_norm": 0.012702365405857563, "E21_agent2_norm": 0.012792577967047691, "E22_agent0_norm": 0.007546702399849892, "E22_agent1_norm": 0.003515205578878522, "E22_agent2_norm": 0.003542762016877532, "E23_agent0_norm": 0.006235904060304165, "E23_agent1_norm": 0.0030137253925204277, "E23_agent2_norm": 0.0030450718477368355, "E24_agent0_norm": 0.005650640465319157, "E24_agent1_norm": 0.002681724028661847, "E24_agent2_norm": 0.0027093321550637484, "E25_agent0_norm": 0.002977177035063505, "E25_agent1_norm": 0.001062061288394034, "E25_agent2_norm": 0.0010751554509624839, "E26_agent0_norm": 0.0025150717701762915, "E26_agent1_norm": 0.0011399972718209028, "E26_agent2_norm": 0.0011489840690046549, "E27_agent0_norm": 0.0019095784518867731, "E27_agent1_norm": 0.0009297182550653815, "E27_agent2_norm": 0.0009372971835546196, "E28_agent0_norm": 0.0015228287084028125, "E28_agent1_norm": 0.000950303568970412, "E28_agent2_norm": 0.0009563366766087711, "E29_agent0_norm": 0.0007881303317844868, "E29_agent1_norm": 0.0005274756113067269, "E29_agent2_norm": 0.0005295571172609925, "E30_agent0_norm": 0.000748748832847923, "E30_agent1_norm": 0.0004142380494158715, "E30_agent2_norm": 0.000416559079894796, "E31_agent0_norm": 0.0005378950154408813, "E31_agent1_norm": 0.00035203181323595345, "E31_agent2_norm": 0.00035384210059419274, "E32_agent0_norm": 0.00042578275315463543, "E32_agent1_norm": 0.0002623320324346423, "E32_agent2_norm": 0.00026342549244873226, "E33_agent0_norm": 0.00022349126811604947, "E33_agent1_norm": 0.00013681863492820412, "E33_agent2_norm": 0.0001378359302179888, "E34_agent0_norm": 0.0001363869378110394, "E34_agent1_norm": 4.803814590559341e-05, "E34_agent2_norm": 4.859069667872973e-05, "E35_agent0_norm": 0.00012399953266140074, "E35_agent1_norm": 0.00010928799747489393, "E35_agent2_norm": 0.00010966596164507791, "E36_agent0_norm": 6.715576455462724e-05, "E36_agent1_norm": 3.0496117688016966e-05, "E36_agent2_norm": 3.066096905968152e-05, "E37_agent0_norm": 4.683474253397435e-05, "E37_agent1_norm": 3.074000414926559e-05, "E37_agent2_norm": 3.09013958030846e-05, "E38_agent0_norm": 4.2219075112370774e-05, "E38_agent1_norm": 2.7161286197951995e-05, "E38_agent2_norm": 2.7298256100038998e-05, "E39_agent0_norm": 2.3488524675485678e-05, "E39_agent1_norm": 1.0026657037087716e-05, "E39_agent2_norm": 1.009233710647095e-05, "E40_agent0_norm": 2.4179946194635704e-05, "E40_agent1_norm": 1.6199655874515884e-05, "E40_agent2_norm": 1.6287514881696552e-05, "E41_agent0_norm": 1.3320272046257742e-05, "E41_agent1_norm": 7.256795015564421e-06, "E41_agent2_norm": 7.297629053937271e-06, "E42_agent0_norm": 9.397191206517164e-06, "E42_agent1_norm": 5.984817562421085e-06, "E42_agent2_norm": 6.014228347339667e-06, "E43_agent0_norm": 6.236321041797055e-06, "E43_agent1_norm": 3.1798383588466095e-06, "E43_agent2_norm": 3.2071704936242895e-06, "E44_agent0_norm": 4.656588771467796e-06, "E44_agent1_norm": 2.8891749934700783e-06, "E44_agent2_norm": 2.9025763979007024e-06, "E45_agent0_norm": 2.85396686194872e-06, "E45_agent1_norm": 1.35267930545524e-06, "E45_agent2_norm": 1.364532522529771e-06, "E46_agent0_norm": 2.3406794298352906e-06, "E46_agent1_norm": 1.1452020771685056e-06, "E46_agent2_norm": 1.147615876107011e-06, "E47_agent0_norm": 1.5947842939567636e-06, "E47_agent1_norm": 9.221534469361359e-07, "E47_agent2_norm": 9.241188649866672e-07, "E48_agent0_norm": 1.121292029893084e-06, "E48_agent1_norm": 6.158086875984736e-07, "E48_agent2_norm": 6.173837618916878e-07, "E49_agent0_norm": 6.573965833922557e-07, "E49_agent1_norm": 5.229927637628862e-07, "E49_agent2_norm": 5.237491222942481e-07, "E50_agent0_norm": 3.3576830560377857e-07, "E50_agent1_norm": 2.1309683972958737e-07, "E50_agent2_norm": 2.138623784730953e-07}