{"E1_agent0_norm": 2.5755388736724854, "E1_agent1_norm": 2.271122694015503, "E1_agent2_norm": 2.3570785522460938, "E2_agent0_norm": 0.9491891264915466, "E2_agent1_norm": 1.007141351699829, "E2_agent2_norm": 1.207616925239563, "E3_agent0_norm": 0.8845387697219849, "E3_agent1_norm": 0.6983224153518677, "E3_agent2_norm": 0.8325292468070984, "E4_agent0_norm": 0.7059889435768127, "E4_agent1_norm": 0.5356387495994568, "E4_agent2_norm": 0.603478193283081, "E5_agent0_norm": 0.5930667519569397, "E5_agent1_norm": 0.4603959619998932, "E5_agent2_norm": 0.4695407450199127, "E6_agent0_norm": 0.5761960744857788, "E6_agent1_norm": 0.38430720567703247, "E6_agent2_norm": 0.4668400287628174, "E7_agent0_norm": 0.4641474485397339, "E7_agent1_norm": 0.31845802068710327, "E7_agent2_norm": 0.3210018277168274, "E8_agent0_norm": 0.44844284653663635, "E8_agent1_norm": 0.2717207968235016, "E8_agent2_norm": 0.286146879196167, "E9_agent0_norm": 0.4529608488082886, "E9_agent1_norm": 0.26744651794433594, "E9_agent2_norm": 0.3188106119632721, "E10_agent0_norm": 0.42194923758506775, "E10_agent1_norm": 0.2525797486305237, "E10_agent2_norm": 0.31876638531684875, "E11_agent0_norm": 0.3957464396953583, "E11_agent1_norm": 0.25277653336524963, "E11_agent2_norm": 0.32922661304473877, "E12_agent0_norm": 0.3633652925491333, "E12_agent1_norm": 0.2478604018688202, "E12_agent2_norm": 0.3305014967918396, "E13_agent0_norm": 0.2268851399421692, "E13_agent1_norm": 0.226847842335701, "E13_agent2_norm": 0.2608512043952942, "E14_agent0_norm": 0.15081581473350525, "E14_agent1_norm": 0.10743556171655655, "E14_agent2_norm": 0.12746281921863556, "E15_agent0_norm": 0.12474355846643448, "E15_agent1_norm": 0.10920647531747818, "E15_agent2_norm": 0.1197870522737503, "E16_agent0_norm": 0.06427723914384842, "E16_agent1_norm": 0.04256178066134453, "E16_agent2_norm": 0.04813474044203758, "E17_agent0_norm": 0.055137328803539276, "E17_agent1_norm": 0.02785985916852951, "E17_agent2_norm": 0.03056524321436882, "E18_agent0_norm": 0.033928725868463516, "E18_agent1_norm": 0.018546689301729202, "E18_agent2_norm": 0.020711924880743027, "E19_agent0_norm": 0.02534523420035839, "E19_agent1_norm": 0.009111548773944378, "E19_agent2_norm": 0.009404022246599197, "E20_agent0_norm": 0.023560896515846252, "E20_agent1_norm": 0.01478552632033825, "E20_agent2_norm": 0.015149964019656181, "E21_agent0_norm": 0.020201392471790314, "E21_agent1_norm": 0.015870288014411926, "E21_agent2_norm": 0.016068078577518463, "E22_agent0_norm": 0.012240279465913773, "E22_agent1_norm": 0.007696384564042091, "E22_agent2_norm": 0.007785526104271412, "E23_agent0_norm": 0.009694673120975494, "E23_agent1_norm": 0.005725306458771229, "E23_agent2_norm": 0.005771365948021412, "E24_agent0_norm": 0.004417702555656433, "E24_agent1_norm": 0.001991469878703356, "E24_agent2_norm": 0.002016777638345957, "E25_agent0_norm": 0.003613871056586504, "E25_agent1_norm": 0.001590091036632657, "E25_agent2_norm": 0.0016113281017169356, "E26_agent0_norm": 0.00370297790504992, "E26_agent1_norm": 0.0026083849370479584, "E26_agent2_norm": 0.0026260341983288527, "E27_agent0_norm": 0.0020088651217520237, "E27_agent1_norm": 0.001259801909327507, "E27_agent2_norm": 0.0012725060805678368, "E28_agent0_norm": 0.0013925408711656928, "E28_agent1_norm": 0.0007036100723780692, "E28_agent2_norm": 0.000711000757291913, "E29_agent0_norm": 0.0008956939564086497, "E29_agent1_norm": 0.0004368693334981799, "E29_agent2_norm": 0.0004424872749950737, "E30_agent0_norm": 0.0006227798876352608, "E30_agent1_norm": 0.0003472102398518473, "E30_agent2_norm": 0.0003493710537441075, "E31_agent0_norm": 0.000448486563982442, "E31_agent1_norm": 0.00032297783764079213, "E31_agent2_norm": 0.00032551627373322845, "E32_agent0_norm": 0.0003472444077488035, "E32_agent1_norm": 0.00023277186846826226, "E32_agent2_norm": 0.00023424772371072322, "E33_agent0_norm": 0.00021055678371340036, "E33_agent1_norm": 0.000151670363266021, "E33_agent2_norm": 0.00015263012028299272, "E34_agent0_norm": 0.00017222599126398563, "E34_agent1_norm": 8.731608977541327e-05, "E34_agent2_norm": 8.812324813334271e-05, "E35_agent0_norm": 0.00012744816194754094, "E35_agent1_norm": 9.534133278066292e-05, "E35_agent2_norm": 9.578246681485325e-05, "E36_agent0_norm": 7.244506559800357e-05, "E36_agent1_norm": 3.277387440903112e-05, "E36_agent2_norm": 3.294851558166556e-05, "E37_agent0_norm": 7.266875763889402e-05, "E37_agent1_norm": 6.677034980384633e-05, "E37_agent2_norm": 6.708768341923133e-05, "E38_agent0_norm": 3.6230849218554795e-05, "E38_agent1_norm": 1.660250563872978e-05, "E38_agent2_norm": 1.6774805772001855e-05, "E39_agent0_norm": 2.4256874894490466e-05, "E39_agent1_norm": 1.1478172382339835e-05, "E39_agent2_norm": 1.156371581600979e-05, "E40_agent0_norm": 2.3726410290692e-05, "E40_agent1_norm": 1.4158161320665386e-05, "E40_agent2_norm": 1.4277862646849826e-05, "E41_agent0_norm": 1.2519517440523487e-05, "E41_agent1_norm": 5.880468506802572e-06, "E41_agent2_norm": 5.954290827503428e-06, "E42_agent0_norm": 1.1700209142873064e-05, "E42_agent1_norm": 9.387244062963873e-06, "E42_agent2_norm": 9.4334272944252e-06, "E43_agent0_norm": 8.028843694773968e-06, "E43_agent1_norm": 5.523726940737106e-06, "E43_agent2_norm": 5.559913915931247e-06, "E44_agent0_norm": 4.595568952936446e-06, "E44_agent1_norm": 2.2669232748739887e-06, "E44_agent2_norm": 2.2800295482738875e-06, "E45_agent0_norm": 2.892872544180136e-06, "E45_agent1_norm": 2.0392747046571458e-06, "E45_agent2_norm": 2.0457737264223397e-06, "E46_agent0_norm": 1.7727123804434086e-06, "E46_agent1_norm": 1.0273384987158352e-06, "E46_agent2_norm": 1.0365364460085402e-06, "E47_agent0_norm": 1.6042556580941891e-06, "E47_agent1_norm": 1.0768261518023792e-06, "E47_agent2_norm": 1.08215272121015e-06, "E48_agent0_norm": 1.2241773674759315e-06, "E48_agent1_norm": 8.42563963487919e-07, "E48_agent2_norm": 8.449256938547478e-07, "E49_agent0_norm": 4.833327125197684e-07, "E49_agent1_norm": 2.6330238256377925e-07, "E49_agent2_norm": 2.634197642237268e-07, "E50_agent0_norm": 4.5463090714292775e-07, "E50_agent1_norm": 2.6770382532959047e-07, "E50_agent2_norm": 2.686676339180849e-07}