{"Agent0_Epoch1": 0.295845091342926, "Agent1_Epoch1": 0.2955397367477417, "Agent2_Epoch1": 0.9973716735839844, "Agent0_Epoch2": 0.060472309589385986, "Agent1_Epoch2": 0.1845841407775879, "Agent2_Epoch2": 0.20482778549194336, "Agent0_Epoch3": 0.024629652500152588, "Agent1_Epoch3": 0.0585554838180542, "Agent2_Epoch3": 0.06335508823394775, "Agent0_Epoch4": 0.011521458625793457, "Agent1_Epoch4": 0.02114921808242798, "Agent2_Epoch4": 0.02851325273513794, "Agent0_Epoch5": 0.006120026111602783, "Agent1_Epoch5": 0.009231507778167725, "Agent2_Epoch5": 0.011649012565612793, "Agent0_Epoch6": 0.004178166389465332, "Agent1_Epoch6": 0.005520641803741455, "Agent2_Epoch6": 0.006782233715057373, "Agent0_Epoch7": 0.0030176639556884766, "Agent1_Epoch7": 0.003660917282104492, "Agent2_Epoch7": 0.004991471767425537, "Agent0_Epoch8": 0.002599656581878662, "Agent1_Epoch8": 0.0029720067977905273, "Agent2_Epoch8": 0.003933906555175781, "Agent0_Epoch9": 0.0022861361503601074, "Agent1_Epoch9": 0.0025147199630737305, "Agent2_Epoch9": 0.0031453371047973633, "Agent0_Epoch10": 0.0019864439964294434, "Agent1_Epoch10": 0.0021292567253112793, "Agent2_Epoch10": 0.002750217914581299, "Agent0_Epoch11": 0.0018135905265808105, "Agent1_Epoch11": 0.0019109845161437988, "Agent2_Epoch11": 0.0023464560508728027, "Agent0_Epoch12": 0.0015301108360290527, "Agent1_Epoch12": 0.0015938282012939453, "Agent2_Epoch12": 0.0019064545631408691, "Agent0_Epoch13": 0.0010520219802856445, "Agent1_Epoch13": 0.0010862350463867188, "Agent2_Epoch13": 0.0015220046043395996, "Agent0_Epoch14": 0.0006450414657592773, "Agent1_Epoch14": 0.0006614327430725098, "Agent2_Epoch14": 0.0008379220962524414, "Agent0_Epoch15": 0.00043785572052001953, "Agent1_Epoch15": 0.0004469156265258789, "Agent2_Epoch15": 0.0005863308906555176, "Agent0_Epoch16": 0.00028204917907714844, "Agent1_Epoch16": 0.0002867579460144043, "Agent2_Epoch16": 0.00033533573150634766, "Agent0_Epoch17": 0.00016456842422485352, "Agent1_Epoch17": 0.00016689300537109375, "Agent2_Epoch17": 0.00019747018814086914, "Agent0_Epoch18": 8.749961853027344e-05, "Agent1_Epoch18": 8.827447891235352e-05, "Agent2_Epoch18": 0.00011861324310302734, "Agent0_Epoch19": 5.346536636352539e-05, "Agent1_Epoch19": 5.3942203521728516e-05, "Agent2_Epoch19": 5.9664249420166016e-05, "Agent0_Epoch20": 3.0219554901123047e-05, "Agent1_Epoch20": 3.0338764190673828e-05, "Agent2_Epoch20": 3.451108932495117e-05, "Agent0_Epoch21": 1.633167266845703e-05, "Agent1_Epoch21": 1.633167266845703e-05, "Agent2_Epoch21": 2.0384788513183594e-05, "Agent0_Epoch22": 8.881092071533203e-06, "Agent1_Epoch22": 8.940696716308594e-06, "Agent2_Epoch22": 1.1205673217773438e-05, "Agent0_Epoch23": 4.827976226806641e-06, "Agent1_Epoch23": 4.947185516357422e-06, "Agent2_Epoch23": 5.245208740234375e-06, "Agent0_Epoch24": 2.4437904357910156e-06, "Agent1_Epoch24": 2.5033950805664062e-06, "Agent2_Epoch24": 2.9802322387695312e-06, "Agent0_Epoch25": 1.1920928955078125e-06, "Agent1_Epoch25": 1.1920928955078125e-06, "Agent2_Epoch25": 1.6689300537109375e-06, "Agent0_Epoch26": 8.344650268554688e-07, "Agent1_Epoch26": 7.748603820800781e-07, "Agent2_Epoch26": 8.344650268554688e-07, "Agent0_Epoch27": 2.980232238769531e-07, "Agent1_Epoch27": 3.5762786865234375e-07, "Agent2_Epoch27": 3.5762786865234375e-07, "Agent0_Epoch28": 1.1920928955078125e-07, "Agent1_Epoch28": 1.7881393432617188e-07, "Agent2_Epoch28": 1.7881393432617188e-07, "Agent0_Epoch29": 1.7881393432617188e-07, "Agent1_Epoch29": 1.7881393432617188e-07, "Agent2_Epoch29": 2.980232238769531e-07, "Agent0_Epoch30": -1.1920928955078125e-07, "Agent1_Epoch30": -1.1920928955078125e-07, "Agent2_Epoch30": 0.0, "Agent0_Epoch31": 0.0, "Agent1_Epoch31": 1.7881393432617188e-07, "Agent2_Epoch31": 1.1920928955078125e-07, "Agent0_Epoch32": 0.0, "Agent1_Epoch32": 1.1920928955078125e-07, "Agent2_Epoch32": -1.1920928955078125e-07, "Agent0_Epoch33": 0.0, "Agent1_Epoch33": 1.1920928955078125e-07, "Agent2_Epoch33": -1.1920928955078125e-07, "Agent0_Epoch34": 0.0, "Agent1_Epoch34": 0.0, "Agent2_Epoch34": 0.0, "Agent0_Epoch35": 0.0, "Agent1_Epoch35": 1.1920928955078125e-07, "Agent2_Epoch35": 1.1920928955078125e-07, "Agent0_Epoch36": 0.0, "Agent1_Epoch36": 1.1920928955078125e-07, "Agent2_Epoch36": 1.1920928955078125e-07, "Agent0_Epoch37": -1.1920928955078125e-07, "Agent1_Epoch37": 0.0, "Agent2_Epoch37": 0.0, "Agent0_Epoch38": 0.0, "Agent1_Epoch38": 0.0, "Agent2_Epoch38": -1.1920928955078125e-07, "Agent0_Epoch39": -1.1920928955078125e-07, "Agent1_Epoch39": 1.1920928955078125e-07, "Agent2_Epoch39": 0.0, "Agent0_Epoch40": -1.1920928955078125e-07, "Agent1_Epoch40": 0.0, "Agent2_Epoch40": 1.1920928955078125e-07, "Agent0_Epoch41": -1.1920928955078125e-07, "Agent1_Epoch41": -1.1920928955078125e-07, "Agent2_Epoch41": 0.0, "Agent0_Epoch42": 0.0, "Agent1_Epoch42": 1.1920928955078125e-07, "Agent2_Epoch42": 1.1920928955078125e-07, "Agent0_Epoch43": -1.1920928955078125e-07, "Agent1_Epoch43": 0.0, "Agent2_Epoch43": -1.1920928955078125e-07, "Agent0_Epoch44": 0.0, "Agent1_Epoch44": 0.0, "Agent2_Epoch44": 1.1920928955078125e-07, "Agent0_Epoch45": -2.384185791015625e-07, "Agent1_Epoch45": 0.0, "Agent2_Epoch45": -1.1920928955078125e-07, "Agent0_Epoch46": 0.0, "Agent1_Epoch46": 0.0, "Agent2_Epoch46": 0.0, "Agent0_Epoch47": 0.0, "Agent1_Epoch47": 0.0, "Agent2_Epoch47": 0.0, "Agent0_Epoch48": 0.0, "Agent1_Epoch48": 1.1920928955078125e-07, "Agent2_Epoch48": 1.1920928955078125e-07, "Agent0_Epoch49": -1.1920928955078125e-07, "Agent1_Epoch49": 1.1920928955078125e-07, "Agent2_Epoch49": 1.1920928955078125e-07, "Agent0_Epoch50": -1.1920928955078125e-07, "Agent1_Epoch50": 0.0, "Agent2_Epoch50": 0.0}