{"Agent0_Epoch1": 0.2649418115615845, "Agent1_Epoch1": 0.3222770690917969, "Agent2_Epoch1": 0.994139552116394, "Agent3_Epoch1": 0.9864170551300049, "Agent4_Epoch1": 0.9954385161399841, "Agent0_Epoch2": 0.049975037574768066, "Agent1_Epoch2": 0.28817296028137207, "Agent2_Epoch2": 0.29843562841415405, "Agent3_Epoch2": 0.29423660039901733, "Agent4_Epoch2": 0.3015648126602173, "Agent0_Epoch3": 0.028196632862091064, "Agent1_Epoch3": 0.12320125102996826, "Agent2_Epoch3": 0.12413215637207031, "Agent3_Epoch3": 0.12398546934127808, "Agent4_Epoch3": 0.12604916095733643, "Agent0_Epoch4": 0.01724034547805786, "Agent1_Epoch4": 0.05537599325180054, "Agent2_Epoch4": 0.05592280626296997, "Agent3_Epoch4": 0.05484950542449951, "Agent4_Epoch4": 0.0562174916267395, "Agent0_Epoch5": 0.010972738265991211, "Agent1_Epoch5": 0.02744126319885254, "Agent2_Epoch5": 0.0269012451171875, "Agent3_Epoch5": 0.026847660541534424, "Agent4_Epoch5": 0.027277350425720215, "Agent0_Epoch6": 0.007140100002288818, "Agent1_Epoch6": 0.01467883586883545, "Agent2_Epoch6": 0.014772295951843262, "Agent3_Epoch6": 0.014429807662963867, "Agent4_Epoch6": 0.015259981155395508, "Agent0_Epoch7": 0.004899263381958008, "Agent1_Epoch7": 0.008648812770843506, "Agent2_Epoch7": 0.008669435977935791, "Agent3_Epoch7": 0.008126258850097656, "Agent4_Epoch7": 0.009086966514587402, "Agent0_Epoch8": 0.0034607648849487305, "Agent1_Epoch8": 0.005427539348602295, "Agent2_Epoch8": 0.005585432052612305, "Agent3_Epoch8": 0.005312621593475342, "Agent4_Epoch8": 0.006142556667327881, "Agent0_Epoch9": 0.0026581287384033203, "Agent1_Epoch9": 0.003798544406890869, "Agent2_Epoch9": 0.0039198994636535645, "Agent3_Epoch9": 0.0035392045974731445, "Agent4_Epoch9": 0.0041051506996154785, "Agent0_Epoch10": 0.0020357370376586914, "Agent1_Epoch10": 0.0027056336402893066, "Agent2_Epoch10": 0.0026508569717407227, "Agent3_Epoch10": 0.0026247501373291016, "Agent4_Epoch10": 0.0033167600631713867, "Agent0_Epoch11": 0.0016224384307861328, "Agent1_Epoch11": 0.0020365118980407715, "Agent2_Epoch11": 0.002074122428894043, "Agent3_Epoch11": 0.0018708109855651855, "Agent4_Epoch11": 0.00209808349609375, "Agent0_Epoch12": 0.0012763738632202148, "Agent1_Epoch12": 0.0015314221382141113, "Agent2_Epoch12": 0.001544177532196045, "Agent3_Epoch12": 0.0015714764595031738, "Agent4_Epoch12": 0.0017734169960021973, "Agent0_Epoch13": 0.001033782958984375, "Agent1_Epoch13": 0.0011965632438659668, "Agent2_Epoch13": 0.0012081265449523926, "Agent3_Epoch13": 0.0011261701583862305, "Agent4_Epoch13": 0.001422286033630371, "Agent0_Epoch14": 0.000823676586151123, "Agent1_Epoch14": 0.0009265542030334473, "Agent2_Epoch14": 0.0009485483169555664, "Agent3_Epoch14": 0.000927269458770752, "Agent4_Epoch14": 0.0010548830032348633, "Agent0_Epoch15": 0.0006440877914428711, "Agent1_Epoch15": 0.0007083415985107422, "Agent2_Epoch15": 0.0007091760635375977, "Agent3_Epoch15": 0.0006194710731506348, "Agent4_Epoch15": 0.0007790327072143555, "Agent0_Epoch16": 0.0004849433898925781, "Agent1_Epoch16": 0.0005238056182861328, "Agent2_Epoch16": 0.0005051493644714355, "Agent3_Epoch16": 0.0004992485046386719, "Agent4_Epoch16": 0.000538170337677002, "Agent0_Epoch17": 0.0003546476364135742, "Agent1_Epoch17": 0.00037747621536254883, "Agent2_Epoch17": 0.000370025634765625, "Agent3_Epoch17": 0.00034373998641967773, "Agent4_Epoch17": 0.00046133995056152344, "Agent0_Epoch18": 0.0002581477165222168, "Agent1_Epoch18": 0.0002714991569519043, "Agent2_Epoch18": 0.00027424097061157227, "Agent3_Epoch18": 0.0002607107162475586, "Agent4_Epoch18": 0.0002924799919128418, "Agent0_Epoch19": 0.00018280744552612305, "Agent1_Epoch19": 0.00019037723541259766, "Agent2_Epoch19": 0.00018858909606933594, "Agent3_Epoch19": 0.00018280744552612305, "Agent4_Epoch19": 0.00020045042037963867, "Agent0_Epoch20": 0.0001270771026611328, "Agent1_Epoch20": 0.00013130903244018555, "Agent2_Epoch20": 0.00013136863708496094, "Agent3_Epoch20": 0.00012308359146118164, "Agent4_Epoch20": 0.00013720989227294922, "Agent0_Epoch21": 8.654594421386719e-05, "Agent1_Epoch21": 8.90493392944336e-05, "Agent2_Epoch21": 9.101629257202148e-05, "Agent3_Epoch21": 8.225440979003906e-05, "Agent4_Epoch21": 9.512901306152344e-05, "Agent0_Epoch22": 5.894899368286133e-05, "Agent1_Epoch22": 6.031990051269531e-05, "Agent2_Epoch22": 6.0617923736572266e-05, "Agent3_Epoch22": 5.91278076171875e-05, "Agent4_Epoch22": 6.026029586791992e-05, "Agent0_Epoch23": 3.9517879486083984e-05, "Agent1_Epoch23": 4.011392593383789e-05, "Agent2_Epoch23": 3.993511199951172e-05, "Agent3_Epoch23": 3.8623809814453125e-05, "Agent4_Epoch23": 4.2557716369628906e-05, "Agent0_Epoch24": 2.6404857635498047e-05, "Agent1_Epoch24": 2.6881694793701172e-05, "Agent2_Epoch24": 2.676248550415039e-05, "Agent3_Epoch24": 2.5451183319091797e-05, "Agent4_Epoch24": 2.676248550415039e-05, "Agent0_Epoch25": 1.7404556274414062e-05, "Agent1_Epoch25": 1.7762184143066406e-05, "Agent2_Epoch25": 1.7702579498291016e-05, "Agent3_Epoch25": 1.7464160919189453e-05, "Agent4_Epoch25": 1.7702579498291016e-05}