{"E1_agent0_norm": 4.040255546569824, "E1_agent1_norm": 2.156870126724243, "E1_agent2_norm": 2.172398090362549, "E1_agent3_norm": 1.9612921476364136, "E1_agent4_norm": 2.2576842308044434, "E2_agent0_norm": 1.3111615180969238, "E2_agent1_norm": 1.0637568235397339, "E2_agent2_norm": 1.0988014936447144, "E2_agent3_norm": 0.9417425394058228, "E2_agent4_norm": 1.051112413406372, "E3_agent0_norm": 0.888934314250946, "E3_agent1_norm": 0.49701422452926636, "E3_agent2_norm": 0.6332283020019531, "E3_agent3_norm": 0.44577065110206604, "E3_agent4_norm": 0.6333937048912048, "E4_agent0_norm": 0.5638223886489868, "E4_agent1_norm": 0.35707399249076843, "E4_agent2_norm": 0.3973754942417145, "E4_agent3_norm": 0.318094938993454, "E4_agent4_norm": 0.3986763060092926, "E5_agent0_norm": 0.4415161609649658, "E5_agent1_norm": 0.2869308888912201, "E5_agent2_norm": 0.30858907103538513, "E5_agent3_norm": 0.2838999330997467, "E5_agent4_norm": 0.38323888182640076, "E6_agent0_norm": 0.2977515459060669, "E6_agent1_norm": 0.21099978685379028, "E6_agent2_norm": 0.24924500286579132, "E6_agent3_norm": 0.19432294368743896, "E6_agent4_norm": 0.25224384665489197, "E7_agent0_norm": 0.2543608546257019, "E7_agent1_norm": 0.1539044827222824, "E7_agent2_norm": 0.1931946724653244, "E7_agent3_norm": 0.14545902609825134, "E7_agent4_norm": 0.1904047578573227, "E8_agent0_norm": 0.21082940697669983, "E8_agent1_norm": 0.138953298330307, "E8_agent2_norm": 0.17977198958396912, "E8_agent3_norm": 0.13377563655376434, "E8_agent4_norm": 0.1748119294643402, "E9_agent0_norm": 0.2173045575618744, "E9_agent1_norm": 0.11112713068723679, "E9_agent2_norm": 0.1655716449022293, "E9_agent3_norm": 0.11313223838806152, "E9_agent4_norm": 0.11877083778381348, "E10_agent0_norm": 0.16307303309440613, "E10_agent1_norm": 0.0905400812625885, "E10_agent2_norm": 0.13628773391246796, "E10_agent3_norm": 0.08474624156951904, "E10_agent4_norm": 0.08558861911296844, "E11_agent0_norm": 0.16221055388450623, "E11_agent1_norm": 0.08261781930923462, "E11_agent2_norm": 0.11283136159181595, "E11_agent3_norm": 0.08745100349187851, "E11_agent4_norm": 0.10132606327533722, "E12_agent0_norm": 0.14567191898822784, "E12_agent1_norm": 0.07899273931980133, "E12_agent2_norm": 0.10214708745479584, "E12_agent3_norm": 0.09389393776655197, "E12_agent4_norm": 0.08570481836795807, "E13_agent0_norm": 0.11570949852466583, "E13_agent1_norm": 0.05708438903093338, "E13_agent2_norm": 0.0649135559797287, "E13_agent3_norm": 0.05261509120464325, "E13_agent4_norm": 0.05033146217465401, "E14_agent0_norm": 0.10353878140449524, "E14_agent1_norm": 0.037391792982816696, "E14_agent2_norm": 0.05230381712317467, "E14_agent3_norm": 0.04224715381860733, "E14_agent4_norm": 0.05767424777150154, "E15_agent0_norm": 0.0779300108551979, "E15_agent1_norm": 0.037056248635053635, "E15_agent2_norm": 0.04143930971622467, "E15_agent3_norm": 0.039184682071208954, "E15_agent4_norm": 0.038635581731796265, "E16_agent0_norm": 0.06283938884735107, "E16_agent1_norm": 0.02543257549405098, "E16_agent2_norm": 0.026207629591226578, "E16_agent3_norm": 0.027520595118403435, "E16_agent4_norm": 0.049559250473976135, "E17_agent0_norm": 0.0471469946205616, "E17_agent1_norm": 0.018576081842184067, "E17_agent2_norm": 0.022275742143392563, "E17_agent3_norm": 0.0234067365527153, "E17_agent4_norm": 0.030945416539907455, "E18_agent0_norm": 0.03352014720439911, "E18_agent1_norm": 0.014339473098516464, "E18_agent2_norm": 0.014595176093280315, "E18_agent3_norm": 0.016337592154741287, "E18_agent4_norm": 0.02517622336745262, "E19_agent0_norm": 0.02457873523235321, "E19_agent1_norm": 0.009536541067063808, "E19_agent2_norm": 0.010860878974199295, "E19_agent3_norm": 0.01051337644457817, "E19_agent4_norm": 0.009183951653540134, "E20_agent0_norm": 0.017603084444999695, "E20_agent1_norm": 0.007609088905155659, "E20_agent2_norm": 0.008402965031564236, "E20_agent3_norm": 0.011309645138680935, "E20_agent4_norm": 0.013412551954388618, "E21_agent0_norm": 0.013346466235816479, "E21_agent1_norm": 0.005023095291107893, "E21_agent2_norm": 0.005741931032389402, "E21_agent3_norm": 0.005487816408276558, "E21_agent4_norm": 0.006345186848193407, "E22_agent0_norm": 0.008981375955045223, "E22_agent1_norm": 0.003201704937964678, "E22_agent2_norm": 0.003765517845749855, "E22_agent3_norm": 0.003615520428866148, "E22_agent4_norm": 0.0061593614518642426, "E23_agent0_norm": 0.006376825273036957, "E23_agent1_norm": 0.002321085426956415, "E23_agent2_norm": 0.0025933876167982817, "E23_agent3_norm": 0.0031429054215550423, "E23_agent4_norm": 0.005178497638553381, "E24_agent0_norm": 0.004538808483630419, "E24_agent1_norm": 0.0016126418486237526, "E24_agent2_norm": 0.001959748100489378, "E24_agent3_norm": 0.0017821276560425758, "E24_agent4_norm": 0.0022870581597089767, "E25_agent0_norm": 0.0032306986395269632, "E25_agent1_norm": 0.0012763787526637316, "E25_agent2_norm": 0.0013655481161549687, "E25_agent3_norm": 0.0021354795899242163, "E25_agent4_norm": 0.0022244551219046116}