{"Agent0_Epoch1": 0.26434534788131714, "Agent1_Epoch1": 0.3212388753890991, "Agent2_Epoch1": 0.9945610165596008, "Agent3_Epoch1": 0.9995664954185486, "Agent4_Epoch1": 0.987644612789154, "Agent0_Epoch2": 0.049009084701538086, "Agent1_Epoch2": 0.2889164686203003, "Agent2_Epoch2": 0.30136406421661377, "Agent3_Epoch2": 0.2978825569152832, "Agent4_Epoch2": 0.29977065324783325, "Agent0_Epoch3": 0.027679085731506348, "Agent1_Epoch3": 0.1217648983001709, "Agent2_Epoch3": 0.12663185596466064, "Agent3_Epoch3": 0.12192404270172119, "Agent4_Epoch3": 0.12990349531173706, "Agent0_Epoch4": 0.016847729682922363, "Agent1_Epoch4": 0.054301440715789795, "Agent2_Epoch4": 0.05488944053649902, "Agent3_Epoch4": 0.05298805236816406, "Agent4_Epoch4": 0.05529963970184326, "Agent0_Epoch5": 0.010332584381103516, "Agent1_Epoch5": 0.025956451892852783, "Agent2_Epoch5": 0.027511894702911377, "Agent3_Epoch5": 0.025891125202178955, "Agent4_Epoch5": 0.027096152305603027, "Agent0_Epoch6": 0.006751716136932373, "Agent1_Epoch6": 0.01392132043838501, "Agent2_Epoch6": 0.014810442924499512, "Agent3_Epoch6": 0.01451963186264038, "Agent4_Epoch6": 0.015142738819122314, "Agent0_Epoch7": 0.004621565341949463, "Agent1_Epoch7": 0.008166730403900146, "Agent2_Epoch7": 0.008881807327270508, "Agent3_Epoch7": 0.008603394031524658, "Agent4_Epoch7": 0.00912022590637207, "Agent0_Epoch8": 0.0033873915672302246, "Agent1_Epoch8": 0.005315124988555908, "Agent2_Epoch8": 0.005562484264373779, "Agent3_Epoch8": 0.005189001560211182, "Agent4_Epoch8": 0.005273699760437012, "Agent0_Epoch9": 0.002502739429473877, "Agent1_Epoch9": 0.0035811662673950195, "Agent2_Epoch9": 0.0037894248962402344, "Agent3_Epoch9": 0.0035068392753601074, "Agent4_Epoch9": 0.0038729310035705566, "Agent0_Epoch10": 0.0019417405128479004, "Agent1_Epoch10": 0.002583920955657959, "Agent2_Epoch10": 0.0028588175773620605, "Agent3_Epoch10": 0.00241851806640625, "Agent4_Epoch10": 0.0027675628662109375, "Agent0_Epoch11": 0.0015854239463806152, "Agent1_Epoch11": 0.00199282169342041, "Agent2_Epoch11": 0.0019582509994506836, "Agent3_Epoch11": 0.001835942268371582, "Agent4_Epoch11": 0.002088308334350586, "Agent0_Epoch12": 0.0012784600257873535, "Agent1_Epoch12": 0.0015357136726379395, "Agent2_Epoch12": 0.001519322395324707, "Agent3_Epoch12": 0.0009227991104125977, "Agent4_Epoch12": 0.0016921162605285645, "Agent0_Epoch13": 0.0010204315185546875, "Agent1_Epoch13": 0.001182854175567627, "Agent2_Epoch13": 0.001162111759185791, "Agent3_Epoch13": 0.0010012388229370117, "Agent4_Epoch13": 0.0012716054916381836, "Agent0_Epoch14": 0.0008319616317749023, "Agent1_Epoch14": 0.0009374022483825684, "Agent2_Epoch14": 0.0009250044822692871, "Agent3_Epoch14": 0.000750422477722168, "Agent4_Epoch14": 0.0011472702026367188, "Agent0_Epoch15": 0.0006748437881469727, "Agent1_Epoch15": 0.0007432103157043457, "Agent2_Epoch15": 0.0007243156433105469, "Agent3_Epoch15": 0.0006777048110961914, "Agent4_Epoch15": 0.0007759928703308105, "Agent0_Epoch16": 0.0005229711532592773, "Agent1_Epoch16": 0.0005654692649841309, "Agent2_Epoch16": 0.000568687915802002, "Agent3_Epoch16": 0.0005688667297363281, "Agent4_Epoch16": 0.0006387233734130859, "Agent0_Epoch17": 0.00040775537490844727, "Agent1_Epoch17": 0.00043463706970214844, "Agent2_Epoch17": 0.00041103363037109375, "Agent3_Epoch17": 0.000387728214263916, "Agent4_Epoch17": 0.0004296302795410156, "Agent0_Epoch18": 0.000286102294921875, "Agent1_Epoch18": 0.0003014206886291504, "Agent2_Epoch18": 0.0003082752227783203, "Agent3_Epoch18": 0.00029522180557250977, "Agent4_Epoch18": 0.0003605484962463379, "Agent0_Epoch19": 0.0002086162567138672, "Agent1_Epoch19": 0.0002174973487854004, "Agent2_Epoch19": 0.00021541118621826172, "Agent3_Epoch19": 0.00020623207092285156, "Agent4_Epoch19": 0.00024884939193725586, "Agent0_Epoch20": 0.0001475811004638672, "Agent1_Epoch20": 0.00015276670455932617, "Agent2_Epoch20": 0.00015026330947875977, "Agent3_Epoch20": 0.00013512372970581055, "Agent4_Epoch20": 0.0001620650291442871, "Agent0_Epoch21": 0.00010114908218383789, "Agent1_Epoch21": 0.00010395050048828125, "Agent2_Epoch21": 0.00010341405868530273, "Agent3_Epoch21": 0.00010371208190917969, "Agent4_Epoch21": 0.00011354684829711914, "Agent0_Epoch22": 7.003545761108398e-05, "Agent1_Epoch22": 7.158517837524414e-05, "Agent2_Epoch22": 7.104873657226562e-05, "Agent3_Epoch22": 6.759166717529297e-05, "Agent4_Epoch22": 7.444620132446289e-05, "Agent0_Epoch23": 4.738569259643555e-05, "Agent1_Epoch23": 4.8160552978515625e-05, "Agent2_Epoch23": 4.8160552978515625e-05, "Agent3_Epoch23": 4.589557647705078e-05, "Agent4_Epoch23": 5.072355270385742e-05, "Agent0_Epoch24": 3.17692756652832e-05, "Agent1_Epoch24": 3.224611282348633e-05, "Agent2_Epoch24": 3.2007694244384766e-05, "Agent3_Epoch24": 3.1828880310058594e-05, "Agent4_Epoch24": 3.403425216674805e-05, "Agent0_Epoch25": 2.1398067474365234e-05, "Agent1_Epoch25": 2.1517276763916016e-05, "Agent2_Epoch25": 2.1636486053466797e-05, "Agent3_Epoch25": 2.086162567138672e-05, "Agent4_Epoch25": 2.1576881408691406e-05}