{"E1_agent0_norm": 4.167205333709717, "E1_agent1_norm": 2.1794466972351074, "E1_agent2_norm": 1.9708393812179565, "E1_agent3_norm": 2.0442588329315186, "E1_agent4_norm": 2.560410499572754, "E2_agent0_norm": 1.2630345821380615, "E2_agent1_norm": 1.0577294826507568, "E2_agent2_norm": 1.1356490850448608, "E2_agent3_norm": 1.092703104019165, "E2_agent4_norm": 0.9633165597915649, "E3_agent0_norm": 0.9128918051719666, "E3_agent1_norm": 0.5688785910606384, "E3_agent2_norm": 0.5625021457672119, "E3_agent3_norm": 0.5257896184921265, "E3_agent4_norm": 0.5370431542396545, "E4_agent0_norm": 0.5755722522735596, "E4_agent1_norm": 0.34641140699386597, "E4_agent2_norm": 0.36048123240470886, "E4_agent3_norm": 0.39404231309890747, "E4_agent4_norm": 0.368704617023468, "E5_agent0_norm": 0.37454214692115784, "E5_agent1_norm": 0.27423104643821716, "E5_agent2_norm": 0.27735960483551025, "E5_agent3_norm": 0.2672140896320343, "E5_agent4_norm": 0.29584863781929016, "E6_agent0_norm": 0.3113982081413269, "E6_agent1_norm": 0.20236600935459137, "E6_agent2_norm": 0.22875095903873444, "E6_agent3_norm": 0.2411079704761505, "E6_agent4_norm": 0.21170994639396667, "E7_agent0_norm": 0.2781262695789337, "E7_agent1_norm": 0.17061738669872284, "E7_agent2_norm": 0.16476556658744812, "E7_agent3_norm": 0.167862668633461, "E7_agent4_norm": 0.20971690118312836, "E8_agent0_norm": 0.23044170439243317, "E8_agent1_norm": 0.13807955384254456, "E8_agent2_norm": 0.14274412393569946, "E8_agent3_norm": 0.13474832475185394, "E8_agent4_norm": 0.18069814145565033, "E9_agent0_norm": 0.21292820572853088, "E9_agent1_norm": 0.12646755576133728, "E9_agent2_norm": 0.11723292618989944, "E9_agent3_norm": 0.1056956872344017, "E9_agent4_norm": 0.14168207347393036, "E10_agent0_norm": 0.19145140051841736, "E10_agent1_norm": 0.0924285426735878, "E10_agent2_norm": 0.09509909152984619, "E10_agent3_norm": 0.1021217554807663, "E10_agent4_norm": 0.1302681565284729, "E11_agent0_norm": 0.16376911103725433, "E11_agent1_norm": 0.082332082092762, "E11_agent2_norm": 0.09066149592399597, "E11_agent3_norm": 0.079521544277668, "E11_agent4_norm": 0.10411428660154343, "E12_agent0_norm": 0.14784112572669983, "E12_agent1_norm": 0.06497371196746826, "E12_agent2_norm": 0.0767645314335823, "E12_agent3_norm": 0.06345002353191376, "E12_agent4_norm": 0.12314973026514053, "E13_agent0_norm": 0.13220533728599548, "E13_agent1_norm": 0.05272622033953667, "E13_agent2_norm": 0.05546461418271065, "E13_agent3_norm": 0.0538506917655468, "E13_agent4_norm": 0.1128472164273262, "E14_agent0_norm": 0.1023542732000351, "E14_agent1_norm": 0.03869904205203056, "E14_agent2_norm": 0.04174517095088959, "E14_agent3_norm": 0.03978674113750458, "E14_agent4_norm": 0.08705510199069977, "E15_agent0_norm": 0.08468236029148102, "E15_agent1_norm": 0.03271481767296791, "E15_agent2_norm": 0.033586256206035614, "E15_agent3_norm": 0.033224787563085556, "E15_agent4_norm": 0.08547018468379974, "E16_agent0_norm": 0.06585579365491867, "E16_agent1_norm": 0.02482188120484352, "E16_agent2_norm": 0.027164779603481293, "E16_agent3_norm": 0.024508565664291382, "E16_agent4_norm": 0.0395500585436821, "E17_agent0_norm": 0.04755573719739914, "E17_agent1_norm": 0.018783431500196457, "E17_agent2_norm": 0.018868587911128998, "E17_agent3_norm": 0.018244989216327667, "E17_agent4_norm": 0.030797244980931282, "E18_agent0_norm": 0.03407261148095131, "E18_agent1_norm": 0.015283874236047268, "E18_agent2_norm": 0.012565495446324348, "E18_agent3_norm": 0.012467910535633564, "E18_agent4_norm": 0.015565269626677036, "E19_agent0_norm": 0.023930314928293228, "E19_agent1_norm": 0.009669849649071693, "E19_agent2_norm": 0.009600205346941948, "E19_agent3_norm": 0.0098941745236516, "E19_agent4_norm": 0.015558337792754173, "E20_agent0_norm": 0.01830960437655449, "E20_agent1_norm": 0.007549630478024483, "E20_agent2_norm": 0.0077944304794073105, "E20_agent3_norm": 0.009713808074593544, "E20_agent4_norm": 0.01631188951432705, "E21_agent0_norm": 0.01316037867218256, "E21_agent1_norm": 0.005787072237581015, "E21_agent2_norm": 0.006747599225491285, "E21_agent3_norm": 0.009280122816562653, "E21_agent4_norm": 0.009847600013017654, "E22_agent0_norm": 0.008666248060762882, "E22_agent1_norm": 0.004114033188670874, "E22_agent2_norm": 0.0048392703756690025, "E22_agent3_norm": 0.00742937158793211, "E22_agent4_norm": 0.006304227747023106, "E23_agent0_norm": 0.006485268007963896, "E23_agent1_norm": 0.0024077200796455145, "E23_agent2_norm": 0.0022326852194964886, "E23_agent3_norm": 0.0022757607512176037, "E23_agent4_norm": 0.003375825472176075, "E24_agent0_norm": 0.004637517035007477, "E24_agent1_norm": 0.0018821440171450377, "E24_agent2_norm": 0.0018285803962498903, "E24_agent3_norm": 0.0024803944397717714, "E24_agent4_norm": 0.003638789290562272, "E25_agent0_norm": 0.003470433410257101, "E25_agent1_norm": 0.0012664642417803407, "E25_agent2_norm": 0.001204796484671533, "E25_agent3_norm": 0.00152538251131773, "E25_agent4_norm": 0.002792894374579191}