{"E1_agent0_norm": 4.059278964996338, "E1_agent1_norm": 2.0176315307617188, "E1_agent2_norm": 2.0985045433044434, "E1_agent3_norm": 2.0066311359405518, "E1_agent4_norm": 2.539850950241089, "E2_agent0_norm": 1.250927448272705, "E2_agent1_norm": 0.9848906397819519, "E2_agent2_norm": 1.1250925064086914, "E2_agent3_norm": 0.8309109210968018, "E2_agent4_norm": 1.0828863382339478, "E3_agent0_norm": 0.9345323443412781, "E3_agent1_norm": 0.5173491835594177, "E3_agent2_norm": 0.5410544872283936, "E3_agent3_norm": 0.5820809602737427, "E3_agent4_norm": 0.7415422201156616, "E4_agent0_norm": 0.5323006510734558, "E4_agent1_norm": 0.4757256507873535, "E4_agent2_norm": 0.4083556830883026, "E4_agent3_norm": 0.34476718306541443, "E4_agent4_norm": 0.4910135865211487, "E5_agent0_norm": 0.448567658662796, "E5_agent1_norm": 0.2711198925971985, "E5_agent2_norm": 0.28815484046936035, "E5_agent3_norm": 0.37133657932281494, "E5_agent4_norm": 0.3325299918651581, "E6_agent0_norm": 0.3639965355396271, "E6_agent1_norm": 0.2260092794895172, "E6_agent2_norm": 0.20277272164821625, "E6_agent3_norm": 0.22690227627754211, "E6_agent4_norm": 0.30715855956077576, "E7_agent0_norm": 0.30883467197418213, "E7_agent1_norm": 0.17082129418849945, "E7_agent2_norm": 0.14674295485019684, "E7_agent3_norm": 0.1793852299451828, "E7_agent4_norm": 0.22425922751426697, "E8_agent0_norm": 0.2620132565498352, "E8_agent1_norm": 0.13199882209300995, "E8_agent2_norm": 0.12776543200016022, "E8_agent3_norm": 0.13182871043682098, "E8_agent4_norm": 0.1495673805475235, "E9_agent0_norm": 0.26804155111312866, "E9_agent1_norm": 0.11500182002782822, "E9_agent2_norm": 0.11009948700666428, "E9_agent3_norm": 0.10910224169492722, "E9_agent4_norm": 0.11131320893764496, "E10_agent0_norm": 0.2421373426914215, "E10_agent1_norm": 0.09824870526790619, "E10_agent2_norm": 0.08807061612606049, "E10_agent3_norm": 0.09596976637840271, "E10_agent4_norm": 0.11717953532934189, "E11_agent0_norm": 0.20905165374279022, "E11_agent1_norm": 0.07605164498090744, "E11_agent2_norm": 0.0798342376947403, "E11_agent3_norm": 0.0794920027256012, "E11_agent4_norm": 0.09888137876987457, "E12_agent0_norm": 0.1821306198835373, "E12_agent1_norm": 0.07000428438186646, "E12_agent2_norm": 0.0726311206817627, "E12_agent3_norm": 0.06787184625864029, "E12_agent4_norm": 0.06862682104110718, "E13_agent0_norm": 0.16499468684196472, "E13_agent1_norm": 0.0573420412838459, "E13_agent2_norm": 0.05627933144569397, "E13_agent3_norm": 0.06578697264194489, "E13_agent4_norm": 0.08177444338798523, "E14_agent0_norm": 0.12245746701955795, "E14_agent1_norm": 0.04475843161344528, "E14_agent2_norm": 0.043608494102954865, "E14_agent3_norm": 0.046335916966199875, "E14_agent4_norm": 0.05237136036157608, "E15_agent0_norm": 0.095051608979702, "E15_agent1_norm": 0.032204221934080124, "E15_agent2_norm": 0.04012780264019966, "E15_agent3_norm": 0.03816020116209984, "E15_agent4_norm": 0.039907656610012054, "E16_agent0_norm": 0.07048795372247696, "E16_agent1_norm": 0.02415512688457966, "E16_agent2_norm": 0.023726757615804672, "E16_agent3_norm": 0.029010601341724396, "E16_agent4_norm": 0.04286418855190277, "E17_agent0_norm": 0.05010439082980156, "E17_agent1_norm": 0.0164194218814373, "E17_agent2_norm": 0.015681173652410507, "E17_agent3_norm": 0.01901497133076191, "E17_agent4_norm": 0.021055733785033226, "E18_agent0_norm": 0.03677456080913544, "E18_agent1_norm": 0.012219979427754879, "E18_agent2_norm": 0.012402234598994255, "E18_agent3_norm": 0.013679340481758118, "E18_agent4_norm": 0.020809831097722054, "E19_agent0_norm": 0.0275348462164402, "E19_agent1_norm": 0.010228189639747143, "E19_agent2_norm": 0.009906425140798092, "E19_agent3_norm": 0.011224254965782166, "E19_agent4_norm": 0.01777120865881443, "E20_agent0_norm": 0.020354140549898148, "E20_agent1_norm": 0.006915139965713024, "E20_agent2_norm": 0.006179566029459238, "E20_agent3_norm": 0.007456033490598202, "E20_agent4_norm": 0.014595767483115196, "E21_agent0_norm": 0.013046476989984512, "E21_agent1_norm": 0.004267848562449217, "E21_agent2_norm": 0.0044823517091572285, "E21_agent3_norm": 0.004648616071790457, "E21_agent4_norm": 0.004791943822056055, "E22_agent0_norm": 0.009600565768778324, "E22_agent1_norm": 0.0032544140703976154, "E22_agent2_norm": 0.0031344774179160595, "E22_agent3_norm": 0.004662161692976952, "E22_agent4_norm": 0.0053070527501404285, "E23_agent0_norm": 0.006321973167359829, "E23_agent1_norm": 0.0021589186508208513, "E23_agent2_norm": 0.0023911132011562586, "E23_agent3_norm": 0.003208046080544591, "E23_agent4_norm": 0.0030819345265626907, "E24_agent0_norm": 0.005085250362753868, "E24_agent1_norm": 0.0017990004271268845, "E24_agent2_norm": 0.0018649412086233497, "E24_agent3_norm": 0.0036686030216515064, "E24_agent4_norm": 0.003053840482607484, "E25_agent0_norm": 0.0034324137959629297, "E25_agent1_norm": 0.0011920395772904158, "E25_agent2_norm": 0.0012779489625245333, "E25_agent3_norm": 0.002120868768543005, "E25_agent4_norm": 0.0014349949778988957}