{"E1_agent0_norm": 4.295523166656494, "E1_agent1_norm": 1.9755603075027466, "E1_agent2_norm": 2.1148242950439453, "E1_agent3_norm": 2.222781181335449, "E1_agent4_norm": 2.3584015369415283, "E2_agent0_norm": 1.278777003288269, "E2_agent1_norm": 1.0924886465072632, "E2_agent2_norm": 1.1293903589248657, "E2_agent3_norm": 0.8997073769569397, "E2_agent4_norm": 1.22297203540802, "E3_agent0_norm": 0.8934164047241211, "E3_agent1_norm": 0.5642145872116089, "E3_agent2_norm": 0.49392181634902954, "E3_agent3_norm": 0.5363869071006775, "E3_agent4_norm": 0.624907910823822, "E4_agent0_norm": 0.5220575332641602, "E4_agent1_norm": 0.3378135561943054, "E4_agent2_norm": 0.36033934354782104, "E4_agent3_norm": 0.3697929084300995, "E4_agent4_norm": 0.48041966557502747, "E5_agent0_norm": 0.44642022252082825, "E5_agent1_norm": 0.28769651055336, "E5_agent2_norm": 0.28341415524482727, "E5_agent3_norm": 0.29408329725265503, "E5_agent4_norm": 0.3469511866569519, "E6_agent0_norm": 0.3401731252670288, "E6_agent1_norm": 0.21783125400543213, "E6_agent2_norm": 0.23261329531669617, "E6_agent3_norm": 0.1981079876422882, "E6_agent4_norm": 0.3041076362133026, "E7_agent0_norm": 0.3028351366519928, "E7_agent1_norm": 0.16925740242004395, "E7_agent2_norm": 0.1937299519777298, "E7_agent3_norm": 0.18159861862659454, "E7_agent4_norm": 0.2126374989748001, "E8_agent0_norm": 0.26627522706985474, "E8_agent1_norm": 0.14521165192127228, "E8_agent2_norm": 0.16438060998916626, "E8_agent3_norm": 0.1387748271226883, "E8_agent4_norm": 0.18878066539764404, "E9_agent0_norm": 0.21190133690834045, "E9_agent1_norm": 0.11768887937068939, "E9_agent2_norm": 0.11507466435432434, "E9_agent3_norm": 0.1060699075460434, "E9_agent4_norm": 0.1734323352575302, "E10_agent0_norm": 0.20652583241462708, "E10_agent1_norm": 0.09370692819356918, "E10_agent2_norm": 0.09322134405374527, "E10_agent3_norm": 0.08570114523172379, "E10_agent4_norm": 0.09998321533203125, "E11_agent0_norm": 0.17305253446102142, "E11_agent1_norm": 0.08485876768827438, "E11_agent2_norm": 0.08808242529630661, "E11_agent3_norm": 0.07789769023656845, "E11_agent4_norm": 0.09275121986865997, "E12_agent0_norm": 0.1595800369977951, "E12_agent1_norm": 0.06782961636781693, "E12_agent2_norm": 0.06727273762226105, "E12_agent3_norm": 0.06439904868602753, "E12_agent4_norm": 0.1072174459695816, "E13_agent0_norm": 0.1387397199869156, "E13_agent1_norm": 0.061594270169734955, "E13_agent2_norm": 0.06882604956626892, "E13_agent3_norm": 0.06999824196100235, "E13_agent4_norm": 0.08588331937789917, "E14_agent0_norm": 0.12007953226566315, "E14_agent1_norm": 0.04984035715460777, "E14_agent2_norm": 0.05549374595284462, "E14_agent3_norm": 0.05781270191073418, "E14_agent4_norm": 0.09102696180343628, "E15_agent0_norm": 0.08908062428236008, "E15_agent1_norm": 0.03171504661440849, "E15_agent2_norm": 0.03381509333848953, "E15_agent3_norm": 0.03345295786857605, "E15_agent4_norm": 0.05118373781442642, "E16_agent0_norm": 0.06752549111843109, "E16_agent1_norm": 0.024630501866340637, "E16_agent2_norm": 0.028373531997203827, "E16_agent3_norm": 0.027712177485227585, "E16_agent4_norm": 0.04222870245575905, "E17_agent0_norm": 0.04662640020251274, "E17_agent1_norm": 0.026242127642035484, "E17_agent2_norm": 0.022632844746112823, "E17_agent3_norm": 0.029240813106298447, "E17_agent4_norm": 0.022644365206360817, "E18_agent0_norm": 0.035798463970422745, "E18_agent1_norm": 0.020080482587218285, "E18_agent2_norm": 0.017376570031046867, "E18_agent3_norm": 0.02937956154346466, "E18_agent4_norm": 0.022246992215514183, "E19_agent0_norm": 0.02728889510035515, "E19_agent1_norm": 0.013299847953021526, "E19_agent2_norm": 0.011286475695669651, "E19_agent3_norm": 0.017292266711592674, "E19_agent4_norm": 0.018126152455806732, "E20_agent0_norm": 0.01994919963181019, "E20_agent1_norm": 0.008317039348185062, "E20_agent2_norm": 0.007955634035170078, "E20_agent3_norm": 0.011099083349108696, "E20_agent4_norm": 0.014485029503703117, "E21_agent0_norm": 0.01316896267235279, "E21_agent1_norm": 0.0054906439036130905, "E21_agent2_norm": 0.005409604869782925, "E21_agent3_norm": 0.008113967254757881, "E21_agent4_norm": 0.007439036387950182, "E22_agent0_norm": 0.00889709871262312, "E22_agent1_norm": 0.0037907781079411507, "E22_agent2_norm": 0.003229839028790593, "E22_agent3_norm": 0.003973223268985748, "E22_agent4_norm": 0.0041100624948740005, "E23_agent0_norm": 0.007147061172872782, "E23_agent1_norm": 0.0026301501784473658, "E23_agent2_norm": 0.002626417437568307, "E23_agent3_norm": 0.0037948747631162405, "E23_agent4_norm": 0.006253317464143038, "E24_agent0_norm": 0.004637823440134525, "E24_agent1_norm": 0.0015789540484547615, "E24_agent2_norm": 0.0015458707930520177, "E24_agent3_norm": 0.0017198665300384164, "E24_agent4_norm": 0.0023955083452165127, "E25_agent0_norm": 0.00302185514010489, "E25_agent1_norm": 0.0015919404104351997, "E25_agent2_norm": 0.0011572171933948994, "E25_agent3_norm": 0.0023174115922302008, "E25_agent4_norm": 0.001114744576625526}