{"E1_agent0_norm": 4.330643653869629, "E1_agent1_norm": 2.1920619010925293, "E1_agent2_norm": 2.159055233001709, "E1_agent3_norm": 2.0285325050354004, "E1_agent4_norm": 2.3538339138031006, "E2_agent0_norm": 1.314520001411438, "E2_agent1_norm": 1.0095988512039185, "E2_agent2_norm": 0.9310478568077087, "E2_agent3_norm": 1.1356415748596191, "E2_agent4_norm": 1.3791228532791138, "E3_agent0_norm": 0.7900489568710327, "E3_agent1_norm": 0.6527776718139648, "E3_agent2_norm": 0.567378044128418, "E3_agent3_norm": 0.4915657341480255, "E3_agent4_norm": 0.5956524014472961, "E4_agent0_norm": 0.6320167779922485, "E4_agent1_norm": 0.405181348323822, "E4_agent2_norm": 0.38879042863845825, "E4_agent3_norm": 0.37004998326301575, "E4_agent4_norm": 0.43993934988975525, "E5_agent0_norm": 0.4012514352798462, "E5_agent1_norm": 0.3144013285636902, "E5_agent2_norm": 0.2828911542892456, "E5_agent3_norm": 0.2743554413318634, "E5_agent4_norm": 0.32049795985221863, "E6_agent0_norm": 0.3569584786891937, "E6_agent1_norm": 0.2654874622821808, "E6_agent2_norm": 0.22219610214233398, "E6_agent3_norm": 0.20054294168949127, "E6_agent4_norm": 0.3079719543457031, "E7_agent0_norm": 0.2734646201133728, "E7_agent1_norm": 0.20160195231437683, "E7_agent2_norm": 0.16401909291744232, "E7_agent3_norm": 0.1472816914319992, "E7_agent4_norm": 0.20709535479545593, "E8_agent0_norm": 0.263922780752182, "E8_agent1_norm": 0.18663063645362854, "E8_agent2_norm": 0.14136360585689545, "E8_agent3_norm": 0.1247914582490921, "E8_agent4_norm": 0.18374936282634735, "E9_agent0_norm": 0.23571142554283142, "E9_agent1_norm": 0.15134398639202118, "E9_agent2_norm": 0.10394469648599625, "E9_agent3_norm": 0.10322514921426773, "E9_agent4_norm": 0.1560995876789093, "E10_agent0_norm": 0.22717005014419556, "E10_agent1_norm": 0.1330888271331787, "E10_agent2_norm": 0.10277709364891052, "E10_agent3_norm": 0.08780287206172943, "E10_agent4_norm": 0.10786613821983337, "E11_agent0_norm": 0.20795124769210815, "E11_agent1_norm": 0.11162427067756653, "E11_agent2_norm": 0.0772164985537529, "E11_agent3_norm": 0.07531563937664032, "E11_agent4_norm": 0.1154426708817482, "E12_agent0_norm": 0.16033810377120972, "E12_agent1_norm": 0.08863431215286255, "E12_agent2_norm": 0.062234729528427124, "E12_agent3_norm": 0.057857152074575424, "E12_agent4_norm": 0.06379816681146622, "E13_agent0_norm": 0.15851829946041107, "E13_agent1_norm": 0.06990570574998856, "E13_agent2_norm": 0.05175032466650009, "E13_agent3_norm": 0.05873260647058487, "E13_agent4_norm": 0.08816003054380417, "E14_agent0_norm": 0.11113792657852173, "E14_agent1_norm": 0.050514645874500275, "E14_agent2_norm": 0.052957188338041306, "E14_agent3_norm": 0.04532177746295929, "E14_agent4_norm": 0.0555168017745018, "E15_agent0_norm": 0.09207513183355331, "E15_agent1_norm": 0.04392416775226593, "E15_agent2_norm": 0.03298065811395645, "E15_agent3_norm": 0.034079860895872116, "E15_agent4_norm": 0.033955786377191544, "E16_agent0_norm": 0.06368227303028107, "E16_agent1_norm": 0.02666427567601204, "E16_agent2_norm": 0.02203182876110077, "E16_agent3_norm": 0.022344712167978287, "E16_agent4_norm": 0.028254501521587372, "E17_agent0_norm": 0.04542858898639679, "E17_agent1_norm": 0.021473489701747894, "E17_agent2_norm": 0.0183784868568182, "E17_agent3_norm": 0.02607303485274315, "E17_agent4_norm": 0.0315973274409771, "E18_agent0_norm": 0.03053135797381401, "E18_agent1_norm": 0.015825849026441574, "E18_agent2_norm": 0.010050773620605469, "E18_agent3_norm": 0.010452077724039555, "E18_agent4_norm": 0.011947092600166798, "E19_agent0_norm": 0.02238205261528492, "E19_agent1_norm": 0.009898636490106583, "E19_agent2_norm": 0.007504188921302557, "E19_agent3_norm": 0.009013340808451176, "E19_agent4_norm": 0.011199362576007843, "E20_agent0_norm": 0.017043115571141243, "E20_agent1_norm": 0.00725933164358139, "E20_agent2_norm": 0.005642210133373737, "E20_agent3_norm": 0.00791444256901741, "E20_agent4_norm": 0.012455961667001247, "E21_agent0_norm": 0.012424375861883163, "E21_agent1_norm": 0.00512321013957262, "E21_agent2_norm": 0.003730383701622486, "E21_agent3_norm": 0.004306551069021225, "E21_agent4_norm": 0.006639943923801184, "E22_agent0_norm": 0.008483494631946087, "E22_agent1_norm": 0.003589193569496274, "E22_agent2_norm": 0.002594748279079795, "E22_agent3_norm": 0.0038766267243772745, "E22_agent4_norm": 0.005245578475296497, "E23_agent0_norm": 0.005758062470704317, "E23_agent1_norm": 0.002531541744247079, "E23_agent2_norm": 0.0019667840097099543, "E23_agent3_norm": 0.003697708947584033, "E23_agent4_norm": 0.0039021235425025225, "E24_agent0_norm": 0.004457968287169933, "E24_agent1_norm": 0.001887815771624446, "E24_agent2_norm": 0.0014589721104130149, "E24_agent3_norm": 0.002226879820227623, "E24_agent4_norm": 0.0032368928659707308, "E25_agent0_norm": 0.0029399762861430645, "E25_agent1_norm": 0.0012533413246273994, "E25_agent2_norm": 0.000856103200931102, "E25_agent3_norm": 0.0010379102313891053, "E25_agent4_norm": 0.0016613845946267247}