{"E1_agent0_norm": 4.187600612640381, "E1_agent1_norm": 2.184359550476074, "E1_agent2_norm": 1.9858427047729492, "E1_agent3_norm": 1.886348009109497, "E1_agent4_norm": 2.2215895652770996, "E2_agent0_norm": 1.4687714576721191, "E2_agent1_norm": 0.9805409908294678, "E2_agent2_norm": 0.9950668215751648, "E2_agent3_norm": 0.8620078563690186, "E2_agent4_norm": 1.0480201244354248, "E3_agent0_norm": 0.8054749965667725, "E3_agent1_norm": 0.5160821080207825, "E3_agent2_norm": 0.4644569456577301, "E3_agent3_norm": 0.4500495195388794, "E3_agent4_norm": 0.4999626874923706, "E4_agent0_norm": 0.5259517431259155, "E4_agent1_norm": 0.3624877333641052, "E4_agent2_norm": 0.32943645119667053, "E4_agent3_norm": 0.2761113941669464, "E4_agent4_norm": 0.4166567623615265, "E5_agent0_norm": 0.4041859209537506, "E5_agent1_norm": 0.26236823201179504, "E5_agent2_norm": 0.25801336765289307, "E5_agent3_norm": 0.2263772189617157, "E5_agent4_norm": 0.3520389199256897, "E6_agent0_norm": 0.2982339560985565, "E6_agent1_norm": 0.2121334969997406, "E6_agent2_norm": 0.19741278886795044, "E6_agent3_norm": 0.1887657791376114, "E6_agent4_norm": 0.2538970708847046, "E7_agent0_norm": 0.2587049603462219, "E7_agent1_norm": 0.16839370131492615, "E7_agent2_norm": 0.14709924161434174, "E7_agent3_norm": 0.15089711546897888, "E7_agent4_norm": 0.2060377150774002, "E8_agent0_norm": 0.22830010950565338, "E8_agent1_norm": 0.12497486919164658, "E8_agent2_norm": 0.1278442144393921, "E8_agent3_norm": 0.11805710196495056, "E8_agent4_norm": 0.16235758364200592, "E9_agent0_norm": 0.2123006284236908, "E9_agent1_norm": 0.09850936383008957, "E9_agent2_norm": 0.10628075897693634, "E9_agent3_norm": 0.10453081130981445, "E9_agent4_norm": 0.14754483103752136, "E10_agent0_norm": 0.19340386986732483, "E10_agent1_norm": 0.08641225844621658, "E10_agent2_norm": 0.07776505500078201, "E10_agent3_norm": 0.08024030923843384, "E10_agent4_norm": 0.11317224055528641, "E11_agent0_norm": 0.1681540310382843, "E11_agent1_norm": 0.06664657592773438, "E11_agent2_norm": 0.06798718124628067, "E11_agent3_norm": 0.06994793564081192, "E11_agent4_norm": 0.09843473881483078, "E12_agent0_norm": 0.14698739349842072, "E12_agent1_norm": 0.062381960451602936, "E12_agent2_norm": 0.06995194405317307, "E12_agent3_norm": 0.07115950435400009, "E12_agent4_norm": 0.11615121364593506, "E13_agent0_norm": 0.13119418919086456, "E13_agent1_norm": 0.050068940967321396, "E13_agent2_norm": 0.055061619728803635, "E13_agent3_norm": 0.05248996987938881, "E13_agent4_norm": 0.08292581886053085, "E14_agent0_norm": 0.11213938146829605, "E14_agent1_norm": 0.04068530350923538, "E14_agent2_norm": 0.04164187237620354, "E14_agent3_norm": 0.042258068919181824, "E14_agent4_norm": 0.058229513466358185, "E15_agent0_norm": 0.0963512659072876, "E15_agent1_norm": 0.03617129847407341, "E15_agent2_norm": 0.03826901316642761, "E15_agent3_norm": 0.04512052983045578, "E15_agent4_norm": 0.06714320182800293, "E16_agent0_norm": 0.0739707350730896, "E16_agent1_norm": 0.026596752926707268, "E16_agent2_norm": 0.025004053488373756, "E16_agent3_norm": 0.030441733077168465, "E16_agent4_norm": 0.04067440703511238, "E17_agent0_norm": 0.04919601231813431, "E17_agent1_norm": 0.01906837709248066, "E17_agent2_norm": 0.02323077619075775, "E17_agent3_norm": 0.020785873755812645, "E17_agent4_norm": 0.019404219463467598, "E18_agent0_norm": 0.037616558372974396, "E18_agent1_norm": 0.015385028906166553, "E18_agent2_norm": 0.01617606170475483, "E18_agent3_norm": 0.023216234520077705, "E18_agent4_norm": 0.02189556695520878, "E19_agent0_norm": 0.02913445234298706, "E19_agent1_norm": 0.010526380501687527, "E19_agent2_norm": 0.008572918362915516, "E19_agent3_norm": 0.010637527331709862, "E19_agent4_norm": 0.014360900036990643, "E20_agent0_norm": 0.019974762573838234, "E20_agent1_norm": 0.008186808787286282, "E20_agent2_norm": 0.007680125534534454, "E20_agent3_norm": 0.012335731647908688, "E20_agent4_norm": 0.010689913295209408, "E21_agent0_norm": 0.014496135525405407, "E21_agent1_norm": 0.0051044560968875885, "E21_agent2_norm": 0.004853576421737671, "E21_agent3_norm": 0.006132600829005241, "E21_agent4_norm": 0.006128114648163319, "E22_agent0_norm": 0.011001347564160824, "E22_agent1_norm": 0.0037295003421604633, "E22_agent2_norm": 0.003222363768145442, "E22_agent3_norm": 0.003881466807797551, "E22_agent4_norm": 0.005643608048558235, "E23_agent0_norm": 0.007523226086050272, "E23_agent1_norm": 0.002642641309648752, "E23_agent2_norm": 0.0023957681842148304, "E23_agent3_norm": 0.003704710165038705, "E23_agent4_norm": 0.003923025447875261, "E24_agent0_norm": 0.005787251517176628, "E24_agent1_norm": 0.001953369239345193, "E24_agent2_norm": 0.0015548205701634288, "E24_agent3_norm": 0.0017783528892323375, "E24_agent4_norm": 0.0025864718481898308, "E25_agent0_norm": 0.004082490224391222, "E25_agent1_norm": 0.0015192735008895397, "E25_agent2_norm": 0.0011073671048507094, "E25_agent3_norm": 0.0013578463112935424, "E25_agent4_norm": 0.0016358660068362951}