{"Agent0_Epoch1": 0.2984243631362915, "Agent1_Epoch1": 0.28677988052368164, "Agent2_Epoch1": 0.9852079153060913, "Agent3_Epoch1": 0.9904257655143738, "Agent4_Epoch1": 0.9843560457229614, "Agent5_Epoch1": 0.9812847971916199, "Agent0_Epoch2": 0.057350337505340576, "Agent1_Epoch2": 0.04925835132598877, "Agent2_Epoch2": 0.1961398720741272, "Agent3_Epoch2": 0.24259072542190552, "Agent4_Epoch2": 0.18111419677734375, "Agent5_Epoch2": 0.19645851850509644, "Agent0_Epoch3": 0.03656625747680664, "Agent1_Epoch3": 0.03188270330429077, "Agent2_Epoch3": 0.1459323763847351, "Agent3_Epoch3": 0.15132510662078857, "Agent4_Epoch3": 0.17007869482040405, "Agent5_Epoch3": 0.13296526670455933, "Agent0_Epoch4": 0.026776015758514404, "Agent1_Epoch4": 0.026360154151916504, "Agent2_Epoch4": 0.09728175401687622, "Agent3_Epoch4": 0.1133461594581604, "Agent4_Epoch4": 0.11604082584381104, "Agent5_Epoch4": 0.10670286417007446, "Agent0_Epoch5": 0.017386019229888916, "Agent1_Epoch5": 0.01664787530899048, "Agent2_Epoch5": 0.06760972738265991, "Agent3_Epoch5": 0.0789802074432373, "Agent4_Epoch5": 0.07748156785964966, "Agent5_Epoch5": 0.07218611240386963, "Agent0_Epoch6": 0.01015239953994751, "Agent1_Epoch6": 0.009722411632537842, "Agent2_Epoch6": 0.04228413105010986, "Agent3_Epoch6": 0.06471949815750122, "Agent4_Epoch6": 0.06865012645721436, "Agent5_Epoch6": 0.04203158617019653, "Agent0_Epoch7": 0.00812751054763794, "Agent1_Epoch7": 0.007775306701660156, "Agent2_Epoch7": 0.026387155055999756, "Agent3_Epoch7": 0.04514193534851074, "Agent4_Epoch7": 0.047556936740875244, "Agent5_Epoch7": 0.03304249048233032, "Agent0_Epoch8": 0.004525482654571533, "Agent1_Epoch8": 0.0043939948081970215, "Agent2_Epoch8": 0.017589271068572998, "Agent3_Epoch8": 0.02707386016845703, "Agent4_Epoch8": 0.027224421501159668, "Agent5_Epoch8": 0.021352946758270264, "Agent0_Epoch9": 0.0031357407569885254, "Agent1_Epoch9": 0.003063678741455078, "Agent2_Epoch9": 0.010869920253753662, "Agent3_Epoch9": 0.014918327331542969, "Agent4_Epoch9": 0.018369317054748535, "Agent5_Epoch9": 0.016423940658569336, "Agent0_Epoch10": 0.001991868019104004, "Agent1_Epoch10": 0.001962125301361084, "Agent2_Epoch10": 0.006872773170471191, "Agent3_Epoch10": 0.011207520961761475, "Agent4_Epoch10": 0.0122947096824646, "Agent5_Epoch10": 0.010519623756408691, "Agent0_Epoch11": 0.0012603402137756348, "Agent1_Epoch11": 0.0012488961219787598, "Agent2_Epoch11": 0.0049724578857421875, "Agent3_Epoch11": 0.006895780563354492, "Agent4_Epoch11": 0.007305026054382324, "Agent5_Epoch11": 0.007209420204162598, "Agent0_Epoch12": 0.0007475614547729492, "Agent1_Epoch12": 0.0007432699203491211, "Agent2_Epoch12": 0.0030398964881896973, "Agent3_Epoch12": 0.005109190940856934, "Agent4_Epoch12": 0.005137801170349121, "Agent5_Epoch12": 0.004841744899749756, "Agent0_Epoch13": 0.00046753883361816406, "Agent1_Epoch13": 0.0004652738571166992, "Agent2_Epoch13": 0.0018567442893981934, "Agent3_Epoch13": 0.0027736425399780273, "Agent4_Epoch13": 0.003497004508972168, "Agent5_Epoch13": 0.0027042031288146973, "Agent0_Epoch14": 0.0003050565719604492, "Agent1_Epoch14": 0.00030422210693359375, "Agent2_Epoch14": 0.0012913346290588379, "Agent3_Epoch14": 0.0020752549171447754, "Agent4_Epoch14": 0.0023546814918518066, "Agent5_Epoch14": 0.0019634366035461426, "Agent0_Epoch15": 0.00020396709442138672, "Agent1_Epoch15": 0.0002034902572631836, "Agent2_Epoch15": 0.0006494522094726562, "Agent3_Epoch15": 0.0012359023094177246, "Agent4_Epoch15": 0.0016390085220336914, "Agent5_Epoch15": 0.0010492801666259766, "Agent0_Epoch16": 0.00012600421905517578, "Agent1_Epoch16": 0.00012570619583129883, "Agent2_Epoch16": 0.00045621395111083984, "Agent3_Epoch16": 0.0009420514106750488, "Agent4_Epoch16": 0.001101374626159668, "Agent5_Epoch16": 0.0009332895278930664, "Agent0_Epoch17": 5.0902366638183594e-05, "Agent1_Epoch17": 5.0902366638183594e-05, "Agent2_Epoch17": 0.0002478957176208496, "Agent3_Epoch17": 0.0005437135696411133, "Agent4_Epoch17": 0.0006645321846008301, "Agent5_Epoch17": 0.0005233287811279297, "Agent0_Epoch18": 4.357099533081055e-05, "Agent1_Epoch18": 4.3511390686035156e-05, "Agent2_Epoch18": 0.00015354156494140625, "Agent3_Epoch18": 0.00030291080474853516, "Agent4_Epoch18": 0.0003619194030761719, "Agent5_Epoch18": 0.0002562999725341797, "Agent0_Epoch19": 1.627206802368164e-05, "Agent1_Epoch19": 1.627206802368164e-05, "Agent2_Epoch19": 7.736682891845703e-05, "Agent3_Epoch19": 0.0001906752586364746, "Agent4_Epoch19": 0.00024455785751342773, "Agent5_Epoch19": 0.00017756223678588867, "Agent0_Epoch20": 6.198883056640625e-06, "Agent1_Epoch20": 6.258487701416016e-06, "Agent2_Epoch20": 4.4405460357666016e-05, "Agent3_Epoch20": 0.00011152029037475586, "Agent4_Epoch20": 0.0001429915428161621, "Agent5_Epoch20": 9.679794311523438e-05, "Agent0_Epoch21": 6.318092346191406e-06, "Agent1_Epoch21": 6.377696990966797e-06, "Agent2_Epoch21": 3.1054019927978516e-05, "Agent3_Epoch21": 6.645917892456055e-05, "Agent4_Epoch21": 7.545948028564453e-05, "Agent5_Epoch21": 4.291534423828125e-05, "Agent0_Epoch22": 2.562999725341797e-06, "Agent1_Epoch22": 2.6226043701171875e-06, "Agent2_Epoch22": 1.4066696166992188e-05, "Agent3_Epoch22": 2.9861927032470703e-05, "Agent4_Epoch22": 3.510713577270508e-05, "Agent5_Epoch22": 2.950429916381836e-05, "Agent0_Epoch23": 1.8477439880371094e-06, "Agent1_Epoch23": 1.7881393432617188e-06, "Agent2_Epoch23": 4.351139068603516e-06, "Agent3_Epoch23": 1.5795230865478516e-05, "Agent4_Epoch23": 1.6450881958007812e-05, "Agent5_Epoch23": 1.5079975128173828e-05, "Agent0_Epoch24": 5.364418029785156e-07, "Agent1_Epoch24": 6.556510925292969e-07, "Agent2_Epoch24": 2.562999725341797e-06, "Agent3_Epoch24": 7.867813110351562e-06, "Agent4_Epoch24": 1.0311603546142578e-05, "Agent5_Epoch24": 7.748603820800781e-06, "Agent0_Epoch25": 6.556510925292969e-07, "Agent1_Epoch25": 4.172325134277344e-07, "Agent2_Epoch25": 1.7881393432617188e-06, "Agent3_Epoch25": 3.993511199951172e-06, "Agent4_Epoch25": 4.351139068603516e-06, "Agent5_Epoch25": 3.516674041748047e-06, "Agent0_Epoch26": 1.1920928955078125e-07, "Agent1_Epoch26": 0.0, "Agent2_Epoch26": 9.5367431640625e-07, "Agent3_Epoch26": 2.0265579223632812e-06, "Agent4_Epoch26": 2.0265579223632812e-06, "Agent5_Epoch26": 1.1324882507324219e-06, "Agent0_Epoch27": 5.960464477539063e-08, "Agent1_Epoch27": 0.0, "Agent2_Epoch27": 5.960464477539062e-07, "Agent3_Epoch27": 1.0728836059570312e-06, "Agent4_Epoch27": 1.2516975402832031e-06, "Agent5_Epoch27": 7.748603820800781e-07, "Agent0_Epoch28": 5.960464477539063e-08, "Agent1_Epoch28": 0.0, "Agent2_Epoch28": 1.1920928955078125e-07, "Agent3_Epoch28": 5.364418029785156e-07, "Agent4_Epoch28": 4.172325134277344e-07, "Agent5_Epoch28": 4.172325134277344e-07, "Agent0_Epoch29": 0.0, "Agent1_Epoch29": 0.0, "Agent2_Epoch29": 1.1920928955078125e-07, "Agent3_Epoch29": 1.7881393432617188e-07, "Agent4_Epoch29": 2.384185791015625e-07, "Agent5_Epoch29": 5.960464477539063e-08, "Agent0_Epoch30": 5.960464477539063e-08, "Agent1_Epoch30": -1.1920928955078125e-07, "Agent2_Epoch30": 0.0, "Agent3_Epoch30": 0.0, "Agent4_Epoch30": 1.7881393432617188e-07, "Agent5_Epoch30": 1.7881393432617188e-07, "Agent0_Epoch31": 0.0, "Agent1_Epoch31": -1.1920928955078125e-07, "Agent2_Epoch31": 0.0, "Agent3_Epoch31": 5.960464477539063e-08, "Agent4_Epoch31": 5.960464477539063e-08, "Agent5_Epoch31": 1.1920928955078125e-07, "Agent0_Epoch32": 5.960464477539063e-08, "Agent1_Epoch32": 5.960464477539063e-08, "Agent2_Epoch32": 0.0, "Agent3_Epoch32": 5.960464477539063e-08, "Agent4_Epoch32": 1.1920928955078125e-07, "Agent5_Epoch32": 5.960464477539063e-08, "Agent0_Epoch33": 5.960464477539063e-08, "Agent1_Epoch33": -1.1920928955078125e-07, "Agent2_Epoch33": -1.1920928955078125e-07, "Agent3_Epoch33": 0.0, "Agent4_Epoch33": 5.960464477539063e-08, "Agent5_Epoch33": 0.0, "Agent0_Epoch34": 0.0, "Agent1_Epoch34": 5.960464477539063e-08, "Agent2_Epoch34": 1.1920928955078125e-07, "Agent3_Epoch34": 5.960464477539063e-08, "Agent4_Epoch34": 1.1920928955078125e-07,