{"E1_agent0_norm": 3.0019476413726807, "E1_agent1_norm": 3.018735408782959, "E1_agent2_norm": 3.4744529724121094, "E1_agent3_norm": 3.357726573944092, "E1_agent4_norm": 2.8437345027923584, "E1_agent5_norm": 2.9875380992889404, "E2_agent0_norm": 2.2755355834960938, "E2_agent1_norm": 2.103712320327759, "E2_agent2_norm": 2.256983518600464, "E2_agent3_norm": 2.5645999908447266, "E2_agent4_norm": 2.0174825191497803, "E2_agent5_norm": 2.474029779434204, "E3_agent0_norm": 2.3454606533050537, "E3_agent1_norm": 1.9351178407669067, "E3_agent2_norm": 2.4248039722442627, "E3_agent3_norm": 2.1687262058258057, "E3_agent4_norm": 2.409152030944824, "E3_agent5_norm": 2.1602580547332764, "E4_agent0_norm": 2.0013370513916016, "E4_agent1_norm": 2.0413572788238525, "E4_agent2_norm": 2.137590169906616, "E4_agent3_norm": 1.8022727966308594, "E4_agent4_norm": 1.818465232849121, "E4_agent5_norm": 1.8797931671142578, "E5_agent0_norm": 1.680068850517273, "E5_agent1_norm": 1.9037331342697144, "E5_agent2_norm": 2.0341379642486572, "E5_agent3_norm": 1.526019811630249, "E5_agent4_norm": 1.4640429019927979, "E5_agent5_norm": 1.6279845237731934, "E6_agent0_norm": 1.4900593757629395, "E6_agent1_norm": 1.585906982421875, "E6_agent2_norm": 1.5378825664520264, "E6_agent3_norm": 1.0962204933166504, "E6_agent4_norm": 1.0772825479507446, "E6_agent5_norm": 1.3164515495300293, "E7_agent0_norm": 1.275882363319397, "E7_agent1_norm": 1.32063627243042, "E7_agent2_norm": 1.2325632572174072, "E7_agent3_norm": 0.853445827960968, "E7_agent4_norm": 0.7978696227073669, "E7_agent5_norm": 1.0029855966567993, "E8_agent0_norm": 0.9912294745445251, "E8_agent1_norm": 1.0868269205093384, "E8_agent2_norm": 0.9833323359489441, "E8_agent3_norm": 0.7191470265388489, "E8_agent4_norm": 0.6975355744361877, "E8_agent5_norm": 0.7901031374931335, "E9_agent0_norm": 0.7886623740196228, "E9_agent1_norm": 0.8797221779823303, "E9_agent2_norm": 0.7600308060646057, "E9_agent3_norm": 0.5679713487625122, "E9_agent4_norm": 0.536840558052063, "E9_agent5_norm": 0.6519172787666321, "E10_agent0_norm": 0.6622797250747681, "E10_agent1_norm": 0.7305120229721069, "E10_agent2_norm": 0.6422321200370789, "E10_agent3_norm": 0.48250219225883484, "E10_agent4_norm": 0.4686107635498047, "E10_agent5_norm": 0.539275050163269, "E11_agent0_norm": 0.5142347812652588, "E11_agent1_norm": 0.5738363862037659, "E11_agent2_norm": 0.506576657295227, "E11_agent3_norm": 0.3774562180042267, "E11_agent4_norm": 0.40450024604797363, "E11_agent5_norm": 0.4516785442829132, "E12_agent0_norm": 0.4215540289878845, "E12_agent1_norm": 0.4898996651172638, "E12_agent2_norm": 0.38825878500938416, "E12_agent3_norm": 0.29849720001220703, "E12_agent4_norm": 0.3231904208660126, "E12_agent5_norm": 0.392098069190979, "E13_agent0_norm": 0.348752498626709, "E13_agent1_norm": 0.38731253147125244, "E13_agent2_norm": 0.31241634488105774, "E13_agent3_norm": 0.2747443616390228, "E13_agent4_norm": 0.2648923695087433, "E13_agent5_norm": 0.3272075653076172, "E14_agent0_norm": 0.2731306850910187, "E14_agent1_norm": 0.3174423277378082, "E14_agent2_norm": 0.2354346066713333, "E14_agent3_norm": 0.2022448629140854, "E14_agent4_norm": 0.22393831610679626, "E14_agent5_norm": 0.26557815074920654, "E15_agent0_norm": 0.2048260122537613, "E15_agent1_norm": 0.24873770773410797, "E15_agent2_norm": 0.1901082843542099, "E15_agent3_norm": 0.1893564611673355, "E15_agent4_norm": 0.20042192935943604, "E15_agent5_norm": 0.231649711728096, "E16_agent0_norm": 0.1675630658864975, "E16_agent1_norm": 0.18502262234687805, "E16_agent2_norm": 0.1541796624660492, "E16_agent3_norm": 0.1536979377269745, "E16_agent4_norm": 0.1758979707956314, "E16_agent5_norm": 0.1869078427553177, "E17_agent0_norm": 0.1256362646818161, "E17_agent1_norm": 0.14090242981910706, "E17_agent2_norm": 0.11339616030454636, "E17_agent3_norm": 0.11416803300380707, "E17_agent4_norm": 0.14120860397815704, "E17_agent5_norm": 0.1656912863254547, "E18_agent0_norm": 0.09991144388914108, "E18_agent1_norm": 0.10957002639770508, "E18_agent2_norm": 0.09791003167629242, "E18_agent3_norm": 0.09281423687934875, "E18_agent4_norm": 0.11972244083881378, "E18_agent5_norm": 0.1320333629846573, "E19_agent0_norm": 0.07761281728744507, "E19_agent1_norm": 0.08660898357629776, "E19_agent2_norm": 0.0778614729642868, "E19_agent3_norm": 0.08135343343019485, "E19_agent4_norm": 0.09136724472045898, "E19_agent5_norm": 0.1045961007475853, "E20_agent0_norm": 0.05216046795248985, "E20_agent1_norm": 0.0611967071890831, "E20_agent2_norm": 0.053241800516843796, "E20_agent3_norm": 0.05935217812657356, "E20_agent4_norm": 0.07104688137769699, "E20_agent5_norm": 0.07906260341405869, "E21_agent0_norm": 0.03719966858625412, "E21_agent1_norm": 0.04072221368551254, "E21_agent2_norm": 0.04415054991841316, "E21_agent3_norm": 0.046416524797677994, "E21_agent4_norm": 0.05441279336810112, "E21_agent5_norm": 0.06176726892590523, "E22_agent0_norm": 0.026431499049067497, "E22_agent1_norm": 0.03391929343342781, "E22_agent2_norm": 0.028154196217656136, "E22_agent3_norm": 0.0302304495126009, "E22_agent4_norm": 0.03847105801105499, "E22_agent5_norm": 0.047664985060691833, "E23_agent0_norm": 0.01988566294312477, "E23_agent1_norm": 0.021953776478767395, "E23_agent2_norm": 0.01994600147008896, "E23_agent3_norm": 0.020076164975762367, "E23_agent4_norm": 0.026937035843729973, "E23_agent5_norm": 0.03226166591048241, "E24_agent0_norm": 0.015089857392013073, "E24_agent1_norm": 0.014656590297818184, "E24_agent2_norm": 0.011982371099293232, "E24_agent3_norm": 0.014593502506613731, "E24_agent4_norm": 0.01917419210076332, "E24_agent5_norm": 0.024750404059886932, "E25_agent0_norm": 0.009351571090519428, "E25_agent1_norm": 0.011600164696574211, "E25_agent2_norm": 0.011120219714939594, "E25_agent3_norm": 0.011103412136435509, "E25_agent4_norm": 0.013535836711525917, "E25_agent5_norm": 0.016441889107227325, "E26_agent0_norm": 0.006781246978789568, "E26_agent1_norm": 0.007529949303716421, "E26_agent2_norm": 0.008508218452334404, "E26_agent3_norm": 0.008372903801500797, "E26_agent4_norm": 0.009726067073643208, "E26_agent5_norm": 0.011571734212338924, "E27_agent0_norm": 0.005435394588857889, "E27_agent1_norm": 0.005476133432239294, "E27_agent2_norm": 0.005574332550168037, "E27_agent3_norm": 0.005948412697762251, "E27_agent4_norm": 0.007450541947036982, "E27_agent5_norm": 0.008767458610236645, "E28_agent0_norm": 0.0034337062388658524, "E28_agent1_norm": 0.0038319104351103306, "E28_agent2_norm": 0.0037891799584031105, "E28_agent3_norm": 0.004015644546598196, "E28_agent4_norm": 0.004842083901166916, "E28_agent5_norm": 0.005896478891372681, "E29_agent0_norm": 0.0023522675037384033, "E29_agent1_norm": 0.002780176466330886, "E29_agent2_norm": 0.002829655772075057, "E29_agent3_norm": 0.0028755369130522013, "E29_agent4_norm": 0.003364638891071081, "E29_agent5_norm": 0.004166608210653067, "E30_agent0_norm": 0.0015808281023055315, "E30_agent1_norm": 0.0018026153557002544, "E30_agent2_norm": 0.00185495859477669, "E30_agent3_norm": 0.0021123557817190886, "E30_agent4_norm": 0.0025629960000514984, "E30_agent5_norm": 0.002798199187964201, "E31_agent0_norm": 0.0012183042708784342, "E31_agent1_norm": 0.001277226721867919, "E31_agent2_norm": 0.0011982782743871212, "E31_agent3_norm": 0.0013551457086578012, "E31_agent4_norm": 0.0016657572705298662, "E31_agent5_norm": 0.002041425323113799, "E32_agent0_norm": 0.0008533008513040841, "E32_agent1_norm": 0.0009237549966201186, "E32_agent2_norm": 0.0009568966343067586, "E32_agent3_norm": 0.0009703179821372032, "E32_agent4_norm": 0.0011735502630472183, "E32_agent5_norm": 0.0014634330291301012, "E33_agent0_norm": 0.0005937226233072579, "E33_agent1_norm": 0.0006205029203556478, "E33_agent2_norm": 0.0006314237834885716, "E33_agent3_norm": 0.0006645384128205478, "E33_agent4_norm": 0.0008291758713312447, "E33_agent5_norm": 0.0009996809531003237, "E34_agent0_norm": 0.00035327623481862247, "E34_agent1_norm": 0.000427264254540205, "E34_agent2_norm": 0.0003950884274672717,