{"E1_agent0_norm": 2.8553285598754883, "E1_agent1_norm": 2.918316125869751, "E1_agent2_norm": 3.1674752235412598, "E1_agent3_norm": 3.371729612350464, "E1_agent4_norm": 2.6517059803009033, "E1_agent5_norm": 2.99458646774292, "E2_agent0_norm": 2.311509847640991, "E2_agent1_norm": 2.3616108894348145, "E2_agent2_norm": 2.5765624046325684, "E2_agent3_norm": 1.893217921257019, "E2_agent4_norm": 2.3811848163604736, "E2_agent5_norm": 2.383364200592041, "E3_agent0_norm": 1.982451319694519, "E3_agent1_norm": 2.084118366241455, "E3_agent2_norm": 1.5944123268127441, "E3_agent3_norm": 1.334574818611145, "E3_agent4_norm": 2.257859230041504, "E3_agent5_norm": 2.0843570232391357, "E4_agent0_norm": 1.694251298904419, "E4_agent1_norm": 1.6160492897033691, "E4_agent2_norm": 1.878891944885254, "E4_agent3_norm": 1.915107011795044, "E4_agent4_norm": 1.8210543394088745, "E4_agent5_norm": 1.7306320667266846, "E5_agent0_norm": 1.7723126411437988, "E5_agent1_norm": 1.7514415979385376, "E5_agent2_norm": 1.6280272006988525, "E5_agent3_norm": 1.8259741067886353, "E5_agent4_norm": 1.5598562955856323, "E5_agent5_norm": 1.6277799606323242, "E6_agent0_norm": 1.5804173946380615, "E6_agent1_norm": 1.5614871978759766, "E6_agent2_norm": 1.3744367361068726, "E6_agent3_norm": 1.2441198825836182, "E6_agent4_norm": 1.0803980827331543, "E6_agent5_norm": 1.2839155197143555, "E7_agent0_norm": 1.3290412425994873, "E7_agent1_norm": 1.3316696882247925, "E7_agent2_norm": 1.1737644672393799, "E7_agent3_norm": 1.0508114099502563, "E7_agent4_norm": 0.926421582698822, "E7_agent5_norm": 0.9689803719520569, "E8_agent0_norm": 1.0611929893493652, "E8_agent1_norm": 1.0927120447158813, "E8_agent2_norm": 0.9255164861679077, "E8_agent3_norm": 0.7589370012283325, "E8_agent4_norm": 0.7712383270263672, "E8_agent5_norm": 0.75086510181427, "E9_agent0_norm": 0.8766528367996216, "E9_agent1_norm": 0.9153167605400085, "E9_agent2_norm": 0.7727744579315186, "E9_agent3_norm": 0.5803477764129639, "E9_agent4_norm": 0.5383768677711487, "E9_agent5_norm": 0.580032467842102, "E10_agent0_norm": 0.6970243453979492, "E10_agent1_norm": 0.7182628512382507, "E10_agent2_norm": 0.6170817613601685, "E10_agent3_norm": 0.43583065271377563, "E10_agent4_norm": 0.46315470337867737, "E10_agent5_norm": 0.5187821984291077, "E11_agent0_norm": 0.5803180932998657, "E11_agent1_norm": 0.5740006566047668, "E11_agent2_norm": 0.5146524906158447, "E11_agent3_norm": 0.3425048589706421, "E11_agent4_norm": 0.4131169617176056, "E11_agent5_norm": 0.46223533153533936, "E12_agent0_norm": 0.4637202322483063, "E12_agent1_norm": 0.4334535598754883, "E12_agent2_norm": 0.38300785422325134, "E12_agent3_norm": 0.30026307702064514, "E12_agent4_norm": 0.36049672961235046, "E12_agent5_norm": 0.38013964891433716, "E13_agent0_norm": 0.36825811862945557, "E13_agent1_norm": 0.33979469537734985, "E13_agent2_norm": 0.31777939200401306, "E13_agent3_norm": 0.2420094758272171, "E13_agent4_norm": 0.319886714220047, "E13_agent5_norm": 0.32588088512420654, "E14_agent0_norm": 0.2720874547958374, "E14_agent1_norm": 0.25383633375167847, "E14_agent2_norm": 0.2722732424736023, "E14_agent3_norm": 0.22316177189350128, "E14_agent4_norm": 0.2383691817522049, "E14_agent5_norm": 0.28062140941619873, "E15_agent0_norm": 0.19954173266887665, "E15_agent1_norm": 0.23127861320972443, "E15_agent2_norm": 0.2013203203678131, "E15_agent3_norm": 0.1703149825334549, "E15_agent4_norm": 0.20404557883739471, "E15_agent5_norm": 0.22757183015346527, "E16_agent0_norm": 0.17065879702568054, "E16_agent1_norm": 0.1764937937259674, "E16_agent2_norm": 0.1648564338684082, "E16_agent3_norm": 0.1308625340461731, "E16_agent4_norm": 0.1584581434726715, "E16_agent5_norm": 0.18707145750522614, "E17_agent0_norm": 0.12086501717567444, "E17_agent1_norm": 0.1291898488998413, "E17_agent2_norm": 0.12812961637973785, "E17_agent3_norm": 0.12353334575891495, "E17_agent4_norm": 0.1376231461763382, "E17_agent5_norm": 0.1549784392118454, "E18_agent0_norm": 0.09686111658811569, "E18_agent1_norm": 0.08652042597532272, "E18_agent2_norm": 0.08727584779262543, "E18_agent3_norm": 0.09244497120380402, "E18_agent4_norm": 0.1042800098657608, "E18_agent5_norm": 0.12561747431755066, "E19_agent0_norm": 0.0662308782339096, "E19_agent1_norm": 0.0678630843758583, "E19_agent2_norm": 0.07543410360813141, "E19_agent3_norm": 0.0727490708231926, "E19_agent4_norm": 0.08227863162755966, "E19_agent5_norm": 0.10480569303035736, "E20_agent0_norm": 0.057533424347639084, "E20_agent1_norm": 0.0514678917825222, "E20_agent2_norm": 0.05901395156979561, "E20_agent3_norm": 0.05470363795757294, "E20_agent4_norm": 0.0657462328672409, "E20_agent5_norm": 0.07794084399938583, "E21_agent0_norm": 0.03676333278417587, "E21_agent1_norm": 0.03176543116569519, "E21_agent2_norm": 0.033509042114019394, "E21_agent3_norm": 0.04477603733539581, "E21_agent4_norm": 0.048293810337781906, "E21_agent5_norm": 0.054887279868125916, "E22_agent0_norm": 0.028875501826405525, "E22_agent1_norm": 0.023976625874638557, "E22_agent2_norm": 0.027553964406251907, "E22_agent3_norm": 0.026661710813641548, "E22_agent4_norm": 0.03359305486083031, "E22_agent5_norm": 0.04249005764722824, "E23_agent0_norm": 0.01765967532992363, "E23_agent1_norm": 0.01803039014339447, "E23_agent2_norm": 0.02032468281686306, "E23_agent3_norm": 0.022809961810708046, "E23_agent4_norm": 0.022342272102832794, "E23_agent5_norm": 0.030589288100600243, "E24_agent0_norm": 0.0123565923422575, "E24_agent1_norm": 0.012890084646642208, "E24_agent2_norm": 0.014085774309933186, "E24_agent3_norm": 0.01535356417298317, "E24_agent4_norm": 0.016751041635870934, "E24_agent5_norm": 0.02125614508986473, "E25_agent0_norm": 0.009419783018529415, "E25_agent1_norm": 0.008847981691360474, "E25_agent2_norm": 0.009152448736131191, "E25_agent3_norm": 0.010564963333308697, "E25_agent4_norm": 0.012011437676846981, "E25_agent5_norm": 0.01686481386423111, "E26_agent0_norm": 0.006039519794285297, "E26_agent1_norm": 0.0059145730920135975, "E26_agent2_norm": 0.006983811501413584, "E26_agent3_norm": 0.0072440411895513535, "E26_agent4_norm": 0.008149114437401295, "E26_agent5_norm": 0.011040315963327885, "E27_agent0_norm": 0.004757564514875412, "E27_agent1_norm": 0.004317752551287413, "E27_agent2_norm": 0.004125844221562147, "E27_agent3_norm": 0.005372912622988224, "E27_agent4_norm": 0.006207646336406469, "E27_agent5_norm": 0.00791677925735712, "E28_agent0_norm": 0.002991873538121581, "E28_agent1_norm": 0.002850699471309781, "E28_agent2_norm": 0.003176955273374915, "E28_agent3_norm": 0.0035655309911817312, "E28_agent4_norm": 0.00423527741804719, "E28_agent5_norm": 0.005509729031473398, "E29_agent0_norm": 0.0020072588231414557, "E29_agent1_norm": 0.0019998422358185053, "E29_agent2_norm": 0.0021740898955613375, "E29_agent3_norm": 0.002710722852498293, "E29_agent4_norm": 0.002767112571746111, "E29_agent5_norm": 0.004037319216877222, "E30_agent0_norm": 0.0015009636990725994, "E30_agent1_norm": 0.0014375689206644893, "E30_agent2_norm": 0.0016850644024088979, "E30_agent3_norm": 0.0016790988156571984, "E30_agent4_norm": 0.0018786181462928653, "E30_agent5_norm": 0.0027579525485634804, "E31_agent0_norm": 0.0012125897919759154, "E31_agent1_norm": 0.0011299332836642861, "E31_agent2_norm": 0.001204017666168511, "E31_agent3_norm": 0.0012521506287157536, "E31_agent4_norm": 0.00134624436032027, "E31_agent5_norm": 0.0018823465798050165, "E32_agent0_norm": 0.000614249671343714, "E32_agent1_norm": 0.0006767958984710276, "E32_agent2_norm": 0.0007645691512152553, "E32_agent3_norm": 0.000970506458543241, "E32_agent4_norm": 0.001009204424917698, "E32_agent5_norm": 0.0013040779158473015, "E33_agent0_norm": 0.0005119392881169915, "E33_agent1_norm": 0.0004517495399340987, "E33_agent2_norm": 0.000520269270054996, "E33_agent3_norm": 0.0006262034876272082, "E33_agent4_norm": 0.0006840169080533087, "E33_agent5_norm": 0.0008559880661778152, "E34_agent0_norm": 0.0003559173783287406, "E34_agent1_norm": 0.0004173342604190111, "E34_agent2_norm": 0.00043321578414179385,