{"Agent0_Epoch1": 0.2924010157585144, "Agent1_Epoch1": 0.28530359268188477, "Agent2_Epoch1": 0.9832932353019714, "Agent3_Epoch1": 0.9931043982505798, "Agent4_Epoch1": 0.9999540448188782, "Agent5_Epoch1": 0.9881671071052551, "Agent0_Epoch2": 0.06151998043060303, "Agent1_Epoch2": 0.0586666464805603, "Agent2_Epoch2": 0.2416650652885437, "Agent3_Epoch2": 0.20150858163833618, "Agent4_Epoch2": 0.19889330863952637, "Agent5_Epoch2": 0.18849140405654907, "Agent0_Epoch3": 0.03627216815948486, "Agent1_Epoch3": 0.039578258991241455, "Agent2_Epoch3": 0.10931187868118286, "Agent3_Epoch3": 0.15039408206939697, "Agent4_Epoch3": 0.14070051908493042, "Agent5_Epoch3": 0.11674416065216064, "Agent0_Epoch4": 0.029982388019561768, "Agent1_Epoch4": 0.02868098020553589, "Agent2_Epoch4": 0.1149148941040039, "Agent3_Epoch4": 0.120888352394104, "Agent4_Epoch4": 0.10748052597045898, "Agent5_Epoch4": 0.12190121412277222, "Agent0_Epoch5": 0.018975555896759033, "Agent1_Epoch5": 0.018373429775238037, "Agent2_Epoch5": 0.07631438970565796, "Agent3_Epoch5": 0.09157562255859375, "Agent4_Epoch5": 0.09669053554534912, "Agent5_Epoch5": 0.07240581512451172, "Agent0_Epoch6": 0.010798275470733643, "Agent1_Epoch6": 0.010658562183380127, "Agent2_Epoch6": 0.045338451862335205, "Agent3_Epoch6": 0.05421304702758789, "Agent4_Epoch6": 0.04726302623748779, "Agent5_Epoch6": 0.04526597261428833, "Agent0_Epoch7": 0.006853818893432617, "Agent1_Epoch7": 0.006789088249206543, "Agent2_Epoch7": 0.02730804681777954, "Agent3_Epoch7": 0.03176194429397583, "Agent4_Epoch7": 0.031377553939819336, "Agent5_Epoch7": 0.027411699295043945, "Agent0_Epoch8": 0.005014479160308838, "Agent1_Epoch8": 0.004969537258148193, "Agent2_Epoch8": 0.018725335597991943, "Agent3_Epoch8": 0.019882559776306152, "Agent4_Epoch8": 0.01905888319015503, "Agent5_Epoch8": 0.018220067024230957, "Agent0_Epoch9": 0.002324402332305908, "Agent1_Epoch9": 0.0023079514503479004, "Agent2_Epoch9": 0.011700928211212158, "Agent3_Epoch9": 0.01209181547164917, "Agent4_Epoch9": 0.011822998523712158, "Agent5_Epoch9": 0.009851515293121338, "Agent0_Epoch10": 0.0014376640319824219, "Agent1_Epoch10": 0.0014277100563049316, "Agent2_Epoch10": 0.008291006088256836, "Agent3_Epoch10": 0.008007645606994629, "Agent4_Epoch10": 0.008183836936950684, "Agent5_Epoch10": 0.006381094455718994, "Agent0_Epoch11": 0.0009521245956420898, "Agent1_Epoch11": 0.0009489655494689941, "Agent2_Epoch11": 0.0050740838050842285, "Agent3_Epoch11": 0.00620877742767334, "Agent4_Epoch11": 0.006711065769195557, "Agent5_Epoch11": 0.005941867828369141, "Agent0_Epoch12": 0.000780642032623291, "Agent1_Epoch12": 0.0007786154747009277, "Agent2_Epoch12": 0.0028268098831176758, "Agent3_Epoch12": 0.003960251808166504, "Agent4_Epoch12": 0.004486143589019775, "Agent5_Epoch12": 0.0032846927642822266, "Agent0_Epoch13": 0.00047659873962402344, "Agent1_Epoch13": 0.0004757046699523926, "Agent2_Epoch13": 0.001689314842224121, "Agent3_Epoch13": 0.002641618251800537, "Agent4_Epoch13": 0.0031290054321289062, "Agent5_Epoch13": 0.0029487013816833496, "Agent0_Epoch14": 0.00020647048950195312, "Agent1_Epoch14": 0.00020611286163330078, "Agent2_Epoch14": 0.0011559724807739258, "Agent3_Epoch14": 0.0017178058624267578, "Agent4_Epoch14": 0.0021140575408935547, "Agent5_Epoch14": 0.001621544361114502, "Agent0_Epoch15": 0.0002391338348388672, "Agent1_Epoch15": 0.0002391338348388672, "Agent2_Epoch15": 0.0006201863288879395, "Agent3_Epoch15": 0.0011368393898010254, "Agent4_Epoch15": 0.0013001561164855957, "Agent5_Epoch15": 0.0009986162185668945, "Agent0_Epoch16": 7.611513137817383e-05, "Agent1_Epoch16": 7.605552673339844e-05, "Agent2_Epoch16": 0.0004941225051879883, "Agent3_Epoch16": 0.0007962584495544434, "Agent4_Epoch16": 0.0009756684303283691, "Agent5_Epoch16": 0.0006695985794067383, "Agent0_Epoch17": 5.7816505432128906e-05, "Agent1_Epoch17": 5.7816505432128906e-05, "Agent2_Epoch17": 0.0002574324607849121, "Agent3_Epoch17": 0.0003795027732849121, "Agent4_Epoch17": 0.0004788637161254883, "Agent5_Epoch17": 0.0004514455795288086, "Agent0_Epoch18": 2.9087066650390625e-05, "Agent1_Epoch18": 2.9146671295166016e-05, "Agent2_Epoch18": 0.00013816356658935547, "Agent3_Epoch18": 0.0002232193946838379, "Agent4_Epoch18": 0.00030612945556640625, "Agent5_Epoch18": 0.00023537874221801758, "Agent0_Epoch19": 1.5020370483398438e-05, "Agent1_Epoch19": 1.4960765838623047e-05, "Agent2_Epoch19": 0.00012344121932983398, "Agent3_Epoch19": 0.00013107061386108398, "Agent4_Epoch19": 0.00015491247177124023, "Agent5_Epoch19": 0.00011652708053588867, "Agent0_Epoch20": 9.59634780883789e-06, "Agent1_Epoch20": 9.59634780883789e-06, "Agent2_Epoch20": 4.2557716369628906e-05, "Agent3_Epoch20": 7.086992263793945e-05, "Agent4_Epoch20": 8.296966552734375e-05, "Agent5_Epoch20": 7.420778274536133e-05, "Agent0_Epoch21": 4.76837158203125e-06, "Agent1_Epoch21": 4.76837158203125e-06, "Agent2_Epoch21": 2.276897430419922e-05, "Agent3_Epoch21": 4.1425228118896484e-05, "Agent4_Epoch21": 4.00543212890625e-05, "Agent5_Epoch21": 3.814697265625e-05, "Agent0_Epoch22": 1.6093254089355469e-06, "Agent1_Epoch22": 1.6689300537109375e-06, "Agent2_Epoch22": 1.2636184692382812e-05, "Agent3_Epoch22": 2.4437904357910156e-05, "Agent4_Epoch22": 2.4497509002685547e-05, "Agent5_Epoch22": 2.4497509002685547e-05, "Agent0_Epoch23": 1.6689300537109375e-06, "Agent1_Epoch23": 1.6093254089355469e-06, "Agent2_Epoch23": 6.496906280517578e-06, "Agent3_Epoch23": 8.404254913330078e-06, "Agent4_Epoch23": 9.655952453613281e-06, "Agent5_Epoch23": 1.2516975402832031e-05, "Agent0_Epoch24": 5.960464477539062e-07, "Agent1_Epoch24": 5.364418029785156e-07, "Agent2_Epoch24": 4.172325134277344e-06, "Agent3_Epoch24": 6.318092346191406e-06, "Agent4_Epoch24": 5.364418029785156e-06, "Agent5_Epoch24": 6.020069122314453e-06, "Agent0_Epoch25": 2.384185791015625e-07, "Agent1_Epoch25": 2.384185791015625e-07, "Agent2_Epoch25": 1.5497207641601562e-06, "Agent3_Epoch25": 2.0265579223632812e-06, "Agent4_Epoch25": 2.682209014892578e-06, "Agent5_Epoch25": 3.2782554626464844e-06, "Agent0_Epoch26": 5.960464477539063e-08, "Agent1_Epoch26": 1.1920928955078125e-07, "Agent2_Epoch26": 1.1324882507324219e-06, "Agent3_Epoch26": 1.430511474609375e-06, "Agent4_Epoch26": 1.430511474609375e-06, "Agent5_Epoch26": 1.430511474609375e-06, "Agent0_Epoch27": 5.960464477539063e-08, "Agent1_Epoch27": 5.960464477539063e-08, "Agent2_Epoch27": 4.172325134277344e-07, "Agent3_Epoch27": 5.364418029785156e-07, "Agent4_Epoch27": 5.960464477539062e-07, "Agent5_Epoch27": 7.152557373046875e-07, "Agent0_Epoch28": 0.0, "Agent1_Epoch28": -1.1920928955078125e-07, "Agent2_Epoch28": 2.384185791015625e-07, "Agent3_Epoch28": 2.384185791015625e-07, "Agent4_Epoch28": 2.980232238769531e-07, "Agent5_Epoch28": 2.980232238769531e-07, "Agent0_Epoch29": -1.1920928955078125e-07, "Agent1_Epoch29": 0.0, "Agent2_Epoch29": 5.960464477539063e-08, "Agent3_Epoch29": 1.1920928955078125e-07, "Agent4_Epoch29": 0.0, "Agent5_Epoch29": 1.1920928955078125e-07, "Agent0_Epoch30": 0.0, "Agent1_Epoch30": 0.0, "Agent2_Epoch30": 0.0, "Agent3_Epoch30": 0.0, "Agent4_Epoch30": 5.960464477539063e-08, "Agent5_Epoch30": 5.960464477539063e-08, "Agent0_Epoch31": 5.960464477539063e-08, "Agent1_Epoch31": 0.0, "Agent2_Epoch31": 0.0, "Agent3_Epoch31": 0.0, "Agent4_Epoch31": 5.960464477539063e-08, "Agent5_Epoch31": 5.960464477539063e-08, "Agent0_Epoch32": 0.0, "Agent1_Epoch32": 5.960464477539063e-08, "Agent2_Epoch32": 5.960464477539063e-08, "Agent3_Epoch32": 5.960464477539063e-08, "Agent4_Epoch32": 0.0, "Agent5_Epoch32": 5.960464477539063e-08, "Agent0_Epoch33": 0.0, "Agent1_Epoch33": 0.0, "Agent2_Epoch33": 0.0, "Agent3_Epoch33": 5.960464477539063e-08, "Agent4_Epoch33": 0.0, "Agent5_Epoch33": 0.0, "Agent0_Epoch34": 0.0, "Agent1_Epoch34": 0.0, "Agent2_Epoch34": 0.0, "Agent3_Epoch34": 1.1920928955078125e-07, "Agent4_Epoch34": 5.960464477539063e-08, "Agent5_Epoch34": 1.1920928955078125e-07, "Agent0_Epoch35": -1.1920928955078125e-07, "Agent1_Epoch35": 5.960464477539063e-08, "Agent2_Epoch35": 0.0,