{"Agent0_Epoch1": 0.29245370626449585, "Agent1_Epoch1": 0.29523366689682007, "Agent2_Epoch1": 0.980758011341095, "Agent3_Epoch1": 0.9898656010627747, "Agent4_Epoch1": 0.9787967801094055, "Agent5_Epoch1": 0.9956151247024536, "Agent0_Epoch2": 0.05223679542541504, "Agent1_Epoch2": 0.04532980918884277, "Agent2_Epoch2": 0.16752231121063232, "Agent3_Epoch2": 0.19063740968704224, "Agent4_Epoch2": 0.17870742082595825, "Agent5_Epoch2": 0.1723167896270752, "Agent0_Epoch3": 0.04164022207260132, "Agent1_Epoch3": 0.040012478828430176, "Agent2_Epoch3": 0.12682688236236572, "Agent3_Epoch3": 0.12979048490524292, "Agent4_Epoch3": 0.15478777885437012, "Agent5_Epoch3": 0.16931378841400146, "Agent0_Epoch4": 0.02960759401321411, "Agent1_Epoch4": 0.028655052185058594, "Agent2_Epoch4": 0.1193956732749939, "Agent3_Epoch4": 0.12786370515823364, "Agent4_Epoch4": 0.13179945945739746, "Agent5_Epoch4": 0.12693995237350464, "Agent0_Epoch5": 0.019230961799621582, "Agent1_Epoch5": 0.019245803356170654, "Agent2_Epoch5": 0.0759081244468689, "Agent3_Epoch5": 0.0947757363319397, "Agent4_Epoch5": 0.09676963090896606, "Agent5_Epoch5": 0.08923280239105225, "Agent0_Epoch6": 0.010946333408355713, "Agent1_Epoch6": 0.010909557342529297, "Agent2_Epoch6": 0.05311018228530884, "Agent3_Epoch6": 0.07044792175292969, "Agent4_Epoch6": 0.06063663959503174, "Agent5_Epoch6": 0.06018489599227905, "Agent0_Epoch7": 0.006702780723571777, "Agent1_Epoch7": 0.0067681074142456055, "Agent2_Epoch7": 0.032510578632354736, "Agent3_Epoch7": 0.04581570625305176, "Agent4_Epoch7": 0.03761613368988037, "Agent5_Epoch7": 0.04018747806549072, "Agent0_Epoch8": 0.005130112171173096, "Agent1_Epoch8": 0.005149543285369873, "Agent2_Epoch8": 0.019338369369506836, "Agent3_Epoch8": 0.031156182289123535, "Agent4_Epoch8": 0.02838289737701416, "Agent5_Epoch8": 0.0297929048538208, "Agent0_Epoch9": 0.0031468868255615234, "Agent1_Epoch9": 0.003139197826385498, "Agent2_Epoch9": 0.012606143951416016, "Agent3_Epoch9": 0.020700931549072266, "Agent4_Epoch9": 0.017847657203674316, "Agent5_Epoch9": 0.016752123832702637, "Agent0_Epoch10": 0.002490401268005371, "Agent1_Epoch10": 0.002490103244781494, "Agent2_Epoch10": 0.008018732070922852, "Agent3_Epoch10": 0.014142394065856934, "Agent4_Epoch10": 0.012014448642730713, "Agent5_Epoch10": 0.013419926166534424, "Agent0_Epoch11": 0.0016866326332092285, "Agent1_Epoch11": 0.0016832351684570312, "Agent2_Epoch11": 0.005792081356048584, "Agent3_Epoch11": 0.008966267108917236, "Agent4_Epoch11": 0.008679330348968506, "Agent5_Epoch11": 0.00807046890258789, "Agent0_Epoch12": 0.0009080171585083008, "Agent1_Epoch12": 0.0009066462516784668, "Agent2_Epoch12": 0.003092348575592041, "Agent3_Epoch12": 0.006425440311431885, "Agent4_Epoch12": 0.006148815155029297, "Agent5_Epoch12": 0.006239414215087891, "Agent0_Epoch13": 0.0006049275398254395, "Agent1_Epoch13": 0.0006045103073120117, "Agent2_Epoch13": 0.002690136432647705, "Agent3_Epoch13": 0.004364311695098877, "Agent4_Epoch13": 0.004561901092529297, "Agent5_Epoch13": 0.003858506679534912, "Agent0_Epoch14": 0.00034749507904052734, "Agent1_Epoch14": 0.00034737586975097656, "Agent2_Epoch14": 0.001641988754272461, "Agent3_Epoch14": 0.0027709007263183594, "Agent4_Epoch14": 0.0026475191116333008, "Agent5_Epoch14": 0.002103745937347412, "Agent0_Epoch15": 0.0002970695495605469, "Agent1_Epoch15": 0.00029671192169189453, "Agent2_Epoch15": 0.000984489917755127, "Agent3_Epoch15": 0.0016661882400512695, "Agent4_Epoch15": 0.0019278526306152344, "Agent5_Epoch15": 0.0014556050300598145, "Agent0_Epoch16": 0.00012344121932983398, "Agent1_Epoch16": 0.00012344121932983398, "Agent2_Epoch16": 0.0004469156265258789, "Agent3_Epoch16": 0.0011761784553527832, "Agent4_Epoch16": 0.0011937618255615234, "Agent5_Epoch16": 0.0010458827018737793, "Agent0_Epoch17": 7.319450378417969e-05, "Agent1_Epoch17": 7.319450378417969e-05, "Agent2_Epoch17": 0.0002980232238769531, "Agent3_Epoch17": 0.0007010698318481445, "Agent4_Epoch17": 0.0008196830749511719, "Agent5_Epoch17": 0.0005851387977600098, "Agent0_Epoch18": 4.38690185546875e-05, "Agent1_Epoch18": 4.369020462036133e-05, "Agent2_Epoch18": 0.00015091896057128906, "Agent3_Epoch18": 0.00046622753143310547, "Agent4_Epoch18": 0.0005167126655578613, "Agent5_Epoch18": 0.00031894445419311523, "Agent0_Epoch19": 1.9311904907226562e-05, "Agent1_Epoch19": 1.919269561767578e-05, "Agent2_Epoch19": 8.654594421386719e-05, "Agent3_Epoch19": 0.00024175643920898438, "Agent4_Epoch19": 0.0002671480178833008, "Agent5_Epoch19": 0.00019592046737670898, "Agent0_Epoch20": 1.531839370727539e-05, "Agent1_Epoch20": 1.531839370727539e-05, "Agent2_Epoch20": 4.774332046508789e-05, "Agent3_Epoch20": 0.0001251697540283203, "Agent4_Epoch20": 0.00014388561248779297, "Agent5_Epoch20": 6.562471389770508e-05, "Agent0_Epoch21": 5.602836608886719e-06, "Agent1_Epoch21": 5.662441253662109e-06, "Agent2_Epoch21": 2.2649765014648438e-05, "Agent3_Epoch21": 5.793571472167969e-05, "Agent4_Epoch21": 7.802248001098633e-05, "Agent5_Epoch21": 5.65648078918457e-05, "Agent0_Epoch22": 2.9802322387695312e-06, "Agent1_Epoch22": 2.9802322387695312e-06, "Agent2_Epoch22": 7.748603820800781e-06, "Agent3_Epoch22": 3.349781036376953e-05, "Agent4_Epoch22": 3.3855438232421875e-05, "Agent5_Epoch22": 2.7418136596679688e-05, "Agent0_Epoch23": 1.3709068298339844e-06, "Agent1_Epoch23": 1.3113021850585938e-06, "Agent2_Epoch23": 6.854534149169922e-06, "Agent3_Epoch23": 1.7702579498291016e-05, "Agent4_Epoch23": 2.0742416381835938e-05, "Agent5_Epoch23": 1.2755393981933594e-05, "Agent0_Epoch24": 5.960464477539062e-07, "Agent1_Epoch24": 5.364418029785156e-07, "Agent2_Epoch24": 2.9206275939941406e-06, "Agent3_Epoch24": 9.715557098388672e-06, "Agent4_Epoch24": 1.1026859283447266e-05, "Agent5_Epoch24": 6.198883056640625e-06, "Agent0_Epoch25": 4.172325134277344e-07, "Agent1_Epoch25": 2.980232238769531e-07, "Agent2_Epoch25": 1.2516975402832031e-06, "Agent3_Epoch25": 3.516674041748047e-06, "Agent4_Epoch25": 4.649162292480469e-06, "Agent5_Epoch25": 3.3974647521972656e-06, "Agent0_Epoch26": 2.384185791015625e-07, "Agent1_Epoch26": 1.7881393432617188e-07, "Agent2_Epoch26": 6.556510925292969e-07, "Agent3_Epoch26": 2.1457672119140625e-06, "Agent4_Epoch26": 2.5033950805664062e-06, "Agent5_Epoch26": 1.9669532775878906e-06, "Agent0_Epoch27": 1.7881393432617188e-07, "Agent1_Epoch27": 1.1920928955078125e-07, "Agent2_Epoch27": 2.980232238769531e-07, "Agent3_Epoch27": 8.940696716308594e-07, "Agent4_Epoch27": 1.2516975402832031e-06, "Agent5_Epoch27": 8.344650268554688e-07, "Agent0_Epoch28": 5.960464477539063e-08, "Agent1_Epoch28": 0.0, "Agent2_Epoch28": 1.7881393432617188e-07, "Agent3_Epoch28": 4.76837158203125e-07, "Agent4_Epoch28": 4.76837158203125e-07, "Agent5_Epoch28": 2.384185791015625e-07, "Agent0_Epoch29": 0.0, "Agent1_Epoch29": 0.0, "Agent2_Epoch29": 5.960464477539063e-08, "Agent3_Epoch29": 1.7881393432617188e-07, "Agent4_Epoch29": 2.980232238769531e-07, "Agent5_Epoch29": 1.7881393432617188e-07, "Agent0_Epoch30": 0.0, "Agent1_Epoch30": 0.0, "Agent2_Epoch30": 5.960464477539063e-08, "Agent3_Epoch30": 1.7881393432617188e-07, "Agent4_Epoch30": 1.7881393432617188e-07, "Agent5_Epoch30": 2.384185791015625e-07, "Agent0_Epoch31": 5.960464477539063e-08, "Agent1_Epoch31": 1.7881393432617188e-07, "Agent2_Epoch31": 0.0, "Agent3_Epoch31": 0.0, "Agent4_Epoch31": 1.1920928955078125e-07, "Agent5_Epoch31": 1.1920928955078125e-07, "Agent0_Epoch32": -1.1920928955078125e-07, "Agent1_Epoch32": 0.0, "Agent2_Epoch32": 5.960464477539063e-08, "Agent3_Epoch32": 0.0, "Agent4_Epoch32": 5.960464477539063e-08, "Agent5_Epoch32": 1.1920928955078125e-07, "Agent0_Epoch33": 5.960464477539063e-08, "Agent1_Epoch33": 5.960464477539063e-08, "Agent2_Epoch33": -1.1920928955078125e-07, "Agent3_Epoch33": 5.960464477539063e-08, "Agent4_Epoch33": 0.0, "Agent5_Epoch33": 0.0, "Agent0_Epoch34": 0.0, "Agent1_Epoch34": 5.960464477539063e-08, "Agent2_Epoch34": -1.1920928955078125e-07, "Agent3_Epoch34": -1.1920928955078125e-07, "Agent4_Epoch34": 0.0,