{"Agent0_Epoch1": 0.29272550344467163, "Agent1_Epoch1": 0.29069358110427856, "Agent2_Epoch1": 0.9846016764640808, "Agent3_Epoch1": 0.9784566760063171, "Agent4_Epoch1": 0.9967800974845886, "Agent5_Epoch1": 0.990225076675415, "Agent0_Epoch2": 0.06256544589996338, "Agent1_Epoch2": 0.05856055021286011, "Agent2_Epoch2": 0.1995639204978943, "Agent3_Epoch2": 0.1626843810081482, "Agent4_Epoch2": 0.1900118589401245, "Agent5_Epoch2": 0.19655656814575195, "Agent0_Epoch3": 0.03891783952713013, "Agent1_Epoch3": 0.03631627559661865, "Agent2_Epoch3": 0.13797610998153687, "Agent3_Epoch3": 0.15002799034118652, "Agent4_Epoch3": 0.1540839672088623, "Agent5_Epoch3": 0.10649228096008301, "Agent0_Epoch4": 0.02306056022644043, "Agent1_Epoch4": 0.02165907621383667, "Agent2_Epoch4": 0.09474968910217285, "Agent3_Epoch4": 0.12908756732940674, "Agent4_Epoch4": 0.0989190936088562, "Agent5_Epoch4": 0.09278792142868042, "Agent0_Epoch5": 0.015916645526885986, "Agent1_Epoch5": 0.014989256858825684, "Agent2_Epoch5": 0.07652276754379272, "Agent3_Epoch5": 0.08565378189086914, "Agent4_Epoch5": 0.08843326568603516, "Agent5_Epoch5": 0.0688711404800415, "Agent0_Epoch6": 0.009703099727630615, "Agent1_Epoch6": 0.009165525436401367, "Agent2_Epoch6": 0.04923790693283081, "Agent3_Epoch6": 0.050723373889923096, "Agent4_Epoch6": 0.05808436870574951, "Agent5_Epoch6": 0.043593764305114746, "Agent0_Epoch7": 0.007262706756591797, "Agent1_Epoch7": 0.0069315433502197266, "Agent2_Epoch7": 0.03368145227432251, "Agent3_Epoch7": 0.03944021463394165, "Agent4_Epoch7": 0.03746229410171509, "Agent5_Epoch7": 0.03123629093170166, "Agent0_Epoch8": 0.004767775535583496, "Agent1_Epoch8": 0.004588186740875244, "Agent2_Epoch8": 0.01990288496017456, "Agent3_Epoch8": 0.02411562204360962, "Agent4_Epoch8": 0.024985909461975098, "Agent5_Epoch8": 0.02071744203567505, "Agent0_Epoch9": 0.0028316378593444824, "Agent1_Epoch9": 0.002778768539428711, "Agent2_Epoch9": 0.01369863748550415, "Agent3_Epoch9": 0.016760945320129395, "Agent4_Epoch9": 0.016086161136627197, "Agent5_Epoch9": 0.014315366744995117, "Agent0_Epoch10": 0.0021049976348876953, "Agent1_Epoch10": 0.002070784568786621, "Agent2_Epoch10": 0.00839155912399292, "Agent3_Epoch10": 0.011555850505828857, "Agent4_Epoch10": 0.011083841323852539, "Agent5_Epoch10": 0.010039687156677246, "Agent0_Epoch11": 0.0014294981956481934, "Agent1_Epoch11": 0.0014185905456542969, "Agent2_Epoch11": 0.006643414497375488, "Agent3_Epoch11": 0.007949769496917725, "Agent4_Epoch11": 0.007843255996704102, "Agent5_Epoch11": 0.006853163242340088, "Agent0_Epoch12": 0.0009198784828186035, "Agent1_Epoch12": 0.0009126067161560059, "Agent2_Epoch12": 0.0034013986587524414, "Agent3_Epoch12": 0.005386173725128174, "Agent4_Epoch12": 0.00494152307510376, "Agent5_Epoch12": 0.004447638988494873, "Agent0_Epoch13": 0.00048661231994628906, "Agent1_Epoch13": 0.0004845857620239258, "Agent2_Epoch13": 0.002035200595855713, "Agent3_Epoch13": 0.003919422626495361, "Agent4_Epoch13": 0.0035600662231445312, "Agent5_Epoch13": 0.0032608509063720703, "Agent0_Epoch14": 0.0003662109375, "Agent1_Epoch14": 0.0003647804260253906, "Agent2_Epoch14": 0.0012930035591125488, "Agent3_Epoch14": 0.0027753114700317383, "Agent4_Epoch14": 0.002347111701965332, "Agent5_Epoch14": 0.0022788047790527344, "Agent0_Epoch15": 0.00014281272888183594, "Agent1_Epoch15": 0.00014263391494750977, "Agent2_Epoch15": 0.0008949637413024902, "Agent3_Epoch15": 0.0016980767250061035, "Agent4_Epoch15": 0.001748204231262207, "Agent5_Epoch15": 0.001297295093536377, "Agent0_Epoch16": 9.018182754516602e-05, "Agent1_Epoch16": 9.012222290039062e-05, "Agent2_Epoch16": 0.00047516822814941406, "Agent3_Epoch16": 0.001265406608581543, "Agent4_Epoch16": 0.0012243390083312988, "Agent5_Epoch16": 0.0007306933403015137, "Agent0_Epoch17": 5.060434341430664e-05, "Agent1_Epoch17": 5.042552947998047e-05, "Agent2_Epoch17": 0.00028389692306518555, "Agent3_Epoch17": 0.0007148385047912598, "Agent4_Epoch17": 0.000750422477722168, "Agent5_Epoch17": 0.0005453824996948242, "Agent0_Epoch18": 3.0517578125e-05, "Agent1_Epoch18": 3.063678741455078e-05, "Agent2_Epoch18": 0.00017547607421875, "Agent3_Epoch18": 0.0004620552062988281, "Agent4_Epoch18": 0.000578463077545166, "Agent5_Epoch18": 0.00029915571212768555, "Agent0_Epoch19": 1.5676021575927734e-05, "Agent1_Epoch19": 1.5676021575927734e-05, "Agent2_Epoch19": 8.183717727661133e-05, "Agent3_Epoch19": 0.00022029876708984375, "Agent4_Epoch19": 0.00021588802337646484, "Agent5_Epoch19": 0.0001526474952697754, "Agent0_Epoch20": 7.033348083496094e-06, "Agent1_Epoch20": 6.973743438720703e-06, "Agent2_Epoch20": 4.887580871582031e-05, "Agent3_Epoch20": 0.00014060735702514648, "Agent4_Epoch20": 0.00011557340621948242, "Agent5_Epoch20": 9.179115295410156e-05, "Agent0_Epoch21": 5.304813385009766e-06, "Agent1_Epoch21": 5.185604095458984e-06, "Agent2_Epoch21": 2.5093555450439453e-05, "Agent3_Epoch21": 8.118152618408203e-05, "Agent4_Epoch21": 6.860494613647461e-05, "Agent5_Epoch21": 5.14984130859375e-05, "Agent0_Epoch22": 1.6093254089355469e-06, "Agent1_Epoch22": 1.6093254089355469e-06, "Agent2_Epoch22": 1.3828277587890625e-05, "Agent3_Epoch22": 4.32133674621582e-05, "Agent4_Epoch22": 4.6312808990478516e-05, "Agent5_Epoch22": 2.6702880859375e-05, "Agent0_Epoch23": 1.1324882507324219e-06, "Agent1_Epoch23": 1.1920928955078125e-06, "Agent2_Epoch23": 5.424022674560547e-06, "Agent3_Epoch23": 1.8835067749023438e-05, "Agent4_Epoch23": 2.1755695343017578e-05, "Agent5_Epoch23": 1.2874603271484375e-05, "Agent0_Epoch24": 5.364418029785156e-07, "Agent1_Epoch24": 4.76837158203125e-07, "Agent2_Epoch24": 3.3974647521972656e-06, "Agent3_Epoch24": 1.0728836059570312e-05, "Agent4_Epoch24": 1.0132789611816406e-05, "Agent5_Epoch24": 6.735324859619141e-06, "Agent0_Epoch25": 1.7881393432617188e-07, "Agent1_Epoch25": 2.384185791015625e-07, "Agent2_Epoch25": 1.9669532775878906e-06, "Agent3_Epoch25": 4.112720489501953e-06, "Agent4_Epoch25": 4.351139068603516e-06, "Agent5_Epoch25": 2.2649765014648438e-06, "Agent0_Epoch26": 2.384185791015625e-07, "Agent1_Epoch26": 1.1920928955078125e-07, "Agent2_Epoch26": 7.748603820800781e-07, "Agent3_Epoch26": 2.1457672119140625e-06, "Agent4_Epoch26": 2.0265579223632812e-06, "Agent5_Epoch26": 1.430511474609375e-06, "Agent0_Epoch27": 1.1920928955078125e-07, "Agent1_Epoch27": 0.0, "Agent2_Epoch27": 3.5762786865234375e-07, "Agent3_Epoch27": 1.1324882507324219e-06, "Agent4_Epoch27": 1.3113021850585938e-06, "Agent5_Epoch27": 8.344650268554688e-07, "Agent0_Epoch28": 5.960464477539063e-08, "Agent1_Epoch28": 5.960464477539063e-08, "Agent2_Epoch28": 2.980232238769531e-07, "Agent3_Epoch28": 5.364418029785156e-07, "Agent4_Epoch28": 4.76837158203125e-07, "Agent5_Epoch28": 2.384185791015625e-07, "Agent0_Epoch29": 5.960464477539063e-08, "Agent1_Epoch29": 1.1920928955078125e-07, "Agent2_Epoch29": 0.0, "Agent3_Epoch29": 2.980232238769531e-07, "Agent4_Epoch29": 2.980232238769531e-07, "Agent5_Epoch29": 1.7881393432617188e-07, "Agent0_Epoch30": 0.0, "Agent1_Epoch30": 1.1920928955078125e-07, "Agent2_Epoch30": 1.1920928955078125e-07, "Agent3_Epoch30": 1.1920928955078125e-07, "Agent4_Epoch30": 1.7881393432617188e-07, "Agent5_Epoch30": 1.1920928955078125e-07, "Agent0_Epoch31": -1.1920928955078125e-07, "Agent1_Epoch31": 0.0, "Agent2_Epoch31": 0.0, "Agent3_Epoch31": -1.1920928955078125e-07, "Agent4_Epoch31": 5.960464477539063e-08, "Agent5_Epoch31": 1.1920928955078125e-07, "Agent0_Epoch32": 0.0, "Agent1_Epoch32": 0.0, "Agent2_Epoch32": -1.1920928955078125e-07, "Agent3_Epoch32": -1.1920928955078125e-07, "Agent4_Epoch32": 5.960464477539063e-08, "Agent5_Epoch32": 0.0, "Agent0_Epoch33": 0.0, "Agent1_Epoch33": 5.960464477539063e-08, "Agent2_Epoch33": 1.1920928955078125e-07, "Agent3_Epoch33": 1.1920928955078125e-07, "Agent4_Epoch33": 5.960464477539063e-08, "Agent5_Epoch33": 5.960464477539063e-08, "Agent0_Epoch34": 0.0, "Agent1_Epoch34": 0.0, "Agent2_Epoch34": 0.0, "Agent3_Epoch34": -1.1920928955078125e-07, "Agent4_Epoch34": 0.0, "Agent5_Epoch34": -1.1920928955078125e-07,