{"E1_agent0_norm": 2.9950220584869385, "E1_agent1_norm": 3.19913911819458, "E1_agent2_norm": 3.303586959838867, "E1_agent3_norm": 3.437856674194336, "E1_agent4_norm": 2.8448660373687744, "E1_agent5_norm": 2.7647500038146973, "E2_agent0_norm": 2.4904892444610596, "E2_agent1_norm": 1.9167134761810303, "E2_agent2_norm": 2.594064235687256, "E2_agent3_norm": 2.1088738441467285, "E2_agent4_norm": 2.396724224090576, "E2_agent5_norm": 2.1749107837677, "E3_agent0_norm": 2.3777620792388916, "E3_agent1_norm": 1.7746291160583496, "E3_agent2_norm": 2.0744597911834717, "E3_agent3_norm": 2.0056729316711426, "E3_agent4_norm": 2.496462345123291, "E3_agent5_norm": 1.912930965423584, "E4_agent0_norm": 2.1120691299438477, "E4_agent1_norm": 2.082571029663086, "E4_agent2_norm": 1.5304454565048218, "E4_agent3_norm": 1.945937991142273, "E4_agent4_norm": 1.7805767059326172, "E4_agent5_norm": 1.9352821111679077, "E5_agent0_norm": 1.8690985441207886, "E5_agent1_norm": 1.8067705631256104, "E5_agent2_norm": 1.5065996646881104, "E5_agent3_norm": 1.6397596597671509, "E5_agent4_norm": 1.7045400142669678, "E5_agent5_norm": 1.5509341955184937, "E6_agent0_norm": 1.6629126071929932, "E6_agent1_norm": 1.512612223625183, "E6_agent2_norm": 1.270768404006958, "E6_agent3_norm": 1.2126656770706177, "E6_agent4_norm": 1.3100076913833618, "E6_agent5_norm": 1.145754098892212, "E7_agent0_norm": 1.3656723499298096, "E7_agent1_norm": 1.2769722938537598, "E7_agent2_norm": 1.0500574111938477, "E7_agent3_norm": 0.8282516598701477, "E7_agent4_norm": 0.9526865482330322, "E7_agent5_norm": 0.9072074890136719, "E8_agent0_norm": 1.1696597337722778, "E8_agent1_norm": 1.0906169414520264, "E8_agent2_norm": 0.8754483461380005, "E8_agent3_norm": 0.7719412446022034, "E8_agent4_norm": 0.7727100253105164, "E8_agent5_norm": 0.7277368307113647, "E9_agent0_norm": 0.913756787776947, "E9_agent1_norm": 0.8580889105796814, "E9_agent2_norm": 0.6914483904838562, "E9_agent3_norm": 0.508893609046936, "E9_agent4_norm": 0.5677458643913269, "E9_agent5_norm": 0.6651957035064697, "E10_agent0_norm": 0.7194952368736267, "E10_agent1_norm": 0.6605580449104309, "E10_agent2_norm": 0.5762417912483215, "E10_agent3_norm": 0.45004838705062866, "E10_agent4_norm": 0.4594525992870331, "E10_agent5_norm": 0.5132936239242554, "E11_agent0_norm": 0.5643995404243469, "E11_agent1_norm": 0.5425156950950623, "E11_agent2_norm": 0.47038885951042175, "E11_agent3_norm": 0.3442709743976593, "E11_agent4_norm": 0.40735098719596863, "E11_agent5_norm": 0.4625081419944763, "E12_agent0_norm": 0.4733917713165283, "E12_agent1_norm": 0.4151874780654907, "E12_agent2_norm": 0.3810584247112274, "E12_agent3_norm": 0.27980661392211914, "E12_agent4_norm": 0.3472900390625, "E12_agent5_norm": 0.4103960394859314, "E13_agent0_norm": 0.3615477979183197, "E13_agent1_norm": 0.36932581663131714, "E13_agent2_norm": 0.3356245458126068, "E13_agent3_norm": 0.2420300990343094, "E13_agent4_norm": 0.2879105508327484, "E13_agent5_norm": 0.3325830101966858, "E14_agent0_norm": 0.2957403063774109, "E14_agent1_norm": 0.24021543562412262, "E14_agent2_norm": 0.23486532270908356, "E14_agent3_norm": 0.18758907914161682, "E14_agent4_norm": 0.24182921648025513, "E14_agent5_norm": 0.2988801896572113, "E15_agent0_norm": 0.22972166538238525, "E15_agent1_norm": 0.18111728131771088, "E15_agent2_norm": 0.17928072810173035, "E15_agent3_norm": 0.1799117773771286, "E15_agent4_norm": 0.1939307004213333, "E15_agent5_norm": 0.2536758780479431, "E16_agent0_norm": 0.18864905834197998, "E16_agent1_norm": 0.17316217720508575, "E16_agent2_norm": 0.18083152174949646, "E16_agent3_norm": 0.16296440362930298, "E16_agent4_norm": 0.16753068566322327, "E16_agent5_norm": 0.20774200558662415, "E17_agent0_norm": 0.13256201148033142, "E17_agent1_norm": 0.12476134300231934, "E17_agent2_norm": 0.12973923981189728, "E17_agent3_norm": 0.13235928118228912, "E17_agent4_norm": 0.137910857796669, "E17_agent5_norm": 0.18349309265613556, "E18_agent0_norm": 0.08918207138776779, "E18_agent1_norm": 0.08794653415679932, "E18_agent2_norm": 0.10335080325603485, "E18_agent3_norm": 0.10276004672050476, "E18_agent4_norm": 0.1118554174900055, "E18_agent5_norm": 0.1336972862482071, "E19_agent0_norm": 0.06964665651321411, "E19_agent1_norm": 0.06215671822428703, "E19_agent2_norm": 0.07908996939659119, "E19_agent3_norm": 0.09348941594362259, "E19_agent4_norm": 0.08802340924739838, "E19_agent5_norm": 0.10247567296028137, "E20_agent0_norm": 0.050496120005846024, "E20_agent1_norm": 0.04739705100655556, "E20_agent2_norm": 0.059479694813489914, "E20_agent3_norm": 0.061523716896772385, "E20_agent4_norm": 0.06244539096951485, "E20_agent5_norm": 0.08062268793582916, "E21_agent0_norm": 0.03626216948032379, "E21_agent1_norm": 0.033724911510944366, "E21_agent2_norm": 0.04332105815410614, "E21_agent3_norm": 0.05229674279689789, "E21_agent4_norm": 0.04149656370282173, "E21_agent5_norm": 0.06002875789999962, "E22_agent0_norm": 0.030297776684165, "E22_agent1_norm": 0.027545766904950142, "E22_agent2_norm": 0.030505802482366562, "E22_agent3_norm": 0.03387613594532013, "E22_agent4_norm": 0.03451952338218689, "E22_agent5_norm": 0.048562731593847275, "E23_agent0_norm": 0.02002788707613945, "E23_agent1_norm": 0.01810028962790966, "E23_agent2_norm": 0.022131793200969696, "E23_agent3_norm": 0.02412978745996952, "E23_agent4_norm": 0.024064794182777405, "E23_agent5_norm": 0.0325084924697876, "E24_agent0_norm": 0.01584073156118393, "E24_agent1_norm": 0.012996223755180836, "E24_agent2_norm": 0.017011193558573723, "E24_agent3_norm": 0.015078164637088776, "E24_agent4_norm": 0.0155417425557971, "E24_agent5_norm": 0.025548893958330154, "E25_agent0_norm": 0.010584231466054916, "E25_agent1_norm": 0.008653461001813412, "E25_agent2_norm": 0.010858237743377686, "E25_agent3_norm": 0.01086389273405075, "E25_agent4_norm": 0.010737552307546139, "E25_agent5_norm": 0.01740516908466816, "E26_agent0_norm": 0.006656809244304895, "E26_agent1_norm": 0.005777682177722454, "E26_agent2_norm": 0.008395521901547909, "E26_agent3_norm": 0.008698553778231144, "E26_agent4_norm": 0.007357686758041382, "E26_agent5_norm": 0.011913949623703957, "E27_agent0_norm": 0.004785694647580385, "E27_agent1_norm": 0.004541436675935984, "E27_agent2_norm": 0.004828811157494783, "E27_agent3_norm": 0.005327069666236639, "E27_agent4_norm": 0.005436096806079149, "E27_agent5_norm": 0.008932596072554588, "E28_agent0_norm": 0.004004953894764185, "E28_agent1_norm": 0.0027956138364970684, "E28_agent2_norm": 0.003929966129362583, "E28_agent3_norm": 0.003773747943341732, "E28_agent4_norm": 0.00419285474345088, "E28_agent5_norm": 0.006487391889095306, "E29_agent0_norm": 0.0022755686659365892, "E29_agent1_norm": 0.0018704227404668927, "E29_agent2_norm": 0.0025884280912578106, "E29_agent3_norm": 0.002641229657456279, "E29_agent4_norm": 0.002869210671633482, "E29_agent5_norm": 0.0043710037134587765, "E30_agent0_norm": 0.0018745429115369916, "E30_agent1_norm": 0.001691689481958747, "E30_agent2_norm": 0.0019294362282380462, "E30_agent3_norm": 0.0019566668197512627, "E30_agent4_norm": 0.0019922517240047455, "E30_agent5_norm": 0.003273635171353817, "E31_agent0_norm": 0.0011610430665314198, "E31_agent1_norm": 0.0009828468319028616, "E31_agent2_norm": 0.0014214301481842995, "E31_agent3_norm": 0.0013701828429475427, "E31_agent4_norm": 0.0013360017910599709, "E31_agent5_norm": 0.002081807004287839, "E32_agent0_norm": 0.0008400483056902885, "E32_agent1_norm": 0.0006817938410677016, "E32_agent2_norm": 0.0009385645389556885, "E32_agent3_norm": 0.0009206201648339629, "E32_agent4_norm": 0.0010108939604833722, "E32_agent5_norm": 0.0014216050039976835, "E33_agent0_norm": 0.0006440887227654457, "E33_agent1_norm": 0.0004931617877446115, "E33_agent2_norm": 0.0006556193111464381, "E33_agent3_norm": 0.0006883811438456178, "E33_agent4_norm": 0.0007222899585030973, "E33_agent5_norm": 0.001049565151333809, "E34_agent0_norm": 0.00039004007703624666, "E34_agent1_norm": 0.00038987796870060265, "E34_agent2_norm": 0.0004436044255271554,