{"Agent0_Epoch1": 0.2973552346229553, "Agent1_Epoch1": 0.2903192639350891, "Agent2_Epoch1": 0.9955176711082458, "Agent3_Epoch1": 0.9969976544380188, "Agent4_Epoch1": 0.993015706539154, "Agent0_Epoch2": 0.05837517976760864, "Agent1_Epoch2": 0.28914183378219604, "Agent2_Epoch2": 0.3003755807876587, "Agent3_Epoch2": 0.29220396280288696, "Agent4_Epoch2": 0.30764544010162354, "Agent0_Epoch3": 0.033787310123443604, "Agent1_Epoch3": 0.13627129793167114, "Agent2_Epoch3": 0.13847744464874268, "Agent3_Epoch3": 0.13040179014205933, "Agent4_Epoch3": 0.14199119806289673, "Agent0_Epoch4": 0.02015209197998047, "Agent1_Epoch4": 0.061693012714385986, "Agent2_Epoch4": 0.0637628436088562, "Agent3_Epoch4": 0.060659050941467285, "Agent4_Epoch4": 0.07010459899902344, "Agent0_Epoch5": 0.013563990592956543, "Agent1_Epoch5": 0.033042311668395996, "Agent2_Epoch5": 0.03254961967468262, "Agent3_Epoch5": 0.03192329406738281, "Agent4_Epoch5": 0.03676116466522217, "Agent0_Epoch6": 0.008973658084869385, "Agent1_Epoch6": 0.01814591884613037, "Agent2_Epoch6": 0.018911004066467285, "Agent3_Epoch6": 0.019004642963409424, "Agent4_Epoch6": 0.01899796724319458, "Agent0_Epoch7": 0.006351947784423828, "Agent1_Epoch7": 0.011094450950622559, "Agent2_Epoch7": 0.011171579360961914, "Agent3_Epoch7": 0.010655820369720459, "Agent4_Epoch7": 0.012180864810943604, "Agent0_Epoch8": 0.0047206878662109375, "Agent1_Epoch8": 0.007362484931945801, "Agent2_Epoch8": 0.007636129856109619, "Agent3_Epoch8": 0.007469058036804199, "Agent4_Epoch8": 0.0077645182609558105, "Agent0_Epoch9": 0.003726482391357422, "Agent1_Epoch9": 0.0053136348724365234, "Agent2_Epoch9": 0.005463123321533203, "Agent3_Epoch9": 0.005114436149597168, "Agent4_Epoch9": 0.005624711513519287, "Agent0_Epoch10": 0.00299912691116333, "Agent1_Epoch10": 0.003986716270446777, "Agent2_Epoch10": 0.004156768321990967, "Agent3_Epoch10": 0.003558218479156494, "Agent4_Epoch10": 0.0038213729858398438, "Agent0_Epoch11": 0.0024753808975219727, "Agent1_Epoch11": 0.003114640712738037, "Agent2_Epoch11": 0.003169119358062744, "Agent3_Epoch11": 0.0030331015586853027, "Agent4_Epoch11": 0.003192007541656494, "Agent0_Epoch12": 0.002028524875640869, "Agent1_Epoch12": 0.0024430155754089355, "Agent2_Epoch12": 0.002486586570739746, "Agent3_Epoch12": 0.0021848678588867188, "Agent4_Epoch12": 0.0025612711906433105, "Agent0_Epoch13": 0.0016760826110839844, "Agent1_Epoch13": 0.0019499659538269043, "Agent2_Epoch13": 0.001971900463104248, "Agent3_Epoch13": 0.0017741918563842773, "Agent4_Epoch13": 0.0018633008003234863, "Agent0_Epoch14": 0.0013040900230407715, "Agent1_Epoch14": 0.0014754533767700195, "Agent2_Epoch14": 0.001536548137664795, "Agent3_Epoch14": 0.0014092326164245605, "Agent4_Epoch14": 0.0013986825942993164, "Agent0_Epoch15": 0.0009894371032714844, "Agent1_Epoch15": 0.0010947585105895996, "Agent2_Epoch15": 0.0010584592819213867, "Agent3_Epoch15": 0.0008876919746398926, "Agent4_Epoch15": 0.001114189624786377, "Agent0_Epoch16": 0.0007063746452331543, "Agent1_Epoch16": 0.0007673501968383789, "Agent2_Epoch16": 0.0007801055908203125, "Agent3_Epoch16": 0.00074005126953125, "Agent4_Epoch16": 0.000793755054473877, "Agent0_Epoch17": 0.0005089044570922852, "Agent1_Epoch17": 0.0005446672439575195, "Agent2_Epoch17": 0.0005414485931396484, "Agent3_Epoch17": 0.0005502700805664062, "Agent4_Epoch17": 0.0005574822425842285, "Agent0_Epoch18": 0.0003600120544433594, "Agent1_Epoch18": 0.0003806948661804199, "Agent2_Epoch18": 0.0003765225410461426, "Agent3_Epoch18": 0.00036710500717163086, "Agent4_Epoch18": 0.00039273500442504883, "Agent0_Epoch19": 0.0002491474151611328, "Agent1_Epoch19": 0.000260770320892334, "Agent2_Epoch19": 0.00026613473892211914, "Agent3_Epoch19": 0.0002556443214416504, "Agent4_Epoch19": 0.0002639889717102051, "Agent0_Epoch20": 0.00017064809799194336, "Agent1_Epoch20": 0.00017696619033813477, "Agent2_Epoch20": 0.00017696619033813477, "Agent3_Epoch20": 0.00017982721328735352, "Agent4_Epoch20": 0.000179290771484375, "Agent0_Epoch21": 0.00011545419692993164, "Agent1_Epoch21": 0.0001189112663269043, "Agent2_Epoch21": 0.00011986494064331055, "Agent3_Epoch21": 0.0001175999641418457, "Agent4_Epoch21": 0.00012099742889404297, "Agent0_Epoch22": 7.748603820800781e-05, "Agent1_Epoch22": 7.94529914855957e-05, "Agent2_Epoch22": 8.0108642578125e-05, "Agent3_Epoch22": 7.528066635131836e-05, "Agent4_Epoch22": 7.975101470947266e-05, "Agent0_Epoch23": 5.137920379638672e-05, "Agent1_Epoch23": 5.245208740234375e-05, "Agent2_Epoch23": 5.251169204711914e-05, "Agent3_Epoch23": 5.08427619934082e-05, "Agent4_Epoch23": 5.21540641784668e-05, "Agent0_Epoch24": 3.403425216674805e-05, "Agent1_Epoch24": 3.457069396972656e-05, "Agent2_Epoch24": 3.457069396972656e-05, "Agent3_Epoch24": 3.343820571899414e-05, "Agent4_Epoch24": 3.4928321838378906e-05, "Agent0_Epoch25": 2.2530555725097656e-05, "Agent1_Epoch25": 2.276897430419922e-05, "Agent2_Epoch25": 2.282857894897461e-05, "Agent3_Epoch25": 2.2351741790771484e-05, "Agent4_Epoch25": 2.294778823852539e-05}