{"E1_agent0_norm": 2.183746576309204, "E1_agent1_norm": 2.057340621948242, "E1_agent2_norm": 2.182520866394043, "E1_agent3_norm": 2.277803659439087, "E1_agent4_norm": 1.9844214916229248, "E2_agent0_norm": 0.8227055072784424, "E2_agent1_norm": 1.055041790008545, "E2_agent2_norm": 1.100250482559204, "E2_agent3_norm": 1.0144473314285278, "E2_agent4_norm": 1.3553699254989624, "E3_agent0_norm": 0.5758671760559082, "E3_agent1_norm": 0.4599264860153198, "E3_agent2_norm": 0.5286262631416321, "E3_agent3_norm": 0.47682133316993713, "E3_agent4_norm": 0.5986141562461853, "E4_agent0_norm": 0.47811827063560486, "E4_agent1_norm": 0.31996938586235046, "E4_agent2_norm": 0.3076816201210022, "E4_agent3_norm": 0.3213273584842682, "E4_agent4_norm": 0.3929298520088196, "E5_agent0_norm": 0.30616793036460876, "E5_agent1_norm": 0.22645308077335358, "E5_agent2_norm": 0.2748548984527588, "E5_agent3_norm": 0.24664710462093353, "E5_agent4_norm": 0.2802578806877136, "E6_agent0_norm": 0.3464158773422241, "E6_agent1_norm": 0.18768379092216492, "E6_agent2_norm": 0.1968340128660202, "E6_agent3_norm": 0.18311166763305664, "E6_agent4_norm": 0.20215287804603577, "E7_agent0_norm": 0.294413685798645, "E7_agent1_norm": 0.15511351823806763, "E7_agent2_norm": 0.16044119000434875, "E7_agent3_norm": 0.14129051566123962, "E7_agent4_norm": 0.15949763357639313, "E8_agent0_norm": 0.25629767775535583, "E8_agent1_norm": 0.1299799680709839, "E8_agent2_norm": 0.11958888173103333, "E8_agent3_norm": 0.10400962084531784, "E8_agent4_norm": 0.13804496824741364, "E9_agent0_norm": 0.26358145475387573, "E9_agent1_norm": 0.11814117431640625, "E9_agent2_norm": 0.10866833478212357, "E9_agent3_norm": 0.09482607245445251, "E9_agent4_norm": 0.11609140038490295, "E10_agent0_norm": 0.22996322810649872, "E10_agent1_norm": 0.11215084046125412, "E10_agent2_norm": 0.10840132087469101, "E10_agent3_norm": 0.09859699755907059, "E10_agent4_norm": 0.09621562063694, "E11_agent0_norm": 0.22780320048332214, "E11_agent1_norm": 0.09052489697933197, "E11_agent2_norm": 0.07997805625200272, "E11_agent3_norm": 0.0728563666343689, "E11_agent4_norm": 0.0867503434419632, "E12_agent0_norm": 0.19342179596424103, "E12_agent1_norm": 0.0733381137251854, "E12_agent2_norm": 0.06499806046485901, "E12_agent3_norm": 0.05971315875649452, "E12_agent4_norm": 0.07735220342874527, "E13_agent0_norm": 0.15385675430297852, "E13_agent1_norm": 0.06461410224437714, "E13_agent2_norm": 0.05880848318338394, "E13_agent3_norm": 0.04983094334602356, "E13_agent4_norm": 0.05131977051496506, "E14_agent0_norm": 0.12423380464315414, "E14_agent1_norm": 0.055021390318870544, "E14_agent2_norm": 0.049458131194114685, "E14_agent3_norm": 0.06240176036953926, "E14_agent4_norm": 0.0767127275466919, "E15_agent0_norm": 0.08946122974157333, "E15_agent1_norm": 0.033628351986408234, "E15_agent2_norm": 0.030694734305143356, "E15_agent3_norm": 0.028049401938915253, "E15_agent4_norm": 0.03772208094596863, "E16_agent0_norm": 0.06511442363262177, "E16_agent1_norm": 0.023666879162192345, "E16_agent2_norm": 0.02263125590980053, "E16_agent3_norm": 0.022303558886051178, "E16_agent4_norm": 0.035856958478689194, "E17_agent0_norm": 0.04631819576025009, "E17_agent1_norm": 0.016675561666488647, "E17_agent2_norm": 0.015882259234786034, "E17_agent3_norm": 0.01563926786184311, "E17_agent4_norm": 0.026991168037056923, "E18_agent0_norm": 0.03304874524474144, "E18_agent1_norm": 0.01352518517524004, "E18_agent2_norm": 0.012556806206703186, "E18_agent3_norm": 0.016823867335915565, "E18_agent4_norm": 0.02318977564573288, "E19_agent0_norm": 0.02253691852092743, "E19_agent1_norm": 0.009024268016219139, "E19_agent2_norm": 0.008244762197136879, "E19_agent3_norm": 0.010116120800375938, "E19_agent4_norm": 0.011814204044640064, "E20_agent0_norm": 0.016696365550160408, "E20_agent1_norm": 0.0058968751691281796, "E20_agent2_norm": 0.005548733286559582, "E20_agent3_norm": 0.005064028315246105, "E20_agent4_norm": 0.006653237622231245, "E21_agent0_norm": 0.011059216223657131, "E21_agent1_norm": 0.004450651351362467, "E21_agent2_norm": 0.004507954698055983, "E21_agent3_norm": 0.0076083471067249775, "E21_agent4_norm": 0.005494958255439997, "E22_agent0_norm": 0.008346118032932281, "E22_agent1_norm": 0.002925177337601781, "E22_agent2_norm": 0.0027954066172242165, "E22_agent3_norm": 0.0027676571626216173, "E22_agent4_norm": 0.0036043396685272455, "E23_agent0_norm": 0.006348714232444763, "E23_agent1_norm": 0.0021802454721182585, "E23_agent2_norm": 0.0020196777768433094, "E23_agent3_norm": 0.0018187881214544177, "E23_agent4_norm": 0.0029727774672210217, "E24_agent0_norm": 0.004117731004953384, "E24_agent1_norm": 0.0014618311543017626, "E24_agent2_norm": 0.001400501118041575, "E24_agent3_norm": 0.0018160209292545915, "E24_agent4_norm": 0.003733040764927864, "E25_agent0_norm": 0.0032309088855981827, "E25_agent1_norm": 0.0011095574591308832, "E25_agent2_norm": 0.0010515792528167367, "E25_agent3_norm": 0.0011257078731432557, "E25_agent4_norm": 0.0015920840669423342}