{"Agent0_Epoch1": 0.28939294815063477, "Agent1_Epoch1": 0.2897511124610901, "Agent2_Epoch1": 0.9985861778259277, "Agent3_Epoch1": 0.9964606165885925, "Agent4_Epoch1": 0.9962082505226135, "Agent0_Epoch2": 0.05777615308761597, "Agent1_Epoch2": 0.28705495595932007, "Agent2_Epoch2": 0.3030363917350769, "Agent3_Epoch2": 0.29533839225769043, "Agent4_Epoch2": 0.3192104697227478, "Agent0_Epoch3": 0.03426843881607056, "Agent1_Epoch3": 0.13451296091079712, "Agent2_Epoch3": 0.13590377569198608, "Agent3_Epoch3": 0.13181674480438232, "Agent4_Epoch3": 0.13651323318481445, "Agent0_Epoch4": 0.020626306533813477, "Agent1_Epoch4": 0.06288444995880127, "Agent2_Epoch4": 0.06325560808181763, "Agent3_Epoch4": 0.061600565910339355, "Agent4_Epoch4": 0.06718647480010986, "Agent0_Epoch5": 0.013143658638000488, "Agent1_Epoch5": 0.03185468912124634, "Agent2_Epoch5": 0.032659292221069336, "Agent3_Epoch5": 0.033902525901794434, "Agent4_Epoch5": 0.033676981925964355, "Agent0_Epoch6": 0.008932769298553467, "Agent1_Epoch6": 0.018039226531982422, "Agent2_Epoch6": 0.018298208713531494, "Agent3_Epoch6": 0.01738142967224121, "Agent4_Epoch6": 0.018451809883117676, "Agent0_Epoch7": 0.006395399570465088, "Agent1_Epoch7": 0.011161267757415771, "Agent2_Epoch7": 0.010691940784454346, "Agent3_Epoch7": 0.010212361812591553, "Agent4_Epoch7": 0.011232554912567139, "Agent0_Epoch8": 0.004702448844909668, "Agent1_Epoch8": 0.007332205772399902, "Agent2_Epoch8": 0.007224380970001221, "Agent3_Epoch8": 0.006997168064117432, "Agent4_Epoch8": 0.007654666900634766, "Agent0_Epoch9": 0.003653407096862793, "Agent1_Epoch9": 0.005208075046539307, "Agent2_Epoch9": 0.005126357078552246, "Agent3_Epoch9": 0.004937887191772461, "Agent4_Epoch9": 0.0054302215576171875, "Agent0_Epoch10": 0.002944767475128174, "Agent1_Epoch10": 0.003913998603820801, "Agent2_Epoch10": 0.0036270618438720703, "Agent3_Epoch10": 0.003645181655883789, "Agent4_Epoch10": 0.003973245620727539, "Agent0_Epoch11": 0.002443671226501465, "Agent1_Epoch11": 0.003074169158935547, "Agent2_Epoch11": 0.002778351306915283, "Agent3_Epoch11": 0.0027728676795959473, "Agent4_Epoch11": 0.003425896167755127, "Agent0_Epoch12": 0.002045571804046631, "Agent1_Epoch12": 0.0024628639221191406, "Agent2_Epoch12": 0.0022388100624084473, "Agent3_Epoch12": 0.0015963315963745117, "Agent4_Epoch12": 0.00251615047454834, "Agent0_Epoch13": 0.001570284366607666, "Agent1_Epoch13": 0.0018262863159179688, "Agent2_Epoch13": 0.0017981529235839844, "Agent3_Epoch13": 0.0012129545211791992, "Agent4_Epoch13": 0.0022016167640686035, "Agent0_Epoch14": 0.0012413859367370605, "Agent1_Epoch14": 0.0014044642448425293, "Agent2_Epoch14": 0.0013613104820251465, "Agent3_Epoch14": 0.0009227991104125977, "Agent4_Epoch14": 0.0015841126441955566, "Agent0_Epoch15": 0.0009082555770874023, "Agent1_Epoch15": 0.001004636287689209, "Agent2_Epoch15": 0.0010048747062683105, "Agent3_Epoch15": 0.0008957982063293457, "Agent4_Epoch15": 0.0011551380157470703, "Agent0_Epoch16": 0.0006628036499023438, "Agent1_Epoch16": 0.000719904899597168, "Agent2_Epoch16": 0.0007311105728149414, "Agent3_Epoch16": 0.0006635189056396484, "Agent4_Epoch16": 0.0007826685905456543, "Agent0_Epoch17": 0.0004736781120300293, "Agent1_Epoch17": 0.0005068182945251465, "Agent2_Epoch17": 0.0005013346672058105, "Agent3_Epoch17": 0.0004635453224182129, "Agent4_Epoch17": 0.0005733370780944824, "Agent0_Epoch18": 0.0003319978713989258, "Agent1_Epoch18": 0.0003508329391479492, "Agent2_Epoch18": 0.0003548264503479004, "Agent3_Epoch18": 0.0003039240837097168, "Agent4_Epoch18": 0.0003661513328552246, "Agent0_Epoch19": 0.00022745132446289062, "Agent1_Epoch19": 0.0002378225326538086, "Agent2_Epoch19": 0.00023549795150756836, "Agent3_Epoch19": 0.00023943185806274414, "Agent4_Epoch19": 0.00026166439056396484, "Agent0_Epoch20": 0.00015598535537719727, "Agent1_Epoch20": 0.00016182661056518555, "Agent2_Epoch20": 0.00016480684280395508, "Agent3_Epoch20": 0.00015658140182495117, "Agent4_Epoch20": 0.0001741647720336914, "Agent0_Epoch21": 0.0001062154769897461, "Agent1_Epoch21": 0.0001093745231628418, "Agent2_Epoch21": 0.00010889768600463867, "Agent3_Epoch21": 0.00010699033737182617, "Agent4_Epoch21": 0.00011467933654785156, "Agent0_Epoch22": 7.18832015991211e-05, "Agent1_Epoch22": 7.361173629760742e-05, "Agent2_Epoch22": 7.355213165283203e-05, "Agent3_Epoch22": 6.824731826782227e-05, "Agent4_Epoch22": 7.659196853637695e-05, "Agent0_Epoch23": 4.786252975463867e-05, "Agent1_Epoch23": 4.869699478149414e-05, "Agent2_Epoch23": 4.857778549194336e-05, "Agent3_Epoch23": 4.678964614868164e-05, "Agent4_Epoch23": 4.8220157623291016e-05, "Agent0_Epoch24": 3.147125244140625e-05, "Agent1_Epoch24": 3.2007694244384766e-05, "Agent2_Epoch24": 3.2007694244384766e-05, "Agent3_Epoch24": 3.2007694244384766e-05, "Agent4_Epoch24": 3.248453140258789e-05, "Agent0_Epoch25": 2.092123031616211e-05, "Agent1_Epoch25": 2.1278858184814453e-05, "Agent2_Epoch25": 2.1159648895263672e-05, "Agent3_Epoch25": 2.0503997802734375e-05, "Agent4_Epoch25": 2.2411346435546875e-05}