{"E1_agent0_norm": 2.0648200511932373, "E1_agent1_norm": 2.2424933910369873, "E1_agent2_norm": 2.0895726680755615, "E1_agent3_norm": 1.9997793436050415, "E1_agent4_norm": 2.181259870529175, "E2_agent0_norm": 0.9953613877296448, "E2_agent1_norm": 0.851233959197998, "E2_agent2_norm": 0.9813780188560486, "E2_agent3_norm": 0.9655349254608154, "E2_agent4_norm": 1.1561061143875122, "E3_agent0_norm": 0.6135370135307312, "E3_agent1_norm": 0.6103235483169556, "E3_agent2_norm": 0.7070556282997131, "E3_agent3_norm": 0.5020135641098022, "E3_agent4_norm": 0.6016584634780884, "E4_agent0_norm": 0.48513278365135193, "E4_agent1_norm": 0.38545364141464233, "E4_agent2_norm": 0.39537784457206726, "E4_agent3_norm": 0.4089621901512146, "E4_agent4_norm": 0.4482441246509552, "E5_agent0_norm": 0.31433284282684326, "E5_agent1_norm": 0.26560214161872864, "E5_agent2_norm": 0.2680891752243042, "E5_agent3_norm": 0.23460328578948975, "E5_agent4_norm": 0.3494952917098999, "E6_agent0_norm": 0.32773923873901367, "E6_agent1_norm": 0.20344328880310059, "E6_agent2_norm": 0.22656993567943573, "E6_agent3_norm": 0.16828486323356628, "E6_agent4_norm": 0.21852950751781464, "E7_agent0_norm": 0.31138184666633606, "E7_agent1_norm": 0.15765434503555298, "E7_agent2_norm": 0.15564942359924316, "E7_agent3_norm": 0.1548502892255783, "E7_agent4_norm": 0.2169741988182068, "E8_agent0_norm": 0.2609628140926361, "E8_agent1_norm": 0.11509472876787186, "E8_agent2_norm": 0.13069117069244385, "E8_agent3_norm": 0.11387058347463608, "E8_agent4_norm": 0.12705875933170319, "E9_agent0_norm": 0.2430780678987503, "E9_agent1_norm": 0.09912215918302536, "E9_agent2_norm": 0.09329211711883545, "E9_agent3_norm": 0.08929275721311569, "E9_agent4_norm": 0.11646169424057007, "E10_agent0_norm": 0.2486179620027542, "E10_agent1_norm": 0.0871037170290947, "E10_agent2_norm": 0.08429516851902008, "E10_agent3_norm": 0.07743334025144577, "E10_agent4_norm": 0.11236962676048279, "E11_agent0_norm": 0.21377746760845184, "E11_agent1_norm": 0.07280326634645462, "E11_agent2_norm": 0.06638476997613907, "E11_agent3_norm": 0.05729314312338829, "E11_agent4_norm": 0.06788748502731323, "E12_agent0_norm": 0.1974228024482727, "E12_agent1_norm": 0.07303418219089508, "E12_agent2_norm": 0.06375782936811447, "E12_agent3_norm": 0.05599336326122284, "E12_agent4_norm": 0.07392717152833939, "E13_agent0_norm": 0.17323292791843414, "E13_agent1_norm": 0.06448730826377869, "E13_agent2_norm": 0.05953925475478172, "E13_agent3_norm": 0.07462837547063828, "E13_agent4_norm": 0.10698804259300232, "E14_agent0_norm": 0.1441529542207718, "E14_agent1_norm": 0.04125874489545822, "E14_agent2_norm": 0.04510250315070152, "E14_agent3_norm": 0.03865734487771988, "E14_agent4_norm": 0.06165828928351402, "E15_agent0_norm": 0.09788311272859573, "E15_agent1_norm": 0.02819274552166462, "E15_agent2_norm": 0.029634205624461174, "E15_agent3_norm": 0.026743290945887566, "E15_agent4_norm": 0.049207594245672226, "E16_agent0_norm": 0.0714767575263977, "E16_agent1_norm": 0.023521339520812035, "E16_agent2_norm": 0.02423313818871975, "E16_agent3_norm": 0.02524208463728428, "E16_agent4_norm": 0.04842687398195267, "E17_agent0_norm": 0.05105666071176529, "E17_agent1_norm": 0.015269806608557701, "E17_agent2_norm": 0.017316851764917374, "E17_agent3_norm": 0.014822108671069145, "E17_agent4_norm": 0.02749263495206833, "E18_agent0_norm": 0.03384052962064743, "E18_agent1_norm": 0.010336172766983509, "E18_agent2_norm": 0.010886442847549915, "E18_agent3_norm": 0.010358632542192936, "E18_agent4_norm": 0.01607763022184372, "E19_agent0_norm": 0.027463793754577637, "E19_agent1_norm": 0.009252621792256832, "E19_agent2_norm": 0.009397098794579506, "E19_agent3_norm": 0.011299215257167816, "E19_agent4_norm": 0.022194311022758484, "E20_agent0_norm": 0.0183453056961298, "E20_agent1_norm": 0.005830500274896622, "E20_agent2_norm": 0.006209706887602806, "E20_agent3_norm": 0.005524839274585247, "E20_agent4_norm": 0.007171128410845995, "E21_agent0_norm": 0.012708937749266624, "E21_agent1_norm": 0.0039526536129415035, "E21_agent2_norm": 0.004604328889399767, "E21_agent3_norm": 0.005211814306676388, "E21_agent4_norm": 0.00503150001168251, "E22_agent0_norm": 0.009242397733032703, "E22_agent1_norm": 0.0034454481210559607, "E22_agent2_norm": 0.0033637857995927334, "E22_agent3_norm": 0.0060920328833162785, "E22_agent4_norm": 0.004420810379087925, "E23_agent0_norm": 0.006676276680082083, "E23_agent1_norm": 0.0022175577469170094, "E23_agent2_norm": 0.0022932090796530247, "E23_agent3_norm": 0.0032140971161425114, "E23_agent4_norm": 0.004142738413065672, "E24_agent0_norm": 0.004683679435402155, "E24_agent1_norm": 0.0013637198135256767, "E24_agent2_norm": 0.0015149919781833887, "E24_agent3_norm": 0.001383384456858039, "E24_agent4_norm": 0.001565354410558939, "E25_agent0_norm": 0.0035051233135163784, "E25_agent1_norm": 0.0009719904628582299, "E25_agent2_norm": 0.001113579492084682, "E25_agent3_norm": 0.0012105331989005208, "E25_agent4_norm": 0.0016497536562383175}