{"Agent0_Epoch1": 0.2917221188545227, "Agent1_Epoch1": 0.291864812374115, "Agent2_Epoch1": 0.9991269707679749, "Agent3_Epoch1": 0.9940618872642517, "Agent4_Epoch1": 0.9999717473983765, "Agent0_Epoch2": 0.05893915891647339, "Agent1_Epoch2": 0.29318535327911377, "Agent2_Epoch2": 0.3033292889595032, "Agent3_Epoch2": 0.29803967475891113, "Agent4_Epoch2": 0.3146589994430542, "Agent0_Epoch3": 0.03369641304016113, "Agent1_Epoch3": 0.13215917348861694, "Agent2_Epoch3": 0.13707947731018066, "Agent3_Epoch3": 0.1304662823677063, "Agent4_Epoch3": 0.14385634660720825, "Agent0_Epoch4": 0.020864427089691162, "Agent1_Epoch4": 0.06372201442718506, "Agent2_Epoch4": 0.06480127573013306, "Agent3_Epoch4": 0.06368911266326904, "Agent4_Epoch4": 0.06688463687896729, "Agent0_Epoch5": 0.013247668743133545, "Agent1_Epoch5": 0.03212082386016846, "Agent2_Epoch5": 0.03352499008178711, "Agent3_Epoch5": 0.03162580728530884, "Agent4_Epoch5": 0.033023059368133545, "Agent0_Epoch6": 0.008973300457000732, "Agent1_Epoch6": 0.018140017986297607, "Agent2_Epoch6": 0.018528759479522705, "Agent3_Epoch6": 0.018391728401184082, "Agent4_Epoch6": 0.018967151641845703, "Agent0_Epoch7": 0.006457328796386719, "Agent1_Epoch7": 0.011295020580291748, "Agent2_Epoch7": 0.011726438999176025, "Agent3_Epoch7": 0.011458933353424072, "Agent4_Epoch7": 0.011349797248840332, "Agent0_Epoch8": 0.004848122596740723, "Agent1_Epoch8": 0.007572293281555176, "Agent2_Epoch8": 0.0076239705085754395, "Agent3_Epoch8": 0.007162868976593018, "Agent4_Epoch8": 0.007899940013885498, "Agent0_Epoch9": 0.0038720369338989258, "Agent1_Epoch9": 0.005530238151550293, "Agent2_Epoch9": 0.00563889741897583, "Agent3_Epoch9": 0.005387783050537109, "Agent4_Epoch9": 0.005406320095062256, "Agent0_Epoch10": 0.0031853318214416504, "Agent1_Epoch10": 0.004243135452270508, "Agent2_Epoch10": 0.004314780235290527, "Agent3_Epoch10": 0.003436744213104248, "Agent4_Epoch10": 0.004118144512176514, "Agent0_Epoch11": 0.0026291608810424805, "Agent1_Epoch11": 0.003314375877380371, "Agent2_Epoch11": 0.003346681594848633, "Agent3_Epoch11": 0.003203153610229492, "Agent4_Epoch11": 0.0034522414207458496, "Agent0_Epoch12": 0.0022062063217163086, "Agent1_Epoch12": 0.0026623010635375977, "Agent2_Epoch12": 0.0026710033416748047, "Agent3_Epoch12": 0.0026192665100097656, "Agent4_Epoch12": 0.0028727054595947266, "Agent0_Epoch13": 0.0018485784530639648, "Agent1_Epoch13": 0.0021546483039855957, "Agent2_Epoch13": 0.002157151699066162, "Agent3_Epoch13": 0.002017676830291748, "Agent4_Epoch13": 0.0020008087158203125, "Agent0_Epoch14": 0.001454472541809082, "Agent1_Epoch14": 0.001649022102355957, "Agent2_Epoch14": 0.0016244053840637207, "Agent3_Epoch14": 0.001342475414276123, "Agent4_Epoch14": 0.0018596649169921875, "Agent0_Epoch15": 0.0010985136032104492, "Agent1_Epoch15": 0.001217663288116455, "Agent2_Epoch15": 0.0012159943580627441, "Agent3_Epoch15": 0.0011588335037231445, "Agent4_Epoch15": 0.0012835860252380371, "Agent0_Epoch16": 0.0008087158203125, "Agent1_Epoch16": 0.0008801817893981934, "Agent2_Epoch16": 0.0008823275566101074, "Agent3_Epoch16": 0.0008420944213867188, "Agent4_Epoch16": 0.0009712576866149902, "Agent0_Epoch17": 0.0005831122398376465, "Agent1_Epoch17": 0.0006251931190490723, "Agent2_Epoch17": 0.0006284713745117188, "Agent3_Epoch17": 0.0006042718887329102, "Agent4_Epoch17": 0.0006874203681945801, "Agent0_Epoch18": 0.00041538476943969727, "Agent1_Epoch18": 0.0004398226737976074, "Agent2_Epoch18": 0.00043582916259765625, "Agent3_Epoch18": 0.0004010796546936035, "Agent4_Epoch18": 0.00047916173934936523, "Agent0_Epoch19": 0.00028783082962036133, "Agent1_Epoch19": 0.0003014802932739258, "Agent2_Epoch19": 0.00029903650283813477, "Agent3_Epoch19": 0.00028246641159057617, "Agent4_Epoch19": 0.0003123283386230469, "Agent0_Epoch20": 0.0001964569091796875, "Agent1_Epoch20": 0.0002040863037109375, "Agent2_Epoch20": 0.00020360946655273438, "Agent3_Epoch20": 0.0002002120018005371, "Agent4_Epoch20": 0.00020766258239746094, "Agent0_Epoch21": 0.00013238191604614258, "Agent1_Epoch21": 0.00013655424118041992, "Agent2_Epoch21": 0.00013750791549682617, "Agent3_Epoch21": 0.0001270771026611328, "Agent4_Epoch21": 0.0001398324966430664, "Agent0_Epoch22": 8.845329284667969e-05, "Agent1_Epoch22": 9.059906005859375e-05, "Agent2_Epoch22": 9.08970832824707e-05, "Agent3_Epoch22": 8.910894393920898e-05, "Agent4_Epoch22": 9.250640869140625e-05, "Agent0_Epoch23": 5.900859832763672e-05, "Agent1_Epoch23": 6.03795051574707e-05, "Agent2_Epoch23": 6.085634231567383e-05, "Agent3_Epoch23": 6.026029586791992e-05, "Agent4_Epoch23": 6.216764450073242e-05, "Agent0_Epoch24": 3.921985626220703e-05, "Agent1_Epoch24": 3.975629806518555e-05, "Agent2_Epoch24": 4.00543212890625e-05, "Agent3_Epoch24": 3.898143768310547e-05, "Agent4_Epoch24": 4.214048385620117e-05, "Agent0_Epoch25": 2.6285648345947266e-05, "Agent1_Epoch25": 2.6464462280273438e-05, "Agent2_Epoch25": 2.664327621459961e-05, "Agent3_Epoch25": 2.6047229766845703e-05, "Agent4_Epoch25": 2.7120113372802734e-05}